mmsi,latitude,longitude,sog,cog,true_heading,rate_of_turn,navigation_status,updated,source,classb_flag,ship_name,imo,callsign,length,width,draught,destination,type_and_cargo,eta
219000245,55.9607,11.84536,0,112.4,58,0,5,1780356603,MSSIS,0,SATURN,6604690,OUHO2,0,0,2.6,DKHUN,70,None
256469000,42.195263,41.593925,0.1,80.2,143,0,1,1780356603,MSSIS,0,ENDO OSTRO,9393656,9HA5851,0,0,6.8,GEKUL,80,None
250014107,54.034805,-6.13307,0.1,89.9,220,0,5,1780356603,MSSIS,0,ARKLOW RANGER,9923243,EIA2572,0,0,6.7,IEGRN,79,None
565843000,40.844803,1.8697317,0.4,178.4,239,0,0,1780356603,MSSIS,0,SOPHIA KOSAN,9374557,9VLP6,0,0,6.6,ES TAR,80,None
654070500,20.888042,-17.048306,0,270.9,511,0,0,1780356603,MSSIS,0,FYY95O9,0,5TVC,0,0,0,,30,None
255805640,36.199657,-4.88377,0.9,45.8,163,0,0,1780356603,MSSIS,0,VORTEX,9566289,CQJE,0,0,5,ES ALG,80,None
244153545,51.82718,4.12993,0,360,192,0,0,1780356603,MSSIS,0,AMS60 BERNISSE,0,PF2002,0,0,2.7,HELLEVOETSLUIS,37,None
319166900,39.489475,2.4766634,0,231.7,511,0,5,1780356603,MSSIS,0,THE DEVOCEAN,8653906,ZGIV3,0,0,2.3,PORT ADRIANO MAJORCA,37,None
224115560,36.59186,-6.226568,0,360,511,-731.3865,7,1780356603,MSSIS,0,NUEVO ROSI,0,EA4903,0,0,0,,0,None
319596000,39.558334,2.6303334,0.1,46,88,0,5,1780356603,MSSIS,0,COCOA BEAN,9638757,ZGCN,0,0,4,PALMA,37,None
538002980,28.494726,-15.030993,10.1,39.5,37,0,0,1780356603,MSSIS,0,GENCO HUNTER,9368871,V7NM6,0,0,12.4,DE BRB,70,None
247229150,44.096035,9.858117,0,98,68,0,5,1780356603,MSSIS,0,EIGHT,1008906,IM9162,0,0,2,CALA GALERA,0,None
205789500,44.08037,9.830575,0,217.5,511,0,15,1780356603,MSSIS,0,,0,OS7895,0,0,0,,36,None
230129610,59.660595,18.918581,0,229.3,309,0,5,1780356603,MSSIS,0,SWEET HOPE,0,OH7110,0,0,2.1,STOCKHOLM,37,None
247325100,33.95113,12.692928,0.9,226.8,235,0,0,1780356603,MSSIS,0,IEVOLI GREY,9608788,IBCM,0,0,6.1,LY BOU,99,None
338563148,57.0597,-135.35504,0,168,174,0,15,1780356603,MSSIS,0,FAMILY TIES,0,,0,0,0,,0,None
251194340,66.04621,-23.510103,0,0,511,0,15,1780356603,MSSIS,0,,0,7606,0,0,0,,37,None
247390970,44.097,9.862349,0,360,511,0,15,1780356603,MSSIS,0,,0,IO9963,0,0,0,,37,None
431000127,33.716583,129.77098,13.3,125.4,125,0,0,1780356603,MSSIS,0,EMERALD KARATSU,8731655,JD2398,0,0,4.1,JP KAR,60,None
244106000,50.234066,-0.58781165,10.1,76,78,0,0,1780356603,MSSIS,0,WISLABORG,9505560,PCBQ,0,0,8.5,NOFRK,70,None
211897210,36.53062,-6.3449736,6.9,15.8,511,0,15,1780356603,MSSIS,0,MOANA,0,,0,0,0,,0,None
249752000,35.525593,129.46828,1.5,6.1,257,2.8569784,3,1780356603,MSSIS,0,CLEAN BROWNSVILLEST,9994046,9HA6373,0,0,11,SEA TRIALHHI3435,80,None
255792000,35.547104,-6.538895,13.7,182.4,180,0,0,1780356603,MSSIS,0,MSC MANZANILLO V,9289960,CQME,0,0,11.1,ES CASMA CAS,71,None
265589090,56.174263,15.606805,0,360,511,0,15,1780356603,MSSIS,0,,0,SFC6360,0,0,0,,51,None
228052510,46.20689,-1.3678983,0,360,511,0,15,1780356603,MSSIS,0,,0,FAH7672,0,0,0,,36,None
366951350,41.197777,-70.817,6.8,153.2,511,0,15,1780356603,MSSIS,0,HANNAH BODEN,0,,0,0,0,,0,None
244660019,53.116806,6.0558,0,355.9,511,-731.3865,5,1780356603,MSSIS,0,DE DUBBEL,0,PF6304,0,0,1,,79,None
257892700,59.43629,5.0951533,0,182.7,511,0,15,1780356603,MSSIS,0,,0,LG9145,0,0,0,,53,None
316047969,44.21867,-66.144104,0,360,511,-731.3865,5,1780356603,MSSIS,0,CHEDABUCTO BAY,0,,0,0,1.8,CLARKS HARBOUR,51,None
265010220,56.753567,16.290016,0,360,511,0,15,1780356603,MSSIS,0,,0,SF8931,0,0,0,,37,None
316005971,47.811058,-53.879337,0,311.3,322,0,5,1780356603,MSSIS,0,BEVERLY M I,9084047,CFP2004,0,0,5,YORK HARBOUR NL,99,None
269057076,51.86202,5.982515,8.8,199.1,200,0,0,1780356603,MSSIS,0,AURELIA,0,HE7076,0,0,1.7,AMSTERDAM,69,None
228072050,46.502605,-1.79026,0,360,511,0,15,1780356603,MSSIS,0,,0,FAH9664,0,0,0,,36,None
319213900,43.58836,7.1229734,0,360,511,0,15,1780356603,MSSIS,0,TT ARIENCE,0,,0,0,0,,0,None
211540760,53.54277,9.976985,0,105,292,720.00323,12,1780356603,MSSIS,0,HANSEN SIEN 2,0,DB5180,0,0,2,HAMBURG,79,None
338471259,47.28163,-122.402504,0,64.4,511,0,15,1780356603,MSSIS,0,,0,,0,0,0,,37,None
244003188,51.696663,4.418813,0,102,47,0,5,1780356603,MSSIS,0,TREX,0,PH6901,0,0,0,ROTTERDAM,89,None
368048150,47.608288,-122.209,0,360,511,0,15,1780356603,MSSIS,0,SWEET SUE,0,,0,0,0,,0,None
338235704,31.114374,-81.35857,23,125.3,511,0,15,1780356603,MSSIS,0,,0,,0,0,0,,50,None
244710304,51.92152,4.4991565,0,360,511,-731.3865,5,1780356603,MSSIS,0,LOURINA,0,PB8513,0,0,0,WERKENDAM,0,None
232007488,51.44635,0.74284166,0,55.3,352,0,5,1780356603,MSSIS,0,SVITZER GANGES,9756468,MAW08,0,0,5.8,MEDWAY,52,None
244011634,51.84195,4.659508,0,360,511,-731.3865,0,1780356603,MSSIS,0,MRDHUNTER,0,,0,0,0,,90,None
257075650,67.6591,12.699447,0,360,511,0,15,1780356603,MSSIS,0,,0,LD3755,0,0,0,,40,None
525900050,-6.079282,106.931915,0.1,305,511,-731.3865,1,1780356603,MSSIS,0,MT DIMAS PUTRA 3,9163104,YCWU2,0,0,4,IDJKT,83,None
367563570,48.610325,-123.15457,0.1,66.7,511,0,15,1780356603,MSSIS,0,,0,WDN2464,0,0,0,,37,None
368281710,29.350412,-90.72939,0.2,360,511,0,15,1780356603,MSSIS,0,,0,WDN4518,0,0,0,,30,None
244650939,51.808113,5.4512734,0,360,511,-731.3865,5,1780356603,MSSIS,0,ARTA,0,PD7144,0,0,0,WAALWIJK,79,None
244860961,52.501816,5.4128885,0,360,511,0,15,1780356603,MSSIS,0,MARIE JOSE,0,,0,0,0,,0,None
244235536,51.80959,4.877715,0,360,511,-731.3865,5,1780356603,MSSIS,0,VOLHARDING,0,PA3172,0,0,1.5,,52,None
273393560,36.621746,26.598818,9.1,132.8,134,-0.4017626,0,1780356603,MSSIS,0,TAMARA,9838199,UBBQ7,0,0,0,TR ISK,82,None
368179170,47.58729,-122.66323,0.1,347.7,357,0,15,1780356603,MSSIS,0,,0,WDL9444,0,0,0,,37,None
211472760,53.54506,9.957652,0,286.5,257,0,0,1780356603,MSSIS,0,HARBURG,0,DJ3652,0,0,1.8,HAMBURG,60,None
244740201,51.90071,4.5177684,0,0,511,-731.3865,0,1780356603,MSSIS,0,STRANGER,0,PD6088,0,0,0.4,MOERDIJKH,79,None
244700495,51.81148,4.654975,0,360,511,-731.3865,5,1780356603,MSSIS,0,GEPKE 3,0,PC7570,0,0,0,,52,None
211792170,54.18331,12.09897,0,360,511,0,15,1780356603,MSSIS,0,,0,DF2833,0,0,0,,36,None
352003306,35.117798,129.05278,0,18.5,128,0,5,1780356603,MSSIS,0,EASTERN VENUS,9160011,3E7469,0,0,6.5,KR PUS,64,None
271048402,40.97933,28.893167,0,258.4,511,0,15,1780356603,MSSIS,0,ISTANBUL VI,0,TCA6225,0,0,0,,0,None
265550210,57.618427,11.762564,0,360,511,-731.3865,0,1780356603,MSSIS,0,TANKSKAR,8327105,SHXY,0,0,3,GOTHENBURG,89,None
244726972,51.752598,4.724933,0,298,511,0,15,1780356603,MSSIS,0,ODIN,0,,0,0,0,,0,None
269057650,48.320305,14.205263,12.7,130.1,511,-731.3865,0,1780356603,MSSIS,0,BELVEDERE,0,HE7650,0,0,1.6,PASSAU,69,None
211850510,44.53439,14.465297,0,124.9,511,0,15,1780356603,MSSIS,0,FREEBE,0,,0,0,0,,0,None
368471560,47.726227,-122.6429,0,360,511,0,15,1780356603,MSSIS,0,,0,WDQ9477,0,0,0,,37,None
368084040,37.05585,-88.55009,0,360,141,0,5,1780356603,MSSIS,0,MASON RAY,0,WDK7396,0,0,3.2,US11S30CVL,52,None
205345130,39.42199,-0.31975,0,21.1,21,0,15,1780356603,MSSIS,0,,0,100200,0,0,0,,36,None
525101081,-2.08968,105.129974,4.4,245.8,511,-731.3865,0,1780356603,MSSIS,0,KMPMUNIC XI,9855939,YCEM2,0,0,2.2,TGAPI2TGKALIAN,60,None
378389000,41.210583,1.73059,0,104.6,342,0,5,1780356603,MSSIS,0,ASGARD,0,ZJL9270,0,0,9,LA SPEZIA,36,None
311000965,26.748774,-80.04926,0,254,178,0.4017626,5,1780356603,MSSIS,0,VALERIE,9807281,C6EP7,0,0,1.8,USPBI,37,None
354898000,53.51362,9.9309,0,333,34,0,5,1780356603,MSSIS,0,FLAG MARINA,9384928,3EYR6,0,0,7.3,DE HAM,70,None
311000611,53.348854,-2.9044433,0,342,34,0,5,1780356603,MSSIS,0,KAREWOOD BRAVE,9281516,C6CY8,0,0,4.9,GB GTN,70,None
245042000,53.040115,4.8504667,0,327,511,-731.3865,15,1780356603,MSSIS,0,RIVAL,0,PE8786,0,0,0,,69,None
428045000,32.47269,34.882877,0,360,511,-731.3865,5,1780356603,MSSIS,0,KESARIA,9667916,4XFY,0,0,4.5,HADERA PORT,52,None
205549490,52.4286,4.742715,0,360,511,-731.3865,5,1780356603,MSSIS,0,MONFORD,0,OT5494,0,0,3.7,AMSTERDAM,89,None
563024400,1.2948366,103.937325,0,106.7,175,0,8,1780356603,MSSIS,0,TICO CAPRICORN,9817664,9V5353,0,0,0,,80,None
219034069,55.96563,11.842305,0.1,61.5,511,0,15,1780356604,MSSIS,0,,0,OUQF,0,0,0,,37,None
440324390,34.831276,128.78389,0.1,258,511,-731.3865,0,1780356604,MSSIS,0,KWANG YOUNG,0,301,0,0,0,,0,None
566473000,41.277763,19.406603,0,250.7,185,0,1,1780356604,MSSIS,0,EPIC SULA,9713624,9V2736,0,0,6.6,FOR ORDERS,80,None
224876000,43.731274,-8.941593,18.7,53.6,53,0,0,1780356604,MSSIS,0,LAUDACE,9187318,EAXA,0,0,5.8,FR SNR,70,None
211662900,55.26095,9.73064,0,227.5,511,0,15,1780356604,MSSIS,0,,0,DG6370,0,0,0,,36,None
636023230,22.379608,38.168056,12,326.7,325,0,0,1780356604,MSSIS,0,CL DJIBOUTI,9446180,5LMR3,0,0,9.5,JEDDAH,70,None
268266800,41.259174,1.92342,0,360,511,0,15,1780356604,MSSIS,0,,0,T7DW8,0,0,0,,37,None
245472000,35.922756,-5.3460617,0.3,329.4,225,0,1,1780356604,MSSIS,0,ANTJE K,9198630,PBHS,0,0,4.1,ESALG,70,None
636023971,34.969074,-123.40698,17.4,104.6,105,-0.7142446,0,1780356604,MSSIS,0,HMM DIAMOND,9944481,5LQI4,0,0,14.7,KRPUSUSLAX,70,None
256309000,38.91081,1.4372584,0,244.2,511,0,15,1780356604,MSSIS,0,ALVIUM,0,,0,0,0,,0,None
224296160,42.25687,-8.705835,0,360,511,0,15,1780356604,MSSIS,0,,0,EC2288,0,0,0,,36,None
636024735,21.360043,-19.692997,9.9,22.8,23,0,8,1780356604,MSSIS,0,STAR APUS,9698795,5LUA5,0,0,12.3,ES SCT,70,None
538010480,36.89926,7.7729135,0,346.2,226,0,5,1780356604,MSSIS,0,FEDERAL INTEGRITY,9933066,V7A6100,0,0,6.6,DZAAE,70,None
226136000,40.00513,4.1995,0,236,511,0,15,1780356604,MSSIS,0,,0,FOYW,0,0,0,,36,None
265793270,58.898342,17.95033,0.5,6.6,511,0,15,1780356604,MSSIS,0,,0,SE4461,0,0,0,,37,None
3660489,27.37025,-89.92432,0,63,0,0,5,1780356604,MSSIS,0,NEPTUNE,745081,WQGV318,0,0,25.5,STAY CLEAR 2MILES,99,None
257035540,70.63479,23.667439,0,150.1,130,0,15,1780356604,MSSIS,0,KOVEN,0,LH2491,0,0,2.5,FISHFARMS,79,None
242904000,35.898487,-5.4892716,0,47.3,511,-731.3865,15,1780356604,MSSIS,0,DALIA,9370161,CNA4275,0,0,0,,0,None
251856740,65.684685,-23.599304,0,360,511,0,15,1780356604,MSSIS,0,,0,2990,0,0,0,,30,None
367753860,47.667114,-122.391304,0,223.7,511,-731.3865,5,1780356604,MSSIS,0,SCORPIO,0,WDI9956,0,0,3.1,SEATTLE,37,None
367507070,29.95467,-93.865265,0,81.1,269,0,5,1780356604,MSSIS,0,WOODY RICHERSON,0,WDF9621,0,0,3.1,US072D0X64,31,None
367428170,30.43174,-91.20972,0,294.1,511,-731.3865,0,1780356604,MSSIS,0,CAJUN HUSTLER,0,WDF2447,0,0,3,WORK BR HARBOR,31,None
366869780,48.766853,-122.773964,8.3,313.5,297,-720.00323,0,1780356604,MSSIS,0,GULF WINDS,0,WDK7240,0,0,2.4,KODIAK,30,None
338215148,48.74221,-123.621506,0,360,511,0,15,1780356604,MSSIS,0,,0,,0,0,0,,37,None
367008750,30.172832,-93.31937,0,179.1,8,0,0,1780356604,MSSIS,0,ML CROCHET,101044982,WCW9456,0,0,2.7,CITGO LC,57,None
368409850,33.91721,-78.02798,0.1,328.2,511,0,15,1780356604,MSSIS,0,,0,WDQ2666,0,0,0,,37,None
367375350,28.644648,-96.54955,0,3,179,0,5,1780356604,MSSIS,0,TED,8346424,WDE6064,0,0,0,US0SYK0SSE,52,None
367515290,30.052774,-90.5872,3.8,191,172,-720.00323,12,1780356604,MSSIS,0,LADY OF FATIMA,0,WDG2402,0,0,3.3,XX XXXUS0EZZ,52,None
338242249,32.72656,-117.19969,0,105.2,511,0,15,1780356604,MSSIS,0,LUNA ROSSA,0,,0,0,0,,0,None
316057274,47.55612,-52.711163,0.1,360,511,0,15,1780356604,MSSIS,0,,0,,0,0,0,,52,None
316029396,50.028156,-125.24035,0,206.4,511,0,15,1780356604,MSSIS,0,,0,EAA1,0,0,0,,60,None
316030774,50.044346,-125.262825,0,20.3,511,0,15,1780356604,MSSIS,0,YUKON SPIRIT,0,,0,0,0,,0,None
224198720,18.07392,-67.19053,0,360,511,0,15,1780356604,MSSIS,0,PIROPO I,0,,0,0,0,,0,None
316002777,49.200413,-123.03483,0,360,511,0,15,1780356604,MSSIS,0,,0,,0,0,0,,30,None
316030539,49.46479,-124.7302,0,360,511,0,15,1780356604,MSSIS,0,,0,,0,0,0,,37,None
564369000,7.257925,100.63795,0,0,511,0,15,1780356603,MSSIS,0,,0,9V2412,0,0,0,,52,None
219027520,55.490326,9.728722,0.2,279.9,511,0,15,1780356605,MSSIS,0,VEGA,0,,0,0,0,,0,None
232051435,6.303345,99.849045,0.1,259,351,0,5,1780356603,MSSIS,0,BEAUTE,0,MOLN8,0,0,2.1,LANGKAWI,37,None
341684001,13.12105,100.78396,0,148,253,0,1,1780356603,MSSIS,0,NJ CALLISTO,9497452,V4BO6,0,0,6.1,SRI RACHA,70,None
247273300,43.861656,10.24199,0.1,293.1,157,0,15,1780356605,MSSIS,0,,0,IP2699,0,0,0,,97,None
567002730,9.2657585,99.41977,8.2,28.1,29,-1.1160072,0,1780356603,MSSIS,0,SRI TAHPHET,9858096,HSB7196,0,0,4.8,1BANDON,80,None
567004363,7.8398566,98.41607,0,360,511,-731.3865,0,1780356603,MSSIS,0,TRIPAKEE 2,0,,0,0,0,,70,None
269057835,51.07649,3.7375834,0,360,511,-731.3865,5,1780356605,MSSIS,0,ISIROSTAD,0,OT5292,0,0,3.2,BOTLEK NLBOT,89,None
227904420,46.272083,-2.3750916,7.9,308,511,0,15,1780356605,MSSIS,0,HAWAPI  SOLO SAILOR,0,,0,0,0,,0,None
227445310,46.154705,-1.1520517,0,32.2,511,0,15,1780356605,MSSIS,0,,0,FAD9278,0,0,0,,36,None
244730412,51.31671,4.313928,7.9,323,327,0,0,1780356605,MSSIS,0,ARIES,0,PB9492,0,0,3.5,RODENHUIZENDOK,79,None
227906220,46.288673,-2.4639432,8.1,314,511,0,15,1780356605,MSSIS,0,,0,FAF9202,0,0,0,,36,None
235079903,49.422916,0.23422167,0,360,511,0,15,1780356605,MSSIS,0,,0,2DLB3,0,0,0,,37,None
261016590,54.4329,16.387363,0,0,511,0,15,1780356605,MSSIS,0,,0,SPS2634,0,0,0,,30,None
228233610,38.679264,1.518165,0,360,511,0,15,1780356605,MSSIS,0,,0,,0,0,0,,36,None
255913560,38.692677,-9.416906,0.1,360,511,0,15,1780356605,MSSIS,0,KATERINA XL,0,,0,0,0,,0,None
244260831,43.942295,15.442507,0,0,511,0,15,1780356605,MSSIS,0,,0,PC4771,0,0,0,,37,None
251827110,64.89647,-23.702908,0,299.8,511,0,15,1780356605,MSSIS,0,,0,1834,0,0,0,,30,None
265785770,57.86257,16.677711,0,200.9,511,0,15,1780356605,MSSIS,0,AKKA ETAP 34S,0,,0,0,0,,0,None
219002639,55.68809,12.62272,0,307.2,511,0,15,1780356605,MSSIS,0,,0,5PJS,0,0,0,,52,None
338446919,38.928432,-76.540924,0.1,360,511,0,15,1780356605,MSSIS,0,,0,,0,0,0,,37,None
244005722,53.054893,5.38924,0,360,511,0,15,1780356605,MSSIS,0,DANCING QUEEN,0,,0,0,0,,0,None
368421040,47.795216,-122.49656,0,30.3,130,0,15,1780356605,MSSIS,0,,0,WDQ3922,0,0,0,,37,None
230999110,60.080273,19.933743,0,23.4,511,0,15,1780356605,MSSIS,0,SUBSEA V,0,,0,0,0,,0,None
338487676,26.091726,-80.170654,0,360,511,0,15,1780356605,MSSIS,0,,0,,0,0,0,,37,None
249432000,44.093063,9.865619,0,161.5,511,-731.3865,5,1780356605,MSSIS,0,SPEEDY BEAR IV,1092505,9HC2640,0,0,4,IT LA SPEZIA,37,None
368206640,47.6799,-122.40665,0,35.6,46,0,15,1780356605,MSSIS,0,,0,WDM4461,0,0,0,,36,None
310781000,44.097775,9.859007,0,162.1,243,0,5,1780356605,MSSIS,0,TOUTE SWEET,9865154,ZCEX3,0,0,2.3,IT SPE,37,None
672565000,35.863956,11.895708,0.2,360,511,-731.3865,15,1780356605,MSSIS,0,HADJ SADOK,0,3V4092,0,0,0,,30,None
538009923,37.73271,16.449408,14.7,290.2,293,0,0,1780356605,MSSIS,0,NEPTUNE AVRA,8807155,V7A5346,0,0,6.6,FRMRS,70,None
356151000,54.84964,17.451832,7.1,71.9,73,0,0,1780356605,MSSIS,0,SITULA,9246188,HO8727,0,0,3.2,P SLAWINSKI NAR,33,None
316002105,43.441223,-79.6667,0,360,511,8.749496,15,1780356605,MSSIS,0,OAKVILLE RESCUE,0,VA4293,0,0,0,WESTERN LAKE ONTARIO,51,None
319201300,39.561398,2.6298816,0,185,15,0,5,1780356605,MSSIS,0,MOSKITO,9856749,ZGOA5,0,0,3,ES PMI,37,None
538006842,44.99459,13.24533,12.2,296.1,297,0,0,1780356605,MSSIS,0,SIRENA,9187899,V7RX6,0,0,6,ITFSA,60,None
244740950,52.699493,5.29191,0,0,511,-731.3865,5,1780356605,MSSIS,0,ORION,0,PG4433,0,0,0.2,ENKHUIZEN,69,None
235103265,38.70179,-9.164066,0,360,511,-731.3865,5,1780356605,MSSIS,0,WINDORA,9730634,2HFP8,0,0,2.2,LISBOAALCANTARA,40,None
352002563,24.987595,-16.204605,9.4,20.3,20,0,0,1780356605,MSSIS,0,MAGIC L,9318591,3E2342,0,0,12.8,STADE,79,None
368116140,40.703632,-74.00608,0,227.6,238,0,0,1780356605,MSSIS,0,SIGNS TO LIBERTY,0,,0,0,2,NYCNY,60,None
265520390,59.50201,18.843927,0.1,324.6,69,0,5,1780356605,MSSIS,0,VARMDO,8900945,SMXZ,0,0,1.9,,60,None
338184531,39.361504,-75.88449,0,182.2,511,0,15,1780356605,MSSIS,0,,0,WUZ4212,0,0,0,,37,None
538009790,1.2580833,103.8632,0,133,132,0,1,1780356605,MSSIS,0,CHAKRAVATI,9324071,V7A5166,0,0,6.3,SGSIN,70,None
368442750,26.122095,-80.10741,0,360,511,0,15,1780356605,MSSIS,0,,0,WDQ6326,0,0,0,,37,None
316051181,32.023483,-81.04946,0,360,511,0,15,1780356605,MSSIS,0,REFLECTIONS,0,,0,0,0,,0,None
257144700,59.11798,5.76902,0,206.7,270,0,5,1780356605,MSSIS,0,BOKNAFJORD,9599896,3YQA,0,0,4.5,ARSVAAGENMORTAVIKA,60,None
503000174,-43.050156,147.26912,0.1,317.8,511,0,15,1780356603,MSSIS,0,,0,,0,0,0,,36,None
244123112,51.82421,4.1225367,0,360,511,-731.3865,5,1780356605,MSSIS,0,BELLA VITA,0,PF4827,0,0,1.7,HELLEVOETSLUIS,37,None
269057416,48.229317,16.402494,0,132,319,0,5,1780356605,MSSIS,0,VIKING TOR,0,HE7416,0,0,1.8,BUDAPEST,69,None
265513130,60.738518,17.318264,0.1,307.2,35,0,0,1780356605,MSSIS,0,PILOT 751 SE,0,SGAN,0,0,2,,0,None
538003099,19.63375,67.67399,1.8,61.4,152,0,2,1780356605,MSSIS,0,AL AAMRIYA,9338266,V7OJ3,0,0,9.2,FOR ORDERS,80,None
636019197,36.27157,26.963268,14.6,136.5,135,0,0,1780356605,MSSIS,0,ETE N,9509126,D5TJ9,0,0,0,PORT SAID,79,None
503180530,-42.900795,147.33603,0,360,511,0,15,1780356603,MSSIS,0,,0,64648,0,0,0,,37,None
503010780,-27.868626,153.34814,0,360,511,0,15,1780356604,MSSIS,0,SABA,0,,0,0,0,,0,None
503107060,-19.521423,147.70688,8.1,125.8,511,0,15,1780356604,MSSIS,0,SEABIRD 2,0,,0,0,0,,0,None
503090490,-32.060966,115.739296,0,360,511,0,15,1780356604,MSSIS,0,,0,SEL80Q,0,0,0,,37,None
367146170,29.963022,-93.862236,0,47.8,127,0,12,1780356605,MSSIS,0,KATHY SWANGO,0,WDD4550,0,0,2.4,WEB FLT HOUSTON,57,None
503102980,-20.313932,118.57275,0,0,23,0,15,1780356604,MSSIS,0,,0,,0,0,0,,90,None
258195000,66.36729,12.370898,0,175.4,22,0,5,1780356605,MSSIS,0,INTER FJORD,9807932,3YGJ,0,0,5.8,LOVUNDNS,70,None
548385500,8.601058,124.7214,4.7,169.1,169,0,15,1780356604,MSSIS,0,MTKR DONA FLORENCIA7,0,,0,0,0,,0,None
232043529,57.719727,10.60436,0,75.8,143,0,8,1780356605,MSSIS,0,ARTEMIS,9909857,MMDO4,0,0,5,FISHING GROUNDS,30,None
244730201,51.26692,4.3633566,0,360,511,-731.3865,5,1780356605,MSSIS,0,LISA,0,PB9216,0,0,0,,79,None
244734047,52.336025,5.0682735,0,360,511,0,15,1780356606,MSSIS,0,,0,PF2774,0,0,0,,37,None
368198480,43.82738,-70.0981,0.1,261.4,511,0,15,1780356606,MSSIS,0,MEKDES RUBY,0,,0,0,0,,0,None
538010751,29.416523,-93.61475,0.1,350.7,116,0,1,1780356605,MSSIS,0,NORTH GAS,9943528,V7A7370,0,0,8.7,USNDX,80,None
368444860,30.104834,-93.289856,0,93.1,186,0,12,1780356605,MSSIS,0,ALANA ROSE,0,WDQ6544,0,0,1.8,LAFITTE LA,57,None
503024660,-16.964455,145.79466,0,0,511,-731.3865,9,1780356603,MSSIS,0,YOUNG BLOOD II,0,YJS7342,0,0,2,CAIRNS,37,None
204209550,38.1949,-27.923744,6.5,284.5,511,0,15,1780356606,MSSIS,0,RINQUINHO,0,,0,0,0,,0,None
538009347,14.58161,-17.323532,0,205.8,318,2.187374,1,1780356603,MSSIS,0,YASA ORION,9888340,V7A4622,0,0,10.4,SNDKR,80,None
228242060,43.565834,7.075363,0,360,511,0,15,1780356606,MSSIS,0,CAPHORN,0,,0,0,0,,0,None
636023629,-38.043102,149.48117,13.4,227.5,228,0,0,1780356603,MSSIS,0,RIVIERA,9384019,5LOQ6,0,0,11.3,AU GEX,80,None
227011490,43.27159,6.6375985,0,58.4,236,0,15,1780356606,MSSIS,0,PEGASE,0,,0,0,0,,0,None
503000139,-20.330414,118.578865,0,188,14,0,8,1780356604,MSSIS,0,FMG SPINNER,9822114,VNZ2779,0,0,6.4,PORT HEDLAND,52,None
368010680,15.862732,-61.600124,0.1,42.3,511,0,15,1780356606,MSSIS,0,,0,WDQ4504,0,0,0,,36,None
620480000,41.741577,28.571953,8,147.1,511,-731.3865,0,1780356604,MSSIS,0,YALISSA,7110995,D6A2504,0,0,5.4,NEMRUT,10,None
347004800,14.557707,-61.05064,0,360,511,0,15,1780356606,MSSIS,0,JOHGOR,0,,0,0,0,,0,None
259491000,58.93961,11.169581,0,78.6,80,0,5,1780356606,MSSIS,0,VESLEO II,7922867,LJCU,0,0,2.5,STOMSTADKOSTER,60,None
227589880,18.074078,-63.085308,0.2,360,511,0,15,1780356606,MSSIS,0,EPICURE,0,,0,0,0,,0,None
338250099,40.712486,-73.23878,0,309.3,511,0,15,1780356606,MSSIS,0,PIRATE PARTY,0,,0,0,0,,0,None
227085150,15.865532,-61.592808,0.2,345,511,0,15,1780356606,MSSIS,0,MONOI,0,,0,0,0,,0,None
213577000,42.160072,41.65317,0,310.3,274,0,15,1780356606,MSSIS,0,ICEBERG 2,9957232,4LXO2,0,0,0,,30,None
367753570,33.21005,-117.39728,0,181.3,511,0,15,1780356606,MSSIS,0,,0,WDI9229,0,0,0,,36,None
229630000,37.286236,11.452798,15.2,113.1,112,0,0,1780356606,MSSIS,0,XPRESS MULHACEN,9365960,9HA3465,0,0,7.4,MTMAR,70,None
227888950,14.617587,-61.106766,0,207.4,207,0,15,1780356606,MSSIS,0,,0,FAF7450,0,0,0,,36,None
271050002,36.825397,28.24351,0,0,511,-731.3865,1,1780356604,MSSIS,0,LALIN,0,,0,0,0,,0,None
306993000,17.625631,-63.259827,0.4,254,511,0,15,1780356606,MSSIS,0,,0,PJ6007,0,0,0,,33,None
240517900,37.50022,23.451738,0,253.6,511,-731.3865,5,1780356604,MSSIS,0,EXTRA MILE,0,SVB4211,0,0,0,,107,None
368385830,14.504682,-61.08809,0.2,360,10,0,15,1780356606,MSSIS,0,SELAH,0,,0,0,0,,0,None
506004600,9.990085,98.56853,0,360,511,-731.3865,1,1780356604,MSSIS,0,MVTB,0,XYZN,0,0,4,YGN TO KAW THAUNG,71,None
271010054,39.328705,26.696295,0.1,63.4,511,-731.3865,0,1780356604,MSSIS,0,MF SEDA JALE,8987591,TCA2313,0,0,2,AYVLKMDLI,60,None
228185550,43.096207,5.811597,0,360,511,0,15,1780356606,MSSIS,0,MERCURE,0,,0,0,0,,0,None
271053951,41.23428,31.399376,0,55.5,130,-720.00323,0,1780356605,MSSIS,0,MED LI,1058860,TCA8879,0,0,0,,0,None
316016542,43.6572,-79.30914,0,0,511,0,15,1780356606,MSSIS,0,HAMMERTIME II,0,,0,0,0,,0,None
265063800,36.415318,-5.1580734,0,63,43,0,15,1780356606,MSSIS,0,MARE NOSTRUM,0,,0,0,0,,0,None
271045786,37.33395,27.26205,0.1,358,343,0,0,1780356604,MSSIS,0,VOLARE,0,YMA9391,0,0,0,YALIKAVAK,37,None
271052225,43.97487,28.67966,0.2,211.4,173,-720.00323,3,1780356606,MSSIS,0,ARAS SALVOR,8206961,TCA8024,0,0,5.5,CONSTANTA,52,None
224022720,38.34101,-0.482635,0,360,511,0,15,1780356606,MSSIS,0,,0,EA3046,0,0,0,,36,None
265072000,59.020466,19.572474,13.3,32.9,32,-2.187374,0,1780356606,MSSIS,0,ASTANA,9904053,SABD,0,0,8.8,SE GVX,80,None
247155000,44.345425,8.794468,0.2,24.8,511,-731.3865,3,1780356606,MSSIS,0,PAUL,9005819,ITLP,0,0,4.1,ITGOA,52,None
368320810,47.401634,-122.32996,0,360,511,0,15,1780356606,MSSIS,0,SEDNA,0,,0,0,0,,0,None
265716070,58.209053,11.4216385,0,360,511,0,15,1780356606,MSSIS,0,,0,SE5145,0,0,0,,37,None
255806439,54.364677,18.650698,0,10.3,149,0,5,1780356606,MSSIS,0,MAINTAL,9280677,CQEO4,0,0,3.8,PLGDN,70,None
265615730,59.45641,18.281796,0,198.4,511,0,15,1780356606,MSSIS,0,HANDICAT,0,,0,0,0,,0,None
368215830,37.838078,-122.30988,0,360,511,0,15,1780356606,MSSIS,0,,0,WDM5426,0,0,0,,36,None
251162240,65.97212,-18.528252,0,360,511,-731.3865,0,1780356606,MSSIS,0,GUDMUNDUR ARNAR,0,2560,0,0,0,,60,None
316054479,48.677155,-123.41432,0,75.4,359,0,15,1780356606,MSSIS,0,,0,,0,0,0,,37,None
304927000,51.011456,1.6550183,13,44.4,44,0,0,1780356606,MSSIS,0,BERING,9213595,V2BU1,0,0,5.6,BEGNE,70,None
255991000,38.518036,-8.8777,0,11.8,285,0,5,1780356606,MSSIS,0,SUA,9436276,CRYM,0,0,7,PTSET,79,None
367557310,37.781155,-122.387146,0,0,511,0,15,1780356606,MSSIS,0,,0,WDG6466,0,0,0,,36,None
267132615,49.503147,8.439683,7.7,347.7,511,-731.3865,0,1780356606,MSSIS,0,PRINZESSIN SISI,0,OMZO,0,0,1.7,PASSAU,99,None
601367500,-33.916912,18.445017,0,236.9,41,0,7,1780356606,MSSIS,0,NOMZAMO 1,8704638,ZR5493,0,0,5.6,CAPEOWN,30,None
338238985,48.98704,-122.76994,0,13.3,511,0,15,1780356606,MSSIS,0,TROFAST,0,,0,0,0,,0,None
338465166,27.77967,-82.42416,0,360,511,0,15,1780356606,MSSIS,0,,0,SEA VIZ,0,0,0,,37,None
256964000,43.73669,7.42303,0,146,180,0,5,1780356606,MSSIS,0,NELA,9737682,9HA6043,0,0,2.7,MONACO,37,None
235053142,53.31145,-4.6270866,0,255.5,511,-731.3865,0,1780356606,MSSIS,0,ST DAVID,9351282,MNAA5,0,0,2.6,HOLYHEAD,0,None
368187730,48.629818,-122.95755,0,188.5,511,0,15,1780356606,MSSIS,0,,0,WDM2399,0,0,0,,37,None
244740925,53.52508,9.969334,0,360,511,-731.3865,5,1780356606,MSSIS,0,IBIS V,0,PG9253,0,0,1.6,CUXHAVEN,33,None
368384180,30.717964,-81.55144,0,360,511,0,15,1780356606,MSSIS,0,,0,WDP7699,0,0,0,,37,None
244850975,54.69548,-1.1908133,0,44.5,139,0,5,1780356606,MSSIS,0,DIAN KINGDOM,9660944,PCTG,0,0,4.9,GB HTP,52,None
255915800,57.18059,-2.0293567,0.1,2.9,90,0,1,1780356606,MSSIS,0,ADIYAMAN,9305453,CQ2258,0,0,5.5,GBABD,80,None
244780608,52.374878,4.875748,0,360,511,-731.3865,0,1780356606,MSSIS,0,VALENTIJN,0,PD4597,0,0,1,AMSTERDAM,69,None
316052761,14.468317,-60.86838,0.1,360,511,-731.3865,5,1780356606,MSSIS,0,RELENTLESS V,0,CHA2145,0,0,2,,36,None
319111300,17.0128,-61.77228,0,65.8,66,0,5,1780356606,MSSIS,0,AVIVA,1012957,ZGGI,0,0,3.9,ENGLISH HBR,37,None
211291150,54.113785,12.08895,0,173,511,-731.3865,5,1780356606,MSSIS,0,ADLER IV,7636963,DJCU,0,0,1.6,ROSTOCK,60,None
351639000,50.01082,-1.7148,10.3,71,71,0,0,1780356606,MSSIS,0,PENANG BRIDGE,9470753,3FZD5,0,0,7.2,BEANR,73,None
319341800,43.511936,6.943042,0,360,511,-731.3865,1,1780356606,MSSIS,0,SHINE,1109413,ZGVO,0,0,2.3,CANNES,37,None
224127820,39.44985,-0.30881834,0,163.1,112,0,5,1780356606,MSSIS,0,BAHIA UNO,9312274,ECFT,0,0,5.7,DAILY AT VALENCIA,86,None
244740846,52.382812,4.858928,0,360,511,-731.3865,0,1780356606,MSSIS,0,JOHANNA,0,PD4076,0,0,0,,69,None
244750589,50.7959,5.691028,2.8,182.5,511,-731.3865,0,1780356606,MSSIS,0,SUELO,0,PE3343,0,0,1.8,LIGE,70,None
211471880,54.293022,9.674978,0.1,197.2,511,-731.3865,5,1780356606,MSSIS,0,TMS ANTONIA,0,DJ2869,0,0,1.5,BRUNSBUTTEL OH,89,None
238670640,39.56219,2.6296983,0,290.6,511,-0.7142446,5,1780356606,MSSIS,0,SEVEN,0,9A7215,0,0,1.9,PDM,37,None
563268300,36.879154,-76.35051,0,141.5,348,0,5,1780356606,MSSIS,0,EVER MAGNA,9935399,9V7673,0,0,12.5,US NYCUS ORF,74,None
636024995,37.146538,3.5652966,12.9,257.7,257,-0.7142446,0,1780356606,MSSIS,0,SHAN,9352688,5LVH6,0,0,6.7,DZORN,70,None
235076722,52.097042,4.2681284,0,240.2,511,-731.3865,0,1780356606,MSSIS,0,CONDOR,916463,2CYC8,0,0,1.2,SCHEVENINGEN,40,None
265045290,58.78076,11.220928,0,360,511,-731.3865,5,1780356606,MSSIS,0,PARLAN,0,SFE4141,0,0,0,,37,None
369493416,43.681087,-124.17788,0,19.1,511,7.5442085,5,1780356606,MSSIS,0,CG47296,0,,0,0,1.4,,51,None
224234720,36.660484,-4.38545,0.2,64.1,511,-731.3865,15,1780356606,MSSIS,0,NUEVO GEMELOS,0,EA5002,0,0,2,,30,None
205568490,51.110077,4.300295,0,360,511,-731.3865,5,1780356606,MSSIS,0,LEIEDAM,0,OT5684,0,0,2.5,NIEL,79,None
248998000,51.332184,3.1932,0,282.9,13,0,5,1780356606,MSSIS,0,LISMORE,9848467,9HA4907,0,0,5.3,BEZEEGBTIL,79,None
367002060,30.041101,-93.73577,4.2,218.7,511,-731.3865,0,1780356606,MSSIS,0,MISS KERRILYN,0,WDC3054,0,0,2.4,AMILEA,52,None
367434020,33.926643,-78.12737,0,356.8,295,0,0,1780356606,MSSIS,0,BJOYCE,0,WDH2127,0,0,2.1,SOUTHPORT NC,37,None
352003070,28.936794,-95.33386,0,40.9,124,0,5,1780356606,MSSIS,0,GLOBE FRONTIER,9944986,3E6619,0,0,7.7,USFPO,80,None
671336100,36.984703,15.543636,7.9,353.7,357,0,0,1780356607,MSSIS,0,ANAKIN,7422544,5VIK5,0,0,4.5,ORDER,70,None
250006606,53.2974,-6.1368284,0,360,511,0,15,1780356607,MSSIS,0,ROCINANTE,0,,0,0,0,,0,None
247000300,37.305866,12.141668,10.6,17.9,16,0,0,1780356607,MSSIS,0,PIETRO NOVELLI,7717339,IOTQ,0,0,3.6,ITTPS,61,None
671274100,41.271576,19.418583,0.2,213.8,200,0,1,1780356607,MSSIS,0,KORMORAN,9100061,5VIA7,0,0,6.5,AL DRZ,70,None
352978206,35.471405,139.6901,0,161.2,244,0,5,1780356607,MSSIS,0,WB PROSPECT,9303405,3E2436,0,0,5.5,PG LAE,70,None
368235420,32.717182,-117.228645,0,360,511,0,15,1780356607,MSSIS,0,,0,WDM7584,0,0,0,,37,None
563019050,1.3656317,104.04327,5.7,305.6,511,-731.3865,8,1780356607,MSSIS,0,BINA MARINE 71,9631931,9V9487,0,0,2.4,CHANGIIMM SINGAPORE,80,None
255915906,43.47924,-8.253992,0,340.6,258,0,5,1780356607,MSSIS,0,ANZORAS,9397664,CQ2364,0,0,6.1,ES FRO,70,None
238680040,42.474842,18.09391,2.9,295.5,511,-731.3865,7,1780356607,MSSIS,0,MUCHO,0,9A5269,0,0,3.4,OTVORENO MORE,30,None
338542989,48.10652,-122.77877,0,360,229,0,15,1780356607,MSSIS,0,,0,,0,0,0,,60,None
366605190,45.601353,-122.652245,0,7.6,511,0,15,1780356607,MSSIS,0,MONKEY BAR,0,,0,0,0,,0,None
338486449,38.979645,-76.33078,0,360,511,0,15,1780356607,MSSIS,0,,0,,0,0,0,,37,None
368255820,48.556667,-122.87275,0,360,511,0,15,1780356607,MSSIS,0,,0,,0,0,0,,37,None
251792540,64.771126,-23.619602,0,153.9,511,0,15,1780356607,MSSIS,0,,0,6223,0,0,0,,30,None
368433020,48.993336,-122.75541,0.1,360,511,0,15,1780356607,MSSIS,0,,0,WDQ5258,0,0,0,,37,None
367359070,41.63669,-70.90729,0,198.3,511,0,15,1780356607,MSSIS,0,,0,WDE4880,0,0,0,,30,None
244620634,52.406425,4.6690516,0,360,511,0,15,1780356607,MSSIS,0,,0,PF8784,0,0,0,,37,None
316037111,49.19886,-122.91197,9.5,235.1,511,0,15,1780356607,MSSIS,0,,0,,0,0,0,,60,None
265520410,59.40216,18.355917,0,54.9,265,0,15,1780356607,MSSIS,0,VIBERO,9048885,SCRX,0,0,1.7,,60,None
244023018,52.580708,5.759635,0,32.4,511,0,15,1780356607,MSSIS,0,,0,PI2959,0,0,0,,37,None
257089360,63.120876,7.72926,0,360,270,0,15,1780356607,MSSIS,0,JOHN SENIOR,0,,0,0,0,,0,None
265609500,59.33147,18.080063,0,360,328,0,0,1780356607,MSSIS,0,OSTANA 1,0,SHND,0,0,2.7,,69,None
266068000,57.645233,11.8586,0,166.9,285,0,0,1780356607,MSSIS,0,GRACE,8967395,SLBQ,0,0,4.2,,30,None
244278000,53.435226,5.7180066,0,141.8,511,0,15,1780356607,MSSIS,0,,0,PBKK,0,0,0,,51,None
211101000,54.65166,8.429949,0,79.6,175,0,0,1780356607,MSSIS,0,ROYAL FRYSK,928409900,DCZY,0,0,1,FISHING GROUNDS,30,None
273335920,55.59736,17.7711,9.9,58.1,58,0,0,1780356607,MSSIS,0,GENERAL SKOBELEV,9503304,UBKF8,0,0,4.2,RU LED,0,None
367398450,41.88851,-87.60596,0,0,511,-731.3865,0,1780356607,MSSIS,0,LITTLE LADY,101079694,WCZ2897,0,0,1,USCHIUS,60,None
367088130,29.791082,-92.14213,6.7,21.6,511,-731.3865,0,1780356607,MSSIS,0,OYSTER BAYOU,7207853,WZN2179,0,0,3.5,ABBEVILLE LA,30,None
367361210,29.967802,-93.85996,0,162.7,333,0,12,1780356607,MSSIS,0,SAN AUSTIN,0,,0,0,3,US0SP20QFY,57,None
366950140,48.99245,-122.761696,0,264.6,511,-731.3865,15,1780356607,MSSIS,0,SHELLFISH,7308774,WDK2838,0,0,0,BLAINEWA,30,None
368025630,33.80145,-78.74772,0,341.1,246,0,5,1780356607,MSSIS,0,N76,0,WDJ9390,0,0,2.4,NORTH MYRTLE SC,37,None
366914820,28.874874,-91.046814,14.6,80.1,511,-731.3865,0,1780356607,MSSIS,0,GOL MAKER,0,WDP2330,0,0,0,RUN FIELD,69,None
319167900,51.059204,-127.50366,0,360,181,720.00323,0,1780356607,MSSIS,0,MV ATLANTIS,0,ZGIT2,0,0,2.4,CA VIC,37,None
305979000,44.232082,-61.95031,12.7,249,247,0,0,1780356607,MSSIS,0,BAKKAFOSS,9429194,V2GK9,0,0,8,ISREYUSPWM,71,None
244660537,53.358906,7.205385,0,305.7,511,-731.3865,15,1780356607,MSSIS,0,LEDA,0,PF3470,0,0,0,EMDEN,52,None
245425000,51.890667,4.45235,0.1,351,105,0,0,1780356607,MSSIS,0,VB EBRO,9476408,PDIO,0,0,4.8,HARBOUR TUG,52,None
219026318,52.537487,4.3585534,3.2,143.8,127,0,0,1780356607,MSSIS,0,STELLA NOVA,9741164,OYQN,0,0,6.5,FISHING KEEP 05NM,30,None
368440140,38.695004,-76.16778,0,360,511,0,15,1780356607,MSSIS,0,TANDEM TWO,0,,0,0,0,,0,None
211539770,52.492622,13.468122,0,360,511,-731.3865,0,1780356607,MSSIS,0,BAERLINER,0,DB4374,0,0,0,KOEPENICK,69,None
244750694,51.976982,4.125215,0,264.3,511,-731.3865,0,1780356607,MSSIS,0,VEERWEL,0,PD5704,0,0,1.6,,60,None
244690778,52.331585,5.219935,0,360,511,0,15,1780356607,MSSIS,0,,0,PB5238,0,0,0,,37,None
211805530,51.82944,4.66641,0,360,511,-731.3865,5,1780356607,MSSIS,0,TILO DEYMANN,0,DH 2580,0,0,2.1,KEHLL,99,None
319564000,43.736725,7.4239635,0,52.9,175,-1.1160072,5,1780356607,MSSIS,0,ASYA,1012440,ZGEO6,0,0,2.9,MONACO,37,None
244003205,51.720047,4.4183583,0.1,360,511,0,15,1780356607,MSSIS,0,ROXY,0,,0,0,0,,0,None
244870223,52.38281,4.858667,0.1,360,511,-731.3865,0,1780356607,MSSIS,0,KONING,0,PE8093,0,0,0,,69,None
228305920,50.604683,1.2976667,7.9,35.6,36,0,15,1780356607,MSSIS,0,VITAMINE SEA,0,,0,0,0,,0,None
228119240,43.171864,6.538995,0,360,511,0,15,1780356607,MSSIS,0,,0,FAJ6357,0,0,0,,36,None
227239490,43.5189,4.1344686,0,0,511,0,15,1780356607,MSSIS,0,,0,FAB7927,0,0,0,,36,None
227939240,43.554012,4.0808983,0.1,103.9,511,0,15,1780356607,MSSIS,0,,0,FAG4369,0,0,0,,36,None
244780453,52.397503,4.8811984,0,360,511,-731.3865,15,1780356607,MSSIS,0,ACTIEF,0,PF8400,0,0,1.2,ZAANDAM,89,None
219023811,54.833652,11.120998,0,360,511,0,15,1780356607,MSSIS,0,,0,XPC4102,0,0,0,,37,None
227122520,43.519466,4.133915,0,0,511,0,15,1780356607,MSSIS,0,,0,FAA4399,0,0,0,,37,None
205555000,53.53457,9.974928,0,290,55,0,5,1780356607,MSSIS,0,DHAMRA,9531038,ORPM,0,0,3.7,DREDGING ELBE,33,None
525200422,-2.4069283,104.92231,0,360,511,-731.3865,11,1780356607,MSSIS,0,LEO POWER 2219,0,YDB3015,0,0,2.8,TANJUNG PINANG,52,None
240726100,37.941536,23.668993,0,360,511,-731.3865,5,1780356607,MSSIS,0,MENANGIO X,1138804,SVB5504,0,0,0,,69,None
232050147,34.66959,33.041286,0,360,511,0,15,1780356607,MSSIS,0,LADY LUCK 2,0,,0,0,0,,0,None
244620947,51.826847,4.9142284,7.8,75.9,511,-731.3865,0,1780356607,MSSIS,0,VEERHAVEN X,0,PD5996,0,0,2.4,SCHWELGERN,79,None
368232150,12.04347,-61.74735,0,191,191,0,15,1780356607,MSSIS,0,,0,WDP9378,0,0,0,,37,None
244070229,51.823406,4.12122,0,360,511,0,15,1780356607,MSSIS,0,,0,PA3839,0,0,0,,37,None
266009000,49.469543,0.538125,0,17.7,141,0.17856115,5,1780356607,MSSIS,0,BITFLOWER,9263930,SBJE,0,0,4.4,NO GIK  FR PJE,89,None
257792890,59.488167,10.319351,0,360,511,0,15,1780356607,MSSIS,0,,0,LI3483,0,0,0,,37,None
244924160,52.06682,5.16004,0,360,511,-731.3865,4,1780356607,MSSIS,0,VIPER,0,PD8876,0,0,0.6,,69,None
255806394,53.503357,8.585406,0,139.9,170,0,5,1780356607,MSSIS,0,OCEAN VICTORY,9868869,CQEI7,0,0,5.3,DE BRV,60,None
368237380,37.27938,23.110811,0,360,511,0,15,1780356607,MSSIS,0,,0,WDM7802,0,0,0,,36,None
235081002,52.65983,5.6008034,0,285.7,156,0,0,1780356607,MSSIS,0,ORION,0,2DPQ7,0,0,1.2,CREWTENDER,40,None
257472440,60.38022,5.3427,0,360,511,0,15,1780356607,MSSIS,0,CLARA,0,,0,0,0,,0,None
525601442,-2.0859218,104.94096,0,360,511,-731.3865,13,1780356607,MSSIS,0,FC PACIFIC MOON III,0,YDGH3,0,0,3.3,PALEMBANG,90,None
244090404,51.96993,5.811772,0,360,511,-731.3865,5,1780356607,MSSIS,0,PRINS 6,0,PD8551,0,0,1.5,,33,None
319238200,12.051597,-61.756344,0,199,125,0,5,1780356607,MSSIS,0,DAWN,9756298,ZGQI3,0,0,4.9,SLU VIEUX FORT,90,None
636022079,36.0917,-6.298977,0.1,123,104,0,1,1780356607,MSSIS,0,BEGONIA,9445540,5LHB8,0,0,8.6,FRDKK,70,None
247503500,43.35302,5.3194017,0,137.5,130,0,5,1780356607,MSSIS,0,EXPLORA III,9869899,IL9945,0,0,6.6,MARSIGLIA,69,None
211224720,54.309464,9.67322,0,58.1,511,-731.3865,5,1780356607,MSSIS,0,KORMORAN,0,DBYZ,0,0,1.5,RENDSBURG,90,None
257063800,62.209347,6.4774265,0,231.1,511,-731.3865,0,1780356607,MSSIS,0,HJORUNDFJORD,0,LMUE,0,0,0,,60,None
477997251,22.315744,114.15131,7.3,347.2,343,-720.00323,5,1780356607,MSSIS,0,XIN MING ZHU XIII,1081178,VRS6497,0,0,1.5,NAN SHA,40,None
211760980,49.309772,8.460263,0,360,511,-731.3865,0,1780356607,MSSIS,0,EXPERIMENTA,0,DJ7305,0,0,1.4,DEPAS03903CITYX22326,99,None
244770946,52.88737,5.360465,0,360,511,-731.3865,5,1780356607,MSSIS,0,JACANA,0,PA6881,0,0,1,STAVOREN,37,None
244250729,52.63922,4.758085,0,360,511,-731.3865,5,1780356607,MSSIS,0,DE FRIESCHE POORT,0,PG4840,0,0,0,ALKMAAR,69,None
269057131,49.65975,8.369675,7.7,338.6,511,-731.3865,0,1780356607,MSSIS,0,CYNTHIA,0,HE7131,0,0,2.9,KOBLENZ,80,None
228396600,47.284203,-2.1995416,0,231.4,193,0,5,1780356607,MSSIS,0,ALMA KAPPA,9467500,FMNC,0,0,4,NOY OWF,52,None
357690000,44.416813,8.838502,0,360,511,-731.3865,5,1780356607,MSSIS,0,DARNICE III,0,H04428,0,0,3.2,GENOVA ITA,37,None
11588490,52.44124,13.764113,0,0,511,-731.3865,0,1780356607,MSSIS,0,ERKNER,0,DC6261,0,0,0.2,DIENSTFAHRT,99,None
219096000,-34.580475,-58.367325,0,271.7,86,0,5,1780356607,MSSIS,0,SAN LORENZO MAERSK,9622227,OXOF2,0,0,9.9,BRIOA  ARBUE,71,None
244605000,52.660625,5.594195,0,263,184,0,7,1780356607,MSSIS,0,UK146 ALBERT,8432534,PCGN,0,0,0,URK,30,None
244437019,53.21463,6.5512667,0,360,511,-731.3865,5,1780356607,MSSIS,0,UUT DE PIETE,0,PE2429,0,0,1,HOENDIEP,37,None
1110004,20.86286,120.84446,0.4,335,335,0,15,1780356606,MSSIS,0,LONGLINE BUOY 0450,0,,0,0,0,,0,None
244030881,52.019943,6.1316667,0,294.6,211,0,0,1780356607,MSSIS,0,RWS 80,0,PC7317,0,0,1.3,DOESBURG,55,None
563076900,52.412563,4.772735,0.1,355.3,343,0,5,1780356607,MSSIS,0,CEMTEX DILIGENCE,9820673,9V8672,0,0,12.8,NLAMS,70,None
245895000,54.107418,12.105005,0,253.3,511,-731.3865,5,1780356607,MSSIS,0,ALBERT JOHANNES,5154959,PCKB,0,0,1.5,ROSTOCK,36,None
477464400,-33.963715,151.19986,0,69.8,168,0,5,1780356607,MSSIS,0,COSCO ISTANBUL,9484340,VRKY2,0,0,11.2,AU SYD,71,None
244110864,52.36189,4.882605,0,360,511,-731.3865,0,1780356607,MSSIS,0,AMSTEL JADE,0,PH6115,0,0,1.6,AMSTERDAM,0,None
244700719,52.47068,4.8121133,0,262.6,511,-731.3865,5,1780356607,MSSIS,0,SEMPERSPERA,0,PE3033,0,0,2,VLAARDINGEN,79,None
428000112,32.4726,34.88375,0,146.2,266,0,0,1780356607,MSSIS,0,MAORA 1,9132583,4XFR,0,0,4.3,HADERA PORT,52,None
230983050,60.165646,24.953823,0,190,12,0,0,1780356607,MSSIS,0,SPARK,912974400,OG9923,0,0,2,TURKU,33,None
244830139,51.7845,5.095235,0,360,511,-731.3865,1,1780356607,MSSIS,0,DONGEOORD,0,PD3968,0,0,0,,33,None
244780366,51.91184,4.3453918,0,0,511,-731.3865,5,1780356607,MSSIS,0,CORNELIA,0,PF9229,0,0,0.2,VLAARDINGEN,37,None
244870140,52.41027,4.795708,0,360,511,-731.3865,5,1780356607,MSSIS,0,SOMTRANS VI,0,PD8156,0,0,1.6,ANTWERPEN,89,None
244750849,52.042404,5.1001515,0,0,511,-731.3865,0,1780356607,MSSIS,0,VLOTBURG,0,PD6919,0,0,0.2,NIEUWEGEIN,0,None
352754000,37.024975,27.419355,0,58.3,67,0,15,1780356605,MSSIS,0,TATIANA,0,HO4588,0,0,0,,37,None
341613001,38.9554,20.755335,0.1,360,511,-731.3865,0,1780356605,MSSIS,0,IMPETUOUS,0,V4YV5,0,0,1.8,PREVEZA,37,None
538010297,39.97999,26.005774,8.3,44.9,49,0,0,1780356605,MSSIS,0,PRESINGE,9715452,V7A5859,0,0,0,RO SULINA,79,None
567075400,7.345023,100.68811,8.8,226.2,225,-720.00323,0,1780356605,MSSIS,0,PONPATTRA,8537281,HSB9777,0,0,4.4,SONGKHLA,80,None
627257000,5.6248984,0.0050433334,0,0,511,-731.3865,5,1780356606,MSSIS,0,JOSEPHINE ASANTE,9872822,9GA12,0,0,0,,52,None
271053959,42.8695,31.353834,0.1,237,300,0,3,1780356606,MSSIS,0,YILDIRIM,9705469,TCA8881,0,0,16.9,TURKALI 16K,90,None
636024546,20.179827,121.08302,10.9,27.6,42,-0.044640288,0,1780356606,MSSIS,0,PAN UNIVERSAL,9736731,5LTC9,0,0,17.7,KRYOS,70,None
503000630,-37.860653,144.90663,0.1,360,511,0,15,1780356607,MSSIS,0,,0,VJN4759,0,0,0,,37,None
503070190,-27.748346,153.43753,2.8,345.2,511,0,15,1780356607,MSSIS,0,,0,ONE DAY,0,0,0,,36,None
503563000,-42.88237,147.336,0,274,298,0,5,1780356607,MSSIS,0,YANDEYARRA,9487134,VNW6113,0,0,5.4,HOBART MAC 1,52,None
271002477,39.070766,26.886112,0,187,90,0,5,1780356606,MSSIS,0,IDO DICLE,8607945,TCAC8,0,0,1.3,DIKILI,40,None
538009291,12.203653,100.67823,0.1,169.3,269,0,1,1780356606,MSSIS,0,FIVOS,9611008,V7A4553,0,0,7.1,TH LCH,70,None
275564000,33.32129,13.080765,11.6,342,341,0,0,1780356606,MSSIS,0,ODYSSEY,9252773,YLSUAMT,0,0,7.9,TNSUS,79,None
511101041,36.390972,19.365221,10.9,270.3,270,0,0,1780356606,MSSIS,0,K HAK,9532848,T8A4272,0,0,8.4,ES SAG,70,None
227401140,7.8178735,98.34981,0.1,248.7,511,0,15,1780356606,MSSIS,0,,0,FAD5169,0,0,0,,37,None
419002108,18.291151,39.948544,13,327.6,330,0,0,1780356606,MSSIS,0,LILA JAMNAGAR,9294575,ATGX2,0,0,11,YANBU,80,None
440361000,51.404545,3.1866968,14.5,81.2,81,-0.044640288,0,1780356608,MSSIS,0,HMM STOCKHOLM,9868352,D7JP,0,0,15.5,BEANR,70,None
305918000,51.299026,4.2717667,0,120.3,127,-0.044640288,0,1780356608,MSSIS,0,FAIRPLAY23,9148776,V2HV2,0,0,4.2,BEANR,52,None
256375000,52.10087,4.268175,0,45.7,41,0,5,1780356608,MSSIS,0,LOGOS HOPE,7302914,9HA2851,0,0,5.3,SCHEVENINGEN,69,None
244862915,51.463104,3.7031267,0,239.8,511,-731.3865,0,1780356608,MSSIS,0,VD GRAAF SR,0,PH8240,0,0,1.5,TERNEUZEN,92,None
258383500,63.798374,8.6801815,0,360,511,0,15,1780356608,MSSIS,0,SMALOY,0,,0,0,0,,0,None
305773000,55.471058,15.812595,15.7,269.9,270,0,0,1780356608,MSSIS,0,VOHBURG,9287807,V2OW7,0,0,6.4,NOOSL,70,None
368404370,38.97521,-76.485016,0,360,511,0,15,1780356608,MSSIS,0,NOELANI,0,,0,0,0,,0,None
215057000,35.255592,13.022385,11.9,177.3,177,0,0,1780356608,MSSIS,0,VALCADORE,9384112,9HA4939,0,0,9.9,LY ZAW,89,None
271051859,36.849792,28.279766,0,360,511,0,15,1780356608,MSSIS,0,FENI,0,,0,0,0,,0,None
259040330,61.57706,5.2365317,0,5.9,308,1.6070504,5,1780356608,MSSIS,0,HOYDALSFJORD,0,LH5696,0,0,0,,99,None
316038116,44.321903,-76.16604,0,360,511,0,15,1780356608,MSSIS,0,ATTES0,0,,0,0,0,,0,None
271046596,40.98014,28.89433,0.1,0,511,0,15,1780356608,MSSIS,0,,0,TCA5372,0,0,0,,53,None
257066090,59.834084,10.476722,0,360,511,0,15,1780356608,MSSIS,0,ZEPHYR,0,,0,0,0,,0,None
225019320,28.477516,-16.242147,0,360,511,0,15,1780356608,MSSIS,0,,0,,0,0,0,,50,None
205578490,51.641693,4.724467,5.3,254.1,511,-731.3865,0,1780356608,MSSIS,0,OLIVIA,0,,0,0,14,,79,None
244591000,52.959282,4.7826533,0.1,118.8,65,0,3,1780356608,MSSIS,0,HNLMS ZIERIKZEE,0,PAEM,0,0,0,,35,None
245023000,51.818775,4.8765316,0,94.7,267,0,5,1780356608,MSSIS,0,SCHELDESTROOM,8434180,PHJG,0,0,2.3,HARDINXVELD,52,None
244103100,51.897453,4.420913,0,360,511,-731.3865,5,1780356608,MSSIS,0,MSTX 31,0,PB3349,0,0,0.5,NOORDZUID,69,None
235060142,57.144005,-2.0795584,0,26.8,289,0,0,1780356608,MSSIS,0,SEA HAVEN,0,2AJG2,0,0,0,ABERDEEN,50,None
431800699,34.8224,136.76984,11.5,126,123,-720.00323,0,1780356608,MSSIS,0,SHOKENMARU,9375458,JD2179,0,0,6.4,JP TXN CENTRAIR 2,80,None
244057049,51.501434,4.18889,0,265.9,117,-2.8569784,5,1780356608,MSSIS,0,BRUTE,0,PF7903,0,0,1.6,OESTERDAM,37,None
258289500,63.553226,10.22332,0,240.9,236,0,5,1780356608,MSSIS,0,FJORDGLIMT,9510242,LEGL,0,0,2,TRONDHEIMVANVIKAN,40,None
538007928,65.51637,7.2030115,102.3,360,225,0,1,1780356608,MSSIS,0,TRANSOCEAN NORGE,9659309,V7ZG9,0,0,23.5,DVALIN N,99,None
9,25.099422,62.376797,0.2,0,511,-731.3865,0,1780356608,MSSIS,0,SPA,7788,100200,0,0,0,JZ T,0,None
563022170,1.3167917,104.09532,2.9,295.6,511,-731.3865,0,1780356608,MSSIS,0,SEA WIN I,9670212,9V7239,0,0,3,SINGAPORE,112,None
533133151,1.2760717,103.59238,0.1,218.6,167,-0.7142446,0,1780356608,MSSIS,0,ASPIRE,9799666,9M3646,0,0,6,MYPTP,90,None
636024127,35.89402,-6.6073666,11.2,89.9,92,0,0,1780356608,MSSIS,0,CL FOSHAN,1021893,5LRC7,0,0,13.2,GI GIB,70,None
636013001,36.70479,-1.7856033,10.1,227.9,228,-0.4017626,0,1780356608,MSSIS,0,MSC KILIMANJARO IV,9318175,A8JX3,0,0,10.5,PTSIE,74,None
265064950,59.33079,18.078165,0,232.5,220,0,7,1780356608,MSSIS,0,NINA,0,SBDO,0,0,2,NYBROPLANROPSTEN,69,None
211200250,53.994354,11.44512,0,360,511,0,15,1780356608,MSSIS,0,MALENI,0,,0,0,0,,0,None
316014340,50.23717,-63.614086,0,182.6,99,0,5,1780356608,MSSIS,0,FERBEC,9259848,CFEU,0,0,7.4,HAVRE STPIERRE,70,None
241592000,47.4541,-70.27001,15.7,73.1,72,0,0,1780356608,MSSIS,0,CAP PEMBROKE,9817119,SVCZ6,0,0,10.3,USCRP,80,None
338445336,25.82966,-80.12257,0.3,360,511,0,15,1780356608,MSSIS,0,GRATEFUL,0,,0,0,0,,0,None
251073110,65.82517,-20.313206,0,293.9,185,0,0,1780356608,MSSIS,0,VON,0,2733,0,0,0,,30,None
367500410,28.764414,-95.63117,6,253.6,254,0,12,1780356608,MSSIS,0,RICHARD J DEVALL,0,WDF8965,0,0,2.3,US0STX0YK9,31,None
247351400,44.10976,9.836812,0,6.9,6,0,8,1780356609,MSSIS,0,CALABRIA,9695535,IJHD2,0,0,5.4,LA SPEZIA,52,None
219558000,54.451054,18.870377,0,276,349,0,1,1780356609,MSSIS,0,HAPPY PEREGRINE,9553660,OWWQ2,0,0,8.3,PLGDN,84,None
268252204,35.932877,0.073251665,0,169.4,144,0,5,1780356609,MSSIS,0,LADY DIVINA,9354052,T7DI4,0,0,8.2,DZ MOS,70,None
255917301,30.335857,-13.899702,5.9,23.2,26,-1.1160072,0,1780356609,MSSIS,0,RS ONZA,1015674,CQ2930,0,0,6.2,NL RTM,80,None
247165200,45.430096,12.404735,0,360,511,-731.3865,0,1780356609,MSSIS,0,COBRA,8988222,IZON,0,0,0,VENEZIA,33,None
211886490,45.55301,13.7322,0,360,88,0.044640288,5,1780356609,MSSIS,0,AL JMELIYAH,9732357,DIFL2,0,0,14.4,SIKOP,71,None
251277000,67.018105,-23.8597,3.4,196.4,205,0,7,1780356609,MSSIS,0,PALL PALSSON,9755543,TFPH,0,0,7,ISAFJORDUR,30,None
251006110,65.9504,-18.354048,9.2,339.6,511,-731.3865,15,1780356609,MSSIS,0,SAEVAR,0,TFHM,0,0,0,,60,None
210568000,54.582317,13.7449665,11.7,331,334,0,0,1780356609,MSSIS,0,ELBRUNNER,9395563,5BDV6,0,0,6.1,SEHEL,70,None
572780220,35.82262,10.645924,0,123.9,228,0,5,1780356609,MSSIS,0,AYSTAR,9257204,T2EL6,0,0,5.1,TNSUS,70,None
109080366,57.948334,7.5317636,0.4,0,511,0,15,1780356608,MSSIS,0,ANNE RENATE BOUY,0,,0,0,0,,0,None
265618180,59.180546,18.37453,0,54.2,511,0,15,1780356608,MSSIS,0,,0,SB4842,0,0,0,,36,None
211473960,56.167923,15.5915,0,360,511,0,15,1780356608,MSSIS,0,,0,DC8845,0,0,0,,37,None
316053413,45.06983,-67.05393,0,244.3,166,0,15,1780356608,MSSIS,0,,0,CHAOS,0,0,0,,36,None
368100360,48.50321,-122.60729,0.1,348.5,511,0,15,1780356608,MSSIS,0,MUTLEY CREW,0,,0,0,0,,0,None
368032830,47.280052,-122.40085,0,88.8,511,0,15,1780356608,MSSIS,0,LA SOIREE,0,,0,0,0,,0,None
228072800,47.26764,-2.2016184,0,259.8,22,0,0,1780356609,MSSIS,0,VB TYPHON,9774941,FIXN,0,0,5.3,ST NAZAIRE,52,None
538011910,33.68211,-7.6172533,0.3,310.2,323,-2.187374,1,1780356609,MSSIS,0,MANTA OMER MECIT,9737058,V7A3647,0,0,9.8,TO ORDER,70,None
636020985,35.863647,-5.538853,0,108.9,41,-0.044640288,5,1780356609,MSSIS,0,GSL SYROS,9437062,5LBR7,0,0,13.3,MAPTM2,74,None
251375540,65.62569,-23.825298,0,126.2,511,0,15,1780356609,MSSIS,0,,0,6728,0,0,0,,30,None
563158100,17.967093,-66.6213,0,349.9,38,0,5,1780356609,MSSIS,0,MOCKINGBIRD,9942689,9V7198,0,0,7.7,PRPSEUSPOA,82,None
316048844,26.10431,-80.15986,0,360,511,0,15,1780356609,MSSIS,0,FAMILY TIES,0,,0,0,0,,0,None
339979000,26.09685,-80.16383,0,169.6,1,0,5,1780356609,MSSIS,0,CATCHING MOMENTS,9669847,6YUQ7,0,0,2.5,FT LAUDERDALE,37,None
366757230,36.919865,-76.182396,0,279.1,272,0,5,1780356609,MSSIS,0,GARY CHOUEST,9132313,WCY7287,0,0,6.3,LITTLE CREEK VA USA,39,None
244750917,58.62543,16.7983,0,45,511,0,15,1780356609,MSSIS,0,,0,PH3287,0,0,0,,36,None
538071262,26.74948,-80.04918,0,77,135,-686.3891,5,1780356609,MSSIS,0,DANCING HARE,1002378,V7IP2,0,0,3.4,SXSXMUSPBA,37,None
368326020,27.523912,-82.62128,0,360,511,0,15,1780356609,MSSIS,0,IMAGINE HORIZON E73,0,,0,0,0,,0,None
257695590,59.69997,5.384775,0,360,511,0,15,1780356609,MSSIS,0,HAVSTRYGER,0,,0,0,0,,0,None
352006682,54.194088,-130.52068,0.1,11,18,-0.17856115,1,1780356609,MSSIS,0,UM EHIME,1020057,3E8014,0,0,8.2,CAPRR,70,None
226018030,48.901997,2.3753984,0,360,511,-731.3865,10,1780356609,MSSIS,0,LA MONTJOIE,0,FM8324,0,0,0,,99,None
249106000,39.548985,2.5998566,0,360,511,0,15,1780356609,MSSIS,0,,0,9HC2434,0,0,0,,37,None
367468960,29.651167,-91.09096,0,183.5,21,0,11,1780356609,MSSIS,0,MRGOLDIE,0,WDF5944,0,0,3.5,RELIANCE SCRAP,52,None
316053828,43.56604,-79.55545,0,194.5,511,0,15,1780356609,MSSIS,0,,0,,0,0,0,,36,None
268257901,19.660166,57.71542,0,0,511,-731.3865,1,1780356609,MSSIS,0,NIRVANA I,9519298,T7CE3,0,0,6.6,OM DQM,70,None
440325000,23.126783,61.11648,10.7,106,108,0,0,1780356609,MSSIS,0,SKY WINNER,9366926,D7JU,0,0,8.4,SG SIN,80,None
367516350,46.19028,-123.85676,0,166.6,511,0,15,1780356609,MSSIS,0,,0,WDG2509,0,0,0,,60,None
231849000,58.60302,16.223392,0,203,38,0,5,1780356609,MSSIS,0,SKULD,9114359,OZ2143,0,0,5,SENRK,52,None
368200240,33.72376,-118.280754,0,360,511,0,15,1780356609,MSSIS,0,,0,WDM3761,0,0,0,,34,None
228131710,43.359646,5.3003235,0,219.1,511,0,15,1780356609,MSSIS,0,ISAHE,0,,0,0,0,,0,None
244790677,51.889477,3.9024718,0.4,224.5,268,0,7,1780356609,MSSIS,0,UK200 HENDRIK SR,9680920,PCUX,0,0,0,FISHING GROUNDS,30,None
259015040,58.966675,5.7613716,0,360,511,0,15,1780356609,MSSIS,0,,0,LF 7474,0,0,0,,55,None
367561460,29.830778,-93.960976,2.7,155.1,511,-731.3865,0,1780356609,MSSIS,0,ATHENA,9686792,WDN9538,0,0,5,US NSS  US BPT,52,None
316058627,43.654587,7.1803684,0,290.7,511,0,15,1780356609,MSSIS,0,,0,,0,0,0,,36,None
701000001,29.951643,-90.06252,0,360,511,-731.3865,5,1780356609,MSSIS,0,ARA LIBERTAD,6125398,LOLD,0,0,6.7,NEW ORLEANS,99,None
248886000,58.305912,5.285325,10.5,133.4,134,0,0,1780356609,MSSIS,0,TRANS FJELL,9329306,9HA2563,0,0,4.9,SEHEL,82,None
368307550,29.78448,-95.08856,0,292.5,174,0,12,1780356609,MSSIS,0,MISS CARTER W,0,WDN7340,0,0,3.4,XX XXXUS08PP,52,None
257912700,59.20721,10.894591,0,90.8,323,0,0,1780356609,MSSIS,0,GO VAKKER ASTA,0,LG8808,0,0,1,GRESSVIKGAMLEBYEN,69,None
367078250,40.558483,-74.238884,0,0,35,0,0,1780356609,MSSIS,0,JASON REINAUER,7437056,WDC7869,0,0,4.8,US NY,52,None
259027100,59.52597,10.682087,0,360,511,0,15,1780356609,MSSIS,0,BASSE,0,,0,0,0,,0,None
368102160,27.022446,-80.43611,0.3,360,511,0,15,1780356609,MSSIS,0,,0,WDK9277,0,0,0,,37,None
257076330,62.187607,5.984598,0,223.4,232,0,11,1780356609,MSSIS,0,FOSNA JOTUN,0,LH3492,0,0,0,NESNA,70,None
368337530,36.912865,-76.17796,0,229.2,16,0,5,1780356609,MSSIS,0,EZRA SOL,8976607,WDP2569,0,0,0,US0GUJ0YBG,52,None
261032410,55.278973,14.801409,0,360,511,0,15,1780356609,MSSIS,0,,0,SPS3396,0,0,0,,37,None
368284370,29.973505,-90.39952,0,352.7,511,-731.3865,12,1780356609,MSSIS,0,DIANE DENISE,0,WDN4808,0,0,3,US0DA90E87,52,None
368261270,44.049435,-82.99495,0,360,511,0,15,1780356609,MSSIS,0,,0,WDN2350,0,0,0,,37,None
338132122,39.126343,-76.47253,0,360,511,0,15,1780356609,MSSIS,0,OHANA MAU LOA,0,,0,0,0,,0,None
338167325,34.61657,-86.970985,0,306.1,511,0,15,1780356609,MSSIS,0,,0,,0,0,0,,37,None
367095660,29.37536,-94.86642,0,184.9,67,0,0,1780356609,MSSIS,0,STACY SHELBY,0,WDC8962,0,0,3.2,TEXAS CITY,90,None
368381310,29.179083,-89.25817,0,212.3,242,0,15,1780356609,MSSIS,0,CRESPILOT,0,WDP7381,0,0,0,,50,None
367340440,27.819246,-97.47147,0,59.8,287,0,12,1780356609,MSSIS,0,JEFF BRUMFIELD,0,WDE3528,0,0,2.8,XX XXXUS0W49,0,None
368050540,34.72583,-76.66492,0,360,511,0,15,1780356609,MSSIS,0,,0,WDK3967,0,0,0,,37,None
338116274,30.276781,-81.713234,0.1,360,511,0,15,1780356609,MSSIS,0,,0,,0,0,0,,37,None
368343410,34.705208,-76.73704,0,334,511,0,15,1780356609,MSSIS,0,ANITA JEAN,0,,0,0,0,,0,None
366701350,32.65146,-80.25571,5.5,237.1,232,0,0,1780356609,MSSIS,0,SEAISLANDER,8353764,WDQ5763,0,0,3.7,US0FBP0S05,39,None
366826940,29.79017,-95.077675,0,338.8,14,0,12,1780356609,MSSIS,0,THOMAS E ROLLINS,0,WDA6028,0,0,2.9,HOUSTON,52,None
338203331,37.214527,-76.46601,0,154.4,511,0,15,1780356609,MSSIS,0,,0,WDL5063,0,0,0,,37,None
538005974,28.30705,-89.89015,6.9,39,39,0,0,1780356609,MSSIS,0,KP ALBATROSS,9552367,V7IQ2,0,0,6.5,US MSY,79,None
338176511,48.75636,-122.50507,0.6,148.5,511,0,15,1780356609,MSSIS,0,,0,,0,0,0,,37,None
567003270,13.0165,100.797,10.3,26,25,-720.00323,0,1780356607,MSSIS,0,PILATUS 14,9152337,HSB9285,0,0,4.2,SRCKOLOY,80,None
512000543,-36.842678,174.78316,0.4,167.1,511,0,15,1780356608,MSSIS,0,,0,ZMR6122,0,0,0,,31,None
271046227,37.035027,27.42352,0,123.4,511,0,15,1780356608,MSSIS,0,TUTA,0,YMB2145,0,0,0,,0,None
241337000,36.502117,23.016476,0.1,80.8,144,0,1,1780356607,MSSIS,0,CHIOS VICTORY,9680243,SVCA5,0,0,10.5,ESLPA  GRNEA,70,None
219025225,55.042297,9.704732,0.1,360,511,0,15,1780356610,MSSIS,0,,0,XPH4042,0,0,0,,37,None
538006034,14.074059,42.374588,11.6,331.4,330,-0.4017626,0,1780356607,MSSIS,0,UNION LOTUS,9721322,V7JC7,0,0,13.1,CHN SHIPCHN CREW,70,None
710007272,-26.237623,-48.635582,0,360,511,-731.3865,0,1780356608,MSSIS,0,SVITZER BABITONGA,9997414,PU8675,0,0,0,SAO FRANCISCO DO SUL,52,None
352721000,-27.171833,153.32315,12.3,233.4,234,0,0,1780356608,MSSIS,0,HPC GALAXY,9383508,3EXV3,0,0,7.9,BRISBANEAUS,70,None
240136100,37.93215,23.651484,0,105.9,57,0,5,1780356608,MSSIS,0,INVADER,1006520,SVA8582,0,0,3,MARINA ZEAS,37,None
241023000,37.952904,23.581537,0,274.5,92,0,5,1780356608,MSSIS,0,FRES,9531363,SVBA6,0,0,5,PERAMA,0,None
261004881,55.855488,7.6545467,4.8,242.5,249,0,0,1780356610,MSSIS,0,NORONYA GDY347,0,SPG5667,0,0,3,HVIDE SANDE,30,None
341887001,44.092968,28.68895,0,105.8,17,0,5,1780356610,MSSIS,0,SMS CARRERA,9140528,V4JJ6,0,0,10,RO CND,70,None
248038000,44.099957,28.656693,0,15.6,92,0,5,1780356610,MSSIS,0,M V DAKOTA,9349980,9HA4489,0,0,6,RO CND,70,None
316005997,47.56496,-52.69299,0,230.8,511,0,15,1780356610,MSSIS,0,EASTERN VISION,0,,0,0,0,,0,None
254204000,43.78898,7.599378,0,304.6,284,0,15,1780356610,MSSIS,0,ZERO ZERO UNO,0,,0,0,0,,0,None
251302540,64.063736,-21.962257,0,360,511,0,15,1780356610,MSSIS,0,,0,2417,0,0,0,,30,None
225990938,38.342323,-0.48367333,0,360,511,0,15,1780356610,MSSIS,0,KRAKEN,0,,0,0,0,,0,None
219034128,38.52938,-28.625046,0.1,305.3,511,0,15,1780356610,MSSIS,0,,0,XPI5233,0,0,0,,36,None
257586600,70.54001,30.930716,7.4,307.4,304,0,0,1780356610,MSSIS,0,OSVALDSON,9028469,LMCU,0,0,5,FISHING,30,None
251402340,65.59901,-24.006216,0,200.6,511,0,15,1780356610,MSSIS,0,,0,2504,0,0,0,,30,None
211693600,53.525707,10.00296,0,0,0,0,0,1780356610,MSSIS,0,REINHARD WOLTMAN,0,DB9006,0,0,1.8,HAMBURG,99,None
235074703,50.809437,-1.09702,0,332,289,0,15,1780356610,MSSIS,0,SD CHRISTINA,9533751,2CPN3,0,0,3.6,PORTSMOUTH,31,None
257254000,57.11916,8.593387,0,334.7,329,0,7,1780356610,MSSIS,0,TANGEN,0,LNTU,0,0,0,FISKERI,30,None
225992806,28.247694,-16.842497,0.1,360,511,0,15,1780356610,MSSIS,0,,0,,0,0,0,,37,None
265032640,60.291134,18.605303,0,28.4,511,0,15,1780356610,MSSIS,0,,0,8SY8873,0,0,0,,30,None
538007530,40.619617,18.117733,0.1,180,269,0,1,1780356610,MSSIS,0,ASIAN FRONTIER,9392145,V7TL2,0,0,5.3,ITBDS ANCH,70,None
251493740,64.13378,-21.83952,0.2,360,511,0,15,1780356610,MSSIS,0,,0,2002,0,0,0,,37,None
232046610,39.49019,2.4751582,0,185.9,79,0,5,1780356610,MSSIS,0,PINK SHADOW,9880336,MNIC7,0,0,3.6,PORT ADRIANO,37,None
338562182,41.45236,-82.67543,0,189.6,248,0,15,1780356610,MSSIS,0,,0,,0,0,0,,37,None
251853540,64.151276,-21.943176,0,360,511,0,15,1780356610,MSSIS,0,DAGMAR,0,,0,0,0,,0,None
538071632,39.837112,3.1347632,0,360,0,0,5,1780356610,MSSIS,0,NEVERMIND,0,V7A4866,0,0,2.5,ALCUDIA,37,None
316036715,46.820183,-71.206085,0,360,511,0,15,1780356610,MSSIS,0,,0,,0,0,0,,36,None
251561110,65.3939,-20.944952,0,0,511,-731.3865,15,1780356610,MSSIS,0,HARPA HU 4  1126,0,TFTD,0,0,0,,0,None
227086080,46.692783,-1.936905,0.1,360,511,0,15,1780356610,MSSIS,0,NEMORA,0,,0,0,0,,0,None
244478000,41.107174,1.2481567,0,360,511,-731.3865,5,1780356610,MSSIS,0,AMIGO,0,PC8135,0,0,2.8,TARRAGONA,37,None
235109593,50.884045,-1.3022517,0,350.4,511,0,15,1780356610,MSSIS,0,,0,2IGQ8,0,0,0,,36,None
440113610,35.080208,128.78413,0.1,154.6,324,-731.3865,0,1780356610,MSSIS,0,GAENARI,4194304,60984,0,0,2.5,BUSAN,52,None
225406000,41.10561,1.2402517,0,92.8,115,0,0,1780356610,MSSIS,0,TB ROMULO,9513050,ECJP,0,0,5.6,TARRAGONA,52,None
338460302,30.022991,-90.03326,0,360,511,0,15,1780356610,MSSIS,0,,0,,0,0,0,,37,None
257701800,67.0733,14.21155,0,0,290,0,5,1780356610,MSSIS,0,VAAGAKALLEN,0,LF5659,0,0,1.7,MULNESODDENSANDNES,79,None
254370000,43.34122,6.6871333,0,360,511,0,15,1780356610,MSSIS,0,MAMINA II,0,,0,0,0,,0,None
636015560,38.022865,8.637484,13.3,84,82,0,0,1780356610,MSSIS,0,ANTARCTIC,9315185,D5BM7,0,0,14.9,USSNJMTMAR,80,None
368352890,26.909758,-80.08371,0,360,511,0,15,1780356610,MSSIS,0,,0,WDP4269,0,0,0,,37,None
316002918,50.71462,-127.487305,0,265.1,511,0,15,1780356610,MSSIS,0,,0,,0,0,0,,30,None
367315790,45.937145,-119.1332,7.7,76.5,78,0,0,1780356610,MSSIS,0,LORI B,0,WDD9745,0,0,3.5,PORTLAND,31,None
316044784,32.691296,-79.81849,6.7,17.1,511,0,15,1780356610,MSSIS,0,,0,VEA3210,0,0,0,,36,None
316022356,45.261723,-65.992226,0.1,360,511,0,15,1780356610,MSSIS,0,SAINT JOHN PRV3,0,,0,0,0,,0,None
244050252,53.11483,6.0571084,0,360,511,0,15,1780356610,MSSIS,0,NYNKE,0,,0,0,0,,0,None
319893000,43.53921,7.0123234,0,222.1,56,1.1160072,1,1780356610,MSSIS,0,BACARELLA,9559755,ZGAC9,0,0,3.5,FRCEQ,37,None
338324301,44.101936,-69.104065,0.1,192.4,511,0,15,1780356610,MSSIS,0,ARC BLUE,0,,0,0,0,,0,None
413274630,36.88682,7.7953067,2.9,353.6,333,0,3,1780356610,MSSIS,0,TONG TU,9606651,BSEC,0,0,7.5,DZ AAE,90,None
224498000,28.159903,-15.400155,0,284.2,179,-0.17856115,0,1780356610,MSSIS,0,CIUDAD DE IBIZA,9263370,EAYW,0,0,5.3,ES LPA,60,None
338325054,29.558056,-95.029144,0,217.9,511,0,15,1780356610,MSSIS,0,,0,,0,0,0,,37,None
368341980,25.731583,-80.23036,0,360,511,0,15,1780356610,MSSIS,0,,0,,0,0,0,,37,None
366968440,26.520876,-78.76623,0,247.8,511,-731.3865,0,1780356610,MSSIS,0,SUSAN,0,WBC4105,0,0,3,SJDOCK,70,None
368682000,47.65731,-122.375244,0,247.4,0,0,5,1780356610,MSSIS,0,COASTAL TRADER,5408491,WSL8560,0,0,4.5,SEATTLE,70,None
244180661,51.340916,3.8257217,0,0,511,-731.3865,0,1780356610,MSSIS,0,PATROL,0,PGPS,0,0,1,SLEEPDIENST,40,None
367780770,46.90654,-124.10675,0,225.8,511,0,15,1780356610,MSSIS,0,,0,WDJ4751,0,0,0,,30,None
201000187,35.599094,13.391608,7.9,264.8,511,-731.3865,7,1780356610,MSSIS,0,ROZAFA15,8798940,ZADH4,0,0,3,MEDITERRANFISHING,30,None
311018500,43.00756,6.67714,10.3,41.8,39,0,0,1780356610,MSSIS,0,NORWEGIAN EPIC,9410569,C6XP7,0,0,9,FR MRSFR VLL,60,None
368399750,42.435093,-82.87038,0,360,511,0,15,1780356610,MSSIS,0,,0,WDP9493,0,0,0,,37,None
257088660,59.608368,5.236795,0,43.4,206,0,0,1780356610,MSSIS,0,BOEMLAFJORD,9855147,LFLV,0,0,4,LANGEVAAG  BUAVAAG,59,None
316036449,52.768444,-128.439,18.8,27.2,511,0,15,1780356610,MSSIS,0,,0,,0,0,0,,30,None
244650840,51.27686,3.8383868,0,360,511,-731.3865,5,1780356610,MSSIS,0,SCHELPKREEK,0,PD2284,0,0,0,KANAAL VAN GENT NAAR,79,None
256893000,43.2701,6.616045,0,126.4,285,0,15,1780356610,MSSIS,0,DARLING,1010868,9HA4027,0,0,2.5,,0,None
316001577,43.832287,-66.12551,0,0,511,0,15,1780356610,MSSIS,0,,0,VC 9391,0,0,0,,30,None
210661000,50.18773,1.0966183,0,240.9,268,0,3,1780356610,MSSIS,0,IWS SUNWALKER,9993781,5BEU6,0,0,6,TRE OWF,0,None
373565000,18.132175,60.487106,7.8,76.1,76,0,0,1780356610,MSSIS,0,V BRAVO,9598713,3EUA8,0,0,12.9,IN PAV,70,None
244002622,52.400337,4.8653765,0,0,511,-731.3865,0,1780356610,MSSIS,0,CARITAS,0,PC8132,0,0,0.2,AMSTERDAM,52,None
211737750,51.7568,4.626118,0,106,165,0,5,1780356610,MSSIS,0,PEGASUS,0,DK9210,0,0,0.2,ROTTERDAM,79,None
244700452,52.01038,4.6880035,0,360,511,-731.3865,5,1780356610,MSSIS,0,SCHELDESTROOM,0,PE5556,0,0,0,OLDENBURG,79,None
256001317,26.458126,-80.06358,0,360,511,-731.3865,2,1780356610,MSSIS,0,LIBERTAS ONE,0,9HB7139,0,0,0,,37,None
219028965,60.017757,-2.38368,0.2,21.6,45,0,3,1780356610,MSSIS,0,NORTHERN MARIA,9294006,OZAV2,0,0,4.8,SURVEY AREA,99,None
244396635,52.488045,4.807075,0,296,315,0,0,1780356610,MSSIS,0,EPUSHER 2,0,PC2424,0,0,2.9,,79,None
374113000,33.980278,134.97313,6.7,6.8,5,0,0,1780356610,MSSIS,0,MEIYU,9854583,3FQD7,0,0,7.7,JP UKB,70,None
229544000,43.277687,6.6253467,0,248.8,266,0,1,1780356610,MSSIS,0,THE LANGLEY,956493200,9HB8455,0,0,3.6,ST TROPEZ   FR,36,None
369493056,47.912994,-124.63572,0,107.2,511,-2.8569784,5,1780356610,MSSIS,0,CG47281,0,,0,0,1.4,,51,None
368414830,48.7558,-122.50439,0,342,33,0,0,1780356610,MSSIS,0,NORTH POINT,0,WDQ3225,0,0,0,BELLINGHAM,90,None
244059001,53.25488,6.51089,0,360,511,-731.3865,0,1780356610,MSSIS,0,SCORPIO,0,PI7255,0,0,1.5,,33,None
316001633,45.76635,-84.053215,11.4,114.2,116,0,0,1780356610,MSSIS,0,CSL ASSINIBOINE,7413218,VCKQ,0,0,6.9,MELDRUM BAY,70,None
367610590,29.15733,-89.24656,0,6.9,94,0,5,1780356610,MSSIS,0,SEA CYPRESS,0,WDH3758,0,0,3,HEAD OF PASSES,52,None
244830703,52.15631,6.194978,0,360,511,-731.3865,0,1780356610,MSSIS,0,DOMMERHOLT,0,PE6540,0,0,1.3,GORSSELWILP,69,None
316031783,48.0085,-52.85733,8.4,156,154,0,15,1780356610,MSSIS,0,EXECUTIONER,839684,CFA2067,0,0,0,,30,None
244670244,51.834267,4.6602983,0,360,511,-731.3865,15,1780356610,MSSIS,0,PRINSENLAND,0,PG7711,0,0,0,,99,None
367422660,48.105827,-122.78182,0,171,177,-0.044640288,15,1780356610,MSSIS,0,NEW PACIFIC,0,,0,0,0,,37,None
244150552,51.849503,5.8694,0,360,511,-731.3865,5,1780356610,MSSIS,0,GELDERLAND,0,PG7060,0,0,0,SURVEY,99,None
222222229,-27.52253,153.2651,0,150.5,511,0,15,1780356609,MSSIS,0,WINDSONG,0,,0,0,0,,0,None
352005413,8.91857,-79.5197,0.1,347.6,511,-731.3865,5,1780356609,MSSIS,0,POWERBALL,7829352,HOA3486,0,0,3,BALBOA,70,None
567912197,13.305563,100.55263,3.1,61.5,511,0,15,1780356609,MSSIS,0,,0,1234567,0,0,0,,30,None
538011000,33.848244,23.942562,13.3,105.8,107,0,0,1780356609,MSSIS,0,TWIN DELIGHT,9984481,V7A6433,0,0,10.7,EG PSD,70,None
503195640,36.968723,25.02579,0.1,360,511,0,15,1780356609,MSSIS,0,ISLA,0,,0,0,0,,0,None
9139507,-8.799325,13.24374,0,280.8,280,0,15,1780356609,MSSIS,0,ONWA39507,0,,0,0,0,,0,None
563771000,21.495674,122.02102,12,47.5,55,-0.4017626,0,1780356609,MSSIS,0,CAPE SPLENDOR,9631333,9V2007,0,0,18.5,LSN CN,70,None
275538000,51.445557,3.5972216,0,232.2,260,0,0,1780356611,MSSIS,0,MO7,9924053,YLSA,0,0,2.6,VLISSINGEN,40,None
232974000,55.39017,12.648628,12.6,191.1,190,0,0,1780356611,MSSIS,0,SCOT BAY,9243930,MPTH7,0,0,4,SEIGG,9,None
276636000,59.450684,24.6725,0,183.7,134,0,0,1780356611,MSSIS,0,ARKTURUS,9375331,ES2642,0,0,4,MEERUSE,52,None
261001520,54.405636,18.652342,0,331.8,63,0,15,1780356611,MSSIS,0,PILOT 24,0,SPG5222,0,0,0,,50,None
231837000,59.119892,9.571629,0,289.7,332,0,5,1780356611,MSSIS,0,HAV SKANDIC,8719114,OZ2147,0,0,5.3,SKIEN,90,None
256082000,13.797261,42.529484,12.6,330.2,329,0,0,1780356611,MSSIS,0,GHAT,9930105,9HA5687,0,0,8.8,ARMED GUARD ONBOARD,80,None
244770608,51.821163,4.0389166,0,0,511,-731.3865,0,1780356611,MSSIS,0,ES EL,0,PH8318,0,0,0.1,STELLENDAM,89,None
538072694,44.043156,9.86007,0,360,31,0,15,1780356611,MSSIS,0,,0,V7A4130,0,0,0,,37,None
210620000,36.177635,-5.394582,0,240.2,263,0,5,1780356611,MSSIS,0,ANTRACYTH,9988279,5BVY6,0,0,4.9,ES HUV,80,None
654070300,20.885544,-17.047112,0,311.2,511,0,15,1780356611,MSSIS,0,,0,5TVA,0,0,0,,30,None
211534080,52.524513,13.297118,0,0,511,-731.3865,0,1780356611,MSSIS,0,KONINGIN WILHELMINA,0,DC 5044,0,0,0,H,69,None
220343000,57.665993,10.857846,2.4,122.2,129,0,7,1780356611,MSSIS,0,SOFIE LYKKE,0,OU4649,0,0,0,HJEM TIL TOESERNE,30,None
258020500,62.80183,6.5092216,0,246.7,511,0,15,1780356611,MSSIS,0,LAGERTHA,0,,0,0,0,,0,None
246602000,35.852127,-4.471005,0.7,349,185,0,0,1780356611,MSSIS,0,FRISIANA,9385893,PCEQ,0,0,5.2,FOR ORDERS,70,None
319115500,25.786171,-80.17936,0,156.6,191,0,5,1780356611,MSSIS,0,FIREFLY,0,ZGGK3,0,0,1.7,MIAMI,37,None
205853200,52.09684,4.2668614,0.1,167.4,511,0,15,1780356611,MSSIS,0,,0,OS8532,0,0,0,,37,None
215131000,1.2211117,103.7938,8.2,134.7,141,0,4,1780356611,MSSIS,0,CMA CGM LYRA,9410806,9HA4972,0,0,15.7,SGSINSAJED,71,None
563233400,1.3028066,103.9768,0,87.8,248,-0.4017626,1,1780356611,MSSIS,0,PEARL  LEGACY,1015662,9V9384,0,0,5,AEPB,80,None
338218153,32.726368,-117.20251,0,239.3,511,0,15,1780356611,MSSIS,0,,0,,0,0,0,,36,None
263410460,39.355553,-9.368435,0,0,511,-731.3865,15,1780356611,MSSIS,0,PRINCESA DAS ONDAS,0,CUGX8,0,0,0,,30,None
257590000,59.778915,5.045027,9.2,158.8,162,0,0,1780356611,MSSIS,0,HORDA PIONEER,9865128,LFQF,0,0,5.5,FISHFARMS,70,None
636025558,41.309517,2.2114,0,18,196,0,1,1780356611,MSSIS,0,SIFNOS,9405564,5LYA6,0,0,12.8,ESBCN,80,None
231123000,64.149925,-21.85334,0,281.9,67,0,5,1780356611,MSSIS,0,SELFOSS,9433456,OZ2171,0,0,7.8,ISREY,70,None
368368060,26.261532,-80.08456,0,360,511,0,15,1780356611,MSSIS,0,,0,WDP5951,0,0,0,,60,None
244710841,52.403576,4.7851734,0,0,511,-731.3865,0,1780356611,MSSIS,0,FARBER,0,PE2668,0,0,0.3,LANDESBERGEN,79,None
228905000,47.730164,-3.3668916,0.1,121.4,158,720.00323,0,1780356611,MSSIS,0,FV LOUIS JOY,0,FGPP,0,0,0,LOCTUDY,30,None
563233700,1.30388,104.34637,19.5,53.2,52,-2.8569784,8,1780356611,MSSIS,0,EVER AEON,9943279,9V7306,0,0,12.8,SGSGPTWKHH,74,None
244730077,52.386208,4.6592383,0,360,511,-731.3865,5,1780356611,MSSIS,0,PRINSES CHRISTINA,0,PD3269,0,0,1.6,HAARLEM,90,None
538070638,33.98003,-118.44346,0,209.3,511,-731.3865,0,1780356611,MSSIS,0,ACTIVE OCTO,0,V7RW9,0,0,2.3,SAN DIEGO,37,None
667002234,1.017495,103.9334,0,0,511,-731.3865,0,1780356611,MSSIS,0,SL FORTUNE PEARL,1133488,9LS1937,0,0,3.2,BATAM INDONESIA,70,None
368091240,30.22665,-88.21535,0.2,130.1,511,0,15,1780356611,MSSIS,0,,0,WDK8143,0,0,0,,30,None
351341000,51.374016,2.875665,10.4,260.6,260,0,0,1780356611,MSSIS,0,SOLAR KATHERINE,9882396,3FWO,0,0,12.1,FRDON,80,None
219025992,52.73472,3.81651,5.6,2.5,4,0,0,1780356611,MSSIS,0,MHO GRIMSBY,9766243,OYKR2,0,0,1.6,NL IJM,40,None
232047369,50.573284,-2.4535,0,360,511,0,15,1780356611,MSSIS,0,FARRCICAL SOLOSAILOR,0,,0,0,0,,0,None
367340480,47.627663,-122.3894,0,196.5,158,0,5,1780356611,MSSIS,0,PROVIDENCE,0,WDE3532,0,0,3,,37,None
367165890,29.285103,-89.360016,0,102,511,-731.3865,15,1780356611,MSSIS,0,BAYOU STATE,4203551,WCZ7836,0,0,0,,50,None
636022670,1.3237634,104.13973,0,216.8,237,0,1,1780356611,MSSIS,0,DING HENG 37,9531600,5LJX2,0,0,6.2,PENGERANG,80,None
338217000,29.740856,-95.2821,0,189.1,145,0,5,1780356611,MSSIS,0,LIBERTY GLORY,9228136,WADP,0,0,8.3,USHOU,70,None
367375550,32.71471,-117.2292,0,360,511,-731.3865,0,1780356611,MSSIS,0,,0,WDL2160,0,0,3.3,SAN DIEGO,36,None
367504890,28.907225,-95.36335,0.1,58,56,0,12,1780356611,MSSIS,0,GREEN WING,0,WDF9412,0,0,3.1,US08B20EYH,57,None
244030634,54.63887,11.373372,0,107.4,353,0,5,1780356611,MSSIS,0,SC EMERALD,0,PEFN,0,0,1.1,RODBY THR,49,None
345200020,31.855774,-116.62916,0,360,511,-731.3865,0,1780356611,MSSIS,0,VB YUCATAN,9341249,XCAE3,0,0,4,ENSENADA ENSENADA,52,None
244170184,51.81679,4.6919765,0,360,511,-731.3865,0,1780356611,MSSIS,0,OLIVIER,0,PB6161,0,0,0,DORDRECHT,37,None
245190000,51.688953,4.598125,0,83.3,284,0,5,1780356611,MSSIS,0,GOTLAND,9361366,PHOO,0,0,5.6,MOERDIJKNL,70,None
211701890,53.52571,10.00328,0,360,262,0,0,1780356611,MSSIS,0,JOHANNES DALMANN,0,DB2094,0,0,0,HAMBURG,99,None
244037252,51.912083,4.5799217,0,360,511,-731.3865,5,1780356611,MSSIS,0,RIJNDELTA,0,PI7722,0,0,0,,99,None
244650232,51.49856,3.62438,0,360,511,-731.3865,5,1780356611,MSSIS,0,VRIJBUITER,0,PH8715,0,0,1.2,MIDDELBURG,69,None
244192305,51.76123,4.6237516,0,351.5,511,-731.3865,5,1780356611,MSSIS,0,ISSA,0,PA6466,0,0,2,DORDRECHT,90,None
368132180,29.933943,-91.8381,0,249.5,511,-731.3865,0,1780356611,MSSIS,0,FULL STEAM,0,WDL4515,0,0,0,,31,None
211597910,54.09896,13.404405,0,0,0,0,15,1780356611,MSSIS,0,,0,DD8989,0,0,0,,36,None
228229910,43.41187,6.780725,0,360,511,0,15,1780356611,MSSIS,0,,0,FAL2142,0,0,0,,37,None
244020517,52.196903,4.53632,0,27.7,511,0,15,1780356611,MSSIS,0,,0,PC9157,0,0,0,,37,None
316036575,49.666805,-124.93387,0.2,342,511,0,15,1780356611,MSSIS,0,,0,,0,0,0,,36,None
368082030,48.7432,-122.517,4.8,170.7,511,0,15,1780356611,MSSIS,0,AMAZING GRACE,0,,0,0,0,,0,None
338192181,47.60794,-122.20817,0,360,511,0,15,1780356611,MSSIS,0,JUST RIGHT III,0,,0,0,0,,0,None
232066013,53.743046,6.907855,6.3,251.9,511,0,15,1780356611,MSSIS,0,TEMPEST,0,,0,0,0,,0,None
244060167,52.374985,4.875847,0,360,511,-731.3865,0,1780356611,MSSIS,0,SOEVEREIN,0,PD5045,0,0,1.3,AMSTERDAM,69,None
367502750,29.39947,-89.19953,0,92.5,511,0,15,1780356611,MSSIS,0,OCEAN VIEW,0,,0,0,0,,0,None
244620046,53.18226,5.53646,0,360,511,-731.3865,5,1780356611,MSSIS,0,STENTOR,0,PE8788,0,0,1.7,VANDERVELDEMARINENL,52,None
244717833,52.946163,5.4061985,0,360,511,0,15,1780356611,MSSIS,0,SATURNA,0,,0,0,0,,0,None
244890021,52.425327,4.76459,0,162.8,252,0,5,1780356611,MSSIS,0,RIJNVLIET,9996898,PIRR,0,0,4.2,ABERDEEN,79,None
367506340,47.337925,-122.47328,6.7,333.3,511,0,15,1780356611,MSSIS,0,,0,WDF9553,0,0,0,,37,None
431010586,34.787235,136.65086,0,27.4,125,0,1,1780356611,MSSIS,0,KINREIKA,9816086,JD4292,0,0,4.9,JP SUZUKA OFF,80,None
368141160,47.99651,-122.22197,0,360,511,0,15,1780356611,MSSIS,0,KALYPSO,0,,0,0,0,,0,None
235060303,35.6135,-125.30608,12.6,222,225,-2.187374,0,1780356611,MSSIS,0,ENERGY CENTAUR,9387281,2AJU3,0,0,8.2,PA BLB,80,None
370375000,25.79836,-80.24839,0,0,511,-731.3865,0,1780356611,MSSIS,0,MV LEGEND II,9376610,HP5084,0,0,2.5,MIAMI RIVER,0,None
338328197,38.87781,-77.024956,0,149.9,511,0,15,1780356611,MSSIS,0,,0,,0,0,0,,37,None
367102610,31.148632,-87.96919,0,14.5,304,0,0,1780356611,MSSIS,0,ALICE PARKER,8850944,WCY2903,0,0,3.1,SHOAL CREEK,57,None
338482813,41.639454,-70.91234,0,360,511,0,15,1780356611,MSSIS,0,,0,,0,0,0,,37,None
219007036,56.533,10.714519,0,266.4,511,-731.3865,15,1780356612,MSSIS,0,MUSSE,0,OU7092,0,0,0,,30,None
238127310,39.650803,19.84822,0,360,511,-3.6158633,5,1780356610,MSSIS,0,PRIMUS,0,9AB2641,0,0,2,DUBROVNIK,37,None
338044227,29.515984,-94.89093,0.2,360,511,0,15,1780356611,MSSIS,0,MYSTIC MAIDEN,0,,0,0,0,,0,None
247149640,34.507877,16.770683,8.1,90.2,511,-731.3865,0,1780356610,MSSIS,0,ROSARIO PADRE,0,IVKO,0,0,2,,30,None
563107200,-2.346875,-44.327312,0.1,17.5,76,0,1,1780356610,MSSIS,0,TONG XIANG,9851531,9V5885,0,0,7.3,BR ITQ,70,None
271040323,37.02538,27.43866,0,0,511,0,15,1780356610,MSSIS,0,THE THREE ANGELS,0,,0,0,0,,0,None
710028130,-22.843416,-43.140087,0.2,134,244,-1.6070504,1,1780356610,MSSIS,0,CBO MANOELLA,9482378,PPPH,0,0,5.5,BAIA DE GUANABARA,52,None
710005256,-22.850573,-43.14745,0,27.4,98,0.17856115,1,1780356610,MSSIS,0,ROCHEDO DE SAO PAULO,9447641,PU6610,0,0,0,FORA DE BARRA,90,None
268222201,37.228153,27.587753,0,0,511,-731.3865,1,1780356610,MSSIS,0,CINGHIALE,0,,0,0,0,,0,None
636015005,-23.028368,-43.14128,0.1,227.2,177,0,1,1780356610,MSSIS,0,STOLT OCELOT,9459539,A8YA2,0,0,8.4,BRRIO,89,None
710006132,-22.852448,-43.1548,3.6,193.2,511,0,15,1780356610,MSSIS,0,,0,PP6544,0,0,0,,52,None
218643000,-23.160168,-43.36417,0.1,67.6,183,0,1,1780356610,MSSIS,0,SANTA LORETTA,9290567,DFDH2,0,0,10.8,BRRIO,71,None
341668001,13.656362,100.56696,0,207.8,241,0,5,1780356610,MSSIS,0,CRYSTAL O,9228394,V4AY6,0,0,6.2,TH BKK,79,None
710000230,-8.056394,-34.868294,0,350.3,511,-731.3865,0,1780356610,MSSIS,0,WS AQUILA,9307668,PS6089,0,0,4.5,AREIA BRANCARECIFE,52,None
503649600,-32.066307,115.746414,0.3,338.9,511,0,15,1780356611,MSSIS,0,,0,,0,0,0,,36,None
228104920,43.521492,4.1242566,0,360,511,0,15,1780356612,MSSIS,0,,0,FAH7240,0,0,0,,37,None
305977000,9.416638,126.33589,10.4,344.9,345,0.4017626,0,1780356610,MSSIS,0,MCC SHENZHEN,9634696,V2GK7,0,0,8.6,CAGAYAN DE ORE,71,None
367059270,32.72692,-117.20768,0,254.3,86,0,15,1780356612,MSSIS,0,SEA VENTURE,0,,0,0,0,,0,None
538012210,-8.748022,13.231169,0.1,348,268,0,1,1780356610,MSSIS,0,BLUE ALLIANCE,9471173,V7A4109,0,0,4.5,AELOD,89,None
370483000,9.005967,-79.59673,0,360,511,-731.3865,0,1780356610,MSSIS,0,VERAGUAS I,9363572,TUGVER,0,0,0,PANAMA CANAL,52,None
219011516,55.13594,15.144147,0,0,511,0,15,1780356612,MSSIS,0,,0,XPB8611,0,0,0,,37,None
264163199,45.43268,28.064726,0,281.4,511,-731.3865,15,1780356611,MSSIS,0,ECOEXPRES,0,YP3199,0,0,0,GALATI,90,None
416001548,24.524326,121.8756,7,21.8,511,0,15,1780356612,MSSIS,0,SHENQ FWU NO 6,0,,0,0,0,,0,None
247220130,42.767628,10.466951,0.7,297.7,511,-731.3865,0,1780356612,MSSIS,0,NUOVA MAREA,0,IRBA,0,0,0,ITPIO AR,30,None
261001107,37.738712,-25.665512,0.1,247.8,247,0,15,1780356612,MSSIS,0,,0,SPA2882,0,0,0,,36,None
244020297,51.396435,3.5712183,0,330.1,511,0,15,1780356612,MSSIS,0,,0,PI5122,0,0,0,,36,None
247100710,42.633617,9.782329,2.3,262.1,511,-731.3865,0,1780356612,MSSIS,0,DONATO PADRE,0,IRDT,0,0,3,C  FR BON,30,None
251402540,64.923805,-23.812704,0,360,511,0,15,1780356612,MSSIS,0,RAFTUR,0,,0,0,0,,0,None
235091175,50.685226,0.44258,1.4,35.6,359,720.00323,7,1780356612,MSSIS,0,OSPREY BA4,9021710,2FGY3,0,0,3.6,FISHING,30,None
319007400,43.78898,7.60069,0,360,241,0,5,1780356612,MSSIS,0,WOW,0,ZCYE7,0,0,1.8,VENTIMIGLIA,37,None
224514550,36.160572,-5.3578033,0,360,232,0,15,1780356612,MSSIS,0,,0,,0,0,0,,37,None
368171160,58.3054,-134.43338,0,360,511,0,15,1780356612,MSSIS,0,,0,WDL8607,0,0,0,,37,None
367549830,41.393013,-71.10178,10,240.3,238,0,0,1780356612,MSSIS,0,CURTIS REINAUER,9653240,WDG5745,0,0,5.2,US NYC,52,None
225997984,41.25751,1.9221866,0,360,511,0,15,1780356612,MSSIS,0,,0,EA8177,0,0,0,,37,None
262500070,42.09605,19.088818,0,250.9,511,-731.3865,0,1780356612,MSSIS,0,TOPOLICA,8306694,4OAT,0,0,3.8,BAR,52,None
261185767,54.09038,19.19032,0,360,511,0,15,1780356612,MSSIS,0,LA LUNA,0,,0,0,0,,0,None
238537940,43.526016,15.968842,0.1,202.7,193,1.1160072,5,1780356612,MSSIS,0,ADRIATIC SKY,9981221,9A7092,0,0,3,ROGOZNICA,60,None
368272320,48.518658,-122.62218,0,360,511,0,15,1780356612,MSSIS,0,,0,WDN3508,0,0,0,,37,None
636014688,27.027718,122.32668,8.6,229,228,0,0,1780356612,MSSIS,0,ATLANTAS,9389899,A8VX2,0,0,11,CNLYG,80,None
338214602,38.328556,-75.10301,0,111.6,511,0,15,1780356612,MSSIS,0,,0,,0,0,0,,37,None
218284000,34.57605,129.11145,8,44,52,0,0,1780356612,MSSIS,0,KUALA LUMPUR EXPRESS,9343730,DFNB2,0,0,14.2,KRBNP,70,None
219015617,57.493023,10.68974,2.5,9.6,357,-720.00323,7,1780356612,MSSIS,0,FN68 FRYDENSTRAND,0,OU8179,0,0,1.8,HANSTHOLM,30,None
338310562,32.24587,-80.747444,0,356.8,511,0,15,1780356612,MSSIS,0,,0,,0,0,0,,37,None
316003806,54.33333,-130.28696,0,94,511,0,15,1780356612,MSSIS,0,,0,,0,0,0,,36,None
440120430,35.223057,129.23033,0.1,49.6,511,-731.3865,15,1780356612,MSSIS,0,5DAE PUNG HO,0,SSD,0,0,0,,0,None
368065260,29.293777,-92.69877,5.9,123.1,511,0,15,1780356612,MSSIS,0,,0,WDK5485,0,0,0,,30,None
341092002,37.280193,-9.429423,6.1,350.6,350,0,0,1780356612,MSSIS,0,UGAH ACE,9964003,V4RF6,0,0,4.4,GBHUL,70,None
266144000,58.359215,11.232317,0,211,511,-731.3865,7,1780356612,MSSIS,0,LL 467  GULLBRIS,0,SHFQ,0,0,2.5,HEM TILL DIG,30,None
636093332,51.34985,4.26706,0.1,330.1,112,0,5,1780356612,MSSIS,0,GENOA EXPRESS,9626041,5LTO4,0,0,10.1,ANTWERP,71,None
368365340,39.141926,-76.2483,0,360,511,0,15,1780356612,MSSIS,0,SUN STAR,0,,0,0,0,,0,None
251852340,63.984016,-22.54392,0,309.1,350,0,15,1780356612,MSSIS,0,OLI A STAD,0,2842,0,0,0,,30,None
339012000,26.115086,-80.10809,0,360,511,0,15,1780356612,MSSIS,0,YESENIA,0,,0,0,0,,0,None
338532706,57.05879,-135.35542,0,360,511,0,15,1780356612,MSSIS,0,,0,WDH4856,0,0,0,,30,None
224182770,38.588882,-0.0533,0,142.6,19,0,7,1780356612,MSSIS,0,LILLETA DALTEA,8746739,EBTW,0,0,4,PESCA,30,None
367668180,48.494274,-122.68299,0,7.8,511,0,15,1780356612,MSSIS,0,,0,W6AAZ,0,0,0,,37,None
244002225,51.897224,4.4822,0,109.1,511,-731.3865,15,1780356612,MSSIS,0,MARLIJN,0,PG3915,0,0,0,,0,None
261003060,54.17824,15.556263,0,39.4,39,0,7,1780356612,MSSIS,0,KOL8,8107397,SPK2080,0,0,0,,30,None
538004925,37.212635,-76.09136,0.5,128.3,43,0,1,1780356612,MSSIS,0,WINNER,9305087,V7ZV7,0,0,7.4,NORFOLKVAUS,70,None
240921000,37.93139,23.683054,0,340.6,25,0,5,1780356612,MSSIS,0,LOANA,8794310,SVA2359,0,0,2.5,FLISVO,37,None
205562110,39.109924,26.103495,0.1,346.1,511,0,15,1780356611,MSSIS,0,KIA PAI,0,,0,0,0,,0,None
219004265,57.12304,8.599169,0,360,511,0,15,1780356613,MSSIS,0,,0,XP3790,0,0,0,,30,None
304491000,58.906498,21.246998,10.1,218,218,0,0,1780356612,MSSIS,0,NORMAN,9361342,V2QX9,0,0,5.7,SZCZCIN,70,None
257615700,60.398033,5.320492,0,360,511,-731.3865,5,1780356612,MSSIS,0,BEF 3,0,LG8201,0,0,0,,60,None
278001340,45.07539,13.634563,0,360,511,0,15,1780356613,MSSIS,0,,0,,0,0,0,,36,None
232053696,53.42997,-3.0023866,0,186.2,93,0,5,1780356612,MSSIS,0,NORMA II,9199763,MOVZ9,0,0,2.8,HEYSHAM,39,None
316043721,44.700367,-63.611397,0,360,511,0,15,1780356613,MSSIS,0,,0,,0,0,0,,37,None
244670173,51.849888,6.10662,0,360,511,-731.3865,5,1780356612,MSSIS,0,ZWAANTJE 5,0,PG7802,0,0,0,LOBITH,89,None
244050915,52.37183,4.9397435,0,360,511,-731.3865,0,1780356612,MSSIS,0,FADAM II,0,PC2661,0,0,0.6,,69,None
256003812,37.972553,-0.68688333,0.3,360,511,0,15,1780356613,MSSIS,0,,0,,0,0,0,,37,None
228283970,46.148384,-1.1642483,0.1,360,511,0,15,1780356613,MSSIS,0,,0,,0,0,0,,37,None
367778930,33.460163,-117.69776,0,154.2,511,0,15,1780356613,MSSIS,0,MISS BEE HAVN,0,,0,0,0,,0,None
235094626,53.627453,-0.192325,0.8,220.7,38,0,0,1780356612,MSSIS,0,VECTIS PROGRESS,9626144,2FVR9,0,0,6,BE ANR,70,None
265729050,57.704144,16.765,0,102.1,511,0,15,1780356613,MSSIS,0,,0,SFD2143,0,0,0,,37,None
211526140,54.413593,11.199135,0.1,223.9,511,0,15,1780356613,MSSIS,0,ESPERANZA II,0,,0,0,0,,0,None
368450890,48.51462,-122.604935,0,19.2,281,0,15,1780356613,MSSIS,0,,0,WDQ7226,0,0,0,,37,None
338431354,34.404594,-119.69133,0,360,511,0,15,1780356613,MSSIS,0,TUGQUILA,0,,0,0,0,,0,None
309221000,36.716457,-4.41417,0,360,511,-731.3865,5,1780356612,MSSIS,0,LADY MOURA,1002380,C6IU6,0,0,5.5,ES AGP,37,None
338451908,43.651855,-70.24482,0,360,511,0,15,1780356613,MSSIS,0,,0,,0,0,0,,37,None
257214420,60.422787,5.240515,0,360,511,-731.3865,11,1780356612,MSSIS,0,SOLVIK,0,LM2871,0,0,2,FLORVAAG,79,None
367679960,30.69007,-81.46167,4.2,166.9,511,0,15,1780356613,MSSIS,0,,0,WDI2616,0,0,0,,36,None
368201160,35.653423,-89.91883,0,276.6,511,-731.3865,15,1780356612,MSSIS,0,BETSY WEPFER,0,WDM3863,0,0,0,BEAUMONT,31,None
244110578,52.030293,5.115415,0,0,511,-731.3865,0,1780356612,MSSIS,0,JACOMIJN,0,PH2275,0,0,0.2,GORINCHEM,79,None
368174480,29.98746,-90.40926,0.2,11.5,511,-731.3865,15,1780356612,MSSIS,0,STEEL SKIPPER,0,WDL8950,0,0,9,,31,None
512001265,-36.84038,174.7677,0,360,511,-731.3865,0,1780356612,MSSIS,0,TIRIKAT,0,ZM2279,0,0,2,,60,None
244021625,52.510464,6.0895033,0,360,511,-731.3865,5,1780356612,MSSIS,0,SOLI DEO GLORIA,0,PI7916,0,0,0.5,ZWOLLE,37,None
248483000,54.7385,-1.149155,0.1,198.4,150,0,1,1780356612,MSSIS,0,ATLANTIS ALMERIA,9508093,9HA2382,0,0,6.6,NLRTMGBTEE,89,None
259030940,63.769085,8.95236,9.4,253,250,8.749496,5,1780356612,MSSIS,0,ANITA,0,LH5587,0,0,0,,70,None
259610000,61.75166,4.9934335,9.9,219.7,221,0,0,1780356612,MSSIS,0,HORDAFOR II,7720843,LJWD,0,0,4,BULANDET,70,None
525601654,-6.0985966,106.88265,0,270.2,511,-731.3865,1,1780356612,MSSIS,0,FLORES STRAIT,1034345,YDGR3,0,0,6,JAKARTA,70,None
246105000,53.058323,5.0289435,3.5,287.5,289,0,15,1780356612,MSSIS,0,WON50 BRIES,0,PDBI,0,0,1.7,,30,None
440409790,35.120888,129.05025,0,307.5,511,-731.3865,8,1780356612,MSSIS,0,ARAM,9248215,176801,0,0,4.7,BUSAN5P,80,None
368052540,34.717224,-76.69109,0,270.9,190,0,0,1780356612,MSSIS,0,RIVER GIRL,0,WDN4465,0,0,0,XX XXX,52,None
563327800,29.681559,-116.9782,12,343.7,343,0,0,1780356612,MSSIS,0,TORM DEHRADUN,9704477,S6UE2,0,0,8,MXRST,80,None
226006180,51.69611,4.417415,0,0,48,0,5,1780356612,MSSIS,0,AQUILON,0,FM4602,0,0,0,HALDENSLEBEN,79,None
369970473,41.342556,-88.8044,0,360,511,-731.3865,3,1780356612,MSSIS,0,LASALLE,0,WDE4171,0,0,2,IL 146147,28,None
316001221,49.354065,-123.54567,6.6,134.8,511,-731.3865,0,1780356612,MSSIS,0,WILLIAM MACK,7414092,CFK9388,0,0,0,,52,None
368192980,38.09123,-121.644325,0,247.7,511,-731.3865,0,1780356612,MSSIS,0,PATTY D,0,,0,0,0,,0,None
368147620,29.708506,-95.05447,0,202.2,511,-731.3865,5,1780356612,MSSIS,0,UNBRIDLED,121954100,WDL6123,0,0,2.4,US0SLE0QRH,90,None
367724340,18.46098,-66.09317,0,170.4,511,-731.3865,12,1780356612,MSSIS,0,DOCTOR D,8941597,WDI6998,0,0,3.3,PUERTORICO,52,None
367513750,29.355513,-90.25006,0,360,511,-731.3865,0,1780356612,MSSIS,0,MASTER TYLER,265,WDG2256,0,0,3.3,CAMERON,30,None
341698001,38.80999,26.868338,0,31.4,157,0,1,1780356611,MSSIS,0,AL ZAHRAA,9255062,V4CC6,0,0,0,TR ALIAGA,70,None
249192000,35.128258,25.7452,0,142,511,0,8,1780356611,MSSIS,0,NDS EVOLUTION,0,9HC2515,0,0,2.5,AGIONIKOLAS,36,None
305167000,55.314247,9.86494,12.2,354.3,348,-720.00323,0,1780356613,MSSIS,0,KATI,9173214,V2QZ4,0,0,5.4,DK VEJ,70,None
677077300,0.28409666,9.502809,0,78.7,246,720.00323,5,1780356613,MSSIS,0,DEVA,8117859,5IM873,0,0,4.3,OWENDO GABON,1,None
275304000,59.4586,24.712183,0,249.7,74,0,5,1780356613,MSSIS,0,ROMANTIKA,9237589,YLBT,0,0,6.2,EEPAS,60,None
211512030,50.73819,7.107815,0,360,511,-731.3865,0,1780356613,MSSIS,0,POSEIDON,0,DC8194,0,0,1.2,,20,None
212577000,55.455288,18.156301,0,330.8,207,0,0,1780356613,MSSIS,0,SYLUR,9267039,5BPZ4,0,0,4.6,B3 OILFIELD,90,None
227801308,59.57332,22.62814,10.8,78.8,511,-731.3865,0,1780356613,MSSIS,0,FRENCH WARSHIP LPD,0,FBLP,0,0,0,0,35,None
224398000,43.455322,-3.8101,0,149.6,511,-731.3865,0,1780356613,MSSIS,0,TRHEINTAYSIETE,1079280,EADV,0,0,0,SANTANDER,52,None
431003181,35.6,139.91025,0,310.5,200,0,1,1780356613,MSSIS,0,SHINKOMARU NO8,9632662,JD3269,0,0,5.2,JP FNBURAYASU OFF,80,None
563131500,34.78692,128.97438,0.9,358.5,184,0.7142446,0,1780356613,MSSIS,0,ONE MANCHESTER,9706748,9V7112,0,0,13.6,BUSAN NEW PORT,71,None
257267400,59.489975,10.324382,0,360,201,0,5,1780356613,MSSIS,0,GOMA,6820919,LAIA,0,0,3,HOLMESTRAND LANGOYA,9,None
538012010,38.018715,23.551786,0,113.8,56,0,1,1780356613,MSSIS,0,TEJAS,9379478,V7A3831,0,0,4.7,GR ASS,89,None
230167530,60.270916,22.308332,102.3,360,511,-731.3865,0,1780356613,MSSIS,0,LIAM,0,OHA3157,0,0,2.5,DALSBRUK,53,None
266064000,57.682625,11.6493,0,59.5,511,-731.3865,7,1780356613,MSSIS,0,GG704 TIMOR,0,SKBU,0,0,3,,30,None
244060739,52.454338,5.825997,0,360,511,-731.3865,5,1780356613,MSSIS,0,NOVA,0,PI2550,0,0,1.6,ROTTERDAM,37,None
367763660,46.02283,-124.29942,0.8,331,358,0,7,1780356613,MSSIS,0,NOYO DAWN,9840532,WDJ2985,0,0,0,,30,None
244001312,51.921886,4.21819,0,160,265,0,5,1780356613,MSSIS,0,MUSKETIER,0,PF9677,0,0,3.5,BOTLEK  ST LAURENSHA,80,None
242354400,35.898808,-5.48864,0.2,278.8,39,-708.7092,0,1780356613,MSSIS,0,VB MOUNA,0,CNA5933,0,0,0,,50,None
219005583,57.671967,11.099408,2.7,32,29,0,7,1780356613,MSSIS,0,FLOTO SG244,0,XP5985,0,0,2,HJEM TIL PIGERNE,30,None
367456830,29.451096,-94.6868,4.1,46.8,51,0,5,1780356613,MSSIS,0,INTEGRITY,8981418,WDF4881,0,0,3.1,CHEVRON PASCAGOULA,57,None
244806000,51.85649,3.9171567,3,56,47,0,0,1780356613,MSSIS,0,SL22 STELLA MARIS,843163300,PGAO,0,0,0,,0,None
339277000,44.393417,8.9395,0,34.4,298,0,5,1780356613,MSSIS,0,QUANTUM OF SOLACE,1011135,6YVN4,0,0,4.1,GENOVA,37,None
257939500,68.13147,13.427442,0,295.1,253,0,0,1780356613,MSSIS,0,BJOERNTIND,0,LM5917,0,0,3,,30,None
366959350,29.955078,-90.062164,0,258.7,511,-731.3865,0,1780356613,MSSIS,0,STEAMER NATCHEZ,0,WZC8491,0,0,2.2,,69,None
229476000,28.360533,-79.30757,14,205.9,207,-0.044640288,0,1780356613,MSSIS,0,ST NICHOLAS,9934149,9HA5508,0,0,8.5,BQEUX,80,None
367319430,31.008242,-91.63226,0,317.1,511,-731.3865,15,1780356613,MSSIS,0,CAPT TUFFY,0,WDE5811,0,0,0,,31,None
367702380,30.011078,-90.76875,1.9,216.4,243,720.00323,0,1780356613,MSSIS,0,SAFETY CRUSADER,0,WDI4823,0,0,3,USCENUSCEN,52,None
264163486,45.42973,28.059166,0,360,511,-731.3865,0,1780356612,MSSIS,0,MIRUNA,0,YP3486,0,0,0,,99,None
247303100,6.950538,121.635895,12.5,108.8,107,-2.187374,0,1780356612,MSSIS,0,MBA ROSARIA,9591765,ICQA,0,0,7.9,AUNTL,70,None
636021998,14.609768,-17.312616,0.1,29,310,0,1,1780356612,MSSIS,0,VENTURE,9233416,5LGR9,0,0,7.1,SN DKR,70,None
205713000,38.555233,25.008467,14.9,27.2,26,0,0,1780356612,MSSIS,0,KALLO,9719276,ONIX,0,0,9.8,FOR ORDER,80,None
672530000,34.306335,12.314865,0.1,360,511,-731.3865,15,1780356612,MSSIS,0,ABDELLWAHEB,8783842,3V2387,0,0,0,,30,None
319771000,42.431107,18.691004,0,254,511,-731.3865,5,1780356614,MSSIS,0,SAMAR,1008190,ZCPC8,0,0,3.8,TIVAT MONTENEGRO,37,None
305983000,55.088398,14.693546,0,128.9,131,0,5,1780356614,MSSIS,0,LONE,9458913,V2GL6,0,0,8.6,DKRNN,90,None
240658200,37.426193,25.213388,0,360,511,0,15,1780356612,MSSIS,0,ONE FEELING,0,,0,0,0,,0,None
219035153,55.103672,14.691965,0,360,511,0,15,1780356614,MSSIS,0,,0,XPI6198,0,0,0,,37,None
255915616,51.959187,4.0595164,0,31,264,0,5,1780356614,MSSIS,0,MSC LAGOS X,9605152,CQ2074,0,0,10.1,BEANR,74,None
226002010,51.009895,3.74406,0,84.8,511,-731.3865,0,1780356614,MSSIS,0,YAKARI,0,FM4566,0,0,0,ANTWERPEN,0,None
257080590,59.917843,10.670667,0,174,174,0,15,1780356614,MSSIS,0,,0,LD4129,0,0,0,,36,None
246566000,51.1021,3.7427382,2.4,359.1,227,720.00323,5,1780356614,MSSIS,0,MULTRATUG 18,9492880,PBRY,0,0,5.4,HARBOUR DUTIES,52,None
538002622,36.94332,1.662415,11,133,137,0,0,1780356614,MSSIS,0,RES COGITANS,9283679,V7KI2,0,0,13.3,MARMARA EREGLISI,89,None
538009109,59.75865,24.200216,13.5,256,259,0,0,1780356614,MSSIS,0,ATAHUALPA,9451460,V7A4329,0,0,10.8,MAPTM,80,None
631010075,29.721983,32.618782,0,286,334,0,1,1780356614,MSSIS,0,VALIANT,9409247,3CAN28,0,0,11,SUEZCHINESE CREW,80,None
636019637,43.39721,4.9963384,0,177.6,319,0,5,1780356614,MSSIS,0,LILAC RAY,9883481,D5VK9,0,0,9.8,FR LAV,82,None
304122000,50.36716,-1.88369,14.7,265.2,265,0,0,1780356614,MSSIS,0,PEGASUS J,9355434,V2CF5,0,0,6.8,IEDUB,71,None
228215800,42.51717,3.1082482,0,242,511,-731.3865,15,1780356614,MSSIS,0,FV VENT DU NORD II,0,FMEU,0,0,0,,30,None
256003657,46.50489,-2.2446582,21.4,325,323,0,8,1780356614,MSSIS,0,JLD JAYCE,9654842,9HB9472,0,0,2.2,MIMIZAN,90,None
311000983,40.33722,3.9359016,17.4,75.1,511,-731.3865,0,1780356614,MSSIS,0,VALIANT LADY,9805336,C6ER7,0,0,8,ITCVV,60,None
261005270,54.795677,18.41875,0,0,511,-731.3865,7,1780356614,MSSIS,0,WLA291,7635787,SPG2441,0,0,4,KEEP CLEAR 05NM,30,None
369002000,36.8503,-76.29559,0,220.6,511,-731.3865,5,1780356614,MSSIS,0,VIRGINIA,0,WDJ2243,0,0,0,NORFOLK,60,None
642122089,36.39124,15.041777,10.2,282.8,511,-731.3865,7,1780356614,MSSIS,0,LATHRON,8659895,5AVX,0,0,0,,30,None
241714000,37.48864,7.37086,13.8,271.8,272,-0.4017626,0,1780356614,MSSIS,0,MARAN ASPASIA,9879997,SVDI3,0,0,16.7,CA CPT,80,None
203247767,41.91942,8.742795,0,190,511,0,15,1780356614,MSSIS,0,POLLY ONE,0,,0,0,0,,0,None
257050010,70.63442,23.669506,0,232.5,28,-2.187374,0,1780356614,MSSIS,0,NEVERFJORD,0,LH2531,0,0,0,,70,None
431019532,35.469868,139.68552,0,128.6,66,0,5,1780356614,MSSIS,0,USHIO,9919412,JD5105,0,0,5,JP YOK DN,70,None
244790608,40.06723,18.869925,15.7,332,333,0,0,1780356614,MSSIS,0,EEMSLIFT ELLEN,9671474,PCUU,0,0,5.2,ITVCE,79,None
431024669,34.9573,136.73305,0,225.7,124,0,1,1780356614,MSSIS,0,SUNNY DREAM,9511117,JD5451,0,0,5.2,JP NGO OFF,80,None
256789000,43.585438,7.1266785,0,21,308,0,5,1780356614,MSSIS,0,LEOPARD,9408724,9H8757,0,0,0,CANNES,1,None
368103470,30.434404,-91.1938,0.2,266.1,511,-731.3865,0,1780356614,MSSIS,0,CHARLES CUTHBERT,0,WDK9413,0,0,2.8,MCKINNEY FLT LMR 228,31,None
232054232,44.39305,8.939333,0,119.1,294,0,5,1780356614,MSSIS,0,ALVIA,9908853,MOYM7,0,0,3.6,IT GOA,37,None
367316110,47.643642,-122.34237,0,151.5,511,0,15,1780356614,MSSIS,0,RED ROVER,0,,0,0,0,,0,None
368230820,28.42127,-91.973495,0.7,216.1,192,0,0,1780356614,MSSIS,0,GO EXPLORER,9469405,WDM7092,0,0,3,SM 160,70,None
218055770,53.625767,7.1595316,0,171.8,172,0,5,1780356614,MSSIS,0,FRISIA EI,1013250,DKXG3,0,0,1.2,NDDNEYNDD,60,None
211182030,53.62719,9.524473,0,207.8,62,0,0,1780356614,MSSIS,0,BUXTEHUDE,0,DA 2168,0,0,1,WSA ELBENORDSEE,99,None
308919000,53.72038,9.4698515,9.9,319.5,320,0,0,1780356614,MSSIS,0,YEOMAN BRIDGE,8912302,C6JY9,0,0,8.4,NODYD,70,None
374456000,53.43502,-3.000965,0,265.6,268,-2.187374,5,1780356614,MSSIS,0,FATIH,9381421,3EJP6,0,0,6.7,GBLIV,70,None
244700269,51.850224,6.14262,0,360,511,-731.3865,1,1780356614,MSSIS,0,GRAVELAND,0,PD9180,0,0,0,,99,None
338233823,37.78628,-122.268585,0,187.6,511,0,15,1780356614,MSSIS,0,,0,,0,0,0,,36,None
367713670,47.628387,-122.333275,0,203.2,511,0,15,1780356614,MSSIS,0,,0,,0,0,0,,37,None
367642960,33.46069,-117.70258,0.1,168.1,511,0,15,1780356614,MSSIS,0,,0,WDH6924,0,0,0,,36,None
239855200,37.06716,25.355274,0,0,0,0,5,1780356614,MSSIS,0,KYRIARXOS III,0,SVA6321,0,0,0,AGIA ANNAPISOLIVADI,60,None
244730595,51.82056,4.76729,0,360,298,0,5,1780356614,MSSIS,0,PANDORA,0,PF9092,0,0,2.5,KREFELD,79,None
226009850,48.862297,2.3216884,0,360,511,-731.3865,5,1780356614,MSSIS,0,TROCADERO,0,,0,0,0,,99,None
368248150,29.157381,-89.24595,0,243.5,511,-731.3865,0,1780356614,MSSIS,0,JACKE M,0,WDM8958,0,0,3,MAIN IRON WORK HOUMA,52,None
369533000,28.189352,-88.49594,0,105.6,160,0,0,1780356614,MSSIS,0,LIGHTNING,9690389,WDI2266,0,0,4.5,MC778 TH HORSE,70,None
368142090,33.91781,-78.02877,0,360,511,0,15,1780356614,MSSIS,0,,0,WDL5543,0,0,0,,37,None
368102290,29.645882,-91.1063,0,212.5,119,0,3,1780356615,MSSIS,0,JS CHATRY,0,WDK9297,0,0,3,,33,None
251456110,65.62521,-23.823685,0,0,211,0,0,1780356615,MSSIS,0,KAFARI,0,TFFO,0,0,0.2,ABC,34,None
219329000,55.463734,8.444995,0,45.1,297,0,5,1780356615,MSSIS,0,REYKJANES,7392311,OVSI2,0,0,4.2,ESBJERG,70,None
249964000,43.720566,15.896483,0,205,76,0,5,1780356615,MSSIS,0,QUANT,9994084,9HC3256,0,0,1.9,SIBENIK,37,None
265812560,56.10005,15.474234,0,149.2,269,0,11,1780356615,MSSIS,0,SOUND SUPPORTER,9192313,SFE2492,0,0,2.4,KARLSKRONA,52,None
247331200,43.560898,10.301108,0,232.6,511,-731.3865,5,1780356615,MSSIS,0,NOS TAURUS,9647459,IJEO2,0,0,4.2,IT LIV,52,None
563209600,36.007435,16.274773,9.9,109.1,108,0,0,1780356615,MSSIS,0,HAFNIA VALENTINO,9692246,9V9291,0,0,7.6,ITGEAEGPSD,80,None
227321820,49.761795,0.370385,0,360,511,-731.3865,0,1780356615,MSSIS,0,FV PIRANHA,0,FG8094,0,0,2,,30,None
311064700,24.314093,67.02236,0.2,49.6,216,0,1,1780356615,MSSIS,0,UNITY MARIA,9543615,C6ZS4,0,0,6.4,TO ORDER,70,None
257997600,68.70677,15.131155,0,209,511,0,15,1780356614,MSSIS,0,,0,LG5164,0,0,0,,33,None
244660962,51.322117,3.8240333,4.4,115.1,511,-731.3865,0,1780356615,MSSIS,0,USHUAIA,0,PB4993,0,0,2,WAALHAVENANTWERPEN V,79,None
422172716,18.872498,59.356632,1.1,174.9,511,-731.3865,15,1780356615,MSSIS,0,MAHMADI,422172716,CH 69,0,0,0,,30,None
636093366,35.05628,16.37352,18.2,282.1,280,-0.7142446,0,1780356615,MSSIS,0,ESSEN EXPRESS,9501370,5LVY4,0,0,13.8,EGDAM  SGSIN,71,None
431005207,32.69223,128.85185,0,205.5,335,0,0,1780356615,MSSIS,0,FERRY SAKURA 2,0,JD3648,0,0,4.8,JP NMX 1E  JP FKN,60,None
371749000,33.39142,128.60773,11,53,56,0,0,1780356615,MSSIS,0,TTM HARMONY,9514016,3FDH7,0,0,6.2,JPOITA,70,None
319034800,39.529896,2.5672216,0,111.6,258,0,0,1780356615,MSSIS,0,AILISH V,0,ZGAV8,0,0,2.2,MALLORCA,37,None
368137000,42.521618,-70.880844,0,123.3,312,0,15,1780356614,MSSIS,0,,0,WDP4875,0,0,0,,36,None
251858870,65.68487,-23.599977,0,310.2,511,-731.3865,12,1780356615,MSSIS,0,LILJA,0,,0,0,0,SALMON FISH FARM,70,None
477137800,33.74232,-7.61422,0.1,338.7,320,0,1,1780356615,MSSIS,0,XIU YU HAI,9751377,VRPQ5,0,0,10,CASABLANCA,70,None
422172669,18.75994,59.183846,0.4,185.8,511,-731.3865,15,1780356615,MSSIS,0,AL MOHAMMDI,0,CH  16,0,0,0,,30,None
247149670,36.888203,12.883424,3.3,6.6,511,-731.3865,15,1780356615,MSSIS,0,N ARDOR,0,IRAT,0,0,1.6,,30,None
247064290,43.61817,13.502597,0,0,511,-731.3865,15,1780356615,MSSIS,0,MARIA MARGHERITA,0,IFHP2,0,0,0,,30,None
630001185,33.72411,-7.3700833,0.5,239.7,511,-731.3865,15,1780356615,MSSIS,0,AL MASBAHIA,9059169,J5AV3,0,0,3.2,SKHIRATMAROC,90,None
271052665,36.55667,29.06796,0,0,511,-731.3865,1,1780356613,MSSIS,0,LIBRE,0,,0,0,0,,0,None
239795000,39.49549,20.259436,0,214,202,0,5,1780356613,MSSIS,0,GKATSOS PP14,9248394,SX8628,0,0,3.2,IGOUMENITSA,90,None
613961020,12.319324,43.92907,12.1,113.7,116,0,0,1780356613,MSSIS,0,AQUA TITAN,9332781,TJM41,0,0,15,VADINAR,80,None
248838000,37.45075,25.326616,0,325.3,511,-731.3865,5,1780356613,MSSIS,0,ORIENT STAR,9657703,9HA4827,0,0,3,MYKONOS,0,None
538004096,-8.69814,13.306022,0,206.8,313,0,1,1780356613,MSSIS,0,TONG YI,9525821,V7VD7,0,0,12.1,AO LAD,70,None
378113795,9.368702,-79.95019,0,360,511,-731.3865,15,1780356614,MSSIS,0,SEAS THE DAY II,0,ZJL2863,0,0,0,B 2 A,37,None
563179900,-34.702293,114.866486,10.4,136.6,139,-19.686367,0,1780356614,MSSIS,0,FG EUCALYPTUS,9942172,9V8034,0,0,7,AUGEX,70,None
538012517,-19.116013,146.9528,0,350.6,511,-731.3865,1,1780356614,MSSIS,0,EVIAN,9728497,V7B2969,0,0,6.6,AU TSV,79,None
667002156,23.939266,59.37517,11.3,317.5,311,0,0,1780356615,MSSIS,0,TRANSIT SEDANKA,9141209,9LU2959,0,0,8.3,AE KLF,70,None
256233000,43.553307,7.1104484,0,351.6,137,0,1,1780356615,MSSIS,0,NIGHT FURY II,1013341,9HA5754,0,0,3,JUAN LES PINS,37,None
311001787,53.730648,-0.36079165,0,291.2,511,-731.3865,5,1780356615,MSSIS,0,VB STRATHDEE,9393993,C6IV8,0,0,3.5,ALBERT DOCK,52,None
503120780,-27.194714,153.10616,0,259.9,511,0,15,1780356614,MSSIS,0,RECOVERY 2,0,,0,0,0,,0,None
338119944,42.57144,-70.77186,0,321.9,511,0,15,1780356614,MSSIS,0,THOMASINE,0,,0,0,0,,0,None
211141900,52.419132,4.810055,0,360,511,-731.3865,5,1780356615,MSSIS,0,JANINA R,4812830,DH2535,0,0,3,AMSTERDAM AUSTRALIEH,89,None
319321300,43.565647,7.0819483,0,360,511,0,15,1780356614,MSSIS,0,,0,ZGUW3,0,0,0,,37,None
368413270,47.663963,-122.91344,0,344.1,287,0,15,1780356614,MSSIS,0,,0,WDQ3049,0,0,0,,37,None
463087101,24.772419,67.340126,0,44.8,211,0,0,1780356615,MSSIS,0,MTKORANGI,9931381,AQRP,0,0,5.5,PKBQM,52,None
338253594,43.068424,-86.20883,0,33.5,511,0,15,1780356614,MSSIS,0,,0,,0,0,0,,37,None
219025528,55.68855,12.623868,0,68.3,151,0,5,1780356615,MSSIS,0,DBB ASTERIX,9878125,OYFB2,0,0,2.8,KBHWORKING AREA,52,None
249177000,53.958805,-4.4959517,15,274,271,0,0,1780356615,MSSIS,0,PROGRESS,9506203,9HA6145,0,0,5.5,GBWPT,79,None
367651830,29.996124,-93.91433,0,138.4,5,0,0,1780356615,MSSIS,0,CAPT DENNIS J MARTIN,0,WDH7805,0,0,2.9,WEB FLEET CHANNELVIE,0,None
367168340,25.779526,-80.18423,0,327.8,511,0,15,1780356614,MSSIS,0,,0,WDJ4273,0,0,0,,60,None
224710620,41.073868,1.1317166,0,290.7,511,0,15,1780356615,MSSIS,0,,0,,0,0,0,,37,None
261007767,54.521477,18.55364,0,360,511,0,15,1780356615,MSSIS,0,LEE LOO,0,,0,0,0,,0,None
211406330,39.56498,2.6305068,0,223.7,511,0,15,1780356615,MSSIS,0,RUSH,0,,0,0,0,,0,None
247520520,44.100628,9.8309765,0,203.1,511,0,15,1780356615,MSSIS,0,,0,SECONDA,0,0,0,,37,None
367666570,30.277874,-81.71315,0,328.4,511,0,15,1780356615,MSSIS,0,,0,WDH9294,0,0,0,,37,None
211512110,54.436165,10.171208,0,250.4,511,0,15,1780356615,MSSIS,0,KANDOOMA,0,,0,0,0,,0,None
503028230,-27.46999,153.03854,0.2,272.1,511,0,15,1780356613,MSSIS,0,,0,,0,0,0,,36,None
269102570,39.87239,25.057838,0.2,360,511,0,15,1780356613,MSSIS,0,BACANA,0,,0,0,0,,0,None
368170890,29.983845,-90.40544,0,177.8,333,0,12,1780356615,MSSIS,0,CAPT FRANK W BANTA,0,WDL8581,0,0,3.1,US06KE0F0J,31,None
240677300,37.840046,24.938234,0.2,360,511,0,15,1780356613,MSSIS,0,AELIA,0,,0,0,0,,0,None
367667560,34.716198,-76.694664,0,255.6,338,0,0,1780356615,MSSIS,0,SEA CRESCENT,8984563,WDH9391,0,0,3.4,XX XXXUS0F5G,32,None
235083118,-20.155405,149.02112,7,214.7,511,0,15,1780356614,MSSIS,0,,0,2DYY9,0,0,0,,37,None
503126380,-38.313732,145.00389,0,360,511,0,15,1780356614,MSSIS,0,,0,,0,0,0,,37,None
525019095,-2.9081016,106.09042,10.3,295.1,255,0,8,1780356615,MSSIS,0,MV PERKASA,8109204,PMUY,0,0,7,KUALA TANJUNG,70,None
338527295,40.7046,-73.9724,0.1,360,511,-32.54277,0,1780356615,MSSIS,0,FDNY COMMAND,0,,0,0,0,,51,None
368217580,34.04469,-77.8895,0,360,511,0,15,1780356615,MSSIS,0,DOG HOUSE,0,,0,0,0,,0,None
338099083,43.06832,-86.20956,0,360,511,0,15,1780356615,MSSIS,0,,0,,0,0,0,,37,None
303100000,41.083496,-73.399826,0,271.2,511,-731.3865,0,1780356615,MSSIS,0,DANIELLE,0,WDK3685,0,0,2.1,PALM BEACH,38,None
368352990,28.40877,-80.62968,0,360,511,0,15,1780356615,MSSIS,0,CROUPIER,0,,0,0,0,,0,None
367518670,32.91391,-88.19485,0,309,290,0,12,1780356615,MSSIS,0,LEADER,0,WDG2731,0,0,2.7,BOLIGEEAL,31,None
255915585,53.451374,6.8275933,0,17.1,104,0,5,1780356615,MSSIS,0,BALTIC SPLIT,9962952,CQ2043,0,0,5.7,NLEEM,70,None
247327670,45.22756,12.291315,0,360,511,0,15,1780356615,MSSIS,0,,0,IK2059,0,0,0,,36,None
368138720,48.401783,-122.49395,0,360,511,0,15,1780356615,MSSIS,0,,0,WDP2907,0,0,0,,37,None
244139583,51.74243,4.244838,0,360,511,0,15,1780356615,MSSIS,0,,0,PE8483,0,0,0,,36,None
319356300,51.82204,4.1328416,0.1,2.3,24,0,5,1780356615,MSSIS,0,PALANTE,9994345,ZGWJ,0,0,2.7,HELLEVOETSLUIS,37,None
367644590,40.600906,-80.238235,0,128.7,511,-0.4017626,0,1780356615,MSSIS,0,OLIVIA ROSE,0,WDH7080,0,0,2.2,US0TNV0R7G,57,None
338547665,40.6175,-73.90895,0,360,322,0,15,1780356615,MSSIS,0,FROZEN ASSETS,0,,0,0,0,,0,None
316051546,50.714752,-127.48743,0,74.8,511,0,15,1780356615,MSSIS,0,,0,,0,0,0,,30,None
538003846,28.871492,-89.427635,11.8,350.3,350,0,0,1780356615,MSSIS,0,DUBAI SUN,9426740,V7TO6,0,0,6.2,SW PASS US,70,None
219033485,55.594593,12.351797,0.2,227.4,511,0,15,1780356615,MSSIS,0,,0,XPI4632,0,0,0,,37,None
265812640,57.58864,16.529736,0,340.5,511,0,15,1780356615,MSSIS,0,,0,SF5988,0,0,0,,36,None
319011400,45.842712,-60.018463,7.7,25.1,511,-731.3865,8,1780356615,MSSIS,0,SEA DRAGON,0,ZCYV6,0,0,3.1,HALIFAX,0,None
257071160,58.361717,11.247797,0,360,511,0,15,1780356615,MSSIS,0,,0,LD3377,0,0,0,,37,None
269112820,59.29685,18.264217,0,241.6,511,0,15,1780356615,MSSIS,0,,0,HBY5333,0,0,0,,36,None
636017316,47.06447,-70.7348,10,30,27,0,0,1780356615,MSSIS,0,CAPE MIRON,9545168,D5KI2,0,0,15,NLVLI,70,None
219023962,55.593967,12.676675,0,0,511,0,15,1780356615,MSSIS,0,,0,XPH2861,0,0,0,,36,None
367121040,41.496914,-81.7227,0,53.1,56,0,0,1780356615,MSSIS,0,AMERICAN COURAGE,7634226,WDD2879,0,0,0,SHUTTLES,70,None
367649320,48.574223,-122.87605,0.7,79,250,-720.00323,5,1780356615,MSSIS,0,WSF SAMISH,97202510,WDH7552,0,0,0,,60,None
316049812,48.479168,-68.512184,0,360,511,0,15,1780356615,MSSIS,0,,0,,0,0,0,,36,None
316055906,44.804752,-79.72884,0,24.3,29,0,15,1780356615,MSSIS,0,,0,CFA4488,0,0,0,,37,None
316015840,47.62712,-55.878906,0,229,341,0,3,1780356615,MSSIS,0,MULTI QUALITY,9781944,CJB2083,0,0,3.2,OLIVE COVE,52,None
316008110,47.688793,-53.016857,6.9,219.4,511,0,15,1780356615,MSSIS,0,,0,,0,0,0,,30,None
211481510,47.521984,-52.969906,0,360,54,0,5,1780356615,MSSIS,0,INFINITY,0,DIBM2,0,0,2.5,LONGPOND,36,None
316046456,44.67763,-63.90202,0,360,511,0,15,1780356615,MSSIS,0,,0,,0,0,0,,36,None
316050301,44.38251,-75.92984,0,311.6,223,0,15,1780356615,MSSIS,0,,0,CHA2105,0,0,0,,37,None
366930730,46.4388,-84.26144,8,142.5,142,0,0,1780356615,MSSIS,0,AMERICAN SPIRIT,7423392,WCX2417,0,0,6.1,CONNEAUT,70,None
316059017,42.858315,-82.47061,10.2,173.7,173,0,0,1780356615,MSSIS,0,ONTARIO VENTURE,9305178,VEOV,0,0,7,SOMBRA,70,None
232036021,44.65901,-63.91313,0,330.9,237,0,15,1780356615,MSSIS,0,LOVE MACHINE 7,0,,0,0,0,,0,None
636016801,48.35524,-69.140175,13.6,47.9,46,0,0,1780356615,MSSIS,0,HIGH TRUST,9696254,D5HW6,0,0,11.4,USHVN,80,None
368578000,44.603638,-124.48579,2.8,286.6,324,0,0,1780356615,MSSIS,0,SEEKER,0,WDJ3427,0,0,4,AKUTAN AK,30,None
636014902,31.094696,29.63968,0,0,511,-731.3865,1,1780356614,MSSIS,0,AEGEAS,9315800,A8XI6,0,0,0,ESALGEGSKT,82,None
636013383,31.13955,29.557226,0.1,352.5,511,-731.3865,0,1780356614,MSSIS,0,MALTA PROSPERITY,9389033,A8MN7,0,0,0,EG SKT,80,None
316021084,46.34712,-62.248566,0,360,250,0,15,1780356615,MSSIS,0,,0,0,0,0,0,,37,None
232008244,36.205975,29.627487,0,55.2,511,-731.3865,1,1780356614,MSSIS,0,MARUSYA,0,MBBS6,0,0,0,,0,None
563158600,34.372963,130.2214,8.7,124.9,127,0,0,1780356616,MSSIS,0,PACIFIC TIANJIN,9498690,9V8011,0,0,7.2,JPIYM,74,None
338329348,48.757095,-122.4975,0,360,511,0,15,1780356615,MSSIS,0,,0,,0,0,0,,40,None
265757140,59.318356,18.16152,0,360,511,-731.3865,15,1780356616,MSSIS,0,POLIS 139 9980,0,7SA2710,0,0,1,PATROLING,55,None
368162130,50.067165,-125.09992,7.5,192.9,192,0,15,1780356615,MSSIS,0,,0,WDL7647,0,0,0,,37,None
238743840,44.084644,14.995932,0,360,511,-731.3865,5,1780356616,MSSIS,0,JURAJ DALMATINAC,9415193,9AA5138,0,0,2,HR BRB  HR GNA,60,None
219004903,54.906715,9.599658,0,360,511,-731.3865,0,1780356616,MSSIS,0,THJALFE,0,OUQG,0,0,2,EGERNSUND,70,None
219263000,57.721024,10.602696,0,275.6,323,0,5,1780356616,MSSIS,0,GUNNAR THORSON,7924061,OUDU,0,0,4.2,,35,None
219018042,56.115913,12.322253,0.1,249.9,511,0,15,1780356616,MSSIS,0,,0,XPE5014,0,0,0,,51,None
219022352,55.910984,10.256062,0,150.5,511,0,15,1780356616,MSSIS,0,ANNA II,0,,0,0,0,,0,None
210425000,55.02938,13.37019,15.5,336.7,337,0,0,1780356616,MSSIS,0,EPSILON,9539054,5BZX5,0,0,6.8,SETRGPLSWI,60,None
304513000,50.011795,-1.50898,14,73.5,73,-4.464029,0,1780356616,MSSIS,0,IMKE,9501899,V2HN6,0,0,7,EEMSHAVEN,70,None
338254222,38.77686,-76.56277,0.1,192.1,511,0,15,1780356616,MSSIS,0,,0,,0,0,0,,36,None
235069781,47.882042,-3.9809117,1,360,511,0,15,1780356616,MSSIS,0,TIRAMISU,0,,0,0,0,,0,None
205414070,54.340714,10.157944,0,360,511,0,15,1780356616,MSSIS,0,,0,OQ4140,0,0,0,,36,None
244150516,49.99315,-1.8883,13.9,73.5,74,2.187374,0,1780356616,MSSIS,0,FWN SPACE,9735232,PBWA,0,0,5.1,BREMERHAVEN,70,None
225998168,39.795513,2.6937466,0,360,511,0,15,1780356616,MSSIS,0,,0,,0,0,0,,36,None
251735110,66.06948,-23.118046,0,360,511,-731.3865,6,1780356616,MSSIS,0,GUNNA BETA,0,2609,0,0,0,,60,None
244110828,28.856487,-13.8139,0,243.2,511,0,15,1780356616,MSSIS,0,,0,PF6650,0,0,0,,36,None
258375000,68.74041,16.74855,9.4,208.8,206,-720.00323,0,1780356616,MSSIS,0,RO CHIEF,9267596,LLVU,0,0,5.5,CH 16,70,None
503562100,-27.206682,153.09932,0,7.2,511,0,15,1780356616,MSSIS,0,SCAMP,0,,0,0,0,,0,None
251463000,63.444157,-20.269962,0,287.5,276,0,7,1780356616,MSSIS,0,SUDUREY,9350628,TFOS,0,0,6.9,CH 16 PLEASE,30,None
338430699,27.777798,-82.777435,0,360,511,0,15,1780356616,MSSIS,0,,0,,0,0,0,,37,None
258099000,78.22399,14.761557,8.5,71.5,68,0,0,1780356616,MSSIS,0,KVITUNGEN,516961700,LGPZ,0,0,6,LONGYEARBYEN,30,None
368378640,25.313004,-80.279594,0,360,511,0,15,1780356616,MSSIS,0,,0,WDP7098,0,0,0,,37,None
211863820,39.391434,-9.435403,6.5,197.1,188,0,15,1780356616,MSSIS,0,,0,DD9571,0,0,0,,36,None
416002561,23.995983,121.636215,0.1,307.9,511,-731.3865,15,1780356616,MSSIS,0,CL933,0,SSD,0,0,0,,55,None
253242276,51.146378,3.7930634,0,19,511,-731.3865,5,1780356616,MSSIS,0,BO CHRIS JR,0,LX2276,0,0,3.3,GENT ALPHONSE SIFFER,79,None
316018828,49.29989,-123.02176,0,360,511,0,15,1780356616,MSSIS,0,,0,VG7056,0,0,0,,30,None
367539840,26.777002,-80.05126,0,360,135,-686.3891,5,1780356616,MSSIS,0,MARY M,0,WDG4762,0,0,0,,52,None
228036360,46.144768,-1.170435,0,360,511,0,15,1780356616,MSSIS,0,,0,FW4665,0,0,0,,36,None
310828000,26.77935,-80.05073,0,165,92,0,15,1780356616,MSSIS,0,,0,ZCHD3,0,0,0,,37,None
244730387,52.77098,5.1171317,0,0,511,-731.3865,5,1780356616,MSSIS,0,ANJO,0,PC3754,0,0,0.3,MEDEMBLIK,79,None
316039857,49.29516,-123.12693,0,319,235,0,15,1780356616,MSSIS,0,,0,,0,0,0,,37,None
538006042,33.689587,-7.7144184,0.1,317.9,352,-0.17856115,1,1780356616,MSSIS,0,GENCO VIGILANT,9742663,V7JE7,0,0,12,CASABLANCA,70,None
119002383,38.53214,-28.624914,0,16.9,511,0,15,1780356616,MSSIS,0,,0,ABCDEFG,0,0,0,,57,None
338330158,32.71402,-117.23394,0,360,511,0,15,1780356616,MSSIS,0,GET KNOTTY,0,,0,0,0,,0,None
367635140,28.231054,-91.01386,8.8,47.1,45,0,0,1780356616,MSSIS,0,AVERY ISLAND,9730311,WDH6152,0,0,5.1,AC728,70,None
338360193,38.044834,-122.15649,0,360,511,0,15,1780356616,MSSIS,0,,0,KOAMALU,0,0,0,,36,None
367310510,29.992426,-90.43323,0,128.6,263,0,0,1780356616,MSSIS,0,MATAGORDA,0,WDD9377,0,0,2.6,US0E340WVR,52,None
245289000,19.731869,57.842434,8.3,259.4,249,0,5,1780356616,MSSIS,0,CTOW BIEKE,9706683,PGTM,0,0,5,DUQM,52,None
338340787,41.69218,-71.39111,0,144.7,223,0,15,1780356616,MSSIS,0,,0,,0,0,0,,36,None
601032660,-29.86284,31.029602,0,138.8,227,0,5,1780356616,MSSIS,0,SEPELONG,9945394,ZS7263,0,0,4.9,ZA DUR,52,None
367349290,40.9508,-73.06805,0,360,511,0,15,1780356616,MSSIS,0,SMOKE  MIRRORS,0,,0,0,0,,0,None
244820418,64.142815,-21.837622,0,248,178,0,5,1780356616,MSSIS,0,SAMSKIP SKAFTAFELL,9164562,PCGP,0,0,6.8,ISREY,71,None
368388280,33.917267,-78.027145,0,244.4,511,0,15,1780356616,MSSIS,0,,0,,0,0,0,,37,None
368376110,28.408821,-80.629,0,360,511,0,15,1780356616,MSSIS,0,,0,WDP6818,0,0,0,,36,None
259004190,59.892025,10.72099,0,220,148,0,5,1780356616,MSSIS,0,OSLOFJORD V,9914618,LGLT,0,0,2.2,NOOSL,60,None
219030227,55.454304,10.667272,0,360,511,0,15,1780356617,MSSIS,0,,0,XPH8635,0,0,0,,37,None
368338580,32.703896,-117.1812,0,0,109,0,5,1780356616,MSSIS,0,HOS MAUSER,9515852,WDP2681,0,0,4.3,SAN DIEGO,79,None
235085985,39.56419,19.019869,4,50.8,58,0,15,1780356617,MSSIS,0,PIERRE LEA,0,,0,0,0,,0,None
244030886,51.751957,5.8367414,0,360,511,-731.3865,5,1780356616,MSSIS,0,LEENTJE,0,PB8444,0,0,2,EMMERICH,52,None
271049534,38.379425,26.879734,0,0,511,0,15,1780356615,MSSIS,0,BADELA,0,TCA6689,0,0,0,,0,None
368235690,31.247353,-87.94891,0,8.3,291,0,12,1780356616,MSSIS,0,KENISON STERLING,0,WDM7612,0,0,2.9,US0GAY0JUL,31,None
205255690,51.25879,4.381738,0,360,511,-731.3865,5,1780356616,MSSIS,0,VAYA CON DIOS,0,OT2556,0,0,0,,20,None
367638260,38.861702,-90.140816,0.1,348,260,0,12,1780356616,MSSIS,0,TITLETOWN USA,0,WDH6466,0,0,3.1,US0D0Y11E2,57,None
244780874,51.327354,3.824305,0,360,511,-731.3865,5,1780356616,MSSIS,0,GOBLIN,0,PA3601,0,0,1.6,SIFFERDOK,79,None
240979000,51.961216,3.5969667,6.6,77,74,0,0,1780356616,MSSIS,0,MARAN HARMONY,9434412,SVAX3,0,0,14.1,NLRTM,70,None
230652000,51.94684,2.6750884,16.1,237,236,0,0,1780356616,MSSIS,0,NORSKY,9186182,OJRB,0,0,5.8,GBTILNLEUR,71,None
227004260,49.48383,0.11957333,0,360,511,-731.3865,5,1780356616,MSSIS,0,LYNX,0,FV7725,0,0,0,,55,None
227974840,49.522858,0.7112733,0,174.6,511,-731.3865,15,1780356616,MSSIS,0,ROUENPILO LEOPOLDINE,0,FGA3805,0,0,0,,50,None
338263000,41.17569,-71.169304,0.5,113.7,21,0,0,1780356616,MSSIS,0,SUB SEA,9704685,WHSE,0,0,7.2,REVOLUTION WIND,9,None
244700127,51.886784,4.30129,0,70.6,511,-731.3865,0,1780356616,MSSIS,0,SMIT WAALHAVEN 3,0,PE8454,0,0,1.5,AMSTERDAM,33,None
244750175,51.82387,4.6979685,0,0,511,-731.3865,0,1780356616,MSSIS,0,AMICITIA,0,PD3005,0,0,0.2,MAASBRACHT,79,None
225993642,28.470613,-16.242325,0,5.6,27,0,0,1780356616,MSSIS,0,YSABEL,0,EBSA,0,0,0,,35,None
345010096,29.549004,-90.70404,0,61.7,358,0,8,1780356616,MSSIS,0,AMBER,9288655,XCCO7,0,0,4,LASHIP HOUMA,36,None
205404090,51.903282,4.3499484,0,360,511,-731.3865,5,1780356616,MSSIS,0,BELLATOR,0,OT4040,0,0,2.2,ROTTERDAM 2E PETROH,90,None
367744140,29.962341,-90.23984,1.4,317.1,511,-731.3865,0,1780356616,MSSIS,0,ROBIN R,0,WDI8986,0,0,2.6,NO HARBOR,52,None
246502000,53.331333,6.9319515,0,268.7,146,0,0,1780356616,MSSIS,0,GRUNO4,9342669,PHEK,0,0,3,ASSISTANCERIVEREMS,52,None
422000102,29.638935,48.905354,0,134.3,134,0,1,1780356616,MSSIS,0,MTMARIS,9353905,EPA6425,0,0,8.5,BASRAHIQ,80,None
305496000,1.32399,104.24436,0,67,238,0,1,1780356616,MSSIS,0,SLOMAN THETIS,9306653,V2HJ9,0,0,7,SG SINMY PGU,80,None
247199040,43.969173,9.82228,7.6,36.3,38,0,15,1780356617,MSSIS,0,,0,IJ4337,0,0,0,,36,None
368064650,33.723724,-118.27967,0,360,511,-731.3865,15,1780356616,MSSIS,0,KIN SHIP,0,WDK5421,0,0,1.3,,37,None
211678740,45.438786,13.515948,0,360,511,0,15,1780356617,MSSIS,0,HENRIK,0,,0,0,0,,0,None
211885510,43.37667,4.8291636,0,360,511,0,15,1780356617,MSSIS,0,,0,DF4471,0,0,0,,37,None
219005671,57.12068,8.60024,0,360,148,0,7,1780356617,MSSIS,0,HM141 PLUTO,0,OU7988,0,0,0,HANSTHOLM,30,None
338409529,41.22706,-73.969215,0,360,511,0,15,1780356617,MSSIS,0,,0,,0,0,0,,37,None
244040133,53.054867,5.389415,0,360,511,0,15,1780356617,MSSIS,0,ASHA,0,,0,0,0,,0,None
244630148,51.46122,4.005735,0,360,511,-731.3865,15,1780356617,MSSIS,0,ZWAANTJE 9,0,PI3347,0,0,0,HANSWEERT,89,None
227868190,43.12449,6.3658633,0.1,360,511,0,15,1780356617,MSSIS,0,,0,FAF5406,0,0,0,,36,None
259044100,54.579453,11.377133,0.1,360,511,0,15,1780356617,MSSIS,0,TRONDS BARGE 132,0,,0,0,0,,0,None
316036089,43.21661,-79.213234,0,238.9,344,0,0,1780356617,MSSIS,0,ALGOMA SAULT,9619282,VBCD,0,0,8.1,CLARKSON,70,None
367496950,29.639675,-93.06179,0.4,309,511,0,15,1780356617,MSSIS,0,,0,WDF8637,0,0,0,,30,None
304665000,44.507576,12.504889,0.1,19.3,115,-4.464029,1,1780356617,MSSIS,0,CLARISSA,9201803,V2RJ5,0,0,3.9,ORDER,79,None
367495060,29.714315,-93.14019,2.9,105.8,511,0,15,1780356617,MSSIS,0,,0,WDJ9986,0,0,0,,30,None
228180260,43.123074,6.365353,0,360,511,0,15,1780356617,MSSIS,0,HEDWIG,0,,0,0,0,,0,None
338513103,41.32489,-72.34267,0,360,511,0,15,1780356617,MSSIS,0,,0,,0,0,0,,37,None
477745600,51.273525,4.350597,0,16.3,306,0,5,1780356617,MSSIS,0,CS ZHE JIANG,9899478,VRUK9,0,0,7.8,ANTWERP,80,None
338509216,47.53929,-122.64622,0,360,511,0,15,1780356617,MSSIS,0,,0,,0,0,0,,37,None
368046390,43.844032,-69.59324,0.4,25.3,511,0,15,1780356617,MSSIS,0,ABEONA,0,,0,0,0,,0,None
255892000,51.253666,4.378695,0,341,92,0,5,1780356617,MSSIS,0,EBERHART ESSBERGER,9939802,CQWY,0,0,5.8,BE ANR,80,None
503095010,-24.759964,152.38794,0,142,511,0,15,1780356616,MSSIS,0,,0,GB420Q,0,0,0,,37,None
503057440,37.028214,27.433968,0.1,38.1,511,0,15,1780356616,MSSIS,0,LONGREACH 1,0,,0,0,0,,0,None
636020574,31.189226,29.875456,0.7,20.9,135,6.4282017,0,1780356615,MSSIS,0,MSC CHARLOTTE,9330238,D5EV4,0,0,0,LBBEY,74,None
416007703,21.640518,120.25451,6.5,180.7,511,0,15,1780356616,MSSIS,0,,0,,0,0,0,,30,None
567005356,7.880067,98.41711,0,360,511,0,15,1780356616,MSSIS,0,,0,,0,0,0,,30,None
305176000,37.796844,24.267235,11.3,236.7,229,-720.00323,0,1780356615,MSSIS,0,MIRANDA,9344394,V2DD5,0,0,5.2,GBCDF,70,None
601033260,-7.0354285,-34.85466,0,302.3,511,0,15,1780356616,MSSIS,0,SHAKA ZULU 1,0,,0,0,0,,0,None
305648000,35.8265,23.153667,12.5,120.4,119,0,0,1780356615,MSSIS,0,PHOENIX J,9504047,V2FE2,0,0,7.3,EGPSE,73,None
218049430,55.5519,9.726922,0,360,511,0,15,1780356618,MSSIS,0,,0,DB4427,0,0,0,,36,None
241955000,37.961033,23.565214,0,5.8,2,2.187374,1,1780356615,MSSIS,0,NINO,9565089,SVB5300,0,0,0,PERAMA,37,None
235077032,36.81833,28.310076,0,0,511,-731.3865,1,1780356615,MSSIS,0,GUZEL,0,,0,0,0,,0,None
238279240,44.11924,15.22686,0,360,511,0,15,1780356618,MSSIS,0,,0,9A5048,0,0,0,,37,None
677039300,36.61305,36.143215,0,0,511,-731.3865,1,1780356615,MSSIS,0,UNIWIND,8024155,5IM493,0,0,0,TRISK,70,None
440295000,12.655058,101.144516,0,267.9,136,0,5,1780356615,MSSIS,0,PRINCESS CRYSTAL,9284829,D7BI,0,0,4.8,TH MAT,83,None
232019566,40.621304,0.604335,0,360,511,0,15,1780356618,MSSIS,0,,0,MEJN4,0,0,0,,36,None
374743000,8.939814,-79.56339,20.6,146,511,-731.3865,0,1780356615,MSSIS,0,ROBALO,0,LAUROB,0,0,0,,60,None
225900360,43.33848,-3.01576,0,360,511,0,15,1780356618,MSSIS,0,,0,,0,0,0,,36,None
338094919,33.983624,-118.45091,0,291.4,511,0,15,1780356618,MSSIS,0,,0,,0,0,0,,37,None
271010664,41.205837,29.127783,0,0,511,-731.3865,0,1780356615,MSSIS,0,ENAD 1,8891637,TC5602,0,0,2.3,ISTANBUL,52,None
228203780,48.805565,-3.4411283,0,360,511,0,15,1780356618,MSSIS,0,CALYCEO,0,,0,0,0,,0,None
992511147,63.86279,-21.374887,0.9,193.3,193,0,15,1780356618,MSSIS,0,,0,93,0,0,0,,30,None
636023227,43.61871,28.880856,13.2,159.2,159,0,0,1780356615,MSSIS,0,CHLOE D,9241190,A8HJ4,0,0,10.5,EGPSD,71,None
248000668,43.587105,7.123955,0.1,160.1,511,0,15,1780356618,MSSIS,0,OCEAN CLUB,0,,0,0,0,,0,None
227377520,43.55468,4.08171,0,360,511,0,15,1780356618,MSSIS,0,CANNELLE,0,,0,0,0,,0,None
273348270,34.580475,128.64354,9,224,239,720.00323,0,1780356617,MSSIS,0,VOSTOK,9256547,UBTL8,0,0,3.4,CN SHIDAO,52,None
503048730,-32.05225,115.74248,0.1,251.2,511,0,15,1780356618,MSSIS,0,,0,VNW4107,0,0,0,,60,None
373126000,34.640285,128.75896,15,232,232,0,0,1780356617,MSSIS,0,SKY FLOWER,9595802,3EUE6,0,0,7.1,CN TXG,70,None
338029727,47.644333,-122.31311,0,360,511,0,15,1780356618,MSSIS,0,,0,,0,0,0,,37,None
257390600,60.39527,5.310547,0,360,511,0,15,1780356618,MSSIS,0,SEAROCK,0,,0,0,0,,0,None
440414000,34.168243,128.17564,0.1,175.9,189,-0.044640288,1,1780356617,MSSIS,0,GLOVIS DESIRE,9710608,D7EO,0,0,14,KRKAN,70,None
210588000,34.64517,33.017956,102.3,360,511,-731.3865,8,1780356617,MSSIS,0,LEDRA PRIDE,8028503,5BHA4,0,0,5.5,CYLIM,52,None
265533480,59.3281,18.08285,0,85,25,0,15,1780356617,MSSIS,0,FALKLAND,0,SMZR,0,0,0,,37,None
572926220,26.544125,34.88039,11.4,329.8,326,0,0,1780356617,MSSIS,0,FAKHR1,108971600,T2KB6,0,0,5.4,ISMAILIAEGYPT,0,None
316008523,54.293568,-130.35448,0,196.6,511,0,15,1780356618,MSSIS,0,,0,,0,0,0,,30,None
636014972,35.90021,14.83242,0,331.9,335,0,1,1780356617,MSSIS,0,AFRODITI,9452880,A8XT8,0,0,9,MALTA,80,None
636024977,30.438097,-81.27921,0,6.7,69,0.4017626,1,1780356617,MSSIS,0,AL SAKHAMAH,9986051,5LVF2,0,0,9.2,USJAX,80,None
257381000,52.960827,4.7775083,0.1,4.8,86,0,5,1780356617,MSSIS,0,ENERGY PARADISE,9685762,LAVA8,0,0,5.2,NO5A,90,None
370789000,54.182247,15.553398,0,360,170,0,5,1780356617,MSSIS,0,SEA HUNTER GUARD,6812625,HP7509,0,0,3,PLKOL,0,None
265791720,58.89031,17.553532,0,360,511,-731.3865,15,1780356617,MSSIS,0,RESCUE LILLIE VIVEST,0,7SA2805,0,0,0,SWEDISH SAR VESSEL,51,None
265512370,57.70591,18.810429,0,93.1,234,0,0,1780356617,MSSIS,0,PILOT 776 SE,0,SGHK,0,0,0,GOTLAND,50,None
338122197,42.434658,-82.87414,0,50.9,511,0,15,1780356618,MSSIS,0,,0,,0,0,0,,37,None
352003377,37.161076,-6.899225,0,205.9,127,0,5,1780356617,MSSIS,0,FAITHFUL STAR,9228320,3E7530,0,0,8.6,HUELVA,82,None
338560733,37.55895,-76.31911,0,360,511,0,15,1780356618,MSSIS,0,,0,OLDFSHD,0,0,0,,37,None
265828640,59.325783,18.088583,0,167.4,329,0,5,1780356617,MSSIS,0,NAUTILUS,0,SBQW,0,0,2.8,STOCKHOLM,37,None
338540502,48.129414,-88.78371,0.6,358.6,511,0,15,1780356618,MSSIS,0,SD2048 UNCREWED,0,,0,0,0,,0,None
367999370,40.835335,-73.72079,0,360,511,0,15,1780356618,MSSIS,0,,0,WDJ6700,0,0,0,,36,None
232004784,51.11856,1.3216367,0,245.5,238,0,0,1780356617,MSSIS,0,DHB DAUNTLESS,9190456,MZGC8,0,0,4.6,DOVER,52,None
368180090,47.743977,-122.44311,6.8,149.2,187,0,15,1780356618,MSSIS,0,,0,WDL9544,0,0,0,,37,None
244448000,49.455208,-0.39028665,0.3,107.7,65,-2.187374,0,1780356617,MSSIS,0,EEMS WRANGLER,9274783,PGUI,0,0,5.2,CALVADOS OWF,52,None
215000992,39.556816,2.6259568,0,360,511,0,15,1780356618,MSSIS,0,,0,9HB5777,0,0,0,,37,None
219029420,54.80208,11.635687,0.1,360,511,0,15,1780356618,MSSIS,0,THULE,0,,0,0,0,,0,None
338439758,26.284782,-80.0834,0.1,360,511,0,15,1780356618,MSSIS,0,,0,,0,0,0,,37,None
244153381,51.519405,3.90474,0,60.9,511,0,15,1780356618,MSSIS,0,TWIST,0,,0,0,0,,0,None
256045000,40.905804,12.965892,0.2,33,511,-731.3865,1,1780356617,MSSIS,0,FREE AT LAST,0,9HB8747,0,0,4,,36,None
316001937,47.377167,-61.85865,0,324.1,511,0,15,1780356618,MSSIS,0,POINTE BASSE,0,,0,0,0,,0,None
218085000,51.349365,1.82737,11.2,200.9,202,0,0,1780356617,MSSIS,0,SEAMARLIN,9380489,DDSL,0,0,10,MAPTM FOR ORDER,89,None
316056568,52.289616,-130.81071,8.7,123.4,124,0,15,1780356618,MSSIS,0,FREE SOLO,0,,0,0,0,,0,None
316049288,49.664284,-123.25597,0,360,511,0,15,1780356618,MSSIS,0,MERCURY IX,0,,0,0,0,,0,None
368129710,29.369328,-94.89003,0,249.2,357,0,12,1780356617,MSSIS,0,PETER BRENT ICE,0,WDN8028,0,0,3,TEXAS CITY,57,None
316004914,45.068817,-66.73903,0,242.9,511,0,15,1780356618,MSSIS,0,,0,,0,0,0,,97,None
316029441,50.03487,-125.24254,0,235,511,0,15,1780356618,MSSIS,0,,0,,0,0,0,,37,None
366939790,40.652176,-74.08401,5.7,255.7,249,0,0,1780356617,MSSIS,0,DORIS MORAN,8121800,WRU2125,0,0,4.6,NY HARBOR,52,None
316049125,51.1398,-127.42203,0.2,360,511,0,15,1780356618,MSSIS,0,,0,,0,0,0,,31,None
366986780,42.44871,-90.58871,2.6,234.6,511,-731.3865,12,1780356617,MSSIS,0,ROSE M,0,WDC2002,0,0,0,DUBUQUE,0,None
367456980,29.835333,-90.05956,0,223.6,314,0,12,1780356617,MSSIS,0,WALTER HAGESTAD,0,WDF4894,0,0,2.9,US0BDQ0DE3,52,None
368397510,29.837946,-93.956696,0,325.6,183,0,0,1780356617,MSSIS,0,BAHIA GULF,1084833,WDP9228,0,0,0,,52,None
367396910,17.93471,-66.15683,0.1,360,511,-731.3865,0,1780356617,MSSIS,0,ALEJANDRO,0,WDE7729,0,0,4,LAS MAREAS,52,None
367702410,27.288626,-97.40793,4.3,200.8,198,0,12,1780356617,MSSIS,0,SAFETY FIRST,1001193706,WDI4825,0,0,2.8,US08FC0SNF,57,None
512009127,-36.838978,174.74709,0,360,511,0,15,1780356617,MSSIS,0,,0,ZMP4004,0,0,0,,37,None
461138000,-20.317717,118.56938,1.5,19.1,139,0,15,1780356617,MSSIS,0,KILLARA,0,,0,0,0,,0,None
503434200,-37.861294,144.9075,0.1,360,511,0,15,1780356617,MSSIS,0,,0,R4689,0,0,0,,36,None
225988583,39.53257,2.7168934,0,360,511,0,15,1780356619,MSSIS,0,BACCHUS NOVENO,0,,0,0,0,,0,None
228105460,42.257412,-8.706807,0,360,511,0,15,1780356619,MSSIS,0,KALAYAAN,0,,0,0,0,,0,None
211868480,39.544895,2.381865,0.1,193.5,511,0,15,1780356619,MSSIS,0,CAJA 111948A,0,,0,0,0,,0,None
219027868,55.688976,12.618154,0,360,511,0,15,1780356619,MSSIS,0,FIESTA,0,,0,0,0,,0,None
265823820,57.760525,11.801494,0,360,511,0,15,1780356619,MSSIS,0,BONIBA,0,,0,0,0,,0,None
251268840,64.895615,-23.703335,0,231.2,511,0,15,1780356619,MSSIS,0,,0,2419,0,0,0,,30,None
367393990,48.51928,-122.6215,0,360,511,0,15,1780356619,MSSIS,0,,0,WDE7499,0,0,0,,37,None
265528280,58.272373,11.437583,0,77,511,0,15,1780356619,MSSIS,0,CARL WILHELMSON,0,,0,0,0,,0,None
338179479,41.54596,-70.60465,0,175,511,0,15,1780356619,MSSIS,0,,0,,0,0,0,,37,None
316008508,47.522278,-52.96935,0,272.2,232,0,15,1780356619,MSSIS,0,MARGARET M,0,,0,0,0,,0,None
339291000,26.09845,-80.16402,0,360,511,0,15,1780356619,MSSIS,0,SAMO,0,,0,0,0,,0,None
366690030,42.975037,-82.423294,0.1,13.1,511,0,15,1780356619,MSSIS,0,,0,WCT6518,0,0,0,,36,None
316008180,50.496227,-59.476364,0,360,511,0,15,1780356619,MSSIS,0,,0,,0,0,0,,30,None
316038806,50.899906,-127.937645,0.1,63.1,511,0,15,1780356619,MSSIS,0,,0,,0,0,0,,30,None
368185870,47.33416,-122.58324,0,360,511,0,15,1780356619,MSSIS,0,,0,WDM2188,0,0,0,,37,None
316034108,50.579647,-127.61118,0,333.4,511,0,15,1780356619,MSSIS,0,,0,,0,0,0,,30,None
338409411,29.915836,-93.88871,0,214.5,511,0,15,1780356619,MSSIS,0,,0,,0,0,0,,52,None
368292410,26.420824,-80.06776,0,357.7,511,0,15,1780356619,MSSIS,0,,0,,0,0,0,,37,None
368237410,39.843357,-72.62762,3.9,20.7,511,0,15,1780356619,MSSIS,0,MY BOYS,0,,0,0,0,,0,None
257828270,60.539013,5.242737,0,4.3,511,0,15,1780356619,MSSIS,0,KRUSE,0,,0,0,0,,0,None
244140775,53.034184,5.6726365,0,360,511,0,15,1780356619,MSSIS,0,CARPE DIEM,0,,0,0,0,,0,None
211361160,52.56778,13.23464,0,360,511,0,15,1780356619,MSSIS,0,MINERVA,0,,0,0,0,,0,None
60500706,24.990643,56.85742,0,9,511,0,15,1780356619,MSSIS,0,,0,,0,0,0,,0,None
211118030,52.96754,5.419073,0,360,511,0,15,1780356619,MSSIS,0,SUMMERTIME,0,,0,0,0,,0,None
246325000,31.228947,29.760784,8.8,310.2,511,-731.3865,0,1780356616,MSSIS,0,VERTOM ANETTE,9972763,PCAE,0,0,0,GBLIV,70,None
271002451,36.84901,28.280993,0,0,511,-731.3865,1,1780356616,MSSIS,0,KARTEPE,9073622,TCON2,0,0,0,MARMARIS,60,None
368220020,47.62792,-122.39059,0,144.9,511,0,15,1780356619,MSSIS,0,,0,WDM5872,0,0,0,,37,None
271043410,36.614254,36.19153,0,0,511,-731.3865,1,1780356616,MSSIS,0,KAYA TUNA,9340362,TCVT6,0,0,0,TR ISK  TR TUT,80,None
241772000,37.915257,23.7044,0,45.1,511,-731.3865,5,1780356616,MSSIS,0,DE ZEUS,9819416,SVB2731,0,0,0,,37,None
368211490,47.683884,-122.24418,9.5,156.7,511,0,15,1780356619,MSSIS,0,,0,WDM4984,0,0,0,,37,None
235107512,-19.922853,118.300896,0,319.7,278,0,1,1780356616,MSSIS,0,BERGE TAI SHAN,9675937,2HXU4,0,0,8.7,AU PHE,79,None
355171000,8.836654,-79.56524,0.2,334.3,4,-5.401475,1,1780356616,MSSIS,0,STAR GOETHALS,9134749,H9AG,0,0,5.6,BALBOA,81,None
352277000,9.006621,-79.59657,0,360,511,-731.3865,0,1780356616,MSSIS,0,PACORA,0,TUGPC,0,0,0,,52,None
316053976,49.18745,-123.94731,0,335.4,511,0,15,1780356619,MSSIS,0,,0,,0,0,0,,60,None
564018000,10.994766,100.68535,9.1,1,355,0,0,1780356616,MSSIS,0,TASCO SAKORN,9523782,9V7789,0,0,6.2,THBKK,89,None
249014000,-36.84185,174.78331,0,134.6,348,0,5,1780356616,MSSIS,0,DELOS WAVE,9341110,9HA6063,0,0,10.1,NELSON,71,None
538009793,-2.58285,-44.368965,0,167.3,351,0,5,1780356616,MSSIS,0,CAPTAIN SITARAS,9553713,V7A5169,0,0,10.4,BRITQ,70,None
219034422,55.855923,9.868745,0,25.3,101,0,5,1780356618,MSSIS,0,MARTHA HOJ,8937596,OVRC2,0,0,1.7,HORSENS,99,None
266266000,55.666588,11.09314,0,181.1,285,0,5,1780356618,MSSIS,0,ASTRAL,9371878,SLHJ,0,0,5.1,DKKAL,89,None
244850275,51.33908,3.81325,0.3,181.8,511,-731.3865,5,1780356618,MSSIS,0,SERENO,0,PB6413,0,0,0,NLRTM00697DOCKX00012,79,None
255851000,51.771877,2.6363432,8.9,40.2,37,0,0,1780356618,MSSIS,0,FYN,9968188,CQVJ,0,0,6.8,DKODE,70,None
636092737,51.454895,3.7227683,0.1,340.9,239,0,5,1780356618,MSSIS,0,AMELIE,9647289,D5MH2,0,0,10.2,INPAV,70,None
205536690,51.32335,3.8237033,2,333.6,316,0,0,1780356618,MSSIS,0,NARWAL,0,OT5366,0,0,3,VLISSINGEN,79,None
477732200,35.029015,129.27437,1.9,359.2,47,0,0,1780356618,MSSIS,0,RUI NENG 8,9946178,VRUH4,0,0,5.8,KR PUS,74,None
265033560,57.389328,18.18679,0.1,146.3,511,-731.3865,5,1780356618,MSSIS,0,TRALLE,0,SFE4839,0,0,1.5,OFW,52,None
265604500,57.865364,19.05893,0,3.3,269,0,0,1780356618,MSSIS,0,KAJSA STINA,7504536,SMKJ,0,0,3.5,FAROSUNDFARO,60,None
438000062,25.51661,35.881866,9.4,146.8,147,720.00323,0,1780356618,MSSIS,0,VERA GEE,9951599,JYA58,0,0,0,SUEZEGYPT,52,None
249663000,36.102116,-5.4020166,0,346.3,209,0,5,1780356618,MSSIS,0,PEARL LOYALE,1015686,9HA6345,0,0,6,ESALG,80,None
368098370,53.905552,-166.51137,0,207.9,511,-731.3865,5,1780356618,MSSIS,0,REBEL,8856326,WDK8883,0,0,2.7,AKUTAN,99,None
247066860,43.136356,9.94636,2.3,103.1,511,-731.3865,0,1780356618,MSSIS,0,ANASTASIA,7777777,IRAV,0,0,0,,30,None
224091680,41.81811,-9.370968,0.2,360,511,-731.3865,7,1780356618,MSSIS,0,GONZACOVE DOS,9144603,EANG,0,0,0.4,VIGO,30,None
367768880,29.99779,-90.011475,0,161.4,253,0,12,1780356618,MSSIS,0,TEE GOLDING,0,WDJ3535,0,0,3.1,US0EJ60SE5,31,None
636093172,43.94729,-9.252415,12.4,26.6,25,0,0,1780356618,MSSIS,0,ALULA EXPRESS,9525883,5LDX9,0,0,13.1,NLRTM,71,None
225984999,36.532475,-6.2813816,0,360,511,-731.3865,0,1780356618,MSSIS,0,VB MUSTANG,9234252,EAEE,0,0,5.6,CADIZ,52,None
276152000,58.97517,22.909523,0,163.1,162,0,5,1780356618,MSSIS,0,PIIRISAARE,9100932,ESEE,0,0,2,SUURSADAM,30,None
247151730,38.404297,1.4747666,0.7,78.9,511,-731.3865,3,1780356618,MSSIS,0,GIORGIO THEODOSIS,8784157,IVTQ,0,0,3,TUNA CAGE TOWING,32,None
265050000,42.853775,-9.78393,10.9,2.5,359,-0.044640288,0,1780356618,MSSIS,0,FUTURE WAY,9945590,SBAU,0,0,8.1,ES SDR,70,None
247391900,40.321106,1.9664884,9.8,183.9,185,0,0,1780356618,MSSIS,0,COSTA SMERALDA,9781889,IBCA,0,0,8.5,ESIBZ,60,None
613661400,49.82827,-2.91219,13.3,71.5,71,0.044640288,0,1780356618,MSSIS,0,MONTE 1,9297553,TJMD23,0,0,8.2,BALTIC FOR ORDERS,80,None
367645170,45.64727,-122.73986,0,230.2,17,0,5,1780356618,MSSIS,0,CROWN POINT,0,WDH7139,0,0,3.8,VANCOUVER WA,52,None
563256700,16.238766,65.228485,1.6,12,341,0,0,1780356618,MSSIS,0,NAVIG8 MARTINEZ,9482847,9VDA7,0,0,8.5,OMDQM,89,None
367006540,40.54521,-74.24672,0,296.2,33,0,5,1780356618,MSSIS,0,THE BEATRICE,8117964,WDM6451,0,0,5.5,US0Q650LFP,52,None
367641540,29.82055,-93.97169,0,164.9,72,0,12,1780356618,MSSIS,0,CAROL ANN GOLDING,0,WDH6780,0,0,2.8,HOUSTON,57,None
538007446,57.84155,10.265081,10,265,263,0,0,1780356618,MSSIS,0,GPO GRACE,9760421,V7FI6,0,0,7,NLSCE ANCHORAGE,70,None
368140540,29.748627,-95.28958,0,182.9,238,0,12,1780356618,MSSIS,0,CAPT DUB ALLEN,0,WDL5376,0,0,3.3,US0VVQ0YTZ,57,None
368089370,29.878584,-89.89943,0,199,511,-731.3865,15,1780356618,MSSIS,0,MISS EVA,0,WDK7945,0,0,0,,30,None
368108120,35.44556,-89.99351,3.8,3.2,356,0,12,1780356618,MSSIS,0,PORTER J FURLONG,0,WDK9974,0,0,3.1,US0EYH0BQ4,57,None
244100057,52.386417,4.890535,0,0,511,-731.3865,0,1780356618,MSSIS,0,CURACAO,0,PD9968,0,0,0,TOUT SAUF EN FRANCE,69,None
563201300,52.3649,3.2486284,10.5,358.8,358,0,0,1780356618,MSSIS,0,PRABHU NAND,9425980,9V9126,0,0,5.9,STADEGERMANY,80,None
256709000,1.1971583,103.855095,8.4,243.6,246,2.187374,0,1780356618,MSSIS,0,ANAFI,9978602,9HA5944,0,0,13.5,TUTICORIN,70,None
311001327,63.104355,7.7908983,0,359,257,0,5,1780356618,MSSIS,0,SIEM STINGRAY,9676292,C6GR3,0,0,6.1,KRISTIANSUND,99,None
367766860,37.820038,-122.30856,0,91.8,4,0,12,1780356618,MSSIS,0,SEANA C,0,WDJ3319,0,0,0,OAK 10,31,None
319154100,40.74562,-74.01187,0,102.7,4,0,5,1780356618,MSSIS,0,SCOUT,1012816,ZGIH,0,0,3.5,NYC,37,None
211178390,52.587605,13.273022,0,360,511,-731.3865,0,1780356618,MSSIS,0,DAGOBERT,0,DC9599,0,0,1.2,HAMBURG,70,None
235006680,50.891724,-1.4013216,0,18.7,193,0,0,1780356618,MSSIS,0,RED OSPREY,9064059,MTRL5,0,0,2.7,SOTONCOWES,60,None
215382000,53.886017,4.5687833,9.5,44,41,0,0,1780356618,MSSIS,0,ZEUGMAN,9259111,9HA5086,0,0,6.6,SEKAN,80,None
440147870,35.09234,129.03584,0.6,0,216,0,15,1780356618,MSSIS,0,102 SAMYANG,0,110046,0,0,0,,52,None
563118600,34.851948,136.7242,0,242.4,138,0,1,1780356618,MSSIS,0,ASIATIC QUEST,9392913,9V6952,0,0,7.9,CNSHA WGQW5,70,None
244022912,52.335022,4.91661,0,360,511,-731.3865,0,1780356618,MSSIS,0,GIULIANA,0,PG3393,0,0,0,,69,None
367499470,48.97709,-123.66855,0,360,511,-731.3865,5,1780356618,MSSIS,0,SEA STAR 7,0,WDF8872,0,0,1.5,THETIS,0,None
271055001,35.589428,34.57413,11.5,52.6,511,-731.3865,0,1780356617,MSSIS,0,DEEP KARPAZ,8302791,TCA9001,0,0,0,CYFMG,70,None
312120000,38.410362,27.094595,0,40,511,-731.3865,1,1780356617,MSSIS,0,NS ARLECCHINO,9117973,V3NU2,0,0,0,TR IZM,79,None
577536000,38.445423,27.148125,0,0,511,-731.3865,1,1780356617,MSSIS,0,S WATERS ONE,9017202,YJXE9,0,0,0,IZMIR,79,None
232055148,37.00236,27.25546,0,0,511,-731.3865,1,1780356617,MSSIS,0,MER DE TAN,0,MPGI4,0,0,0,,0,None
325124500,38.19381,26.781477,0,0,511,-731.3865,1,1780356617,MSSIS,0,COSMO,0,J7BX6,0,0,0,,0,None
352002083,-38.866497,145.1931,11.8,296.1,298,0,0,1780356617,MSSIS,0,GOLDEN AXIS,9930832,3E3767,0,0,6.9,AU MEL,80,None
241694000,36.69971,23.938948,13.2,166.7,170,0,0,1780356617,MSSIS,0,IOSIF K,7724265,SVCV2,0,0,5,SOUDA,70,None
264900519,45.433743,28.06689,0,41.6,511,-731.3865,5,1780356617,MSSIS,0,PRIMUS,9951252,YQAJ,0,0,0,,52,None
636020882,8.997702,-79.59303,1,136.5,135,0,0,1780356617,MSSIS,0,DOM EXPLORER,9852951,5LBE4,0,0,12,PABLB,80,None
230713000,59.75453,20.375622,16.6,298,296,0,0,1780356619,MSSIS,0,VIKING CINDERELLA,8719188,OIZS,0,0,6.7,FIHELFIMHQSESTO,60,None
238118140,43.751335,15.7483835,0,360,511,-731.3865,0,1780356619,MSSIS,0,RADULA,0,9A8531,0,0,2,LAMJANE,30,None
244017000,36.360435,-3.7732184,7,66.7,60,-1.6070504,0,1780356619,MSSIS,0,LADY MARIE CHRISTINE,9904326,PBVR,0,0,6.5,ES LEI,70,None
247052100,38.19176,15.569074,0,360,511,-731.3865,5,1780356619,MSSIS,0,VILLA,8219918,IBVK,0,0,5.1,IT MSNVSGE VICEV,60,None
277314000,55.662346,21.15285,0,262.7,511,-731.3865,0,1780356619,MSSIS,0,MINGE,0,LYRL,0,0,25.5,,50,None
316001836,43.48893,-79.54251,11.4,248.9,249,0,0,1780356619,MSSIS,0,CSL TADOUSSAC,6918716,VDWB,0,0,6.9,CLARKSON,70,None
352002809,36.76043,-10.305835,12.1,314.6,320,-0.044640288,0,1780356619,MSSIS,0,KIRA K,9346720,3E5096,0,0,8.2,BALTIC FOR ORDER,80,None
352003546,33.70609,-118.18947,8.1,193,195,2.187374,0,1780356619,MSSIS,0,CARNIVAL FIRENZE,9801691,3E5193,0,0,8.5,USLGBUSAOU,60,None
259211000,58.498005,8.884506,0,301.1,207,0,5,1780356619,MSSIS,0,CECON VIGOR,1016094,LAEQ8,0,0,5,EYDEHAVN,90,None
367401440,41.89104,-87.60671,0,337.8,511,-731.3865,0,1780356619,MSSIS,0,SEADOG III,0,WDE8090,0,0,0,,69,None
258028640,69.94775,23.096134,0,33,162,0,0,1780356619,MSSIS,0,VEIDNES,9941439,JXMA,0,0,4.5,FISH FARMS,70,None
367417780,33.980583,-118.45007,0,253.6,511,-731.3865,5,1780356619,MSSIS,0,TRAVELER,0,WDE9485,0,0,1.6,MDR,99,None
367677130,45.565544,-122.73429,0,197.9,134,0,5,1780356619,MSSIS,0,BARRY SILVERTON,9792785,WDI2338,0,0,4.9,XX XXXUS0UJP,57,None
538008296,30.075731,-90.90261,0,18.1,324,0.7142446,1,1780356619,MSSIS,0,ALEXANDRA KPN,9839844,V7A2207,0,0,6.8,US MSY,70,None
244670064,52.63365,5.06172,0.1,85.7,511,-731.3865,5,1780356619,MSSIS,0,ZWARTE HAAN,0,PH9208,0,0,0,YSSELMEER,0,None
244202194,51.912533,4.4176965,0,360,511,-731.3865,5,1780356619,MSSIS,0,HELSINKI,0,PI6115,0,0,2,ROTTERDAM BOTLEK  BO,80,None
367578000,53.86996,-166.55179,0,318.3,130,0,0,1780356619,MSSIS,0,KARIN  LYNN,0,WDD4429,0,0,4.6,AKUTAN,30,None
367516930,41.84496,-87.66686,3.6,255.6,511,-731.3865,0,1780356619,MSSIS,0,MACEY LAUREN,0,WDG2565,0,0,0,,50,None
246096000,53.63469,5.5290217,3.3,257.1,252,0,3,1780356619,MSSIS,0,ZIRFAEA,9046497,PBZV,0,0,4,SURVEY,55,None
244730348,52.782814,6.085955,0,252.2,511,-731.3865,5,1780356619,MSSIS,0,DEJO B,0,PH8665,0,0,2.4,,79,None
636015119,38.00822,23.596985,0,198.7,124,0,5,1780356619,MSSIS,0,SPYROS K,9565948,A8YS2,0,0,8.5,SKARAMANGKAS,80,None
338439616,32.073856,-80.96438,2.7,259.6,511,-731.3865,0,1780356619,MSSIS,0,MICHELL,0,,0,0,0,,90,None
244697054,51.821815,4.7369084,7,93.5,511,-731.3865,0,1780356619,MSSIS,0,KVB TE AMO,0,HE7041,0,0,3.7,WESELDATTELNKANAL KM,79,None
477134600,24.686148,65.45084,13.4,86.3,86,0,0,1780356619,MSSIS,0,PETREL 1,9295270,VRWS5,0,0,7.5,SINGAPORE,80,None
525901867,-6.11133,106.872986,0,146.3,12,0,5,1780356619,MSSIS,0,MV MJM NUSANTARA,1135838,YDFE4,0,0,5.9,TG PRIOK,70,None
566019000,1.19501,103.744225,0.6,338.2,511,-731.3865,0,1780356619,MSSIS,0,SINCERITY,9593270,9V9153,0,0,7.2,AWPB,80,None
563001270,1.2616433,103.88896,0,0,511,-731.3865,8,1780356619,MSSIS,0,AYER MANIS,8898879,9V5855,0,0,0,TEST,80,None
244710513,52.40158,4.8316016,0,360,511,-731.3865,5,1780356619,MSSIS,0,MIRA,0,PI2417,0,0,4,ROERMOND,79,None
566515000,1.2166317,103.74243,0.2,69.4,319,-720.00323,1,1780356619,MSSIS,0,POSH OSPREY,9658264,9V9967,0,0,6,ASPLU,52,None
244728333,52.406677,4.828992,0,360,511,-731.3865,0,1780356619,MSSIS,0,MATTANJA,0,PA2272,0,0,4.3,AMSTERDAM,79,None
256453000,52.41249,4.8393335,0,336.2,36,-0.4017626,5,1780356619,MSSIS,0,FEO SWAN,9358498,9HUY8,0,0,5.7,NL AMS,80,None
244860678,52.65503,5.635423,0,360,511,-731.3865,0,1780356619,MSSIS,0,ROCKY,0,PB7739,0,0,1,DENOEVER,33,None
256798000,37.329525,24.27028,8.2,129,133,0,0,1780356619,MSSIS,0,EXPLORA II,9869887,9HA5976,0,0,7.1,GRPAS,60,None
224168220,38.033432,-0.055085,0,262,262,125.39457,7,1780356619,MSSIS,0,SEGON MARENYERO,0,EA8261,0,0,0,CULLERA,30,None
215915000,51.894295,4.233053,0,72,72,0,5,1780356619,MSSIS,0,LISTA,9503627,9HA5365,0,0,6.4,NLRTM,71,None
367451120,32.85566,-79.955444,0,253.8,511,0,0,1780356620,MSSIS,0,SOUTHERN ROSE,0,WDL3718,0,0,3,,31,None
247295400,38.190872,15.564564,0,168.2,338,0,5,1780356620,MSSIS,0,CARTOUR DELTA,9539042,ICPI,0,0,6.5,ITSAL,69,None
219001375,55.695396,12.612102,0,0,511,0,15,1780356620,MSSIS,0,MOSTER,0,,0,0,0,,0,None
247246500,45.22619,12.276163,0.1,332.7,195,0.4017626,5,1780356620,MSSIS,0,SAN NICOLA AT,9477464,IINT2,0,0,4.5,ITCHI,31,None
261000864,54.538605,18.537346,0,360,511,-731.3865,3,1780356620,MSSIS,0,NERPA,0,SPS3891,0,0,2.3,GDYNIA,90,None
338348887,41.57688,-70.944824,0,360,511,0,15,1780356620,MSSIS,0,,0,,0,0,0,,36,None
368357470,36.90252,-75.48072,11.1,348.8,349,-720.00323,0,1780356620,MSSIS,0,WINDEA RELIANCE,1052725000,WDP4765,0,0,1.7,CVOW,40,None
368281980,48.503033,-122.60495,0,340.7,511,0,15,1780356620,MSSIS,0,,0,WDN4548,0,0,0,,37,None
232062288,43.54847,7.0130415,0,360,511,-731.3865,0,1780356620,MSSIS,0,COURTSHIP II,0,MSKI4,0,0,0,,37,None
367666740,38.77996,-75.141975,0.4,139.7,511,0,15,1780356620,MSSIS,0,SEAS THE DAY,0,,0,0,0,,0,None
367722030,39.145508,-76.25912,0.1,360,511,0,15,1780356620,MSSIS,0,,0,WDI6768,0,0,0,,36,None
338469801,34.168037,-119.227974,0,360,511,0,15,1780356620,MSSIS,0,SYRENKA,0,,0,0,0,,0,None
227926550,43.386288,4.806347,0,55.6,511,0,15,1780356620,MSSIS,0,LOU CEBAMA,0,,0,0,0,,0,None
232065156,43.376095,4.8304214,0,181.5,511,0,15,1780356620,MSSIS,0,NIPPER,0,,0,0,0,,0,None
636024696,29.609509,-95.02442,0,227.8,359,0,5,1780356620,MSSIS,0,MC METIS,1093365,5LTW4,0,0,9.3,USHOU,80,None
257594000,65.00381,11.438847,9,208.3,211,0,0,1780356620,MSSIS,0,RONJA HAVSOY,9857418,LFRH,0,0,7.8,FISHFARMS,90,None
636023829,-2.3953433,-44.271553,0.1,14.5,70,2.187374,1,1780356618,MSSIS,0,EFE BOSPHORUS,9710505,5LPP9,0,0,7.5,BRITQ,70,None
563219400,16.62666,-17.847614,11.7,178.5,176,7.5442085,0,1780356618,MSSIS,0,LIGNUM NEXUS,9973078,9V8520,0,0,10.6,SG SIN,70,None
503196680,-38.10483,144.36723,0,270.7,250,0,0,1780356618,MSSIS,0,ENGAGE COMMODORE,9511882,VKCR,0,0,5.3,GEELONG,52,None
271051359,36.449993,28.225863,0,0,511,-731.3865,1,1780356618,MSSIS,0,ASYMETRIC,0,,0,0,0,,0,None
271051541,37.11278,27.267923,0,0,511,-731.3865,1,1780356618,MSSIS,0,NORTH WIND,0,YMB6761,0,0,0,,0,None
457375000,38.89183,26.991102,0,170.3,511,-731.3865,1,1780356618,MSSIS,0,OLYMPIC OS,8215649,JVWT7,0,0,0,NEMRUT,70,None
503134230,-27.455244,153.19241,0,341.7,511,0,15,1780356618,MSSIS,0,BOMBORA,0,,0,0,0,,0,None
244010141,37.995895,23.42117,0.2,23.8,511,0,15,1780356618,MSSIS,0,ST JOHN BUOY 847,0,,0,0,0,,0,None
215000739,37.876045,23.727293,0,360,511,-731.3865,0,1780356618,MSSIS,0,MALTA17488,0,9HB5489,0,0,0,,37,None
232059853,50.569626,-2.4372234,0,303.6,511,-731.3865,5,1780356620,MSSIS,0,WYKE CASTLE,9984675,MRSP3,0,0,4.8,PORTLAND,52,None
311001070,36.257107,17.531961,11.7,88.9,89,0,0,1780356620,MSSIS,0,ICARIAN SPIRE,9687136,C6FC5,0,0,9.1,TRSSX,70,None
224281780,37.38227,-5.9969134,0,360,511,0,15,1780356620,MSSIS,0,SURFING,0,,0,0,0,,0,None
319350600,38.91271,1.44461,0,0,316,0,5,1780356620,MSSIS,0,PERSEVERANCE,1169944,ZGWB9,0,0,0,IBIZA,37,None
244660253,53.201717,6.0783834,0.1,360,511,-731.3865,0,1780356620,MSSIS,0,LELIEGRACHT,0,PF2335,0,0,2.5,,0,None
256131000,43.818024,7.7862515,0,360,511,0,15,1780356620,MSSIS,0,,0,9HB8891,0,0,0,,37,None
205693810,51.142452,2.744015,0,48.3,511,0,15,1780356620,MSSIS,0,ALLEGRIA,0,,0,0,0,,0,None
263406690,41.468716,-8.863628,5,177.9,511,-731.3865,15,1780356620,MSSIS,0,JOSE RUI,0,CUCT8,0,0,0,,30,None
251302440,64.77091,-23.61983,0,360,511,0,15,1780356620,MSSIS,0,,0,6780,0,0,0,,30,None
605066435,36.778145,3.063855,0,0,104,0,15,1780356620,MSSIS,0,TAGHEST,0,7TFL,0,0,0,,33,None
244660094,51.23045,4.52588,0,289.5,511,-731.3865,0,1780356620,MSSIS,0,NITRICO 2,0,PE5803,0,0,2.2,ANTWERPEN,80,None
224004150,42.052753,3.2043266,0,360,511,0,15,1780356620,MSSIS,0,,0,EB2538,0,0,0,,34,None
636015667,38.138885,-9.554785,12.2,182.3,180,0,0,1780356620,MSSIS,0,CALI,9631101,D5CD2,0,0,10.5,MAPTM,70,None
218627000,46.051907,-1.9816633,17,327.5,322,0,0,1780356620,MSSIS,0,VERA RAMBOW,9432220,DFUT2,0,0,8,FRMTX,71,None
244780014,51.462906,4.005453,0,0,511,-731.3865,5,1780356620,MSSIS,0,THALIA,0,PE7688,0,0,0.4,LOCK OF NEUVESMAISON,0,None
211121690,51.43678,4.234515,0,0,511,-731.3865,5,1780356620,MSSIS,0,FRANKA DEYMANN,0,DB7209,0,0,0.2,ROTTERDAM,79,None
244070771,48.212307,16.426714,8.1,316.4,511,-731.3865,0,1780356620,MSSIS,0,CARMEN,0,PD6931,0,0,1.5,LINZ,69,None
368381970,37.750607,-30.059443,7.6,51.3,511,0,15,1780356620,MSSIS,0,,0,WDP7460,0,0,0,,37,None
205535490,51.38193,4.253155,8.3,316.9,511,-731.3865,0,1780356620,MSSIS,0,PAMIR,0,OT5354,0,0,1.5,ROTTERDAM BOTLEK  B,89,None
228065760,41.470108,9.268882,0.1,360,511,0,15,1780356620,MSSIS,0,,0,FAH8995,0,0,0,,36,None
366813470,34.147736,-119.20549,0,225.2,270,-1.1160072,0,1780356620,MSSIS,0,STETSON RAE,896839900,WDQ2792,0,0,2,HUENEME,40,None
227712350,43.422077,6.74828,0,333.5,333,0,15,1780356620,MSSIS,0,,0,,0,0,0,,37,None
228151680,48.82035,-3.4560683,0.2,360,511,0,15,178,,,,,,,,,,,
