mmsi,latitude,longitude,sog,cog,true_heading,rate_of_turn,navigatetion_status,updated,source_name,classb_flag,ship_name,imo,callsign,length,width,draught,destination,type_and_cargo,eta
247277700,45.44868,12.426135,0.0,0.0,511.0,-731.3865,0,1780300552,MSSIS,0,IL DOGE,0,ILLI,0.0,0.0,2.0,LAGUNA VENETA,60,1900-01-01 00:00:00
372014000,-25.703627,153.70084,11.6,178.4,176.0,0.0,0,1780300552,MSSIS,0,SPINNAKER SW,9580003,3EVV6,0.0,0.0,8.9,AU BWT,70,1900-01-01 00:00:00
370120000,8.951444,-79.57314,0.0,360.0,51.0,0.0,15,1780300552,MSSIS,0,ST ARUBA,936670600,HP5728,0.0,0.0,5.0,CRISTOBAL,52,1900-01-01 00:00:00
311001575,5.5846334,0.019,0.1,260.8,255.0,0.0,1,1780300552,MSSIS,0,FRIO CHIKUMA,9184536,C6HV2,0.0,0.0,7.6,TEMA,70,1900-01-01 00:00:00
627067000,5.6348133,0.017451666,0.0,60.0,321.0,0.0,15,1780300552,MSSIS,0,ATLANTICPRINCESS,8124412,9GJE,0.0,0.0,0.0,,30,1900-01-01 00:00:00
503796900,-21.13302,149.19115,0.1,349.4,511.0,0.0,15,1780300552,MSSIS,0,REAL EASY,0,,0.0,0.0,0.0,,0,1900-01-01 00:00:00
244690474,51.91906,4.5039334,0.0,96.2,511.0,-731.3865,15,1780300552,MSSIS,0,CORINA,0,PE6206,0.0,0.0,0.0,,80,1900-01-01 00:00:00
205421990,51.109196,4.174185,0.0,0.0,511.0,-731.3865,15,1780300552,MSSIS,0,AMRITAM 2,0,OT4219,0.0,0.0,0.0,,69,1900-01-01 00:00:00
207829360,43.189335,28.230165,3.2,62.2,511.0,0.0,15,1780300552,MSSIS,0,,0,LZH2936,0.0,0.0,0.0,,30,1900-01-01 00:00:00
244730608,51.330563,3.8239884,0.0,0.0,511.0,-731.3865,0,1780300552,MSSIS,0,ANCILLA,0,PF2962,0.0,0.0,0.2,VARIABELEEUROPA,79,1900-01-01 00:00:00
367579230,30.041784,-94.03655,0.0,360.0,511.0,-731.3865,15,1780300552,MSSIS,0,TERRY CONNER,607623,WDG8602,0.0,0.0,2.0,US06WC0QVK,57,1900-01-01 00:00:00
316012864,54.291393,-130.35596,0.0,360.0,311.0,0.0,15,1780300552,MSSIS,0,,0,VG6039,0.0,0.0,0.0,,30,1900-01-01 00:00:00
224171450,38.62289,1.0318583,1.3,180.8,511.0,-731.3865,3,1780300552,MSSIS,0,MARI CARMEN ARNANDIS,0,EA4138,0.0,0.0,0.0,LAMETLLA,30,1900-01-01 00:00:00
377529000,27.041698,-13.46531,7.4,284.8,511.0,0.0,15,1780300552,MSSIS,0,,0,,0.0,0.0,0.0,,52,1900-01-01 00:00:00
671996000,28.15155,-15.297013,1.0,211.8,267.0,0.0,0,1780300552,MSSIS,0,BOI BRANCO,7527306,5VFL7,0.0,0.0,7.0,ES LPA,70,1900-01-01 00:00:00
367340290,47.677956,-122.40817,0.0,360.0,511.0,0.0,15,1780300552,MSSIS,0,,0,WAH4541,0.0,0.0,0.0,,36,1900-01-01 00:00:00
667001961,33.133434,-8.624528,0.0,351.0,121.0,0.0,5,1780300552,MSSIS,0,LAUSANNE,9575527,9LU2764,0.0,0.0,9.1,MA JFL,70,1900-01-01 00:00:00
232048056,36.158512,-5.3551884,0.0,360.0,511.0,0.0,15,1780300552,MSSIS,0,,0,MNVD4,0.0,0.0,0.0,,37,1900-01-01 00:00:00
352001743,53.518116,9.93567,0.0,357.4,214.0,0.0,5,1780300552,MSSIS,0,NAVIOS ASTRA,9938614,3E2582,0.0,0.0,14.7,DEHAM,70,1900-01-01 00:00:00
316040542,48.422787,-123.370514,0.0,360.0,293.0,0.0,15,1780300552,MSSIS,0,RV TIRIARNAQ,0,,0.0,0.0,0.0,,0,1900-01-01 00:00:00
304048000,32.641865,-16.967447,0.2,181.0,296.0,0.0,5,1780300552,MSSIS,0,CEMENT TRADER,7716763,V2GQ4,0.0,0.0,7.2,PTFNC,79,1900-01-01 00:00:00
219024679,39.385517,2.3011167,4.8,238.5,511.0,0.0,15,1780300552,MSSIS,0,LISTIG,0,,0.0,0.0,0.0,,0,1900-01-01 00:00:00
219015003,56.127304,12.31149,0.8,360.0,511.0,0.0,15,1780300552,MSSIS,0,SKULD VII,0,,0.0,0.0,0.0,,0,1900-01-01 00:00:00
224031970,41.3865,2.20099,0.3,360.0,511.0,0.0,15,1780300552,MSSIS,0,,0,,0.0,0.0,0.0,,36,1900-01-01 00:00:00
232010336,42.242104,-8.721492,0.0,360.0,511.0,0.0,15,1780300552,MSSIS,0,AIAIA,0,,0.0,0.0,0.0,,0,1900-01-01 00:00:00
261466000,54.543934,18.603415,2.8,357.1,355.0,0.0,0,1780300552,MSSIS,0,SD13,0,SQWC,0.0,0.0,2.5,GDYNIA,35,1900-01-01 00:00:00
235051514,43.635445,7.139015,0.0,324.5,511.0,0.0,15,1780300552,MSSIS,0,,0,MKWX,0.0,0.0,0.0,,37,1900-01-01 00:00:00
563219400,19.658339,-17.840862,11.3,178.0,177.0,-3.6158633,0,1780300552,MSSIS,0,LIGNUM NEXUS,9973078,9V8520,0.0,0.0,10.6,SG SIN,70,1900-01-01 00:00:00
368407420,36.830746,-75.9765,0.0,360.0,511.0,0.0,15,1780300552,MSSIS,0,DESPERADO,0,,0.0,0.0,0.0,,0,1900-01-01 00:00:00
368410060,39.29431,-74.56113,0.0,88.4,203.0,0.0,15,1780300552,MSSIS,0,,0,WDQ2689,0.0,0.0,0.0,,37,1900-01-01 00:00:00
636018324,38.464508,15.910989,0.1,200.8,511.0,-731.3865,5,1780300552,MSSIS,0,MSC EDITH II,9169029,D5PF4,0.0,0.0,11.1,ITGIT,70,1900-01-01 00:00:00
224096480,40.029156,0.80150336,4.0,156.9,511.0,-731.3865,7,1780300552,MSSIS,0,NOU CARAGOL,0,EA3331,0.0,0.0,2.9,,30,1900-01-01 00:00:00
227473590,41.674717,9.378155,0.1,225.2,511.0,0.0,15,1780300552,MSSIS,0,,0,FAE4153,0.0,0.0,0.0,,36,1900-01-01 00:00:00
338514198,38.01837,-121.634,0.0,360.0,511.0,0.0,15,1780300552,MSSIS,0,,0,,0.0,0.0,0.0,,37,1900-01-01 00:00:00
211304920,52.77503,5.114545,4.7,51.0,511.0,0.0,15,1780300552,MSSIS,0,,0,DF6575,0.0,0.0,0.0,,37,1900-01-01 00:00:00
371010000,33.791183,129.29741,1.1,231.8,359.0,0.0,0,1780300552,MSSIS,0,HESTIANA,9336488,3EAW4,0.0,0.0,6.0,TW TPE,80,1900-01-01 00:00:00
257910700,69.94736,23.097332,0.0,8.1,511.0,0.0,15,1780300552,MSSIS,0,,0,LG9085,0.0,0.0,0.0,,70,1900-01-01 00:00:00
245809000,56.412964,10.923402,0.0,0.0,357.0,0.0,5,1780300552,MSSIS,0,HUGIN R,8882430,PGKL,0.0,0.0,1.4,GRENAA,90,1900-01-01 00:00:00
244700858,53.081818,5.3351135,5.1,170.2,511.0,0.0,15,1780300552,MSSIS,0,ROMEO TANGO V,0,,0.0,0.0,0.0,,0,1900-01-01 00:00:00
338174499,42.35829,-82.95365,0.0,0.0,511.0,0.0,15,1780300552,MSSIS,0,TT SEA BEAR,0,,0.0,0.0,0.0,,0,1900-01-01 00:00:00
232012443,50.680363,-1.950035,1.4,209.2,511.0,0.0,15,1780300552,MSSIS,0,,0,MSLM2,0.0,0.0,0.0,,60,1900-01-01 00:00:00
224141360,38.40299,0.9113,2.0,283.9,511.0,-731.3865,0,1780300552,MSSIS,0,NUEVO ATXARRE,0,ECFY,0.0,0.0,0.0,,30,1900-01-01 00:00:00
244650623,51.19604,4.6403785,0.0,67.9,511.0,-731.3865,5,1780300552,MSSIS,0,GANZESTAD,0,PB3963,0.0,0.0,1.4,EVERINGEN  CHARLIE,79,1900-01-01 00:00:00
316041353,49.292217,-122.87787,0.1,299.6,511.0,0.0,15,1780300552,MSSIS,0,,0,,0.0,0.0,0.0,,37,1900-01-01 00:00:00
224237690,38.62932,0.18260166,3.0,58.8,511.0,-731.3865,7,1780300552,MSSIS,0,EL PORTELL,0,,0.0,0.0,0.0,,30,1900-01-01 00:00:00
338327991,37.972755,-122.48374,0.0,360.0,277.0,0.0,15,1780300552,MSSIS,0,ITS ALL GOOD,0,,0.0,0.0,0.0,,0,1900-01-01 00:00:00
366727190,40.6403,-74.12832,0.0,55.8,92.0,0.0,0,1780300552,MSSIS,0,JILL REINAUER,7042813,WCW9655,0.0,0.0,4.3,US0RYW0HSM,52,1900-01-01 00:00:00
368393870,29.917463,-81.307,0.0,242.0,164.0,0.0,15,1780300552,MSSIS,0,,0,,0.0,0.0,0.0,,37,1900-01-01 00:00:00
241714000,37.364532,11.455062,12.7,285.0,287.0,1.1160072,0,1780300552,MSSIS,0,MARAN ASPASIA,9879997,SVDI3,0.0,0.0,16.7,CA CPT,80,1900-01-01 00:00:00
368323960,30.273445,-81.71924,0.0,352.9,219.0,0.0,15,1780300552,MSSIS,0,,0,,0.0,0.0,0.0,,37,1900-01-01 00:00:00
261000370,54.52379,18.549643,0.1,97.2,511.0,0.0,15,1780300552,MSSIS,0,PILOT3,0,,0.0,0.0,0.0,,0,1900-01-01 00:00:00
366826000,26.16924,-79.96435,1.6,182.1,185.0,0.0,0,1780300552,MSSIS,0,ARCTIC,9131371,WCY7054,0.0,0.0,11.1,PORT EVRGLADES FL,80,1900-01-01 00:00:00
367771760,48.7569,-122.497635,0.0,36.7,511.0,0.0,15,1780300552,MSSIS,0,,0,WDL7691,0.0,0.0,0.0,,37,1900-01-01 00:00:00
368424390,48.75583,-122.50368,0.0,360.0,28.0,0.0,15,1780300552,MSSIS,0,ALASKAN GIRL,0,,0.0,0.0,0.0,,0,1900-01-01 00:00:00
224071970,39.00268,0.369455,3.5,306.0,511.0,-731.3865,0,1780300552,MSSIS,0,LILLA PLANA,0,EA6307,0.0,0.0,0.0,,30,1900-01-01 00:00:00
316043703,48.680065,-123.41477,0.0,47.2,4.0,0.0,15,1780300552,MSSIS,0,,0,5M7154,0.0,0.0,0.0,,36,1900-01-01 00:00:00
265069930,59.423756,18.778713,2.8,10.1,511.0,0.0,15,1780300552,MSSIS,0,NOVA,0,,0.0,0.0,0.0,,0,1900-01-01 00:00:00
538010834,18.153513,-19.804882,9.3,25.9,29.0,6.4282017,0,1780300552,MSSIS,0,NORVIC SINGAPORE,9958341,V7A7488,0.0,0.0,10.4,DZBJA,70,1900-01-01 00:00:00
258124000,70.70169,28.456394,8.9,191.4,189.0,0.0,0,1780300552,MSSIS,0,VIGDIS H,9936654,LGYI,0.0,0.0,6.0,LEIRPOLLEN,70,1900-01-01 00:00:00
265750380,58.299217,11.686608,1.7,276.7,511.0,0.0,15,1780300552,MSSIS,0,,0,SE9659,0.0,0.0,0.0,,36,1900-01-01 00:00:00
503070250,-32.91931,151.7904,7.4,56.1,238.0,720.00323,0,1780300552,MSSIS,0,SVITZER NEWTON,9819246,VMDF,0.0,0.0,5.8,NEWCASTLE AU,52,1900-01-01 00:00:00
265575840,60.25986,18.690453,0.0,0.0,511.0,0.0,15,1780300552,MSSIS,0,,0,SFE2498,0.0,0.0,0.0,,60,1900-01-01 00:00:00
244376209,54.332073,11.080029,7.4,168.1,156.0,0.0,15,1780300553,MSSIS,0,SALAD DAYS,0,,0.0,0.0,0.0,,0,1900-01-01 00:00:00
257882000,68.852486,16.28127,0.0,54.7,338.0,0.0,0,1780300552,MSSIS,0,DANTIC,8124498,LCMZ,0.0,0.0,5.2,KASFJORD,75,1900-01-01 00:00:00
244750406,51.668037,4.2054234,4.2,216.9,511.0,0.0,15,1780300553,MSSIS,0,,0,PF3361,0.0,0.0,0.0,,36,1900-01-01 00:00:00
227533000,43.680115,-7.596483,0.0,239.0,143.0,0.0,5,1780300552,MSSIS,0,FV YANNICK,8676386,FHFP,0.0,0.0,3.6,ZONE DE PECHE,30,1900-01-01 00:00:00
219036121,59.042595,10.045542,0.1,205.0,27.0,0.0,5,1780300552,MSSIS,0,NYSTEIN,9137284,OVJE2,0.0,0.0,4.0,LARVIK,70,1900-01-01 00:00:00
232006183,43.003372,6.2012315,0.0,128.9,511.0,0.0,15,1780300553,MSSIS,0,,0,MAOG2,0.0,0.0,0.0,,37,1900-01-01 00:00:00
219024732,57.743908,11.711185,6.5,13.4,16.0,0.0,15,1780300553,MSSIS,0,FRU B,0,,0.0,0.0,0.0,,0,1900-01-01 00:00:00
224051780,43.32972,-3.0282867,0.0,360.0,511.0,0.0,15,1780300553,MSSIS,0,,0,256618,0.0,0.0,0.0,,36,1900-01-01 00:00:00
244720321,52.715042,5.3165183,7.9,13.4,511.0,-731.3865,15,1780300552,MSSIS,0,BONTEKOE II,0,PH4373,0.0,0.0,0.0,,90,1900-01-01 00:00:00
259031400,59.83259,10.49576,0.0,360.0,511.0,0.0,15,1780300553,MSSIS,0,SY AVENTURA,0,,0.0,0.0,0.0,,0,1900-01-01 00:00:00
265698180,54.442207,13.856914,4.1,152.0,511.0,0.0,15,1780300553,MSSIS,0,,0,SHCB,0.0,0.0,0.0,,56,1900-01-01 00:00:00
338313535,41.58593,-71.28785,0.0,128.7,511.0,0.0,15,1780300553,MSSIS,0,,0,,0.0,0.0,0.0,,37,1900-01-01 00:00:00
367655340,38.78815,-84.81137,3.3,30.0,511.0,-731.3865,15,1780300552,MSSIS,0,PATSY COLEMAN,0,WDH8166,0.0,0.0,2.7,US0W8U0CJG,31,1900-01-01 00:00:00
338081579,33.72085,-118.28048,0.0,329.6,511.0,0.0,15,1780300553,MSSIS,0,,0,,0.0,0.0,0.0,,37,1900-01-01 00:00:00
338477805,43.13187,-70.64163,0.0,0.0,206.0,0.0,15,1780300553,MSSIS,0,,0,,0.0,0.0,0.0,,37,1900-01-01 00:00:00
109030759,63.147694,6.33543,1.2,222.2,511.0,0.0,15,1780300553,MSSIS,0,,0,,0.0,0.0,0.0,,0,1900-01-01 00:00:00
918000042,12.07659,-61.75464,0.8,0.0,0.0,0.0,15,1780300553,MSSIS,0,,0,99,0.0,0.0,0.0,,30,1900-01-01 00:00:00
211240230,52.454494,4.5192385,5.7,200.0,511.0,0.0,15,1780300553,MSSIS,0,,0,DMWS,0.0,0.0,0.0,,36,1900-01-01 00:00:00
236446000,58.227688,9.317318,12.3,33.0,33.0,0.0,0,1780300552,MSSIS,0,KEY BAY,9291561,ZDIJ4,0.0,0.0,5.0,NOSPG,82,1900-01-01 00:00:00
316041231,49.29299,-123.127884,0.0,229.5,511.0,0.0,15,1780300553,MSSIS,0,EZAS123,0,,0.0,0.0,0.0,,0,1900-01-01 00:00:00
368367090,26.322483,-80.082466,0.0,360.0,511.0,0.0,15,1780300553,MSSIS,0,,0,,0.0,0.0,0.0,,37,1900-01-01 00:00:00
211160660,48.223724,16.409771,0.0,360.0,511.0,-731.3865,5,1780300552,MSSIS,0,AROSA  BELLA,0,DC8470,0.0,0.0,1.7,BUDAPEST,60,1900-01-01 00:00:00
265084600,63.693394,20.33912,0.0,360.0,511.0,0.0,15,1780300553,MSSIS,0,,0,SBLG,0.0,0.0,0.0,,33,1900-01-01 00:00:00
258212240,59.209587,10.800979,0.0,360.0,511.0,0.0,15,1780300553,MSSIS,0,EMITINE,0,,0.0,0.0,0.0,,0,1900-01-01 00:00:00
244750241,52.37042,4.9470115,0.0,360.0,511.0,-731.3865,0,1780300552,MSSIS,0,ANNE FRANK,0,PF8803,0.0,0.0,1.0,,69,1900-01-01 00:00:00
211887990,56.138046,10.212915,0.0,360.0,511.0,0.0,15,1780300553,MSSIS,0,ACHAT,0,,0.0,0.0,0.0,,0,1900-01-01 00:00:00
368202320,47.629116,-122.392845,0.0,66.8,511.0,0.0,15,1780300553,MSSIS,0,,0,WDM3988,0.0,0.0,0.0,,37,1900-01-01 00:00:00
244780182,52.361958,4.883235,0.0,360.0,511.0,-731.3865,0,1780300552,MSSIS,0,BARLAEUS,0,PD3785,0.0,0.0,1.6,,69,1900-01-01 00:00:00
339000310,26.098248,-80.17005,0.0,312.6,511.0,0.0,15,1780300553,MSSIS,0,,0,6YXP4,0.0,0.0,0.0,,37,1900-01-01 00:00:00
368322010,27.333576,-82.54686,0.1,360.0,40.0,0.0,15,1780300553,MSSIS,0,THE GOOD STUFF,0,,0.0,0.0,0.0,,0,1900-01-01 00:00:00
219000603,55.457214,8.42183,7.5,72.0,87.0,720.00323,0,1780300552,MSSIS,0,MENJA,9189380,OYIU,0.0,0.0,2.5,ESBJERGFANOE,6,1900-01-01 00:00:00
367686270,18.67325,-68.061325,6.1,137.1,130.0,0.0,11,1780300552,MSSIS,0,STASINOS BOYS,7400481,WDM8626,0.0,0.0,6.0,PORT AU PRINCE,52,1900-01-01 00:00:00
577087000,53.6846,6.3577967,0.0,254.8,511.0,-731.3865,8,1780300552,MSSIS,0,PROSPECTOR 1,9637868,YJSA9,0.0,0.0,0.0,4214,99,1900-01-01 00:00:00
256160000,43.34949,5.331528,0.0,143.5,218.0,0.0,5,1780300552,MSSIS,0,CHEMICAL CHALLENGER,9743758,9HA5719,0.0,0.0,8.2,FR MRS,80,1900-01-01 00:00:00
244780777,53.173782,5.409653,0.0,0.0,511.0,-731.3865,0,1780300552,MSSIS,0,GROTE BEER,0,PD2240,0.0,0.0,0.2,HARLINGFN,69,1900-01-01 00:00:00
431012644,34.51288,135.40465,0.0,252.9,24.0,0.0,0,1780300552,MSSIS,0,ISHIN,0,JD4484,0.0,0.0,3.9,JP SBK XX,52,1900-01-01 00:00:00
205567490,51.93029,4.1922317,0.0,360.0,130.0,0.0,5,1780300552,MSSIS,0,POROS,0,OT5674,0.0,0.0,0.0,ROTTERDAM 7E PETROHA,99,1900-01-01 00:00:00
257248000,-27.37639,153.16733,0.0,173.0,38.0,0.0,5,1780300552,MSSIS,0,ELEKTRA,9176577,LATK8,0.0,0.0,8.2,KRUSN,70,1900-01-01 00:00:00
244780213,52.40788,4.848513,0.0,360.0,511.0,-731.3865,5,1780300552,MSSIS,0,ELAY,0,PA2969,0.0,0.0,3.4,AMSTERDAM JAN VAN R,80,1900-01-01 00:00:00
368077970,27.822958,-97.48675,0.0,324.6,221.0,0.0,5,1780300552,MSSIS,0,KARNES,1250883,WDK6777,0.0,0.0,3.1,US06L60W49,57,1900-01-01 00:00:00
319202100,18.503399,-68.38046,0.1,316.2,63.0,0.0,5,1780300552,MSSIS,0,RAINBOWS END,0,ZGOA6,0.0,0.0,2.0,PUERTO BAHIA SAMANA,37,1900-01-01 00:00:00
257904000,47.73721,-3.354515,0.0,171.5,193.0,0.0,5,1780300552,MSSIS,0,WILSON LISTA,9117208,LAYE8,0.0,0.0,3.6,FRLRT  ESCAS,79,1900-01-01 00:00:00
367363740,29.28637,-91.294395,0.0,254.9,511.0,-731.3865,0,1780300552,MSSIS,0,LADY CRYSTAL,0,WDE5231,0.0,0.0,1.0,HOUMA,0,1900-01-01 00:00:00
244710474,51.99904,4.36792,0.0,0.0,511.0,-731.3865,5,1780300552,MSSIS,0,ENERGIE,0,PI2818,0.0,0.0,0.2,NWEHAVEN DELFT,37,1900-01-01 00:00:00
220076000,56.929928,12.352979,0.0,206.9,4.0,0.0,15,1780300552,MSSIS,0,O10 HYACINT,0,OUQI,0.0,0.0,0.0,,30,1900-01-01 00:00:00
219355000,57.5904,11.67785,6.6,206.0,210.0,0.0,5,1780300552,MSSIS,0,AMAK SWAN,9318230,OYPD2,0.0,0.0,5.8,SEGOT  PEC 100724,89,1900-01-01 00:00:00
319023700,26.098722,-80.16614,0.0,225.9,36.0,-0.4017626,5,1780300552,MSSIS,0,SUR LA MER,9611761,ZGBE,0.0,0.0,0.0,LMC,37,1900-01-01 00:00:00
238987940,42.89088,15.32831,3.1,286.1,511.0,-731.3865,15,1780300553,MSSIS,0,NEBESKI,8657354,9AA7277,0.0,0.0,0.0,,0,1900-01-01 00:00:00
440304180,34.382927,127.83307,0.1,200.4,511.0,-731.3865,0,1780300553,MSSIS,0,2022 HYUNDAE,0,,0.0,0.0,0.0,,30,1900-01-01 00:00:00
219007401,57.122982,8.597823,0.0,251.5,241.0,0.0,0,1780300553,MSSIS,0,PILOT BOAT INGE,0,OU6667,0.0,0.0,2.5,,50,1900-01-01 00:00:00
636021583,51.922985,3.5670033,0.0,0.1,26.0,0.0,1,1780300553,MSSIS,0,DEE4 KASTANIA,9933638,5LER3,0.0,0.0,12.6,NLRTM,80,1900-01-01 00:00:00
244620914,51.261665,4.355263,0.0,334.2,511.0,-731.3865,5,1780300553,MSSIS,0,EUROSTAR,0,PI3869,0.0,0.0,4.0,ANTWERPEN 6E HAVENDO,80,1900-01-01 00:00:00
259545000,5.22997,-3.982445,10.4,312.1,310.0,0.0,0,1780300553,MSSIS,0,SPAR CAPELLA,9490844,LAKA7,0.0,0.0,8.5,ES PLACI ABJ,70,1900-01-01 00:00:00
247476200,45.454674,12.388475,0.0,360.0,511.0,-731.3865,0,1780300553,MSSIS,0,19814CANAL GRANDE,0,IL 9920,0.0,0.0,0.0,,69,1900-01-01 00:00:00
211145930,53.535526,9.889457,0.0,360.0,92.0,0.0,5,1780300553,MSSIS,0,GOLIATH,0,DF4665,0.0,0.0,1.6,BRAUNSCHWEIG,99,1900-01-01 00:00:00
316032594,43.639324,-79.35144,0.0,360.0,511.0,-731.3865,5,1780300553,MSSIS,0,IRON GUPPY,0,,0.0,0.0,0.0,TORONTO HARBOUR,99,1900-01-01 00:00:00
276005280,58.865993,23.045557,0.0,171.7,240.0,0.0,5,1780300553,MSSIS,0,AHTO14,0,ES3162,0.0,0.0,1.4,HELTERMAA,50,1900-01-01 00:00:00
245930000,59.463665,24.650333,0.0,306.0,211.0,0.0,5,1780300553,MSSIS,0,VANCOUVERBORG,9213741,PBCF,0.0,0.0,4.8,EEVEB,70,1900-01-01 00:00:00
244650978,51.39739,3.56475,1.4,34.1,511.0,-731.3865,0,1780300553,MSSIS,0,PETRA,0,PD3485,0.0,0.0,3.6,BRESKENS  OOSTHAVEN,79,1900-01-01 00:00:00
314607000,54.530533,18.53563,0.0,193.1,57.0,0.0,5,1780300553,MSSIS,0,WILSON SAIMAA,9313694,8PBH7,0.0,0.0,3.0,SEOTT  PLGDY,79,1900-01-01 00:00:00
264163533,44.11514,28.642221,0.0,360.0,511.0,-731.3865,5,1780300553,MSSIS,0,PHOENIX STAR,0,YP3533,0.0,0.0,1.9,CONSTANTA,79,1900-01-01 00:00:00
538001682,37.565758,-0.97761834,0.0,148.2,511.0,-731.3865,5,1780300553,MSSIS,0,HOLINA,7609726,V7DO9,0.0,0.0,5.6,ESCAR,70,1900-01-01 00:00:00
232035752,46.89423,-2.49765,0.4,223.0,301.0,0.0,0,1780300553,MSSIS,0,FARRA ORLA,9925253,MJCY4,0.0,0.0,1.7,JOINVILLENOY OWF,40,1900-01-01 00:00:00
258992480,59.22205,10.462655,0.0,305.1,322.0,0.0,0,1780300553,MSSIS,0,SJOBAKK,0,LEWA,0.0,0.0,2.5,FJAERHOLMEN,30,1900-01-01 00:00:00
367156340,46.16725,-123.9179,0.0,295.9,177.0,0.0,15,1780300553,MSSIS,0,GRANADA,7047849,WDD5300,0.0,0.0,0.0,WARRENTONOREGON,30,1900-01-01 00:00:00
224096830,43.815804,-5.976385,9.0,302.1,511.0,-731.3865,15,1780300553,MSSIS,0,MARUXIA SEGUNDO,0,EA4793,0.0,0.0,2.7,,30,1900-01-01 00:00:00
672592000,34.298103,13.16173,7.4,265.6,511.0,-731.3865,12,1780300553,MSSIS,0,MOHAMED SALIM II,0,3V4584,0.0,0.0,0.0,,30,1900-01-01 00:00:00
269057019,47.538464,7.7145615,0.0,360.0,511.0,-731.3865,15,1780300553,MSSIS,0,KAISERAUGSTHERTEN,0,HE7019,0.0,0.0,0.0,,69,1900-01-01 00:00:00
356815000,1.2625283,103.780365,0.0,331.1,29.0,0.0,5,1780300553,MSSIS,0,ISEACO GENESIS,9138147,3FWN3,0.0,0.0,7.7,SGSIN PWBGA,70,1900-01-01 00:00:00
636023893,50.00531,-1.7595533,16.9,82.0,81.0,0.0,0,1780300553,MSSIS,0,KASTOS,1016226,5LPY3,0.0,0.0,8.2,FLUSHING,80,1900-01-01 00:00:00
211786870,52.430176,13.121312,0.0,360.0,511.0,-731.3865,0,1780300553,MSSIS,0,PFAUENINSEL,0,DC5034,0.0,0.0,0.0,,60,1900-01-01 00:00:00
235094715,51.329605,1.421285,0.0,193.5,169.0,0.0,5,1780300553,MSSIS,0,BSC CONTENDER,0,2FWB4,0.0,0.0,1.4,SAR,51,1900-01-01 00:00:00
248597000,43.80916,7.807153,1.1,263.0,17.0,-720.00323,0,1780300553,MSSIS,0,LOURSIN,9824825,9HB5878,0.0,0.0,3.0,SANREMO,37,1900-01-01 00:00:00
241728000,38.024567,23.591736,0.0,185.3,350.0,0.0,0,1780300552,MSSIS,0,PANORMITIS,9541899,SVB2226,0.0,0.0,3.8,PIRAEUS,52,1900-01-01 00:00:00
567073600,13.145148,100.88962,0.0,0.0,511.0,-731.3865,1,1780300552,MSSIS,0,CHETTHANABODI6,9112844,HSB9056,0.0,0.0,4.2,SRIRACHA,80,1900-01-01 00:00:00
244700224,53.234108,7.402135,9.0,129.2,511.0,-731.3865,0,1780300553,MSSIS,0,TRANSIENT,0,PI3278,0.0,0.0,2.4,OLDENBURGDRIELAKE,79,1900-01-01 00:00:00
440128920,35.1541,129.20998,7.1,51.4,511.0,-731.3865,0,1780300553,MSSIS,0,103 SAM CHANG,0,708028,0.0,0.0,2.2,,52,1900-01-01 00:00:00
219001265,55.473824,8.425038,0.0,0.0,152.0,0.0,7,1780300553,MSSIS,0,HV8 GITTE MIRANDA,0,OZWK,0.0,0.0,0.0,ESBJERG,30,1900-01-01 00:00:00
244740537,51.604424,4.76263,0.0,360.0,511.0,-731.3865,0,1780300553,MSSIS,0,ALBATROS,0,PI9081,0.0,0.0,1.3,,79,1900-01-01 00:00:00
367537070,29.60224,-89.86115,0.0,360.0,511.0,-731.3865,0,1780300553,MSSIS,0,JAY C,0,WDG4487,0.0,0.0,0.0,,50,1900-01-01 00:00:00
338962449,55.33103,-131.62459,0.0,73.7,125.0,0.0,5,1780300553,MSSIS,0,CGC DOUGLAS DENMAN,0,NDSD,0.0,0.0,3.0,,51,1900-01-01 00:00:00
367000110,40.644566,-74.07199,0.0,276.0,232.0,0.0,0,1780300553,MSSIS,0,JOHN A NOBLE,8643054,WTZ3863,0.0,0.0,0.0,,60,1900-01-01 00:00:00
538010683,-19.724747,148.07831,0.0,81.0,18.0,0.0,1,1780300553,MSSIS,0,AQUAVITA AIR,9846110,V7A7256,0.0,0.0,7.1,CNYJIAUABP,70,1900-01-01 00:00:00
636022163,-16.120684,153.37474,14.8,343.2,343.0,0.17856115,0,1780300553,MSSIS,0,CL MARGUERITE DURAS,9943358,5LHL8,0.0,0.0,8.8,DAESAN,80,1900-01-01 00:00:00
353399000,38.76142,26.92435,0.0,317.9,164.0,0.0,5,1780300552,MSSIS,0,TAO ACE,9639696,3FQQ6,0.0,0.0,6.3,TR ALI,70,1900-01-01 00:00:00
203565400,44.51106,14.442652,20.0,139.8,138.0,0.0,15,1780300554,MSSIS,0,,0,RENE 4,0.0,0.0,0.0,,37,1900-01-01 00:00:00
219027399,56.12792,12.309867,0.0,7.7,511.0,-731.3865,7,1780300554,MSSIS,0,R 333 KARLEMIL,0,5QSE,0.0,0.0,2.5,KANAL KROEN,30,1900-01-01 00:00:00
613830000,34.73878,128.32706,10.4,244.4,511.0,-731.3865,0,1780300554,MSSIS,0,FULLFISH,904153800,TJMC404,0.0,0.0,4.8,TONGYEONG,30,1900-01-01 00:00:00
230175170,59.362923,19.130344,0.0,360.0,511.0,0.0,15,1780300554,MSSIS,0,TIBIDABO,0,,0.0,0.0,0.0,,0,1900-01-01 00:00:00
244020690,51.443047,3.59093,0.0,164.0,105.0,0.044640288,5,1780300554,MSSIS,0,DAMEN YACHTING 477,9922366,PA3494,0.0,0.0,4.4,NL VLINL VLI,90,1900-01-01 00:00:00
205050000,51.281963,4.3700686,0.0,90.1,271.0,0.0,5,1780300554,MSSIS,0,MARANT,9280689,ONKX,0.0,0.0,4.4,BE ANRMA CAS,70,1900-01-01 00:00:00
205581219,50.74988,3.4315133,4.9,228.2,511.0,-731.3865,0,1780300554,MSSIS,0,XERYUS,0,OT5812,0.0,0.0,0.0,,79,1900-01-01 00:00:00
255806388,51.302708,3.83826,0.1,349.2,138.0,0.0,5,1780300554,MSSIS,0,EIBE OLDENDORFF,9676618,CQEH9,0.0,0.0,7.1,NLTNZ,70,1900-01-01 00:00:00
636020342,56.053356,6.36775,11.1,209.0,213.0,0.0,0,1780300554,MSSIS,0,KERASIA S,9496185,D5YU3,0.0,0.0,9.5,ILHFA,70,1900-01-01 00:00:00
211457860,54.36269,9.819475,0.0,360.0,511.0,-731.3865,0,1780300554,MSSIS,0,PILLAU,0,DBIZ,0.0,0.0,0.0,,69,1900-01-01 00:00:00
215330000,35.895542,14.525358,0.0,344.5,320.0,2.8569784,5,1780300554,MSSIS,0,SANTA MARTINA,9143439,9HA5065,0.0,0.0,5.4,VALLETTA,80,1900-01-01 00:00:00
244810697,51.717575,4.4022465,0.1,300.2,293.0,0.0,5,1780300554,MSSIS,0,GRIETJE W,0,PF7365,0.0,0.0,1.4,HARINGVLIETBRUG,33,1900-01-01 00:00:00
235096689,49.50181,-2.5046084,0.1,180.4,511.0,-731.3865,5,1780300554,MSSIS,0,BETTY MAE,0,2GEL7,0.0,0.0,1.0,,60,1900-01-01 00:00:00
314629000,50.353146,0.42279333,10.0,71.5,69.0,0.0,0,1780300554,MSSIS,0,WILSON HANSTHOLM,9119567,8PBK4,0.0,0.0,4.0,BY ORDER,79,1900-01-01 00:00:00
235086062,49.883312,-1.8319566,9.9,75.0,511.0,0.0,15,1780300554,MSSIS,0,,0,2ELD3,0.0,0.0,0.0,,36,1900-01-01 00:00:00
367199090,47.656654,-122.37888,0.2,267.5,511.0,0.0,15,1780300554,MSSIS,0,,0,WDD8435,0.0,0.0,0.0,,30,1900-01-01 00:00:00
244395487,51.728855,3.913885,0.0,360.0,511.0,0.0,15,1780300554,MSSIS,0,,0,PH3284,0.0,0.0,0.0,,37,1900-01-01 00:00:00
338552309,43.07892,-70.70617,0.2,186.6,236.0,0.0,15,1780300554,MSSIS,0,,0,,0.0,0.0,0.0,,36,1900-01-01 00:00:00
316003697,48.393875,-64.49404,0.0,171.1,323.0,-1.1160072,8,1780300554,MSSIS,0,JULIEANTOINE,0,,0.0,0.0,0.0,,0,1900-01-01 00:00:00
636025110,39.2537,-76.567184,1.1,319.4,93.0,21.6059,0,1780300554,MSSIS,0,NEO FALIRO,1045643,5LVV8,0.0,0.0,12.0,USORF,70,1900-01-01 00:00:00
238869040,39.56738,2.6419983,0.0,360.0,511.0,0.0,15,1780300554,MSSIS,0,,0,9A9119,0.0,0.0,0.0,,37,1900-01-01 00:00:00
319338100,43.541782,10.29676,0.0,88.6,0.0,0.0,8,1780300554,MSSIS,0,SOLUSA,0,ZGVN8,0.0,0.0,0.0,LIVORNO,37,1900-01-01 00:00:00
244850939,52.6607,5.5948567,0.0,360.0,511.0,-731.3865,0,1780300554,MSSIS,0,JACOB,0,PB4642,0.0,0.0,1.8,URK,37,1900-01-01 00:00:00
367701520,29.299006,-89.059,0.1,16.5,511.0,-731.3865,0,1780300554,MSSIS,0,LYNDA ANN,63,WDI4744,0.0,0.0,3.0,VENICE,0,1900-01-01 00:00:00
211790950,49.764397,6.633425,0.0,360.0,511.0,-731.3865,2,1780300554,MSSIS,0,UNDINE II,0,DC2500,0.0,0.0,1.3,RUNDFAHRTEN TRIER,69,1900-01-01 00:00:00
245255000,51.96135,4.1403365,0.0,27.0,38.0,0.0,0,1780300554,MSSIS,0,VB REBEL,9600774,PFIO,0.0,0.0,4.6,HARBOUR TUG,52,1900-01-01 00:00:00
224136470,43.464317,-3.3000484,10.3,73.1,75.0,0.0,15,1780300554,MSSIS,0,MADRE LUCIA,8747551,EBYY,0.0,0.0,3.4,AREA DE PESCA,30,1900-01-01 00:00:00
245633000,52.659843,5.6001115,0.0,7.7,511.0,-731.3865,7,1780300554,MSSIS,0,UK62 JELTJE,8509507,PFJY,0.0,0.0,0.0,KEEP CLEAR 05NM,30,1900-01-01 00:00:00
538006801,25.17056,120.9338,11.0,229.2,228.0,0.0,0,1780300554,MSSIS,0,PAOLO TOPIC,9726255,V7RI2,0.0,0.0,8.9,SG SIN,70,1900-01-01 00:00:00
244700972,52.40531,4.778605,0.0,354.2,511.0,-731.3865,0,1780300554,MSSIS,0,ALBERTA,0,PD3474,0.0,0.0,2.5,MAARTENSDIJK,79,1900-01-01 00:00:00
431015057,34.628284,135.39406,9.3,304.6,306.0,0.0,0,1780300554,MSSIS,0,MUSOUDE,9900942,JD4799,0.0,0.0,4.2,JP FKY,70,1900-01-01 00:00:00
368248250,25.957458,-80.12754,0.0,360.0,195.0,0.0,15,1780300554,MSSIS,0,,0,WDM8969,0.0,0.0,0.0,,37,1900-01-01 00:00:00
338468221,33.721794,-118.281166,0.0,102.9,268.0,0.0,15,1780300554,MSSIS,0,,0,,0.0,0.0,0.0,,37,1900-01-01 00:00:00
431004315,34.632797,135.3317,0.1,316.8,245.0,0.0,0,1780300554,MSSIS,0,SHINSEI MARU,9666003,JD3498,0.0,0.0,5.0,JP OSA,70,1900-01-01 00:00:00
366984350,29.853624,-90.06331,0.0,360.0,511.0,-731.3865,12,1780300554,MSSIS,0,COOPERATIVE SPIRIT,569226,WBD9878,0.0,0.0,3.1,US0EX00UDJ,52,1900-01-01 00:00:00
257213000,63.9205,9.977834,0.0,108.0,53.0,0.0,5,1780300554,MSSIS,0,TB CHIEF,0,LIMG,0.0,0.0,5.0,BAROYA,52,1900-01-01 00:00:00
255806167,54.434727,12.032654,12.5,270.9,271.0,0.0,0,1780300554,MSSIS,0,MAAS CONFIDENCE,9713210,CQAG5,0.0,0.0,8.8,SEGOT,70,1900-01-01 00:00:00
368463840,30.063488,-93.35145,0.0,360.0,511.0,-731.3865,0,1780300554,MSSIS,0,TARPON I,0,WDQ8622,0.0,0.0,0.0,,60,1900-01-01 00:00:00
368442390,46.13108,-123.00624,0.0,230.3,132.0,3.6158633,5,1780300554,MSSIS,0,COWLITZ,0,WDQ6289,0.0,0.0,0.0,PORTLAND,52,1900-01-01 00:00:00
316059968,48.676956,-123.41394,0.3,360.0,511.0,0.0,15,1780300554,MSSIS,0,,0,CFN6544,0.0,0.0,0.0,,37,1900-01-01 00:00:00
368403110,48.002293,-122.22274,0.0,82.6,100.0,0.0,15,1780300554,MSSIS,0,,0,WDP9913,0.0,0.0,0.0,,37,1900-01-01 00:00:00
567007679,7.74765,98.376656,1.0,12.5,511.0,0.0,15,1780300553,MSSIS,0,BLUE WHALE,0,,0.0,0.0,0.0,,0,1900-01-01 00:00:00
503542200,-27.517878,153.26933,0.0,0.8,96.0,0.0,15,1780300554,MSSIS,0,,0,VNZ2137,0.0,0.0,0.0,,37,1900-01-01 00:00:00
567000418,12.673315,101.14969,0.0,98.8,511.0,0.0,15,1780300553,MSSIS,0,,0,HSB4930,0.0,0.0,0.0,,52,1900-01-01 00:00:00
227383380,36.96284,21.931923,0.1,360.0,124.0,0.0,15,1780300553,MSSIS,0,ZY VA,0,,0.0,0.0,0.0,,0,1900-01-01 00:00:00
236111769,36.205143,29.62469,0.0,0.0,511.0,-731.3865,1,1780300553,MSSIS,0,BASYA NICOLI,0,ZDKP6,0.0,0.0,0.0,,0,1900-01-01 00:00:00
249386000,4.0657883,9.695673,0.0,16.5,358.0,0.0,5,1780300554,MSSIS,0,LEONIDAS,9696474,9HA4229,0.0,0.0,8.1,DOUALA ESCORTING,70,1900-01-01 00:00:00
232062106,37.34208,27.26564,0.0,0.0,511.0,-731.3865,1,1780300553,MSSIS,0,FREE LEADER,0,MSIY6,0.0,0.0,0.0,,0,1900-01-01 00:00:00
268238201,42.496666,28.931534,0.6,126.0,111.0,0.0,2,1780300554,MSSIS,0,SKY GATE,9445136,T7XH,0.0,0.0,5.8,ORDER,70,1900-01-01 00:00:00
271053093,38.778072,26.926058,0.0,270.1,176.0,0.0,8,1780300553,MSSIS,0,BOGACAY LXXVII,1037220,TCA8449,0.0,0.0,0.0,ALIAGA,52,1900-01-01 00:00:00
265675760,55.38337,14.06349,0.0,229.5,511.0,0.0,15,1780300555,MSSIS,0,,0,SC9488,0.0,0.0,0.0,,37,1900-01-01 00:00:00
219018202,56.05155,10.416555,4.6,339.4,511.0,0.0,15,1780300555,MSSIS,0,,0,XPE5155,0.0,0.0,0.0,,36,1900-01-01 00:00:00
205270290,51.313732,4.3193383,0.0,360.0,511.0,-731.3865,5,1780300555,MSSIS,0,POA 1,0,OT2702,0.0,0.0,1.4,ANTWERP,53,1900-01-01 00:00:00
244850094,51.34858,4.273465,0.0,111.8,511.0,-731.3865,0,1780300555,MSSIS,0,MULTRATUG 9,9770866,PCZR,0.0,0.0,4.6,HARBOUR TOWAGE,90,1900-01-01 00:00:00
211771930,39.567528,2.6422367,0.0,360.0,511.0,0.0,15,1780300555,MSSIS,0,SOUND OF SILENCE,0,,0.0,0.0,0.0,,0,1900-01-01 00:00:00
338075091,34.244137,-119.26295,0.0,260.2,511.0,0.0,15,1780300555,MSSIS,0,,0,,0.0,0.0,0.0,,37,1900-01-01 00:00:00
205393290,51.26369,4.278692,3.5,269.4,511.0,-731.3865,0,1780300555,MSSIS,0,GLADIATOR,0,OT3932,0.0,0.0,0.0,CHURCHILLDOK,79,1900-01-01 00:00:00
354827000,32.908306,-79.94693,0.0,174.1,80.0,0.0,5,1780300555,MSSIS,0,AMIS QUEEN,9852676,3FVC4,0.0,0.0,12.1,USCHS,70,1900-01-01 00:00:00
261215000,53.658035,14.520681,0.0,360.0,511.0,0.0,15,1780300555,MSSIS,0,,0,SQFL,0.0,0.0,0.0,,51,1900-01-01 00:00:00
367301480,48.80826,-122.72157,0.0,83.5,351.0,0.0,1,1780300555,MSSIS,0,VALOR,9409924,WDD8691,0.0,0.0,6.8,US01J40U5Q,52,1900-01-01 00:00:00
244630717,51.312935,4.3146634,0.0,0.0,511.0,-731.3865,0,1780300555,MSSIS,0,OVAL,0,PF2453,0.0,0.0,2.0,DEURGANCKDOK,79,1900-01-01 00:00:00
636025668,36.66877,13.49685,12.3,111.0,112.0,0.0,0,1780300555,MSSIS,0,IONIAN SEA,9322384,5LYO8,0.0,0.0,9.6,MED FOR ORDERS,80,1900-01-01 00:00:00
244700956,51.67599,3.7569566,0.0,0.0,511.0,-731.3865,0,1780300555,MSSIS,0,ONRUST,0,PE3039,0.0,0.0,0.3,BURGHSLUIS,69,1900-01-01 00:00:00
232064609,39.35261,-0.26859835,8.1,146.8,511.0,0.0,15,1780300555,MSSIS,0,,0,MTAR7,0.0,0.0,0.0,,37,1900-01-01 00:00:00
316033909,49.29638,-123.12513,0.2,305.8,511.0,0.0,15,1780300555,MSSIS,0,,0,,0.0,0.0,0.0,,37,1900-01-01 00:00:00
225996851,38.967815,1.2444416,0.0,360.0,511.0,0.0,15,1780300555,MSSIS,0,CORCHO DIECISEIS,0,,0.0,0.0,0.0,,0,1900-01-01 00:00:00
636017264,33.073345,-8.741035,0.6,107.6,10.0,0.0,1,1780300555,MSSIS,0,ALKYONIS,9709465,D5KB7,0.0,0.0,9.9,JORF LASFAR,70,1900-01-01 00:00:00
263959173,37.21061,-7.4074864,0.0,360.0,511.0,0.0,15,1780300555,MSSIS,0,,0,CRA7525,0.0,0.0,0.0,,36,1900-01-01 00:00:00
367433360,39.27897,-76.58221,0.0,0.0,511.0,0.0,15,1780300555,MSSIS,0,,0,WDF2908,0.0,0.0,0.0,,36,1900-01-01 00:00:00
232062283,36.28948,-5.2706685,0.0,360.0,511.0,0.0,15,1780300555,MSSIS,0,,0,MSKH7,0.0,0.0,0.0,,36,1900-01-01 00:00:00
244060004,52.579674,5.7614517,0.0,354.7,511.0,0.0,15,1780300555,MSSIS,0,WEERGALOOS,0,,0.0,0.0,0.0,,0,1900-01-01 00:00:00
369223000,26.08727,-80.185646,0.0,360.0,511.0,0.0,15,1780300555,MSSIS,0,,0,WDQ6407,0.0,0.0,0.0,,37,1900-01-01 00:00:00
338350548,26.438854,-81.91844,0.0,360.0,511.0,0.0,15,1780300555,MSSIS,0,SON OF A SON,0,,0.0,0.0,0.0,,0,1900-01-01 00:00:00
244780019,52.531452,5.4406,0.1,87.0,511.0,0.0,15,1780300555,MSSIS,0,,0,PC4487,0.0,0.0,0.0,,37,1900-01-01 00:00:00
503179130,-32.04895,115.73334,0.0,360.0,511.0,0.0,15,1780300555,MSSIS,0,PANTHALASSA DOLPHIN,0,,0.0,0.0,0.0,,0,1900-01-01 00:00:00
369516000,57.785202,-152.41847,0.0,121.6,511.0,0.0,15,1780300555,MSSIS,0,,0,WDE2905,0.0,0.0,0.0,,37,1900-01-01 00:00:00
368329510,41.17481,-73.18135,0.0,46.7,196.0,0.0,15,1780300555,MSSIS,0,,0,WDN9705,0.0,0.0,0.0,,37,1900-01-01 00:00:00
247530400,33.771683,-7.398978,0.1,18.4,308.0,-0.4017626,1,1780300555,MSSIS,0,VALTEVERE,9725598,IBPV,0.0,0.0,8.5,MAMOH,89,1900-01-01 00:00:00
210117000,41.37022,2.176895,0.0,225.4,5.0,0.0,5,1780300555,MSSIS,0,GUBAL TRADER,7802794,5BQV5,0.0,0.0,4.2,MAHON,63,1900-01-01 00:00:00
338486598,27.980305,-82.824875,0.0,360.0,511.0,0.0,15,1780300555,MSSIS,0,,0,,0.0,0.0,0.0,,37,1900-01-01 00:00:00
564229000,51.25368,4.3654733,0.0,187.7,90.0,0.0,5,1780300555,MSSIS,0,HAFNIA OSPREY,9682241,9V2923,0.0,0.0,10.9,FRPJEBEANR,80,1900-01-01 00:00:00
244733624,51.759323,3.8569667,0.0,286.9,210.0,0.0,15,1780300555,MSSIS,0,CACONANO,0,,0.0,0.0,0.0,,0,1900-01-01 00:00:00
431003232,34.285244,134.97594,19.5,179.9,180.0,0.0,0,1780300555,MSSIS,0,NICHIOH MARU,9609184,JD3267,0.0,0.0,7.5,JP YOS,70,1900-01-01 00:00:00
227221070,47.72555,-3.3491783,0.0,360.0,511.0,0.0,15,1780300555,MSSIS,0,,0,,0.0,0.0,0.0,,36,1900-01-01 00:00:00
210712000,52.9568,4.77756,0.0,274.3,154.0,0.0,5,1780300555,MSSIS,0,ATLANTIC,9570709,5BYR6,0.0,0.0,4.4,NL DHR,99,1900-01-01 00:00:00
225382000,54.56682,-10.756001,0.8,359.3,151.0,-720.00323,7,1780300555,MSSIS,0,ANCHOUSA,9431422,ECNR,0.0,0.0,3.1,DINGLE HARBOUR,30,1900-01-01 00:00:00
219277000,41.311413,2.1892483,0.1,79.4,143.0,0.0,1,1780300555,MSSIS,0,HENNING MAERSK,9389526,OYRV2,0.0,0.0,8.5,ESBCN,80,1900-01-01 00:00:00
366811310,45.580723,-122.759346,0.0,314.8,118.0,0.0,0,1780300555,MSSIS,0,JAMES T QUIGG,537733,WDA4612,0.0,0.0,4.3,US0T3U0UJU,31,1900-01-01 00:00:00
210095000,54.74467,14.000835,13.3,346.4,346.0,0.0,0,1780300555,MSSIS,0,GALILEUSZ,9019078,C4LV2,0.0,0.0,5.4,SWINOUJSCIEYSTAD,60,1900-01-01 00:00:00
244131563,51.346516,4.284828,0.0,360.0,511.0,-731.3865,5,1780300555,MSSIS,0,OOSTENWIND,0,PD2716,0.0,0.0,2.2,KALLO,79,1900-01-01 00:00:00
273219650,35.99243,-3.2727733,4.9,274.8,281.0,0.0,0,1780300555,MSSIS,0,ASCALON,0,UBHU6,0.0,0.0,5.1,TO ORDER,99,1900-01-01 00:00:00
259318000,50.885254,-1.3926983,0.0,281.9,183.0,0.0,5,1780300555,MSSIS,0,NOCC ADRIATIC,1041843,LAYN8,0.0,0.0,9.1,GB SOU,70,1900-01-01 00:00:00
247122900,44.406223,8.920653,0.1,360.0,511.0,-731.3865,8,1780300555,MSSIS,0,VF 1082,0,IZCF,0.0,0.0,1.1,,55,1900-01-01 00:00:00
211765150,52.491516,13.486145,0.0,360.0,511.0,-731.3865,0,1780300555,MSSIS,0,SPREE,0,DC6913,0.0,0.0,1.3,BERLIN,80,1900-01-01 00:00:00
211290760,53.5319,9.984306,0.0,69.3,511.0,-731.3865,5,1780300555,MSSIS,0,MPOSS,8862674,DBCZ,0.0,0.0,1.2,HAMBURG,99,1900-01-01 00:00:00
368071000,29.120186,-90.198746,0.0,267.7,341.0,0.0,0,1780300555,MSSIS,0,CINDY JEAN LAB,9421398,WDK4946,0.0,0.0,3.4,FOURCHON LA,79,1900-01-01 00:00:00
563152900,29.99712,-90.44068,0.0,118.4,263.0,-0.4017626,1,1780300555,MSSIS,0,HAFNIA EXCELSIOR,9735581,9V7886,0.0,0.0,8.0,USHOUUSGYV,80,1900-01-01 00:00:00
477681400,30.012133,-90.83119,0.0,251.3,347.0,0.0,5,1780300555,MSSIS,0,NOBLE ISLAND,9705316,VRTX4,0.0,0.0,6.9,US POA,70,1900-01-01 00:00:00
304941000,17.591766,-64.8254,8.2,265.1,267.0,0.0,0,1780300555,MSSIS,0,DENEB,9344241,V2BW1,0.0,0.0,5.2,VICTD,79,1900-01-01 00:00:00
257542700,64.87309,10.895053,0.0,360.0,511.0,-731.3865,5,1780300555,MSSIS,0,SVENNINGEN,0,LF5468,0.0,0.0,0.0,,99,1900-01-01 00:00:00
259590000,70.97179,26.03454,7.9,69.2,65.0,0.0,0,1780300555,MSSIS,0,BOERNES,9218624,LJSK,0.0,0.0,0.0,,30,1900-01-01 00:00:00
368394930,27.857136,-82.38204,0.1,360.0,511.0,0.0,15,1780300555,MSSIS,0,ENDLESS LOVE,0,,0.0,0.0,0.0,,0,1900-01-01 00:00:00
244866112,52.48762,5.063805,0.0,360.0,511.0,0.0,15,1780300555,MSSIS,0,,0,PF7754,0.0,0.0,0.0,,37,1900-01-01 00:00:00
368458240,26.835938,-80.05678,0.5,273.0,53.0,0.0,5,1780300555,MSSIS,0,DAGNY,0,WDQ8022,0.0,0.0,0.0,PALMBEACHNASSAU,60,1900-01-01 00:00:00
244770894,52.460003,5.038435,0.0,0.0,511.0,-731.3865,5,1780300555,MSSIS,0,MAATJE JOHANNA,0,PC4437,0.0,0.0,0.2,MONNICKENDAM,37,1900-01-01 00:00:00
338172253,42.361553,-71.034424,0.0,344.1,511.0,0.0,15,1780300555,MSSIS,0,,0,,0.0,0.0,0.0,,36,1900-01-01 00:00:00
235094269,31.717077,35.99938,0.0,360.0,511.0,-731.3865,0,1780300555,MSSIS,0,HIGHLAND CHIEFTAIN,9639359,2FUD2,0.0,0.0,5.0,HAIFA,79,1900-01-01 00:00:00
477732300,37.952038,-121.324715,0.0,52.4,266.0,-731.3865,5,1780300555,MSSIS,0,,0,VRUH3,0.0,0.0,0.0,,70,1900-01-01 00:00:00
269057543,51.1805,6.749315,6.2,86.0,90.0,0.0,0,1780300555,MSSIS,0,AMASTELLA,0,HE7543,0.0,0.0,1.6,NURNBERG,69,1900-01-01 00:00:00
244780656,52.37589,4.897165,0.0,360.0,511.0,-731.3865,5,1780300555,MSSIS,0,KONINGIN WILHELMINA,0,PG5113,0.0,0.0,0.0,,69,1900-01-01 00:00:00
338032969,28.619965,-80.807045,0.0,360.0,511.0,0.0,15,1780300555,MSSIS,0,BALI HAI,0,,0.0,0.0,0.0,,0,1900-01-01 00:00:00
368012560,40.654217,-74.0287,7.3,221.8,221.0,0.0,0,1780300555,MSSIS,0,BROOKLYN,9265718,WDJ8046,0.0,0.0,3.7,XX XXXUS0LFQ,31,1900-01-01 00:00:00
338192597,41.274734,-72.46822,0.0,135.1,511.0,0.0,15,1780300555,MSSIS,0,,0,,0.0,0.0,0.0,,37,1900-01-01 00:00:00
413289780,-23.101044,-43.067005,8.3,149.2,150.0,720.00323,0,1780300555,MSSIS,0,HANG JUN 4019,9922964,BORX5,0.0,0.0,4.4,RIO DE JANEIRO,33,1900-01-01 00:00:00
247362180,44.39618,8.934508,0.0,360.0,511.0,0.0,15,1780300555,MSSIS,0,,0,IM9928,0.0,0.0,0.0,,36,1900-01-01 00:00:00
368388170,29.737642,-91.73193,0.0,205.0,345.0,0.0,15,1780300555,MSSIS,0,JACOB MATTHEW,0,WDP8179,0.0,0.0,2.1,US0EQ00ZTG,90,1900-01-01 00:00:00
246431000,53.109146,5.0960484,2.9,273.0,277.0,720.00323,0,1780300555,MSSIS,0,BRU12 WOLFERTFRANK,8136013,PCIJ,0.0,0.0,1.0,FISHING GROUNDS,30,1900-01-01 00:00:00
367165920,47.67853,-122.407845,0.0,9.7,177.0,0.0,15,1780300555,MSSIS,0,,0,WDJ4183,0.0,0.0,0.0,,36,1900-01-01 00:00:00
563056400,1.198905,103.73835,0.0,340.9,148.0,0.0,1,1780300555,MSSIS,0,MARINE TERRACE,9825049,9V5469,0.0,0.0,7.0,ARP,80,1900-01-01 00:00:00
244730042,51.88458,4.2350416,0.0,327.5,511.0,-731.3865,5,1780300555,MSSIS,0,CLEAN SEAS 2,0,PB3233,0.0,0.0,0.0,,70,1900-01-01 00:00:00
378113559,25.971476,-80.1273,0.0,360.0,511.0,0.0,15,1780300555,MSSIS,0,LA BELLA VITA,0,,0.0,0.0,0.0,,0,1900-01-01 00:00:00
367573740,41.490986,-71.320885,0.0,186.0,0.0,0.0,5,1780300555,MSSIS,0,EXCEL,0,WDG8074,0.0,0.0,2.3,B,0,1900-01-01 00:00:00
256875000,43.65481,7.181608,0.0,360.0,511.0,0.0,15,1780300555,MSSIS,0,MOONSHOT,0,,0.0,0.0,0.0,,0,1900-01-01 00:00:00
211121480,53.05118,8.880167,0.0,360.0,511.0,-731.3865,0,1780300555,MSSIS,0,SAUGER,0,DA7493,0.0,0.0,0.0,,99,1900-01-01 00:00:00
244660839,53.199677,5.805895,0.0,171.5,511.0,-731.3865,0,1780300555,MSSIS,0,WENDING,0,PE6039,0.0,0.0,1.4,LEEUWARDEN,37,1900-01-01 00:00:00
228000890,43.080383,6.15534,0.0,360.0,511.0,0.0,15,1780300555,MSSIS,0,,0,FAH2534,0.0,0.0,0.0,,36,1900-01-01 00:00:00
244630391,52.643154,6.08463,0.0,138.6,511.0,-731.3865,0,1780300555,MSSIS,0,PRESENT,0,PD3635,0.0,0.0,2.3,MULHEIM A RHUR,0,1900-01-01 00:00:00
228194160,43.078724,6.1586285,0.0,360.0,511.0,0.0,15,1780300555,MSSIS,0,,0,FAK6231,0.0,0.0,0.0,,37,1900-01-01 00:00:00
369494426,33.893913,-78.033394,0.0,286.9,35.0,-731.3865,0,1780300555,MSSIS,0,CG49426,0,,0.0,0.0,1.6,,51,1900-01-01 00:00:00
250300102,44.630825,-1.46654,1.6,290.8,511.0,0.0,15,1780300555,MSSIS,0,,0,84,0.0,0.0,0.0,,30,1900-01-01 00:00:00
244710537,51.219093,6.70209,0.0,44.0,511.0,-731.3865,0,1780300555,MSSIS,0,LUMINA,0,PE4268,0.0,0.0,0.0,,79,1900-01-01 00:00:00
244870779,57.109222,12.243657,0.1,224.2,511.0,0.0,15,1780300556,MSSIS,0,WINDROOS,0,,0.0,0.0,0.0,,0,1900-01-01 00:00:00
211542750,53.545544,9.965685,0.0,137.0,511.0,-731.3865,13,1780300555,MSSIS,0,TANJA,0,DF2172,0.0,0.0,0.0,FINKENWERDER,69,1900-01-01 00:00:00
319090100,36.81468,-2.5606484,0.0,360.0,511.0,0.0,15,1780300556,MSSIS,0,,0,ZGDV4,0.0,0.0,0.0,,37,1900-01-01 00:00:00
219002758,56.19388,10.668881,0.8,360.0,303.0,0.0,15,1780300556,MSSIS,0,SKOEDSHOVED,0,,0.0,0.0,0.0,,0,1900-01-01 00:00:00
440800593,35.148705,128.63596,0.0,230.7,278.0,-1.6070504,0,1780300555,MSSIS,0,ROK GOV VESSEL,0,,0.0,0.0,0.0,,36,1900-01-01 00:00:00
431017121,33.88242,130.98676,0.0,264.9,199.0,0.0,0,1780300555,MSSIS,0,KAIKYO,0,QKAIKYO,0.0,0.0,2.2,JP SMJ,90,1900-01-01 00:00:00
224031240,28.125711,-15.426643,0.0,273.2,511.0,0.0,15,1780300556,MSSIS,0,,0,BO12345,0.0,0.0,0.0,,37,1900-01-01 00:00:00
368445050,38.95813,-76.47415,0.0,22.5,511.0,0.0,15,1780300556,MSSIS,0,,0,WDQ6565,0.0,0.0,0.0,,37,1900-01-01 00:00:00
227314170,50.105793,0.7455133,3.8,13.7,511.0,-731.3865,0,1780300555,MSSIS,0,FV JEAN PAUL 2,8541218,FS 7855,0.0,0.0,3.5,,30,1900-01-01 00:00:00
338331047,41.661377,-71.44431,0.0,45.4,511.0,0.0,15,1780300556,MSSIS,0,,0,,0.0,0.0,0.0,,36,1900-01-01 00:00:00
266458000,57.64449,11.857928,2.5,53.8,85.0,720.00323,2,1780300555,MSSIS,0,VERA C,0,SGRF,0.0,0.0,0.0,TRAWLING,30,1900-01-01 00:00:00
265765350,56.829002,11.935496,5.1,200.6,511.0,0.0,15,1780300556,MSSIS,0,PACIENCIA,0,,0.0,0.0,0.0,,0,1900-01-01 00:00:00
228467700,50.1971,1.251765,1.7,329.3,311.0,0.0,0,1780300555,MSSIS,0,GV GOURY,9213870,FLBU,0.0,0.0,4.5,WIND FARM DIEPPE,38,1900-01-01 00:00:00
229551000,41.580875,8.748163,10.0,137.2,147.0,0.0,0,1780300555,MSSIS,0,EMERALD,1000239,9HA3400,0.0,0.0,2.7,SPLIT CROATIA,37,1900-01-01 00:00:00
247123630,42.067806,16.174732,3.0,299.2,511.0,-731.3865,0,1780300556,MSSIS,0,CAIO DUILIO,0,IMXC,0.0,0.0,0.0,,30,1900-01-01 00:00:00
244090191,52.702045,5.295642,0.0,172.6,511.0,0.0,15,1780300556,MSSIS,0,,0,PF3845,0.0,0.0,0.0,,36,1900-01-01 00:00:00
225997860,27.957966,-15.372612,0.1,9.4,511.0,-731.3865,0,1780300556,MSSIS,0,CANEXMAR SEIS,0,,0.0,0.0,0.0,LAS PALMAS,90,1900-01-01 00:00:00
251431840,65.07835,-22.725073,0.0,0.0,511.0,0.0,15,1780300556,MSSIS,0,,0,2070,0.0,0.0,0.0,,30,1900-01-01 00:00:00
205451370,51.31014,3.1194084,0.0,360.0,511.0,0.0,15,1780300556,MSSIS,0,,0,OQ4513,0.0,0.0,0.0,,36,1900-01-01 00:00:00
219000604,55.461494,8.441915,0.0,45.0,5.0,0.0,0,1780300556,MSSIS,0,MF FENJA,9189378,OYIQ,0.0,0.0,0.0,,60,1900-01-01 00:00:00
338212583,32.726883,-117.19327,0.0,286.1,511.0,0.0,15,1780300556,MSSIS,0,,0,ANDILEE,0.0,0.0,0.0,,37,1900-01-01 00:00:00
258029300,59.027718,5.254735,1.6,115.2,511.0,0.0,15,1780300556,MSSIS,0,URFLU,0,,0.0,0.0,0.0,,0,1900-01-01 00:00:00
316026173,48.66889,-123.41299,0.0,145.4,511.0,0.0,15,1780300556,MSSIS,0,HAKUNA MATATA,0,,0.0,0.0,0.0,,0,1900-01-01 00:00:00
219731000,57.5924,9.972808,0.0,194.3,132.0,0.0,0,1780300556,MSSIS,0,BEINUR,9746097,OWAR,0.0,0.0,0.0,FISKERI,30,1900-01-01 00:00:00
232014011,50.713127,-1.9580784,0.0,360.0,511.0,0.0,15,1780300556,MSSIS,0,BIG SKY,0,,0.0,0.0,0.0,,0,1900-01-01 00:00:00
211823820,54.09384,12.120813,0.0,360.0,511.0,0.0,15,1780300556,MSSIS,0,TIMMA,0,,0.0,0.0,0.0,,0,1900-01-01 00:00:00
247235100,39.084114,9.033874,0.0,198.8,134.0,0.0,5,1780300556,MSSIS,0,SYN ZUBE,9346940,ICKM,0.0,0.0,5.6,ITPFX,84,1900-01-01 00:00:00
232030840,50.88427,-1.30356,0.0,360.0,511.0,0.0,15,1780300556,MSSIS,0,,0,MIGF4,0.0,0.0,0.0,,37,1900-01-01 00:00:00
368057320,36.92228,-76.181885,0.1,338.4,511.0,0.0,15,1780300556,MSSIS,0,,0,,0.0,0.0,0.0,,36,1900-01-01 00:00:00
211370530,53.44504,6.8238583,0.0,195.3,104.0,0.0,0,1780300556,MSSIS,0,PETER WESSELS,9769867,DMEM,0.0,0.0,4.6,EMDEN,52,1900-01-01 00:00:00
503166850,39.17885,9.149707,6.8,283.8,283.0,0.0,15,1780300556,MSSIS,0,,0,863820,0.0,0.0,0.0,,36,1900-01-01 00:00:00
310830000,34.205593,-77.80097,0.0,236.9,161.0,0.0,15,1780300556,MSSIS,0,PERSISTENCE,0,,0.0,0.0,0.0,,0,1900-01-01 00:00:00
250098000,51.841087,-8.257107,0.0,2.2,139.0,0.0,0,1780300556,MSSIS,0,DSG ALEX ESCORT TUG,9112741,EIDK,0.0,0.0,5.1,CORK,52,1900-01-01 00:00:00
238706640,42.22826,15.756733,7.2,201.0,511.0,0.0,15,1780300556,MSSIS,0,,0,9A6460,0.0,0.0,0.0,,36,1900-01-01 00:00:00
503084720,-27.882364,153.38486,0.0,360.0,511.0,0.0,15,1780300555,MSSIS,0,,0,XZ780Q,0.0,0.0,0.0,,37,1900-01-01 00:00:00
368369120,17.103333,-61.70933,0.2,360.0,88.0,0.0,15,1780300555,MSSIS,0,,0,WDP6063,0.0,0.0,0.0,,36,1900-01-01 00:00:00
503149810,-27.472641,153.02225,13.2,324.7,511.0,0.0,15,1780300556,MSSIS,0,,0,461419,0.0,0.0,0.0,,60,1900-01-01 00:00:00
503136090,-20.290852,148.78749,0.0,360.0,511.0,0.0,15,1780300556,MSSIS,0,,0,,0.0,0.0,0.0,,37,1900-01-01 00:00:00
503141480,-23.19185,150.95082,0.1,143.0,511.0,0.0,15,1780300557,MSSIS,0,,0,JAYGO,0.0,0.0,0.0,,36,1900-01-01 00:00:00
238025340,43.69882,15.714387,3.8,319.4,511.0,0.0,15,1780300557,MSSIS,0,OPTIMUS,0,,0.0,0.0,0.0,,0,1900-01-01 00:00:00
265787380,56.267582,12.839838,0.0,259.5,511.0,0.0,15,1780300557,MSSIS,0,,0,8SY5448,0.0,0.0,0.0,,37,1900-01-01 00:00:00
225999730,36.05074,-5.476005,1.8,56.3,511.0,0.0,15,1780300557,MSSIS,0,,0,,0.0,0.0,0.0,,37,1900-01-01 00:00:00
228121960,36.723263,-3.5269532,0.0,360.0,511.0,0.0,15,1780300557,MSSIS,0,,0,FAJ6631,0.0,0.0,0.0,,36,1900-01-01 00:00:00
207835860,43.189842,27.921146,0.0,360.0,511.0,0.0,15,1780300557,MSSIS,0,,0,LZH3586,0.0,0.0,0.0,,36,1900-01-01 00:00:00
248036000,43.26482,6.588395,0.0,214.1,511.0,0.0,15,1780300557,MSSIS,0,SPARE WHEELS,0,,0.0,0.0,0.0,,0,1900-01-01 00:00:00
338462515,41.69979,-71.17363,0.0,360.0,511.0,0.0,15,1780300557,MSSIS,0,,0,,0.0,0.0,0.0,,37,1900-01-01 00:00:00
265802060,65.558014,22.143608,0.0,62.1,511.0,0.0,15,1780300557,MSSIS,0,,0,SG8782,0.0,0.0,0.0,,37,1900-01-01 00:00:00
227828110,43.07929,5.9265084,0.0,35.4,511.0,0.0,15,1780300557,MSSIS,0,,0,FAE9423,0.0,0.0,0.0,,36,1900-01-01 00:00:00
261010141,53.907394,14.260382,0.0,263.0,260.0,0.0,0,1780300556,MSSIS,0,FAIRPLAY86,1050260,SPG6326,0.0,0.0,5.3,SWINOUJSCIE,52,1900-01-01 00:00:00
265755750,59.26027,17.856766,0.0,0.0,511.0,0.0,15,1780300557,MSSIS,0,,0,SE9143,0.0,0.0,0.0,,37,1900-01-01 00:00:00
338096974,57.00294,-135.22571,0.0,0.0,511.0,0.0,15,1780300557,MSSIS,0,,0,,0.0,0.0,0.0,,37,1900-01-01 00:00:00
257779900,60.56732,5.3812666,0.0,360.0,511.0,-731.3865,0,1780300556,MSSIS,0,AUREN,0,LK7394,0.0,0.0,14.0,FISHFARMS,79,1900-01-01 00:00:00
248000368,35.8366,14.544875,0.0,0.0,511.0,-731.3865,7,1780300556,MSSIS,0,MARIE DE LOURDES 1,0,9HB3737,0.0,0.0,0.0,PESCA,30,1900-01-01 00:00:00
477205100,35.492268,19.22959,12.0,284.2,283.0,0.17856115,0,1780300556,MSSIS,0,SC EMERALD,1064936,VRXE9,0.0,0.0,9.8,BE ANR,82,1900-01-01 00:00:00
368399990,25.310413,-80.29827,0.0,360.0,511.0,0.0,15,1780300557,MSSIS,0,HIGH TIDE,0,,0.0,0.0,0.0,,0,1900-01-01 00:00:00
636024187,37.407177,-0.74402165,14.9,227.0,230.0,0.0,0,1780300556,MSSIS,0,MSC SIMONA,9962615,5LRK5,0.0,0.0,15.4,PTSIE,71,1900-01-01 00:00:00
258129580,59.83672,10.477028,0.0,351.6,511.0,0.0,15,1780300557,MSSIS,0,ELVIRA,0,,0.0,0.0,0.0,,0,1900-01-01 00:00:00
247306030,38.265953,15.733316,8.3,257.5,511.0,-731.3865,7,1780300556,MSSIS,0,VICTOR,0,IKEF,0.0,0.0,0.7,,30,1900-01-01 00:00:00
368018440,27.758839,-82.63441,0.0,360.0,511.0,0.0,15,1780300557,MSSIS,0,,0,WDJ8650,0.0,0.0,0.0,,36,1900-01-01 00:00:00
257235800,63.758785,8.826669,0.0,360.0,511.0,-731.3865,5,1780300556,MSSIS,0,ERVIK TILVEKST,0,LG7065,0.0,0.0,0.0,CH16,90,1900-01-01 00:00:00
257017920,61.863766,6.0805683,0.0,291.7,295.0,0.0,0,1780300556,MSSIS,0,GLOPPEFJORD,9811452,LEKM,0.0,0.0,5.0,LOTEANDA,60,1900-01-01 00:00:00
224526490,37.74911,-0.74331,0.0,320.0,320.0,0.0,15,1780300557,MSSIS,0,,0,,0.0,0.0,0.0,,36,1900-01-01 00:00:00
538005772,1.1850684,103.706375,0.2,244.5,188.0,0.0,1,1780300556,MSSIS,0,HAFNIA AMETHYST,9714501,V7GW3,0.0,0.0,8.2,SINGAPOREPGBG,82,1900-01-01 00:00:00
258257500,58.46185,8.778715,0.0,21.1,80.0,0.0,0,1780300556,MSSIS,0,RS INGE STEENSLAND,0,LDLR,0.0,0.0,1.0,SARCOAST,51,1900-01-01 00:00:00
244150488,53.550606,4.7379565,0.1,285.3,88.0,-1.1160072,0,1780300556,MSSIS,0,KASTEELBORG,9732204,PBDQ,0.0,0.0,6.0,L9A,99,1900-01-01 00:00:00
257524500,70.2454,23.398237,0.0,81.9,511.0,-731.3865,5,1780300556,MSSIS,0,HAVSEL,7817256,LIXI,0.0,0.0,4.0,TROMSO,39,1900-01-01 00:00:00
367474790,29.601995,-90.67612,0.0,254.2,511.0,-731.3865,0,1780300556,MSSIS,0,CROSBY PROGRESS,8991712,WDF6489,0.0,0.0,2.7,HOUMA LA,31,1900-01-01 00:00:00
525108032,-6.0401635,106.90689,0.1,360.0,511.0,-731.3865,1,1780300556,MSSIS,0,PIS JATIBARANG,9722259,YDWO 3,0.0,0.0,4.1,TANJUNG PRIOK,80,1900-01-01 00:00:00
211493560,51.8185,4.700045,0.0,360.0,511.0,-731.3865,5,1780300556,MSSIS,0,GAS 83,0,DC7994,0.0,0.0,2.1,WORMS,90,1900-01-01 00:00:00
353719000,53.707787,8.311017,17.1,121.9,120.0,0.0,0,1780300556,MSSIS,0,MSC MATILDE V,9181663,HODP,0.0,0.0,9.6,DEBRV,71,1900-01-01 00:00:00
245387000,51.444653,3.5930033,0.0,15.5,358.0,-6.4282017,5,1780300556,MSSIS,0,FRANS NAEREBOUT,8802674,PBVM,0.0,0.0,3.0,BUOY LAYING OPPS,55,1900-01-01 00:00:00
226009370,48.863873,2.303955,0.0,0.0,511.0,-731.3865,5,1780300556,MSSIS,0,COCHE D EAU,0,FM4129,0.0,0.0,0.1,PARIS,99,1900-01-01 00:00:00
538002632,24.95753,119.974,9.0,228.2,230.0,0.0,0,1780300556,MSSIS,0,VICTORIA OCEAN,9354868,V7KK3,0.0,0.0,13.9,SHANTOU,70,1900-01-01 00:00:00
244740881,51.7876,4.629325,0.0,360.0,511.0,-731.3865,5,1780300556,MSSIS,0,WILLEM HENDRIK,0,PD2236,0.0,0.0,2.7,DORDRECHT,80,1900-01-01 00:00:00
369494411,41.27255,-72.90472,0.0,89.9,295.0,0.0,5,1780300556,MSSIS,0,CG49411,0,,0.0,0.0,1.0,,51,1900-01-01 00:00:00
613003596,37.9776,24.446703,0.0,90.0,177.0,0.0,1,1780300556,MSSIS,0,GEMINI,9000687,TJMC182,0.0,0.0,5.9,TRALI,66,1900-01-01 00:00:00
256003248,40.71886,14.472577,0.0,360.0,511.0,-731.3865,5,1780300556,MSSIS,0,LADY A,0,9HB366,0.0,0.0,3.0,NAPOLI,37,1900-01-01 00:00:00
565376000,-3.4621882,-38.54024,11.4,166.2,164.0,-1.6070504,0,1780300556,MSSIS,0,MATHILDE SCHULTE,9676709,9V3051,0.0,0.0,6.2,BRVCO,70,1900-01-01 00:00:00
319213600,51.32187,2.5255218,0.0,73.6,57.0,0.0,1,1780300556,MSSIS,0,CERES ONE,9698434,ZGOO6,0.0,0.0,10.8,WANDELAAR OPL,70,1900-01-01 00:00:00
366935420,29.943108,-90.00933,7.6,103.3,511.0,-731.3865,0,1780300556,MSSIS,0,WHIRLAWAY,0,WCZ6032,0.0,0.0,0.0,TURN DOCKSIDE FLEET,56,1900-01-01 00:00:00
440102900,34.88254,128.71037,3.0,181.0,255.0,-731.3865,2,1780300556,MSSIS,0,OKPO NO6,0,305OKPO,0.0,0.0,4.0,,52,1900-01-01 00:00:00
228415800,50.722694,1.5724833,0.0,266.5,195.0,0.0,5,1780300556,MSSIS,0,VB ABEILLE NORMANDIE,9442421,FMQR,0.0,0.0,7.3,BOULOGNE SUR MER,51,1900-01-01 00:00:00
205514990,51.273174,4.339522,8.7,175.5,511.0,-731.3865,0,1780300556,MSSIS,0,MAC 4,0,OT5149,0.0,0.0,0.2,ARA,79,1900-01-01 00:00:00
205533890,51.2973,4.2701435,0.0,360.0,511.0,-731.3865,0,1780300556,MSSIS,0,CYGNUS,0,OT5338,0.0,0.0,3.2,KIELDRECHTSLUIS,79,1900-01-01 00:00:00
477716700,-20.326712,118.57654,0.0,208.9,303.0,0.0,0,1780300555,MSSIS,0,HUI KANG HAI,9887750,VRTR6,0.0,0.0,8.9,AU PHE,70,1900-01-01 00:00:00
636026030,-36.70724,174.84975,0.4,293.3,27.0,5.401475,1,1780300555,MSSIS,0,ANL WAIKATO,9431824,A8SN5,0.0,0.0,11.6,NZ AKL,71,1900-01-01 00:00:00
636020455,31.926548,28.396173,10.2,299.9,295.0,-1.6070504,0,1780300554,MSSIS,0,MSC AGATA III,9304734,D5TU9,0.0,0.0,0.0,EGEDKITGIT,71,1900-01-01 00:00:00
567004354,6.841165,99.253555,0.3,336.5,511.0,-731.3865,0,1780300555,MSSIS,0,MARINE DESEL OIL 1,0,,0.0,0.0,0.0,,70,1900-01-01 00:00:00
256972000,39.281723,20.400858,0.0,306.8,270.0,0.0,0,1780300555,MSSIS,0,PROMETHEUS I,8975031,9HA6046,0.0,0.0,2.9,ANTIPAXOI,37,1900-01-01 00:00:00
503323000,-42.88427,147.33472,0.0,322.8,303.0,0.0,0,1780300556,MSSIS,0,MUSTIQUE,0,VMQ8072,0.0,0.0,2.6,HOBART,37,1900-01-01 00:00:00
264163087,44.126213,28.649931,5.1,2.3,511.0,-731.3865,0,1780300556,MSSIS,0,ROVINARI 25,0,YP3087,0.0,0.0,1.5,CONSTANTA,99,1900-01-01 00:00:00
563049700,-31.775879,115.516594,2.8,238.3,197.0,-720.00323,0,1780300557,MSSIS,0,STRATEGIC SPIRIT,9626388,9V8673,0.0,0.0,8.3,KWINANA AUSTRALIA,79,1900-01-01 00:00:00
352001931,11.2042,99.58329,0.0,99.5,175.0,0.0,5,1780300556,MSSIS,0,HAN HAI 106,9974060,3E3742,0.0,0.0,4.1,PRACHUAP TH,70,1900-01-01 00:00:00
271002676,37.0723,21.283752,19.3,142.4,143.0,0.0,0,1780300556,MSSIS,0,MYRA SEAWAYS,9422122,TCTN4,0.0,0.0,6.6,TRTUZ,71,1900-01-01 00:00:00
244150380,51.561707,4.229797,6.7,149.2,511.0,-731.3865,0,1780300557,MSSIS,0,GRIEND,0,GRIEND,0.0,0.0,1.2,WEMELDINGE,79,1900-01-01 00:00:00
374791000,35.13277,129.98141,0.0,76.9,56.0,0.0,0,1780300557,MSSIS,0,V GALAXY,8680569,3EHM9,0.0,0.0,3.6,KR PUS,70,1900-01-01 00:00:00
308851000,55.068806,17.124008,0.0,277.7,287.0,0.0,1,1780300557,MSSIS,0,SVANEN,9007453,C6LA2,0.0,0.0,4.7,BALTICA 2 OWF,90,1900-01-01 00:00:00
211215180,54.67252,10.033142,0.0,0.0,511.0,-731.3865,5,1780300557,MSSIS,0,NOBILE,0,DIAN,0.0,0.0,2.9,DEECK,36,1900-01-01 00:00:00
219002857,55.67918,12.593558,0.0,333.8,296.0,0.0,0,1780300557,MSSIS,0,LANGOE,0,OWLG,0.0,0.0,3.2,CPHMIDDELGRFLAKF,69,1900-01-01 00:00:00
255806250,57.947544,21.65617,9.5,330.4,329.0,0.0,0,1780300557,MSSIS,0,FINNLAND,9301598,CQAQ8,0.0,0.0,6.1,RAUMA,70,1900-01-01 00:00:00
273413510,59.875195,25.759104,11.3,76.3,78.0,0.0,5,1780300557,MSSIS,0,,8814354,,0.0,0.0,5.2,BLTLED,70,1900-01-01 00:00:00
636024678,37.734676,8.63406,10.3,260.1,264.0,1.6070504,0,1780300557,MSSIS,0,EC FATMA,9509243,5LTU2,0.0,0.0,8.5,FR LRT,70,1900-01-01 00:00:00
257537000,36.28866,-2.7531984,10.3,82.8,82.0,-6.4282017,0,1780300557,MSSIS,0,MISJE FLORA,9950698,LAQV8,0.0,0.0,6.6,IT PZL,79,1900-01-01 00:00:00
224051950,43.5608,-5.151252,2.9,295.1,300.0,0.0,7,1780300557,MSSIS,0,FARO DE ONS,8735247,,0.0,0.0,0.0,,30,1900-01-01 00:00:00
374156000,44.1555,28.643417,0.0,341.4,8.0,0.0,0,1780300557,MSSIS,0,GOLDEN SEA,9173355,HOLP,0.0,0.0,5.0,CONSTANTA,70,1900-01-01 00:00:00
232035972,51.989258,-5.7357316,11.8,5.8,359.0,-720.00323,0,1780300557,MSSIS,0,CONFORMITY,9370288,MJFJ3,0.0,0.0,5.5,GB AYR,70,1900-01-01 00:00:00
235103644,53.171974,-5.0588484,9.4,357.9,2.0,720.00323,0,1780300557,MSSIS,0,ALBIEOFLADRAMBM181,9187203,2HHE6,0.0,0.0,4.2,HBR,30,1900-01-01 00:00:00
255916567,45.60115,-122.77522,0.0,276.2,277.0,0.0,5,1780300557,MSSIS,0,SEA BREEZE,9869710,CQ2876,0.0,0.0,7.5,USSAC  USPDX,70,1900-01-01 00:00:00
257077480,36.144615,-5.3660784,0.0,80.2,359.0,0.0,0,1780300557,MSSIS,0,WILSON SKY,9017393,LAIJ8,0.0,0.0,5.8,GIGIB,70,1900-01-01 00:00:00
224772000,37.712563,11.810152,9.3,117.2,115.0,0.0,0,1780300557,MSSIS,0,OPEN ARMS,7325887,EGGX,0.0,0.0,4.0,IT SIR,51,1900-01-01 00:00:00
209892000,55.4566,12.196617,0.0,267.6,72.0,0.0,5,1780300557,MSSIS,0,RIX BALTIC,9250414,5BJG6,0.0,0.0,4.0,DKKOG,70,1900-01-01 00:00:00
228068600,43.507725,-1.49583,0.0,6.8,165.0,0.0,0,1780300557,MSSIS,0,JIF SURVEYOR,9741906,FIVF,0.0,0.0,1.9,ZONEX,79,1900-01-01 00:00:00
377602000,43.428074,4.8923783,0.0,245.0,245.0,0.0,5,1780300557,MSSIS,0,CIVARINA,9396440,J8B5582,0.0,0.0,4.8,FRFOS,70,1900-01-01 00:00:00
366983270,30.216373,-91.0688,0.1,186.6,511.0,-731.3865,5,1780300557,MSSIS,0,G SHELBY FRIEDRICHS,8992534,WDB9813,0.0,0.0,4.0,LOWER MISSISSIPPI,52,1900-01-01 00:00:00
368015220,60.34388,-146.55768,0.0,218.4,66.0,0.0,5,1780300557,MSSIS,0,COMMANDER,9824186,WDJ8318,0.0,0.0,8.3,PORT ETCHES,52,1900-01-01 00:00:00
368063440,37.77118,-122.30003,0.0,123.5,93.0,0.0,0,1780300557,MSSIS,0,CARINA,0,WDK5289,0.0,0.0,0.0,SF BAY FERRY,60,1900-01-01 00:00:00
367396710,37.818985,-122.309265,0.0,360.0,160.0,0.0,0,1780300557,MSSIS,0,Z FOUR,0,WDM6875,0.0,0.0,0.0,US0V7R0VAT,52,1900-01-01 00:00:00
367484260,29.961731,-90.397675,0.0,321.8,353.0,0.0,12,1780300557,MSSIS,0,NAVIGATOR,0,WDF7414,0.0,0.0,2.9,US04TZ0DDW,52,1900-01-01 00:00:00
368226970,33.740696,-118.27843,0.0,83.2,511.0,-731.3865,0,1780300557,MSSIS,0,LA FIREBOAT 2,9271535,WDM6642,0.0,0.0,0.0,,0,1900-01-01 00:00:00
316003616,42.268047,-83.10258,0.0,206.7,511.0,-731.3865,5,1780300557,MSSIS,0,STORMONT,0,,0.0,0.0,0.3,WINDSOR,99,1900-01-01 00:00:00
368329050,46.089676,-122.9293,0.0,246.8,113.0,0.0,5,1780300557,MSSIS,0,TOIVO T,8936592,,0.0,0.0,4.6,US0T0M0UUT,52,1900-01-01 00:00:00
244592000,53.10742,5.1168866,2.1,278.1,240.0,-720.00323,0,1780300557,MSSIS,0,WR10 JOHAN PRINS,8804464,PCDP,0.0,0.0,1.3,WADDENZEE,30,1900-01-01 00:00:00
248569000,37.416107,25.323057,0.0,360.0,511.0,-731.3865,1,1780300557,MSSIS,0,CLEAR EYES,9586825,9H9946,0.0,0.0,0.0,PAROS GR,36,1900-01-01 00:00:00
525199988,-2.3208268,104.91456,0.0,286.6,511.0,-731.3865,15,1780300557,MSSIS,0,STSTG BUYUT,0,,0.0,0.0,0.0,,0,1900-01-01 00:00:00
566554000,19.64027,-66.024796,12.1,89.3,90.0,0.0,0,1780300557,MSSIS,0,HAFNIA HAWK,9607198,9V2920,0.0,0.0,12.2,ARBUE,80,1900-01-01 00:00:00
244014006,53.198395,5.788368,0.0,360.0,511.0,-731.3865,5,1780300557,MSSIS,0,DE VOORUITGANG,0,PG5688,0.0,0.0,1.0,LEEUWARDEN,37,1900-01-01 00:00:00
244058386,52.522636,5.4350615,0.0,235.5,511.0,-731.3865,15,1780300557,MSSIS,0,WADDENZEE,0,PG2185,0.0,0.0,1.0,,60,1900-01-01 00:00:00
244770328,52.3934,5.65838,7.7,47.6,49.0,0.0,5,1780300557,MSSIS,0,HEFFESANT,0,PE5592,0.0,0.0,1.2,HARDEWIJK,0,1900-01-01 00:00:00
249630000,39.563713,2.637355,0.0,139.8,326.0,0.0,0,1780300557,MSSIS,0,SY CREOLE,8229901,9HB4909,0.0,0.0,5.6,ESPMI,36,1900-01-01 00:00:00
245711000,53.40758,6.206013,0.0,65.2,75.0,0.0,0,1780300557,MSSIS,0,PIONEER PILOTS,0,PCGX,0.0,0.0,1.2,LAUWERSOOG,50,1900-01-01 00:00:00
211510540,51.896854,5.600435,0.0,171.7,264.0,0.0,5,1780300557,MSSIS,0,ALMENHOF,0,DC5182,0.0,0.0,1.5,WERFT,90,1900-01-01 00:00:00
244092263,51.98117,4.1017284,21.2,285.2,511.0,-731.3865,0,1780300557,MSSIS,0,MARKENJE,0,PC3137,0.0,0.0,0.0,SURVEY,33,1900-01-01 00:00:00
211477060,54.37348,10.983705,0.0,121.1,281.0,0.0,0,1780300558,MSSIS,0,FEHMARN,9452098,DJ3894,0.0,0.0,1.6,HEILIGENHAFEN,55,1900-01-01 00:00:00
211315930,54.752434,10.673447,0.0,360.0,511.0,0.0,15,1780300558,MSSIS,0,PERINA,0,,0.0,0.0,0.0,,0,1900-01-01 00:00:00
219006889,55.644245,12.64996,0.7,66.7,456.0,0.0,15,1780300558,MSSIS,0,JILLER KASTRUP99,0,,0.0,0.0,0.0,,0,1900-01-01 00:00:00
211302890,54.43055,10.861756,3.3,109.9,511.0,-731.3865,8,1780300558,MSSIS,0,SEUTE DEERN,0,DDGU,0.0,0.0,3.2,HEILIGENHAFEN,36,1900-01-01 00:00:00
225997235,43.376987,-1.7942634,0.0,360.0,511.0,0.0,15,1780300558,MSSIS,0,ARIMA II,0,,0.0,0.0,0.0,,0,1900-01-01 00:00:00
227321320,48.640137,-2.0118632,0.0,360.0,511.0,-731.3865,0,1780300558,MSSIS,0,FV PENN KOAT,0,FJ 5077,0.0,0.0,0.0,L IJM,30,1900-01-01 00:00:00
227594040,49.34681,-0.75407,0.0,360.0,511.0,-731.3865,0,1780300558,MSSIS,0,FV ALTER EGOII,0,FGD8177,0.0,0.0,0.0,BFRLEH,30,1900-01-01 00:00:00
247264700,49.227783,-4.8785086,17.1,238.4,238.0,3.6158633,0,1780300558,MSSIS,0,GRANDE GHANA,9343168,ICEZ,0.0,0.0,9.6,PTLEI,70,1900-01-01 00:00:00
232012901,43.58568,7.123255,0.0,360.0,511.0,0.0,15,1780300558,MSSIS,0,,0,MCIE8,0.0,0.0,0.0,,36,1900-01-01 00:00:00
261183800,53.36964,14.593505,0.0,360.0,511.0,-731.3865,5,1780300558,MSSIS,0,INSPEKTOR 64,0,SR3800,0.0,0.0,0.0,SZCZECIN,99,1900-01-01 00:00:00
228315940,43.421864,6.74938,0.0,360.0,511.0,0.0,15,1780300558,MSSIS,0,,0,FAM3606,0.0,0.0,0.0,,37,1900-01-01 00:00:00
563280700,35.8603,-5.5423417,0.0,254.7,42.0,0.7142446,5,1780300558,MSSIS,0,SEASPAN LUMACO,9443487,9VMS5,0.0,0.0,11.0,MAPTM2,71,1900-01-01 00:00:00
255916280,37.132896,-6.852162,0.3,122.1,277.0,720.00323,3,1780300558,MSSIS,0,OMVAC EUME,9671620,CQ2709,0.0,0.0,3.0,ESHUV,33,1900-01-01 00:00:00
277199030,55.707394,21.124012,0.0,360.0,511.0,0.0,15,1780300558,MSSIS,0,BANGA,0,,0.0,0.0,0.0,,0,1900-01-01 00:00:00
251845640,66.330154,-19.364162,0.1,325.4,511.0,0.0,15,1780300558,MSSIS,0,,0,7758,0.0,0.0,0.0,,30,1900-01-01 00:00:00
225993853,42.118145,3.1484184,0.0,360.0,511.0,0.0,15,1780300558,MSSIS,0,,0,,0.0,0.0,0.0,,36,1900-01-01 00:00:00
256003101,38.677097,1.5245034,0.0,360.0,38.0,0.0,15,1780300558,MSSIS,0,MANDARIN,0,,0.0,0.0,0.0,,0,1900-01-01 00:00:00
276012310,59.442257,24.75958,0.0,360.0,511.0,0.0,15,1780300558,MSSIS,0,,0,ES3851,0.0,0.0,0.0,,37,1900-01-01 00:00:00
338486056,48.502357,-122.60442,0.0,360.0,511.0,0.0,15,1780300558,MSSIS,0,OHANA,0,,0.0,0.0,0.0,,0,1900-01-01 00:00:00
244750720,53.049725,5.397785,0.0,243.6,511.0,0.0,15,1780300558,MSSIS,0,VIA MIO,0,,0.0,0.0,0.0,,0,1900-01-01 00:00:00
257491500,58.93184,5.57703,0.0,20.4,272.0,0.0,0,1780300558,MSSIS,0,LOS 123,0,LDDT,0.0,0.0,0.0,NORWAY,50,1900-01-01 00:00:00
367676030,27.332487,-82.54549,0.0,68.6,511.0,0.0,15,1780300558,MSSIS,0,,0,WDI2231,0.0,0.0,0.0,,37,1900-01-01 00:00:00
259464000,65.193146,11.877658,0.0,106.2,187.0,0.0,0,1780300558,MSSIS,0,NAUTILUS SURVEY,9176943,LIXR,0.0,0.0,2.0,HEROY,29,1900-01-01 00:00:00
368460060,48.52709,-122.998116,0.0,320.0,320.0,0.0,15,1780300558,MSSIS,0,CRUSHER II,0,,0.0,0.0,0.0,,0,1900-01-01 00:00:00
367745930,57.05058,-135.34312,0.1,91.0,511.0,0.0,15,1780300558,MSSIS,0,,0,WDI9166,0.0,0.0,0.0,,30,1900-01-01 00:00:00
235053723,50.83405,-1.3230883,0.0,274.7,142.0,0.0,5,1780300558,MSSIS,0,APEX,9408035,MQVM8,0.0,0.0,6.8,GBFAW,52,1900-01-01 00:00:00
368413940,48.519203,-122.62204,0.0,360.0,511.0,0.0,15,1780300558,MSSIS,0,CEDAR BAY,0,,0.0,0.0,0.0,,0,1900-01-01 00:00:00
338167959,37.25622,-76.480316,0.0,192.0,511.0,0.0,15,1780300558,MSSIS,0,,0,DAY OFF,0.0,0.0,0.0,,37,1900-01-01 00:00:00
503061680,25.566866,-77.71913,0.0,218.0,218.0,0.0,15,1780300558,MSSIS,0,EXCELSIOR,0,,0.0,0.0,0.0,,0,1900-01-01 00:00:00
255915663,41.320446,2.1871417,0.0,111.8,154.0,0.4017626,1,1780300558,MSSIS,0,PANDA 004,9968906,CQ2121,0.0,0.0,7.7,ESBCN,70,1900-01-01 00:00:00
237365500,37.966057,23.530922,0.1,360.0,511.0,-731.3865,0,1780300558,MSSIS,0,ALEXANDROS M,8989252,SX8622,0.0,0.0,1.8,PERAMA   PALOUKIA,60,1900-01-01 00:00:00
366866280,30.16732,-88.082695,1.5,40.6,511.0,-731.3865,5,1780300558,MSSIS,0,AMETHYST,9269817,WDA9537,0.0,0.0,2.0,BAYOU LA BATRE,60,1900-01-01 00:00:00
370424000,59.061897,9.693942,0.0,184.3,281.0,0.0,5,1780300558,MSSIS,0,NACC ANTIGUA,9512587,3FXR,0.0,0.0,9.9,NOBVK,70,1900-01-01 00:00:00
368277530,39.20924,-76.58182,0.0,299.1,213.0,0.0,5,1780300558,MSSIS,0,MISS MADELINE,0,WDN4052,0.0,0.0,2.8,BALTIMORE,52,1900-01-01 00:00:00
352003034,7.808543,98.41881,0.1,360.0,10.0,-731.3865,1,1780300557,MSSIS,0,MK LION,9232553,3E6586,0.0,0.0,5.5,PHUKETTHAILAND,89,1900-01-01 00:00:00
256372000,34.389214,25.872066,9.2,275.3,273.0,0.4017626,0,1780300557,MSSIS,0,LOVELY LADY,9960978,9HA5815,0.0,0.0,8.5,GRKLL,80,1900-01-01 00:00:00
338432843,47.519028,-122.30824,0.0,243.8,511.0,0.0,15,1780300558,MSSIS,0,MAKING MEMORIES,0,,0.0,0.0,0.0,,0,1900-01-01 00:00:00
368155790,32.7136,-117.23054,0.0,360.0,511.0,0.0,15,1780300558,MSSIS,0,QUALITY PROBLEMS,0,,0.0,0.0,0.0,,0,1900-01-01 00:00:00
257570600,68.239746,14.578832,0.0,337.2,511.0,-731.3865,0,1780300558,MSSIS,0,BOEFANGST,8908349,LLNQ,0.0,0.0,0.0,CH16 FOR INFO,30,1900-01-01 00:00:00
211171430,53.112225,5.882497,0.0,81.9,511.0,0.0,15,1780300558,MSSIS,0,,0,DB2838,0.0,0.0,0.0,,37,1900-01-01 00:00:00
211599130,52.520973,13.339495,0.0,360.0,511.0,-731.3865,7,1780300558,MSSIS,0,KOEPENICK,0,DK7029,0.0,0.0,1.2,,69,1900-01-01 00:00:00
368465040,27.881117,-82.53281,0.0,360.0,511.0,0.0,15,1780300558,MSSIS,0,,0,,0.0,0.0,0.0,,37,1900-01-01 00:00:00
257083600,69.15842,16.093899,0.1,232.0,511.0,0.0,15,1780300558,MSSIS,0,,0,LK 3150,0.0,0.0,0.0,,33,1900-01-01 00:00:00
211493210,51.69671,4.4731884,9.1,279.1,280.0,0.0,0,1780300558,MSSIS,0,LENA,0,DC5873,0.0,0.0,0.0,EVDB BEITRETEN JETZT,99,1900-01-01 00:00:00
316033548,48.944725,-124.99705,0.1,360.0,180.0,0.0,15,1780300558,MSSIS,0,CCG C25992BC,0,,0.0,0.0,0.0,,0,1900-01-01 00:00:00
368207010,38.788963,-76.2205,0.0,360.0,511.0,0.0,15,1780300558,MSSIS,0,,0,,0.0,0.0,0.0,,37,1900-01-01 00:00:00
368362830,41.452076,-82.74151,0.0,360.0,269.0,0.0,15,1780300558,MSSIS,0,,0,WDP5371,0.0,0.0,0.0,,36,1900-01-01 00:00:00
316050912,49.399815,-123.50497,0.3,360.0,511.0,0.0,15,1780300558,MSSIS,0,GOBLIN,0,,0.0,0.0,0.0,,0,1900-01-01 00:00:00
257039380,59.7312,5.7832384,0.0,36.6,511.0,-731.3865,0,1780300558,MSSIS,0,SOLITA,0,LG2593,0.0,0.0,0.0,SEGLBERGET,79,1900-01-01 00:00:00
257152520,69.909454,20.163183,0.0,358.0,244.0,0.0,7,1780300558,MSSIS,0,SANDRUPSON,0,LK3431,0.0,0.0,2.5,ANDENES CITY HJERTE,30,1900-01-01 00:00:00
211293510,54.09358,12.141762,0.1,352.0,511.0,-731.3865,5,1780300558,MSSIS,0,BLACKY,0,DAWB,0.0,0.0,2.0,ROSTOCK,0,1900-01-01 00:00:00
477385000,22.2894,114.12046,35.0,74.9,78.0,0.0,9,1780300558,MSSIS,0,UNIVERSAL MK2005,9087594,VRVA2,0.0,0.0,1.6,HKGMAC,40,1900-01-01 00:00:00
244260497,52.37606,4.8973985,0.0,360.0,511.0,-731.3865,0,1780300558,MSSIS,0,PRINSES ARIANE,0,PG4996,0.0,0.0,0.0,,69,1900-01-01 00:00:00
565807000,34.274654,134.98549,15.2,359.9,5.0,0.0,0,1780300558,MSSIS,0,ONE CLARA,9355408,9VFW9,0.0,0.0,9.0,JP UKB,71,1900-01-01 00:00:00
319239400,37.57014,22.800428,0.0,190.5,180.0,0.0,5,1780300558,MSSIS,0,BLUE,9862231,ZGQT3,0.0,0.0,5.5,WAITING FOR ORDERS,37,1900-01-01 00:00:00
211701600,53.537125,9.876496,0.0,360.0,140.0,0.0,5,1780300558,MSSIS,0,JOHANN REINKE,0,DG2935,0.0,0.0,0.0,,31,1900-01-01 00:00:00
244670448,51.79939,4.63927,0.0,89.4,511.0,-731.3865,0,1780300558,MSSIS,0,EN AVANT 4,0,PF4784,0.0,0.0,3.3,DORDRECHT,52,1900-01-01 00:00:00
316002500,50.037174,-125.24444,0.0,293.0,165.0,0.0,5,1780300558,MSSIS,0,ORCA CHIEF,9165499,CFL9619,0.0,0.0,4.0,PORT HARDY,30,1900-01-01 00:00:00
316004191,49.61861,-124.04484,0.0,12.5,511.0,-731.3865,5,1780300558,MSSIS,0,FREE TO WANDER,0,CFG7541,0.0,0.0,3.0,,30,1900-01-01 00:00:00
242910000,35.79286,-5.8094416,0.0,8.7,511.0,-731.3865,7,1780300559,MSSIS,0,EL ANDALUSS2,0,CNA5978,0.0,0.0,3.5,FISHING,0,1900-01-01 00:00:00
255917253,36.07631,-6.2616134,0.0,159.3,252.0,0.0,1,1780300559,MSSIS,0,GAS XANADU,9559640,CQ2822,0.0,0.0,5.1,,84,1900-01-01 00:00:00
352017000,34.62396,129.11655,13.3,213.0,210.0,0.0,0,1780300559,MSSIS,0,ANDALUCIA,9370745,3EOY7,0.0,0.0,6.7,AU BUY,70,1900-01-01 00:00:00
228023010,40.05409,3.716535,6.7,316.6,511.0,0.0,15,1780300559,MSSIS,0,,0,FAH4745,0.0,0.0,0.0,,36,1900-01-01 00:00:00
257432190,60.578053,5.1915035,0.0,60.9,155.0,0.0,0,1780300559,MSSIS,0,FOX MASTER,1049182,JXZE,0.0,0.0,3.0,RADOY,75,1900-01-01 00:00:00
232059079,37.595966,-0.98103666,0.0,82.8,511.0,0.0,15,1780300559,MSSIS,0,,0,MRNK2,0.0,0.0,0.0,,36,1900-01-01 00:00:00
228429700,43.52704,-1.50206,8.8,293.4,286.0,-720.00323,0,1780300559,MSSIS,0,TSM BATZ,9963530,FMTE,0.0,0.0,2.4,FIERBOIS,52,1900-01-01 00:00:00
265522530,59.38823,18.325935,0.0,360.0,62.0,0.0,0,1780300559,MSSIS,0,SOLOGA,7727322,SFXY,0.0,0.0,3.4,,60,1900-01-01 00:00:00
228219210,40.637623,4.134003,3.4,167.3,511.0,0.0,15,1780300559,MSSIS,0,,0,FG9465,0.0,0.0,0.0,,36,1900-01-01 00:00:00
366989960,34.11849,-90.95579,5.2,152.7,141.0,0.0,12,1780300559,MSSIS,0,TWYLA LUHR,0,WDC2245,0.0,0.0,3.0,306 LMR,57,1900-01-01 00:00:00
227599290,37.738586,-25.66526,0.0,360.0,511.0,0.0,15,1780300559,MSSIS,0,,0,FGD8622,0.0,0.0,0.0,,36,1900-01-01 00:00:00
205626670,39.91643,3.1529117,5.2,61.1,511.0,0.0,15,1780300559,MSSIS,0,BUENOS AYRES II,0,,0.0,0.0,0.0,,0,1900-01-01 00:00:00
367762750,30.70753,-88.043655,0.0,336.7,286.0,0.0,0,1780300559,MSSIS,0,GLADYS B,109,WDJ2896,0.0,0.0,5.6,MOBILE,52,1900-01-01 00:00:00
367578000,53.86997,-166.55176,0.0,215.0,511.0,-731.3865,0,1780300559,MSSIS,0,KARIN  LYNN,0,WDD4429,0.0,0.0,4.6,AKUTAN,30,1900-01-01 00:00:00
538071633,26.118631,-80.147,0.0,245.4,304.0,0.0,5,1780300559,MSSIS,0,DEEP SEA,959803600,V7A4869,0.0,0.0,2.5,FORT LAUDERDALE,37,1900-01-01 00:00:00
367405840,29.765669,-93.926865,0.0,5.0,69.0,0.0,5,1780300559,MSSIS,0,C TRACTOR 22,9529762,WDE8467,0.0,0.0,8.0,SABINE PASS,52,1900-01-01 00:00:00
366909530,43.6576,-70.24787,0.0,300.2,511.0,-731.3865,0,1780300559,MSSIS,0,RODERICK MCALLISTER,6807216,WDB5428,0.0,0.0,0.0,PORTLAND ME,52,1900-01-01 00:00:00
367327540,28.898102,-95.393036,3.6,292.2,289.0,0.0,5,1780300559,MSSIS,0,KEITH GELVIN,0,WDE2629,0.0,0.0,2.9,CORPUS CHRISTI,31,1900-01-01 00:00:00
205566490,51.531155,4.224028,0.0,360.0,511.0,-731.3865,0,1780300559,MSSIS,0,ANNIE 5,0,OT5664,0.0,0.0,2.5,,0,1900-01-01 00:00:00
227373230,43.28012,3.513585,0.0,153.5,511.0,0.0,15,1780300559,MSSIS,0,MAHINA II,0,,0.0,0.0,0.0,,0,1900-01-01 00:00:00
228014370,48.599705,-4.56192,0.0,360.0,320.0,0.0,15,1780300559,MSSIS,0,PECAVI 2,0,,0.0,0.0,0.0,,0,1900-01-01 00:00:00
219000674,55.0575,10.615334,0.1,88.0,138.0,0.0,5,1780300559,MSSIS,0,MF MARSTAL,9199074,OZRH,0.0,0.0,2.5,AEROESKSVBGROUTE,60,1900-01-01 00:00:00
244690771,52.414715,4.8631015,8.7,299.5,511.0,-731.3865,0,1780300559,MSSIS,0,JAMAICA,0,PF9442,0.0,0.0,0.2,RAVENSTEIN,79,1900-01-01 00:00:00
269057620,52.208252,5.001672,9.0,9.5,511.0,-731.3865,0,1780300559,MSSIS,0,RPG BRISTOL,0,HE7620,0.0,0.0,1.8,AMSTERDAM AFRIKAHAV,80,1900-01-01 00:00:00
636019973,51.825672,2.8787234,12.0,71.0,66.0,-1.6070504,0,1780300559,MSSIS,0,KATJA OLDENDORFF,9867554,D5XB2,0.0,0.0,13.6,NLRTM,70,1900-01-01 00:00:00
219017815,55.945015,11.767827,0.0,313.4,134.0,0.0,0,1780300559,MSSIS,0,ISEFJORD,9615781,OZEZ,0.0,0.0,2.2,HUNDESTED,60,1900-01-01 00:00:00
211628920,53.435146,10.319761,4.4,279.0,278.0,0.0,7,1780300559,MSSIS,0,LACHS,0,DC4864,0.0,0.0,0.0,,99,1900-01-01 00:00:00
538004445,-2.5747616,-44.37136,0.0,52.6,324.0,0.0,5,1780300559,MSSIS,0,TYANA,9418468,V7XC4,0.0,0.0,6.8,BR ITQ,70,1900-01-01 00:00:00
316053862,45.536133,-73.521866,0.7,307.3,52.0,0.0,15,1780300559,MSSIS,0,,0,CFA4354,0.0,0.0,0.0,,37,1900-01-01 00:00:00
567903008,10.747561,99.841705,3.0,359.7,511.0,-731.3865,15,1780300558,MSSIS,0,SH903008,123456789,1234567,0.0,0.0,0.0,,30,1900-01-01 00:00:00
319184600,43.266663,6.587448,0.0,360.0,511.0,0.0,15,1780300559,MSSIS,0,BELLE DE NUIT,0,,0.0,0.0,0.0,,0,1900-01-01 00:00:00
518999690,36.61738,27.838585,0.0,53.9,168.0,-0.7142446,11,1780300558,MSSIS,0,JUSTA DELIA,8783696,E5U5670,0.0,0.0,2.8,SYMI,37,1900-01-01 00:00:00
311000306,35.985332,23.005907,12.4,70.1,70.0,0.0,0,1780300559,MSSIS,0,ALFA BALTICA,9696773,C6BM8,0.0,0.0,12.6,LYZAWGRAGT,80,1900-01-01 00:00:00
314631000,56.030457,-3.26323,10.2,254.5,253.0,0.0,0,1780300559,MSSIS,0,WILSON DUBLIN,9390109,8PBK6,0.0,0.0,3.4,GBROY,70,1900-01-01 00:00:00
250006491,48.858154,-3.5659382,3.8,269.5,511.0,0.0,15,1780300559,MSSIS,0,,0,EIZD7,0.0,0.0,0.0,,36,1900-01-01 00:00:00
367177060,41.410225,-69.60006,6.6,295.3,511.0,0.0,15,1780300559,MSSIS,0,,0,,0.0,0.0,0.0,,30,1900-01-01 00:00:00
368275580,35.54205,-75.40743,8.7,34.9,58.0,0.0,15,1780300559,MSSIS,0,,0,WDN3848,0.0,0.0,0.0,,36,1900-01-01 00:00:00
253494000,52.275684,3.1591434,8.9,132.7,126.0,0.0,0,1780300559,MSSIS,0,VITUS BERING,9573062,LXVB,0.0,0.0,5.5,NLRTM,33,1900-01-01 00:00:00
219021003,55.94258,11.86775,0.0,360.0,511.0,0.0,15,1780300559,MSSIS,0,BLISS,0,,0.0,0.0,0.0,,0,1900-01-01 00:00:00
244710222,51.143703,3.295035,0.0,21.1,511.0,-731.3865,0,1780300559,MSSIS,0,ANTARES,0,PF4588,0.0,0.0,2.3,ZEEBRUGGE K303,79,1900-01-01 00:00:00
244750022,51.790382,5.551575,0.0,351.0,99.0,0.0,0,1780300559,MSSIS,0,TAURUS,0,PH5325,0.0,0.0,3.0,OSS  VSL,79,1900-01-01 00:00:00
211549170,54.180683,12.087602,5.3,355.8,511.0,-731.3865,0,1780300559,MSSIS,0,WARNOWSTAR,0,DG4994,0.0,0.0,1.3,CRUISING,69,1900-01-01 00:00:00
305783000,52.168884,3.7168834,0.3,278.9,2.0,0.0,1,1780300559,MSSIS,0,AGAETE,9044932,V2QV9,0.0,0.0,4.8,NL RTM,79,1900-01-01 00:00:00
338383258,25.703747,-80.25196,0.0,360.0,511.0,0.0,15,1780300559,MSSIS,0,ONE TOO MANY,0,,0.0,0.0,0.0,,0,1900-01-01 00:00:00
244384806,52.310394,5.1478567,0.4,360.0,511.0,0.0,15,1780300559,MSSIS,0,PLONS,0,,0.0,0.0,0.0,,0,1900-01-01 00:00:00
319255000,37.929035,23.683414,0.0,36.8,23.0,0.044640288,5,1780300559,MSSIS,0,SAHAB IV,1005423,ZCMD8,0.0,0.0,3.0,FLISVOSPIRAEUS,37,1900-01-01 00:00:00
247258100,43.10512,5.8992734,0.0,358.3,106.0,0.0,5,1780300559,MSSIS,0,COSTA PACIFICA,9378498,ICJA,0.0,0.0,8.3,FRYNESEYNE SUR MER,60,1900-01-01 00:00:00
235085985,38.85962,17.871214,4.5,52.1,56.0,0.0,15,1780300558,MSSIS,0,PIERRE LEA,0,,0.0,0.0,0.0,,0,1900-01-01 00:00:00
244660695,51.875317,4.275125,0.0,360.0,511.0,-731.3865,5,1780300559,MSSIS,0,FIDELITY,0,PH2248,0.0,0.0,3.4,BOTLEK,79,1900-01-01 00:00:00
246476000,52.468117,4.5209365,10.4,280.5,285.0,720.00323,0,1780300559,MSSIS,0,RHOON C,9226164,PEBL,0.0,0.0,3.9,MOERDIJK,70,1900-01-01 00:00:00
244780953,53.108967,6.06483,0.0,360.0,511.0,-731.3865,0,1780300559,MSSIS,0,ENERGIE,0,PC4702,0.0,0.0,0.3,DRACHTEN,99,1900-01-01 00:00:00
636024390,51.29941,4.265022,0.0,357.9,31.0,0.0,5,1780300560,MSSIS,0,MSC PANTERA,9975557,5LSJ2,0.0,0.0,9.5,BEANR,71,1900-01-01 00:00:00
352898717,51.607353,2.2059033,17.2,217.4,218.0,0.0,0,1780300560,MSSIS,0,EVER ALP,9893929,3E2012,0.0,0.0,11.7,NL RTMLK CMB,74,1900-01-01 00:00:00
219558000,54.45111,18.870789,0.0,241.0,339.0,0.0,1,1780300560,MSSIS,0,HAPPY PEREGRINE,9553660,OWWQ2,0.0,0.0,8.3,PLGDN,84,1900-01-01 00:00:00
548023500,8.81366,124.78501,0.1,11.3,511.0,-731.3865,0,1780300560,MSSIS,0,MT ATRIA,0,4DEW8,0.0,0.0,3.4,GNPKAUSWGAN,52,1900-01-01 00:00:00
352005023,-20.062437,57.333267,0.9,179.1,152.0,0.0,0,1780300560,MSSIS,0,V CETUS,9370381,3E7231,0.0,0.0,6.6,LOUIS,70,1900-01-01 00:00:00
228365800,47.267937,-2.2014167,0.0,306.5,24.0,0.0,0,1780300560,MSSIS,0,VB MIRAGE,9867762,FLUP,0.0,0.0,5.1,SAINTNAZAIRE,52,1900-01-01 00:00:00
228203800,49.04928,-4.7828317,3.6,248.6,265.0,720.00323,0,1780300560,MSSIS,0,FV TALARIANTE,9335654,FMCM,0.0,0.0,4.2,ROSCOFF,30,1900-01-01 00:00:00
368401530,26.919844,-80.08185,0.0,360.0,511.0,0.0,15,1780300559,MSSIS,0,,0,WDQ8375,0.0,0.0,0.0,,37,1900-01-01 00:00:00
228373700,49.4754,0.131915,0.0,242.1,279.0,0.0,0,1780300560,MSSIS,0,VB LONGCHAMP 17,9876311,FLWQ,0.0,0.0,5.3,LE HAVRE,52,1900-01-01 00:00:00
244250335,52.63501,5.05816,0.0,240.8,511.0,0.0,15,1780300559,MSSIS,0,,0,PE3718,0.0,0.0,0.0,,37,1900-01-01 00:00:00
378114475,43.73608,7.426735,0.0,65.0,260.0,0.0,5,1780300560,MSSIS,0,SINGOLARE,1061960,ZJL4020,0.0,0.0,2.5,MONACO,37,1900-01-01 00:00:00
311073800,39.044006,9.104765,0.1,199.3,39.0,0.17856115,1,1780300560,MSSIS,0,EURO,9567702,C6AA5,0.0,0.0,15.6,IT PFX,80,1900-01-01 00:00:00
338003759,48.51314,-122.60777,0.0,7.0,7.0,0.0,15,1780300559,MSSIS,0,BOLERO,0,,0.0,0.0,0.0,,0,1900-01-01 00:00:00
248239000,43.543365,10.297655,0.0,68.6,261.0,0.0,5,1780300560,MSSIS,0,SYMMETRY,1013731,9HA6566,0.0,0.0,2.4,,37,1900-01-01 00:00:00
244010224,51.531357,4.225225,0.0,360.0,511.0,0.0,15,1780300560,MSSIS,0,,0,PE6320,0.0,0.0,0.0,,37,1900-01-01 00:00:00
244650982,51.814068,5.3316865,0.1,360.0,146.0,0.0,5,1780300560,MSSIS,0,MARANTA,0,PH5227,0.0,0.0,3.0,VLISSINGEN,79,1900-01-01 00:00:00
219006564,55.2536,12.372407,0.6,119.2,511.0,0.0,15,1780300560,MSSIS,0,FRIGG,0,,0.0,0.0,0.0,,0,1900-01-01 00:00:00
219034486,45.79253,13.548163,0.1,360.0,324.0,0.0,5,1780300560,MSSIS,0,SVEND,8406157,OUIY2,0.0,0.0,5.6,MONFALCONE,31,1900-01-01 00:00:00
219012056,55.687843,12.616003,0.0,11.6,511.0,0.0,15,1780300560,MSSIS,0,LADY DAY,0,,0.0,0.0,0.0,,0,1900-01-01 00:00:00
109080342,69.89168,16.564585,1.0,104.8,511.0,0.0,15,1780300560,MSSIS,0,BOUY           65,0,,0.0,0.0,0.0,,0,1900-01-01 00:00:00
368438750,36.844894,-76.2991,0.0,76.3,148.0,0.0,1,1780300560,MSSIS,0,DULCINEA,0,WDQ5888,0.0,0.0,0.0,NORFOLK,37,1900-01-01 00:00:00
244615194,49.89847,0.7551017,4.6,256.3,511.0,0.0,15,1780300560,MSSIS,0,CARINA,0,,0.0,0.0,0.0,,0,1900-01-01 00:00:00
211541290,51.249496,4.393285,0.0,69.7,511.0,-731.3865,5,1780300560,MSSIS,0,SCHLOSS HEIDELBERG,0,DC4571,0.0,0.0,1.0,ANTWERPEN,80,1900-01-01 00:00:00
232374000,51.3308,1.419435,0.0,17.4,511.0,0.0,15,1780300560,MSSIS,0,,0,2EQH,0.0,0.0,0.0,,37,1900-01-01 00:00:00
247056870,45.306553,12.349519,0.1,192.2,511.0,-731.3865,0,1780300560,MSSIS,0,GILCAT,0,IZHV,0.0,0.0,0.7,,30,1900-01-01 00:00:00
319183400,18.041218,-63.090195,0.1,360.0,511.0,0.0,15,1780300560,MSSIS,0,,0,ZGRU4,0.0,0.0,0.0,,36,1900-01-01 00:00:00
502999804,35.286594,139.65979,0.1,329.6,232.0,0.0,15,1780300560,MSSIS,0,YT804 NAVY TUG,0,,0.0,0.0,0.0,,0,1900-01-01 00:00:00
366872980,33.618256,-117.92226,0.0,360.0,511.0,-731.3865,0,1780300560,MSSIS,0,ENDLESS DREAMS,8975677,WDH2906,0.0,0.0,3.5,NEWPORT,60,1900-01-01 00:00:00
232050770,17.89581,-62.85019,0.1,360.0,511.0,0.0,15,1780300560,MSSIS,0,HIVE,0,,0.0,0.0,0.0,,0,1900-01-01 00:00:00
347025520,14.466792,-60.867126,0.3,27.8,511.0,0.0,15,1780300560,MSSIS,0,,0,FAK6867,0.0,0.0,0.0,,37,1900-01-01 00:00:00
538006823,49.299095,-123.19664,0.0,215.6,104.0,0.0,1,1780300560,MSSIS,0,TS ECHO,9719367,V7RS5,0.0,0.0,7.1,CAVAN,70,1900-01-01 00:00:00
276015940,58.873493,23.350243,1.7,240.0,511.0,0.0,15,1780300560,MSSIS,0,,0,ES4199,0.0,0.0,0.0,,36,1900-01-01 00:00:00
368404260,26.768091,-80.0455,0.0,226.0,216.0,2.187374,5,1780300560,MSSIS,0,WOLLOCHET,0,WDQ2015,0.0,0.0,0.0,WEST PALM BEACH FL,52,1900-01-01 00:00:00
244729239,51.46786,4.18744,0.0,360.0,49.0,0.0,15,1780300560,MSSIS,0,,0,PE2270,0.0,0.0,0.0,,30,1900-01-01 00:00:00
636019915,24.813965,-87.094955,1.2,289.7,216.0,0.0,0,1780300560,MSSIS,0,SAKIZAYA STAR,9861316,D5WT5,0.0,0.0,7.2,USMOB,70,1900-01-01 00:00:00
224304670,37.59509,-0.985565,7.4,299.6,511.0,0.0,15,1780300560,MSSIS,0,CARTAGENA PILOT,0,,0.0,0.0,0.0,,0,1900-01-01 00:00:00
503106710,-33.84524,151.18465,18.9,96.6,100.0,720.00323,0,1780300560,MSSIS,0,ETHEL TURNER,0,457589,0.0,0.0,0.0,A,60,1900-01-01 00:00:00
367455260,38.97426,-76.48513,0.0,212.6,511.0,0.0,15,1780300560,MSSIS,0,,0,WCZ8484,0.0,0.0,0.0,,36,1900-01-01 00:00:00
314177000,21.72746,60.56184,11.0,197.7,204.0,0.0,0,1780300560,MSSIS,0,STAR MERLIN,9325609,8PRL,0.0,0.0,10.3,TANZANIA,80,1900-01-01 00:00:00
213520000,41.653496,41.644497,0.6,159.2,511.0,-731.3865,15,1780300560,MSSIS,0,MTA SAR 01,0,4LVC2,0.0,0.0,1.0,,51,1900-01-01 00:00:00
368139720,30.370998,-88.564316,0.0,87.3,225.0,0.0,0,1780300560,MSSIS,0,SIGNET VOLUNTEER,1001301448,WDL5289,0.0,0.0,2.8,XX XXXUS0YHM,52,1900-01-01 00:00:00
211684600,38.69264,-9.417267,0.1,360.0,511.0,0.0,15,1780300560,MSSIS,0,,0,DPMS,0.0,0.0,0.0,,36,1900-01-01 00:00:00
211165400,51.74077,3.8923483,0.0,360.0,511.0,0.0,15,1780300560,MSSIS,0,,0,DC5198,0.0,0.0,0.0,,37,1900-01-01 00:00:00
366999630,29.14314,-90.205475,7.9,334.9,332.0,-731.3865,0,1780300560,MSSIS,0,CG TIGER SHARK,0,NDOS,0.0,0.0,1.7,,55,1900-01-01 00:00:00
368141470,58.986828,-2.9585233,0.0,125.5,356.0,0.0,15,1780300560,MSSIS,0,,0,WDL5478,0.0,0.0,0.0,,36,1900-01-01 00:00:00
228171160,44.674717,-1.1438667,4.7,92.9,84.0,0.0,15,1780300560,MSSIS,0,EOLE III,0,,0.0,0.0,0.0,,0,1900-01-01 00:00:00
368283530,31.15725,-81.499275,0.0,360.0,511.0,0.0,15,1780300560,MSSIS,0,,0,WDN4712,0.0,0.0,0.0,,36,1900-01-01 00:00:00
265025960,59.119072,18.305756,0.0,360.0,511.0,0.0,15,1780300560,MSSIS,0,,0,SG2727,0.0,0.0,0.0,,37,1900-01-01 00:00:00
244218293,51.966774,4.0030484,0.0,360.0,511.0,-731.3865,5,1780300560,MSSIS,0,AQUARIUS,0,PB3964,0.0,0.0,2.4,ROTTERDAM MISSISSIPP,99,1900-01-01 00:00:00
268222600,40.559273,14.2375,0.1,360.0,511.0,0.0,15,1780300560,MSSIS,0,,0,T7LU,0.0,0.0,0.0,,36,1900-01-01 00:00:00
368096640,32.372692,-64.6792,0.2,51.5,511.0,0.0,15,1780300560,MSSIS,0,,0,WDK8706,0.0,0.0,0.0,,36,1900-01-01 00:00:00
357420000,-6.0971184,106.88953,0.0,328.1,92.0,0.0,5,1780300560,MSSIS,0,EVER CANDID,9890898,3FCI5,0.0,0.0,9.0,IDSRG  IDJKT,70,1900-01-01 00:00:00
338184631,39.279095,-76.583885,0.0,27.0,511.0,0.0,15,1780300560,MSSIS,0,MICASITA,0,,0.0,0.0,0.0,,0,1900-01-01 00:00:00
316036598,49.296467,-123.124664,0.1,150.2,511.0,0.0,15,1780300560,MSSIS,0,,0,,0.0,0.0,0.0,,37,1900-01-01 00:00:00
244740886,51.89829,4.482855,0.0,0.0,511.0,-731.3865,0,1780300560,MSSIS,0,ELSA,0,PG8307,0.0,0.0,0.2,,79,1900-01-01 00:00:00
367605710,27.160276,-80.1954,0.0,270.8,511.0,0.0,15,1780300560,MSSIS,0,INTENTS,0,,0.0,0.0,0.0,,0,1900-01-01 00:00:00
368046210,25.677156,-80.170204,0.1,112.2,511.0,0.0,15,1780300560,MSSIS,0,,0,WDK3538,0.0,0.0,0.0,,36,1900-01-01 00:00:00
548658200,9.021267,123.90393,8.5,270.0,271.0,0.0,0,1780300560,MSSIS,0,MASBATE ISLAND,9514444,DUA3352,0.0,0.0,4.9,LAPUZ,80,1900-01-01 00:00:00
256011000,9.452817,-79.887245,0.2,360.0,359.0,1.1160072,1,1780300560,MSSIS,0,CONTI CONTESSA,9293806,9HA5658,0.0,0.0,11.0,PAPCA,71,1900-01-01 00:00:00
244118578,51.89632,4.3661532,0.0,360.0,511.0,-731.3865,5,1780300560,MSSIS,0,NOORDPARK,0,PB4486,0.0,0.0,4.0,ROTTERDAM,80,1900-01-01 00:00:00
431012585,34.661667,135.2952,0.1,250.1,237.0,0.0,0,1780300560,MSSIS,0,KOUOHMARU,0,JD4493,0.0,0.0,4.3,JP UKB M14,82,1900-01-01 00:00:00
244660644,51.69669,4.597757,0.0,219.9,511.0,-731.3865,5,1780300560,MSSIS,0,STOLT MAAS,0,PF4033,0.0,0.0,1.9,MOERDIJK  ATM,80,1900-01-01 00:00:00
431001720,35.479454,139.66998,0.0,57.7,331.0,0.0,5,1780300560,MSSIS,0,SUMISE MARU NO3,9947081,JD5130,0.0,0.0,6.3,JP YOK D,70,1900-01-01 00:00:00
636023418,28.851503,-89.42049,9.2,2.9,0.0,-2.187374,0,1780300560,MSSIS,0,VENTURE GATOR,9956599,5LNQ2,0.0,0.0,9.9,FOR ORDERS,80,1900-01-01 00:00:00
247486100,29.409517,-93.64268,0.0,120.3,162.0,0.0,1,1780300560,MSSIS,0,VALTURCHESE,9541306,IBBK,0.0,0.0,8.9,USHOUUSPOA,81,1900-01-01 00:00:00
368084470,30.062464,-90.85469,2.9,346.4,309.0,0.0,12,1780300560,MSSIS,0,LAILA ADELE,0,WDK7438,0.0,0.0,3.0,CORPUS CHRISTI TX,52,1900-01-01 00:00:00
431005056,35.167717,139.73633,12.0,210.8,210.0,0.0,0,1780300560,MSSIS,0,KINYOU,9691175,JD3597,0.0,0.0,6.5,JP NGO OFF,80,1900-01-01 00:00:00
352002009,2.5015566,104.85609,0.0,351.0,217.0,0.0,1,1780300560,MSSIS,0,HCONSTANCE,9237773,3E2177,0.0,0.0,20.5,FOR ORDER,89,1900-01-01 00:00:00
367618760,27.856684,-97.170006,0.0,217.7,511.0,-731.3865,0,1780300560,MSSIS,0,BRITTANY LYNN,0,WDP6989,0.0,0.0,0.0,US0ZND0D6S,99,1900-01-01 00:00:00
255802980,19.747065,57.789886,0.3,222.3,178.0,-6.4282017,1,1780300560,MSSIS,0,PGC PERIKLIS,9796171,CQQJ,0.0,0.0,5.6,LK HBA  OM DQM,80,1900-01-01 00:00:00
636021203,24.556568,66.9659,0.3,96.6,265.0,0.0,1,1780300560,MSSIS,0,BERMONDI,9454199,5LCU2,0.0,0.0,12.7,PKBQM,70,1900-01-01 00:00:00
247287200,44.400097,8.9168415,0.0,271.7,0.0,0.0,0,1780300561,MSSIS,0,BREZZAMARE,9479620,ICML,0.0,0.0,4.0,ITGOA,80,1900-01-01 00:00:00
224082850,43.821842,-6.0223365,7.9,301.2,511.0,-731.3865,15,1780300561,MSSIS,0,CHIQUITA DOS,0,EA3358,0.0,0.0,0.0,,30,1900-01-01 00:00:00
224407790,41.18538,1.6064383,0.0,360.0,511.0,0.0,15,1780300561,MSSIS,0,,0,EC2802,0.0,0.0,0.0,,36,1900-01-01 00:00:00
503421600,-16.956478,145.79723,0.0,290.8,511.0,0.0,15,1780300561,MSSIS,0,,0,VNW5030,0.0,0.0,0.0,,67,1900-01-01 00:00:00
319260500,8.91435,-79.5122,0.4,360.0,286.0,-731.3865,15,1780300561,MSSIS,0,GRIFFIN,0,ZGPQ3,0.0,0.0,0.0,B 2 A,36,1900-01-01 00:00:00
503159120,-17.933031,146.13731,0.0,336.8,59.0,0.0,15,1780300561,MSSIS,0,LA PALOMA,0,,0.0,0.0,0.0,,0,1900-01-01 00:00:00
372741000,9.34064,-79.89957,0.5,20.0,511.0,-731.3865,0,1780300561,MSSIS,0,TUGCOLON,0,TUGCN,0.0,0.0,0.0,,52,1900-01-01 00:00:00
239775900,37.39771,26.864168,15.4,61.4,65.0,6.4282017,0,1780300560,MSSIS,0,SAONISOS,9104627,SVAG8,0.0,0.0,0.0,KLLPAAP,60,1900-01-01 00:00:00
244005823,38.911915,1.4492717,0.0,229.1,511.0,0.0,15,1780300561,MSSIS,0,,0,PG9991,0.0,0.0,0.0,,37,1900-01-01 00:00:00
244041128,38.912697,1.4455,0.0,360.0,511.0,0.0,15,1780300561,MSSIS,0,,0,PH4087,0.0,0.0,0.0,,37,1900-01-01 00:00:00
225995136,36.58109,-6.2563133,0.0,360.0,511.0,0.0,15,1780300561,MSSIS,0,,0,,0.0,0.0,0.0,,37,1900-01-01 00:00:00
235001720,39.566265,2.642745,0.0,212.4,318.0,0.0,5,1780300561,MSSIS,0,HUCKLEBERRY,8985555,ZNAH9,0.0,0.0,4.0,PALMA,36,1900-01-01 00:00:00
538001657,36.23822,-4.7411885,18.0,48.3,48.0,0.0,0,1780300561,MSSIS,0,SUNBELT SPIRIT,9233246,V7DK4,0.0,0.0,8.9,ESAGP,70,1900-01-01 00:00:00
277561000,46.112835,-7.9815,15.4,209.0,208.0,720.00323,0,1780300561,MSSIS,0,BELGIA SEAWAYS,9188233,LYBM,0.0,0.0,7.4,ESVIL,72,1900-01-01 00:00:00
219034823,55.641697,12.541817,0.0,170.0,170.0,0.0,15,1780300561,MSSIS,0,,0,XPI5898,0.0,0.0,0.0,,36,1900-01-01 00:00:00
265522510,59.351307,18.263456,0.0,360.0,116.0,0.0,0,1780300561,MSSIS,0,WAXHOLM 2,8224999,SKNW,0.0,0.0,2.7,,60,1900-01-01 00:00:00
265522700,59.303757,18.288458,4.5,235.4,236.0,-10.0440645,0,1780300561,MSSIS,0,SJOBRIS,0,SLXP,0.0,0.0,0.0,,60,1900-01-01 00:00:00
219031886,54.154617,13.744119,6.1,164.7,511.0,0.0,15,1780300561,MSSIS,0,COPPELSTOCK,0,,0.0,0.0,0.0,,0,1900-01-01 00:00:00
538010586,51.309017,3.2302666,0.0,306.1,333.0,0.0,5,1780300561,MSSIS,0,LIU JIANG KOU,9991795,V7A6257,0.0,0.0,9.2,NODRM,70,1900-01-01 00:00:00
255801370,49.155388,-123.00578,0.0,56.6,65.0,0.0,5,1780300561,MSSIS,0,NACC POROS,9600592,CQNG,0.0,0.0,6.6,RICHMOND CAN,70,1900-01-01 00:00:00
368260580,38.971382,-76.24326,0.0,360.0,511.0,0.0,15,1780300561,MSSIS,0,,0,WDN2281,0.0,0.0,0.0,,37,1900-01-01 00:00:00
244710329,52.57271,5.8761168,0.0,360.0,511.0,-731.3865,0,1780300561,MSSIS,0,AVANTI,0,PD8791,0.0,0.0,0.0,,79,1900-01-01 00:00:00
244040142,51.82073,4.0500216,0.0,360.0,511.0,0.0,15,1780300561,MSSIS,0,LA DOLCE VITA III,0,,0.0,0.0,0.0,,0,1900-01-01 00:00:00
235056993,51.507244,0.0068633333,0.0,360.0,511.0,-731.3865,0,1780300561,MSSIS,0,CYCLONE CLIPPER,0,MVMD2,0.0,0.0,1.0,LONDON,40,1900-01-01 00:00:00
319326500,44.316833,8.494423,0.0,285.0,129.0,0.0,5,1780300561,MSSIS,0,BIG NAAN,1067718,ZGUX6,0.0,0.0,2.4,ITSVN,37,1900-01-01 00:00:00
636025970,49.829445,-3.4410684,10.4,244.4,240.0,0.0,0,1780300561,MSSIS,0,ORWELL,9472751,5LZZ8,0.0,0.0,11.2,GIBRALTAR FOR ORDER,80,1900-01-01 00:00:00
247143440,35.832752,14.548072,0.1,360.0,511.0,-731.3865,3,1780300561,MSSIS,0,DELIA ASSUNTA,0,IUMJ,0.0,0.0,4.0,TOWING TUNA CAGE,31,1900-01-01 00:00:00
205463200,50.90184,-1.3879983,0.0,360.0,511.0,0.0,15,1780300561,MSSIS,0,NINIAN,0,,0.0,0.0,0.0,,0,1900-01-01 00:00:00
538071607,38.64432,15.078895,0.1,107.0,351.0,0.0,0,1780300561,MSSIS,0,CHECKMATE,9673070,V7A4737,0.0,0.0,2.7,PANAREA,37,1900-01-01 00:00:00
205582190,51.90322,5.55089,0.1,360.0,511.0,-731.3865,5,1780300561,MSSIS,0,DEALO,0,OT5821,0.0,0.0,0.0,IJZENDOORN,20,1900-01-01 00:00:00
267010080,48.295788,14.327581,0.0,360.0,511.0,-731.3865,5,1780300561,MSSIS,0,MUFLON3,0,OMDM,0.0,0.0,1.4,LINZ,79,1900-01-01 00:00:00
366967720,38.53916,-90.25151,2.9,138.9,511.0,-731.3865,0,1780300561,MSSIS,0,AJMORRIS,0,WDK9919,0.0,0.0,0.0,,31,1900-01-01 00:00:00
316028966,26.107237,-80.12574,0.0,360.0,511.0,0.0,15,1780300561,MSSIS,0,EMOTIONAL RESCUE II,0,,0.0,0.0,0.0,,0,1900-01-01 00:00:00
211597890,52.5893,5.7519035,4.7,166.8,511.0,0.0,15,1780300561,MSSIS,0,,0,DK7045,0.0,0.0,0.0,,36,1900-01-01 00:00:00
303589000,29.584324,-93.79945,8.2,351.5,349.0,0.0,3,1780300561,MSSIS,0,DODGE ISLAND,7917800,WDB4450,0.0,0.0,4.0,SABINE TX,97,1900-01-01 00:00:00
246630000,49.199665,-4.9051666,10.2,241.0,241.0,17.856115,0,1780300561,MSSIS,0,SKYLGE,9508809,PBVJ,0.0,0.0,7.5,TRDAR,79,1900-01-01 00:00:00
232000790,51.50503,0.881475,0.7,277.7,72.0,0.0,0,1780300561,MSSIS,0,CITY OF WESTMINSTER,8902278,MLLN8,0.0,0.0,6.4,CHARLTON,33,1900-01-01 00:00:00
255916493,53.685272,5.684622,10.0,253.9,254.0,0.0,0,1780300561,MSSIS,0,HOLGER G,9995894,CQ2762,0.0,0.0,3.6,GBGOO,70,1900-01-01 00:00:00
368160130,25.72582,-80.23333,0.0,360.0,511.0,0.0,15,1780300561,MSSIS,0,,0,WDL7422,0.0,0.0,0.0,,36,1900-01-01 00:00:00
244639000,63.857025,-21.367235,0.0,266.8,9.0,0.0,5,1780300561,MSSIS,0,IDUNN,9415064,PBWG,0.0,0.0,6.2,ISTHH,71,1900-01-01 00:00:00
303835000,21.316132,-157.87852,0.0,19.3,511.0,0.0,15,1780300561,MSSIS,0,,0,WCX8862,0.0,0.0,0.0,,30,1900-01-01 00:00:00
244700718,51.766403,5.3568435,0.0,360.0,511.0,-731.3865,0,1780300561,MSSIS,0,COLUMBUS,0,,0.0,0.0,1.8,,69,1900-01-01 00:00:00
244154960,52.370686,4.87486,0.0,360.0,511.0,-731.3865,0,1780300561,MSSIS,0,PAX,0,PD4341,0.0,0.0,0.0,,0,1900-01-01 00:00:00
235109955,49.456306,-2.5320334,0.0,360.0,268.0,0.0,15,1780300561,MSSIS,0,HARMONY,0,,0.0,0.0,0.0,,0,1900-01-01 00:00:00
368453530,29.55014,-95.02586,0.0,202.1,511.0,0.0,15,1780300561,MSSIS,0,,0,WDQ7516,0.0,0.0,0.0,,36,1900-01-01 00:00:00
316020893,37.010925,-76.31835,0.2,339.4,511.0,0.0,15,1780300561,MSSIS,0,,0,CFA4715,0.0,0.0,0.0,,36,1900-01-01 00:00:00
235097309,57.018417,-1.8546,0.4,49.5,320.0,-720.00323,0,1780300561,MSSIS,0,RIX TIGER,0,2GGY4,0.0,0.0,1.6,KINCARDINE WF,40,1900-01-01 00:00:00
368392120,38.965145,-76.47972,0.0,360.0,511.0,0.0,15,1780300561,MSSIS,0,EVANESCENT,0,,0.0,0.0,0.0,,0,1900-01-01 00:00:00
244850933,53.172516,5.417275,0.0,221.0,511.0,-731.3865,5,1780300561,MSSIS,0,LISE,0,PG3242,0.0,0.0,0.0,HARLINGEN,36,1900-01-01 00:00:00
211170540,54.092743,13.446417,0.0,0.0,0.0,125.39457,5,1780300561,MSSIS,0,BREEGE,0,Y3WL,0.0,0.0,1.2,LTRBACH VILM,69,1900-01-01 00:00:00
368121820,30.424686,-91.19561,0.0,360.0,15.0,0.0,0,1780300561,MSSIS,0,MICHAEL S,0,WDL3461,0.0,0.0,0.0,US0WZ70WZT,52,1900-01-01 00:00:00
368184910,29.720842,-93.86456,0.0,229.3,237.0,0.0,0,1780300561,MSSIS,0,SPINDLETOP,0,WDM2079,0.0,0.0,0.0,SABINE PILOTS,50,1900-01-01 00:00:00
366961490,30.5021,-91.27481,4.5,289.8,304.0,0.0,12,1780300561,MSSIS,0,O H INGRAM,100645896,WDL2121,0.0,0.0,3.7,USMSYUSUQMUSMSY,57,1900-01-01 00:00:00
258027900,61.214294,6.567458,0.0,314.9,122.0,0.0,0,1780300561,MSSIS,0,DRAGSVIK,9871270,LFTZ,0.0,0.0,4.1,DRAGSVIKHELLAVANGS,60,1900-01-01 00:00:00
369970571,37.66654,-75.83,0.1,10.5,359.0,0.0,3,1780300561,MSSIS,0,MURDEN,0,AELE,0.0,0.0,0.0,ONANCOKE,33,1900-01-01 00:00:00
319031100,26.704697,-80.0457,0.0,148.0,0.0,0.044640288,5,1780300561,MSSIS,0,SKYFALL,9586019,ZGA07,0.0,0.0,2.8,WEST  PALM,37,1900-01-01 00:00:00
338468281,30.31191,-87.56992,0.3,227.2,511.0,0.0,15,1780300561,MSSIS,0,LAY DAYS,0,,0.0,0.0,0.0,,0,1900-01-01 00:00:00
538012351,24.950489,120.53989,12.0,32.2,30.0,-0.4017626,0,1780300561,MSSIS,0,GENCO STARSSTRIPES,9849772,V7B2724,0.0,0.0,16.4,CN JTG,70,1900-01-01 00:00:00
636019249,24.765692,67.319115,0.0,284.9,132.0,0.0,5,1780300561,MSSIS,0,OMICRON ATLAS,9464510,D5TQ2,0.0,0.0,12.9,PK BQM,70,1900-01-01 00:00:00
229933000,37.915257,-8.87677,0.3,208.1,290.0,0.0,1,1780300561,MSSIS,0,LAMENTIN,9377054,9HA5424,0.0,0.0,5.4,PTSIE,80,1900-01-01 00:00:00
263402580,36.819714,-7.851987,2.1,218.1,511.0,-731.3865,7,1780300561,MSSIS,0,COSTASUL,0,CUQA8,0.0,0.0,0.0,,30,1900-01-01 00:00:00
422043200,24.996984,56.864132,0.6,95.0,239.0,0.0,1,1780300561,MSSIS,0,GANJ,9305219,EPCE2,0.0,0.0,13.6,CHABAHAR,79,1900-01-01 00:00:00
620999454,25.729313,56.55225,0.0,155.9,511.0,-731.3865,0,1780300561,MSSIS,0,ASAD 1,9357937,T8A2853,0.0,0.0,2.0,,70,1900-01-01 00:00:00
352005357,19.883467,60.53685,10.7,257.0,255.0,720.00323,0,1780300561,MSSIS,0,SWIFT GALAXY,9277541,3E8642,0.0,0.0,8.5,SUEZ,0,1900-01-01 00:00:00
649777000,22.848726,59.51068,7.1,144.0,511.0,-731.3865,0,1780300561,MSSIS,0,NEW GATE,9228784,TZAA5,0.0,0.0,11.0,RAS ISA,84,1900-01-01 00:00:00
255854000,45.94948,-0.9559283,0.0,242.2,178.0,0.0,5,1780300562,MSSIS,0,ANHOLT,9968205,CQVP,0.0,0.0,3.8,FR BAY,70,1900-01-01 00:00:00
247381570,41.246964,9.429865,102.3,360.0,511.0,0.0,15,1780300562,MSSIS,0,,0,IK7099,0.0,0.0,0.0,,36,1900-01-01 00:00:00
244630729,60.08529,6.53786,0.0,114.9,308.0,0.0,5,1780300562,MSSIS,0,LENNEBORG,9421075,PCGV,0.0,0.0,7.5,ODDA,70,1900-01-01 00:00:00
227124400,47.666367,-4.42515,4.0,94.1,511.0,0.0,15,1780300562,MSSIS,0,,0,FW7588,0.0,0.0,0.0,,30,1900-01-01 00:00:00
257133700,58.872437,9.417725,7.2,235.3,511.0,0.0,15,1780300562,MSSIS,0,,0,LK3504,0.0,0.0,0.0,,60,1900-01-01 00:00:00
227022800,50.966534,1.7673666,14.1,78.1,76.0,0.0,0,1780300562,MSSIS,0,COTE DES DUNES,9232527,FOBQ,0.0,0.0,6.0,CALAISDOVERCALAIS,60,1900-01-01 00:00:00
258024130,69.81386,20.71708,0.0,97.6,197.0,-2.187374,0,1780300562,MSSIS,0,KVALOEYVAER,0,LH4595,0.0,0.0,2.0,KLOKKSTEIN  D,70,1900-01-01 00:00:00
257157520,69.632416,18.005209,0.0,9.4,320.0,0.0,7,1780300562,MSSIS,0,KOLBJORN M,0,LK3764,0.0,0.0,2.5,90620636,30,1900-01-01 00:00:00
258542000,58.339333,8.596708,0.0,350.7,325.0,0.0,0,1780300562,MSSIS,0,VESTFJORD,8331821,LCCZ,0.0,0.0,6.0,CH 16 FOR INFO,30,1900-01-01 00:00:00
258030570,62.99833,7.3140335,0.0,360.0,511.0,0.0,15,1780300562,MSSIS,0,,0,LH5920,0.0,0.0,0.0,,70,1900-01-01 00:00:00
257007520,60.55323,5.3537984,7.9,240.5,237.0,0.0,0,1780300562,MSSIS,0,SANDTROLL,7014347,LETI,0.0,0.0,3.5,KYSTFART,90,1900-01-01 00:00:00
567003290,9.16861,99.35153,0.0,76.0,242.0,0.0,0,1780300561,MSSIS,0,GRACE NAUTILUS,1031135,HSB9334,0.0,0.0,4.3,THBND,80,1900-01-01 00:00:00
636022903,-32.638966,152.99931,18.6,202.8,201.0,1.6070504,0,1780300562,MSSIS,0,PELION,9967407,5LKZ5,0.0,0.0,13.3,AUMEL,70,1900-01-01 00:00:00
503182760,-17.599707,146.12383,0.0,259.3,511.0,-731.3865,5,1780300562,MSSIS,0,ENGAGE GHOST,9317327,VKAT,0.0,0.0,4.8,CAIRNS,52,1900-01-01 00:00:00
941005827,48.20458,-125.816345,1.9,0.0,0.0,0.0,15,1780300562,MSSIS,0,941005827,0,,0.0,0.0,0.0,,0,1900-01-01 00:00:00
316017885,49.23534,-124.8149,0.0,91.8,511.0,0.0,15,1780300562,MSSIS,0,,0,CFN7323,0.0,0.0,0.0,,60,1900-01-01 00:00:00
567075800,13.141751,100.88184,0.0,187.6,221.0,0.0,1,1780300561,MSSIS,0,DRAGON TWELVE,1150462,HSB2699,0.0,0.0,3.0,SIRACHA,80,1900-01-01 00:00:00
374743000,8.898715,-79.52655,21.8,136.0,511.0,-731.3865,0,1780300562,MSSIS,0,ROBALO,0,LAUROB,0.0,0.0,0.0,,60,1900-01-01 00:00:00
271043070,41.463287,28.711994,0.0,289.9,220.0,0.0,1,1780300562,MSSIS,0,KURTARMA 8,9598610,TCUC5,0.0,0.0,6.0,BUYUKDERE,52,1900-01-01 00:00:00
207836540,42.467155,27.552397,0.0,360.0,511.0,-731.3865,0,1780300562,MSSIS,0,BURGUS,0,LZH3654,0.0,0.0,1.3,BGBUR,60,1900-01-01 00:00:00
240702000,36.970757,25.061476,0.1,310.6,511.0,-731.3865,1,1780300561,MSSIS,0,NOEMA,1007160,SY8521,0.0,0.0,2.2,ANTIPAROS,37,1900-01-01 00:00:00
316038086,48.422565,-123.37002,0.0,360.0,43.0,0.0,15,1780300562,MSSIS,0,,0,,0.0,0.0,0.0,,37,1900-01-01 00:00:00
211200150,54.182163,12.087249,0.0,0.0,1.0,0.0,0,1780300562,MSSIS,0,MINHERZING,0,DA6814,0.0,0.0,1.4,,60,1900-01-01 00:00:00
368033930,61.114998,-146.29407,0.1,255.8,511.0,-731.3865,5,1780300562,MSSIS,0,OSRB2,0,WDK2265,0.0,0.0,1.8,VALDEZ,54,1900-01-01 00:00:00
316006385,47.56565,-52.691902,0.0,291.6,511.0,0.0,15,1780300562,MSSIS,0,,0,,0.0,0.0,0.0,,30,1900-01-01 00:00:00
265072660,55.615932,12.989737,0.0,360.0,511.0,0.0,15,1780300562,MSSIS,0,,0,SG8703,0.0,0.0,0.0,,36,1900-01-01 00:00:00
244820170,54.68263,10.138077,5.0,76.8,511.0,0.0,15,1780300562,MSSIS,0,,0,PA6655,0.0,0.0,0.0,,36,1900-01-01 00:00:00
273389870,54.59305,14.418398,9.1,82.1,82.0,0.044640288,0,1780300562,MSSIS,0,SPARTA,9268710,UCPH,0.0,0.0,6.2,RU KGD,70,1900-01-01 00:00:00
265036530,58.242973,11.461933,0.0,360.0,511.0,0.0,15,1780300562,MSSIS,0,BLANC DE BLANCS,0,,0.0,0.0,0.0,,0,1900-01-01 00:00:00
261026710,53.39773,14.627015,0.0,360.0,511.0,0.0,15,1780300562,MSSIS,0,,0,SPS2377,0.0,0.0,0.0,,36,1900-01-01 00:00:00
224076360,38.92506,0.862585,0.6,358.3,5.0,0.0,11,1780300562,MSSIS,0,CAP PRIM SEGON,8436279,EA6404,0.0,0.0,0.0,,30,1900-01-01 00:00:00
225997870,38.91263,1.436875,0.0,360.0,511.0,0.0,15,1780300562,MSSIS,0,ICON,0,,0.0,0.0,0.0,,0,1900-01-01 00:00:00
369143000,41.4884,-71.31951,0.0,53.5,511.0,0.0,15,1780300562,MSSIS,0,,0,WDF2485,0.0,0.0,0.0,,36,1900-01-01 00:00:00
538011281,18.616682,-66.18272,0.7,308.6,202.0,1.1160072,0,1780300562,MSSIS,0,ACTIVE,1029974,V7A6900,0.0,0.0,8.0,FOR ORDER,80,1900-01-01 00:00:00
236112793,42.396656,18.573446,0.0,246.5,170.0,0.0,1,1780300562,MSSIS,0,EVA4EVA,1048700,ZDSN3,0.0,0.0,2.7,BUDVA,37,1900-01-01 00:00:00
247381900,33.131275,-8.626413,0.0,173.9,122.0,-0.044640288,5,1780300562,MSSIS,0,MATTEO BR,9556844,IBWI,0.0,0.0,8.1,MAJFL,70,1900-01-01 00:00:00
441508000,34.731323,128.7618,11.4,231.0,231.0,-731.3865,0,1780300562,MSSIS,0,MV DANYANG,9128295,DSQA3,0.0,0.0,7.8,INC KR,70,1900-01-01 00:00:00
265060080,57.54932,11.923507,0.0,360.0,511.0,0.0,15,1780300562,MSSIS,0,AMABELLE IV,0,,0.0,0.0,0.0,,0,1900-01-01 00:00:00
265761140,58.76596,11.175085,0.0,360.0,511.0,0.0,15,1780300562,MSSIS,0,,0,SB5808,0.0,0.0,0.0,,37,1900-01-01 00:00:00
368045520,46.90823,-124.110695,0.0,360.0,306.0,0.0,15,1780300562,MSSIS,0,SEA SPIRIT,0,,0.0,0.0,0.0,,0,1900-01-01 00:00:00
503186250,-27.208307,153.09436,0.0,360.0,511.0,0.0,15,1780300562,MSSIS,0,,0,PAIKEA,0.0,0.0,0.0,,37,1900-01-01 00:00:00
368082370,33.917233,-78.02831,0.0,352.7,99.0,0.0,5,1780300562,MSSIS,0,PRINCE OF TIDES,0,WDK7226,0.0,0.0,2.3,SOUTHPORT,37,1900-01-01 00:00:00
316030135,49.271988,-123.11914,0.0,108.5,511.0,0.0,15,1780300562,MSSIS,0,,0,,0.0,0.0,0.0,,37,1900-01-01 00:00:00
538011895,41.101425,1.237575,0.0,88.6,63.0,0.0,5,1780300562,MSSIS,0,MARLA ACROPOLIS,1027407,V7A3624,0.0,0.0,12.2,ES TAR,70,1900-01-01 00:00:00
232064643,34.657917,33.2336,7.6,263.1,249.0,0.0,15,1780300562,MSSIS,0,CIAO,0,MTAW9,0.0,0.0,0.0,,0,1900-01-01 00:00:00
224512370,36.13818,-5.4418783,0.0,360.0,511.0,-731.3865,0,1780300562,MSSIS,0,PAQUITO MORENO,0,EBYK,0.0,0.0,0.0,ALGECIRAS,0,1900-01-01 00:00:00
266199000,57.706696,11.663003,0.0,221.2,159.0,0.0,7,1780300562,MSSIS,0,ATLANTIC,8805468,SMCP,0.0,0.0,0.0,FISHING,30,1900-01-01 00:00:00
367770990,45.565525,-122.73424,0.0,217.5,134.0,0.0,5,1780300562,MSSIS,0,MIN ZIDELL,9836402,WDJ3750,0.0,0.0,5.9,US SFO A8  US PDX,57,1900-01-01 00:00:00
338340003,33.975605,-118.445015,0.1,360.0,511.0,0.0,15,1780300562,MSSIS,0,THE RUDE GIRL,0,,0.0,0.0,0.0,,0,1900-01-01 00:00:00
259196000,58.07347,11.814545,0.0,178.4,187.0,0.0,0,1780300562,MSSIS,0,BESS,9086382,LHHP,0.0,0.0,5.1,TUG STENUNGSUND,52,1900-01-01 00:00:00
422037300,24.98462,56.855503,0.1,82.7,261.0,0.0,1,1780300562,MSSIS,0,PARISAN,9465851,EPBX5,0.0,0.0,13.0,CHINA,70,1900-01-01 00:00:00
257069900,59.196697,10.781444,0.2,207.6,511.0,-731.3865,0,1780300562,MSSIS,0,HUGIN,0,LM5387,0.0,0.0,1.0,OSLOFJORD,31,1900-01-01 00:00:00
253000149,37.90802,23.105452,0.0,26.6,264.0,-0.17856115,1,1780300562,MSSIS,0,BELUGA,1054929,LXAS3,0.0,0.0,5.7,MED FOR ORDERS,80,1900-01-01 00:00:00
220204000,58.00789,11.103828,2.8,42.0,47.0,0.0,15,1780300562,MSSIS,0,EMIL,0,OXAR,0.0,0.0,0.0,,30,1900-01-01 00:00:00
375173000,19.668964,57.7159,0.7,46.0,308.0,0.0,0,1780300562,MSSIS,0,CTOW SESAME,1057282,J8B6866,0.0,0.0,0.0,DUQM,52,1900-01-01 00:00:00
244750639,52.363735,5.638602,0.0,222.0,511.0,-731.3865,5,1780300562,MSSIS,0,FERGUS,0,PD7148,0.0,0.0,0.0,BUITENHAVEN HARDERWI,79,1900-01-01 00:00:00
368325040,40.68212,-74.071304,0.0,316.5,137.0,0.0,0,1780300562,MSSIS,0,CAROLINE M,0,WDN9226,0.0,0.0,3.0,US0YFC0YY8,52,1900-01-01 00:00:00
431006608,35.442467,139.67088,0.0,216.9,117.0,0.0,0,1780300562,MSSIS,0,SAKIGAKE,0,JD3847,0.0,0.0,4.0,JP YOK,52,1900-01-01 00:00:00
538009437,18.425158,-69.63052,0.0,84.0,348.0,0.0,5,1780300562,MSSIS,0,ADELIE P,9330496,V7A4739,0.0,0.0,10.8,COCTG,72,1900-01-01 00:00:00
667002357,25.740807,56.553474,0.5,273.0,50.0,720.00323,1,1780300562,MSSIS,0,KATRAN,9260275,9LS2060,0.0,0.0,9.7,SHINAS FOR ORDER,89,1900-01-01 00:00:00
249836000,-37.314228,177.74326,11.7,88.6,86.0,-0.17856115,0,1780300562,MSSIS,0,HAFNIA MIKALA,9732709,9HA4395,0.0,0.0,9.2,NZWLG,80,1900-01-01 00:00:00
367068230,53.904156,-166.51256,0.0,186.8,202.0,0.0,15,1780300562,MSSIS,0,BERING LEADER,8997845,WDC7227,0.0,0.0,0.0,,0,1900-01-01 00:00:00
273381510,46.62381,142.7692,0.0,260.0,263.0,0.0,5,1780300562,MSSIS,0,SOJOURN,0,UBWN2,0.0,0.0,2.5,KORSAKOV,37,1900-01-01 00:00:00
244638000,44.63464,-63.563347,0.0,259.5,253.0,0.0,5,1780300562,MSSIS,0,ONEGO DEUSTO,9399129,PCSO,0.0,0.0,7.9,CAHAL,70,1900-01-01 00:00:00
431016179,34.703533,135.28426,0.0,355.7,83.0,0.0,5,1780300562,MSSIS,0,RYUSEI,9923841,JD4915,0.0,0.0,3.5,JP UKB E3,70,1900-01-01 00:00:00
367513020,42.38039,-71.04203,0.0,210.0,511.0,-731.3865,11,1780300562,MSSIS,0,HAROLD A REINAUER,7129489,WDG2185,0.0,0.0,4.0,BOSTON,3,1900-01-01 00:00:00
257083180,59.662754,10.619842,9.5,343.9,344.0,0.0,0,1780300562,MSSIS,0,CANOLE,7332787,JXKG,0.0,0.0,4.5,KONGSHAVN,70,1900-01-01 00:00:00
244615711,51.8942,4.588657,0.0,360.0,511.0,-731.3865,15,1780300562,MSSIS,0,ZEESTER,0,PC9066,0.0,0.0,2.2,MAASSLUIS,37,1900-01-01 00:00:00
353968000,-33.913406,18.430838,0.0,310.7,310.0,0.0,5,1780300562,MSSIS,0,MSC LISA,9281279,H3MK,0.0,0.0,9.5,ZACPT,72,1900-01-01 00:00:00
232064844,53.429924,-3.0039582,0.0,155.5,511.0,-731.3865,5,1780300562,MSSIS,0,ROYAL DAFFODIL,1056405,MTCA9,0.0,0.0,0.0,BIRKENHEAD,60,1900-01-01 00:00:00
244130265,51.56061,6.0636616,0.0,360.0,511.0,-731.3865,3,1780300562,MSSIS,0,KALIWAAL 41,0,PF2457,0.0,0.0,3.5,AIJEN,33,1900-01-01 00:00:00
367384650,29.65655,-94.68382,0.0,343.3,511.0,-731.3865,8,1780300562,MSSIS,0,JORDYN PAIGE,0,WDE6773,0.0,0.0,0.0,,31,1900-01-01 00:00:00
244061040,51.9001,4.4927483,0.0,0.0,511.0,-731.3865,5,1780300562,MSSIS,0,ZWERVER,0,PH3480,0.0,0.0,0.0,,0,1900-01-01 00:00:00
211696830,53.534737,9.984047,0.0,8.0,511.0,-731.3865,5,1780300562,MSSIS,0,WALSRODE,0,DF8698,0.0,0.0,0.0,HAMBURG,89,1900-01-01 00:00:00
271010448,38.82252,26.983515,0.0,0.0,511.0,0.0,15,1780300562,MSSIS,0,BOZKURT,0,TC9905,0.0,0.0,0.0,,0,1900-01-01 00:00:00
273415080,38.43104,27.10335,0.0,0.0,511.0,-731.3865,1,1780300562,MSSIS,0,SIBIRSKIY2101,8862284,UFRS,0.0,0.0,0.0,IZMIR,70,1900-01-01 00:00:00
319203800,-36.839092,174.75275,0.0,360.0,200.0,0.0,15,1780300563,MSSIS,0,,0,ZG0B2,0.0,0.0,0.0,,36,1900-01-01 00:00:00
374001000,9.11622,-79.70459,0.0,360.0,217.0,0.0,0,1780300563,MSSIS,0,CULEBRA,0,TUGCU,0.0,0.0,0.0,,52,1900-01-01 00:00:00
503156320,-21.11137,149.22615,0.0,105.4,511.0,0.0,15,1780300563,MSSIS,0,,0,861383,0.0,0.0,0.0,,36,1900-01-01 00:00:00
414079000,24.376526,122.73568,10.8,5.0,5.0,0.0,0,1780300563,MSSIS,0,SHENG TAI HAI,9637636,BPVT6,0.0,0.0,12.0,TIAN JIN,70,1900-01-01 00:00:00
244030734,51.13995,2.7406733,0.0,360.0,511.0,0.0,15,1780300563,MSSIS,0,GROOT GENOEGEN,0,,0.0,0.0,0.0,,0,1900-01-01 00:00:00
228467900,51.28448,2.0964966,13.4,12.9,15.0,1.1160072,0,1780300563,MSSIS,0,ECO LEVANT,9985954,FMZY,0.0,0.0,6.6,NLRTM,70,1900-01-01 00:00:00
205334270,51.31148,3.11982,0.0,173.0,173.0,0.0,15,1780300563,MSSIS,0,LIBERTAS,0,,0.0,0.0,0.0,,0,1900-01-01 00:00:00
211818650,54.898384,9.79299,0.0,360.0,511.0,0.0,15,1780300563,MSSIS,0,GLANT,0,,0.0,0.0,0.0,,0,1900-01-01 00:00:00
265829530,59.366955,18.114658,0.0,360.0,511.0,0.0,15,1780300563,MSSIS,0,TANGO VERANO,0,,0.0,0.0,0.0,,0,1900-01-01 00:00:00
224062780,39.421932,-0.31921333,0.1,360.0,511.0,0.0,15,1780300563,MSSIS,0,,0,,0.0,0.0,0.0,,36,1900-01-01 00:00:00
538003218,51.330868,2.60193,0.2,125.9,74.0,0.0,1,1780300563,MSSIS,0,GAS DEFIANCE,9359557,V7PF3,0.0,0.0,4.2,BE ZEE,84,1900-01-01 00:00:00
225994206,36.506813,-4.874057,0.0,360.0,511.0,0.0,15,1780300563,MSSIS,0,,0,,0.0,0.0,0.0,,36,1900-01-01 00:00:00
265522870,59.296883,18.650698,0.0,144.3,511.0,0.0,15,1780300563,MSSIS,0,SY PHILIPPA,0,,0.0,0.0,0.0,,0,1900-01-01 00:00:00
219001303,56.03762,12.616638,0.0,360.0,511.0,0.0,15,1780300563,MSSIS,0,,0,XPH3766,0.0,0.0,0.0,,37,1900-01-01 00:00:00
211307210,54.093422,12.138765,0.0,60.1,511.0,0.0,15,1780300563,MSSIS,0,JUPITER,0,,0.0,0.0,0.0,,0,1900-01-01 00:00:00
205414000,51.35523,3.201585,3.3,336.1,332.0,0.0,0,1780300563,MSSIS,0,VB CORAL,9314260,OROB,0.0,0.0,5.0,HARBOUR TOWAGE,70,1900-01-01 00:00:00
316049375,44.70016,-63.61187,0.0,360.0,205.0,0.0,15,1780300563,MSSIS,0,,0,,0.0,0.0,0.0,,37,1900-01-01 00:00:00
205019000,51.330772,3.21845,0.1,71.4,236.0,0.0,5,1780300563,MSSIS,0,VB BOLERO,9889526,ORTU,0.0,0.0,6.2,ZEEBRUGGE,52,1900-01-01 00:00:00
228311360,43.386387,4.832277,0.0,360.0,511.0,0.0,15,1780300563,MSSIS,0,ONVAOUKAN,0,,0.0,0.0,0.0,,0,1900-01-01 00:00:00
538009416,51.919003,3.0146666,1.2,192.2,162.0,0.0,0,1780300563,MSSIS,0,SC HOUSTON,9445904,V7A4704,0.0,0.0,12.2,NLRTM,79,1900-01-01 00:00:00
205581390,51.15488,4.332015,0.0,351.7,511.0,-731.3865,5,1780300563,MSSIS,0,ELENA,0,OT5813,0.0,0.0,0.3,MONSIN,79,1900-01-01 00:00:00
368197970,30.398888,-87.2437,0.0,50.9,274.0,0.0,15,1780300563,MSSIS,0,MAGNOLIA,0,,0.0,0.0,0.0,,0,1900-01-01 00:00:00
244620839,51.39831,4.240258,7.2,173.5,511.0,-731.3865,0,1780300563,MSSIS,0,NEW HAMPSHIRE,0,PG9608,0.0,0.0,2.0,ZANDVLIETSLUIS,99,1900-01-01 00:00:00
219029706,56.408974,10.925095,0.0,129.2,82.0,0.0,15,1780300563,MSSIS,0,SAR BIL GRENAA,0,XPH8158,0.0,0.0,0.0,,51,1900-01-01 00:00:00
367360510,58.3048,-134.4328,0.0,41.2,511.0,0.0,15,1780300563,MSSIS,0,,0,WDE 498,0.0,0.0,0.0,,37,1900-01-01 00:00:00
338189095,41.136757,-72.30609,0.0,360.0,511.0,0.0,15,1780300563,MSSIS,0,MY MARTY,0,,0.0,0.0,0.0,,0,1900-01-01 00:00:00
215522000,5.306502,-4.025153,0.0,222.7,47.0,0.0,5,1780300563,MSSIS,0,ALINDA,9588378,9HA2751,0.0,0.0,9.5,CIABJ,70,1900-01-01 00:00:00
257002880,61.57531,4.81056,0.2,269.4,511.0,0.0,15,1780300563,MSSIS,0,,0,LG8081,0.0,0.0,0.0,,70,1900-01-01 00:00:00
538009211,59.85988,25.933022,0.1,0.8,114.0,0.044640288,1,1780300563,MSSIS,0,AMADES,9903126,V7A4455,0.0,0.0,8.7,FOR ORDER,80,1900-01-01 00:00:00
338193179,29.535364,-95.07293,0.0,360.0,511.0,0.0,15,1780300563,MSSIS,0,NIPPLE UP,0,,0.0,0.0,0.0,,0,1900-01-01 00:00:00
368012870,38.951805,-76.55097,0.0,341.4,511.0,0.0,15,1780300563,MSSIS,0,SACRE BLEU,0,,0.0,0.0,0.0,,0,1900-01-01 00:00:00
368456850,26.298923,-80.08366,0.0,147.7,511.0,0.0,15,1780300563,MSSIS,0,SUSAN ANNE,0,,0.0,0.0,0.0,,0,1900-01-01 00:00:00
258156500,78.92848,11.93714,0.0,256.9,511.0,0.0,15,1780300563,MSSIS,0,,0,LF4127,0.0,0.0,0.0,,33,1900-01-01 00:00:00
338512581,28.077934,-80.60105,0.0,360.0,511.0,0.0,15,1780300563,MSSIS,0,,0,TRUNORT,0.0,0.0,0.0,,37,1900-01-01 00:00:00
319175400,41.629883,-70.90555,0.0,357.8,357.0,0.0,5,1780300563,MSSIS,0,PODIUM,9834595,ZGKF7,0.0,0.0,3.8,FAIRHAVEN MA,37,1900-01-01 00:00:00
265834950,59.1194,18.305609,0.0,360.0,511.0,0.0,15,1780300563,MSSIS,0,,0,SF7970,0.0,0.0,0.0,,37,1900-01-01 00:00:00
412420914,34.909775,129.06757,0.8,237.7,511.0,0.0,15,1780300563,MSSIS,0,XIN SHI JI 209,0,,0.0,0.0,0.0,,0,1900-01-01 00:00:00
244710992,53.17553,5.450435,0.0,0.0,511.0,-731.3865,5,1780300563,MSSIS,0,DIAMANT,0,PB9002,0.0,0.0,0.2,,69,1900-01-01 00:00:00
247054600,38.123062,15.651535,0.2,187.0,511.0,-731.3865,0,1780300563,MSSIS,0,VILLA SAN GIOVANNI,7929126,ITJA,0.0,0.0,3.2,IT REG,60,1900-01-01 00:00:00
231815000,55.885963,15.912138,9.8,240.2,240.0,0.0,0,1780300563,MSSIS,0,ICE CRYSTAL,9818321,OZ2179,0.0,0.0,6.0,SELLASEHOG,70,1900-01-01 00:00:00
316056904,44.05036,9.844869,0.0,214.7,14.0,0.0,15,1780300564,MSSIS,0,,0,CFA4623,0.0,0.0,0.0,,37,1900-01-01 00:00:00
247393400,39.081482,9.034106,1.8,297.8,321.0,720.00323,5,1780300563,MSSIS,0,VINCENZINO O,9855719,INPW2,0.0,0.0,6.4,SARROCH,52,1900-01-01 00:00:00
251816840,64.25065,-22.432383,0.3,113.6,511.0,0.0,15,1780300564,MSSIS,0,,0,7465,0.0,0.0,0.0,,30,1900-01-01 00:00:00
232057010,53.34491,-6.1892,0.4,360.0,511.0,0.0,15,1780300564,MSSIS,0,,0,MPXB6,0.0,0.0,0.0,,38,1900-01-01 00:00:00
367185320,30.08892,-88.70546,2.9,249.7,511.0,0.0,15,1780300564,MSSIS,0,,0,WDD7354,0.0,0.0,0.0,,30,1900-01-01 00:00:00
230157180,60.146828,24.992208,0.0,148.4,176.0,0.0,15,1780300564,MSSIS,0,,0,OH9713,0.0,0.0,0.0,,51,1900-01-01 00:00:00
232048458,37.113007,-8.522315,0.0,360.0,511.0,0.0,15,1780300564,MSSIS,0,,0,MNVR7,0.0,0.0,0.0,,36,1900-01-01 00:00:00
367158710,33.869614,-78.61004,0.0,278.5,511.0,-731.3865,15,1780300563,MSSIS,0,THE BIG M CASINO,0,WDD5459,0.0,0.0,0.0,LR,60,1900-01-01 00:00:00
228100450,66.07039,-23.123182,0.0,21.3,511.0,0.0,15,1780300564,MSSIS,0,,0,FAJ4435,0.0,0.0,0.0,,36,1900-01-01 00:00:00
367535790,47.656578,-122.37955,0.0,231.7,511.0,0.0,15,1780300564,MSSIS,0,,0,WDG4365,0.0,0.0,0.0,,30,1900-01-01 00:00:00
247152630,39.212074,9.101375,0.0,0.0,511.0,-731.3865,7,1780300563,MSSIS,0,LEONARDO,0,IJSF,0.0,0.0,0.0,,30,1900-01-01 00:00:00
304855000,54.110878,12.106216,0.0,360.0,59.0,0.0,15,1780300564,MSSIS,0,RIESENHAI,0,,0.0,0.0,0.0,,0,1900-01-01 00:00:00
367679190,32.725876,-117.190056,0.0,325.9,511.0,0.0,15,1780300564,MSSIS,0,,0,WDI2537,0.0,0.0,0.0,,37,1900-01-01 00:00:00
209864000,53.898617,14.255453,0.0,179.9,217.0,0.0,5,1780300563,MSSIS,0,POLONIA,9108350,5BKU5,0.0,0.0,5.8,SWINOUJSCIEYSTAD,60,1900-01-01 00:00:00
319048100,38.894253,-76.52221,0.0,116.4,511.0,0.0,15,1780300564,MSSIS,0,,0,ZGCT8,0.0,0.0,0.0,,37,1900-01-01 00:00:00
219024085,56.13902,10.218342,0.0,173.9,511.0,0.0,15,1780300564,MSSIS,0,,0,XPH2977,0.0,0.0,0.0,,37,1900-01-01 00:00:00
563277800,31.770056,-116.77619,12.4,240.4,245.0,0.0,0,1780300563,MSSIS,0,COSCO MALAYSIA,9448774,9VMV8,0.0,0.0,13.0,MXZLO,70,1900-01-01 00:00:00
211864570,53.17222,8.5743885,0.0,360.0,511.0,0.0,15,1780300564,MSSIS,0,RAHN,0,,0.0,0.0,0.0,,0,1900-01-01 00:00:00
244820786,52.45736,5.0994935,0.1,314.6,511.0,0.0,15,1780300564,MSSIS,0,,0,PD6493,0.0,0.0,0.0,,36,1900-01-01 00:00:00
256004923,35.963585,14.430552,19.7,297.3,511.0,-731.3865,0,1780300563,MSSIS,0,ALBERT V,0,9HC3316,0.0,0.0,0.0,,60,1900-01-01 00:00:00
368170070,47.644897,-122.31366,0.0,145.8,148.0,0.0,15,1780300564,MSSIS,0,,0,WDL8502,0.0,0.0,0.0,,37,1900-01-01 00:00:00
257943730,59.263065,10.488961,0.0,360.0,184.0,0.0,15,1780300564,MSSIS,0,SY OLIVIA,0,,0.0,0.0,0.0,,0,1900-01-01 00:00:00
261000431,39.766388,3.1599417,0.4,360.0,511.0,0.0,15,1780300564,MSSIS,0,,0,SPG6073,0.0,0.0,0.0,,37,1900-01-01 00:00:00
244010166,43.578636,-7.0744767,6.1,306.7,511.0,0.0,15,1780300564,MSSIS,0,,0,PC 2460,0.0,0.0,0.0,,36,1900-01-01 00:00:00
338118417,32.76429,-117.24096,0.0,360.0,511.0,0.0,15,1780300564,MSSIS,0,YAKETY YACHT,0,,0.0,0.0,0.0,,0,1900-01-01 00:00:00
247360070,42.805984,10.26434,0.2,360.0,511.0,0.0,15,1780300564,MSSIS,0,,0,IN8532,0.0,0.0,0.0,,36,1900-01-01 00:00:00
228372600,43.42621,4.8971133,0.0,145.4,242.0,0.0,5,1780300563,MSSIS,0,SEDNA,9837353,FLWJ,0.0,0.0,6.3,FRBIA  FRFOS,80,1900-01-01 00:00:00
228015550,43.422165,6.74849,0.0,360.0,511.0,0.0,15,1780300564,MSSIS,0,,0,FAH3990,0.0,0.0,0.0,,37,1900-01-01 00:00:00
232012732,48.59964,-4.5616283,0.0,360.0,511.0,0.0,15,1780300564,MSSIS,0,,0,NCHE7,0.0,0.0,0.0,,36,1900-01-01 00:00:00
227932820,47.737556,-4.009422,6.4,296.5,511.0,0.0,15,1780300564,MSSIS,0,,0,FAG3733,0.0,0.0,0.0,,36,1900-01-01 00:00:00
368465310,29.051798,-88.98932,2.5,205.5,203.0,0.0,0,1780300563,MSSIS,0,BROOKE D TREGRE,0,WDQ8786,0.0,0.0,3.1,XX XXX,0,1900-01-01 00:00:00
228222290,47.304134,-2.1205666,0.0,242.8,511.0,0.0,15,1780300564,MSSIS,0,,0,FJ8317,0.0,0.0,0.0,,97,1900-01-01 00:00:00
636093397,-34.15288,-58.94576,0.0,245.2,247.0,0.0,5,1780300563,MSSIS,0,PALENA STAR,9425215,D5CP8,0.0,0.0,5.5,CAMPANA,80,1900-01-01 00:00:00
228226110,43.42738,6.869345,5.2,337.1,511.0,0.0,15,1780300564,MSSIS,0,,0,FAK9733,0.0,0.0,0.0,,53,1900-01-01 00:00:00
533133612,6.30219,99.85067,0.0,0.0,511.0,0.0,15,1780300563,MSSIS,0,,0,1234567,0.0,0.0,0.0,,60,1900-01-01 00:00:00
503320400,-38.336193,144.74623,0.0,360.0,100.0,0.0,15,1780300564,MSSIS,0,,0,VHS2977,0.0,0.0,0.0,,60,1900-01-01 00:00:00
538007854,20.278744,66.44627,8.2,272.3,274.0,1.1160072,0,1780300563,MSSIS,0,ALPHA HERO,9671826,V7KA4,0.0,0.0,13.8,0RDERS,70,1900-01-01 00:00:00
367686910,38.05727,-76.242615,5.3,168.7,167.0,0.0,0,1780300563,MSSIS,0,STEPHEN DANN,9202376,WD13302,0.0,0.0,3.3,NORFOLK,52,1900-01-01 00:00:00
211237230,52.517017,5.4366417,0.0,60.4,160.0,0.0,5,1780300563,MSSIS,0,VIKING FJOLVAR,0,DMBZ,0.0,0.0,1.8,LELYSTAD,60,1900-01-01 00:00:00
257029700,66.02422,12.642772,0.0,259.1,265.0,0.0,8,1780300563,MSSIS,0,VIKINGEN,9036038,LEVF,0.0,0.0,3.7,SSJDONNALOKTA,69,1900-01-01 00:00:00
538005551,53.28627,-2.86109,0.0,129.2,274.0,0.0,5,1780300563,MSSIS,0,GULHOLMEN,9435703,V7RN3,0.0,0.0,7.4,GBSOWESALG,80,1900-01-01 00:00:00
257616600,60.617104,5.1923933,17.5,144.9,511.0,-731.3865,0,1780300563,MSSIS,0,FEMININ,0,LFWC,0.0,0.0,1.5,INFO CALL 91606157,60,1900-01-01 00:00:00
367584630,30.357866,-88.50578,0.0,360.0,511.0,-731.3865,0,1780300563,MSSIS,0,MADISON GAIL,258,WDG9129,0.0,0.0,0.0,,60,1900-01-01 00:00:00
257176930,68.67948,17.117836,0.1,360.0,511.0,-731.3865,5,1780300563,MSSIS,0,TOERNRINGEN,0,LH6797,0.0,0.0,1.0,SJOPROVE,70,1900-01-01 00:00:00
367405720,38.83959,-90.10556,0.0,65.3,1.0,0.0,12,1780300563,MSSIS,0,JODY MCMINN,0,WDE8456,0.0,0.0,2.7,US11P40Y6G,57,1900-01-01 00:00:00
244670621,51.95746,4.155123,3.7,129.2,511.0,-731.3865,0,1780300563,MSSIS,0,IDUNA,0,PI8987,0.0,0.0,0.0,,79,1900-01-01 00:00:00
368116030,40.69503,-71.86695,0.3,156.7,91.0,720.00323,0,1780300563,MSSIS,0,KINEO,0,WDL2851,0.0,0.0,0.0,,30,1900-01-01 00:00:00
244750786,51.88146,4.3242016,0.0,360.0,511.0,-731.3865,0,1780300563,MSSIS,0,HERMINA,0,PD6769,0.0,0.0,4.1,SEINEHAVEN,79,1900-01-01 00:00:00
211476060,51.88342,4.4327483,0.0,360.0,242.0,0.0,5,1780300563,MSSIS,0,HERKULES X,0,DC3591,0.0,0.0,1.7,ZWIJNDRECHT,90,1900-01-01 00:00:00
338923000,30.388502,-81.43448,0.0,295.1,222.0,0.0,5,1780300563,MSSIS,0,CG MARIA BRAY,0,NMAB,0.0,0.0,2.7,,55,1900-01-01 00:00:00
368091590,25.764122,-80.14427,0.0,360.0,511.0,-731.3865,0,1780300563,MSSIS,0,EAGLE II,1294433,WDK8178,0.0,0.0,4.0,FISHER ISLAND,60,1900-01-01 00:00:00
477548600,46.172905,-123.10572,0.1,70.8,140.0,0.0,1,1780300563,MSSIS,0,PACIFIC VALOR,9712503,VROP3,0.0,0.0,7.0,CN TXGUS VAN,70,1900-01-01 00:00:00
367637740,29.77909,-95.09935,0.0,293.0,511.0,-731.3865,0,1780300563,MSSIS,0,COOPER DEVALL,0,WDH6418,0.0,0.0,2.6,DEVALL FLEET,52,1900-01-01 00:00:00
244700308,51.011604,6.968458,4.7,214.4,511.0,-731.3865,0,1780300563,MSSIS,0,JOVITA,0,PE7026,0.0,0.0,0.2,,99,1900-01-01 00:00:00
311056600,28.812717,-85.3965,4.2,183.3,511.0,-731.3865,3,1780300563,MSSIS,0,OCEAN INVINCIBLE,9386550,C6ZI6,0.0,0.0,7.2,SURVEY OPERATION,99,1900-01-01 00:00:00
369970479,38.9843,-76.46712,0.0,336.1,511.0,0.0,0,1780300563,MSSIS,0,YP705,100000705,NFEC,0.0,0.0,3.2,USNA,99,1900-01-01 00:00:00
368344540,32.69591,-117.15262,0.0,75.6,68.0,0.0,0,1780300564,MSSIS,0,EWOLF,9992206,WDP3339,0.0,0.0,0.0,,52,1900-01-01 00:00:00
244850205,37.261665,-6.9638333,0.7,310.0,311.0,-720.00323,0,1780300564,MSSIS,0,BOMMEL,9643659,PCCM,0.0,0.0,2.4,HUELVA,33,1900-01-01 00:00:00
256910000,21.699568,38.23176,1.1,176.0,48.0,0.0,0,1780300564,MSSIS,0,CMA CGM AMAZONIA,9938298,9HA6024,0.0,0.0,13.8,SAJED,71,1900-01-01 00:00:00
304665000,44.5073,12.504875,0.1,288.8,114.0,-3.6158633,1,1780300564,MSSIS,0,CLARISSA,9201803,V2RJ5,0.0,0.0,3.9,ORDER,79,1900-01-01 00:00:00
305201000,52.594746,-9.54157,0.2,208.1,111.0,0.0,1,1780300564,MSSIS,0,KAROLIINA,9381380,V2QZ6,0.0,0.0,4.4,IEAUG,70,1900-01-01 00:00:00
257974800,69.68099,18.997412,0.0,10.2,511.0,-731.3865,0,1780300564,MSSIS,0,KVAENANGSTIND,0,LG9744,0.0,0.0,0.0,FISHFARM,70,1900-01-01 00:00:00
257633700,64.80529,10.560492,0.0,360.0,511.0,-731.3865,0,1780300564,MSSIS,0,BONDOEY,0,LG8342,0.0,0.0,3.0,SALMAR FISHFARMS,70,1900-01-01 00:00:00
244260765,52.42351,4.845432,5.0,204.3,511.0,-731.3865,15,1780300564,MSSIS,0,AMSTELSTROOM,0,PG3443,0.0,0.0,0.0,,52,1900-01-01 00:00:00
247369900,43.646225,13.392868,0.0,98.6,132.0,0.0,0,1780300564,MSSIS,0,FALCONA,8802791,INED2,0.0,0.0,4.0,ITAOI,80,1900-01-01 00:00:00
247186300,35.839516,-6.0538783,17.3,196.7,198.0,0.0,0,1780300564,MSSIS,0,GRANDE DETROIT,9293272,ICCK,0.0,0.0,8.3,ESVLCMACAS,70,1900-01-01 00:00:00
352006332,59.76484,5.617882,2.9,122.5,511.0,-731.3865,15,1780300564,MSSIS,0,H406,0,3EA4153,0.0,0.0,0.0,,90,1900-01-01 00:00:00
353282000,34.698475,135.27655,0.0,349.4,277.0,0.0,5,1780300564,MSSIS,0,LIBERTY HARVEST,9526291,3FAR,0.0,0.0,8.0,JP UKB OFF,79,1900-01-01 00:00:00
219000543,57.321087,11.12439,0.0,290.2,85.0,0.0,0,1780300564,MSSIS,0,RESCUE MORTEN STAGE,9170559,OZRW,0.0,0.0,0.0,,51,1900-01-01 00:00:00
244040000,51.27924,4.3727965,0.0,89.1,90.0,0.0,5,1780300564,MSSIS,0,HUMBERGRACHT,9433274,PBUK,0.0,0.0,6.4,BEANR,70,1900-01-01 00:00:00
258073000,64.86032,11.229888,0.0,20.7,20.0,0.0,0,1780300564,MSSIS,0,HARALD V,0,LMLG,0.0,0.0,1.5,CH 16,51,1900-01-01 00:00:00
367352250,30.42293,-91.203255,0.0,204.7,287.0,0.0,0,1780300564,MSSIS,0,ACEG,207,WDK2341,0.0,0.0,2.9,,52,1900-01-01 00:00:00
244780677,51.501064,4.0535984,0.0,295.6,511.0,-731.3865,15,1780300564,MSSIS,0,WON3 VERTROUWEN,0,PA3445,0.0,0.0,0.0,HARLINGEN,30,1900-01-01 00:00:00
368379440,27.825924,-97.49491,0.0,192.4,511.0,0.0,5,1780300564,MSSIS,0,PRISCILLA T STUDDERT,0,WDP7181,0.0,0.0,2.9,US0SRH0VMQ,57,1900-01-01 00:00:00
257176440,58.12899,8.008922,33.5,290.7,289.0,0.0,0,1780300564,MSSIS,0,HPB 3,0,LF2005,0.0,0.0,0.0,VHF16,35,1900-01-01 00:00:00
538090723,54.98624,-1.4536266,0.0,349.7,254.0,0.0,5,1780300564,MSSIS,0,ULTRA BOSQUE,9880013,V7A4053,0.0,0.0,9.9,TYNE UK,70,1900-01-01 00:00:00
368230510,26.750628,-80.04995,0.0,177.0,90.0,0.0,5,1780300564,MSSIS,0,BOTTI,9931082,WDM7052,0.0,0.0,2.2,PALM BEACH,37,1900-01-01 00:00:00
211549830,53.562702,8.558725,0.0,314.7,511.0,-731.3865,5,1780300564,MSSIS,0,RHR1,0,DC5486,0.0,0.0,1.2,BREMERHAVEN,99,1900-01-01 00:00:00
257429900,62.442665,6.2749767,0.0,0.0,314.0,0.0,5,1780300564,MSSIS,0,IVAR AASEN,9156943,LIRB,0.0,0.0,3.8,FISKARSTRAND,60,1900-01-01 00:00:00
538007429,29.33093,-94.54668,0.0,170.3,262.0,0.0,1,1780300564,MSSIS,0,ATLANTIC INFINITY,9797759,V7NI2,0.0,0.0,7.8,US HOU,80,1900-01-01 00:00:00
503632000,-32.150124,115.765366,0.0,208.2,91.0,0.0,5,1780300564,MSSIS,0,SVITZER ROWAN,9600229,VHHW,0.0,0.0,5.2,FREMANTLE,52,1900-01-01 00:00:00
308652000,40.611706,22.931938,0.0,230.8,214.0,0.0,1,1780300564,MSSIS,0,GAS HARALAMBOS,9423126,C6WP3,0.0,0.0,5.7,GRSKG,84,1900-01-01 00:00:00
563314900,-35.035477,117.89594,0.0,101.9,116.0,-0.17856115,5,1780300564,MSSIS,0,INCE EVRENYE,9865908,9V2718,0.0,0.0,8.7,AU ALH,70,1900-01-01 00:00:00
258541000,69.32325,16.135752,0.0,151.1,50.0,0.0,7,1780300564,MSSIS,0,BERG SENIOR,0,LFFQ,0.0,0.0,0.0,,30,1900-01-01 00:00:00
564688000,1.2273233,103.71465,0.0,205.4,107.0,-2.8569784,1,1780300564,MSSIS,0,DESNA,9730191,9V2644,0.0,0.0,5.2,ASPP,80,1900-01-01 00:00:00
218051850,53.341496,7.187043,0.0,0.0,145.0,0.0,0,1780300564,MSSIS,0,KAETHE WESSELS,9976276,DCPT,0.0,0.0,0.0,EMD,52,1900-01-01 00:00:00
244660790,52.522285,6.075935,0.0,106.9,72.0,0.0,5,1780300564,MSSIS,0,ORA ET LABORA,0,PD3324,0.0,0.0,2.4,ZWOLLE  VOORSTERHAVE,79,1900-01-01 00:00:00
209410000,41.368755,2.1765916,0.0,93.5,6.0,-731.3865,5,1780300564,MSSIS,0,GOLDEN BRIDGE,8902345,5BCJ5,0.0,0.0,6.9,ESIBZ,60,1900-01-01 00:00:00
230279000,59.824463,22.947546,0.0,49.2,26.0,0.0,5,1780300564,MSSIS,0,NEPTUN,7917965,OIKS,0.0,0.0,5.0,FI HKO,52,1900-01-01 00:00:00
230061850,59.498653,24.81461,0.0,33.2,150.0,0.0,5,1780300564,MSSIS,0,SANTOS,8619819,OH3712,0.0,0.0,5.8,MIIDURANNA,30,1900-01-01 00:00:00
256018000,37.6865,23.322567,0.0,360.0,298.0,-1.1160072,1,1780300563,MSSIS,0,IDEFIX II,9546772,9HA5660,0.0,0.0,2.7,ISTHIMIA,37,1900-01-01 00:00:00
538007367,-26.102844,153.97914,7.0,5.4,1.0,-0.17856115,0,1780300564,MSSIS,0,ISUZU MARU,9782039,V7AM4,0.0,0.0,12.5,YOK JP,70,1900-01-01 00:00:00
240524000,36.54709,26.355818,0.0,191.6,108.0,0.0,5,1780300564,MSSIS,0,MYKONOS I,7104336,SY6646,0.0,0.0,5.0,GR JTY,70,1900-01-01 00:00:00
538008015,8.102371,97.13317,11.5,145.2,148.0,-0.4017626,0,1780300564,MSSIS,0,OCEAN CONQUEROR,9750490,V7BJ7,0.0,0.0,13.5,CHINA,70,1900-01-01 00:00:00
232051499,7.824085,98.357605,0.6,223.2,223.0,0.0,15,1780300564,MSSIS,0,MY TRIGGER,0,,0.0,0.0,0.0,,0,1900-01-01 00:00:00
413517080,15.280421,119.56353,9.8,349.5,349.0,0.0,0,1780300565,MSSIS,0,YIN HE,9654206,BPOM,0.0,0.0,10.9,CJK,70,1900-01-01 00:00:00
268250703,43.50825,-1.4911066,0.0,3.0,351.0,0.0,5,1780300565,MSSIS,0,FUNGY GUARD VESSEL,8003450,T7CU2,0.0,0.0,4.1,BAYONNE,56,1900-01-01 00:00:00
238469540,43.727516,15.89823,0.0,360.0,511.0,-731.3865,5,1780300565,MSSIS,0,BADIJA,8034966,9A2258,0.0,0.0,3.2,SIBENIK,70,1900-01-01 00:00:00
276827000,58.22294,24.108341,8.5,71.4,74.0,0.0,0,1780300565,MSSIS,0,KIHNU VIRVE,9753129,ESJZ,0.0,0.0,2.7,EE MANILAIU,69,1900-01-01 00:00:00
440224430,34.605484,128.83098,8.7,286.5,511.0,-731.3865,0,1780300565,MSSIS,0,15 DAON,0,3,0.0,0.0,0.0,,30,1900-01-01 00:00:00
265706350,58.13813,11.832432,0.0,358.9,12.0,0.0,0,1780300565,MSSIS,0,SATURNUS,0,SKXI,0.0,0.0,4.5,SVANESUND,60,1900-01-01 00:00:00
305561000,51.25878,4.23767,0.0,128.7,208.0,0.0,5,1780300565,MSSIS,0,O7 ALSACE,9511648,V2QD7,0.0,0.0,4.7,BEANR,70,1900-01-01 00:00:00
205336190,51.228508,3.2225583,0.0,82.5,511.0,-731.3865,15,1780300565,MSSIS,0,COLIMETALS,0,OT3361,0.0,0.0,0.0,,70,1900-01-01 00:00:00
244730368,51.44499,4.01551,0.0,360.0,511.0,-731.3865,5,1780300565,MSSIS,0,CONNEMARA,0,PB9419,0.0,0.0,1.6,TERNEUZEN BRAAKMANHA,80,1900-01-01 00:00:00
205230390,51.26141,4.368335,0.0,360.0,511.0,-731.3865,5,1780300565,MSSIS,0,SANTOS,0,OT2303,0.0,0.0,1.4,4E HAVENDOK,80,1900-01-01 00:00:00
238975610,45.149128,13.599486,0.0,0.0,511.0,-731.3865,7,1780300565,MSSIS,0,SISOL,0,9A8516,0.0,0.0,0.0,,30,1900-01-01 00:00:00
244050235,51.18993,4.671408,7.5,287.8,286.0,0.0,0,1780300565,MSSIS,0,ROMA,0,PD5420,0.0,0.0,0.0,ZUTENDAAL,79,1900-01-01 00:00:00
271073392,20.893446,-17.038916,5.9,137.7,511.0,-731.3865,15,1780300565,MSSIS,0,TURK YILMAZ 1,9906506,TCA5779,0.0,0.0,0.0,,30,1900-01-01 00:00:00
257025120,62.231186,5.4925785,0.0,360.0,338.0,0.0,8,1780300565,MSSIS,0,FOSNA AMON,0,LH2038,0.0,0.0,2.0,TLF45865874,70,1900-01-01 00:00:00
267131607,44.119606,28.644438,0.1,183.5,511.0,-731.3865,1,1780300565,MSSIS,0,SATURN,0,OMPG,0.0,0.0,2.4,KONSTANTA,70,1900-01-01 00:00:00
244860453,52.960915,4.7711334,0.0,360.0,511.0,-731.3865,8,1780300565,MSSIS,0,LIARHOLM,0,PB9749,0.0,0.0,2.1,DEN HELDER,37,1900-01-01 00:00:00
241847000,39.58957,20.005474,16.9,123.7,126.0,0.0,0,1780300565,MSSIS,0,IONIAN EXPRESS,9178692,SVCW5,0.0,0.0,5.0,CORFUIGUMENITSA,60,1900-01-01 00:00:00
244710739,51.961075,4.0757785,8.9,316.4,511.0,-731.3865,0,1780300565,MSSIS,0,DRAGA,0,PB8813,0.0,0.0,0.0,OOSTERHOUT,79,1900-01-01 00:00:00
316035905,45.91487,-83.22189,0.0,277.4,226.0,0.0,5,1780300565,MSSIS,0,ALGOMA INNOVATOR,9773375,VDAS,0.0,0.0,6.5,MELDRUM BAY,70,1900-01-01 00:00:00
368542000,40.664967,-74.01611,0.0,276.3,191.0,0.0,0,1780300565,MSSIS,0,NEPTUNE,8860406,WCT5064,0.0,0.0,3.7,US0Y36,31,1900-01-01 00:00:00
244181389,51.769142,4.62626,8.8,183.3,184.0,0.0,0,1780300565,MSSIS,0,LOUISE,0,PC5957,0.0,0.0,1.0,ETTEN LEUR  SYNBRA,80,1900-01-01 00:00:00
319315000,18.335278,-64.92244,0.1,253.7,252.0,0.0,5,1780300565,MSSIS,0,TE MANU,1006269,ZCRJ6,0.0,0.0,3.1,VI STT,37,1900-01-01 00:00:00
275524000,37.3156,-0.91326165,10.9,228.0,230.0,0.0,0,1780300565,MSSIS,0,PERSEUS,9129469,YLRO,0.0,0.0,7.3,ESALG,70,1900-01-01 00:00:00
367458050,30.663729,-88.02322,0.0,289.1,277.0,0.0,12,1780300565,MSSIS,0,TOM HUCKABEE,0,WDF4986,0.0,0.0,2.8,US0FMC,50,1900-01-01 00:00:00
219024191,64.1716,-51.72383,0.0,360.0,25.0,0.044640288,5,1780300565,MSSIS,0,MIRA,0,OUCC,0.0,0.0,3.5,UNKNOWN,37,1900-01-01 00:00:00
244660697,52.642902,6.079127,0.0,360.0,511.0,-731.3865,5,1780300565,MSSIS,0,DADAN,0,PD3315,0.0,0.0,1.5,ZWARTSLUIS,79,1900-01-01 00:00:00
440315930,35.04737,129.10641,9.7,254.1,511.0,-731.3865,15,1780300565,MSSIS,0,31YUNO,0,SSD,0.0,0.0,0.0,,0,1900-01-01 00:00:00
338009000,27.84696,-96.87851,0.0,33.3,157.0,-0.7142446,1,1780300565,MSSIS,0,GREEN BAY,9339818,WDI3177,0.0,0.0,8.2,USCRP,70,1900-01-01 00:00:00
371355000,30.657328,-88.03243,0.0,294.0,181.0,0.0,5,1780300565,MSSIS,0,AQUAGRACE,9764087,3EOP3,0.0,0.0,14.6,USMOB,70,1900-01-01 00:00:00
367482910,34.38154,-90.63019,0.0,283.5,511.0,-731.3865,0,1780300565,MSSIS,0,JOE CLAY DAVIS,0,WDM6555,0.0,0.0,2.5,FRIARS POINT,31,1900-01-01 00:00:00
630001278,36.250435,-12.83398,10.4,273.5,276.0,0.0,0,1780300565,MSSIS,0,AYMAR GALACTIC,9330630,J5BF3,0.0,0.0,11.9,ALTAMIRA,70,1900-01-01 00:00:00
271002569,33.6764,-7.631755,0.2,218.3,304.0,0.0,1,1780300565,MSSIS,0,ULUSOY9,9498884,TCTC7,0.0,0.0,4.9,MACAS,70,1900-01-01 00:00:00
241373000,32.55553,-10.287615,10.7,44.5,39.0,0.0,0,1780300565,MSSIS,0,SCARABE,9712967,SVCE2,0.0,0.0,11.2,EG DAM,70,1900-01-01 00:00:00
538008272,24.990635,56.857418,0.0,360.0,32.0,0.0,1,1780300565,MSSIS,0,ANDIAMO,9512757,V7A2175,0.0,0.0,7.4,OMSOH,80,1900-01-01 00:00:00
248792000,17.279013,57.334053,10.2,48.3,47.0,0.0,0,1780300565,MSSIS,0,ATLANTIS ANTAO,9316012,9HA2517,0.0,0.0,7.1,KHORFAKKAN,80,1900-01-01 00:00:00
239658000,37.21445,24.91805,35.4,125.0,126.0,0.0,0,1780300565,MSSIS,0,HYPERSPEED JET 4,9216183,SWJD,0.0,0.0,0.0,PNKAKNPP,40,1900-01-01 00:00:00
271050337,36.334145,22.442696,10.3,88.7,85.0,0.0,0,1780300565,MSSIS,0,CUMHURIYET,9817298,TCA7064,0.0,0.0,5.0,GRAGT,80,1900-01-01 00:00:00
224371660,39.454967,2.738225,0.6,360.0,511.0,0.0,15,1780300565,MSSIS,0,,0,EC2613,0.0,0.0,0.0,,37,1900-01-01 00:00:00
316052523,45.496727,-74.15894,0.0,198.6,106.0,0.0,15,1780300565,MSSIS,0,,0,,0.0,0.0,0.0,,37,1900-01-01 00:00:00
219030764,56.20542,10.434765,0.1,6.8,511.0,0.0,15,1780300565,MSSIS,0,PEACE OF MIND,0,,0.0,0.0,0.0,,0,1900-01-01 00:00:00
265902450,58.30388,11.696495,0.0,360.0,511.0,0.0,15,1780300565,MSSIS,0,,0,VARV,0.0,0.0,0.0,,37,1900-01-01 00:00:00
319205600,32.289272,-64.79334,0.0,179.6,92.0,0.0,5,1780300566,MSSIS,0,MY VANISH,9855329,ZGOE7,0.0,0.0,3.5,BM SGE,37,1900-01-01 00:00:00
265068660,56.23156,12.488597,4.9,169.3,511.0,0.0,15,1780300565,MSSIS,0,,0,SG7651,0.0,0.0,0.0,,37,1900-01-01 00:00:00
205337590,51.314175,4.319185,0.0,157.0,333.0,0.0,0,1780300566,MSSIS,0,TUG 91,6504223,OT3375,0.0,0.0,0.0,THUIS,52,1900-01-01 00:00:00
244130216,51.50166,4.18923,0.0,0.0,291.0,0.0,0,1780300566,MSSIS,0,AURORA,0,PC8529,0.0,0.0,0.2,ONBEKEND,99,1900-01-01 00:00:00
305024300,51.27265,3.8363667,0.0,78.2,198.0,0.0,5,1780300566,MSSIS,0,RIVER TRADER,8813051,V2B2024,0.0,0.0,2.3,NLTNZ,70,1900-01-01 00:00:00
219022389,55.76052,12.603508,0.0,154.6,104.0,0.0,5,1780300566,MSSIS,0,POSEIDON,9778698,OWER,0.0,0.0,2.0,SKOVSHOVED,37,1900-01-01 00:00:00
265588460,59.405773,18.092596,0.0,360.0,511.0,0.0,15,1780300565,MSSIS,0,,0,SHQD,0.0,0.0,0.0,,37,1900-01-01 00:00:00
218058660,55.491535,9.4914,0.0,285.7,65.0,0.0,5,1780300566,MSSIS,0,KLARA,9115896,DJFP,0.0,0.0,2.8,LTKLJ,70,1900-01-01 00:00:00
316028327,49.29426,-123.132034,0.0,360.0,511.0,0.0,15,1780300565,MSSIS,0,OHANA 2089,0,,0.0,0.0,0.0,,0,1900-01-01 00:00:00
620800673,41.373997,19.420519,0.0,231.1,242.0,0.0,5,1780300566,MSSIS,0,OMAYA,8408648,D6A4273,0.0,0.0,8.3,DURRES,70,1900-01-01 00:00:00
246836000,53.91346,14.2723465,0.0,43.0,251.0,0.0,5,1780300566,MSSIS,0,GEO FOCUS,9628855,PCOS,0.0,0.0,2.2,PLSWI,99,1900-01-01 00:00:00
265570130,57.891586,11.683893,0.0,13.9,511.0,0.0,15,1780300565,MSSIS,0,ANNELI,0,,0.0,0.0,0.0,,0,1900-01-01 00:00:00
249176000,53.96823,-6.0246468,0.1,102.0,192.0,0.0,1,1780300566,MSSIS,0,POWER,9506215,9HA6144,0.0,0.0,4.8,GBHEY,79,1900-01-01 00:00:00
338398832,38.972374,-76.485725,0.1,157.3,169.0,0.0,15,1780300565,MSSIS,0,,0,,0.0,0.0,0.0,,37,1900-01-01 00:00:00
265000060,56.048004,12.686463,0.0,360.0,511.0,0.0,15,1780300565,MSSIS,0,,0,SE7201,0.0,0.0,0.0,,37,1900-01-01 00:00:00
224562350,35.897842,-5.32222,0.4,285.3,511.0,-731.3865,0,1780300566,MSSIS,0,PRACTICO QUINTO,0,,0.0,0.0,0.0,,50,1900-01-01 00:00:00
368392470,27.510818,-82.557396,0.0,360.0,511.0,0.0,15,1780300565,MSSIS,0,ONEMOORE,0,,0.0,0.0,0.0,,0,1900-01-01 00:00:00
227450790,43.586155,7.1257715,0.0,18.1,511.0,0.0,15,1780300565,MSSIS,0,,0,FAD9788,0.0,0.0,0.0,,37,1900-01-01 00:00:00
636025065,59.800774,28.403109,0.0,359.5,55.0,0.0,1,1780300566,MSSIS,0,STAR CHALLENGER,9632997,5LVQ4,0.0,0.0,12.9,ESLPA,70,1900-01-01 00:00:00
338470013,44.844944,-87.55764,0.0,360.0,511.0,0.0,15,1780300565,MSSIS,0,BOOMERANG,0,,0.0,0.0,0.0,,0,1900-01-01 00:00:00
209056000,36.939835,2.58632,12.1,257.0,257.0,0.0,0,1780300566,MSSIS,0,MSC NORDIC F,9448671,5BUB4,0.0,0.0,6.8,PTSIE,70,1900-01-01 00:00:00
215176000,41.307365,2.1473835,0.0,0.0,216.0,0.0,5,1780300566,MSSIS,0,GABRIEL A,9300659,9HA4995,0.0,0.0,6.9,ESBCN,70,1900-01-01 00:00:00
227163870,47.262,-2.3553216,0.3,140.8,511.0,0.0,15,1780300565,MSSIS,0,,0,FAA8580,0.0,0.0,0.0,,36,1900-01-01 00:00:00
316001941,43.70463,-66.054634,0.0,0.0,511.0,0.0,15,1780300565,MSSIS,0,,0,,0.0,0.0,0.0,,37,1900-01-01 00:00:00
258116320,59.047005,5.671692,0.0,45.3,511.0,0.0,15,1780300565,MSSIS,0,HUSKESTUA,0,,0.0,0.0,0.0,,0,1900-01-01 00:00:00
440654000,35.096245,129.04749,0.0,103.1,511.0,-731.3865,0,1780300566,MSSIS,0,303 ORYONG,8610643,HLHJ,0.0,0.0,4.0,BUSAN KOREA,30,1900-01-01 00:00:00
367148190,29.680666,-93.48084,3.0,84.9,511.0,0.0,15,1780300565,MSSIS,0,,0,WDP9282,0.0,0.0,0.0,,30,1900-01-01 00:00:00
422036600,24.449028,66.572975,0.5,328.0,249.0,0.0,1,1780300566,MSSIS,0,MAHNAM,9213387,EPBW7,0.0,0.0,7.2,KARACHI OPL ACHORAGE,79,1900-01-01 00:00:00
244660586,52.49645,6.0580983,7.4,160.7,511.0,-731.3865,0,1780300566,MSSIS,0,ICHTHUS,0,PC3190,0.0,0.0,1.0,NOEPIE,89,1900-01-01 00:00:00
224083730,36.98822,-6.8073783,4.2,73.6,511.0,-731.3865,7,1780300566,MSSIS,0,CARRYMAR PRIMERO,0,EA6559,0.0,0.0,0.0,,30,1900-01-01 00:00:00
257064490,57.720345,10.6036,0.0,22.4,142.0,0.0,0,1780300566,MSSIS,0,RAV,9816816,LFSW,0.0,0.0,7.7,SKAGEN DK,30,1900-01-01 00:00:00
219026489,54.885582,13.970493,0.2,102.0,201.0,0.0,0,1780300566,MSSIS,0,TERRAL,9896012,OYFO2,0.0,0.0,2.5,GV8 GUARDING AREA,40,1900-01-01 00:00:00
263365000,41.183315,-8.6985235,0.0,360.0,511.0,-731.3865,15,1780300566,MSSIS,0,CLAUDIO MANUEL,0,CUBX8,0.0,0.0,0.0,,30,1900-01-01 00:00:00
224163640,36.88007,-7.0379715,1.8,302.7,511.0,-731.3865,7,1780300566,MSSIS,0,NARCISA Y ANTONIO,0,EA8339,0.0,0.0,3.0,ISLACRISTINA,30,1900-01-01 00:00:00
338174777,33.975582,-118.45073,0.1,79.4,511.0,0.0,15,1780300565,MSSIS,0,,0,,0.0,0.0,0.0,,36,1900-01-01 00:00:00
620999533,24.529837,66.96824,7.6,299.2,297.0,-720.00323,0,1780300566,MSSIS,0,MAYA GAS 1,9172753,D6A3534,0.0,0.0,3.8,AE KLF,80,1900-01-01 00:00:00
338521938,36.84425,-76.29292,0.0,360.0,120.0,0.0,15,1780300565,MSSIS,0,,0,,0.0,0.0,0.0,,37,1900-01-01 00:00:00
525601612,-2.0954916,104.93326,0.0,311.0,511.0,-731.3865,15,1780300566,MSSIS,0,LEO TRANS 7,1044613,YDHB3,0.0,0.0,0.0,,30,1900-01-01 00:00:00
567002531,7.8550215,98.57197,14.1,311.2,311.0,0.0,15,1780300565,MSSIS,0,,0,HSB7658,0.0,0.0,0.0,,60,1900-01-01 00:00:00
368415050,30.079239,-93.72382,6.4,168.3,163.0,-720.00323,12,1780300566,MSSIS,0,DONNY MUDGETT,0,WDQ3248,0.0,0.0,2.7,HOUMA LA,57,1900-01-01 00:00:00
219012378,38.668476,20.798843,0.2,220.9,511.0,0.0,15,1780300565,MSSIS,0,,0,XPD9149,0.0,0.0,0.0,,37,1900-01-01 00:00:00
265631420,59.391525,18.720083,8.1,351.4,351.0,0.0,15,1780300566,MSSIS,0,GRIM,0,SBLY,0.0,0.0,0.0,STAVSNAES,99,1900-01-01 00:00:00
357224000,49.22735,-0.29276165,0.1,183.0,51.0,0.0,5,1780300566,MSSIS,0,IBRAHIM KONAN,9306328,HOKB,0.0,0.0,6.9,FRCFR,70,1900-01-01 00:00:00
503068280,-38.313866,145.00467,0.0,334.0,511.0,0.0,15,1780300566,MSSIS,0,CARPE DIEM,0,,0.0,0.0,0.0,,0,1900-01-01 00:00:00
244670185,53.014214,5.626415,0.0,360.0,511.0,-731.3865,0,1780300566,MSSIS,0,SUDWESTER,0,PB5141,0.0,0.0,1.2,STAVEREN,37,1900-01-01 00:00:00
308803000,50.89979,-1.4145533,0.0,43.2,297.0,0.0,5,1780300566,MSSIS,0,DANUBE HIGHWAY,9316309,C6VH4,0.0,0.0,6.7,EMDEN,70,1900-01-01 00:00:00
367705820,42.370506,-71.05768,0.0,0.0,511.0,0.0,15,1780300566,MSSIS,0,,0,WDI5168,0.0,0.0,0.0,,37,1900-01-01 00:00:00
211215050,40.618862,0.60319835,0.0,321.6,511.0,0.0,15,1780300566,MSSIS,0,MARLEY,0,,0.0,0.0,0.0,,0,1900-01-01 00:00:00
226013390,49.207302,-0.3136,0.0,360.0,511.0,-731.3865,0,1780300566,MSSIS,0,NOVICE,0,FM7359,0.0,0.0,1.6,,0,1900-01-01 00:00:00
211897210,36.2529,-5.015,6.3,224.8,511.0,0.0,15,1780300566,MSSIS,0,MOANA,0,,0.0,0.0,0.0,,0,1900-01-01 00:00:00
244150566,52.460297,4.6626782,6.3,114.1,511.0,-731.3865,0,1780300566,MSSIS,0,LYNX,9804045,PCNA,0.0,0.0,4.5,IJMUIDEN,52,1900-01-01 00:00:00
232015855,36.35665,-5.229007,0.0,360.0,511.0,0.0,15,1780300566,MSSIS,0,,0,MDES5,0.0,0.0,0.0,,36,1900-01-01 00:00:00
228156880,44.485367,-7.7461534,6.9,13.9,511.0,0.0,15,1780300566,MSSIS,0,,0,FAK2301,0.0,0.0,0.0,,36,1900-01-01 00:00:00
261182616,52.473595,13.494862,0.0,360.0,511.0,-731.3865,5,1780300566,MSSIS,0,BM5245,0,SR2616,0.0,0.0,0.9,BRAUNSWEIG,79,1900-01-01 00:00:00
251445440,65.87872,-24.93766,0.1,270.9,511.0,0.0,15,1780300566,MSSIS,0,,0,6947,0.0,0.0,0.0,,30,1900-01-01 00:00:00
240098600,37.96538,23.5302,0.0,324.3,511.0,-731.3865,0,1780300566,MSSIS,0,PROTOPOROS XIV,9848974,SVA8269,0.0,0.0,2.0,PALOUKIA  PERAMA,60,1900-01-01 00:00:00
338239827,41.699467,-71.17406,0.0,197.4,511.0,0.0,15,1780300566,MSSIS,0,,0,,0.0,0.0,0.0,,37,1900-01-01 00:00:00
251465740,64.246284,-22.412043,0.2,116.0,511.0,0.0,15,1780300566,MSSIS,0,,0,2321,0.0,0.0,0.0,,30,1900-01-01 00:00:00
338532427,40.67685,-73.3377,0.0,270.0,95.0,0.0,15,1780300566,MSSIS,0,,0,,0.0,0.0,0.0,,37,1900-01-01 00:00:00
316001749,49.18104,-123.18367,1.3,360.0,138.0,0.0,0,1780300566,MSSIS,0,SIYAY,0,CFN6563,0.0,0.0,0.0,R,51,1900-01-01 00:00:00
338348669,38.95483,-74.90067,0.0,313.3,288.0,0.0,15,1780300566,MSSIS,0,NASTY HABIT,0,,0.0,0.0,0.0,,0,1900-01-01 00:00:00
219033940,56.12611,12.309723,0.0,360.0,511.0,0.0,15,1780300566,MSSIS,0,,0,XPI5062,0.0,0.0,0.0,,37,1900-01-01 00:00:00
368127980,26.089231,-80.1179,1.2,172.5,511.0,-731.3865,0,1780300566,MSSIS,0,EILEEN MCALLISTER,9903592,WDL4089,0.0,0.0,5.3,PORT EVERGLADES,52,1900-01-01 00:00:00
265563090,59.40303,18.36614,0.0,360.0,290.0,0.0,15,1780300566,MSSIS,0,,0,SFB9083,0.0,0.0,0.0,,60,1900-01-01 00:00:00
227185530,37.65197,-25.540483,3.4,131.9,511.0,0.0,15,1780300566,MSSIS,0,,0,FAB2696,0.0,0.0,0.0,,36,1900-01-01 00:00:00
244757000,51.975277,4.081665,0.4,189.0,218.0,720.00323,0,1780300566,MSSIS,0,RPA 16,0,PBHM,0.0,0.0,0.0,,99,1900-01-01 00:00:00
367735690,29.198832,-93.109245,7.7,83.6,511.0,-731.3865,0,1780300566,MSSIS,0,FRANCIS VU,0,WDI8145,0.0,0.0,4.0,,30,1900-01-01 00:00:00
338434833,37.90752,-122.38354,0.0,360.0,511.0,0.0,15,1780300566,MSSIS,0,,0,,0.0,0.0,0.0,,36,1900-01-01 00:00:00
265010770,59.43158,18.464125,4.7,92.4,511.0,0.0,15,1780300566,MSSIS,0,,0,SF8999,0.0,0.0,0.0,,36,1900-01-01 00:00:00
368454420,29.951178,-90.015045,0.1,29.4,511.0,0.0,15,1780300566,MSSIS,0,,0,,0.0,0.0,0.0,,50,1900-01-01 00:00:00
431009017,34.703415,135.40425,0.0,38.6,207.0,0.0,0,1780300566,MSSIS,0,SINSUZUKA,9788758,JD4131,0.0,0.0,3.4,JP AMX,80,1900-01-01 00:00:00
367440310,57.78808,-152.39992,0.0,360.0,511.0,0.0,15,1780300566,MSSIS,0,,0,WDF3473,0.0,0.0,0.0,,30,1900-01-01 00:00:00
338492818,33.983192,-118.4474,0.0,0.0,0.0,0.0,15,1780300566,MSSIS,0,,0,,0.0,0.0,0.0,,36,1900-01-01 00:00:00
368248960,26.092884,-80.12327,0.0,259.8,89.0,0.0,5,1780300566,MSSIS,0,ANNA ROSE,9269702,WDM9041,0.0,0.0,6.9,US0SJ20EDB,57,1900-01-01 00:00:00
338218842,48.75415,-122.50418,0.1,360.0,511.0,0.0,15,1780300566,MSSIS,0,,0,,0.0,0.0,0.0,,37,1900-01-01 00:00:00
636025216,24.565493,-79.837494,19.2,60.5,61.0,0.0,0,1780300566,MSSIS,0,AL GALAYEL,9986104,5LWJ5,0.0,0.0,11.1,EU FOR ORDERS,80,1900-01-01 00:00:00
260500099,68.98632,17.22128,0.1,105.4,511.0,0.0,15,1780300566,MSSIS,0,,0,,0.0,0.0,0.0,,0,1900-01-01 00:00:00
316014550,48.25712,-123.55838,8.3,249.7,260.0,0.0,0,1780300566,MSSIS,0,CDN WARSHIP 432,4702527,CGBH,0.0,0.0,5.8,PORTLAND,35,1900-01-01 00:00:00
368149880,42.368298,-70.97377,0.0,360.0,511.0,0.0,15,1780300566,MSSIS,0,,0,WDL6352,0.0,0.0,0.0,,37,1900-01-01 00:00:00
316054009,48.684246,-123.40455,0.0,360.0,244.0,0.0,15,1780300566,MSSIS,0,,0,CFA4315,0.0,0.0,0.0,,60,1900-01-01 00:00:00
316057431,48.68475,-123.40663,0.0,179.9,511.0,0.0,15,1780300566,MSSIS,0,,0,,0.0,0.0,0.0,,37,1900-01-01 00:00:00