mmsi,latitude,longitude,sog,cog,true_heading,rate_of_turn,navigation_status,updated,source,classb_flag,ship_name,imo,callsign,length,width,draught,destination,type_and_cargo,eta
205522000,34.547127,129.9216,0.3,27.8,179.0,0.0,0,2026-06-03 20:00:03.000000,MSSIS,False,ATREBATES,1029869,ONMU,0.0,0.0,20.0,JPNIX,80,none
257333700,59.205746,10.951175,0.0,360.0,511.0,-731.3865,5,2026-06-03 20:00:03.000000,MSSIS,False,NY VIGRA III,0,LHVV,0.0,0.0,2.0,FREDRIKSTAD,69,none
566187000,5.5297933,0.043275,0.0,110.5,239.0,0.0,1,2026-06-03 20:00:03.000000,MSSIS,False,MAERSK CAPE TOWN,9525352,9V9558,0.0,0.0,14.4,ES ALGGH TEM,74,none
229341000,43.707764,7.335845,0.0,360.0,511.0,-731.3865,5,2026-06-03 20:00:03.000000,MSSIS,False,FAVOURITE MISTAKE,8539198,9HB8304,0.0,0.0,1.4,ANTIBES,37,none
255806327,51.209618,2.0142,12.0,57.4,60.0,0.0,0,2026-06-03 20:00:03.000000,MSSIS,False,WEC VAN RUYSDAEL,9287792,CQAZ8,0.0,0.0,7.8,BEANR,70,none
265049010,59.31551,18.650698,0.0,360.0,511.0,0.0,15,2026-06-03 20:00:03.000000,MSSIS,False,TUTTO BENE,0,,0.0,0.0,0.0,,0,none
319564000,43.736725,7.423967,0.0,222.1,174.0,0.0,5,2026-06-03 20:00:03.000000,MSSIS,False,ASYA,1012440,ZGEO6,0.0,0.0,2.9,MONACO,37,none
205517990,51.2556,4.37774,0.0,360.0,511.0,-731.3865,5,2026-06-03 20:00:03.000000,MSSIS,False,TRAFUCO 6,0,OT5179,0.0,0.0,2.3,,89,none
229000469,44.416843,8.840273,0.0,360.0,511.0,48.613274,0,2026-06-03 20:00:03.000000,MSSIS,False,INVADER,0,9HB6371,0.0,0.0,4.5,GENOVA,36,none
538001657,39.76554,0.233915,12.7,42.7,46.0,0.0,0,2026-06-03 20:00:03.000000,MSSIS,False,SUNBELT SPIRIT,9233246,V7DK4,0.0,0.0,9.0,ESBCN,70,none
367612310,36.91738,-75.28472,0.4,269.0,90.0,0.0,0,2026-06-03 20:00:03.000000,MSSIS,False,HOS BLACK FOOT,9647693,WDH3920,0.0,0.0,5.4,CVOW,70,none
303636000,45.799797,-124.61771,10.2,112.5,124.0,720.00323,0,2026-06-03 20:00:03.000000,MSSIS,False,MARK I,7215654,WDC4939,0.0,0.0,4.0,FISHING,30,none
316029207,49.253483,-68.13298,0.0,321.3,43.0,0.0,0,2026-06-03 20:00:03.000000,MSSIS,False,LANSE DU MOULIN,8668248,,0.0,0.0,5.3,BAIECOMEAU,39,none
367531220,48.048386,-124.79552,6.8,343.8,511.0,-731.3865,8,2026-06-03 20:00:03.000000,MSSIS,False,WATCHMAN,0,WDG3938,0.0,0.0,0.0,NAKNEK,99,none
232020036,48.65309,-2.8143384,7.1,337.2,333.0,0.0,15,2026-06-03 20:00:03.000000,MSSIS,False,,0,MEOC8,0.0,0.0,0.0,,36,none
352005871,47.174812,-125.00608,12.5,301.8,301.0,0.0,0,2026-06-03 20:00:03.000000,MSSIS,False,CORAL HALO,1057086,3E9049,0.0,0.0,11.7,KRYOS,70,none
232003440,43.08209,6.158322,0.1,275.1,511.0,0.0,15,2026-06-03 20:00:03.000000,MSSIS,False,,0,MACS6,0.0,0.0,0.0,,37,none
205560990,51.100876,3.703445,6.9,231.0,511.0,-731.3865,0,2026-06-03 20:00:04.000000,MSSIS,False,NOVANDI,0,OT5609,0.0,0.0,2.6,GENT TERMINAL,20,none
227427440,46.143654,-1.16452,0.0,121.6,511.0,0.0,15,2026-06-03 20:00:03.000000,MSSIS,False,,0,FAD7606,0.0,0.0,0.0,,36,none
232064992,39.331726,2.9897683,0.2,248.6,511.0,0.0,15,2026-06-03 20:00:03.000000,MSSIS,False,NEXT CHAPTER,0,,0.0,0.0,0.0,,0,none
205346030,39.554523,2.6257584,0.0,360.0,511.0,0.0,15,2026-06-03 20:00:03.000000,MSSIS,False,GORDITA,0,,0.0,0.0,0.0,,0,none
338418482,42.301456,-71.029305,0.0,360.0,511.0,0.0,15,2026-06-03 20:00:03.000000,MSSIS,False,,0,,0.0,0.0,0.0,,37,none
251579440,65.32592,-22.357956,2.3,334.2,511.0,0.0,15,2026-06-03 20:00:03.000000,MSSIS,False,,0,6283,0.0,0.0,0.0,,30,none
251146240,65.599,-24.006191,0.1,360.0,213.0,0.0,15,2026-06-03 20:00:03.000000,MSSIS,False,BYLGJA,0,,0.0,0.0,0.0,,0,none
251188240,66.071465,-22.934383,0.5,327.5,511.0,0.0,15,2026-06-03 20:00:03.000000,MSSIS,False,,0,7589,0.0,0.0,0.0,,30,none
316028806,54.427216,-130.30861,25.7,154.9,511.0,0.0,15,2026-06-03 20:00:03.000000,MSSIS,False,,0,,0.0,0.0,0.0,,60,none
316042719,44.416706,-64.29465,1.3,355.2,511.0,0.0,15,2026-06-03 20:00:03.000000,MSSIS,False,,0,,0.0,0.0,0.0,,31,none
271043211,40.892017,29.12892,9.2,359.4,511.0,-731.3865,0,2026-06-03 20:00:03.000000,MSSIS,False,HACI MAKSUT KAPTAN,0,,0.0,0.0,0.0,,0,none
316031058,46.316086,-58.890594,7.6,250.6,511.0,0.0,15,2026-06-03 20:00:03.000000,MSSIS,False,,0,,0.0,0.0,0.0,,30,none
316051062,54.114143,-132.29504,1.7,261.0,511.0,0.0,15,2026-06-03 20:00:03.000000,MSSIS,False,,0,NADEN V,0.0,0.0,0.0,,30,none
352005096,6.817375,-58.16775,0.0,200.6,511.0,-731.3865,0,2026-06-03 20:00:03.000000,MSSIS,False,HTGI II,9060467,SSD,0.0,0.0,0.0,GEORGETOWNGUY,70,none
250000994,53.4082,-6.0691586,0.2,360.0,511.0,-731.3865,0,2026-06-03 20:00:03.000000,MSSIS,False,ADAM PATRICIA,0,EIBX8,0.0,0.0,1.3,IEHOW,60,none
316022945,49.26799,-124.04607,6.7,293.2,511.0,0.0,15,2026-06-03 20:00:03.000000,MSSIS,False,,0,,0.0,0.0,0.0,,36,none
235090537,36.663727,23.539528,10.1,224.2,224.0,0.0,0,2026-06-03 20:00:03.000000,MSSIS,False,TIMBERLAND,9204790,2FEI7,0.0,0.0,9.8,DEBRE,70,none
241906000,35.492867,24.078278,8.0,294.4,289.0,-720.00323,5,2026-06-03 20:00:03.000000,MSSIS,False,IRAKLIS,9376206,SVB4904,0.0,0.0,6.0,SOUDA,52,none
355456000,-23.834934,151.63203,0.3,39.7,318.0,0.0,1,2026-06-03 20:00:03.000000,MSSIS,False,KEN SPIRIT,9538971,HPPW,0.0,0.0,7.0,AU GLT,70,none
533000939,-20.153608,57.497868,0.0,244.5,511.0,0.0,15,2026-06-03 20:00:06.000000,MSSIS,False,,0,9M3877,0.0,0.0,0.0,,30,none
227425860,16.125496,-61.217537,5.9,47.3,511.0,0.0,15,2026-06-03 20:00:06.000000,MSSIS,False,,0,FS5208,0.0,0.0,0.0,,36,none
265795990,57.885605,11.585285,0.0,360.0,252.0,0.0,0,2026-06-03 20:00:06.000000,MSSIS,False,POLIS 593740,0,7SA2821,0.0,0.0,0.0,,55,none
265045290,58.780735,11.220975,0.0,360.0,511.0,-731.3865,5,2026-06-03 20:00:06.000000,MSSIS,False,PARLAN,0,SFE4141,0.0,0.0,0.0,,37,none
338461164,47.99681,-122.224396,3.9,195.9,197.0,0.0,15,2026-06-03 20:00:06.000000,MSSIS,False,,0,WDB6089,0.0,0.0,0.0,,37,none
225320000,36.52494,-6.2575717,0.1,216.2,342.0,2.187374,5,2026-06-03 20:00:06.000000,MSSIS,False,COSTA ATLANTICA,9534925,EBSC,0.0,0.0,3.0,ESCAD,33,none
268254104,14.43032,-60.88861,0.6,177.4,233.0,0.0,15,2026-06-03 20:00:06.000000,MSSIS,False,,0,T7DK7,0.0,0.0,0.0,,36,none
548057400,6.904275,122.0481,0.2,281.4,511.0,-731.3865,0,2026-06-03 20:00:06.000000,MSSIS,False,ALESON CON CARRIER14,8717893,DUJ2293,0.0,0.0,5.8,ZAMBOANGA,70,none
314001024,23.493332,36.654625,11.4,148.6,148.0,0.0,0,2026-06-03 20:00:06.000000,MSSIS,False,AMIRA DIANA,9467574,8P2556,0.0,0.0,10.2,MY PKG,70,none
227550000,5.2904334,-4.0149117,0.0,213.6,291.0,0.0,5,2026-06-03 20:00:06.000000,MSSIS,False,FV GUERIDEN,8912998,FGQC,0.0,0.0,7.0,ABIDJAN,30,none
319942000,44.13403,8.27045,0.0,43.0,24.0,0.0,5,2026-06-03 20:00:06.000000,MSSIS,False,LA MIRAGE,1009431,ZCTK7,0.0,0.0,3.5,LOANO,37,none
316039164,49.297867,-123.02796,0.6,231.4,511.0,0.0,15,2026-06-03 20:00:06.000000,MSSIS,False,,0,,0.0,0.0,0.0,,37,none
319112000,43.541836,10.296614,0.2,16.8,358.0,0.0,5,2026-06-03 20:00:06.000000,MSSIS,False,RENEGADE,8928492,ZCMF9,0.0,0.0,2.5,LIVORNO,37,none
211258950,53.364822,5.2237816,0.1,156.9,511.0,0.0,15,2026-06-03 20:00:06.000000,MSSIS,False,,0,DA 2480,0.0,0.0,0.0,,36,none
211318180,53.55711,8.168005,0.0,147.3,157.0,0.0,0,2026-06-03 20:00:06.000000,MSSIS,False,VB BERNE,8500422,DDOB,0.0,0.0,4.5,WILHELMSHAVEN,52,none
319261300,18.149916,-63.02788,10.5,240.0,237.0,0.0,0,2026-06-03 20:00:06.000000,MSSIS,False,LASATA,9906659,ZGQE4,0.0,0.0,3.4,GI GIB,37,none
329017580,16.2216,-61.52958,0.0,97.5,511.0,0.0,15,2026-06-03 20:00:06.000000,MSSIS,False,LORRAINE III,0,,0.0,0.0,0.0,,0,none
563171700,16.047993,-63.1869,16.1,102.7,106.0,0.0,0,2026-06-03 20:00:06.000000,MSSIS,False,EXHIBITIONIST,9900849,9V6624,0.0,0.0,8.4,CNZPU,80,none
710000819,17.897224,-62.8501,0.1,360.0,238.0,720.00323,1,2026-06-03 20:00:06.000000,MSSIS,False,RAFFAELLA II,1169023,PR2590,0.0,0.0,2.1,ST BARTHS,37,none
236653000,33.838398,12.037705,2.2,61.4,70.0,0.0,0,2026-06-03 20:00:06.000000,MSSIS,False,BOS APHRODITE,9552173,ZDOA9,0.0,0.0,4.7,AL JURF OF,90,none
227252330,14.595485,-61.04223,0.1,331.4,511.0,0.0,15,2026-06-03 20:00:06.000000,MSSIS,False,,0,FAB9025,0.0,0.0,0.0,,36,none
219010747,55.675995,11.100695,0.0,341.2,196.0,0.0,5,2026-06-03 20:00:06.000000,MSSIS,False,VICTOR,8985543,OXBW2,0.0,0.0,1.2,KALUNDBORG,38,none
247299200,44.41123,8.920094,0.0,330.7,511.0,-731.3865,11,2026-06-03 20:00:06.000000,MSSIS,False,NORVEGIA,9584255,IJAQ2,0.0,0.0,5.4,IT GOA,52,none
347023210,14.463647,-60.872288,3.1,360.0,511.0,0.0,15,2026-06-03 20:00:06.000000,MSSIS,False,FANCY,0,,0.0,0.0,0.0,,0,none
316011411,17.075068,-61.895973,0.3,39.0,511.0,0.0,15,2026-06-03 20:00:06.000000,MSSIS,False,,0,CFJ8225,0.0,0.0,0.0,,37,none
338415638,33.84746,-118.39764,0.0,360.0,511.0,0.0,15,2026-06-03 20:00:06.000000,MSSIS,False,,0,,0.0,0.0,0.0,,37,none
227629210,41.919483,8.742574,0.1,307.2,511.0,0.0,15,2026-06-03 20:00:06.000000,MSSIS,False,,0,FGE3486,0.0,0.0,0.0,,36,none
211870930,54.172787,12.139992,0.0,0.0,0.0,0.0,15,2026-06-03 20:00:06.000000,MSSIS,False,CARLA,0,,0.0,0.0,0.0,,0,none
250300094,44.078175,-1.5051733,1.2,237.0,511.0,0.0,15,2026-06-03 20:00:06.000000,MSSIS,False,,0,62,0.0,0.0,0.0,,30,none
228491700,42.707134,3.02654,0.0,360.0,511.0,0.0,15,2026-06-03 20:00:06.000000,MSSIS,False,,0,FOLY,0.0,0.0,0.0,,36,none
368215830,37.838116,-122.3099,0.1,360.0,511.0,0.0,15,2026-06-03 20:00:06.000000,MSSIS,False,,0,WDM5426,0.0,0.0,0.0,,36,none
228240880,42.618134,3.03696,0.0,360.0,511.0,0.0,15,2026-06-03 20:00:06.000000,MSSIS,False,FLY ME TO,0,,0.0,0.0,0.0,,0,none
244780453,52.425495,4.8358417,0.0,360.0,511.0,-731.3865,15,2026-06-03 20:00:06.000000,MSSIS,False,ACTIEF,0,PF8400,0.0,0.0,1.2,ZAANDAM,89,none
338484825,47.628372,-122.39454,0.0,360.0,511.0,0.0,15,2026-06-03 20:00:06.000000,MSSIS,False,,0,,0.0,0.0,0.0,,37,none
228118940,49.646446,-1.6226916,0.0,360.0,511.0,0.0,15,2026-06-03 20:00:06.000000,MSSIS,False,,0,FT2684,0.0,0.0,0.0,,36,none
316041123,49.425568,-64.61107,4.9,314.1,318.0,0.0,0,2026-06-03 20:00:06.000000,MSSIS,False,CCGS JACQUES CARTIER,9781841,CFA3098,0.0,0.0,6.1,CAGPE,51,none
367543070,29.133207,-90.20281,0.0,172.4,162.0,0.17856115,5,2026-06-03 20:00:06.000000,MSSIS,False,WYATT CANDIES,9620097,WWYS,0.0,0.0,5.0,FOURCHON,90,none
316054479,48.67713,-123.41441,0.1,49.4,358.0,0.0,15,2026-06-03 20:00:03.000000,MSSIS,False,BOOGIE WOOGIE,0,,0.0,0.0,0.0,,0,none
374081000,40.648155,17.96205,0.0,349.2,344.0,0.0,5,2026-06-03 20:00:07.000000,MSSIS,False,EUROPEAN STAR,7813949,3EEB6,0.0,0.0,5.4,IT BRD,69,none
352002826,43.537655,28.93165,12.3,0.4,3.0,0.0,0,2026-06-03 20:00:07.000000,MSSIS,False,PIGMI,9470571,3E4613,0.0,0.0,6.5,RO CND,70,none
372990000,37.787933,16.767391,12.5,220.1,220.0,0.0,0,2026-06-03 20:00:07.000000,MSSIS,False,GAZ PROVIDENCE,9448504,3FBR5,0.0,0.0,7.5,DZAZW,84,none
257071110,59.03928,10.262285,0.3,339.8,351.0,0.0,5,2026-06-03 20:00:07.000000,MSSIS,False,ATLAS,0,LH2728,0.0,0.0,2.5,SANDEFJORD,52,none
244057028,52.399433,4.8868017,0.3,256.7,511.0,-731.3865,15,2026-06-03 20:00:07.000000,MSSIS,False,HELLEGAT,0,PF3742,0.0,0.0,0.0,AMSTERDAM,52,none
213788000,41.64995,41.64512,0.1,343.1,511.0,0.0,15,2026-06-03 20:00:07.000000,MSSIS,False,CHERNOMORETS9,0,,0.0,0.0,0.0,,0,none
247388020,44.09596,9.858189,0.0,312.2,511.0,0.0,15,2026-06-03 20:00:07.000000,MSSIS,False,,0,IJ3504,0.0,0.0,0.0,,37,none
244660747,51.897575,4.415322,0.0,360.0,511.0,-731.3865,0,2026-06-03 20:00:07.000000,MSSIS,False,AQUA SHUTTLE,0,PF9128,0.0,0.0,1.5,ROTTERDAM,69,none
251849240,65.59811,-24.00455,0.0,360.0,511.0,0.0,15,2026-06-03 20:00:07.000000,MSSIS,False,,0,7788,0.0,0.0,0.0,,30,none
367172530,48.754112,-122.50582,0.0,19.5,511.0,0.0,15,2026-06-03 20:00:07.000000,MSSIS,False,,0,WDJ5176,0.0,0.0,0.0,,30,none
338434129,47.24815,-122.43167,0.0,360.0,511.0,0.0,15,2026-06-03 20:00:07.000000,MSSIS,False,JOURNEY,0,,0.0,0.0,0.0,,0,none
477372100,4.7435465,-6.61678,0.0,321.2,301.0,0.0,5,2026-06-03 20:00:07.000000,MSSIS,False,BBG FANGCHENG,9847372,VRSS7,0.0,0.0,14.0,SAN PEDRO,70,none
368001280,44.10273,-69.09486,9.2,99.4,99.0,0.0,15,2026-06-03 20:00:07.000000,MSSIS,False,,0,WDJ6893,0.0,0.0,0.0,,30,none
211807600,51.534943,4.22856,0.0,18.1,511.0,0.0,15,2026-06-03 20:00:07.000000,MSSIS,False,,0,DD2239,0.0,0.0,0.0,,36,none
265045760,59.402878,18.366976,0.0,34.0,511.0,0.0,15,2026-06-03 20:00:07.000000,MSSIS,False,,0,SBTV,0.0,0.0,0.0,,70,none
538011560,45.578217,13.706054,0.1,78.7,292.0,0.0,1,2026-06-03 20:00:07.000000,MSSIS,False,AICC KUNPENG,1018389,V7A3127,0.0,0.0,8.6,SI KOP,70,none
338427531,33.443478,-118.49853,0.2,360.0,511.0,0.0,15,2026-06-03 20:00:07.000000,MSSIS,False,LOVELY DAY,0,,0.0,0.0,0.0,,0,none
352005107,21.456654,39.088123,0.0,30.2,511.0,-731.3865,1,2026-06-03 20:00:07.000000,MSSIS,False,NIXIN 86,1104487,3E8285,0.0,0.0,4.4,JEDDAH,70,none
235053182,59.39156,18.34658,0.0,360.0,511.0,-731.3865,5,2026-06-03 20:00:07.000000,MSSIS,False,LILIAN,0,SCOW,0.0,0.0,1.8,VAXHOLM,99,none
368183430,29.941565,-89.9982,0.0,360.0,511.0,0.0,15,2026-06-03 20:00:07.000000,MSSIS,False,,0,WDL9921,0.0,0.0,0.0,,60,none
440300120,35.120766,129.0495,0.0,180.6,99.0,0.0,1,2026-06-03 20:00:07.000000,MSSIS,False,MT BK25,0,240026,0.0,0.0,0.0,,80,none
269114560,36.6156,-6.3540635,0.0,360.0,511.0,0.0,15,2026-06-03 20:00:07.000000,MSSIS,False,,0,HBY5503,0.0,0.0,0.0,,37,none
235068058,41.929363,8.7427635,0.1,360.0,511.0,0.0,15,2026-06-03 20:00:07.000000,MSSIS,False,SEAZEN II,0,,0.0,0.0,0.0,,0,none
205718430,40.147335,-8.860164,0.0,360.0,511.0,0.0,15,2026-06-03 20:00:07.000000,MSSIS,False,LIBENTINA,0,,0.0,0.0,0.0,,0,none
225997368,38.75663,1.43191,0.1,360.0,511.0,0.0,15,2026-06-03 20:00:07.000000,MSSIS,False,,0,EA8920,0.0,0.0,0.0,,36,none
265631940,58.548702,14.506521,0.0,0.0,511.0,0.0,15,2026-06-03 20:00:07.000000,MSSIS,False,,0,SCJK,0.0,0.0,0.0,,37,none
249000291,38.97658,1.30099,0.0,1.2,511.0,0.0,15,2026-06-03 20:00:07.000000,MSSIS,False,,0,944691,0.0,0.0,0.0,,37,none
224262570,39.460995,-0.32153332,2.2,90.8,511.0,0.0,15,2026-06-03 20:00:07.000000,MSSIS,False,,0,,0.0,0.0,0.0,,37,none
775998222,25.934507,-80.14917,0.0,345.2,345.0,0.0,15,2026-06-03 20:00:07.000000,MSSIS,False,SAND CONTROL,0,,0.0,0.0,0.0,,0,none
211727610,52.945568,5.404885,0.0,6.3,511.0,0.0,15,2026-06-03 20:00:07.000000,MSSIS,False,HAJO,0,,0.0,0.0,0.0,,0,none
367653620,25.765951,-80.146675,0.2,116.6,344.0,0.0,0,2026-06-03 20:00:07.000000,MSSIS,False,PAYTON GRACE MORAN,9778337,WDH7992,0.0,0.0,5.0,MIAMI,52,none
261002065,54.825306,18.701845,8.8,259.1,256.0,-720.00323,0,2026-06-03 20:00:07.000000,MSSIS,False,BALTIC SURVEYOR,8747109,SNOF,0.0,0.0,2.3,PLWLA,99,none
368211650,32.726353,-117.18937,0.0,360.0,511.0,0.0,15,2026-06-03 20:00:07.000000,MSSIS,False,,0,WDM5003,0.0,0.0,0.0,,36,none
244077768,53.365158,5.223605,0.1,101.8,511.0,0.0,15,2026-06-03 20:00:07.000000,MSSIS,False,,0,PI8946,0.0,0.0,0.0,,37,none
244001127,52.767204,5.1010566,0.0,360.0,511.0,0.0,15,2026-06-03 20:00:07.000000,MSSIS,False,HIGHLIGHT,0,,0.0,0.0,0.0,,0,none
258128170,59.819344,10.48015,0.0,0.0,511.0,0.0,15,2026-06-03 20:00:07.000000,MSSIS,False,ALLEBELLEBATA,0,,0.0,0.0,0.0,,0,none
316028783,48.421726,-123.36982,0.1,360.0,511.0,0.0,15,2026-06-03 20:00:07.000000,MSSIS,False,,0,CFN6764,0.0,0.0,0.0,,37,none
224095660,38.624603,0.111845,9.9,272.4,511.0,-731.3865,7,2026-06-03 20:00:04.000000,MSSIS,False,PENYAL DIFAC,0,EA4266,0.0,0.0,0.0,,30,none
316001562,50.038338,-125.24456,0.0,0.0,511.0,0.0,15,2026-06-03 20:00:03.000000,MSSIS,False,DISCOVERY HUNTRESS,0,,0.0,0.0,0.0,,0,none
235090339,54.633434,11.3772135,6.4,41.6,41.0,0.0,3,2026-06-03 20:00:04.000000,MSSIS,False,MENA C OF RHU,9636125,2FDG5,0.0,0.0,3.2,DKROD,52,none
338137487,35.840714,-75.62005,0.0,170.2,511.0,0.0,15,2026-06-03 20:00:03.000000,MSSIS,False,,0,,0.0,0.0,0.0,,0,none
368922000,32.84989,-79.938515,0.0,0.0,55.0,0.0,5,2026-06-03 20:00:04.000000,MSSIS,False,CAPE DUCATO,7208297,WMHF,0.0,0.0,6.7,,75,none
367178280,26.343199,-80.07262,0.0,360.0,511.0,0.0,15,2026-06-03 20:00:03.000000,MSSIS,False,REEL MAGIC,0,,0.0,0.0,0.0,,0,none
538009741,28.503914,-13.150715,11.1,214.8,210.0,0.4017626,0,2026-06-03 20:00:04.000000,MSSIS,False,MARLIN SOMERSET,9835850,V7A5105,0.0,0.0,9.5,ESALGEGINA,80,none
368299120,26.096827,-80.16444,0.0,360.0,270.0,0.0,15,2026-06-03 20:00:03.000000,MSSIS,False,TAKE 5,0,,0.0,0.0,0.0,,0,none
368107220,47.75623,-122.26008,0.1,174.7,511.0,0.0,15,2026-06-03 20:00:03.000000,MSSIS,False,,0,WDK9850,0.0,0.0,0.0,,37,none
225994881,41.35814,2.1752784,0.9,336.0,332.0,2.8569784,0,2026-06-03 20:00:04.000000,MSSIS,False,ANTARES BCN PILOT,0,,0.0,0.0,1.5,BARCELONA,50,none
338129877,38.972015,-76.48859,0.0,324.5,511.0,0.0,15,2026-06-03 20:00:03.000000,MSSIS,False,WORKING LATE,0,,0.0,0.0,0.0,,0,none
367633750,29.418999,-92.52099,2.8,87.1,511.0,0.0,15,2026-06-03 20:00:03.000000,MSSIS,False,,0,WDI7045,0.0,0.0,0.0,,30,none
316041691,49.29468,-123.09213,2.7,245.0,250.0,0.0,0,2026-06-03 20:00:04.000000,MSSIS,False,TRIDENT WARRIOR,0,CFA3419,0.0,0.0,0.1,COASTAL TOW,0,none
368465480,26.721418,-80.04335,0.0,92.4,511.0,0.0,15,2026-06-03 20:00:03.000000,MSSIS,False,,0,WDQ8803,0.0,0.0,0.0,,37,none
368332520,48.107002,-122.77579,0.0,0.0,235.0,0.0,15,2026-06-03 20:00:03.000000,MSSIS,False,PARADIGM LOST,0,,0.0,0.0,0.0,,0,none
367704130,47.539738,-122.50298,0.1,51.6,511.0,0.0,15,2026-06-03 20:00:03.000000,MSSIS,False,,0,WDI4998,0.0,0.0,0.0,,37,none
261199000,54.38102,18.661968,0.0,360.0,511.0,-731.3865,5,2026-06-03 20:00:04.000000,MSSIS,False,ECOMAL,8026440,SQLT,0.0,0.0,3.6,PL GDN,70,none
316041149,37.303936,-76.455,0.0,360.0,511.0,0.0,15,2026-06-03 20:00:03.000000,MSSIS,False,MERIDA 1,0,,0.0,0.0,0.0,,0,none
586706492,68.03309,10.156241,0.5,1.4,511.0,0.0,15,2026-06-03 20:00:03.000000,MSSIS,False,,0,,0.0,0.0,0.0,,0,none
503649600,-32.06629,115.746376,0.0,23.7,511.0,0.0,15,2026-06-03 20:00:03.000000,MSSIS,False,,0,,0.0,0.0,0.0,,36,none
256001581,37.45104,25.327097,0.5,360.0,511.0,0.0,15,2026-06-03 20:00:03.000000,MSSIS,False,UNY II,0,,0.0,0.0,0.0,,0,none
265509310,57.239998,12.112783,0.0,360.0,134.0,0.0,5,2026-06-03 20:00:04.000000,MSSIS,False,HEROS AF LANDSKRONA,0,SBNU,0.0,0.0,3.8,BUAHAMN,52,none
503186250,-27.208307,153.09438,0.1,360.0,511.0,0.0,15,2026-06-03 20:00:03.000000,MSSIS,False,,0,PAIKEA,0.0,0.0,0.0,,37,none
227925160,43.5424,7.032903,0.0,360.0,511.0,0.0,15,2026-06-03 20:00:06.000000,MSSIS,False,,0,FAG2974,0.0,0.0,0.0,,37,none
316045466,44.300694,-64.24594,0.1,71.5,511.0,0.0,15,2026-06-03 20:00:06.000000,MSSIS,False,ISLANDER VIII,0,,0.0,0.0,0.0,,0,none
316055898,48.42669,-123.38407,0.0,0.0,41.0,0.0,15,2026-06-03 20:00:06.000000,MSSIS,False,,0,CFA4908,0.0,0.0,0.0,,37,none
244700682,52.397724,4.881985,0.0,313.1,511.0,-731.3865,0,2026-06-03 20:00:06.000000,MSSIS,False,BARTJE 4,0,PG8616,0.0,0.0,2.1,DE KLANT,80,none
338384172,39.13409,-76.44497,0.0,360.0,511.0,0.0,15,2026-06-03 20:00:06.000000,MSSIS,False,LIVING A DREAM,0,,0.0,0.0,0.0,,0,none
377785000,43.736607,7.4260516,0.3,360.0,80.0,0.0,15,2026-06-03 20:00:06.000000,MSSIS,False,DOPO DOMANI,0,,0.0,0.0,0.0,,0,none
431000527,35.390408,139.73149,0.1,259.0,69.0,0.0,1,2026-06-03 20:00:06.000000,MSSIS,False,MAIKO,8738134,JD2630,0.0,0.0,3.6,JP SMZ  XX NNX,70,none
316040046,54.13425,-132.61577,1.2,146.3,511.0,0.0,15,2026-06-03 20:00:06.000000,MSSIS,False,Q 92,0,,0.0,0.0,0.0,,0,none
316048853,51.40579,-127.646545,0.1,360.0,202.0,0.0,15,2026-06-03 20:00:06.000000,MSSIS,False,,0,SHERIFF,0.0,0.0,0.0,,37,none
227555190,37.1318,-6.8319583,0.0,353.6,353.0,0.0,15,2026-06-03 20:00:06.000000,MSSIS,False,LE CHOSE SUR MER,0,,0.0,0.0,0.0,,0,none
636018204,45.575397,-73.50926,0.0,247.3,215.0,0.0,5,2026-06-03 20:00:06.000000,MSSIS,False,MSC GIADA III,9232773,A8HE4,0.0,0.0,10.2,CAMTR,70,none
338239156,33.74925,-118.11344,0.0,360.0,511.0,0.0,15,2026-06-03 20:00:06.000000,MSSIS,False,,0,,0.0,0.0,0.0,,37,none
503084180,-26.683899,153.12053,0.0,360.0,511.0,0.0,15,2026-06-03 20:00:05.000000,MSSIS,False,,0,SA012Q,0.0,0.0,0.0,,36,none
319167900,51.379158,-127.66854,0.0,360.0,207.0,0.0,0,2026-06-03 20:00:06.000000,MSSIS,False,MV ATLANTIS,0,ZGIT2,0.0,0.0,2.4,CA VIC,37,none
567111265,11.33705,99.71186,0.8,302.6,511.0,0.0,15,2026-06-03 20:00:05.000000,MSSIS,False,,0,1234567,0.0,0.0,0.0,,30,none
257995000,63.75801,8.82949,0.0,97.4,511.0,0.0,15,2026-06-03 20:00:05.000000,MSSIS,False,GREEN SEA SERVICE,0,,0.0,0.0,0.0,,0,none
316041623,47.559166,-55.923832,0.0,204.5,271.0,0.0,5,2026-06-03 20:00:06.000000,MSSIS,False,KC COMMANDER,9267259,VCA2944,0.0,0.0,3.2,ROSS ISLAND,70,none
244650802,51.815918,4.5630665,8.6,327.4,334.0,720.00323,0,2026-06-03 20:00:06.000000,MSSIS,False,NIVOMA,0,PD2421,0.0,0.0,1.2,ORSOY,99,none
316007789,50.591846,-127.087395,0.0,172.6,269.0,0.0,5,2026-06-03 20:00:06.000000,MSSIS,False,SANDERLING,0,,0.0,0.0,3.0,PT MCNEIL,30,none
232052110,53.559223,6.74836,0.0,227.0,290.0,0.0,0,2026-06-03 20:00:06.000000,MSSIS,False,FARRA MAEV,1017232,MOOR3,0.0,0.0,1.7,DEBKM,40,none
316005660,46.577442,-52.52564,1.6,33.1,511.0,-731.3865,15,2026-06-03 20:00:06.000000,MSSIS,False,TRACYS PRIDE,0,,0.0,0.0,0.0,,30,none
244830882,52.377613,4.9123034,0.1,83.1,511.0,-731.3865,0,2026-06-03 20:00:06.000000,MSSIS,False,CORNELIS SCHUYT,0,PI9837,0.0,0.0,1.2,,69,none
367153070,33.719017,-118.23338,12.0,49.8,43.0,-720.00323,12,2026-06-03 20:00:06.000000,MSSIS,False,MIKIONA,9415583,WDD5057,0.0,0.0,4.6,LA 187,31,none
305172000,51.045826,2.3652084,0.0,0.0,271.0,0.044640288,5,2026-06-03 20:00:06.000000,MSSIS,False,COE LUISA,9435026,V2DC9,0.0,0.0,4.4,FRDKK,70,none
211494230,51.97048,5.01792,7.8,312.8,315.0,720.00323,0,2026-06-03 20:00:06.000000,MSSIS,False,RITA,0,DC7710,0.0,0.0,0.0,,80,none
244710956,51.804497,5.3590784,7.8,68.0,511.0,-731.3865,0,2026-06-03 20:00:06.000000,MSSIS,False,AMARENTIA,0,PD9943,0.0,0.0,0.0,NLROZ0116QDOCKX00008,99,none
574005560,1.2451333,103.81357,0.0,161.0,248.0,0.0,1,2026-06-03 20:00:06.000000,MSSIS,False,PVT ORIANA,9444168,XVZO7,0.0,0.0,6.2,SG SIN,89,none
367753860,47.66708,-122.391266,0.0,217.9,511.0,-731.3865,5,2026-06-03 20:00:06.000000,MSSIS,False,SCORPIO,0,WDI9956,0.0,0.0,3.1,SEATTLE,37,none
244710863,52.218723,4.5569067,0.0,360.0,511.0,-731.3865,15,2026-06-03 20:00:06.000000,MSSIS,False,IJSTROOM,0,PC7150,0.0,0.0,1.1,,37,none
367331330,37.82847,-76.27867,0.0,286.4,511.0,-731.3865,0,2026-06-03 20:00:06.000000,MSSIS,False,GP KIMBERLY,0,WCY2043,0.0,0.0,0.0,NORFOLK,30,none
367334290,29.141909,-90.2141,0.0,260.8,161.0,0.0,5,2026-06-03 20:00:06.000000,MSSIS,False,HOS RESOLUTION,9472335,WDE3116,0.0,0.0,3.5,TRIALS,90,none
244112000,51.917313,4.24835,0.0,41.4,511.0,-731.3865,5,2026-06-03 20:00:06.000000,MSSIS,False,SC ROOS,0,PCXP,0.0,0.0,1.7,NL MSL,53,none
563230600,1.437315,103.888214,0.0,101.0,294.0,0.0,5,2026-06-03 20:00:06.000000,MSSIS,False,EVER VAST,9950959,9V7814,0.0,0.0,10.6,CNYYTMYJHR,74,none
211324790,54.31434,10.133812,0.0,341.3,511.0,-731.3865,5,2026-06-03 20:00:06.000000,MSSIS,False,FREYA,0,DJHK,0.0,0.0,2.5,DERBG,60,none
247057000,53.49136,8.496807,0.0,174.4,31.0,0.0,5,2026-06-03 20:00:06.000000,MSSIS,False,TELIRI,9105889,IBBT,0.0,0.0,6.2,DENHA,90,none
563780000,1.222885,103.77429,0.0,360.0,511.0,-731.3865,8,2026-06-03 20:00:06.000000,MSSIS,False,SINDO 12,9140839,9V5175,0.0,0.0,1.5,BUKOMPPFT,60,none
246562000,51.832882,4.9350834,0.0,353.3,511.0,-731.3865,0,2026-06-03 20:00:06.000000,MSSIS,False,LANDTDIEP,0,PBEY,0.0,0.0,1.5,GORICHEM,35,none
338352833,41.943348,-87.636795,0.0,166.0,511.0,0.0,15,2026-06-03 20:00:07.000000,MSSIS,False,,0,,0.0,0.0,0.0,,36,none
368156120,26.08648,-80.18631,0.4,360.0,511.0,0.0,15,2026-06-03 20:00:07.000000,MSSIS,False,LADY M,0,,0.0,0.0,0.0,,0,none
244615853,51.797516,3.93432,0.0,167.5,511.0,0.0,15,2026-06-03 20:00:07.000000,MSSIS,False,,0,PE2703,0.0,0.0,0.0,,36,none
244183912,52.70722,5.31018,4.7,217.1,511.0,0.0,15,2026-06-03 20:00:07.000000,MSSIS,False,DAY BY DAY,0,,0.0,0.0,0.0,,0,none
257374000,60.2364,19.010221,12.3,176.0,174.0,0.0,0,2026-06-03 20:00:07.000000,MSSIS,False,LATANA,9186352,LALS5,0.0,0.0,6.4,NOELN,80,none
271043028,36.369053,19.569136,13.5,271.4,271.0,0.0,0,2026-06-03 20:00:07.000000,MSSIS,False,KAAN KALKAVAN,9365879,TCTX2,0.0,0.0,10.8,USNYC,79,none
440321550,34.286823,128.65022,0.3,186.1,511.0,-731.3865,0,2026-06-03 20:00:07.000000,MSSIS,False,75 DONG KYUNG HO,0,614,0.0,0.0,12.3,,70,none
224479650,37.820515,-0.7564,0.0,360.0,511.0,0.0,15,2026-06-03 20:00:07.000000,MSSIS,False,MOMO,0,,0.0,0.0,0.0,,0,none
244620634,52.40645,4.6690884,0.0,360.0,511.0,0.0,15,2026-06-03 20:00:07.000000,MSSIS,False,,0,PF8784,0.0,0.0,0.0,,37,none
265013030,57.68181,11.645026,0.0,360.0,511.0,0.0,15,2026-06-03 20:00:07.000000,MSSIS,False,BLESSING,0,,0.0,0.0,0.0,,0,none
367670220,41.6329,-70.917625,0.0,280.7,511.0,0.0,15,2026-06-03 20:00:07.000000,MSSIS,False,FV BLUE OCEAN,0,,0.0,0.0,0.0,,0,none
232052940,12.827298,100.904976,0.0,360.0,511.0,0.0,15,2026-06-03 20:00:06.000000,MSSIS,False,,0,MOSN4,0.0,0.0,0.0,,37,none
440217720,34.817005,129.11502,11.7,134.7,511.0,-731.3865,0,2026-06-03 20:00:07.000000,MSSIS,False,PO PA I HO,0,310,0.0,0.0,0.0,,0,none
567982601,11.021626,99.778755,2.1,182.8,511.0,0.0,15,2026-06-03 20:00:06.000000,MSSIS,False,PK  KHUNPHAN  99,0,,0.0,0.0,0.0,,0,none
503125480,-27.506744,153.3569,0.0,360.0,511.0,0.0,15,2026-06-03 20:00:06.000000,MSSIS,False,PERFECTION,0,,0.0,0.0,0.0,,0,none
219015532,55.909973,10.254633,0.0,27.6,511.0,0.0,15,2026-06-03 20:00:08.000000,MSSIS,False,,0,XPE3268,0.0,0.0,0.0,,37,none
224017170,38.04364,-0.413805,1.0,112.0,511.0,-731.3865,3,2026-06-03 20:00:07.000000,MSSIS,False,ANGELA Y PILAR,0,,0.0,0.0,0.0,SAN PEDRO,99,none
219030118,55.506306,9.73771,0.1,360.0,511.0,0.0,15,2026-06-03 20:00:08.000000,MSSIS,False,,0,XPH8534,0.0,0.0,0.0,,37,none
265781620,56.048412,12.686147,0.1,315.1,511.0,0.0,15,2026-06-03 20:00:08.000000,MSSIS,False,,0,SD4664,0.0,0.0,0.0,,37,none
258011000,30.07673,-94.09088,0.0,271.5,97.0,0.0,5,2026-06-03 20:00:07.000000,MSSIS,False,STAR LOFOTEN,9593892,LAQL7,0.0,0.0,12.2,US BPT,70,none
230182640,60.173275,24.965698,0.0,360.0,511.0,0.0,15,2026-06-03 20:00:08.000000,MSSIS,False,,0,OF2859,0.0,0.0,0.0,,36,none
240695400,37.659664,24.312155,0.1,360.0,511.0,0.0,15,2026-06-03 20:00:06.000000,MSSIS,False,MOMMY POMMY,0,,0.0,0.0,0.0,,0,none
312566000,51.910202,4.4982033,0.0,360.0,73.0,0.0,8,2026-06-03 20:00:07.000000,MSSIS,False,THANDEKA,8985816,V3FL,0.0,0.0,3.6,ROTTERDAM,36,none
244650995,51.888515,4.2731233,0.0,339.5,511.0,-731.3865,5,2026-06-03 20:00:07.000000,MSSIS,False,TURBULENT,0,PE6349,0.0,0.0,1.4,PRINSES MARGRIETHAVE,90,none
567002865,12.828095,100.90912,0.0,0.0,511.0,0.0,15,2026-06-03 20:00:07.000000,MSSIS,False,SANONGNUCH,0,,0.0,0.0,0.0,,0,none
245472000,35.922157,-5.3451233,0.1,197.6,293.0,0.0,1,2026-06-03 20:00:07.000000,MSSIS,False,ANTJE K,9198630,PBHS,0.0,0.0,4.1,ESALG,70,none
246415000,55.60035,10.812585,7.3,337.1,341.0,0.0,0,2026-06-03 20:00:07.000000,MSSIS,False,BALTIC WAVE,9969508,PIBV,0.0,0.0,5.0,DKRAN,79,none
647553051,21.537628,59.693237,8.4,24.4,511.0,-731.3865,0,2026-06-03 20:00:07.000000,MSSIS,False,MT SANTORINO,8401406,5RA51,0.0,0.0,5.0,SHINAS,81,none
244710579,52.40071,4.8574333,0.0,278.4,511.0,-731.3865,0,2026-06-03 20:00:07.000000,MSSIS,False,BRAM,0,PI9166,0.0,0.0,2.1,THUISHAVEN,52,none
235071093,36.09716,28.087078,0.0,360.0,511.0,0.0,15,2026-06-03 20:00:07.000000,MSSIS,False,ROSA Z,0,,0.0,0.0,0.0,,0,none
563033500,18.718916,60.248405,11.9,175.5,180.0,1.6070504,0,2026-06-03 20:00:07.000000,MSSIS,False,SIRIUS SKY,9817559,9V5358,0.0,0.0,9.6,MXCOA,70,none
228234150,36.613102,27.8576,0.5,360.0,511.0,0.0,15,2026-06-03 20:00:07.000000,MSSIS,False,SYLOPLUME,0,,0.0,0.0,0.0,,0,none
219001695,55.473743,8.424755,0.0,0.0,152.0,0.0,7,2026-06-03 20:00:07.000000,MSSIS,False,E4 HO BUGT,0,OU7149,0.0,0.0,1.8,ESBJERG,30,none
211210330,52.4712,13.4958515,0.2,27.6,511.0,-731.3865,0,2026-06-03 20:00:07.000000,MSSIS,False,MARINE 1,0,DRVB,0.0,0.0,0.0,BERLIN,99,none
636025397,19.674402,63.682186,11.6,141.3,140.0,0.0,0,2026-06-03 20:00:07.000000,MSSIS,False,SHIRAYUKI,9398084,5LXG3,0.0,0.0,19.9,TW KHH,89,none
503029480,-27.862274,153.33638,0.0,271.5,511.0,0.0,15,2026-06-03 20:00:07.000000,MSSIS,False,FETEACCOMPLIE,0,,0.0,0.0,0.0,,0,none
244690600,53.053467,5.842025,0.0,360.0,511.0,-731.3865,0,2026-06-03 20:00:07.000000,MSSIS,False,FRISIAN QUEEN,0,PE3077,0.0,0.0,1.2,AKKRUM,69,none
233789000,58.07334,11.573872,0.0,0.6,273.0,0.0,5,2026-06-03 20:00:04.000000,MSSIS,False,EYE OF THE WIND,529986400,GWAK,0.0,0.0,2.8,SAILTRAINING,36,none
240125500,36.692623,24.447498,0.2,360.0,511.0,0.0,15,2026-06-03 20:00:03.000000,MSSIS,False,MARGARITA,0,SVA8564,0.0,0.0,0.0,,0,none
215920000,20.5092,-86.95742,0.0,282.9,199.0,0.0,5,2026-06-03 20:00:04.000000,MSSIS,False,MSC SEASHORE,9843792,9HA5370,0.0,0.0,8.6,MXCOM,69,none
636024179,44.00385,29.302732,0.0,263.7,264.0,0.0,3,2026-06-03 20:00:04.000000,MSSIS,False,SPEAR TIDE,9656632,5LRJ6,0.0,0.0,5.8,CASTORONE,90,none
331143000,57.43783,10.553224,0.0,182.2,9.0,0.0,5,2026-06-03 20:00:04.000000,MSSIS,False,POLAR AMAROQ,9266255,OWPN,0.0,0.0,8.0,VHF CH 16,30,none
710019690,-23.0459,-44.27407,8.2,299.3,511.0,0.0,15,2026-06-03 20:00:07.000000,MSSIS,False,BRIZAMAR,0,,0.0,0.0,0.0,,0,none
366693850,26.093634,-80.10738,6.8,270.2,84.0,0.0,0,2026-06-03 20:00:07.000000,MSSIS,False,BROWARD,9123568,WCU2633,0.0,0.0,6.5,PORT EVERGLADES,52,none
254204000,43.788986,7.59938,0.0,54.1,308.0,0.0,15,2026-06-03 20:00:08.000000,MSSIS,False,,0,3AAD,0.0,0.0,0.0,,37,none
367594190,27.63303,-82.5626,0.0,350.9,88.0,0.0,5,2026-06-03 20:00:07.000000,MSSIS,False,TANGIER ISLAND,9665504,WDH2080,0.0,0.0,4.3,PORT MANATEE,57,none
211443580,54.394432,11.117641,0.0,360.0,511.0,0.0,15,2026-06-03 20:00:08.000000,MSSIS,False,LONA,0,,0.0,0.0,0.0,,0,none
226341000,53.33572,7.2002635,0.0,12.6,97.0,0.0,5,2026-06-03 20:00:07.000000,MSSIS,False,WIND OF CHANGE,9823663,FLBW,0.0,0.0,4.9,DE  EME,90,none
316030848,49.458714,-122.876114,6.6,166.0,511.0,0.0,15,2026-06-03 20:00:08.000000,MSSIS,False,SALMO III,0,,0.0,0.0,0.0,,0,none
338203331,37.214485,-76.46605,0.0,298.4,511.0,0.0,15,2026-06-03 20:00:08.000000,MSSIS,False,,0,WDL5063,0.0,0.0,0.0,,37,none
338429597,39.14214,-76.24824,0.0,360.0,511.0,0.0,15,2026-06-03 20:00:08.000000,MSSIS,False,,0,,0.0,0.0,0.0,,37,none
368370750,29.548256,-95.024704,0.0,360.0,511.0,0.0,15,2026-06-03 20:00:08.000000,MSSIS,False,,0,WDQ6535,0.0,0.0,0.0,,37,none
219000771,55.47713,8.404755,13.6,130.0,130.0,0.0,0,2026-06-03 20:00:07.000000,MSSIS,False,DANPILOT  SPAR ES,0,OWIO,0.0,0.0,2.9,ESBJERG,50,none
251477640,65.54148,-13.753652,0.0,360.0,511.0,0.0,15,2026-06-03 20:00:08.000000,MSSIS,False,,0,2374,0.0,0.0,0.0,,30,none
244190171,53.029778,5.673333,0.0,360.0,511.0,0.0,15,2026-06-03 20:00:08.000000,MSSIS,False,,0,PC5234,0.0,0.0,0.0,,37,none
566014000,52.459614,4.096265,0.1,337.2,210.0,0.0,1,2026-06-03 20:00:07.000000,MSSIS,False,SAGAR SAMRAT,9727041,9V3247,0.0,0.0,13.2,NLIJM,70,none
367053370,46.05429,-124.41462,3.9,162.3,511.0,0.0,15,2026-06-03 20:00:08.000000,MSSIS,False,SPIRIT OF AMERICA,0,,0.0,0.0,0.0,,0,none
368251840,39.500202,-74.07663,22.0,44.2,511.0,0.0,15,2026-06-03 20:00:08.000000,MSSIS,False,,0,WDM9347,0.0,0.0,0.0,,37,none
368065230,41.496525,-71.36597,0.2,360.0,511.0,0.0,15,2026-06-03 20:00:08.000000,MSSIS,False,LUCKY,0,,0.0,0.0,0.0,,0,none
368050540,34.725822,-76.66498,0.0,360.0,511.0,0.0,15,2026-06-03 20:00:08.000000,MSSIS,False,,0,WDK3967,0.0,0.0,0.0,,37,none
503702600,-33.85578,151.18918,0.0,317.4,511.0,-731.3865,5,2026-06-03 20:00:07.000000,MSSIS,False,ELWING,9553919,VJN4092,0.0,0.0,5.4,SYDNEY,52,none
224385950,38.97792,1.3004733,0.0,360.0,511.0,0.0,15,2026-06-03 20:00:08.000000,MSSIS,False,,0,,0.0,0.0,0.0,,36,none
261186409,54.389793,18.733183,0.1,360.0,511.0,0.0,15,2026-06-03 20:00:08.000000,MSSIS,False,,0,JARGO,0.0,0.0,0.0,,52,none
367778090,42.25799,-87.82202,0.1,360.0,511.0,-731.3865,5,2026-06-03 20:00:07.000000,MSSIS,False,KRISTIN J,0,WDJ4479,0.0,0.0,0.0,,52,none
378114226,39.56648,2.6429884,102.3,360.0,322.0,0.0,15,2026-06-03 20:00:08.000000,MSSIS,False,,0,ZJL3651,0.0,0.0,0.0,,37,none
244001011,51.236298,6.769025,5.4,155.0,163.0,0.0,0,2026-06-03 20:00:07.000000,MSSIS,False,SOLA FIDE,0,PE5672,0.0,0.0,3.0,WURZBURG,0,none
368446450,27.14896,-80.19309,0.0,360.0,511.0,0.0,15,2026-06-03 20:00:08.000000,MSSIS,False,,0,WDQ6724,0.0,0.0,0.0,,37,none
211890410,43.561596,-6.995332,2.1,8.6,511.0,0.0,15,2026-06-03 20:00:08.000000,MSSIS,False,ATTILA,0,,0.0,0.0,0.0,,0,none
367503920,30.02255,-93.98278,0.0,259.5,511.0,-731.3865,5,2026-06-03 20:00:07.000000,MSSIS,False,BROOKE BANTA,0,WDF9317,0.0,0.0,0.0,HOUSTON,52,none
368249430,26.836702,-80.05753,0.0,201.3,92.0,0.0,5,2026-06-03 20:00:07.000000,MSSIS,False,WELL PLAYED,0,WDM9090,0.0,0.0,1.9,NPBFL,37,none
211188220,53.51335,8.145645,0.0,360.0,511.0,-731.3865,5,2026-06-03 20:00:07.000000,MSSIS,False,JANTJE VON DANGAST,7636951,DNQG,0.0,0.0,1.7,DEWHV,69,none
257054700,59.49077,10.377127,6.8,80.2,82.0,0.0,0,2026-06-03 20:00:07.000000,MSSIS,False,HORTTE,0,LNJN,0.0,0.0,2.6,LANGOYA,60,none
367148850,41.891083,-87.6029,0.0,0.0,511.0,-731.3865,8,2026-06-03 20:00:07.000000,MSSIS,False,SPIRIT OF CHICAGO,0,WDD4773,0.0,0.0,2.0,USCHIUSCHI,60,none
244615506,51.799957,4.6393733,102.3,360.0,26.0,0.0,0,2026-06-03 20:00:07.000000,MSSIS,False,ZUIDHOLLANDZUID,0,PI8977,0.0,0.0,0.0,,99,none
261183530,52.52994,13.199542,0.0,360.0,511.0,-731.3865,0,2026-06-03 20:00:07.000000,MSSIS,False,ZULA 1,0,SR3530,0.0,0.0,1.8,BULSTRUNGEN,0,none
244667197,52.575466,5.869965,0.0,316.2,511.0,-731.3865,15,2026-06-03 20:00:07.000000,MSSIS,False,ALICE,0,PA2619,0.0,0.0,0.0,,96,none
268265501,53.323975,6.92206,0.0,0.0,511.0,-731.3865,15,2026-06-03 20:00:07.000000,MSSIS,False,SOPHIA,0,T7EH6,0.0,0.0,0.0,AMELAND,37,none
246502000,53.44514,6.8233166,0.0,354.2,104.0,0.0,0,2026-06-03 20:00:07.000000,MSSIS,False,GRUNO4,9342669,PHEK,0.0,0.0,3.0,ASSISTANCERIVEREMS,52,none
503000244,-33.86335,151.1827,0.0,114.7,62.0,0.0,0,2026-06-03 20:00:07.000000,MSSIS,False,ENGAGE MAVERICK,1026946,VKAF,0.0,0.0,0.0,AU SYD,52,none
247679000,38.43461,15.027282,34.0,301.7,511.0,-731.3865,5,2026-06-03 20:00:04.000000,MSSIS,False,FIAMMETTA M,8902890,IFJD,0.0,0.0,4.0,ITMIL ITEOL VV,60,none
338402992,33.917717,-78.028366,0.0,360.0,511.0,0.0,15,2026-06-03 20:00:04.000000,MSSIS,False,,0,,0.0,0.0,0.0,,37,none
316047969,44.218628,-66.14403,0.0,360.0,511.0,-731.3865,5,2026-06-03 20:00:04.000000,MSSIS,False,CHEDABUCTO BAY,0,,0.0,0.0,1.8,CLARKS HARBOUR,51,none
316039252,49.32513,-126.04854,0.0,360.0,511.0,-731.3865,15,2026-06-03 20:00:04.000000,MSSIS,False,SALAR,0,NA,0.0,0.0,0.0,,99,none
367796220,41.86345,-87.61245,0.0,16.5,511.0,0.0,15,2026-06-03 20:00:04.000000,MSSIS,False,SONA BELLA,0,,0.0,0.0,0.0,,0,none
338500989,40.543102,-74.13926,0.2,360.0,511.0,0.0,15,2026-06-03 20:00:04.000000,MSSIS,False,TEXAS TEA,0,,0.0,0.0,0.0,,0,none
219029112,55.96382,11.846026,0.0,360.0,9.0,0.0,15,2026-06-03 20:00:04.000000,MSSIS,False,SY CASSIOPEIA,0,,0.0,0.0,0.0,,0,none
338497255,48.609367,-123.15581,0.0,360.0,511.0,0.0,15,2026-06-03 20:00:04.000000,MSSIS,False,,0,,0.0,0.0,0.0,,37,none
225993399,39.560917,-0.28288,0.0,360.0,511.0,0.0,15,2026-06-03 20:00:04.000000,MSSIS,False,,0,,0.0,0.0,0.0,,36,none
232053599,36.13581,-5.3569665,0.1,360.0,511.0,0.0,15,2026-06-03 20:00:04.000000,MSSIS,False,,0,MOVO8,0.0,0.0,0.0,,37,none
248774000,38.91342,1.4456084,0.0,360.0,357.0,0.0,15,2026-06-03 20:00:04.000000,MSSIS,False,,0,9HB5969,0.0,0.0,0.0,,37,none
228159580,36.691803,-2.24856,5.9,126.0,110.0,0.0,15,2026-06-03 20:00:04.000000,MSSIS,False,,0,FAK2582,0.0,0.0,0.0,,37,none
228233610,38.914288,1.4581634,0.1,360.0,511.0,0.0,15,2026-06-03 20:00:04.000000,MSSIS,False,JOY,0,,0.0,0.0,0.0,,0,none
244000233,52.370537,4.8883767,0.0,360.0,511.0,-731.3865,0,2026-06-03 20:00:07.000000,MSSIS,False,WANHOOP,0,PC8220,0.0,0.0,0.0,,99,none
244780634,52.367153,4.895213,0.0,360.0,511.0,-731.3865,0,2026-06-03 20:00:07.000000,MSSIS,False,PRINSES CHRISTINA,0,PG5127,0.0,0.0,0.0,,69,none
255809000,51.89439,4.447055,0.0,200.0,286.0,0.0,0,2026-06-03 20:00:07.000000,MSSIS,False,JSP SAMSOE,9968217,CQUP,0.0,0.0,4.0,NL WAL,79,none
538011921,31.717129,35.999317,0.0,317.5,258.0,-731.3865,8,2026-06-03 20:00:07.000000,MSSIS,False,SAMBA,9310305,V7A3672,0.0,0.0,0.0,LBBEY,80,none
257526000,53.325417,-4.619115,0.1,145.5,24.0,0.0,5,2026-06-03 20:00:06.000000,MSSIS,False,VIKING VELA,9852432,LATY8,0.0,0.0,6.5,PORTSMOUTH,60,none
371383000,5.3672066,100.36479,0.0,4.3,173.0,0.0,5,2026-06-03 20:00:06.000000,MSSIS,False,FJ RUBY,9840881,3FCP2,0.0,0.0,9.8,MYPEN,70,none
567004321,11.798812,100.08707,0.4,115.3,511.0,-731.3865,0,2026-06-03 20:00:06.000000,MSSIS,False,NOKNANNAM 8,0,,0.0,0.0,0.0,,70,none
305820000,39.036903,25.75997,13.4,175.6,177.0,0.0,0,2026-06-03 20:00:06.000000,MSSIS,False,CENTAURUS,9433755,V2ED3,0.0,0.0,0.0,EGPSD,52,none
503157250,-20.625547,116.75026,0.0,155.7,126.0,0.0,5,2026-06-03 20:00:06.000000,MSSIS,False,SVITZER ROWLEY,9965198,VMNB,0.0,0.0,0.0,DAMPIER,52,none
305918000,51.348312,4.2745767,0.0,82.7,291.0,0.0,0,2026-06-03 20:00:08.000000,MSSIS,False,FAIRPLAY23,9148776,V2HV2,0.0,0.0,4.2,BEANR,52,none
211493210,51.342327,4.302747,0.0,360.0,170.0,0.0,0,2026-06-03 20:00:08.000000,MSSIS,False,LENA,0,DC5873,0.0,0.0,0.0,EVDB BEITRETEN JETZT,99,none
265745880,59.326546,18.050814,0.0,360.0,511.0,-731.3865,8,2026-06-03 20:00:08.000000,MSSIS,False,ATLE,0,SDMK,0.0,0.0,2.6,,37,none
219034365,63.105064,20.2868,11.6,13.1,12.0,1.1160072,0,2026-06-03 20:00:08.000000,MSSIS,False,TERN VIK,9988970,OUVU2,0.0,0.0,9.1,FIOUL,89,none
265030790,65.54891,22.237432,0.0,333.0,342.0,-1.1160072,0,2026-06-03 20:00:08.000000,MSSIS,False,PILOT 226 SE,0,SFE4801,0.0,0.0,1.6,LULEA PILOT CH 11,50,none
218809000,59.82067,19.517004,6.2,143.8,146.0,0.0,0,2026-06-03 20:00:08.000000,MSSIS,False,KARL ERIK,7388657,DDHN2,0.0,0.0,5.0,LVVNT,90,none
352005698,59.42573,10.483227,0.0,168.5,147.0,0.0,5,2026-06-03 20:00:08.000000,MSSIS,False,MOBILE VIKING,4544119,HOA4624,0.0,0.0,6.0,SEA TRIAL HORTEN,52,none
273298390,57.930187,20.715326,10.2,205.8,205.0,0.0,0,2026-06-03 20:00:08.000000,MSSIS,False,GEN CHERNYAKHOVSKY,9878929,UBZW5,0.0,0.0,5.9,RU KGD  RU ULU,79,none
265555950,57.24023,17.07674,0.0,171.2,33.0,0.0,0,2026-06-03 20:00:08.000000,MSSIS,False,RESCUE BJORNCHRISTER,0,SCWF,0.0,0.0,0.7,SWEDISH SAR VESSEL,51,none
257458620,62.550632,6.2768435,0.1,276.2,511.0,-731.3865,0,2026-06-03 20:00:06.000000,MSSIS,False,ALNESING,0,LM9256,0.0,0.0,0.0,,30,none
352004064,37.48814,23.887663,0.0,230.9,177.0,0.0,1,2026-06-03 20:00:06.000000,MSSIS,False,VARUNA,9269934,3E7583,0.0,0.0,4.6,GREEU,89,none
271050337,37.90283,23.072836,0.0,208.9,92.0,0.0,1,2026-06-03 20:00:06.000000,MSSIS,False,CUMHURIYET,9817298,TCA7064,0.0,0.0,5.0,GRAGT,80,none
257380500,63.439,10.398876,0.0,20.0,318.0,0.0,5,2026-06-03 20:00:06.000000,MSSIS,False,LOS 098,0,LJGH,0.0,0.0,0.0,TRONDHEIM,50,none
259097000,62.354053,6.0827584,0.0,47.9,63.0,0.0,5,2026-06-03 20:00:06.000000,MSSIS,False,HJORUNDFJORD,9528471,LDKQ,0.0,0.0,3.5,HJORUNGAVAAG,60,none
271041378,37.116753,27.287537,0.0,0.0,511.0,-731.3865,1,2026-06-03 20:00:07.000000,MSSIS,False,DENIZ KIZI A,0,YM6343,0.0,0.0,0.0,,0,none
374873000,34.81909,29.496973,7.8,259.8,511.0,-731.3865,0,2026-06-03 20:00:07.000000,MSSIS,False,SEABEE,8909185,3FWU7,0.0,0.0,0.0,LY BEN,70,none
636023859,36.079025,34.06362,10.9,253.7,256.0,0.0,0,2026-06-03 20:00:07.000000,MSSIS,False,MSC LEVINA III,9330513,5LPT8,0.0,0.0,0.0,ITMSN,71,none
240172900,37.150566,26.79469,7.2,119.6,511.0,-731.3865,5,2026-06-03 20:00:07.000000,MSSIS,False,AMELIA,0,SVA8721,0.0,0.0,0.0,KALAMAKI,37,none
538071653,37.80588,23.811384,0.1,181.3,181.0,0.0,1,2026-06-03 20:00:07.000000,MSSIS,False,AHPO,9855276,V7A5010,0.0,0.0,4.3,GR VLM,37,none
257970700,60.652885,5.4202385,0.0,343.5,511.0,-731.3865,5,2026-06-03 20:00:07.000000,MSSIS,False,VESTVAAG,0,LG3442,0.0,0.0,0.0,,99,none
257045730,70.56415,23.021387,0.0,267.3,12.0,-2.8569784,0,2026-06-03 20:00:07.000000,MSSIS,False,SLETTNES,0,LH2529,0.0,0.0,0.0,HAMNEFJORD,70,none
710010380,-22.384567,-41.76875,0.1,0.8,31.0,2.8569784,5,2026-06-03 20:00:07.000000,MSSIS,False,CBO PACIFICO,9578919,PPVX,0.0,0.0,5.2,PACU,70,none
228707000,43.11955,5.91995,0.0,0.0,511.0,-731.3865,8,2026-06-03 20:00:08.000000,MSSIS,False,TAAPE,0,FATA,0.0,0.0,0.0,TESTDEST,35,none
211768950,50.814545,2.2181034,6.3,344.1,511.0,-731.3865,0,2026-06-03 20:00:08.000000,MSSIS,False,CREDENDO VIDES 3,0,DG9534,0.0,0.0,1.0,OBOURG,79,none
267010091,48.139492,17.11675,0.0,360.0,511.0,-731.3865,15,2026-06-03 20:00:08.000000,MSSIS,False,HARMONIA,0,OMDW,0.0,0.0,1.3,BRATISLAVA,60,none
538011353,19.775702,38.636593,12.6,337.9,339.0,0.0,0,2026-06-03 20:00:08.000000,MSSIS,False,LOULOULIGHT,9594901,V7A7002,0.0,0.0,8.8,SUEZ,80,none
273264690,46.661705,142.66092,0.0,50.1,30.0,0.0,1,2026-06-03 20:00:08.000000,MSSIS,False,PROXIMA,9329655,UAZC2,0.0,0.0,10.4,RUKOR,89,none
247380220,42.8087,10.197875,0.1,360.0,511.0,0.0,15,2026-06-03 20:00:04.000000,MSSIS,False,NISHANE,0,,0.0,0.0,0.0,,0,none
211502380,55.422653,12.824707,4.2,153.4,511.0,0.0,15,2026-06-03 20:00:04.000000,MSSIS,False,,0,DK7227,0.0,0.0,0.0,,36,none
225987868,43.807938,28.584585,0.0,69.6,511.0,0.0,15,2026-06-03 20:00:04.000000,MSSIS,False,,0,,0.0,0.0,0.0,,36,none
265784940,59.424107,18.080387,0.0,360.0,511.0,0.0,15,2026-06-03 20:00:04.000000,MSSIS,False,,0,SF3496,0.0,0.0,0.0,,37,none
316038563,49.83733,-124.53032,0.0,360.0,511.0,0.0,15,2026-06-03 20:00:04.000000,MSSIS,False,ELMA BAY,0,,0.0,0.0,0.0,,0,none
305425000,59.373333,6.0438333,0.0,79.0,6.0,0.0,5,2026-06-03 20:00:03.000000,MSSIS,False,BULKNES,9384370,V2EG6,0.0,0.0,10.8,GBSHS,70,none
353064000,9.025251,-79.621826,0.0,360.0,511.0,-731.3865,0,2026-06-03 20:00:04.000000,MSSIS,False,CERRO CANAJAGUA,9669536,TUGCJ,0.0,0.0,0.0,PANAMA CANAL,52,none
228445800,-8.070118,-34.87424,0.0,100.4,511.0,0.0,15,2026-06-03 20:00:04.000000,MSSIS,False,MORILD,0,,0.0,0.0,0.0,,0,none
533132177,-23.069088,-44.45295,0.0,304.6,203.0,-0.7142446,1,2026-06-03 20:00:04.000000,MSSIS,False,EAGLE CAMPOS,9902225,9M2525,0.0,0.0,9.6,ADR,80,none
503028550,-23.160707,150.7876,0.0,360.0,511.0,0.0,15,2026-06-03 20:00:04.000000,MSSIS,False,,0,VNZ3115,0.0,0.0,0.0,,36,none
264163582,45.470047,28.20527,0.1,194.9,511.0,-731.3865,15,2026-06-03 20:00:04.000000,MSSIS,False,SEA RIVER 4,0,YP3582,0.0,0.0,2.0,GIURGIULESTI,0,none
503083000,-41.04991,145.91412,0.0,59.4,511.0,-731.3865,5,2026-06-03 20:00:04.000000,MSSIS,False,WATAGAN,8511976,VHKA,0.0,0.0,4.5,HOBART,52,none
538011278,-33.87047,121.902405,0.0,209.8,30.0,0.0,5,2026-06-03 20:00:04.000000,MSSIS,False,YASA STAR,1014668,V7A6896,0.0,0.0,7.1,AUEPR,70,none
259503000,59.607426,5.232042,0.0,337.2,222.0,0.0,0,2026-06-03 20:00:04.000000,MSSIS,False,VIKAFJORD,8953722,LJDJ,0.0,0.0,5.5,TLF 91326118,30,none
258019130,68.12515,13.850505,0.0,109.8,184.0,0.0,0,2026-06-03 20:00:04.000000,MSSIS,False,KETO,9912830,LGKP,0.0,0.0,5.0,FISHING,30,none
276864000,59.571243,24.757927,0.0,306.9,326.0,0.0,0,2026-06-03 20:00:05.000000,MSSIS,False,VEGTIND,9111711,ESLX,0.0,0.0,1.5,PATAREIAEGNA,40,none
636015701,36.6593,13.204172,11.6,111.7,108.0,0.0,0,2026-06-03 20:00:05.000000,MSSIS,False,CHRYSANTHI S,9527441,D5CH5,0.0,0.0,12.3,EGPSD,70,none
538071163,43.73518,7.423915,0.0,272.7,75.0,0.0,5,2026-06-03 20:00:05.000000,MSSIS,False,CORAL OCEAN,1004833,V7TI5,0.0,0.0,3.8,IT VEN  MC MON,37,none
255916499,42.55924,9.605507,0.0,4.8,124.0,0.0,1,2026-06-03 20:00:05.000000,MSSIS,False,HERCULES ELISABETH,1045239,CQ2768,0.0,0.0,5.9,FR QUL,80,none
247337300,42.589188,10.09876,0.0,336.4,511.0,-731.3865,15,2026-06-03 20:00:05.000000,MSSIS,False,NETTUNO,0,INJY2,0.0,0.0,2.0,MARINA DI CAMPO,60,none
247342700,42.931866,10.54585,0.0,318.5,511.0,-731.3865,3,2026-06-03 20:00:05.000000,MSSIS,False,LUISA NERI,9695597,IJIT2,0.0,0.0,5.5,PIOMBINO,52,none
220339000,57.861168,10.513333,2.2,79.0,86.0,0.0,0,2026-06-03 20:00:05.000000,MSSIS,False,R 60 TASMANIA,0,OZNK,0.0,0.0,0.0,KEEP CLEAR 03 NM,30,none
235001756,49.456966,-2.4555933,13.2,26.1,511.0,-731.3865,15,2026-06-03 20:00:05.000000,MSSIS,False,TRIDENT V,0,MHVC9,0.0,0.0,1.0,GNSYH,60,none
244870324,51.15554,3.7821016,0.0,303.5,20.0,0.0,0,2026-06-03 20:00:05.000000,MSSIS,False,MULTRATUG 1,9035008,PDCM,0.0,0.0,4.6,HARBOUR TOWAGE,52,none
256002000,23.722267,37.467873,1.9,94.7,49.0,0.0,2,2026-06-03 20:00:05.000000,MSSIS,False,NEWPORT,9966843,9HA5651,0.0,0.0,7.0,SA YNB,70,none
316044221,49.279217,-122.71594,0.0,360.0,511.0,0.0,15,2026-06-03 20:00:05.000000,MSSIS,False,,0,,0.0,0.0,0.0,,37,none
265745570,59.78454,17.626812,0.0,360.0,511.0,-731.3865,0,2026-06-03 20:00:05.000000,MSSIS,False,RESCUE ROLF G,0,7SA2675,0.0,0.0,0.8,SWEDISH SAR VESSEL,51,none
265067490,59.29171,17.816422,0.0,360.0,511.0,0.0,15,2026-06-03 20:00:05.000000,MSSIS,False,,0,SFE5731,0.0,0.0,0.0,,51,none
247373600,42.810654,10.322605,0.0,171.8,301.0,0.0,0,2026-06-03 20:00:05.000000,MSSIS,False,MOBY NIKI,7350090,IBPK,0.0,0.0,4.9,PIOMBK  IT PFE,60,none
244770332,51.89326,4.2285485,0.0,0.0,511.0,-731.3865,0,2026-06-03 20:00:05.000000,MSSIS,False,ADRIAAN,0,PD4492,0.0,0.0,2.1,ROTTERDAM,99,none
366996340,30.070217,-94.04812,0.0,312.5,511.0,-731.3865,0,2026-06-03 20:00:05.000000,MSSIS,False,PALO DURO,0,WDC2680,0.0,0.0,2.9,KIRBY BEAUMONT FLEET,52,none
211884950,51.20183,6.694315,0.0,0.0,511.0,-731.3865,0,2026-06-03 20:00:05.000000,MSSIS,False,AQUARIUS,0,DJ9792,0.0,0.0,0.0,HAMBURG,99,none
369533000,28.188103,-88.50156,0.6,280.4,222.0,0.0,0,2026-06-03 20:00:05.000000,MSSIS,False,LIGHTNING,9690389,WDI2266,0.0,0.0,4.5,MC778 TH HORSE,70,none
316049955,49.327854,-122.947464,0.0,360.0,511.0,0.0,15,2026-06-03 20:00:05.000000,MSSIS,False,,0,GINGER,0.0,0.0,0.0,,36,none
244670076,52.019493,5.1391435,8.3,135.0,134.0,0.0,0,2026-06-03 20:00:05.000000,MSSIS,False,SALVE,0,PH6506,0.0,0.0,1.6,BIRSFELDEN,79,none
245692000,53.40866,6.2092915,0.1,178.4,245.0,0.0,5,2026-06-03 20:00:05.000000,MSSIS,False,GEMINI PILOTS,0,PCGW,0.0,0.0,1.2,LAUWERSOOG,50,none
265754400,59.307587,18.221926,0.0,328.4,511.0,0.0,15,2026-06-03 20:00:05.000000,MSSIS,False,,0,SCEY,0.0,0.0,0.0,,37,none
244161000,51.968666,4.0391665,8.1,289.6,294.0,720.00323,15,2026-06-03 20:00:05.000000,MSSIS,False,VICTORY,0,PBFS,0.0,0.0,0.8,SURVEY OPERATIONS,53,none
270467000,42.68934,9.48499,2.0,90.3,511.0,0.0,15,2026-06-03 20:00:05.000000,MSSIS,False,LA GRACE,0,,0.0,0.0,0.0,,0,none
368045280,46.8107,-90.811714,0.4,345.7,511.0,-731.3865,0,2026-06-03 20:00:05.000000,MSSIS,False,ARCHIPELAGO,0,WDK3440,0.0,0.0,0.0,,69,none
265726710,57.7605,11.800404,0.1,338.4,511.0,0.0,15,2026-06-03 20:00:05.000000,MSSIS,False,,0,7SY2303,0.0,0.0,0.0,,37,none
319321700,26.74891,-80.05065,0.0,360.0,135.0,-686.3891,0,2026-06-03 20:00:05.000000,MSSIS,False,RESOLUTE,0,ZGUV,0.0,0.0,0.0,,99,none
228467600,43.27145,6.6379666,0.0,360.0,325.0,0.0,15,2026-06-03 20:00:05.000000,MSSIS,False,,0,FMZX,0.0,0.0,0.0,,37,none
265530460,58.91932,18.179428,7.1,55.0,62.0,720.00323,0,2026-06-03 20:00:05.000000,MSSIS,False,UTO EXPRESS,8030350,SJYC,0.0,0.0,0.0,NYNASHAMN  ALO,60,none
316050529,49.272163,-123.13126,0.0,360.0,511.0,0.0,15,2026-06-03 20:00:05.000000,MSSIS,False,ELUSIVE,0,,0.0,0.0,0.0,,0,none
211188880,53.535187,9.958565,7.0,124.8,511.0,-731.3865,0,2026-06-03 20:00:05.000000,MSSIS,False,DETTMER SCHUB 124,0,DG2424,0.0,0.0,1.6,HAMBURG,80,none
244750161,43.267475,6.588188,0.0,360.0,511.0,0.0,15,2026-06-03 20:00:05.000000,MSSIS,False,,0,PD8690,0.0,0.0,0.0,,36,none
338205553,47.796116,-122.49918,0.8,0.0,511.0,-731.3865,0,2026-06-03 20:00:05.000000,MSSIS,False,KITSAP MARINE 81,0,MAR81,0.0,0.0,0.8,,51,none
369273000,32.181484,-80.72895,0.0,312.9,511.0,0.0,15,2026-06-03 20:00:05.000000,MSSIS,False,CURSED CHICKEN,0,,0.0,0.0,0.0,,0,none
367341590,42.28085,-83.126755,0.0,352.5,284.0,0.0,12,2026-06-03 20:00:05.000000,MSSIS,False,HANDYONE,1206671,WDL2418,0.0,0.0,3.6,DETROIT,52,none
316039128,49.291214,-123.12687,0.0,249.1,511.0,0.0,15,2026-06-03 20:00:05.000000,MSSIS,False,KOMAGATA,0,,0.0,0.0,0.0,,0,none
265029220,56.093777,15.856955,0.0,325.5,511.0,0.0,15,2026-06-03 20:00:05.000000,MSSIS,False,,0,7SY6368,0.0,0.0,0.0,,37,none
368187510,36.640835,-79.25518,0.0,323.0,511.0,-731.3865,5,2026-06-03 20:00:05.000000,MSSIS,False,SPIRIT OF WASHINGTON,0,WDM2375,0.0,0.0,2.2,WASHINGTON DC,60,none
373176000,46.013397,-122.86034,0.0,221.3,142.0,0.0,1,2026-06-03 20:00:05.000000,MSSIS,False,OCEAN BRIGHT,9643192,3FYJ2,0.0,0.0,6.8,US KAM,70,none
316041881,42.727177,-79.5907,8.9,269.6,511.0,0.0,15,2026-06-03 20:00:05.000000,MSSIS,False,LINCOLNR,0,,0.0,0.0,0.0,,0,none
251847670,64.832634,-13.879455,0.0,314.4,511.0,0.0,15,2026-06-03 20:00:05.000000,MSSIS,False,,0,2888,0.0,0.0,0.0,,30,none
244780914,51.821198,4.763487,0.0,308.9,511.0,-731.3865,0,2026-06-03 20:00:05.000000,MSSIS,False,ROBIENE,0,PF2039,0.0,0.0,0.0,,52,none
225996111,21.28698,-157.84311,0.1,360.0,511.0,0.0,15,2026-06-03 20:00:05.000000,MSSIS,False,,0,EA4603,0.0,0.0,0.0,,36,none
244660875,51.918945,4.5048466,0.0,360.0,511.0,-731.3865,15,2026-06-03 20:00:05.000000,MSSIS,False,DE MAJESTEIT,0,PD2147,0.0,0.0,1.3,ROTTERDAM,60,none
367775970,47.608833,-122.208954,0.0,360.0,511.0,0.0,15,2026-06-03 20:00:05.000000,MSSIS,False,,0,WDJ4621,0.0,0.0,0.0,,37,none
366709000,24.312532,-81.25701,13.3,73.9,75.0,-1.1160072,0,2026-06-03 20:00:05.000000,MSSIS,False,LEGEND,9601792,WDF9316,0.0,0.0,11.5,USJAX,32,none
367702520,29.71215,-94.12595,5.9,230.8,235.0,0.0,0,2026-06-03 20:00:05.000000,MSSIS,False,SAFETY RUNNER,0,WDI4835,0.0,0.0,3.4,US HOU  US HOU,31,none
338387976,47.730896,-122.647095,0.0,360.0,511.0,0.0,15,2026-06-03 20:00:05.000000,MSSIS,False,,0,SV,0.0,0.0,0.0,,37,none
3660489,27.370266,-89.92447,0.0,176.0,0.0,0.0,5,2026-06-03 20:00:05.000000,MSSIS,False,NEPTUNE,745081,WQGV318,0.0,0.0,25.5,STAY CLEAR 2MILES,99,none
251843870,65.91579,-19.707306,10.0,155.9,511.0,0.0,15,2026-06-03 20:00:05.000000,MSSIS,False,MARO,0,,0.0,0.0,0.0,,0,none
338069296,37.256847,-76.48307,0.0,360.0,511.0,0.0,15,2026-06-03 20:00:05.000000,MSSIS,False,MILLER LIGHT,0,,0.0,0.0,0.0,,0,none
211792170,54.183315,12.0989065,0.0,360.0,511.0,0.0,15,2026-06-03 20:00:05.000000,MSSIS,False,,0,DF2833,0.0,0.0,0.0,,36,none
319309800,43.525497,6.94822,0.0,360.0,511.0,0.0,15,2026-06-03 20:00:05.000000,MSSIS,False,NAJIBA 1,0,,0.0,0.0,0.0,,0,none
368162930,37.808884,-122.41779,0.0,256.2,511.0,0.0,15,2026-06-03 20:00:05.000000,MSSIS,False,,0,WDL7730,0.0,0.0,0.0,,30,none
368926567,44.857605,-82.82179,8.2,170.3,171.0,0.0,15,2026-06-03 20:00:05.000000,MSSIS,False,NOAA R4001,0,,0.0,0.0,0.0,,0,none
338539123,40.710606,-74.044876,0.0,360.0,511.0,0.0,15,2026-06-03 20:00:05.000000,MSSIS,False,,0,,0.0,0.0,0.0,,36,none
366778910,25.313765,-80.27945,0.0,360.0,511.0,0.0,15,2026-06-03 20:00:05.000000,MSSIS,False,,0,WDM3451,0.0,0.0,0.0,,37,none
368308020,32.71377,-117.23031,0.0,360.0,511.0,0.0,15,2026-06-03 20:00:05.000000,MSSIS,False,CHEVAL DE MER,0,,0.0,0.0,0.0,,0,none
244133912,53.050514,5.3986235,0.1,360.0,511.0,0.0,15,2026-06-03 20:00:05.000000,MSSIS,False,,0,PH9555,0.0,0.0,0.0,,33,none
232055029,51.50704,-0.07199,0.0,360.0,511.0,0.0,15,2026-06-03 20:00:05.000000,MSSIS,False,ZANDALEE,0,,0.0,0.0,0.0,,0,none
232031149,43.5406,7.030218,0.0,256.5,511.0,0.0,15,2026-06-03 20:00:05.000000,MSSIS,False,TUMA,0,,0.0,0.0,0.0,,0,none
368418910,28.874016,-80.83572,7.1,332.3,331.0,0.0,15,2026-06-03 20:00:05.000000,MSSIS,False,,0,WDQ3666,0.0,0.0,0.0,,37,none
211797060,53.83923,9.401662,0.0,230.9,511.0,-731.3865,5,2026-06-03 20:00:05.000000,MSSIS,False,PRIMUS,0,DIYF,0.0,0.0,2.8,WEWELSFLETH,79,none
440408170,35.017433,129.15732,0.1,128.5,511.0,0.0,15,2026-06-03 20:00:05.000000,MSSIS,False,HEPUNG NO6,0,,0.0,0.0,0.0,,0,none
366785930,47.66736,-122.39312,0.0,273.6,511.0,-731.3865,5,2026-06-03 20:00:05.000000,MSSIS,False,OLMSTED,8984898,WCZ9401,0.0,0.0,4.0,,37,none
431901000,38.415577,141.26727,0.1,58.8,351.0,0.0,5,2026-06-03 20:00:05.000000,MSSIS,False,FUKUICHIMARU NO81,9960071,7KNO,0.0,0.0,0.0,JP YZU,30,none
219000647,55.04237,9.423293,0.0,359.9,269.0,0.0,0,2026-06-03 20:00:05.000000,MSSIS,False,DANPILOT ALDEBARAN,0,XPC5035,0.0,0.0,2.0,PILOTGROUND,90,none
256570000,1.2525617,103.77804,0.6,54.8,108.0,3.6158633,0,2026-06-03 20:00:05.000000,MSSIS,False,SANTA VIOLA,9295373,9HA5885,0.0,0.0,12.7,SGSIN PWBGA,74,none
244092000,53.103477,4.252957,7.9,222.7,220.0,0.0,0,2026-06-03 20:00:05.000000,MSSIS,False,CORAL METHANE,9404584,PHNJ,0.0,0.0,6.1,NLRTM,81,none
244770691,53.216125,6.506455,0.0,0.0,511.0,-731.3865,15,2026-06-03 20:00:05.000000,MSSIS,False,CATHARINA ANNA,0,PG6608,0.0,0.0,0.0,GRONINGEN,0,none
261008856,36.66936,27.502542,0.0,0.0,511.0,-731.3865,1,2026-06-03 20:00:05.000000,MSSIS,False,ELMAS,0,SPA9138,0.0,0.0,0.0,,0,none
232056997,43.81924,7.7864985,0.0,360.0,131.0,0.0,5,2026-06-03 20:00:08.000000,MSSIS,False,AYSE,0,MPWZ2,0.0,0.0,2.0,SANREMO,37,none
211190980,50.556892,7.280015,6.1,173.3,511.0,-731.3865,0,2026-06-03 20:00:08.000000,MSSIS,False,BAVARIA 83,0,DC3792,0.0,0.0,1.2,WEISENAU,70,none
244138526,53.027412,5.731795,0.0,360.0,511.0,-731.3865,5,2026-06-03 20:00:08.000000,MSSIS,False,DE SWEAGEN,0,PI4333,0.0,0.0,0.0,OFINGAWIER,69,none
225381000,47.536167,-4.5966935,1.5,267.3,271.0,720.00323,0,2026-06-03 20:00:08.000000,MSSIS,False,PINO MONTERO 3,9476446,ECMM,0.0,0.0,0.0,,30,none
226011430,48.899895,2.2797384,0.0,360.0,511.0,-731.3865,15,2026-06-03 20:00:08.000000,MSSIS,False,BELENOS,0,FM6889,0.0,0.0,1.2,,33,none
710008390,-22.851814,-43.151844,0.0,302.6,21.0,0.0,1,2026-06-03 20:00:08.000000,MSSIS,False,CAMBASSADOR,9208447,PPQD,0.0,0.0,3.4,PRIO,70,none
525701486,1.2959067,103.75016,0.0,360.0,511.0,-731.3865,15,2026-06-03 20:00:08.000000,MSSIS,False,TELESTO,0,YDKG3,0.0,0.0,2.4,,0,none
244690908,51.3628,6.65637,9.7,32.9,511.0,-731.3865,0,2026-06-03 20:00:08.000000,MSSIS,False,THEODORA,0,PH2207,0.0,0.0,2.6,LOSPLAATS,99,none
352002379,31.71711,35.99936,0.0,360.0,249.0,0.0,5,2026-06-03 20:00:08.000000,MSSIS,False,NACC KINGDOM,9135468,3E2640,0.0,0.0,9.5,HAIFA,79,none
710012520,-22.869934,-43.154633,7.7,1.1,0.0,-5.401475,0,2026-06-03 20:00:08.000000,MSSIS,False,CBO COPACABANA,9578892,PPDD,0.0,0.0,6.1,RIO DE JANEIRO,52,none
244600000,51.886017,4.6192517,0.0,69.1,511.0,-731.3865,15,2026-06-03 20:00:08.000000,MSSIS,False,RAK,9277266,PCJK,0.0,0.0,25.5,,0,none
228409900,25.638317,-115.740746,18.6,308.8,311.0,0.0,0,2026-06-03 20:00:08.000000,MSSIS,False,CMA CGM KIMBERLEY,9894973,FMPR,0.0,0.0,12.4,JPYOK,71,none
368400680,40.80224,-73.83329,9.4,83.2,78.0,0.0,0,2026-06-03 20:00:08.000000,MSSIS,False,MATTHEW G,0,WDP9607,0.0,0.0,2.5,US0Y6W0Y54,52,none
352004228,35.89517,-5.306655,0.0,6.9,99.0,0.0,0,2026-06-03 20:00:08.000000,MSSIS,False,WU ZHOU GLORY,9349473,3E7717,0.0,0.0,6.7,SLFRE,70,none
264900262,44.10009,28.658127,0.0,360.0,511.0,-731.3865,0,2026-06-03 20:00:08.000000,MSSIS,False,BSV IRLANDA,8407723,YQHP,0.0,0.0,4.4,CONSTANTA,52,none
367443920,30.029512,-94.03322,0.0,148.0,176.0,0.0,12,2026-06-03 20:00:08.000000,MSSIS,False,JOHN 316,0,WDF3781,0.0,0.0,3.1,US06TV0QV3,57,none
431600647,35.360542,139.82211,0.0,90.3,40.0,0.0,1,2026-06-03 20:00:08.000000,MSSIS,False,FUKUWAMARU NO5,9152404,JM6537,0.0,0.0,5.1,JP KZU OFF,70,none
341887001,44.093018,28.688967,0.0,326.4,13.0,0.0,5,2026-06-03 20:00:08.000000,MSSIS,False,SMS CARRERA,9140528,V4JJ6,0.0,0.0,10.0,RO CND,70,none
255804240,44.946175,-7.664425,9.0,22.3,14.0,720.00323,0,2026-06-03 20:00:08.000000,MSSIS,False,VENTO,9417361,CQNU,0.0,0.0,6.4,DESTA,80,none
367627460,28.85677,-91.1222,0.0,258.8,511.0,-731.3865,8,2026-06-03 20:00:08.000000,MSSIS,False,BARRACUDA,794277600,WDQ3962,0.0,0.0,4.8,WD29,52,none
273814310,35.053364,129.00163,0.0,263.8,351.0,0.0,5,2026-06-03 20:00:09.000000,MSSIS,False,VLADIMIR STARZHINSKY,8907101,UFEL,0.0,0.0,7.6,,30,none
338337355,43.26785,-76.98627,0.2,360.0,511.0,0.0,15,2026-06-03 20:00:09.000000,MSSIS,False,WINE KNOT,0,,0.0,0.0,0.0,,0,none
225960190,38.170605,-0.48210666,0.3,360.0,511.0,0.0,15,2026-06-03 20:00:09.000000,MSSIS,False,,0,EA5900,0.0,0.0,0.0,,60,none
236112808,36.486015,-4.95217,0.0,360.0,230.0,0.0,15,2026-06-03 20:00:09.000000,MSSIS,False,,0,ZDS09,0.0,0.0,0.0,,36,none
244170843,51.620674,3.688875,1.6,15.2,329.0,-720.00323,0,2026-06-03 20:00:09.000000,MSSIS,False,MERWESTROOM,9840192,PDLA,0.0,0.0,1.8,BUOY LAYING OPPS,55,none
224343940,40.617805,0.59856,0.0,342.2,511.0,0.0,15,2026-06-03 20:00:09.000000,MSSIS,False,,0,,0.0,0.0,0.0,,30,none
227963890,40.145187,-8.8850565,2.7,159.4,511.0,0.0,15,2026-06-03 20:00:09.000000,MSSIS,False,DUENDE,0,,0.0,0.0,0.0,,0,none
572916220,5.2658467,-4.0379434,0.0,263.7,187.0,0.0,1,2026-06-03 20:00:09.000000,MSSIS,False,ASTRO AURORA,9639842,T2JR6,0.0,0.0,6.0,ABIDJAN,92,none
563182800,41.15196,-8.8024435,5.2,172.4,174.0,0.0,0,2026-06-03 20:00:09.000000,MSSIS,False,EA NODDY,9937488,9V8653,0.0,0.0,9.5,PTLEI,70,none
211211840,54.73118,13.32148,11.8,90.9,91.0,0.0,0,2026-06-03 20:00:09.000000,MSSIS,False,FGS RHOEN A1443,0,DRKM,0.0,0.0,5.7,,35,none
253399000,14.67829,-17.429739,0.1,193.5,199.0,0.0,0,2026-06-03 20:00:08.000000,MSSIS,False,DN204,9559200,LXDW,0.0,0.0,0.0,,90,none
538072426,36.83827,30.607018,0.0,0.0,511.0,-731.3865,1,2026-06-03 20:00:08.000000,MSSIS,False,RAFTER,9922380,V7A3246,0.0,0.0,0.0,SEATRIAL,37,none
503071860,-27.454348,153.18883,0.0,213.2,511.0,0.0,15,2026-06-03 20:00:08.000000,MSSIS,False,,0,JN603Q,0.0,0.0,0.0,,37,none
567222222,11.321805,99.74193,0.8,170.3,511.0,0.0,15,2026-06-03 20:00:08.000000,MSSIS,False,,0,,0.0,0.0,0.0,,70,none
232019168,-24.760128,152.38809,0.0,360.0,511.0,0.0,15,2026-06-03 20:00:08.000000,MSSIS,False,,0,MEGP5,0.0,0.0,0.0,,36,none
271047481,37.00142,27.254822,0.0,0.0,511.0,-731.3865,1,2026-06-03 20:00:08.000000,MSSIS,False,PAPI 3,0,,0.0,0.0,0.0,,0,none
244000175,52.58266,5.829808,2.6,86.0,511.0,0.0,15,2026-06-03 20:00:09.000000,MSSIS,False,,0,PG5621,0.0,0.0,0.0,,36,none
205360190,51.310406,4.322338,0.0,37.3,340.0,0.0,5,2026-06-03 20:00:06.000000,MSSIS,False,TUG 21,0,OT3601,0.0,0.0,2.0,ANTWERP,99,none
265725320,56.17688,15.401181,0.0,117.4,511.0,0.0,15,2026-06-03 20:00:09.000000,MSSIS,False,SY PEGASUS,0,,0.0,0.0,0.0,,0,none
211807850,54.76448,17.550188,0.0,317.8,511.0,0.0,15,2026-06-03 20:00:09.000000,MSSIS,False,,0,DD4517,0.0,0.0,0.0,,37,none
227532910,37.74004,-25.658318,0.0,0.0,511.0,0.0,15,2026-06-03 20:00:09.000000,MSSIS,False,,0,FGA5811,0.0,0.0,0.0,,37,none
378112944,36.57628,28.012077,0.0,139.9,511.0,0.0,15,2026-06-03 20:00:09.000000,MSSIS,False,DAEDALUS ADVENTURE,0,ZJL9947,0.0,0.0,0.0,,0,none
538007627,34.504322,35.866417,0.0,0.0,511.0,-731.3865,1,2026-06-03 20:00:08.000000,MSSIS,False,BASILIS L,9290505,V7LF6,0.0,0.0,0.0,LBKYE,80,none
338127792,34.16148,-77.85253,0.0,189.0,511.0,0.0,15,2026-06-03 20:00:09.000000,MSSIS,False,,0,,0.0,0.0,0.0,,37,none
239775900,36.44489,28.237146,0.0,0.0,511.0,-731.3865,1,2026-06-03 20:00:08.000000,MSSIS,False,SAONISOS,9104627,SVAG8,0.0,0.0,0.0,KNTSR,60,none
368404370,38.975212,-76.48506,0.0,360.0,511.0,0.0,15,2026-06-03 20:00:09.000000,MSSIS,False,NOELANI,0,,0.0,0.0,0.0,,0,none
225996683,39.429287,-0.33302334,0.0,360.0,511.0,0.0,15,2026-06-03 20:00:09.000000,MSSIS,False,,0,,0.0,0.0,0.0,,37,none
257101730,65.47444,12.209708,0.0,273.8,12.0,0.0,5,2026-06-03 20:00:08.000000,MSSIS,False,BORTIND,9894167,LGBA,0.0,0.0,1.6,18172,40,none
257066090,59.834057,10.4768,0.0,360.0,511.0,0.0,15,2026-06-03 20:00:09.000000,MSSIS,False,ZEPHYR,0,,0.0,0.0,0.0,,0,none
219879000,58.40346,4.9642067,10.1,209.1,208.0,0.0,0,2026-06-03 20:00:08.000000,MSSIS,False,SKANDI INSTALLER,9753911,OZCW2,0.0,0.0,6.9,ECOFISK GEA FIELD,90,none
367467740,30.533041,-88.10528,0.0,306.7,511.0,0.0,15,2026-06-03 20:00:09.000000,MSSIS,False,MISS JUDY EWEST,0,,0.0,0.0,0.0,,0,none
368003330,49.298115,-123.02755,0.0,163.3,511.0,0.0,15,2026-06-03 20:00:09.000000,MSSIS,False,,0,WDJ7102,0.0,0.0,0.0,,37,none
257245400,60.469173,5.11774,0.0,360.0,511.0,-731.3865,5,2026-06-03 20:00:08.000000,MSSIS,False,MARITIMEN,0,LAHO,0.0,0.0,0.0,,60,none
367743890,29.66809,-93.290405,2.5,15.0,511.0,0.0,15,2026-06-03 20:00:09.000000,MSSIS,False,,0,WDI8963,0.0,0.0,0.0,,30,none
257022500,67.440674,14.71575,0.0,56.4,182.0,0.0,0,2026-06-03 20:00:08.000000,MSSIS,False,OBELIX,0,LF5196,0.0,0.0,0.0,FISH FARM,70,none
367062120,48.38637,-124.975624,6.3,32.1,32.0,0.0,11,2026-06-03 20:00:09.000000,MSSIS,False,OCEAN NAVIGATOR,8700711,,0.0,0.0,0.0,SEATTLE,52,none
367721260,33.60964,-117.8886,0.0,234.7,511.0,-731.3865,5,2026-06-03 20:00:09.000000,MSSIS,False,CLARITY,0,WDI6692,0.0,0.0,2.0,VALHALLA,37,none
367166950,29.12302,-90.20877,0.0,28.6,91.0,0.0,5,2026-06-03 20:00:09.000000,MSSIS,False,KYLIE WILLIAMS,9383780,WDD5998,0.0,0.0,4.0,FOURCHON,70,none
228457600,50.808697,-1.1120467,8.2,231.5,230.0,0.0,0,2026-06-03 20:00:09.000000,MSSIS,False,GUILLAUMEDENORMANDIE,9946324,FMYG,0.0,0.0,6.5,FROUI,69,none
244059045,53.330956,6.9308414,0.0,5.0,511.0,0.0,15,2026-06-03 20:00:09.000000,MSSIS,False,,0,PE3389,0.0,0.0,0.0,,37,none
244870484,52.460983,5.038183,0.0,272.5,511.0,0.0,15,2026-06-03 20:00:09.000000,MSSIS,False,,0,PE3334,0.0,0.0,0.0,,37,none
636021037,29.16255,-94.59597,0.1,284.5,40.0,0.0,1,2026-06-03 20:00:09.000000,MSSIS,False,DELMA,9719408,5LBY3,0.0,0.0,8.1,US HOU,80,none
316038116,44.321888,-76.16607,0.0,360.0,511.0,0.0,15,2026-06-03 20:00:09.000000,MSSIS,False,,0,,0.0,0.0,0.0,,37,none
271052854,36.625507,27.871832,0.1,360.0,511.0,0.0,15,2026-06-03 20:00:09.000000,MSSIS,False,MINELLA,0,,0.0,0.0,0.0,,0,none
244001795,52.533787,5.441805,0.0,360.0,511.0,0.0,15,2026-06-03 20:00:09.000000,MSSIS,False,DOUBLE ADVENTURE,0,,0.0,0.0,0.0,,0,none
246811000,51.720737,4.6272917,0.1,360.0,278.0,1.6070504,0,2026-06-03 20:00:09.000000,MSSIS,False,KNRMTJEPKE EKKELB,0,PCLY,0.0,0.0,0.7,SAR,51,none
261033190,54.349487,18.784306,0.0,250.3,511.0,0.0,15,2026-06-03 20:00:09.000000,MSSIS,False,,0,SPG4337,0.0,0.0,0.0,,0,none
244020807,51.709183,4.8136435,0.0,360.0,511.0,0.0,15,2026-06-03 20:00:09.000000,MSSIS,False,,0,PC9499,0.0,0.0,0.0,,36,none
232008552,50.843258,-1.10159,0.1,0.3,511.0,0.0,15,2026-06-03 20:00:09.000000,MSSIS,False,,0,MBDY8,0.0,0.0,0.0,,36,none
338553173,25.782679,-80.16595,0.2,43.7,511.0,0.0,15,2026-06-03 20:00:09.000000,MSSIS,False,TATOLLA,0,,0.0,0.0,0.0,,0,none
265691740,57.707554,11.659068,0.0,0.0,511.0,0.0,15,2026-06-03 20:00:09.000000,MSSIS,False,GG 65 CORIOLA,0,,0.0,0.0,0.0,,0,none
431014004,34.18496,134.99622,14.3,64.2,67.0,0.0,0,2026-06-03 20:00:09.000000,MSSIS,False,FERRY I,9866794,JD4630,0.0,0.0,3.7,JP  WAK  TKX,60,none
369493647,29.728361,-93.87036,0.1,360.0,511.0,-731.3865,0,2026-06-03 20:00:09.000000,MSSIS,False,CG45647,0,,0.0,0.0,0.0,,51,none
244020288,52.01098,6.1320715,0.0,325.6,511.0,0.0,15,2026-06-03 20:00:09.000000,MSSIS,False,,0,PC8818,0.0,0.0,0.0,,37,none
319267900,37.93885,23.668737,0.0,194.6,296.0,0.0,5,2026-06-03 20:00:09.000000,MSSIS,False,SERENITY,9917476,ZGRA3,0.0,0.0,3.0,ATHENS,37,none
440108810,34.656906,128.91615,0.1,335.3,511.0,-731.3865,0,2026-06-03 20:00:06.000000,MSSIS,False,NO 2005 TAEPYUNGYANG,0,806203,0.0,0.0,3.1,INCEON,70,none
211394040,54.380795,10.169273,3.9,141.6,141.0,0.0,15,2026-06-03 20:00:06.000000,MSSIS,False,EMMA,0,,0.0,0.0,0.0,,0,none
265586780,56.099766,15.793061,1.4,342.6,349.0,-720.00323,0,2026-06-03 20:00:06.000000,MSSIS,False,FRIDA,0,SLQK,0.0,0.0,1.5,KARLSKRONA,34,none
244700495,51.712845,4.8056984,10.2,282.4,511.0,-731.3865,0,2026-06-03 20:00:10.000000,MSSIS,False,GEPKE 3,0,PC7570,0.0,0.0,0.0,,52,none
228243290,14.733817,-61.18068,0.1,360.0,511.0,0.0,15,2026-06-03 20:00:10.000000,MSSIS,False,OHANA,0,,0.0,0.0,0.0,,0,none
244270607,52.946274,5.402837,0.0,360.0,511.0,0.0,15,2026-06-03 20:00:10.000000,MSSIS,False,,0,PF8165,0.0,0.0,0.0,,37,none
244870759,52.385643,4.87737,0.0,360.0,511.0,-731.3865,0,2026-06-03 20:00:10.000000,MSSIS,False,HELSINKI,0,PB9003,0.0,0.0,1.2,,69,none
368236650,29.900467,-81.30719,0.4,157.4,511.0,0.0,15,2026-06-03 20:00:10.000000,MSSIS,False,,0,WDM7721,0.0,0.0,0.0,,36,none
211712420,54.135975,12.09182,0.0,0.0,0.0,0.0,15,2026-06-03 20:00:10.000000,MSSIS,False,JA SCHATZ,0,,0.0,0.0,0.0,,0,none
211741770,50.976887,6.9753265,0.0,360.0,511.0,-731.3865,5,2026-06-03 20:00:10.000000,MSSIS,False,BUNKER SERVICE 15,0,DH9302,0.0,0.0,1.5,DECGN03900DOCKX0699,99,none
368448590,26.099813,-80.15992,0.0,360.0,511.0,0.0,15,2026-06-03 20:00:10.000000,MSSIS,False,,0,WDQ6969,0.0,0.0,0.0,,37,none
228026220,43.13209,5.7540035,0.1,360.0,511.0,0.0,15,2026-06-03 20:00:10.000000,MSSIS,False,,0,,0.0,0.0,0.0,,37,none
228081530,46.725483,-2.3485384,0.0,360.0,511.0,-731.3865,0,2026-06-03 20:00:10.000000,MSSIS,False,LA VENDEENNE,0,FAJ2482,0.0,0.0,1.5,ILE DYEU,60,none
211430310,53.3305,6.930775,0.0,360.0,511.0,0.0,15,2026-06-03 20:00:10.000000,MSSIS,False,UBATUBA,0,,0.0,0.0,0.0,,0,none
338107447,39.851715,-74.06103,7.7,7.9,511.0,0.0,15,2026-06-03 20:00:10.000000,MSSIS,False,,0,848787,0.0,0.0,0.0,,37,none
319317600,44.355896,8.569288,0.0,139.9,58.0,0.0,15,2026-06-03 20:00:10.000000,MSSIS,False,,0,ZGUM9,0.0,0.0,0.0,,37,none
368469420,26.05712,-80.129135,0.1,75.7,511.0,0.0,15,2026-06-03 20:00:10.000000,MSSIS,False,UNEXPECTED,0,,0.0,0.0,0.0,,0,none
367348220,42.10697,-81.2813,12.1,72.1,71.0,0.0,0,2026-06-03 20:00:10.000000,MSSIS,False,PRESQUE ISLE,7303877,WDH7560,0.0,0.0,8.5,NANTIC0KE,79,none
316022356,45.261757,-65.9922,0.1,360.0,511.0,0.0,15,2026-06-03 20:00:10.000000,MSSIS,False,,0,CGE305,0.0,0.0,0.0,,54,none
338310562,32.245865,-80.747444,0.0,356.8,511.0,0.0,15,2026-06-03 20:00:10.000000,MSSIS,False,,0,,0.0,0.0,0.0,,37,none
316033412,44.609276,-80.58482,0.0,360.0,511.0,0.0,15,2026-06-03 20:00:10.000000,MSSIS,False,,0,,0.0,0.0,0.0,,51,none
220648000,51.886227,4.3226285,0.0,233.1,344.0,0.0,5,2026-06-03 20:00:10.000000,MSSIS,False,KARINA THERESA,9428451,OUPL2,0.0,0.0,6.5,NL RTM,80,none
503133740,-42.878292,147.34134,0.0,360.0,511.0,0.0,15,2026-06-03 20:00:10.000000,MSSIS,False,,0,,0.0,0.0,0.0,,53,none
205278570,39.530243,2.5672483,0.0,360.0,511.0,0.0,15,2026-06-03 20:00:11.000000,MSSIS,False,,0,OQ2785,0.0,0.0,0.0,,37,none
263442816,36.157715,-5.3580017,0.0,360.0,511.0,0.0,15,2026-06-03 20:00:11.000000,MSSIS,False,VARUNA,0,,0.0,0.0,0.0,,0,none
414331000,24.562366,-119.0019,13.7,297.8,300.0,0.0,0,2026-06-03 20:00:10.000000,MSSIS,False,AN JI 24,9776860,BQTD,0.0,0.0,7.4,CN LYG,70,none
227842990,40.029915,2.713695,5.5,69.9,511.0,0.0,15,2026-06-03 20:00:11.000000,MSSIS,False,PORT CROS,0,,0.0,0.0,0.0,,0,none
538070801,41.36481,2.18667,0.0,41.4,511.0,0.0,15,2026-06-03 20:00:11.000000,MSSIS,False,,0,V7WV8,0.0,0.0,0.0,,36,none
366999664,34.697613,-76.6817,0.1,360.0,511.0,-731.3865,5,2026-06-03 20:00:10.000000,MSSIS,False,CGC HERON,0,,0.0,0.0,1.7,0000,55,none
338468031,27.51171,-82.558655,0.0,160.5,511.0,0.0,15,2026-06-03 20:00:11.000000,MSSIS,False,,0,,0.0,0.0,0.0,,37,none
338232375,40.339172,-73.98363,0.0,360.0,511.0,0.0,15,2026-06-03 20:00:11.000000,MSSIS,False,SWEET CAROLINE,0,,0.0,0.0,0.0,,0,none
224089890,37.19718,-7.3280716,0.0,145.2,511.0,0.0,15,2026-06-03 20:00:11.000000,MSSIS,False,,0,,0.0,0.0,0.0,,36,none
338118417,32.764282,-117.24097,0.0,360.0,511.0,0.0,15,2026-06-03 20:00:11.000000,MSSIS,False,YAKETY YACHT,0,,0.0,0.0,0.0,,0,none
224298290,39.45531,-0.30826,0.0,234.1,109.0,0.0,0,2026-06-03 20:00:10.000000,MSSIS,False,OMARSUB,8747111,EACG,0.0,0.0,3.0,VALENCIA,33,none
338456852,43.84444,-69.62709,0.0,360.0,511.0,0.0,15,2026-06-03 20:00:11.000000,MSSIS,False,WINDSONG,0,,0.0,0.0,0.0,,0,none
368115380,30.024805,-94.02391,0.0,231.9,511.0,-731.3865,15,2026-06-03 20:00:10.000000,MSSIS,False,DREDGE MBI 05,0,,0.0,0.0,0.0,,33,none
338065188,39.59031,-75.94612,0.0,159.0,511.0,0.0,15,2026-06-03 20:00:11.000000,MSSIS,False,HATTATUDE,0,,0.0,0.0,0.0,,0,none
244085459,51.60272,3.848855,0.0,360.0,511.0,0.0,15,2026-06-03 20:00:11.000000,MSSIS,False,SEABREEZE,0,,0.0,0.0,0.0,,0,none
244020297,51.39642,3.5712533,0.0,174.9,511.0,0.0,15,2026-06-03 20:00:11.000000,MSSIS,False,RUNAWAY,0,,0.0,0.0,0.0,,0,none
367760380,47.677727,-122.409454,0.0,287.3,30.0,0.0,15,2026-06-03 20:00:11.000000,MSSIS,False,DORIE,0,,0.0,0.0,0.0,,0,none
413998084,22.30853,114.15988,0.0,178.2,178.0,0.0,15,2026-06-03 20:00:11.000000,MSSIS,False,HAI YA 268,0,268,0.0,0.0,1.2,,70,none
265051740,57.70479,11.66022,0.0,360.0,511.0,0.0,15,2026-06-03 20:00:11.000000,MSSIS,False,,0,SA8783,0.0,0.0,0.0,,37,none
256465000,24.2898,-80.31876,11.1,233.7,234.0,0.0,0,2026-06-03 20:00:10.000000,MSSIS,False,HAFNIA ANE,9709776,9HA3922,0.0,0.0,8.1,USHOU FOR ORDER,80,none
585900273,69.79447,16.571814,0.7,38.8,511.0,0.0,15,2026-06-03 20:00:11.000000,MSSIS,False,BUOY SL 1      66,0,,0.0,0.0,0.0,,0,none
354455000,29.932735,-89.985146,0.0,240.4,298.0,0.0,1,2026-06-03 20:00:10.000000,MSSIS,False,VENTURE DREAM,9694854,H9TQ,0.0,0.0,4.9,USMSY,70,none
368206970,48.55712,-122.873405,0.0,360.0,511.0,0.0,15,2026-06-03 20:00:11.000000,MSSIS,False,,0,WDM4499,0.0,0.0,0.0,,37,none
227287120,43.782482,7.5171466,0.0,354.1,511.0,0.0,15,2026-06-03 20:00:11.000000,MSSIS,False,,0,FAC4449,0.0,0.0,0.0,,36,none
232052549,57.705894,11.657244,0.1,360.0,511.0,0.0,15,2026-06-03 20:00:11.000000,MSSIS,False,FREE,0,,0.0,0.0,0.0,,0,none
368016370,47.639343,-122.33983,0.1,360.0,511.0,0.0,15,2026-06-03 20:00:11.000000,MSSIS,False,,0,WDP5904,0.0,0.0,0.0,,37,none
316006236,47.38028,-61.856186,0.1,360.0,239.0,0.0,0,2026-06-03 20:00:10.000000,MSSIS,False,MARCOLIVIER,0,,0.0,0.0,0.0,,30,none
503159120,-16.917711,145.78116,0.0,232.1,4.0,0.0,15,2026-06-03 20:00:11.000000,MSSIS,False,,0,BRX09Q,0.0,0.0,0.0,,37,none
367654030,37.20587,-76.41902,0.0,252.8,511.0,0.0,15,2026-06-03 20:00:11.000000,MSSIS,False,,0,WDH8036,0.0,0.0,0.0,,30,none
368243890,33.98275,-118.45133,0.0,360.0,511.0,0.0,15,2026-06-03 20:00:11.000000,MSSIS,False,MY BONNIE,0,,0.0,0.0,0.0,,0,none
268255404,36.76931,34.5695,0.0,0.0,511.0,-731.3865,1,2026-06-03 20:00:10.000000,MSSIS,False,DANNY,932472200,T7DM5,0.0,0.0,9.5,CGPNR,70,none
261003979,43.587963,7.1226,0.0,360.0,511.0,0.0,15,2026-06-03 20:00:11.000000,MSSIS,False,A4A,0,,0.0,0.0,0.0,,0,none
368327460,47.756084,-122.262146,0.0,318.1,511.0,0.0,15,2026-06-03 20:00:11.000000,MSSIS,False,HAPPY ORCA,0,,0.0,0.0,0.0,,0,none
232059898,37.103382,27.285763,0.0,0.0,511.0,-731.3865,1,2026-06-03 20:00:10.000000,MSSIS,False,LIQUID ASSET,0,MRSW5,0.0,0.0,0.0,YALIKAVAK,37,none
338551785,36.843826,-76.292564,0.0,4.1,511.0,0.0,15,2026-06-03 20:00:11.000000,MSSIS,False,,0,,0.0,0.0,0.0,,37,none
503003830,-32.193027,115.73101,9.9,336.2,511.0,0.0,15,2026-06-03 20:00:10.000000,MSSIS,False,,0,VJN4469,0.0,0.0,0.0,,52,none
257579600,69.75493,30.069462,6.3,205.3,511.0,0.0,15,2026-06-03 20:00:10.000000,MSSIS,False,,0,LLZN,0.0,0.0,0.0,,30,none
565699000,36.08755,-6.274668,0.3,20.7,312.0,0.0,1,2026-06-03 20:00:11.000000,MSSIS,False,BWEK MANHATTAN,9392236,S6HE5,0.0,0.0,5.3,FOR ORDERS,81,none
636019797,29.716246,-12.205922,9.8,34.1,32.0,-1.6070504,0,2026-06-03 20:00:11.000000,MSSIS,False,RANGAKU,9866627,D5WF2,0.0,0.0,10.5,GIGIB,70,none
224137980,39.92643,0.85424167,9.2,36.5,511.0,-731.3865,7,2026-06-03 20:00:11.000000,MSSIS,False,RIVEMAR,0,,0.0,0.0,0.0,,30,none
314001136,35.102535,-1.86492,0.0,181.0,169.0,0.0,5,2026-06-03 20:00:11.000000,MSSIS,False,OCEAN ARSENAL,9635248,8PZX7,0.0,0.0,9.9,DZGHA,70,none
224002930,39.796555,2.69457,0.1,360.0,511.0,-731.3865,5,2026-06-03 20:00:11.000000,MSSIS,False,TORRENT DE PAREIS,201460,EAVV,0.0,0.0,0.0,PTO SOLLERCALOBRA,60,none
225999921,38.91446,1.44445,0.0,360.0,511.0,-731.3865,15,2026-06-03 20:00:11.000000,MSSIS,False,POR QUE NO,0,,0.0,0.0,0.0,,37,none
224173230,39.160057,-0.254535,0.0,360.0,511.0,-731.3865,7,2026-06-03 20:00:11.000000,MSSIS,False,PLATJA  DE  CULLERA,0,EA8303,0.0,0.0,0.0,CULLERA,30,none
230290000,60.16965,24.97256,0.1,93.3,242.0,0.0,5,2026-06-03 20:00:11.000000,MSSIS,False,URHO,7347615,OHMS,0.0,0.0,7.4,HELSINKI,90,none
353476000,9.78383,125.50233,0.0,224.5,40.0,0.0,0,2026-06-03 20:00:11.000000,MSSIS,False,FAST CAT M17,9881603,HP2382,0.0,0.0,2.1,MAASINSURIGAO VV,60,none
525400835,-6.070135,106.8897,0.2,186.5,511.0,-731.3865,1,2026-06-03 20:00:11.000000,MSSIS,False,BAHARI 11,8870621,YHIJ,0.0,0.0,3.2,ID TGPRIOK,70,none
533170679,14.599138,120.94467,0.0,266.1,77.0,1.1160072,5,2026-06-03 20:00:11.000000,MSSIS,False,DANUM 175,9248930,9WUS7,0.0,0.0,8.0,PH MNL,70,none
276865000,54.181282,9.477563,7.2,252.5,247.0,0.0,0,2026-06-03 20:00:11.000000,MSSIS,False,MAMMUT,8989953,ESLW,0.0,0.0,3.5,DEHAM VIA NOK,52,none
219000836,55.04002,10.577296,11.0,86.3,84.0,720.00323,0,2026-06-03 20:00:11.000000,MSSIS,False,AEROESKOEBING,9199086,OZRK,0.0,0.0,2.6,AEROESKSVENDB ROUTE,60,none
538004933,38.695644,-9.097854,0.0,360.0,301.0,0.0,1,2026-06-03 20:00:11.000000,MSSIS,False,GRONA RAVEN,9368649,V7ZW9,0.0,0.0,3.5,PTLIS,79,none
441337000,34.7811,127.76901,0.1,195.5,231.0,0.0,1,2026-06-03 20:00:11.000000,MSSIS,False,KTS SILVER,9276781,D7TM,0.0,0.0,6.0,YOSU,80,none
636014169,37.428963,11.015012,12.4,110.7,110.0,1.1160072,0,2026-06-03 20:00:11.000000,MSSIS,False,CMA CGM TOPAZ,9397602,A8RV4,0.0,0.0,10.0,MTMAR,73,none
211652850,54.66415,9.938004,4.2,206.0,511.0,0.0,15,2026-06-03 20:00:12.000000,MSSIS,False,,0,DC7679,0.0,0.0,0.0,,36,none
440019400,34.29702,128.8501,0.5,141.5,511.0,-731.3865,0,2026-06-03 20:00:11.000000,MSSIS,False,JE103 MYEONGJEONG,0,SSD,0.0,0.0,1.5,,30,none
636022963,51.72648,2.33875,6.6,223.0,217.0,-1.6070504,0,2026-06-03 20:00:11.000000,MSSIS,False,ONE INTEGRITY,9933119,5LLG5,0.0,0.0,12.0,FRLEH,71,none
219021294,55.003902,11.91667,0.0,360.0,511.0,0.0,15,2026-06-03 20:00:12.000000,MSSIS,False,BLACK SPIRIT,0,,0.0,0.0,0.0,,0,none
219017273,55.472637,8.426788,0.0,30.1,511.0,0.0,15,2026-06-03 20:00:12.000000,MSSIS,False,,0,OU5826,0.0,0.0,0.0,,90,none
367726390,34.337425,-119.94086,8.9,105.1,105.0,0.0,0,2026-06-03 20:00:11.000000,MSSIS,False,BERNARDINE C,0,WDI7204,0.0,0.0,0.0,XX XXX,52,none
525200401,-2.3763516,104.739975,0.0,360.0,511.0,-731.3865,0,2026-06-03 20:00:11.000000,MSSIS,False,BOJOMA 2905,0,YDB3023,0.0,0.0,5.0,PALEMBANG,57,none
244630439,51.881664,4.2642517,0.3,360.0,511.0,-731.3865,0,2026-06-03 20:00:11.000000,MSSIS,False,INVOTIS V,0,PH9467,0.0,0.0,1.6,VLISSINGEN,79,none
227017730,37.1371,-6.995703,6.1,118.3,511.0,0.0,15,2026-06-03 20:00:12.000000,MSSIS,False,,0,FGG4749,0.0,0.0,0.0,,36,none
538008756,53.598408,8.514981,0.0,125.7,320.0,0.0,5,2026-06-03 20:00:11.000000,MSSIS,False,SYNERGY ANTWERP,9443580,V7A2726,0.0,0.0,9.9,ITVDL,72,none
563175800,62.552654,6.264848,0.0,16.5,209.0,0.0,5,2026-06-03 20:00:11.000000,MSSIS,False,ARMADA 78 02,9924259,9V8524,0.0,0.0,6.1,TEROYA BAY,90,none
259704000,60.397568,5.315025,0.0,214.1,196.0,0.0,5,2026-06-03 20:00:11.000000,MSSIS,False,SIEM OPAL,9442419,LAXM,0.0,0.0,6.8,BERGEN,60,none
338300157,45.602467,-122.659615,0.5,131.5,100.0,0.0,15,2026-06-03 20:00:12.000000,MSSIS,False,,0,,0.0,0.0,0.0,,37,none
248535000,43.73399,7.426493,0.1,340.5,69.0,0.0,5,2026-06-03 20:00:11.000000,MSSIS,False,OKSANCHIK,17920,9HB5787,0.0,0.0,2.7,MONACO,37,none
245341000,52.972713,4.965745,5.2,138.0,138.0,0.0,7,2026-06-03 20:00:11.000000,MSSIS,False,WR123  ANNA JOHANNA,8718861,PEVK,0.0,0.0,0.0,,30,none
244700592,51.723026,4.686955,8.3,270.4,511.0,-731.3865,0,2026-06-03 20:00:11.000000,MSSIS,False,ALFA NERO,0,PD5375,0.0,0.0,1.0,VEGHELROTTERDAM,79,none
311000965,26.74877,-80.049255,0.0,288.0,178.0,1.6070504,5,2026-06-03 20:00:11.000000,MSSIS,False,VALERIE,9807281,C6EP7,0.0,0.0,1.8,USPBI,37,none
235064735,54.99251,-1.449,0.0,354.4,511.0,-731.3865,15,2026-06-03 20:00:11.000000,MSSIS,False,COLLINGWOOD,0,2BBT2,0.0,0.0,1.4,GB TYNE,50,none
232018379,-21.191107,149.67096,0.0,322.1,311.0,0.0,1,2026-06-03 20:00:10.000000,MSSIS,False,ORMOND,9698989,MDZC2,0.0,0.0,9.1,AUDBCT,70,none
211112120,58.52668,14.67206,5.4,287.5,511.0,0.0,15,2026-06-03 20:00:12.000000,MSSIS,False,,0,DA9125,0.0,0.0,0.0,,36,none
314162000,32.073658,23.983774,0.0,193.3,83.0,0.0,5,2026-06-03 20:00:10.000000,MSSIS,False,AMARA,9489986,8PQW,0.0,0.0,10.1,LYTOB,70,none
257106900,60.0338,5.3404784,0.0,360.0,511.0,-731.3865,0,2026-06-03 20:00:10.000000,MSSIS,False,SEINES,0,LF5254,0.0,0.0,4.0,BEINSKROKEN,33,none
207038000,43.183983,27.900257,0.0,360.0,511.0,-731.3865,5,2026-06-03 20:00:12.000000,MSSIS,False,AKADEMIK,8138463,LZDA,0.0,0.0,4.8,VARNA,99,none
265615760,59.474403,18.291876,0.0,336.1,511.0,0.0,15,2026-06-03 20:00:12.000000,MSSIS,False,CHANEL,0,,0.0,0.0,0.0,,0,none
244635000,36.254494,-2.6633916,9.0,261.8,259.0,0.0,0,2026-06-03 20:00:12.000000,MSSIS,False,ARKLOW GRACE,9874117,PGWK,0.0,0.0,6.3,ESCEU,70,none
316005239,43.266327,-79.78792,0.1,345.1,15.0,0.0,5,2026-06-03 20:00:12.000000,MSSIS,False,LAPRAIRIE,369407,VC9004,0.0,0.0,3.0,HAMILTON,52,none
316002181,47.559685,-52.709766,0.0,60.6,511.0,0.0,15,2026-06-03 20:00:12.000000,MSSIS,False,CHALLENGER 2000,0,,0.0,0.0,0.0,,0,none
271000267,38.913643,16.917973,0.4,275.9,231.0,-4.464029,0,2026-06-03 20:00:12.000000,MSSIS,False,SAHIN 4,8913318,TCPT,0.0,0.0,4.1,GRPIR,79,none
368367310,32.62754,-117.132164,0.0,247.6,511.0,0.0,15,2026-06-03 20:00:12.000000,MSSIS,False,50 CALIBER,0,,0.0,0.0,0.0,,0,none
224167130,39.160713,-0.25519833,0.0,0.0,511.0,-731.3865,15,2026-06-03 20:00:12.000000,MSSIS,False,INMCA,0,EA9105,0.0,0.0,2.0,,30,none
368055840,41.6646,-71.44453,0.0,360.0,511.0,0.0,15,2026-06-03 20:00:12.000000,MSSIS,False,,0,,0.0,0.0,0.0,,37,none
367642960,33.460705,-117.70258,0.0,168.1,511.0,0.0,15,2026-06-03 20:00:12.000000,MSSIS,False,GALADRIEL,0,,0.0,0.0,0.0,,0,none
367547650,39.28124,-76.60197,0.0,313.7,511.0,0.0,15,2026-06-03 20:00:12.000000,MSSIS,False,,0,WDG5538,0.0,0.0,0.0,,37,none
265699760,58.316097,11.397458,0.0,360.0,511.0,0.0,15,2026-06-03 20:00:12.000000,MSSIS,False,,0,SF9122,0.0,0.0,0.0,,36,none
251348840,64.31433,-22.082186,0.0,0.0,511.0,0.0,15,2026-06-03 20:00:12.000000,MSSIS,False,SAELI,0,,0.0,0.0,0.0,,0,none
265747170,57.75552,16.652828,0.2,183.1,511.0,0.0,15,2026-06-03 20:00:12.000000,MSSIS,False,MY LADY DIANE II,0,,0.0,0.0,0.0,,0,none
636025638,25.85852,35.30904,13.1,146.2,146.0,0.0,0,2026-06-03 20:00:12.000000,MSSIS,False,ELYSARIA,9312860,5LYK8,0.0,0.0,0.0,SINGAPORE,80,none
338459889,34.404243,-119.691574,0.0,360.0,511.0,0.0,15,2026-06-03 20:00:12.000000,MSSIS,False,,0,,0.0,0.0,0.0,,37,none
265650690,60.075443,18.588074,0.0,324.5,511.0,0.0,15,2026-06-03 20:00:12.000000,MSSIS,False,BIRKA,0,,0.0,0.0,0.0,,0,none
636019998,38.518623,-8.880141,0.0,24.7,286.0,0.0,5,2026-06-03 20:00:12.000000,MSSIS,False,PORT NAGOYA,9832482,D5XE3,0.0,0.0,9.8,SETUBAL,70,none
368242920,40.713177,-74.045685,0.0,261.0,31.0,0.0,15,2026-06-03 20:00:12.000000,MSSIS,False,LUNA,0,,0.0,0.0,0.0,,0,none
265703390,58.05065,16.818953,0.0,360.0,511.0,0.0,15,2026-06-03 20:00:12.000000,MSSIS,False,,0,SELB,0.0,0.0,0.0,,70,none
538012117,22.739456,37.08779,11.8,334.4,336.0,0.0,0,2026-06-03 20:00:12.000000,MSSIS,False,SUN SHINE,9405435,V7A3992,0.0,0.0,12.6,SUEZEGYPT,70,none
368115210,47.651512,-122.323524,0.0,304.6,511.0,0.0,15,2026-06-03 20:00:12.000000,MSSIS,False,SYMPHONY,0,,0.0,0.0,0.0,,0,none
636022333,51.30387,3.22966,0.0,7.0,152.0,0.0,5,2026-06-03 20:00:12.000000,MSSIS,False,WILD ROSE LEADER,9925370,5LIG9,0.0,0.0,9.2,GB SOU,70,none
710072820,-23.28341,-43.096092,2.6,182.3,511.0,0.0,15,2026-06-03 20:00:11.000000,MSSIS,False,,0,9EUPIN,0.0,0.0,0.0,,30,none
710091749,-23.286674,-43.155716,1.8,283.1,283.0,0.0,15,2026-06-03 20:00:11.000000,MSSIS,False,,0,000000,0.0,0.0,0.0,,30,none
477826400,42.435318,-10.171182,10.7,177.3,180.0,0.0,0,2026-06-03 20:00:12.000000,MSSIS,False,FAR EASTERN JUPITER,9442768,VRGZ6,0.0,0.0,14.3,EG PSD,70,none
636016188,31.717297,35.99972,1.0,53.1,228.0,0.0,1,2026-06-03 20:00:12.000000,MSSIS,False,SEAGAS MAJOR,9135793,ELXM8,0.0,0.0,5.3,CYVAS,83,none
255916264,37.02447,27.43864,0.0,360.0,511.0,0.0,15,2026-06-03 20:00:11.000000,MSSIS,False,MY UILIA,0,,0.0,0.0,0.0,,0,none
538012263,37.394,6.1103334,10.7,258.0,263.0,0.0,0,2026-06-03 20:00:12.000000,MSSIS,False,JOINT MANDARINE,9353668,V7B2598,0.0,0.0,12.0,ALTAMIRA,70,none
563766000,1.29944,103.95092,0.0,114.4,104.0,0.0,0,2026-06-03 20:00:12.000000,MSSIS,False,MERLION 20,9537161,9V8555,0.0,0.0,4.8,AEPB,80,none
319198600,1.2453116,103.84047,0.0,183.3,86.0,0.0,5,2026-06-03 20:00:12.000000,MSSIS,False,ANNABELLA,9915648,ZGKX5,0.0,0.0,2.6,ONE15 MARINA,37,none
244021625,52.510464,6.089525,0.0,360.0,511.0,-731.3865,5,2026-06-03 20:00:12.000000,MSSIS,False,SOLI DEO GLORIA,0,PI7916,0.0,0.0,0.5,ZWOLLE,37,none
244212000,53.086338,4.90987,2.8,250.4,252.0,720.00323,0,2026-06-03 20:00:12.000000,MSSIS,False,YE83 SCHELPDIER,8925256,PHHW,0.0,0.0,1.2,,30,none
352002447,-29.88448,30.997862,0.0,163.5,80.0,0.0,5,2026-06-03 20:00:12.000000,MSSIS,False,LYNUX SYNERGY,9684471,3E4099,0.0,0.0,6.5,DURBAN,70,none
636014185,37.865826,23.544205,0.0,88.7,139.0,0.0,1,2026-06-03 20:00:12.000000,MSSIS,False,DELTA SKY,9410181,A8SA3,0.0,0.0,9.5,DARDANELLAS,80,none
636023981,55.083054,18.290726,0.1,146.4,140.0,0.0,1,2026-06-03 20:00:12.000000,MSSIS,False,INALOTTE,9574030,5LQJ6,0.0,0.0,5.8,TO ORDER,70,none
247193300,38.481667,14.991167,35.0,10.0,2.0,-720.00323,0,2026-06-03 20:00:12.000000,MSSIS,False,PLATONE,9309916,IYQY,0.0,0.0,3.8,ITMLZ ISEO VV,40,none
265555530,59.37958,18.163862,0.0,253.5,511.0,0.0,15,2026-06-03 20:00:13.000000,MSSIS,False,,0,SFE3039,0.0,0.0,0.0,,36,none
244010542,51.776405,5.3415265,0.0,0.0,511.0,-731.3865,0,2026-06-03 20:00:12.000000,MSSIS,False,THEAN VI,0,PD7685,0.0,0.0,1.3,HARLINGEN,79,none
503120070,-26.686708,153.13138,0.0,245.8,511.0,0.0,15,2026-06-03 20:00:13.000000,MSSIS,False,FV MISS ANITA,0,,0.0,0.0,0.0,,0,none
538004925,37.21161,-76.08888,0.0,265.0,5.0,0.0,1,2026-06-03 20:00:12.000000,MSSIS,False,WINNER,9305087,V7ZV7,0.0,0.0,7.4,NORFOLKVAUS,70,none
338440545,42.361614,-71.049736,0.1,175.7,511.0,0.0,15,2026-06-03 20:00:13.000000,MSSIS,False,SHIPS N GIGGLES,0,,0.0,0.0,0.0,,0,none
251837940,65.02744,-23.511154,0.5,320.9,511.0,0.0,15,2026-06-03 20:00:13.000000,MSSIS,False,,0,6225,0.0,0.0,0.0,,30,none
503132510,-27.206213,153.09721,0.0,170.8,511.0,0.0,15,2026-06-03 20:00:13.000000,MSSIS,False,,0,BFD07Q,0.0,0.0,0.0,,36,none
563192700,24.806192,66.985374,0.0,293.4,331.0,0.044640288,5,2026-06-03 20:00:12.000000,MSSIS,False,XPRESS CAPELLA,9967419,9V8719,0.0,0.0,14.0,PKKHI,71,none
228146600,43.023323,3.0462084,0.0,283.9,511.0,-731.3865,15,2026-06-03 20:00:12.000000,MSSIS,False,FV ND DE LA GARDE 2,8791849,FQCO,0.0,0.0,0.0,PORT LA NOUVELLE,30,none
207839370,43.19227,27.920864,0.1,360.0,511.0,0.0,15,2026-06-03 20:00:13.000000,MSSIS,False,THEA VI,0,,0.0,0.0,0.0,,0,none
265731560,58.03414,12.148358,0.0,360.0,12.0,0.0,5,2026-06-03 20:00:12.000000,MSSIS,False,TOFTE,8026361,SBTI,0.0,0.0,3.8,SELDO,52,none
244750462,55.68864,12.619317,0.0,360.0,511.0,0.0,15,2026-06-03 20:00:13.000000,MSSIS,False,,0,PF3298,0.0,0.0,0.0,,36,none
265585460,59.458496,18.2816,1.0,204.4,511.0,0.0,15,2026-06-03 20:00:13.000000,MSSIS,False,SJOTAXEN,0,,0.0,0.0,0.0,,0,none
538011641,28.94328,-93.242035,0.0,171.2,270.0,0.17856115,1,2026-06-03 20:00:12.000000,MSSIS,False,PMASSPORT,9997476,V7A3237,0.0,0.0,10.9,USLCH,80,none
265788340,58.7395,17.856535,2.3,164.0,511.0,0.0,15,2026-06-03 20:00:13.000000,MSSIS,False,,0,SF3711,0.0,0.0,0.0,,37,none
538011213,49.294865,-123.22177,0.1,42.8,108.0,-0.17856115,1,2026-06-03 20:00:12.000000,MSSIS,False,PRINCESS EIRINI,1041491,V7A6795,0.0,0.0,6.8,CAVAN,70,none
244845815,53.054882,5.389565,0.0,360.0,511.0,0.0,15,2026-06-03 20:00:13.000000,MSSIS,False,,0,PB8096,0.0,0.0,0.0,,37,none
367694720,40.64163,-74.19311,0.1,30.2,511.0,-731.3865,5,2026-06-03 20:00:12.000000,MSSIS,False,JANET D,0,,0.0,0.0,2.5,NEW Y0RK  NYU,99,none
235003665,50.708862,-1.9849317,5.3,345.0,511.0,0.0,15,2026-06-03 20:00:13.000000,MSSIS,False,SOLENT SCENE,0,,0.0,0.0,0.0,,0,none
368437380,40.62975,-74.20322,0.6,211.3,296.0,0.0,15,2026-06-03 20:00:12.000000,MSSIS,False,GERARD MCALLISTER,1111662,WDQ5744,0.0,0.0,0.0,,31,none
338347559,48.01244,-122.1769,0.1,360.0,511.0,0.0,15,2026-06-03 20:00:13.000000,MSSIS,False,DUCKWORTH OFFSHOREXL,0,,0.0,0.0,0.0,,0,none
338401487,40.950676,-73.0684,0.0,360.0,511.0,0.0,15,2026-06-03 20:00:13.000000,MSSIS,False,,0,,0.0,0.0,0.0,,37,none
357520610,30.04942,-90.53781,0.0,263.8,511.0,-731.3865,5,2026-06-03 20:00:12.000000,MSSIS,False,CITY OF BATON ROUGE,0,WDK9730,0.0,0.0,3.0,,90,none
368261750,9.407392,-79.96101,0.0,233.9,242.0,-3.6158633,1,2026-06-03 20:00:11.000000,MSSIS,False,LYNNE M ROSE,9753179,WDN2401,0.0,0.0,9.2,PA CTB,57,none
636015665,-22.87956,-43.20852,0.0,24.8,220.0,0.0,5,2026-06-03 20:00:11.000000,MSSIS,False,MSC ALBANY,9619438,D5CC8,0.0,0.0,14.1,BRRIO,71,none
512001026,-36.837936,174.7554,0.0,360.0,511.0,0.0,15,2026-06-03 20:00:13.000000,MSSIS,False,,0,ZMR3466,0.0,0.0,0.0,,60,none
235009542,50.840816,-1.1449116,0.0,201.8,201.0,0.0,15,2026-06-03 20:00:13.000000,MSSIS,False,,0,VQKW7,0.0,0.0,0.0,,36,none
636023823,-23.2941,-43.225777,12.4,104.8,106.0,2.187374,0,2026-06-03 20:00:11.000000,MSSIS,False,CSPC SAGITTARIUS,1052000,5LPP3,0.0,0.0,13.7,CNNSA,70,none
477015500,-23.167093,-43.2837,18.2,209.0,211.0,0.0,0,2026-06-03 20:00:11.000000,MSSIS,False,COSCO SHIPPING PERU,9945875,VRWG7,0.0,0.0,13.3,BR SSZ,71,none
232059264,-22.88156,-43.11681,0.0,0.0,345.0,0.0,5,2026-06-03 20:00:11.000000,MSSIS,False,OCEANICASUB XVII,9371385,MROP6,0.0,0.0,6.5,BRNTR,52,none
338430405,33.459354,-117.70152,0.0,360.0,511.0,0.0,15,2026-06-03 20:00:13.000000,MSSIS,False,,0,,0.0,0.0,0.0,,37,none
109060324,61.293686,4.191448,0.9,93.2,511.0,0.0,15,2026-06-03 20:00:13.000000,MSSIS,False,,0,BO12345,0.0,0.0,0.0,,0,none
538007673,41.027115,28.986834,0.0,0.0,511.0,-731.3865,1,2026-06-03 20:00:11.000000,MSSIS,False,SEVEN SEAS SPLENDOR,9807085,V7ZZ6,0.0,0.0,0.0,TR IST,60,none
258144000,58.452198,5.999387,0.0,74.5,511.0,-731.3865,5,2026-06-03 20:00:11.000000,MSSIS,False,KRISTIAN G JEBSEN,381551,LIHI,0.0,0.0,3.0,02016,51,none
367027090,26.716087,-80.04956,0.0,0.0,194.0,0.0,15,2026-06-03 20:00:13.000000,MSSIS,False,,0,,0.0,0.0,0.0,,37,none
271045105,36.856678,35.993828,0.0,0.0,511.0,-731.3865,1,2026-06-03 20:00:11.000000,MSSIS,False,PASHA K,0,,0.0,0.0,0.0,,0,none
211838880,42.452908,18.560583,0.1,360.0,511.0,0.0,15,2026-06-03 20:00:13.000000,MSSIS,False,,0,DB4907,0.0,0.0,0.0,,36,none
209893000,-21.162727,149.69173,0.0,236.3,315.0,1.1160072,1,2026-06-03 20:00:11.000000,MSSIS,False,AMMOXOSTOS,9961427,5BJJ6,0.0,0.0,7.2,AU HPT,70,none
271043799,36.764606,34.652256,0.0,0.0,511.0,-731.3865,1,2026-06-03 20:00:11.000000,MSSIS,False,MERSIN KOOP 2,0,TCA3105,0.0,0.0,0.0,,0,none
219018258,55.151424,10.139954,6.0,45.7,511.0,0.0,15,2026-06-03 20:00:13.000000,MSSIS,False,RESCUE THOR,0,,0.0,0.0,0.0,,0,none
271010835,40.886436,29.186733,0.0,0.0,511.0,-731.3865,1,2026-06-03 20:00:11.000000,MSSIS,False,YENI TUNA,0,,0.0,0.0,0.0,,0,none
367778930,33.46019,-117.69776,0.0,211.4,511.0,0.0,15,2026-06-03 20:00:13.000000,MSSIS,False,,0,WDJ4565,0.0,0.0,0.0,,37,none
257629500,68.12957,13.438033,0.0,171.2,511.0,-731.3865,5,2026-06-03 20:00:11.000000,MSSIS,False,NYGAARD SENIOR,8962199,LMKD,0.0,0.0,0.0,,30,none
308976000,59.359215,5.293215,0.0,332.6,511.0,-731.3865,5,2026-06-03 20:00:12.000000,MSSIS,False,CSL METIS,7926162,C6WK6,0.0,0.0,8.3,US JAX  NO AVA,70,none
205624070,51.16236,3.8539183,0.2,360.0,511.0,0.0,15,2026-06-03 20:00:13.000000,MSSIS,False,,0,OQ6240,0.0,0.0,0.0,,37,none
310876000,32.29256,-64.77719,0.0,360.0,511.0,-731.3865,5,2026-06-03 20:00:13.000000,MSSIS,False,WARBABY FOX,1062201,ZCHJ3,0.0,0.0,0.0,ST GEORGES,60,none
235093018,36.8625,-76.31236,0.0,199.0,226.0,0.0,5,2026-06-03 20:00:13.000000,MSSIS,False,PRYSMIAN CABLE ENTER,8645806,2FOV9,0.0,0.0,4.7,USORFUSVAB CVOW,33,none
244650645,51.63381,3.7118366,0.0,360.0,136.0,0.0,15,2026-06-03 20:00:13.000000,MSSIS,False,ZZ18 MYTILUS AL,0,,0.0,0.0,0.0,,0,none
403499850,21.533401,38.75152,0.5,142.9,234.0,0.0,0,2026-06-03 20:00:13.000000,MSSIS,False,FOLK JEDDAH,9939888,HZYO,0.0,0.0,9.7,SAJED,70,none
230039000,58.60127,16.220512,0.0,67.9,41.0,0.0,5,2026-06-03 20:00:13.000000,MSSIS,False,AURELIE,9163647,OJTD,0.0,0.0,5.9,SENRK,70,none
257100770,64.98202,-13.845088,1.8,107.9,511.0,-731.3865,5,2026-06-03 20:00:13.000000,MSSIS,False,SIGRIDUR,0,LH3745,0.0,0.0,0.0,DJUPIVOGUR,70,none
567400646,11.96708,100.510376,1.2,163.0,511.0,0.0,15,2026-06-03 20:00:13.000000,MSSIS,False,,0,,0.0,0.0,0.0,,30,none
211591150,50.73261,7.1098585,0.0,360.0,511.0,-731.3865,0,2026-06-03 20:00:13.000000,MSSIS,False,RHEINTREUE,0,DC4188,0.0,0.0,0.0,,69,none
244730387,52.771145,5.1174183,0.0,0.0,511.0,-731.3865,5,2026-06-03 20:00:13.000000,MSSIS,False,ANJO,0,PC3754,0.0,0.0,0.3,MEDEMBLIK,79,none
368170010,38.81891,-90.11784,0.0,68.8,0.0,0.0,12,2026-06-03 20:00:13.000000,MSSIS,False,MISS ANDREA,0,WDL8494,0.0,0.0,3.0,US03LW08W9,57,none
244690296,50.79459,5.69094,0.0,360.0,511.0,-731.3865,0,2026-06-03 20:00:13.000000,MSSIS,False,MOVER 3,0,PD3044,0.0,0.0,2.9,STEIN,79,none
244660333,52.402245,4.7878633,0.0,360.0,511.0,-731.3865,5,2026-06-03 20:00:13.000000,MSSIS,False,KAREL DOORMAN,0,PE9402,0.0,0.0,0.0,KALLO,90,none
368184050,37.904755,-122.36734,0.1,208.7,355.0,0.0,0,2026-06-03 20:00:13.000000,MSSIS,False,REGULATOR,0,WDL9989,0.0,0.0,3.1,RICHMOND,0,none
368139280,36.94986,-76.037445,6.5,109.5,110.0,-720.00323,11,2026-06-03 20:00:13.000000,MSSIS,False,MACKENZIE ROSE,8968765,WDL5245,0.0,0.0,4.9,NY HARBOR,52,none
240580000,37.9458,23.636665,0.0,223.0,179.0,0.0,5,2026-06-03 20:00:13.000000,MSSIS,False,ARIADNE,9135262,SVST,0.0,0.0,6.8,GRPIR,60,none
244841000,52.923656,5.04396,0.0,360.0,511.0,-731.3865,3,2026-06-03 20:00:13.000000,MSSIS,False,SUPPORTER,0,PELA,0.0,0.0,1.0,SURVEYSUPPORTNL,40,none
235068328,51.818142,4.04349,0.0,3.4,511.0,-731.3865,0,2026-06-03 20:00:13.000000,MSSIS,False,INDUS,8884830,2BPZ8,0.0,0.0,3.4,STELLENDAM,52,none
211476060,51.883423,4.4327435,0.0,360.0,242.0,0.0,5,2026-06-03 20:00:13.000000,MSSIS,False,HERKULES X,0,DC3591,0.0,0.0,1.7,ZWIJNDRECHT,90,none
244620114,52.698757,5.2847834,0.4,360.0,511.0,0.0,15,2026-06-03 20:00:09.000000,MSSIS,False,,0,PG4297,0.0,0.0,0.0,,37,none
265613750,57.670628,11.849452,0.1,9.4,511.0,0.0,15,2026-06-03 20:00:09.000000,MSSIS,False,,0,SMUK,0.0,0.0,0.0,,36,none
244723584,52.30305,5.0526867,4.6,143.0,511.0,0.0,15,2026-06-03 20:00:09.000000,MSSIS,False,,0,PE6281,0.0,0.0,0.0,,37,none
244020393,52.383224,4.9023585,2.4,240.8,511.0,-731.3865,0,2026-06-03 20:00:09.000000,MSSIS,False,THE ROSE,0,PB3984,0.0,0.0,1.5,,69,none
227005690,43.695324,7.28494,0.0,55.3,511.0,0.0,15,2026-06-03 20:00:09.000000,MSSIS,False,PILOT BOAT 191,0,,0.0,0.0,0.0,,0,none
367428150,30.28882,-91.217514,0.0,281.8,511.0,-731.3865,5,2026-06-03 20:00:09.000000,MSSIS,False,FRITZ,0,WDF3166,0.0,0.0,3.1,US0WYU0EA6,52,none
244700116,51.84278,4.3933916,11.2,261.9,511.0,-731.3865,0,2026-06-03 20:00:09.000000,MSSIS,False,JEBRITT,0,PD3607,0.0,0.0,2.4,ROTTERDAM BOTLEK  V,90,none
244149450,51.887665,5.44086,0.0,7.1,511.0,-731.3865,15,2026-06-03 20:00:09.000000,MSSIS,False,HENDRIKUS,0,PB4820,0.0,0.0,0.2,,69,none
367081260,47.665916,-122.393135,0.0,360.0,511.0,-731.3865,15,2026-06-03 20:00:09.000000,MSSIS,False,ALASKA VENTURE,0,WDL5130,0.0,0.0,0.0,,33,none
538008585,29.044226,-119.78063,10.7,133.1,133.0,0.0,0,2026-06-03 20:00:09.000000,MSSIS,False,YM ADVANCE,9860685,V7A2539,0.0,0.0,13.1,CN TXG  MX ZLO,70,none
244034442,52.37612,4.905568,0.2,360.0,511.0,-731.3865,0,2026-06-03 20:00:09.000000,MSSIS,False,FAYEN,0,PA5638,0.0,0.0,0.0,,69,none
512144000,-41.264732,174.78786,0.0,76.8,348.0,0.0,5,2026-06-03 20:00:09.000000,MSSIS,False,KAIARAHI,9147291,ZMKL,0.0,0.0,5.8,WLG PIC WLG,60,none
211224720,54.30946,9.673235,0.0,97.3,511.0,-731.3865,5,2026-06-03 20:00:09.000000,MSSIS,False,KORMORAN,0,DBYZ,0.0,0.0,1.5,RENDSBURG,90,none
244479446,52.038635,4.49968,0.0,360.0,511.0,-731.3865,0,2026-06-03 20:00:09.000000,MSSIS,False,NETWAVE SYSTEMS DEMO,0,PE2640,0.0,0.0,8.9,ROTTERDAM,30,none
244700452,52.010365,4.6879935,0.0,360.0,511.0,-731.3865,5,2026-06-03 20:00:09.000000,MSSIS,False,SCHELDESTROOM,0,PE5556,0.0,0.0,0.0,OLDENBURG,79,none
244740878,52.50172,5.421817,0.8,226.8,511.0,-731.3865,5,2026-06-03 20:00:09.000000,MSSIS,False,TIMMY,0,PC2321,0.0,0.0,2.3,MALLEGATZUID,79,none
268242702,34.718422,33.314636,102.3,360.0,511.0,-731.3865,0,2026-06-03 20:00:09.000000,MSSIS,False,NORTH,8812590,T7BM8,0.0,0.0,4.6,VASILIKO PORT,36,none
244670244,51.834267,4.6603217,0.0,360.0,511.0,-731.3865,15,2026-06-03 20:00:09.000000,MSSIS,False,PRINSENLAND,0,PG7711,0.0,0.0,0.0,,99,none
244690411,51.969425,4.1151533,8.6,109.1,511.0,-731.3865,0,2026-06-03 20:00:09.000000,MSSIS,False,SCHIEPLUS,0,PB4611,0.0,0.0,0.0,BUNKEREN ROTTERDAM,80,none
538072175,43.73441,7.4272065,0.0,348.8,259.0,0.0,5,2026-06-03 20:00:09.000000,MSSIS,False,TECHNOMARINE,0,V7A6630,0.0,0.0,0.0,MONACO,37,none
257344000,53.641647,8.111488,0.0,173.8,322.0,0.0,5,2026-06-03 20:00:09.000000,MSSIS,False,HOEGH ESPERANZA,9780354,LAGB8,0.0,0.0,9.2,FOR ORDER,80,none
244070288,51.961143,4.0899215,0.0,360.0,511.0,-731.3865,0,2026-06-03 20:00:09.000000,MSSIS,False,RPA 13,0,PF2224,0.0,0.0,0.0,ROTTERDAM,55,none
211341930,54.3701,10.185825,10.7,221.5,511.0,-731.3865,0,2026-06-03 20:00:09.000000,MSSIS,False,GAARDEN,0,DC6708,0.0,0.0,2.4,KIEL,60,none
477995224,22.309576,114.1587,0.1,83.7,511.0,-731.3865,15,2026-06-03 20:00:09.000000,MSSIS,False,PILOT30,0,VRS4606,0.0,0.0,0.0,,50,none
235072616,52.595123,1.76517,4.5,181.7,179.0,0.0,0,2026-06-03 20:00:09.000000,MSSIS,False,GRAMPIAN TALISKER,9424819,2CGQ2,0.0,0.0,4.4,GREAT YARMOUTH,70,none
538009363,45.99882,-73.17323,0.0,72.4,201.0,0.0,5,2026-06-03 20:00:09.000000,MSSIS,False,STONE I,9380582,V7HX5,0.0,0.0,10.6,CA SOR,80,none
246262000,53.73409,9.442382,0.9,120.1,303.0,0.0,3,2026-06-03 20:00:09.000000,MSSIS,False,MERSEY,9904950,PDTZ,0.0,0.0,2.0,DREDGING   ELBE,33,none
525200066,-2.3736367,104.73499,0.0,360.0,511.0,-731.3865,0,2026-06-03 20:00:09.000000,MSSIS,False,TB LEO POWER 2211,8352552,YDA3972,0.0,0.0,3.0,PALEMBANG,52,none
257024000,55.459145,8.4500065,0.0,184.2,7.0,0.0,5,2026-06-03 20:00:09.000000,MSSIS,False,ISLAND CAPTAIN,9579482,3YHO,0.0,0.0,6.5,ESBJERG,90,none
211352790,53.534042,9.881383,0.0,35.6,511.0,-731.3865,5,2026-06-03 20:00:09.000000,MSSIS,False,LANDRATH KUESTER,0,DPDS,0.0,0.0,2.2,FINKENWERDER,36,none
211100700,53.516804,9.965901,0.0,360.0,511.0,-731.3865,5,2026-06-03 20:00:09.000000,MSSIS,False,ATLAS,0,DF2823,0.0,0.0,2.5,,52,none
244183122,51.785664,4.7645183,1.8,91.1,511.0,-731.3865,0,2026-06-03 20:00:09.000000,MSSIS,False,DE BIESBOSCH,0,PH2432,0.0,0.0,1.4,DORDRECHT,69,none
244190192,51.741985,3.8900566,0.0,360.0,511.0,-731.3865,5,2026-06-03 20:00:09.000000,MSSIS,False,BOU4,170862,PF4310,0.0,0.0,2.0,DEN OSSE,37,none
211774670,53.53296,9.9629,0.0,0.0,511.0,-731.3865,5,2026-06-03 20:00:09.000000,MSSIS,False,QUANTUM,0,DD3939,0.0,0.0,3.4,MARPOL  HAMBURG,99,none
211547600,53.54537,9.967709,0.0,360.0,511.0,-731.3865,15,2026-06-03 20:00:09.000000,MSSIS,False,FEINE DEERN,5108270,DA9600,0.0,0.0,1.3,,60,none
211433070,50.9791,6.97473,0.0,5.7,175.0,0.0,0,2026-06-03 20:00:09.000000,MSSIS,False,LUV,0,DC5528,0.0,0.0,2.2,UNBEKANNT,79,none
232058708,34.917126,33.641033,0.0,0.0,511.0,-731.3865,1,2026-06-03 20:00:13.000000,MSSIS,False,CARUSO,0,MRKN9,0.0,0.0,0.0,,0,none
366884140,39.86788,-75.20845,0.0,86.8,20.0,0.0,1,2026-06-03 20:00:13.000000,MSSIS,False,MARTIN EXPLORER,9160853,WDB3168,0.0,0.0,5.4,MANTUA ANCHORAGE,57,none
211212410,53.521496,8.133933,0.0,70.4,511.0,-731.3865,5,2026-06-03 20:00:13.000000,MSSIS,False,GRIEP,0,DRNF,0.0,0.0,2.4,WHAVEN PORT,0,none
211320900,53.525032,8.144575,0.0,0.0,511.0,-731.3865,0,2026-06-03 20:00:13.000000,MSSIS,False,TAUCHER 3,0,DK3730,0.0,0.0,0.2,WILHELMSHAVEN,99,none
538071939,43.788036,7.6003785,0.0,205.8,311.0,0.0,5,2026-06-03 20:00:13.000000,MSSIS,False,PROVOCATEUR,9802798,V7A6244,0.0,0.0,2.4,ITVEN,90,none
701000564,-34.572815,-58.378723,0.0,0.0,511.0,-731.3865,0,2026-06-03 20:00:13.000000,MSSIS,False,HUA I 616,8692718,LW 6528,0.0,0.0,4.9,BUENOS AIRES,30,none
244780640,52.367718,4.89369,0.0,360.0,511.0,-731.3865,0,2026-06-03 20:00:13.000000,MSSIS,False,KONINGIN MAXIMA,0,PG5241,0.0,0.0,0.0,AMSTERDAM,69,none
235104723,36.7171,-4.413655,0.0,267.6,511.0,-731.3865,5,2026-06-03 20:00:13.000000,MSSIS,False,ZENOBIA,1007483,2HLW8,0.0,0.0,3.5,MALAGA,37,none
319231900,26.748924,-80.04945,0.0,359.0,197.0,0.0,5,2026-06-03 20:00:13.000000,MSSIS,False,ADLER,0,ZGQJ8,0.0,0.0,1.7,WEST PALM BEACH,37,none
244750222,52.367126,4.899775,0.0,0.0,511.0,-731.3865,0,2026-06-03 20:00:13.000000,MSSIS,False,NAJADE,0,PA3531,0.0,0.0,0.0,AMSTERDAH,69,none
367061980,42.628296,-73.75471,0.0,217.3,8.0,0.0,5,2026-06-03 20:00:13.000000,MSSIS,False,KIMBERLY TURECAMO,7914573,WDC6838,0.0,0.0,0.0,ALBANY,52,none
367331110,29.744522,-93.86876,0.0,181.0,313.0,0.0,5,2026-06-03 20:00:13.000000,MSSIS,False,SP IVORY,9423152,WDE2900,0.0,0.0,7.3,SHIP ASSIST LNG,52,none
232032107,53.74714,-0.2917,0.0,334.5,20.0,0.0,5,2026-06-03 20:00:13.000000,MSSIS,False,HANSON THAMES,9887786,MILT6,0.0,0.0,5.1,HULL,33,none
249073000,41.651096,17.34944,11.6,307.8,308.0,0.0,0,2026-06-03 20:00:13.000000,MSSIS,False,RF RAN,1027835,9HA6095,0.0,0.0,5.7,ITRAN,83,none
268251404,44.105232,28.655107,0.0,151.5,183.0,0.0,5,2026-06-03 20:00:13.000000,MSSIS,False,CKR CANGA,9560730,T7DH4,0.0,0.0,4.9,RO CND,79,none
219034268,55.719105,7.65503,0.0,136.4,187.0,0.0,5,2026-06-03 20:00:13.000000,MSSIS,False,WIND DISCOVERY,9530096,OUHH2,0.0,0.0,5.2,HORNS REV 3 E03,90,none
319771000,42.43111,18.69102,0.0,165.3,511.0,-731.3865,5,2026-06-03 20:00:13.000000,MSSIS,False,SAMAR,1008190,ZCPC8,0.0,0.0,3.8,TIVAT MONTENEGRO,37,none
273392550,35.048683,129.00304,0.0,335.2,258.0,0.4017626,0,2026-06-03 20:00:13.000000,MSSIS,False,TORON,9217852,UBYP7,0.0,0.0,6.8,BUSAN,30,none
265007000,51.292126,4.3361115,0.0,2.8,331.0,0.0,5,2026-06-03 20:00:13.000000,MSSIS,False,RAMIRA,9890599,SBOM,0.0,0.0,8.4,BEANR,89,none
227561540,49.586224,-1.2630967,0.0,0.0,511.0,-731.3865,7,2026-06-03 20:00:13.000000,MSSIS,False,FV LA PRESQUILE,8542286,FSFW,0.0,0.0,2.3,CT VAAST LA HOUGUE,30,none
227023300,49.437828,1.0383034,0.0,36.6,244.0,0.0,5,2026-06-03 20:00:13.000000,MSSIS,False,DANIEL LAVAL,9234393,FQBV,0.0,0.0,4.0,CROISSET,33,none
244730659,52.6966,5.2884035,0.0,360.0,511.0,-731.3865,15,2026-06-03 20:00:13.000000,MSSIS,False,FORTUNA,0,PH6832,0.0,0.0,0.1,ENKHUIZEN,69,none
341765000,23.093199,67.99381,0.3,28.3,253.0,0.0,1,2026-06-03 20:00:13.000000,MSSIS,False,NADIA,9122461,V4CL4,0.0,0.0,8.8,AEKLF,70,none
610107307,24.900276,57.463394,4.2,95.0,511.0,-731.3865,1,2026-06-03 20:00:13.000000,MSSIS,False,SEA REGENT,7398561,YB107YL,0.0,0.0,4.7,KFKN,52,none
244184029,52.415264,4.7422385,0.0,360.0,79.0,0.0,5,2026-06-03 20:00:13.000000,MSSIS,False,SOPHIE,0,PG5983,0.0,0.0,1.5,MARL  EVONIK,89,none
244010082,53.02188,5.6892934,0.0,360.0,511.0,-731.3865,5,2026-06-03 20:00:13.000000,MSSIS,False,AMBITIE,0,PD6418,0.0,0.0,0.0,IJSSELMEER,79,none
244660423,51.393124,4.2423434,9.2,342.8,341.0,0.0,0,2026-06-03 20:00:13.000000,MSSIS,False,EMBATA,0,PH2279,0.0,0.0,1.4,ROTTERDAM BOTLEK  BO,80,none
228244700,49.9329,1.08675,0.0,346.0,239.0,-0.044640288,0,2026-06-03 20:00:13.000000,MSSIS,False,SEVEN SISTERS,9320130,FMJR,0.0,0.0,5.3,DIEPPENEWHAVEN,70,none
255913287,43.878498,8.02254,0.0,264.5,253.0,0.0,0,2026-06-03 20:00:13.000000,MSSIS,False,EQUITY,1010741,CRA7246,0.0,0.0,2.0,IMPERIA,37,none
636021605,20.882154,62.405876,8.4,142.3,147.0,0.0,0,2026-06-03 20:00:13.000000,MSSIS,False,DARA,9250244,5LEU2,0.0,0.0,13.0,INGVV,70,none
227442000,44.611843,-1.4442567,6.6,105.9,110.0,720.00323,15,2026-06-03 20:00:13.000000,MSSIS,False,FV SI,9034365,FGYP,0.0,0.0,0.0,,30,none
266283000,49.96109,-2.1584384,9.4,73.9,74.0,0.0,0,2026-06-03 20:00:13.000000,MSSIS,False,OBERON,9377509,SKJF,0.0,0.0,10.5,GB SOT,70,none
258311500,66.80966,13.564948,7.5,271.8,511.0,-731.3865,5,2026-06-03 20:00:12.000000,MSSIS,False,NOVA VIKING,0,LG4313,0.0,0.0,2.0,VAAGAHOLMEN,52,none
567072200,13.672591,100.54578,0.0,0.0,511.0,-731.3865,8,2026-06-03 20:00:12.000000,MSSIS,False,GRACE KORAKOT,8575647,HSB7712,0.0,0.0,3.2,BANGKOK,80,none
567073200,9.434943,99.42925,0.2,285.0,511.0,-731.3865,0,2026-06-03 20:00:13.000000,MSSIS,False,NRATCHAPREUK,8360561,HSB8755,0.0,0.0,4.0,BKK,80,none
613442732,35.176014,35.90683,0.0,0.0,511.0,-731.3865,1,2026-06-03 20:00:13.000000,MSSIS,False,BRIONT,9252955,TJM19O,0.0,0.0,0.0,FOR ORDER,80,none
271002526,40.875698,29.128166,0.0,0.0,511.0,-731.3865,1,2026-06-03 20:00:13.000000,MSSIS,False,NURETTIN ALPTOGAN,0,TC5438,0.0,0.0,0.0,,0,none
232005254,55.039932,-7.2662134,0.0,253.5,226.0,0.0,0,2026-06-03 20:00:13.000000,MSSIS,False,STRATHFOYLE,9777137,MAIQ3,0.0,0.0,4.8,LISAHALLY,52,none
370655000,37.338226,27.264225,0.0,0.0,511.0,-731.3865,1,2026-06-03 20:00:13.000000,MSSIS,False,WHITE PIGEON,0,HO5604,0.0,0.0,0.0,DIDIM D MARIN,37,none
312931000,35.125267,28.287567,11.0,138.5,511.0,-731.3865,0,2026-06-03 20:00:13.000000,MSSIS,False,ROZANA,9198381,V3KK2,0.0,0.0,0.0,EG SUEZ,70,none
232055148,37.002335,27.255503,0.0,0.0,511.0,-731.3865,1,2026-06-03 20:00:13.000000,MSSIS,False,MER DE TAN,0,,0.0,0.0,0.0,,0,none
257240600,65.91402,12.023983,0.2,153.3,266.0,720.00323,0,2026-06-03 20:00:13.000000,MSSIS,False,OV KYA,0,LG7088,0.0,0.0,0.6,HELGELAND OMR,90,none
259610000,62.252937,5.2599783,8.6,233.7,236.0,720.00323,0,2026-06-03 20:00:13.000000,MSSIS,False,HORDAFOR II,7720843,LJWD,0.0,0.0,4.0,MALOY,70,none
271044234,38.78047,26.929508,0.0,0.0,511.0,-731.3865,1,2026-06-03 20:00:18.000000,MSSIS,False,SANMAR CAMADAN,0,,0.0,0.0,0.0,,0,none
271040136,37.118874,27.304108,3.1,115.7,511.0,-731.3865,0,2026-06-03 20:00:13.000000,MSSIS,False,ATALANTE,0,TCWZ3,0.0,0.0,0.0,,0,none
230155730,57.433178,17.253653,7.5,245.8,245.0,0.0,15,2026-06-03 20:00:14.000000,MSSIS,False,,0,OHA4263,0.0,0.0,0.0,,36,none
240428400,39.1382,23.643703,0.1,360.0,511.0,-731.3865,7,2026-06-03 20:00:13.000000,MSSIS,False,KAPETAN SPYROS,0,SVB3521,0.0,0.0,1.0,,30,none
219032700,55.68887,12.6179,0.0,36.9,511.0,0.0,15,2026-06-03 20:00:14.000000,MSSIS,False,MO,0,,0.0,0.0,0.0,,0,none
259625000,69.02092,15.11855,7.0,87.9,511.0,-731.3865,5,2026-06-03 20:00:14.000000,MSSIS,False,BLASIUS II,8959128,LJXE,0.0,0.0,0.0,NOHRD TLF 98076684,60,none
257388400,61.074673,4.836108,0.0,360.0,511.0,-731.3865,5,2026-06-03 20:00:14.000000,MSSIS,False,SOLVIK,0,LFFD,0.0,0.0,1.5,SKULERUTE,69,none
219023434,57.05863,9.893915,0.0,92.4,511.0,0.0,15,2026-06-03 20:00:14.000000,MSSIS,False,,0,XPH2387,0.0,0.0,0.0,,37,none
219018307,55.884247,12.54757,0.0,197.7,511.0,0.0,15,2026-06-03 20:00:14.000000,MSSIS,False,THE FOURTH BLONDE,0,,0.0,0.0,0.0,,0,none
211510610,51.084846,3.73758,0.0,360.0,111.0,0.0,0,2026-06-03 20:00:14.000000,MSSIS,False,LINDENHOF,0,DC2398,0.0,0.0,3.2,STEIN OCI,90,none
211893440,56.03539,12.629454,5.4,352.9,511.0,0.0,15,2026-06-03 20:00:14.000000,MSSIS,False,,0,,0.0,0.0,0.0,,37,none
230184000,59.352238,18.117947,1.1,141.0,316.0,-3.6158633,0,2026-06-03 20:00:14.000000,MSSIS,False,SILJA SERENADE,8715259,OJCS,0.0,0.0,7.1,FIHELFIMHQSESTO,60,none
636018735,36.198605,-4.3037815,12.4,84.8,82.0,0.0,0,2026-06-03 20:00:14.000000,MSSIS,False,SANDERA,9560326,D5RD6,0.0,0.0,4.8,EG DAM,70,none
230985480,58.95303,18.147074,5.3,232.3,511.0,0.0,15,2026-06-03 20:00:14.000000,MSSIS,False,MELINA,0,,0.0,0.0,0.0,,0,none
230186070,59.816814,22.965952,0.0,360.0,116.0,0.0,15,2026-06-03 20:00:14.000000,MSSIS,False,STELLA,0,,0.0,0.0,0.0,,0,none
538004911,35.99465,-5.3566,8.4,77.4,75.0,0.0,0,2026-06-03 20:00:14.000000,MSSIS,False,COLOMBIA EXPRESS,9635664,V7ZT7,0.0,0.0,14.0,MAPTM,71,none
338233823,37.786304,-122.268585,0.0,277.9,511.0,0.0,15,2026-06-03 20:00:14.000000,MSSIS,False,LE NUAGE,0,,0.0,0.0,0.0,,0,none
242539500,35.724846,-4.1377316,9.7,113.0,107.0,0.0,8,2026-06-03 20:00:14.000000,MSSIS,False,BOUKRAAI,1049651,CNA6111,0.0,0.0,0.0,NADOR,52,none
227792230,43.655624,7.180875,0.0,360.0,511.0,0.0,15,2026-06-03 20:00:14.000000,MSSIS,False,CARMINA 2,0,,0.0,0.0,0.0,,0,none
205999330,51.553585,3.80642,0.0,360.0,511.0,0.0,15,2026-06-03 20:00:14.000000,MSSIS,False,TEIMANA,0,,0.0,0.0,0.0,,0,none
244000561,51.82561,4.1356683,0.1,360.0,511.0,0.0,15,2026-06-03 20:00:14.000000,MSSIS,False,,0,PG5740,0.0,0.0,0.0,,36,none
368070610,48.513557,-122.60705,0.0,115.0,115.0,0.0,15,2026-06-03 20:00:14.000000,MSSIS,False,,0,WDK6036,0.0,0.0,0.0,,36,none
372832000,51.61717,3.687235,0.0,201.8,278.0,0.0,5,2026-06-03 20:00:14.000000,MSSIS,False,SJERP 2,6500131,HO2986,0.0,0.0,3.1,NEELTJE JANS,51,none
512219410,-37.66929,176.17874,0.0,360.0,511.0,0.0,15,2026-06-03 20:00:14.000000,MSSIS,False,,0,ZMP5157,0.0,0.0,0.0,,37,none
368257610,36.96826,-76.4144,0.0,360.0,511.0,0.0,15,2026-06-03 20:00:14.000000,MSSIS,False,BLUE LAGOON,0,,0.0,0.0,0.0,,0,none
525019644,-6.714155,112.15337,0.0,360.0,511.0,-731.3865,1,2026-06-03 20:00:14.000000,MSSIS,False,SUCCESSCHALLENGER37,9147435,YGXD,0.0,0.0,8.0,TUBAN,83,none
261037580,54.006065,14.338431,3.9,28.8,511.0,0.0,15,2026-06-03 20:00:14.000000,MSSIS,False,,0,SPS3847,0.0,0.0,0.0,,36,none
211759190,52.51478,13.40882,4.5,99.6,511.0,-731.3865,0,2026-06-03 20:00:14.000000,MSSIS,False,BON AMI,0,DC8131,0.0,0.0,1.0,,60,none
244010297,51.922844,4.2514033,0.0,0.0,511.0,-731.3865,5,2026-06-03 20:00:14.000000,MSSIS,False,JANSJE,0,PG7652,0.0,0.0,0.2,MAASSLUIS,37,none
244110955,52.33546,4.905948,0.0,360.0,511.0,-731.3865,0,2026-06-03 20:00:14.000000,MSSIS,False,BERNARD VAN LEER,0,PF9354,0.0,0.0,1.5,AMSTERDAM,37,none
247540140,43.735023,7.4237266,0.0,290.0,75.0,0.0,5,2026-06-03 20:00:14.000000,MSSIS,False,NO RUSH,9921374,IJ4923,0.0,0.0,3.7,MONACO,37,none
9332999,46.451637,-124.53497,1.3,0.0,0.0,0.0,15,2026-06-03 20:00:14.000000,MSSIS,False,,0,35,0.0,0.0,0.0,,30,none
229707000,43.7887,7.6008334,102.3,360.0,511.0,-731.3865,5,2026-06-03 20:00:14.000000,MSSIS,False,MY HOSHI,0,9HB3639,0.0,0.0,2.2,VENTIMIGLIA,37,none
226216000,47.83527,-4.174412,0.0,332.4,305.0,0.0,0,2026-06-03 20:00:14.000000,MSSIS,False,FV DAMIEN FLORENT,0,FNSD,0.0,0.0,0.0,FISHING GROUND,30,none
338103013,37.326836,-76.37869,2.7,223.4,511.0,0.0,15,2026-06-03 20:00:14.000000,MSSIS,False,TRIPEL,0,,0.0,0.0,0.0,,0,none
256550000,22.611742,38.61709,0.3,119.8,226.0,-1.1160072,0,2026-06-03 20:00:14.000000,MSSIS,False,AGIOS GERASIMOS,9693056,9HA3948,0.0,0.0,11.6,SA RAB,80,none
316007957,47.85775,-51.333958,2.7,22.6,511.0,0.0,15,2026-06-03 20:00:14.000000,MSSIS,False,,0,,0.0,0.0,0.0,,30,none
316019959,43.599854,-65.919624,9.1,292.2,511.0,0.0,15,2026-06-03 20:00:14.000000,MSSIS,False,,0,CH16,0.0,0.0,0.0,,30,none
316007031,48.66807,-123.408325,0.0,360.0,511.0,0.0,15,2026-06-03 20:00:14.000000,MSSIS,False,SUN FISHER,0,,0.0,0.0,0.0,,0,none
316006614,48.20435,-51.28497,1.0,111.9,511.0,0.0,15,2026-06-03 20:00:14.000000,MSSIS,False,,0,,0.0,0.0,0.0,,30,none
316006764,48.65078,-53.115547,0.0,9.4,511.0,0.0,15,2026-06-03 20:00:14.000000,MSSIS,False,LADY MARGUERITE,0,,0.0,0.0,0.0,,0,none
316008245,49.29624,-123.13085,0.0,0.0,213.0,0.0,15,2026-06-03 20:00:14.000000,MSSIS,False,,0,,0.0,0.0,0.0,,37,none
211391250,50.595592,-127.09266,0.0,360.0,511.0,0.0,15,2026-06-03 20:00:14.000000,MSSIS,False,,0,DDUK2,0.0,0.0,0.0,,36,none
316051306,52.15152,-128.09315,0.0,360.0,511.0,0.0,15,2026-06-03 20:00:14.000000,MSSIS,False,,0,BV 30,0.0,0.0,0.0,,37,none
367414880,51.002735,-127.59097,8.8,319.7,325.0,0.0,15,2026-06-03 20:00:14.000000,MSSIS,False,,0,WDJ3976,0.0,0.0,0.0,,30,none
316005502,47.471085,-61.591553,12.6,256.0,511.0,0.0,15,2026-06-03 20:00:14.000000,MSSIS,False,,0,,0.0,0.0,0.0,,30,none
316041353,49.292225,-122.87791,0.1,310.8,511.0,0.0,15,2026-06-03 20:00:14.000000,MSSIS,False,AXE,0,,0.0,0.0,0.0,,0,none
316047894,48.564606,-123.4958,0.0,173.0,511.0,0.0,15,2026-06-03 20:00:14.000000,MSSIS,False,WESTRAY,0,,0.0,0.0,0.0,,0,none
316024284,48.47963,-68.51458,0.2,360.0,511.0,0.0,15,2026-06-03 20:00:14.000000,MSSIS,False,,0,,0.0,0.0,0.0,,51,none
316056479,49.46304,-122.87752,0.1,360.0,511.0,0.0,15,2026-06-03 20:00:14.000000,MSSIS,False,TYTAN,0,,0.0,0.0,0.0,,0,none
503163690,-37.943157,144.99425,0.0,360.0,511.0,0.0,15,2026-06-03 20:00:14.000000,MSSIS,False,MOOREA,0,,0.0,0.0,0.0,,0,none
265785240,59.30427,18.064129,0.0,360.0,511.0,0.0,15,2026-06-03 20:00:15.000000,MSSIS,False,GAULA,0,,0.0,0.0,0.0,,0,none
232014370,58.684635,11.256253,102.3,360.0,95.0,0.0,15,2026-06-03 20:00:15.000000,MSSIS,False,RYO,0,,0.0,0.0,0.0,,0,none
265612120,58.690876,13.201752,0.0,360.0,511.0,0.0,15,2026-06-03 20:00:15.000000,MSSIS,False,,0,SG6306,0.0,0.0,0.0,,36,none
211192420,57.705093,16.761143,2.7,128.4,511.0,0.0,15,2026-06-03 20:00:15.000000,MSSIS,False,TANMATEIX,0,,0.0,0.0,0.0,,0,none
249027000,39.55475,2.354555,17.3,138.7,511.0,0.0,15,2026-06-03 20:00:15.000000,MSSIS,False,,0,9HC2172,0.0,0.0,0.0,,37,none
236112118,36.136944,-5.3563232,0.1,23.7,511.0,0.0,15,2026-06-03 20:00:15.000000,MSSIS,False,,0,,0.0,0.0,0.0,,37,none
247111700,37.986317,12.342223,0.1,341.1,511.0,-731.3865,0,2026-06-03 20:00:14.000000,MSSIS,False,COSTA DEL SOLE,0,IYGW,0.0,0.0,2.4,TRAPANI,60,none
269121220,41.26029,1.928525,0.1,360.0,511.0,0.0,15,2026-06-03 20:00:15.000000,MSSIS,False,,0,HBY6220,0.0,0.0,0.0,,36,none
236112890,36.149925,-5.3562818,0.0,360.0,511.0,0.0,15,2026-06-03 20:00:15.000000,MSSIS,False,,0,ZDTA9,0.0,0.0,0.0,,37,none
368138720,48.401733,-122.49398,0.0,360.0,511.0,0.0,15,2026-06-03 20:00:15.000000,MSSIS,False,,0,WDP2907,0.0,0.0,0.0,,37,none
369309000,40.489063,-73.56936,0.0,22.2,62.0,0.0,1,2026-06-03 20:00:14.000000,MSSIS,False,MAERSK SELETAR,9315197,WTAA,0.0,0.0,12.2,USNWK,70,none
228038380,43.001892,6.200947,0.1,360.0,511.0,0.0,15,2026-06-03 20:00:15.000000,MSSIS,False,,0,FAH6286,0.0,0.0,0.0,,37,none
367755870,32.711407,-117.23212,0.0,180.0,511.0,0.0,15,2026-06-03 20:00:15.000000,MSSIS,False,,0,WDJ2172,0.0,0.0,0.0,,37,none
261007769,42.70741,3.0264833,0.0,360.0,511.0,0.0,15,2026-06-03 20:00:15.000000,MSSIS,False,,0,SPG5925,0.0,0.0,0.0,,36,none
338415067,41.64641,-71.21926,0.0,360.0,511.0,0.0,15,2026-06-03 20:00:15.000000,MSSIS,False,PLASTIC TOY,0,,0.0,0.0,0.0,,0,none
366932120,29.654703,-91.12362,0.0,180.1,236.0,0.0,5,2026-06-03 20:00:14.000000,MSSIS,False,CARIBBEAN DAWN,7029536,WDM5071,0.0,0.0,5.0,AMELIA,57,none
367330940,32.724216,-117.225975,0.0,304.9,116.0,0.0,15,2026-06-03 20:00:15.000000,MSSIS,False,DOLPHIN,0,,0.0,0.0,0.0,,0,none
231108097,61.924095,-6.86745,4.7,101.9,95.0,0.0,0,2026-06-03 20:00:14.000000,MSSIS,False,SVERRI,0,OW2371,0.0,0.0,0.0,MIDVAGUR,37,none
538011279,24.790958,67.26865,0.0,55.4,104.0,0.0,5,2026-06-03 20:00:14.000000,MSSIS,False,YASA PLUTO,1014670,V7A6897,0.0,0.0,13.0,PK BQM,70,none
538005865,28.841763,-95.15688,0.1,356.4,62.0,0.0,1,2026-06-03 20:00:14.000000,MSSIS,False,ARDMORE CHEROKEE,9707845,V7HR9,0.0,0.0,6.2,USFPO,89,none
422206204,25.11398,60.835785,2.3,322.8,511.0,-731.3865,15,2026-06-03 20:00:14.000000,MSSIS,False,ADELKQAYYUM,155456204,69,0.0,0.0,0.0,IRANRAMEN,30,none
247387650,44.097546,9.829766,0.0,360.0,511.0,0.0,15,2026-06-03 20:00:15.000000,MSSIS,False,,0,IK 9902,0.0,0.0,0.0,,36,none
538002511,46.027184,-122.869415,0.0,156.0,139.0,0.0,5,2026-06-03 20:00:14.000000,MSSIS,False,ALFA,9296808,V7JF9,0.0,0.0,7.0,US KAM,70,none
368184910,29.720863,-93.86456,0.0,247.4,236.0,0.0,0,2026-06-03 20:00:14.000000,MSSIS,False,SPINDLETOP,0,WDM2079,0.0,0.0,0.0,SABINE PILOTS,50,none
367113120,40.722904,-73.972145,0.2,130.8,11.0,0.0,0,2026-06-03 20:00:14.000000,MSSIS,False,SHAWN MILLER,0,WDD2268,0.0,0.0,1.9,US0YSX0YSX,31,none
367639280,40.690517,-72.27427,0.0,342.1,511.0,-731.3865,0,2026-06-03 20:00:14.000000,MSSIS,False,HUNTER,0,WDH6561,0.0,0.0,0.0,,0,none
368351450,26.880154,-80.07301,0.0,360.0,511.0,0.0,15,2026-06-03 20:00:15.000000,MSSIS,False,,0,WDP3349,0.0,0.0,0.0,,37,none
357357000,45.06075,-66.040085,6.7,22.2,14.0,-17.856115,0,2026-06-03 20:00:14.000000,MSSIS,False,BALSA 96,9800879,3FBT,0.0,0.0,4.9,CASJB,70,none
538011024,46.48345,-72.23833,9.6,198.2,198.0,0.0,0,2026-06-03 20:00:14.000000,MSSIS,False,AMIRANTE,9629706,V7A6466,0.0,0.0,11.1,CA MTR,89,none
368142090,33.9178,-78.02876,0.0,360.0,511.0,0.0,15,2026-06-03 20:00:15.000000,MSSIS,False,,0,WDL5543,0.0,0.0,0.0,,37,none
316003090,44.661564,-63.55743,0.0,26.7,348.0,0.0,5,2026-06-03 20:00:14.000000,MSSIS,False,RV LEEWAY ODYSSEY,7635995,CFA2372,0.0,0.0,4.0,HALIFAX,90,none
368357320,28.488047,-94.70487,0.2,358.9,511.0,-731.3865,0,2026-06-03 20:00:14.000000,MSSIS,False,CHERAMIE WRENN,8975287,WDP8746,0.0,0.0,3.0,FREEPORT TX,70,none
316033402,47.59073,-53.265366,0.0,4.6,305.0,0.0,5,2026-06-03 20:00:14.000000,MSSIS,False,NEWFOUNDLAND VICTOR,9787223,VCAO,0.0,0.0,8.0,STJOHNSNL,30,none
255915572,48.29301,-69.08322,0.0,357.0,194.0,0.0,1,2026-06-03 20:00:14.000000,MSSIS,False,ARA ROTTERDAM,9549566,CQ2030,0.0,0.0,5.9,CAGAE,70,none
316033265,46.761692,-71.25304,5.8,47.8,47.0,0.0,0,2026-06-03 20:00:14.000000,MSSIS,False,ROSSI A DESGAGNES,9804435,CFCI,0.0,0.0,5.3,CAQUE,89,none
311000779,46.004036,-59.35296,10.1,5.3,4.0,-3.6158633,0,2026-06-03 20:00:14.000000,MSSIS,False,DONALD M JAMES,9770555,C6DT6,0.0,0.0,12.6,CABEL,70,none
636016801,46.187817,-59.186768,12.9,161.3,159.0,0.0,0,2026-06-03 20:00:14.000000,MSSIS,False,HIGH TRUST,9696254,D5HW6,0.0,0.0,11.4,USHVN,80,none
271053805,39.277824,26.525173,7.0,147.7,147.0,0.0,1,2026-06-03 20:00:14.000000,MSSIS,False,NEW FUTURE,1092660,TCA8783,0.0,0.0,0.0,ISTANBUL,80,none
271002307,40.951984,29.09248,0.0,0.0,511.0,-731.3865,1,2026-06-03 20:00:14.000000,MSSIS,False,PIYALE PASA,9150274,TCCA2,0.0,0.0,0.0,BANDIRMA,40,none
538011630,31.7171,35.999462,0.0,122.7,511.0,-731.3865,1,2026-06-03 20:00:14.000000,MSSIS,False,CSS DIJLE,1078676,V7A3220,0.0,0.0,3.5,ORDER,56,none
667022000,36.688057,36.197037,0.0,0.0,511.0,-731.3865,1,2026-06-03 20:00:14.000000,MSSIS,False,ANTARES,8943404,9LC2001,0.0,0.0,0.0,TR ISK,79,none
613741800,38.984352,25.726686,12.2,172.3,169.0,0.0,0,2026-06-03 20:00:14.000000,MSSIS,False,NELSA,9408205,TJMO4M,0.0,0.0,0.0,SUEZ FOR ORDER,80,none
636022903,-37.813732,144.91255,0.0,318.9,181.0,0.0,5,2026-06-03 20:00:14.000000,MSSIS,False,PELION,9967407,5LKZ5,0.0,0.0,13.3,AUMEL,70,none
258219280,64.74975,11.18733,0.0,360.0,511.0,5.401475,0,2026-06-03 20:00:15.000000,MSSIS,False,FOSNA MALIN,0,LG9008,0.0,0.0,0.0,FISHFARM,70,none
257818800,62.336975,6.3764915,0.1,360.0,511.0,-731.3865,0,2026-06-03 20:00:15.000000,MSSIS,False,SALTREKONGEN,0,LG9338,0.0,0.0,0.0,,70,none
352002253,8.916284,-79.52896,0.0,360.0,511.0,-731.3865,0,2026-06-03 20:00:14.000000,MSSIS,False,TUIRA II,0,HO4426,0.0,0.0,2.0,AMADOR,60,none
374725000,9.015734,-79.611664,2.6,304.3,511.0,-731.3865,0,2026-06-03 20:00:14.000000,MSSIS,False,PEQUENI,0,TUGPQ,0.0,0.0,0.0,,52,none
265599930,58.881325,11.124146,5.8,132.4,130.0,-720.00323,0,2026-06-03 20:00:15.000000,MSSIS,False,NEREUS,0,SKTD,0.0,0.0,2.0,TJARNO,33,none
276845000,57.948692,22.126207,0.0,354.8,274.0,0.0,5,2026-06-03 20:00:15.000000,MSSIS,False,MARIE,8702757,ESLF,0.0,0.0,5.0,MONTU,30,none
311001550,43.342285,5.3378983,0.0,206.5,124.0,0.0,5,2026-06-03 20:00:15.000000,MSSIS,False,VIDANTAWORLDSELEGANT,8709573,C6HS2,0.0,0.0,5.8,MARSEILLEFRANCE,69,none
310013000,43.276154,6.611377,0.4,248.8,270.0,0.0,1,2026-06-03 20:00:15.000000,MSSIS,False,ATLANTIS II,1000667,VSBQ9,0.0,0.0,4.2,ST TROPEZ,37,none
622123257,31.218452,32.339844,0.1,266.1,193.0,0.044640288,3,2026-06-03 20:00:15.000000,MSSIS,False,SALAM8,9429405,6AFM,0.0,0.0,6.0,PORT SAID,0,none
256002829,43.694016,10.380248,0.0,116.6,26.0,0.0,5,2026-06-03 20:00:15.000000,MSSIS,False,ZOUT,0,9HB8922,0.0,0.0,2.3,CANTIERI DI PISA,37,none
232001480,55.928986,-4.9040284,11.9,37.9,37.0,0.0,0,2026-06-03 20:00:15.000000,MSSIS,False,SD IMPULSE,9050797,GCOW,0.0,0.0,4.2,FASLANE,52,none
211408230,53.468987,10.190492,0.0,360.0,511.0,-731.3865,5,2026-06-03 20:00:15.000000,MSSIS,False,SERRAHN DEERN,0,DJ5271,0.0,0.0,1.0,HAMBURG,20,none
413865672,22.329533,114.11648,0.0,243.2,243.0,0.0,5,2026-06-03 20:00:15.000000,MSSIS,False,ZHONGHANG933,0,,0.0,0.0,2.8,HONG KONG,70,none
244095000,53.408417,6.2102,0.0,334.0,339.0,0.0,0,2026-06-03 20:00:15.000000,MSSIS,False,WL39 MONTE SR,8432431,PDWL,0.0,0.0,2.0,VISGRONDEN,30,none
369970099,45.581745,-122.76316,0.0,111.2,511.0,-731.3865,5,2026-06-03 20:00:15.000000,MSSIS,False,REDLINGER,0,WDF3108,0.0,0.0,2.0,,35,none
205577990,51.0877,3.662915,0.0,360.0,511.0,-731.3865,5,2026-06-03 20:00:15.000000,MSSIS,False,PANDA,0,OT 5779,0.0,0.0,0.0,GENT MOERVAART  CARG,99,none
205581790,51.88693,4.2876167,0.0,341.0,162.0,0.0,5,2026-06-03 20:00:15.000000,MSSIS,False,OMEGA,0,OT5817,0.0,0.0,2.4,BOTLEK  2E WERKHAVEN,89,none
255915843,40.805103,-73.89827,0.0,124.6,75.0,0.0,5,2026-06-03 20:00:15.000000,MSSIS,False,NACC NEWYORKER,9499723,CQ2301,0.0,0.0,9.7,USNYC,70,none
244710482,52.89379,5.6963816,5.0,84.3,511.0,-731.3865,8,2026-06-03 20:00:15.000000,MSSIS,False,BEATRIX,0,PF2345,0.0,0.0,1.1,HEEG,69,none
244092220,51.849747,5.85213,0.1,172.8,511.0,-731.3865,5,2026-06-03 20:00:15.000000,MSSIS,False,CARMEN 1,0,PI5431,0.0,0.0,1.6,SPEYER,69,none
211415000,53.33494,6.303467,0.0,216.0,511.0,-731.3865,7,2026-06-03 20:00:15.000000,MSSIS,False,GRE34 EMILLY SOPHIA,0,DLZN,0.0,0.0,2.6,DUITSE BAHAMAS,30,none
525023380,-6.0990667,106.90593,0.0,249.1,1.0,0.044640288,5,2026-06-03 20:00:15.000000,MSSIS,False,NEWWINNER,9213193,YBCG2,0.0,0.0,8.5,JAKARTA,80,none
367340680,43.65506,-70.20091,5.5,79.6,511.0,-731.3865,0,2026-06-03 20:00:16.000000,MSSIS,False,MACHIGONNE II,0,WBT2391,0.0,0.0,0.0,,60,none
538009210,27.818022,-97.42411,0.0,315.0,113.0,0.0,5,2026-06-03 20:00:16.000000,MSSIS,False,LUCA,9894806,V7A4454,0.0,0.0,6.4,USCRP,70,none
244849000,51.389828,3.7527034,0.0,5.6,289.0,0.0,1,2026-06-03 20:00:16.000000,MSSIS,False,KRAKESANDT,9823807,PELG,0.0,0.0,6.8,EVERINGEN,33,none
247158700,91.53333,181.0,102.3,360.0,511.0,-731.3865,7,2026-06-03 20:00:16.000000,MSSIS,False,LIREKI,8649412,IQLU,0.0,0.0,4.0,MAZARA,30,none
367788350,41.227165,-68.15262,3.4,3.7,26.0,-720.00323,7,2026-06-03 20:00:16.000000,MSSIS,False,SEA WATCHER II,0,WDJ5509,0.0,0.0,0.0,NEW BEDFORD,30,none
563309800,44.15595,28.653913,0.0,38.6,8.0,0.0,0,2026-06-03 20:00:16.000000,MSSIS,False,PITT ISLAND,9615157,9V9322,0.0,0.0,10.9,RO CND,70,none
211519510,54.32719,13.529027,3.5,321.5,145.0,0.0,0,2026-06-03 20:00:16.000000,MSSIS,False,KLEINE FREIHEIT,0,DG9516,0.0,0.0,1.8,LAUTERBACH  BAABE,60,none
253242216,51.07654,3.737325,0.0,360.0,354.0,0.0,5,2026-06-03 20:00:16.000000,MSSIS,False,BOREAS,0,PB2448,0.0,0.0,2.0,DUNKERQUE,80,none
667001639,44.11325,28.768389,0.1,258.1,180.0,0.0,1,2026-06-03 20:00:16.000000,MSSIS,False,GAMMA STAR,7703259,9LU2442,0.0,0.0,5.2,FOR ORDER,70,none
263423380,38.59,-9.661055,2.6,354.2,511.0,-731.3865,15,2026-06-03 20:00:16.000000,MSSIS,False,AVO NICO,0,CUDR5,0.0,0.0,0.0,,30,none
205588690,51.298428,4.2956266,0.0,302.3,295.0,0.0,5,2026-06-03 20:00:16.000000,MSSIS,False,ABRUZZO,0,OT5886,0.0,0.0,0.0,,79,none
567999991,13.13627,100.8754,0.2,23.1,511.0,-731.3865,8,2026-06-03 20:00:15.000000,MSSIS,False,OPK2,9092628,HSB7774,0.0,0.0,2.4,BKK,70,none
477389600,-21.262278,149.31291,0.0,316.6,170.0,0.0,5,2026-06-03 20:00:15.000000,MSSIS,False,HEBEI QINHUANGDAO,9482689,VRHW3,0.0,0.0,7.5,AU HPT,70,none
211239080,37.147373,-7.1785517,7.6,91.5,511.0,0.0,15,2026-06-03 20:00:15.000000,MSSIS,False,,0,DNTT,0.0,0.0,0.0,,36,none
368190490,39.156452,-76.53316,0.1,360.0,511.0,0.0,15,2026-06-03 20:00:15.000000,MSSIS,False,,0,WDM2682,0.0,0.0,0.0,,37,none
367645420,33.609596,-117.891045,0.0,89.8,511.0,0.0,15,2026-06-03 20:00:15.000000,MSSIS,False,,0,,0.0,0.0,0.0,,36,none
368028850,39.28029,-76.58212,0.0,360.0,511.0,0.0,15,2026-06-03 20:00:15.000000,MSSIS,False,,0,WDJ9730,0.0,0.0,0.0,,36,none
338490724,28.555044,-80.7954,0.4,130.4,511.0,0.0,15,2026-06-03 20:00:15.000000,MSSIS,False,,0,,0.0,0.0,0.0,,37,none
251343740,66.05293,-21.47107,9.8,216.3,511.0,0.0,15,2026-06-03 20:00:15.000000,MSSIS,False,,0,1764,0.0,0.0,0.0,,30,none
368217580,34.044693,-77.889534,0.0,360.0,511.0,0.0,15,2026-06-03 20:00:15.000000,MSSIS,False,,0,THE DOG,0.0,0.0,0.0,,37,none
338429021,40.44636,-74.20063,0.0,0.0,511.0,0.0,15,2026-06-03 20:00:15.000000,MSSIS,False,TURAS,0,,0.0,0.0,0.0,,0,none
338547665,40.617508,-73.90899,0.0,360.0,322.0,0.0,15,2026-06-03 20:00:15.000000,MSSIS,False,,0,,0.0,0.0,0.0,,37,none
338250619,44.140995,-68.81654,0.2,47.6,511.0,0.0,15,2026-06-03 20:00:15.000000,MSSIS,False,SHM PROTECTOR,0,,0.0,0.0,0.0,,0,none
338406654,42.772083,-86.19583,0.0,360.0,511.0,0.0,15,2026-06-03 20:00:15.000000,MSSIS,False,,0,,0.0,0.0,0.0,,37,none
251842740,64.9393,-23.755669,24.9,139.6,511.0,0.0,15,2026-06-03 20:00:15.000000,MSSIS,False,,0,7711,0.0,0.0,0.0,,30,none
232061504,40.555843,14.243435,0.0,360.0,511.0,0.0,15,2026-06-03 20:00:15.000000,MSSIS,False,,0,MSER2,0.0,0.0,0.0,,37,none
244386954,52.63644,5.0580816,0.0,360.0,511.0,0.0,15,2026-06-03 20:00:15.000000,MSSIS,False,TANITH,0,,0.0,0.0,0.0,,0,none
257016830,59.906895,10.725768,0.1,20.9,511.0,0.0,15,2026-06-03 20:00:15.000000,MSSIS,False,NAOMI III,0,,0.0,0.0,0.0,,0,none
219028273,55.02164,9.657592,5.0,323.1,511.0,0.0,15,2026-06-03 20:00:16.000000,MSSIS,False,,0,XPH6815,0.0,0.0,0.0,,36,none
219024144,54.851116,10.523802,0.0,360.0,511.0,0.0,15,2026-06-03 20:00:16.000000,MSSIS,False,EXPLORER,0,,0.0,0.0,0.0,,0,none
441142000,-33.916225,18.438948,0.0,251.9,511.0,-731.3865,0,2026-06-03 20:00:06.000000,MSSIS,False,NO103 BADA,8703488,DTBT8,0.0,0.0,4.2,CAPETOWN,30,none
205458790,51.816338,4.6550417,0.0,79.1,511.0,-731.3865,0,2026-06-03 20:00:06.000000,MSSIS,False,GAMBLER 20,0,H580,0.0,0.0,0.0,,79,none
244660202,52.210087,5.00246,7.4,9.7,511.0,-731.3865,0,2026-06-03 20:00:06.000000,MSSIS,False,RESRES 2,0,2446602,0.0,0.0,0.0,ORSOY,0,none
232058314,51.505535,-2.7061684,0.0,117.7,117.0,0.0,3,2026-06-03 20:00:06.000000,MSSIS,False,TRYM,0,MRIC7,0.0,0.0,2.0,DREDGING AVO,33,none
244700343,52.958088,4.769358,0.0,0.0,511.0,-731.3865,15,2026-06-03 20:00:06.000000,MSSIS,False,GAR,0,PG2046,0.0,0.0,1.8,ONDERWEG,52,none
270468000,50.09336,14.422361,0.0,206.8,511.0,-731.3865,0,2026-06-03 20:00:06.000000,MSSIS,False,KLARA,0,OL6505,0.0,0.0,0.0,PRAHA,69,none
211247120,53.652966,9.510897,0.1,315.0,344.0,0.0,0,2026-06-03 20:00:06.000000,MSSIS,False,FAIRPLAY57,9036246,DGBG,0.0,0.0,4.5,BUETZFLETH,52,none
244180951,52.370117,4.89788,1.2,303.0,511.0,-731.3865,0,2026-06-03 20:00:06.000000,MSSIS,False,LAMAYDAY,0,PF3032,0.0,0.0,0.8,,69,none
226016410,49.29422,1.0031784,8.4,112.5,108.0,0.0,0,2026-06-03 20:00:06.000000,MSSIS,False,IMMACULATA,0,FM7977,0.0,0.0,2.0,PONTROUTE DE GENNEVI,79,none
244660477,49.5402,8.41264,0.2,246.4,79.0,0.0,5,2026-06-03 20:00:06.000000,MSSIS,False,CARPE NOCTEM,0,PD2585,0.0,0.0,2.8,ROTTERDAM WELPLAATH,80,none
538008453,-34.24531,-58.723694,4.5,101.5,102.0,0.0,0,2026-06-03 20:00:06.000000,MSSIS,False,ND ARISTEIA,9788681,V7A2374,0.0,0.0,10.5,AU GEX,70,none
244690927,52.403065,4.79022,1.1,113.4,511.0,-731.3865,0,2026-06-03 20:00:06.000000,MSSIS,False,PAULINE,0,PD8963,0.0,0.0,3.5,AZIEHAVEN,79,none
255805390,57.938847,5.248365,9.9,109.4,109.0,0.0,0,2026-06-03 20:00:05.000000,MSSIS,False,CYPRUS CEMENT,9037173,CQSS,0.0,0.0,4.8,DERSK,70,none
564246000,34.68156,128.86833,12.1,41.0,42.0,0.0,0,2026-06-03 20:00:10.000000,MSSIS,False,SATTHA BHUM,9240330,9VPQ2,0.0,0.0,12.5,KRPUS,74,none
246663000,55.396183,7.5300584,9.7,84.0,86.0,1.1160072,0,2026-06-03 20:00:10.000000,MSSIS,False,HAPPY DIAMOND,9551947,PBXK,0.0,0.0,8.0,DKEBJ,70,none
230061800,59.407616,18.32837,0.0,155.6,511.0,0.0,15,2026-06-03 20:00:10.000000,MSSIS,False,,0,OH3709,0.0,0.0,0.0,,52,none
248527000,36.414265,17.425709,8.5,270.5,271.0,0.0,0,2026-06-03 20:00:10.000000,MSSIS,False,MICHELLE 1,9516246,9HA2395,0.0,0.0,6.3,BGVARFRNTE,70,none
265078910,59.22687,18.55927,0.0,360.0,511.0,0.0,15,2026-06-03 20:00:10.000000,MSSIS,False,,0,,0.0,0.0,0.0,,37,none
219654000,9.210254,-79.918175,6.1,321.1,326.0,3.6158633,0,2026-06-03 20:00:09.000000,MSSIS,False,NAVIGARE GAIA,9694634,OVIH2,0.0,0.0,8.1,USFPO,80,none
219022728,59.27551,17.847113,0.0,137.5,511.0,0.0,15,2026-06-03 20:00:10.000000,MSSIS,False,,0,XPE8973,0.0,0.0,0.0,,37,none
663076000,14.673159,-17.4262,0.1,360.0,511.0,-731.3865,1,2026-06-03 20:00:09.000000,MSSIS,False,VB NORA,9264374,6WKB,0.0,0.0,4.2,BUNKERING AREA,52,none
224009000,14.686407,-17.431017,0.0,360.0,511.0,-731.3865,15,2026-06-03 20:00:09.000000,MSSIS,False,RIODOMAR CUARTO,9317626,EAYH,0.0,0.0,0.0,,30,none
244928588,37.404724,-1.57615,0.1,184.8,511.0,0.0,15,2026-06-03 20:00:10.000000,MSSIS,False,SAILING NOMAD,0,,0.0,0.0,0.0,,0,none
205503870,51.501972,4.1875834,0.0,0.0,0.0,0.0,15,2026-06-03 20:00:10.000000,MSSIS,False,,0,OQ5038,0.0,0.0,0.0,,37,none
412580000,20.904976,-17.042381,0.0,122.0,511.0,0.0,15,2026-06-03 20:00:10.000000,MSSIS,False,,0,,0.0,0.0,0.0,,30,none
503182760,-17.59982,146.12384,0.0,252.0,511.0,-731.3865,5,2026-06-03 20:00:09.000000,MSSIS,False,ENGAGE GHOST,9317327,VKAT,0.0,0.0,4.8,CAIRNS,52,none
503041780,-24.75998,152.38782,0.0,173.7,229.0,0.0,15,2026-06-03 20:00:09.000000,MSSIS,False,,0,VJT5921,0.0,0.0,0.0,,67,none
506000700,9.99366,98.5696,0.0,360.0,511.0,-731.3865,5,2026-06-03 20:00:09.000000,MSSIS,False,MV WERU PACK KHA,0,XYGG,0.0,0.0,25.5,YANGON,37,none
441954000,13.104069,100.75915,0.0,290.3,207.0,0.0,1,2026-06-03 20:00:09.000000,MSSIS,False,DONGBANG GIANT NO6,9593397,D8BI,0.0,0.0,5.1,TH LCH,70,none
240251200,36.41418,27.389574,0.2,360.0,511.0,-731.3865,5,2026-06-03 20:00:09.000000,MSSIS,False,ARTEMIS,0,SVA9692,0.0,0.0,0.0,,36,none
240931000,37.71153,24.063938,0.0,334.0,182.0,0.0,5,2026-06-03 20:00:09.000000,MSSIS,False,SUPERRUNNER JET,9141883,SVAF2,0.0,0.0,2.6,RAFLAV,49,none
241693000,0.31654668,9.399808,0.2,91.5,358.0,-2.187374,1,2026-06-03 20:00:09.000000,MSSIS,False,DESERT HONOUR,9861330,SVDG5,0.0,0.0,7.1,GA OWE,70,none
319203900,37.115974,27.285763,0.1,307.1,235.0,0.0,1,2026-06-03 20:00:09.000000,MSSIS,False,MESERRET 3,1002445,ZG0C9,0.0,0.0,0.0,YALIKAVAK,37,none
265670900,55.69441,12.60012,0.0,144.5,511.0,0.0,15,2026-06-03 20:00:10.000000,MSSIS,False,RUBY,0,,0.0,0.0,0.0,,0,none
257052800,59.832954,5.72181,0.0,194.8,511.0,-731.3865,0,2026-06-03 20:00:09.000000,MSSIS,False,TORNEROSE,29862,JWWG,0.0,0.0,0.0,SUNDELERV,60,none
257363500,66.54327,13.197322,11.5,158.2,155.0,0.0,0,2026-06-03 20:00:09.000000,MSSIS,False,TYSFJORD,0,LGOB,0.0,0.0,0.0,JEKTVIKKILBOGHAMN,60,none
316009361,36.12117,-5.434768,0.0,304.4,511.0,0.0,15,2026-06-03 20:00:10.000000,MSSIS,False,JOANA,0,,0.0,0.0,0.0,,0,none
226002250,51.009304,2.3665683,0.0,0.0,511.0,-731.3865,0,2026-06-03 20:00:10.000000,MSSIS,False,VULCAIN,0,FM5790,0.0,0.0,0.3,DUNKERQUE,80,none
213520000,41.651127,41.6445,0.1,111.8,511.0,-731.3865,15,2026-06-03 20:00:10.000000,MSSIS,False,MTA SAR 01,0,4LVC2,0.0,0.0,1.0,,51,none
232043367,28.481443,-13.273332,19.9,213.4,213.0,0.0,0,2026-06-03 20:00:10.000000,MSSIS,False,MAERSK CAMPTON,9924211,MMBQ4,0.0,0.0,11.8,SGSIN,73,none
255805594,40.70905,-9.828069,7.9,1.8,357.0,-7.5442085,0,2026-06-03 20:00:10.000000,MSSIS,False,SVENDBORG,9454230,CQHS,0.0,0.0,7.6,GB SOU,71,none
247301200,44.41754,8.800558,0.0,360.0,47.0,0.0,5,2026-06-03 20:00:10.000000,MSSIS,False,GLORIS,0,IKPG2,0.0,0.0,0.0,ITGOA,99,none
338405303,32.725822,-117.190315,0.0,3.8,5.0,0.0,15,2026-06-03 20:00:10.000000,MSSIS,False,,0,,0.0,0.0,0.0,,37,none
244010374,53.324287,6.001068,0.0,79.4,511.0,0.0,15,2026-06-03 20:00:10.000000,MSSIS,False,IRON LADY,0,,0.0,0.0,0.0,,0,none
367705440,32.717964,-117.22714,0.0,45.3,511.0,0.0,15,2026-06-03 20:00:10.000000,MSSIS,False,,0,WDI5127,0.0,0.0,0.0,,37,none
212736000,51.9058,4.5673666,0.1,285.1,283.0,0.0,5,2026-06-03 20:00:10.000000,MSSIS,False,SEAWAY,1039266,5BPV6,0.0,0.0,0.0,KRIMPEN1,33,none
357486000,46.4047,-72.37989,0.1,5.2,230.0,0.0,5,2026-06-03 20:00:10.000000,MSSIS,False,RUKAI BENEFIT,9855692,H9XH,0.0,0.0,9.7,CA BEC,70,none
275558000,51.328148,4.3352466,0.0,51.5,78.0,0.0,5,2026-06-03 20:00:10.000000,MSSIS,False,NAUTICA,9976331,YLSO,0.0,0.0,6.8,BEANR,70,none
370901000,37.953663,23.551535,0.0,33.1,269.0,0.0,5,2026-06-03 20:00:10.000000,MSSIS,False,CHRISTOS XXIV,7041625,HP3603,0.0,0.0,6.0,SALAMINA,52,none
244387716,51.929283,4.16737,0.0,360.0,511.0,-731.3865,5,2026-06-03 20:00:10.000000,MSSIS,False,LAMARA,0,PC8063,0.0,0.0,3.0,2E PETROLEUMHAVEN,89,none
347004500,14.011501,-60.991417,0.0,41.7,82.0,0.0,0,2026-06-03 20:00:10.000000,MSSIS,False,PLIS FOS,9906245,FMVB,0.0,0.0,6.2,LCCAS,52,none
249725000,43.73671,7.423723,0.0,349.5,170.0,0.0,5,2026-06-03 20:00:10.000000,MSSIS,False,PARILLION,9743368,9HA4355,0.0,0.0,2.8,ANTIBES,37,none
311020700,18.011417,-63.04865,0.0,112.6,229.0,0.0,5,2026-06-03 20:00:10.000000,MSSIS,False,ALLURE OF THE SEAS,9383948,C6XS8,0.0,0.0,9.3,SX PHI,60,none
210517000,5.8499165,-52.690933,14.1,319.0,324.0,0.0,0,2026-06-03 20:00:10.000000,MSSIS,False,PUKA,9374973,5BCE6,0.0,0.0,5.7,GPPTP,79,none
211534120,52.52107,13.33919,6.7,200.1,511.0,-731.3865,0,2026-06-03 20:00:10.000000,MSSIS,False,PRINS BRNHB,0,DC5051,0.0,0.0,0.0,,69,none
227822320,43.55493,4.0810366,0.0,327.6,511.0,0.0,15,2026-06-03 20:00:10.000000,MSSIS,False,LIBERTE,0,,0.0,0.0,0.0,,0,none
338356397,27.901062,-97.136696,0.0,360.0,511.0,0.0,15,2026-06-03 20:00:10.000000,MSSIS,False,,0,,0.0,0.0,0.0,,37,none
538006428,16.006355,-63.36451,10.3,243.9,244.0,3.6158633,0,2026-06-03 20:00:10.000000,MSSIS,False,RB MYA,9730842,V7NA4,0.0,0.0,7.8,CO NVO,70,none
203246209,43.448048,4.4224367,0.0,360.0,511.0,0.0,15,2026-06-03 20:00:10.000000,MSSIS,False,KAPRIKON,0,,0.0,0.0,0.0,,0,none
228175850,43.29342,5.36724,0.1,360.0,511.0,0.0,15,2026-06-03 20:00:10.000000,MSSIS,False,AURA,0,,0.0,0.0,0.0,,0,none
244034000,52.09927,4.26387,0.0,360.0,511.0,-731.3865,0,2026-06-03 20:00:10.000000,MSSIS,False,OCEAAN,8873805,PGLN,0.0,0.0,2.5,SCHEVENINGEN,52,none
253032000,43.817627,7.790332,0.0,360.0,511.0,0.0,15,2026-06-03 20:00:10.000000,MSSIS,False,,0,LXHA,0.0,0.0,0.0,,37,none
368456320,18.034283,-63.090034,0.7,0.0,42.0,0.0,15,2026-06-03 20:00:10.000000,MSSIS,False,,0,,0.0,0.0,0.0,,37,none
244670173,51.849876,6.106652,0.0,360.0,511.0,-731.3865,5,2026-06-03 20:00:10.000000,MSSIS,False,ZWAANTJE 5,0,PG7802,0.0,0.0,0.0,LOBITH,89,none
368259990,48.366825,-124.61169,0.0,360.0,74.0,0.0,15,2026-06-03 20:00:10.000000,MSSIS,False,NORDIC FOX,0,,0.0,0.0,0.0,,0,none
248998000,51.48695,1.2034833,20.2,271.9,270.0,1.1160072,0,2026-06-03 20:00:10.000000,MSSIS,False,LISMORE,9848467,9HA4907,0.0,0.0,6.0,BEZEEGBTIL,79,none
370587000,49.457905,0.162455,0.0,86.2,282.0,0.0,5,2026-06-03 20:00:10.000000,MSSIS,False,ONE HENRY HUDSON,9302176,3ETK4,0.0,0.0,10.7,FR LEH,70,none
256003917,43.736607,7.4223666,0.0,360.0,511.0,0.0,15,2026-06-03 20:00:10.000000,MSSIS,False,QUEEN MARTINA,0,,0.0,0.0,0.0,,0,none
205574910,16.221067,-61.529633,0.1,190.7,511.0,0.0,15,2026-06-03 20:00:10.000000,MSSIS,False,,0,OQ5785,0.0,0.0,0.0,,36,none
306411004,18.1004,-63.07293,0.3,286.9,511.0,0.0,15,2026-06-03 20:00:10.000000,MSSIS,False,,0,PJ70794,0.0,0.0,0.0,,37,none
228256980,44.67415,-1.2384334,0.0,282.9,511.0,-731.3865,5,2026-06-03 20:00:10.000000,MSSIS,False,SNS1713,0,FAL5141,0.0,0.0,0.0,LA VIGNE,51,none
347021160,14.470165,-60.866196,0.0,360.0,511.0,0.0,15,2026-06-03 20:00:10.000000,MSSIS,False,SAIL FISH,0,,0.0,0.0,0.0,,0,none
319321900,14.41971,-60.90116,3.3,356.6,511.0,0.0,15,2026-06-03 20:00:10.000000,MSSIS,False,,0,ZGUT7,0.0,0.0,0.0,,36,none
228417600,51.123917,1.3357333,0.0,282.0,137.0,0.0,0,2026-06-03 20:00:10.000000,MSSIS,False,COTE DOPALE,9858321,FMQX,0.0,0.0,5.3,CALAIS DOVER CALAIS,61,none
316057101,49.292,-122.8828,0.0,360.0,511.0,0.0,15,2026-06-03 20:00:10.000000,MSSIS,False,,0,JETSTRM,0.0,0.0,0.0,,30,none
235021238,50.84189,-1.0973333,0.1,360.0,511.0,0.0,15,2026-06-03 20:00:10.000000,MSSIS,False,,0,MGDD9,0.0,0.0,0.0,,37,none
232044578,37.02561,27.428106,102.3,360.0,212.0,-7.5442085,1,2026-06-03 20:00:10.000000,MSSIS,False,HERITAGEOFLONDON,8736241,MMOA6,0.0,0.0,0.0,BODRUM,37,none
306411152,18.054836,-63.13992,0.3,360.0,511.0,0.0,15,2026-06-03 20:00:10.000000,MSSIS,False,,0,PJM0474,0.0,0.0,0.0,,36,none
316045986,48.34527,-70.879395,2.1,324.7,511.0,0.0,15,2026-06-03 20:00:10.000000,MSSIS,False,,0,,0.0,0.0,0.0,,60,none
219020470,54.383762,10.164795,0.0,34.9,511.0,0.0,15,2026-06-03 20:00:17.000000,MSSIS,False,ADAMOS,0,,0.0,0.0,0.0,,0,none
368180460,38.043076,-122.131935,0.0,266.9,238.0,0.0,0,2026-06-03 20:00:17.000000,MSSIS,False,DELTA DEANNA,9833979,WDL9594,0.0,0.0,6.1,US CH RLW,52,none
461000169,22.651957,59.438053,0.6,310.9,224.0,0.0,8,2026-06-03 20:00:17.000000,MSSIS,False,SVITZER MURJAN,9554339,A4FC9,0.0,0.0,5.1,OMIFCO SUR OMAN,52,none
244002795,51.51465,3.8918984,0.0,360.0,511.0,0.0,15,2026-06-03 20:00:17.000000,MSSIS,False,,0,PF8021,0.0,0.0,0.0,,37,none
367748980,37.905273,-122.36767,1.0,341.0,511.0,-731.3865,0,2026-06-03 20:00:17.000000,MSSIS,False,LINDA T,0,WDI9477,0.0,0.0,0.0,,52,none
316008040,48.65806,-52.42713,7.7,278.4,511.0,0.0,15,2026-06-03 20:00:17.000000,MSSIS,False,,0,,0.0,0.0,0.0,,30,none
319115500,25.786161,-80.17937,0.0,156.6,190.0,0.0,5,2026-06-03 20:00:17.000000,MSSIS,False,FIREFLY,0,ZGGK3,0.0,0.0,1.7,MIAMI,37,none
218042050,39.53168,2.5874734,0.0,360.0,511.0,0.0,15,2026-06-03 20:00:17.000000,MSSIS,False,LIVIN,0,,0.0,0.0,0.0,,0,none
269108330,38.680077,0.66532,7.9,52.4,511.0,0.0,15,2026-06-03 20:00:17.000000,MSSIS,False,,0,HBY4911,0.0,0.0,0.0,,37,none
538006042,33.68911,-7.717295,0.2,315.9,16.0,2.8569784,1,2026-06-03 20:00:17.000000,MSSIS,False,GENCO VIGILANT,9742663,V7JE7,0.0,0.0,12.0,CASABLANCA,70,none
338348941,42.434566,-82.87387,0.0,360.0,511.0,0.0,15,2026-06-03 20:00:17.000000,MSSIS,False,,0,,0.0,0.0,0.0,,37,none
232019516,50.87121,-1.3098767,0.0,270.1,511.0,0.0,15,2026-06-03 20:00:17.000000,MSSIS,False,,0,MEIY6,0.0,0.0,0.0,,37,none
338365518,38.344574,-75.08409,0.0,360.0,511.0,0.0,15,2026-06-03 20:00:17.000000,MSSIS,False,,0,,0.0,0.0,0.0,,37,none
255805825,36.079815,-6.3019767,0.4,338.6,319.0,0.0,1,2026-06-03 20:00:17.000000,MSSIS,False,ALBUFERA TMA,9786798,CQUC,0.0,0.0,4.0,FOR ORDER,79,none
983110554,44.30749,9.22423,9.1,54.3,511.0,0.0,15,2026-06-03 20:00:17.000000,MSSIS,False,TB7,0,,0.0,0.0,0.0,,0,none
227209080,43.003326,6.201285,0.1,360.0,511.0,0.0,15,2026-06-03 20:00:17.000000,MSSIS,False,HERMITAGE,0,,0.0,0.0,0.0,,0,none
244670533,51.829407,6.2236133,8.8,266.8,511.0,-731.3865,0,2026-06-03 20:00:17.000000,MSSIS,False,MERWELAND,0,PE3660,0.0,0.0,2.5,DUISBURG,79,none
538072495,26.12197,-80.108055,0.0,360.0,511.0,0.0,15,2026-06-03 20:00:17.000000,MSSIS,False,FDFIFTY,0,,0.0,0.0,0.0,,0,none
316044671,49.295036,-123.126976,0.2,18.0,511.0,0.0,15,2026-06-03 20:00:17.000000,MSSIS,False,DELIRIOUS,0,,0.0,0.0,0.0,,0,none
247080210,37.79597,11.772701,3.3,147.9,511.0,-731.3865,7,2026-06-03 20:00:17.000000,MSSIS,False,PRASSITELE,0,IPBY,0.0,0.0,0.0,MAZARA,30,none
368166780,48.001854,-122.22187,0.0,356.0,276.0,0.0,15,2026-06-03 20:00:17.000000,MSSIS,False,,0,WDL8139,0.0,0.0,0.0,,37,none
338024391,39.147755,-76.33445,4.9,290.5,294.0,11.427914,0,2026-06-03 20:00:17.000000,MSSIS,False,TERESA,0,NA,0.0,0.0,1.0,,99,none
338203671,34.211784,-77.80587,0.0,326.4,511.0,0.0,15,2026-06-03 20:00:17.000000,MSSIS,False,POSTAGE PAID,0,,0.0,0.0,0.0,,0,none
368388280,33.917255,-78.027145,0.0,244.4,511.0,0.0,15,2026-06-03 20:00:17.000000,MSSIS,False,,0,,0.0,0.0,0.0,,37,none
258261840,58.294704,6.6570415,0.3,240.7,511.0,0.0,15,2026-06-03 20:00:17.000000,MSSIS,False,,0,LG8788,0.0,0.0,0.0,,40,none
265625300,57.712093,11.965555,0.0,83.4,511.0,-731.3865,15,2026-06-03 20:00:17.000000,MSSIS,False,ST ERIK,5422540,SGFI,0.0,0.0,2.8,GOTHENBURG,69,none
367061830,38.874,-73.99856,6.1,284.2,511.0,0.0,15,2026-06-03 20:00:17.000000,MSSIS,False,FV ROBERTA LEE,0,,0.0,0.0,0.0,,0,none
257390600,60.3952,5.3106966,0.0,360.0,511.0,0.0,15,2026-06-03 20:00:17.000000,MSSIS,False,SEAROCK,0,,0.0,0.0,0.0,,0,none
636013001,37.05349,-9.329146,7.5,17.2,14.0,-4.464029,0,2026-06-03 20:00:17.000000,MSSIS,False,MSC KILIMANJARO IV,9318175,A8JX3,0.0,0.0,10.5,PTSIE,74,none
205285890,51.809135,5.21211,6.6,86.8,84.0,0.0,0,2026-06-03 20:00:17.000000,MSSIS,False,CHRIDI,0,OT2858,0.0,0.0,3.6,ANDERNACH  STADTWERK,79,none
338029727,47.644283,-122.31312,0.0,360.0,511.0,0.0,15,2026-06-03 20:00:17.000000,MSSIS,False,,0,,0.0,0.0,0.0,,37,none
227300000,46.049557,-3.0314834,0.7,268.4,256.0,0.0,7,2026-06-03 20:00:17.000000,MSSIS,False,FV MIREN,8229353,FHZV,0.0,0.0,0.0,PASAJES,0,none
503121630,-38.143024,144.36772,0.0,219.8,219.0,0.0,15,2026-06-03 20:00:17.000000,MSSIS,False,,0,ROGUE,0.0,0.0,0.0,,13,none
538009701,46.260143,-123.46141,0.0,39.0,115.0,0.4017626,1,2026-06-03 20:00:17.000000,MSSIS,False,PARAGON,9727326,V7A5059,0.0,0.0,7.0,US LOG,70,none
366851610,38.2893,-76.44805,0.0,93.5,8.0,0.0,0,2026-06-03 20:00:17.000000,MSSIS,False,TM DILIGENCE,8976475,WDQ2532,0.0,0.0,2.8,NORFOLK USORF,70,none
265688670,59.326088,18.088917,0.0,360.0,511.0,0.0,15,2026-06-03 20:00:17.000000,MSSIS,False,,0,SFC5663,0.0,0.0,0.0,,52,none
636016149,56.032948,-3.6913517,1.2,335.8,185.0,-23.614712,0,2026-06-03 20:00:17.000000,MSSIS,False,CORAL LACERA,9350898,D5ES2,0.0,0.0,6.5,GB GRG,84,none
244130438,51.807426,4.64816,0.0,322.3,40.0,0.0,5,2026-06-03 20:00:17.000000,MSSIS,False,EUROPA,0,PC5284,0.0,0.0,3.0,GORINCHEM,79,none
244870786,52.379158,4.8945665,3.7,238.9,511.0,-731.3865,0,2026-06-03 20:00:17.000000,MSSIS,False,SALUTE,0,PB9398,0.0,0.0,0.0,,69,none
316029441,50.034893,-125.24251,0.0,247.9,511.0,0.0,15,2026-06-03 20:00:17.000000,MSSIS,False,,0,,0.0,0.0,0.0,,37,none
367478450,28.943462,-95.32766,0.0,68.9,116.0,0.0,5,2026-06-03 20:00:17.000000,MSSIS,False,CAPT TOM BROWN,0,WDF6848,0.0,0.0,2.5,PHILLIP 66 LAKE CHAR,52,none
367057380,29.424833,-94.71866,0.0,167.6,226.0,0.0,5,2026-06-03 20:00:17.000000,MSSIS,False,VICTOR GUZMAN,0,WDC6516,0.0,0.0,2.9,ADVARIO TX CITY,52,none
316043507,43.472637,-65.633766,0.0,360.0,511.0,0.0,15,2026-06-03 20:00:17.000000,MSSIS,False,MISS KATE II,0,,0.0,0.0,0.0,,0,none
378113095,48.85459,-125.31371,2.3,16.8,511.0,0.0,15,2026-06-03 20:00:17.000000,MSSIS,False,FISH HOCK,0,,0.0,0.0,0.0,,0,none
352978276,1.1763333,103.70662,0.0,168.0,111.0,0.0,1,2026-06-03 20:00:17.000000,MSSIS,False,DOLPHIN 01,9337834,3E3376,0.0,0.0,6.2,SG PWBGA,80,none
259473000,59.60708,5.231265,102.3,360.0,35.0,0.0,5,2026-06-03 20:00:17.000000,MSSIS,False,BERGEN KREDS,9180322,LIZR,0.0,0.0,0.0,,52,none
211498060,53.536446,9.949427,0.0,0.0,0.0,0.0,0,2026-06-03 20:00:17.000000,MSSIS,False,WALTER,0,DD2019,0.0,0.0,0.0,,52,none
316008508,47.52228,-52.96936,0.0,225.6,233.0,0.0,15,2026-06-03 20:00:17.000000,MSSIS,False,,0,,0.0,0.0,0.0,,37,none
244710846,53.392357,5.861028,4.7,64.3,511.0,-731.3865,0,2026-06-03 20:00:17.000000,MSSIS,False,PIETER HUBERT,0,PH8245,0.0,0.0,0.0,HARLINGEN,33,none
211179850,50.91796,6.971182,0.0,360.0,511.0,-731.3865,5,2026-06-03 20:00:17.000000,MSSIS,False,OHF 400,0,DD3036,0.0,0.0,0.0,KOELN NIEHL,79,none
230990880,60.367294,21.76529,0.8,181.0,68.0,720.00323,0,2026-06-03 20:00:17.000000,MSSIS,False,ROSALA II,7943378,OHMV,0.0,0.0,2.4,RYMATTYLA,60,none
316012342,49.23134,-122.77063,0.0,216.9,511.0,-731.3865,0,2026-06-03 20:00:17.000000,MSSIS,False,MV KEN MACKENZIE,0,,0.0,0.0,0.0,LOCAL TOWING,31,none
227989450,37.023895,22.106865,0.0,360.0,511.0,0.0,15,2026-06-03 20:00:17.000000,MSSIS,False,PAMPERO,0,,0.0,0.0,0.0,,0,none
255915602,37.70789,24.06101,0.0,348.0,121.0,0.0,5,2026-06-03 20:00:17.000000,MSSIS,False,ECO TRINITY,9938705,CQ2060,0.0,0.0,5.1,GRLAV,79,none
265780050,55.105247,14.693965,0.0,360.0,511.0,0.0,15,2026-06-03 20:00:18.000000,MSSIS,False,NOVELLA,0,,0.0,0.0,0.0,,0,none
241892000,40.84488,25.881214,0.0,0.0,511.0,-731.3865,1,2026-06-03 20:00:17.000000,MSSIS,False,SVITZER ORFEAS,9965899,SVB4744,0.0,0.0,0.0,FSRU,52,none
338554602,36.96913,-122.00156,0.0,175.9,228.0,0.0,15,2026-06-03 20:00:18.000000,MSSIS,False,SOLSTICE,0,,0.0,0.0,0.0,,0,none
207832530,43.26939,28.0653,3.0,231.8,511.0,0.0,15,2026-06-03 20:00:18.000000,MSSIS,False,EVA1,0,,0.0,0.0,0.0,,0,none
316045792,49.292736,-122.88307,1.5,360.0,511.0,0.0,15,2026-06-03 20:00:18.000000,MSSIS,False,,0,,0.0,0.0,0.0,,37,none
305168000,40.84842,29.288427,0.0,162.5,511.0,-731.3865,1,2026-06-03 20:00:17.000000,MSSIS,False,MARLON,9570644,V2IF9,0.0,0.0,0.0,LYBENTRTUZ,70,none
219023055,56.24268,10.34163,2.5,286.9,511.0,0.0,15,2026-06-03 20:00:18.000000,MSSIS,False,,0,XPH2052,0.0,0.0,0.0,,36,none
353084000,36.700733,36.189243,0.0,0.0,511.0,-731.3865,1,2026-06-03 20:00:17.000000,MSSIS,False,GRAND PROSPERITY,9168506,3EVU5,0.0,0.0,0.0,TR ISK,70,none
271040434,38.009758,27.105776,0.0,0.0,511.0,-731.3865,1,2026-06-03 20:00:17.000000,MSSIS,False,MIRA 1,0,TCQU3,0.0,0.0,0.0,,0,none
538006775,40.841393,29.271786,0.0,0.0,511.0,-731.3865,1,2026-06-03 20:00:17.000000,MSSIS,False,ELANDRA OAK,9509449,V7RD5,0.0,0.0,0.0,TRTUZ,80,none
477250400,-32.039856,115.752495,0.0,2.1,261.0,0.0,5,2026-06-03 20:00:17.000000,MSSIS,False,TAMPA BAY,9325104,VRLQ9,0.0,0.0,6.4,INNER PS FREMANTLE,70,none
636015945,40.711605,29.46991,0.0,0.0,511.0,-731.3865,1,2026-06-03 20:00:18.000000,MSSIS,False,NAVIGATOR GENESIS,9531519,D5DQ3,0.0,0.0,0.0,JOAQB TRYAL,80,none
232063361,40.871456,29.235767,0.0,0.0,511.0,-731.3865,1,2026-06-03 20:00:18.000000,MSSIS,False,J55,0,MSSA2,0.0,0.0,0.0,,0,none
636018241,14.654943,-17.318882,0.3,276.0,73.0,0.0,1,2026-06-03 20:00:18.000000,MSSIS,False,CLEAN SANCTUARY,9430260,D5OU6,0.0,0.0,12.0,SNDKR,89,none
338227146,9.369895,-79.95121,0.0,293.8,511.0,-731.3865,15,2026-06-03 20:00:18.000000,MSSIS,False,KEN G,0,,0.0,0.0,0.0,B 2 A,36,none
219031605,56.103817,15.57398,14.1,204.1,200.0,0.0,0,2026-06-03 20:00:19.000000,MSSIS,False,STENA SPIRIT,7907661,OUXX2,0.0,0.0,6.6,GDYKAAGDY,60,none
259987000,67.34959,14.198236,18.0,301.0,300.0,-2.8569784,0,2026-06-03 20:00:17.000000,MSSIS,False,LANDEGODE,96007370,LCES,0.0,0.0,5.0,BOORETVEYMSK,60,none
257028700,62.092533,7.01741,11.2,112.6,112.0,0.0,0,2026-06-03 20:00:17.000000,MSSIS,False,VEOY,7368748,LNWN,0.0,0.0,3.2,GEIRANGERHELLESYLT,60,none
259019000,67.127205,14.014622,21.2,24.7,25.0,0.0,0,2026-06-03 20:00:18.000000,MSSIS,False,KNM HINNOY,0,LBDW,0.0,0.0,0.0,MILITARY OPERATIONS,35,none
265768830,56.66247,16.368612,0.0,360.0,511.0,-731.3865,15,2026-06-03 20:00:18.000000,MSSIS,False,RESCUE SONJA MARGITH,0,7SA2759,0.0,0.0,0.4,SWEDISH SAR VESSEL,51,none
224198780,37.821133,-0.7572117,0.0,0.0,511.0,0.0,15,2026-06-03 20:00:18.000000,MSSIS,False,,0,EA4256,0.0,0.0,0.0,,36,none
620800240,57.662285,20.045103,12.7,23.3,23.0,0.0,0,2026-06-03 20:00:18.000000,MSSIS,False,WARRIOR SPIRIT,9293129,D6A4240,0.0,0.0,9.0,UST LUGA,80,none
248951000,27.859352,-110.82593,0.0,174.8,68.0,0.0,1,2026-06-03 20:00:18.000000,MSSIS,False,KANALA,9425552,9HA4881,0.0,0.0,9.1,MX GYM,80,none
227947670,43.58618,7.123093,0.0,360.0,511.0,0.0,15,2026-06-03 20:00:18.000000,MSSIS,False,CARGO DE NUIT,0,,0.0,0.0,0.0,,0,none
368377170,45.25568,-85.18523,0.1,199.1,511.0,0.0,15,2026-06-03 20:00:18.000000,MSSIS,False,ROSELLA TOO,0,,0.0,0.0,0.0,,0,none
316001834,42.873672,-79.25099,0.0,142.9,15.0,0.0,0,2026-06-03 20:00:18.000000,MSSIS,False,FRONTENAC,6804848,VGNB,0.0,0.0,7.1,PORT COLBORNE,70,none
211118110,54.099792,13.393527,0.0,183.4,511.0,0.0,15,2026-06-03 20:00:18.000000,MSSIS,False,GANDALF,0,,0.0,0.0,0.0,,0,none
235050202,36.602123,-4.5028634,0.1,360.0,511.0,0.0,15,2026-06-03 20:00:18.000000,MSSIS,False,,0,MBYJ,0.0,0.0,0.0,,37,none
367746730,48.761433,-122.90247,0.0,2.0,88.0,0.0,15,2026-06-03 20:00:18.000000,MSSIS,False,,0,WDN2720,0.0,0.0,0.0,,36,none
368926271,32.67838,-117.12724,0.0,46.7,511.0,-731.3865,0,2026-06-03 20:00:18.000000,MSSIS,False,US GOV VESSEL,0,NCHS,0.0,0.0,0.0,,35,none
251161740,65.69004,-21.50054,0.0,0.0,511.0,0.0,15,2026-06-03 20:00:18.000000,MSSIS,False,,0,2579,0.0,0.0,0.0,,30,none
368221970,47.6622,-122.379486,0.3,360.0,511.0,0.0,15,2026-06-03 20:00:18.000000,MSSIS,False,,0,WDM6078,0.0,0.0,0.0,,37,none
261008030,54.696,18.67435,0.0,165.2,511.0,0.0,15,2026-06-03 20:00:18.000000,MSSIS,False,JAS99,0,,0.0,0.0,0.0,,0,none
548022200,14.539512,120.93649,0.0,177.5,511.0,-731.3865,1,2026-06-03 20:00:18.000000,MSSIS,False,LIANGKU 99,859129900,DUE4472,0.0,0.0,5.0,ANCHORAGE,70,none
203245392,39.458687,-0.31282833,0.0,360.0,511.0,0.0,15,2026-06-03 20:00:18.000000,MSSIS,False,,0,OEX5392,0.0,0.0,0.0,,36,none
338134645,46.716545,-92.05673,0.0,360.0,511.0,0.0,15,2026-06-03 20:00:18.000000,MSSIS,False,,0,,0.0,0.0,0.0,,37,none
225900360,43.33847,-3.0157516,0.0,360.0,511.0,0.0,15,2026-06-03 20:00:18.000000,MSSIS,False,,0,,0.0,0.0,0.0,,36,none
477139900,36.37428,16.081839,16.8,270.6,270.0,0.0,0,2026-06-03 20:00:18.000000,MSSIS,False,COSCO KILIMANJARO,9757852,VRRF5,0.0,0.0,13.6,MYPKG,71,none
319272500,41.00223,-72.29213,0.0,360.0,511.0,0.0,15,2026-06-03 20:00:18.000000,MSSIS,False,,0,ZGRC3,0.0,0.0,0.0,,37,none
311000414,32.52082,-117.32009,10.8,217.9,220.0,-0.4017626,0,2026-06-03 20:00:18.000000,MSSIS,False,DOLE PACIFIC,9703057,C6CA2,0.0,0.0,8.6,GUAYAQUIL ECU,70,none
203248400,28.142744,-16.895527,4.9,54.4,511.0,0.0,15,2026-06-03 20:00:18.000000,MSSIS,False,,0,OEX6917,0.0,0.0,0.0,,36,none
319304300,36.982254,-76.006546,11.2,78.7,511.0,0.0,15,2026-06-03 20:00:18.000000,MSSIS,False,,0,ZGUD4,0.0,0.0,0.0,,37,none
316011950,45.640648,-73.47881,0.0,150.1,200.0,0.0,1,2026-06-03 20:00:18.000000,MSSIS,False,ESPADA DESGAGNES,9334698,XJBR,0.0,0.0,7.8,PAT ANCH,81,none
227935470,43.51383,7.044785,0.0,360.0,511.0,0.0,15,2026-06-03 20:00:18.000000,MSSIS,False,,0,,0.0,0.0,0.0,,37,none
368023950,48.50359,-122.6041,0.0,360.0,511.0,0.0,15,2026-06-03 20:00:18.000000,MSSIS,False,,0,WDJ9228,0.0,0.0,0.0,,37,none
109080459,70.03107,16.820858,0.4,0.0,511.0,0.0,15,2026-06-03 20:00:18.000000,MSSIS,False,,0,,0.0,0.0,0.0,,0,none
339186000,26.058834,-80.13658,0.0,163.2,179.0,0.0,15,2026-06-03 20:00:18.000000,MSSIS,False,,0,6YVC9,0.0,0.0,0.0,,37,none
244090789,51.75976,5.1620116,0.0,360.0,511.0,-731.3865,9,2026-06-03 20:00:18.000000,MSSIS,False,JADE,0,PA5091,0.0,0.0,0.0,,37,none
368122530,26.057673,-80.12905,0.0,360.0,511.0,0.0,15,2026-06-03 20:00:18.000000,MSSIS,False,,0,WDL3530,0.0,0.0,0.0,,36,none
257030270,59.44206,10.650275,0.0,340.5,511.0,0.0,15,2026-06-03 20:00:18.000000,MSSIS,False,SKJARGARDSTJ KRAAKA,0,,0.0,0.0,0.0,,0,none
636020775,58.67847,-2.980985,14.2,328.2,332.0,0.0,0,2026-06-03 20:00:18.000000,MSSIS,False,GSL MARIA,9231236,5LAQ8,0.0,0.0,13.2,MX VER,73,none
367999660,29.89375,-81.29371,0.0,155.7,511.0,0.0,15,2026-06-03 20:00:18.000000,MSSIS,False,IMILOA,0,,0.0,0.0,0.0,,0,none
271002569,33.675453,-7.6339717,0.2,92.0,15.0,0.0,1,2026-06-03 20:00:18.000000,MSSIS,False,ULUSOY9,9498884,TCTC7,0.0,0.0,4.9,MACAS,70,none
338549504,42.313118,-73.782326,6.7,355.9,511.0,0.0,15,2026-06-03 20:00:18.000000,MSSIS,False,LOMA BENETEAU,0,,0.0,0.0,0.0,,0,none
477023100,4.4781365,119.61786,12.0,177.4,183.0,0.0,0,2026-06-03 20:00:19.000000,MSSIS,False,XIN LI HAI,9738131,VRQL6,0.0,0.0,8.8,AUPHE,70,none
577210000,40.922115,38.384655,0.0,0.0,239.0,0.0,5,2026-06-03 20:00:19.000000,MSSIS,False,BORIS PEVKIN,8971188,YJQE9,0.0,0.0,3.8,TR GIR,79,none
227593840,41.698223,9.4307,9.2,201.2,511.0,-731.3865,15,2026-06-03 20:00:19.000000,MSSIS,False,FV CIRCE,0,FV5167,0.0,0.0,0.0,UCULU DI AGHJATTA,30,none
256004845,43.733692,7.4262967,0.0,360.0,511.0,-731.3865,0,2026-06-03 20:00:19.000000,MSSIS,False,TOMMY,0,9HC3200,0.0,0.0,1.3,MONACO,37,none
366468000,44.592545,-124.83015,9.6,100.5,97.0,0.0,7,2026-06-03 20:00:19.000000,MSSIS,False,ARCTIC FURY,9031325,WDE9335,0.0,0.0,5.0,,30,none
269057660,52.077557,5.0830917,0.0,112.0,160.0,0.0,0,2026-06-03 20:00:19.000000,MSSIS,False,AVALON ENVISION,0,HE7660,0.0,0.0,1.8,HUNINGUE,69,none
227566810,47.644127,-3.4464817,0.0,131.3,511.0,-731.3865,0,2026-06-03 20:00:19.000000,MSSIS,False,TAILLEFER 3,0,FGD5050,0.0,0.0,2.5,GROIX,70,none
205346390,49.813854,6.848135,2.4,329.3,337.0,0.0,0,2026-06-03 20:00:19.000000,MSSIS,False,ROSARIUM,0,OT3463,0.0,0.0,2.7,SPOOR4,79,none
373982000,35.05925,129.05737,0.1,62.7,328.0,0.0,1,2026-06-03 20:00:19.000000,MSSIS,False,SULFUR BRAVE,9857913,3FEK7,0.0,0.0,4.5,BUSANKR,83,none
244030035,53.00336,4.7805734,0.0,322.2,315.0,0.0,0,2026-06-03 20:00:19.000000,MSSIS,False,DOKTER WAGEMAKER,9294070,PH5436,0.0,0.0,4.0,TEXELDEN HELDER,69,none
244615698,51.833916,4.9367666,0.0,27.4,97.0,0.0,5,2026-06-03 20:00:19.000000,MSSIS,False,ZUIDERZEE,9705263,PAAP,0.0,0.0,4.8,GORINCHEM,52,none
440153810,35.096985,129.04668,0.0,207.0,0.0,-731.3865,0,2026-06-03 20:00:19.000000,MSSIS,False,DAE JIN 8001,4194304,120050,0.0,0.0,5.8,BUSAN,70,none
244100974,52.63493,5.0610533,0.0,360.0,511.0,-731.3865,5,2026-06-03 20:00:19.000000,MSSIS,False,THE ESCAPE,0,PD6398,0.0,0.0,0.0,HOORN,0,none
477300900,1.19974,103.79792,0.0,198.7,90.0,0.0,5,2026-06-03 20:00:19.000000,MSSIS,False,YU YI,9675925,VRNF4,0.0,0.0,6.6,AWPB  SINGAPORE,80,none
368250320,37.97574,-75.858604,0.1,1.0,511.0,-731.3865,5,2026-06-03 20:00:19.000000,MSSIS,False,EDDIE SOMERS,0,WDM9181,0.0,0.0,1.5,CRISFIELDMD,38,none
257606800,64.75254,11.291467,0.0,266.6,511.0,-731.3865,5,2026-06-03 20:00:19.000000,MSSIS,False,BUSTADTIND,0,LG6339,0.0,0.0,0.0,GEITRYGGEN,70,none
257646000,59.11913,9.620815,0.0,133.0,5.0,0.0,5,2026-06-03 20:00:19.000000,MSSIS,False,YARA BIRKELAND,9865049,LFQX,0.0,0.0,3.5,NOBVK,70,none
259046000,60.33904,5.2370367,0.0,6.0,194.0,0.0,5,2026-06-03 20:00:19.000000,MSSIS,False,HS4 SLEIPNER,0,JWCC,0.0,0.0,0.0,,35,none
211272260,53.62612,7.1590066,0.0,163.3,353.0,0.0,0,2026-06-03 20:00:19.000000,MSSIS,False,FRISIA I,7018604,DCHK,0.0,0.0,1.7,NORDDEICH,60,none
375158000,43.539635,7.0306034,0.0,0.6,47.0,-7.5442085,0,2026-06-03 20:00:19.000000,MSSIS,False,MJTAKNM,0,J8Y3717,0.0,0.0,1.5,SEATRIAL,37,none
319279200,25.769571,-80.188225,0.0,112.8,270.0,0.044640288,5,2026-06-03 20:00:19.000000,MSSIS,False,IRON GRYPHON,0,ZGRH7,0.0,0.0,0.0,MIAMI,37,none
533908360,5.918115,99.34708,2.8,323.7,511.0,0.0,15,2026-06-03 20:00:18.000000,MSSIS,False,,0,1234567,0.0,0.0,0.0,,30,none
309518000,54.619686,-1.1582934,0.0,218.3,344.0,0.0,5,2026-06-03 20:00:19.000000,MSSIS,False,GRIMSTAD,9336402,C6WG9,0.0,0.0,8.1,GBTEE,80,none
241683000,37.959167,23.5755,0.0,82.0,16.0,0.0,1,2026-06-03 20:00:19.000000,MSSIS,False,AITENS,9087867,SVCU7,0.0,0.0,5.5,PIRAEUS,80,none
265592240,54.521053,11.960363,5.4,281.5,511.0,0.0,15,2026-06-03 20:00:19.000000,MSSIS,False,TRUE BELIEVER,0,,0.0,0.0,0.0,,0,none
368219920,28.411566,-80.618355,0.0,263.2,511.0,-731.3865,5,2026-06-03 20:00:19.000000,MSSIS,False,MARMAC 303  JRTI,1133581,WDM5859,0.0,0.0,0.0,,0,none
257813000,51.64665,2.437835,11.5,42.4,43.0,0.0,0,2026-06-03 20:00:19.000000,MSSIS,False,WILSON PORI,9201839,LAOC8,0.0,0.0,6.6,BREVIK,79,none
211565040,55.01095,10.472825,0.0,0.0,511.0,0.0,15,2026-06-03 20:00:19.000000,MSSIS,False,,0,,0.0,0.0,0.0,,36,none
311297000,51.261536,4.3642035,0.0,76.7,271.0,0.0,5,2026-06-03 20:00:19.000000,MSSIS,False,DOLE AMERICA,9046502,C6FS6,0.0,0.0,8.8,BE ANR,70,none
226008660,51.23984,4.4779534,0.0,360.0,84.0,0.0,5,2026-06-03 20:00:19.000000,MSSIS,False,LITTORAL,0,FM4710,0.0,0.0,0.0,MERKSEM,99,none
211161390,54.791405,9.436873,0.3,282.2,511.0,0.0,15,2026-06-03 20:00:19.000000,MSSIS,False,MA BELLE,0,,0.0,0.0,0.0,,0,none
538005409,51.58018,2.7937734,2.0,318.1,227.0,-720.00323,0,2026-06-03 20:00:19.000000,MSSIS,False,STI ROTHERHITHE,9706475,V7DP2,0.0,0.0,7.2,BE ANR,80,none
219002051,57.5925,9.96508,0.0,0.0,511.0,0.0,15,2026-06-03 20:00:19.000000,MSSIS,False,HG 31 SEDINAH,0,,0.0,0.0,0.0,,0,none
244750433,51.123775,4.274162,0.0,296.2,511.0,-731.3865,15,2026-06-03 20:00:19.000000,MSSIS,False,JULIETTE,0,PG4651,0.0,0.0,0.0,,90,none
219021119,56.13742,10.213159,0.0,304.7,511.0,0.0,15,2026-06-03 20:00:19.000000,MSSIS,False,,0,XPE7441,0.0,0.0,0.0,,36,none
219005012,56.12654,12.312121,0.9,175.0,511.0,0.0,15,2026-06-03 20:00:19.000000,MSSIS,False,,0,XPD5019,0.0,0.0,0.0,,37,none
251474640,65.53065,-23.189806,0.0,0.0,511.0,0.0,15,2026-06-03 20:00:19.000000,MSSIS,False,,0,6196,0.0,0.0,0.0,,30,none
368225840,48.39233,-122.49686,0.0,120.3,511.0,0.0,15,2026-06-03 20:00:19.000000,MSSIS,False,,0,WDP4658,0.0,0.0,0.0,,37,none
338456279,41.585953,-71.28766,0.0,360.0,511.0,0.0,15,2026-06-03 20:00:19.000000,MSSIS,False,,0,,0.0,0.0,0.0,,37,none
538072332,25.771055,-80.15169,5.6,294.2,511.0,0.0,15,2026-06-03 20:00:19.000000,MSSIS,False,,0,V7A7054,0.0,0.0,0.0,,37,none
368436450,28.40831,-80.62905,0.0,360.0,511.0,0.0,15,2026-06-03 20:00:19.000000,MSSIS,False,,0,WDQ5636,0.0,0.0,0.0,,36,none
228145410,47.900646,-3.974625,0.2,96.8,511.0,0.0,15,2026-06-03 20:00:19.000000,MSSIS,False,,0,FGD2736,0.0,0.0,0.0,,36,none
227909550,43.11796,5.9305816,0.0,360.0,511.0,0.0,15,2026-06-03 20:00:19.000000,MSSIS,False,SIRIUS,0,,0.0,0.0,0.0,,0,none
503161010,-27.20844,153.09908,0.0,360.0,511.0,0.0,15,2026-06-03 20:00:19.000000,MSSIS,False,,0,BQO10Q,0.0,0.0,0.0,,37,none
247123520,40.945732,17.393433,6.0,273.1,511.0,-731.3865,0,2026-06-03 20:00:20.000000,MSSIS,False,PEPPE ANTONIO,0,IFNC2,0.0,0.0,0.0,,30,none
338406269,25.688694,-80.2653,0.0,360.0,511.0,0.0,15,2026-06-03 20:00:19.000000,MSSIS,False,MV JOCRAL,0,,0.0,0.0,0.0,,0,none
261004069,37.12466,25.23476,0.0,25.0,25.0,0.0,15,2026-06-03 20:00:19.000000,MSSIS,False,YAGAN,0,,0.0,0.0,0.0,,0,none
338179078,43.949398,-86.45322,3.4,329.7,511.0,0.0,15,2026-06-03 20:00:16.000000,MSSIS,False,,0,,0.0,0.0,0.0,,36,none
232020376,51.411407,0.55948836,0.0,360.0,511.0,0.0,15,2026-06-03 20:00:16.000000,MSSIS,False,EAGLE,0,,0.0,0.0,0.0,,0,none
368421690,41.863674,-87.610634,0.0,360.0,511.0,0.0,15,2026-06-03 20:00:16.000000,MSSIS,False,NOTHING ELSE MATTERS,0,,0.0,0.0,0.0,,0,none
211273510,54.38859,11.038738,4.5,13.9,511.0,0.0,15,2026-06-03 20:00:16.000000,MSSIS,False,,0,DF3614,0.0,0.0,0.0,,36,none
251317340,66.018616,-18.475954,8.9,196.5,511.0,0.0,15,2026-06-03 20:00:16.000000,MSSIS,False,,0,7287,0.0,0.0,0.0,,30,none
367648440,47.295776,-122.423546,0.0,31.7,511.0,0.0,15,2026-06-03 20:00:16.000000,MSSIS,False,,0,WDH7466,0.0,0.0,0.0,,36,none
367788950,25.77806,-80.16085,0.0,273.0,511.0,0.0,15,2026-06-03 20:00:16.000000,MSSIS,False,WOLFPACK,0,,0.0,0.0,0.0,,0,none
251460440,65.46392,-24.749697,0.4,201.0,511.0,0.0,15,2026-06-03 20:00:16.000000,MSSIS,False,,0,1771,0.0,0.0,0.0,,30,none
338349998,26.216715,-80.09933,0.0,360.0,511.0,0.0,15,2026-06-03 20:00:16.000000,MSSIS,False,,0,,0.0,0.0,0.0,,37,none
265052470,51.1184,1.31675,0.1,360.0,511.0,0.0,15,2026-06-03 20:00:16.000000,MSSIS,False,SPIRIT OF THE DEEP,0,,0.0,0.0,0.0,,0,none
368139470,42.45176,-73.78642,0.2,360.0,511.0,0.0,15,2026-06-03 20:00:16.000000,MSSIS,False,,0,WDL5265,0.0,0.0,0.0,,37,none
247254220,42.803783,10.733167,0.1,360.0,511.0,0.0,15,2026-06-03 20:00:16.000000,MSSIS,False,GRETHA II,0,,0.0,0.0,0.0,,0,none
368378640,25.313007,-80.27965,0.1,360.0,511.0,0.0,15,2026-06-03 20:00:16.000000,MSSIS,False,WINGMAN 2,0,,0.0,0.0,0.0,,0,none
567007204,12.334258,100.26362,0.5,55.4,511.0,0.0,15,2026-06-03 20:00:15.000000,MSSIS,False,KARNCHANAMANEE,0,,0.0,0.0,0.0,,0,none
503491600,-20.546597,149.11987,0.0,360.0,511.0,0.0,15,2026-06-03 20:00:15.000000,MSSIS,False,,0,,0.0,0.0,0.0,,36,none
205559000,-23.125767,-44.46135,0.0,112.0,166.0,0.0,1,2026-06-03 20:00:16.000000,MSSIS,False,FRATERNITY,9416733,ONGB,0.0,0.0,8.9,BRADR,80,none
677084600,13.036901,100.90895,0.0,279.9,333.0,0.0,0,2026-06-03 20:00:16.000000,MSSIS,False,DONG HAI 158,1118397,5IM 946,0.0,0.0,2.1,LEAM CHABANG,79,none
511101868,40.851444,29.288183,0.0,0.0,511.0,-731.3865,1,2026-06-03 20:00:16.000000,MSSIS,False,AGN RAGNAR,9148104,T8A5383,0.0,0.0,0.0,TRTUZ,70,none
677026300,40.821053,29.22257,0.0,0.0,511.0,-731.3865,1,2026-06-03 20:00:16.000000,MSSIS,False,ALKHDAIR,7819876,5IM363,0.0,0.0,0.0,TR TUZ,71,none
232046606,37.78351,20.903677,0.0,360.0,511.0,0.0,15,2026-06-03 20:00:16.000000,MSSIS,False,OV,0,,0.0,0.0,0.0,,0,none
257602000,63.254948,7.221335,4.9,208.9,227.0,720.00323,7,2026-06-03 20:00:17.000000,MSSIS,False,LISE BEATE,9672650,LDQN,0.0,0.0,5.7,FISKE,30,none
259540000,58.811283,9.941665,9.0,243.3,239.0,0.0,7,2026-06-03 20:00:17.000000,MSSIS,False,ASTRID ANN,7918048,LNFD,0.0,0.0,4.6,ARENDAL NO,30,none
503126380,-38.31374,145.00389,0.0,360.0,511.0,0.0,15,2026-06-03 20:00:16.000000,MSSIS,False,,0,,0.0,0.0,0.0,,37,none
244700322,53.170025,5.4124165,0.2,360.0,511.0,-731.3865,5,2026-06-03 20:00:17.000000,MSSIS,False,HYDROVAC 15,0,PG4515,0.0,0.0,1.5,HARLINGEN,89,none
503007690,-43.126434,147.2513,0.0,360.0,511.0,0.0,15,2026-06-03 20:00:16.000000,MSSIS,False,ZELEE,0,,0.0,0.0,0.0,,0,none
352006213,21.57264,38.817616,0.5,149.4,242.0,-1.6070504,0,2026-06-03 20:00:17.000000,MSSIS,False,TRANSMAR ODYSSEY,9431343,3E7825,0.0,0.0,9.1,SAJED,70,none
247428400,44.477192,12.263525,0.0,196.1,28.0,0.0,0,2026-06-03 20:00:17.000000,MSSIS,False,GOLIA,1035753,IBEC,0.0,0.0,0.0,RAVENNA,99,none
503090580,-27.872963,153.39719,0.0,360.0,511.0,0.0,15,2026-06-03 20:00:16.000000,MSSIS,False,,0,PAP10Q,0.0,0.0,0.0,,37,none
368321460,47.63929,-122.34018,0.0,356.4,88.0,0.0,5,2026-06-03 20:00:17.000000,MSSIS,False,POPEYE,8986808,WDN8844,0.0,0.0,2.7,USAFY,37,none
244671635,51.09319,3.51208,5.8,109.2,511.0,0.0,15,2026-06-03 20:00:17.000000,MSSIS,False,,0,PG2474,0.0,0.0,0.0,,37,none
238982710,44.873222,13.847055,0.0,360.0,511.0,-731.3865,0,2026-06-03 20:00:17.000000,MSSIS,False,PLOVPUT 6,0,9A9428,0.0,0.0,0.0,,99,none
338101828,47.66253,-122.915436,0.0,360.0,511.0,0.0,15,2026-06-03 20:00:17.000000,MSSIS,False,,0,,0.0,0.0,0.0,,36,none
244000935,51.273006,4.2461286,0.0,112.9,14.0,0.0,5,2026-06-03 20:00:17.000000,MSSIS,False,,0,PD9105,0.0,0.0,0.0,,80,none
251840340,65.092384,-24.43085,1.3,176.5,511.0,0.0,15,2026-06-03 20:00:17.000000,MSSIS,False,SMYRILL,0,,0.0,0.0,0.0,,0,none
265700720,57.48985,11.932348,0.0,338.0,511.0,0.0,15,2026-06-03 20:00:17.000000,MSSIS,False,,0,7SY5012,0.0,0.0,0.0,,37,none
338097258,37.78629,-122.270134,0.0,243.5,511.0,0.0,15,2026-06-03 20:00:17.000000,MSSIS,False,,0,,0.0,0.0,0.0,,37,none
258103980,59.837032,10.477867,0.0,360.0,511.0,0.0,15,2026-06-03 20:00:17.000000,MSSIS,False,FINELINE II,0,,0.0,0.0,0.0,,0,none
378394000,35.901943,14.501293,0.0,264.7,213.0,3.6158633,0,2026-06-03 20:00:20.000000,MSSIS,False,AMORE MIO,9774549,ZJL9353,0.0,0.0,2.8,MALTA,37,none
244722603,53.29629,5.08944,0.0,360.0,511.0,0.0,15,2026-06-03 20:00:19.000000,MSSIS,False,,0,PB2921,0.0,0.0,0.0,,36,none
229407000,14.758355,-18.17689,12.3,180.5,180.0,0.0,0,2026-06-03 20:00:20.000000,MSSIS,False,SEAFRIEND,9629574,9HA3308,0.0,0.0,11.1,GNCKY,80,none
245875000,54.63789,11.386488,0.0,50.5,113.0,0.0,5,2026-06-03 20:00:20.000000,MSSIS,False,MULTRATUG 19,9630250,PCHZ,0.0,0.0,5.7,RODBY DK,52,none
440015170,34.888664,128.93552,0.2,321.6,511.0,-731.3865,7,2026-06-03 20:00:20.000000,MSSIS,False,709TAE YANG HO,0,306,0.0,0.0,0.0,,30,none
367175180,41.379128,-71.511284,0.1,360.0,511.0,0.0,15,2026-06-03 20:00:19.000000,MSSIS,False,ACES HIGH,0,,0.0,0.0,0.0,,0,none
257075610,67.658966,12.69921,0.0,360.0,511.0,0.0,15,2026-06-03 20:00:19.000000,MSSIS,False,,0,LD3748,0.0,0.0,0.0,,40,none
265028890,56.0931,15.857683,0.2,82.3,252.0,0.0,0,2026-06-03 20:00:20.000000,MSSIS,False,NJORD,0,SBVY,0.0,0.0,2.7,SANDHAMN,70,none
244620963,51.816357,5.1222415,9.0,299.1,299.0,0.0,0,2026-06-03 20:00:20.000000,MSSIS,False,ALFA BIANCO,0,PD2943,0.0,0.0,3.0,ROTTERDAM PRINSES AM,79,none
250500906,61.06786,4.33866,0.8,90.0,511.0,0.0,15,2026-06-03 20:00:19.000000,MSSIS,False,,0,,0.0,0.0,0.0,,0,none
245463000,51.961567,4.139837,0.0,147.0,41.0,0.0,0,2026-06-03 20:00:20.000000,MSSIS,False,VB SEAL,9448188,PDJM,0.0,0.0,5.2,NLROT HARBOURASST,52,none
246442000,49.289284,-123.11109,0.0,196.1,61.0,-0.7142446,5,2026-06-03 20:00:20.000000,MSSIS,False,ZAANDAM,9156527,PDAN,0.0,0.0,8.1,US KTN  CA VAN,60,none
228068700,51.04044,2.3611267,0.0,341.6,207.0,0.0,15,2026-06-03 20:00:20.000000,MSSIS,False,VB CYCLONE,9746918,FIVG,0.0,0.0,0.0,,52,none
244309767,53.025482,5.6838965,0.0,360.0,511.0,0.0,15,2026-06-03 20:00:19.000000,MSSIS,False,,0,PG5808,0.0,0.0,0.0,,37,none
218029420,53.122643,8.665548,0.0,360.0,511.0,0.0,15,2026-06-03 20:00:19.000000,MSSIS,False,,0,DK3116,0.0,0.0,0.0,,37,none
265828640,59.325783,18.0886,0.0,285.1,329.0,0.0,5,2026-06-03 20:00:20.000000,MSSIS,False,NAUTILUS,0,SBQW,0.0,0.0,2.8,STOCKHOLM,37,none
563296800,-29.691475,31.2152,0.0,254.0,169.0,-0.044640288,1,2026-06-03 20:00:20.000000,MSSIS,False,ONE RESILIENCE,9952751,9V5785,0.0,0.0,12.7,ZADUR,71,none
227051000,49.781887,-2.2767782,3.0,66.0,72.0,-40.176258,8,2026-06-03 20:00:20.000000,MSSIS,False,BELEM,8622983,FUZW,0.0,0.0,3.6,FR DK,36,none
244780231,50.72599,2.31671,0.0,302.0,511.0,-731.3865,0,2026-06-03 20:00:20.000000,MSSIS,False,ESLABON,0,PE7004,0.0,0.0,2.5,VAN A NAAR B,89,none
338238542,33.613167,-117.924446,0.0,241.3,511.0,0.0,15,2026-06-03 20:00:19.000000,MSSIS,False,ADVENTURE,0,,0.0,0.0,0.0,,0,none
219018636,56.00095,8.1311,0.0,360.0,511.0,-731.3865,7,2026-06-03 20:00:20.000000,MSSIS,False,RI291 INGER,0,XPE5482,0.0,0.0,1.4,HVIDE SANDE,30,none
225917890,43.61506,-8.489732,1.7,224.0,225.0,0.0,15,2026-06-03 20:00:20.000000,MSSIS,False,BRISAS DE ALBA,0,EA8601,0.0,0.0,2.0,FISHING,30,none
265811640,58.43582,11.28841,0.0,244.7,511.0,0.0,15,2026-06-03 20:00:19.000000,MSSIS,False,JOHANNA,0,,0.0,0.0,0.0,,0,none
224060680,43.58665,-2.1632116,0.6,354.9,511.0,-731.3865,15,2026-06-03 20:00:20.000000,MSSIS,False,KAXIMIRONA,9255309,EBXQ,0.0,0.0,0.0,,30,none
265750680,58.50252,16.930107,3.4,70.5,70.0,0.0,15,2026-06-03 20:00:19.000000,MSSIS,False,,0,SB6813,0.0,0.0,0.0,,36,none
431008983,35.476116,139.64842,0.0,327.1,84.0,0.0,5,2026-06-03 20:00:20.000000,MSSIS,False,BIYO MARU NO8,9809320,JD4149,0.0,0.0,3.5,JP YOK D,70,none
244870427,41.64607,-9.94624,12.4,357.2,359.0,0.0,0,2026-06-03 20:00:20.000000,MSSIS,False,CORAL MEDUSA,9346926,PDDA,0.0,0.0,5.4,WANDELAAR ANCHORAGE,84,none
255805653,57.054256,24.024115,0.0,13.4,35.0,-1.6070504,5,2026-06-03 20:00:20.000000,MSSIS,False,HAVELLAND,9499735,CQTN,0.0,0.0,4.5,LV RIX,70,none
232052197,38.983017,1.5400233,0.0,360.0,511.0,-731.3865,15,2026-06-03 20:00:20.000000,MSSIS,False,MERIYA,0,MOPB4,0.0,0.0,0.0,,37,none
263365000,40.80767,-9.066566,2.3,341.0,511.0,-731.3865,15,2026-06-03 20:00:20.000000,MSSIS,False,CLAUDIO MANUEL,0,CUBX8,0.0,0.0,0.0,,30,none
224120840,38.637787,0.069298334,0.0,360.0,511.0,-731.3865,7,2026-06-03 20:00:20.000000,MSSIS,False,ENRIQUE EL GATO,0,EA4124,0.0,0.0,3.6,CARBONERAS,30,none
368083410,27.83217,-97.499794,0.0,307.7,213.0,0.0,0,2026-06-03 20:00:20.000000,MSSIS,False,CONNOLLY M,9882310,WDK7333,0.0,0.0,6.4,USCRPUSYAS,52,none
244780417,51.484463,4.0580115,0.0,0.0,511.0,-731.3865,7,2026-06-03 20:00:20.000000,MSSIS,False,YE179 CORNGERRIT,0,PB8578,0.0,0.0,1.0,,0,none
265822940,57.66143,11.837486,0.0,238.2,272.0,0.0,15,2026-06-03 20:00:20.000000,MSSIS,False,,0,SF6827,0.0,0.0,0.0,,36,none
227781750,48.874447,-3.15621,1.7,290.5,511.0,0.0,15,2026-06-03 20:00:20.000000,MSSIS,False,,0,FGG2413,0.0,0.0,0.0,,36,none
368235080,41.721226,-70.64125,18.1,38.2,511.0,0.0,15,2026-06-03 20:00:20.000000,MSSIS,False,,0,WDM7549,0.0,0.0,0.0,,37,none
211802130,58.48818,16.94524,0.0,360.0,511.0,0.0,15,2026-06-03 20:00:20.000000,MSSIS,False,,0,DH4522,0.0,0.0,0.0,,36,none
265543810,57.599117,11.919645,0.0,360.0,511.0,0.0,15,2026-06-03 20:00:20.000000,MSSIS,False,CHERIMIE,0,,0.0,0.0,0.0,,0,none
215000939,43.709282,7.338365,0.0,312.2,511.0,0.0,15,2026-06-03 20:00:20.000000,MSSIS,False,MINA,0,,0.0,0.0,0.0,,0,none
211793970,57.359806,16.6073,5.6,342.3,511.0,0.0,15,2026-06-03 20:00:20.000000,MSSIS,False,APHRODITE,0,,0.0,0.0,0.0,,0,none
205362800,51.447327,3.589885,0.0,360.0,511.0,0.0,15,2026-06-03 20:00:20.000000,MSSIS,False,RUPEL,0,,0.0,0.0,0.0,,0,none
251481840,64.4848,-13.764738,1.0,219.7,511.0,0.0,15,2026-06-03 20:00:20.000000,MSSIS,False,,0,7479,0.0,0.0,0.0,,30,none
211889070,39.531727,2.5871983,0.5,286.6,511.0,0.0,15,2026-06-03 20:00:20.000000,MSSIS,False,JOEKE,0,,0.0,0.0,0.0,,0,none
219035739,54.91375,9.78279,0.0,360.0,511.0,0.0,15,2026-06-03 20:00:20.000000,MSSIS,False,,0,XPI6755,0.0,0.0,0.0,,36,none
211868480,39.54513,2.382255,0.1,150.5,511.0,0.0,15,2026-06-03 20:00:20.000000,MSSIS,False,,0,DB8010,0.0,0.0,0.0,,36,none
264900475,43.808006,28.584707,0.0,0.0,511.0,0.0,15,2026-06-03 20:00:20.000000,MSSIS,False,,0,YQWQ,0.0,0.0,0.0,,36,none
235116725,38.430485,-0.384005,0.1,283.2,511.0,0.0,15,2026-06-03 20:00:20.000000,MSSIS,False,BELUGA AZUL,0,,0.0,0.0,0.0,,0,none
338473134,33.722958,-118.0668,0.0,196.2,199.0,0.0,15,2026-06-03 20:00:20.000000,MSSIS,False,,0,WDI7458,0.0,0.0,0.0,,37,none
316052931,43.589607,-79.51478,0.0,360.0,511.0,0.0,15,2026-06-03 20:00:20.000000,MSSIS,False,,0,ACADIA,0.0,0.0,0.0,,36,none
244070865,37.564304,-1.2574533,0.0,360.0,511.0,0.0,15,2026-06-03 20:00:20.000000,MSSIS,False,MOBILAE,0,,0.0,0.0,0.0,,0,none
225992366,38.840954,0.118805,0.0,360.0,173.0,0.0,15,2026-06-03 20:00:20.000000,MSSIS,False,ANNA,0,,0.0,0.0,0.0,,0,none
224062850,36.761894,-2.1025717,0.1,360.0,511.0,0.0,15,2026-06-03 20:00:20.000000,MSSIS,False,TAULAI,0,,0.0,0.0,0.0,,0,none
251842110,65.11718,-23.372972,0.5,294.9,511.0,0.0,15,2026-06-03 20:00:20.000000,MSSIS,False,HRINGUR,0,,0.0,0.0,0.0,,0,none
227425720,39.954254,3.7893667,4.9,289.6,511.0,0.0,15,2026-06-03 20:00:20.000000,MSSIS,False,,0,DA2696,0.0,0.0,0.0,,36,none
211118030,52.96755,5.41911,0.0,360.0,511.0,0.0,15,2026-06-03 20:00:20.000000,MSSIS,False,SUMMERTIME,0,,0.0,0.0,0.0,,0,none
205992130,38.979633,1.2929083,0.5,138.9,511.0,0.0,15,2026-06-03 20:00:20.000000,MSSIS,False,TURADH,0,,0.0,0.0,0.0,,0,none
316045046,38.33433,-0.48426166,4.1,40.8,511.0,0.0,15,2026-06-03 20:00:20.000000,MSSIS,False,DRAK,0,,0.0,0.0,0.0,,0,none
232044359,41.388832,9.159922,0.2,360.0,511.0,0.0,15,2026-06-03 20:00:20.000000,MSSIS,False,,0,MMLO6,0.0,0.0,0.0,,37,none
329027260,14.468695,-60.86606,0.0,360.0,511.0,0.0,15,2026-06-03 20:00:20.000000,MSSIS,False,,0,,0.0,0.0,0.0,,37,none
368334850,18.032326,-63.096943,0.3,162.8,511.0,0.0,15,2026-06-03 20:00:20.000000,MSSIS,False,,0,WDP2277,0.0,0.0,0.0,,37,none
228095780,14.468125,-60.86536,0.2,360.0,511.0,0.0,15,2026-06-03 20:00:20.000000,MSSIS,False,,0,FAJ3953,0.0,0.0,0.0,,37,none
228205540,16.029625,-61.76686,4.0,330.4,347.0,0.0,15,2026-06-03 20:00:20.000000,MSSIS,False,,0,FI5755,0.0,0.0,0.0,,36,none
316041377,18.068928,-63.095024,0.4,0.3,511.0,0.0,15,2026-06-03 20:00:20.000000,MSSIS,False,,0,,0.0,0.0,0.0,,36,none
347026520,16.014305,-61.511604,5.9,181.7,511.0,0.0,15,2026-06-03 20:00:20.000000,MSSIS,False,,0,FGF5079,0.0,0.0,0.0,,36,none
211802290,14.459118,-60.86957,0.1,282.6,511.0,0.0,15,2026-06-03 20:00:20.000000,MSSIS,False,JOJO,0,,0.0,0.0,0.0,,0,none
367560350,41.260296,-71.31533,8.2,225.1,511.0,0.0,15,2026-06-03 20:00:20.000000,MSSIS,False,MADISON III,0,,0.0,0.0,0.0,,0,none
205635000,51.14337,3.29574,0.0,294.1,511.0,-731.3865,0,2026-06-03 20:00:20.000000,MSSIS,False,LOTUS,0,ORBN,0.0,0.0,0.0,DIVERSE PLAATSEN,20,none
564151000,37.7721,-122.35175,0.0,53.9,164.0,0.7142446,1,2026-06-03 20:00:20.000000,MSSIS,False,KWK EXCELSUS,9728411,9V3647,0.0,0.0,10.1,USRCH,80,none
341550002,39.631737,19.908066,8.8,258.6,511.0,-731.3865,5,2026-06-03 20:00:18.000000,MSSIS,False,RENA S II,8123860,V4IV7,0.0,0.0,3.6,PIREUS CORFU,60,none
503180450,-20.822865,149.2757,0.1,360.0,511.0,0.0,15,2026-06-03 20:00:18.000000,MSSIS,False,,0,,0.0,0.0,0.0,,37,none
511102001,-20.023504,148.25124,0.0,360.0,511.0,0.0,15,2026-06-03 20:00:20.000000,MSSIS,False,GODLEY,0,,0.0,0.0,0.0,,0,none
259049050,66.33911,13.006908,0.0,229.9,211.0,0.0,0,2026-06-03 20:00:19.000000,MSSIS,False,LAKSHOLMEN,0,LH6685,0.0,0.0,0.0,KSU,0,none
259405000,59.50242,5.2130866,9.6,359.8,359.0,0.0,0,2026-06-03 20:00:19.000000,MSSIS,False,EIDSVAAG MARIN,9133525,JWLR,0.0,0.0,4.3,FLORO,70,none
257399400,65.72192,12.45134,0.0,299.1,184.0,0.0,0,2026-06-03 20:00:19.000000,MSSIS,False,TJOETTA,0,LAUI,0.0,0.0,0.0,TJOTTAFORVIK,60,none
210052000,37.833073,23.581467,3.6,193.9,191.0,-720.00323,0,2026-06-03 20:00:20.000000,MSSIS,False,EUROCHAMPION JET 2,9176060,5BPF5,0.0,0.0,3.7,TRIALS,49,none
630001222,31.717136,35.999367,0.1,0.0,511.0,-731.3865,0,2026-06-03 20:00:20.000000,MSSIS,False,LADY MARIA,6518425,J5AZ4,0.0,0.0,0.0,TARTOUS,99,none
325124500,38.193783,26.78153,0.0,0.0,511.0,-731.3865,1,2026-06-03 20:00:20.000000,MSSIS,False,COSMO,0,,0.0,0.0,0.0,,0,none
256359000,31.165367,29.856234,0.0,0.0,511.0,-731.3865,1,2026-06-03 20:00:20.000000,MSSIS,False,HISTRIA AGATA,9357559,9HSB8,0.0,0.0,0.0,EGALY,80,none
368257430,37.003006,27.254429,0.0,0.0,511.0,-731.3865,1,2026-06-03 20:00:20.000000,MSSIS,False,MOON,0,WDM9954,0.0,0.0,0.0,,0,none
271040348,37.719677,27.22515,0.0,0.0,511.0,-731.3865,1,2026-06-03 20:00:20.000000,MSSIS,False,KALAMAKI 2,0,TCXS8,0.0,0.0,0.0,,0,none
237003700,39.498466,20.262894,0.0,360.0,101.0,0.0,5,2026-06-03 20:00:20.000000,MSSIS,False,AGIA EIRINI,8967759,SX2863,0.0,0.0,2.5,CORFUIGTSACORFU,60,none
265807420,59.30164,18.679287,0.0,78.4,511.0,0.0,15,2026-06-03 20:00:21.000000,MSSIS,False,JOMATHIS,0,,0.0,0.0,0.0,,0,none
228287480,43.78224,7.51745,0.0,45.6,511.0,0.0,15,2026-06-03 20:00:17.000000,MSSIS,False,,0,FAL8383,0.0,0.0,0.0,,37,none
256003101,38.733055,1.4160633,0.1,360.0,24.0,0.0,15,2026-06-03 20:00:17.000000,MSSIS,False,,0,9HB9318,0.0,0.0,0.0,,37,none
211529640,52.534187,13.204055,6.5,231.9,511.0,-731.3865,0,2026-06-03 20:00:21.000000,MSSIS,False,BELVEDERE,0,,0.0,0.0,0.0,,69,none
367585560,48.53378,-122.73683,6.6,274.3,511.0,-731.3865,0,2026-06-03 20:00:21.000000,MSSIS,False,HENRY ISLAND,0,WDG9218,0.0,0.0,1.0,FRIDAY HARBORSYC,70,none
211197660,53.53746,9.877341,0.0,137.0,135.0,0.0,5,2026-06-03 20:00:21.000000,MSSIS,False,HAMBURG PILOT 4,0,DH3921,0.0,0.0,1.6,HAMBURG,90,none
316058938,49.66029,-123.25845,0.0,45.2,196.0,0.0,5,2026-06-03 20:00:21.000000,MSSIS,False,SAGA X,7911545,5BRC5,0.0,0.0,6.8,SQUAMISH BC CANADA,60,none
219031822,52.4587,4.5811667,0.0,309.0,300.0,0.0,5,2026-06-03 20:00:21.000000,MSSIS,False,CINSTALLER,9165554,OUPP2,0.0,0.0,6.2,IJMUIDEN,0,none
230167530,60.270935,22.30835,102.3,360.0,511.0,-731.3865,0,2026-06-03 20:00:21.000000,MSSIS,False,LIAM,0,OHA3157,0.0,0.0,2.5,DALSBRUK,53,none
244780642,52.368065,4.893445,0.0,0.0,511.0,-731.3865,5,2026-06-03 20:00:21.000000,MSSIS,False,PRINSES MARGRIET,0,PG5257,0.0,0.0,0.0,AMSTERDAM,69,none
244750650,52.401245,4.873145,0.0,104.5,511.0,-731.3865,15,2026-06-03 20:00:21.000000,MSSIS,False,MOSELLA,0,PD2676,0.0,0.0,0.2,HIAMBACHT,79,none
316006202,47.74413,-64.70287,0.0,360.0,511.0,-731.3865,1,2026-06-03 20:00:21.000000,MSSIS,False,LINDA  GUY,0,,0.0,0.0,0.0,,30,none
710007148,-2.5540833,-44.37631,0.1,170.9,511.0,-731.3865,8,2026-06-03 20:00:20.000000,MSSIS,False,WS DORADO,9929742,PU8545,0.0,0.0,0.0,SAO LUIS MA,52,none
710008780,-23.994938,-46.294952,0.0,292.9,511.0,-731.3865,0,2026-06-03 20:00:20.000000,MSSIS,False,ALPHARD,9573206,PQ3026,0.0,0.0,5.6,SANTOS SP,52,none
538010652,-24.218403,-46.247902,0.2,110.0,206.0,0.0,1,2026-06-03 20:00:20.000000,MSSIS,False,VELA,9731183,V7A7201,0.0,0.0,6.8,BR SSZ,70,none
538005986,-24.181787,-46.241238,0.1,290.6,198.0,0.0,1,2026-06-03 20:00:20.000000,MSSIS,False,SSI EXCELLENT,9693757,V7IS5,0.0,0.0,7.5,BRSSZ,70,none
563050400,-23.925426,-46.32069,0.0,163.8,270.0,0.0,5,2026-06-03 20:00:20.000000,MSSIS,False,MAERSK MONTE ALEGRE,9348065,S6BH,0.0,0.0,10.5,USPEFBRSSZ,71,none
352006148,-24.122839,-46.20471,0.2,124.0,239.0,0.0,1,2026-06-03 20:00:20.000000,MSSIS,False,ULTRA UNITY,1070179,3E7778,0.0,0.0,6.4,BR SSZ,70,none
311001728,-23.918667,-46.363,0.0,12.3,280.0,0.0,5,2026-06-03 20:00:20.000000,MSSIS,False,PANTERA,9301914,5LOY6,0.0,0.0,11.2,BR SSZ,80,none
271051919,31.332384,30.082537,0.0,0.0,511.0,-731.3865,1,2026-06-03 20:00:21.000000,MSSIS,False,KIRAN EUROPE,9491197,TCA7788,0.0,0.0,0.0,EG AKI,70,none
636018868,-23.978928,-46.2867,0.0,227.4,174.0,0.0,5,2026-06-03 20:00:20.000000,MSSIS,False,GREEN KMAX 3,9838072,D5RT5,0.0,0.0,7.5,BR SSZ,70,none
271001233,38.45924,26.475248,0.0,0.0,511.0,-731.3865,1,2026-06-03 20:00:21.000000,MSSIS,False,AKUA GROUP 1,0,,0.0,0.0,0.0,,0,none
357048000,31.189514,29.874094,0.0,0.0,511.0,-731.3865,1,2026-06-03 20:00:21.000000,MSSIS,False,MEDKON LTF,9264726,H3YD,0.0,0.0,0.0,EGALY,70,none
237141000,40.84382,25.89048,0.0,0.0,511.0,-731.3865,1,2026-06-03 20:00:21.000000,MSSIS,False,MICHALIS,7383554,SXDZ,0.0,0.0,0.0,ALEXADROUPOLIGR,70,none
372741000,9.340625,-79.899445,0.0,360.0,511.0,-731.3865,0,2026-06-03 20:00:20.000000,MSSIS,False,TUGCOLON,0,TUGCN,0.0,0.0,0.0,,52,none
613271506,57.292286,5.9101768,11.3,256.3,257.0,0.0,0,2026-06-03 20:00:21.000000,MSSIS,False,VIREL,9299874,TJM0W5,0.0,0.0,10.8,GNCKY,80,none
271042693,40.3786,26.665785,11.2,216.1,511.0,-731.3865,0,2026-06-03 20:00:22.000000,MSSIS,False,TLEYLA,9499553,TCMJ3,0.0,0.0,0.0,TR GEBTR ALI,84,none
257158400,59.909557,10.732728,0.0,360.0,511.0,-731.3865,0,2026-06-03 20:00:22.000000,MSSIS,False,MY SPIRIT OF OSLO,9068108,LHDZ,0.0,0.0,0.0,,60,none
257828000,57.81465,4.53461,0.0,154.6,139.0,0.0,15,2026-06-03 20:00:22.000000,MSSIS,False,INSPIRER,8765280,LAON8,0.0,0.0,0.0,,99,none
106000000,11.174577,99.82231,1.3,258.7,511.0,0.0,15,2026-06-03 20:00:22.000000,MSSIS,False,,0,,0.0,0.0,0.0,,60,none
256903000,38.324627,25.432407,12.6,164.9,169.0,0.0,0,2026-06-03 20:00:22.000000,MSSIS,False,ABLIANI,9693068,9HA4031,0.0,0.0,0.0,EGPSD,80,none
219017204,54.972607,12.858535,21.1,252.8,246.0,-720.00323,0,2026-06-03 20:00:22.000000,MSSIS,False,BOLDER,9656993,OUYO2,0.0,0.0,2.2,DKF0WF0 KLINTHOLM,40,none
219029699,57.13946,9.127193,0.0,123.6,273.0,0.0,0,2026-06-03 20:00:22.000000,MSSIS,False,SAR BIL THORUPSTRAND,0,XPH8151,0.0,0.0,0.0,,51,none
219948000,57.71953,10.590141,0.0,330.6,242.0,0.0,7,2026-06-03 20:00:22.000000,MSSIS,False,CASILO,0,OZZP,0.0,0.0,0.0,CH16 FOR INFO,30,none
255916071,50.749268,-1.2928833,0.0,356.8,167.0,720.00323,5,2026-06-03 20:00:22.000000,MSSIS,False,ABERDEEN,9313723,CQ2500,0.0,0.0,5.2,GBCOW,70,none
367669480,47.603634,-122.33946,0.4,0.0,511.0,-731.3865,5,2026-06-03 20:00:22.000000,MSSIS,False,FIREBOAT 2,0,,0.0,0.0,0.0,,51,none
244770330,52.698322,5.2910366,0.0,207.7,260.0,0.0,5,2026-06-03 20:00:22.000000,MSSIS,False,MARKERMEER,0,PE3450,0.0,0.0,1.0,ENKHUIZEN,99,none
367627450,25.773594,-80.17663,0.1,66.7,299.0,0.0,0,2026-06-03 20:00:22.000000,MSSIS,False,GEORGE T MORAN,9764116,WDH5386,0.0,0.0,5.1,MIAMIFL,52,none
244740789,51.454525,6.7238884,5.7,23.7,11.0,-720.00323,0,2026-06-03 20:00:22.000000,MSSIS,False,EMPIRE,0,PD8495,0.0,0.0,3.7,KALLO,79,none
244057587,51.903576,4.3798685,0.0,14.3,511.0,-731.3865,0,2026-06-03 20:00:22.000000,MSSIS,False,NOORDPOOL,0,PI3508,0.0,0.0,0.3,ROTTERDAM,52,none
209559000,5.205865,-4.0653415,0.1,66.0,235.0,0.0,1,2026-06-03 20:00:22.000000,MSSIS,False,MSC APOLLO,9247730,5BFA5,0.0,0.0,14.0,CIABJ,70,none
224388000,28.099205,-15.71191,0.0,201.3,141.0,0.0,0,2026-06-03 20:00:22.000000,MSSIS,False,BANADEROS EXPRESS,9874301,EBTZ,0.0,0.0,4.0,AGATCIAGA,40,none
256048000,35.67742,-6.596793,10.0,226.0,227.0,0.0,0,2026-06-03 20:00:22.000000,MSSIS,False,THALIA,9381639,9HA5672,0.0,0.0,7.2,ES LPA,80,none
257753570,58.360985,11.246859,0.0,360.0,199.0,0.0,15,2026-06-03 20:00:22.000000,MSSIS,False,,0,LLXI,0.0,0.0,0.0,,37,none
232062137,50.89098,-1.39626,0.0,318.8,274.0,0.0,0,2026-06-03 20:00:22.000000,MSSIS,False,WILLDISCOVER,1112525,MSJD6,0.0,0.0,0.0,GBSOU,52,none
219004695,55.680454,12.58791,0.0,0.0,511.0,0.0,15,2026-06-03 20:00:22.000000,MSSIS,False,,0,XPC7996,0.0,0.0,0.0,,60,none
258166640,59.864143,10.672408,0.0,360.0,511.0,0.0,15,2026-06-03 20:00:22.000000,MSSIS,False,LIBERTY,0,,0.0,0.0,0.0,,0,none
265009000,56.392307,18.716566,2.8,77.2,69.0,-720.00323,3,2026-06-03 20:00:22.000000,MSSIS,False,SVEA,9829332,SEYB,0.0,0.0,6.0,SURVEY,90,none
242416300,32.87388,-8.869892,0.0,360.0,511.0,-731.3865,0,2026-06-03 20:00:22.000000,MSSIS,False,,0,,0.0,0.0,0.0,,0,none
265001110,60.10198,18.803663,0.0,360.0,202.0,0.0,0,2026-06-03 20:00:22.000000,MSSIS,False,RESCUE EKMAN,0,7SA2006,0.0,0.0,0.0,SWE SAR VESSEL,51,none
368250690,41.64592,-70.92093,0.0,0.0,511.0,0.0,15,2026-06-03 20:00:22.000000,MSSIS,False,,0,WDM9219,0.0,0.0,0.0,,30,none
245207000,51.81843,4.8504,8.7,90.0,90.0,0.0,0,2026-06-03 20:00:22.000000,MSSIS,False,RWS71,0,PC9686,0.0,0.0,1.4,DORDRECHT,55,none
215490000,36.982056,-1.8843434,0.1,111.6,42.0,0.0,1,2026-06-03 20:00:22.000000,MSSIS,False,HIRA V,9217333,9HA5137,0.0,0.0,7.5,ESCRS,89,none
211384270,39.5597,2.6288633,0.0,257.2,511.0,0.0,15,2026-06-03 20:00:22.000000,MSSIS,False,,0,DKFQ,0.0,0.0,0.0,,36,none
368385810,37.23909,-76.50693,0.0,56.5,309.0,0.0,5,2026-06-03 20:00:22.000000,MSSIS,False,AMERICAN LEGEND,0,WDP7887,0.0,0.0,2.2,YORKTOWN VA,60,none
368435640,37.939713,-87.58684,2.6,186.9,185.0,0.0,12,2026-06-03 20:00:22.000000,MSSIS,False,COURTNEY DAWN MORAN,602461,WDQ5551,0.0,0.0,2.7,US0A840A41,22,none
244030008,52.74502,5.18197,0.0,0.0,511.0,0.0,15,2026-06-03 20:00:22.000000,MSSIS,False,SEAL,0,,0.0,0.0,0.0,,0,none
368284050,30.019993,-93.99063,0.0,289.5,341.0,0.0,12,2026-06-03 20:00:22.000000,MSSIS,False,BRONCO,1327838,WDN4770,0.0,0.0,3.3,US0TMG0QVD,57,none
367347070,39.7821,-72.72044,0.6,138.7,260.0,0.0,7,2026-06-03 20:00:22.000000,MSSIS,False,ITALIAN PRINCESS,0,WDE3993,0.0,0.0,3.5,SEAFORD VA,30,none
241952000,29.855288,-93.942924,3.5,221.1,220.0,-0.4017626,0,2026-06-03 20:00:22.000000,MSSIS,False,ARCTIC STAR,9978690,SVEA3,0.0,0.0,11.9,USBPT,80,none
251837270,64.24143,-22.368341,0.2,360.0,511.0,0.0,15,2026-06-03 20:00:22.000000,MSSIS,False,,0,6625,0.0,0.0,0.0,,30,none
440114740,35.082237,128.78276,0.1,281.7,511.0,-731.3865,15,2026-06-03 20:00:23.000000,MSSIS,False,NEW MIR,0,061411,0.0,0.0,2.2,,1,none
440705360,33.80574,127.865,0.6,61.7,511.0,-731.3865,0,2026-06-03 20:00:23.000000,MSSIS,False,207 WOO JIN,0,901,0.0,0.0,0.0,,0,none
636021910,51.26148,4.373677,0.0,2.5,270.0,0.0,5,2026-06-03 20:00:23.000000,MSSIS,False,STOLT ORCA,9597147,5LGH3,0.0,0.0,7.3,BEANR,82,none
244014978,51.506065,3.889975,0.0,360.0,320.0,0.0,15,2026-06-03 20:00:22.000000,MSSIS,False,,0,PG7643,0.0,0.0,0.0,,36,none
244040321,51.358322,3.7218883,0.0,216.0,302.0,0.0,5,2026-06-03 20:00:23.000000,MSSIS,False,,0,PF3363,0.0,0.0,0.0,,79,none
244700723,51.393223,4.2414684,8.2,161.0,511.0,-731.3865,0,2026-06-03 20:00:23.000000,MSSIS,False,FORTUNA,0,PD9539,0.0,0.0,2.4,BEAAA00007DOCKX0002,79,none
232059021,42.43291,18.692656,0.0,360.0,511.0,-731.3865,5,2026-06-03 20:00:23.000000,MSSIS,False,RINASCENTE,0,MRMY7,0.0,0.0,0.0,,36,none
253113000,51.217377,2.9434667,0.0,64.7,122.0,0.0,5,2026-06-03 20:00:23.000000,MSSIS,False,GEOSURVEYOR X,0,LXGZ,0.0,0.0,1.8,OOSTENDE,49,none
244163821,51.821243,4.0506268,0.0,276.7,511.0,0.0,15,2026-06-03 20:00:22.000000,MSSIS,False,,0,PH4506,0.0,0.0,0.0,,36,none
247501300,45.467976,12.375452,9.5,192.7,511.0,-731.3865,0,2026-06-03 20:00:23.000000,MSSIS,False,CANNAREGIO,0,IONK2,0.0,0.0,0.0,VENEZIA  BURANO,69,none
228083360,43.41,6.7818465,0.0,360.0,511.0,0.0,15,2026-06-03 20:00:22.000000,MSSIS,False,,0,FAJ2662,0.0,0.0,0.0,,37,none
250500086,70.43846,19.931301,0.7,98.8,511.0,0.0,15,2026-06-03 20:00:22.000000,MSSIS,False,,0,,0.0,0.0,0.0,,0,none
636025051,9.41163,125.97066,0.0,99.1,197.0,0.0,1,2026-06-03 20:00:23.000000,MSSIS,False,XH VIRTUE,9668403,5LVO6,0.0,0.0,6.8,PH SUG,70,none
263134000,37.737724,-25.663471,0.0,62.0,60.0,0.0,5,2026-06-03 20:00:23.000000,MSSIS,False,NRP FIGUEIRA DA FOZ,0,,0.0,0.0,0.0,,0,none
211243610,55.114723,12.222702,3.3,41.7,511.0,0.0,15,2026-06-03 20:00:22.000000,MSSIS,False,POPCO,0,,0.0,0.0,0.0,,0,none
215675000,36.126415,-5.3072286,0.1,285.8,194.0,720.00323,1,2026-06-03 20:00:23.000000,MSSIS,False,SPECTRUM,9535412,9HA5242,0.0,0.0,7.5,GIGIB,84,none
225995751,38.758793,1.4323783,0.1,360.0,511.0,0.0,15,2026-06-03 20:00:22.000000,MSSIS,False,,0,EA8962,0.0,0.0,0.0,,37,none
244957000,53.179893,5.4159365,0.1,264.4,252.0,0.0,7,2026-06-03 20:00:23.000000,MSSIS,False,TS1 MOBY DICK,0,PI9112,0.0,0.0,1.3,TERSCHELLING WEST,30,none
244780543,51.85146,4.656745,0.0,169.0,511.0,-731.3865,15,2026-06-03 20:00:23.000000,MSSIS,False,CREDO,0,PD4967,0.0,0.0,0.0,,79,none
244850506,39.837185,3.1342516,0.0,351.6,511.0,0.0,15,2026-06-03 20:00:22.000000,MSSIS,False,,0,PA5080,0.0,0.0,0.0,,37,none
276003360,58.21378,22.506086,0.0,246.6,511.0,-731.3865,0,2026-06-03 20:00:23.000000,MSSIS,False,AHTO09,0,ES2978,0.0,0.0,0.0,ROOM,50,none
244985272,51.970562,5.426007,0.0,360.0,511.0,0.0,15,2026-06-03 20:00:22.000000,MSSIS,False,DE PERELIJN,0,,0.0,0.0,0.0,,0,none
247415890,43.100357,10.536391,0.0,360.0,511.0,0.0,15,2026-06-03 20:00:22.000000,MSSIS,False,MANU,0,,0.0,0.0,0.0,,0,none
367493020,40.69966,-74.15146,0.0,268.0,113.0,0.0,12,2026-06-03 20:00:23.000000,MSSIS,False,CASEY ANN,9629029,WDL8791,0.0,0.0,0.0,NEWARK NJ USA,31,none
203246239,39.201107,9.125379,0.1,360.0,511.0,0.0,15,2026-06-03 20:00:22.000000,MSSIS,False,,0,OEX6239,0.0,0.0,0.0,,36,none
211863070,38.797367,0.18717334,0.0,41.9,41.0,0.0,15,2026-06-03 20:00:22.000000,MSSIS,False,ARGO,0,,0.0,0.0,0.0,,0,none
247387500,37.96661,12.075798,0.0,322.6,19.0,0.0,0,2026-06-03 20:00:23.000000,MSSIS,False,CARMEN M,9831737,IJNT2,0.0,0.0,3.8,TPS  IS EGADI,40,none
211728690,41.236084,9.194576,0.1,360.0,511.0,0.0,15,2026-06-03 20:00:22.000000,MSSIS,False,,0,DJOV2,0.0,0.0,0.0,,37,none
338555816,32.174805,-80.761604,0.0,360.0,511.0,0.0,15,2026-06-03 20:00:22.000000,MSSIS,False,,0,,0.0,0.0,0.0,,37,none
338541227,36.879364,-76.01716,0.0,206.8,511.0,0.0,15,2026-06-03 20:00:22.000000,MSSIS,False,AHHH NICE,0,,0.0,0.0,0.0,,0,none
219029389,55.470226,12.200985,0.0,0.0,511.0,0.0,15,2026-06-03 20:00:23.000000,MSSIS,False,,0,XPH7852,0.0,0.0,0.0,,37,none
236112457,36.137894,-5.3572416,0.0,85.6,511.0,0.0,15,2026-06-03 20:00:23.000000,MSSIS,False,,0,,0.0,0.0,0.0,,37,none
211724700,53.750374,14.066448,0.0,157.9,511.0,0.0,15,2026-06-03 20:00:23.000000,MSSIS,False,,0,DA4428,0.0,0.0,0.0,,36,none
338472891,41.504086,-70.75685,0.6,269.5,268.0,0.0,15,2026-06-03 20:00:23.000000,MSSIS,False,,0,,0.0,0.0,0.0,,37,none
225986350,37.368664,-5.9925184,3.5,171.3,511.0,0.0,15,2026-06-03 20:00:23.000000,MSSIS,False,,0,,0.0,0.0,0.0,,37,none
235115381,40.62082,0.6028067,0.0,360.0,511.0,0.0,15,2026-06-03 20:00:23.000000,MSSIS,False,,0,2JFB5,0.0,0.0,0.0,,37,none
338411808,47.647114,-122.34384,0.0,19.3,511.0,0.0,15,2026-06-03 20:00:23.000000,MSSIS,False,,0,,0.0,0.0,0.0,,36,none
205888400,48.782177,-3.0435233,0.0,360.0,511.0,0.0,15,2026-06-03 20:00:23.000000,MSSIS,False,,0,OS8884,0.0,0.0,0.0,,36,none
251542640,64.151405,-21.943224,0.0,166.3,511.0,0.0,15,2026-06-03 20:00:23.000000,MSSIS,False,,0,7804,0.0,0.0,0.0,,60,none
251709110,64.16023,-21.856556,7.6,222.2,511.0,0.0,15,2026-06-03 20:00:23.000000,MSSIS,False,,0,2311,0.0,0.0,0.0,,60,none
210100000,54.152946,12.121781,0.0,162.2,341.0,0.0,5,2026-06-03 20:00:23.000000,MSSIS,False,RIX FJORD,9195717,5BAG7,0.0,0.0,3.8,DERSK,70,none
244245000,51.896046,3.8163283,7.0,223.0,223.0,0.0,7,2026-06-03 20:00:23.000000,MSSIS,False,VLI27 JEANET MAARTJE,9019377,PIYW,0.0,0.0,4.0,,30,none
636024470,51.471302,0.30274168,0.0,307.9,259.0,0.0,5,2026-06-03 20:00:23.000000,MSSIS,False,GOLDEN PALM,1055882,5LST6,0.0,0.0,9.5,GBLON,80,none
251343110,65.61666,-24.140873,9.0,111.8,511.0,0.0,15,2026-06-03 20:00:23.000000,MSSIS,False,LOA,0,,0.0,0.0,0.0,,0,none
368440740,38.96775,-76.477516,0.0,360.0,511.0,0.0,15,2026-06-03 20:00:23.000000,MSSIS,False,,0,WDQ6101,0.0,0.0,0.0,,37,none
228219520,43.696316,7.2854333,102.3,0.0,511.0,0.0,15,2026-06-03 20:00:23.000000,MSSIS,False,EQUATION,0,,0.0,0.0,0.0,,0,none
244730217,53.022026,5.7833714,0.0,360.0,511.0,-731.3865,0,2026-06-03 20:00:23.000000,MSSIS,False,KRAMARIA,0,PB9243,0.0,0.0,0.7,TERHERNE,33,none
228032110,43.078842,5.905895,0.0,360.0,511.0,0.0,15,2026-06-03 20:00:23.000000,MSSIS,False,,0,FAH5676,0.0,0.0,0.0,,36,none
232047495,57.13374,-2.0497966,0.0,94.2,179.0,0.0,5,2026-06-03 20:00:23.000000,MSSIS,False,BALMERINO,9834179,MNPI5,0.0,0.0,6.5,ABERDEEN STH HBR,52,none
368329070,25.730516,-80.23046,0.0,360.0,511.0,0.0,15,2026-06-03 20:00:23.000000,MSSIS,False,,0,WDN9662,0.0,0.0,0.0,,37,none
218055750,53.54517,9.958462,0.0,181.0,78.0,0.0,0,2026-06-03 20:00:23.000000,MSSIS,False,GRASBROOK,0,DF8932,0.0,0.0,2.0,HAMBURG,69,none
228193310,46.14895,-1.1644133,0.1,345.7,511.0,0.0,15,2026-06-03 20:00:23.000000,MSSIS,False,ILAE 3,0,,0.0,0.0,0.0,,0,none
316459000,49.274315,-123.18793,0.0,360.0,511.0,0.0,15,2026-06-03 20:00:23.000000,MSSIS,False,JAMAICA,0,,0.0,0.0,0.0,,0,none
225997476,39.461113,-0.32538167,0.1,96.6,511.0,0.0,15,2026-06-03 20:00:23.000000,MSSIS,False,,0,EA3217,0.0,0.0,0.0,,36,none
227857180,47.025913,-2.29677,0.2,360.0,511.0,0.0,15,2026-06-03 20:00:23.000000,MSSIS,False,,0,FAF4371,0.0,0.0,0.0,,36,none
271048419,51.5651,-2.9890716,0.0,2.5,323.0,0.0,5,2026-06-03 20:00:23.000000,MSSIS,False,RAHMI YAGCI,9550852,TCA6228,0.0,0.0,7.0,GBNPT,70,none
368324780,42.209995,-83.143776,0.0,360.0,3.0,0.0,15,2026-06-03 20:00:23.000000,MSSIS,False,,0,WDN9200,0.0,0.0,0.0,,37,none
367641230,33.52154,-118.62067,19.1,238.5,235.0,-5.401475,0,2026-06-03 20:00:23.000000,MSSIS,False,MARJORIE C,9619684,WDH6745,0.0,0.0,9.9,HONOLULUHI,70,none
316025667,42.21042,-83.10454,0.0,360.0,511.0,0.0,15,2026-06-03 20:00:23.000000,MSSIS,False,TRANSIT DREAMS,0,,0.0,0.0,0.0,,0,none
265519650,57.058575,12.272305,0.1,0.0,162.0,0.0,0,2026-06-03 20:00:23.000000,MSSIS,False,PILOT 119 SE,0,SDUJ,0.0,0.0,0.0,,50,none
525100468,1.1891466,103.95327,0.0,324.3,73.0,2.187374,1,2026-06-03 20:00:23.000000,MSSIS,False,MCC ANDALAS,9499022,YBTH2,0.0,0.0,6.4,BATAM,79,none
338473815,33.6152,-117.90228,0.0,360.0,511.0,0.0,15,2026-06-03 20:00:23.000000,MSSIS,False,CARABELLA IV,0,,0.0,0.0,0.0,,0,none
338460795,29.54752,-95.03815,0.0,360.0,511.0,0.0,15,2026-06-03 20:00:23.000000,MSSIS,False,,0,,0.0,0.0,0.0,,36,none
308701000,9.367483,-79.932304,0.0,70.8,197.0,0.0,1,2026-06-03 20:00:22.000000,MSSIS,False,BARRINGTON ISLAND,9059614,C6QK,0.0,0.0,9.2,GBDVR,79,none
511100835,34.928806,33.642437,0.2,355.6,511.0,-731.3865,0,2026-06-03 20:00:23.000000,MSSIS,False,VASSILIKO,8914130,T8A4046,0.0,0.0,0.0,CY LCA,70,none
620363000,35.51311,35.765038,0.0,159.8,511.0,-731.3865,1,2026-06-03 20:00:23.000000,MSSIS,False,FK HATICE,8520898,D6A2363,0.0,0.0,0.0,SY ALD,70,none
240671400,37.91078,23.592173,12.4,216.6,511.0,-731.3865,0,2026-06-03 20:00:23.000000,MSSIS,False,OKIALOS,9989601,SVCX4,0.0,0.0,0.0,PAP,60,none
538010582,-21.138863,149.68367,0.1,48.7,316.0,-0.7142446,1,2026-06-03 20:00:23.000000,MSSIS,False,TOMINI K2,9617519,V7A6253,0.0,0.0,8.6,AU HPT,70,none
257015600,58.97024,5.8104534,27.6,269.0,511.0,-10.0440645,5,2026-06-03 20:00:23.000000,MSSIS,False,RYGERSKYSS,0,LF6063,0.0,0.0,0.0,RYFYLKE,60,none
257042700,62.477825,6.22485,0.0,257.8,77.0,0.0,0,2026-06-03 20:00:23.000000,MSSIS,False,FITJAR,7321922,LLIX,0.0,0.0,3.5,BODO,69,none
352005251,8.968192,-79.50497,0.4,176.0,511.0,-731.3865,15,2026-06-03 20:00:23.000000,MSSIS,False,ARENA,0,HOA6111,0.0,0.0,0.0,B 2 A,37,none
271045235,37.003647,27.254732,0.0,0.0,511.0,-731.3865,1,2026-06-03 20:00:24.000000,MSSIS,False,SERANS,0,YMA7448,0.0,0.0,0.0,,0,none
567003220,13.706128,100.56768,0.0,206.5,511.0,-731.3865,0,2026-06-03 20:00:24.000000,MSSIS,False,SRI SUREE,1046374,HSB9137,0.0,0.0,4.3,BANGKOK,70,none
368400950,48.526615,-122.99884,0.0,90.7,17.0,0.0,15,2026-06-03 20:00:23.000000,MSSIS,False,PARADOX,0,,0.0,0.0,0.0,,0,none
228211890,18.40269,-64.54476,3.9,123.8,511.0,0.0,15,2026-06-03 20:00:23.000000,MSSIS,False,,0,FAK8235,0.0,0.0,0.0,,37,none
227256130,38.530758,-28.624043,0.1,276.6,511.0,0.0,15,2026-06-03 20:00:23.000000,MSSIS,False,ALTIVELIS,0,,0.0,0.0,0.0,,0,none
257806000,69.18377,15.416375,7.6,186.4,184.0,0.0,7,2026-06-03 20:00:24.000000,MSSIS,False,HOLMOY,9756145,LCLP,0.0,0.0,8.0,SORTLAND,30,none
368253270,41.565277,-82.8219,0.0,360.0,511.0,0.0,15,2026-06-03 20:00:23.000000,MSSIS,False,,0,WDM9504,0.0,0.0,0.0,,37,none
271043764,36.79916,34.639854,0.0,250.8,511.0,-731.3865,1,2026-06-03 20:00:24.000000,MSSIS,False,BAYRAK2,0,TCA3071,0.0,0.0,0.0,,0,none
261009771,23.583126,58.607796,0.0,360.0,511.0,0.0,15,2026-06-03 20:00:23.000000,MSSIS,False,KOMODO,0,,0.0,0.0,0.0,,0,none
538009222,-37.823463,144.90181,0.0,30.9,208.0,0.0,5,2026-06-03 20:00:24.000000,MSSIS,False,CL ZHAOGE,9718090,V7A4471,0.0,0.0,12.0,SG SINAU MEL,89,none
503172070,-27.455647,153.192,0.0,360.0,511.0,0.0,15,2026-06-03 20:00:23.000000,MSSIS,False,,0,MAK58Q,0.0,0.0,0.0,,37,none
503103600,-27.454157,153.18988,0.0,360.0,511.0,0.0,15,2026-06-03 20:00:23.000000,MSSIS,False,,0,VK3627,0.0,0.0,0.0,,36,none
238669240,42.65911,18.081036,0.1,318.7,229.0,-2.187374,5,2026-06-03 20:00:24.000000,MSSIS,False,ALFA MARIO,0,9A6818,0.0,0.0,3.0,GRUZ,69,none
230697000,51.3545,3.1766233,0.0,261.9,49.0,0.0,5,2026-06-03 20:00:24.000000,MSSIS,False,FINNECO II,9856842,OJTP,0.0,0.0,6.8,BEZEE,71,none
227411650,39.40543,20.21886,1.1,186.3,511.0,0.0,15,2026-06-03 20:00:24.000000,MSSIS,False,,0,FAD6215,0.0,0.0,0.0,,36,none
224260470,38.543568,1.1229783,0.6,245.0,251.0,0.0,3,2026-06-03 20:00:24.000000,MSSIS,False,SOLTERCER,8794293,,0.0,0.0,0.0,MAR BALEAR,32,none
224081130,43.659035,-7.3536882,0.0,0.0,511.0,-731.3865,7,2026-06-03 20:00:24.000000,MSSIS,False,REGINO JESUS,2854015,EA9346,0.0,0.0,0.0,CALADERO VHF73,30,none
225992299,28.133741,-15.42583,0.1,177.3,511.0,0.0,15,2026-06-03 20:00:24.000000,MSSIS,False,LATITUD28,0,,0.0,0.0,0.0,,0,none
244729011,36.724167,-3.5262368,0.0,360.0,511.0,0.0,15,2026-06-03 20:00:24.000000,MSSIS,False,,0,PG4631,0.0,0.0,0.0,,36,none
248117000,44.38986,8.852098,0.0,23.5,269.0,0.0,1,2026-06-03 20:00:24.000000,MSSIS,False,RED HORN,9402809,9HA6519,0.0,0.0,8.4,ITGOA,81,none
440501470,34.29734,128.18867,4.0,189.9,511.0,-731.3865,0,2026-06-03 20:00:24.000000,MSSIS,False,27 TAE YEONG,0,400,0.0,0.0,0.0,,30,none
636023384,49.823925,-2.7109516,11.6,72.6,73.0,5.401475,0,2026-06-03 20:00:24.000000,MSSIS,False,AUGENSTERN,9939577,5LNL4,0.0,0.0,11.2,NL RTM,80,none
232049431,41.366123,2.1878483,0.0,360.0,511.0,0.0,15,2026-06-03 20:00:24.000000,MSSIS,False,AWAY,0,,0.0,0.0,0.0,,0,none
247439100,44.344604,9.232137,0.0,311.4,134.0,0.0,8,2026-06-03 20:00:24.000000,MSSIS,False,RUSH,0,IK8844,0.0,0.0,2.2,RAPALLO,37,none
247048610,44.304905,9.214949,1.8,251.8,511.0,-731.3865,0,2026-06-03 20:00:24.000000,MSSIS,False,STRESS,0,ISTK,0.0,0.0,1.5,MARE,60,none
256003657,47.289597,-2.1960883,0.0,198.0,97.0,0.0,8,2026-06-03 20:00:24.000000,MSSIS,False,JLD JAYCE,9654842,9HB9472,0.0,0.0,2.2,MIMIZAN,90,none
378113892,8.911558,-79.52246,0.1,360.0,511.0,-731.3865,15,2026-06-03 20:00:24.000000,MSSIS,False,LA MUNI II,0,,0.0,0.0,0.0,B 2 A,36,none
224119620,36.58013,-6.256255,0.0,360.0,511.0,0.0,15,2026-06-03 20:00:24.000000,MSSIS,False,LA BRUIXA,0,,0.0,0.0,0.0,,0,none
319077800,43.539764,7.0323434,0.0,180.0,297.0,0.0,5,2026-06-03 20:00:24.000000,MSSIS,False,MADAME KATE,1011654,ZGEQ7,0.0,0.0,3.4,CANNES,37,none
211127620,54.35211,13.65268,0.0,360.0,511.0,0.0,15,2026-06-03 20:00:24.000000,MSSIS,False,,0,DD2639,0.0,0.0,0.0,,36,none
232040178,50.796326,-1.11665,0.0,272.7,511.0,-731.3865,0,2026-06-03 20:00:24.000000,MSSIS,False,PILOT VL MAYFLOWER,0,MKTI2,0.0,0.0,1.5,SOLENT,50,none
244710037,52.933113,4.785965,6.1,357.2,359.0,0.0,0,2026-06-03 20:00:24.000000,MSSIS,False,ROBBENZAND,0,PF7942,0.0,0.0,0.0,DREDGING AREA,33,none
265057700,55.425926,13.81583,0.0,360.0,511.0,0.0,15,2026-06-03 20:00:24.000000,MSSIS,False,PARLAN,0,,0.0,0.0,0.0,,0,none
97000092,57.788647,10.7046585,1.1,128.8,128.0,0.0,15,2026-06-03 20:00:24.000000,MSSIS,False,KEEP CLEAR 025NM 13,0,,0.0,0.0,0.0,,0,none
244870464,51.96287,5.2808886,0.2,185.8,511.0,-731.3865,0,2026-06-03 20:00:24.000000,MSSIS,False,SPES SALUTIS,0,PE6938,0.0,0.0,0.0,,69,none
211232620,54.879814,15.048282,7.5,23.1,23.0,0.0,15,2026-06-03 20:00:24.000000,MSSIS,False,,0,DH3699,0.0,0.0,0.0,,36,none
636018081,31.18543,29.86791,0.0,360.0,511.0,-731.3865,5,2026-06-03 20:00:24.000000,MSSIS,False,BELITAKI,9152923,D5OC2,0.0,0.0,0.0,IT SAL,73,none
367328780,38.043015,-122.13183,0.0,16.2,237.0,0.4017626,0,2026-06-03 20:00:24.000000,MSSIS,False,DELTA LINDA,940994800,WDE2719,0.0,0.0,5.8,US0V6B,52,none
367155810,30.171518,-88.001816,0.5,286.3,511.0,-731.3865,15,2026-06-03 20:00:24.000000,MSSIS,False,OUR MOTHER,0,WDD5260,0.0,0.0,0.0,,0,none
366838990,47.26626,-122.554855,7.7,210.3,511.0,-731.3865,0,2026-06-03 20:00:24.000000,MSSIS,False,ISLAND CHIEF,7619953,WDA7043,0.0,0.0,9.0,SHILSHOLE,52,none
367198950,40.805164,-73.842255,0.0,207.7,264.0,0.0,0,2026-06-03 20:00:24.000000,MSSIS,False,JAMES WILLIAM,8654364,WDH5573,0.0,0.0,3.0,NY HARBOR,52,none
338344375,32.71388,-117.22991,0.0,140.4,511.0,0.0,15,2026-06-03 20:00:24.000000,MSSIS,False,,0,,0.0,0.0,0.0,,37,none
244007000,55.0362,10.65289,1.9,249.7,264.0,720.00323,8,2026-06-03 20:00:25.000000,MSSIS,False,TWISTER,0,PCAB,0.0,0.0,2.8,WINDDEPENDING,36,none
219013964,55.060776,10.620486,0.0,277.7,511.0,-731.3865,0,2026-06-03 20:00:25.000000,MSSIS,False,HELLE SAJ,5289883,OWHZ,0.0,0.0,2.0,SVENDBORG,38,none
338486624,33.748753,-118.11365,0.0,31.3,229.0,0.0,15,2026-06-03 20:00:24.000000,MSSIS,False,CALUSA,0,,0.0,0.0,0.0,,0,none
338518741,33.75184,-118.11025,0.0,360.0,511.0,0.0,15,2026-06-03 20:00:24.000000,MSSIS,False,,0,,0.0,0.0,0.0,,37,none
261005929,35.900974,14.4986515,0.1,360.0,511.0,0.0,15,2026-06-03 20:00:24.000000,MSSIS,False,,0,SPA6739,0.0,0.0,0.0,,37,none
251112740,66.42438,-23.163494,5.2,90.4,511.0,0.0,15,2026-06-03 20:00:24.000000,MSSIS,False,,0,5713,0.0,0.0,0.0,,30,none
316031388,49.291943,-122.88238,0.0,360.0,259.0,0.0,15,2026-06-03 20:00:24.000000,MSSIS,False,,0,CFN5146,0.0,0.0,0.0,,37,none
219012753,56.166473,10.22268,0.0,360.0,511.0,0.0,15,2026-06-03 20:00:24.000000,MSSIS,False,ROXY,0,,0.0,0.0,0.0,,0,none
244060702,53.04545,5.771148,5.7,57.4,511.0,0.0,15,2026-06-03 20:00:24.000000,MSSIS,False,,0,PC4643,0.0,0.0,0.0,,37,none
248974000,-29.887817,31.035,0.0,251.0,62.0,0.0,5,2026-06-03 20:00:18.000000,MSSIS,False,PLATYTERA,9380099,9HA4894,0.0,0.0,12.0,ZADUR,80,none
368048550,43.976784,-69.349075,8.9,228.1,511.0,0.0,15,2026-06-03 20:00:18.000000,MSSIS,False,,0,WDK3770,0.0,0.0,0.0,,30,none
266471000,59.810783,24.635366,9.4,257.0,256.0,0.0,0,2026-06-03 20:00:18.000000,MSSIS,False,TELLUS,9321615,SBGJ,0.0,0.0,6.8,VASTERAS,80,none
236112567,21.502165,-157.8462,0.0,197.4,511.0,0.0,15,2026-06-03 20:00:18.000000,MSSIS,False,,0,ZDRL4,0.0,0.0,0.0,,36,none
605077120,36.30852,14.30621,9.0,169.1,511.0,-731.3865,0,2026-06-03 20:00:18.000000,MSSIS,False,HABIB ALLAH I,8537671,7T7120,0.0,0.0,0.0,,0,none
538010966,44.72143,-60.670433,12.7,237.7,238.0,0.0,0,2026-06-03 20:00:18.000000,MSSIS,False,FEDERAL OHIO,9975399,V7A6380,0.0,0.0,8.3,CASJB,70,none
271000747,40.857143,17.982124,18.5,137.9,511.0,-731.3865,0,2026-06-03 20:00:18.000000,MSSIS,False,ASSOS SEAWAYS,9293416,TCCU7,0.0,0.0,6.8,TRMER,71,none
276152000,58.97517,22.90954,0.0,163.1,161.0,0.0,5,2026-06-03 20:00:18.000000,MSSIS,False,PIIRISAARE,9100932,ESEE,0.0,0.0,2.0,SUURSADAM,30,none
636025995,36.039925,-5.081343,14.4,85.0,91.0,0.0,1,2026-06-03 20:00:18.000000,MSSIS,False,DOKOS,9318072,A8BY2,0.0,0.0,13.2,PORT SAID,80,none
244620441,51.47536,3.7071533,0.0,360.0,511.0,-731.3865,5,2026-06-03 20:00:18.000000,MSSIS,False,TRITON,0,PB8336,0.0,0.0,1.4,,33,none
224271000,43.589283,-2.1857934,11.2,28.1,511.0,-731.3865,7,2026-06-03 20:00:18.000000,MSSIS,False,NOCHE DE PAZ,9214769,EAWR,0.0,0.0,4.0,ZONA PESCA,30,none
538071251,44.408752,8.921055,0.0,157.5,340.0,-1.6070504,5,2026-06-03 20:00:18.000000,MSSIS,False,LAURENTIA,1013054,V7XR9,0.0,0.0,3.2,GOA,37,none
247070830,35.13701,12.904306,2.7,259.2,511.0,-731.3865,15,2026-06-03 20:00:18.000000,MSSIS,False,ATLANTIC II,0,IWLB,0.0,0.0,0.0,LAMPEDUSA,30,none
201100151,35.433357,13.2936,0.3,179.4,511.0,-731.3865,7,2026-06-03 20:00:18.000000,MSSIS,False,ROZAFA 23,8341981,ZADN4,0.0,0.0,3.0,ADRIATICIONIAN,30,none
259042710,59.61055,5.5274,0.0,296.7,240.0,0.0,0,2026-06-03 20:00:18.000000,MSSIS,False,LEROY TROLLFJORD,1024857,LGPU,0.0,0.0,0.0,TLF 478 77 962,70,none
257093560,69.51034,17.90308,0.0,62.6,121.0,-3.6158633,5,2026-06-03 20:00:18.000000,MSSIS,False,HEKKINGEN,0,LH3862,0.0,0.0,1.0,,33,none
368037750,26.30156,-80.08473,102.3,360.0,511.0,-6.4282017,5,2026-06-03 20:00:18.000000,MSSIS,False,MINELESS,0,WDK2670,0.0,0.0,1.3,FORT LAUDERDALE,37,none
232002653,57.14406,-2.075335,0.0,359.6,49.0,0.0,5,2026-06-03 20:00:18.000000,MSSIS,False,SD WARDEN,8807600,GACZ,0.0,0.0,3.4,ABERDEEN,70,none
232025009,53.40345,-3.045195,0.0,233.0,108.0,0.0,5,2026-06-03 20:00:18.000000,MSSIS,False,SCOT EXPLORER,9841794,MGIE2,0.0,0.0,5.9,GB BRK,70,none
256001243,35.992634,14.393617,12.3,124.5,120.0,-720.00323,0,2026-06-03 20:00:18.000000,MSSIS,False,I SEE FOUR,9881964,9HB6905,0.0,0.0,0.0,MTMSX,60,none
477232200,1.2691684,103.784355,0.0,242.7,31.0,0.0,5,2026-06-03 20:00:18.000000,MSSIS,False,COSCO SAKURA,9785794,VRSG3,0.0,0.0,14.6,SGSIN PEBGA,71,none
538008296,30.07567,-90.90269,0.1,340.6,331.0,0.0,1,2026-06-03 20:00:18.000000,MSSIS,False,ALEXANDRA KPN,9839844,V7A2207,0.0,0.0,6.8,US MSY,70,none
244058001,52.207912,4.6482882,1.6,182.0,511.0,-731.3865,0,2026-06-03 20:00:25.000000,MSSIS,False,OUDE WETERING 1,0,PI8009,0.0,0.0,0.6,HEEN EN WEER,69,none
232008120,51.47322,0.24293834,0.2,73.9,320.0,720.00323,0,2026-06-03 20:00:25.000000,MSSIS,False,SVITZER ADIRA,9788112,MBAX8,0.0,0.0,5.4,GRAVESEND THAMES,52,none
273352220,-6.0010185,106.907364,0.0,310.4,75.0,0.0,1,2026-06-03 20:00:25.000000,MSSIS,False,KAPITAN KLIMIN,8520214,UIKG,0.0,0.0,7.8,IDCGKWM,70,none
244670060,52.506104,6.0495667,2.1,51.7,511.0,-731.3865,0,2026-06-03 20:00:25.000000,MSSIS,False,NIRVANA,0,PI2024,0.0,0.0,0.0,HATTEM,69,none
244620615,53.185074,6.0026584,0.0,360.0,511.0,-731.3865,0,2026-06-03 20:00:25.000000,MSSIS,False,KOBUS,0,PG2176,0.0,0.0,1.0,DAAR,79,none
305669000,57.054485,9.958292,0.0,196.1,168.0,0.0,5,2026-06-03 20:00:25.000000,MSSIS,False,UNISTREAM,9484235,V2QL7,0.0,0.0,4.8,DKAAL,79,none
244670757,53.17464,5.410937,0.0,348.7,511.0,-731.3865,8,2026-06-03 20:00:25.000000,MSSIS,False,PELIKAAN,0,PH4159,0.0,0.0,1.2,GRONINGEN,60,none
316001099,48.01885,-65.25649,0.0,257.9,266.0,0.0,5,2026-06-03 20:00:25.000000,MSSIS,False,OCEAN SEPTILES,7901162,CFK5067,0.0,0.0,25.5,PASPEBIAC,52,none
316028513,50.70945,-127.48635,0.0,224.8,511.0,0.0,15,2026-06-03 20:00:25.000000,MSSIS,False,,0,,0.0,0.0,0.0,,30,none
319425000,48.42652,-123.38203,0.0,325.7,302.0,0.0,5,2026-06-03 20:00:25.000000,MSSIS,False,THE LADY K,9350874,ZC0D6,0.0,0.0,3.0,VICTORIABC,37,none
538007730,30.505016,-14.203167,10.4,201.0,205.0,0.0,0,2026-06-03 20:00:26.000000,MSSIS,False,CHARISMA,9409132,V7PH7,0.0,0.0,12.5,ES LPA,70,none
316045043,50.03661,-125.24684,0.0,360.0,511.0,0.0,15,2026-06-03 20:00:25.000000,MSSIS,False,,0,,0.0,0.0,0.0,,36,none
316010290,49.459637,-53.95759,0.0,134.4,511.0,0.0,15,2026-06-03 20:00:25.000000,MSSIS,False,,0,,0.0,0.0,0.0,,30,none
316018535,45.981075,-81.92561,0.0,0.0,511.0,0.0,15,2026-06-03 20:00:25.000000,MSSIS,False,,0,CFN4O27,0.0,0.0,0.0,,36,none
232013246,58.889114,17.552649,0.1,276.3,511.0,0.0,15,2026-06-03 20:00:21.000000,MSSIS,False,SKEDADDLE,0,,0.0,0.0,0.0,,0,none
265600330,59.329384,18.073668,0.0,341.9,511.0,0.0,15,2026-06-03 20:00:21.000000,MSSIS,False,,0,SLIH,0.0,0.0,0.0,,60,none
244660534,51.246914,4.352705,0.0,50.1,130.0,0.0,5,2026-06-03 20:00:21.000000,MSSIS,False,JULIA,0,PF3933,0.0,0.0,0.0,ANTWERP,99,none
226011580,51.236305,4.432585,0.1,203.6,511.0,-731.3865,0,2026-06-03 20:00:21.000000,MSSIS,False,MASSENA,0,FM6932,0.0,0.0,0.0,AMERIKADOK,79,none
341410002,35.977417,-5.3837433,12.9,73.3,511.0,-731.3865,0,2026-06-03 20:00:21.000000,MSSIS,False,BSL CALYPSO,9191448,V4DL7,0.0,0.0,5.3,EGALX,79,none
215902000,36.452267,-3.93998,3.0,304.7,305.0,0.0,0,2026-06-03 20:00:21.000000,MSSIS,False,AVENIR ASPIRATION,9868962,9HA5360,0.0,0.0,5.6,FOR ORDERS,80,none
224860000,43.363636,-8.395846,0.0,194.4,56.0,-0.17856115,5,2026-06-03 20:00:21.000000,MSSIS,False,MARIA PITA,9429118,ECMF,0.0,0.0,4.7,SAR OPS,51,none
218022770,59.468803,24.822504,0.0,360.0,511.0,0.0,15,2026-06-03 20:00:21.000000,MSSIS,False,,0,DG4837,0.0,0.0,0.0,,37,none
225987264,38.289196,-0.48188335,7.5,359.9,511.0,-731.3865,0,2026-06-03 20:00:21.000000,MSSIS,False,AVENTURERO,0,EAWF,0.0,0.0,0.0,TABARCA,60,none
263913660,37.076103,-8.121041,0.1,360.0,511.0,0.0,15,2026-06-03 20:00:21.000000,MSSIS,False,,0,CRA4593,0.0,0.0,0.0,,37,none
304811000,18.169075,-18.112867,10.4,356.7,359.0,0.0,0,2026-06-03 20:00:21.000000,MSSIS,False,HORIZON,9242314,V2BF8,0.0,0.0,7.6,ES ALG,72,none
224073540,39.453934,0.96238333,0.2,65.5,511.0,-731.3865,3,2026-06-03 20:00:21.000000,MSSIS,False,SOLER MOLINA,2847567,EA4505,0.0,0.0,0.0,,30,none
255792000,33.761715,-7.8475986,1.4,281.6,323.0,0.0,0,2026-06-03 20:00:21.000000,MSSIS,False,MSC MANZANILLO V,9289960,CQME,0.0,0.0,11.1,ES CASMA CAS,71,none
232047463,55.02991,17.678665,15.8,167.3,181.0,720.00323,0,2026-06-03 20:00:21.000000,MSSIS,False,FARRA GRAINNE,9992074,MNOZ3,0.0,0.0,1.7,PLLEA,40,none
211317720,54.437485,16.38564,0.0,114.6,129.0,0.0,0,2026-06-03 20:00:21.000000,MSSIS,False,CHRISTINBETTINA,8429094,DNRM,0.0,0.0,4.0,KEEP CLEAR 500  M,30,none
271051982,37.18459,18.647903,11.1,281.0,283.0,0.0,0,2026-06-03 20:00:21.000000,MSSIS,False,OYKU A,9292462,TCA7845,0.0,0.0,9.1,ITSAL,71,none
636021464,40.20423,18.684881,9.0,158.5,162.0,0.0,0,2026-06-03 20:00:21.000000,MSSIS,False,UNDA,9511234,5LEB2,0.0,0.0,5.1,ESCAR,80,none
210352000,45.062275,12.254958,0.0,192.9,176.0,0.0,5,2026-06-03 20:00:21.000000,MSSIS,False,STORIONE,0,5BXC5,0.0,0.0,1.4,ITRAN,70,none
247342900,44.102577,9.825327,0.0,322.2,511.0,-731.3865,0,2026-06-03 20:00:21.000000,MSSIS,False,MBLEVANTO,0,INGS2,0.0,0.0,0.0,LA SPEZIA,60,none
227500650,43.518166,4.1411066,0.0,360.0,511.0,0.0,15,2026-06-03 20:00:21.000000,MSSIS,False,,0,FG5236,0.0,0.0,0.0,,36,none
563126700,21.585886,38.739902,0.8,67.0,239.0,0.0,0,2026-06-03 20:00:21.000000,MSSIS,False,WAN HAI 622,9307035,9V7053,0.0,0.0,14.0,SAJED,74,none
244750232,51.972584,4.6466517,6.4,70.5,511.0,-731.3865,0,2026-06-03 20:00:21.000000,MSSIS,False,BABETTE,0,PG4311,0.0,0.0,0.2,ALPHEN,79,none
244110236,52.370354,4.9466467,0.0,360.0,511.0,-731.3865,0,2026-06-03 20:00:21.000000,MSSIS,False,QUEEN,0,PC8542,0.0,0.0,0.3,,69,none
538007504,46.828377,-71.201324,0.1,357.9,57.0,0.0,5,2026-06-03 20:00:21.000000,MSSIS,False,BRIGHT IMABARI,9801316,V7SA7,0.0,0.0,6.7,CAQUE,70,none
367408590,17.948942,-66.291504,0.1,360.0,511.0,0.0,15,2026-06-03 20:00:21.000000,MSSIS,False,CATS MEOW,0,,0.0,0.0,0.0,,0,none
218008130,54.387547,10.172385,0.0,2.2,330.0,0.0,5,2026-06-03 20:00:21.000000,MSSIS,False,GROSSNORDSEE,9067271,DMGU,0.0,0.0,4.6,DEKEL,52,none
232023209,39.458805,-0.31206,0.0,196.0,511.0,-731.3865,5,2026-06-03 20:00:21.000000,MSSIS,False,PRINCESS OF PALAU,0,MFQK7,0.0,0.0,0.0,,0,none
368098720,47.62807,-122.39415,0.0,360.0,511.0,0.0,15,2026-06-03 20:00:21.000000,MSSIS,False,,0,WDN9129,0.0,0.0,0.0,,37,none
257961000,58.984592,5.726625,0.0,3.6,204.0,0.0,5,2026-06-03 20:00:21.000000,MSSIS,False,NORMAND CUTTER,9231535,LAXK7,0.0,0.0,7.0,STAVANGER,90,none
235076656,49.453766,-2.5337267,0.1,360.0,511.0,0.0,15,2026-06-03 20:00:21.000000,MSSIS,False,ESPRIT DE MER,0,,0.0,0.0,0.0,,0,none
204209550,38.321625,-28.7578,0.4,323.6,511.0,0.0,15,2026-06-03 20:00:21.000000,MSSIS,False,RINQUINHO,0,,0.0,0.0,0.0,,0,none
255805981,56.649654,4.856917,11.7,356.3,359.0,0.0,0,2026-06-03 20:00:21.000000,MSSIS,False,JULIE,9277307,CQIJ9,0.0,0.0,5.2,FLORO,70,none
227106810,47.870365,-3.9138534,0.1,360.0,511.0,0.0,15,2026-06-03 20:00:21.000000,MSSIS,False,SOPHIE 2,0,,0.0,0.0,0.0,,0,none
263959932,43.6898,7.33849,0.1,360.0,511.0,0.0,15,2026-06-03 20:00:21.000000,MSSIS,False,CACAO,0,,0.0,0.0,0.0,,0,none
227970820,48.647385,-2.82197,0.2,360.0,511.0,0.0,15,2026-06-03 20:00:21.000000,MSSIS,False,,0,FAG7618,0.0,0.0,0.0,,37,none
244780174,51.8123,5.237655,0.0,0.0,511.0,-731.3865,0,2026-06-03 20:00:21.000000,MSSIS,False,ALBULA,0,PD7547,0.0,0.0,0.2,ZALTBOMMEL,33,none
512006292,-41.280647,174.78117,0.0,288.7,351.0,0.0,0,2026-06-03 20:00:21.000000,MSSIS,False,WLG PILOT TE HAA,0,ZMU4882,0.0,0.0,1.0,WELLINGTON,50,none
244780956,52.534245,5.522858,0.0,138.1,511.0,-731.3865,0,2026-06-03 20:00:21.000000,MSSIS,False,VOORWAARTS,0,PD5556,0.0,0.0,0.3,,79,none
265615670,57.70738,11.663029,0.0,360.0,511.0,-731.3865,5,2026-06-03 20:00:21.000000,MSSIS,False,ESTELLE,0,SHYQ,0.0,0.0,1.0,KARINGON,60,none
251341440,65.82586,-20.317682,0.0,0.0,511.0,0.0,15,2026-06-03 20:00:21.000000,MSSIS,False,,0,2256,0.0,0.0,0.0,,30,none
366780020,42.792805,-86.18648,0.0,265.8,511.0,0.0,15,2026-06-03 20:00:21.000000,MSSIS,False,,0,WCZ6887,0.0,0.0,0.0,,37,none
538011815,25.952192,-97.39589,0.0,213.4,248.0,0.0,5,2026-06-03 20:00:21.000000,MSSIS,False,EUGENIA B,9743215,V7A3517,0.0,0.0,7.2,US HOU  US BRO,70,none
378113424,25.935095,-80.14868,0.0,360.0,2.0,0.0,15,2026-06-03 20:00:21.000000,MSSIS,False,MY J SEAS,0,,0.0,0.0,0.0,,0,none
244770429,53.175404,5.4477916,0.0,360.0,511.0,-731.3865,8,2026-06-03 20:00:21.000000,MSSIS,False,JOSINA  ELISABETH,0,PF4060,0.0,0.0,1.5,LEKKERSILEN,69,none
636017739,36.598125,35.78611,12.2,48.6,44.0,0.0,0,2026-06-03 20:00:21.000000,MSSIS,False,KRITI SAMARIA,9329409,D5MM7,0.0,0.0,0.0,TR CEY,80,none
316004971,49.272537,-124.09605,24.5,39.9,511.0,0.0,15,2026-06-03 20:00:21.000000,MSSIS,False,,0,,0.0,0.0,0.0,,60,none
316036502,54.265663,-133.01756,21.8,324.3,511.0,0.0,15,2026-06-03 20:00:21.000000,MSSIS,False,,0,,0.0,0.0,0.0,,30,none
239965500,37.04972,25.08861,0.0,0.0,0.0,0.0,15,2026-06-03 20:00:21.000000,MSSIS,False,DADDYS HOBBY,0,,0.0,0.0,0.0,,0,none
338205516,25.791433,-80.01618,0.3,284.3,32.0,-720.00323,0,2026-06-03 20:00:21.000000,MSSIS,False,LADY KATHERINE,0,WCX9188,0.0,0.0,3.1,PORT EVERGLADES,52,none
367014380,29.861233,-93.991875,0.0,342.1,275.0,0.0,12,2026-06-03 20:00:21.000000,MSSIS,False,GEORGE ROWE,0,WDL2868,0.0,0.0,3.0,PORT ARTHUR TX GT OM,57,none
316009305,49.37911,-123.33133,0.0,360.0,511.0,0.0,15,2026-06-03 20:00:21.000000,MSSIS,False,KINBASKET QUEEN,0,,0.0,0.0,0.0,,0,none
244710596,51.927795,4.6154885,8.3,29.3,511.0,-731.3865,0,2026-06-03 20:00:21.000000,MSSIS,False,CORMORAAN,0,PH6306,0.0,0.0,0.0,GOUDA,79,none
249563000,36.379513,35.49927,11.2,252.4,511.0,-731.3865,0,2026-06-03 20:00:26.000000,MSSIS,False,MANNA,9304100,9HUV9,0.0,0.0,0.0,FOR ORDER,70,none
268250904,40.105114,26.378113,0.0,0.0,511.0,-731.3865,1,2026-06-03 20:00:26.000000,MSSIS,False,DREAM S,9199385,T7DG7,0.0,0.0,0.0,BG BOJ,79,none
538008915,36.078445,26.998926,15.3,109.9,511.0,-731.3865,0,2026-06-03 20:00:26.000000,MSSIS,False,NISSOS SIKINOS,9884033,V7A2902,0.0,0.0,0.0,FOR ORDERS,89,none
271048695,36.185585,33.65817,0.1,166.3,511.0,-731.3865,0,2026-06-03 20:00:26.000000,MSSIS,False,MEDCEM III,9908968,TCA6302,0.0,0.0,0.0,YESILOVACIK,52,none
319192000,37.14635,27.395014,10.0,25.5,511.0,-731.3865,0,2026-06-03 20:00:26.000000,MSSIS,False,MARAYA,1009455,ZCXA2,0.0,0.0,0.0,BODRUM,37,none
237005900,38.380394,24.04254,0.8,270.0,118.0,-720.00323,0,2026-06-03 20:00:26.000000,MSSIS,False,NAFTILOS,6619762,SV7235,0.0,0.0,2.6,ALIVERI,70,none
533191858,6.2126584,100.04727,3.7,282.0,511.0,0.0,15,2026-06-03 20:00:26.000000,MSSIS,False,,0,,0.0,0.0,0.0,,30,none
503068280,-38.313885,145.00467,0.0,345.9,511.0,0.0,15,2026-06-03 20:00:26.000000,MSSIS,False,CARPE DIEM,0,,0.0,0.0,0.0,,0,none
316023307,49.168995,-122.965836,0.1,339.8,511.0,0.0,15,2026-06-03 20:00:26.000000,MSSIS,False,,0,,0.0,0.0,0.0,,37,none
211597090,52.83746,5.7062535,0.0,160.8,511.0,0.0,15,2026-06-03 20:00:26.000000,MSSIS,False,,0,DJ5978,0.0,0.0,0.0,,36,none
211860890,53.17143,5.863352,5.6,107.0,511.0,0.0,15,2026-06-03 20:00:26.000000,MSSIS,False,,0,DD8414,0.0,0.0,0.0,,36,none
227421040,48.832977,-1.5989217,0.0,38.5,511.0,0.0,15,2026-06-03 20:00:26.000000,MSSIS,False,,0,FAD7017,0.0,0.0,0.0,,36,none
212597000,61.826183,4.541673,12.6,198.3,198.0,0.0,0,2026-06-03 20:00:26.000000,MSSIS,False,THEA II,9107394,5BRH4,0.0,0.0,4.3,NOTAE,70,none
257069830,70.9509,27.345346,0.1,199.5,305.0,0.0,0,2026-06-03 20:00:26.000000,MSSIS,False,RISVIK,9859521,LFOR,0.0,0.0,0.0,TLF 90567202,30,none
440120490,35.126118,128.69899,0.0,0.0,511.0,-731.3865,15,2026-06-03 20:00:26.000000,MSSIS,False,TAE YANG 23,0,D9SP,0.0,0.0,3.0,,52,none
432301000,33.845627,129.59761,6.8,21.0,21.0,0.0,3,2026-06-03 20:00:26.000000,MSSIS,False,SHINSEIMARU,9243722,JPFQ,0.0,0.0,4.6,TSUSHIMA OFF,99,none
563619000,42.39537,-70.83729,0.5,0.3,9.0,0.0,0,2026-06-03 20:00:26.000000,MSSIS,False,HAFNIA LYNX,9635808,9V2340,0.0,0.0,8.9,NLAMSUSBOS,80,none
205428390,51.224415,4.3927717,0.0,323.3,25.0,0.0,0,2026-06-03 20:00:26.000000,MSSIS,False,OP STROOM,9940112,OT4283,0.0,0.0,2.0,VEERDIENST ST ANNA,69,none
212338000,13.219599,-23.622986,9.5,322.9,327.0,0.0,0,2026-06-03 20:00:26.000000,MSSIS,False,ASTRAMAR,9956305,5BPZ6,0.0,0.0,4.7,CVMIN,70,none
261275000,54.17965,15.55369,0.0,323.0,511.0,-731.3865,7,2026-06-03 20:00:26.000000,MSSIS,False,FV KOL120,8903387,SPK2230,0.0,0.0,3.0,KOLOBRZEG,90,none
440198620,34.83858,128.42868,0.0,60.4,23.0,0.0,0,2026-06-03 20:00:26.000000,MSSIS,False,KCG OSRV11,0,,0.0,0.0,3.5,,55,none
538072249,43.78719,7.57347,0.2,291.0,222.0,0.0,1,2026-06-03 20:00:26.000000,MSSIS,False,REDUCE,1015973,V7A6785,0.0,0.0,2.0,NICE,37,none
247122900,44.40622,8.920662,0.1,360.0,511.0,-731.3865,8,2026-06-03 20:00:26.000000,MSSIS,False,VF 1082,0,IZCF,0.0,0.0,1.1,,55,none
376766000,24.815659,66.974045,0.0,360.0,511.0,-731.3865,8,2026-06-03 20:00:26.000000,MSSIS,False,MT LYARI,9825166,J8B6256,0.0,0.0,5.3,KARACHI,52,none
244110703,52.366352,4.920565,3.1,296.5,511.0,-731.3865,0,2026-06-03 20:00:26.000000,MSSIS,False,LIBELLE,0,PD4353,0.0,0.0,1.0,AMSTERDAM,69,none
244003180,53.030106,5.6729784,0.0,255.4,511.0,0.0,15,2026-06-03 20:00:26.000000,MSSIS,False,MYDITI,0,,0.0,0.0,0.0,,0,none
244630797,51.93795,4.056898,0.4,12.8,511.0,-731.3865,0,2026-06-03 20:00:26.000000,MSSIS,False,RICKY JANE,0,PB2033,0.0,0.0,1.8,ROTTERDAM 7E PETROH,90,none
228194020,43.57175,7.134908,0.1,360.0,115.0,0.0,15,2026-06-03 20:00:26.000000,MSSIS,False,,0,FAK6212,0.0,0.0,0.0,,36,none
511101848,22.952602,64.80552,9.1,295.8,287.0,-2.8569784,0,2026-06-03 20:00:26.000000,MSSIS,False,MD 23,9158240,T8A5356,0.0,0.0,6.0,KFK UAE,80,none
211559740,53.0457,4.85872,0.1,360.0,511.0,0.0,15,2026-06-03 20:00:26.000000,MSSIS,False,,0,DH7263,0.0,0.0,0.0,,36,none
538008317,-29.873854,31.047436,0.0,225.4,283.0,0.0,5,2026-06-03 20:00:26.000000,MSSIS,False,JABAL ALMISHT,9850769,V7A2231,0.0,0.0,9.4,ZADUR,70,none
244780501,51.797737,5.691165,0.0,0.0,511.0,-731.3865,0,2026-06-03 20:00:26.000000,MSSIS,False,GANZEBOOT,0,PB3654,0.0,0.0,0.2,NIFTRIK,79,none
248365000,37.930065,23.684965,0.0,262.0,511.0,-731.3865,5,2026-06-03 20:00:26.000000,MSSIS,False,OPTION B,8794164,9HB5674,0.0,0.0,2.6,MARINA FLISVOS,37,none
316006228,44.492462,-63.455437,4.8,259.1,511.0,0.0,15,2026-06-03 20:00:26.000000,MSSIS,False,HALMAR,0,,0.0,0.0,0.0,,0,none
247245100,44.42021,8.837375,0.0,360.0,511.0,-731.3865,5,2026-06-03 20:00:26.000000,MSSIS,False,NINO I,9999999,IQBO,0.0,0.0,1.6,GENOVA,70,none
355517000,48.345085,-124.12199,13.2,293.4,294.0,0.4017626,0,2026-06-03 20:00:26.000000,MSSIS,False,SUNSHINE PRIDE,9865324,3FZI3,0.0,0.0,12.5,JP ONA,70,none
257329000,-37.816925,144.92209,0.0,351.0,64.0,0.0,5,2026-06-03 20:00:26.000000,MSSIS,False,STAR JAPAN,9254654,LAZV5,0.0,0.0,7.4,AU PTJ,70,none
224157180,28.478466,-16.240423,0.1,268.5,511.0,0.0,15,2026-06-03 20:00:21.000000,MSSIS,False,,0,,0.0,0.0,0.0,,36,none
244060704,52.34791,4.911802,0.4,175.5,511.0,-731.3865,0,2026-06-03 20:00:21.000000,MSSIS,False,VALERIE,0,PD6505,0.0,0.0,0.0,,69,none
512004438,-43.605366,172.71979,0.0,0.0,511.0,0.0,15,2026-06-03 20:00:21.000000,MSSIS,False,,0,ZMPR,0.0,0.0,0.0,,30,none
232040450,48.75143,-122.48997,0.0,0.0,69.0,0.0,15,2026-06-03 20:00:21.000000,MSSIS,False,HAKEA,0,,0.0,0.0,0.0,,0,none
338170338,46.920567,-124.42067,6.4,169.7,511.0,0.0,15,2026-06-03 20:00:21.000000,MSSIS,False,,0,,0.0,0.0,0.0,,36,none
258083780,58.991314,5.725762,0.0,360.0,355.0,0.0,5,2026-06-03 20:00:21.000000,MSSIS,False,STIAN,0,LI4000,0.0,0.0,2.0,STAVANGER,57,none
338204881,41.696533,-71.38864,0.0,324.5,511.0,0.0,15,2026-06-03 20:00:21.000000,MSSIS,False,,0,,0.0,0.0,0.0,,36,none
211760030,53.5457,10.003135,3.2,216.3,245.0,720.00323,0,2026-06-03 20:00:21.000000,MSSIS,False,HANNA ABICHT,0,DD9543,0.0,0.0,1.2,,60,none
368558000,41.48171,-71.31743,0.0,360.0,511.0,0.0,15,2026-06-03 20:00:21.000000,MSSIS,False,,0,WDP4212,0.0,0.0,0.0,,37,none
563621000,1.2243633,103.80388,0.1,161.7,167.0,0.0,1,2026-06-03 20:00:21.000000,MSSIS,False,HAFNIA PUMA,9635810,9V2342,0.0,0.0,8.5,SG SIN OST,80,none
338237258,38.93091,-76.15999,0.0,360.0,511.0,0.0,15,2026-06-03 20:00:21.000000,MSSIS,False,,0,,0.0,0.0,0.0,,37,none
244615488,52.961124,4.7712884,0.0,52.7,511.0,0.0,15,2026-06-03 20:00:26.000000,MSSIS,False,,0,PH2993,0.0,0.0,0.0,,37,none
316036233,46.877953,-71.13153,0.0,228.8,196.0,0.0,15,2026-06-03 20:00:26.000000,MSSIS,False,,0,,0.0,0.0,0.0,,31,none
311013600,-29.913507,31.198317,4.1,176.2,183.0,0.4017626,0,2026-06-03 20:00:26.000000,MSSIS,False,SUNRISE ACE,9338840,C6XL9,0.0,0.0,8.6,ZA DUR,79,none
244750673,52.708035,5.3123035,1.5,216.3,511.0,-731.3865,0,2026-06-03 20:00:26.000000,MSSIS,False,SOEVEREIN,0,PD2118,0.0,0.0,2.1,NL URK,69,none
368090950,25.770073,-80.14033,0.0,360.0,511.0,0.0,15,2026-06-03 20:00:26.000000,MSSIS,False,JUBILEE,0,,0.0,0.0,0.0,,0,none
235055089,48.61122,-123.15477,0.0,153.4,138.0,0.0,5,2026-06-03 20:00:26.000000,MSSIS,False,AFTER EIGHT,9457787,MRZF3,0.0,0.0,2.0,ROCHE HBR,37,none
316027529,49.28675,-124.13678,0.0,282.6,511.0,0.0,15,2026-06-03 20:00:26.000000,MSSIS,False,BLUE DIAMOND,0,,0.0,0.0,0.0,,0,none
367664730,39.78496,-72.610535,4.9,154.3,511.0,0.0,15,2026-06-03 20:00:26.000000,MSSIS,False,,0,WDH9106,0.0,0.0,0.0,,30,none
251346740,64.314354,-22.083656,0.0,353.0,511.0,0.0,15,2026-06-03 20:00:26.000000,MSSIS,False,VER,0,,0.0,0.0,0.0,,0,none
251490240,65.64297,-13.330707,0.5,191.5,511.0,0.0,15,2026-06-03 20:00:26.000000,MSSIS,False,,0,2501,0.0,0.0,0.0,,30,none
247056600,45.462982,12.254967,2.5,325.2,330.0,0.0,10,2026-06-03 20:00:26.000000,MSSIS,False,ANGELINA C,9240081,IYTC,0.0,0.0,4.8,VENEZIA,31,none
255915963,36.32503,15.43239,11.1,268.5,270.0,0.0,0,2026-06-03 20:00:26.000000,MSSIS,False,S SAMBA,9712486,CQ2421,0.0,0.0,7.6,GB GIB,70,none
265585630,59.71907,19.069805,0.0,189.6,309.0,0.0,0,2026-06-03 20:00:26.000000,MSSIS,False,PILOT 792 SE,0,SMWE,0.0,0.0,1.5,,50,none
235108267,50.883034,-1.3945667,0.0,260.4,273.0,0.0,0,2026-06-03 20:00:26.000000,MSSIS,False,SVITZER ESTON,9701968,2IBE8,0.0,0.0,5.7,SOUTHAMPTON,52,none
257694600,60.198486,5.203797,19.2,333.6,511.0,0.0,15,2026-06-03 20:00:26.000000,MSSIS,False,POSEIDON,0,,0.0,0.0,0.0,,0,none
231863000,57.30465,-5.81822,7.7,48.8,51.0,0.0,0,2026-06-03 20:00:26.000000,MSSIS,False,BAKKANES,9366809,OZ2200,0.0,0.0,5.4,GBKIS,90,none
211219330,53.622402,7.1546283,0.0,95.0,354.0,0.0,5,2026-06-03 20:00:26.000000,MSSIS,False,FRISIA X,0,DCNB,0.0,0.0,1.0,OSTFRIESISCHE KUESTE,60,none
109080205,61.501278,4.45129,1.8,165.7,511.0,0.0,15,2026-06-03 20:00:26.000000,MSSIS,False,,0,,0.0,0.0,0.0,,0,none
303461000,40.62796,-74.06141,0.2,78.0,166.0,0.0,0,2026-06-03 20:00:26.000000,MSSIS,False,FELLS POINT,9704427,WDH5561,0.0,0.0,3.9,US0YYV0Y1E,52,none
368124510,38.538998,-90.255394,0.0,345.5,31.0,0.0,15,2026-06-03 20:00:26.000000,MSSIS,False,FRANK MELLOR,0,WDL3736,0.0,0.0,0.0,US0XA00W6S,52,none
257049680,60.395733,5.320145,0.0,154.3,511.0,0.0,15,2026-06-03 20:00:26.000000,MSSIS,False,TIME OUT,0,,0.0,0.0,0.0,,0,none
367363000,26.255846,-80.09132,0.0,267.8,267.0,1.1160072,1,2026-06-03 20:00:26.000000,MSSIS,False,OFFSHORE LADY,0,WDE4876,0.0,0.0,2.0,,37,none
244041024,52.551613,5.923587,0.0,231.4,511.0,0.0,15,2026-06-03 20:00:26.000000,MSSIS,False,,0,PA6464,0.0,0.0,0.0,,37,none
518998177,36.433506,28.239216,0.0,0.0,511.0,-731.3865,1,2026-06-03 20:00:27.000000,MSSIS,False,ALEXANDRA,0,,0.0,0.0,0.0,,0,none
247241900,36.82239,21.578285,17.0,152.7,152.0,0.0,0,2026-06-03 20:00:27.000000,MSSIS,False,EUROCARGO ROMA,9465526,IBAV,0.0,0.0,7.6,ITTRSTRGEM,71,none
265808840,57.76264,16.652374,0.0,360.0,511.0,0.0,15,2026-06-03 20:00:26.000000,MSSIS,False,ARAMINTA,0,,0.0,0.0,0.0,,0,none
671319100,36.342793,35.665665,9.0,15.1,511.0,-731.3865,0,2026-06-03 20:00:27.000000,MSSIS,False,JOE1,8714114,5VIH9,0.0,0.0,0.0,TR ISK,70,none
511101691,40.13871,-8.881768,7.7,226.5,230.0,720.00323,0,2026-06-03 20:00:27.000000,MSSIS,False,DRY VOYAGER 1,1081192,T8A5160,0.0,0.0,4.9,MA SFI,70,none
636021516,3.8783183,9.5295315,0.0,352.5,260.0,1.1160072,1,2026-06-03 20:00:27.000000,MSSIS,False,ARDMORE,9878034,5LEH9,0.0,0.0,6.0,CM DLA,80,none
367093070,40.562645,-73.85136,2.7,60.2,511.0,0.0,15,2026-06-03 20:00:26.000000,MSSIS,False,FV SCOTT NATHAN,0,,0.0,0.0,0.0,,0,none
367199310,33.76305,-118.19944,0.1,246.1,0.0,0.0,15,2026-06-03 20:00:27.000000,MSSIS,False,CATALINA JET,899414200,WDD8449,0.0,0.0,3.7,LONG BEACH AVALON,40,none
367484340,40.19292,-72.79997,5.5,57.1,511.0,0.0,15,2026-06-03 20:00:26.000000,MSSIS,False,,0,WDN7962,0.0,0.0,0.0,,37,none
538004388,22.989822,38.153408,1.8,170.0,226.0,0.0,0,2026-06-03 20:00:27.000000,MSSIS,False,FLAGSHIP PRIVET,9496032,V7WT5,0.0,0.0,7.8,SA RAB,80,none
368348910,37.558765,-76.31911,0.0,360.0,511.0,0.0,15,2026-06-03 20:00:26.000000,MSSIS,False,,0,CALYPSO,0.0,0.0,0.0,,37,none
244710657,51.907665,4.484,6.3,34.0,511.0,-731.3865,0,2026-06-03 20:00:27.000000,MSSIS,False,DEZI,0,PI3339,0.0,0.0,0.0,APM 2 EXSPRES,79,none
368386480,41.034588,-73.88397,8.0,8.6,511.0,0.0,15,2026-06-03 20:00:26.000000,MSSIS,False,,0,WDP7966,0.0,0.0,0.0,,37,none
338542259,43.04959,-87.8862,0.0,360.0,511.0,0.0,15,2026-06-03 20:00:26.000000,MSSIS,False,,0,MYSTIC,0.0,0.0,0.0,,37,none
244780821,52.373394,4.9103284,0.4,10.5,511.0,-731.3865,0,2026-06-03 20:00:21.000000,MSSIS,False,HOLLAND,0,PC3624,0.0,0.0,1.3,AMSTERDAM,69,none
512216670,-37.67188,176.17783,0.0,360.0,511.0,0.0,15,2026-06-03 20:00:21.000000,MSSIS,False,PEKAPEKA,0,,0.0,0.0,0.0,,0,none
244060109,52.338768,5.0276065,0.0,360.0,511.0,0.0,15,2026-06-03 20:00:21.000000,MSSIS,False,,0,PH7185,0.0,0.0,0.0,,37,none
525119038,1.236165,103.81007,0.1,85.6,159.0,3.6158633,1,2026-06-03 20:00:21.000000,MSSIS,False,PRIMA TANGGUH LVI,9223253,YBUW2,0.0,0.0,9.9,AWPBSG,89,none
316002521,49.12275,-53.61055,0.3,13.2,511.0,0.0,15,2026-06-03 20:00:21.000000,MSSIS,False,ATLANTIC FALCON,0,,0.0,0.0,0.0,,0,none
244615437,51.73177,5.885245,0.8,89.5,511.0,-731.3865,3,2026-06-03 20:00:21.000000,MSSIS,False,SPES MEA,0,PG4018,0.0,0.0,0.0,CUIJKEMIDDELAAR,69,none
316016684,46.34722,-62.247932,0.1,360.0,511.0,0.0,15,2026-06-03 20:00:21.000000,MSSIS,False,,0,,0.0,0.0,0.0,,30,none
367336000,27.787544,-85.54277,10.9,284.2,286.0,0.0,0,2026-06-03 20:00:21.000000,MSSIS,False,ATB RESOLVE,9369382,WDD7117,0.0,0.0,8.2,USSW8,80,none
368133090,28.92713,-80.86372,7.0,165.2,511.0,0.0,15,2026-06-03 20:00:21.000000,MSSIS,False,TEMPUS FUGIT,0,,0.0,0.0,0.0,,0,none
316001170,47.80182,-52.004894,3.2,357.9,511.0,0.0,15,2026-06-03 20:00:21.000000,MSSIS,False,,0,,0.0,0.0,0.0,,30,none
244710135,49.39437,8.499503,5.9,164.0,169.0,0.0,0,2026-06-03 20:00:21.000000,MSSIS,False,CIRCLE,0,PD3962,0.0,0.0,3.5,HAFEN GERMERSHEIM RH,79,none
316001387,49.734856,-124.18139,1.0,186.4,511.0,0.0,15,2026-06-03 20:00:21.000000,MSSIS,False,,0,,0.0,0.0,0.0,,52,none
367420410,35.512165,-89.92471,3.1,100.0,90.0,0.0,12,2026-06-03 20:00:21.000000,MSSIS,False,DEANA ANN,0,WDE9715,0.0,0.0,2.8,US0CYR0D9B,57,none
316039352,51.40596,-127.64648,0.1,360.0,511.0,0.0,15,2026-06-03 20:00:21.000000,MSSIS,False,,0,,0.0,0.0,0.0,,37,none
244660461,51.879505,4.4463634,0.0,303.7,511.0,-731.3865,0,2026-06-03 20:00:21.000000,MSSIS,False,SANITAS,0,PI8645,0.0,0.0,0.0,NVT,70,none
316011592,44.555542,-64.28609,0.1,170.2,511.0,0.0,15,2026-06-03 20:00:21.000000,MSSIS,False,,0,CFA3119,0.0,0.0,0.0,,36,none
224055660,43.646595,-6.3592334,7.9,90.8,511.0,-731.3865,7,2026-06-03 20:00:27.000000,MSSIS,False,GURE AMA MARTINA,0,EA3486,0.0,0.0,0.0,,30,none
368046140,26.090034,-80.19909,0.0,119.7,511.0,0.0,15,2026-06-03 20:00:26.000000,MSSIS,False,,0,WDK3532,0.0,0.0,0.0,,37,none
219004668,55.00989,10.51961,1.0,194.4,511.0,0.0,15,2026-06-03 20:00:27.000000,MSSIS,False,,0,OU8993,0.0,0.0,0.0,,37,none
440073000,21.895683,66.657814,9.6,251.1,251.0,0.0,0,2026-06-03 20:00:27.000000,MSSIS,False,WOOHYUN STAR,9605994,D7XK,0.0,0.0,10.3,OM DQM,79,none
211131460,55.97278,11.3683,0.0,50.3,121.0,0.0,15,2026-06-03 20:00:27.000000,MSSIS,False,SY CAN DORA,0,,0.0,0.0,0.0,,0,none
366779430,30.337477,-81.626076,0.0,130.1,269.0,-0.17856115,5,2026-06-03 20:00:27.000000,MSSIS,False,AWARE,9214408,WCZ7336,0.0,0.0,7.1,US JAX,0,none
227976660,37.110107,25.375496,0.1,360.0,511.0,0.0,15,2026-06-03 20:00:27.000000,MSSIS,False,IBERIS,0,,0.0,0.0,0.0,,0,none
311001760,52.145332,3.7071667,0.7,142.0,216.0,720.00323,1,2026-06-03 20:00:27.000000,MSSIS,False,WILSON SUND,8918473,C6IS7,0.0,0.0,4.6,FOR ORDER,79,none
273459510,57.42978,11.515701,12.7,137.9,142.0,0.0,0,2026-06-03 20:00:27.000000,MSSIS,False,ARMENAK BABAEV,8859940,UIMQ,0.0,0.0,6.3,RU SPB,30,none
538071092,43.817635,7.790885,0.2,311.0,349.0,1.6070504,5,2026-06-03 20:00:27.000000,MSSIS,False,ORYX,9695236,V7DD3,0.0,0.0,2.7,SAN REMO,37,none
205566490,51.53115,4.2240434,0.0,360.0,511.0,-731.3865,0,2026-06-03 20:00:27.000000,MSSIS,False,ANNIE 5,0,OT5664,0.0,0.0,2.5,,0,none
224499000,34.277466,-7.8814683,17.5,48.6,45.0,0.0,0,2026-06-03 20:00:27.000000,MSSIS,False,SUAR VIGO,9250000,ECDY,0.0,0.0,5.5,ES BCN,70,none
244750660,51.36558,3.8618217,9.6,87.1,511.0,-731.3865,0,2026-06-03 20:00:27.000000,MSSIS,False,HENDRIKA,0,PI 2780,0.0,0.0,0.0,ZWARTE WATER,79,none
503000097,-42.335667,145.38722,0.0,360.0,511.0,0.0,15,2026-06-03 20:00:27.000000,MSSIS,False,,0,444395,0.0,0.0,0.0,,30,none
276015020,59.4422,24.7603,0.0,0.0,152.0,0.0,15,2026-06-03 20:00:27.000000,MSSIS,False,,0,ES4112,0.0,0.0,0.0,,37,none
225995770,38.86825,1.302535,0.1,334.0,511.0,0.0,15,2026-06-03 20:00:27.000000,MSSIS,False,,0,,0.0,0.0,0.0,,36,none
261005390,38.639355,-9.123754,0.0,360.0,511.0,0.0,15,2026-06-03 20:00:27.000000,MSSIS,False,,0,SPA6287,0.0,0.0,0.0,,36,none
224694540,39.88839,4.276242,0.1,360.0,511.0,0.0,15,2026-06-03 20:00:27.000000,MSSIS,False,,0,,0.0,0.0,0.0,,37,none
251115640,64.28697,-22.470167,0.2,357.8,511.0,0.0,15,2026-06-03 20:00:27.000000,MSSIS,False,OSKAR,0,,0.0,0.0,0.0,,0,none
261001203,54.447083,18.578226,0.1,360.0,511.0,0.0,15,2026-06-03 20:00:27.000000,MSSIS,False,,0,SPG5194,0.0,0.0,0.0,,37,none
232064470,39.530113,2.5681784,0.0,360.0,511.0,0.0,15,2026-06-03 20:00:27.000000,MSSIS,False,,0,MSZU8,0.0,0.0,0.0,,36,none
710810002,-22.89104,-43.147026,0.0,309.8,511.0,0.0,15,2026-06-03 20:00:27.000000,MSSIS,False,,0,PR 6658,0.0,0.0,0.0,,80,none
203797400,57.071175,16.85373,0.0,360.0,511.0,0.0,15,2026-06-03 20:00:27.000000,MSSIS,False,,0,OEX7443,0.0,0.0,0.0,,36,none
232024698,43.736423,7.424405,0.3,360.0,511.0,0.0,15,2026-06-03 20:00:27.000000,MSSIS,False,WILLIAMS EVOJET 70,0,,0.0,0.0,0.0,,0,none
232042362,39.90471,3.0875068,0.0,360.0,511.0,0.0,15,2026-06-03 20:00:27.000000,MSSIS,False,MOOR TO CLEAN,0,,0.0,0.0,0.0,,0,none
211195260,38.430595,-0.384175,0.0,360.0,511.0,0.0,15,2026-06-03 20:00:27.000000,MSSIS,False,,0,,0.0,0.0,0.0,,37,none
247286100,39.421055,0.62201667,20.6,273.8,271.0,0.0,0,2026-06-03 20:00:27.000000,MSSIS,False,FORZA,9458523,IBWU,0.0,0.0,6.0,ESVLC,60,none
232033944,49.433167,-2.35651,0.0,360.0,511.0,0.0,15,2026-06-03 20:00:27.000000,MSSIS,False,TAB,0,,0.0,0.0,0.0,,0,none
477466900,23.384844,59.464855,7.9,314.8,310.0,0.0,0,2026-06-03 20:00:27.000000,MSSIS,False,KSL ANYANG,9696864,VRNM7,0.0,0.0,8.2,NAGOYA  JAPAN,70,none
244045811,53.193016,5.7571282,0.0,360.0,511.0,-731.3865,5,2026-06-03 20:00:27.000000,MSSIS,False,PW10,0,PG8675,0.0,0.0,0.0,LEEUWARTEN,91,none
261006048,36.74762,-4.0652685,0.0,0.0,511.0,0.0,15,2026-06-03 20:00:27.000000,MSSIS,False,OLAJE,0,,0.0,0.0,0.0,,0,none
230938610,60.426563,22.190796,5.8,57.6,511.0,-731.3865,0,2026-06-03 20:00:27.000000,MSSIS,False,RUDOLFINA,8634326,OJ2210,0.0,0.0,3.0,TURKUAIRISTOTURKU,60,none
338424134,32.72733,-117.19957,0.0,92.2,511.0,0.0,15,2026-06-03 20:00:27.000000,MSSIS,False,THE INTREPID,0,,0.0,0.0,0.0,,0,none
538070967,36.71797,-4.4152164,0.0,199.2,252.0,0.0,5,2026-06-03 20:00:27.000000,MSSIS,False,KALM,9650028,V7CR4,0.0,0.0,4.0,ES AGP,37,none
319868000,42.56589,8.759338,0.1,108.4,53.0,0.0,5,2026-06-03 20:00:27.000000,MSSIS,False,MY CALYPSO,1006544,ZCIR3,0.0,0.0,3.5,FRCLY,37,none
256003445,43.51038,7.0483985,0.0,240.2,239.0,0.0,15,2026-06-03 20:00:27.000000,MSSIS,False,,0,9HB9560,0.0,0.0,0.0,,37,none
338102043,47.66229,-122.37992,0.0,80.2,511.0,0.0,15,2026-06-03 20:00:27.000000,MSSIS,False,SWEET SPOT,0,,0.0,0.0,0.0,,0,none
367354090,25.778164,-80.18628,0.0,157.9,511.0,0.0,15,2026-06-03 20:00:27.000000,MSSIS,False,,0,WDE4503,0.0,0.0,0.0,,60,none
636015430,33.09742,-8.73825,0.1,308.2,15.0,0.0,1,2026-06-03 20:00:27.000000,MSSIS,False,AGAPI S,9514822,D5AR6,0.0,0.0,10.2,MA JLF,70,none
431501884,38.418488,141.27675,0.1,263.5,264.0,0.0,15,2026-06-03 20:00:27.000000,MSSIS,False,,0,JD2375,0.0,0.0,0.0,,70,none
244900081,52.36991,4.946922,0.0,360.0,511.0,-731.3865,4,2026-06-03 20:00:27.000000,MSSIS,False,THE CLUB,0,PC9751,0.0,0.0,0.3,AMSTERDAM,69,none
368467790,42.471096,-82.87816,0.1,100.8,511.0,0.0,15,2026-06-03 20:00:27.000000,MSSIS,False,,0,WDQ9050,0.0,0.0,0.0,,37,none
257067640,59.39196,10.48081,0.1,174.6,84.0,0.0,5,2026-06-03 20:00:27.000000,MSSIS,False,RESCUE PR RAGNHILD,0,LF6452,0.0,0.0,1.0,,51,none
338536421,41.513775,-71.073326,0.0,360.0,511.0,0.0,15,2026-06-03 20:00:27.000000,MSSIS,False,ENTROPY,0,,0.0,0.0,0.0,,0,none
370211000,51.339035,2.5533166,0.0,18.0,210.0,0.0,1,2026-06-03 20:00:27.000000,MSSIS,False,GULF HUWAYLAT,9359870,3ERY5,0.0,0.0,11.4,BEANR,80,none
338321229,34.17414,-119.228355,0.0,38.3,511.0,0.0,15,2026-06-03 20:00:27.000000,MSSIS,False,,0,,0.0,0.0,0.0,,36,none
266169000,57.24055,12.111977,0.0,310.6,511.0,-731.3865,7,2026-06-03 20:00:27.000000,MSSIS,False,TARNAN BATFJORDEN,0,SFDA,0.0,0.0,3.2,HEM TILL MARIE,30,none
247392600,43.353043,5.3179984,0.0,244.4,511.0,-731.3865,5,2026-06-03 20:00:27.000000,MSSIS,False,GNV ALLEGRA,8506311,IBUI,0.0,0.0,6.5,FRMRS,60,none
316035214,43.644848,-79.32417,0.0,360.0,511.0,0.0,15,2026-06-03 20:00:27.000000,MSSIS,False,,0,,0.0,0.0,0.0,,37,none
244670712,51.057243,4.1407533,7.4,291.4,511.0,-731.3865,0,2026-06-03 20:00:27.000000,MSSIS,False,HEERENSCHIP,0,PG3914,0.0,0.0,0.0,GENT,0,none
338074638,27.838993,-97.06509,0.0,119.3,511.0,0.0,15,2026-06-03 20:00:27.000000,MSSIS,False,,0,,0.0,0.0,0.0,,37,none
205572190,51.889133,4.625877,10.4,267.0,265.0,0.0,0,2026-06-03 20:00:27.000000,MSSIS,False,AQUA SAPPHIRE,0,OT5721,0.0,0.0,0.0,ROTTERDAM,69,none
211566690,54.86613,9.625152,5.1,20.9,511.0,0.0,15,2026-06-03 20:00:28.000000,MSSIS,False,BLAUBART,0,,0.0,0.0,0.0,,0,none
203453300,42.271103,17.92914,8.6,3.0,511.0,0.0,15,2026-06-03 20:00:28.000000,MSSIS,False,MAGNIFICAT,0,,0.0,0.0,0.0,,0,none
205616970,51.229595,4.410478,0.0,354.5,511.0,0.0,15,2026-06-03 20:00:28.000000,MSSIS,False,LIBERTY,0,,0.0,0.0,0.0,,0,none
367351510,29.793741,-93.95635,4.3,250.4,511.0,-731.3865,0,2026-06-03 20:00:27.000000,MSSIS,False,LIL ELLIOT,0,WDN6238,0.0,0.0,3.0,HOUSTON,32,none
245134000,51.4438,3.7025,0.0,360.0,511.0,-731.3865,5,2026-06-03 20:00:27.000000,MSSIS,False,NOORDZEEREUSV,9417139,PHMX,0.0,0.0,1.6,FLUSHING,90,none
211740090,54.42596,11.735065,7.1,74.1,511.0,0.0,15,2026-06-03 20:00:28.000000,MSSIS,False,,0,DC9054,0.0,0.0,0.0,,36,none
636023332,39.380535,-0.045888335,17.1,149.7,151.0,1.1160072,0,2026-06-03 20:00:27.000000,MSSIS,False,THOR HIGHWAY,9948164,5LNE6,0.0,0.0,9.3,GIGIB,70,none
211812460,53.13047,5.9422917,0.0,24.4,511.0,0.0,15,2026-06-03 20:00:28.000000,MSSIS,False,,0,DB2493,0.0,0.0,0.0,,37,none
368394990,26.087542,-80.187,0.0,360.0,511.0,0.0,15,2026-06-03 20:00:28.000000,MSSIS,False,,0,WDP8950,0.0,0.0,0.0,,37,none
311001629,-23.08492,-42.918064,10.7,289.2,290.0,0.0,0,2026-06-03 20:00:27.000000,MSSIS,False,SAGA VOYAGER,9233454,C6IC2,0.0,0.0,11.2,BR RIO,70,none
368162070,27.725704,-82.47131,0.0,177.6,511.0,0.0,15,2026-06-03 20:00:28.000000,MSSIS,False,MV YARI II,0,,0.0,0.0,0.0,,0,none
565548498,9.82624,99.76591,0.4,181.1,511.0,0.0,15,2026-06-03 20:00:28.000000,MSSIS,False,SHDDAAMA,0,,0.0,0.0,0.0,,0,none
310384000,60.77893,-148.69676,0.0,7.4,82.0,0.0,5,2026-06-03 20:00:27.000000,MSSIS,False,ISLAND PRINCESS,9230402,ZCDG4,0.0,0.0,8.3,US WQF,60,none
258124000,70.00604,20.950533,0.0,59.7,70.0,0.0,0,2026-06-03 20:00:27.000000,MSSIS,False,VIGDIS H,9936654,LGYI,0.0,0.0,6.0,TROMSO,70,none
219787000,57.792034,9.10881,2.5,238.6,243.0,0.0,7,2026-06-03 20:00:27.000000,MSSIS,False,HG 214 ASTORIA,0,OZRN,0.0,0.0,3.5,VERDENS ENDE,30,none
244820457,53.18461,5.993245,0.0,0.0,511.0,-731.3865,0,2026-06-03 20:00:27.000000,MSSIS,False,PW 105,0,PD4372,0.0,0.0,0.2,H,79,none
244700380,52.467632,4.6679316,0.0,360.0,511.0,-731.3865,0,2026-06-03 20:00:27.000000,MSSIS,False,LIDA,0,PG7358,0.0,0.0,1.0,DESTINATION BUNKERS,80,none
503193240,-27.881575,153.38618,0.0,117.0,323.0,0.0,15,2026-06-03 20:00:28.000000,MSSIS,False,,0,SK281Q,0.0,0.0,0.0,,37,none
338463013,40.962463,-73.03202,0.0,360.0,511.0,-731.3865,5,2026-06-03 20:00:27.000000,MSSIS,False,MPFD 5A926,0,5A926,0.0,0.0,0.0,,51,none
220614000,57.67626,11.684957,0.0,323.1,188.0,0.0,1,2026-06-03 20:00:28.000000,MSSIS,False,COPENHAGEN,9327487,OUOH2,0.0,0.0,4.8,SEGOT PEC 100094,80,none
503159240,-27.48399,153.21605,0.0,360.0,511.0,0.0,15,2026-06-03 20:00:28.000000,MSSIS,False,,0,VL 3978,0.0,0.0,0.0,,37,none
251355240,64.21033,-22.340284,12.5,236.8,511.0,0.0,15,2026-06-03 20:00:28.000000,MSSIS,False,GOLA,0,,0.0,0.0,0.0,,0,none
259050310,68.378586,15.7669935,0.0,93.6,36.0,0.0,0,2026-06-03 20:00:21.000000,MSSIS,False,LILAND,1082055,3YEM,0.0,0.0,4.0,FISHFARMS,70,none
9003783,-23.981352,-46.10761,5.3,16.9,16.0,0.0,15,2026-06-03 20:00:20.000000,MSSIS,False,NASIONE,0,,0.0,0.0,0.0,,0,none
244002085,51.919586,4.78988,6.9,250.4,511.0,-731.3865,0,2026-06-03 20:00:21.000000,MSSIS,False,BERNINA,0,PG5825,0.0,0.0,0.0,,79,none
710182006,-23.986242,-46.29267,0.0,352.0,352.0,0.0,15,2026-06-03 20:00:20.000000,MSSIS,False,,0,,0.0,0.0,0.0,,30,none
710767777,-23.858877,-46.143967,2.0,152.2,0.0,0.0,15,2026-06-03 20:00:20.000000,MSSIS,False,,0,1212,0.0,0.0,0.0,,52,none
244620511,51.891823,4.43242,0.0,360.0,511.0,-731.3865,5,2026-06-03 20:00:21.000000,MSSIS,False,MERCURIUS,0,PF2007,0.0,0.0,0.0,,79,none
710013280,-23.991608,-46.301907,0.0,168.6,168.0,0.0,15,2026-06-03 20:00:20.000000,MSSIS,False,PILOT BOAT XII,0,,0.0,0.0,0.0,,0,none
367730680,39.35183,-81.538994,0.0,0.0,52.0,0.0,0,2026-06-03 20:00:21.000000,MSSIS,False,CAPT CR NEALE III,101269128,WDI7641,0.0,0.0,0.0,US0WFH0WFF,57,none
227655280,36.79975,21.957008,0.1,360.0,511.0,0.0,15,2026-06-03 20:00:21.000000,MSSIS,False,PACAYPALLA,0,,0.0,0.0,0.0,,0,none
219028351,53.45671,6.828027,0.0,66.8,105.0,0.0,5,2026-06-03 20:00:21.000000,MSSIS,False,MHO APOLLO,9915545,OZIJ2,0.0,0.0,2.2,EEMSHAVEN,40,none
246584000,53.17864,5.4144735,0.1,336.1,251.0,0.0,5,2026-06-03 20:00:29.000000,MSSIS,False,RWS 76,9479278,PBSK,0.0,0.0,1.4,HARLINGEN,55,none
227047850,45.55688,-1.06227,0.0,360.0,511.0,0.0,15,2026-06-03 20:00:29.000000,MSSIS,False,,0,FU7200,0.0,0.0,0.0,,37,none
257780900,59.42913,10.488753,0.0,59.8,35.0,0.0,5,2026-06-03 20:00:29.000000,MSSIS,False,NOKKEN,0,LF3803,0.0,0.0,0.0,,33,none
244780835,51.842514,4.659488,0.0,360.0,511.0,-731.3865,5,2026-06-03 20:00:29.000000,MSSIS,False,POLDERDIJK,0,PA3573,0.0,0.0,1.4,GROOT AMMERS,33,none
235066254,50.89462,-1.40416,0.1,254.9,511.0,0.0,15,2026-06-03 20:00:29.000000,MSSIS,False,,0,2BHU3,0.0,0.0,0.0,,36,none
378112996,18.4475,-64.44339,0.1,79.3,511.0,0.0,15,2026-06-03 20:00:29.000000,MSSIS,False,A3,0,,0.0,0.0,0.0,,0,none
319071300,26.704453,-80.045586,0.0,0.0,188.0,0.0,15,2026-06-03 20:00:29.000000,MSSIS,False,SATU,0,,0.0,0.0,0.0,,0,none
211805140,53.653015,9.510108,0.0,184.2,170.0,0.0,5,2026-06-03 20:00:29.000000,MSSIS,False,WULF 4,9639737,DFIA,0.0,0.0,2.7,DEHAM,52,none
367759620,20.734522,-105.49733,5.6,130.9,139.0,0.0,15,2026-06-03 20:00:29.000000,MSSIS,False,COME WHAT MAY,0,,0.0,0.0,0.0,,0,none
316041749,46.188053,-62.238373,0.2,329.5,511.0,-731.3865,0,2026-06-03 20:00:29.000000,MSSIS,False,MILL RIVER MIST,0,,0.0,0.0,1.0,PM,30,none
227328860,47.585964,-2.865075,8.5,21.8,511.0,0.0,15,2026-06-03 20:00:29.000000,MSSIS,False,,0,FAC6125,0.0,0.0,0.0,,60,none
244690836,52.40494,4.778445,0.0,177.5,0.0,0.0,5,2026-06-03 20:00:29.000000,MSSIS,False,DANMARIS,0,PE4711,0.0,0.0,0.0,AMSTERDAM AMERIKAHAV,99,none
461000237,20.91949,64.5523,12.1,76.0,77.0,0.0,0,2026-06-03 20:00:29.000000,MSSIS,False,OASIS,9511387,A4DR2,0.0,0.0,14.0,RULEDINVAD,80,none
232064538,55.982117,-3.1729867,0.0,140.0,332.0,0.0,5,2026-06-03 20:00:29.000000,MSSIS,False,HORIZON PROSPECTOR,9770189,3E5407,0.0,0.0,4.8,LEITH,33,none
422172666,24.904821,61.367455,0.3,58.3,511.0,-731.3865,15,2026-06-03 20:00:29.000000,MSSIS,False,AL  JAWAD,0,CH  16,0.0,0.0,0.0,,30,none
257087580,60.383648,5.318945,0.0,14.1,304.0,0.0,0,2026-06-03 20:00:29.000000,MSSIS,False,RONJA MALOY,9839349,LFGM,0.0,0.0,7.3,VAAGAFOSSEN,70,none
211787720,53.590168,10.03419,0.1,360.0,511.0,-731.3865,0,2026-06-03 20:00:29.000000,MSSIS,False,MANDY TF3,0,DH2682,0.0,0.0,3.0,HAMBURG,99,none
374689000,52.983387,4.8117366,0.1,176.5,203.0,1.6070504,1,2026-06-03 20:00:29.000000,MSSIS,False,GLOMAR SUPPORTER,9394301,HOAL,0.0,0.0,5.6,NLDHA,90,none
244690544,51.818356,4.7644267,0.0,360.0,511.0,-731.3865,5,2026-06-03 20:00:29.000000,MSSIS,False,ZEBULON,0,PD4762,0.0,0.0,0.0,,79,none
366760680,32.13946,-81.142685,0.0,349.5,0.0,0.0,5,2026-06-03 20:00:29.000000,MSSIS,False,VANGUARD,9178379,WDF2026,0.0,0.0,6.8,SAVANNAH,52,none
367504890,30.059109,-93.52517,4.0,89.8,90.0,0.0,12,2026-06-03 20:00:29.000000,MSSIS,False,GREEN WING,0,WDF9412,0.0,0.0,3.1,US08B20EYH,57,none
219035012,55.64336,12.64949,0.0,360.0,511.0,0.0,15,2026-06-03 20:00:30.000000,MSSIS,False,BUENA VISTA,0,,0.0,0.0,0.0,,0,none
265812530,59.227497,18.561007,0.0,360.0,511.0,0.0,15,2026-06-03 20:00:30.000000,MSSIS,False,AKLEJA,0,,0.0,0.0,0.0,,0,none
244250597,38.18936,-0.562705,0.0,360.0,511.0,0.0,15,2026-06-03 20:00:30.000000,MSSIS,False,,0,PE4435,0.0,0.0,0.0,,37,none
224057240,28.85658,-13.814616,0.0,360.0,511.0,0.0,15,2026-06-03 20:00:30.000000,MSSIS,False,ATLANTIDA UNO,0,,0.0,0.0,0.0,,0,none
367441110,58.301334,-134.42667,0.1,79.3,511.0,0.0,15,2026-06-03 20:00:24.000000,MSSIS,False,,0,WDF3538,0.0,0.0,0.0,,54,none
338085778,27.839317,-97.06303,0.1,126.1,511.0,0.0,15,2026-06-03 20:00:24.000000,MSSIS,False,,0,,0.0,0.0,0.0,,37,none
338560885,41.4795,-71.31721,0.0,360.0,511.0,0.0,15,2026-06-03 20:00:24.000000,MSSIS,False,,0,,0.0,0.0,0.0,,36,none
338439122,33.86435,-78.63933,0.1,360.0,511.0,0.0,15,2026-06-03 20:00:24.000000,MSSIS,False,,0,,0.0,0.0,0.0,,36,none
338522048,42.37515,-71.04785,0.0,360.0,511.0,0.0,15,2026-06-03 20:00:25.000000,MSSIS,False,OUR ONE EIGHTY,0,,0.0,0.0,0.0,,0,none
622121414,44.10842,28.65277,0.0,194.4,94.0,0.0,5,2026-06-03 20:00:25.000000,MSSIS,False,WADI ALKARM,9460760,6AGT,0.0,0.0,9.9,ROCND,70,none
228039800,48.933678,-5.65892,2.3,175.6,190.0,0.0,7,2026-06-03 20:00:25.000000,MSSIS,False,FV FARFADET,8229078,FIIO,0.0,0.0,4.5,ROSCOFF,30,none
263889490,38.69182,-9.417109,0.1,58.0,511.0,0.0,15,2026-06-03 20:00:25.000000,MSSIS,False,,0,CRA3530,0.0,0.0,0.0,,37,none
548704200,14.613439,120.91359,0.1,192.3,511.0,-731.3865,1,2026-06-03 20:00:25.000000,MSSIS,False,MV MERIDIAN CINCO,9197557,DUA3470,0.0,0.0,5.6,MANILA,78,none
225996318,42.11797,3.1472018,0.0,360.0,511.0,0.0,15,2026-06-03 20:00:25.000000,MSSIS,False,,0,,0.0,0.0,0.0,,36,none
352005413,8.925807,-79.52137,0.1,211.3,511.0,-731.3865,5,2026-06-03 20:00:25.000000,MSSIS,False,POWERBALL,7829352,HOA3486,0.0,0.0,3.0,BALBOA,70,none
367661930,33.728737,-118.275116,0.0,248.8,135.0,0.0,0,2026-06-03 20:00:25.000000,MSSIS,False,MICHELLE SLOAN,9747819,WDH8832,0.0,0.0,0.0,XX XXX,52,none
352004517,14.606625,120.94668,0.0,139.6,228.0,0.0,1,2026-06-03 20:00:25.000000,MSSIS,False,AFRICAN SANDPIPER,1024431,3E6808,0.0,0.0,11.7,PHMNL,70,none
229824000,17.958273,-76.779076,0.2,125.2,111.0,0.0,1,2026-06-03 20:00:25.000000,MSSIS,False,CMA CGM ALEXANDRIA,9306483,9HA3643,0.0,0.0,9.0,CUMARJMKIN,70,none
236112840,36.12685,-5.3741584,0.1,360.0,202.0,0.0,15,2026-06-03 20:00:25.000000,MSSIS,False,DM BETA 1,0,,0.0,0.0,0.0,,0,none
225993447,41.556393,2.504445,0.1,360.0,511.0,0.0,15,2026-06-03 20:00:25.000000,MSSIS,False,,0,,0.0,0.0,0.0,,37,none
367306240,8.9201565,-79.5239,0.0,360.0,511.0,-731.3865,15,2026-06-03 20:00:25.000000,MSSIS,False,CHIEF ROSINA,0,HOA4793,0.0,0.0,0.0,B 2 A,31,none
378114538,41.256287,1.922465,0.0,360.0,511.0,0.0,15,2026-06-03 20:00:25.000000,MSSIS,False,TROIS VIGNES,0,,0.0,0.0,0.0,,0,none
250006371,40.92294,9.509057,0.0,360.0,511.0,0.0,15,2026-06-03 20:00:25.000000,MSSIS,False,,0,EIYQ9,0.0,0.0,0.0,,36,none
225995248,42.25853,-8.70565,0.1,360.0,511.0,0.0,15,2026-06-03 20:00:25.000000,MSSIS,False,MELE MALA,0,,0.0,0.0,0.0,,0,none
265038900,59.25617,18.68094,5.8,229.4,511.0,0.0,15,2026-06-03 20:00:25.000000,MSSIS,False,,0,SG4148,0.0,0.0,0.0,,36,none
368149260,48.00123,-122.216095,0.0,258.9,511.0,0.0,15,2026-06-03 20:00:25.000000,MSSIS,False,,0,WDL6288,0.0,0.0,0.0,,37,none
375781000,41.528343,2.4447584,0.1,307.2,511.0,0.0,15,2026-06-03 20:00:25.000000,MSSIS,False,MY HARMONY,0,,0.0,0.0,0.0,,0,none
368325340,47.684177,-122.4054,0.0,223.8,511.0,0.0,15,2026-06-03 20:00:25.000000,MSSIS,False,,0,WDN9256,0.0,0.0,0.0,,36,none
232050958,49.456043,-2.5340617,0.0,360.0,511.0,0.0,15,2026-06-03 20:00:25.000000,MSSIS,False,SIMPLICITY,0,,0.0,0.0,0.0,,0,none
244900057,52.770767,5.1034985,0.0,176.0,511.0,0.0,15,2026-06-03 20:00:25.000000,MSSIS,False,REITDIEP,0,,0.0,0.0,0.0,,0,none
368125810,33.921204,-78.061295,0.0,360.0,511.0,0.0,15,2026-06-03 20:00:25.000000,MSSIS,False,BOYLENWATER IV,0,,0.0,0.0,0.0,,0,none
567111353,11.834668,100.28077,2.0,220.9,511.0,0.0,15,2026-06-03 20:00:25.000000,MSSIS,False,SH,0,,0.0,0.0,0.0,,0,none
636019347,29.247158,-14.800778,4.8,10.2,14.0,0.044640288,0,2026-06-03 20:00:25.000000,MSSIS,False,AM KIRTI,9832925,D5UB9,0.0,0.0,15.8,ES GIJ,70,none
211512370,53.545162,9.97058,0.0,360.0,511.0,-731.3865,0,2026-06-03 20:00:25.000000,MSSIS,False,JETTE ABICHT,0,DG3215,0.0,0.0,0.0,,69,none
205276490,51.811428,4.8798285,0.0,308.5,511.0,-731.3865,5,2026-06-03 20:00:25.000000,MSSIS,False,BEYOND PARADISE,0,OT2764,0.0,0.0,2.0,WERKENDAM,79,none
256885000,42.023937,16.458445,12.1,130.4,130.0,2.8569784,0,2026-06-03 20:00:25.000000,MSSIS,False,BARBARICA,9383443,9HA6020,0.0,0.0,6.1,ITGEA,80,none
354668000,31.7171,35.999367,0.0,360.0,14.0,0.0,1,2026-06-03 20:00:25.000000,MSSIS,False,LADY MONICA,9392078,3FOQ3,0.0,0.0,10.3,ILHFA,79,none
265522690,59.328945,18.075779,0.0,290.4,31.0,0.0,0,2026-06-03 20:00:25.000000,MSSIS,False,SJOGULL,8129224,SKLJ,0.0,0.0,1.8,,60,none
247142000,41.971924,3.98952,20.1,63.8,64.0,0.0,0,2026-06-03 20:00:25.000000,MSSIS,False,MAJESTIC,9015735,IBAM,0.0,0.0,6.7,ITGOA,60,none
368423760,42.795555,-73.68758,0.0,177.7,162.0,0.0,0,2026-06-03 20:00:25.000000,MSSIS,False,THOMAS X GRASSO,0,WDQ4239,0.0,0.0,0.0,STILLWATER,52,none
259312000,52.41297,4.7772284,0.0,21.9,341.0,0.0,5,2026-06-03 20:00:25.000000,MSSIS,False,CHAMPION ARCTIC,9327451,LACZ9,0.0,0.0,11.5,AMSTERDAM,82,none
241807000,37.960793,23.565046,0.0,330.0,511.0,-731.3865,5,2026-06-03 20:00:29.000000,MSSIS,False,SATORI,0,SVB3343,0.0,0.0,2.7,PERAMA ATSALAKIS,37,none
225985199,36.71877,-3.5076482,0.0,148.3,511.0,0.0,15,2026-06-03 20:00:30.000000,MSSIS,False,,0,,0.0,0.0,0.0,,37,none
258028100,61.186607,6.62226,10.6,151.0,143.0,0.0,0,2026-06-03 20:00:29.000000,MSSIS,False,LEIKANGER,9871282,LFUC,0.0,0.0,3.9,VHD,60,none
215349000,58.822666,5.292333,9.7,10.0,11.0,0.0,0,2026-06-03 20:00:29.000000,MSSIS,False,CSL TRIMNES,8908583,9HA2707,0.0,0.0,6.0,NOJEL,79,none
224992580,36.59698,-4.513952,2.9,33.1,511.0,0.0,15,2026-06-03 20:00:30.000000,MSSIS,False,MUSTANG,0,,0.0,0.0,0.0,,0,none
225996762,43.56208,-5.7003818,0.0,136.3,327.0,0.0,12,2026-06-03 20:00:30.000000,MSSIS,False,RG ESVA,9918664,EAAQ,0.0,0.0,5.4,GIJONSPAIN,52,none
538010382,35.760845,-0.640205,0.0,77.0,331.0,0.0,1,2026-06-03 20:00:30.000000,MSSIS,False,YASA TOKYO,9948255,V7A5968,0.0,0.0,10.2,DZORN,70,none
316044371,42.976902,-79.22147,4.7,15.4,16.0,0.0,0,2026-06-03 20:00:30.000000,MSSIS,False,HARVEST SPIRIT,9655951,VDAY,0.0,0.0,8.0,SOREL QC,70,none
269014000,39.894676,4.25764,0.1,197.8,511.0,0.0,15,2026-06-03 20:00:30.000000,MSSIS,False,SARISSA,0,,0.0,0.0,0.0,,0,none
477333200,-20.151268,57.492542,0.0,55.4,126.0,0.0,5,2026-06-03 20:00:30.000000,MSSIS,False,DARYA SATI,9752424,VRQO5,0.0,0.0,11.9,MUPLU,70,none
247034700,41.235474,13.574054,0.0,282.0,511.0,-731.3865,0,2026-06-03 20:00:30.000000,MSSIS,False,SANT ELMO,9070060,IPQN,0.0,0.0,4.5,GAETA,52,none
356756000,35.88325,-1.4661816,10.0,263.7,274.0,0.0,0,2026-06-03 20:00:30.000000,MSSIS,False,EXPRESS M,8200577,3FRT6,0.0,0.0,5.2,DZ ORN,90,none
211768470,53.53528,10.01585,4.8,282.9,511.0,-731.3865,0,2026-06-03 20:00:30.000000,MSSIS,False,EDE,0,DH 3260,0.0,0.0,1.3,,90,none
232054661,40.739845,13.859266,0.1,360.0,511.0,0.0,15,2026-06-03 20:00:30.000000,MSSIS,False,,0,MPBA2,0.0,0.0,0.0,,37,none
244740753,53.17672,5.44452,0.0,311.8,511.0,-731.3865,15,2026-06-03 20:00:30.000000,MSSIS,False,KLASIENA,0,PE7952,0.0,0.0,1.0,HARLINGEN,70,none
403536000,24.01402,123.16996,13.2,26.5,26.0,0.0,0,2026-06-03 20:00:30.000000,MSSIS,False,NISALAH,9484730,HZFF,0.0,0.0,20.3,KRONS,89,none
205529000,26.271996,123.08903,11.7,198.2,200.0,0.0,0,2026-06-03 20:00:30.000000,MSSIS,False,GOLDEN TIDE,9977165,ONQG,0.0,0.0,9.0,AU WEI,70,none
240317000,37.94295,23.641317,0.0,25.5,279.0,0.0,5,2026-06-03 20:00:30.000000,MSSIS,False,FLYINGCAT 4,9206748,SX7749,0.0,0.0,2.5,ARGOSARONIKOS,40,none
255806508,31.618284,31.769901,28.2,233.9,57.0,2.8569784,1,2026-06-03 20:00:30.000000,MSSIS,False,MITO,9319571,CQEW9,0.0,0.0,0.0,EG DAM,70,none
228098560,38.762974,1.4323584,0.3,360.0,112.0,0.0,15,2026-06-03 20:00:30.000000,MSSIS,False,PERIPLUS,0,,0.0,0.0,0.0,,0,none
244770262,51.50069,4.0549664,0.0,0.0,511.0,-731.3865,0,2026-06-03 20:00:30.000000,MSSIS,False,YE84 ISABEL,0,PI9926,0.0,0.0,1.2,YERSEKE,30,none
265610950,55.613773,12.997253,0.0,37.7,322.0,0.0,0,2026-06-03 20:00:30.000000,MSSIS,False,PILOT 213 SE,0,SCEP,0.0,0.0,1.5,SIMRISHAMN,50,none
219027328,55.17147,11.159585,0.0,360.0,31.0,0.0,5,2026-06-03 20:00:30.000000,MSSIS,False,VINDROSE   OMOE,0,XPH5980,0.0,0.0,1.9,0MOE,34,none
225997011,38.011993,0.14134,5.9,244.5,511.0,0.0,15,2026-06-03 20:00:30.000000,MSSIS,False,,0,,0.0,0.0,0.0,,36,none
525018371,-6.0969734,106.799706,0.0,170.1,511.0,-731.3865,0,2026-06-03 20:00:30.000000,MSSIS,False,CBTEGAS JAYA,9640229,YB 3696,0.0,0.0,1.7,PHEOSES AREA,60,none
259005950,60.404694,5.064185,0.0,316.7,183.0,0.0,5,2026-06-03 20:00:30.000000,MSSIS,False,FOX ENERGY,9929170,LGQD,0.0,0.0,4.0,,90,none
338194675,41.271313,-72.47426,0.0,360.0,511.0,0.0,15,2026-06-03 20:00:30.000000,MSSIS,False,LOVELY DAY,0,,0.0,0.0,0.0,,0,none
355745000,1.3000567,104.0724,0.0,198.2,97.0,0.0,1,2026-06-03 20:00:30.000000,MSSIS,False,PRESTIGE ACE,9213454,H3NG,0.0,0.0,7.6,SGSIN,70,none
369042000,33.7222,-118.22666,0.0,349.0,235.0,0.0,1,2026-06-03 20:00:30.000000,MSSIS,False,AMERICAN FREEDOM,9759898,KAFK,0.0,0.0,9.6,SAN FRANCISCO CA,80,none
636023793,21.775133,119.81366,10.5,181.0,180.0,0.4017626,0,2026-06-03 20:00:24.000000,MSSIS,False,WLUNA,9756925,5LPL3,0.0,0.0,7.5,ID TBA,70,none
477779200,13.103316,100.8202,0.3,274.0,235.0,0.0,1,2026-06-03 20:00:25.000000,MSSIS,False,SC CHENGDU,9572185,VRGU7,0.0,0.0,5.2,TH SRI,80,none
503133520,-33.307346,115.642555,0.0,29.7,239.0,0.0,5,2026-06-03 20:00:25.000000,MSSIS,False,SVITZER MARLSTON,9920473,VMMV,0.0,0.0,5.5,BUNBURY,52,none
239708100,36.682472,23.038578,0.0,360.0,511.0,-731.3865,5,2026-06-03 20:00:25.000000,MSSIS,False,NADEJDA,0,SVA3543,0.0,0.0,2.0,LEFKADA,99,none
257727700,63.568596,9.4741,0.0,19.9,511.0,-731.3865,7,2026-06-03 20:00:25.000000,MSSIS,False,AURORA,0,LK7531,0.0,0.0,0.0,TEST TUR,70,none
338536292,41.313847,-70.10252,5.8,281.3,511.0,0.0,15,2026-06-03 20:00:25.000000,MSSIS,False,EXPLORER,0,,0.0,0.0,0.0,,0,none
368386880,38.961567,-76.482086,102.3,325.5,267.0,0.0,15,2026-06-03 20:00:25.000000,MSSIS,False,,0,WDP8014,0.0,0.0,0.0,,36,none
257012330,61.50612,5.0483665,0.0,2.6,511.0,-731.3865,5,2026-06-03 20:00:25.000000,MSSIS,False,GYDA,0,LF5807,0.0,0.0,1.0,OUT AND ABOUT,79,none
367422950,43.819477,-70.05161,0.2,59.5,511.0,0.0,15,2026-06-03 20:00:25.000000,MSSIS,False,,0,,0.0,0.0,0.0,,37,none
244070479,51.532875,4.225412,0.0,167.0,511.0,0.0,15,2026-06-03 20:00:25.000000,MSSIS,False,,0,PD7648,0.0,0.0,0.0,,37,none
228183460,43.35554,5.321962,0.3,360.0,207.0,0.0,15,2026-06-03 20:00:25.000000,MSSIS,False,,0,FAK5058,0.0,0.0,0.0,,36,none
352003417,41.212265,1.7308917,0.0,360.0,511.0,0.0,15,2026-06-03 20:00:25.000000,MSSIS,False,MATIAS C,0,,0.0,0.0,0.0,,0,none
259419000,61.104538,5.506302,0.0,29.0,29.0,0.0,5,2026-06-03 20:00:25.000000,MSSIS,False,STAVANGER,9263758,LMAR,0.0,0.0,0.0,LAVIK,69,none
368434460,25.897734,-80.14734,0.0,360.0,511.0,0.0,15,2026-06-03 20:00:25.000000,MSSIS,False,,0,WDQ5415,0.0,0.0,0.0,,37,none
228365900,47.26824,-2.2012017,0.1,132.4,24.0,0.0,5,2026-06-03 20:00:25.000000,MSSIS,False,VB CONCORDE,9867774,FLUQ,0.0,0.0,5.0,,52,none
244110326,52.53129,5.440405,0.0,21.0,511.0,0.0,15,2026-06-03 20:00:25.000000,MSSIS,False,,0,PF8347,0.0,0.0,0.0,,36,none
265045380,56.19857,12.548803,0.0,179.0,511.0,0.0,15,2026-06-03 20:00:25.000000,MSSIS,False,LELA,0,,0.0,0.0,0.0,,0,none
316042117,48.94687,-123.534225,3.6,319.1,307.0,0.0,15,2026-06-03 20:00:25.000000,MSSIS,False,,0,,0.0,0.0,0.0,,36,none
368037320,47.335064,-122.58761,0.0,181.2,511.0,0.0,15,2026-06-03 20:00:25.000000,MSSIS,False,,0,WDK2625,0.0,0.0,0.0,,30,none
368124290,-35.317307,174.11935,0.0,360.0,511.0,0.0,15,2026-06-03 20:00:25.000000,MSSIS,False,ROAM,0,,0.0,0.0,0.0,,0,none
368455770,42.600143,-82.797615,0.3,11.5,511.0,0.0,15,2026-06-03 20:00:25.000000,MSSIS,False,MOTO MOTO,0,,0.0,0.0,0.0,,0,none
368282770,40.91304,-73.632126,8.7,67.5,511.0,0.0,15,2026-06-03 20:00:25.000000,MSSIS,False,,0,WDN4633,0.0,0.0,0.0,,37,none
256004577,44.40917,8.923001,0.0,298.3,511.0,0.0,15,2026-06-03 20:00:25.000000,MSSIS,False,MAIDOMO,0,,0.0,0.0,0.0,,0,none
230182730,59.96686,23.453619,0.0,360.0,511.0,0.0,15,2026-06-03 20:00:25.000000,MSSIS,False,FALKEN,0,,0.0,0.0,0.0,,0,none
338454223,42.625225,-82.617294,0.0,360.0,511.0,0.0,15,2026-06-03 20:00:25.000000,MSSIS,False,MARLYN,0,,0.0,0.0,0.0,,0,none
316041471,44.25495,-64.389145,0.0,156.1,511.0,0.0,15,2026-06-03 20:00:25.000000,MSSIS,False,,0,,0.0,0.0,0.0,,30,none
244810944,55.021404,9.447848,0.2,118.6,511.0,0.0,15,2026-06-03 20:00:25.000000,MSSIS,False,WANTIJ,0,,0.0,0.0,0.0,,0,none
316053119,53.214153,-129.15034,29.0,167.4,511.0,0.0,15,2026-06-03 20:00:25.000000,MSSIS,False,,0,,0.0,0.0,0.0,,37,none
316054199,44.75107,-79.85077,0.0,360.0,511.0,0.0,15,2026-06-03 20:00:25.000000,MSSIS,False,,0,,0.0,0.0,0.0,,37,none
316034503,49.62715,-124.024635,0.1,360.0,511.0,0.0,15,2026-06-03 20:00:25.000000,MSSIS,False,,0,,0.0,0.0,0.0,,37,none
241644000,20.547403,63.453648,13.7,313.6,313.0,0.0,0,2026-06-03 20:00:25.000000,MSSIS,False,MARAN LEO,9602473,SVDD6,0.0,0.0,11.3,AEFJR,80,none
219456000,51.894585,4.416283,0.0,355.7,144.0,0.0,5,2026-06-03 20:00:25.000000,MSSIS,False,SEA INSTALLER,9646481,OYPY2,0.0,0.0,6.7,NL RTM,90,none
244050969,51.867306,4.3060784,0.0,329.1,511.0,-731.3865,5,2026-06-03 20:00:25.000000,MSSIS,False,GROTE STERN,0,PD4588,0.0,0.0,0.0,,99,none
316009922,47.7435,-64.70343,0.0,360.0,511.0,-731.3865,7,2026-06-03 20:00:25.000000,MSSIS,False,JENNY MARTIN II,0,,0.0,0.0,0.0,,30,none
636022113,51.959435,4.0608335,0.0,349.0,263.0,0.0,5,2026-06-03 20:00:25.000000,MSSIS,False,ZIM VIETNAM,9244922,5LHG2,0.0,0.0,11.6,DEHAM,71,none
563882000,1.3021767,103.96612,0.0,298.8,105.0,0.0,0,2026-06-03 20:00:25.000000,MSSIS,False,MARLIN DUA,9675121,S6SL,0.0,0.0,5.8,AEBB,80,none
244700123,51.961994,4.1373568,0.1,1.7,306.0,0.0,5,2026-06-03 20:00:25.000000,MSSIS,False,SMIT WAALHAVEN 4,0,PD9721,0.0,0.0,2.1,ROTTERDAM,33,none
378113619,18.033466,-63.0975,102.3,318.2,97.0,0.0,15,2026-06-03 20:00:30.000000,MSSIS,False,HABIBI DAH,0,,0.0,0.0,0.0,,0,none
229683000,17.477674,-62.998547,0.1,210.3,115.0,-0.4017626,1,2026-06-03 20:00:30.000000,MSSIS,False,EVIE PG,9396359,9HA5555,0.0,0.0,4.8,BQ EUX,89,none
316001881,48.411877,-89.22437,0.0,360.0,511.0,-731.3865,5,2026-06-03 20:00:30.000000,MSSIS,False,MISEFORD,0,CFB9483,0.0,0.0,0.0,THUNDER BAY,52,none
247142790,35.12596,14.59842,3.2,300.3,511.0,-731.3865,7,2026-06-03 20:00:30.000000,MSSIS,False,SAN GIORGIO PRIMO,7803683,IMPZ,0.0,0.0,3.5,TRAWLER AREA,30,none
265576710,59.254112,17.585762,8.8,159.4,511.0,0.0,15,2026-06-03 20:00:30.000000,MSSIS,False,DIANA,0,,0.0,0.0,0.0,,0,none
368010330,33.770973,-118.211365,0.0,221.0,105.0,0.0,0,2026-06-03 20:00:30.000000,MSSIS,False,LILLIAN FOSS,0,WDJ7811,0.0,0.0,5.0,LONGBEACH,52,none
316022428,49.46119,-123.78618,1.5,89.7,511.0,0.0,15,2026-06-03 20:00:30.000000,MSSIS,False,,0,,0.0,0.0,0.0,,52,none
211718360,51.525547,1.6685634,11.5,56.0,64.0,720.00323,0,2026-06-03 20:00:30.000000,MSSIS,False,MS JUTLAND,9142497,DFZX,0.0,0.0,3.0,NOEKF,70,none
538012367,29.241573,-94.453674,0.2,146.1,31.0,0.0,1,2026-06-03 20:00:30.000000,MSSIS,False,SANMAR RAGINI,9254941,V7B2750,0.0,0.0,6.5,USHOU,80,none
261093090,57.447956,17.661943,5.2,214.9,197.0,0.0,15,2026-06-03 20:00:30.000000,MSSIS,False,VICTORIA ONE,0,,0.0,0.0,0.0,,0,none
211276700,52.50552,13.2085285,0.0,360.0,41.0,0.0,0,2026-06-03 20:00:30.000000,MSSIS,False,WSP24SCHWANENWERDER,0,DB5364,0.0,0.0,0.0,,55,none
245684000,51.499992,4.0540733,0.0,197.1,266.0,0.0,5,2026-06-03 20:00:30.000000,MSSIS,False,YE 72 SURSUM CORDA,0,PCEW,0.0,0.0,1.1,HARLINGEN,30,none
228247990,14.433017,-60.890118,0.0,360.0,511.0,0.0,15,2026-06-03 20:00:30.000000,MSSIS,False,SAN HO,0,,0.0,0.0,0.0,,0,none
563285900,53.680386,8.360465,16.6,140.6,141.0,1.1160072,0,2026-06-03 20:00:30.000000,MSSIS,False,LAEM CHABANG EXPRESS,9768007,9V3768,0.0,0.0,12.9,DEBRV,70,none
512009365,-37.660786,176.16644,0.0,5.4,511.0,0.0,15,2026-06-03 20:00:30.000000,MSSIS,False,,0,ZMP3627,0.0,0.0,0.0,,37,none
525200009,-2.1107333,104.97652,0.1,360.0,511.0,-731.3865,11,2026-06-03 20:00:30.000000,MSSIS,False,TB MARINA 1620,0,YDA3961,0.0,0.0,4.8,PAPUA,52,none
265819370,60.419933,22.2518,0.0,360.0,511.0,0.0,15,2026-06-03 20:00:30.000000,MSSIS,False,,0,SF7215,0.0,0.0,0.0,,36,none
211872400,43.136436,6.3748484,0.0,360.0,511.0,0.0,15,2026-06-03 20:00:30.000000,MSSIS,False,,0,DJ9707,0.0,0.0,0.0,,36,none
227238720,43.080704,6.158953,0.0,75.8,511.0,0.0,15,2026-06-03 20:00:30.000000,MSSIS,False,,0,FAB7851,0.0,0.0,0.0,,36,none
311019400,51.438633,2.5938334,0.1,80.0,215.0,0.0,1,2026-06-03 20:00:28.000000,MSSIS,False,GULF CORAL,9389851,C6XQ7,0.0,0.0,8.0,BE ANR,80,none
367466190,27.050394,-80.11264,0.0,360.0,511.0,0.0,15,2026-06-03 20:00:28.000000,MSSIS,False,,0,WDF5691,0.0,0.0,0.0,,37,none
636023882,36.828617,-1.5087917,16.7,48.7,49.0,-0.044640288,0,2026-06-03 20:00:28.000000,MSSIS,False,SIMSIMAH,9977282,5LPW8,0.0,0.0,11.9,EUROPE FOR ORDERS,80,none
403298990,21.696697,39.081646,12.2,349.3,352.0,720.00323,9,2026-06-03 20:00:28.000000,MSSIS,False,HADAR,9517185,HZG4,0.0,0.0,1.8,JYCOBHUR,49,none
366809540,37.552265,-75.87739,0.1,142.6,511.0,0.0,15,2026-06-03 20:00:28.000000,MSSIS,False,,0,WDA4450,0.0,0.0,0.0,,36,none
338087488,27.499893,-82.57235,0.0,131.5,511.0,0.0,15,2026-06-03 20:00:28.000000,MSSIS,False,,0,WDC4674,0.0,0.0,0.0,,37,none
244730903,52.01079,5.095525,0.0,360.0,511.0,-731.3865,5,2026-06-03 20:00:28.000000,MSSIS,False,SEOLTO,0,PF4422,0.0,0.0,0.0,GORINCHEM,20,none
227741980,37.70055,-25.382565,5.7,99.7,511.0,0.0,15,2026-06-03 20:00:28.000000,MSSIS,False,,0,FGF6540,0.0,0.0,0.0,,36,none
261182517,53.449078,14.59616,5.0,301.0,511.0,0.0,15,2026-06-03 20:00:28.000000,MSSIS,False,,0,SR2517,0.0,0.0,0.0,,60,none
235117181,53.44459,6.82658,0.0,213.4,285.0,0.0,5,2026-06-03 20:00:28.000000,MSSIS,False,MCS SWATH 1,9808962,2JMP4,0.0,0.0,2.1,EEMSHAVEN,40,none
319331200,43.53173,7.0514417,0.1,250.1,156.0,0.0,1,2026-06-03 20:00:28.000000,MSSIS,False,ELENI,1011355,ZGVG4,0.0,0.0,3.6,FR CAN,37,none
368166370,34.174057,-119.228485,0.1,295.3,511.0,0.0,15,2026-06-03 20:00:28.000000,MSSIS,False,,0,WDL8099,0.0,0.0,0.0,,37,none
368121540,45.560177,-122.728386,0.1,176.0,209.0,0.0,5,2026-06-03 20:00:28.000000,MSSIS,False,RANDY S,7301518,WDL3432,0.0,0.0,2.8,US005S0RG0,52,none
244710186,51.890495,5.515188,6.8,254.8,257.0,720.00323,0,2026-06-03 20:00:28.000000,MSSIS,False,NAVIGATIE,0,NAVIGAT,0.0,0.0,0.1,WONDELGEM,79,none
244314925,52.379025,4.8968434,0.0,360.0,511.0,-731.3865,0,2026-06-03 20:00:28.000000,MSSIS,False,WASHINGTON,0,PC5014,0.0,0.0,1.2,,69,none
232024075,43.272697,6.635995,0.1,360.0,511.0,0.0,15,2026-06-03 20:00:28.000000,MSSIS,False,,0,MFZF9,0.0,0.0,0.0,,37,none
235011319,54.099648,-6.2560015,0.0,0.0,216.0,0.0,5,2026-06-03 20:00:28.000000,MSSIS,False,MARE GRATIA B932,9276872,MART9,0.0,0.0,1.6,WARRENPOINT,30,none
367777390,48.993336,-122.75622,0.0,330.1,511.0,0.0,15,2026-06-03 20:00:28.000000,MSSIS,False,ALL HEART,0,,0.0,0.0,0.0,,0,none
775130000,6.7978816,-58.176044,0.0,287.9,192.0,0.0,1,2026-06-03 20:00:28.000000,MSSIS,False,EMPRENDEDORA,7613961,YYOY,0.0,0.0,3.5,GEORGETOWN,39,none
538004381,54.747967,-5.6081767,0.1,256.5,187.0,0.0,1,2026-06-03 20:00:28.000000,MSSIS,False,FEDERAL SKEENA,9595890,V7WS5,0.0,0.0,10.0,GBBEL,70,none
212867000,-40.7864,145.46005,0.1,32.4,312.0,0.17856115,1,2026-06-03 20:00:28.000000,MSSIS,False,CYMONA OCEAN,1050753,5BUM6,0.0,0.0,9.0,AU PLA,70,none
232054277,37.909855,20.643677,11.8,38.9,38.0,0.0,0,2026-06-03 20:00:28.000000,MSSIS,False,GOOGELINA,0,MOYS3,0.0,0.0,2.1,ZAKYNTHOS,37,none
242830300,40.70156,29.45617,0.0,0.0,511.0,-731.3865,1,2026-06-03 20:00:28.000000,MSSIS,False,XPRESS SOUSSE,9354349,CNA5409,0.0,0.0,0.0,YALOVA,70,none
351302000,38.311054,26.25243,0.0,315.0,511.0,-731.3865,1,2026-06-03 20:00:28.000000,MSSIS,False,DEDEM,9001124,H3VL,0.0,0.0,0.0,RO CND,70,none
620635000,34.449806,30.93134,9.1,93.5,511.0,-731.3865,0,2026-06-03 20:00:28.000000,MSSIS,False,PREMIER,9040170,D6A2648,0.0,0.0,0.0,TURKIYE FOR ORDER,0,none
370648000,38.04071,26.301607,21.7,288.5,286.0,1.1160072,0,2026-06-03 20:00:28.000000,MSSIS,False,MSC FANTASIA,9359791,3ETR7,0.0,0.0,0.0,TRIST,60,none
256003495,35.902184,14.496168,0.0,0.0,59.0,0.0,15,2026-06-03 20:00:28.000000,MSSIS,False,SOMEDAY,0,9HB9605,0.0,0.0,0.0,,37,none
312135000,43.18702,27.765142,0.0,33.3,280.0,0.0,5,2026-06-03 20:00:28.000000,MSSIS,False,MILFORD,8215883,V3RK4,0.0,0.0,3.8,BGVAR,33,none
367442380,41.887413,-87.632965,4.9,91.4,511.0,-731.3865,0,2026-06-03 20:00:28.000000,MSSIS,False,LINNEA,0,WDF3649,0.0,0.0,2.2,USCHIUSCHI,60,none
368457910,30.35759,-88.50639,0.0,273.8,511.0,-731.3865,5,2026-06-03 20:00:28.000000,MSSIS,False,BOZ CUROLE,9260720,WDQ7988,0.0,0.0,1.7,,71,none
255805777,45.63007,13.765172,0.0,272.6,247.0,0.0,5,2026-06-03 20:00:28.000000,MSSIS,False,MSC JENNY II,9000742,CQDA,0.0,0.0,9.6,ITGIT,71,none
247388500,45.062298,12.255147,0.0,330.9,511.0,-731.3865,5,2026-06-03 20:00:28.000000,MSSIS,False,PALMIRO Z,8334964,IKRA2,0.0,0.0,1.9,ITPVT,90,none
533000297,1.4348733,103.900505,0.0,0.0,511.0,-731.3865,0,2026-06-03 20:00:28.000000,MSSIS,False,KSP LIBRA,9370616,9MQA5,0.0,0.0,0.0,JOHORPORT,52,none
227003350,41.38853,9.162273,0.0,265.7,511.0,-731.3865,11,2026-06-03 20:00:28.000000,MSSIS,False,SNS 063 LHERMINIER2,0,FI 3175,0.0,0.0,1.3,,51,none
256980000,43.691822,7.3467216,0.0,35.9,136.0,0.0,0,2026-06-03 20:00:28.000000,MSSIS,False,SHAKE N BAKE TBD,1003865,9HA6049,0.0,0.0,3.5,BEAULIEU ANCHORAGE,37,none
201100092,41.3742,19.41764,0.1,218.5,511.0,-731.3865,0,2026-06-03 20:00:29.000000,MSSIS,False,WINNER,5372305,ZAD18,0.0,0.0,2.1,DURRES,80,none
265803030,57.76201,11.801621,0.0,199.1,511.0,0.0,15,2026-06-03 20:00:29.000000,MSSIS,False,YONI,0,,0.0,0.0,0.0,,0,none
232059753,50.707355,-1.9897833,0.0,284.8,103.0,0.0,5,2026-06-03 20:00:25.000000,MSSIS,False,LEVANTE JET,9722819,MRRX3,0.0,0.0,3.1,POOLESTHELIERPOOL,40,none
232008399,52.458515,4.5927167,0.0,292.0,297.0,0.0,5,2026-06-03 20:00:25.000000,MSSIS,False,WINDCAT 40,835573600,MBCT7,0.0,0.0,2.5,NL IJM PAWP NL IJM,40,none
368329550,36.83617,-76.24796,0.0,47.5,112.0,0.0,12,2026-06-03 20:00:25.000000,MSSIS,False,MADILYN MARIE,8987096,WDN9711,0.0,0.0,3.3,XX XXXUS0Q2V,52,none
244850360,51.885406,4.417035,0.0,360.0,511.0,-731.3865,0,2026-06-03 20:00:25.000000,MSSIS,False,IJSSELNAAR,0,PC3642,0.0,0.0,0.0,ALPHEN AD RIJN,79,none
367401170,27.822931,-97.48673,0.0,263.5,221.0,0.0,12,2026-06-03 20:00:25.000000,MSSIS,False,EASTLAND,0,WDK3352,0.0,0.0,2.6,US0SN8123H,57,none
311056100,58.86979,5.7469583,0.0,239.0,180.0,0.0,5,2026-06-03 20:00:25.000000,MSSIS,False,SANCO SAILOR,9378228,C6ZH9,0.0,0.0,5.8,OFFSHORE,90,none
245569000,51.89328,4.417955,0.0,31.5,141.0,0.0,0,2026-06-03 20:00:25.000000,MSSIS,False,JAN LEENHEER,6807591,PDWU,0.0,0.0,3.8,NLRTM,52,none
316053742,47.811604,-52.64159,7.9,94.0,92.0,0.0,7,2026-06-03 20:00:25.000000,MSSIS,False,PETTENS LEGACY,0,,0.0,0.0,0.0,,30,none
316041032,46.01937,-73.16819,0.0,272.0,191.0,0.0,1,2026-06-03 20:00:25.000000,MSSIS,False,WICKY SPIRIT,9404388,VBAJ,0.0,0.0,5.8,CASOR,89,none
235103697,51.481113,0.45921665,10.4,26.7,511.0,-731.3865,0,2026-06-03 20:00:25.000000,MSSIS,False,SVITZER LONDON,9695511,2HHL8,0.0,0.0,5.5,LONDON GATEWAY,52,none
367645150,40.63873,-74.16026,0.0,155.4,511.0,-731.3865,0,2026-06-03 20:00:25.000000,MSSIS,False,STEPHEN B,50,WDH7135,0.0,0.0,3.1,BAYONNENJ,31,none
244770306,53.18384,5.42581,0.1,189.3,511.0,-731.3865,0,2026-06-03 20:00:25.000000,MSSIS,False,BDSSURVEYOR,0,PCPF,0.0,0.0,0.4,HARLINGEN,40,none
367654230,29.740738,-93.89106,0.0,160.6,511.0,-731.3865,5,2026-06-03 20:00:25.000000,MSSIS,False,ADRIATIC,9724257,WDH8057,0.0,0.0,3.3,SABINE TEXAS,70,none
244069000,51.47424,-4.6902666,8.2,280.6,276.0,720.00323,0,2026-06-03 20:00:25.000000,MSSIS,False,THUN LUNDY,9837872,PBYW,0.0,0.0,6.4,GBPEM,80,none
563221100,29.42679,-93.633255,0.1,333.9,96.0,-0.7142446,1,2026-06-03 20:00:25.000000,MSSIS,False,PIURA PACIFIC,9983889,9V8130,0.0,0.0,8.0,USPOA,80,none
367090580,38.942135,-75.31961,2.5,15.9,511.0,-731.3865,15,2026-06-03 20:00:25.000000,MSSIS,False,BIG STONE 5,0,WSE3119,0.0,0.0,1.0,WORKING DELAWARE BAY,60,none
244630043,51.388245,6.737283,6.1,217.6,511.0,-731.3865,0,2026-06-03 20:00:25.000000,MSSIS,False,PERFORMANCE,0,PE9486,0.0,0.0,2.0,KREFELD,89,none
275304000,59.458588,24.712189,0.0,183.0,74.0,0.0,5,2026-06-03 20:00:33.000000,MSSIS,False,ROMANTIKA,9237589,YLBT,0.0,0.0,6.2,EEPAS,60,none
244000620,51.548725,3.6653216,0.0,360.0,511.0,0.0,15,2026-06-03 20:00:33.000000,MSSIS,False,JOEPIE,0,,0.0,0.0,0.0,,0,none
319129100,44.41605,8.837778,0.0,0.0,511.0,0.0,15,2026-06-03 20:00:33.000000,MSSIS,False,,0,ZGHG8,0.0,0.0,0.0,,36,none
338396874,41.646797,-71.21935,0.0,360.0,511.0,0.0,15,2026-06-03 20:00:33.000000,MSSIS,False,,0,,0.0,0.0,0.0,,37,none
319226300,41.491123,-71.321365,0.0,360.0,511.0,0.0,15,2026-06-03 20:00:33.000000,MSSIS,False,,0,ZGON2,0.0,0.0,0.0,,37,none
367626660,60.312313,-146.93987,0.0,358.0,511.0,0.0,15,2026-06-03 20:00:33.000000,MSSIS,False,,0,WDH5310,0.0,0.0,0.0,,30,none
338325556,41.66265,-71.2738,0.0,148.6,511.0,0.0,15,2026-06-03 20:00:33.000000,MSSIS,False,,0,,0.0,0.0,0.0,,36,none
512113000,-35.313896,174.12213,0.0,309.1,39.0,0.0,15,2026-06-03 20:00:33.000000,MSSIS,False,,0,ZMA2447,0.0,0.0,0.0,,36,none
338462206,27.511686,-82.55755,0.0,360.0,511.0,0.0,15,2026-06-03 20:00:33.000000,MSSIS,False,,0,,0.0,0.0,0.0,,37,none
316024176,48.318146,-69.41568,0.1,145.3,35.0,-0.4017626,0,2026-06-03 20:00:33.000000,MSSIS,False,SHIPEKU,9980227,CFA3925,0.0,0.0,1.7,LES ESCOUMINS,50,none
244740890,51.823586,4.735027,0.0,0.0,511.0,-731.3865,15,2026-06-03 20:00:33.000000,MSSIS,False,EXODUS,0,PD7676,0.0,0.0,0.0,,79,none
247052600,40.76992,14.031993,4.4,236.2,511.0,-731.3865,0,2026-06-03 20:00:33.000000,MSSIS,False,AGATA,7351020,ITAS,0.0,0.0,3.2,ITPOZITPROITCML,69,none
667001321,59.880478,26.076485,0.0,356.3,100.0,0.0,1,2026-06-03 20:00:33.000000,MSSIS,False,ARABESCA,9288734,9LU2124,0.0,0.0,8.4,GULF OF FINLAND,89,none
257896800,63.817318,9.680848,0.0,360.0,511.0,0.0,15,2026-06-03 20:00:33.000000,MSSIS,False,,0,LG6714,0.0,0.0,0.0,,70,none
368464140,42.57495,-82.7888,0.0,119.4,511.0,0.0,15,2026-06-03 20:00:33.000000,MSSIS,False,,0,WDQ8659,0.0,0.0,0.0,,37,none
270661000,50.094097,14.423705,3.0,264.6,511.0,-731.3865,0,2026-06-03 20:00:33.000000,MSSIS,False,BELLA BOHEMIA,0,OL 6710,0.0,0.0,0.0,PRAHA,60,none
636021229,1.2608117,103.83965,0.0,238.7,312.0,-4.464029,5,2026-06-03 20:00:33.000000,MSSIS,False,SONGA LIONESS,9426324,5LCX5,0.0,0.0,10.2,IDJKT,71,none
304473000,50.570354,0.17325333,5.7,250.2,244.0,0.0,0,2026-06-03 20:00:33.000000,MSSIS,False,HAV DOLPHIN,9073854,V2QU2,0.0,0.0,3.9,ESPAS,70,none
316044985,46.09226,-82.20668,3.4,213.1,200.0,0.0,15,2026-06-03 20:00:33.000000,MSSIS,False,TRANQUILITY,0,,0.0,0.0,0.0,,0,none
244690365,51.895424,4.6927233,8.3,71.2,67.0,0.0,0,2026-06-03 20:00:33.000000,MSSIS,False,NICKY,0,PB6531,0.0,0.0,2.3,EMDEN  TANKLAGER WE,80,none
338311624,37.017723,-76.34231,0.0,0.0,0.0,0.0,15,2026-06-03 20:00:30.000000,MSSIS,False,,0,,0.0,0.0,0.0,,37,none
265036510,60.198174,19.416021,27.2,72.7,511.0,0.0,15,2026-06-03 20:00:30.000000,MSSIS,False,,0,SG3864,0.0,0.0,0.0,,30,none
503655600,-15.720377,145.44244,7.7,349.2,511.0,0.0,15,2026-06-03 20:00:30.000000,MSSIS,False,,0,VZZP,0.0,0.0,0.0,,30,none
503114050,-20.34594,148.94954,0.0,360.0,511.0,0.0,15,2026-06-03 20:00:30.000000,MSSIS,False,,0,AIV23Q,0.0,0.0,0.0,,36,none
367551340,40.559402,-74.21629,6.9,221.2,511.0,-731.3865,0,2026-06-03 20:00:30.000000,MSSIS,False,ALEX MCALLISTER,8601159,WDG5889,0.0,0.0,3.9,NEW YORK,52,none
316047786,46.789993,-71.19711,0.1,360.0,511.0,0.0,15,2026-06-03 20:00:33.000000,MSSIS,False,,0,,0.0,0.0,0.0,,36,none
211754500,53.46695,9.988878,0.0,360.0,511.0,-731.3865,5,2026-06-03 20:00:33.000000,MSSIS,False,HERKULES,0,DA4590,0.0,0.0,10.0,GEESTHACHT,99,none
244799272,51.841698,4.3840485,6.9,91.4,511.0,-731.3865,0,2026-06-03 20:00:33.000000,MSSIS,False,ROSA,0,PE2234,0.0,0.0,0.3,HEIJEN,79,none
563267800,23.980278,-80.80778,14.4,52.5,51.0,0.0,0,2026-06-03 20:00:33.000000,MSSIS,False,MARI GALAXY,9422677,9VET9,0.0,0.0,9.5,CASJB,80,none
316041159,53.830788,-130.64153,6.1,237.7,511.0,0.0,15,2026-06-03 20:00:33.000000,MSSIS,False,,0,,0.0,0.0,0.0,,37,none
538004028,38.93732,-75.16775,0.0,56.6,142.0,1.1160072,1,2026-06-03 20:00:33.000000,MSSIS,False,SEAWAYS RIO GRANDE,9593438,V7UT9,0.0,0.0,15.2,USPHY,80,none
258314500,62.582687,6.916517,0.0,157.0,68.0,0.0,5,2026-06-03 20:00:33.000000,MSSIS,False,VAAGSOEY,9506837,LCGE,0.0,0.0,3.3,SEKKEN FERGE KAI,60,none
636021971,40.95321,28.893572,0.0,306.3,164.0,0.0,1,2026-06-03 20:00:33.000000,MSSIS,False,YEDITEPE,9363273,5LGO8,0.0,0.0,6.5,GE PTI,70,none
316005489,49.65563,-123.21515,0.2,153.4,511.0,0.0,15,2026-06-03 20:00:33.000000,MSSIS,False,,0,,0.0,0.0,0.0,,52,none
227823520,47.73269,-3.3674634,0.0,0.0,84.0,0.0,5,2026-06-03 20:00:33.000000,MSSIS,False,BREIZH NEVEZ 1,9835252,FAE8975,0.0,0.0,2.4,LORIENTGROIX,60,none
368356550,49.178596,-123.91035,7.9,352.3,351.0,0.0,15,2026-06-03 20:00:33.000000,MSSIS,False,,0,WDP4669,0.0,0.0,0.0,,37,none
244090344,51.88327,4.44318,0.0,360.0,511.0,-731.3865,5,2026-06-03 20:00:33.000000,MSSIS,False,AHOY TITAN,0,PD8597,0.0,0.0,2.2,,33,none
371723000,-29.87154,31.033571,0.0,263.9,316.0,0.0,5,2026-06-03 20:00:33.000000,MSSIS,False,OBS SATURN,9222223,3EAJ5,0.0,0.0,11.7,ZA DUR,70,none
257635000,51.312454,4.3146067,0.0,314.4,335.0,0.0,5,2026-06-03 20:00:33.000000,MSSIS,False,TRANS EXETER,9314753,LAKX8,0.0,0.0,6.0,BEANR,89,none
316030661,44.25581,-79.538216,0.1,360.0,511.0,0.0,15,2026-06-03 20:00:33.000000,MSSIS,False,,0,,0.0,0.0,0.0,,37,none
525207007,-6.11235,106.871765,0.0,0.0,511.0,-731.3865,0,2026-06-03 20:00:33.000000,MSSIS,False,KP ANTAREJA 7007,0,YCAR,0.0,0.0,3.4,5,35,none
319322600,43.58788,7.1318116,0.0,122.8,304.0,0.0,5,2026-06-03 20:00:33.000000,MSSIS,False,XWAVE,1124542,ZGUN9,0.0,0.0,0.0,PORT VAUBAN,37,none
244780739,52.464573,4.589125,0.0,0.0,511.0,-731.3865,0,2026-06-03 20:00:33.000000,MSSIS,False,BOATMAN5,0,PF9458,0.0,0.0,0.0,,99,none
244740285,53.172245,5.4108267,0.0,360.0,511.0,-731.3865,5,2026-06-03 20:00:33.000000,MSSIS,False,ANNA,0,PD5100,0.0,0.0,1.4,HARLINGEN,69,none
235010020,43.58768,7.131485,0.0,211.4,308.0,0.0,5,2026-06-03 20:00:33.000000,MSSIS,False,MALAHNE,1012646,GDNW,0.0,0.0,3.9,ANTIBES,37,none
244150516,53.568634,8.5446,0.0,83.8,331.0,0.0,5,2026-06-03 20:00:33.000000,MSSIS,False,FWN SPACE,9735232,PBWA,0.0,0.0,4.9,KEMI,70,none
431004122,38.318848,141.29036,0.6,143.6,68.0,0.0,1,2026-06-03 20:00:33.000000,MSSIS,False,YAMASAKURA,9634816,JD3440,0.0,0.0,5.4,JP ISM OFF,10,none
210776000,56.99625,-1.8715333,1.0,180.0,180.0,0.0,3,2026-06-03 20:00:33.000000,MSSIS,False,EDT HERCULES,9491422,5BAM4,0.0,0.0,5.6,KINCARDINE OWF,70,none
244030134,52.38225,4.9608183,0.0,360.0,511.0,-731.3865,7,2026-06-03 20:00:33.000000,MSSIS,False,JAN VAN DER HEYDE 4,0,PD4278,0.0,0.0,1.6,AMSTERDAM,51,none
503187210,-32.920624,151.77237,0.0,74.5,46.0,0.0,0,2026-06-03 20:00:33.000000,MSSIS,False,SVITZER NOBBYS,1022639,VKAM,0.0,0.0,6.3,NEWCASTLE,52,none
244730389,51.89627,4.28925,1.8,234.6,511.0,-731.3865,0,2026-06-03 20:00:33.000000,MSSIS,False,HUSKY,0,PE9769,0.0,0.0,3.4,ROTTERDAM,52,none
636025680,29.420961,-93.62149,0.0,41.8,72.0,-0.044640288,1,2026-06-03 20:00:33.000000,MSSIS,False,ENERGIA SOLEIL,1051642,5LYQ4,0.0,0.0,7.6,USNDX,80,none
257067000,69.67209,18.748156,0.0,313.4,91.0,0.0,5,2026-06-03 20:00:33.000000,MSSIS,False,VENGSOY,9588782,3YJO,0.0,0.0,2.8,EIDKJOSEN,60,none
367385050,29.70921,-94.130455,7.9,227.3,511.0,-731.3865,0,2026-06-03 20:00:33.000000,MSSIS,False,SLYE JOSEPH,0,WDL9344,0.0,0.0,0.0,US0ZNN08Q7,99,none
244890856,53.02307,5.697325,0.0,0.0,511.0,-731.3865,0,2026-06-03 20:00:33.000000,MSSIS,False,SKOGER,0,PD3974,0.0,0.0,1.0,SNEEK,0,none
538007037,51.50612,0.5611733,0.0,301.5,276.0,0.0,5,2026-06-03 20:00:33.000000,MSSIS,False,STI GALATA,9785689,V7UW2,0.0,0.0,11.5,GBCAN,89,none
244150610,51.820007,4.904228,0.0,187.3,160.0,0.0,3,2026-06-03 20:00:33.000000,MSSIS,False,HOLLAND 1,0,PC8287,0.0,0.0,0.0,,33,none
351639000,51.32835,2.55335,0.1,116.0,207.0,0.0,1,2026-06-03 20:00:33.000000,MSSIS,False,PENANG BRIDGE,9470753,3FZD5,0.0,0.0,7.3,BEANR,73,none
257405900,67.442055,15.482054,0.0,58.9,511.0,-731.3865,0,2026-06-03 20:00:33.000000,MSSIS,False,STOLT AQUARIUS,0,LK5756,0.0,0.0,0.0,HJEMAAS SHIP SERVICE,70,none
368457050,51.51147,-127.70839,9.2,273.7,259.0,-2.8569784,0,2026-06-03 20:00:33.000000,MSSIS,False,LAPEROUSE,0,WDQ6893,0.0,0.0,2.0,SHEARWATER,37,none
314483000,48.70896,-126.20694,12.7,123.0,119.0,0.0,0,2026-06-03 20:00:33.000000,MSSIS,False,ASKIO,9848649,8PAS3,0.0,0.0,7.0,CA VAN,70,none
230077250,62.638443,17.941683,1.6,325.4,511.0,0.0,15,2026-06-03 20:00:29.000000,MSSIS,False,,0,OH5025,0.0,0.0,0.0,,37,none
211782970,57.57875,11.83007,5.7,309.0,511.0,0.0,15,2026-06-03 20:00:29.000000,MSSIS,False,,0,DK9742,0.0,0.0,0.0,,37,none
265521460,64.67559,21.286001,0.1,0.0,151.0,-2.187374,5,2026-06-03 20:00:29.000000,MSSIS,False,PILOT 758 SE,0,SLPA,0.0,0.0,0.0,SKELLEFTEA,50,none
219032027,57.425556,10.529667,0.1,360.0,511.0,0.0,15,2026-06-03 20:00:29.000000,MSSIS,False,BJOERG II,0,,0.0,0.0,0.0,,0,none
219035967,55.66638,12.570548,0.1,360.0,511.0,0.0,15,2026-06-03 20:00:29.000000,MSSIS,False,CAMILLA,0,,0.0,0.0,0.0,,0,none
563262900,4.06807,9.691803,0.0,206.8,352.0,0.0,5,2026-06-03 20:00:29.000000,MSSIS,False,BWEK MADAGASCAR,9515981,9VEE9,0.0,0.0,7.0,FOR ORDER,80,none
251839270,65.59873,-24.004446,0.0,0.0,511.0,0.0,15,2026-06-03 20:00:29.000000,MSSIS,False,,0,6376,0.0,0.0,0.0,,30,none
367544950,40.321136,-90.06164,4.7,230.5,230.0,0.0,12,2026-06-03 20:00:29.000000,MSSIS,False,DALE ARTIGUE,0,WDG5273,0.0,0.0,3.1,HENNIPIN,31,none
212932000,51.046463,1.9575683,7.8,95.1,112.0,720.00323,0,2026-06-03 20:00:29.000000,MSSIS,False,BREB BOTHNIA,1069534,5BVE6,0.0,0.0,4.1,FRDKK,70,none
244700135,53.00215,5.653475,0.0,360.0,511.0,-731.3865,0,2026-06-03 20:00:29.000000,MSSIS,False,ARGO,0,PB7450,0.0,0.0,0.0,SNEEK,52,none
228276840,43.08412,6.16082,0.1,360.0,511.0,0.0,15,2026-06-03 20:00:29.000000,MSSIS,False,,0,FAL7280,0.0,0.0,0.0,,36,none
244790079,55.063313,16.733513,0.2,200.0,114.0,0.0,1,2026-06-03 20:00:29.000000,MSSIS,False,KOLGA,9646326,PCTR,0.0,0.0,8.0,BALTYK II OWF,52,none
265770740,57.696938,11.909535,0.1,360.0,511.0,0.0,15,2026-06-03 20:00:29.000000,MSSIS,False,,0,SFE3723,0.0,0.0,0.0,,36,none
230938250,60.165615,21.691946,2.1,114.9,113.0,0.0,15,2026-06-03 20:00:29.000000,MSSIS,False,,0,OF7031,0.0,0.0,0.0,,60,none
244780962,51.880127,4.401407,0.0,0.0,511.0,-731.3865,5,2026-06-03 20:00:29.000000,MSSIS,False,SOMTRANS XXXII,0,PA3680,0.0,0.0,0.4,MOERDIJK,99,none
338237416,42.520737,-70.88142,0.0,360.0,511.0,0.0,15,2026-06-03 20:00:29.000000,MSSIS,False,,0,,0.0,0.0,0.0,,37,none
225995321,39.424923,-0.32618168,0.2,360.0,511.0,0.0,15,2026-06-03 20:00:29.000000,MSSIS,False,WEANA,0,,0.0,0.0,0.0,,0,none
244090901,51.889008,4.41821,0.0,119.0,511.0,-731.3865,0,2026-06-03 20:00:29.000000,MSSIS,False,RPA 2,0,PD5954,0.0,0.0,0.0,,0,none
247343300,44.3305,9.216833,0.0,130.0,317.0,5.401475,0,2026-06-03 20:00:29.000000,MSSIS,False,PACHAMAMA,0,IK2029,0.0,0.0,3.2,PUNTA CHIAPPA GE,37,none
211666470,53.53694,9.876812,0.0,360.0,511.0,-731.3865,0,2026-06-03 20:00:29.000000,MSSIS,False,MOORWERDER,0,DA7287,0.0,0.0,0.0,,69,none
269057420,48.230152,16.401047,0.0,138.0,319.0,0.0,5,2026-06-03 20:00:29.000000,MSSIS,False,VIKING JARL,0,HE7420,0.0,0.0,1.7,REGENSBURG,90,none
316001005,49.1234,-123.18635,0.0,360.0,511.0,0.0,15,2026-06-03 20:00:29.000000,MSSIS,False,,0,,0.0,0.0,0.0,,30,none
316050683,50.04541,-125.26076,0.0,197.7,100.0,0.0,15,2026-06-03 20:00:29.000000,MSSIS,False,,0,EIMUT,0.0,0.0,0.0,,37,none
229784000,49.418957,0.23851334,0.0,313.0,321.0,0.0,5,2026-06-03 20:00:29.000000,MSSIS,False,SCENIC GEM,0,9HA3606,0.0,0.0,0.2,HONFLD,69,none
256988000,44.3352,9.236624,0.1,158.3,255.0,720.00323,1,2026-06-03 20:00:29.000000,MSSIS,False,SAN,9956161,9HA6052,0.0,0.0,2.5,CAMOGNESBCN,37,none
538071386,43.876266,8.0258,0.0,355.0,25.0,0.0,5,2026-06-03 20:00:29.000000,MSSIS,False,NO DESTINATION,9535670,V7A2294,0.0,0.0,2.7,IMPERIA,37,none
244650090,51.911255,4.569247,0.0,360.0,511.0,-731.3865,0,2026-06-03 20:00:29.000000,MSSIS,False,FALCON,0,PH6970,0.0,0.0,1.5,MARGRIETHAVEN,79,none
247434400,40.57414,14.28346,13.9,233.1,511.0,-731.3865,0,2026-06-03 20:00:29.000000,MSSIS,False,SANTA MARIA,0,IJYO2,0.0,0.0,1.5,SORRRENTO,69,none
538006432,41.193867,-8.686377,0.0,214.0,232.0,0.0,5,2026-06-03 20:00:29.000000,MSSIS,False,FEDERAL BERING,9697832,V7NB6,0.0,0.0,8.6,PTLEI,79,none
356559000,25.88995,124.14695,10.9,167.0,173.0,0.0,0,2026-06-03 20:00:29.000000,MSSIS,False,TOMIMOTO,9543952,3FUK3,0.0,0.0,6.1,ID POMALAA,70,none
338236803,33.725155,-118.07372,0.0,360.0,511.0,0.0,15,2026-06-03 20:00:29.000000,MSSIS,False,,0,,0.0,0.0,0.0,,37,none
232044472,28.856281,-13.815643,0.0,360.0,511.0,0.0,15,2026-06-03 20:00:29.000000,MSSIS,False,,0,MMMW2,0.0,0.0,0.0,,37,none
261037850,37.596737,-0.97909,0.2,360.0,511.0,0.0,15,2026-06-03 20:00:29.000000,MSSIS,False,,0,SPS3898,0.0,0.0,0.0,,36,none
219133000,36.466167,-8.032666,16.6,288.1,287.0,-1.1160072,0,2026-06-03 20:00:29.000000,MSSIS,False,VUOKSI MAERSK,9775775,OWVA2,0.0,0.0,11.1,EGDAM GBTIL,79,none
225991962,41.55065,2.5068917,3.2,215.2,511.0,0.0,15,2026-06-03 20:00:29.000000,MSSIS,False,,0,452409,0.0,0.0,0.0,,36,none
667001699,36.023335,-5.3270416,7.1,256.2,511.0,-731.3865,0,2026-06-03 20:00:29.000000,MSSIS,False,PRINCE FAROUK,9125229,9LU2502,0.0,0.0,9.5,FREETOWN,70,none
941500640,70.96214,29.25836,0.9,96.5,511.0,0.0,15,2026-06-03 20:00:29.000000,MSSIS,False,,0,,0.0,0.0,0.0,,0,none
224077580,37.190205,-7.337325,5.4,224.2,511.0,-731.3865,0,2026-06-03 20:00:29.000000,MSSIS,False,NUEVO PRINCIPE,0,EA5424,0.0,0.0,0.2,,30,none
525289999,1.1876817,104.02194,0.0,257.7,511.0,-731.3865,15,2026-06-03 20:00:29.000000,MSSIS,False,COMBAT SURV STATION,0,N45RI0,0.0,0.0,0.0,,0,none
533130494,6.366522,99.68494,0.2,280.5,511.0,0.0,15,2026-06-03 20:00:29.000000,MSSIS,False,,0,9MXX2,0.0,0.0,0.0,,36,none
257683700,62.650696,6.7242417,3.5,282.1,511.0,-731.3865,5,2026-06-03 20:00:29.000000,MSSIS,False,,0,LG9140,0.0,0.0,0.0,,70,none
257973500,62.81327,6.9054585,0.0,360.0,511.0,-731.3865,5,2026-06-03 20:00:29.000000,MSSIS,False,HAVORN,0,LF5381,0.0,0.0,0.0,,70,none
271055033,36.801247,34.647827,0.0,0.0,511.0,-731.3865,1,2026-06-03 20:00:29.000000,MSSIS,False,KIBRIS YILDIZI III,80009064,5B7190,0.0,0.0,0.0,TRMER,79,none
261001043,37.545162,26.468014,7.1,345.9,511.0,0.0,15,2026-06-03 20:00:29.000000,MSSIS,False,ARWEN RANDIR,0,,0.0,0.0,0.0,,0,none
538011159,51.408283,3.4446018,6.1,80.3,83.0,0.0,0,2026-06-03 20:00:29.000000,MSSIS,False,FEDERAL NEW YORK,9975430,V7A6681,0.0,0.0,9.8,NLVLI,70,none
211612900,53.505894,9.950773,0.0,360.0,511.0,-731.3865,5,2026-06-03 20:00:29.000000,MSSIS,False,MARIA DEYMANN,0,DD7733,0.0,0.0,3.4,HAMBURG,80,none
355275000,24.650818,66.76019,0.5,136.3,511.0,-731.3865,1,2026-06-03 20:00:29.000000,MSSIS,False,EFFIE,9225031,3FUU9,0.0,0.0,12.6,KARACHI,70,none
244093260,53.18079,5.5071917,0.0,360.0,511.0,-731.3865,0,2026-06-03 20:00:29.000000,MSSIS,False,CONFIANT,0,PB3618,0.0,0.0,1.0,,37,none
244810692,51.88236,4.306647,0.0,360.0,511.0,-731.3865,5,2026-06-03 20:00:29.000000,MSSIS,False,AQUA LIGERA,0,PB8138,0.0,0.0,0.0,WAALHAVEN PIER 1 ROT,20,none
240670300,37.104694,25.374615,0.0,0.0,0.0,0.0,5,2026-06-03 20:00:29.000000,MSSIS,False,PACIPHAE,0,SVB5254,0.0,0.0,0.0,,36,none
512264000,-37.64112,176.18129,0.0,38.7,511.0,0.0,15,2026-06-03 20:00:29.000000,MSSIS,False,,0,ZME2175,0.0,0.0,0.0,,52,none
244700191,53.184063,5.4259434,0.0,360.0,511.0,-731.3865,0,2026-06-03 20:00:29.000000,MSSIS,False,GULF MERIT,0,PD7423,0.0,0.0,2.5,HARLINGEN,80,none
416033000,22.328157,114.13087,2.2,65.3,60.0,-7.5442085,0,2026-06-03 20:00:29.000000,MSSIS,False,EVER BEADY,9786982,BKLH,0.0,0.0,11.0,CN QDGHK HKG,74,none
440178090,35.013798,129.1208,0.3,0.3,511.0,0.0,15,2026-06-03 20:00:29.000000,MSSIS,False,,0,300,0.0,0.0,0.0,,37,none
316038901,50.46986,-127.84013,0.0,191.0,511.0,0.0,15,2026-06-03 20:00:29.000000,MSSIS,False,TANKSALOT,0,,0.0,0.0,0.0,,0,none
230722000,60.25477,21.8497,14.1,72.0,72.0,-1.1160072,0,2026-06-03 20:00:38.000000,MSSIS,False,FJARDVAGEN,8401444,OJVJ,0.0,0.0,6.2,FINLIFILAN,70,none
305277000,58.213043,18.480215,10.2,209.3,208.0,0.0,0,2026-06-03 20:00:38.000000,MSSIS,False,JOHANNA HELENA,9372212,V2IG8,0.0,0.0,5.8,GBBIF,70,none
266287000,57.707203,18.810383,0.0,356.6,87.0,0.0,5,2026-06-03 20:00:38.000000,MSSIS,False,KBV 002 TRITON,9380453,SBHI,0.0,0.0,5.5,PATROLLING,55,none
266159000,58.35885,11.245448,0.0,12.3,6.0,0.0,5,2026-06-03 20:00:38.000000,MSSIS,False,LL1149 HERRING,0,SLFG,0.0,0.0,2.5,FISHING IN SKAGERCK,30,none
563011480,1.423515,103.89325,0.0,360.0,511.0,-731.3865,0,2026-06-03 20:00:38.000000,MSSIS,False,MUTIARA BAHARI,9531686,9V7446,0.0,0.0,2.5,CHANGI IMIGRATION,52,none
629009830,28.145166,-15.424167,0.0,248.0,179.0,0.0,0,2026-06-03 20:00:38.000000,MSSIS,False,FLIPPER ONE,9117519,C5J932,0.0,0.0,5.2,LAS PALMAS,30,none
636019206,36.68705,0.010543333,11.6,79.8,77.0,0.7142446,0,2026-06-03 20:00:38.000000,MSSIS,False,MSC JOSSELINE,9842061,D5TL3,0.0,0.0,16.4,GIOIA TAURO  ITGIT,71,none
563318200,36.732075,-0.43644,12.7,78.4,80.0,0.0,0,2026-06-03 20:00:38.000000,MSSIS,False,BOW FIGHTER,1054292,9VAT8,0.0,0.0,10.3,MY PKG  IT NAP,80,none
319178800,43.734585,7.427222,0.0,179.3,264.0,0.0,5,2026-06-03 20:00:38.000000,MSSIS,False,ARKADIA,9845300,ZGKK2,0.0,0.0,2.6,MONACO,37,none
244780678,51.930656,4.046095,0.0,272.5,511.0,-731.3865,5,2026-06-03 20:00:38.000000,MSSIS,False,BAKERMAT,0,PA3446,0.0,0.0,0.4,,79,none
538004619,48.436104,-124.45521,14.2,293.8,294.0,0.0,0,2026-06-03 20:00:38.000000,MSSIS,False,CRYSTAL ACE,9539224,V7YB2,0.0,0.0,7.9,JPUKB,70,none
211534050,52.519257,13.402128,0.0,83.2,511.0,-731.3865,15,2026-06-03 20:00:38.000000,MSSIS,False,ADELE,0,DC3220,0.0,0.0,0.0,,69,none
228497700,48.821384,-2.456465,6.0,117.1,116.0,720.00323,8,2026-06-03 20:00:38.000000,MSSIS,False,GRAMPIAN GOELO,9914137,FPAI,0.0,0.0,4.7,FRSML,99,none
253242279,51.27213,4.333955,0.0,295.8,511.0,-731.3865,5,2026-06-03 20:00:38.000000,MSSIS,False,BACCHUS,0,LX2279,0.0,0.0,3.0,GENT MOERVAART  OILT,80,none
636021594,31.717102,35.999317,0.0,360.0,271.0,0.0,5,2026-06-03 20:00:38.000000,MSSIS,False,GENCO CONSTANTINE,9361251,5LES6,0.0,0.0,17.5,IL HAD,70,none
265689170,59.30127,18.679663,0.0,360.0,511.0,-731.3865,15,2026-06-03 20:00:38.000000,MSSIS,False,ELOISE,0,SLNJ,0.0,0.0,0.0,VATTENFALL,0,none
211464390,51.32153,4.3092732,6.6,337.3,511.0,-731.3865,0,2026-06-03 20:00:38.000000,MSSIS,False,SLOT AMALIENBORG,0,DH3845,0.0,0.0,2.1,DORMAGEN INEOS,80,none
235094715,51.329613,1.421295,0.0,341.3,166.0,0.0,5,2026-06-03 20:00:38.000000,MSSIS,False,BSC CONTENDER,0,2FWB4,0.0,0.0,1.4,GB RAM,51,none
256004566,35.883137,14.500228,0.0,360.0,511.0,-731.3865,5,2026-06-03 20:00:38.000000,MSSIS,False,STORM CAT,0,9HC2818,0.0,0.0,1.2,MARSA,90,none
244700395,52.615467,5.2023635,5.7,166.4,511.0,-731.3865,15,2026-06-03 20:00:38.000000,MSSIS,False,MEDUSA,0,PD2238,0.0,0.0,0.0,KAMPEN,0,none
636016145,53.117756,2.1037633,0.0,360.0,511.0,-731.3865,5,2026-06-03 20:00:38.000000,MSSIS,False,ENSCO 92,8753847,D5ER7,0.0,0.0,0.0,LEMAN G PLATRFORM,99,none
211777040,52.49598,13.406545,0.0,360.0,511.0,-731.3865,5,2026-06-03 20:00:38.000000,MSSIS,False,JOSEPHINE,0,DC6891,0.0,0.0,5.5,,60,none
247108900,39.20986,9.113827,0.0,360.0,511.0,-731.3865,0,2026-06-03 20:00:38.000000,MSSIS,False,ACHILLE ONORATO,9285873,IQEX,0.0,0.0,5.2,CAGLIARI,52,none
369463000,37.794495,-122.28359,0.0,215.3,94.0,0.0,5,2026-06-03 20:00:38.000000,MSSIS,False,US GOV VESSEL,9647526,NJHG,0.0,0.0,10.5,A,35,none
265068260,43.368126,-8.396437,0.1,360.0,511.0,0.0,15,2026-06-03 20:00:38.000000,MSSIS,False,WILDA,0,,0.0,0.0,0.0,,0,none
311001151,57.142952,-2.0851016,0.0,19.9,284.0,0.0,5,2026-06-03 20:00:38.000000,MSSIS,False,FUGRO QUEST,9366005,C6FO2,0.0,0.0,5.3,ABERDEEN,90,none
367777460,27.933565,-82.434105,0.0,346.1,288.0,0.0,0,2026-06-03 20:00:38.000000,MSSIS,False,INDEPENDENT,9826419,WDJ4411,0.0,0.0,5.2,TAMPA FLORIDA,52,none
244750687,52.381023,4.8995085,2.7,43.7,511.0,-731.3865,0,2026-06-03 20:00:38.000000,MSSIS,False,IJVEER 51,0,PF4887,0.0,0.0,1.0,,79,none
230076490,60.176548,24.961649,0.0,101.2,511.0,0.0,15,2026-06-03 20:00:38.000000,MSSIS,False,,0,OJ2026,0.0,0.0,0.0,,60,none
211378690,53.532333,9.968422,0.0,229.7,511.0,-731.3865,0,2026-06-03 20:00:38.000000,MSSIS,False,QUINTUS,0,DA5550,0.0,0.0,1.8,,0,none
232039518,52.458588,4.59277,0.1,101.9,300.0,0.0,0,2026-06-03 20:00:38.000000,MSSIS,False,WINDCAT 51,9925617,MKNC5,0.0,0.0,2.2,IJMHKZ WINDFARM,40,none
244184000,51.81891,4.8623333,0.0,33.2,101.0,0.0,5,2026-06-03 20:00:38.000000,MSSIS,False,NEPTUN FOXTROT,9605449,PHSF,0.0,0.0,3.2,NLRTM,52,none
316005090,48.44736,-51.110798,6.7,69.2,511.0,0.0,15,2026-06-03 20:00:38.000000,MSSIS,False,,0,,0.0,0.0,0.0,,30,none
261005794,43.271935,6.580365,0.0,360.0,511.0,0.0,15,2026-06-03 20:00:38.000000,MSSIS,False,SIGIUNO,0,,0.0,0.0,0.0,,0,none
316007107,48.423054,-123.382126,0.0,360.0,511.0,0.0,15,2026-06-03 20:00:38.000000,MSSIS,False,,0,,0.0,0.0,0.0,,60,none
205424310,51.143505,2.74879,0.4,360.0,511.0,0.0,15,2026-06-03 20:00:38.000000,MSSIS,False,LOCAL HERO,0,,0.0,0.0,0.0,,0,none
247381170,42.952885,9.604448,6.0,51.3,511.0,0.0,15,2026-06-03 20:00:38.000000,MSSIS,False,MARIA 1LI1871D,0,,0.0,0.0,0.0,,0,none
645614000,-20.109667,57.476376,0.3,147.8,511.0,0.0,15,2026-06-03 20:00:37.000000,MSSIS,False,,0,3BUK,0.0,0.0,0.0,,37,none
247381180,44.09829,9.828622,0.1,360.0,511.0,0.0,15,2026-06-03 20:00:38.000000,MSSIS,False,MASTINA 1LI1831D,0,,0.0,0.0,0.0,,0,none
265061430,55.411755,12.931684,0.1,360.0,511.0,0.0,15,2026-06-03 20:00:38.000000,MSSIS,False,MON AMI,0,,0.0,0.0,0.0,,0,none
316040811,43.643654,-79.323,0.0,360.0,511.0,0.0,15,2026-06-03 20:00:38.000000,MSSIS,False,,0,,0.0,0.0,0.0,,37,none
261007263,44.09754,9.830896,0.1,133.2,511.0,0.0,15,2026-06-03 20:00:38.000000,MSSIS,False,,0,SPA7831,0.0,0.0,0.0,,36,none
256005183,35.896584,14.493605,0.1,360.0,511.0,0.0,15,2026-06-03 20:00:38.000000,MSSIS,False,,0,9HC3637,0.0,0.0,0.0,,37,none
228202450,43.102734,5.889722,0.1,360.0,511.0,0.0,15,2026-06-03 20:00:38.000000,MSSIS,False,NO STRESS,0,,0.0,0.0,0.0,,0,none
227868970,47.486652,-3.0990417,0.0,360.0,511.0,0.0,15,2026-06-03 20:00:38.000000,MSSIS,False,,0,FAF5473,0.0,0.0,0.0,,36,none
338155151,39.08993,-76.46876,0.0,333.6,511.0,0.0,15,2026-06-03 20:00:38.000000,MSSIS,False,TWO ORRS,0,,0.0,0.0,0.0,,0,none
259006310,59.021793,11.036848,0.0,360.0,511.0,0.0,15,2026-06-03 20:00:38.000000,MSSIS,False,SUNSETT,0,,0.0,0.0,0.0,,0,none
367768610,35.032436,-76.68393,0.4,251.2,511.0,0.0,15,2026-06-03 20:00:38.000000,MSSIS,False,,0,WDM3564,0.0,0.0,0.0,,36,none
257074830,59.209465,10.93904,0.0,360.0,511.0,0.0,15,2026-06-03 20:00:38.000000,MSSIS,False,CAPTAIN DARLING,0,,0.0,0.0,0.0,,0,none
265765170,59.290497,18.928793,0.0,3.2,511.0,0.0,15,2026-06-03 20:00:38.000000,MSSIS,False,LA COPINE,0,,0.0,0.0,0.0,,0,none
338184011,38.876007,-77.02374,0.0,168.5,511.0,0.0,15,2026-06-03 20:00:38.000000,MSSIS,False,,0,,0.0,0.0,0.0,,37,none
316019367,43.840015,-66.12156,0.0,60.8,511.0,0.0,15,2026-06-03 20:00:38.000000,MSSIS,False,TASHA MARIE,0,,0.0,0.0,0.0,,0,none
232050387,43.19371,27.905859,0.0,360.0,511.0,0.0,15,2026-06-03 20:00:38.000000,MSSIS,False,,0,MOGT4,0.0,0.0,0.0,,37,none
261003349,39.56604,2.6374233,0.0,149.6,511.0,0.0,15,2026-06-03 20:00:38.000000,MSSIS,False,,0,,0.0,0.0,0.0,,36,none
368192240,30.08075,-94.08567,0.0,122.8,119.0,0.0,12,2026-06-03 20:00:38.000000,MSSIS,False,BAILEY B,0,WDM2890,0.0,0.0,3.1,US06KY,57,none
258168860,59.748215,5.466932,0.4,360.0,511.0,0.0,15,2026-06-03 20:00:30.000000,MSSIS,False,CALLUNA,0,,0.0,0.0,0.0,,0,none
211148630,53.022175,5.69533,0.7,360.0,511.0,0.0,15,2026-06-03 20:00:30.000000,MSSIS,False,,0,DG3099,0.0,0.0,0.0,,37,none
250500898,61.3249,4.1936517,0.5,224.2,511.0,0.0,15,2026-06-03 20:00:30.000000,MSSIS,False,FISHING BUOY 3,0,,0.0,0.0,0.0,,0,none
338218671,40.11126,-74.04396,0.0,303.0,511.0,0.0,15,2026-06-03 20:00:30.000000,MSSIS,False,BOOZERCRUISER,0,,0.0,0.0,0.0,,0,none
367145690,40.88452,-72.44166,0.0,118.3,511.0,-731.3865,15,2026-06-03 20:00:30.000000,MSSIS,False,PAUMANOK,0,,0.0,0.0,0.0,,9,none
316004732,43.43701,-66.1987,8.3,267.7,511.0,0.0,15,2026-06-03 20:00:31.000000,MSSIS,False,SEA LEVEL 1,0,,0.0,0.0,0.0,,0,none
367643270,29.74594,-95.09693,0.0,275.7,135.0,0.0,5,2026-06-03 20:00:30.000000,MSSIS,False,AMERICAN DREAM,1256647,WDX6Y54,0.0,0.0,2.6,VOPAK DEER PARK,57,none
316019075,50.676876,-125.72551,0.0,360.0,511.0,0.0,15,2026-06-03 20:00:31.000000,MSSIS,False,,0,,0.0,0.0,0.0,,37,none
257891600,59.739708,5.9134684,0.0,197.3,309.0,0.0,0,2026-06-03 20:00:30.000000,MSSIS,False,NOTMANN,9748136,LCHA,0.0,0.0,3.6,FISHFARM INFO CH16,70,none
273260840,21.247673,121.52487,17.8,69.0,67.0,2.187374,0,2026-06-03 20:00:30.000000,MSSIS,False,ARCTIC MULAN,9864837,UAFC7,0.0,0.0,9.9,CHINA SEA FOR ORDERS,84,none
316047577,47.87985,-53.370747,0.0,44.8,130.0,0.0,15,2026-06-03 20:00:31.000000,MSSIS,False,,0,D ARK,0.0,0.0,0.0,,36,none
316011675,50.12059,-125.382256,0.0,360.0,511.0,0.0,15,2026-06-03 20:00:31.000000,MSSIS,False,,0,,0.0,0.0,0.0,,52,none
271010399,40.918648,29.127764,0.0,0.0,511.0,-731.3865,1,2026-06-03 20:00:31.000000,MSSIS,False,EGE GAZ1,0,TC3638,0.0,0.0,0.0,,0,none
367078810,48.58661,-123.156784,0.0,89.6,511.0,0.0,15,2026-06-03 20:00:31.000000,MSSIS,False,STORNOWAY,0,,0.0,0.0,0.0,,0,none
212983031,35.04145,32.3937,0.0,0.0,511.0,-731.3865,1,2026-06-03 20:00:31.000000,MSSIS,False,ALKION II,0,,0.0,0.0,0.0,,0,none
205214690,51.343304,4.682945,0.0,360.0,511.0,-731.3865,11,2026-06-03 20:00:31.000000,MSSIS,False,PHILOU,0,OT2146,0.0,0.0,0.0,,79,none
316043796,45.391693,-73.928345,0.0,360.0,511.0,0.0,15,2026-06-03 20:00:31.000000,MSSIS,False,,0,,0.0,0.0,0.0,,37,none
368130910,32.09089,-81.10305,0.0,293.7,317.0,0.0,5,2026-06-03 20:00:31.000000,MSSIS,False,TOMMY GALE,1001026248,WDL4387,0.0,0.0,2.8,US0SEJ0XPH,57,none
316034108,50.57973,-127.61162,0.0,264.3,511.0,0.0,15,2026-06-03 20:00:31.000000,MSSIS,False,,0,,0.0,0.0,0.0,,30,none
338519048,42.61414,-82.543365,0.0,360.0,511.0,0.0,15,2026-06-03 20:00:31.000000,MSSIS,False,,0,,0.0,0.0,0.0,,37,none
503732600,-43.12748,147.25015,0.0,129.5,511.0,0.0,15,2026-06-03 20:00:30.000000,MSSIS,False,BOGART,0,,0.0,0.0,0.0,,0,none
503036240,-42.873478,147.36552,0.0,320.5,511.0,0.0,15,2026-06-03 20:00:30.000000,MSSIS,False,,0,RG118,0.0,0.0,0.0,,36,none
368244040,40.67046,-74.08272,6.0,113.4,116.0,0.0,5,2026-06-03 20:00:31.000000,MSSIS,False,EVERLY MIST,0,WDM8520,0.0,0.0,4.3,KMI STATEN ISLAND,52,none
512008802,37.780205,26.894564,0.0,278.2,511.0,0.0,15,2026-06-03 20:00:31.000000,MSSIS,False,POLYKANDROS,0,ZMG3824,0.0,0.0,0.0,,0,none
265638130,60.68439,17.214972,0.0,0.0,511.0,0.0,15,2026-06-03 20:00:31.000000,MSSIS,False,,0,SD6353,0.0,0.0,0.0,,37,none
232054034,45.53545,13.652418,0.8,360.0,511.0,0.0,15,2026-06-03 20:00:31.000000,MSSIS,False,,0,MOXO4,0.0,0.0,0.0,,36,none
219016362,59.19469,10.947124,7.4,166.2,511.0,0.0,15,2026-06-03 20:00:31.000000,MSSIS,False,ANDREA,0,,0.0,0.0,0.0,,0,none
269057629,48.308914,14.28844,0.0,360.0,511.0,-731.3865,5,2026-06-03 20:00:31.000000,MSSIS,False,ARENA,0,HE7629,0.0,0.0,1.6,PASSAU,99,none
367312690,48.400917,-122.4943,0.0,275.0,511.0,0.0,15,2026-06-03 20:00:31.000000,MSSIS,False,BLUE PACIFIC,0,,0.0,0.0,0.0,,0,none
251581110,64.37224,-22.336123,15.6,124.1,511.0,0.0,15,2026-06-03 20:00:31.000000,MSSIS,False,EMILIA,0,,0.0,0.0,0.0,,0,none
265581130,58.52955,15.00697,0.0,257.9,1.0,0.0,15,2026-06-03 20:00:31.000000,MSSIS,False,,0,SJHG,0.0,0.0,0.0,,36,none
316018031,45.40548,-73.649185,5.9,299.9,301.0,0.0,0,2026-06-03 20:00:31.000000,MSSIS,False,ALGOMA GUARDIAN,8505850,CFK9698,0.0,0.0,7.4,SUPERIOR,70,none
251465240,63.635494,-23.31804,0.5,242.9,511.0,0.0,15,2026-06-03 20:00:31.000000,MSSIS,False,,0,7325,0.0,0.0,0.0,,30,none
265025900,58.529556,15.00648,0.0,360.0,511.0,0.0,15,2026-06-03 20:00:31.000000,MSSIS,False,,0,SG2720,0.0,0.0,0.0,,37,none
622115001,36.57926,24.797503,9.1,353.5,342.0,0.0,0,2026-06-03 20:00:31.000000,MSSIS,False,AIDA 4,9018775,SSET,0.0,0.0,0.0,PIRAEUS,90,none
367630170,48.513527,-122.60695,0.0,12.5,359.0,0.0,15,2026-06-03 20:00:31.000000,MSSIS,False,,0,WDH5662,0.0,0.0,0.0,,37,none
319139900,41.490177,-71.32365,0.0,69.4,353.0,0.0,15,2026-06-03 20:00:31.000000,MSSIS,False,LA JOIE DE MER,0,,0.0,0.0,0.0,,0,none
229426000,37.802254,23.773542,0.0,112.4,293.0,4.464029,1,2026-06-03 20:00:31.000000,MSSIS,False,BLISS,9463425,9HA3316,0.0,0.0,2.4,GR VOULIAGMENI,37,none
338238421,37.442795,24.944675,0.3,170.4,511.0,0.0,15,2026-06-03 20:00:31.000000,MSSIS,False,IDIL412,0,IDIL,0.0,0.0,0.0,,0,none
210096000,38.030178,23.524677,0.5,145.7,153.0,0.0,1,2026-06-03 20:00:31.000000,MSSIS,False,ENERGEIA,8705943,5BLT4,0.0,0.0,5.0,GREEU,89,none
239781300,39.295425,25.917099,4.1,59.7,511.0,0.0,15,2026-06-03 20:00:31.000000,MSSIS,False,SELANA,0,,0.0,0.0,0.0,,0,none
241943000,39.171135,22.850866,0.0,299.4,167.0,0.0,5,2026-06-03 20:00:31.000000,MSSIS,False,ARTEMIS,8420086,SVB5247,0.0,0.0,4.2,GRTSI,76,none
503003250,-27.971777,153.42497,0.0,136.0,511.0,0.0,15,2026-06-03 20:00:31.000000,MSSIS,False,,0,ROADRUN,0.0,0.0,0.0,,37,none
225992363,39.890945,4.275665,0.0,360.0,511.0,0.0,15,2026-06-03 20:00:31.000000,MSSIS,False,,0,EA8080,0.0,0.0,0.0,,36,none
503379000,-27.401564,153.15503,0.0,239.4,511.0,-731.3865,5,2026-06-03 20:00:31.000000,MSSIS,False,CLONTARF,9185645,VZBX,0.0,0.0,5.6,GEELONG,52,none
205305400,37.021343,-7.945212,0.0,137.5,511.0,0.0,15,2026-06-03 20:00:31.000000,MSSIS,False,SY PETITE TERRE,0,,0.0,0.0,0.0,,0,none
219923000,56.695065,8.220063,0.0,133.2,73.0,0.0,5,2026-06-03 20:00:31.000000,MSSIS,False,CABLE ONE,7409281,OVZC2,0.0,0.0,5.2,THYBOROEN,39,none
249381000,38.738823,1.40056,7.4,72.0,511.0,0.0,15,2026-06-03 20:00:31.000000,MSSIS,False,,0,9HC2623,0.0,0.0,0.0,,36,none
211143320,39.567413,2.632665,0.0,360.0,511.0,0.0,15,2026-06-03 20:00:31.000000,MSSIS,False,,0,DB2772,0.0,0.0,0.0,,37,none
253000047,43.587486,7.1223335,0.0,360.0,511.0,0.0,15,2026-06-03 20:00:31.000000,MSSIS,False,,0,LXAE9,0.0,0.0,0.0,,36,none
477849400,44.267414,8.447097,0.0,293.5,45.0,0.0,5,2026-06-03 20:00:31.000000,MSSIS,False,MAERSK MAKUTU,9318319,VROX8,0.0,0.0,11.6,ITVDL,73,none
205441110,51.079693,4.36654,0.1,360.0,511.0,0.0,15,2026-06-03 20:00:31.000000,MSSIS,False,,0,OR4411,0.0,0.0,0.0,,37,none
440151540,34.068302,127.51245,11.2,243.8,511.0,-731.3865,15,2026-06-03 20:00:31.000000,MSSIS,False,2024BOLMAEHO,0,606,0.0,0.0,0.0,,30,none
258212440,59.42632,10.469335,0.1,360.0,511.0,0.0,15,2026-06-03 20:00:31.000000,MSSIS,False,FAIR HAVEN,0,,0.0,0.0,0.0,,0,none
242449400,35.33022,-6.190425,1.3,171.8,511.0,-731.3865,8,2026-06-03 20:00:31.000000,MSSIS,False,MIMOUNA1,9212943,CNA6020,0.0,0.0,0.0,,30,none
372091000,38.308895,15.13678,8.0,243.9,245.0,0.0,0,2026-06-03 20:00:31.000000,MSSIS,False,MUSTAFA SOFUOGLU,9343950,3FJI8,0.0,0.0,5.8,FRFOS,70,none
224009880,36.53965,-4.6183715,0.0,111.0,511.0,-731.3865,15,2026-06-03 20:00:31.000000,MSSIS,False,PLAYA MORCH SG,0,EA8224,0.0,0.0,0.0,,30,none
255806451,60.213203,25.191206,0.0,68.1,141.0,1.1160072,5,2026-06-03 20:00:31.000000,MSSIS,False,NORDIC ITALIA,9474395,CQEP8,0.0,0.0,7.3,FI HEL,71,none
247044300,41.373165,9.12277,12.2,55.4,55.0,0.0,0,2026-06-03 20:00:31.000000,MSSIS,False,BUNIFAZZIU,8706727,IWUH,0.0,0.0,3.3,ITBON,60,none
244001224,52.354225,6.6193733,0.0,360.0,511.0,-731.3865,5,2026-06-03 20:00:31.000000,MSSIS,False,BALDER,0,PF8807,0.0,0.0,2.0,RECYCLING ALMELO AL,99,none
440167490,34.97415,129.12721,0.9,11.5,511.0,0.0,15,2026-06-03 20:00:31.000000,MSSIS,False,,0,301,0.0,0.0,0.0,,30,none
372373000,8.950896,-79.57367,0.0,360.0,511.0,-731.3865,15,2026-06-03 20:00:31.000000,MSSIS,False,PECOS I,0,HO2816,0.0,0.0,0.0,B 2 A,80,none
244020177,52.39105,4.8905067,0.0,360.0,511.0,-731.3865,5,2026-06-03 20:00:31.000000,MSSIS,False,NORN,0,PC3568,0.0,0.0,0.0,AMST,33,none
232003278,51.5115,-2.6994834,0.2,308.0,26.0,0.0,5,2026-06-03 20:00:31.000000,MSSIS,False,ARCO DART,8902905,MLXX3,0.0,0.0,3.9,GBAVO,33,none
244790148,51.282837,4.22751,0.0,360.0,511.0,-731.3865,5,2026-06-03 20:00:31.000000,MSSIS,False,ST BARTH,0,PA3942,0.0,0.0,1.6,DOELDOK,80,none
211287870,53.527313,8.577338,2.0,165.7,0.0,-720.00323,0,2026-06-03 20:00:31.000000,MSSIS,False,FEE,0,DA6532,0.0,0.0,1.8,BREMERHAVEN,80,none
225997461,39.429443,-0.33135,0.1,360.0,511.0,0.0,15,2026-06-03 20:00:31.000000,MSSIS,False,STREGA,0,,0.0,0.0,0.0,,0,none
257053440,69.85121,18.820957,0.0,127.0,511.0,0.0,15,2026-06-03 20:00:31.000000,MSSIS,False,,0,LK4919,0.0,0.0,0.0,,30,none
316003000,52.541138,-56.24749,0.8,121.6,155.0,0.0,0,2026-06-03 20:00:33.000000,MSSIS,False,ANN HARVEY,8320468,CGAH,0.0,0.0,6.0,SAR,90,none
239627000,37.253845,24.23791,17.3,136.5,134.0,-2.8569784,0,2026-06-03 20:00:34.000000,MSSIS,False,DIONISIOS SOLOMOS,8909886,SZTM,0.0,0.0,0.0,PIRSAN,69,none
503176790,-19.158806,146.85435,0.0,360.0,511.0,0.0,15,2026-06-03 20:00:34.000000,MSSIS,False,,0,BUQ87Q,0.0,0.0,0.0,,37,none
503055190,-25.901278,153.01392,0.0,90.7,511.0,0.0,15,2026-06-03 20:00:34.000000,MSSIS,False,,0,,0.0,0.0,0.0,,51,none
219035886,55.04915,10.614718,0.1,293.3,511.0,0.0,15,2026-06-03 20:00:34.000000,MSSIS,False,DIVINE CAROLINE,0,,0.0,0.0,0.0,,0,none
265719800,59.216076,18.316998,0.1,360.0,511.0,0.0,15,2026-06-03 20:00:34.000000,MSSIS,False,BONAN 2,0,,0.0,0.0,0.0,,0,none
265005620,56.88063,16.646355,0.0,97.4,511.0,0.0,15,2026-06-03 20:00:34.000000,MSSIS,False,PILGRIM,0,,0.0,0.0,0.0,,0,none
271073807,37.45353,27.219091,0.0,0.0,511.0,-731.3865,1,2026-06-03 20:00:34.000000,MSSIS,False,SURSAN 45,0,TCA7416,0.0,0.0,0.0,,0,none
341343002,31.18814,29.85372,0.0,0.0,511.0,-731.3865,1,2026-06-03 20:00:34.000000,MSSIS,False,HAMBURGHS,9168403,V4AW7,0.0,0.0,0.0,EG ALY,70,none
232063807,59.201225,4.9928784,5.4,199.0,197.0,0.0,11,2026-06-03 20:00:34.000000,MSSIS,False,MONTROSE,1101203,MSVF4,0.0,0.0,6.1,NLVLI,52,none
219018733,56.043156,12.61412,0.0,360.0,511.0,0.0,15,2026-06-03 20:00:34.000000,MSSIS,False,,0,XPE5547,0.0,0.0,0.0,,37,none
211464180,39.5004,2.74832,0.1,195.4,511.0,0.0,15,2026-06-03 20:00:34.000000,MSSIS,False,,0,DK 5239,0.0,0.0,0.0,,36,none
237018400,39.11805,23.645782,1.0,326.2,511.0,-731.3865,0,2026-06-03 20:00:34.000000,MSSIS,False,AGIOS NIKOLAS,8668145,SX3440,0.0,0.0,0.0,SKIATHOS,60,none
232041829,39.056274,0.65356165,6.4,101.3,511.0,0.0,15,2026-06-03 20:00:34.000000,MSSIS,False,,0,MLLE5,0.0,0.0,0.0,,36,none
440013330,35.079353,128.78455,0.0,271.9,352.0,0.0,15,2026-06-03 20:00:34.000000,MSSIS,False,PILOTTAEJONGDAE,0,SSD,0.0,0.0,0.0,,0,none
440221040,34.531563,128.53905,0.3,224.3,511.0,-731.3865,0,2026-06-03 20:00:34.000000,MSSIS,False,107SANG MYEONG HO,0,630,0.0,0.0,0.0,,0,none
636022919,58.078934,20.355234,12.3,207.0,211.0,0.0,0,2026-06-03 20:00:34.000000,MSSIS,False,ESRA C,9379662,5LLB5,0.0,0.0,7.8,MA JFL,70,none
224192570,43.641647,-5.44269,8.3,272.8,511.0,-731.3865,0,2026-06-03 20:00:34.000000,MSSIS,False,ABRA DE AGUINO,9095228,ECKS,0.0,0.0,0.0,,30,none
538009665,36.52047,-0.80412334,11.6,257.4,256.0,0.0,0,2026-06-03 20:00:34.000000,MSSIS,False,ZERMATT,9634830,V7A5017,0.0,0.0,12.6,ESCAD,70,none
232060781,39.56361,2.6287816,0.0,360.0,511.0,0.0,15,2026-06-03 20:00:34.000000,MSSIS,False,,0,MRZC5,0.0,0.0,0.0,,37,none
232054706,39.53069,2.3865016,0.2,360.0,313.0,0.0,8,2026-06-03 20:00:34.000000,MSSIS,False,LEMON NOT LIME,0,MPBM8,0.0,0.0,2.4,MALLORCA,37,none
338246485,41.26285,-72.81465,0.0,360.0,511.0,0.0,15,2026-06-03 20:00:34.000000,MSSIS,False,SEATOWCCTV27,0,,0.0,0.0,0.0,,0,none
636019127,27.272764,-15.250138,1.4,358.8,11.0,-7.5442085,0,2026-06-03 20:00:34.000000,MSSIS,False,HAI XING,9291066,D5TB4,0.0,0.0,6.0,LAS PALMAS,89,none
338167405,47.255108,-122.4344,0.0,26.0,511.0,0.0,15,2026-06-03 20:00:34.000000,MSSIS,False,BEAR,0,,0.0,0.0,0.0,,0,none
338520716,26.015278,-80.11805,6.4,186.3,511.0,0.0,15,2026-06-03 20:00:34.000000,MSSIS,False,,0,,0.0,0.0,0.0,,37,none
242198100,33.67181,-7.7409134,0.7,206.9,17.0,0.0,1,2026-06-03 20:00:34.000000,MSSIS,False,CIELO DI RABAT,9141792,CNA5005,0.0,0.0,11.0,MACAS,70,none
212781000,39.904133,1.6504,9.4,127.4,120.0,720.00323,0,2026-06-03 20:00:34.000000,MSSIS,False,SIRIOS CEMENT V,8816352,5BSG4,0.0,0.0,5.4,ES PMI,70,none
368252310,37.513344,-122.19513,0.0,360.0,511.0,0.0,15,2026-06-03 20:00:34.000000,MSSIS,False,LIBERTE,0,,0.0,0.0,0.0,,0,none
538004478,43.19184,27.904648,0.0,306.4,295.0,0.0,5,2026-06-03 20:00:34.000000,MSSIS,False,LAAX,9512355,V7XG9,0.0,0.0,5.3,VARNA,70,none
367557460,42.586716,-70.66348,0.5,24.2,511.0,-731.3865,15,2026-06-03 20:00:34.000000,MSSIS,False,SOPHIE E,0,WDG6480,0.0,0.0,0.0,,99,none
368096150,26.102398,-80.11648,0.0,256.3,511.0,0.0,15,2026-06-03 20:00:34.000000,MSSIS,False,HUNTRESS,0,,0.0,0.0,0.0,,0,none
316002213,42.983,-82.40978,0.0,360.0,511.0,-731.3865,0,2026-06-03 20:00:34.000000,MSSIS,False,WELLAND,0,VC6635,0.0,0.0,3.0,TUG ASSIST,52,none
563174800,24.017408,-120.969086,15.0,288.1,289.0,-0.7142446,0,2026-06-03 20:00:34.000000,MSSIS,False,GAS MAGNOLIA,9919187,9V7705,0.0,0.0,12.1,CN LYG,80,none
368226930,26.75066,-80.04894,0.0,360.0,511.0,0.0,15,2026-06-03 20:00:34.000000,MSSIS,False,,0,WDM6636,0.0,0.0,0.0,,37,none
367672380,29.996004,-93.91918,0.0,274.1,359.0,0.0,12,2026-06-03 20:00:34.000000,MSSIS,False,WAYNE BETHEL,0,WDH9869,0.0,0.0,3.1,US0SPP0SQ2,57,none
338717000,13.460383,144.6676,0.0,324.2,90.0,0.0,5,2026-06-03 20:00:34.000000,MSSIS,False,GALAIDE,8964903,WDL2528,0.0,0.0,0.0,SAIPAN,70,none
255806378,36.86335,-76.316,0.0,230.4,46.0,0.0,5,2026-06-03 20:00:34.000000,MSSIS,False,EMMA OLDENDORFF,9676606,CQEG7,0.0,0.0,6.9,USORF,70,none
211541290,51.259895,4.2526135,0.0,179.7,28.0,0.0,5,2026-06-03 20:00:31.000000,MSSIS,False,SCHLOSS HEIDELBERG,0,DC4571,0.0,0.0,1.0,ANTWERPEN,80,none
636015335,53.455276,6.8311367,0.0,225.4,286.0,0.0,5,2026-06-03 20:00:31.000000,MSSIS,False,EC TURAN,9558490,D5AA4,0.0,0.0,6.0,NL EEM,70,none
369204000,29.136415,-90.1947,0.0,162.4,159.0,0.0,5,2026-06-03 20:00:34.000000,MSSIS,False,POTTER TIDE,9693525,KPTU,0.0,0.0,3.8,FOURCHONLA,70,none
265792740,44.346077,-64.27402,5.6,129.8,511.0,0.0,15,2026-06-03 20:00:34.000000,MSSIS,False,,0,SF4015,0.0,0.0,0.0,,36,none
538004416,45.26355,-66.064445,0.0,147.2,324.0,0.0,5,2026-06-03 20:00:34.000000,MSSIS,False,HYUNDAI ANTWERP,9469912,V7WX6,0.0,0.0,8.9,CA SJB,70,none
211488490,32.28432,-64.82658,0.2,170.4,511.0,0.0,15,2026-06-03 20:00:34.000000,MSSIS,False,,0,DKRN,0.0,0.0,0.0,,36,none
209449000,49.21855,-5.776165,12.5,73.8,72.0,0.0,0,2026-06-03 20:00:34.000000,MSSIS,False,ROCKPIPER,9583861,5BML3,0.0,0.0,7.3,VLISSINGEN NL,33,none
367320890,39.268715,-81.5688,2.8,34.4,31.0,0.0,0,2026-06-03 20:00:34.000000,MSSIS,False,MARY ELLEN JONES,8836558,WDE2133,0.0,0.0,2.6,GEORGETOWN PA,57,none
244630144,53.405815,6.2058682,0.0,274.3,511.0,0.0,15,2026-06-03 20:00:34.000000,MSSIS,False,PENTASAIL,0,,0.0,0.0,0.0,,0,none
248070000,43.696438,7.312265,0.1,283.9,198.0,-720.00323,1,2026-06-03 20:00:34.000000,MSSIS,False,AVANTAGE,1151911,9HC3290,0.0,0.0,1.9,VILLEFRANCHEANC,37,none
265082120,57.90171,16.698956,0.0,360.0,511.0,0.0,15,2026-06-03 20:00:34.000000,MSSIS,False,,0,SG9230,0.0,0.0,0.0,,37,none
224005870,43.288597,-2.1308,0.0,185.3,331.0,0.0,7,2026-06-03 20:00:34.000000,MSSIS,False,FV MONTSERRAT BERR,8739736,EAYQ,0.0,0.0,3.0,,30,none
377573000,51.89764,4.413912,0.0,309.7,39.0,0.0,5,2026-06-03 20:00:34.000000,MSSIS,False,DMS 50,9842932,J8B6765,0.0,0.0,5.3,NLRTM,52,none
235007170,48.90033,-3.7023683,6.7,81.5,86.0,0.0,0,2026-06-03 20:00:34.000000,MSSIS,False,GV MOREMMA,0,MKHC6,0.0,0.0,3.8,CELTIC LINK,90,none
525110035,-2.1323767,104.993324,0.1,301.8,511.0,-731.3865,15,2026-06-03 20:00:34.000000,MSSIS,False,KARYA PACIFIC 2240,1147740,YDD3436,0.0,0.0,0.0,,52,none
311001781,18.421112,-64.610825,0.0,142.1,126.0,0.0,5,2026-06-03 20:00:34.000000,MSSIS,False,NORWEGIAN LUNA,9824019,C6IV3,0.0,0.0,8.0,ROAD TOWN BVI,60,none
244700656,51.45447,3.69605,0.0,360.0,511.0,-731.3865,0,2026-06-03 20:00:34.000000,MSSIS,False,ECHO,0,PF3683,0.0,0.0,2.6,HANSWEERT,79,none
244013121,53.024223,4.840625,3.2,238.0,228.0,-720.00323,7,2026-06-03 20:00:34.000000,MSSIS,False,TX27 BONA FIDE,9845398,PDLM,0.0,0.0,0.0,VISGRONDEN,30,none
254331000,43.70713,7.336845,0.0,325.3,511.0,0.0,15,2026-06-03 20:00:34.000000,MSSIS,False,,0,MO 9406,0.0,0.0,0.0,,37,none
244170872,52.25125,4.868085,0.0,360.0,511.0,-731.3865,15,2026-06-03 20:00:34.000000,MSSIS,False,NESSERSLUIS 4,0,PI3452,0.0,0.0,1.0,NAAR DE OVERKANT,0,none
244859614,51.843143,4.668647,8.1,140.8,150.0,0.0,0,2026-06-03 20:00:34.000000,MSSIS,False,AUDENDA,0,PA4964,0.0,0.0,2.7,ROTTERDAM NECKARHAVE,89,none
265692240,36.944717,-25.147482,0.0,306.2,511.0,0.0,15,2026-06-03 20:00:34.000000,MSSIS,False,,0,SE3585,0.0,0.0,0.0,,37,none
244020943,51.932518,4.1556168,0.0,10.0,511.0,-731.3865,5,2026-06-03 20:00:34.000000,MSSIS,False,WESTSTELLINGWERF,0,PH8707,0.0,0.0,1.5,EUROPOORT,80,none
319382000,39.556705,2.6282334,0.0,241.8,182.0,0.044640288,5,2026-06-03 20:00:34.000000,MSSIS,False,DOUBLEHAVEN,1004792,ZHBW7,0.0,0.0,3.5,PALMA DE MALLORCA,37,none
244730281,51.957516,4.01427,0.0,0.0,511.0,-731.3865,5,2026-06-03 20:00:34.000000,MSSIS,False,MARTIE,0,PE9650,0.0,0.0,0.0,ROTTERDAM,99,none
219026318,52.79154,4.542313,4.6,207.6,209.0,-720.00323,0,2026-06-03 20:00:34.000000,MSSIS,False,STELLA NOVA,9741164,OYQN,0.0,0.0,6.5,FISHING KEEP 05NM,30,none
636009659,37.930763,23.680967,0.0,70.2,65.0,0.0,5,2026-06-03 20:00:34.000000,MSSIS,False,ASTARTE II,1000588,ELOU4,0.0,0.0,3.4,FLISVOS,37,none
352978220,9.352689,-79.90821,0.0,333.5,227.0,0.0,8,2026-06-03 20:00:34.000000,MSSIS,False,SAAM PALENQUE,9888974,HOA4861,0.0,0.0,5.8,CRISTOBAL,52,none
525015658,9.137511,97.70745,11.7,357.7,350.0,0.0,0,2026-06-03 20:00:35.000000,MSSIS,False,MVCTP FORTUNE,9181730,PNIF,0.0,0.0,8.6,YANGON PS,70,none
563145300,13.701705,100.57946,0.0,20.1,294.0,0.0,5,2026-06-03 20:00:35.000000,MSSIS,False,WAN HAI 176,9733832,9V7683,0.0,0.0,7.2,TH LCHTH BKK,70,none
567000620,12.4901,101.205185,0.3,158.0,198.0,-720.00323,1,2026-06-03 20:00:35.000000,MSSIS,False,UNIWISE RAYONG,9351880,HSB3277,0.0,0.0,4.8,MAP TA PHUT,52,none
506011900,9.989252,98.59331,0.2,112.7,511.0,-731.3865,1,2026-06-03 20:00:35.000000,MSSIS,False,MVMCL14,8356508,XYZX,0.0,0.0,4.0,RANONG,79,none
251491540,65.600494,-24.044514,7.7,111.7,511.0,0.0,15,2026-06-03 20:00:34.000000,MSSIS,False,,0,1852,0.0,0.0,0.0,,30,none
613425603,14.539967,-18.101429,9.5,355.1,355.0,0.0,0,2026-06-03 20:00:35.000000,MSSIS,False,FEI YUN HE,9263198,TJMV17,0.0,0.0,7.9,FOR ORDER,80,none
248604000,0.27581,9.434622,0.0,173.8,10.0,0.0,1,2026-06-03 20:00:35.000000,MSSIS,False,BELLIS THERESA,9192375,9HA4718,0.0,0.0,6.5,CM DLAGA OWE,89,none
266263000,57.706615,11.657964,0.0,306.6,303.0,0.0,5,2026-06-03 20:00:35.000000,MSSIS,False,ELIDA V,9443190,SEMW,0.0,0.0,4.0,GOTEBORG,36,none
316057429,50.72278,-127.488434,0.1,360.0,334.0,0.0,15,2026-06-03 20:00:34.000000,MSSIS,False,,0,,0.0,0.0,0.0,,37,none
265463000,55.136333,12.834668,17.3,214.2,214.0,0.0,0,2026-06-03 20:00:35.000000,MSSIS,False,SKANE,9133915,SIEB,0.0,0.0,6.5,SETRGDERSK,60,none
278916000,45.55899,13.738272,0.0,69.1,511.0,-731.3865,5,2026-06-03 20:00:35.000000,MSSIS,False,MERCUR,9801823,S5EK2,0.0,0.0,6.2,KOPER,52,none
368364660,47.64367,-122.3139,0.0,21.3,511.0,0.0,15,2026-06-03 20:00:38.000000,MSSIS,False,,0,WDP5574,0.0,0.0,0.0,,37,none
366484000,28.964296,-90.23322,9.2,14.4,12.0,0.0,0,2026-06-03 20:00:38.000000,MSSIS,False,JEAN PIERRE LAB,956308000,WDE9670,0.0,0.0,3.4,FOURCHON,0,none
338313407,38.973675,-76.2513,0.0,179.0,511.0,0.0,15,2026-06-03 20:00:38.000000,MSSIS,False,,0,,0.0,0.0,0.0,,37,none
338444995,27.510752,-82.55798,0.0,360.0,511.0,0.0,15,2026-06-03 20:00:38.000000,MSSIS,False,,0,,0.0,0.0,0.0,,37,none
338549831,30.402718,-87.21403,0.0,17.9,263.0,0.0,15,2026-06-03 20:00:38.000000,MSSIS,False,,0,,0.0,0.0,0.0,,37,none
228125730,44.66117,-1.1500183,0.0,360.0,511.0,0.0,15,2026-06-03 20:00:39.000000,MSSIS,False,,0,,0.0,0.0,0.0,,37,none
247288600,39.21583,9.0575,0.0,157.0,119.0,0.0,0,2026-06-03 20:00:39.000000,MSSIS,False,TOMMASO ONORATO,9402172,IIXX2,0.0,0.0,5.4,CAGLIARI,52,none
224297890,41.06438,1.0599183,0.1,3.1,511.0,0.0,15,2026-06-03 20:00:39.000000,MSSIS,False,MAREVENTO,0,,0.0,0.0,0.0,,0,none
636093386,35.362766,18.86501,12.3,105.3,102.0,-0.4017626,0,2026-06-03 20:00:39.000000,MSSIS,False,ROSTRUM SAO PAULO,9997270,5LOQ2,0.0,0.0,10.5,INPAV,70,none
211526920,43.37549,-8.878542,8.8,97.4,511.0,0.0,15,2026-06-03 20:00:39.000000,MSSIS,False,,0,DA2681,0.0,0.0,0.0,,36,none
232873000,43.736385,7.422255,0.0,290.0,112.0,0.0,5,2026-06-03 20:00:39.000000,MSSIS,False,SEABLUEZ,8739047,MNZL5,0.0,0.0,2.0,,97,none
273451640,55.09356,20.278696,2.8,60.2,63.0,0.0,7,2026-06-03 20:00:39.000000,MSSIS,False,MRTK0776,8826618,UDIX,0.0,0.0,2.9,SVETLI,30,none
228036900,38.73309,1.416,0.1,196.1,511.0,0.0,15,2026-06-03 20:00:39.000000,MSSIS,False,NOE,0,,0.0,0.0,0.0,,0,none
367841000,36.915005,-76.18275,0.0,354.6,271.0,0.0,5,2026-06-03 20:00:39.000000,MSSIS,False,TSV 1 PREVAIL,8835566,NYRW,0.0,0.0,4.6,JEBLCFS,35,none
257036400,61.09812,4.908465,0.0,186.4,184.0,0.0,5,2026-06-03 20:00:39.000000,MSSIS,False,SULEFJORD,0,LH2127,0.0,0.0,3.0,SOLUND,79,none
228293950,49.387928,1.0090467,0.0,199.7,9.0,0.0,15,2026-06-03 20:00:39.000000,MSSIS,False,TSM BREST,1048504,FAL9149,0.0,0.0,0.0,,52,none
477113800,25.16416,121.39035,0.1,152.0,243.0,0.4017626,5,2026-06-03 20:00:39.000000,MSSIS,False,CUL XIAMEN,9347712,VRWK8,0.0,0.0,8.9,TAIPEI,74,none
992511444,66.1318,-18.536118,0.4,156.9,511.0,-731.3865,15,2026-06-03 20:00:39.000000,MSSIS,False,HAFBORG 2,521096000,,0.0,0.0,0.0,GRIMSEY,90,none
244100334,53.197926,5.760885,0.0,360.0,511.0,-731.3865,0,2026-06-03 20:00:39.000000,MSSIS,False,WILHELMINA,0,PF3473,0.0,0.0,1.8,LEEUWRDEN,37,none
338361065,47.66585,-122.38855,0.0,360.0,511.0,0.0,15,2026-06-03 20:00:39.000000,MSSIS,False,,0,,0.0,0.0,0.0,,37,none
250500914,61.073948,4.341785,0.7,15.2,511.0,0.0,15,2026-06-03 20:00:39.000000,MSSIS,False,,0,,0.0,0.0,0.0,,0,none
232044595,53.4307,-3.00155,0.0,340.0,267.0,0.0,0,2026-06-03 20:00:39.000000,MSSIS,False,VB ELBE,9389485,MMOC6,0.0,0.0,4.8,TOWAGE,52,none
244010000,52.099022,4.2631865,0.0,0.0,511.0,0.0,15,2026-06-03 20:00:39.000000,MSSIS,False,,0,PIEJ,0.0,0.0,0.0,,52,none
338366673,41.63899,-70.91227,0.1,360.0,511.0,0.0,15,2026-06-03 20:00:39.000000,MSSIS,False,UNASSISTED LIVING,0,,0.0,0.0,0.0,,0,none
218292000,26.52301,-78.813225,0.0,165.1,511.0,-731.3865,1,2026-06-03 20:00:39.000000,MSSIS,False,SEAPIKE,9423449,DEHR,0.0,0.0,11.0,BFPSO,89,none
367537710,29.96913,-93.85977,2.4,108.4,125.0,720.00323,0,2026-06-03 20:00:39.000000,MSSIS,False,POINT MALLARD,0,WDG4546,0.0,0.0,3.1,XX XXXUS0SN0,52,none
368451170,27.72502,-82.68203,0.0,360.0,511.0,0.0,15,2026-06-03 20:00:39.000000,MSSIS,False,,0,WDQ7256,0.0,0.0,0.0,,37,none
338472505,33.765644,-118.122665,0.0,360.0,511.0,0.0,15,2026-06-03 20:00:39.000000,MSSIS,False,THE PAYOFF,0,,0.0,0.0,0.0,,0,none
211280440,52.409554,4.834565,0.0,282.1,216.0,0.0,5,2026-06-03 20:00:39.000000,MSSIS,False,EILTANK 83,0,DC3841,0.0,0.0,2.5,EUROPOINTEUROTANKH,80,none
538012546,59.825077,25.734377,0.0,224.7,112.0,0.0,1,2026-06-03 20:00:39.000000,MSSIS,False,PATMOS DAWN,9780964,V7B3017,0.0,0.0,5.9,RUULU,78,none
368035410,37.785866,-122.26925,0.0,54.4,511.0,0.0,15,2026-06-03 20:00:39.000000,MSSIS,False,REGAL EAGLE,0,,0.0,0.0,0.0,,0,none
219592000,55.702248,12.597609,0.0,125.5,36.0,0.0,0,2026-06-03 20:00:39.000000,MSSIS,False,NORDIC CROWN,8917613,OXRA6,0.0,0.0,6.3,NOOSL,60,none
338399304,40.44086,-74.10356,0.1,360.0,511.0,0.0,15,2026-06-03 20:00:39.000000,MSSIS,False,A FEW BUCKS,0,,0.0,0.0,0.0,,0,none
235092103,52.46065,4.5865717,0.0,312.0,123.0,0.0,5,2026-06-03 20:00:39.000000,MSSIS,False,MCS PAMPERO,9678628,2FKV2,0.0,0.0,2.3,IJMUIDEN,40,none
367618970,40.698887,-74.040504,0.1,59.0,511.0,-731.3865,0,2026-06-03 20:00:39.000000,MSSIS,False,MISS LIBERTY,0,WDH4556,0.0,0.0,0.0,,60,none
352003540,28.817188,-95.24592,0.0,160.0,28.0,0.17856115,1,2026-06-03 20:00:39.000000,MSSIS,False,PERTAMINA GAS DAHLIA,9937074,3E5188,0.0,0.0,8.0,USHOU,80,none
269057155,51.368275,4.1135683,11.2,78.2,511.0,-731.3865,0,2026-06-03 20:00:39.000000,MSSIS,False,BO JAZZMIN,0,PC7950,0.0,0.0,0.2,HEUSDENZOLDER,79,none
263601250,38.49567,-8.836797,0.1,107.4,511.0,-731.3865,15,2026-06-03 20:00:39.000000,MSSIS,False,RESISTENTE,6803404,CSJF,0.0,0.0,4.5,SETUBAL,52,none
538005073,36.518368,-6.6202984,0.2,12.2,228.0,0.0,1,2026-06-03 20:00:39.000000,MSSIS,False,LENA RIVER,9629598,V7AU9,0.0,0.0,9.3,FOR ORDERS,84,none
368386050,32.178703,-80.77311,0.0,360.0,511.0,0.0,15,2026-06-03 20:00:39.000000,MSSIS,False,BROMELIAD,0,,0.0,0.0,0.0,,0,none
276013510,59.452667,24.730066,0.2,0.0,511.0,0.0,15,2026-06-03 20:00:39.000000,MSSIS,False,,0,ES3970,0.0,0.0,0.0,,37,none
265509460,57.710957,11.6586,0.0,0.0,511.0,0.0,15,2026-06-03 20:00:40.000000,MSSIS,False,,0,SDYI,0.0,0.0,0.0,,60,none
265040270,57.98788,11.545395,0.1,81.8,511.0,0.0,15,2026-06-03 20:00:40.000000,MSSIS,False,LAJOCONDE,0,,0.0,0.0,0.0,,0,none
205255190,51.211243,3.8014083,0.0,291.0,190.0,0.0,5,2026-06-03 20:00:39.000000,MSSIS,False,DIAMOND,0,O,0.0,0.0,0.0,GENT,90,none
503040580,-16.484646,145.45927,0.0,60.0,511.0,0.0,15,2026-06-03 20:00:39.000000,MSSIS,False,QUICKSILVER VIII,0,,0.0,0.0,0.0,,0,none
710013540,-2.5544,-44.376534,0.0,266.6,511.0,-731.3865,15,2026-06-03 20:00:38.000000,MSSIS,False,TELESCOPIUM,9573153,PQ7990,0.0,0.0,0.0,,52,none
256003195,37.087433,27.455702,0.0,360.0,75.0,0.0,15,2026-06-03 20:00:39.000000,MSSIS,False,SUNGARI,0,9HB9354,0.0,0.0,0.0,,0,none
567005245,8.566448,98.22473,0.0,360.0,511.0,0.0,15,2026-06-03 20:00:39.000000,MSSIS,False,,0,,0.0,0.0,0.0,,30,none
305928000,41.06646,17.89879,8.7,311.3,310.0,-0.7142446,0,2026-06-03 20:00:40.000000,MSSIS,False,EMS CALYPSO,9557393,V2GF9,0.0,0.0,4.1,ITPMA,70,none
567200002,9.229366,98.3763,0.0,0.0,0.0,0.0,15,2026-06-03 20:00:40.000000,MSSIS,False,,0,YORSUP2,0.0,0.0,0.0,,30,none
548622900,14.621015,120.86997,0.0,148.7,203.0,-0.044640288,1,2026-06-03 20:00:40.000000,MSSIS,False,MV SPAN ASIA 72,9371995,4DJP3,0.0,0.0,5.4,PHSUBIC,70,none
238852440,45.203037,14.5378685,0.0,94.0,241.0,0.0,5,2026-06-03 20:00:40.000000,MSSIS,False,MORETTO,9974802,9A8661,0.0,0.0,5.4,HROMI,52,none
565653000,13.054387,100.89846,0.0,312.3,74.0,0.0,5,2026-06-03 20:00:39.000000,MSSIS,False,WAN HAI 509,9326421,9VJJ7,0.0,0.0,12.6,THLCH,73,none
503118770,-20.269588,148.72713,0.0,360.0,511.0,0.0,15,2026-06-03 20:00:40.000000,MSSIS,False,,0,,0.0,0.0,0.0,,37,none
338377945,41.962345,-87.63839,0.0,360.0,511.0,0.0,15,2026-06-03 20:00:40.000000,MSSIS,False,,0,,0.0,0.0,0.0,,37,none
271044439,38.780796,26.926828,0.0,360.0,511.0,-731.3865,0,2026-06-03 20:00:39.000000,MSSIS,False,BOGACAY XXI,0,TCA3992,0.0,0.0,0.0,DILOVASI,37,none
240040100,37.910934,23.703901,0.0,360.0,511.0,-731.3865,5,2026-06-03 20:00:39.000000,MSSIS,False,PRINCESS L,8335310,SVA7800,0.0,0.0,3.0,ZEA,37,none
338155734,38.772243,-76.5633,0.0,0.0,511.0,0.0,15,2026-06-03 20:00:40.000000,MSSIS,False,,0,,0.0,0.0,0.0,,36,none
338466884,41.488216,-70.083084,1.7,342.1,511.0,0.0,15,2026-06-03 20:00:40.000000,MSSIS,False,,0,,0.0,0.0,0.0,,37,none
258317500,68.57449,14.95945,0.0,305.6,95.0,0.4017626,0,2026-06-03 20:00:39.000000,MSSIS,False,MONICA,0,LG4315,0.0,0.0,0.0,FISHFARMS,70,none
212912000,35.72063,25.23401,37.2,191.1,191.0,0.0,0,2026-06-03 20:00:40.000000,MSSIS,False,EUROCHAMPION JET,9176058,5BVL6,0.0,0.0,0.0,PSMPNTH,40,none
338494161,29.547512,-95.037506,0.0,360.0,511.0,0.0,15,2026-06-03 20:00:40.000000,MSSIS,False,,0,,0.0,0.0,0.0,,37,none
636023475,-37.98387,144.85048,0.5,182.8,308.0,7.5442085,1,2026-06-03 20:00:40.000000,MSSIS,False,ELANDRA FIRTH,9749532,5LNX2,0.0,0.0,8.8,AUGEX,80,none
338479192,47.629017,-122.38976,0.0,42.0,511.0,0.0,15,2026-06-03 20:00:40.000000,MSSIS,False,,0,,0.0,0.0,0.0,,37,none
258094000,65.475685,12.210419,0.0,187.1,202.0,0.0,5,2026-06-03 20:00:40.000000,MSSIS,False,HAVILA POLARIS,9946910,LFSQ,0.0,0.0,5.3,NO BGO,60,none
257285400,62.580276,6.125845,0.0,39.1,511.0,-731.3865,0,2026-06-03 20:00:40.000000,MSSIS,False,HULDRA,7368853,LNNU,0.0,0.0,3.5,ALESUND,60,none
205865310,51.23178,2.923965,0.0,8.9,67.0,0.0,15,2026-06-03 20:00:40.000000,MSSIS,False,,0,OR8653,0.0,0.0,0.0,,36,none
244868792,53.444263,6.8275285,0.4,236.3,107.0,0.0,0,2026-06-03 20:00:40.000000,MSSIS,False,BRUNO,0,PI7663,0.0,0.0,2.5,HARLINGEN,80,none
244013050,52.704792,5.3003836,0.0,360.0,511.0,0.0,15,2026-06-03 20:00:40.000000,MSSIS,False,ZEEZWALUW,0,,0.0,0.0,0.0,,0,none
244020738,51.90335,4.4842334,0.0,360.0,511.0,-731.3865,0,2026-06-03 20:00:40.000000,MSSIS,False,MSTX 11,0,PD3977,0.0,0.0,1.0,ROTTERDAM,49,none
503119850,-26.72281,153.56686,3.6,194.9,511.0,0.0,15,2026-06-03 20:00:40.000000,MSSIS,False,PACIFIC MIST,0,,0.0,0.0,0.0,,0,none
270328000,53.407555,14.546623,0.0,0.0,511.0,-731.3865,0,2026-06-03 20:00:40.000000,MSSIS,False,LABE 20,0,OL8620,0.0,0.0,0.2,MAGDEBURG,79,none
205808810,51.50163,4.1884766,0.0,360.0,511.0,0.0,15,2026-06-03 20:00:40.000000,MSSIS,False,LADY DANHER,0,,0.0,0.0,0.0,,0,none
276808000,58.217457,22.50471,0.0,38.9,225.0,0.0,0,2026-06-03 20:00:40.000000,MSSIS,False,ABRO,0,ESKA,0.0,0.0,0.0,ROOMASSAARE  ABRUKA,60,none
229931000,43.477062,6.956325,10.8,214.3,211.0,5.401475,0,2026-06-03 20:00:35.000000,MSSIS,False,MY ADORA,9586552,9HA3728,0.0,0.0,3.2,LANAPOULE,37,none
244770340,51.4582,4.0070233,2.8,166.5,170.0,0.0,0,2026-06-03 20:00:35.000000,MSSIS,False,RWS 84,0,PD4546,0.0,0.0,1.3,KRAMMERSLUIS,99,none
227094770,51.234596,4.44137,2.2,67.4,511.0,-731.3865,0,2026-06-03 20:00:35.000000,MSSIS,False,WARTA,0,FM3789,0.0,0.0,2.4,ANTOING,20,none
244630148,51.456474,4.0103216,0.0,360.0,511.0,-731.3865,15,2026-06-03 20:00:35.000000,MSSIS,False,ZWAANTJE 9,0,PI3347,0.0,0.0,0.0,HANSWEERT,89,none
538012259,42.266376,-9.732429,11.5,355.9,354.0,0.0,0,2026-06-03 20:00:35.000000,MSSIS,False,CENTURION BIZAN,1026283,V7B2593,0.0,0.0,7.9,ESFRO,90,none
224256690,37.3671,-5.991747,0.0,185.1,511.0,-731.3865,0,2026-06-03 20:00:35.000000,MSSIS,False,VB VICENTA C,9116539,EAMJ,0.0,0.0,3.7,SEVILLA,52,none
636021719,36.201878,-3.83588,13.6,251.5,259.0,0.0,0,2026-06-03 20:00:35.000000,MSSIS,False,MAI TAI,9709221,5LFJ4,0.0,0.0,7.2,MA JFL,70,none
255402570,32.668137,-17.063702,0.3,360.0,511.0,-731.3865,15,2026-06-03 20:00:35.000000,MSSIS,False,MESTRE GREGORIO,0,CURP2,0.0,0.0,0.0,,30,none
224020750,43.3243,-2.4202282,0.0,189.9,511.0,-731.3865,0,2026-06-03 20:00:35.000000,MSSIS,False,MAR DE GRECIA,859917400,EA3721,0.0,0.0,0.0,PESCA,30,none
224137950,38.464287,1.6410084,1.1,158.0,511.0,-731.3865,3,2026-06-03 20:00:35.000000,MSSIS,False,JUAREZ HERMANOS,8794918,EA7820,0.0,0.0,3.3,,32,none
257408000,53.57602,8.556922,0.0,334.6,243.0,0.0,5,2026-06-03 20:00:35.000000,MSSIS,False,HOEGH TOKYO,9285483,LAPZ7,0.0,0.0,8.5,DEBRVBEZEE,70,none
219010518,53.03476,1.7930716,1.1,121.0,145.0,8.749496,15,2026-06-03 20:00:35.000000,MSSIS,False,ESVAGT CHAMPION,9378515,OYAC2,0.0,0.0,4.5,RAMBIZ,51,none
256401000,43.577248,7.12992,0.1,360.0,511.0,-731.3865,1,2026-06-03 20:00:35.000000,MSSIS,False,ALKIMIA,0,9HB4333,0.0,0.0,0.0,FR ANTIBES,36,none
563155800,37.957756,24.646288,13.5,32.4,31.0,19.686367,0,2026-06-03 20:00:35.000000,MSSIS,False,ATLANTIC GENEVA,9330848,9V7920,0.0,0.0,7.4,GRSKG,71,none
371441000,-19.639814,153.69058,10.7,359.0,358.0,0.0,0,2026-06-03 20:00:35.000000,MSSIS,False,CLIPPER ISADORA,9883091,3FLA2,0.0,0.0,12.5,CNMCH,70,none
352003670,37.915787,23.085943,0.0,77.9,222.0,0.0,5,2026-06-03 20:00:35.000000,MSSIS,False,ESENTEPE,9247508,3E4792,0.0,0.0,7.2,GRAGT,80,none
257564600,62.43869,6.281085,0.0,155.1,216.0,0.0,8,2026-06-03 20:00:35.000000,MSSIS,False,STOREGG,9244752,LLLP,0.0,0.0,0.0,TLF 90521121,30,none
372667000,9.024834,-79.621,0.0,189.0,511.0,-731.3865,9,2026-06-03 20:00:35.000000,MSSIS,False,ANCHOA,0,LAUANC,0.0,0.0,0.0,GIJON,60,none
244820996,51.21932,6.7028265,0.0,349.0,63.0,0.0,5,2026-06-03 20:00:35.000000,MSSIS,False,PANORAMA,0,PG7690,0.0,0.0,1.9,BRAMSCHE,79,none
205420170,51.02756,4.47372,0.0,59.9,511.0,0.0,15,2026-06-03 20:00:34.000000,MSSIS,False,,0,OQ4201,0.0,0.0,0.0,,37,none
211885350,50.766445,7.0763316,4.4,129.2,511.0,-731.3865,0,2026-06-03 20:00:35.000000,MSSIS,False,HENRI,0,DC9855,0.0,0.0,2.0,REGENSBURG,79,none
316047701,49.319016,-122.912346,0.1,336.7,511.0,-731.3865,1,2026-06-03 20:00:35.000000,MSSIS,False,BIG SMILE,0,0000000,0.0,0.0,2.0,CRUISING,37,none
368156420,47.679512,-122.40685,0.0,360.0,511.0,0.0,15,2026-06-03 20:00:34.000000,MSSIS,False,VESPER,0,,0.0,0.0,0.0,,0,none
218413000,54.246708,11.921643,0.5,255.6,253.0,-0.17856115,1,2026-06-03 20:00:35.000000,MSSIS,False,BALTIC,9556026,DGWJ2,0.0,0.0,5.6,EMCY TOWING VESSEL,52,none
244180557,52.63613,5.058815,0.0,163.8,511.0,0.0,15,2026-06-03 20:00:34.000000,MSSIS,False,,0,PC9907,0.0,0.0,0.0,,36,none
368337650,47.667458,-122.39328,0.0,130.4,511.0,-731.3865,5,2026-06-03 20:00:35.000000,MSSIS,False,LUNA,0,WDP2580,0.0,0.0,0.0,LAKE WASHINGT0N,37,none
235090273,53.390846,-2.9838533,0.0,285.1,348.0,0.0,0,2026-06-03 20:00:35.000000,MSSIS,False,PRODUCTION,0,2FDF9,0.0,0.0,1.2,LIVERPOOL,40,none
244762000,51.452755,4.012385,0.0,28.7,157.0,0.0,5,2026-06-03 20:00:35.000000,MSSIS,False,DELTA,9104718,PDPC,0.0,0.0,1.6,,33,none
374249000,51.25965,4.413007,0.0,9.1,272.0,0.0,5,2026-06-03 20:00:35.000000,MSSIS,False,RED ORCHID,9757890,3FUL5,0.0,0.0,10.8,BE ANR,70,none
367636460,29.688616,-91.1672,0.0,298.5,511.0,-731.3865,0,2026-06-03 20:00:35.000000,MSSIS,False,JOSEPH ROY DEE,0,WDH6292,0.0,0.0,3.3,US07L70YZ1,52,none
368191980,25.778748,-80.156784,0.0,360.0,114.0,0.0,15,2026-06-03 20:00:34.000000,MSSIS,False,,0,WDM2865,0.0,0.0,0.0,,37,none
366927930,33.34673,-118.323074,0.2,218.2,511.0,-731.3865,5,2026-06-03 20:00:35.000000,MSSIS,False,ECHOES,0,WDB6636,0.0,0.0,0.0,,37,none
339000026,26.7478,-80.04957,0.0,360.0,135.0,-686.3891,0,2026-06-03 20:00:35.000000,MSSIS,False,OPTIMISM,1032074,6YWG2,0.0,0.0,2.2,WPB,37,none
244850610,52.71695,6.193015,0.0,360.0,511.0,-731.3865,5,2026-06-03 20:00:35.000000,MSSIS,False,MARIA CORNELIA,0,PE4195,0.0,0.0,1.3,ECHTENERBRUG,37,none
276005880,59.454224,24.738037,0.1,347.8,511.0,0.0,15,2026-06-03 20:00:35.000000,MSSIS,False,,0,ES3225,0.0,0.0,0.0,,36,none
218031050,51.89564,4.388467,8.9,101.9,511.0,-731.3865,0,2026-06-03 20:00:35.000000,MSSIS,False,SIRIS,0,DD6371,0.0,0.0,2.4,ROTTERDAM,89,none
235068025,37.955715,23.579819,0.0,93.0,346.0,0.0,5,2026-06-03 20:00:31.000000,MSSIS,False,COSCO ANTWERP,9246396,2BOV9,0.0,0.0,12.3,GRPIR,71,none
226005390,49.484226,0.15431666,0.0,294.0,247.0,0.0,5,2026-06-03 20:00:31.000000,MSSIS,False,MAGELLAN,0,FM5043,0.0,0.0,2.5,GENNEVILLIERS,89,none
211384170,50.924603,6.9764934,0.0,360.0,511.0,-731.3865,0,2026-06-03 20:00:31.000000,MSSIS,False,WALI,0,DC7557,0.0,0.0,1.5,GODORF,79,none
265675860,55.865074,12.825657,0.0,80.1,511.0,0.0,15,2026-06-03 20:00:32.000000,MSSIS,False,,0,SFPI,0.0,0.0,0.0,,60,none
244730961,51.908657,4.4182167,0.0,360.0,511.0,-731.3865,5,2026-06-03 20:00:31.000000,MSSIS,False,ANCONA,0,PC9460,0.0,0.0,3.3,ANTWERPEN MARSHALLDO,0,none
265025410,59.297173,18.263056,0.0,0.0,178.0,0.0,15,2026-06-03 20:00:32.000000,MSSIS,False,SVEA III,0,,0.0,0.0,0.0,,0,none
255915948,-6.1010933,106.89094,0.0,107.1,2.0,0.0,5,2026-06-03 20:00:31.000000,MSSIS,False,MSC NASSAU IV,9471226,CQ2406,0.0,0.0,11.2,AUMELIDJKT,71,none
253147000,43.7099,7.33601,0.0,216.3,511.0,0.0,15,2026-06-03 20:00:32.000000,MSSIS,False,,0,LXTH,0.0,0.0,0.0,,37,none
244050658,51.972763,4.05022,0.0,360.0,511.0,-731.3865,5,2026-06-03 20:00:31.000000,MSSIS,False,NOORDZEE,0,PD6231,0.0,0.0,2.5,HAAFTEN,53,none
235057011,51.485615,-0.018195,15.3,116.3,511.0,-731.3865,0,2026-06-03 20:00:35.000000,MSSIS,False,MONSOON CLIPPER,0,MVMT6,0.0,0.0,0.0,,0,none
226007250,48.83292,2.2608917,0.0,360.0,511.0,-731.3865,0,2026-06-03 20:00:35.000000,MSSIS,False,THEO,0,FM5274,0.0,0.0,0.0,,69,none
352004564,31.132097,-81.535774,0.0,298.8,133.0,0.0,5,2026-06-03 20:00:35.000000,MSSIS,False,PONTUS HIGHWAY,9974113,3E6848,0.0,0.0,9.0,US SSI,70,none
219021191,57.402103,10.560641,5.3,337.7,511.0,0.0,15,2026-06-03 20:00:35.000000,MSSIS,False,,0,XPE7504,0.0,0.0,0.0,,36,none
352721000,-27.426357,153.12471,0.0,298.2,61.0,0.0,5,2026-06-03 20:00:35.000000,MSSIS,False,HPC GALAXY,9383508,3EXV3,0.0,0.0,7.9,BRISBANEAUS,70,none
257012290,58.597862,11.280655,0.1,118.7,511.0,0.0,15,2026-06-03 20:00:35.000000,MSSIS,False,HILMA,0,,0.0,0.0,0.0,,0,none
218029500,55.30203,14.757022,4.7,90.9,83.0,0.0,15,2026-06-03 20:00:35.000000,MSSIS,False,THALIA,0,,0.0,0.0,0.0,,0,none
244670751,51.849125,5.87085,0.0,0.0,511.0,-731.3865,15,2026-06-03 20:00:35.000000,MSSIS,False,NOBILING,0,PI4666,0.0,0.0,0.2,NIJMW,37,none
305762000,59.041157,10.04898,0.0,113.0,111.0,0.0,5,2026-06-03 20:00:35.000000,MSSIS,False,OLYMP TRADER,9246906,V2RJ7,0.0,0.0,3.4,DEWIS,70,none
259038700,62.489876,6.3033085,0.0,332.5,258.0,0.0,5,2026-06-03 20:00:35.000000,MSSIS,False,ECOFIVE,9954723,LGZK,0.0,0.0,0.0,AALESUND,30,none
367794470,41.68015,-87.9965,3.2,66.5,68.0,0.0,15,2026-06-03 20:00:35.000000,MSSIS,False,GWYNETH ANNE,0,WDJ6110,0.0,0.0,0.0,USCHIUSLMJUSCHI,31,none
269117620,43.212067,5.269117,5.7,79.2,511.0,0.0,15,2026-06-03 20:00:35.000000,MSSIS,False,SALINA,0,,0.0,0.0,0.0,,0,none
366878290,40.305264,-73.31779,0.0,161.9,511.0,-731.3865,15,2026-06-03 20:00:35.000000,MSSIS,False,RAM 15,1136068,WDB2653,0.0,0.0,11.0,DORCHESTERNJ,95,none
538010612,38.084988,24.766026,12.3,39.6,511.0,-731.3865,0,2026-06-03 20:00:36.000000,MSSIS,False,TRANS ASIA,9935454,V7A7147,0.0,0.0,0.0,GRACL,70,none
227422277,42.70335,3.0346484,0.0,360.0,511.0,0.0,15,2026-06-03 20:00:35.000000,MSSIS,False,,0,FAD7136,0.0,0.0,0.0,,36,none
567004306,12.327235,101.320786,0.5,300.6,511.0,-731.3865,0,2026-06-03 20:00:36.000000,MSSIS,False,VENUS 3,0,,0.0,0.0,0.0,,30,none
205479890,51.405193,3.4422233,12.8,79.1,511.0,-731.3865,0,2026-06-03 20:00:36.000000,MSSIS,False,NEW YORK,0,OT4798,0.0,0.0,3.0,ANTWERPEN BOSVCS COM,80,none
256831000,54.440304,11.8595085,7.4,276.2,275.0,6.4282017,0,2026-06-03 20:00:36.000000,MSSIS,False,SAN BACCO,9753818,9HA4021,0.0,0.0,5.3,DEKEL PST,80,none
620800377,42.103203,19.052782,0.9,195.4,163.0,0.0,1,2026-06-03 20:00:36.000000,MSSIS,False,NUR K,9389370,D6A4377,0.0,0.0,3.5,CSBAR,70,none
256004052,43.818253,7.78772,0.0,360.0,511.0,0.0,15,2026-06-03 20:00:35.000000,MSSIS,False,VINCE,0,,0.0,0.0,0.0,,0,none
636025672,60.379967,26.773636,14.3,69.7,70.0,0.0,0,2026-06-03 20:00:36.000000,MSSIS,False,NETA A,9412531,5LYP4,0.0,0.0,7.3,FIKTK,72,none
256750000,57.22215,11.6314,9.6,339.8,338.0,-1.1160072,0,2026-06-03 20:00:36.000000,MSSIS,False,MEIN SCHIFF 7,9851189,9HA5959,0.0,0.0,8.2,DEWAR  NOKRS,69,none
227201770,42.54187,3.05201,0.0,360.0,511.0,0.0,15,2026-06-03 20:00:35.000000,MSSIS,False,YLANG YLANG,0,,0.0,0.0,0.0,,0,none
209415000,55.165436,14.219408,11.8,217.8,217.0,0.0,0,2026-06-03 20:00:36.000000,MSSIS,False,GIOCONDA,9819052,5BCM5,0.0,0.0,6.4,NLRTM,83,none
227447480,43.079147,6.1573634,0.0,165.2,511.0,0.0,15,2026-06-03 20:00:35.000000,MSSIS,False,INO,0,,0.0,0.0,0.0,,0,none
235107401,51.32961,1.4218217,0.1,335.2,172.0,0.0,0,2026-06-03 20:00:36.000000,MSSIS,False,WINDCAT 36,0,2HXH9,0.0,0.0,2.5,RAMSGATE  LAOSWF,49,none
257083000,63.10895,7.7444715,4.4,341.1,511.0,-731.3865,5,2026-06-03 20:00:36.000000,MSSIS,False,FRAMNAES,0,LAXE,0.0,0.0,0.0,,69,none
341087002,44.165928,28.644787,0.0,360.0,511.0,-731.3865,5,2026-06-03 20:00:36.000000,MSSIS,False,SEA ROSE 1,7711866,V4RA6,0.0,0.0,6.2,ROCND,70,none
224264850,36.49706,-4.823445,7.9,95.2,511.0,0.0,15,2026-06-03 20:00:35.000000,MSSIS,False,,0,,0.0,0.0,0.0,,37,none
225995894,41.387413,2.198935,2.0,360.0,135.0,0.0,15,2026-06-03 20:00:35.000000,MSSIS,False,,0,,0.0,0.0,0.0,,60,none
636016017,44.16407,28.64841,0.0,0.0,276.0,0.0,5,2026-06-03 20:00:36.000000,MSSIS,False,HISTRIA  AMBRA,9607631,D5DZ9,0.0,0.0,7.0,ROCND,89,none
373673000,44.335808,28.677706,0.0,0.0,3.0,0.0,5,2026-06-03 20:00:36.000000,MSSIS,False,GABRIELA H,9147863,3EFN6,0.0,0.0,3.5,ROMID,70,none
352002086,31.717094,35.999355,0.0,360.0,319.0,0.0,0,2026-06-03 20:00:36.000000,MSSIS,False,LIDER PERIHAN,9499539,3E3769,0.0,0.0,7.7,RUNVS,71,none
232003964,50.908,-1.4418334,0.1,265.6,291.0,0.0,5,2026-06-03 20:00:36.000000,MSSIS,False,SS SHIELDHALL,5322752,GNGE,0.0,0.0,3.5,GB SOU,60,none
232047642,39.559444,2.6293015,0.0,168.5,193.0,0.0,15,2026-06-03 20:00:35.000000,MSSIS,False,,0,MNQZ5,0.0,0.0,0.0,,37,none
247335800,44.411285,8.920143,0.0,80.3,511.0,-731.3865,3,2026-06-03 20:00:36.000000,MSSIS,False,MALTA,9647411,IJIC2,0.0,0.0,4.5,ITGOA,52,none
211397410,54.093246,12.138721,0.0,0.0,0.0,0.0,15,2026-06-03 20:00:35.000000,MSSIS,False,DIANA,0,,0.0,0.0,0.0,,0,none
213010000,42.152626,41.648354,0.1,103.8,511.0,0.0,15,2026-06-03 20:00:32.000000,MSSIS,False,,0,4LPO2,0.0,0.0,0.0,,30,none
227192910,56.05477,20.91491,5.3,350.0,511.0,0.0,15,2026-06-03 20:00:32.000000,MSSIS,False,,0,FAB3328,0.0,0.0,0.0,,37,none
244372228,51.898357,5.64443,8.6,284.0,282.0,0.0,0,2026-06-03 20:00:31.000000,MSSIS,False,MERSCH,0,PF4234,0.0,0.0,1.4,AMSTERDAM AMERIKAHA,89,none
205383010,51.232327,4.4152565,0.0,360.0,511.0,0.0,15,2026-06-03 20:00:32.000000,MSSIS,False,,0,OR3830,0.0,0.0,0.0,,37,none
215000776,43.514614,6.939145,0.0,360.0,291.0,0.0,15,2026-06-03 20:00:35.000000,MSSIS,False,,0,9HB5548,0.0,0.0,0.0,,37,none
368143040,33.9816,-118.44497,0.0,360.0,511.0,0.0,15,2026-06-03 20:00:35.000000,MSSIS,False,GRACE,0,,0.0,0.0,0.0,,0,none
368095680,47.657597,-122.3802,0.0,360.0,511.0,0.0,15,2026-06-03 20:00:35.000000,MSSIS,False,,0,WDK8598,0.0,0.0,0.0,,37,none
202279108,47.025723,-2.3025067,0.1,23.5,511.0,0.0,15,2026-06-03 20:00:35.000000,MSSIS,False,,0,HERB,0.0,0.0,0.0,,36,none
367746720,38.100273,-121.70879,3.7,176.5,511.0,-731.3865,5,2026-06-03 20:00:36.000000,MSSIS,False,SEA W,0,WDI9242,0.0,0.0,1.9,SAN RAFAEL,99,none
368419740,59.907177,10.726035,0.1,360.0,511.0,0.0,15,2026-06-03 20:00:35.000000,MSSIS,False,,0,WDQ3768,0.0,0.0,0.0,,37,none
220127000,57.492554,10.507796,0.0,286.0,55.0,0.0,7,2026-06-03 20:00:37.000000,MSSIS,False,FN 261 STJERNE,0,OWRI,0.0,0.0,3.0,STRANDBY,30,none
201100143,35.430737,13.29624,0.6,145.7,228.0,-720.00323,7,2026-06-03 20:00:37.000000,MSSIS,False,OPEN BALKAN,7922233,ZADH6,0.0,0.0,5.3,ENGAGED IN FISHING,30,none
219000581,56.697777,8.215487,0.0,118.6,511.0,0.0,15,2026-06-03 20:00:35.000000,MSSIS,False,NORTH SEA COLLEGE,0,,0.0,0.0,0.0,,0,none
244078768,51.8207,4.692158,0.0,360.0,511.0,-731.3865,0,2026-06-03 20:00:37.000000,MSSIS,False,HILDA S,0,PF6761,0.0,0.0,0.0,,89,none
338423752,47.32878,-122.55162,2.9,290.6,511.0,0.0,15,2026-06-03 20:00:35.000000,MSSIS,False,,0,,0.0,0.0,0.0,,37,none
367434290,48.50191,-122.60603,0.0,0.0,511.0,-731.3865,0,2026-06-03 20:00:37.000000,MSSIS,False,ZEALOT,0,WCZ6322,0.0,0.0,3.4,,30,none
244615104,51.824387,4.122073,0.1,120.0,511.0,0.0,15,2026-06-03 20:00:35.000000,MSSIS,False,,0,PC6294,0.0,0.0,0.0,,36,none
227811990,47.54261,-2.896755,0.0,358.9,511.0,0.0,15,2026-06-03 20:00:35.000000,MSSIS,False,,0,FAE7814,0.0,0.0,0.0,,36,none
211105000,53.512455,6.96015,2.7,354.0,352.0,-720.00323,5,2026-06-03 20:00:37.000000,MSSIS,False,ANNA,8933576,DQUQ,0.0,0.0,1.0,NORDDEICH,30,none
368190390,48.757023,-122.5059,0.0,160.1,119.0,0.0,15,2026-06-03 20:00:35.000000,MSSIS,False,WINDWAKER,0,,0.0,0.0,0.0,,0,none
636019068,39.267548,-76.58214,0.0,343.6,24.0,0.0,5,2026-06-03 20:00:37.000000,MSSIS,False,MAMMA MIA,9846548,D5SU3,0.0,0.0,7.2,US BAL,70,none
228140980,34.709892,33.16563,0.0,360.0,511.0,0.0,15,2026-06-03 20:00:35.000000,MSSIS,False,,0,FAJ8638,0.0,0.0,0.0,,37,none
245549000,51.961376,4.090367,0.0,360.0,276.0,0.0,5,2026-06-03 20:00:37.000000,MSSIS,False,RPA 7,0,PETK,0.0,0.0,2.0,ROTTERDAM,55,none
338401396,48.06272,-123.0406,0.0,360.0,511.0,0.0,15,2026-06-03 20:00:35.000000,MSSIS,False,,0,,0.0,0.0,0.0,,37,none
219000615,57.047302,10.068198,0.0,72.1,159.0,0.0,5,2026-06-03 20:00:37.000000,MSSIS,False,TOSTE R,9042087,OVPK2,0.0,0.0,2.7,DK AAL,33,none
228329000,47.874905,-3.9092267,0.0,294.7,225.0,0.0,0,2026-06-03 20:00:37.000000,MSSIS,False,FV NAUSICAA,0,FKJW,0.0,0.0,0.0,ROUTE PECHE,30,none
338395089,38.887054,-76.43982,5.7,66.4,511.0,0.0,15,2026-06-03 20:00:35.000000,MSSIS,False,,0,,0.0,0.0,0.0,,36,none
982570236,41.89477,-87.582375,0.4,360.0,511.0,0.0,15,2026-06-03 20:00:35.000000,MSSIS,False,,0,LAGY8,0.0,0.0,0.0,,37,none
538011992,25.959307,-97.37625,0.0,209.3,248.0,0.0,5,2026-06-03 20:00:37.000000,MSSIS,False,MDS APHRODITE,9480708,V7A3783,0.0,0.0,9.3,US BRO,70,none
368107940,33.83335,-78.68581,7.4,70.3,511.0,0.0,15,2026-06-03 20:00:35.000000,MSSIS,False,NICOLE MARIE,0,,0.0,0.0,0.0,,0,none
269057418,45.125004,-0.6671183,0.0,254.1,162.0,0.0,0,2026-06-03 20:00:37.000000,MSSIS,False,VIKING FORSETI,0,HE7418,0.0,0.0,0.0,LIBOURNE,60,none
244434000,53.337784,5.2693367,0.0,360.0,202.0,0.0,15,2026-06-03 20:00:37.000000,MSSIS,False,TX98FENNAPIETERNELLA,0,PG4457,0.0,0.0,0.4,,30,none
368251730,41.655666,-82.815636,0.7,0.0,59.0,0.0,15,2026-06-03 20:00:35.000000,MSSIS,False,,0,WDM9335,0.0,0.0,0.0,,37,none
369970064,38.963043,-76.45007,4.9,114.8,511.0,0.0,15,2026-06-03 20:00:35.000000,MSSIS,False,GALLANT,0,,0.0,0.0,0.0,,0,none
250005981,51.79597,4.640465,0.1,352.6,205.0,0.0,5,2026-06-03 20:00:37.000000,MSSIS,False,ARKLOW ARCHER,9851969,EIWY5,0.0,0.0,7.4,NLRTM,70,none
338206162,28.183819,-80.609604,0.0,360.0,511.0,0.0,15,2026-06-03 20:00:35.000000,MSSIS,False,CONTRAIL,0,,0.0,0.0,0.0,,0,none
215763000,43.550823,7.0158134,0.0,2.6,168.0,0.0,5,2026-06-03 20:00:37.000000,MSSIS,False,ADVA,0,9HB7192,0.0,0.0,2.3,CANNES,37,none
431602079,34.42374,129.03506,5.6,190.6,511.0,0.0,15,2026-06-03 20:00:36.000000,MSSIS,False,,0,,0.0,0.0,0.0,,30,none
207236000,43.19509,27.91207,0.0,0.0,511.0,0.0,15,2026-06-03 20:00:36.000000,MSSIS,False,GOLDEN EAGLE TUG,0,,0.0,0.0,0.0,,0,none
564880000,1.2622417,103.83801,0.0,43.0,313.0,0.0,5,2026-06-03 20:00:37.000000,MSSIS,False,KOTA HALUS,9238612,9V8258,0.0,0.0,6.8,SGSIN,70,none
538007825,43.203342,5.049615,5.6,347.9,346.0,-1.1160072,0,2026-06-03 20:00:37.000000,MSSIS,False,SEACHARM,9773765,V7FS2,0.0,0.0,13.4,FR FOS,80,none
338483901,41.668255,-71.28739,0.1,360.0,511.0,0.0,15,2026-06-03 20:00:40.000000,MSSIS,False,DAYSTAR,0,,0.0,0.0,0.0,,0,none
255912960,43.87828,8.022652,0.0,105.3,258.0,0.0,5,2026-06-03 20:00:40.000000,MSSIS,False,DIONE STAR,9017692,CRA7129,0.0,0.0,3.8,IMPERIA,37,none
219003446,55.20854,11.717295,0.1,360.0,511.0,0.0,15,2026-06-03 20:00:40.000000,MSSIS,False,EMMA UGGERBY,0,,0.0,0.0,0.0,,0,none
224375000,38.701214,1.3859466,0.0,178.3,158.0,0.0,1,2026-06-03 20:00:40.000000,MSSIS,False,SY PASSE PARTOUT BCN,0,EAMF,0.0,0.0,5.4,IBIZA FORMENTERA,36,none
235090738,37.21542,-6.950015,0.0,139.0,511.0,0.0,15,2026-06-03 20:00:40.000000,MSSIS,False,VAILA,0,,0.0,0.0,0.0,,0,none
642122089,35.960148,14.513643,11.4,144.3,511.0,-731.3865,7,2026-06-03 20:00:40.000000,MSSIS,False,LATHRON,8659895,5AVX,0.0,0.0,0.0,,30,none
538008174,37.214054,-1.7600267,0.1,211.9,76.0,-0.7142446,1,2026-06-03 20:00:40.000000,MSSIS,False,YASA SATURN,9848144,V7A2044,0.0,0.0,7.3,ESGAR,70,none
219030124,57.0624,9.700068,0.0,360.0,511.0,0.0,15,2026-06-03 20:00:40.000000,MSSIS,False,DA CAPO,0,,0.0,0.0,0.0,,0,none
352003701,59.856037,25.906101,0.1,282.7,115.0,0.0,1,2026-06-03 20:00:40.000000,MSSIS,False,PINGHE,9455856,3E5808,0.0,0.0,8.8,UST LUGA,70,none
319006800,44.393276,8.937525,0.0,148.7,511.0,-731.3865,5,2026-06-03 20:00:40.000000,MSSIS,False,GRACE,1010181,ZCYN6,0.0,0.0,3.3,GENOA,37,none
235097843,36.148903,-5.354275,0.0,77.8,511.0,0.0,15,2026-06-03 20:00:40.000000,MSSIS,False,GRACE,0,,0.0,0.0,0.0,,0,none
538004443,44.10063,28.654741,0.0,192.8,3.0,0.0,5,2026-06-03 20:00:40.000000,MSSIS,False,DEVBULK ALARA,9449895,V7XB9,0.0,0.0,6.0,RO CND,70,none
316039206,43.201275,-79.20752,6.9,160.7,511.0,0.0,15,2026-06-03 20:00:40.000000,MSSIS,False,OLIVE MARTINI,0,,0.0,0.0,0.0,,0,none
225996368,43.32164,-3.0166817,0.0,0.0,511.0,-731.3865,15,2026-06-03 20:00:40.000000,MSSIS,False,PILOT A,0,,0.0,0.0,25.5,,50,none
745005800,4.853667,-52.276955,0.0,266.4,270.0,0.0,0,2026-06-03 20:00:40.000000,MSSIS,False,FREGATE,9828467,FLBR,0.0,0.0,5.5,DDC,52,none
236111337,36.160053,-5.3587384,0.0,360.0,511.0,0.0,15,2026-06-03 20:00:40.000000,MSSIS,False,,0,ZDGW9,0.0,0.0,0.0,,37,none
369493046,43.34506,-124.322754,0.1,1.6,511.0,-34.997986,5,2026-06-03 20:00:40.000000,MSSIS,False,CG47299,0,,0.0,0.0,0.0,,51,none
232013521,39.667053,-75.53165,16.6,222.9,223.0,0.0,0,2026-06-03 20:00:40.000000,MSSIS,False,SPIRIT OF MELBOURNE,9362413,MCMB2,0.0,0.0,8.6,US CHS,79,none
224257330,40.56814,0.587805,7.9,357.5,511.0,0.0,15,2026-06-03 20:00:40.000000,MSSIS,False,CARLOS NELETA,0,,0.0,0.0,0.0,,0,none
338071768,26.91516,-82.463356,7.1,170.1,511.0,0.0,15,2026-06-03 20:00:40.000000,MSSIS,False,,0,FL4987P,0.0,0.0,0.0,,97,none
368391450,38.83667,-76.53062,0.0,4.7,91.0,0.0,15,2026-06-03 20:00:40.000000,MSSIS,False,,0,WDP8546,0.0,0.0,0.0,,36,none
244040167,14.1524315,-60.97287,9.4,195.9,511.0,0.0,15,2026-06-03 20:00:40.000000,MSSIS,False,,0,PD4161,0.0,0.0,0.0,,36,none
211839400,14.469963,-60.866203,0.0,360.0,511.0,0.0,15,2026-06-03 20:00:40.000000,MSSIS,False,AREAREA,0,,0.0,0.0,0.0,,0,none
538072507,48.85713,-123.49885,0.0,18.2,101.0,0.0,15,2026-06-03 20:00:40.000000,MSSIS,False,,0,,0.0,0.0,0.0,,37,none
338362963,35.669926,-76.038414,6.2,61.1,511.0,0.0,15,2026-06-03 20:00:40.000000,MSSIS,False,,0,,0.0,0.0,0.0,,36,none
211712370,54.680817,9.994703,0.0,360.0,511.0,0.0,15,2026-06-03 20:00:41.000000,MSSIS,False,,0,DC8600,0.0,0.0,0.0,,37,none
215000838,54.917385,9.76581,0.0,33.6,329.0,0.0,5,2026-06-03 20:00:41.000000,MSSIS,False,MERMAID SIX,0,9HB5609,0.0,0.0,2.4,DK SGD,37,none
367611310,48.089954,-122.46112,6.5,319.4,511.0,0.0,15,2026-06-03 20:00:41.000000,MSSIS,False,,0,,0.0,0.0,0.0,,36,none
247393400,39.081104,9.034257,0.3,293.8,333.0,720.00323,5,2026-06-03 20:00:41.000000,MSSIS,False,VINCENZINO O,9855719,INPW2,0.0,0.0,6.4,SARROCH,52,none
538006310,51.798725,3.356035,0.2,334.9,223.0,-2.8569784,1,2026-06-03 20:00:41.000000,MSSIS,False,SEAGAS LOYALTY,9710335,V7LO9,0.0,0.0,5.2,NLTNZ,89,none
207824450,43.19332,27.905592,0.0,0.0,511.0,0.0,15,2026-06-03 20:00:41.000000,MSSIS,False,,0,LZH2445,0.0,0.0,0.0,,37,none
247381850,43.819565,7.794698,0.0,360.0,511.0,0.0,15,2026-06-03 20:00:41.000000,MSSIS,False,BLUE ANGEL,0,,0.0,0.0,0.0,,0,none
440400450,35.11557,129.2549,0.7,25.2,511.0,-731.3865,0,2026-06-03 20:00:41.000000,MSSIS,False,TAECHANG,0,501,0.0,0.0,0.0,,0,none
636018062,31.451712,31.770264,0.0,56.4,46.0,0.0,5,2026-06-03 20:00:41.000000,MSSIS,False,AGIOS FANOURIOS,9465368,D5NZ7,0.0,0.0,5.7,TRISKEGDAM,79,none
563159300,38.4632,-9.749655,6.0,78.8,77.0,6.4282017,0,2026-06-03 20:00:41.000000,MSSIS,False,ATLANTIC EXPRESS,9330850,9V8095,0.0,0.0,7.5,PTLIS,74,none
247281100,33.975807,-25.452162,18.2,262.9,263.0,0.0,0,2026-06-03 20:00:41.000000,MSSIS,False,GRANDE MAROCCO,9437907,IBOQ,0.0,0.0,8.9,ESVLCUSFPO,70,none
227953830,43.359577,5.298828,0.0,360.0,511.0,0.0,15,2026-06-03 20:00:41.000000,MSSIS,False,SOUMAZERA,0,,0.0,0.0,0.0,,0,none
270413000,50.093307,14.420713,0.0,360.0,511.0,-731.3865,0,2026-06-03 20:00:31.000000,MSSIS,False,HAMBURG,0,OL6195,0.0,0.0,0.9,,69,none
368057440,26.117529,-80.141556,0.0,360.0,511.0,0.0,15,2026-06-03 20:00:32.000000,MSSIS,False,RUTH ANNE,0,,0.0,0.0,0.0,,0,none
211796120,51.8033,4.6293917,0.0,14.9,511.0,-731.3865,0,2026-06-03 20:00:31.000000,MSSIS,False,JULIENNE,0,DF2168,0.0,0.0,1.4,REGENSBURG,81,none
232031892,49.271732,-123.1307,0.0,360.0,511.0,0.0,15,2026-06-03 20:00:32.000000,MSSIS,False,ORCASTRAIT,0,,0.0,0.0,0.0,,0,none
244386752,53.103786,6.044367,0.0,360.0,511.0,0.0,15,2026-06-03 20:00:32.000000,MSSIS,False,HEERENLEED,0,,0.0,0.0,0.0,,0,none
251844340,65.62928,-24.071785,0.2,33.4,511.0,0.0,15,2026-06-03 20:00:32.000000,MSSIS,False,NONNI HEBBA,0,,0.0,0.0,0.0,,0,none
230708000,61.132847,21.441988,0.0,17.5,312.0,0.0,0,2026-06-03 20:00:31.000000,MSSIS,False,VICTORIA,7321659,OJUP,0.0,0.0,5.0,HARBOUR ASSISTANCE,52,none
227008540,43.00341,6.1996517,4.9,99.9,511.0,0.0,15,2026-06-03 20:00:36.000000,MSSIS,False,,0,FGA3638,0.0,0.0,0.0,,67,none
244100056,54.876472,12.365178,5.4,33.8,511.0,0.0,15,2026-06-03 20:00:36.000000,MSSIS,False,SALICORNIA,0,,0.0,0.0,0.0,,0,none
219035821,54.36902,10.113606,0.0,14.5,105.0,0.0,5,2026-06-03 20:00:37.000000,MSSIS,False,FORTUNA B,7349455,OWAG2,0.0,0.0,4.3,DE KEL,99,none
338360213,41.807644,-71.118645,4.6,194.8,511.0,-45.711655,0,2026-06-03 20:00:37.000000,MSSIS,False,RESCUE,0,,0.0,0.0,1.0,WICKFORD,52,none
563030050,1.2417116,103.89652,5.7,117.6,511.0,-731.3865,8,2026-06-03 20:00:37.000000,MSSIS,False,PILOT GP60,0,9V2981,0.0,0.0,2.0,,29,none
431200673,38.2735,141.00624,0.0,260.0,286.0,0.0,5,2026-06-03 20:00:37.000000,MSSIS,False,KISO,9294317,JD2019,0.0,0.0,6.7,JP TMK C,60,none
257371500,59.411385,5.25955,0.0,81.3,312.0,0.0,5,2026-06-03 20:00:37.000000,MSSIS,False,TRAENEN,7607106,LEZR,0.0,0.0,0.0,HGSD,70,none
613003603,45.41919,28.288021,0.0,310.8,358.0,0.0,5,2026-06-03 20:00:36.000000,MSSIS,False,KIRILOVICH,7740491,TJM5194,0.0,0.0,2.6,UA RNI,70,none
355893000,9.377004,-79.891205,0.1,231.4,232.0,0.0,0,2026-06-03 20:00:36.000000,MSSIS,False,LUPO,9734290,HP9716,0.0,0.0,5.2,PA MIT,52,none
503097530,-10.63065,141.82216,18.6,251.4,251.0,0.0,0,2026-06-03 20:00:37.000000,MSSIS,False,PV KELANI,0,456840,0.0,0.0,1.3,THURSDAY ISLAND,50,none
273341110,36.731476,26.844912,7.5,324.5,325.0,0.0,0,2026-06-03 20:00:37.000000,MSSIS,False,VIKTOR BORISOV,7801908,UBVT,0.0,0.0,0.0,RU NVS,70,none
538011709,35.021343,129.06314,0.3,134.2,192.0,1.6070504,1,2026-06-03 20:00:37.000000,MSSIS,False,METIS CHALLENGER,9866586,V7A3338,0.0,0.0,12.5,KRPUS,70,none
246740000,36.48566,-4.953952,0.0,360.0,511.0,0.0,15,2026-06-03 20:00:36.000000,MSSIS,False,,0,PDUV,0.0,0.0,0.0,,37,none
538012123,10.308595,123.9267,0.0,325.1,318.0,0.0,5,2026-06-03 20:00:37.000000,MSSIS,False,SPRING PROSPER,9559705,V7A4002,0.0,0.0,9.2,PH CEB,70,none
227350310,43.539932,-7.0362816,0.0,360.0,511.0,0.0,15,2026-06-03 20:00:36.000000,MSSIS,False,,0,FS7672,0.0,0.0,0.0,,37,none
477183600,5.2169266,-4.06554,0.4,360.0,242.0,-1.1160072,1,2026-06-03 20:00:37.000000,MSSIS,False,BBG CONFIDENCE,9735830,VRRX3,0.0,0.0,11.2,CI ABJ,70,none
247265200,43.5459,10.297508,0.0,360.0,511.0,-731.3865,0,2026-06-03 20:00:37.000000,MSSIS,False,GIUSEPPE CUCCO,8942747,IWYU,0.0,0.0,2.5,LIVORNO,33,none
225985485,41.557346,2.5047116,0.1,360.0,511.0,0.0,15,2026-06-03 20:00:36.000000,MSSIS,False,,0,EA5665,0.0,0.0,0.0,,36,none
203248389,37.59646,-0.97956836,0.0,0.0,0.0,0.0,15,2026-06-03 20:00:36.000000,MSSIS,False,APOLLONIA,0,,0.0,0.0,0.0,,0,none
232035462,36.13327,-5.3564134,0.0,360.0,511.0,-731.3865,15,2026-06-03 20:00:37.000000,MSSIS,False,HMS DAGGER,0,GDLU,0.0,0.0,0.0,,35,none
203246280,57.495804,-1.7901833,0.1,16.2,511.0,0.0,15,2026-06-03 20:00:36.000000,MSSIS,False,,0,OEX6280,0.0,0.0,0.0,,36,none
251396240,63.443592,-20.268778,0.0,261.3,511.0,0.0,15,2026-06-03 20:00:36.000000,MSSIS,False,,0,6089,0.0,0.0,0.0,,30,none
251573540,66.094154,-18.39988,8.1,193.2,511.0,0.0,15,2026-06-03 20:00:36.000000,MSSIS,False,KORMAKUR,0,,0.0,0.0,0.0,,0,none
251192840,66.05068,-21.547886,0.1,20.8,511.0,0.0,15,2026-06-03 20:00:36.000000,MSSIS,False,,0,7321,0.0,0.0,0.0,,30,none
338188319,41.865578,-87.61192,0.0,360.0,511.0,0.0,15,2026-06-03 20:00:36.000000,MSSIS,False,,0,,0.0,0.0,0.0,,37,none
368283490,42.974674,-82.4224,0.0,131.2,511.0,0.0,15,2026-06-03 20:00:36.000000,MSSIS,False,,0,WDN4709,0.0,0.0,0.0,,37,none
205588790,51.696537,4.4718485,7.3,279.0,278.0,0.0,0,2026-06-03 20:00:37.000000,MSSIS,False,VENTURA,0,OT5887,0.0,0.0,2.3,PUURS,79,none
338125224,39.31156,-74.5364,0.0,49.0,511.0,0.0,15,2026-06-03 20:00:36.000000,MSSIS,False,,0,,0.0,0.0,0.0,,37,none
231807000,55.26844,9.88813,0.0,0.0,296.0,0.0,0,2026-06-03 20:00:37.000000,MSSIS,False,SVITZER ODEN,9342451,OZ2116,0.0,0.0,6.2,DKASN,52,none
338396609,38.328594,-75.10346,0.0,48.3,94.0,0.0,15,2026-06-03 20:00:36.000000,MSSIS,False,,0,EB,0.0,0.0,0.0,,37,none
367008550,46.204437,-123.76286,0.2,146.4,511.0,0.0,15,2026-06-03 20:00:36.000000,MSSIS,False,COLUMBIA,0,,0.0,0.0,0.0,,0,none
538012766,54.384914,18.661818,0.0,358.7,222.0,0.0,5,2026-06-03 20:00:37.000000,MSSIS,False,MEHMET DADAYLI,9749984,V7B3290,0.0,0.0,6.2,PL GDN,70,none
338247491,25.906057,-80.12562,0.2,360.0,7.0,0.0,15,2026-06-03 20:00:36.000000,MSSIS,False,,0,,0.0,0.0,0.0,,37,none
368342310,45.601585,-122.65618,0.0,134.8,102.0,0.0,15,2026-06-03 20:00:36.000000,MSSIS,False,,0,WDP3106,0.0,0.0,0.0,,37,none
265609520,59.33147,18.076612,0.0,360.0,511.0,0.0,15,2026-06-03 20:00:37.000000,MSSIS,False,MS GUSTAF III,0,,0.0,0.0,0.0,,0,none
338543955,47.810307,-122.38907,0.0,178.1,511.0,0.0,15,2026-06-03 20:00:37.000000,MSSIS,False,SMOKED SALMON,0,,0.0,0.0,0.0,,0,none
244660180,52.690174,6.1574235,0.0,360.0,358.0,0.0,5,2026-06-03 20:00:37.000000,MSSIS,False,VOLONTA,0,PD8027,0.0,0.0,0.0,RHEINFELDEN,79,none
366868740,41.44965,-124.50988,8.0,170.0,511.0,0.0,15,2026-06-03 20:00:32.000000,MSSIS,False,,0,WDA9767,0.0,0.0,0.0,,30,none
368128490,46.170444,-123.05288,0.7,360.0,511.0,0.0,15,2026-06-03 20:00:32.000000,MSSIS,False,,0,WDL4137,0.0,0.0,0.0,,37,none
338227527,30.283833,-87.563934,0.1,265.2,511.0,0.0,15,2026-06-03 20:00:32.000000,MSSIS,False,,0,,0.0,0.0,0.0,,37,none
341650000,40.98193,28.93604,0.0,0.0,511.0,-731.3865,1,2026-06-03 20:00:32.000000,MSSIS,False,KARELIS71,9383883,V4TS3,0.0,0.0,0.0,TR BDM,70,none
227091690,42.041656,-70.18262,0.0,64.6,511.0,0.0,15,2026-06-03 20:00:32.000000,MSSIS,False,ADELA SOLOSAILOR,0,,0.0,0.0,0.0,,0,none
338132851,30.333498,-81.612465,0.0,88.0,511.0,0.0,15,2026-06-03 20:00:32.000000,MSSIS,False,,0,WSL5671,0.0,0.0,0.0,,52,none
257086150,70.57262,23.39071,0.0,25.2,511.0,-731.3865,0,2026-06-03 20:00:32.000000,MSSIS,False,REPVAAG,0,LH3644,0.0,0.0,2.0,90171821,70,none
219027759,34.596664,129.76239,10.9,312.8,313.0,0.0,0,2026-06-03 20:00:32.000000,MSSIS,False,NORDAGER MAERSK,9885154,OYJO2,0.0,0.0,8.3,JP HBK  KR BUS,71,none
304080000,51.33502,2.6347833,0.1,328.7,213.0,0.0,1,2026-06-03 20:00:32.000000,MSSIS,False,AURORA,9234989,V2GS9,0.0,0.0,9.1,WANDELAAR ANCHORAGE,70,none
205515690,51.25539,4.3786716,0.8,64.9,511.0,-731.3865,0,2026-06-03 20:00:32.000000,MSSIS,False,ANTVERPIA,0,OT5156,0.0,0.0,0.2,ASIADOK,89,none
205243000,51.32263,3.2027516,0.0,0.0,511.0,-731.3865,15,2026-06-03 20:00:32.000000,MSSIS,False,Z48DE MARIA ANTONIA,8972986,OPTE,0.0,0.0,4.5,KEEP SAFE DISTANCE,30,none
244650950,51.309376,4.3187366,7.7,157.0,511.0,-731.3865,0,2026-06-03 20:00:32.000000,MSSIS,False,NOMADE,0,PI3340,0.0,0.0,2.2,MERKSEM,70,none
375679000,4.73705,-6.6177835,0.0,220.0,248.0,0.0,0,2026-06-03 20:00:32.000000,MSSIS,False,VB JAMSAH,9204465,J8B6186,0.0,0.0,4.5,SAN PEDRO,52,none
375086000,43.8189,7.78772,0.0,271.0,85.0,0.0,5,2026-06-03 20:00:32.000000,MSSIS,False,CIAO,0,J8Y4590,0.0,0.0,2.4,SANREMO,97,none
227629160,43.002453,6.20054,0.2,325.1,511.0,0.0,15,2026-06-03 20:00:37.000000,MSSIS,False,,0,FGE3482,0.0,0.0,0.0,,36,none
338427575,37.76707,-122.28588,0.0,360.0,511.0,0.0,15,2026-06-03 20:00:37.000000,MSSIS,False,,0,,0.0,0.0,0.0,,36,none
244690027,51.874683,4.6249585,0.0,12.5,511.0,-731.3865,5,2026-06-03 20:00:37.000000,MSSIS,False,CALYPSO,0,PD3667,0.0,0.0,1.2,NIJMEGEN,60,none
338407364,32.72679,-117.20991,0.0,257.9,264.0,0.0,15,2026-06-03 20:00:37.000000,MSSIS,False,WINTER ROSE,0,,0.0,0.0,0.0,,0,none
232025974,57.140423,-2.0804217,0.0,325.0,89.0,0.0,0,2026-06-03 20:00:37.000000,MSSIS,False,FS AQUARIUS,9557666,MGQQ4,0.0,0.0,4.2,ABERDEEN,90,none
367640890,33.9208,-78.0616,0.0,244.2,277.0,0.0,15,2026-06-03 20:00:37.000000,MSSIS,False,,0,WDH6712,0.0,0.0,0.0,,37,none
261159000,50.764748,-0.24434334,0.2,119.3,195.0,0.0,1,2026-06-03 20:00:37.000000,MSSIS,False,TOLLUND,9088287,SNNG,0.0,0.0,5.8,GBSHO,70,none
211511160,53.025116,8.869568,0.0,0.0,511.0,-731.3865,0,2026-06-03 20:00:37.000000,MSSIS,False,PANTHER,0,DA5645,0.0,0.0,0.3,BRANDENBURG,79,none
235054856,50.862198,-1.312635,0.1,360.0,511.0,0.0,15,2026-06-03 20:00:37.000000,MSSIS,False,LILY OF HAMBLE,0,,0.0,0.0,0.0,,0,none
636015783,31.717106,35.999355,0.0,272.6,348.0,0.0,5,2026-06-03 20:00:37.000000,MSSIS,False,SAFI LION,9616096,D5CU4,0.0,0.0,7.5,ILHFA,79,none
316001235,48.577106,-123.46762,0.0,30.3,241.0,0.0,0,2026-06-03 20:00:38.000000,MSSIS,False,KLITSA,7228481,CZ3072,0.0,0.0,0.0,0,60,none
211789430,51.59253,3.7184033,0.1,360.0,511.0,0.0,15,2026-06-03 20:00:37.000000,MSSIS,False,,0,DB2054,0.0,0.0,0.0,,36,none
367449320,26.776236,-80.04035,0.0,217.8,511.0,0.0,15,2026-06-03 20:00:37.000000,MSSIS,False,,0,,0.0,0.0,0.0,,37,none
316053493,44.92156,-79.384254,0.0,360.0,511.0,-731.3865,5,2026-06-03 20:00:38.000000,MSSIS,False,WENONAH II,823618,,0.0,0.0,0.0,,60,none
367683520,29.682945,-93.40772,3.0,317.0,511.0,0.0,15,2026-06-03 20:00:37.000000,MSSIS,False,,0,WDI2960,0.0,0.0,0.0,,30,none
316318000,47.60257,-56.135895,10.4,110.6,115.0,0.0,4,2026-06-03 20:00:38.000000,MSSIS,False,MARINE EAGLE,8702068,,0.0,0.0,3.0,,60,none
316017701,48.34579,-69.38903,0.0,320.1,511.0,-731.3865,0,2026-06-03 20:00:38.000000,MSSIS,False,LHERITAGE I,73977250,VORK,0.0,0.0,2.0,LES ESCOUMINS,60,none
338300577,29.543419,-95.04145,0.1,166.6,511.0,0.0,15,2026-06-03 20:00:37.000000,MSSIS,False,,0,,0.0,0.0,0.0,,36,none
368131790,40.7106,-74.04731,0.0,170.1,511.0,0.0,15,2026-06-03 20:00:37.000000,MSSIS,False,BLUEBIRD,0,,0.0,0.0,0.0,,0,none
228247880,41.91469,8.746255,7.8,35.1,29.0,0.0,15,2026-06-03 20:00:37.000000,MSSIS,False,CORIOLIS,0,,0.0,0.0,0.0,,0,none
244013033,52.33157,5.217905,0.1,76.6,511.0,0.0,15,2026-06-03 20:00:37.000000,MSSIS,False,,0,PG4814,0.0,0.0,0.0,,36,none
235111551,47.54242,-2.897275,0.0,0.0,511.0,0.0,15,2026-06-03 20:00:37.000000,MSSIS,False,,0,2IOV6,0.0,0.0,0.0,,36,none
338471057,37.512863,-122.19262,0.0,360.0,511.0,0.0,15,2026-06-03 20:00:37.000000,MSSIS,False,,0,JUMPOFF,0.0,0.0,0.0,,37,none
503012330,-27.458092,153.19063,0.0,328.7,511.0,0.0,15,2026-06-03 20:00:37.000000,MSSIS,False,,0,VL2751,0.0,0.0,0.0,,37,none
263441592,37.07587,-8.124438,0.0,360.0,511.0,0.0,15,2026-06-03 20:00:37.000000,MSSIS,False,,0,CRA9316,0.0,0.0,0.0,,36,none
258113650,60.41714,5.2431235,0.0,161.0,511.0,0.0,15,2026-06-03 20:00:37.000000,MSSIS,False,BLISS III,0,,0.0,0.0,0.0,,0,none
232055752,43.67778,10.274074,0.1,360.0,511.0,0.0,15,2026-06-03 20:00:37.000000,MSSIS,False,VANDERPLAS,0,,0.0,0.0,0.0,,0,none
235031011,37.597282,-0.97894835,0.0,0.0,0.0,0.0,15,2026-06-03 20:00:37.000000,MSSIS,False,,0,MHUW8,0.0,0.0,0.0,,37,none
232056861,12.045767,-61.749855,0.0,0.0,0.0,0.0,15,2026-06-03 20:00:37.000000,MSSIS,False,CRACKLIN ROSE,0,,0.0,0.0,0.0,,0,none
261007799,43.782654,7.52049,0.0,360.0,511.0,0.0,15,2026-06-03 20:00:37.000000,MSSIS,False,FIFTY FIFTY,0,,0.0,0.0,0.0,,0,none
244000729,52.331535,5.0704083,0.0,212.9,511.0,0.0,15,2026-06-03 20:00:37.000000,MSSIS,False,,0,PC4680,0.0,0.0,0.0,,70,none
244202261,43.565536,7.0807486,0.0,360.0,511.0,0.0,15,2026-06-03 20:00:37.000000,MSSIS,False,,0,,0.0,0.0,0.0,,37,none
244180074,53.405872,6.20292,0.0,5.8,511.0,0.0,15,2026-06-03 20:00:37.000000,MSSIS,False,,0,PI9071,0.0,0.0,0.0,,36,none
316002051,48.523296,-51.200726,3.8,1.7,511.0,0.0,15,2026-06-03 20:00:38.000000,MSSIS,False,,0,,0.0,0.0,0.0,,30,none
316010549,52.980644,-129.60065,0.1,360.0,511.0,0.0,15,2026-06-03 20:00:38.000000,MSSIS,False,,0,,0.0,0.0,0.0,,37,none
367747970,43.601112,-65.26197,6.1,15.1,511.0,0.0,15,2026-06-03 20:00:38.000000,MSSIS,False,,0,WDI9371,0.0,0.0,0.0,,37,none
338169191,44.35421,-76.02635,0.0,284.4,511.0,0.0,15,2026-06-03 20:00:38.000000,MSSIS,False,,0,,0.0,0.0,0.0,,37,none
228256760,46.149837,-1.2249817,0.0,360.0,340.0,0.0,15,2026-06-03 20:00:41.000000,MSSIS,False,,0,FAL5116,0.0,0.0,0.0,,30,none
577267000,22.629642,-109.98399,6.6,21.1,511.0,-731.3865,0,2026-06-03 20:00:41.000000,MSSIS,False,NAUTILUS EXPLORER,9224647,YJTW5,0.0,0.0,4.0,SAN BENEDICTO,37,none
368303220,42.246506,-70.967,0.0,360.0,511.0,-731.3865,5,2026-06-03 20:00:41.000000,MSSIS,False,PETER M MAHONEY,8964795,WDN6872,0.0,0.0,3.0,MARINE OPS,99,none
254643000,43.728764,7.420255,0.1,360.0,357.0,0.0,15,2026-06-03 20:00:41.000000,MSSIS,False,ALPHA PAPA,0,,0.0,0.0,0.0,,0,none
228251910,43.42216,6.746205,0.0,360.0,511.0,0.0,15,2026-06-03 20:00:41.000000,MSSIS,False,ROSA,0,,0.0,0.0,0.0,,0,none
211442990,53.553905,9.669347,0.0,360.0,511.0,0.0,15,2026-06-03 20:00:41.000000,MSSIS,False,,0,DG8060,0.0,0.0,0.0,,37,none
246202000,53.1709,5.410732,0.0,34.0,314.0,0.0,15,2026-06-03 20:00:41.000000,MSSIS,False,YE56 PIETER,9085247,PGSI,0.0,0.0,1.2,WADDENZEE,30,none
338131948,30.333382,-81.61221,0.0,78.2,511.0,0.0,15,2026-06-03 20:00:41.000000,MSSIS,False,,0,WSL5671,0.0,0.0,0.0,,52,none
211215500,53.505203,8.584857,0.0,169.0,169.0,0.0,0,2026-06-03 20:00:41.000000,MSSIS,False,WALTHER HERWIG III,9048392,DBFR,0.0,0.0,5.8,BREDO DOCK 3,30,none
257037140,48.75526,-62.791473,11.8,121.6,124.0,0.0,0,2026-06-03 20:00:41.000000,MSSIS,False,EK RIVER,9808259,LAEK8,0.0,0.0,7.5,NL VLI,89,none
368169360,42.35734,-124.631,12.9,352.3,351.0,0.0,0,2026-06-03 20:00:41.000000,MSSIS,False,STEADFAST,0,WDL8420,0.0,0.0,3.0,SEATTLE,37,none
244615505,52.563137,5.912948,0.0,360.0,511.0,-731.3865,0,2026-06-03 20:00:41.000000,MSSIS,False,SPES,0,PH3871,0.0,0.0,1.6,KAMPEN,37,none
319321400,44.133667,8.268508,0.0,125.2,26.0,0.0,5,2026-06-03 20:00:41.000000,MSSIS,False,ANDALA,0,ZGUR3,0.0,0.0,2.4,ITLOA,37,none
265507630,65.789444,23.300768,0.0,164.6,511.0,-731.3865,0,2026-06-03 20:00:41.000000,MSSIS,False,PILOT 778 SE,0,SIYM,0.0,0.0,2.2,,50,none
244700493,51.897003,4.4881015,0.0,49.0,309.0,0.0,5,2026-06-03 20:00:41.000000,MSSIS,False,MAASPOORT,0,PD3252,0.0,0.0,3.0,RAAMSDONKVEER,99,none
367060910,29.735504,-93.87468,16.4,306.6,302.0,-720.00323,0,2026-06-03 20:00:41.000000,MSSIS,False,WOLF RIVER,0,,0.0,0.0,0.0,,0,none
304880000,26.096766,-80.010735,6.8,305.4,297.0,0.0,0,2026-06-03 20:00:41.000000,MSSIS,False,GRAND EXPRESS,9607887,V2RC7,0.0,0.0,2.3,USPEF,70,none
440409790,35.119972,129.05032,0.1,205.4,511.0,-731.3865,8,2026-06-03 20:00:41.000000,MSSIS,False,ARAM,9248215,176801,0.0,0.0,4.7,BUSAN5P,80,none
230031000,60.166218,24.705696,0.0,64.4,511.0,-731.3865,0,2026-06-03 20:00:41.000000,MSSIS,False,FURUNOP,0,OJGJ,0.0,0.0,9.0,HANKO,90,none
338156031,27.511341,-82.558556,0.0,266.7,511.0,0.0,15,2026-06-03 20:00:41.000000,MSSIS,False,,0,,0.0,0.0,0.0,,37,none
367005250,25.787922,-80.229965,3.6,315.1,511.0,-731.3865,15,2026-06-03 20:00:41.000000,MSSIS,False,CHAMPION,7515183,WCZ7631,0.0,0.0,2.2,XX XXX,31,none
338395317,38.04557,-122.15594,0.0,360.0,511.0,0.0,15,2026-06-03 20:00:41.000000,MSSIS,False,,0,,0.0,0.0,0.0,,37,none
369970039,38.9843,-76.46703,0.0,168.3,511.0,-731.3865,5,2026-06-03 20:00:41.000000,MSSIS,False,YP703,220411505,YP703,0.0,0.0,3.5,ANNAPOLIS,99,none
368122630,26.77826,-80.040375,0.0,141.5,511.0,0.0,15,2026-06-03 20:00:41.000000,MSSIS,False,,0,,0.0,0.0,0.0,,37,none
215693000,29.682589,-95.00908,0.0,295.0,171.0,0.0,5,2026-06-03 20:00:41.000000,MSSIS,False,INEOS DOLPHIN,9799381,9HA5249,0.0,0.0,8.0,USHOU,89,none
367161930,46.16794,-123.91423,1.4,311.5,511.0,0.0,15,2026-06-03 20:00:41.000000,MSSIS,False,PACIFIC CONQUEST,0,,0.0,0.0,0.0,,0,none
244030629,53.85877,9.004165,9.9,63.5,62.0,0.0,0,2026-06-03 20:00:41.000000,MSSIS,False,ZILTBORG,9224142,PBWY,0.0,0.0,6.9,FIUKI,70,none
244700575,51.854588,5.877405,8.7,216.0,511.0,-731.3865,0,2026-06-03 20:00:41.000000,MSSIS,False,RACHEL,0,PD7707,0.0,0.0,0.0,,99,none
368468180,37.65674,-76.435265,0.0,360.0,511.0,0.0,15,2026-06-03 20:00:41.000000,MSSIS,False,GAYLE FORCE WINS,0,,0.0,0.0,0.0,,0,none
710011530,-2.554245,-44.376717,0.0,70.7,511.0,-731.3865,0,2026-06-03 20:00:40.000000,MSSIS,False,SOSSEGO VALE,9955890,PP68480,0.0,0.0,5.6,SAO LUISMA,52,none
271050970,38.76417,26.922405,0.4,292.0,244.0,-720.00323,0,2026-06-03 20:00:41.000000,MSSIS,False,ADAKALE,0,TCA7325,0.0,0.0,4.2,,52,none
677060900,38.873146,26.950872,5.3,269.0,271.0,0.7142446,0,2026-06-03 20:00:41.000000,MSSIS,False,KAPITAN SHYRIAGIN,9137234,5IM709,0.0,0.0,0.0,IZMIR,70,none
205077000,51.89911,-8.458195,0.0,145.0,75.0,0.0,5,2026-06-03 20:00:41.000000,MSSIS,False,Z483 JASMINE,9896787,OPBR,0.0,0.0,5.4,,30,none
257164500,68.1234,13.84846,0.0,0.0,213.0,0.0,7,2026-06-03 20:00:41.000000,MSSIS,False,GURATIND,0,LF5296,0.0,0.0,0.0,97785645 FISKEFELTET,0,none
563199200,58.456924,5.978832,0.0,218.8,326.0,0.0,5,2026-06-03 20:00:41.000000,MSSIS,False,ARMADA 78 08,9924314,9V8706,0.0,0.0,5.6,,99,none
244700893,52.15887,4.5144,0.0,20.5,7.0,0.0,5,2026-06-03 20:00:41.000000,MSSIS,False,GENDTIA,0,PD3002,0.0,0.0,1.4,LEIDEN  OPHEUSDEN,99,none
316002042,47.37925,-61.857094,0.0,122.2,511.0,0.0,15,2026-06-03 20:00:41.000000,MSSIS,False,,0,,0.0,0.0,0.0,,30,none
305992000,43.003105,3.6984866,8.3,191.1,195.0,0.0,0,2026-06-03 20:00:32.000000,MSSIS,False,JULIETA,9115913,V2QP4,0.0,0.0,5.2,ESTAR,70,none
319280200,43.69209,7.3407583,0.0,233.3,118.0,0.0,1,2026-06-03 20:00:32.000000,MSSIS,False,ANCORA,9930636,ZGRM4,0.0,0.0,2.8,BEAULIEU,37,none
261025910,54.179016,15.551405,0.0,0.0,511.0,-731.3865,0,2026-06-03 20:00:32.000000,MSSIS,False,KOL210,0,SPG2091,0.0,0.0,0.0,,30,none
636018396,22.363495,38.700962,0.5,72.3,346.0,0.0,0,2026-06-03 20:00:32.000000,MSSIS,False,SAKURA L,9792448,D5PM5,0.0,0.0,12.5,SA KAC,70,none
258027600,67.48847,15.455172,0.1,360.0,511.0,-731.3865,5,2026-06-03 20:00:32.000000,MSSIS,False,STORM,0,LH5644,0.0,0.0,0.0,FISHFARMS,40,none
304944000,54.559933,10.6294,14.2,83.4,85.0,-0.4017626,0,2026-06-03 20:00:32.000000,MSSIS,False,ALREK,9330953,V2BW4,0.0,0.0,5.4,SEVST,70,none
548014205,14.547082,120.92353,0.0,360.0,511.0,-731.3865,1,2026-06-03 20:00:32.000000,MSSIS,False,EAST  WIND 18,1080710,DUA4045,0.0,0.0,7.5,PRDP PASAY,70,none
237611000,40.18393,19.189308,16.4,301.3,299.0,0.0,0,2026-06-03 20:00:32.000000,MSSIS,False,KYDON PALACE,9204568,SYNR,0.0,0.0,7.0,ITBDS,69,none
215033000,38.68399,-9.19769,0.0,214.8,269.0,0.0,1,2026-06-03 20:00:32.000000,MSSIS,False,MED TUNCER,9830599,9HA4930,0.0,0.0,7.3,PTLIS,80,none
256000675,35.880222,14.498698,0.0,70.7,511.0,-731.3865,0,2026-06-03 20:00:32.000000,MSSIS,False,YAIZATUN DOS,0,9H8349,0.0,0.0,18.6,,30,none
431023966,35.28453,139.67639,0.0,148.2,235.0,0.0,0,2026-06-03 20:00:32.000000,MSSIS,False,HYUGA MARU,0,JD5385,0.0,0.0,3.8,JP YOS,52,none
369703000,44.835842,-125.680466,11.5,2.0,359.0,0.0,0,2026-06-03 20:00:32.000000,MSSIS,False,OCEAN RELIANCE,9275438,WADY,0.0,0.0,6.4,PAPS,89,none
367161570,33.348488,-118.31604,0.1,247.3,511.0,-731.3865,0,2026-06-03 20:00:32.000000,MSSIS,False,ISLAND EXPLORER 3,0,WDL7058,0.0,0.0,3.0,LBCATALINALB,6,none
367358240,40.811916,-73.7655,0.0,270.1,511.0,-731.3865,15,2026-06-03 20:00:32.000000,MSSIS,False,WEEKS 551,0,WBX3592,0.0,0.0,3.5,,33,none
567005642,8.56604,98.22449,0.0,360.0,511.0,0.0,15,2026-06-03 20:00:33.000000,MSSIS,False,EF22204,0,,0.0,0.0,0.0,,0,none
316005396,43.521534,-65.73712,0.0,0.0,511.0,0.0,15,2026-06-03 20:00:38.000000,MSSIS,False,,0,CH 16,0.0,0.0,0.0,,30,none
316005713,49.69948,-124.549614,0.0,148.4,511.0,-731.3865,0,2026-06-03 20:00:38.000000,MSSIS,False,PACIFIC FORCE,0,,0.0,0.0,11.0,,52,none
219023936,55.208393,11.716693,0.0,360.0,511.0,0.0,15,2026-06-03 20:00:38.000000,MSSIS,False,DELPHI,0,,0.0,0.0,0.0,,0,none
503117420,-27.892838,153.39886,0.0,360.0,511.0,0.0,15,2026-06-03 20:00:38.000000,MSSIS,False,,0,GQ935,0.0,0.0,0.0,,37,none
248618000,38.095547,20.29815,11.8,86.7,81.0,0.0,0,2026-06-03 20:00:38.000000,MSSIS,False,FALCO MOSCATA,9594030,9HA2440,0.0,0.0,2.5,KEFALONIA,37,none
372449000,13.159088,100.882996,0.0,138.3,197.0,0.0,5,2026-06-03 20:00:38.000000,MSSIS,False,FOREST HARMONY,9357896,3EJA,0.0,0.0,6.8,TH SRI,70,none
257194000,69.996605,19.723577,12.2,212.5,209.0,0.0,0,2026-06-03 20:00:38.000000,MSSIS,False,VANNES,981234100,LEJQ,0.0,0.0,0.0,RUTE185      NO,59,none
231846000,58.077152,11.81583,0.0,56.4,184.0,0.0,5,2026-06-03 20:00:38.000000,MSSIS,False,SVITZER GAIA,9602447,OZ2134,0.0,0.0,5.0,STENUNGSUND,52,none
440192590,34.532784,128.56602,0.7,73.7,511.0,-731.3865,15,2026-06-03 20:00:42.000000,MSSIS,False,CHEONG JIN,0,SSD,0.0,0.0,0.0,,0,none
219014873,54.94174,10.712535,0.0,252.5,252.0,0.0,15,2026-06-03 20:00:42.000000,MSSIS,False,ABELONE,0,,0.0,0.0,0.0,,0,none
261001274,41.13597,16.848356,0.0,360.0,511.0,0.0,15,2026-06-03 20:00:42.000000,MSSIS,False,,0,SPA3022,0.0,0.0,0.0,,37,none
219034887,54.846905,14.062467,0.0,284.2,270.0,0.0,0,2026-06-03 20:00:42.000000,MSSIS,False,EMBRACER,1091642,OVQP2,0.0,0.0,2.3,MUKRANWIKINGEROWF,40,none
244890317,52.460506,5.037433,0.1,159.3,511.0,0.0,15,2026-06-03 20:00:42.000000,MSSIS,False,ZA1 DE JAGER,0,,0.0,0.0,0.0,,0,none
412472950,14.529445,120.97332,0.0,338.2,511.0,-731.3865,3,2026-06-03 20:00:42.000000,MSSIS,False,LIANG LONG,0,,0.0,0.0,2.6,,33,none
636018026,4.7398214,-6.61862,0.0,77.2,350.0,-2.8569784,5,2026-06-03 20:00:42.000000,MSSIS,False,MSC ALICE II,9232632,D5NV6,0.0,0.0,7.2,CISPY,70,none
256004165,35.886913,14.515795,0.0,360.0,511.0,-731.3865,5,2026-06-03 20:00:42.000000,MSSIS,False,MATIS,0,9HB9942,0.0,0.0,3.0,MTMLA,52,none
261186969,54.447643,18.576956,0.0,360.0,511.0,0.0,15,2026-06-03 20:00:42.000000,MSSIS,False,ALCUDIA,0,,0.0,0.0,0.0,,0,none
263441826,37.11766,-8.596494,5.5,101.9,511.0,0.0,15,2026-06-03 20:00:42.000000,MSSIS,False,,0,CRA9518,0.0,0.0,0.0,,37,none
225988583,39.340923,2.9606566,7.2,290.1,0.0,0.0,15,2026-06-03 20:00:42.000000,MSSIS,False,BACCHUS NOVENO,0,,0.0,0.0,0.0,,0,none
261003327,36.61653,-6.352432,0.0,360.0,511.0,0.0,15,2026-06-03 20:00:42.000000,MSSIS,False,,0,,0.0,0.0,0.0,,37,none
210586000,40.562897,2.0872667,7.9,218.9,211.0,0.0,0,2026-06-03 20:00:42.000000,MSSIS,False,LOTTA,9629809,5BEF6,0.0,0.0,3.6,ESALC,70,none
338125494,42.012295,-73.93701,6.6,7.1,511.0,0.0,15,2026-06-03 20:00:42.000000,MSSIS,False,,0,,0.0,0.0,0.0,,37,none
636021055,36.2128,-3.9623,7.6,266.8,271.0,0.0,0,2026-06-03 20:00:42.000000,MSSIS,False,ANTIBES EXPRESS,9243186,5LCA5,0.0,0.0,9.7,TANGER MED 2,70,none
235008623,47.107952,-2.113345,0.0,326.2,511.0,0.0,15,2026-06-03 20:00:42.000000,MSSIS,False,,0,VQIP9,0.0,0.0,0.0,,36,none
224014890,42.255455,3.17909,0.0,360.0,511.0,-731.3865,7,2026-06-03 20:00:42.000000,MSSIS,False,MARGARITA Y ELENA,0,EA4961,0.0,0.0,3.5,ROSES,30,none
338182085,37.871975,-122.49684,0.0,207.2,511.0,0.0,15,2026-06-03 20:00:42.000000,MSSIS,False,,0,,0.0,0.0,0.0,,36,none
255806446,43.336407,-3.0381467,0.0,141.4,303.0,0.0,5,2026-06-03 20:00:42.000000,MSSIS,False,ISARTAL,9313670,CQEP3,0.0,0.0,3.7,ES BIO,70,none
268236501,41.379242,2.186175,0.0,360.0,511.0,0.0,15,2026-06-03 20:00:42.000000,MSSIS,False,AUSTER,0,,0.0,0.0,0.0,,0,none
213752000,41.649532,41.64533,2.1,155.7,511.0,0.0,15,2026-06-03 20:00:42.000000,MSSIS,False,,0,4LDD,0.0,0.0,0.0,,53,none
642165061,33.922226,12.680255,0.0,0.0,511.0,-731.3865,6,2026-06-03 20:00:42.000000,MSSIS,False,BOURI FIELD DP4,0,DP4,0.0,0.0,0.0,BOURI FIELD,0,none
636025620,36.133717,-5.38284,0.1,121.7,181.0,1.6070504,5,2026-06-03 20:00:42.000000,MSSIS,False,SHAFALLAH,9986116,5LYI4,0.0,0.0,9.4,GIGIB,80,none
257097900,70.3193,22.875349,0.0,340.4,511.0,0.0,15,2026-06-03 20:00:42.000000,MSSIS,False,,0,LF5243,0.0,0.0,0.0,,47,none
345080058,24.979164,-112.6618,8.5,130.1,130.0,0.0,7,2026-06-03 20:00:42.000000,MSSIS,False,MADEIRA,0,XCTD7,0.0,0.0,0.0,VIA LA PESCA,0,none
109120431,69.74447,16.417286,0.9,157.4,511.0,0.0,15,2026-06-03 20:00:42.000000,MSSIS,False,BOUY 2         90,0,,0.0,0.0,0.0,,0,none
232042638,38.914986,1.4440433,0.0,360.0,511.0,-731.3865,1,2026-06-03 20:00:42.000000,MSSIS,False,KIDSCLUB,0,MLTI5,0.0,0.0,1.8,ES PMI,37,none
244670984,51.38341,4.033632,0.0,360.0,511.0,-731.3865,5,2026-06-03 20:00:42.000000,MSSIS,False,ARGO,0,PE3709,0.0,0.0,0.0,,99,none
338021436,38.987106,-76.28344,0.0,126.6,511.0,0.0,15,2026-06-03 20:00:42.000000,MSSIS,False,,0,,0.0,0.0,0.0,,36,none
271051874,40.05298,26.312597,9.0,219.6,511.0,-731.3865,0,2026-06-03 20:00:33.000000,MSSIS,False,KURTARMA 18,9974890,TCA7760,0.0,0.0,0.0,GELIBOLU,52,none
663136000,14.68599,-17.430693,0.0,0.0,335.0,0.0,15,2026-06-03 20:00:33.000000,MSSIS,False,PONT SAINT LOUIS,8222422,6WLC,0.0,0.0,7.8,FISHING,36,none
271043713,40.85458,29.27868,0.0,0.0,511.0,-731.3865,1,2026-06-03 20:00:33.000000,MSSIS,False,GISAS PILOT I,0,TCNU6,0.0,0.0,0.0,,0,none
227890950,51.47775,-9.39751,0.3,53.1,511.0,0.0,15,2026-06-03 20:00:33.000000,MSSIS,False,,0,FAF7657,0.0,0.0,0.0,,36,none
257282500,60.422916,5.2868714,7.7,338.2,339.0,0.0,0,2026-06-03 20:00:33.000000,MSSIS,False,OSTER,5266386,LEPF,0.0,0.0,3.0,BJOERSVIK,60,none
586706201,63.096405,4.8688717,0.8,320.5,511.0,0.0,15,2026-06-03 20:00:33.000000,MSSIS,False,GROENHOLM BOUY 4,0,,0.0,0.0,0.0,,0,none
232053942,55.062065,17.680248,5.8,277.8,280.0,720.00323,0,2026-06-03 20:00:33.000000,MSSIS,False,WOLFPACK ALPHA,9990088,MOXD6,0.0,0.0,1.5,PLLEABLPPLLEA,90,none
108040283,68.80351,12.689239,1.4,296.6,511.0,0.0,15,2026-06-03 20:00:33.000000,MSSIS,False,FISHING GEAR MAJA,0,,0.0,0.0,0.0,,0,none
305258000,9.511267,-80.571106,11.2,103.4,98.0,-8.749496,0,2026-06-03 20:00:33.000000,MSSIS,False,ICARIAN STAR,9437127,V2DM4,0.0,0.0,7.3,PAMIT,71,none
265778060,57.756603,16.65481,0.0,360.0,511.0,0.0,15,2026-06-03 20:00:33.000000,MSSIS,False,FINALLY,0,,0.0,0.0,0.0,,0,none
219006123,56.550526,8.302999,0.0,163.4,511.0,0.0,15,2026-06-03 20:00:33.000000,MSSIS,False,GEFION,0,,0.0,0.0,0.0,,0,none
367465570,36.933617,-76.33978,6.9,2.3,511.0,-731.3865,0,2026-06-03 20:00:33.000000,MSSIS,False,CAPT MEL,192,WDP4101,0.0,0.0,2.5,CONTACT VESSEL,52,none
368348360,42.7868,-73.67928,0.0,0.0,347.0,0.0,15,2026-06-03 20:00:33.000000,MSSIS,False,,0,WDP3758,0.0,0.0,0.0,,37,none
228235690,44.058308,9.851657,4.9,221.5,511.0,0.0,15,2026-06-03 20:00:33.000000,MSSIS,False,SY PUPA,0,,0.0,0.0,0.0,,0,none
352002573,-8.730447,13.2935,0.1,143.9,296.0,0.0,1,2026-06-03 20:00:33.000000,MSSIS,False,BALDO,9351749,3E2350,0.0,0.0,5.5,AOLAD,80,none
251138240,65.5987,-24.004736,0.0,0.0,511.0,0.0,15,2026-06-03 20:00:33.000000,MSSIS,False,HAFEY,0,,0.0,0.0,0.0,,0,none
338397757,33.98168,-118.446556,0.1,360.0,511.0,0.0,15,2026-06-03 20:00:33.000000,MSSIS,False,FISHIZZLE,0,,0.0,0.0,0.0,,0,none
338430481,34.244377,-119.26268,0.0,157.7,511.0,0.0,15,2026-06-03 20:00:33.000000,MSSIS,False,,0,,0.0,0.0,0.0,,37,none
311001587,5.2887316,-4.014983,0.0,263.0,109.0,0.0,5,2026-06-03 20:00:33.000000,MSSIS,False,ARGOS REEFER,9184548,C6HW6,0.0,0.0,6.5,CI ABJ,70,none
366886630,33.73658,-118.27791,0.0,360.0,511.0,-731.3865,5,2026-06-03 20:00:33.000000,MSSIS,False,EXY JOHNSON,0,WDB3395,0.0,0.0,4.0,LA,36,none
316024041,43.271782,-79.78975,0.0,11.0,511.0,-731.3865,5,2026-06-03 20:00:33.000000,MSSIS,False,STERLING ENERGY,9277058,9LD2470,0.0,0.0,6.9,HAM,53,none
352003849,31.23991,29.739363,0.1,360.0,50.0,0.0,1,2026-06-03 20:00:33.000000,MSSIS,False,HAZAR,9290830,3E6098,0.0,0.0,0.0,EGEDK,80,none
210569000,31.717093,35.99938,0.0,143.3,292.0,-4.464029,0,2026-06-03 20:00:50.000000,MSSIS,False,LUNDSTROM TIDE,9608271,5BDX6,0.0,0.0,5.4,ISRAEL OFFSHORE,95,none
247143900,38.41823,14.967705,16.8,41.7,511.0,-731.3865,0,2026-06-03 20:00:42.000000,MSSIS,False,ALIANTE,97,IVWL,0.0,0.0,0.0,,69,none
244716806,51.353405,4.2959433,0.0,360.0,511.0,-731.3865,5,2026-06-03 20:00:42.000000,MSSIS,False,AQUATE,0,PI2102,0.0,0.0,2.3,ANTWERPEN INSTEEKDOK,80,none
247147290,34.04683,14.338101,0.4,1.3,511.0,-731.3865,3,2026-06-03 20:00:42.000000,MSSIS,False,SELEUCO,0,IZAH,0.0,0.0,3.5,,32,none
257097340,69.876236,18.253225,0.0,317.7,284.0,720.00323,0,2026-06-03 20:00:42.000000,MSSIS,False,TROMVIK,0,LH3771,0.0,0.0,0.6,FELLESHOLMEN,40,none
368009250,47.588066,-122.35335,0.0,283.7,1.0,0.0,5,2026-06-03 20:00:42.000000,MSSIS,False,GLOBAL PROVIDER,0,WDJ7698,0.0,0.0,4.0,SEATTLE,80,none
525013021,-6.101023,106.88384,0.0,360.0,511.0,-731.3865,5,2026-06-03 20:00:42.000000,MSSIS,False,TANTO TERANG,9169653,POSV,0.0,0.0,7.2,ID JKT,79,none
368104320,26.061802,-80.13335,0.1,142.3,180.0,0.0,5,2026-06-03 20:00:42.000000,MSSIS,False,INTUITION,1295533,UDM7972,0.0,0.0,0.0,FORT LAUDERDALE,0,none
244810697,51.71751,4.4015,0.1,8.3,114.0,0.0,5,2026-06-03 20:00:42.000000,MSSIS,False,GRIETJE W,0,PF7365,0.0,0.0,1.4,HARINGVLIETBRUG,33,none
338073000,40.641132,-74.12957,0.0,217.0,214.0,0.0,0,2026-06-03 20:00:42.000000,MSSIS,False,JRT MORAN,9794707,WDI3936,0.0,0.0,5.5,US0YD00Q6K,32,none
249323000,43.541924,7.032008,0.0,360.0,105.0,0.0,15,2026-06-03 20:00:42.000000,MSSIS,False,,0,9HC2599,0.0,0.0,0.0,,37,none
366812000,29.294916,-94.85713,0.0,109.3,511.0,-731.3865,5,2026-06-03 20:00:42.000000,MSSIS,False,BRUTUS,0,WDG5253,0.0,0.0,3.0,GAL SEA BUOY,70,none
338547584,33.610416,-117.895004,0.0,360.0,511.0,0.0,15,2026-06-03 20:00:42.000000,MSSIS,False,,0,,0.0,0.0,0.0,,37,none
538010742,53.18063,5.4177084,0.0,205.0,201.0,0.0,5,2026-06-03 20:00:42.000000,MSSIS,False,MAINPORT EDGE,9762821,V7A7352,0.0,0.0,3.7,NL HAR,90,none
368463070,33.921925,-78.06104,0.1,360.0,511.0,0.0,15,2026-06-03 20:00:42.000000,MSSIS,False,FAITH,0,,0.0,0.0,0.0,,0,none
211521660,43.523746,3.932975,0.0,360.0,511.0,0.0,15,2026-06-03 20:00:42.000000,MSSIS,False,NOVA,0,,0.0,0.0,0.0,,0,none
258998650,59.913593,10.696925,0.0,38.0,38.0,0.0,15,2026-06-03 20:00:42.000000,MSSIS,False,MANCHOT,0,,0.0,0.0,0.0,,0,none
368267090,25.685356,-80.2645,0.0,360.0,511.0,0.0,15,2026-06-03 20:00:42.000000,MSSIS,False,,0,WDN2966,0.0,0.0,0.0,,37,none
244780958,51.966476,4.046665,0.0,287.6,511.0,-731.3865,3,2026-06-03 20:00:42.000000,MSSIS,False,SCHELDEOORD,0,PA3682,0.0,0.0,0.2,MAASVLAKTE ROTTERDAM,33,none
367084780,46.009827,-122.848656,0.0,17.3,511.0,0.0,15,2026-06-03 20:00:42.000000,MSSIS,False,,0,WDC8297,0.0,0.0,0.0,,50,none
368457180,33.7396,-118.27888,0.0,278.3,244.0,0.0,5,2026-06-03 20:00:42.000000,MSSIS,False,,0,WDQ7909,0.0,0.0,0.0,,0,none
368465450,26.776386,-80.05251,0.0,258.1,165.0,0.0,15,2026-06-03 20:00:42.000000,MSSIS,False,,0,WDQ8800,0.0,0.0,0.0,,37,none
211352600,54.322308,10.144285,0.1,176.1,511.0,-731.3865,15,2026-06-03 20:00:42.000000,MSSIS,False,HANSEKOGGE,0,DJPJ,0.0,0.0,0.0,KIEL,36,none
366921510,48.743618,-122.75877,7.6,169.2,168.0,0.0,0,2026-06-03 20:00:42.000000,MSSIS,False,SUN SPIRIT,9085821,WDM6450,0.0,0.0,6.5,US02JH016S,31,none
368410790,40.700672,-74.01154,0.0,333.4,162.0,0.0,0,2026-06-03 20:00:42.000000,MSSIS,False,HARBOR CHARGER,0,WDQ2769,0.0,0.0,7.0,NYC,60,none
311000820,53.443207,-4.2319984,0.1,269.8,160.0,0.0,1,2026-06-03 20:00:42.000000,MSSIS,False,ALFA FINLANDIA,9823041,C6DY7,0.0,0.0,13.4,NOSTUGBTRA,80,none
257782800,64.15804,10.011712,0.0,2.0,511.0,-731.3865,0,2026-06-03 20:00:42.000000,MSSIS,False,JANKER,0,LG8918,0.0,0.0,3.0,ROAN HAVNBUHOLMEN,79,none
257007520,60.392834,5.2891016,4.0,294.1,293.0,0.0,0,2026-06-03 20:00:42.000000,MSSIS,False,SANDTROLL,7014347,LETI,0.0,0.0,3.5,KYSTFART,90,none
236749000,31.717167,35.999226,0.0,117.2,242.0,0.0,1,2026-06-03 20:00:43.000000,MSSIS,False,ROVA,9400162,ZDSQ7,0.0,0.0,4.5,CYLMS,70,none
622110051,31.533766,32.157814,11.5,112.4,110.0,0.0,0,2026-06-03 20:00:43.000000,MSSIS,False,PAN GG,9236286,6BCI,0.0,0.0,8.2,PORT SAID,70,none
230014910,60.16868,24.97021,0.0,121.7,62.0,0.0,0,2026-06-03 20:00:43.000000,MSSIS,False,MT1310,0,OJ7605,0.0,0.0,0.0,,95,none
265663480,59.327976,18.073776,0.1,61.6,326.0,0.0,5,2026-06-03 20:00:43.000000,MSSIS,False,VINDHEM,7204344,SKYV,0.0,0.0,2.4,STROEMKAJEN 101,60,none
667001801,5.308745,-4.0228233,0.0,127.5,511.0,-731.3865,5,2026-06-03 20:00:43.000000,MSSIS,False,SERVAL,8807337,9LU2604,0.0,0.0,3.8,CI ABJ,70,none
211215730,54.36174,10.14669,0.0,293.4,123.0,0.0,5,2026-06-03 20:00:43.000000,MSSIS,False,KIEL,8501529,DLQO,0.0,0.0,2.5,KIEL,54,none
244710872,51.89386,4.4134564,2.1,345.0,511.0,-731.3865,0,2026-06-03 20:00:43.000000,MSSIS,False,VOLHARDING 5,0,PD6736,0.0,0.0,2.1,WAALHAVEN,80,none
227835430,37.738663,-25.665941,0.0,360.0,511.0,0.0,15,2026-06-03 20:00:43.000000,MSSIS,False,ERVAL,0,,0.0,0.0,0.0,,0,none
244670650,52.04469,5.101452,0.0,317.1,511.0,-731.3865,0,2026-06-03 20:00:43.000000,MSSIS,False,DE ZES,0,PD5408,0.0,0.0,0.0,AMSTERDAM,79,none
636017581,51.958138,1.3002833,0.0,337.1,305.0,0.0,5,2026-06-03 20:00:43.000000,MSSIS,False,MSC ANNICK,9169122,D5LQ6,0.0,0.0,9.7,GBFXT,71,none
247191180,41.37571,2.1805933,0.1,360.0,511.0,0.0,15,2026-06-03 20:00:43.000000,MSSIS,False,FOREVER,0,,0.0,0.0,0.0,,0,none
366999710,43.650463,-70.25396,0.0,206.6,511.0,-731.3865,5,2026-06-03 20:00:43.000000,MSSIS,False,CGC STURGEON,0,NTGT,0.0,0.0,1.7,,55,none
512009261,-36.836914,174.74867,0.0,360.0,511.0,0.0,15,2026-06-03 20:00:43.000000,MSSIS,False,,0,ZMP5191,0.0,0.0,0.0,,37,none
211367550,51.815075,5.3728886,10.1,207.8,511.0,-731.3865,0,2026-06-03 20:00:43.000000,MSSIS,False,EILTANK 241,0,DD6676,0.0,0.0,2.0,ANTWERPEN KANAALDOK,89,none
311321000,25.824095,-77.93578,0.0,172.0,21.0,0.0,5,2026-06-03 20:00:43.000000,MSSIS,False,VISION OF THE SEAS,9116876,C6SE8,0.0,0.0,8.0,BS COC,60,none
457900907,14.585769,120.927956,0.0,12.3,511.0,0.0,15,2026-06-03 20:00:43.000000,MSSIS,False,,0,,0.0,0.0,0.0,,33,none
251302340,64.895706,-23.703777,0.0,0.0,511.0,0.0,15,2026-06-03 20:00:43.000000,MSSIS,False,,0,2586,0.0,0.0,0.0,,30,none
368339670,33.617397,-117.927,0.0,0.0,204.0,0.0,15,2026-06-03 20:00:43.000000,MSSIS,False,MARIE SUE,0,,0.0,0.0,0.0,,0,none
258014210,59.89855,10.601822,0.0,299.9,511.0,0.0,15,2026-06-03 20:00:43.000000,MSSIS,False,,0,4OBC7,0.0,0.0,0.0,,37,none
477995827,22.368467,114.10097,0.0,66.5,88.0,0.0,0,2026-06-03 20:00:43.000000,MSSIS,False,GUO SI,9820594,VRQN9,0.0,0.0,4.2,NANSHA,80,none
211216570,54.328506,10.179651,0.0,341.3,108.0,0.0,5,2026-06-03 20:00:43.000000,MSSIS,False,ALKOR,8905880,DBND,0.0,0.0,4.2,DEKEL,90,none
211476840,49.15149,9.202982,0.0,278.0,190.0,0.0,5,2026-06-03 20:00:43.000000,MSSIS,False,WOLFGANG KRIEGER,0,DC5550,0.0,0.0,0.8,HEILBRONN,79,none
367031360,45.796715,-84.68396,23.1,233.1,511.0,-731.3865,0,2026-06-03 20:00:43.000000,MSSIS,False,MARQUETTE II,0,WDC4831,0.0,0.0,0.0,,60,none
367045120,30.353485,-89.60959,0.0,230.1,156.0,0.0,0,2026-06-03 20:00:43.000000,MSSIS,False,CLERMONT II,0,WDC5693,0.0,0.0,0.0,,57,none
341445002,46.623535,142.76927,0.0,220.0,261.0,0.0,5,2026-06-03 20:00:43.000000,MSSIS,False,HAYATE,0,V4EU7,0.0,0.0,2.7,KORSAKOV,60,none
339251000,26.060528,-80.13515,0.0,153.7,90.0,0.0,5,2026-06-03 20:00:43.000000,MSSIS,False,TOKALON,0,6YVK4,0.0,0.0,0.0,FT LAUDERDALE,37,none
305700000,28.118908,-15.363368,13.7,129.6,129.0,0.0,0,2026-06-03 20:00:43.000000,MSSIS,False,FRANZISKA,9535618,V2QF8,0.0,0.0,6.5,LRMLW,79,none
244850097,36.133118,-5.4256,0.0,181.0,271.0,0.0,0,2026-06-03 20:00:43.000000,MSSIS,False,BIGROLL BEAUFORT,9766841,PCZS,0.0,0.0,6.3,ESALG,70,none
305730000,36.16672,-6.95763,10.4,289.8,288.0,0.0,0,2026-06-03 20:00:43.000000,MSSIS,False,BBC BALBOA,9501667,V2FN5,0.0,0.0,5.2,FR DPE,70,none
251539840,66.15648,-23.246809,0.0,0.0,511.0,0.0,15,2026-06-03 20:00:43.000000,MSSIS,False,,0,6273,0.0,0.0,0.0,,30,none
224150760,38.10364,-0.48483166,9.8,303.7,511.0,-731.3865,7,2026-06-03 20:00:43.000000,MSSIS,False,MANUEL Y TERESA,8799126,EA3124,0.0,0.0,0.0,,30,none
338300516,26.83186,-80.05468,0.0,346.9,308.0,0.0,15,2026-06-03 20:00:43.000000,MSSIS,False,OVERRIDE,0,,0.0,0.0,0.0,,0,none
219437000,53.81239,4.778245,19.4,201.7,201.0,0.0,0,2026-06-03 20:00:43.000000,MSSIS,False,BEGONIA SEAWAYS,9262089,OWKM2,0.0,0.0,6.6,BEGNE,73,none
244870992,52.08221,6.172475,0.0,360.0,511.0,-731.3865,0,2026-06-03 20:00:43.000000,MSSIS,False,VEER BRONKHORST BRUM,0,PF9876,0.0,0.0,0.0,BRUMBRONKH,69,none
367754030,48.06342,-123.04002,0.0,158.5,511.0,0.0,15,2026-06-03 20:00:43.000000,MSSIS,False,,0,WDI9974,0.0,0.0,0.0,,36,none
316059693,49.08685,-123.10379,0.0,360.0,511.0,0.0,15,2026-06-03 20:00:43.000000,MSSIS,False,SAXONY,0,,0.0,0.0,0.0,,0,none
244750309,51.8883,4.358908,0.0,360.0,511.0,-731.3865,5,2026-06-03 20:00:43.000000,MSSIS,False,ARUBA,0,PB8438,0.0,0.0,0.0,ROTTERDAM BOTLEK  BO,80,none
211263880,53.359165,7.200927,0.0,299.9,511.0,-731.3865,0,2026-06-03 20:00:43.000000,MSSIS,False,PIONIER  XI,8003826,DCFI,0.0,0.0,1.5,EMDEN,33,none
227099010,51.272038,3.846825,0.0,360.0,511.0,-731.3865,5,2026-06-03 20:00:43.000000,MSSIS,False,BERMEL,0,FM4470,0.0,0.0,0.0,NIJKERK NLNKK,79,none
249702000,57.69121,11.875738,0.0,28.6,291.0,0.0,5,2026-06-03 20:00:43.000000,MSSIS,False,ATLANTIS ANTIBES,9508108,9HYJ9,0.0,0.0,5.3,DKFDHSEGOT,80,none
244670779,51.661022,4.158982,0.0,185.1,269.0,0.0,0,2026-06-03 20:00:43.000000,MSSIS,False,ENAVANT,0,PB5702,0.0,0.0,3.7,GENT VOORHAVEN  VARO,80,none
241909000,51.674267,2.5014334,11.3,38.0,38.0,0.0,0,2026-06-03 20:00:43.000000,MSSIS,False,NEPTUNE PHOS,9451719,SVDW7,0.0,0.0,8.1,DEEME,90,none
319080700,8.170597,98.34235,0.0,0.0,347.0,-0.044640288,5,2026-06-03 20:00:43.000000,MSSIS,False,AZAMANTA,1012713,ZGEU6,0.0,0.0,3.0,PHUKET,37,none
567001710,13.141176,100.87722,0.0,360.0,511.0,-731.3865,0,2026-06-03 20:00:43.000000,MSSIS,False,NP LOVEGISTICS 3,9748629,HSB4961,0.0,0.0,3.2,BKK 1C,70,none
511100721,37.809055,27.00268,24.8,252.5,248.0,-720.00323,0,2026-06-03 20:00:43.000000,MSSIS,False,SEA STAR SAMOS,9101742,T8A3913,0.0,0.0,0.0,CESMECHIOSCESME,40,none
636024113,39.23479,25.455923,13.9,28.3,28.0,0.0,0,2026-06-03 20:00:43.000000,MSSIS,False,ATLANTIC GEM,1022469,5LRA8,0.0,0.0,0.0,BGBOJ,80,none
257046470,68.08904,13.221093,0.0,83.6,250.0,0.0,7,2026-06-03 20:00:43.000000,MSSIS,False,ANGELSEN SENIOR,0,LFEH,0.0,0.0,5.0,VHF 16,30,none
257490800,63.170837,8.615452,0.0,333.0,511.0,1.6070504,0,2026-06-03 20:00:43.000000,MSSIS,False,LASSEN,0,LG7448,0.0,0.0,0.0,RENDALEN,70,none
432995000,32.7972,129.5156,18.5,158.0,160.0,0.0,0,2026-06-03 20:00:44.000000,MSSIS,False,MIYARABI2,9580338,JD3080,0.0,0.0,6.5,JP KOJ,70,none
440000000,35.092243,129.0331,0.0,247.2,511.0,-731.3865,8,2026-06-03 20:00:44.000000,MSSIS,False,,0,000,0.0,0.0,3.5,BUSAN KOREA,80,none
228030940,47.025623,-2.29881,0.0,360.0,511.0,0.0,15,2026-06-03 20:00:43.000000,MSSIS,False,MELQUIADES,0,,0.0,0.0,0.0,,0,none
226012250,51.030903,3.6995466,5.6,314.1,511.0,-731.3865,0,2026-06-03 20:00:44.000000,MSSIS,False,SELODIE,0,FM7079,0.0,0.0,2.5,ARLEUX,79,none
338456187,32.72562,-117.19033,0.2,298.1,511.0,0.0,15,2026-06-03 20:00:43.000000,MSSIS,False,LATITUDES,0,,0.0,0.0,0.0,,0,none
240922000,39.35924,22.939804,0.0,260.6,511.0,-731.3865,15,2026-06-03 20:00:44.000000,MSSIS,False,PROTUG 17,5425619,SV6732,0.0,0.0,0.0,,52,none
338158829,41.89907,-87.645546,0.0,326.2,511.0,0.0,15,2026-06-03 20:00:43.000000,MSSIS,False,PATIKA PARADISE,0,,0.0,0.0,0.0,,0,none
255805965,35.93577,19.902782,8.2,269.5,272.0,0.0,0,2026-06-03 20:00:44.000000,MSSIS,False,MSC TALIA F,9308601,CQIH9,0.0,0.0,8.0,ITGITMTMLA,70,none
316048989,48.452835,-123.29504,0.0,360.0,511.0,0.0,15,2026-06-03 20:00:43.000000,MSSIS,False,,0,,0.0,0.0,0.0,,36,none
314509000,32.327312,28.504353,10.1,95.9,96.0,0.0,0,2026-06-03 20:00:44.000000,MSSIS,False,OTHRYS,9905277,8PAV5,0.0,0.0,0.0,EGAIS,79,none
224290740,28.127926,-15.426423,0.1,360.0,511.0,0.0,15,2026-06-03 20:00:43.000000,MSSIS,False,,0,,0.0,0.0,0.0,,36,none
352977000,31.27092,30.15705,0.0,43.2,359.0,0.0,5,2026-06-03 20:00:44.000000,MSSIS,False,REDSEA SEARCHER,919652700,HP6735,0.0,0.0,0.0,AL MUADDIYAH,52,none
368402130,37.513023,-122.19262,0.0,360.0,511.0,0.0,15,2026-06-03 20:00:43.000000,MSSIS,False,SKY15,0,,0.0,0.0,0.0,,0,none
219013485,57.925816,9.730568,2.7,242.5,243.0,0.0,7,2026-06-03 20:00:44.000000,MSSIS,False,TOVE KAJGAARD,9568342,OZCA,0.0,0.0,0.0,,30,none
224355830,37.37663,-5.992902,0.0,360.0,511.0,0.0,15,2026-06-03 20:00:43.000000,MSSIS,False,,0,EA3339,0.0,0.0,0.0,,60,none
219028486,57.056767,9.878523,0.0,360.0,511.0,0.0,15,2026-06-03 20:00:43.000000,MSSIS,False,NINUS IV,0,,0.0,0.0,0.0,,0,none
636024387,9.214282,-79.93494,0.6,33.6,238.0,2.8569784,0,2026-06-03 20:00:44.000000,MSSIS,False,SEABOARD VOYAGER,9964390,5LSI7,0.0,0.0,9.0,PAPCN,79,none
228228210,43.07658,5.798343,0.0,360.0,511.0,0.0,15,2026-06-03 20:00:43.000000,MSSIS,False,,0,FAK9969,0.0,0.0,0.0,,36,none
224019540,39.948387,0.07579833,9.7,282.2,511.0,-731.3865,15,2026-06-03 20:00:44.000000,MSSIS,False,LESCULL PRIMER,0,,0.0,0.0,0.0,,30,none
265749860,59.036213,17.997963,0.0,360.0,511.0,0.0,15,2026-06-03 20:00:43.000000,MSSIS,False,,0,SE8635,0.0,0.0,0.0,,37,none
247284740,49.4507,-0.29293334,15.9,162.3,511.0,0.0,15,2026-06-03 20:00:43.000000,MSSIS,False,,0,IJ4207,0.0,0.0,0.0,,37,none
372972000,37.95598,23.598738,0.0,305.1,34.0,-0.7142446,5,2026-06-03 20:00:44.000000,MSSIS,False,MSC BANU III,9263332,3ELK7,0.0,0.0,11.9,GRPIR,70,none
205367830,51.23272,4.415478,0.0,360.0,511.0,0.0,15,2026-06-03 20:00:43.000000,MSSIS,False,QUO VADIS,0,,0.0,0.0,0.0,,0,none
265511430,58.335915,11.403978,0.0,115.0,511.0,-731.3865,0,2026-06-03 20:00:44.000000,MSSIS,False,PILOT 744 SE,0,SKHA,0.0,0.0,1.4,GOTHENBURG AREA,50,none
271044129,38.439137,27.097195,9.2,27.0,511.0,0.0,15,2026-06-03 20:00:43.000000,MSSIS,False,HASAN TAHSIN,0,TCA3486,0.0,0.0,0.0,,0,none
244660266,52.28357,5.021575,8.8,179.3,511.0,-731.3865,5,2026-06-03 20:00:44.000000,MSSIS,False,KEIZERSGRACHT,0,PD5693,0.0,0.0,2.7,,99,none
338926101,39.329525,-76.196014,26.3,31.7,511.0,61.112556,0,2026-06-03 20:00:44.000000,MSSIS,False,CG26101,0,CG26101,0.0,0.0,1.0,,51,none
503009050,-27.796406,153.37389,0.0,54.6,511.0,0.0,15,2026-06-03 20:00:43.000000,MSSIS,False,,0,,0.0,0.0,0.0,,37,none
265537680,65.54885,22.239023,0.0,221.2,59.0,0.0,0,2026-06-03 20:00:44.000000,MSSIS,False,VALKYRIA,7504548,SFKP,0.0,0.0,4.5,LULEA TUG CH12,52,none
232018860,51.684643,-8.499336,18.7,138.8,511.0,0.0,15,2026-06-03 20:00:44.000000,MSSIS,False,,0,MEDN7,0.0,0.0,0.0,,37,none
368082060,40.72329,-73.97198,0.1,249.3,511.0,-731.3865,0,2026-06-03 20:00:44.000000,MSSIS,False,DANA ALEXA,0,WDK7193,0.0,0.0,2.0,NORTPORT,31,none
503028810,-20.304043,118.568825,0.0,45.1,511.0,0.0,15,2026-06-03 20:00:44.000000,MSSIS,False,STINGRAY CREEK,0,,0.0,0.0,0.0,,0,none
257008720,70.040665,21.043377,6.8,237.1,511.0,0.0,15,2026-06-03 20:00:44.000000,MSSIS,False,,0,LDLY,0.0,0.0,0.0,,30,none
228429700,43.49766,-1.483805,0.0,295.5,292.0,0.0,5,2026-06-03 20:00:44.000000,MSSIS,False,TSM BATZ,9963530,FMTE,0.0,0.0,2.4,BAYONNE,52,none
257006440,63.463634,7.8167567,1.7,120.9,511.0,0.0,15,2026-06-03 20:00:44.000000,MSSIS,False,HOSTER 2016,0,,0.0,0.0,0.0,,0,none
316048953,45.510567,-73.54826,0.0,360.0,511.0,0.0,15,2026-06-03 20:00:44.000000,MSSIS,False,LIANO,0,,0.0,0.0,0.0,,0,none
209531000,43.353992,-1.9093716,0.5,122.6,314.0,0.0,1,2026-06-03 20:00:44.000000,MSSIS,False,HARUN,9361380,5BEN5,0.0,0.0,6.8,ESPAS,79,none
228034810,43.51778,4.139128,0.1,166.2,511.0,0.0,15,2026-06-03 20:00:44.000000,MSSIS,False,LICHAT,0,,0.0,0.0,0.0,,0,none
231847000,58.357346,11.447358,0.0,319.5,262.0,0.0,5,2026-06-03 20:00:44.000000,MSSIS,False,SVITZER HYMER,9495375,OZ2135,0.0,0.0,6.0,BROFJORDEN,52,none
538006864,23.405285,-119.623276,10.9,152.5,151.0,0.0,0,2026-06-03 20:00:44.000000,MSSIS,False,DSI AQUARIUS,9749269,V7SH4,0.0,0.0,11.4,ES LPA,70,none
228208810,48.692184,-2.83555,4.9,338.9,511.0,0.0,15,2026-06-03 20:00:44.000000,MSSIS,False,MORBIG,0,,0.0,0.0,0.0,,0,none
403660000,23.74179,-82.219284,12.6,267.7,265.0,0.0,0,2026-06-03 20:00:44.000000,MSSIS,False,RAWAN,9845104,HZOY,0.0,0.0,7.9,US MSY,80,none
265513300,58.69493,11.218324,0.0,0.0,511.0,0.0,15,2026-06-03 20:00:44.000000,MSSIS,False,SJOBJORN,0,,0.0,0.0,0.0,,0,none
265039300,58.112484,11.367434,0.0,238.0,204.0,0.0,15,2026-06-03 20:00:44.000000,MSSIS,False,,0,SFE5006,0.0,0.0,0.0,,60,none
319182200,26.102776,-80.11505,0.0,7.8,85.0,0.0,5,2026-06-03 20:00:44.000000,MSSIS,False,ZUMA,0,ZGRO,0.0,0.0,2.2,FT LAUDERDALE,37,none
227740340,47.83879,-4.17591,0.2,360.0,511.0,0.0,15,2026-06-03 20:00:44.000000,MSSIS,False,,0,FGF6379,0.0,0.0,0.0,,36,none
367596840,29.140606,-90.21362,0.0,260.5,339.0,0.0,5,2026-06-03 20:00:44.000000,MSSIS,False,HOS CAPTAIN,9647590,WDH2367,0.0,0.0,5.3,FOURCHONLA,70,none
512236000,-40.976795,173.3821,5.4,201.7,511.0,0.0,15,2026-06-03 20:00:44.000000,MSSIS,False,,0,ZMAC,0.0,0.0,0.0,,37,none
367186370,40.649265,-74.10827,0.0,112.2,3.0,0.0,0,2026-06-03 20:00:44.000000,MSSIS,False,HMS LIBERTY,100598841,WDD7435,0.0,0.0,2.8,US0RS20RNM,31,none
366749710,47.604183,-122.48392,13.9,288.5,289.0,720.00323,0,2026-06-03 20:00:44.000000,MSSIS,False,WSF WENATCHEE,9137351,WCY3378,0.0,0.0,5.6,,60,none
269114540,43.565002,4.18537,0.0,360.0,511.0,0.0,15,2026-06-03 20:00:44.000000,MSSIS,False,,0,HBY5501,0.0,0.0,0.0,,37,none
265768200,58.21135,11.51787,5.7,74.8,511.0,0.0,15,2026-06-03 20:00:44.000000,MSSIS,False,,0,SC6344,0.0,0.0,0.0,,36,none
538072329,25.934345,-80.15035,0.0,360.0,511.0,0.0,15,2026-06-03 20:00:44.000000,MSSIS,False,BLUE MIND,0,,0.0,0.0,0.0,,0,none
329015470,41.388702,9.157407,0.0,360.0,84.0,0.0,15,2026-06-03 20:00:44.000000,MSSIS,False,TAKAMAKA,0,,0.0,0.0,0.0,,0,none
368293430,35.61931,-76.18471,8.1,53.9,511.0,0.0,15,2026-06-03 20:00:44.000000,MSSIS,False,,0,WDN5823,0.0,0.0,0.0,,37,none
367395330,33.615444,-117.9029,0.0,241.1,511.0,0.0,15,2026-06-03 20:00:44.000000,MSSIS,False,THE LAST HURRAH,0,,0.0,0.0,0.0,,0,none
368231080,44.13034,-68.43341,9.6,329.5,321.0,0.0,15,2026-06-03 20:00:44.000000,MSSIS,False,NORTHERN STAR,0,,0.0,0.0,0.0,,0,none
368402210,33.613094,-117.92436,0.0,109.3,242.0,0.0,15,2026-06-03 20:00:44.000000,MSSIS,False,,0,WDP9807,0.0,0.0,0.0,,37,none
338526813,41.65046,-70.275055,0.0,153.6,511.0,0.0,15,2026-06-03 20:00:44.000000,MSSIS,False,,0,,0.0,0.0,0.0,,37,none
338561776,26.918524,-80.08093,0.0,137.3,335.0,0.0,15,2026-06-03 20:00:44.000000,MSSIS,False,,0,,0.0,0.0,0.0,,37,none
250297000,52.586872,-9.359107,0.0,0.0,511.0,0.0,15,2026-06-03 20:00:45.000000,MSSIS,False,,0,EI6014,0.0,0.0,0.0,,60,none
503027650,-27.454252,153.19255,0.0,60.8,17.0,0.0,15,2026-06-03 20:00:45.000000,MSSIS,False,,0,VJN4911,0.0,0.0,0.0,,36,none
224372000,12.179255,-17.135073,2.8,353.5,511.0,-731.3865,7,2026-06-03 20:00:45.000000,MSSIS,False,PEIX MAR VEINTINUEVE,0,EAEL,0.0,0.0,0.0,,30,none
538080057,37.015545,27.450562,0.0,121.5,257.0,0.0,0,2026-06-03 20:00:45.000000,MSSIS,False,VEGA,0,V7NX9,0.0,0.0,0.0,TURGUTREIS,37,none
257814700,63.723186,8.608706,0.0,242.6,511.0,0.0,15,2026-06-03 20:00:45.000000,MSSIS,False,BREMHOLM,0,,0.0,0.0,0.0,,0,none
563172600,-23.670033,111.18905,10.9,161.4,163.0,0.0,0,2026-06-03 20:00:45.000000,MSSIS,False,CL NAKAMA,9942031,9V7870,0.0,0.0,6.5,AU BUY,70,none
211142580,54.75809,9.873045,0.0,360.0,511.0,0.0,15,2026-06-03 20:00:45.000000,MSSIS,False,,0,DKTD2,0.0,0.0,0.0,,37,none
257843800,67.63454,15.262582,0.0,43.8,511.0,-731.3865,5,2026-06-03 20:00:45.000000,MSSIS,False,SAGFJORD,0,LG9346,0.0,0.0,0.0,CHL 72,70,none
503129910,-33.30712,115.64301,0.0,311.4,240.0,0.0,5,2026-06-03 20:00:45.000000,MSSIS,False,SVITZER KOOMBANA,9905461,VMMW,0.0,0.0,6.1,BUNBURY,52,none
257045610,60.148666,5.377333,0.0,197.0,209.0,0.0,5,2026-06-03 20:00:45.000000,MSSIS,False,LILLY MAUD,9411678,LFOA,0.0,0.0,7.0,CH16 OR 4797000868,30,none
258006540,59.20363,10.945053,0.0,360.0,511.0,-731.3865,5,2026-06-03 20:00:45.000000,MSSIS,False,MS HVALER,0,LEDP,0.0,0.0,2.4,ISEGRAN,69,none
219251000,55.5075,9.726328,0.0,248.5,102.0,0.0,5,2026-06-03 20:00:45.000000,MSSIS,False,SY ROSELINA,0,XPB8231,0.0,0.0,2.2,MIDDELFART,36,none
219000643,55.261444,9.71297,0.0,152.1,22.0,0.0,8,2026-06-03 20:00:45.000000,MSSIS,False,AAROE,9191383,OZRL,0.0,0.0,0.0,,69,none
440018500,35.07786,128.78342,0.0,104.1,106.0,0.7142446,0,2026-06-03 20:00:45.000000,MSSIS,False,HYOP SUNG NO61,0,361,0.0,0.0,0.0,,52,none
228072760,55.70761,21.113445,6.2,336.5,335.0,0.0,15,2026-06-03 20:00:45.000000,MSSIS,False,,0,FAH9737,0.0,0.0,0.0,,36,none
636025073,-33.90632,18.431139,0.0,0.0,136.0,0.0,5,2026-06-03 20:00:45.000000,MSSIS,False,MSC JEANNE IV,9224336,5LVR4,0.0,0.0,10.3,ZACPT,71,none
316018260,46.20884,-60.24542,0.0,141.6,318.0,0.0,0,2026-06-03 20:00:45.000000,MSSIS,False,ALASUINU,9946257,VBAV,0.0,0.0,6.3,NORTH SYDNEY,69,none
565110000,5.2715034,-4.0137835,0.0,196.1,0.0,0.0,5,2026-06-03 20:00:45.000000,MSSIS,False,KOTA SALAM,9645475,9V2123,0.0,0.0,11.8,SGSIN,70,none
316018010,47.57899,-54.35359,0.0,215.2,29.0,0.0,0,2026-06-03 20:00:45.000000,MSSIS,False,MULTI SAFETY,9760665,XMAA,0.0,0.0,2.8,DAVIS COVE,75,none
538003578,9.3696785,-79.938515,0.0,154.5,202.0,0.0,1,2026-06-03 20:00:45.000000,MSSIS,False,OCEAN PRINCESS I,9391517,V7RT9,0.0,0.0,7.8,US GULF,90,none
316013860,48.178032,-64.90997,5.3,95.0,96.0,0.0,0,2026-06-03 20:00:45.000000,MSSIS,False,TIM MCKEIL,901760400,CFN6731,0.0,0.0,4.9,PORT DANIEL,32,none
368144140,47.794006,-122.495285,0.1,73.0,19.0,0.0,5,2026-06-03 20:00:45.000000,MSSIS,False,FINEST,0,WDL5758,0.0,0.0,1.9,USKG8USSEAUSKG8,40,none
251243640,65.828865,-20.355701,5.3,155.5,511.0,0.0,15,2026-06-03 20:00:45.000000,MSSIS,False,,0,7259,0.0,0.0,0.0,,30,none
316054722,49.556435,-54.468544,9.5,80.7,78.0,0.0,0,2026-06-03 20:00:45.000000,MSSIS,False,ASTRON W,9685865,VXAA,0.0,0.0,2.9,FOGO ISCHANGEISFW,60,none
251346340,64.246826,-22.517256,6.5,126.9,511.0,0.0,15,2026-06-03 20:00:45.000000,MSSIS,False,,0,7346,0.0,0.0,0.0,,30,none
265522440,59.328697,18.076082,0.1,36.5,17.0,0.0,0,2026-06-03 20:00:45.000000,MSSIS,False,VASTAN,5377135,SFUK,0.0,0.0,2.1,,69,none
338253594,43.068447,-86.20882,0.0,37.6,511.0,0.0,15,2026-06-03 20:00:45.000000,MSSIS,False,OASIS,0,,0.0,0.0,0.0,,0,none
366984110,44.391914,-68.205185,0.0,0.0,169.0,0.0,0,2026-06-03 20:00:45.000000,MSSIS,False,FRIENDSHIP V,8994099,WDB9859,0.0,0.0,0.0,,0,none
232036204,34.66774,33.03979,0.0,360.0,511.0,0.0,15,2026-06-03 20:00:45.000000,MSSIS,False,,0,MJHZ5,0.0,0.0,0.0,,37,none
211214970,53.455833,6.8335433,0.0,288.6,104.0,0.0,5,2026-06-03 20:00:45.000000,MSSIS,False,MUENSTERLAND,8601989,DCJB,0.0,0.0,2.4,EEMSHAVENBORKUM,65,none
338495581,35.661423,-76.112915,6.0,56.3,511.0,0.0,15,2026-06-03 20:00:45.000000,MSSIS,False,,0,,0.0,0.0,0.0,,36,none
265000570,59.379246,17.027264,0.1,360.0,511.0,0.0,15,2026-06-03 20:00:45.000000,MSSIS,False,,0,SF7901,0.0,0.0,0.0,,37,none
316018403,39.210716,-76.262146,7.9,20.6,511.0,0.0,15,2026-06-03 20:00:45.000000,MSSIS,False,,0,,0.0,0.0,0.0,,37,none
304027000,53.697586,-0.871925,0.0,93.8,77.0,0.0,5,2026-06-03 20:00:45.000000,MSSIS,False,WIDOR,9528483,V2IF2,0.0,0.0,3.9,PILOT,70,none
319252100,43.54183,10.297248,0.0,170.8,1.0,0.0,5,2026-06-03 20:00:45.000000,MSSIS,False,NEVER SAY NEVER AGAI,9982378,ZGPF4,0.0,0.0,2.5,ITLIV,37,none
636021583,51.883305,4.283213,0.0,110.6,252.0,0.0,5,2026-06-03 20:00:45.000000,MSSIS,False,DEE4 KASTANIA,9933638,5LER3,0.0,0.0,12.6,NLRTM,80,none
257720000,45.661667,-59.36278,10.4,246.0,244.0,0.0,0,2026-06-03 20:00:45.000000,MSSIS,False,SILVER ARCTIC,9618173,LAME8,0.0,0.0,5.0,HALIFAX,79,none
367012640,39.67407,-75.529976,10.3,35.2,511.0,-731.3865,0,2026-06-03 20:00:45.000000,MSSIS,False,LINDSEY,8973021,WDC3699,0.0,0.0,3.9,DEL RIVER,52,none
256888000,1.1612834,103.77885,12.8,236.0,235.0,-0.4017626,2,2026-06-03 20:00:45.000000,MSSIS,False,CMA CGM MELISANDE,9473028,9HA2954,0.0,0.0,14.4,SGSIN EAHB,70,none
367530220,47.65729,-122.379456,0.0,0.0,511.0,-731.3865,0,2026-06-03 20:00:45.000000,MSSIS,False,MARIA MARU,0,WDG3842,0.0,0.0,3.9,,30,none
244630851,52.45886,4.5594134,0.0,360.0,511.0,-731.3865,0,2026-06-03 20:00:45.000000,MSSIS,False,SPISULA,0,PI4984,0.0,0.0,0.0,,0,none
251223240,64.85619,-24.326641,6.2,14.8,511.0,0.0,15,2026-06-03 20:00:45.000000,MSSIS,False,,0,2689,0.0,0.0,0.0,,30,none
566828000,31.379696,32.337822,7.9,156.8,154.0,0.0,0,2026-06-03 20:00:45.000000,MSSIS,False,WAN HAI 515,9457646,9V7581,0.0,0.0,9.0,EGSCN,70,none
211537740,54.419567,11.188838,0.0,5.6,511.0,0.0,15,2026-06-03 20:00:45.000000,MSSIS,False,,0,DJ4887,0.0,0.0,0.0,,36,none
261217000,54.53976,18.559853,0.0,217.2,261.0,0.0,5,2026-06-03 20:00:45.000000,MSSIS,False,ORP BALTYK,0,SRWM,0.0,0.0,5.0,SZCZECIN,35,none
211760010,53.52267,9.942984,6.1,108.7,110.0,720.00323,2,2026-06-03 20:00:45.000000,MSSIS,False,TIL ABICHT,0,DD9537,0.0,0.0,1.0,HAMBURG,60,none
257007430,59.909714,10.702597,0.0,310.0,310.0,0.0,15,2026-06-03 20:00:45.000000,MSSIS,False,SJOSJUK,0,,0.0,0.0,0.0,,0,none
247185500,38.736725,1.9615216,0.9,63.0,511.0,-731.3865,8,2026-06-03 20:00:45.000000,MSSIS,False,TWENTY TWO,0,IQNU,0.0,0.0,0.0,MAZARADELLVALLO,99,none
368158340,34.099957,-77.87662,9.7,16.6,511.0,0.0,15,2026-06-03 20:00:45.000000,MSSIS,False,LIBERTY,0,,0.0,0.0,0.0,,0,none
244833000,51.233723,4.3972235,0.0,358.6,345.0,0.0,0,2026-06-03 20:00:45.000000,MSSIS,False,WULP,8434116,PISD,0.0,0.0,1.5,ROTTERDAM,53,none
316048198,47.566902,-122.3465,0.7,18.5,81.0,-720.00323,11,2026-06-03 20:00:41.000000,MSSIS,False,OCEAN GREG,0,,0.0,0.0,0.0,SEATTLE,52,none
244870760,52.38451,4.893215,0.0,360.0,511.0,-731.3865,5,2026-06-03 20:00:42.000000,MSSIS,False,DUBLIN,0,PB9045,0.0,0.0,0.9,,69,none
211168930,53.525166,9.972116,0.0,55.8,356.0,0.0,0,2026-06-03 20:00:42.000000,MSSIS,False,WS35,0,DD4269,0.0,0.0,1.6,HAMBURG,99,none
227492120,61.90255,-6.8792667,0.1,317.1,456.0,0.0,15,2026-06-03 20:00:41.000000,MSSIS,False,NELSON99,0,,0.0,0.0,0.0,,0,none
316005611,49.29693,-123.033134,0.0,290.7,511.0,-731.3865,11,2026-06-03 20:00:42.000000,MSSIS,False,TIM MACKENZIE,8137055,CFA2847,0.0,0.0,0.0,NEWWESTMINSTER,31,none
244615567,52.701237,5.29227,0.0,0.0,511.0,0.0,15,2026-06-03 20:00:42.000000,MSSIS,False,,0,PD3978,0.0,0.0,0.0,,36,none
219005477,56.15249,10.251264,0.0,326.8,122.0,0.0,0,2026-06-03 20:00:42.000000,MSSIS,False,AARHUS PILOT,0,XPD2042,0.0,0.0,1.6,AARHUS PORT,50,none
538006326,53.575584,8.55268,0.0,275.4,242.0,0.0,5,2026-06-03 20:00:42.000000,MSSIS,False,HAWAIIAN HIGHWAY,9712632,V7LW8,0.0,0.0,8.6,DE BRV,70,none
563312500,1.259765,103.8053,5.9,12.8,15.0,720.00323,0,2026-06-03 20:00:42.000000,MSSIS,False,MAJESTIC ETERNITY,1114640,9VEE7,0.0,0.0,0.0,BTC TO HFC RETURN,40,none
316035439,45.25597,-81.66323,0.0,221.9,215.0,0.0,15,2026-06-03 20:00:42.000000,MSSIS,False,BLUE HERON 8,0,,0.0,0.0,0.0,,0,none
440193090,35.098545,129.03867,0.1,11.0,511.0,-731.3865,15,2026-06-03 20:00:42.000000,MSSIS,False,PILOTBOAT A CHI SEOM,0,300,0.0,0.0,0.0,,0,none
368261370,42.56064,-82.6183,0.0,360.0,511.0,0.0,15,2026-06-03 20:00:42.000000,MSSIS,False,INDULGENT,0,,0.0,0.0,0.0,,0,none
367745620,29.725689,-93.86951,0.0,221.0,511.0,-731.3865,15,2026-06-03 20:00:42.000000,MSSIS,False,MISS COLETTE,8977780,WD19137,0.0,0.0,0.0,,67,none
352978141,-34.20397,151.15576,0.0,15.3,33.0,-0.4017626,1,2026-06-03 20:00:42.000000,MSSIS,False,GRAND WINNER 5,9906714,3E3969,0.0,0.0,12.3,AUBTB,80,none
227068940,37.815086,-0.783255,0.0,0.0,0.0,0.0,15,2026-06-03 20:00:42.000000,MSSIS,False,,0,FGG9813,0.0,0.0,0.0,,36,none
244710180,53.296104,5.076225,0.0,318.2,511.0,-731.3865,0,2026-06-03 20:00:42.000000,MSSIS,False,TERSCHELLINGER BANK,0,PB3515,0.0,0.0,3.0,VLIELAND,61,none
227524140,46.11755,-1.2044233,6.6,38.1,511.0,0.0,15,2026-06-03 20:00:42.000000,MSSIS,False,JOSHUA,0,,0.0,0.0,0.0,,0,none
316001237,53.244675,-132.00845,8.7,183.3,183.0,34.997986,0,2026-06-03 20:00:42.000000,MSSIS,False,KWUNA,7512117,CZ4746,0.0,0.0,2.4,ABSKG,60,none
219020984,55.85758,12.009539,0.0,360.0,511.0,0.0,15,2026-06-03 20:00:42.000000,MSSIS,False,FRIENDSHIP,0,,0.0,0.0,0.0,,0,none
316014895,54.219345,-133.08578,1.3,340.8,511.0,0.0,15,2026-06-03 20:00:42.000000,MSSIS,False,SUNFISH,0,,0.0,0.0,0.0,,0,none
244005569,52.53303,5.4425435,0.0,360.0,511.0,0.0,15,2026-06-03 20:00:42.000000,MSSIS,False,,0,PF9509,0.0,0.0,0.0,,36,none
367564290,50.94708,-127.46981,8.0,309.8,306.0,0.0,15,2026-06-03 20:00:42.000000,MSSIS,False,,0,WDQ6214,0.0,0.0,0.0,,37,none
271050211,38.779793,26.92841,0.0,297.0,304.0,0.0,0,2026-06-03 20:00:47.000000,MSSIS,False,YENICAY XIII,9942940,TCA7013,0.0,0.0,0.0,PETKIM,52,none
250014291,51.833347,-8.259595,1.0,35.2,325.0,-54.684353,0,2026-06-03 20:00:47.000000,MSSIS,False,SOLAS,0,EIA2756,0.0,0.0,0.0,PILOT AREA,50,none
257151900,60.395916,5.3209667,6.8,329.1,332.0,720.00323,9,2026-06-03 20:00:47.000000,MSSIS,False,VINGTOR,9616814,LCNQ,0.0,0.0,1.5,SELJEBGSELJE,40,none
567311068,9.669185,99.348145,4.0,236.9,511.0,0.0,15,2026-06-03 20:00:47.000000,MSSIS,False,,0,,0.0,0.0,0.0,,30,none
503543000,-12.672907,141.87018,0.0,93.7,118.0,0.0,5,2026-06-03 20:00:47.000000,MSSIS,False,HARRY EVANS,9382566,VJAB,0.0,0.0,4.3,WEIPA,90,none
503528000,-41.151894,146.82501,0.0,174.9,346.0,2.187374,5,2026-06-03 20:00:47.000000,MSSIS,False,WILGA,9018921,VNXT,0.0,0.0,4.0,,52,none
244870000,59.125923,9.616522,0.0,61.9,44.0,0.0,5,2026-06-03 20:00:47.000000,MSSIS,False,SCHELDEBANK,9439474,PBJM,0.0,0.0,6.2,HEROYA,70,none
257429900,62.44134,6.2797017,0.0,315.9,305.0,0.0,5,2026-06-03 20:00:47.000000,MSSIS,False,IVAR AASEN,9156943,LIRB,0.0,0.0,3.8,FISKARSTRAND,60,none
538001388,59.3591,5.2999883,0.0,316.2,511.0,-731.3865,5,2026-06-03 20:00:47.000000,MSSIS,False,GULF ENERGY,7390143,V7BW9,0.0,0.0,6.5,HAUGESUND,80,none
265615260,58.35801,11.338877,0.1,3.5,511.0,-731.3865,8,2026-06-03 20:00:47.000000,MSSIS,False,MARIA,0,SFLI,0.0,0.0,1.0,BOHUSMALMON LEDEN,90,none
245263000,54.63891,11.376192,0.1,202.1,207.0,-720.00323,5,2026-06-03 20:00:47.000000,MSSIS,False,MULTRATUG 35,9964039,PIGC,0.0,0.0,5.8,DK THR,52,none
440321070,35.05056,129.0005,0.0,28.5,511.0,-731.3865,0,2026-06-03 20:00:47.000000,MSSIS,False,DONGSOO1,9384643,SSD,0.0,0.0,4.7,BUSANKR,80,none
219035393,55.642883,12.648867,0.0,277.4,456.0,0.0,15,2026-06-03 20:00:47.000000,MSSIS,False,,0,XP16427,0.0,0.0,0.0,,37,none
224099980,43.422405,-8.239505,0.0,360.0,511.0,0.0,15,2026-06-03 20:00:47.000000,MSSIS,False,,0,,0.0,0.0,0.0,,37,none
316038654,45.527256,-73.52721,26.2,350.0,511.0,0.0,15,2026-06-03 20:00:47.000000,MSSIS,False,,0,,0.0,0.0,0.0,,50,none
368348570,48.00235,-122.22054,0.0,90.7,274.0,0.0,15,2026-06-03 20:00:47.000000,MSSIS,False,,0,,0.0,0.0,0.0,,37,none
244030000,36.086994,-4.049297,12.4,83.0,78.0,0.0,0,2026-06-03 20:00:47.000000,MSSIS,False,HUDSONGRACHT,9433262,PBTP,0.0,0.0,6.7,ITNAP,70,none
632001012,28.146027,-15.422565,0.0,56.6,311.0,0.0,0,2026-06-03 20:00:47.000000,MSSIS,False,BOFFA,860679500,3XBF,0.0,0.0,5.0,LAS PALMAS,30,none
316036101,48.741413,-123.61884,0.0,338.7,511.0,0.0,15,2026-06-03 20:00:47.000000,MSSIS,False,NANOOSE YARDER,0,,0.0,0.0,0.0,,0,none
261182157,53.862316,14.285737,0.0,317.6,511.0,0.0,15,2026-06-03 20:00:47.000000,MSSIS,False,,0,SR2157,0.0,0.0,0.0,,67,none
244376404,39.53065,2.5710266,0.0,360.0,511.0,-731.3865,0,2026-06-03 20:00:47.000000,MSSIS,False,SALUTE,9522805,PG7973,0.0,0.0,2.5,PORT PORTALS,37,none
367456060,41.577755,-71.44938,0.0,298.6,511.0,0.0,15,2026-06-03 20:00:47.000000,MSSIS,False,,0,WDF4807,0.0,0.0,0.0,,37,none
227123590,26.519249,-78.75903,0.0,0.0,511.0,0.0,15,2026-06-03 20:00:47.000000,MSSIS,False,,0,FAA4519,0.0,0.0,0.0,,36,none
224079040,39.891834,4.261793,0.0,360.0,511.0,-731.3865,15,2026-06-03 20:00:47.000000,MSSIS,False,PITO QUINTANA F,0,,0.0,0.0,0.4,,99,none
211276390,54.097214,12.107774,0.0,217.5,511.0,0.0,15,2026-06-03 20:00:47.000000,MSSIS,False,,0,DJ2070,0.0,0.0,0.0,,36,none
548699200,14.612088,120.95681,0.0,67.7,356.0,0.0,5,2026-06-03 20:00:47.000000,MSSIS,False,MCC BATANES,9332690,DUA3281,0.0,0.0,7.1,PHMNL,70,none
311000853,51.53662,2.32851,19.3,36.0,37.0,0.0,0,2026-06-03 20:00:47.000000,MSSIS,False,COOL SPIRIT,9765861,C6EC2,0.0,0.0,10.2,DKSKA,70,none
370049000,9.374436,-79.90677,0.0,125.2,194.0,2.187374,1,2026-06-03 20:00:47.000000,MSSIS,False,HERCULES 200,937393100,3FNX,0.0,0.0,4.2,,83,none
244758000,52.078533,3.04616,20.2,278.5,272.0,0.0,0,2026-06-03 20:00:47.000000,MSSIS,False,STENA HOLLANDICA,9419163,PBMM,0.0,0.0,6.1,NL HVH  GB HRW VV,61,none
367332030,46.778957,-90.7903,0.0,41.5,268.0,0.0,15,2026-06-03 20:00:47.000000,MSSIS,False,,0,WDE2959,0.0,0.0,0.0,,60,none
577212000,45.241123,12.385587,0.8,315.6,95.0,0.0,1,2026-06-03 20:00:47.000000,MSSIS,False,YUFIX,9558919,YJTJ6,0.0,0.0,4.5,IT CHI,70,none
477525000,22.288555,114.152374,0.0,0.0,106.0,0.0,9,2026-06-03 20:00:47.000000,MSSIS,False,UNIVERSAL MK2007,9139218,VRVF6,0.0,0.0,1.6,HKMACAU,40,none
367664990,47.67968,-122.4101,0.0,293.9,511.0,0.0,15,2026-06-03 20:00:47.000000,MSSIS,False,OHANA,0,,0.0,0.0,0.0,,0,none
211440430,53.547634,8.5696535,0.0,0.0,511.0,0.0,15,2026-06-03 20:00:47.000000,MSSIS,False,,0,DF5184,0.0,0.0,0.0,,36,none
367733970,41.109417,-72.3564,0.0,26.6,511.0,0.0,15,2026-06-03 20:00:47.000000,MSSIS,False,,0,REVEILL,0.0,0.0,0.0,,37,none
225989381,37.596027,-0.980315,0.0,206.0,206.0,0.0,15,2026-06-03 20:00:47.000000,MSSIS,False,,0,,0.0,0.0,0.0,,37,none
368324050,28.951616,-95.3443,0.0,248.2,511.0,0.0,15,2026-06-03 20:00:47.000000,MSSIS,False,LIFE LINE,0,,0.0,0.0,0.0,,0,none
367458170,36.743446,-121.85858,2.9,191.8,511.0,0.0,15,2026-06-03 20:00:47.000000,MSSIS,False,,0,WCZ 987,0.0,0.0,0.0,,30,none
338472581,47.30533,-122.51109,0.3,360.0,511.0,0.0,15,2026-06-03 20:00:47.000000,MSSIS,False,,0,ROSE M,0.0,0.0,0.0,,37,none
368125830,30.3997,-87.2411,0.7,211.8,511.0,0.0,15,2026-06-03 20:00:47.000000,MSSIS,False,,0,,0.0,0.0,0.0,,37,none
228174760,43.002518,6.20058,0.0,360.0,511.0,0.0,15,2026-06-03 20:00:48.000000,MSSIS,False,,0,FAK4181,0.0,0.0,0.0,,37,none
211209900,53.9717,14.160421,9.6,315.9,314.0,0.0,0,2026-06-03 20:00:47.000000,MSSIS,False,ADLER VINETA,7904578,DIAD,0.0,0.0,1.6,SWINOUJSCIE,60,none
244024864,52.37064,4.90304,3.1,229.2,511.0,-731.3865,15,2026-06-03 20:00:47.000000,MSSIS,False,HOLLAND AMERICA LINE,0,PF5229,0.0,0.0,0.0,,69,none
227876670,43.26445,6.58553,0.0,360.0,511.0,0.0,15,2026-06-03 20:00:48.000000,MSSIS,False,,0,FAF6215,0.0,0.0,0.0,,36,none
227009230,48.83601,-3.009315,0.0,360.0,511.0,0.0,15,2026-06-03 20:00:48.000000,MSSIS,False,ENEZ VRIAD,0,,0.0,0.0,0.0,,0,none
636019777,12.045261,-61.755447,4.4,230.0,43.0,0.0,0,2026-06-03 20:00:47.000000,MSSIS,False,LOMBOK STRAIT,9204958,D5WC6,0.0,0.0,8.1,GDSTG,79,none
244727030,51.55119,3.81247,0.0,237.3,511.0,0.0,15,2026-06-03 20:00:48.000000,MSSIS,False,BELLA VITA,0,,0.0,0.0,0.0,,0,none
525801285,-2.1711566,104.92616,0.1,97.6,511.0,-731.3865,8,2026-06-03 20:00:47.000000,MSSIS,False,KARYA PACIFIC 2277,1095193,YDC3999,0.0,0.0,3.0,STS,52,none
244700473,52.329063,5.0684586,0.0,360.0,511.0,-731.3865,15,2026-06-03 20:00:47.000000,MSSIS,False,SAFFIER,0,PD4862,0.0,0.0,1.1,,69,none
503185090,-19.254114,146.82259,0.0,360.0,511.0,0.0,15,2026-06-03 20:00:48.000000,MSSIS,False,,0,,0.0,0.0,0.0,,37,none
212792000,65.02718,-14.114253,0.0,90.9,260.0,0.0,5,2026-06-03 20:00:47.000000,MSSIS,False,FREYJA W,9754422,5BVM4,0.0,0.0,7.3,ISMJH,70,none
710002789,-3.0984433,-60.074806,0.0,360.0,511.0,-731.3865,8,2026-06-03 20:00:47.000000,MSSIS,False,BERTOLINI CXXXIV,0,PU2791,0.0,0.0,0.0,NOVO REMANSO,99,none
244710151,51.239628,4.472165,5.6,83.7,511.0,-731.3865,0,2026-06-03 20:00:47.000000,MSSIS,False,DEVYANTA,0,PE3236,0.0,0.0,3.5,NIEUWE WATERWEG KM 1,79,none
265800710,59.435795,18.227228,0.0,360.0,511.0,0.0,15,2026-06-03 20:00:48.000000,MSSIS,False,GOVINDA,0,,0.0,0.0,0.0,,0,none
215523000,43.53912,7.031835,0.0,255.9,13.0,0.0,5,2026-06-03 20:00:47.000000,MSSIS,False,MY WAY V,1008164,9HA5157,0.0,0.0,2.3,CANNES,37,none
224334450,40.61456,0.59966165,0.1,233.7,511.0,0.0,15,2026-06-03 20:00:48.000000,MSSIS,False,,0,,0.0,0.0,0.0,,30,none
227709160,41.167892,1.48617,0.0,360.0,511.0,0.0,15,2026-06-03 20:00:48.000000,MSSIS,False,KADOM,0,,0.0,0.0,0.0,,0,none
563142200,40.53513,-74.25249,0.0,197.4,169.0,0.0,5,2026-06-03 20:00:47.000000,MSSIS,False,KATHERINE LADY,9916123,9V6863,0.0,0.0,11.3,US NYC,80,none
244393618,36.15767,-5.3563666,0.1,360.0,511.0,0.0,15,2026-06-03 20:00:48.000000,MSSIS,False,SAUDADE,0,,0.0,0.0,0.0,,0,none
225990842,36.289482,-5.27267,0.0,10.9,511.0,0.0,15,2026-06-03 20:00:48.000000,MSSIS,False,,0,,0.0,0.0,0.0,,37,none
225999752,39.473682,2.54326,3.5,263.4,511.0,0.0,15,2026-06-03 20:00:48.000000,MSSIS,False,,0,,0.0,0.0,0.0,,36,none
251389940,66.05092,-21.548199,0.1,360.0,511.0,0.0,15,2026-06-03 20:00:48.000000,MSSIS,False,,0,6529,0.0,0.0,0.0,,30,none
244281000,55.473186,8.426592,0.0,169.4,330.0,0.0,8,2026-06-03 20:00:47.000000,MSSIS,False,SEAZIP 12,9929417,PDTO,0.0,0.0,2.0,DAN TYSK,99,none
244016729,52.403297,4.88379,0.0,360.0,511.0,-731.3865,0,2026-06-03 20:00:47.000000,MSSIS,False,SPES,0,PE6011,0.0,0.0,1.4,AMSTERDAM,37,none
251562240,64.92239,-23.247051,0.0,0.0,511.0,0.0,15,2026-06-03 20:00:48.000000,MSSIS,False,,0,7226,0.0,0.0,0.0,,30,none
211550210,52.51985,13.401372,3.7,155.7,511.0,-731.3865,5,2026-06-03 20:00:47.000000,MSSIS,False,PINGUIN,0,DC8935,0.0,0.0,0.0,RUNDFAHRT,69,none
338489874,40.076935,-74.907555,0.0,360.0,511.0,0.0,15,2026-06-03 20:00:48.000000,MSSIS,False,,0,,0.0,0.0,0.0,,37,none
316059708,48.975536,-123.6667,3.7,153.9,511.0,0.0,15,2026-06-03 20:00:48.000000,MSSIS,False,SOUL THYME,0,,0.0,0.0,0.0,,0,none
368078930,43.049763,-87.88696,0.0,163.0,511.0,0.0,15,2026-06-03 20:00:48.000000,MSSIS,False,,0,WDK6870,0.0,0.0,0.0,,37,none
244770416,51.305893,6.7341833,6.6,199.6,511.0,-731.3865,0,2026-06-03 20:00:47.000000,MSSIS,False,UNITAS,0,PI3904,0.0,0.0,3.0,,79,none
338511105,41.338932,-71.97382,0.0,13.8,195.0,0.0,15,2026-06-03 20:00:48.000000,MSSIS,False,,0,,0.0,0.0,0.0,,37,none
338175958,37.01708,-76.34657,0.0,360.0,511.0,0.0,15,2026-06-03 20:00:48.000000,MSSIS,False,,0,,0.0,0.0,0.0,,37,none
367759830,33.62074,-117.623535,6.0,178.6,511.0,0.0,15,2026-06-03 20:00:48.000000,MSSIS,False,,0,WDJ2589,0.0,0.0,0.0,,37,none
367167740,32.71822,-117.226944,0.0,321.0,511.0,0.0,15,2026-06-03 20:00:48.000000,MSSIS,False,,0,WDL6636,0.0,0.0,0.0,,37,none
368314290,37.588665,-76.336136,6.7,103.3,511.0,0.0,15,2026-06-03 20:00:48.000000,MSSIS,False,CONTENTED TURTLE,0,,0.0,0.0,0.0,,0,none
369990138,41.36499,-70.76595,32.7,202.8,511.0,61.112556,0,2026-06-03 20:00:47.000000,MSSIS,False,CG29138,0,,0.0,0.0,1.0,,51,none
338363528,42.81097,-70.859215,0.0,360.0,511.0,0.0,15,2026-06-03 20:00:48.000000,MSSIS,False,SYLVIA MAE,0,,0.0,0.0,0.0,,0,none
338232506,33.848206,-118.397766,0.0,157.5,511.0,0.0,15,2026-06-03 20:00:48.000000,MSSIS,False,,0,SERENDI,0.0,0.0,0.0,,37,none
440123000,35.117653,129.07124,0.0,65.3,38.0,720.00323,5,2026-06-03 20:00:47.000000,MSSIS,False,MV ASAKA,8944111,D7BR,0.0,0.0,3.3,KR PUS85,70,none
368086550,30.168873,-85.704414,0.0,259.6,511.0,0.0,15,2026-06-03 20:00:48.000000,MSSIS,False,,0,WDK7660,0.0,0.0,0.0,,30,none
319719000,43.583603,7.134412,0.2,155.1,158.0,0.0,15,2026-06-03 20:00:49.000000,MSSIS,False,,0,ZC1B9,0.0,0.0,0.0,,37,none
269057079,51.91581,4.490188,0.0,360.0,511.0,-731.3865,5,2026-06-03 20:00:47.000000,MSSIS,False,EXCELLENCE CROWN,0,HE7079,0.0,0.0,1.5,ROTTERDAM,69,none
371513000,27.635605,-131.38997,15.5,106.9,106.0,-0.17856115,0,2026-06-03 20:00:47.000000,MSSIS,False,WHITE CLIFFS,9902172,3FFG7,0.0,0.0,7.7,,80,none
368264270,32.70463,-117.16222,0.0,136.2,219.0,0.0,5,2026-06-03 20:00:47.000000,MSSIS,False,EL REY,0,WDN2673,0.0,0.0,2.4,SAN DIEGO,37,none
228453900,43.103367,5.8903117,0.0,243.3,274.0,0.0,5,2026-06-03 20:00:47.000000,MSSIS,False,CHAMBON MISTRAL,9161912,FMXO,0.0,0.0,4.4,TOULON,52,none
367477410,40.652348,-74.15166,0.0,339.4,236.0,0.0,3,2026-06-03 20:00:47.000000,MSSIS,False,LB VISION,0,WDF6746,0.0,0.0,3.3,PORT ELIZABETH NJ,33,none
211553990,53.430714,10.354049,0.0,98.0,103.0,0.0,3,2026-06-03 20:00:47.000000,MSSIS,False,EBER,0,DC3297,0.0,0.0,0.2,GEESTHACHT,99,none
620999090,31.178017,33.808403,0.4,116.7,511.0,-731.3865,1,2026-06-03 20:00:48.000000,MSSIS,False,HAJE HALIMEH,8214889,D6A3095,0.0,0.0,4.2,EG AAC,70,none
477144300,50.3804,-1.9236333,12.9,296.7,300.0,2.187374,0,2026-06-03 20:00:48.000000,MSSIS,False,SEAVOYAGER,9408762,VRDT2,0.0,0.0,8.0,FRLEHGBPTL,80,none
636021321,34.58799,128.89043,1.0,322.8,338.0,0.0,0,2026-06-03 20:00:48.000000,MSSIS,False,UTE,9320685,5LDJ8,0.0,0.0,11.5,KRPUS,71,none
244620914,51.248665,4.3926415,0.0,314.5,511.0,-731.3865,5,2026-06-03 20:00:48.000000,MSSIS,False,EUROSTAR,0,PI3869,0.0,0.0,4.0,ANTWERPEN KANAALDOK,80,none
205501790,51.263447,4.273677,0.5,95.1,85.0,0.0,15,2026-06-03 20:00:48.000000,MSSIS,False,TUG 30,6105141,OT5017,0.0,0.0,0.0,,52,none
710033360,-2.6055684,-44.36801,0.0,40.4,511.0,-731.3865,0,2026-06-03 20:00:47.000000,MSSIS,False,SAAM MIRA,9876763,PU5518,0.0,0.0,5.8,SAO LUIS  MA,52,none
370057000,8.847438,-79.65774,0.3,130.8,130.0,-731.3865,15,2026-06-03 20:00:47.000000,MSSIS,False,CHUNG KUO NO 818,0,HP9938,0.0,0.0,0.0,B 2 A,30,none
553111888,-16.938524,145.77971,0.0,317.9,350.0,0.0,5,2026-06-03 20:00:48.000000,MSSIS,False,HMPNGS GILBERTTOROPO,4734269,P2DT,0.0,0.0,2.4,CAIRNS,55,none
622120442,23.83142,37.23152,0.4,147.3,250.0,0.0,0,2026-06-03 20:00:48.000000,MSSIS,False,WADI ALYARMOUK,9460772,6AGQ,0.0,0.0,13.0,SAYNB,79,none
263442086,36.71294,-7.65553,2.8,128.5,511.0,-731.3865,7,2026-06-03 20:00:48.000000,MSSIS,False,CARMEN BANDEIRA,8647880,CURM8,0.0,0.0,0.0,OLHAO,30,none
338538875,40.303833,-73.26181,0.2,164.2,48.0,720.00323,15,2026-06-03 20:00:48.000000,MSSIS,False,,0,,0.0,0.0,0.0,,0,none
370567000,31.284285,-131.62674,16.8,297.0,301.0,0.0,0,2026-06-03 20:00:48.000000,MSSIS,False,MORNING LINDA,9383106,3ETI,0.0,0.0,7.2,PACTBCNTAC,0,none
367750780,25.788282,-80.230316,3.5,314.2,511.0,-731.3865,3,2026-06-03 20:00:48.000000,MSSIS,False,JEAN RUTH,0,WDI9648,0.0,0.0,2.7,MIAMI,31,none
431022379,35.28469,139.67625,0.0,221.7,233.0,0.0,0,2026-06-03 20:00:48.000000,MSSIS,False,SHONAN MARU,0,JD5292,0.0,0.0,3.0,JP YOS,52,none
303349000,61.121746,-146.34175,0.0,279.7,76.0,0.0,5,2026-06-03 20:00:48.000000,MSSIS,False,CHAMPION,9824215,WDJ9411,0.0,0.0,7.6,VALDEZ AK,52,none
563981000,1.3016467,103.68291,0.0,265.0,266.0,0.0,0,2026-06-03 20:00:48.000000,MSSIS,False,KST  SKILL,9539755,9V7375,0.0,0.0,3.9,SINGAPORE,10,none
353857000,35.483612,139.79779,0.1,95.1,56.0,0.17856115,1,2026-06-03 20:00:48.000000,MSSIS,False,CRANE LYRA,9823247,3FTE,0.0,0.0,5.0,JP KWS,80,none
368406260,41.569157,-82.85172,0.0,217.0,511.0,-731.3865,5,2026-06-03 20:00:48.000000,MSSIS,False,AMAZING GRACE,0,WDQ2271,0.0,0.0,2.0,RENSSELAER NY,37,none
431012268,35.386517,139.84486,0.0,319.5,64.0,0.044640288,1,2026-06-03 20:00:48.000000,MSSIS,False,KIMITETSU MARU,9810719,JD4461,0.0,0.0,8.5,JP KZU,70,none
431673000,35.393383,139.66524,0.0,345.0,180.0,0.0,1,2026-06-03 20:00:48.000000,MSSIS,False,SOYO MARU,9073452,JGKL,0.0,0.0,5.0,JP YOK XX NGI,90,none
677034400,1.4232234,103.99756,2.2,295.0,511.0,-731.3865,0,2026-06-03 20:00:48.000000,MSSIS,False,GOLDEN STAR 1,8952857,5IM444,0.0,0.0,3.1,MALAYSIA,70,none
636025522,1.2872283,104.008865,0.0,289.3,94.0,0.0,1,2026-06-03 20:00:48.000000,MSSIS,False,AGIA FEVRONIA,1018248,5LXW4,0.0,0.0,13.6,MYPKG SGSIN PEBGB,70,none
563086270,1.2548584,103.88339,0.0,360.0,511.0,-731.3865,0,2026-06-03 20:00:48.000000,MSSIS,False,SEVERN,9738430,9V7161,0.0,0.0,4.6,SINGAPORE,80,none
319302600,26.111025,-80.10735,0.0,328.5,279.0,0.0,5,2026-06-03 20:00:48.000000,MSSIS,False,DREAM,1107178,ZGSY5,0.0,0.0,2.1,USAFTLAUDERDDALE,37,none
241967000,37.144306,25.230795,0.0,140.0,219.0,2.8569784,0,2026-06-03 20:00:49.000000,MSSIS,False,LIBERDADE,9386342,SVB5500,0.0,0.0,1.1,KYKLDES,37,none
244660314,51.824703,5.296085,8.0,262.2,257.0,0.0,0,2026-06-03 20:00:49.000000,MSSIS,False,ALETTA,0,PG8663,0.0,0.0,0.0,,20,none
548756300,8.483073,124.72261,0.0,135.5,511.0,-731.3865,0,2026-06-03 20:00:48.000000,MSSIS,False,SFUNITY,850865600,DUH3536,0.0,0.0,5.2,GMC CDO,70,none
710020306,-26.90246,-48.568638,6.0,258.7,511.0,0.0,15,2026-06-03 20:00:48.000000,MSSIS,False,MARIMAR II,0,,0.0,0.0,0.0,,0,none
710033430,-26.91387,-48.355747,9.8,87.5,91.0,0.0,8,2026-06-03 20:00:48.000000,MSSIS,False,AH  VALLETTA,9494618,PPAT,0.0,0.0,6.6,PORTO ITAJAISC,90,none
710011377,-26.873,-48.726402,0.0,0.0,511.0,0.0,15,2026-06-03 20:00:48.000000,MSSIS,False,MACEDO I,0,,0.0,0.0,0.0,,0,none
319505000,37.932224,23.682144,0.0,76.8,511.0,-731.3865,5,2026-06-03 20:00:49.000000,MSSIS,False,SEVEN S,9570929,ZGAK2,0.0,0.0,2.3,FLISVOS MARINA,37,none
503040360,-27.601223,153.34833,0.2,35.8,456.0,0.0,15,2026-06-03 20:00:49.000000,MSSIS,False,,0,BALLINA,0.0,0.0,0.0,,37,none
645790000,-0.6845367,8.771776,0.0,294.5,290.0,0.0,15,2026-06-03 20:00:49.000000,MSSIS,False,,0,3BSS,0.0,0.0,0.0,,37,none
538009388,37.902992,23.590588,1.0,12.2,18.0,0.0,0,2026-06-03 20:00:49.000000,MSSIS,False,ELISABETH P,9320142,V7A4670,0.0,0.0,11.0,GRPIR,72,none
352005977,31.927055,27.68228,10.3,107.3,106.0,0.0,8,2026-06-03 20:00:49.000000,MSSIS,False,SEHER YAGCI,9556911,3E8478,0.0,0.0,0.0,EGALY,70,none
226005880,51.217514,6.742697,0.0,360.0,511.0,-731.3865,11,2026-06-03 20:00:45.000000,MSSIS,False,OCTOPUSSY,0,FM4065,0.0,0.0,0.0,DUSSELDORF,79,none
367051340,29.742258,-93.89257,0.0,276.5,511.0,-731.3865,15,2026-06-03 20:00:45.000000,MSSIS,False,BILL SPENCE,0,WAN6438,0.0,0.0,2.6,TT PELICAN ISL,31,none
636019141,39.440205,18.051003,0.5,10.7,123.0,0.17856115,0,2026-06-03 20:00:45.000000,MSSIS,False,HAIGUI,9505821,D5TD2,0.0,0.0,12.0,ITTAR,80,none
247270900,44.3992,8.916866,0.0,12.0,511.0,-731.3865,0,2026-06-03 20:00:45.000000,MSSIS,False,SAN FRANCESCO,9448918,ICHM,0.0,0.0,3.2,ITGOA,89,none
247142160,35.050533,15.122778,8.9,359.8,511.0,-731.3865,15,2026-06-03 20:00:45.000000,MSSIS,False,PEGASO,0,IZHU,0.0,0.0,0.0,,30,none
316053901,46.611885,-55.76545,9.3,276.5,277.0,0.0,0,2026-06-03 20:00:45.000000,MSSIS,False,NAALAK NAPPAALUK,9916733,CGDG,0.0,0.0,6.0,SYDNEY,51,none
225993586,41.212917,1.7317116,0.1,360.0,511.0,0.0,15,2026-06-03 20:00:45.000000,MSSIS,False,,0,ARUBA,0.0,0.0,0.0,,37,none
373298000,29.87663,-89.945,0.0,279.3,112.0,0.0,1,2026-06-03 20:00:45.000000,MSSIS,False,CORAL QUEEN,9524023,3EYD6,0.0,0.0,6.3,US MSY,70,none
238969410,44.533928,14.464005,0.0,360.0,511.0,-731.3865,5,2026-06-03 20:00:45.000000,MSSIS,False,MACEK,8657299,9A9147,0.0,0.0,3.5,LOSINJ,60,none
367099830,41.63359,-70.91941,0.0,53.0,511.0,0.0,15,2026-06-03 20:00:45.000000,MSSIS,False,PREDATOR,0,,0.0,0.0,0.0,,0,none
366999010,47.67947,-122.474014,5.5,184.2,180.0,0.0,0,2026-06-03 20:00:45.000000,MSSIS,False,ISLAND VOYAGER,896704600,WDF4743,0.0,0.0,4.5,SEATTLE,32,none
657912000,-33.905293,18.439423,0.0,243.5,48.0,1.6070504,5,2026-06-03 20:00:45.000000,MSSIS,False,NIGER DELTA KING,9413212,5NWF,0.0,0.0,4.9,SEA EAGLE,90,none
316046194,48.858192,-123.49955,0.0,360.0,511.0,0.0,15,2026-06-03 20:00:45.000000,MSSIS,False,,0,ADIOS,0.0,0.0,0.0,,37,none
368119660,40.66195,-74.03637,0.2,52.0,321.0,0.0,1,2026-06-03 20:00:45.000000,MSSIS,False,CHARLESTON,1292926,WDL3238,0.0,0.0,4.6,NEW YORKNY,52,none
303031000,48.0149,-125.82491,15.2,229.9,228.0,1.6070504,0,2026-06-03 20:00:45.000000,MSSIS,False,POLAR ADVENTURE,9244063,WAZV,0.0,0.0,12.0,US OTS  US RCH RLW,80,none
316049451,46.818863,-71.20699,0.1,360.0,511.0,0.0,15,2026-06-03 20:00:45.000000,MSSIS,False,,0,,0.0,0.0,0.0,,36,none
235115041,51.485233,-0.13165833,3.9,66.8,511.0,-731.3865,15,2026-06-03 20:00:45.000000,MSSIS,False,REBEL,0,2JD07,0.0,0.0,1.8,GREENWICH,52,none
244630154,51.801254,4.6400566,0.0,360.0,511.0,-731.3865,0,2026-06-03 20:00:45.000000,MSSIS,False,ZWARTEWATER,0,PC8630,0.0,0.0,0.1,,33,none
211246880,51.729313,3.911895,0.1,140.9,511.0,0.0,15,2026-06-03 20:00:45.000000,MSSIS,False,,0,DNVJ,0.0,0.0,0.0,,37,none
440252000,1.19168,103.54448,8.2,88.5,90.0,-0.4017626,0,2026-06-03 20:00:45.000000,MSSIS,False,GLOVIS SYMPHONY,9702429,D7GX,0.0,0.0,8.8,SGSIN PWBGA,70,none
368198590,29.555779,-92.17654,2.0,95.6,511.0,0.0,15,2026-06-03 20:00:45.000000,MSSIS,False,CAPT TWO,0,,0.0,0.0,0.0,,0,none
601479000,-34.11177,18.265003,7.5,161.4,154.0,0.0,7,2026-06-03 20:00:45.000000,MSSIS,False,FOREST LILY,9293480,ZR6233,0.0,0.0,4.0,CAPE TOWN,30,none
245742000,51.8887,4.419843,0.1,47.0,285.0,0.0,5,2026-06-03 20:00:45.000000,MSSIS,False,NIEUWE MAZE,0,PGGJ,0.0,0.0,0.0,,60,none
503793800,38.5304,-28.623936,0.2,11.8,511.0,0.0,15,2026-06-03 20:00:45.000000,MSSIS,False,,0,,0.0,0.0,0.0,,36,none
244670766,52.37815,4.936805,1.0,289.1,280.0,720.00323,0,2026-06-03 20:00:45.000000,MSSIS,False,IJVEER 60,0,PB5160,0.0,0.0,2.1,AMSTERDAM,69,none
338550691,27.692657,-80.395226,0.0,314.0,511.0,0.0,15,2026-06-03 20:00:45.000000,MSSIS,False,,0,,0.0,0.0,0.0,,37,none
367020910,25.731369,-80.16213,0.1,263.7,511.0,-731.3865,5,2026-06-03 20:00:45.000000,MSSIS,False,FG WALTON SMITH,8964510,WDL9255,0.0,0.0,2.0,MIAMI,27,none
257457700,60.34762,5.169998,5.7,9.8,7.0,720.00323,7,2026-06-03 20:00:45.000000,MSSIS,False,EVENGUTT,0,LF5386,0.0,0.0,2.5,BERGEN,30,none
374862000,-2.0591216,104.96438,0.0,235.5,106.0,0.0,1,2026-06-03 20:00:45.000000,MSSIS,False,JIE LI,9216456,3FNU9,0.0,0.0,7.2,MUARA BANYUASIN,70,none
211532480,52.94476,5.404505,0.0,248.3,511.0,0.0,15,2026-06-03 20:00:45.000000,MSSIS,False,GALEA,0,,0.0,0.0,0.0,,0,none
255915980,51.473858,0.24318333,0.0,353.6,129.0,-0.044640288,5,2026-06-03 20:00:45.000000,MSSIS,False,STEN FRIGG,9407976,CQ2438,0.0,0.0,6.5,GBFAW,80,none
267010020,48.13727,17.139284,0.0,0.0,511.0,-731.3865,5,2026-06-03 20:00:45.000000,MSSIS,False,MUFLON 6,0,SVK0204,0.0,0.0,1.4,BRATISLAVA,79,none
338430883,47.305565,-122.51225,0.2,360.0,511.0,0.0,15,2026-06-03 20:00:45.000000,MSSIS,False,,0,WN8517N,0.0,0.0,0.0,,37,none
244710803,51.8095,5.439475,1.8,353.6,511.0,-731.3865,0,2026-06-03 20:00:45.000000,MSSIS,False,RESERVE,0,PI2592,0.0,0.0,1.0,DE OVERKANT,69,none
247438400,40.5589,14.254362,1.1,281.9,511.0,-731.3865,5,2026-06-03 20:00:45.000000,MSSIS,False,MINERVA,0,INWV2,0.0,0.0,0.0,,69,none
525401529,-2.92874,104.89194,0.0,360.0,511.0,-731.3865,13,2026-06-03 20:00:45.000000,MSSIS,False,LEO POWER 2223,997872,YDC3458,0.0,0.0,3.0,,52,none
244750017,52.42256,4.84345,0.5,210.2,511.0,-731.3865,0,2026-06-03 20:00:45.000000,MSSIS,False,GEMINI,0,PI3010,0.0,0.0,2.1,HAVENWERK QMSTEDAM,79,none
225994585,41.374836,2.1788583,0.1,360.0,511.0,-731.3865,0,2026-06-03 20:00:50.000000,MSSIS,False,ECOCAT DOS,0,,0.0,0.0,0.0,,60,none
236112826,36.289772,-5.2740617,0.0,360.0,511.0,0.0,15,2026-06-03 20:00:50.000000,MSSIS,False,JANNICK JAI,0,,0.0,0.0,0.0,,0,none
224320330,39.49984,2.7478533,0.1,188.6,511.0,0.0,15,2026-06-03 20:00:50.000000,MSSIS,False,,0,,0.0,0.0,0.0,,37,none
378114656,41.260338,1.92739,0.0,360.0,511.0,0.0,15,2026-06-03 20:00:50.000000,MSSIS,False,,0,ZJL4218,0.0,0.0,0.0,,37,none
245864000,33.186348,-8.676441,0.0,97.6,31.0,0.0,1,2026-06-03 20:00:50.000000,MSSIS,False,KWINTEBANK,9234288,PBGT,0.0,0.0,7.5,JORF LASFAR,70,none
352001845,32.36141,15.217152,0.0,103.8,0.0,0.0,5,2026-06-03 20:00:50.000000,MSSIS,False,XING SHUN 25,8591794,3E2759,0.0,0.0,6.3,LY MRA,73,none
367776660,21.309975,-157.86853,0.1,259.6,167.0,0.0,5,2026-06-03 20:00:50.000000,MSSIS,False,MOUNT BAKER,9822906,WDJ6673,0.0,0.0,3.9,KAUNAKAKAI,52,none
265698180,53.89739,14.267411,0.0,360.0,511.0,0.0,15,2026-06-03 20:00:50.000000,MSSIS,False,,0,SHCB,0.0,0.0,0.0,,56,none
219023391,55.84955,12.573833,0.0,157.2,157.0,0.0,15,2026-06-03 20:00:50.000000,MSSIS,False,ALVA,0,,0.0,0.0,0.0,,0,none
503000149,-19.258959,146.84161,0.0,360.0,511.0,0.0,15,2026-06-03 20:00:49.000000,MSSIS,False,,0,,0.0,0.0,0.0,,52,none
240243300,37.856503,24.784145,0.0,360.0,511.0,-731.3865,0,2026-06-03 20:00:49.000000,MSSIS,False,ALL INN,0,SVA9645,0.0,0.0,2.0,LAVRIO,36,none
503054630,-43.037205,147.27716,0.0,220.0,281.0,0.0,15,2026-06-03 20:00:49.000000,MSSIS,False,EMMANUEL,0,,0.0,0.0,0.0,,0,none
548011500,12.323829,121.082115,0.3,331.8,511.0,-731.3865,8,2026-06-03 20:00:49.000000,MSSIS,False,,0,DUF6214,0.0,0.0,0.0,,70,none
431005085,33.36307,129.43588,0.0,226.7,242.0,0.0,15,2026-06-03 20:00:49.000000,MSSIS,False,GENPUKUMARU NO11,0,,0.0,0.0,0.0,,0,none
257149000,62.20379,5.571893,0.0,27.2,120.0,0.0,5,2026-06-03 20:00:49.000000,MSSIS,False,KAMILLA G,9397004,JWLM,0.0,0.0,0.0,CH 16 FOR DEST,30,none
250000699,51.55904,-9.133115,0.0,262.6,250.0,0.0,3,2026-06-03 20:00:49.000000,MSSIS,False,BRIAN EOIN,0,EI8869,0.0,0.0,3.2,MAUREEN HAV D FRY ON,30,none
219026571,56.531513,9.318969,0.0,99.0,511.0,0.0,15,2026-06-03 20:00:49.000000,MSSIS,False,OTIUM,0,,0.0,0.0,0.0,,0,none
518998245,-20.347216,148.95007,0.0,99.5,351.0,0.0,5,2026-06-03 20:00:49.000000,MSSIS,False,MASTEKA 2,954861500,E5U4223,0.0,0.0,2.3,SYDNEY,37,none
219043000,57.824368,4.514167,2.1,14.9,27.0,40.176258,0,2026-06-03 20:00:49.000000,MSSIS,False,ESVAGT CHRISTINA,9536882,OUMF2,0.0,0.0,4.6,YME FIELD,51,none
257993700,59.860466,5.28916,0.0,22.7,511.0,-731.3865,0,2026-06-03 20:00:49.000000,MSSIS,False,ALFIE,0,LG3441,0.0,0.0,0.0,,79,none
413219020,34.485523,128.26846,13.7,242.7,237.0,0.0,0,2026-06-03 20:00:49.000000,MSSIS,False,ZHONG WAI YUN NINGBO,9367956,BOAK2,0.0,0.0,6.8,KAN,71,none
440315680,34.925327,128.59502,0.0,349.4,511.0,-731.3865,8,2026-06-03 20:00:49.000000,MSSIS,False,JAEWON 12001,0,,0.0,0.0,0.0,,30,none
440432000,34.318134,127.92617,13.5,270.2,270.0,-3.6158633,0,2026-06-03 20:00:49.000000,MSSIS,False,WOOLIM 7,9848833,DSME,0.0,0.0,5.3,KR INC,82,none
538004328,40.21282,18.503824,0.8,68.2,133.0,0.0,1,2026-06-03 20:00:49.000000,MSSIS,False,XIN HAI TONG 35,9594602,V7WL3,0.0,0.0,6.3,OTRANTO N6,70,none
3638,55.332245,10.964887,0.0,0.0,511.0,-731.3865,15,2026-06-03 20:00:49.000000,MSSIS,False,3638,0,0,0.0,0.0,0.0,HOME,0,none
566952000,51.439476,2.0039966,10.0,311.3,299.0,-2.187374,0,2026-06-03 20:00:49.000000,MSSIS,False,APL SAVANNAH,9597513,9V9919,0.0,0.0,14.1,LKCMBGBLGP,74,none
316057221,54.251896,-130.3558,4.7,334.8,511.0,0.0,15,2026-06-03 20:00:49.000000,MSSIS,False,,0,,0.0,0.0,0.0,,36,none
224031240,28.125622,-15.42647,0.1,90.0,511.0,0.0,15,2026-06-03 20:00:49.000000,MSSIS,False,,0,BO12345,0.0,0.0,0.0,,37,none
228459700,43.41004,4.847512,0.0,326.1,131.0,0.0,5,2026-06-03 20:00:49.000000,MSSIS,False,CMA CGM LAGUNA,9938171,FMYQ,0.0,0.0,13.5,FRFOS,71,none
224337840,39.452488,-0.310125,0.0,360.0,511.0,0.0,15,2026-06-03 20:00:49.000000,MSSIS,False,,0,,0.0,0.0,0.0,,52,none
225985828,38.342083,-0.48466834,0.1,360.0,511.0,0.0,15,2026-06-03 20:00:49.000000,MSSIS,False,,0,EA6161,0.0,0.0,0.0,,60,none
235010730,43.788418,7.6008167,0.0,129.1,289.0,0.0,0,2026-06-03 20:00:49.000000,MSSIS,False,DREAM,9027336,MLRZ6,0.0,0.0,3.1,VENTIMIGLIA,37,none
672520000,34.293247,12.019192,8.8,280.6,511.0,-731.3865,1,2026-06-03 20:00:49.000000,MSSIS,False,IMEN,8783921,3V3514,0.0,0.0,0.0,,30,none
319003400,36.291157,-5.27031,0.0,360.0,511.0,0.0,15,2026-06-03 20:00:49.000000,MSSIS,False,LA BELLA SARA III,0,,0.0,0.0,0.0,,0,none
636025342,40.782948,1.9406867,10.2,21.1,23.0,0.0,0,2026-06-03 20:00:49.000000,MSSIS,False,MSC CEDAR II,9231092,5LWY8,0.0,0.0,8.4,ESBCN,79,none
367375970,44.126484,-68.883736,9.0,104.4,104.0,0.0,0,2026-06-03 20:00:49.000000,MSSIS,False,CAPT NEAL BURGESS,999999999,WDE6115,0.0,0.0,3.0,NORTH HAVEN  RKLD,60,none
316013560,46.23273,-55.153503,8.7,170.7,511.0,0.0,15,2026-06-03 20:00:49.000000,MSSIS,False,OVERSPRAY,0,,0.0,0.0,0.0,,0,none
224230690,37.189163,-6.96561,0.1,360.0,511.0,0.0,15,2026-06-03 20:00:49.000000,MSSIS,False,YARCLA CINCO,0,,0.0,0.0,0.0,,0,none
257766660,59.387085,10.651908,0.0,360.0,511.0,0.0,15,2026-06-03 20:00:49.000000,MSSIS,False,,0,LD8254,0.0,0.0,0.0,,37,none
316002280,49.298916,-67.2002,9.3,210.6,215.0,1.1160072,0,2026-06-03 20:00:49.000000,MSSIS,False,ALGOMA CONVEYOR,9619268,XJBT,0.0,0.0,9.5,CONTRECOEUR,70,none
251111110,65.667946,-21.587936,1.1,290.6,511.0,0.0,15,2026-06-03 20:00:49.000000,MSSIS,False,,0,6361,0.0,0.0,0.0,,30,none
338248536,37.865772,-122.31216,0.0,360.0,511.0,0.0,15,2026-06-03 20:00:49.000000,MSSIS,False,,0,,0.0,0.0,0.0,,36,none
338399375,41.351025,-71.970695,0.0,360.0,511.0,0.0,15,2026-06-03 20:00:49.000000,MSSIS,False,,0,,0.0,0.0,0.0,,37,none
338489917,33.72365,-118.280685,0.1,360.0,511.0,0.0,15,2026-06-03 20:00:49.000000,MSSIS,False,KAMRYN DAWSON,0,,0.0,0.0,0.0,,0,none
244660169,52.407722,4.7787266,0.0,25.7,511.0,-731.3865,5,2026-06-03 20:00:49.000000,MSSIS,False,CASCADE,0,PH4757,0.0,0.0,1.3,AMSTERDAM AMERIKAHAV,79,none
232006201,50.71155,-1.9844017,0.1,183.2,511.0,0.0,15,2026-06-03 20:00:49.000000,MSSIS,False,,0,MAOH9,0.0,0.0,0.0,,36,none
367050320,33.724247,-118.06292,0.0,245.4,205.0,0.0,15,2026-06-03 20:00:50.000000,MSSIS,False,,0,WDN9078,0.0,0.0,0.0,,37,none
750907000,24.322987,66.57192,0.2,307.1,224.0,0.0,1,2026-06-03 20:00:50.000000,MSSIS,False,VENTURA,9216559,8RCA4,0.0,0.0,8.5,KARACHI,80,none
227564320,43.414516,6.7773767,0.1,135.5,511.0,0.0,15,2026-06-03 20:00:49.000000,MSSIS,False,,0,FGD4816,0.0,0.0,0.0,,36,none
630001136,31.692434,35.992367,4.6,29.0,359.0,-720.00323,3,2026-06-03 20:00:49.000000,MSSIS,False,ABDEL FATTAH 1,1054761,J5AP8,0.0,0.0,5.0,DAMIETTA,33,none
258084230,58.077526,8.005252,0.0,146.7,511.0,0.0,15,2026-06-03 20:00:49.000000,MSSIS,False,,0,LI3019,0.0,0.0,0.0,,30,none
255916107,10.317192,123.95354,0.0,202.4,56.0,0.0,5,2026-06-03 20:00:49.000000,MSSIS,False,APEX,9746798,CQ2536,0.0,0.0,8.3,PHCEB,70,none
316003693,43.713436,-65.96738,4.7,195.2,511.0,0.0,15,2026-06-03 20:00:49.000000,MSSIS,False,,0,,0.0,0.0,0.0,,30,none
244060919,51.228367,4.406677,0.0,360.0,511.0,0.0,15,2026-06-03 20:00:49.000000,MSSIS,False,,0,PE4793,0.0,0.0,0.0,,37,none
378389000,41.210587,1.7305917,0.0,77.2,344.0,0.0,5,2026-06-03 20:00:49.000000,MSSIS,False,ASGARD,0,ZJL9270,0.0,0.0,9.0,LA SPEZIA,36,none
368168690,48.61162,-123.15531,0.0,360.0,511.0,0.0,15,2026-06-03 20:00:49.000000,MSSIS,False,,0,,0.0,0.0,0.0,,37,none
244060875,51.841846,4.65964,0.1,192.6,511.0,-731.3865,0,2026-06-03 20:00:49.000000,MSSIS,False,MRD COMMANDER,0,PD5055,0.0,0.0,0.0,,79,none
244700200,51.849804,5.827965,0.0,353.7,511.0,-731.3865,5,2026-06-03 20:00:49.000000,MSSIS,False,HYDROVAC 18,0,PH5716,0.0,0.0,0.0,NIJMEGEN,89,none
503124840,-26.684246,153.13402,7.1,21.6,16.0,0.0,15,2026-06-03 20:00:49.000000,MSSIS,False,,0,145490,0.0,0.0,0.0,,50,none
220486000,53.546513,8.566763,0.1,347.5,148.0,0.0,0,2026-06-03 20:00:49.000000,MSSIS,False,SVITZER RAN,9760847,OXFZ2,0.0,0.0,5.9,TOWING BREMERHAVEN,52,none
316002057,48.96076,-57.99904,0.0,339.1,511.0,-731.3865,7,2026-06-03 20:00:49.000000,MSSIS,False,CANADA 100,6809472,V04447,0.0,0.0,0.0,FISHING GROUNDS,30,none
316026746,49.400043,-123.504974,0.0,360.0,511.0,0.0,15,2026-06-03 20:00:49.000000,MSSIS,False,,0,,0.0,0.0,0.0,,30,none
338228365,37.867275,-122.31769,0.0,360.0,511.0,0.0,15,2026-06-03 20:00:49.000000,MSSIS,False,SEA FEVER,0,,0.0,0.0,0.0,,0,none
368060520,37.408924,-76.3543,0.0,360.0,511.0,0.0,15,2026-06-03 20:00:49.000000,MSSIS,False,,0,WDN9493,0.0,0.0,0.0,,36,none
477945700,53.99358,-136.60358,16.1,51.9,51.0,-1.6070504,0,2026-06-03 20:00:49.000000,MSSIS,False,KONGTONG,9958664,VRVV2,0.0,0.0,9.3,FOR ORDER,80,none
261005150,58.98337,5.54874,5.1,8.0,511.0,0.0,15,2026-06-03 20:00:49.000000,MSSIS,False,WOJEWODZTWO TORUNSKI,0,,0.0,0.0,0.0,,0,none
338493871,34.99493,-76.671936,6.8,37.1,511.0,0.0,15,2026-06-03 20:00:49.000000,MSSIS,False,,0,,0.0,0.0,0.0,,37,none
338313733,38.77537,-76.56733,0.0,360.0,511.0,0.0,15,2026-06-03 20:00:49.000000,MSSIS,False,,0,WDK3561,0.0,0.0,0.0,,37,none
316035409,49.274933,-123.10786,0.0,325.8,511.0,0.0,15,2026-06-03 20:00:49.000000,MSSIS,False,,0,,0.0,0.0,0.0,,60,none
338353571,50.052773,-124.74566,0.0,292.6,16.0,0.0,15,2026-06-03 20:00:49.000000,MSSIS,False,,0,MURTLE2,0.0,0.0,0.0,,37,none
366939670,48.991863,-122.75976,0.0,333.8,511.0,0.0,15,2026-06-03 20:00:49.000000,MSSIS,False,SEAWEED,0,,0.0,0.0,0.0,,0,none
338402895,25.726261,-80.23384,0.1,360.0,511.0,0.0,15,2026-06-03 20:00:49.000000,MSSIS,False,,0,,0.0,0.0,0.0,,37,none
211230650,53.19672,8.516805,5.4,64.1,511.0,-731.3865,0,2026-06-03 20:00:49.000000,MSSIS,False,JULIUSPLATE,0,DJ3158,0.0,0.0,0.0,,69,none
257095401,59.452534,10.461995,0.1,360.0,511.0,0.0,15,2026-06-03 20:00:50.000000,MSSIS,False,,0,XXXXX,0.0,0.0,0.0,,33,none
356847000,51.901867,3.544225,0.0,326.6,222.0,0.0,0,2026-06-03 20:00:49.000000,MSSIS,False,ANNABEL L,9853711,3FLO6,0.0,0.0,13.6,NLRTM,70,none
211829730,53.324062,5.9956865,0.1,360.0,511.0,0.0,15,2026-06-03 20:00:50.000000,MSSIS,False,,0,DJ9571,0.0,0.0,0.0,,36,none
261186060,52.391827,9.405046,4.3,84.4,511.0,-731.3865,0,2026-06-03 20:00:49.000000,MSSIS,False,RSPMS5255,0,SR6060,0.0,0.0,1.9,BERLIN,79,none
232062298,40.542324,-74.13086,0.1,360.0,511.0,0.0,15,2026-06-03 20:00:50.000000,MSSIS,False,,0,MSKK4,0.0,0.0,0.0,,37,none
244740579,52.406433,4.827275,0.0,360.0,511.0,-731.3865,5,2026-06-03 20:00:49.000000,MSSIS,False,MEDIATION,0,PH9722,0.0,0.0,1.9,AMSTERDAM WESTHAVEN,79,none
228121530,47.721966,-3.3682067,0.1,360.0,511.0,0.0,15,2026-06-03 20:00:50.000000,MSSIS,False,,0,FAJ6598,0.0,0.0,0.0,,36,none
211236200,51.786865,4.6354985,0.0,0.0,511.0,-731.3865,5,2026-06-03 20:00:49.000000,MSSIS,False,MERVE,0,DG7128,0.0,0.0,3.5,DORDRECHT JULIANAHAV,80,none
316038289,48.13871,-69.72707,1.6,6.3,201.0,-720.00323,0,2026-06-03 20:00:49.000000,MSSIS,False,JOS DESCHENES II,9703227,CFA2795,0.0,0.0,4.1,TADOUSSACBSC,60,none
211519890,52.492783,13.467056,0.0,0.0,511.0,-731.3865,15,2026-06-03 20:00:49.000000,MSSIS,False,LICHTENBERG,0,DA5729,0.0,0.0,0.0,,69,none
316014340,48.493732,-69.06224,12.7,226.8,228.0,0.0,0,2026-06-03 20:00:49.000000,MSSIS,False,FERBEC,9259848,CFEU,0.0,0.0,11.1,SOREL,70,none
244700691,51.900345,4.49133,0.0,360.0,511.0,-731.3865,5,2026-06-03 20:00:49.000000,MSSIS,False,EENDRACHT,0,PF2437,0.0,0.0,2.0,NLZWO00086CITYX00015,79,none
341580001,25.330177,56.49192,4.4,177.9,148.0,0.0,1,2026-06-03 20:00:50.000000,MSSIS,False,LILAC,9551167,V4XO5,0.0,0.0,4.4,KFK,80,none
548743000,50.172073,-1.8795834,11.7,251.7,251.0,0.0,0,2026-06-03 20:00:50.000000,MSSIS,False,NY SUNRISE,9934814,DYMS,0.0,0.0,9.5,BE ANRBEZEE,70,none
338254824,46.30574,-124.04458,0.1,13.2,70.0,0.0,15,2026-06-03 20:00:45.000000,MSSIS,False,PROTETTORE,0,,0.0,0.0,0.0,,0,none
255803370,51.694614,4.613315,0.0,134.1,159.0,0.0,5,2026-06-03 20:00:45.000000,MSSIS,False,CORNION,9360491,CQMH,0.0,0.0,6.4,NL MOE,70,none
244660296,51.8294,4.4110117,0.0,360.0,511.0,-731.3865,5,2026-06-03 20:00:45.000000,MSSIS,False,ADONIA,0,PD3809,0.0,0.0,0.0,ROTTERDAM,79,none
244184693,52.31193,5.1479983,0.0,360.0,511.0,0.0,15,2026-06-03 20:00:45.000000,MSSIS,False,,0,PI8423,0.0,0.0,0.0,,37,none
338496128,27.839512,-97.063545,0.0,360.0,511.0,0.0,15,2026-06-03 20:00:45.000000,MSSIS,False,,0,,0.0,0.0,0.0,,37,none
227495120,47.540863,-2.8984318,0.0,360.0,511.0,0.0,15,2026-06-03 20:00:45.000000,MSSIS,False,,0,FAE6194,0.0,0.0,0.0,,36,none
218027760,54.18091,12.09694,0.0,7.1,511.0,0.0,15,2026-06-03 20:00:45.000000,MSSIS,False,,0,DB4994,0.0,0.0,0.0,,37,none
366988020,41.642273,-70.91287,0.0,310.6,511.0,0.0,15,2026-06-03 20:00:45.000000,MSSIS,False,THOR,0,,0.0,0.0,0.0,,0,none
538071909,25.787643,-80.15506,0.1,360.0,511.0,0.0,15,2026-06-03 20:00:45.000000,MSSIS,False,,0,V7A6137,0.0,0.0,0.0,,37,none
368372060,48.8917,-123.39135,0.7,240.0,121.0,0.0,15,2026-06-03 20:00:45.000000,MSSIS,False,,0,WDP6374,0.0,0.0,0.0,,36,none
316030894,50.338142,-125.45328,8.6,278.6,511.0,0.0,15,2026-06-03 20:00:45.000000,MSSIS,False,,0,CFN7365,0.0,0.0,0.0,,37,none
219031853,55.267128,9.886468,0.1,360.0,511.0,0.0,15,2026-06-03 20:00:46.000000,MSSIS,False,FLA  U,0,,0.0,0.0,0.0,,0,none
265585600,61.207157,17.145325,0.1,280.4,165.0,0.0,0,2026-06-03 20:00:46.000000,MSSIS,False,PILOT 793 SE,0,SMYB,0.0,0.0,1.0,PILOT AREA CH 13,50,none
338531904,39.75505,-74.11584,0.0,360.0,511.0,0.0,15,2026-06-03 20:00:46.000000,MSSIS,False,,0,,0.0,0.0,0.0,,37,none
636024660,5.3079534,-4.0237885,0.0,320.1,47.0,0.0,5,2026-06-03 20:00:46.000000,MSSIS,False,ADALADY,9664160,5LTR9,0.0,0.0,6.1,CIABJ,70,none
403579000,23.92478,38.21575,0.0,356.2,259.0,0.4017626,1,2026-06-03 20:00:46.000000,MSSIS,False,UQAB,9830824,HZMB,0.0,0.0,11.0,SA YBI,80,none
338177897,34.261826,-77.94198,0.0,360.0,511.0,-731.3865,5,2026-06-03 20:00:46.000000,MSSIS,False,WILKO,0,,0.0,0.0,0.0,,33,none
218018660,53.356712,7.2076635,0.0,360.0,511.0,0.0,15,2026-06-03 20:00:46.000000,MSSIS,False,,0,DF9045,0.0,0.0,0.0,,37,none
245319000,54.63409,11.375035,0.0,305.0,22.0,0.0,0,2026-06-03 20:00:46.000000,MSSIS,False,WADDENSTROOM,9951226,PGUH,0.0,0.0,2.9,CONSTRUCTION VESSEL,52,none
257046370,63.654697,8.777112,0.0,237.7,511.0,0.0,15,2026-06-03 20:00:46.000000,MSSIS,False,,0,LG9983,0.0,0.0,0.0,,33,none
314471000,51.176952,3.80133,0.0,149.3,202.0,0.0,5,2026-06-03 20:00:46.000000,MSSIS,False,WILSON LUGA,9156187,8PAQ7,0.0,0.0,3.5,BEGNE,79,none
258207780,68.29829,15.077565,0.0,360.0,511.0,0.0,15,2026-06-03 20:00:46.000000,MSSIS,False,,0,LG9895,0.0,0.0,0.0,,70,none
368367730,40.60309,-73.91272,4.6,113.5,511.0,-731.3865,0,2026-06-03 20:00:46.000000,MSSIS,False,NYPD CT4,0,WDP5916,0.0,0.0,0.0,,55,none
244001263,52.568863,5.911413,0.0,360.0,511.0,0.0,15,2026-06-03 20:00:46.000000,MSSIS,False,,0,PF9431,0.0,0.0,0.0,,37,none
305287000,59.109,10.9713335,16.1,353.0,352.0,-720.00323,0,2026-06-03 20:00:46.000000,MSSIS,False,NEUENFELDE,9231846,V2DO9,0.0,0.0,7.5,NOFRK,79,none
304018000,59.4588,24.660007,0.0,271.3,511.0,-731.3865,5,2026-06-03 20:00:46.000000,MSSIS,False,FJORD,9190262,V2RE2,0.0,0.0,3.8,EE VEB,79,none
220304000,56.715702,11.51249,0.0,327.6,281.0,0.0,7,2026-06-03 20:00:46.000000,MSSIS,False,RS 194 STISHOLM,0,XP5820,0.0,0.0,0.0,CH 16 FOR INFO,30,none
219022047,55.462086,8.443666,0.1,148.3,228.0,0.0,0,2026-06-03 20:00:46.000000,MSSIS,False,FONIKS SUPPORTER,8661020,OUBJ2,0.0,0.0,2.0,ESBJERG,89,none
338431271,32.02071,-81.01718,0.1,1.6,511.0,0.0,15,2026-06-03 20:00:46.000000,MSSIS,False,,0,,0.0,0.0,0.0,,37,none
352005751,35.10195,129.04132,0.0,131.1,307.0,0.0,5,2026-06-03 20:00:46.000000,MSSIS,False,PANSTAR GRACE,9874777,3E8954,0.0,0.0,2.2,KR BSN,40,none
235101365,50.805992,-1.1068417,0.0,318.3,511.0,-731.3865,5,2026-06-03 20:00:46.000000,MSSIS,False,SD NETLEY,9208291,ZQXL4,0.0,0.0,1.8,PORTSMOUTH,60,none
368102180,38.09171,-89.93992,3.2,50.3,38.0,-720.00323,12,2026-06-03 20:00:46.000000,MSSIS,False,KARL E JOHNSON,30000000,WDK9279,0.0,0.0,2.9,US10QN09P6,57,none
244250773,51.3318,3.8240833,0.0,360.0,511.0,-731.3865,5,2026-06-03 20:00:46.000000,MSSIS,False,POSEIDON,0,PD9464,0.0,0.0,0.0,,79,none
257124140,69.97986,18.226017,6.2,302.1,511.0,-731.3865,7,2026-06-03 20:00:46.000000,MSSIS,False,JENSEN KVITBERG,0,LM5573,0.0,0.0,0.0,,0,none
232063915,43.585915,7.121835,0.0,360.0,511.0,0.0,15,2026-06-03 20:00:46.000000,MSSIS,False,NALA C,0,,0.0,0.0,0.0,,0,none
367485260,32.689743,-117.13878,0.0,360.0,511.0,-731.3865,5,2026-06-03 20:00:46.000000,MSSIS,False,PERSUADER,0,WDF7513,0.0,0.0,0.0,,0,none
244030378,52.323788,5.2264132,0.0,0.0,511.0,-731.3865,0,2026-06-03 20:00:46.000000,MSSIS,False,KB1603,0,PC7768,0.0,0.0,0.0,GENEMUIDEN,33,none
329000200,16.224583,-61.531883,0.0,233.6,163.0,0.0,0,2026-06-03 20:00:50.000000,MSSIS,False,LEKAHOUANNE,0,FKOD,0.0,0.0,1.8,GPPTP,33,none
255915762,4.853515,-52.279232,0.0,175.0,266.0,0.0,5,2026-06-03 20:00:50.000000,MSSIS,False,JACQUELINE C,9429754,CQ2220,0.0,0.0,6.7,GFDDC,70,none
538011191,6.8898115,-51.3585,13.2,304.4,301.0,0.0,0,2026-06-03 20:00:50.000000,MSSIS,False,CELSIUS GUADELOUPE,9969223,V7A6746,0.0,0.0,9.6,FOR ORDERS,80,none
311001541,5.4157867,-50.920162,8.4,301.6,299.0,-0.7142446,0,2026-06-03 20:00:50.000000,MSSIS,False,PARNASSOS,1015258,C6HR2,0.0,0.0,11.0,CAPE TOWN  USCRP,80,none
232059972,13.250258,-61.442707,9.3,24.2,25.0,0.0,0,2026-06-03 20:00:50.000000,MSSIS,False,KESTREL FISHER,9556040,MRTK8,0.0,0.0,4.7,STLUCIA,81,none
316009090,42.07108,-81.50496,13.7,250.4,249.0,-2.187374,0,2026-06-03 20:00:50.000000,MSSIS,False,ALGOMA EQUINOX,9613927,XJBH,0.0,0.0,7.0,SUPERIOR BN5,70,none
244670293,51.981686,3.99949,0.0,22.5,511.0,-731.3865,5,2026-06-03 20:00:50.000000,MSSIS,False,TNB PRIDE,0,PD4357,0.0,0.0,0.0,CALANDKANAAL,89,none
205314530,51.438374,3.606585,5.1,299.4,511.0,0.0,15,2026-06-03 20:00:50.000000,MSSIS,False,,0,OP3145,0.0,0.0,0.0,,37,none
366999701,39.19773,-76.57145,0.0,360.0,511.0,-731.3865,5,2026-06-03 20:00:50.000000,MSSIS,False,MORAY,0,NJQA,0.0,0.0,1.7,,55,none
244780155,51.98053,5.4970984,1.9,48.7,511.0,-731.3865,0,2026-06-03 20:00:50.000000,MSSIS,False,GELDERSWEERT,0,PH2008,0.0,0.0,1.1,INGEN  ELST,69,none
228254020,43.26653,6.584755,0.0,360.0,511.0,0.0,15,2026-06-03 20:00:50.000000,MSSIS,False,,0,FAL4802,0.0,0.0,0.0,,36,none
218013480,14.4603,-60.871876,0.1,292.2,511.0,0.0,15,2026-06-03 20:00:50.000000,MSSIS,False,ROSINANTE,0,,0.0,0.0,0.0,,0,none
368011210,15.982,-61.716232,0.7,133.6,511.0,0.0,15,2026-06-03 20:00:50.000000,MSSIS,False,SHEET SHOW,0,,0.0,0.0,0.0,,0,none
258334000,60.074226,5.2092867,0.0,313.9,511.0,-731.3865,5,2026-06-03 20:00:50.000000,MSSIS,False,SLOTTSTEIN,6620797,LJDR,0.0,0.0,0.0,FISHING CH 16,30,none
338313847,14.664412,-61.216442,6.7,330.4,511.0,0.0,15,2026-06-03 20:00:50.000000,MSSIS,False,,0,,0.0,0.0,0.0,,36,none
270403000,50.321106,14.384008,2.1,250.1,511.0,-731.3865,0,2026-06-03 20:00:50.000000,MSSIS,False,TR31,0,OL2031,0.0,0.0,0.6,USTI  N  L,99,none
249510000,16.220772,-61.530148,0.4,360.0,269.0,0.0,15,2026-06-03 20:00:50.000000,MSSIS,False,,0,9HC2713,0.0,0.0,0.0,,37,none
370603000,54.39368,18.675026,0.0,262.5,35.0,0.0,5,2026-06-03 20:00:50.000000,MSSIS,False,MINTAKA I,7638416,HO6142,0.0,0.0,4.3,PLGDN,33,none
316009613,54.32189,-130.31425,0.3,360.0,511.0,0.0,15,2026-06-03 20:00:50.000000,MSSIS,False,,0,,0.0,0.0,0.0,,60,none
211475980,51.374027,6.713385,0.0,360.0,511.0,-731.3865,5,2026-06-03 20:00:50.000000,MSSIS,False,HERKULES II,0,DH2180,0.0,0.0,1.9,DINTELHAVEN,90,none
251825740,66.04557,-17.344671,0.0,0.0,511.0,0.0,15,2026-06-03 20:00:50.000000,MSSIS,False,,0,7564,0.0,0.0,0.0,,37,none
319129000,26.061827,-80.133545,0.0,0.0,178.0,0.0,5,2026-06-03 20:00:46.000000,MSSIS,False,VALENTINA,1007976,ZCNN3,0.0,0.0,3.4,DERECKTOR DANIA BEAC,37,none
244009978,53.015026,5.667987,0.0,360.0,511.0,0.0,15,2026-06-03 20:00:46.000000,MSSIS,False,,0,PB6805,0.0,0.0,0.0,,37,none
367690000,40.761818,-72.12523,11.9,54.1,53.0,0.0,0,2026-06-03 20:00:46.000000,MSSIS,False,ATB FREEPORT,9447249,WDD6704,0.0,0.0,6.7,NEW LONDON,89,none
232033029,43.563873,7.079358,0.1,360.0,511.0,0.0,15,2026-06-03 20:00:46.000000,MSSIS,False,,0,MIPU2,0.0,0.0,0.0,,37,none
244710587,52.376747,4.924423,0.0,360.0,511.0,-731.3865,5,2026-06-03 20:00:46.000000,MSSIS,False,ZAAN,0,PI3392,0.0,0.0,0.0,,0,none
367165450,40.648617,-74.096985,0.0,10.6,88.0,0.0,5,2026-06-03 20:00:46.000000,MSSIS,False,TREASURE COAST,9448267,WDD5896,0.0,0.0,5.5,NYNY,32,none
367143920,38.98312,-90.67492,4.1,357.1,348.0,0.0,12,2026-06-03 20:00:46.000000,MSSIS,False,PAUL BROTZGE,0,WDD4377,0.0,0.0,2.8,US11SK11EC,57,none
258051000,69.64754,18.97984,0.0,360.0,349.0,0.0,5,2026-06-03 20:00:46.000000,MSSIS,False,ARCTIC OPILIO,8505472,LFAZ,0.0,0.0,6.7,TROMSO,30,none
244690420,52.936,5.03713,0.0,256.9,511.0,-731.3865,15,2026-06-03 20:00:46.000000,MSSIS,False,DAGERAAD,0,PG3702,0.0,0.0,0.0,,69,none
244030547,51.97052,5.4251184,0.0,360.0,511.0,-731.3865,5,2026-06-03 20:00:46.000000,MSSIS,False,BOA VIDA,0,PC7215,0.0,0.0,1.6,,37,none
338499788,26.120754,-80.121086,0.0,360.0,511.0,0.0,15,2026-06-03 20:00:46.000000,MSSIS,False,,0,,0.0,0.0,0.0,,36,none
244140412,53.148117,5.906083,0.0,360.0,511.0,-731.3865,5,2026-06-03 20:00:46.000000,MSSIS,False,STORMVOGEL,0,PA5926,0.0,0.0,1.8,WARTENA,37,none
246570000,52.06809,4.2025633,3.4,54.1,54.0,720.00323,5,2026-06-03 20:00:46.000000,MSSIS,False,WR163 MARE PORCELLUM,8985153,PBQJ,0.0,0.0,2.2,WIERINGEN,30,none
244690133,52.643143,6.0853515,0.0,360.0,511.0,-731.3865,5,2026-06-03 20:00:46.000000,MSSIS,False,SILTE,0,PG9910,0.0,0.0,0.0,MEPPELERDIEP,79,none
338236311,38.978912,-76.331345,0.0,136.6,511.0,0.0,15,2026-06-03 20:00:46.000000,MSSIS,False,,0,,0.0,0.0,0.0,,37,none
235010450,-27.36115,153.17804,0.0,267.0,32.0,0.0,5,2026-06-03 20:00:46.000000,MSSIS,False,EVER SMART,9300403,MLBD9,0.0,0.0,11.9,AUMELAUBNE,71,none
249706000,51.936775,4.1811934,0.1,0.5,310.0,-0.17856115,5,2026-06-03 20:00:46.000000,MSSIS,False,ERNE,9393072,9HYM9,0.0,0.0,5.3,NLRTM,89,none
265080520,57.62576,11.800703,0.0,360.0,511.0,-731.3865,0,2026-06-03 20:00:46.000000,MSSIS,False,HYDRA,0,SFE5925,0.0,0.0,0.5,KOSSO BYGG CH14,90,none
255806436,55.644875,21.161856,0.0,47.9,324.0,0.0,5,2026-06-03 20:00:46.000000,MSSIS,False,ANNE D,9404089,CQEN9,0.0,0.0,6.7,LVRIX,70,none
256001122,38.91419,1.4434217,0.0,269.5,143.0,0.0,15,2026-06-03 20:00:46.000000,MSSIS,False,MY IV DREAMS,0,,0.0,0.0,0.0,,0,none
538006079,-8.702237,13.280882,0.0,63.7,347.0,-0.7142446,1,2026-06-03 20:00:46.000000,MSSIS,False,STI SYMPHONY,9719692,V7JO5,0.0,0.0,14.7,AO LAD,80,none
225995136,36.581116,-6.2563,0.0,360.0,511.0,0.0,15,2026-06-03 20:00:46.000000,MSSIS,False,,0,,0.0,0.0,0.0,,37,none
247031400,44.08232,9.855857,0.6,252.7,511.0,-731.3865,0,2026-06-03 20:00:46.000000,MSSIS,False,PORTOVENERE 1,0,IVRK,0.0,0.0,1.8,LA SPEZIA,60,none
431010448,33.7378,130.2603,13.2,225.0,224.0,0.0,0,2026-06-03 20:00:46.000000,MSSIS,False,SHOGI MARU,9805960,JD4243,0.0,0.0,4.5,JP IWKE,80,none
247389270,44.096436,9.860355,0.0,360.0,511.0,0.0,15,2026-06-03 20:00:46.000000,MSSIS,False,,0,IJ4108,0.0,0.0,0.0,,37,none
316046736,50.34396,-125.48038,8.2,291.2,511.0,0.0,15,2026-06-03 20:00:46.000000,MSSIS,False,,0,,0.0,0.0,0.0,,36,none
247225900,38.638603,15.081502,9.8,68.5,511.0,-731.3865,0,2026-06-03 20:00:46.000000,MSSIS,False,REGINA DEI MARI,0,IFTS,0.0,0.0,1.7,ISOLE EOLIE,60,none
229984000,43.542507,10.2980385,0.0,0.0,254.0,4.464029,5,2026-06-03 20:00:46.000000,MSSIS,False,ANTALIS,1009235,9HA3773,0.0,0.0,0.3,LIVORNO,37,none
211753000,67.215324,-10.70713,5.0,142.6,142.0,0.0,3,2026-06-03 20:00:46.000000,MSSIS,False,MARIA S MERIAN,9274197,DBBT,0.0,0.0,7.2,TOWING 4NM LONG CABL,90,none
247529500,45.43073,12.350248,9.6,307.1,511.0,-731.3865,0,2026-06-03 20:00:46.000000,MSSIS,False,CASTELLO,0,IOPP2,0.0,0.0,2.0,VENEZIA   BURANO,69,none
251170540,66.19752,-23.042742,0.6,324.9,511.0,0.0,15,2026-06-03 20:00:46.000000,MSSIS,False,,0,7579,0.0,0.0,0.0,,30,none
440800306,35.098377,129.04921,0.0,120.4,511.0,-731.3865,15,2026-06-03 20:00:46.000000,MSSIS,False,ROK GOV VESSEL,0,HLGM,0.0,0.0,0.0,,0,none
440053950,35.063953,129.02809,0.1,41.6,11.0,0.0,0,2026-06-03 20:00:46.000000,MSSIS,False,WOO HYEON,9268667,161063,0.0,0.0,6.1,KR PUS,82,none
567007349,12.628206,100.91736,0.0,173.6,173.0,0.0,15,2026-06-03 20:00:46.000000,MSSIS,False,ROONGNATEE8,0,,0.0,0.0,0.0,,0,none
310531000,50.872337,-127.57468,23.6,303.0,303.0,1.1160072,0,2026-06-03 20:00:46.000000,MSSIS,False,EMERALD PRINCESS,9333151,ZCDP8,0.0,0.0,8.8,PINE ISLAND PS,69,none
338925325,46.506428,-84.36367,0.5,39.5,341.0,-720.00323,15,2026-06-03 20:00:46.000000,MSSIS,False,TB DETROIT,0,AFAZ,0.0,0.0,0.0,,0,none
503103640,-27.900993,153.40234,0.0,263.8,511.0,0.0,15,2026-06-03 20:00:46.000000,MSSIS,False,DARLING OF ANGELS,0,,0.0,0.0,0.0,,0,none
244830512,51.925583,4.171425,0.0,302.1,332.0,0.0,5,2026-06-03 20:00:50.000000,MSSIS,False,MONARCH,0,PI6406,0.0,0.0,0.0,ROTTERDAM,80,none
205330470,51.97111,5.92856,0.0,360.0,511.0,0.0,15,2026-06-03 20:00:50.000000,MSSIS,False,,0,OQ3304,0.0,0.0,0.0,,37,none
368355940,38.67611,-76.17436,0.0,22.1,332.0,0.0,15,2026-06-03 20:00:50.000000,MSSIS,False,,0,,0.0,0.0,0.0,,37,none
305090000,43.32091,5.360912,0.0,30.4,511.0,-731.3865,5,2026-06-03 20:00:50.000000,MSSIS,False,MOCA,9695262,ZGGF4,0.0,0.0,4.3,MARSEILLE,37,none
244670137,52.88709,5.361145,0.0,315.7,511.0,-731.3865,8,2026-06-03 20:00:50.000000,MSSIS,False,EENSGEZINDHEID,0,PG9438,0.0,0.0,1.4,ENKHUIZEN,36,none
367442640,21.316416,-157.87741,0.0,105.3,511.0,0.0,15,2026-06-03 20:00:50.000000,MSSIS,False,BLUE SKY,0,,0.0,0.0,0.0,,0,none
512004996,-36.84316,174.77592,0.0,219.7,511.0,-731.3865,0,2026-06-03 20:00:50.000000,MSSIS,False,PILOTVESSEL WAKATERE,0,ZME6262,0.0,0.0,0.0,,50,none
244670725,52.44788,5.199498,7.7,12.8,511.0,-731.3865,0,2026-06-03 20:00:50.000000,MSSIS,False,STAVORDIA,0,PB2538,0.0,0.0,0.0,GROOT AMMERS,20,none
701001041,-34.404522,-58.44034,11.1,151.9,150.0,0.0,0,2026-06-03 20:00:50.000000,MSSIS,False,ARGENMAR MISTRAL,9498937,LW3844,0.0,0.0,5.9,LA PLATA,70,none
244650971,51.819435,4.717305,1.6,128.5,511.0,-731.3865,0,2026-06-03 20:00:50.000000,MSSIS,False,ESTRELLA,0,PD8322,0.0,0.0,0.0,,70,none
338187924,38.97979,-76.3324,0.0,96.3,511.0,0.0,15,2026-06-03 20:00:50.000000,MSSIS,False,,0,B 50 ST,0.0,0.0,0.0,,37,none
244002264,52.431767,4.724692,0.0,360.0,511.0,-731.3865,0,2026-06-03 20:00:50.000000,MSSIS,False,NZK PONT 100,0,PB4581,0.0,0.0,2.5,BUITENHUIZEN,60,none
235112741,51.507313,0.0066266665,0.0,284.8,511.0,-731.3865,0,2026-06-03 20:00:50.000000,MSSIS,False,GALAXY CLIPPER,0,2ITT4,0.0,0.0,1.0,LONDON,40,none
225014870,41.4334,2.25191,4.2,30.2,511.0,0.0,15,2026-06-03 20:00:50.000000,MSSIS,False,GOVINDA,0,,0.0,0.0,0.0,,0,none
244375541,52.882893,4.7743216,0.1,360.0,511.0,-731.3865,0,2026-06-03 20:00:50.000000,MSSIS,False,NH KAN 2,0,PG7818,0.0,0.0,4.0,PAS OP KABELPONT,69,none
338115962,40.74147,-74.019516,11.6,8.8,511.0,0.0,15,2026-06-03 20:00:50.000000,MSSIS,False,TRADITION,0,,0.0,0.0,0.0,,0,none
369735000,32.02349,-81.04828,0.0,196.9,511.0,0.0,15,2026-06-03 20:00:50.000000,MSSIS,False,IMPULSE,0,,0.0,0.0,0.0,,0,none
319130200,42.330177,-83.02194,0.1,10.6,74.0,8.749496,1,2026-06-03 20:00:50.000000,MSSIS,False,SATORI,1013078,ZGHE,0.0,0.0,3.9,US DTT,37,none
244020430,51.66325,4.1677,0.0,241.6,511.0,-731.3865,15,2026-06-03 20:00:50.000000,MSSIS,False,SIMON,0,PD2472,0.0,0.0,0.2,BRUINISSE,52,none
367516020,40.93478,-73.90501,0.0,360.0,511.0,-731.3865,0,2026-06-03 20:00:50.000000,MSSIS,False,PB TRENTON,0,WDG2474,0.0,0.0,2.0,,50,none
219022156,55.712234,12.589935,0.0,360.0,511.0,0.0,15,2026-06-03 20:00:50.000000,MSSIS,False,STELLA,0,,0.0,0.0,0.0,,0,none
367579230,29.831257,-93.96328,0.0,360.0,511.0,-731.3865,15,2026-06-03 20:00:50.000000,MSSIS,False,TERRY CONNER,607623,WDG8602,0.0,0.0,2.0,US0SNS0VWL,57,none
265078100,57.66811,18.325127,0.0,168.7,511.0,0.0,15,2026-06-03 20:00:50.000000,MSSIS,False,LADY SABINA,0,,0.0,0.0,0.0,,0,none
255915683,55.66739,18.11403,9.3,88.4,90.0,0.0,0,2026-06-03 20:00:50.000000,MSSIS,False,WES MADITA,9962990,CQ2141,0.0,0.0,3.4,LTKLJ,70,none
265029580,59.458027,18.281523,0.1,360.0,511.0,0.0,15,2026-06-03 20:00:50.000000,MSSIS,False,,0,SF8042,0.0,0.0,0.0,,37,none
257097800,57.721416,10.602016,0.0,58.6,324.0,0.0,0,2026-06-03 20:00:50.000000,MSSIS,False,SILLE MARIE,9946104,LHBQ,0.0,0.0,0.0,FISKE  CH 16,30,none
205756010,55.54887,12.771698,6.6,123.3,511.0,0.0,15,2026-06-03 20:00:50.000000,MSSIS,False,WINDHOEK,0,,0.0,0.0,0.0,,0,none
255806245,61.430954,17.80862,10.4,313.3,313.0,0.0,0,2026-06-03 20:00:50.000000,MSSIS,False,LETTLAND,9237022,CQAQ3,0.0,0.0,5.5,SEIGG,70,none
338463057,30.42702,-89.06045,0.0,360.0,252.0,0.0,15,2026-06-03 20:00:50.000000,MSSIS,False,,0,WDH9840,0.0,0.0,0.0,,37,none
503333700,-27.870224,153.33571,0.0,4.2,11.0,0.0,15,2026-06-03 20:00:50.000000,MSSIS,False,,0,BZL41Q,0.0,0.0,0.0,,37,none
503499200,-42.826942,147.3036,0.0,162.1,511.0,0.0,15,2026-06-03 20:00:50.000000,MSSIS,False,,0,VJN4187,0.0,0.0,0.0,,36,none
228448900,40.08247,3.6840284,4.8,355.1,511.0,0.0,15,2026-06-03 20:00:51.000000,MSSIS,False,WALLIS,0,,0.0,0.0,0.0,,0,none
261007858,38.637714,0.07118333,0.0,360.0,511.0,0.0,15,2026-06-03 20:00:51.000000,MSSIS,False,JUNA,0,,0.0,0.0,0.0,,0,none
230052910,38.971577,1.2970917,0.0,174.2,511.0,0.0,15,2026-06-03 20:00:51.000000,MSSIS,False,,0,OJ2428,0.0,0.0,0.0,,37,none
265779140,56.880882,16.648584,0.0,352.6,511.0,0.0,15,2026-06-03 20:00:51.000000,MSSIS,False,,0,SF3079,0.0,0.0,0.0,,36,none
261334000,55.42627,13.821977,0.0,0.0,511.0,0.0,15,2026-06-03 20:00:51.000000,MSSIS,False,ZAWISZA CZARNY,0,,0.0,0.0,0.0,,0,none
265607230,57.92561,11.618152,0.0,54.1,511.0,0.0,15,2026-06-03 20:00:51.000000,MSSIS,False,DROTT,0,,0.0,0.0,0.0,,0,none
257948800,61.91088,5.116588,9.7,184.1,177.0,0.0,0,2026-06-03 20:00:49.000000,MSSIS,False,HORNELEN,9771638,LDPK,0.0,0.0,3.0,MAALOYOLDEIDE,69,none
273310900,36.80196,34.650173,0.0,0.0,511.0,-731.3865,1,2026-06-03 20:00:50.000000,MSSIS,False,OMSKIY133,8873336,UIWR,0.0,0.0,0.0,TR MER,70,none
250005297,55.200153,-6.9849634,6.7,137.9,511.0,-731.3865,0,2026-06-03 20:00:50.000000,MSSIS,False,FRAZER STRANGFORD,692631100,EIUK4,0.0,0.0,1.8,GCASTLEMAGILLIGAN,60,none
211382670,54.752716,10.666222,4.4,47.7,511.0,0.0,15,2026-06-03 20:00:51.000000,MSSIS,False,,0,DJ9959,0.0,0.0,0.0,,36,none
503433000,-39.107716,145.12918,23.1,329.7,326.0,0.0,0,2026-06-03 20:00:50.000000,MSSIS,False,SPIRIT OF TASMANIA 2,9158434,VNSZ,0.0,0.0,6.6,AU GEX,69,none
370290000,-22.963083,154.0816,10.3,182.0,184.0,0.0,0,2026-06-03 20:00:50.000000,MSSIS,False,NAVIOS POLLUX,9460033,3FPO2,0.0,0.0,8.8,AUNTL,70,none
367436570,47.755825,-122.260414,0.0,360.0,511.0,0.0,15,2026-06-03 20:00:51.000000,MSSIS,False,,0,WDF3152,0.0,0.0,0.0,,37,none
224176370,42.237957,-8.732855,0.0,360.0,511.0,-731.3865,5,2026-06-03 20:00:51.000000,MSSIS,False,CAIXA VELHO,0,EA5639,0.0,0.0,2.5,ZONA PESCA,30,none
242416100,35.792904,-5.8064566,0.0,360.0,511.0,-731.3865,7,2026-06-03 20:00:51.000000,MSSIS,False,REGINA,0,CNA2264,0.0,0.0,0.0,,0,none
368441090,48.52717,-122.99868,0.0,0.0,0.0,0.0,15,2026-06-03 20:00:51.000000,MSSIS,False,,0,WDQ6144,0.0,0.0,0.0,,36,none
366897560,47.645435,-122.311104,0.1,360.0,511.0,0.0,15,2026-06-03 20:00:51.000000,MSSIS,False,SIENA,0,,0.0,0.0,0.0,,0,none
563251200,36.083794,-5.3002634,4.6,256.6,254.0,1.1160072,0,2026-06-03 20:00:51.000000,MSSIS,False,AL TUWAR,9986609,9V9759,0.0,0.0,9.4,GI GIB W ANCHORAGE,84,none
275072000,57.390068,21.584934,0.0,8.0,51.0,0.0,7,2026-06-03 20:00:51.000000,MSSIS,False,VERGI,8331584,YL2402,0.0,0.0,3.0,VENTSPILS,30,none
367679190,32.725895,-117.190056,0.0,29.9,511.0,0.0,15,2026-06-03 20:00:51.000000,MSSIS,False,,0,WDI2537,0.0,0.0,0.0,,37,none
265052000,59.163418,17.664173,0.0,0.0,156.0,0.0,5,2026-06-03 20:00:51.000000,MSSIS,False,LAKEWAY EXPRESS,9183790,SBAV,0.0,0.0,5.9,PLGDYSESOE,70,none
338311884,32.71468,-117.22825,0.0,360.0,511.0,0.0,15,2026-06-03 20:00:51.000000,MSSIS,False,,0,,0.0,0.0,0.0,,37,none
231836000,56.029625,12.691705,0.0,225.4,356.0,0.0,5,2026-06-03 20:00:51.000000,MSSIS,False,BRUARFOSS,9822841,OZ2183,0.0,0.0,8.4,SEHEL,79,none
205582070,51.55956,3.6465182,0.0,360.0,511.0,0.0,15,2026-06-03 20:00:51.000000,MSSIS,False,,0,OQ5820,0.0,0.0,0.0,,37,none
265045800,56.746624,12.564348,7.0,133.8,511.0,-731.3865,15,2026-06-03 20:00:51.000000,MSSIS,False,FG 19 SILVANA,0,SFC5131,0.0,0.0,0.0,,30,none
258116000,57.437534,10.549084,0.0,124.1,138.0,0.0,8,2026-06-03 20:00:51.000000,MSSIS,False,OLA RYGGEFJORD,9350616,JXUE,0.0,0.0,7.2,FREDERIKSHAVN,30,none
477833600,4.977888,119.62984,14.0,178.6,175.0,-1.1160072,0,2026-06-03 20:00:51.000000,MSSIS,False,OCEAN ASIA,9936800,VRUT6,0.0,0.0,8.8,DAMPIER AUS,70,none
205522190,51.028477,4.0410814,2.1,203.1,511.0,-731.3865,0,2026-06-03 20:00:51.000000,MSSIS,False,ABA2,0,OT5221,0.0,0.0,0.0,,60,none
367514520,29.652021,-91.09045,0.0,131.4,511.0,-731.3865,12,2026-06-03 20:00:51.000000,MSSIS,False,VICKI LYNN,0,WDG2326,0.0,0.0,0.0,US04Y20DGJ,31,none
229844000,43.85713,10.240296,0.1,331.3,249.0,3.6158633,5,2026-06-03 20:00:51.000000,MSSIS,False,LIBRA OMEGA,1012206,9HA5615,0.0,0.0,2.8,VIAREGGIO,37,none
261003640,54.795654,18.418179,0.0,39.8,511.0,-731.3865,5,2026-06-03 20:00:51.000000,MSSIS,False,WLA209 BLANKA,7393482,SPG2130,0.0,0.0,3.4,KEEPCLEAR03NMAFT,30,none
228394800,47.793922,-4.279545,0.0,69.6,511.0,-731.3865,7,2026-06-03 20:00:51.000000,MSSIS,False,BLUE WAVE,0,FMMW,0.0,0.0,4.2,GUILVINEC,30,none
264163628,51.137352,3.789545,0.0,313.3,511.0,-731.3865,5,2026-06-03 20:00:51.000000,MSSIS,False,DIADEMA,0,YP3628,0.0,0.0,1.1,GENT,99,none
450548000,36.907127,12.501707,12.5,111.5,109.0,720.00323,0,2026-06-03 20:00:51.000000,MSSIS,False,VICTORY,7931985,ODVS,0.0,0.0,8.4,FOR ORDERS,90,none
245528000,53.039955,4.8496666,0.0,261.5,241.0,2.8569784,8,2026-06-03 20:00:51.000000,MSSIS,False,DE VRIJHEID,0,PHYY,0.0,0.0,0.9,OUDESCHILD,90,none
311001328,44.397045,8.927194,0.0,181.9,288.0,0.0,5,2026-06-03 20:00:51.000000,MSSIS,False,JSD6000,9739408,C6GR4,0.0,0.0,9.5,ES LPAIT GOA,89,none
211229210,53.518345,10.036855,0.0,0.0,299.0,0.0,5,2026-06-03 20:00:51.000000,MSSIS,False,SEGERDIEK,0,DDFE,0.0,0.0,1.2,HAMBURG,90,none
368024740,33.74722,-118.21566,0.1,98.6,98.0,-720.00323,0,2026-06-03 20:00:51.000000,MSSIS,False,LB PILOT BOAT  ORION,0,WDJ9306,0.0,0.0,0.0,LONG BEACH,50,none
267210209,47.980434,17.381907,1.2,41.0,220.0,0.0,0,2026-06-03 20:00:51.000000,MSSIS,False,BD BODIKY,0,OMRT,0.0,0.0,0.0,,99,none
261012880,54.796947,18.416704,0.0,0.0,511.0,-731.3865,0,2026-06-03 20:00:51.000000,MSSIS,False,WLA51,0,SPG2295,0.0,0.0,0.0,WLA,30,none
205553690,51.262882,4.2625084,1.4,153.0,511.0,-731.3865,0,2026-06-03 20:00:51.000000,MSSIS,False,VADASZ,0,OT5536,0.0,0.0,1.5,BINNENDOK,79,none
367083130,38.957706,-74.874466,0.0,105.5,511.0,0.0,15,2026-06-03 20:00:51.000000,MSSIS,False,,0,WDH3212,0.0,0.0,0.0,,30,none
211510940,51.81768,5.1642685,10.9,263.2,511.0,-731.3865,0,2026-06-03 20:00:51.000000,MSSIS,False,GRENDEL,0,DB3320,0.0,0.0,1.4,ROTTERDAM 3 PET,80,none
338385772,26.343016,-80.07724,0.0,360.0,511.0,0.0,15,2026-06-03 20:00:51.000000,MSSIS,False,,0,,0.0,0.0,0.0,,37,none
244780045,52.45894,4.5810432,0.0,360.0,511.0,-731.3865,5,2026-06-03 20:00:51.000000,MSSIS,False,ZEELAND,0,PA5566,0.0,0.0,1.3,ROTTERDAM BUNKERS,80,none
211540060,53.53703,9.86954,0.0,360.0,511.0,-731.3865,0,2026-06-03 20:00:51.000000,MSSIS,False,FANTASIA,0,DC7805,0.0,0.0,0.0,HAMBURG,69,none
512007354,-36.843006,174.75212,0.0,258.5,511.0,0.0,15,2026-06-03 20:00:51.000000,MSSIS,False,,0,ZMU9341,0.0,0.0,0.0,,37,none
244030117,51.887142,4.4097767,0.0,360.0,511.0,-731.3865,0,2026-06-03 20:00:51.000000,MSSIS,False,KRVE 86,0,PBKC,0.0,0.0,2.2,ROTTERDAM,159,none
338481961,48.6093,-123.15244,0.0,45.0,272.0,0.0,15,2026-06-03 20:00:51.000000,MSSIS,False,BRIGHT SIDE,0,,0.0,0.0,0.0,,0,none
440215630,35.046677,129.23648,1.0,351.9,511.0,0.0,15,2026-06-03 20:00:51.000000,MSSIS,False,HAE SIN HO,0,,0.0,0.0,0.0,,0,none
244110046,52.745735,5.9964733,0.0,360.0,511.0,-731.3865,5,2026-06-03 20:00:51.000000,MSSIS,False,TWEE GEBROEDERS,0,PI5282,0.0,0.0,1.2,WETERING,37,none
218321000,51.972332,4.1316667,9.0,300.0,299.0,37.542484,0,2026-06-03 20:00:51.000000,MSSIS,False,FAIRPLAY38,9429560,DFWB2,0.0,0.0,6.2,BLOCK 4714 AMETHYST,52,none
316017616,49.294323,-123.12609,0.1,360.0,511.0,0.0,15,2026-06-03 20:00:51.000000,MSSIS,False,AVERY MAY,0,,0.0,0.0,0.0,,0,none
316033926,49.39796,-123.50449,0.0,0.4,511.0,0.0,15,2026-06-03 20:00:51.000000,MSSIS,False,,0,,0.0,0.0,0.0,,37,none
368054720,26.874392,-82.23507,0.0,360.0,511.0,0.0,15,2026-06-03 20:00:51.000000,MSSIS,False,,0,OKBAYOU,0.0,0.0,0.0,,36,none
244690281,53.45162,6.82621,0.0,360.0,511.0,-731.3865,5,2026-06-03 20:00:51.000000,MSSIS,False,NASSAUKADE,0,PB3070,0.0,0.0,2.2,EEMSHAVEN,89,none
232627000,50.830364,-0.23071833,0.0,180.9,268.0,0.0,5,2026-06-03 20:00:51.000000,MSSIS,False,ALBIONDS10,8333609,MZMW7,0.0,0.0,5.0,SHOREHAM BY SEA,90,none
503096480,-27.446264,153.10474,0.0,245.3,511.0,0.0,15,2026-06-03 20:00:51.000000,MSSIS,False,,0,GG260Q,0.0,0.0,0.0,,37,none
244130211,51.808826,5.45306,0.0,227.9,511.0,-731.3865,0,2026-06-03 20:00:51.000000,MSSIS,False,RS ROSE,0,PH4113,0.0,0.0,0.0,HAFEN WESEL,90,none
710007794,-3.15595,-59.999023,0.0,286.2,511.0,-731.3865,0,2026-06-03 20:00:51.000000,MSSIS,False,OC VALENTE,0,PU9208,0.0,0.0,0.0,MAO,52,none
210525000,51.68238,1.3159916,12.5,61.8,65.0,0.0,0,2026-06-03 20:00:51.000000,MSSIS,False,HILDA B,9466233,5BCL6,0.0,0.0,4.0,HAMBURG,70,none
319297900,43.736713,7.424063,0.0,0.7,174.0,0.0,1,2026-06-03 20:00:51.000000,MSSIS,False,DOKINHA,1078248,ZGSQ3,0.0,0.0,0.0,MONACO   V8F2Q5,37,none
205575200,51.229076,4.4105234,0.0,360.0,511.0,0.0,15,2026-06-03 20:00:52.000000,MSSIS,False,NOORALMAYA,0,,0.0,0.0,0.0,,0,none
244130412,51.89393,4.22836,0.0,360.0,348.0,0.0,0,2026-06-03 20:00:51.000000,MSSIS,False,RT BORKUM,0,PE4743,0.0,0.0,3.1,ROTTERDAM,79,none
244690898,52.405872,4.886375,0.0,360.0,511.0,-731.3865,0,2026-06-03 20:00:51.000000,MSSIS,False,OCEANDIVA FUTURA,0,PB7206,0.0,0.0,1.6,AMSTERDAM IJ  MELISS,69,none
228023270,41.930843,8.74104,0.0,360.0,511.0,0.0,15,2026-06-03 20:00:52.000000,MSSIS,False,,0,FL9118,0.0,0.0,0.0,,37,none
211154610,55.043854,9.704008,0.0,0.0,164.0,0.0,15,2026-06-03 20:00:52.000000,MSSIS,False,HAITABU,0,,0.0,0.0,0.0,,0,none
275514000,53.217216,7.426295,7.9,18.1,19.0,0.0,0,2026-06-03 20:00:51.000000,MSSIS,False,BALTIC CARRIER,9138197,YLRE,0.0,0.0,3.6,TO ORDER,70,none
367733930,46.414135,-86.65324,0.1,0.0,511.0,-731.3865,0,2026-06-03 20:00:51.000000,MSSIS,False,PICT ROCKS EXPRESS,0,WDI7960,0.0,0.0,2.5,PRNL,99,none
204814970,37.71446,-25.429495,0.0,360.0,511.0,0.0,15,2026-06-03 20:00:52.000000,MSSIS,False,,0,CRB2413,0.0,0.0,0.0,,36,none
367360260,41.89104,-87.60581,0.0,0.0,511.0,-731.3865,5,2026-06-03 20:00:51.000000,MSSIS,False,ODYSSEY LAKE MIIGAN,0,WBU4276,0.0,0.0,2.5,USCHIUSCHI,60,none
218048230,43.051952,5.7393565,8.9,126.8,511.0,0.0,15,2026-06-03 20:00:52.000000,MSSIS,False,,0,DJ3673,0.0,0.0,0.0,,36,none
265025040,59.308697,18.218258,0.0,360.0,511.0,0.0,15,2026-06-03 20:00:52.000000,MSSIS,False,,0,SG2605,0.0,0.0,0.0,,36,none
310807000,40.949097,-73.07013,0.0,68.3,229.0,0.0,5,2026-06-03 20:00:51.000000,MSSIS,False,PREDICTION,1008554,ZCEZ9,0.0,0.0,3.7,US PTJ,37,none
230042680,49.928665,1.0837467,0.0,360.0,511.0,0.0,15,2026-06-03 20:00:52.000000,MSSIS,False,,0,OG3755,0.0,0.0,0.0,,36,none
248633000,32.397453,-78.69245,14.1,239.3,240.0,0.0,0,2026-06-03 20:00:51.000000,MSSIS,False,APL ANTWERP,9532795,9HA4736,0.0,0.0,12.8,USSAV,71,none
227108710,43.83837,7.91409,0.0,360.0,511.0,0.0,15,2026-06-03 20:00:52.000000,MSSIS,False,,0,FAA3047,0.0,0.0,0.0,,36,none
636016980,9.265353,-79.91161,0.8,353.5,352.0,-0.17856115,0,2026-06-03 20:00:50.000000,MSSIS,False,IAN H,9189500,D5IR9,0.0,0.0,13.2,USHOU,0,none
232059988,43.87695,8.022654,0.0,360.0,511.0,0.0,15,2026-06-03 20:00:52.000000,MSSIS,False,,0,MRTO3,0.0,0.0,0.0,,37,none
251292440,66.539,-18.016848,0.0,226.1,511.0,0.0,15,2026-06-03 20:00:52.000000,MSSIS,False,,0,2392,0.0,0.0,0.0,,30,none
368373000,29.60102,-90.665726,0.0,171.5,511.0,0.0,15,2026-06-03 20:00:52.000000,MSSIS,False,,0,WDQ4085,0.0,0.0,0.0,,33,none
257566000,58.73802,4.467817,10.7,306.0,303.0,0.0,8,2026-06-03 20:00:51.000000,MSSIS,False,SLAATTEROY,9729829,LGFV,0.0,0.0,0.0,,30,none
227381430,43.003117,6.2020283,0.0,31.5,511.0,0.0,15,2026-06-03 20:00:52.000000,MSSIS,False,ENJOY,0,,0.0,0.0,0.0,,0,none
368353920,28.918032,-80.86047,7.3,339.7,511.0,0.0,15,2026-06-03 20:00:52.000000,MSSIS,False,,0,WDP4384,0.0,0.0,0.0,,37,none
227492290,43.410637,6.7810535,0.0,256.2,511.0,0.0,15,2026-06-03 20:00:52.000000,MSSIS,False,,0,FAE5915,0.0,0.0,0.0,,37,none
241962000,32.066624,27.946066,0.8,193.1,134.0,0.17856115,0,2026-06-03 20:00:51.000000,MSSIS,False,SEA WHALE,1025588,SVEA9,0.0,0.0,0.0,EG SKT,80,none
235092459,31.954334,27.9,0.0,135.0,320.0,0.044640288,3,2026-06-03 20:00:51.000000,MSSIS,False,STENA ICEMAX,9517575,2FMJ5,0.0,0.0,0.0,DRILLING  KEEP 2NM,90,none
338452098,39.006428,-76.45849,0.0,360.0,511.0,0.0,15,2026-06-03 20:00:52.000000,MSSIS,False,BASTA,0,,0.0,0.0,0.0,,0,none
240425500,37.431965,25.32155,0.4,244.2,511.0,-731.3865,15,2026-06-03 20:00:51.000000,MSSIS,False,LADY MIRTO,0,SVB2921,0.0,0.0,0.0,MYKONOS,37,none
316044334,48.425873,-123.30019,0.0,296.0,511.0,0.0,15,2026-06-03 20:00:52.000000,MSSIS,False,JOURNEY,0,,0.0,0.0,0.0,,0,none
413595490,-32.229042,115.753815,0.0,167.7,167.0,0.0,5,2026-06-03 20:00:51.000000,MSSIS,False,YUAN JING HE,9896244,BOSM6,0.0,0.0,11.2,AUKWI,80,none
257720600,59.24346,5.841965,20.9,307.5,306.0,0.0,0,2026-06-03 20:00:51.000000,MSSIS,False,RYGERPRINS,9750907,JXAD,0.0,0.0,2.0,STAVANGERRYFYLKE,49,none
538008384,34.019787,128.01782,15.2,208.9,209.0,0.17856115,0,2026-06-03 20:00:52.000000,MSSIS,False,V PROSPERITY,9849863,V7A2301,0.0,0.0,10.9,SA YNB,0,none
277177950,55.704395,21.123758,0.0,360.0,511.0,0.0,15,2026-06-03 20:00:53.000000,MSSIS,False,,0,LY3847,0.0,0.0,0.0,,37,none
228093420,42.7033,3.035475,0.0,360.0,511.0,0.0,15,2026-06-03 20:00:53.000000,MSSIS,False,ANETT II,0,,0.0,0.0,0.0,,0,none
403591000,25.662785,35.554497,11.5,151.7,149.0,0.0,0,2026-06-03 20:00:52.000000,MSSIS,False,JALADI,9384227,HZHE,0.0,0.0,20.7,EGAIS,80,none
710008890,-22.397678,-41.779957,0.0,238.7,137.0,0.0,6,2026-06-03 20:00:51.000000,MSSIS,False,SKANDI AMAZONAS,9528328,PQ4630,0.0,0.0,8.2,BACIA DE CAMPOS,70,none
228248010,43.422512,6.7485385,0.0,360.0,511.0,0.0,15,2026-06-03 20:00:53.000000,MSSIS,False,,0,FAL406,0.0,0.0,0.0,,37,none
244850418,51.824627,4.122908,0.1,229.9,511.0,0.0,15,2026-06-03 20:00:53.000000,MSSIS,False,SIRIUS,0,,0.0,0.0,0.0,,0,none
352006028,8.911775,-79.521805,0.0,360.0,511.0,-731.3865,15,2026-06-03 20:00:52.000000,MSSIS,False,EL CIELO III,0,HOA7207,0.0,0.0,0.0,B 2 A,37,none
263959819,38.67794,-9.35225,4.4,287.1,511.0,0.0,15,2026-06-03 20:00:53.000000,MSSIS,False,WILDCARD,0,,0.0,0.0,0.0,,0,none
249209000,28.141733,-15.4135,0.0,209.0,312.0,0.0,5,2026-06-03 20:00:52.000000,MSSIS,False,NQ LILIUM,9393395,9HNE9,0.0,0.0,8.1,ESLPA,80,none
227043460,47.899048,-3.9749684,0.0,72.3,72.0,0.0,15,2026-06-03 20:00:53.000000,MSSIS,False,,0,FGG7200,0.0,0.0,0.0,,36,none
219015362,56.00572,8.120295,0.0,330.6,332.0,0.0,9,2026-06-03 20:00:52.000000,MSSIS,False,WELLBANK,0,OXCS,0.0,0.0,3.0,,30,none
228482900,43.523182,6.946222,0.0,31.5,304.0,0.0,15,2026-06-03 20:00:53.000000,MSSIS,False,,0,FNZJ,0.0,0.0,0.0,,37,none
319234600,38.912853,1.4446666,0.0,114.7,310.0,0.0,5,2026-06-03 20:00:52.000000,MSSIS,False,SP1,9838931,ZGQL9,0.0,0.0,3.0,IBIZA,37,none
338550643,47.922283,-122.68848,0.1,328.1,511.0,0.0,15,2026-06-03 20:00:53.000000,MSSIS,False,,0,,0.0,0.0,0.0,,37,none
311256000,1.20475,103.80013,0.0,199.0,315.0,0.0,5,2026-06-03 20:00:52.000000,MSSIS,False,EVRIDIKI,9358929,C6WT8,0.0,0.0,14.4,AWPB,89,none
228113510,43.17309,6.5349383,0.0,360.0,173.0,0.0,15,2026-06-03 20:00:53.000000,MSSIS,False,,0,FAJ5770,0.0,0.0,0.0,,37,none
503071650,-26.68392,153.12077,0.0,336.8,511.0,0.0,15,2026-06-03 20:00:53.000000,MSSIS,False,,0,862328,0.0,0.0,0.0,,36,none
225993385,28.137264,-15.4123335,0.0,230.5,310.0,0.0,0,2026-06-03 20:00:52.000000,MSSIS,False,VB BANDAMA,9816347,EBUW,0.0,0.0,5.4,PTO DE LAS PALMAS,52,none
228080800,39.925735,3.8929484,0.0,68.9,511.0,0.0,15,2026-06-03 20:00:53.000000,MSSIS,False,,0,FLSV,0.0,0.0,0.0,,36,none
244036000,60.289738,25.542841,0.0,328.5,333.0,-0.17856115,5,2026-06-03 20:00:52.000000,MSSIS,False,CORAL LEAF,9404625,PHNI,0.0,0.0,5.7,FI PRV,80,none
244690110,51.23501,4.442515,5.2,76.5,511.0,-720.00323,0,2026-06-03 20:00:52.000000,MSSIS,False,INCA,0,PD4224,0.0,0.0,4.0,ENGIS,79,none
261004129,41.952095,19.16299,0.2,161.2,167.0,0.0,15,2026-06-03 20:00:53.000000,MSSIS,False,LITTLE CAT,0,,0.0,0.0,0.0,,0,none
620800307,25.893063,51.75787,0.0,276.5,277.0,0.0,0,2026-06-03 20:00:52.000000,MSSIS,False,MELINA,9182552,D6A4307,0.0,0.0,6.4,BND,9,none
367136880,36.939655,-76.327644,0.0,349.1,511.0,0.0,15,2026-06-03 20:00:53.000000,MSSIS,False,MARY HOPE II,0,,0.0,0.0,0.0,,0,none
352001325,24.837147,66.9817,0.0,90.3,212.0,0.0,5,2026-06-03 20:00:52.000000,MSSIS,False,AKSON SANDRA,9537264,3E2636,0.0,0.0,7.6,PK KHI,70,none
211316470,53.5512,8.566517,0.0,7.3,63.0,0.0,0,2026-06-03 20:00:52.000000,MSSIS,False,VB BLEXEN,0,DEAQ,0.0,0.0,4.0,WESER ASST TUG,0,none
319096900,39.513733,2.54545,0.0,312.4,204.0,0.0,15,2026-06-03 20:00:53.000000,MSSIS,False,,0,ZGEW,0.0,0.0,0.0,,37,none
256099000,24.632515,66.77073,0.1,120.7,229.0,1.6070504,1,2026-06-03 20:00:52.000000,MSSIS,False,KIRAN CASPIAN,9718583,9HA3817,0.0,0.0,12.2,PK KHI,70,none
265711090,57.598698,11.793774,0.0,153.3,511.0,0.0,15,2026-06-03 20:00:53.000000,MSSIS,False,,0,SFE4413,0.0,0.0,0.0,,30,none
636016683,51.82045,3.4149,0.4,359.0,224.0,-7.5442085,1,2026-06-03 20:00:52.000000,MSSIS,False,CORAL LOPHELIA,9350886,D5HG9,0.0,0.0,6.9,BE ANR,80,none
211544440,38.44788,-27.699093,7.4,121.6,511.0,0.0,15,2026-06-03 20:00:53.000000,MSSIS,False,,0,DD6755,0.0,0.0,0.0,,36,none
477131900,20.36065,61.94597,11.0,254.3,254.0,6.4282017,0,2026-06-03 20:00:52.000000,MSSIS,False,SC TAURUS,9801081,VRRE8,0.0,0.0,7.0,CHINESE CREW ONBOARD,82,none
414903000,24.413752,66.956726,10.5,230.2,231.0,-0.17856115,0,2026-06-03 20:00:52.000000,MSSIS,False,ZHONG GU KUN MING,9933858,BPJV5,0.0,0.0,10.3,PKBQM,71,none
205386390,51.267513,4.2582965,8.9,298.7,511.0,-731.3865,0,2026-06-03 20:00:52.000000,MSSIS,False,ORGANZA,0,OT3863,0.0,0.0,1.4,ANTWERPEN DOELDOK  A,79,none
440101640,34.537636,128.43935,2.0,9.5,511.0,0.0,15,2026-06-03 20:00:53.000000,MSSIS,False,,0,310,0.0,0.0,0.0,,30,none
620800414,24.727312,66.90312,0.2,121.1,224.0,0.0,1,2026-06-03 20:00:52.000000,MSSIS,False,RON,8202018,D6A4414,0.0,0.0,7.9,PK KHI ANCHORAGE,70,none
244040963,43.2736,6.5816965,0.0,360.0,511.0,-731.3865,5,2026-06-03 20:00:52.000000,MSSIS,False,SEA DWELLER,0,PC5733,0.0,0.0,2.0,,37,none
228263140,39.924294,3.8945084,0.1,131.7,511.0,0.0,15,2026-06-03 20:00:53.000000,MSSIS,False,,0,FAL5806,0.0,0.0,0.0,,36,none
367007240,30.01351,-90.8374,0.0,212.4,341.0,0.0,5,2026-06-03 20:00:52.000000,MSSIS,False,ALLISON S,1020475,WDC3396,0.0,0.0,0.0,,52,none
319184300,43.724678,7.41765,0.0,360.0,131.0,0.0,0,2026-06-03 20:00:52.000000,MSSIS,False,LEGEND,0,ZGRV6,0.0,0.0,2.2,CAP D AIL,0,none
368068580,40.43304,-73.59537,0.6,230.2,511.0,-731.3865,0,2026-06-03 20:00:52.000000,MSSIS,False,MADISON KATE,0,WDK5815,0.0,0.0,0.0,,30,none
368926317,30.0653,-93.72118,0.0,258.9,511.0,-731.3865,5,2026-06-03 20:00:52.000000,MSSIS,False,NEWPORT,9851098,NNPT,0.0,0.0,3.5,0,35,none
205370000,14.522357,120.12233,11.4,130.7,136.0,1.1160072,0,2026-06-03 20:00:51.000000,MSSIS,False,MINERAL ZIMBABWE,9882475,ONOG,0.0,0.0,10.5,MANILA,70,none
224482460,28.127846,-15.427007,0.0,216.0,511.0,0.0,15,2026-06-03 20:00:53.000000,MSSIS,False,,0,,0.0,0.0,0.0,,37,none
257564010,68.23312,14.567835,0.0,223.9,314.0,0.0,0,2026-06-03 20:00:52.000000,MSSIS,False,SYMRA,0,LJRV,0.0,0.0,0.0,,69,none
240066500,37.87103,23.734358,0.0,53.4,511.0,-731.3865,5,2026-06-03 20:00:52.000000,MSSIS,False,MOJO,0,SVA7893,0.0,0.0,2.0,GLYFADA MARINA 4,37,none
240414300,37.86202,23.743874,0.0,360.0,511.0,-731.3865,0,2026-06-03 20:00:52.000000,MSSIS,False,SEALINK 5,0,SVB2904,0.0,0.0,0.0,,37,none
244270061,52.532745,5.4400716,0.0,57.9,511.0,0.0,15,2026-06-03 20:00:53.000000,MSSIS,False,,0,PI7090,0.0,0.0,0.0,,36,none
240696400,36.417366,25.4873,0.0,170.8,511.0,-731.3865,15,2026-06-03 20:00:52.000000,MSSIS,False,STRATOS,9224403,SVB5303,0.0,0.0,0.0,SANTORINI,52,none
441375000,12.58544,101.21868,0.5,310.7,237.0,0.0,1,2026-06-03 20:00:52.000000,MSSIS,False,JN NEPTUNE,9363807,D7VY,0.0,0.0,5.1,TH MAT,82,none
367653970,41.640038,-70.91983,0.0,50.9,511.0,0.0,15,2026-06-03 20:00:53.000000,MSSIS,False,,0,,0.0,0.0,0.0,,30,none
258027770,67.981606,15.584144,0.0,245.7,331.0,0.0,0,2026-06-03 20:00:52.000000,MSSIS,False,KARLSOY,0,LH5598,0.0,0.0,0.0,SVARTFJELL,70,none
257699900,62.85022,7.131195,0.1,231.8,268.0,0.0,5,2026-06-03 20:00:52.000000,MSSIS,False,MAXOYE,0,LK7128,0.0,0.0,1.2,NA,34,none
211823310,57.06631,16.831024,6.8,31.3,511.0,0.0,15,2026-06-03 20:00:53.000000,MSSIS,False,BLUE BEESTE,0,,0.0,0.0,0.0,,0,none
538008098,-23.605377,151.5235,9.7,5.3,1.0,0.0,0,2026-06-03 20:00:52.000000,MSSIS,False,SM HEDLAND,9397743,V7BW6,0.0,0.0,17.6,CNKEM,70,none
258357000,68.78473,16.547115,0.0,165.6,216.0,0.0,5,2026-06-03 20:00:52.000000,MSSIS,False,FJORDKABEL,8416889,LNSH,0.0,0.0,3.0,HARSTAD,70,none
257010700,61.98408,5.287317,0.0,276.5,511.0,-731.3865,0,2026-06-03 20:00:52.000000,MSSIS,False,SOLFJORD,0,LHJY,0.0,0.0,16.4,BARMEN  BARMSUND,0,none
271050897,36.723965,36.196125,0.0,0.0,511.0,-731.3865,1,2026-06-03 20:00:53.000000,MSSIS,False,BARKIN B,0,TCA7291,0.0,0.0,0.0,,0,none
237030200,37.920715,23.054087,0.0,360.0,511.0,-731.3865,0,2026-06-03 20:00:53.000000,MSSIS,False,PAVLOS,7422245,SV3918,0.0,0.0,3.0,GRAGT,52,none
518999118,37.93141,23.64978,0.7,360.0,511.0,-731.3865,0,2026-06-03 20:00:53.000000,MSSIS,False,ANDIAMO,0,E5U5099,0.0,0.0,0.0,,36,none
230037690,60.121864,19.405752,1.9,0.3,345.0,0.0,15,2026-06-03 20:00:53.000000,MSSIS,False,,0,OJ7426,0.0,0.0,0.0,,37,none
548954500,9.781134,125.50091,0.0,0.0,511.0,-731.3865,0,2026-06-03 20:00:53.000000,MSSIS,False,MV REINA XAVIERA,8537047,4DFX2,0.0,0.0,1.6,SURIGAO BASEPORT,60,none
236112699,39.56105,18.102917,7.8,41.0,511.0,-731.3865,8,2026-06-03 20:00:53.000000,MSSIS,False,ARCTIC QUEEN,0,ZDSA8,0.0,0.0,1.5,ST MARIA DE LEUCA,36,none
338153809,47.6587,-122.3818,0.0,317.5,511.0,0.0,15,2026-06-03 20:00:53.000000,MSSIS,False,,0,WQ 7106,0.0,0.0,0.0,,30,none
225992776,39.442818,-0.31861332,0.2,360.0,511.0,-731.3865,15,2026-06-03 20:00:53.000000,MSSIS,False,EDETANIA,0,EB2648,0.0,0.0,0.0,,50,none
247381300,44.410675,13.110262,10.4,151.8,511.0,-731.3865,0,2026-06-03 20:00:53.000000,MSSIS,False,MACISTONE,8209901,IQPJ,0.0,0.0,4.3,AUGUSTA,52,none
261003710,54.178303,15.556175,0.0,28.2,38.0,0.0,5,2026-06-03 20:00:53.000000,MSSIS,False,FV KOL123,8600337,SPK2074,0.0,0.0,0.0,,30,none
232035583,50.881416,-1.3014083,0.1,360.0,511.0,0.0,15,2026-06-03 20:00:53.000000,MSSIS,False,,0,MJBK3,0.0,0.0,0.0,,37,none
249452000,1.2270583,103.80992,0.0,228.6,150.0,-1.1160072,1,2026-06-03 20:00:53.000000,MSSIS,False,HELLAS APHRODITE,9722766,9HA4255,0.0,0.0,8.4,SGSIN PEBGC,80,none
367514890,21.316996,-157.87788,0.0,354.9,511.0,0.0,15,2026-06-03 20:00:53.000000,MSSIS,False,,0,WCZ9960,0.0,0.0,0.0,,30,none
261005270,54.795715,18.41871,0.0,0.0,511.0,-731.3865,7,2026-06-03 20:00:53.000000,MSSIS,False,WLA291,7635787,SPG2441,0.0,0.0,4.0,KEEP CLEAR 05NM,30,none
211118470,54.1378,13.729935,0.0,358.7,96.0,0.0,5,2026-06-03 20:00:53.000000,MSSIS,False,PILOT MUTTLAND,0,DKVO2,0.0,0.0,0.0,PILOT BOARDING AREA,50,none
538009416,51.9755,2.7086666,9.8,223.7,220.0,0.0,0,2026-06-03 20:00:53.000000,MSSIS,False,SC HOUSTON,9445904,V7A4704,0.0,0.0,8.8,ESALG,79,none
338468693,33.848423,-118.39782,0.0,360.0,511.0,0.0,15,2026-06-03 20:00:53.000000,MSSIS,False,,0,,0.0,0.0,0.0,,36,none
548651000,36.840164,13.475825,0.9,65.9,149.0,0.0,0,2026-06-03 20:00:53.000000,MSSIS,False,EVA USUKI,9865532,DXIP,0.0,0.0,6.0,FOR ORDERS,82,none
538012015,51.435856,2.1114016,15.9,40.1,42.0,0.0,0,2026-06-03 20:00:53.000000,MSSIS,False,RC ARTEMIS,9452622,V7A3830,0.0,0.0,6.9,RU ULU,70,none
244740616,51.91412,4.48305,0.0,360.0,511.0,-731.3865,0,2026-06-03 20:00:53.000000,MSSIS,False,BREEVEERTIEN,0,PB8976,0.0,0.0,2.0,ROTTERDAM,69,none
219030999,55.953636,12.535642,0.0,360.0,511.0,0.0,15,2026-06-03 20:00:53.000000,MSSIS,False,,0,XPI2300,0.0,0.0,0.0,,37,none
226015090,49.44074,1.0467367,0.0,350.3,511.0,-731.3865,1,2026-06-03 20:00:53.000000,MSSIS,False,SLOP EXPRESS II,0,FM7701,0.0,0.0,2.0,,80,none
308322000,61.01848,-146.7222,14.9,28.4,33.0,0.0,0,2026-06-03 20:00:53.000000,MSSIS,False,SILVER WHISPER,9192179,C6FN7,0.0,0.0,6.2,US VDZ,60,none
368455260,32.034775,-81.0464,0.0,360.0,511.0,0.0,15,2026-06-03 20:00:53.000000,MSSIS,False,,0,WDQ7701,0.0,0.0,0.0,,37,none
249663000,36.146027,-5.4291334,0.0,123.4,202.0,0.0,5,2026-06-03 20:00:53.000000,MSSIS,False,PEARL LOYALE,1015686,9HA6345,0.0,0.0,5.1,ESALG,80,none
352003377,37.161064,-6.8992186,0.0,231.1,127.0,0.0,5,2026-06-03 20:00:53.000000,MSSIS,False,FAITHFUL STAR,9228320,3E7530,0.0,0.0,8.6,HUELVA,82,none
563137100,43.500374,10.292557,0.0,168.5,254.0,0.0,1,2026-06-03 20:00:53.000000,MSSIS,False,SIFNOS LADY,9903073,9V6861,0.0,0.0,8.2,ITLIV,80,none
219024281,55.09337,10.235692,0.0,44.6,511.0,-731.3865,5,2026-06-03 20:00:53.000000,MSSIS,False,HAABET,0,OWKV,0.0,0.0,1.8,FAABORG,0,none
368058450,48.519436,-122.622246,0.5,3.0,3.0,0.0,15,2026-06-03 20:00:53.000000,MSSIS,False,,0,WDK4762,0.0,0.0,0.0,,37,none
265512800,57.388947,18.185255,0.0,242.6,72.0,0.0,0,2026-06-03 20:00:53.000000,MSSIS,False,STORA KARLSO,0,SKGT,0.0,0.0,2.0,KLINTEHAMNKARLSO,60,none
244670621,51.89937,4.4863033,0.0,360.0,511.0,-731.3865,0,2026-06-03 20:00:53.000000,MSSIS,False,IDUNA,0,PI8987,0.0,0.0,0.0,,79,none
503600400,-27.225853,153.11732,0.0,40.5,511.0,0.0,15,2026-06-03 20:00:53.000000,MSSIS,False,EYE SPY,0,,0.0,0.0,0.0,,0,none
338328494,33.719646,-118.27805,0.0,327.7,511.0,0.0,15,2026-06-03 20:00:54.000000,MSSIS,False,BLUE SKY,0,,0.0,0.0,0.0,,0,none
269057616,51.97376,5.914515,0.1,191.0,511.0,-731.3865,5,2026-06-03 20:00:53.000000,MSSIS,False,THURGAU SILENCE,0,HE7616,0.0,0.0,0.0,DODEWAARD,69,none
368271470,25.769707,-80.139565,0.0,360.0,511.0,0.0,15,2026-06-03 20:00:54.000000,MSSIS,False,SEASONS IN THE SUN,0,,0.0,0.0,0.0,,0,none
367706320,45.851566,-84.67547,7.6,295.3,511.0,0.0,15,2026-06-03 20:00:54.000000,MSSIS,False,WS WOODFILL,0,,0.0,0.0,0.0,,0,none
244500840,52.3727,4.9105735,0.0,360.0,511.0,-731.3865,0,2026-06-03 20:00:53.000000,MSSIS,False,AMSTERDAM,0,PB4302,0.0,0.0,1.4,AMSTERDAM,69,none
338526246,25.855148,-80.17243,0.0,125.3,511.0,0.0,15,2026-06-03 20:00:54.000000,MSSIS,False,,0,,0.0,0.0,0.0,,37,none
230011000,54.17477,9.449614,6.7,244.1,242.0,0.0,0,2026-06-03 20:00:53.000000,MSSIS,False,PRIMA VIKING,9195810,OJOX,0.0,0.0,5.5,NLAMS,70,none
265704200,58.936768,11.169996,0.0,264.6,511.0,0.0,15,2026-06-03 20:00:54.000000,MSSIS,False,,0,SFB6978,0.0,0.0,0.0,,30,none
211257820,53.53291,9.883788,0.0,226.4,20.0,0.0,0,2026-06-03 20:00:53.000000,MSSIS,False,STPAULI,0,DH2500,0.0,0.0,0.0,HAMBURG,69,none
503178290,-30.303562,153.14496,0.0,96.6,511.0,0.0,15,2026-06-03 20:00:53.000000,MSSIS,False,NAOMI STAR,0,,0.0,0.0,0.0,,0,none
244620986,51.816566,4.795575,6.9,74.2,511.0,-731.3865,0,2026-06-03 20:00:53.000000,MSSIS,False,SEGUNDO,0,PH9079,0.0,0.0,0.0,,99,none
636093054,37.953983,23.5953,0.0,346.6,346.0,0.0,5,2026-06-03 20:00:53.000000,MSSIS,False,AS CONSTANTINA,9308390,5LDH6,0.0,0.0,8.8,TRIZM,70,none
209690000,38.925617,-76.41925,0.1,305.9,20.0,0.4017626,1,2026-06-03 20:00:53.000000,MSSIS,False,SOPHOCLES GRAECIA,9843730,5BHS5,0.0,0.0,7.7,BALTIMORE,70,none
244059975,52.658844,5.5996065,0.0,360.0,511.0,-731.3865,5,2026-06-03 20:00:53.000000,MSSIS,False,MARANATHA,0,PE8191,0.0,0.0,0.0,,79,none
219613000,52.46002,4.5680666,0.0,242.0,203.0,0.0,5,2026-06-03 20:00:53.000000,MSSIS,False,ESVAGT FARADAY,9703473,OWGH2,0.0,0.0,5.8,NLIJM,90,none
245339000,53.607224,-0.7195917,0.0,210.0,107.0,0.0,5,2026-06-03 20:00:53.000000,MSSIS,False,HS WISDOM,9195559,PCAZ,0.0,0.0,3.2,GBGRW,70,none
316001222,49.30797,-123.12233,7.4,302.5,511.0,-731.3865,0,2026-06-03 20:00:53.000000,MSSIS,False,PAUL C LEDCOR,0,CZ 9636,0.0,0.0,4.3,COASTAL TOWING,52,none
563080900,28.509493,-16.155418,0.0,320.5,42.0,0.0,1,2026-06-03 20:00:53.000000,MSSIS,False,ASIA LIBERTY,9752694,9V5665,0.0,0.0,8.3,TENERIFE,80,none
248223000,37.293694,23.189722,0.0,85.2,182.0,0.0,1,2026-06-03 20:00:53.000000,MSSIS,False,HOW MUCH IS ENOUGH,1026245,9HA6563,0.0,0.0,2.2,ARGOSARONIKOS,37,none
255915603,53.354317,8.4976635,0.0,222.3,177.0,0.0,5,2026-06-03 20:00:54.000000,MSSIS,False,ECO TRIUMPH,9938717,CQ2061,0.0,0.0,4.8,DE BKE,70,none
211183670,51.96737,4.120225,1.8,128.5,511.0,-731.3865,0,2026-06-03 20:00:54.000000,MSSIS,False,MARIANA,0,DA4990,0.0,0.0,2.0,AMSTERDAMM,99,none
247363100,40.564457,14.253197,1.0,80.6,511.0,-731.3865,0,2026-06-03 20:00:54.000000,MSSIS,False,SLUIGI,0,INHO2,0.0,0.0,1.5,CAPRI,60,none
244750157,51.95332,5.6544666,7.2,99.4,511.0,-731.3865,0,2026-06-03 20:00:54.000000,MSSIS,False,ARUNDO,0,PE4407,0.0,0.0,0.0,,79,none
538072408,40.696575,14.476767,0.1,33.7,323.0,0.0,5,2026-06-03 20:00:54.000000,MSSIS,False,Y,0,V7A3171,0.0,0.0,0.0,NAPOLI,37,none
244129969,53.02507,5.684777,0.0,0.0,511.0,-731.3865,0,2026-06-03 20:00:54.000000,MSSIS,False,ELISABETH,0,PG8049,0.0,0.0,0.0,00000000000000000000,37,none
244620677,51.854004,5.8219266,4.4,24.1,511.0,-731.3865,0,2026-06-03 20:00:54.000000,MSSIS,False,AMICE,0,PE7162,0.0,0.0,2.0,OSS,79,none
248898000,43.55015,7.0163364,0.0,0.0,257.0,0.0,1,2026-06-03 20:00:54.000000,MSSIS,False,ANNAMIA,9400502,9HA4847,0.0,0.0,3.0,CANNES,37,none
230991680,63.69012,20.337847,0.0,217.4,511.0,-731.3865,0,2026-06-03 20:00:54.000000,MSSIS,False,HEVI,0,OI3522,0.0,0.0,0.0,,31,none
219025421,55.7268,12.587638,0.0,360.0,511.0,-731.3865,5,2026-06-03 20:00:54.000000,MSSIS,False,VICTORY,0,OYSC,0.0,0.0,1.9,TUBORG HAVN,37,none
212363000,54.722057,-5.533005,16.6,257.8,254.0,2.8569784,0,2026-06-03 20:00:53.000000,MSSIS,False,STENA FUTURA,1033054,5BPR6,0.0,0.0,5.2,GBBELGBHEY,79,none
356997000,31.71711,35.999363,0.0,66.0,87.0,0.0,15,2026-06-03 20:00:54.000000,MSSIS,False,EL QAHER I,877086900,3FBW9,0.0,0.0,0.0,,0,none
257100150,62.65968,6.3483467,3.1,129.1,511.0,16.115145,1,2026-06-03 20:00:46.000000,MSSIS,False,ODIN,0,LH3899,0.0,0.0,0.0,,0,none
503197150,-11.8064,143.15254,7.1,319.9,511.0,0.0,15,2026-06-03 20:00:46.000000,MSSIS,False,,0,ALM76Q,0.0,0.0,0.0,,37,none
257027910,63.12107,7.774975,0.0,57.5,71.0,0.0,0,2026-06-03 20:00:46.000000,MSSIS,False,HORDAFOR VI,8820286,LFBB,0.0,0.0,5.8,NO KSU,83,none
352005730,9.262372,-79.90096,0.0,218.7,65.0,0.4017626,5,2026-06-03 20:00:45.000000,MSSIS,False,ISLA BASTIMENTOS,1042160,TUGIA,0.0,0.0,0.0,CTBPANAMA,52,none
503101230,-37.82173,144.93738,0.0,360.0,511.0,0.0,15,2026-06-03 20:00:46.000000,MSSIS,False,,0,SY669,0.0,0.0,0.0,,37,none
235039506,39.243027,17.831263,7.7,47.9,47.0,0.0,15,2026-06-03 20:00:46.000000,MSSIS,False,ATAO,0,,0.0,0.0,0.0,,0,none
586706288,69.20072,14.478527,0.7,25.3,511.0,0.0,15,2026-06-03 20:00:46.000000,MSSIS,False,,0,BO12345,0.0,0.0,0.0,,0,none
440366000,35.09956,129.09467,0.1,177.1,356.0,0.0,5,2026-06-03 20:00:59.000000,MSSIS,False,STAR VOYAGER,9754795,D7FU,0.0,0.0,7.0,KR PUS  KMN AS,70,none
244013256,52.37581,4.884742,0.4,192.7,511.0,-731.3865,0,2026-06-03 20:00:59.000000,MSSIS,False,ATHENE,0,PC5043,0.0,0.0,0.8,AMSTERDAM,69,none
246551000,53.485584,5.8735666,10.6,266.2,263.0,720.00323,0,2026-06-03 20:00:59.000000,MSSIS,False,MEHARI,0,PIUE,0.0,0.0,0.8,AMELAND NES,52,none
538011200,53.453053,-4.19148,0.1,89.3,182.0,0.0,1,2026-06-03 20:00:59.000000,MSSIS,False,LILY OCEAN,9347944,V7A6767,0.0,0.0,11.9,BEANR,70,none
261005239,37.129326,26.853024,0.2,341.0,511.0,0.0,15,2026-06-03 20:00:59.000000,MSSIS,False,INTENTION,0,SPA6156,0.0,0.0,0.0,,0,none
341624000,37.262268,27.57296,0.0,192.4,511.0,-731.3865,1,2026-06-03 20:00:59.000000,MSSIS,False,ZAMZAM,8410299,V4UQ4,0.0,0.0,0.0,GULLUK,70,none
354458000,13.686995,100.55407,0.0,190.6,8.0,0.0,5,2026-06-03 20:00:59.000000,MSSIS,False,BAO LUCKY,9602837,3FBE9,0.0,0.0,7.6,TH BKK,70,none
503036310,-27.92405,153.40642,0.0,159.2,511.0,0.0,15,2026-06-03 20:00:59.000000,MSSIS,False,,0,VMQ9400,0.0,0.0,0.0,,37,none
636017774,34.23897,22.579756,10.1,108.6,109.0,0.0,0,2026-06-03 20:00:59.000000,MSSIS,False,NEW LEGEND,9230505,D5MQ8,0.0,0.0,14.9,SUEZ FOR ORDERS,80,none
503066520,-38.26458,144.67072,0.0,249.0,511.0,0.0,15,2026-06-03 20:00:59.000000,MSSIS,False,VP01,0,,0.0,0.0,0.0,,0,none
503040370,-16.484892,145.45956,0.0,75.4,511.0,0.0,15,2026-06-03 20:00:59.000000,MSSIS,False,,0,VMQ8974,0.0,0.0,0.0,,60,none
238115840,42.95289,17.150537,0.0,0.0,0.0,0.0,5,2026-06-03 20:00:59.000000,MSSIS,False,LASLOVO,9176838,9A4823,0.0,0.0,2.1,HR DOMHR ORB,60,none
503193300,-16.801947,145.71614,0.0,163.7,511.0,0.0,15,2026-06-03 20:00:59.000000,MSSIS,False,DEHLER MAGIC,0,,0.0,0.0,0.0,,0,none
477326200,24.64047,123.49349,14.9,25.7,21.0,0.0,0,2026-06-03 20:00:59.000000,MSSIS,False,SUNNY FREESIA,9856048,VRSS8,0.0,0.0,6.7,KR PUS,74,none
441886000,35.192127,128.5825,0.0,39.3,511.0,-731.3865,0,2026-06-03 20:00:59.000000,MSSIS,False,ANETA,9555515,D7TK,0.0,0.0,4.0,MASANKOREA,0,none
440156670,34.55428,128.98749,0.2,217.9,511.0,-731.3865,0,2026-06-03 20:00:59.000000,MSSIS,False,207HEUNGSEONG,0,321,0.0,0.0,0.0,,0,none
251161840,66.457535,-15.94228,0.0,120.3,511.0,0.0,15,2026-06-03 20:01:00.000000,MSSIS,False,,0,2588,0.0,0.0,0.0,,30,none
219022467,55.72407,12.605119,0.0,234.7,234.0,0.0,15,2026-06-03 20:01:00.000000,MSSIS,False,,0,XPE8712,0.0,0.0,0.0,,37,none
244780166,51.68351,5.9725432,0.0,360.0,511.0,-731.3865,0,2026-06-03 20:01:00.000000,MSSIS,False,JANNY,0,PE5825,0.0,0.0,0.0,HEIJEN,99,none
219021040,55.442993,8.40769,0.0,360.0,89.0,0.0,15,2026-06-03 20:01:00.000000,MSSIS,False,ALICE,0,,0.0,0.0,0.0,,0,none
244740686,52.4021,4.8245,0.0,46.5,511.0,-731.3865,15,2026-06-03 20:01:00.000000,MSSIS,False,CORNELIS TROMP,0,PG4627,0.0,0.0,0.3,AMSTERDAMHD,33,none
224441680,37.745113,-0.74047667,0.0,0.0,0.0,0.0,15,2026-06-03 20:01:00.000000,MSSIS,False,MARALFRAN,0,,0.0,0.0,0.0,,0,none
265079340,55.426167,13.815514,0.7,360.0,511.0,0.0,15,2026-06-03 20:01:00.000000,MSSIS,False,,0,SG8967,0.0,0.0,0.0,,36,none
244690564,51.902054,4.44449,1.2,113.6,511.0,-731.3865,0,2026-06-03 20:01:00.000000,MSSIS,False,VIGILATE,0,PD3428,0.0,0.0,0.0,MAASVLAKTE,79,none
265746190,57.923923,11.5876,0.0,360.0,511.0,0.0,15,2026-06-03 20:01:00.000000,MSSIS,False,DELAVI,0,,0.0,0.0,0.0,,0,none
244183042,51.95485,5.3534684,5.0,123.9,511.0,-731.3865,0,2026-06-03 20:01:00.000000,MSSIS,False,BESTEVAER,0,PD4171,0.0,0.0,1.9,,90,none
319341300,43.70769,7.336758,0.0,312.7,289.0,0.0,15,2026-06-03 20:01:00.000000,MSSIS,False,,0,ZGVN3,0.0,0.0,0.0,,37,none
265757350,-16.919176,145.78166,0.0,349.3,511.0,0.0,15,2026-06-03 20:01:00.000000,MSSIS,False,,0,7SY6514,0.0,0.0,0.0,,36,none
255915933,51.260902,3.8391833,0.0,108.4,167.0,0.0,5,2026-06-03 20:01:00.000000,MSSIS,False,VERTOM ISA,9507362,CQ2391,0.0,0.0,5.3,NL TNZ,70,none
367104180,42.40602,-67.607635,3.5,323.7,511.0,0.0,15,2026-06-03 20:01:00.000000,MSSIS,False,,0,WDC9582,0.0,0.0,0.0,,30,none
244650597,51.89344,4.4424086,15.8,318.1,511.0,-731.3865,0,2026-06-03 20:00:49.000000,MSSIS,False,KRVE 59,0,PB3894,0.0,0.0,0.0,,40,none
244750237,52.512745,5.4249234,6.5,246.8,511.0,-731.3865,0,2026-06-03 20:00:49.000000,MSSIS,False,SINBAD,0,PD5708,0.0,0.0,0.2,HAM OF HARLINGEN,79,none
620910000,40.634636,22.922295,0.0,244.9,105.0,0.0,5,2026-06-03 20:00:49.000000,MSSIS,False,PRINCE EZZ,8613126,D6A2919,0.0,0.0,9.2,GRSKG,70,none
319225500,-17.603718,177.44006,0.0,56.0,54.0,0.0,5,2026-06-03 20:00:49.000000,MSSIS,False,ABEONA,9899349,ZGQC6,0.0,0.0,4.0,FJ LTK,37,none
244700468,51.890774,4.343295,0.0,293.8,511.0,-731.3865,5,2026-06-03 20:00:49.000000,MSSIS,False,JOHNNY,0,PF4841,0.0,0.0,1.5,,89,none
316047351,49.27373,-123.13927,0.0,166.3,357.0,0.0,5,2026-06-03 20:00:49.000000,MSSIS,False,OCEAN LEE,0,,0.0,0.0,0.0,,30,none
316032597,45.257393,-81.66286,0.0,360.0,511.0,-731.3865,0,2026-06-03 20:00:49.000000,MSSIS,False,,0,,0.0,0.0,0.0,,69,none
319269000,43.708157,7.3533583,0.3,179.7,195.0,0.0,1,2026-06-03 20:00:49.000000,MSSIS,False,METEOR,0,ZCPX5,0.0,0.0,4.3,FR BZM,36,none
525006045,-2.12407,104.95719,0.2,360.0,511.0,-731.3865,8,2026-06-03 20:00:49.000000,MSSIS,False,SMS VANDA,957294100,YDA4705,0.0,0.0,3.5,,52,none
370544000,37.592457,-0.97419167,0.0,41.0,205.0,0.0,5,2026-06-03 20:00:50.000000,MSSIS,False,PINTAIL,9902304,3FPU4,0.0,0.0,10.2,ES SAG,70,none
525601086,-2.3650882,104.80333,0.0,360.0,511.0,-731.3865,0,2026-06-03 20:00:50.000000,MSSIS,False,WIRA CAMELIA,8359603,YDEQ3,0.0,0.0,2.0,TGKALIANIND,62,none
211517420,54.17401,12.108328,0.0,223.2,511.0,-731.3865,15,2026-06-03 20:00:50.000000,MSSIS,False,KURT,0,DGOA2,0.0,0.0,0.0,,0,none
245119000,52.950535,4.783233,0.0,65.6,14.0,0.0,5,2026-06-03 20:00:50.000000,MSSIS,False,COASTAL ENTERPRISE,8987424,PHCG,0.0,0.0,1.4,NL DHR,52,none
227184000,43.30777,5.3631134,0.0,204.4,191.0,0.0,5,2026-06-03 20:00:50.000000,MSSIS,False,PAGLIA ORBA,9050826,FNIL,0.0,0.0,6.1,FR AJA,60,none
211777820,53.370075,10.555883,0.0,360.0,511.0,-731.3865,0,2026-06-03 20:00:50.000000,MSSIS,False,KAISER WILHELM,0,DC4945,0.0,0.0,1.0,LAUENBURG,69,none
366939790,40.536102,-74.25024,3.9,352.5,347.0,0.0,0,2026-06-03 20:00:50.000000,MSSIS,False,DORIS MORAN,8121800,WRU2125,0.0,0.0,4.6,NY HARBOR,52,none
235094636,53.299515,-6.138903,0.0,360.0,511.0,0.0,15,2026-06-03 20:00:55.000000,MSSIS,False,B 4 BLISS,0,,0.0,0.0,0.0,,0,none
215014000,35.879383,14.500267,0.0,119.1,119.0,0.0,5,2026-06-03 20:00:55.000000,MSSIS,False,LIVA,9865075,9HA4920,0.0,0.0,4.2,MALTA,37,none
431602143,33.16155,129.72272,0.0,360.0,338.0,0.0,0,2026-06-03 20:00:55.000000,MSSIS,False,FERRY NEW KOSHIKI,8974934,JM6742,0.0,0.0,3.0,JP ARK,60,none
352003587,34.131657,129.52551,0.4,272.2,337.0,0.0,0,2026-06-03 20:00:55.000000,MSSIS,False,QUEEN CORAL,9991745,3E5227,0.0,0.0,6.7,OFF TSUSHIMAPASS MN,70,none
227006690,51.041424,2.3620033,0.0,182.6,358.0,0.0,0,2026-06-03 20:00:55.000000,MSSIS,False,AVENTUREUX,9192521,FW 9416,0.0,0.0,5.0,FR DKK,52,none
240444600,37.13243,26.903708,3.9,129.7,511.0,-731.3865,0,2026-06-03 20:00:55.000000,MSSIS,False,AGNES,0,SVB3322,0.0,0.0,0.0,,0,none
247323040,36.27321,27.817806,0.0,0.0,511.0,-731.3865,1,2026-06-03 20:00:55.000000,MSSIS,False,CINQUELUNE,0,,0.0,0.0,0.0,,0,none
371059000,34.687798,24.390402,17.2,282.0,283.0,0.0,0,2026-06-03 20:00:55.000000,MSSIS,False,MSC LUCY,9289104,3EBC5,0.0,0.0,9.4,ITNAP,72,none
241401000,37.677483,23.32417,0.0,22.7,511.0,-731.3865,0,2026-06-03 20:00:55.000000,MSSIS,False,OASIS,1009041,SVA6645,0.0,0.0,0.0,SARONIKOS,37,none
256972000,38.486046,20.6517,0.1,323.6,257.0,0.0,0,2026-06-03 20:00:55.000000,MSSIS,False,PROMETHEUS I,8975031,9HA6046,0.0,0.0,2.9,ITHAKI,37,none
538008910,-23.81925,151.48462,0.1,1.0,323.0,0.0,1,2026-06-03 20:00:55.000000,MSSIS,False,SEA COEN,9271638,V7A2897,0.0,0.0,8.4,AUGLT,70,none
269112980,54.445446,11.050213,0.0,360.0,511.0,0.0,15,2026-06-03 20:00:55.000000,MSSIS,False,SCOPULI,0,,0.0,0.0,0.0,,0,none
257196600,59.21493,9.481419,10.5,132.0,132.0,0.0,0,2026-06-03 20:00:55.000000,MSSIS,False,VICTORIA,5379822,LFGJ,0.0,0.0,2.4,SKIENDALENSKIEN,69,none
227398220,46.035843,-1.3707616,0.0,272.5,511.0,0.0,15,2026-06-03 20:00:55.000000,MSSIS,False,HAGRID,0,,0.0,0.0,0.0,,0,none
538072131,25.787298,-80.150665,8.3,330.2,511.0,0.0,15,2026-06-03 20:00:55.000000,MSSIS,False,,0,,0.0,0.0,0.0,,37,none
232049433,49.46149,-2.5321417,0.0,360.0,511.0,0.0,15,2026-06-03 20:00:55.000000,MSSIS,False,,0,MOCN5,0.0,0.0,0.0,,37,none
367590240,9.407325,-79.91408,6.7,184.2,511.0,-731.3865,15,2026-06-03 20:00:55.000000,MSSIS,False,ONE WORLD,0,WDG9679,0.0,0.0,0.0,B 2 A,37,none
244150198,52.349346,4.9061418,4.6,257.2,511.0,-731.3865,0,2026-06-03 20:00:55.000000,MSSIS,False,RUSSIAN STAR,0,PB8077,0.0,0.0,0.0,,69,none
273290040,35.097553,129.04498,0.0,195.1,197.0,0.0,5,2026-06-03 20:00:55.000000,MSSIS,False,LUNTOS,9894935,UBXV9,0.0,0.0,7.2,BUSAN,30,none
368292040,42.401806,-82.88476,0.1,360.0,511.0,0.0,15,2026-06-03 20:00:55.000000,MSSIS,False,,0,WDN5656,0.0,0.0,0.0,,36,none
205307290,51.89586,5.53363,9.9,234.8,511.0,-731.3865,0,2026-06-03 20:00:55.000000,MSSIS,False,WILINA,0,OT3072,0.0,0.0,1.3,PERNIS,79,none
251268340,65.577774,-24.634825,12.8,61.8,511.0,0.0,15,2026-06-03 20:00:55.000000,MSSIS,False,,0,7317,0.0,0.0,0.0,,30,none
378114685,43.509018,6.9495134,0.0,205.0,511.0,-731.3865,1,2026-06-03 20:00:55.000000,MSSIS,False,SHALAWATY,8990495,ZJL4288,0.0,0.0,3.1,MANDELIEU LA NAPOULE,37,none
251807640,64.50759,-14.2922735,18.1,10.3,511.0,0.0,15,2026-06-03 20:00:55.000000,MSSIS,False,MANEY,0,,0.0,0.0,0.0,,0,none
205509590,51.932236,4.156863,0.0,360.0,511.0,-731.3865,5,2026-06-03 20:00:55.000000,MSSIS,False,PERSEUS,0,OT5095,0.0,0.0,1.6,ROTTERDAM 6E PETROH,80,none
251533440,64.249176,-15.204879,0.0,0.0,511.0,0.0,15,2026-06-03 20:00:55.000000,MSSIS,False,,0,7412,0.0,0.0,0.0,,30,none
338431652,43.057484,-70.72614,0.0,360.0,511.0,0.0,15,2026-06-03 20:00:55.000000,MSSIS,False,ARES,0,,0.0,0.0,0.0,,0,none
231860000,64.14965,-21.843548,0.0,45.7,136.0,0.0,5,2026-06-03 20:00:55.000000,MSSIS,False,DETTIFOSS,9822853,OZ2185,0.0,0.0,9.4,ISREY,79,none
226235000,26.080734,-82.30977,0.2,220.1,220.0,0.0,3,2026-06-03 20:00:55.000000,MSSIS,False,ILE DE SEIN,9247039,FOUD,0.0,0.0,7.0,CABLE LAYING OP,70,none
338467631,37.77952,-122.25303,0.0,178.6,511.0,0.0,15,2026-06-03 20:00:55.000000,MSSIS,False,,0,,0.0,0.0,0.0,,37,none
319028100,43.746284,7.4514184,0.0,156.2,227.0,6.4282017,1,2026-06-03 20:00:55.000000,MSSIS,False,FOUNTAINHEAD,1010753,ZCTU3,0.0,0.0,4.2,MC MON,37,none
244243000,51.182896,1.7220083,6.4,224.6,224.0,0.0,0,2026-06-03 20:00:55.000000,MSSIS,False,ELISABETH K,9879052,PBJG,0.0,0.0,6.1,FR SML,70,none
368173810,38.43528,-82.604004,0.0,272.3,168.0,0.0,12,2026-06-03 20:00:55.000000,MSSIS,False,TRI STATE,0,WDL8879,0.0,0.0,2.3,US0QHX0ZH8,57,none
251229110,66.045944,-17.347057,0.0,0.0,511.0,-731.3865,5,2026-06-03 20:00:55.000000,MSSIS,False,OPBPB   AP,0,TFOP,0.0,0.0,3.1,HUSAVIK,2,none
367708440,47.630035,-122.39361,0.0,90.9,511.0,0.0,15,2026-06-03 20:00:55.000000,MSSIS,False,,0,WDI5428,0.0,0.0,0.0,,37,none
227006680,48.38118,-4.4844785,0.0,328.0,511.0,-731.3865,0,2026-06-03 20:00:55.000000,MSSIS,False,MISTRAL 10,0,FW8959,0.0,0.0,4.7,BREST,52,none
316003541,54.29145,-130.35625,0.2,360.0,511.0,0.0,15,2026-06-03 20:00:55.000000,MSSIS,False,,0,,0.0,0.0,0.0,,30,none
367468730,29.99479,-93.944016,1.1,30.7,511.0,-731.3865,12,2026-06-03 20:00:55.000000,MSSIS,False,MISS KARLI,839,WDF5923,0.0,0.0,2.6,PORT NECHES,31,none
538008412,32.32543,-117.09808,0.0,217.0,328.0,0.0,1,2026-06-03 20:00:55.000000,MSSIS,False,ATLANTIC T,9403322,V7A2328,0.0,0.0,10.4,MX RST,80,none
368300420,38.04493,-122.15402,0.1,360.0,511.0,0.0,15,2026-06-03 20:00:55.000000,MSSIS,False,,0,,0.0,0.0,0.0,,37,none
258129000,63.117954,7.7585382,0.0,290.8,170.0,0.0,5,2026-06-03 20:00:55.000000,MSSIS,False,HALTBAKK STAR,7406825,LEGD3,0.0,0.0,4.5,NOKSU,74,none
366899260,34.24454,-119.264915,0.0,0.0,511.0,-731.3865,0,2026-06-03 20:00:55.000000,MSSIS,False,ISLAND ADVENTURE,0,WDG9106,0.0,0.0,2.4,,60,none
259034790,62.47473,6.1529317,0.0,168.4,266.0,0.0,5,2026-06-03 20:00:55.000000,MSSIS,False,MULTICAT,1030612,JXXF,0.0,0.0,1.8,AALESUND,30,none
338551344,38.954193,-74.90643,6.3,127.1,511.0,0.0,15,2026-06-03 20:00:55.000000,MSSIS,False,SOL MATE,0,,0.0,0.0,0.0,,0,none
477019400,59.868908,26.08352,0.0,193.0,110.0,0.0,1,2026-06-03 20:00:55.000000,MSSIS,False,WHITE DEFENDER,9621895,VRWH4,0.0,0.0,6.9,TO ORDER,70,none
235117191,50.890953,-1.393735,0.0,360.0,511.0,-731.3865,0,2026-06-03 20:00:55.000000,MSSIS,False,SCPS JOKER,0,2JMQ8,0.0,0.0,0.0,,53,none
265560940,45.558315,-1.06279,0.0,171.7,511.0,0.0,15,2026-06-03 20:00:55.000000,MSSIS,False,SY BOLJA,0,,0.0,0.0,0.0,,0,none
368071290,41.27928,-73.94216,0.0,360.0,511.0,-731.3865,0,2026-06-03 20:00:55.000000,MSSIS,False,EMERALD PRINCESS,0,WDK6110,0.0,0.0,0.0,PEEKSKILL NY,60,none
244733795,51.820026,4.669182,9.1,77.9,82.0,720.00323,0,2026-06-03 20:00:55.000000,MSSIS,False,BLUE VIENNA,0,PG6247,0.0,0.0,0.0,,69,none
367433840,41.48986,-71.32285,0.0,360.0,511.0,0.0,15,2026-06-03 20:00:55.000000,MSSIS,False,,0,WDF2955,0.0,0.0,0.0,,36,none
416490000,-33.960808,151.19905,0.0,143.2,167.0,0.0,5,2026-06-03 20:00:55.000000,MSSIS,False,YM EVOLUTION,9496460,BLHN,0.0,0.0,11.6,AU SYDAU BNE,74,none
367678850,33.908283,-118.450066,0.0,224.5,77.0,0.0,5,2026-06-03 20:00:55.000000,MSSIS,False,LELA FRANCO,101258229,WDI2504,0.0,0.0,6.0,EL SEGUNDO,90,none
227991520,38.421963,-29.302917,6.7,87.0,511.0,0.0,15,2026-06-03 20:00:55.000000,MSSIS,False,,0,FAG9649,0.0,0.0,0.0,,36,none
211372620,53.54325,9.974947,0.0,31.2,511.0,-731.3865,0,2026-06-03 20:00:55.000000,MSSIS,False,KATHI,7006974,DA9351,0.0,0.0,1.8,DEHAM,89,none
244250601,52.377113,4.9011116,0.0,360.0,511.0,-731.3865,5,2026-06-03 20:00:55.000000,MSSIS,False,JOHANN STRAUSS,0,PF7611,0.0,0.0,1.5,AMSTEPBM0BA,69,none
368241160,38.011295,-90.06009,0.0,183.8,511.0,-731.3865,0,2026-06-03 20:00:55.000000,MSSIS,False,JANE F,0,WDM8205,0.0,0.0,0.0,BALDWINIL,31,none
368215070,42.35716,-87.820885,0.0,15.4,86.0,0.0,15,2026-06-03 20:00:56.000000,MSSIS,False,,0,,0.0,0.0,0.0,,37,none
367656420,29.962881,-93.86195,0.0,184.4,511.0,-731.3865,12,2026-06-03 20:00:56.000000,MSSIS,False,PINTO,0,WDH8273,0.0,0.0,2.4,BEANS WFLEET PAT,57,none
241634000,38.030533,23.580061,0.1,282.0,511.0,-731.3865,1,2026-06-03 20:00:56.000000,MSSIS,False,KAPETAN MICHALIS,9187693,SVA8593,0.0,0.0,5.2,BUNKERINGPIRAEUS,86,none
367605910,42.015415,-70.507675,6.4,4.2,216.0,0.0,15,2026-06-03 20:00:56.000000,MSSIS,False,AMERICAN PROMISE,0,,0.0,0.0,0.0,,0,none
367114830,41.495773,-71.36479,3.2,65.9,511.0,0.0,15,2026-06-03 20:00:56.000000,MSSIS,False,,0,,0.0,0.0,0.0,,90,none
338477502,48.36789,-124.610985,0.9,360.0,511.0,0.0,15,2026-06-03 20:00:56.000000,MSSIS,False,,0,,0.0,0.0,0.0,,37,none
368361940,26.399996,-80.066505,0.0,330.4,4.0,0.0,15,2026-06-03 20:00:56.000000,MSSIS,False,REELAXIN,0,,0.0,0.0,0.0,,0,none
368385170,27.499458,-82.57264,0.1,360.0,511.0,0.0,15,2026-06-03 20:00:56.000000,MSSIS,False,,0,WDP7820,0.0,0.0,0.0,,37,none
338187319,27.1075,-82.4618,0.0,99.4,511.0,0.0,15,2026-06-03 20:00:56.000000,MSSIS,False,,0,,0.0,0.0,0.0,,37,none
219001291,55.354893,13.227814,0.0,0.0,511.0,0.0,15,2026-06-03 20:00:56.000000,MSSIS,False,,0,XPA6525,0.0,0.0,0.0,,37,none
219010247,57.122036,8.59872,0.0,163.0,511.0,0.0,15,2026-06-03 20:00:56.000000,MSSIS,False,HM73 JYLLAND,0,,0.0,0.0,0.0,,0,none
368239240,32.726986,-117.20132,0.0,360.0,511.0,0.0,15,2026-06-03 20:00:56.000000,MSSIS,False,,0,WDM7994,0.0,0.0,0.0,,36,none
265630860,57.422096,18.915998,0.0,42.7,511.0,0.0,15,2026-06-03 20:00:56.000000,MSSIS,False,,0,SFB8403,0.0,0.0,0.0,,30,none
235052427,58.80118,11.163134,0.0,65.4,511.0,0.0,15,2026-06-03 20:00:56.000000,MSSIS,False,,0,MQDL7,0.0,0.0,0.0,,36,none
265082710,59.433002,18.111849,0.0,360.0,511.0,0.0,15,2026-06-03 20:00:56.000000,MSSIS,False,,0,SG9297,0.0,0.0,0.0,,36,none
265781270,59.34835,18.22599,0.1,360.0,511.0,0.0,15,2026-06-03 20:00:56.000000,MSSIS,False,,0,SE4653,0.0,0.0,0.0,,36,none
367702430,30.012281,-90.760185,1.4,310.7,313.0,720.00323,0,2026-06-03 20:00:56.000000,MSSIS,False,SAFETY GLORY,0,WDI4827,0.0,0.0,0.0,USMSYUSMSY,52,none
225911820,37.369385,-5.9933286,0.0,360.0,112.0,0.0,15,2026-06-03 20:00:56.000000,MSSIS,False,,0,,0.0,0.0,0.0,,37,none
225989449,38.826443,1.3694667,5.5,289.2,511.0,0.0,15,2026-06-03 20:00:56.000000,MSSIS,False,,0,,0.0,0.0,0.0,,36,none
244519000,56.828144,18.54577,18.1,50.0,51.0,0.0,0,2026-06-03 20:00:56.000000,MSSIS,False,GENCA,9307372,PHKD,0.0,0.0,7.3,FIHKO,70,none
422754000,25.293543,60.604275,0.0,89.3,511.0,-731.3865,15,2026-06-03 20:00:56.000000,MSSIS,False,YADEGAR2,9507647,SSD,0.0,0.0,0.0,,0,none
244020823,51.52004,4.222825,7.8,200.5,511.0,-731.3865,0,2026-06-03 20:00:56.000000,MSSIS,False,TYDA KYRA,0,PD4740,0.0,0.0,0.0,KWAADMECHELEN,79,none
244650232,51.51535,3.653635,3.0,37.6,511.0,-731.3865,5,2026-06-03 20:00:56.000000,MSSIS,False,VRIJBUITER,0,PH8715,0.0,0.0,1.2,MIDDELBURG,69,none
256490000,24.76372,67.32342,0.0,325.3,89.0,0.0,5,2026-06-03 20:00:56.000000,MSSIS,False,CMA CGM RIMBAUD,9635640,9HA5860,0.0,0.0,12.7,PKBQM,74,none
265522470,59.351395,18.2642,0.0,360.0,125.0,0.0,0,2026-06-03 20:00:56.000000,MSSIS,False,SKARPO,0,SLZE,0.0,0.0,3.2,,60,none
230109450,65.6649,24.513958,0.0,134.3,49.0,0.0,5,2026-06-03 20:00:56.000000,MSSIS,False,JAASALO,7407544,OIHE,0.0,0.0,5.2,KEMI,52,none
352004237,34.209904,128.33672,0.3,104.1,174.0,0.0,1,2026-06-03 20:00:56.000000,MSSIS,False,XING SHUN 76,9220706,3E7722,0.0,0.0,11.2,KRKAN,79,none
211223200,39.568073,2.63899,0.0,360.0,511.0,0.0,15,2026-06-03 20:00:56.000000,MSSIS,False,SUNNY,0,,0.0,0.0,0.0,,0,none
219020450,55.0334,10.54074,0.0,360.0,511.0,0.0,15,2026-06-03 20:00:56.000000,MSSIS,False,ANDANTE,0,,0.0,0.0,0.0,,0,none
440167480,34.973232,129.13246,10.9,217.3,220.0,0.0,0,2026-06-03 20:00:56.000000,MSSIS,False,DL AMBER,9576909,211024,0.0,0.0,5.0,BSN,80,none
338525773,25.795383,-80.14635,0.0,119.7,511.0,0.0,15,2026-06-03 20:00:56.000000,MSSIS,False,,0,,0.0,0.0,0.0,,37,none
242579300,36.17338,-5.3779235,0.0,106.6,84.0,0.7142446,5,2026-06-03 20:00:56.000000,MSSIS,False,MOROCCO STAR,7803190,CNA5167,0.0,0.0,5.4,ALGTNGALG,69,none
316004940,43.837147,7.912875,0.1,360.0,511.0,0.0,15,2026-06-03 20:00:56.000000,MSSIS,False,SEA METRI V,0,,0.0,0.0,0.0,,0,none
256220000,45.634068,-8.543497,13.2,18.8,18.0,-6.4282017,0,2026-06-03 20:00:56.000000,MSSIS,False,MARINA M,9952610,9HA5748,0.0,0.0,8.0,VENTSPILS FOR ORDERS,80,none
368102160,27.02242,-80.43618,0.1,360.0,511.0,0.0,15,2026-06-03 20:00:56.000000,MSSIS,False,GALILEA,0,,0.0,0.0,0.0,,0,none
225017940,43.434143,-3.432695,0.1,17.4,511.0,-731.3865,0,2026-06-03 20:00:56.000000,MSSIS,False,KINKON DOS,0,EADU,0.0,0.0,1.8,SAN SVB,0,none
338445236,36.720634,-76.23744,0.8,292.6,511.0,0.0,15,2026-06-03 20:00:57.000000,MSSIS,False,,0,,0.0,0.0,0.0,,37,none
316029469,48.977306,-123.068855,0.2,201.6,511.0,0.0,15,2026-06-03 20:00:57.000000,MSSIS,False,,0,,0.0,0.0,0.0,,36,none
538004383,33.66988,-7.6887465,0.5,312.5,31.0,-0.4017626,1,2026-06-03 20:00:56.000000,MSSIS,False,FEDERAL SUTTON,9595917,V7WS7,0.0,0.0,9.7,MACAS,70,none
369970592,34.073265,-77.9341,11.4,189.9,511.0,0.0,15,2026-06-03 20:00:57.000000,MSSIS,False,,0,,0.0,0.0,0.0,,35,none
224512370,36.157906,-5.40656,0.5,360.0,511.0,-731.3865,0,2026-06-03 20:00:56.000000,MSSIS,False,PAQUITO MORENO,0,EBYK,0.0,0.0,0.0,ALGECIRAS,0,none
316058068,36.843266,-76.30092,0.7,219.6,12.0,0.0,15,2026-06-03 20:00:57.000000,MSSIS,False,SV SOLIS,0,,0.0,0.0,0.0,,0,none
255805775,28.131977,-15.417628,0.0,354.3,2.0,0.0,5,2026-06-03 20:00:56.000000,MSSIS,False,WEC MONDRIAAN,9354363,CQCY,0.0,0.0,8.0,ESLPA,70,none
265576690,59.32205,18.103384,0.0,219.9,3.0,0.0,0,2026-06-03 20:00:56.000000,MSSIS,False,FENIX FIRESAR,0,SFC5972,0.0,0.0,1.0,STOCKHOLM,51,none
368169820,37.911167,-122.34836,0.0,217.4,511.0,0.0,15,2026-06-03 20:00:57.000000,MSSIS,False,,0,WDL8472,0.0,0.0,0.0,,36,none
244020435,59.58966,16.520426,0.0,19.8,221.0,0.0,0,2026-06-03 20:00:56.000000,MSSIS,False,LADY ASTRID,9760419,PCKU,0.0,0.0,5.0,SEVST,79,none
227802100,56.012238,16.912523,10.2,163.3,511.0,-731.3865,0,2026-06-03 20:00:56.000000,MSSIS,False,FRENCH WARSHIP LIO,0,FALN,0.0,0.0,0.0,0,35,none
220600000,55.425564,8.01452,12.9,268.8,266.0,1.1160072,0,2026-06-03 20:00:56.000000,MSSIS,False,ESVAGT BETA,8817746,OUJM2,0.0,0.0,5.3,BALDER  E BERGEN,70,none
220490000,56.693695,8.222141,0.0,261.2,261.0,3.6158633,0,2026-06-03 20:00:56.000000,MSSIS,False,ATHENE,9417660,OVXT,0.0,0.0,3.0,THYBOR  N,75,none
211556950,54.48186,13.63469,12.4,1.7,1.0,0.0,0,2026-06-03 20:00:56.000000,MSSIS,False,HARRO KOEBKE,0,DBAK,0.0,0.0,2.7,SAR ON DUTY,51,none
601087000,-33.90595,18.426868,0.0,334.0,47.0,0.0,7,2026-06-03 20:00:56.000000,MSSIS,False,SISTRO,0,ZR5245,0.0,0.0,0.0,FISHING GROUNDS,30,none
563886000,1.2639483,103.83543,0.0,223.4,269.0,0.0,5,2026-06-03 20:00:56.000000,MSSIS,False,KOTA AZAM,9182033,S6BL,0.0,0.0,9.1,SGSIN PEBGA,70,none
261004170,54.40637,18.665075,0.0,296.2,313.0,0.0,5,2026-06-03 20:00:56.000000,MSSIS,False,MARS,9963877,SNHS,0.0,0.0,4.6,GDANSK,52,none
529899000,6.913655,122.00937,8.6,103.6,105.0,0.0,0,2026-06-03 20:00:56.000000,MSSIS,False,MV VANDON SEA,9217814,T3VJ2,0.0,0.0,7.3,PH DVO,76,none
605066634,34.28294,12.4535,9.0,267.5,511.0,-731.3865,0,2026-06-03 20:00:56.000000,MSSIS,False,OUM ELKHEIR 27,1055961,7T6634,0.0,0.0,3.7,ZONE DE PECHE,30,none
414012000,45.721703,13.653584,0.0,300.9,29.0,0.0,1,2026-06-03 20:00:56.000000,MSSIS,False,COSCO PENG CHENG,9872195,BOHQ2,0.0,0.0,10.3,MONFALCONE,70,none
228142440,48.834698,-3.0037167,5.2,287.0,280.0,720.00323,0,2026-06-03 20:00:56.000000,MSSIS,False,ENEZIZ,9961647,FAJ8780,0.0,0.0,1.7,BREHATAR,60,none
228287900,49.475346,0.13243334,0.0,279.7,278.0,0.0,3,2026-06-03 20:00:56.000000,MSSIS,False,VB YPORT,9393723,FNOI,0.0,0.0,0.0,,52,none
211757540,54.502937,11.23035,0.0,325.1,16.0,2.187374,5,2026-06-03 20:00:56.000000,MSSIS,False,KRONPRINS FREDERIK,7803205,DKER2,0.0,0.0,5.2,DEPUTDKROE,60,none
259023000,9.399652,-79.96463,0.0,175.8,240.0,0.0,1,2026-06-03 20:00:56.000000,MSSIS,False,DON PASQUALE,9138513,LATF8,0.0,0.0,8.9,KRPTK,70,none
371264000,9.331473,-80.16477,8.2,247.3,247.0,0.0,8,2026-06-03 20:00:56.000000,MSSIS,False,ST TRINIDAD,9396426,HP8158,0.0,0.0,4.5,PUNTARINCON,52,none
368006870,48.509464,-122.581085,0.0,82.7,98.0,0.0,12,2026-06-03 20:00:56.000000,MSSIS,False,ONE CURE,9837212,WDJ7457,0.0,0.0,4.7,USANC,31,none
241976000,31.225214,-123.14769,11.2,141.2,141.0,-1.6070504,0,2026-06-03 20:00:56.000000,MSSIS,False,DORIC FLAME,1026960,SVEC3,0.0,0.0,13.2,PA BLB,70,none
367306390,39.822697,-72.60568,0.3,150.1,511.0,-731.3865,15,2026-06-03 20:00:57.000000,MSSIS,False,MASTER JAMES,0,WDD9071,0.0,0.0,0.0,FISHING TO MAKE A CH,30,none
567003130,13.532808,100.26383,0.0,185.8,38.0,0.0,0,2026-06-03 20:00:56.000000,MSSIS,False,OC MOSGOW,9017056,HSB8239,0.0,0.0,0.0,,80,none
538007754,35.75238,28.293499,10.9,270.5,272.0,0.0,0,2026-06-03 20:00:56.000000,MSSIS,False,TIBERIUS,9665841,V7AM5,0.0,0.0,0.0,CANAKKALE,70,none
257754000,67.57233,15.165889,10.5,316.6,311.0,0.0,0,2026-06-03 20:00:56.000000,MSSIS,False,KVITSAND,9313797,LANB8,0.0,0.0,6.4,NOMAY,70,none
636021998,15.15655,-19.139902,9.7,288.0,289.0,0.0,0,2026-06-03 20:00:56.000000,MSSIS,False,VENTURE,9233416,5LGR9,0.0,0.0,7.1,CV GRA,70,none
310133000,14.68744,-17.427757,0.0,173.6,334.0,0.0,5,2026-06-03 20:00:56.000000,MSSIS,False,VALENCIA EXPRESS,9108130,ZCBD4,0.0,0.0,9.7,SNDKR,70,none
259001980,59.018414,10.26412,7.7,158.3,154.0,0.0,0,2026-06-03 20:00:56.000000,MSSIS,False,BIO NAVIGATOR,9535400,3YCE,0.0,0.0,4.2,DK HIRTSHALS,80,none
259241000,69.50913,17.908657,0.0,322.7,511.0,-731.3865,5,2026-06-03 20:00:56.000000,MSSIS,False,NORDBANKEN,8501086,LNFC,0.0,0.0,5.0,FISKEFELTENE,30,none
256083000,72.02073,28.19553,1.2,315.2,8.0,0.0,0,2026-06-03 20:00:56.000000,MSSIS,False,CLEAN HORIZON,9655444,9HA3808,0.0,0.0,9.6,FOR ORDERS,84,none
226003510,51.274372,4.356137,1.3,314.8,511.0,-731.3865,0,2026-06-03 20:01:00.000000,MSSIS,False,NETTY,0,FM2316,0.0,0.0,0.2,HERENT,79,none
211519400,52.51933,13.3511,5.7,132.9,511.0,-731.3865,0,2026-06-03 20:01:00.000000,MSSIS,False,BRASIL,0,DA5620,0.0,0.0,1.0,BERLIN  TREPTOW,69,none
338403807,40.835625,-73.72052,0.0,360.0,511.0,0.0,15,2026-06-03 20:01:00.000000,MSSIS,False,,0,FRIEDOM,0.0,0.0,0.0,,37,none
245784000,51.800766,4.63975,0.1,342.0,207.0,0.0,0,2026-06-03 20:01:00.000000,MSSIS,False,RWS 72,0,PH4483,0.0,0.0,0.0,PATROL,99,none
247546000,40.83922,14.290562,0.0,360.0,511.0,-731.3865,0,2026-06-03 20:01:00.000000,MSSIS,False,ISOLA DI PROCIDA,9166209,IBBX,0.0,0.0,2.4,CANA E VV,60,none
257336400,60.2234,5.1575885,0.1,339.5,173.0,0.0,5,2026-06-03 20:01:00.000000,MSSIS,False,NARASUND,6820971,LAHN,0.0,0.0,2.0,KLOKKARVIK  HJELLEST,60,none
235114982,39.558434,2.6269233,0.0,360.0,511.0,0.0,15,2026-06-03 20:01:00.000000,MSSIS,False,,0,2JD19,0.0,0.0,0.0,,37,none
249129000,57.98572,20.975296,11.9,18.5,18.0,0.0,0,2026-06-03 20:01:00.000000,MSSIS,False,MEIN SCHIFF RELAX,9862657,9HA6120,0.0,0.0,8.5,EE TLL,60,none
574013029,22.989202,59.530342,9.5,140.0,139.0,0.0,0,2026-06-03 20:01:00.000000,MSSIS,False,TAN BINH 129,9244996,3WTZ9,0.0,0.0,9.2,YANBU,70,none
228159020,43.510406,4.1170716,0.0,360.0,511.0,0.0,15,2026-06-03 20:01:00.000000,MSSIS,False,SURFINBIRD,0,,0.0,0.0,0.0,,0,none
244131634,52.37944,4.8959584,0.1,360.0,511.0,-731.3865,0,2026-06-03 20:01:00.000000,MSSIS,False,GLADIATOR,0,PF5251,0.0,0.0,1.0,,69,none
227926910,43.55998,4.081155,0.0,360.0,511.0,0.0,15,2026-06-03 20:01:00.000000,MSSIS,False,,0,FAG3154,0.0,0.0,0.0,,36,none
246819000,56.413555,10.925286,0.0,252.2,181.0,0.0,5,2026-06-03 20:01:00.000000,MSSIS,False,ROAR R,7906801,PBYZ,0.0,0.0,1.8,DEWAR,38,none
219012073,55.30073,10.804278,0.0,356.9,205.0,0.0,5,2026-06-03 20:01:00.000000,MSSIS,False,SUSANNE A,9099183,OZBE2,0.0,0.0,2.5,NYBORG DK,99,none
538071810,43.51344,6.988557,4.9,191.8,186.0,0.0,0,2026-06-03 20:01:00.000000,MSSIS,False,SYNTHESIS,9794587,V7A5646,0.0,0.0,3.9,FR LA NAPOULE,37,none
255915668,52.99049,4.8112764,0.0,131.9,193.0,0.0,1,2026-06-03 20:01:00.000000,MSSIS,False,AMADEUS PEARL,9995844,CQ2126,0.0,0.0,3.4,GBSUNFOR ORDER,70,none
413955285,22.306286,114.15919,0.0,190.8,65.0,0.0,0,2026-06-03 20:01:00.000000,MSSIS,False,GUIGANGDONGWANG160,0,,0.0,0.0,3.7,XIANG GANG,70,none
338381273,26.164581,-80.10657,0.0,360.0,511.0,0.0,15,2026-06-03 20:01:00.000000,MSSIS,False,,0,,0.0,0.0,0.0,,37,none
338191636,47.655064,-122.20707,0.0,217.5,4.0,0.0,15,2026-06-03 20:01:00.000000,MSSIS,False,WIND ROSE,0,,0.0,0.0,0.0,,0,none
228237290,43.421925,6.74805,0.1,360.0,511.0,0.0,15,2026-06-03 20:01:00.000000,MSSIS,False,,0,FAL2959,0.0,0.0,0.0,,37,none
352001228,8.95363,-79.57172,1.3,329.7,511.0,-731.3865,0,2026-06-03 20:01:00.000000,MSSIS,False,VB CAIMAN,9831127,HOA7959,0.0,0.0,0.0,,52,none
244810087,51.95822,4.0414968,0.0,360.0,511.0,-731.3865,5,2026-06-03 20:01:00.000000,MSSIS,False,KRATOS,0,PA5885,0.0,0.0,0.0,VLAARDINGEN  KONINGI,90,none
367356340,29.047361,-91.369194,7.0,342.4,511.0,0.0,15,2026-06-03 20:01:00.000000,MSSIS,False,,0,WCY4101,0.0,0.0,0.0,,30,none
261185590,53.89516,14.251001,0.0,360.0,175.0,0.0,5,2026-06-03 20:01:00.000000,MSSIS,False,NEPTUNUS,0,SR5590,0.0,0.0,0.0,SZCZSWISZCZPL,80,none
338500305,40.63963,-73.580185,0.0,245.0,343.0,0.0,15,2026-06-03 20:01:00.000000,MSSIS,False,,0,,0.0,0.0,0.0,,37,none
235068295,43.16896,5.610005,0.0,287.4,48.0,0.0,5,2026-06-03 20:01:00.000000,MSSIS,False,KATHLEEN ANNE,1009821,2BPV8,0.0,0.0,2.9,LA CIOTAT,37,none
338325347,29.541723,-95.035515,0.0,88.7,279.0,0.0,15,2026-06-03 20:01:00.000000,MSSIS,False,FUELISH PLEASURE,0,,0.0,0.0,0.0,,0,none
371737000,51.921757,3.746395,0.3,310.4,232.0,0.0,1,2026-06-03 20:01:00.000000,MSSIS,False,XING HAI WAN,9570113,HP5831,0.0,0.0,5.8,ROTTERDAM,80,none
368003290,38.149303,-121.69236,0.0,156.2,511.0,0.0,15,2026-06-03 20:01:00.000000,MSSIS,False,ISLA BELLA,0,,0.0,0.0,0.0,,0,none
367662790,48.609783,-123.15383,0.0,165.8,511.0,0.0,15,2026-06-03 20:01:00.000000,MSSIS,False,LADY JANET,0,,0.0,0.0,0.0,,0,none
244001622,52.09749,4.259918,0.1,360.0,249.0,0.0,0,2026-06-03 20:01:00.000000,MSSIS,False,,0,,0.0,0.0,0.0,,0,none
316005460,44.19192,-66.1656,0.0,164.3,511.0,0.0,15,2026-06-03 20:01:00.000000,MSSIS,False,,0,,0.0,0.0,0.0,,30,none
265830940,59.602726,16.551414,0.0,360.0,319.0,0.0,0,2026-06-03 20:01:00.000000,MSSIS,False,ANUND,0,SBWA,0.0,0.0,0.0,ICEBREAKING,0,none
224194830,41.55798,2.5070233,0.0,254.1,511.0,0.0,15,2026-06-03 20:01:00.000000,MSSIS,False,GOTA,0,,0.0,0.0,0.0,,0,none
211896500,53.535248,9.88096,0.0,5.6,48.0,0.0,0,2026-06-03 20:01:00.000000,MSSIS,False,KLEIN ROMY,0,DH9849,0.0,0.0,0.0,,99,none
235104491,43.579586,7.1384115,0.5,249.4,180.0,0.0,1,2026-06-03 20:01:00.000000,MSSIS,False,GO,1010064,2HKY4,0.0,0.0,2.9,ANTIBES,37,none
227542970,43.4152,-8.257415,5.5,94.6,98.0,0.0,15,2026-06-03 20:01:00.000000,MSSIS,False,AMADEUS,0,,0.0,0.0,0.0,,0,none
244660197,52.360233,4.904742,0.0,360.0,511.0,-731.3865,0,2026-06-03 20:01:00.000000,MSSIS,False,PRIXDEAU,0,PE6700,0.0,0.0,0.0,,69,none
367557290,41.47581,2.31223,0.3,360.0,511.0,0.0,15,2026-06-03 20:01:00.000000,MSSIS,False,ANETT,0,,0.0,0.0,0.0,,0,none
319001200,26.749115,-80.049095,0.0,291.0,90.0,0.0,5,2026-06-03 20:01:00.000000,MSSIS,False,BEOWULF,1007304,ZCYC5,0.0,0.0,2.9,RYBO,37,none
247049400,40.55739,14.2414,1.4,92.0,511.0,-731.3865,0,2026-06-03 20:01:00.000000,MSSIS,False,EUROPA JET,8702721,IXRM,0.0,0.0,1.2,GOLFO DI NAPOLI,69,none
366525000,37.87774,23.525919,0.0,224.6,137.0,0.0,1,2026-06-03 20:01:00.000000,MSSIS,False,SHENANDOAH TRADER,9708760,WSHZ,0.0,0.0,9.7,NUNYA,80,none
224283450,41.06407,1.0642633,0.0,360.0,511.0,0.0,15,2026-06-03 20:01:00.000000,MSSIS,False,,0,,0.0,0.0,0.0,,37,none
636023410,51.496246,0.71888167,11.8,281.5,279.0,0.7142446,0,2026-06-03 20:01:00.000000,MSSIS,False,CMA CGM FIORDLAND,9969106,5LNO9,0.0,0.0,10.8,GBLGP,70,none
225995519,42.2329,-8.74153,0.0,360.0,511.0,0.0,15,2026-06-03 20:01:00.000000,MSSIS,False,,0,465318,0.0,0.0,0.0,,36,none
211103030,32.643665,-16.7714,7.2,115.5,511.0,0.0,15,2026-06-03 20:01:00.000000,MSSIS,False,,0,DKSY,0.0,0.0,0.0,,36,none
205576400,51.228664,4.4083285,0.0,360.0,511.0,0.0,15,2026-06-03 20:01:01.000000,MSSIS,False,,0,OS5764,0.0,0.0,0.0,,37,none
228290730,43.517876,4.14031,0.0,360.0,511.0,0.0,15,2026-06-03 20:01:01.000000,MSSIS,False,RINASCITA,0,,0.0,0.0,0.0,,0,none
227589880,18.07417,-63.08531,0.2,360.0,511.0,0.0,15,2026-06-03 20:01:01.000000,MSSIS,False,EPICURE,0,,0.0,0.0,0.0,,0,none
251499640,65.62513,-23.823338,2.3,215.9,511.0,0.0,15,2026-06-03 20:01:01.000000,MSSIS,False,,0,6377,0.0,0.0,0.0,,30,none
368102470,30.062975,-90.863335,8.0,102.9,511.0,-731.3865,0,2026-06-03 20:01:00.000000,MSSIS,False,JOANNE C,0,WDK9314,0.0,0.0,3.0,164,52,none
368310550,37.699417,-76.35172,0.0,114.3,138.0,0.0,15,2026-06-03 20:01:01.000000,MSSIS,False,MY PEARL,0,,0.0,0.0,0.0,,0,none
367604770,30.376211,-91.237885,0.7,41.7,511.0,-731.3865,0,2026-06-03 20:01:00.000000,MSSIS,False,MRS JACQUELINE,0,,0.0,0.0,0.0,,0,none
368351160,29.744234,-93.86845,0.0,342.2,131.0,0.0,0,2026-06-03 20:01:00.000000,MSSIS,False,SPRUBY,1019890,WDP4082,0.0,0.0,0.0,SABINE PASS TEXAS,96,none
367104940,47.33698,-122.58168,0.0,360.0,511.0,-731.3865,5,2026-06-03 20:01:00.000000,MSSIS,False,MESSING AROUND,0,WDJ6069,0.0,0.0,1.8,GIG HARBOR,37,none
366999624,42.8118,-70.86451,0.0,167.6,511.0,-731.3865,0,2026-06-03 20:01:00.000000,MSSIS,False,CG47306,0,,0.0,0.0,1.0,,51,none
367702470,29.992884,-90.806335,0.0,259.2,213.0,0.0,0,2026-06-03 20:01:00.000000,MSSIS,False,SAFETY LEGEND,0,WDI4831,0.0,0.0,0.0,US0E7J0RM5,31,none
232046824,43.344463,-3.048315,0.0,181.6,122.0,0.0,5,2026-06-03 20:01:00.000000,MSSIS,False,CONTAINERSHIPS NORD,9813993,MNJM6,0.0,0.0,7.8,ESBIO,71,none
224498000,28.159933,-15.398686,0.0,78.5,179.0,-0.044640288,0,2026-06-03 20:01:00.000000,MSSIS,False,CIUDAD DE IBIZA,9263370,EAYW,0.0,0.0,5.3,ES FUE,60,none
636024246,35.742764,-4.62503,3.1,239.4,234.0,6.4282017,0,2026-06-03 20:01:00.000000,MSSIS,False,ANGIE,9538141,5LRR5,0.0,0.0,9.5,MA PTM OPL,80,none
311000648,33.15414,-8.69055,0.1,182.2,10.0,0.0,1,2026-06-03 20:01:00.000000,MSSIS,False,KAREWOOD STAR,9363986,C6DD8,0.0,0.0,4.9,MAJFL,70,none
271002685,53.423,14.576333,0.0,289.0,14.0,0.0,5,2026-06-03 20:01:00.000000,MSSIS,False,VARKAN MARMARA,9458145,TCTN8,0.0,0.0,5.1,SEMMAPLSZZ,81,none
431023077,33.962517,130.7681,11.0,89.0,88.0,0.0,0,2026-06-03 20:01:00.000000,MSSIS,False,SINYOU MARU,9974125,JD5334,0.0,0.0,3.5,JP KNM 2RS,70,none
368013080,48.492214,-122.681816,0.0,360.0,511.0,0.0,15,2026-06-03 20:01:01.000000,MSSIS,False,,0,WDJ8099,0.0,0.0,0.0,,37,none
255806183,51.278397,4.332075,0.0,216.2,137.0,0.0,0,2026-06-03 20:01:01.000000,MSSIS,False,INDUSTRIALCONFIDENCE,9810331,CQAI5,0.0,0.0,6.9,BE ANR,70,none
319098001,25.805763,-80.14623,0.0,360.0,511.0,0.0,15,2026-06-03 20:01:01.000000,MSSIS,False,TT AVANTI,0,,0.0,0.0,0.0,,0,none
257882900,68.52247,16.146482,8.3,134.5,511.0,0.0,15,2026-06-03 20:00:59.000000,MSSIS,False,,0,LK6232,0.0,0.0,0.0,,33,none
205207190,51.377068,4.155575,11.0,55.9,511.0,-731.3865,0,2026-06-03 20:01:01.000000,MSSIS,False,SCHELDESTAD,0,OT2071,0.0,0.0,3.7,BRUXELLES AVANTPORT,79,none
567001262,7.81993,98.354095,0.0,347.3,347.0,0.0,15,2026-06-03 20:01:00.000000,MSSIS,False,,0,HSB6127,0.0,0.0,0.0,,60,none
219733000,51.893387,3.484325,0.2,2.0,224.0,0.0,1,2026-06-03 20:01:01.000000,MSSIS,False,MAERSK ADRIATIC,9636632,OVTV2,0.0,0.0,11.0,NL RTM,89,none
338562482,33.602222,-117.886215,0.0,360.0,511.0,0.0,15,2026-06-03 20:01:01.000000,MSSIS,False,,0,,0.0,0.0,0.0,,37,none
368302770,32.17843,-80.77359,0.0,360.0,511.0,0.0,15,2026-06-03 20:01:01.000000,MSSIS,False,,0,WDN6828,0.0,0.0,0.0,,36,none
338419815,38.42229,-77.35688,0.3,236.0,511.0,0.0,15,2026-06-03 20:01:01.000000,MSSIS,False,,0,,0.0,0.0,0.0,,37,none
378114669,26.779453,-80.05043,0.0,26.3,74.0,0.0,15,2026-06-03 20:01:01.000000,MSSIS,False,,0,ZJL4241,0.0,0.0,0.0,,37,none
368473420,25.890278,-80.15124,0.4,84.1,511.0,0.0,15,2026-06-03 20:01:01.000000,MSSIS,False,,0,WDQ9695,0.0,0.0,0.0,,37,none
329027040,16.302631,-61.072685,0.0,267.1,0.0,0.0,0,2026-06-03 20:01:01.000000,MSSIS,False,OURSON,0,FMYC,0.0,0.0,0.0,FOLLE ANSE,70,none
369872000,21.329975,-157.96652,0.0,45.2,222.0,0.0,5,2026-06-03 20:01:01.000000,MSSIS,False,MG ROBERT SMALLS,9408750,AABF,0.0,0.0,0.0,,35,none
219012302,56.127,12.309,0.0,35.0,199.0,0.0,7,2026-06-03 20:01:01.000000,MSSIS,False,NORDAHL H151,0,XP5517,0.0,0.0,3.0,,30,none
412460946,-50.474186,13.25413,0.1,137.1,137.0,0.0,15,2026-06-03 20:01:02.000000,MSSIS,False,,0,BZXY2,0.0,0.0,0.0,,30,none
245073000,62.736965,19.627737,11.5,209.6,210.0,0.0,0,2026-06-03 20:01:01.000000,MSSIS,False,COOLWATER,9377949,PHMQ,0.0,0.0,5.5,NLRTM,80,none
368331910,40.647087,-74.10052,5.7,90.9,94.0,-720.00323,0,2026-06-03 20:01:01.000000,MSSIS,False,GRACE MCALLISTER,1339569,WDN9965,0.0,0.0,0.0,PORT RICHMOND NY,52,none
232057925,32.375416,-64.674065,0.4,172.2,511.0,0.0,15,2026-06-03 20:01:02.000000,MSSIS,False,,0,MRFD7,0.0,0.0,0.0,,36,none
244057673,54.89135,10.412773,0.0,360.0,511.0,0.0,15,2026-06-03 20:01:02.000000,MSSIS,False,MAREMAKS,0,,0.0,0.0,0.0,,0,none
316036477,46.783337,-71.23704,0.0,360.0,511.0,0.0,15,2026-06-03 20:01:02.000000,MSSIS,False,,0,,0.0,0.0,0.0,,37,none
211460340,54.151814,11.770282,0.0,0.0,511.0,0.0,15,2026-06-03 20:01:02.000000,MSSIS,False,,0,DC3541,0.0,0.0,0.0,,37,none
525400624,1.4336267,103.92099,0.0,360.0,511.0,-731.3865,1,2026-06-03 20:01:01.000000,MSSIS,False,MV DOLPHIN 5,9890941,YC3104,0.0,0.0,1.0,BTC,69,none
244676113,51.22851,4.408893,0.0,360.0,511.0,0.0,15,2026-06-03 20:01:02.000000,MSSIS,False,,0,PI3528,0.0,0.0,0.0,,37,none
244866416,52.95338,4.7790265,0.0,296.7,511.0,0.0,15,2026-06-03 20:01:02.000000,MSSIS,False,,0,PG5407,0.0,0.0,0.0,,37,none
366862960,32.71476,-117.22852,0.0,224.7,511.0,0.0,15,2026-06-03 20:01:02.000000,MSSIS,False,,0,WDA9235,0.0,0.0,0.0,,37,none
244690483,51.49627,4.0551567,0.0,162.7,511.0,0.0,15,2026-06-03 20:01:02.000000,MSSIS,False,,0,PD6412,0.0,0.0,0.0,,37,none
248792000,24.046026,58.569843,8.4,316.3,316.0,0.0,0,2026-06-03 20:01:01.000000,MSSIS,False,ATLANTIS ANTAO,9316012,9HA2517,0.0,0.0,7.1,KHORFAKKAN,80,none
259016500,59.11611,11.375047,0.0,360.0,511.0,0.0,15,2026-06-03 20:01:02.000000,MSSIS,False,NEXANS UR 141,0,,0.0,0.0,0.0,,0,none
257133720,59.032192,10.752129,6.2,69.0,72.0,0.0,0,2026-06-03 20:01:01.000000,MSSIS,False,STOKKOY,0,LK2691,0.0,0.0,0.0,,30,none
265661500,58.88968,17.55493,0.0,360.0,511.0,0.0,15,2026-06-03 20:01:02.000000,MSSIS,False,NICOLINA III,0,,0.0,0.0,0.0,,0,none
367482650,20.070045,-157.4099,6.8,349.3,511.0,0.0,15,2026-06-03 20:01:02.000000,MSSIS,False,ST MARTIN,0,,0.0,0.0,0.0,,0,none
244374431,52.657745,5.6001067,0.1,23.1,511.0,0.0,15,2026-06-03 20:01:02.000000,MSSIS,False,NISOS ORK,0,,0.0,0.0,0.0,,0,none
338431972,34.17464,-119.23011,0.0,127.3,511.0,0.0,15,2026-06-03 20:01:02.000000,MSSIS,False,KEANU,0,,0.0,0.0,0.0,,0,none
353979000,55.03686,16.934921,0.0,120.3,201.0,0.0,3,2026-06-03 20:01:01.000000,MSSIS,False,THIALF,8757740,3EAA4,0.0,0.0,16.5,BALTYK 2 OFFSHORE WI,90,none
244798152,52.885155,5.001915,0.0,206.8,511.0,0.0,15,2026-06-03 20:01:02.000000,MSSIS,False,,0,PE7180,0.0,0.0,0.0,,37,none
258114830,59.002563,5.7518783,0.0,0.0,511.0,0.0,15,2026-06-03 20:01:02.000000,MSSIS,False,SABANHOI,0,,0.0,0.0,0.0,,0,none
227480640,43.29548,5.3590465,8.2,121.1,511.0,0.0,15,2026-06-03 20:01:02.000000,MSSIS,False,,0,FAE4814,0.0,0.0,0.0,,60,none
367005580,29.950768,-90.38608,0.0,229.1,127.0,0.0,0,2026-06-03 20:01:01.000000,MSSIS,False,HJ DUPRE,0,WDC3309,0.0,0.0,2.5,US0TZ60WWX,57,none
232020751,43.6361,7.1381764,0.0,360.0,511.0,0.0,15,2026-06-03 20:01:02.000000,MSSIS,False,,0,MEUI2,0.0,0.0,0.0,,36,none
338202216,34.234375,-119.075356,0.0,360.0,511.0,0.0,15,2026-06-03 20:01:02.000000,MSSIS,False,,0,,0.0,0.0,0.0,,30,none
311000680,23.23182,-117.015144,14.8,299.1,302.0,0.0,0,2026-06-03 20:01:01.000000,MSSIS,False,DUNEDIN STAR,9038945,C6DH9,0.0,0.0,7.0,PACTBUSBLI,70,none
219029025,37.921318,-122.40994,0.0,129.2,143.0,0.0,5,2026-06-03 20:01:01.000000,MSSIS,False,TORM KRISTINA,9694646,OZEJ2,0.0,0.0,10.0,USRCH,80,none
211251140,57.108932,12.243584,0.0,360.0,511.0,0.0,15,2026-06-03 20:01:02.000000,MSSIS,False,MARE M,0,,0.0,0.0,0.0,,0,none
366997880,29.954,-90.22933,0.5,184.0,330.0,720.00323,0,2026-06-03 20:01:01.000000,MSSIS,False,PARACLETE,8635849,WDC2800,0.0,0.0,3.1,US0WW30TM5,57,none
636024923,27.82838,-96.952324,0.0,164.6,256.0,0.044640288,1,2026-06-03 20:01:01.000000,MSSIS,False,ETERNITY,1045693,5LUY3,0.0,0.0,10.8,USCRP,80,none
368381620,47.795216,-122.49661,0.1,186.0,186.0,0.0,15,2026-06-03 20:01:02.000000,MSSIS,False,,0,WDP7418,0.0,0.0,0.0,,37,none
109080130,63.123375,4.97588,1.6,63.4,511.0,0.0,15,2026-06-03 20:01:02.000000,MSSIS,False,,0,,0.0,0.0,0.0,,0,none
636014739,8.821085,-79.50347,0.0,226.4,336.0,0.0,1,2026-06-03 20:00:56.000000,MSSIS,False,LADY CHRISTINA,9372858,A8MO9,0.0,0.0,8.2,SALINA CRUZ,80,none
367668760,30.117018,-91.030205,5.7,319.0,353.0,720.00323,12,2026-06-03 20:00:57.000000,MSSIS,False,QUENTON CRAIG HARRIS,8836560,WDH9504,0.0,0.0,2.9,US0E7J0R6X,57,none
368104540,28.93369,-95.32207,0.0,178.0,212.0,0.0,5,2026-06-03 20:00:57.000000,MSSIS,False,JUDY MORAN,9861184,WDK9536,0.0,0.0,9.2,USFPOUSFPO,52,none
367504980,29.940472,-90.37214,8.4,108.6,106.0,0.0,12,2026-06-03 20:00:57.000000,MSSIS,False,SID MOLLER,0,WDF9421,0.0,0.0,3.1,US0Q1106KW,57,none
440103200,35.083584,129.0001,0.0,167.5,511.0,-731.3865,0,2026-06-03 20:00:57.000000,MSSIS,False,NO706 BUSAN,0,990211,0.0,0.0,2.6,GAMCHUNPORT,36,none
244863903,54.67502,10.021655,4.1,285.0,511.0,0.0,15,2026-06-03 20:00:57.000000,MSSIS,False,,0,PC3553,0.0,0.0,0.0,,36,none
219024168,55.59048,12.679645,0.3,360.0,511.0,0.0,15,2026-06-03 20:00:57.000000,MSSIS,False,,0,XPH3058,0.0,0.0,0.0,,36,none
440121630,35.098442,129.0389,0.0,233.0,511.0,-731.3865,0,2026-06-03 20:00:57.000000,MSSIS,False,PILOT DA DAE PO HO,0,213,0.0,0.0,0.0,,50,none
622177219,31.45783,31.762777,5.8,349.3,511.0,-731.3865,0,2026-06-03 20:00:57.000000,MSSIS,False,SALEH,9893747,6BEX,0.0,0.0,0.0,,52,none
319160100,42.433983,18.6884,0.0,91.7,511.0,-731.3865,5,2026-06-03 20:00:57.000000,MSSIS,False,LUMINOSITY,9754032,ZGIL8,0.0,0.0,4.7,TIVAT,37,none
201100089,42.279114,18.838505,0.1,25.2,511.0,0.0,15,2026-06-03 20:00:57.000000,MSSIS,False,,0,ZADC1,0.0,0.0,0.0,,37,none
232046262,39.43045,-0.33090833,0.0,360.0,511.0,0.0,15,2026-06-03 20:00:57.000000,MSSIS,False,FAT POINT,0,,0.0,0.0,0.0,,0,none
268234502,38.34124,-0.48363,0.0,360.0,336.0,0.0,15,2026-06-03 20:00:57.000000,MSSIS,False,,0,ZITA,0.0,0.0,0.0,,36,none
319804000,42.433735,18.692816,0.0,25.0,511.0,0.0,5,2026-06-03 20:00:57.000000,MSSIS,False,WAVERUNNER,0,ZCTE7,0.0,0.0,2.0,TIVAT,37,none
229561000,51.92507,3.7635016,0.3,147.4,220.0,0.0,1,2026-06-03 20:00:57.000000,MSSIS,False,IMERA,9458066,9HA3407,0.0,0.0,5.7,NLRTM,80,none
225987308,41.064163,1.062865,0.1,83.5,511.0,0.0,15,2026-06-03 20:00:57.000000,MSSIS,False,,0,EA6974,0.0,0.0,0.0,,36,none
258215000,41.36045,2.1794283,0.0,165.8,27.0,0.0,5,2026-06-03 20:00:57.000000,MSSIS,False,VIKING SEA,9725421,LAWP7,0.0,0.0,6.7,FR SET,60,none
215726000,26.26068,-14.922818,11.7,39.8,37.0,0.7142446,0,2026-06-03 20:00:57.000000,MSSIS,False,SPYROS,9877171,9HA5261,0.0,0.0,14.9,FRFOS,80,none
225991623,28.859615,-13.832918,0.0,148.1,325.0,0.0,0,2026-06-03 20:00:57.000000,MSSIS,False,ALEXANDRO R,9899791,EBSX,0.0,0.0,1.9,PLAYABLANCACORRALE,68,none
636092781,32.82962,-79.89347,0.0,243.0,21.0,0.0,5,2026-06-03 20:00:57.000000,MSSIS,False,TENO,9447859,A8VP7,0.0,0.0,9.0,USCHS,70,none
263441680,37.03163,-8.304308,7.3,108.1,106.0,0.0,15,2026-06-03 20:00:58.000000,MSSIS,False,,0,CRA9428,0.0,0.0,0.0,,36,none
211190000,54.631035,11.312817,15.4,204.1,203.0,0.0,0,2026-06-03 20:00:57.000000,MSSIS,False,SCHLESWIGHOLSTEIN,9151539,DMLM,0.0,0.0,5.8,PUTTGARDENROEDBY,60,none
548079205,14.561176,120.95362,0.0,0.0,511.0,0.0,15,2026-06-03 20:00:58.000000,MSSIS,False,,0,DUA4080,0.0,0.0,0.0,,70,none
261182618,53.907177,14.257653,0.0,310.0,511.0,0.0,15,2026-06-03 20:00:58.000000,MSSIS,False,BIELIK I,0,,0.0,0.0,0.0,,0,none
261011310,54.72424,18.412926,0.0,360.0,511.0,0.0,15,2026-06-03 20:00:58.000000,MSSIS,False,,0,SPG5067,0.0,0.0,0.0,,36,none
271000662,35.80422,24.34319,19.5,103.8,103.0,0.0,0,2026-06-03 20:00:57.000000,MSSIS,False,OLYMPOS SEAWAYS,9242390,TCCA6,0.0,0.0,0.0,EGDAM,71,none
367475470,56.10148,-134.57211,8.8,296.1,511.0,0.0,15,2026-06-03 20:00:58.000000,MSSIS,False,PARAGON,0,,0.0,0.0,0.0,,0,none
232043015,43.81923,7.78759,0.1,360.0,88.0,0.0,15,2026-06-03 20:00:58.000000,MSSIS,False,,0,MLXN9,0.0,0.0,0.0,,37,none
338542947,39.142242,-76.24941,0.0,360.0,511.0,0.0,15,2026-06-03 20:00:58.000000,MSSIS,False,AT EASE,0,,0.0,0.0,0.0,,0,none
316051368,48.423435,-123.38415,0.0,6.6,511.0,0.0,15,2026-06-03 20:00:58.000000,MSSIS,False,,0,,0.0,0.0,0.0,,37,none
247383370,44.017212,8.193989,0.0,360.0,511.0,0.0,15,2026-06-03 20:00:58.000000,MSSIS,False,,0,IK8045,0.0,0.0,0.0,,37,none
215279000,35.88359,14.517364,0.0,56.0,169.0,0.0,5,2026-06-03 20:00:57.000000,MSSIS,False,WHEELS,1009388,9HA5036,0.0,0.0,4.2,MT BRG,37,none
303829024,33.73403,-118.263504,0.0,228.2,511.0,0.0,15,2026-06-03 20:00:58.000000,MSSIS,False,,0,NNDF,0.0,0.0,0.0,,35,none
338212785,44.340164,-75.916245,0.0,166.3,511.0,0.0,15,2026-06-03 20:00:58.000000,MSSIS,False,,0,,0.0,0.0,0.0,,37,none
244011624,51.896477,4.31221,8.1,274.7,511.0,-731.3865,0,2026-06-03 20:00:57.000000,MSSIS,False,HOSTA,0,PF8216,0.0,0.0,2.0,BENDORF,90,none
338189935,42.43445,-82.87316,0.0,144.8,511.0,0.0,15,2026-06-03 20:00:58.000000,MSSIS,False,,0,,0.0,0.0,0.0,,37,none
316041833,45.54472,-73.52547,20.1,206.9,511.0,0.0,15,2026-06-03 20:00:58.000000,MSSIS,False,,0,,0.0,0.0,0.0,,60,none
224244470,39.560738,-0.28453,0.1,360.0,511.0,0.0,15,2026-06-03 20:00:54.000000,MSSIS,False,,0,,0.0,0.0,0.0,,37,none
563297500,34.539013,-12.9405985,16.5,13.1,13.0,-0.17856115,0,2026-06-03 20:00:54.000000,MSSIS,False,ONE FORWARD,9936422,9V3309,0.0,0.0,15.0,GBSOU,71,none
377227000,27.038797,-13.444834,0.0,176.2,359.0,0.0,5,2026-06-03 20:00:54.000000,MSSIS,False,NEARCHOS,9904285,J8B5938,0.0,0.0,2.7,LAAYOUNE,52,none
311000516,37.19265,-1.3911934,11.4,216.9,219.0,0.4017626,0,2026-06-03 20:00:54.000000,MSSIS,False,PRIMERO,9741815,C6CM9,0.0,0.0,12.0,ESBIO,80,none
263442210,37.577175,-0.80076,4.3,62.5,511.0,0.0,15,2026-06-03 20:00:54.000000,MSSIS,False,,0,CRA9842,0.0,0.0,0.0,,36,none
225989679,39.53315,2.3878434,0.2,360.0,511.0,0.0,15,2026-06-03 20:00:54.000000,MSSIS,False,,0,,0.0,0.0,0.0,,37,none
269108320,38.700382,0.6856033,8.1,41.8,511.0,0.0,15,2026-06-03 20:00:54.000000,MSSIS,False,,0,HBY4910,0.0,0.0,0.0,,37,none
225984205,38.983356,1.29107,0.2,197.3,511.0,0.0,15,2026-06-03 20:00:54.000000,MSSIS,False,BIG GANI,0,,0.0,0.0,0.0,,0,none
636018495,35.9989,-0.26326665,0.2,119.0,301.0,0.4017626,0,2026-06-03 20:00:54.000000,MSSIS,False,BERGE TORRE,9453731,D5PY3,0.0,0.0,18.3,DZAZW,70,none
725005757,42.23097,-8.750605,0.0,323.1,511.0,-731.3865,5,2026-06-03 20:00:54.000000,MSSIS,False,ISLA EDEN,9111694,CD 2042,0.0,0.0,5.1,ESPANAVIGO,30,none
224589730,36.6715,-3.5998333,8.7,52.0,511.0,-731.3865,15,2026-06-03 20:00:54.000000,MSSIS,False,MIGUEL RUBINO,0,EA6789,0.0,0.0,0.0,,0,none
369970329,39.361423,-81.32008,0.0,332.7,235.0,0.0,15,2026-06-03 20:00:57.000000,MSSIS,False,ROY F STEVENS,0,AEBV,0.0,0.0,0.0,,31,none
316013460,48.16837,-53.715702,0.0,220.7,511.0,0.0,15,2026-06-03 20:00:58.000000,MSSIS,False,ATLANTIC PROVIDENCE,0,,0.0,0.0,0.0,,0,none
257980500,58.45326,6.00173,0.0,12.0,511.0,-731.3865,7,2026-06-03 20:00:57.000000,MSSIS,False,LUNA,0,LM4081,0.0,0.0,2.5,,37,none
316041591,44.864456,-79.82162,0.0,360.0,511.0,0.0,15,2026-06-03 20:00:58.000000,MSSIS,False,,0,,0.0,0.0,0.0,,37,none
312190000,38.36387,141.28204,0.5,116.6,53.0,-720.00323,1,2026-06-03 20:00:57.000000,MSSIS,False,XINXIWANGMINGYUAN,9919826,V3IP,0.0,0.0,4.0,JP ISM OFF,70,none
244710389,52.696312,5.287435,0.0,360.0,511.0,-731.3865,8,2026-06-03 20:00:57.000000,MSSIS,False,WELVAART,0,PB8567,0.0,0.0,1.4,,69,none
316035097,46.81957,-71.20466,0.0,360.0,511.0,0.0,15,2026-06-03 20:00:58.000000,MSSIS,False,,0,,0.0,0.0,0.0,,37,none
244750303,51.884018,4.281463,7.0,249.9,511.0,-731.3865,0,2026-06-03 20:00:57.000000,MSSIS,False,SABA,0,PC4196,0.0,0.0,2.5,AMSTERDAM,80,none
357018000,4.9975066,119.65953,10.1,6.3,6.0,-1.1160072,0,2026-06-03 20:00:57.000000,MSSIS,False,FIRST PHOENIX,9871775,3ENY3,0.0,0.0,18.2,CN ZOS,70,none
215522000,5.3065166,-4.025215,0.0,166.3,47.0,0.0,5,2026-06-03 20:00:58.000000,MSSIS,False,ALINDA,9588378,9HA2751,0.0,0.0,9.5,CIABJ,70,none
518100652,43.86217,10.24173,0.2,345.0,251.0,0.0,5,2026-06-03 20:00:58.000000,MSSIS,False,BALOO,0,E5U3566,0.0,0.0,2.4,VIAREGGIO,37,none
338786000,26.091825,-80.1706,0.0,94.6,511.0,0.0,15,2026-06-03 20:00:58.000000,MSSIS,False,,0,WDP5184,0.0,0.0,0.0,,37,none
368183360,26.096848,-80.17037,0.0,270.3,6.0,0.0,15,2026-06-03 20:00:58.000000,MSSIS,False,NO ETA,0,,0.0,0.0,0.0,,0,none
247168100,44.33181,9.216402,0.2,127.7,511.0,-731.3865,0,2026-06-03 20:00:58.000000,MSSIS,False,SCIACCHETRA,0,IJGE2,0.0,0.0,1.6,PORTOFINO,60,none
316413000,46.38853,-63.786568,0.0,360.0,511.0,0.0,15,2026-06-03 20:00:58.000000,MSSIS,False,,0,,0.0,0.0,0.0,,37,none
636017853,25.294834,60.606655,0.1,117.8,61.0,0.0,5,2026-06-03 20:00:58.000000,MSSIS,False,TOMAHAWK,9737591,D5MZ9,0.0,0.0,13.0,IR ZBR,70,none
316053673,49.602005,-124.83556,0.1,300.9,511.0,0.0,15,2026-06-03 20:00:58.000000,MSSIS,False,,0,,0.0,0.0,0.0,,37,none
503114670,-16.941307,145.77678,0.1,171.6,511.0,0.0,15,2026-06-03 20:00:58.000000,MSSIS,False,GULF ROSE,0,,0.0,0.0,0.0,,0,none
211521730,57.370327,16.55261,0.0,15.8,511.0,0.0,15,2026-06-03 20:00:58.000000,MSSIS,False,,0,DF3050,0.0,0.0,0.0,,36,none
244153540,52.770515,5.106187,0.1,325.4,511.0,0.0,15,2026-06-03 20:00:58.000000,MSSIS,False,,0,PG 3197,0.0,0.0,0.0,,36,none
512220350,-37.673946,176.17195,0.0,360.0,511.0,0.0,15,2026-06-03 20:00:58.000000,MSSIS,False,38 SOUTH,0,,0.0,0.0,0.0,,0,none
586707199,68.62559,14.017935,0.8,159.2,511.0,0.0,15,2026-06-03 20:00:58.000000,MSSIS,False,SYCLON BOUY,0,,0.0,0.0,0.0,,0,none
211553740,54.095795,13.431885,0.0,0.0,0.0,0.0,15,2026-06-03 20:00:58.000000,MSSIS,False,,0,DF2187,0.0,0.0,0.0,,36,none
244780921,52.70179,5.295542,0.0,348.4,511.0,0.0,15,2026-06-03 20:00:58.000000,MSSIS,False,,0,PE2864,0.0,0.0,0.0,,37,none
232714000,50.752968,-1.292145,0.0,360.0,511.0,0.0,15,2026-06-03 20:00:58.000000,MSSIS,False,,0,MPKR2,0.0,0.0,0.0,,36,none
205637270,51.50649,-0.072295,0.2,360.0,511.0,0.0,15,2026-06-03 20:00:58.000000,MSSIS,False,,0,OQ6372,0.0,0.0,0.0,,37,none
235070338,53.29801,-6.136935,0.0,68.3,511.0,0.0,15,2026-06-03 20:00:57.000000,MSSIS,False,,0,2BXX8,0.0,0.0,0.0,,36,none
503073030,-37.86064,144.905,0.1,360.0,511.0,0.0,15,2026-06-03 20:00:57.000000,MSSIS,False,LA LIBERTINE,0,,0.0,0.0,0.0,,0,none
232036017,36.96661,27.291687,0.1,360.0,511.0,0.0,15,2026-06-03 20:00:57.000000,MSSIS,False,SEVINC,0,MJFX7,0.0,0.0,0.0,,0,none
422341180,25.009642,61.287174,0.6,70.4,511.0,-731.3865,0,2026-06-03 20:00:58.000000,MSSIS,False,ALSHAMS,9842087,CH 84,0.0,0.0,9.0,ONLY  FISHING,30,none
311001063,20.480152,-86.97521,0.0,177.6,178.0,-0.044640288,5,2026-06-03 20:00:57.000000,MSSIS,False,MVAS ISLANDER,9187796,C6FB7,0.0,0.0,8.2,MXCZM,60,none
247387680,43.861267,10.2405615,0.0,333.1,247.0,0.0,5,2026-06-03 20:00:58.000000,MSSIS,False,MORNING GLORY,0,IN7800,0.0,0.0,3.3,VIAREGGIO,90,none
367004120,30.048365,-90.56745,0.0,218.2,511.0,-731.3865,15,2026-06-03 20:00:58.000000,MSSIS,False,ANGELA RAE,176000000,WCF6283,0.0,0.0,0.0,CCI RESERVE,21,none
367352630,30.06005,-90.858215,0.2,183.6,511.0,-731.3865,0,2026-06-03 20:00:58.000000,MSSIS,False,JESSICA RYAN,0,WDE4399,0.0,0.0,3.0,WORKING CCI BRFLEE,31,none
368286050,40.711338,-74.047646,0.0,360.0,511.0,-3.6158633,0,2026-06-03 20:00:58.000000,MSSIS,False,,0,,0.0,0.0,0.0,,55,none
316004259,48.41483,-64.39556,0.1,176.8,307.0,-1.1160072,15,2026-06-03 20:00:58.000000,MSSIS,False,JEANYAN II,0,,0.0,0.0,0.0,,30,none
305369000,29.23624,-94.56258,12.5,134.9,131.0,0.0,0,2026-06-03 20:00:58.000000,MSSIS,False,ETAGAS,9553634,V2HI9,0.0,0.0,8.6,US HOUMX ATM,80,none
368271280,39.1941,-76.48374,0.0,24.5,293.0,0.0,3,2026-06-03 20:01:01.000000,MSSIS,False,DB AVALON,0,WDN3395,0.0,0.0,0.0,CDCANAL,33,none
257766290,59.90801,10.697122,0.1,302.0,511.0,0.0,15,2026-06-03 20:01:02.000000,MSSIS,False,HVALBORG,0,,0.0,0.0,0.0,,0,none
368158790,49.6304,-124.02459,0.0,0.0,118.0,0.0,15,2026-06-03 20:01:02.000000,MSSIS,False,ANGELINA,0,,0.0,0.0,0.0,,0,none
316009140,48.515343,-53.075962,0.0,360.0,91.0,0.0,15,2026-06-03 20:01:02.000000,MSSIS,False,,0,,0.0,0.0,0.0,,30,none
636023989,-2.5807834,-44.36928,0.1,360.0,350.0,2.8569784,5,2026-06-03 20:01:00.000000,MSSIS,False,AFRICAN SHRIKE,9715218,5LQK6,0.0,0.0,10.5,BRITQ,70,none
316015994,47.713966,-52.526905,4.6,193.9,511.0,0.0,15,2026-06-03 20:01:02.000000,MSSIS,False,PISCES 1,0,,0.0,0.0,0.0,,0,none
316044309,49.273514,-123.13346,0.2,360.0,511.0,0.0,15,2026-06-03 20:01:02.000000,MSSIS,False,,0,,0.0,0.0,0.0,,37,none
316373000,50.391132,-125.13551,0.2,360.0,511.0,0.0,15,2026-06-03 20:01:02.000000,MSSIS,False,,0,,0.0,0.0,0.0,,37,none
257127000,66.345375,12.963192,11.9,87.0,90.0,0.0,0,2026-06-03 20:00:59.000000,MSSIS,False,LUROEY,9221047,LLGJ,0.0,0.0,4.1,LOVSTV,60,none
538005739,-20.348003,117.53825,0.1,56.3,330.0,-0.4017626,1,2026-06-03 20:01:00.000000,MSSIS,False,PELOREUS,9702534,V7GP2,0.0,0.0,8.5,AUPWL,70,none
338158987,45.778435,-84.72242,0.1,360.0,268.0,0.0,15,2026-06-03 20:01:01.000000,MSSIS,False,UGLE DUCKLING,0,,0.0,0.0,0.0,,33,none
244031318,51.443974,3.7201884,0.0,50.9,312.0,0.0,5,2026-06-03 20:01:01.000000,MSSIS,False,FARVEL,0,PB2295,0.0,0.0,4.8,VLISSINGEN VAN CITTE,80,none
477174700,5.615287,-0.00762,0.0,358.9,244.0,0.0,5,2026-06-03 20:01:02.000000,MSSIS,False,MAERSK CUBANGO,9525481,VRJV3,0.0,0.0,11.9,CGPNRGHTEM,71,none
273453540,55.06671,20.155563,9.3,163.1,511.0,-731.3865,7,2026-06-03 20:01:02.000000,MSSIS,False,MRTK1716,8722226,UESX,0.0,0.0,2.3,PIONERSKIY,30,none
211460410,54.483463,13.055952,10.2,355.9,356.0,720.00323,0,2026-06-03 20:01:02.000000,MSSIS,False,NIS RANDERS,0,DBAE2,0.0,0.0,1.8,SAR ON DUTY,51,none
366936810,42.301353,-83.09006,0.0,38.6,34.0,-2.8569784,5,2026-06-03 20:01:02.000000,MSSIS,False,REBECCA LYNN,6511374,WCW7977,0.0,0.0,4.7,OSWEGO,52,none
255806227,47.30475,-2.11641,0.0,303.8,259.0,0.0,5,2026-06-03 20:01:02.000000,MSSIS,False,ORALUNA,9537094,CQAN9,0.0,0.0,5.3,MONTOIR,80,none
304320000,44.031055,10.043145,0.0,71.1,29.0,0.0,5,2026-06-03 20:01:02.000000,MSSIS,False,GULF,8937352,V2BB5,0.0,0.0,4.2,ROCND,79,none
368252650,38.95855,-74.86702,0.0,360.0,511.0,-731.3865,0,2026-06-03 20:01:02.000000,MSSIS,False,KINGFISHER,0,WDM9438,0.0,0.0,3.0,,99,none
244700148,51.967472,5.318625,0.1,117.4,511.0,-731.3865,0,2026-06-03 20:01:02.000000,MSSIS,False,ROTTERDAM 30,0,PB3562,0.0,0.0,0.0,PANNERDENSCH KANAAL,79,none
503141480,-23.162592,150.78761,0.0,326.0,511.0,0.0,15,2026-06-03 20:01:01.000000,MSSIS,False,,0,JAYGO,0.0,0.0,0.0,,36,none
211772110,53.06858,8.82227,0.9,33.7,511.0,-731.3865,0,2026-06-03 20:01:02.000000,MSSIS,False,OSTERTOR,0,DF4552,0.0,0.0,1.0,OSTERDEICHCAFESAN,69,none
255755000,53.123104,8.731103,0.0,325.3,213.0,0.0,5,2026-06-03 20:01:02.000000,MSSIS,False,AASFJORD,9321392,CQLC,0.0,0.0,6.6,DEBRE,70,none
367137180,40.665222,-74.01612,0.0,317.3,188.0,0.0,0,2026-06-03 20:01:02.000000,MSSIS,False,ALLIE B,7626279,WDD3857,0.0,0.0,4.3,XX XXXUS0LGQ,31,none
257127200,67.1173,14.290647,6.7,48.5,49.0,0.0,15,2026-06-03 20:01:01.000000,MSSIS,False,,0,LF7161,0.0,0.0,0.0,,70,none
366759130,47.601997,-122.34021,0.0,78.8,79.0,0.0,0,2026-06-03 20:01:02.000000,MSSIS,False,WSF PUYALLUP,9137363,WCY7938,0.0,0.0,5.6,,60,none
316025599,46.34458,-72.53224,0.0,256.2,227.0,-0.17856115,0,2026-06-03 20:01:02.000000,MSSIS,False,OCEAN STEVNS,9224960,CFN6673,0.0,0.0,5.5,TROISRIVIERESSOREL,52,none
255806490,31.717115,35.99936,0.0,354.0,352.0,0.0,5,2026-06-03 20:01:02.000000,MSSIS,False,MSC LETIZIA,9702065,CQEU7,0.0,0.0,0.0,ILHFA,73,none
261015270,54.6024,18.802126,0.0,89.7,511.0,-73