\s:66,c:1782377496*4D\!AIVDM,1,1,,B,18uBf@30002Bn3EgQMa`=:w80<0`,0*38
\s:66,c:1782377496*4D\!AIVDM,1,1,,B,403t>UQuJl`kS`j0@hATunW00<8q,0*69
\s:66,c:1782377497*4C\!AIVDM,1,1,,A,142OeCPwQ5QvM<@GIfF:N`K80D3@,0*63
\s:66,c:1782377496*4D\!AIVDM,1,1,,B,13mWQ>7000PuugBVtma8C6Nn1U3<,0*28
\s:66,c:1782377492*49\!AIVDM,1,1,,B,13mSmG7P00Qo9RJ`WVpN4?w02<0<,0*5A
\s:66,c:1782377497*4C\!AIVDM,1,1,,A,19N`2oi0000dhT@1S35;f9I60L0`,0*7F
\s:66,c:1782377498*43\!AIVDM,1,1,,B,15O?HFPOl0o?uA>EWg<f1s?4053<,0*2A
\s:66,c:1782377492*49\!AIVDM,1,1,,B,C6:7D200027MI;5UCSk?Cwg2@2C0<31eei1111111110K3812R00,0*22
\s:66,c:1782377494*4F\!AIVDM,1,1,,B,19NSdLPv20M6ISOkBQOR<Qm0053<,0*4D
\s:66,c:1782377492*49\!AIVDM,1,1,,B,33:edJ001GwW8;8Dc?>0I0;2023@,0*2E
\s:66,c:1782377489*43\!AIVDM,1,1,,B,13JGQV700?wMBGlKKhNpLn`t0HAP,0*7F
\s:66,c:1782377495*4E\!AIVDM,1,1,,B,36:5>:U001`gHV@AAfd008o40lmJ,0*0C
\s:66,c:1782377495*4E\!AIVDM,1,1,,B,15@N?J0P00JCejr58qhE`?w80<0f,0*55
\s:66,c:1782377495*4E\!AIVDM,1,1,,B,?39GLJ0jOv<@D00,2*08
\s:66,c:1782377492*49\!AIVDM,1,1,,A,13mmKM7P00Qnqtt`WFef4?vv0<0G,0*09
\s:66,c:1782377495*4E\!AIVDM,1,1,,B,16SsA2?0P09=QH<D4V1@=Rg2053<,0*58
\s:66,c:1782377490*4B\!AIVDM,1,1,,A,35MvHmP000G>gqVKhSacJ99p0000,0*2F
\s:66,c:1782377494*4F\!AIVDM,1,1,,B,139T;J002=0rrnRO>JOjo2G200S>,0*63
\s:66,c:1782377496*4D\!AIVDM,1,1,,B,1:182j000>0`kj4IJGWK3l9600SC,0*0C
\s:66,c:1782377496*4D\!AIVDM,1,1,,B,17m@<6001i8kw@PA1qJhTPQ:00Rl,0*1A
\s:66,c:1782377493*48\!AIVDM,1,1,,A,13EeAqPP0KP0F2RFHfaE`gw22HCK,0*75
\s:66,c:1782377493*48\!AIVDM,1,1,,B,19NSE5P01VL1rg=vpf6t>ai400SV,0*37
\s:66,c:1782377495*4E\!AIVDM,1,1,,B,16:cBhP00`89@=0<nSgnEE601P06,0*44
\s:66,c:1782377495*4E\!AIVDM,1,1,,B,15?dM:h01cRB6GdD1dcWv6I40D21,0*6D
\s:66,c:1782377497*4C\!AIVDM,1,1,,A,18KEU0002O7VPE`2a4?AUAE:0<0q,0*12
\s:66,c:1782377498*43\!AIVDM,1,1,,B,169CdB32P0`@3c0;KWV33jm60<04,0*17
\s:66,c:1782377494*4F\!AIVDM,1,1,,B,402Q:dQvad`kQR2lpNI4<qo00PS:,0*30
\s:66,c:1782377498*43\!AIVDM,1,1,,A,402Q:dQvad`kTR2lpNI4<qo00`Eq,0*5B
\g:1-2-5198624,s:66,c:1782377465*06\!AIVDM,2,1,4,B,54`oPh82<pJp?I<CT01=19D<F0598uL000000016EPB@@5cn0Ghk`61i,0*10
\g:2-2-5198624*68\!AIVDM,2,2,4,B,h00000000000000,2*7B
\s:66,c:1782377495*4E\!AIVDM,1,1,,A,3:5cuV8P@32mOCmubrWv40G420w@,0*79
\s:66,c:1782377493*48\!AIVDM,1,1,,B,13LpRB02@00hB9dPoSA7tQM408CP,0*63
\s:66,c:1782377492*49\!AIVDM,1,1,,A,19NSb5P02508QlPE6M;JGHC2053<,0*5D
\s:66,c:1782377488*42\!AIVDM,1,1,,A,137hRt0000P<4?lF`D84lALn053<,0*3D
\s:66,c:1782377494*4F\!AIVDM,1,1,,A,35D3nf02R@1@b09e3vG6Hm5000eh,0*29
\s:66,c:1782377492*49\!AIVDM,1,1,,A,B52b:T@006V7IH6Gihl000N00000,0*2B
\s:66,c:1782377494*4F\!AIVDM,1,1,,B,18R9HO000@3OR=n@;>nQSPO00l6H,0*69
\s:66,c:1782377495*4E\!AIVDM,1,1,,B,16KSn00w1cresOtG9rWcOq>r08Du,0*5D
\s:66,c:1782377494*4F\!AIVDM,1,1,,A,13`en6@P0hPIpR0N>ffBa?w4R@DJ,0*09
\s:66,c:1782377497*4C\!AIVDM,1,1,,B,19NSlN0w2fwCvF@E?2gnMm;>00Rb,0*11
\s:66,c:1782377493*48\!AIVDM,1,1,,B,18SK3J0P00WaswH5tN9H8gvv253<,0*7E
\s:66,c:1782377495*4E\!AIVDM,1,1,,A,B3FSMSP0A@0QBnUVAnNlGwiUkP06,0*4F
\s:66,c:1782377492*49\!AIVDM,1,1,,A,ENl5CUg40Th9T0hIh@@@@@@@@@@D57wi6Cnf000000N010,4*77
\s:66,c:1782377494*4F\!AIVDM,1,1,,A,13m9qG7P00Qnq9``WHCv4?w42@D1,0*33
\s:66,c:1782377496*4D\!AIVDM,1,1,,A,18Ih`400017L3wv0g>@5:Rw8053<,0*23
\s:66,c:1782377496*4D\!AIVDM,1,1,,A,E>m>;Vhb68@6RJ@D49lP00000006NAc0J2@`020@@@wP00,4*6F
\s:66,c:1782377491*4A\!AIVDM,1,1,,A,160qK4001S3Su@N?P8Grd`bp0d<O,0*35
\s:66,c:1782377497*4C\!AIVDM,1,1,,B,ENm9Cd010b:h12a40W:4P0000003eh540EqP@00000N010,4*53
\s:66,c:1782377497*4C\!AIVDM,1,1,,A,13blsT00000BgS@Mfw3ahI;80<9M,0*5F
\s:66,c:1782377497*4C\!AIVDM,1,1,,A,36;Ko81000`MUK@EwolPT9?60DRJ,0*1F
\s:66,c:1782377497*4C\!AIVDM,1,1,,A,139etE9P00PeLonN`5GUlgw4P`F3,0*5C
\s:66,c:1782377498*43\!AIVDM,1,1,,B,13`ilt5000PDvg@N1=mH23i8053<,0*4B
\s:66,c:1782377492*49\!AIVDM,1,1,,B,13@ogu00010rLhtOP7BU<Hw20<2S,0*6A
\s:66,c:1782377495*4E\!AIVDM,1,1,,B,13aFfe0P00PDTO6Me2T>4?w62@Do,0*39
\s:66,c:1782377492*49\!AIVDM,1,1,,B,ENo6GV<Q7dPh1Pa:0SRW0hIH@@@=C9ga2u:mP1088;v010,4*5D
\s:66,c:1782377492*49\!AIVDM,1,1,,A,16:GpiPP1>8iCtPA8<n6g?vv08:K,0*40
\s:66,c:1782377497*4C\!AIVDM,1,1,,A,13iVm6001rObO@<L>Lb9FWI600Sn,0*2B
\s:66,c:1782377495*4E\!AIVDM,1,1,,B,13aDBI@P01PDB:RMdW:>4?w620S;,0*7C
\s:66,c:1782377495*4E\!AIVDM,1,1,,B,18I92o00177Ki9d0fRI1PAC40<<P,0*35
\s:66,c:1782377494*4F\!AIVDM,1,1,,A,B3aC2:h0>GtTj9VwO8tI0DN00000,0*4E
\s:66,c:1782377498*43\!AIVDM,1,1,,B,13AVc400010Egf0OpBh6@4K400Rm,0*35
\s:66,c:1782377494*4F\!AIVDM,1,1,,A,B3prH1h09H2m?NUa?bRn;wh6SP06,0*69
\s:66,c:1782377496*4D\!AIVDM,1,1,,B,19NSHQ0028`m>PTDfsDnmUNp08E>,0*1A
\s:66,c:1782377496*4D\!AIVDM,1,1,,A,19HsawW00iNiRIF7Wo<765Q40HEH,0*50
\s:66,c:1782377493*48\!AIVDM,1,1,,B,13=N``011RKWBMv8@k8UvTe20<09,0*5D
\s:66,c:1782377493*48\!AIVDM,1,1,,A,33o0G5001G0i7PvRApQFwUWp0000,0*44
\s:66,c:1782377489*43\!AIVDM,1,1,,A,15?dTt@0Af05Nq<Fhhmhv0fl053<,0*0D
\s:66,c:1782377494*4F\!AIVDM,1,1,,A,38K988?Oh;7JAPD0f24buBe400o0,0*5F
\s:66,c:1782377494*4F\!AIVDM,1,1,,A,16SdUHPP009=QanD4c1Uoww20<3P,0*14
\s:66,c:1782377494*4F\!AIVDM,1,1,,A,19NScf@021WLCHr0f?jJ=H;20L;E,0*10
\s:66,c:1782377490*4B\!AIVDM,1,1,,B,13oGbT000O0IUNLQmfNof6:v0HAw,0*41
\s:66,c:1782377487*4D\!AIVDM,1,1,,B,33`e>phOhiPDCqVMdoJ27ihn220h,0*06
\s:66,c:1782377490*4B\!AIVDM,1,1,,A,B4QNrb0005kVIw6svHP000N00000,0*3C
\s:66,c:1782377493*48\!AIVDM,1,1,,A,13`nvb0P00PDQifMe>Mv4?w22@Cc,0*25
\s:66,c:1782377494*4F\!AIVDM,1,1,,B,14`VoQ000Gwclf0Di`8Bdc34053<,0*4C
\s:66,c:1782377491*4A\!AIVDM,1,1,,B,13nTEJ000014wBLWKSDF?@pv00Ru,0*7D
\s:66,c:1782377491*4A\!AIVDM,1,1,,B,13P<g0@01AP0aWvLuFOTC3@t0@B@,0*6E
\s:66,c:1782377496*4D\!AIVDM,1,1,,B,13ko7N0000P9n?jG`mrRpnm00HE?,0*23
\s:66,c:1782377497*4C\!AIVDM,1,1,,B,18K988?Oh:7JAP60f25c9Bg:053<,0*38
\s:66,c:1782377489*43\!AIVDM,1,1,,A,D02<He1BlB?b<`E6D0,4*2E
\s:66,c:1782377496*4D\!AIVDM,1,1,,B,402<He1vad`kQ1bB1NRApmOP253<,0*6D
\s:66,c:1782377492*49\!AIVDM,1,1,,B,13`e>phOhUPDCuFMdo`B7ik42D?M,0*73
\s:66,c:1782377497*4C\!AIVDM,1,1,,A,15VH6:0P0ARmLC7uco5SS?w:08EL,0*19
\s:66,c:1782377495*4E\!AIVDM,1,1,,B,16::K;001d`SRd<EmmMSwk=40@Dh,0*2C
\s:66,c:1782377498*43\!AIVDM,1,1,,B,8343DNPj2d=dL=N<L2`iGgbP39L0,0*06
\s:66,c:1782377493*48\!AIVDM,1,1,,A,3819AR0000GN420CUrAmbS?p0000,0*3F
\s:66,c:1782377493*48\!AIVDM,1,1,,A,B8j?rRP069rv5CRkcI`UOwg73P06,0*1F
\s:66,c:1782377495*4E\!AIVDM,1,1,,A,13ku<:hwQk8jR<4AGo:DrSk60<6V,0*16
\s:66,c:1782377492*49\!AIVDM,1,1,,B,1815Q7P00::mes;dVG7s;nJt0<1h,0*51
\s:66,c:1782377497*4C\!AIVDM,1,1,,B,28SJMbP000Waosh62eaVt5S:2U3<,0*2D
\s:66,c:1782377498*43\!AIVDM,1,1,,A,13aFfo@P00PF@7lMvwIN4?w8253<,0*10
\s:66,c:1782377491*4A\!AIVDM,1,1,,B,13M@`e000FP>B1NN@cjPh1Bv053<,0*3A
\s:66,c:1782377496*4D\!AIVDM,1,1,,,13e>vt02iR7?PG41`MI7gnE68000,0*3E
\s:66,c:1782377492*49\!AIVDM,1,1,,A,13aDCd0016PFIrtMv`reIrTt0D98,0*5A
\s:66,c:1782377498*43\!AIVDM,1,1,,A,13aGtCPP00PF>WvNFPB>4?w82D0`,0*7A
\s:66,c:1782377498*43\!AIVDM,1,1,,,13mOCL001bvhprPV4J>S>Ra62P00,0*4B
\s:66,c:1782377488*42\!AIVDM,1,1,,A,33`dUSh01c0f7@2NUSJD;SGp0000,0*24
\s:66,c:1782377487*4D\!AIVDM,1,1,,A,13cqKt31h0wuU60LBMnh5W`<053<,0*73
\s:66,c:1782377489*43\!AIVDM,1,1,,B,139eUG?P000NsNhMK`bh0?vpRD1R,0*3D
\s:66,c:1782377488*42\!AIVDM,1,1,,B,402E34Qvad`kNPL;=VNVG4?02HAv,0*53
\s:66,c:1782377491*4A\!AIVDM,1,1,,B,B7P8Bt0002b;v5u6N4SQ3wgQh000,0*07
\s:66,c:1782377494*4F\!AIVDM,1,1,,A,B7mF@j@00J5dmGOl7>K43wh2T8Cq,0*36
\s:66,c:1782377490*4B\!AIVDM,1,1,,B,14`V3:@00;Nj=Bj;rWiAiPrp0D3B,0*5D
\s:66,c:1782377495*4E\!AIVDM,1,1,,B,13=;Up0tQf`7N5n;A8w=g:m08D39,0*4B
\s:66,c:1782377490*4B\!AIVDM,1,1,,,B5MwHF@006J2U3TEv>?Q3wg1l000,0*35
\s:66,c:1782377493*48\!AIVDM,1,1,,,13=>MN01jM0J18kkUmpEP4Lv0000,0*63
\s:66,c:1782377496*4D\!AIVDM,1,1,,B,H6:fpeU66DejjhkPPPPPPP0hn5>H,0*40
\s:66,c:1782377497*4C\!AIVDM,1,1,,A,13ku7fPPB?0AK5DMHK54SSS60@E@,0*02
\s:66,c:1782377497*4C\!AIVDM,1,1,,A,18;T?F001l7O<w613gcPgha80@EN,0*1A
\s:66,c:1782377496*4D\!AIVDM,1,1,,B,13EmnR0000wGt:PH:Owf44m60@E5,0*6A
\s:66,c:1782377496*4D\!AIVDM,1,1,,B,13ku1L002POVu9inFAMDsl180<00,0*60
\s:66,c:1782377495*4E\!AIVDM,1,1,,A,139FgwPP1@PeT7bN`n7r9Ow62@Dl,0*66
\s:66,c:1782377492*49\!AIVDM,1,1,,B,13a6ld0OiQPFv2hNPIqLk:nt0@Bp,0*66
\s:66,c:1782377494*4F\!AIVDM,1,1,,,B5MwHF@006J2U44Ev>3Q3wi1l000,0*50
\s:66,c:1782377495*4E\!AIVDM,1,1,,A,15CJil002bNfNcp89r2erc;6053<,0*39
\s:66,c:1782377497*4C\!AIVDM,1,1,,A,18Hw4CPP00WL<>`0kFMN4?w820T9,0*2B
\s:66,c:1782377497*4C\!AIVDM,1,1,,B,19NSqwP00lOe;GpDpvd9Uoq60U@0,0*5B
\s:66,c:1782377497*4C\!AIVDM,1,1,,B,13ku9JP00=OFNGNEtHKhpCK80<T`,0*4B
\s:66,c:1782377496*4D\!AIVDM,1,1,,A,13cl;>;00018l:PF0RLrfV?800RM,0*18
\s:66,c:1782377493*48\!AIVDM,1,1,,B,15NIrB000JG>=wdEVrkbN8K608DE,0*51
\s:66,c:1782377497*4C\!AIVDM,1,1,,B,33AVW:5000q=:J6@vwtE<jS80000,0*1D
\s:66,c:1782377495*4E\!AIVDM,1,1,,A,134;Jp0t2APA47bMIGd5?l5288DH,0*1C
\s:66,c:1782377493*48\!AIVDM,1,1,,B,33P<23hP@1wqI0DONC=iU6E00000,0*3A
\s:66,c:1782377496*4D\!AIVDM,1,1,,A,18Hrwa001m0RbCVEQO73@Rc20D3`,0*71
\s:66,c:1782377496*4D\!AIVDM,1,1,,B,1815K?hwR@7PO1b1F0C060740HE9,0*1F
\s:66,c:1782377496*4D\!AIVDM,1,1,,A,39NSv;@1j@KBGMf6;K1KMI9:0D0e,0*58
\s:66,c:1782377497*4C\!AIVDM,1,1,,B,34hV@l0P@50:0@`Gbqkjdng:00v0,0*7B
\s:66,c:1782377490*4B\!AIVDM,1,1,,A,19NSU`h01fOawGPD`f;rPHBr0000,0*64
\g:1-2-5198625,s:66,c:1782377497*0A\!AIVDM,2,1,5,A,53Ea?K400000D7SO?<0l4pTht00000000000000N10?24t0Ht0000000,0*40
\g:2-2-5198625*69\!AIVDM,2,2,5,A,000000000000000,2*21
\s:66,c:1782377498*43\!AIVDM,1,1,,A,13aRsD6P1KPFEOpMw8uLQ?w:253<,0*40
\s:66,c:1782377491*4A\!AIVDM,1,1,,A,13chjl0P000uwt6J=3@DsOvv053<,0*4F
\s:66,c:1782377492*49\!AIVDM,1,1,,B,13mMIu0P0nQd?rr`E<j6qOvv28Bk,0*57
\s:66,c:1782377494*4F\!AIVDM,1,1,,B,13`e<PPP1?PF;aJMwVrbtww4R<3w,0*50
\s:66,c:1782377489*43\!AIVDM,1,1,,B,33aGEjhP000EfOrN5<oN4?vp0@Ji,0*02
\s:66,c:1782377493*48\!AIVDM,1,1,,A,169>cCU0008V;jlDVJQckJdv0Do:,0*48
\s:66,c:1782377490*4B\!AIVDM,1,1,,B,13aGFe0P000F7b8MwOg>4?vt00SN,0*61
\s:66,c:1782377494*4F\!AIVDM,1,1,,B,B3P8fwh0@p1MVH0ooAHEcwhR0000,0*75
\s:66,c:1782377493*48\!AIVDM,1,1,,A,39NSP1001qOig?4Dgc:C=2Up0000,0*49
\s:66,c:1782377493*48\!AIVDM,1,1,,A,19NSP1001rOig?2Dgc:S<BU4053<,0*61
\s:66,c:1782377493*48\!AIVDM,1,1,,B,16oa>dP02;0RuJlEV4w:C`740HCT,0*0B
\s:66,c:1782377489*43\!AIVDM,1,1,,A,15OH<aS000r;DIDAI=g@v8jp0000,0*5D
\s:66,c:1782377493*48\!AIVDM,1,1,,B,15?dcVh01TSe0nr?WE8KNa8r053<,0*59
\s:66,c:1782377490*4B\!AIVDM,1,1,,B,23aFf10P1NPDRctMe2KQL?vtR<7b,0*50
\s:66,c:1782377493*48\!AIVDM,1,1,,A,35NJfPP000G>gJbKha>P001p0000,0*29
\s:66,c:1782377496*4D\!AIVDM,1,1,,A,144hhlPP?w<tSF0l4Q@>4?wv0d2O,0*0A
\s:66,c:1782377495*4E\!AIVDM,1,1,,B,13HbI>01B3PEqw@Ggwv0IPE28<48,0*2E
\s:66,c:1782377495*4E\!AIVDM,1,1,,A,14`V1B00AnP;UljFB<s4KkU6053<,0*47
\s:66,c:1782377496*4D\!AIVDM,1,1,,B,14qhe?0000sVBPd9BfjN0C7620RP,0*7B
\s:66,c:1782377496*4D\!AIVDM,1,1,,A,35D:<v001OPDMW:ET6=l;SC620vQ,0*10
\s:66,c:1782377495*4E\!AIVDM,1,1,,,1:U90SP00tM?aL=pUsU43k;41000,0*44
\s:66,c:1782377496*4D\!AIVDM,1,1,,A,13aDBmhP0WPNjA8ML?e=I?w7253<,0*24
\s:66,c:1782377497*4C\!AIVDM,1,1,,B,18Sje?gP0MWam@`613AQB?w82000,0*6A
\g:1-2-5198626,s:66,c:1782377494*0A\!AIVDM,2,1,6,A,58157J82?URQKM1OL00@@dO8000000000000001J3s5?K5T`0S1lPC`8,0*2D
\g:2-2-5198626*6A\!AIVDM,2,2,6,A,0hCPDVK84l0BCP0,2*31
\s:66,c:1782377495*4E\!AIVDM,1,1,,B,13L1Jt001O1PkAtRkc5E?4@00000,0*74
\s:66,c:1782377497*4C\!AIVDM,1,1,,A,142O>R@0001ugepGImMa=q700@Cc,0*20
\s:66,c:1782377498*43\!AIVDM,1,1,,A,139Kei001<PoI4pNuRsu8rRv00SP,0*67
\s:66,c:1782377492*49\!AIVDM,1,1,,A,B3P;3I0008FhvlUbnL3?RVN00000,0*19
\s:66,c:1782377495*4E\!AIVDM,1,1,,B,1564iT@01E0Qhe@Fnj0tEr?d08P9,0*3D
\s:66,c:1782377495*4E\!AIVDM,1,1,,A,15NRcaP000GRq1:CCmthS2m80D2k,0*5B
\s:66,c:1782377496*4D\!AIVDM,1,1,,A,15O7IOdOhqoR`dJCBsgoMFE60HEU,0*77
\s:66,c:1782377495*4E\!AIVDM,1,1,,A,14Sgh<0wP00C`BlMHEvbs`a60@Dh,0*15
\s:66,c:1782377497*4C\!AIVDM,1,1,,A,13SoPC0P1k1:n:jHnWdiR?w:2@EO,0*20
\s:66,c:1782377492*49\!AIVDM,1,1,,A,142Ld<0Ohr24fnLGNS@QsGE200Ro,0*17
\s:66,c:1782377494*4F\!AIVDM,1,1,,B,76:H@=QRMpD`,0*31
\s:66,c:1782377491*4A\!AIVDM,1,1,,A,35CrQ40vj:7R0ln1i>:I9o<r0131,0*3B
\s:66,c:1782377495*4E\!AIVDM,1,1,,A,13ku;pUw1c02eg>MN2TSTjk6053<,0*60
\s:66,c:1782377495*4E\!AIVDM,1,1,,A,16:GnAPP008fRo6A1f0v4?vh3<3w,0*28
\s:66,c:1782377491*4A\!AIVDM,1,1,,A,13aGtNhP00PFJF4MvCr>4?vt28Ab,0*3A
\s:66,c:1782377493*48\!AIVDM,1,1,,B,B52bATh00=kFdj6flwj>qh@Qh000,0*2E
\s:66,c:1782377495*4E\!AIVDM,1,1,,B,16:LPNP0008fRh@A1fHSqne4053<,0*47
\s:66,c:1782377496*4D\!AIVDM,1,1,,A,@@5NIkB8tc0<<P0000000500,0*77
\s:66,c:1782377494*4F\!AIVDM,1,1,,B,13aI:70P000DR>nMdiWCrOw4253<,0*36
\s:66,c:1782377496*4D\!AIVDM,1,1,,B,19NSOS@Oh3vrh:V@A0kF>HSp1lGq,0*5A
\s:66,c:1782377490*4B\!AIVDM,1,1,,A,102Cu9wP00Og:EFD<7Q=vwvv2000,0*0C
\s:66,c:1782377495*4E\!AIVDM,1,1,,A,15Pq5D010>:o4V7dN>OI;AK2053<,0*66
\s:66,c:1782377496*4D\!AIVDM,1,1,,A,13VeLB00001dIlDEe2m:HB96053<,0*67
\s:66,c:1782377497*4C\!AIVDM,1,1,,B,19c2uB0016N``Tb8d4MMqs940HEg,0*09
\s:66,c:1782377497*4C\!AIVDM,1,1,,B,18I84h11@6`kfqHAFI=nsRe40@Ea,0*1A
\s:66,c:1782377492*49\!AIVDM,1,1,,A,13MBk@m000P7ru@GU;WeWrdt0000,0*53
\s:66,c:1782377488*42\!AIVDM,1,1,,B,18SmMV001oWbtnt;Ue>73U`l2D4H,0*6E
\s:66,c:1782377489*43\!AIVDM,1,1,,A,13`m1vPP1TPD6qlMdLL4@wvrRHA@,0*01
\s:66,c:1782377494*4F\!AIVDM,1,1,,B,13HO=Q?P2sP0efVLBEPCV?w22L1Q,0*3D
\s:66,c:1782377489*43\!AIVDM,1,1,,A,19NSOpP024ORsH:KI9ei=Q0r0hAI,0*3F
\s:66,c:1782377494*4F\!AIVDM,1,1,,B,839eoGPj2eLL<te<005H3g`55a00,0*0E
\s:66,c:1782377495*4E\!AIVDM,1,1,,A,19NSr0Pw260ObRjF;gRCRju20000,0*03
\s:66,c:1782377495*4E\!AIVDM,1,1,,A,18JOgd0P06WKV<t0eMlt2gw62<?7,0*5F
\s:66,c:1782377496*4D\!AIVDM,1,1,,,18I5c`002>7u=N>9n:jqE7I20000,0*6D
\s:66,c:1782377493*48\!AIVDM,1,1,,A,14cM6n@01LOP@crK;mi856Q2053<,0*30
\s:66,c:1782377494*4F\!AIVDM,1,1,,B,28SJ@K0000Wb?0T5tNMhjPk42@Cm,0*40
\s:66,c:1782377492*49\!AIVDM,1,1,,B,16:;1s001K0?JspMJfQ:>`@p00S0,0*5A
\s:66,c:1782377495*4E\!AIVDM,1,1,,A,B8SQ7kP069rWtVQMLH2Fgwi73P06,0*2D
\s:66,c:1782377496*4D\!AIVDM,1,1,,A,18K@p>0P017KpE`0gNcmSOw8053<,0*6C
\s:66,c:1782377492*49\!AIVDM,1,1,,A,B3IFUP00@86jSS6:4gbmrAv00000,0*5C
\s:66,c:1782377497*4C\!AIVDM,1,1,,B,16:<laP21n8UfMfF0i5S;2Q40<<P,0*41
\s:66,c:1782377496*4D\!AIVDM,1,1,,A,15OA=<?P00rA92t>g>V6;D180000,0*7F
\s:66,c:1782377492*49\!AIVDM,1,1,,B,18;E3N?P0C8acAD8H3Fc2?vt0@BP,0*07
\s:66,c:1782377498*43\!AIVDM,1,1,,A,16Tf`d0001dl<tUs8sUUN9G:20Sb,0*02
\s:66,c:1782377493*48\!AIVDM,1,1,,B,E>k`tAdHh@@@@@@@@@@@@@@@@@@=5mb;8dQ6p00003vP100,2*75
\s:66,c:1782377493*48\!AIVDM,1,1,,B,15?b?B100v7K6420e:PLQJ=20<8A,0*18
\s:66,c:1782377490*4B\!AIVDM,1,1,,B,38SJSJ5001``2p88FSnbQ`Bp2Di`,0*0D
\s:66,c:1782377495*4E\!AIVDM,1,1,,B,19NSMsP01V7RsWf1ugPp16I608DN,0*57
\s:66,c:1782377494*4F\!AIVDM,1,1,,B,16S`1:002h07rfvFkTLH`nrb00SO,0*5A
\s:66,c:1782377495*4E\!AIVDM,1,1,,B,177dlm002F7=D@D7ML47hnA20@DN,0*75
\s:66,c:1782377496*4D\!AIVDM,1,1,,A,19NSCi001k0s:66,0*5F
\s:66,c:1782377495*4E\!AIVDM,1,1,,A,18VoWH0P00`efNbA<OCP0?wp0hDC,0*50
\s:66,c:1782377495*4E\!AIVDM,1,1,,B,137vi601hkOee2r2uSHQD1A00@Dm,0*64
\s:66,c:1782377496*4D\!AIVDM,1,1,,A,B8HsW@0009na>w0;?al03wi4kP06,0*12
\s:66,c:1782377496*4D\!AIVDM,1,1,,B,16:0WB00QpOeV=nLALABHQw20@E5,0*2D
\s:66,c:1782377496*4D\!AIVDM,1,1,,A,177nWw`006`:bn6<h9NSIRHt00S3,0*58
\s:66,c:1782377490*4B\!AIVDM,1,1,,B,4h1vGRiuJl`kM22l<FI0V3A02@Ah,0*77
\s:66,c:1782377495*4E\!AIVDM,1,1,,A,139gsIPP0RPfI2rO72<<Dww420RT,0*23
\s:66,c:1782377496*4D\!AIVDM,1,1,,A,B3Hf3m000`JooM5VQal:08N00000,0*03
\g:1-2-5198627,s:66,c:1782377496*09\!AIVDM,2,1,7,B,569EBj0000000000001<QD4pN1UF3<000000000t20H465dae5Tj0H0C,0*20
\g:2-2-5198627*6B\!AIVDM,2,2,7,B,p6R2H53mH888880,2*55
\s:66,c:1782377494*4F\!AIVDM,1,1,,B,14eGO2P000o=98<L8>?dCRE40@Cn,0*5C
\s:66,c:1782377497*4C\!AIVDM,1,1,,A,18HtGfPP00WJP980gw3N4?w628E>,0*18
\s:66,c:1782377497*4C\!AIVDM,1,1,,B,41q7MhAuJl`kSRk=b4<B=1W00L54,0*33
\s:66,c:1782377497*4C\!AIVDM,1,1,,A,13PdWH000?1ccPpEb>eS82W80<;1,0*5D
\s:66,c:1782377493*48\!AIVDM,1,1,,A,C6:kG8000B2CC;S=ePQ;22h2l@:M08NL?1cei1111110S08GT407,0*16
\s:66,c:1782377494*4F\!AIVDM,1,1,,A,18HvuAgP00SSHMD@?an3Rgw02538,0*6E
\s:66,c:1782377494*4F\!AIVDM,1,1,,A,18Hv;t8P0t7JHAj0ePd3l?w008D6,0*50
\s:66,c:1782377488*42\!AIVDM,1,1,,A,19NShv@w1OwKcBVLH2J3BjTj08@J,0*74
\s:66,c:1782377494*4F\!AIVDM,1,1,,B,3815S=m002PCG3fMF5r0N1=00Dg:,0*3D
\s:66,c:1782377493*48\!AIVDM,1,1,,A,33cleV00000`k1`IJ>40I3C20000,0*42
\s:66,c:1782377495*4E\!AIVDM,1,1,,B,19NSIIhvjaNs6njEa?t;@a140@E0,0*5F
\s:66,c:1782377493*48\!AIVDM,1,1,,B,28SK0c@P04Wb8Lp5rb:5Pwvt28Cf,0*61
\s:66,c:1782377495*4E\!AIVDM,1,1,,A,33Ehdkg00IP2=JNEw?LGsUq40000,0*14
\s:66,c:1782377490*4B\!AIVDM,1,1,,A,702:L<Pmpeo8,0*26
\s:66,c:1782377490*4B\!AIVDM,1,1,,B,1815OQ@01dOQ72@2PlQa>7BT0HB1,0*62
\s:66,c:1782377494*4F\!AIVDM,1,1,,A,13cgbS?P1=0dBh`GIHpjKgw40hD:,0*79
\s:66,c:1782377491*4A\!AIVDM,1,1,,B,430@h0h000Htt<tSF0l4Q@100`B=,0*10
\s:66,c:1782377494*4F\!AIVDM,1,1,,A,35NDegPw0EIwsOFHrSrUe4?p0000,0*6E
\s:66,c:1782377494*4F\!AIVDM,1,1,,B,18HupJ001SJPRp04Uk>P;h;40HCq,0*33
\s:66,c:1782377495*4E\!AIVDM,1,1,,A,38SJH?30027ale<61`>TPQm600m1,0*2A
\s:66,c:1782377495*4E\!AIVDM,1,1,,A,13908d002aPdA1tHTjIeMre20<7P,0*4B
\g:1-2-5198628,s:66,c:1782377494*04\!AIVDM,2,1,8,A,57lodu@00001T@;KC35UD<P4V0l58TpF33:2220l38:0000000000000,0*24
\g:2-2-5198628*64\!AIVDM,2,2,8,A,000000000000008,2*24
\s:66,c:1782377495*4E\!AIVDM,1,1,,A,13cmQt0uhSOGKePEeJb5R4C40l0V,0*11
\s:66,c:1782377489*43\!AIVDM,1,1,,B,13gk4A0P00vrIN<Thoj>4?vr28AP,0*12
\s:66,c:1782377497*4C\!AIVDM,1,1,,B,13cp;N3P000`mCrIJHm1aOw:0@Eg,0*08
\s:66,c:1782377497*4C\!AIVDM,1,1,,A,18IsGT0Oi:846kit4t66uEW608Ef,0*5C
\s:66,c:1782377496*4D\!AIVDM,1,1,,B,14`Lb00uj?0T`V0ESAsJJH=4053<,0*43
\s:66,c:1782377493*48\!AIVDM,1,1,,A,144SSD001UPhksPERV`JUpRv20SB,0*3E
\s:66,c:1782377496*4D\!AIVDM,1,1,,B,19N`3J@0022:EN4RA9IREA540W3h,0*37
\s:66,c:1782377496*4D\!AIVDM,1,1,,B,B3aEN>00>`60T2WUiFNKkwj5kP06,0*68
\s:66,c:1782377497*4C\!AIVDM,1,1,,A,14eHbwhwh0rkvD>JQ<;Ao758053<,0*4B
\s:66,c:1782377493*48\!AIVDM,1,1,,A,13uCQ4UOi<QAffBQrVu:CHA20L12,0*57
\s:66,c:1782377492*49\!AIVDM,1,1,,A,19NS?oP02N:eVKVFJ38jMQw000SM,0*43
\s:66,c:1782377497*4C\!AIVDM,1,1,,B,13f9I>0OiR12NNBDRbE0thi608Ed,0*61
\s:66,c:1782377490*4B\!AIVDM,1,1,,A,B7Omp>P08HPcPoUA7wgAJON00000,0*2A
\s:66,c:1782377490*4B\!AIVDM,1,1,,A,B7lj;:P00:5`rVwlh9L03wfRT4Bh,0*43
\s:66,c:1782377495*4E\!AIVDM,1,1,,B,15NS3w0000rQLJbFMKR=H9Ft053<,0*59
\s:66,c:1782377492*49\!AIVDM,1,1,,A,13E`SScP0EP7eURGPQLm2wvv2<1O,0*10
\s:66,c:1782377493*48\!AIVDM,1,1,,B,B7m3pnh07:3MU8wcCU7MswgRTL0T,0*63
\s:66,c:1782377492*49\!AIVDM,1,1,,A,36::kvU000`VU<0DVciU9AJv2Dkb,0*42
\s:66,c:1782377494*4F\!AIVDM,1,1,,B,B3aO?P@0085vV;W`TOkQ3wi5l000,0*11
\s:66,c:1782377496*4D\!AIVDM,1,1,,B,169`KbP1iK8jK0tDONt=oc580@Dq,0*04
\s:66,c:1782377492*49\!AIVDM,1,1,,B,13LLht?P00wO:hLST5Jh0?vv2@Br,0*2F
\s:66,c:1782377494*4F\!AIVDM,1,1,,B,13=7sP3000P==rRMH:OsOQ7228D<,0*17
\s:66,c:1782377496*4D\!AIVDM,1,1,,B,EvnrUW@W7a:2h27h8bRQ90h6Pa@>Wnd@tBjG000003j003SlU1@,2*40
\s:66,c:1782377496*4D\!AIVDM,1,1,,B,13B7Lf70000jt8:Pk;8lC9u60@E`,0*6B
\s:66,c:1782377489*43\!AIVDM,1,1,,A,13`hnL700OPN8v2Ne?>8Vn?000S?,0*5D
\s:66,c:1782377492*49\!AIVDM,1,1,,A,36To?N0wR1Oj<BHDjt`b:87p0000,0*43
\s:66,c:1782377497*4C\!AIVDM,1,1,,B,19NSRrPujd1CF;gde41tNaw:0D1D,0*40
\s:66,c:1782377490*4B\!AIVDM,1,1,,A,33caA;50000eiOlN`G:009mp0000,0*33
\s:66,c:1782377494*4F\!AIVDM,1,1,,B,18I65k80087L1=<0fMOo<s:66,0*0D
\s:66,c:1782377494*4F\!AIVDM,1,1,,B,13P=MlhP3MP7bR<Mc2G2Egw22<1i,0*1E
\s:66,c:1782377494*4F\!AIVDM,1,1,,B,B7fu;9P031nmPDP;GkoQ3wi1l@D0,0*09
\s:66,c:1782377489*43\!AIVDM,1,1,,,15O><>;00cJTvHFE4KTKbqHp0000,0*20
\g:1-2-5198629,s:66,c:1782377371*09\!AIVDM,2,1,9,A,568sO98000009=Hr220`T4v0LtpN3O:22222220O1HU655g:0:VR0CQn,0*6A
\g:2-2-5198629*65\!AIVDM,2,2,9,A,R3mH88888888880,2*69
\s:66,c:1782377493*48\!AIVDM,1,1,,B,16:7VvP0198hclhAJTw4fkQ00@CS,0*40
\s:66,c:1782377490*4B\!AIVDM,1,1,,B,B7lj=w@00:5d4@wl5QAE;wf2T<4V,0*2A
\s:66,c:1782377487*4D\!AIVDM,1,1,,B,33aOAJUP0aPF2cNMwFUM<?vn22eA,0*06
\s:66,c:1782377493*48\!AIVDM,1,1,,A,B7`BGD@0037w6BJffPp000N00000,0*11
\s:66,c:1782377493*48\!AIVDM,1,1,,B,13aJG1OP00PHedJNFuLIGww22HCJ,0*48
\s:66,c:1782377492*49\!AIVDM,1,1,,B,18J>en00037KUb00eb2VqSm00@Bc,0*56
\s:66,c:1782377494*4F\!AIVDM,1,1,,,15O><>;00dJTvFDE4Kd;kaK20000,0*33
\g:1-2-5198630,s:66,c:1782377491*08\!AIVDM,2,1,0,B,55O><>81mtEqL@sCK;<U<48DhhF222222222220P28C56udW0:EDklQ`,0*35
\g:2-2-5198630*6D\!AIVDM,2,2,0,B,888888888888880,2*27
\s:66,c:1782377496*4D\!AIVDM,1,1,,,B3MAbA000:9b9r27e=oQ1vA1l000,0*2B
\s:66,c:1782377496*4D\!AIVDM,1,1,,A,38I3<a5000S5EPD6`ctFW3u40Dg:,0*33
\s:66,c:1782377492*49\!AIVDM,1,1,,A,15O2QiPP00rA85V>gQFv4?w00000,0*7B
\g:1-2-5198631,s:66,c:1782377496*0E\!AIVDM,2,1,1,B,58I3<a82=OaGUKO?;V0du@60P4p@4j2222222216@PK8A=dG0>UTk83S,0*0A
\g:2-2-5198631*6C\!AIVDM,2,2,1,B,p32CRp2DlPAC880,2*7E
\s:66,c:1782377496*4D\!AIVDM,1,1,,A,15B=`D001R7ocDD9owmIMGQ408Dr,0*75
\g:1-2-5198632,s:66,c:1782377496*0D\!AIVDM,2,1,2,B,53dSm>82HRN7TP7KCW8<l60<Ln1<TiHE:2222216@S;HK5daNRPTTRCp,0*07
\g:2-2-5198632*6F\!AIVDM,2,2,2,B,;H32hk@`8888880,2*74
\s:66,c:1782377496*4D\!AIVDM,1,1,,A,33IW0m01@00R0CBI1eGU02I:01v0,0*7E
\s:66,c:1782377496*4D\!AIVDM,1,1,,A,18HuJE8300WJ3F<0duv7ETs6286n,0*24
\s:66,c:1782377498*43\!AIVDM,1,1,,A,13aOAJUP0RPF2`>MwFo<m?w:2L7W,0*32
\s:66,c:1782377495*4E\!AIVDM,1,1,,A,16:?jJP0008fB2RAG5lPnkFv00SC,0*32
\s:66,c:1782377490*4B\!AIVDM,1,1,,A,34eJKV0000FcKl6O5>`HV0Cp0000,0*1E
\s:66,c:1782377493*48\!AIVDM,1,1,,A,13LBc00u1J1Qc<tRFgq7in800000,0*36
\s:66,c:1782377497*4C\!AIVDM,1,1,,B,13l3r=002b05rj`G<>W`t7980@Er,0*6D
\s:66,c:1782377497*4C\!AIVDM,1,1,,B,19NSl0P1042gG02<Okg72`?80<8P,0*60
\s:66,c:1782377490*4B\!AIVDM,1,1,,B,13aGs?WP@nPGVOJNN:OusK>t2<5`,0*09
\s:66,c:1782377494*4F\!AIVDM,1,1,,A,17f6Gbh01S3`K`j@;BdUjU140d<P,0*77
\s:66,c:1782377491*4A\!AIVDM,1,1,,A,142LUgP000R4jbRGMa0jBjrn0U3<,0*5C
\s:66,c:1782377496*4D\!AIVDM,1,1,,B,15NW7`P000G?vJrK?8ubhpM60PSk,0*59
\s:66,c:1782377493*48\!AIVDM,1,1,,A,35OA3Cd000JRufBE4viob3Sp0000,0*30
\s:66,c:1782377494*4F\!AIVDM,1,1,,A,B52k6E000>TH434d2CGQ3wi1nDJb,0*47
\s:66,c:1782377492*49\!AIVDM,1,1,,B,B40aQG0000DSd;Ul?V3Q3wh1jDdJ,0*73
\s:66,c:1782377493*48\!AIVDM,1,1,,B,13Hhb<P000wlK4tLC9:cuIC200RN,0*17
\s:66,c:1782377496*4D\!AIVDM,1,1,,A,15TFMB0P01rB@<D5F4IAHOw8253<,0*59
\s:66,c:1782377496*4D\!AIVDM,1,1,,B,139f3`PP?w<tSF0l4Q@>4?wv0U3<,0*19
\s:66,c:1782377491*4A\!AIVDM,1,1,,B,14eGs70021Pof8LO8amQuARv00Sg,0*66
\s:66,c:1782377496*4D\!AIVDM,1,1,,A,1815dl`viG`TdT>FnLukPBc000Ra,0*29
\s:66,c:1782377497*4C\!AIVDM,1,1,,B,B85ai7P009o4cK0<OC@e3wl2T6q<,0*5F
\s:66,c:1782377490*4B\!AIVDM,1,1,,B,1815JJ01B67wu7V;nkCC<2TR0@AQ,0*5F
\s:66,c:1782377492*49\!AIVDM,1,1,,B,4030p9Avad`kOo6GHpLL0U700<2k,0*0C
\s:66,c:1782377495*4E\!AIVDM,1,1,,A,33lcRt11h1OebAv2v16U5C:p0Dg:,0*2A
\s:66,c:1782377490*4B\!AIVDM,1,1,,A,13n?UB00?wQFf=hWmkQv414v253<,0*37
\s:66,c:1782377494*4F\!AIVDM,1,1,,,15N4j65P00JqR7jGgA;;FOw42000,0*3D
\s:66,c:1782377497*4C\!AIVDM,1,1,,A,16:81sP000`cL5@FVs<>405628E;,0*29
\s:66,c:1782377492*49\!AIVDM,1,1,,A,ENkb:<jV7W3h12PQT@6:@@@@@@@;iOOk9aOJ800003vP000,2*04
\s:66,c:1782377494*4F\!AIVDM,1,1,,B,15NhdBg000G@1O4K@MTTcqe200S2,0*59
\g:1-2-5198633,s:66,c:1782377489*02\!AIVDM,2,1,3,A,5815QV@2A:o9KL7GCK0H5=B2222222222222221?D`GG95p80M3F0E3H,0*50
\g:2-2-5198633*6E\!AIVDM,2,2,3,A,888888888888880,2*27
\s:66,c:1782377493*48\!AIVDM,1,1,,A,38SJS150007bI3b5uGKpMjA00D7J,0*7D
\s:66,c:1782377495*4E\!AIVDM,1,1,,B,13M@PnP0000G2;DNB`5qjiC608DR,0*0E
\s:66,c:1782377491*4A\!AIVDM,1,1,,B,13lFfr0vjf2A@OmdwmsBf2@t0<04,0*65
\s:66,c:1782377495*4E\!AIVDM,1,1,,A,33P885@000OpwMrM2gliVQCp0000,0*6D
\s:66,c:1782377495*4E\!AIVDM,1,1,,A,15R2ov001a7a@5UtSCknvETP00SO,0*37
\s:66,c:1782377495*4E\!AIVDM,1,1,,A,144bmrPP00R:H9`R@EPLaOw22@B7,0*34
\s:66,c:1782377490*4B\!AIVDM,1,1,,B,33o@i:7P00PseiPVnR1>4?vp20AS,0*39
\s:66,c:1782377497*4C\!AIVDM,1,1,,A,13crTw30000w3jvJ7=k@0Fe80d2C,0*18
\s:66,c:1782377498*43\!AIVDM,1,1,,A,13aDpHhP00PE:6lN1Q>nj?w828E5,0*6A
\s:66,c:1782377492*49\!AIVDM,1,1,,A,13JMsh?0@0OuQvHLBO?Jqkjt0D1;,0*5C
\s:66,c:1782377492*49\!AIVDM,1,1,,A,17m@6=80049Hm>AwOS<cJ7Bv0000,0*14
\s:66,c:1782377492*49\!AIVDM,1,1,,B,402Fh`ivad`kP17uSDFpIwW0053<,0*1D
\s:66,c:1782377496*4D\!AIVDM,1,1,,A,13`eDMhP00PBFjDMffCG7?w6P53<,0*00
\s:66,c:1782377490*4B\!AIVDM,1,1,,B,13l3ow001QP<ApNNL<H7rV@r00SI,0*5E
\s:66,c:1782377491*4A\!AIVDM,1,1,,A,13be?H0P1TwU=ebLuA`7nF>v0<0m,0*57
\s:66,c:1782377495*4E\!AIVDM,1,1,,A,H39O<CP<58huA@4000000000000,2*1F
\s:66,c:1782377195*4B\!AIVDM,1,1,,B,H39O<CTUCBD;:0441nilm000000t,0*61
\s:66,c:1782377496*4D\!AIVDM,1,1,,A,18L>>0001o7KMw>0dFKHGFS200Rd,0*32
\s:66,c:1782377496*4D\!AIVDM,1,1,,B,14aq44001A8k7sBAE6AiMiD22U2h,0*60
\s:66,c:1782377492*49\!AIVDM,1,1,,A,H39cbKTT0000000000000000:220,0*24
\s:66,c:1782377492*49\!AIVDM,1,1,,A,36:<RVSP@J8PsQJFJbedLHft023@,0*20
\s:66,c:1782377494*4F\!AIVDM,1,1,,A,38I=?>002<r6956?nlLQCi6J01Vi,0*60
\s:66,c:1782377491*4A\!AIVDM,1,1,,B,4023Qwivad`kO115Q8Da0M700<:D,0*29
\s:66,c:1782377493*48\!AIVDM,1,1,,A,B6127qP0Fpp3GcT2OSQ8SwhQoP04,0*13
\s:66,c:1782377496*4D\!AIVDM,1,1,,B,38Hufa0wP17LI0`0g@GhVS3406KS,0*74
\s:66,c:1782377491*4A\!AIVDM,1,1,,B,13m7sK00000kQA>U7PJuqFht053<,0*1C
\s:66,c:1782377492*49\!AIVDM,1,1,,B,33I`q>7P@BOQ2<LK<kL37Ra000vh,0*33
\s:66,c:1782377496*4D\!AIVDM,1,1,,A,C6:>OJ00027V6OUTE7A?wwv0V@:L?0`2C0H2O1T00000e1@832PP,0*00
\s:66,c:1782377496*4D\!AIVDM,1,1,,A,13l3p601BBwJIw>2IAUlOSc42D01,0*3E
\s:66,c:1782377491*4A\!AIVDM,1,1,,A,139TRs0P0>0fW;DO9G<pw?vt0<2o,0*1E
\s:66,c:1782377493*48\!AIVDM,1,1,,B,16:8nj0P008QikhFHOa00?w00<4U,0*72
\s:66,c:1782377496*4D\!AIVDM,1,1,,A,169K4K@P01`9SWV<oH2`rgw620S7,0*4D
\s:66,c:1782377495*4E\!AIVDM,1,1,,B,16:wfF001V8jB5:DSqs@3h560<0w,0*71
\s:66,c:1782377495*4E\!AIVDM,1,1,,A,B4eIHah00UkGi<73AcHEGwiUCP06,0*23
\s:66,c:1782377490*4B\!AIVDM,1,1,,A,18I<A7002R0JFs9kW8w5PTNn0@AT,0*3D
\s:66,c:1782377496*4D\!AIVDM,1,1,,B,19NSG=@02hr=OCT0:f=0K@I41U3<,0*0B
\s:66,c:1782377497*4C\!AIVDM,1,1,,A,19NSqT002:WDK?b16?IsWIA808Ef,0*55
\s:66,c:1782377496*4D\!AIVDM,1,1,,A,13n0vr0qh3Qa:9t`@?dsp1@v08Bf,0*70
\s:66,c:1782377492*49\!AIVDM,1,1,,B,B52PrU000Nn2;`R`QHfjKwh5t000,0*6C
\s:66,c:1782377491*4A\!AIVDM,1,1,,B,35MWrV0tQVGR6vnBV3Sk:BNn013P,0*40
\s:66,c:1782377495*4E\!AIVDM,1,1,,B,13aPMO@P1TPB@GHMKpRKGgw62HDW,0*5B
\s:66,c:1782377495*4E\!AIVDM,1,1,,A,19NShsh0jg5u>ph1<AHqkoo408Dn,0*13
\s:66,c:1782377494*4F\!AIVDM,1,1,,B,402MN7h000Htt<tSF0l4Q@100t4f,0*04
\s:66,c:1782377488*42\!AIVDM,1,1,,A,26K2;l10029j8u4D0qCdolHr0L2q,0*01
\s:66,c:1782377496*4D\!AIVDM,1,1,,A,3:U90Q0OjEL42T9veud;F9G601:@,0*19
\s:66,c:1782377496*4D\!AIVDM,1,1,,,1:U90Q0OjEL42T9veud;GIG60000,0*50
\s:66,c:1782377495*4E\!AIVDM,1,1,,A,19NSWrh0007JsjD0cc?Qalo400S2,0*07
\g:1-2-5198634,s:66,c:1782377495*08\!AIVDM,2,1,4,B,54`V3i02=T8T?HdKN21UDF04r222222222222216JHC>H5i20BTj0Bj5,0*41
\g:2-2-5198634*69\!AIVDM,2,2,4,B,1DTjp8888888880,2*20
\s:66,c:1782377492*49\!AIVDM,1,1,,A,4>qc9wivad`kO7j`m<;oBEB0053<,0*69
\s:66,c:1782377496*4D\!AIVDM,1,1,,A,3815cKQ0007LL8t0gG;eV38t0DPb,0*3A
\s:66,c:1782377490*4B\!AIVDM,1,1,,A,B5OCB?0006`ER3UW`87Q3wfQjDm:,0*54
\s:66,c:1782377496*4D\!AIVDM,1,1,,A,B69DSsP0I2;hEC4E2PEBQ2A7QP06,0*47
\s:66,c:1782377496*4D\!AIVDM,1,1,,A,13aCdr001BwUn<PKU:?MKbq60@EO,0*01
\g:1-2-5198635,s:66,c:1782377246*01\!AIVDM,2,1,5,B,5772FN82GIdeI9MGR20D5=@E8r0aDpU0E:222216EhID<5nR0JDk`12l,0*07
\g:2-2-5198635*68\!AIVDM,2,2,5,B,`88888888888880,2*7A
\s:66,c:1782377496*4D\!AIVDM,1,1,,B,14`Uw3@2RSORRG;jk5UcqqQ60D01,0*01
\s:66,c:1782377497*4C\!AIVDM,1,1,,B,19NSo`h02wLrjJ>L6>9IIWK40<02,0*59
\s:66,c:1782377494*4F\!AIVDM,1,1,,A,13nM0b?0000L1I<Sga1D?SC4053<,0*53
\s:66,c:1782377495*4E\!AIVDM,1,1,,A,148Orf0P00QPdA:Op1JN4?w6253<,0*76
\s:66,c:1782377495*4E\!AIVDM,1,1,,B,11anqh?P005eNIb3vpjJ0ww828E0,0*0B
\s:66,c:1782377497*4C\!AIVDM,1,1,,B,ENk`uOdt@@@@@@@@@@@@@@@@@@@=Olel;pejp00003vP000,2*4B
\s:66,c:1782377491*4A\!AIVDM,1,1,,A,177nRH@P00`:uJ@<n8fN4?vt2@Aq,0*5F
\s:66,c:1782377491*4A\!AIVDM,1,1,,B,13FSd87007waCB:KAl5e5FLvPL0E,0*55
\s:66,c:1782377496*4D\!AIVDM,1,1,,A,86?UnP00G@:?>G1?6600,0*09
\s:66,c:1782377491*4A\!AIVDM,1,1,,A,18HtLW0wQoP4;NlO:LPESDLn0D5`,0*34
\s:66,c:1782377495*4E\!AIVDM,1,1,,A,13oFgv01R21cqvd`M5:H1nG20t1I,0*30
\s:66,c:1782377496*4D\!AIVDM,1,1,,A,39lOwt000012JfUjp2cB24;400Ek,0*58
\s:66,c:1782377496*4D\!AIVDM,1,1,,A,1815N9001qwVASrDTmgb08300D43,0*5D
\s:66,c:1782377496*4D\!AIVDM,1,1,,B,18VvE4001J`Ovp0F=@abiHS80hE@,0*30
\s:66,c:1782377493*48\!AIVDM,1,1,,A,13l3p@001GwfoGvDf@>r;`Fb0000,0*23
\s:66,c:1782377497*4C\!AIVDM,1,1,,A,14`UwcP12`J5:6H?k2q3uk?:0D14,0*44
\s:66,c:1782377494*4F\!AIVDM,1,1,,B,139Unc0P@0PeHntN`mSGeUq420SI,0*0B
\s:66,c:1782377495*4E\!AIVDM,1,1,,,18I772000D<R2MSc4QNjIlo20000,0*79
\s:66,c:1782377490*4B\!AIVDM,1,1,,A,13cp6j02B<1?3`JGTNk:K`Lr0000,0*19
\g:1-2-5198636,s:66,c:1782377495*0A\!AIVDM,2,1,6,B,59NSSDp2=U=pCEEWN20F10TtpDE:22222222221@BHPD<u4n0@E3`34j,0*72
\g:2-2-5198636*6B\!AIVDM,2,2,6,B,p88888888888888,2*61
\s:66,c:1782377493*48\!AIVDM,1,1,,A,18I5<H001kNJoWJ9Q9C@shdv053<,0*5A
\s:66,c:1782377494*4F\!AIVDM,1,1,,A,15NMFc?P00I<ho8A20h;Igw20000,0*5A
\s:66,c:1782377495*4E\!AIVDM,1,1,,A,13l3p9001UPlS@FNvUVpRFk42<5m,0*69
\s:66,c:1782377496*4D\!AIVDM,1,1,,A,19NSnH002F4:q6?m@2jpS6o60<03,0*21
\s:66,c:1782377493*48\!AIVDM,1,1,,A,33R:oJ00001K6E4FcEPP001p0000,0*77
\s:66,c:1782377496*4D\!AIVDM,1,1,,A,13@o`ha00F0N=<jNg7fS?2S:0L3i,0*58
\s:66,c:1782377496*4D\!AIVDM,1,1,,A,13cWAL0P3kQ1@42GF?fROOw800S6,0*23
\s:66,c:1782377493*48\!AIVDM,1,1,,A,16Tu6N001VG=2;pL8=Srf8Q20D7B,0*48
\s:66,c:1782377495*4E\!AIVDM,1,1,,A,15O;?o0P00JR=CnE9h=PCOw400Rw,0*7D
\s:66,c:1782377496*4D\!AIVDM,1,1,,B,19NSV:P0BRWH<@j0k1@4hkk40<2t,0*2D
\s:66,c:1782377494*4F\!AIVDM,1,1,,A,B3mb9K0008>:6R9Cs3UrQRN00000,0*22
\s:66,c:1782377496*4D\!AIVDM,1,1,,B,ENk`soNab6h@@@@@@@@@@@@@@@@=630l8jJ:800003vP000,2*73
\s:66,c:1782377488*42\!AIVDM,1,1,,A,B3aGtHP0<8688a7U@MEfwwf5oP06,0*58
\s:66,c:1782377492*49\!AIVDM,1,1,,A,18HwtL002p:@nlTGnddjd2?00L0?,0*2F
\s:66,c:1782377496*4D\!AIVDM,1,1,,A,1kaI9a0P000OfiFNQ0=`k?v1uwww,0*39
\s:66,c:1782377493*48\!AIVDM,1,1,,A,13ku9RP0380k;0BFR;96GU300000,0*19
\s:66,c:1782377492*49\!AIVDM,1,1,,B,B3:2Pv00?oAwwnLuNn>5=b@1l000,0*65
\s:66,c:1782377496*4D\!AIVDM,1,1,,A,33tjT=00001>O5DS1NN@001p0000,0*03
\s:66,c:1782377491*4A\!AIVDM,1,1,,B,402IPG1vad`kNO0`R4U5<:W0053<,0*38
\s:66,c:1782377492*49\!AIVDM,1,1,,B,4025bq1uJl`kOPk@FbOIO9Q028Bs,0*66
\s:66,c:1782377494*4F\!AIVDM,1,1,,3,Kk==7R80E`Bj;7A`,0*39
\s:66,c:1782377492*49\!AIVDM,1,1,,,13==7R0029Pb?Q<Eguec1`nr0000,0*77
\s:66,c:1782377496*4D\!AIVDM,1,1,,B,168rU8PP01`cAGnFV7ah0?w60D07,0*7C
\s:66,c:1782377496*4D\!AIVDM,1,1,,A,15OmN<gP00JQLUvFMwskkgw6253<,0*10
\s:66,c:1782377496*4D\!AIVDM,1,1,,A,15BjcJ002iOTwLPKpHQHBVU40D38,0*68
\s:66,c:1782377498*43\!AIVDM,1,1,,,B7fu:jP00K=4W;Nj9t7Dkwj5WP06,0*77
\s:66,c:1782377498*43\!AIVDM,1,1,,A,13aEPB0P00PHpwJNKCaf4?w828EG,0*2A
\s:66,c:1782377491*4A\!AIVDM,1,1,,B,15DP?8000U7CE>l1?um1ahtv0@BC,0*69
\s:66,c:1782377495*4E\!AIVDM,1,1,,A,19@2`fiP01QKPWDBHg<1qOw40hDV,0*6C
\s:66,c:1782377490*4B\!AIVDM,1,1,,A,13aOB`k008PAiEnN=<uElQrr08Ak,0*48
\s:66,c:1782377496*4D\!AIVDM,1,1,,B,19NScRh01A7LjBr0f9jC?BW60<<N,0*2C
\s:66,c:1782377492*49\!AIVDM,1,1,,B,402IP?Qvad`kOvciDTUibCo00<1I,0*09
\s:66,c:1782377496*4D\!AIVDM,1,1,,A,19NSfekP013W32@?Io@N4?w42<6@,0*08
\s:66,c:1782377492*49\!AIVDM,1,1,,A,B52UA5P00>`N4b5TkFh000N00000,0*3E
\s:66,c:1782377495*4E\!AIVDM,1,1,,B,15UaeJ5P?w<tSF0l4Q@>4?wv0`E2,0*20
\s:66,c:1782377493*48\!AIVDM,1,1,,A,13mWN60u@0PF55PS@QK6twvv28C3,0*53
\s:66,c:1782377496*4D\!AIVDM,1,1,,A,19N`3=D0030BS7HMevhbCRE600T7,0*72
\s:66,c:1782377495*4E\!AIVDM,1,1,,B,15UwL20P01SOQU8@wuBEfOw82HDr,0*53
\s:66,c:1782377496*4D\!AIVDM,1,1,,A,177>AG0P14`;0tP<n5F9Ogw6253<,0*7C
\s:66,c:1782377495*4E\!AIVDM,1,1,,A,13VE5d002CQDmP6DlIc:RHO200S4,0*31
\s:66,c:1782377492*49\!AIVDM,1,1,,B,13IWun7OhrO`hsPK?d63>Bo200S0,0*73
\s:66,c:1782377493*48\!AIVDM,1,1,,B,139RfSP000PErBhNC6AeQ1I40@Cm,0*08
\s:66,c:1782377497*4C\!AIVDM,1,1,,B,133kKBUP1;PCC:DMIBoVOgw:28Eh,0*6A
\s:66,c:1782377497*4C\!AIVDM,1,1,,B,18I6<L0vQrPJe:REMUIC=RS608En,0*2F
\s:66,c:1782377496*4D\!AIVDM,1,1,,B,19NSNkPw2=06DRp3I5k@1h96053<,0*65
\s:66,c:1782377495*4E\!AIVDM,1,1,,A,13FV7G0P16P9nn`G`pR8tgw620S7,0*23
\s:66,c:1782377491*4A\!AIVDM,1,1,,B,13`fMMpP00PEmjlNCHw00?vv28BP,0*6A
\s:66,c:1782377497*4C\!AIVDM,1,1,,B,17m:5j@P007aCdgtPGQ7V?w800SQ,0*0C
\s:66,c:1782377491*4A\!AIVDM,1,1,,A,13uB>9?P001Bj4VQhm`=n?vv00Sv,0*7D
\s:66,c:1782377493*48\!AIVDM,1,1,,B,B7tKrI0004oRcDtvVUV6mch00000,0*7D
\s:66,c:1782377496*4D\!AIVDM,1,1,,A,13VIfT0P001`i80G?jKooOw808E8,0*75
\s:66,c:1782377491*4A\!AIVDM,1,1,,B,33o=JD0OhKP:tSnOKGWFis0r00M@,0*01
\s:66,c:1782377492*49\!AIVDM,1,1,,A,16::<wP00S8hm<@AnQ@V`T`t0@BT,0*06
\s:66,c:1782377490*4B\!AIVDM,1,1,,A,13nDiD00000uua>Vtmho@0nt08AR,0*75
\s:66,c:1782377495*4E\!AIVDM,1,1,,B,15A=Jt0vRa8`oqp>cgPiTQE2053<,0*5B
\s:66,c:1782377490*4B\!AIVDM,1,1,,A,B3P>?Ih00?tmwOWGJ=48h7N00000,0*73
\s:66,c:1782377491*4A\!AIVDM,1,1,,B,17liUM0P3UWJA@`0VpQjr?vt253<,0*2E
\s:66,c:1782377493*48\!AIVDM,1,1,,B,B3aB7Gh0804;UL7FLvjVWwhUh000,0*73
\s:66,c:1782377496*4D\!AIVDM,1,1,,,B3prId@007w`sQ5a@f;Q3wu5kP06,0*5A
\s:66,c:1782377496*4D\!AIVDM,1,1,,A,15NbiU<01CI=Cdt@u2ReDra:053<,0*3C
\s:66,c:1782377496*4D\!AIVDM,1,1,,B,14a`UH?P08WK5OL0dbNRI?vt0<LH,0*27
\s:66,c:1782377490*4B\!AIVDM,1,1,,A,23V@=<5w@09iiDFCwBwJa4tl0HAG,0*41
\s:66,c:1782377496*4D\!AIVDM,1,1,,A,4070bnAuJl`kTJ?agWvUJg100@EE,0*3F
\s:66,c:1782377497*4C\!AIVDM,1,1,,B,33f<`@001Q1dG=vEe0t82VM80311,0*28
\s:66,c:1782377494*4F\!AIVDM,1,1,,A,B6KVrQ@00:Lai@U17AJtgwiUgP06,0*23
\s:66,c:1782377495*4E\!AIVDM,1,1,,,13eO2B0029ORd?ejSMRlnkw40000,0*1B
\s:66,c:1782377496*4D\!AIVDM,1,1,,A,362?@IE0007asr`63em5Fh1600qQ,0*54
\s:66,c:1782377496*4D\!AIVDM,1,1,,B,36:CLDUP05`gnfPAl@69agw62Dh:,0*0F
\s:66,c:1782377497*4C\!AIVDM,1,1,,A,H6:CSKP00000000000000000000,2*6B
\s:66,c:1782377497*4C\!AIVDM,1,1,,A,H6:CSKTU00000000000000000000,0*38
\s:66,c:1782377491*4A\!AIVDM,1,1,,B,14b5Pt8000PDUlrMe0Pv42Bt2HBK,0*79
\s:66,c:1782377494*4F\!AIVDM,1,1,,B,28SpAB10007aqq45oL0W28w20D74,0*25
\s:66,c:1782377493*48\!AIVDM,1,1,,A,B7Oo>5P002e8kEK;s5;Q3whQjDHJ,0*64
\s:66,c:1782377494*4F\!AIVDM,1,1,,B,34S?iD50000FHSJHnFEhW7g40000,0*3F
\s:66,c:1782377493*48\!AIVDM,1,1,,A,13n:lV0000QVCHP`<==htpw20@Bv,0*27
\s:66,c:1782377496*4D\!AIVDM,1,1,,A,138cDb502OPudQdOJtDe2JM40<3C,0*78
\s:66,c:1782377495*4E\!AIVDM,1,1,,B,148W7b0P00QPhU4OoI=f4?w6R0Rv,0*4C
\s:66,c:1782377491*4A\!AIVDM,1,1,,A,1991Tr0uQnvbpD8<q?MWtnFv20S;,0*4A
\s:66,c:1782377496*4D\!AIVDM,1,1,,B,13ARQL0026`kN3FAC<dTICM60000,0*62
\s:66,c:1782377496*4D\!AIVDM,1,1,,B,38J<tT803<7KR5P0d?`;UI=600W@,0*04
\s:66,c:1782377492*49\!AIVDM,1,1,,B,16:dv7g00N7qosH8cl:pdFrt0D0?,0*24
\s:66,c:1782377498*43\!AIVDM,1,1,,A,33aEPOUP00PF3IRMw7kf4?w:RE<b,0*29
\s:66,c:1782377494*4F\!AIVDM,1,1,,B,13MCiKUtC`0:Uo6N3=0312G00<28,0*3E
\s:66,c:1782377496*4D\!AIVDM,1,1,,B,13aDCLhP1DPF22nMUhhJk?w820Rf,0*47
\s:66,c:1782377495*4E\!AIVDM,1,1,,A,16;=5iPP008fLDhA;tP3lgw408DH,0*64
\s:66,c:1782377493*48\!AIVDM,1,1,,B,381:LmAw@08L`MFF>HEAIGLv0EQb,0*1B
\s:66,c:1782377489*43\!AIVDM,1,1,,A,13`lPl0P010EkB8NDup19?vn053<,0*3B
\s:66,c:1782377494*4F\!AIVDM,1,1,,,13e8E:01BrsK1K:<`wlHvo=40000,0*11
\s:66,c:1782377495*4E\!AIVDM,1,1,,B,19N`3U@02eP3TwVFf`0IlGlF0HDO,0*1F
\s:66,c:1782377488*42\!AIVDM,1,1,,A,13`lQb0Oh0PJ0hHN>vTt5B0p20SD,0*32
\s:66,c:1782377495*4E\!AIVDM,1,1,,A,33`lQb0Oh0PJ0hFN>vUe;B5620t@,0*40
\s:66,c:1782377491*4A\!AIVDM,1,1,,A,33S6MPP3P01?`I6HO=KcO8ep0000,0*3C
\s:66,c:1782377488*42\!AIVDM,1,1,,A,H6:lCs@htpN0P4v3SSP00000000,2*1F
\s:66,c:1782376417*45\!AIVDM,1,1,,A,H6:lCsE6u2@B?F100000005`:55<,0*23
\s:66,c:1782377490*4B\!AIVDM,1,1,,A,13aGEi0P12PJ2oPN@Fs7fwvt2@Av,0*00
\s:66,c:1782377494*4F\!AIVDM,1,1,,B,35TQ14001RV845J3FDb:F8Dv0E1M,0*49
\s:66,c:1782377493*48\!AIVDM,1,1,,B,16:dvb@P228NS00F2EPbUHM20<0;,0*3B
\s:66,c:1782377492*49\!AIVDM,1,1,,B,1;28T>0000OGwshH:P<h03bv08C?,0*3E
\s:66,c:1782377496*4D\!AIVDM,1,1,,A,13ATJR0022IW20V@Jq05llg40HE=,0*4E
\s:66,c:1782377493*48\!AIVDM,1,1,,A,16K2Foh0009jIfPD25IcQCG400SB,0*1C
\s:66,c:1782377494*4F\!AIVDM,1,1,,A,1815dTh01m7?>pH1SiasdqHh0<3I,0*4B
\s:66,c:1782377495*4E\!AIVDM,1,1,,B,39NS8vm000W=ifL7Q<;<cha20000,0*0D
\s:66,c:1782377491*4A\!AIVDM,1,1,,B,339qSn0P000`0eNNHaJsCgvv02VQ,0*04
\s:66,c:1782377490*4B\!AIVDM,1,1,,A,36l=7D0P@07OP7d1=E1@06>p0000,0*1A
\s:66,c:1782377495*4E\!AIVDM,1,1,,B,15?dUFQ32<`j66`@tq7rb8k22L?v,0*5B
\s:66,c:1782377493*48\!AIVDM,1,1,,B,13Eo0h0000OW6atDc?RPI7?4053<,0*0B
\s:66,c:1782377496*4D\!AIVDM,1,1,,B,13@pm2H00=0L=NTNs;Ia9Js60@E?,0*74
\s:66,c:1782377495*4E\!AIVDM,1,1,,B,13VOeH0wRL2:>FUe2R39S7rj08Dl,0*3C
\s:66,c:1782377496*4D\!AIVDM,1,1,,B,15@h;n001PM6s9IkFtFQT1G4053<,0*17
\s:66,c:1782377493*48\!AIVDM,1,1,,A,13VPoV00ihQgPWLEIUi71mc40PWA,0*1D
\s:66,c:1782377494*4F\!AIVDM,1,1,,A,15NvVGP000o?sJ@KLtS:`Uc6H<17,0*4A
\s:66,c:1782377496*4D\!AIVDM,1,1,,B,160r6200083TO>4?HFg61;;6253<,0*21
\s:66,c:1782377493*48\!AIVDM,1,1,,A,13n2430uh0PkN`TU7FNTfo4v0D14,0*27
\s:66,c:1782377492*49\!AIVDM,1,1,,B,152P6g?P00o@`4>EMhBP0?w22L0`,0*2E
\s:66,c:1782377495*4E\!AIVDM,1,1,,A,34eIS3h000FcAppO4?oo9Sap0000,0*6E
\s:66,c:1782377496*4D\!AIVDM,1,1,,B,13II@`P0000F7pbHnAlA<Ic60@E;,0*50
\s:66,c:1782377492*49\!AIVDM,1,1,,B,403tCdivad`kNWsJDN;;A?o008BQ,0*40
\s:66,c:1782377495*4E\!AIVDM,1,1,,B,18I;120vjK8<i:28WinHRVs00<0A,0*45
\s:66,c:1782377496*4D\!AIVDM,1,1,,A,1349q>0000`VTP:DUuicV:a60HDh,0*6F
\s:66,c:1782377495*4E\!AIVDM,1,1,,A,18I5uw01kRPaOiLIAC9LEIu680S@,0*58
\s:66,c:1782377494*4F\!AIVDM,1,1,,A,35Mj23S000G>KFNKhIPGsVGp0000,0*30
\s:66,c:1782377496*4D\!AIVDM,1,1,,A,B52gBRh00mkedaViFvt000N00000,0*2F
\s:66,c:1782377495*4E\!AIVDM,1,1,,B,147gEF01@0QcW;8QQ7f`viq40<0?,0*0C
\s:66,c:1782377496*4D\!AIVDM,1,1,,A,33f2<B10010Qbg`I0iDlkmq60000,0*71
\s:66,c:1782377498*43\!AIVDM,1,1,,A,B52aSMP00=kt<W5Iq70?wwj5oP06,0*56
\s:66,c:1782377494*4F\!AIVDM,1,1,,A,D025buhtHDfqMhDfp0,4*06
\s:66,c:1782377494*4F\!AIVDM,1,1,,B,38Hu9s001O7L34:0fp<b=7u001lP,0*6B
\s:66,c:1782377494*4F\!AIVDM,1,1,,B,19NSEaP02a7DTF0161BKQa<R0<1n,0*44
\s:66,c:1782377493*48\!AIVDM,1,1,,,13=:SN50002P6JJ@o3unoPC00000,0*65
\s:66,c:1782377494*4F\!AIVDM,1,1,,A,18HtKm3004SPu@P@=`Etbas4053<,0*36
\s:66,c:1782377496*4D\!AIVDM,1,1,,A,35V91D0PAAPtS0hE3CEcGa;20000,0*49
\s:66,c:1782377492*49\!AIVDM,1,1,,A,ENk`spdq@@@@@@@@@@@@@@@@@@@=`cvD5AhhH00003vP000,2*67
\s:66,c:1782377495*4E\!AIVDM,1,1,,A,16:R6u0P?w<tSF0l4Q@>4?wv0`DU,0*73
\s:66,c:1782377490*4B\!AIVDM,1,1,,B,B52fIHP006cA0GUlePOQ3wg1jDf:,0*46
\s:66,c:1782377493*48\!AIVDM,1,1,,A,16;=5HPP0=8f0GLAkdUW65Rv2`C6,0*7E
\s:66,c:1782377493*48\!AIVDM,1,1,,A,13mneO0P00Pi;0`RAb>>4?w02D1n,0*2B
\s:66,c:1782377496*4D\!AIVDM,1,1,,B,170IdF00003lqgv>=Ig4e0i:00Rj,0*60
\s:66,c:1782377492*49\!AIVDM,1,1,,B,33IPt?5000OpWONLJ2a2oEC20DMr,0*6C
\s:66,c:1782377495*4E\!AIVDM,1,1,,B,15NRmaP00voV8gHBdpWDGkC6053<,0*2F
\s:66,c:1782377497*4C\!AIVDM,1,1,,A,17f@LT0P000QvqHI1V06t?w80<3v,0*35
\s:66,c:1782377497*4C\!AIVDM,1,1,,A,35R;Jn1Oh87KnkV0g0QlODQ20Dc:,0*73
\s:66,c:1782377496*4D\!AIVDM,1,1,,B,13mJ3P001aOP`nbK@sQWVF18053<,0*2D
\s:66,c:1782377498*43\!AIVDM,1,1,,A,19NSGakP02SPQep@>V8f4?w828EM,0*5B
\s:66,c:1782377492*49\!AIVDM,1,1,,B,13HhWb0wBjwoWc0Ll5O6hU:v0<1J,0*2B
\s:66,c:1782377495*4E\!AIVDM,1,1,,A,18Htlw0P00WJuD@0gNrf4?w620Sc,0*71
\s:66,c:1782377492*49\!AIVDM,1,1,,A,33mrTh00001BAsBWWBB9ObAp0000,0*23
\s:66,c:1782377494*4F\!AIVDM,1,1,,B,B7lcj4@08J6?1qOqSSkHOwP4kP06,0*36
\s:66,c:1782377492*49\!AIVDM,1,1,,A,33KUMp01001jDf8RKOikc7Wp0000,0*62
\s:66,c:1782377490*4B\!AIVDM,1,1,,A,15NeKl0PBuqUlt<@LRU4TC`t0D0U,0*54
\s:66,c:1782377496*4D\!AIVDM,1,1,,A,13MD>rUw001dW?pEc3dn:gvt0D0p,0*7A
\s:66,c:1782377497*4C\!AIVDM,1,1,,B,35NF=10000rdEJRG@4=PVRi800pk,0*7C
\s:66,c:1782377493*48\!AIVDM,1,1,,B,18I79H04PM8aCHr8Da=s79Jv08C=,0*0D
\s:66,c:1782377492*49\!AIVDM,1,1,,A,13noH:00000L73NSgb8m3k`v0`Bi,0*57
\s:66,c:1782377491*4A\!AIVDM,1,1,,B,1:1f0N0P0KPdfHtEOJv9tOvt2<3?,0*46
\s:66,c:1782377496*4D\!AIVDM,1,1,,A,803OLfAKpIjR`I00OWG`jN8R0000,0*2B
\s:66,c:1782377497*4C\!AIVDM,1,1,,A,18Jd0n000D7Kdq@0aaqmCTi:0<>f,0*3E
\s:66,c:1782377492*49\!AIVDM,1,1,,B,37Ok<PPPCsbkfbAd`o0bjHbv20UA,0*0C
\s:66,c:1782377490*4B\!AIVDM,1,1,,B,13u>1D0007QBis<QsiAUNQvv00Rb,0*5B
\s:66,c:1782377495*4E\!AIVDM,1,1,,A,1815DuP01h0iw1REJlsT5SE600RN,0*23
\s:66,c:1782377497*4C\!AIVDM,1,1,,A,18HvvL`Oj07L7WP0kA9APA7608E0,0*1A
\s:66,c:1782377492*49\!AIVDM,1,1,,A,339K8iP02W0V7kTNujFbvHm000Vh,0*46
\s:66,c:1782377495*4E\!AIVDM,1,1,,A,13aO@h@1irNL>dF7kInPq@c808Db,0*39
\s:66,c:1782377496*4D\!AIVDM,1,1,,A,19NSf5@03=3;4gKh`kG9WWk:00Sj,0*7B
\s:66,c:1782377497*4C\!AIVDM,1,1,,A,13cnvr000PPes7bHufk1P1A<00S@,0*50
\s:66,c:1782377497*4C\!AIVDM,1,1,,B,38SJI150007aqnp64C17Hbc:00r1,0*04
\s:66,c:1782377497*4C\!AIVDM,1,1,,A,17tChRP0007?qpl1hMv41aq:00RD,0*73
\s:66,c:1782377496*4D\!AIVDM,1,1,,A,15?d`Q001?NmlBR>8321>hw40@EC,0*4C
\s:66,c:1782377492*49\!AIVDM,1,1,,A,13Hvf0?P000=t>6HWTRIHOw00<0M,0*33
\s:66,c:1782377489*43\!AIVDM,1,1,,B,3386U650000oLVDNw0gMl:dt0DwJ,0*60
\s:66,c:1782377494*4F\!AIVDM,1,1,,B,13P=kTk005P:9WbMliQHRk;600Sv,0*0D
\s:66,c:1782377496*4D\!AIVDM,1,1,,A,17tKmBOP007LQ?D0clN8iww60@E4,0*69
\s:66,c:1782377494*4F\!AIVDM,1,1,,B,D02IPBiMdffp,0*08
\s:66,c:1782377496*4D\!AIVDM,1,1,,A,13`h@B@P00PCH0<MKrLv4?w8253<,0*6B
\s:66,c:1782377494*4F\!AIVDM,1,1,,A,13IlJE?00NwvMu:LOCH92Fu40L0f,0*52
\s:66,c:1782377496*4D\!AIVDM,1,1,,B,19NS34P028waH`fL4JKRSR740<65,0*23
\s:66,c:1782377488*42\!AIVDM,1,1,,A,13aNkn003kPE?ePN?UU7A5jp0d1<,0*38
\s:66,c:1782377493*48\!AIVDM,1,1,,B,19t6Vo@00IOeqEnDHNL6Chlv00S3,0*46
\s:66,c:1782377490*4B\!AIVDM,1,1,,B,B7fu?=P01S83Lerf`cBc7wfUh000,0*7C
\s:66,c:1782377492*49\!AIVDM,1,1,,,13Ip`a001RWTAkCwpm:V7Tlv8000,0*23
\s:66,c:1782377495*4E\!AIVDM,1,1,,B,H39I@b4TCBD8bV>4=D30001@9320,0*2C
\s:66,c:1782377496*4D\!AIVDM,1,1,,B,169=02P01?8jfSRA0P39i`;8053<,0*54
\s:66,c:1782377497*4C\!AIVDM,1,1,,B,1815bw001LWIprH0`tWlbCo40D<P,0*69
\s:66,c:1782377497*4C\!AIVDM,1,1,,A,15R4:08000JB=Gl5FP<Lv7O80<4i,0*6C
\s:66,c:1782377494*4F\!AIVDM,1,1,,B,169D8O0P028gKJ0AnD=E:?w0053<,0*7F
\s:66,c:1782377495*4E\!AIVDM,1,1,,A,36::hHPPAW8k5:LAIOM@1@=201i0,0*69
\s:66,c:1782377495*4E\!AIVDM,1,1,,A,34hPKi5000rA;J:>rFJsimU60000,0*12
\s:66,c:1782377496*4D\!AIVDM,1,1,,A,18SK1epP007amu>61Wl7JOw60L3A,0*72
\s:66,c:1782377496*4D\!AIVDM,1,1,,B,B3S;N=P000BkNVV>ABkQ3wiQjE@b,0*3E
\s:66,c:1782377493*48\!AIVDM,1,1,,A,13mnj;7000R82`n`J`GVqa>008Cf,0*4F
\s:66,c:1782377492*49\!AIVDM,1,1,,A,13KLoLP0001Qrb4RjH0d:VV00000,0*0A
\s:66,c:1782377496*4D\!AIVDM,1,1,,,14`V0PP02l2`FT3k4qmWu6M2053<,0*5B
\s:66,c:1782377493*48\!AIVDM,1,1,,B,402:nwQvad`kPOm<f4K:bKw00HCe,0*44
\s:66,c:1782377494*4F\!AIVDM,1,1,8,,B5O3TOP00>TPEU4d4m3Q3wi5oP06,0*7F
\s:66,c:1782377491*4A\!AIVDM,1,1,,A,33aGv6hP000DTnbMdbRan?w022iA,0*12
\s:66,c:1782377495*4E\!AIVDM,1,1,,A,19NSpo@1k?2A5wAenqG9UGc20HDf,0*64
\s:66,c:1782377496*4D\!AIVDM,1,1,,B,18I2q700007JsDj0eGEUB8?:00S`,0*7F
\s:66,c:1782377495*4E\!AIVDM,1,1,,A,13m854P02J0KeWPQeB859D34053<,0*7A
\s:66,c:1782377496*4D\!AIVDM,1,1,,A,33u?er000n0mwb<PwANiwiOp0000,0*31
\s:66,c:1782377496*4D\!AIVDM,1,1,,A,33HjHo?P0b0DRlTHlWlMhOw825ak,0*37
\s:66,c:1782377496*4D\!AIVDM,1,1,,B,16SfmhgP0I9=j=pD1;bIsOw820S4,0*0C
\s:66,c:1782377496*4D\!AIVDM,1,1,,A,168sPN3P00`L@Th=v>7v4?w620SI,0*21
\s:66,c:1782377496*4D\!AIVDM,1,1,,B,19lPGH0P01Q2Jj3jp4H@0?w428DS,0*78
\s:66,c:1782377498*43\!AIVDM,1,1,,A,33Tol:0u@01K9=hFc:I:e8Up0000,0*7C
\s:66,c:1782377492*49\!AIVDM,1,1,,A,35O95nPP@0FBJnTPk;e3SUup0000,0*5C
\g:1-2-5198637,s:66,c:1782377495*0B\!AIVDM,2,1,7,A,5:kJVrl2CEVT<89:22098Tv2222222222222221@B`S8H5d10JPk;E0C,0*38
\g:2-2-5198637*6A\!AIVDM,2,2,7,A,0hB5@CSp8888880,2*2C
\s:66,c:1782377492*49\!AIVDM,1,1,,B,162?@;POiR2>6B;eQw42>1pn053<,0*6D
\s:66,c:1782377492*49\!AIVDM,1,1,,A,18LWW00uBH2q?vafHg?BS22v053<,0*6C
\s:66,c:1782377493*48\!AIVDM,1,1,,B,19NS<C000?Oepnt2mTTk:Fpt0<1E,0*34
\s:66,c:1782377492*49\!AIVDM,1,1,,,13e==b002dHnaGt0kU3akopv0000,0*1E
\s:66,c:1782377493*48\!AIVDM,1,1,,,B819BDP02>cmVnUocOCQ3weUoP06,0*00
\s:66,c:1782377495*4E\!AIVDM,1,1,,A,33aJIGmP00PFSl:MvEuJGgw82E6b,0*20
\s:66,c:1782377490*4B\!AIVDM,1,1,,A,13@pPuh000Pfj<FP8G6sbQ<n0000,0*44
\s:66,c:1782377493*48\!AIVDM,1,1,,B,15?Ggd001c`d<nn>ue?0AhNd0HCD,0*6D
\s:66,c:1782377498*43\!AIVDM,1,1,,B,13ku:fP01l04KnDNh4L;n9K6P<53,0*18
\s:66,c:1782377489*43\!AIVDM,1,1,,B,H3`lUE4UCBD95q8@2qnpn00h7410,0*3A
\s:66,c:1782377492*49\!AIVDM,1,1,,A,139e7L0P1cPNf6pMKn1@;gvvR8Bm,0*0F
\s:66,c:1782377492*49\!AIVDM,1,1,,B,B42NwA@01hQ?B?5oio1laM?P2h06,0*3D
\s:66,c:1782377498*43\!AIVDM,1,1,,,13e==b002eHnaC`0kTp9mGq40000,0*78
\s:66,c:1782377496*4D\!AIVDM,1,1,,B,18SJT9UwP07b?jL5tQpaV2340000,0*34
\s:66,c:1782377498*43\!AIVDM,1,1,,A,ENk`stka73h3@6:@@@@@@@@@@@@=`gIg5Abd000003vP000,2*49
\s:66,c:1782377498*43\!AIVDM,1,1,,A,H53m2F0Tl4LTpD0000000000000,2*53
\s:66,c:1782377498*43\!AIVDM,1,1,,B,H53m2F4TCBD6n2u00000001P8320,0*10
\s:66,c:1782377490*4B\!AIVDM,1,1,,A,14pWHipP01s1A8L:SFIf4?vt253<,0*72
\s:66,c:1782377489*43\!AIVDM,1,1,,B,13AHE60vjkP6kPtNrfv9WWVr00Rj,0*3A
\s:66,c:1782377495*4E\!AIVDM,1,1,,A,13AHE60vjkP6kBNNrfOaW7W6053<,0*67
\s:66,c:1782377493*48\!AIVDM,1,1,,B,15?da4001K8jCBJ@w3D7gn2t053<,0*7E
\s:66,c:1782377494*4F\!AIVDM,1,1,,B,16:?4Q0P1A`PlwTFKdBH@Ovp053<,0*4D
\s:66,c:1782377496*4D\!AIVDM,1,1,,B,19Hl>KP01s1pNHJFt9L8rW580d0w,0*17
\s:66,c:1782377494*4F\!AIVDM,1,1,,A,B52Pj<@00=oSKn4psU25icN00000,0*10
\g:1-2-5198638,s:66,c:1782377495*04\!AIVDM,2,1,8,A,59NSqlH2<T6cDiM?T00m<>184<PDj0H00000001?B0?F45dd0G2E5Pi@,0*4D
\g:2-2-5198638*65\!AIVDM,2,2,8,A,000000000000000,2*2C
\s:66,c:1782377496*4D\!AIVDM,1,1,,B,E>l5BQf70W@4:ThKL@;a2QUP000D7<v86L:r000003v010,4*68
\s:66,c:1782377497*4C\!AIVDM,1,1,,A,19NSlkP02EQjn>JCa=gUKDC80HF3,0*56
\s:66,c:1782377495*4E\!AIVDM,1,1,,B,13FTRl000;wGLW2EdW:Fv5E628DN,0*23
\s:66,c:1782377493*48\!AIVDM,1,1,,,18I6Um5000vqLNv@6p`4vns20000,0*54
\s:66,c:1782377493*48\!AIVDM,1,1,,A,169LCR0000`fHUhA1hR>43M00<:V,0*58
\s:66,c:1782377497*4C\!AIVDM,1,1,,A,H6:VsSiUDE<P4tMD4pQDv3;KW60,2*3B
\s:66,c:1782377497*4C\!AIVDM,1,1,,A,H6:VsSm66DejjhjPPPPPPP60484H,0*7C
\s:66,c:1782377497*4C\!AIVDM,1,1,,B,18I0020OhF7J2tj0eTQB@3=:0D?6,0*4C
\s:66,c:1782377491*4A\!AIVDM,1,1,,B,B5Nw:g000>`IjqURSWCQ3wgQnDn:,0*17
\s:66,c:1782377494*4F\!AIVDM,1,1,,A,B3IFjqP0?@6:eG6;;@nmwwi5oP06,0*62
\s:66,c:1782377493*48\!AIVDM,1,1,,B,177kkD001@Wq@q>8>Af7Q65200Rj,0*46
\s:66,c:1782377496*4D\!AIVDM,1,1,,B,16:5rsP01I8hlIRAbFajij;80D7J,0*74
\s:66,c:1782377495*4E\!AIVDM,1,1,,A,H6:6:DQUD4r19Dr0HDpN0@T4r3L,2*0F
\s:66,c:1782377494*4F\!AIVDM,1,1,,A,1815O6P01rP<UcDMhH6`b6td0D7i,0*3A
\s:66,c:1782377496*4D\!AIVDM,1,1,,A,33TAO25P00QdW<NEc3Fv4?w82DTb,0*1A
\s:66,c:1782377497*4C\!AIVDM,1,1,,A,16TjJp001ia=n;NCr7?BHQu:0<94,0*16
\s:66,c:1782377492*49\!AIVDM,1,1,,A,13maN>0000PkdA8U4RMhhCO20<13,0*30
\s:66,c:1782377492*49\!AIVDM,1,1,,A,14RQol002`P=oO@MJAqRp2Fr081d,0*32
\s:66,c:1782377494*4F\!AIVDM,1,1,,A,18I=>L001:7Kfm@0f2Calog60D>0,0*7B
\s:66,c:1782377494*4F\!AIVDM,1,1,,,13K6i25000L@eeb2if;Pt8tl0000,0*2A
\s:66,c:1782377495*4E\!AIVDM,1,1,,A,38Hwfi10000:1R@G`aFrHnO40DO:,0*1B
\s:66,c:1782377494*4F\!AIVDM,1,1,,B,36:7`K0l058PWe:EkKF5<B;001l0,0*01
\g:1-2-5198639,s:66,c:1782377496*06\!AIVDM,2,1,9,A,53ku;<42>Ja<=45;J20m<>1H4h@UHT60TV22221?D0BH45dh0FQ6PC1p,0*1A
\g:2-2-5198639*64\!AIVDM,2,2,9,A,888888888888880,2*2D
\g:1-2-5198640,s:66,c:1782377496*08\!AIVDM,2,1,0,A,569a;D`000008eQ7D00<P4pN0PtpN1ADv3<0000O1@H371a@N910BDj0,0*57
\g:2-2-5198640*6A\!AIVDM,2,2,0,A,C`6R3kQjR@00000,2*12
\s:66,c:1782377493*48\!AIVDM,1,1,,,13GnhR3000PMDf8NpJfeeldT053<,0*36
\g:1-2-5198641,s:66,c:1782377496*09\!AIVDM,2,1,1,A,54cM6V82<qGoQ3;GSJ1PV1PUF22222222222221@S0lLN5`F0N1Cl388,0*78
\g:2-2-5198641*6B\!AIVDM,2,2,1,A,888888888888880,2*25
\s:66,c:1782377497*4C\!AIVDM,1,1,,B,18I7t:0uijM6LKSkEbc8U6q000RQ,0*43
\s:66,c:1782377496*4D\!AIVDM,1,1,,A,E>l4E:h60Wb4W3S2W3R4PW77sIPD?kFC;9O`P:09@8i000,4*01
\s:66,c:1782377495*4E\!AIVDM,1,1,,B,14eHNpPP00o<EnjL=>paMgw82<5`,0*41
\s:66,c:1782377490*4B\!AIVDM,1,1,,A,16:968P01J8ecK@AHusQRQRr053<,0*75
\s:66,c:1782377490*4B\!AIVDM,1,1,,B,13m@3K0P17QpMt>`dlm9ROvr20S;,0*7D
\s:66,c:1782377496*4D\!AIVDM,1,1,,A,13V@Pf0001Qd5oDEf5aPp:q828ET,0*11
\s:66,c:1782377497*4C\!AIVDM,1,1,,A,39NS`eP03=7jw`T5IW8iJ158008S,0*23
\s:66,c:1782377494*4F\!AIVDM,1,1,,B,18J@Vt0OiE7K3jh0eTF<QIu60LBM,0*49
\s:66,c:1782377491*4A\!AIVDM,1,1,,B,190vA@0P?w<tSF0l4Q@>4?wv0d12,0*05
\s:66,c:1782377496*4D\!AIVDM,1,1,,B,13iAqoPOh=Qcvo:EdSuF9Au6053<,0*3A
\s:66,c:1782377494*4F\!AIVDM,1,1,,B,1815W:0025OTaSTDRb8k4BK2053<,0*1D
\s:66,c:1782377496*4D\!AIVDM,1,1,,B,B6:6j800?j;faB4H`RU<<tiWQP06,0*72
\s:66,c:1782377495*4E\!AIVDM,1,1,,B,402E3U1vad`kS0?h6DMNktw028De,0*4F
\s:66,c:1782377495*4E\!AIVDM,1,1,,A,13ku;6@1iG7L92V0f6Fb6p360<CA,0*47
\s:66,c:1782377496*4D\!AIVDM,1,1,,A,15D`JT0OjJ``mNJDSSoEeTpp0L4p,0*49
\s:66,c:1782377492*49\!AIVDM,1,1,,A,33m<Qu00000kd5NU3D;Qa1Ep0000,0*3A
\s:66,c:1782377496*4D\!AIVDM,1,1,,A,18KjDn0002WLDpD0hn4Wv4c22@Bp,0*4B
\s:66,c:1782377495*4E\!AIVDM,1,1,,B,13mHJP7P00Q4wCLWKRuGWgw200Ri,0*50
\s:66,c:1782377497*4C\!AIVDM,1,1,,A,15B4JN001eODfsFDwswEEDC:0D07,0*25
\s:66,c:1782377497*4C\!AIVDM,1,1,,A,4h3wouiuJl`kN5PG7p4jhK700d0H,0*68
\s:66,c:1782377496*4D\!AIVDM,1,1,,B,B3ewon001P@WLmU8TrDL1qj5kP06,0*71
\s:66,c:1782377496*4D\!AIVDM,1,1,,A,4028nAQuJl`kTwGE@VHG3=A020S:,0*22
\g:1-2-5198642,s:66,c:1782377305*07\!AIVDM,2,1,2,A,562?@Lp2?S31?88OR20dP4@DD`4R0`4P4r0TV216ApfB>5cd0?jRCQm0,0*4B
\g:2-2-5198642*68\!AIVDM,2,2,2,A,CQp888888888880,2*7C
\s:66,c:1782377494*4F\!AIVDM,1,1,,B,15?dbBh01>7DiSt14uU;C9700<2:,0*57
\s:66,c:1782377495*4E\!AIVDM,1,1,,A,14Rsh4001vq?hnt@5QC735U6053<,0*1A
\s:66,c:1782377495*4E\!AIVDM,1,1,,A,19NSFC002bON<WsvMl>dbr900HD=,0*6A
\s:66,c:1782377492*49\!AIVDM,1,1,,B,17m3v`@P2T7L;`:0jVQd??vr0L84,0*4A
\s:66,c:1782377492*49\!AIVDM,1,1,,A,33Kri:5000PoNVdNwBoVpm520Dob,0*2B
\s:66,c:1782377490*4B\!AIVDM,1,1,,A,13KPi@001M1SaF>RMr;s7Hn00000,0*15
\g:1-2-5198643,s:66,c:1782377497*0A\!AIVDM,2,1,3,B,59NSTPD2<lB0Di`?J20m<>0pTh60TV2222222200DpE7G5d?0DPj@@R`,0*6A
\g:2-2-5198643*69\!AIVDM,2,2,3,B,888888888888880,2*24
\s:66,c:1782377491*4A\!AIVDM,1,1,,A,B52hiF@00>`FvKUWWqJveCgQjDkJ,0*46
\s:66,c:1782377495*4E\!AIVDM,1,1,,B,402E:s1vad`kS0E286N0gbo000S:,0*01
\s:66,c:1782377495*4E\!AIVDM,1,1,,B,13MD:eP1P0Or5=4M2e;pfEw208DU,0*5F
\s:66,c:1782377490*4B\!AIVDM,1,1,,B,13L?VSP0001sE<VRVNT7HVrv053<,0*65
\s:66,c:1782377496*4D\!AIVDM,1,1,,B,13aGEMDP0=PBWshMfm1b??w828EV,0*0D
\s:66,c:1782377496*4D\!AIVDM,1,1,,B,16:KmPP02E8gMWtAI9SHwG;20?`;,0*0F
\s:66,c:1782377492*49\!AIVDM,1,1,,A,13cdkdPP0KPr6hLE?bwM=Ovv2000,0*35
\s:66,c:1782377495*4E\!AIVDM,1,1,,B,15NbqFd000q<imDA2s8`l0940L8B,0*6C
\s:66,c:1782377496*4D\!AIVDM,1,1,,B,16:<iT001>8fe?2A1CbGjn:v0HDL,0*0E
\s:66,c:1782377490*4B\!AIVDM,1,1,,A,B7WK;T@0C@3we0V;0`lDwwfQj49i,0*6E
\s:66,c:1782377496*4D\!AIVDM,1,1,,B,38I9I85w@005qjr3PmK4Vma40Dg:,0*47
\s:66,c:1782377497*4C\!AIVDM,1,1,,A,4h2UMw1uJl`kTQwvQLGLA9WP0PS:,0*2A
\s:66,c:1782377497*4C\!AIVDM,1,1,,A,1815POh1BQ70bkN2w7W5647<053<,0*2D
\s:66,c:1782377497*4C\!AIVDM,1,1,,A,142Okj`000263sDGH61eWp160HEQ,0*2E
\s:66,c:1782377496*4D\!AIVDM,1,1,,B,H52h0HDUCBD:TV@00000000h4020,0*38
\s:66,c:1782377497*4C\!AIVDM,1,1,,B,13caBF0P4@11G74GFkl6wgw40000,0*12
\s:66,c:1782377492*49\!AIVDM,1,1,,A,B6bCIu006Hp2gPT9OWQoGwh20000,0*65
\s:66,c:1782377497*4C\!AIVDM,1,1,,B,B8u=;hP008E53PK9STwQ3wj1nE:b,0*00
\s:66,c:1782377495*4E\!AIVDM,1,1,,B,13`oU5wP00PJ2:`NKiE9Jww628DT,0*6B
\s:66,c:1782377496*4D\!AIVDM,1,1,,B,29@>ik50007`WUT61sD:o:q40@Co,0*10
\s:66,c:1782377497*4C\!AIVDM,1,1,,B,362?@610006T<Dh<c8Wb5;?:0000,0*71
\s:66,c:1782377495*4E\!AIVDM,1,1,,A,13mj160000PJ@M`Qg`u<LG3600R;,0*2B
\s:66,c:1782377495*4E\!AIVDM,1,1,,,14h@NB5P0107rT0GU>CuLOw60000,0*6B
\s:66,c:1782377496*4D\!AIVDM,1,1,,B,133ucv0000PC`3PMFQbQk9=:053<,0*52
\s:66,c:1782377496*4D\!AIVDM,1,1,,A,18ImLb0v2M`QJUR<@:aPgPW600SJ,0*58
\s:66,c:1782377496*4D\!AIVDM,1,1,,B,B7ldSp000IrIA8w8WCrH7wj7GP06,0*2D
\s:66,c:1782377496*4D\!AIVDM,1,1,,A,19NSW?hw3B3F;EOi=<=qN7S608EN,0*4A
\s:66,c:1782377488*42\!AIVDM,1,1,,A,36:VgO5P0c`dEN8AsikSNwwp0000,0*3B
\s:66,c:1782377494*4F\!AIVDM,1,1,,A,33a`pH001QOjkl@DeqLkDRcp0000,0*6F
\s:66,c:1782377496*4D\!AIVDM,1,1,,A,13n4qd0029wcDf4DamAC<Rdn0HE?,0*4E
\s:66,c:1782377494*4F\!AIVDM,1,1,,B,15?dOSw0003N7kL@@Qt8<Adv053<,0*34
\s:66,c:1782377495*4E\!AIVDM,1,1,,A,144cncQP0S9K`>lHaKLUqaK20@D:,0*47
\s:66,c:1782377495*4E\!AIVDM,1,1,,A,19NSMc3005P:Us0M`T1G5Chl0pDr,0*6C
\s:66,c:1782377495*4E\!AIVDM,1,1,,B,1815FKP01b0rNnNOG4Rr4Gs80HE2,0*11
\s:66,c:1782377495*4E\!AIVDM,1,1,,A,B39H?g000;:wpMuMBAl01Dv00000,0*51
\s:66,c:1782377496*4D\!AIVDM,1,1,,B,3815GFU00073q6b2;0Q4UiLt0Dg:,0*1E
\s:66,c:1782377493*48\!AIVDM,1,1,,A,13@pJ:@01rOW=EFDTWt3uS?4053<,0*56
\s:66,c:1782377495*4E\!AIVDM,1,1,,B,13bjCV0026P=1LTMi<9bQpHl0PRH,0*46
\s:66,c:1782377496*4D\!AIVDM,1,1,,A,19NSvb0vAs`RVNhF9@fStS960<a1,0*6F
\s:66,c:1782377495*4E\!AIVDM,1,1,,B,E>mWA7bb;I@@@@@@@@@@@@@@@@@ClRL85tw2`1088;v0000,2*03
\s:66,c:1782377494*4F\!AIVDM,1,1,,B,3566nH0s063Q>vJ@<8BUD:q200si,0*54
\s:66,c:1782377495*4E\!AIVDM,1,1,,,16K2g@U0009jU6ND3n@K8@S20000,0*2E
\s:66,c:1782377491*4A\!AIVDM,1,1,,A,39t6S71005`W6L6DU`:C27jt2Dr:,0*58
\s:66,c:1782377490*4B\!AIVDM,1,1,,A,13d1?S001iPcgvtGJWRCIBdt0D1S,0*55
\s:66,c:1782377491*4A\!AIVDM,1,1,,B,13KPEw000J1U:RLRMME8Anf00000,0*62
\s:66,c:1782377494*4F\!AIVDM,1,1,,B,177lmE0022Q1aNDDoVKs?90r00Rt,0*7C
\s:66,c:1782377492*49\!AIVDM,1,1,,B,16QeJ@m02I2Ot>b@mn@QeQK00<0o,0*21
\s:66,c:1782377496*4D\!AIVDM,1,1,,A,40632FP000Htt2mM3eucuo700h0:,0*66
\s:66,c:1782377496*4D\!AIVDM,1,1,,B,1815b`000088@mV<wC2P04c40HE8,0*6D
\s:66,c:1782377495*4E\!AIVDM,1,1,,B,15NIbA3000o?n;<Edg79oh?620SW,0*7F
\s:66,c:1782377491*4A\!AIVDM,1,1,,B,16:7fSP01J8jhIHCJ97725Nt0D7>,0*4A
\s:66,c:1782377493*48\!AIVDM,1,1,,A,177FrO001o7PlUR1G4QhgPdn0<1S,0*16
\s:66,c:1782377492*49\!AIVDM,1,1,,A,339wo30P0:0tDObOLrabbk100161,0*0F
\s:66,c:1782377495*4E\!AIVDM,1,1,,B,16::;<P0008PG2nFFl0FMBC4253<,0*5C
\s:66,c:1782377496*4D\!AIVDM,1,1,,B,13I`R3P0390FVatHmCq:WpO60000,0*43
\g:1-2-5198644,s:66,c:1782377496*0C\!AIVDM,2,1,4,A,58I4K:42>bPgUKOO7F1@4hDqB1=@5:222222221@?hE@85d=0E4ip45h,0*4D
\g:2-2-5198644*6E\!AIVDM,2,2,4,A,QhH888888888880,2*69
\s:66,c:1782377494*4F\!AIVDM,1,1,,B,13?t?4PP@@PW9LnN`4HLeodv053<,0*77
\s:66,c:1782377495*4E\!AIVDM,1,1,,B,13HAJd@P00P8O<LM:Eq>4?w420SE,0*66
\s:66,c:1782377495*4E\!AIVDM,1,1,,A,16::I@P0218W21dBCpqR9ig4053<,0*18
\s:66,c:1782377490*4B\!AIVDM,1,1,,A,13HotJ?P0?wW;9hKFs0MmOvv00SV,0*33
\s:66,c:1782377492*49\!AIVDM,1,1,,A,13W;VG?000wGtP<H:Qq`V9ht00Rk,0*06
\s:66,c:1782377492*49\!AIVDM,1,1,,A,B5O=Js000fqMSp1QjbCQ3wh5oP06,0*09
\s:66,c:1782377492*49\!AIVDM,1,1,,B,13IouB0007P1;LnLS46Uc7hv0<2A,0*34
\s:66,c:1782377497*4C\!AIVDM,1,1,,A,15@S>Q002O7pLOakKqteCre80<03,0*25
\s:66,c:1782377490*4B\!AIVDM,1,1,,,17ldaeh00e8LQ020;SKo:m`v0000,0*7A
\s:66,c:1782377498*43\!AIVDM,1,1,,B,17ljmr@006aQM9cvWH46>S?82@Dr,0*2E
\s:66,c:1782377495*4E\!AIVDM,1,1,,B,H5OEH6TTCBD:2a1G4@qmno0p;560,0*57
\g:1-2-5198645,s:66,c:1782377494*0F\!AIVDM,2,1,5,A,55?;f:82EES@SU12220EHE:08hU=>2222222221:D8kI85dB0KPkTj2w,0*57
\g:2-2-5198645*6F\!AIVDM,2,2,5,A,RA2Rm8888888880,2*07
\s:66,c:1782377491*4A\!AIVDM,1,1,,A,13:teF0vBi7>UC>1W=usGq:r0D28,0*58
\s:66,c:1782377495*4E\!AIVDM,1,1,,B,1815ce012C`lavlA6vH7BUe4053<,0*1B
\s:66,c:1782377495*4E\!AIVDM,1,1,,,B5OCATP00NRlfT4ECL793wiUl000,0*4F
\s:66,c:1782377482*48\!AIVDM,1,1,,B,H5OCATPdEU<8uDp@00000000000,2*52
\s:66,c:1782377493*48\!AIVDM,1,1,,B,H5OCATTTC=D6;i3G4@mojl104440,0*1E
\s:66,c:1782377491*4A\!AIVDM,1,1,,A,D02IPCQMdffp,0*32
\s:66,c:1782377495*4E\!AIVDM,1,1,,B,3592uf1000I2lL2;wnUI?Dc80E0:,0*32
\s:66,c:1782377495*4E\!AIVDM,1,1,,A,3815bV10P0JVgqnFiO8m5j?40Dg:,0*50
\s:66,c:1782377496*4D\!AIVDM,1,1,,A,13JeKt00247aRPh5w>LV6Te60<6i,0*0A
\s:66,c:1782377494*4F\!AIVDM,1,1,,A,35N5pVd01=JRiohE;3=qH7Qp0000,0*0C
\s:66,c:1782377494*4F\!AIVDM,1,1,,A,B3aLlv@0;H06tBW6o55w3wi1n56A,0*1A
\s:66,c:1782377489*43\!AIVDM,1,1,,B,16K2qkh0009igo8D1gLe81fn0H@o,0*14
\s:66,c:1782377495*4E\!AIVDM,1,1,,A,19GoeaP001NqI<p@6e?0e5W60@DF,0*06
\s:66,c:1782377492*49\!AIVDM,1,1,,A,102;2L?P00P8MCVM:N2Guww020Ro,0*39
\s:66,c:1782377492*49\!AIVDM,1,1,,A,13`e7iPP0jPHlJBMcFshp?w0253<,0*2A
\s:66,c:1782377492*49\!AIVDM,1,1,,A,B3KQWFh000Lij78W9P802?v00000,0*39
\s:66,c:1782377496*4D\!AIVDM,1,1,,A,16SfKD002?011Nf36HSd1Ia60000,0*5B
\s:66,c:1782377496*4D\!AIVDM,1,1,,B,13`m1i0P0?PWq`TNIHE@vOw62@E:,0*60
\s:66,c:1782377491*4A\!AIVDM,1,1,,B,B5N:rDP002E8D;TkS33Q3wg1h000,0*07
\s:66,c:1782377493*48\!AIVDM,1,1,,A,13KLi7P0001`p58R>@t004d00000,0*09
\s:66,c:1782377495*4E\!AIVDM,1,1,,B,13?sBT001j0>fIpMisUJOpI20L?n,0*56
\s:66,c:1782377491*4A\!AIVDM,1,1,,A,15@`5AP01w7oP?l7gvBupJvb053<,0*3E
\s:66,c:1782377492*49\!AIVDM,1,1,,A,13aOr:3P00PG5f8NB7g>4?w0253<,0*7B
\s:66,c:1782377496*4D\!AIVDM,1,1,,B,133qRF8000P@wB0MLAUM5oO808Dc,0*36
\s:66,c:1782377497*4C\!AIVDM,1,1,,B,13JrOp0wiq0PJU0EpdrJpHa40<5;,0*36
\s:66,c:1782377496*4D\!AIVDM,1,1,,B,36::DkP01p89Hk0<lV0Fg5I601OC,0*6C
\s:66,c:1782377490*4B\!AIVDM,1,1,,B,D04k1NiFh@01Fh@01Fh@000,2*44
\s:66,c:1782377493*48\!AIVDM,1,1,,B,404k1NiuJl`kPblHw?jFt:70053<,0*01
\s:66,c:1782377494*4F\!AIVDM,1,1,,B,13EWqQW00QPA04rHGb9kdBu428D3,0*51
\s:66,c:1782377496*4D\!AIVDM,1,1,,A,35?diE@0B=6B0Ap3A:vbM`K401sk,0*3A
\s:66,c:1782377496*4D\!AIVDM,1,1,,B,13=A`V00002k>v><B?IpmQ=60U3<,0*67
\s:66,c:1782377496*4D\!AIVDM,1,1,,B,13GQ>C@P06P:016Gbrs6R?w820SU,0*33
\s:66,c:1782377494*4F\!AIVDM,1,1,,B,13MB8K@01Q0vinjE6iIs9`u2053<,0*54
\s:66,c:1782377494*4F\!AIVDM,1,1,,A,338irR001W0p@wjO@oRa>7Cp0000,0*45
\s:66,c:1782377491*4A\!AIVDM,1,1,,A,38:o>O?01=``=M28EGQI078t22tQ,0*04
\s:66,c:1782377496*4D\!AIVDM,1,1,,A,160QvDSP?w<tSF0l4Q@>4?w80d6l,0*69
\s:66,c:1782377496*4D\!AIVDM,1,1,,B,16:GkK00008faInA6dq4ha940M@N,0*46
\s:66,c:1782377496*4D\!AIVDM,1,1,,A,13AsO670000h6?>PqKULCQq:0<2i,0*7A
\s:66,c:1782377494*4F\!AIVDM,1,1,,B,13Efkw301eP3R@hF1Jmb4`72253<,0*3D
\s:66,c:1782377489*43\!AIVDM,1,1,,A,13aEOahP00PDVWNMeF7f4?vrR<7w,0*53
\s:66,c:1782377494*4F\!AIVDM,1,1,,A,1815<V001b7PueP1Md18F6W20l0s,0*2E
\s:66,c:1782377495*4E\!AIVDM,1,1,,B,13Ea=lPP31Oh4phDtouVE?w6053<,0*16
\s:66,c:1782377495*4E\!AIVDM,1,1,,,B3m<g?00086uvo`t@ukQ3wiQl000,0*76
\s:66,c:1782377497*4C\!AIVDM,1,1,,B,16THDrw01ja=c;LCw?HV7lo20`EN,0*14
\s:66,c:1782377493*48\!AIVDM,1,1,,A,33o0G2P01@0i60fRAUK8L6ip0000,0*72
\s:66,c:1782377491*4A\!AIVDM,1,1,,A,13o2=DPP00PvJE2VuH`1a?vr00SH,0*60
\s:66,c:1782377496*4D\!AIVDM,1,1,,A,15N:T3P000r6We2?v630r4?:053<,0*20
\s:66,c:1782377491*4A\!AIVDM,1,1,,A,B52l@qh00=kw`v6l5JPAcwgUoP06,0*4A
\s:66,c:1782377496*4D\!AIVDM,1,1,,B,18u<4gU01cR=wuefr9cBoBE408E6,0*22
\s:66,c:1782377490*4B\!AIVDM,1,1,,A,13LBbOSrht1U2`DRKL1>2;:00000,0*11
\s:66,c:1782377495*4E\!AIVDM,1,1,,A,142ORCR00E2OlId@mOpC3RI600T=,0*42
\s:66,c:1782377496*4D\!AIVDM,1,1,,A,13cV=UbP0PPdl=HI8I0<Mww6253<,0*41
\s:66,c:1782377496*4D\!AIVDM,1,1,,B,169EFF8P008gPotA9N6v4?vj2l3w,0*59
\s:66,c:1782377498*43\!AIVDM,1,1,,A,B3`t8kP0@85rhpWWj3M`Wwj1l8EH,0*01
\s:66,c:1782377495*4E\!AIVDM,1,1,,B,13`jg3hP1bPCInTMJT0MhOw4R0Sc,0*6A
\s:66,c:1782377494*4F\!AIVDM,1,1,,A,B8HswN000AngGpP;n=7Q3wi5kP06,0*6A
\s:66,c:1782377494*4F\!AIVDM,1,1,,B,13l3nT01P9wFL82Eu55hGRw200Si,0*6F
\g:1-2-5198646,s:66,c:1782377494*0C\!AIVDM,2,1,6,A,<03t>W9RSjPH31ED9?>QPI?EP81F5P5>D5B54PG19C8E194?>7P3?<<9,0*7F
\g:2-2-5198646*6C\!AIVDM,2,2,6,A,C9?>P8978eB9C;P1B51f389>1P=C10,4*04
\s:66,c:1782377491*4A\!AIVDM,1,1,,A,14b:Q@0P00`oh7L638Ch0?vr0000,0*0B
\s:66,c:1782377491*4A\!AIVDM,1,1,,A,15NI:08P00o?tE<K?PN@Pwvt2D1p,0*22
\s:66,c:1782377490*4B\!AIVDM,1,1,,B,16:CJ=PP008fJIhAhCs9AOvr08A@,0*3A
\s:66,c:1782377495*4E\!AIVDM,1,1,,B,169FMqP01K8i=i0AEMo6gUE400RU,0*1A
\s:66,c:1782377491*4A\!AIVDM,1,1,,A,16;>4D001O`NH1HF>w<FbmPt0@B6,0*6F
\s:66,c:1782377490*4B\!AIVDM,1,1,,B,C69Ec`P0AB;Pc?3lIVaHswv0JBLHB2LjceaQij000000?1T51R0P,0*53
\s:66,c:1782377495*4E\!AIVDM,1,1,,A,15@I3H002188er4<o9NMns740@DG,0*74
\s:66,c:1782377491*4A\!AIVDM,1,1,,A,139K`fSP@2PgB>0O:FtsW1C0053<,0*71
\s:66,c:1782377495*4E\!AIVDM,1,1,,B,19NSjT0rAQJT7?hE9FLFfEC800Rr,0*6A
\s:66,c:1782377495*4E\!AIVDM,1,1,,A,13`ot0hP00PDT`DMdaw>4?w428Da,0*55
\s:66,c:1782377495*4E\!AIVDM,1,1,,A,B8HtAG001AnsUO0;lRGO;wiUkP06,0*61
\g:1-2-5198647,s:66,c:1782377497*0E\!AIVDM,2,1,7,B,59N`2<82<iKDCETcD004hE=<T40000000000001?LQ8O9=In`E@kVSlh,0*28
\g:2-2-5198647*6D\!AIVDM,2,2,7,B,000000000000000,2*20
\s:66,c:1782377495*4E\!AIVDM,1,1,,B,29NSIOP01M8cbtb7bvDDe3i2053<,0*22
\g:1-2-5198648,s:66,c:1782377496*00\!AIVDM,2,1,8,A,56:?Vq0000000000001PT4pLP4pOGR0000000016:0<880@P00000000,0*5E
\g:2-2-5198648*62\!AIVDM,2,2,8,A,000000000000008,2*24
\s:66,c:1782377496*4D\!AIVDM,1,1,,A,16:8Li001T`j6G8DUJLnw5c60`E1,0*6A
\s:66,c:1782377497*4C\!AIVDM,1,1,,A,169Fq5U00089CM6<nprp@m;408Bo,0*61
\s:66,c:1782377495*4E\!AIVDM,1,1,,B,13M@ULW00FP1vLnLtr?=nh5200RJ,0*46
\s:66,c:1782377491*4A\!AIVDM,1,1,,A,15NMw>?P00GRVBHCCJJ03wvt0@BP,0*5A
\s:66,c:1782377494*4F\!AIVDM,1,1,,A,13aEQ9HP0OPFG`JNDf84n?vv253<,0*4D
\s:66,c:1782377498*43\!AIVDM,1,1,,B,33aDqv@P00PE33RN1B6TEgw622jC,0*45
\s:66,c:1782377498*43\!AIVDM,1,1,,A,B39Mg>00>h58N0WQg:o4Wwi1hHDR,0*11
\s:66,c:1782377498*43\!AIVDM,1,1,,B,137Hs>000J0E6fnN1Hs:66,0*17
\s:66,c:1782377494*4F\!AIVDM,1,1,,B,153UV400001dJJrEe4IQKFQ6053<,0*6E
\s:66,c:1782377491*4A\!AIVDM,1,1,,A,177Jf?00237@1421Q=c;TI@r0@BQ,0*0C
\s:66,c:1782377496*4D\!AIVDM,1,1,,B,15Wf2:;010s6Uj8:Bb3cCI360L0;,0*62
\s:66,c:1782377492*49\!AIVDM,1,1,,A,B3GQ:Hh00Omic7663qJJKwh5oP06,0*5E
\s:66,c:1782377492*49\!AIVDM,1,1,,B,406uUUAuJl`kN<tSF0l4Q@000PS:,0*18
\s:66,c:1782377491*4A\!AIVDM,1,1,,B,B39I2tP0<h69HbWUg?nhWwgUkP06,0*00
\s:66,c:1782377491*4A\!AIVDM,1,1,,B,15NcJG0000o@1?tK<qBL14;000Rm,0*6D
\s:66,c:1782377498*43\!AIVDM,1,1,,A,406uUUAuJl`kS<tSF0l4Q@000PS:,0*06
\s:66,c:1782377495*4E\!AIVDM,1,1,,B,13E`hQgP0wwcaMdDsncefOw62<10,0*2F
\s:66,c:1782377493*48\!AIVDM,1,1,,A,13n3uEWOhD1LqjT`Em31dhuj00Rg,0*23
\s:66,c:1782377491*4A\!AIVDM,1,1,,B,13:5uL0v2A0fnd2O9J>ik1Lv08BO,0*44
\s:66,c:1782377497*4C\!AIVDM,1,1,,B,169`PFQ000`gMD2ABwjhtOvh0000,0*63
\s:66,c:1782377492*49\!AIVDM,1,1,,B,B39Qk>00<@>309Wn>ihU?wh5kP06,0*6A
\s:66,c:1782377497*4C\!AIVDM,1,1,,B,19NSI;001K8TtmJF7e1Skk1600SE,0*60
\s:66,c:1782377497*4C\!AIVDM,1,1,,A,B3P:E;h0;h4=a57GoMqWWwjQj1J1,0*5A
\s:66,c:1782377495*4E\!AIVDM,1,1,,B,402FhU1vad`kS13o@hE?@>W00@Do,0*0F
\s:66,c:1782377490*4B\!AIVDM,1,1,,A,13Ej`IgP0Hwf?<bDuiK3n?vr2HAS,0*00
\g:1-2-5198649,s:66,c:1782377495*02\!AIVDM,2,1,9,B,58I59a82FNEoUKS?7N1=0TpDj222222222222216GPF>G5tW0DThCU3l,0*29
\g:2-2-5198649*63\!AIVDM,2,2,9,B,s0TPFRC88888880,2*06
\s:66,c:1782377495*4E\!AIVDM,1,1,,B,13m@oJP01V`lo1LA?B9cD`a40000,0*21
\s:66,c:1782377494*4F\!AIVDM,1,1,,B,B3GQ`qP007w8Vc5J@ja30mh03P06,0*29
\g:1-2-5198650,s:66,c:1782377496*09\!AIVDM,2,1,0,B,53FE2`42<wfdD99b2205@4<4l62222222222220W10B445aE0;ADhRCp,0*39
\g:2-2-5198650*6B\!AIVDM,2,2,0,B,888888888888880,2*27
\s:66,c:1782377496*4D\!AIVDM,1,1,,A,170SU:?0003miD8>@8GSq@k60L@U,0*3F
\s:66,c:1782377490*4B\!AIVDM,1,1,,B,13gPF>7P00NrIdbThoUv4?vr00SI,0*19
\s:66,c:1782377493*48\!AIVDM,1,1,,A,24`apO10017b5kD5nQ7@c`a00D4:,0*04
\s:66,c:1782377490*4B\!AIVDM,1,1,,B,13ceGc7P0I148O6D3NRqowvv00Rt,0*7B
\s:66,c:1782377493*48\!AIVDM,1,1,,A,18;3lg001?`Wg:08?>KaOGW00@C@,0*77
\s:66,c:1782377496*4D\!AIVDM,1,1,,B,E>l5BwN=42W:7bdPW0000000000D7OsR6HWW800003v010,4*37
\s:66,c:1782377497*4C\!AIVDM,1,1,,B,38I07kPP@GWJvRt0g@`he:u600i0,0*1B
\s:66,c:1782377492*49\!AIVDM,1,1,,B,13aGFvpP0bPGcu0NOvkVkwvv2<1q,0*6A
\s:66,c:1782377494*4F\!AIVDM,1,1,,A,1:1UAp004BPI`PTHLd>u4rRt08Ch,0*1B
\s:66,c:1782377493*48\!AIVDM,1,1,,A,1p;PUh0P0c`cSPP6wTNIewvr2000,0*54
\s:66,c:1782377492*49\!AIVDM,1,1,,A,26KIeT1002air<PCuf4`kT6p0L4D,0*75
\s:66,c:1782377496*4D\!AIVDM,1,1,,A,ENk:2g@QWPab@3bPa2@;Rab@Hh@MfWk=<gmn`00003vP10,4*26
\s:66,c:1782377495*4E\!AIVDM,1,1,,A,15?dQdA1?wLrT?qjs@r>49;p0@D3,0*04
\s:66,c:1782377491*4A\!AIVDM,1,1,,B,D0475Phf`Ffr<`F000,4*25
\s:66,c:1782377490*4B\!AIVDM,1,1,,B,13l3q10wAT0WU?BEwCJrN`Dt0HAR,0*19
\s:66,c:1782377493*48\!AIVDM,1,1,,B,13L0LL5Oi?0>V9pMHk4kJjs0053<,0*3E
\s:66,c:1782377494*4F\!AIVDM,1,1,,A,19NSnIS00c3Okt0@BwBlAk9600SQ,0*0B
\g:1-2-5198651,s:66,c:1782377491*0F\!AIVDM,2,1,1,A,5815:@H2BIp=KMEGH01<D5L5U>1<48TpD000001IM0bDL5f<0G1DhiE@,0*1E
\g:2-2-5198651*6A\!AIVDM,2,2,1,A,000000000000000,2*25
\s:66,c:1782377496*4D\!AIVDM,1,1,,A,13aSanh01EPCd18MH0BFN578R8E>,0*1F
\s:66,c:1782377492*49\!AIVDM,1,1,,A,14`wwf0P1GJK7tF>iS`a6Ovv0@Bk,0*12
\s:66,c:1782377496*4D\!AIVDM,1,1,,A,13@pjsh02oP;L;LGdd0IBoK400Ru,0*13
\s:66,c:1782377494*4F\!AIVDM,1,1,,B,B5O38BP00=kwV76l4Qp27whUoP06,0*7D
\s:66,c:1782377489*43\!AIVDM,1,1,,A,36:dGs1P00`ccEVB1qE:Ogwp0000,0*09
\s:66,c:1782377497*4C\!AIVDM,1,1,,A,18Sk`J001DWPNQD0v;1dfJ=80`E`,0*60
\s:66,c:1782377490*4B\!AIVDM,1,1,,B,403n9rivad`kMSSIh:?Wu3G008Ag,0*07
\s:66,c:1782377490*4B\!AIVDM,1,1,,B,D03n9riMeNfp,0*5E
\s:66,c:1782377490*4B\!AIVDM,1,1,,B,4028iqQvad`kNwGiNbH8H07008Av,0*11
\s:66,c:1782377491*4A\!AIVDM,1,1,,A,169Fr1gP00WeBR2:ae9f4?vt2<1I,0*24
\s:66,c:1782377495*4E\!AIVDM,1,1,,A,13o;IJ0P00PFW7RSHOD>4?w4253<,0*59
\s:66,c:1782377494*4F\!AIVDM,1,1,,B,13ku0>P01i8mHjpAGd=3NRk40D1`,0*02
\s:66,c:1782377490*4B\!AIVDM,1,1,,B,4028qhAvad`kMNqJeV@7hm?02000,0*7F
\s:66,c:1782377496*4D\!AIVDM,1,1,,B,18I99P000I2nTrmuPSu0UkU408Dj,0*11
\s:66,c:1782377493*48\!AIVDM,1,1,,A,16:=aiPP00`fDNPAgri>4?vv28Bq,0*43
\s:66,c:1782377495*4E\!AIVDM,1,1,,A,17Of;@P000:l49kjHdep66w60HDO,0*43
\s:66,c:1782377490*4B\!AIVDM,1,1,,B,D028iqQMdffp,0*4B
\s:66,c:1782377496*4D\!AIVDM,1,1,,A,139la:0000PWaA6NIVJ@08W820RH,0*1F
\s:66,c:1782377497*4C\!AIVDM,1,1,,B,19NSrJ03@C0<9j:MKo86HmQ60<@2,0*36
\s:66,c:1782377497*4C\!AIVDM,1,1,,A,19NSbwP21hqfUF0>m2tV8U4r053<,0*4B
\s:66,c:1782377494*4F\!AIVDM,1,1,,B,18I3ML80007K3Kf0dtvHACWL0hDA,0*67
\s:66,c:1782377489*43\!AIVDM,1,1,,A,1815QB@02F8BG?l;R61GrVNr00SF,0*76
\s:66,c:1782377494*4F\!AIVDM,1,1,,A,B52pOR000>RO>MTE<pwQ2lN00000,0*35
\s:66,c:1782377496*4D\!AIVDM,1,1,,B,16:DCw0P41`94E:<kAjqMww80PS9,0*6D
\s:66,c:1782377490*4B\!AIVDM,1,1,,B,369a4p50008ef;JA8a9Heq2r0000,0*4E
\s:66,c:1782377492*49\!AIVDM,1,1,,A,H3?sKUPd4i<58Td4DppU@000000,2*00
\s:66,c:1782377492*49\!AIVDM,1,1,,B,H3?sKUTU?>G100046jmol00h2110,0*26
\s:66,c:1782377496*4D\!AIVDM,1,1,,A,13aFe6@P00PJ8VtN?5UdAOw82@EJ,0*09
\s:66,c:1782377496*4D\!AIVDM,1,1,,A,1714r<@00LSkNHL>>2wlM3;8053<,0*4B
\s:66,c:1782377495*4E\!AIVDM,1,1,,A,39NSRt5P00PeNnvNWq2U6ww00Dg:,0*31
\s:66,c:1782377492*49\!AIVDM,1,1,,A,139waM0P1MPGo06N0OMj@?vv2<0>,0*4D
\s:66,c:1782377495*4E\!AIVDM,1,1,,B,13lbL`01BnPv1p<DwO;4UCe408D`,0*6B
\s:66,c:1782377496*4D\!AIVDM,1,1,,B,1815E0h01H0Dl=nER5sS:BW600RO,0*31
\s:66,c:1782377492*49\!AIVDM,1,1,,A,352k0ah000I<wSD@rG9P005p0000,0*3C
\s:66,c:1782377497*4C\!AIVDM,1,1,,A,369ULaUP018KKCj=vlRVG1S40000,0*45
\s:66,c:1782377493*48\!AIVDM,1,1,,B,33l3p1@shF0>BUvE2ftjCQ=00000,0*59
\s:66,c:1782377492*49\!AIVDM,1,1,,B,16KUKT002oWNfTJ1O7>=gK0p0<1Q,0*55
\s:66,c:1782377492*49\!AIVDM,1,1,,B,139n@SUP?w0NvMVML4pf4?vvP0Rk,0*4C
\s:66,c:1782377492*49\!AIVDM,1,1,,B,19NSfNdP003Q0aT@?5T>4?w0200W,0*42
\s:66,c:1782377498*43\!AIVDM,1,1,,A,14hDft8P1<08`>:FQ7Vq7Ow:0HEC,0*58
\s:66,c:1782377497*4C\!AIVDM,1,1,,B,18I:sT0tj4J=tll9w5S6J4w80<0<,0*4E
\s:66,c:1782377497*4C\!AIVDM,1,1,,A,155guRP023PW`s0EWRtS7BM:00S>,0*1A
\s:66,c:1782377492*49\!AIVDM,1,1,,B,B82wB6P001hTAMQ7T=u6WwgWh000,0*3B
\s:66,c:1782377493*48\!AIVDM,1,1,,B,18Ki2l8P003Ojhj@=t?CSgw208CT,0*37
\s:66,c:1782377495*4E\!AIVDM,1,1,,B,19TH1V8000Q2GwPDQwkqeCE80<1n,0*2D
\s:66,c:1782377496*4D\!AIVDM,1,1,,B,33l3oVPPA`PC9ndMJA?9d7U801m@,0*10
\s:66,c:1782377497*4C\!AIVDM,1,1,,A,36:Hw=00008fc0@AR>I<rFe401w@,0*5D
\s:66,c:1782377496*4D\!AIVDM,1,1,,A,16:65w001R`hQ`hAk1>bOpi42<29,0*7D
\s:66,c:1782377494*4F\!AIVDM,1,1,,B,160vnf0P00SQDBF@;7GSGww00U3<,0*0B
\s:66,c:1782377496*4D\!AIVDM,1,1,,B,1815Ki00147K?Pr0blVjSR7408E3,0*10
\s:66,c:1782377497*4C\!AIVDM,1,1,,A,14Vfbt002EGu8:p=SkeDuSu:0@Ej,0*20
\s:66,c:1782377497*4C\!AIVDM,1,1,,B,13aDrtSP00PCEPbMO8Ov4?w:2<35,0*2E
\s:66,c:1782377491*4A\!AIVDM,1,1,,B,B6Qwk0P001hSO4Q7SNen1N?00000,0*0D
\s:66,c:1782377496*4D\!AIVDM,1,1,,B,138Fp40viJPeOjfQ5wLJJHE60d1T,0*5B
\s:66,c:1782377497*4C\!AIVDM,1,1,,A,C>1tem000IrOHaRnmMvW3TN1ceg0T>;0;Ue0QaKkk:0000D2RRR0,0*00
\s:66,c:1782377492*49\!AIVDM,1,1,,A,B3`ddq@0<p481c7Hut37owgUoP06,0*4D
\s:66,c:1782377496*4D\!AIVDM,1,1,,A,33;0c@0P002G8mJCm4mv4?w80DtM,0*0C
\s:66,c:1782377497*4C\!AIVDM,1,1,,A,19NSntPw2CwCChNE<F61hQK:053<,0*54
\s:66,c:1782377496*4D\!AIVDM,1,1,,A,B3E`ttP0>P1scWUm<vgBGwiQh53<,0*07
\s:66,c:1782377497*4C\!AIVDM,1,1,,A,1kE`0Q0P0;P6RK2F;s5qs?w82000,0*55
\s:66,c:1782377498*43\!AIVDM,1,1,,B,16:4pLPOm589FtT<kePE24;800S3,0*72
\s:66,c:1782377499*42\!AIVDM,1,1,,B,1565LRA000S5OOf6cQO:KkI:053<,0*65
\s:66,c:1782377500*43\!AIVDM,1,1,,B,133a;N0000PCj3lMG5:WqJI>08GP,0*27
\s:66,c:1782377498*43\!AIVDM,1,1,,A,18R9@c300<3Q=>r@<<C=1J7>08FP,0*29
\s:66,c:1782377499*42\!AIVDM,1,1,,B,13n:9`8000PhBSfPoK;R8lE:0D41,0*2A
\s:66,c:1782377499*42\!AIVDM,1,1,,B,15U?UR001K0<Vk0N@iDI:oC:08G4,0*0A
\s:66,c:1782377493*48\!AIVDM,1,1,0,B,B5O5twP005Ur6@8FPED03wfUoP06,0*7E
\s:66,c:1782377493*48\!AIVDM,1,1,,A,33bWcr0P@M0GqnDNOI`9dDc2011@,0*53
\s:66,c:1782377498*43\!AIVDM,1,1,,A,13aEQt8P00PGDPNNOD`:eOw828E:,0*0F
\s:66,c:1782377498*43\!AIVDM,1,1,,A,13MD9G@Oh40MjnhNombF;ns40D2A,0*6C
\s:66,c:1782377494*4F\!AIVDM,1,1,,A,14bH8F?P00WKJD`0fR5f4?w42@D>,0*7D
\s:66,c:1782377498*43\!AIVDM,1,1,,B,36:?CV0PAP8iD@2@wUk9S7M80000,0*07
\g:1-2-5198652,s:66,c:1782377494*09\!AIVDM,2,1,2,A,53`h;a4000010OS7O804hH61HE8@D0000000001?<8=66uHRq50CADRB,0*72
\g:2-2-5198652*69\!AIVDM,2,2,2,A,hB0EQCP00000000,2*0B
\s:66,c:1782377499*42\!AIVDM,1,1,,A,1774`u001g5m4iL3Do8JIHE>0<1B,0*46
\s:66,c:1782377498*43\!AIVDM,1,1,,A,13Fqj<0PD106PFTF>7AWhn980@Ee,0*1A
\s:66,c:1782377390*4C\!AIVDM,1,1,,A,33`mj3m000PCUtvMd6QUvRCNPDJ:,0*3D
\s:66,c:1782377501*42\!AIVDM,1,1,,A,1915I8`0000JwM4E4Iaa;RQ@053<,0*35
\s:66,c:1782377499*42\!AIVDM,1,1,,B,19NSKc@02KKGFLhL>tP3aBw<0`G8,0*5D
\s:66,c:1782377499*42\!AIVDM,1,1,,B,B7P@MV00sBg;=4L4gpA13wkTkP06,0*66
\s:66,c:1782377495*4E\!AIVDM,1,1,,B,13uvQ40tibQEpcLR6RCI=7I68<0U,0*6D
\s:66,c:1782377431*40\!AIVDM,1,1,,A,13bB<r3P000E@DFMa6BbuOw000Rk,0*60
\s:66,c:1782377503*40\!AIVDM,1,1,,B,144iL@Q2P1aKMjHHak3B=23B20SF,0*6C
\g:1-2-5198653,s:66,c:1782377418*0C\!AIVDM,2,1,3,B,53aGDjD000010CS;W810TEB0PDTp00000000000Q8p?:0v5?U83S41Dd,0*00
\g:2-2-5198653*68\!AIVDM,2,2,3,B,<LLML>=tud<<<M0,2*0E
\s:66,c:1782377501*42\!AIVDM,1,1,,B,33bs=r5000PfKS<O5C9l4A;<0000,0*72
\s:66,c:1782377477*42\!AIVDM,1,1,,B,13aGDj@P00PD;14Md:BC3wvPRH:E,0*00
\s:66,c:1782377501*42\!AIVDM,1,1,,B,16SsGL011c8bIap>iUN8D6Q>0<1b,0*6E
\s:66,c:1782377497*4C\!AIVDM,1,1,,A,83mPPI00G@:?>G1?6600,0*7C
\s:66,c:1782377502*41\!AIVDM,1,1,,B,16:4pLP05589G62<kdVm3D;@0<8l,0*6E
\s:66,c:1782377503*40\!AIVDM,1,1,,A,13l3o:PwRPNhq>b<rAg0d0OB053<,0*0B
\s:66,c:1782377501*42\!AIVDM,1,1,,A,1348GT001V4?0i6=V?wE?DA@053<,0*2E
\s:66,c:1782377502*41\!AIVDM,1,1,,A,15MvuG001EJ<Ek0A;MR=L:kB0D0b,0*16
\s:66,c:1782377501*42\!AIVDM,1,1,,B,19NSF>@02QM?KsMpP44nbE<r0<0g,0*20
\s:66,c:1782377497*4C\!AIVDM,1,1,,A,18HsIA0P01WK0`p0g6NM<ww<00S?,0*4F
\s:66,c:1782377500*43\!AIVDM,1,1,,B,13l969wP1CQ2L`LDRmn2Vww>28GL,0*65
\s:66,c:1782377500*43\!AIVDM,1,1,,A,H8StKeCK7r0>3;F222222222220,2*52
\s:66,c:1782377372*40\!AIVDM,1,1,,A,H8StKeDNC8e19Cjh@klmno20:420,0*27
\s:66,c:1782377501*42\!AIVDM,1,1,,B,E>oNmSLUVhIKh97U0h000000000Mwj0Lmvb=@00000l>80,4*79
\s:66,c:1782377501*42\!AIVDM,1,1,,B,6>oNmS@JOJtL078Nwq0?JwE5luSq047P00<2PJ401`0000000000,0*29
\s:66,c:1782377501*42\!AIVDM,1,1,,A,13aEOE3P0VPEoUdNCL:toOw@2<26,0*56
\s:66,c:1782377494*4F\!AIVDM,1,1,,B,B5NW?8P00=kP5gW0PJkPwwi5t000,0*16
\s:66,c:1782377497*4C\!AIVDM,1,1,,B,13n3be001W0GindS`GW1gAK:0@F4,0*48
\s:66,c:1782377502*41\!AIVDM,1,1,,A,137LMj001VwrlB:LgNIJ<`?B00S4,0*2E
\s:66,c:1782377503*40\!AIVDM,1,1,,B,36:?CV001P8iD<4@wUPIJWMB01q@,0*15
\s:66,c:1782377500*43\!AIVDM,1,1,,A,33bWcr000M0GqkVNOIRafDa@01oP,0*02
\s:66,c:1782377499*42\!AIVDM,1,1,,A,33bvI20Oh2P@aeRMIS1pqSI0021P,0*04
\s:66,c:1782377498*43\!AIVDM,1,1,,B,169@IF0Oie8jBabDf:Jh805:0L00,0*75
\s:66,c:1782377496*4D\!AIVDM,1,1,,A,1815amP0AsJKBtl<mvn4k3o40L01,0*2D
\s:66,c:1782377499*42\!AIVDM,1,1,,B,16:?KQRP00`9?>P<lhkN4?w<28Fv,0*50
\s:66,c:1782377499*42\!AIVDM,1,1,,A,13P5vf000<09mHbNGU4;Wru>00Rb,0*1E
\s:66,c:1782377500*43\!AIVDM,1,1,,B,862??@00G@:?>G1?6600,0*2C
\s:66,c:1782377494*4F\!AIVDM,1,1,,A,33@pFDW0000hO7`Q1iRqPoOp0000,0*19
\s:66,c:1782377501*42\!AIVDM,1,1,,A,HCh9W`0d`598T00000000000000,2*1D
\s:66,c:1782377501*42\!AIVDM,1,1,,A,HCh9W`4NC=D6HOWolki0000H5110,0*21
\s:66,c:1782377499*42\!AIVDM,1,1,,B,33E`5DP8150>Q`VGtura;gw@07SC,0*5D
\s:66,c:1782377501*42\!AIVDM,1,1,,B,1815OM@vP2SQ:qD@>tt8DTe<2HFW,0*17
\g:1-2-5198654,s:66,c:1782377502*01\!AIVDM,2,1,4,B,58KmD@02AF4sUKWC3R0l4E9<f0<4lE8uDr222217GhsCC63=NCPQBB0B,0*2C
\g:2-2-5198654*6F\!AIVDM,2,2,4,B,H88888888888880,2*53
\s:66,c:1782377501*42\!AIVDM,1,1,,A,33lBEb0028JC2ml?OAqutc9p0000,0*74
\s:66,c:1782377502*41\!AIVDM,1,1,,A,169>Rh001g8gJ10A6jnbOHM@053<,0*4F
\s:66,c:1782377494*4F\!AIVDM,1,1,,B,B4eHNW000=hQ4J7:wQno?wi5T000,0*77
\s:66,c:1782377502*41\!AIVDM,1,1,,B,16:5sc0P14`geC0AlQp5OgwB2HHE,0*1A
\s:66,c:1782377502*41\!AIVDM,1,1,,B,16:RAP0P00`LMWb=whflwmK@28IP,0*45
\s:66,c:1782377496*4D\!AIVDM,1,1,,B,H52oublUCBD;78100000000h6030,0*06
\s:66,c:1782377503*40\!AIVDM,1,1,,A,15Ca?V001m`7pNh=4sq6=TsF2L@j,0*01
\s:66,c:1782377500*43\!AIVDM,1,1,,B,18R3QO0000SR7LB@D=kv4:A>053<,0*34
\g:1-2-5198655,s:66,c:1782377501*03\!AIVDM,2,1,5,A,56:7mD8000000000001<QDr0PDpN3J2222222216:0M::udg0?V2@Cn@,0*46
\g:2-2-5198655*6E\!AIVDM,2,2,5,A,CQlj0CPQBFUCnA@,2*0A
\s:66,c:1782377494*4F\!AIVDM,1,1,,A,35Cks<001U1fkEHERpi8G6ep0000,0*40
\s:66,c:1782377500*43\!AIVDM,1,1,,B,37Oh;RPP@s:66,0*5A
\s:66,c:1782377502*41\!AIVDM,1,1,,B,16:HoD00008fQkhARWV7jSMB053<,0*6E
\s:66,c:1782377495*4E\!AIVDM,1,1,,A,34`qIn002DJ6DB:?qctjb2;p0000,0*09
\s:66,c:1782377493*48\!AIVDM,1,1,,A,B5O6FnP006TFui3i:S7Q3wh1jAvb,0*1F
\s:66,c:1782377499*42\!AIVDM,1,1,,A,36:>sOQ0028VHftDaQ2o1:C<0Dgb,0*60
\s:66,c:1782377495*4E\!AIVDM,1,1,,A,13P;U:w000wrvN:M4dl:bSC20HDd,0*33
\s:66,c:1782377497*4C\!AIVDM,1,1,,A,19t6UtP02A`jf`PCehnD>kA228EB,0*4D
\s:66,c:1782377496*4D\!AIVDM,1,1,,A,B3n=H700Ah667G8M1iUlswj1h53<,0*3B
\s:66,c:1782377493*48\!AIVDM,1,1,,A,13mbJH001NKW=jBKSLjDi3g60HD=,0*2F
\s:66,c:1782377496*4D\!AIVDM,1,1,,A,339F1bPOhtPVsRlNR@W8l1Q820sh,0*5C
\s:66,c:1782377498*43\!AIVDM,1,1,,A,16:9EcP0188hPmhAK:t<N9s:66,0*2E
\s:66,c:1782377498*43\!AIVDM,1,1,,B,3:5dmM3P@l2vHihH;snIAnA:0PrP,0*2E
\s:66,c:1782377498*43\!AIVDM,1,1,,A,16:SB2001J`=4fJ<UB5aWGe6053<,0*30
\s:66,c:1782377495*4E\!AIVDM,1,1,,B,B3n4=2P0006LkU8rhGkQ3wi1nDL:,0*3A
\s:66,c:1782377496*4D\!AIVDM,1,1,,A,33M@D8COhGNqO8n@5UisraG800v@,0*32
\g:1-2-5198656,s:66,c:1782377237*02\!AIVDM,2,1,6,B,53iPcuH00000iS;?GL0hT8E9@5<000000000001@<P:93uaa44DSm51D,0*27
\g:2-2-5198656*6D\!AIVDM,2,2,6,B,Q0CH0Sm31Bp80Sh,2*76
\s:66,c:1782377316*42\!AIVDM,1,1,,A,33iPcuEP01PCohLMdEb>4?w8RDeb,0*20
\s:66,c:1782377366*45\!AIVDM,1,1,,B,33`dU;UP00PCg6DMcVMv4?vj2Dnb,0*62
\s:66,c:1782377502*41\!AIVDM,1,1,,A,13mqCP001L0<5k:Mhi?Fv5Q@0D;0,0*26
\s:66,c:1782377502*41\!AIVDM,1,1,,A,4028jKQvad`ka0BltHFp@dwP2@Hj,0*06
\s:66,c:1782377499*42\!AIVDM,1,1,,A,C6:cskh0022COqS=ccq<Wwv0hB2L?10<c11V00000000S2L53T0P,0*3E
\s:66,c:1782377500*43\!AIVDM,1,1,,A,A0221O@HJDiH00AU`V@u8?qE01PRwKwvJ3gvE00W:gsA03:b,0*5A
\s:66,c:1782377501*42\!AIVDM,1,1,,B,E>lUV41R8HP0000000000000000ApVMU7K14pN3kkkv010,4*65
\s:66,c:1782377501*42\!AIVDM,1,1,,A,13`e=c@P1FPKE>FMe`EdDgwBR0S`,0*10
\s:66,c:1782377499*42\!AIVDM,1,1,,A,B5OT00000>`NEtUTdjBA1lN00000,0*74
\s:66,c:1782377503*40\!AIVDM,1,1,,A,40221OAvad`kbRveKBH6vIS02D0v,0*5D
\s:66,c:1782377503*40\!AIVDM,1,1,,A,16=q?8hP0uUeLtn3vfkhf?wF253<,0*31
\s:66,c:1782377498*43\!AIVDM,1,1,,B,102Cu:0P?w<tSF0l4Q@>4?wv0hFS,0*6F
\s:66,c:1782377502*41\!AIVDM,1,1,,B,28SJM500007aonh619i5W2iD00S0,0*38
\s:66,c:1782377497*4C\!AIVDM,1,1,,A,33P=gQhP@5PGtJ@NDacGF;1>0000,0*64
\s:66,c:1782377501*42\!AIVDM,1,1,,B,198Vhs0P1TPcA3p27fCtu?w@28Gu,0*7D
\s:66,c:1782377501*42\!AIVDM,1,1,,A,Evja5EQ3000?d00000000000000Leb5P5E5KH00003m010,4*64
\s:66,c:1782377501*42\!AIVDM,1,1,,B,B6:cAe00=B22bB3@:tbcb9kSQP06,0*2B
\s:66,c:1782377503*40\!AIVDM,1,1,,B,14tSpl70000hO2vQ1RespaiF0@IH,0*24
\s:66,c:1782377500*43\!AIVDM,1,1,,B,16<foA@01j8LL<0=vP<DeP001P06,0*78
\s:66,c:1782377498*43\!AIVDM,1,1,,A,13m;f<gP00R82k<`J`;>4?w:253<,0*11
\s:66,c:1782377499*42\!AIVDM,1,1,,A,13aGEO@P0UPEsWbN2s`tM?w<253<,0*04
\s:66,c:1782377501*42\!AIVDM,1,1,,B,17mF@P?P2cWLImP0e:pGt?w@28H6,0*19
\s:66,c:1782377501*42\!AIVDM,1,1,,A,B>l7W6001QLv7APnMaQJ00101P06,0*23
\s:66,c:1782377500*43\!AIVDM,1,1,,B,17lda<pP0kWLm?h0W<v2Tgw>20Rp,0*69
\s:66,c:1782377496*4D\!AIVDM,1,1,,B,14eHNMh000reaW6IskIFhnO60<0O,0*13
\s:66,c:1782377503*40\!AIVDM,1,1,,A,16T?`D00019=QrfCvP7uSSED053<,0*02
\s:66,c:1782377495*4E\!AIVDM,1,1,,B,16:I32001A8B0l>;ERKp:ng20`Dg,0*5D
\s:66,c:1782377496*4D\!AIVDM,1,1,,B,H3`feH4TC=D5qSk@8kqqq00`4210,0*56
\s:66,c:1782377498*43\!AIVDM,1,1,,A,39NSlfA0h02QE6olOvej>4Q:0Dg:,0*7F
\s:66,c:1782377500*43\!AIVDM,1,1,,B,177OCw00Q0WLAkt0epHS;RW400S6,0*1A
\s:66,c:1782377497*4C\!AIVDM,1,1,,B,B3a4;Q00<05KUG7SW?=uKwjQhHEj,0*47
\s:66,c:1782377492*49\!AIVDM,1,1,,A,35?dRv001v0kCwrO?1U;Qa=p0000,0*57
\s:66,c:1782377498*43\!AIVDM,1,1,,A,18I=q10wBp8?VGh<apTk?jc:0@FC,0*7B
\s:66,c:1782377499*42\!AIVDM,1,1,,A,17m:1bP6lDWLlI`0T4ES6ww6253<,0*7A
\s:66,c:1782377492*49\!AIVDM,1,1,,A,146i14001OP6w8RN@Se<>Ilt2D1q,0*21
\s:66,c:1782377499*42\!AIVDM,1,1,,,13IkWS002KPq>I@OBg9I>WG:0P00,0*42
\s:66,c:1782377493*48\!AIVDM,1,1,,A,15?dRv001wPkCwrO?1UKPI=0053<,0*27
\s:66,c:1782377500*43\!AIVDM,1,1,,A,4028jJ1vad`kW09cIlGdh3OP253<,0*36
\s:66,c:1782377501*42\!AIVDM,1,1,,B,169wtD0tR37JnJ60f5UI<7=>0@HK,0*12
\s:66,c:1782377502*41\!AIVDM,1,1,,A,15DQ`v0tRGL=3ldI=:W:cpQ@0@HL,0*6F
\s:66,c:1782377499*42\!AIVDM,1,1,,B,377n`vU00089S;h<m@F2mj;<0DtJ,0*25
\s:66,c:1782377496*4D\!AIVDM,1,1,,A,13mI@f00000wFsNVv`N7CS560D0q,0*05
\s:66,c:1782377502*41\!AIVDM,1,1,,B,171F3`?P01T20p0>PDjN4?wD2<3f,0*12
\s:66,c:1782377500*43\!AIVDM,1,1,,A,35O3mu<00sIc0u2C:dEkm2wp0000,0*3D
\s:66,c:1782377432*43\!AIVDM,1,1,,A,B3a3F?@00H4aL<WJK6sQ3wh1nDDb,0*02
\s:66,c:1782377501*42\!AIVDM,1,1,,B,13aEQs0P00PDRuvMdV`00?wB2<77,0*1F
\s:66,c:1782377500*43\!AIVDM,1,1,,B,HCgjt40P5H58AE:0U>o40000000,2*7F
\s:66,c:1782377500*43\!AIVDM,1,1,,B,HCgjt44N3?=1B00omkq0000@5110,0*06
\s:66,c:1782377502*41\!AIVDM,1,1,,A,16:MA71P108buoPFU;i9dOwB0@HG,0*49
\s:66,c:1782377456*41\!AIVDM,1,1,,B,133ipMP01A0DIi4Mb8BCS2mhP<5;,0*20
\s:66,c:1782377501*42\!AIVDM,1,1,,A,13cq=O00000`oedIJ7b6FlM>0<5a,0*1B
\s:66,c:1782377503*40\!AIVDM,1,1,,B,C8SQ56@02qs>TqQNKcVACwjPW0?1ca09c03k11111110?1052120,0*48
\s:66,c:1782377502*41\!AIVDM,1,1,,A,19t6Urh02O1@gFpDFq@D<kC@0D38,0*12
\s:66,c:1782377497*4C\!AIVDM,1,1,,B,H6:=sgT000000000000000000000,0*2C
\s:66,c:1782377500*43\!AIVDM,1,1,,B,15NWRD0005q<jh@A2eiiwpc>00SG,0*7C
\s:66,c:1782377501*42\!AIVDM,1,1,,A,36:aQuAP00`Vp6VBCgB9K?wp0000,0*05
\s:66,c:1782377502*41\!AIVDM,1,1,,A,16Sd3r0P01a=QP6D4USG6RqB28I`,0*18
\s:66,c:1782377495*4E\!AIVDM,1,1,,A,16;Wlh001g8j8wh@ms:66,0*67
\s:66,c:1782377503*40\!AIVDM,1,1,,,13F;pd5000wG7FhHHD9N45GD2000,0*13
\s:66,c:1782377493*48\!AIVDM,1,1,,B,15?dbu001h8da>0Au12Take4053<,0*35
\s:66,c:1782377503*40\!AIVDM,1,1,,A,17m:1bP5DDWLldP0T4fC<?wF28IT,0*52
\s:66,c:1782377501*42\!AIVDM,1,1,,A,15?dbu001h8daF0Au0T4aSeD0LEq,0*43
\s:66,c:1782377496*4D\!AIVDM,1,1,,A,83IfD=P0G@:?>G1?6600,0*6E
\s:66,c:1782377495*4E\!AIVDM,1,1,,B,D02IPEQMdffp,0*37
\s:66,c:1782377493*48\!AIVDM,1,1,,B,4025bp1uJl`kQPoQT:P5cQQ028Co,0*1C
\s:66,c:1782377496*4D\!AIVDM,1,1,,A,13M@Ld0000063=RM@0w1hoI82<1<,0*55
\s:66,c:1782377499*42\!AIVDM,1,1,,B,B69>Un@0ABds88Nm5qe>CwkV3P06,0*59
\s:66,c:1782377499*42\!AIVDM,1,1,,A,B6=p0@@06aLu?k0nluFkcwk73P06,0*62
\s:66,c:1782377498*43\!AIVDM,1,1,,A,133jQ80001PCULbMHIPaEHw>0L<7,0*33
\s:66,c:1782377496*4D\!AIVDM,1,1,,A,33aDr=AP?w<tSF0l4Q@>4?wv1lkr,0*41
\s:66,c:1782377498*43\!AIVDM,1,1,,B,15DWD@0P00rCdvB58VP6Mgw<2D3q,0*5F
\s:66,c:1782377496*4D\!AIVDM,1,1,,B,13IkKm700UOjkwVLEiCHlFg408EO,0*3E
\s:66,c:1782377498*43\!AIVDM,1,1,,A,E>m9?S010b:h12a42W:4h617hHLSeeMt0EPG800000jP00,4*53
\s:66,c:1782377498*43\!AIVDM,1,1,,B,38I9u40Ohb7K8H00dmB<C:E800mh,0*10
\s:66,c:1782377499*42\!AIVDM,1,1,,A,148G7oU01aQPR@LOpgGsQI=80HFq,0*50
\s:66,c:1782377495*4E\!AIVDM,1,1,,A,34eHJIh2h0G<Er6L=>b:g`Wp0000,0*40
\s:66,c:1782377498*43\!AIVDM,1,1,,A,B8HvabP009nme:P;TNd03we4kP06,0*59
\g:1-2-5198657,s:66,c:1782377436*04\!AIVDM,2,1,7,B,53aDrep000010K?OG<1<4P58622222200000000Q00000t0Ht0000000,0*6F
\g:2-2-5198657*6C\!AIVDM,2,2,7,B,000000000000000,2*20
\s:66,c:1782377500*43\!AIVDM,1,1,,B,13aDA9hP000DPurMdU<v4?w@08Gk,0*4F
\g:1-2-5198658,s:66,c:1782377499*0E\!AIVDM,2,1,8,A,5:U7Ok42B4mI17?3;J04i0P58B2222222222220l1P<55uLb0>4hCU3l,0*78
\g:2-2-5198658*63\!AIVDM,2,2,8,A,p4l888888888880,2*3C
\s:66,c:1782377498*43\!AIVDM,1,1,,B,13o0wS0000PPggFSqHp5kWS408Dq,0*53
\s:66,c:1782377483*49\!AIVDM,1,1,,A,B3`fcb@00@4dr57KHk3Q3wcUkP06,0*35
\s:66,c:1782377432*43\!AIVDM,1,1,,A,33aGCnm000PCAwtMe;V<SBjvPDbb,0*41
\s:66,c:1782377501*42\!AIVDM,1,1,,B,B3prF<00;?wip=5bMrpUgweUoP06,0*2F
\s:66,c:1782377501*42\!AIVDM,1,1,,A,BCgjrP00DWUlWA9Pf3SKSwc2q000,0*24
\s:66,c:1782377455*42\!AIVDM,1,1,,A,13aBNC0P17PDbe`Mb7DDSwwf0`Ir,0*59
\s:66,c:1782377495*4E\!AIVDM,1,1,,A,B3GQh:h0?h3csgU`BBbA1oi5CP06,0*59
\s:66,c:1782377500*43\!AIVDM,1,1,,B,16:@rp0005`fK2LA;SQHiA5<0U3<,0*17
\s:66,c:1782377500*43\!AIVDM,1,1,,A,BCgdww003oUUw2aP@vW:CwRRs000,0*20
\s:66,c:1782377499*42\!AIVDM,1,1,,A,3kHO=r0P2dwmUBRJtfvoJww:0000,0*6E
\s:66,c:1782377493*48\!AIVDM,1,1,,A,13JI4qPP0=Q2oTHDRgg9>gw42D0e,0*69
\s:66,c:1782377502*41\!AIVDM,1,1,,A,168w<QP01>8Q6v@Eu@mcG95p0l80,0*14
\s:66,c:1782377500*43\!AIVDM,1,1,,A,17fu;kP000:l4vidWat1I6C:0<0q,0*22
\s:66,c:1782377495*4E\!AIVDM,1,1,,,B819FR@006TC>4SfTssQ3wiQh000,0*7E
\s:66,c:1782377503*40\!AIVDM,1,1,,B,13l9110P00Q2GWnDR72f4?wD2<2J,0*34
\s:66,c:1782377499*42\!AIVDM,1,1,,B,B3P;SuP0IGrV147<2Vr:?wkQh000,0*5B
\s:66,c:1782377498*43\!AIVDM,1,1,,A,13n37bP01`0Ju9@Qo9E806K:0<3K,0*12
\g:1-2-5198659,s:66,c:1782377501*0F\!AIVDM,2,1,9,B,54hT3k82HONU`MIGJ20l59<60iDp62222222221R3HI35uJA0030H4l1,0*0F
\g:2-2-5198659*62\!AIVDM,2,2,9,B,FR@H88888888880,2*32
\s:66,c:1782377501*42\!AIVDM,1,1,,B,19NSkj@vj>7MegV0h1PQsiU@08HM,0*17
\s:66,c:1782377502*41\!AIVDM,1,1,,B,19AFch3P00RAHs<B0OJ>4?wB2@HQ,0*4A
\s:66,c:1782377503*40\!AIVDM,1,1,,A,B4eJ`t@005bo3H7iD1P000N00000,0*5D
\s:66,c:1782377501*42\!AIVDM,1,1,,B,13=qW<0vQ:P1IpHF7:i`WVs@00SJ,0*54
\s:66,c:1782377502*41\!AIVDM,1,1,,A,15?dN5k00D3OTkT@Bl`4IBi@0L8t,0*12
\s:66,c:1782377500*43\!AIVDM,1,1,,A,13l3nCP01624faBGL>4@@h;<0l8n,0*16
\s:66,c:1782377497*4C\!AIVDM,1,1,,A,13o=BP002@0I8olQnb:DOkK`0d3o,0*70
\s:66,c:1782377492*49\!AIVDM,1,1,,A,16ld0chP018achj8GLpN4?vv2pBs,0*0E
\s:66,c:1782377498*43\!AIVDM,1,1,,A,B39Scn005@<8fs8@IKDfowk5kP06,0*77
\s:66,c:1782377498*43\!AIVDM,1,1,,B,176sDo?00?0GRb>E@ht7GUq<08F@,0*4B
\s:66,c:1782377498*43\!AIVDM,1,1,,A,16:<p?PP058gUc@ACR9<tOvl0<7A,0*4A
\s:66,c:1782377498*43\!AIVDM,1,1,,B,15UWHv002:1J2=lPgA@hbPI>0<2f,0*4E
\s:66,c:1782377498*43\!AIVDM,1,1,,A,148dKP00001PgcJOoROe74o:0L1=,0*35
\s:66,c:1782377499*42\!AIVDM,1,1,,B,13mjkO0P000J2WTSc6u6lgw<053<,0*20
\s:66,c:1782377500*43\!AIVDM,1,1,,A,15?ddi30003kbr8>L14Bh2G<0HGJ,0*66
\s:66,c:1782377501*42\!AIVDM,1,1,,B,402IP?Avad`kMvE=abUoQ0o00D2I,0*47
\s:66,c:1782377501*42\!AIVDM,1,1,,B,D02IP?AMdffp,0*5D
\s:66,c:1782377497*4C\!AIVDM,1,1,,B,139l@PPP1jPedcLN``vlQgw:2D5T,0*7F
\s:66,c:1782377498*43\!AIVDM,1,1,,A,E>mWTIaQQ2Ih@@@@@@@@@@@@@@@ClGLN5ugB000@0;v0000,2*48
\s:66,c:1782377493*48\!AIVDM,1,1,,B,33MALdi000OlO9:LC@=<g@o00FA:,0*0C
\s:66,c:1782377497*4C\!AIVDM,1,1,,B,13`u7V001;P4c4NM5tUI9WG60@Eb,0*7C
\s:66,c:1782377497*4C\!AIVDM,1,1,,A,13P8Bc@P00wr4eBM2rgf4?w:2D1;,0*5D
\s:66,c:1782377500*43\!AIVDM,1,1,,A,C69FQkP00276=d3OOpnl?wv0l@2L?0l@2O1T00000000J0t:1SPP,0*5C
\s:66,c:1782377500*43\!AIVDM,1,1,,A,13Rvv=PvP0Q;drrHpe@>4?w@253<,0*14
\s:66,c:1782377191*4F\!AIVDM,1,1,,B,339f0`5P00PCi4nMd<gN4?vvRDaJ,0*65
\s:66,c:1782377496*4D\!AIVDM,1,1,,A,13`iHd0P1DPDFJJMdd>c3ww820SC,0*4F
\s:66,c:1782377503*40\!AIVDM,1,1,,A,16:L?GP0008fib0A6WiVKiiB0<F7,0*41
\s:66,c:1782377501*42\!AIVDM,1,1,,A,13EdrU?000vmkqf@CUWAViop0`HH,0*7A
\s:66,c:1782377496*4D\!AIVDM,1,1,,B,16:Jf900018gWV@A8MJSwBu600Sg,0*7D
\s:66,c:1782377502*41\!AIVDM,1,1,,A,19t6VShwiVwU@rBKgriA4PwD053<,0*30
\s:66,c:1782377503*40\!AIVDM,1,1,,B,13@oDWw000Ph4gnPqOhJKUAF0L1o,0*2E
\s:66,c:1782377497*4C\!AIVDM,1,1,,A,16TvLJ001U8l5TjCcf0MQrr40<2J,0*14
\s:66,c:1782377495*4E\!AIVDM,1,1,,A,13oP1f00010hvsFRApdKG4w80L1H,0*23
\s:66,c:1782377500*43\!AIVDM,1,1,,A,13m;OUPw@0Q`d?L`<Niv4?w<2HFI,0*21
\s:66,c:1782377500*43\!AIVDM,1,1,,A,39NS`Bi0016D1t:<1LEp`Um`0lwb,0*43
\s:66,c:1782377502*41\!AIVDM,1,1,,A,368uI=POiE`enD@ARvE6sFA@01u@,0*50
\s:66,c:1782377502*41\!AIVDM,1,1,,B,1815;g@vAV1@LnKdPgHtkr?D053<,0*4A
\s:66,c:1782377503*40\!AIVDM,1,1,,A,105GdOOP007K:Sn0f`p@0?wF2HIC,0*52
\s:66,c:1782377503*40\!AIVDM,1,1,,B,15?dVjh01c3q>7l>HvU8?VaD0U3<,0*20
\s:66,c:1782377502*41\!AIVDM,1,1,,B,13l3tnC002P:7SFOFp:VbWm<0D1a,0*0E
\s:66,c:1782377495*4E\!AIVDM,1,1,,B,402IPBAvad`kRNon3JTffkG00<0a,0*00
\s:66,c:1782377494*4F\!AIVDM,1,1,,B,ENj5wNiW9:FQJ00000000000000@6fOG>g>Fp00003v010,4*11
\s:66,c:1782377500*43\!AIVDM,1,1,,B,13ku:1002L8n7G2@bmB8GVa@08G2,0*20
\g:1-2-5198660,s:66,c:1782377439*0F\!AIVDM,2,1,0,B,53`geA8000010OKWO<0dh5`Tp40000000000000U0p923t0Ht0000000,0*06
\g:2-2-5198660*68\!AIVDM,2,2,0,B,000000000000000,2*27
\s:66,c:1782377498*43\!AIVDM,1,1,,B,169@if0000`g6MlA?IDu@gw:0000,0*28
\s:66,c:1782377491*4A\!AIVDM,1,1,,B,13aL<G0P00PDQEjMdTLP0?vv253<,0*1D
\s:66,c:1782377495*4E\!AIVDM,1,1,,A,ENk`t5trq@@@@@@@@@@@@@@@@@@=3=r4<@<l@00003vP000,2*2E
\s:66,c:1782377498*43\!AIVDM,1,1,,A,139EaO00000oF6:NuPpaKQq<0D1f,0*6D
\s:66,c:1782377495*4E\!AIVDM,1,1,,A,13m:Mn0000PK;GVQflAQlrR80D1D,0*5F
\s:66,c:1782377497*4C\!AIVDM,1,1,,A,35N@gp5000oWn7>BdShet1g80000,0*01
\s:66,c:1782377498*43\!AIVDM,1,1,,A,18I>R2002a`mh::@pnOEu4g>0@FL,0*38
\s:66,c:1782377495*4E\!AIVDM,1,1,,B,169025`000`VE7VDUDtUr4q00@DK,0*62
\s:66,c:1782377314*40\!AIVDM,1,1,,A,33`geA5P00PCMLFMeHov4?w42Dfb,0*77
\s:66,c:1782377500*43\!AIVDM,1,1,,A,4030pGivad`k`sLlA`ITHAo008GW,0*46
\s:66,c:1782377500*43\!AIVDM,1,1,,A,148d;p002cP?D5`MiVr:TpQ<80S7,0*04
\s:66,c:1782377501*42\!AIVDM,1,1,,A,E>o6K9h17dPh3qh77a:2h8:7h6PeC:iA2uJm010888k@03CkPC0,2*28
\s:66,c:1782377502*41\!AIVDM,1,1,,B,B3crRa002H:<HQVFK?W5Kwm5oP06,0*48
\s:66,c:1782377502*41\!AIVDM,1,1,,B,B3HRdO00>p0D;nUU:7pEKwlUoP06,0*0E
\s:66,c:1782377502*41\!AIVDM,1,1,,B,B3MD@Uh01PN=qVUgVq8TSwlQh8HU,0*08
\s:66,c:1782377496*4D\!AIVDM,1,1,,B,B3MBMw00Cwv>`67@8Jj<UgRUoP06,0*14
\s:66,c:1782377444*42\!AIVDM,1,1,,A,33`eW7mP00PDWNtMdqeN4?wH2DN:,0*42
\s:66,c:1782377501*42\!AIVDM,1,1,,B,18I>C<0017wofUbLVStRojHt053<,0*37
\s:66,c:1782377498*43\!AIVDM,1,1,,B,18I34m000GJdTI2G@vc<0Co808F@,0*7D
\s:66,c:1782377498*43\!AIVDM,1,1,,A,15NShL<P00rdg4DG@K2>4?w<28Fc,0*59
\s:66,c:1782377499*42\!AIVDM,1,1,,B,33IarM7P@LwWmaHLFA1b17M<018@,0*2B
\s:66,c:1782377499*42\!AIVDM,1,1,,A,18Ht;q0P1DWJds<0eNnI:ww>2HFq,0*0F
\s:66,c:1782377492*49\!AIVDM,1,1,,A,13nnUH0uQI0PkD:SqLnqDWQ008Bp,0*28
\s:66,c:1782377500*43\!AIVDM,1,1,,B,I615=Q2H5AdaIhfvNL;PvTv0b06r,0*13
\s:66,c:1782377498*43\!AIVDM,1,1,,A,13ae20300LPHdr:NK<J8Q6k20<3A,0*62
\s:66,c:1782377495*4E\!AIVDM,1,1,,B,138gV63v@10<bm@N:<mu11g208DO,0*69
\s:66,c:1782377497*4C\!AIVDM,1,1,,B,33M@FEPOjvwnm1RL7:qru8i200Q0,0*0A
\s:66,c:1782377498*43\!AIVDM,1,1,,,B3n?wH0000Ehsjav4wgQ1bB1h000,0*56
\s:66,c:1782377499*42\!AIVDM,1,1,,B,15NH7?PP00GRbIbCDMa<J?w>053<,0*52
\s:66,c:1782377500*43\!AIVDM,1,1,,B,18QtobPP@1SOk3V@=udFoie@00SB,0*7F
\s:66,c:1782377499*42\!AIVDM,1,1,,B,H3MBtvDT1=30000=>1:lPP1p:220,0*53
\s:66,c:1782377500*43\!AIVDM,1,1,,B,15@q:400238bWipDR`UTFkS>0<00,0*30
\s:66,c:1782377494*4F\!AIVDM,1,1,,A,18K4rV?02I7KEcf0eECR>Alv0<vP,0*72
\s:66,c:1782377501*42\!AIVDM,1,1,,A,B69F1cP0@r=vgtT0HjT47wl73P00,0*2B
\s:66,c:1782377501*42\!AIVDM,1,1,,A,16:>Q0P01e`j2K>CajrW2US<253<,0*50
\s:66,c:1782377498*43\!AIVDM,1,1,,A,38Hwqj9<@3WJvd60gCLW9gw:01uh,0*46
\s:66,c:1782377498*43\!AIVDM,1,1,,B,13=V=00000264TVGH16J>7u<0d52,0*22
\s:66,c:1782377499*42\!AIVDM,1,1,,A,33o0BPP00l0i7CJRAsrhqPcp0000,0*78
\s:66,c:1782377499*42\!AIVDM,1,1,,B,19NSj2P0030HiOHE>R9kKs;@0d6:,0*7D
\s:66,c:1782377500*43\!AIVDM,1,1,,A,4>kvmgivad`k`ScUVp>3H:?028GL,0*78
\s:66,c:1782377497*4C\!AIVDM,1,1,,A,19NSUg@02RW11b<2u0cThkq<00SB,0*07
\s:66,c:1782377498*43\!AIVDM,1,1,,B,33FGr>0P@2vqJa@@6h8P3`i:00tA,0*55
\s:66,c:1782377497*4C\!AIVDM,1,1,,B,177dTK0wjH7lIA08qwwVc5Eb0HEM,0*77
\s:66,c:1782377499*42\!AIVDM,1,1,,B,I6bCM02@2:NEhHHRgc87QH14O9Cu,0*1A
\s:66,c:1782377496*4D\!AIVDM,1,1,,A,H52Pej@<Tp@E8Dhh40000000000,2*21
\s:66,c:1782377496*4D\!AIVDM,1,1,,A,H52PejDU00000000000000183130,0*2F
\s:66,c:1782377499*42\!AIVDM,1,1,,B,19t6Qa0000WOU0<12eM4;Ug<08F`,0*1A
\s:66,c:1782377381*4C\!AIVDM,1,1,,A,33ASL25000PC`9PMd<5bRE3>0Dd:,0*27
\s:66,c:1782377502*41\!AIVDM,1,1,,B,16:M18PP0r8VaihD`m>SrwwB08HN,0*0A
\s:66,c:1782377500*43\!AIVDM,1,1,,B,19NSdrP02fOujk82ifI9J7M>08Gb,0*7F
\s:66,c:1782377501*42\!AIVDM,1,1,,B,16SjH0P01Fa=belD1UK=::Q@2@HB,0*7C
\s:66,c:1782377503*40\!AIVDM,1,1,,A,33m9B>7P@2PskKPVm=In4lqJ0QrP,0*49
\s:66,c:1782377441*47\!AIVDM,1,1,,A,H39iog0tdD4pu<0000000000000,2*5E
\s:66,c:1782377501*42\!AIVDM,1,1,,A,H39iog4UCBD:nQA4;nppm010222t,0*1E
\s:66,c:1782377501*42\!AIVDM,1,1,,B,15W?I>8001OQe<82eN<9nH5@00Rc,0*36
\s:66,c:1782377475*40\!AIVDM,1,1,,A,13aNa@0P00PCSbHMcUebhgvN253<,0*63
\s:66,c:1782377484*4E\!AIVDM,1,1,,B,33aNa@0P00PCSbHMcUebiwvh279k,0*0A
\s:66,c:1782377501*42\!AIVDM,1,1,,B,34hFLD0Oj004O7pF42u8wG?>01kP,0*2B
\s:66,c:1782377500*43\!AIVDM,1,1,,A,3DQsEm0Oi`JV<CD6;9<HBne9@P;@,0*51
\s:66,c:1782377500*43\!AIVDM,1,1,,A,39NSJ;0v28Gshib=p6bdT:9@05IS,0*2E
\s:66,c:1782377495*4E\!AIVDM,1,1,,A,138hPd002c0l9?0Nw452PQu208Dj,0*11
\s:66,c:1782377499*42\!AIVDM,1,1,,A,B5O:;q000>C>owT>NtH000N00000,0*53
\s:66,c:1782377503*40\!AIVDM,1,1,,B,1819ELh02F0VBH>I:8LBEiqB0@IE,0*75
\s:66,c:1782377499*42\!AIVDM,1,1,,B,D02VdhiB4@fq6DA6EHLi6D0,2*1C
\s:66,c:1782377503*40\!AIVDM,1,1,,A,33o0BPP00h0i7D`RAt6hqPcp0000,0*12
\s:66,c:1782377503*40\!AIVDM,1,1,,B,18I3=2002:7bF?v5omN3u38208Hr,0*3F
\s:66,c:1782377496*4D\!AIVDM,1,1,,A,17u>M4?P0078j>p3VE78>gvt0000,0*22
\s:66,c:1782377498*43\!AIVDM,1,1,,,B7`BbmP00;5aveIhjA2EKwjUoP06,0*54
\s:66,c:1782377500*43\!AIVDM,1,1,,B,14caSB001nQBUo2GLiId>ak>00Rf,0*06
\s:66,c:1782377135*41\!AIVDM,1,1,,B,H819ERTTCBD8JcAFo1kklp0P:530,0*37
\s:66,c:1782377496*4D\!AIVDM,1,1,,A,16::IuP01J`N0bNEss2ISoi608E1,0*15
\s:66,c:1782377498*43\!AIVDM,1,1,,A,18I1EP001F1?;2edP?g4F3i20D0p,0*15
\s:66,c:1782377497*4C\!AIVDM,1,1,,A,14RqdK001aP5ChTOUKW9aWg608F2,0*41
\s:66,c:1782377500*43\!AIVDM,1,1,,A,16;9rpPP0U8gmoBAIikLeOw<2U3<,0*14
\s:66,c:1782377498*43\!AIVDM,1,1,,A,17m3vV@0117LASr0dWNk6BO<0@FH,0*6A
\s:66,c:1782377499*42\!AIVDM,1,1,,B,13aGurPP00PDLFvMdkweN?w628EL,0*0D
\s:66,c:1782377499*42\!AIVDM,1,1,,A,13I?sT700gOQk7LKF3uEeDk>00RL,0*4F
\s:66,c:1782377499*42\!AIVDM,1,1,,B,19t6V:@01QR1?ufGGUB:>p7>0D4>,0*48
\s:66,c:1782377499*42\!AIVDM,1,1,,A,16:`vjA00088MB@<wnQepc601P06,0*3A
\s:66,c:1782377500*43\!AIVDM,1,1,,B,133qjePP000CGeVMDt?LT?wB2<5r,0*74
\s:66,c:1782377500*43\!AIVDM,1,1,,B,16;Usb001C8hAEHAk2MbUpg>0@GA,0*0E
\s:66,c:1782377500*43\!AIVDM,1,1,,A,13n2pj700011ob2VPKP9h6c<08FC,0*72
\s:66,c:1782377490*4B\!AIVDM,1,1,,A,15?dje00Ao8cGJ<B3TtmR4Jr0@BR,0*30
\s:66,c:1782377493*48\!AIVDM,1,1,,A,13`m:9002O01Gl:OnnQ6h5Ft8<4j,0*5A
\s:66,c:1782377499*42\!AIVDM,1,1,,B,33cBR65000rkr4vJPau;j6a88D`b,0*02
\s:66,c:1782377499*42\!AIVDM,1,1,,B,13`m:9002P01Gn6OnmOFfUG88<4m,0*01
\s:66,c:1782377224*42\!AIVDM,1,1,,A,33`kN1hP00PDIGBMd37f4?v823rQ,0*1E
\s:66,c:1782377494*4F\!AIVDM,1,1,,B,13`kN1hP00PDIH<Md3:N4?w22D3d,0*43
\s:66,c:1782377500*43\!AIVDM,1,1,,A,15?dOT?vP03N8:R@@SDQCBc60=?U,0*13
\s:66,c:1782377500*43\!AIVDM,1,1,5,A,13n3OJPv@01cKa:`>1Woi4I>0@Gb,0*75
\s:66,c:1782377500*43\!AIVDM,1,1,,A,3Ch;WG0P2JvE`INUo9>nNOw0204R,0*28
\s:66,c:1782377502*41\!AIVDM,1,1,,B,16:B92P0158g4w6Ahi;Sn3;B0@HO,0*64
\s:66,c:1782377503*40\!AIVDM,1,1,,A,13E`bo?P0CP=Kv2Gh@t:p?wD2<07,0*26
\s:66,c:1782377503*40\!AIVDM,1,1,,B,19NSMUh00T2nkhMufvH0QkaF0L0n,0*24
\s:66,c:1782377493*48\!AIVDM,1,1,,A,15RJ4F001VOt`6<LeFqRq2K00D2d,0*28
\s:66,c:1782377502*41\!AIVDM,1,1,,A,38L=CJ00117L2u20gAP3TRkF04uC,0*37
\s:66,c:1782377347*46\!AIVDM,1,1,,B,33`kElUP00PDVERMeJnv4?v>2DQ:,0*73
\s:66,c:1782377484*4E\!AIVDM,1,1,,A,13b`Bv000I0BQOPMcJsU53vh0<66,0*01
\s:66,c:1782377279*4A\!AIVDM,1,1,,B,13`o`LPP00PDQ>8Me<5Gqgwn20SL,0*33
\s:66,c:1782377502*41\!AIVDM,1,1,,A,13ku9D@0221dCGHEaD9dpbI@053<,0*02
\s:66,c:1782377501*42\!AIVDM,1,1,,A,14eIbs@01WrGA9THoJ:quWu>0L0S,0*41
\s:66,c:1782377498*43\!AIVDM,1,1,,B,16:@QVP01I`g@thAhW>T;SC:2Di9,0*3F
\s:66,c:1782377503*40\!AIVDM,1,1,,B,13cn:;002f0KlHdEJvPkEjcF0<2A,0*73
\s:66,c:1782377500*43\!AIVDM,1,1,,B,33I?sT7P@hOQk8>KF3omd4gB021@,0*72
\s:66,c:1782377498*43\!AIVDM,1,1,,B,13=kHh03AkJe:jTG<L6LOb3<053<,0*36
\s:66,c:1782377499*42\!AIVDM,1,1,,B,1815Aih01d0KBW:HEdT9bWe>0<=a,0*63
\g:1-2-5198661,s:66,c:1782377499*04\!AIVDM,2,1,1,B,56;>o642Aw<<9@`WN21`PtpN0<P4pN3G;R222216D0N:F5TENLhQ80il,0*19
\g:2-2-5198661*69\!AIVDM,2,2,1,B,888888888888880,2*26
\s:66,c:1782377493*48\!AIVDM,1,1,,B,17tCia@P00W8kdV3VQ?f4?w028CG,0*15
\s:66,c:1782377499*42\!AIVDM,1,1,,A,13uEwj0P0HPjwm6Q;ORrKOw<20RU,0*48
\s:66,c:1782377498*43\!AIVDM,1,1,,B,H7Oh?=TT>F37::fpnipiq00p6530,0*0A
\s:66,c:1782377500*43\!AIVDM,1,1,,B,18uIbj0P00QDDBsdVB@MUgw@2<1G,0*18
\s:66,c:1782377500*43\!AIVDM,1,1,,A,13o09mP0200e=DRPv4p48CG>0000,0*67
\s:66,c:1782377499*42\!AIVDM,1,1,,A,HCgVd50h5DHET00000000000000,2*3F
\s:66,c:1782377499*42\!AIVDM,1,1,,A,HCgVd54N3?=5j:tjjkp0000H6210,0*41
\s:66,c:1782377499*42\!AIVDM,1,1,,A,18158`@01sPEjPvHRWLAFA380D39,0*2A
\s:66,c:1782377499*42\!AIVDM,1,1,,A,B7m;Ti@08B0vnDO3Fw8UWwv63P06,0*7B
\s:66,c:1782377500*43\!AIVDM,1,1,,B,19NSab@01wPp:ODE;FvlFkO<053<,0*62
\s:66,c:1782377499*42\!AIVDM,1,1,,A,35?dPwU000wW<a8Dc5RrPEVj8Der,0*0C
\s:66,c:1782377487*4D\!AIVDM,1,1,,B,19NSGaCP000B1QjMluUQLwvp0<6v,0*5C
\s:66,c:1782377499*42\!AIVDM,1,1,,B,B3efbB000h:dW25r4=6JWwk1h000,0*04
\s:66,c:1782377500*43\!AIVDM,1,1,,B,BCgeD;P01WTt2FaMa6@nwwrRs000,0*3D
\s:66,c:1782377443*45\!AIVDM,1,1,,B,339ivR5P000C6;lMfC?P0?wF0Dmb,0*64
\s:66,c:1782377501*42\!AIVDM,1,1,,B,16TV1r001s8cLWHDQpUAMQ3>0D1G,0*4B
\s:66,c:1782377502*41\!AIVDM,1,1,,A,13ku<8@02m0Sbq:HfhT9;WGF0D>:,0*6D
\s:66,c:1782377500*43\!AIVDM,1,1,,B,B7mRMIh009rER6O8GNB5owl20000,0*26
\s:66,c:1782377501*42\!AIVDM,1,1,,A,33b7MJ001:0l5:DO@iD@o0Qp0000,0*74
\s:66,c:1782377446*40\!AIVDM,1,1,,B,340UtPEP00PC:PjMf0Hf4?wJRD`J,0*5A
\s:66,c:1782377502*41\!AIVDM,1,1,,A,13Srf2PP01Q24mdIsm7f4?wD20SK,0*2A
\s:66,c:1782377502*41\!AIVDM,1,1,,B,13P<s1Pt@01dlsrE`GNsNa5F08I9,0*1E
\s:66,c:1782377501*42\!AIVDM,1,1,,A,BCgVd5001OTSM99NCom4cwR2s000,0*7F
\s:66,c:1782377501*42\!AIVDM,1,1,,B,169CWa00018o`GB@7bTmq@1>0000,0*4F
\s:66,c:1782377496*4D\!AIVDM,1,1,,B,191=Bl0vS8P>ellEI=FGG5e8053<,0*3C
\s:66,c:1782377502*41\!AIVDM,1,1,,B,148LOv002`QIn8BOmwvrAp;B253<,0*22
\s:66,c:1782377502*41\!AIVDM,1,1,,A,1815IVP01q6wf9039wRDG3WF00Rs,0*15
\s:66,c:1782377495*4E\!AIVDM,1,1,,A,13`spCPP0sPG:>lMvO>I?ww828Dj,0*18
\s:66,c:1782377502*41\!AIVDM,1,1,,A,HCgeD;P8t89V360U>3?K4000000,2*34
\s:66,c:1782377502*41\!AIVDM,1,1,,A,HCgeD;TN3?=>1F0omql0000H5110,0*50
\s:66,c:1782377492*49\!AIVDM,1,1,,A,H3GPoR0PU=04pT60l58D0000000,2*4E
\s:66,c:1782377494*4F\!AIVDM,1,1,,A,H3GPoR4T000000051lqjl00p8220,0*40
\s:66,c:1782377497*4C\!AIVDM,1,1,,A,34S:lr00Qg1EWlHO==Q:S8Kp0000,0*13
\s:66,c:1782377498*43\!AIVDM,1,1,,B,13:=:H000111ErtGGUNswi360L4R,0*79
\s:66,c:1782377498*43\!AIVDM,1,1,,A,13crb40v2:`gQ=rAl`3TqCnv08FH,0*32
\s:66,c:1782377499*42\!AIVDM,1,1,,B,H3n:jJ1=V0lD@D4000000000000,2*5A
\s:66,c:1782377499*42\!AIVDM,1,1,,A,H3n:jJ4T?>G1000<1kmkj01`1410,0*61
\s:66,c:1782377498*43\!AIVDM,1,1,,B,18I7LQ00258ePr6AohG5Cl?6053<,0*19
\s:66,c:1782377498*43\!AIVDM,1,1,,B,13aQ?hhP0W0BK`tMJE=U7Ow>20RL,0*35
\s:66,c:1782377500*43\!AIVDM,1,1,,A,B3uPTMP0@@=Gud8>DTNMAuv00000,0*07
\s:66,c:1782377496*4D\!AIVDM,1,1,,A,17mFB0AP00`=ntuvdaJTlww60<20,0*63
\s:66,c:1782377495*4E\!AIVDM,1,1,,B,H819ECTU7B=4000Fo1kiko00H0<0,0*7C
\s:66,c:1782377498*43\!AIVDM,1,1,,B,13lb5<002mPL7OtNin3qwovt0D75,0*08
\s:66,c:1782377500*43\!AIVDM,1,1,,A,337mOF0406PCR9HMFNb7HbE<8Pu@,0*59
\s:66,c:1782377497*4C\!AIVDM,1,1,,B,147wot08huQcVRlQQ8cDQkw6853<,0*52
\s:66,c:1782377501*42\!AIVDM,1,1,,B,13Eeh8WP1@P1dCrF5PiA6ww>28G0,0*6B
\s:66,c:1782377497*4C\!AIVDM,1,1,,A,H4hOwa04@4l5800000000000000,2*78
\s:66,c:1782377497*4C\!AIVDM,1,1,,B,H4hOwa4U7B=4011J7C<000000004,0*73
\s:66,c:1782377501*42\!AIVDM,1,1,,A,347wot08PsQcVUNQQ8U4c43<81u0,0*63
\s:66,c:1782377501*42\!AIVDM,1,1,,A,13Gi1F0000RD1iFAnnS:=61D08H;,0*58
\s:66,c:1782377502*41\!AIVDM,1,1,,A,H6:WdPi=F0QD4V0QDv37O;KR220,2*5C
\s:66,c:1782377502*41\!AIVDM,1,1,,A,H6:WdPm61=3PPPPiojnpPP0P`360,0*22
\s:66,c:1782377498*43\!AIVDM,1,1,,A,339n=D5P00PfRDjO7c:@bgw<0Jsh,0*69
\s:66,c:1782377501*42\!AIVDM,1,1,,A,18L@;000017LNTf0gfLMM3WD0<?6,0*76
\s:66,c:1782377503*40\!AIVDM,1,1,,B,37lj=jAP007Le?00VCev4?wD2E0J,0*73
\s:66,c:1782377501*42\!AIVDM,1,1,,A,15`g6>001r0Q2RfHuK;2MAq@0<5B,0*30
\s:66,c:1782377499*42\!AIVDM,1,1,,A,144NGSg003RD@=@B2rIA2IA<0<3B,0*43
\s:66,c:1782377494*4F\!AIVDM,1,1,,B,B4eJLM@006cV86VOvcLHWwhQjDoJ,0*2A
\s:66,c:1782377499*42\!AIVDM,1,1,,A,1kamhV00000OcUhNPh5ROi:1uwww,0*51
\s:66,c:1782377497*4C\!AIVDM,1,1,,A,15O6amPPADoRq7>CCUTjdAw:0<2W,0*7D
\s:66,c:1782377493*48\!AIVDM,1,1,,A,33UBIf5=@01cJq8EMR;:Pgw00000,0*1C
\s:66,c:1782377498*43\!AIVDM,1,1,,A,19AF37@P@e2D5T@AnQUoU@E:0PS8,0*6A
\s:66,c:1782377499*42\!AIVDM,1,1,,B,13aRssh0000@w7rMLA9<=oS<0HFC,0*0B
\s:66,c:1782377499*42\!AIVDM,1,1,,B,1815RO001J7L2VB0f7OabWe:0@Fw,0*77
\s:66,c:1782377499*42\!AIVDM,1,1,,B,170GWR50053jGIV>0FlAeai:0P00,0*02
\s:66,c:1782377498*43\!AIVDM,1,1,,B,13=Qct00@50OM=0E>An4wl580@FG,0*11
\s:66,c:1782377500*43\!AIVDM,1,1,,A,13l3nahv2:Gp8FT>H?TESTM<0HG`,0*0E
\s:66,c:1782377498*43\!AIVDM,1,1,,A,13ku<>E027MSIJmrr3biDA;>0<05,0*09
\s:66,c:1782377498*43\!AIVDM,1,1,,A,13cURP0P1UPe6ClI>7;MNgw>253<,0*66
\s:66,c:1782377500*43\!AIVDM,1,1,,B,18Humc00S4Ng14b6PL?es;=B0<0;,0*76
\s:66,c:1782377500*43\!AIVDM,1,1,,A,35Pm=<0000JQuLVFCa3og6=p0000,0*4C
\s:66,c:1782377499*42\!AIVDM,1,1,,B,17tJOfPP007KpNv0Tm000?w62D7F,0*40
\s:66,c:1782377498*43\!AIVDM,1,1,,A,13ae9l00000Hnh<NKnTsa8o:0U3<,0*1D
\s:66,c:1782377500*43\!AIVDM,1,1,,B,B6:Aa0P0AR;qIH4Dk4KBgwv41P06,0*50
\s:66,c:1782377495*4E\!AIVDM,1,1,,A,16:9wIP0008Q6;@F41==Eo?400Sa,0*08
\s:66,c:1782377499*42\!AIVDM,1,1,,B,19NSRlPwj?QJ?D@Pfh5PwPo:0@G1,0*13
\s:66,c:1782377498*43\!AIVDM,1,1,,A,36K2i3POin9j:nDCmtE0uho400Q@,0*23
\s:66,c:1782377496*4D\!AIVDM,1,1,,A,33o0;=030s0tWFvV=8mi3Pip0000,0*31
\s:66,c:1782377499*42\!AIVDM,1,1,,A,13@oo>h000PhO>jQ1gm4wGS:0PRs,0*67
\s:66,c:1782377494*4F\!AIVDM,1,1,,A,339t;v0P0=0oIj4Nvt2`iTQ0010P,0*20
\g:1-2-5198662,s:66,c:1782377342*06\!AIVDM,2,1,2,A,55?ddV`2HQFS<GSC7:1A84q<P58ltqV0DlE84hA62je4K5ed0D22p22i,0*40
\g:2-2-5198662*6A\!AIVDM,2,2,2,A,p88888888888880,2*6E
\s:66,c:1782377496*4D\!AIVDM,1,1,,A,33n4iw`P@;29SMT`OgmdFIE8020P,0*39
\s:66,c:1782377500*43\!AIVDM,1,1,,A,D02=VjiJ`v00,0*54
\s:66,c:1782377500*43\!AIVDM,1,1,,A,402=Vjivad`kWwdv:hLlF7W00D1l,0*7F
\s:66,c:1782377501*42\!AIVDM,1,1,,B,19AFcePP00RAI10B0Mf>4?w@28H4,0*5A
\s:66,c:1782377498*43\!AIVDM,1,1,,,17ldadm0008HgV=wR4cuSI?>0000,0*51
\s:66,c:1782377499*42\!AIVDM,1,1,,B,B3aN4;00D@62<o7Uo?j@7wkUkP06,0*7C
\s:66,c:1782377500*43\!AIVDM,1,1,,,13fpPn001OOLCDvLiAFCOjq@0000,0*34
\s:66,c:1782377500*43\!AIVDM,1,1,,B,16:foRH00j89LP@<kI>6@0001P06,0*3D
\s:66,c:1782377499*42\!AIVDM,1,1,,A,B3mcKuP0<h<gthaAGUR:9fv00000,0*57
\s:66,c:1782377499*42\!AIVDM,1,1,,,13lvmD0v2HPhR6jO>7uRtBE<8000,0*7A
\s:66,c:1782377495*4E\!AIVDM,1,1,,A,16K3M10000ajK`RD36VWab6v00Rw,0*71
\s:66,c:1782377503*40\!AIVDM,1,1,,B,38IFDN50007KqH:0g3M;3F3F0Dgb,0*32
\s:66,c:1782377501*42\!AIVDM,1,1,,A,35N0dW5P00G?uv0K?F@0:OwT0000,0*57
\s:66,c:1782377501*42\!AIVDM,1,1,,B,14hE0Q001pJKEkh>k:c4:CG800RS,0*55
\g:1-2-5198663,s:66,c:1782377501*06\!AIVDM,2,1,3,A,56:<a``000008u`;D01`PtpN0PtpN3?D00000016CpG@>1f:0J1mBH4j,0*1B
\g:2-2-5198663*6B\!AIVDM,2,2,3,A,0CP000000000008,2*3C
\s:66,c:1782377492*49\!AIVDM,1,1,,B,36:eAP@P0j`e4QdAt13Qk?wp0000,0*15
\s:66,c:1782377502*41\!AIVDM,1,1,,B,168svt0P028VAsPDVEfmJgwD08Hc,0*64
\s:66,c:1782377499*42\!AIVDM,1,1,,B,B47>hMP0;HJBRh`FFM1BgwkUl000,0*72
\s:66,c:1782377501*42\!AIVDM,1,1,,A,13cpI9;P000e1m`I?FAe>gw@053<,0*35
\s:66,c:1782377486*4C\!AIVDM,1,1,,B,35?ddVPtBr954QP@U?aIGWHj01Bh,0*7C
\s:66,c:1782377500*43\!AIVDM,1,1,,A,13eMhmWP06Q2b@>D@WeVFOw@20SL,0*34
\s:66,c:1782377498*43\!AIVDM,1,1,,A,16:>k@001A5FfkV6oipMA:O8053<,0*5D
\s:66,c:1782377496*4D\!AIVDM,1,1,,,B5Ng;TP00uPkCevU>rpjswj5l000,0*1C
\s:66,c:1782377498*43\!AIVDM,1,1,,B,16:=ju0P01`gRS@AmV8>4?w:2D5K,0*2F
\s:66,c:1782377497*4C\!AIVDM,1,1,,A,16:KlH001`8jFI@C`7U03@76053<,0*31
\s:66,c:1782377494*4F\!AIVDM,1,1,,B,1815L?h00Q2OoGl@krIRU2340@Cs,0*39
\s:66,c:1782377498*43\!AIVDM,1,1,,B,338VP40026JE@b>5bcpRcB780@jM,0*57
\s:66,c:1782377497*4C\!AIVDM,1,1,,A,13oRB@0PCM0KrBvQenM0vPe60<1:,0*1D
\s:66,c:1782377494*4F\!AIVDM,1,1,,B,13n3Rl000W0PKk2SnIk0U0I2053<,0*6A
\s:66,c:1782377500*43\!AIVDM,1,1,,A,860Rk3QKf8<uoHjV0`HMPkbKh<aK5TRuv6M9NmcpuWvNBk1hp?72,0*5F
\s:66,c:1782377500*43\!AIVDM,1,1,,B,36:R6c`PAF8LL4@>093=vP0l00oQ,0*1B
\s:66,c:1782377499*42\!AIVDM,1,1,,B,14`UvgP01@P:kU0NIJe<tJM:0D<Q,0*35
\s:66,c:1782377490*4B\!AIVDM,1,1,,A,H7Ok4>PQDhh484htt0000000000,2*60
\s:66,c:1782377500*43\!AIVDM,1,1,,B,H7Ok4>TTCBD7<EK0000000000000,0*04
\s:66,c:1782377498*43\!AIVDM,1,1,,A,13eU<l001S0iEi8Q4AR@2;=>08FV,0*4F
\s:66,c:1782377500*43\!AIVDM,1,1,,A,1:kJa@0000Ji?bUbvndVbWW@0<0`,0*30
\s:66,c:1782377500*43\!AIVDM,1,1,,A,19@2aCAP?w<tSF0l4Q@>4?wv0d5?,0*69
\s:66,c:1782377501*42\!AIVDM,1,1,,A,1815c=P01t7de2T;isp42C9B0<24,0*65
\s:66,c:1782377500*43\!AIVDM,1,1,,A,33cq8J8P@j0e3mjI>vM0<UqB00wh,0*5C
\s:66,c:1782377495*4E\!AIVDM,1,1,,B,403t=Jivad`kR8h>=fAm`?o0053<,0*41
\s:66,c:1782377501*42\!AIVDM,1,1,,A,BCgNPa002GTD`6aM?QD?owgRs000,0*5B
\s:66,c:1782377498*43\!AIVDM,1,1,,A,HCgNPa0hUa@0000000000000000,2*1B
\s:66,c:1782377501*42\!AIVDM,1,1,,B,177UtV001b8kop4ACKWbW8KB0<44,0*5E
\s:66,c:1782377502*41\!AIVDM,1,1,,B,15NHR?<012q=;4<@wEG5Bl?F053<,0*67
\s:66,c:1782377497*4C\!AIVDM,1,1,,A,13LBbpP0001Ql1tRMO8>45000000,0*46
\s:66,c:1782377497*4C\!AIVDM,1,1,,A,15?da>001ub<<RHGoisJAH=00<0?,0*65
\s:66,c:1782377502*41\!AIVDM,1,1,,A,19u:U?@P00W=n087MSCFcgw<0<TG,0*6B
\s:66,c:1782377497*4C\!AIVDM,1,1,,A,169AHvS00p7?OP21TpDeLJc:08E`,0*27
\s:66,c:1782377500*43\!AIVDM,1,1,,A,19NSm0P025PDv<tNVMmWg6940D6T,0*06
\s:66,c:1782377501*42\!AIVDM,1,1,,A,147>fbP01=QbJo6QVLk0=09>08HT,0*6C
\s:66,c:1782377502*41\!AIVDM,1,1,,A,33oRB@0PCM0KrHTQeoE0qPc>00W@,0*27
\s:66,c:1782377503*40\!AIVDM,1,1,,A,17m9vPPP0UWa?6KtQ@S8GOwD2<16,0*7F
\s:66,c:1782377498*43\!AIVDM,1,1,,B,369GL5PPAJ8;RPj<qKF4KkO<21v@,0*55
\s:66,c:1782377495*4E\!AIVDM,1,1,,B,17liaRpP@87i?9MtI?A839e6053<,0*70
\s:66,c:1782377499*42\!AIVDM,1,1,,B,19NSP<001bOwWItEg1N13Pu800SR,0*1E
\s:66,c:1782377499*42\!AIVDM,1,1,,B,D02UMs@v5N>57@fGMApNfp0,2*0E
\s:66,c:1782377499*42\!AIVDM,1,1,,A,177Gqi00018FaCQw@`lMbGm>0@Fm,0*1F
\s:66,c:1782377499*42\!AIVDM,1,1,,B,14`Uvu001PP7hg>O2pml@CM:0@Fn,0*01
\s:66,c:1782377499*42\!AIVDM,1,1,,A,19NSLBP0278aA?n>VT=pAVQ@08G9,0*10
\s:66,c:1782377500*43\!AIVDM,1,1,,A,13aIC@PP00PJ4VDN?Ht>4?w>20Rd,0*36
\s:66,c:1782377496*4D\!AIVDM,1,1,,A,33o0G7P01B0i7<4R@reudbk6022h,0*0F
\s:66,c:1782377498*43\!AIVDM,1,1,,A,1:17WL0P00Pg7WpE41?f4?w<253<,0*26
\s:66,c:1782377497*4C\!AIVDM,1,1,,B,34S;Sj1001vjA2d;tiViL0G80000,0*62
\s:66,c:1782377501*42\!AIVDM,1,1,,A,13a3B`@P0aPFF@NMuSocp?w:2HF=,0*2F
\s:66,c:1782377497*4C\!AIVDM,1,1,,,13lq68001nJB?s8?B:>o75e:8000,0*16
\s:66,c:1782377498*43\!AIVDM,1,1,,A,338Jmv51h20n170Q?0dAu1sp0000,0*45
\s:66,c:1782377495*4E\!AIVDM,1,1,,A,C69EFgP0C2S?bD5uMEhmcwv0<bjb2LjbH:L?Sk111110?2P:32PP,0*34
\s:66,c:1782377495*4E\!AIVDM,1,1,,A,39Hl=TPPAAPHhrlShLN8f6hv013Q,0*23
\s:66,c:1782377499*42\!AIVDM,1,1,,B,19N`11@01m7qnDf8JmA5sDtv0D5>,0*04
\s:66,c:1782377499*42\!AIVDM,1,1,,B,19NSl40w0;2kA5F<BUnA;s=:0PSS,0*64
\s:66,c:1782377499*42\!AIVDM,1,1,,B,14`oTb02B>Na6pD;euWv0h3<00Rt,0*31
\s:66,c:1782377459*4E\!AIVDM,1,1,,A,13aIj2gP00PBqQtManLv4?wl2L58,0*3E
\s:66,c:1782377501*42\!AIVDM,1,1,,A,28SJth2P00Wb:U85tU>90wwB053<,0*42
\s:66,c:1782377501*42\!AIVDM,1,1,,B,19lenb00001DJGAdVGV:?W5B0<26,0*1F
\s:66,c:1782377501*42\!AIVDM,1,1,,B,13@o5G@P000h634PqK5KGwwD08HF,0*12
\g:1-2-5198664,s:66,c:1782377501*01\!AIVDM,2,1,4,A,56:EN0P000000000000dDhUTuG<000000000001@50<555dgD84j1C`6,0*4C
\g:2-2-5198664*6C\!AIVDM,2,2,4,A,R1C`88888888880,2*60
\s:66,c:1782377502*41\!AIVDM,1,1,,A,H8Sjcui@5V0p4n33J2222222220,2*63
\s:66,c:1782377502*41\!AIVDM,1,1,,A,H8Sjcum64B810B0PPPPPPP000000,0*4F
\s:66,c:1782377500*43\!AIVDM,1,1,,B,19NSWG@31u6Aohd3GdrCOBc@053<,0*06
\s:66,c:1782377496*4D\!AIVDM,1,1,,A,13mn>?7P00Q5bOTWKt0oOww808EB,0*13
\s:66,c:1782377498*43\!AIVDM,1,1,,B,13`lW10P00PEmh`NCOiHBgw:2D2D,0*56
\s:66,c:1782377498*43\!AIVDM,1,1,,B,B52IUPh006Wr<B3je:9W7wjQh000,0*62
\s:66,c:1782377503*40\!AIVDM,1,1,,A,33d1ID10010;gVJMH6m1EaOB0ERJ,0*25
\s:66,c:1782377498*43\!AIVDM,1,1,,B,E>jAaqg7R0aQ:WdPV3RQTa0aP00OkVcQ:DHvh10888jP20,4*01
\s:66,c:1782377496*4D\!AIVDM,1,1,,A,13m9780P000H4N>Qn39@>?w800Rh,0*22
\s:66,c:1782377501*42\!AIVDM,1,1,,A,13m7qj501IR90f>`MJt2MR5:0HH=,0*27
\s:66,c:1782377496*4D\!AIVDM,1,1,,A,15@rP02002PqfOLC45kKGVC400S2,0*51
\s:66,c:1782377503*40\!AIVDM,1,1,,A,13l9GL001p8Wemd>disAMiAB0@I>,0*19
\s:66,c:1782377502*41\!AIVDM,1,1,,B,1815Mc0wB=J>vOL18si0EPA@0@HQ,0*61
\s:66,c:1782377500*43\!AIVDM,1,1,,A,B3n>3S0080<nJq9AkTIlq`N00000,0*0B
\s:66,c:1782377498*43\!AIVDM,1,1,,A,33uIKKPOi?0n;@BQA2Bccaqp0000,0*34
\g:1-2-5198665,s:66,c:1782377502*03\!AIVDM,2,1,5,A,53@o5G@00001Q3??;>0Hr3?3R0PDhhF0huA@F20N0@=2340Ht0000000,0*3A
\g:2-2-5198665*6D\!AIVDM,2,2,5,A,000000000000000,2*21
\s:66,c:1782377497*4C\!AIVDM,1,1,,A,13m6lu0i4t0Ht64QjRs7Wn;:053<,0*6E
\s:66,c:1782377495*4E\!AIVDM,1,1,,A,H52jq9P8iDF0PE8tp0000000000,2*53
\s:66,c:1782377499*42\!AIVDM,1,1,,B,38HwA?50007JWeR0gkfT6rs>0DtJ,0*3A
\s:66,c:1782377499*42\!AIVDM,1,1,,A,13sRp8000sP9VaNGVv<2NQw<0HG?,0*23
\s:66,c:1782377498*43\!AIVDM,1,1,,A,19t6Te001OPr?A>IvKUabWm6853<,0*6D
\s:66,c:1782377500*43\!AIVDM,1,1,,A,18Htl3000t7J`tD0dMp2=Qg<00R>,0*25
\s:66,c:1782377500*43\!AIVDM,1,1,,A,13Eqe@0001vqLld@6Id9Jae>0@GI,0*1B
\s:66,c:1782377492*49\!AIVDM,1,1,,B,13MA>3000l0:JG<NFpgCSBrt08BR,0*12
\s:66,c:1782377499*42\!AIVDM,1,1,,B,B7mRLoh00b5cq9Ol5e9@Swj2THFG,0*33
\s:66,c:1782377494*4F\!AIVDM,1,1,,A,H3Ham?Pt=@5HUE>0TT000000000,2*2E
\s:66,c:1782377494*4F\!AIVDM,1,1,,A,H3Ham?TTCBD8:1:000000000000t,0*1E
\s:66,c:1782377500*43\!AIVDM,1,1,,A,160qC@@22B3NV>qqNJuqDo9B053<,0*2E
\s:66,c:1782377500*43\!AIVDM,1,1,,B,19NSr`0034J8q:d=Kllat7s<0@Gj,0*3E
\s:66,c:1782377501*42\!AIVDM,1,1,,A,401u<1Avad`kV0CDE2LtdVgP2000,0*7B
\g:1-2-5198666,s:66,c:1782377501*03\!AIVDM,2,1,6,A,53MCelH0@DQhm8TGF20TltLDr18u<F222222220`1p<545dg05hSlRmC,0*51
\g:2-2-5198666*6E\!AIVDM,2,2,6,A,O?Smi`888888880,2*65
\s:66,c:1782377502*41\!AIVDM,1,1,,B,176reJ002R8mp5JAS8508@A@053<,0*2E
\s:66,c:1782377500*43\!AIVDM,1,1,,B,13eU8r002P`ktH4@eKQoqF?<0D0n,0*72
\g:1-2-5198667,s:66,c:1782377499*02\!AIVDM,2,1,7,A,53FSsh42GCnPD9=D001Hth<4r0@F1@4T@T400000000??00000340KE0,0*03
\g:2-2-5198667*6F\!AIVDM,2,2,7,A,jKC40KCCjP00000,2*34
\s:66,c:1782377501*42\!AIVDM,1,1,,B,177QUC001O0BeqlMI>Lrp8iD00SD,0*51
\s:66,c:1782377501*42\!AIVDM,1,1,,A,19NSAUh0217OJ=>0q6PjeB?D00SK,0*44
\s:66,c:1782377500*43\!AIVDM,1,1,,A,33uCKO00000rngHPK2uSr0gp0000,0*4D
\s:66,c:1782377495*4E\!AIVDM,1,1,,A,1:pCJV0000rV?qn5u2SuSjw80L1v,0*1F
\s:66,c:1782377501*42\!AIVDM,1,1,,A,36:EHK003S89KbL<nEUWPn5B00`A,0*26
\s:66,c:1782377502*41\!AIVDM,1,1,,A,33TpF90P00Q`tqHG@7K>4?wD25wS,0*3F
\s:66,c:1782377495*4E\!AIVDM,1,1,,B,15?dOhhvie8c8rh?JWtQDA500`D=,0*18
\s:66,c:1782377502*41\!AIVDM,1,1,,A,18JwRn0P027KFB@0f2UrkwwD28HW,0*0D
\s:66,c:1782377501*42\!AIVDM,1,1,,B,33cs6<0wRIP6;64GGNII;7?>07QC,0*6A
\s:66,c:1782377501*42\!AIVDM,1,1,,A,17lci8P000WaHiKtPb5h08a@2<0S,0*1D
\s:66,c:1782377500*43\!AIVDM,1,1,,A,15T12<00RL6DJMR3PEPkPBlr0@GB,0*14
\s:66,c:1782377482*48\!AIVDM,1,1,,A,33GRJl0P1DPCsKdMdQLBmwvd2@Ti,0*7E
\s:66,c:1782377500*43\!AIVDM,1,1,,B,HCh:Hn1=A85DmE8000000000000,2*4C
\s:66,c:1782377500*43\!AIVDM,1,1,,B,HCh:Hn4N4I138D0onpi0000@5110,0*4E
\s:66,c:1782377500*43\!AIVDM,1,1,,A,BCh:Hn00D7UkE;9Q<FrCOwfRs000,0*0C
\s:66,c:1782377502*41\!AIVDM,1,1,,B,18LkJo1P007=hVh7P9pN46A@2l3e,0*78
\s:66,c:1782377503*40\!AIVDM,1,1,,A,6@1u<1@rEHB@048j=h0000000000,0*27
\s:66,c:1782377499*42\!AIVDM,1,1,,A,13aDBd8P00PHiwfNKBgv4?w>2HG8,0*3E
\s:66,c:1782377498*43\!AIVDM,1,1,,A,18I<L30vjFrWPO:E3DM:P8G60D2U,0*00
\s:66,c:1782377499*42\!AIVDM,1,1,,A,13u>5;U034QESu6R20E23Qa<0<16,0*14
\s:66,c:1782377498*43\!AIVDM,1,1,,B,16:5KT0P18`fcQ@A0qd`@gw:2<m=,0*1F
\s:66,c:1782377442*44\!AIVDM,1,1,,B,H3uONMQA8F18u<u:0LDHhD00000,2*68
\s:66,c:1782377499*42\!AIVDM,1,1,,B,H3uONMTT47I680qC6mlkm01`131t,0*36
\s:66,c:1782377497*4C\!AIVDM,1,1,,A,B0`S>g@00b2muR3<1A<5cwv42004,0*42
\s:66,c:1782377499*42\!AIVDM,1,1,,A,17mRNEpP01`FSFqwCPSsJww220T0,0*2D
\s:66,c:1782377499*42\!AIVDM,1,1,,A,15?dS=@P00WOqL41=M5v4?w0253<,0*50
\s:66,c:1782377499*42\!AIVDM,1,1,,A,33EitESOhTP3ITjG177CPRq<010P,0*14
\s:66,c:1782377498*43\!AIVDM,1,1,,A,18Hvnc0P02WK6J80eIPcn?w<0<A<,0*62
\s:66,c:1782377499*42\!AIVDM,1,1,,A,13aDpiP01>PA0mRMJtNLBqq:20S6,0*07
\s:66,c:1782377498*43\!AIVDM,1,1,,A,H5OCq;TT0000000G4@npip0h:540,0*4A
\s:66,c:1782377498*43\!AIVDM,1,1,,B,15?dfV0vi`NgHfT<PhtPkhc:053<,0*26
\s:66,c:1782377501*42\!AIVDM,1,1,,B,13fD@R0v1q3ECWoi<=WqLGU>0D05,0*43
\s:66,c:1782377499*42\!AIVDM,1,1,,B,B5OE5FP006T>JSScjb7Q3wkQh000,0*46
\s:66,c:1782377159*4B\!AIVDM,1,1,,A,H8Sp6fDNC8e19Cj3EPAE1I20:420,0*44
\s:66,c:1782377498*43\!AIVDM,1,1,,B,B5MdDvP005qqtGTcO2n>3wjQT000,0*1E
\g:1-2-5198668,s:66,c:1782377254*0A\!AIVDM,2,1,8,B,533i?3`00000uC;OST1aDTA`DD0000000000001@>`B295djn8PCADRB,0*37
\g:2-2-5198668*60\!AIVDM,2,2,8,B,hB0EQCP00000000,2*02
\g:1-2-5198669,s:66,c:1782377497*02\!AIVDM,2,1,9,B,577QEc82FWP9I9@kN21<U@>1<TpL50u8F2222216BPaD<5dA0C0k`561,0*11
\g:2-2-5198669*61\!AIVDM,2,2,9,B,p88888888888880,2*66
\s:66,c:1782377501*42\!AIVDM,1,1,,A,19NSC4sP007JKNp0fh;a2OwB08HJ,0*49
\s:66,c:1782377502*41\!AIVDM,1,1,,B,35N;AhU000JdV0lGBCaaM`=D0DdJ,0*76
\s:66,c:1782377503*40\!AIVDM,1,1,,B,1:kJSc`000JiEbSbwQLG7h7F00Rr,0*79
\s:66,c:1782377503*40\!AIVDM,1,1,,A,17lccKOP1hWL96`0jppmVOwD2<6D,0*54
\s:66,c:1782377502*41\!AIVDM,1,1,,A,F030ot22N2P6aoabhe47C6L20000,0*5A
\s:66,c:1782377495*4E\!AIVDM,1,1,,A,16T=Kd001s`enkF?H9``iVu600SS,0*51
\s:66,c:1782377501*42\!AIVDM,1,1,,A,17ldT`HP01WaWRstPltrWww@28Hw,0*29
\s:66,c:1782377497*4C\!AIVDM,1,1,,A,13@r;J001FwWIP2DVQvItp7d0pF7,0*01
\s:66,c:1782377501*42\!AIVDM,1,1,,B,13`eH@G00PPE`e>NGn48B6U>0`H1,0*4E
\s:66,c:1782377503*40\!AIVDM,1,1,,B,139a72001gPeOFVN`O5u:rSD08IA,0*38
\s:66,c:1782377499*42\!AIVDM,1,1,,B,170?oL?P003m?;0>=?8lqww>0<AK,0*2B
\s:66,c:1782377499*42\!AIVDM,1,1,,A,14`Uvlh01LQBjc4QWG100P360d1?,0*78
\s:66,c:1782377496*4D\!AIVDM,1,1,,A,B3Ig=5P0?Wt29bU?p0Tvwwj1h@EI,0*13
\s:66,c:1782377498*43\!AIVDM,1,1,,B,1:5cuV8P@22mOCiubr`f40E:2@FI,0*1E
\s:66,c:1782377498*43\!AIVDM,1,1,,B,13lH4n001FwE0rDE5BStPaw<08FM,0*76
\s:66,c:1782377499*42\!AIVDM,1,1,,A,18HtvG0P01WKS`h0g5WU@?w:20S6,0*31
\s:66,c:1782377495*4E\!AIVDM,1,1,,B,16:<1=001@8iTjh@nNi29Qk6053<,0*5A
\s:66,c:1782377498*43\!AIVDM,1,1,,B,35D3nf0tj@1@b2ae3uVnEm5:00q0,0*0F
\s:66,c:1782377499*42\!AIVDM,1,1,,A,13csDa00000qkmdDD?1QF1=<053<,0*11
\s:66,c:1782377496*4D\!AIVDM,1,1,,A,13MCfnP000P3gl@NQ;QS;s?60<10,0*00
\s:66,c:1782377500*43\!AIVDM,1,1,,A,1815IE@01V4g9k`;4@L7A5u>0<07,0*51
\g:1-2-5198670,s:66,c:1782377296*0D\!AIVDM,2,1,0,A,540Ut7800000PGO3G80DhUPE800000000000001@?`:84u;mg8jhC33h,0*37
\g:2-2-5198670*69\!AIVDM,2,2,0,A,000000000000000,2*24
\s:66,c:1782377498*43\!AIVDM,1,1,,A,B5NG630006`Ile5RS;D:Wwi1j001,0*29
\s:66,c:1782377500*43\!AIVDM,1,1,,B,177Wmd02@=OelAD2ohE4>WS>0D0O,0*3D
\s:66,c:1782377501*42\!AIVDM,1,1,,B,ENm9Cd010b:h12a40W:4P0000003eh540EqP@00000N010,4*53
\s:66,c:1782377501*42\!AIVDM,1,1,,A,C69DLJh00b=enuT1NS76bNv1SUiQV000000000000000?2P51S00,0*21
\s:66,c:1782377487*4D\!AIVDM,1,1,,A,13aGsr0P00PE?QhMfr>c2gvp2@@2,0*27
\s:66,c:1782377357*47\!AIVDM,1,1,,B,33aSQ700010C>U0MeI;li1Hj04Ok,0*34
\s:66,c:1782377501*42\!AIVDM,1,1,,A,3:5cuV8P@22mOCeubr`f40CB21s@,0*20
\s:66,c:1782377502*41\!AIVDM,1,1,,A,19NSlN002fwCvI:E?1aFMU;J0@I:,0*72
\s:66,c:1782377501*42\!AIVDM,1,1,,A,13dnwj5P241dBD<EbVw7GgwD053<,0*17
\s:66,c:1782377499*42\!AIVDM,1,1,,B,B3prT?h00HGawkUP@OCBeNCPt000,0*50
\s:66,c:1782377500*43\!AIVDM,1,1,,A,E>jHW1icb3h21h8HHh8R000000006Pw0?glIP00003v010,4*07
\s:66,c:1782377502*41\!AIVDM,1,1,,A,35D3nf0s2@1@b45e3tw6LU5B013h,0*2B
\s:66,c:1782377502*41\!AIVDM,1,1,,A,18SK3J0P01WaswH5tN988gwB2@IF,0*4C
\s:66,c:1782377503*40\!AIVDM,1,1,,B,B3cr5RP0G8;@en6CUNiU?wmQl@II,0*47
\s:66,c:1782377497*4C\!AIVDM,1,1,,A,B42LcPh00@Q<et5oMo1RkwjUoP06,0*48
\s:66,c:1782377478*4D\!AIVDM,1,1,,B,340Ut75P00PCCA8MeLeN4?vR2Db:,0*06
\s:66,c:1782377499*42\!AIVDM,1,1,,B,37likge0008FfmGwB27qqC5<02h1,0*6E
\s:66,c:1782377501*42\!AIVDM,1,1,,B,139etE0P00PeLo>N`5Gv4?wB253<,0*1E
\s:66,c:1782377502*41\!AIVDM,1,1,,B,13P<ljPP0001T:jMLE>D9OwD08HW,0*24
\s:66,c:1782377502*41\!AIVDM,1,1,,B,19NSfbP02V0dfMJI9FM`s79B0L:8,0*5F
\s:66,c:1782377501*42\!AIVDM,1,1,,B,B3MCMih0;H2;MG5pt5TS@Ml1h53<,0*57
\s:66,c:1782377494*4F\!AIVDM,1,1,,A,35NP@s0000G?j`hKA@k0PPKp0000,0*3D
\s:66,c:1782377499*42\!AIVDM,1,1,,A,B8Hs6=h02InwLUP;gE:cCwk4kP06,0*09
\s:66,c:1782377494*4F\!AIVDM,1,1,,A,169=13PP1H8Op0dF<Chkj?w42<80,0*27
\s:66,c:1782377490*4B\!AIVDM,1,1,,A,168vj53P@8`e`I0AqlDcJa?00@Bb,0*38
\s:66,c:1782377495*4E\!AIVDM,1,1,,B,155U6>P01766WWL30j9rKpC408DV,0*17
\s:66,c:1782377498*43\!AIVDM,1,1,,A,13s<hngP05wGeb`G`R@uPgw<28FA,0*39
\s:66,c:1782377498*43\!AIVDM,1,1,,B,33417nPP00PCF=8MEfeN4?w<R@IQ,0*26
\s:66,c:1782377496*4D\!AIVDM,1,1,,B,1345w>0000P>frJMGjR4oGQ8053<,0*12
\s:66,c:1782377490*4B\!AIVDM,1,1,,A,B6:eH2@08r;2h04O@6AoCwgV3P06,0*5F
\s:66,c:1782377494*4F\!AIVDM,1,1,,B,23`en1PP0?PDQH<Me7ULBgw42@Cw,0*66
\s:66,c:1782377498*43\!AIVDM,1,1,,A,16LMi2001CajGCnD26r`Mne80D3V,0*55
\s:66,c:1782377127*42\!AIVDM,1,1,,A,H69E8c@`T4pL8DUUE<QDWK33340,2*3A
\s:66,c:1782377497*4C\!AIVDM,1,1,,B,H69E8cDmu2@B?F1nhhhi0040=434,0*3D
\s:66,c:1782377499*42\!AIVDM,1,1,,A,1815?5P026s3pupG<Tj;9`l`0@G9,0*55
\s:66,c:1782377499*42\!AIVDM,1,1,,A,ENjO`3k2ptHK@1P`7h82V7a7P000SlUD:teS010888N000,4*63
\s:66,c:1782377496*4D\!AIVDM,1,1,,B,17WK;G@01E09Tp@MC`rRCAq40d61,0*70
\s:66,c:1782377498*43\!AIVDM,1,1,,B,13P=Sg@001P1kaNMKuVKQ`W:0HFV,0*70
\s:66,c:1782377500*43\!AIVDM,1,1,,B,18Hw19000;7K7Ot0f59TuIC<0@GI,0*53
\g:1-2-5198671,s:66,c:1782377269*0C\!AIVDM,2,1,1,B,53aDpip000010S;;OT0Dl85@400000000000001@1@t935cm03TSm51D,0*29
\g:2-2-5198671*68\!AIVDM,2,2,1,B,Q0CH0Sm31Bp80Sh,2*71
\s:66,c:1782377497*4C\!AIVDM,1,1,,B,B8Hw=cP00IngFt0;rVjfowjUoP06,0*21
\g:1-2-5198672,s:66,c:1782377429*0D\!AIVDM,2,1,2,B,53aC2RT000010?SK?01aL59@EL5@E8000000000Q4H735t0Ht0H88880,0*60
\g:2-2-5198672*6B\!AIVDM,2,2,2,B,000000000000000,2*25
\g:1-2-5198673,s:66,c:1782377251*05\!AIVDM,2,1,3,A,53iAqv`00000iS;3W80<590F1<thDl000000001@=P2765f=q4j5D823,0*5B
\g:2-2-5198673*6A\!AIVDM,2,2,3,A,k30CQ825D000000,2*16
\s:66,c:1782377498*43\!AIVDM,1,1,,B,15O:J9P000JdQw@GB3>Jqae00HFR,0*64
\s:66,c:1782377498*43\!AIVDM,1,1,,A,17m@;ROP008=mkmvdRK8Nww22<0`,0*04
\s:66,c:1782377498*43\!AIVDM,1,1,,B,15PUOJ0P?w<tSF0l4Q@>4?wv0hER,0*56
\s:66,c:1782377499*42\!AIVDM,1,1,,A,15V=mr?004OeT8H329H<v1vr053<,0*56
\s:66,c:1782377499*42\!AIVDM,1,1,,A,860R`PQKf=GRA`AL`WIMjEUDid`H:5L`WkIi@vkb8JlTF5rj0ajU,0*65
\s:66,c:1782377498*43\!AIVDM,1,1,,A,18I<N0002pWPked1bL>WK5q200Se,0*76
\s:66,c:1782377494*4F\!AIVDM,1,1,,B,19NSnBh01nOUR<JKDQov0P340<5D,0*78
\s:66,c:1782377482*48\!AIVDM,1,1,,B,13aDolPP01PCM6RMePG<Vwvd2<7A,0*72
\s:66,c:1782377401*43\!AIVDM,1,1,,B,33aDolPP02PCM6FMePDLVwv22=Hi,0*14
\s:66,c:1782377458*4F\!AIVDM,1,1,,A,33`m;8mP00PCL4DMe>M>4?wl2Dcb,0*38
\s:66,c:1782377480*4A\!AIVDM,1,1,,B,33aDpf0P000D=G4McuAa=?vbR7<C,0*3B
\s:66,c:1782377501*42\!AIVDM,1,1,,A,402;bLQvad`kaPcKptHOD3W00U3<,0*4C
\s:66,c:1782377502*41\!AIVDM,1,1,,A,403tHg1vad`ka8f5:VFDr=O0053<,0*5D
\s:66,c:1782377497*4C\!AIVDM,1,1,,A,33ce?51000ws;bPLvJw6O2780000,0*65
\s:66,c:1782377500*43\!AIVDM,1,1,,A,403Iupivad`k`rC9065>=fW008Gm,0*37
\s:66,c:1782377496*4D\!AIVDM,1,1,,B,33l3p:@0iVP?1JJMVLWnBU;2032i,0*09
\s:66,c:1782377501*42\!AIVDM,1,1,,B,15OAjfP000G@9qvEW=rJujsB00Ri,0*78
\s:66,c:1782377501*42\!AIVDM,1,1,,A,177Oba01BF0sO6:E4>Wl93EB053<,0*2D
\s:66,c:1782377503*40\!AIVDM,1,1,,B,170>R6pP00T210J>PERDVgwF20Ru,0*5C
\s:66,c:1782377502*41\!AIVDM,1,1,,B,33eaN@8Oh2QcNp`FJ3gK7wwB01rh,0*13
\s:66,c:1782377495*4E\!AIVDM,1,1,,B,B36=J@00H08;:rV>s>qCkwiQh8E1,0*71
\s:66,c:1782377493*48\!AIVDM,1,1,,B,B39UIuP0:P5rP57`27=eOwh1h0TL,0*07
\s:66,c:1782377501*42\!AIVDM,1,1,,A,18I8nG01h306Jq@3JK0SGkeD08HD,0*08
\s:66,c:1782377502*41\!AIVDM,1,1,,B,3815TAE0007Jws20fSsUS9MB0Dg:,0*6E
\s:66,c:1782377409*4B\!AIVDM,1,1,,A,B3`hnN@0AH4kgw7MIh:8wwTUoP06,0*28
\s:66,c:1782377480*4A\!AIVDM,1,1,,A,33iAqvU000PCau6Md5JoAF0VPE3:,0*19
\s:66,c:1782377503*40\!AIVDM,1,1,,A,1:U74ThwANttUcmjibircpEH20SQ,0*00
\s:66,c:1782377498*43\!AIVDM,1,1,,B,15O0CUd000q<kM4A1vpCObs:66,0*64
\s:66,c:1782377499*42\!AIVDM,1,1,,B,18Htj604ih`huIh@wC2K7q;>0D5b,0*78
\s:66,c:1782377498*43\!AIVDM,1,1,,A,19@>l1HP00SuBQP>NWLiT?w:2@FH,0*28
\s:66,c:1782377496*4D\!AIVDM,1,1,,A,D02:oVA5PNfq6DO6D0,4*65
\s:66,c:1782377494*4F\!AIVDM,1,1,,A,13Edl;700N0@FI0H6;lG;ma408D?,0*7A
\s:66,c:1782377497*4C\!AIVDM,1,1,,A,15NgFe0000r6Wi>?v4rc`49:0<14,0*5E
\s:66,c:1782377497*4C\!AIVDM,1,1,,B,19NSbU002R1BtErGJ7B5:l780@Ew,0*01
\s:66,c:1782377498*43\!AIVDM,1,1,,A,16:RO1001O8aINP>doB5OTK<0PS8,0*62
\s:66,c:1782377497*4C\!AIVDM,1,1,,B,13A@Q6001`Pn`l@O=Gwec:q688F6,0*2B
\s:66,c:1782377498*43\!AIVDM,1,1,,A,B8StohP09ivbvb2AHFagowv63P06,0*0A
\s:66,c:1782377500*43\!AIVDM,1,1,,A,B3I1Sf005806k3W54K5aCwkWkP06,0*35
\s:66,c:1782377498*43\!AIVDM,1,1,,A,15Wnhh0001PBPNJMaWQ@uag6053<,0*79
\s:66,c:1782377499*42\!AIVDM,1,1,,A,13;SiF0P00RvcVfH7f1o<gw>2<0T,0*4B
\s:66,c:1782377500*43\!AIVDM,1,1,,B,1341o7P00u0Dk6NMdhS2q2O@RHGj,0*63
\s:66,c:1782377500*43\!AIVDM,1,1,,A,13ktS8000I2nbkMu`4gh939<08GR,0*0D
\s:66,c:1782377475*40\!AIVDM,1,1,,B,13b0Wr001dPCfT<MdQ7rl`f@00SH,0*14
\s:66,c:1782377239*4E\!AIVDM,1,1,,A,33b0Wr0OiKPCkj2MdMSbe8dR0000,0*12
\s:66,c:1782377503*40\!AIVDM,1,1,,B,13aDpd@001PD1HPMDj0=VHKFP0Sk,0*7F
\s:66,c:1782377502*41\!AIVDM,1,1,,A,39Hl=t1001RAM=BB1TNIWqgD0Dw:,0*7C
\s:66,c:1782377495*4E\!AIVDM,1,1,,A,14eJJQ0000sLte6ISe50;Rs208Dp,0*61
\s:66,c:1782377497*4C\!AIVDM,1,1,,A,H3tjLlP4ppFlltp000000000000,2*47
\s:66,c:1782377497*4C\!AIVDM,1,1,,A,H3tjLlT00000000C65kpjj000220,0*6C
\s:66,c:1782377500*43\!AIVDM,1,1,,B,19NSiqPwBmNk5WL5pfPE`4Q<0@Gj,0*79
\s:66,c:1782377500*43\!AIVDM,1,1,,,18Ld?p01B>Ov>NtLKoNV3Ti>0000,0*09
\s:66,c:1782377502*41\!AIVDM,1,1,,B,13`den0P00PE`=0N06i>4?w@28H5,0*64
\s:66,c:1782377497*4C\!AIVDM,1,1,,A,13aFfGPP0l0Gd`4NOeTFqgw:00T7,0*77
\s:66,c:1782377501*42\!AIVDM,1,1,,B,139L1JP000PeWf>N`;>>48GB0@HP,0*07
\s:66,c:1782377499*42\!AIVDM,1,1,,,B39k8eP008=n3SWh2H=uWwk5oP06,0*08
\s:66,c:1782377499*42\!AIVDM,1,1,,A,BCgR9n00c7Ub1I9N83;LcwRPp000,0*03
\s:66,c:1782377502*41\!AIVDM,1,1,,B,36:RbF5P008L>d0=w>Fn3?wB0D5J,0*79
\s:66,c:1782377498*43\!AIVDM,1,1,,B,369AaHQ0008fM2tAR5VP:2e:0EIb,0*6C
\s:66,c:1782377494*4F\!AIVDM,1,1,,A,17P1ih0001bl<LAdWvmW85e22HCu,0*17
\s:66,c:1782377498*43\!AIVDM,1,1,,A,16:4vb?P008MmEjFD0`oiww:253<,0*05
\s:66,c:1782377496*4D\!AIVDM,1,1,,B,18J=k@002T`iWn6Ak=5J`Hc20L<L,0*0D
\s:66,c:1782377498*43\!AIVDM,1,1,,B,13c`02SP000spSFEMFBf4?w<0<18,0*2C
\s:66,c:1782377495*4E\!AIVDM,1,1,,A,33iAqoh01NOjUvJDjl5b?89p0000,0*20
\s:66,c:1782377499*42\!AIVDM,1,1,,B,18SJPjPP007aJ0B;qGJaQOw:0`1v,0*03
\s:66,c:1782377493*48\!AIVDM,1,1,,B,19NSoi000v8eR5vA?jJVm59208CI,0*65
\s:66,c:1782377500*43\!AIVDM,1,1,,A,33EaFC001=NnAkb@?HFKkqMp0000,0*7E
\s:66,c:1782377496*4D\!AIVDM,1,1,,B,15Bn2@001tPthC6Dtf5KTq>l0<43,0*57
\s:66,c:1782377499*42\!AIVDM,1,1,,A,13IUmQ301hP0<gjLBmCKQa>v053<,0*16
\s:66,c:1782377494*4F\!AIVDM,1,1,,B,16:?J7P0017rD4r9v6tL4Fg40HD3,0*13
\s:66,c:1782377501*42\!AIVDM,1,1,,A,13`dVO0P00PF<o>NFG`v4?w<2<0f,0*63
\s:66,c:1782377496*4D\!AIVDM,1,1,,A,B7ldgFP00:6<<UOoiksOowP4kP06,0*2C
\s:66,c:1782377499*42\!AIVDM,1,1,,B,37m:1g8PC>WD5<p13L6VNU9:00N@,0*67
\s:66,c:1782377496*4D\!AIVDM,1,1,,A,3kIT>2P000On=E8JmC3H27Hn0000,0*52
\s:66,c:1782377501*42\!AIVDM,1,1,,B,16:;lPSP00`VL:0DVK8>4?w@253<,0*07
\s:66,c:1782377496*4D\!AIVDM,1,1,,A,35Mwr;P005rdsAvG@K`qOWW601bQ,0*72
\s:66,c:1782377494*4F\!AIVDM,1,1,,A,13cwG`00000g>ElHsmTKiV500000,0*24
\s:66,c:1782377498*43\!AIVDM,1,1,,A,36;:2P0P@U8LuVp=rNkeDqW80PsQ,0*05
\s:66,c:1782377497*4C\!AIVDM,1,1,,B,19NSp`h021PEm0JECWV:;`<t2D6q,0*66
\s:66,c:1782377497*4C\!AIVDM,1,1,,A,13m;U3P0000L4r6Sgl63RRe80@Eg,0*2A
\s:66,c:1782377494*4F\!AIVDM,1,1,,A,19NSUi01An8lmhdCER7<;qn:053<,0*5F
\s:66,c:1782377498*43\!AIVDM,1,1,,B,13cSrV002=Pq6k4EgAg9A7W:08FI,0*55
\s:66,c:1782377499*42\!AIVDM,1,1,,B,19NSNm@P28QBt5JFSLL1Vww<2D0g,0*7E
\s:66,c:1782377499*42\!AIVDM,1,1,,A,15SPgj5P?w<tSF0l4Q@>4?wv0pG>,0*28
\s:66,c:1782377500*43\!AIVDM,1,1,,B,17tNfohOiqW?ve81Oj;Db3g220T0,0*65
\s:66,c:1782377498*43\!AIVDM,1,1,,A,15NOnw0P01rQdobFKuAEkgw<20Sj,0*11
\s:66,c:1782377498*43\!AIVDM,1,1,,A,19NSgh00k6vgG566RdkVbmC80<06,0*77
\s:66,c:1782377496*4D\!AIVDM,1,1,,A,14SjsD001IPr6HhOCl1jVB;82HEO,0*3D
\s:66,c:1782377500*43\!AIVDM,1,1,,B,ENjbW5g6TaaTW3h@@@@@@@@@@@@@Kj`M@W7V000000N0100,2*6E
\s:66,c:1782377500*43\!AIVDM,1,1,,B,ENk`sVvab9h@@@@@@@@@@@@@@@@=63Sm8pO9@00003vP000,2*7B
\s:66,c:1782377498*43\!AIVDM,1,1,,A,16:Bab0P09`gUQhACNOf4?vl2H?O,0*26
\s:66,c:1782377499*42\!AIVDM,1,1,,A,H3?sB=Q0T@@E:0iDDpL00000000,2*43
\s:66,c:1782377499*42\!AIVDM,1,1,,B,H3?sB=TTC=D5f9O47lqlp010522t,0*00
\s:66,c:1782377499*42\!AIVDM,1,1,,A,144fF3Q0?w<tSF0l4Q@>40up1`I6,0*18
\s:66,c:1782377497*4C\!AIVDM,1,1,,B,B3?sB=P00@5cDBWOTR3Q1>j1h8Eb,0*78
\s:66,c:1782377499*42\!AIVDM,1,1,,A,ENk:2g0QWPab@3bPa2@9Wbb4@HhMf`am<ghv@00003vP10,4*76
\s:66,c:1782377313*47\!AIVDM,1,1,,B,33aGuM@P00PDPWjMdTKN4?w22C63,0*10
\s:66,c:1782377501*42\!AIVDM,1,1,,A,18IbI`8P2G7K?h<0eVScuww:08F4,0*21
\s:66,c:1782377501*42\!AIVDM,1,1,,A,13cm=`30010`d`:IG7Lid@CD0D7S,0*34
\s:66,c:1782377502*41\!AIVDM,1,1,,B,18I<pT0wh90PbEPO5arHRpo@08HO,0*5F
\s:66,c:1782377496*4D\!AIVDM,1,1,,B,33@pe:0Oh80L?W@O7toq8CA60000,0*2F
\s:66,c:1782377496*4D\!AIVDM,1,1,,A,13V>H0001`OPKhlK2iBi<hu:0@EI,0*69
\s:66,c:1782377497*4C\!AIVDM,1,1,,B,19@>l;80154B:p@>>:hrrWO41VH`,0*45
\g:1-2-5198674,s:66,c:1782377467*01\!AIVDM,2,1,4,B,53a3WlH000010;;WK00HDP58000000000000001?90>64ud`203@@Dlk,0*41
\g:2-2-5198674*6D\!AIVDM,2,2,4,B,5BDh00000000000,2*78
\s:66,c:1782377470*45\!AIVDM,1,1,,A,33a3WlEP00PCMOBMeHJf4?vD2Ddr,0*1C
\s:66,c:1782377451*46\!AIVDM,1,1,,B,33`nwpEP00PBjDlMeQcf4?wV2DAr,0*7A
\s:66,c:1782377501*42\!AIVDM,1,1,,B,18I>Rl002>PPELLNvbqSQBm@0@H<,0*6E
\s:66,c:1782377500*43\!AIVDM,1,1,,B,B52e>CP005qmQi4cPE>6Wwl1T000,0*6A
\s:66,c:1782377496*4D\!AIVDM,1,1,,A,13LBWa001P1Pk?6RkcA5?D<00000,0*27
\s:66,c:1782377501*42\!AIVDM,1,1,,A,16U8Tn?P00a>KHtD3bWnR?wB0<4=,0*40
\s:66,c:1782377501*42\!AIVDM,1,1,,B,13l3p6@02H81mh<:`wAj9Qk@0@Gv,0*00
\s:66,c:1782377501*42\!AIVDM,1,1,,B,C1W`n:h0E8:sai0SqOJ>owl06@2L?0HNL?1c11111110?1052120,0*16
\s:66,c:1782377503*40\!AIVDM,1,1,,B,B7loew@009rDbtw8F2803wmR0000,0*50
\s:66,c:1782377492*49\!AIVDM,1,1,,,17ld`a00007W4Jito5Hv42a03000,0*5B
\s:66,c:1782377497*4C\!AIVDM,1,1,,A,13cLJr001UPC:?@Mm=rJ985:08En,0*09
\s:66,c:1782377497*4C\!AIVDM,1,1,,A,33mCtp00000kMv<U7DaQ8QSp0000,0*0C
\s:66,c:1782377497*4C\!AIVDM,1,1,,B,133TVP000RP=T16MHTa01rvh00Se,0*71
\s:66,c:1782377498*43\!AIVDM,1,1,,B,14`UtFP012rD34@55:Is:66,0*64
\s:66,c:1782377499*42\!AIVDM,1,1,,A,369<l:Psh68Q8fREuC;HIWe<05N3,0*57
\s:66,c:1782377500*43\!AIVDM,1,1,,A,4025rH1vad`kW149I<OT1>?02<3n,0*00
\s:66,c:1782377500*43\!AIVDM,1,1,,A,1815NNhwAr2eHbj<hpgUeDO<00SE,0*42
\s:66,c:1782377498*43\!AIVDM,1,1,,A,16:65oPP1i88D6h=0S;dqOw:08FC,0*4A
\g:1-2-5198675,s:66,c:1782377496*0E\!AIVDM,2,1,5,B,5343DN`00000uCGOG80<tq@TpDq@4h000000001I@P38:5chM2PAQiDk,0*53
\g:2-2-5198675*6C\!AIVDM,2,2,5,B,3m1CRB`0RCSQCR@,2*3C
\s:66,c:1782377499*42\!AIVDM,1,1,,B,13aQde00000ANdDMGU3JirK@08G<,0*4C
\s:66,c:1782377497*4C\!AIVDM,1,1,,A,33`e>phOhLPDCvPMdodR51m:21uP,0*1A
\s:66,c:1782377498*43\!AIVDM,1,1,,A,19NSIP1P?wW@67P4Rw7>4?w:0hEn,0*68
\s:66,c:1782377498*43\!AIVDM,1,1,,B,15?de@PwAv7ReEr27DEQ60o:00SB,0*6F
\s:66,c:1782377499*42\!AIVDM,1,1,,B,ENk`s@Lr@@@@@@@@@@@@@@@@@@@=8aat7GbmP00003vP000,2*11
\s:66,c:1782377500*43\!AIVDM,1,1,,A,4055FF1vad`kWWEdef1FkTg020S:,0*3D
\s:66,c:1782377498*43\!AIVDM,1,1,,A,19u:UR20077L1@@0fOaG3B1:00SK,0*74
\s:66,c:1782377498*43\!AIVDM,1,1,,A,13s=77gP1NwH9NJGSe40N?w<253<,0*67
\s:66,c:1782377499*42\!AIVDM,1,1,,B,15?dTt@01f05NvpFhj20v0g:053<,0*67
\s:66,c:1782377499*42\!AIVDM,1,1,,A,13lCD:01AJ`ll08A>2sjG25:08Fw,0*00
\s:66,c:1782377497*4C\!AIVDM,1,1,,A,1815Is00238e=;@Ar8tUJDC60<@a,0*77
\s:66,c:1782377501*42\!AIVDM,1,1,,A,18SK6:PP02WaJAd;qH=b3?w>282e,0*25
\s:66,c:1782377498*43\!AIVDM,1,1,,B,39N`2o@v22OccAGkS0?Tm3o805pC,0*7F
\s:66,c:1782377498*43\!AIVDM,1,1,,B,137SO0002jOwtODLrkVb7`9:00S4,0*71
\s:66,c:1782377500*43\!AIVDM,1,1,,B,19NStlP0273@dBmrQ`k1u1a>053<,0*7D
\s:66,c:1782377493*48\!AIVDM,1,1,,A,17liUwH01jWKuip0l5SSCjbv00S2,0*61
\s:66,c:1782377496*4D\!AIVDM,1,1,,A,14QuOd001ROwha`M0eMcG9=:08ET,0*48
\g:1-2-5198676,s:66,c:1782377502*01\!AIVDM,2,1,6,B,5771bf82D6rmI91;N20pEN0<tlHu9B222222221@R`pRJ5K00@Dj1Bkm,0*26
\g:2-2-5198676*6F\!AIVDM,2,2,6,B,K0j2CPH88888880,2*61
\s:66,c:1782377502*41\!AIVDM,1,1,,A,38I:wo10007L32F0gGD1sl1B0Dg:,0*5B
\s:66,c:1782377502*41\!AIVDM,1,1,,B,13ErMW?P0CP<mjhGfCwPhOwB2<2C,0*3D
\s:66,c:1782377502*41\!AIVDM,1,1,,A,15?dejP01nQHs2HPVI;Q3hkB0hHk,0*75
\s:66,c:1782377503*40\!AIVDM,1,1,,B,H3@p2w0<P4hhDpLD00000000000,2*4D
\s:66,c:1782377503*40\!AIVDM,1,1,,A,H3@p2w4TC=D4s4tH@5pklk187320,0*5B
\s:66,c:1782377501*42\!AIVDM,1,1,,A,13oGbT000K0IUMBQmf9oan;D0@HD,0*62
\s:66,c:1782377501*42\!AIVDM,1,1,,B,B6:ddO000R24MV3?Oe8000DWQP06,0*61
\s:66,c:1782377501*42\!AIVDM,1,1,,B,19@<dR000U2DscBAsFeJe`UD00Rl,0*57
\s:66,c:1782377444*42\!AIVDM,1,1,,A,34`WpG5000PC`8>MdCwV8U5F0Djr,0*68
\s:66,c:1782377498*43\!AIVDM,1,1,,B,3815RG10007?l041Twl8GqU:0Dlb,0*3B
\s:66,c:1782377500*43\!AIVDM,1,1,,,13e>vt02iR7?PEl1`M07h6E>8000,0*42
\s:66,c:1782377486*4C\!AIVDM,1,1,,A,B3`mtS@0484oR=WM9HCCswe1l8?b,0*07
\s:66,c:1782377400*42\!AIVDM,1,1,,A,13`rCr0P00PBi>JMSt9I:wv02D6P,0*69
\s:66,c:1782377501*42\!AIVDM,1,1,,B,15?den@vRAM2PVKwP@F;m9W>08Gv,0*78
\s:66,c:1782377494*4F\!AIVDM,1,1,,A,15?dU=P0072O7c`@VbBoG376053<,0*19
\s:66,c:1782377502*41\!AIVDM,1,1,,,13mOCL001bvhq60V4JBC>2a@2P00,0*14
\s:66,c:1782377503*40\!AIVDM,1,1,,B,13ku8p0tjpIFmQ41R1?aOWc>0<00,0*6D
\s:66,c:1782377503*40\!AIVDM,1,1,,A,16?UnF0P00Tw5Nn=0c<V7OwBPD3=,0*66
\s:66,c:1782377499*42\!AIVDM,1,1,,B,148eiL002TP7SM8Mc7q4KSQ>853<,0*56
\s:66,c:1782377499*42\!AIVDM,1,1,,B,19NSHm@01r7;oU@1kqP5545<08Fq,0*29
\s:66,c:1782377496*4D\!AIVDM,1,1,,B,B5O@8tP006ca0LUmiqkQ3wj1h000,0*54
\s:66,c:1782377498*43\!AIVDM,1,1,,A,16:<lJP01:8gc8hAkvDcu9S8053<,0*50
\s:66,c:1782377499*42\!AIVDM,1,1,,B,19NSfB@2037K6OH0eH<:pmg>0D<7,0*08
\s:66,c:1782377500*43\!AIVDM,1,1,,A,35NQv9<P@qJdvC>G?rvCKRM>023P,0*3C
\s:66,c:1782377498*43\!AIVDM,1,1,,A,19NSnbP1021`hJfG<SNA0E=808FK,0*1B
\s:66,c:1782377499*42\!AIVDM,1,1,,B,16Sj544P1Na=K=HCrL6Vvww<2D7s,0*06
\s:66,c:1782377496*4D\!AIVDM,1,1,,B,403n1pP000HttSUkpN?:oSW00pEO,0*52
\s:66,c:1782377500*43\!AIVDM,1,1,,B,C6=gvwh00qLrd80oFc=1?wkPBJbH31QgQi0`H;111110?0d2QQ00,0*20
\s:66,c:1782377500*43\!AIVDM,1,1,,B,33`eMA@Oh7PCGpFMF>ncQ0w>P1wh,0*70
\s:66,c:1782377500*43\!AIVDM,1,1,,B,36:=HS001C8gIgDAm@wL1qa>0001,0*32
\s:66,c:1782377501*42\!AIVDM,1,1,,A,33oTnD00001FpcBWoPBDaa=p0000,0*32
\s:66,c:1782377499*42\!AIVDM,1,1,,A,13Ea9p7P0EP<:NNGbl3lD?w>2<0?,0*28
\s:66,c:1782377499*42\!AIVDM,1,1,,A,16:;VQPP1E8NDLtF@;<FBgw<0HF`,0*2E
\s:66,c:1782377501*42\!AIVDM,1,1,,A,:4SqMB19h30P,0*36
\s:66,c:1782377500*43\!AIVDM,1,1,,B,18Htop?P0dWLK?<0j`0Ga?w@2@Gj,0*1C
\s:66,c:1782377498*43\!AIVDM,1,1,,A,13oTnD0000QFpcDWoPBT`q=<0D1J,0*14
\s:66,c:1782377496*4D\!AIVDM,1,1,,A,13orpN00001FpSPWoQg@a6M80D1r,0*58
\s:66,c:1782377502*41\!AIVDM,1,1,,B,139ecs0000PeaN4N`odlpSK>0<49,0*5B
\s:66,c:1782377499*42\!AIVDM,1,1,,B,H7hGIB4g653<I4Uk4A8PPP1p?550,0*31
\s:66,c:1782377501*42\!AIVDM,1,1,,A,177SHs?000`VS=6DV97:SjA@00Rp,0*22
\s:66,c:1782377495*4E\!AIVDM,1,1,,B,18KeP@00007MRQh0bQ1GTC?80<24,0*6C
\s:66,c:1782377497*4C\!AIVDM,1,1,,A,13`dVIhP00PDS:rMdW=h0?w:2D7a,0*41
\s:66,c:1782377503*40\!AIVDM,1,1,,A,18JGsd0P00WJj;p0gmdf4?wF20Rs,0*48
\s:66,c:1782377499*42\!AIVDM,1,1,,A,13aEPLgP00PGVovNOOMP0?w>28G1,0*1A
\s:66,c:1782377500*43\!AIVDM,1,1,,B,83aEPLPj2d<dt=eLehPHN@O02w00,0*63
\s:66,c:1782377498*43\!AIVDM,1,1,,B,19NSJeh3QGPCl>vMBOW0`0Vb00SB,0*37
\s:66,c:1782377493*48\!AIVDM,1,1,,A,17tCwMQP017J1Kt0i;rN4?vb2PS:,0*14
\s:66,c:1782377498*43\!AIVDM,1,1,,B,13MC0L@02:71FPN3<W4d<9e200R6,0*4D
\s:66,c:1782377498*43\!AIVDM,1,1,,B,37lj=F1P097aER5tQqE5<ww:2Dn:,0*40
\s:66,c:1782377498*43\!AIVDM,1,1,,A,39N`1Oh0188<BEP<kGts>`w<05LS,0*66
\s:66,c:1782377492*49\!AIVDM,1,1,,B,403OtK1vad`kPra8s4FohiO02L62,0*3A
\g:1-2-5198677,s:66,c:1782377499*03\!AIVDM,2,1,7,B,56:Ljh`0000091QOJ21T4pM<P4p`W362222222161AO9:5dmN;F@CQp8,0*32
\g:2-2-5198677*6E\!AIVDM,2,2,7,B,4j0C`8888888880,2*55
\s:66,c:1782377494*4F\!AIVDM,1,1,,,17ldN6EP007L`1N0UeOPm?w40000,0*6E
\s:66,c:1782377499*42\!AIVDM,1,1,,B,16K2<k@000aiWMtD01LbIUW@0<3D,0*01
\s:66,c:1782377499*42\!AIVDM,1,1,,A,34eGLqh2haG;iO>Kh>DM8:?p0000,0*50
\s:66,c:1782377498*43\!AIVDM,1,1,,B,1815Su001wvcmqL<amC81nM80HF8,0*6A
\s:66,c:1782377499*42\!AIVDM,1,1,,A,17lj3=0P00`Fg=uwApoRcgw62HBs,0*34
\s:66,c:1782377499*42\!AIVDM,1,1,,A,18I?070027`jNqvA0fC0j@i80D7<,0*78
\s:66,c:1782377493*48\!AIVDM,1,1,,,B3@pV`P0?LjEBIu3wR7FcwhQl000,0*44
\s:66,c:1782377499*42\!AIVDM,1,1,,A,13n4Jm0002Q@UHhWh6:qGK762<0=,0*73
\s:66,c:1782377500*43\!AIVDM,1,1,,A,C6:7O=00EB;eV=TAmjtjswv0DB2L?0<:L?1ST0000000S2P5230P,0*31
\s:66,c:1782377493*48\!AIVDM,1,1,,A,33nh7D5000Oreu8RKdQGqS;40000,0*05
\s:66,c:1782377498*43\!AIVDM,1,1,,B,14SAbJ001nPdP30Q4Bv3L2i>08FQ,0*76
\s:66,c:1782377499*42\!AIVDM,1,1,,B,13IlvA0vjTwdcGPL1WhQl1S:8@Fp,0*43
\s:66,c:1782377497*4C\!AIVDM,1,1,,B,4028nC1uJl`kUwTGqFDe3fi020S:,0*2F
\s:66,c:1782377500*43\!AIVDM,1,1,,A,15CJil002bNfNcp89r2erc;6053<,0*39
\s:66,c:1782377500*43\!AIVDM,1,1,,A,19NSj;h02P0?81rMb710m0a@0D7K,0*41
\s:66,c:1782377499*42\!AIVDM,1,1,,A,B7ldIQh07ao@lB08o<G1swjWkP06,0*65
\s:66,c:1782377498*43\!AIVDM,1,1,,A,352lHWEv@1re73vG86r0jkA:0000,0*37
\s:66,c:1782377495*4E\!AIVDM,1,1,,A,1815QB002>7Q@dL1`DB80VG208Dd,0*6E
\s:66,c:1782377499*42\!AIVDM,1,1,,,13=>MN01BM0J1<GkUmFEPDM60000,0*64
\s:66,c:1782377500*43\!AIVDM,1,1,,A,19Lh6P1001RmG:AucE5002O>2@G=,0*42
\g:1-2-5198678,s:66,c:1782377501*0C\!AIVDM,2,1,8,B,860Rd1QKfK:tvF89O`UibTSEL<46EEocA>QVK83gW7twv1>IK:ESW0hU,0*13
\g:2-2-5198678*61\!AIVDM,2,2,8,B,5:5MNCmK0HqpAGU:AW8PPUAQA@5ORPh7ArA5F34,2*18
\s:66,c:1782377501*42\!AIVDM,1,1,,B,13cqKt3v@0wuU68LBMnlr7`P00SD,0*45
\s:66,c:1782377502*41\!AIVDM,1,1,,A,15UQ>L00247TfLl2@bmpBFW:08Ha,0*32
\s:66,c:1782377500*43\!AIVDM,1,1,,A,402E34Qvad`k`PL;=VNVG3w020S:,0*17
\s:66,c:1782377502*41\!AIVDM,1,1,,A,13ku1L002POVu@KnF@j5341D0<00,0*0B
\s:66,c:1782377486*4C\!AIVDM,1,1,,A,33aN4PE000PCM4LMdGAT1PPlPDfJ,0*20
\s:66,c:1782377494*4F\!AIVDM,1,1,,B,13aGDr0P00PHiktNK8t8pgw228Cr,0*21
\s:66,c:1782377501*42\!AIVDM,1,1,,A,H3uKhn4U0000000000000000;110,0*0F
\s:66,c:1782377502*41\!AIVDM,1,1,,A,18I0eb000h7L95f0g7d2vjSF053<,0*2D
\s:66,c:1782377502*41\!AIVDM,1,1,,A,B3n3NQ0008<1;g8S9q8000N00000,0*19
\s:66,c:1782377497*4C\!AIVDM,1,1,,B,13cPp4300108CatN=8LEAJG<053<,0*34
\s:66,c:1782377493*48\!AIVDM,1,1,,B,13AGmn001aPRm6PNpq8UpTe40<9s,0*6A
\s:66,c:1782377496*4D\!AIVDM,1,1,,A,17ldhl0P02WL0MH0bBpf4?w82DAq,0*64
\s:66,c:1782377500*43\!AIVDM,1,1,,B,16:=NwPP0o8gPA@Aevu=ogw>0<8r,0*50
\s:66,c:1782377498*43\!AIVDM,1,1,,A,19NSJl000Dd`N5ebb87K2B=228CU,0*5C
\s:66,c:1782377498*43\!AIVDM,1,1,,A,B39hS5P000=ocnWgwagQ3wk1j0=Q,0*67
\s:66,c:1782377493*48\!AIVDM,1,1,,A,B7tGj`0001l20jPKB4dsHgh02h06,0*3E
\s:66,c:1782377497*4C\!AIVDM,1,1,,A,@05NUb2FLLkT<P00,0*3D
\s:66,c:1782377499*42\!AIVDM,1,1,,B,19NSf8h00A`GGPV=?u6iW4=60@Fl,0*3B
\s:66,c:1782377497*4C\!AIVDM,1,1,,B,17738o01ij`qrAVBmhfl7S<l053<,0*75
\s:66,c:1782377499*42\!AIVDM,1,1,,B,17ldSihP00`FcLSwBn=W7?w:28Fj,0*21
\s:66,c:1782377499*42\!AIVDM,1,1,,A,15?dMv@0023`awH?qr6;FqgT0`Fv,0*68
\s:66,c:1782377493*48\!AIVDM,1,1,,A,13aOB6@000PKBnrMewwv40;20HCS,0*70
\s:66,c:1782377501*42\!AIVDM,1,1,,A,@05NUb28H9Eh<P00,0*20
\s:66,c:1782377499*42\!AIVDM,1,1,,A,13=@Bb0u1u8h8phAk@ibP`Up0D=9,0*0C
\s:66,c:1782377497*4C\!AIVDM,1,1,,A,33mNwr00241@@9nRgCgrU`Op0000,0*09
\s:66,c:1782377500*43\!AIVDM,1,1,,A,15?dTo@01``fe2`A7prrV8M<0pG=,0*71
\s:66,c:1782377500*43\!AIVDM,1,1,,B,18Jcm88OhV7KCp`0d4gKH9a>00S3,0*34
\s:66,c:1782377500*43\!AIVDM,1,1,,B,1565Df@01N1GVlhDbQc3b2u:0@F8,0*1D
\s:66,c:1782377496*4D\!AIVDM,1,1,,B,C69E3QP09B>9Ds415lD=Owv0l@:hB2L>jcUcWij00000?1p7QQPP,0*50
\s:66,c:1782377494*4F\!AIVDM,1,1,,B,13AQCD000008N;FNq2?4bFA2053<,0*50
\s:66,c:1782377495*4E\!AIVDM,1,1,,A,B3mo>aP0@h;hW0`L@B:JgwiQh53<,0*52
\s:66,c:1782377500*43\!AIVDM,1,1,,A,402FhaQvad`k`0dsvPI=i@70053<,0*47
\s:66,c:1782377494*4F\!AIVDM,1,1,,B,14d;?R0019R4fQ`GLut@3h9408DF,0*3D
\s:66,c:1782377499*42\!AIVDM,1,1,,A,13`fiS0P00PFKO`MvsIN4?w>2L6p,0*3F
\s:66,c:1782377502*41\!AIVDM,1,1,,A,16:Bl5P01O`gVr<AC7rMvs740<7Q,0*67
\s:66,c:1782377501*42\!AIVDM,1,1,,B,33MD<nPP@@08ulNM`G8IeG5@00m0,0*30
\s:66,c:1782377503*40\!AIVDM,1,1,,B,1:U72H@P00Lr;rgjrMeBu?wF08Hv,0*09
\s:66,c:1782377458*4F\!AIVDM,1,1,,A,33crOQ5000PC<ohMeKwug1Cn0E@b,0*49
\s:66,c:1782377501*42\!AIVDM,1,1,,B,15W3Cj;P00vh>b88IFmf4?w@2@Ge,0*2D
\s:66,c:1782377140*43\!AIVDM,1,1,,B,H52WUD1LPU@F0PE8tr222222220,2*7B
\s:66,c:1782377498*43\!AIVDM,1,1,,B,H52WUD4U1=3000000000001@4440,0*37
\s:66,c:1782377502*41\!AIVDM,1,1,,A,18I;d00wAg83vKR8UgGQ?0s@08HM,0*21
\s:66,c:1782377454*43\!AIVDM,1,1,,A,13`hqtPP1PPDTrhMbBa:Tgwd2<<N,0*78
\s:66,c:1782377501*42\!AIVDM,1,1,,A,6Nm>=;D000clQDB7i1C<P@00,0*27
\s:66,c:1782377500*43\!AIVDM,1,1,,A,13l3qvh02i01S<JLtsNat7s@00S>,0*22
\s:66,c:1782377501*42\!AIVDM,1,1,,A,839Fu50j2d<dttMLe29Pq?bh6AL0,0*36
\s:66,c:1782377496*4D\!AIVDM,1,1,,B,15Sd6F001eL37wiviLHSw3;:0@E=,0*61
\s:66,c:1782377501*42\!AIVDM,1,1,,A,B69E3QP07B>9Du415j`J4Dv021Mk,0*0C
\s:66,c:1782377495*4E\!AIVDM,1,1,,A,13=dC`0wjo1EJhHD@p>s5Hq20<3l,0*56
\s:66,c:1782377496*4D\!AIVDM,1,1,,A,1:0JpS0009ROPC6@l;Gpj53628E8,0*48
\s:66,c:1782377498*43\!AIVDM,1,1,,B,405GdOh000Htt7Jptb0bP>W02t;:,0*6F
\s:66,c:1782377499*42\!AIVDM,1,1,,B,38I<>i50007akpf60D;uhP3>06vC,0*28
\s:66,c:1782377492*49\!AIVDM,1,1,,A,142OlQk0?w2?QhDHQpfv46q62l0a,0*33
\s:66,c:1782377499*42\!AIVDM,1,1,,A,19NSn4@0020:9F4GT6>=BHe@053<,0*59
\s:66,c:1782377499*42\!AIVDM,1,1,,A,353fsf5000r@wD@>sN`pQEW<0000,0*48
\s:66,c:1782377499*42\!AIVDM,1,1,,B,16qVhkgP004l@Hl>;=FKlOw@00SN,0*31
\s:66,c:1782377499*42\!AIVDM,1,1,,B,139VQk001lPB:0hMJtL@k0ntPHFw,0*48
\s:66,c:1782377501*42\!AIVDM,1,1,,B,34cM6wh01J0H69vEEJUrL`AB02vQ,0*08
\s:66,c:1782377501*42\!AIVDM,1,1,,B,19N`10h01RNeEFJ:8HO=sc?B08Gf,0*27
\s:66,c:1782377501*42\!AIVDM,1,1,,A,402M57ivad`k`2:i:h`;dBwP2L0L,0*45
\s:66,c:1782377495*4E\!AIVDM,1,1,,B,16:?2p00008iEN6A`<GkAD0v053<,0*71
\s:66,c:1782377501*42\!AIVDM,1,1,,B,B8Ht6CP009nuJ3P;ef`03wk4kP06,0*03
\s:66,c:1782377500*43\!AIVDM,1,1,,B,15>nr8002w7O7DF1Ph0e`rq<0HF=,0*33
\s:66,c:1782377501*42\!AIVDM,1,1,,A,13K>9d01@3ROi`8@kqarF2Qp08Gr,0*73
\s:66,c:1782377482*48\!AIVDM,1,1,,B,1342pgP014PC1mlMff8E8Stb08<t,0*7D
\s:66,c:1782377498*43\!AIVDM,1,1,,A,13n3Pt0001PIu6PQhWnkIFG>0000,0*4B
\s:66,c:1782377497*4C\!AIVDM,1,1,,A,28I<>i50007akpb60D;uhP380D5t,0*2E
\s:66,c:1782377501*42\!AIVDM,1,1,,B,369>;?0007`KvwjF7cr;@kS<0RrA,0*2A
\s:66,c:1782377499*42\!AIVDM,1,1,,B,1776qO0wRA6?W123M10SP2k>08Fo,0*2F
\s:66,c:1782377502*41\!AIVDM,1,1,,B,405GdOh000Htt7Jptb0bP>W02t;<,0*69
\s:66,c:1782377503*40\!AIVDM,1,1,,A,B697?vP006woWpJw3hIaWwv63P06,0*07
\s:66,c:1782377502*41\!AIVDM,1,1,,B,B69FSg@07r>1vQT22OhC7wlVSP06,0*48
\s:66,c:1782377498*43\!AIVDM,1,1,,A,B5O:V4000Ow`J;UaArP9Gwi5oP06,0*64
\s:66,c:1782377499*42\!AIVDM,1,1,,A,369FS=P01S8iBsPA?m1=jK9<00tQ,0*1E
\s:66,c:1782377499*42\!AIVDM,1,1,,A,1779c>001l7Ue2b2a1dQb1A@0@GC,0*08
\s:66,c:1782377498*43\!AIVDM,1,1,,A,13lh060w051`?;tElE7e:nK:0000,0*5E
\s:66,c:1782377497*4C\!AIVDM,1,1,,B,B69DS;PD0R;o=`TDdqU=owjmSP06,0*4C
\s:66,c:1782377497*4C\!AIVDM,1,1,,A,B5OD7DP006io4;1gAPP000N00000,0*1F
\s:66,c:1782377500*43\!AIVDM,1,1,,A,4>kvm`iuJl`kW2kAgb<CG;A00D3m,0*1F
\s:66,c:1782377498*43\!AIVDM,1,1,,A,13bahf00200DhKTO8HEqi7u:0D1A,0*36
\s:66,c:1782377496*4D\!AIVDM,1,1,,B,139gu`0P15PpjcNO5iS=2?w828EI,0*56
\s:66,c:1782377499*42\!AIVDM,1,1,,B,13K19b012U7RG;j1w>kGwFI@0<0w,0*34
\s:66,c:1782377463*47\!AIVDM,1,1,,B,13aLm2hP00PCgUdMd>AN4?v62<80,0*7D
\s:66,c:1782377485*4F\!AIVDM,1,1,,B,139pv4P000PChJ6Md@nf46NjRD7i,0*44
\s:66,c:1782377425*45\!AIVDM,1,1,,B,339pv4P000PChJ4Md@qN46NjR2ri,0*40
\s:66,c:1782377502*41\!AIVDM,1,1,,B,15?dUV002CSn<F5via48F6WB253<,0*65
\s:66,c:1782377498*43\!AIVDM,1,1,,B,402IPJQvad`i9NFBKNV0jbO020S:,0*67
\s:66,c:1782377500*43\!AIVDM,1,1,,B,13aHle@000PWnJrNI?4@2pE800RL,0*4B
\s:66,c:1782377501*42\!AIVDM,1,1,,B,19pV=<?005NTA=09kKb9ClO>0PS=,0*44
\s:66,c:1782377502*41\!AIVDM,1,1,,A,39NSt75000`gRi8AC=qKTDO20Dg:,0*32
\s:66,c:1782377498*43\!AIVDM,1,1,,A,13b`Nd7P000Eqb0NC5lv4?w:0<1j,0*0E
\s:66,c:1782377501*42\!AIVDM,1,1,,B,369AcfU0008ff3PAQVK7<`?@0Dcr,0*1F
\s:66,c:1782377502*41\!AIVDM,1,1,,B,13dPgW@P01Q2J2rDRvI<nwwB2@HJ,0*12
\s:66,c:1782377495*4E\!AIVDM,1,1,,A,B5NK9A000=l1WjVl=O4Nwwi5kP06,0*12
\s:66,c:1782377355*45\!AIVDM,1,1,,B,B3`wrv@00@4tqL7Jlo8?KwW1jBIr,0*0A
\s:66,c:1782377192*4C\!AIVDM,1,1,,B,H3`wrvA=0D=Dh4q@00000000000,2*63
\s:66,c:1782377192*4C\!AIVDM,1,1,,B,H3`wrvDU7B=4011@3pjom01P5334,0*2B
\s:66,c:1782377496*4D\!AIVDM,1,1,,B,169qb:PP008e<6vA8r9GdOw608E1,0*70
\s:66,c:1782377399*45\!AIVDM,1,1,,B,B3aIgvh0084sD97K>dVF7wu7kP06,0*0E
\s:66,c:1782374793*48\!AIVDM,1,1,,A,H3aIgvhhtl4>222222222222220,2*44
\s:66,c:1782377311*45\!AIVDM,1,1,,B,H3aIgvlUPPPPPPP@4nqokP0h1210,0*6B
\s:66,c:1782377502*41\!AIVDM,1,1,,B,36:B5rPOiu`gK>@A4UqU54kD011h,0*5C
\s:66,c:1782377496*4D\!AIVDM,1,1,,B,16;bl:30h081Pff<1L2uii?800RM,0*31
\s:66,c:1782377496*4D\!AIVDM,1,1,,A,18R9km000iSQJnN?jT<ipAA608E?,0*13
\s:66,c:1782377499*42\!AIVDM,1,1,,B,B6:kfWh0Er9gI`4TsQh:CwjT2000,0*31
\s:66,c:1782377495*4E\!AIVDM,1,1,,B,13mTON00000L0W>SgTK6`Rm40@Dk,0*13
\s:66,c:1782377496*4D\!AIVDM,1,1,,A,13oJ2r0000PHGrrRSg7A63M20000,0*74
\s:66,c:1782377496*4D\!AIVDM,1,1,,A,35N0cSd00kIbr9BC<N`Fk5Ip0000,0*33
\s:66,c:1782377493*48\!AIVDM,1,1,,B,18I``F0P02WLDmh0aTov4?w028Bb,0*61
\s:66,c:1782377498*43\!AIVDM,1,1,,A,15OH<aS000r;DIDAI=h0v8k:0000,0*69
\s:66,c:1782377499*42\!AIVDM,1,1,,B,13bDe40P00PBuM@MfniPD?w:0HFL,0*62
\s:66,c:1782377499*42\!AIVDM,1,1,,B,19<LUF0P0ovgm2L;IobWrOw<253<,0*25
\s:66,c:1782377500*43\!AIVDM,1,1,,A,B3?sRnP0006Qu2WSgK7Q3wk1jDL:,0*6F
\s:66,c:1782377497*4C\!AIVDM,1,1,,A,13ap<n001vP?wu>MJfJSEBg:0@Eg,0*03
\s:66,c:1782377500*43\!AIVDM,1,1,,B,35O7IOdOhqoR`clCBsPWQFI>01p0,0*69
\s:66,c:1782377501*42\!AIVDM,1,1,,A,HCgI?1Q<TLLV08`59@580000000,2*79
\s:66,c:1782377501*42\!AIVDM,1,1,,B,HCgI?1TNC=D6mP?jljn0000P622t,0*0A
\s:66,c:1782377498*43\!AIVDM,1,1,,A,B8Hts:66,0*0D
\s:66,c:1782377499*42\!AIVDM,1,1,,A,18LEJt000avwrLt5CHc2Ij>l0<18,0*19
\s:66,c:1782377500*43\!AIVDM,1,1,,B,35D:<v0PAOPDMc:ET66D8SA>2000,0*3A
\s:66,c:1782377499*42\!AIVDM,1,1,,,1:U90SP00sM?aNApUsQD33;<1000,0*19
\s:66,c:1782377501*42\!AIVDM,1,1,,,14`V1B001nP;Uo<FB<kTKkU:1000,0*5C
\s:66,c:1782377503*40\!AIVDM,1,1,,B,18Sje?gP0MWamA@613KiB?wD2000,0*05
\s:66,c:1782377499*42\!AIVDM,1,1,,B,13@sAf001jOL`CJJVdF`96U>08Fv,0*00
\s:66,c:1782377502*41\!AIVDM,1,1,,B,17WK:100037OG9@12Wlv45iB2@HT,0*7B
\g:1-2-5198679,s:66,c:1782377425*0A\!AIVDM,2,1,9,B,53bDe402AF<=0EQ:221H:11Dl62222222222220l20>655ph0;4Sm51D,0*26
\g:2-2-5198679*60\!AIVDM,2,2,9,B,Q0CH88888888880,2*44
\s:66,c:1782377501*42\!AIVDM,1,1,,B,36:8@RPtPb`VcT0DaG@d?J5>01e1,0*7A
\s:66,c:1782377502*41\!AIVDM,1,1,,A,B3P;3I0008FhvkUbnL7?RVN00000,0*1A
\s:66,c:1782377498*43\!AIVDM,1,1,,A,BCgI?1P01GUhq`9Q@h53cwPPq000,0*2E
\s:66,c:1782377498*43\!AIVDM,1,1,,B,13aDrE@P00PF<jfNFFQ@0?w828FI,0*19
\s:66,c:1782377499*42\!AIVDM,1,1,,B,18LdOP0ujf2B2tEeKe<9TWU:0HFN,0*73
\s:66,c:1782377494*4F\!AIVDM,1,1,,A,35PH9T@2P0JrhDnH?RoVk5Mp0000,0*42
\s:66,c:1782377498*43\!AIVDM,1,1,,B,15AvKb001aWKVEh0dwkb7`9<00SE,0*66
\s:66,c:1782377496*4D\!AIVDM,1,1,,B,13EtLJ0P0KOWe?4DRlf@Lgw600S2,0*2A
\s:66,c:1782377499*42\!AIVDM,1,1,,,17f@sl5000<lARQs7l<:wC340000,0*52
\s:66,c:1782377499*42\!AIVDM,1,1,,B,13ku9hh0k1pVotN6J3CsdaG@00SP,0*67
\s:66,c:1782377500*43\!AIVDM,1,1,,B,13m:S030062?Hh`HOf<@>5q>2hGN,0*51
\g:1-2-5198680,s:66,c:1782377359*00\!AIVDM,2,1,0,A,53aIk=0000010;CWK61@Ro7J222222222222220N283236m:;0liDSkl,0*06
\g:2-2-5198680*66\!AIVDM,2,2,0,A,p88888888888888,2*64
\s:66,c:1782377498*43\!AIVDM,1,1,,A,32wj;Q@02P1K?;jFe0HWnVCp0000,0*51
\g:1-2-5198681,s:66,c:1782377499*0A\!AIVDM,2,1,1,A,53JP4N82?57kTP7GCG4<l60<Ln0puD4@PT8uF219Bp:C6=b>0EA6PRPH,0*16
\g:2-2-5198681*67\!AIVDM,2,2,1,A,888888888888880,2*25
\s:66,c:1782377499*42\!AIVDM,1,1,,B,15OGqFP000rQaaFFMUf8?a;>0@G:,0*4D
\s:66,c:1782377495*4E\!AIVDM,1,1,,B,16K2lu@002aib2@D03Okdmu40<38,0*04
\s:66,c:1782377498*43\!AIVDM,1,1,,A,405flbivad`kV2>4Bqfr<=?000S:,0*40
\s:66,c:1782377499*42\!AIVDM,1,1,,B,13L13P002J1RM1fRLJCa;o@00000,0*6A
\s:66,c:1782377499*42\!AIVDM,1,1,,A,19NSgDP01S8hQKl@wGg4<CC@00S`,0*58
\s:66,c:1782377500*43\!AIVDM,1,1,,A,168sNNPP000OmJNE6iQSuww>0<1K,0*59
\s:66,c:1782377497*4C\!AIVDM,1,1,,A,19NSl0h0ir8juP`AHWK795W608Eu,0*4C
\s:66,c:1782377496*4D\!AIVDM,1,1,,B,B6bCJ1P06hort448RhPlKwv63P06,0*7B
\g:1-2-5198682,s:66,c:1782377500*08\!AIVDM,2,1,2,A,55?ddK80@IeW<GS?OF04hT5A@Tr0B222222222162AK>45f>0?QjAj@`,0*43
\g:2-2-5198682*64\!AIVDM,2,2,2,A,888888888888880,2*26
\s:66,c:1782377498*43\!AIVDM,1,1,,A,19NSs5k002M6OsekDghai2?:08F>,0*61
\s:66,c:1782377496*4D\!AIVDM,1,1,,A,19N`1@P01QPoPtdG2rWR=Qo40<18,0*3E
\s:66,c:1782377495*4E\!AIVDM,1,1,,B,139oI10P01P`W7jNFwh4ROw6253<,0*25
\s:66,c:1782377501*42\!AIVDM,1,1,,A,33GQ=8P02I06OErF:iM=Urq:01e1,0*0C
\s:66,c:1782377501*42\!AIVDM,1,1,,B,76;3l400w3ai,0*38
\s:66,c:1782377501*42\!AIVDM,1,1,,B,13P7qi003409JhvM=PoJ6`3@053<,0*28
\s:66,c:1782377502*41\!AIVDM,1,1,,B,19NSWoP00tJ?UoEvIIE8QVk<08HM,0*70
\s:66,c:1782377500*43\!AIVDM,1,1,,B,EvjN6A1cb3hHHh80cSh;TW26WV2P9e60?3>O0u7gg`N003P,2*53
\s:66,c:1782377502*41\!AIVDM,1,1,,B,15@DBd001W8itCvAj5BlOCN60HHA,0*40
\s:66,c:1782377500*43\!AIVDM,1,1,,A,13usEt001h0rTsHOjMqQf1G<0D2K,0*0E
\s:66,c:1782377502*41\!AIVDM,1,1,,B,405flbivad`ka2>4Bqfr<<w000S:,0*3D
\s:66,c:1782377502*41\!AIVDM,1,1,,A,B6:b0B@0729hCDTU6LNc80D40000,0*75
\s:66,c:1782377497*4C\!AIVDM,1,1,,B,15?ddK001R0`S9jEaR5rBpA60D4w,0*25
\s:66,c:1782377501*42\!AIVDM,1,1,,B,16:?agPP1f8fV:@AjDocIww@0<DV,0*70
\s:66,c:1782377502*41\!AIVDM,1,1,,A,403OvtAvad`karTpM@EOIVg02HHI,0*66
\s:66,c:1782377502*41\!AIVDM,1,1,,A,15?desP01PvfIHD8K1l=u@=B28He,0*45
\s:66,c:1782377496*4D\!AIVDM,1,1,,A,13uDiA0000QAqHPQtNcf4:g82@E7,0*7B
\s:66,c:1782377497*4C\!AIVDM,1,1,,B,14`UwR@01FJDUkv?:w>kUk;>P<06,0*07
\s:66,c:1782377499*42\!AIVDM,1,1,,B,37ljf9Q0P07Lo>j0`JgWE43>0Dg:,0*46
\s:66,c:1782377499*42\!AIVDM,1,1,,A,333g`DPOiAPCpp4MEMrL`:38011i,0*35
\s:66,c:1782377500*43\!AIVDM,1,1,,B,@@5NIkB8tbJ<<P0000000500,0*0F
\s:66,c:1782377499*42\!AIVDM,1,1,,A,33bCrB000q0kw<VO@sG@S0Op0000,0*17
\s:66,c:1782377499*42\!AIVDM,1,1,,B,369UMUPOiJ8LM>P=wkPlcS1>016A,0*6B
\s:66,c:1782377493*48\!AIVDM,1,1,,A,13ak@L000<PGvmlNR2Il92Rn0D3r,0*47
\s:66,c:1782377498*43\!AIVDM,1,1,,B,13`e>QgP00PEmLHNCGL>4?w:253<,0*70
\s:66,c:1782377498*43\!AIVDM,1,1,,B,B5OGI30005qnAk4cV2oQ1IAUh000,0*29
\s:66,c:1782377500*43\!AIVDM,1,1,5,,B5N`LG000>`HDa5RwWwQ3wk5oP06,0*41
\s:66,c:1782377502*41\!AIVDM,1,1,,B,19NS>J@01o0qS9<E9Gi;MI7F0D8d,0*49
\s:66,c:1782377496*4D\!AIVDM,1,1,,A,16:dt3?P008fIqhA=eT4Sgw600Rj,0*6D
\s:66,c:1782377344*45\!AIVDM,1,1,,A,3815J?5000PCC2BMe@qG;K>:2EDb,0*02
\s:66,c:1782377502*41\!AIVDM,1,1,,A,13MAOcH0000hRSHQ1j6Bcb7B0L4;,0*14
\s:66,c:1782377500*43\!AIVDM,1,1,,B,1:p;n4PP00JPTJF4RiL3=wvt0`G`,0*32
\s:66,c:1782377499*42\!AIVDM,1,1,,,15?dSiS2P:3PAWb@CedlL2Q>0000,0*61
\s:66,c:1782377501*42\!AIVDM,1,1,,A,B8Sjd7h009rLJ=QP2T3Q3wk6SP06,0*37
\s:66,c:1782377501*42\!AIVDM,1,1,,A,14h@Ts80000:@=0GeEh1JC;D08HD,0*2F
\s:66,c:1782377502*41\!AIVDM,1,1,,A,15?dVw@1BoLbtEeiv3C`7nI80<22,0*55
\s:66,c:1782377499*42\!AIVDM,1,1,,B,B52dW@h005qpoc4cW7WQ3wjQh000,0*55
\s:66,c:1782377501*42\!AIVDM,1,1,,A,15S`H450000GqTbNR?`GJ13@0000,0*54
\s:66,c:1782377503*40\!AIVDM,1,1,,B,16:EoSa0018fGf@A6V;VC`W<1PSK,0*73
\s:66,c:1782377341*40\!AIVDM,1,1,,A,33`dl35P00PE;KlMWFIbmOv0RE3:,0*1C
\s:66,c:1782377502*41\!AIVDM,1,1,,B,19NS`;@2@;JDK<p5ndo;k:eB0HHh,0*2E
\s:66,c:1782377500*43\!AIVDM,1,1,,A,19NSnfhwB=J>hnb13n5GPmw<08GI,0*25
\s:66,c:1782377476*43\!AIVDM,1,1,,B,13bIMh0001PCLt@MeJj0KTJP053<,0*74
\s:66,c:1782377487*4D\!AIVDM,1,1,,A,33bIMh0001PCLt@MeJj0D4Jl053C,0*59
\s:66,c:1782377428*48\!AIVDM,1,1,,A,139mC>gP00PDFCfMctgtgOvp28@b,0*02
\s:66,c:1782377494*4F\!AIVDM,1,1,,A,17lcbUPP037W1lQtoBdBBOw628DB,0*48
\s:66,c:1782377503*40\!AIVDM,1,1,,A,19NShs@wA`8d5oNDJ5TcnIEB053<,0*50
\s:66,c:1782377494*4F\!AIVDM,1,1,,A,83aJGshj2d<dtMMv=AK@a2sU7dP0,0*0D
\s:66,c:1782377498*43\!AIVDM,1,1,,B,39NSmNh12P45vGuqH?<iFQ?80123,0*2C
\s:66,c:1782377498*43\!AIVDM,1,1,,A,34QnRH5000rQKSDFN6LKwnQ:0DP:,0*2B
\s:66,c:1782377493*48\!AIVDM,1,1,,B,19NSsm@2AUV?Dwf3Kp`:>HBt0<0B,0*18
\s:66,c:1782377500*43\!AIVDM,1,1,,A,B4eJA>000S=>i?MVJld000N00000,0*21
\s:66,c:1782377499*42\!AIVDM,1,1,,A,139Oc5PP00PWtmbNI3Ff4?w:2D0W,0*3B
\s:66,c:1782377491*4A\!AIVDM,1,1,,B,16:e@G@P1?8d:BPAoju;wOw0053<,0*6F
\s:66,c:1782377496*4D\!AIVDM,1,1,,A,13LBaV00001P<kFRb4F;E5B00000,0*16
\s:66,c:1782377494*4F\!AIVDM,1,1,,A,15@S>S@1Qa0BScnNmIGq4o7T0`EQ,0*11
\s:66,c:1782377493*48\!AIVDM,1,1,,A,15MwjVP00Tre<54GA9vS@2Pr0000,0*40
\s:66,c:1782377495*4E\!AIVDM,1,1,,A,13cJMr30000O?ahNUWgJ7ps40<8u,0*58
\s:66,c:1782377495*4E\!AIVDM,1,1,,A,33o2MaPv@<0lOUvU:K3bD2Qp0000,0*1F
\s:66,c:1782377493*48\!AIVDM,1,1,,A,38SNtM80007b?qB5tR=m94rv20pA,0*21
\s:66,c:1782377499*42\!AIVDM,1,1,,A,17mRLRpP008GVC;w9KQ>4?w6053<,0*5A
\s:66,c:1782377457*40\!AIVDM,1,1,,A,13aGEfPP0t0EKtpMh2iigwwj0538,0*4B
\s:66,c:1782377496*4D\!AIVDM,1,1,,A,B7`NOpP00089WG6?2sa2owiQjGmb,0*2A
\s:66,c:1782377496*4D\!AIVDM,1,1,,A,B3mT6bP0>h<efM`JfDSHBeN00000,0*34
\s:66,c:1782377499*42\!AIVDM,1,1,,A,15?dS3P2QRW0Sc<30U5Tu47>0<0M,0*1D
\s:66,c:1782377497*4C\!AIVDM,1,1,,A,16;SW>001fPnIuBE<MS4ekiL0000,0*4F
\s:66,c:1782377499*42\!AIVDM,1,1,,A,B4eHN@P00>P36PV?HrP000N00000,0*55
\s:66,c:1782377494*4F\!AIVDM,1,1,,A,15OAD;P000o?e=fE`Gqq>AS40<2B,0*5B
\s:66,c:1782377495*4E\!AIVDM,1,1,,A,13mdjf002Cww840O:ReKtaU40<2<,0*13
\s:66,c:1782377498*43\!AIVDM,1,1,,B,19lilT0001Q2K0Sjp4W2diK608EU,0*79
\s:66,c:1782377497*4C\!AIVDM,1,1,,A,13Il:D002=P3TDpLw1U8t7980@Ew,0*14
\s:66,c:1782377500*43\!AIVDM,1,1,,A,4h2WnsP000Htt1P4B`PEjJ700l12,0*30
\s:66,c:1782377493*48\!AIVDM,1,1,,A,13ImtH300:Ol1QPK07E@Vma000Rw,0*20
\s:66,c:1782377495*4E\!AIVDM,1,1,,B,169D6;P01I8OPS@EtMRblHc608Db,0*6D
\g:1-2-5198683,s:66,c:1782377467*09\!AIVDM,2,1,3,B,53aGt=T000010CS?3H1HthP58@TpN340000000150h>41uelB0lSm51D,0*23
\g:2-2-5198683*65\!AIVDM,2,2,3,B,Q0C@00000000000,2*46
\g:1-2-5198684,s:66,c:1782377475*0D\!AIVDM,2,1,4,B,53`di@`000010SK?OT0Hu9ADp40000000000001I?8>;7ucii:0TQAA1,0*74
\g:2-2-5198684*62\!AIVDM,2,2,4,B,2AD000000000000,2*24
\s:66,c:1782377500*43\!AIVDM,1,1,,B,13aGt=PP000DQE@Me<7P0?w>08Fs,0*60
\s:66,c:1782377399*45\!AIVDM,1,1,,A,33`di@UP00PBw4PMfg2f4?wnRDKJ,0*12
\s:66,c:1782377500*43\!AIVDM,1,1,,,18I5c`002>7u=Jn9n:SaDoI80000,0*43
\s:66,c:1782377443*45\!AIVDM,1,1,,A,13`e<;h01CPDTNJMbA?CaBsdP@IE,0*72
\s:66,c:1782377253*42\!AIVDM,1,1,,B,33`e<;h01BPDQ5VMb?DS32MHP08A,0*30
\s:66,c:1782377501*42\!AIVDM,1,1,,A,16:;1s001K0?JgDMJfGJ=HA<0@G?,0*12
\s:66,c:1782377503*40\!AIVDM,1,1,,A,4025bvAuJl`kbPjV7VPi?ki02<8N,0*0B
\s:66,c:1782377496*4D\!AIVDM,1,1,,B,B3E`27P05H1gMKUT`58fWwj5oP06,0*75
\s:66,c:1782377501*42\!AIVDM,1,1,,B,15NSGh<01>q=KEd@sA@UaTOB0L9W,0*7B
\s:66,c:1782377501*42\!AIVDM,1,1,,A,34eINvh000FcL7PO5=ph001p0000,0*7D
\s:66,c:1782377502*41\!AIVDM,1,1,,A,H8SQ7kTNC8e19Cjijklmno20:420,0*4B
\s:66,c:1782377503*40\!AIVDM,1,1,,A,370Gk@5P00420vj>PDtFwgwh0lfr,0*6E
\s:66,c:1782377500*43\!AIVDM,1,1,,A,33P=Rvh000OjEM2MPBlSjWIp0000,0*4C
\s:66,c:1782377500*43\!AIVDM,1,1,,B,19NSWo@01q5roH@4Fpw8>6e<0?ww,0*0B
\s:66,c:1782377500*43\!AIVDM,1,1,,B,16:=b?PP008drBVAsRJv4?vt2U3<,0*7F
\s:66,c:1782377501*42\!AIVDM,1,1,,A,13cc;m8P02P`mN`IJ=5f4?wB253<,0*30
\s:66,c:1782377501*42\!AIVDM,1,1,,B,13biPl8P00PEm9JNCGUN4?wB28HJ,0*14
\s:66,c:1782377496*4D\!AIVDM,1,1,,B,15Mw6A0P1>qQAB0Ggwn`MOw82<07,0*0D
\s:66,c:1782377503*40\!AIVDM,1,1,,A,19NSHlh00CJ3vph5jA9nV6MD08IL,0*06
\s:66,c:1782377502*41\!AIVDM,1,1,,A,28SJIk5000WbHL@5uF99HWwB2@Gv,0*0C
\s:66,c:1782377498*43\!AIVDM,1,1,,B,19NSRF@02GQ:2OjH:<tm@D?8053<,0*03
\s:66,c:1782377495*4E\!AIVDM,1,1,,A,13`nq:001g0@@kLMJRSi;hw20<5n,0*0E
\s:66,c:1782377500*43\!AIVDM,1,1,,A,160Htt00002k4Ip<ALvsH9u@0<6C,0*04
\s:66,c:1782377496*4D\!AIVDM,1,1,,B,13mQ>O70001dF>d`L0:T2Ew:08EL,0*6D
\s:66,c:1782377500*43\!AIVDM,1,1,,B,13IOH:<P0000Q>BLD:SIKOw:0<24,0*79
\g:1-2-5198685,s:66,c:1782377498*0F\!AIVDM,2,1,5,B,56:ap<H000000000001UEPTpQDw7WKOT00000016:0<88Ud`1=FR0CQj,0*48
\g:2-2-5198685*63\!AIVDM,2,2,5,B,R@AhCQh00000008,2*5B
\s:66,c:1782377499*42\!AIVDM,1,1,,B,B7lul6@00:5doPwl:WU@WwiRT8Eb,0*34
\s:66,c:1782377499*42\!AIVDM,1,1,,B,13ktwO002dNC=3dENcnbIHI:08Fp,0*19
\s:66,c:1782377498*43\!AIVDM,1,1,,A,13cT8b5P1n0wninGDKNa6?w80000,0*7C
\s:66,c:1782377499*42\!AIVDM,1,1,,B,13?r8v00010eK1LN`l1FCHC<0<7U,0*69
\s:66,c:1782377500*43\!AIVDM,1,1,,A,15CMEp002K0SM;dHNOTB`25<0HGM,0*67
\g:1-2-5198686,s:66,c:1782377499*0D\!AIVDM,2,1,6,B,53i`bB82?pT@iQa0000=8U=@t84j0<thtp0000095BcFF=AS0BhPE0CH,0*1A
\g:2-2-5198686*60\!AIVDM,2,2,6,B,40F83hi@CP00000,2*3A
\s:66,c:1782377501*42\!AIVDM,1,1,,B,15OFjEP00srdoNJG@cCaiGe@0D4T,0*00
\s:66,c:1782377501*42\!AIVDM,1,1,,B,18HwA7gP02WJB;R0f3w5ROwB253<,0*61
\s:66,c:1782377501*42\!AIVDM,1,1,,A,353>M@P0P0G@IFTEWPwW75ep0000,0*09
\s:66,c:1782377501*42\!AIVDM,1,1,,A,144f9tP01kPb7VfEVkW;68i>0D2M,0*75
\s:66,c:1782377500*43\!AIVDM,1,1,,B,B6:R4fP0AR74?t3Oh;rlGwv41P06,0*74
\s:66,c:1782377501*42\!AIVDM,1,1,,A,16:JPI?P008PgJ@FD5scNgw@08Gv,0*22
\s:66,c:1782377499*42\!AIVDM,1,1,,A,18:rIW8P01`ag`R8F2DKh?w<2<3e,0*43
\s:66,c:1782377497*4C\!AIVDM,1,1,,B,13Iotq01j;wnJwPKn`6M@ba88D4c,0*4E
\s:66,c:1782377503*40\!AIVDM,1,1,,B,D02:pIQ<PNfq6DO6D0,4*7F
\s:66,c:1782377457*40\!AIVDM,1,1,,B,13aL?`PP1HPDg9NMU<Db5?wj2@Qf,0*78
\s:66,c:1782377502*41\!AIVDM,1,1,,A,16:C52P01?88cJh<ogjVIU;>00Re,0*56
\s:66,c:1782377496*4D\!AIVDM,1,1,,A,14`Uu5001a1`6<J`ec>IE7O:0<0U,0*68
\s:66,c:1782377502*41\!AIVDM,1,1,,A,339L6C0rikPSjQJNlHqa4W1n810P,0*3B
\s:66,c:1782377503*40\!AIVDM,1,1,,B,19Kd`GCP02Ni0368?Hq=lgwD0HI<,0*10
\s:66,c:1782377503*40\!AIVDM,1,1,,A,1:LQdGPP00Klpkad;jeh0?wD0@IV,0*25
\s:66,c:1782377502*41\!AIVDM,1,1,,A,13L?GoP0001UoN`RUQpI@W>00000,0*4C
\s:66,c:1782377498*43\!AIVDM,1,1,,A,19NSHeh00;`krOp@wDebPQs80@FF,0*45
\s:66,c:1782377498*43\!AIVDM,1,1,,B,35960rEP00Gb6mPB>WV9TOw@0FRb,0*7B
\s:66,c:1782377499*42\!AIVDM,1,1,,B,16:3u4P01J8gkoNAhV>rm8w>0HF`,0*15
\s:66,c:1782377499*42\!AIVDM,1,1,,A,B7OfL=P00BgQ09t13IehKwiUkP06,0*29
\s:66,c:1782377495*4E\!AIVDM,1,1,,A,13cv1d0007Pfo>TFJaC`qU960<6h,0*67
\s:66,c:1782377499*42\!AIVDM,1,1,,A,16K=T>001n7E8aR13KO;SqC@08G@,0*08
\s:66,c:1782377499*42\!AIVDM,1,1,,A,37liULgP1@`FUbkwCbg`igw<2001,0*15
\s:66,c:1782377498*43\!AIVDM,1,1,,A,139QeeP000Pe?ddN`Kau4hWB0L5<,0*6B
\s:66,c:1782377497*4C\!AIVDM,1,1,,B,19NSVsP02C8VFULF6jeCd2o:0HEk,0*5C
\s:66,c:1782377496*4D\!AIVDM,1,1,,B,33aL<0PP00PF?OpMvCs>4?w824m3,0*3B
\s:66,c:1782377497*4C\!AIVDM,1,1,,B,B52cPv000=qrPQ4cKhrUKwiUT000,0*1D
\s:66,c:1782377498*43\!AIVDM,1,1,,A,13l3pC@0000Cvf0MDitGH8O:0<;N,0*44
\s:66,c:1782377499*42\!AIVDM,1,1,,B,18I2hQ501UI=8rt@wRiTfSo<0<9S,0*1D
\s:66,c:1782377497*4C\!AIVDM,1,1,,B,H3mrI208U@<tTp0000000000000,2*79
\s:66,c:1782377497*4C\!AIVDM,1,1,,B,H3mrI24NC=D5j?n<6mqmm00@8210,0*29
\s:66,c:1782377500*43\!AIVDM,1,1,,B,H3l9>ch<Q8U<lTpD00000000000,2*3C
\s:66,c:1782377500*43\!AIVDM,1,1,,A,H3l9>clUCBD8JV:q82oolp2P443t,0*75
\s:66,c:1782377501*42\!AIVDM,1,1,,A,15Dpa`0008PP5;L2HgnPN4E>0<0a,0*22
\s:66,c:1782377496*4D\!AIVDM,1,1,,A,B3HWHLP0Ch;3EQ5nNVoJCwiUoP06,0*4C
\s:66,c:1782377500*43\!AIVDM,1,1,,B,B3GQsqP0?h3d;w5wnCqawwl5kP06,0*77
\s:66,c:1782377497*4C\!AIVDM,1,1,,A,25?dih1000Wat3J5oc7@09A<2D4w,0*4E
\s:66,c:1782377499*42\!AIVDM,1,1,,B,13@tD80OhT0<i20MTD8453U80@FI,0*0E
\s:66,c:1782377499*42\!AIVDM,1,1,,B,13aPIJ001FPAAwhMJ;:JvHo:00SG,0*1E
\s:66,c:1782377495*4E\!AIVDM,1,1,,A,13b1RP001qOEUMdGVELPJhI4053<,0*5E
\s:66,c:1782377493*48\!AIVDM,1,1,,A,35NL;SP000G>J:vKgol8NV5p0000,0*1F
\s:66,c:1782377500*43\!AIVDM,1,1,,B,15N8jl0000JdfwLG@L6;uj=>053<,0*72
\s:66,c:1782377500*43\!AIVDM,1,1,,A,18Lg8L`P017=k>07Q:Lu2Ow@00Sn,0*3C
\s:66,c:1782377500*43\!AIVDM,1,1,,A,19NSUqP02?7hhvB1buWi9@u@0<0B,0*53
\s:66,c:1782377359*49\!AIVDM,1,1,,A,33aDpc5P00PCQKDMcvhv4?vV2DNJ,0*27
\s:66,c:1782377500*43\!AIVDM,1,1,,B,B7P6a5000:VnU0MTgfEWCwl5l000,0*0E
\s:66,c:1782377499*42\!AIVDM,1,1,,B,1:pE2K001RrR?@PF>wRP>05<20SF,0*13
\s:66,c:1782377502*41\!AIVDM,1,1,,B,13m2<:0wBq`kjdlAK2q2<1mB08Hh,0*12
\s:66,c:1782377500*43\!AIVDM,1,1,,A,1k?wId00000Od0>NPjQbT6n1uwww,0*74
\s:66,c:1782377500*43\!AIVDM,1,1,,A,13=htP001`0>WTTN8seeG:g@0D7w,0*36
\s:66,c:1782377499*42\!AIVDM,1,1,,B,16::h2001Q`jO@PC`4w70ES:2@EL,0*7D
\s:66,c:1782377496*4D\!AIVDM,1,1,,B,19NSSR001v05rJHE7EG:;H;4053<,0*3F
\s:66,c:1782377501*42\!AIVDM,1,1,,A,407C8;Qvad`kWWb7;65sHog02@GL,0*6B
\s:66,c:1782377499*42\!AIVDM,1,1,,B,17lcatgOwwaPV9EvbRkf40W8053<,0*20
\s:66,c:1782377433*42\!AIVDM,1,1,,B,38I3at50000Cdl>McrTtajC00DT:,0*1F
\s:66,c:1782377499*42\!AIVDM,1,1,,A,BSMA13@00?uco1VuHsCQ3wiQn000,0*26
\s:66,c:1782377503*40\!AIVDM,1,1,,B,16:V4ch01289?1h<oGj=HP001P06,0*19
\s:66,c:1782377495*4E\!AIVDM,1,1,,B,13aEPR@P01PGpOlNR4nJw?w42<1q,0*1D
\s:66,c:1782377501*42\!AIVDM,1,1,,A,15OCswd000JR1wtE:rlk:1w:08FQ,0*07
\s:66,c:1782377499*42\!AIVDM,1,1,,A,18I4Ts00QbNRs@d9r?d816G:053<,0*55
\s:66,c:1782377502*41\!AIVDM,1,1,,A,4030op1vad`karlEGBJS6kW00<0u,0*22
\s:66,c:1782377500*43\!AIVDM,1,1,,A,B42OJL00ApPdO65@lvUPq=v00000,0*37
\s:66,c:1782377502*41\!AIVDM,1,1,,A,B69Elb@D629TwjU:sgtWWwlUSP06,0*14
\s:66,c:1782377495*4E\!AIVDM,1,1,,A,B3GP4A00?89Rg=5UpKsJ7wi1n2:A,0*5E
\g:1-2-5198687,s:66,c:1782377498*0D\!AIVDM,2,1,7,A,553>Ar`2GPlaLAG;379=@5@F0tJ0l4TpF222221J3:7;@5cd0AEDl1A`,0*50
\g:2-2-5198687*61\!AIVDM,2,2,7,A,888888888888880,2*23
\s:66,c:1782377500*43\!AIVDM,1,1,,A,33aIhsPP01PDL?4Mdlsv4?w>R4;C,0*5B
\s:66,c:1782377498*43\!AIVDM,1,1,,A,19ACI0;0002CqUhApbedwi7:08FW,0*3B
\s:66,c:1782377499*42\!AIVDM,1,1,,B,39NSsWivh07Leo:0gRGq34;80DfH,0*77
\s:66,c:1782377500*43\!AIVDM,1,1,,A,142OMLP01uRAf8RDUd1be8Q<0@Fb,0*26
\s:66,c:1782377500*43\!AIVDM,1,1,,A,402=aQivad`kWOpiNPLwBjwP20S:,0*4C
\s:66,c:1782377500*43\!AIVDM,1,1,,A,3815EVE0002Be;;gQVlSo`K20Dg:,0*5A
\s:66,c:1782377499*42\!AIVDM,1,1,,B,19NSaG0uRR1Q>t7d313b87u:00Sj,0*00
\s:66,c:1782377396*4A\!AIVDM,1,1,,B,33aDr=mP000C@QVMeW<>4?wh0DQJ,0*40
\s:66,c:1782377495*4E\!AIVDM,1,1,,A,33aDqfhOh=PIHEbM``p2woi0P000,0*3E
\s:66,c:1782377501*42\!AIVDM,1,1,,A,15?ddkPP00rCdW058aAqHOw>0HH=,0*5B
\s:66,c:1782377501*42\!AIVDM,1,1,,B,18Hw7qP000WJFb80h@<f40k:2@F7,0*20
\s:66,c:1782377500*43\!AIVDM,1,1,,A,18I4`m0tjH7QRH61TOh@shk80U3<,0*53
\s:66,c:1782377500*43\!AIVDM,1,1,,B,28SPvEHP06Wb1>D5swtFigw<R53<,0*51
\s:66,c:1782377499*42\!AIVDM,1,1,,B,15N0E10P00o?f?2E`?:0iOw<2L1k,0*29
\s:66,c:1782377501*42\!AIVDM,1,1,,B,14`a1J0u2TNj3Oj7VLViAi388PSV,0*17
\s:66,c:1782377501*42\!AIVDM,1,1,,A,1r5aqT0P0rRmaFeubd99tww@2P00,0*6E
\s:66,c:1782377502*41\!AIVDM,1,1,,B,C8StQ?@0:9sF?GQNmd`MgwUP@NL?0@31kU03WW111110?1052120,0*3E
\s:66,c:1782377499*42\!AIVDM,1,1,,A,B39wTJP0=@;d44WjEgatWwkUkP06,0*6C
\s:66,c:1782377503*40\!AIVDM,1,1,,B,B8StQ?@07asF@sQNmmhUKwjW3P06,0*70
\s:66,c:1782377499*42\!AIVDM,1,1,,B,14N6S00P008cJ<jC8uJf4?w>0D1C,0*7A
\s:66,c:1782377500*43\!AIVDM,1,1,,A,18KcKL00007Jq980chOhwm=<0@Gg,0*5A
\s:66,c:1782377503*40\!AIVDM,1,1,,A,19NSRrP2Rd1CF5ede4gLM:1D0D1D,0*3E
\s:66,c:1782377501*42\!AIVDM,1,1,,A,15ODRPP000rQbl4FL;4V>3u>0D1w,0*75
\s:66,c:1782377500*43\!AIVDM,1,1,,A,339LAKP0000d<F2OGcUauWwp0000,0*5F
\s:66,c:1782377500*43\!AIVDM,1,1,,A,169L0GwP008gNmhAC1P8twvr0HA`,0*15
\s:66,c:1782377502*41\!AIVDM,1,1,,B,138`lP002@06EHVM?4lDgSu@08HU,0*16
\s:66,c:1782377502*41\!AIVDM,1,1,,A,402HVmQvad`kawS4?hNtMiO020S:,0*66
\s:66,c:1782377503*40\!AIVDM,1,1,,A,E69oQ@QQ0aRq000000000000000DGcsK8ac`@50`HHP010,4*12
\s:66,c:1782377498*43\!AIVDM,1,1,,B,134?=40029P1vm<Lsncr4H3808FQ,0*40
\s:66,c:1782377498*43\!AIVDM,1,1,,A,16:L6sP01:8fdR0A7S:STl7:0<:q,0*1F
\s:66,c:1782377499*42\!AIVDM,1,1,,A,13dSm>00Ah5dr2v40i838jG:0HFl,0*15
\s:66,c:1782377497*4C\!AIVDM,1,1,,A,13onfn000k0FuhLNVe52SR9<00T5,0*4E
\s:66,c:1782377499*42\!AIVDM,1,1,,B,18uPOq?P0CQDMradUtS<6ww>053<,0*48
\s:66,c:1782377499*42\!AIVDM,1,1,,A,18HtWj?P017KF>60f2Fafww<0HFk,0*3E
\s:66,c:1782377493*48\!AIVDM,1,1,,B,13MB=Kh00GP<i`:MTjJ`>6k200Sm,0*18
\s:66,c:1782377499*42\!AIVDM,1,1,,B,19NSKj002BM5=tTL6`pqrWw>0<00,0*7F
\s:66,c:1782377499*42\!AIVDM,1,1,,A,13caA;50?w0eiOlN`G:N49m<053<,0*45
\s:66,c:1782377498*43\!AIVDM,1,1,,A,3815IohOhjWKwA@0g=82EjK:0120,0*7D
\s:66,c:1782377498*43\!AIVDM,1,1,,B,13aIh73000PEldTN00@v48o<28FU,0*24
\s:66,c:1782377497*4C\!AIVDM,1,1,,B,EvjMk>Qcb3h1JHsP0000000000006Qtd>keUH<1QQSv000,4*39
\s:66,c:1782377498*43\!AIVDM,1,1,,A,13GfAT?P1M04ml0LWdleNgw<2000,0*20
\s:66,c:1782377498*43\!AIVDM,1,1,,B,15O><>;00eJTvD`E4KjKm9I:00So,0*40
\s:66,c:1782377501*42\!AIVDM,1,1,,,B3MAbA000:9b9r27e=oQ1vBQl000,0*48
\s:66,c:1782377501*42\!AIVDM,1,1,,B,E>m1GUPQT0W72V@9b12@9`0a@1:n;KJdkQR:P00003l033nH3SsdL@,4*6E
\s:66,c:1782377502*41\!AIVDM,1,1,,A,13HOI<eP01P0W7:LCn600?wD2<3G,0*79
\s:66,c:1782377500*43\!AIVDM,1,1,,B,B3UUm50000J@V55kNhJ;owl1jFn:,0*51
\s:66,c:1782377500*43\!AIVDM,1,1,,B,15?db4@01c`jaV0Afd0:N`Q82<84,0*0F
\s:66,c:1782377498*43\!AIVDM,1,1,,A,16LMpn0000NqN9r@7=R@00A<0<2C,0*5C
\s:66,c:1782377502*41\!AIVDM,1,1,,A,18J>en00037KUb80eb06mCmD0<B:,0*62
\s:66,c:1782377501*42\!AIVDM,1,1,,A,15VFst300GSlJQ@>I`S7NnFp2d6w,0*57
\s:66,c:1782377501*42\!AIVDM,1,1,,,13euWD5000PF;eHHmhh:`49@0000,0*51
\s:66,c:1782377502*41\!AIVDM,1,1,,B,13aGD@0P00PCSjjMMwKN4?wDR53<,0*07
\s:66,c:1782377457*40\!AIVDM,1,1,,B,13aJGo0P00PE;<bMd4l<tgwj2<7`,0*2E
\s:66,c:1782377501*42\!AIVDM,1,1,,A,16UIG400073jHwB?9@vLAh1>0PRv,0*73
\s:66,c:1782377501*42\!AIVDM,1,1,,B,13I`8j7P0cP?NHBHMiMPowwD0@H:,0*1B
\s:66,c:1782377494*4F\!AIVDM,1,1,,A,13ohTD002Awr;p`LiJ4J4H140@D1,0*03
\s:66,c:1782377503*40\!AIVDM,1,1,,A,16::wdP00A8N`@0FH@E;bI7D00SB,0*3C
\s:66,c:1782377493*48\!AIVDM,1,1,,A,13HO4JP000OhbPdKDDVhMCPv0000,0*11
\s:66,c:1782377498*43\!AIVDM,1,1,,A,13d2C8?0030bMohI6Qg001;:0D6?,0*19
\s:66,c:1782377499*42\!AIVDM,1,1,,B,E>mPOaAabV:0W@9T7PV@64ST:47ke>l`0Fdc@1080;k005Di@0,4*5C
\s:66,c:1782377499*42\!AIVDM,1,1,,B,8:U><:P0G@:?>G1?6600,0*5F
\s:66,c:1782377499*42\!AIVDM,1,1,,A,B3m8aG000P6t10`L=lsQ3wkUkP06,0*1F
\s:66,c:1782377498*43\!AIVDM,1,1,,A,13e01r002kQlNR:`h>wCdC1:8D0H,0*5A
\s:66,c:1782377499*42\!AIVDM,1,1,,B,338nKV0wAIPr9eROia2@6@;80CUu,0*1E
\s:66,c:1782377498*43\!AIVDM,1,1,,B,H7m3s6i@:0l4aF0@5T63ST00000,2*3C
\s:66,c:1782377498*43\!AIVDM,1,1,,B,H7m3s6ll>hhhhhhI42kilo0`C440,0*12
\s:66,c:1782377498*43\!AIVDM,1,1,,B,19NSKJh02@7s8rp8mkTGfnA<08Et,0*04
\s:66,c:1782377499*42\!AIVDM,1,1,,B,13l3oOh01PQR`UtDb`FJc`K:0U3<,0*71
\s:66,c:1782377497*4C\!AIVDM,1,1,,B,H7lod`i@:0hTq@5=<4mD@E863K0,2*1B
\s:66,c:1782377497*4C\!AIVDM,1,1,,A,H7lod`ll0000000I41nqli000000,0*38
\s:66,c:1782377497*4C\!AIVDM,1,1,,A,35AHu>3w@0t@dT`2igsqA8Bn26QC,0*4F
\s:66,c:1782377498*43\!AIVDM,1,1,,B,177WAG0vj78gwm2A0qulsks6053<,0*67
\s:66,c:1782377498*43\!AIVDM,1,1,,B,13c<nl0P1:PEMrDNBtF1cww6253<,0*2D
\s:66,c:1782377497*4C\!AIVDM,1,1,,A,H3UMAl1<EHDq@R0PD5HDp000000,2*20
\s:66,c:1782377497*4C\!AIVDM,1,1,,A,H3UMAl400000000CF2lpok000440,0*73
\s:66,c:1782377497*4C\!AIVDM,1,1,,A,B3UMAl0000LgIpUBQ>Dg8Uv00000,0*00
\s:66,c:1782377500*43\!AIVDM,1,1,,B,35?dUh@000SNmrD@t>5lvrK>2Q41,0*37
\s:66,c:1782377494*4F\!AIVDM,1,1,,B,BkIOFV00@?uG;oVf`sUDcwgQl000,0*4F
\s:66,c:1782377501*42\!AIVDM,1,1,,B,36:4bMP01L8hnRLAtg2G1mO>01;h,0*64
\s:66,c:1782377497*4C\!AIVDM,1,1,,B,16?Ujf001ewo290LV3SBnBE00<1u,0*1A
\s:66,c:1782377496*4D\!AIVDM,1,1,,B,13c:Bh0001PHjB8NKMNA:7m808EF,0*49
\s:66,c:1782377502*41\!AIVDM,1,1,,B,17ldanhP097Kdvh0aV<VnOwD28I3,0*1C
\s:66,c:1782377503*40\!AIVDM,1,1,,B,13mas80029Pn@ODPi6ddVJ7@053<,0*70
\s:66,c:1782377498*43\!AIVDM,1,1,,A,33cF<N1001wqW2NOOhhRSl=@0000,0*4C
\s:66,c:1782377422*42\!AIVDM,1,1,,A,13aGs<7P00PCpj2Mdt@>4?vd20Ru,0*0E
\s:66,c:1782377500*43\!AIVDM,1,1,,A,1:U7Fo0400M8nvmknPasrPcB0000,0*26
\s:66,c:1782377500*43\!AIVDM,1,1,,B,14RWvL001OPPmvFFv1K60lq62D6H,0*53
\s:66,c:1782377500*43\!AIVDM,1,1,,A,19Hl=th01cP<O4PEPm6STjq<08FJ,0*64
\s:66,c:1782377494*4F\!AIVDM,1,1,,A,B39F3RP08`;Q>l7m5cWOjiv00000,0*18
\s:66,c:1782377499*42\!AIVDM,1,1,,A,17ljfbP01a8G::;w??;KtaI<0@Ew,0*73
\s:66,c:1782377499*42\!AIVDM,1,1,,B,369AcJU0008VFu>DWIp:6Ss>0DuJ,0*04
\s:66,c:1782377500*43\!AIVDM,1,1,,B,16Ko8H0019P7`3DM<>oQgiM<0HGJ,0*75
\g:1-2-5198688,s:66,c:1782377498*02\!AIVDM,2,1,8,B,56:cgoh000022222221=DTL4pN3?G3:2222222160q7:7Ic3N:Tj0H2R,0*0B
\g:2-2-5198688*6E\!AIVDM,2,2,8,B,@Cp888888888888,2*6C
\s:66,c:1782377500*43\!AIVDM,1,1,,B,17tKp2P0007?nWJ1VqkH0bE:0<2N,0*2D
\g:1-2-5198689,s:66,c:1782377494*0F\!AIVDM,2,1,9,B,55NW7`T00001L@SKSS08v099E<<v22222222220O1P<5540Ht04i@E53,0*29
\g:2-2-5198689*6F\!AIVDM,2,2,9,B,1H8888888888880,2*57
\s:66,c:1782377499*42\!AIVDM,1,1,,B,16Li3J002eRajfijsD7`EFg>053<,0*25
\s:66,c:1782377496*4D\!AIVDM,1,1,,A,13P:T4C000P3FAfNN3sSlSS60pDs,0*61
\s:66,c:1782377497*4C\!AIVDM,1,1,,A,13`eGphP0sPKiirMhS;51gw82<3E,0*1D
\s:66,c:1782377494*4F\!AIVDM,1,1,,A,33aGs?WP0rPGVOFNN:cer@122000,0*4E
\s:66,c:1782377498*43\!AIVDM,1,1,,B,B3`dglh03h47hsWFw8us?wjQh<39,0*35
\s:66,c:1782377499*42\!AIVDM,1,1,,A,15AdrT002M8kueFANmLohV7>0@Fn,0*75
\s:66,c:1782377490*4B\!AIVDM,1,1,,B,16:BJMP00w8e5V0AsC4dl5ht0@Be,0*47
\s:66,c:1782377494*4F\!AIVDM,1,1,,B,13cvVk001C`dmI8AtKacf9Hl0<<8,0*6A
\s:66,c:1782377499*42\!AIVDM,1,1,,B,13F5Ff0000Oj4nTHk9L=99O@053<,0*31
\s:66,c:1782377500*43\!AIVDM,1,1,,B,169G:KP0008LHq@=v0nTRPW<0<2R,0*04
\s:66,c:1782377500*43\!AIVDM,1,1,,A,15@Q70001w7?6Up1RMQlVCe600Rs,0*1D
\s:66,c:1782377500*43\!AIVDM,1,1,,B,16:D5C0P1O`8Q<P<smEMDgw>20Sq,0*31
\s:66,c:1782377501*42\!AIVDM,1,1,,A,13@ovj001WWMIbH0gpfb1H3<80SU,0*53
\s:66,c:1782377499*42\!AIVDM,1,1,,A,13aIgw@P00PF?00MuQgf4?w>R0SV,0*68
\s:66,c:1782377498*43\!AIVDM,1,1,,B,13dT8h001SPN0JJEJMhCDRa000SJ,0*3C
\s:66,c:1782377501*42\!AIVDM,1,1,,B,13o8eR0000PIvLlSbAte;7c>053<,0*32
\s:66,c:1782377502*41\!AIVDM,1,1,,B,B6:6J6P002:stH5aasp03wv63P06,0*51
\s:66,c:1782377502*41\!AIVDM,1,1,,A,H6:6J6Q@4V0P4pN1TuF3L000000,2*1A
\s:66,c:1782377502*41\!AIVDM,1,1,,B,H6:6J6UJH9>416r00000001h>33T,0*39
\s:66,c:1782377502*41\!AIVDM,1,1,,A,18HtQs00017JhQH0deN1@T7F053<,0*1D
\s:66,c:1782377500*43\!AIVDM,1,1,,B,16:DF=P01``8@gf=0uFUUTI>20Rw,0*35
\s:66,c:1782377471*44\!AIVDM,1,1,,B,13aC4oPP00PC<D:Meps;AwvF2@6p,0*2D
\s:66,c:1782377461*45\!AIVDM,1,1,,A,33aC4oPP02PC<CTMepoN4?v224HS,0*4E
\s:66,c:1782377498*43\!AIVDM,1,1,,B,3815FME0007?cAJ1cC9Tihs:66,0*1E
\s:66,c:1782377502*41\!AIVDM,1,1,,A,402VqOQvad`kbQK1llO@W1W00HH`,0*46
\g:1-2-5198690,s:66,c:1782377497*04\!AIVDM,2,1,0,A,53f?Kt02@m2oTP7K?W@pu9@R2222222222222217CP====cm0IiRDPEO,0*3E
\g:2-2-5198690*67\!AIVDM,2,2,0,A,Q1B0CKQC0QLH880,2*49
\s:66,c:1782377495*4E\!AIVDM,1,1,,B,19N`2qh01v0k>R>O?IiKM99600S7,0*52
\s:66,c:1782377496*4D\!AIVDM,1,1,,B,1815TUh0ig8mURj@09BGDUi200Rr,0*61
\s:66,c:1782377501*42\!AIVDM,1,1,,A,13n3jQ001D0R@7bSoAkUPDI>0<0s,0*2F
\s:66,c:1782377503*40\!AIVDM,1,1,,B,B6:9rB000B;i:W4CndFwFIN021Mk,0*37
\s:66,c:1782377496*4D\!AIVDM,1,1,,B,1815Ffh11O7?A0t1T>eKO9?:053<,0*2E
\s:66,c:1782377496*4D\!AIVDM,1,1,,A,34SK3v001f1g9VBEUw4BMQup0000,0*58
\s:66,c:1782377501*42\!AIVDM,1,1,,A,403n9s1vad`k`SS=1F@>vMG008Gr,0*59
\s:66,c:1782377499*42\!AIVDM,1,1,,B,19NSrN0n02SQMbF@>Fb==UC:R53<,0*25
\s:66,c:1782377497*4C\!AIVDM,1,1,,B,13n0H`00R40eDWvQ>vqRRR380D2R,0*22
\s:66,c:1782377499*42\!AIVDM,1,1,,A,169EGs0000`gQO4A9LG;eq=<2<??,0*17
\s:66,c:1782377496*4D\!AIVDM,1,1,,B,B3KQDQP000L:898PBc3Q3wj1jDUb,0*61
\s:66,c:1782377498*43\!AIVDM,1,1,,A,16;Ukn042<7OJBH0vWRHNno80<4A,0*7D
\s:66,c:1782377499*42\!AIVDM,1,1,,A,13ku9c0vP88l0FdAD71rlSi>0L3k,0*35
\s:66,c:1782377499*42\!AIVDM,1,1,,A,35OEGw;PABr;`uNAHl?LorA<013h,0*4C
\s:66,c:1782377494*4F\!AIVDM,1,1,,B,17tKf6h0007KeVh0lMHf45s4P0S9,0*40
\g:1-2-5198691,s:66,c:1782377498*0A\!AIVDM,2,1,1,A,539EgP82ATR@@IUS:20P4ptV0EQ18E=>22222216>LMNO5clNSDjC`45,0*2C
\g:2-2-5198691*66\!AIVDM,2,2,1,A,hQhH88888888880,2*3C
\s:66,c:1782377500*43\!AIVDM,1,1,,A,142OI80000R5wR<GGv:f45e>2<AV,0*38
\s:66,c:1782377500*43\!AIVDM,1,1,,B,13LBG7Pt1F1RdQjRM7AM5bN00000,0*3B
\s:66,c:1782377499*42\!AIVDM,1,1,,B,13B3Jr700LPNApbNlINlWCI@0@GC,0*78
\s:66,c:1782377500*43\!AIVDM,1,1,,A,15NeWJPP02oRvv0CCNf>4?w>2@GN,0*34
\s:66,c:1782377494*4F\!AIVDM,1,1,,B,B3Eaj2000?fF8@41Or<8swv40000,0*05
\s:66,c:1782377497*4C\!AIVDM,1,1,,B,139E07P000PW<3HNaFCRWmK600RI,0*58
\s:66,c:1782377499*42\!AIVDM,1,1,,B,19NSPtP02G0`?kVHW?:ie1O<08Fl,0*25
\s:66,c:1782377493*48\!AIVDM,1,1,,A,35MbNCP000G>gSBKhR4P001p0000,0*39
\s:66,c:1782377499*42\!AIVDM,1,1,,A,139bWh0000Pe`pvN`p9=GpS808G1,0*6B
\s:66,c:1782377499*42\!AIVDM,1,1,,A,19N`2u002lNi4QJ5tCdF2Dm<00SA,0*04
\s:66,c:1782377499*42\!AIVDM,1,1,,A,15?dUVP01N`jF`0@sBU0EPW:053<,0*1F
\s:66,c:1782377494*4F\!AIVDM,1,1,,B,1815QV@01jPoQDPEBwis58tv0D75,0*6D
\s:66,c:1782377496*4D\!AIVDM,1,1,,A,18QvMA0000SN8;`@@SPnDjm:0hEE,0*36
\s:66,c:1782377498*43\!AIVDM,1,1,,A,B8uNM20000Tc`jKpK8h03wk5kP06,0*12
\s:66,c:1782377499*42\!AIVDM,1,1,,B,15T8?8001;WKa@H0dp9aaWc<28F2,0*5E
\s:66,c:1782377494*4F\!AIVDM,1,1,,A,B7`Bd@@009jBoU0rKQH000N00000,0*60
\s:66,c:1782377498*43\!AIVDM,1,1,,A,B4hIVb00;Fr1br24V0uFowjQh0QI,0*5B
\s:66,c:1782377500*43\!AIVDM,1,1,,A,19NSciPvjBPavwbEolmKeqK20@GN,0*11
\s:66,c:1782377500*43\!AIVDM,1,1,,B,19NSFd@02j1eHOedH=5rOpI@0<0?,0*6F
\s:66,c:1782377500*43\!AIVDM,1,1,,B,ENkb:<jV7W3h12PQT@6:@@@@@@@;iOOk9aOJ800003vP000,2*07
\s:66,c:1782377498*43\!AIVDM,1,1,,A,33ac`:5wP0JQNstFMj30drk>0D?b,0*06
\g:1-2-5198692,s:66,c:1782377497*06\!AIVDM,2,1,2,B,53ac`:42?h1U09=b220@thHT`pM84<QB22222216@HJ7@5dc0CEDhPC8,0*16
\g:2-2-5198692*65\!AIVDM,2,2,2,B,888888888888880,2*25
\s:66,c:1782377500*43\!AIVDM,1,1,,A,403OwoiuJl`k`rdhRDG>oJw020S:,0*0F
\s:66,c:1782377500*43\!AIVDM,1,1,,B,18Vb?r0003Oe@;j2b<63W`?>0<0M,0*43
\s:66,c:1782377497*4C\!AIVDM,1,1,,A,36:CV35000`fiI0A@A5>40K:2DN:,0*10
\s:66,c:1782377498*43\!AIVDM,1,1,,A,39NSm1E0008N4QBFD>Sj>0160E<b,0*6E
\s:66,c:1782377500*43\!AIVDM,1,1,,A,13:SWp3PAm0BP>TMh2;o<UE@00So,0*7E
\s:66,c:1782377498*43\!AIVDM,1,1,,A,13LB0RP0001`qBdR>D0hVjv00000,0*24
\s:66,c:1782377500*43\!AIVDM,1,1,,B,B615490018q76=3sB9CQ3wkQoP04,0*70
\s:66,c:1782377500*43\!AIVDM,1,1,,A,15QAcR002<8<0SF<;DA8no7<08Fp,0*22
\s:66,c:1782377501*42\!AIVDM,1,1,,,15N4j65P00JqR7lGgA;KGOw@2000,0*3E
\s:66,c:1782377494*4F\!AIVDM,1,1,,A,1482gR001KPlvURO2npJT8Ln0@Ct,0*0B
\s:66,c:1782377502*41\!AIVDM,1,1,,A,39NSqsm000`LDO2=w3noDRq@0Dhb,0*5A
\s:66,c:1782377502*41\!AIVDM,1,1,,A,4030p9Avad`kao6GHpLL0U700<2l,0*26
\s:66,c:1782377501*42\!AIVDM,1,1,,A,17mRLO`OhhWaAvMtPkHCpj3D0<3<,0*55
\s:66,c:1782377494*4F\!AIVDM,1,1,,A,B6K37Fh00BL`Fl50s<o2swi5WP06,0*39
\s:66,c:1782377500*43\!AIVDM,1,1,,B,403Owp1uJl`k`re:fpGDtGg02D41,0*7C
\s:66,c:1782377501*42\!AIVDM,1,1,,A,339bWh00000e`pvN`p9=G8Sp0000,0*77
\s:66,c:1782377494*4F\!AIVDM,1,1,,B,H3Eaj24UBCP00002?ijklm3`0000,0*25
\s:66,c:1782377498*43\!AIVDM,1,1,,B,13KPfG00001PIdVRWdTJWpL00000,0*23
\s:66,c:1782377503*40\!AIVDM,1,1,,B,339nvfUP00P@M5VMKp>lOgwB2Dab,0*15
\s:66,c:1782377497*4C\!AIVDM,1,1,,B,13`hB1@P1FPDBKVMdhcrdww:R@Ej,0*43
\s:66,c:1782377496*4D\!AIVDM,1,1,,A,16:bpJ1P008dRMpAur45u4ip0000,0*0E
\s:66,c:1782377499*42\!AIVDM,1,1,,B,13aI:b8P000GpTpNR5HN4?w>0HG5,0*7B
\s:66,c:1782377501*42\!AIVDM,1,1,,B,16:MACPP00`Vd90D`>41U?wB08H5,0*39
\s:66,c:1782377503*40\!AIVDM,1,1,,B,33:SWp3PAm0BP>TMh1k78mAH02:h,0*28
\s:66,c:1782377497*4C\!AIVDM,1,1,,A,13lFfr02jf2A@amdwnERdjA60HEh,0*6D
\s:66,c:1782377503*40\!AIVDM,1,1,,A,14Qv>T001DOCighE=OaVE55D00Si,0*4A
\s:66,c:1782377503*40\!AIVDM,1,1,,A,ENjVGS6aPW2;4Uc0PSn@9c00000@<=G3A:5wp00000E>MP,4*07
\s:66,c:1782377497*4C\!AIVDM,1,1,,A,B5O7N;P00fT@UK3fs;7Q0`v00000,0*0D
\s:66,c:1782377498*43\!AIVDM,1,1,,A,33U2BN001?1jkFjE:Sw7C5mp0000,0*58
\s:66,c:1782377497*4C\!AIVDM,1,1,,A,33MBCv0P@4P>0dTMUEF7<4s:66,0*4D
\s:66,c:1782377498*43\!AIVDM,1,1,,A,160mQ400j:UmG1P3A9i3RBm6053<,0*07
\s:66,c:1782377443*45\!AIVDM,1,1,,B,H5O=Cg0dpDF0@DE000000000000,2*5B
\s:66,c:1782377498*43\!AIVDM,1,1,,A,H5O=Cg4T0000000G4>khpm1@4130,0*79
\s:66,c:1782377498*43\!AIVDM,1,1,,B,E>mWA3LT8IHP0000000000000003lf;l5tWWH20@@@k000,4*2D
\s:66,c:1782377499*42\!AIVDM,1,1,,A,35?dgKhOh0rChrn589ns925<00fP,0*70
\s:66,c:1782377500*43\!AIVDM,1,1,,B,16:Bg:P01P882<@=36aTUCW>0@G`,0*6D
\s:66,c:1782377498*43\!AIVDM,1,1,,B,E>k`smN`10h@@@@@@@@@@@@@@@@=RnEc<TDiH00003vP100,2*00
\s:66,c:1782377498*43\!AIVDM,1,1,,B,H3@peo4U7B=4005H@9ljjn0`8224,0*23
\s:66,c:1782377499*42\!AIVDM,1,1,,B,15Q;lR00148MDRHF?jgc8`o<0@F9,0*48
\s:66,c:1782377499*42\!AIVDM,1,1,,B,19NSQ5002GJ98bl=OUA9b7i80<0;,0*38
\s:66,c:1782377499*42\!AIVDM,1,1,,A,17m3uVhP3LWLDQ60iUfL;gw<2@G7,0*11
\s:66,c:1782377498*43\!AIVDM,1,1,,B,13s<kqgP1VwGnbFGWtrV=gw<253<,0*01
\s:66,c:1782377498*43\!AIVDM,1,1,,,B3`lQ7h08p66tF7UJuuqCwj5sP06,0*49
\s:66,c:1782377500*43\!AIVDM,1,1,,B,15Q7GH0P00JB?at5F50e5Ow@0`Gl,0*2F
\s:66,c:1782377499*42\!AIVDM,1,1,,A,13`ddj0007PfTCfO9N;U<9g:0D2a,0*47
\s:66,c:1782377500*43\!AIVDM,1,1,,B,B3m::lP008K2T0:6GaWLkwl5oP06,0*6D
\s:66,c:1782377500*43\!AIVDM,1,1,,A,17m:1Kk0007K1eL0a0@tAai>053<,0*1A
\g:1-2-5198693,s:66,c:1782377497*07\!AIVDM,2,1,3,A,53U2BN400001=H7SKO1<5AT4n0lDhtAT000000000004400000000000,0*0D
\g:2-2-5198693*64\!AIVDM,2,2,3,A,000000000000000,2*27
\s:66,c:1782377502*41\!AIVDM,1,1,,B,76:LoJ1RMpD`,0*0D
\s:66,c:1782377501*42\!AIVDM,1,1,0,A,8>k1oKiKpBjS?J320d?7mre0<N00,0*57
\s:66,c:1782377390*4C\!AIVDM,1,1,,A,13`fal0P00PCQ;8Mks`f4?wT2534,0*75
\s:66,c:1782377501*42\!AIVDM,1,1,,A,1592uP@01Qq9DGf;;M?E:D5D08H>,0*77
\s:66,c:1782377497*4C\!AIVDM,1,1,,A,13cgRg0P000g:A4Hs?2T4?w80000,0*4B
\s:66,c:1782377499*42\!AIVDM,1,1,,A,353P:J002<0d7;THaJWtK:1<0000,0*0D
\s:66,c:1782377503*40\!AIVDM,1,1,,B,39Lgg400012mTiiub`d45@UB05GS,0*09
\s:66,c:1782377501*42\!AIVDM,1,1,,A,13lodB0OiQwVKpRKq`v23Ak>08Gw,0*0F
\s:66,c:1782377495*4E\!AIVDM,1,1,,A,19NS=A001q8dQDr?@MsH86Q400Rk,0*6F
\g:1-2-5198694,s:66,c:1782377503*0C\!AIVDM,2,1,4,A,569@Ck8000000000000L4pL`T4pl4w800000000m2p;541H?0562EH4j,0*59
\g:2-2-5198694*63\!AIVDM,2,2,4,A,0CP000000000008,2*3B
\s:66,c:1782377495*4E\!AIVDM,1,1,,A,16:BQ9000E`1cDR<21RBwjs8253<,0*11
\s:66,c:1782377501*42\!AIVDM,1,1,,B,13:dil001w7`>>qwwjpL;akD08H?,0*40
\s:66,c:1782377496*4D\!AIVDM,1,1,,A,13clDw?0000g8o4Hs9i1QQK60000,0*04
\s:66,c:1782377497*4C\!AIVDM,1,1,,A,B39WP6P0>p<?UFWl?oeUIAB5oP06,0*7C
\s:66,c:1782377497*4C\!AIVDM,1,1,,B,16:CL=02Qa8Oaf@F6FJ;DHw600RV,0*26
\s:66,c:1782377501*42\!AIVDM,1,1,,A,17tChN@P00WJm;f0gkJh0?wB28Gq,0*14
\s:66,c:1782377502*41\!AIVDM,1,1,,A,19NS?7P01724M=4GIh`iqQQD053<,0*4F
\s:66,c:1782377503*40\!AIVDM,1,1,,A,142ObRwP02R4R=nGM:1eA?wD2<3:,0*02
\s:66,c:1782377503*40\!AIVDM,1,1,,A,19NSl2@1h92h9?R<V6uFRWiB0`I?,0*24
\s:66,c:1782377502*41\!AIVDM,1,1,,,B3`lQ7h08`66t=7UJr1pGwm5sP06,0*63
\s:66,c:1782377502*41\!AIVDM,1,1,,A,B52Rk1000EksaCVl3=BGGwlUkP06,0*21
\s:66,c:1782377493*48\!AIVDM,1,1,,A,B3aB:sP0=P23QT7E3UnnKwhQh<0n,0*2F
\g:1-2-5198695,s:66,c:1782377500*0E\!AIVDM,2,1,5,B,5815No@2@54iKL7CGO8t<D4r1HDqE>222222221?I0M:F5RU0MhkVRQp,0*70
\g:2-2-5198695*62\!AIVDM,2,2,5,B,888888888888880,2*22
\s:66,c:1782377496*4D\!AIVDM,1,1,,B,19NSPrh01r0=f:rE@<prBp8d00S4,0*18
\s:66,c:1782377493*48\!AIVDM,1,1,,A,13:4>dPP0vPf0j4NVhCMOOw220Su,0*71
\s:66,c:1782377493*48\!AIVDM,1,1,,A,33VeDN002:1Svr<EtBf2RR1p0000,0*2B
\s:66,c:1782377499*42\!AIVDM,1,1,,A,13cu;I001gQ1FGLGGG6L:ai<0L3;,0*7C
\s:66,c:1782377500*43\!AIVDM,1,1,,B,19NSt@00207iBF`:Bou;;a1<08GA,0*3C
\s:66,c:1782377500*43\!AIVDM,1,1,,B,B3tgS000@GtENVU??mdwgwk1hL1`,0*1E
\s:66,c:1782377501*42\!AIVDM,1,1,,B,13l3p?Pw24Nef?V8P4Ah6h9D0HH=,0*69
\s:66,c:1782377500*43\!AIVDM,1,1,,A,B8Hs8e000Qo1Dm0:cLT03wk4kP06,0*4B
\s:66,c:1782377500*43\!AIVDM,1,1,,B,16T5wfg0159>7D:Cwq8Hi6wAr53<,0*5B
\s:66,c:1782377501*42\!AIVDM,1,1,,B,13aENThP00PFB4NMuqw00?w>20S4,0*22
\s:66,c:1782377487*4D\!AIVDM,1,1,,A,13`o0p@P1DPCIdtMcf?tLgvl20Rk,0*4D
\s:66,c:1782377500*43\!AIVDM,1,1,,A,1815T@PvQp7Pn`b1TjV8FFU<0D0W,0*28
\s:66,c:1782377502*41\!AIVDM,1,1,,B,15O72k0000q<cAHA1jFf40wD253<,0*22
\s:66,c:1782377483*49\!AIVDM,1,1,,A,15CUht300c0C@CRMlhheMrrf00Sn,0*08
\s:66,c:1782377501*42\!AIVDM,1,1,,A,37OhEnPPA=:l8mWdWjR0qPa:00w0,0*00
\s:66,c:1782377502*41\!AIVDM,1,1,,A,402VqN1u00Ht0aKoaHHc88G01@Hi,0*51
\s:66,c:1782377502*41\!AIVDM,1,1,,A,403n281uJl`k`Rk>w4<@n9G00hHM,0*39
\s:66,c:1782377497*4C\!AIVDM,1,1,,A,15NQJ0PP00q=1sv@r2M>4?w82HE`,0*57
\s:66,c:1782377499*42\!AIVDM,1,1,,A,348Vh>1P00QPl0FOnQ>esOw>2DrJ,0*73
\s:66,c:1782377493*48\!AIVDM,1,1,,A,15?dbr@01;`j4:0@kMo0U0Q000T=,0*73
\s:66,c:1782377500*43\!AIVDM,1,1,,B,15N;Aa<000q<t0n@woi``pQ<0PSg,0*67
\s:66,c:1782377497*4C\!AIVDM,1,1,,A,1776@501B`8APSP;Omop8Ve:00SB,0*7B
\s:66,c:1782377498*43\!AIVDM,1,1,,B,1815G8h002SfvUT?:9s9Vr380<7s,0*5E
\s:66,c:1782377499*42\!AIVDM,1,1,,A,19NSnh@038OnK5rLdC@qqGo:00SV,0*5F
\s:66,c:1782377496*4D\!AIVDM,1,1,,B,15@`?6@01l7?bTt1PV2l`kg60@ED,0*2D
\g:1-2-5198696,s:66,c:1782377494*01\!AIVDM,2,1,6,B,555@QlH2=BnqK@@kF211E8F10tTqB2222222221@000004vPbGECCH4@,0*02
\g:2-2-5198696*61\!AIVDM,2,2,6,B,Dl`0CPj88888880,2*18
\s:66,c:1782377500*43\!AIVDM,1,1,,B,B3mIEp0008A?kD9ns09Vowk5oP06,0*18
\s:66,c:1782377497*4C\!AIVDM,1,1,,A,15QJUn0000`g1kbA37isPCE200S0,0*65
\s:66,c:1782377497*4C\!AIVDM,1,1,,B,B3IVpgP00@3NkiV8Nr?>KTN43P06,0*60
\s:66,c:1782377500*43\!AIVDM,1,1,,,B3JI6V@008Bewp5NcL?Q3wk5oP06,0*34
\s:66,c:1782377499*42\!AIVDM,1,1,,A,B3Ia8W007WtIFS6iWpB1ETk43P06,0*78
\s:66,c:1782377500*43\!AIVDM,1,1,,A,403t>WAuJl`kW`gjIPA3Cv7000S:,0*1F
\s:66,c:1782377494*4F\!AIVDM,1,1,,B,3815IA00013euqD?>Dl<FJa40301,0*7B
\s:66,c:1782377499*42\!AIVDM,1,1,,A,B5O0b80005ktGT5K3t1E7wkUCP06,0*5B
\s:66,c:1782377502*41\!AIVDM,1,1,,B,139cAN0Oh0PeUC:N`okPqH3D053<,0*72
\s:66,c:1782377498*43\!AIVDM,1,1,,A,35NQJ0P000I=1sv@r2M0001p0000,0*59
\s:66,c:1782377497*4C\!AIVDM,1,1,,A,3819Bd1OP1QNgj4F6rM`nmQ<0000,0*7B
\s:66,c:1782377501*42\!AIVDM,1,1,,B,16=qA700015ePD`3v;P41@W@0HHG,0*36
\s:66,c:1782377502*41\!AIVDM,1,1,,A,16:KmgP0008fp@hA:o`P037D0@C3,0*68
\s:66,c:1782377499*42\!AIVDM,1,1,,A,15O;Dt0000rRlUrE55>tcc1@0000,0*73
\s:66,c:1782377502*41\!AIVDM,1,1,,A,402ad:Avad`kbPwvEhJ3OtG00@Hr,0*77
\s:66,c:1782377503*40\!AIVDM,1,1,,B,15BgDT001hOUDgR2EF0CORqF053<,0*44
\s:66,c:1782377500*43\!AIVDM,1,1,,A,15NCFr0000JQWWlFLMmP7a3@0D2R,0*27
\s:66,c:1782377501*42\!AIVDM,1,1,,B,13aGE??P00PFNL>MuuWv4?w>28GD,0*19
\s:66,c:1782377500*43\!AIVDM,1,1,,A,402;bSiuJl`kWPK=MHHa;NQ02@GM,0*1A
\s:66,c:1782377502*41\!AIVDM,1,1,,A,19NSdV@02c7Nw7b0mgTCi33@0@HO,0*08
\s:66,c:1782377499*42\!AIVDM,1,1,,A,13uwcB001@QDEubQlFeQWiC<00Sv,0*1A
\s:66,c:1782377500*43\!AIVDM,1,1,,A,15O7ts0000o?drVE`FQ:VoE@08GE,0*73
\s:66,c:1782377503*40\!AIVDM,1,1,,A,16:7fQ001B`h<00AMwqToVsD20SB,0*1F
\s:66,c:1782377503*40\!AIVDM,1,1,,A,14`VBJ001`NbpvP<@rVi0hsD053<,0*62
\s:66,c:1782377503*40\!AIVDM,1,1,,A,16:BP:PPA:8fPS0A2=:PWPOD0`I9,0*2D
\s:66,c:1782377494*4F\!AIVDM,1,1,,A,13csfK0wig122PFFq14mkDg20000,0*52
\s:66,c:1782377497*4C\!AIVDM,1,1,,A,13l3naPOhjPB`bjMfvbKHa120HF>,0*4D
\s:66,c:1782377441*47\!AIVDM,1,1,,A,H3GMr>05>0<E8t0000000000000,2*17
\s:66,c:1782377497*4C\!AIVDM,1,1,,A,H3GMr>4RC=D4:3r00000000h<23t,0*29
\s:66,c:1782377498*43\!AIVDM,1,1,,A,B5NU7e0006C>6G4>SMp00QN00000,0*59
\s:66,c:1782377498*43\!AIVDM,1,1,,A,1:1Rif80000hg6VDQ0aP03k:0D1c,0*76
\s:66,c:1782377500*43\!AIVDM,1,1,,B,13aC2dPP19PHD7PNA:wo7ww@28GP,0*27
\s:66,c:1782377499*42\!AIVDM,1,1,,B,BCgTw60017UsjdaR;`=u?wUPp000,0*55
\s:66,c:1782377498*43\!AIVDM,1,1,,B,38SK6K@000Wam6>61aTf48e:20oi,0*6B
\s:66,c:1782377500*43\!AIVDM,1,1,,B,169E;5P0008gPr0ACUf9LURr0=C@,0*42
\s:66,c:1782377500*43\!AIVDM,1,1,,B,169BtUPP00Npacv6iWAWG?w>2<0?,0*1C
\s:66,c:1782377495*4E\!AIVDM,1,1,,B,13aDpn@P00PDH7@Md86f4?w4R@DP,0*28
\g:1-2-5198697,s:66,c:1782377268*05\!AIVDM,2,1,7,B,53aGFHp000010;S7GD0<5<<4@D0000000000001?9H;645f@J6B0AQC`,0*73
\g:2-2-5198697*60\!AIVDM,2,2,7,B,20CPE@000000000,2*34
\g:1-2-5198698,s:66,c:1782377225*03\!AIVDM,2,1,8,A,53eTB>42<QVoTP7C77<<5@PE8TpF222222222200D@D><5dW0A1hT1U?,0*2D
\g:2-2-5198698*6F\!AIVDM,2,2,8,A,?SS4U3H0TRE25SP,2*4E
\s:66,c:1782377398*44\!AIVDM,1,1,,B,33eTB>5100PCGktMdSBkTJ3l0Dvb,0*55
\s:66,c:1782377500*43\!AIVDM,1,1,,B,13f3:j000APR1=TI1e>8<i5>00Ru,0*6B
\s:66,c:1782377499*42\!AIVDM,1,1,,B,ENjAUnq17dPh22h92QPV0R0h22h00=ha;KLK`10880jfP0hDm1C33kP,2*07
\s:66,c:1782377494*4F\!AIVDM,1,1,,B,13Hbq10OigP0>UBLBdtKTIC42<2G,0*31
\s:66,c:1782377497*4C\!AIVDM,1,1,,B,B3GMr>000OqkIF5;6asQ1oBQnDMb,0*4B
\s:66,c:1782377491*4A\!AIVDM,1,1,,B,36:WlaE0008dm0BAv4mMKgv00000,0*3F
\s:66,c:1782377501*42\!AIVDM,1,1,,B,B:U7=u@00GGvH7NkA30bHQl02h06,0*22
\s:66,c:1782377502*41\!AIVDM,1,1,,A,B3mMPB0008KUuRb5hOAt;wl7kP06,0*3B
\s:66,c:1782377462*46\!AIVDM,1,1,,A,39NSG<m000PBTwfMfkC1t2T00Dhb,0*2E
\s:66,c:1782377501*42\!AIVDM,1,1,,A,28SK6K@000Wam6>61aTf48e@2HH1,0*14
\s:66,c:1782377497*4C\!AIVDM,1,1,,B,16:BI1001C8Lo6R=t18KLa5<0L5p,0*39
\s:66,c:1782377498*43\!AIVDM,1,1,,B,36:8ERUP00`cch<FW1:HRgw:0P00,0*4E
\s:66,c:1782377499*42\!AIVDM,1,1,,A,16:8i00wAS8;RwN<qJ`TKSU8053<,0*0B
\s:66,c:1782377496*4D\!AIVDM,1,1,,B,19NSvMP01k8B40R;MBv`26M:00SJ,0*55
\s:66,c:1782377499*42\!AIVDM,1,1,,A,169`rhPvQF`jvw0AT>J7:mW>2HG0,0*0D
\s:66,c:1782377494*4F\!AIVDM,1,1,,B,33o2cNU0000DMHjMdfPqNR100Dq:,0*67
\s:66,c:1782377500*43\!AIVDM,1,1,,A,13a@>@00R31JWPfPcvJ7w6M@00Rs,0*55
\s:66,c:1782377500*43\!AIVDM,1,1,,B,14d0L8001kPD58THHUTH`Fo@00Rq,0*74
\s:66,c:1782377491*4A\!AIVDM,1,1,,A,E>jHC9jQa7VRa@64ST:47baRP00030n<?958P30HHKg000,4*51
\s:66,c:1782377500*43\!AIVDM,1,1,,A,E>l4vp?3WW3h3WW3h40W3h20WhI44aAO6Jl?h20@@@P000,4*4E
\s:66,c:1782377499*42\!AIVDM,1,1,,A,338D<<50010e`a<NVAWoHn=:0Dgr,0*17
\s:66,c:1782377500*43\!AIVDM,1,1,,A,19NSP@@0051T9:dDWo6ku0S@0@GS,0*47
\s:66,c:1782377494*4F\!AIVDM,1,1,,B,16:AF6P01@8:1Q0<bUlJH`G200S=,0*74
\s:66,c:1782377497*4C\!AIVDM,1,1,,A,13adVb001;OQi54K:C4i6Q580D3a,0*4A
\s:66,c:1782377500*43\!AIVDM,1,1,,B,16:DDpP01rNleLN>DFSi7PqB0<0p,0*10
\s:66,c:1782377500*43\!AIVDM,1,1,,A,D02:oShh0Nfq6DO6D0,4*74
\s:66,c:1782377501*42\!AIVDM,1,1,,A,402:oSivad`k`03=0:LR3RO00L8J,0*5D
\s:66,c:1782377499*42\!AIVDM,1,1,,A,13l3o7001SwfhABDfV;JB`M@2000,0*13
\s:66,c:1782377502*41\!AIVDM,1,1,,A,38RDc91001R5b4@GGAhGB6UD0DSr,0*4E
\s:66,c:1782377500*43\!AIVDM,1,1,,A,18IsI>PP0<WJtBN0eO1p<ww@0<<4,0*28
\s:66,c:1782377501*42\!AIVDM,1,1,,A,38HuD50P@>3POq:?njiIEoi<028h,0*2E
\s:66,c:1782377501*42\!AIVDM,1,1,,A,1815@F0016`kVnTAEjv02@;>08H<,0*6E
\s:66,c:1782377501*42\!AIVDM,1,1,,A,352NWeSOh0JB2wjBjLn;T9Ap0000,0*60
\s:66,c:1782377497*4C\!AIVDM,1,1,,A,14hr:@0P00GWsIrBbwkb4gw<2000,0*3F
\s:66,c:1782377502*41\!AIVDM,1,1,,A,169?rf5P008fr@FADkg@8ww>0U3<,0*59
\s:66,c:1782377496*4D\!AIVDM,1,1,,B,13biLr001LP?N8lMN4qcKq;60L7T,0*17
\s:66,c:1782377502*41\!AIVDM,1,1,,A,79NSt4ARMpD`,0*7F
\s:66,c:1782377503*40\!AIVDM,1,1,,B,B8SJ?C@07qsKH:1NBaPvWwiToP06,0*18
\s:66,c:1782377330*46\!AIVDM,1,1,,B,13aJGi0P01PEBFRMc@JAGOwT20S8,0*27
\s:66,c:1782377484*4E\!AIVDM,1,1,,A,13aQPu0p01PCU0lMd=0N44Lh2D5q,0*16
\s:66,c:1782377501*42\!AIVDM,1,1,,A,B39K:s009@3`6?5Wrav;;wk1h8FO,0*3C
\s:66,c:1782377498*43\!AIVDM,1,1,,A,13aIgwhP000FsnhN=C7>4?w<0000,0*5E
\s:66,c:1782377502*41\!AIVDM,1,1,,B,13MBrt0021`a0g>DT7VCQBm<0D<P,0*2D
\s:66,c:1782377498*43\!AIVDM,1,1,,B,15NhO5dP0DJSB>tFPgUQuww:20Sb,0*25
\s:66,c:1782377503*40\!AIVDM,1,1,,A,19NSe?P21u7hh8p:K@C5043F053<,0*0C
\s:66,c:1782377495*4E\!AIVDM,1,1,,B,1815M6T01n0nLNTO9u?b`8I20PT5,0*1C
\s:66,c:1782377499*42\!AIVDM,1,1,,B,1:U8csgP1CLd6hwjAhqMi?w<2D2U,0*64
\s:66,c:1782377497*4C\!AIVDM,1,1,,A,B52kiDh006fC6VUubEL000N00000,0*3B
\s:66,c:1782377497*4C\!AIVDM,1,1,,A,13IqqP0000K`OLP8FbCEonI200Ru,0*02
\s:66,c:1782377497*4C\!AIVDM,1,1,,,13gc>t000QN?1JtV?57Vwn;:053<,0*1B
\s:66,c:1782377499*42\!AIVDM,1,1,,A,15?Fm6001nPBv?BEECOSDRb:00S3,0*37
\s:66,c:1782377497*4C\!AIVDM,1,1,,A,B4eHpu0005k=D<73EksQ2lN00000,0*7B
\s:66,c:1782377494*4F\!AIVDM,1,1,,,13F;Q@5000OH>c6GTIuHAHI00000,0*77
\s:66,c:1782377499*42\!AIVDM,1,1,,B,19NSfd0v32Dhf9hHkVL3rS9<053<,0*4A
\s:66,c:1782377498*43\!AIVDM,1,1,,B,18VBh00P00SR7S2@DGlSe?w<20ST,0*3F
\g:1-2-5198699,s:66,c:1782377195*0A\!AIVDM,2,1,9,B,53`dtL42E6cU0UL>220ptu8A=A8ttn222222220l1PG485d>07kS4U3H,0*5F
\g:2-2-5198699*6E\!AIVDM,2,2,9,B,888888888888880,2*2E
\s:66,c:1782377498*43\!AIVDM,1,1,,,13lsuf5000JV>h65u37QJHc60000,0*52
\s:66,c:1782377497*4C\!AIVDM,1,1,,A,13u>=CP01SQCOINQiWBmDTE:08Ev,0*5D
\s:66,c:1782377494*4F\!AIVDM,1,1,,B,13aC420P00PF1N<MUd9N4?w42<80,0*73
\g:1-2-5198700,s:66,c:1782377499*02\!AIVDM,2,1,0,B,59TH1>42CVJwD5Tv220L5`60l58TpF1@E8lTp4iSUhKJH6D`0OC2@V@H,0*64
\g:2-2-5198700*6F\!AIVDM,2,2,0,B,888888888888880,2*27
\g:1-2-5198701,s:66,c:1782377497*0D\!AIVDM,2,1,1,A,53lsuf82GMSwTP7GWW4<l60<Ln084Td4j2222216FpqIB5eW0GPlSCh`,0*4D
\g:2-2-5198701*6E\!AIVDM,2,2,1,A,888888888888880,2*25
\s:66,c:1782377497*4C\!AIVDM,1,1,,B,13JnmP002UOlctjDjfd3BBU80HF;,0*70
\s:66,c:1782377498*43\!AIVDM,1,1,,B,15SQ7>000TWKnCD0eAF0gPa<0L<P,0*23
\s:66,c:1782377498*43\!AIVDM,1,1,,A,36:=t60Oi@8Vw3PBCc<1uQe:00v0,0*18
\s:66,c:1782377498*43\!AIVDM,1,1,,A,13aJHawP000F<=hMwlBN4?w<0@FW,0*65
\s:66,c:1782377485*4F\!AIVDM,1,1,,A,13aBNA@P01PCTC:Mco:f4?vj2H>n,0*07
\s:66,c:1782377492*49\!AIVDM,1,1,,A,36:arK0P0j`dE>PAvLvsewwp0000,0*3F
\s:66,c:1782377500*43\!AIVDM,1,1,,A,33o34L0Oi01BT:2Wm;C5SlW<00sQ,0*0A
\s:66,c:1782377501*42\!AIVDM,1,1,,A,18K>D:001bWE6sP142>;La;@0<2C,0*69
\s:66,c:1782377501*42\!AIVDM,1,1,,A,19N`37P01s7GsC00m1Elmkq@0HHF,0*52
\s:66,c:1782377501*42\!AIVDM,1,1,,A,16?Ul2@P005FO;H7Ieth0?wD0HH<,0*7D
\s:66,c:1782377501*42\!AIVDM,1,1,,A,16:Qfv001T8UCbPDE0=Pq@C<08GA,0*3F
\s:66,c:1782377451*46\!AIVDM,1,1,,B,33aBNREP00PD=JTMd7NR`?w`REQ:,0*0E
\s:66,c:1782377501*42\!AIVDM,1,1,,A,B6:VfU@0;j27Mn3?pic@JVkWQP06,0*1B
\s:66,c:1782377502*41\!AIVDM,1,1,,B,1:U70r001oLcnBmj@Al0`0U>0@H;,0*31
\s:66,c:1782377502*41\!AIVDM,1,1,,B,36:IJPUP008VTEPDVM=SUOwB0DHr,0*33
\s:66,c:1782377496*4D\!AIVDM,1,1,,B,33f=K20wB:Pbj;tEcUpTeCk60073,0*07
\s:66,c:1782377503*40\!AIVDM,1,1,,B,C8Stas@029s=t01N?>UUGwe1ec0L>2M08O09R9c11110?1052120,0*47
\s:66,c:1782377502*41\!AIVDM,1,1,,A,1:U77KdP00Ld5S?jAIbR>wwB08Hj,0*72
\s:66,c:1782377494*4F\!AIVDM,1,1,,B,15?de7P01uSdk1p?WDlTUScp1oDA,0*4B
\s:66,c:1782377498*43\!AIVDM,1,1,,A,H3P;FiAL4dTT000000000000000,2*76
\s:66,c:1782377498*43\!AIVDM,1,1,,A,H3P;FiDT0000000=;55q000p5220,0*0B
\s:66,c:1782377501*42\!AIVDM,1,1,,A,26SgKC0thiWaNu`5s6b3TR?@20S>,0*01
\s:66,c:1782377502*41\!AIVDM,1,1,,B,16:=t60PA?8Vw5PBCcF1wig@053<,0*23
\s:66,c:1782377500*43\!AIVDM,1,1,,B,13`p<LhP1OPDC>hMda1Lqww>253<,0*72
\s:66,c:1782377500*43\!AIVDM,1,1,,B,18SK6u@0007aiQ>5wbooF;?@28GL,0*74
\s:66,c:1782377488*42\!AIVDM,1,1,,B,15?dfb@02qP@FCjN`>BWeV6n0H@I,0*2D
\s:66,c:1782377502*41\!AIVDM,1,1,,B,170lW03005SqWi2>@5k0AbsD00RC,0*25
\g:1-2-5198702,s:66,c:1782377503*02\!AIVDM,2,1,2,A,5Clsuf82GMSwTP7GWW4<l60<Ln084Td4j2222216FpqIB5eW0GPlSCh`,0*3E
\g:2-2-5198702*6D\!AIVDM,2,2,2,A,888888888888880,2*26
\s:66,c:1782377503*40\!AIVDM,1,1,,A,B3lj8l0000K=Ba5J6@7Q3wmQjDi:,0*3A
\s:66,c:1782377500*43\!AIVDM,1,1,,A,4007R@0000HttR3=llIAaoG00W3h,0*6E
\s:66,c:1782377503*40\!AIVDM,1,1,,B,17ldsa@0007KaJp0`9BFr`KF0@ID,0*61
\s:66,c:1782377503*40\!AIVDM,1,1,,A,1815a`00002mJbuucU7qH7uD08IB,0*60
\s:66,c:1782377503*40\!AIVDM,1,1,,B,17locq@P00WLC880bg;v4?wD28I;,0*42
\s:66,c:1782377503*40\!AIVDM,1,1,,B,1:U7FJhP00tQQhGi17BN4?wF20T4,0*18
\s:66,c:1782377503*40\!AIVDM,1,1,,A,B3`dir00B@5sFK7WVqt0Owm1hHIO,0*40
\s:66,c:1782377495*4E\!AIVDM,1,1,,A,B3q@I800:8EORuWihssCrav00000,0*78
\s:66,c:1782377498*43\!AIVDM,1,1,,B,13@pBw700IPbqv>Q85S9=7M40d1j,0*1D
\s:66,c:1782377499*42\!AIVDM,1,1,,B,25>vRJ000g7b?Mr5nWPhd@1>0<88,0*63
\s:66,c:1782377497*4C\!AIVDM,1,1,,A,13MBhih01@06nBfM?3MHuW5<0@F=,0*2B
\s:66,c:1782377499*42\!AIVDM,1,1,,A,144jUP0P002:?4jR@rsh>Is:66,0*19
\s:66,c:1782377497*4C\!AIVDM,1,1,,A,13mPItP0001d91P`IPS:;7=8053<,0*5A
\s:66,c:1782377496*4D\!AIVDM,1,1,,B,B3=7<`0008@CF<UkCFhPkwj5l000,0*6F
\s:66,c:1782377499*42\!AIVDM,1,1,,A,170ENl00?w<tSF0l4Q@>479v0UjT,0*32
\s:66,c:1782377492*49\!AIVDM,1,1,,A,132k6R?P1LwH4FLGT>Bmigw020Sa,0*71
\s:66,c:1782377499*42\!AIVDM,1,1,,B,17twSt0P00W@7uj1etlrjww@2<3v,0*07
\s:66,c:1782377411*42\!AIVDM,1,1,,B,33aER5UP00PCWq<Md3B>4?vF2E>:,0*44
\s:66,c:1782377430*41\!AIVDM,1,1,,A,13cM1v000>PE1uHMTg`UnTrn0<5t,0*7A
\s:66,c:1782377483*49\!AIVDM,1,1,,A,33cM1v0Oh7PE22TMTgGTAmVb0000,0*5B
\s:66,c:1782377476*43\!AIVDM,1,1,,B,13`m1H@P00PCM9bMeJ3>4?vN2@9J,0*1B
\s:66,c:1782377499*42\!AIVDM,1,1,,B,B3ILReP0LGt9O9VlmDd0?wkQh000,0*5B
\g:1-2-5198703,s:66,c:1782377427*04\!AIVDM,2,1,3,B,53aDCtD000010KK;?D0DDpPtu8p000000000001I<H<66uc:G8RhA1H0,0*3C
\g:2-2-5198703*6C\!AIVDM,2,2,3,B,hC12@p1EDSl3klP,2*67
\s:66,c:1782377496*4D\!AIVDM,1,1,,B,16;:5`0P0W`etvhA>2jVDOw6253<,0*2D
\s:66,c:1782377501*42\!AIVDM,1,1,,A,142OaR@01r1pNTvFs:66,0*4B
\s:66,c:1782377502*41\!AIVDM,1,1,,A,16TNtj0P00a=QipD4UVVJ3oB253<,0*28
\s:66,c:1782377499*42\!AIVDM,1,1,,B,33cwFM0004PvI@vJ<:<`nQ;<01fh,0*40
\g:1-2-5198704,s:66,c:1782377503*04\!AIVDM,2,1,4,A,54RlrT82>`g=K89W620TpAE=A8T4j0@T4ltpB21?=P<8<5co0=0TTRCp,0*77
\g:2-2-5198704*6B\!AIVDM,2,2,4,A,888888888888880,2*20
\s:66,c:1782377500*43\!AIVDM,1,1,,A,15MlLbPP00rdRPVG@>8rm?w>00SO,0*1B
\s:66,c:1782377500*43\!AIVDM,1,1,,B,19@>m4@01q1Gn4tPI4W0ePW@0hGn,0*7B
\s:66,c:1782377500*43\!AIVDM,1,1,,A,B3MBnch0Cp9HVN5oP6@07wl1l53<,0*50
\s:66,c:1782377501*42\!AIVDM,1,1,,B,13l3pm001hQpl3PFv@CMv;9@0<0e,0*01
\s:66,c:1782377502*41\!AIVDM,1,1,,A,3EDBob?P00JD3UJ58Lef4?vl0000,0*45
\s:66,c:1782377502*41\!AIVDM,1,1,,A,B5OB<j0006V7GVVGieFNj2v00000,0*77
\s:66,c:1782377472*47\!AIVDM,1,1,,A,13aGtO?P1;PC4qRMfCM4HOvHR<7k,0*42
\s:66,c:1782377431*40\!AIVDM,1,1,,A,33aGtO?P1>PC4>TMfDcDK?vvRC1S,0*59
\s:66,c:1782377434*45\!AIVDM,1,1,,B,3343:DP000PBPW@MabA7mFnv00:A,0*19
\s:66,c:1782377498*43\!AIVDM,1,1,,B,B7ldtJ006:6=LvOpb>J@7w`TkP06,0*7B
\s:66,c:1782377503*40\!AIVDM,1,1,,A,25>vRJ000f7b?NB5nWb0dP1D0<88,0*52
\s:66,c:1782377503*40\!AIVDM,1,1,,B,14`qQb001orR>C:FIV=dpbAF0D5H,0*27
\s:66,c:1782377502*41\!AIVDM,1,1,,B,B3HbRh00085lda7WtkGQ3wm1nDfb,0*4F
\s:66,c:1782377495*4E\!AIVDM,1,1,,B,13MBuV@011OqITrONAhPi0c20HDO,0*29
\s:66,c:1782377499*42\!AIVDM,1,1,,A,19pGw27P0TNgwrH7:>hdKgw<08FD,0*69
\s:66,c:1782377503*40\!AIVDM,1,1,,B,16TdWj01BkvRT?v89ovUnle@00SO,0*48
\s:66,c:1782377499*42\!AIVDM,1,1,,A,155f8F001:3SvUl@K@gcu9Q408Ep,0*70
\s:66,c:1782377500*43\!AIVDM,1,1,,B,15TKe>0v@bSQgEd?nfecCa=:28F4,0*29
\s:66,c:1782377498*43\!AIVDM,1,1,,A,13P7b40P00PG2BtNB`lf4?w<2D1P,0*57
\s:66,c:1782377498*43\!AIVDM,1,1,,A,17ljn3p00073l1D2:fr8V8S:00RW,0*00
\g:1-2-5198705,s:66,c:1782377354*01\!AIVDM,2,1,5,A,53aDpvl000010OG??@0pTddVm8DpDD000000001I=H?;35d>>j4Sm51D,0*78
\g:2-2-5198705*6A\!AIVDM,2,2,5,A,Q0CH0Sm31Bp80Sh,2*76
\s:66,c:1782377411*42\!AIVDM,1,1,,A,39NSEI50000CStNMchFsA@L@0EIJ,0*2A
\s:66,c:1782377483*49\!AIVDM,1,1,,A,13aIhS@P00PD<VfMdBHh0?vf2<7g,0*35
\s:66,c:1782377433*42\!AIVDM,1,1,,B,33aIhS@P00PD<W<MdBHh0?w22>rC,0*59
\s:66,c:1782377473*46\!AIVDM,1,1,,B,33aDpvm000PCQU:McsIJa?vFPDo:,0*07
\g:1-2-5198706,s:66,c:1782377498*05\!AIVDM,2,1,6,A,53ku8j42Av54=4`F221Hu9@ER22222222222221@8hB5:5g40?RE843@,0*7B
\g:2-2-5198706*69\!AIVDM,2,2,6,A,H88888888888880,2*52
\s:66,c:1782377500*43\!AIVDM,1,1,,B,16:EaJQP0<`LfPh=uT3QSgvr2DBi,0*1A
\s:66,c:1782377500*43\!AIVDM,1,1,,A,405flaQvad`kW1DGIcdVHOO02D16,0*21
\s:66,c:1782377501*42\!AIVDM,1,1,,B,16;=1`V013`g0a2A55j8dOw>0000,0*04
\s:66,c:1782377501*42\!AIVDM,1,1,,A,177hgW001bWc62P;kP05J4A:0<4<,0*78
\s:66,c:1782377501*42\!AIVDM,1,1,,B,16:ICoPP008fkbhAQ6C1iOw<0D6D,0*7D
\s:66,c:1782377501*42\!AIVDM,1,1,,B,13UwJv00inWSFQb1v=3pAFWD253<,0*6A
\s:66,c:1782377497*4C\!AIVDM,1,1,,A,13EgaP?P0NP1IcNF8m6IR?w82HEc,0*31
\s:66,c:1782377499*42\!AIVDM,1,1,,A,13`f:Q@P@mPF4IbMwasDFk3<R<4t,0*1D
\s:66,c:1782377500*43\!AIVDM,1,1,,B,15U?B00P0nrChin57iUM5?w@2L2h,0*33
\s:66,c:1782377501*42\!AIVDM,1,1,,B,B39`ScP0C0;ret7loOv=9nCQlD0g,0*7C
\s:66,c:1782377502*41\!AIVDM,1,1,,A,18LkSn1000W=kIh7PVspuVEB28H4,0*74
\s:66,c:1782377486*4C\!AIVDM,1,1,,B,33aEPLm001PClSLMdNo11Be0PDjJ,0*0A
\s:66,c:1782377501*42\!AIVDM,1,1,,B,13n3B180000IomFSbErdvaA>0PS4,0*31
\s:66,c:1782377501*42\!AIVDM,1,1,,B,H40aI54TC=D6?7Q82Imlik10312t,0*44
\s:66,c:1782377502*41\!AIVDM,1,1,,A,33n3B180000IomRSbEp<v9Ap0000,0*6F
\s:66,c:1782377503*40\!AIVDM,1,1,,A,15?diuP20v8g;ctAN=nRv2KD0L;e,0*55
\s:66,c:1782377499*42\!AIVDM,1,1,,B,13aENP@P00PFJsvMv`?DA?w<R0SQ,0*21
\s:66,c:1782377496*4D\!AIVDM,1,1,,B,13ku8j001P0Q`i2E`b236BQ80<5p,0*42
\s:66,c:1782377503*40\!AIVDM,1,1,,A,15?divP01bvePk0;smS7iF;D00RP,0*5E
\s:66,c:1782377497*4C\!AIVDM,1,1,,A,33aGsuHP0tPGn70NMUDlNgw822rQ,0*1F
\s:66,c:1782377498*43\!AIVDM,1,1,,A,139e510000PNvndMLErf46s<R53<,0*6B
\s:66,c:1782377500*43\!AIVDM,1,1,,B,19NSeI80347e3sR3;ou14hl`053<,0*2A
\s:66,c:1782377496*4D\!AIVDM,1,1,,A,15>rh>001w:?OV8Gp8u:D8?:053<,0*69
\s:66,c:1782377498*43\!AIVDM,1,1,,A,13gPIF?P00vrIaNThouv4?w:253<,0*0F
\s:66,c:1782377496*4D\!AIVDM,1,1,,A,37OnrtPt2WblGq5jGMKGCUk620H@,0*64
\s:66,c:1782377499*42\!AIVDM,1,1,,A,13ku:f@02S`4ME@8S?N7JV3808Fw,0*68
\s:66,c:1782377496*4D\!AIVDM,1,1,,A,B6:=R000B2;HSETBTPBO9wA7QP06,0*02
\s:66,c:1782377497*4C\!AIVDM,1,1,,B,18SK5EpP00Wa;rn5sML1Fww6253<,0*7B
\s:66,c:1782377496*4D\!AIVDM,1,1,,A,15NFg?0000qV3?T@c1Bd`Sk:08EQ,0*47
\s:66,c:1782377498*43\!AIVDM,1,1,,B,B8JIlj0009n`9k0;pTwQ0GBUoP06,0*5F
\s:66,c:1782377493*48\!AIVDM,1,1,0,B,H5N;5n0<P58hE>1@00000000000,2*47
\s:66,c:1782377493*48\!AIVDM,1,1,0,B,H5N;5n40FC@<:5SG44ojik0P>220,0*49
\g:1-2-5198707,s:66,c:1782377344*02\!AIVDM,2,1,7,B,5815?B02@2SEKL=CF21=Br0l59V222222222221@BhQ@@5cP1N3S84U3,0*7F
\g:2-2-5198707*68\!AIVDM,2,2,7,B,H88888888888880,2*50
\s:66,c:1782377498*43\!AIVDM,1,1,,B,13mt@u7000PH5t4Qn0t>49C<2<0D,0*2C
\s:66,c:1782377500*43\!AIVDM,1,1,,B,402IPEAvad`k`vhjVfUjcTW00@Gc,0*69
\s:66,c:1782377497*4C\!AIVDM,1,1,,B,13Jgt60013rUl425qgT4PCW80<1L,0*49
\s:66,c:1782377493*48\!AIVDM,1,1,,B,402HW71vad`kOOB=l>MS7QW00D1q,0*74
\s:66,c:1782377498*43\!AIVDM,1,1,,A,B7PH<r002Je2Aas9ta8ncwj3l8EN,0*11
\s:66,c:1782377501*42\!AIVDM,1,1,,B,16::c9P0008;mC@<rl1p;0s400SJ,0*43
\s:66,c:1782377494*4F\!AIVDM,1,1,,B,402=aG0000HttOw=QHNQ<T7P0pD5,0*7D
\s:66,c:1782377501*42\!AIVDM,1,1,,A,16:5=g0P1I`iA:hACDC0@gw@2D>@,0*5B
\g:1-2-5198708,s:66,c:1782377501*0A\!AIVDM,2,1,8,A,53lNrF42>j?OTQ<;P00PU=A8T604L5@40000001@BPP>B5dV0FBE4l1@,0*47
\g:2-2-5198708*67\!AIVDM,2,2,8,A,000000000000000,2*2C
\s:66,c:1782377500*43\!AIVDM,1,1,,A,19NSfS02iD7KFl60dA@r3`9>08GR,0*27
\s:66,c:1782377255*44\!AIVDM,1,1,,A,B3`g>6h0004n3W7Jpk?Q3wiQjFPJ,0*7C
\s:66,c:1782377502*41\!AIVDM,1,1,,A,403Ot`1uHU0kbo=sd0K=Bbg02<EE,0*50
\s:66,c:1782377493*48\!AIVDM,1,1,,A,1p;At@002?8bWOB6dfL=>bTp0000,0*19
\s:66,c:1782377494*4F\!AIVDM,1,1,,B,13dPhn;P04PwJMjDnfP8j?w4253<,0*0A
\s:66,c:1782377492*49\!AIVDM,1,1,,A,13m6UVP00m1aodr`ILw@W@M108C1,0*2B
\s:66,c:1782377498*43\!AIVDM,1,1,,A,14`V2P0008Pi`DHQ1sk306w>00Rn,0*12
\s:66,c:1782377499*42\!AIVDM,1,1,,A,16;Mwn01iV`UOF@F=qpTEkO80=nJ,0*52
\s:66,c:1782377493*48\!AIVDM,1,1,,B,15Sb5L002u:<f:@Go0DSL2lv0D75,0*29
\s:66,c:1782377498*43\!AIVDM,1,1,,B,13m5nR001C1pb<HFtK2ASQA40HF?,0*1A
\s:66,c:1782377500*43\!AIVDM,1,1,,A,19NSr`P02;NlvwN>MRPWvVE<00Sp,0*79
\s:66,c:1782377498*43\!AIVDM,1,1,,B,14eGJrh000KnJDVL16jsKpe>20S8,0*44
\s:66,c:1782377499*42\!AIVDM,1,1,,A,13dah80v25wD3jtE1?kmWlM:08Fa,0*00
\s:66,c:1782377500*43\!AIVDM,1,1,,B,15UHOn0P00JCrjP56SqiVgwB0D1u,0*40
\s:66,c:1782377499*42\!AIVDM,1,1,,A,19t6UI0P007E2OH15FiQe?w<053<,0*36
\s:66,c:1782377493*48\!AIVDM,1,1,,B,83`lOt0j2d<<<<<<<0;@?3eU1T00,0*3B
\s:66,c:1782377500*43\!AIVDM,1,1,,A,19t6Rgj00;2CF=lBUuN3?P3>0U3<,0*79
\s:66,c:1782377500*43\!AIVDM,1,1,,B,16:4K>WP0088970=1pl;T?w@00R>,0*7B
\s:66,c:1782377501*42\!AIVDM,1,1,,B,18KjPT0uROWJiGF0au2sQaG600S6,0*65
\s:66,c:1782377496*4D\!AIVDM,1,1,,B,4>jQMS1vad`kSOB>>JMS:7o0053<,0*11
\s:66,c:1782377502*41\!AIVDM,1,1,,A,402E:u1vad`kbPCGL6ML5Rw02<@L,0*3C
\s:66,c:1782377500*43\!AIVDM,1,1,,A,87mRJDP0G@:?>G1?6600,0*0D
\s:66,c:1782377500*43\!AIVDM,1,1,,B,16ShRPgP019=@1:D4S1rsgw@20SO,0*3F
\s:66,c:1782377503*40\!AIVDM,1,1,,A,169@>6001U8f@n0A=Q0WQV;D0<;a,0*10
\s:66,c:1782377482*48\!AIVDM,1,1,,A,B3`fGEh02@52hf7K2OK>Kwc1j2wQ,0*14
\s:66,c:1782377502*41\!AIVDM,1,1,,A,13l3pm@000sV34R65N9Us`E<0DD4,0*29
\s:66,c:1782377502*41\!AIVDM,1,1,,A,13B4hn70000jsoNPk:Q`2lqD00RV,0*04
\s:66,c:1782377495*4E\!AIVDM,1,1,,A,B3prPoP007fF7;T1PRT019v00000,0*6C
\s:66,c:1782377503*40\!AIVDM,1,1,,A,19NSlVP0j90OKRqp?:oluD5@0L06,0*65
\s:66,c:1782377501*42\!AIVDM,1,1,,A,169GQjPsh58P:>LFEpP=qBw<00Rb,0*6C
\s:66,c:1782377501*42\!AIVDM,1,1,,B,13ku;@P01;P7@BvM;WVQd1I>0@HA,0*46
\s:66,c:1782377500*43\!AIVDM,1,1,,A,16:77i0P0f8KJR6EspwB7h;:3<2I,0*40
\s:66,c:1782377503*40\!AIVDM,1,1,,B,16;O=v00AI8jq=@DdDp6u5SD0@IC,0*44
\s:66,c:1782377487*4D\!AIVDM,1,1,,A,13aEN`PP1UPD2mhMdTfK8gvn2@@D,0*08
\s:66,c:1782377501*42\!AIVDM,1,1,,,B5O;PMP00>Qb5HV9R><K;wkUwP06,0*7E
\s:66,c:1782377500*43\!AIVDM,1,1,,A,352MKdE000J@`m8?Rl=dGok@0DoJ,0*30
\s:66,c:1782377500*43\!AIVDM,1,1,,A,HCgl`A0QH5@T000000000000000,2*3D
\s:66,c:1782377500*43\!AIVDM,1,1,,A,HCgl`A4N4I138D0nnnn0000@5120,0*08
\s:66,c:1782377503*40\!AIVDM,1,1,,A,13aL?>HP0h0GcApNP7<6c?wF0HIE,0*57
\s:66,c:1782377503*40\!AIVDM,1,1,,A,18Hw7t0P@1WL@n@0iPVN45mD2@I4,0*01
\s:66,c:1782377503*40\!AIVDM,1,1,,A,146gGV7Oh`Nh:=R;GDjlp3q@0PS@,0*5F
\s:66,c:1782377496*4D\!AIVDM,1,1,,A,15NQAEPP00o@VbvK>GMv4?w828EH,0*1E
\s:66,c:1782377500*43\!AIVDM,1,1,,B,19NSlQP01sPh`clEQ5k;4pq<0@GI,0*7E
\s:66,c:1782377496*4D\!AIVDM,1,1,,B,144hv;P01wPQbvREG?bJT`M42hED,0*53
\s:66,c:1782377499*42\!AIVDM,1,1,,A,16:G670P0089EMh<nUmkKOw<08FT,0*08
\s:66,c:1782377499*42\!AIVDM,1,1,,A,B3@pSm00:P<7rO`@H@me;wk5kP06,0*0A
\s:66,c:1782377500*43\!AIVDM,1,1,,A,D0476ch0<Bfp?`B?`0,4*42
\s:66,c:1782377500*43\!AIVDM,1,1,,B,144Wbc01AeQHF<JCl6gs78mp1d00,0*04
\s:66,c:1782377495*4E\!AIVDM,1,1,,B,H52fgi4UFC@D1=5G9>D5B01p0050,0*5C
\s:66,c:1782377498*43\!AIVDM,1,1,,A,1:U77q;P00LQqPAiJ5KnVgw:2@FR,0*36
\s:66,c:1782377500*43\!AIVDM,1,1,,A,17mF?spP00WaCFQtRKVf4?w>2<34,0*13
\s:66,c:1782377500*43\!AIVDM,1,1,,A,33RSGH0Oii1Na20EdmHptW;p0000,0*57
\s:66,c:1782377497*4C\!AIVDM,1,1,,A,B7m:0BP05QrCTcw83G=kOwjWkP06,0*21
\s:66,c:1782377498*43\!AIVDM,1,1,,A,17mRJ4w0017JR1L0b53hPD3<2@FP,0*36
\s:66,c:1782377498*43\!AIVDM,1,1,,A,38:rb10PAl8b41H7oOQI0G9200s@,0*2C
\s:66,c:1782377499*42\!AIVDM,1,1,,A,13eWa400@VwFV>@Ec9gs8q5<00Ro,0*3A
\s:66,c:1782377490*4B\!AIVDM,1,1,,B,H3cVf0P=TLqE>0tJ04pLhE<ET00,2*76
\s:66,c:1782377499*42\!AIVDM,1,1,,B,H3cVf0TTCBD4<PG9@Ppkqq1P;410,0*3A
\s:66,c:1782377496*4D\!AIVDM,1,1,,B,16109TPOh8SRtlH@<w9eHbs82L<W,0*73
\s:66,c:1782377497*4C\!AIVDM,1,1,,B,19NSd2hwRoOW02sv0gEEN4C8053<,0*07
\s:66,c:1782377498*43\!AIVDM,1,1,,B,13Eo2`0P18wGnatHIHT2gww:2<06,0*07
\s:66,c:1782377498*43\!AIVDM,1,1,,B,18I<9d001mbA:m:GlSQrNHK800Rg,0*0D
\s:66,c:1782377502*41\!AIVDM,1,1,,B,18K4rV?PBH7KEi@0eEhj?Qi@053<,0*5D
\s:66,c:1782377499*42\!AIVDM,1,1,,B,402IPC1vad`kTNvajfTwgn700@Ep,0*69
\s:66,c:1782377501*42\!AIVDM,1,1,,A,33T91?5000QdVplEc74>44g@2E@:,0*0E
\s:66,c:1782377501*42\!AIVDM,1,1,,B,B3MBmsh05P1:C2WlUeLc7wkQj001,0*07
\s:66,c:1782377501*42\!AIVDM,1,1,,A,403sj51vad`k`8aE7LDROoO0053<,0*30
\s:66,c:1782377501*42\!AIVDM,1,1,,A,33@pBB0Oh80ATNDN<sT:bi380000,0*79
\s:66,c:1782377502*41\!AIVDM,1,1,,A,18SJI@001M7eP4b61ibIFoP:0534,0*13
\s:66,c:1782377496*4D\!AIVDM,1,1,,A,B3mQ`g0000?OD5ag9e3Q3wiTkP06,0*11
\s:66,c:1782377500*43\!AIVDM,1,1,,B,13@pBB00080ATN6N<sT:m11>0D2@,0*78
\g:1-2-5198709,s:66,c:1782377499*0B\!AIVDM,2,1,9,A,56:>J680000099Lv221UDF0@T4r3J22222222216HHN;E5bo0?6R3mH4,0*5C
\g:2-2-5198709*66\!AIVDM,2,2,9,A,j0C`88888888880,2*54
\s:66,c:1782377501*42\!AIVDM,1,1,,B,33sI1N0P08OH<DpGTGl78gwD055k,0*3F
\s:66,c:1782377498*43\!AIVDM,1,1,,A,ENk`tcdHph@@@@@@@@@@@@@@@@@=BkH`:o9E@00003vP000,2*37
\s:66,c:1782377499*42\!AIVDM,1,1,,B,36:CRR5Oh88fKM8A;Pub;rE<0000,0*1E
\s:66,c:1782377499*42\!AIVDM,1,1,,A,38SK3fE000Wah7L61TOh09M:2000,0*38
\s:66,c:1782377498*43\!AIVDM,1,1,,A,19NSg`h02MbBScdGrmM26Qi>0D0?,0*0B
\s:66,c:1782377498*43\!AIVDM,1,1,,B,1912vP0P1FPuVLnDN4D;:?w<2@FN,0*3B
\s:66,c:1782377499*42\!AIVDM,1,1,,B,33Hpk6?Oh9wtpEfLN7lBmje:00<h,0*26
\g:1-2-5198710,s:66,c:1782377447*00\!AIVDM,2,1,0,B,53`olTp000010?GK3P055D5@D4l000000000001@;PB66ud0e6lSm51D,0*13
\g:2-2-5198710*6E\!AIVDM,2,2,0,B,Q0CH<iH41E4Sj0@,2*5D
\s:66,c:1782377495*4E\!AIVDM,1,1,,A,13aI8V0P00PG2StNBe?f4?w620S?,0*14
\s:66,c:1782377500*43\!AIVDM,1,1,,A,33l9>S@P@Q0qGKFDfWTLiqm@00hP,0*74
\s:66,c:1782377493*48\!AIVDM,1,1,,B,35O6d9;P@1rRV7@E809qjRk000vh,0*64
\s:66,c:1782377399*45\!AIVDM,1,1,,B,333qk6U001PC5R@MebAt79qh0Dbb,0*76
\s:66,c:1782377499*42\!AIVDM,1,1,,B,18I5QN30000Pm;0SobTb8HC>00Sl,0*10
\s:66,c:1782377501*42\!AIVDM,1,1,,,15O6d9;P@1rRV7@E809qjRg:0000,0*3C
\s:66,c:1782377494*4F\!AIVDM,1,1,,A,16:76V00008Js7lFCWVoF0m60<:F,0*20
\s:66,c:1782377499*42\!AIVDM,1,1,,A,13EWp0?000wj6W>DT610001@0000,0*6D
\s:66,c:1782377207*43\!AIVDM,1,1,,B,B3aKUC00004`bvWJKv;Q3woQjDN:,0*42
\s:66,c:1782377486*4C\!AIVDM,1,1,,A,13`iHP@01FPCq3@Mbs65b4LlPD7w,0*5E
\s:66,c:1782377501*42\!AIVDM,1,1,,B,KpuQAP?i8bukr0Ot,0*40
\s:66,c:1782377495*4E\!AIVDM,1,1,,B,402SPkAvad`kR<tSF0l4Q@101P06,0*52
\g:1-2-5198711,s:66,c:1782377398*04\!AIVDM,2,1,1,A,533ng0`0FJA8uC?KW01<tmA84q>1P0000000001@>HD78viQ00CS4Snd,0*20
\g:2-2-5198711*6F\!AIVDM,2,2,1,A,<LMTA3hjn<<<<>0,2*6C
\s:66,c:1782377500*43\!AIVDM,1,1,,A,14aw6j500s3Nhq0@AUh3S2a@0D3A,0*32
\s:66,c:1782377500*43\!AIVDM,1,1,,B,138B7H00540?e<LG2kFLJIs<0<8<,0*69
\s:66,c:1782377439*48\!AIVDM,1,1,,B,33`eCp00000BMrDMapch06o>05i3,0*45
\s:66,c:1782377502*41\!AIVDM,1,1,,A,19NSpJ@wReJB5Rms21WmT4Q@0<03,0*3F
\s:66,c:1782377502*41\!AIVDM,1,1,,B,19NSe?301a0`:tFHrVQPT0OD0@I8,0*62
\s:66,c:1782377503*40\!AIVDM,1,1,,A,B8SJ;P@0:qs9@bQMd9RrowlVSP06,0*3B
\s:66,c:1782377500*43\!AIVDM,1,1,,,B5O1=NP00>qMfg1QjccQ3wc5oP06,0*3E
\s:66,c:1782377500*43\!AIVDM,1,1,,A,15O5BuP000GRT<dCCVV3bUw<0HGr,0*14
\s:66,c:1782377498*43\!AIVDM,1,1,,A,ENmWPw<sP000000000000000000Cm1ac2u@N@00003j010,4*57
\g:1-2-5198712,s:66,c:1782377499*01\!AIVDM,2,1,2,B,59NSsa82>JWWDi`7T015DDDr0:0TTT000000001?D`>I3=d<0G3F0kh@,0*51
\g:2-2-5198712*6C\!AIVDM,2,2,2,B,000000000000000,2*25
\s:66,c:1782377494*4F\!AIVDM,1,1,,B,91b60STK2:0k1NLG?Wk`Vp@208D0,0*69
\s:66,c:1782377499*42\!AIVDM,1,1,,A,B6:LGpP0;j;b9`4B2Oheh2;TSP00,0*12
\s:66,c:1782377500*43\!AIVDM,1,1,,B,1815G1002:PO5<FES6QjuRLp0<4K,0*75
\s:66,c:1782377500*43\!AIVDM,1,1,,B,19NSgOh3Bb0CGvQhHP5Ddkq>0L00,0*4D
\s:66,c:1782377496*4D\!AIVDM,1,1,,A,35O?f75wP0J4k98?w6DSQ5cp0000,0*29
\s:66,c:1782377501*42\!AIVDM,1,1,,A,35O?f75wP0J4k9<?w6DSNUcp0000,0*52
\s:66,c:1782377494*4F\!AIVDM,1,1,,B,18:pMj8P01`a`Ah8EKev4?w228Cp,0*32
\s:66,c:1782377498*43\!AIVDM,1,1,,A,13n24m0P07Pg;djTj7c9?ww<2HFS,0*7B
\s:66,c:1782377500*43\!AIVDM,1,1,,A,13ckKu01Bd0F8GHG=hhRv2I<8<7q,0*2F
\s:66,c:1782377501*42\!AIVDM,1,1,,A,13`h9N0000PCd`VMGd2N46wB2@HD,0*41
\s:66,c:1782377394*48\!AIVDM,1,1,,B,H3aOA:PdE@Dh8TpdTD000000000,2*4C
\s:66,c:1782377404*46\!AIVDM,1,1,,B,H3aOA:TUC=D5G@G@8jhnq00h6220,0*4E
\s:66,c:1782377501*42\!AIVDM,1,1,,A,402FhVivad`ka1?96TG@oiW0053<,0*21
\s:66,c:1782377501*42\!AIVDM,1,1,,B,155dC:PP0NSi5R<=lQ7ciwwB20T1,0*0E
\s:66,c:1782377501*42\!AIVDM,1,1,,B,D03OwphuqN>4e8ffpfpNfp0,2*53
\s:66,c:1782377500*43\!AIVDM,1,1,,A,1815`>h11oOkgOpLQ=cBrRE<0<5W,0*38
\s:66,c:1782377503*40\!AIVDM,1,1,,A,402AaJ1vad`kbQ26fNIskFG00@I;,0*4E
\s:66,c:1782377503*40\!AIVDM,1,1,,B,348`m23Oh0QPmFFOnHmFVTkD20th,0*1C
\s:66,c:1782377496*4D\!AIVDM,1,1,,A,B3P9BM000?u;wl7?FA;@jWN00000,0*5C
\s:66,c:1782377500*43\!AIVDM,1,1,,B,B5O6@LP003:wleuMCo3Q3wl1h000,0*37
\s:66,c:1782377501*42\!AIVDM,1,1,,A,33UIJS0000Qcs>:Ef<qujhKB00tP,0*52
\s:66,c:1782377496*4D\!AIVDM,1,1,,A,ENjO`2k2psrs@1P`7h9bc2a7P000Tvml;9?>P10888N000,4*10
\s:66,c:1782377500*43\!AIVDM,1,1,,B,16:Eas3vP1SekIn??SRP09a>28Gb,0*39
\g:1-2-5198713,s:66,c:1782377498*01\!AIVDM,2,1,3,B,53P=T;400000lPI;:2084@LE:22222222222220m00000t0000888888,0*37
\g:2-2-5198713*6D\!AIVDM,2,2,3,B,888888888888880,2*24
\s:66,c:1782377499*42\!AIVDM,1,1,,B,19NSdU@01LLd4rojAJ>At1M:053<,0*2B
\s:66,c:1782377498*43\!AIVDM,1,1,,B,16:?sSQ0008VDj8DajKHEJ:v00Ru,0*36
\s:66,c:1782377499*42\!AIVDM,1,1,,A,15BQB8001H0O0JlEME`b<`360d<P,0*75
\s:66,c:1782377495*4E\!AIVDM,1,1,,,18L:gF0vBbNsHL;sDAGLIatB1000,0*3F
\s:66,c:1782377499*42\!AIVDM,1,1,,B,17lcbr0P00WLe6h0WIUf4?w<2HFq,0*6C
\s:66,c:1782377497*4C\!AIVDM,1,1,,A,B7ldt7h00:68t8wpe?OM;wj7kP06,0*7B
\s:66,c:1782377497*4C\!AIVDM,1,1,,A,H7ldt7i@4p4U:qJ222222222220,2*1F
\s:66,c:1782377497*4C\!AIVDM,1,1,,B,H7ldt7ll93?4=s7I4Plpjm0pB430,0*6A
\s:66,c:1782377500*43\!AIVDM,1,1,,,18L:gF0wRbNsHI;sDAj<K9tH1000,0*26
\s:66,c:1782377500*43\!AIVDM,1,1,,A,18Ht;70P00WJqEp0d7tf4?w@2@Gd,0*3A
\s:66,c:1782377496*4D\!AIVDM,1,1,,A,33o0G000000i7kTRAwT0qPcp0000,0*6D
\g:1-2-5198714,s:66,c:1782377499*07\!AIVDM,2,1,4,A,59NSc6H2=svHCETo<00m<>04h@D8584r0TTT001?G0FH85e:0EPTiT3h,0*7C
\g:2-2-5198714*6A\!AIVDM,2,2,4,A,000000000000000,2*20
\s:66,c:1782377497*4C\!AIVDM,1,1,,A,33HPBg0OjnwhF7PKAT:P`0M:01ii,0*4C
\s:66,c:1782377498*43\!AIVDM,1,1,,B,39@2`9A00005n=d3ND:f4:K<0DDJ,0*21
\s:66,c:1782377496*4D\!AIVDM,1,1,,,13fCB201jO2n<p7fooEBcR180000,0*6A
\s:66,c:1782377499*42\!AIVDM,1,1,,A,13IR3E0P0?NgjvF7nm9etOw<0HEl,0*1C
\s:66,c:1782377493*48\!AIVDM,1,1,,A,33@oEmP401P8:tVNELSLDCQ2010P,0*69
\s:66,c:1782377500*43\!AIVDM,1,1,,A,169`UvP00r8gJ?hAeUO<j0O>053<,0*18
\s:66,c:1782377497*4C\!AIVDM,1,1,,A,B7loda000:6;IPOpcr60wwiRT@Ev,0*7F
\s:66,c:1782377498*43\!AIVDM,1,1,,B,1:pDpHP000JV@1d5u2J1jS5<053<,0*78
\s:66,c:1782377499*42\!AIVDM,1,1,,A,28SJQM0P007aso:61iOQv?w>00Rt,0*6F
\s:66,c:1782377498*43\!AIVDM,1,1,,B,B3IqOE00hh8:lMV>R`hM@FjQT53<,0*69
\s:66,c:1782377502*41\!AIVDM,1,1,,A,16StEt002EWNNEd0ueaWRV1B08Hi,0*7E
\s:66,c:1782377500*43\!AIVDM,1,1,,A,13aEC?OP00PJoe6N5Gic>OwB2<2d,0*6F
\s:66,c:1782377496*4D\!AIVDM,1,1,,B,B7P=EV00NBbpF?tuDIQUEHAQV93h,0*68
\s:66,c:1782377501*42\!AIVDM,1,1,,B,18I:DP01C0Ngu:`<W9:7T63@0<21,0*7E
\s:66,c:1782377500*43\!AIVDM,1,1,,B,19NSLS00is8athT6qVH5slq208Gc,0*38
\s:66,c:1782377501*42\!AIVDM,1,1,,B,19pJCN7P0KviTG>8uCnaggwB253<,0*08
\s:66,c:1782377499*42\!AIVDM,1,1,,A,1:pDs;U0haJVAU85r6BsQ9;<00SN,0*3F
\s:66,c:1782377501*42\!AIVDM,1,1,,B,25?dQ9i0019j0?LD0eQurEe@053<,0*74
\s:66,c:1782377501*42\!AIVDM,1,1,,,13fCB201jO2n<qWfooIRbj1:0000,0*2C
\g:1-2-5198715,s:66,c:1782377502*05\!AIVDM,2,1,5,A,53cqLE81vgl8T8eN220lDL604pA8D6222222220t42:>>5dae@ATSPiH,0*41
\g:2-2-5198715*6B\!AIVDM,2,2,5,A,888888888888880,2*21
\s:66,c:1782377500*43\!AIVDM,1,1,,A,33@oEmPv@1P8:tPNELT<?CQ@0110,0*42
\s:66,c:1782377502*41\!AIVDM,1,1,,A,19NSoV@00N8lOgDAOBfV3Te>00SG,0*68
\s:66,c:1782377503*40\!AIVDM,1,1,,B,16:BhC001H8fwmPA5;I`OFaD0@I0,0*5F
\s:66,c:1782377503*40\!AIVDM,1,1,,A,15BQB8001H0O0G4EMESb<`3<0hI9,0*09
\s:66,c:1782377503*40\!AIVDM,1,1,,A,13cqLE002H0RQfTHws<aq7oF08Id,0*1F
\s:66,c:1782377502*41\!AIVDM,1,1,,A,33ajAt001mP?96tMT@B5TDQ>00v0,0*47
\s:66,c:1782377503*40\!AIVDM,1,1,,A,7@2R5`hwCuGh,0*62
\s:66,c:1782377493*48\!AIVDM,1,1,,A,15N0f3d000q<d40A2jH99K940000,0*67
\s:66,c:1782377498*43\!AIVDM,1,1,,A,18Hw6OgP01WL51v0gs5v4?w02HC5,0*11
\s:66,c:1782377498*43\!AIVDM,1,1,,B,1594;USP09q2Pt@<3I8`GOw>20Ru,0*15
\s:66,c:1782377494*4F\!AIVDM,1,1,,A,37PAS8800Ibl<<QdWwqP:@9201vP,0*45
\s:66,c:1782377497*4C\!AIVDM,1,1,,A,B3UBTb000@Lhs85BcsQnu`N00000,0*5A
\s:66,c:1782377498*43\!AIVDM,1,1,,A,18IISP00007JiS00gGv@Ppe<08F7,0*7D
\s:66,c:1782377499*42\!AIVDM,1,1,,A,H3UBTb0d58h4000000000000000,2*4B
\s:66,c:1782377499*42\!AIVDM,1,1,,B,H3UBTb4TC=D660?CF2jqjn0`833t,0*1E
\s:66,c:1782377493*48\!AIVDM,1,1,,B,16:BNrP008`KPWnF5Q:rl2W220S7,0*7B
\g:1-2-5198716,s:66,c:1782377500*04\!AIVDM,2,1,6,A,59NSIJP2BLnPCDUKF21=U8u>0V22222222222216H8TG95dgNPlip4jC,0*6F
\g:2-2-5198716*68\!AIVDM,2,2,6,A,`41@Qs@`8888880,2*05
\s:66,c:1782377500*43\!AIVDM,1,1,,A,19NSIJP1idWH@nj0k1jDbCpp053<,0*68
\s:66,c:1782377498*43\!AIVDM,1,1,,B,18I;Uh002k2kRbkfm48RVR1>053<,0*6C
\s:66,c:1782377496*4D\!AIVDM,1,1,,A,13LB6DP01d1T1=VRO04:QpN00000,0*2E
\s:66,c:1782377498*43\!AIVDM,1,1,,B,133mvTPP000CCTRMEff@0?w:053<,0*6D
\s:66,c:1782377500*43\!AIVDM,1,1,,B,16:G=4001A8gOjhAgeodMbc<0<t7,0*43
\s:66,c:1782377498*43\!AIVDM,1,1,,A,355Wul1P00004Br3>Iuhwgw<0Djr,0*50
\s:66,c:1782377498*43\!AIVDM,1,1,,A,15Nwac<P@6q<icPA2SRpqQc<0HFG,0*10
\s:66,c:1782377499*42\!AIVDM,1,1,,B,13GQId3P0bP9rBpGafE@dgw@2<5:,0*74
\s:66,c:1782377500*43\!AIVDM,1,1,,B,15?Stt010:7bIej5l`onUnm<0@GB,0*72
\s:66,c:1782377498*43\!AIVDM,1,1,,A,36:LdAP01<8<7eP<l0@iOQ=:00r1,0*08
\s:66,c:1782377328*4F\!AIVDM,1,1,,A,33aFh9UP00PDm50Mdr6BsgwPRDn:,0*77
\s:66,c:1782377499*42\!AIVDM,1,1,,A,1815Jt@w19`UsulD>M5spaM400SO,0*70
\s:66,c:1782377493*48\!AIVDM,1,1,,B,142LUgO000R4jO2GMaHCn4m40@CV,0*64
\s:66,c:1782377498*43\!AIVDM,1,1,,A,1815b>hv1v03;;tLv4aq7W?808FG,0*29
\s:66,c:1782377501*42\!AIVDM,1,1,,A,144VBAP01GRD3ULATnanRUG608Eu,0*52
\s:66,c:1782377498*43\!AIVDM,1,1,,A,H52gle1@EP5>184pLE:0TTT0000,2*70
\s:66,c:1782377197*49\!AIVDM,1,1,,B,H52gle4U7B=400000000000p8220,0*51
\s:66,c:1782377481*4B\!AIVDM,1,1,,A,13aGFG0P1BPCg0lMdFOqCOvbR8<d,0*43
\s:66,c:1782377391*4D\!AIVDM,1,1,,B,23aGFG0P1>PChK:MdJVqP?wVR000,0*0E
\s:66,c:1782377500*43\!AIVDM,1,1,,B,1815>H@004P42H`FdMa1dFtH053<,0*7F
\s:66,c:1782377494*4F\!AIVDM,1,1,,B,35>mwR001I8hfI6AkKlJLpi202nA,0*69
\s:66,c:1782377499*42\!AIVDM,1,1,,A,13aGEMhP17PD?V4Md2HcLww>2@Ft,0*7F
\s:66,c:1782377502*41\!AIVDM,1,1,,A,17m:1N0P0073lAv2:RcN4?vv2`HO,0*1E
\s:66,c:1782377502*41\!AIVDM,1,1,,A,142O;gPP0025vJvGGLPT>?wD00RU,0*32
\s:66,c:1782377496*4D\!AIVDM,1,1,,A,B69F44h01B><iE41S@W0>Iv021Mk,0*4D
\s:66,c:1782377501*42\!AIVDM,1,1,,A,H69F44k37W3L000000000000000,2*52
\s:66,c:1782377501*42\!AIVDM,1,1,,B,H69F44lN?F10100hiqho002P=420,0*51
\s:66,c:1782377501*42\!AIVDM,1,1,,A,C69F44h01J><iB41S@ftvGN1QSkQf000000000000000?1@6R100,0*19
\s:66,c:1782377502*41\!AIVDM,1,1,,A,16:;SjP001`W5FhD`N3r:iWD0D30,0*48
\s:66,c:1782377497*4C\!AIVDM,1,1,,A,13aGt<PP00PDQHHMe?Ch0?w820RM,0*6E
\s:66,c:1782377503*40\!AIVDM,1,1,,A,15>mwR001H8hf@8AkKjbN`iF0D?9,0*79
\s:66,c:1782377494*4F\!AIVDM,1,1,,A,16:87r0000`ddclAtEj3p9u620S2,0*49
\s:66,c:1782377502*41\!AIVDM,1,1,,A,I8:eDQC`Eoc>:Ac0uJU:q26n8nJv,0*40
\s:66,c:1782377503*40\!AIVDM,1,1,,A,142LUgO000R4jNtGMaHCn4mF08IJ,0*3C
\s:66,c:1782377497*4C\!AIVDM,1,1,,B,B3MCS0@0001aaOUTA:k;bDB7t000,0*0A
\s:66,c:1782377498*43\!AIVDM,1,1,,A,ENjjbWLR;h1T@JP000000000000@OJUP=24@@1088;vP00,4*09
\s:66,c:1782377497*4C\!AIVDM,1,1,,A,16:QwTP0008LMi0=wgwcGjW8053<,0*18
\s:66,c:1782377499*42\!AIVDM,1,1,,B,D69vCAh00000,0*42
\s:66,c:1782377499*42\!AIVDM,1,1,,,13Jlhd0vjD65uVr3;eWbF`C:0000,0*72
\s:66,c:1782377493*48\!AIVDM,1,1,,A,13tk7r001u0>vifMud?`dFtv0D<d,0*42
\s:66,c:1782377498*43\!AIVDM,1,1,,B,26Ka9n50009itK2Cw6J2B5W608F7,0*11
\s:66,c:1782377496*4D\!AIVDM,1,1,,B,16Sj=P001l`<4<<<mvGU6l5:0@E0,0*26
\s:66,c:1782377499*42\!AIVDM,1,1,,A,17log<LP057aANKtPHDFqgw<0D3O,0*48
\g:1-2-5198717,s:66,c:1782377497*0A\!AIVDM,2,1,7,A,55?dVt400000Pt7?GCI<EHDp0000000000000000000550000040DSlh,0*1C
\g:2-2-5198717*69\!AIVDM,2,2,7,A,000000000000000,2*23
\s:66,c:1782377497*4C\!AIVDM,1,1,,A,35?dVt10011k2AtE:eq3<:Cp0000,0*69
\s:66,c:1782377493*48\!AIVDM,1,1,,B,33P=pK@Oh507SMTMJPddsnw400sP,0*46
\s:66,c:1782377499*42\!AIVDM,1,1,,B,402IPOivad`kTvKQ0dUJ?iG008Ea,0*2A
\s:66,c:1782377500*43\!AIVDM,1,1,,B,B8Hs4mP00Io2I<0<1LJTcwkUoP06,0*70
\s:66,c:1782377500*43\!AIVDM,1,1,,B,139E<F01@H8lKqFA7ma2QBC<0<3e,0*7E
\s:66,c:1782377498*43\!AIVDM,1,1,,B,13s=qI5P1BwGoQ@GWuf6@gw<RL11,0*4E
\s:66,c:1782377498*43\!AIVDM,1,1,,A,B6:agw00029gPL4TdH8Kcwv63P06,0*57
\s:66,c:1782377499*42\!AIVDM,1,1,,B,16:LdD03QT8jal@CUVqetc?800SK,0*31
\s:66,c:1782377499*42\!AIVDM,1,1,,A,1815U8002PJc1hB6d8g2D1q:08Ft,0*2D
\s:66,c:1782377500*43\!AIVDM,1,1,,B,25RO0h10017b:Gh5mKFlw`;<053<,0*04
\g:1-2-5198718,s:66,c:1782377248*01\!AIVDM,2,1,8,B,539duS`00000@7GC;@0DTi@4pf3;C0000000001@>HD48uf:04S5A5jA,0*30
\g:2-2-5198718*66\!AIVDM,2,2,8,B,lj0AQCP00000000,2*2A
\s:66,c:1782377494*4F\!AIVDM,1,1,,A,177:EJ00358cm3B?VUOounC408Cb,0*3A
\s:66,c:1782377497*4C\!AIVDM,1,1,,B,16:H:KP01B8PT;@F3=P4H3M80GWf,0*11
\s:66,c:1782377492*49\!AIVDM,1,1,,A,135b>pPP00QW8ejIT50v4?vv20SP,0*68
\g:1-2-5198719,s:66,c:1782377392*06\!AIVDM,2,1,9,B,59NSIbD2DBr`CD`C>20M8DDf1<D5>2222222221=H`PE;5l<0P0k`6Sl,0*01
\g:2-2-5198719*67\!AIVDM,2,2,9,B,p88888888888880,2*66
\s:66,c:1782377494*4F\!AIVDM,1,1,,B,B3`l9ah09h5j6jWTQ3ELe>hQh8Cu,0*66
\s:66,c:1782377498*43\!AIVDM,1,1,,A,39NSawP0211BdS0GJ8OKeII:009C,0*24
\s:66,c:1782377499*42\!AIVDM,1,1,,A,16::IH001W8jrwhARu1W45S:08Fu,0*2A
\s:66,c:1782377498*43\!AIVDM,1,1,,B,18Hs3t001O0qec@IpU2L5ae<08F5,0*4D
\s:66,c:1782377498*43\!AIVDM,1,1,,B,18Htu4PP1;7JJ?L0dAG:o?w<0D7w,0*58
\s:66,c:1782377499*42\!AIVDM,1,1,,A,13ErK<?P0rOGuivH:bwRKww>0@Fc,0*3E
\s:66,c:1782377499*42\!AIVDM,1,1,,A,19NSp=@wBW32Ljoh9BBROR7<00Ru,0*26
\s:66,c:1782377500*43\!AIVDM,1,1,,A,33If7w5000NmeGL@C:9P09ap0000,0*49
\s:66,c:1782377499*42\!AIVDM,1,1,,,B39pK70008;ijtWj>pedcwkUoP06,0*06
\s:66,c:1782377497*4C\!AIVDM,1,1,,A,1815>q@01evrfTP@>iPHUFo820SR,0*6E
\s:66,c:1782377499*42\!AIVDM,1,1,,B,36;Jhl001Q`hCgh@wtdTQ3C<0Pw0,0*38
\s:66,c:1782377498*43\!AIVDM,1,1,,A,33@p94h00:0pUhFO;MC3`Rsp0000,0*0A
\s:66,c:1782377497*4C\!AIVDM,1,1,,A,33J7:f8=@00K6G:Hc5L@001p0000,0*11
\s:66,c:1782377500*43\!AIVDM,1,1,,B,13aB:pPP00PDFJ4Mcpa>4?w@R53<,0*37
\s:66,c:1782377501*42\!AIVDM,1,1,,B,3815LBP01E8jeKnAG<Slr3oD04nS,0*74
\s:66,c:1782377502*41\!AIVDM,1,1,,B,13a3:D00000BbLBMfR4@=1eB0<>M,0*4C
\s:66,c:1782377480*4A\!AIVDM,1,1,,B,13aD@T@P020BpWpMfpRKLgvV00T3,0*0F
\s:66,c:1782377276*45\!AIVDM,1,1,,B,33aKV>UP00PECnfMbqq>4?wfRD:J,0*51
\s:66,c:1782377497*4C\!AIVDM,1,1,,,B3Ie=j001>p3ovRSsa3@?wjQl000,0*77
\s:66,c:1782377501*42\!AIVDM,1,1,,B,33aU;vUP00PC`hBMFcHP0?w@2D8r,0*74
\s:66,c:1782377499*42\!AIVDM,1,1,,A,18I<CM002fvgIbH<JqT86VQ60@G<,0*15
\s:66,c:1782377496*4D\!AIVDM,1,1,,B,19NS<O002e`nm:d@6q`pNVi60HE0,0*74
\s:66,c:1782377502*41\!AIVDM,1,1,,B,14`V0uh01:P?<8JMajH0thcB0<;a,0*74
\s:66,c:1782377502*41\!AIVDM,1,1,,A,19NS<O002b`nm4p@6pf`JFiB00SC,0*00
\s:66,c:1782377501*42\!AIVDM,1,1,,B,13EeFD0P00PCROTFltgP0?wD2D0i,0*45
\s:66,c:1782377499*42\!AIVDM,1,1,,A,16:JRF001i8bsF@DD9FR21U<08D8,0*01
\s:66,c:1782377498*43\!AIVDM,1,1,,B,16:C05000v8W?GhBDd4RkBI80@F5,0*38
\s:66,c:1782377500*43\!AIVDM,1,1,,A,15@`53htia05hR63MS2Wk6;:0pGV,0*5C
\s:66,c:1782377495*4E\!AIVDM,1,1,,B,402:MiAvad`kR0F0glHlhGgP2HDW,0*7E
\s:66,c:1782377499*42\!AIVDM,1,1,,A,15?deKh3Ar0DCb4NjiWAdiK9053<,0*70
\s:66,c:1782377500*43\!AIVDM,1,1,,A,16:7NA001K`h154@tkKqb7U60<9i,0*6E
\s:66,c:1782377500*43\!AIVDM,1,1,,A,19pJfl7P00vh=L`8IcLf4?w>28G@,0*01
\s:66,c:1782377495*4E\!AIVDM,1,1,,A,33cnlh0=A50FcGPHc`pE<TIp0000,0*7B
\s:66,c:1782377499*42\!AIVDM,1,1,,A,15Aei@001j8ik@l@wr4IWok:0@G3,0*37
\s:66,c:1782377500*43\!AIVDM,1,1,,B,1815;=hP@N5eC3:40KlM8qS>00Rp,0*6A
\s:66,c:1782377498*43\!AIVDM,1,1,,A,D02R3PA6DO6DkDNfp0,4*1C
\s:66,c:1782377498*43\!AIVDM,1,1,,A,D02R3G@jlNfq6DO6D0,4*22
\s:66,c:1782377500*43\!AIVDM,1,1,,A,133vvgg001PCdv4MGc4q?TQ<08Gv,0*00
\s:66,c:1782377501*42\!AIVDM,1,1,,A,18HvWc00BW7M0Vv0f?qC9RU:0<@M,0*04
\s:66,c:1782377468*4C\!AIVDM,1,1,,B,B3a8b>P0084i=PWK>8wQ3wT1nDgb,0*3B
\s:66,c:1782377498*43\!AIVDM,1,1,,A,35?dhRm001001k`3>23SV6k:0000,0*49
\s:66,c:1782377499*42\!AIVDM,1,1,,A,15?diq00167LID>0fPCJO`G800SC,0*61
\s:66,c:1782377322*45\!AIVDM,1,1,,B,19t6aih00s8DP929ksIHN6iD0`Hh,0*5E
\s:66,c:1782377500*43\!AIVDM,1,1,,B,35@s3:0vAU0d5UtHWl9eBba<0083,0*52
\s:66,c:1782377500*43\!AIVDM,1,1,,A,16:5Q4PP00`KaBh=vg8N4?w>20Sa,0*03
\g:1-2-5198720,s:66,c:1782377484*0C\!AIVDM,2,1,0,A,53`jcml2<w2=0GS?3N190776222222222222221S1p=357<e06TSm51D,0*3F
\g:2-2-5198720*6D\!AIVDM,2,2,0,A,Q0CH88888888880,2*4E
\s:66,c:1782377492*49\!AIVDM,1,1,,A,14atfL001V13Fb8DbF;lMCO0053<,0*29
\s:66,c:1782377470*45\!AIVDM,1,1,,B,13`lr17P14PBw:FMfN7M<?vD2@64,0*4D
\s:66,c:1782377501*42\!AIVDM,1,1,,B,369ajF50008VGO8DWcOUj6c>0000,0*64
\s:66,c:1782377500*43\!AIVDM,1,1,,A,18SK6s`00o7agDd61rJMTs3:08Fb,0*1C
\s:66,c:1782377502*41\!AIVDM,1,1,,A,139vOj0P00PePGbN`7Uf4?wD2<4b,0*24
\g:1-2-5198721,s:66,c:1782377503*03\!AIVDM,2,1,1,B,55@s3:82?0l;<E1WP00m<>0u8T4pD00000000016GAK>J5eR0KQTQSlh,0*02
\g:2-2-5198721*6C\!AIVDM,2,2,1,B,000000000000000,2*26
\s:66,c:1782377503*40\!AIVDM,1,1,,B,38HvWc002W7M0gT0f@43;2UF05jk,0*37
\s:66,c:1782377500*43\!AIVDM,1,1,,A,402`m?1vad`kWQieBDR3TPw0253<,0*4D
\s:66,c:1782377501*42\!AIVDM,1,1,,A,33`mgqhPAGP@mnhMLLoR7i5@21uh,0*3D
\g:1-2-5198722,s:66,c:1782377501*02\!AIVDM,2,1,2,A,8@30onh0FQ1Shj4:62L6NbU1111006?3>e:i66`kdSr@P00t`i<P1vna,0*7E
\g:2-2-5198722*6F\!AIVDM,2,2,2,A,000<N00008jS4jUuOMC5uQ000000,0*79
\s:66,c:1782377501*42\!AIVDM,1,1,,A,36:BJ<5P00`dK:hAsGQP0?wD2DUb,0*5C
\s:66,c:1782377501*42\!AIVDM,1,1,,B,15>md0000ErCao459Pg<DIqB0@HN,0*17
\s:66,c:1782377501*42\!AIVDM,1,1,,B,B698QAhD1B9e<E5:ih8<swlmSP06,0*30
\s:66,c:1782377478*4D\!AIVDM,1,1,,B,13aIiI0P00PCnubMaVCv4?vR2@:W,0*5A
\s:66,c:1782377499*42\!AIVDM,1,1,,,152iqN0ujVb0ptHCC4@VdmS80000,0*20
\g:1-2-5198723,s:66,c:1782377503*01\!AIVDM,2,1,3,B,5:U7UP42>1Ru1?K3W21M>0hDtpU>22222222220l1@E84tqF0<TQ@jAQ,0*65
\g:2-2-5198723*6E\!AIVDM,2,2,3,B,KD1H88888888880,2*52
\s:66,c:1782377501*42\!AIVDM,1,1,,A,B40a1wP00EIRGgu`pId000N00000,0*6F
\s:66,c:1782377501*42\!AIVDM,1,1,,,13bA>J8P0jOa9WJcP7maQgw>2000,0*7F
\s:66,c:1782377502*41\!AIVDM,1,1,,B,39AF37@P@e2D5SrAnQLoU0A@0R3P,0*43
\s:66,c:1782377502*41\!AIVDM,1,1,,A,35O6amPPADoRq;@CCUi2IigD00R@,0*78
\s:66,c:1782377503*40\!AIVDM,1,1,,B,16;9voP01@88QBP<sNFn=51B0d@n,0*43
\s:66,c:1782377503*40\!AIVDM,1,1,,A,403t?iivad`kb`LDo0=wap7008I;,0*51
\s:66,c:1782377500*43\!AIVDM,1,1,,B,13L=ol001g1OcjfRCOE8bFp00000,0*55
\s:66,c:1782377480*4A\!AIVDM,1,1,,B,33aGsSUP00PCQ<fMcwWP0?v`2DF:,0*73
\s:66,c:1782377502*41\!AIVDM,1,1,,B,13cwNA000cPvpTpJ8S2`4nMB0@HU,0*56
\s:66,c:1782377503*40\!AIVDM,1,1,,A,18L3JV00097JhDd0dl3cekAF0d@o,0*6A
\s:66,c:1782377501*42\!AIVDM,1,1,,B,B3uLR1P00@EKWc`QHGBS3wlUoP06,0*4F
\s:66,c:1782377502*41\!AIVDM,1,1,,A,13ku:s@02=QI:BLPfPEPH0G@0W3h,0*10
\s:66,c:1782377495*4E\!AIVDM,1,1,,B,15Nc`F0P00JAMeH?Ho`1oww208DV,0*2F
\s:66,c:1782377501*42\!AIVDM,1,1,,B,18HvCG004dWKT9@0d7w;Gq382@Eo,0*3D
\s:66,c:1782377356*46\!AIVDM,1,1,,B,33Jbkv50000CAQ4MeCfiRs>R0Dg:,0*42
\s:66,c:1782377501*42\!AIVDM,1,1,,A,41mg=51vad`kW8aq>0Ag@@700HGh,0*6F
\s:66,c:1782377501*42\!AIVDM,1,1,,A,13aDr6hP1CP@retMLFf57gw@R53<,0*67
\s:66,c:1782377502*41\!AIVDM,1,1,,B,15NH0O0000rA@PL>s:66,0*50
\s:66,c:1782377504*47\!AIVDM,1,1,,B,19NSGL@01iWGajB0n;L4oCq40D1O,0*34
\s:66,c:1782377499*42\!AIVDM,1,1,,A,19NShR@wk;2W;LKfiobRV25:08Fo,0*2D
\s:66,c:1782377499*42\!AIVDM,1,1,,A,1397td002`OVo?LDSmuA8hk>08GG,0*2E
\s:66,c:1782377498*43\!AIVDM,1,1,,B,17P49D0P17:u6vohE@JH@Ow<0@F:,0*1B
\s:66,c:1782377498*43\!AIVDM,1,1,,B,139FbmP0000eVIjN`pPlOBU>00RH,0*09
\s:66,c:1782377500*43\!AIVDM,1,1,,A,403C;Aivad`kWI?mIt:H0kO02D0j,0*32
\s:66,c:1782377497*4C\!AIVDM,1,1,,B,16:Ffw00008N@1lFB;=pd6c60L6`,0*7B
\s:66,c:1782377498*43\!AIVDM,1,1,,B,13ca=b003FPrnn8DPiU836O:0hFO,0*24
\s:66,c:1782377500*43\!AIVDM,1,1,,A,6CCsGSap1<<@0480D00000000000,0*6F
\s:66,c:1782377500*43\!AIVDM,1,1,,A,13ku8U@0ib7K19R0aWL1nAU@0@Gf,0*1A
\s:66,c:1782377498*43\!AIVDM,1,1,,A,177nRIPP01`9M:<<m3H4JOw:20R3,0*44
\s:66,c:1782377498*43\!AIVDM,1,1,,B,B6lLKj000io4V?P;t8317wjTkP06,0*5D
\s:66,c:1782377498*43\!AIVDM,1,1,,A,144dPNSP00R:BPlR@cif4?w<2D0n,0*6E
\s:66,c:1782377500*43\!AIVDM,1,1,,A,13m;Ch5P1k0f<vPQge?s@?w@2@GF,0*0E
\g:1-2-5198724,s:66,c:1782377242*04\!AIVDM,2,1,4,A,55?dQTH2GL7S<GC73:0u8TDq@4j0UPT62222221@>hH@65bB0>3S4U3H,0*71
\g:2-2-5198724*69\!AIVDM,2,2,4,A,888888888888880,2*20
\s:66,c:1782377405*47\!AIVDM,1,1,,B,33aL<umP00PD0mrMguEf4?v:RDkr,0*73
\s:66,c:1782377498*43\!AIVDM,1,1,,A,B6:6`jP0@B;dF<4H=5q8Htv41P06,0*37
\s:66,c:1782377501*42\!AIVDM,1,1,,A,1815S3h02U8flU`?ASC8CVW800SD,0*48
\s:66,c:1782377501*42\!AIVDM,1,1,,A,169CTlP000`LOs:66,0*42
\s:66,c:1782377500*43\!AIVDM,1,1,,A,13JAr>000bPAVfVHaKF=IJW<053<,0*3D
\s:66,c:1782377500*43\!AIVDM,1,1,,A,402FhUAvad`k`16jcLEmKS70053<,0*4D
\s:66,c:1782377493*48\!AIVDM,1,1,,A,13aDoIhP1:PKARfMg9t1mOw2R8Ci,0*0B
\s:66,c:1782377503*40\!AIVDM,1,1,,A,B8SOfq@05IsJ0@QN9N9R7wi73P00,0*6C
\s:66,c:1782377501*42\!AIVDM,1,1,,B,13;630032Ar3<T0>utf79Eg@0D00,0*01
\s:66,c:1782377492*49\!AIVDM,1,1,,A,B6:``MP08B;3d<4OIprE;wv63P06,0*73
\g:1-2-5198725,s:66,c:1782377503*07\!AIVDM,2,1,5,A,56:R5I000001U;22220PDpN0HDpN1TuF37KF221@58954IdjN80iQ888,0*6A
\g:2-2-5198725*68\!AIVDM,2,2,5,A,888888888888888,2*29
\s:66,c:1782377502*41\!AIVDM,1,1,,A,13`kFJhP000FMBFMtUBN4?wD08H`,0*5C
\s:66,c:1782377498*43\!AIVDM,1,1,,A,B3GPn6@0@ofFoQT1OciO;wjQj5ai,0*16
\s:66,c:1782377497*4C\!AIVDM,1,1,,A,4h2UMviuJl`kVR465dG=DA7P0U3<,0*32
\s:66,c:1782377498*43\!AIVDM,1,1,,A,15UK?`001w`f=W0AkLc4ikm208Eo,0*37
\s:66,c:1782377498*43\!AIVDM,1,1,,A,16KLQ@002H8m6j2@vrChJ@O<08FU,0*7B
\s:66,c:1782377499*42\!AIVDM,1,1,,A,19NSdqh02DFRjLip7LEBeB9:1hFo,0*0B
\s:66,c:1782377497*4C\!AIVDM,1,1,,A,B6K32Kh00:LW:9U0l;fmm9BUWP06,0*62
\s:66,c:1782377495*4E\!AIVDM,1,1,,B,18HwKo?P1aWKWn80fhaB4?w62D5t,0*75
\s:66,c:1782377500*43\!AIVDM,1,1,,,13K5v@001Q`j;G`@w=KGPEm80000,0*1D
\s:66,c:1782377493*48\!AIVDM,1,1,,B,17ldUNwP00WKjMd0`fODrgw020SD,0*32
\s:66,c:1782377498*43\!AIVDM,1,1,,B,36Sn;J0OhqWJvEh0btL;mb=80171,0*10
\g:1-2-5198726,s:66,c:1782377282*0A\!AIVDM,2,1,6,B,53aN1Ip0000107GSSD0e85@u<00000000000001@8h:73ud;l02mp20E,0*64
\g:2-2-5198726*6B\!AIVDM,2,2,6,B,QCP000000000000,2*53
\s:66,c:1782377499*42\!AIVDM,1,1,,A,B7lj=UP03r5a<5OlvWHDcwjRTD45,0*72
\s:66,c:1782377501*42\!AIVDM,1,1,,B,169A=pP01D8W8C@DWJF:N0k:0@Fl,0*06
\s:66,c:1782377467*43\!AIVDM,1,1,,A,133e<nPOiUPE1c0MdP2d4alt1t;a,0*09
\s:66,c:1782377496*4D\!AIVDM,1,1,,B,13s?=4h000OH<LDGTHjIE1S60<18,0*65
\s:66,c:1782377501*42\!AIVDM,1,1,,B,4h2UMvivad`k`R465dG=DA7P0l7p,0*56
\s:66,c:1782377503*40\!AIVDM,1,1,,A,19NSbgPP1e0bwhLHqFpQUwwD00SE,0*3A
\s:66,c:1782377501*42\!AIVDM,1,1,,A,15ClB`00001cjB0Ed9meNbg@0HHK,0*05
\s:66,c:1782377501*42\!AIVDM,1,1,,B,15O7Hw<000oR`p2CC@S6irc@00Re,0*5F
\s:66,c:1782377500*43\!AIVDM,1,1,,B,36::6I001M8KnvDF?1WoHUu@0RvA,0*01
\s:66,c:1782377498*43\!AIVDM,1,1,,A,15PH9W?P00rQN0jFKUBP0?w620S;,0*62
\s:66,c:1782377500*43\!AIVDM,1,1,,A,16T4pl00297IgAh0dEfc3pmB00SH,0*05
\s:66,c:1782377500*43\!AIVDM,1,1,,B,13Ek1?PP00OH0lrH<;Bbbww@253<,0*6B
\s:66,c:1782377502*41\!AIVDM,1,1,,A,15?dVpAv@07OIi212koJ5mOB0PS9,0*60
\s:66,c:1782377502*41\!AIVDM,1,1,,B,H3`kF51=L4ppD8htl0000000000,2*5C
\s:66,c:1782377502*41\!AIVDM,1,1,,B,H3`kF54UFC@D2uB@8Pnpnk0p613<,0*38
\s:66,c:1782377503*40\!AIVDM,1,1,,A,36:8uK50008f>9PAEJo7vpmB0DSJ,0*41
\s:66,c:1782377498*43\!AIVDM,1,1,,B,13IUQ=0OhKwmv78KnO`;`Cg<00S<,0*4E
\s:66,c:1782377500*43\!AIVDM,1,1,,B,13GQ:r2P00wW5glDcQ=f4?w@20S5,0*70
\s:66,c:1782377503*40\!AIVDM,1,1,,B,16KLQ@002H8m6k@@vs7PHPOF0@IO,0*43
\s:66,c:1782377503*40\!AIVDM,1,1,,B,35NSpJ000iK3QV8GPgm=SrCH06CC,0*16
\s:66,c:1782377501*42\!AIVDM,1,1,,A,13mwH;00000uMlrVw37k4Gsd0@HF,0*0F
\s:66,c:1782377498*43\!AIVDM,1,1,,A,15?dLBP01F2eC>:<gJmtcrA<0D7Q,0*06
\s:66,c:1782377497*4C\!AIVDM,1,1,,A,13m;7;001FPhPmRR:AwMHJe:2<0s,0*5D
\s:66,c:1782377495*4E\!AIVDM,1,1,,A,33n31JhPATP55=LNdJqDL3Q60000,0*41
\s:66,c:1782377497*4C\!AIVDM,1,1,,A,15NKr60P00rA7sR>gQFf48a82000,0*59
\s:66,c:1782377497*4C\!AIVDM,1,1,,B,19NSlP3P000pdLpC;1N7a?w800S5,0*30
\s:66,c:1782377498*43\!AIVDM,1,1,,B,33`hofEP00PEqQtNC4<>4?w82Dhr,0*63
\s:66,c:1782377499*42\!AIVDM,1,1,,B,177hLo012VWRH>j1va4`7FQ<0D0n,0*67
\s:66,c:1782377496*4D\!AIVDM,1,1,,B,23aQ6wPP00PDQlrMdhjv4?w82D7c,0*35
\s:66,c:1782377498*43\!AIVDM,1,1,,A,B3P:c0@00?vAtb7@>BsQ3wj5oP06,0*3B
\s:66,c:1782377498*43\!AIVDM,1,1,,A,13kuaL0u2n1aItfR<R4UM4F00000,0*57
\s:66,c:1782377463*47\!AIVDM,1,1,,B,13aEOJ001=PDdmJMU;;r=`86RD5m,0*2A
\s:66,c:1782377453*44\!AIVDM,1,1,,A,33aEOJ001=PDe08MU;B:<p9bR3?C,0*23
\s:66,c:1782377498*43\!AIVDM,1,1,,B,36:C:?0OiN8fIwPA6W:bpHO:01vP,0*26
\s:66,c:1782377340*41\!AIVDM,1,1,,A,33l3pvU0000D2GtMd:c0DHh20Dv:,0*41
\s:66,c:1782377498*43\!AIVDM,1,1,,B,13@nhKPP00PhB6BPoVKN4?w<2@FH,0*74
\s:66,c:1782377499*42\!AIVDM,1,1,,A,18R61a0P153Opc@@Bc6a>ww808FC,0*6D
\s:66,c:1782377494*4F\!AIVDM,1,1,,A,B3P7CNP0<Ov@f?7@`quJ18N00000,0*6F
\s:66,c:1782377501*42\!AIVDM,1,1,,A,34i7eL00000e8@TI=4jigC3@06aS,0*0F
\s:66,c:1782377499*42\!AIVDM,1,1,,B,19NSDN@01u0jCKjEhR5JFpC@0<6K,0*72
\s:66,c:1782377500*43\!AIVDM,1,1,,B,13m@<@0000Q513nWKSJA0Ps<0@Fu,0*56
\s:66,c:1782377476*43\!AIVDM,1,1,,A,B3`deIP0084lte7K7KDUKw`5oP06,0*1F
\s:66,c:1782377501*42\!AIVDM,1,1,,A,402Fi1Qvad`ka0qGS:JGjpW00@H7,0*56
\s:66,c:1782377501*42\!AIVDM,1,1,,A,403OtU1vad`kaoGrF`Cjb7O02D3M,0*20
\s:66,c:1782377501*42\!AIVDM,1,1,,A,ENkb9WoI0h@@@@@@@@@@@@@@@@@;ScrD<OS:@00003vP000,2*34
\s:66,c:1782377502*41\!AIVDM,1,1,,B,1815Bhh01dP0ICRLBKeJupk20<5g,0*5F
\s:66,c:1782377501*42\!AIVDM,1,1,,A,35NWgm3000JR<42EBR58?VWp0000,0*04
\s:66,c:1782377502*41\!AIVDM,1,1,,B,C9SOh2h01:=iKB44RN:D;wP1eaSUQKSWkKWk;111111000000020,0*51
\s:66,c:1782377501*42\!AIVDM,1,1,,A,13l3n<S001PKm72Ns=;bMAC@08HL,0*62
\s:66,c:1782377496*4D\!AIVDM,1,1,,A,15`I@<h1B`rLNn:>jlM4pCu600Ro,0*24
\s:66,c:1782377501*42\!AIVDM,1,1,,B,148Mql0P011Pm8DOnJW<cww@0HG`,0*25
\s:66,c:1782377497*4C\!AIVDM,1,1,,,B4eH;r00;Gt6dSU7o8pjcwjQh000,0*24
\s:66,c:1782377496*4D\!AIVDM,1,1,,A,B7OgVgP0SBgQWaL1Vq@3wwiUkP06,0*13
\s:66,c:1782377502*41\!AIVDM,1,1,,B,15vE<P0P01UeNVV3vk6f4?wD2<1:,0*22
\s:66,c:1782377498*43\!AIVDM,1,1,,A,36:C@T0uAP8hKK@Ak2f:c8a800tA,0*79
\s:66,c:1782377498*43\!AIVDM,1,1,,A,B8Hs=gP00InUuBP;=mjn3wk5oP06,0*34
\s:66,c:1782377498*43\!AIVDM,1,1,,A,B6:bsm000B20?03@v:p03h;4SP00,0*43
\s:66,c:1782377498*43\!AIVDM,1,1,,B,B5?dhuP001rK20QOK7a10lBP8HF;,0*3F
\s:66,c:1782377496*4D\!AIVDM,1,1,,B,19NSbHh0Qp7>wHV1U<:sUqA60<2u,0*0A
\s:66,c:1782377499*42\!AIVDM,1,1,,B,E>l4b9<W0W@1PWhIP0000000000DGSOg8pLC`00003v010,4*79
\s:66,c:1782377497*4C\!AIVDM,1,1,,A,13cgP00P00Pc4f2GUAnv4?w62000,0*70
\s:66,c:1782377499*42\!AIVDM,1,1,,A,E>m1cD0`4V7b@17Pa24W3h9b0b4n;`GIkQwR`00003kP33k`0P,4*22
\s:66,c:1782377498*43\!AIVDM,1,1,,B,18LV`P0wBM8biu@?AaOp86M200Sl,0*26
\s:66,c:1782377499*42\!AIVDM,1,1,,B,17PIv<000::cP8GkmL=uboq<0D11,0*3A
\s:66,c:1782377501*42\!AIVDM,1,1,,B,18SK0OPP01W`bAJ66or<fOw:2<56,0*5C
\s:66,c:1782377487*4D\!AIVDM,1,1,,B,13aGuBhP10PCU=DMdWfTa?vn20S1,0*5A
\s:66,c:1782377427*47\!AIVDM,1,1,,B,33aGuBhP0vPCTNLMdailW?vn2BFk,0*6F
\s:66,c:1782377502*41\!AIVDM,1,1,,B,15?dgUP000JCc::59CpLHQG@0D6B,0*2F
\s:66,c:1782377496*4D\!AIVDM,1,1,,A,15?dajP01C8jVF0CckLP203608Dq,0*7F
\s:66,c:1782377499*42\!AIVDM,1,1,,B,18I06B00007KtJ<0g=VQi2Q:0<CT,0*19
\s:66,c:1782377500*43\!AIVDM,1,1,,A,J@2:r`Wph?rfWH=M1wh00j`00000,0*29
\s:66,c:1782377501*42\!AIVDM,1,1,,A,19NSW;@01hPH6afEQjM3PRk@0<5q,0*3E
\s:66,c:1782377502*41\!AIVDM,1,1,,A,ENk`upNT4h@@@@@@@@@@@@@@@@@=8fFM7PdBh00003vP000,2*43
\s:66,c:1782377501*42\!AIVDM,1,1,,A,18Sji?wP00Wa@;v5sVG7@Ow:2HFM,0*0F
\s:66,c:1782377340*41\!AIVDM,1,1,,B,33boCr5P000BOuRMagP@0?v02000,0*76
\s:66,c:1782377441*47\!AIVDM,1,1,,B,13aSPr0P1EPE91LMUqtQPgwB2HH@,0*4E
\s:66,c:1782377499*42\!AIVDM,1,1,,,18Ld;v02BuvecqF7<jEnf5I:1000,0*12
\s:66,c:1782377500*43\!AIVDM,1,1,,B,13eh;t0wi`Po=7FO9r7:SpK:0@GS,0*67
\s:66,c:1782377501*42\!AIVDM,1,1,,B,18KohP0P077K3sP0f>6T4wwD2<<7,0*44
\s:66,c:1782377501*42\!AIVDM,1,1,,B,18I32O001<4GQlT<m5d52lGB053<,0*58
\s:66,c:1782377503*40\!AIVDM,1,1,,A,13?sH70000PeIoHN`kusNpFf2hI<,0*3E
\g:1-2-5198727,s:66,c:1782377500*06\!AIVDM,2,1,7,B,59NSUup2<WcPCETG:20m<>0`E=<DpT61:2222216Jpb=CudD0GT0DSi8,0*22
\g:2-2-5198727*6A\!AIVDM,2,2,7,B,888888888888880,2*20
\s:66,c:1782377500*43\!AIVDM,1,1,,A,18I<Pg01P@`kqb8AEn=rqkoB0@GT,0*2D
\s:66,c:1782377499*42\!AIVDM,1,1,,B,13LBaQ00001RBl@RvS1CWs>00000,0*3B
\s:66,c:1782377500*43\!AIVDM,1,1,,A,35NO=l0000JrjiTH@05<MRip0000,0*28
\s:66,c:1782377502*41\!AIVDM,1,1,,A,3815E`Qv@1MPHrUs<m5G@TW:0Dg:,0*28
\s:66,c:1782377499*42\!AIVDM,1,1,,B,13aC2`wP0jPHJWJN>AFWEgw@2@G9,0*5C
\g:1-2-5198728,s:66,c:1782377498*09\!AIVDM,2,1,8,B,53:vj:02Bo5WD8pCB20pT<u<T610DL5=E>222216H@S9G5b60ChkS2mO,0*7F
\g:2-2-5198728*65\!AIVDM,2,2,8,B,PED2k8888888880,2*1F
\s:66,c:1782377498*43\!AIVDM,1,1,,A,13cwAi002jNeklB8shUFt5O600R`,0*14
\g:1-2-5198729,s:66,c:1782377499*09\!AIVDM,2,1,9,B,58Hsv942>udWUKGCC21=A8T@E:2222222222221S2@T955;A07li@H54,0*61
\g:2-2-5198729*64\!AIVDM,2,2,9,B,R@C888888888880,2*47
\s:66,c:1782377493*48\!AIVDM,1,1,,B,13:4@n8P000efJ@NV6hf4?w228CV,0*27
\s:66,c:1782377498*43\!AIVDM,1,1,,A,139c:oPP00PeIc6N`cvv4?w:R53<,0*61
\s:66,c:1782377498*43\!AIVDM,1,1,,A,13Tdfj4000Qd3?8EewBlIR7<0HFe,0*2F
\s:66,c:1782377497*4C\!AIVDM,1,1,,A,13lmvr001kOUgADDRwMkN2m:0@Eh,0*32
\s:66,c:1782377498*43\!AIVDM,1,1,,A,18IbMR8P0t7K>Pb0f;kSJOw600Sq,0*74
\s:66,c:1782377500*43\!AIVDM,1,1,,B,1915I88P000JwB`E4IFkcgw>0@Gq,0*01
\s:66,c:1782377498*43\!AIVDM,1,1,,A,169<qDPP008Q<L@Ep5gS?Ovr053<,0*02
\s:66,c:1782377500*43\!AIVDM,1,1,,A,402:o<1vad`k`07G:nLuI<g02D:r,0*61
\s:66,c:1782377499*42\!AIVDM,1,1,,B,38I06h?4BPWJfE<0bvDDgSk:01;0,0*59
\s:66,c:1782377498*43\!AIVDM,1,1,,A,33NJSf0Oic0Q=IdHqaPbtaU:02<0,0*0D
\s:66,c:1782377498*43\!AIVDM,1,1,,A,13cVMO0P1P0V=wlFJ<GpjOw40L3A,0*3D
\s:66,c:1782377500*43\!AIVDM,1,1,,A,35Nbqo0000G?lA:KAAW7g5ap0000,0*15
\s:66,c:1782377500*43\!AIVDM,1,1,,A,34hQm>0001PbjPrG`;PaErc:0000,0*73
\s:66,c:1782377499*42\!AIVDM,1,1,,A,133ulQPP00PE<wDN1Oav4?w>20Sw,0*06
\g:1-2-5198730,s:66,c:1782377496*0E\!AIVDM,2,1,0,B,53ImMQ82>G@`Hm5N220<48hF1HTLTh4p<F22221S4939=5ddN>QT`0lA,0*0D
\g:2-2-5198730*6C\!AIVDM,2,2,0,B,`88888888888880,2*7F
\s:66,c:1782377502*41\!AIVDM,1,1,,B,15U@<V0w2F1Q14=d9MoJ5p1>0L0M,0*4B
\s:66,c:1782377500*43\!AIVDM,1,1,,,B3P<EKP002VmGPMU7=SQ3wl1h000,0*6B
\s:66,c:1782377497*4C\!AIVDM,1,1,,A,1815UW00iLWP`0:1F:S7dF7608EP,0*76
\s:66,c:1782377502*41\!AIVDM,1,1,,B,16:8AIgP00`UlqhEurcN4?wB253<,0*06
\s:66,c:1782377499*42\!AIVDM,1,1,,A,15Nbqo0000o?lA@KAAW7gEW>0PeF,0*0E
\s:66,c:1782377496*4D\!AIVDM,1,1,,A,18I06h5P2>WJb8<0eeu6KcA40000,0*34
\s:66,c:1782377500*43\!AIVDM,1,1,,B,B3GQap@0B82THdUpDoWGswS5oP06,0*56
\s:66,c:1782377502*41\!AIVDM,1,1,,A,36:ICV1P02`h35@AWf0f4?wB2Djr,0*1E
\s:66,c:1782377494*4F\!AIVDM,1,1,,A,33tk8>00001FQutRCsHP001p0000,0*23
\s:66,c:1782377333*45\!AIVDM,1,1,,A,13aFf5@P0U0Dp3<MdtSjqgwd2<Bg,0*64
\s:66,c:1782377417*44\!AIVDM,1,1,,A,13MCN1000C0=;FdMQn9Q10nV08:P,0*73
\s:66,c:1782377495*4E\!AIVDM,1,1,,A,H52jq9TU7B=401100000000P5224,0*57
\s:66,c:1782377499*42\!AIVDM,1,1,,A,160lj<@0ioWF>6H10:OsMI;608Fu,0*39
\s:66,c:1782377498*43\!AIVDM,1,1,,B,14`Uv?h1AwwjhifJqocSuk@v0@F?,0*0C
\s:66,c:1782377493*48\!AIVDM,1,1,,A,13mGTr01@0PPiBLSqN?j>IK008CE,0*05
\s:66,c:1782377494*4F\!AIVDM,1,1,,A,13EehcgP0:whb<8DROjAG?w22000,0*06
\s:66,c:1782377500*43\!AIVDM,1,1,,A,15RA2>002QrS:oJ9<A=i;A3<0@GF,0*74
\s:66,c:1782377498*43\!AIVDM,1,1,,A,13a47U@P14PdN@TMwR=4fww828E<,0*24
\s:66,c:1782377498*43\!AIVDM,1,1,,B,19ACI5c0002D2a>Ao@1@:hC80<2C,0*50
\s:66,c:1782377494*4F\!AIVDM,1,1,,A,35OCJoP0?wJ@wNN>sIdv40;p0000,0*05
\s:66,c:1782377497*4C\!AIVDM,1,1,,A,139;O@0Oh07JSq>0ggIc6`;<20SW,0*22
\s:66,c:1782377498*43\!AIVDM,1,1,,A,15S4?T0P1=rB@j>5GL9P4ww>08Fg,0*12
\s:66,c:1782377497*4C\!AIVDM,1,1,,A,14b<2r001F`jI0PCRHFP6P582@EP,0*2A
\s:66,c:1782377500*43\!AIVDM,1,1,,,13Il7U002;8;lMJ876W1lAM60000,0*4A
\s:66,c:1782377433*42\!AIVDM,1,1,,A,33=Q`250@00C?1TMeJP13c>v0EI:,0*59
\s:66,c:1782377500*43\!AIVDM,1,1,,A,B69EaVP04R752T3OSNg5owv63P06,0*75
\s:66,c:1782377501*42\!AIVDM,1,1,,B,28S`Ib80007b:UH5tUcJKCaB28Gc,0*75
\s:66,c:1782377502*41\!AIVDM,1,1,,B,19N`2oi0000dhTD1S35scaG@08I4,0*4C
\s:66,c:1782377495*4E\!AIVDM,1,1,,B,33mugO0OhIPiojVQp>k<hbK800tP,0*34
\s:66,c:1782377500*43\!AIVDM,1,1,,A,355ALJAOh2QcpflEdswRMgwB0Dt:,0*1C
\s:66,c:1782377464*40\!AIVDM,1,1,,B,B3aDA600084mW=7Jw<4cKwR5oP06,0*3E
\s:66,c:1782377496*4D\!AIVDM,1,1,,A,13mWQ>7000PuugBVtma8C6O21hEC,0*42
\s:66,c:1782377500*43\!AIVDM,1,1,,B,ENj5wRiW9:FUJ00000000000000@6tI?>hCJ000003v010,4*5B
\s:66,c:1782377424*44\!AIVDM,1,1,,B,13MB4Ih001PBDH:Mrj8LdQhl0D3w,0*08
\s:66,c:1782377429*49\!AIVDM,1,1,,A,33aNiV5000PC3PDMehD@s3JlPDSJ,0*28
\s:66,c:1782377500*43\!AIVDM,1,1,,A,33TUVR00001i4h6GEJ3P001p0000,0*7B
\s:66,c:1782377501*42\!AIVDM,1,1,,B,13b6Nr700j0;i``N5dLKcIQ@08H0,0*23
\s:66,c:1782377495*4E\!AIVDM,1,1,,B,33b6Nr700k0;idBN5dAsPIO401u@,0*2E
\s:66,c:1782377503*40\!AIVDM,1,1,,B,19NSrb00iQG1TE8I0=i72mQB0@IF,0*6E
\s:66,c:1782377496*4D\!AIVDM,1,1,,B,19NScCh0B=0IfTvNfSIaroq40HE=,0*01
\s:66,c:1782377498*43\!AIVDM,1,1,,A,18Hsr`002:`l5mj@uNVp3FDl0D22,0*44
\s:66,c:1782377499*42\!AIVDM,1,1,,A,13o<8B00000L;AlSgf6J5Gq80D1m,0*5A
\s:66,c:1782377499*42\!AIVDM,1,1,,A,1815O4h01fOknDPDe0JSI2a<053<,0*25
\s:66,c:1782377499*42\!AIVDM,1,1,,A,15?daV0P0@rBDAR5G=HB6?w>0HG=,0*3E
\s:66,c:1782377495*4E\!AIVDM,1,1,,A,15?dc2P01cQCp7tCugEDB3Ep1t00,0*6A
\s:66,c:1782377496*4D\!AIVDM,1,1,,B,4028n?iuJl`kTwV`hvDatOA02@EO,0*57
\s:66,c:1782377500*43\!AIVDM,1,1,,B,142ONm0P131uafTGCo0Bbwv<8H4O,0*46
\s:66,c:1782377500*43\!AIVDM,1,1,,A,4028n?iuJl`k`wV`hvDatOA028GL,0*19
\s:66,c:1782377483*49\!AIVDM,1,1,,B,13aFf5PP00PD32rMdLTAbOvf2<7d,0*24
\s:66,c:1782377403*41\!AIVDM,1,1,,B,33aFf5PP00PD33PMdLdP;?v62C2S,0*10
\s:66,c:1782377430*41\!AIVDM,1,1,,A,133v?NPP0oPE;>4MWcanq?vt20S6,0*36
\s:66,c:1782377499*42\!AIVDM,1,1,,A,33n@oD060EPHkNhQjgN5VSk<80w0,0*3F
\s:66,c:1782377498*43\!AIVDM,1,1,,B,33MCS?h6@7P;U<LMoBHM76u:01wh,0*15
\s:66,c:1782377498*43\!AIVDM,1,1,,A,16:M;L`P1<8gvvPAi@6bcOw:0D00,0*3A
\s:66,c:1782377499*42\!AIVDM,1,1,,B,18K`@D0001R5b5nGFmolPn7400SD,0*19
\s:66,c:1782377499*42\!AIVDM,1,1,,B,15O5bm0000Je<JfGBNFMJmQ<0000,0*61
\s:66,c:1782377499*42\!AIVDM,1,1,,B,139a6O0000PeUNtN`pCtcjI:00Se,0*79
\s:66,c:1782377500*43\!AIVDM,1,1,,B,142O`NC0002?1v@HQcUbBn@P0l0o,0*78
\s:66,c:1782377501*42\!AIVDM,1,1,,B,18ILVl0Ohe0n:uquAJEoeV=D053<,0*15
\s:66,c:1782377503*40\!AIVDM,1,1,,A,339nmFPP00Pe`KNNWOEs0OwF22t1,0*61
\s:66,c:1782377437*46\!AIVDM,1,1,,B,33a3>uEP00PCSW<McvOv4?w8RDmr,0*2E
\s:66,c:1782377497*4C\!AIVDM,1,1,,A,13aPN2@P03PKvKPMim5lM?w82@Ec,0*75
\s:66,c:1782377502*41\!AIVDM,1,1,,A,403sl4Qvad`ka`92sv<bWKG0053<,0*23
\s:66,c:1782377502*41\!AIVDM,1,1,,A,H69`ISQ<PDpN20P4pN23L000000,2*4B
\s:66,c:1782377502*41\!AIVDM,1,1,,B,H69`ISU66DejjhkPPPPPPP4HB45H,0*48
\s:66,c:1782377503*40\!AIVDM,1,1,,A,C69`ISP002;pRb4Dkt003wv0V@:L?10@2L?11f000000S2P6RR0P,0*3A
\s:66,c:1782377501*42\!AIVDM,1,1,,B,36:JHsQ0008<cSP=0VJJ`UA<0lbJ,0*09
\s:66,c:1782377497*4C\!AIVDM,1,1,,A,15@BIV001v`i9mtCfqBDg3bv0@Eg,0*11
\s:66,c:1782377502*41\!AIVDM,1,1,,A,36:84:0P008N?UHFBMB:U?w@05JS,0*6B
\s:66,c:1782377482*48\!AIVDM,1,1,,B,13aI:5@P0IPCp9BMdEWt9?vd2D53,0*5A
\s:66,c:1782377473*46\!AIVDM,1,1,,A,33aI:5@P0LPCp;tMdEM<7OvJ26Qk,0*26
\s:66,c:1782377499*42\!AIVDM,1,1,,A,33:edJ001HwW8;hDc?UPH0;<00r0,0*45
\s:66,c:1782377494*4F\!AIVDM,1,1,,A,13l3ouP0QWOOtnHKK;Tdgr1000S2,0*2B
\s:66,c:1782377497*4C\!AIVDM,1,1,,A,13o;Q>00000hH>0R;Wu7d91:00SA,0*39
\s:66,c:1782377497*4C\!AIVDM,1,1,,B,B52hmeP005qmssTcPQwQ3wi1h000,0*2D
\s:66,c:1782377498*43\!AIVDM,1,1,,A,19NSi3@000R5wvDGG`3Bbj1>08FS,0*30
\s:66,c:1782377498*43\!AIVDM,1,1,,A,36:R68U000`VDg@DW@n;mW@p0DUr,0*2A
\s:66,c:1782377498*43\!AIVDM,1,1,,B,177967002b7sGK`9@BT@gPO4053<,0*3D
\s:66,c:1782377500*43\!AIVDM,1,1,,A,13JGQV700?wMBFbKKhF`QVa@00Si,0*28
\s:66,c:1782377500*43\!AIVDM,1,1,,B,B8uA:@00H0SPwWsfPRe4owl5oP06,0*74
\s:66,c:1782377499*42\!AIVDM,1,1,,A,18Kpv`00007KTQl0fd45>kc@08G:,0*27
\s:66,c:1782377498*43\!AIVDM,1,1,,A,39NSVN@r1J`jFJjA2VfLAIQ:0Pwh,0*1F
\s:66,c:1782377497*4C\!AIVDM,1,1,,B,13natj501u0IFC<QLDaD:kA:0<0`,0*3D
\s:66,c:1782377498*43\!AIVDM,1,1,,,B5O<4w00BoR7PtUKa<m@wwk1h000,0*20
\s:66,c:1782377467*43\!AIVDM,1,1,,B,13`dgmh000PBOqDMaeidU1>:00S5,0*5B
\s:66,c:1782377501*42\!AIVDM,1,1,,A,19N`2Ih000JA?oj>rlFGA2k>053<,0*1F
\s:66,c:1782377499*42\!AIVDM,1,1,,A,33ld2<0w@212bD4DPGRP0:ip0000,0*46
\s:66,c:1782377501*42\!AIVDM,1,1,,B,1:kJPS0000ri5j;bkwRCN0EB08HE,0*60
\s:66,c:1782377496*4D\!AIVDM,1,1,,B,13cs6v00301B4o@GI<it59i408ES,0*7C
\s:66,c:1782377501*42\!AIVDM,1,1,,A,13gMch?00EvdH1@UphVTW3Ln00Sg,0*69
\s:66,c:1782377501*42\!AIVDM,1,1,,A,35MwboP00tJQT;@D3;E1a1Gp0000,0*58
\s:66,c:1782377499*42\!AIVDM,1,1,,A,18VM8400003SHBF@?avKrbQ>0@Fu,0*0B
\s:66,c:1782377494*4F\!AIVDM,1,1,,B,15?dVc00221cFUvDOq<8N6e20PSG,0*5D
\s:66,c:1782377499*42\!AIVDM,1,1,,B,13cu7O000SOWfD@DS5Lof6O:00Rg,0*41
\s:66,c:1782377497*4C\!AIVDM,1,1,,A,339qrP00000ec1rNW9@pB6ap0000,0*4C
\s:66,c:1782377502*41\!AIVDM,1,1,,A,17lj<ghvP07LC600bg;f4?wB00S4,0*0C
\s:66,c:1782377497*4C\!AIVDM,1,1,,A,368sinQ0008e1vpAswe:Bai<0Dg:,0*21
\s:66,c:1782377503*40\!AIVDM,1,1,,A,19pERj7P01vh=Mf8IcElhgwF28II,0*42
\s:66,c:1782377494*4F\!AIVDM,1,1,,A,13=;J:0PAe11TrpDV?=TkIW2053<,0*49
\s:66,c:1782377497*4C\!AIVDM,1,1,,A,13ku0F002b41pPMrpM>RRR9:08F6,0*2C
\s:66,c:1782377498*43\!AIVDM,1,1,,A,19NSkoP01T8W@jn>Qp9A@Q7:053<,0*68
\g:1-2-5198731,s:66,c:1782377500*01\!AIVDM,2,1,1,B,569GIKP000030000000P4V084pN0@63?;P00001?210881d905n2@CAC,0*23
\g:2-2-5198731*6D\!AIVDM,2,2,1,B,P00000000000004,2*42
\s:66,c:1782377498*43\!AIVDM,1,1,,B,13ioOP0OibPe6ipI=tMeTJe:0L1o,0*1B
\s:66,c:1782377496*4D\!AIVDM,1,1,,B,402:p9Avad`kSObEi4KO>dg00HEA,0*4A
\s:66,c:1782377497*4C\!AIVDM,1,1,,A,E>lt;bU3V:@1`J@2Pab@1Pa2@@@5J0Wqq=0JP00000N010,4*1A
\s:66,c:1782377499*42\!AIVDM,1,1,,B,D03tCg@PpNfpd@Nfp0,4*42
\s:66,c:1782377500*43\!AIVDM,1,1,,A,35T5rd1P00SWG6p?HHlUggw80DHb,0*24
\s:66,c:1782377499*42\!AIVDM,1,1,,B,13AGBd0009`lSBTAE7H:Q3>p0L2N,0*2A
\s:66,c:1782377499*42\!AIVDM,1,1,,A,1917=<PP000OWUpE6plU<?w>2D0`,0*72
\s:66,c:1782377396*4A\!AIVDM,1,1,,A,3815PJA0010@KTrMdIdAiIwf0Dqr,0*5D
\s:66,c:1782377491*4A\!AIVDM,1,1,,B,19NSsoh0008d0tVB4fDh03ht08Bt,0*27
\s:66,c:1782377498*43\!AIVDM,1,1,,A,13MCS6S00?0L4CrO6@U22GS808F7,0*63
\s:66,c:1782377500*43\!AIVDM,1,1,,B,38I=0H50002mN@QuclbU4bQ80Dg:,0*7C
\s:66,c:1782377498*43\!AIVDM,1,1,,A,15?dgO@01j:B49FH253BMQu200So,0*10
\s:66,c:1782377501*42\!AIVDM,1,1,,A,35NVhqPOh0JB0HhBk:p;k9Mp0000,0*49
\s:66,c:1782377500*43\!AIVDM,1,1,,A,33VN?`0uQu1KKp>FbS=crSwp0000,0*70
\s:66,c:1782377498*43\!AIVDM,1,1,,A,B5O0fP0006L81dTF4KL000N00000,0*50
\s:66,c:1782377501*42\!AIVDM,1,1,,A,B3EphbP00OfF8g41TU@7wwl5oP06,0*1B
\s:66,c:1782377502*41\!AIVDM,1,1,,B,13aDrKh0000BDbVMg7cf45IB053<,0*79
\s:66,c:1782377500*43\!AIVDM,1,1,,B,18Kvel00007K0n<0fNg;kSmB00T0,0*31
\s:66,c:1782377502*41\!AIVDM,1,1,,A,15VA`60000wQe<@2eNHaI7gF28Hi,0*18
\s:66,c:1782377502*41\!AIVDM,1,1,,A,13`e9k@001PGpR@NQvq1`FgD08Hk,0*70
\s:66,c:1782377495*4E\!AIVDM,1,1,,A,15AVsh04P<0M1VTNe7Rai2W>0`FI,0*4A
\s:66,c:1782377501*42\!AIVDM,1,1,,A,19NSvt00207eQNj3>NR@shcD0<0A,0*04
\s:66,c:1782377500*43\!AIVDM,1,1,,B,HCh9I3P8U9@63KGCH0000000000,2*41
\s:66,c:1782377500*43\!AIVDM,1,1,,B,HCh9I3TN3?=1B00nmln0000h2110,0*36
\s:66,c:1782377500*43\!AIVDM,1,1,,A,BCh9I3P0g7U`cl9PWK6:Wwh2s000,0*46
\s:66,c:1782377500*43\!AIVDM,1,1,,A,403siO1vad`kW8NFfPFAeSw000S:,0*43
\s:66,c:1782377502*41\!AIVDM,1,1,,B,177GoK00268c9W@7ed14e3gF08Hh,0*6A
\s:66,c:1782377499*42\!AIVDM,1,1,,A,37fu?0P000R61pPGGN>cJaa<20`C,0*6F
\s:66,c:1782377496*4D\!AIVDM,1,1,,B,13mQBj?P00Q4vW:WKT<N4?w82@EF,0*2D
\s:66,c:1782377497*4C\!AIVDM,1,1,,A,13mbNB000b1cw`f`Kde6S5E:08Eh,0*76
\s:66,c:1782377494*4F\!AIVDM,1,1,,B,16:>hV001r8l3KnAV>qFQU900HCg,0*56
\s:66,c:1782377499*42\!AIVDM,1,1,,A,168t@B001@2o99ouWIo6OUI20<1@,0*02
\s:66,c:1782377498*43\!AIVDM,1,1,,B,403t:k1vad`kU8`O;DEgACR00@F1,0*06
\s:66,c:1782377499*42\!AIVDM,1,1,,A,34eGkl@000FcAa<O4?dP7a5p0000,0*2E
\s:66,c:1782377499*42\!AIVDM,1,1,,B,1:5bAI0P00WKbJ00aE<N4?w<2<78,0*32
\s:66,c:1782377497*4C\!AIVDM,1,1,,A,16L1sj?P07vqHp>@6`h@0>Ap0Fne,0*50
\s:66,c:1782377499*42\!AIVDM,1,1,,A,33ioWD5000P@tjbMM4c4`rA>0EBJ,0*29
\s:66,c:1782377499*42\!AIVDM,1,1,,B,19NSb`0v2VviJ6L=<Ktp>nU808F2,0*30
\s:66,c:1782377497*4C\!AIVDM,1,1,,A,16SfMg?P1=9=gFfCwuMBKOw;j53<,0*48
\s:66,c:1782377492*49\!AIVDM,1,1,,B,16:kEl@P018d@4hAt<3000G21P00,0*15
\s:66,c:1782377500*43\!AIVDM,1,1,,A,13cg`30000PbTLDHK1HCH?w@0D0:,0*1A
\g:1-2-5198732,s:66,c:1782377501*03\!AIVDM,2,1,2,A,56L1sj0000000000000du9Tv0l59F0pvsS6222003@J4540000000000,0*42
\g:2-2-5198732*6E\!AIVDM,2,2,2,A,000000000000000,2*26
\s:66,c:1782377484*4E\!AIVDM,1,1,,B,13aDok0P00PCaM>Mci1W>?vh253<,0*51
\s:66,c:1782377473*46\!AIVDM,1,1,,A,33aDok0P00PCaN6Mci3V1OvH237k,0*52
\s:66,c:1782377501*42\!AIVDM,1,1,,B,1815VFP01fNN32P:UwqAIA9B08H7,0*72
\s:66,c:1782377495*4E\!AIVDM,1,1,,A,13Ehaa?00l08:R>Em=:5SlRv0D2<,0*7F
\s:66,c:1782377502*41\!AIVDM,1,1,,B,38StUu?P0Q7d3HR;IMVn@ww>2000,0*26
\s:66,c:1782377501*42\!AIVDM,1,1,,B,ENk`sDtJh@@@@@@@@@@@@@@@@@@=5gws8dTth00003vP000,2*1C
\s:66,c:1782377502*41\!AIVDM,1,1,,B,H44SNS18ET@uIUVoD0000000000,2*6D
\s:66,c:1782377502*41\!AIVDM,1,1,,B,H44SNS4l93?4000E2>;l000PB520,0*41
\s:66,c:1782377496*4D\!AIVDM,1,1,,B,17ld=G0P01WL:Kn0ccMBbOw82<7B,0*12
\s:66,c:1782377495*4E\!AIVDM,1,1,,B,13EhQh?P0FwiBjRDSSTQ3?w>28GN,0*49
\s:66,c:1782377500*43\!AIVDM,1,1,,A,6>m><E0000clQD92fv;0P040,0*6A
\s:66,c:1782377499*42\!AIVDM,1,1,,A,B698pJPD0B9cfG5:@tT03wl5SP06,0*33
\s:66,c:1782377499*42\!AIVDM,1,1,,B,13`j8EGP000E1wHN14Oqlgw@2HG4,0*7C
\s:66,c:1782377497*4C\!AIVDM,1,1,,B,155Jb@000?3QIDb@9lvm`R;<0HEo,0*17
\s:66,c:1782377494*4F\!AIVDM,1,1,,B,13IeV00P0gOQStdKH?oe8?w60D0b,0*51
\s:66,c:1782377499*42\!AIVDM,1,1,,A,16:MQr000:8VJcRDW3GI=q380luo,0*45
\g:1-2-5198733,s:66,c:1782377498*03\!AIVDM,2,1,3,B,59i0W482=7eWM45?W;<55D62222222222222221IT8aVF52G0LjDH2j0,0*25
\g:2-2-5198733*6F\!AIVDM,2,2,3,B,H88888888888880,2*54
\s:66,c:1782377500*43\!AIVDM,1,1,,A,13MACm00jF`95k0<dMVe5rS20@GD,0*6E
\s:66,c:1782377500*43\!AIVDM,1,1,,B,85?dP100G@:?>G1?6600,0*67
\s:66,c:1782377496*4D\!AIVDM,1,1,,B,19NSefh01i7sRqt9bEeWP5u60D40,0*5A
\s:66,c:1782377497*4C\!AIVDM,1,1,,B,138o>H0vAq0E1QdNTuuoqn?80<5C,0*16
\s:66,c:1782377497*4C\!AIVDM,1,1,,A,B5O19R000UpL4P4o4W263wj5CP06,0*4B
\s:66,c:1782377498*43\!AIVDM,1,1,,B,36:CE;1002`hOcPAnh8dO@=42Dkb,0*32
\g:1-2-5198734,s:66,c:1782377499*05\!AIVDM,2,1,4,B,56:B6RP000000000000l4qT4pO7H00000000000Q30:561ci:53RCQhS,0*73
\g:2-2-5198734*68\!AIVDM,2,2,4,B,h00000000000008,2*73
\s:66,c:1782377500*43\!AIVDM,1,1,,B,26K2mLQ0009jUI4D4UCj`EK>28GK,0*39
\s:66,c:1782377501*42\!AIVDM,1,1,,A,19NSW4@02?ww52lLcop`1FED0L9f,0*43
\g:1-2-5198735,s:66,c:1782377501*04\!AIVDM,2,1,5,B,53l3p8H2=JFP=7;CW@1=@5J10uLE80000000001I=pM>8=T>NEm1p31U,0*63
\g:2-2-5198735*69\!AIVDM,2,2,5,B,h00000000000000,2*7A
\g:1-2-5198736,s:66,c:1782377496*08\!AIVDM,2,1,6,B,54qhnW82GfH4Hm922210tTq@F1HTLTF3:222220l1PB64uJ9e=0PDliH,0*1C
\g:2-2-5198736*6A\!AIVDM,2,2,6,B,51DTQH1l8888880,2*71
\s:66,c:1782377499*42\!AIVDM,1,1,,B,16K2Ju@0009iV4nD1m<MWR7@0L37,0*2B
\s:66,c:1782377501*42\!AIVDM,1,1,,B,142O@Bp00j1pMcjFrmb8qW3@0L0n,0*34
\s:66,c:1782377493*48\!AIVDM,1,1,,A,13l92`hP00Q32l`DQsU2GOw42@Ct,0*48
\s:66,c:1782377503*40\!AIVDM,1,1,,B,19NSk:@003r>aDjA?d@0VVGB053<,0*74
\s:66,c:1782377497*4C\!AIVDM,1,1,,B,3344GbUP00PF0n2Mwa1>4?w8RE0b,0*2A
\s:66,c:1782377503*40\!AIVDM,1,1,,B,B6:c37@0@223TqS@DVI8DqlSQP06,0*57
\s:66,c:1782377502*41\!AIVDM,1,1,,A,1815LBh01j08B=BMCL4QWiEF0@Hu,0*44
\s:66,c:1782377502*41\!AIVDM,1,1,,A,19NSjO@02HP35wBMN0CJf`S<0t2N,0*14
\s:66,c:1782377501*42\!AIVDM,1,1,,A,18;<B90P018aeD08G3uN4?w@2D2b,0*17
\s:66,c:1782377495*4E\!AIVDM,1,1,,A,142LUSp02v24We:GM3qUn4U80@Do,0*20
\s:66,c:1782377500*43\!AIVDM,1,1,,B,13lqe<00271cmN@Dkg6s<q1@053<,0*6C
\s:66,c:1782377501*42\!AIVDM,1,1,,A,13uCw4UOi1Q@A`RQtwAoEF=B0D10,0*04
\s:66,c:1782377502*41\!AIVDM,1,1,,A,35ChPL7PAeObMQJ2QQq1k1A@0000,0*06
\s:66,c:1782377498*43\!AIVDM,1,1,,A,15Q=:N0032G?S1FKEb1ucbw:08F9,0*74
\s:66,c:1782377499*42\!AIVDM,1,1,,A,13aJj20000PBf=0Mfouh05u800SC,0*2F
\s:66,c:1782377499*42\!AIVDM,1,1,,B,1858@UPP00WKJG00fR=v4?w<20SG,0*0C
\s:66,c:1782377315*41\!AIVDM,1,1,2,B,C2@7Rah012AdlIT:q8sPvkv1SSSicKWKkk;1111111100000002P,0*40
\s:66,c:1782377499*42\!AIVDM,1,1,,B,H6:Lh>5BH9><0@82@HDp00;`H6;0,0*17
\s:66,c:1782377499*42\!AIVDM,1,1,,A,18SJC?002AWah6R;RrIFRU?620S1,0*79
\s:66,c:1782377500*43\!AIVDM,1,1,,B,18Ht6MPP33WLW`B0gCWsVOw@253<,0*13
\s:66,c:1782377495*4E\!AIVDM,1,1,,B,13m3FH001jPFTL8Nt9iJ>8;:0`F7,0*1C
\s:66,c:1782377500*43\!AIVDM,1,1,,A,144Ur3P01pwEt?6E2mc<>ae<08GN,0*2F
\s:66,c:1782377437*46\!AIVDM,1,1,,B,13aUm40PA@0BRE4MalhIPOvt0D7G,0*02
\s:66,c:1782377501*42\!AIVDM,1,1,,A,B3psaS0000EOO<7ih7l000N00000,0*3C
\s:66,c:1782377499*42\!AIVDM,1,1,,B,160wu2001m8<D@T87udQV1A800SC,0*6B
\s:66,c:1782377501*42\!AIVDM,1,1,,A,1kaFe?0P000OhI`NQ0iU4wv1uwww,0*4A
\s:66,c:1782377501*42\!AIVDM,1,1,,B,B7mLIl@009o<aGP9`KlIwwlR0000,0*01
\s:66,c:1782377500*43\!AIVDM,1,1,,B,H7mLIlA<4P485B0d4hTl4q@4s3<,2*43
\s:66,c:1782377500*43\!AIVDM,1,1,,A,H7mLIlDl2P0001@I43lqki0HD33H,0*73
\s:66,c:1782377503*40\!AIVDM,1,1,,B,168vj5300:`e`H<AqlFsTq=D08Hp,0*2E
\s:66,c:1782377500*43\!AIVDM,1,1,,B,13ku18002gw27jRLMav:S`O@0<02,0*31
\s:66,c:1782377497*4C\!AIVDM,1,1,,A,B8SSh?006qrpeERk8aJLcwiW3P06,0*47
\s:66,c:1782377502*41\!AIVDM,1,1,,B,18Hrm6002=7m@2v9D:K<wJE@00RW,0*11
\s:66,c:1782377502*41\!AIVDM,1,1,,A,369CjJU0008f>WhAmWWRl0cB0DT:,0*5A
\s:66,c:1782377502*41\!AIVDM,1,1,,A,13aFdK`P1LPBHiFMgLfc0OwF253<,0*31
\s:66,c:1782377501*42\!AIVDM,1,1,,A,13a3GU@P00PF4gRMvnl45Ow>28GM,0*5D
\s:66,c:1782377497*4C\!AIVDM,1,1,,,13eTUh5000`VOnrDVA3TjU580000,0*0F
\s:66,c:1782377502*41\!AIVDM,1,1,,B,16:;L1000@8Lo6<F0GSac7wB0@H8,0*5D
\s:66,c:1782377503*40\!AIVDM,1,1,,A,13ku;Q0wS1rTt?ilLU?VfmKB0<02,0*61
\s:66,c:1782377498*43\!AIVDM,1,1,,A,13K91T002;P1IMFF1PPAM1;<00Sg,0*60
\s:66,c:1782377496*4D\!AIVDM,1,1,,B,13W:s06P00wWj4>DJbV>4?w828ET,0*74
\s:66,c:1782377496*4D\!AIVDM,1,1,,A,33m?Gr0Oh5295L:`OKjnsIu6024@,0*44
\s:66,c:1782377498*43\!AIVDM,1,1,,A,16:@aEP0008f`qDA1iv`sJAp0D7R,0*02
\s:66,c:1782377499*42\!AIVDM,1,1,,,14e`4t5000sLfm`ISfk5UPg20000,0*04
\g:1-2-5198737,s:66,c:1782377499*06\!AIVDM,2,1,7,B,5815UV`2B2RAKL7KCS@luDq@4Tr0hTtr22222200H@S@F5hT0CkE@DPH,0*60
\g:2-2-5198737*6B\!AIVDM,2,2,7,B,40CU0BH2CQ3s`80,2*30
\s:66,c:1782377500*43\!AIVDM,1,1,,B,16:99M800V8UWVlF8q7bkHk80FQv,0*40
\s:66,c:1782377498*43\!AIVDM,1,1,,B,1:LQcq0P00slpmed;inoIgw:20RI,0*6B
\s:66,c:1782377500*43\!AIVDM,1,1,,B,35?dajO0008fhNVAAV8>2n1p1P<S,0*61
\s:66,c:1782377497*4C\!AIVDM,1,1,,A,15OBOkPP00re;c@GAw;rQ?w<2<3f,0*42
\s:66,c:1782377497*4C\!AIVDM,1,1,,A,37ldJjhOhk6c=h@:bqw@OP7<00v0,0*22
\s:66,c:1782377499*42\!AIVDM,1,1,,,13K03F0032bj8AbFGu4qeWe:053<,0*2F
\s:66,c:1782377493*48\!AIVDM,1,1,,A,14eGNKW000G<cgBL=6c<UAm408CS,0*13
\s:66,c:1782377500*43\!AIVDM,1,1,,A,13aGF6@P1=PCE9tMNfeWkOw@28Go,0*13
\s:66,c:1782377497*4C\!AIVDM,1,1,,A,17ldln<P06`S?nAs9gaCrOw82000,0*1C
\s:66,c:1782377500*43\!AIVDM,1,1,,B,19NSpfP0230NqavNvqP3NRi<0D9u,0*04
\s:66,c:1782377497*4C\!AIVDM,1,1,,A,138Aoh0vj30GKkvO3g>H2VGB0@Gb,0*3D
\s:66,c:1782377501*42\!AIVDM,1,1,,B,13ems8001ovgHc:6OvPLDqoB08H5,0*44
\s:66,c:1782377484*4E\!AIVDM,1,1,,A,33aBNfPP0JPD:nLMd<;KCwvh22tQ,0*31
\s:66,c:1782377484*4E\!AIVDM,1,1,,B,13aKWahP10PCGFbMeP<db?vh28>E,0*60
\s:66,c:1782377482*48\!AIVDM,1,1,,B,13aN3i5P00PCavLMcm6>4?vb28<s,0*6E
\s:66,c:1782377471*44\!AIVDM,1,1,,A,33aN3i5P00PCavFMcm6>4?vF23E3,0*73
\s:66,c:1782377502*41\!AIVDM,1,1,,B,169UEHP0008LkaP=s4vAWh3B00SN,0*13
\s:66,c:1782377500*43\!AIVDM,1,1,,B,13V31L001e7fFj@3BEJHLFq:0@Gc,0*75
\s:66,c:1782377501*42\!AIVDM,1,1,,A,402R3VQvad`ka10kpvOn`2o008H?,0*50
\s:66,c:1782377502*41\!AIVDM,1,1,,A,19NStTPuBm052MCp8=9tb:7B0<02,0*3B
\s:66,c:1782377503*40\!AIVDM,1,1,,A,15?dcvh000WJllh0gnSN44MD2HI9,0*66
\s:66,c:1782377500*43\!AIVDM,1,1,,B,B33fQ9P0003g=1U`psoQ3wl5h000,0*1C
\s:66,c:1782377501*42\!AIVDM,1,1,,A,13E`RigP0IP9DKtGQ8N9v?w@2<0n,0*11
\s:66,c:1782377501*42\!AIVDM,1,1,,B,19NSdVPti0rA9t85ImWICGI>0HH7,0*42
\s:66,c:1782377500*43\!AIVDM,1,1,,A,14eHRS@P00o=D:NL9P?9Cgw<2<3;,0*37
\s:66,c:1782377501*42\!AIVDM,1,1,,B,33MCelhP@IP=JAJMOfLHnJ3<01v@,0*43
\s:66,c:1782377500*43\!AIVDM,1,1,,A,14:A:OwP00QW8U8ISbVf4?w@B<0=,0*5E
\s:66,c:1782377495*4E\!AIVDM,1,1,,A,13ir?B3021P>dHNMIEs322K00D4N,0*3A
\s:66,c:1782377497*4C\!AIVDM,1,1,,A,16::<GP000`Js50FCk7ar8u80U3<,0*33
\s:66,c:1782377493*48\!AIVDM,1,1,,B,13MA=:@002P<N`HMUTbeb:m608C<,0*6B
\s:66,c:1782377499*42\!AIVDM,1,1,,B,B3IMK7P0;85RQtV=>RpnSwk1l8FE,0*3D
\s:66,c:1782377494*4F\!AIVDM,1,1,,A,1611a:00003T7BT?nT`74Phr0hD4,0*38
\g:1-2-5198738,s:66,c:1782377500*08\!AIVDM,2,1,8,A,54haKt82;>WE`==6221=@tiB04<PTEHDlDqB221DBhK;D5`F?C@Q@CT`,0*3E
\g:2-2-5198738*64\!AIVDM,2,2,8,A,888888888888880,2*2C
\s:66,c:1782377500*43\!AIVDM,1,1,,A,13dUut02QTPu4LHDB1SK@Ow<0@F@,0*1B
\s:66,c:1782377493*48\!AIVDM,1,1,,A,33TnkD00001i4tHGH?i0001p0000,0*4B
\s:66,c:1782377499*42\!AIVDM,1,1,,B,17ldcw`P00`Fd>MwC5Ihvww220Rg,0*6D
\s:66,c:1782377497*4C\!AIVDM,1,1,,A,14RHV4001fwWh;@DV7r;Ga36053<,0*7A
\s:66,c:1782377499*42\!AIVDM,1,1,,A,B40`mOP08H<0:5`LgK<13wjUoP06,0*7E
\s:66,c:1782377498*43\!AIVDM,1,1,,A,33n4tK00001Ft`6Wog0<nWAp0000,0*4D
\s:66,c:1782377494*4F\!AIVDM,1,1,,A,16::;AP0008Q;>TEuL<IFq7200R;,0*51
\s:66,c:1782377498*43\!AIVDM,1,1,,A,18;A5T0P01`adk<8FhgVW?w:2HFp,0*29
\s:66,c:1782377500*43\!AIVDM,1,1,,A,15W2AH00i6NhKv88IS0kbRoB0D2T,0*44
\s:66,c:1782377501*42\!AIVDM,1,1,,B,15?dNThPAO<PL:qbwGS836?:0HFl,0*56
\s:66,c:1782377501*42\!AIVDM,1,1,,A,14SKjn300P0HbmPQkp5jHj1@0`0P,0*0D
\s:66,c:1782377499*42\!AIVDM,1,1,,B,19pMBp7P01vh=Q68Iibv4?w<2D0Q,0*5B
\s:66,c:1782377501*42\!AIVDM,1,1,,A,18Hrwh`03m7KOoF0dGpbg8Q>00S6,0*4A
\s:66,c:1782377500*43\!AIVDM,1,1,,A,B39E2CP002g=oRt4g9sQ3wl5kP06,0*43
\s:66,c:1782377495*4E\!AIVDM,1,1,,A,35OF5n0000JSEgJE86bK@8ip0000,0*00
\s:66,c:1782377501*42\!AIVDM,1,1,,A,3611a:00013T7BJ?nT`WB0g:0PwP,0*7B
\s:66,c:1782377501*42\!AIVDM,1,1,,B,13b5@j6P020ANBBMrqkFhgw:053<,0*2A
\s:66,c:1782377502*41\!AIVDM,1,1,,B,C8Sta1h089s<>P1N51hv3wU1ic111K109WS111111110?1052120,0*62
\g:1-2-5198739,s:66,c:1782377500*09\!AIVDM,2,1,9,A,53AS0d82HFU@uE`7:2098U<84pF0l4E9<f2222172E=CU=dg0RiDp0Pk,0*5E
\g:2-2-5198739*65\!AIVDM,2,2,9,A,`88888888888880,2*75
\s:66,c:1782377501*42\!AIVDM,1,1,,B,15?jN`0P00Pn;1Mu@eUN4?w@28Gv,0*0F
\s:66,c:1782377267*45\!AIVDM,1,1,,A,33?r265P00PCg=lMci9v4?wN2DT:,0*0D
\s:66,c:1782377500*43\!AIVDM,1,1,,A,16:8IT0P1W8Vka`Dd2UWTnnn2PSB,0*65
\g:1-2-5198740,s:66,c:1782377502*05\!AIVDM,2,1,0,B,56Sjp:800003?322220EDr08UB2220000000000N0`<22t0Ht0000000,0*65
\g:2-2-5198740*6B\!AIVDM,2,2,0,B,000000000000000,2*27
\s:66,c:1782377503*40\!AIVDM,1,1,,A,14R3740P1SQG>CBE7GnkqS;@0<2O,0*72
\s:66,c:1782377499*42\!AIVDM,1,1,,B,36:LaRPP@O8W1T0D`0w8tWA<00q1,0*15
\s:66,c:1782377500*43\!AIVDM,1,1,,A,36K2lBhOh:ajWbBD3Bm`3Wg:00uP,0*59
\s:66,c:1782377500*43\!AIVDM,1,1,,A,14`Uw3P1jUH`>I86LaKCrS9>0D00,0*2A
\s:66,c:1782377501*42\!AIVDM,1,1,,A,16:LRt00008Vj@PD`Mq<Ej5@0D2H,0*15
\s:66,c:1782377497*4C\!AIVDM,1,1,,B,B4eJDch0?`<K>PTnD@<4T2i5l000,0*15
\s:66,c:1782377497*4C\!AIVDM,1,1,,A,33bCjN002HP88DBM?g3QhiI60BtM,0*4D
\s:66,c:1782377498*43\!AIVDM,1,1,,B,13ktoh001pOLBVhJT15`86W<0@F:,0*12
\s:66,c:1782377499*42\!AIVDM,1,1,,A,16:>tj301c88hav<lUJMTs1:00S;,0*53
\s:66,c:1782377495*4E\!AIVDM,1,1,,A,17mFB0gP01`=nGkvdVOTSgw420Sf,0*4F
\s:66,c:1782377491*4A\!AIVDM,1,1,,A,16:WkNP00t`d5oTAwkVtDOw00000,0*74
\s:66,c:1782377495*4E\!AIVDM,1,1,,B,13LBcI001o1O@wLRE6F6D5800000,0*70
\s:66,c:1782377498*43\!AIVDM,1,1,,A,16T5Wd001VW0?K237QJ3oC?<0<0f,0*6C
\s:66,c:1782377499*42\!AIVDM,1,1,,,13`kqh1P@9PEAGRNfFO46Ak80000,0*1F
\s:66,c:1782377500*43\!AIVDM,1,1,,B,B6:JSDP002;C@I4BBg@000>7QP06,0*08
\s:66,c:1782377499*42\!AIVDM,1,1,,A,16:4SS0P00`evo@A=;mf4?w:28F3,0*66
\s:66,c:1782377500*43\!AIVDM,1,1,,B,13aTVt001LWS`5J22qh`Gww>2U3<,0*3E
\s:66,c:1782377498*43\!AIVDM,1,1,,B,13Rkvb0P00Qd5PfEf1Mf4?w<253<,0*2D
\s:66,c:1782377499*42\!AIVDM,1,1,,B,13aLnn0001PBUW0MfKt1mbk>0D66,0*20
\s:66,c:1782377494*4F\!AIVDM,1,1,,B,19NSjphwjd7>EO:1VO:lhkm00D3r,0*17
\s:66,c:1782377500*43\!AIVDM,1,1,,B,D02=b3A:@Nfqa`O6EB4Nfq6DO6D,2*32
\s:66,c:1782377500*43\!AIVDM,1,1,,B,13M;EJ0Oi;0GeWDNOsjuM;?:0DDG,0*1B
\s:66,c:1782377500*43\!AIVDM,1,1,,B,13f@B`001rNf372:DDjo1mW:0<2T,0*1A
\s:66,c:1782377499*42\!AIVDM,1,1,,B,140UsuhP1O0EtMPMwnIJsOw:PHFq,0*10
\s:66,c:1782377499*42\!AIVDM,1,1,,A,35O7p<PP16rA60<>gh4l`Iq>2000,0*17
\s:66,c:1782377497*4C\!AIVDM,1,1,,B,18VUjh00113QVc@?rKv9Moi:053<,0*08
\s:66,c:1782377501*42\!AIVDM,1,1,,B,37ldMe1P01WKl@n0bM`CJww<2000,0*77
\s:66,c:1782377501*42\!AIVDM,1,1,,A,403t:BQvad`kW`KUFBEs96o000S:,0*16
\s:66,c:1782377502*41\!AIVDM,1,1,,A,16qVhk@01N4lC1T>;3=2SjCCPD0V,0*06
\s:66,c:1782377497*4C\!AIVDM,1,1,,B,14cRej3P05P>9h`E5D04IOw80<6=,0*59
\s:66,c:1782377503*40\!AIVDM,1,1,,B,19NSG;H02?3Cog1hoDe9PGRp0D07,0*29
\s:66,c:1782377503*40\!AIVDM,1,1,,B,133S0:8P010Ct1PMEa9al?wF00Sn,0*2C
\s:66,c:1782377503*40\!AIVDM,1,1,,A,13dovB0P00Q2H3@DR6>J@?wF2@I?,0*3D
\s:66,c:1782377480*4A\!AIVDM,1,1,,A,13`iH`PP0LPCT1VMd10jbwv`2<<6,0*1C
\s:66,c:1782377487*4D\!AIVDM,1,1,,B,13aGt>@P00PDVB@Me@3k5gvn20S1,0*01
\s:66,c:1782377496*4D\!AIVDM,1,1,,A,B39Vw;00<P=LLk8@5u?0>Iv00000,0*48
\s:66,c:1782377501*42\!AIVDM,1,1,,B,13UCKF0P00QdW2vEc7Sf4?wB2D1w,0*50
\s:66,c:1782377497*4C\!AIVDM,1,1,,B,16:Ej`PP1=8;S6<<pP4=J7O82<3v,0*55
\s:66,c:1782377502*41\!AIVDM,1,1,,A,18;acC0P008adqV8G1Vh5?wB08H5,0*15
\s:66,c:1782377503*40\!AIVDM,1,1,,A,19NSOq0000WJGtd0esIjc`MD0<<P,0*28
\s:66,c:1782377503*40\!AIVDM,1,1,,B,3Jq85g0P00rak886Asn>4?wD2PHP,0*49
\s:66,c:1782377497*4C\!AIVDM,1,1,,B,13aL<:wP000@kPFMPEv00?w80<5?,0*7E
\s:66,c:1782377499*42\!AIVDM,1,1,,A,19pN1h2P02vh=Vj8IhMs?ww<2L1c,0*3E
\s:66,c:1782377496*4D\!AIVDM,1,1,,A,14SH4T001vP<ASrNEo8ABQ780<7v,0*5F
\s:66,c:1782377492*49\!AIVDM,1,1,,B,17liW=wP3JWMmtD0QUmc:Ovv2<0Q,0*75
\s:66,c:1782377499*42\!AIVDM,1,1,,A,18Lfw>Pw@07=iij7PltprVA>28Fo,0*0C
\s:66,c:1782377499*42\!AIVDM,1,1,,A,13n=<t001G0FiERSB18=>:a80<1A,0*45
\s:66,c:1782377500*43\!AIVDM,1,1,,A,38I3IR1P007JiOF0dq;P6Ow>0Dm:,0*6D
\s:66,c:1782377500*43\!AIVDM,1,1,,A,19NSM9@wP0Sqh5p>DUIFPIC>0L6?,0*2E
\s:66,c:1782377498*43\!AIVDM,1,1,,A,13mau5?P00PseeFVnR7HJ?w208CV,0*5A
\s:66,c:1782377499*42\!AIVDM,1,1,,B,16KJcMP02:9wOkfD138We6C00<3U,0*0A
\s:66,c:1782377498*43\!AIVDM,1,1,,B,D@2A`o1BTNfp,0*22
\s:66,c:1782377499*42\!AIVDM,1,1,,A,33s?=50OhJOH=LTGTK8B3Am:00l0,0*46
\s:66,c:1782377495*4E\!AIVDM,1,1,,B,D02:oRQFhNfq6DO6D0,4*39
\s:66,c:1782377499*42\!AIVDM,1,1,,B,B5O57h019FheMu5pab9BOwkQh0S6,0*3E
\s:66,c:1782377404*46\!AIVDM,1,1,,A,33aGFoE000PCwKJMh;;k=:T2RE<b,0*5F
\s:66,c:1782377498*43\!AIVDM,1,1,,A,19NSgP@01GK2rm8GSAJUsls:66,0*4C
\s:66,c:1782377499*42\!AIVDM,1,1,,A,19NSfAh01hP6B8tFrWl13ho8053<,0*45
\s:66,c:1782377498*43\!AIVDM,1,1,,A,17f9sD0Oh30;EFFFV:TK<q74053<,0*53
\s:66,c:1782377495*4E\!AIVDM,1,1,,B,18J<=d80007Ksad0gfFbb5O80HDt,0*7C
\s:66,c:1782377502*41\!AIVDM,1,1,,B,1815<3001oWEEmd12SOcSqDt00SI,0*53
\s:66,c:1782377502*41\!AIVDM,1,1,,B,15ND>@P000q<rIh@wpof42oD0L4b,0*62
\s:66,c:1782377284*48\!AIVDM,1,1,,B,33aGFdUP?w<tSF0l4Q@>4?wvPDUb,0*5F
\s:66,c:1782377501*42\!AIVDM,1,1,,B,16:GvoP000`8GQn<un9f47i@28H6,0*20
\g:1-2-5198741,s:66,c:1782377500*06\!AIVDM,2,1,1,B,56:<PM8000008uTwB2084V1UDr0@636222222216;PB<65da093RCQp0,0*7E
\g:2-2-5198741*6A\!AIVDM,2,2,1,B,d88888888888880,2*7A
\g:1-2-5198742,s:66,c:1782377501*04\!AIVDM,2,1,2,A,58KmOv82@1AsUKW?GF0=>15D4hUAV22222222216@pL6D5cU0ChkhCU8,0*58
\g:2-2-5198742*69\!AIVDM,2,2,2,A,888888888888880,2*26
\s:66,c:1782377501*42\!AIVDM,1,1,,B,H69?UCPPu<n04U>000000000000,2*01
\s:66,c:1782377379*4B\!AIVDM,1,1,,A,H69?UCU60000800nnnn00050:518,0*20
\s:66,c:1782377425*45\!AIVDM,1,1,,B,33b3rn3010PCGbpMeMsda:6f22n1,0*0A
\s:66,c:1782377437*46\!AIVDM,1,1,,A,13MC0wh00:PB2bTMliC9na0v0<4@,0*2A
\s:66,c:1782377501*42\!AIVDM,1,1,,A,40C@Ff0000Htt<tSF0l4Q@104W3h,0*54
\s:66,c:1782377500*43\!AIVDM,1,1,,A,B3prI:@000EdlJ9uc8=Ja8v00000,0*2E
\s:66,c:1782377502*41\!AIVDM,1,1,,A,ENk`tc<Kh@@@@@@@@@@@@@@@@@@=BhEE:o;1000003vP000,2*71
\s:66,c:1782377503*40\!AIVDM,1,1,,A,B8TD6R009IsIT`QNPq`hkwfUoP06,0*76
\s:66,c:1782377500*43\!AIVDM,1,1,,B,37f9sD0Oh30;EFDFV:TsTIC>01fh,0*43
\s:66,c:1782377500*43\!AIVDM,1,1,,A,C=PCWWh0022oOP3=ilRHQrN1UkSSKKWKWk;11111111000P110RP,0*69
\s:66,c:1782377496*4D\!AIVDM,1,1,,A,B3`o0A@0B85p3OWUVANR7wj5oP06,0*35
\s:66,c:1782377502*41\!AIVDM,1,1,,B,B69DTuhD0R;n:pTDmR403wmESP06,0*1E
\s:66,c:1782377500*43\!AIVDM,1,1,,A,H3prEe0lTqH4000000000000000,2*48
\s:66,c:1782377500*43\!AIVDM,1,1,,A,H3prEe4U000000000000009@0000,0*67
\s:66,c:1782377499*42\!AIVDM,1,1,,A,13;2d:3000OuC`BLDRcnIj;>0000,0*5A
\s:66,c:1782377501*42\!AIVDM,1,1,,,B3gfb7P007`h9E9JaJwQ3wk1h000,0*69
\g:1-2-5198743,s:66,c:1782377259*0F\!AIVDM,2,1,3,A,53aIjQl000010OGSSR0PD8t<5B3722222222220n1053140Ht2UQDRiA,0*4B
\g:2-2-5198743*68\!AIVDM,2,2,3,A,DThQAiC1BA2CQp0,2*07
\g:1-2-5198744,s:66,c:1782377292*0F\!AIVDM,2,1,4,B,53`m9W80000107COO40ptu8@d45000000000001@@p0>4ucc@54Sm51D,0*53
\g:2-2-5198744*6F\!AIVDM,2,2,4,B,Q0CH25A4kkR0EQ@,2*3D
\s:66,c:1782377501*42\!AIVDM,1,1,,B,13E`190P1SP6Mc`F<B?Voww>20RB,0*32
\g:1-2-5198745,s:66,c:1782377500*02\!AIVDM,2,1,5,B,53ku:bH2>8`<=447L005>0<4lDhhT4000000001?F8fE95O;`?@kVSlh,0*10
\g:2-2-5198745*6E\!AIVDM,2,2,5,B,000000000000000,2*22
\s:66,c:1782377502*41\!AIVDM,1,1,,B,13aDqU0P13PCu>8MDm56cOwD253<,0*54
\s:66,c:1782377502*41\!AIVDM,1,1,,A,15TC:F10023mL:P>UJUVl9=@0L<O,0*37
\s:66,c:1782377192*4C\!AIVDM,1,1,,B,13aGG>hP1:PDtmPMdes3mgw020Rg,0*60
\s:66,c:1782377499*42\!AIVDM,1,1,,A,144W5a001j0SGLBESLh3Kjwp1d7c,0*43
\s:66,c:1782377495*4E\!AIVDM,1,1,,B,1776rb001O8bf9V?F77iF1E40l1K,0*2F
\s:66,c:1782377479*4C\!AIVDM,1,1,,A,13aIjQh0000CfqpMcULe:E6`00SH,0*1B
\s:66,c:1782377239*4E\!AIVDM,1,1,,A,33aIjQh0000CfqnMcULGOU4`03Di,0*77
\s:66,c:1782377283*4F\!AIVDM,1,1,,B,33`m9W5P00PCvctMdD6v4?v62Dkr,0*58
\s:66,c:1782377503*40\!AIVDM,1,1,,B,19NSMM002g8Up@L>C3HHh6w@053<,0*59
\s:66,c:1782377501*42\!AIVDM,1,1,,B,B6:lRSh0<221UGS@fbS9>PlWQP06,0*6E
\s:66,c:1782377496*4D\!AIVDM,1,1,,A,402<HmAvad`kS1s:66,0*7F
\s:66,c:1782377493*48\!AIVDM,1,1,,B,403t=KQvad`kR`d:WFAtwnW008Da,0*22
\s:66,c:1782377500*43\!AIVDM,1,1,,B,B3MBDTP01:wW`bLhSk6cWwl5t000,0*76
\s:66,c:1782377499*42\!AIVDM,1,1,,A,16:R9EP01P8jk2LCVc>0403p0<0c,0*13
\s:66,c:1782377502*41\!AIVDM,1,1,,A,403Ovuivad`kbrQaNNE@vA?02HH`,0*03
\s:66,c:1782377500*43\!AIVDM,1,1,,B,13aL<jPP00PEnATMwkLJn?w@2D4<,0*7D
\s:66,c:1782377503*40\!AIVDM,1,1,,B,B3?qo2P0?85pPnW`8ANn6C>UoP06,0*12
\s:66,c:1782377501*42\!AIVDM,1,1,,A,13wmnu001ePb7@hEI9K2sBE@2hHG,0*71
\s:66,c:1782377503*40\!AIVDM,1,1,,A,13=N``01ASKWBRJ8@j45vleH053<,0*2C
\s:66,c:1782377500*43\!AIVDM,1,1,,A,36:l:15P008daVFB2JA>4?v00000,0*3E
\s:66,c:1782377496*4D\!AIVDM,1,1,,,17ld`a00017W4Jito5HN42a83000,0*6A
\s:66,c:1782377498*43\!AIVDM,1,1,,B,19NSl1PvAl`kb00AMuG8;FE62HF<,0*07
\s:66,c:1782377492*49\!AIVDM,1,1,,,13lkfH002g77HOes4;AaeGht053<,0*13
\s:66,c:1782377499*42\!AIVDM,1,1,,A,35Mj26002dG?Qq:K?EWr`8Mp0000,0*46
\s:66,c:1782377496*4D\!AIVDM,1,1,,,13lkfH002g77HJ1s4:vaaok4053<,0*1B
\s:66,c:1782377499*42\!AIVDM,1,1,,B,:5`=u82G`n<T,0*29
\s:66,c:1782377492*49\!AIVDM,1,1,,A,18JdHB011P:lP<KjG68;Kq>v0HBh,0*22
\s:66,c:1782377494*4F\!AIVDM,1,1,,A,B7ld53P001kwUKPKb=T03wi4kP06,0*3A
\s:66,c:1782377497*4C\!AIVDM,1,1,,A,16K3A`h01cajJf@D3p5RL1w80<3G,0*3F
\s:66,c:1782377500*43\!AIVDM,1,1,,A,402E3MAvad`k`PBiC<MghEO0253<,0*06
\s:66,c:1782377499*42\!AIVDM,1,1,,B,33oT3R0OiE0m;InU60R5bDu600s@,0*0F
\s:66,c:1782377499*42\!AIVDM,1,1,,B,17lohIpP007Lj7H0Wge>4?w400Ri,0*67
\s:66,c:1782377499*42\!AIVDM,1,1,,A,15BkR601@loT03VC1N8dMqi48HEn,0*76
\s:66,c:1782377491*4A\!AIVDM,1,1,,A,13QOQ<001`0Ia;FNvFIb?8;008D7,0*41
\s:66,c:1782377499*42\!AIVDM,1,1,,B,BCgQ@20007UIG`aMcDN?7wq2s000,0*66
\s:66,c:1782377493*48\!AIVDM,1,1,,A,181:Lph022rnLIpGUtRJP`M00000,0*1A
\s:66,c:1782377500*43\!AIVDM,1,1,,A,16:5l10P178flF@A3Bg`Hgw>053<,0*7A
\s:66,c:1782377496*4D\!AIVDM,1,1,,A,142LThP000Pg924Hs2qtHo760000,0*23
\s:66,c:1782377498*43\!AIVDM,1,1,,B,13uSbD002hPp@@jO=1qi00k48D6e,0*1C
\s:66,c:1782377456*41\!AIVDM,1,1,,A,13b9>d0000PE2`2MTqCcvCEh08Q<,0*65
\s:66,c:1782377455*42\!AIVDM,1,1,,B,33aQcw5P00PC6GjMfB3N4?wfRDIJ,0*77
\s:66,c:1782377501*42\!AIVDM,1,1,,B,13aGEt@P09P@rV>MLT1rkOw>2HGG,0*22
\s:66,c:1782377501*42\!AIVDM,1,1,,A,18I>1W8P007JuI80gTW0:?wB0<<P,0*1B
\s:66,c:1782377500*43\!AIVDM,1,1,,B,15`=u80Oh83mHd0>>S18Cow<0U3<,0*0B
\s:66,c:1782377500*43\!AIVDM,1,1,,A,19u:Tgm01qNiuSB;mWp8=nU<0`Ge,0*0D
\s:66,c:1782377498*43\!AIVDM,1,1,,A,15Mj26002dG?Qq@K?EWb`8K>0:6H,0*12
\s:66,c:1782377501*42\!AIVDM,1,1,,A,19NSCKh01p8:d5b8AJJQOA=<0L0I,0*31
\s:66,c:1782377500*43\!AIVDM,1,1,,A,3774pv5000oRnqNCD>bov@340Dg:,0*62
\s:66,c:1782377495*4E\!AIVDM,1,1,,A,E>q7ErtPsrPP000000000000000DF3@c8wOBp00003v010,4*69
\s:66,c:1782377500*43\!AIVDM,1,1,,,13Ip4e002QVA`7B3JaV3Ije>0000,0*69
\s:66,c:1782377495*4E\!AIVDM,1,1,,B,15IB`P0000KVW0f5pRJlD3a800Ru,0*3E
\s:66,c:1782377503*40\!AIVDM,1,1,,B,16SfrJ0P009=8snCuT;p0gwE`HHw,0*35
\s:66,c:1782377502*41\!AIVDM,1,1,,B,13tfL40000PhNg:Q1USdVT;B0@I4,0*12
\s:66,c:1782377495*4E\!AIVDM,1,1,,A,15NEba0019r@SQP?pPOnk5M80<0p,0*1B
\s:66,c:1782377501*42\!AIVDM,1,1,,A,B3m=7i000`==TP9@o=f4wwk5oP06,0*13
\s:66,c:1782377142*41\!AIVDM,1,1,,A,13JQet001ivf5bp<Q:?7GmsD00Sh,0*38
\s:66,c:1782377499*42\!AIVDM,1,1,,B,B5MmdlP0=@wejJOHfQ8Bgwk5h000,0*09
\s:66,c:1782377499*42\!AIVDM,1,1,,B,13Ipop7100P1dGRLNCKKC9=:00Rv,0*0F
\g:1-2-5198746,s:66,c:1782377499*00\!AIVDM,2,1,6,B,540So642@oLdP8hV2205HDq@T=Dn222222222216D`I@@5dE0?p424iT,0*09
\g:2-2-5198746*6D\!AIVDM,2,2,6,B,p4m@R@p88888880,2*12
\s:66,c:1782377494*4F\!AIVDM,1,1,9,B,13MCmC@0048lKgkp777W72U40L0;,0*5A
\s:66,c:1782377498*43\!AIVDM,1,1,,A,35O3auPOibq=@T@@us3M@:c:023@,0*2E
\s:66,c:1782377499*42\!AIVDM,1,1,,B,33bump02jBP?18dMVMjF5Dw<01nA,0*69
\s:66,c:1782377499*42\!AIVDM,1,1,,A,B3n1gWP0?H<f=w8JUk5PA=N00000,0*14
\s:66,c:1782377499*42\!AIVDM,1,1,,A,339L2bUP04PoLQ`NvpuGngw82DuJ,0*35
\s:66,c:1782377499*42\!AIVDM,1,1,,B,33`gLV50000ANQTMGTvs?JI?P000,0*3F
\s:66,c:1782377499*42\!AIVDM,1,1,,A,33wm0c50000n8Vwu@hloFl=>0000,0*5A
\s:66,c:1782377496*4D\!AIVDM,1,1,,A,13aI:I0P@4P;LjpMNsejopu:00Sh,0*42
\s:66,c:1782377498*43\!AIVDM,1,1,,A,19NSd0@02OOLSATCgBcQnQS<08FB,0*27
\s:66,c:1782377499*42\!AIVDM,1,1,,A,13mCN;0P00R88w4`69t>4?w<2<09,0*6C
\s:66,c:1782377498*43\!AIVDM,1,1,,B,13Ho@l000002QA8LC@KC5DE<00S=,0*27
\s:66,c:1782377493*48\!AIVDM,1,1,,B,137aU`0vS@0;kStFUDV8NVk00<4U,0*41
\s:66,c:1782377499*42\!AIVDM,1,1,,A,13VS0D03Bp0MQEjEL3qk4RM6053<,0*50
\s:66,c:1782377499*42\!AIVDM,1,1,,A,16K?lh002PM8KpAktwc8SVs<0000,0*45
\s:66,c:1782377494*4F\!AIVDM,1,1,,B,139PBq?0000UB@FNWfbj7DM6053<,0*26
\s:66,c:1782377498*43\!AIVDM,1,1,,,B3uDj5P000BW5g`PjsoQ0fk1h000,0*1C
\s:66,c:1782377498*43\!AIVDM,1,1,,B,36=qA30P005eOSP3v8p00?w<0?S3,0*74
\s:66,c:1782377498*43\!AIVDM,1,1,,B,176sK7001T8jdsRA7qDhP0hP053<,0*11
\s:66,c:1782377404*46\!AIVDM,1,1,,B,33aGElEP00PDTABMdWt>4?v62DSJ,0*6C
\s:66,c:1782377502*41\!AIVDM,1,1,,A,15?dh3P00DrBDwl5J34H3VAB20Rd,0*3B
\s:66,c:1782377502*41\!AIVDM,1,1,,A,15?dW=@02L7dB@H5mWvk9jN8083J,0*42
\s:66,c:1782377499*42\!AIVDM,1,1,,A,B8Hvk?00Kqo4UuP<EdvUswk4kP06,0*7F
\s:66,c:1782377499*42\!AIVDM,1,1,,A,19ACHvC0@02D2VHAo@=0On0j0H>E,0*50
\s:66,c:1782377499*42\!AIVDM,1,1,,A,142OkD00001pnI`FvH?jSoK>08G7,0*6B
\s:66,c:1782377501*42\!AIVDM,1,1,,B,13aL<o@P00PFkVnMudh@0?w>28Fv,0*04
\s:66,c:1782377494*4F\!AIVDM,1,1,,B,16:9vsP00s8g5CR@ss0cbIK40D9F,0*30
\s:66,c:1782377501*42\!AIVDM,1,1,,A,169D<6@P?w<tSF0l4Q@>4?wv0m0f,0*15
\s:66,c:1782377503*40\!AIVDM,1,1,,A,29NSE950007arAh64;Ke?rR60L<P,0*6A
\s:66,c:1782377501*42\!AIVDM,1,1,,A,13VV;L31@0Oe;4pKpalbG7wD0D6n,0*4F
\g:1-2-5198747,s:66,c:1782377500*00\!AIVDM,2,1,7,A,53bump42>sSq0P@R220<EAE>2Q0ThuA>V222220j1`<77=>807Sklm1C,0*37
\g:2-2-5198747*6C\!AIVDM,2,2,7,A,Q1H2A4888888880,2*4C
\s:66,c:1782377502*41\!AIVDM,1,1,,B,35O3auPOibq=@Rt@usOMEbeB0160,0*36
\s:66,c:1782377503*40\!AIVDM,1,1,,A,402FhVAvad`kb0UqWdFJ;iW00D4H,0*25
\s:66,c:1782377503*40\!AIVDM,1,1,,B,13aQ6=@P020Bpw`MfTj>4?wF253<,0*02
\s:66,c:1782377497*4C\!AIVDM,1,1,,B,13RjbB8P2D1crd8EcUo1E?w6053<,0*41
\s:66,c:1782377495*4E\!AIVDM,1,1,,A,B40ah`P0083u375cd<@000N00000,0*23
\s:66,c:1782377498*43\!AIVDM,1,1,,B,13HOE@0P000Fm4pHmNRIqww<253<,0*2F
\s:66,c:1782377498*43\!AIVDM,1,1,,B,13lS3v0v1ovf>kp<:E3WEmg<0<1C,0*5A
\s:66,c:1782377496*4D\!AIVDM,1,1,,,B39sV7P0002s`5UarB3Q3wiQh000,0*0B
\s:66,c:1782377494*4F\!AIVDM,1,1,,A,138gil3218074?6OMWim9450H@Cd,0*3A
\s:66,c:1782377498*43\!AIVDM,1,1,,A,E>l5AbdRIph0000000000000000DG:ON8t@Ph00003P010,4*1A
\s:66,c:1782377498*43\!AIVDM,1,1,,A,16:7;G001Q1fl9tCMm;4;3C:053<,0*51
\s:66,c:1782377500*43\!AIVDM,1,1,,B,B3csaRP000;@:C6CfMcQ3wl1jIH:,0*31
\s:66,c:1782377500*43\!AIVDM,1,1,,B,H:U71cTt?>G1000@APphnq30H2>0,0*21
\s:66,c:1782377501*42\!AIVDM,1,1,,B,18KDj>000v7JDgR0d3l;=95B0D<D,0*72
\s:66,c:1782377501*42\!AIVDM,1,1,,A,E>mWTbf47PW3h:44W4@KL@;a2QUkm:c85j9M000003v0100,2*60
\s:66,c:1782377500*43\!AIVDM,1,1,,B,H8SjcwA@5T0p4l3;80000000000,2*32
\s:66,c:1782377500*43\!AIVDM,1,1,,A,H8SjcwE680000;MPPPPPPP00000@,0*66
\s:66,c:1782377501*42\!AIVDM,1,1,,A,13`kDoh00nP;KHhMO3;8L6o40@Fm,0*4A
\s:66,c:1782377502*41\!AIVDM,1,1,,A,35UQuD50007aL6etPghl@Ea>0Dg:,0*6D
\s:66,c:1782377501*42\!AIVDM,1,1,,B,33a=380PAF0@GU`MK<@TH3E@00r@,0*75
\s:66,c:1782377502*41\!AIVDM,1,1,,A,18I8OD0uiW7JB?d0dJ04?CGF00SC,0*3D
\s:66,c:1782377502*41\!AIVDM,1,1,,B,13@pji@007Pi`:jQ1rPk:W3@0<2E,0*26
\s:66,c:1782377503*40\!AIVDM,1,1,,A,13RjbB8P2D1crjHEcVa1E?wB0HIL,0*32
\s:66,c:1782377503*40\!AIVDM,1,1,,A,36:ajt0P00`VvL8BDIBLrgwp0000,0*61
\s:66,c:1782377503*40\!AIVDM,1,1,,B,3DeIDi?P00rB0TV5G6?7??vD2000,0*42
\s:66,c:1782377502*41\!AIVDM,1,1,,B,13aL=aOP00PF8gNMwpFv4?wB28H2,0*7A
\s:66,c:1782377502*41\!AIVDM,1,1,,A,4030pCAvad`kao;;9@L?3Po000S:,0*7A
\s:66,c:1782377472*47\!AIVDM,1,1,,B,33`djJmP00PCRMrMctqf4?vHRD@r,0*1E
\s:66,c:1782377502*41\!AIVDM,1,1,,B,1:U7ot0P01MP0C3s<OQ41gwD053<,0*61
\s:66,c:1782377497*4C\!AIVDM,1,1,,A,16:=03P00W8gQ7@AWNc04aW4053<,0*6C
\s:66,c:1782377497*4C\!AIVDM,1,1,,A,35N3gJP000Jrm0nH>ar@001p0000,0*7F
\g:1-2-5198748,s:66,c:1782377494*03\!AIVDM,2,1,8,A,55T=;R82BRCc<HEWV20<50F1DpUHE9<F22222216PhVCO5dQBJPk`12R,0*13
\g:2-2-5198748*63\!AIVDM,2,2,8,A,p88888888888880,2*64
\s:66,c:1782377498*43\!AIVDM,1,1,,B,16=q??hP005eSFh3vj@:BOw<0<18,0*6D
\s:66,c:1782377493*48\!AIVDM,1,1,,A,16:IBCU011`e<pJA8ub@f?vv0000,0*42
\s:66,c:1782377499*42\!AIVDM,1,1,,A,28SK4KhP027aip<609MMmww9JL5u,0*2F
\s:66,c:1782377499*42\!AIVDM,1,1,,A,19NSSOP1QLwwu`JFRbVc5Hn>00SE,0*74
\s:66,c:1782377498*43\!AIVDM,1,1,,B,13aIW?0PAFPC2DrMIWA:8GW8PHFc,0*12
\s:66,c:1782377500*43\!AIVDM,1,1,,B,36:7pG0P028KWlT=vc49bgv00000,0*02
\s:66,c:1782377500*43\!AIVDM,1,1,,A,16::vJ0009`850h=3T3N4:s>2=SL,0*55
\s:66,c:1782377500*43\!AIVDM,1,1,,A,ENkaRSLqK@@@@@@@@@@@@@@@@@@<W1Cw8Ihjp00003vP000,2*1A
\s:66,c:1782377480*4A\!AIVDM,1,1,,A,13aN4U0P1D0ClObMcWPnEwv`P8<6,0*4C
\s:66,c:1782377491*4A\!AIVDM,1,1,,B,16:dsB?0h08dJ9NB3?g68a?208CJ,0*31
\s:66,c:1782377500*43\!AIVDM,1,1,,A,6@2:Kn0nSJp@048j=h0000000000,0*09
\s:66,c:1782377496*4D\!AIVDM,1,1,,A,16:QgtP01J8KFM@FBuD48C=600SD,0*1C
\s:66,c:1782377503*40\!AIVDM,1,1,,A,28SNhf@P007b=fN5tMqLtgwB0@HW,0*17
\s:66,c:1782377502*41\!AIVDM,1,1,,,17ldN6EP007L`1L0UeNhm?w@0000,0*21
\s:66,c:1782377441*47\!AIVDM,1,1,,B,13aDrGPP00PCTOBMcgU7QgwB2HHI,0*2E
\s:66,c:1782377462*46\!AIVDM,1,1,,B,33aDrGPP00PCTOBMcgU7Qgv2232S,0*46
\s:66,c:1782377501*42\!AIVDM,1,1,,B,139oea00000eJDdN`kS<Q`OD0D6B,0*5A
\s:66,c:1782377501*42\!AIVDM,1,1,,B,1815TU20007JB>:0euTAT`K@053<,0*10
\s:66,c:1782377188*47\!AIVDM,1,1,,B,33a3Onm000PCg5LMcUjN45<pRE0b,0*51
\s:66,c:1782377501*42\!AIVDM,1,1,,B,14hHU20v1`1csgVEemBmOlG@0<5j,0*75
\s:66,c:1782377499*42\!AIVDM,1,1,,B,18I<kO0vC;7u<B@9e2Ihjha<08FW,0*36
\g:1-2-5198749,s:66,c:1782377438*04\!AIVDM,2,1,9,B,53aDA94000010W;S380@D<T8Dh0000000000001?8p?64t0Ht0h00000,0*66
\g:2-2-5198749*62\!AIVDM,2,2,9,B,000000000000000,2*2E
\s:66,c:1782377472*47\!AIVDM,1,1,,B,13aDqc@P18PC9R:Me<OL9OvFR53<,0*72
\s:66,c:1782377501*42\!AIVDM,1,1,,B,177nWBwP01`;oll<qj>rNOw@00RT,0*26
\s:66,c:1782377503*40\!AIVDM,1,1,,A,19u:TdQP?w<tSF0l4Q@>4?wv0d1f,0*0B
\s:66,c:1782377500*43\!AIVDM,1,1,,B,H5OIF84U7B=4000G4Apoqq10:330,0*2B
\s:66,c:1782377498*43\!AIVDM,1,1,,B,403sunAvad`kU8:wCj<qln700@FB,0*76
\s:66,c:1782377496*4D\!AIVDM,1,1,,A,144fqa0000285KT`JT2KV7E00PS7,0*56
\s:66,c:1782377499*42\!AIVDM,1,1,,A,13aDp2h001PBRDnMgBNPSHC<R53<,0*0A
\s:66,c:1782377499*42\!AIVDM,1,1,,,13drf401jRNPvs49MvDQ0ho:0000,0*2D
\s:66,c:1782377499*42\!AIVDM,1,1,,B,144gr3Q0h49L@QTHaDWHjU=<253<,0*7B
\s:66,c:1782377499*42\!AIVDM,1,1,,A,19NScV30013W8HD?I?N>4:M<253<,0*1A
\s:66,c:1782377498*43\!AIVDM,1,1,,A,33iAqFP0iV<alk7mn5k<q:Ip0000,0*18
\s:66,c:1782377500*43\!AIVDM,1,1,,B,34i:AP5000rASVp?CWe8?Rs:66,0*04
\g:1-2-5198750,s:66,c:1782377189*03\!AIVDM,2,1,0,A,53aGrp`000010GO7WD0l58<v10tht000000000003@B81udiN04Sm51D,0*4C
\g:2-2-5198750*6A\!AIVDM,2,2,0,A,Q0C@00000000000,2*46
\s:66,c:1782377492*49\!AIVDM,1,1,,A,13P=A3hvAw`W9odF6f4SiRnt0@Bu,0*01
\g:1-2-5198751,s:66,c:1782377499*06\!AIVDM,2,1,1,A,55P8@D42=NgiL8AL000t<D4r0MD58@T4p00000001Ht;70000>@CP@kl,0*7F
\g:2-2-5198751*6B\!AIVDM,2,2,1,A,U1Dp5h@00000000,2*58
\s:66,c:1782377500*43\!AIVDM,1,1,,A,13KB3d0vipPKmlRNi73IjGk:00SC,0*6B
\s:66,c:1782377495*4E\!AIVDM,1,1,,B,14aT4D0P00WJlb00gtuf4?w628Dq,0*63
\s:66,c:1782377499*42\!AIVDM,1,1,,B,333jtN700?0>98>MGNMaT7k:0000,0*25
\g:1-2-5198752,s:66,c:1782377500*04\!AIVDM,2,1,2,B,552NPsT000000000000lV04lu:0TT0000000000U1p:66400054QA5kk,0*3C
\g:2-2-5198752*68\!AIVDM,2,2,2,B,i80jE6@00000008,2*25
\s:66,c:1782377501*42\!AIVDM,1,1,,A,13aPOl@P00PF<sNMwnW>4?w>2@GH,0*33
\s:66,c:1782377500*43\!AIVDM,1,1,,B,D03sun@b@NfqN8Nfp0,4*2B
\s:66,c:1782377451*46\!AIVDM,1,1,,A,33aNcF0P1?PCiPdMdFU3;OwV2AkS,0*1B
\s:66,c:1782377501*42\!AIVDM,1,1,,B,73:j`l1RMpD`,0*07
\s:66,c:1782377502*41\!AIVDM,1,1,,A,17m@6sPP007aEEItQf;lUwwB2D27,0*27
\s:66,c:1782377502*41\!AIVDM,1,1,,A,15Me=nP000JA@Vv>s:66,0*01
\s:66,c:1782377487*4D\!AIVDM,1,1,,B,338i?T50000E2;PMTqFUkkDn0000,0*67
\s:66,c:1782377501*42\!AIVDM,1,1,,A,15O1VSg000JRgjpE3`I>4;1F0000,0*72
\s:66,c:1782377502*41\!AIVDM,1,1,,B,13P=A3hvQv`W:4<F6etkhRo>08HT,0*71
\s:66,c:1782377502*41\!AIVDM,1,1,,B,18SJs;@P0uWe6pR61Qr9Uwvd0H=@,0*26
\s:66,c:1782377499*42\!AIVDM,1,1,,B,13cs5k0037PTGctI1uhAqAS<0DA1,0*46
\s:66,c:1782377501*42\!AIVDM,1,1,,B,1815WJh0165<5n>:gmOlPCiB0@H2,0*27
\s:66,c:1782377502*41\!AIVDM,1,1,,A,13KPf3001:1TbNnRTfScf?v00000,0*09
\s:66,c:1782377497*4C\!AIVDM,1,1,,B,13cltm032?QBOM`HI@oPd0U:88Eh,0*26
\s:66,c:1782377502*41\!AIVDM,1,1,,A,13ku<6P030Ou@B@ENup`r75F053<,0*79
\s:66,c:1782377502*41\!AIVDM,1,1,,A,33m>oO001n0I0GPQntor8WuD01;@,0*26
\s:66,c:1782377499*42\!AIVDM,1,1,,A,33aI=O@P@WPEhd8N00a4TR;b01wP,0*38
\s:66,c:1782377502*41\!AIVDM,1,1,,B,15Mtu:0000oRUQ:CCGgJObcD0L2k,0*11
\s:66,c:1782377501*42\!AIVDM,1,1,,A,B47>d`P008E1r`8O88d000N00000,0*0E
\s:66,c:1782377501*42\!AIVDM,1,1,,A,B7lcaEP009o;?dP9QVD03wl4kP06,0*25
\s:66,c:1782377500*43\!AIVDM,1,1,,A,155G7d@P00QcrsvEf9wLs?w@2<55,0*02
\g:1-2-5198753,s:66,c:1782377501*04\!AIVDM,2,1,3,B,59NSS>l2=`WPCEEO>204mF0`4lDDj22222222216@H@;<5dVhBBiC0EH,0*22
\g:2-2-5198753*69\!AIVDM,2,2,3,B,888888888888880,2*24
\s:66,c:1782377314*40\!AIVDM,1,1,,B,33aJHnUP01PD2EnMgd8v4?w4RDWb,0*4A
\s:66,c:1782377470*45\!AIVDM,1,1,,B,13aDp9@P00PCL1HMcqw4G?vDR53<,0*43
\s:66,c:1782377452*45\!AIVDM,1,1,,B,33aDp9@P00PCL1HMcqw4G?wVR05i,0*04
\s:66,c:1782377503*40\!AIVDM,1,1,,A,16:8s7PP1K`hgvhAJ<75IwwD2<3`,0*09
\s:66,c:1782377501*42\!AIVDM,1,1,,A,37PCsN000Pbu<JQhF7Ci6hkB00nP,0*26
\g:1-3-5198754,s:66,c:1782377501*02\!AIVDM,3,1,4,A,802UaTh0D<00000D<2E6L0jcF@5w4L00000=<2E4OPja8rdw4L00000=,0*60
\g:2-3-5198754*6F\!AIVDM,3,2,4,A,@2E7<hjWPdSw4L00000=D2E5ghjWoPfw4L00000=H2DOq0jbi<<w0<00,0*5A
\g:3-3-5198754*6E\!AIVDM,3,3,4,A,000=L2DNIhis@@0w00,4*13
\s:66,c:1782377502*41\!AIVDM,1,1,,B,19NSml002f1?N3MdS03StkE@00Rw,0*03
\s:66,c:1782377498*43\!AIVDM,1,1,,B,37P2:h0Ohtbu7?mhECMH<Va600`0,0*06
\s:66,c:1782377501*42\!AIVDM,1,1,,A,404k0uAvad`k`bvnQqhCK4W00HGg,0*50
\s:66,c:1782377502*41\!AIVDM,1,1,,A,14`UviPvA`7JimL0eU5I7W;B053<,0*54
\s:66,c:1782377502*41\!AIVDM,1,1,,A,13:b9n0tQGwU1hJKp0nH86KD0<1B,0*1B
\s:66,c:1782377496*4D\!AIVDM,1,1,,B,B39PeW00005liS7Wt>OQ3wiQjDer,0*1D
\s:66,c:1782377496*4D\!AIVDM,1,1,,B,13=S9d001uOmp=bLU=IS5jK4053<,0*49
\s:66,c:1782377493*48\!AIVDM,1,1,,B,1815Q8001g0rr4dE0WUTR3a000SN,0*79
\s:66,c:1782377498*43\!AIVDM,1,1,,B,13IF2<0P0T0DOe:Hj56rD?w<2@FD,0*55
\s:66,c:1782377499*42\!AIVDM,1,1,,B,13l3nvE01;0D9g<MdS2BVj3@0@G6,0*4D
\s:66,c:1782377492*49\!AIVDM,1,1,,B,13Ic5n7P1BO`6nJL=lCm3Ow220Rn,0*4B
\s:66,c:1782377495*4E\!AIVDM,1,1,,A,B3MB=JP016rDPW249b0QSwiUoP06,0*64
\s:66,c:1782377498*43\!AIVDM,1,1,,A,18I01V0001WJvU60gAn1jqA800SQ,0*11
\s:66,c:1782377499*42\!AIVDM,1,1,,A,ENjVGSS3TVaWRdab90bVQ9:PP00@PW5MCQsc000000BfMP,4*0B
\s:66,c:1782377499*42\!AIVDM,1,1,,A,13P:jsP01A06D8FF9g`=Cbi<2000,0*48
\s:66,c:1782377498*43\!AIVDM,1,1,,A,B8HtLOP019nVn40;?22Gswk4kP06,0*7C
\s:66,c:1782377496*4D\!AIVDM,1,1,,A,B7lddT@00:6;urOpKnRRwwP4kP06,0*58
\s:66,c:1782377500*43\!AIVDM,1,1,,B,16oa=r0P014391p>1ve59gw80hFQ,0*0A
\s:66,c:1782377501*42\!AIVDM,1,1,,B,139g`TgP010ee1lN`iJI>wwB2@H1,0*25
\s:66,c:1782377502*41\!AIVDM,1,1,,A,13ku15P0293U6oWj>Fm29im@0D06,0*7F
\s:66,c:1782377501*42\!AIVDM,1,1,,B,13m9FeP00<0KW?VSd569aoW800RR,0*15
\g:1-2-5198755,s:66,c:1782377500*03\!AIVDM,2,1,5,A,53V>o@40?F`m=H7KKO0l58h4000000000000000U4H>37000086PBnCU,0*66
\g:2-2-5198755*6F\!AIVDM,2,2,5,A,23lh00000000000,2*24
\s:66,c:1782377500*43\!AIVDM,1,1,,B,13aKVlPP000ElWRN00sN4?w>08GJ,0*1F
\s:66,c:1782377503*40\!AIVDM,1,1,,A,ENl5A3LJHK@40Wh@@@@@@@@@@@@4><MM6w4lp00003v010,4*57
\s:66,c:1782377500*43\!AIVDM,1,1,,B,19t6QiH01K1cT:nFFi=kRBkB00RO,0*1C
\s:66,c:1782377502*41\!AIVDM,1,1,,B,13aN3mhP1N0BIhtMKD@E<gwD053<,0*13
\s:66,c:1782377502*41\!AIVDM,1,1,,A,18SK58hP1;Wb3?v5r2m19PU@20S<,0*7F
\s:66,c:1782377503*40\!AIVDM,1,1,,A,144`Tp0001R:HPjRA1T>41WD2@I8,0*15
\g:1-2-5198756,s:66,c:1782377499*01\!AIVDM,2,1,6,B,5815SGH2Ew4MKL7K3OE=@V0l4LT>22222222221@B`R:F5dD0L@EH0U0,0*17
\g:2-2-5198756*6C\!AIVDM,2,2,6,B,`88888888888880,2*79
\s:66,c:1782377496*4D\!AIVDM,1,1,,A,35O4r2P006I=@=<@v0EF@1op0000,0*23
\s:66,c:1782377498*43\!AIVDM,1,1,,B,19NSsB001WPU8BDNdttUeDS:2PSA,0*1B
\s:66,c:1782370977*48\!AIVDM,1,1,,B,H698QNi4TpL@T4w?G>222222220,2*53
\s:66,c:1782377498*43\!AIVDM,1,1,,B,H698QNlN6DejkiiPPPPPPP0p622H,0*1F
\s:66,c:1782377498*43\!AIVDM,1,1,,B,13m:iH0P000Pa=4SijG`C?w80D0M,0*74
\s:66,c:1782377497*4C\!AIVDM,1,1,,A,33K?O`10001jmqHE<Nr8mmwp0000,0*09
\s:66,c:1782377498*43\!AIVDM,1,1,,A,16=q?=8P005eOgn3v7`f4?w<00SB,0*34
\s:66,c:1782377499*42\!AIVDM,1,1,,B,139a8jP000Pe@7TN`dj7fpU60HFp,0*77
\s:66,c:1782377500*43\!AIVDM,1,1,,A,19N`2r001qrWB<@DtQG<lrC>2<2I,0*17
\s:66,c:1782377498*43\!AIVDM,1,1,,B,133gQf000009pp:G`T;`Bnm:00S2,0*45
\s:66,c:1782377493*48\!AIVDM,1,1,,A,19NSD`h01:8PwhPF:aPT8kHv0@C8,0*1C
\s:66,c:1782377453*44\!AIVDM,1,1,,B,13aKW;wP00PCRBfMkp5P0?wb2<2o,0*59
\s:66,c:1782377499*42\!AIVDM,1,1,,A,17lcds@P00`FfW=wB5Q@0?w<28G=,0*27
\s:66,c:1782377484*4E\!AIVDM,1,1,,A,33aDAB50020CJjPMcp@6RaFf0000,0*3F
\s:66,c:1782377494*4F\!AIVDM,1,1,,A,339jN;0P0i0oHU4O1G6UmlI4011h,0*31
\s:66,c:1782377501*42\!AIVDM,1,1,,A,4030ojAvad`karpf5RJjdN7000S:,0*1B
\s:66,c:1782377500*43\!AIVDM,1,1,,A,33u=H9000o1Ct7VQvd?WRV3p0000,0*4B
\s:66,c:1782377502*41\!AIVDM,1,1,,A,38Stl9wP0P7eIPF5s?EjKOv@2000,0*73
\g:1-2-5198757,s:66,c:1782377497*0E\!AIVDM,2,1,7,A,53K?O`400003TP;?S?0<51@r0pT<d0000000000000022000001k6APA,0*5E
\g:2-2-5198757*6D\!AIVDM,2,2,7,A,0H3@DRCPH=00000,2*58
\s:66,c:1782377502*41\!AIVDM,1,1,,B,1815@uPwAhq=KFV@sFeUdTW>0D<P,0*00
\s:66,c:1782377502*41\!AIVDM,1,1,,A,402R3c1vad`kb0pf1pPcHbG00@I:,0*33
\s:66,c:1782377499*42\!AIVDM,1,1,,A,33WDlw0000wVp:RDRaWiV4;80Co=,0*1E
\s:66,c:1782377501*42\!AIVDM,1,1,,B,E>kb:Ew0Wh@@@@@@@@@@@@@@@@@;`<m`=fW=P00003vP10,4*0B
\s:66,c:1782377501*42\!AIVDM,1,1,,A,13Egq?SP0007soRGUCa>4?w@053<,0*3A
\s:66,c:1782377498*43\!AIVDM,1,1,,A,13aPN10P00PDE<jMd0sf4?w620S@,0*5A
\s:66,c:1782377501*42\!AIVDM,1,1,,B,16:BJb00008UmKhEurJF<SSB0<3M,0*13
\s:66,c:1782377497*4C\!AIVDM,1,1,,B,334>N<0PAOP@HKpMK>@Bw1m800WP,0*7E
\s:66,c:1782377501*42\!AIVDM,1,1,,B,334>N<0PAJP@HR0MK>I2rQqB00T0,0*3B
\s:66,c:1782377498*43\!AIVDM,1,1,,B,198o7lP01lvff;B89WLeh;7<0@FH,0*4A
\s:66,c:1782377499*42\!AIVDM,1,1,,A,13c2?80wh00Js=FE4Gme1Pq>053<,0*05
\s:66,c:1782377498*43\!AIVDM,1,1,,A,13`k>j?000QhoK4R1PP;ikm:0<26,0*58
\s:66,c:1782377499*42\!AIVDM,1,1,,A,16K72@020l8l0<BAJ769RGbP00RQ,0*7C
\s:66,c:1782377500*43\!AIVDM,1,1,,A,36;:4JPOiD`iIvrA2b`npEA221>0,0*7E
\s:66,c:1782377500*43\!AIVDM,1,1,,A,406cnsQuJl`kWswj75crRoA020S:,0*6E
\s:66,c:1782377496*4D\!AIVDM,1,1,,A,1569>f?P01WJtpF0gLav4?vt2<6B,0*3B
\s:66,c:1782377497*4C\!AIVDM,1,1,,A,1779:100202lE<GfQrqjgB=40D0D,0*35
\s:66,c:1782377498*43\!AIVDM,1,1,,A,15NBdBP000JQO<tFM8T7UjE>0<2C,0*1D
\s:66,c:1782377500*43\!AIVDM,1,1,,B,33KuE>002gQEkWlPD9gi=@s>00US,0*64
\s:66,c:1782377499*42\!AIVDM,1,1,,A,19NSalP02C2BSqLB8QDU?4=:0@Fi,0*58
\s:66,c:1782377495*4E\!AIVDM,1,1,,B,B3:5=D000h64BbV<A5SQ3wiQh0T@,0*74
\s:66,c:1782377495*4E\!AIVDM,1,1,,A,13aF1F8P0p0gOJ6O?@;8=gw60t1Q,0*34
\s:66,c:1782377403*41\!AIVDM,1,1,,A,33aC22mP000BqHPMf@u00?v40DJr,0*0D
\s:66,c:1782377501*42\!AIVDM,1,1,,B,139c:SPP000VqOHNQn7;8?w>0<2C,0*4A
\s:66,c:1782377502*41\!AIVDM,1,1,,B,18W0Qd0wAO`klo:A@el7eEs@2L3w,0*13
\s:66,c:1782377502*41\!AIVDM,1,1,,A,B8StIhP089sHLe1NS9TlkwV73P00,0*1A
\g:1-2-5198758,s:66,c:1782377225*0E\!AIVDM,2,1,8,B,53aL=FT000010=5J220PE8=DhE>2Q0ThuA>V220j1h73372@04nUjBSQ,0*79
\g:2-2-5198758*62\!AIVDM,2,2,8,B,4Q@j58888888888,2*65
\s:66,c:1782377499*42\!AIVDM,1,1,,A,16:dv:02@0`WdPnDahG@2Bg<00S8,0*26
\s:66,c:1782377501*42\!AIVDM,1,1,,A,170bJb0P01SmpF:>?wDi9gw@2D<P,0*21
\s:66,c:1782377502*41\!AIVDM,1,1,,B,139IL1PP1>PeH<hN`H;TmgwB053<,0*30
\s:66,c:1782377497*4C\!AIVDM,1,1,,B,16:BFr00008fCdrAglvIJjmqC000,0*5F
\s:66,c:1782377501*42\!AIVDM,1,1,,A,15O8`jPP?w<tSF0l4Q@>4?wB0d21,0*64
\s:66,c:1782377499*42\!AIVDM,1,1,,A,13aEQ?UP0sPEvcPN2?Mlsww>2D6W,0*40
\s:66,c:1782377495*4E\!AIVDM,1,1,,B,4h2E:wAvad`kRPG6I>NBHt?02<7L,0*34
\s:66,c:1782377502*41\!AIVDM,1,1,,B,19NSv;@2R@KBGGp6;KFcOa9D0@HS,0*3F
\s:66,c:1782377501*42\!AIVDM,1,1,,B,91mg=5DQQ;PCtP8I5h:Ijr02053<,0*28
\s:66,c:1782377503*40\!AIVDM,1,1,,A,13mrtv00000IW6rQepQU;HkF00RL,0*53
\s:66,c:1782377499*42\!AIVDM,1,1,,B,H52eD>4U653400000000001@9330,0*68
\s:66,c:1782377503*40\!AIVDM,1,1,,A,H6:4bWP@4v0`V37622222222220,2*37
\s:66,c:1782377503*40\!AIVDM,1,1,,B,H6:4bWUN6DejjhiPPPPPPP68>56H,0*46
\s:66,c:1782377482*48\!AIVDM,1,1,,A,13titN`51:0BSo8Mam;rnHlb0<28,0*0D
\s:66,c:1782377412*41\!AIVDM,1,1,,B,33titN`31j0BUNdMalC:n`dD00vC,0*25
\s:66,c:1782377474*41\!AIVDM,1,1,,B,133ga6U000PC`v8Md3rf45vLR0R6,0*4F
\s:66,c:1782377454*43\!AIVDM,1,1,,B,333ga6U000PC`v>Md3rN461bR5Wk,0*54
\s:66,c:1782377480*4A\!AIVDM,1,1,,A,13aEQKhP15PE8N@Md?D4T?vRR@<?,0*3D
\s:66,c:1782377501*42\!AIVDM,1,1,,B,134;Jp0ujAPA4AnMIFs5>45@8HH:,0*0F
\s:66,c:1782377498*43\!AIVDM,1,1,,B,B52L8<P006`NSm5Th1;Q3wk1h000,0*4A
\s:66,c:1782377500*43\!AIVDM,1,1,,B,18:vni0P018`7:P8Dm=`CwwD2U3<,0*20
\g:1-2-5198759,s:66,c:1782377503*0C\!AIVDM,2,1,9,B,539IL1T00000@CC3;D1M??L0000000000000001S0h<235I<0020C@UD,0*2B
\g:2-2-5198759*63\!AIVDM,2,2,9,B,Qh0000000000000,2*17
\s:66,c:1782377503*40\!AIVDM,1,1,,B,1773S2001L8485P8Udf8k73B08I5,0*64
\s:66,c:1782377503*40\!AIVDM,1,1,,B,34hV@l0P@40:0@vGbqljQncH00tA,0*5B
\s:66,c:1782377500*43\!AIVDM,1,1,,B,13aEP68P00PGCFLNOg1f4?w@2<27,0*55
\s:66,c:1782377502*41\!AIVDM,1,1,,A,33bRs>5P00PEpfDNCK`N4?wB2Db:,0*01
\s:66,c:1782377498*43\!AIVDM,1,1,,A,16?bDP800JTw8ot=0qc4uku82@Ep,0*25
\s:66,c:1782377499*42\!AIVDM,1,1,,B,139EPnPP000WuMTNHuFIRww:P8Ff,0*32
\s:66,c:1782377248*48\!AIVDM,1,1,,A,33aL?AUP00PCDc4MdDm>4?vp2DLr,0*0B
\s:66,c:1782377346*47\!AIVDM,1,1,,B,H3a0hV05H4htr22222222222220,2*26
\s:66,c:1782377466*42\!AIVDM,1,1,,B,H3a0hV4U2P00070@3lllkP0h522c,0*2F
\s:66,c:1782377501*42\!AIVDM,1,1,,A,15SCoT002I8e@4V?=4AGsnA<0D0U,0*4C
\s:66,c:1782377495*4E\!AIVDM,1,1,,A,14eJIIh001o<gUVL=;1pSq720D6v,0*7A
\s:66,c:1782377500*43\!AIVDM,1,1,,A,B3JI59@008@WgMU8UhO;swkUoP06,0*3A
\s:66,c:1782377501*42\!AIVDM,1,1,,A,B39FF8P0:h@U?DWsrm5DKwl5kP06,0*18
\s:66,c:1782377501*42\!AIVDM,1,1,,A,13l3tw@vhv7K9w00c>oqmGa@0@HP,0*42
\s:66,c:1782377502*41\!AIVDM,1,1,,A,B62AUm@001a4ljS<A8ElaMDP2h06,0*60
\s:66,c:1782377500*43\!AIVDM,1,1,,A,13c6987P0RPFON@NH64sT?w@2D1M,0*03
\s:66,c:1782377503*40\!AIVDM,1,1,,B,19NSK`P01t1vs:66,0*14
\s:66,c:1782377501*42\!AIVDM,1,1,,B,177nWNP03;8;=ip<q14kiC1F0HH=,0*5F
\s:66,c:1782377503*40\!AIVDM,1,1,,B,17PB=D0P00blE7EjG?6>4?wF2D0c,0*14
\s:66,c:1782377503*40\!AIVDM,1,1,,B,ENj5wS1W9:FUq00000000000000@6nw1>gdI@00003v010,4*48
\s:66,c:1782377497*4C\!AIVDM,1,1,,A,337g=0005E1imi4EMuh:VHOp0000,0*6D
\s:66,c:1782377495*4E\!AIVDM,1,1,,A,15CW>d001g8WP<H6mBR=u;<v00RW,0*06
\s:66,c:1782377500*43\!AIVDM,1,1,,A,34cag05001wj0:JHkla=IHi>0Dbr,0*0C
\g:1-2-5198760,s:66,c:1782377497*0A\!AIVDM,2,1,0,A,537g=042;`R3D8I;@00<P4m0Ttr0`EB340000000000==0000044kD3R,0*45
\g:2-2-5198760*69\!AIVDM,2,2,0,A,DjCT4l000000000,2*45
\s:66,c:1782377501*42\!AIVDM,1,1,,A,19N`2tP2jFPAj8RMH`SqWGkR88H=,0*02
\s:66,c:1782377501*42\!AIVDM,1,1,,A,13bKJh00j>O`Aj`LIhiqc7e@0HHE,0*6E
\s:66,c:1782377502*41\!AIVDM,1,1,,A,13IV8b30000:UhBMF<f4i6oD053<,0*0C
\s:66,c:1782377499*42\!AIVDM,1,1,,B,35OF?6PPASJdul>GA6<LGIo<00t0,0*61
\g:1-2-5198761,s:66,c:1782377473*01\!AIVDM,2,1,1,B,53aEQmT000010S;G740=84pF0858LF3F0000001S4@851t0000TSm51D,0*49
\g:2-2-5198761*68\!AIVDM,2,2,1,B,Q0CH88888888880,2*4C
\s:66,c:1782377474*41\!AIVDM,1,1,,A,13aEQmPP1@PCQmjMcH?K3wvD2D7M,0*60
\s:66,c:1782377413*40\!AIVDM,1,1,,A,13aI9EhP140EI8FMbAS6t?vJ0538,0*7D
\s:66,c:1782377498*43\!AIVDM,1,1,,A,35960pG000HHv`d=B96e=5op0000,0*68
\s:66,c:1782377503*40\!AIVDM,1,1,,A,15Vckp0P03Pn?8Ku@jl:FgwD2<0u,0*4D
\s:66,c:1782377469*4D\!AIVDM,1,1,,A,13aIk=7P0l0BRRhMc4S6=OvB053<,0*48
\s:66,c:1782377502*41\!AIVDM,1,1,,B,1:U7IKpP00tcvH=jCR;f4?wB2HHG,0*17
\s:66,c:1782377501*42\!AIVDM,1,1,,B,B5`V>8h00>n1q:R`L2sQ3wl1t000,0*13
\s:66,c:1782377496*4D\!AIVDM,1,1,,B,34h@:G002D08T32F?r01aiLv01rA,0*56
\s:66,c:1782377503*40\!AIVDM,1,1,,B,33:jEB50000BFAhMfhOTsCuB0DOJ,0*44
\s:66,c:1782377502*41\!AIVDM,1,1,,A,33m7faP0000kGFpU6LQ@0:sp0000,0*06
\s:66,c:1782377501*42\!AIVDM,1,1,,A,D028is@flffp,0*78
\s:66,c:1782377501*42\!AIVDM,1,1,,A,13`fJDh001PEpT4NE2`4gIo@0L<=,0*61
\s:66,c:1782377498*43\!AIVDM,1,1,,,13IlbF000:sVFd666;OBu3I:0000,0*5C
\s:66,c:1782377501*42\!AIVDM,1,1,,A,Evja5Ei1000?RP0000000000000Leb5P5E7HH00003o010,4*0B
\s:66,c:1782377503*40\!AIVDM,1,1,,A,B8SOCC@009s@RuQNW0=loweVSP06,0*2A
\s:66,c:1782377503*40\!AIVDM,1,1,,A,403t?k1vad`kb8LLS<=s2So00<9w,0*7F
\s:66,c:1782377497*4C\!AIVDM,1,1,,A,35Rj?>5wh0SU2iL?GG?kOHq60Cvb,0*5E
\s:66,c:1782377497*4C\!AIVDM,1,1,,A,19NSd4002FNf@pr<4oW@u0i:0HEp,0*56
\s:66,c:1782377497*4C\!AIVDM,1,1,,A,169E43@P00`fwg0ADJq>4?w:20Ra,0*1B
\s:66,c:1782377498*43\!AIVDM,1,1,,A,16<jUr00R47Ofa40uspi6hu800S?,0*2D
\s:66,c:1782377499*42\!AIVDM,1,1,,A,1343:ePP34PChQ8MDo8rqgw<2@Fl,0*40
\s:66,c:1782377498*43\!AIVDM,1,1,,A,19NSP6h01H`gl5vAkD3KjqS82HEu,0*70
\s:66,c:1782377498*43\!AIVDM,1,1,,B,B69LBoP08r;lw54Kp3a=SwiVSP06,0*48
\s:66,c:1782377499*42\!AIVDM,1,1,,B,144j;GP0?w<tSF0l4Q@>41wv0pG2,0*01
\g:1-2-5198762,s:66,c:1782377308*09\!AIVDM,2,1,2,A,53eqQV82E48gTP7K;KA84r0puH6222222222220l1p?6555;0<4Sm51D,0*34
\g:2-2-5198762*6B\!AIVDM,2,2,2,A,Q0CH88888888880,2*4C
\s:66,c:1782377498*43\!AIVDM,1,1,,B,18uE?<7000QDF=sdVCE>41K:2L18,0*0C
\s:66,c:1782377499*42\!AIVDM,1,1,,A,144eT650Ow<tSF0l4Q@>49ov0PSb,0*72
\s:66,c:1782377498*43\!AIVDM,1,1,,A,13=FIB0028PR5@rGEJ>a27?080Sl,0*71
\s:66,c:1782377494*4F\!AIVDM,1,1,,B,138pon31hK0L<=0Nrw4ra`S60d3T,0*58
\s:66,c:1782377500*43\!AIVDM,1,1,,A,18Hw1d800l7L6Ph0k2N8O0o@0HGd,0*70
\s:66,c:1782377442*44\!AIVDM,1,1,,B,33aDqJUP00PD3=DMgUW@0?wDRCrb,0*35
\s:66,c:1782377501*42\!AIVDM,1,1,,B,13bgOr700QPEOkfNBr;G5mO>0D1U,0*15
\s:66,c:1782377397*4B\!AIVDM,1,1,,A,33eqQV50000D2arMdsJMh:Wh0EFb,0*04
\g:1-2-5198763,s:66,c:1782377501*07\!AIVDM,2,1,3,A,58158d42Aq@1KM<GB20D<v09E<PHU8F222222216BHLB;5d90IAAp10C,0*5D
\g:2-2-5198763*6A\!AIVDM,2,2,3,A,H88888888888880,2*57
\s:66,c:1782377502*41\!AIVDM,1,1,,B,19NSk<P01VWNr6@0tBtWHUoD0@HP,0*06
\s:66,c:1782377502*41\!AIVDM,1,1,,B,I614Ol2H5AdaIhfvNL;PvTv0b06r,0*5D
\g:1-2-5198764,s:66,c:1782377214*03\!AIVDM,2,1,4,B,53MCWHH0?fE0m1ACF211E9E>1@TLE9>37S?V220`1`>375dW:5SS82BS,0*40
\g:2-2-5198764*6D\!AIVDM,2,2,4,B,H??OR2n`8888880,2*4A
\s:66,c:1782377500*43\!AIVDM,1,1,,B,16:BB;P2AE8QQdbF80Dlhkq@0<>c,0*7E
\s:66,c:1782377487*4D\!AIVDM,1,1,,A,13MCWH@02qPB?rdMrSI5>l<n0D57,0*5B
\s:66,c:1782377501*42\!AIVDM,1,1,,A,339OTLP000Pe=mTN`V2Cr:3:00?3,0*5D
\s:66,c:1782377503*40\!AIVDM,1,1,,A,18LBg40P0oWKS8P0e?u9:wwH253<,0*36
\s:66,c:1782377493*48\!AIVDM,1,1,,B,34cM6fP027OVsK8DT@ijgj940@O=,0*71
\s:66,c:1782377499*42\!AIVDM,1,1,,A,17mRNA8vhe`FeV7w@K?Edlc:20Sb,0*15
\g:1-2-5198765,s:66,c:1782377497*0F\!AIVDM,2,1,5,A,5815Ojp2DIMuKL7CSODlD@U@E984pD4r1=0U8UA6BhMD:5Uj0Il3lU83,0*6B
\g:2-2-5198765*6C\!AIVDM,2,2,5,A,@CPE1AH88888880,2*37
\s:66,c:1782377499*42\!AIVDM,1,1,,A,1:LR13hP00KlpRqd;dd00?w>2<1A,0*2A
\s:66,c:1782377497*4C\!AIVDM,1,1,,A,34hIhl10000P:dRHr7a5IS760000,0*2B
\s:66,c:1782377466*42\!AIVDM,1,1,,A,13MCWHP009PB3r@Msa4aJPd60@3f,0*28
\s:66,c:1782377501*42\!AIVDM,1,1,,A,15OGHP000FrdT?lG@ve;vJ1@0D4;,0*4C
\s:66,c:1782377497*4C\!AIVDM,1,1,,A,15NbpOP000rdqePGAuO7@W3:00Sd,0*21
\s:66,c:1782377501*42\!AIVDM,1,1,,A,33uDiA0000QAqI6QtNVN4:eB22v0,0*3D
\s:66,c:1782377500*43\!AIVDM,1,1,,B,15?>ab0P2<Wg6kp9j`JV44m<0000,0*2E
\s:66,c:1782377502*41\!AIVDM,1,1,,B,18LHij80291ejHAd;jA:786L0@HD,0*58
\s:66,c:1782377398*44\!AIVDM,1,1,,A,33j2N`0P1QPCMChMlN5eR?wj20=Q,0*04
\s:66,c:1782377500*43\!AIVDM,1,1,,A,B7mRNA00:r5cIQOl6kIK7wl2T<1`,0*3E
\s:66,c:1782377502*41\!AIVDM,1,1,,B,169G72001hNWhGR;A9EA1Pm@0D1s,0*59
\s:66,c:1782377502*41\!AIVDM,1,1,,B,36:9WEQ0008gF98A8fAlr3E>0000,0*40
\s:66,c:1782377502*41\!AIVDM,1,1,,A,33M@T70006OkOfDMN5K18QCp0000,0*11
\s:66,c:1782377499*42\!AIVDM,1,1,,B,144dMgPP002:BLbR@cHo3gw>053<,0*7F
\s:66,c:1782377499*42\!AIVDM,1,1,,B,13KEF`03QwWJt=R0aoFIHoW>00SP,0*50
\s:66,c:1782377499*42\!AIVDM,1,1,,B,19NSm:PujH5Q1vT4KL7TlCq800Rn,0*1D
\g:1-2-5198766,s:66,c:1782377499*02\!AIVDM,2,1,6,B,5815Vu`2E2b1KL7O3CDpu8B1E@u0T62222222216EHL:F5b3N?0kS4k`,0*73
\g:2-2-5198766*6F\!AIVDM,2,2,6,B,?g`0kVSlp888880,2*63
\s:66,c:1782377500*43\!AIVDM,1,1,,B,36K2rji000ajTGhD4Re5`lc:0391,0*44
\s:66,c:1782377498*43\!AIVDM,1,1,,A,13ma6j7000PhKuhQ1`7qVIa>0HFc,0*46
\s:66,c:1782377499*42\!AIVDM,1,1,0,A,35NfU3U000nGO1dQIwj9Qjk40T`9,0*6D
\s:66,c:1782377497*4C\!AIVDM,1,1,,A,33P85H7P0KwTpLDQB4q251C40000,0*63
\s:66,c:1782377495*4E\!AIVDM,1,1,,B,13I1@A7P00Or=tfLGqjh0?w600S;,0*75
\s:66,c:1782377493*48\!AIVDM,1,1,,A,H8:WMQ@PtpLH77GP00000000000,2*12
\s:66,c:1782377493*48\!AIVDM,1,1,,A,H8:WMQE600000004E5lmnh=8F<;0,0*53
\s:66,c:1782377499*42\!AIVDM,1,1,,B,1815J2@P01P5r8J3LMSv4?w>2D1a,0*57
\s:66,c:1782377493*48\!AIVDM,1,1,,A,377ON9002E0BJ12GcdAI;WIp0000,0*7C
\s:66,c:1782377499*42\!AIVDM,1,1,,B,177ON9002MPBIp8Gccd9=7HR053<,0*40
\s:66,c:1782377500*43\!AIVDM,1,1,,B,13wmkL0019P>`wrMdK1Ruww>00S7,0*37
\s:66,c:1782377493*48\!AIVDM,1,1,,B,ENl5o9<Q4;h97bb2h77WHh@@@@@D?TI0;43rh00003r010,4*4C
\s:66,c:1782377500*43\!AIVDM,1,1,,B,B7OktNP00:fwP4LHKDsQ3wkQnDNJ,0*28
\s:66,c:1782377496*4D\!AIVDM,1,1,,A,33P<jah000JRab<E68:5S9qp0000,0*11
\s:66,c:1782377501*42\!AIVDM,1,1,,B,13@noK8000PhBe2PoO@dWG;>0@HD,0*35
\s:66,c:1782377495*4E\!AIVDM,1,1,,B,15?dQGh22:8eLUJ?@`hH1nE208D9,0*52
\s:66,c:1782377500*43\!AIVDM,1,1,,A,403t7hAvad`k`8ivMjA?SQO0053<,0*6A
\s:66,c:1782377499*42\!AIVDM,1,1,,B,18Ik0J0P357LFgR0c3jG<gw:053<,0*4B
\s:66,c:1782377476*43\!AIVDM,1,1,,B,13`ho30P010CG0<MdBhVngvL053<,0*46
\s:66,c:1782377503*40\!AIVDM,1,1,,B,15NhUn0000rdqjLGAuLkj`=D00SV,0*5F
\s:66,c:1782377495*4E\!AIVDM,1,1,,B,13P<jah000rRab:E68:5Raq400S>,0*5E
\s:66,c:1782377503*40\!AIVDM,1,1,,A,13Ef96=P0;P<oW@GfrP84?wD20S8,0*10
\s:66,c:1782377502*41\!AIVDM,1,1,,A,15MmdI<01=JdDfrG?Qn07@9B00T7,0*49
\s:66,c:1782377499*42\!AIVDM,1,1,,B,185KO3PP0:7KNmR0ejKiLww>08Fr,0*7A
\s:66,c:1782377502*41\!AIVDM,1,1,,B,1815arE0?w<tSF0l4Q@>45Ev0U3<,0*44
\s:66,c:1782377498*43\!AIVDM,1,1,,B,H5`V@UDTCBD8r9=J:<knhk106440,0*2D
\s:66,c:1782377500*43\!AIVDM,1,1,,,147GUl001M1cMTFQQ:K:LpM@1000,0*21
\s:66,c:1782377481*4B\!AIVDM,1,1,,A,13apHT300>PAnudMgg42Mil`00SA,0*3B
\s:66,c:1782377502*41\!AIVDM,1,1,,A,19NSi>h1S;4oLuivT5pjpRA>08HK,0*05
\s:66,c:1782377494*4F\!AIVDM,1,1,,A,15Mtir0P00oWkc0Be2kf4?w42000,0*32
\s:66,c:1782377502*41\!AIVDM,1,1,,B,13V?b2001uWIgHL0dU9c38iF053<,0*52
\s:66,c:1782377498*43\!AIVDM,1,1,,,B5O4QPP00K=pDuMVaKwQ3wk1l000,0*58
\s:66,c:1782377502*41\!AIVDM,1,1,,A,13JMDd00@11w;@LGI=r<UV?F053<,0*0E
\s:66,c:1782377497*4C\!AIVDM,1,1,,A,15?da5h01w09=wTE:ECRn2Ej053<,0*76
\s:66,c:1782377500*43\!AIVDM,1,1,,B,15ODal0000rQTo8FBMC5klE>053<,0*4E
\s:66,c:1782377493*48\!AIVDM,1,1,,A,H3l96V0<DHD6222222222222220,2*28
\s:66,c:1782377493*48\!AIVDM,1,1,,A,H3l96V4U1=303bSq82onio1hC24t,0*10
\s:66,c:1782377503*40\!AIVDM,1,1,,A,15N:`I0000rdOsrG@Cv`qUeH0<3R,0*11
\s:66,c:1782377503*40\!AIVDM,1,1,,A,19NSr`@0Bl;6R@4G9D=:e`S@053<,0*75
\s:66,c:1782377499*42\!AIVDM,1,1,,B,18Ulf8001vr5Oi:=pv8kRBk@0@GH,0*7B
\s:66,c:1782377499*42\!AIVDM,1,1,,A,16K8<N0000NqIb:@6ap;78M:0@Fm,0*71
\s:66,c:1782377495*4E\!AIVDM,1,1,,A,19NSu<P00IOa;6PDfA;=?bg6053<,0*73
\s:66,c:1782377499*42\!AIVDM,1,1,,B,19NSi?@02Q:;no>D<P1b1ou:0HG4,0*2A
\s:66,c:1782377498*43\!AIVDM,1,1,,A,38156Vi0014vRVF<u>UrPoO80Dg:,0*20
\s:66,c:1782377499*42\!AIVDM,1,1,,A,17licepP007LWvH0Uf100?w20D9p,0*64
\s:66,c:1782377497*4C\!AIVDM,1,1,,B,133v;;PP00P:n98M==n;kww<RHEm,0*1A
\s:66,c:1782377499*42\!AIVDM,1,1,,B,H3UTmJ4UCBD8IQHCF2mqni3@:44t,0*25
\s:66,c:1782377499*42\!AIVDM,1,1,,A,14`Wbd3000M8lkWkkv2<b01<0000,0*13
\s:66,c:1782377501*42\!AIVDM,1,1,,A,B3IKh5P005BhVMMV=ch000N00000,0*3F
\s:66,c:1782377499*42\!AIVDM,1,1,,A,17m@9rOP00`=lpuvdBtIfgw<20SO,0*54
\s:66,c:1782377499*42\!AIVDM,1,1,,B,13o70:00000E7?8N1GJ`H8W>0D95,0*43
\s:66,c:1782377501*42\!AIVDM,1,1,,B,36:8QJPOh08fP@PA2?t;1Jw@00uP,0*0A
\s:66,c:1782377500*43\!AIVDM,1,1,,B,29N`2wU0007aoCp613RQ60q>053<,0*5E
\s:66,c:1782377483*49\!AIVDM,1,1,,A,13aKV87000PF0J>MUdgbvS2b00S>,0*54
\s:66,c:1782377501*42\!AIVDM,1,1,,A,13iAqlk0007JUN00gLdS;9u@053<,0*0D
\s:66,c:1782377499*42\!AIVDM,1,1,,A,1815>kSwh03QKVL@>MK3qle@00SA,0*50
\s:66,c:1782377501*42\!AIVDM,1,1,,B,13Je@>001eQ=<k6D>q0;7`m80<2o,0*7C
\s:66,c:1782377501*42\!AIVDM,1,1,,B,EvjN6Bicb3hJLh80cSh;TW26WV2P9elp?2WK0u7gg`N003P,2*78
\s:66,c:1782377497*4C\!AIVDM,1,1,,B,13n1N:700014woNWKSBN46W80@EQ,0*12
\s:66,c:1782377500*43\!AIVDM,1,1,,A,B6:55R00:J21tES@:O>RV2N021Mk,0*4D
\s:66,c:1782377502*41\!AIVDM,1,1,,B,16:<s6001I`ja8HDQPmV>luD2<1>,0*1E
\s:66,c:1782377502*41\!AIVDM,1,1,,A,14aio8101<3P=LR@CR>:V`WD0<?J,0*39
\s:66,c:1782377368*4B\!AIVDM,1,1,,A,13aFgn0P1;PF:3NMf7e3COvp2L2D,0*79
\s:66,c:1782377445*43\!AIVDM,1,1,,B,33aK``mP000D4H:Mdfsf4?wJ2DMr,0*25
\s:66,c:1782377494*4F\!AIVDM,1,1,,A,177h<n0wBR7Pm3h1IO;Pm0c008Cu,0*47
\s:66,c:1782377496*4D\!AIVDM,1,1,,A,13aO@iPP0KPFH64MuU1DBgw82<43,0*7F
\g:1-2-5198767,s:66,c:1782377499*03\!AIVDM,2,1,7,A,53EnQMT000000000001<4r184H4Dj0T0000000000002200000000000,0*37
\g:2-2-5198767*6E\!AIVDM,2,2,7,A,000000000000000,2*23
\s:66,c:1782377502*41\!AIVDM,1,1,,A,33Ikfv3P@700V4BLC@t3kBq@00sh,0*2B
\s:66,c:1782377502*41\!AIVDM,1,1,,A,1815Reh02V7VsDL2TPf8O6k@0D0u,0*31
\s:66,c:1782377496*4D\!AIVDM,1,1,,B,355iCNP01uR4itnGI1rM7:O20@Ce,0*65
\s:66,c:1782377499*42\!AIVDM,1,1,,A,13L?TLP0001SG3FRKBO1F3d00000,0*7B
\s:66,c:1782377495*4E\!AIVDM,1,1,,A,13MD6pP0000=f::MMtkENo1408Dn,0*3C
\s:66,c:1782377496*4D\!AIVDM,1,1,,A,15?dgk@01vwd=qlDbVh3?2W80000,0*38
\s:66,c:1782377498*43\!AIVDM,1,1,,B,13ee<R001s7Ha2N0i45m>D;>053<,0*29
\s:66,c:1782377500*43\!AIVDM,1,1,,A,1815LLh2BPWLCa@0eK8k8Ba:053<,0*7C
\s:66,c:1782377494*4F\!AIVDM,1,1,,A,13Uq0l001W`o3GlBpvpeDbk000R;,0*68
\s:66,c:1782377493*48\!AIVDM,1,1,,B,16;2FD0v0d8iEuFAl3eqcGi20@CG,0*1D
\s:66,c:1782377495*4E\!AIVDM,1,1,,A,17loj<pP008HrNuwTaAQhgw80<0i,0*2B
\s:66,c:1782377499*42\!AIVDM,1,1,,A,C3CsiV0021sB6;2oQKAIgwP1UUegkGUKcQ;11111111000000000,0*51
\s:66,c:1782377491*4A\!AIVDM,1,1,,B,4023QvQvad`kP11Ta`DUEn7008C2,0*6F
\s:66,c:1782377497*4C\!AIVDM,1,1,,B,137O9b002rwrFrtLhumqu7s80<<P,0*25
\s:66,c:1782377492*49\!AIVDM,1,1,,A,13m:N?0=A@PGH0@RU=:W75ft2000,0*64
\s:66,c:1782377498*43\!AIVDM,1,1,,B,160n4>0wB2V7DJh3@QVkQ2o40@F2,0*65
\s:66,c:1782377497*4C\!AIVDM,1,1,,A,3CITeJ001UwjDtTKtMo1Mi;40000,0*7E
\s:66,c:1782377500*43\!AIVDM,1,1,,A,344jAA0003`gC>4A>lFQhWG<20K3,0*08
\s:66,c:1782377501*42\!AIVDM,1,1,,A,33ITeJ001TOjDw0KtN7QLQ;p0000,0*16
\s:66,c:1782377402*40\!AIVDM,1,1,,A,33a`2vEP00PCClvMeJb>4?v42DsJ,0*04
\s:66,c:1782377494*4F\!AIVDM,1,1,,B,13HPHw003@wuTh8LPh:=9rbt0D2p,0*6D
\s:66,c:1782377498*43\!AIVDM,1,1,,A,B7ldNQh00:6;uFOpJt3LgwiTkP06,0*46
\s:66,c:1782377500*43\!AIVDM,1,1,,B,E>lIdTo9pqP0000000000000000Afi>b8<dep1088?l>B0,4*31
\g:1-2-5198768,s:66,c:1782377501*0C\!AIVDM,2,1,8,A,59NSqup2DnFwDiMSR21=@5:0pEN0htp@tr222216E@ND<5g<0R@AH1RT,0*56
\g:2-2-5198768*61\!AIVDM,2,2,8,A,`88888888888880,2*74
\s:66,c:1782377501*42\!AIVDM,1,1,,B,14hK8D001w7WNTP2pUJ8PFoD0@HO,0*3C
\s:66,c:1782377501*42\!AIVDM,1,1,,B,18I8mU00017LE@H0aUF=Nm5<00SJ,0*1E
\g:1-2-5198769,s:66,c:1782377499*0D\!AIVDM,2,1,9,B,54V23N029rO<?HhKP005EADlr1=A8D4l00000016@pG<<5d1eBSS5S2@,0*18
\g:2-2-5198769*60\!AIVDM,2,2,9,B,000000000000000,2*2E
\s:66,c:1782377501*42\!AIVDM,1,1,,B,17P@5H0P@4:u<c1hF<j2MhAB0D1v,0*24
\s:66,c:1782377500*43\!AIVDM,1,1,,B,15N30q0000G?jn8KA@vjU03@20S;,0*73
\s:66,c:1782377501*42\!AIVDM,1,1,,A,35O9QUg000JA0<R>sTbqW2kp0000,0*24
\s:66,c:1782377501*42\!AIVDM,1,1,,A,138Do:0PBEJ>B?D9u=;bBH=@00SL,0*67
\g:1-2-5198770,s:66,c:1782377503*07\!AIVDM,2,1,0,A,544jAA823A?9D9=?T004i<ET000000000000000N4HN485`;0?6R3mDj,0*5A
\g:2-2-5198770*68\!AIVDM,2,2,0,A,0C`0j2CPH888008,2*34
\s:66,c:1782377503*40\!AIVDM,1,1,,B,18I3kD3P1@WJOoP0e?UUoOwA00SQ,0*78
\s:66,c:1782377501*42\!AIVDM,1,1,,A,405flbAvad`k`1mUtCdbR0O02D0n,0*2B
\s:66,c:1782377494*4F\!AIVDM,1,1,,B,16K3s28000NqHp2@6b4=t@7408D2,0*72
\s:66,c:1782377504*47\!AIVDM,1,1,,A,16:<nJ5P00`fuA6A:TqsM?wD253<,0*06
\g:1-2-5198771,s:66,c:1782377501*04\!AIVDM,2,1,1,A,58I8mU80?k1CUK?7G:1DpUAV0tJ0l4`E=@T>220`0`U:05nQD00U0p53,0*04
\g:2-2-5198771*69\!AIVDM,2,2,1,A,p4QU7lQE5DS`880,2*68
\s:66,c:1782377503*40\!AIVDM,1,1,,B,33;dD>?OhW2vWq8H82m=WjAD0000,0*3F
\s:66,c:1782377502*41\!AIVDM,1,1,,A,137O9b002rwrFd>LhuR9uosD08Hq,0*78
\s:66,c:1782377496*4D\!AIVDM,1,1,,A,B52N;60005k3u5Vu2G`w:Nv00000,0*4E
\s:66,c:1782377502*41\!AIVDM,1,1,,A,BCh8K4000WTi?uaR9isQ3wlPp000,0*61
\g:1-2-5198772,s:66,c:1782377496*08\!AIVDM,2,1,2,A,53`dreT000010:3WSG==0U8UB0tJ085@uDh6220T2H050w0e06T0C3@H,0*58
\g:2-2-5198772*6A\!AIVDM,2,2,2,A,888888888888880,2*26
\s:66,c:1782377501*42\!AIVDM,1,1,,A,13`dre`0000GqabNR?ad9OwD2<3F,0*7A
\s:66,c:1782377498*43\!AIVDM,1,1,,B,18I<Hs020;rB@HT5LIfKoaA<08F`,0*47
\s:66,c:1782377498*43\!AIVDM,1,1,,B,16:H4d000H8aI00DPLq9rH1:0U3<,0*23
\s:66,c:1782377498*43\!AIVDM,1,1,,A,B690Iw00MR21qP3@`do;Wwv41P06,0*7E
\s:66,c:1782377499*42\!AIVDM,1,1,,A,13m:IS00001dKR6`KjV=h4iB0pFu,0*3D
\s:66,c:1782377494*4F\!AIVDM,1,1,,A,28SJ;WP0007b=n:5tN:`6I140D32,0*5F
\s:66,c:1782377497*4C\!AIVDM,1,1,,B,15?delA0068jQeP@oJk90io60000,0*05
\s:66,c:1782377498*43\!AIVDM,1,1,,A,1815dDP01V7@RT61NT3<4IW<0<3W,0*11
\s:66,c:1782377498*43\!AIVDM,1,1,,A,39NSa0000k7J;l@0dS;Ri2a>04pC,0*0C
\s:66,c:1782377495*4E\!AIVDM,1,1,,A,177<t=002sbAv;BGsvGjGis4053<,0*03
\s:66,c:1782377498*43\!AIVDM,1,1,,A,337dM>000T1k6O4E>892sB?p0000,0*43
\s:66,c:1782377500*43\!AIVDM,1,1,,B,4028nK@000Htt0?6P@H=23700pFg,0*0D
\s:66,c:1782377500*43\!AIVDM,1,1,,B,B69CdEh0NR<1:04BaQ`5Gwv63P06,0*4F
\s:66,c:1782377434*45\!AIVDM,1,1,,A,B39QISP09P4rrlWMH6pEWwi5oP06,0*60
\s:66,c:1782377500*43\!AIVDM,1,1,,A,13mUUj80001bjw2`2c=1DaE@0@GL,0*31
\s:66,c:1782377500*43\!AIVDM,1,1,,B,18;P1l001oJ5jqf?l<RiMi9>053<,0*3B
\s:66,c:1782377501*42\!AIVDM,1,1,,A,18HtJb00007KjFp0`fPdsT=B0HHB,0*33
\s:66,c:1782377502*41\!AIVDM,1,1,,B,16:7u:POhH`gV5hA8Cu`bBcD20Ra,0*4A
\s:66,c:1782377495*4E\!AIVDM,1,1,,B,16:8@P001G8SPNbEWFQ;1q1400SR,0*2B
\s:66,c:1782377496*4D\!AIVDM,1,1,,A,13n4V<W0000sTaRVn1gtA2U00@DS,0*3C
\s:66,c:1782377499*42\!AIVDM,1,1,,,B7P97B0002biR6LvdjG?7wk5wP06,0*10
\s:66,c:1782377502*41\!AIVDM,1,1,,A,13U46O0P00Qcm18EfAf>4?wD253<,0*00
\s:66,c:1782377494*4F\!AIVDM,1,1,,A,33?sKt00000eIflN`kP=I`Mp0000,0*7F
\s:66,c:1782377501*42\!AIVDM,1,1,,A,162?@0?P006TE6V<fPs@0?w@28H@,0*77
\s:66,c:1782377497*4C\!AIVDM,1,1,,A,33@pBwPP@S0<hrNMTD@T3Ca601th,0*1B
\g:1-2-5198773,s:66,c:1782377497*08\!AIVDM,2,1,3,A,537dM>42<`?cD89OD01Lu8h@<P4m0Ttr0`E@0000000<<000002;E;Cc,0*05
\g:2-2-5198773*6B\!AIVDM,2,2,3,A,D;CKE;DsD000000,2*6D
\s:66,c:1782377498*43\!AIVDM,1,1,,A,18I4er001A8MegFF?ChKJI5<0<<@,0*67
\s:66,c:1782377503*40\!AIVDM,1,1,,B,B8SNM3h01qrdtdQM9EIaCwlUoP06,0*5E
\s:66,c:1782377503*40\!AIVDM,1,1,,B,13thLv70000hLe@Q1aemwp=B0D2G,0*47
\s:66,c:1782377499*42\!AIVDM,1,1,,B,1599c;hP00HROBH:qn;Gt?w>08Fl,0*67
\s:66,c:1782377500*43\!AIVDM,1,1,,A,E>k`tAdHh@@@@@@@@@@@@@@@@@@=5mb;8dQ6p00003vP100,2*76
\s:66,c:1782377498*43\!AIVDM,1,1,,A,D1q7Mh@jlN?a6DO6D0,4*1D
\s:66,c:1782377498*43\!AIVDM,1,1,,B,1:U8wngP00LR1CSiJ:g8bww80<0W,0*25
\s:66,c:1782377499*42\!AIVDM,1,1,,B,B3aQ6R@0B89tc27VDatuGwkUoP06,0*64
\s:66,c:1782377499*42\!AIVDM,1,1,,B,18I=U6002K0<WCfEELpqros@0<8H,0*23
\s:66,c:1782377500*43\!AIVDM,1,1,,B,170R7J0001Smak>>=A>LD43@00SA,0*16
\s:66,c:1782377500*43\!AIVDM,1,1,,A,B69@FJP0DR;aa8TB1`rp:CCWQP06,0*7D
\s:66,c:1782377498*43\!AIVDM,1,1,,B,H3P7kq@lttphTLQ@00000000000,2*2C
\s:66,c:1782377498*43\!AIVDM,1,1,,B,H3P7kqDTCBD:Q2qFA;;n001H022t,0*0A
\s:66,c:1782377497*4C\!AIVDM,1,1,,A,133snj012FwUbo@KhqJ0DhG<2D4T,0*13
\s:66,c:1782377492*49\!AIVDM,1,1,,A,B4eG`dh005haf1VwvDHHT0gPL000,0*49
\s:66,c:1782377498*43\!AIVDM,1,1,,B,369EBj50008ficJA220DS0I<035h,0*12
\s:66,c:1782377500*43\!AIVDM,1,1,,B,19NSjq@wBO7NQJ60nJK`uo7<08G9,0*1D
\s:66,c:1782377354*44\!AIVDM,1,1,,B,33aL?C5P00PCLrNMeIuv4?vJ2E2J,0*28
\s:66,c:1782377501*42\!AIVDM,1,1,,A,177dlm002F7=D=F7MJw7hFA@0@HQ,0*05
\s:66,c:1782377501*42\!AIVDM,1,1,,A,@05NUdR8p>at<P00,0*41
\s:66,c:1782377500*43\!AIVDM,1,1,,A,4h1vGRiuJl`k`22l<@I0V3Q02@GW,0*76
\s:66,c:1782377500*43\!AIVDM,1,1,,A,403OKEQuJl`k`r?WETBS?sO02L2V,0*0A
\s:66,c:1782377501*42\!AIVDM,1,1,,B,B69CQA@0DJ>60TT1HdLF?wk42000,0*7F
\s:66,c:1782377501*42\!AIVDM,1,1,,A,4P5qoVQvad`k`OQdF<2eME700L0=,0*5F
\s:66,c:1782377494*4F\!AIVDM,1,1,,A,16:BMqPOi48efB0A:CVQl22v0@Co,0*17
\s:66,c:1782377500*43\!AIVDM,1,1,,A,401rw7P000Htt`iUvNAadj700d38,0*1B
\s:66,c:1782377500*43\!AIVDM,1,1,,A,B4eG`dh005haf1VwvDHHT0kPL000,0*45
\s:66,c:1782377501*42\!AIVDM,1,1,,B,19NSs`002@JWwdH7Fik27im<0@Gk,0*05
\s:66,c:1782377500*43\!AIVDM,1,1,,A,B3Hf3m000HJooNUVQah:08N00000,0*4C
\s:66,c:1782377502*41\!AIVDM,1,1,,A,B:U7HV00Co8PUQLFI19Aq1lP2h06,0*48
\s:66,c:1782377502*41\!AIVDM,1,1,,B,13P=Ul@00001kw<MKuS`C8WF053<,0*02
\s:66,c:1782377501*42\!AIVDM,1,1,,A,853>KGiKf1:Owvthqc;9W`IStnwf>7W`BUbv3wE7`<Aa`cOfi399,0*06
\s:66,c:1782377503*40\!AIVDM,1,1,,A,C0nlCMh05qsAT`QNWo4QkwP1Qe062c0HNCKkk;11111000000020,0*19
\s:66,c:1782377410*43\!AIVDM,1,1,,A,33m`ET5001PC:T0Mf0r0:9`F0EG:,0*07
\s:66,c:1782377502*41\!AIVDM,1,1,,B,16:5<BPP00`KTOh=vdsN4?wB2L1p,0*18
\s:66,c:1782377503*40\!AIVDM,1,1,,B,15?db9P0iE8WfQNDV6kJs`eB0@Hh,0*1A
\s:66,c:1782377496*4D\!AIVDM,1,1,,B,B3s?AcP0KWn5ICUCaN0nWwiUh000,0*34
\s:66,c:1782377492*49\!AIVDM,1,1,,B,16:8:QU0?w`MmKdFEiGv4:Lv0t4B,0*54
\s:66,c:1782377498*43\!AIVDM,1,1,,A,16:?ei0Oj68eaIVAQh9cP9I60D;n,0*3D
\s:66,c:1782377498*43\!AIVDM,1,1,,A,16::dDP01F`k5vPAKwoP;P?:0?Gs,0*19
\s:66,c:1782377499*42\!AIVDM,1,1,,,17m3tmEP00WL`3<0UdWPUgwD053<,0*4A
\s:66,c:1782377498*43\!AIVDM,1,1,,B,B3@oE>P00GvdJj8VfiOQ3wk5h000,0*18
\s:66,c:1782377497*4C\!AIVDM,1,1,,A,15?dSmPP00JCv8t56dTv4?w:0<68,0*75
\s:66,c:1782377498*43\!AIVDM,1,1,,B,15?dhVg0003mJU8>>@qf467:0<<A,0*43
\s:66,c:1782377498*43\!AIVDM,1,1,,B,D02:o71BTLfq6DM6EIHu6D0,2*05
\s:66,c:1782377496*4D\!AIVDM,1,1,,B,B3GQmFP00@08Lg5SUqOQ3wj1jDVb,0*03
\s:66,c:1782377494*4F\!AIVDM,1,1,,A,142OLSS00U2>lgvHQG998i?00U3<,0*5C
\s:66,c:1782377499*42\!AIVDM,1,1,,B,B69DP:P0ER;rT3TE:AB>Iiv021Mk,0*4A
\s:66,c:1782377498*43\!AIVDM,1,1,,A,33b2AH00000pUWjO;J5icPWp0000,0*21
\s:66,c:1782377495*4E\!AIVDM,1,1,,B,402:oU1vad`kQOr=;pLKt?g0253<,0*53
\s:66,c:1782377497*4C\!AIVDM,1,1,,B,139Jm`PP00PecHbN`kEVhww:2<3c,0*7F
\s:66,c:1782377500*43\!AIVDM,1,1,,B,19NSHjHP15StkL:>ONK;tgw>28G=,0*51
\s:66,c:1782377474*41\!AIVDM,1,1,,A,13bjGP00180AfNfMf6rq4W:J00S0,0*63
\s:66,c:1782377500*43\!AIVDM,1,1,,B,19NSn;@01s`m@sfA2@4@`0k:0HGd,0*12
\s:66,c:1782377498*43\!AIVDM,1,1,,A,15AR>v001e7NaH:0nR9AnQa<053<,0*5B
\s:66,c:1782377500*43\!AIVDM,1,1,,B,16U9?l80119=LmhCvGao85Q@28GS,0*26
\s:66,c:1782377501*42\!AIVDM,1,1,,A,16Sp4P002=2kgK;g0g2Igofl0@Fu,0*2D
\g:1-2-5198774,s:66,c:1782377305*03\!AIVDM,2,1,4,A,53aIhsl000010SK?SF0u8Ttr22222222222222162@0505BT05dL<<t<,0*52
\g:2-2-5198774*6C\!AIVDM,2,2,4,A,;d<8<<d<<<;d<80,2*78
\s:66,c:1782377473*46\!AIVDM,1,1,,B,1342QCP01;PCVe:McH>kKRhFP@7n,0*0E
\s:66,c:1782377404*46\!AIVDM,1,1,,A,3342QCP01;PCUSbMcGtSIRd4P3eC,0*6F
\s:66,c:1782377501*42\!AIVDM,1,1,,B,16?Ulc`000UPLnJ4jUPl`J5>053<,0*66
\s:66,c:1782377501*42\!AIVDM,1,1,,B,169qc@g001`fwlTA?q>F05M@0<;;,0*25
\s:66,c:1782377502*41\!AIVDM,1,1,,A,19NSsr032EOmpo2Dl0SS3RIB0<0l,0*6B
\s:66,c:1782377500*43\!AIVDM,1,1,,A,BCgqUEP03oT9fL9L10<OOwh0k000,0*66
\s:66,c:1782377502*41\!AIVDM,1,1,,A,16<g:dhP0M8LQD4>1k3KW?vj0000,0*5C
\s:66,c:1782377499*42\!AIVDM,1,1,,B,19NS?oP02N:eVU4FJ3VRMAw>00SH,0*71
\s:66,c:1782377498*43\!AIVDM,1,1,,A,H5NRTnP8tr1@Dm1<00000000000,2*74
\s:66,c:1782377498*43\!AIVDM,1,1,,A,H5NRTnTU0000000G47omio1H2340,0*70
\s:66,c:1782377498*43\!AIVDM,1,1,,B,28SJH?30027ale@61`>4Rim<08F;,0*2D
\g:1-2-5198775,s:66,c:1782377495*0C\!AIVDM,2,1,5,A,55ROoL42FiqO<HTCT01<th5:0l4`E=AT00000016OHaID0000K0hH5PC,0*54
\g:2-2-5198775*6D\!AIVDM,2,2,5,A,P00000000000000,2*41
\s:66,c:1782377497*4C\!AIVDM,1,1,,B,33ai3l5000P>b7VMGO33M7o82Dpr,0*06
\s:66,c:1782377499*42\!AIVDM,1,1,,A,14RV9@001`vip8J=@WUolF?:28F@,0*21
\s:66,c:1782377498*43\!AIVDM,1,1,,B,B3o2JGP0009o`98F700HpCj03P06,0*66
\g:1-2-5198776,s:66,c:1782377377*04\!AIVDM,2,1,6,B,59NSa;l2>TJoDh9WF21@4l86222222222222221@S8lIS9f@0KCkDkj8,0*06
\g:2-2-5198776*6E\!AIVDM,2,2,6,B,888888888888880,2*21
\s:66,c:1782377500*43\!AIVDM,1,1,,B,33aI91hP0ePIDQlNBQSR>gw<25CS,0*51
\s:66,c:1782377491*4A\!AIVDM,1,1,,B,19NSa;hvjC5>PlP6gcAt=qdt0<03,0*6E
\s:66,c:1782377473*46\!AIVDM,1,1,,A,39NSa;hvjB5>Q5h6gaD<>afH05Ak,0*4C
\s:66,c:1782377496*4D\!AIVDM,1,1,,A,B:?398P089rh6iRkn9nckwi73P06,0*33
\s:66,c:1782377497*4C\!AIVDM,1,1,,A,H6:BQJQPTr0<PDpN1ADv3KJ2220,2*4A
\s:66,c:1782377497*4C\!AIVDM,1,1,,A,H6:BQJTl6DejiijPPPPPPP0pS55H,0*1F
\s:66,c:1782377498*43\!AIVDM,1,1,,B,18159:h00@2g4jH=9dOF@Fi<0pF9,0*45
\s:66,c:1782377500*43\!AIVDM,1,1,,B,1914i0hP000OWepE6nFaCww<0<2W,0*58
\s:66,c:1782377500*43\!AIVDM,1,1,,A,13l3psh02:uk400KjfG372W<2HGt,0*16
\s:66,c:1782377497*4C\!AIVDM,1,1,,A,33aQ5APP000FKHlMvt1;Cww<24v3,0*02
\g:1-2-5198777,s:66,c:1782377499*02\!AIVDM,2,1,7,B,56:Dm<8000000000001TuDhT4sK7V2222222221@50@455dhS7kABDj0,0*1C
\g:2-2-5198777*6F\!AIVDM,2,2,7,B,CQp888888888880,2*7A
\s:66,c:1782377500*43\!AIVDM,1,1,,A,19NSJc?P00OeFSD31vO@0?w:053<,0*3D
\s:66,c:1782377501*42\!AIVDM,1,1,,B,;3cmQt1vad`kVOGKh`EeJb100P00,0*3B
\s:66,c:1782377501*42\!AIVDM,1,1,,A,25?gvN50007`WJL623ELSbu20L4d,0*26
\s:66,c:1782377501*42\!AIVDM,1,1,,A,35NDegPw0EIwsP0HrSlUbT?p0000,0*7E
\s:66,c:1782377502*41\!AIVDM,1,1,,A,13@;nT3Oh60O6rFO4Np938IB0@HN,0*30
\s:66,c:1782377501*42\!AIVDM,1,1,,A,430@h0h000Htt<tSF0l4Q@100l1q,0*20
\s:66,c:1782377501*42\!AIVDM,1,1,,A,33f9I>0OiR12NO`DRbWhv@m<01m0,0*58
\s:66,c:1782377501*42\!AIVDM,1,1,,A,401u<1Qvad`k`0F=DJLoeNOP2D4G,0*75
\s:66,c:1782377501*42\!AIVDM,1,1,,A,169qbtgP008fh1hAAaf00?wB0D:k,0*0F
\s:66,c:1782377502*41\!AIVDM,1,1,,B,13cleV00000`k1dIJ>5PDSCD08Hb,0*1F
\s:66,c:1782377502*41\!AIVDM,1,1,,A,19NSIIh12aNs6d8Ea@B;@Hw@053<,0*46
\s:66,c:1782377502*41\!AIVDM,1,1,,A,15?dNsP01ePRG5lF@fic>91D0d0n,0*7E
\s:66,c:1782377502*41\!AIVDM,1,1,,B,19NSnn001qwGQ=PCDAg8i7;<0@I2,0*37
\s:66,c:1782377501*42\!AIVDM,1,1,,B,19NShv@w1OwKcPPLH2PkBBU60<3e,0*0C
\s:66,c:1782377495*4E\!AIVDM,1,1,,A,17tNg5pP007LQin0i8s2jEM40@E2,0*34
\s:66,c:1782377502*41\!AIVDM,1,1,,A,H8Ht`@0p5E@T<4j1LE=@0000000,2*7B
\s:66,c:1782377502*41\!AIVDM,1,1,,A,H8Ht`@56C=D4s0QqFnpql0000000,0*51
\s:66,c:1782377501*42\!AIVDM,1,1,,B,33cu3v50001B=o>G@Rnm4@sB0Db:,0*53
\s:66,c:1782377500*43\!AIVDM,1,1,,A,14`64d001LwE1=DEV?6aaWe>0HGa,0*6A
\s:66,c:1782377501*42\!AIVDM,1,1,,A,19NS;:P0Q24g>rH:oH@1J@qB08H7,0*44
\s:66,c:1782377502*41\!AIVDM,1,1,,B,35VIsF00?w<tSF0l4Q@>4:mv0RnA,0*03
\s:66,c:1782377500*43\!AIVDM,1,1,,A,15?dQ3h01`P@95tED;IbB8?<0HFA,0*6D
\s:66,c:1782377502*41\!AIVDM,1,1,,A,15D?A<0P02Pn?NOu@m?0k?wD2<0r,0*3A
\s:66,c:1782377503*40\!AIVDM,1,1,,A,14`Lb00v2?0T`K0ESAo:Ip;B08I;,0*51
\s:66,c:1782377497*4C\!AIVDM,1,1,,A,3k=PQf1w@00:hs@F`ke05p=:0000,0*19
\s:66,c:1782377499*42\!AIVDM,1,1,,A,H3o2JGQHTH62222222222222220,2*3E
\s:66,c:1782377499*42\!AIVDM,1,1,,B,H3o2JGTTC81>G59<<mnmmP0p4120,0*25
\s:66,c:1782377500*43\!AIVDM,1,1,,A,35O;lq<002JAwStBk=GIOW?p0000,0*51
\s:66,c:1782377494*4F\!AIVDM,1,1,,,B5Nv16P00=kFktVfkffp3whUWP06,0*23
\s:66,c:1782377497*4C\!AIVDM,1,1,,,B5O@rc0006C@RHT>P6CQ3wjQh000,0*28
\s:66,c:1782377497*4C\!AIVDM,1,1,,B,B8I06NP0Eqnf<EP;;gvi?wjTkP06,0*18
\s:66,c:1782377498*43\!AIVDM,1,1,,B,1815c?w0008W@BfBEi8P07M608Et,0*7B
\s:66,c:1782377498*43\!AIVDM,1,1,,,B5Nv16P00=kFkt6fkfVp7wjUWP06,0*75
\s:66,c:1782377499*42\!AIVDM,1,1,,A,18IrpD021IJV3146:D2H<6G<0D17,0*41
\s:66,c:1782377500*43\!AIVDM,1,1,,B,18I03Ag809WJ>2v0djachgw<0D8E,0*67
\s:66,c:1782377499*42\!AIVDM,1,1,,B,3348080000P@GANMKkBba4U200pi,0*1F
\s:66,c:1782377494*4F\!AIVDM,1,1,,A,33eWER0005148qdDLh<pSP;p0000,0*4A
\s:66,c:1782377499*42\!AIVDM,1,1,,A,17mRM>`P037aVKitPtaN4?w>2@GF,0*33
\s:66,c:1782377499*42\!AIVDM,1,1,,B,1:kJS2P000ri?2ibw3j=R1I<0@GA,0*60
\s:66,c:1782377498*43\!AIVDM,1,1,,B,13AvRJ05@B07pnfRpBLnCme>0@FJ,0*3B
\s:66,c:1782377499*42\!AIVDM,1,1,,,17ld=HA0008FVhQwCE:mI7180000,0*2D
\s:66,c:1782377500*43\!AIVDM,1,1,,B,B7Oh6CP01s7<OPJ6AvmkSwkUl000,0*3F
\s:66,c:1782377500*43\!AIVDM,1,1,,B,16:7N<0P00`fcIPAQkNf4?w>2DAW,0*30
\g:1-2-5198778,s:66,c:1782377314*0F\!AIVDM,2,1,8,B,53`gao8000010?G?;81<<PtpEHDh@0000000000U2p<16vQg06kS4U3@,0*28
\g:2-2-5198778*60\!AIVDM,2,2,8,B,000000000000000,2*2F
\s:66,c:1782377501*42\!AIVDM,1,1,,A,13En90PP0NP1:TtF<9TdUgw<28Fp,0*35
\s:66,c:1782377387*4A\!AIVDM,1,1,,A,B3EquF000852O3WK@5CQ3woQnDuJ,0*37
\s:66,c:1782377474*41\!AIVDM,1,1,,B,13aFerPP00PCj7:McLLN4?vL2<6<,0*36
\s:66,c:1782377460*44\!AIVDM,1,1,,B,33`gao5P00PDP0<Mdref4?v02DnJ,0*46
\s:66,c:1782377502*41\!AIVDM,1,1,,A,139laKP0000ebeBN`Sa1QVSF0<6>,0*10
\s:66,c:1782377503*40\!AIVDM,1,1,,A,13a7<80028QGcD`PI@Ci6hsB08I?,0*4F
\s:66,c:1782377495*4E\!AIVDM,1,1,0,A,13ener001AnG?tdQFlNEJDBt10@1,0*46
\s:66,c:1782377497*4C\!AIVDM,1,1,,A,16;LJB002b6@h:@3K;LJRpQ808EI,0*60
\s:66,c:1782377498*43\!AIVDM,1,1,,A,B;rt0U00AJ6=nQwrbk=iOwk4kP06,0*01
\s:66,c:1782377501*42\!AIVDM,1,1,,A,38I03Ag8@:WJ>2r0djbKm?w@02;@,0*6B
\s:66,c:1782377496*4D\!AIVDM,1,1,,B,353UDLP01O8f:D8AkUsTjkm826l3,0*1C
\s:66,c:1782377502*41\!AIVDM,1,1,,B,18I<F<0w0:WK6tl0f6JllPc20L<P,0*67
\s:66,c:1782377502*41\!AIVDM,1,1,,B,1815J0@01kPukmdOF90JQ`MD08Hg,0*6A
\s:66,c:1782377504*47\!AIVDM,1,1,,A,16:<KM0u0H88wbt<ioMGq65H0<=o,0*29
\s:66,c:1782377503*40\!AIVDM,1,1,,B,13eWER0006Q48qDDLh:8cP;D8@IS,0*20
\s:66,c:1782377503*40\!AIVDM,1,1,,A,19NSpph00@2omtwue?wP<71B0D1=,0*20
\s:66,c:1782377503*40\!AIVDM,1,1,,B,133n;nP01CPCgDTMGGdn4DoF2<4?,0*42
\s:66,c:1782377503*40\!AIVDM,1,1,,A,15CNoR0012POhpnE:`jS?jaF0@II,0*5C
\s:66,c:1782377495*4E\!AIVDM,1,1,,A,15NM<eP000o>3FbKQojosbE40000,0*4E
\s:66,c:1782377495*4E\!AIVDM,1,1,,B,15IG5b0P?w<tSF0l4Q@>4?wv0hDP,0*0C
\s:66,c:1782377498*43\!AIVDM,1,1,,A,1815P0P0047?;Fr1W:ND=6q600SO,0*2E
\s:66,c:1782377500*43\!AIVDM,1,1,,B,17m:2d100084B4ut4qa5cj1<0HDS,0*22
\s:66,c:1782377493*48\!AIVDM,1,1,,B,B>l4wFP062<rP<4A:BrNcwv63P06,0*76
\s:66,c:1782377494*4F\!AIVDM,1,1,,B,B5O89P000=ksNH6lH4;Q2215wP06,0*36
\g:1-2-5198779,s:66,c:1782377497*02\!AIVDM,2,1,9,A,58I5T=82D<4SUKSG3J1=05>1@TL622222222221@@8O7D1Sg0A0kH130,0*6A
\g:2-2-5198779*61\!AIVDM,2,2,9,A,H88888888888880,2*5D
\s:66,c:1782377493*48\!AIVDM,1,1,,A,16:dsbgP298gP7dAa?Kh4gvl0000,0*7B
\s:66,c:1782377498*43\!AIVDM,1,1,,A,16:::H001c`Tv2DF2EH@9P980<1m,0*34
\s:66,c:1782377498*43\!AIVDM,1,1,,B,19NSkk@02nHkHB49I;KDbkg80L05,0*6A
\s:66,c:1782377494*4F\!AIVDM,1,1,,B,19NSWIp015oa2H:B8HKucrrt053<,0*35
\s:66,c:1782377501*42\!AIVDM,1,1,,A,18SQ8QjP3fWa@kb5qRl<c?w42D4W,0*18
\s:66,c:1782377499*42\!AIVDM,1,1,,,B3prRp0007sF8j5@L0P03wjUwP06,0*65
\s:66,c:1782377500*43\!AIVDM,1,1,,B,18HtB480007JrNH0co0cHms>00T8,0*0C
\s:66,c:1782377500*43\!AIVDM,1,1,,B,13cWhpPP0DPe3TVHuA:=5Ow@2<0Q,0*22
\s:66,c:1782377498*43\!AIVDM,1,1,,B,33@o:E0OhWPqsEtO8O?BdjC8018h,0*37
\s:66,c:1782377500*43\!AIVDM,1,1,,B,16:R?bPOi68LLvd=wrNSJBG208H0,0*55
\s:66,c:1782377442*44\!AIVDM,1,1,,A,33`kl<UP00PBw`0MfdU>4?wD2Dg:,0*7A
\s:66,c:1782377457*40\!AIVDM,1,1,,B,B3`nu;@0>p4e7IWLgvN77wtUoP06,0*2E
\s:66,c:1782377282*4E\!AIVDM,1,1,,B,140UvUU01NPE<chMccsF0TmfPD=r,0*12
\s:66,c:1782377500*43\!AIVDM,1,1,,B,B3:0MhP0FH3MRjUWTaw1Kwi1l@D8,0*16
\s:66,c:1782377499*42\!AIVDM,1,1,,A,13@o:E0OhWPqsH@O8OARs2E@0HGE,0*7B
\s:66,c:1782377499*42\!AIVDM,1,1,,B,18Hu0:00AOwWjh>DW5rJ5`6v00Rh,0*38
\s:66,c:1782377500*43\!AIVDM,1,1,,A,15Rg;r001e`bON<?BDl16Q1B253<,0*4D
\s:66,c:1782377496*4D\!AIVDM,1,1,,A,13aRsJ002GOlkePLae?awow80@EQ,0*03
\s:66,c:1782377503*40\!AIVDM,1,1,,B,177h8S002VNe>Kp9sttW25W800SE,0*3E
\s:66,c:1782377500*43\!AIVDM,1,1,,A,13u7El0vBRPhcmnPnfSIjom@08Gd,0*00
\s:66,c:1782377499*42\!AIVDM,1,1,,B,13cnQ4?P0KPTtCbEr:uUu?w>2@G8,0*29
\s:66,c:1782377502*41\!AIVDM,1,1,,,13:47gU000Q?1nhG;84K;@`B0000,0*65
\s:66,c:1782377501*42\!AIVDM,1,1,,A,15Af0p001i7NjjH0o``1WQFJ053<,0*42
\s:66,c:1782377357*47\!AIVDM,1,1,,A,33=7HF50000C9LhMf5WjAIbN0EKJ,0*3A
\s:66,c:1782377501*42\!AIVDM,1,1,,A,37Oj;t0Oi>bl7oAdWrmTp3i<20v0,0*5D
\s:66,c:1782377502*41\!AIVDM,1,1,,B,13=iGn001wPkMuLPw7@5S4MB88Hn,0*78
\s:66,c:1782377502*41\!AIVDM,1,1,,A,16SfBk0P00a=Q=rD4V2iwRnt0<3m,0*0F
\s:66,c:1782377500*43\!AIVDM,1,1,,B,B3aB7T@0902APQWCQCbukwl5kP06,0*76
\s:66,c:1782377503*40\!AIVDM,1,1,,B,B8SW0L@09irS`62pie8rgwv63P06,0*41
\s:66,c:1782377497*4C\!AIVDM,1,1,,A,17mRN5EP01`=nVIvdWk9dgw8053<,0*0D
\g:1-2-5198780,s:66,c:1782377402*08\!AIVDM,2,1,0,A,53l3tm82H2QD=7;S?N0H4U90h5VoWJ222222220l1P=767730?SS4U3H,0*6D
\g:2-2-5198780*67\!AIVDM,2,2,0,A,888888888888880,2*24
\s:66,c:1782377500*43\!AIVDM,1,1,,B,16:K5<501J`gb96ACCN1VOw>0000,0*20
\g:1-2-5198781,s:66,c:1782377448*07\!AIVDM,2,1,1,B,59NSnU80@77kDi=CB20Lth@Dr0l50hF22222221@@HC5B5`60@3S4U3H,0*4A
\g:2-2-5198781*66\!AIVDM,2,2,1,B,888888888888880,2*26
\s:66,c:1782377500*43\!AIVDM,1,1,,A,13m80MP001Q249tVTnMjq8A<0@FD,0*7A
\s:66,c:1782377461*45\!AIVDM,1,1,,A,39NSnU5000PC9jBMes:66,0*5D
\g:1-2-5198782,s:66,c:1782377501*08\!AIVDM,2,1,2,A,59NSV842@jA4CETc>208E8LF08TqADl4pV222216N8kKB5d`0EVR3mDj,0*06
\g:2-2-5198782*65\!AIVDM,2,2,2,A,0C`888888888880,2*0D
\s:66,c:1782377502*41\!AIVDM,1,1,,B,19NSs`hwinHpHBd99`rDFCS@0L05,0*54
\s:66,c:1782377502*41\!AIVDM,1,1,,A,15QLK2?P00rB=kp5FBs8dwwD2<00,0*6B
\s:66,c:1782377498*43\!AIVDM,1,1,,A,13KMIqP000QcAQ@RDP;cBG;:00S2,0*63
\s:66,c:1782377501*42\!AIVDM,1,1,,A,1815I8h0j5QW:ft`cdA3`S1:0@H3,0*55
\s:66,c:1782377498*43\!AIVDM,1,1,,B,13ctH>0P000V20DFIPq:LOw:0`Ff,0*2C
\s:66,c:1782377501*42\!AIVDM,1,1,,A,B3P8p?@00NqDP0QeoBgCBaN00000,0*4B
\s:66,c:1782377501*42\!AIVDM,1,1,,A,405nBP1vad`k`Pe:Op1SeLGP08Gw,0*16
\s:66,c:1782377495*4E\!AIVDM,1,1,,A,B39MT5P0005Snf7UaB?Q1puUkP06,0*3F
\s:66,c:1782377502*41\!AIVDM,1,1,,B,139L8;0P000eS5pNW9amQOwF00Rj,0*49
\s:66,c:1782377497*4C\!AIVDM,1,1,,A,16:3p>P02G8iol6C3sm735a800Rs,0*30
\s:66,c:1782377494*4F\!AIVDM,1,1,,B,35OINQPPAtqWgn:@DsdIMWS200e@,0*1E
\s:66,c:1782377500*43\!AIVDM,1,1,,A,1815GDP0BCNkm0d=IF6HHne>0HGf,0*3D
\s:66,c:1782377501*42\!AIVDM,1,1,,A,137NBv00007JSoh0gg>kcH=>053<,0*07
\s:66,c:1782377503*40\!AIVDM,1,1,,B,1342n0PP00PBCmtMfTtN4?wD20Rc,0*79
\s:66,c:1782377503*40\!AIVDM,1,1,,A,19NSjI@0jT7LVnj0efOkAjc@053<,0*62
\s:66,c:1782377497*4C\!AIVDM,1,1,,A,139oCgPP?w<tSF0l4Q@>4?wv0t4F,0*38
\s:66,c:1782377498*43\!AIVDM,1,1,,B,14`V0j@01C0=kRtN7hRqA7E>0D;B,0*3C
\s:66,c:1782377499*42\!AIVDM,1,1,,A,13=AA:001W0FglPHl0ReQ:m<053<,0*7B
\s:66,c:1782377503*40\!AIVDM,1,1,,A,16:LW7aP008f?w:AG3@>4?w>2PS:,0*28
\s:66,c:1782377503*40\!AIVDM,1,1,,B,18Ib2<000e7Js>b0g6Up86OH08IO,0*4D
\s:66,c:1782377497*4C\!AIVDM,1,1,,B,199?f;2P001KkGDBH;6>4?w:00RL,0*67
\s:66,c:1782377497*4C\!AIVDM,1,1,,A,B3E`?800H82rJ45aePbH5qN021Mk,0*6F
\s:66,c:1782377498*43\!AIVDM,1,1,,A,18HsJ=0P007JWg<0gjFJb?w:28FH,0*57
\s:66,c:1782377499*42\!AIVDM,1,1,,B,15Moi?gP0FK36cLG`BNn6Ow>0@F`,0*56
\s:66,c:1782377500*43\!AIVDM,1,1,,B,13cW670P0011@DfGGPj:Kgw>053<,0*7F
\s:66,c:1782377431*40\!AIVDM,1,1,,B,B8TG6:h03r5E`02MIA6>GwfW3P00,0*64
\s:66,c:1782377297*4A\!AIVDM,1,1,8,B,C8TG6:h04r5EeS2MIMN:Ww`0HUcij8;0`91gQijI03WP:1052100,0*0D
\s:66,c:1782377498*43\!AIVDM,1,1,,B,E>kaRH<W@@@@@@@@@@@@@@@@@@@<gA2u8fVwH00003vP100,2*29
\s:66,c:1782377499*42\!AIVDM,1,1,,A,35NH9j5rh0G>pVbK5Jqq6WCp0000,0*31
\s:66,c:1782377499*42\!AIVDM,1,1,,,B4eHn8@00=k>:T6tK9:sswP00000,0*31
\s:66,c:1782377497*4C\!AIVDM,1,1,,A,B5NH9j0005kf9mViFdFAncN00000,0*31
\s:66,c:1782377500*43\!AIVDM,1,1,,A,16:lM7000o88;9@=2Is<Hqr01P06,0*05
\s:66,c:1782377498*43\!AIVDM,1,1,,B,13AQnN700O0MchNNg2;3ok740D<P,0*5B
\s:66,c:1782377492*49\!AIVDM,1,1,,B,16:Dw9P21P8em<pAq;=c<a2v0HDl,0*71
\s:66,c:1782377501*42\!AIVDM,1,1,,A,16:;EfP0128iAER@qojQ3hmB2L55,0*08
\s:66,c:1782377478*4D\!AIVDM,1,1,,B,13`ru<g2P0PCLQNMe@4N46bT2H:h,0*07
\s:66,c:1782377258*49\!AIVDM,1,1,,B,33`ru<gvh0PCLPvMe@:f46c<2?k1,0*70
\s:66,c:1782377497*4C\!AIVDM,1,1,,B,1:p;bdhP00JV:K65u9pM7ww:2L22,0*37
\s:66,c:1782377501*42\!AIVDM,1,1,,A,13U8D1?P00QdOrvEdJHN4?wB2<5p,0*35
\s:66,c:1782377501*42\!AIVDM,1,1,,B,15O13h?000qVii@@JqbQ8:w<0D0P,0*79
\s:66,c:1782377502*41\!AIVDM,1,1,,B,1815>Bh0240>c4VMJPck92OF0HHg,0*0F
\s:66,c:1782377502*41\!AIVDM,1,1,,A,19NSfbhvC4n8bC`FKvFcjIK>08HF,0*47
\s:66,c:1782377500*43\!AIVDM,1,1,,A,14`V2Oh01kPq@:2IpUqEOlM@20RO,0*6A
\s:66,c:1782377501*42\!AIVDM,1,1,,A,13gVmd700QN>csJV=cOGe6Ll08@C,0*28
\s:66,c:1782377501*42\!AIVDM,1,1,,A,3CgVmd700QN>cwrV=d<7`FL<002j,0*14
\s:66,c:1782377501*42\!AIVDM,1,1,,B,13@toB012VvPuwT9PtW`36MB00S7,0*6F
\s:66,c:1782377498*43\!AIVDM,1,1,,B,17lj=H0P027aDJ7tQh=VAOw62PSB,0*47
\s:66,c:1782377498*43\!AIVDM,1,1,,B,16:47b001g8j?>hDckAo1mc>0<0d,0*2F
\s:66,c:1782377499*42\!AIVDM,1,1,,B,13@pI<@01N`ho9RAkGIrd8m80<5g,0*60
\s:66,c:1782377497*4C\!AIVDM,1,1,,A,15NK9MP000rRV9nE9A1ARpo>0hF2,0*00
\s:66,c:1782377501*42\!AIVDM,1,1,,A,169q19`P17`fj90AE8we3ww@28Gi,0*4B
\s:66,c:1782377501*42\!AIVDM,1,1,,B,C6:beG@00B25`:3?MCQGCwv000000000000000000000S0H0540P,0*69
\s:66,c:1782377501*42\!AIVDM,1,1,,A,1815BoPvh01mI3KdT@SD8Wk>0D0k,0*67
\s:66,c:1782377499*42\!AIVDM,1,1,,B,15RaTR0019Ukh:B3ER7bGHDL08G8,0*33
\s:66,c:1782377495*4E\!AIVDM,1,1,,B,18I<b700Bn7P`ij1AgM@a@U008DE,0*73
\s:66,c:1782377496*4D\!AIVDM,1,1,,A,15DbCb0v1i`nFLH@CaepcFt20<0;,0*64
\s:66,c:1782377500*43\!AIVDM,1,1,,B,13ku8r@01C03d9dNe`g3:ji<0@GV,0*30
\s:66,c:1782377496*4D\!AIVDM,1,1,,A,352H`rh000JrmUdH?GD@001p0000,0*01
\s:66,c:1782377503*40\!AIVDM,1,1,,A,15?dhohuR68>kL<<bbs:66,0*70
\s:66,c:1782377497*4C\!AIVDM,1,1,,A,1815a5P0Au8n2u4D138Mds340@ET,0*4C
\s:66,c:1782377503*40\!AIVDM,1,1,,A,1ETFMB0P00rB@<F5F4IAHOvn2000,0*77
\s:66,c:1782377500*43\!AIVDM,1,1,,B,15NT;vP000JQK@lFNMJ9b9UB0D21,0*67
\s:66,c:1782377496*4D\!AIVDM,1,1,,B,17mRPT0P05WK`qR0V9sqg?w:28E@,0*65
\s:66,c:1782377483*49\!AIVDM,1,1,,A,13`l5r0P00PBojDManuN4?vf253<,0*36
\s:66,c:1782377496*4D\!AIVDM,1,1,,B,13`i6GHP00PFFctMvoI>4?w82@EB,0*12
\s:66,c:1782377499*42\!AIVDM,1,1,,A,83aDq=Pj2d<dtLt=MQ=PT?`50000,0*4E
\s:66,c:1782377500*43\!AIVDM,1,1,,B,1815a0P00I2nMiAuWSGP>Vw:0@GG,0*6A
\s:66,c:1782377479*4C\!AIVDM,1,1,,B,139cNIP01@PCo>tMc9dEe4VPPD4D,0*58
\s:66,c:1782377398*44\!AIVDM,1,1,,B,339cNIP01<PCnODMc?JmgTchP44C,0*7E
\s:66,c:1782377500*43\!AIVDM,1,1,,A,33o7W>50000J9:6Qh3:o3DQ@0DqJ,0*2B
\s:66,c:1782377496*4D\!AIVDM,1,1,,B,18HwF:0wAuwSSCrKeDQ84VM208E=,0*34
\s:66,c:1782377497*4C\!AIVDM,1,1,,B,13cHt@00220?UV0MJWmC9RU4053<,0*7A
\s:66,c:1782377503*40\!AIVDM,1,1,,B,13cHt@00220?UjlMJWwk8RUB08I=,0*29
\s:66,c:1782377493*48\!AIVDM,1,1,,B,15NuCQ?000rR8H:E9pT=TH;00@CT,0*78
\s:66,c:1782377498*43\!AIVDM,1,1,,A,E>q7BMd9T2h<Th6RW@H000000004H@1a8eR?h20@@@k000,4*55
\s:66,c:1782377498*43\!AIVDM,1,1,,A,15SU<t001=33@9ah?Nh2NR=<053<,0*2C
\s:66,c:1782377497*4C\!AIVDM,1,1,,B,19@2a2pP0=65raP3D`GcPww80<05,0*33
\s:66,c:1782377499*42\!AIVDM,1,1,,B,13urO@002:08ka0Mac6BcB?:0pGF,0*4B
\s:66,c:1782377499*42\!AIVDM,1,1,,,13KMwjU0001c1wlRCFUB5iS>0000,0*12
\s:66,c:1782377499*42\!AIVDM,1,1,,A,B7tKr?0001jA>APqddH000N00000,0*53
\s:66,c:1782377498*43\!AIVDM,1,1,,B,H3IfIf1<uT8t000000000000000,2*0C
\s:66,c:1782377498*43\!AIVDM,1,1,,A,H3IfIf4T000000061<qqpp0p8440,0*7E
\s:66,c:1782377497*4C\!AIVDM,1,1,,A,13mpE0000NP>lWpMFW0UUIu400Sb,0*42
\g:1-2-5198783,s:66,c:1782377497*07\!AIVDM,2,1,3,A,5ESIjN400000h5FT4p<4p<Pt622222222222220t10<334@P001jBSk`,0*2F
\g:2-2-5198783*64\!AIVDM,2,2,3,A,888888888888880,2*27
\s:66,c:1782377499*42\!AIVDM,1,1,,A,3815QnU001`8F8T=0`u6nDM:0000,0*73
\s:66,c:1782377492*49\!AIVDM,1,1,,A,B4hPME001H;4ewUnCkR9<Lh1j0I1,0*77
\s:66,c:1782377494*4F\!AIVDM,1,1,,A,1815?Sh00E7N:6j1u:PLSHW6053<,0*67
\s:66,c:1782377499*42\!AIVDM,1,1,,A,13oD?l002?0LO3`Sdo;C>BU:0D1O,0*08
\s:66,c:1782377493*48\!AIVDM,1,1,,A,C69DDcP0F2=dkc44<QrFswv0l@:PbjcgUeed00000000?1@7QQPP,0*55
\s:66,c:1782377494*4F\!AIVDM,1,1,,B,B69DDcP0GB=dkF44<P2DSwhWQP06,0*1C
\s:66,c:1782377497*4C\!AIVDM,1,1,,A,B5NvwT0006TS>:Td;`fKatv00000,0*5A
\s:66,c:1782377499*42\!AIVDM,1,1,,B,17ldT:HP00WLk6`0Vbuv4?w:20Rr,0*18
\s:66,c:1782377499*42\!AIVDM,1,1,,A,B6:C?PP00J;BQi4B:n9>wwh6SP06,0*61
\s:66,c:1782377500*43\!AIVDM,1,1,,B,29NSgQ5001WamfR60gUriAU60@GV,0*02
\s:66,c:1782377499*42\!AIVDM,1,1,,B,139oNT30000`A8fNGhucOIW>0@FO,0*46
\s:66,c:1782377499*42\!AIVDM,1,1,,B,15MqCp0001oRq1VCCjlnjBg<0<2i,0*48
\s:66,c:1782377499*42\!AIVDM,1,1,,A,13K0VP01C71p3:lBVGScQa;@08GB,0*2D
\s:66,c:1782377500*43\!AIVDM,1,1,,A,15>oIH002:OHu;tLCga:585>00So,0*4E
\s:66,c:1782377500*43\!AIVDM,1,1,,A,13n>rD00001FmHpWnsB<AVq<00S7,0*6A
\s:66,c:1782377501*42\!AIVDM,1,1,,A,13aGE>OP00PG<3pN2?iv4?w:28F9,0*61
\s:66,c:1782377490*4B\!AIVDM,1,1,,B,H52`>e@uE:1=0uB0TT000000000,2*12
\s:66,c:1782377500*43\!AIVDM,1,1,,B,H52`>eDUC=D6Bam00000000P3220,0*51
\s:66,c:1782377501*42\!AIVDM,1,1,,A,13`gcpPP00PFW=DMurVN4?w<2D5<,0*65
\s:66,c:1782377502*41\!AIVDM,1,1,,A,19N`2uP02s2wUr=gJE<qUogB0<0@,0*7F
\g:1-2-5198784,s:66,c:1782377502*0D\!AIVDM,2,1,4,A,53KWn>41B8wHtPiL001HtTl4000000000000001S38s<80000A21C4jC,0*19
\g:2-2-5198784*63\!AIVDM,2,2,4,A,Rj@000000000000,2*68
\s:66,c:1782377503*40\!AIVDM,1,1,,A,13d1AP000p0S>4NNmWAmAT;@0D3L,0*3A
\s:66,c:1782377500*43\!AIVDM,1,1,,A,140UttPP0IP25KJLChLJigw@Pd0F,0*73
\s:66,c:1782377501*42\!AIVDM,1,1,,A,15Vn0>0P0gOwv123=P2BHww@053<,0*42
\s:66,c:1782377502*41\!AIVDM,1,1,,B,28SJu`OP00Wasp@61iTSB?wD253<,0*66
\s:66,c:1782377497*4C\!AIVDM,1,1,,B,H4Rkt4104p00000000000000000,2*57
\s:66,c:1782377497*4C\!AIVDM,1,1,,A,H4Rkt4400000000FjJ3n00000440,0*2C
\s:66,c:1782377499*42\!AIVDM,1,1,,B,13KPeg50001UaJhRU>@WM9B00000,0*34
\s:66,c:1782377501*42\!AIVDM,1,1,,A,16Sc0k0vQaa=6CPD3oCTMkU:08Gh,0*24
\s:66,c:1782377501*42\!AIVDM,1,1,,B,138oJ600js:66,0*7B
\s:66,c:1782377501*42\!AIVDM,1,1,,A,18156D01A`5jhph3E4p:A`9@053<,0*0C
\s:66,c:1782377502*41\!AIVDM,1,1,,A,4h5GdR1vad`ka7Ms`20heqw028HW,0*53
\s:66,c:1782377500*43\!AIVDM,1,1,,B,3IN`3Rh0h:JU3L85qdC80lC60PO0,0*2F
\s:66,c:1782377501*42\!AIVDM,1,1,,B,19NSpe012s10;Koi:J1mrTc>0@H?,0*42
\s:66,c:1782377494*4F\!AIVDM,1,1,,,13K8RD5wh0o@5AHE`8l8wI14053<,0*71
\s:66,c:1782377502*41\!AIVDM,1,1,,A,19NShfP12e0i3VTEONirk`c@0D<6,0*6A
\s:66,c:1782377500*43\!AIVDM,1,1,,A,13`ewcwP0pPI5r2N67W@<K;@0000,0*6A
\s:66,c:1782377500*43\!AIVDM,1,1,,B,285KVoQP07WauIh5r9b3igw<R53<,0*0E
\s:66,c:1782377499*42\!AIVDM,1,1,,B,18I3@:02BJ7tD3l9VLIWRV4l0<<P,0*7F
\s:66,c:1782377501*42\!AIVDM,1,1,,B,C69E@<h0Fr>>6FT1fMvrnEN0l@:hB2L>jcUcged00000?1T621P0,0*49
\s:66,c:1782377497*4C\!AIVDM,1,1,,A,13m;NR0P00PJ=C@QhAIP0?w:2000,0*0B
\s:66,c:1782377501*42\!AIVDM,1,1,,A,15RE;n01Ql7rTr85`>;QViABP@HK,0*29
\s:66,c:1782377502*41\!AIVDM,1,1,,B,15MqsJ<000JdSb<GBNRT70U@08Hn,0*7A
\s:66,c:1782377502*41\!AIVDM,1,1,,A,36:bcW5P00`dvMlAs?`Ho?wp0000,0*0B
\s:66,c:1782377497*4C\!AIVDM,1,1,,A,33mn;q00000kTjDU6jncGaGp0000,0*5B
\s:66,c:1782377497*4C\!AIVDM,1,1,,A,18I4Kt5P0hWKgal0g712pgw8253<,0*15
\s:66,c:1782377498*43\!AIVDM,1,1,,A,147sVP0P00Qf>9JQtr4V0?w:0<04,0*04
\s:66,c:1782377495*4E\!AIVDM,1,1,,B,C6::R0P0:j2lCRS>od?;Owv0V@:L>L2f:CR@2N000000BP`620PP,0*46
\s:66,c:1782377496*4D\!AIVDM,1,1,,A,13@ooPhvBuNeP9d9`8<76Ua4053<,0*6D
\s:66,c:1782377493*48\!AIVDM,1,1,,A,33HOHpP0000:kw:M=<GWRbm406kS,0*5E
\s:66,c:1782377495*4E\!AIVDM,1,1,,B,17Ok<`0PADbl8pidWoVegbc62@Dg,0*7F
\s:66,c:1782377497*4C\!AIVDM,1,1,,A,B5Ne<4P00N`c4JUAqV3Q3wjUoP06,0*02
\s:66,c:1782377499*42\!AIVDM,1,1,,A,19NSs=P02oKfH0L?7Ehik1Q:08G4,0*5F
\s:66,c:1782377501*42\!AIVDM,1,1,,A,B69E4@P00j>08i422@w1jKN021Mk,0*77
\s:66,c:1782377497*4C\!AIVDM,1,1,,B,13aD@`0P0<PCm0JMEhCt=Ow:R0Sh,0*7B
\s:66,c:1782377498*43\!AIVDM,1,1,,B,19NSq7001p82UhB:U@FApQU8053<,0*2C
\s:66,c:1782377499*42\!AIVDM,1,1,,A,17lcte@P0o83uOKt1RhhbOw:0HFk,0*29
\s:66,c:1782377499*42\!AIVDM,1,1,,B,133iC00P000Ca<HMH>=HG?w<0@G3,0*71
\s:66,c:1782377332*44\!AIVDM,1,1,,B,33aDqWUP00PCCejMeLaf4?wV2Dn:,0*17
\s:66,c:1782377499*42\!AIVDM,1,1,,A,13mgVJ00000i<kVRA9P`qWW:0@GC,0*4F
\s:66,c:1782377500*43\!AIVDM,1,1,,B,18I5ac30017KuEN0bJEB=V;B20S0,0*3E
\s:66,c:1782377502*41\!AIVDM,1,1,,A,403Ote1vad`kbr60DP?hgFO02@I1,0*07
\s:66,c:1782377500*43\!AIVDM,1,1,,B,H5NUfi0d59Dp622222222222220,2*16
\s:66,c:1782377500*43\!AIVDM,1,1,,B,H5NUfi4U6534000G4<nkkn000000,0*56
\s:66,c:1782377500*43\!AIVDM,1,1,,A,15@2ed002i7sFBF9asfo;Ug600S?,0*7D
\s:66,c:1782377500*43\!AIVDM,1,1,,A,15RD5R0002SmM?@><msv45M@20S4,0*5E
\s:66,c:1782377375*47\!AIVDM,1,1,,B,33aGtLEP00PCU8BMd;0f4?w42E4J,0*17
\s:66,c:1782377502*41\!AIVDM,1,1,,B,E>nRFNFRW:92Rh10Q7a2000000002u?T1hDDH30HHHm>B0,4*45
\s:66,c:1782377495*4E\!AIVDM,1,1,,B,13ku8Q0v2w0aVvtF6GR;Oa;p053<,0*67
\s:66,c:1782377502*41\!AIVDM,1,1,,A,19NSGK002a0:3i>MQbaq3G;>0HHM,0*60
\s:66,c:1782377498*43\!AIVDM,1,1,,A,13@pg8HP3WP<J4lMTf16BOw:20S6,0*16
\s:66,c:1782377502*41\!AIVDM,1,1,,A,1815W2h0?w<tSF0l4Q@>43ov0l<P,0*6A
\s:66,c:1782377500*43\!AIVDM,1,1,,A,18HtK3022b2BCvee=aORVR?880ST,0*31
\s:66,c:1782377502*41\!AIVDM,1,1,,B,C6:dEC@0029fkC4U096Cowv0VbDBL>`bOR0000000000J18:2RPP,0*08
\s:66,c:1782377502*41\!AIVDM,1,1,,A,33n36n00000lr1BU3BsptT?p0000,0*36
\s:66,c:1782377501*42\!AIVDM,1,1,,A,B6K2r;@00:La:bU1;2uiSwlUwP06,0*20
\s:66,c:1782377501*42\!AIVDM,1,1,,A,13LBW=P0021sK62RV;l30aUD0<0W,0*64
\g:1-2-5198785,s:66,c:1782377501*0F\!AIVDM,2,1,5,B,5815`582?tbMKL7?;OTpu9@R1<TiHE800000000l1@u796BAN=1lPB0H,0*32
\g:2-2-5198785*62\!AIVDM,2,2,5,B,40F83hi@CP00000,2*39
\s:66,c:1782377501*42\!AIVDM,1,1,,B,33Iesp00000:kqfM=;ScMFO<00Pk,0*44
\s:66,c:1782377498*43\!AIVDM,1,1,,A,H5MrE4Q<u8<E8E:0TT000000000,2*09
\s:66,c:1782377501*42\!AIVDM,1,1,,B,H5MrE4TU6534000G42mkmlwp00w0,0*25
\s:66,c:1782377503*40\!AIVDM,1,1,,A,14c`lJ032302rjUp0tAdW:5B0HIA,0*30
\s:66,c:1782377503*40\!AIVDM,1,1,,A,14eH6d@000rkhdfJOd?oG9uF0@I9,0*23
\s:66,c:1782377495*4E\!AIVDM,1,1,,A,13Entn0047P5clLF==FCV2s420S>,0*3F
\s:66,c:1782377497*4C\!AIVDM,1,1,,A,15SW620028wP<pTJs6Q0q@e208Ep,0*22
\s:66,c:1782377495*4E\!AIVDM,1,1,,A,16:K7>000o8e:@@A8e234@I20<NK,0*7A
\s:66,c:1782377499*42\!AIVDM,1,1,,B,B69?dEPD7j9cUS5:@aMBWwj5SP06,0*38
\g:1-2-5198786,s:66,c:1782377497*02\!AIVDM,2,1,6,A,53cpAf428eRhTpd?800<5H4hTE:1<E8LTv0np01?6863600Ht0;@0000,0*75
\g:2-2-5198786*61\!AIVDM,2,2,6,A,000000000000000,2*22
\s:66,c:1782377498*43\!AIVDM,1,1,,A,ENk`sDLps@@@@@@@@@@@@@@@@@@=5d<`8jE>@00003vP000,2*20
\s:66,c:1782377498*43\!AIVDM,1,1,,B,13aL;r0P00PF2T<MwE@>4?w<28FJ,0*28
\s:66,c:1782377499*42\!AIVDM,1,1,,B,16Sk><0003a=b3<D4SctapG<28Fp,0*48
\s:66,c:1782377499*42\!AIVDM,1,1,,B,19NSFIh02RLb>rmim:iPt@hd08GA,0*39
\s:66,c:1782377495*4E\!AIVDM,1,1,,B,B52p:t000>TFda3nLTf<6TAQjF<J,0*70
\s:66,c:1782377497*4C\!AIVDM,1,1,,A,36:`0nAP00`W228BBmBhAgwp0000,0*5F
\s:66,c:1782377459*4E\!AIVDM,1,1,,A,13aGFm0P1HPCvDbMbbEKawwn2<7`,0*66
\s:66,c:1782377290*4D\!AIVDM,1,1,,B,33aGFm0P1IPD1DbMbT2cBOvD2Bik,0*54
\s:66,c:1782377499*42\!AIVDM,1,1,,A,14`Utnk000M8qPIko4fTpac>0000,0*04
\s:66,c:1782377498*43\!AIVDM,1,1,,,B7Omv80003=p?VuTuCwQ19k1l000,0*66
\s:66,c:1782377498*43\!AIVDM,1,1,,A,13oWmf7000PKJmVQL7sQ=Jq40PSA,0*32
\s:66,c:1782377496*4D\!AIVDM,1,1,,A,14eIbt8101G=4G@L=3wP04960@E<,0*3F
\s:66,c:1782377500*43\!AIVDM,1,1,,A,33fHBF10012PvBOlUiQlfDQ@0DWr,0*1A
\s:66,c:1782377499*42\!AIVDM,1,1,,A,13Entn0247P5d0:F==C3Vjs<2HFU,0*33
\s:66,c:1782377384*49\!AIVDM,1,1,,A,13aKW<0P000BOARMagvP0?wH00Rm,0*49
\s:66,c:1782377474*41\!AIVDM,1,1,,B,33aKW<0P000BOATMagsP0?vL0B=3,0*0D
\s:66,c:1782377470*45\!AIVDM,1,1,,B,13aDBR0P16PCjstMd2GVJgvB2@5o,0*30
\s:66,c:1782377501*42\!AIVDM,1,1,,B,168uV40000`g6whA9U257j7@0dup,0*72
\s:66,c:1782377501*42\!AIVDM,1,1,,A,177TIH002VWb8oR;hLiDOkQD053<,0*1F
\s:66,c:1782377500*43\!AIVDM,1,1,,B,13I4<UPP00wpUUpLIqc>4?w>20RR,0*2D
\s:66,c:1782377503*40\!AIVDM,1,1,,B,13aGFO@P00PBfIlMfmI>4?wD28I0,0*33
\s:66,c:1782377501*42\!AIVDM,1,1,,B,16;WU80wi`88Imn<vb5FNU9>0L<O,0*6F
\s:66,c:1782377496*4D\!AIVDM,1,1,,A,B3mUO1P07H6Vw8`LaEAAkwiQlL2A,0*5E
\s:66,c:1782377492*49\!AIVDM,1,1,,A,16:dmP0000`d?knAt<v=ogw20000,0*73
\s:66,c:1782377495*4E\!AIVDM,1,1,,A,B39GQVP0<8>2CL7nC0mbAMN00000,0*1E
\s:66,c:1782377500*43\!AIVDM,1,1,,A,D03OvkPnAN>4g`ffpfpNfp0,2*03
\s:66,c:1782377500*43\!AIVDM,1,1,,A,33`rcF0013wh7Q@DwDjD@kO:00u@,0*18
\s:66,c:1782377501*42\!AIVDM,1,1,,B,1:0B=o0P1PWGl4`0qbnLKgw@28H3,0*4C
\s:66,c:1782377502*41\!AIVDM,1,1,,A,402R3cQvad`kbPo<jNQ0l;?02@Hj,0*17
\s:66,c:1782377502*41\!AIVDM,1,1,,B,15Nuj90000JR`MrE5isF>2SD053<,0*33
\s:66,c:1782377503*40\!AIVDM,1,1,,B,B8TAu=@06QsBJaQNd?PepTh00@Br,0*42
\s:66,c:1782377503*40\!AIVDM,1,1,,A,H8TAu=D3?>G1000qikplm00H3330,0*72
\s:66,c:1782377503*40\!AIVDM,1,1,,A,D02R3cPb@Nfq0TNfp0,4*41
\s:66,c:1782377500*43\!AIVDM,1,1,,B,16oa=@o00nvhPs`;D:@rsIE>0<37,0*33
\s:66,c:1782377479*4C\!AIVDM,1,1,,B,33M@>n5P000E9:vMd6r@0?vT0DRr,0*49
\s:66,c:1782377501*42\!AIVDM,1,1,,A,36:d3j@P00`VrBhBBhgcBwwp0000,0*04
\s:66,c:1782377502*41\!AIVDM,1,1,,B,13439RPOhNPCWgJMFRe;3I7>0000,0*6F
\s:66,c:1782377499*42\!AIVDM,1,1,,A,17lclohP01WLuu@0V9UDiOw>20SE,0*7B
\s:66,c:1782377503*40\!AIVDM,1,1,,A,13=Iot00000hQT@Q1jsao4MF0l<N,0*30
\s:66,c:1782377501*42\!AIVDM,1,1,,B,13s=OC?P00wH;CrGT9Rv4?wB2@HB,0*77
\s:66,c:1782377501*42\!AIVDM,1,1,,B,37P1j9070L:l<UMd`7mWb6E<012@,0*4D
\s:66,c:1782377503*40\!AIVDM,1,1,,A,B8Sjd;P0=ArMpPQPFw8E`ADTSP06,0*40
\s:66,c:1782377503*40\!AIVDM,1,1,,A,33439RPOhKPCWg8MFRec4q9@03:Q,0*66
\s:66,c:1782377503*40\!AIVDM,1,1,,A,15W0oR00023mN;@>?:Vku@QF08IL,0*38
\s:66,c:1782377502*41\!AIVDM,1,1,,A,13aB;8?P00PJKCVN5p7N4?wB20S<,0*0E
\s:66,c:1782377503*40\!AIVDM,1,1,,B,16:;i>P00?8kfSpA14Tbd4=D0=B<,0*25
\s:66,c:1782377503*40\!AIVDM,1,1,,A,19Lgjv0P0<2mSB9ubV9qwgw@0<15,0*24
\s:66,c:1782377503*40\!AIVDM,1,1,,A,16K3@300009jKffD35lCOlOD2<32,0*78
\s:66,c:1782377500*43\!AIVDM,1,1,,B,17lda?8P0O`F`V1wC4EHlww@2D3r,0*55
\s:66,c:1782377497*4C\!AIVDM,1,1,,A,137USl001i7QIK81WKR7sV?80@EW,0*75
\s:66,c:1782377495*4E\!AIVDM,1,1,,B,H3GQoulU<00DPPPl226o001@8130,0*0D
\s:66,c:1782377498*43\!AIVDM,1,1,,A,19NSj=00P68lw:6A=apo<4;6053<,0*20
\s:66,c:1782377498*43\!AIVDM,1,1,,A,35E:R:1000JBQNt5J3SN419<0Dg:,0*2D
\s:66,c:1782377497*4C\!AIVDM,1,1,,A,13b?1j0000PD=4dMdS<qsFm40D@m,0*59
\s:66,c:1782377498*43\!AIVDM,1,1,,B,13cVTr8P00Q1DafGGcKkK?w<0<25,0*08
\s:66,c:1782377500*43\!AIVDM,1,1,,A,B6:lNLP00B24bWS?OI1CcwkWQP06,0*10
\s:66,c:1782377494*4F\!AIVDM,1,1,,B,18I:rI001i8ebf@Aqb>sOq=000Sp,0*2A
\s:66,c:1782377500*43\!AIVDM,1,1,,B,13FLvL0P?wvqLJJ@6LBv4?w80HGC,0*42
\s:66,c:1782377500*43\!AIVDM,1,1,,B,13aGrv@P00PDPgtMdrbH3?wLR<6M,0*11
\g:1-2-5198787,s:66,c:1782377311*0A\!AIVDM,2,1,7,A,56973f025q;T84l:220`T60@F3;L00000000000N3hS550@P00000000,0*2F
\g:2-2-5198787*60\!AIVDM,2,2,7,A,000000000000008,2*2B
\s:66,c:1782377501*42\!AIVDM,1,1,,B,B52e74h005pgk?Tm473Q3wl1jFcb,0*74
\g:1-2-5198788,s:66,c:1782377441*07\!AIVDM,2,1,8,A,540UtB`00000PGO3WP0u1E>0tpD000000000001@?0?995d7<3lSnQCP,0*07
\g:2-2-5198788*6F\!AIVDM,2,2,8,A,UDQh00000000000,2*04
\s:66,c:1782377499*42\!AIVDM,1,1,,B,13KNSTg0001UN<LRUKgP0?v00000,0*1A
\s:66,c:1782377483*49\!AIVDM,1,1,,A,140UtBP001PCAT4Me<h:?00pPD4D,0*4E
\s:66,c:1782377444*42\!AIVDM,1,1,,A,340UtBP001PCATFMe<gjdc?PP033,0*42
\s:66,c:1782377501*42\!AIVDM,1,1,,A,16:KrKc0008gNr0AC;USiAjt0`BE,0*37
\s:66,c:1782377502*41\!AIVDM,1,1,,A,1815:O000bM?@`?pQvNk82UF0@Ho,0*5D
\s:66,c:1782377503*40\!AIVDM,1,1,,A,33aMu:5OhOPBIlVMOmf=B:eF02oQ,0*2A
\s:66,c:1782377500*43\!AIVDM,1,1,,A,14eIc0hP00G<cO@L=70>4?w@2L3`,0*2A
\s:66,c:1782377499*42\!AIVDM,1,1,,B,B39sb900Ah6F1L7as7FPWwkQh000,0*27
\s:66,c:1782377501*42\!AIVDM,1,1,,B,13P;jv?001wdlV<LmBo0B:W:0<13,0*6C
\s:66,c:1782377501*42\!AIVDM,1,1,,B,B69DNE@D0B;gkS4E9:lFkwlmSP06,0*75
\s:66,c:1782377502*41\!AIVDM,1,1,,A,19Hl>U@01:`hKvP@vg`ku2oB253<,0*47
\g:1-2-5198789,s:66,c:1782377501*03\!AIVDM,2,1,9,A,569a>p0000008tdW>21PTq`PtpMUDsKJ2222221Q6@=761dPj7VR3mDj,0*22
\g:2-2-5198789*6E\!AIVDM,2,2,9,A,0C`888888888888,2*0E
\s:66,c:1782377497*4C\!AIVDM,1,1,,A,13I3Bv701Pwku1bJwhg4`3s<20SV,0*2B
\s:66,c:1782377503*40\!AIVDM,1,1,,A,1:U6uigP0DLQqoMiJ5hMk?wD20Sa,0*3B
\s:66,c:1782377501*42\!AIVDM,1,1,,A,13m>7eP0001bcp:`2v=@?8G60@GC,0*64
\s:66,c:1782377499*42\!AIVDM,1,1,,B,B42M9tP0J@Q=TgUocAbCCwkUoP06,0*5E
\s:66,c:1782377498*43\!AIVDM,1,1,,B,369@5H`t@18ggW@AlcuUb3;800oi,0*54
\s:66,c:1782377494*4F\!AIVDM,1,1,,A,38Jm:j000?G0OcRKcMPU`1Ep0000,0*58
\s:66,c:1782377499*42\!AIVDM,1,1,,A,15NdHKdOhdq<gtRA2kpaA7a>0HGA,0*7E
\s:66,c:1782377499*42\!AIVDM,1,1,,B,19NSBC@03:Ji0KD>e4MumK5:00SO,0*36
\s:66,c:1782377499*42\!AIVDM,1,1,,A,138ph2002q42Nm;n7D2AmQS:0D01,0*25
\s:66,c:1782377498*43\!AIVDM,1,1,,B,13bO58000w0FO7>Oo2hHCnU>0@FP,0*62
\s:66,c:1782377499*42\!AIVDM,1,1,,A,ENjHVu1aRPW@97VRWP00000000006MvH?>UIP`2RRSk000,4*32
\s:66,c:1782377445*43\!AIVDM,1,1,,B,13aJJ;0P0gPCtK0MacAbqOwJ2538,0*35
\s:66,c:1782377482*48\!AIVDM,1,1,,B,33aJJ;0P0fPCt3RMac@:9Ovd25ei,0*15
\s:66,c:1782377496*4D\!AIVDM,1,1,,A,18;4cK001o8cGBt6tv81a1E40@Dp,0*24
\s:66,c:1782377493*48\!AIVDM,1,1,,A,B39oRI0000;=<h7nWc6;Igv00000,0*40
\s:66,c:1782377502*41\!AIVDM,1,1,,B,34b;cN5P00R5wtPGGV9f4?wB2Cq:,0*0A
\s:66,c:1782377498*43\!AIVDM,1,1,,B,19NSq?001e7rtHN8s>RGSV;80<3c,0*27
\s:66,c:1782377501*42\!AIVDM,1,1,,A,B3a3W400@@6g;NWKrlNQ?wl1j4vA,0*23
\s:66,c:1782377500*43\!AIVDM,1,1,,A,39NSeB0027P=BBfN20cGwVC@0DuM,0*1E
\s:66,c:1782377502*41\!AIVDM,1,1,,B,13lNRr011eJTlF>5pPbJB`?D053<,0*14
\s:66,c:1782377502*41\!AIVDM,1,1,,A,13VhKd00001d3EbEf0?4OAUB0@I1,0*7D
\s:66,c:1782377500*43\!AIVDM,1,1,,A,12vg20?P0015d:FBQBO8WOw<0@Fs,0*75
\s:66,c:1782377501*42\!AIVDM,1,1,,A,15?dhS@P@FrCbq@58rNqJbg@0D6n,0*55
\s:66,c:1782377501*42\!AIVDM,1,1,,A,3819EWm0001d@v>Ee74ELJA>0000,0*28
\s:66,c:1782377498*43\!AIVDM,1,1,,A,16:Bl:P000`fdt:A@71h03E:2538,0*5C
\s:66,c:1782377499*42\!AIVDM,1,1,,A,17lj=J?P00WKoSL0Ts2i;Ow:2@F<,0*2F
\s:66,c:1782377494*4F\!AIVDM,1,1,,B,13aDp7PP1JPFk``Mu91E:?w420Ro,0*4F
\s:66,c:1782377497*4C\!AIVDM,1,1,,A,35O0Nf5000JA2Cj>gqHr9VI<0000,0*6A
\s:66,c:1782377496*4D\!AIVDM,1,1,,B,13mTUk002qQ4l=<WKLN1=0u00<0r,0*42
\s:66,c:1782377492*49\!AIVDM,1,1,,B,18;Dgt0P02``9LR8DWVKagvv2@Ck,0*6F
\s:66,c:1782377492*49\!AIVDM,1,1,,A,33M@DV001<OqI78ON:5hFPI000mh,0*40
\s:66,c:1782377456*41\!AIVDM,1,1,,A,337Nn81000PCSjLMdFp@MU7h0000,0*76
\g:1-2-5198790,s:66,c:1782377217*0B\!AIVDM,2,1,0,A,539cEuP00000@?C7?60hDqV2222222222222221@<P0555d@r04m30ED,0*37
\g:2-2-5198790*66\!AIVDM,2,2,0,A,QCTj0EQC`888880,2*37
\s:66,c:1782377502*41\!AIVDM,1,1,,B,14`V4<001i8fgdVAosJbsHoB053<,0*24
\s:66,c:1782377500*43\!AIVDM,1,1,,A,402Fhe1vad`k11;tJFFpnOG00@16,0*46
\s:66,c:1782377501*42\!AIVDM,1,1,,B,15MtFE?000G?gJPKA`W8pmc<0H6V,0*4E
\s:66,c:1782377501*42\!AIVDM,1,1,,A,35962e0000HHv<4=B6LSc09p0000,0*4A
\s:66,c:1782377502*41\!AIVDM,1,1,,A,19lnML0PASQ04@Qi5K9G4UcF053<,0*3C
\s:66,c:1782377500*43\!AIVDM,1,1,,A,13aJII0P1:PFInDMvQHnmgw@2@GN,0*1B
\s:66,c:1782377503*40\!AIVDM,1,1,,B,16:8=EP001`TG>0FoG6Vc8kB0D>b,0*10
\s:66,c:1782377500*43\!AIVDM,1,1,,,35NNHkUP00FsKB4M7MaN4?w@0Dhr,0*05
\s:66,c:1782377503*40\!AIVDM,1,1,,A,19NSHE00ioRgdcB<Pw<f1c=@0D6h,0*0C
\s:66,c:1782377503*40\!AIVDM,1,1,,B,15?N9n00237HVeR0j0ut29aH053<,0*5B
\s:66,c:1782377502*41\!AIVDM,1,1,,A,16:5ut?P008KNQ0F2ff8ugwD00S0,0*12
\s:66,c:1782377503*40\!AIVDM,1,1,,A,13=tNj002GPEH2pNQe2i8Q3F0000,0*1E
\s:66,c:1782377499*42\!AIVDM,1,1,,A,B;T2kMP00NhDKHR`o53Q3wjUoP06,0*66
\s:66,c:1782377503*40\!AIVDM,1,1,,B,B3I`v9000?fF9tT1PD7Q3wmQl8II,0*6B
\s:66,c:1782377501*42\!AIVDM,1,1,,A,18;Dgt0P02``9LJ8DWWcagw@28IH,0*3B
\s:66,c:1782377499*42\!AIVDM,1,1,,B,16:c8WP000`VwltBBn;SLww<0000,0*5B
\s:66,c:1782377499*42\!AIVDM,1,1,,B,13aDAphP00PCi28MGA;C7gw>2<3g,0*0B
\s:66,c:1782377497*4C\!AIVDM,1,1,,A,13c?Fv001QOR@u>K:V?Pp@q<0@En,0*50
\s:66,c:1782377500*43\!AIVDM,1,1,,A,16:dsKg02c8h`9pA0JgsNIC4053<,0*6D
\s:66,c:1782377499*42\!AIVDM,1,1,,,13F;Q@5000OH>c4GTIuHAHI:0000,0*7F
\s:66,c:1782377502*41\!AIVDM,1,1,,B,13Ee7bV00N0:rl4GU`u9QoOB0HHo,0*38
\s:66,c:1782377493*48\!AIVDM,1,1,,A,B5Nf4DP00>`GhU5WAhBISwhUoP06,0*1D
\s:66,c:1782377501*42\!AIVDM,1,1,,A,13P:SSEP1APUg5tGKGl8:gw@2<2C,0*02
\s:66,c:1782377499*42\!AIVDM,1,1,,A,13I5c:7P1TOuQR:LKovbHOw<00Sa,0*02
\s:66,c:1782377502*41\!AIVDM,1,1,,B,13l3o?@OiPUFHbb6mG?eDJaF08Hi,0*03
\s:66,c:1782377501*42\!AIVDM,1,1,,A,B52N;@0005k>2h6tHDH03wk7CP06,0*67
\s:66,c:1782377498*43\!AIVDM,1,1,,A,B7m9ve000800000000003wP4kP06,0*01
\s:66,c:1782377501*42\!AIVDM,1,1,,B,13a0V@000GP@Pm6MJwT:=H?>0<4`,0*3E
\s:66,c:1782377502*41\!AIVDM,1,1,,,13gc>t000QN?1JtV?57Vwn;:053<,0*1B
\s:66,c:1782377500*43\!AIVDM,1,1,,B,33gc>t000QN?1I6V?:vnon480000,0*73
\s:66,c:1782377497*4C\!AIVDM,1,1,,A,13m?b27P001Atp0WiSi<;?w:253<,0*7C
\s:66,c:1782377503*40\!AIVDM,1,1,,A,18I4FN001b7US002U;iA40mD053<,0*6B
\s:66,c:1782377503*40\!AIVDM,1,1,,B,14SE940u@4rCi;V587FhSbCF28I8,0*64
\s:66,c:1782377499*42\!AIVDM,1,1,,B,13KQ6MP02n1RNe:RBS6H;6`00000,0*68
\s:66,c:1782377502*41\!AIVDM,1,1,,B,14`V3`P001PH454Qn3fmVTUF253<,0*17
\s:66,c:1782377494*4F\!AIVDM,1,1,,A,33SKqq0=@01?S;tHNormAT?p0000,0*7D
\s:66,c:1782377499*42\!AIVDM,1,1,,A,B6:bbNh0?:24g@S@5D6oFBv021Mk,0*06
\s:66,c:1782377499*42\!AIVDM,1,1,,B,19NStT@0BKN3H9f2Kcv0r@c:0HG?,0*34
\s:66,c:1782377497*4C\!AIVDM,1,1,,B,15NhOB0000JdqVtGAv8HqpS<08Eq,0*25
\s:66,c:1782377498*43\!AIVDM,1,1,,A,19NSv;02BNII8F6?tFu3D2g60@FP,0*32
\s:66,c:1782377499*42\!AIVDM,1,1,,A,19NSo6@01u13CDghA06=7:S:00Ri,0*71
\s:66,c:1782377499*42\!AIVDM,1,1,,A,16:5p7P01T8jt?rCJjAo8Uc800Rl,0*42
\s:66,c:1782377498*43\!AIVDM,1,1,,B,13ku:=@02jvkq92>@gj17Ps:66,0*06
\s:66,c:1782377499*42\!AIVDM,1,1,,B,19NSte001h8CV>9cli>;qqS<0@G:,0*53
\s:66,c:1782377500*43\!AIVDM,1,1,,A,13aGtI5jPk0GcFNNOvRWA?w:0000,0*06
\s:66,c:1782377499*42\!AIVDM,1,1,,A,18J<tT803<7KR2B0d?l;SI9:00S7,0*61
\s:66,c:1782377499*42\!AIVDM,1,1,,A,33ARQL0026`kN74AC<QlJCM<02k1,0*49
\s:66,c:1782377498*43\!AIVDM,1,1,,A,14eGLrsP01o=JmDL9mfbrgw:00Sd,0*5F
\s:66,c:1782377500*43\!AIVDM,1,1,,A,17lup>hP01WaVIqtPvutM?w>20SN,0*61
\s:66,c:1782377440*46\!AIVDM,1,1,,A,33`emQhP1@PC;g:Me3UTaww>R2kS,0*3E
\s:66,c:1782377497*4C\!AIVDM,1,1,,B,B8SOo?00;ar9nJ2kLO1f;wi73P00,0*5A
\s:66,c:1782377501*42\!AIVDM,1,1,,A,13lBpl30007K4i80dKcj@SO@0@H:,0*04
\s:66,c:1782377502*41\!AIVDM,1,1,,B,39NShjP01`Nf4kH;JNko5UUD06qk,0*68
\s:66,c:1782377494*4F\!AIVDM,1,1,,B,16:Vmqh000`dBkbAt3gmaOw60000,0*26
\s:66,c:1782377479*4C\!AIVDM,1,1,,A,13aBNQPP1JPCt0@MbhLckOvVR8;N,0*07
\s:66,c:1782377442*44\!AIVDM,1,1,,A,337QmR5000PCWqpMd2uPv2?B0Dg:,0*11
\s:66,c:1782377489*43\!AIVDM,1,1,,A,H52SkNi0Dh4Lt00000000000000,2*64
\s:66,c:1782377500*43\!AIVDM,1,1,,A,H52SkNl0000000000000000`5130,0*14
\s:66,c:1782377501*42\!AIVDM,1,1,,B,13ele0001pNgwKB;GRUVq5GD0<2o,0*56
\s:66,c:1782377502*41\!AIVDM,1,1,,A,14T1hR0000SOj9B@svOh06k>2hHS,0*01
\s:66,c:1782377360*43\!AIVDM,1,1,,B,33aw2F5P00PCRfTMkp;QOgvb0Dqb,0*36
\s:66,c:1782377250*41\!AIVDM,1,1,,A,33KR3ePP0aPBd08MTDPm3?vt2BlC,0*77
\s:66,c:1782377497*4C\!AIVDM,1,1,,A,13@oVho01:0M:>2NgKH0ths@053<,0*15
\s:66,c:1782377494*4F\!AIVDM,1,1,,A,33SHhE0=@01?TnBHO1U0001p0000,0*09
\s:66,c:1782377503*40\!AIVDM,1,1,,A,38J<tT803<7KQsf0d@:cOq;B0000,0*4E
\s:66,c:1782377503*40\!AIVDM,1,1,,B,19NSbM@wj`O>6`nCK6g7W69D0HI<,0*14
\s:66,c:1782377503*40\!AIVDM,1,1,,A,13ARQL0026`kN<2AC<CTISMD0000,0*5F
\s:66,c:1782377502*41\!AIVDM,1,1,,A,35?dNph000aKdW6Ha>Upr4O20Ru1,0*1D
\s:66,c:1782377503*40\!AIVDM,1,1,,B,1:U7G?hP00tcv<5jCRWv4?wD2@IJ,0*77
\s:66,c:1782377495*4E\!AIVDM,1,1,,B,16K2QshOih:?:vPGw4J;4HlF0PSI,0*1F
\s:66,c:1782377496*4D\!AIVDM,1,1,,B,18;Dd28P00``8q`8E4;c@ww62<1b,0*7E
\s:66,c:1782377497*4C\!AIVDM,1,1,,A,B69DQuPD0B;lhKTDrpd0wwjmSP06,0*5D
\s:66,c:1782377499*42\!AIVDM,1,1,,A,28TG9pQP00Wb3GB5ojHN4?w<2<55,0*0C
\s:66,c:1782377493*48\!AIVDM,1,1,,A,33oFwV00001FpeDWoRdho6Qp0000,0*16
\s:66,c:1782377495*4E\!AIVDM,1,1,,B,13HjE20011OQkTbKF`?lekkB0PRs,0*69
\s:66,c:1782377496*4D\!AIVDM,1,1,,A,15SN00001f0=<D8MbBejnR?80L:A,0*7B
\s:66,c:1782377498*43\!AIVDM,1,1,,A,13aJGN7P00PC=SjMLIuT<?w:20SH,0*48
\s:66,c:1782377499*42\!AIVDM,1,1,,A,13aQ5MP0000CmO2MEmFVC4C@0L<0,0*1E
\s:66,c:1782377499*42\!AIVDM,1,1,,B,35?dM>5000RAJaTB01w7rl9<0Dqb,0*1D
\s:66,c:1782377499*42\!AIVDM,1,1,,B,33MD7K@OhPPN7mbNqFOS:2Q80000,0*45
\s:66,c:1782377498*43\!AIVDM,1,1,,B,1:p;nug000rVG<H5rg:;MHjN0l1`,0*33
\s:66,c:1782377499*42\!AIVDM,1,1,,B,B7lddih00:5aUQOm<D3Pwwj2T@FP,0*34
\s:66,c:1782377497*4C\!AIVDM,1,1,,B,13aL>W0P000DJr>MdQQJ1Ow:08Ek,0*07
\s:66,c:1782377499*42\!AIVDM,1,1,,A,16:IeH001M8KV@0FBRSSpC;<00RM,0*2B
\s:66,c:1782377502*41\!AIVDM,1,1,,A,B6:bv;h00222Gn3@K`w02IlSQP06,0*68
\s:66,c:1782377500*43\!AIVDM,1,1,,B,177b7I0vij8WdRH>fFf1KA>V053<,0*7D
\s:66,c:1782377499*42\!AIVDM,1,1,,B,13EcEa7P0GP7NbVFA=fGa?w>2<26,0*2E
\s:66,c:1782377501*42\!AIVDM,1,1,,B,1815KIh0j2aVh4TBVmsC1jS80<1?,0*6E
\s:66,c:1782377493*48\!AIVDM,1,1,,A,13oFwV0000QFpeDWoRe0onPv08Ck,0*52
\s:66,c:1782377502*41\!AIVDM,1,1,,B,15OFO00P00oRo08CDf`>4?wB0d2<,0*36
\s:66,c:1782377502*41\!AIVDM,1,1,,B,13ku9ph01QrB;l>5JTp=p;9B20RR,0*45
\s:66,c:1782377501*42\!AIVDM,1,1,,A,1343hwPP05PD21PMEwwKB?wB20SO,0*6B
\s:66,c:1782377503*40\!AIVDM,1,1,,B,16;0M>50007K2Mt0fW?5W@w@0HIH,0*7A
\s:66,c:1782377501*42\!AIVDM,1,1,,A,ENjOu9@0V`@87a:7S4W7hFh17Ph0DwCG<cEM800000N0120,2*49
\s:66,c:1782377503*40\!AIVDM,1,1,,A,152J=n000WI=6Aj@tO=bTHKF0<>J,0*4A
\s:66,c:1782377502*41\!AIVDM,1,1,,A,13@p9b@Oh?0:1TTOIkhc4l=B0VAT,0*1E
\s:66,c:1782377496*4D\!AIVDM,1,1,,B,3:pDpIE000JVGSJ5rft@08jv0DMr,0*5C
\s:66,c:1782377501*42\!AIVDM,1,1,,B,13crL00P00PqAhNEh5Dm@OwB053<,0*6D
\s:66,c:1782377504*47\!AIVDM,1,1,,B,1592umoP00I2N0L;wec8CwwF08If,0*14
\s:66,c:1782377501*42\!AIVDM,1,1,,B,402=aG0000HttOw=QHNQ<T7P0pFK,0*01
\s:66,c:1782377502*41\!AIVDM,1,1,,A,19NSqt002c30d5gn029pT6g@0HHb,0*60
\s:66,c:1782377503*40\!AIVDM,1,1,,A,H8StHl3K:0pPv0G7N0G7J222220,2*75
\s:66,c:1782377503*40\!AIVDM,1,1,,A,H8StHl4NC8e19Cjijklmno20:400,0*74
\s:66,c:1782377499*42\!AIVDM,1,1,,B,13djC0001iOMuO0LU?64pkq:0@Fa,0*29
\s:66,c:1782377481*4B\!AIVDM,1,1,,B,139eQuPP04PCldrMdF5kDgvbR53<,0*5C
\s:66,c:1782377460*44\!AIVDM,1,1,,B,339eQuPP00PCldNMdF6>4?v0R4dS,0*73
\g:1-2-5198791,s:66,c:1782377501*0A\!AIVDM,2,1,1,A,54RTkD42ANviK8QOV21@4p`6222222222222221:=P9995do0=ij852i,0*79
\g:2-2-5198791*67\!AIVDM,2,2,1,A,888888888888880,2*25
\s:66,c:1782377501*42\!AIVDM,1,1,,A,1:0357000505omv3Ps14OReD08HE,0*74
\s:66,c:1782377405*47\!AIVDM,1,1,,A,339TU<5P00PDVidMdsEv4?v:2JQP,0*5F
\s:66,c:1782377501*42\!AIVDM,1,1,,A,33P;FBE000Olm4JLsw6ho5up0000,0*45
\s:66,c:1782377501*42\!AIVDM,1,1,,A,13aGsd0P1?PD05@MDI0rPwwBR<7Q,0*32
\s:66,c:1782377501*42\!AIVDM,1,1,,,15NBCJ001BG>>N@KocH5k4eB0000,0*1E
\s:66,c:1782377503*40\!AIVDM,1,1,,B,169@WGaP0P8bvaPFU4Ve7OwD0<11,0*54
\s:66,c:1782377501*42\!AIVDM,1,1,,A,33a`w7mwh01Jok4Fd1v:t:Cp0000,0*4C
\s:66,c:1782377496*4D\!AIVDM,1,1,,A,23aQdSgP0WPGa3fNOutFF?w82D2N,0*29
\s:66,c:1782377500*43\!AIVDM,1,1,,A,13aGt@UP01PIc>bMapOV9ww@2000,0*2A
\s:66,c:1782377504*47\!AIVDM,1,1,,B,13mDiW00000WIa4QI12;nWwH0D0@,0*69
\s:66,c:1782377497*4C\!AIVDM,1,1,,A,B42Oh=P00@LeMuUC46HblRN00000,0*07
\s:66,c:1782377448*4E\!AIVDM,1,1,,B,H42Oh=PlTpDhh40000000000000,2*2B
\s:66,c:1782377497*4C\!AIVDM,1,1,,A,H42Oh=T00000000I=2ooqq000440,0*60
\s:66,c:1782377497*4C\!AIVDM,1,1,,A,38I8SW1vP49=cj6Ctpb0S3C60DVb,0*00
\s:66,c:1782377498*43\!AIVDM,1,1,,B,19N`3MQ001q2u56<0@URbD3<0PS8,0*41
\s:66,c:1782377494*4F\!AIVDM,1,1,,,13m8WBW016Qn`7B`iFbbD8G0053<,0*21
\s:66,c:1782377499*42\!AIVDM,1,1,,A,17ldi0@P00`Fg2iwB1w>4?w42<1i,0*28
\s:66,c:1782377493*48\!AIVDM,1,1,,A,15NBkV0P07GWcL:BeSGUKTE00000,0*7D
\s:66,c:1782377499*42\!AIVDM,1,1,,A,169L08OP?w<tSF0l4Q@>4?wv0l1c,0*15
\s:66,c:1782377497*4C\!AIVDM,1,1,,B,17tChJh0007J0A`0iV;M9jw80@EB,0*10
\s:66,c:1782377500*43\!AIVDM,1,1,,A,33l3ow001QP<Ak6NL;J7rnA>0Bj=,0*73
\s:66,c:1782377499*42\!AIVDM,1,1,,A,169@mKP01R8jtNhAIdSG2EM>0D2A,0*06
\s:66,c:1782377495*4E\!AIVDM,1,1,,A,13bpuH80000D>8vMdI3qgAg82<AC,0*50
\s:66,c:1782377497*4C\!AIVDM,1,1,,B,13coQc000HPr1KBCIt<rhpw80D2C,0*19
\s:66,c:1782377497*4C\!AIVDM,1,1,,B,344i?LUP?w<tSF0l4Q@>4?wv0RbA,0*10
\s:66,c:1782377493*48\!AIVDM,1,1,,B,15?dg6@01A7PJdh1f92oTUs00D6W,0*6E
\s:66,c:1782377499*42\!AIVDM,1,1,,B,13V>gL002IR>HPtBt6vUTlK600Rb,0*49
\s:66,c:1782377500*43\!AIVDM,1,1,,A,B3IHgvP006rEwPR4Mv?Q3wkQjCu:,0*1A
\s:66,c:1782377499*42\!AIVDM,1,1,,B,369a7C10028ftO@A:M6<AQo:0DvJ,0*1B
\s:66,c:1782377498*43\!AIVDM,1,1,,B,13cvs70=@0Q0<C8I49I2Rgw8L0Rc,0*25
\s:66,c:1782377467*43\!AIVDM,1,1,,A,33bBLR5000PD2FnMd8kP08r:0Dg:,0*50
\s:66,c:1782377466*42\!AIVDM,1,1,,B,33`eDMhP00PBFitMffBo7?v<P3aS,0*2B
\s:66,c:1782377497*4C\!AIVDM,1,1,,,13m0Rd5000`ehRVA9rRn34e:0000,0*0C
\s:66,c:1782377497*4C\!AIVDM,1,1,,B,15CH22001H0Ef<<HTo`QhQQ80<<P,0*32
\s:66,c:1782377503*40\!AIVDM,1,1,,B,18HwRM`0017JWeT0gkrV3buP0@I?,0*2C
\s:66,c:1782377498*43\!AIVDM,1,1,,A,1n:>jI001H8aT966pTu=::E60000,0*0C
\s:66,c:1782377502*41\!AIVDM,1,1,,B,19N`3MQ1h1q2u56<0@URn43D0hHs,0*74
\s:66,c:1782377496*4D\!AIVDM,1,1,,A,13aJHt?P00PFEShMvovh0?w820SK,0*24
\s:66,c:1782377501*42\!AIVDM,1,1,,B,16:IcRP01U8jqNhC@?W=w;=:0<00,0*70
\s:66,c:1782377499*42\!AIVDM,1,1,,B,13c`n@WP19PfmpbG<hWbkgw>20SC,0*3D
\s:66,c:1782377503*40\!AIVDM,1,1,,A,19NSM0@00=0:VI>Meqvq:TcF0D;c,0*21
\s:66,c:1782377501*42\!AIVDM,1,1,,A,169oaH0P00`8FHt=0UiM<OwB20S5,0*42
\s:66,c:1782377502*41\!AIVDM,1,1,,A,28SK4hMP0;Wa;N45s:66,0*1C
\s:66,c:1782377496*4D\!AIVDM,1,1,,A,142O<D?00124l1JGMT?2WTk20HEL,0*41
\s:66,c:1782377503*40\!AIVDM,1,1,,B,B7ldpQP009rDIRO8649NCwlRT=OK,0*58
\s:66,c:1782377499*42\!AIVDM,1,1,,,13m8WBW016QnWut`iF`bF`G:053<,0*30
\s:66,c:1782377502*41\!AIVDM,1,1,,,13m0Rd5000`ehR`A9rRkBleD0000,0*68
\g:1-2-5198792,s:66,c:1782377501*09\!AIVDM,2,1,2,A,54ccd042BjasQ1AH000lDAL5V0Pu8U`tp00000163RHB:0000IA6`0C1,0*07
\g:2-2-5198792*64\!AIVDM,2,2,2,A,h00000000000000,2*7E
\s:66,c:1782377501*42\!AIVDM,1,1,,A,33V9SJ00001PlIFEeDI:UTMp0000,0*79
\s:66,c:1782377500*43\!AIVDM,1,1,,A,B3`g:@00:@62B;7WBHDr<fk008G<,0*03
\s:66,c:1782377498*43\!AIVDM,1,1,,A,13ku:F001W0=AgVNRVUPqhm>0@Fi,0*07
\s:66,c:1782377500*43\!AIVDM,1,1,,A,13AF8N001ML0E1?csicbnHft08Gj,0*77
\s:66,c:1782377501*42\!AIVDM,1,1,,B,16?UgIhP015FOLp7IUL6iwwB00SW,0*21
\s:66,c:1782377497*4C\!AIVDM,1,1,,A,16:>PMP00q8himvAn=fnMDg:0L9:,0*0A
\s:66,c:1782377501*42\!AIVDM,1,1,,B,16:I6gP0028fs=hACS;;9kw@0H1u,0*12
\s:66,c:1782377502*41\!AIVDM,1,1,,B,B52KH<@00=k67T73AabD3wmUWP06,0*63
\s:66,c:1782377500*43\!AIVDM,1,1,,A,33mS8h00001>5K2Wd9CN43I@0j>S,0*35
\g:1-2-5198793,s:66,c:1782377497*06\!AIVDM,2,1,3,A,53Eo2`400000000000104hhDU8v0=D5A8t0000150`=43udo00TR@H0D,0*1D
\g:2-2-5198793*65\!AIVDM,2,2,3,A,SlhH88800000000,2*30
\s:66,c:1782377501*42\!AIVDM,1,1,,B,18I7tS00017Ji`40diWQil5:0?6I,0*75
\s:66,c:1782377502*41\!AIVDM,1,1,,A,4055DPQvad`kaWIlc60fqbw0253<,0*53
\s:66,c:1782377500*43\!AIVDM,1,1,,A,402E;8ivad`k`PF>KlNKUjw02HG`,0*08
\s:66,c:1782377493*48\!AIVDM,1,1,,A,34S6cB00210rL50OFRt:F`A4064C,0*5A
\s:66,c:1782377503*40\!AIVDM,1,1,,A,13A3EF?0000hAevPoMKUMW?B053<,0*51
\s:66,c:1782377503*40\!AIVDM,1,1,,A,15NFV3d000rdp8BGAH3a78;B08Ic,0*4F
\s:66,c:1782377501*42\!AIVDM,1,1,,B,17mF?a@P1E7L2<h0bBQT0wwB253<,0*40
\s:66,c:1782377503*40\!AIVDM,1,1,,A,17luo5KP00Wa>lqtPLdf4?wF28Hr,0*0D
\s:66,c:1782377503*40\!AIVDM,1,1,,A,19NSd2h02oOW09?v0fJUM4CD0@IW,0*61
\s:66,c:1782377503*40\!AIVDM,1,1,,A,13cvrf000011BbVGGIje5kGD0HIF,0*3F
\s:66,c:1782377497*4C\!AIVDM,1,1,,B,19NS9j@v2?MvMoVH@?2l7SC808F<,0*13
\s:66,c:1782377499*42\!AIVDM,1,1,,A,B3@pF`P0<P=bgNWoBkFRD0C43P06,0*58
\s:66,c:1782377499*42\!AIVDM,1,1,,A,38SK2?H000Wam8F60bNFrT9>006P,0*4E
\s:66,c:1782377500*43\!AIVDM,1,1,,B,1912sfhP00POUuNE6nvEvww@253<,0*62
\s:66,c:1782377490*4B\!AIVDM,1,1,,A,B6:WdDP08r;2r94OCUiu=TN021Mk,0*34
\s:66,c:1782377499*42\!AIVDM,1,1,,A,19NSs@@01M71S`r30twU2l4d00S5,0*76
\s:66,c:1782377500*43\!AIVDM,1,1,,A,39NSh7P0228fqPTAoT?TNCW@0DSe,0*6C
\s:66,c:1782377498*43\!AIVDM,1,1,,B,13ku:sPrj10VnS0NcNvdDIc<053<,0*4B
\s:66,c:1782377496*4D\!AIVDM,1,1,,A,13cd<B0PD30q<EtEgawRs2?60@E=,0*20
\s:66,c:1782377492*49\!AIVDM,1,1,,A,339a74P0000eU7rN`oWM38;p0000,0*43
\s:66,c:1782377500*43\!AIVDM,1,1,,,13en:h001hQ;tA4D::sK@91<0000,0*06
\s:66,c:1782377499*42\!AIVDM,1,1,,B,13eN3j00000F0JpMwVpP00I8053<,0*1E
\s:66,c:1782377501*42\!AIVDM,1,1,,B,23P<:DP02dP6Kn:MehbCCBW800S?,0*1A
\s:66,c:1782377499*42\!AIVDM,1,1,,A,13aBLnPP00PFH>HMvv0N4?w<2@FE,0*0F
\s:66,c:1782377393*4F\!AIVDM,1,1,,A,139Psm0P1bPDJb<Mb7SSE?w`R0SD,0*60
\s:66,c:1782377205*41\!AIVDM,1,1,,B,13`fLrhP0fPEL@8MdJT81?wJ252p,0*29
\s:66,c:1782377501*42\!AIVDM,1,1,,A,13aFfV@P1FPCD74MN3gFggwBR8H7,0*31
\s:66,c:1782377502*41\!AIVDM,1,1,,A,13MAES@00i7M7TN0h1<Rk2SB053<,0*05
\s:66,c:1782377499*42\!AIVDM,1,1,,B,13Eeec7P0K02Cb@F949FPww>0@G1,0*22
\s:66,c:1782377483*49\!AIVDM,1,1,,B,33aGt1PP1D0C7TnMfMBL0?vHPAj3,0*5C
\s:66,c:1782377503*40\!AIVDM,1,1,,B,33aGt1PP1D0C7BnMfNFKvww0P?@Q,0*0B
\s:66,c:1782377502*41\!AIVDM,1,1,,B,13f4`R001p0=E=:MIE?BojEF00S>,0*1E
\s:66,c:1782377502*41\!AIVDM,1,1,,B,38HwB8P00k7K5t@0e<k<wbGH00vh,0*17
\s:66,c:1782377502*41\!AIVDM,1,1,,B,15MwnrhP00JRd=jE5hHb;wwF0<2K,0*2E
\s:66,c:1782377498*43\!AIVDM,1,1,,B,13A7bd001dOk>hLLPi;34BM<053<,0*4C
\s:66,c:1782377498*43\!AIVDM,1,1,,A,H3?t;0TU000000042njmq0102220,0*01
\s:66,c:1782377500*43\!AIVDM,1,1,,A,13oaKB001n0On28SrsD3skA>0D1f,0*06
\s:66,c:1782377501*42\!AIVDM,1,1,,B,1815Mk@w0=2flRf=40`6FFk>08H?,0*7D
\s:66,c:1782377502*41\!AIVDM,1,1,,B,169UBC0P008LOi@>1A17Cgw40D:l,0*30
\s:66,c:1782377503*40\!AIVDM,1,1,,B,38SK2?H000Wam7r60bLnrT9F00pQ,0*63
\s:66,c:1782377501*42\!AIVDM,1,1,,B,16:LCo300P8jIHhC`s5P4P?:0H0T,0*68
\s:66,c:1782377501*42\!AIVDM,1,1,,A,33JDmf700iOQr68KEfbCrSK>00lP,0*3E
\s:66,c:1782377501*42\!AIVDM,1,1,,B,13JDmf7P@iOQr7vKEf`CvSIB0HH6,0*22
\g:1-2-5198794,s:66,c:1782377502*0C\!AIVDM,2,1,4,A,54`V0ET2CLP8?HICP00IDM8v0PDhlE9@0000001J2hD644I808UPC31E,0*46
\g:2-2-5198794*62\!AIVDM,2,2,4,A,50@000000000000,2*55
\s:66,c:1782377503*40\!AIVDM,1,1,,B,1592uO0000HRO5D:qnB0en?B0@IE,0*69
\s:66,c:1782377502*41\!AIVDM,1,1,,A,33d1Aq01j;21KptDoL3TESWp0000,0*6E
\s:66,c:1782377464*40\!AIVDM,1,1,,B,33oDjv0v1O6iPB@3Ra?9bGd40CaM,0*0B
\s:66,c:1782377497*4C\!AIVDM,1,1,,A,36:<5F50008dMwNAu=;6nI7<0DvJ,0*1B
\s:66,c:1782377500*43\!AIVDM,1,1,,B,137qpV0Oi@8hb7D@tRgcMIq88<;U,0*15
\s:66,c:1782377499*42\!AIVDM,1,1,,A,13n6rV0PAR0L4U<Qftt1RQ?:053<,0*00
\s:66,c:1782377499*42\!AIVDM,1,1,,A,199<B60003a9hv`ClAIp7kMp1d00,0*19
\s:66,c:1782377496*4D\!AIVDM,1,1,,A,36;Lm`10h0`MOT0F0hO<D`O60DdJ,0*6C
\s:66,c:1782377497*4C\!AIVDM,1,1,,B,13sMHC0P00wHSK0GRPrf4?w:2@Eh,0*2D
\s:66,c:1782377498*43\!AIVDM,1,1,,A,19N`3bP01T7JgtJ0b?2sQ9?:0@F>,0*39
\s:66,c:1782377498*43\!AIVDM,1,1,,B,13oAwB0wAu7NH6n0rGdH;VQ<0@FJ,0*73
\s:66,c:1782377500*43\!AIVDM,1,1,,B,162?@;@0030V3lPF5pur:A3@00S9,0*28
\s:66,c:1782377497*4C\!AIVDM,1,1,,A,18I4;9001i708?L3:tpl1kE<0D0S,0*11
\s:66,c:1782377499*42\!AIVDM,1,1,,B,15N`oN<000q<rIV@wt5sJBm>053<,0*56
\s:66,c:1782377498*43\!AIVDM,1,1,,A,16:6Td001;8elD@ALm>SKRpv053<,0*3A
\s:66,c:1782377498*43\!AIVDM,1,1,,A,ENjbW??;0a:0W@HHKP000000000@aM6<@vkw000000N010,4*19
\s:66,c:1782377500*43\!AIVDM,1,1,3,,B39i7H00086R487Sl2gQ3wo5oP06,0*41
\s:66,c:1782377500*43\!AIVDM,1,1,,,B5OC@c0006qMfJQQjPvqswk5kP06,0*73
\s:66,c:1782377500*43\!AIVDM,1,1,,A,ENjVGSC92TRa9UU2a0000000000@C<e?@aU:@00000CfMP,4*27
\s:66,c:1782377497*4C\!AIVDM,1,1,,A,33mE>r001I0hm0BR@ow`Bnc<07>C,0*1E
\s:66,c:1782377502*41\!AIVDM,1,1,,B,33l9<bUP04Q2IHdDRqsETwwD22wQ,0*4E
\s:66,c:1782377502*41\!AIVDM,1,1,,B,13wkrgP004WKU<L0fjD<GRKF00RE,0*38
\s:66,c:1782377496*4D\!AIVDM,1,1,,A,19NSiLPu0bR4N0rGKW:t=Ia608EA,0*31
\s:66,c:1782377494*4F\!AIVDM,1,1,,A,H39QgS0`tp5@P4p000000000000,2*36
\s:66,c:1782377496*4D\!AIVDM,1,1,,A,H39QgS4T000000044qkii0103300,0*7A
\s:66,c:1782377503*40\!AIVDM,1,1,,B,13mBbn001kPquftOq>MWw6QH2@Ig,0*06
\s:66,c:1782377499*42\!AIVDM,1,1,,,13lCH4000rK1HVF:Qu0tK:;8053<,0*74
\s:66,c:1782377495*4E\!AIVDM,1,1,,A,15O:=pP000JdsHDG@HFqVHA40L4v,0*06
\s:66,c:1782377495*4E\!AIVDM,1,1,,A,13nQU`000017VTdWMcL<8AO208DR,0*5D
\s:66,c:1782377499*42\!AIVDM,1,1,,B,19NSpJP0100@LtdMKPnarou:053<,0*46
\s:66,c:1782377497*4C\!AIVDM,1,1,,B,13aO@ghvh4P9MCpNHrTGq1I68D3o,0*03
\g:1-2-5198795,s:66,c:1782377331*0B\!AIVDM,2,1,5,B,539Fb602=pA4@DTL001<D5<P58d000000000001IB@P>>5bFNIkS84U3,0*3F
\g:2-2-5198795*63\!AIVDM,2,2,5,B,@00000000000000,2*52
\s:66,c:1782377498*43\!AIVDM,1,1,,A,B3mHPG009hR1Nd:6cQhUswi5kP06,0*1B
\s:66,c:1782377499*42\!AIVDM,1,1,,A,14R87H001e00Ut@LpdDIkWo@0000,0*45
\s:66,c:1782377499*42\!AIVDM,1,1,,A,35?d`2@02;7MSEn0g1gRlj?:01?P,0*6C
\s:66,c:1782377499*42\!AIVDM,1,1,,A,B6:b6Fh002255T3@=i<Dgwv63P06,0*2C
\s:66,c:1782377497*4C\!AIVDM,1,1,,B,15?d`2@PB;7MSDd0g1d2nB?8053<,0*59
\s:66,c:1782377498*43\!AIVDM,1,1,,A,13o15@001s0:SP<MPQ51T1A<0<4r,0*62
\s:66,c:1782377499*42\!AIVDM,1,1,,B,16TE04002P8r2kVBrjPPThO80<1o,0*53
\s:66,c:1782377499*42\!AIVDM,1,1,,B,19NSEp002g1ckEQd6W>JPpO<0<0F,0*25
\s:66,c:1782377500*43\!AIVDM,1,1,,A,13Estd?P0Mwcg>>Dtnd1rgw<28FK,0*31
\s:66,c:1782377500*43\!AIVDM,1,1,,A,177j@p0wAp8<Db>8NFA`EnfP0D0G,0*28
\s:66,c:1782377499*42\!AIVDM,1,1,,A,B5O<Rc000NqMTTQQja?Q3wjUoP06,0*76
\s:66,c:1782377499*42\!AIVDM,1,1,,,14eJLhU000KcPj4NQPeloSi<0000,0*05
\s:66,c:1782377499*42\!AIVDM,1,1,,A,B8Sjcv@00IrM77QP?IQq3wj6SP06,0*0C
\s:66,c:1782377500*43\!AIVDM,1,1,,B,142Lck002n23fc2GHRJ<0Ia<053<,0*39
\s:66,c:1782377500*43\!AIVDM,1,1,,A,13@ou8WP00PhMKPQ1Vg;AOwB20Rd,0*4A
\s:66,c:1782377501*42\!AIVDM,1,1,,B,34aMBf5000QDFMedV=ub2o5>2DKJ,0*6D
\s:66,c:1782377496*4D\!AIVDM,1,1,,B,33lCH4000rK1HVd:QtutK:;60D>e,0*79
\s:66,c:1782377499*42\!AIVDM,1,1,,A,13LAtV001W1WucfR=9d:Fp@00000,0*35
\s:66,c:1782377494*4F\!AIVDM,1,1,,B,18;:f98P11`VHAh8FFam??w22D5?,0*40
\s:66,c:1782377502*41\!AIVDM,1,1,,B,35?d`aE000`cf;JFVtI7bSAR0000,0*20
\s:66,c:1782377500*43\!AIVDM,1,1,,B,3NjR5IgP06vEUw@V4qmTQwvR0022,0*54
\s:66,c:1782377495*4E\!AIVDM,1,1,,B,13a3eN00j70=mw8EIne3:RQp08DB,0*5F
\s:66,c:1782377502*41\!AIVDM,1,1,,A,19NST;h02M7>SEr1VUs;cIGD08Hi,0*6C
\g:1-2-5198796,s:66,c:1782377497*03\!AIVDM,2,1,6,A,59NSOg`2FEmtCE4wR204j0@P4I86222222222216E@M;E5eP0NhkQPC`,0*14
\g:2-2-5198796*60\!AIVDM,2,2,6,A,888888888888880,2*22
\s:66,c:1782377502*41\!AIVDM,1,1,,B,E>mWA;f9T4`@;a2QUh9T:W@0W@<ClVkl5rG2P00003v002CQh00,2*4D
\s:66,c:1782377501*42\!AIVDM,1,1,,B,33eRE>0vBP7W57P2U5bQ@@w@06J3,0*26
\s:66,c:1782377500*43\!AIVDM,1,1,,A,BCgndC002oT?wE9LbBdNWwj0p000,0*48
\s:66,c:1782377498*43\!AIVDM,1,1,,A,13ktuaP0160:lp6MQ92QMA?<0@FU,0*42
\s:66,c:1782377501*42\!AIVDM,1,1,,,13MBw;kP@hP8:8pOC`SRNj=B0000,0*19
\s:66,c:1782377494*4F\!AIVDM,1,1,,A,16:btF@000`dbblAvwH1NOw60000,0*2A
\s:66,c:1782377503*40\!AIVDM,1,1,,B,352Hwf0000rA;bt>rGON45uF0kA3,0*47
\s:66,c:1782377501*42\!AIVDM,1,1,,B,H5O?AB4TCBD;5TJG4>nmol108440,0*5A
\s:66,c:1782377503*40\!AIVDM,1,1,,A,171DmP0P004215l>PECf4?wD08IR,0*43
\s:66,c:1782377498*43\!AIVDM,1,1,,A,C6:VC>@00J9g<;TTV@GB2`N0jbV@2L>@bOQeed000000S0@F22P0,0*2D
\s:66,c:1782377498*43\!AIVDM,1,1,,A,B52NHC000=pgd`4m4<Nw3wk5oP06,0*73
\s:66,c:1782377500*43\!AIVDM,1,1,,B,14hQu200001dluTE`GRUhI=<053<,0*09
\s:66,c:1782377499*42\!AIVDM,1,1,,A,37mROUQ0008FWrMwC4eiCWa60DvJ,0*77
\s:66,c:1782377500*43\!AIVDM,1,1,,A,D028is0flffp,0*08
\g:1-2-5198797,s:66,c:1782377498*0D\!AIVDM,2,1,7,A,53Tkg>42=1;a=aDT0008iDF1=@5:0p5Pu<000000000990000042H44`,0*0C
\g:2-2-5198797*61\!AIVDM,2,2,7,A,3V824`4n82i`2m0,2*1E
\s:66,c:1782377497*4C\!AIVDM,1,1,,B,7h2;bAkdTnup,0*60
\s:66,c:1782377497*4C\!AIVDM,1,1,,A,33euc>00001jmb<E<Jlu9U9p0000,0*0C
\s:66,c:1782377498*43\!AIVDM,1,1,,A,16:?qmP000`LMOj>00<N419:253<,0*5E
\s:66,c:1782377500*43\!AIVDM,1,1,,A,703:JG00RVvh,0*3F
\s:66,c:1782377500*43\!AIVDM,1,1,,A,177j@60OiF7K=Wd0bT>R<21B08Gj,0*1B
\s:66,c:1782377498*43\!AIVDM,1,1,,B,19NSfdhujiE@>idJPOvJopa80<03,0*3A
\s:66,c:1782377500*43\!AIVDM,1,1,,B,13ku;Wh02@3P12mqeE0BvjU<053<,0*2E
\s:66,c:1782377501*42\!AIVDM,1,1,,A,H3`g1ePl59UHtppD00000000000,2*21
\s:66,c:1782377501*42\!AIVDM,1,1,,B,H3`g1eTUCBD:eTJ@5kmnk01h022t,0*53
\s:66,c:1782377499*42\!AIVDM,1,1,,A,33eOtp000h11;TRG<UVCu3K>0000,0*65
\s:66,c:1782377472*47\!AIVDM,1,1,,B,13aI<80P1KPCN@FMe38chOvHR<7i,0*23
\s:66,c:1782377500*43\!AIVDM,1,1,,B,13o3UJ30020QUI<Nj`qA>SO>053<,0*46
\s:66,c:1782377500*43\!AIVDM,1,1,,A,4028is1uJl`k`P0foLF9wh700<1A,0*05
\s:66,c:1782377500*43\!AIVDM,1,1,,B,19NSghP01p`QU0vF;tnrfpQ<053<,0*58
\s:66,c:1782377501*42\!AIVDM,1,1,,A,E>jR7iw29ph9b90bVVh@@@@@@@@O20uHBqsS01088;v0100,2*1B
\s:66,c:1782377502*41\!AIVDM,1,1,,B,BCh9LC000oTjeE9R5aS=CwTRs000,0*1B
\s:66,c:1782377246*46\!AIVDM,1,1,,B,33aGDcEP01PDo6HMb3e6M?vlRDOb,0*29
\s:66,c:1782377501*42\!AIVDM,1,1,,A,13Ect500002=ukWfr;ctCA?B053<,0*48
\s:66,c:1782377502*41\!AIVDM,1,1,,B,15SSOT=P01rB?N25F?bf4?wD20S7,0*33
\s:66,c:1782377502*41\!AIVDM,1,1,,A,17WK;c0P00R64QRGH1UuDwwB00Sr,0*6E
\s:66,c:1782377501*42\!AIVDM,1,1,,A,17OddQ0017bmObAdi3sQgQC<253<,0*06
\s:66,c:1782377501*42\!AIVDM,1,1,,A,403:JG1vad`k`P=dIPMNNdG00@Gq,0*07
\s:66,c:1782377501*42\!AIVDM,1,1,,B,18I5uw01kSPaOWpIAD2<Equ@8L4O,0*7E
\s:66,c:1782377501*42\!AIVDM,1,1,,A,19NSO`@1@N5l03<3ILWC0rOD0HHO,0*11
\s:66,c:1782377502*41\!AIVDM,1,1,,A,14eHEHwP0Co=ArLL8d@2ggwD053<,0*21
\s:66,c:1782377499*42\!AIVDM,1,1,,A,33Tpro00001Jo5@Fd;8=h;1p0000,0*70
\s:66,c:1782377502*41\!AIVDM,1,1,,A,18;DfH00008`6QL8AnHhtS3?r@GF,0*22
\s:66,c:1782377501*42\!AIVDM,1,1,,B,18Qsq=00003Og`r?q8KHt:?<0HGP,0*1C
\s:66,c:1782377503*40\!AIVDM,1,1,,A,B39p63P0;p;bjNWjKodN;wmUoP06,0*33
\s:66,c:1782377501*42\!AIVDM,1,1,,A,13nPrb000011lOfVSSprL7W<0<1e,0*53
\s:66,c:1782377497*4C\!AIVDM,1,1,,A,33Tkg>00001k7RvE>;<9;J9p0000,0*74
\s:66,c:1782377498*43\!AIVDM,1,1,,A,38I:Om000s7b@2l;hQBD`kW:0C4M,0*1C
\s:66,c:1782377493*48\!AIVDM,1,1,,B,403sl5AuJl`kO`3K74<GPAG00D64,0*1E
\s:66,c:1782377497*4C\!AIVDM,1,1,,A,B44sr6P020c17s`0T7?Q3wjQhD03,0*2A
\s:66,c:1782377497*4C\!AIVDM,1,1,,A,H5Nwk81>uJ10584@U<D00000000,2*56
\s:66,c:1782377497*4C\!AIVDM,1,1,,B,H5Nwk84T1=30000G4;knhm10544t,0*65
\s:66,c:1782377498*43\!AIVDM,1,1,,A,13c`==0P0011Am@GGPP29gw>00RQ,0*0D
\s:66,c:1782377499*42\!AIVDM,1,1,,A,B3`lAu00004`R17JKjCQ3wkQj0?1,0*3C
\s:66,c:1782377497*4C\!AIVDM,1,1,,A,177mR@001FL4F5uvgaQI7oG60@Eg,0*72
\s:66,c:1782377499*42\!AIVDM,1,1,,A,16:jjnh00U`Vww@BD2apcgw<0000,0*54
\s:66,c:1782377494*4F\!AIVDM,1,1,,A,B3mIL80008R2@3:1S2ErOwi5oP06,0*1C
\s:66,c:1782377501*42\!AIVDM,1,1,,A,34SEDj50@07Jp:n0eF<V3pA80D`b,0*00
\s:66,c:1782377430*41\!AIVDM,1,1,,A,339duSUP00PCEVFMdRHN4?vrRDgr,0*6F
\s:66,c:1782377474*41\!AIVDM,1,1,,A,139eb=0P000Cfw>Md:d>4?vLP53<,0*09
\s:66,c:1782377498*43\!AIVDM,1,1,,B,13M@FaPP02OqGE0OMoTVJgw<28F6,0*70
\s:66,c:1782377501*42\!AIVDM,1,1,,B,18Lg<gAP?w<tSF0l4Q@>4?v00PS@,0*21
\s:66,c:1782377501*42\!AIVDM,1,1,,B,1815W2001H0TAIVF1blkIBU>0<7M,0*0A
\s:66,c:1782377501*42\!AIVDM,1,1,,A,35OBfW<000Ih>ajAFiRQGRmp0000,0*61
\s:66,c:1782377501*42\!AIVDM,1,1,,A,13Iq:`02@78;5GR<rTa`3DI<0@GB,0*7C
\s:66,c:1782377502*41\!AIVDM,1,1,,A,15`I?r0P00sVKJR65oB>4?wD2<0b,0*24
\s:66,c:1782377502*41\!AIVDM,1,1,,A,18SJM7UP00WaJ@H;qHNVQgw<053<,0*50
\s:66,c:1782377503*40\!AIVDM,1,1,,A,33S47`50001;@cFHq@9QBju@0DhJ,0*26
\s:66,c:1782377502*41\!AIVDM,1,1,,B,17P1hv0Oil:l;ekd`IS4Mke@0D0n,0*46
\s:66,c:1782377497*4C\!AIVDM,1,1,,A,16:HQDPOi48LldBEwc8rR8q60D<K,0*0F
\s:66,c:1782377496*4D\!AIVDM,1,1,,B,13m9>AP000PL;HhSgof6>ja8053<,0*67
\s:66,c:1782377498*43\!AIVDM,1,1,,B,B7OknK000:gSA7L0`TWQ3wk1l000,0*15
\s:66,c:1782377501*42\!AIVDM,1,1,,A,13El7:W01m0?QQtH?7GbU`O@0@GW,0*7F
\s:66,c:1782377500*43\!AIVDM,1,1,,B,B7mF=T@00:6;nDOpP92>kwP4kP06,0*50
\s:66,c:1782377495*4E\!AIVDM,1,1,,B,1815Ft@01d6iHFj3CWvQv1c80<0V,0*72
\s:66,c:1782377405*47\!AIVDM,1,1,,A,3815Ft@01c6iGE<3CQE22Ad<05GC,0*24
\s:66,c:1782377503*40\!AIVDM,1,1,,A,1:kJT?0001ri8Nobkn;J>K;H08IU,0*60
\s:66,c:1782377501*42\!AIVDM,1,1,,B,177UER0wQgwWU6<DWA79sWw@0<5I,0*67
\s:66,c:1782377502*41\!AIVDM,1,1,,A,190wo`P027P4Ph`E;C5I7oED00SM,0*39
\s:66,c:1782377492*49\!AIVDM,1,1,,B,17P1gk001l:lEcCdWd0@CPQ00D0b,0*53
\s:66,c:1782377498*43\!AIVDM,1,1,,A,15@FGP02BhdEfWFL4u;3:jQ:0<00,0*7F
\s:66,c:1782377499*42\!AIVDM,1,1,,B,13ku9j@02HNee16;Urs6rmK>00S1,0*78
\s:66,c:1782377500*43\!AIVDM,1,1,,A,4000Gm1uJl`k`td3f;jALHg00D1c,0*21
\s:66,c:1782377496*4D\!AIVDM,1,1,,B,B5O0fHP00>`NOE5ThnCLkwj5l000,0*3E
\s:66,c:1782377498*43\!AIVDM,1,1,,B,16:5qBP001`gjc@AlRvbBs?:28En,0*4F
\s:66,c:1782377499*42\!AIVDM,1,1,,A,16:dv:P0188k4S0DbE=2>ASp1U3<,0*05
\s:66,c:1782377499*42\!AIVDM,1,1,,B,133dWgP000PCiE8MG<8M5bE:0<<P,0*2C
\s:66,c:1782377498*43\!AIVDM,1,1,,A,18I<UK01BccljAfJhm4b98=400S1,0*55
\s:66,c:1782377497*4C\!AIVDM,1,1,,,13m:bl?P000KOdLQLtiv4?w:0000,0*7F
\s:66,c:1782377492*49\!AIVDM,1,1,,B,13u:Tn002VPpQu@OBeB8;FQ008C>,0*09
\s:66,c:1782377497*4C\!AIVDM,1,1,,B,E>m>=9Bb3o@9b0`0P00000000003fF>a0HUdp20@@@jf80,4*69
\s:66,c:1782377499*42\!AIVDM,1,1,,B,33GQGumP@S0;DftFV=l8W6VJ00w@,0*41
\s:66,c:1782377500*43\!AIVDM,1,1,,A,13u:Tn002UPpQmrOBdEp;FQ<0<68,0*16
\s:66,c:1782377499*42\!AIVDM,1,1,,B,B5Nwsp000>f;EvUs=UcQ3wjQl000,0*57
\s:66,c:1782377500*43\!AIVDM,1,1,,,B5O@pwP0=f`i78TvDdtVgwkQl000,0*73
\s:66,c:1782377499*42\!AIVDM,1,1,,B,13HOTGPP00P0TLDLD9HM=Ow>0HG8,0*07
\s:66,c:1782377446*40\!AIVDM,1,1,,A,13aGFo0P1OPE7EFMdCac4OwL2<?K,0*46
\s:66,c:1782377267*45\!AIVDM,1,1,,A,33aGFo0P1?PE:U2Md@lbR?wN2301,0*3C
\s:66,c:1782377479*4C\!AIVDM,1,1,,A,13aG7b0002PBu:PMfojUKQDT08;@,0*5A
\s:66,c:1782377485*4F\!AIVDM,1,1,,B,13aJG9@P1<PEI:LMdC>IlOvj28>r,0*21
\s:66,c:1782377500*43\!AIVDM,1,1,,B,28SJQTPP007b1HF5tQmu8wwB00SA,0*39
\s:66,c:1782377501*42\!AIVDM,1,1,,B,35NvLa0Oh0GRnPFCCo53A39@01mh,0*1A
\s:66,c:1782377500*43\!AIVDM,1,1,,A,15N;?40000rQSuJFMMBr`Hm@0@GQ,0*06
\s:66,c:1782377501*42\!AIVDM,1,1,,A,B3gpQp0007`h<eaJaH;Q3wk1jDe:,0*30
\s:66,c:1782377501*42\!AIVDM,1,1,,A,403t>`Qvad`k``fDg8@nsaW008Gw,0*0C
\s:66,c:1782377500*43\!AIVDM,1,1,,A,13aEOH@P00PDFm:MctPEBww<R0Ro,0*7C
\s:66,c:1782377497*4C\!AIVDM,1,1,,A,13mAsv00090Jju<O40FpVVq@053<,0*1B
\s:66,c:1782377499*42\!AIVDM,1,1,,B,133ko40P00P>akhMGQNv4?w<20SD,0*7E
\s:66,c:1782377503*40\!AIVDM,1,1,9,A,13m8=5?001Qc4?p`?tmUHI9H0<0C,0*1B
\s:66,c:1782377502*41\!AIVDM,1,1,,A,342ORi@P@62mKvUucpSDJ2M>01tP,0*69
\s:66,c:1782377501*42\!AIVDM,1,1,,B,13aL=uP000P@vldMLfDe7oS>053<,0*35
\s:66,c:1782377496*4D\!AIVDM,1,1,,B,1815Hrh1iv`fE5F?=Q3R2Ac60<0T,0*18
\s:66,c:1782377500*43\!AIVDM,1,1,,B,15Mt>?P000rdbKbG@C=RHEm<0<2n,0*03
\s:66,c:1782377500*43\!AIVDM,1,1,,B,2697KSP01s7b9Kh5nkq1=Pk>0<4a,0*4B
\s:66,c:1782377503*40\!AIVDM,1,1,,B,7>oi5TiRMpD`,0*69
\g:1-2-5198798,s:66,c:1782377503*01\!AIVDM,2,1,8,B,53dm2j42A5o3TP7;?;=<ThDp@T0000000000001I?`H@6u`i0<U4U5FP,0*08
\g:2-2-5198798*6E\!AIVDM,2,2,8,B,000000000000008,2*27
\s:66,c:1782377503*40\!AIVDM,1,1,,B,169FM2P01<8LjHr=uatt09kF00Sl,0*59
\s:66,c:1782377497*4C\!AIVDM,1,1,,B,3kIjuh7P0Rwd1O2K@f@6;gw42000,0*1F
\s:66,c:1782377496*4D\!AIVDM,1,1,,A,33v1wf70000k8MFQfBn0001p0000,0*75
\s:66,c:1782377502*41\!AIVDM,1,1,,A,ENkb9TfaSh@@@@@@@@@@@@@@@@@;Wdo0=`e>@00003vP00,4*35
\s:66,c:1782377501*42\!AIVDM,1,1,,B,13aL7v0P1KPGUdvNKW@dQgwBR0RP,0*14
\s:66,c:1782377497*4C\!AIVDM,1,1,,A,160q7R001kV5:0<3DS=SJjg408EW,0*29
\s:66,c:1782377493*48\!AIVDM,1,1,,B,144WUNP02BNaAk<:egHeO:qp1`<B,0*3F
\s:66,c:1782377499*42\!AIVDM,1,1,,B,17ldKA00007KqlR0TkfP053<0<5E,0*5D
\s:66,c:1782377494*4F\!AIVDM,1,1,,B,B3prEVP00?miVPV63kOQ3wkUoP06,0*4D
\s:66,c:1782377494*4F\!AIVDM,1,1,,A,13`jfoGOh2PML?pNb0IDdBs80<7O,0*63
\s:66,c:1782377495*4E\!AIVDM,1,1,,B,137Qef0uBBP7f5@NEfOd0IW008Dc,0*04
\s:66,c:1782377500*43\!AIVDM,1,1,,A,144d?u00271Q1KBQaSO`DnU@0l0t,0*0F
\s:66,c:1782377497*4C\!AIVDM,1,1,,B,18I6@F8000WJS8v0fm8tU156053<,0*47
\s:66,c:1782377499*42\!AIVDM,1,1,,B,33K=j@00010PRtlHrv5SKWQ601:h,0*50
\s:66,c:1782377500*43\!AIVDM,1,1,,B,C9Lg@MP05`eg5?wJKpOOSwk0<e0JV2J4f:LC11111110?1052120,0*5C
\s:66,c:1782377500*43\!AIVDM,1,1,,B,169GNS0013`;f2B<mqq=MF5:2<4n,0*32
\s:66,c:1782377500*43\!AIVDM,1,1,,A,23a9=20000P60itMfPPQ;7k:053<,0*16
\s:66,c:1782377500*43\!AIVDM,1,1,,A,177CnI01Av8WA@r73RRVG5;808GJ,0*7F
\s:66,c:1782377495*4E\!AIVDM,1,1,,A,16:>o`001:8j;rPAfdG@7PG600RS,0*39
\s:66,c:1782377497*4C\!AIVDM,1,1,,A,139uDUPP00Pewq<NWi5>4?w82<4O,0*3C
\s:66,c:1782377499*42\!AIVDM,1,1,,B,35Pm>0@P2?oS@1fBq`fCLgw:21iQ,0*0D
\s:66,c:1782377499*42\!AIVDM,1,1,,A,13F:jH000:OueuREsb80qnk<0<1i,0*48
\s:66,c:1782377499*42\!AIVDM,1,1,,A,B3`etBh00846nAWG0rjl;wkUoP06,0*06
\s:66,c:1782377497*4C\!AIVDM,1,1,,B,33MCWqhP@10;hNrMs`G4F6C801o0,0*63
\s:66,c:1782377497*4C\!AIVDM,1,1,,A,14QIVl001EIVUL:@>;Cm1ku<0D0?,0*4A
\s:66,c:1782377431*40\!AIVDM,1,1,,B,13aJJRP01JPCeuVMSe9IlolpPD5B,0*2D
\s:66,c:1782377500*43\!AIVDM,1,1,,A,144WUNPOjANaAgh:ehtePrsp1d00,0*5C
\s:66,c:1782377499*42\!AIVDM,1,1,,A,33bLtJ7P0k0HOuvNAPR7<Ow@25ES,0*51
\s:66,c:1782377495*4E\!AIVDM,1,1,,A,13EiavW00CP@0qJH>nskSk;60L1T,0*3C
\s:66,c:1782377501*42\!AIVDM,1,1,,A,33aDBDmP00PCr?LMF0Upq?wDRE1:,0*55
\s:66,c:1782377501*42\!AIVDM,1,1,,A,137Qef02RBP7etlNEfuswqW:0L2f,0*61
\s:66,c:1782377503*40\!AIVDM,1,1,,A,13l3nP@01j0>sJRMVQatoJ=B0@I<,0*0B
\s:66,c:1782377500*43\!AIVDM,1,1,,A,29NSje1P@2Wb2n45tLKqU@=>2HFg,0*0B
\s:66,c:1782377501*42\!AIVDM,1,1,,B,B5ODi:000>C?2M4>OlcQ3wlQl000,0*39
\s:66,c:1782377501*42\!AIVDM,1,1,,A,33tqK<5000Pr8tFP3e`VgnQ@0DlJ,0*03
\s:66,c:1782377499*42\!AIVDM,1,1,,B,B8Ls;JP0P9harl17s<nkGwgVP000,0*22
\s:66,c:1782377503*40\!AIVDM,1,1,,A,13fJ;L001i1HpS`PWmGGsVIH0@Ig,0*0D
\s:66,c:1782377496*4D\!AIVDM,1,1,,B,1395@l00ih8eTvh?>PsA10s40<1E,0*4C
\s:66,c:1782377493*48\!AIVDM,1,1,,A,33IM:30Oi?OS4GTK9k26h5O400u@,0*37
\s:66,c:1782377499*42\!AIVDM,1,1,,B,33IM:30OiAOS4GnK9jcnkma:016@,0*41
\s:66,c:1782377499*42\!AIVDM,1,1,,B,19NSaUP02QJ=wTN9vFQC>jW<0@GD,0*4A
\s:66,c:1782377498*43\!AIVDM,1,1,,B,18JwK20P007KcBT0g7g>2?w>053<,0*76
\s:66,c:1782377499*42\!AIVDM,1,1,,A,13l9<m@P00Pe:FBI>dHf4?w<20RW,0*41
\s:66,c:1782377499*42\!AIVDM,1,1,,A,13AU`b00088d3DnDR:nMTqw@0<0U,0*0B
\g:1-2-5198799,s:66,c:1782377189*06\!AIVDM,2,1,9,B,58I6;A82GaGwUKSK;604i>0<E8E>222222222216H@uHC5l:0IliljCg,0*15
\g:2-2-5198799*6F\!AIVDM,2,2,9,B,T5hQhH888888880,2*56
\s:66,c:1782377498*43\!AIVDM,1,1,,B,15PuBn8P15SmRGP>W0jU3Ow>00Sw,0*48
\s:66,c:1782377499*42\!AIVDM,1,1,,B,17lda>?P0j8FUDWwBct2<Ow:28Ev,0*6E
\s:66,c:1782377495*4E\!AIVDM,1,1,,A,13bfth0P000G2;LNBWF@k?w4053<,0*2E
\s:66,c:1782377498*43\!AIVDM,1,1,,A,16:=PDP00l`g8tJAhK4lq4s:66,0*6D
\s:66,c:1782377495*4E\!AIVDM,1,1,,B,B39pW6P0601`@KURoB6;CwhWp000,0*2C
\s:66,c:1782377493*48\!AIVDM,1,1,,B,402R3K1vad`kQ1@bCVQplso000S:,0*2F
\s:66,c:1782377501*42\!AIVDM,1,1,,A,15N6@7P001oRV?:CCJOSTmk@0L16,0*1D
\s:66,c:1782377392*4E\!AIVDM,1,1,,B,33`gQ6E000PBwo8Mfd5N441`0D;J,0*62
\s:66,c:1782377502*41\!AIVDM,1,1,,A,18Ht`;?P01WKF>f0f2KP0?wB2<;o,0*3B
\g:1-2-5198800,s:66,c:1782377472*08\!AIVDM,2,1,0,A,53aN2dH0000107KK7L1<tp4q<00000000000000i0`302ulhk2PCVEj1,0*64
\g:2-2-5198800*60\!AIVDM,2,2,0,A,DQ@000000000000,2*41
\s:66,c:1782377500*43\!AIVDM,1,1,,B,29NSe3m0007aqJb630hUQA5@053<,0*50
\s:66,c:1782377498*43\!AIVDM,1,1,,A,35960vh000HHv?l=B80I;P?p0000,0*0E
\s:66,c:1782377501*42\!AIVDM,1,1,,A,13AnRd?P000jsDlPk9@f4?wB053<,0*43
\s:66,c:1782377484*4E\!AIVDM,1,1,,B,1815GUQ4P8PCIFTMonf5Uird82dM,0*69
\s:66,c:1782377501*42\!AIVDM,1,1,,B,11audQPP00W=ld:7N8900?w>28H8,0*28
\s:66,c:1782377502*41\!AIVDM,1,1,,B,13mlv:3000P73MfMTC1aoig@0HH`,0*6D
\s:66,c:1782377496*4D\!AIVDM,1,1,,B,16:<0WP00uWt<q89B5aoSn=6053<,0*4C
\s:66,c:1782377502*41\!AIVDM,1,1,,A,16:RVr0Oh@8hb4DAt:43@BuF00SA,0*53
\s:66,c:1782377497*4C\!AIVDM,1,1,,A,14b7eT001;8i`9hAlm08Q6a008E1,0*2F
\s:66,c:1782377497*4C\!AIVDM,1,1,,A,35DnAB002>R4sa>GDEcJe8U<01bA,0*36
\s:66,c:1782377503*40\!AIVDM,1,1,,B,39@>lrAP@2vpnHh6j49s3FUB0DUb,0*67
\s:66,c:1782377501*42\!AIVDM,1,1,,,B5OB8QP005l8DMVoN5CQ1ODQl000,0*2B
\s:66,c:1782377497*4C\!AIVDM,1,1,,B,13gVRUPP00NrIUJThqc@5gw:08Ek,0*2C
\s:66,c:1782377499*42\!AIVDM,1,1,,A,14`UuV@0050OK22NueF9cjg@053<,0*71
\g:1-2-5198801,s:66,c:1782377223*0B\!AIVDM,2,1,1,A,53`lTOH000010CS3WT0p5E@T=A84q<000000000D=h0<0t@P004Sm51D,0*46
\g:2-2-5198801*61\!AIVDM,2,2,1,A,Q0CB1CQiC3p8800,2*3F
\s:66,c:1782377500*43\!AIVDM,1,1,,B,13WE500000OVeCnDQvv8VAe<0@GS,0*66
\s:66,c:1782377500*43\!AIVDM,1,1,,B,17tKmmgP007@47n1emSC6gw<0D1v,0*31
\s:66,c:1782377494*4F\!AIVDM,1,1,,A,13u?o3?01n1D90DQl1wSQBq22HCq,0*6A
\s:66,c:1782377498*43\!AIVDM,1,1,,A,13P=S>@0090DA<DN6>dbJEc>0000,0*02
\s:66,c:1782377500*43\!AIVDM,1,1,,B,13HP>L3P0EP0QDNLCvd9s?w@28GP,0*22
\s:66,c:1782377492*49\!AIVDM,1,1,,B,13n4jRP0000l0lnU0hoSFqtv0<1:,0*48
\g:1-2-5198802,s:66,c:1782377498*0E\!AIVDM,2,1,2,A,57liVfl2Dvm=T87C3G0<:pd=BoC334000000000t00000>k402S3Qp50,0*66
\g:2-2-5198802*62\!AIVDM,2,2,2,A,CQimB8000000000,2*4A
\s:66,c:1782377493*48\!AIVDM,1,1,,A,33n4jRP0000l0llU0hp3G9up0000,0*7D
\g:1-2-5198803,s:66,c:1782377261*0F\!AIVDM,2,1,3,A,5340k9`00000uCG??T0<5TDppD0000000000001@=P2845aT<72CTm1A,0*4F
\g:2-2-5198803*63\!AIVDM,2,2,3,A,Bj0EQC`<iH41E4P,2*01
\s:66,c:1782377453*44\!AIVDM,1,1,,A,B3`g>=00>p4o@J7JoPQ<KwrQl8ON,0*29
\s:66,c:1782377347*46\!AIVDM,1,1,,A,3340k9U0000CgGbMcVgbbU8<PDdJ,0*50
\s:66,c:1782377502*41\!AIVDM,1,1,,,B4eH;r00;7t6eJ57o9HoGwm1h000,0*53
\s:66,c:1782377500*43\!AIVDM,1,1,,A,15?dN=001o0CiavNi1fj1Qc<00SA,0*6E
\s:66,c:1782377503*40\!AIVDM,1,1,,A,B69aFEP0SR;jwFTCfw6KetE3QP06,0*13
\s:66,c:1782377500*43\!AIVDM,1,1,,A,13=?8L001A0:KcDMGLN<Q9o<053<,0*41
\s:66,c:1782377500*43\!AIVDM,1,1,,B,16;9ruPP01`hT:PAJfVf4?w>28GN,0*0C
\s:66,c:1782377502*41\!AIVDM,1,1,,B,E>nrAV<Q7TPhLP0000000000000>Epjiq:53000003lP10,4*30
\s:66,c:1782377495*4E\!AIVDM,1,1,,B,13m2Gp00RKGljeB>BaO<79a600Rh,0*3D
\s:66,c:1782377503*40\!AIVDM,1,1,,A,19NSlE@wR12;iaHBQNd4;CEH00S2,0*1E
\s:66,c:1782377503*40\!AIVDM,1,1,,B,13bRSj000h0@KU@MK2h3NBgF0@IG,0*64
\s:66,c:1782377495*4E\!AIVDM,1,1,,B,33`jf=mP0G0G`1dNPMWV=ww40JEP,0*48
\s:66,c:1782377498*43\!AIVDM,1,1,,B,13FSHV3000wchTJE0H`=37w20<1u,0*24
\s:66,c:1782377499*42\!AIVDM,1,1,,A,13o6E<70?wQnpot`WH6f40e>08Fc,0*42
\s:66,c:1782377494*4F\!AIVDM,1,1,,A,13MA=Uh00VP4rjTNrk=P;@U40<3F,0*0F
\s:66,c:1782377499*42\!AIVDM,1,1,,A,13enNB002JJcpNTErAwTmSs<0@G=,0*36
\s:66,c:1782377500*43\!AIVDM,1,1,,A,1:5eMd0P007Jlt`0gc7FEww:0D=T,0*16
\s:66,c:1782377497*4C\!AIVDM,1,1,,B,18Hsvd0P00WJm5@0gmSbK?w:28Ef,0*7B
\s:66,c:1782377482*48\!AIVDM,1,1,,B,H7Ofdl0EHtiE@Ttr22222222220,2*3E
\s:66,c:1782377496*4D\!AIVDM,1,1,,B,H7Ofdl4U65341MglhlqoA31PE550,0*15
\s:66,c:1782377495*4E\!AIVDM,1,1,,A,1815TS@01f`bb?d?CU`PuPu200RN,0*57
\s:66,c:1782377497*4C\!AIVDM,1,1,,A,13mj1O0PCm1bNht`9;F5pla<053<,0*48
\s:66,c:1782377500*43\!AIVDM,1,1,,B,16:6w@0000`LIsh=wGN>40o@2<Fi,0*10
\s:66,c:1782377426*46\!AIVDM,1,1,,B,13MBTGP004PB2?6MsqDUiRRn0<3n,0*7E
\s:66,c:1782377400*42\!AIVDM,1,1,,B,33MBTGPP@6PB2>HMsqJ6BRan0000,0*35
\s:66,c:1782377500*43\!AIVDM,1,1,,B,16S`VA010;9=WqHD4@mF9CE<08EK,0*78
\s:66,c:1782377501*42\!AIVDM,1,1,,B,16:?5pPP1>`faf0A0OkWsww@2ED?,0*61
\s:66,c:1782377500*43\!AIVDM,1,1,,A,16:>Q3001E8h:<lAk20bI8i>08GD,0*6E
\s:66,c:1782377353*43\!AIVDM,1,1,,A,B3`eKfh000583JWK>e;Q3wVQjE4b,0*44
\s:66,c:1782377495*4E\!AIVDM,1,1,,B,15BMcb001I`iBo:AgSCIB7S000SD,0*37
\s:66,c:1782377502*41\!AIVDM,1,1,,A,38JlSf002?3w>:@>r0wS32CD0D5=,0*11
\s:66,c:1782377498*43\!AIVDM,1,1,,B,13bd@p7001PEpaFNC=sL;Is<08FK,0*62
\s:66,c:1782377464*40\!AIVDM,1,1,,B,339dAfUP00PCTsPMcqG0AgwP0Dn:,0*37
\s:66,c:1782377494*4F\!AIVDM,1,1,,B,19>Dj<S001Oca6b2pUL6u892000:,0*5B
\s:66,c:1782377503*40\!AIVDM,1,1,,B,15NJf7c000o?qNbK>:fR`lC@0@Hk,0*0D
\s:66,c:1782377503*40\!AIVDM,1,1,,B,15St1p002b305s;gMluqLoS008IG,0*6D
\s:66,c:1782377500*43\!AIVDM,1,1,,A,137VNJ000qPHJhtQhFRv3h5:00SU,0*47
\s:66,c:1782377500*43\!AIVDM,1,1,,A,D03Ovl0tEN>4gTffpfpNfp0,2*4E
\s:66,c:1782377502*41\!AIVDM,1,1,,,B3MB:qh00K=>IGMVI7OQ3wm1l000,0*43
\s:66,c:1782377501*42\!AIVDM,1,1,,B,28SJRbU0007bNpT5uVC7Phw<08FA,0*42
\s:66,c:1782377495*4E\!AIVDM,1,1,,B,ENl5A;t2Hp@@@@@@@@@@@@@@@@@DH3Oa8qMoH00003v010,4*71
\s:66,c:1782377500*43\!AIVDM,1,1,,A,13aI;ThP00PGCaDNOgFqtOw@0000,0*77
\s:66,c:1782377495*4E\!AIVDM,1,1,,A,13ch`b?P00PpJs2Ee9Ff4?w42000,0*1A
\s:66,c:1782377493*48\!AIVDM,1,1,,A,13JDNB0P0UweNhnK<DB:ipK20000,0*52
\s:66,c:1782377498*43\!AIVDM,1,1,,B,E8SJ;PjT7W@20bP000000000000ClNt45rJR@<1QQSj000,4*3A
\s:66,c:1782377499*42\!AIVDM,1,1,,A,28SK2rBP00Wappb61J9v4?w>20S6,0*15
\s:66,c:1782377500*43\!AIVDM,1,1,,A,369D:JwOjt`h4::AINiJW`S>00bP,0*39
\s:66,c:1782377494*4F\!AIVDM,1,1,,A,16QiKD0000RP2gn@knPUc;?620Rp,0*1E
\s:66,c:1782377493*48\!AIVDM,1,1,,A,13f8n402APwU1aVLdL304h<n053<,0*74
\s:66,c:1782377499*42\!AIVDM,1,1,,B,13m:bF?P00PWFFnQHMoN4?w<2D0:,0*1B
\s:66,c:1782377499*42\!AIVDM,1,1,,B,138mAH8P002G9?<ClgU34gw>0L2:,0*1C
\s:66,c:1782377494*4F\!AIVDM,1,1,,B,403t?HAuJl`kP`VG1T?Iu`W0053<,0*42
\s:66,c:1782377495*4E\!AIVDM,1,1,,A,13INWc`04>wh0t8K=FNUHDE42D2;,0*07
\s:66,c:1782377499*42\!AIVDM,1,1,,A,19NSnghwBsTl`IAprUv2<Qq:00SI,0*6B
\s:66,c:1782377498*43\!AIVDM,1,1,,B,B52ah=000>fKh2UuKduwcwj5l000,0*37
\s:66,c:1782377498*43\!AIVDM,1,1,,B,13@njdW000Ph4MhPqRv86G;<00SM,0*1C
\s:66,c:1782377496*4D\!AIVDM,1,1,,A,33l8lB01joNlsLPBnfW1VQCp0000,0*0D
\s:66,c:1782377501*42\!AIVDM,1,1,,B,13ku:ph01IrKGg:>oU:cJ93:00Rc,0*66
\s:66,c:1782377266*44\!AIVDM,1,1,,B,33aIin?P00PBrRRMag>f4?wL2AsS,0*75
\s:66,c:1782377501*42\!AIVDM,1,1,,B,19NSqthvBkLa`Main021riU>0@HE,0*5A
\s:66,c:1782377500*43\!AIVDM,1,1,,B,15?diH@01V7awVl5tQLuPJk>0<5>,0*36
\s:66,c:1782377500*43\!AIVDM,1,1,,B,68SJ;Ph000cl00000@OP0P0,2*33
\s:66,c:1782377477*42\!AIVDM,1,1,,B,33b3SJ001;PC0u`MfSNdCarP0000,0*03
\s:66,c:1782377501*42\!AIVDM,1,1,,B,19NSP3h00lPB0sbMjB3`bVq40HH7,0*24
\s:66,c:1782377501*42\!AIVDM,1,1,,B,1543HD;Oj7wGK`rIa1E8>Fc>053<,0*21
\s:66,c:1782377501*42\!AIVDM,1,1,,A,B7tJMv@0EQjP?i0rOh8e0TN00000,0*7C
\s:66,c:1782377502*41\!AIVDM,1,1,,B,13ErCd8P00NqISl@6cRf4?wB2D2:,0*77
\s:66,c:1782377501*42\!AIVDM,1,1,,B,1394F>03jn8BL@mcc8SSTRq<0HGu,0*77
\s:66,c:1782377499*42\!AIVDM,1,1,,B,B52gvmh006C@9oT>Ss3Q3wk1h000,0*79
\s:66,c:1782377501*42\!AIVDM,1,1,,B,3394F>042o8BLBkcc8SCSRq>0000,0*70
\s:66,c:1782377501*42\!AIVDM,1,1,,A,19NSRU01Ah8l=h6A4uuumh1>0HHK,0*5A
\s:66,c:1782377501*42\!AIVDM,1,1,,B,E>mWA7Kb;Hh@@@@@@@@@@@@@@@@ClR`q5tw2`1088;v0000,2*66
\s:66,c:1782377502*41\!AIVDM,1,1,,B,15?dQUhvh@rCbj858sOtVr5D00SK,0*41
\s:66,c:1782377496*4D\!AIVDM,1,1,,B,13n4sw`0001ajH2`JI44sqe60HEW,0*31
\s:66,c:1782377503*40\!AIVDM,1,1,,B,28SK2rBP00Wappb61J:>4?wD20SH,0*59
\s:66,c:1782377503*40\!AIVDM,1,1,,A,33l9C2000612aPJDRAWFBU3p0000,0*6E
\s:66,c:1782377503*40\!AIVDM,1,1,,B,16=q?60P005ePQp3vOke8?wD0@I9,0*16
\s:66,c:1782377503*40\!AIVDM,1,1,,A,19AF36@Ohd2D5VFAnU17JmwB00S7,0*76
\s:66,c:1782377501*42\!AIVDM,1,1,,A,19NSoNP1Av1@B3BDFsdc;a1B0D0p,0*6D
\g:1-2-5198804,s:66,c:1782377496*06\!AIVDM,2,1,4,A,53GQJ1H2F`;LD9<h0018Tv058h4q`4000000000o2H@3500Ht00hA2F`,0*75
\g:2-2-5198804*64\!AIVDM,2,2,4,A,4l0BCP000000000,2*19
\s:66,c:1782377497*4C\!AIVDM,1,1,,A,14dBh00uA`wVBW>DRh?k7BQ80`Em,0*7D
\s:66,c:1782377494*4F\!AIVDM,1,1,,A,35O7MjP2idJT6tbE9I38tW5p0000,0*76
\s:66,c:1782377499*42\!AIVDM,1,1,,B,15CjE`0007:m9>5dK3edaQO008FC,0*10
\s:66,c:1782377497*4C\!AIVDM,1,1,,A,B3MCBpP000LeS<5C7DlfUvN00000,0*1F
\s:66,c:1782377495*4E\!AIVDM,1,1,,A,13cdr43P060RO7HFl>=4GOw40<0N,0*76
\g:1-2-5198805,s:66,c:1782377498*09\!AIVDM,2,1,5,A,5815VfP2@Bf=KL7KWGT4n0t<D4r10D58h000001?D8M>B5dc0Mm0B@hC,0*65
\g:2-2-5198805*65\!AIVDM,2,2,5,A,Qh0000000000000,2*18
\s:66,c:1782377499*42\!AIVDM,1,1,,B,14`V4J00248VEJLF82lbk`e<0@FQ,0*34
\s:66,c:1782377498*43\!AIVDM,1,1,,A,H5`V>;iDqL5HE8TpN2222222220,2*12
\s:66,c:1782377138*4C\!AIVDM,1,1,,B,H5`V>;lU1=308RqJ:<jnmm10855t,0*43
\g:1-2-5198806,s:66,c:1782377426*0F\!AIVDM,2,1,6,A,53`dfhp000010OOGGD1I8T`PDT@000000000001I?@=845dFP6TSm51D,0*03
\g:2-2-5198806*66\!AIVDM,2,2,6,A,Q0CH81F63kSChR@,2*33
\s:66,c:1782377495*4E\!AIVDM,1,1,,B,13ktvN01iiwwagrEir;AAi940PRV,0*10
\s:66,c:1782377309*4C\!AIVDM,1,1,,B,33`dfhm0000CaUrMchRFO2BnPDFr,0*64
\s:66,c:1782377500*43\!AIVDM,1,1,,B,16:c8<00008828B=3glDh01>0000,0*21
\s:66,c:1782377497*4C\!AIVDM,1,1,,A,19NSdeP01pOg?<PDUhek6BE:0000,0*14
\s:66,c:1782377497*4C\!AIVDM,1,1,,A,18R:bNP000SS0oD@<Ne7>9q400SO,0*2E
\s:66,c:1782377499*42\!AIVDM,1,1,,B,19NSK6@02G00hnBFL:fe5:O:0<=3,0*47
\s:66,c:1782377499*42\!AIVDM,1,1,,A,15O=L60O@0o@Pk0KM2Af4?w>J53<,0*20
\s:66,c:1782377502*41\!AIVDM,1,1,,B,1815VfP01N`kllh@l5h@IPI@0D1e,0*65
\s:66,c:1782377499*42\!AIVDM,1,1,,A,35O7MjP2ioJT6qlE9Hj`tW7p0000,0*74
\s:66,c:1782377485*4F\!AIVDM,1,1,,B,13aGsl@P0DPCFq4MdHcuc?vjR8>t,0*7D
\s:66,c:1782377436*47\!AIVDM,1,1,,A,33aGsl@P00PCFrlMdH=N4?w8RBrk,0*1B
\s:66,c:1782377499*42\!AIVDM,1,1,,B,33P=pe001kNcVsV8FF;N0@1<009S,0*03
\g:1-2-5198807,s:66,c:1782377503*08\!AIVDM,2,1,7,B,53P=pe82Ch7O8T<WD00dl58Tr18DL58@0000001II@hEG5f3NOADp340,0*22
\g:2-2-5198807*67\!AIVDM,2,2,7,B,@00000000000000,2*50
\s:66,c:1782377497*4C\!AIVDM,1,1,,A,B39N=aP0?h=Phq`>uwftNFv00000,0*3F
\s:66,c:1782377496*4D\!AIVDM,1,1,,B,17ldgqk0008KQAwwFWk1`i=p0l07,0*51
\s:66,c:1782377499*42\!AIVDM,1,1,,A,1815MdP01B0@7UBMlU<DNSW<08FA,0*34
\s:66,c:1782377502*41\!AIVDM,1,1,,A,37WK9CU000Tw7kt=0Qq8:H3<0000,0*42
\s:66,c:1782377500*43\!AIVDM,1,1,,B,17ljfdhP01`FdB?wBv`P0?w>28Hi,0*3F
\s:66,c:1782377502*41\!AIVDM,1,1,,A,402HW4Qvad`kaODD:pMP2>700@Hj,0*32
\s:66,c:1782377503*40\!AIVDM,1,1,,B,17OoKQPP02:l9fkd`:qp7wwD0<1b,0*6A
\s:66,c:1782377500*43\!AIVDM,1,1,,A,15W=Wt00002CnGNAO1@<ElK<053<,0*6A
\s:66,c:1782377498*43\!AIVDM,1,1,,B,15O?bh;wPKo?IoPKCPr7B?w20`88,0*5F
\s:66,c:1782377498*43\!AIVDM,1,1,,A,15`VBO@P1r0NawJHTR0i6ww:08Fi,0*54
\s:66,c:1782377495*4E\!AIVDM,1,1,,A,33aQdgp0110EqFJNDwU<gb:jP12h,0*27
\s:66,c:1782377498*43\!AIVDM,1,1,,B,13EqPr0P00NmamF@BdB@0?w608F?,0*63
\s:66,c:1782377498*43\!AIVDM,1,1,,A,16:d1ti00a88=I@=21;<jJ>01P06,0*76
\s:66,c:1782377500*43\!AIVDM,1,1,,B,13aQdgp00w0EqDrNDwgtfJ:pP@Ft,0*0B
\s:66,c:1782377500*43\!AIVDM,1,1,,B,B6:d1th0:B23F;3@PDW<>SCWQP06,0*64
\s:66,c:1782377497*4C\!AIVDM,1,1,,B,15CDk00uBAWO<s@0uEAaC7E:053<,0*0D
\s:66,c:1782377499*42\!AIVDM,1,1,,B,1815VI@022q?lPd@02E0;P2b0HFk,0*08
\s:66,c:1782377499*42\!AIVDM,1,1,,B,36:dsWO02:8gOKPA`vRP8@K<02DP,0*6A
\s:66,c:1782377498*43\!AIVDM,1,1,,B,38KW660OhI7L3Ip0gksBckE>029h,0*30
\s:66,c:1782377501*42\!AIVDM,1,1,,A,13l3ob00227RHaT1mAC8AVW<053<,0*7E
\s:66,c:1782377496*4D\!AIVDM,1,1,,B,16:96O001F`j<WPAi0t>2@A420Rj,0*71
\s:66,c:1782377502*41\!AIVDM,1,1,,A,B5O0fP0006L81d4F4KL000N00000,0*30
\s:66,c:1782377503*40\!AIVDM,1,1,,B,36;8Th10028kDVnA;23@9C3>0Do:,0*5E
\s:66,c:1782377501*42\!AIVDM,1,1,,A,16Srvw4000a=QG6D4UgjbBm@28Gw,0*66
\s:66,c:1782377503*40\!AIVDM,1,1,,B,13ku0F002b41p`UrpMb2U27H0D01,0*2D
\s:66,c:1782377503*40\!AIVDM,1,1,,B,19NSG?h01r7WlwP2ihkiEQ5H0D0u,0*11
\g:1-2-5198808,s:66,c:1782377503*07\!AIVDM,2,1,8,A,59NRuJ829WAHDi13T00uE8v0@v0985<Th0000016@`W?;5b60=U4U5FP,0*67
\g:2-2-5198808*68\!AIVDM,2,2,8,A,000000000000000,2*2C
\s:66,c:1782377503*40\!AIVDM,1,1,,A,18Lg4q0P00W=kAP7QGgv4?wD20Rt,0*1D
\s:66,c:1782377503*40\!AIVDM,1,1,,A,B5O9V<P00=ksjp6l3WSQ3wmUoP06,0*5B
\s:66,c:1782377503*40\!AIVDM,1,1,,B,13ku8`h02BwEV@RE5ktLR9wB08IG,0*44
\s:66,c:1782377495*4E\!AIVDM,1,1,,A,B5O>7n000=kcumVt:NROHdv00000,0*45
\s:66,c:1782377501*42\!AIVDM,1,1,,A,39NSsoh0008d0tTB4fDh03i@00Gk,0*03
\s:66,c:1782377499*42\!AIVDM,1,1,,B,13cuhq0P0=0dDA8I@A58Pgw<0@G;,0*19
\s:66,c:1782377440*46\!AIVDM,1,1,,A,H3prpp0M8uLhE80000000000000,2*04
\s:66,c:1782377497*4C\!AIVDM,1,1,,A,H3prpp4T0000000C@7khih180210,0*33
\s:66,c:1782377498*43\!AIVDM,1,1,,A,14a9Q60031rL;n4>lEu4BkM80D0F,0*49
\s:66,c:1782377500*43\!AIVDM,1,1,,A,16::hnP01M8j44PDWCW0IP?>0@G:,0*1B
\s:66,c:1782377497*4C\!AIVDM,1,1,,B,4025bpiuJl`kRPnp@rOP4OA020S:,0*55
\s:66,c:1782377498*43\!AIVDM,1,1,,B,33HjJngP0cPDm@2HfqmIw?w>26w3,0*76
\s:66,c:1782377498*43\!AIVDM,1,1,,B,13?u4AU01J0e=nLN``NLnbK60HFE,0*0A
\g:1-2-5198809,s:66,c:1782377498*05\!AIVDM,2,1,9,A,55@S>h02?6IO<G;3C204:104htl622222222221A<`J?55c60ES3kAKE,0*26
\g:2-2-5198809*69\!AIVDM,2,2,9,A,3ikp88888888880,2*6C
\s:66,c:1782377500*43\!AIVDM,1,1,,B,18uI7`30001mENIdTGIHL2c80@GJ,0*74
\g:1-2-5198810,s:66,c:1782377255*0A\!AIVDM,2,1,0,B,53aGu=4000010CC;CB10TE@E:pj222222222220l0`@33uEg06TSm51D,0*41
\g:2-2-5198810*61\!AIVDM,2,2,0,B,Q0CH88888888880,2*4D
\s:66,c:1782377501*42\!AIVDM,1,1,,A,B69ED`P0G2>5jpT17UrsbFN021Mk,0*77
\s:66,c:1782377485*4F\!AIVDM,1,1,,B,13aGu=<P00PD<S`MdJVck?vlRH>l,0*6E
\s:66,c:1782377355*45\!AIVDM,1,1,,A,33aGu=<P00PD<QVMdJTdOOvPR2dQ,0*2B
\s:66,c:1782377498*43\!AIVDM,1,1,,A,13`nw20005PUA3NNWkl9PQG:053<,0*02
\s:66,c:1782377499*42\!AIVDM,1,1,,B,17liW`8P0G7M4G80VdMu??vn38FQ,0*01
\s:66,c:1782377493*48\!AIVDM,1,1,,B,1819DshP00G<w>BL8K>2i?w00@CL,0*06
\s:66,c:1782377498*43\!AIVDM,1,1,,A,15O8bqd000q<m:hA2vc5SOw<0000,0*64
\s:66,c:1782377500*43\!AIVDM,1,1,,A,39NSdHP11a4Ja99tKIrAgAS>02pi,0*26
\s:66,c:1782377502*41\!AIVDM,1,1,,A,1566v<50?w<tSF0l4Q@>4;3v8d4C,0*5E
\s:66,c:1782377494*4F\!AIVDM,1,1,,A,H3mslG1HDqADiE<000000000000,2*33
\s:66,c:1782377494*4F\!AIVDM,1,1,,A,H3mslG4T0000000<;qlho0181210,0*1E
\s:66,c:1782377502*41\!AIVDM,1,1,,B,7:5dn?1RMpD`,0*52
\s:66,c:1782377496*4D\!AIVDM,1,1,,B,13`jEQwP00PGC3NNOi<>4?w82@E>,0*10
\s:66,c:1782377503*40\!AIVDM,1,1,,A,19NSFKP02@JWC947@WaQrQgJ0<0G,0*1A
\s:66,c:1782377502*41\!AIVDM,1,1,,A,19NSN3@031Igcf00sH`F=DqB0D00,0*34
\s:66,c:1782377502*41\!AIVDM,1,1,,B,13e22l001dWJOf:0cOD;Pq5@08Ha,0*63
\s:66,c:1782377502*41\!AIVDM,1,1,,A,19NSpq@wP4`hbgJA245e`RC600S2,0*17
\s:66,c:1782377496*4D\!AIVDM,1,1,,B,B3pr`5h0<h2HroUSBHpR;wj1jFDc,0*5A
\g:1-2-5198811,s:66,c:1782377503*0F\!AIVDM,2,1,1,A,58I9@982FM<OUKO7WJ0d5<PTpN22222222222216C@JD:5rV0FCFPQEp,0*18
\g:2-2-5198811*60\!AIVDM,2,2,1,A,888888888888880,2*25
\s:66,c:1782377502*41\!AIVDM,1,1,,B,14RjuT0OjQOU2`nKg6H6cm;D00SM,0*50
\s:66,c:1782377498*43\!AIVDM,1,1,,A,13aGtD`P00PIGe0NBDKv4?w<2000,0*3E
\s:66,c:1782377500*43\!AIVDM,1,1,,B,17tKop@P01W?s<<1fCph0?w>2HHk,0*1A
\s:66,c:1782377499*42\!AIVDM,1,1,,B,3kH`av?P@eOpE0@K0JgaO6w62000,0*0F
\s:66,c:1782377502*41\!AIVDM,1,1,,B,16:BGi8P028foI@ARF000?w@0@H?,0*4C
\s:66,c:1782377497*4C\!AIVDM,1,1,,A,1815Tf02BJ0185h39=>lA3O:0U3<,0*7F
\s:66,c:1782377498*43\!AIVDM,1,1,,B,13m7uR8P00PK2:>SWdJf4?w:253<,0*1D
\s:66,c:1782377500*43\!AIVDM,1,1,,A,16;1k:0uQM8i:<J@w0QrVpTd0hDD,0*54
\s:66,c:1782377499*42\!AIVDM,1,1,,A,B40au@00=p:=Hk6FQ>QKq=C4CP06,0*76
\s:66,c:1782377495*4E\!AIVDM,1,1,,A,B3:1ab0006rF1r24NN?Q3wiQjD?:,0*11
\s:66,c:1782377496*4D\!AIVDM,1,1,,B,B7mF?N00AIo<CF0:pus<WwhVSP06,0*0F
\s:66,c:1782377498*43\!AIVDM,1,1,,B,18LBG`000iWKjip0g6F19i1<20S?,0*16
\s:66,c:1782377499*42\!AIVDM,1,1,,,B819BDP02NcmVj5ocOgQ3wh5oP06,0*5D
\s:66,c:1782377494*4F\!AIVDM,1,1,,A,33e==b002dHnaE40kTsql7q201dA,0*70
\s:66,c:1782377499*42\!AIVDM,1,1,,B,13@pV`h01dwuMNLEN3H1k1Q@00S5,0*0D
\s:66,c:1782377500*43\!AIVDM,1,1,,A,15?dLkcP00rBBHv5GIIaPgw>2D6l,0*60
\s:66,c:1782377500*43\!AIVDM,1,1,,B,14ScVT001mP2F62LtS8apGo>0@Fq,0*7D
\s:66,c:1782377500*43\!AIVDM,1,1,,B,1815QUP01`7af;N5uwAlQCc@0000,0*73
\s:66,c:1782377499*42\!AIVDM,1,1,,A,3815QUP01`7af9j5uwH4QCc<0001,0*78
\s:66,c:1782377498*43\!AIVDM,1,1,,B,13aIjWhP0MPA2=HMNpDjEgw:253<,0*1B
\s:66,c:1782377498*43\!AIVDM,1,1,,B,355LrjAP02Rk:54<BI5>4?w<2Dlb,0*57
\s:66,c:1782377497*4C\!AIVDM,1,1,,B,B52j?s0006d1BBUpEC?Q3wjQh000,0*7F
\s:66,c:1782377501*42\!AIVDM,1,1,,B,135NdH@P0gPf46@N`9eDlgwB2<2w,0*00
\s:66,c:1782377501*42\!AIVDM,1,1,,A,34VFgd0vBKwWBTpKK10`76K804RC,0*3D
\s:66,c:1782377503*40\!AIVDM,1,1,,A,19NSba00217m:ED5f@KWj6KD0U3<,0*64
\s:66,c:1782377500*43\!AIVDM,1,1,,B,142LQhg000264V8GGu@=CBC>0@GE,0*68
\s:66,c:1782377475*40\!AIVDM,1,1,,A,139eh1PP1TPCC><Mei35<gvN2H8v,0*06
\s:66,c:1782377501*42\!AIVDM,1,1,,A,13aBKW@P00PFfE6Mv9r>4?w>2HGN,0*77
\s:66,c:1782377500*43\!AIVDM,1,1,,B,16:BGOP2Q<8hqmVAvpNG>ETT0PSO,0*0E
\s:66,c:1782377500*43\!AIVDM,1,1,,A,C3`8Tt000J5bUgwlbW5v;TN0WaKSU:0000000000000000D2RRR0,0*18
\s:66,c:1782377498*43\!AIVDM,1,1,,A,16:QsI001Q8LF9<Ev=g2Biq:08F5,0*67
\s:66,c:1782377502*41\!AIVDM,1,1,,B,13P7rUPv@R`lLj@AMd9RHR7@0@GR,0*32
\s:66,c:1782377501*42\!AIVDM,1,1,,A,16=q>tPP005k>nN3PKjF:?wD08H>,0*2B
\g:1-2-5198812,s:66,c:1782377501*0E\!AIVDM,2,1,2,A,56:4?2`000008hMS>20P4v0@637R2222222222169HH97ud`0=nR3mH4,0*65
\g:2-2-5198812*63\!AIVDM,2,2,2,A,j0C`88888888880,2*5F
\g:1-2-5198813,s:66,c:1782377497*01\!AIVDM,2,1,3,A,56:7N9P0000098lr221<PDr0QD63G7F222222216D`HD<5dGnA@hCp1Q,0*0E
\g:2-2-5198813*62\!AIVDM,2,2,3,A,BH12@C`88888880,2*75
\s:66,c:1782377503*40\!AIVDM,1,1,,B,19NSi:h0P<8lKrb@rpGKa:AD0@IS,0*22
\s:66,c:1782377503*40\!AIVDM,1,1,,A,16:3rC0P01`c?HVFUugv4?w>2HGb,0*30
\s:66,c:1782377502*41\!AIVDM,1,1,,A,38I>4g10017KsL20gFVHnla@0Dob,0*2D
\s:66,c:1782377495*4E\!AIVDM,1,1,,A,842NwA@0G@:?>G1?6600,0*65
\s:66,c:1782377497*4C\!AIVDM,1,1,,A,33v7fr001m0mVVNPl8JVI4wp0000,0*5E
\s:66,c:1782377499*42\!AIVDM,1,1,,A,33aL=F@PCCP@Kg2MK`::opU<00U@,0*6B
\s:66,c:1782377496*4D\!AIVDM,1,1,,A,33uMw200000mGurQ1CItuFKp0000,0*50
\s:66,c:1782377499*42\!AIVDM,1,1,,B,13mT930000272SdGCRl:Q03<00ST,0*7D
\s:66,c:1782377500*43\!AIVDM,1,1,,A,B3d3VLP01h;DdiVCLnm@mgD5kP06,0*0D
\s:66,c:1782377499*42\!AIVDM,1,1,,A,D03sumh=TNfpV<Nfp0,4*55
\s:66,c:1782377498*43\!AIVDM,1,1,,,13e9080vjpt<QulH5r7jhR520000,0*02
\s:66,c:1782377500*43\!AIVDM,1,1,,A,37Ok<e0P@8bl;gAdWvS7BEm>218P,0*4A
\s:66,c:1782377497*4C\!AIVDM,1,1,,B,177U2I001t4=QLV=T6SkWju408E8,0*53
\s:66,c:1782377499*42\!AIVDM,1,1,,A,17m3u7003?7DuhH16W98;Fe<08Fn,0*43
\s:66,c:1782377497*4C\!AIVDM,1,1,,B,B3mqHP00086TGq8Kt6;Q3wjUl000,0*70
\s:66,c:1782377498*43\!AIVDM,1,1,,A,B5O@A>P005ktc75K4CwQ3wjQjDkJ,0*50
\s:66,c:1782377497*4C\!AIVDM,1,1,,B,13`me2@P00PKj=vNHqwqt?w:R<0u,0*0B
\s:66,c:1782377498*43\!AIVDM,1,1,,B,160vnf0P00SQDBF@;7GSGww00U3<,0*0B
\s:66,c:1782377499*42\!AIVDM,1,1,,B,13iAqc31@2P:0::MoJmBo0M<8@Fq,0*11
\s:66,c:1782377498*43\!AIVDM,1,1,,B,13ca5H?=@0Pw>fLHdgmf4?w:N8En,0*42
\s:66,c:1782377501*42\!AIVDM,1,1,,A,BCgfh6003GTV5>aO1Hu7wwfRs000,0*67
\s:66,c:1782377499*42\!AIVDM,1,1,,A,33m@G<000b0hWvnR9<0kh2gp0000,0*74
\s:66,c:1782377501*42\!AIVDM,1,1,,A,18Lg5w0P007=kE47PW08k?wB0hHO,0*30
\s:66,c:1782377500*43\!AIVDM,1,1,,A,ENk9gN0Tc2ah5W7V6@@@@@@@@@@MfSUE<i:2800003vP00,4*43
\s:66,c:1782377502*41\!AIVDM,1,1,,B,16:7rFP01p`?E7<<fleR21O00HHG,0*21
\s:66,c:1782377363*40\!AIVDM,1,1,,B,33`jJ3mP00PCTf@MdN1v4?vf2DjJ,0*67
\s:66,c:1782377502*41\!AIVDM,1,1,,A,H8SUE<lNC8e19Cjijklmno20:420,0*52
\s:66,c:1782377503*40\!AIVDM,1,1,,B,14Vfbt002DGu8Ab=Sk7luCuH08IE,0*08
\s:66,c:1782377500*43\!AIVDM,1,1,,B,HCgpdl0TpLTl580000000000000,2*6E
\s:66,c:1782377494*4F\!AIVDM,1,1,,B,33lghN001SPPgqvHr`RR5Qg20E1M,0*68
\s:66,c:1782377497*4C\!AIVDM,1,1,,B,B3II1NP09?t4`8VlG;>DGwjQl000,0*3E
\s:66,c:1782377355*45\!AIVDM,1,1,,B,13`mih0P01PDSsVMdUef4?vN2534,0*64
\s:66,c:1782377503*40\!AIVDM,1,1,,A,13aC2ahP00PCow`MF=Ph1wwBR8I?,0*67
\s:66,c:1782377497*4C\!AIVDM,1,1,,B,13=5CR0129wdQDBDjmdRGQk80D1D,0*41
\s:66,c:1782377498*43\!AIVDM,1,1,,B,17Ok<e0008bl;gAdWvTW7Em:2HFD,0*5E
\s:66,c:1782377502*41\!AIVDM,1,1,,,13e9080vBmt<R7lH5rN2aR5<0000,0*50
\s:66,c:1782377500*43\!AIVDM,1,1,,B,13aEBN00000FNoPNH28:o1W@0<4L,0*03
\s:66,c:1782377497*4C\!AIVDM,1,1,,B,16QgiM?P002P=R:@qHm00?w9r0S8,0*24
\g:1-2-5198814,s:66,c:1782377418*01\!AIVDM,2,1,4,A,59NSBB82BGK07Q`?F2055D4hDLDpB2222222221@J8`@M5d7NO12p0Dm,0*3E
\g:2-2-5198814*65\!AIVDM,2,2,4,A,ggSS84U3H888880,2*3A
\s:66,c:1782377499*42\!AIVDM,1,1,,A,15Q``B001M8h182ANEc3hjrt053<,0*32
\s:66,c:1782377499*42\!AIVDM,1,1,,A,16:869P0058fVFlA2ogd0Q3p0HFa,0*09
\s:66,c:1782377492*49\!AIVDM,1,1,,B,17lia<gP3EWLG180cOS>2Ovv2<:1,0*66
\s:66,c:1782377498*43\!AIVDM,1,1,,A,36:BNT1P008cWE<FW:74Dgw<2000,0*17
\s:66,c:1782377499*42\!AIVDM,1,1,,A,15?dbDh01C`fN8hAjMJTPSQ:0EOM,0*0A
\s:66,c:1782377499*42\!AIVDM,1,1,,B,100002OP?w<tSF0l4Q@>4?wv08EV,0*7A
\s:66,c:1782377500*43\!AIVDM,1,1,,A,36T9UV50007aEsQtPeOeo`Q@0000,0*0C
\s:66,c:1782377500*43\!AIVDM,1,1,,A,B3cgBcP0B@JrjUUeO=1Pq=v00000,0*3E
\s:66,c:1782377501*42\!AIVDM,1,1,,B,13l3tph12H0kR8@Ps1O59T5B0HHA,0*2D
\s:66,c:1782377501*42\!AIVDM,1,1,,B,13VTuD0wBANdcDj;>VCVumS:00Rg,0*35
\s:66,c:1782377497*4C\!AIVDM,1,1,,B,17m9vVgP3RWMVmf0frJHpww828F3,0*57
\s:66,c:1782377500*43\!AIVDM,1,1,,B,19NSoMhwB37>`Rr1VebsPq?@00S2,0*19
\s:66,c:1782377500*43\!AIVDM,1,1,,A,35NQH10000G@>`lEWwfbI2mp0000,0*74
\s:66,c:1782377357*47\!AIVDM,1,1,,A,33ku;NA0010A<oTMewTMLkDN0lUr,0*5B
\s:66,c:1782377500*43\!AIVDM,1,1,,B,13aEQ;POhvPFV1VMv:9<7qo@00SK,0*3A
\s:66,c:1782377503*40\!AIVDM,1,1,,B,169FS3P01=`MgR6=sh@bCH=F08I>,0*74
\s:66,c:1782377502*41\!AIVDM,1,1,,A,13cLbR800eSiJ9`=obP<q:ED0<>H,0*23
\s:66,c:1782377501*42\!AIVDM,1,1,,A,19NSs8Pw@>MQ26Ss>a2<b@c>053<,0*3D
\s:66,c:1782377502*41\!AIVDM,1,1,,B,13Ef=S?P00wj89DHjk;1BgwD28Hv,0*3C
\s:66,c:1782377223*45\!AIVDM,1,1,,A,33aOATEP00PCpElMdC`f4?v62Du:,0*5C
\s:66,c:1782377501*42\!AIVDM,1,1,,A,19NSPKhwA:K4J8J6pclT?kTt08HI,0*6B
\s:66,c:1782377498*43\!AIVDM,1,1,,A,33`nwSSP0=PFa`dMwge<T?w<2Btk,0*3A
\s:66,c:1782377503*40\!AIVDM,1,1,,A,18Hv9V<0027LG3`0igH7C8WD0<Gd,0*19
\s:66,c:1782377503*40\!AIVDM,1,1,,A,17m9vVgP3VWMVcN0fq?8pwwF2<1K,0*05
\s:66,c:1782377503*40\!AIVDM,1,1,,B,169DBrP01R`i7u8@rBhH=VMF08I8,0*56
\s:66,c:1782377503*40\!AIVDM,1,1,,B,1815Gf002h7VLmf2b2NQ:PsF053<,0*5D
\s:66,c:1782377500*43\!AIVDM,1,1,,A,16:?wU0P0o8WBt`DWJRbJOwD353<,0*56
\s:66,c:1782377493*48\!AIVDM,1,1,,A,13m=eMPP00QdHhV`HbLLtww000S<,0*7E
\s:66,c:1782377500*43\!AIVDM,1,1,,A,18J0s20000WJ`r<0gOd;hRS>053<,0*3D
\s:66,c:1782377499*42\!AIVDM,1,1,,B,13aEP;?P0ePHO=4NFCB6fOw<2<3w,0*1B
\s:66,c:1782377500*43\!AIVDM,1,1,,B,14SiAn001HP1lajLneoRtBG:28FJ,0*7D
\s:66,c:1782377494*4F\!AIVDM,1,1,,B,13IVDi?00W0EaWRHR?31DPs60@D7,0*19
\s:66,c:1782377496*4D\!AIVDM,1,1,,B,16QgbK0P232OGiV@ke42pgw820Se,0*7D
\g:1-2-5198815,s:66,c:1782377497*07\!AIVDM,2,1,5,B,53R2wP8244fI=SC??P04hdTtpU<000000000000t38?4340006Djj@E2,0*3D
\g:2-2-5198815*64\!AIVDM,2,2,5,B,3lh000000000000,2*25
\s:66,c:1782377499*42\!AIVDM,1,1,,A,13R2wP0P00Qc9><FI`iPE?w>2D0<,0*15
\s:66,c:1782377500*43\!AIVDM,1,1,,A,13m8HwP0001Ft52Woeh1oQW>053<,0*73
\s:66,c:1782377331*47\!AIVDM,1,1,,B,33mGg450000CbddMckfmo2AP0E2b,0*6F
\s:66,c:1782377495*4E\!AIVDM,1,1,,A,15NO;lPP00I<nSRA1;oN4?w42000,0*4E
\s:66,c:1782377501*42\!AIVDM,1,1,,A,170ctD8000SoT:h>4@hDbHm@0D3R,0*05
\s:66,c:1782377499*42\!AIVDM,1,1,,B,17lod6hP00WKkO<0Tsh6Lgw<2D<T,0*79
\s:66,c:1782377499*42\!AIVDM,1,1,,B,18;PH5?P01`ah7R8ETIDogw:28FF,0*33
\s:66,c:1782377481*4B\!AIVDM,1,1,,B,13aQQPPP00PE:6pMdCGN4?vb2L80,0*75
\s:66,c:1782377413*40\!AIVDM,1,1,,A,33aQQPPP02PE:70MdCF@qwvJ2Bj3,0*42
\s:66,c:1782377500*43\!AIVDM,1,1,,A,33m8HwP0001Ft52Woegip1Wp0000,0*1D
\s:66,c:1782377501*42\!AIVDM,1,1,,A,ENl5Buf8TWW3h;RW@<bhIqppph;kwf<T68nP000003v014Q@jh,4*34
\s:66,c:1782377501*42\!AIVDM,1,1,,A,35N00qP000GBj7LEjVeMo`?p0000,0*7A
\g:1-2-5198816,s:66,c:1782377347*0E\!AIVDM,2,1,6,B,53aPQ6`2=t>=09@J221=HDr0B222222222222217@P:;:1df0=kS4U3H,0*58
\g:2-2-5198816*67\!AIVDM,2,2,6,B,888888888888880,2*21
\s:66,c:1782377503*40\!AIVDM,1,1,,A,19N`2m002EMDHpHJJPb2hR;D08I`,0*35
\s:66,c:1782377502*41\!AIVDM,1,1,,A,33M;EJ0Oi<0GeVFNOt7uPK?B01r@,0*15
\s:66,c:1782377495*4E\!AIVDM,1,1,,A,1815ae001p1?CG:D>;C45C?60@DH,0*6B
\s:66,c:1782377492*49\!AIVDM,1,1,,B,1614sAP0013Ro7P@?H:b0Itv0hBT,0*47
\s:66,c:1782377495*4E\!AIVDM,1,1,,A,B5O7?4001Vf@<F5uOw8?uBv00000,0*17
\g:1-2-5198817,s:66,c:1782377499*0B\!AIVDM,2,1,7,B,53ku:J82<52l=4U?H00`thiV08iDD00000000017=166A5dn0?jE3PD0,0*5E
\g:2-2-5198817*66\!AIVDM,2,2,7,B,000000000000000,2*20
\s:66,c:1782377499*42\!AIVDM,1,1,,B,13bQa<001JwHu3JIdKLhu@g>0<1E,0*57
\s:66,c:1782377493*48\!AIVDM,1,1,,A,1819DAU0P0oWc4rBed7COgvv0000,0*25
\s:66,c:1782377498*43\!AIVDM,1,1,,A,E>l5CTv<PR0W80TP00000000000D7@EQ6LA:H00000N010,4*25
\s:66,c:1782377499*42\!AIVDM,1,1,,A,34SJI000AH7bBf85oW9u:bE:026@,0*13
\s:66,c:1782377495*4E\!AIVDM,1,1,,A,39NSpM@03A0BVIhER8sb2`3p0000,0*24
\s:66,c:1782377494*4F\!AIVDM,1,1,,A,34eGRC0000FcAdPO4=r>1c?p0000,0*55
\s:66,c:1782377498*43\!AIVDM,1,1,,B,B3d3hcgt00?kLO6;<U3Q3wjIjDm:,0*54
\s:66,c:1782377498*43\!AIVDM,1,1,,A,16:6wGPPA68LJgP=wmTpEnu:08F=,0*77
\s:66,c:1782377498*43\!AIVDM,1,1,,A,13SmFJ6P01Q24qPIsm=>4?w<253<,0*1B
\s:66,c:1782377498*43\!AIVDM,1,1,,A,33mRMj004J0kVLLU7I2iGQ7p0000,0*6C
\s:66,c:1782377498*43\!AIVDM,1,1,,A,39NSM2@6@i:EJaAai0NdAbcp01u@,0*12
\s:66,c:1782377493*48\!AIVDM,1,1,,,B3@nhI@008:p4RWqmPP`kwhUoP06,0*7E
\s:66,c:1782377498*43\!AIVDM,1,1,,A,19NSlA@02H7ReoL20KJpcVs:66,0*47
\s:66,c:1782377500*43\!AIVDM,1,1,,B,16:8AG?P008UjDPEvHv2Jgw>0@Gl,0*5A
\s:66,c:1782377498*43\!AIVDM,1,1,,A,13aLnlPP00PE1tVN1`0N4?w<20S0,0*4D
\s:66,c:1782377500*43\!AIVDM,1,1,,A,402:rbQvad`kW014=`LB6Gw02D27,0*67
\g:1-2-5198818,s:66,c:1782377420*06\!AIVDM,2,1,8,A,55CbEr82>4:o<HT?P0105HTpt00000000000001I9pK@15d=0<SS4U3@,0*44
\g:2-2-5198818*69\!AIVDM,2,2,8,A,000000000000000,2*2C
\s:66,c:1782377500*43\!AIVDM,1,1,,A,ENjbWFO6TaaTW3h@@@@@@@@@@@@@KUuK@TNvP00000N0100,2*20
\s:66,c:1782377410*43\!AIVDM,1,1,,A,B3aKTq000H4j0=7K?uvc;wv43P06,0*3B
\s:66,c:1782377267*45\!AIVDM,1,1,,A,33aJHhEP0iPDa5RMe@jch?wN22dC,0*5B
\s:66,c:1782377501*42\!AIVDM,1,1,,B,H4hSoC1BuB04l58400000000000,2*69
\s:66,c:1782377501*42\!AIVDM,1,1,,A,H4hSoC4U7B=4005J7G800000=044,0*5A
\s:66,c:1782377501*42\!AIVDM,1,1,,A,19NSRth02kr@M48@r<Ae1JGB2d0C,0*16
\s:66,c:1782377499*42\!AIVDM,1,1,,A,3815HVA000PCB6rMogs0wR1<0000,0*7D
\s:66,c:1782377501*42\!AIVDM,1,1,,A,B5OI2c000>S<cwSR<4sHrev00000,0*10
\s:66,c:1782377502*41\!AIVDM,1,1,,B,B8SVPgP08qsFH0QNkm8`SwSW3P06,0*0D
\s:66,c:1782377496*4D\!AIVDM,1,1,,A,13MCeQk000PL9?PO6Eh2nEE6053<,0*3B
\s:66,c:1782377494*4F\!AIVDM,1,1,,A,169@AC001O8dSNTAuCD4`3e60D6>,0*4A
\s:66,c:1782377502*41\!AIVDM,1,1,,B,13ku;b@0255@WIr8CM2F9Ds@0<07,0*09
\s:66,c:1782377503*40\!AIVDM,1,1,,B,13F<o<;000P9nNrGb90Gw09>08I;,0*6F
\s:66,c:1782377501*42\!AIVDM,1,1,,B,38LfTD0PC9WKiFH0dC3ShRo@20`@,0*35
\s:66,c:1782377501*42\!AIVDM,1,1,,A,13RUR3021uQ1TtVDVGvdbb7B08H<,0*5C
\s:66,c:1782377500*43\!AIVDM,1,1,,B,18I6:O001h0Go0rHUrTto:E>0@GR,0*21
\s:66,c:1782377502*41\!AIVDM,1,1,,B,19NSLw002fHL>=T9nD:JRpKB0<08,0*40
\s:66,c:1782377501*42\!AIVDM,1,1,,A,B39g9r00<H<<Cr8>nO45swl1n0s1,0*64
\s:66,c:1782377500*43\!AIVDM,1,1,,A,BCgchC000WUIGLaMcSI<KwsRs000,0*4F
\s:66,c:1782377495*4E\!AIVDM,1,1,,B,1815`jh01e8LGRJFAhrc28m80D@6,0*26
\g:1-2-5198819,s:66,c:1782377503*07\!AIVDM,2,1,9,B,53ku:J82<52l=4U?H00`thiV08iDD00000000017=166A5dn0?jE3PD0,0*50
\g:2-2-5198819*68\!AIVDM,2,2,9,B,000000000000000,2*2E
\s:66,c:1782377502*41\!AIVDM,1,1,,A,33ku:J002V0kq`dEd90iQA?B007k,0*72
\s:66,c:1782377503*40\!AIVDM,1,1,,B,4050OlAvae8kc<tSF0l4Q@000d2:,0*7C
\s:66,c:1782377501*42\!AIVDM,1,1,,,B3@nhI@008:p4QWqmPT`kwlUoP06,0*7D
\s:66,c:1782377503*40\!AIVDM,1,1,,A,19NSpM@03EPBUhpER82:3p3B053<,0*48
\s:66,c:1782377499*42\!AIVDM,1,1,,A,18Kkbj002h0fCuVQ6Mq:A`=:053<,0*26
\s:66,c:1782377499*42\!AIVDM,1,1,,A,169`p1`0008ghBhACi6T68w:1pBh,0*55
\s:66,c:1782377493*48\!AIVDM,1,1,,A,13IjJV7P0HOQpc>KF7G8Aww420S=,0*6B
\s:66,c:1782377499*42\!AIVDM,1,1,,B,159:qCPP00I2N28;weON4?w<00S2,0*26
\s:66,c:1782377499*42\!AIVDM,1,1,,B,33ktw@@2RkRFFnCgWe;phG3<01f1,0*51
\s:66,c:1782377498*43\!AIVDM,1,1,,B,171B9`00013mN8p><WVdt2W<00S`,0*29
\s:66,c:1782377498*43\!AIVDM,1,1,,B,139enS0P000EfQpMwNCKaOw>R0S0,0*0E
\s:66,c:1782377493*48\!AIVDM,1,1,,A,13mN;@0P0011ij0VOte7jOvt0@B2,0*37
\s:66,c:1782377497*4C\!AIVDM,1,1,,,13==Vj001v7t6PL9OkC@b0U80000,0*56
\s:66,c:1782377499*42\!AIVDM,1,1,,A,28SJQ@SP@o7b>A65ntOnu69@0D4K,0*2B
\s:66,c:1782377498*43\!AIVDM,1,1,,A,15O<6j0000G@<QvEWs8h083:08FS,0*3C
\s:66,c:1782377499*42\!AIVDM,1,1,,B,13m>kg8P00PIrNPScis>4?w<2@Fm,0*68
\s:66,c:1782377496*4D\!AIVDM,1,1,,A,13Ioah300004miJLbSDE7Ao60L3a,0*3F
\s:66,c:1782377498*43\!AIVDM,1,1,,B,18Hrru002JPJWPtELRwr6p;40<4?,0*10
\s:66,c:1782377494*4F\!AIVDM,1,1,,B,15`I@<0wA`rLemD>mwpcFq52053<,0*6D
\s:66,c:1782377499*42\!AIVDM,1,1,,A,13@p?AK0000qcBpOp;bl9kK>0@Ft,0*6E
\s:66,c:1782377499*42\!AIVDM,1,1,,A,37ljfBkP018GVCKw9JkJNOw>2351,0*73
\s:66,c:1782377497*4C\!AIVDM,1,1,,A,39u:U4H0007`W8P62<RdS5=f0PrA,0*72
\s:66,c:1782377500*43\!AIVDM,1,1,,A,18I<iR002AWG2`l0qB=TkCs>08Gq,0*0D
\s:66,c:1782377498*43\!AIVDM,1,1,,,B3MBu2000Lkca5M@k8Pgswk5l000,0*11
\s:66,c:1782377501*42\!AIVDM,1,1,,A,Evja5EA1000?cJP000000000000LedQh5ED9000003k010,4*4C
\s:66,c:1782377500*43\!AIVDM,1,1,,B,1815S=@11o0qwW8E9<UD?CM>0D8t,0*56
\g:1-2-5198820,s:66,c:1782377500*0E\!AIVDM,2,1,0,A,58I:QI80?RCWUKW7?>0Tq@E85<T61A8UDm0R2219ApuE>5d70JE230j8,0*65
\g:2-2-5198820*62\!AIVDM,2,2,0,A,888888888888880,2*24
\s:66,c:1782377501*42\!AIVDM,1,1,,B,17mRI4QP?w<tSF0l4Q@>4?wp1hIB,0*6C
\s:66,c:1782377499*42\!AIVDM,1,1,,B,139f0<P00tPVlrjNMlBf2c=>2<0g,0*62
\s:66,c:1782377503*40\!AIVDM,1,1,,A,36:L>bPOhk8fdN0A76D`tnOD00s1,0*66
\s:66,c:1782377501*42\!AIVDM,1,1,,A,1815?K@004w`<6bDbGDoA;9<08H5,0*14
\s:66,c:1782377502*41\!AIVDM,1,1,,A,B4eGJoP0;=k8PP73Lb@>HAN00000,0*41
\s:66,c:1782377499*42\!AIVDM,1,1,,B,13eDb>0021P8Ei4E7T5r@p?4053<,0*79
\s:66,c:1782377501*42\!AIVDM,1,1,,,13==Vj01Av7t6Qh9Okm0aPU@0000,0*47
\s:66,c:1782377503*40\!AIVDM,1,1,,B,28SJQ@S00n7b>A:5ntHnu69F00SH,0*24
\s:66,c:1782377501*42\!AIVDM,1,1,,B,16BNkc001m7?Eo`1SRscMI?>053<,0*17
\s:66,c:1782377502*41\!AIVDM,1,1,,A,13cl`r0P0011<D:G=@oc4OwD2000,0*67
\s:66,c:1782377501*42\!AIVDM,1,1,,B,16:V6=P000`dD5DAslDmN?wD0000,0*21
\s:66,c:1782377503*40\!AIVDM,1,1,,A,148cd`3000QPdvtOonRmcTkH20Sj,0*46
\s:66,c:1782377503*40\!AIVDM,1,1,,A,18Hrru002JPJWFtELRlJ7p=@0<4>,0*54
\g:1-2-5198821,s:66,c:1782377500*0F\!AIVDM,2,1,1,A,57ljfBl25`3AT9AG:20Dd60qE<4q@5863K32221S;@t:Du;60<0PC2Bl,0*2F
\g:2-2-5198821*63\!AIVDM,2,2,1,A,0D0C`8888888880,2*7A
\s:66,c:1782377494*4F\!AIVDM,1,1,,B,16:?o@U0008Jt40FCS5VLh001P06,0*19
\s:66,c:1782377487*4D\!AIVDM,1,1,,B,H3:0j>P<4h60iDp400000000000,2*6D
\s:66,c:1782377497*4C\!AIVDM,1,1,,B,H3:0j>TUCBD4K0=469Dj00000000,0*23
\s:66,c:1782377499*42\!AIVDM,1,1,,A,1990MuP01hWCdPv1:A2<7qg<0@Fw,0*68
\s:66,c:1782377499*42\!AIVDM,1,1,,A,13Ej4ngP0IwwmWtFQ2wniww>253<,0*32
\s:66,c:1782377498*43\!AIVDM,1,1,,A,16:573P01E8j54<AeOa24AU2053<,0*71
\s:66,c:1782377499*42\!AIVDM,1,1,,A,16KvQ200Bdvi7h><fu@`46Jt0<2?,0*15
\s:66,c:1782377500*43\!AIVDM,1,1,,B,18IqNN000oWJHf@0eQCCSRs@0@GO,0*76
\s:66,c:1782377500*43\!AIVDM,1,1,,B,14eJ4iwP00JgLeBJ4LV@0?w:08Gb,0*78
\s:66,c:1782377501*42\!AIVDM,1,1,,A,15?de:P01h7V9P<2i:CQKA6`053<,0*0E
\s:66,c:1782377502*41\!AIVDM,1,1,,B,15?dh@P000rCcJH59BJ<CaqB0HHS,0*28
\s:66,c:1782377502*41\!AIVDM,1,1,,A,19N`2lh01lIf8@J>bs3n9DuD0U3<,0*12
\s:66,c:1782377496*4D\!AIVDM,1,1,,A,18Hute0025JWEf`FL9oe5JO80000,0*6B
\s:66,c:1782377503*40\!AIVDM,1,1,,A,16:7su001u89Deh<m2FPd0Q@0@I4,0*1B
\s:66,c:1782377500*43\!AIVDM,1,1,,A,402M3VQvad`kW0HemlQjpSOP253<,0*55
\s:66,c:1782377503*40\!AIVDM,1,1,,A,13cpN>?P01Pw3KfJ6@7:fOwF20Rw,0*1E
\s:66,c:1782377503*40\!AIVDM,1,1,,A,13?s>2?P00PecatN`iGf4?wF2@IS,0*7C
\s:66,c:1782377503*40\!AIVDM,1,1,,A,40220e1vad`kc2vuE`GnoP700U3<,0*32
\s:66,c:1782377501*42\!AIVDM,1,1,,A,BCh:CaP02OUa>O9Q8RmhGwkRs000,0*42
\s:66,c:1782377500*43\!AIVDM,1,1,,B,HCh:CaPpDU=@T00000000000000,2*44
\s:66,c:1782377500*43\!AIVDM,1,1,,B,HCh:CaTNC=D4bk1ipkl0000`7220,0*0B
\s:66,c:1782377500*43\!AIVDM,1,1,,A,19NSbcP01k8QH8:F:5G3qS;>08GD,0*3A
\g:1-2-5198822,s:66,c:1782377503*0F\!AIVDM,2,1,2,A,59NS`982<V@KDh57D00M<j058<4@T40000000016G1MBF5G01Bhj0CQj,0*13
\g:2-2-5198822*60\!AIVDM,2,2,2,A,3kQp14VH13hjh00,2*1C
\s:66,c:1782377501*42\!AIVDM,1,1,,B,13=bf4001h0=ctHN2c1Q0@lf00SK,0*3C
\s:66,c:1782377502*41\!AIVDM,1,1,,A,4025btiuJl`kaPbEQHOOFl700@H`,0*78
\s:66,c:1782377498*43\!AIVDM,1,1,,B,139a770P@fPeNb:N`k<b48?8053<,0*00
\s:66,c:1782377499*42\!AIVDM,1,1,,A,16;KSV0P1Nvdp@6;Rti7mww>28Fv,0*75
\s:66,c:1782377499*42\!AIVDM,1,1,,B,19NSikh01lNe32T8F2kefs3600SK,0*03
\s:66,c:1782377498*43\!AIVDM,1,1,,A,402<Hk1vad`kS1hjkNRKhW?0653<,0*26
\s:66,c:1782377499*42\!AIVDM,1,1,,A,19NSaQP01N:u=>mhFGo8=6a<0@Fk,0*08
\s:66,c:1782377494*4F\!AIVDM,1,1,,A,34eHLq02h0G<ElFL=?3bg`Wp0000,0*40
\s:66,c:1782377498*43\!AIVDM,1,1,,,13a3wDPP000En6`NCEmMnww4053<,0*71
\s:66,c:1782377500*43\!AIVDM,1,1,,B,19NSGaS001SO>d`@69S<g`k:2<5v,0*69
\g:1-2-5198823,s:66,c:1782377410*0D\!AIVDM,2,1,3,B,53aGCoT000010GCG?01<lUB1L44hP5HDr340001?3@534vL006lSm51D,0*1E
\g:2-2-5198823*61\!AIVDM,2,2,3,B,Q0C@00000000000,2*46
\s:66,c:1782377498*43\!AIVDM,1,1,,B,16:=Vi0001`bkENFQ1:6Frk:08F;,0*43
\s:66,c:1782377499*42\!AIVDM,1,1,,A,16:RDN001@`=M4d<hdkqOWW<053<,0*21
\s:66,c:1782377499*42\!AIVDM,1,1,,B,13P>;WP0000AN08MH2lbWE3>00SW,0*50
\s:66,c:1782377500*43\!AIVDM,1,1,,A,403Ovv1vad`kWrT3i:E15jo0253<,0*7A
\s:66,c:1782377500*43\!AIVDM,1,1,,B,13aJJ;PP00PBeiVMfLf>4?w@2<6B,0*4C
\s:66,c:1782377499*42\!AIVDM,1,1,,A,19NSra0wB39`J<jB>cOB8Ag800Ra,0*54
\s:66,c:1782377502*41\!AIVDM,1,1,,B,B8Hu@ch0iQnewN0;5sgJ;wrUkP06,0*25
\s:66,c:1782377495*4E\!AIVDM,1,1,,A,13aFh80P1<0Gb=vMwtOaF?w4053<,0*30
\s:66,c:1782377502*41\!AIVDM,1,1,,B,E>l0GDLc@HsP0000000000000003B;jJ6GhpH00003m010,4*15
\s:66,c:1782377503*40\!AIVDM,1,1,,A,15D=4T32@NSm`K:>9vPoDU`40@1e,0*34
\s:66,c:1782377497*4C\!AIVDM,1,1,,B,1Jq85e0P00rdA0852dGN4?w62000,0*5A
\s:66,c:1782377497*4C\!AIVDM,1,1,,B,E>jAV4O7R0aQ:WdQ0a1RV7W0P00@53Fd;lbNp10888jP20,4*6B
\s:66,c:1782377498*43\!AIVDM,1,1,,A,19NSpJhvBoOGFLFIe7vH8FQ6053<,0*48
\s:66,c:1782377499*42\!AIVDM,1,1,,B,13EsQl0000wvPs`FSh01=as<253<,0*09
\s:66,c:1782377500*43\!AIVDM,1,1,,B,B69=aQ0091tBB;RUDe>EAo143P06,0*31
\s:66,c:1782377498*43\!AIVDM,1,1,,B,39NSVu002G:w<ugfLAN@SPM801@k,0*3E
\g:1-2-5198824,s:66,c:1782377499*0B\!AIVDM,2,1,4,B,53`eHj8000010?G3C<05@PDpF2000000000000150@<31t0Ht20CDm1D,0*44
\g:2-2-5198824*66\!AIVDM,2,2,4,B,Q0C@00000000000,2*41
\s:66,c:1782377498*43\!AIVDM,1,1,,B,Dh3wosiMe>fp,0*38
\s:66,c:1782377499*42\!AIVDM,1,1,,A,15QmPP001w1gfrvF5<GUvDe:0@G@,0*2B
\s:66,c:1782377496*4D\!AIVDM,1,1,,B,13c9L45OiCPFEC>NNr8pUVm:0D5G,0*13
\s:66,c:1782377499*42\!AIVDM,1,1,,B,15MmLC?P00JQLmvFMMcWw?w>2@GC,0*28
\s:66,c:1782377493*48\!AIVDM,1,1,,B,403t=JQuJl`kP`iSNLAb8wo00@C9,0*29
\s:66,c:1782377500*43\!AIVDM,1,1,,B,3815N?h02CS0QK?gFB=2MB5<00QP,0*5F
\s:66,c:1782377498*43\!AIVDM,1,1,,B,177=Ad001m0JP`DEH=GJ=p=>0@FQ,0*4A
\s:66,c:1782377498*43\!AIVDM,1,1,,B,B7OoWSP002biSotveTcQ3wi1jD?J,0*67
\g:1-2-5198825,s:66,c:1782377437*0E\!AIVDM,2,1,5,B,53`nwO8000010S??3P0<tl8Tp5@Ttp000000001@=H3755Uk:05S0@DQ,0*30
\g:2-2-5198825*67\!AIVDM,2,2,5,B,2CQiC`85Sl0Bp50,2*4D
\s:66,c:1782377499*42\!AIVDM,1,1,,A,B3IDWcP09@3eVtV3urDOSwkQhD0t,0*1C
\s:66,c:1782377501*42\!AIVDM,1,1,,B,C69E47h05R=l;u416w53swv0l@:hB2L>jcUaQih00000?1T521PP,0*42
\s:66,c:1782377499*42\!AIVDM,1,1,,B,83`eHj0j2d<dtuv<d0APC@OU2P00,0*28
\s:66,c:1782377502*41\!AIVDM,1,1,,A,403OKEiuJl`kbr:`;rADh`?028Hq,0*53
\s:66,c:1782377500*43\!AIVDM,1,1,,,15NsV40025E9@hN=7giRs2I>0000,0*41
\s:66,c:1782377497*4C\!AIVDM,1,1,,B,16:EVp0uiL`RmL8F1jG4iSo620SA,0*2D
\s:66,c:1782377432*43\!AIVDM,1,1,,A,B3`j4V@0>P4gMq7J:31<cwgQhD4f,0*6B
\s:66,c:1782377501*42\!AIVDM,1,1,,A,18Hugl0vig7bQkN5kD1N3;3B053<,0*66
\s:66,c:1782377502*41\!AIVDM,1,1,,A,14hSe90000PPogHHvRmS:jSB0<4M,0*62
\s:66,c:1782377495*4E\!AIVDM,1,1,,A,16:>liP02C8R=ivF91tT9kE808Dj,0*1E
\s:66,c:1782377503*40\!AIVDM,1,1,,B,142ORbSuh025dkFGH2poKnEB053<,0*57
\s:66,c:1782377501*42\!AIVDM,1,1,,B,16:>liP02C8R=sBF91bT93ED08HC,0*24
\s:66,c:1782377501*42\!AIVDM,1,1,,B,13ku9W001qINrIH7oVo2n2EB0D0J,0*65
\s:66,c:1782377500*43\!AIVDM,1,1,,A,35N@<f0000IhQm2AG?OCQ2mp0000,0*10
\s:66,c:1782377500*43\!AIVDM,1,1,,A,13ktu>001mODDVFG=NkGdn7AH0R8,0*05
\s:66,c:1782377500*43\!AIVDM,1,1,,B,16:Fg1V0008N@02FB;D6eVc800RR,0*7F
\s:66,c:1782377501*42\!AIVDM,1,1,,B,3815cEE000VT?J><hvgppoCB0Dg:,0*32
\s:66,c:1782377500*43\!AIVDM,1,1,,B,16:<a?P21b8bOI0?CHU14i1<0@GG,0*57
\s:66,c:1782377503*40\!AIVDM,1,1,,A,10221O?P?w<tSF0l4Q@>4?wv0pIa,0*06
\s:66,c:1782377502*41\!AIVDM,1,1,,A,16:4;O001a8iTlhAdmbacok>0Lku,0*7A
\s:66,c:1782377503*40\!AIVDM,1,1,,A,17WK9NE000RAJaDAwoUblDCF2@IF,0*7C
\s:66,c:1782377498*43\!AIVDM,1,1,,A,18uAou5P?w2=v;1fr<S>4?w<053<,0*50
\s:66,c:1782377499*42\!AIVDM,1,1,,A,B3U;Ei00?@LnE25DJ2E@i2N00000,0*16
\s:66,c:1782377492*49\!AIVDM,1,1,,,13ku;002iu8oaRb@=3A8FVa08000,0*16
\s:66,c:1782377495*4E\!AIVDM,1,1,,A,14S`7r00io0P15:NnS:r3`380@Dc,0*39
\s:66,c:1782377497*4C\!AIVDM,1,1,,A,14an8T0P007J1Mb0i=3N4?vl2`ES,0*0F
\s:66,c:1782377498*43\!AIVDM,1,1,,A,15T6It01jT7VH5H2PJQ1Si@f0D11,0*36
\s:66,c:1782377498*43\!AIVDM,1,1,,A,33aEODmP00PFCclMvwaN4?w<2Dr:,0*73
\s:66,c:1782377498*43\!AIVDM,1,1,,A,13oN0l003fPe3qjPvUsTKCU:0@FE,0*51
\s:66,c:1782377497*4C\!AIVDM,1,1,,A,33cpAE?P00Pf>WtHGbKTpgw60000,0*51
\s:66,c:1782377498*43\!AIVDM,1,1,,B,13`m98@01qPGBV6EUU7rC`?8853<,0*08
\s:66,c:1782377500*43\!AIVDM,1,1,,A,C6:4So00IR;q0A4Dpfqbowv082O0DC1SSR0000000000e2l932PP,0*78
\s:66,c:1782377499*42\!AIVDM,1,1,,B,19NS;nPtAc7?22h1Vb4<UIpr0<2V,0*78
\s:66,c:1782377499*42\!AIVDM,1,1,,A,B3Tr=c00>@LdUKUCDb`LhGN00000,0*2A
\s:66,c:1782377498*43\!AIVDM,1,1,,,13IlB85000`;:4<<rJ9ljji:0000,0*54
\s:66,c:1782377499*42\!AIVDM,1,1,,B,13aDp7@P01PKL2HNKcHv4?w>RD0s,0*36
\s:66,c:1782377497*4C\!AIVDM,1,1,,A,H3Tr=c0<P4luA@D000000000000,2*13
\s:66,c:1782377496*4D\!AIVDM,1,1,,B,13ku;00vit8oaPP@=2t`KnW68@E;,0*46
\s:66,c:1782377501*42\!AIVDM,1,1,,,13ku;00u1t8oaO:@=2dpK6W:8000,0*70
\g:1-2-5198826,s:66,c:1782377502*0A\!AIVDM,2,1,6,A,538n?p42>7`gD8m3J20m<>0TpUT61J2222222217D26@@=dfNO13hhEH,0*2E
\g:2-2-5198826*64\!AIVDM,2,2,6,A,888888888888880,2*22
\s:66,c:1782377501*42\!AIVDM,1,1,,A,138n?p01B=s6?t4:Bm3JA8EB0@HK,0*18
\g:1-2-5198827,s:66,c:1782377495*04\!AIVDM,2,1,7,A,53ku;0829E>P=44kH00PE8U@4LF04AHDqAE8E81531U::5e4?<U5p82i,0*3F
\g:2-2-5198827*65\!AIVDM,2,2,7,A,C00000000000000,2*50
\s:66,c:1782377497*4C\!AIVDM,1,1,,A,H3Tr=c400000000CF1oolk000440,0*22
\s:66,c:1782377501*42\!AIVDM,1,1,,A,13P;WMOP?w<tSF0l4Q@>4?wp0d8K,0*33
\s:66,c:1782377502*41\!AIVDM,1,1,,B,13l<;8001cvc?AH;wGOPtPiD00RG,0*0D
\s:66,c:1782377500*43\!AIVDM,1,1,,B,B52UFj@005l0D<6l50sQ3wl1jDJ:,0*72
\s:66,c:1782377499*42\!AIVDM,1,1,,B,13VME200P:GLJ2VBN4bT8hW>0<0R,0*5D
\s:66,c:1782377287*4B\!AIVDM,1,1,,A,34`V2h@01VP?OGDNJmU7dV4<0RVk,0*17
\s:66,c:1782377467*43\!AIVDM,1,1,,A,14`V2h@01VP?N<0NJRK7bn4<0PS:,0*52
\s:66,c:1782377500*43\!AIVDM,1,1,,A,HCglfQ0P598T000000000000000,2*23
\s:66,c:1782377500*43\!AIVDM,1,1,,B,HCglfQ4UC=D4f8mnnlo0000h322t,0*62
\s:66,c:1782377502*41\!AIVDM,1,1,,A,13oN0l003fPe47pPvUQ4KCUB0<30,0*4C
\s:66,c:1782377454*43\!AIVDM,1,1,,A,339sTQ5P00PCR`jMcq<f4?wd2DDJ,0*22
\s:66,c:1782377501*42\!AIVDM,1,1,,A,16:K6:UP00`V;shDVHW@09a@00Rp,0*08
\s:66,c:1782377502*41\!AIVDM,1,1,,A,H6:fo;hQDTPtpMPTsSSR2222220,2*77
\s:66,c:1782377502*41\!AIVDM,1,1,,A,H6:fo;m66DejmhlPPPPPPP0`t:8T,0*3D
\s:66,c:1782377497*4C\!AIVDM,1,1,,A,169pWf00008K<CNFC@pS:6?:053<,0*7E
\s:66,c:1782377502*41\!AIVDM,1,1,,B,39NS;nPtAc7?2101VbFtTqo000a@,0*36
\s:66,c:1782377502*41\!AIVDM,1,1,,B,17mRMI00007LC<h0bhEf48wB0<8k,0*0B
\s:66,c:1782377494*4F\!AIVDM,1,1,,B,13`fKN0P000FHtjMvJQN4?w42@D4,0*40
\s:66,c:1782377499*42\!AIVDM,1,1,,A,13ci4j0P3t0We8:GWcjScOw800S5,0*18
\s:66,c:1782377498*43\!AIVDM,1,1,,B,B7`NKe000;7vo:rffn?Q3wk1l000,0*7F
\g:1-2-5198828,s:66,c:1782377498*06\!AIVDM,2,1,8,B,55NAv08000000000001E<<L>18E<tiE@D000000k3PT63<000:h00000,0*42
\g:2-2-5198828*6A\!AIVDM,2,2,8,B,000000000000000,2*2F
\s:66,c:1782377492*49\!AIVDM,1,1,,B,338hl>0Oh<13>u4Da6:R51Vt01r0,0*6F
\s:66,c:1782377498*43\!AIVDM,1,1,,A,140UvT@P00PF0frHlh8N4?w:28Em,0*18
\s:66,c:1782377495*4E\!AIVDM,1,1,,B,19NSlMhvjSQ:NcjDjhurf8U2053<,0*68
\s:66,c:1782377495*4E\!AIVDM,1,1,,A,1:1Qvt;P04Pq5:jD=QErtww4253<,0*33
\s:66,c:1782377498*43\!AIVDM,1,1,,A,4028nJj3bl`kVvmbE0@C2ei028FF,0*0D
\s:66,c:1782377495*4E\!AIVDM,1,1,,A,38R94u0P@13WGnV?K9W5Vba00P00,0*27
\s:66,c:1782377499*42\!AIVDM,1,1,,A,37ld4vA0017LulL0UtclC7C<0DwJ,0*6A
\s:66,c:1782377500*43\!AIVDM,1,1,,A,34hQE<0P@oPeG06I;Mdkk35>00;@,0*42
\s:66,c:1782377498*43\!AIVDM,1,1,,A,18I=hK001i7>qo@1Uf7cTIA:0@EW,0*25
\s:66,c:1782377496*4D\!AIVDM,1,1,,A,33AHp@0v2d0qq60OEOpaC7Kp0000,0*22
\s:66,c:1782377500*43\!AIVDM,1,1,,A,23aJIU0P00PDS`jMeC@f4?w<2HF`,0*6C
\s:66,c:1782377500*43\!AIVDM,1,1,,B,BCM@lw@0>?unqR6wuqEtIQj1l000,0*10
\s:66,c:1782377238*4F\!AIVDM,1,1,,A,33aJIU0P00PDS`DMeCB>4?vT2C3C,0*2D
\s:66,c:1782377495*4E\!AIVDM,1,1,,B,36;=IF1000`Q?gvFD`JVJW160E1b,0*75
\s:66,c:1782377499*42\!AIVDM,1,1,,B,13EtO>?P0Bwg8C@DuRIkc?w>08Fw,0*3C
\s:66,c:1782377499*42\!AIVDM,1,1,,A,339lS;PP0aPoGlFO00wci3g<22aS,0*70
\s:66,c:1782377501*42\!AIVDM,1,1,,A,35NAv00000J5gJN?pRcE`4Qp0000,0*3B
\s:66,c:1782377497*4C\!AIVDM,1,1,,B,13eFW>00000P`bbHtBuqDAQ:2@Eh,0*26
\s:66,c:1782377497*4C\!AIVDM,1,1,,B,C2G`o:h07arvG=2k`nDEwwj11gk10;Sk111111111110?1052120,0*6F
\s:66,c:1782377500*43\!AIVDM,1,1,,A,38R94u00023WGn`?K9VUhba:0Q9P,0*3F
\s:66,c:1782377500*43\!AIVDM,1,1,,B,13ku8UP01dWFdMN0u>HKoqO@0@Gf,0*2F
\s:66,c:1782377494*4F\!AIVDM,1,1,,A,13aLnUPP00PFM8NMvDov4?w428DM,0*32
\s:66,c:1782377501*42\!AIVDM,1,1,,A,19@>iJ@01vR2jUdGFnS3:2Q@0hPf,0*07
\s:66,c:1782377500*43\!AIVDM,1,1,,A,16:JEkP01p8bItJ?WiqpJnO>08Fr,0*1A
\s:66,c:1782377501*42\!AIVDM,1,1,,B,13IEdbPP0wP0>bRLCMGq5Ow>00SO,0*5F
\s:66,c:1782377503*40\!AIVDM,1,1,,B,16KeS68P00NqI=4@6bS>4?wD00S<,0*50
\s:66,c:1782377503*40\!AIVDM,1,1,,B,15R96J8P00JBCdp5G4qu2wwB0`I;,0*11
\s:66,c:1782377501*42\!AIVDM,1,1,,B,15?df9h1iv7R0n:1roG`0VK@0HGn,0*55
\s:66,c:1782377497*4C\!AIVDM,1,1,,B,13`e2i@P0`PGqn6NQolIagw:2@F:,0*17
\s:66,c:1782377498*43\!AIVDM,1,1,,B,1Jp;v2?P00rak;D6AqWre?w40P00,0*63
\s:66,c:1782377500*43\!AIVDM,1,1,,B,13K<0v0w00PC`0tMHFRf0HC@0<<S,0*09
\s:66,c:1782377495*4E\!AIVDM,1,1,,A,83`oV5@j2d<v<<><=0>h>hJ50000,0*07
\s:66,c:1782377500*43\!AIVDM,1,1,,A,13m62Gg000R83<l`JWKGK1U:0D0I,0*3D
\s:66,c:1782377498*43\!AIVDM,1,1,,A,33aCtR00030pR66O:c`UPPCp0000,0*23
\s:66,c:1782377497*4C\!AIVDM,1,1,,A,19NSEE@024wpiE0La0tjnBBr0<2h,0*17
\s:66,c:1782377498*43\!AIVDM,1,1,,A,15D:PP00AsWV7Ht2aTTi<hs<053<,0*4F
\s:66,c:1782377499*42\!AIVDM,1,1,,A,1815>i@02Bq>0GT@koTM>:Tb08G8,0*08
\s:66,c:1782377499*42\!AIVDM,1,1,,A,13`j=IhP00PBFtfMLCUN4?w>2D2N,0*35
\s:66,c:1782377499*42\!AIVDM,1,1,,B,15?dV;001B0WJcpEs:66,0*6B
\s:66,c:1782377305*40\!AIVDM,1,1,,A,33P>9si2P20B;=>Me<;uB?vl0DQb,0*0B
\s:66,c:1782377499*42\!AIVDM,1,1,,B,17tDo8?P00W@5in1fIR>4?w<28Fn,0*1E
\s:66,c:1782377500*43\!AIVDM,1,1,,A,1:U8vT001RL@?ciw6Fo9n7m:80S1,0*0D
\s:66,c:1782377499*42\!AIVDM,1,1,,B,14cM6b@01awO<SpK20k`=nS<08Fo,0*02
\s:66,c:1782377497*4C\!AIVDM,1,1,,A,169??8000a88JDh<uRbturK:08Eu,0*54
\s:66,c:1782377499*42\!AIVDM,1,1,,A,38JmV85P00WJu5@0gNHN4?w>2Der,0*20
\s:66,c:1782377500*43\!AIVDM,1,1,,A,15AJ?@0000WK4e20feo7r3k20@GV,0*3B
\s:66,c:1782377499*42\!AIVDM,1,1,,B,3815Iq5000Tl8Jl>;:9@=ac:8DTr,0*28
\s:66,c:1782377498*43\!AIVDM,1,1,,B,34hFNb50000Pa3VHt<N@09W80DwJ,0*60
\s:66,c:1782377498*43\!AIVDM,1,1,,A,B5OBTC000>`CQKU1BBl000N00000,0*3A
\s:66,c:1782377498*43\!AIVDM,1,1,,A,B8SjW>009qrMb61PDCiqkwv6oP06,0*34
\s:66,c:1782377498*43\!AIVDM,1,1,,B,13K45:001G13hN4DJwnQLQ=:0<;t,0*2E
\s:66,c:1782377500*43\!AIVDM,1,1,,A,4h2UN0Avad`kWQtJGDGB0>OP2@GM,0*0D
\s:66,c:1782377500*43\!AIVDM,1,1,,A,33K45:001F13hN2DJwnALQ=p0000,0*31
\s:66,c:1782377498*43\!AIVDM,1,1,,A,13`gLP0P0mPFw9TMrhN72gw820SW,0*3C
\s:66,c:1782377495*4E\!AIVDM,1,1,,B,D02Pe?1Mdffpu0v9H0,4*77
\s:66,c:1782377499*42\!AIVDM,1,1,,A,17tCi?PP00W?u:F1h7ReMww<253<,0*00
\s:66,c:1782377498*43\!AIVDM,1,1,,B,33n3RdPOj?0PViNSq5t2LR3600T@,0*4B
\s:66,c:1782377497*4C\!AIVDM,1,1,,A,19N`1T001gO`3D0D`Uj:3`9600SA,0*34
\s:66,c:1782377498*43\!AIVDM,1,1,,A,35O0Ia0Oh0rB0S0Bk<@nQAm801i@,0*65
\s:66,c:1782377495*4E\!AIVDM,1,1,,B,33P<EK@02qP8;PhN?RCoA53420Ni,0*46
\s:66,c:1782377499*42\!AIVDM,1,1,,A,13IWG;3P02PH=J2HgMePEww<00S3,0*34
\s:66,c:1782377494*4F\!AIVDM,1,1,,B,13QETN001aP6kvPND?bU<T940@D@,0*41
\s:66,c:1782377493*48\!AIVDM,1,1,,A,169<tBg003`Kq>TF?>J0v`K00@C6,0*23
\s:66,c:1782377500*43\!AIVDM,1,1,,A,13aJIdhP00PG8>:Msh=N4?w@2<3U,0*40
\s:66,c:1782377500*43\!AIVDM,1,1,,B,33l94nU01:12K7JDRimjHAg<050k,0*05
\s:66,c:1782377497*4C\!AIVDM,1,1,,A,377<mT001F8iIURAkVf:Tpc:06SS,0*23
\s:66,c:1782377503*40\!AIVDM,1,1,,B,13ku;VP032OR<pWoiA1t:qiB053<,0*5B
\s:66,c:1782377502*41\!AIVDM,1,1,,B,39NSnci0007K?sF0eC@`V3U<0Dg:,0*03
\s:66,c:1782377502*41\!AIVDM,1,1,,B,E>mWTIIQQ2I@@@@@@@@@@@@@@@@ClGMj5uflp00@0;v0000,2*01
\s:66,c:1782377501*42\!AIVDM,1,1,,A,16SjpqPP0?a=CO:D4Soutww>2<60,0*07
\s:66,c:1782377502*41\!AIVDM,1,1,,A,13;`:V0P00Rvb`0H7tL6vOwD253<,0*16
\g:1-2-5198829,s:66,c:1782377496*09\!AIVDM,2,1,9,A,53Jk;8400003TP;S;;M05@P0000000000000000T4h7550000:5PCPkm,0*7E
\g:2-2-5198829*6B\!AIVDM,2,2,9,A,EQDP00000000000,2*2D
\s:66,c:1782377497*4C\!AIVDM,1,1,,B,33aIiFEP0TPHJibNGcDnO?w<234A,0*05
\s:66,c:1782377500*43\!AIVDM,1,1,,A,1Ch;:uW00>vF:IfV5bjLaId@0000,0*2F
\s:66,c:1782377503*40\!AIVDM,1,1,,B,169JQj300=0n;`gu@v2Fu@?F0@I=,0*79
\s:66,c:1782377503*40\!AIVDM,1,1,,B,19NSAGP001Su2BP>Vdaa1JuB00SW,0*15
\s:66,c:1782377497*4C\!AIVDM,1,1,,B,13aGss0P00PGCWhNOgOv4?w:2@Es,0*57
\s:66,c:1782377501*42\!AIVDM,1,1,,B,137e4B0000OW7>4Dc:HlfQc>08Gm,0*57
\s:66,c:1782377498*43\!AIVDM,1,1,,A,13in1h001l0C=q8GSn20e0W80<4S,0*09
\s:66,c:1782377494*4F\!AIVDM,1,1,,A,B7Op14005Re<pqs9<PnoKwi5oP06,0*28
\s:66,c:1782377492*49\!AIVDM,1,1,,A,B8HsCp00=qnepw0;nSm3swh5oP06,0*1C
\s:66,c:1782377492*49\!AIVDM,1,1,,A,13=2U2SP?w<tSF0l4Q@>4?wv0d06,0*45
\s:66,c:1782377496*4D\!AIVDM,1,1,,A,13sBid?P05wH;E4GT<1Aoww82<0h,0*59
\s:66,c:1782377499*42\!AIVDM,1,1,,B,177MO<001g0?1n0E=M?3N2g608Fw,0*31
\s:66,c:1782377499*42\!AIVDM,1,1,,A,16K2>wh0019iOEtCwoQPjjk>08F`,0*47
\s:66,c:1782377500*43\!AIVDM,1,1,,B,ENl4bDtsHLh@@@@@@@@@@@@@@@@D>4mK6w`b`00003v010,4*00
\s:66,c:1782377500*43\!AIVDM,1,1,,A,ENjbW8w6TaaTW3h@@@@@@@@@@@@@KO2C@RuD800000N0100,2*54
\s:66,c:1782377498*43\!AIVDM,1,1,,B,1:5d1P0P05WOHe`13AqcEUu428Ft,0*16
\s:66,c:1782377494*4F\!AIVDM,1,1,,A,13MCuP0Oh<wLom<MGj:RKBi60@D;,0*70
\s:66,c:1782377358*48\!AIVDM,1,1,,A,B3aJHPh08p5:CwWIDGrdWwa1l534,0*6A
\s:66,c:1782377498*43\!AIVDM,1,1,,A,344W?LU0009KqLnHad`CT;?80000,0*73
\s:66,c:1782377493*48\!AIVDM,1,1,,A,B3mk?OP04p;Omr8L:5UcOwhUoP06,0*1F
\s:66,c:1782377500*43\!AIVDM,1,1,,A,13OdpljP?w<tSF0l4Q@>4?wv0lA>,0*52
\s:66,c:1782377498*43\!AIVDM,1,1,,B,1815H3kP01SQR9n@@JGu:ww42<7u,0*54
\s:66,c:1782377483*49\!AIVDM,1,1,,B,13aFer0P00PE0qnMdfdP0?vd20SA,0*3B
\s:66,c:1782377501*42\!AIVDM,1,1,,A,18I5p80wRc7SKBd2;t4`QVm@08HE,0*62
\s:66,c:1782377430*41\!AIVDM,1,1,,B,13b?AJ7001PBM`tMaqRhb6pR0@AT,0*48
\g:1-2-5198830,s:66,c:1782377502*0D\!AIVDM,2,1,0,B,55CbeF82:DBpQ1IV220m<>0DhDtpu860TTV22217G@A>A5dh0D4PEQCS,0*13
\g:2-2-5198830*63\!AIVDM,2,2,0,B,PH8888888888880,2*3F
\s:66,c:1782377495*4E\!AIVDM,1,1,,A,16:>aQP01e`Nk8dF8tTca9A400SN,0*35
\s:66,c:1782377500*43\!AIVDM,1,1,,B,15Q;tF002=WCukP1954craW@053<,0*48
\s:66,c:1782377500*43\!AIVDM,1,1,,B,19NSkah02<;1`>?hGa;nwma@08Gg,0*0F
\s:66,c:1782377502*41\!AIVDM,1,1,,A,1:kJgsP000Ji5f1bl004rEk@00SE,0*09
\s:66,c:1782377498*43\!AIVDM,1,1,,,B5NhWu0006aGAoUb4B4;pajQV006,0*1E
\s:66,c:1782377502*41\!AIVDM,1,1,,A,15NMwW;000rdSqVGBMtBNb1@0D4k,0*60
\s:66,c:1782377499*42\!AIVDM,1,1,,A,16:8?LP0028;lQj<pV@P6o5<0<1q,0*70
\s:66,c:1782377502*41\!AIVDM,1,1,,A,16:>Ca`P008Vg;DDaJkv4?w@0<1p,0*42
\s:66,c:1782377503*40\!AIVDM,1,1,,B,19NSW?PwBhSM`>wqG9kB`j=B053<,0*3B
\s:66,c:1782377502*41\!AIVDM,1,1,,A,13Ij>67P0IP4kq>Ln>g4`gw@20SQ,0*2E
\s:66,c:1782377498*43\!AIVDM,1,1,,B,23aEP>pP00PF<vVNFH2>4?w:2HEs,0*02
\s:66,c:1782377496*4D\!AIVDM,1,1,,A,18I=dQ001nNeGgv9Icho35S:0@ED,0*46
\s:66,c:1782377497*4C\!AIVDM,1,1,,B,146iPD0P@20=w;HMS59TBqK808F5,0*0D
\s:66,c:1782377499*42\!AIVDM,1,1,,A,16:BlIP01R8jH4<CPdtN0h700=tV,0*50
\s:66,c:1782377499*42\!AIVDM,1,1,,A,18HtqQ0P00WLDo80aL8saEO<28Fa,0*77
\s:66,c:1782377500*43\!AIVDM,1,1,,B,18Lg6W00017=lB<7QCm7A61@0<4i,0*57
\s:66,c:1782377495*4E\!AIVDM,1,1,,A,12wd4@?P003Oj0f?pvKMHgw42@DL,0*44
\s:66,c:1782377496*4D\!AIVDM,1,1,,B,13m6cWS004P=7plN8MmeNPo48D48,0*6F
\g:1-2-5198831,s:66,c:1782377493*05\!AIVDM,2,1,1,A,58Uq7H02BDDETa5SV20<P5T58V1@T@F22222220O2@a6;5da0:TPDm0C,0*02
\g:2-2-5198831*62\!AIVDM,2,2,1,A,UDPH88888888880,2*2C
\s:66,c:1782377498*43\!AIVDM,1,1,,A,33cpO0?P@0Pw1C:J6WtpEnI<20t0,0*0D
\s:66,c:1782377498*43\!AIVDM,1,1,,A,16:EtIPvAN`gJM@AdGj6u59<20S4,0*14
\s:66,c:1782377497*4C\!AIVDM,1,1,,B,36:BpWQ0008N8MrF?e63HGi:0E2r,0*1F
\s:66,c:1782377495*4E\!AIVDM,1,1,,B,15NFbj?000qV4<v@IWViBhe60<1k,0*39
\s:66,c:1782377500*43\!AIVDM,1,1,,B,E>lEM;wQ:aPW72c`7a:60W1<P00DVlwl:0@@010888kwN0,4*1D
\s:66,c:1782377500*43\!AIVDM,1,1,,A,BCP8sU00@wtuGJ6w1EK?CwiUn000,0*45
\s:66,c:1782377451*46\!AIVDM,1,1,,B,333u62UP00PC7>pMf>=N4?wTRE2:,0*59
\s:66,c:1782377500*43\!AIVDM,1,1,,A,13aDCthP05PFED:Mvr`Gtww@2<3w,0*36
\s:66,c:1782377499*42\!AIVDM,1,1,,A,13Ekfc0P12wW5VtDcd6eq?w@2<3s,0*7C
\s:66,c:1782377501*42\!AIVDM,1,1,,A,36:77fU0008fbVhAQraRGkQ@0D;b,0*59
\s:66,c:1782377501*42\!AIVDM,1,1,,A,13v61R700J0j0F<Q<PG=pPnR0D0f,0*13
\s:66,c:1782377501*42\!AIVDM,1,1,,A,15RVQ>5000ww0G@Fd8ia@VS808FH,0*12
\s:66,c:1782377502*41\!AIVDM,1,1,,A,C9t6Lgh069s@iqQNJ:rbswUP`2M0`2C1U07Wk1111110?1052120,0*6C
\s:66,c:1782377503*40\!AIVDM,1,1,,B,B9t6Lgh06as@iC1NJ<JiWwcW3P06,0*7A
\s:66,c:1782377474*41\!AIVDM,1,1,,B,13@pGHh00HPBOdfMrhv`pVpJ0H8:,0*40
\s:66,c:1782377458*4F\!AIVDM,1,1,,A,33@pGHhP@HPBOhrMri@`vVqj0000,0*23
\s:66,c:1782377501*42\!AIVDM,1,1,,A,1912wtwP1LPLLPBE>w=J1OwB253<,0*0E
\s:66,c:1782377500*43\!AIVDM,1,1,,B,B7ldLn@00:5`eewlWI803wkTkP06,0*1E
\s:66,c:1782377500*43\!AIVDM,1,1,,B,15?deg@P1B7abSh;nr;Lb?w@08Gh,0*09
\g:1-2-5198832,s:66,c:1782377500*0D\!AIVDM,2,1,2,B,53m5CH82Grl7TP7K3G9<4p00000000000000000U2pD545dj06D3lU3p,0*3A
\g:2-2-5198832*61\!AIVDM,2,2,2,B,32@hj@H4hDQ1AkP,2*5C
\s:66,c:1782377502*41\!AIVDM,1,1,,B,13cpO0?P@0Pw1C<J6Wu006GD253<,0*5E
\s:66,c:1782377495*4E\!AIVDM,1,1,,B,17ldk??P00`=mkWvdFKl3ww42D0W,0*79
\s:66,c:1782377503*40\!AIVDM,1,1,,B,15?dR5h01P2QJE;l`Wbjf2=F053<,0*05
\s:66,c:1782377499*42\!AIVDM,1,1,,A,15C7800P000GohRNQuiqPww@0HG6,0*77
\s:66,c:1782377503*40\!AIVDM,1,1,,B,1:UOHg@P00tQpqUiJ5c>4?wF20RG,0*1C
\s:66,c:1782377501*42\!AIVDM,1,1,,A,18J844002<7ISSF0eAN;Dq3D08HE,0*4D
\s:66,c:1782377495*4E\!AIVDM,1,1,,A,B3m=ov0008MfK6:9mfkQ3wiQnDM:,0*53
\s:66,c:1782377502*41\!AIVDM,1,1,,A,13MAmH@00dPMbO0NqtGUA3sD20SL,0*28
\s:66,c:1782377436*47\!AIVDM,1,1,,A,H7tCh10mV0l5=@E:22222222220,2*65
\s:66,c:1782377496*4D\!AIVDM,1,1,,A,H7tCh14t0000000qP=<5Pj1pM550,0*54
\g:1-2-5198833,s:66,c:1782377498*0C\!AIVDM,2,1,3,B,59NSTcp2>0:<CEM3V20m<>04pA8D60J222222218A8:B55df0BjCU4U`,0*08
\g:2-2-5198833*60\!AIVDM,2,2,3,B,888888888888880,2*24
\s:66,c:1782377498*43\!AIVDM,1,1,,A,B3`dj0P0<`5bV37U4I5?owjWkP06,0*0A
\s:66,c:1782377499*42\!AIVDM,1,1,,A,19NS`;P11E8gW9>Al@1KpaW<00Rd,0*29
\s:66,c:1782377493*48\!AIVDM,1,1,,A,33?vj`50000oEPpO05VD<Jw20Dtb,0*53
\s:66,c:1782377499*42\!AIVDM,1,1,,A,19NSjPhvj1Nd;8t<<nj0q@k:0HFh,0*13
\s:66,c:1782377500*43\!AIVDM,1,1,,B,B6:bj2@0029hb04TeJjagwv41P06,0*51
\s:66,c:1782377500*43\!AIVDM,1,1,,,404k1dQvad`kV`lJNGp1Q1G00000,0*0F
\s:66,c:1782377498*43\!AIVDM,1,1,,A,15ADDF0P01rCw2H56ogCcgw<08FT,0*65
\g:1-2-5198834,s:66,c:1782377492*01\!AIVDM,2,1,4,A,53aC2ID0000107;?K41@tlmT000000000000000l7`084t0Ht5000000,0*6D
\g:2-2-5198834*67\!AIVDM,2,2,4,A,000000000000000,2*20
\s:66,c:1782377492*49\!AIVDM,1,1,,A,13EiLMSP09P=f<2Ghct8fOvv2D0l,0*05
\s:66,c:1782377498*43\!AIVDM,1,1,,A,1:LR2`HP00KlpOWd;cGq8?w>0@FK,0*0F
\s:66,c:1782377493*48\!AIVDM,1,1,,A,13HU760P00PJsGRHbUR>4?w02000,0*79
\s:66,c:1782377494*4F\!AIVDM,1,1,,A,13EaaB002q01h8DLthtamGq4053<,0*55
\s:66,c:1782377495*4E\!AIVDM,1,1,,A,1:0rrt<=@0PrkmpD=ES>4?w620S3,0*35
\s:66,c:1782377498*43\!AIVDM,1,1,,B,17ldNSPP007aW4itPljuuww<08FD,0*7E
\s:66,c:1782377499*42\!AIVDM,1,1,,A,38158:1=@0M8cCikn<FPUgw>0000,0*3F
\s:66,c:1782377496*4D\!AIVDM,1,1,,A,169?w@80008ePbhA;ReaC4U60D00,0*53
\s:66,c:1782377497*4C\!AIVDM,1,1,,A,B5O@6QP0066:uOSE2b4000N00000,0*55
\s:66,c:1782377501*42\!AIVDM,1,1,,A,14eGGT?000KM62dIS2kMi9s<0L0a,0*47
\s:66,c:1782377501*42\!AIVDM,1,1,,A,B69E74h00r=g0eT0bU2tGwhW3P06,0*47
\s:66,c:1782377498*43\!AIVDM,1,1,,A,377Mok0w2M1gADVEVjm9aWip0000,0*63
\s:66,c:1782377495*4E\!AIVDM,1,1,,B,33`hCB02ARPMnEJNcGj:=83<05hS,0*4F
\s:66,c:1782377501*42\!AIVDM,1,1,,A,162?@hTP00WKqE<0TpHf4?w>2<7f,0*33
\s:66,c:1782377436*47\!AIVDM,1,1,,B,13`hr3h0000BPrtMab<Tu3u:0@E?,0*37
\s:66,c:1782377501*42\!AIVDM,1,1,,A,33EhH6W00M00F?JFFQ2u=Jg@05:3,0*16
\s:66,c:1782377502*41\!AIVDM,1,1,,A,1815OeP0Ph7L`M00g@8b=Gu>00Se,0*75
\s:66,c:1782377495*4E\!AIVDM,1,1,,B,16:55i001R`ML4@F<qARJ1M620S@,0*0E
\s:66,c:1782377501*42\!AIVDM,1,1,,A,13n8cp003iPeawTQ7hro;5k@08HC,0*79
\s:66,c:1782377501*42\!AIVDM,1,1,,A,13A6920021O2boJ3M1i4aSe@00R?,0*09
\s:66,c:1782377499*42\!AIVDM,1,1,,A,13B37H80000fhpHP8ID:abg:0000,0*25
\g:1-2-5198835,s:66,c:1782377502*08\!AIVDM,2,1,5,A,56K3Ts`2HEnl`CG?;N0IDL4eF0l59F22222222161rF3I5e<0@wRT83B,0*13
\g:2-2-5198835*66\!AIVDM,2,2,5,A,F`54p8888888880,2*4E
\s:66,c:1782377503*40\!AIVDM,1,1,,B,18IKot00007KpKn0gUC<MFwH00Ro,0*68
\s:66,c:1782377501*42\!AIVDM,1,1,,A,13JAG45P@iwQkSrKF5WU;T5D08HJ,0*52
\s:66,c:1782377502*41\!AIVDM,1,1,,A,4030p81vad`kbo;V8rKtT0W00<9R,0*51
\s:66,c:1782377496*4D\!AIVDM,1,1,,B,B7OkdnP01<k0eJLTtRtsOwj5l000,0*65
\g:1-2-5198836,s:66,c:1782377498*09\!AIVDM,2,1,6,A,54i4FV80?Gke`<TOP00lttq<P4@uL0000000000U2PG36=c706hPDPiC,0*16
\g:2-2-5198836*65\!AIVDM,2,2,6,A,3kP@00000000000,2*6A
\s:66,c:1782377498*43\!AIVDM,1,1,,A,16:LN8P01H8aW2n?9NKQ?1180HER,0*50
\s:66,c:1782377498*43\!AIVDM,1,1,,B,28SJSk00007b=T:5tN;Wu3Q<00S5,0*26
\s:66,c:1782377498*43\!AIVDM,1,1,,A,B3P=BB@00`PcL;5A<2T000N00000,0*3E
\s:66,c:1782377497*4C\!AIVDM,1,1,,A,37P1g10PAK:l1Wad`ceeO:i80000,0*6D
\s:66,c:1782377500*43\!AIVDM,1,1,,B,ENk`vcVpph@@@@@@@@@@@@@@@@@=8LmI7iM3P00003vP000,2*74
\g:1-2-5198837,s:66,c:1782377347*0D\!AIVDM,2,1,7,B,53`dee8000010SG?G<0<thu84@t000000000001@?0?68udhP90QETRB,0*28
\g:2-2-5198837*64\!AIVDM,2,2,7,B,Q2CQli3jh000000,2*55
\s:66,c:1782377495*4E\!AIVDM,1,1,,B,13@pKP000<P8>:2Nq5os;U1400Sf,0*16
\s:66,c:1782377498*43\!AIVDM,1,1,,A,144bLcSOi0P5NljE9hIbbH=40D0A,0*2B
\s:66,c:1782377496*4D\!AIVDM,1,1,,A,B5OI0;0006f?>EUuNGn5icN00000,0*7E
\s:66,c:1782377500*43\!AIVDM,1,1,,B,16=<uJ002BWE3ad11Kl4P3W:0D1O,0*5F
\s:66,c:1782377500*43\!AIVDM,1,1,,A,402R3Hivad`k`1;4p>R8=fW008Gg,0*46
\s:66,c:1782377496*4D\!AIVDM,1,1,,,13=p=F001rJLKLt<ho6TqSqp0000,0*1F
\s:66,c:1782377500*43\!AIVDM,1,1,,A,169Ad000148W9=VBDnfpm7=@08GM,0*6E
\s:66,c:1782377484*4E\!AIVDM,1,1,,A,13P<cao000PBPqPMaaHlK4Jf0d<n,0*4A
\s:66,c:1782377443*45\!AIVDM,1,1,,A,33P<cao000PBPqbMaaETK4KD0Pck,0*02
\s:66,c:1782377500*43\!AIVDM,1,1,,A,Evja5E11000?cJ0000000000000Lecjq5ESi000003rP10,4*47
\s:66,c:1782377503*40\!AIVDM,1,1,,A,18I>WP0win7e`hR5nJg3e32v0<1l,0*11
\s:66,c:1782377355*45\!AIVDM,1,1,,A,33aRsimP000D8;RMe<c>4?vL2E<r,0*56
\s:66,c:1782377503*40\!AIVDM,1,1,,A,16:KpQ00008Vj?hD`NTeGQoD0HI5,0*40
\s:66,c:1782377497*4C\!AIVDM,1,1,,A,16K3nA@0009ih0lD1epU@Ag808Em,0*29
\s:66,c:1782377500*43\!AIVDM,1,1,,A,B7tN84h0FAj@qmPqfOfQB1N00000,0*3E
\s:66,c:1782377502*41\!AIVDM,1,1,,B,36SbJDPP18a=dtBD1ES<SwwB200B,0*26
\s:66,c:1782377493*48\!AIVDM,1,1,,B,B6:d4I@002;71t4NSriV?wv41P06,0*40
\s:66,c:1782377503*40\!AIVDM,1,1,,A,13:U1f001TrQ=t25O3bGpnSD00SG,0*50
\s:66,c:1782377502*41\!AIVDM,1,1,,,13=p=F001rJLKRT<hn`TqSqp0000,0*76
\s:66,c:1782377502*41\!AIVDM,1,1,,B,17Onq>P002bl<>Ad`8ARgUqB2<0D,0*36
\s:66,c:1782377494*4F\!AIVDM,1,1,,B,13MClwhOj>P<anhN9Nh9j7o00HCr,0*69
\s:66,c:1782377493*48\!AIVDM,1,1,,A,B5NtrjP00=kuEV6lE:mp1PN00000,0*34
\s:66,c:1782377494*4F\!AIVDM,1,1,,,13IpPL002fsWRg28JsJ5sDi28000,0*2D
\s:66,c:1782377499*42\!AIVDM,1,1,,,13IpPL002fsWRhP8Js4Esli68000,0*62
\s:66,c:1782377495*4E\!AIVDM,1,1,,A,15CVgL0P00JVFCB5sIqJJgw8053<,0*7B
\g:1-2-5198838,s:66,c:1782377437*02\!AIVDM,2,1,8,A,53`hoT8000010K;;;@190637<00000000000000o1HB54t0Ht04Sm51D,0*40
\g:2-2-5198838*6B\!AIVDM,2,2,8,A,Q0C@00000000000,2*4E
\s:66,c:1782377497*4C\!AIVDM,1,1,,B,13l9:DoP?w<tSF0l4Q@>4?wv0PS1,0*69
\s:66,c:1782377499*42\!AIVDM,1,1,,A,B7ldoUP00:5aQ<Om=L9bkwjRTD2G,0*7B
\s:66,c:1782377499*42\!AIVDM,1,1,,A,B5`V@OP00fp4<pRSoKKQ3wkQnDkJ,0*1C
\g:1-2-5198839,s:66,c:1782377441*02\!AIVDM,2,1,9,A,539IU``0?rpH@A<S:20PE86222222222222222161j=9@5cl0ASS4U3H,0*4C
\g:2-2-5198839*6A\!AIVDM,2,2,9,A,888888888888880,2*2D
\s:66,c:1782377475*40\!AIVDM,1,1,,B,339IU`U0000CJJHMdJaCn3DH0DU:,0*35
\s:66,c:1782377440*46\!AIVDM,1,1,,A,33l3qrh01qPCW1vMd`CsPI?@0BVe,0*3F
\s:66,c:1782377501*42\!AIVDM,1,1,,A,13l3qrh01pPCUcHMdd1siII>053<,0*5E
\s:66,c:1782377495*4E\!AIVDM,1,1,,A,19C7En0u@88rSCPC8rRWIpa808Db,0*04
\s:66,c:1782377440*46\!AIVDM,1,1,,B,33aNaC0P0<PDQU6Me@Ceqww@2BHk,0*4E
\s:66,c:1782377501*42\!AIVDM,1,1,,A,1:U7K70009M7GMuk@WK4Q17B0D16,0*5A
\s:66,c:1782377502*41\!AIVDM,1,1,,A,16S`kt001ra=b5bCwsV5pTcD08Hv,0*36
\s:66,c:1782377499*42\!AIVDM,1,1,,A,ENk`t5Wa4h@@@@@@@@@@@@@@@@@=38MK<<L2`00003vP000,2*44
\s:66,c:1782377501*42\!AIVDM,1,1,,A,13=JCB001lwP@gTJVkE@m@e>0HH6,0*59
\s:66,c:1782377501*42\!AIVDM,1,1,,A,402M52Avad`kW1rBkN`B;@oP08Gj,0*53
\s:66,c:1782377502*41\!AIVDM,1,1,,A,BCgm1A000OTevS9RHes2Swd2s000,0*00
\s:66,c:1782377501*42\!AIVDM,1,1,,B,BCh;73P0B7TvaDaMWd1ecwhRs000,0*47
\s:66,c:1782377501*42\!AIVDM,1,1,,B,403t>Vivad`kN`fp<fA@@G700D;g,0*54
\s:66,c:1782377500*43\!AIVDM,1,1,,B,1:kJT0P000JiTTEc2F1SW9IB0@Gr,0*38
\s:66,c:1782377486*4C\!AIVDM,1,1,,B,13`hoT0P0hPCEsJMdhQVewvl2D:r,0*33
\s:66,c:1782377416*45\!AIVDM,1,1,,A,33`hoT0P0hPCElHMdl;6h?vP2361,0*60
\s:66,c:1782377498*43\!AIVDM,1,1,,B,B6K2E4@00:L`PH51:H??cwk5gP06,0*1A
\s:66,c:1782377502*41\!AIVDM,1,1,,A,162?@10P006T=3@<hT2G<?wB053<,0*58
\s:66,c:1782377501*42\!AIVDM,1,1,,A,18SJR:002`83hL`8OWJ7WV;408Gl,0*33
\s:66,c:1782377501*42\!AIVDM,1,1,,A,33aI8q00000J86@NDvJI6WCp0000,0*5E
\s:66,c:1782377503*40\!AIVDM,1,1,,B,1815VSh01N2C1GogP>8e>baB053<,0*43
\s:66,c:1782377503*40\!AIVDM,1,1,,A,13c`EJ0P000e1i4I?FSh0?wD0L2?,0*37
\s:66,c:1782377501*42\!AIVDM,1,1,,B,23aNaC0P0bPDQJtMe>UVsww@2D7`,0*67
\s:66,c:1782377503*40\!AIVDM,1,1,,,13IpPL002fsWRmb8Jqq5t4iD8000,0*4F
\s:66,c:1782377497*4C\!AIVDM,1,1,,A,36K2bgP0059jUHLD3UOTH3I:0220,0*09
\s:66,c:1782377498*43\!AIVDM,1,1,,A,18I3aS001a<bDaEbVf1J2oo:08Eg,0*02
\s:66,c:1782377499*42\!AIVDM,1,1,,B,13ca@j0P001>Sv0G9Nbv4?w<053<,0*1B
\s:66,c:1782377499*42\!AIVDM,1,1,,A,13EerVSu@5P3AiJG7tJdvHM:0<2K,0*64
\s:66,c:1782377494*4F\!AIVDM,1,1,,A,13adNn?001PGrW4N<in;cnS20HCw,0*67
\s:66,c:1782377500*43\!AIVDM,1,1,,A,405s9`1uJl`k`S5;El6`kIA02<1=,0*47
\s:66,c:1782377496*4D\!AIVDM,1,1,,B,15O1eUPP00rdrF0GB14f4?w8253<,0*57
\s:66,c:1782377498*43\!AIVDM,1,1,,A,13aLk7h02E1CupvG;QOmvTk>0HFQ,0*6C
\s:66,c:1782377498*43\!AIVDM,1,1,,A,19NSk6P01w7PiIj14D?QKAA80@F7,0*38
\g:1-2-5198840,s:66,c:1782377499*09\!AIVDM,2,1,0,B,58LM7882Bd7a?H4K800<P5T4pDF0p58DD000001?DPJ<E5cg0@i1B0C@,0*28
\g:2-2-5198840*64\!AIVDM,2,2,0,B,000000000000000,2*27
\s:66,c:1782377493*48\!AIVDM,1,1,,A,H69CWQA`PEPT4pMUG;O33400000,2*7D
\s:66,c:1782377493*48\!AIVDM,1,1,,B,H69CWQDN6DejkhiPPPPPPP2@A43H,0*16
\s:66,c:1782377494*4F\!AIVDM,1,1,,B,ENm1cAU0h12PQWW000000000000FC?G8m?P6000003hP00,4*11
\s:66,c:1782377501*42\!AIVDM,1,1,,B,168s=u@P19`KsH@F?At::ww@053<,0*6F
\s:66,c:1782377498*43\!AIVDM,1,1,,A,19NSq5h01`NLKHb95VEA>0o<0HF2,0*12
\s:66,c:1782377497*4C\!AIVDM,1,1,,A,35Ow2N0P2UG?cSTK@3AEHww<01ei,0*3A
\s:66,c:1782377498*43\!AIVDM,1,1,,B,1776:W001a8W;bd>b;H1=Q4F053<,0*47
\s:66,c:1782377498*43\!AIVDM,1,1,,A,19NSbJ001n7WqnD2iP7HQFm60<0h,0*13
\s:66,c:1782377499*42\!AIVDM,1,1,,B,B7loir009J5cWPOl4Ii@?wj2T@FO,0*10
\s:66,c:1782377498*43\!AIVDM,1,1,,B,155vKD@01CSUcWt@=tc5<5E:0@Er,0*47
\g:1-2-5198841,s:66,c:1782377492*03\!AIVDM,2,1,1,B,53`m1i4000010?CO3V0HT@DhU>2222222222221?8h?375g;h021BBSR,0*5A
\g:2-2-5198841*65\!AIVDM,2,2,1,B,CQiC`8888888880,2*46
\s:66,c:1782377495*4E\!AIVDM,1,1,,,17ldat8Oh77huI9tIjtb``w60000,0*0E
\s:66,c:1782377499*42\!AIVDM,1,1,,A,17m@;GLP00WKnqt0Tt8PAOw<28Fs,0*18
\s:66,c:1782377497*4C\!AIVDM,1,1,,B,B6:;WP00Fj;WVdTBiCW2rKjWQP06,0*7F
\s:66,c:1782377500*43\!AIVDM,1,1,,A,33oAP210P0LrQN=jtFw4@bA:0CiJ,0*05
\s:66,c:1782377500*43\!AIVDM,1,1,,A,1815ce0wjD`lav6A6uUGAUe>0D3V,0*27
\s:66,c:1782377502*41\!AIVDM,1,1,,B,35Reqp0Oh>SmS7P>>=gq=G9B2000,0*1E
\s:66,c:1782377502*41\!AIVDM,1,1,,B,13JeKt00267aRTl5w=Hn3TeD053<,0*1A
\s:66,c:1782377500*43\!AIVDM,1,1,,A,17lod4`P0E8FdagwBhm=VgwB2D2k,0*0C
\s:66,c:1782377503*40\!AIVDM,1,1,,B,19NS;A000E2dOb8=F?25lFEF0D80,0*6A
\s:66,c:1782377501*42\!AIVDM,1,1,,B,D02IPCQMdffp,0*31
\s:66,c:1782377502*41\!AIVDM,1,1,,B,16:65L10018he3PAJH7P55AB00Sr,0*07
\s:66,c:1782377501*42\!AIVDM,1,1,,B,102;2L?P00P8MCTM:N2`2wwD2<5S,0*7B
\s:66,c:1782377501*42\!AIVDM,1,1,,B,139fs;PP00PeW6dN`qMV1?w>0hHO,0*5C
\s:66,c:1782377502*41\!AIVDM,1,1,,A,16:>Qc0vQa8hB@0@w7I:j8e>00RD,0*6F
\s:66,c:1782377502*41\!AIVDM,1,1,,B,15?d`e@:1:S`3op@5S0dOIuB0HHM,0*2F
\s:66,c:1782377503*40\!AIVDM,1,1,,A,16:BT>P01T8fR<@F@CbRR2Ap00Rd,0*54
\s:66,c:1782377501*42\!AIVDM,1,1,,,B5OCATP00>RlfTTECL;93wl5l000,0*36
\s:66,c:1782377503*40\!AIVDM,1,1,,A,1:U<tD0rRDLba9mivdHWqnEp0D1F,0*76
\s:66,c:1782377502*41\!AIVDM,1,1,,B,C8Stpm@03Is<KoQNI7fkowaQUSSp@NQt9ct9SK1m1m10?1052120,0*4B
\s:66,c:1782377497*4C\!AIVDM,1,1,,B,13:teF0vBi7>U:`1W>HsGq960<28,0*7D
\s:66,c:1782377499*42\!AIVDM,1,1,,A,13KGWD30001R;t2RvfIMc1400000,0*36
\s:66,c:1782377503*40\!AIVDM,1,1,,B,B8Stpm@03as<K6QNI66LOwn73P06,0*6B
\s:66,c:1782377498*43\!AIVDM,1,1,,B,14cV<L00204?wJ<=QiuLJam:00R>,0*41
\s:66,c:1782377499*42\!AIVDM,1,1,,B,16:EeeP00p7Jw@B0a<c1QADv00S=,0*06
\s:66,c:1782377499*42\!AIVDM,1,1,,A,139o:QP0000eJV0N`kO8L8W>0@Fs,0*6A
\s:66,c:1782377498*43\!AIVDM,1,1,,A,144hqd?P012:<;RR@w`<sOwp0D2J,0*57
\s:66,c:1782377496*4D\!AIVDM,1,1,,B,370H2p8005SQ<>2@<4Om@PM:21u0,0*6F
\s:66,c:1782377500*43\!AIVDM,1,1,,B,14hGNE00020Pc3<Hsrp0013>2D2<,0*77
\s:66,c:1782377494*4F\!AIVDM,1,1,,A,33=2T?@00012WJfDPBt0001p0000,0*19
\s:66,c:1782377498*43\!AIVDM,1,1,,A,19NSR1P02`OMU;BDiG2cD`u800S>,0*73
\s:66,c:1782377499*42\!AIVDM,1,1,,B,E>m>=:W52b4h56;ahHSP00000003dvlF0IDs`20@@@if@0,4*32
\s:66,c:1782377492*49\!AIVDM,1,1,,B,13=2T?@P01Q2WJfDPBtN4?w2253<,0*60
\s:66,c:1782377498*43\!AIVDM,1,1,,B,16Sf<N0P0i9=WAnD15sn;Ow=r53<,0*0B
\s:66,c:1782377499*42\!AIVDM,1,1,,A,17lcQKgP01WM4TV0Vp<utgw62D5f,0*07
\s:66,c:1782377495*4E\!AIVDM,1,1,,A,13nk>R001iwR9kNKC@2A<15808Dl,0*37
\s:66,c:1782377490*4B\!AIVDM,1,1,,B,16:dAmhP3E`e>k@As;:;3wvv2HBp,0*0A
\s:66,c:1782377498*43\!AIVDM,1,1,,B,D03t>`iclNfp00N000,4*0C
\s:66,c:1782377499*42\!AIVDM,1,1,,B,18I6SO00jW7srHB9dw9`<FM80D4?,0*4D
\g:1-2-5198842,s:66,c:1782377501*0B\!AIVDM,2,1,2,A,5347dV42Dhbpu89F2210TE98F10E@UB1=E9HEV1S0PC525<?r00@CS3k,0*4F
\g:2-2-5198842*66\!AIVDM,2,2,2,A,l83klm0UBE1CR0@,2*29
\s:66,c:1782377501*42\!AIVDM,1,1,,B,28SJPw30007am8260bDd2l5B08H6,0*38
\s:66,c:1782377501*42\!AIVDM,1,1,,A,19NSk100027KwS40fgT0jSG>00SP,0*11
\s:66,c:1782377490*4B\!AIVDM,1,1,,A,H3HqrMP5>0@F0<tEE:000000000,2*46
\s:66,c:1782377501*42\!AIVDM,1,1,,B,H3HqrMTUCBD5J74614pkoh0h4220,0*13
\s:66,c:1782377500*43\!AIVDM,1,1,,B,14Rfh2001D09aHDE9Gek9BS<0d21,0*29
\s:66,c:1782377503*40\!AIVDM,1,1,,A,13cEpt300V1225VOQQrC82SD00SA,0*40
\s:66,c:1782377502*41\!AIVDM,1,1,,A,33mOS470101FqwFWo2IQp1Ip0000,0*38
\s:66,c:1782377502*41\!AIVDM,1,1,,B,13KI=200001V<HTR>i8b1`600000,0*65
\s:66,c:1782377502*41\!AIVDM,1,1,,B,28SJDBQP00Waq4062EF5GwwB20S4,0*20
\s:66,c:1782377501*42\!AIVDM,1,1,,B,168uRUP01>8f3n0A=:DU`DI@053<,0*44
\s:66,c:1782377502*41\!AIVDM,1,1,,B,1:U7B:PP00LQpjwiJ5esVwwD2@HT,0*38
\s:66,c:1782377502*41\!AIVDM,1,1,,B,1:kJUO0000Ji7WIbks:66,0*74
\s:66,c:1782377496*4D\!AIVDM,1,1,,B,16:R?t001o8Kc28FBSdCsS=6053<,0*14
\s:66,c:1782377503*40\!AIVDM,1,1,,A,13=2T?@P00Q2WJ`DPBtN4?wF253<,0*10
\s:66,c:1782377503*40\!AIVDM,1,1,,A,138re2002v7=MbN77wjtDqmB0<1G,0*1F
\s:66,c:1782377502*41\!AIVDM,1,1,,A,403OKE1uJl`kbrF8LdC>P>O02D2:,0*6D
\s:66,c:1782377497*4C\!AIVDM,1,1,,B,13m:`7PP00PKMWBQLTtf4?w:20Re,0*4C
\s:66,c:1782377500*43\!AIVDM,1,1,,B,B3prFwh00nqDRN1f@1kQ3wl1h000,0*15
\s:66,c:1782377501*42\!AIVDM,1,1,,B,13F8J20001vqLl2@65i7u0=208GS,0*7E
\s:66,c:1782377503*40\!AIVDM,1,1,,A,ENl5AUtRHth@@@@@@@@@@@@@@@@DGcpM8rfI`00003v010,4*3A
\s:66,c:1782377502*41\!AIVDM,1,1,,A,13mlG63000PA;8VN9VS5W7O@00SO,0*27
\s:66,c:1782377500*43\!AIVDM,1,1,,A,1CgpfaWP@;NAm>FUpK`4akdH0000,0*3E
\s:66,c:1782377503*40\!AIVDM,1,1,,B,369a7n10028L7LPF@V2p>wv00000,0*60
\s:66,c:1782377501*42\!AIVDM,1,1,,A,38SJSrP01S7`a0D63B?GsV960000,0*40
\s:66,c:1782377503*40\!AIVDM,1,1,,A,B:U7M?h0078OkgtFI;w<swm1jETb,0*20
\s:66,c:1782377501*42\!AIVDM,1,1,,B,177<t=002sbAvFJGsvv2GisB0L0O,0*63
\s:66,c:1782377498*43\!AIVDM,1,1,,A,H3=2TC@l4LT>0lTdD0000000000,2*51
\s:66,c:1782377498*43\!AIVDM,1,1,,B,H3=2TCDU01OA>1Eq82lonm102210,0*69
\s:66,c:1782377498*43\!AIVDM,1,1,,B,16:6u40Oi58UlpDEu2A:OHQ6053<,0*6A
\s:66,c:1782377496*4D\!AIVDM,1,1,,,13l?F@00j72g7fMjm<?Q<Q2B053<,0*66
\s:66,c:1782377497*4C\!AIVDM,1,1,,A,13IKF2501TOMCkjKLtdjtBM<0HEv,0*03
\s:66,c:1782377498*43\!AIVDM,1,1,,B,18I82k00js7SW9F2<nW1G19:0<0m,0*73
\s:66,c:1782377498*43\!AIVDM,1,1,,A,17ldoN0P3cWLDC20eNUKhww:2D9`,0*6F
\s:66,c:1782377499*42\!AIVDM,1,1,,B,B7mF?a001J5d>iwl73Q7?wi2T<7i,0*04
\g:1-2-5198843,s:66,c:1782377299*0C\!AIVDM,2,1,3,A,53aQ6>4000010KGWSP0pE1ADqE>3T0000000001S0P<23t0Ht020EQCU,0*5E
\g:2-2-5198843*67\!AIVDM,2,2,3,A,iDRp00000000000,2*28
\s:66,c:1782377498*43\!AIVDM,1,1,,A,18KG:T0uApbkmF1dE3ne=Je828Et,0*22
\s:66,c:1782377500*43\!AIVDM,1,1,,A,377lil1001Wb1G05nVlo78q<0E1b,0*65
\s:66,c:1782377500*43\!AIVDM,1,1,,B,18I7pa0000UeKiP3vGeAuRjr00Rh,0*22
\s:66,c:1782377498*43\!AIVDM,1,1,,A,17lj77h0h:7EMj:0t6V44me<00S<,0*3C
\s:66,c:1782377499*42\!AIVDM,1,1,,,13Ikh93000PLMnJNruKTgK32053<,0*11
\s:66,c:1782377500*43\!AIVDM,1,1,,B,B69EaA00<B73kPSOT5:M?wf71P06,0*38
\s:66,c:1782377498*43\!AIVDM,1,1,,A,15?@?>0w@9Rh?Kt<fMH2=P3<0hEr,0*38
\s:66,c:1782377500*43\!AIVDM,1,1,,A,15S4GH9P0SJB;Lp5FU007gw@053<,0*04
\s:66,c:1782377502*41\!AIVDM,1,1,,A,403vdIAvad`ka5kB4L3P:F?02L0n,0*46
\s:66,c:1782377499*42\!AIVDM,1,1,,B,33Q;;umP00wWLqrDciq>4?w>2D`r,0*74
\s:66,c:1782377500*43\!AIVDM,1,1,,,13l?F@00272g7i;jm<gi=A2J053<,0*3E
\s:66,c:1782377501*42\!AIVDM,1,1,,A,33`dk7UP00PBaU2MfOu=B?wBPDp:,0*55
\s:66,c:1782377501*42\!AIVDM,1,1,,B,1r5cVS0P0m2mivWu`HNomwwB0P00,0*2C
\s:66,c:1782377501*42\!AIVDM,1,1,,A,33bKfB0P@40C>L4MeN=:2Q?@01oh,0*71
\s:66,c:1782377502*41\!AIVDM,1,1,,A,18I;TU002Q;7rATG:utBpBAF00Re,0*68
\s:66,c:1782377497*4C\!AIVDM,1,1,,A,13Aa3J0014PLpNlNjo2amom:80SV,0*76
\s:66,c:1782377494*4F\!AIVDM,1,1,,B,15@aFF30003WCNv?L;Q<hJi408Cr,0*7F
\s:66,c:1782377502*41\!AIVDM,1,1,,B,13VHDf0P00Qd4nLEf3800?wF2@Ho,0*2B
\s:66,c:1782377501*42\!AIVDM,1,1,,A,33aDpaUP000BBT8Mflrf4?w@2Elb,0*5D
\s:66,c:1782377499*42\!AIVDM,1,1,,,B3:0b1P000@Uwe58crbf4pk1T000,0*4A
\s:66,c:1782377502*41\!AIVDM,1,1,,A,13S8LMa0001;@orHq9DU3Ru@053<,0*07
\s:66,c:1782377501*42\!AIVDM,1,1,,B,1568H2@014Ojh<2Dhmjk8Ra80PRv,0*54
\s:66,c:1782377501*42\!AIVDM,1,1,,A,D03Ovj@uqN>4e8ffpfpNfp0,2*63
\s:66,c:1782377503*40\!AIVDM,1,1,,B,15SHsj001h7Jfjf0eEd93W;H0<B0,0*49
\s:66,c:1782377501*42\!AIVDM,1,1,,A,35Mqu:P000J5EbJ?n:h:?3gp0000,0*03
\s:66,c:1782377501*42\!AIVDM,1,1,,B,13P<t6Su@0JU8E>E3RqibRqD08HO,0*35
\s:66,c:1782377497*4C\!AIVDM,1,1,,,13aJHJ8P0hPGc5jNPP6Dtgw:2D2v,0*07
\s:66,c:1782377501*42\!AIVDM,1,1,,A,36=keaOP0R5kQ<@3GIo5jww@2000,0*30
\s:66,c:1782377497*4C\!AIVDM,1,1,,A,B3tjHhP000Aksv`2AwKLvcN00000,0*2E
\s:66,c:1782377501*42\!AIVDM,1,1,,B,35W=kb5000PAO7tMH7PG`K=F0Dg:,0*04
\s:66,c:1782377501*42\!AIVDM,1,1,,B,34`V0oh01UPB3bFMh:j3Cjc@0000,0*3E
\s:66,c:1782377503*40\!AIVDM,1,1,,B,18uDT>7P001DFlOdVIHf4?wF2@IL,0*18
\s:66,c:1782377503*40\!AIVDM,1,1,,B,13dbf`0uB505bMdLuqTieQIF08IL,0*18
\s:66,c:1782377497*4C\!AIVDM,1,1,,B,B3GQcO@00H4FmSUf<InoSwjUl000,0*2A
\s:66,c:1782377499*42\!AIVDM,1,1,,A,17lj<K?P02`FwcWw@B3`@gw820Rl,0*2B
\g:1-2-5198844,s:66,c:1782377499*0D\!AIVDM,2,1,4,A,53R43N429EOe=U``000Dd5@E8TpV12p00000000000099000004cD;Cc,0*15
\g:2-2-5198844*60\!AIVDM,2,2,4,A,CKE;DP000000000,2*42
\s:66,c:1782377497*4C\!AIVDM,1,1,,A,339=0r000:1k7HhE>:mdN:Mp0000,0*26
\s:66,c:1782377498*43\!AIVDM,1,1,,A,B3cctF000H;@286CSqgQ3wk5oP06,0*2E
\s:66,c:1782377498*43\!AIVDM,1,1,,A,18HsH8PP0AWJvdp0`vf@KOw:28F?,0*50
\s:66,c:1782377496*4D\!AIVDM,1,1,,A,13aEQg@P18PKTVLMh:W4BOw6R<1t,0*61
\g:1-2-5198845,s:66,c:1782377404*08\!AIVDM,2,1,5,A,53a7HAH0000107;SK@0<tp@u800000000000000m38006w2i02TSm51D,0*05
\g:2-2-5198845*61\!AIVDM,2,2,5,A,Q0C@00000000000,2*43
\s:66,c:1782377500*43\!AIVDM,1,1,,B,13@nf3@P03PhKdnQ1RqRJgw>20RF,0*55
\s:66,c:1782377498*43\!AIVDM,1,1,,A,17m@:GgP00`=m3mvd5bVbOw22HD<,0*50
\s:66,c:1782377495*4E\!AIVDM,1,1,,A,33qGV400001EUdfO8:j:qWgp0000,0*7D
\s:66,c:1782377498*43\!AIVDM,1,1,,A,348KIb5P001Pl1jOnPUQa?w:2lsr,0*73
\s:66,c:1782377495*4E\!AIVDM,1,1,,A,37tD9l0P007J0=P0iWTnsww0001k,0*2A
\g:1-2-5198846,s:66,c:1782377500*0E\!AIVDM,2,1,6,B,595mw502<FAAATCGJ20Pu8pEB22222222222221@RpkIS5d>0JBhFciS,0*7D
\g:2-2-5198846*62\!AIVDM,2,2,6,B,lWklQ1D`8888880,2*59
\s:66,c:1782377495*4E\!AIVDM,1,1,,A,33moin00000J3NHSc36J<VWp0000,0*5E
\s:66,c:1782377496*4D\!AIVDM,1,1,,A,13aGFj0P1CPGIjlMw9kBPgw8253<,0*3E
\s:66,c:1782377500*43\!AIVDM,1,1,,B,18HtC`002Trc;CJEK3b01h1:0@GR,0*2E
\s:66,c:1782377468*4C\!AIVDM,1,1,,A,13aIk5hP020E;p`Md=odBOv@053<,0*18
\s:66,c:1782377424*44\!AIVDM,1,1,,A,33`gda5P00PE5<vMdPaN4?vh2DlJ,0*38
\s:66,c:1782377501*42\!AIVDM,1,1,,A,13P=8v00000:0nHGbjO4s0k400S`,0*00
\s:66,c:1782377499*42\!AIVDM,1,1,,A,27tKpGp000W`cRh6897leJu40<dn,0*01
\s:66,c:1782377501*42\!AIVDM,1,1,,B,139Eu8PP@rPe9N4N`rteQr=<053<,0*37
\s:66,c:1782377501*42\!AIVDM,1,1,,B,13P=W00001wVsGLPAo11O61B053<,0*0B
\s:66,c:1782377494*4F\!AIVDM,1,1,,A,13nH<4004D1cpG6`B5WHIVc40@CS,0*09
\s:66,c:1782377498*43\!AIVDM,1,1,,B,17tKdUOP007?vRT1fBLJeww<053<,0*0A
\s:66,c:1782377502*41\!AIVDM,1,1,,A,13P9G00P?w0Bo`:MgMav4?v20pH@,0*22
\s:66,c:1782377500*43\!AIVDM,1,1,,B,37Oh?u0PBs:66,0*5D
\s:66,c:1782377500*43\!AIVDM,1,1,,B,1340@HPP0FPNwDJML:43=OwB2D29,0*3C
\s:66,c:1782377501*42\!AIVDM,1,1,,B,13@pE4P0000hNwvQ1hr=8J9@08H8,0*25
\s:66,c:1782377499*42\!AIVDM,1,1,,A,15S9KV002e0o9oPGI:6L<ae60000,0*1B
\s:66,c:1782377502*41\!AIVDM,1,1,,A,16:4i;P047892w`<jl29NoQ>0hHV,0*03
\s:66,c:1782377500*43\!AIVDM,1,1,,B,13930B001U8n9ldCA`CdnbG@0HGH,0*65
\s:66,c:1782377503*40\!AIVDM,1,1,,B,18uo>v8P00QDMEUdUr9f4?wF2<25,0*71
\s:66,c:1782377499*42\!AIVDM,1,1,,A,15N7e5PP00J:hEbAHTr:Oww>2000,0*52
\s:66,c:1782377502*41\!AIVDM,1,1,,A,1kbUnf00000OftvNQ31PQ:D1uwww,0*09
\g:1-2-5198847,s:66,c:1782377503*0C\!AIVDM,2,1,7,B,560FLl`0@EldQcO;ON1<4PDj3;S>22222222220l1P@766W@002QA10B,0*40
\g:2-2-5198847*63\!AIVDM,2,2,7,B,888888888888880,2*20
\s:66,c:1782377498*43\!AIVDM,1,1,,A,15?d`?h01wNdAL07=C<W35W6053<,0*60
\s:66,c:1782377498*43\!AIVDM,1,1,,,B819Do000R9b<d27eJ;Q3wU5oP06,0*02
\s:66,c:1782377497*4C\!AIVDM,1,1,,A,B3aB9800<`5SEU7UV<22kwj5oP06,0*2D
\s:66,c:1782377500*43\!AIVDM,1,1,,B,13VgIB0wB4Nb2EH8Id<7<5k>0@GG,0*0D
\s:66,c:1782377496*4D\!AIVDM,1,1,,A,33m9q300000lI3nU;L1EvTkp0000,0*17
\g:1-2-5198848,s:66,c:1782377496*0E\!AIVDM,2,1,8,B,55`I?t81maSPcQ4WB20dDr0>0V222222222222162ps4:5TA0;@ShhGh,0*7E
\g:2-2-5198848*6C\!AIVDM,2,2,8,B,j2@hH8888888880,2*2F
\s:66,c:1782377498*43\!AIVDM,1,1,,A,13EeSB0000OVh0jDQvBl4Ho80<45,0*55
\s:66,c:1782377495*4E\!AIVDM,1,1,,A,18:nCq1P028aOjv8G6M:nwvh38DW,0*01
\s:66,c:1782377424*44\!AIVDM,1,1,,A,33l9KF10000C;OtMnmAWwi<d0E3:,0*6E
\s:66,c:1782377501*42\!AIVDM,1,1,,A,14aN9J002RNgcdl<8amh:@9>0<3r,0*0D
\s:66,c:1782377500*43\!AIVDM,1,1,,A,15?dalP01K`ROIlF:SnT5SC>28Fv,0*02
\s:66,c:1782377497*4C\!AIVDM,1,1,,A,13m@e40P000J>e>QgVM>4?w:2000,0*70
\s:66,c:1782377498*43\!AIVDM,1,1,,A,18;82A1P0K`ab;28GESEMOw:0D2B,0*48
\s:66,c:1782377494*4F\!AIVDM,1,1,,B,13kiT0002A8nRulCb<HnUE::0<1Q,0*68
\s:66,c:1782377495*4E\!AIVDM,1,1,,B,16:Laq001F`jTEfCP@CVk5C42d19,0*7F
\s:66,c:1782377501*42\!AIVDM,1,1,,A,402a4gQuJl`k`QPTH:Opkko008HI,0*05
\s:66,c:1782377502*41\!AIVDM,1,1,,A,15MB`QP01;rQRd0FLDn3?2UD08Hd,0*78
\s:66,c:1782377503*40\!AIVDM,1,1,,B,15?dUi@01aM76>EkKLLI7G?@0<2E,0*4C
\s:66,c:1782377498*43\!AIVDM,1,1,,,15NWMUc00wrmNvT9t:?ri`W<2000,0*5F
\s:66,c:1782377499*42\!AIVDM,1,1,,A,13cfQP0P1:PapB<IH>OCWOw@08G7,0*10
\s:66,c:1782377494*4F\!AIVDM,1,1,,A,13ku;>h02BP9btPMGluPE0C20HCo,0*2B
\s:66,c:1782377493*48\!AIVDM,1,1,,B,4P2IPHQvad`kPvSJhTUeiMW00@Ci,0*21
\s:66,c:1782377497*4C\!AIVDM,1,1,,B,E>k`sooHr@@@@@@@@@@@@@@@@@@=C<e1;DTCp00003vP100,2*34
\s:66,c:1782377497*4C\!AIVDM,1,1,,A,33`o00E0000A0M6ML66HmpK80000,0*41
\s:66,c:1782377497*4C\!AIVDM,1,1,,B,177h7i001lPPGVNNw75SK2i608F3,0*13
\s:66,c:1782377502*41\!AIVDM,1,1,,A,169<lF?P00`g5j8A?=J6>?wB0<6m,0*5D
\s:66,c:1782377502*41\!AIVDM,1,1,,B,15?dbt@01JWF@pf0uM?4PCWB00S4,0*42
\s:66,c:1782377503*40\!AIVDM,1,1,,A,15?dd30u3dPmWwuu=?eHgFoB28Hk,0*2B
\s:66,c:1782377503*40\!AIVDM,1,1,,A,1:p<hl6000JVGTH5rf?003OB0l3:,0*51
\s:66,c:1782377501*42\!AIVDM,1,1,,A,16:2`<00277>i>N1Ui6KSI?<0D31,0*7F
\s:66,c:1782377501*42\!AIVDM,1,1,,B,33GRqw5000PF0UbHle?pwD5@0DP:,0*74
\s:66,c:1782377501*42\!AIVDM,1,1,,A,13GQ`P@w00P9rLBGasUArUmB0HHJ,0*13
\s:66,c:1782377503*40\!AIVDM,1,1,,B,B8I07400KQo<DjP;lpFTswmTkP06,0*27
\s:66,c:1782377500*43\!AIVDM,1,1,,A,402E34ivad`k`PGt@2NRM3g028Gi,0*23
\s:66,c:1782377500*43\!AIVDM,1,1,,B,13ku;>h02BP9bvBMGmqhDhC>00Rb,0*34
\s:66,c:1782377504*47\!AIVDM,1,1,,B,13:Omd0013`jw2tA<g01`1MF2<5:,0*22
\s:66,c:1782377501*42\!AIVDM,1,1,,B,B52LL0h00=ksnHVl37oQ3wl1nDW:,0*65
\s:66,c:1782377503*40\!AIVDM,1,1,,A,13SSk`PP02Q1Sh@IteUAN?wH0HIK,0*4E
\s:66,c:1782377499*42\!AIVDM,1,1,,B,15R1FD00@b`lIc>AD51Kt4;>00Sw,0*51
\s:66,c:1782377496*4D\!AIVDM,1,1,,,13e8t>002?I2w=N0pLfRfjC60000,0*41
\s:66,c:1782377497*4C\!AIVDM,1,1,,A,1kcnFQ0P0MP:LF`Es96n4ww82000,0*22
\s:66,c:1782377500*43\!AIVDM,1,1,,A,B6:AJDP0FB;fmg4DmfMsERk7QP06,0*1D
\s:66,c:1782377500*43\!AIVDM,1,1,,A,ENk`tifS@@@@@@@@@@@@@@@@@@@=ECn8;65aP00003vP000,2*0D
\s:66,c:1782377498*43\!AIVDM,1,1,,B,16:dgThP0n88D0V=0a7UOOvl2U3<,0*77
\s:66,c:1782377498*43\!AIVDM,1,1,,A,15AHeV002HWqIw26F44Q7@m:053<,0*43
\s:66,c:1782377499*42\!AIVDM,1,1,,A,36:qc`001V`RKJ`F9nK3pS;:013A,0*67
\s:66,c:1782377498*43\!AIVDM,1,1,,B,13aVkT5P1KPHNEhNE>8nr?w>28Fj,0*0A
\s:66,c:1782377500*43\!AIVDM,1,1,,A,13@p`u@0010i1h>Q0lCt@qKB0<2a,0*13
\s:66,c:1782377494*4F\!AIVDM,1,1,,A,33nFA10Ohi0Pl1vSqI4d3J3600nh,0*0A
\s:66,c:1782377499*42\!AIVDM,1,1,,A,13aIiI@P01PCQ>bMFUOv4?w>R53<,0*6E
\s:66,c:1782377499*42\!AIVDM,1,1,,B,19NSge0wP005n1L3Pfc<qjk80@GF,0*60
\s:66,c:1782377332*44\!AIVDM,1,1,,B,333tumU000PCQK`MctOMFjE`0D<J,0*25
\s:66,c:1782377500*43\!AIVDM,1,1,,A,33nFA10Ohj0PkvRSqI@LAr;@01p@,0*32
\s:66,c:1782377499*42\!AIVDM,1,1,,A,13IksN700M04O6HLpsvAvgw>20SE,0*40
\s:66,c:1782377497*4C\!AIVDM,1,1,,A,13m;<p70001G3:0WpD79Ra5808Eq,0*19
\s:66,c:1782377500*43\!AIVDM,1,1,,,13e8t>0t2@I2wB80pLtjdjC>0000,0*53
\s:66,c:1782377499*42\!AIVDM,1,1,,A,13aGsJ`P01PF>LPMw4@cpgw@28G3,0*4D
\s:66,c:1782377471*44\!AIVDM,1,1,,B,13`nv5hP00PCFwNMdE;f4?vFR@6c,0*73
\s:66,c:1782377462*46\!AIVDM,1,1,,A,33`nv5hP00PCFwBMdE<N4?v4RBvC,0*41
\s:66,c:1782377501*42\!AIVDM,1,1,,B,13ku9b002e3EH91piKVRD1mB0D00,0*7B
\s:66,c:1782377502*41\!AIVDM,1,1,,B,169E9cP01e8fnb@AiTs;HpQB0<5o,0*6B
\s:66,c:1782377503*40\!AIVDM,1,1,,B,16?cKw00230CB3nE@U:k6RU808IK,0*2D
\s:66,c:1782377496*4D\!AIVDM,1,1,,A,14RikF001;wvc0HFSn:;C9920@D9,0*23
\s:66,c:1782377502*41\!AIVDM,1,1,,B,1914hrpP00POhDtE6e3dhgwB2<1G,0*56
\s:66,c:1782377387*4A\!AIVDM,1,1,,B,33`db85000PCfUdMcnP2nbiPPD>J,0*4D
\s:66,c:1782377501*42\!AIVDM,1,1,,B,13m=iu0P000ivpbQpH5rjgw<00RB,0*4E
\s:66,c:1782377501*42\!AIVDM,1,1,,B,14`MTV00011dmA<E`M:ujT3B0HH=,0*2E
\s:66,c:1782377502*41\!AIVDM,1,1,,B,139cHHPP00PeWonNWqAN4?wD28I2,0*30
\s:66,c:1782377502*41\!AIVDM,1,1,,B,177Pv`0uhM8b0>rDP2V88FqD08H>,0*69
\s:66,c:1782377502*41\!AIVDM,1,1,,A,33J=CC0=@00K6@jHc0k=Sbop0000,0*28
\s:66,c:1782377499*42\!AIVDM,1,1,,B,1:1U=v01BvPduUJFkC9GB5k:8L7G,0*58
\s:66,c:1782377503*40\!AIVDM,1,1,,B,19Hl>HpP1NWLNkp0g1ma6?wF20Ra,0*0D
\s:66,c:1782377501*42\!AIVDM,1,1,,B,13EgA`g000wW6KlDc>GAQQe:0@G8,0*0D
\s:66,c:1782377497*4C\!AIVDM,1,1,,B,19NWtq@01nPv0?`E0s<cII3<2@El,0*5A
\s:66,c:1782377497*4C\!AIVDM,1,1,,A,13aFf:gP010BbVnMfRb;`ww<2<88,0*33
\s:66,c:1782377498*43\!AIVDM,1,1,,A,15NBl90000JRTb@E8LjbtTm:053<,0*51
\s:66,c:1782377499*42\!AIVDM,1,1,,A,13=pLv003wOVFn<DV<5201S400S<,0*3A
\s:66,c:1782377500*43\!AIVDM,1,1,,A,16:C@hQ01O8ggh@A?bj=<0001P06,0*5F
\s:66,c:1782377498*43\!AIVDM,1,1,,A,18IFT600P3P=iObMd8v6p9m<00RS,0*40
\s:66,c:1782377496*4D\!AIVDM,1,1,,A,B;rt0t@02:6;j8wpLun7Owj4kP06,0*06
\s:66,c:1782377498*43\!AIVDM,1,1,,A,15?dQGPOh91DN:IdUvgT1n380<1m,0*19
\s:66,c:1782377494*4F\!AIVDM,1,1,,A,13oaO<003IPJVrfQh6k3>BU208D@,0*3B
\s:66,c:1782377500*43\!AIVDM,1,1,,A,33oaO<002oPJW56Qh6r3=BU:00<C,0*69
\s:66,c:1782377500*43\!AIVDM,1,1,,B,34R07b001jOqTcPLQe`s?q3<0Pv0,0*1B
\s:66,c:1782377499*42\!AIVDM,1,1,,A,18HroSPP00WLCSp0Sd7v4?w>2<66,0*58
\s:66,c:1782377493*48\!AIVDM,1,1,,B,15MusMd000qPjFvGf4gMV2Vr0<08,0*73
\s:66,c:1782377497*4C\!AIVDM,1,1,,A,1815HA@02KP<0>8MmCJW>Ei608Ec,0*05
\s:66,c:1782377501*42\!AIVDM,1,1,,B,B6:eA<009j9fd@4TaIPmswv63P06,0*0F
\s:66,c:1782377502*41\!AIVDM,1,1,,A,H6:eA<1UF0<P4pN1@4V0`V3WSD0,2*5A
\s:66,c:1782377500*43\!AIVDM,1,1,,A,170HuN0vhA3q6P4>adr:w`a@0@G5,0*5B
\s:66,c:1782377501*42\!AIVDM,1,1,,B,37PIBL003iblD?1dRe?d6qi:2000,0*36
\s:66,c:1782377498*43\!AIVDM,1,1,,A,13mwBD00000lncJU3N7l`o180L1=,0*26
\s:66,c:1782377501*42\!AIVDM,1,1,,B,35?dQGPOh91DN:cdUvg44V7>02:h,0*6D
\s:66,c:1782377502*41\!AIVDM,1,1,,A,13oaO<002;PJW;nQh6u3=BUB0<1f,0*32
\s:66,c:1782377496*4D\!AIVDM,1,1,,A,13l95i@Oh0Q1T:LDVvRf47s82@E`,0*77
\s:66,c:1782377464*40\!AIVDM,1,1,,B,13cHd`0P070BR0jMag<dPOv82<0R,0*3B
\s:66,c:1782377495*4E\!AIVDM,1,1,,B,13cakS01RNPH?4rNd6aah7i:053<,0*7B
\s:66,c:1782377500*43\!AIVDM,1,1,,B,B6bBi2h04holPPT7l`H000D0@53<,0*34
\s:66,c:1782377497*4C\!AIVDM,1,1,,A,35N4uK02h?r<TmPBHbtsgRW<0000,0*27
\s:66,c:1782377501*42\!AIVDM,1,1,,A,3INShj000=JTDf:5ouPbD3Lv0P30,0*7B
\s:66,c:1782377496*4D\!AIVDM,1,1,,A,33M@W500000pSdVO;ss`G3=p0000,0*45
\s:66,c:1782377499*42\!AIVDM,1,1,,A,33IJEsP0090Ju?0HbmPtP3op0000,0*65
\s:66,c:1782377503*40\!AIVDM,1,1,,B,1815HA@02KP<0=JMmBHW>EiB0D?V,0*33
\s:66,c:1782377503*40\!AIVDM,1,1,,A,B6:A1Q00A2;na`4DbbaMOwmV3P06,0*54
\s:66,c:1782377494*4F\!AIVDM,1,1,,B,13L?CR?0001Twh6RRq19BoL00000,0*2E
\s:66,c:1782377503*40\!AIVDM,1,1,,A,15MusMd000qPjFvGf4g=`BWD0HI<,0*78
\s:66,c:1782377498*43\!AIVDM,1,1,,A,H6bBi2j22222222222222222220,2*49
\s:66,c:1782377498*43\!AIVDM,1,1,,A,H6bBi2l00000000iinj000000000,0*7B
\s:66,c:1782377502*41\!AIVDM,1,1,,B,169G`t0Ol``8sGR<pu97wVOF253<,0*12
\s:66,c:1782377501*42\!AIVDM,1,1,0,A,8>k1o@AKpFjS;DqPb0;L4SD1B898,0*72
\s:66,c:1782377499*42\!AIVDM,1,1,,,13JnqJ0007qVN0r@G7734Ce80000,0*48
\s:66,c:1782377499*42\!AIVDM,1,1,,A,B7mRPIh00r5e>qwl5pHIkwl2T@DQ,0*6C
\s:66,c:1782377498*43\!AIVDM,1,1,,A,B3GQMU@0?`1cudUSh00ICwi1lHDN,0*50
\s:66,c:1782377500*43\!AIVDM,1,1,,A,13l3nM001i720nL35euUElC>0<0s,0*4F
\s:66,c:1782377499*42\!AIVDM,1,1,,A,19NSap@uAPvfKIL9GUrP4P@v0@Fj,0*5F
\s:66,c:1782377500*43\!AIVDM,1,1,,B,19NSg78P03vht:@8>p3S;?w@00S8,0*55
\s:66,c:1782377501*42\!AIVDM,1,1,,A,13lC@@0t1eP757BF748bH`>6853<,0*01
\s:66,c:1782377498*43\!AIVDM,1,1,,B,B6:dgUh0>R27g83?IOFVB5BWQP06,0*2C
\s:66,c:1782377491*4A\!AIVDM,1,1,,A,33uC6lP0000k7rhQfJFbK`ip0000,0*37
\s:66,c:1782377500*43\!AIVDM,1,1,,A,B39>RVh1E@6w58`KTwLBKwkPh<0F,0*67
\g:1-2-5198849,s:66,c:1782377473*04\!AIVDM,2,1,9,A,5343P<`00000uCGOS8185HDh000000000000001@>pA3?5dWT4EjC21C,0*14
\g:2-2-5198849*6D\!AIVDM,2,2,9,A,3BCPB0EQC`51H10,2*77
\s:66,c:1782377494*4F\!AIVDM,1,1,,B,16:5TFP0158h89@AgqF40jbv0@CN,0*5C
\s:66,c:1782377500*43\!AIVDM,1,1,,A,33b=DJ0021PGWkhNNH:0ePc>01vP,0*3A
\s:66,c:1782377499*42\!AIVDM,1,1,,,B5O9wN000=l8=PVoNjgQ3wk5oP06,0*63
\s:66,c:1782377500*43\!AIVDM,1,1,,B,13`oTApP02P6bk2FA2B8d?w<2<1w,0*55
\s:66,c:1782377501*42\!AIVDM,1,1,,B,33baU00P@m0@9:lMQ4vR=ig801r0,0*55
\s:66,c:1782377502*41\!AIVDM,1,1,,A,19NSANh025rA@e23wn6ig1EB0<06,0*69
\s:66,c:1782377485*4F\!AIVDM,1,1,,B,33aK`3EP00PCpm6MdsNh0?vj2DNb,0*44
\s:66,c:1782377345*44\!AIVDM,1,1,,A,13cRaF50010CWB2Md7gulE2:0000,0*4F
\s:66,c:1782377471*44\!AIVDM,1,1,,B,33cRaF50010CW@jMd7b=lEFH0E:b,0*72
\s:66,c:1782377501*42\!AIVDM,1,1,,B,33JjsP11P10;SjrMGHw0=D5j0Dl:,0*06
\s:66,c:1782377501*42\!AIVDM,1,1,,B,13Jw<b002b7E0V010v`TLSRb053<,0*56
\s:66,c:1782377500*43\!AIVDM,1,1,,A,403thqivad`k`7n<`0<1s07000S:,0*18
\s:66,c:1782377501*42\!AIVDM,1,1,,A,13mQ<R7000PKqmTSi11ihQdt0<1M,0*28
\s:66,c:1782377503*40\!AIVDM,1,1,,B,19NSMf@wh?7Q8>l10K?h2`kB08Hp,0*21
\s:66,c:1782377495*4E\!AIVDM,1,1,,B,B7OliE000bfJ40LU9GW>KwiUl000,0*77
\s:66,c:1782377495*4E\!AIVDM,1,1,,A,13n3gF`000Pv2:fVtoIQRIm20@DO,0*2A
\s:66,c:1782377490*4B\!AIVDM,1,1,,B,H3mETj1<ptDLLDp000000000000,2*33
\s:66,c:1782377493*48\!AIVDM,1,1,,A,H5O?2Q4TCBD;1=mG4>ninm18933t,0*3A
\s:66,c:1782377499*42\!AIVDM,1,1,,A,33GQO4hPCRP=:GfFJ8J=1:I401@0,0*50
\s:66,c:1782377496*4D\!AIVDM,1,1,,B,13HP1t0P1<0CA0vHhV9;Cww608EF,0*69
\s:66,c:1782377499*42\!AIVDM,1,1,,A,17mFBd?P01`FgACw@`KDp?w<2<49,0*5F
\g:1-2-5198850,s:66,c:1782377502*0B\!AIVDM,2,1,0,A,53ku:iD2<MlH=44G<010L>1=A8T@DqB0Hu8<D01@;hG;90000?AlPDlw,0*69
\g:2-2-5198850*65\!AIVDM,2,2,0,A,QlTjih000000000,2*26
\s:66,c:1782377501*42\!AIVDM,1,1,,A,139qRw?P00PNm3JML7`f4?w@2HH3,0*21
\s:66,c:1782377500*43\!AIVDM,1,1,,A,33n>rD00001FmHpWnsAtA6qp0000,0*6B
\s:66,c:1782377501*42\!AIVDM,1,1,,A,19NSeuP0?w<tSF0l4Q@>4:Qv0lDe,0*45
\s:66,c:1782377502*41\!AIVDM,1,1,,A,16:=Me0P0b8gis:66,0*5C
\s:66,c:1782377501*42\!AIVDM,1,1,,A,403Ovu1vad`karVs@VEe5tO02HH9,0*21
\s:66,c:1782377497*4C\!AIVDM,1,1,,A,38Hu1rgP@87Kkwp0er>Pkis<017@,0*7E
\s:66,c:1782377498*43\!AIVDM,1,1,,A,15?dV5h00dRD5VtAnRHWH65808FE,0*0D
\s:66,c:1782377498*43\!AIVDM,1,1,,A,16:cGl`00i88Es@=0J6tqJD01P06,0*01
\s:66,c:1782377500*43\!AIVDM,1,1,,A,13l3ts@02hLVm`8IH7S9NWQ@0L01,0*50
\s:66,c:1782377497*4C\!AIVDM,1,1,,B,1:U8NOP02=PFNlBEee0rT8M600SD,0*5C
\s:66,c:1782377499*42\!AIVDM,1,1,,A,17m@:dPP117DJoT0w?Bsdwvr2U3<,0*67
\s:66,c:1782377493*48\!AIVDM,1,1,,B,19N`3hP02AwPvubKqs8qC7I20<5w,0*4C
\s:66,c:1782377493*48\!AIVDM,1,1,,A,34eHvg`000FcAS6O4=7P001p0000,0*2C
\s:66,c:1782377497*4C\!AIVDM,1,1,,B,B6:4Fl00>R9cEp4TbdBGwwv63P06,0*30
\s:66,c:1782377497*4C\!AIVDM,1,1,,B,13IQsQ?P00P50RLLSv3v4?w628Db,0*73
\s:66,c:1782377498*43\!AIVDM,1,1,,B,13IMtm0005OWK56KEfe0PTa<0HFH,0*7D
\s:66,c:1782377501*42\!AIVDM,1,1,,B,19NSnIh02iOIJJ2CJBO8l73B08Gw,0*0E
\g:1-2-5198851,s:66,c:1782377497*07\!AIVDM,2,1,1,A,53VCcn41c=sE=H7O?KHd50E@4r0<Q8U=@u<00000000990000040DSlh,0*57
\g:2-2-5198851*64\!AIVDM,2,2,1,A,000000000000000,2*25
\s:66,c:1782377501*42\!AIVDM,1,1,,B,13m5S0001j00U76Ev6hpG6e<053<,0*2C
\s:66,c:1782377438*49\!AIVDM,1,1,,A,B3`fTf00<p4psa7IUeU?Pu0UoP06,0*24
\s:66,c:1782377481*4B\!AIVDM,1,1,,B,1340g`P01EPC65jMeMJmVDLbP8<E,0*25
\s:66,c:1782377502*41\!AIVDM,1,1,,A,B7loi=P05ir>KBw8;?k<vSlP2h06,0*24
\s:66,c:1782377498*43\!AIVDM,1,1,,A,19NSFah:1jP9M9lE7r0C=jQp1t00,0*2C
\g:1-2-5198852,s:66,c:1782377471*0C\!AIVDM,2,1,2,A,53aDC;H000010CK?OH0M84@5@Tl000000000001S8`<63udWs023iBp5,0*10
\g:2-2-5198852*67\!AIVDM,2,2,2,A,PC`23k30CQ00000,2*2E
\s:66,c:1782377501*42\!AIVDM,1,1,,A,16:5jEPP02`hbOPAInef4?w@28H5,0*58
\s:66,c:1782377502*41\!AIVDM,1,1,,A,35N:pmPOi4rds5BGA@Blf3k@0P00,0*6F
\s:66,c:1782377502*41\!AIVDM,1,1,,A,13ku9Jh02IJaAppED1q7K5uB053<,0*35
\s:66,c:1782377498*43\!AIVDM,1,1,,B,B40aCd000LkcGdu@aRGQ3wk1l000,0*20
\s:66,c:1782377501*42\!AIVDM,1,1,,B,139vb@0P0=PVwHhNL<;2tOw:2L0b,0*1B
\s:66,c:1782377499*42\!AIVDM,1,1,,A,13dPqf001owslGtLe4f2nBG<0HG;,0*18
\s:66,c:1782377501*42\!AIVDM,1,1,,A,13a3RroP00PHnN2N2u1N4?w@28H5,0*5E
\s:66,c:1782377501*42\!AIVDM,1,1,,A,1815@q@P1oreGcpEntWhDP:>0@H4,0*6B
\s:66,c:1782377503*40\!AIVDM,1,1,,B,18SjjvPP0hWeA0`5wwwpnwwL2534,0*62
\s:66,c:1782377497*4C\!AIVDM,1,1,,A,33VCcn00031k62dE>EQTFPMp0000,0*17
\s:66,c:1782377448*4E\!AIVDM,1,1,,A,H3`ik<hl4@DhTDH000000000000,2*05
\s:66,c:1782377501*42\!AIVDM,1,1,,B,H3`ik<lTC=D6nUL@3kqjl0102010,0*1E
\s:66,c:1782377500*43\!AIVDM,1,1,,B,BkHuLQ00>?uD5l6brmAUwwh5l000,0*1B
\s:66,c:1782377503*40\!AIVDM,1,1,,B,16:4R@PP007i;S8:1>JrdOwD0D2u,0*16
\s:66,c:1782377504*47\!AIVDM,1,1,,B,16q`aqL0004l@D@>;<KAV6cD0D0c,0*10
\s:66,c:1782377502*41\!AIVDM,1,1,,A,13P=6p0P0:0Mb5DNrNBaF?wB08H9,0*6F
\s:66,c:1782377499*42\!AIVDM,1,1,,A,19N`3hP02AwPvmRKqrf9BoI<08Fs,0*54
\s:66,c:1782377498*43\!AIVDM,1,1,,A,19NSnhhw1?07`F6Mbd=5KTE808FM,0*11
\s:66,c:1782377500*43\!AIVDM,1,1,,A,16:4h?P01>`es5hAm5O<0ao>2DEK,0*2E
\s:66,c:1782377499*42\!AIVDM,1,1,,A,17mROU@P00`F1DCwCIth0?w820SU,0*20
\s:66,c:1782377498*43\!AIVDM,1,1,,A,H3sMH2A184T60@v0pu9@D000000,2*0B
\s:66,c:1782377500*43\!AIVDM,1,1,,A,403tCe1vad`kWWskiH;LQ=o00@GL,0*0C
\s:66,c:1782377499*42\!AIVDM,1,1,,B,18Ht`8`P2uWKLF00eW?<WOw<2<6m,0*1E
\s:66,c:1782377495*4E\!AIVDM,1,1,,B,15Cul0001F8Wval6pjau3rI60D14,0*5F
\s:66,c:1782377498*43\!AIVDM,1,1,,A,1815RF50?w<tSF0l4Q@>49mv0PR<,0*70
\s:66,c:1782377496*4D\!AIVDM,1,1,,A,17P=T3003h:a;IWlJbc4H3Q:0000,0*0C
\s:66,c:1782377497*4C\!AIVDM,1,1,,B,139VS?gP010N9tdNr5DjnOw<0<;L,0*73
\s:66,c:1782377497*4C\!AIVDM,1,1,,B,13cTlk0000PCAJ8MEMMD86M:0HF9,0*05
\s:66,c:1782377499*42\!AIVDM,1,1,,B,B7ldt`0009nmgB0;TAP03wk4kP06,0*3B
\s:66,c:1782377499*42\!AIVDM,1,1,,A,16SfwwPP00a=2JhD1E8f4?w>20Sf,0*43
\s:66,c:1782377501*42\!AIVDM,1,1,,B,16:Lu20P008ff50AQVU5G?w>0<4O,0*2E
\s:66,c:1782377500*43\!AIVDM,1,1,,A,HCgr1U0A85DmE80000000000000,2*46
\s:66,c:1782377500*43\!AIVDM,1,1,,B,HCgr1U4NC=Dw;WCoipm0000@621t,0*5D
\s:66,c:1782377500*43\!AIVDM,1,1,,B,HCgO:m4N1=30001njoiPPP0H511t,0*7E
\s:66,c:1782377502*41\!AIVDM,1,1,,A,403tCcQvad`kaWiRML:Uff7000S:,0*61
\s:66,c:1782377500*43\!AIVDM,1,1,,B,16:BanP01?8VOIFBAfKaUWa@0<<K,0*02
\s:66,c:1782377500*43\!AIVDM,1,1,,A,4028qhAvad`kWNqJeT@7hm?02D2b,0*40
\s:66,c:1782377501*42\!AIVDM,1,1,,A,34Rhln2001CmbaEm6uEca2I60000,0*56
\s:66,c:1782377500*43\!AIVDM,1,1,,B,B3HoiD00008:m96?Oi`D<@010<00,0*72
\s:66,c:1782377500*43\!AIVDM,1,1,,A,19?Wi@0P1L274ijHQ48uHOw@053<,0*1A
\s:66,c:1782377499*42\!AIVDM,1,1,,A,13mA>b3P00Q@pKtWjf0>4?w:2@F5,0*7B
\s:66,c:1782377500*43\!AIVDM,1,1,,A,D028iqPflffp,0*6A
\s:66,c:1782377500*43\!AIVDM,1,1,,,17P=T3003g:a;PAlJbHTGkQB0000,0*29
\s:66,c:1782377493*48\!AIVDM,1,1,,A,B6:WqtP002;?`F4NkutFT0A40000,0*3D
\s:66,c:1782377501*42\!AIVDM,1,1,,A,H7ldt`1@:0<518T<u8r3S000000,2*0B
\s:66,c:1782377501*42\!AIVDM,1,1,,A,H7ldt`4l>hhhhhhI42ljhl0PF440,0*78
\s:66,c:1782377502*41\!AIVDM,1,1,,B,19NShjH02W71TPr39TbcBa1800Ro,0*17
\s:66,c:1782377502*41\!AIVDM,1,1,,A,E>m1cD@QT0W72V@87a:@;4a::PVF;T>4kQiAp00003m0383Sse0,2*0B
\s:66,c:1782377503*40\!AIVDM,1,1,,B,1344DsPP1:PCLqJMIfr5SOwFRHI>,0*1A
\s:66,c:1782377503*40\!AIVDM,1,1,,B,16:=aiPP00`fDNPAgri>4?wD253<,0*42
\s:66,c:1782377503*40\!AIVDM,1,1,,B,15?di`@01l07DBbM@gcq5GAF08IN,0*3F
\s:66,c:1782377503*40\!AIVDM,1,1,,B,16:9c:P01O8i>8`AFa>FumEB08IE,0*54
\s:66,c:1782377503*40\!AIVDM,1,1,,A,19u:U@HP1C7LPQ20hFQtW?w02U3<,0*2A
\s:66,c:1782377494*4F\!AIVDM,1,1,,B,13eMir@P1EQ2H<>DSko<Lww42<2A,0*73
\s:66,c:1782377499*42\!AIVDM,1,1,,A,33GQe0p=@0Otu@8EaHMik1Mp0000,0*41
\s:66,c:1782377499*42\!AIVDM,1,1,,A,19NSs8h0207SahV26PT14Po:08G:,0*6C
\s:66,c:1782377498*43\!AIVDM,1,1,,A,18Jen20P00WKft80a;@N4?w:2@Ei,0*76
\s:66,c:1782377499*42\!AIVDM,1,1,,B,190wASwP00PGDdjE27lRbww@20Se,0*6A
\s:66,c:1782377493*48\!AIVDM,1,1,,A,13@p;<P03G0o1oRO=LCCGRc00D1u,0*1C
\s:66,c:1782377500*43\!AIVDM,1,1,,B,13mQgd?0000L0ffSgQfACaK@053<,0*3A
\s:66,c:1782377484*4E\!AIVDM,1,1,,A,1341CTPP09PCg8NMcgqehOvhR53<,0*31
\s:66,c:1782377415*46\!AIVDM,1,1,,B,3341CTPP0<PCg:dMcfs=k?vNR@Hi,0*48
\s:66,c:1782377498*43\!AIVDM,1,1,,A,33Ku5V003F1GgM:R;AI2b27p0000,0*2C
\s:66,c:1782377495*4E\!AIVDM,1,1,,A,37f9sGU00022W7NE3bDP50Ap0000,0*36
\s:66,c:1782377469*4D\!AIVDM,1,1,,B,13aRt;PP13PE<PtMVs;G:OvDR85d,0*3C
\s:66,c:1782377501*42\!AIVDM,1,1,,A,19NSG<E0008gW`NACwBrpmjtPHBf,0*61
\s:66,c:1782377500*43\!AIVDM,1,1,,B,28KBEv50007b<MF5tQs8GCG@00S2,0*4B
\s:66,c:1782377498*43\!AIVDM,1,1,,A,B3@pS:P000:w9RWngL6nqqC43P06,0*10
\s:66,c:1782377500*43\!AIVDM,1,1,,B,D0771;1ITNfq6DO6D0,4*55
\s:66,c:1782377501*42\!AIVDM,1,1,,B,139e7DPP1iPVlobNN:Hh0OwB20SB,0*74
\s:66,c:1782377500*43\!AIVDM,1,1,,B,40771;1vad`kNL@RQd2m>Ig0053<,0*32
\s:66,c:1782377501*42\!AIVDM,1,1,,B,25?dLD5000Wapir62F1f48kB28H@,0*1B
\s:66,c:1782377502*41\!AIVDM,1,1,,A,B6:=QH00B2;`1gTB>MW;2RDWQP06,0*4C
\s:66,c:1782377497*4C\!AIVDM,1,1,,A,33q5R8@00@1ErunO82G3jS3p0000,0*5E
\s:66,c:1782377502*41\!AIVDM,1,1,,B,19NSnI@wBs7Npgh0pQSQdiK@00SR,0*03
\s:66,c:1782377501*42\!AIVDM,1,1,,A,338Een5000PA0i4ML?MlR7QB0Dqr,0*37
\s:66,c:1782377496*4D\!AIVDM,1,1,,A,19u:V21P04`jbKp@r?nD`ia22@DQ,0*29
\s:66,c:1782377496*4D\!AIVDM,1,1,,A,19NSgI012?7RgAn0=RIdsbK80<0<,0*2C
\s:66,c:1782377499*42\!AIVDM,1,1,,B,13mpv1?P00Q5bKLWKtMu7ww808EH,0*49
\s:66,c:1782377498*43\!AIVDM,1,1,,B,25AM:h50007`uk66:lGu@83808EV,0*3C
\s:66,c:1782377499*42\!AIVDM,1,1,,B,17likk@000`Ffl5wB1chOEU:28G0,0*58
\s:66,c:1782377498*43\!AIVDM,1,1,,B,36;ff:0vQF`gN>0AlrPcpIU820<S,0*62
\s:66,c:1782377497*4C\!AIVDM,1,1,,A,B39UEN00<89dVd7WOWhCgweUoP06,0*11
\g:1-2-5198853,s:66,c:1782377498*0A\!AIVDM,2,1,3,B,56;ff:80000090mWR20QD61UD4r3G3>222222216EpH8Hue?0LF@CQp6,0*79
\g:2-2-5198853*66\!AIVDM,2,2,3,B,R3mH88888888880,2*60
\s:66,c:1782377494*4F\!AIVDM,1,1,,A,B3aPOU00086ElBWJMqi`CwhUoP06,0*31
\s:66,c:1782377499*42\!AIVDM,1,1,,A,138Plj01ioPE<SJNbB9WkV;40HET,0*26
\s:66,c:1782377498*43\!AIVDM,1,1,,A,14Sj0f002<IU?7T@CgipR6m800S1,0*2C
\s:66,c:1782377499*42\!AIVDM,1,1,,A,13`iAj0P000FW4`NFaVUoOw:08Eq,0*28
\s:66,c:1782377495*4E\!AIVDM,1,1,,A,16Lnfd001g8dfJV?3f8ahGe20D0`,0*1E
\s:66,c:1782377500*43\!AIVDM,1,1,,A,33S2mNPP@0126G0Isk;<:`g<020h,0*5B
\s:66,c:1782377496*4D\!AIVDM,1,1,,B,B8SOm@00<auebn2?TJN`;wiVSP06,0*64
\s:66,c:1782377498*43\!AIVDM,1,1,,A,B5N8@B00AVTGd33nadVbwwjQj001,0*7A
\s:66,c:1782377496*4D\!AIVDM,1,1,,A,33MALlPOid07iOjNl3?sRr54014P,0*4A
\s:66,c:1782377499*42\!AIVDM,1,1,,A,18Lk7E000r7LG@H0emijwBI80<QL,0*62
\s:66,c:1782377499*42\!AIVDM,1,1,,B,14b:lj0P007KOvp0fIpRC?w:053<,0*2D
\s:66,c:1782377498*43\!AIVDM,1,1,,A,1819=a?0000g86`Hrgw8eli>0000,0*01
\s:66,c:1782377494*4F\!AIVDM,1,1,,B,13Ef>8PP03wRt>hK<kP=9gw4253<,0*62
\s:66,c:1782377498*43\!AIVDM,1,1,,A,368tt4PP@18ftQrAP`EKmh=80060,0*2E
\s:66,c:1782377497*4C\!AIVDM,1,1,,B,14UlDT002dwVDBlDS4uRq2C62D5B,0*27
\s:66,c:1782377498*43\!AIVDM,1,1,,A,34h@5B5000P<2FRF`aT6HHE<0Dg:,0*44
\s:66,c:1782377500*43\!AIVDM,1,1,,A,15@lMB001f2gvB0<ftdnoES:00SV,0*65
\s:66,c:1782377500*43\!AIVDM,1,1,,A,B8gQiT005HR>77b86BVNcwv43P06,0*43
\s:66,c:1782377500*43\!AIVDM,1,1,,A,13MAkN@P0swqJwdONKe9rWo@0000,0*1D
\s:66,c:1782377500*43\!AIVDM,1,1,,B,33ckr20q0eP6W=rF@`R6RE1:015i,0*44
\s:66,c:1782377438*49\!AIVDM,1,1,,A,33aBKa5P00PCjcTMcL5v4?w:2D`J,0*3F
\g:1-2-5198854,s:66,c:1782377501*0C\!AIVDM,2,1,4,A,569Aa4`000000000000@tpN0H4pN1`P4v1T4pO9@7PM;5uddN=nR3mH4,0*4F
\g:2-2-5198854*61\!AIVDM,2,2,4,A,j0C`88888888880,2*59
\s:66,c:1782377501*42\!AIVDM,1,1,,B,E>jCK4;Q7bRRh;2a3WdRa@9bR@7P2B`<>KiA010888jfB5ADm0,4*35
\s:66,c:1782377501*42\!AIVDM,1,1,,A,Evja5F11000?SP0000000000000LefgF5EFCH00003q010,4*75
\s:66,c:1782377501*42\!AIVDM,1,1,,A,35AM:h50007`uk26:lGu@83@0001,0*58
\s:66,c:1782377496*4D\!AIVDM,1,1,,A,15NfuI001bo2QirLbCtm;4320000,0*08
\s:66,c:1782377501*42\!AIVDM,1,1,,A,402R3f1vad`k`0k9wBQewTW00@HI,0*68
\s:66,c:1782377494*4F\!AIVDM,1,1,,B,13P;<Q@P07wvOH6LwO6q6?w42<0m,0*2C
\s:66,c:1782377499*42\!AIVDM,1,1,,B,139lNfPP000NkV`MLJrN4?w<2L2b,0*60
\s:66,c:1782377501*42\!AIVDM,1,1,,A,144aw2001HQIoNhPEQ<Q7@oB0PSA,0*1A
\s:66,c:1782377503*40\!AIVDM,1,1,,B,28Hw6;PP00WagdP61mGN4?wB28Hc,0*04
\s:66,c:1782377501*42\!AIVDM,1,1,,A,13ktW2002g3fTIGtkG;QC1=@0HH3,0*3A
\s:66,c:1782377501*42\!AIVDM,1,1,,B,ENk`sVLrL@@@@@@@@@@@@@@@@@@=Al@4;A3U000003vP000,2*1D
\s:66,c:1782377502*41\!AIVDM,1,1,,B,15B7Ip0P1HP8G88MbLS;hgw@0<1c,0*36
\g:1-2-5198855,s:66,c:1782377497*03\!AIVDM,2,1,5,A,53MAkN@00000lP;3T008h4U8D5D000000000000U0h6225dG03800000,0*35
\g:2-2-5198855*60\!AIVDM,2,2,5,A,000000000000008,2*29
\s:66,c:1782377501*42\!AIVDM,1,1,,B,1815WVj0050:pGtGNo>uAGG@0U3<,0*79
\s:66,c:1782377499*42\!AIVDM,1,1,,B,15Bbcd0P00rBAMF5FttC@ww>2@GA,0*26
\s:66,c:1782377501*42\!AIVDM,1,1,,B,36Ks2H001i`nFSR@BH88VFnn0AfM,0*73
\s:66,c:1782377501*42\!AIVDM,1,1,,B,13EhbK7P0J02GO2EwU2Plww<0HFB,0*2F
\s:66,c:1782377459*4E\!AIVDM,1,1,,B,33aB9lUP00PCMQtMe8lf4?wl2Dir,0*4A
\s:66,c:1782377501*42\!AIVDM,1,1,,A,1815Vp001eOG:FjC7Eg1dAGD0<12,0*09
\s:66,c:1782377501*42\!AIVDM,1,1,,B,1718wd5P10SpluB=tgIM0?v20<9B,0*33
\s:66,c:1782377502*41\!AIVDM,1,1,,A,177giP0wivWHKWl0k9NsuIS40@HU,0*17
\s:66,c:1782377502*41\!AIVDM,1,1,,A,16ShG>01009=QalD4UeHWj;@053<,0*7E
\s:66,c:1782377501*42\!AIVDM,1,1,,A,1567a:001TPwIobD5vr382S<0D0N,0*57
\s:66,c:1782377500*43\!AIVDM,1,1,,B,13nVib0Oha0KhDFSSiJp8Vc>0d0J,0*3D
\s:66,c:1782377500*43\!AIVDM,1,1,,A,402FhWQvad`k11:CO@G7DrW00815,0*1B
\s:66,c:1782377503*40\!AIVDM,1,1,,A,13EnQP8000P9wK>GblrpE`5F0<2T,0*1A
\s:66,c:1782377497*4C\!AIVDM,1,1,,A,H3aHq3A<4Tj0@uLp00000000000,2*4A
\s:66,c:1782377497*4C\!AIVDM,1,1,,A,H3aHq3DUC=D5MQI@7nqjq01H122t,0*02
\s:66,c:1782377500*43\!AIVDM,1,1,,A,19u:Un001B7euNl;1LQ69lqp0HGC,0*25
\s:66,c:1782377501*42\!AIVDM,1,1,,A,37OddbPOh5:cOeskmQDbhGU@0000,0*06
\s:66,c:1782377503*40\!AIVDM,1,1,,A,33WR@G5000OVeS@DQtrptWID0CF:,0*0C
\s:66,c:1782377500*43\!AIVDM,1,1,3,B,17Odd9@0008lO6Sp76fPFBUB053<,0*36
\s:66,c:1782377499*42\!AIVDM,1,1,,A,B33eLjP0E@6uHS7L3kUO3wjQhL0W,0*1F
\s:66,c:1782377503*40\!AIVDM,1,1,,B,4050Of@000Htt<tSF0l4Q@001d1q,0*04
\s:66,c:1782377502*41\!AIVDM,1,1,,B,13uG0KPP101BH:tQtVu68?wD00Sn,0*23
\s:66,c:1782377497*4C\!AIVDM,1,1,,B,19NSmLk001R90hDI<dWdHja28`Ei,0*1B
\s:66,c:1782377502*41\!AIVDM,1,1,,A,15?dh701BLOwEctEl3M8Kne>00S0,0*31
\s:66,c:1782377503*40\!AIVDM,1,1,,A,1815de001T`S4;dF7GV3L2kB0<:4,0*11
\s:66,c:1782377503*40\!AIVDM,1,1,,B,13a27r0000PC:gFMIg8nEjOD0@If,0*77
\s:66,c:1782377498*43\!AIVDM,1,1,,B,1:U74TPP00M?f>cpUJJ;8gw>20Sb,0*5E
\s:66,c:1782377499*42\!AIVDM,1,1,,A,17ljJloP008FdG;wAI6Bv6120PSN,0*6C
\s:66,c:1782377499*42\!AIVDM,1,1,,A,16;=1L0P00`g5fPA?PVf4?w<253<,0*68
\s:66,c:1782377497*4C\!AIVDM,1,1,,A,35O4BgP038J59tL?mM?S=2Up0000,0*32
\s:66,c:1782377498*43\!AIVDM,1,1,,A,B3?tN>P0A0>JThWwj3`>h6k43P06,0*76
\s:66,c:1782377497*4C\!AIVDM,1,1,,A,13Egb==P0Ewi7NjDS312b?w8253<,0*71
\s:66,c:1782377499*42\!AIVDM,1,1,,A,36:661U3@08fV1LA95m5FE1>0DWb,0*13
\s:66,c:1782377494*4F\!AIVDM,1,1,,A,1772nq002CwTM5HLD7IhDhJp0<4T,0*3C
\s:66,c:1782377499*42\!AIVDM,1,1,,B,13dhF0000B2Ocsn@kVPhIPA<00S1,0*6F
\s:66,c:1782377500*43\!AIVDM,1,1,,A,19NSbK0vP211Is0GEP2tp4k@00SO,0*53
\s:66,c:1782377499*42\!AIVDM,1,1,,A,15Ne8h0000o?u>0K>c>T?P6L1=B0,0*65
\s:66,c:1782377499*42\!AIVDM,1,1,,B,83aEOphj2d<dte=etQcPgga@00P0,0*27
\s:66,c:1782377500*43\!AIVDM,1,1,,A,B:5e@k001Ql1BEPKL2L03wk4kP06,0*20
\s:66,c:1782377498*43\!AIVDM,1,1,,A,13l3od0vjO2E=odBV<tW65c:8`FD,0*59
\s:66,c:1782377499*42\!AIVDM,1,1,,A,160rUB30053Ooq4@?NMN2ow40<<W,0*6F
\s:66,c:1782377500*43\!AIVDM,1,1,,B,13KBfb01A38gn@RANrRbd`c>8<>a,0*35
\s:66,c:1782377498*43\!AIVDM,1,1,,B,18HwJ1gP0PWJLE`0fQ9c2gw:253<,0*06
\s:66,c:1782377498*43\!AIVDM,1,1,,A,13Q>KL001<07WLpMBKB8vo7<0HFI,0*76
\s:66,c:1782377499*42\!AIVDM,1,1,,B,402M3UAvad`kU0JioPQS=p7P00S:,0*39
\s:66,c:1782377482*48\!AIVDM,1,1,,A,33aI9FEP00PDR0LMe:Ov4?vb2DL:,0*6A
\s:66,c:1782377500*43\!AIVDM,1,1,,A,15UdEH0v1cQ0fSJDlWpKSqC>08G9,0*79
\s:66,c:1782377501*42\!AIVDM,1,1,,B,13IrTo0000PHMgPHjjWVTbC<80S>,0*20
\s:66,c:1782377501*42\!AIVDM,1,1,,A,405flb1vad`k`1mGAadTQ>O020S:,0*26
\s:66,c:1782377501*42\!AIVDM,1,1,,B,16::<wP00S8hm=@AnPqVa4a@0@H4,0*0A
\s:66,c:1782377497*4C\!AIVDM,1,1,,A,B3U8DJ00<@LfuP5CL?Hc0RN00000,0*75
\s:66,c:1782377501*42\!AIVDM,1,1,,A,402;bK1vad`ka0bmd>HVqt1000S:,0*3C
\s:66,c:1782377502*41\!AIVDM,1,1,,A,4025bvQvad`kbPhJ30Q2Lvi028I0,0*78
\s:66,c:1782377500*43\!AIVDM,1,1,,A,137hvB30087ET9811CBdd:5B0@G`,0*78
\s:66,c:1782377501*42\!AIVDM,1,1,,B,19NSVvh020:v7FWf?SbhU0Q@0D07,0*27
\s:66,c:1782377500*43\!AIVDM,1,1,,B,B5NVT`P006`NG;5TdqoQ3wl1h000,0*41
\s:66,c:1782377486*4C\!AIVDM,1,1,,A,13aENCPP0HPBQ:@MafCSuwvl2H?G,0*0C
\s:66,c:1782377501*42\!AIVDM,1,1,,B,13FV7G0P14P9nkRG`pB`p?w@20S6,0*76
\s:66,c:1782377502*41\!AIVDM,1,1,,A,13A0In0000PhAn`PoTT0>1KB0L2E,0*07
\s:66,c:1782377501*42\!AIVDM,1,1,,A,13`fMMpP00PEmjhNCHwP0?wB253<,0*28
\s:66,c:1782377500*43\!AIVDM,1,1,,A,H3l3pJPmTl58F22222222222220,2*76
\s:66,c:1782377500*43\!AIVDM,1,1,,A,H3l3pJTU653<Hr93AjmnoP3@:44t,0*2F
\s:66,c:1782377501*42\!AIVDM,1,1,,B,35?di2i0h0MPLN?s<tsa;TA>0E0r,0*0C
\s:66,c:1782377502*41\!AIVDM,1,1,,B,17lk5T001:`2duut6=HiTAA@08HW,0*25
\s:66,c:1782377502*41\!AIVDM,1,1,,A,13AVS@0000PKSGdO6<@t30s>0<8t,0*34
\s:66,c:1782377495*4E\!AIVDM,1,1,,B,19TH1d@P@A0qDMTDf65jeAK00@DT,0*1D
\s:66,c:1782377498*43\!AIVDM,1,1,,B,B7OhsS0002`1ahu?g@cQ3wiQh000,0*76
\s:66,c:1782377499*42\!AIVDM,1,1,,A,B3n=lN00<85`:D8m6D=F;wjUoP06,0*1F
\s:66,c:1782377500*43\!AIVDM,1,1,,B,19NSbj002W3J<1Qq?vo8`W1@08G?,0*21
\s:66,c:1782377498*43\!AIVDM,1,1,,A,169@7fUP138eoI0A9EPb4hG7WP00,0*61
\s:66,c:1782377499*42\!AIVDM,1,1,,B,19NSa50wS8JIWEh2v;SEvDk:0D01,0*4E
\s:66,c:1782377497*4C\!AIVDM,1,1,,B,16:v0v002A80mRn<:KDRq2G208EP,0*72
\s:66,c:1782377498*43\!AIVDM,1,1,,A,13KHsR001:1OQVFRD33sGq200000,0*63
\s:66,c:1782377498*43\!AIVDM,1,1,,B,169CtW001k8fSthA9<BWao?:053<,0*60
\s:66,c:1782377499*42\!AIVDM,1,1,,B,402;bFivad`kVwtMTVL??Jo00hEa,0*22
\s:66,c:1782377497*4C\!AIVDM,1,1,,B,138oe`3007SQPnR?mC66:bU:0@ET,0*58
\s:66,c:1782377499*42\!AIVDM,1,1,,B,17m3vc?P3?7Ll:H0TA<4Agw6053<,0*2E
\s:66,c:1782377500*43\!AIVDM,1,1,,A,13`lQq@P1H0L3n4Mi0QAeww>053<,0*21
\s:66,c:1782377500*43\!AIVDM,1,1,,A,G02E3N02F8u8H3qAqAJ00000000,2*59
\s:66,c:1782377500*43\!AIVDM,1,1,,A,28SK3ThP00Wai4d61a1>4?w@2@Gb,0*66
\s:66,c:1782377498*43\!AIVDM,1,1,,B,16:J9U001s8?b00<o:oS0BI80<rV,0*67
\g:1-2-5198856,s:66,c:1782377499*0E\!AIVDM,2,1,6,B,56K3qT`0ACe``CGK3J0U<E<PTv2222222222220l1`E7376008jDiEhC,0*41
\g:2-2-5198856*63\!AIVDM,2,2,6,B,`88888888888880,2*79
\s:66,c:1782377500*43\!AIVDM,1,1,,A,13KFwgP0391ioJRRIH@2TR1<0@FD,0*24
\g:1-2-5198857,s:66,c:1782377454*0E\!AIVDM,2,1,7,B,5815AK82D8EuKLQ?B2058@lu8F0<PU10EL62221@@8N7D5d>0@SS4U3H,0*63
\g:2-2-5198857*62\!AIVDM,2,2,7,B,888888888888880,2*20
\s:66,c:1782377493*48\!AIVDM,1,1,,A,B3aGCW@00883CO7WwvKQ3whQnDvr,0*32
\s:66,c:1782377499*42\!AIVDM,1,1,,A,:96dOdRG`n<T,0*2F
\s:66,c:1782377498*43\!AIVDM,1,1,,A,142LTv@P00ww1;dFd<pQ5ww608Dg,0*16
\s:66,c:1782377493*48\!AIVDM,1,1,,A,1815Sr0002wWJfFDcDTUCbU200T8,0*0A
\s:66,c:1782377501*42\!AIVDM,1,1,,A,196dOdQ0?w<tSF0l4Q@>40av0t<P,0*5F
\s:66,c:1782377501*42\!AIVDM,1,1,,B,169@?K001J`gf5PAhW>bipw@2@H6,0*50
\s:66,c:1782377502*41\!AIVDM,1,1,,A,16:616P01B8hET0Ak2G:T8kD0@HU,0*03
\s:66,c:1782377492*49\!AIVDM,1,1,,B,36:5QsU000`e2@@AroBVp3q00Dgb,0*64
\s:66,c:1782377500*43\!AIVDM,1,1,,A,33aFg7mP00PBR?jMg@DN4?w@2DbJ,0*7B
\s:66,c:1782377501*42\!AIVDM,1,1,,A,133s4FSP01PCJi4MEl1v4?wB2HHR,0*6D
\s:66,c:1782377502*41\!AIVDM,1,1,,A,403Otdivad`kbr9lORA`tI?02@I1,0*1E
\s:66,c:1782377502*41\!AIVDM,1,1,,A,402E3:1wB1S6`PGEi8N7pqw02<9s,0*14
\s:66,c:1782377502*41\!AIVDM,1,1,,A,403t;4Avad`ka`VW4HD`0R700<54,0*63
\s:66,c:1782377502*41\!AIVDM,1,1,,A,23ku3gPuRuWeG185r8bjej8?0@4Q,0*79
\s:66,c:1782377502*41\!AIVDM,1,1,,A,33ku3gP2RuWeGC`5r9VB`j:W00r1,0*31
\s:66,c:1782377501*42\!AIVDM,1,1,,B,13Abld001rWIs;00e8V846G>8<?=,0*57
\s:66,c:1782377494*4F\!AIVDM,1,1,,B,16:Bb`P01B8i8llAkCRrKHK40<8l,0*4F
\s:66,c:1782377501*42\!AIVDM,1,1,,B,C6:<CT00022uE>S>eAQ6swv0L2L<2L>JBL>l@cT@2N00?PH2Q10P,0*15
\s:66,c:1782377501*42\!AIVDM,1,1,,A,18HsFfPP017JLST0eda7tgwD00SR,0*45
\s:66,c:1782377502*41\!AIVDM,1,1,,B,19NSN@002iNiI4r<wcfVWUEB0d1C,0*76
\s:66,c:1782377495*4E\!AIVDM,1,1,,B,369bIJ5001`bKSJB9CPDkaU80Dg:,0*4E
\s:66,c:1782377498*43\!AIVDM,1,1,,B,;>kvmkivad`kUSOqiH?jIGP02000,0*0A
\s:66,c:1782377494*4F\!AIVDM,1,1,,B,B5OHlOP005kstVVl2pwQ3wi1jIgJ,0*65
\s:66,c:1782377499*42\!AIVDM,1,1,,B,13f62H002EP1NQREwPHHS6q880SM,0*0E
\s:66,c:1782377498*43\!AIVDM,1,1,,B,E1LVVthcHL00000000000000000>h0pWuVH:H00000k030,4*62
\s:66,c:1782377499*42\!AIVDM,1,1,,A,35NbiU001BI=Cdv@u2ReDbap0000,0*61
\s:66,c:1782377499*42\!AIVDM,1,1,,A,33mwp=7P@A0r<jdVeNQ:6ou820vi,0*78
\s:66,c:1782377499*42\!AIVDM,1,1,,A,39NSTL@PBA5<4r0:hOA7hF9:00K0,0*78
\s:66,c:1782377500*43\!AIVDM,1,1,,B,169rUl0000899vf<o3kchFQ@00Ru,0*08
\s:66,c:1782377500*43\!AIVDM,1,1,,B,16:Hmh501`8LPFD>1O6GsnBv00Rr,0*1F
\s:66,c:1782377500*43\!AIVDM,1,1,,A,D028iohflffp,0*4C
\s:66,c:1782377494*4F\!AIVDM,1,1,,B,38:cKK@Oh5`a0;@8E4nlbp4v20v@,0*40
\s:66,c:1782377498*43\!AIVDM,1,1,,A,1;@;0>0P01slriwd;MjN4?w:28FB,0*35
\s:66,c:1782377499*42\!AIVDM,1,1,,A,16:EnU000089LGd<nuE5vI980D5w,0*54
\s:66,c:1782377493*48\!AIVDM,1,1,,A,15Br0:01BbsDpV0;d`hb2p3000SG,0*78
\g:1-2-5198858,s:66,c:1782377498*01\!AIVDM,2,1,8,A,53aL=CT000010KW;;T0<u8pDhT4000000000000U30824uHl00US0@DQ,0*72
\g:2-2-5198858*6D\!AIVDM,2,2,8,A,2CQiC`888888880,2*46
\s:66,c:1782377498*43\!AIVDM,1,1,,B,13l3pwP01cwU1vdKse:`5FA88<2O,0*38
\s:66,c:1782377499*42\!AIVDM,1,1,,B,19NSn8P01L7OIp@1DC<GUV3800Ro,0*02
\s:66,c:1782377496*4D\!AIVDM,1,1,,B,402Pg4iuJl`kTwH`tHGQVqo00d2m,0*73
\s:66,c:1782377499*42\!AIVDM,1,1,,A,169<k8hP4f8KUEhFJ2@Uu?w<0000,0*3C
\s:66,c:1782377499*42\!AIVDM,1,1,,A,133w`sPP01PCaWTMHuDdvOw>28G2,0*5C
\s:66,c:1782377498*43\!AIVDM,1,1,,B,H7`BDmhlttpHU<P000000000000,2*56
\s:66,c:1782377501*42\!AIVDM,1,1,,B,403Ow:1uJl`kWrRO8dE6fJg02HGL,0*64
\s:66,c:1782377456*41\!AIVDM,1,1,,B,33aL=CUP00PCq32Me4L00?wh2DBJ,0*1E
\s:66,c:1782377501*42\!AIVDM,1,1,,A,16:J3u001H8U3`hF7CrSl2w>0@GV,0*5D
\s:66,c:1782377500*43\!AIVDM,1,1,,B,1612w680002k@3b<BcI`k`9<0PSO,0*66
\s:66,c:1782377495*4E\!AIVDM,1,1,,B,HCggU>0pu8A8V0U>o7;80000000,2*55
\s:66,c:1782377495*4E\!AIVDM,1,1,,B,HCggU>4N4I138D0npph0000H4110,0*46
\s:66,c:1782377500*43\!AIVDM,1,1,,A,133gVhgP0uPCceBMFIrcggw@28Gd,0*26
\s:66,c:1782377501*42\!AIVDM,1,1,,B,18J9u:0P2HWKFFd0db;LMww@28HQ,0*2D
\s:66,c:1782377500*43\!AIVDM,1,1,,B,HCggU>0pu8A8V0U>o7;80000000,2*55
\s:66,c:1782377500*43\!AIVDM,1,1,,B,HCggU>4N4I138D0npph0000H4110,0*46
\s:66,c:1782377502*41\!AIVDM,1,1,,B,13:Pt0002=2tiuKsdl8Mpc;@0D01,0*04
\s:66,c:1782377495*4E\!AIVDM,1,1,,A,13`va@00000GpD0NQv?1BVc80@Da,0*1D
\s:66,c:1782377503*40\!AIVDM,1,1,,A,19NSfNdP003Q0ap@?5S>4?wF2D66,0*07
\s:66,c:1782377501*42\!AIVDM,1,1,,A,H7`BDmlU0000000J=7kjhk000000,0*19
\s:66,c:1782377494*4F\!AIVDM,1,1,,A,13Ehu3PP00P<3bTF`B8>4?w2253<,0*02
\s:66,c:1782377497*4C\!AIVDM,1,1,,A,18:cKK@Oh4`a0;P8E4nDa`9628EN,0*13
\s:66,c:1782377501*42\!AIVDM,1,1,,B,13e568001W7MBBB0fC4k4jS>88H?,0*29
\s:66,c:1782377503*40\!AIVDM,1,1,,B,19NSjIPwh29>>TlC@<IcwCqB0<15,0*75
\s:66,c:1782377499*42\!AIVDM,1,1,,,14eIUT@01LKfa;hOKVlq6GC80000,0*18
\s:66,c:1782377500*43\!AIVDM,1,1,,A,HCh9>?0thV1=@DTr0U>o7L00000,2*54
\s:66,c:1782377500*43\!AIVDM,1,1,,A,HCh9>?4NC=D5dQCoiik0000@621t,0*7B
\s:66,c:1782377502*41\!AIVDM,1,1,,B,13l3ndp00k0BW8DMg1ksBkK@0@Hb,0*4B
\s:66,c:1782377502*41\!AIVDM,1,1,,A,142Omd@0002641nGH6E4<2M>053<,0*77
\s:66,c:1782377499*42\!AIVDM,1,1,,A,B39EIo001h;K:g7aPRSQ3wkQh@G7,0*09
\s:66,c:1782377502*41\!AIVDM,1,1,,,13Im2;01Aj8Mw5`F>bCblHWB0000,0*3F
\s:66,c:1782377503*40\!AIVDM,1,1,,B,144Ss1P01f0iFbBEM`<s28wB0L2t,0*2F
\s:66,c:1782377501*42\!AIVDM,1,1,,A,B5Mf@n000>fk3>2n;P@000N00000,0*63
\s:66,c:1782377501*42\!AIVDM,1,1,,A,13aFdh0P00PDQFtMdNg8pOw>R<;j,0*69
\s:66,c:1782377500*43\!AIVDM,1,1,,A,3815CtTwAW0o2:jO9g`bS8Ip0000,0*57
\s:66,c:1782377499*42\!AIVDM,1,1,,A,14cM6sP01?Oif2TDie`r8`;:0l0N,0*21
\s:66,c:1782377493*48\!AIVDM,1,1,,A,33mDfO5000Pi>B4RAkCv49502DWb,0*54
\s:66,c:1782377498*43\!AIVDM,1,1,,B,18I06DU01vWK28N0fB:Kq9Q80@FF,0*69
\s:66,c:1782377499*42\!AIVDM,1,1,,B,E>l0GCLc@HqP0000000000000003B<Mo6GNh`00003kP10,4*65
\s:66,c:1782377499*42\!AIVDM,1,1,,A,16;=0CU01Q8geQ0A@BJ`=EC:00Sq,0*40
\s:66,c:1782377498*43\!AIVDM,1,1,,A,13VREF0w062gsNB<n4jnkoU60L6m,0*6A
\s:66,c:1782377498*43\!AIVDM,1,1,,A,1611tC000?ST7?`?nSC2kE56053<,0*22
\s:66,c:1782377500*43\!AIVDM,1,1,,B,19NSMfP02vNr;A4DFakSBRa>0Gwu,0*2C
\s:66,c:1782377500*43\!AIVDM,1,1,,B,39NSi0h1B=8`fGv>eb3Ai1Q<00S3,0*5C
\s:66,c:1782377491*4A\!AIVDM,1,1,,A,13P>MIP05<Oql6FM6Jct2abt053<,0*6C
\s:66,c:1782377500*43\!AIVDM,1,1,,B,16:RD5001d8irOh@n<n7R5o:0Dup,0*62
\s:66,c:1782377492*49\!AIVDM,1,1,,B,13832R001K`psFTCipa>1P0t0@BS,0*06
\s:66,c:1782377498*43\!AIVDM,1,1,,A,19Hser2000Nh=dd8IgF=<bU:0<25,0*4C
\s:66,c:1782377499*42\!AIVDM,1,1,,A,15Q7CN?0003mUfb>>Bdnb1I:08Fw,0*18
\s:66,c:1782377499*42\!AIVDM,1,1,,B,1k3d6v001d8VrQ27?9@dab5:0000,0*5B
\s:66,c:1782377497*4C\!AIVDM,1,1,,A,13P:Jmh008P9hC6NI0bQ8j;6053<,0*1C
\s:66,c:1782377498*43\!AIVDM,1,1,,A,3kIPwNPP00wm?tVJg8tN4?w22000,0*3A
\s:66,c:1782377492*49\!AIVDM,1,1,,B,403sl61uJl`kO`03Qv<EngG00<8p,0*1A
\s:66,c:1782377494*4F\!AIVDM,1,1,,A,15?:St001Q8LTerFAeJ;2`k00D<O,0*4A
\s:66,c:1782377498*43\!AIVDM,1,1,,A,139JJT0000PeKBTN`kOhDHK:0L7S,0*26
\s:66,c:1782377499*42\!AIVDM,1,1,,A,13GQ:G0P00P9pAVGaMn>4?w<20SF,0*4D
\s:66,c:1782377501*42\!AIVDM,1,1,,A,18Hst7?P0bWLQPD0gNEq6OwBR53<,0*3D
\g:1-2-5198859,s:66,c:1782377498*00\!AIVDM,2,1,9,B,53MB7Jp2Fp2`lTiCH00P4q<tr1@P4lE<0000000Q2QC4<5dWN<10M=d0,0*20
\g:2-2-5198859*6C\!AIVDM,2,2,9,B,000000000000000,2*2E
\s:66,c:1782377502*41\!AIVDM,1,1,,B,1:0:Qc0P@83nK9N>1k1M>bH420S>,0*38
\s:66,c:1782377500*43\!AIVDM,1,1,,A,339JJT00000eKBTN`kOPD8Kp0000,0*5E
\s:66,c:1782377381*4C\!AIVDM,1,1,,A,33aENQEP00PCR`bMcpWB??w>2Djb,0*37
\s:66,c:1782377440*46\!AIVDM,1,1,,B,B3mkdeP0<p4cGT7LWqJ;Kwl5oP06,0*4B
\s:66,c:1782377501*42\!AIVDM,1,1,,B,337Wt:5000Lr@oqjqboFaWg@0Dpr,0*59
\s:66,c:1782377501*42\!AIVDM,1,1,,B,13aB9=OP00PBT7RMMqurS?wB2<5=,0*15
\s:66,c:1782377502*41\!AIVDM,1,1,,A,169@VbPP1c`k?OHAHIjN2gwD2<33,0*01
\s:66,c:1782377497*4C\!AIVDM,1,1,,A,B3m:C40000A4J`akh@<03wiUoP06,0*47
\s:66,c:1782377495*4E\!AIVDM,1,1,,B,13aOBD0P0uPDA?lMdpCjS?w62<7V,0*1E
\s:66,c:1782377498*43\!AIVDM,1,1,,B,73VA7j1RMpD`,0*11
\s:66,c:1782377497*4C\!AIVDM,1,1,,A,36QgBe50002P<kh@ps=20@=60EFb,0*0C
\s:66,c:1782377498*43\!AIVDM,1,1,,A,19NSpK002?7DTmT12aODT3c80<2V,0*26
\s:66,c:1782377499*42\!AIVDM,1,1,,A,C7mLIdP0025d6hOl8VS5gwv0`5LFBL>V`NM1cec11110J0L9QRPP,0*7C
\s:66,c:1782377495*4E\!AIVDM,1,1,,B,17ldsuhP0mWSHEWw`NJtFww428DW,0*1A
\s:66,c:1782377495*4E\!AIVDM,1,1,,B,16:RM40OiR8daNr?8VHQk1Q400Sa,0*33
\s:66,c:1782377498*43\!AIVDM,1,1,,A,19NSqN@01lR2CBfGHT8r:H9j2PS=,0*1A
\s:66,c:1782377500*43\!AIVDM,1,1,,B,16:H?D001J8gBPTA80PbLpM<0@G;,0*73
\g:1-2-5198860,s:66,c:1782377458*06\!AIVDM,2,1,0,A,539v<a800000@S?KW<184ThEV1H000000000001I>8<39ucef04Sm51D,0*79
\g:2-2-5198860*66\!AIVDM,2,2,0,A,Q0CH=QH41E4Sj0@,2*67
\g:1-2-5198861,s:66,c:1782377495*06\!AIVDM,2,1,1,A,55TQ1482E8og<DUWB21<D61<PDhj22222222221DL`e@P5l60GiAlmF`,0*3E
\g:2-2-5198861*67\!AIVDM,2,2,1,A,888888888888880,2*25
\s:66,c:1782377497*4C\!AIVDM,1,1,,B,13aGEDPP0HPCUM`MEEv:Iww:R53<,0*09
\s:66,c:1782377498*43\!AIVDM,1,1,,B,13geoEgP0qvGlNfUETN1Wgw<20S8,0*25
\s:66,c:1782377482*48\!AIVDM,1,1,,A,13l3nQ@w@00CCPPMeN0Q1Q:d08=J,0*75
\s:66,c:1782377453*44\!AIVDM,1,1,,B,33l3nQ@w@00CCPPMeN0P<i;b00KC,0*30
\s:66,c:1782377495*4E\!AIVDM,1,1,,A,35NO=iP000Jrjd4H?w>@e2Wp0000,0*19
\s:66,c:1782377500*43\!AIVDM,1,1,,B,369G5l`P05`gAINA>n6u4ww>22w1,0*6D
\s:66,c:1782377501*42\!AIVDM,1,1,,A,19NSVr0vR3`hBe4Ce4DDnSi:08Fj,0*73
\s:66,c:1782377500*43\!AIVDM,1,1,,B,B3EibGP0?P3eB<V00oquowkQjMf;,0*1F
\s:66,c:1782377500*43\!AIVDM,1,1,,A,33VScB001I1cSjDFJ7pFLU;p0000,0*0A
\s:66,c:1782377502*41\!AIVDM,1,1,,B,13=@b60000R64?DGH3A8m2I@1PSq,0*75
\s:66,c:1782377501*42\!AIVDM,1,1,,A,B39fHpP0;P;4t07n3obHQsN00000,0*03
\s:66,c:1782377501*42\!AIVDM,1,1,,A,BCgSh<0027TTJUaMuQ`vOwTRs000,0*3E
\s:66,c:1782377501*42\!AIVDM,1,1,,A,HCgSh<058V0u<d5:0U>o7;L0000,2*42
\s:66,c:1782377501*42\!AIVDM,1,1,,B,HCgSh<4N5=DB1;0ohhi0000H5210,0*48
\s:66,c:1782377402*40\!AIVDM,1,1,,B,339v<a5P00PC2TRMej=v4?v22Der,0*52
\s:66,c:1782377502*41\!AIVDM,1,1,,A,38Hw1;POh17JvIr0gAHl4aoB02tQ,0*03
\s:66,c:1782377500*43\!AIVDM,1,1,,A,19N`3U@02eP3TnDFfWe9lGlP0D<P,0*78
\s:66,c:1782377331*47\!AIVDM,1,1,,A,B3aHopP0084`1aWJLtcQ3wqQnDb:,0*0C
\g:1-2-5198862,s:66,c:1782377502*0A\!AIVDM,2,1,2,A,8@2R5Ph0GhGDiad5f?:;PhRWltJ;MuFR?wl?wnSwe7wvlOwwsAwwnSBT,0*28
\g:2-2-5198862*64\!AIVDM,2,2,2,A,wvwt,0*16
\s:66,c:1782377497*4C\!AIVDM,1,1,,A,13o:G0001g0DIbbNHRt1@A9@0@GS,0*60
\s:66,c:1782377499*42\!AIVDM,1,1,,A,15?dTaP0288V1jN8G<WEKDK<0@Ft,0*36
\s:66,c:1782377503*40\!AIVDM,1,1,,A,13ErMfPP00P9rCnGasof4?wF2<3k,0*3E
\s:66,c:1782377498*43\!AIVDM,1,1,,A,1:0q`r=P05Pq5thD>Kt9tww<2<0h,0*7C
\s:66,c:1782377502*41\!AIVDM,1,1,,A,73HOI000RVuP,0*7D
\s:66,c:1782377501*42\!AIVDM,1,1,,A,1772QJ041fNdu8V7HO>h4h1>00RB,0*79
\s:66,c:1782377498*43\!AIVDM,1,1,,A,13cVK@gP0=PceEhIA094K?w<2D13,0*25
\s:66,c:1782377497*4C\!AIVDM,1,1,,,13MBpom000OqGMpOMemn10m80000,0*5C
\s:66,c:1782377494*4F\!AIVDM,1,1,,A,35NR9:0000G>mM`K5NtGl73p0000,0*1D
\s:66,c:1782377492*49\!AIVDM,1,1,,B,13KMt`00131Vf8PRAGf=vOv00000,0*2E
\s:66,c:1782377498*43\!AIVDM,1,1,,B,16:<U@P00:8hR::AIsCQdCw:0L5P,0*43
\s:66,c:1782377496*4D\!AIVDM,1,1,,A,15?u6D0vjCveMM`::fdWT5u60<2t,0*3B
\s:66,c:1782377498*43\!AIVDM,1,1,,B,16:B=R80008VAT@DVCu7O`C8053<,0*4B
\s:66,c:1782377493*48\!AIVDM,1,1,,A,13`qEJ001bP:MRvMn=6LsbTR08CA,0*13
\s:66,c:1782377494*4F\!AIVDM,1,1,,B,3773M;002:63Dct3@`l:A`A0037A,0*6D
\s:66,c:1782377501*42\!AIVDM,1,1,,A,B6:V2Hh0=J25lR3=IhK8swl42000,0*50
\s:66,c:1782377501*42\!AIVDM,1,1,,B,1815@3h01A`fT1@A7qLE1l6v08GU,0*59
\s:66,c:1782377501*42\!AIVDM,1,1,,B,13Eha8WP0@P=O1>Gh;5KMww>2<1T,0*7B
\s:66,c:1782377501*42\!AIVDM,1,1,,A,D02:pNPh<Nfq6DO6D0,4*42
\s:66,c:1782377502*41\!AIVDM,1,1,,A,33bsa@00050BSn@MewJ;N:a@02vi,0*7A
\s:66,c:1782377501*42\!AIVDM,1,1,,A,402:pNQvad`k`0KOrpHdWA?000S:,0*37
\s:66,c:1782377496*4D\!AIVDM,1,1,,A,137E<t0014wbI3TJ=8M6JE38053<,0*1A
\s:66,c:1782377502*41\!AIVDM,1,1,,B,13kiHB001Pww4G<Li<j2oBBp0HHv,0*19
\s:66,c:1782377495*4E\!AIVDM,1,1,,B,1815SBh01g2l22Sfl9tRjB?80<0=,0*01
\s:66,c:1782377496*4D\!AIVDM,1,1,,A,33e4CF03001?VWrHO5dcJ4=p0000,0*0A
\s:66,c:1782377497*4C\!AIVDM,1,1,,B,19NSV>P0R47PJV01HbM`0FG60D1K,0*2A
\s:66,c:1782377501*42\!AIVDM,1,1,,A,16:>TO0P018fs8pAPe`:mgwB0<7O,0*5F
\s:66,c:1782377500*43\!AIVDM,1,1,,B,HCh;5i0Pu<dV1E:0pE<T0000000,2*2B
\s:66,c:1782377500*43\!AIVDM,1,1,,B,HCh;5i4N4I138D0nnmj000000000,0*5F
\s:66,c:1782377501*42\!AIVDM,1,1,,,13MBpom000OqGMpOMemn10m@0000,0*24
\s:66,c:1782377495*4E\!AIVDM,1,1,,B,1773M;002:63Dct3@`l:A`A00000,0*1A
\s:66,c:1782377502*41\!AIVDM,1,1,,B,H5OLk44TCBD8r15G4@kmjh109540,0*51
\s:66,c:1782377496*4D\!AIVDM,1,1,,A,35MqcN1P@0FBKDTPk=Cq>5cp0000,0*53
\s:66,c:1782377498*43\!AIVDM,1,1,,B,1815a9P01i1doghERrbtfJ=80HF?,0*26
\s:66,c:1782377499*42\!AIVDM,1,1,,A,16SfCP0w040`R0LIBsO<P7m40<8<,0*07
\s:66,c:1782377496*4D\!AIVDM,1,1,,B,13bT9F001UONt9vJu3wH4nM:08E`,0*03
\s:66,c:1782377498*43\!AIVDM,1,1,,B,38Kfr60P037L1il0fNjFKgw<06cC,0*1E
\s:66,c:1782377500*43\!AIVDM,1,1,,A,33GQPI@000NmaQD@Bog0D19p0000,0*08
\s:66,c:1782377500*43\!AIVDM,1,1,,A,36:JNePP@48gUR0ACUm=3H7>01w@,0*27
\s:66,c:1782377500*43\!AIVDM,1,1,,A,133V?v3OhGPCOW2MFC:aBGg@2@Gq,0*17
\s:66,c:1782377500*43\!AIVDM,1,1,,A,369pu6h0157qqL88cUJHcFW>00th,0*6A
\s:66,c:1782377497*4C\!AIVDM,1,1,,A,36:C2K0PA?8f`@rA7`PD;CI601wP,0*12
\s:66,c:1782377500*43\!AIVDM,1,1,,A,13m7N=7P0011j;rVOuEf4?w<0HFR,0*2A
\s:66,c:1782377497*4C\!AIVDM,1,1,,A,16:?8P001L8iOqRA6IleiK:n00S;,0*25
\s:66,c:1782377501*42\!AIVDM,1,1,,A,15O2Fu3P01GRvuPCCNE33?w<0<2n,0*67
\s:66,c:1782377499*42\!AIVDM,1,1,,A,13Jrw802B:5QkWD4MvG4eCs>0<07,0*29
\s:66,c:1782377497*4C\!AIVDM,1,1,,B,16:6V6001L8lNqHCWvj>2h540D0j,0*53
\s:66,c:1782377500*43\!AIVDM,1,1,,A,13GPil700NP@CjdH5BfVvUQ>0HGF,0*28
\s:66,c:1782377501*42\!AIVDM,1,1,,A,15B>Vl0tAtPBNL4MIk86;4e208HE,0*0D
\s:66,c:1782377502*41\!AIVDM,1,1,,B,18I>Cv0u1@5<=D2:geK=@:O@0D4B,0*21
\s:66,c:1782377502*41\!AIVDM,1,1,,B,16:?:1P01>`ju5PACss7BmSH0<2O,0*29
\s:66,c:1782377502*41\!AIVDM,1,1,,B,18I9hT0wA<GDFW6Cu4:u1rUD0HI7,0*67
\s:66,c:1782377496*4D\!AIVDM,1,1,,A,339L8J0PAK0MiPDNdfBmtla<0111,0*6C
\s:66,c:1782377501*42\!AIVDM,1,1,,B,13Hsc:0OjmPFkeHHliDPC0MB2@Gr,0*0F
\s:66,c:1782377503*40\!AIVDM,1,1,,B,14hGj@002EPC5tvGPDM8i6uB0<4s,0*73
\s:66,c:1782377503*40\!AIVDM,1,1,,B,13GQPIIuh0vmaQH@Bog`WA;D08IL,0*21
\s:66,c:1782377391*4D\!AIVDM,1,1,,A,33`g3p5P00PChMfMd@mf4?wT2DKJ,0*6A
\s:66,c:1782377503*40\!AIVDM,1,1,,A,16:C2K0PA@8f`DdA7`HT8CE@08I>,0*55
\s:66,c:1782377503*40\!AIVDM,1,1,,B,19pBCh0P00vh=Ep8IcIN4?wF20SB,0*7E
\s:66,c:1782377503*40\!AIVDM,1,1,,A,38I:eP120005SS23Lm:daQiD0E::,0*7B
\s:66,c:1782377503*40\!AIVDM,1,1,,B,19NSiaP02?GugOj=Nt44kSiB08Id,0*14
\s:66,c:1782377502*41\!AIVDM,1,1,,A,33ElaiQOh7OVerdDR9;;Q@7B0l@J,0*31
\s:66,c:1782377494*4F\!AIVDM,1,1,,A,35NH7eP000G@7>HE`v=005Ip0000,0*30
\s:66,c:1782377496*4D\!AIVDM,1,1,,B,13n1pE7P000KN?JQLWp5Ugw:0@EO,0*60
\s:66,c:1782377499*42\!AIVDM,1,1,,A,19N`2g@v@FQD82gdWPrReAm>2L23,0*56
\s:66,c:1782377497*4C\!AIVDM,1,1,,B,339eH05P0TPefpNNV<9>3ww62001,0*48
\s:66,c:1782377491*4A\!AIVDM,1,1,,A,17lcU4@P01`=m6mvcnQAkwvt2@<`,0*6F
\s:66,c:1782377500*43\!AIVDM,1,1,,B,13L?bMP0001UecLRU6RhSSP00000,0*5E
\s:66,c:1782377494*4F\!AIVDM,1,1,,B,18;GjN001O8V8?H8IGrp1nK00@Cc,0*6B
\s:66,c:1782377499*42\!AIVDM,1,1,,B,139c?80Oh0PeLUVN`=3HIl74P@GF,0*78
\s:66,c:1782377499*42\!AIVDM,1,1,,A,19NSP;0tjl;1G7ejdLeMu@9>00SB,0*4C
\s:66,c:1782377499*42\!AIVDM,1,1,,B,13aBNFP000PCLHpMEqttGA3<P53<,0*11
\s:66,c:1782377498*43\!AIVDM,1,1,,A,B4eIOtP00Fin6;QgO0H5<uv00000,0*60
\s:66,c:1782377500*43\!AIVDM,1,1,,B,B52h:R@00Ekd2k6t:qfISwl1jEtb,0*55
\s:66,c:1782377499*42\!AIVDM,1,1,,A,ENl5oBL1S2@97bb2h77app@@@@@D?SMt;6B7800003r010,4*55
\s:66,c:1782377501*42\!AIVDM,1,1,,B,38TBhV0PB97b7nf5nrdEsTiB00p1,0*32
\s:66,c:1782377413*40\!AIVDM,1,1,,A,33`e?;EP00PC78pMdwFImOvJ2Dhb,0*6D
\s:66,c:1782377501*42\!AIVDM,1,1,,B,38SrkEwP037bRNf5lg`MN?w@2000,0*7D
\s:66,c:1782377501*42\!AIVDM,1,1,,A,33ku<>0030Otkt2ELFDHro;D06qC,0*3A
\s:66,c:1782377502*41\!AIVDM,1,1,,A,13aO?TPviOPgAlDQNg:Lhb=B00S0,0*27
\s:66,c:1782377503*40\!AIVDM,1,1,,A,13EjiRSP0HP<7KdFEVjFS?wD2<1r,0*54
\s:66,c:1782377497*4C\!AIVDM,1,1,,A,H4eIOtT00000000F21jhjh000330,0*5C
\s:66,c:1782377497*4C\!AIVDM,1,1,,B,13tg1wPP00Q@ocbQwrg>4?w:253<,0*4E
\s:66,c:1782377501*42\!AIVDM,1,1,,A,402Fhgivad`ka0eBbpHnH7o00HHS,0*49
\s:66,c:1782377502*41\!AIVDM,1,1,,B,13ku<6@wBm;kqtFJV;OS6BMD0@HF,0*00
\s:66,c:1782377503*40\!AIVDM,1,1,,A,13aGF=PP1MPD4hDMDIK3b?wF253<,0*55
\s:66,c:1782377341*40\!AIVDM,1,1,,B,H3`wclQHDp40000000000000000,2*5D
\s:66,c:1782377353*43\!AIVDM,1,1,,B,H3`wclTUC=D4JTa@4lqnp01P3220,0*13
\s:66,c:1782377500*43\!AIVDM,1,1,,A,36:RB?PP@;8f05lA83niTbwB02kQ,0*0C
\s:66,c:1782377501*42\!AIVDM,1,1,,A,ENkb9TvaPh@@@@@@@@@@@@@@@@@;VoCp=jICp00003vP000,2*1D
\s:66,c:1782377499*42\!AIVDM,1,1,,B,B34Ka<P0>h3lL:WFELPlowk1h8Fj,0*73
\s:66,c:1782377503*40\!AIVDM,1,1,,B,C6:@eeP002;np64Df;ARGwv0l@NL>>bNjbl@:L?WWSUhKPt7PQ0P,0*2B
\s:66,c:1782377500*43\!AIVDM,1,1,,A,4028jIQvad`kW0>cpBH0;BwP2HGg,0*56
\s:66,c:1782377500*43\!AIVDM,1,1,,A,18K3=>00?w7JLR@0esHf44mB0<>P,0*7A
\s:66,c:1782377501*42\!AIVDM,1,1,,B,19NSe500@>7PHKT12Ftuc8;>0<3v,0*7D
\s:66,c:1782377499*42\!AIVDM,1,1,,B,H;rt0iQ=B04f33<000000000000,2*7B
\s:66,c:1782377499*42\!AIVDM,1,1,,B,H;rt0iTU>1F93?=h000000000004,0*25
\s:66,c:1782377502*41\!AIVDM,1,1,,B,15UDF>0Oh13Ptc6@=Ghd:JGD08HA,0*68
\s:66,c:1782377500*43\!AIVDM,1,1,,B,36:7?A0Oh78dvsrAs@=0NV;>01uP,0*1E
\s:66,c:1782377501*42\!AIVDM,1,1,,B,13P8Ka@000whr=VQgC;00pW000Rp,0*68
\s:66,c:1782377502*41\!AIVDM,1,1,,A,13aI:i5P?w0Htt:NKCKf4?wp0d4t,0*43
\s:66,c:1782377498*43\!AIVDM,1,1,,B,34hTEH5000PfpKDI62S00:S80Dmr,0*7B
\s:66,c:1782377498*43\!AIVDM,1,1,,B,15W58v000@35K5`6a1LTi3i200Rr,0*3A
\s:66,c:1782377497*4C\!AIVDM,1,1,,B,18I3f`002:2>hF1eN3;IT7a500SB,0*07
\s:66,c:1782377494*4F\!AIVDM,1,1,,A,169CPc>P?w8gsjJA8f0f40Hp0d3w,0*27
\s:66,c:1782377494*4F\!AIVDM,1,1,,B,39NSLoi002P<2WfMKhkuc:Vv0Dg:,0*05
\s:66,c:1782377498*43\!AIVDM,1,1,,B,13l3qs002206UBrM85E0f0W80@FS,0*70
\s:66,c:1782377497*4C\!AIVDM,1,1,,B,B7fu;;00001vcM5qBc?Q3wjQh000,0*06
\s:66,c:1782377499*42\!AIVDM,1,1,,B,38I=?>002<r6984?nluQCQ6R03bQ,0*7B
\s:66,c:1782377493*48\!AIVDM,1,1,,A,13aDrk@P00PGUo8NOJ0v4?w0253<,0*54
\s:66,c:1782377498*43\!AIVDM,1,1,,B,13Eds`gP00OFmmDHFWrP0?w428Dd,0*72
\s:66,c:1782377496*4D\!AIVDM,1,1,,A,13I`q>7P@DOQ2=PK<kN2w2S:08EJ,0*2B
\s:66,c:1782377493*48\!AIVDM,1,1,,A,18I2HC0uP1`9T0j<Qw1442pj0<<P,0*4F
\s:66,c:1782377493*48\!AIVDM,1,1,,B,13aQ69HP00PEmjrNCO=>4?w2253<,0*67
\s:66,c:1782377498*43\!AIVDM,1,1,,B,13l3tlh0000D=:8MdS8LkQ96053<,0*42
\s:66,c:1782377498*43\!AIVDM,1,1,,A,369G5KQP008fn;PAOvn=;ww80Dor,0*38
\s:66,c:1782377499*42\!AIVDM,1,1,,,13=>QH002c8l1slCVnI=Ibg60000,0*21
\s:66,c:1782377500*43\!AIVDM,1,1,,B,19NSq`h02eOa5C4L;1P9E7K<0<6d,0*36
\s:66,c:1782377499*42\!AIVDM,1,1,,B,13@o<0000r0n>6TQ0I=C4BK:0`Fu,0*76
\s:66,c:1782377498*43\!AIVDM,1,1,,A,18ufiT0P001DE@1dVFgBiww>053<,0*2C
\s:66,c:1782377498*43\!AIVDM,1,1,,A,B7m5m<@01IrD>6w8D`G:gwj2T=lJ,0*7D
\s:66,c:1782377498*43\!AIVDM,1,1,,A,18Hvva0P007L50J0jmVf4?w<0L4;,0*66
\s:66,c:1782377498*43\!AIVDM,1,1,,B,19NSh40w1J85L6f8RHEpSFq@0D0S,0*65
\s:66,c:1782377493*48\!AIVDM,1,1,,B,37tCk6@0007`h:264eAKSh0r0PoQ,0*46
\s:66,c:1782377500*43\!AIVDM,1,1,,A,33iqkt0PA60=IOBMD;2eKrc@013@,0*72
\s:66,c:1782377483*49\!AIVDM,1,1,,B,13aLm1hP1?PDVj`MeAsSbgvf20Rm,0*49
\s:66,c:1782377501*42\!AIVDM,1,1,,A,14hTOR5004JqPFLGgLcaS?w<0@G<,0*20
\s:66,c:1782377396*4A\!AIVDM,1,1,,B,33a3O95000PC2:bMekd`33gb0Da:,0*10
\s:66,c:1782377503*40\!AIVDM,1,1,,A,ENm>S@>185sqth6Pph;a2QUP000C`2:t0nraP00003v010,4*31
\s:66,c:1782377502*41\!AIVDM,1,1,,A,139qSn0P000`0eHNHaJtsgw@08GP,0*19
\s:66,c:1782377501*42\!AIVDM,1,1,,A,19NSAeh02hrCnG`AMps5H4M@2@H4,0*28
\s:66,c:1782377497*4C\!AIVDM,1,1,,,B7OiprP00:gOkAL0wt3Q3wj1l000,0*00
\s:66,c:1782377495*4E\!AIVDM,1,1,,A,33o38b00000kaHHU7An0001p0000,0*26
\s:66,c:1782377502*41\!AIVDM,1,1,,A,4025bwAuJl`kaQ477ROSWcQ028H`,0*14
\s:66,c:1782377501*42\!AIVDM,1,1,,B,1:p;rTHP0TJVCb<5qnsE7gwB0HGi,0*11
\s:66,c:1782377502*41\!AIVDM,1,1,,A,177nQc@P00`9Sfv<mAdv4?wD2<7h,0*2A
\s:66,c:1782377502*41\!AIVDM,1,1,,A,28SPGs0P0J7atwh5qe57WOw<2@FU,0*2D
\s:66,c:1782377503*40\!AIVDM,1,1,,A,13lSrb00028f7jFF=<`FriQB0<6R,0*4D
\s:66,c:1782377502*41\!AIVDM,1,1,,,B7OiprP00:gOkAL0wswQ3wl1l000,0*45
\s:66,c:1782377500*43\!AIVDM,1,1,,A,B3`pJPh0F871:97LCO;Nkwl1l0TL,0*79
\s:66,c:1782377494*4F\!AIVDM,1,1,,A,15MuUFPP00q=82:@vubv4?w22000,0*6E
\s:66,c:1782377499*42\!AIVDM,1,1,,A,B8Hw99P0@Ao5d>P;u7`k3wk4kP06,0*06
\s:66,c:1782377501*42\!AIVDM,1,1,,A,H5Nwk81>uJ10584@U<F22222220,2*56
\s:66,c:1782377501*42\!AIVDM,1,1,,A,H5Nwk84T0000000G4;knhm105440,0*2D
\s:66,c:1782377502*41\!AIVDM,1,1,,B,16:c`r0P008Vsi0BD2B000GB1P00,0*6F
\s:66,c:1782377501*42\!AIVDM,1,1,,A,16:?<T001A8ewwPA>62=Arc>0FB=,0*10
\s:66,c:1782377501*42\!AIVDM,1,1,,B,18;2hi0P00`a`8t8ICV00?w>28I3,0*0B
\s:66,c:1782377500*43\!AIVDM,1,1,,A,H:U7At10ThuB08t5B1H00000000,2*79
\s:66,c:1782377500*43\!AIVDM,1,1,,A,H:U7At4jCBD4`4F@Enmpo00P433t,0*37
\s:66,c:1782377503*40\!AIVDM,1,1,,B,18SK3nhP0a7dphF60SE9COvl28?W,0*50
\s:66,c:1782377502*41\!AIVDM,1,1,,B,13l3oVPPAaPC9glMJ@uaaWQB08Hj,0*1C
\s:66,c:1782377503*40\!AIVDM,1,1,,A,13cc;38P01P`mPPIJ=6f4?wF2<2D,0*34
\s:66,c:1782377503*40\!AIVDM,1,1,,A,14`V4V001n``woHDQ@NV653D0@IC,0*3B
\s:66,c:1782377498*43\!AIVDM,1,1,,A,1775Md001h8B`=R;OTRH;VW:00Ro,0*20
\s:66,c:1782377500*43\!AIVDM,1,1,,B,13mPEn0vh20CWP8NWhjU5Aq>00S6,0*71
\s:66,c:1782377504*47\!AIVDM,1,1,,A,16:Hw=00038fc0@AR>I6j6aB053<,0*70
\g:1-2-5198863,s:66,c:1782377497*06\!AIVDM,2,1,3,A,53TVg<42<ES5=LE@0008iDF1=@5:340000000000000==0000040Dp2S,0*52
\g:2-2-5198863*65\!AIVDM,2,2,3,A,V8522DP@0000000,2*28
\s:66,c:1782377492*49\!AIVDM,1,1,,B,16:Kkh001v8g`O0AP42;0JHt08<B,0*4B
\s:66,c:1782377497*4C\!AIVDM,1,1,,A,13aGsE0P00PJ9LtN?7jN4?w:28Ek,0*4F
\s:66,c:1782377499*42\!AIVDM,1,1,,B,133kV>PP00PCobvMGeS>4?w>2@GJ,0*40
\s:66,c:1782377499*42\!AIVDM,1,1,,A,15?da`P01H7Khm00e8DqdWi<00S5,0*70
\s:66,c:1782377496*4D\!AIVDM,1,1,,,14VfvN5000OO<`8ST64=8Rw60000,0*18
\s:66,c:1782377500*43\!AIVDM,1,1,,,14VfvN5000OO<WvST63e8Rw:0000,0*32
\s:66,c:1782377499*42\!AIVDM,1,1,,A,36:DNW50008;6bh<s;=0001<0Dfr,0*6A
\s:66,c:1782377499*42\!AIVDM,1,1,,A,18I=dr000Q2OkMR@js7PG0K>00SE,0*0F
\s:66,c:1782377501*42\!AIVDM,1,1,,A,155scR001Q87otN;>fPPBh>l0d15,0*24
\s:66,c:1782377501*42\!AIVDM,1,1,,A,13o?jb0PAa0L9nPSgqITokk>0@H4,0*42
\s:66,c:1782377496*4D\!AIVDM,1,1,,B,16;2mT001`8cm=P?:2A1DA=61U3<,0*3A
\s:66,c:1782377500*43\!AIVDM,1,1,,A,13n4td`00h1d=PD`E0v6JU;:0@G3,0*55
\s:66,c:1782377370*42\!AIVDM,1,1,,B,33`diM50000CGFFMdIMIObjrPDUr,0*56
\s:66,c:1782377497*4C\!AIVDM,1,1,,A,33TVg<00011k7uvE>>;3Us;p0000,0*30
\s:66,c:1782377503*40\!AIVDM,1,1,,B,B8StGA0049s>uQQNN<NH3wd73P06,0*03
\s:66,c:1782377499*42\!AIVDM,1,1,,B,4P2:p0Qvad`kROinHtKsTEg00000,0*78
\s:66,c:1782377497*4C\!AIVDM,1,1,,A,169>9`P01Q`Pwm`EmR7rKHW:053<,0*6E
\s:66,c:1782377502*41\!AIVDM,1,1,,A,16:@EJP03R8gf=6AI;rv0@9400Rm,0*12
\s:66,c:1782377503*40\!AIVDM,1,1,,A,38SJQR002:7VBV@2g`2PvPgF0001,0*5B
\s:66,c:1782377503*40\!AIVDM,1,1,,A,H39arV0`4pL4@62222222222220,2*09
\s:66,c:1782377503*40\!AIVDM,1,1,,A,35NUa1PPALJddbhG@J938RID017h,0*58
\s:66,c:1782377445*43\!AIVDM,1,1,,B,H5NwMa0DhEE@PE8T40000000000,2*5E
\s:66,c:1782377502*41\!AIVDM,1,1,,B,H5NwMa4UCBD5<1bG4;khln1`013t,0*6D
\s:66,c:1782377499*42\!AIVDM,1,1,,A,18VDAb001<3Vc?:?FG>>3c=:053<,0*73
\s:66,c:1782377495*4E\!AIVDM,1,1,,A,15NHsAgP0fr:bW`AHmO;e`u60000,0*3C
\s:66,c:1782377499*42\!AIVDM,1,1,,A,134;fJ01jFNePo0;3=k765U:8<3j,0*56
\s:66,c:1782377500*43\!AIVDM,1,1,,A,16oaACmP0343;MB>1OMUEOw:2hFW,0*74
\s:66,c:1782377494*4F\!AIVDM,1,1,,B,18LQPH001lPB0b:N4U<Q80sb0D9j,0*72
\s:66,c:1782377498*43\!AIVDM,1,1,,A,13ICN8000vOQkdrKFbESM2c>0D25,0*55
\s:66,c:1782377499*42\!AIVDM,1,1,,B,19NSW5@01sqf19H=udfJQ8;<0<0C,0*26
\s:66,c:1782377500*43\!AIVDM,1,1,,A,B6:fb9@0>B9jGL4U5=0Rowk6SP06,0*4A
\s:66,c:1782377501*42\!AIVDM,1,1,,B,35NQEId012q<kBJA2pWdWb9D01o@,0*1F
\s:66,c:1782377499*42\!AIVDM,1,1,,B,1CgJ1kg00jv?lQPV@pSB3ihv0000,0*3A
\s:66,c:1782377496*4D\!AIVDM,1,1,,B,15?diO@01K`jmf@Ab4P6HTu6053<,0*33
\s:66,c:1782377499*42\!AIVDM,1,1,,B,13IQ?i00000:l;DM=:``G@q>00SF,0*67
\s:66,c:1782377501*42\!AIVDM,1,1,,B,33ICN8000vOQkgBKFbFCK2eB01s0,0*39
\s:66,c:1782377501*42\!AIVDM,1,1,,A,402=a@Avad`kW069FPM@ROOP2@H5,0*4B
\s:66,c:1782377500*43\!AIVDM,1,1,,A,BCglqM001OTUTMaNEGM;wwq0s000,0*2F
\s:66,c:1782377500*43\!AIVDM,1,1,,A,HCglqM0hU<40000000000000000,2*1D
\s:66,c:1782377500*43\!AIVDM,1,1,,A,HCglqM4NC=Dw;VLnonl0000H521t,0*05
\s:66,c:1782377496*4D\!AIVDM,1,1,,,B3aQCOh007n4VG5CgIwQ3wiQh000,0*64
\s:66,c:1782377503*40\!AIVDM,1,1,,A,18HsOV0P00WL?vh0iWj>4?wD200;,0*3C
\s:66,c:1782377502*41\!AIVDM,1,1,,A,13aGG1DP00PF``rMv8O@0?wD253<,0*3C
\s:66,c:1782377501*42\!AIVDM,1,1,,A,B3mV6r0008<?G68TQtP000N00000,0*05
\s:66,c:1782377494*4F\!AIVDM,1,1,,A,18MEPP001A6h@g@3Sh?r5890053<,0*25
\s:66,c:1782377416*45\!AIVDM,1,1,,A,38MEPP001B6hATH3Sib:588L00HS,0*66
\s:66,c:1782377500*43\!AIVDM,1,1,,A,14VV?p001Q11i`lG6B2=6JQ>0000,0*46
\s:66,c:1782377500*43\!AIVDM,1,1,,A,402E:rQvad`kW0FJE6MvABW00<7w,0*3F
\s:66,c:1782377501*42\!AIVDM,1,1,,A,ENk`sVdHRa@@@@@@@@@@@@@@@@@=As;I;AI2800003vP000,2*3F
\s:66,c:1782377502*41\!AIVDM,1,1,,B,13:4Cb0wBO0F:OFNbmC0thqB0D69,0*61
\s:66,c:1782377498*43\!AIVDM,1,1,,A,18I04w`000WK3pt0f7ndank80DAd,0*08
\s:66,c:1782377499*42\!AIVDM,1,1,,B,26K2;l10029j8u4D0qCdolI@053<,0*04
\s:66,c:1782377500*43\!AIVDM,1,1,,B,26K2MP10019isMDD0peKd6O>053<,0*6C
\s:66,c:1782377498*43\!AIVDM,1,1,,B,E>nrAUg28;hI000000000000000>EwmSq9oi000003jP10,4*51
\s:66,c:1782377500*43\!AIVDM,1,1,,A,19ACHr?0152D0LhAq`CANQ>02HS9,0*2C
\s:66,c:1782377500*43\!AIVDM,1,1,,A,33a4;ePPA8PD>>TMdev5dTI601sh,0*4E
\s:66,c:1782377499*42\!AIVDM,1,1,,B,17lclt8P00WL3s00bbMEUgw:2@FQ,0*15
\s:66,c:1782377499*42\!AIVDM,1,1,,A,33F4kT0000Nmasj@BePGWF5p0000,0*14
\s:66,c:1782377495*4E\!AIVDM,1,1,,B,E>o6K9@17dPh3ph8:7h6PVWW0V0=C:LO2uJkH10888i@00,4*02
\s:66,c:1782377503*40\!AIVDM,1,1,,A,13cecw002qPA=9@Gj06P7P:00@I@,0*4F
\s:66,c:1782377502*41\!AIVDM,1,1,,A,13U1or7P01QdQ14EdHCN4?wD253<,0*0E
\s:66,c:1782377501*42\!AIVDM,1,1,,A,15?DHn002;5q3<H4Veb@4P=B0D0`,0*6F
\s:66,c:1782377499*42\!AIVDM,1,1,,B,B5O?mW000HAvL4UN=aWQ3wkQl000,0*4C
\s:66,c:1782377501*42\!AIVDM,1,1,,A,4030ouQvad`kar7j4lHWgNW00L2D,0*5F
\s:66,c:1782377500*43\!AIVDM,1,1,,B,13==fV022B7hi0::G>qlf3i>0U3<,0*6F
\s:66,c:1782377501*42\!AIVDM,1,1,,A,1342qQPP00PAO7NMGt`v4?wBR@H6,0*1F
\s:66,c:1782377500*43\!AIVDM,1,1,,A,28TDMv50007`dnj67AmD=TK:053<,0*4E
\s:66,c:1782377503*40\!AIVDM,1,1,,A,18I3BP001Q7J8A`0cm:s4poH0@IF,0*28
\s:66,c:1782377498*43\!AIVDM,1,1,,A,15EIGH00277PLOL1W9wWv6I:0HEk,0*16
\g:1-2-5198864,s:66,c:1782377499*0F\!AIVDM,2,1,4,A,57licdl2=rbMTAUW:21<m>1<tppEB2222222221J1pj:657l08mQDjCU,0*1C
\g:2-2-5198864*62\!AIVDM,2,2,4,A,1D`0PE0CH888880,2*13
\s:66,c:1782377499*42\!AIVDM,1,1,,A,38I3KO0Oh17K4MF0fd79i1g80280,0*07
\s:66,c:1782377499*42\!AIVDM,1,1,,,17licdh0P07L`2J0UfBKCpnr0P00,0*7D
\s:66,c:1782377495*4E\!AIVDM,1,1,,A,13oPE@00000Im8@SbsA;t2360D0w,0*3A
\s:66,c:1782377499*42\!AIVDM,1,1,,B,17m@;c0P018FSumwDf5;pww208Bw,0*26
\s:66,c:1782377498*43\!AIVDM,1,1,,A,15?ded001bQFRr`PEtp80VQ80U3<,0*30
\s:66,c:1782377499*42\!AIVDM,1,1,,A,19NSdr002OMqVT0K:37RuRE<08Fv,0*17
\s:66,c:1782377499*42\!AIVDM,1,1,,A,15NIcoP000Je;WNGA=JKo5o@053<,0*01
\s:66,c:1782377500*43\!AIVDM,1,1,,B,19NSl<P01;K`M3H81k0RRR2d053<,0*4B
\s:66,c:1782377497*4C\!AIVDM,1,1,,A,17lj=ikP007aIC1tPO@1bOw:0O9<,0*24
\s:66,c:1782377493*48\!AIVDM,1,1,,A,33mneO00000i;0VRAb=h001p0000,0*6E
\s:66,c:1782377499*42\!AIVDM,1,1,,B,36:R?UPOiQ`LKe4>0;h@?s?<20w0,0*24
\s:66,c:1782377498*43\!AIVDM,1,1,,B,177F>g002D`d0Bl?WoA`?nPj0<1p,0*67
\s:66,c:1782377497*4C\!AIVDM,1,1,,,13=:SN50002P6JJ@o3uqc0C80000,0*1E
\s:66,c:1782377496*4D\!AIVDM,1,1,,A,13MC6H0P0rQNOcHF2?aQDP180000,0*6B
\s:66,c:1782377498*43\!AIVDM,1,1,,A,B8Hu@OP0Dinkn0P;EV2lkwk5kP06,0*21
\s:66,c:1782377500*43\!AIVDM,1,1,,A,19NSEaP02a7DT?H161bsQa<d08GI,0*3D
\s:66,c:1782377498*43\!AIVDM,1,1,,A,18HtKm3004SPu@P@=`Etbas4053<,0*36
\s:66,c:1782377500*43\!AIVDM,1,1,,A,B3I;qDP0>85`>D6<T9vTKwkUoP06,0*27
\s:66,c:1782377462*46\!AIVDM,1,1,,B,13aMiL0000PBMFlMarj57Vin0L3`,0*13
\s:66,c:1782377499*42\!AIVDM,1,1,,A,17ld=GPP01WL4Ep0c60Clww:2<80,0*0F
\s:66,c:1782377501*42\!AIVDM,1,1,,B,16:R6u0P?w<tSF0l4Q@>4?wv0hH4,0*15
\s:66,c:1782377501*42\!AIVDM,1,1,,B,15?lWF002KSsMEP>eNrk?Ba>08H>,0*32
\s:66,c:1782377501*42\!AIVDM,1,1,,A,19NSeN@000`gV<LA8Ni0j3;>08H1,0*0A
\s:66,c:1782377503*40\!AIVDM,1,1,,B,13n:1l021nPhFdrQ4etSIBgD8pIG,0*52
\s:66,c:1782377501*42\!AIVDM,1,1,,A,1564:P5P?w<tSF0l4Q@>4?wv0l20,0*29
\s:66,c:1782377501*42\!AIVDM,1,1,,A,13P>I8P002092ShM`EIMGQG@00Sa,0*16
\s:66,c:1782377494*4F\!AIVDM,1,1,,A,BCgmeJ001WTTkA9N0OA9KwhPp000,0*7A
\s:66,c:1782377492*49\!AIVDM,1,1,,A,13K2k8002S`bGDF?DJt8A6Rv0<0e,0*5F
\s:66,c:1782377499*42\!AIVDM,1,1,,B,18Lj?58000W=ks`7Q:;3;ww=pd3?,0*50
\s:66,c:1782377499*42\!AIVDM,1,1,,A,B52NBOP006C>i64>Pn;Q3wk1jDTr,0*2C
\s:66,c:1782377499*42\!AIVDM,1,1,,B,13K2k8002S`bG?P?DJ1H?FS<08F?,0*69
\s:66,c:1782377499*42\!AIVDM,1,1,,B,BCgNe9001WUAwsaQIb@43wq2s000,0*0C
\s:66,c:1782377499*42\!AIVDM,1,1,,A,368sU`0OiI8K;ANFCcqmnlo@25bk,0*1C
\s:66,c:1782377500*43\!AIVDM,1,1,,A,4=7>woivad`k`7tv7h6Iav7008Gh,0*6D
\s:66,c:1782377491*4A\!AIVDM,1,1,,,19NSfCE0008dTq6Atq>UA3a0053<,0*6B
\s:66,c:1782377494*4F\!AIVDM,1,1,,B,H3`fcJDmC=D4V;;@6pqpp00P9220,0*2E
\g:1-2-5198865,s:66,c:1782377495*02\!AIVDM,2,1,5,B,53`j5s8000010CSK3P04PuV10u9ADqE<0000000Q2pI2Ft0Ht041DSRD,0*3D
\g:2-2-5198865*63\!AIVDM,2,2,5,B,h00000000000000,2*7A
\s:66,c:1782377502*41\!AIVDM,1,1,,A,13;dWh?P082vannH7mcN4?wD053<,0*0B
\s:66,c:1782377482*48\!AIVDM,1,1,,A,13`lTO@P1APCQRTMdkiliwvFR53<,0*16
\s:66,c:1782377496*4D\!AIVDM,1,1,,,B7OoRoP00`@cVp6L<@2Jwwj5l000,0*47
\s:66,c:1782377503*40\!AIVDM,1,1,,B,1:pDq:@004rB>Ul5G<HSm0mF0@IM,0*45
\s:66,c:1782377503*40\!AIVDM,1,1,,B,C8SU;Sh05qs@Wc1NVjligwkPFBKlVNMl5SUuu1111110?1052120,0*55
\s:66,c:1782377502*41\!AIVDM,1,1,,A,B52f4WP005keqr6iEDt000N00000,0*6A
\s:66,c:1782377498*43\!AIVDM,1,1,,A,28SK5w0P01Wb2IV5tPS>4?w:2<2j,0*63
\s:66,c:1782377499*42\!AIVDM,1,1,,A,19NSHnPv2i4ot7?sd3A95G?>0@Fm,0*3B
\s:66,c:1782377498*43\!AIVDM,1,1,,A,139f2dPP00PeWtDN`q3Ahgw<053<,0*1C
\s:66,c:1782377495*4E\!AIVDM,1,1,,A,B39rrrP0EWurWtW7S?rPowi1jGG;,0*75
\s:66,c:1782377492*49\!AIVDM,1,1,,B,B42M:m@05hQ=:PUoWu?@Cwh5kP06,0*63
\s:66,c:1782377499*42\!AIVDM,1,1,,B,17mRP8pP007LeEH0VCof4?w<2@FF,0*59
\s:66,c:1782377499*42\!AIVDM,1,1,,A,13?s9g001SPIPOnMdevbhpO@P<3A,0*6D
\s:66,c:1782377498*43\!AIVDM,1,1,,A,14SNfF001MP9EnpN?FW=0JQ<053<,0*10
\s:66,c:1782377499*42\!AIVDM,1,1,,A,13aGDAhP0jPFCk4MRgDl4gw:253<,0*29
\s:66,c:1782377500*43\!AIVDM,1,1,,B,B6>4e4@00Q6chNw7LeT000101P06,0*03
\s:66,c:1782377500*43\!AIVDM,1,1,,B,177nRH@P00`:uJ@<n8fN4?w>20S3,0*37
\s:66,c:1782377498*43\!AIVDM,1,1,,B,38I3E`10007K8bl0eEj<f4u:0Dg:,0*48
\g:1-2-5198866,s:66,c:1782377499*0D\!AIVDM,2,1,6,A,59lOwt800001KDpD000iDp4r085T00000000000N306354@Q10888888,0*26
\g:2-2-5198866*60\!AIVDM,2,2,6,A,888888888888800,2*2A
\s:66,c:1782377499*42\!AIVDM,1,1,,B,13aFgd0Oi6PChp8MF@T54lE:P<42,0*77
\s:66,c:1782377500*43\!AIVDM,1,1,,B,B3MCW6000889miV?22GQ2905l000,0*1B
\s:66,c:1782377500*43\!AIVDM,1,1,,A,B3mS6O0008MjLt:9qh9LgwkUoP06,0*7F
\s:66,c:1782377245*45\!AIVDM,1,1,,B,33aGFVUP00PDuPbMe<<N4?vh2Di:,0*13
\g:1-2-5198867,s:66,c:1782377501*0C\!AIVDM,2,1,7,A,533nbD`00000uC?KOP0@F0pEE<000000000000000`c<56lc;<PCU5iD,0*72
\g:2-2-5198867*61\!AIVDM,2,2,7,A,T00000000000000,2*47
\s:66,c:1782377502*41\!AIVDM,1,1,,B,35NV6DPOiTGRnrpCCg@UD4CD00u@,0*22
\s:66,c:1782377501*42\!AIVDM,1,1,,A,402M4v1vad`k`1cP=F`6eR7P08Gw,0*71
\s:66,c:1782377501*42\!AIVDM,1,1,,B,168u>j001a8jvp0AMgs71EG@08Go,0*73
\s:66,c:1782377500*43\!AIVDM,1,1,,B,13IaGd?P0aPFbQ0Hd2:J0Ow>20SW,0*59
\s:66,c:1782377502*41\!AIVDM,1,1,,A,15?0g20viNLO1Fr0lGHjIiw<0D01,0*38
\s:66,c:1782377498*43\!AIVDM,1,1,,B,B7tKf@P009o8dq0<Ep7=cwk5oP06,0*22
\s:66,c:1782377500*43\!AIVDM,1,1,,B,18I;oE01hn8K:iJFCtq67Do<00ST,0*08
\s:66,c:1782377501*42\!AIVDM,1,1,,A,19NSQc@025OfcrJDaoljsj9<0000,0*54
\s:66,c:1782377485*4F\!AIVDM,1,1,,B,13b=oT00010CTofMd=g0@rth0<8o,0*5A
\s:66,c:1782377428*48\!AIVDM,1,1,,A,33b=oT02@20CTojMd=VMr:nn0000,0*57
\s:66,c:1782377501*42\!AIVDM,1,1,,B,17m:28hP01WaC91tR27N4?wB2HHO,0*14
\s:66,c:1782377496*4D\!AIVDM,1,1,,A,13gtTgP00svRUULUbOc7KUq808EV,0*2F
\s:66,c:1782377502*41\!AIVDM,1,1,,B,1:U7Ih0P00Ld1AMjC2ta4gwB0D2F,0*70
\s:66,c:1782377501*42\!AIVDM,1,1,,B,13cuk?0w1VwjaOBDhdTS8jW>00SH,0*5B
\s:66,c:1782377500*43\!AIVDM,1,1,,A,B3n:fsP040;VAs`K0U4=`?D5kP06,0*79
\s:66,c:1782377502*41\!AIVDM,1,1,,A,169Iv`001f8lAHVCjLIh005B0HHN,0*56
\s:66,c:1782377498*43\!AIVDM,1,1,,B,13lIfD002DwTd4PKOHfV14i>053<,0*51
\g:1-2-5198868,s:66,c:1782377500*02\!AIVDM,2,1,8,B,5CaN1pH2AbgE0=MF221A8TpUAT8u8N2222222216D0=;;5s<0G@kVR1H,0*79
\g:2-2-5198868*6E\!AIVDM,2,2,8,B,888888888888880,2*2F
\s:66,c:1782377498*43\!AIVDM,1,1,,B,338Q@85000NqJ3B@6Jm2BD?<0E6:,0*2A
\s:66,c:1782377499*42\!AIVDM,1,1,,B,133hBqPP00P:HRnM<iP>4?w82L11,0*1D
\s:66,c:1782377500*43\!AIVDM,1,1,,B,33coR430020r3?DCJABar2E@075C,0*1B
\s:66,c:1782377494*4F\!AIVDM,1,1,,A,369a3I0P@H8QTLlFH<I00:a601u@,0*56
\s:66,c:1782377495*4E\!AIVDM,1,1,,A,13uB:S0P00147SPQLIHqlgw82D0?,0*7B
\s:66,c:1782377499*42\!AIVDM,1,1,,B,146id20022PeMb6N`g<kQjm808Do,0*56
\g:1-2-5198869,s:66,c:1782377312*06\!AIVDM,2,1,9,B,53aL>f`000010GKWST0E1<PU20T000000000000Q5`589t0Ht04Sm51D,0*48
\g:2-2-5198869*6F\!AIVDM,2,2,9,B,Q0C@00000000000,2*4C
\s:66,c:1782377497*4C\!AIVDM,1,1,,A,13s4Rf0P0RwH;IDGT7w2rww:2HEn,0*24
\s:66,c:1782377493*48\!AIVDM,1,1,,B,B3ID8FP0:8:QaGUqVR`>swhQl000,0*17
\s:66,c:1782377498*43\!AIVDM,1,1,,,B7Ofv2P002B:7pMswuJ13wgUmP06,0*28
\g:1-2-5198870,s:66,c:1782377227*09\!AIVDM,2,1,0,A,53aDC1l000010?GC3T0PDhDp400000000000001??0?575dB56TQ0C@0,0*23
\g:2-2-5198870*67\!AIVDM,2,2,0,A,000000000000000,2*24
\s:66,c:1782377500*43\!AIVDM,1,1,,B,15DO4r002>8lsVH@mRdH@VUB0D1;,0*75
\s:66,c:1782377500*43\!AIVDM,1,1,,,13JekH12P6OQcc>2c@7CA4s:66,0*7F
\s:66,c:1782377398*44\!AIVDM,1,1,,B,33aDC1mP@00C6JNMeREj<:>vPlK:,0*28
\s:66,c:1782377499*42\!AIVDM,1,1,,A,15O4RcPPAEI=1k8@tLAS>BO<00SB,0*0E
\s:66,c:1782377493*48\!AIVDM,1,1,,B,C6;=3PP00j;QSE4CIUPT;wv0l@Nb>2L>DB2OST000000e0d9Q1PP,0*7C
\s:66,c:1782377500*43\!AIVDM,1,1,,B,13EeUS3P0KP>i7fGdW`:C?w@2<0o,0*7B
\s:66,c:1782377501*42\!AIVDM,1,1,,B,33MD8mU0000e7HhI?0pB@oO>0000,0*74
\s:66,c:1782377497*4C\!AIVDM,1,1,,,B5O3h8P00>`nU46;ofF7kwjUoP06,0*52
\s:66,c:1782377496*4D\!AIVDM,1,1,,A,388fgf001CEC?LImuw?tl:180000,0*47
\s:66,c:1782377498*43\!AIVDM,1,1,,A,19pGs87P01vh=?d8If:f4?w<2HFM,0*36
\s:66,c:1782377415*46\!AIVDM,1,1,,A,333fr>U000PCCF<MeKHN42`NRDGJ,0*26
\s:66,c:1782377501*42\!AIVDM,1,1,,,B5O3h8P00>`nU46;ofF7kwjUoP06,0*52
\s:66,c:1782377501*42\!AIVDM,1,1,,A,13ku7C0vjl3o;;wlpFMpiG5@0@HI,0*68
\s:66,c:1782377502*41\!AIVDM,1,1,,B,33eETl00000QvrNI1V97EBO@007S,0*5A
\s:66,c:1782377501*42\!AIVDM,1,1,,B,19NSEA0w07PNlhhEJBbdfE9B08H?,0*6A
\s:66,c:1782377502*41\!AIVDM,1,1,,B,13MCk6@01=02bEvMN0SSR2iD0<1N,0*56
\s:66,c:1782377496*4D\!AIVDM,1,1,,B,B3GQ4R@0?P3Ra:5WNubEOwiQh@Dp,0*63
\s:66,c:1782377502*41\!AIVDM,1,1,,B,35O4RcPPAEI=1m`@tLD3:2OB023h,0*76
\s:66,c:1782377502*41\!AIVDM,1,1,,B,B4i4JP000>fH3Q5sibcQ1rl5oP06,0*0A
\s:66,c:1782377501*42\!AIVDM,1,1,,B,3CgU0q0PA`NF=SJUkNqQsi6v0000,0*41
\s:66,c:1782377422*42\!AIVDM,1,1,,B,13aL>fSP00PD43jMdeuf4?vd20S2,0*0D
\s:66,c:1782377500*43\!AIVDM,1,1,,A,4h2E351vad`k`PEpj8NCVJw028GW,0*59
\s:66,c:1782377501*42\!AIVDM,1,1,,A,18I;Li02hb`k=2<A8odoU5c0053<,0*6C
\s:66,c:1782377500*43\!AIVDM,1,1,,B,19NS;Ah01nP8`;2EPOAIToU<0d4f,0*4A
\s:66,c:1782377501*42\!AIVDM,1,1,,A,13`jgQPP000D?MTMdRcv4?w@053<,0*12
\s:66,c:1782377503*40\!AIVDM,1,1,,B,144Vfm0vjU7TwTb2@I5pRnmB00S0,0*1C
\s:66,c:1782377498*43\!AIVDM,1,1,,B,15U30n0tia65EI87ve@Gl6A:0@F@,0*16
\g:1-2-5198871,s:66,c:1782377444*0B\!AIVDM,2,1,1,A,53aJIHl000010WS;7R0m8Bl=8u=<E:22222222152`033t0Ht3kmQDRh,0*4E
\g:2-2-5198871*66\!AIVDM,2,2,1,A,CU8888888888880,2*33
\s:66,c:1782377500*43\!AIVDM,1,1,,B,13VKWb001n7SoH`25?7H?VU>08GP,0*29
\s:66,c:1782377497*4C\!AIVDM,1,1,,B,15NeKl0PBvqUm9t@LQp4RCU:0<0T,0*72
\s:66,c:1782377493*48\!AIVDM,1,1,,B,33cHTl00170pluJO<>FRG1i206wk,0*4D
\s:66,c:1782377499*42\!AIVDM,1,1,,A,333gKlPP06PCmi<MEbW<L?w<2AUC,0*24
\s:66,c:1782377497*4C\!AIVDM,1,1,,A,13aGEMPP00PDOw0MdS:Rt?w:28Ef,0*2B
\s:66,c:1782377499*42\!AIVDM,1,1,,B,13@pRb001R082E0MDkH80VK:053<,0*04
\s:66,c:1782377495*4E\!AIVDM,1,1,,A,13m8a5Pth2QcmO``G;;GKFQ608Dp,0*1D
\s:66,c:1782377495*4E\!AIVDM,1,1,,B,B52S@Wh005l8cvVoJc?Q3wi5h000,0*06
\s:66,c:1782377498*43\!AIVDM,1,1,,A,23aL>p8P00PGUH8NOFT>4?w:0000,0*75
\s:66,c:1782377500*43\!AIVDM,1,1,,,B3aTwMP00@6s9>7KvlKQ3wk1h000,0*71
\s:66,c:1782377500*43\!AIVDM,1,1,,A,13HhWb0ujjwoWerLl416hU;<0D1J,0*0A
\s:66,c:1782377500*43\!AIVDM,1,1,,A,1:1f0N0P0KPdfFJEOJqargw>2HGc,0*13
\s:66,c:1782377476*43\!AIVDM,1,1,,B,B3`dasP0004emfWJLwoQ3w`1jDeJ,0*74
\s:66,c:1782377500*43\!AIVDM,1,1,,B,BCgdis0037TQOF9N<DPwkwb2s000,0*12
\s:66,c:1782377500*43\!AIVDM,1,1,,A,1815>@P0227CHvf1:=5m@lA@0@Gj,0*07
\s:66,c:1782377409*4B\!AIVDM,1,1,,B,13`eB30P00PDWbtMdpR00?vB2@5E,0*64
\s:66,c:1782377502*41\!AIVDM,1,1,,A,16:4C90Oht8f?dhA6aQ4?isB0@:C,0*46
\s:66,c:1782377501*42\!AIVDM,1,1,,B,3Ch8?F5002vB18NUn0uBe9MF0000,0*63
\s:66,c:1782377500*43\!AIVDM,1,1,,B,18I;5f000o7?o<>1RQw;jaM60@G5,0*3B
\s:66,c:1782377500*43\!AIVDM,1,1,,A,803OLfAKpCjR`603Q0T000ip0000,0*30
\s:66,c:1782377502*41\!AIVDM,1,1,,B,144`Sj00?w1LBrvOiUgf41CB053<,0*42
\s:66,c:1782377501*42\!AIVDM,1,1,,B,160VNQP001SRs5@@@eC8k9cB08Gn,0*71
\s:66,c:1782377503*40\!AIVDM,1,1,,B,15?dfw00258?SVv<bMH2fB?D0@I2,0*25
\s:66,c:1782377500*43\!AIVDM,1,1,,B,ENk`u;dHrh@@@@@@@@@@@@@@@@@=3BVu7uIfH00003vP000,2*70
\s:66,c:1782377499*42\!AIVDM,1,1,,A,13GQl=0OwwwvU4tFTmrv45W80D3Q,0*0B
\s:66,c:1782377452*45\!AIVDM,1,1,,B,340Ut9UP010CSktMdGaGFOwV0Df:,0*79
\s:66,c:1782377501*42\!AIVDM,1,1,,B,13Ik0p3000P`mbPIIR60r@K@0L5A,0*4C
\s:66,c:1782377502*41\!AIVDM,1,1,,B,19NSO8001VWHWap0hbrU:T9@053<,0*79
\s:66,c:1782377499*42\!AIVDM,1,1,,A,17Ok9RPP00:v2UEh444ttww<28Fd,0*49
\s:66,c:1782377500*43\!AIVDM,1,1,,A,3Sku;U5000On6ljK3rOiTAg80000,0*44
\s:66,c:1782377503*40\!AIVDM,1,1,,A,33KUMp01001jDf<RKOiluWWp0000,0*17
\s:66,c:1782377501*42\!AIVDM,1,1,,B,13EgH<W00W04aqrG4jiDhSsB08Gk,0*0D
\s:66,c:1782377502*41\!AIVDM,1,1,,A,13`p7B5P0hPfWP4O7Dc8@?wD2HHq,0*11
\s:66,c:1782377497*4C\!AIVDM,1,1,,A,15O03Jd01FJhCwNGNKr2jR?800SI,0*78
\s:66,c:1782377504*47\!AIVDM,1,1,,A,36:79O50018f`ePARK:TkC3B0DhJ,0*6E
\s:66,c:1782377503*40\!AIVDM,1,1,,A,333iVR50010CJT@MEk>U7o;F0Dwr,0*0D
\s:66,c:1782377502*41\!AIVDM,1,1,,A,B4eHjFh00=k5sw73DP@iHWv00000,0*3E
\s:66,c:1782377498*43\!AIVDM,1,1,,B,13Ef850P10P:0B8GcBTnB?w<00Rl,0*1C
\s:66,c:1782377499*42\!AIVDM,1,1,,B,17One00002bl<CAd`:I5m5k:253<,0*26
\s:66,c:1782377500*43\!AIVDM,1,1,,A,4>jLTs1uJl`kWOVpuTDRkBA020S:,0*7E
\s:66,c:1782377498*43\!AIVDM,1,1,,B,860Rm0QKf<P:?10JGP8Al20>rmPP9uguJ9AD`k@CTiNcpDd0>;p5,0*7B
\s:66,c:1782377496*4D\!AIVDM,1,1,,A,13`fLo001APGvQjNP5bQT1M82000,0*21
\s:66,c:1782377500*43\!AIVDM,1,1,,B,13cW@b0P0:Q1C7LGGN0cegw@053<,0*21
\s:66,c:1782377498*43\!AIVDM,1,1,,A,16:f`UhP1288G4h=03gUiww<00ST,0*36
\s:66,c:1782377499*42\!AIVDM,1,1,,A,1:U7G30=@0M8l`AkksvVO5m>0000,0*04
\s:66,c:1782377493*48\!AIVDM,1,1,,B,B39KwA00681LD15Tr30=kwh7t000,0*3C
\s:66,c:1782377500*43\!AIVDM,1,1,,,B:V3wd@00?40@EwoQ=LOwwjUoP06,0*66
\s:66,c:1782377498*43\!AIVDM,1,1,,B,13b<Er0000PD>E0MdHlWGDM800S7,0*59
\s:66,c:1782377500*43\!AIVDM,1,1,,B,155l3@QP040mmbMuBshPS?w>0d1F,0*6B
\s:66,c:1782377422*42\!AIVDM,1,1,,A,13aDor@01IPDTdrMbC7:gHRf0538,0*36
\s:66,c:1782377499*42\!AIVDM,1,1,,B,13`wSQ8P00PFkMHMucrf4?w:20SN,0*34
\s:66,c:1782377462*46\!AIVDM,1,1,,B,23aPN0hP0WPDg5VMdccRVwv420RN,0*22
\s:66,c:1782377439*48\!AIVDM,1,1,,B,13a9mmPP00PDV@tMieR>4?w>2<5r,0*2F
\s:66,c:1782377501*42\!AIVDM,1,1,,A,33pw;k00001ETv<O8:KdiR;p0000,0*09
\s:66,c:1782377493*48\!AIVDM,1,1,,A,13aO@KPP0jPFiV6NCk2Dhww2253<,0*06
\s:66,c:1782377499*42\!AIVDM,1,1,,A,13`p;dP005P@HG:MV`H<FQ9<00Rn,0*0A
\s:66,c:1782377496*4D\!AIVDM,1,1,,A,B3mP3u0008MfQr:9m`2mkwiUoP06,0*64
\s:66,c:1782377501*42\!AIVDM,1,1,,A,18IgmB8P2E7K@ct0eJBtNgwp053<,0*17
\s:66,c:1782377501*42\!AIVDM,1,1,,A,37One00P@2bl<CAd`:J5QEi@221h,0*51
\s:66,c:1782377501*42\!AIVDM,1,1,,B,19NSaPPvS3DF6vpBRffK6Hs>0@HI,0*6C
\s:66,c:1782377502*41\!AIVDM,1,1,,B,13cw?l4t270CAdnMJ3:u8bI@0HHW,0*52
\s:66,c:1782377500*43\!AIVDM,1,1,,A,B3GOml000801B85euq>Vr5v00000,0*10
\s:66,c:1782377502*41\!AIVDM,1,1,,B,155UEnP000W=rPV7RM3JN8IB20SC,0*2A
\s:66,c:1782377502*41\!AIVDM,1,1,,B,18L?wB001Bvf9JL8K6vFu5M:08Hm,0*59
\s:66,c:1782377502*41\!AIVDM,1,1,,B,13ku:J@01e7K?`L0cAdqToUB0@Ht,0*65
\s:66,c:1782377501*42\!AIVDM,1,1,,A,19NSetP0BH0tou6E41k:jHc>0<8p,0*0A
\s:66,c:1782377497*4C\!AIVDM,1,1,,B,18UGjT3000SW8q8?K<hoJ:I:2pEN,0*73
\s:66,c:1782377503*40\!AIVDM,1,1,,A,16:RB:U0008LOQ8=wLc4q9mB0@I7,0*3E
\s:66,c:1782377501*42\!AIVDM,1,1,,B,13d3ra000011C=dGGeQdc;3@00S2,0*63
\s:66,c:1782377502*41\!AIVDM,1,1,,B,1815O950?w<tSF0l4Q@>40qv0l0m,0*0B
\s:66,c:1782377502*41\!AIVDM,1,1,,A,13HRV?3P100EfQ4Hn1SRggwF08Hg,0*43
\s:66,c:1782377496*4D\!AIVDM,1,1,,A,17lobg@P00WLE9H0aLU7C?w60D7c,0*7B
\s:66,c:1782377498*43\!AIVDM,1,1,,B,18IM6400007Kqwl0ggrKu59<0<=<,0*7D
\s:66,c:1782377487*4D\!AIVDM,1,1,,B,H3GQ`H@P5=@60h61HU=@4000000,2*07
\s:66,c:1782377498*43\!AIVDM,1,1,,B,H3GQ`HDTC=D5UP80000000182220,0*79
\s:66,c:1782377498*43\!AIVDM,1,1,,B,133V4@0000PHjTnNKSce:a>v00RQ,0*3E
\s:66,c:1782377498*43\!AIVDM,1,1,,A,H6:lNL@MDTL4pMPT4pM<QDr3SOP,2*7F
\s:66,c:1782377498*43\!AIVDM,1,1,,A,H6:lNLE66DejjhlpopPPPP0hw6:H,0*68
\s:66,c:1782377498*43\!AIVDM,1,1,,A,18I<rQ0v@91msoWd`;a2?As80@FR,0*6C
\s:66,c:1782377499*42\!AIVDM,1,1,,B,1815cph1B2wM3brM==BS6RQ4053<,0*5C
\s:66,c:1782377497*4C\!AIVDM,1,1,,A,16:<82gP008Q:k0EuDU0O?w8086H,0*4A
\s:66,c:1782377499*42\!AIVDM,1,1,,B,39NSMJP40KPcTp`2=ruqbow:2130,0*64
\s:66,c:1782377492*49\!AIVDM,1,1,,A,171?u03001`aUCt8DaU437Nv0HBh,0*18
\s:66,c:1782377496*4D\!AIVDM,1,1,,B,13V`<F011QO`j;HL13IlL3Q400SJ,0*54
\s:66,c:1782377499*42\!AIVDM,1,1,,B,17lcmbCP008FVUKwC<9Gm?w<053<,0*63
\s:66,c:1782377494*4F\!AIVDM,1,1,,A,35?dhG5000M?ef?pU:UA80q40D`:,0*77
\s:66,c:1782377498*43\!AIVDM,1,1,,B,13FCpJ?0001DE=?dV:Mv44sp00RT,0*13
\s:66,c:1782377499*42\!AIVDM,1,1,,A,17m@9dH001`Fa8IwAdli9Bs:66,0*7E
\s:66,c:1782377499*42\!AIVDM,1,1,,A,13cinj0P?w<tSF0l4Q@>4?wv0hG=,0*30
\s:66,c:1782377500*43\!AIVDM,1,1,,B,B6:IIkP0C2;Dd84BK6JN?wkV3P06,0*2D
\s:66,c:1782377500*43\!AIVDM,1,1,,B,17lioK?P?w<tSF0l4Q@>4?wv0PSc,0*65
\g:1-2-5198872,s:66,c:1782377258*03\!AIVDM,2,1,2,B,53eU1641h9RwTP7C77Dhu8Dh5T00000000000000<iu>:5aADD4Sm51D,0*73
\g:2-2-5198872*65\!AIVDM,2,2,2,B,Q0CH5h@C20EQC`0,2*24
\s:66,c:1782377502*41\!AIVDM,1,1,,A,404k121vad`ka`C1OUd4;b70053<,0*5A
\s:66,c:1782377497*4C\!AIVDM,1,1,,B,13m7Nm00001dD0T`KqtdpD7N08F<,0*5E
\s:66,c:1782377501*42\!AIVDM,1,1,,B,36:5?d001n7qhK:6GSEi9hu>00w@,0*57
\s:66,c:1782377495*4E\!AIVDM,1,1,,A,13Ipci01jI`mtm<CTU0uoc948<8C,0*64
\s:66,c:1782377500*43\!AIVDM,1,1,,A,B39q5C00:p=o2F7lJUD7P5N00000,0*29
\s:66,c:1782377503*40\!AIVDM,1,1,,B,28SJI150007aqnT64C17HbcD0D5P,0*0D
\s:66,c:1782377499*42\!AIVDM,1,1,,A,17liVh00008FcG9w@Ako@VA<08G7,0*19
\s:66,c:1782377503*40\!AIVDM,1,1,,B,14eH4r0000rkhovJOcn7T9QD0<0D,0*1C
\s:66,c:1782377501*42\!AIVDM,1,1,,B,19u:UqP00B2D328Atg4:4pKB00RL,0*14
\s:66,c:1782377501*42\!AIVDM,1,1,,A,1;6ORr0000L@dO`2igkcaHG0053<,0*52
\s:66,c:1782377498*43\!AIVDM,1,1,,A,13:krn000<1neUcdaH5K3b?<08F`,0*26
\s:66,c:1782377499*42\!AIVDM,1,1,,,13eauP002OHBnSmraG620ia:8000,0*39
\s:66,c:1782377502*41\!AIVDM,1,1,,A,38KW660OhI7L3JV0gktRfSKD0130,0*19
\s:66,c:1782377495*4E\!AIVDM,1,1,,A,B7ldhO0009nDM309mf4gWwv6oP06,0*29
\s:66,c:1782377496*4D\!AIVDM,1,1,,B,23`fJa@P00PDB>0MdW?>4?w82000,0*78
\s:66,c:1782377498*43\!AIVDM,1,1,,A,16:>QtP00s8einJA90>4C3M<08FE,0*7B
\s:66,c:1782377500*43\!AIVDM,1,1,,B,E1LVVu0cHKP0000000000000000>h0h8uVLA800000l030,4*23
\s:66,c:1782377500*43\!AIVDM,1,1,,A,19NSTgh0222=1@JBOO:T8SGB0<3I,0*58
\s:66,c:1782377494*4F\!AIVDM,1,1,,A,16:HpcUP00`egBVA<WwP0?vt0U3<,0*59
\s:66,c:1782377501*42\!AIVDM,1,1,,A,37OkVT001h:R88wWD`KK=`sp0000,0*6F
\s:66,c:1782377500*43\!AIVDM,1,1,,A,19WUAj3P00PCje0MEv>f4?w@2<5m,0*04
\s:66,c:1782377500*43\!AIVDM,1,1,,A,13ku;vh02c9k?U@8:KPUITC@0D03,0*23
\s:66,c:1782377494*4F\!AIVDM,1,1,,B,13Ec7v700`04V`bFvJlV34i20<0<,0*5B
\s:66,c:1782377498*43\!AIVDM,1,1,,B,13`j<H001DP@bv@MjwFqkoi8053<,0*50
\s:66,c:1782377502*41\!AIVDM,1,1,,A,177kf?00238jhK2A<=v7e61@0@HR,0*2E
\s:66,c:1782377503*40\!AIVDM,1,1,,A,14WS6J0v0orBO5b5K>Ck92GF0<6o,0*5D
\s:66,c:1782377494*4F\!AIVDM,1,1,,A,33n0>o70000tTtvV>DLpIW3p0000,0*71
\s:66,c:1782377500*43\!AIVDM,1,1,,B,15O55Bd018oRVRjCD2MPnPi>0L3E,0*69
\s:66,c:1782377502*41\!AIVDM,1,1,,B,19TGUgFP00Pr3jTCCwfTSOwD2L38,0*2A
\s:66,c:1782377502*41\!AIVDM,1,1,,A,38SK7Gm000Waou`62eR3:@g:2Dg8,0*5A
\s:66,c:1782377500*43\!AIVDM,1,1,,B,13J=cQ001:P9ceDM;TGUQ4W>253<,0*76
\s:66,c:1782377502*41\!AIVDM,1,1,,A,4030oq1vad`kbrhEM:J4DTG008Hs,0*16
\s:66,c:1782377503*40\!AIVDM,1,1,,B,19NSom001r7W0Mf2VElQg1GB0<0m,0*14
\s:66,c:1782377503*40\!AIVDM,1,1,,A,33aQdgp00u0EqBvNDwudgr;0P000,0*32
\s:66,c:1782377501*42\!AIVDM,1,1,,B,13lB=n000;OFgfbEWuh@hHcB0HH4,0*71
\s:66,c:1782377501*42\!AIVDM,1,1,,B,1774it0Oi?5l2263EidbLpAB00ST,0*5A
\s:66,c:1782377502*41\!AIVDM,1,1,,A,13`jgFhP00PF=r4MwF`v4?wB2D5d,0*29
\s:66,c:1782377495*4E\!AIVDM,1,1,,B,13aIpgPP00PD>24MdQvf4?w42HDF,0*6C
\s:66,c:1782377503*40\!AIVDM,1,1,,,13eauP01BQHBna9raGcQwQaD8000,0*07
\s:66,c:1782377503*40\!AIVDM,1,1,,B,13F9LL0000vqLWP@6K0:raW:00RW,0*58
\s:66,c:1782377501*42\!AIVDM,1,1,,A,33EqpF1000NmWtt@B>N:q@gp0000,0*3F
\s:66,c:1782377448*4E\!AIVDM,1,1,,A,H39Qj=04l4hT400000000000000,2*34
\s:66,c:1782377501*42\!AIVDM,1,1,,B,H39Qj=4TCBD5<;t46nmjq01P121t,0*0F
\s:66,c:1782377498*43\!AIVDM,1,1,,A,19NSJVP02GIF9Id78LblOSO:0<05,0*0C
\s:66,c:1782377500*43\!AIVDM,1,1,,A,16:6NNUP00`KTDh=vdGSwOw>88G<,0*4A
\s:66,c:1782377492*49\!AIVDM,1,1,,B,33m6<GU0001dAhD`JWf<a7Bv0Dp:,0*23
\s:66,c:1782377498*43\!AIVDM,1,1,,B,148Fpm0P00QPi@bOo;W>4?w<2<1:,0*5E
\s:66,c:1782377498*43\!AIVDM,1,1,,B,B3qtNW00H`DWCS66lS2qrAk1h000,0*2E
\s:66,c:1782377496*4D\!AIVDM,1,1,,A,B3o0b;P01hN6=g:;4;lU7wiUkP06,0*3C
\s:66,c:1782377493*48\!AIVDM,1,1,,A,36;Pw@50007IvLP0iW57srg00DUJ,0*5F
\s:66,c:1782377499*42\!AIVDM,1,1,,A,16:;KKP01:`LRC0>2JO7oF?<253<,0*5A
\s:66,c:1782377498*43\!AIVDM,1,1,,B,13aNkn003jPE?brN?T1GA5k40p5p,0*13
\s:66,c:1782377496*4D\!AIVDM,1,1,,A,35PIF4001PG>8dtKg`fer;9p0000,0*34
\s:66,c:1782377500*43\!AIVDM,1,1,,,13Ip`a001RWTAmEwplTn6lm:8000,0*00
\s:66,c:1782377498*43\!AIVDM,1,1,,A,1394J80OkOwUR3<DQ2PW6mW808Ew,0*51
\s:66,c:1782377500*43\!AIVDM,1,1,,B,34aRv:U00012I:pDR5;<nVuB0Dq:,0*2C
\s:66,c:1782377474*41\!AIVDM,1,1,,B,33aDp:UP00PBnJnMf8Sv4?vL2DCb,0*47
\s:66,c:1782377501*42\!AIVDM,1,1,,A,13JhCR001i7V2HN2WNipNFgD0L0j,0*25
\s:66,c:1782377501*42\!AIVDM,1,1,,A,18I076`P?w<tSF0l4Q@>4?wv0hGI,0*69
\s:66,c:1782377502*41\!AIVDM,1,1,,B,13ldtj001@Ps?UdE1gRc1`iB053<,0*3F
\s:66,c:1782377404*46\!AIVDM,1,1,,A,33`fJAh000PBtK@Mfqtf45N623kC,0*06
\s:66,c:1782377501*42\!AIVDM,1,1,,A,16:?MeP01i8S2C@F2@eclIO>0hGd,0*73
\s:66,c:1782377501*42\!AIVDM,1,1,,B,38I`=010007KmKP0gItWl4i>0Dr:,0*0F
\s:66,c:1782377499*42\!AIVDM,1,1,,B,15C?3l001sNdvW<9CKDFs5M>00Rm,0*4E
\s:66,c:1782377501*42\!AIVDM,1,1,,B,16:J>nP01o8k6WrAPv9h10=<0HGd,0*11
\s:66,c:1782377502*41\!AIVDM,1,1,,B,14`Uvs00080LAUFNs5Q8r`U@0D1j,0*7F
\s:66,c:1782377500*43\!AIVDM,1,1,,B,B7lodg000:6;4EOpeBh03wk2THGJ,0*6A
\s:66,c:1782377503*40\!AIVDM,1,1,,B,15C?3l001sNdvW<9CKDFs5M>00Rm,0*4E
\s:66,c:1782377503*40\!AIVDM,1,1,,A,401uEPAvad`kb0CNF0MHfpO02HIS,0*6F
\s:66,c:1782377501*42\!AIVDM,1,1,,A,402=aR1vad`kW00>dFM3eIOP20S:,0*3A
\s:66,c:1782377502*41\!AIVDM,1,1,,A,35PIF402iPG>8dNKgaG=r;?p0000,0*2A
\s:66,c:1782377496*4D\!AIVDM,1,1,,A,1815RMP01vrR8lHF3SIn<E140@E:,0*5D
\s:66,c:1782377498*43\!AIVDM,1,1,,A,3815?SPwAo0n:MLO8cNSajq>07D3,0*14
\s:66,c:1782377497*4C\!AIVDM,1,1,,A,B>l7K?@01iibFoNgp?3QCwk4SP06,0*15
\s:66,c:1782377500*43\!AIVDM,1,1,,A,B3theJP0>@=p;07nP79B7wl5kP06,0*5D
\s:66,c:1782377445*43\!AIVDM,1,1,,B,H3UPW60tpF0HDDhTpL000000000,2*02
\s:66,c:1782377500*43\!AIVDM,1,1,,B,H3UPW64TCBD8vRMCF2mjhq0p844t,0*6B
\s:66,c:1782377500*43\!AIVDM,1,1,,B,13`e?60P01PCredMEF;v4?w>2<3t,0*22
\s:66,c:1782377500*43\!AIVDM,1,1,,A,13I;QJP00000QuLLD:lEFP1@0@G?,0*31
\s:66,c:1782377497*4C\!AIVDM,1,1,,B,13`m:8P21UP4PIlNQh5;Qq=8853<,0*61
\s:66,c:1782377498*43\!AIVDM,1,1,,B,1815ME000025wmHGGiPKsFo:08FU,0*7C
\s:66,c:1782377499*42\!AIVDM,1,1,,B,16:=qG0P078g=<hACPS2=Ow<0H7i,0*6E
\s:66,c:1782377499*42\!AIVDM,1,1,,B,2815W0m0007arkv642V1VJO<053<,0*1A
\s:66,c:1782377500*43\!AIVDM,1,1,,A,B3UQkb0000K6r<UKC6iAq1v00000,0*2C
\s:66,c:1782377498*43\!AIVDM,1,1,,A,C6:WhFP00:9gUA4TV99OI<N0f2LHBb2L@bOSSih00000S0`AR2RP,0*30
\s:66,c:1782377497*4C\!AIVDM,1,1,,B,19NSU1@wAw0sIU<OHIc9WWa80PT>,0*71
\s:66,c:1782377498*43\!AIVDM,1,1,,B,39=Gh>A001Wb8885oLhP3q9220pQ,0*3A
\s:66,c:1782377498*43\!AIVDM,1,1,,B,16:`0;001G88?w0=0uLEclP01P06,0*04
\s:66,c:1782377500*43\!AIVDM,1,1,,A,19NSN40vBPOCbmpBavn8V6s>08GR,0*5D
\s:66,c:1782377497*4C\!AIVDM,1,1,,A,15?dgw@0217U6fV07MstK9w80L07,0*75
\s:66,c:1782377501*42\!AIVDM,1,1,,A,16::Cm0P03`hf1PAJ0tf4?w@20SQ,0*76
\g:1-2-5198873,s:66,c:1782377502*0A\!AIVDM,2,1,3,B,53odFj42:qiPh5Q3B21=@5:0P4q<622222222216F8FA>5e20MjE32E`,0*05
\g:2-2-5198873*64\!AIVDM,2,2,3,B,888888888888880,2*24
\g:1-2-5198874,s:66,c:1782377500*0F\!AIVDM,2,1,4,A,53ckHm42A6NpTeHO:20<u8tp608u8D4hF2222216@`Q=;5E50AjE50D`,0*5B
\g:2-2-5198874*63\!AIVDM,2,2,4,A,888888888888880,2*20
\s:66,c:1782377502*41\!AIVDM,1,1,,B,E>mWTI71Q2Hh@@@@@@@@@@@@@@@ClGfL5uhK000@0;v0000,2*52
\s:66,c:1782377502*41\!AIVDM,1,1,,A,19NSIWh01l3ms4uo9;QErlW>0<00,0*46
\s:66,c:1782377503*40\!AIVDM,1,1,,A,39=Gh>A001Wb88P5oLiQ=I9D20pA,0*01
\s:66,c:1782377495*4E\!AIVDM,1,1,,A,1915I:w0010>1SnE2C@008u4253<,0*18
\s:66,c:1782377501*42\!AIVDM,1,1,,B,1712>65P?w<tSF0l4Q@>4?wv0tI0,0*28
\s:66,c:1782377495*4E\!AIVDM,1,1,,A,18;3a10P0q8abOP8E8pk@gw408D?,0*3B
\s:66,c:1782377498*43\!AIVDM,1,1,,A,337ufd0Oh=OVfW<DQsu::8M<00w@,0*35
\s:66,c:1782377500*43\!AIVDM,1,1,,A,333u8l0P@WPCaoPMEK0s;`qB01d0,0*33
\s:66,c:1782377500*43\!AIVDM,1,1,,B,13ku;oP02sOALBNH17aVo5SB0@Gr,0*75
\s:66,c:1782377500*43\!AIVDM,1,1,,A,19NSa@002VOJbfv2MG1s18kB00RW,0*5E
\s:66,c:1782377501*42\!AIVDM,1,1,,A,18LGs68P0vWJQ=v0dtvDG?wD0D?w,0*2D
\s:66,c:1782377502*41\!AIVDM,1,1,,B,13MCBhU01AP2ag:MN2IkVjW@08I:,0*0B
\s:66,c:1782377503*40\!AIVDM,1,1,,A,2815W0m0007arkv642V1VJOD00S9,0*01
\s:66,c:1782377503*40\!AIVDM,1,1,,A,ENk`t6<rt@@@@@@@@@@@@@@@@@@=3?FP<ADIP00003vP000,2*7E
\s:66,c:1782377498*43\!AIVDM,1,1,,B,B3`snoh0;@66?27SQ35lgwjUh000,0*40
\s:66,c:1782377502*41\!AIVDM,1,1,,A,14eJOUPv2LsM5p4IQwgmuTi>0<0e,0*4B
\s:66,c:1782377498*43\!AIVDM,1,1,,A,13`e=BoP0r0G1d<NBwTTagv@1PSn,0*2A
\s:66,c:1782377499*42\!AIVDM,1,1,,A,15N8JePP01JQNobFMii;4?w@2L1l,0*0D
\s:66,c:1782377495*4E\!AIVDM,1,1,,A,13F5mv001906UiRF@wWSd2c20@D2,0*58
\s:66,c:1782377500*43\!AIVDM,1,1,,B,18R;AU3000O0oS45A7BH9kU<08GP,0*48
\s:66,c:1782377496*4D\!AIVDM,1,1,,A,35O95nP000FBJnhPk;e3SUup0000,0*70
\s:66,c:1782377498*43\!AIVDM,1,1,,B,13M@It@00?050f8NDWw;;5K80PSb,0*3E
\s:66,c:1782377498*43\!AIVDM,1,1,,A,3815`jQ001G@5f`ETWejhEc:0000,0*4A
\s:66,c:1782377500*43\!AIVDM,1,1,,B,369a2uQ0018fcMhARWHVHmE:0Dqb,0*20
\s:66,c:1782377496*4D\!AIVDM,1,1,,B,13go`Eg000vc;qjUgvu2GjS000Rp,0*07
\s:66,c:1782377498*43\!AIVDM,1,1,,A,13JaQt001MOwjglLbeEPV0c<8@Fa,0*37
\s:66,c:1782377492*49\!AIVDM,1,1,,A,33l<7>000012TQnDO`m:g`Wp0000,0*0B
\g:1-2-5198875,s:66,c:1782377494*02\!AIVDM,2,1,5,B,544W;K82?<0qD44K>21<4iEB222222222222221@IhVJ@9`U0DQAlmF`,0*5E
\g:2-2-5198875*62\!AIVDM,2,2,5,B,888888888888880,2*22
\s:66,c:1782377499*42\!AIVDM,1,1,,A,1815dC@02>71rpv34aHLHas@0D0n,0*50
\s:66,c:1782377498*43\!AIVDM,1,1,,B,169D8O0P028gKJ0AnD=E:?w0053<,0*7F
\s:66,c:1782377495*4E\!AIVDM,1,1,,B,16::mRP014`hp20AqiSW3EO420SP,0*53
\s:66,c:1782377491*4A\!AIVDM,1,1,,B,36:dDvmP00`d<RBAtCbErOwp0000,0*32
\s:66,c:1782377501*42\!AIVDM,1,1,,B,18JPj600087Kw080fc7262O<2@F4,0*26
\s:66,c:1782377501*42\!AIVDM,1,1,,A,36::hHP01T8k5:hAIOwh50=<02ri,0*77
\s:66,c:1782377496*4D\!AIVDM,1,1,,A,13JbTF001h8`6`j74Vk=G:k80<0R,0*60
\s:66,c:1782377501*42\!AIVDM,1,1,,,14`V0PP02k2`FRck4qOGuVM6053<,0*5C
\s:66,c:1782377500*43\!AIVDM,1,1,,B,13EdPVSP00P7soRGUCm>4?w>20RV,0*6C
\s:66,c:1782377498*43\!AIVDM,1,1,,B,36:7UkPPB88hb94AUKG:C`i800Q0,0*67
\s:66,c:1782377497*4C\!AIVDM,1,1,,A,17fu;n@01m0;F1>FTiflFCO:0@Ej,0*56
\s:66,c:1782377500*43\!AIVDM,1,1,,B,16:HifP01E8guFPAk0::`Hu>00Sd,0*39
\s:66,c:1782377501*42\!AIVDM,1,1,,B,19NSpo@vk?2A5kcenpjaV7c>00SM,0*51
\s:66,c:1782377499*42\!AIVDM,1,1,,B,B6:cnV@0;j;4l`TOWMc@l0D40000,0*1C
\s:66,c:1782377498*43\!AIVDM,1,1,,A,D02IP@B<Tffp,0*63
\s:66,c:1782377493*48\!AIVDM,1,1,,B,16:80O0P1:`PjUhFKTmL2gvv2DnS,0*35
\s:66,c:1782377500*43\!AIVDM,1,1,,B,13aB9c@P@Q0BprLMLvcWKTcB0<:k,0*43
\s:66,c:1782377498*43\!AIVDM,1,1,,A,39NSgP0sRs0fUcGkjb7Sc2m:00W@,0*55
\g:1-2-5198876,s:66,c:1782377498*0D\!AIVDM,2,1,6,A,55MqFM8294RAL@;?W70@4pF0J0lu8L4r2222220q<p<AAtL607D=ec83,0*07
\g:2-2-5198876*61\!AIVDM,2,2,6,A,QA1DS0CQ8888888,2*3E
\s:66,c:1782377499*42\!AIVDM,1,1,,B,15MqFM0P00I<i2RA2p=pg?w<28G0,0*2A
\s:66,c:1782377500*43\!AIVDM,1,1,,A,1815BOh0227jT>t9;WttJau<0D4s,0*39
\s:66,c:1782377499*42\!AIVDM,1,1,,B,13ku;>0wAf0>oN:N=jrA50s6053<,0*29
\s:66,c:1782377497*4C\!AIVDM,1,1,,A,13a:?L0P@50A`1DMSBPHFoA:0@EC,0*1D
\s:66,c:1782377499*42\!AIVDM,1,1,,B,369L6mP01A8iEf@A3gBVbm;p0Roi,0*0D
\s:66,c:1782377499*42\!AIVDM,1,1,,B,13:ar>002aQODpTOqO:3bRw<8`El,0*6F
\s:66,c:1782377499*42\!AIVDM,1,1,,B,15`6=200003OTrV@@PJ2>JOj0D8q,0*30
\s:66,c:1782377500*43\!AIVDM,1,1,,A,E>l5nl0:2ab00000000000000004FdLl;;REP00000NP10,4*67
\s:66,c:1782377500*43\!AIVDM,1,1,,A,35TMBj0Oh;L1>5acqg>c7qm>03;A,0*6E
\s:66,c:1782377491*4A\!AIVDM,1,1,,A,16:>awP01I`clv@B1WDci9M02@BI,0*25
\s:66,c:1782377499*42\!AIVDM,1,1,,B,13cVT80P2=11FMlGDlgP??vt0U3<,0*46
\s:66,c:1782377497*4C\!AIVDM,1,1,,B,B3dPhOh00P@VfeU8cK5`Swj5@000,0*71
\s:66,c:1782377496*4D\!AIVDM,1,1,,A,199I=L0P1E8ljoBAJmjASOw8053<,0*3C
\s:66,c:1782377493*48\!AIVDM,1,1,,A,B8Hw0jP029neQR0;qF4cGwh4kP06,0*60
\s:66,c:1782377498*43\!AIVDM,1,1,,A,14`UtG@01L7EJ741280KQ9C<053<,0*4E
\s:66,c:1782377487*4D\!AIVDM,1,1,,B,13`mtj@000PBqs<Mav6v45tn2@?m,0*49
\s:66,c:1782377501*42\!AIVDM,1,1,,B,B8SK71P0?1rEqKRvQVS8JPD4SP06,0*05
\s:66,c:1782377502*41\!AIVDM,1,1,,A,402PeFQuJl`kaOH`:<EFK>1008Hi,0*34
\s:66,c:1782377502*41\!AIVDM,1,1,,A,D02PeFPflffpd`v9H0,4*0E
\s:66,c:1782377502*41\!AIVDM,1,1,,A,140UtI0P1GPA6@tMJQQlqgwB2@HN,0*42
\g:1-2-5198877,s:66,c:1782377500*0C\!AIVDM,2,1,7,B,53`lQ4H2E7Rm0@HP00058dhuN1HDqAE8D00000169H<785d>0:0QAkQ@,0*55
\g:2-2-5198877*60\!AIVDM,2,2,7,B,000000000000000,2*20
\s:66,c:1782377502*41\!AIVDM,1,1,,A,33aB9c@P@Q0BprHMLvVoDTOF00rP,0*13
\s:66,c:1782377502*41\!AIVDM,1,1,,B,13FJq`9000vqH;>@6dcuBK?@0<2<,0*09
\s:66,c:1782377502*41\!AIVDM,1,1,,A,15?dQ5P01WNf>gV8:NW74UUB00R<,0*08
\s:66,c:1782377502*41\!AIVDM,1,1,,B,36:ENeP000`9L8v<nq224q;>02mA,0*02
\s:66,c:1782377502*41\!AIVDM,1,1,,B,16TT@`002C7E0:D11AilPkWD00SC,0*33
\s:66,c:1782377501*42\!AIVDM,1,1,,A,403sl41vad`ka`86@j=1J1G008HH,0*5E
\s:66,c:1782377500*43\!AIVDM,1,1,,A,4h50Ko1vad`k`WL8wp0c@G700HGm,0*57
\s:66,c:1782377500*43\!AIVDM,1,1,,A,Dh50Ko0?TN?`fpNfp0,4*1B
\s:66,c:1782377500*43\!AIVDM,1,1,,B,18;P9?1P0d`aTLP8Dv>hdOw>28GT,0*1A
\s:66,c:1782377503*40\!AIVDM,1,1,,A,39NSgP0ujq0fUkgkjbE3bBmB0000,0*4D
\s:66,c:1782377501*42\!AIVDM,1,1,,B,13LBh`301@1Ru06RA?OrD`400000,0*72
\s:66,c:1782377501*42\!AIVDM,1,1,,A,13aQd5lP01PDQrHMdia6f?wB2D7P,0*6D
\s:66,c:1782377504*47\!AIVDM,1,1,,A,14SaeN0001P?=cVMWw<hP;5F00Rt,0*5B
\s:66,c:1782377502*41\!AIVDM,1,1,,B,138GO800000nI5hON74cQ3mD0pHc,0*24
\s:66,c:1782377502*41\!AIVDM,1,1,,B,76:?wU=RMpD`,0*75
\s:66,c:1782377502*41\!AIVDM,1,1,,B,HCgn`j0eHU=AE80000000000000,2*56
\s:66,c:1782377502*41\!AIVDM,1,1,,A,HCgn`j4NC=Dw;Ujokqm0000H521t,0*0F
\s:66,c:1782377502*41\!AIVDM,1,1,,A,BCgn`j001OTQskaNGOHswwtPs000,0*3C
\s:66,c:1782377502*41\!AIVDM,1,1,,A,16:;m3P01E8f8DdAl93cqaQ@0<5w,0*27
\s:66,c:1782377494*4F\!AIVDM,1,1,,A,14eJ6WhPA@o<lP:L=BUC:1g00L58,0*09
\g:1-2-5198878,s:66,c:1782377502*01\!AIVDM,2,1,8,B,55MwpG`000000000001E<<L>1<hD@LD00000000o0PB3340003P00000,0*36
\g:2-2-5198878*6F\!AIVDM,2,2,8,B,000000000000000,2*2F
\s:66,c:1782377501*42\!AIVDM,1,1,,A,E>l4bAv9U;R4hHhHca2QUP00000DGSQS8hEv`00003v010,4*14
\s:66,c:1782377501*42\!AIVDM,1,1,,A,E>k`tNnach@@@@@@@@@@@@@@@@@=A:mA;9wr`00003vP100,2*03
\s:66,c:1782377499*42\!AIVDM,1,1,,A,13IFe::P0c0BHljHbrSu`?w>08FP,0*07
\s:66,c:1782376991*46\!AIVDM,1,1,,A,605GdVN3b?Pp00000@OP0R00Qswwe5`P1U0,2*79
\s:66,c:1782377499*42\!AIVDM,1,1,,A,H52ib9A0Dp4iAV08uR000000000,2*49
\s:66,c:1782377499*42\!AIVDM,1,1,,A,H52ib9DUFC@D2sr00000000h932<,0*14
\s:66,c:1782377503*40\!AIVDM,1,1,,B,3:kJeK50P0Ji>H9bvfR6q`Ap0Ev:,0*25
\s:66,c:1782377498*43\!AIVDM,1,1,,A,18Vvt80P@L`VBOPDVhwVNDC8053<,0*64
\s:66,c:1782377494*4F\!AIVDM,1,1,,A,339ED<P0010e9d0N`rflR8up0000,0*42
\s:66,c:1782377497*4C\!AIVDM,1,1,,A,15CAkV0P@grB;=h5G@V42k7<2<57,0*0A
\s:66,c:1782377499*42\!AIVDM,1,1,,A,15?dj:PwB=PDtWdNLCdQ1@o60<61,0*75
\s:66,c:1782377498*43\!AIVDM,1,1,,B,19NSoDP1RK`lSsPAHSkI3G=40<3Q,0*74
\s:66,c:1782377498*43\!AIVDM,1,1,,A,33Im9w5000K4L;H6seMGfaI:0V2k,0*68
\s:66,c:1782377499*42\!AIVDM,1,1,,B,B7likeP0Fr5arDOlUSM8OwhWkP06,0*07
\s:66,c:1782377500*43\!AIVDM,1,1,,B,16SvRT002;`hT70A0eJ:8p980D<R,0*64
\s:66,c:1782377497*4C\!AIVDM,1,1,,B,16:57f0P00`9ES0<n`qf4?w:253<,0*08
\s:66,c:1782377499*42\!AIVDM,1,1,,B,13SFeN0P4UQ;984HljjhEgwF0pFe,0*7B
\s:66,c:1782377499*42\!AIVDM,1,1,,B,16:>D<P01c8O2u>F<lHCnS;<00S>,0*28
\s:66,c:1782377499*42\!AIVDM,1,1,,A,33RUq6?P001d5p6Ef48ac?w>0@Nk,0*21
\s:66,c:1782377499*42\!AIVDM,1,1,,B,17m5m:?P1>7aBkCtP`vo9gw@2<3:,0*43
\s:66,c:1782377496*4D\!AIVDM,1,1,,A,14QIjR0000Je?kpGAD@h019:0D31,0*16
\s:66,c:1782377493*48\!AIVDM,1,1,,B,33MCiKh4R?P:0pJN3u3S9RPd00NP,0*71
\s:66,c:1782377499*42\!AIVDM,1,1,,B,34n55t50001ugn2GIm5cKhi<0d0b,0*07
\s:66,c:1782377498*43\!AIVDM,1,1,,A,13m:fJ700m0POqvSq<wd79c808Df,0*5F
\s:66,c:1782377500*43\!AIVDM,1,1,,A,16=q?<0P005ePjf3vfUJuww>0<16,0*7E
\s:66,c:1782377497*4C\!AIVDM,1,1,,B,33MCiKh52cP:16pN3u@C?BTr01=0,0*44
\s:66,c:1782377498*43\!AIVDM,1,1,,B,16:BGd0P?w<tSF0l4Q@>4?v0`hET,0*1F
\s:66,c:1782377498*43\!AIVDM,1,1,,B,36:88TS3PC8fM2>ApBwK0`u:04lC,0*59
\s:66,c:1782377498*43\!AIVDM,1,1,,A,16Sg<JPP00a=:IhCuFTFUl;:2D8F,0*76
\s:66,c:1782377499*42\!AIVDM,1,1,,A,18157QP00nJChq@57fde4bPl20SJ,0*37
\s:66,c:1782377500*43\!AIVDM,1,1,,B,13aLkR@P00PDFDbMcwQN4?w>20S=,0*3F
\s:66,c:1782377494*4F\!AIVDM,1,1,,B,16:4Qw001C8k7ALAUw=02@;008Cl,0*21
\s:66,c:1782377200*44\!AIVDM,1,1,,B,B3a3TMh0084r6q7JlmP9kwl5oP06,0*27
\s:66,c:1782377502*41\!AIVDM,1,1,,A,13Im9w5000K4L;F6seMofaID0d0d,0*0D
\s:66,c:1782377503*40\!AIVDM,1,1,,B,19NSlkP02EQjnDTCa=0EKlCD00Rv,0*0B
\s:66,c:1782377502*41\!AIVDM,1,1,,B,38Vvt80P@L`VBOhDVhoVI4A@020@,0*30
\s:66,c:1782377500*43\!AIVDM,1,1,,B,13Tgek0P001`i8PG?h538ww>0@Gh,0*65
\s:66,c:1782377282*4E\!AIVDM,1,1,,B,33`gbthP00PDSrhMd`jf4?v42?gi,0*5E
\s:66,c:1782377500*43\!AIVDM,1,1,,B,13`gbthP00PDSrbMd`kN4?w@28Gh,0*2C
\s:66,c:1782377502*41\!AIVDM,1,1,,B,19Hl>KP01r1pNCHFt8t8s75B0d10,0*7B
\s:66,c:1782377502*41\!AIVDM,1,1,,A,33P:lWm2@0<Ou<ubrq1Qk3KB0000,0*47
\s:66,c:1782377502*41\!AIVDM,1,1,,B,B33diKP0:82fF>7CRKlrCwlQl<3c,0*15
\s:66,c:1782377502*41\!AIVDM,1,1,,B,18HvmA0P007K4t`0dKSv4?wD0D80,0*7C
\s:66,c:1782377502*41\!AIVDM,1,1,,B,18HvV702P;8kbo:AAn1BV2Ld053<,0*25
\s:66,c:1782377500*43\!AIVDM,1,1,,B,13AHE6002kP6k6JNrf6IW7W@053<,0*2D
\s:66,c:1782377503*40\!AIVDM,1,1,,A,16:BGd0P?w<tSF0l4Q@>4?v0`T00,0*31
\s:66,c:1782377503*40\!AIVDM,1,1,,B,139ED<P003Pe9dDN`rgjU8uF00S?,0*0F
\s:66,c:1782377501*42\!AIVDM,1,1,,B,13MCiKh6BHP:1=8N3uEC72W00HH:,0*67
\s:66,c:1782377502*41\!AIVDM,1,1,,B,13I2<b7P0FwI88FK`dTQW?wD2<1c,0*26
\s:66,c:1782377499*42\!AIVDM,1,1,,A,1815Qq001E7DBaH14>0lUSc>00S6,0*3E
\s:66,c:1782377499*42\!AIVDM,1,1,,A,18wrph001w5OMir4WQp4pl1>053<,0*37
\s:66,c:1782377499*42\!AIVDM,1,1,,B,18Lg3E0P01W=jd@7NQsv4?w>253<,0*53
\s:66,c:1782377495*4E\!AIVDM,1,1,,B,19NSSN001`wq;lpLa7@2nBG40PST,0*0D
\s:66,c:1782377498*43\!AIVDM,1,1,,A,1815a>002c8?;ul<aLR3P2q80D2Q,0*4C
\s:66,c:1782377500*43\!AIVDM,1,1,,B,38I:T8902C7Krjr0gilSiBw:00UQ,0*3C
\s:66,c:1782377500*43\!AIVDM,1,1,,A,36:9P9PPA`8k1KNAds<7>US8020P,0*30
\s:66,c:1782377498*43\!AIVDM,1,1,,A,1:5b<e0P01RmEI5ucKvf4?w<28FQ,0*54
\s:66,c:1782377500*43\!AIVDM,1,1,,A,1815:ehvQF8VeM0BBT1IE7EB053<,0*58
\s:66,c:1782377479*4C\!AIVDM,1,1,,B,13b4e`0P00PC9P8Mf5qLFOvT2L8;,0*23
\s:66,c:1782377497*4C\!AIVDM,1,1,,B,13m6vk0P000j5@<Qp<0cW?w:20SH,0*60
\s:66,c:1782377500*43\!AIVDM,1,1,,B,13E`K:?P00vh=dd8IfQ>4?w>2<1d,0*5E
\s:66,c:1782377495*4E\!AIVDM,1,1,,B,18HvvcPP007L<W`0kQVv4?w6053<,0*1D
\s:66,c:1782377500*43\!AIVDM,1,1,,A,37lci<mP00`FdFIwBo8aH?w>2DfH,0*6D
\s:66,c:1782377502*41\!AIVDM,1,1,,A,3815MG5000PtH;FBm3WUF9g>0Dg:,0*26
\s:66,c:1782377499*42\!AIVDM,1,1,,B,13l3pAh01W09qbVEArEqponf0H=H,0*63
\s:66,c:1782377499*42\!AIVDM,1,1,,B,18SPv1hP147b:vT5tcEcB?w608F@,0*2E
\s:66,c:1782377499*42\!AIVDM,1,1,,A,36T00N81Bc9=QgPD3=6Mnro801:@,0*72
\s:66,c:1782377500*43\!AIVDM,1,1,,A,15@`TEHP?w<tSF0l4Q@>4?v00`GR,0*51
\s:66,c:1782377500*43\!AIVDM,1,1,,A,16:7?nP0128iCvh@tP6CQjU:08GR,0*4A
\s:66,c:1782377479*4C\!AIVDM,1,1,,A,13aBN`P01?PDW5JMb?Sl6CHVR@;V,0*40
\s:66,c:1782377499*42\!AIVDM,1,1,,A,346ha`001tOk8A0Dl;CJF`Cp0000,0*59
\s:66,c:1782377497*4C\!AIVDM,1,1,,A,E>j9eJ1VWhJI@;TW230a6P000000?1vl?MI1P40PPSkP10,4*13
\s:66,c:1782377502*41\!AIVDM,1,1,,A,19TJaAFP000r2q:CJA4P0?w>053<,0*5D
\s:66,c:1782377499*42\!AIVDM,1,1,,B,14`V3A001lPi>4bEKITT2C?@28G9,0*55
\g:1-2-5198879,s:66,c:1782377446*01\!AIVDM,2,1,9,A,53aL?Rl000010;;;7D0e9HG7200000000000001S0`722t0Ht021BBT3,0*00
\g:2-2-5198879*6E\!AIVDM,2,2,9,A,0@E000000000000,2*28
\s:66,c:1782377459*4E\!AIVDM,1,1,,A,3815RM001h`DqQL:7rdAChun05uk,0*56
\s:66,c:1782377501*42\!AIVDM,1,1,,B,14SSCD001bOP9qTJpa@@r0i<0PRs,0*7A
\s:66,c:1782377502*41\!AIVDM,1,1,,B,16?Uh0@1h04wMq<<vQmGwIaD0@HE,0*2D
\s:66,c:1782377495*4E\!AIVDM,1,1,,A,13:QGF003Awk;2HLQoKRsBG628Dw,0*73
\s:66,c:1782377500*43\!AIVDM,1,1,,A,B52LNR@00>faUJ63kqeEa4v00000,0*79
\s:66,c:1782377497*4C\!AIVDM,1,1,,A,34eI;5P02:G;Bh<KoM;Wv6Kp0000,0*7F
\s:66,c:1782377502*41\!AIVDM,1,1,,A,398Vc9E0000dEVP2D?<o<Q?@0000,0*72
\s:66,c:1782377501*42\!AIVDM,1,1,,A,18I98E1wOwVSq<H<hJKaJJm>2U3<,0*53
\s:66,c:1782377502*41\!AIVDM,1,1,,A,1E?dPk@P01rCtOf56QMkMwvl2000,0*19
\s:66,c:1782377500*43\!AIVDM,1,1,,B,13cs890000wvVS>FTM:h`Ea<053<,0*73
\s:66,c:1782377496*4D\!AIVDM,1,1,,B,16:d;<@P0O8d<b0ApLG`mww:0<2c,0*76
\s:66,c:1782377504*47\!AIVDM,1,1,,A,3819>W@000JA0i8>sW7q1VUp0000,0*48
\s:66,c:1782377503*40\!AIVDM,1,1,,A,17ldWmp01NWCwV010RT;V61D08IU,0*15
\s:66,c:1782377503*40\!AIVDM,1,1,,A,16T00N82Bc9=QffD3=nuks9@0<3K,0*01
\s:66,c:1782377498*43\!AIVDM,1,1,,A,ENl5qrw8e9h1PQ62h;I@@@@@@@@3wVUK60nO@00000N010,4*02
\s:66,c:1782377498*43\!AIVDM,1,1,,A,33`e=F00000JceJNHbdP001p0000,0*7F
\s:66,c:1782377495*4E\!AIVDM,1,1,,B,13aFev@0000Er08NBwUbQji80@Do,0*11
\g:1-2-5198880,s:66,c:1782377478*0A\!AIVDM,2,1,0,A,53aD@J`000010SKWO00H4h<tp00000000000001?28416t0Ht3k@DQlR,0*3D
\g:2-2-5198880*68\!AIVDM,2,2,0,A,AE20EQCP0000000,2*25
\s:66,c:1782377493*48\!AIVDM,1,1,,A,1815NA@01rwMJ6PJf4GH;6U02d0I,0*51
\s:66,c:1782377494*4F\!AIVDM,1,1,,B,H40a5ATTCBD7:Hb82Ilqkl1@1060,0*31
\s:66,c:1782377498*43\!AIVDM,1,1,,B,19N`3S@02870R;v2w1@E2l8v0@Bp,0*22
\s:66,c:1782377499*42\!AIVDM,1,1,,B,405GdPP000Htt7KHkP0fHh700t;j,0*24
\s:66,c:1782377498*43\!AIVDM,1,1,,B,13KI8l001jPCcP4NH`98n77<053<,0*01
\s:66,c:1782377498*43\!AIVDM,1,1,,B,169;``?000vpbQ:6idB9dh=>253<,0*67
\s:66,c:1782377499*42\!AIVDM,1,1,,B,15O=Jkd01=q<lrPA1Qie8bI600RK,0*38
\s:66,c:1782377499*42\!AIVDM,1,1,,B,13ccd@0P000g:D<Hs@u6k?w:0@GC,0*23
\s:66,c:1782377497*4C\!AIVDM,1,1,,A,E>jHC`2W0Q@:7cRa@6400000000OulMR>OhMh:1AACjfT0,4*56
\s:66,c:1782377499*42\!AIVDM,1,1,,B,B6:cDCh0=R24q@3@<CW7nOjSQP06,0*7C
\s:66,c:1782377500*43\!AIVDM,1,1,,B,168tdp00008fD;0A6VLaaIC<00Ru,0*17
\s:66,c:1782377501*42\!AIVDM,1,1,,A,16:8AegP008Un>PEu7VSl?w@0=8n,0*60
\s:66,c:1782377495*4E\!AIVDM,1,1,,B,19NSSG0007:lL@cdJUirsna2053<,0*3E
\s:66,c:1782377501*42\!AIVDM,1,1,,A,B3MCnH@0Gp2FUBUVrbhMcwl1l@Gt,0*3B
\s:66,c:1782377498*43\!AIVDM,1,1,,A,B3EuIb00@WfF7o41brw@7wiUoP06,0*44
\s:66,c:1782377498*43\!AIVDM,1,1,,,18I6Um5000vqLNb@6paDvns<0000,0*3F
\g:1-2-5198881,s:66,c:1782377501*04\!AIVDM,2,1,1,A,569;``4000000000001UD4qUG;6222222222220N4@B26t0Ht0000000,0*5D
\g:2-2-5198881*69\!AIVDM,2,2,1,A,000000000000000,2*25
\s:66,c:1782377501*42\!AIVDM,1,1,,B,86lNst00G@:?>G1?6600,0*7B
\s:66,c:1782377496*4D\!AIVDM,1,1,,B,13l9@Eh7SBOi6C`DuDcC;Ow600S;,0*02
\s:66,c:1782377497*4C\!AIVDM,1,1,,B,13aDq?P01>PBqMLMfuads:66,0*75
\s:66,c:1782377494*4F\!AIVDM,1,1,,A,33JuS<001NFcBrtO1:kFrUQp0000,0*07
\s:66,c:1782377500*43\!AIVDM,1,1,,A,16:IWtP0008dch@A7;8ad9960U3<,0*2A
\s:66,c:1782377496*4D\!AIVDM,1,1,,B,133Vo28000P>`gbMGg2UdRa600RN,0*6B
\g:1-2-5198882,s:66,c:1782377498*06\!AIVDM,2,1,2,A,555EN>T2<sP5KA@7H0118tHE=<u:1LDpLE800016B8H=?5CVI>TlRDP@,0*47
\g:2-2-5198882*6A\!AIVDM,2,2,2,A,j0@000000000000,2*0C
\s:66,c:1782377495*4E\!AIVDM,1,1,,B,13ku9Th22EOLB3RJQdAH:FQ6053<,0*3E
\s:66,c:1782377497*4C\!AIVDM,1,1,,B,13aGFK8P0c0HOK6NElKW@gvn0D5:,0*42
\s:66,c:1782377498*43\!AIVDM,1,1,,B,15E0El001w7V8oB2WkRp`o2`053<,0*34
\s:66,c:1782377500*43\!AIVDM,1,1,,A,B3mdSLP000DVoH9qm1l000N00000,0*22
\s:66,c:1782377498*43\!AIVDM,1,1,,B,18R<vu0P@03PQM>?nd5=80C20hDj,0*22
\s:66,c:1782377501*42\!AIVDM,1,1,,A,19NSbB@02G7qg8l6IH@i<@sB0L0b,0*1E
\s:66,c:1782377496*4D\!AIVDM,1,1,,B,147vmR3000PM=nPO=7@7d6U<08Fo,0*6B
\s:66,c:1782377499*42\!AIVDM,1,1,,A,13`onU@P00PEtvBMwDIv4?w>2D:r,0*68
\g:1-2-5198883,s:66,c:1782377501*06\!AIVDM,2,1,3,B,5815IAD2D;F5KMLO>21<D4<u:0pThF222222221S38t3?5;40<4hCU3l,0*61
\g:2-2-5198883*6B\!AIVDM,2,2,3,B,p0PDjC`88888880,2*01
\g:1-2-5198884,s:66,c:1782377502*02\!AIVDM,2,1,4,A,54`V2HP2=5rT?HTkB21<60t<D4pT62222222221I`@r@l<tg0bRmBmD;,0*2F
\g:2-2-5198884*6C\!AIVDM,2,2,4,A,3@C0FDj@H888880,2*78
\s:66,c:1782377501*42\!AIVDM,1,1,,A,15O=dU0PASq=6JN@wb>l:3IB00SL,0*77
\s:66,c:1782377502*41\!AIVDM,1,1,,A,13ku;IP01RPE`>`GC>c7CUk<2D2d,0*6F
\s:66,c:1782377502*41\!AIVDM,1,1,,A,18HsFi0P1H7JtAN0eIG8;?wD053<,0*7A
\s:66,c:1782377502*41\!AIVDM,1,1,,B,139g?40P00PeWWpN`qADR?wL0`Hw,0*34
\s:66,c:1782377496*4D\!AIVDM,1,1,,B,13Ec6O0P0aOGew`HH6U9Qgw8253<,0*18
\s:66,c:1782377493*48\!AIVDM,1,1,,B,16:CJQP000`dK6@AsIL:WT740<bG,0*3D
\s:66,c:1782377503*40\!AIVDM,1,1,,B,19t6VU001M8l1thAUgCWK5kB053<,0*53
\s:66,c:1782377494*4F\!AIVDM,1,1,,B,13aGG6PP0aPH9jvNM6Ilb?w42<1U,0*78
\s:66,c:1782377502*41\!AIVDM,1,1,,A,19gk2>?P03vn`T<:Bbh@Pgvt0`Hm,0*20
\s:66,c:1782377501*42\!AIVDM,1,1,,B,B6:jns@3wk?8mP=18D3Q27cSQP06,0*69
\s:66,c:1782377502*41\!AIVDM,1,1,,A,403t:civad`k```O:DEgA4o00@HI,0*05
\s:66,c:1782377502*41\!AIVDM,1,1,,B,13aIh50P00PFHjpMvJf>4?wD2HHh,0*3D
\s:66,c:1782376994*43\!AIVDM,1,1,,B,39NSs=5000WKAQN0m`V@00tJ2000,0*2C
\s:66,c:1782377503*40\!AIVDM,1,1,,A,16TUfH001f`ip3j@vCh3JRU:00S@,0*33
\s:66,c:1782377501*42\!AIVDM,1,1,,A,142Nw8h00024LvHGLp15lAwD0D8D,0*55
\s:66,c:1782377501*42\!AIVDM,1,1,,A,B3tgNFP0<@=PPu8>vggEBbv00000,0*4B
\s:66,c:1782377498*43\!AIVDM,1,1,,B,B8HrwJ0001nVqP0;a7t03wj4kP06,0*7E
\s:66,c:1782377498*43\!AIVDM,1,1,,B,15N9NLP000I<b3`A2A<=N8a:0<4B,0*14
\s:66,c:1782377499*42\!AIVDM,1,1,,B,39NSG:002cKPsLR=WouD13=<00Ek,0*71
\s:66,c:1782377499*42\!AIVDM,1,1,,B,13aDod001fPBhp8MI8h3VBk>RD3@,0*2F
\s:66,c:1782377498*43\!AIVDM,1,1,,B,1815dR@02m8a47L>UGJ8=6S8053<,0*13
\s:66,c:1782377499*42\!AIVDM,1,1,,A,13`mgJgP00PFav4N1ASN4?w<20Re,0*50
\s:66,c:1782377491*4A\!AIVDM,1,1,,A,33AKob000W0lv1`Pk>UMa;5p0000,0*3F
\s:66,c:1782377498*43\!AIVDM,1,1,,B,13aBK50000Oe`:b31@a725a6053<,0*26
\s:66,c:1782377497*4C\!AIVDM,1,1,,,13GnhR3001PMDf:NpJfpl4dd053<,0*41
\s:66,c:1782377498*43\!AIVDM,1,1,,,H52L0T0lU=>1@DD000000000000,2*79
\s:66,c:1782377142*41\!AIVDM,1,1,,,H52L0T4:93?8Hda00000000P623t,0*5D
\g:1-2-5198885,s:66,c:1782377497*0E\!AIVDM,2,1,5,A,59NS`e`2=t4GDh8c:20m<>04p4PU@62222222216IQ@CE5g;0I4BCR5@,0*24
\g:2-2-5198885*6D\!AIVDM,2,2,5,A,CQi0Cp888888880,2*59
\s:66,c:1782377499*42\!AIVDM,1,1,,,13K6i25000L@eeb2if;Ptptp0000,0*7E
\s:66,c:1782377499*42\!AIVDM,1,1,,B,37ldJBEP007Kb2t0Vh4k2gwv0000,0*69
\s:66,c:1782377494*4F\!AIVDM,1,1,,A,13`nuLW00LPEQ>@NC7U`0nA20D2d,0*32
\s:66,c:1782377500*43\!AIVDM,1,1,,A,403OwniuJl`k`q=0PPA0oA?02DAp,0*7D
\s:66,c:1782377498*43\!AIVDM,1,1,,A,16:bs@PP0w88Qw@<vDR5wPI:1P00,0*37
\s:66,c:1782377499*42\!AIVDM,1,1,,A,1815Fmh0Qh11cpGjtRnDe3o60<1D,0*25
\s:66,c:1782377500*43\!AIVDM,1,1,,B,15NNE;0P00G?v=2K@pnJ7gw>2<4V,0*14
\s:66,c:1782377418*4B\!AIVDM,1,1,,A,13M@dtp0000BOpVMagbss42R0<6>,0*1B
\s:66,c:1782377422*42\!AIVDM,1,1,,B,3815C:m001PBpR4Mfomi34fV0Dg:,0*55
\s:66,c:1782377500*43\!AIVDM,1,1,,A,D03n9s@fmNfp,0*56
\s:66,c:1782377501*42\!AIVDM,1,1,,A,403n9sAuJl`kWSOgS4?q1qG0053<,0*14
\s:66,c:1782377500*43\!AIVDM,1,1,,A,13o3:M0v@0Qb8B4`Kn:nroA>0@Gk,0*6B
\s:66,c:1782377502*41\!AIVDM,1,1,,A,18IFkf8P00WJWn@0giR>4?wD2=oO,0*64
\s:66,c:1782377497*4C\!AIVDM,1,1,,A,18;:b?0P1<`W@J@8?VIDi?w8253<,0*2E
\g:1-2-5198886,s:66,c:1782377464*01\!AIVDM,2,1,6,B,5815ER`2DP;IKLe?B2104<THT>0p4I<Td622221@IpcJB5bb0RCS84U3,0*61
\g:2-2-5198886*6E\!AIVDM,2,2,6,B,H88888888888880,2*51
\s:66,c:1782377479*4C\!AIVDM,1,1,,B,33c:72001P0E9b4Md@Lb<`:R010P,0*10
\s:66,c:1782377459*4E\!AIVDM,1,1,,B,3815ERU001PCBbVMe@TAAs;N0Dg:,0*2F
\s:66,c:1782377484*4E\!AIVDM,1,1,,B,13aGCoPP00PCBi:Me?;RpgvfR<6S,0*5D
\s:66,c:1782377501*42\!AIVDM,1,1,,B,36;Ugt50002k@hT<Bd@c``9>0m?r,0*53
\s:66,c:1782377503*40\!AIVDM,1,1,,B,16:=I;0P0h`fMhhAhbG1aAwEP53<,0*61
\s:66,c:1782377503*40\!AIVDM,1,1,,B,16:G3fP00p8M7<n=rCl<T9eD0<6F,0*56
\s:66,c:1782377495*4E\!AIVDM,1,1,,A,13`lSDP01Fwnw9NLUatBjRA82L34,0*47
\s:66,c:1782376994*43\!AIVDM,1,1,,B,38I04f0P00WK2bP0m8v>4?vL2AlS,0*29
\s:66,c:1782377496*4D\!AIVDM,1,1,,A,19NSRt@01W7Vtg>04?LmBT<l0<0;,0*14
\s:66,c:1782377500*43\!AIVDM,1,1,,B,19NSW>00iR`hEoHANJrJqps>0D;8,0*4E
\s:66,c:1782377500*43\!AIVDM,1,1,,B,16:sA<001a`j7Q4DSIRG85e@2D1N,0*74
\s:66,c:1782377499*42\!AIVDM,1,1,,A,35At;850007Kb>@0lN>Kq8e80Ejr,0*6D
\g:1-2-5198887,s:66,c:1782377499*02\!AIVDM,2,1,7,B,5815a7@2A9:mKL7?KSQ<eV08iDF222222222221@=@G::5`f0Dl1hQp8,0*2B
\g:2-2-5198887*6F\!AIVDM,2,2,7,B,888888888888880,2*20
\s:66,c:1782377499*42\!AIVDM,1,1,,B,17lciT8P008Ffn=wCGDV=gw>053<,0*4A
\s:66,c:1782377500*43\!AIVDM,1,1,,A,13aD0L0P01PG2WtNB`df4?w>2<1a,0*68
\s:66,c:1782377498*43\!AIVDM,1,1,,B,39N`2uh23204BFGp0cFLPb3:0PaQ,0*18
\s:66,c:1782377499*42\!AIVDM,1,1,,B,:38Ppd0ruHO0,0*50
\s:66,c:1782377499*42\!AIVDM,1,1,,B,19AFcdpP022AI1tB0M=@d?w>28Fo,0*03
\s:66,c:1782377501*42\!AIVDM,1,1,,,18I772000E<R2N9c4QPjS4o80000,0*47
\s:66,c:1782377501*42\!AIVDM,1,1,,A,33bwrd3009PoIjFNvpHoBmG:0000,0*48
\s:66,c:1782377501*42\!AIVDM,1,1,,A,13eMjiwP01Q2Np<DRFLv4?wB2@HC,0*65
\s:66,c:1782377495*4E\!AIVDM,1,1,,A,1:U756P000L5JVqv`694dSO2053<,0*55
\s:66,c:1782377502*41\!AIVDM,1,1,,B,19NSv:l01jP:3FNMRVJHjG3@0D3E,0*3D
\s:66,c:1782377502*41\!AIVDM,1,1,,A,1:L`Ft0000KlpP;d;ct:bbO60HI3,0*06
\s:66,c:1782377497*4C\!AIVDM,1,1,,B,13aJG1pP000GCUTNOheM;gw<2D1c,0*1D
\s:66,c:1782377501*42\!AIVDM,1,1,,A,39NSSDiP0k2DSVlAwGvVfOwB0Cn=,0*36
\s:66,c:1782377502*41\!AIVDM,1,1,,A,142OGMP01SR@<1RBGo>n@55>00RH,0*45
\s:66,c:1782377502*41\!AIVDM,1,1,,B,19NSnH002C4:q13m@24`eFqB08Hd,0*65
\s:66,c:1782377500*43\!AIVDM,1,1,,A,1815;Ph21nWNgb40oAG19i3@0HGE,0*5C
\s:66,c:1782377494*4F\!AIVDM,1,1,,B,13EaLe700003ch:GI9tJ5Pw0053<,0*3E
\s:66,c:1782377427*47\!AIVDM,1,1,,B,33b1>v0uh1PB<9HMd`EP:bDl02fA,0*74
\s:66,c:1782377501*42\!AIVDM,1,1,,A,16=q?AdP02UeNUD3vppVv?w>08H5,0*2C
\s:66,c:1782377501*42\!AIVDM,1,1,,A,13HsrD700iOQSInKH>SMCrMB00S;,0*68
\s:66,c:1782377496*4D\!AIVDM,1,1,,A,E>j9eJQVWhKJh;TW230a6P000000?9S8?MKoP40PPSk010,4*1C
\s:66,c:1782377502*41\!AIVDM,1,1,,A,19NSV:P0BRWH<Gt0k0d4hSk@00Rn,0*28
\s:66,c:1782377502*41\!AIVDM,1,1,,B,16tmJv001IwFj<LDpR`DBCQD2@Hr,0*4A
\s:66,c:1782377503*40\!AIVDM,1,1,,A,B6:dWT00022Eua3=dKL000E7QP06,0*46
\s:66,c:1782377497*4C\!AIVDM,1,1,,A,17`OAfPP00dPLA;borsf4?vp2000,0*4F
\s:66,c:1782377499*42\!AIVDM,1,1,,A,16:8BW00038gSRhA>eG0j`G:0LtQ,0*40
\s:66,c:1782377493*48\!AIVDM,1,1,,A,35Mi<nP000G?@rjKFBLM`aMp0000,0*64
\s:66,c:1782377498*43\!AIVDM,1,1,,B,169>Vf8P008g7GDA?08EHgw<0@F@,0*37
\s:66,c:1782377497*4C\!AIVDM,1,1,,A,33`gDj0P?w0HHUlNKogN48i:0000,0*32
\s:66,c:1782377499*42\!AIVDM,1,1,,A,13AJ:B002LPSM6<Nn1q<rJI<053<,0*76
\s:66,c:1782377499*42\!AIVDM,1,1,,B,13a?W<001U0@O4bMKmh5g4S<053<,0*1F
\s:66,c:1782377497*4C\!AIVDM,1,1,,B,ENl5oF<QS2@97bb2h77WIJh@@@@D>u9=;7UFp00003r010,4*6A
\s:66,c:1782377493*48\!AIVDM,1,1,,B,17mROAhP00`=orkvbsTFhOw02<9q,0*52
\s:66,c:1782377495*4E\!AIVDM,1,1,,B,14b;Sb00080qmFhCJ;A3OBe80hDn,0*20
\s:66,c:1782377498*43\!AIVDM,1,1,,B,35UcVP1003OGlEBGR`a2qEa:0DVb,0*7B
\s:66,c:1782377501*42\!AIVDM,1,1,,B,15?devhuisJBL`Ms9`eUila@0<04,0*31
\s:66,c:1782377497*4C\!AIVDM,1,1,,A,18I9o=0P007JqHb0cbWrGww60Ejk,0*5A
\s:66,c:1782377498*43\!AIVDM,1,1,,A,18I;rM002U2>a0WfpLJ@5;=:00Ra,0*65
\s:66,c:1782377497*4C\!AIVDM,1,1,,A,35OmN?h02WoU;W:BuKgF6Ts820Sh,0*6F
\s:66,c:1782377498*43\!AIVDM,1,1,,B,33P7KfWOhWwSDSBL?ifdLr540161,0*18
\s:66,c:1782377501*42\!AIVDM,1,1,,B,19NSJG@00tWJHJ40eP:kmS7B08H8,0*45
\s:66,c:1782377496*4D\!AIVDM,1,1,,B,13Ikwi0000wpVVNLJ4Rrhc380D2c,0*65
\g:1-2-5198888,s:66,c:1782377502*0E\!AIVDM,2,1,8,B,56;E5R8000000000000MD4r1<PDpN1TV0P4pN21J22HLG4wd0A10H32@,0*59
\g:2-2-5198888*60\!AIVDM,2,2,8,B,C`8888888888880,2*0C
\s:66,c:1782377502*41\!AIVDM,1,1,,A,15?dUehwj00jDCNEOsMl;CKB00St,0*11
\s:66,c:1782377501*42\!AIVDM,1,1,,B,33ohwb3Oh=7K3DV0c@g:L8g800hh,0*26
\s:66,c:1782377502*41\!AIVDM,1,1,,A,13`wsNPP00PBlp2Mfit>4?wB28He,0*23
\s:66,c:1782377503*40\!AIVDM,1,1,,A,14`V0231002Ku`8BvnaWPrCD00RT,0*0E
\s:66,c:1782377501*42\!AIVDM,1,1,,A,35OmN?hOjVoU;b6BuK5F5Ts@2000,0*62
\s:66,c:1782377502*41\!AIVDM,1,1,,A,BCgNfUP01gT=<E9M2vdEOwl2s000,0*2F
\s:66,c:1782377501*42\!AIVDM,1,1,,B,13@nfH0Ohn0hBHtPoAlCDRw>0HH4,0*72
\s:66,c:1782377501*42\!AIVDM,1,1,,B,13aLm3@P02PEna`Mw6J`pOwD20S7,0*70
\s:66,c:1782377503*40\!AIVDM,1,1,,A,14Suff00?wK4M?F6sPi>40sD0<0J,0*01
\s:66,c:1782377503*40\!AIVDM,1,1,,A,14d4mH50?w<tSF0l4Q@>42Iv0PRL,0*46
\s:66,c:1782377502*41\!AIVDM,1,1,,A,33P7KfWOhVwSDQRL?iqdHb9>0000,0*0B
\s:66,c:1782377496*4D\!AIVDM,1,1,,B,17mLGk8P007LDdt0aRBf4?vl2U3<,0*37
\s:66,c:1782377503*40\!AIVDM,1,1,,B,14`Uu=S0004vfAl<qP0owbOF0<47,0*66
\s:66,c:1782377497*4C\!AIVDM,1,1,,B,15A;J20000Q`qdFG@:m5<ba:0U3<,0*4B
\s:66,c:1782377493*48\!AIVDM,1,1,,A,13aJIdPP00PG8@8Msh=v4?w220SQ,0*26
\s:66,c:1782377499*42\!AIVDM,1,1,,A,17lj=j0P007LeWH0VDlN4?w428DI,0*5F
\s:66,c:1782377498*43\!AIVDM,1,1,,A,13Eh9aWP0GwcvjDDwHdpKgw<2@FE,0*14
\s:66,c:1782377499*42\!AIVDM,1,1,,B,162?@s0025`8jCB<l6`djrA600SG,0*31
\s:66,c:1782377500*43\!AIVDM,1,1,,,13aN1JE0000Aj7:LpSwVT8=<0000,0*71
\s:66,c:1782377499*42\!AIVDM,1,1,,,13Il6J1001`l9ihAKvnb?RE60000,0*66
\s:66,c:1782377499*42\!AIVDM,1,1,,A,1599e57000HRUd`:rgCKwDO@0<0J,0*53
\s:66,c:1782377496*4D\!AIVDM,1,1,,B,13MA10021e8mhjH@:sci1Ps:66,0*30
\s:66,c:1782377498*43\!AIVDM,1,1,,,13==7R0029Pb?HHEguqs1po60000,0*4B
\s:66,c:1782377495*4E\!AIVDM,1,1,,A,15QK<r000gKUsrd605W=d;5600Rw,0*7A
\g:1-2-5198889,s:66,c:1782377497*02\!AIVDM,2,1,9,B,568rU8T0000000000014Tl4u@TpO7000000000001P<445c70810C2@C,0*48
\g:2-2-5198889*61\!AIVDM,2,2,9,B,P00000000000008,2*46
\s:66,c:1782377499*42\!AIVDM,1,1,,A,13mMBR01@2PM7=:Nes8rOWk:08G5,0*6B
\s:66,c:1782377500*43\!AIVDM,1,1,,B,1815Wf@11m7j3Bb:43>M2JM>08GJ,0*3A
\s:66,c:1782377500*43\!AIVDM,1,1,,B,18:k8i011<8cafP7`jfU=4Fb0D0K,0*00
\s:66,c:1782377501*42\!AIVDM,1,1,,B,17OoFp0PALbl<3Qd`6u7>5g:2@F=,0*27
\s:66,c:1782377487*4D\!AIVDM,1,1,,A,13aKUc@P00PD3HbMgSUP0?vn2<7q,0*06
\s:66,c:1782377206*42\!AIVDM,1,1,,A,33aKUc@P00PD3GhMgSQh0?wL2C?k,0*73
\s:66,c:1782377502*41\!AIVDM,1,1,,A,15Acp:00132k5bB<AhWLIb3B0hHB,0*02
\s:66,c:1782377500*43\!AIVDM,1,1,,A,14eGI<hP00G=M@lL:53b0Ow@253<,0*05
\s:66,c:1782377501*42\!AIVDM,1,1,,A,13mFf>0P@20JAg8Qg`qHw6?:0<1v,0*41
\s:66,c:1782377501*42\!AIVDM,1,1,,A,405GdP1vad`k`7L>@00h1F?02HGm,0*08
\s:66,c:1782377499*42\!AIVDM,1,1,,A,17tu?qPP0n7Iwe@0fl31U?w80000,0*00
\s:66,c:1782377454*43\!AIVDM,1,1,,B,B3aPNtP0084euw7JN09e?wrUoP06,0*6D
\s:66,c:1782377365*46\!AIVDM,1,1,,A,33aI:4mP00PD`T@MeGth0?vj2JN0,0*3B
\s:66,c:1782377499*42\!AIVDM,1,1,,B,18HwtL002p:@nvbGne1RdR?<053<,0*79
\s:66,c:1782377492*49\!AIVDM,1,1,,A,B6:=75P0@r;8L<4OJi:t?whV3P06,0*73
\s:66,c:1782377502*41\!AIVDM,1,1,,B,15BjcJ002iOTwD:KpGH`BVUB053<,0*34
\g:1-2-5198890,s:66,c:1782377500*05\!AIVDM,2,1,0,A,53EkvE`000000000000h61H4hhE<40000000000N2`005t0Ht0000000,0*51
\g:2-2-5198890*69\!AIVDM,2,2,0,A,000000000000000,2*24
\s:66,c:1782377501*42\!AIVDM,1,1,,B,13Ej;M3P0HP1BJDFa7A`ugw@2D0@,0*5A
\s:66,c:1782377497*4C\!AIVDM,1,1,,A,B52`JGP006SQT:461>eiufv00000,0*50
\s:66,c:1782377498*43\!AIVDM,1,1,,A,18I3Kp0025OT8utDTqT:P`O<053<,0*0D
\s:66,c:1782377500*43\!AIVDM,1,1,,B,B7Om`f000:g7MiL7k<EPowkUoP06,0*2C
\s:66,c:1782377498*43\!AIVDM,1,1,,A,1:kJQoO002ri7Q3bl2gAjQO:08F@,0*5B
\s:66,c:1782377499*42\!AIVDM,1,1,,A,18I6ok002D9=m0rCtad745a<08Fv,0*68
\s:66,c:1782377493*48\!AIVDM,1,1,,A,33@=@J3p@30kv7pO@b;u:aip0000,0*6A
\s:66,c:1782377501*42\!AIVDM,1,1,,A,33@=@J3q@30kv7pO@b;tv9ap0000,0*76
\s:66,c:1782377494*4F\!AIVDM,1,1,,A,B52iR`000>f?3?UuWiD000N00000,0*77
\s:66,c:1782377499*42\!AIVDM,1,1,,A,13:s3p001s7cvJv4?bKhtPU>0HFi,0*20
\s:66,c:1782377501*42\!AIVDM,1,1,,,13Im1j0u0D7QeAp1LPPte8Q80000,0*24
\s:66,c:1782377501*42\!AIVDM,1,1,,B,3CgLqIW00WvEKmjVMCeRm26r001R,0*2E
\s:66,c:1782377502*41\!AIVDM,1,1,,B,19NSbohw2<Gtt4H=P3eTwCu@0<0T,0*11
\s:66,c:1782377494*4F\!AIVDM,1,1,,B,13E```PP0007S7LGTS`5??w@0`CS,0*4F
\s:66,c:1782377501*42\!AIVDM,1,1,,B,13cq5c;P00P`mF8IJIVU7ww@053<,0*1F
\s:66,c:1782377499*42\!AIVDM,1,1,,B,13l3ol@01Swnbc>LVVG2qjI<053<,0*12
\s:66,c:1782377502*41\!AIVDM,1,1,,B,16:IHoP0008fM;0A:>o0@8SB0=Bj,0*58
\s:66,c:1782377495*4E\!AIVDM,1,1,,A,13EbnlWP0LP2IdVEu3P8rgw620S<,0*31
\s:66,c:1782377277*44\!AIVDM,1,1,,A,13aEPfPP07PE@E2MUmoqr?wl28QR,0*27
\s:66,c:1782377496*4D\!AIVDM,1,1,,B,13HK8b002MP6k56Ltfiht@s80`EL,0*76
\s:66,c:1782377502*41\!AIVDM,1,1,,B,18I925002033@@oh0BoaL7I@08HR,0*42
\s:66,c:1782377500*43\!AIVDM,1,1,,B,1610Eu0013SQo70@1NGf2c3@28G:,0*30
\s:66,c:1782377498*43\!AIVDM,1,1,,B,134@j`300IP26j6LbKkJ6H;:0D2`,0*36
\s:66,c:1782377503*40\!AIVDM,1,1,,A,B8SPGA007AsCve1NF76LuuP10<00,0*15
\s:66,c:1782377484*4E\!AIVDM,1,1,,A,39NSHAU000PCW4jMd:UCaU0f0Dsb,0*45
\s:66,c:1782377459*4E\!AIVDM,1,1,,B,133r:RPP1QPE8iVMa1Tcqwwl2D5w,0*7F
\s:66,c:1782377501*42\!AIVDM,1,1,,A,B4qiQCP00=DiL0MOBL777wlUn006,0*4B
\s:66,c:1782377503*40\!AIVDM,1,1,,B,E>pf7hAQ0aRpP00000000000000DGhks8bBd@50`HHP000,4*6A
\s:66,c:1782377497*4C\!AIVDM,1,1,,B,E>l4Hct8TW3e47bT0W3R0WhL000D4CFP6HDI010888rP00,4*0D
\s:66,c:1782377498*43\!AIVDM,1,1,,B,EvjMk0Acb3h4=9K0000000000000998r>sNLh<1QQSv000,4*4B
\s:66,c:1782377498*43\!AIVDM,1,1,,A,13Ed=70P01P6SsbF;T6>4?w4253<,0*2B
\s:66,c:1782377500*43\!AIVDM,1,1,,B,16:RN2POh2`LNUj>0`oDuE:n2HAF,0*72
\s:66,c:1782377493*48\!AIVDM,1,1,,B,13n3Gu002K0PL5pSo:N7:5o2053<,0*7F
\s:66,c:1782377494*4F\!AIVDM,1,1,,A,13nCEQ0Oi?0J>=:QgbTWP5s40@Cw,0*46
\s:66,c:1782377500*43\!AIVDM,1,1,,B,16SbAd002J8Won<>b:qAJ1?>00Ru,0*17
\s:66,c:1782377497*4C\!AIVDM,1,1,,,B7Og2kP00:24BltL5UT0OwjUoP06,0*23
\s:66,c:1782377500*43\!AIVDM,1,1,,A,13@pNF0004POh8DEC1k0JJQ@053<,0*64
\s:66,c:1782377496*4D\!AIVDM,1,1,,A,177OMh000O`khG8AdP`6@4=80<<J,0*36
\s:66,c:1782377497*4C\!AIVDM,1,1,,B,13Vr@w0005wVh8PDS9HAUI182@Ee,0*70
\s:66,c:1782377499*42\!AIVDM,1,1,,B,17ld5G@P0K`FfDQwCv:2VOw:2@GS,0*1F
\s:66,c:1782377499*42\!AIVDM,1,1,,A,C6:dM2P0:j25GW3@6hW=kwv0`:L>hB2L@2BV@bMSkh00S0<ST40P,0*61
\s:66,c:1782377499*42\!AIVDM,1,1,,A,13ku;6@1iG7L92V0f6Fb6p360<CA,0*47
\s:66,c:1782377500*43\!AIVDM,1,1,,B,152niv8P00rCgh`57mGVQ?w:0`GT,0*4A
\s:66,c:1782377491*4A\!AIVDM,1,1,,B,16Kv=P7P00NqI?B@6cn>4?vt00SD,0*45
\s:66,c:1782377499*42\!AIVDM,1,1,,,18L:o:001lWed>@:rhALvJK:0000,0*58
\g:1-2-5198891,s:66,c:1782377500*04\!AIVDM,2,1,1,B,59N`2hH2<AlSDhMSP00@4hh5>0EQ18E=<000001793N0Q5V0NN423CS0,0*76
\g:2-2-5198891*68\!AIVDM,2,2,1,B,000000000000000,2*26
\s:66,c:1782377501*42\!AIVDM,1,1,,B,BCgUt200JWTMqUaLjliC;wa2q000,0*2F
\s:66,c:1782377501*42\!AIVDM,1,1,,A,190vA@0P?w<tSF0l4Q@>4?wv0d12,0*06
\s:66,c:1782377487*4D\!AIVDM,1,1,,B,13`hp4PP00PCT4tMcq?>4?vn253<,0*29
\s:66,c:1782377447*41\!AIVDM,1,1,,B,33`hp4PP00PCT4lMcq?v4?wN23b1,0*00
\s:66,c:1782377498*43\!AIVDM,1,1,,B,13v8Ev001SPF2qnNc8e@jhk@00Re,0*2D
\s:66,c:1782377501*42\!AIVDM,1,1,,A,33nCEQ0Oi?0J>:TQgaq7T65D011P,0*7E
\s:66,c:1782377500*43\!AIVDM,1,1,,A,13n3Gu002K0PL4VSo9D7:mq@0@Go,0*34
\s:66,c:1782377501*42\!AIVDM,1,1,,B,BSHUSC006gtfLlVv1:AE;wjUn000,0*58
\s:66,c:1782377501*42\!AIVDM,1,1,,A,1m5U6>?P00RmSsqubmOejwwB2P00,0*09
\s:66,c:1782377503*40\!AIVDM,1,1,,B,15D`JT002J``mT:DSRomjDq60@Hi,0*1F
\s:66,c:1782377499*42\!AIVDM,1,1,,B,18:pIp0000`aa?P8E;e>47I828Ef,0*16
\s:66,c:1782377463*47\!AIVDM,1,1,,A,13aO@GE015PE<3@MWBs6N5:60H28,0*3E
\s:66,c:1782377501*42\!AIVDM,1,1,,B,13=P><001hR25E6GH:0bD8E<0HGq,0*1B
\s:66,c:1782377501*42\!AIVDM,1,1,,A,15N0REd000rdT7TGBLtWJCm@053<,0*7A
\s:66,c:1782377501*42\!AIVDM,1,1,,A,13m<Qu0P00Pkd5PU3D<P=Owp0D0a,0*15
\s:66,c:1782377503*40\!AIVDM,1,1,,A,13IeIP000000Vt0LCmbaJ`aH0D2e,0*42
\g:1-2-5198892,s:66,c:1782377503*04\!AIVDM,2,1,2,A,55Ac9B02?5:G<Ha;B20htpLQDpN3F2222222221@<hI7=5chN?45hQhH,0*28
\g:2-2-5198892*6B\!AIVDM,2,2,2,A,888888888888880,2*26
\s:66,c:1782377503*40\!AIVDM,1,1,,A,19NSQQ@0Pm2oBb1uP17GpF;@0HI;,0*11
\s:66,c:1782377503*40\!AIVDM,1,1,,A,4h3wouiuJl`ka5PG7p4jhK700hIL,0*36
\s:66,c:1782377457*40\!AIVDM,1,1,,B,33a;pr5000PBsrbMg>uhBl5h0Di:,0*54
\s:66,c:1782377502*41\!AIVDM,1,1,,A,19NSWPP02a8>@PN<VIbIvWuB0<1i,0*15
\s:66,c:1782377500*43\!AIVDM,1,1,,B,16:9Rn001V`f`PlAj8iKR9;82fT;,0*42
\s:66,c:1782377496*4D\!AIVDM,1,1,,A,13ku9G01B30h5v`EMtl46SE60D30,0*0A
\s:66,c:1782377501*42\!AIVDM,1,1,,B,83`hquhj2d<d<>LuM@U8W@PE::00,0*77
\s:66,c:1782377501*42\!AIVDM,1,1,,A,139egN`P00QPdW8Op15C2wwBR53<,0*0B
\s:66,c:1782377503*40\!AIVDM,1,1,,A,ENlH4gg:2ab@90PP00000000000@009V01f5H1088;m010,4*18
\s:66,c:1782377503*40\!AIVDM,1,1,,B,18Js5d8P027L7uF0gGl4GgwF08I?,0*76
\s:66,c:1782377495*4E\!AIVDM,1,1,,B,16:D040uQA8crB<?Sf3Q<Q;60<0j,0*04
\s:66,c:1782377496*4D\!AIVDM,1,1,,B,B39E`000JP0BOk7@JrnCUnB0053<,0*15
\s:66,c:1782377502*41\!AIVDM,1,1,,B,18Hwcp00007KHM`0diTmia?@053<,0*60
\s:66,c:1782377413*40\!AIVDM,1,1,,A,13aFddhP1PPDv=pMddrKW?vH20S4,0*32
\s:66,c:1782377502*41\!AIVDM,1,1,,B,D02R3dA=0Nfq6DO6D0,4*08
\s:66,c:1782377503*40\!AIVDM,1,1,,B,177Wcs001``gliPA1oCE73rj00Sl,0*6A
\s:66,c:1782377503*40\!AIVDM,1,1,,B,19NSO`P02?8?C9P<cCKJJpED00Rv,0*5D
\s:66,c:1782377498*43\!AIVDM,1,1,,B,37luo40P00WaD`KtQqgVROw:000B,0*1D
\s:66,c:1782377499*42\!AIVDM,1,1,,A,19NSr300iROgTLtDgRs:66,0*38
\s:66,c:1782377500*43\!AIVDM,1,1,,B,19NSFC002bON<SgvMlvdd:9:0<02,0*7A
\s:66,c:1782377498*43\!AIVDM,1,1,,B,16?UlR@01dUDHvh720AdU:5800S1,0*04
\s:66,c:1782377496*4D\!AIVDM,1,1,,B,EvjHDBPT0neHHh9bQ9b0b4WW000@299s?Etep00003hP10,4*76
\s:66,c:1782377494*4F\!AIVDM,1,1,,B,16;N;T001a8j=2f@oLT0U@`v00Rm,0*68
\s:66,c:1782377494*4F\!AIVDM,1,1,,B,B40absP000Ng0:UCs7wQ3whQh000,0*01
\s:66,c:1782377498*43\!AIVDM,1,1,,B,17m3vVgP4?7J:S`0ed@A;Ovl2U3<,0*23
\s:66,c:1782377500*43\!AIVDM,1,1,,A,402M51ivad`kW1noK0``6@7P0@GV,0*24
\s:66,c:1782377499*42\!AIVDM,1,1,,A,B3n9wlP008<ORu`N67DpSwkUoP06,0*1F
\s:66,c:1782377498*43\!AIVDM,1,1,,A,144VEeP01nQH`LlD5O5D?SK80hF3,0*7A
\s:66,c:1782377478*4D\!AIVDM,1,1,,A,H3`dbJ04A8T4p40000000000000,2*1A
\s:66,c:1782377478*4D\!AIVDM,1,1,,A,H3`dbJ4UCBD:G3r@8llhk00`931t,0*3D
\s:66,c:1782377496*4D\!AIVDM,1,1,,B,33mfk`0OiBwVE8RDU;f:2p9:00p0,0*08
\s:66,c:1782377501*42\!AIVDM,1,1,,A,33mfk`0Oi?wVE6lDU;cIuH;>00v0,0*4F
\s:66,c:1782377500*43\!AIVDM,1,1,,B,14ST=r001RP1ho:FPl:enc3<053<,0*7A
\s:66,c:1782377494*4F\!AIVDM,1,1,,,13IpOb0000PIc3`He1KGuQO40000,0*17
\s:66,c:1782377496*4D\!AIVDM,1,1,,A,33cSds5000Pq@vdEgvoTsb560000,0*0A
\s:66,c:1782377502*41\!AIVDM,1,1,,B,369C1U`P008c:m@FUeIUqOwB006C,0*56
\s:66,c:1782377501*42\!AIVDM,1,1,,B,33caBF0P4@11G6hGFjUVwgw<00Si,0*27
\s:66,c:1782377501*42\!AIVDM,1,1,,A,13m8VgPP00QG3@RWpBQv4?wB20S?,0*65
\s:66,c:1782377502*41\!AIVDM,1,1,,B,17m3vVgP4@7J:`D0eeBA9gvt2U3<,0*7A
\s:66,c:1782377503*40\!AIVDM,1,1,,B,133gl2PP16PCB1:MPgf5P?wF253<,0*0F
\s:66,c:1782377502*41\!AIVDM,1,1,,A,13aJIHPP0APFcnJMv3S:7?wF28Hg,0*53
\g:1-2-5198893,s:66,c:1782377503*05\!AIVDM,2,1,3,B,55?dPK82EPAlPt7OGS0u84pLF0T<F22222222216=hK5@5co0=Aj51CH,0*4C
\g:2-2-5198893*6A\!AIVDM,2,2,3,B,888888888888880,2*24
\s:66,c:1782377500*43\!AIVDM,1,1,,A,13muhb0000PIoKnSbEveb`A:08GW,0*63
\s:66,c:1782377503*40\!AIVDM,1,1,,B,1815RQ0001vhB7t8J4Ntdc3>0<2B,0*3F
\s:66,c:1782377502*41\!AIVDM,1,1,,A,13L?VSP0001sE<JRVNT:;Vs@08GD,0*32
\s:66,c:1782377492*49\!AIVDM,1,1,,B,13s=6s?P1OwH4AvGTTBFD?w028C9,0*0E
\s:66,c:1782377496*4D\!AIVDM,1,1,,A,35OB7KUv@0I`UJH8uAPh01qp0000,0*48
\s:66,c:1782377498*43\!AIVDM,1,1,,B,B5O?I;00AWOjT65QcI=ASwj1h000,0*14
\s:66,c:1782377499*42\!AIVDM,1,1,,A,18LL4f0P007KmsR0gLfMGgw>00Rq,0*57
\s:66,c:1782377496*4D\!AIVDM,1,1,,B,33aDCUmP01PDPL2MdQ<f4?w82Dw:,0*4D
\s:66,c:1782377499*42\!AIVDM,1,1,,A,13ku9rPw2?1eT=VCP5t49CC:00Rp,0*77
\s:66,c:1782377499*42\!AIVDM,1,1,,B,B7ldgcP00:5cRBOlmWa:GwP4kP06,0*5B
\s:66,c:1782377499*42\!AIVDM,1,1,,A,18KFcD0000WJWcb0gj@BqU=:20SR,0*51
\s:66,c:1782377499*42\!AIVDM,1,1,,A,19NSRck000M902OkmJ1ob;880000,0*2B
\s:66,c:1782377499*42\!AIVDM,1,1,,A,B3?qq>P0;h6fNf7V4NpKPFN00000,0*55
\s:66,c:1782377497*4C\!AIVDM,1,1,,B,B69cW=P05itDvV2RMvf;=g143P06,0*71
\s:66,c:1782377499*42\!AIVDM,1,1,,B,16:?C`P01E8agmh?Qo7HJ6Q60D1=,0*36
\s:66,c:1782377496*4D\!AIVDM,1,1,,B,18KQJl001L3V`Fl?B5A=ebw4000r,0*70
\s:66,c:1782377499*42\!AIVDM,1,1,,B,13iAqu@wB1P?dlvHLg?uG:a<0<4<,0*53
\s:66,c:1782377499*42\!AIVDM,1,1,,,14h@NB5P0007rT0GU>CeLOw>0000,0*72
\s:66,c:1782377498*43\!AIVDM,1,1,,B,33ku8KU0000D:tjMDndKp:I>0DU:,0*13
\g:1-2-5198894,s:66,c:1782377498*01\!AIVDM,2,1,4,B,539eFw400000@7C77T08ThLDpDq@tDhE:3T0000D2P862t0004Q5BDhU,0*51
\g:2-2-5198894*6D\!AIVDM,2,2,4,B,DQh000000000000,2*6E
\s:66,c:1782377495*4E\!AIVDM,1,1,,B,B5:troP006rF4T24MPCQ3wiQjDkb,0*61
\s:66,c:1782377499*42\!AIVDM,1,1,,A,142OGEPP1b0Vk<fEU0d3<ww<0D3C,0*2B
\s:66,c:1782377498*43\!AIVDM,1,1,,B,839eFw0j2d=<t<vMt0S0N?bU5HP0,0*41
\g:1-2-5198895,s:66,c:1782377473*05\!AIVDM,2,1,5,B,538Nsd82CfhgD9AGF20M1>05HDpLE:222222220l10C275cWN73S4U3H,0*7A
\g:2-2-5198895*6C\!AIVDM,2,2,5,B,888888888888880,2*22
\s:66,c:1782377500*43\!AIVDM,1,1,,B,13lBMN001c225o`GF3QS<RM>08GT,0*54
\g:1-2-5198896,s:66,c:1782377425*05\!AIVDM,2,1,6,A,58wtJJ829LvhC=7G3:0p5HU>222222222222221@GpWP45mT0K0kVUB8,0*0D
\g:2-2-5198896*6F\!AIVDM,2,2,6,A,888888888888880,2*22
\s:66,c:1782377496*4D\!AIVDM,1,1,,A,403t6KAvad`kS8e7aHApa=20053<,0*54
\s:66,c:1782377491*4A\!AIVDM,1,1,,B,18wtJJ001c5=r506lQD4wl4t0t02,0*64
\s:66,c:1782377451*46\!AIVDM,1,1,,B,38wtJJ001c5=qWv6lTG56D5V0hju,0*0D
\s:66,c:1782377495*4E\!AIVDM,1,1,,B,13uCVRPP001;h64R6ffsTOw628DO,0*39
\s:66,c:1782377497*4C\!AIVDM,1,1,,A,15Pm=2pP00IPt1BGfGVv4?w:0HEm,0*7E
\s:66,c:1782377500*43\!AIVDM,1,1,,A,14b5I8<0003N@V`@B2rathE@053<,0*32
\s:66,c:1782377501*42\!AIVDM,1,1,,B,13cVe70P0011@7>GGOB<v?w@053<,0*2C
\s:66,c:1782377501*42\!AIVDM,1,1,,A,B8HsmI004AnVas0<1QM2owkUkP06,0*14
\s:66,c:1782377495*4E\!AIVDM,1,1,,B,16:HamP01Q`aMM@?N7SpInW4053<,0*36
\s:66,c:1782377501*42\!AIVDM,1,1,,A,169>gf5000`VF;FDWn844ww@0000,0*2A
\s:66,c:1782377503*40\!AIVDM,1,1,,A,1:5an30000S5vGwqCIqHWwwD0000,0*55
\s:66,c:1782377424*44\!AIVDM,1,1,,B,33aJHkE000PCQT<Md0bVGonVPE5J,0*25
\s:66,c:1782377500*43\!AIVDM,1,1,,A,18HtD1012:rQH?2?>TlEjDg>0000,0*02
\s:66,c:1782377502*41\!AIVDM,1,1,,A,13UjfN00240pPhFE:;=DECMF00Rl,0*05
\s:66,c:1782377502*41\!AIVDM,1,1,,B,19NSW?hvkB3F;:qi=;RaKGQB0L0;,0*5E
\s:66,c:1782377501*42\!AIVDM,1,1,,A,B7tuOh006iofa80>2ahOgwv63P06,0*35
\s:66,c:1782377500*43\!AIVDM,1,1,,B,BCgUWE001gU`1M9Pl8P=swRRs000,0*0C
\s:66,c:1782377499*42\!AIVDM,1,1,,A,13fBrV0021rEnu>HmsERrRI:0@G2,0*22
\s:66,c:1782377500*43\!AIVDM,1,1,,A,17ldgc`P00`Ff:MwCFM2B?w>2<15,0*18
\s:66,c:1782377502*41\!AIVDM,1,1,,A,403OKB1uJl`k`rekFdGeB8w02<5O,0*6B
\s:66,c:1782377500*43\!AIVDM,1,1,,B,B3cgLQP0MP@OEuUk`R8W@Nk1h000,0*60
\s:66,c:1782377495*4E\!AIVDM,1,1,,B,16:7LN001<8drBVAt=CKfqK8053<,0*74
\s:66,c:1782377500*43\!AIVDM,1,1,,A,Evja5DQ1000?cI0000000000000Leb5P5FJ4000003nP10,4*01
\s:66,c:1782377465*41\!AIVDM,1,1,,A,1815c`h01WU>O=D6;>c1FQ640H2o,0*1A
\s:66,c:1782377493*48\!AIVDM,1,1,,A,18I1Fc0w1c7wq@08mKwK;8vt053<,0*0F
\s:66,c:1782377499*42\!AIVDM,1,1,,A,15?dPI001a7H4HH0m;ksqqO:0L4m,0*55
\s:66,c:1782377499*42\!AIVDM,1,1,,A,34SWt<0=AJM7>kSkeB08DVa:0000,0*1A
\s:66,c:1782377499*42\!AIVDM,1,1,,A,15?dRf@01``T2oDF8OC3V2o<0D<P,0*2F
\s:66,c:1782377497*4C\!AIVDM,1,1,,B,16Sg8e?P1@`ln?fCaD6rGOw828E`,0*24
\s:66,c:1782377502*41\!AIVDM,1,1,,B,19Hl>I@0Q@PJPUbE=gu9aGgD0<32,0*39
\s:66,c:1782377498*43\!AIVDM,1,1,,B,1815;R@01MN`L9J;O5dhuhq<0D33,0*35
\s:66,c:1782377494*4F\!AIVDM,1,1,,A,168stm0P?w<tSF0l4Q@>4?wv0pD5,0*7A
\s:66,c:1782377501*42\!AIVDM,1,1,,A,339HrgPOh2PW5KJNa`FLfr9B0000,0*1E
\s:66,c:1782377497*4C\!AIVDM,1,1,,A,15N5W1PP00r;G3>AI27hkww:2000,0*0A
\s:66,c:1782377502*41\!AIVDM,1,1,,A,402:pEivad`ka0=OarHCgmO0253<,0*48
\s:66,c:1782377498*43\!AIVDM,1,1,,B,14Ve=<0wQ@24fw8GMVoP@@;<053<,0*05
\s:66,c:1782377500*43\!AIVDM,1,1,,A,33nbw<70000Is>hSbG<d77ep0000,0*01
\s:66,c:1782377500*43\!AIVDM,1,1,,A,13mghT0000Q4LtDW?AE>43C>0@G7,0*23
\s:66,c:1782377500*43\!AIVDM,1,1,,A,13nbw<7000PIs>hSbG<t67eD00S8,0*2D
\s:66,c:1782377497*4C\!AIVDM,1,1,,B,13GQPOP6iV0=CSLFHsGh>gw608EK,0*6A
\s:66,c:1782377377*45\!AIVDM,1,1,,A,33dSEv50000C=p6MeSWIpP1:0E8r,0*5E
\s:66,c:1782377495*4E\!AIVDM,1,1,,A,15OBhhPP@2rRPKPE6DWHU710053<,0*77
\s:66,c:1782377496*4D\!AIVDM,1,1,,A,35NC120000G>h:TKhrAsE95p0000,0*0B
\s:66,c:1782377500*43\!AIVDM,1,1,,B,377gt310007LsT20aUEr22mB0Dpb,0*23
\s:66,c:1782377501*42\!AIVDM,1,1,,B,1:1Sst3P01PknE4DB?NN4?w@2@H=,0*0F
\s:66,c:1782377499*42\!AIVDM,1,1,,A,15?dWF001d7nMTt9<upe9bM:0L1q,0*7C
\s:66,c:1782377463*47\!AIVDM,1,1,,B,13iPd1@P1jPD0BRMbT6KF?v62<7h,0*5A
\s:66,c:1782377453*44\!AIVDM,1,1,,A,33aGumEP00PCj@VMd9>f4?wb2Dgb,0*47
\s:66,c:1782377501*42\!AIVDM,1,1,,B,16KWw`7P00QDE6EdV:@;:wwB2<1R,0*0B
\s:66,c:1782377502*41\!AIVDM,1,1,,B,1:U7BB0P00LQpkuiJ5E0K?wB0<0`,0*21
\s:66,c:1782377502*41\!AIVDM,1,1,,B,15?d`GOP003g;nn>v=2rkgwB2DDK,0*58
\s:66,c:1782377496*4D\!AIVDM,1,1,,A,36:kfo1P00`daodAuOhAbwwp0000,0*34
\s:66,c:1782377494*4F\!AIVDM,1,1,,B,26K2`L00019jUfjD4dEdUELv0@DA,0*15
\s:66,c:1782377503*40\!AIVDM,1,1,,A,13aksJ001FPqUiHOAjwAo1S@08I>,0*55
\s:66,c:1782376984*42\!AIVDM,1,1,,B,B8HuOBP001nlvH0=I5KQ3wuUkP06,0*00
\s:66,c:1782377501*42\!AIVDM,1,1,,A,14d3G`001F0DaFpNK7UA20wB0000,0*16
\s:66,c:1782377498*43\!AIVDM,1,1,,B,19NShWP02WLmoU@=w?mtAqm>053<,0*54
\s:66,c:1782377499*42\!AIVDM,1,1,,B,13:4?B0P00PeACTN`98>4?w>253<,0*0C
\s:66,c:1782377497*4C\!AIVDM,1,1,,A,14`V2eh00owvE76LgWUBvBK608Ed,0*0B
\s:66,c:1782377500*43\!AIVDM,1,1,,A,36:8b0UP008gPLhA>dUaOgvp0DOJ,0*2D
\s:66,c:1782377499*42\!AIVDM,1,1,,A,19@2`fiP00QKPWDBHg<1qOw<0hG2,0*02
\s:66,c:1782377500*43\!AIVDM,1,1,,B,18HwF2gP00WK1w00g0<D;gw<08Gb,0*1F
\s:66,c:1782377499*42\!AIVDM,1,1,,A,16:K570Ok38gk7hA7Ol;NIE:0HI2,0*0B
\s:66,c:1782377499*42\!AIVDM,1,1,,B,19NSg6hP02vhssf8?<ff4?w<2@Fm,0*01
\s:66,c:1782377481*4B\!AIVDM,1,1,,B,13aEP2hP0?PCAorMdeddGOvbR53<,0*21
\s:66,c:1782377472*47\!AIVDM,1,1,,A,33aEP2hP1FPCAshMde?d<?vHR5>k,0*7E
\g:1-2-5198897,s:66,c:1782377362*00\!AIVDM,2,1,7,A,53`garp000010GC3K80Tp@TLv38000000000000D=P3755bk03lSm51D,0*31
\g:2-2-5198897*6E\!AIVDM,2,2,7,A,Q0C@00000000000,2*41
\g:1-2-5198898,s:66,c:1782377500*0D\!AIVDM,2,1,8,A,55UPOT82=1s;<ETgP00tl58T0000000000000016BhD>=5dB0?Sl3000,0*5C
\g:2-2-5198898*61\!AIVDM,2,2,8,A,000000000000000,2*2C
\s:66,c:1782377264*46\!AIVDM,1,1,,A,33`garm000PCwcHMdIEMI@QDPldb,0*6E
\s:66,c:1782377501*42\!AIVDM,1,1,,B,153QwV0000JPFg`>4PUrbOw@08G>,0*2F
\s:66,c:1782377502*41\!AIVDM,1,1,,A,13=L8N0020PwUbBFl50d:9eD20S3,0*78
\s:66,c:1782377496*4D\!AIVDM,1,1,,A,1815P7P12?8R01>F<3qJrpe4053<,0*5E
\s:66,c:1782377500*43\!AIVDM,1,1,,A,13o94v0w@Lb12G:CVMkB4FK<00Rg,0*26
\s:66,c:1782377502*41\!AIVDM,1,1,,A,13ku8fP02C06Jg<M=:u8v7=@08HW,0*4E
\s:66,c:1782377497*4C\!AIVDM,1,1,0,B,B5OCSdP005UpkO8FA<n93wh1jRD9,0*31
\s:66,c:1782377503*40\!AIVDM,1,1,,B,15?nLR001pNg@HH;K>cG95aF0@I7,0*09
\s:66,c:1782377498*43\!AIVDM,1,1,,B,13df9H011D2DM14AEJkdV:760D1m,0*1A
\s:66,c:1782377501*42\!AIVDM,1,1,,A,33Egd00PA3OvafvFSlEBl7q800qQ,0*46
\s:66,c:1782377498*43\!AIVDM,1,1,,A,B3@phg@000>5gC`1nCUbp0C43P06,0*2E
\s:66,c:1782377502*41\!AIVDM,1,1,,B,18Hw`oP0007KhHH0gFUdsl9B0@5R,0*3B
\s:66,c:1782377501*42\!AIVDM,1,1,,A,139HEtPP000eco<N`i@cAgw>28Fi,0*2F
\s:66,c:1782377500*43\!AIVDM,1,1,,B,13aOB`k008PAiFPN=<omo1s>053<,0*42
\s:66,c:1782377496*4D\!AIVDM,1,1,,B,13kq4N012aOOuOhK85V85VM400SR,0*74
\s:66,c:1782377503*40\!AIVDM,1,1,,A,19NSMh@000rdE3:G@1CEjVAj0<3d,0*40
\s:66,c:1782377499*42\!AIVDM,1,1,,A,15?dc5huQ<24Q>pGK@8tDqg:00SQ,0*2C
\s:66,c:1782377503*40\!AIVDM,1,1,,A,38I;1l5P00`96nT<p@vjO?w<0Dg:,0*30
\s:66,c:1782377503*40\!AIVDM,1,1,,A,19NSW4P01tLP;jd38@LKlqGD0@IR,0*65
\s:66,c:1782377503*40\!AIVDM,1,1,,A,403t=kQuJl`k``W7WnBCKN700@H9,0*61
\g:1-2-5198899,s:66,c:1782377501*0D\!AIVDM,2,1,9,A,53`miD`000010?S;SL0Pthh4pB3400000000000Q8h00:40000000000,0*39
\g:2-2-5198899*60\!AIVDM,2,2,9,A,000000000000000,2*2D
\s:66,c:1782377502*41\!AIVDM,1,1,,A,16:=a4PP00`fBN0AghJ>4?w@0L7N,0*4A
\g:1-2-5198900,s:66,c:1782377498*0D\!AIVDM,2,1,0,A,59NSufp2<tat7Q5WT00m<>0@tp5@400000000016G98<D5g?NFR3kQp2,0*77
\g:2-2-5198900*61\!AIVDM,2,2,0,A,kkQh00000000000,2*1D
\s:66,c:1782377498*43\!AIVDM,1,1,,,18L:s4002V9`I?DBJ<F9JGM40000,0*6F
\s:66,c:1782377493*48\!AIVDM,1,1,,B,13J`<00wPdROjFr@iOa9<GFv053<,0*4E
\s:66,c:1782377496*4D\!AIVDM,1,1,,A,33uCVMP0000rOknPJAGcu0cp0000,0*4A
\s:66,c:1782377499*42\!AIVDM,1,1,,B,39NSKjP0020AN8NMGfPn64k>06M3,0*45
\s:66,c:1782377495*4E\!AIVDM,1,1,,A,15NVd8PP00re;PNGAP1N4?w62<2p,0*7B
\s:66,c:1782377497*4C\!AIVDM,1,1,,A,15?7p40t@4SQSFJ@;UR;UbM:2D5P,0*17
\s:66,c:1782377494*4F\!AIVDM,1,1,,,13lVVR5000JV=uB5u3om4pa6053<,0*20
\s:66,c:1782377497*4C\!AIVDM,1,1,,B,E>mw6WfPW1T7a0SRh2r00000000@FR8p0kdV000003jP10,4*27
\s:66,c:1782377498*43\!AIVDM,1,1,,A,18I78=001V8kfAfA3:Tp;FM800Rf,0*71
\s:66,c:1782377496*4D\!AIVDM,1,1,,A,B3P:ir@00?v?TK7@eFif1HN00000,0*53
\s:66,c:1782377498*43\!AIVDM,1,1,,B,1:U7Ir0P00tQQiIi176N4?w<2@Ff,0*46
\s:66,c:1782377493*48\!AIVDM,1,1,,A,13QVuh00140cF3RO06uqg7m00000,0*0F
\s:66,c:1782377496*4D\!AIVDM,1,1,,A,13cdGi0P00Psp=HEMJHv4?w82000,0*71
\s:66,c:1782377493*48\!AIVDM,1,1,,A,18LPB@00267cBq4:gwsMV:jJ08CE,0*30
\s:66,c:1782377499*42\!AIVDM,1,1,,B,19NShHPw1v7HJM40iv84uCw>0<3N,0*11
\s:66,c:1782377499*42\!AIVDM,1,1,,A,1:U7b4PPAVM7e1skH2JC2RK>0@Fk,0*03
\s:66,c:1782377499*42\!AIVDM,1,1,,A,133uSEPP01PClP2MFo4>4?w>253<,0*4C
\s:66,c:1782377498*43\!AIVDM,1,1,,A,H5:t6cQ<4t00000000000000000,2*5F
\s:66,c:1782377498*43\!AIVDM,1,1,,A,H5:t6cTTC=D4NIT676jphh1`0400,0*65
\s:66,c:1782377500*43\!AIVDM,1,1,,,16K2g@U0009jU6FD3nAK8@S<0000,0*29
\s:66,c:1782377496*4D\!AIVDM,1,1,,B,177nQt@P0;8:mw2<lulipOw60<2L,0*42
\s:66,c:1782377492*49\!AIVDM,1,1,,A,33`tNT@P00PFJk<Mv4i>4?w02C9k,0*04
\s:66,c:1782377497*4C\!AIVDM,1,1,,A,17liSu@P00WIQ0p0hQMf4?w828EJ,0*7F
\s:66,c:1782377498*43\!AIVDM,1,1,,A,15`VAWp01OP`iQ8IGeT;48c808FL,0*5D
\s:66,c:1782377499*42\!AIVDM,1,1,,A,E>mWA7bb;I@@@@@@@@@@@@@@@@@ClRL85tw2`1088;v0000,2*00
\s:66,c:1782377493*48\!AIVDM,1,1,,A,ENl5Aj><56R8hK@4@@@@@@@@@@@DG;SL8Vuah00003v010,4*66
\s:66,c:1782377500*43\!AIVDM,1,1,,A,13`dgAoP00PDI8hMdthv4?w<R8FQ,0*4A
\s:66,c:1782377395*49\!AIVDM,1,1,,B,3815D4m0000CfFNMcsv4gPCh0Dar,0*7E
\s:66,c:1782377501*42\!AIVDM,1,1,,B,169`w1001C`he1rAg8f4BS=<28FU,0*24
\s:66,c:1782377480*4A\!AIVDM,1,1,,B,13aL>LgP000CpsNMdq`h0?v`0H;u,0*0E
\g:1-2-5198901,s:66,c:1782377501*0D\!AIVDM,2,1,1,B,56:?0@`00000905?B20PtpN20@F1<PDpN21UD4q60qP9;uaB08lBCQp1,0*1A
\g:2-2-5198901*60\!AIVDM,2,2,1,B,0Cp888888888880,2*1D
\s:66,c:1782377500*43\!AIVDM,1,1,,,17WDuhP0008V`<h8Nbk3D@96P`Cc,0*02
\s:66,c:1782377500*43\!AIVDM,1,1,,A,B3P:ir@00?v?TK7@eFihQJN00000,0*3F
\s:66,c:1782377499*42\!AIVDM,1,1,,A,ENkb9QjVTV2h97QUah@@@@@@@@@;WV96:l0Mp00003vP000,2*22
\s:66,c:1782377503*40\!AIVDM,1,1,,B,148V1F001MQPfg0OoKRe5:OD0@IG,0*53
\g:1-2-5198902,s:66,c:1782377189*0A\!AIVDM,2,1,2,B,53aBNQH000010CC;38104p4l5P0000000000001@;p?3;=`:A04Sm51D,0*7E
\g:2-2-5198902*63\!AIVDM,2,2,2,B,Q0CH<QH41E4Sj0@,2*67
\s:66,c:1782377501*42\!AIVDM,1,1,,B,13ku:C@w2pMfinTCac49pGq>053<,0*73
\s:66,c:1782377501*42\!AIVDM,1,1,,B,B5N44bP00>`NkKUTcKwQ3wlQl000,0*34
\s:66,c:1782377500*43\!AIVDM,1,1,,B,13l3r;P01L1P0JjOqG>43CC@0l1I,0*79
\s:66,c:1782377495*4E\!AIVDM,1,1,,B,16;?6f001P8l8VhAW@W7A5g400S>,0*39
\s:66,c:1782377500*43\!AIVDM,1,1,,A,33cqAI002m0gB8:Q54u3Tjkp0000,0*47
\s:66,c:1782377158*4A\!AIVDM,1,1,,A,H8TFvfTNC8e19Cj;EP>1>P2H:440,0*4E
\s:66,c:1782377501*42\!AIVDM,1,1,,A,13cqAI002oPgD7FQ54j3SjmB853<,0*7C
\s:66,c:1782377495*4E\!AIVDM,1,1,,B,13MCJk0000PCafHN9loUh1?60L1M,0*25
\s:66,c:1782377500*43\!AIVDM,1,1,,A,15?dOSw0013N7kL@@Qt0<1e<0<k7,0*5F
\s:66,c:1782377503*40\!AIVDM,1,1,,B,15SfJj001r0jNb6EIj@T7k?F08I5,0*14
\s:66,c:1782377502*41\!AIVDM,1,1,,A,13aIi80P000IA>NNKSC:3gw@2HG>,0*3A
\s:66,c:1782377503*40\!AIVDM,1,1,,A,4028jJivad`kbOhKRlE4QL?P2@I1,0*20
\s:66,c:1782377495*4E\!AIVDM,1,1,,A,13M@H3P01jOs4`DRQkwC?Rg:0000,0*29
\s:66,c:1782377502*41\!AIVDM,1,1,,B,15?dblh01lP3Q7`M1DPq?GK@0`HR,0*34
\s:66,c:1782377494*4F\!AIVDM,1,1,,B,16:=gtPP008e8E0ArCU:fOw6053<,0*5B
\s:66,c:1782377497*4C\!AIVDM,1,1,,B,18J4tn?P007J`R@0e@fe;?w@0<7w,0*41
\s:66,c:1782377503*40\!AIVDM,1,1,,A,17mFAl000n7Lj>p0d3lsraO80l<P,0*0B
\s:66,c:1782377499*42\!AIVDM,1,1,,A,19NS`:0tiV8ViGhDW6M41C?p0<6@,0*21
\s:66,c:1782377501*42\!AIVDM,1,1,,B,16:C>TPP0e8fdA@A71a`=Ow>0PT0,0*26
\s:66,c:1782377432*43\!AIVDM,1,1,,A,33aDpbUP010CIh<McrwWAgvtPDW:,0*5A
\s:66,c:1782377305*40\!AIVDM,1,1,,B,33`macUP00PDuM>Me<Hv4?vj2Dh:,0*24
\s:66,c:1782377442*44\!AIVDM,1,1,,B,33aJII@P01PDIB`Md2s9cgwD24N1,0*7F
\s:66,c:1782377497*4C\!AIVDM,1,1,,B,15NO>DP013oRwIrCCBvb885:20S<,0*7D
\s:66,c:1782377499*42\!AIVDM,1,1,,B,16:c8JO0008;8D@<s7w61kk<08Fn,0*5D
\s:66,c:1782377495*4E\!AIVDM,1,1,,B,17ldhjhP00WhQE?tI2MJPOw60L0O,0*50
\s:66,c:1782377500*43\!AIVDM,1,1,,A,33a;tl02h8JT9@nE8VbR72mp0000,0*3C
\s:66,c:1782377501*42\!AIVDM,1,1,,B,35?dW75001`997T<p00FL49:0000,0*6E
\s:66,c:1782377501*42\!AIVDM,1,1,,B,B69CWQ@0F2>:ToT1l3<Wl0D40000,0*6B
\s:66,c:1782377500*43\!AIVDM,1,1,,A,38u>pt50001DIsEdUn61jag>0DPr,0*31
\s:66,c:1782377501*42\!AIVDM,1,1,,B,15Ng:V0002rA@GN>rm0615w80D4O,0*7F
\s:66,c:1782377498*43\!AIVDM,1,1,,B,13P=2fh03l08Nj8MEoiTMCa<0<16,0*0F
\s:66,c:1782377501*42\!AIVDM,1,1,,A,33c:JT000GP@r<jMKWh6GiK>20sA,0*46
\s:66,c:1782377496*4D\!AIVDM,1,1,,A,13cvJC00hl`WN7TDVR9bw8hp053<,0*60
\s:66,c:1782377480*4A\!AIVDM,1,1,,B,13aEQ8PP00PBOnlMaiRA;Ov`20S6,0*66
\s:66,c:1782377501*42\!AIVDM,1,1,,A,13=2WC`P0012TVlDOTAFKOwB00SM,0*15
\s:66,c:1782377500*43\!AIVDM,1,1,,A,133orjUP01PCH28MKrKN4?w@RHGu,0*50
\s:66,c:1782377501*42\!AIVDM,1,1,,A,185aQORP00WJtlr0gKoN4?w8253<,0*61
\s:66,c:1782377502*41\!AIVDM,1,1,,A,13aGCN@P00PDQH`Me;IW9wwF2@Hp,0*4A
\s:66,c:1782377503*40\!AIVDM,1,1,,A,1:U7C;PP?wLQq25iJ5>N4?wB0D0W,0*5F
\s:66,c:1782377502*41\!AIVDM,1,1,,A,B3mr71P008R2UOb1RccGswm5oP06,0*7F
\g:1-2-5198903,s:66,c:1782377498*0E\!AIVDM,2,1,3,A,5CMCQm000000m0PWR204hl60@F0l5:222222220U1P231000000`<`0@,0*43
\g:2-2-5198903*62\!AIVDM,2,2,3,A,000000000000000,2*27
\s:66,c:1782377499*42\!AIVDM,1,1,,B,17m3v0@1@08Fd=gwBh55@6o00l3r,0*13
\s:66,c:1782377500*43\!AIVDM,1,1,,B,40632FP000Htt2mM3eucuo700l12,0*68
\s:66,c:1782377500*43\!AIVDM,1,1,,A,1815Rs@01gOF@;dDhQk:n8e:0<06,0*15
\s:66,c:1782377499*42\!AIVDM,1,1,,B,339wo30P0:0tDO0OLraJV2u80000,0*51
\s:66,c:1782377500*43\!AIVDM,1,1,,B,1:U7t7PP00tr<2QjrNV7Rgw@20RD,0*77
\s:66,c:1782377493*48\!AIVDM,1,1,,B,B3@ot@P0Ap=rqtWlfAf4owh1l@CG,0*73
\s:66,c:1782377500*43\!AIVDM,1,1,,A,405vd<1vad`kWP03@F3>Hw700HGV,0*2E
\s:66,c:1782377499*42\!AIVDM,1,1,,A,14`Vhp0vk000wRP34UrWJms:66,0*79
\s:66,c:1782377500*43\!AIVDM,1,1,,A,18I:I<?P017L;JF0h4L>4?w40D3w,0*6D
\s:66,c:1782377492*49\!AIVDM,1,1,,B,4030pCQvad`kPo=DgRL9Q0o0053<,0*0A
\s:66,c:1782377493*48\!AIVDM,1,1,,B,169qb=00038hU<@AUM`QpQU00<1e,0*3B
\s:66,c:1782377494*4F\!AIVDM,1,1,,,17ldaeh00e8LPwv0;S?G9Ea60000,0*4E
\s:66,c:1782377498*43\!AIVDM,1,1,,,17ldaeh00e8LPwr0;S2W:5a>0000,0*2C
\s:66,c:1782377498*43\!AIVDM,1,1,,B,13aI<K0P00PDrTVN1<a>4?w<2<2U,0*49
\s:66,c:1782377495*4E\!AIVDM,1,1,,A,15Mj3<0000o?:rPK?rb0o@c4015H,0*12
\s:66,c:1782377502*41\!AIVDM,1,1,,B,13HOI:;P00P0VQ0LCnd1=Ow@0HHP,0*7E
\s:66,c:1782377502*41\!AIVDM,1,1,,A,B6:cd3P0AB9d=D4TTO8d7h<TSP00,0*08
\s:66,c:1782377502*41\!AIVDM,1,1,,B,16:af60000`W0NpBBrV`WOwB0000,0*79
\s:66,c:1782377494*4F\!AIVDM,1,1,,B,23aDr65P00PGdkjNPk:v4?w42HCw,0*6D
\s:66,c:1782377501*42\!AIVDM,1,1,,A,16:7fSP01I8jhIPCJ88725Q@0HH5,0*0F
\s:66,c:1782377503*40\!AIVDM,1,1,,B,C6:c`HP00227PbS?qe4MCwv0>bB>2L>@2L>`2CkQch00S4H44SPP,0*3B
\s:66,c:1782377501*42\!AIVDM,1,1,,B,H6:MWi0hT4v0pTpN1TuF1<F3J20,2*12
\s:66,c:1782377501*42\!AIVDM,1,1,,A,H6:MWi4Q6DeimhmPPPPPPP5@8870,0*40
\s:66,c:1782377501*42\!AIVDM,1,1,,B,19NS=nh00s2n:douUeb`3VIB0<16,0*37
\s:66,c:1782377502*41\!AIVDM,1,1,,A,1:U6uR@P00tr<JAjr1d=hwwF28Hh,0*3C
\s:66,c:1782377497*4C\!AIVDM,1,1,,A,16QeJ@m02I2OtD4@mnrQeiK:00S6,0*38
\s:66,c:1782377501*42\!AIVDM,1,1,,A,16:@4A0Oh58gVLnAC`kb2ahp08B9,0*74
\s:66,c:1782377501*42\!AIVDM,1,1,,B,16:5;vP01B8er5@Am9tcoIO>00Rv,0*58
\s:66,c:1782377501*42\!AIVDM,1,1,,A,19NSNT@01s1HL;JE9u:49SGl0<0F,0*63
\g:1-2-5198904,s:66,c:1782377502*0B\!AIVDM,2,1,4,B,56;g5V8000008tEWJ20@60HDpN0L4pN0P4U8tpM6EhTM85cc0CCPC`4j,0*50
\g:2-2-5198904*65\!AIVDM,2,2,4,B,0H8888888888880,2*5B
\s:66,c:1782377501*42\!AIVDM,1,1,,A,B5O1qF0006QB;e3vGfP000N00000,0*29
\s:66,c:1782377496*4D\!AIVDM,1,1,,A,160m5f@00U3W@b8?JdtaUHK628Dm,0*03
\s:66,c:1782377501*42\!AIVDM,1,1,,A,14`Uus@w1lP>Dp4N<Ae`9VO@0L9>,0*39
\s:66,c:1782377503*40\!AIVDM,1,1,,B,15@S>Q002M7pLLikKrruD:eD0D03,0*71
\s:66,c:1782377503*40\!AIVDM,1,1,,B,18I>b?0wB67Cq=b16NIE;D=F0D1p,0*1B
\s:66,c:1782377503*40\!AIVDM,1,1,,A,13IouB0004P1;LnLS47f37iB0HI:,0*17
\s:66,c:1782377500*43\!AIVDM,1,1,,A,B7OrK30002e1VOs:66,0*10
\s:66,c:1782377500*43\!AIVDM,1,1,,B,13I`R3P03>0FVP>HmCs:66,0*4A
\s:66,c:1782377499*42\!AIVDM,1,1,,B,17lchqP02?8FfCCw@6pEPlM=053<,0*32
\s:66,c:1782377499*42\!AIVDM,1,1,,,B5OD<h0005qoSUTcWacQ3wkQh000,0*47
\s:66,c:1782377500*43\!AIVDM,1,1,,B,13gTu1P000NrILLThoOV`ww@053<,0*25
\s:66,c:1782377497*4C\!AIVDM,1,1,,B,15B5A:00021u<FdGBjQovrW:053<,0*47
\s:66,c:1782377500*43\!AIVDM,1,1,,B,19AFcekP00RAHRpB0P;>4?w>200j,0*53
\s:66,c:1782377493*48\!AIVDM,1,1,,A,18T<ep00007b@J85tT9V224v0000,0*0D
\s:66,c:1782377499*42\!AIVDM,1,1,,A,15OBfaPOh`q=6g:@tO?:gpa<0@G6,0*2D
\s:66,c:1782377498*43\!AIVDM,1,1,,B,H3P8qghu<<5:M>1=0U8U@000000,2*07
\s:66,c:1782377498*43\!AIVDM,1,1,,A,H3P8qglUCBD5R1s=:1Bn001P5230,0*05
\s:66,c:1782377500*43\!AIVDM,1,1,,B,13M9`20P00wO:r2ST5Ev4?w@20Rf,0*28
\s:66,c:1782377500*43\!AIVDM,1,1,,A,35O0@igP@8K4On<GLvb1HkC>00m1,0*77
\s:66,c:1782377501*42\!AIVDM,1,1,,A,13s=JugP0MwEbitEfAG7VOw@253<,0*66
\s:66,c:1782377498*43\!AIVDM,1,1,,A,18SPGbPP01WaHnp;r5cuMgw:253<,0*6D
\s:66,c:1782377499*42\!AIVDM,1,1,,A,13P=lf02B58laIfA:EO:=`7@053<,0*47
\s:66,c:1782377498*43\!AIVDM,1,1,,B,15RsTp001rNiN@T=h6cH2VM:0PRT,0*27
\s:66,c:1782377496*4D\!AIVDM,1,1,,A,18I;K=002CwqiL2LbEgjqBBd0D<P,0*20
\s:66,c:1782377490*4B\!AIVDM,1,1,,A,168vk13P00`e0vhAtEDaf?vj253<,0*65
\s:66,c:1782377469*4D\!AIVDM,1,1,,B,34S8925000PBolVMfqpKBVJB0DaJ,0*22
\s:66,c:1782377501*42\!AIVDM,1,1,,A,13o2=r00000j81DQp:hJ@Wq800S5,0*20
\s:66,c:1782377494*4F\!AIVDM,1,1,,B,19NSnC@01uOv7;PLo3J9s7s40D<P,0*34
\s:66,c:1782377500*43\!AIVDM,1,1,,B,15B7>:002p0csOLQ1PcBe2=>0d2P,0*42
\s:66,c:1782377503*40\!AIVDM,1,1,,,B5OD<h0005qoSU4cWacQ3wmQh000,0*21
\s:66,c:1782377502*41\!AIVDM,1,1,,B,39NSt2A0008lD``AJEPWE2qB0Dd:,0*32
\s:66,c:1782377499*42\!AIVDM,1,1,,A,13aDou?P00PF`t6Mv8L6wOw>253<,0*40
\s:66,c:1782377501*42\!AIVDM,1,1,,A,18T<ep00007b@J>5tT9n225<0000,0*78
\s:66,c:1782377497*4C\!AIVDM,1,1,,B,38T<ep00007b@J>5tT:6225:00o1,0*7A
\s:66,c:1782377503*40\!AIVDM,1,1,,B,38T<ep00007b@J:5tT9V225D00oA,0*13
\s:66,c:1782377503*40\!AIVDM,1,1,,B,35OBfaPOh`q=6eT@tO@:h8aD01o@,0*2F
\s:66,c:1782377500*43\!AIVDM,1,1,,A,19NSpAU0002:<iFR@uPf42c@0000,0*08
\s:66,c:1782377501*42\!AIVDM,1,1,,B,17lcj;0P?w<tSF0l4Q@>4?wp1d<S,0*79
\s:66,c:1782377500*43\!AIVDM,1,1,,B,ENjR7c?414Th9b90bVVh@@@@@@@?>dfPC:ic01088;v0100,2*37
\s:66,c:1782377503*40\!AIVDM,1,1,,A,19NSnC@01uOv6vHLo369s7sD0@IE,0*0B
\s:66,c:1782377502*41\!AIVDM,1,1,,B,BCh8@r003WTGvcaMvUTqswV2s000,0*2D
\s:66,c:1782377497*4C\!AIVDM,1,1,,B,18Htjp000i`jjSR@dD1kT2k60D2W,0*22
\s:66,c:1782377504*47\!AIVDM,1,1,,B,14``AG001i:8njaamn`T2CCD00Ra,0*0A
\s:66,c:1782377497*4C\!AIVDM,1,1,,A,13HWnE?P0b0EIgdHiLbrcOw:0<0c,0*51
\s:66,c:1782377502*41\!AIVDM,1,1,,A,B7fHDN000C:jT`uMJ45Oa<v00000,0*47
\s:66,c:1782377498*43\!AIVDM,1,1,,A,19NSt3002=wf9k6DcaCC<BK20000,0*4F
\s:66,c:1782377493*48\!AIVDM,1,1,,B,B6:4>TP0027K@L5TDQQL?wv63P06,0*23
\s:66,c:1782377498*43\!AIVDM,1,1,,A,19NSd2P12uN84uAjA1eSQBk80@F?,0*50
\s:66,c:1782377499*42\!AIVDM,1,1,,B,17ldKEpP00`Fg<mwDELpcww420SF,0*1F
\s:66,c:1782377499*42\!AIVDM,1,1,,B,13bQ9t3Oh3PVcw0NcvLSKqi>0@G4,0*76
\s:66,c:1782377498*43\!AIVDM,1,1,,A,90003rBSAgPqs8:GrQpCeIP26031,0*14
\s:66,c:1782377498*43\!AIVDM,1,1,,B,1856GOPP007JKN`0fkCpbOw600S6,0*38
\s:66,c:1782377497*4C\!AIVDM,1,1,,,13l<j<001T`cSef?CmaiKQ?60000,0*5F
\s:66,c:1782377499*42\!AIVDM,1,1,,B,B3@pL5@0<p0E7JW7QBFTj=kUoP06,0*18
\s:66,c:1782377499*42\!AIVDM,1,1,,B,1r5aWV?P0D2mOsmubsDTAgw<2P00,0*5D
\s:66,c:1782377497*4C\!AIVDM,1,1,,A,33tfkP00001>P:TRoQJj9Qgp0000,0*0D
\s:66,c:1782377495*4E\!AIVDM,1,1,,A,16K2PMh000aiO1<CwoKd0pH600SL,0*02
\s:66,c:1782377499*42\!AIVDM,1,1,,A,19NSpkh0jDOS=ppL7AKjU29<0@GF,0*77
\s:66,c:1782377500*43\!AIVDM,1,1,,A,13kttIP02MOasPrLD2T2ejA>0<1C,0*34
\s:66,c:1782377498*43\!AIVDM,1,1,,B,1815BM0011`h;0pA0vTs4I8b0<;T,0*30
\s:66,c:1782377499*42\!AIVDM,1,1,,A,15NSnfU018q=FSB@t>HLpgw@00SW,0*6A
\s:66,c:1782377494*4F\!AIVDM,1,1,,A,35N1c70000JrmvRH?G>;GUgp0000,0*4A
\s:66,c:1782377502*41\!AIVDM,1,1,,A,15?daHP0014w9TP<vai5sJU@0<5T,0*79
\g:1-2-5198905,s:66,c:1782377453*0F\!AIVDM,2,1,5,A,533nj8`00000uC?KWP0p5HU8400000000000001@?H<5<uaQF7@hC0CQ,0*16
\g:2-2-5198905*64\!AIVDM,2,2,5,A,2hCP@C81E583klh,2*46
\s:66,c:1782377500*43\!AIVDM,1,1,,A,344gjIUP?w<tSF0l4Q@>4?wv0RqA,0*5E
\s:66,c:1782377501*42\!AIVDM,1,1,,B,17ldU0hP007a:v;tP;02s?w:0<4P,0*23
\s:66,c:1782377478*4D\!AIVDM,1,1,,A,13aGEBhP0RPEHGLMlHq0fwvT2D0r,0*26
\s:66,c:1782377501*42\!AIVDM,1,1,,B,13Ef9;?P00OWbudDRM7L1ww>0<3E,0*57
\s:66,c:1782377502*41\!AIVDM,1,1,,A,1815NBh01nv2<822I8s<9am<00R>,0*3B
\s:66,c:1782377499*42\!AIVDM,1,1,,A,13aD@QgP000EmEVNCHM@0?w>053<,0*28
\s:66,c:1782377502*41\!AIVDM,1,1,,B,181:KmP022wWtD2L6Du9KGQB0<1Q,0*42
\s:66,c:1782377502*41\!AIVDM,1,1,,A,13@otuCP010ql7bOp@@==gw@0D2N,0*07
\s:66,c:1782377500*43\!AIVDM,1,1,,B,403t=K1vad`kR`gTjhAvds7000S:,0*14
\s:66,c:1782377503*40\!AIVDM,1,1,,B,19NSd2P02uN856=jA1eSPjkB053<,0*3C
\s:66,c:1782377496*4D\!AIVDM,1,1,,A,169`TaP01F`g3VpAnwM;taU20<>j,0*4C
\s:66,c:1782377502*41\!AIVDM,1,1,,B,16T5Kv002:8?V;N:sj31QQBd0L0;,0*22
\s:66,c:1782377501*42\!AIVDM,1,1,,B,13l<j<001U`cSgJ?CmqQL1?<00RV,0*73
\s:66,c:1782377501*42\!AIVDM,1,1,,B,13P;Kb0P000D;JPMDvRRQ?wB0D<P,0*6C
\s:66,c:1782377500*43\!AIVDM,1,1,,B,BCgO=;0007VaCkaRt6H03wsP1000,0*7D
\s:66,c:1782377501*42\!AIVDM,1,1,,A,139LCWg0090jWfPO8NjUk6UD00RH,0*70
\s:66,c:1782377501*42\!AIVDM,1,1,,B,1:1GVp?P03Pq5VDDPNPL6Ow@20Rk,0*27
\s:66,c:1782377499*42\!AIVDM,1,1,,B,ENo6gp?2W0`Hh@@@@@@@@@@@@@@=C8Ot2v:t01088;v010,4*74
\s:66,c:1782377497*4C\!AIVDM,1,1,,A,13P=km5PBo07D4lMG5KmBT7:08ET,0*07
\s:66,c:1782377503*40\!AIVDM,1,1,,A,18LgBi@000W=mCd7QH@005GF20S>,0*4A
\s:66,c:1782377499*42\!AIVDM,1,1,,A,16QgeS002<ROh?T@k1h1:hw>053<,0*63
\s:66,c:1782377503*40\!AIVDM,1,1,,A,35@QNL001qJBJhRBgQ05KTEp0000,0*50
\s:66,c:1782377501*42\!AIVDM,1,1,,A,13`eIuPP0BPEiLRN7EdEpwwB0000,0*22
\s:66,c:1782377497*4C\!AIVDM,1,1,,B,18HroL000?WPn9V12C@n8UO6053<,0*4C
\s:66,c:1782377499*42\!AIVDM,1,1,,B,13AMAP00378`go`>PNb8IFi:8HG3,0*2C
\s:66,c:1782377499*42\!AIVDM,1,1,,B,38I;iN5000`fOklA2><VqG:r0000,0*69
\s:66,c:1782377499*42\!AIVDM,1,1,,A,13m8lk`0001dKSD`KkC5eDi:0@Fq,0*2C
\s:66,c:1782377500*43\!AIVDM,1,1,,A,36:;MCPP@K8VBM8DVjF7A7I@0000,0*08
\s:66,c:1782377497*4C\!AIVDM,1,1,,A,26Shgh50007`Vw@62EIJjU?:0@ED,0*2C
\s:66,c:1782377500*43\!AIVDM,1,1,,B,16::DkPPAp89Hkf<lUOFe5G>053<,0*57
\s:66,c:1782377499*42\!AIVDM,1,1,,A,28SJ=f`P007`epJ691E<9ww408FC,0*11
\s:66,c:1782377500*43\!AIVDM,1,1,,B,13MB8K@01Q0vikfE6iOc9`u800So,0*77
\s:66,c:1782377498*43\!AIVDM,1,1,,B,H5O5Vs4TC=D4HQ=G4<mmlh0p6220,0*40
\s:66,c:1782377499*42\!AIVDM,1,1,,A,133orIPP000CbAdMH<C9uww@2L7w,0*3F
\s:66,c:1782377498*43\!AIVDM,1,1,,A,13Ij6c7000wpaODLJ5K>48A<P0SM,0*71
\s:66,c:1782377498*43\!AIVDM,1,1,,A,D02R3bPkDNfq6DO6D0,4*3E
\s:66,c:1782377499*42\!AIVDM,1,1,,B,13IQgk001801c8`LkIIjo2?:0W3h,0*29
\s:66,c:1782377495*4E\!AIVDM,1,1,,B,B3aHT3P0>@66g<7UrdGK7wiQh0TI,0*1A
\s:66,c:1782377503*40\!AIVDM,1,1,,B,B8StHQh00qs@m31Nh5oJOwl73P06,0*14
\s:66,c:1782377501*42\!AIVDM,1,1,,A,28SJwShP037acH:5uaud4gw@0L52,0*42
\s:66,c:1782377502*41\!AIVDM,1,1,,B,169DbPQP0A8fur0A:hf7mwwB08Cm,0*3F
\s:66,c:1782377499*42\!AIVDM,1,1,,A,16U=ER002C8ctNn?RKciBQ7:0@FR,0*76
\s:66,c:1782377501*42\!AIVDM,1,1,,A,403OtTAvad`k`o7jefGQ6f?0253<,0*57
\s:66,c:1782377502*41\!AIVDM,1,1,,B,19t6Ut@vA99L9blHWvscD9C@2PS1,0*45
\s:66,c:1782377495*4E\!AIVDM,1,1,,A,B3`h?n@0Fp5eOhWUkCNgowiQl53<,0*4A
\s:66,c:1782377497*4C\!AIVDM,1,1,,B,H3aB9O0ltp60hU<400000000000,2*52
\s:66,c:1782377497*4C\!AIVDM,1,1,,B,H3aB9O4TFC@<BLq@4jokj01H1130,0*57
\s:66,c:1782377500*43\!AIVDM,1,1,,A,403OwnAuJl`k`q><;l@l7L?028Gb,0*6D
\g:1-2-5198906,s:66,c:1782377496*05\!AIVDM,2,1,6,A,560KdfH2HAghQ`5D001`4lTjljp:sP000000001S3HwDDu>f08d<<<00,0*1E
\g:2-2-5198906*67\!AIVDM,2,2,6,A,000000000000000,2*22
\s:66,c:1782377502*41\!AIVDM,1,1,,A,170sd80P00T216B>PEVPfwwD08Hm,0*5E
\s:66,c:1782377502*41\!AIVDM,1,1,,A,1815G800193q8nP=qaga?7Jh053?,0*10
\s:66,c:1782377503*40\!AIVDM,1,1,,A,35?daOP01l0?Fj<MROrUhDiF06Pk,0*3E
\s:66,c:1782377500*43\!AIVDM,1,1,,B,13Q;;h002D0Nd8jNkM0@6PA>0@GS,0*45
\s:66,c:1782377498*43\!AIVDM,1,1,,A,13cr=S0029wqIb4Lhfbb2Gu>053<,0*3F
\s:66,c:1782377501*42\!AIVDM,1,1,,A,16:I@qPP1R8cMrBB2u;4sgwD0<7I,0*79
\s:66,c:1782377501*42\!AIVDM,1,1,,A,13ASOt00310?o<fEAEm::`;B0000,0*00
\s:66,c:1782377499*42\!AIVDM,1,1,,A,19NSo@P005JdVjDF3uvilJM:053<,0*6B
\s:66,c:1782377499*42\!AIVDM,1,1,,B,38I33A002I705>t38NMs4pk<0E@u,0*0D
\s:66,c:1782377493*48\!AIVDM,1,1,,B,16:BTl001b8NU`tF>HA;@Hu20D=d,0*2E
\s:66,c:1782377498*43\!AIVDM,1,1,,B,19pDd6?P0NvhUvH83>lt7ww:28F0,0*73
\s:66,c:1782377498*43\!AIVDM,1,1,,A,38u<4gUPAcR>00efr9iBpBC:01uP,0*70
\s:66,c:1782377497*4C\!AIVDM,1,1,,A,17Of<59P00:KIF?nBg3HnOw<0000,0*72
\s:66,c:1782377499*42\!AIVDM,1,1,,A,169CL<0P1A8frh@A:lM1R?w<0HFV,0*1A
\s:66,c:1782377379*4B\!AIVDM,1,1,,B,13aDotPP1GPEcMhMdf=9Oww>R@G0,0*63
\s:66,c:1782377464*40\!AIVDM,1,1,,B,13P7lC0P000BPlfMa`u@0?v8053<,0*15
\s:66,c:1782377500*43\!AIVDM,1,1,,B,ENjbW9?6TaaTW3h@@@@@@@@@@@@@KRa`@SsOH00000N0100,2*0F
\s:66,c:1782377500*43\!AIVDM,1,1,,A,36T1Qv0sAm8l@bPA3kP1Bi9<020@,0*0C
\s:66,c:1782377499*42\!AIVDM,1,1,,B,B346ogP00045a47FRKWQ3wkUh000,0*26
\s:66,c:1782377501*42\!AIVDM,1,1,,A,19NS<lP0290eEKpERd=cE9?>0<:=,0*78
\s:66,c:1782377501*42\!AIVDM,1,1,,B,168tsVPP008f`n0ARJPSJww>00SR,0*04
\s:66,c:1782377501*42\!AIVDM,1,1,,A,18Hwq7P000WJbd@0cR`6JRc@0LHc,0*56
\s:66,c:1782377502*41\!AIVDM,1,1,,A,13F=qV8P00QDIR3dUp5QsOwF00S>,0*68
\s:66,c:1782377491*4A\!AIVDM,1,1,,B,13:PRowP008e6@hAtj6WAgw00@CF,0*3E
\s:66,c:1782377351*41\!AIVDM,1,1,,A,33ku;L5000PCeVjMcum3JPHB0lcr,0*58
\s:66,c:1782377502*41\!AIVDM,1,1,,B,38u<4gUPAdR>03kfr9ojm2?@013@,0*6A
\s:66,c:1782377501*42\!AIVDM,1,1,,B,13LBbOSsPt1U2WPRKLbuqK400000,0*2D
\s:66,c:1782377496*4D\!AIVDM,1,1,,A,33aL=s00100J3hFNDS4`L6ap0000,0*45
\g:1-2-5198907,s:66,c:1782377501*0B\!AIVDM,2,1,7,A,53aL=s4000010S?OW40PDpA8Td000000000000007p056000050CQ2BR,0*5E
\g:2-2-5198907*66\!AIVDM,2,2,7,A,h00000000000000,2*7B
\s:66,c:1782377495*4E\!AIVDM,1,1,,B,13@oHQh0010;hnTR>3n0h8;408Da,0*62
\s:66,c:1782377500*43\!AIVDM,1,1,,B,144VLKPuR30ccg2ESonlkCi>08GK,0*64
\s:66,c:1782377500*43\!AIVDM,1,1,,B,15?db>@P01R4jTTGMk?Ec?w@00Rt,0*6D
\s:66,c:1782377499*42\!AIVDM,1,1,,B,H53BsAlU7B=4000nIGCm001@B440,0*23
\s:66,c:1782377501*42\!AIVDM,1,1,,B,13chFC0P010qBNHEh5Ke=gwD253<,0*1A
\s:66,c:1782377502*41\!AIVDM,1,1,,B,B53BsAh006`NPq5ThRkQ3wm1h000,0*61
\s:66,c:1782377503*40\!AIVDM,1,1,,A,17ldl`h1i>7aM>itWI9nvEQR0L3p,0*54
\s:66,c:1782377496*4D\!AIVDM,1,1,,A,1n9?Jn00230=4;fEK5iJ3`180000,0*7C
\s:66,c:1782377503*40\!AIVDM,1,1,,A,139OmtPP000CTK6MHAff4?wFRD80,0*71
\s:66,c:1782377495*4E\!AIVDM,1,1,,B,1774b8002HwMBJ4J`ps1:Ps608DV,0*2B
\s:66,c:1782377498*43\!AIVDM,1,1,,B,1815PU@tih`jQq2A:fQiSAA<2U3<,0*22
\s:66,c:1782377500*43\!AIVDM,1,1,,A,19NSG;h02o129G`ObM=8MVk<0HGS,0*12
\s:66,c:1782377499*42\!AIVDM,1,1,,B,13ErWkWP0:wUh98DSnpkNOw:2@Em,0*1E
\s:66,c:1782377499*42\!AIVDM,1,1,,A,19NSIKP02>39a7=umeqSH2q:08Fs,0*6F
\s:66,c:1782377498*43\!AIVDM,1,1,,B,16:?sm00008g;btA>kMm@Qo80@FK,0*44
\s:66,c:1782377499*42\!AIVDM,1,1,,B,13VH@l0wQQQ1D9tOVJ6`Pnm80HFq,0*1A
\s:66,c:1782377496*4D\!AIVDM,1,1,,B,13mGBS70000WF7<QHJ<;MTm80<09,0*2C
\s:66,c:1782377500*43\!AIVDM,1,1,,B,15NNqv500`oREpRCAa`;R9?<08F<,0*0B
\s:66,c:1782377496*4D\!AIVDM,1,1,,A,14W2`B0ui8o=<e@L8>O1wAa80005,0*65
\s:66,c:1782377500*43\!AIVDM,1,1,,B,29Iik>A0017b3P85oI=72Hk<00S9,0*7B
\s:66,c:1782377502*41\!AIVDM,1,1,,A,13GR8s0P000CsnVMEh3N4?wD0<80,0*03
\s:66,c:1782377499*42\!AIVDM,1,1,,A,344deLP01p0lS0vPppSLGqwp0000,0*4E
\s:66,c:1782377491*4A\!AIVDM,1,1,,B,16:7dwPP1<`eVq0AupQ;FOw0253<,0*4B
\s:66,c:1782377501*42\!AIVDM,1,1,,A,13aEOF@P14PCNplMITnU4?wB253<,0*00
\s:66,c:1782377500*43\!AIVDM,1,1,,A,15?di@@01AWOn8`1RlBGrVE:2D=f,0*02
\s:66,c:1782377496*4D\!AIVDM,1,1,,A,19t6T3@022`=RnF<eEdCc2w20<3;,0*77
\s:66,c:1782377499*42\!AIVDM,1,1,,A,13aNc?@P000EnlLN2`FN4?w>0@G8,0*25
\s:66,c:1782377502*41\!AIVDM,1,1,,A,16:4Gw001R8K<qhFCM4V04kB08HH,0*25
\s:66,c:1782377501*42\!AIVDM,1,1,,B,14eH4Hw000sLsalISPbh047<253<,0*30
\s:66,c:1782377459*4E\!AIVDM,1,1,,A,33`dc0mP00PCfb6McohN4?wnRDFr,0*3A
\s:66,c:1782377501*42\!AIVDM,1,1,,A,3Cgpkn<P06vBuB@V97f2:?vV2064,0*44
\s:66,c:1782377501*42\!AIVDM,1,1,,B,15@`T>001@7IvIL0f8KGeF7B0<;o,0*7B
\s:66,c:1782377501*42\!AIVDM,1,1,,B,B52awb@00=pa944leCWQ3wlUoP06,0*49
\s:66,c:1782377501*42\!AIVDM,1,1,,B,139H5P0PBu0OFOhNpjj3v37>0D1P,0*2E
\s:66,c:1782377503*40\!AIVDM,1,1,,B,B7OosjP3wk?8mP=18D3Q3wwQhU3<,0*6E
\s:66,c:1782377502*41\!AIVDM,1,1,,B,18VFV68P000M6`DNew;LcwwB253<,0*59
\s:66,c:1782377501*42\!AIVDM,1,1,,A,13F<D20P00OH:w0GT6;iwOwB0D0O,0*43
\s:66,c:1782377498*43\!AIVDM,1,1,,A,181:LgP02EMEl`Mv:3fsdaI:0d01,0*18
\s:66,c:1782377492*49\!AIVDM,1,1,,B,33u?mO04ABQB`QtQtSIb1`720000,0*15
\s:66,c:1782377497*4C\!AIVDM,1,1,,,13lcrH00iRJP>A@4eTmUflW8053<,0*1C
\s:66,c:1782377498*43\!AIVDM,1,1,,A,33u?mO03iCQB`MTQtSEr3H7800v0,0*7E
\s:66,c:1782377498*43\!AIVDM,1,1,,B,18uHUa?P01QmI5sdTAGFdgw>253<,0*4A
\s:66,c:1782377499*42\!AIVDM,1,1,,B,15IGQ0?P01KVF0H66ArWFww<853<,0*1F
\s:66,c:1782377499*42\!AIVDM,1,1,,A,33K>1p00000JuFHHbNL@0:cp0000,0*62
\s:66,c:1782377499*42\!AIVDM,1,1,,A,190woSP03F0As1jGo`qi?Q7:0D<r,0*10
\s:66,c:1782377500*43\!AIVDM,1,1,,B,139UR0PP00Pe`K>N`JDWQww@2<5G,0*13
\s:66,c:1782377500*43\!AIVDM,1,1,,A,19NSR3P02O;3O6BIwsBIVWe<0@Ga,0*34
\s:66,c:1782377482*48\!AIVDM,1,1,,A,17tFnN001G8D:Cr:1U1`:6Rf0D0=,0*7D
\s:66,c:1782377498*43\!AIVDM,1,1,,A,1815BW0010OeaI`2rUhPe0K<053<,0*58
\s:66,c:1782377499*42\!AIVDM,1,1,,A,15?de;h1P0rB?N45F5CP03=<053<,0*36
\s:66,c:1782377499*42\!AIVDM,1,1,,B,16:?2hP0008g;QDA>kRHCSQ800Sn,0*26
\s:66,c:1782377500*43\!AIVDM,1,1,,B,13aEP9000CPCo2bMES>tKrU:0<6B,0*0A
\s:66,c:1782377478*4D\!AIVDM,1,1,,B,13B54H0uiOPCmh@MdJtk@jRT00SH,0*52
\s:66,c:1782377453*44\!AIVDM,1,1,,B,33aDob5P00PCbb@MdDvf4?wb2DaJ,0*05
\s:66,c:1782377501*42\!AIVDM,1,1,,A,19NSiN@2h`rAvj45Lc6R3Qq@053<,0*52
\s:66,c:1782377500*43\!AIVDM,1,1,,A,19NSldh2@s8i;<<AkRCbi8q:0@FQ,0*1C
\s:66,c:1782377499*42\!AIVDM,1,1,,B,1:U7IvhP00LF2oUwuqbuf:w<0=`K,0*1C
\s:66,c:1782377502*41\!AIVDM,1,1,,A,36::hl50008fHM@A6te<B`EB0E3:,0*3A
\s:66,c:1782377500*43\!AIVDM,1,1,,A,402M3<1vad`kW0i>THRA<ngP253<,0*49
\s:66,c:1782377495*4E\!AIVDM,1,1,,A,23bhb8?000PGotrNQvc>45340<1:,0*33
\s:66,c:1782377502*41\!AIVDM,1,1,,B,133ma5P000PCjJdMG1Qdl:I@08I3,0*39
\g:1-2-5198908,s:66,c:1782377502*07\!AIVDM,2,1,8,B,53aEP98000010SG?K80lE@Dtu80000000000001?8p?825d=P02hC33h,0*1E
\g:2-2-5198908*69\!AIVDM,2,2,8,B,000000000000000,2*2F
\s:66,c:1782377485*4F\!AIVDM,1,1,,B,13aNct0P01PC>mVMeJPbw?vj253<,0*64
\s:66,c:1782377502*41\!AIVDM,1,1,,A,16:RWaP01Q8ilBJDb=d765e@0D1`,0*01
\s:66,c:1782377502*41\!AIVDM,1,1,,A,BCh:JJ0017VN>r9R3iEmWwp2s000,0*1F
\s:66,c:1782377500*43\!AIVDM,1,1,,A,1815C:@01kWNVp@0oSpHlW720HGS,0*61
\s:66,c:1782377497*4C\!AIVDM,1,1,,A,34hMoe000:0ca5RGNhlRl2;:0000,0*51
\s:66,c:1782377502*41\!AIVDM,1,1,,B,17WnJH001?9L@sBHWqK:E`CD253<,0*27
\s:66,c:1782377500*43\!AIVDM,1,1,,B,15`I@=hvANKUt`P5uC7lQkQ<08Gd,0*1A
\s:66,c:1782377503*40\!AIVDM,1,1,,A,1E?de;h1P0rB?Mh5F5@b03<p0000,0*6F
\s:66,c:1782377498*43\!AIVDM,1,1,,A,H8StNE0G?J22222222222222220,2*4A
\s:66,c:1782377498*43\!AIVDM,1,1,,A,H8StNE4N5@00000ijklmno?ifTG0,0*3E
\s:66,c:1782377500*43\!AIVDM,1,1,,A,13Ee140P00OH3cRH:tUpMgw@00T0,0*3E
\s:66,c:1782377496*4D\!AIVDM,1,1,,A,16:=JF0P008d;whAtbF;mww:0D4k,0*64
\s:66,c:1782377500*43\!AIVDM,1,1,,A,13=qc6001H1NuArOriKDA3O<0000,0*27
\s:66,c:1782377500*43\!AIVDM,1,1,,A,16SfBrPP03a=:fhCuFqii19>253<,0*70
\s:66,c:1782377495*4E\!AIVDM,1,1,,B,17lcn:8P1H`L<8T05H8@QOw428E1,0*03
\s:66,c:1782377496*4D\!AIVDM,1,1,,,B5Nw2EP00NMvRfQQJvEJkwj5l000,0*63
\s:66,c:1782377498*43\!AIVDM,1,1,,A,13@nkCPP000mVrTOpS>rqww>20SB,0*73
\s:66,c:1782377498*43\!AIVDM,1,1,,B,35Wf2:;PA5s6Uhp:Bb4rmI1:0000,0*7E
\s:66,c:1782377499*42\!AIVDM,1,1,,B,18HwO90wA=rQlV`FKN2sD95000S@,0*4E
\s:66,c:1782377498*43\!AIVDM,1,1,,B,13`nu@P000L@CIp2k`13ij2n00RM,0*71
\s:66,c:1782377500*43\!AIVDM,1,1,,,18LWfl5wh0P9wWJM;mlcCrm<1000,0*13
\s:66,c:1782377494*4F\!AIVDM,1,1,,B,D06uUUAIe>fr0q>GM6E?6Esa>GL,2*3A
\s:66,c:1782377499*42\!AIVDM,1,1,,B,1387Gp002QOSqojLsh:6CU1:0@G:,0*5F
\s:66,c:1782377500*43\!AIVDM,1,1,,A,4h5GdPivad`kWWLL8@0kud7000S:,0*71
\s:66,c:1782377495*4E\!AIVDM,1,1,,A,18;;n10P1l`aFDD8Etk1jgw42<2j,0*41
\s:66,c:1782377501*42\!AIVDM,1,1,,A,13eKcL0wP0WK6DP0f22H:nW>0HH<,0*13
\s:66,c:1782377501*42\!AIVDM,1,1,,A,ENjbW9g6TaaTW3h@@@@@@@@@@@@@KQfl@Sgj`00000N0100,2*45
\s:66,c:1782377496*4D\!AIVDM,1,1,,A,16KD>0003;9RF5bB4?GROR780HE7,0*16
\s:66,c:1782377501*42\!AIVDM,1,1,,B,16:5h70P0e`haVPAJ`:RCwwB2Dkw,0*40
\s:66,c:1782377500*43\!AIVDM,1,1,,A,13ctmr3P00Q>w8RG90uirwvH0D0O,0*5F
\s:66,c:1782377501*42\!AIVDM,1,1,,A,16:CP9QP?w8fK70A;59f4?wB0d@D,0*14
\s:66,c:1782377498*43\!AIVDM,1,1,,A,33:5uL0u2@0fnnpO9Jw1k1Mp0000,0*1C
\s:66,c:1782377503*40\!AIVDM,1,1,,A,33lbh:1002OeRk>2v>AMsSEB0000,0*05
\s:66,c:1782377501*42\!AIVDM,1,1,,B,177Jf?00237@0qf1Q>G;TIA>0HH8,0*1E
\s:66,c:1782377503*40\!AIVDM,1,1,,B,18LgI=UP007=kjB7QNSN4?wF2`Ia,0*4A
\s:66,c:1782377495*4E\!AIVDM,1,1,,B,16::gVP01g`cvmPAwoEdQb=42L7I,0*2F
\s:66,c:1782377494*4F\!AIVDM,1,1,,B,13aI9cSP00PEqIpNC56f4?w22<1I,0*5B
\s:66,c:1782377498*43\!AIVDM,1,1,,A,15Qblr0PAd8mS7B@bFqAGQ<B0D0K,0*0A
\s:66,c:1782377494*4F\!AIVDM,1,1,,B,377fvf1w018a@688G;tMA6g00Dbb,0*19
\s:66,c:1782377494*4F\!AIVDM,1,1,,A,16:RB3001b8j18HCPvCG6mU40@CR,0*42
\s:66,c:1782377497*4C\!AIVDM,1,1,,,18I8q65wh0wVntRDRPDe>AI81000,0*43
\s:66,c:1782377493*48\!AIVDM,1,1,,B,B3prWD00@`GdI85OTTP5vk@Pt000,0*61
\s:66,c:1782377495*4E\!AIVDM,1,1,,A,13GQ>dP01C06WC@F@o5@R@O20D29,0*24
\s:66,c:1782377500*43\!AIVDM,1,1,,B,38Ke<f1P00WJrt@0cs6E2?w>0Da:,0*58
\s:66,c:1782377500*43\!AIVDM,1,1,,B,B3GQWAh0E82Q4a5rLBSC7w`UoP06,0*52
\s:66,c:1782377501*42\!AIVDM,1,1,,A,33GQ>dPPAC06WD:F@oKhSPM:00O0,0*06
\s:66,c:1782377501*42\!AIVDM,1,1,,B,15?dTr001m0ujJPD<S<dw:M>0PSH,0*03
\s:66,c:1782377501*42\!AIVDM,1,1,,A,13ku:ChuR7MAo<qgN6lk=Ra>0<02,0*33
\s:66,c:1782377499*42\!AIVDM,1,1,,A,139qHr?000PVqObNQnpf45S>RHG1,0*64
\s:66,c:1782377502*41\!AIVDM,1,1,,B,15Q:RP002U0J@EAm7`7<b:=D0@Hp,0*49
\s:66,c:1782377501*42\!AIVDM,1,1,,A,33V`0`005A1d9SbFLHWDkSkp0000,0*1B
\s:66,c:1782377501*42\!AIVDM,1,1,,A,13GQO4h03QP=:AtFJ9PM0rI>00Rm,0*33
\s:66,c:1782377503*40\!AIVDM,1,1,,A,19NSic@02nDTqC@Ik`m3l33D08I=,0*3F
\s:66,c:1782377500*43\!AIVDM,1,1,,,17ldaMhP@:6sMSB7NH2b:7g60000,0*23
\s:66,c:1782377501*42\!AIVDM,1,1,,A,13GQH<P01uOH1mhH;1Jr9`K<0<1r,0*4A
\s:66,c:1782377501*42\!AIVDM,1,1,,A,403>GtQvad`kWGQlB8Bl6oO02D4:,0*12
\s:66,c:1782377499*42\!AIVDM,1,1,,A,339la<POh1PVCK6NJu9jLlq:012h,0*42
\s:66,c:1782377503*40\!AIVDM,1,1,,,13IkWt002qOvKU?pcCidTJ5B0000,0*0B
\s:66,c:1782377500*43\!AIVDM,1,1,,B,13MAmFE01uwuI8nLw3AIVWa<0@GK,0*0C
\s:66,c:1782377501*42\!AIVDM,1,1,,A,360mAL@01fJRBgTFFvq>1P3p0000,0*26
\s:66,c:1782377500*43\!AIVDM,1,1,,A,137QuF001f0=Ci8MoKsh0@1<0D51,0*46
\s:66,c:1782377495*4E\!AIVDM,1,1,,A,37ldaMhP@96sMSB7NH2bUGg600oh,0*7B
\s:66,c:1782377502*41\!AIVDM,1,1,,A,14Q8Tv0000rQWs6FL0U;K7ED0D2U,0*63
\s:66,c:1782377502*41\!AIVDM,1,1,,,18I8q650P0wVnt`DRPF=>AIB1000,0*2E
\s:66,c:1782377500*43\!AIVDM,1,1,,B,13m@oJP01U`lnuLA?B?c98c<0D2?,0*37
\s:66,c:1782377500*43\!AIVDM,1,1,,A,13`vMR70000OefhNPMe<ABo<0D2p,0*52
\s:66,c:1782377499*42\!AIVDM,1,1,,A,19NSLbP1AT`fIC:AjdvDJkS<0<?J,0*15
\s:66,c:1782377497*4C\!AIVDM,1,1,,B,13P:JkP00301wM>NkcPT@qs800Ro,0*0F
\s:66,c:1782377499*42\!AIVDM,1,1,,A,37ldKOQP00WLlpt0`BB1g?w82E1:,0*56
\s:66,c:1782377497*4C\!AIVDM,1,1,,B,28SgNj8P00W`a=v69oOmT?w8053<,0*26
\s:66,c:1782377499*42\!AIVDM,1,1,,A,1:1UAp004BPI`JvHLeD=5:S408F4,0*41
\s:66,c:1782377500*43\!AIVDM,1,1,,A,14hU>J001sTA;20==HvU>4=<253<,0*6C
\s:66,c:1782377493*48\!AIVDM,1,1,,A,33Ghel003IPf7kREM9d5S4O200Th,0*04
\s:66,c:1782377498*43\!AIVDM,1,1,,A,18VIMd0000OWL4LDcbBm@s=>0<4e,0*32
\s:66,c:1782377497*4C\!AIVDM,1,1,,A,15?dQk001lNK7Gj93JP@nPa:0<2R,0*58
\s:66,c:1782377498*43\!AIVDM,1,1,,B,19NS@=011QWK:F@0bwLqbobb053<,0*13
\s:66,c:1782377498*43\!AIVDM,1,1,,B,13KN1530001NkP2RM9S>4?v00000,0*55
\s:66,c:1782377500*43\!AIVDM,1,1,,B,155U6>HP002sH4?vgfhb8ww@00RD,0*40
\g:1-2-5198909,s:66,c:1782377409*0C\!AIVDM,2,1,9,A,59NSK3`2E><4CDeOJ20d4U8u>1A8UDm0R2222216=hEA65g10@2A80UD,0*3A
\g:2-2-5198909*68\!AIVDM,2,2,9,A,`88888888888880,2*75
\s:66,c:1782377405*47\!AIVDM,1,1,,A,13438GPOiEPE:2TMd7@n04p<0538,0*50
\s:66,c:1782377484*4E\!AIVDM,1,1,,A,19NSK3P01e8Dg?v9uQap?6fR08>:,0*10
\s:66,c:1782377414*47\!AIVDM,1,1,,B,39NSK3P01d8Dgkb9u`aH?Vf>0Ct=,0*63
\s:66,c:1782377501*42\!AIVDM,1,1,,B,13mE3<0vQu88dB<<oieVI57>0D=l,0*21
\s:66,c:1782377500*43\!AIVDM,1,1,,B,36:FrPP01<`NW?PFG@G9fom>2000,0*62
\s:66,c:1782377501*42\!AIVDM,1,1,,A,36:4K9U0008fUKPA2jobNQO@0DpJ,0*60
\s:66,c:1782377502*41\!AIVDM,1,1,,A,15NtwNW000GRl5vCD5=MqGsB08I5,0*4D
\s:66,c:1782377501*42\!AIVDM,1,1,,B,16:I2rP01s8g5ihA7nd:o8W@0Fqd,0*3D
\s:66,c:1782377497*4C\!AIVDM,1,1,,B,13c7G@?001PDKjdMdo6N4:U:2D5;,0*0C
\s:66,c:1782377503*40\!AIVDM,1,1,,B,33FE2`5P00wiuH`Hk`Opn?wF2Dv:,0*74
\s:66,c:1782377497*4C\!AIVDM,1,1,,B,13ku9g000q0g4DTO;VC916o<053<,0*53
\s:66,c:1782377501*42\!AIVDM,1,1,,A,13lBIT001s0<H<`MaEQQmiO80@F9,0*58
\s:66,c:1782377502*41\!AIVDM,1,1,,A,18v5Tt0000QDD1OdVA?f47aB28HU,0*7E
\s:66,c:1782377502*41\!AIVDM,1,1,,B,18:mSM0P1M`cgp87c1RLS?wB2<14,0*7C
\s:66,c:1782377502*41\!AIVDM,1,1,,B,19NSs>P1BGO45>4EI>2:B8E@0D01,0*6D
\s:66,c:1782377501*42\!AIVDM,1,1,,A,33ejsf0wAOwsBjrDs:66,0*38
\s:66,c:1782377458*4F\!AIVDM,1,1,,A,13aN41hOiAPDl2vMb8SCl3GlR8R<,0*4A
\s:66,c:1782377499*42\!AIVDM,1,1,,A,19NSs=hvPVLtSQWje5:IwoK80@Fg,0*7B
\s:66,c:1782377500*43\!AIVDM,1,1,,A,13fAdN001;7KQ>R0cfMBWj5@0DDT,0*74
\s:66,c:1782377499*42\!AIVDM,1,1,,A,17P5wc0000:P765`Lw7`NSi@08G>,0*46
\s:66,c:1782377498*43\!AIVDM,1,1,,A,15@kC40000`fa?PA6cw5d93:0D4o,0*5B
\s:66,c:1782377499*42\!AIVDM,1,1,,B,18Hw0c00007KmLH0gQqb2U1<0@FF,0*5A
\s:66,c:1782377495*4E\!AIVDM,1,1,,A,13n9dE0000PK3b6Qk1828AW0053<,0*3B
\s:66,c:1782377500*43\!AIVDM,1,1,,B,39NS<i5000Qd1cnEegcMPs=@0DrJ,0*10
\s:66,c:1782377500*43\!AIVDM,1,1,,A,13m:fO00000hP2bQ1dJVl51>0@Gm,0*16
\s:66,c:1782377498*43\!AIVDM,1,1,,A,13ku<6h02jJQ?BmomK0=uc=<00S7,0*0C
\s:66,c:1782377498*43\!AIVDM,1,1,,B,170G@6001WSjlet>BPlqiWo808FP,0*46
\s:66,c:1782377493*48\!AIVDM,1,1,,B,16:::M32he7gO`2:nDKm0Cw00HCR,0*7F
\g:1-2-5198910,s:66,c:1782377370*0D\!AIVDM,2,1,0,A,53aGunH000010C;GOH1HthP58@TpN3P00000001I8h019u`>Q7TSm51D,0*69
\g:2-2-5198910*60\!AIVDM,2,2,0,A,Q0CH13kPEB0EQCP,2*77
\g:1-2-5198911,s:66,c:1782377501*0C\!AIVDM,2,1,1,A,570G@602B5`07HG;7S04j1<4A:lV222222222216@8D6@5dfNBDUlp88,0*38
\g:2-2-5198911*61\!AIVDM,2,2,1,A,888888888888880,2*25
\s:66,c:1782377498*43\!AIVDM,1,1,,B,15?8GD0P0brBC5`5Fw4L8?w:2@Fc,0*50
\s:66,c:1782377498*43\!AIVDM,1,1,,A,14cdVV000uOwLGnLh7eBej=<0000,0*06
\s:66,c:1782377501*42\!AIVDM,1,1,,B,33coE;1000Pn<usuAaqeclU@2Dg:,0*22
\s:66,c:1782377501*42\!AIVDM,1,1,,A,4025boiuJl`k`0qgK<OodKW0053<,0*4A
\s:66,c:1782377502*41\!AIVDM,1,1,,B,13elIN0w0<`lI?2AQWqJTCI<08GJ,0*31
\s:66,c:1782377502*41\!AIVDM,1,1,,A,13d17F001qPQ>ShEcM>b@p8:0D3h,0*6E
\s:66,c:1782377502*41\!AIVDM,1,1,,A,1915I8OP000GDlDE28KeAOw@08HQ,0*16
\s:66,c:1782377502*41\!AIVDM,1,1,,B,B8SjaQP00IrLW9QP;sEbgwv6oP06,0*18
\s:66,c:1782377499*42\!AIVDM,1,1,,B,18;?8T0P11``IQ68DnnBw?w:253<,0*39
\s:66,c:1782377496*4D\!AIVDM,1,1,,B,18;G0N0P00``;AN8CKV4pgw62D0l,0*54
\s:66,c:1782377502*41\!AIVDM,1,1,,B,16:8?QPP138fsBHA4J6HMrnv2U3<,0*65
\s:66,c:1782377501*42\!AIVDM,1,1,,A,15WdDj00003jGtf>1hoHHB1@0@HN,0*7E
\s:66,c:1782377479*4C\!AIVDM,1,1,,A,13aB:7wP000E0CfMdJtf4?vV08;A,0*65
\s:66,c:1782377375*47\!AIVDM,1,1,,B,133g9nPP1;PEWB>MdR=jngw620SR,0*77
\g:1-2-5198912,s:66,c:1782377503*0D\!AIVDM,2,1,2,A,59NS<i42@JGH7Q0GR20HDhUR222222222222221@;@J?57;i0=1l`42D,0*2F
\g:2-2-5198912*62\!AIVDM,2,2,2,A,`88888888888880,2*7E
\s:66,c:1782377502*41\!AIVDM,1,1,,A,13JUL>001Q116bNOTT8`bG1F0D2w,0*47
\s:66,c:1782377503*40\!AIVDM,1,1,,B,1343HiP01BPC=EnMf9vceaGFR8IP,0*66
\s:66,c:1782377502*41\!AIVDM,1,1,,A,B52Sa0@00=pge<4m3c>QSwlUoP06,0*10
\s:66,c:1782377498*43\!AIVDM,1,1,,A,19MVM10P03Pn?6suAJwJkww<2<13,0*76
\s:66,c:1782377498*43\!AIVDM,1,1,,B,18I7tt80007Ji>N0dm?QaD?4053<,0*4D
\s:66,c:1782377498*43\!AIVDM,1,1,,A,36::9IQP028gLpPAnda7rww:0Dmr,0*5D
\s:66,c:1782377498*43\!AIVDM,1,1,,B,15Cl6r0P00rB?P25F?oN4?w<28FS,0*75
\s:66,c:1782377500*43\!AIVDM,1,1,,A,13c`e?001hPapuvIB=1dHau>053<,0*6D
\s:66,c:1782377495*4E\!AIVDM,1,1,,B,13aQMK@P00PFFqpMv3C>4?w62HDm,0*3C
\s:66,c:1782377498*43\!AIVDM,1,1,,A,16:4JJ0P1c`LHMP=vDlnsww:20RE,0*35
\s:66,c:1782377500*43\!AIVDM,1,1,,B,13`lSP@1BqQE`MlPE@coiVA>8D1H,0*23
\s:66,c:1782377498*43\!AIVDM,1,1,,B,16:Ema5P008LE8N=w4>v47g00`13,0*43
\s:66,c:1782377493*48\!AIVDM,1,1,,A,13otF>09BQ0rBfDVe6KaRotv08Bv,0*53
\s:66,c:1782377500*43\!AIVDM,1,1,,A,36:Ema5P008LE8N=w4>v47i02P01,0*7D
\s:66,c:1782377498*43\!AIVDM,1,1,,B,13UMj`0P001d4hPEf2?Vq?w<0<5n,0*26
\s:66,c:1782377483*49\!AIVDM,1,1,,B,13aIjkPP0jPConbMdFq49Ovf20Rs,0*4B
\s:66,c:1782377501*42\!AIVDM,1,1,,B,18I>RK0u28wadj0L=wwjcR9B0<2F,0*0C
\s:66,c:1782377502*41\!AIVDM,1,1,,B,18I7tt80007Ji>N0dm?AaD?>0E6R,0*4C
\s:66,c:1782377502*41\!AIVDM,1,1,,B,17tG>C0PAn7CeQJ181hU3T5F08Hi,0*10
\s:66,c:1782377500*43\!AIVDM,1,1,,A,3Cg`u0?P0IvAKBRUiGA8<?w2201R,0*4B
\s:66,c:1782377502*41\!AIVDM,1,1,,B,C9swbf0079s@jg1NHwvc?wVP`2M0`2C07Wk111111110?1052100,0*49
\s:66,c:1782377503*40\!AIVDM,1,1,,B,13LIf;0P0US5vSQqCL4W@?wF2@IH,0*48
\s:66,c:1782377480*4A\!AIVDM,1,1,,B,13c;hP0P000BL`2Maum:??vb28;r,0*12
\s:66,c:1782377499*42\!AIVDM,1,1,,B,1815:@@uiuPv4;NE0?;cUq=80HG5,0*25
\s:66,c:1782377501*42\!AIVDM,1,1,,A,36:LCI10038hBUhAIH`7;2K@0Dhr,0*09
\s:66,c:1782377494*4F\!AIVDM,1,1,,A,15Pm>oPP00GWlq2Bdh2h0?w20000,0*2F
\s:66,c:1782377502*41\!AIVDM,1,1,,A,16;<wO0017`fg``A2>io5mAD0000,0*6F
\s:66,c:1782377501*42\!AIVDM,1,1,,A,B3aQeE00085i0OWPBntRKwk5oP06,0*3A
\s:66,c:1782377500*43\!AIVDM,1,1,,A,339Pp`0P0W0fSiHO6UqPOww<00=k,0*54
\s:66,c:1782377355*45\!AIVDM,1,1,,B,33a8STU000PCjFpMdTjmsc2>0Dk:,0*12
\s:66,c:1782377501*42\!AIVDM,1,1,,B,17tKnWPP017Lh9:0hc0GDgwD08H=,0*15
\s:66,c:1782377502*41\!AIVDM,1,1,,B,13AGit0008Ld1=9j5>0uujMB0<2B,0*61
\s:66,c:1782377503*40\!AIVDM,1,1,,B,13l3o=P0000BgrVMfuuE:qED053<,0*55
\s:66,c:1782377503*40\!AIVDM,1,1,,B,19@>ja0P0143BOB>3da9KOv02<9W,0*62
\s:66,c:1782377496*4D\!AIVDM,1,1,,A,33ku:40004135<HDDQOUKUep0000,0*31
\s:66,c:1782377496*4D\!AIVDM,1,1,,A,B39hRP00<0;Gvb7lObL2P2N00000,0*74
\s:66,c:1782377496*4D\!AIVDM,1,1,,A,13m:mtWwP0Q5?qvWOVPjqmG428E9,0*1B
\s:66,c:1782377498*43\!AIVDM,1,1,,A,13as4L001gQ:Jw:R15v:=H=<00S>,0*77
\s:66,c:1782377498*43\!AIVDM,1,1,,A,33aEOB0P00PEqvNNBhQN4?w:26rC,0*3B
\s:66,c:1782377497*4C\!AIVDM,1,1,,A,B90vABP000<bMoU4wKd03wjV3P06,0*10
\s:66,c:1782377495*4E\!AIVDM,1,1,,B,14SLF0002M0gsb4EMcc43S?80<7V,0*72
\g:1-2-5198913,s:66,c:1782377498*0F\!AIVDM,2,1,3,B,53;0c@82>OCwD98?B212Hv1A8tt@u>222222220l2H=74t0000000000,0*6C
\g:2-2-5198913*63\!AIVDM,2,2,3,B,000000000000000,2*24
\s:66,c:1782377498*43\!AIVDM,1,1,,B,16;Wpb001Q8@7qr<e0A9s7u70D23,0*12
\s:66,c:1782377501*42\!AIVDM,1,1,,B,13Eh5AWP@<042EHES3guj;5:00Rb,0*67
\s:66,c:1782377501*42\!AIVDM,1,1,,B,19NSnhP02>1Rm26DinGbT`K>053<,0*7D
\s:66,c:1782377501*42\!AIVDM,1,1,,B,15AjF>002EQJkj`PoFpiB11B0HHA,0*6E
\s:66,c:1782377496*4D\!AIVDM,1,1,,A,15O@KHPP00J:ckvAI<plIOw62000,0*4D
\s:66,c:1782377502*41\!AIVDM,1,1,,B,38I3u51001WLOFl0gMl8oSa>0Dg:,0*6E
\s:66,c:1782377500*43\!AIVDM,1,1,,A,402AaGQvad`kWQ?Nw4HUF;o00d4P,0*65
\s:66,c:1782377502*41\!AIVDM,1,1,,A,19NSHHC0003lc6R>R0Jp7Sh20<:H,0*3E
\s:66,c:1782377316*42\!AIVDM,1,1,,A,13`wbo@P1:PE67PMUL`HVOw6R530,0*21
\s:66,c:1782377502*41\!AIVDM,1,1,,A,16:R@QP01g8f=hlApTakuC7D0D>E,0*2C
\s:66,c:1782377500*43\!AIVDM,1,1,,A,15?dh3000j`dAVbAvU?;caE@053<,0*62
\s:66,c:1782377503*40\!AIVDM,1,1,,B,D02AaGQ<PNfqULO6E<LO6D0,2*3A
\s:66,c:1782377504*47\!AIVDM,1,1,,B,18IibN5P1E7Jr=v0fsit1wwb0d?d,0*11
\s:66,c:1782377503*40\!AIVDM,1,1,,B,13l3oFP01g0SQ=DESp9SG2kD08IJ,0*71
\s:66,c:1782377495*4E\!AIVDM,1,1,,B,13Gk2@01CD0F2nhF9N@FimM48@Dd,0*2F
\s:66,c:1782377502*41\!AIVDM,1,1,,B,13IP7A8000wvn?tL<IRKajw>00Rt,0*20
\s:66,c:1782377492*49\!AIVDM,1,1,,B,144VF;P02<V7aNV3;JNCPjo02PSS,0*01
\s:66,c:1782377498*43\!AIVDM,1,1,,A,169@3PP0178VkW@D`=9:T8I800Sd,0*7F
\s:66,c:1782377498*43\!AIVDM,1,1,,A,16:;rLP0008VfopDaKMeFPC:0@FB,0*34
\s:66,c:1782377497*4C\!AIVDM,1,1,,A,B3MBnGP00?v@<qW@a;`000N00000,0*06
\s:66,c:1782377501*42\!AIVDM,1,1,,A,1:0eKb0P01a=?;fD4HWksgw>20SJ,0*4C
\s:66,c:1782377492*49\!AIVDM,1,1,,B,13m6C=0P00Plqr:U3CUN4?w028Bs,0*2E
\g:1-2-5198914,s:66,c:1782377258*02\!AIVDM,2,1,4,B,53aJHP8000010CCGS00LtD@F0Ptu0000000000008h008t0000000000,0*0D
\g:2-2-5198914*64\!AIVDM,2,2,4,B,000000000000000,2*23
\s:66,c:1782374624*45\!AIVDM,1,1,,B,H3P=gEP<tiDl840000000000000,2*76
\s:66,c:1782377500*43\!AIVDM,1,1,,B,H3P=gETT>F34La;j8B>o001P2230,0*5B
\s:66,c:1782377500*43\!AIVDM,1,1,,A,139Ew800jb1eADod@tGrl8W<053<,0*71
\s:66,c:1782377494*4F\!AIVDM,1,1,,B,33n4h5000jPisflQpF5hqPo000pA,0*4D
\s:66,c:1782377499*42\!AIVDM,1,1,,B,36:B@sPP@W8OGelF9BiAo@g:0Q2h,0*19
\s:66,c:1782377500*43\!AIVDM,1,1,,B,176u@C01QTrB:7D5HMwG65g>2@Gh,0*19
\s:66,c:1782377483*49\!AIVDM,1,1,,B,13`qhh0000PCsLLMdgsQum<f20SQ,0*78
\s:66,c:1782377499*42\!AIVDM,1,1,,B,17lcmb8P008Fai3w>N9ddww<0@Fr,0*48
\s:66,c:1782377500*43\!AIVDM,1,1,,B,B4n3eb00;`HWo9UDdlsH2`gUl000,0*05
\s:66,c:1782377421*41\!AIVDM,1,1,,A,33aQftCP000D4CtMdiE>4?vb2@91,0*3E
\s:66,c:1782377461*45\!AIVDM,1,1,,A,13`h@?wP00PBRFJMafwN4?v22H0u,0*3B
\s:66,c:1782377486*4C\!AIVDM,1,1,,B,33`da15000PC=?vMeNJdOi<rPDwr,0*22
\s:66,c:1782377502*41\!AIVDM,1,1,,B,16;<wLP01W`fq>HA85a:bgwB0000,0*3E
\s:66,c:1782377502*41\!AIVDM,1,1,,A,18SoNP02B9WdiGJ5tPLjv2H>086d,0*7C
\s:66,c:1782377499*42\!AIVDM,1,1,,A,139na30000PO>NFMMDDf41a>P0S3,0*34
\g:1-2-5198915,s:66,c:1782377501*08\!AIVDM,2,1,5,B,56:R9aP000009HQOP00P4V0LtpN37KL00000001@2p:430@P05V2@H3A,0*7D
\g:2-2-5198915*65\!AIVDM,2,2,5,B,CP0000000000008,2*39
\s:66,c:1782377500*43\!AIVDM,1,1,,B,35MildU000rdFJNG@:RLIPK<0D`J,0*2D
\s:66,c:1782377500*43\!AIVDM,1,1,,B,BCgNeR002WTd2NaNQ<8lCwURs000,0*75
\s:66,c:1782377501*42\!AIVDM,1,1,,A,13m6C=0P01Plqr:U3CUN4?wB2<0E,0*1E
\s:66,c:1782377503*40\!AIVDM,1,1,,A,16:4l<50018fTr@A@cG=oJUD08IG,0*69
\s:66,c:1782377502*41\!AIVDM,1,1,,B,13l3nOP01=`eT:VALkES@BeB80SP,0*56
\s:66,c:1782377499*42\!AIVDM,1,1,,B,16:9t`001J`N8a0F49MP:01:053<,0*54
\s:66,c:1782377501*42\!AIVDM,1,1,,B,13m6Cc00000KLw4QLRwc07=<08G2,0*08
\s:66,c:1782377501*42\!AIVDM,1,1,,A,13EbScgP00weGaNE1eIMaOw@28HL,0*7C
\s:66,c:1782377503*40\!AIVDM,1,1,,A,17m:6;?P00WLCO60Sd>H;?wD2F4I,0*7B
\s:66,c:1782377503*40\!AIVDM,1,1,,A,13Ef>8PP02wRt>bK<kQ=ewwF2<@O,0*5C
\s:66,c:1782377496*4D\!AIVDM,1,1,,A,35MQDf0000G?jO>KAIlbbaEp0000,0*06
\s:66,c:1782377499*42\!AIVDM,1,1,,A,13F;3k0P00wvRk8FTLQ>4?w:253<,0*1E
\s:66,c:1782377500*43\!AIVDM,1,1,,B,18I8gf0w@07KkP00fJo`NjK<00S0,0*3F
\s:66,c:1782377497*4C\!AIVDM,1,1,,,13eWtV50017J1ef0i8L88bW68000,0*18
\s:66,c:1782377499*42\!AIVDM,1,1,,A,25@VRb00007b;jf5tRtG996p0PS3,0*03
\s:66,c:1782377499*42\!AIVDM,1,1,,B,19gh9M?P@GvhT@:;Hvw4nBo>253<,0*3D
\s:66,c:1782377498*43\!AIVDM,1,1,,A,B3MB5s0005IRFjM`pw<000N00000,0*74
\s:66,c:1782377500*43\!AIVDM,1,1,,A,1815<B001M`fFrPA;:T7IUu>0HG>,0*3E
\s:66,c:1782377499*42\!AIVDM,1,1,,A,16Sio2g1009<SurD8mht2h9600Rs,0*38
\s:66,c:1782377498*43\!AIVDM,1,1,,,13Jv2L0008:mDQQdQS:bt6w<0000,0*0B
\s:66,c:1782377498*43\!AIVDM,1,1,,A,33u=nOP01c0jc?>QeOcI6WIp0000,0*4C
\s:66,c:1782377497*4C\!AIVDM,1,1,,A,13aENSPP000DQwBMdVHUogw<2@En,0*75
\s:66,c:1782377502*41\!AIVDM,1,1,,A,15NEFp000lrdQlLG@RBrq`K@08H`,0*7B
\s:66,c:1782377502*41\!AIVDM,1,1,,B,38If060v2>2RC5MlOR@57l5D07?S,0*53
\s:66,c:1782377499*42\!AIVDM,1,1,,A,18SJLs0001WOEM<109D;VUI<0<<P,0*75
\s:66,c:1782377501*42\!AIVDM,1,1,,A,16:c15A00087lFh=16NV:Tr01P06,0*29
\s:66,c:1782377502*41\!AIVDM,1,1,,B,13F9<l300=0;jH>MpGgo4Ue@0<;t,0*64
\s:66,c:1782377396*4A\!AIVDM,1,1,,A,33`wj2E000PC8prMev=v49ehRDb:,0*6E
\s:66,c:1782377495*4E\!AIVDM,1,1,,B,19NSLs001LJLMk8>l5W;Nq?200RV,0*57
\s:66,c:1782377501*42\!AIVDM,1,1,,,B819F8@0@Fkk>f4ofpC4nPl1l000,0*40
\s:66,c:1782377502*41\!AIVDM,1,1,,A,162?@C`0006TDwd<fPJ9rW1B053<,0*6F
\s:66,c:1782377501*42\!AIVDM,1,1,,,13eWtV50007J1ed0i8L7h:W>8000,0*14
\s:66,c:1782377503*40\!AIVDM,1,1,,A,H3MB5s04htP60d4T00000000000,2*6C
\s:66,c:1782377503*40\!AIVDM,1,1,,A,H3MB5s4T0000000=9;3j000h5150,0*7B
\s:66,c:1782377500*43\!AIVDM,1,1,,A,1815N;h000rAvUT5KbLSjH1>2@Ge,0*3C
\s:66,c:1782377501*42\!AIVDM,1,1,,A,18LG@80P00WKVj`0e`SKoOw@28Gv,0*7D
\s:66,c:1782377498*43\!AIVDM,1,1,,A,B7m:37h02r6?dFOoplInWwj2T0S2,0*55
\s:66,c:1782377500*43\!AIVDM,1,1,,B,B3aRriP0085lj4WWtKsQ3wl1nDN:,0*49
\s:66,c:1782377498*43\!AIVDM,1,1,,A,169DJpP0008gKb@ABob7G4Jn00Sw,0*7A
\s:66,c:1782377498*43\!AIVDM,1,1,,A,35OC@=5P00JABNN>tdHasOw80000,0*09
\s:66,c:1782377500*43\!AIVDM,1,1,,A,377Co;10048kSSJAB=`2B2U@0Dl:,0*35
\s:66,c:1782377499*42\!AIVDM,1,1,,A,33l3p1@t0E0>BVdE2g02A1;800u0,0*23
\s:66,c:1782377499*42\!AIVDM,1,1,,A,16KUKT002oWNfS>1O8==g;140@F=,0*7B
\s:66,c:1782377497*4C\!AIVDM,1,1,,A,13`nIr?0000BG<PMfn2:TBq<08F0,0*2F
\s:66,c:1782377498*43\!AIVDM,1,1,,A,1:kJhm8001ri5@qbkvQU3Eu:00Rk,0*64
\s:66,c:1782377499*42\!AIVDM,1,1,,A,B7tLqWh0jQkpH40Io=>45aj00<00,0*6A
\s:66,c:1782377499*42\!AIVDM,1,1,,A,16:RB=00168g:m0AOL=TiCE:00Ri,0*4C
\s:66,c:1782377503*40\!AIVDM,1,1,,B,C6:?@<P002;cdA4@rJ<8swv042O0j2L?1cSkh0000000S2H8SS0P,0*2D
\s:66,c:1782377499*42\!AIVDM,1,1,,A,H3?tN>TU000000043molj0000000,0*64
\g:1-2-5198916,s:66,c:1782377502*08\!AIVDM,2,1,6,A,55?d`K82H8Sc<GOKWJ0E0T>184@T4p<F22222216I`HE;5c=0C5DhPC8,0*41
\g:2-2-5198916*66\!AIVDM,2,2,6,A,888888888888880,2*22
\s:66,c:1782377496*4D\!AIVDM,1,1,,B,B7OpFAP00:e:03K;oSsQ3wiQnDJr,0*5E
\g:1-2-5198917,s:66,c:1782377503*08\!AIVDM,2,1,7,A,56:c<@H000000000000L4pLP4pM9DqT4pOK3?0160`w77U:b0950B@hC,0*4D
\g:2-2-5198917*67\!AIVDM,2,2,7,A,Qh0000000000008,2*12
\s:66,c:1782377500*43\!AIVDM,1,1,,B,13ctUq003@QCOw2GBlBlw3w>0d16,0*66
\s:66,c:1782377495*4E\!AIVDM,1,1,,A,13=fod01B4Q1wqPDCs<;4ps20@DG,0*30
\s:66,c:1782377492*49\!AIVDM,1,1,,B,1815Mkh01w2CVsKe:CeIQWM00D06,0*36
\s:66,c:1782377496*4D\!AIVDM,1,1,,B,15BvU8002GP9RTjMCppBH1s80<8w,0*35
\s:66,c:1782377499*42\!AIVDM,1,1,,B,13A<nf0P1PQQrwVDgjn:??w<253<,0*5E
\s:66,c:1782377499*42\!AIVDM,1,1,,B,15U38b0uh`M7UvGkIt7nCDw<8@G;,0*09
\s:66,c:1782377494*4F\!AIVDM,1,1,,A,B8SJm>@0;qrLfoRq3t4qswhW3P06,0*64
\s:66,c:1782377493*48\!AIVDM,1,1,,B,13M:j@001p8L@Dd09KUhVhQ400Rd,0*3D
\s:66,c:1782377498*43\!AIVDM,1,1,,A,33ulPL00000mH4pQ1At2W0cp0000,0*61
\s:66,c:1782377500*43\!AIVDM,1,1,,B,C69GeqP00223Rj3?o35V3wv0@b2L?06@b2M1QWP0000007PGf>0P,0*17
\s:66,c:1782377498*43\!AIVDM,1,1,,,18I94l002HwOOvDK1lh85VM:1000,0*2A
\s:66,c:1782377438*49\!AIVDM,1,1,,B,13aGG>@P02PD:NVMd5pE??w000Rd,0*04
\s:66,c:1782377501*42\!AIVDM,1,1,,B,181:LTE000OV`BvDQ?7Qa1Dv0Vs4,0*08
\s:66,c:1782377501*42\!AIVDM,1,1,,A,403OviAuHU0kao?72PKJUB?02<3?,0*4C
\s:66,c:1782377498*43\!AIVDM,1,1,,A,14QH`D;00mo@0d0KLIkP9h;:Ht1G,0*6C
\s:66,c:1782377501*42\!AIVDM,1,1,,A,19NSpBP01h1dQ@nEVu3drbD20@0f,0*63
\s:66,c:1782377502*41\!AIVDM,1,1,,B,13Hgj;`P00P0Q:0LD:EN4?wB2HHe,0*02
\s:66,c:1782377498*43\!AIVDM,1,1,,A,3CgJhcW00QN>kNVV<7>WJV6H003j,0*7A
\s:66,c:1782377499*42\!AIVDM,1,1,,A,13eO2B0028ORdCwjSM>4n3u<0HG8,0*54
\s:66,c:1782377501*42\!AIVDM,1,1,,B,B69EWOh01R70AD3OLWnOwwv63P06,0*6F
\s:66,c:1782377501*42\!AIVDM,1,1,,A,1815Mkh01v2CVhke:C9IP7MB0L06,0*48
\s:66,c:1782377502*41\!AIVDM,1,1,,B,13Sjce0000123iRIsrBSVCQ@08Ho,0*61
\s:66,c:1782377501*42\!AIVDM,1,1,,A,13ku:ah01P0rAq`OFtIqpou@053<,0*2F
\s:66,c:1782377501*42\!AIVDM,1,1,,A,402Fh`1vad`ka0SLqFI6PJ7000S:,0*65
\s:66,c:1782377502*41\!AIVDM,1,1,,A,18I4Q10vi`wusvJEQoM1GQ5>08GH,0*2D
\s:66,c:1782377501*42\!AIVDM,1,1,,A,403t=2iuJl`k``clb>BW;gA02@Gw,0*72
\s:66,c:1782377502*41\!AIVDM,1,1,,A,18I94l002HwOOsbK1lD85VM@0<2i,0*48
\s:66,c:1782377501*42\!AIVDM,1,1,,B,13aIhLP01lP6K3TO@m:EiTUB0<6`,0*31
\s:66,c:1782377503*40\!AIVDM,1,1,,A,15S`w8001wO`pKNL94bqJ7QD0<2:,0*7C
\s:66,c:1782377503*40\!AIVDM,1,1,,B,15?8K>4P00rB=Rj5FQ9v4?wF053<,0*5F
\s:66,c:1782377501*42\!AIVDM,1,1,,,B3prId@007w`sR5a@f7Q3wQ5kP06,0*71
\s:66,c:1782377498*43\!AIVDM,1,1,,B,138ak0001SOt>NbLmh7av`3:0D3E,0*6C
\s:66,c:1782377500*43\!AIVDM,1,1,,A,138pwb0uR5UD;6076=R=;:M@0D0J,0*26
\s:66,c:1782377499*42\!AIVDM,1,1,,B,13RNh40000Qd5dpEf3t9J`9:053<,0*0D
\s:66,c:1782377498*43\!AIVDM,1,1,,B,19NSrJP02iWfg9l47=cHFVi60HEw,0*20
\s:66,c:1782377498*43\!AIVDM,1,1,,A,19:q6:0P000n:M5uA0AJOww<0L14,0*10
\s:66,c:1782377498*43\!AIVDM,1,1,,A,16:R94?000`LMOd>05`IG@m60HFG,0*36
\s:66,c:1782377501*42\!AIVDM,1,1,,B,18R:r95P1@O0tUd5AV516?wBP@HH,0*2B
\s:66,c:1782377500*43\!AIVDM,1,1,,A,13M:Jl001JPPKJ4H>sea47?<00S;,0*52
\s:66,c:1782377502*41\!AIVDM,1,1,,A,19NSBl021=UdB<d41=bkcjjF0`I0,0*05
\s:66,c:1782377498*43\!AIVDM,1,1,,A,HCgMoqPP`u8@U<0000000000000,2*2F
\s:66,c:1782377498*43\!AIVDM,1,1,,A,HCgMoqTNDBE5847jpnn0000H8210,0*17
\s:66,c:1782377496*4D\!AIVDM,1,1,,A,33?sH9P0000eIf0N`kvrS8Kp0000,0*20
\s:66,c:1782377500*43\!AIVDM,1,1,,A,B6:eN2P0;B22fL3@V2s7jOkWQP06,0*0F
\s:66,c:1782377501*42\!AIVDM,1,1,,B,13f24N00000fpE2I6@2ckDu@053<,0*26
\s:66,c:1782377502*41\!AIVDM,1,1,,B,33@o4S001APcbWPQ2dTMprwB20tP,0*44
\s:66,c:1782377503*40\!AIVDM,1,1,,A,1:U6vIPP00uOrV=s<kv:ugwF20SE,0*0D
\s:66,c:1782377503*40\!AIVDM,1,1,,B,169E@Q80248gTP0ACLg735m40D:8,0*1D
\s:66,c:1782377494*4F\!AIVDM,1,1,,B,16:eP;QP008dEgPAvUP7;Ugp0000,0*45
\s:66,c:1782377504*47\!AIVDM,1,1,,B,402FhRAvad`kc10bF4H7na7?tl2c,0*15
\g:1-2-5198918,s:66,c:1782377497*0B\!AIVDM,2,1,8,A,54hL1F42Ae0U`M4C>21<D4p5<R2222222222220U38I555V=06Di@E53,0*59
\g:2-2-5198918*68\!AIVDM,2,2,8,A,1H8888888888880,2*55
\s:66,c:1782377498*43\!AIVDM,1,1,,B,18I:<C00R@7=<Rd79ag6m5O80@Ev,0*60
\s:66,c:1782377492*49\!AIVDM,1,1,,A,16:CNN00178eiN@AmRhU?TPv0HBO,0*1F
\s:66,c:1782377498*43\!AIVDM,1,1,,B,402a4bQvad`kTQP70NOaEK700U3<,0*5C
\s:66,c:1782377499*42\!AIVDM,1,1,,B,1342rCPP020CPJFMFAbC@?w2P53<,0*06
\s:66,c:1782377496*4D\!AIVDM,1,1,,B,18I<A7002R0JG1ckW81mP4O40HEC,0*19
\s:66,c:1782377500*43\!AIVDM,1,1,,B,19NSG=@02ir=OD`0:fv0JhI<1hGH,0*6E
\s:66,c:1782377501*42\!AIVDM,1,1,,B,B69E4wh0H2>=1?T0snHDL0CT0000,0*5F
\g:1-2-5198919,s:66,c:1782377494*09\!AIVDM,2,1,9,A,53aFfbl000010KOOWP0hD4p8600000000000001?90826ufe00TQ@jk2,0*45
\g:2-2-5198919*69\!AIVDM,2,2,9,A,CQj0EDliCP00000,2*72
\s:66,c:1782377494*4F\!AIVDM,1,1,,A,33TKpA0Oho1SWtHEsPTn=Twp0000,0*4B
\s:66,c:1782377501*42\!AIVDM,1,1,,A,33MCOd`P@0P;gVVFWc@f47;>20uh,0*02
\s:66,c:1782377501*42\!AIVDM,1,1,,A,13l3qlhP@P0aO2:FH91:8Gg800RT,0*42
\s:66,c:1782377493*48\!AIVDM,1,1,,A,13cc5K0P00Q2`?DDLr3v4?w428D3,0*48
\s:66,c:1782377501*42\!AIVDM,1,1,,A,13ckvE0P00Pp=OjIMEEf4?w<2D1w,0*55
\s:66,c:1782377502*41\!AIVDM,1,1,,A,402a4bP0008k`QP70NOaEK700d29,0*44
\s:66,c:1782377502*41\!AIVDM,1,1,,A,13ku:EO0007KF>:0fFMP09kB0@Hw,0*66
\s:66,c:1782377501*42\!AIVDM,1,1,,A,18I3D4002M`QPhj<WOC9NoS>053<,0*21
\s:66,c:1782377502*41\!AIVDM,1,1,,A,18I=?>002<r69:F?nmFQCQ6`0000,0*3A
\s:66,c:1782377501*42\!AIVDM,1,1,,A,402E;;Qvad`kaPFeI>NcIH?02D:c,0*15
\s:66,c:1782377503*40\!AIVDM,1,1,,B,B3`dWcP0<H3bUsWFAnGFCwm1lHI?,0*02
\s:66,c:1782377496*4D\!AIVDM,1,1,,B,402Fhvivad`kSPuT9bHVMD7?t0S:,0*11
\s:66,c:1782377495*4E\!AIVDM,1,1,,A,16:?LF00008e=f0AtCHWPii808EH,0*1C
\s:66,c:1782377499*42\!AIVDM,1,1,,A,B52JdFh00=l4Wc5Iu2L02Ev00000,0*44
\s:66,c:1782377499*42\!AIVDM,1,1,,A,17`B06hP1wdP54ebrueCPww>2000,0*05
\s:66,c:1782377503*40\!AIVDM,1,1,,B,15V<8R3001M7HDKkAu@1hGUD00RC,0*1F
\s:66,c:1782377502*41\!AIVDM,1,1,,B,B7Ofom008:e2u<K:08=fkwlUoP06,0*59
\s:66,c:1782377497*4C\!AIVDM,1,1,,A,16109uPPAr3OTs>@8ngQmiK<0@F=,0*62
\s:66,c:1782377502*41\!AIVDM,1,1,,A,4028jNivad`kaNweDP@@ATOP253<,0*36
\s:66,c:1782377500*43\!AIVDM,1,1,,B,13Em>pWP0T0@NA`H7;MVn?w>0HG3,0*76
\s:66,c:1782377496*4D\!AIVDM,1,1,,A,34eGsMh000FcB0`O4ArVf95p0000,0*56
\s:66,c:1782377499*42\!AIVDM,1,1,,A,11aucihP00NqI4p@6ciP0?w<2D2m,0*73
\g:1-2-5198920,s:66,c:1782377364*0B\!AIVDM,2,1,0,A,53tj2R82HEv1<8DR220IE8F1HT=@u8T62222221@>pN?85cl0>kS84U3,0*12
\g:2-2-5198920*63\!AIVDM,2,2,0,A,H0CPj3lPAiH8880,2*72
\s:66,c:1782377499*42\!AIVDM,1,1,,B,B7liTr000Io=7209suL03wjTkP06,0*69
\s:66,c:1782377497*4C\!AIVDM,1,1,,A,18I;dI001i7>cE61VO<c`aC8053<,0*36
\s:66,c:1782377500*43\!AIVDM,1,1,,A,369@?WQ0008gE5PA8i4QL3E>0DAJ,0*22
\g:1-2-5198921,s:66,c:1782377451*0B\!AIVDM,2,1,1,A,53aNcAl000010C?3CD0e9HF3B00000000000001S0P622t0Ht0000000,0*65
\g:2-2-5198921*62\!AIVDM,2,2,1,A,000000000000000,2*25
\s:66,c:1782377498*43\!AIVDM,1,1,,A,133Dnd7P01v:Oe<EUuGv4?w:2000,0*75
\s:66,c:1782377502*41\!AIVDM,1,1,,B,16:LuMPP008c=hhFUlS=7OwB0<00,0*5A
\s:66,c:1782377485*4F\!AIVDM,1,1,,B,13aDoMU000PCRtJMcr5f456jR<6I,0*79
\s:66,c:1782377245*45\!AIVDM,1,1,,B,33aDoMU000PCRt4Mcr4N456jR6uC,0*6F
\s:66,c:1782377501*42\!AIVDM,1,1,,B,3:U90Q0OjEL42Qiveul;HqG:00`P,0*46
\s:66,c:1782377501*42\!AIVDM,1,1,,,1:U90Q0OjEL42PSveup;HqI<0000,0*19
\s:66,c:1782377502*41\!AIVDM,1,1,,A,34hS>c1004QdhSVE`OHTEPQB0DQr,0*3D
\s:66,c:1782377501*42\!AIVDM,1,1,,B,19NShsh0ji5u>iN1<A4qjWo>00R`,0*7E
\s:66,c:1782377502*41\!AIVDM,1,1,,A,13K4PP001k`Pt0f<EpViAQ9F053<,0*40
\s:66,c:1782377496*4D\!AIVDM,1,1,,B,B52hBu@00=qpW>TcWBCQ3wj1l000,0*59
\s:66,c:1782377496*4D\!AIVDM,1,1,,A,16K3tI00009jJe0D3r08cp960HEH,0*4C
\s:66,c:1782377499*42\!AIVDM,1,1,,A,33JQV8001o0KHLJHRg3Jj8ap0000,0*7F
\s:66,c:1782377502*41\!AIVDM,1,1,,B,B3I1v`P0:Ot?>U6kfJALwwlUl000,0*16
\s:66,c:1782377503*40\!AIVDM,1,1,,B,15NHHAP000GRT=<CCUWaohAD08I8,0*16
\s:66,c:1782377498*43\!AIVDM,1,1,,B,B6K340h00:L`Ob51<psQ3wm5wP06,0*29
\s:66,c:1782377498*43\!AIVDM,1,1,,A,13I67SPP060HK?THfDpcr?w80<1C,0*64
\s:66,c:1782377499*42\!AIVDM,1,1,,B,E>jCJwr17bRRh;2a3WdRa@77a20038pr>Oag010888kfB0,4*70
\s:66,c:1782377497*4C\!AIVDM,1,1,,B,E>jV25h77gb90cVHgsHH6P00000@5TMrA6cC000003iP10,4*48
\g:1-2-5198922,s:66,c:1782377503*0E\!AIVDM,2,1,2,B,56:9888000000000001PTr0P4v0<PDpN08v37OQ618t755Wm053RCQhS,0*30
\g:2-2-5198922*61\!AIVDM,2,2,2,B,p88888888888880,2*6D
\g:1-2-5198923,s:66,c:1782377336*0F\!AIVDM,2,1,3,A,53`ddtD000010OGG;V0@DhI<P5HDr2222222220U2`C4440Ht0000000,0*1F
\g:2-2-5198923*60\!AIVDM,2,2,3,A,000000000000000,2*27
\s:66,c:1782377387*4A\!AIVDM,1,1,,B,33`ddtEP00PD7g`MdlF5I?wL0DWr,0*2A
\s:66,c:1782377502*41\!AIVDM,1,1,,A,3815RLhwAgPq5:FE9T2D;kIR0E:=,0*01
\s:66,c:1782377502*41\!AIVDM,1,1,,A,1815Vai0027Ho`<0jhQ0gTsD0000,0*5C
\s:66,c:1782377501*42\!AIVDM,1,1,,B,39NSlu@01VVwRd63;IgK4Hg@20R3,0*48
\s:66,c:1782377502*41\!AIVDM,1,1,,B,19NSfu00iQ8dwufDJGqDNCW@08Ht,0*71
\s:66,c:1782377503*40\!AIVDM,1,1,,B,16:LGi001G8ML>P=p0Pd1IQD08I;,0*05
\g:1-2-5198924,s:66,c:1782377501*0A\!AIVDM,2,1,4,A,53m2o842H=LsTP7K3?@<l60<Ln10tTq@FlptU8E6=JU@K0000R5DklQP,0*03
\g:2-2-5198924*67\!AIVDM,2,2,4,A,000000000000000,2*20
\s:66,c:1782377501*42\!AIVDM,1,1,,B,18Hu9s001O7L2wF0fp6:<ou<0L@0,0*61
\s:66,c:1782377501*42\!AIVDM,1,1,,,13=:SN50002P6JJ@o3unLhC:0000,0*74
\s:66,c:1782377502*41\!AIVDM,1,1,,A,403t>VAvad`ka8hpa:AJVAA00@HP,0*2B
\s:66,c:1782377497*4C\!AIVDM,1,1,,A,13o9oh901L1AAUJWn7hDgCm400S>,0*1D
\s:66,c:1782377503*40\!AIVDM,1,1,,B,13l3ti001g1oDLGdUkACMBi8053<,0*2E
\s:66,c:1782377500*43\!AIVDM,1,1,,A,142O3uOP1QR54cnGIN0eOgw>20Rq,0*6C
\s:66,c:1782377503*40\!AIVDM,1,1,,B,16;=5HPP0>8f0GPAkdK7:5UB2PS3,0*06
\s:66,c:1782377503*40\!AIVDM,1,1,,A,16:CqdPP008;1gD<rOB@0?wD0@I9,0*63
\s:66,c:1782377503*40\!AIVDM,1,1,,B,19NSAuP01`PcS0VQ41Hq?oID08I=,0*7F
\s:66,c:1782377503*40\!AIVDM,1,1,,B,18I9cO00187K5`>0cJGCBjUB08IM,0*40
\s:66,c:1782377501*42\!AIVDM,1,1,,B,13m8:dP001PlnLvU3OK9OQ;D053<,0*15
\s:66,c:1782377500*43\!AIVDM,1,1,,A,36:<`l5P008VKJ4DV0B:Kgw@2E0:,0*2B
\s:66,c:1782377502*41\!AIVDM,1,1,,B,19NSf5@03=3;4RWh`jeqWGkF0HHt,0*2B
\s:66,c:1782377501*42\!AIVDM,1,1,,A,33`f2G?P00PEs;jN37gqPOwD26CC,0*79
\s:66,c:1782377502*41\!AIVDM,1,1,,A,16:5EUPP0h8gtePAc<mf0gwB08Hq,0*3E
\s:66,c:1782377501*42\!AIVDM,1,1,,A,15Mq;IPP00GWEFnBgitIhgwD2000,0*5E
\s:66,c:1782377501*42\!AIVDM,1,1,,A,35Mq;IP2h0GWEFlBgit9i7mp0000,0*69
\s:66,c:1782377503*40\!AIVDM,1,1,,B,38SJI150007aqnT64C17HbcF00k1,0*45
\s:66,c:1782377504*47\!AIVDM,1,1,,B,13daDj3Oh20`osJIIOoMUl9D0@Ih,0*54
\s:66,c:1782377499*42\!AIVDM,1,1,,B,H6:jlw4n?F10200l0000000`d550,0*68
\s:66,c:1782377503*40\!AIVDM,1,1,,B,13f=v<0vh<OFhsDEdMURE89B08I9,0*67
\s:66,c:1782377460*44\!AIVDM,1,1,,B,13aDCW@P0fPEMVBMh:01pwwnR<3r,0*33
\s:66,c:1782377210*45\!AIVDM,1,1,,A,33aDCW@P0uPEKPjMh0NQWwwRR031,0*49
\s:66,c:1782377502*41\!AIVDM,1,1,,A,13l<7>0P0012TQRDO`obhwwF0@Hg,0*5E
\s:66,c:1782377497*4C\!AIVDM,1,1,,A,B39Gf1P0;`=mpU7l99ehQJN00000,0*03
\s:66,c:1782377503*40\!AIVDM,1,1,,A,15SWUB00Qe7lBjp9UQ4uNJmB0<3f,0*08
\s:66,c:1782377497*4C\!AIVDM,1,1,,A,B3MC92000mg2>?W?@gN0Gwj0HCVb,0*3F
\s:66,c:1782377503*40\!AIVDM,1,1,,B,B39nLlP0=8=v<kWm?3HE?wmQlD1<,0*30
\s:66,c:1782377499*42\!AIVDM,1,1,,B,B:U74eP0DgCr?4v9U`Q6Gwk5oP06,0*5D
\s:66,c:1782377371*43\!AIVDM,1,1,,A,33cvR75000PCafFMcm27jR@r0000,0*4D
\s:66,c:1782377495*4E\!AIVDM,1,1,,A,34eGvQW000FcRt<O1oW@001p0000,0*3B
\s:66,c:1782377501*42\!AIVDM,1,1,,A,402;bFAvad`k`05HE`L;rb7008H9,0*27
\s:66,c:1782377496*4D\!AIVDM,1,1,,B,168ttRPP028e>40Ar`K>4?w<08FM,0*48
\s:66,c:1782377482*48\!AIVDM,1,1,,A,133lchPP1?PD?QlMbLvDcOvb20RS,0*02
\s:66,c:1782377501*42\!AIVDM,1,1,,B,13l9B?0P01Q2M=:DRBW>4?wB2@H5,0*4B
\s:66,c:1782377502*41\!AIVDM,1,1,,A,13VBq40P00Qd4sbEf3<hvgwD2<3c,0*3D
\s:66,c:1782377502*41\!AIVDM,1,1,,B,17pc0f80007bNh25uU?D0Qe@00Sa,0*37
\s:66,c:1782377480*4A\!AIVDM,1,1,,B,13`fLvhP1SPEHi`MbBvPVOv`R<5w,0*7D
\s:66,c:1782377432*43\!AIVDM,1,1,,B,13aC25@P00PCcnJMd@sN4?w020Sp,0*7F
\s:66,c:1782377494*4F\!AIVDM,1,1,,A,B3P<QL00?WuEAGW4<Efb3wi1j3vQ,0*04
\s:66,c:1782377502*41\!AIVDM,1,1,,A,16:8UNPP1F`el4@AmE<U?gwD08Hp,0*09
\s:66,c:1782377503*40\!AIVDM,1,1,,A,13AKob000`PlusRPk@leb;7D88Ie,0*6F
\s:66,c:1782377504*47\!AIVDM,1,1,,A,38I=P15000G<kSTL=D:SB8mB0Dg:,0*0A
\s:66,c:1782377500*43\!AIVDM,1,1,,A,160QvDSP?w<tSF0l4Q@>4?w@0l6l,0*19
\s:66,c:1782377500*43\!AIVDM,1,1,,A,402R3bQvad`kW0s>JnPOeQ7000S:,0*71
\s:66,c:1782377501*42\!AIVDM,1,1,,B,13m6BdPP00PIrQ2Scfs>4?w:253<,0*07
\s:66,c:1782377494*4F\!AIVDM,1,1,,B,16KGE>0001:02WtBtw0k8Wbt0@Ct,0*6B
\s:66,c:1782377500*43\!AIVDM,1,1,,A,13aDqaPP06PClefMEjAdOww@2@Gm,0*7B
\s:66,c:1782377472*47\!AIVDM,1,1,,A,13aGEM0P0uPCwIRMdR0d5gvH2<5<,0*14
\s:66,c:1782377500*43\!AIVDM,1,1,,A,18I<p;0vQOPCCTLMIL8eLrk>00SI,0*65
\s:66,c:1782377490*4B\!AIVDM,1,1,,B,HkMA9khH4LTv374000000000000,2*10
\s:66,c:1782377469*4D\!AIVDM,1,1,,B,1342ouP01CPCtgpMd`=:8`0:P@5>,0*5E
\s:66,c:1782377428*48\!AIVDM,1,1,,B,3342ouP01CPCuN0Md`crH8:jP5gE,0*0C
\g:1-2-5198925,s:66,c:1782377502*08\!AIVDM,2,1,5,A,54hNO:82GgoI`M1T000U8U>08iDD00000000000U4HD45=R807DiljCP,0*65
\g:2-2-5198925*66\!AIVDM,2,2,5,A,000000000000000,2*21
\s:66,c:1782377499*42\!AIVDM,1,1,,A,33aDCm@01=PJNfPN5bGCS2q<PDRr,0*36
\s:66,c:1782377500*43\!AIVDM,1,1,,A,33mD4d0P@dQBS;8Wm9TsraC<01vh,0*0F
\s:66,c:1782377501*42\!AIVDM,1,1,,B,13HWLS?P0GP7:oLM=6V9AgwB28H@,0*79
\s:66,c:1782377500*43\!AIVDM,1,1,,B,B52T?7@00NfHTR5she4NOwjUoP06,0*15
\s:66,c:1782377500*43\!AIVDM,1,1,,A,HCgs0508t89V3;20U>3?S000000,2*2B
\s:66,c:1782377500*43\!AIVDM,1,1,,A,HCgs054N3?=>1F0onik0000H5110,0*40
\s:66,c:1782377501*42\!AIVDM,1,1,,A,191914000U0>;KnE2cOWd6380HFF,0*7B
\s:66,c:1782377451*46\!AIVDM,1,1,,B,33aL=G5P00PCfcpMd7kh0?wV2Dtr,0*32
\s:66,c:1782377444*42\!AIVDM,1,1,,A,13`g1O001ePDrErMdl33eBu@00Sa,0*3D
\s:66,c:1782377501*42\!AIVDM,1,1,,B,15CBn0032L5vvM:60hcPk0`r1d03,0*03
\s:66,c:1782377500*43\!AIVDM,1,1,,B,35@S>O10018L`7`FBGBcpW1@0Dt:,0*0C
\s:66,c:1782377497*4C\!AIVDM,1,1,,A,33UGMS004q1jc5PE=IFHlnup0000,0*0A
\g:1-2-5198926,s:66,c:1782377497*06\!AIVDM,2,1,6,A,53UGMS42>EHu=HAC<00Lth@Dr118Tp<E=<00000000077000004U3D2E,0*31
\g:2-2-5198926*65\!AIVDM,2,2,6,A,2D3E4P000000000,2*46
\s:66,c:1782377503*40\!AIVDM,1,1,,A,403OtiAvad`kbo6cO4Hhh;?02@Hi,0*76
\g:1-2-5198927,s:66,c:1782377495*05\!AIVDM,2,1,7,B,58HuCd82EwuwUKG?KN10u<R0Tm04h6222222220l6H=1A5d>094hAPCR,0*43
\g:2-2-5198927*64\!AIVDM,2,2,7,B,F@H3jC1RAC18880,2*1C
\s:66,c:1782377503*40\!AIVDM,1,1,,A,14VHlP0vBLwD2PpEdbQ=QbgF0L0d,0*7D
\s:66,c:1782377501*42\!AIVDM,1,1,,B,15@`5AP0Qw7oP>l7gwd=pJvv053<,0*27
\s:66,c:1782377495*4E\!AIVDM,1,1,,B,B3o29kP00@6S`18KqC9MgwiQh000,0*3A
\s:66,c:1782377501*42\!AIVDM,1,1,,A,338irR001`0p@nhO@o6a>7C@0Pui,0*41
\s:66,c:1782377498*43\!AIVDM,1,1,,A,177guW00288jtVvAWHgWFEg60<6T,0*0C
\s:66,c:1782377494*4F\!AIVDM,1,1,,B,B3KGEl00>pJCv38F:pMUowhUl000,0*26
\s:66,c:1782377499*42\!AIVDM,1,1,,A,19NSdl101l0AGLlEAs=3B2W<0<2N,0*63
\g:1-2-5198928,s:66,c:1782377430*05\!AIVDM,2,1,8,A,533o6mT00000uC?OG61aLTp@4n2222222222221J:00455fdO01@k5Di,0*67
\g:2-2-5198928*6B\!AIVDM,2,2,8,A,H3Sp=H11H2E54Q@,2*1E
\s:66,c:1782377499*42\!AIVDM,1,1,,B,142LUb10002vP=pH9;:G3F=:0d0s,0*63
\s:66,c:1782377499*42\!AIVDM,1,1,,A,13`rO`0000PHkK>NKR>2nVCL0000,0*73
\s:66,c:1782377490*4B\!AIVDM,1,1,,B,403t=KAvad`kO8ei`PAr@6Q008Bh,0*64
\s:66,c:1782377500*43\!AIVDM,1,1,,B,33aEPO5P010Cw98MDtQWIww>PDgb,0*62
\g:1-2-5198929,s:66,c:1782377387*0F\!AIVDM,2,1,9,B,5344@?`00000uCGW3D0LE8tpTlt000000000001@<8=75uS9P3lSm51D,0*3A
\g:2-2-5198929*6A\!AIVDM,2,2,9,B,Q0CH<iH41E4Sj0@,2*54
\s:66,c:1782377497*4C\!AIVDM,1,1,,A,13`ekJ0P2;PDRvNMe8D`Tgw:2HF;,0*5A
\s:66,c:1782377498*43\!AIVDM,1,1,,A,132jnr?P00wH;;lGT:ih0?w<28Fg,0*1B
\s:66,c:1782377500*43\!AIVDM,1,1,,A,33J@n@00000K5VjHc5k@045p0000,0*04
\s:66,c:1782377495*4E\!AIVDM,1,1,,A,39NSjT0w1PJT7?jE9FL6f5Cp0000,0*75
\s:66,c:1782377501*42\!AIVDM,1,1,0,A,15MtTPP000nG`ClQJ05v46;62<00,0*40
\s:66,c:1782377451*46\!AIVDM,1,1,,B,3344@?UP00PChcPMd?2N4?wT2DV:,0*4F
\s:66,c:1782377457*40\!AIVDM,1,1,,B,3341DgUP000BCnhMfTJeUOwfPllr,0*48
\s:66,c:1782377501*42\!AIVDM,1,1,,B,13P=Qmh01r`j2svAJqBsfqVp0@H@,0*52
\s:66,c:1782377498*43\!AIVDM,1,1,,B,B5NesEP006TI12SlVK6qWwkUWP06,0*4D
\s:66,c:1782377501*42\!AIVDM,1,1,,B,13aEQ9HP0RPFGd:NDenltgwD2L2<,0*23
\s:66,c:1782377484*4E\!AIVDM,1,1,,B,13`eHQ@P000DucRMe5?v4?vh00Ro,0*67
\s:66,c:1782377345*44\!AIVDM,1,1,,B,33`eHQ@P000Duc`Me5?f4?v:0@Li,0*7D
\s:66,c:1782377501*42\!AIVDM,1,1,,A,19WNHH0P00OvbV0FTQKBJww<20Sf,0*61
\g:1-2-5198930,s:66,c:1782377501*0F\!AIVDM,2,1,0,B,55NMw>8290AIL@KS;CIMT5AB0n222222222222000hI26t0Ht0000000,0*5E
\g:2-2-5198930*62\!AIVDM,2,2,0,B,000000000000000,2*27
\s:66,c:1782377501*42\!AIVDM,1,1,,B,18I<D?0000Qcum8EevPWqJo>0<7Q,0*61
\g:1-2-5198931,s:66,c:1782377501*0E\!AIVDM,2,1,1,A,<03t>W9RSjPJ31ED9?>QPI?EP81F5P5>D5B54PG19C8E194?>7P3?<<9,0*7A
\g:2-2-5198931*63\!AIVDM,2,2,1,A,C9?>P8978eB9C;P1B51f389>1P=C10,4*03
\s:66,c:1782377499*42\!AIVDM,1,1,,B,15NI:08P00o?tE<K?PN0ROw>2<1p,0*58
\s:66,c:1782377502*41\!AIVDM,1,1,,A,19NSi?00hnOHP9:DtfKs>HsC053<,0*15
\s:66,c:1782377502*41\!AIVDM,1,1,,A,B8StHP@0:9sBPA1NI`erOwVW3P06,0*2D
\s:66,c:1782377503*40\!AIVDM,1,1,,A,403t>W1vad`kb`iVlvAAq@10253<,0*5A
\s:66,c:1782377503*40\!AIVDM,1,1,,A,36:DAVUP00`;1Lr<rMdv4?w:2Dn:,0*6E
\s:66,c:1782377503*40\!AIVDM,1,1,,A,H8StHP@lTpR0<P5Gb0F37J22220,2*75
\s:66,c:1782377503*40\!AIVDM,1,1,,A,H8StHPDNC8e19Cjijklmno20:420,0*3A
\s:66,c:1782377503*40\!AIVDM,1,1,,B,13IPPP301B0JPjrHRgpD2CCD0D44,0*37
\s:66,c:1782377498*43\!AIVDM,1,1,,A,15Ca7j002DQ<c`fCT2QakWjt0D14,0*65
\s:66,c:1782377503*40\!AIVDM,1,1,,B,142LUb10002vP=pH9;:Fnn=B0d0s,0*6F
\s:66,c:1782377495*4E\!AIVDM,1,1,,A,B52RN6@006f?=mUuNcp=8:v00000,0*32
\s:66,c:1782377500*43\!AIVDM,1,1,,B,13aGDo0P00PE5=hN1`HN4?w@2@GW,0*78
\s:66,c:1782377501*42\!AIVDM,1,1,,B,35NMw>?P00GRVBDCCJJP3ww@004C,0*17
\s:66,c:1782377500*43\!AIVDM,1,1,0,B,C8SQ7v001arE5B1NR2qHcwk0@?111111111111111110?1052120,0*20
\s:66,c:1782377497*4C\!AIVDM,1,1,,A,13`hG?@P00PWnDfNI>qf4?w:2L0r,0*5B
\s:66,c:1782377470*45\!AIVDM,1,1,,A,33aN41hOiAPDl@HMb8FCskJDR1t@,0*20
\s:66,c:1782377501*42\!AIVDM,1,1,,B,33P<m`iw02O0oGp5A9=mRScD0Dcb,0*31
\s:66,c:1782377501*42\!AIVDM,1,1,,A,B8HtJ<008Io2mu0;iO9oowkRT@H7,0*13
\s:66,c:1782377502*41\!AIVDM,1,1,,A,13aGFvpP0cPGcuJNOvBVmwwD28Hj,0*68
\s:66,c:1782377502*41\!AIVDM,1,1,,A,14SaUb000u0;=iFMk5;FF4wD0<0t,0*1D
\s:66,c:1782377503*40\!AIVDM,1,1,,A,19wvda000005qj:3Q0dpD5AD0@IS,0*56
\s:66,c:1782377502*41\!AIVDM,1,1,,B,D03Ovk0s=N>4g<ffpfpNfp0,2*5D
\s:66,c:1782377496*4D\!AIVDM,1,1,,A,33otF>09jP0rBT<Ve6?q`85400Th,0*30
\s:66,c:1782377503*40\!AIVDM,1,1,,B,19NSa9h00sWHDbH0jwnluT1D2D3T,0*68
\s:66,c:1782377502*41\!AIVDM,1,1,,A,33q5Bi000b0ec@RN`f2Sm35p0000,0*0D
\s:66,c:1782377493*48\!AIVDM,1,1,,B,36:dGs1P00`ccE`B1qEJOgwp0000,0*4C
\s:66,c:1782377500*43\!AIVDM,1,1,,B,23eoA410017b;6l5lsNGl8=@0D45,0*10
\s:66,c:1782377496*4D\!AIVDM,1,1,,B,13nS>FP00014ubLWKW9<oQe60<0l,0*2F
\s:66,c:1782377499*42\!AIVDM,1,1,,A,1:LR3BpP00KlpMod;bf:T?vB0d1U,0*19
\s:66,c:1782377500*43\!AIVDM,1,1,,A,403t7f1vad`kW8fP@DABURB000S=,0*38
\s:66,c:1782377498*43\!AIVDM,1,1,,A,16:7u?PP01`gLLhABvLf4?w:28F6,0*6B
\s:66,c:1782377497*4C\!AIVDM,1,1,,A,14`UwHP12NP83h@NKlJ<vrK40t5P,0*02
\s:66,c:1782377498*43\!AIVDM,1,1,,B,18Ljlv1P007=qDB7Ru:v4?w<2l3w,0*0A
\s:66,c:1782377499*42\!AIVDM,1,1,,B,19NSsJP01q0EHE8EBmhb?8A:0D<P,0*6D
\s:66,c:1782377498*43\!AIVDM,1,1,,A,13P7KGP000P7uKDN1ajU?SE208E6,0*73
\s:66,c:1782377471*44\!AIVDM,1,1,,B,B3aB8=P0>h51Hq7K9>>f?wUQh<4n,0*18
\s:66,c:1782377501*42\!AIVDM,1,1,,B,13wkuNP01n1GAAlPArr0gPQ@0pHE,0*6F
\s:66,c:1782377501*42\!AIVDM,1,1,,A,16:DCw0P42`948><kA2aO?wD0hH@,0*30
\s:66,c:1782377502*41\!AIVDM,1,1,,A,15ANA41P2ErB:Pd5FaKMh?wD2<1J,0*75
\s:66,c:1782377499*42\!AIVDM,1,1,,,18LLoP021LGTaKPBkMREsDe<0000,0*5A
\s:66,c:1782377501*42\!AIVDM,1,1,,A,23`en0PP11PDQsHMdfVD5?w@2<7j,0*31
\s:66,c:1782377502*41\!AIVDM,1,1,,A,B6?Ugvh00Q?iE:S@:wLaswm5WP06,0*17
\s:66,c:1782377501*42\!AIVDM,1,1,,A,13m8UW0P@uPhiSvR@SMI?GA80D2a,0*31
\s:66,c:1782377495*4E\!AIVDM,1,1,,A,36:dAm@P@<8eP1PAtRS;`5I40QtP,0*33
\s:66,c:1782377501*42\!AIVDM,1,1,,A,16:nTJ001I8hH=JAh2:;8aIB08H8,0*4C
\g:1-2-5198932,s:66,c:1782377494*00\!AIVDM,2,1,2,B,53P7KGP28kOI`q4S:20MJ08Dp4T4R0UJ2222221J000004r619SQEH0k,0*75
\g:2-2-5198932*60\!AIVDM,2,2,2,B,kSQ@m80h@S1H880,2*6B
\s:66,c:1782377496*4D\!AIVDM,1,1,,B,401vI9QuJl`kT<tSF0l4Q@000l2p,0*71
\s:66,c:1782377503*40\!AIVDM,1,1,,B,36:DCw0P42`943p<k@iaMwwH0Vtk,0*41
\s:66,c:1782377503*40\!AIVDM,1,1,,B,H52eAVPtpF1@tv0l4qV22000000,2*34
\s:66,c:1782377503*40\!AIVDM,1,1,,B,H52eAVTUCBD5<7N00000000H2220,0*66
\s:66,c:1782377495*4E\!AIVDM,1,1,,B,3815Vmi0h1wWHJpDc3NFG9W20Dg:,0*6D
\s:66,c:1782377497*4C\!AIVDM,1,1,,B,38L@J`0P0sWK?2B0f=6:Sww2000B,0*0C
\s:66,c:1782377503*40\!AIVDM,1,1,,B,3:5bi20P00W`cb:66kTsUOw@200j,0*75
\s:66,c:1782377504*47\!AIVDM,1,1,,A,18I3ML80017K3Kj0dtv113Wh0PSP,0*0A
\s:66,c:1782377495*4E\!AIVDM,1,1,,,13JmKb0wjkIPV:j6uHblHka6053<,0*49
\s:66,c:1782377504*47\!AIVDM,1,1,,A,16UM5F0P26WEnlP0vCdTM?wH0HIf,0*41
\s:66,c:1782377500*43\!AIVDM,1,1,,A,13K:GP002L49<bufUkrS7RM80<00,0*7F
\s:66,c:1782377500*43\!AIVDM,1,1,,A,37P1iG0Oh9:lB@qd`jv=r6=>00w@,0*33
\s:66,c:1782377505*46\!AIVDM,1,1,,A,13iq1:300T0Lr40NrSVo9ECD0D0i,0*5A
\s:66,c:1782377498*43\!AIVDM,1,1,,A,36:OSh1001`M5nrEwSBEVI6v0DwJ,0*19
\s:66,c:1782377504*47\!AIVDM,1,1,,,35NNHkUP00FsKB2M7Ma>4?wH0Dhr,0*7B
\s:66,c:1782377503*40\!AIVDM,1,1,,B,18R2CG00013S1lD@;eppsIoH08Ie,0*17
\s:66,c:1782377506*45\!AIVDM,1,1,,A,18Hw2?00R=7HO3l0l5A<<9iJ0D4p,0*1F
\s:66,c:1782377507*44\!AIVDM,1,1,,B,1917=<@P000OhNfE6daKMgwN2<2?,0*28
\s:66,c:1782377507*44\!AIVDM,1,1,,B,17lj=J?P00WKoSL0Ts2Q;OwN2HKi,0*30
\g:1-2-5198933,s:66,c:1782377501*0C\!AIVDM,2,1,3,A,58HsJV82EbNkUKG;SN1H:1<5A8T622222222220O0`H:2t0Ht7ljCQhD,0*33
\g:2-2-5198933*61\!AIVDM,2,2,3,A,3lQH88888888880,2*61
\s:66,c:1782377499*42\!AIVDM,1,1,,A,13`h72PP00PDC<RMdBsP0?w<28Fm,0*3D
\s:66,c:1782377506*45\!AIVDM,1,1,,A,18HsJV<P1J7JNnb0f<R7FOwJ2D:r,0*25
\s:66,c:1782377506*45\!AIVDM,1,1,,B,13K:GP002K49<mUfUl<2kBMF00ST,0*45
\s:66,c:1782377507*44\!AIVDM,1,1,,A,16:5P=PP0A8fAUhAED5PjgwJ053<,0*0F
\s:66,c:1782377502*41\!AIVDM,1,1,,A,B3m`r`P0F`JQ:A:2mBSOOwlUoP06,0*6D
\s:66,c:1782377503*40\!AIVDM,1,1,,B,19NSdB2P01SQqnj@Apqf4?wD253<,0*54
\s:66,c:1782377506*45\!AIVDM,1,1,,B,13R5a20P001d4i:Ef28U9?wL00Rp,0*22
\s:66,c:1782377497*4C\!AIVDM,1,1,,A,13JmKb002kIPV=r6uHQlHCa:08Fo,0*34
\s:66,c:1782377503*40\!AIVDM,1,1,,,13JmKb0vjkIPVFh6uH64GkaH053<,0*4B
\s:66,c:1782377499*42\!AIVDM,1,1,,A,13wm9@h00QOfP3BDam:56F9@0000,0*38
\s:66,c:1782377503*40\!AIVDM,1,1,,A,B6bBg7h1PHoajqT71@8g3wmQh0S5,0*7D
\s:66,c:1782377502*41\!AIVDM,1,1,,A,13P9dl@P3WP7SIlMEg14a?wB20S<,0*4C
\s:66,c:1782377507*44\!AIVDM,1,1,,B,19>EO`?P02wQdUf2eiBcc?wN2D09,0*60
\s:66,c:1782377501*42\!AIVDM,1,1,,B,15Vrhr001@8gD@DAmd`cqIW>0@GO,0*13
\s:66,c:1782377503*40\!AIVDM,1,1,,A,13P=gQhP@5PGtJ<NDaaGF:wJ0D<P,0*33
\s:66,c:1782377500*43\!AIVDM,1,1,,A,34hOks5000Pg89>Hrd9qmbM<0000,0*7B
\s:66,c:1782377502*41\!AIVDM,1,1,,A,13iqh20P08P=h>PMNs6WUwwB2@Gd,0*32
\s:66,c:1782377505*46\!AIVDM,1,1,,,B5OH5MP00El:QU6kTgoQ3wn1h000,0*3B
\s:66,c:1782377498*43\!AIVDM,1,1,,B,B615ff003HpuDM3vOQpvgwk1oP04,0*0E
\s:66,c:1782377502*41\!AIVDM,1,1,,B,1815BPP01i7ntAD7<muhAh=:0@Gv,0*3E
\s:66,c:1782377501*42\!AIVDM,1,1,,A,13@phe@0000f9MlOR0qtQb7>053<,0*3F
\s:66,c:1782377498*43\!AIVDM,1,1,,A,15O@000000rRTa2E8MeEJTO60<1d,0*24
\s:66,c:1782377504*47\!AIVDM,1,1,,A,16Sjl8PP1Ga7hFRC6?IU;?wD20T<,0*1B
\s:66,c:1782377501*42\!AIVDM,1,1,,B,33P=gQhP@5PGtJ@NDabG9c1D00v0,0*7D
\s:66,c:1782377501*42\!AIVDM,1,1,,B,169NgD001K7>ck<1TTrTdCgB053<,0*2E
\s:66,c:1782377506*45\!AIVDM,1,1,,A,144iASgP00`g7CFA@en@7gwH2=2B,0*34
\s:66,c:1782377501*42\!AIVDM,1,1,,A,177dU=0020rF6orBUTTaDoQ608H@,0*3C
\s:66,c:1782377504*47\!AIVDM,1,1,,A,18KeLF00007L1KV0h3dtbor80l8d,0*60
\s:66,c:1782377504*47\!AIVDM,1,1,,A,19N`30P02d1UQ1ud5RVr=8?F053<,0*15
\s:66,c:1782377504*47\!AIVDM,1,1,,A,17loiT`P01WKaUp0`8h=B?wH08J<,0*76
\s:66,c:1782377504*47\!AIVDM,1,1,,A,33ITeLP000Oj>GlKtKPcrPEp0000,0*12
\s:66,c:1782377506*45\!AIVDM,1,1,,A,16:8n00P?w<tSF0l4Q@>4?wv0d0q,0*50
\s:66,c:1782377503*40\!AIVDM,1,1,,B,13mbJH001NKW=srKSLD4fCgH00Sq,0*79
\s:66,c:1782377506*45\!AIVDM,1,1,,A,19NSK402AWrB:Dj5H2sh:h;L08KH,0*06
\s:66,c:1782377503*40\!AIVDM,1,1,,B,19t6UtP02@`jfhpCehST=SA>253<,0*78
\s:66,c:1782377503*40\!AIVDM,1,1,,A,18155Th01ovUerr:qBpojVAD053<,0*2F
\s:66,c:1782377504*47\!AIVDM,1,1,,B,3:5dmM3P@g2vHgbH;s`Hr67F0P00,0*6D
\s:66,c:1782377502*41\!AIVDM,1,1,,B,17OerU0000:lEn3jGPVrmH5B00Sf,0*5E
\s:66,c:1782377506*45\!AIVDM,1,1,,B,13oDKR00il7UTdb2bplQn1MH0HKL,0*18
\s:66,c:1782377507*44\!AIVDM,1,1,,B,C6:`21P00:9jDTTTfUP000N0l@;0Rc0l@Nc0@bOQeWWjS0PFRS00,0*5D
\s:66,c:1782377507*44\!AIVDM,1,1,,A,17mF@P?P2fWLIip0e9n7t?wL28KQ,0*3E
\s:66,c:1782377504*47\!AIVDM,1,1,,A,B5OT00000>`NEtUTdjBA1lN00000,0*74
\s:66,c:1782377502*41\!AIVDM,1,1,,A,34`qIn002FJ6DKf?qdHBb2;p0000,0*4D
\s:66,c:1782377499*42\!AIVDM,1,1,,B,16:LqQ001G8f49PA9km9dGi<00SL,0*2F
\s:66,c:1782377506*45\!AIVDM,1,1,,B,18Km4`0P007JKa40deic:wwL08K1,0*62
\s:66,c:1782377507*44\!AIVDM,1,1,,A,17lcma`P008G;d5w;ecf4?wL0<1P,0*77
\s:66,c:1782377507*44\!AIVDM,1,1,,A,B5O7gBP00>TBoLSfUASQ3woQnE4b,0*73
\s:66,c:1782377507*44\!AIVDM,1,1,,A,16::3F0P08`fB<PA6UGb1?wL2Mo5,0*03
\s:66,c:1782377506*45\!AIVDM,1,1,,A,13mHIJ?P00QAvWdWiM<v4?wL053<,0*3B
\s:66,c:1782377508*4B\!AIVDM,1,1,,A,3:5dmM3P@d2vHfnH;sQ`dn5L0Q0P,0*5E
\s:66,c:1782377503*40\!AIVDM,1,1,,A,33M@D8COhGNqO7R@5Up;qaID01tP,0*32
\s:66,c:1782377507*44\!AIVDM,1,1,,B,33P=gQhP@5PGtJ:NDa`GP:wP0000,0*21
\s:66,c:1782377504*47\!AIVDM,1,1,,B,19NStbDwB=5d:>h42VQK5HqD053<,0*5F
\s:66,c:1782377504*47\!AIVDM,1,1,,A,16KjOP00j8okGJ8>bKAL;qm>00SJ,0*66
\s:66,c:1782377503*40\!AIVDM,1,1,,B,14`V1k000Nwo@w`LkFtJ5;1D053<,0*53
\s:66,c:1782377500*43\!AIVDM,1,1,,B,HCgjrP0MT@`6222222222222220,2*0C
\s:66,c:1782377500*43\!AIVDM,1,1,,B,HCgjrP4N1=3PPPPnhjlPPP0H7220,0*6B
\s:66,c:1782377498*43\!AIVDM,1,1,,B,13nRwqPP03PlngfU3OC=r?w<28FL,0*1C
\s:66,c:1782377504*47\!AIVDM,1,1,,B,138`pJ000008TA0M:pi1w8mF08Iv,0*64
\s:66,c:1782377505*46\!AIVDM,1,1,,B,1393860v1`OTi4vKcauQB19L0HJo,0*32
\s:66,c:1782377498*43\!AIVDM,1,1,,A,13eoLj001h0lS30F2=FbQHS<28FU,0*5F
\s:66,c:1782377499*42\!AIVDM,1,1,,A,33=a8P5000QBjrtHJ9duh7c<0000,0*42
\s:66,c:1782377505*46\!AIVDM,1,1,,A,13EaFJgP0JOfeUnDu<>3mgwJ0L0F,0*0B
\s:66,c:1782377506*45\!AIVDM,1,1,,A,13@p3d@0000hO2DQ1hvK7rEN0HK;,0*21
\s:66,c:1782377505*46\!AIVDM,1,1,,A,13n3s<001w03PLBM0oJaF7OL0D5;,0*1C
\s:66,c:1782377506*45\!AIVDM,1,1,,B,18JtK`0P00WJt>H0gLUv4?wL2L8f,0*6E
\s:66,c:1782377501*42\!AIVDM,1,1,,A,35NQUM4000JrlA6H>t>0001p0000,0*4D
\s:66,c:1782377506*45\!AIVDM,1,1,,A,377hDA51@2a=av`D4TWUsBip0DQr,0*7C
\s:66,c:1782377508*4B\!AIVDM,1,1,,A,38I9u40Ohb7K8ER0dmWtGrKL00rh,0*08
\s:66,c:1782377504*47\!AIVDM,1,1,,,B3P;SuP0I7rUwsW<2PF:Cwn1h000,0*20
\s:66,c:1782377507*44\!AIVDM,1,1,,A,19NSkj@wB>7Mel@0h21As1UJ0HKe,0*5B
\s:66,c:1782377503*40\!AIVDM,1,1,,B,18QlHg0002SR0Fv@@fOq0:1@053<,0*14
\s:66,c:1782377506*45\!AIVDM,1,1,,A,33d6in0P1OPw1rnJ6S67IwwL0C7C,0*4B
\s:66,c:1782377503*40\!AIVDM,1,1,,A,13cIrh0006P?p6jMRvbKKHkB0L4H,0*3B
\s:66,c:1782377508*4B\!AIVDM,1,1,,A,15DWD@0P00rCdvB58VPVMgwN2D3q,0*4E
\s:66,c:1782377508*4B\!AIVDM,1,1,,B,133jQ80001PCULTMHIP9EHwR08LB,0*43
\s:66,c:1782377508*4B\!AIVDM,1,1,,B,148G7oUPAaQPR36OpgjsOI7J0D1U,0*5E
\g:1-2-5198934,s:66,c:1782377507*0D\!AIVDM,2,1,4,A,5343gK`00000uCGS;40@D4ht000000000000000D=8575t00001iCQCE,0*23
\g:2-2-5198934*66\!AIVDM,2,2,4,A,BA1CP0000000000,2*31
\s:66,c:1782377504*47\!AIVDM,1,1,,B,B3I`H=P00@3JTM5`:@WQ3wmQjD9r,0*4C
\s:66,c:1782377504*47\!AIVDM,1,1,,B,6>jCKlh0Rf0L>db7@100P00,2*1F
\s:66,c:1782377499*42\!AIVDM,1,1,,A,169rDvP001`No2<F6HIA36m<2<00,0*1C
\s:66,c:1782377503*40\!AIVDM,1,1,,B,25RpeB5000W`aG:69DM4<Ia`0HHc,0*1C
\s:66,c:1782377505*46\!AIVDM,1,1,,A,133hsQP000PCJc4MEkejwoAF0D<P,0*58
\s:66,c:1782377505*46\!AIVDM,1,1,,,B5OC@c0006qMfKQQjPvqswnUkP06,0*17
\s:66,c:1782377503*40\!AIVDM,1,1,,A,18I01NPP3k7KOJN0f6U2GOwD0<?a,0*28
\s:66,c:1782377505*46\!AIVDM,1,1,,A,19NSK6h0A;Ouh1l2mT29G7MF0D09,0*65
\s:66,c:1782377501*42\!AIVDM,1,1,,A,15?dQ:hvP43RgQv@BiG2;JCD0<6T,0*4F
\s:66,c:1782377506*45\!AIVDM,1,1,,B,B8HuDRh00QnnQUP;`S`03wnTkP06,0*02
\s:66,c:1782377501*42\!AIVDM,1,1,,B,13:jAH0wiT0fsW@FL:42MQoD00Rb,0*07
\s:66,c:1782377499*42\!AIVDM,1,1,,A,13fIwf00QnwSBkjK`WQHVnm6053<,0*4E
\s:66,c:1782377506*45\!AIVDM,1,1,,A,87tCiciKdVSbh8JQgwiiS?@@Q`@0IWOD:v>DVpoF9Q6ucE`<NvW8,0*69
\g:1-2-5198935,s:66,c:1782377507*0C\!AIVDM,2,1,5,A,53Ja6V42=sMoTP7?7S@E@tThD000000000000017DHg??5d;0C@lRDm3,0*36
\g:2-2-5198935*67\!AIVDM,2,2,5,A,hPC80CPj0000000,2*2B
\s:66,c:1782377507*44\!AIVDM,1,1,,B,13fIwf0wAnwSBblK`VaHVnkH0@Kb,0*0F
\s:66,c:1782377503*40\!AIVDM,1,1,,A,15IHc>0006KUP1h5mLF;137H00RQ,0*78
\s:66,c:1782377503*40\!AIVDM,1,1,,A,13m@?n0P0027tmd`JJ6:jOwF28I2,0*49
\s:66,c:1782377506*45\!AIVDM,1,1,,B,B8Hs;jP00qni;jP;76l03wo4kP06,0*56
\s:66,c:1782377507*44\!AIVDM,1,1,,A,13S=wP0000Q?k38HWtkR1oMN00SS,0*6C
\s:66,c:1782377506*45\!AIVDM,1,1,,A,15`>s`0P00OeTk@32;F:hgwL053<,0*22
\s:66,c:1782377507*44\!AIVDM,1,1,,B,18I4;9001i708Gn3:t`l1SEP08Kj,0*32
\s:66,c:1782377502*41\!AIVDM,1,1,,A,15NUBJ001KIUAvF@N3Cr`8QD00Ro,0*5A
\s:66,c:1782377507*44\!AIVDM,1,1,,A,18I01NPP3i7KOQp0f75RIwwL08KS,0*72
\s:66,c:1782377502*41\!AIVDM,1,1,,A,H5OHVgTU7B=4005G4Aolqh1P<344,0*63
\s:66,c:1782377501*42\!AIVDM,1,1,,A,34hOai0000QBuTpHI>W4ORcB0000,0*2C
\s:66,c:1782377501*42\!AIVDM,1,1,,A,13l3pt@00=JTf6:5tfmGuaQ>0HH:,0*0A
\s:66,c:1782377508*4B\!AIVDM,1,1,,A,15N`oN<000q<rIV@wt5cjRmP00ST,0*16
\s:66,c:1782377506*45\!AIVDM,1,1,,B,19NSiLPu@bR4MtvGKWP<:qWL00S8,0*37
\s:66,c:1782377503*40\!AIVDM,1,1,,A,16:Cs@P0008;7>h<rt4HvQGD0@I;,0*09
\s:66,c:1782377503*40\!AIVDM,1,1,,B,398VhwUP@0Pe81b1SjH6sAeH2Di:,0*39
\s:66,c:1782377502*41\!AIVDM,1,1,,,13IfT4POh6PIfw0Hc4Ta<7GD0000,0*71
\s:66,c:1782377504*47\!AIVDM,1,1,,B,168sNw0Ohj`LNuFEwQH987qH053<,0*52
\s:66,c:1782377498*43\!AIVDM,1,1,,A,13v5qf001o1U<dFRM``FUEB00000,0*6F
\s:66,c:1782377504*47\!AIVDM,1,1,,A,16oa=@P00iNk@p2:wCJlRCaD0U3<,0*3A
\s:66,c:1782377497*4C\!AIVDM,1,1,,A,18Htv=0003SPFs@?pTHu2rO62HF5,0*3B
\s:66,c:1782377503*40\!AIVDM,1,1,,A,16?Ul900005eP>03vCBmfUsF0@IK,0*4D
\s:66,c:1782377500*43\!AIVDM,1,1,,B,B52j7qh00>ea0P5rSjKIMBl1h000,0*08
\s:66,c:1782377504*47\!AIVDM,1,1,,B,17lj=SgP00WLeT00VFoh0?wB053<,0*71
\s:66,c:1782377505*46\!AIVDM,1,1,,B,16T?TJ00QG8lhJ<AFdURgRCD0L4E,0*50
\s:66,c:1782377504*47\!AIVDM,1,1,,A,16;TMr001k8UNMnF7AHD?3IH08IQ,0*0A
\s:66,c:1782377504*47\!AIVDM,1,1,,B,H3f;mN0ptl60U<h4p@000000000,2*49
\s:66,c:1782377504*47\!AIVDM,1,1,,A,H8HsUuP60=9U=@4h00000000000,2*59
\s:66,c:1782377149*4A\!AIVDM,1,1,,B,H8HsUuTlC=D6n`VqFphjp010?440,0*29
\s:66,c:1782377505*46\!AIVDM,1,1,,A,19Iik9P01qPD3wDEJo:33jOJ0@Je,0*02
\s:66,c:1782377503*40\!AIVDM,1,1,,A,13aER0PP0IPNmUhMKwV;HwwDR0Rj,0*1F
\s:66,c:1782377506*45\!AIVDM,1,1,,A,3779H5000h7Ljnr0g?kb`HMJ0C1=,0*35
\s:66,c:1782377504*47\!AIVDM,1,1,,B,19NSUg@02RW11iF2u06DikqJ0<0c,0*09
\s:66,c:1782377505*46\!AIVDM,1,1,,A,B3aC4uP00P5oPq7OW3j;swn5oP06,0*64
\s:66,c:1782377505*46\!AIVDM,1,1,,A,19NSA>@wis8>h=0<U?`Clk9H0D3C,0*05
\s:66,c:1782377505*46\!AIVDM,1,1,,B,18SK0>HP1QWbug05qcwSCwwF2<0=,0*50
\g:1-2-5198936,s:66,c:1782377505*0D\!AIVDM,2,1,6,A,56:aTEh000000000001L4p`Tp`T4pO;SKT0000160pc64U2bN6RR@CQn,0*50
\g:2-2-5198936*64\!AIVDM,2,2,6,A,BCP000000000008,2*4B
\s:66,c:1782377504*47\!AIVDM,1,1,,B,33FGr>0P@2vqJa<@6h9eR8gF00tP,0*47
\s:66,c:1782377506*45\!AIVDM,1,1,,B,B6:>nEP012;e3h4HTl`Cswv41P06,0*5E
\s:66,c:1782377506*45\!AIVDM,1,1,,A,19NSdrP02fOujdN2ierIHoMH053<,0*46
\s:66,c:1782377506*45\!AIVDM,1,1,,A,13ku1NPwBrtD;3n>7qkd7aiL0HK;,0*08
\s:66,c:1782377502*41\!AIVDM,1,1,,B,38Hwqj9<P3WJvd60gCKGNgwB00qh,0*48
\s:66,c:1782377506*45\!AIVDM,1,1,,B,B3IW4WP00>qELFQf@psQ3wo1l000,0*1A
\s:66,c:1782377505*46\!AIVDM,1,1,,B,15?dLW0vj6`eRWLAqt6DJSQF8<9m,0*5F
\s:66,c:1782377507*44\!AIVDM,1,1,,B,13E`8f0P0GP<E<TGbRRcmwwL253<,0*65
\s:66,c:1782377504*47\!AIVDM,1,1,,B,B5O9e9P3wk?8mP=18D3Q3wwQh000,0*15
\s:66,c:1782377506*45\!AIVDM,1,1,,A,B3`lNh00?h6`AP7UgmlLhGN00000,0*74
\s:66,c:1782377506*45\!AIVDM,1,1,,A,402<Hm1vad`ke1s1qLRW<Qg0653<,0*58
\s:66,c:1782377508*4B\!AIVDM,1,1,,A,19NSj2P0030HiOTE>R:CKc;R0d6=,0*4C
\s:66,c:1782377499*42\!AIVDM,1,1,,A,13kuEr001SOpq=6LhN29vGu60<1U,0*51
\s:66,c:1782377501*42\!AIVDM,1,1,,A,13btOt31@10:RMlNDEft303B88HE,0*21
\s:66,c:1782377504*47\!AIVDM,1,1,,A,D02AaJ0c`Nfq6DO6EI0O6D0,2*58
\s:66,c:1782377501*42\!AIVDM,1,1,,A,14`V0oS0000JWh`O5h44bnUB8<2T,0*67
\s:66,c:1782377505*46\!AIVDM,1,1,,B,168sgPP0008fjH@AE97ThPiH053<,0*4F
\s:66,c:1782377500*43\!AIVDM,1,1,,A,15IIqF0000KUhOV678hf41S@00T7,0*38
\s:66,c:1782377503*40\!AIVDM,1,1,,A,33P<m=POh607Kr8MKud1bCAF00IP,0*44
\s:66,c:1782377502*41\!AIVDM,1,1,,B,B39Q22P0<h<>mNWlJ>1fCwlUkP06,0*01
\s:66,c:1782377496*4D\!AIVDM,1,1,,B,B6:I>m00Dj;:;a4O>2=:Swj6SP06,0*09
\s:66,c:1782377502*41\!AIVDM,1,1,,A,169G>;P01i`i;jlAcgIak7kB20S4,0*2B
\s:66,c:1782377505*46\!AIVDM,1,1,,A,13@pP>h00J0PCllNs:66,0*7D
\s:66,c:1782377504*47\!AIVDM,1,1,,A,16:e1w@000`Vs8@BCwg7RW1F053<,0*2B
\s:66,c:1782377501*42\!AIVDM,1,1,,A,19NSnt@01@ST9w<?RPQ907Bn0@?b,0*0E
\s:66,c:1782377502*41\!AIVDM,1,1,,B,17ldTucP01WIAjh0WHKv4?wB2D1C,0*4D
\s:66,c:1782377504*47\!AIVDM,1,1,,A,13@poaO0007KglV0`JV6r2gD0HIm,0*01
\s:66,c:1782377505*46\!AIVDM,1,1,,B,15NEAVd000q<iT8A2qTkk@5J0<4D,0*34
\s:66,c:1782377501*42\!AIVDM,1,1,,A,15NFMv0001G?b26EdhQIGlMB00S4,0*1C
\s:66,c:1782377504*47\!AIVDM,1,1,,B,15?dOT?vP23N8:R@@SCp5RcB0@J3,0*48
\s:66,c:1782377500*43\!AIVDM,1,1,,B,1Ch;WG0P2HvE`O0Uo8AVGgw<2000,0*5E
\s:66,c:1782377503*40\!AIVDM,1,1,,B,15C1A000009jUMpD3RsashWH00SD,0*3D
\s:66,c:1782377504*47\!AIVDM,1,1,,B,E>o6K9P17dPh9I@8:7h6PVWW0V0MC:bj2uIoP10888nv:0,4*56
\s:66,c:1782377506*45\!AIVDM,1,1,,A,177n34031h`k10RA>KF@a0aL00Rr,0*12
\s:66,c:1782377504*47\!AIVDM,1,1,,B,15RJ4F001VOt`F8LeG@2q2KD0D2e,0*7A
\s:66,c:1782377508*4B\!AIVDM,1,1,,B,16:8VOQ0168h;;@AgQo<@JIN0pKt,0*19
\s:66,c:1782377448*4E\!AIVDM,1,1,,B,H7OnI50EHtdD000000000000000,2*5C
\s:66,c:1782377508*4B\!AIVDM,1,1,,B,H7OnI54U7B=4000H:nhq000h9440,0*7E
\s:66,c:1782377507*44\!AIVDM,1,1,,B,B7OlpeP008;@59VCf13Q1g85oP06,0*3B
\s:66,c:1782377505*46\!AIVDM,1,1,,A,85MjrK1Kf>u;>VrG2d64vHh@Pw<p=VG8K3;b1Kw=F@jm;WDobt>`,0*26
\s:66,c:1782377507*44\!AIVDM,1,1,,B,B3P>Guh00=ksci6l3ngACwoUoP06,0*59
\s:66,c:1782377504*47\!AIVDM,1,1,,B,36:at3AP00`dVCtAucQt8Owp0000,0*4A
\s:66,c:1782377508*4B\!AIVDM,1,1,,B,18I1EP001E1?;9idP?G4NkgD0L0p,0*12
\s:66,c:1782377504*47\!AIVDM,1,1,,B,13tiSB001h0Bi`dMgSTDECKD0<Fe,0*22
\s:66,c:1782377505*46\!AIVDM,1,1,,A,13aEPHhP000BFWfMLHLch?wJR8JH,0*41
\s:66,c:1782377505*46\!AIVDM,1,1,,A,D02IP>hflffp,0*55
\s:66,c:1782377505*46\!AIVDM,1,1,,B,13EiavW00CP@0sfH>nskS3;J00SH,0*37
\s:66,c:1782377504*47\!AIVDM,1,1,,A,13;ce:?P00Rvc5tH7tbmh?wF0W3h,0*14
\s:66,c:1782377505*46\!AIVDM,1,1,,A,17tD:=8P02WL5E`0lCo>4?wH2@J;,0*0F
\s:66,c:1782377500*43\!AIVDM,1,1,,A,402VqQ1vUwS3;22LcVR=sno004H<,0*7C
\s:66,c:1782377506*45\!AIVDM,1,1,,B,344WUNPOjCNaAf<:eifeQ:qp1P01,0*67
\s:66,c:1782377505*46\!AIVDM,1,1,,A,39NSje1P@2Wb2mt5tLKqUP;J27<3,0*7A
\s:66,c:1782377501*42\!AIVDM,1,1,,A,ENk`t0Rb8@@@@@@@@@@@@@@@@@@=A<tO<WPNp00003vP000,2*33
\s:66,c:1782377501*42\!AIVDM,1,1,,A,402M4cAvad`k`19?P0W`Wh7P0HH>,0*65
\s:66,c:1782377506*45\!AIVDM,1,1,,B,13`hqgPP10PBEIJMfj>IuwwLR<3w,0*49
\s:66,c:1782377502*41\!AIVDM,1,1,,B,352nJR0OhBrTW0hE6pomUE3D0000,0*7D
\s:66,c:1782377505*46\!AIVDM,1,1,,B,15Pm>0@P2=oS@=NBq`h3TwwJ2000,0*16
\s:66,c:1782377501*42\!AIVDM,1,1,,B,B52h2MP006e`OQUrMu3Q3wlQh000,0*56
\s:66,c:1782377504*47\!AIVDM,1,1,,A,B3aIio@0A85sq@7`CiEq?wmUoP06,0*07
\s:66,c:1782377505*46\!AIVDM,1,1,,B,144d?u002<1Q1ClQaRh8CVUJ0`Jm,0*05
\s:66,c:1782377505*46\!AIVDM,1,1,,B,B5ODi:000>C?2M4>OlcQ3wn1l000,0*5B
\s:66,c:1782377505*46\!AIVDM,1,1,,A,13ku9Whvho2tEfCvSrk8:FSJ053<,0*00
\s:66,c:1782377502*41\!AIVDM,1,1,,,15NfeC<000o@7I>E`wqSsmkB0000,0*49
\s:66,c:1782377507*44\!AIVDM,1,1,,A,15?WCj001jQCjkFG>uD<LqwL000A,0*6E
\s:66,c:1782377507*44\!AIVDM,1,1,,A,18I6@F8000WJS8t0fm8tU15H053<,0*38
\s:66,c:1782377506*45\!AIVDM,1,1,,A,B3`e=J00:02L4vWCM@JdcwnQh8K1,0*25
\s:66,c:1782377508*4B\!AIVDM,1,1,,A,169GNS0013`;f0d<mrV=QmuN2<4n,0*32
\s:66,c:1782377502*41\!AIVDM,1,1,,A,13o=R8000014KtdW?BB<28u@053<,0*23
\s:66,c:1782377502*41\!AIVDM,1,1,,B,16:LgoP000`K;cBFDDM84OwB0000,0*70
\s:66,c:1782377500*43\!AIVDM,1,1,,A,13aL>khP000FrM2Mu@2>4?w@0@Gn,0*0E
\s:66,c:1782377500*43\!AIVDM,1,1,,A,BCh8TL00@GTGJ29LK;IvGwR2s000,0*2A
\s:66,c:1782377502*41\!AIVDM,1,1,,A,13:r9B3P@`PMuw@Nu6t5Mku@2@Hf,0*08
\s:66,c:1782377501*42\!AIVDM,1,1,,A,B3uLh?P0:p=kbG7l3l=uCwk7GP06,0*55
\s:66,c:1782377503*40\!AIVDM,1,1,,A,402R3K1vad`kc1@bCVQplso0053<,0*7D
\s:66,c:1782377503*40\!AIVDM,1,1,,A,13MBKR3000083QhN1dvukiIF0<5r,0*6D
\s:66,c:1782377506*45\!AIVDM,1,1,,B,14SkBh001FP6RQBM=vL8oG9H0@KI,0*3B
\s:66,c:1782377506*45\!AIVDM,1,1,,A,19NSaUP02QJ=we>9vFbS>2aH00Ru,0*65
\s:66,c:1782377502*41\!AIVDM,1,1,,A,18REMs001HV7KMV3Aa=rT8MD0<08,0*73
\s:66,c:1782377505*46\!AIVDM,1,1,,A,17lccShP00WLcmJ0Upv@0?wJ2<1@,0*16
\s:66,c:1782377502*41\!AIVDM,1,1,,B,13HWa37P0MP4eVRLnRc4CgwB2<0J,0*37
\s:66,c:1782377506*45\!AIVDM,1,1,,A,18I=kS001eb:4i@Gmg?CCBcD0@KJ,0*14
\s:66,c:1782377503*40\!AIVDM,1,1,,A,365q460P@33PtB>@>K:kpbAF02o1,0*30
\s:66,c:1782377505*46\!AIVDM,1,1,,A,19F:R2?000005C>3>Dgj8:CD0D1e,0*14
\s:66,c:1782377505*46\!AIVDM,1,1,,B,36Sdmh001lWbKOn5l33sWI?D00kA,0*75
\s:66,c:1782377502*41\!AIVDM,1,1,,A,B7lj;GP00:5Vk8wmbth6kwlRT@Hw,0*28
\s:66,c:1782377506*45\!AIVDM,1,1,,A,B9t6V:h0>hFqRv4V7iuAgwnP0@KA,0*32
\s:66,c:1782377507*44\!AIVDM,1,1,,A,H5Td2ThlDdtpN37J22222222220,2*1F
\s:66,c:1782377505*46\!AIVDM,1,1,,B,137NNd0P00RG8m8Cm0neagwH0D1V,0*53
\s:66,c:1782377507*44\!AIVDM,1,1,,B,29NSe3m0007aqJb630hEQA5N08KB,0*45
\s:66,c:1782377506*45\!AIVDM,1,1,,A,36:d0`10012mN:sucUEqtmIL0Dbb,0*6A
\s:66,c:1782377504*47\!AIVDM,1,1,,A,15MpNB0P01JQr7pFBvWo8?w@0000,0*26
\s:66,c:1782377497*4C\!AIVDM,1,1,,B,13@p170ph0PpMNhOJ<4Hwoi80@Ew,0*0C
\s:66,c:1782377505*46\!AIVDM,1,1,,B,16;D:t001dWGtWd0lKmlqCsD0@JQ,0*69
\s:66,c:1782377507*44\!AIVDM,1,1,,A,15R?@t02R>NQJ5n:kbnPq@o0053<,0*72
\s:66,c:1782377508*4B\!AIVDM,1,1,,A,1815RD@12:wqq8LLhfuatGsN2h1p,0*04
\s:66,c:1782377508*4B\!AIVDM,1,1,,A,15PuBn8P15SmRLV>W0DU3OwR053<,0*2A
\s:66,c:1782377501*42\!AIVDM,1,1,,B,16QiGJ0P032P1t`@kAhWtwwD053<,0*5C
\s:66,c:1782377503*40\!AIVDM,1,1,,A,13cdSu0P0OPrb2nEJU:cmOwF2<1O,0*66
\s:66,c:1782377496*4D\!AIVDM,1,1,,A,B6:kdc00C:;2N74MW?DLCwjT2000,0*1C
\s:66,c:1782377503*40\!AIVDM,1,1,,A,13AG:p002Bou8LH=LH9E6D2t053<,0*45
\s:66,c:1782377504*47\!AIVDM,1,1,,B,142OhHP0001pnRNFvHlVgQMD00S;,0*3B
\s:66,c:1782377497*4C\!AIVDM,1,1,,A,16:IMeP01J8cpA0B108UNDa<0@Fl,0*18
\s:66,c:1782377502*41\!AIVDM,1,1,,B,14hC`?0vis0l3B4F8FR5mTW@0@HK,0*13
\s:66,c:1782377501*42\!AIVDM,1,1,,A,15DUbj0028P61NnE6a::<`;>08H6,0*7B
\s:66,c:1782377500*43\!AIVDM,1,1,,A,H5NdjcTU653<HSEG49pijh0p<140,0*33
\s:66,c:1782377505*46\!AIVDM,1,1,,B,13EsJ`7P0IP7aKpFOOeAw?wH2HJ4,0*09
\s:66,c:1782377504*47\!AIVDM,1,1,,,13lvmD0vBHPhRAhO>8;2sjCF8000,0*0D
\s:66,c:1782377504*47\!AIVDM,1,1,,A,17tJOfPP007KpNh0Tm000?wH20Rm,0*19
\s:66,c:1782377504*47\!AIVDM,1,1,,B,139NGEPPAUPecq:N`cT4wl1D00SD,0*0F
\s:66,c:1782377501*42\!AIVDM,1,1,,B,13E`whWP0FP2MjTF>UM0=gwB2D1i,0*6C
\s:66,c:1782377503*40\!AIVDM,1,1,,A,15OGMF000urqDOhGe:gck9KD08IA,0*45
\s:66,c:1782377505*46\!AIVDM,1,1,,A,17lcdsP001WKt<D0bPBU:nOJ28JO,0*02
\s:66,c:1782377502*41\!AIVDM,1,1,,B,18UEmT00003OiS2@?=Dkj:EF2D>T,0*53
\s:66,c:1782377504*47\!AIVDM,1,1,,A,13EejeW00PP@t4fHFofJ47kF053<,0*53
\s:66,c:1782377504*47\!AIVDM,1,1,,B,H5ODF5TT?>G1000G4@onkn0p6040,0*12
\g:1-2-5198937,s:66,c:1782377505*0C\!AIVDM,2,1,7,B,569GM1T0000099`r221<PDL4pOHP4t000000000l28D64udh0:4j1CVR,0*2B
\g:2-2-5198937*65\!AIVDM,2,2,7,B,1C`888888888880,2*0A
\s:66,c:1782377507*44\!AIVDM,1,1,,B,18I;u<000brBBnl5Fwm<49eL2HKW,0*22
\s:66,c:1782377502*41\!AIVDM,1,1,,,17ldadm0008HgV;wR4cMSI?F0000,0*17
\s:66,c:1782377503*40\!AIVDM,1,1,,A,13n4iw`P@729SLP`Ognt0I9F0@I;,0*35
\s:66,c:1782377506*45\!AIVDM,1,1,,A,1kaL?JEP000Oei@NPJCb7Ov1uwww,0*4A
\s:66,c:1782377507*44\!AIVDM,1,1,,A,369aBI1P01`f`p`A3Ac:?DuJ0000,0*48
\s:66,c:1782377503*40\!AIVDM,1,1,,A,33o0;=01Ps0tWK8V=9?i3Pip0000,0*43
\s:66,c:1782377507*44\!AIVDM,1,1,,A,339NGEPPAUPect`N`cG513wJ0000,0*05
\s:66,c:1782377500*43\!AIVDM,1,1,,A,B3Eu82P01ww8aK5JAR@03wv43P06,0*51
\s:66,c:1782377505*46\!AIVDM,1,1,,A,19NSRlP0j?QJ?IvPfhsPwhoF0@JF,0*14
\s:66,c:1782377499*42\!AIVDM,1,1,,A,15QSHF001VQ6AllDiAoSbjs:66,0*0A
\s:66,c:1782377502*41\!AIVDM,1,1,,A,26K2i3P01o9j:r4Cmu9Q40qB0D3E,0*16
\s:66,c:1782377506*45\!AIVDM,1,1,,A,B3m<Vu0008NudSb5FIG@WwnUoP06,0*5C
\s:66,c:1782377508*4B\!AIVDM,1,1,,B,36:<a`P11S8jwTPACvD735OL003k,0*5F
\s:66,c:1782377504*47\!AIVDM,1,1,,,13fpPn001OOLCJ6LiAFCPjqH0000,0*6D
\s:66,c:1782377508*4B\!AIVDM,1,1,,B,13ae9l00000Hnh8NKnTsv`oN0hL:,0*65
\s:66,c:1782377503*40\!AIVDM,1,1,,B,B47>hMP0;HJBSD8FFJuBOwmUl000,0*6A
\s:66,c:1782377504*47\!AIVDM,1,1,,B,13GQKhPP02vqJP<@6g<mEOwF2<28,0*4E
\s:66,c:1782377499*42\!AIVDM,1,1,,B,BCgNuS002?THuR9LqUd`cwj2s000,0*47
\s:66,c:1782377504*47\!AIVDM,1,1,,A,19NSVPP02dJSJ9V9>fDA9hwF053<,0*31
\s:66,c:1782377499*42\!AIVDM,1,1,0,A,35O69n50@0FHWTDQG;jLpgwpP00:,0*73
\s:66,c:1782377505*46\!AIVDM,1,1,,B,13b3SJ0PA:PC0a0MfU5<A9eJ08JF,0*22
\s:66,c:1782377504*47\!AIVDM,1,1,,B,15NFe?d000rdSVBGBNf7Ni5D00S5,0*5C
\s:66,c:1782377505*46\!AIVDM,1,1,,A,19NSRU01Ah8l=h6A4uuumh1>0HHK,0*5A
\s:66,c:1782377500*43\!AIVDM,1,1,,A,33m@TN0P1FR7:?H`6Q:42?w>20@S,0*72
\s:66,c:1782377503*40\!AIVDM,1,1,,B,13ckD95P0NPwA9tD97rTfgwF20RS,0*3D
\s:66,c:1782377502*41\!AIVDM,1,1,,B,13f8n40w1PwU1atLdM505h;:08Hn,0*11
\s:66,c:1782377507*44\!AIVDM,1,1,,A,1394F>0vjq8BLLWcc8RSRBqH0HKc,0*61
\s:66,c:1782377497*4C\!AIVDM,1,1,,A,13l926PP03Q2hfVDPQ48K?w<2<1A,0*45
\s:66,c:1782377506*45\!AIVDM,1,1,,B,17WK9Qh0009KcMBHbN6=NWCN053<,0*60
\s:66,c:1782377505*46\!AIVDM,1,1,,,13ku:ph01IrKGaV>oUJcI93H0000,0*7E
\s:66,c:1782377507*44\!AIVDM,1,1,,A,19NSqth1jkLa`UMin0k1siWJ0@Kc,0*09
\s:66,c:1782377503*40\!AIVDM,1,1,,A,13INWc`04Owh1?jK=DDUf4OF28IF,0*3A
\s:66,c:1782377504*47\!AIVDM,1,1,,A,403t?HAuJl`kb`VG1T?Iu`W00@II,0*09
\s:66,c:1782377505*46\!AIVDM,1,1,,B,16?Uni00R3OjbJ<DfbdrN`KH0@Jj,0*34
\s:66,c:1782377500*43\!AIVDM,1,1,,B,BCgmruP0BWStBmaK:cB<gwnRs000,0*36
\s:66,c:1782377504*47\!AIVDM,1,1,,B,16QiKD0000RP2h:@knQEc;?H28Ib,0*28
\s:66,c:1782377508*4B\!AIVDM,1,1,,B,39AF36@P@e2D5UtAnThoJEsL01t@,0*03
\s:66,c:1782377503*40\!AIVDM,1,1,,B,B7mMrw000ArDVFO8Gv@03wmTkP06,0*54
\s:66,c:1782377500*43\!AIVDM,1,1,,B,16;G:F001VR4RADGJGS221U>0<<O,0*48
\s:66,c:1782377502*41\!AIVDM,1,1,,A,13mqfn0P00PJ94TQh26sT?w<08H`,0*5D
\s:66,c:1782377504*47\!AIVDM,1,1,,A,33ncqj1sh50kqKLQ9>?9?miD0E;r,0*11
\s:66,c:1782377502*41\!AIVDM,1,1,,A,402M54Avad`k`1motP`eUl7P0@Gh,0*16
\g:1-2-5198938,s:66,c:1782377504*02\!AIVDM,2,1,8,B,59N`1LT2ClP0CDPK:20<5E5DDpE>222222222217?bgCM5d30JhkVE3`,0*57
\g:2-2-5198938*6A\!AIVDM,2,2,8,B,888888888888880,2*2F
\s:66,c:1782377501*42\!AIVDM,1,1,,B,1815Poh01K`et9h?ESqA?Q5@0HGl,0*44
\s:66,c:1782377505*46\!AIVDM,1,1,,B,1815c7P00j0B`:BMfwncEa5J0lBT,0*6C
\s:66,c:1782377505*46\!AIVDM,1,1,,B,14`V4L001Q5Nk=l4e:e;u9OH0@JM,0*46
\s:66,c:1782377498*43\!AIVDM,1,1,,A,19NSl`h01`:D7fNGuR3qu7w800S2,0*19
\s:66,c:1782377505*46\!AIVDM,1,1,,B,18I>4F904F7KWGT0d?HEWTMH08Jn,0*26
\s:66,c:1782377503*40\!AIVDM,1,1,,A,D02HW4PdlDfq6DE6EH0E6D0,2*79
\s:66,c:1782377504*47\!AIVDM,1,1,,A,E>k`t@Lq@@@@@@@@@@@@@@@@@@@=5mg>8dSn@00003vP100,2*24
\s:66,c:1782377504*47\!AIVDM,1,1,,A,13ku:P@01t1PgQ8Q`=3`@FUH0L15,0*36
\s:66,c:1782377504*47\!AIVDM,1,1,,A,4028nKQuJl`kdP<7BdGkfsA00D7U,0*43
\s:66,c:1782377499*42\!AIVDM,1,1,,A,142OahP022Q4<bjDnct3T2m>0l4G,0*72
\s:66,c:1782377507*44\!AIVDM,1,1,,B,169FT7@00u8ge00A8U9U6DiL00S1,0*44
\s:66,c:1782377443*45\!AIVDM,1,1,,B,H3a?SShLE@5L5T0000000000000,2*0B
\s:66,c:1782377498*43\!AIVDM,1,1,,B,H3a?SSlUCBD53U9@7ojoo01H323t,0*6B
\s:66,c:1782377502*41\!AIVDM,1,1,,A,B3aC4;P0>h=K9j8?=;6BAmN00000,0*4E
\s:66,c:1782377503*40\!AIVDM,1,1,,B,13WDAm0P00wV`j8DQ8Qv4?wF28IR,0*4A
\s:66,c:1782377503*40\!AIVDM,1,1,,A,H3aC4;TU0000000000000000;220,0*7A
\s:66,c:1782377498*43\!AIVDM,1,1,,A,H39N=aTT0000000000000000;220,0*7D
\s:66,c:1782377507*44\!AIVDM,1,1,,B,B6:eAlP0029eL44TSjic3wv63P06,0*57
\s:66,c:1782377504*47\!AIVDM,1,1,,B,137M@T002`OnP3PLPFc4g3QF000S,0*24
\s:66,c:1782377506*45\!AIVDM,1,1,,B,139ed05P06Pe`<rN`p<;iOwL21nd,0*1A
\s:66,c:1782377506*45\!AIVDM,1,1,,A,17ldgqk0008KQAuwFWji`i=p0W3h,0*6E
\g:1-2-5198939,s:66,c:1782377504*03\!AIVDM,2,1,9,A,59NSe782<;6GDhMSD00@E0D00000000000000009=h8995dTN@@Q@CTP,0*6D
\g:2-2-5198939*6B\!AIVDM,2,2,9,A,000000000000000,2*2D
\s:66,c:1782377505*46\!AIVDM,1,1,,B,15QG7<001b3ojR4>alSkqS9H0PSK,0*1F
\s:66,c:1782377502*41\!AIVDM,1,1,,A,39NSe7001gP>thPMJWCSj3?B00@k,0*58
\s:66,c:1782377505*46\!AIVDM,1,1,,B,16:8MKg0?w<tSF0l4Q@>401v1pQp,0*00
\s:66,c:1782377507*44\!AIVDM,1,1,,A,13cpW=0P000dvODI?5HLR?wL0D33,0*71
\s:66,c:1782377505*46\!AIVDM,1,1,,A,19NSK6@02G00hj4FL;`e5:OF08J<,0*31
\s:66,c:1782377508*4B\!AIVDM,1,1,,B,14dBh00ui`wVBk@DRhMC5BON0l32,0*01
\s:66,c:1782377503*40\!AIVDM,1,1,,B,133vlvP018PCtWpMDvL5klg80<6N,0*7B
\s:66,c:1782377499*42\!AIVDM,1,1,,B,B3`msl00:H4IHJWIh>s0CwkQl000,0*12
\s:66,c:1782377495*4E\!AIVDM,1,1,,B,376qmS50008cvOtB4q>VdCdj0000,0*0D
\s:66,c:1782377502*41\!AIVDM,1,1,,B,16:7POP01Q`eEc6@s24ASQA60<:j,0*78
\s:66,c:1782377499*42\!AIVDM,1,1,,A,33MCel@P@:0MW3TNop9F@3kB022h,0*2A
\s:66,c:1782377497*4C\!AIVDM,1,1,,A,33M@Fn0OhKOR9S@PI@c0D0g200Th,0*7F
\s:66,c:1782377501*42\!AIVDM,1,1,,B,1815;i001dwg0dHDgC@b;`G80`GC,0*11
\s:66,c:1782377502*41\!AIVDM,1,1,,B,35?dOhh11e8c8vN?J`cA>Q7>0PiP,0*01
\s:66,c:1782377503*40\!AIVDM,1,1,,A,B69JO67T0B;it@4ClF803wmd3P06,0*52
\s:66,c:1782377503*40\!AIVDM,1,1,,B,B3aC1v00@0=0>3`>;V@Hswm5kP06,0*1B
\s:66,c:1782377496*4D\!AIVDM,1,1,,A,H6:eMBU6u2@B?F100000000Pj55T,0*08
\s:66,c:1782377502*41\!AIVDM,1,1,,A,1:4Q1P6P?w<tSF0l4Q@>4?wv0hHE,0*42
\s:66,c:1782377502*41\!AIVDM,1,1,,A,13gU4mPP00vhVGHUjaQ00?wD20SM,0*17
\s:66,c:1782377505*46\!AIVDM,1,1,,B,13@pSe80000hPCjQ1f3P07;F08Jn,0*3B
\s:66,c:1782377503*40\!AIVDM,1,1,,B,ENkb:FO90h@@@@@@@@@@@@@@@@@;VQi==ltF`00003vP000,2*79
\s:66,c:1782377502*41\!AIVDM,1,1,,A,13;2H`0000Qi4mRR1Df@01o@0L1P,0*04
\s:66,c:1782377504*47\!AIVDM,1,1,,A,B8Hw@H00FAnh<4P;USBvNHEP0@IO,0*5E
\s:66,c:1782377506*45\!AIVDM,1,1,,B,18LkJo1P007=hVj7P9pN46AH2l3d,0*73
\s:66,c:1782377506*45\!AIVDM,1,1,,A,19NSr`0034J8pwr=KlNIt7sH0D0<,0*3C
\s:66,c:1782377504*47\!AIVDM,1,1,,B,H5OA040Hu9ADp5@400000000000,2*60
\s:66,c:1782377504*47\!AIVDM,1,1,,B,H5OA044U7B=4005G4>qnjo00?054,0*23
\s:66,c:1782377505*46\!AIVDM,1,1,,A,3qNSfHh01m8aHK@75j;=IreH0000,0*31
\s:66,c:1782377507*44\!AIVDM,1,1,,A,13:wlT5P?w<tSF0l4Q@>4?wv8l1R,0*5B
\s:66,c:1782377502*41\!AIVDM,1,1,,A,B;rt0l00=b6<M=OpRvnCswm4kP06,0*76
\s:66,c:1782377507*44\!AIVDM,1,1,,B,E>jHCTg6`1h1:WdP00000000000@3gp1>WeVh10888ogB0,4*7B
\s:66,c:1782377505*46\!AIVDM,1,1,,A,13@oj1HPAPPl6JPPuElCw3=J0@JJ,0*45
\s:66,c:1782377502*41\!AIVDM,1,1,,A,B3Hn0q004?q9kF86lvQwGwm5oP06,0*3D
\s:66,c:1782377505*46\!AIVDM,1,1,,B,1:pCJV0000rV?qn5u2SuSjwL0@Jg,0*0E
\s:66,c:1782377504*47\!AIVDM,1,1,,A,13aFh=0P00PKTh2MdHev4?wH20Rs,0*46
\s:66,c:1782377503*40\!AIVDM,1,1,,A,B8Hu@Nh05InrPEP;REq<cwmUoP06,0*66
\s:66,c:1782377503*40\!AIVDM,1,1,,B,17luk@?P0T`FfQ=wD02qkgwD2<1n,0*18
\s:66,c:1782377507*44\!AIVDM,1,1,,B,19NSbs002AwNAHh2>Qa3IBgF253<,0*27
\s:66,c:1782377507*44\!AIVDM,1,1,,B,16:LmkP0008fr?PAQ07QfaUL0@KC,0*51
\s:66,c:1782377504*47\!AIVDM,1,1,,B,169@nGPP008foQ4A:eJf4?w22hIE,0*0C
\s:66,c:1782377496*4D\!AIVDM,1,1,,A,B33oE=P0=P38<RWDJQ86wwiQh0PG,0*6A
\s:66,c:1782377504*47\!AIVDM,1,1,,B,ENl5C4daT0h=0ThJ@@@@@@@@@@@43plQ6Rirp00000N010,4*3C
\s:66,c:1782377505*46\!AIVDM,1,1,,B,16:7NsP01m`QNL6F<Sbri8SF0L5E,0*5A
\s:66,c:1782377502*41\!AIVDM,1,1,,A,13Jw`0001tO`@ljL0LfRE1qD0<5R,0*4B
\s:66,c:1782377502*41\!AIVDM,1,1,,B,13aL=>PP0ePFGa8MukPh8?wD2@Hm,0*5C
\s:66,c:1782377502*41\!AIVDM,1,1,,A,13n4rg`000QdFgD`KwF36AqB00S6,0*63
\s:66,c:1782377500*43\!AIVDM,1,1,,A,13aNcg0P00PFGTVMu<jN4?w@2<60,0*28
\s:66,c:1782377505*46\!AIVDM,1,1,,B,B3:2SbP00H3fw1U`qMcQ3wp5l000,0*00
\s:66,c:1782377501*42\!AIVDM,1,1,,A,15604j@P?w<tSF0l4Q@>4?wv0pHC,0*79
\s:66,c:1782377505*46\!AIVDM,1,1,,B,169DwG`0008fk4hA2RJUdB3D0D9;,0*4F
\s:66,c:1782377503*40\!AIVDM,1,1,,B,B3mNkO0008MjMGb9rL1wCwm5oP06,0*00
\s:66,c:1782377505*46\!AIVDM,1,1,,B,18I;8400B8wqCsBLgwA9uosH08JF,0*5D
\s:66,c:1782377503*40\!AIVDM,1,1,,B,13m;iL001L0PA;bNk8T30jGH00Rj,0*46
\s:66,c:1782377506*45\!AIVDM,1,1,,B,36:5mRQ0028W?n0DU=1W4osJ0DSJ,0*38
\s:66,c:1782377507*44\!AIVDM,1,1,,A,B3uONMP00?fF7W41P=WQ3wo1nDa:,0*44
\s:66,c:1782377503*40\!AIVDM,1,1,,A,33l90Eh01;12dT`DOh<9C7cp0000,0*06
\g:1-2-5198940,s:66,c:1782377506*0F\!AIVDM,2,1,0,B,54dFJH82=:m3Q3;C?H0D<v118T@F34000000001DBhL:B5cBeDDjCQhD,0*14
\g:2-2-5198940*65\!AIVDM,2,2,0,B,3lQ@00000000000,2*69
\s:66,c:1782377503*40\!AIVDM,1,1,,A,13l90Eh01<Q2dTbDOh<IBocF2L2K,0*79
\s:66,c:1782377507*44\!AIVDM,1,1,,B,13@r;J001FwWIG6DVQgIvp680PS1,0*6C
\s:66,c:1782377507*44\!AIVDM,1,1,,A,15?dfV0tiWNgHjD<Pj50jPcL053<,0*60
\s:66,c:1782377496*4D\!AIVDM,1,1,,B,13aK`GOP00PGCf`NOgh00?w8253<,0*11
\s:66,c:1782377499*42\!AIVDM,1,1,,A,13cgaEPP1<0d8>DGI6f9iOw:0D3>,0*6A
\s:66,c:1782377499*42\!AIVDM,1,1,,B,13FMEp0001OGvjBH:cF4IAs@0<2C,0*6B
\s:66,c:1782377504*47\!AIVDM,1,1,,A,33u?qPP01K0n;khPwgEht0ip0000,0*01
\s:66,c:1782377503*40\!AIVDM,1,1,,,B3P;>j0007q>Ab`6ejD03wV5kP06,0*75
\g:1-2-5198941,s:66,c:1782377505*0D\!AIVDM,2,1,1,B,542LdK42?JFQ@=A7:20Lu`@F085U84e@5:222217A0D>:5f30E1iD52H,0*70
\g:2-2-5198941*64\!AIVDM,2,2,1,B,888888888888880,2*26
\s:66,c:1782377503*40\!AIVDM,1,1,,A,1815IPP00F8mTCdAU@`:WIwB08I5,0*53
\s:66,c:1782377487*4D\!AIVDM,1,1,,B,3JpDvPP001JV8id5tJNQ=jcF0PFP,0*16
\s:66,c:1782377506*45\!AIVDM,1,1,,B,C3iH09P00goI`@6m6KaDwTN04bNk1U0T:k08;0NH2j2000D2RRR0,0*7B
\s:66,c:1782377503*40\!AIVDM,1,1,,A,H5O0Kr0lttr1<P4@uL000000000,2*11
\s:66,c:1782377503*40\!AIVDM,1,1,,A,H5O0Kr4T000000000000001`1310,0*2F
\s:66,c:1782377503*40\!AIVDM,1,1,,A,H3F>6u0l5DT0000000000000000,2*1D
\s:66,c:1782377503*40\!AIVDM,1,1,,A,33aEQ;PP10PFUw`Mv:BL?9wF01s0,0*47
\s:66,c:1782377413*40\!AIVDM,1,1,,A,H3n0=uTU1=30000<:nmnmP104040,0*22
\s:66,c:1782377504*47\!AIVDM,1,1,,A,18v4;6501L1DFpodVl9:wHiF0L21,0*06
\s:66,c:1782377498*43\!AIVDM,1,1,,A,17lia<gP3DWLG1P0cPsh4gw:253<,0*0B
\s:66,c:1782377497*4C\!AIVDM,1,1,,B,34hP8?5000rqR=jGgCQCg`S20DVJ,0*61
\s:66,c:1782377499*42\!AIVDM,1,1,,B,33lUP>50000<26dF`ics2n9:0000,0*1B
\s:66,c:1782377505*46\!AIVDM,1,1,,A,19NSpdhwBW6wi`j33EnU33wF0<0H,0*34
\s:66,c:1782377503*40\!AIVDM,1,1,,B,19cpnP<P00P69U2DrKm>4?wF253<,0*48
\s:66,c:1782377504*47\!AIVDM,1,1,,A,B3cgBcP0BhJrjsUeO8ENI;v00000,0*61
\s:66,c:1782377504*47\!AIVDM,1,1,,B,13Jmo00wQuvgjjr=5dh`4FQF0<17,0*54
\s:66,c:1782377499*42\!AIVDM,1,1,,A,15?ddCP01b7QcKH1o4MpqW3:053<,0*19
\s:66,c:1782377504*47\!AIVDM,1,1,,A,C4Gm3dP0LakiJq0J@F26STN0JHhkKUUQUKkk:000000000D2RRR0,0*42
\s:66,c:1782377497*4C\!AIVDM,1,1,,A,13oB7670001dD6L`KrBtBD9:053<,0*04
\s:66,c:1782377503*40\!AIVDM,1,1,,A,8610obPj2P00000000000?`500P0,0*46
\s:66,c:1782377507*44\!AIVDM,1,1,,B,1778Ec000UrC`d`59@BdQb5N00SB,0*09
\s:66,c:1782377502*41\!AIVDM,1,1,,B,16:IWw00008dtMPA7h3Rf97@00SJ,0*0A
\s:66,c:1782377506*45\!AIVDM,1,1,,A,17fu<Bh=@0QBurfHIH:f4?wJ2000,0*3B
\s:66,c:1782377502*41\!AIVDM,1,1,,A,169@8UPP0v8d;JrAtw5@P?wF2<80,0*43
\s:66,c:1782377506*45\!AIVDM,1,1,,B,15Q``B001O8h1@VANE`Sgjs>0@K6,0*0F
\s:66,c:1782377507*44\!AIVDM,1,1,,A,13VTuD0wRANdcDl;>UTFuUSD053<,0*5D
\s:66,c:1782377504*47\!AIVDM,1,1,,B,B69E3s@0Db>0g:T0ucHocwmT2000,0*12
\s:66,c:1782377504*47\!AIVDM,1,1,,B,H52TEKQ05@PHTp@E80000000000,2*27
\s:66,c:1782377506*45\!AIVDM,1,1,,B,B69Ch`0D02;iKR4Dv4l03wo5SP06,0*6B
\s:66,c:1782377507*44\!AIVDM,1,1,,A,15?dVdP001R<>?pHSBOVpoeN0pKf,0*2C
\s:66,c:1782377508*4B\!AIVDM,1,1,,B,13lu0800C2KEbU@;hcfRFAqP0D02,0*6A
\s:66,c:1782377500*43\!AIVDM,1,1,,A,13aDq7PP00PFI40Mvu:@0?w>2HGI,0*1A
\s:66,c:1782377504*47\!AIVDM,1,1,,B,16SwrpgP0wa=`;8D1>jLl?wD28I@,0*45
\s:66,c:1782377504*47\!AIVDM,1,1,,B,19NSlA@02H7Rek020JkHcnsD00SN,0*00
\s:66,c:1782377502*41\!AIVDM,1,1,,A,13ITub?P0`0>VjFHK@H@9Ov60pHL,0*5C
\s:66,c:1782377500*43\!AIVDM,1,1,,B,3CgpIB?P00vEUbTUnfp>4?v6201j,0*77
\g:1-2-5198942,s:66,c:1782377502*09\!AIVDM,2,1,2,B,5815IL@2@SbUKM8kV20pE1ADiE>2222222222216CHIC95e80HTUH2ii,0*3A
\g:2-2-5198942*67\!AIVDM,2,2,2,B,888888888888880,2*25
\s:66,c:1782377504*47\!AIVDM,1,1,,A,19NSjW001p7PjVb1FmSi50sD053<,0*6E
\s:66,c:1782377501*42\!AIVDM,1,1,,A,B3mJvT0008OBDq:9R1gAGwjUoP06,0*12
\s:66,c:1782377505*46\!AIVDM,1,1,,B,139udkPP00PeVkRN`KqP0?wJR0Sc,0*1A
\s:66,c:1782377503*40\!AIVDM,1,1,,A,13ElU`gP0tP3>0FF<avAswwD2D05,0*08
\s:66,c:1782377502*41\!AIVDM,1,1,,,13lfRF0vhGOd3E82hN;k:oID0000,0*6B
\s:66,c:1782377504*47\!AIVDM,1,1,,A,39NSpM@03A0BV>LER8d:2`3p0000,0*38
\s:66,c:1782377503*40\!AIVDM,1,1,,B,B4hQie0006TB;:3cuCDFM9E1T000,0*77
\g:1-2-5198943,s:66,c:1782377501*0B\!AIVDM,2,1,3,A,53KLdKT1B1NHtHq8001H4h8u8L0000000000000T2p7250000621C4jC,0*3C
\g:2-2-5198943*66\!AIVDM,2,2,3,A,Rj@000000000000,2*6F
\s:66,c:1782377503*40\!AIVDM,1,1,,A,1819DAU000oWc5<Bed7COgw@0000,0*3D
\s:66,c:1782377506*45\!AIVDM,1,1,,A,B5OI2c000>S<cwSR<4sHrev00000,0*10
\s:66,c:1782377501*42\!AIVDM,1,1,,A,19NSre@0?w<tSF0l4Q@>42wv0d1T,0*30
\s:66,c:1782377500*43\!AIVDM,1,1,,B,1CgpIB?P00vEUbTUnfpf4?vf2000,0*26
\s:66,c:1782377502*41\!AIVDM,1,1,,A,13VU@n0000QWn=REth7>4;=D2000,0*2A
\s:66,c:1782377505*46\!AIVDM,1,1,,B,19NSG<P02o0BshWut66moTUF08JB,0*0C
\s:66,c:1782377502*41\!AIVDM,1,1,,A,402E;=ivad`kbPAJSjN9<4w0253<,0*72
\s:66,c:1782377501*42\!AIVDM,1,1,,B,16:5hCP02@8k2CFCOr3W3UW>08Gh,0*42
\s:66,c:1782377505*46\!AIVDM,1,1,,B,38LfTD0Ok9WKiKb0dC2SdRoF21A0,0*7E
\s:66,c:1782377505*46\!AIVDM,1,1,,A,33mRMj004H0kVmhU7K5ABQ3p0000,0*47
\s:66,c:1782377507*44\!AIVDM,1,1,,B,B52`BjP005krbBVlRAH6Wwo5kP06,0*64
\s:66,c:1782377505*46\!AIVDM,1,1,,A,19NSM2@5Pj:EJVMai0h<?rip00RL,0*0B
\s:66,c:1782377507*44\!AIVDM,1,1,,A,H39g9r0dULVll4LT<0000000000,2*41
\s:66,c:1782377207*43\!AIVDM,1,1,,B,H39g9r4TCBD:<1848lpom01H040t,0*7A
\s:66,c:1782377505*46\!AIVDM,1,1,,,B3@nhI@008:p4QWqmP``kwnUoP06,0*4B
\s:66,c:1782377504*47\!AIVDM,1,1,,A,18LfTD0Ok:WKiIr0dC2kf2oD2HJ2,0*46
\g:1-2-5198944,s:66,c:1782377507*0A\!AIVDM,2,1,4,B,53ku:J82<52l=4U?H00`thiV08iDD00000000017=166A5dn0?jE3PD0,0*5D
\g:2-2-5198944*61\!AIVDM,2,2,4,B,000000000000000,2*23
\s:66,c:1782377507*44\!AIVDM,1,1,,B,19NSRth02kr@M00@r=9e0rGL2hKU,0*36
\s:66,c:1782377502*41\!AIVDM,1,1,,A,144srEP01l`rg4TBjmrH@VW>0U38,0*15
\s:66,c:1782377507*44\!AIVDM,1,1,,B,14V2Nl001no79S@LAgJ4FCMF0HJH,0*2B
\s:66,c:1782377507*44\!AIVDM,1,1,,,13lfRF000FOd3F62hN=3;7IN0000,0*74
\s:66,c:1782377508*4B\!AIVDM,1,1,,A,19NSLw002fHL>469nD<JUpKN0HL5,0*20
\s:66,c:1782377508*4B\!AIVDM,1,1,,B,39NSM2@5hh:EJU=ai0odLrmp01rP,0*56
\s:66,c:1782377503*40\!AIVDM,1,1,,A,B33tfGP0Cp5raRWWnvkKowmUoP06,0*37
\s:66,c:1782377496*4D\!AIVDM,1,1,,A,16:>G?g00g8dAiDAvTescao<0L=A,0*49
\s:66,c:1782377496*4D\!AIVDM,1,1,,A,1815MDP121vdgt>7?0jv2@3400Rn,0*12
\s:66,c:1782377501*42\!AIVDM,1,1,,A,B3mCNu0000?OH79g;GP03wlUkP06,0*4F
\s:66,c:1782377499*42\!AIVDM,1,1,,A,19NSd6PwjDPJS2:Ng8f9s7o:0@Fd,0*24
\s:66,c:1782377503*40\!AIVDM,1,1,,A,19N`2l@wQi3`DfeqpJqRd2AD0<04,0*76
\s:66,c:1782377504*47\!AIVDM,1,1,,A,33mC<L80000kI@VU7>aVBU3p0000,0*4B
\s:66,c:1782377504*47\!AIVDM,1,1,,B,18Kkbj002h0fCgDQ6Mj:A`=D0<4<,0*4E
\s:66,c:1782377504*47\!AIVDM,1,1,,A,15C3:60000PGoiLNQvSkbomJ00RL,0*66
\s:66,c:1782377505*46\!AIVDM,1,1,,A,19NSGgh00A`8CMf<vs8t6?wH28JH,0*41
\s:66,c:1782377502*41\!AIVDM,1,1,,,B3MBu2000Lkca5M@k8PgswlUl000,0*76
\s:66,c:1782377504*47\!AIVDM,1,1,,A,13aJIIPP1?PBC32MfiJG4wwH253<,0*6A
\s:66,c:1782377500*43\!AIVDM,1,1,,A,HCh9BR0P489V0U>oOOP00000000,2*09
\s:66,c:1782377500*43\!AIVDM,1,1,,A,HCh9BR4N5=DB1;0oiom0000@5120,0*60
\s:66,c:1782377505*46\!AIVDM,1,1,,A,13ktw@@22kRFFfSgWdH8qG3H0D08,0*55
\s:66,c:1782377502*41\!AIVDM,1,1,,B,13IjJV7P0IOQpajKF79pEwwF2<1w,0*5B
\s:66,c:1782377503*40\!AIVDM,1,1,,B,13ku:Rh01F7J0Fn0fs7o`n5F0D89,0*6E
\s:66,c:1782377505*46\!AIVDM,1,1,,A,148O7t00000fKc<O6she0HuJ00R?,0*78
\s:66,c:1782377507*44\!AIVDM,1,1,,B,H52lMODU7B=400000000000H2220,0*13
\s:66,c:1782377505*46\!AIVDM,1,1,,B,13ku:DP001J?k5tB?FoVVRiL0<0R,0*34
\s:66,c:1782377506*45\!AIVDM,1,1,,A,13IeUW301;00U;dLCnuK2pmL0@Jt,0*7B
\s:66,c:1782377507*44\!AIVDM,1,1,,B,18I<iR002AWG2h@0qAVTl3uL053<,0*75
\s:66,c:1782377503*40\!AIVDM,1,1,,B,33IeUW301;00U>`LCnqs2HmF00jP,0*01
\s:66,c:1782377505*46\!AIVDM,1,1,,,13==Vj001v7t6S49OlFha@UH0000,0*04
\s:66,c:1782377502*41\!AIVDM,1,1,,B,13FNcl0000wW6StDc61f41aD28I1,0*05
\s:66,c:1782377506*45\!AIVDM,1,1,,B,39lfq4?P@W10TlGi0PcmbDKL0P00,0*20
\s:66,c:1782377505*46\!AIVDM,1,1,,A,13ku<7hwjs39QO9o@sqinASJ0L00,0*14
\s:66,c:1782377501*42\!AIVDM,1,1,,A,35O<6j0000G@<R0EWs8h083p0000,0*2C
\s:66,c:1782377502*41\!AIVDM,1,1,,A,14S8<t5P11KWS768PSNP<gwD2D07,0*17
\s:66,c:1782377507*44\!AIVDM,1,1,,B,33Ioah300004miJLbSDU7AmL0000,0*78
\s:66,c:1782377507*44\!AIVDM,1,1,,A,171B9`00013mN8r><WWLt2WP0@Kr,0*17
\s:66,c:1782377506*45\!AIVDM,1,1,,,B3MBu2000Lkca5M@k8Tgswo5l000,0*11
\s:66,c:1782377507*44\!AIVDM,1,1,,B,3815S=@01o0qwj<E9<=T?SMP01J1,0*28
\s:66,c:1782377503*40\!AIVDM,1,1,,A,13l3oHhOh30CSvHMHL9`wqSH0<;b,0*66
\s:66,c:1782377503*40\!AIVDM,1,1,,B,15?dMB001fWGQrT0nhC4i3iF08IQ,0*61
\s:66,c:1782377502*41\!AIVDM,1,1,,A,HCgljK0MDpp8`u8p00000000000,2*69
\s:66,c:1782377502*41\!AIVDM,1,1,,A,HCgljK4NC=D5@Prnpno0000H521t,0*05
\s:66,c:1782377496*4D\!AIVDM,1,1,,A,H39Vw;4T0000000000000000:220,0*14
\s:66,c:1782377502*41\!AIVDM,1,1,,B,13aEN?AP0tPGNndNPHFbO?wB20S@,0*52
\s:66,c:1782377497*4C\!AIVDM,1,1,,A,B6:doch09j;2Hh4OmmK7wwv63P06,0*00
\s:66,c:1782377503*40\!AIVDM,1,1,,B,355tBV8P@:SpO<V?Bd`cJp=F2120,0*38
\s:66,c:1782377496*4D\!AIVDM,1,1,,A,34SjsD001H0r6HfOCl1RU2;p0000,0*23
\s:66,c:1782377492*49\!AIVDM,1,1,,A,1815K3@w2@Vkp=V3c5ub@8Bt0L0S,0*13
\s:66,c:1782377499*42\!AIVDM,1,1,,A,19NSiGh01`8fB3<ApS0bspi>0<8W,0*00
\s:66,c:1782377504*47\!AIVDM,1,1,,B,19NSgh0036vgG6l6RcQVbUCD08Ii,0*2E
\s:66,c:1782377502*41\!AIVDM,1,1,,B,B346vHP0=@0Bjw5Rtoa2gwm1h@Hd,0*7D
\s:66,c:1782377503*40\!AIVDM,1,1,,A,ENl5oDdQS2@97bb2h77WHth@@@@D?8kd;7K@000003r010,4*13
\s:66,c:1782377496*4D\!AIVDM,1,1,,B,18I2E;0u2D6eoM63`cl:cHW40D0O,0*78
\s:66,c:1782377503*40\!AIVDM,1,1,,A,360jNd10003QTSJ@<2Ka0rA>0E0r,0*13
\s:66,c:1782377506*45\!AIVDM,1,1,,A,ENk`sVvab9h@@@@@@@@@@@@@@@@=63Sm8pO9@00003vP000,2*78
\s:66,c:1782377502*41\!AIVDM,1,1,,A,13F?nV002>OroB<LjF7avGu>0D5@,0*08
\s:66,c:1782377506*45\!AIVDM,1,1,,A,33=ksr50000CBwlMEgC0QnKN0EM:,0*7A
\s:66,c:1782377504*47\!AIVDM,1,1,,A,36;:2P0P@U8LuVD=rO1MBqSD0PrP,0*3C
\s:66,c:1782377506*45\!AIVDM,1,1,,A,13l3p1P00CNqUIN@6VM:0owJ0@Jw,0*3C
\s:66,c:1782377502*41\!AIVDM,1,1,,A,B3mBoP0000Qw?1b6V4`03wm5oP06,0*2C
\s:66,c:1782377506*45\!AIVDM,1,1,,A,16:Bab0P02`gUR0ACNS>4?wJ28K3,0*6D
\s:66,c:1782377506*45\!AIVDM,1,1,,A,14bGpf0000OeWfN31gL5ta7H0<20,0*3D
\s:66,c:1782377506*45\!AIVDM,1,1,,A,13l3p6@02H81mo2:`wnB8QkL0D05,0*30
\s:66,c:1782377503*40\!AIVDM,1,1,,B,14SjsD001HPr6ShOClGRW2;J2<21,0*14
\s:66,c:1782377504*47\!AIVDM,1,1,,B,19NSE20vi31C=cQdTe:QfALh053<,0*11
\s:66,c:1782377497*4C\!AIVDM,1,1,,B,H614mfPdPD@E:1@58tuB3800000,2*4C
\s:66,c:1782377497*4C\!AIVDM,1,1,,B,H614mfTNC=DueU2000000018933t,0*76
\s:66,c:1782377497*4C\!AIVDM,1,1,,B,19NWwK002nIG@kF74A>4SkW@0d06,0*02
\s:66,c:1782377501*42\!AIVDM,1,1,,A,33ul<r700W0mIK8Q1@49nGqp0000,0*73
\s:66,c:1782377504*47\!AIVDM,1,1,,A,13cSrV002<Pq6cHEgA?IAGWF00Rf,0*34
\s:66,c:1782377506*45\!AIVDM,1,1,,A,B614mfP03pq38IT1Oi<A7wnQoP04,0*36
\s:66,c:1782377504*47\!AIVDM,1,1,,B,1772Ji001w17O:vDJRwTGkKD08Ij,0*31
\s:66,c:1782377502*41\!AIVDM,1,1,,B,35Mwr;P003rdsBdG@KWq1WaB00g3,0*0B
\s:66,c:1782377507*44\!AIVDM,1,1,,A,15Mwr;P004rdsC4G@KWWsWaN0L5L,0*65
\s:66,c:1782377507*44\!AIVDM,1,1,,A,18I>Rl002>PPEc>NvbqkQBmN053<,0*08
\s:66,c:1782377508*4B\!AIVDM,1,1,,B,36;:2P0P@T8LuUn=rO:e@qQL0Pq1,0*5E
\s:66,c:1782377503*40\!AIVDM,1,1,,A,13cm1B0P00QO7k6Elv?N4?wD2000,0*59
\s:66,c:1782377508*4B\!AIVDM,1,1,,B,15NOnw0P00rQdohFKuAUwOwR2@LJ,0*1C
\s:66,c:1782377506*45\!AIVDM,1,1,,B,13F?nV002=Oro5VLjEm9uWuL08K@,0*77
\s:66,c:1782377505*46\!AIVDM,1,1,,B,16;cvH001R8Ts90ErMb;n9MF053<,0*44
\s:66,c:1782377508*4B\!AIVDM,1,1,,B,15SPgj5P?w<tSF0l4Q@>4?wv0l1M,0*32
\s:66,c:1782377497*4C\!AIVDM,1,1,,A,169ADBgP008d<;PAtgV00?w<08FR,0*0F
\s:66,c:1782377501*42\!AIVDM,1,1,,B,13ElJ<3P@4P7hMJFLVl<Ah5@2D0k,0*1A
\s:66,c:1782377504*47\!AIVDM,1,1,,A,33ElJ<3P@4P7hMHFLVk;LP3F2230,0*02
\s:66,c:1782377495*4E\!AIVDM,1,1,,B,36K2cS@0009jWWRD4L>MuP9804lk,0*70
\s:66,c:1782377503*40\!AIVDM,1,1,,A,403t:I1vad`kb8Q2HJF3hlA008I3,0*16
\s:66,c:1782377502*41\!AIVDM,1,1,,B,2815VvQ002Wb3m>5n=sPE`q@20SA,0*7C
\s:66,c:1782377505*46\!AIVDM,1,1,,A,B39EgU00?`@?DrWrrTPVgwnQl<0r,0*37
\s:66,c:1782377505*46\!AIVDM,1,1,,A,16:<i8P3AL8gnt<Ak:>;=q?J00RT,0*4B
\s:66,c:1782377503*40\!AIVDM,1,1,,A,14Q3hH0P00Jh0:2GPQLsbgwF2D0g,0*77
\s:66,c:1782377504*47\!AIVDM,1,1,,A,35?da7h01Q3dwGB?WsWDU3aD01ES,0*6C
\s:66,c:1782377501*42\!AIVDM,1,1,,B,17lj;lh0008GWhew?PT726uB0<2j,0*13
\s:66,c:1782377506*45\!AIVDM,1,1,,B,744cuw1RMpD`,0*09
\s:66,c:1782377507*44\!AIVDM,1,1,,B,1697:p00008dq@fAsW`ppmUN0D>F,0*12
\s:66,c:1782377494*4F\!AIVDM,1,1,,A,13JI5KOP01Q32t@DQtRr7Ow82<15,0*5F
\s:66,c:1782377504*47\!AIVDM,1,1,,B,C3CsGj?00IrI7jRe:7UkWwP0QWKiQ0Hhc03WcKig:00000000020,0*60
\s:66,c:1782377503*40\!AIVDM,1,1,,A,4028jO1vad`kaNpifJ?wtowP253<,0*22
\s:66,c:1782377501*42\!AIVDM,1,1,,A,B7OiRs0002e1Uvs:66,0*33
\s:66,c:1782377505*46\!AIVDM,1,1,,A,36:Ku?PP@<8Vbu@D`oc;MDSH00wP,0*7B
\s:66,c:1782377505*46\!AIVDM,1,1,,B,13`dVQ@P1jPBvuPMIGBjP?wJ20Se,0*23
\s:66,c:1782377503*40\!AIVDM,1,1,,A,403t=JQuJl`kb`iSNLAb8wo000S:,0*7B
\s:66,c:1782377507*44\!AIVDM,1,1,,B,16:Ku?PP@98Vbu@D`oc;;DGN08Kc,0*1C
\g:1-2-5198945,s:66,c:1782377507*0B\!AIVDM,2,1,5,B,59NSVu82=mClCE`cF20m<>0@4U=V222222222216Ki8G95e00JhTRDhP,0*6B
\g:2-2-5198945*60\!AIVDM,2,2,5,B,CQH888888888880,2*40
\s:66,c:1782377507*44\!AIVDM,1,1,,A,13cpat30000g:MjHsDl6wmmL0D4m,0*58
\s:66,c:1782377508*4B\!AIVDM,1,1,,A,4h3wosiuJl`kgUFG267L?ti02D0L,0*47
\s:66,c:1782377508*4B\!AIVDM,1,1,,A,Dh3woshfm>fp,0*19
\s:66,c:1782377508*4B\!AIVDM,1,1,,A,13`wL20OhRvgB8H;Ou;63TGL0D2L,0*41
\s:66,c:1782377501*42\!AIVDM,1,1,,A,15Tp=L3Oh<3Op:d@CLtUV0W<2@Fo,0*35
\s:66,c:1782377500*43\!AIVDM,1,1,,A,17luiU=P01`HomOwUDcih?w@R@GU,0*00
\s:66,c:1782377504*47\!AIVDM,1,1,,,13IlB85000`;:4<<rJ9m=BiD0000,0*54
\s:66,c:1782377504*47\!AIVDM,1,1,,B,13l90@@P0wQ2O9nDRgoqS?wH28Ir,0*23
\s:66,c:1782377504*47\!AIVDM,1,1,,B,E>mWTa>47PW3h0W@JsL@;a2QUh@Cln5J5q`SP00003v0100,2*39
\s:66,c:1782377499*42\!AIVDM,1,1,,A,H3U;Ei10P4DA840000000000000,2*41
\s:66,c:1782377499*42\!AIVDM,1,1,,A,H3U;Ei400000000CF2jipq000220,0*1E
\s:66,c:1782377505*46\!AIVDM,1,1,,B,15T6It01jT7VH:p2PKDiTA@r053<,0*0B
\s:66,c:1782377502*41\!AIVDM,1,1,,,14eIOeE000st78lMC:>JNjmB0000,0*3E
\s:66,c:1782377505*46\!AIVDM,1,1,,A,33JD6n7Oh@Ou0>bLOv<b`rcJ0141,0*62
\s:66,c:1782377506*45\!AIVDM,1,1,,A,13oN0l003ePe4EtPvU6lL3UJ08K3,0*06
\s:66,c:1782377499*42\!AIVDM,1,1,,B,19NSJ;@1Q`IIPeh74B6DhCkD00SN,0*76
\s:66,c:1782377503*40\!AIVDM,1,1,,A,35?daQ@01HJS0UvE;@Uc=8kEp0tP,0*0F
\s:66,c:1782377504*47\!AIVDM,1,1,,A,13KutB0v1eP3;P:MN2>JrpeH88J?,0*13
\s:66,c:1782377505*46\!AIVDM,1,1,,A,19NSSl001cNfNq:95U;W65UJ0<4M,0*2F
\s:66,c:1782377506*45\!AIVDM,1,1,,B,B6;9u>P00:;iNt4Cjo1k5LN021Mk,0*10
\s:66,c:1782377506*45\!AIVDM,1,1,,A,19N`1SP02EJA50P41QnHfo5N0<0H,0*5F
\s:66,c:1782377505*46\!AIVDM,1,1,,A,15Mp6JPP00rRoehE4wwf4?wJ0000,0*00
\s:66,c:1782377505*46\!AIVDM,1,1,,A,401uEOivad`kd0AIHjMC1qg02@JM,0*6F
\s:66,c:1782377507*44\!AIVDM,1,1,,B,338n?p002=s6?lJ:BltJB8EN05Tk,0*0E
\s:66,c:1782377508*4B\!AIVDM,1,1,,B,18uAou5P?w2=v;1fr<S>4?wN00SI,0*31
\s:66,c:1782377503*40\!AIVDM,1,1,,B,13mS`j0000PKGh2QL5OMt5cB0@ID,0*22
\s:66,c:1782377503*40\!AIVDM,1,1,,A,13aB;5gP00PF?MBMvDIv4?wF2D6f,0*44
\g:1-2-5198946,s:66,c:1782377508*07\!AIVDM,2,1,6,A,59t6SjD26HrWTiG;K3A<E9H4j00000000000001600000=b=0<Tk`12l,0*3E
\g:2-2-5198946*63\!AIVDM,2,2,6,A,P00000000000000,2*42
\s:66,c:1782377506*45\!AIVDM,1,1,,B,39NS;nPt1c7?1v`1Vbg<T9m8019@,0*20
\s:66,c:1782377503*40\!AIVDM,1,1,,A,702:Kn0nSJp@,0*7B
\s:66,c:1782377503*40\!AIVDM,1,1,,A,19pQTD?00=vhqWP83h<lNkWH0L23,0*01
\s:66,c:1782377503*40\!AIVDM,1,1,,B,144SnH002:1JBALPM5m10@kD053<,0*7C
\s:66,c:1782377504*47\!AIVDM,1,1,,A,ENkaRSLqK@@@@@@@@@@@@@@@@@@<W1Cw8Ihjp00003vP000,2*1A
\s:66,c:1782377497*4C\!AIVDM,1,1,,A,13b:wv3vh0wuO8bLBKIqfWjb0HEV,0*58
\s:66,c:1782377502*41\!AIVDM,1,1,,A,403OtK1vad`kbra8s0Fohh?02L62,0*7E
\s:66,c:1782377504*47\!AIVDM,1,1,,A,177?j`001`8kk4JAH`3AligD053<,0*02
\g:1-2-5198947,s:66,c:1782377504*0A\!AIVDM,2,1,7,B,569CgrP000000000001`PtpN0P4V1TuG;GP0001@4PB451b8<5DBCQi0,0*66
\g:2-2-5198947*62\!AIVDM,2,2,7,B,Ch0000000000008,2*03
\s:66,c:1782377504*47\!AIVDM,1,1,,B,169GJ@3P007LCC00hje=k?wF00S@,0*62
\s:66,c:1782377501*42\!AIVDM,1,1,,B,36:?W5POh>`NCJ:FB8S60mA<21;0,0*62
\s:66,c:1782377504*47\!AIVDM,1,1,,B,13aObR0P@OPB=4nMLAMsA`7H0@JC,0*7A
\s:66,c:1782377505*46\!AIVDM,1,1,,A,15@S>t@01R`cU4t?SoTHBFcp0PS8,0*7D
\s:66,c:1782377503*40\!AIVDM,1,1,,A,33n1R400001FufLWoitf1c?p0000,0*69
\s:66,c:1782377502*41\!AIVDM,1,1,,A,338hl>0Oh<13>vBDa6?j<AaB01u@,0*2B
\s:66,c:1782377500*43\!AIVDM,1,1,,B,HCg`IM1<TME88`u8N3:p0000000,2*54
\s:66,c:1782377507*44\!AIVDM,1,1,,B,23aJIU0P00PDS`JMeC@N4?wN2HKw,0*0F
\s:66,c:1782377504*47\!AIVDM,1,1,,B,38R94u00013WGnV?K9VUhbaB0RvQ,0*3C
\s:66,c:1782377504*47\!AIVDM,1,1,,A,4028nJj3bl`kdvmbE0@C2ei02<12,0*38
\s:66,c:1782377502*41\!AIVDM,1,1,,B,13cg0G8P05PULlnFBWsVkwwDR53<,0*43
\s:66,c:1782377502*41\!AIVDM,1,1,,A,152U947000o?vHtK@n8tgVuF0HI5,0*7A
\s:66,c:1782377504*47\!AIVDM,1,1,,A,15?dgt@01`7D5T4181ocsIOF053<,0*60
\s:66,c:1782377501*42\!AIVDM,1,1,,A,B5OGcmP005kd;lVt3oP000N00000,0*0A
\s:66,c:1782377505*46\!AIVDM,1,1,,A,B3@o5g@0Dh>Jvs7un@lO;wnQh@JW,0*0E
\s:66,c:1782377502*41\!AIVDM,1,1,,B,13AHp@002dPqppnOEOBaBoKB0<6u,0*0A
\s:66,c:1782377506*45\!AIVDM,1,1,,B,18I=hK001i7>qfB1UfbKT9AN08K:,0*4F
\s:66,c:1782377507*44\!AIVDM,1,1,,B,D028nJi0@N?b<`v000,4*6B
\s:66,c:1782377505*46\!AIVDM,1,1,,B,1:1Qvt;P04Pq5:BD=QFs9wwH2@JU,0*4E
\s:66,c:1782377503*40\!AIVDM,1,1,,A,14S@kf002M0tomDONVutfr;F053<,0*75
\s:66,c:1782377502*41\!AIVDM,1,1,,A,352U947000G?vHvK@n8tg6up0000,0*00
\s:66,c:1782377508*4B\!AIVDM,1,1,,B,4028nJj3bl`khvmbE0@C2ei02D12,0*4F
\s:66,c:1782377503*40\!AIVDM,1,1,,A,13n1R40P00QFufNWoitv2OwD0<1:,0*2D
\s:66,c:1782377505*46\!AIVDM,1,1,,B,15QPE2001M8Mi1BF>re;;`wJ08JF,0*72
\s:66,c:1782377502*41\!AIVDM,1,1,,A,B3:0>QP0CP;ai07ji4s27wm1h<16,0*4C
\s:66,c:1782377503*40\!AIVDM,1,1,,A,13a6ld0OiOPFuqdNPJuu1s1D00Rm,0*08
\s:66,c:1782377503*40\!AIVDM,1,1,,B,17tKoH`P007LgF60hdpoSOwFP53<,0*03
\s:66,c:1782377497*4C\!AIVDM,1,1,,A,B5NG7pP00=oPjo4qQi:?kwj5oP06,0*4A
\s:66,c:1782377502*41\!AIVDM,1,1,,A,370S5r;00TSR?3j@4f6<=:=@05<C,0*16
\s:66,c:1782377501*42\!AIVDM,1,1,,A,B3`elQh0<`>Gh:WoSt7FCwlUoP06,0*1A
\s:66,c:1782377504*47\!AIVDM,1,1,,B,15CJil002bNfNcD89s9Ms;;B0@H0,0*03
\s:66,c:1782377504*47\!AIVDM,1,1,,B,4028nC1uJl`kdwTGqFDe3fi02@Io,0*21
\s:66,c:1782377505*46\!AIVDM,1,1,,B,36:<5nPP008Qor@FHNsQ;?wJ00MC,0*1C
\s:66,c:1782377506*45\!AIVDM,1,1,,B,19NSj;h1BP0?872Mb80@m0aL053<,0*05
\s:66,c:1782377500*43\!AIVDM,1,1,,B,16:;DNP0288Ph50EnRAlF3MB0hGc,0*14
\s:66,c:1782377503*40\!AIVDM,1,1,,A,13ImDs003vP5<6tLeDLoCmuB0000,0*3E
\s:66,c:1782377505*46\!AIVDM,1,1,,B,B6:fpeP07j2D32S=ed8@8<mWQP06,0*7C
\s:66,c:1782377505*46\!AIVDM,1,1,,B,15NaT<P000rdbBDG@D16UVWL0HJm,0*77
\s:66,c:1782377506*45\!AIVDM,1,1,,A,B7P?lU000:g=kTL4fawQ3wo4oP06,0*15
\s:66,c:1782377504*47\!AIVDM,1,1,,A,38I054Q0007Ku0r0gNkRm3oF0Dg:,0*01
\s:66,c:1782377500*43\!AIVDM,1,1,,B,BCh;8WP0kWVOTKaQOjFFWwdRs000,0*02
\s:66,c:1782377496*4D\!AIVDM,1,1,,A,13l3oJP008RNtH4@O<2`Oqg600Ro,0*11
\s:66,c:1782377504*47\!AIVDM,1,1,,A,13uCON?000QElu8R288v45aH0D0h,0*3B
\s:66,c:1782377501*42\!AIVDM,1,1,,A,B7mROK@00:5hB@Ol7F9>WwkRT<37,0*6D
\s:66,c:1782377504*47\!AIVDM,1,1,,A,19NSsmP0008TPJTFp4KrHrSD0D3R,0*6C
\s:66,c:1782377504*47\!AIVDM,1,1,,B,13urKF002OP?4j:MdSCWNn3D0l3<,0*31
\s:66,c:1782377505*46\!AIVDM,1,1,,B,38I;fg0004R1kttGCNbK>5g<0OB3,0*6C
\s:66,c:1782377505*46\!AIVDM,1,1,,B,36;:4JPOiD`iIvvA2b56tE?>2000,0*0D
\s:66,c:1782377505*46\!AIVDM,1,1,,A,170SQ@?P?w<tSF0l4Q@>4?wv1W3h,0*58
\s:66,c:1782377505*46\!AIVDM,1,1,,B,1569>f?P00WJtpH0gLav4?w@2<6C,0*03
\s:66,c:1782377502*41\!AIVDM,1,1,,A,17lig`h000`FftQwB21N431B2@Gt,0*52
\s:66,c:1782377505*46\!AIVDM,1,1,,A,13MBDQgP00wWNfpDc?Hf4?wH28JK,0*78
\s:66,c:1782377506*45\!AIVDM,1,1,,A,B8SjW>009qrMaq1PD>MsOwv6oP06,0*0F
\s:66,c:1782377503*40\!AIVDM,1,1,,B,33UPRJ00Af1490HCa<vdP:1F0NJS,0*2D
\s:66,c:1782377503*40\!AIVDM,1,1,,B,33MB>rP01GOQbH2KGm;7uFOB018h,0*74
\s:66,c:1782377499*42\!AIVDM,1,1,,A,13aQdIPP07P?U<tMQ2STm?w6253<,0*7E
\s:66,c:1782377451*46\!AIVDM,1,1,,B,H4eJ;KQDq0iDLLD@00000000000,2*49
\s:66,c:1782377505*46\!AIVDM,1,1,,B,H4eJ;KTU47I681dE>@<E771`223t,0*42
\s:66,c:1782377504*47\!AIVDM,1,1,,B,17tKmDP0007?m;N1VU3nopiH053<,0*1E
\s:66,c:1782377500*43\!AIVDM,1,1,,B,13aTvH0P000D>5TMdRd18gw:00SC,0*4B
\s:66,c:1782377502*41\!AIVDM,1,1,,B,1815;@@01iP3ofRDwQ9C=RPh053<,0*06
\s:66,c:1782377504*47\!AIVDM,1,1,,A,16:BJP1P04`fmI@ARAM05gwF0@IG,0*76
\s:66,c:1782377505*46\!AIVDM,1,1,,A,D02Pe?0flffpb@v9H0,4*31
\s:66,c:1782377506*45\!AIVDM,1,1,,A,16SfEkPP00a=QW4D4cwB0wwH253<,0*02
\s:66,c:1782377503*40\!AIVDM,1,1,,B,17lcdrp0008Ffm5wB1u3Pju@0@I@,0*0E
\s:66,c:1782377506*45\!AIVDM,1,1,,A,142OkCh01J1pWEdFt=rQP1AL0L0V,0*38
\s:66,c:1782377508*4B\!AIVDM,1,1,,B,13c2?800000Js=FE4Gme1PqP08L9,0*00
\s:66,c:1782377504*47\!AIVDM,1,1,,A,142ONph01N0hRNTELL;l2k=F0000,0*67
\s:66,c:1782377508*4B\!AIVDM,1,1,,B,16S`Fk?P1Ta7l0FC5Ws;kgwJ20S5,0*46
\s:66,c:1782377504*47\!AIVDM,1,1,,B,33n3RdPOj?0PW5HSq6K2UR9F00QA,0*4B
\s:66,c:1782377508*4B\!AIVDM,1,1,,B,16K72@02@l8l08JAJ6t9Oobh0@L8,0*4A
\s:66,c:1782377505*46\!AIVDM,1,1,,A,34hAmI5000P<54vF`rn<?i;J0000,0*13
\s:66,c:1782377503*40\!AIVDM,1,1,,B,17m@9>0P0r7aB?ktPlSdA?wF00Sn,0*66
\s:66,c:1782377500*43\!AIVDM,1,1,,A,404k0W1vad`kWbf=MQkvWTWP053<,0*32
\s:66,c:1782377500*43\!AIVDM,1,1,,A,402:KkQvad`kW0>CCPLvUQgP2L7>,0*54
\s:66,c:1782377497*4C\!AIVDM,1,1,,B,139uRR0P00P`Bi>NGdLf4?w:2L0O,0*2E
\s:66,c:1782377498*43\!AIVDM,1,1,,B,33afw050000D><4Mcok:Eq360000,0*03
\s:66,c:1782377503*40\!AIVDM,1,1,,B,83aDruPj2d<dd<e=u0lPN?`54400,0*65
\s:66,c:1782377505*46\!AIVDM,1,1,,A,B7tKq7P009hb0g19nnSQ3wn1nE2:,0*2C
\s:66,c:1782377504*47\!AIVDM,1,1,,A,15QIK`0P00rB?mf5F3tmlgwF2@Iv,0*5B
\s:66,c:1782377501*42\!AIVDM,1,1,,A,402FhPAvad`ka0vB:dHrqSG?t<4G,0*37
\s:66,c:1782377505*46\!AIVDM,1,1,,A,15NGGj<000rd62TG<QpdcrsL08Ja,0*7F
\s:66,c:1782377505*46\!AIVDM,1,1,,A,B4ahtR00Eqnke60;F;VtOwn4kP06,0*16
\s:66,c:1782377501*42\!AIVDM,1,1,,A,139n:4PP00PNkfvMN5e71Ow@253<,0*3D
\s:66,c:1782377504*47\!AIVDM,1,1,,B,15>J><0002RCsd<AtBKWP9iH0l34,0*17
\s:66,c:1782377501*42\!AIVDM,1,1,,A,17tNfR0000W?vVJ1fCVrs5SB20S2,0*28
\s:66,c:1782377502*41\!AIVDM,1,1,,A,16:Bq:P01n`f<hfA?SnUk4;820RG,0*44
\s:66,c:1782377502*41\!AIVDM,1,1,,A,1815DD0020wGMhRLI653DjVt0D2M,0*5C
\s:66,c:1782377497*4C\!AIVDM,1,1,,B,14aVdB1tQBSNc6f@@h:CWjg<2U3<,0*56
\s:66,c:1782377502*41\!AIVDM,1,1,,B,16UPHB001owW8VtKtuPBTR8r0D9:,0*2A
\s:66,c:1782377501*42\!AIVDM,1,1,,B,33bahf00200DhF8O8H=qjWs@0000,0*35
\s:66,c:1782377500*43\!AIVDM,1,1,,B,HCh:5e0@4@@V222222222222220,2*0C
\s:66,c:1782377503*40\!AIVDM,1,1,,B,15MmIp0000sUjF665CFtkbEF08I5,0*08
\s:66,c:1782377505*46\!AIVDM,1,1,,A,13corB0P00Pe8oHI>`1eOwwJ2D1G,0*14
\s:66,c:1782377505*46\!AIVDM,1,1,,A,1778bi000u8gcnVAhERSDBQJ0HJ>,0*19
\s:66,c:1782377506*45\!AIVDM,1,1,,A,28LjsW001?7b6uh5qdWdWb3H0`Jt,0*6D
\s:66,c:1782377506*45\!AIVDM,1,1,,A,18Kc4000097L5Sv0gbAEcTUL00SB,0*6F
\s:66,c:1782377499*42\!AIVDM,1,1,,A,15O;DlP000rRuf6E5067fnO@0HG;,0*59
\s:66,c:1782377502*41\!AIVDM,1,1,,B,B8SpdR@04r3>Et1wm36eswkW3P06,0*56
\s:66,c:1782377507*44\!AIVDM,1,1,,A,138nWD0vib93dshBM5bQLQIJ053<,0*44
\s:66,c:1782377501*42\!AIVDM,1,1,,A,16bC056P03SMKCl@JF0v4?w@2<5T,0*43
\s:66,c:1782377503*40\!AIVDM,1,1,,B,19NSNbhwBRP09BrLqANarWs<0@IJ,0*30
\s:66,c:1782377505*46\!AIVDM,1,1,,B,13LBT800001QtVTRUF`5qWN00000,0*1F
\s:66,c:1782377506*45\!AIVDM,1,1,,B,13lkr603@mwcjELDwndu5raH0D2H,0*11
\s:66,c:1782377501*42\!AIVDM,1,1,,A,16Ka2200009jMVfD3LP`Rmw>00Ru,0*7F
\s:66,c:1782377502*41\!AIVDM,1,1,,B,13l3nSP1R3wovl2Lem<qpWsB0HHf,0*3C
\s:66,c:1782377506*45\!AIVDM,1,1,,B,13eK@60uR6P6v?6M9T=ibQCH2<4G,0*76
\s:66,c:1782377502*41\!AIVDM,1,1,,A,169<owgP00`K8FPF2Emf4?wB2@HP,0*60
\s:66,c:1782377503*40\!AIVDM,1,1,,A,33@no:P0000nVl>O>OV@06Op0000,0*76
\s:66,c:1782377502*41\!AIVDM,1,1,,B,13Ibto01RG01q>hLq@A5FT;@053<,0*4F
\s:66,c:1782377507*44\!AIVDM,1,1,,A,13Ibto00jG01qDHLq?hUFT;L08Kk,0*37
\s:66,c:1782377505*46\!AIVDM,1,1,,A,16:JwcP0007Joep0fn1Tk9kF0@@`,0*50
\s:66,c:1782377507*44\!AIVDM,1,1,,A,139F:H0P00Pe`mTNWtkv4?wN0l4f,0*69
\s:66,c:1782377507*44\!AIVDM,1,1,,A,139gu`0P15PpjVDO5jB<vwwN2<0T,0*6F
\s:66,c:1782377506*45\!AIVDM,1,1,,B,13GRwM0P1LPEd;jHpvF=p?wJR8Jj,0*38
\s:66,c:1782377504*47\!AIVDM,1,1,,A,16:5TD001Q`jp1DCfHS7dF3L2HJw,0*42
\s:66,c:1782377507*44\!AIVDM,1,1,,A,35IHg85003sUS0H5m5d9VAmP2E>r,0*54
\s:66,c:1782377508*4B\!AIVDM,1,1,,B,1779c>001m7Ue8>2a2Li`iAR053<,0*79
\s:66,c:1782377507*44\!AIVDM,1,1,,A,B3m<VQP000<4ci`TD8gQ3woQjI<:,0*42
\s:66,c:1782377508*4B\!AIVDM,1,1,,B,13bahf00200Dh9DO8Gs9lWsN0@LH,0*41
\s:66,c:1782377497*4C\!AIVDM,1,1,,B,1537PB0P00rRVCdE9Nmf4?w828Ed,0*50
\s:66,c:1782377500*43\!AIVDM,1,1,,A,33LW`@00001EePdO7oMem1Ep0000,0*6E
\s:66,c:1782377502*41\!AIVDM,1,1,,A,B5O@6QP00>6:uOSE2b8000N00000,0*51
\s:66,c:1782377499*42\!AIVDM,1,1,,B,13`sosPP01PFKi8Mv6v>4?w>28G6,0*59
\s:66,c:1782377499*42\!AIVDM,1,1,,B,18;I5B0P00``88D8BAt70Ow<2L1R,0*5C
\s:66,c:1782377497*4C\!AIVDM,1,1,,A,1:pE2BP000JV;sP5u5WMd?w:053<,0*7F
\s:66,c:1782377505*46\!AIVDM,1,1,,A,13n8cp003hPeavRQ7gp7;EkH0<5F,0*2E
\s:66,c:1782377506*45\!AIVDM,1,1,,A,16:55i001R`ML=hF<qj2JQMJ2D?6,0*15
\s:66,c:1782377507*44\!AIVDM,1,1,,B,13dPhDg0000dw=DI>ugKs49L053<,0*24
\s:66,c:1782377502*41\!AIVDM,1,1,,A,13`nw6PP@0PA0GFMLrchvnM@00Rh,0*6C
\s:66,c:1782377505*46\!AIVDM,1,1,,B,17lj;7hP01`G1<Cw@AbsGOwH2L1=,0*5B
\s:66,c:1782377507*44\!AIVDM,1,1,,B,33=Cm>1000S51qb6b050tH=P0DsJ,0*30
\s:66,c:1782377502*41\!AIVDM,1,1,,A,402M4q1vad`k`1I@nl`<LbgP2@HW,0*23
\s:66,c:1782377501*42\!AIVDM,1,1,,A,33IL?n0000PFGMfHms3pJnQ:2000,0*50
\s:66,c:1782377501*42\!AIVDM,1,1,,B,18LSAb000A3S5?4@9LKTgQeB08H5,0*71
\s:66,c:1782377504*47\!AIVDM,1,1,,A,13Ve4n0000Qd3GLEewt<CQmH0<3b,0*35
\s:66,c:1782377503*40\!AIVDM,1,1,,B,18151B8P00SRlfP@B;WHOgwF2L<2,0*27
\s:66,c:1782377501*42\!AIVDM,1,1,,A,15VHpt30013Q>0B@;>NMNbWB0D<V,0*75
\s:66,c:1782377497*4C\!AIVDM,1,1,,A,16K3TsP000ajTgBD3fsT>VE600S0,0*2A
\s:66,c:1782377506*45\!AIVDM,1,1,,A,339HcgPP1APoK?@NwFIALQ=J21th,0*2A
\s:66,c:1782377505*46\!AIVDM,1,1,,B,28SK0;0P00Wasmh61ii2A?wD0L51,0*1C
\s:66,c:1782377507*44\!AIVDM,1,1,,B,36K3TsP0P0ajTg:D3fs4>VEL0Coe,0*33
\s:66,c:1782377501*42\!AIVDM,1,1,,A,B5O?JdP00>SSub4VVST000N00000,0*0B
\s:66,c:1782377499*42\!AIVDM,1,1,,A,142OhFP02@1qV9>E=?r<2ac<0000,0*76
\s:66,c:1782377503*40\!AIVDM,1,1,,,1:U90SP00sM?aPMpUsMD3S;D1000,0*0F
\s:66,c:1782377503*40\!AIVDM,1,1,,A,18I``F0P02WLDmh0aTqf4?wD2@HU,0*5D
\s:66,c:1782377500*43\!AIVDM,1,1,,B,360tu`1w@13V3Rn?PCjp<r7:0Dg:,0*70
\s:66,c:1782377503*40\!AIVDM,1,1,,A,35O>tiP01HJqS7rGnfBtl:;p0000,0*1C
\s:66,c:1782377505*46\!AIVDM,1,1,,A,13c`s1`P000e0rhI?9hh0?wJ0L1U,0*4F
\s:66,c:1782377505*46\!AIVDM,1,1,,B,14Sgh<00h00C`BfMHEvJs`aL08Jj,0*45
\s:66,c:1782377503*40\!AIVDM,1,1,,A,16oa>dP02;0Ru;VEV4lbCH7H00S8,0*50
\s:66,c:1782377501*42\!AIVDM,1,1,,A,33Em0vP000OS?EjDqmQ5I77p0000,0*21
\s:66,c:1782377505*46\!AIVDM,1,1,,A,13HbI>01B3PEr1jGh1?0IhED8D4>,0*72
\s:66,c:1782377505*46\!AIVDM,1,1,,A,14QkrJ000`GURlrBe3S3d2kF053<,0*2A
\s:66,c:1782377504*47\!AIVDM,1,1,,B,C=wp3Th07IsIN=QNSc<qkwm0HNC0`@2LA1e1J;WkK110?1052120,0*44
\s:66,c:1782377504*47\!AIVDM,1,1,,B,142O>R@0001ugepGImMQm97D0@Io,0*79
\s:66,c:1782377503*40\!AIVDM,1,1,,A,39NSP1001qOigL4DgcHC=2Wp0000,0*4A
\s:66,c:1782377502*41\!AIVDM,1,1,,B,13P=s2@000OrrwPM4?Nl@mEF0@Hk,0*0A
\s:66,c:1782377500*43\!AIVDM,1,1,,A,15MvjK?P00GWkQ`Be0uHwgw@0000,0*10
\s:66,c:1782377507*44\!AIVDM,1,1,,B,14SjH:001TwH=1hInRS87FUF053<,0*23
\s:66,c:1782377507*44\!AIVDM,1,1,,B,18Sje?gP0MWamAh613RiAgwL2@KM,0*11
\s:66,c:1782377503*40\!AIVDM,1,1,,A,33u=ak00001>O5>S1NB7nU;p0000,0*06
\s:66,c:1782377506*45\!AIVDM,1,1,,B,35D:<v001OPDMi<ET5sT5k?J20u0,0*0A
\s:66,c:1782377504*47\!AIVDM,1,1,,A,14qhe?0000sVBPd9Bfj92k7H28J1,0*2A
\s:66,c:1782377506*45\!AIVDM,1,1,,B,13SoPC0P1k1:nCRHn`b1TOwN2@KB,0*0A
\s:66,c:1782377507*44\!AIVDM,1,1,,B,B8Hts:66,0*57
\s:66,c:1782377507*44\!AIVDM,1,1,,A,15?ddk9P01rCuO456g2G9?wP2<6s,0*5A
\s:66,c:1782377506*45\!AIVDM,1,1,,A,B3P;3I0008FhvkUbnL7?RVN00000,0*1A
\s:66,c:1782377502*41\!AIVDM,1,1,,A,13MClwhOjBP<adVN9NQaqGq:0<38,0*72
\s:66,c:1782377504*47\!AIVDM,1,1,,A,15?5Gr0u12P7tnJMc:TJsHeD253<,0*74
\s:66,c:1782377499*42\!AIVDM,1,1,,B,B5Nu39P03VT>rJSfm@9Qkwk5h000,0*5E
\s:66,c:1782377385*48\!AIVDM,1,1,,B,37ldacA002Vl7lP3<FgmJGED0C4:,0*5B
\s:66,c:1782377504*47\!AIVDM,1,1,,B,142OC=001Q25LfjGGVt9g7mL0000,0*6E
\s:66,c:1782377501*42\!AIVDM,1,1,,A,17ldUI`P00WKe2`0aWEN4?w@2HGu,0*56
\s:66,c:1782377505*46\!AIVDM,1,1,,B,342OC=001Q25LfjGGVt9g7mL01mi,0*69
\s:66,c:1782377502*41\!AIVDM,1,1,,A,17tKke@P00W<g`p2Ks<v4?wB2<0N,0*13
\s:66,c:1782377504*47\!AIVDM,1,1,,A,B6:Va8h00226OL3@4:V33wv63P06,0*43
\s:66,c:1782377505*46\!AIVDM,1,1,,B,19NSG<0037JwFvF9LT`AsQWH0<01,0*34
\s:66,c:1782377499*42\!AIVDM,1,1,,B,13ccbC003GPnKknGo5NV8Du600S3,0*58
\s:66,c:1782377502*41\!AIVDM,1,1,,A,13EojSgP0MOeGg0E0d?35gwD0HHs,0*78
\s:66,c:1782377504*47\!AIVDM,1,1,,B,15CVgL0P00JVFC<5sIqJJgwJ00S=,0*10
\s:66,c:1782377502*41\!AIVDM,1,1,,A,H3MCp8TT1=30000=C1;oPP4p171t,0*38
\s:66,c:1782377507*44\!AIVDM,1,1,,A,13cl=u0P000`jh8IJ?H74gwH0<2v,0*0E
\s:66,c:1782377506*45\!AIVDM,1,1,,B,13MClwhOjFP<aMhN9NB:5`5H0@K3,0*70
\s:66,c:1782377505*46\!AIVDM,1,1,,B,13clO9001Urer8PEfFkL19W60@JI,0*6F
\g:1-2-5198948,s:66,c:1782377447*03\!AIVDM,2,1,8,B,57ldacH26Ie=0pth000mJ0LE<U@000000000001?:PN3>5d;0:3k1AH3,0*34
\g:2-2-5198948*6D\!AIVDM,2,2,8,B,21EA@0000000000,2*58
\g:1-2-5198949,s:66,c:1782377506*06\!AIVDM,2,1,9,B,5916WD02@EKGM@lJ221@4P5B2222222222222216?pC@74vk0?iDl80C,0*15
\g:2-2-5198949*6C\!AIVDM,2,2,9,B,1i@jDPDp8888880,2*7C
\s:66,c:1782377500*43\!AIVDM,1,1,,B,HCh;73P8`u8N0`tq<0000000000,2*19
\s:66,c:1782377500*43\!AIVDM,1,1,,B,HCh;73TN3?=>1F0oioh0000H5110,0*67
\s:66,c:1782377505*46\!AIVDM,1,1,,A,38I5?q3P013QD?l@;E<>4?wJ201C,0*72
\s:66,c:1782377507*44\!AIVDM,1,1,,A,1770D00wRI8=bFH<a<uSJBgL08Js,0*33
\s:66,c:1782377506*45\!AIVDM,1,1,,B,18SJR:002`83hIP8OV?7WV;@0<7P,0*4D
\s:66,c:1782377508*4B\!AIVDM,1,1,,B,3815avh01o0f1`jQ73pbu8iL0Rq1,0*5B
\s:66,c:1782377503*40\!AIVDM,1,1,,A,13ccbC003GPnKqfGo4;n8DuB00SB,0*00
\s:66,c:1782377503*40\!AIVDM,1,1,,B,1344?MP000PCrVJMEp3VsmWH0@IT,0*39
\s:66,c:1782377501*42\!AIVDM,1,1,,B,13ku9ChvhAOH>u>GTR1Avo?@0l0k,0*56
\s:66,c:1782377503*40\!AIVDM,1,1,,A,4050Kl1vad`k`7WEM1u1If?020S:,0*7F
\s:66,c:1782377500*43\!AIVDM,1,1,,A,36:a<dmP00`d@=bAt=@4dOwp0000,0*56
\s:66,c:1782377502*41\!AIVDM,1,1,,A,35Mqswd0hNJRun@FDVDUKTGp0000,0*44
\s:66,c:1782377504*47\!AIVDM,1,1,,B,1815aS002LPCC0hMIIWFIm5F0<9W,0*05
\s:66,c:1782377504*47\!AIVDM,1,1,,A,@@5NIkB8tbHd<P0000000500,0*56
\s:66,c:1782377504*47\!AIVDM,1,1,,B,35CrQ401B:7R0`>1i=0q8W=D00v0,0*71
\s:66,c:1782377506*45\!AIVDM,1,1,,B,1773@c02BhR;D9bBKDW4:SIJ00S6,0*7B
\s:66,c:1782377503*40\!AIVDM,1,1,,B,18Ucs`01P0SQLgF@<DBnjbBp0D>d,0*07
\s:66,c:1782377505*46\!AIVDM,1,1,,A,14cM6fP028OVsb>DTAEBgB9J0L5O,0*07
\s:66,c:1782377507*44\!AIVDM,1,1,,A,19c2uB0015N``T88d5C=r;9J00SI,0*59
\s:66,c:1782377504*47\!AIVDM,1,1,,B,B8TA?Dh099rRa`2jUTN<?wmW3P06,0*74
\s:66,c:1782377506*45\!AIVDM,1,1,,A,16:>NbP01U`OfWrF?0IDQkep0PSO,0*76
\s:66,c:1782377503*40\!AIVDM,1,1,,A,33P7hpPs@1OnQwpLtKCbP`Kp0000,0*25
\s:66,c:1782377499*42\!AIVDM,1,1,,B,35S`H450000GqTbNR?`GJ13@0E3:,0*29
\s:66,c:1782377502*41\!AIVDM,1,1,,A,13aGtdhP0GPFA:VMvu=EB?w>R<3w,0*4E
\s:66,c:1782377502*41\!AIVDM,1,1,,A,13m`o:000012;`fW@K56QUgF0D0H,0*34
\s:66,c:1782377499*42\!AIVDM,1,1,,B,14dF2t001R6AJAr3Ch8JA`G608Ek,0*35
\s:66,c:1782377502*41\!AIVDM,1,1,,A,402M4tivad`kb1TNbP`KAt7P0HHn,0*50
\s:66,c:1782377504*47\!AIVDM,1,1,,B,13GQC6O000P9r82Gb<hFCa5D0D1l,0*67
\s:66,c:1782377504*47\!AIVDM,1,1,,B,13:Udd000vOEPOFE5TnLAagH00Rr,0*74
\s:66,c:1782377504*47\!AIVDM,1,1,,B,17lcbUPP017W1lQtoBfC6gwJ20Ru,0*43
\s:66,c:1782377504*47\!AIVDM,1,1,,B,16:7<s003h89KG6<n5fQ>@uD0<98,0*12
\s:66,c:1782377505*46\!AIVDM,1,1,,A,13aGu`hP00PF?f8Mvluv4?wH28JF,0*3E
\s:66,c:1782377498*43\!AIVDM,1,1,,B,13P:q50000P7oN6N1c0>49i:28F7,0*4E
\s:66,c:1782377505*46\!AIVDM,1,1,,,15?dSiS3P93PA`@@CeclLBSL0000,0*71
\s:66,c:1782377505*46\!AIVDM,1,1,,B,17ldJwPP01WaEigtRVPFG?wH2D4n,0*67
\s:66,c:1782377504*47\!AIVDM,1,1,0,,B5N`LG000>`HDaURw`3Q3wn5oP06,0*52
\s:66,c:1782377502*41\!AIVDM,1,1,,A,3815?WP0001`ntpFtk:Dn7up0000,0*61
\s:66,c:1782377501*42\!AIVDM,1,1,,B,142T400P00KVJL065qtf4?wBP@H5,0*3A
\s:66,c:1782377504*47\!AIVDM,1,1,,A,19NS<r3P018KNcOwFRw88wwH00S=,0*3C
\s:66,c:1782377502*41\!AIVDM,1,1,,B,13aGDg@P0HPHONjN@H=ofOwD253<,0*3F
\s:66,c:1782377504*47\!AIVDM,1,1,,A,137rk<0000Qgc72EIE?819OF1@kd,0*57
\s:66,c:1782377496*4D\!AIVDM,1,1,,B,13aGFPPP00PHo42NCn<>4?w8R53<,0*2B
\s:66,c:1782377505*46\!AIVDM,1,1,,B,B8Hu@mP0?AnW`FP;b4`3kwq5kP06,0*45
\s:66,c:1782377505*46\!AIVDM,1,1,,A,13aGFPPP00PHo4DNCn<f4?wJRL4b,0*54
\s:66,c:1782377506*45\!AIVDM,1,1,,A,13B5Of001F1uoa6GBq@9aWgJ0@K7,0*6B
\s:66,c:1782377506*45\!AIVDM,1,1,,A,40474H1vad`ke:?f24GwGQo00<07,0*66
\s:66,c:1782377503*40\!AIVDM,1,1,,B,13ss?g3P00QWATDISG2f4?wF28IB,0*79
\s:66,c:1782377508*4B\!AIVDM,1,1,,A,C8Sjo<@0=1rL7r1PInm?3wv0P@bN6HNL?SQQ11111110S0PSST0P,0*0C
\s:66,c:1782377508*4B\!AIVDM,1,1,,B,15?dVw@v2nLbtAeiv2<ovFID053<,0*06
\s:66,c:1782377502*41\!AIVDM,1,1,,A,33v4gP501R1FpP8RI43n3Tkp0000,0*54
\s:66,c:1782377501*42\!AIVDM,1,1,,A,H5OBi70dthD4000000000000000,2*02
\s:66,c:1782377503*40\!AIVDM,1,1,,A,19NSsm@21VV?Dnh3KpOb>`C@0<0B,0*15
\s:66,c:1782377502*41\!AIVDM,1,1,,B,169<wJPP008Juu0F;hp1ngwB0HHR,0*52
\s:66,c:1782377502*41\!AIVDM,1,1,,B,14eGTqPOiDo:4KlL8t>sK`WD0U3<,0*4C
\s:66,c:1782377503*40\!AIVDM,1,1,,B,14`aQ30vBSrJPHn>wv8D43CB8@Hu,0*5A
\s:66,c:1782377504*47\!AIVDM,1,1,,B,18SJFr8P007aGeT;qjC9s?w@0@Jr,0*20
\s:66,c:1782377502*41\!AIVDM,1,1,,A,B3mdb5P0=8<d?d`KBUv21`N00000,0*38
\s:66,c:1782377504*47\!AIVDM,1,1,,A,19NSmNhw2P45vLiqH@3QGi?D0L00,0*0D
\s:66,c:1782377504*47\!AIVDM,1,1,,B,138nk200102G>G<Cm2`jTj3J0<3J,0*3D
\g:1-2-5198950,s:66,c:1782377495*05\!AIVDM,2,1,0,A,57tD9l82>wn;Tm`GH00dD`u861=Dq8U<D000000l1HA5500Ht;SE4000,0*64
\g:2-2-5198950*64\!AIVDM,2,2,0,A,000000000000000,2*24
\s:66,c:1782377504*47\!AIVDM,1,1,,A,339Eu8PP@qPe9MDN`s7MIIsB01:P,0*5E
\s:66,c:1782377497*4C\!AIVDM,1,1,,A,19t6TaP40V6iJtj3TNM`@W3<00S2,0*2D
\s:66,c:1782377446*40\!AIVDM,1,1,,B,39t6TaP3h`6iK583TPF84ViN04jC,0*0B
\s:66,c:1782377499*42\!AIVDM,1,1,,A,33R43N00321j314EDqA5Dl9p0000,0*34
\s:66,c:1782377503*40\!AIVDM,1,1,,A,13aL=7PP00PFJuhMv5`00?wF2D4c,0*03
\g:1-2-5198951,s:66,c:1782377479*06\!AIVDM,2,1,1,B,59t6TaT2>=@KTiG;S;DQF10v222222222222221@IHb<N5iVNVEPA2CP,0*08
\g:2-2-5198951*65\!AIVDM,2,2,1,B,Dc2CQ2@H8888880,2*1B
\s:66,c:1782377504*47\!AIVDM,1,1,,A,18uWvJ0P0OQQ5Ocd>:K3COwF2D02,0*66
\s:66,c:1782377503*40\!AIVDM,1,1,,A,1815O:mP@J8gVDRA8ErqcnIF0@Hn,0*1D
\s:66,c:1782377498*43\!AIVDM,1,1,,B,17tFT78P007KU?80l:EUAgw<08FW,0*36
\g:1-2-5198952,s:66,c:1782377502*08\!AIVDM,2,1,2,A,58156n825h0aKLuGD008t:0dDhhE80000000000O50HFSt@Q10888888,0*59
\g:2-2-5198952*66\!AIVDM,2,2,2,A,888888888888800,2*2E
\g:1-2-5198953,s:66,c:1782377497*04\!AIVDM,2,1,3,A,539=0r42=lIsD8q;H01@E860`EB3800000000000000??000004PE3D3,0*46
\g:2-2-5198953*67\!AIVDM,2,2,3,A,E0DP00000000000,2*46
\s:66,c:1782377498*43\!AIVDM,1,1,,B,16BLr<8P03SRfs4@iVL7uOw<253<,0*54
\s:66,c:1782377506*45\!AIVDM,1,1,,A,1kbUnf00000OftvNQ31PQ:D1uwww,0*09
\g:1-2-5198954,s:66,c:1782377506*0A\!AIVDM,2,1,4,A,53AJm@8284VluQ87H00pu8@T>0=8uLp00000000t4::>>=d`0?i2hl20,0*2E
\g:2-2-5198954*60\!AIVDM,2,2,4,A,000000000000000,2*20
\s:66,c:1782377505*46\!AIVDM,1,1,,A,13oAkT7P000gm:fTkKW<9wwJ00Sc,0*68
\s:66,c:1782377507*44\!AIVDM,1,1,,A,139Eu8PP@mPe9LJN`s@uBIIH0HKi,0*0A
\s:66,c:1782377505*46\!AIVDM,1,1,,B,16?UmTPP04UFNrr7Ie`cKgwH20Rw,0*04
\s:66,c:1782377506*45\!AIVDM,1,1,,A,18HtC`002Trc;CHEK4f@101F08Jo,0*30
\s:66,c:1782377504*47\!AIVDM,1,1,,A,16K3Jv002:9wcu6D6B6Ge6;F0D2a,0*4B
\s:66,c:1782377504*47\!AIVDM,1,1,,A,16:7QqP01K8jOD@CiAA6tUOF0<00,0*37
\s:66,c:1782377504*47\!AIVDM,1,1,,B,17m@:GgP00`=m3mvd5aVbOwF2538,0*2A
\s:66,c:1782377505*46\!AIVDM,1,1,,B,17Oh?u002s:66,0*25
\s:66,c:1782377507*44\!AIVDM,1,1,,B,1:kJc8@002Ji5qCbklI5WRUN0<0O,0*76
\s:66,c:1782377503*40\!AIVDM,1,1,,,13MBj30u00aHoc3wOamD0OwD0000,0*5C
\s:66,c:1782377505*46\!AIVDM,1,1,,A,13bP?F0P0g0f`WlO7DsA4wwJ08JH,0*2F
\s:66,c:1782377508*4B\!AIVDM,1,1,,A,13E`<UWP0RP?w>8GvNNIcgwN2HL2,0*52
\s:66,c:1782377508*4B\!AIVDM,1,1,,A,B3P=FO@0A?urKc6wAaPA7woUoP06,0*21
\s:66,c:1782377506*45\!AIVDM,1,1,,B,13moin00000J3NJSc36aoFWN0D0n,0*21
\s:66,c:1782377507*44\!AIVDM,1,1,,A,B3uIbD00;hFk`jUbkNe:Hsv00000,0*09
\s:66,c:1782377503*40\!AIVDM,1,1,,B,41q7MhAuJl`kbRk=b4<B=1W00L55,0*03
\s:66,c:1782377497*4C\!AIVDM,1,1,,A,16:FGqP01c`jRsbCRnmo05S22@E<,0*02
\s:66,c:1782377505*46\!AIVDM,1,1,,A,@05NUdSeIp?h<P00,0*28
\s:66,c:1782377503*40\!AIVDM,1,1,,A,19u:U4h0007aDqItSfuu2j1D0hIK,0*44
\s:66,c:1782377504*47\!AIVDM,1,1,,A,25?dih1000Wat3J5oc7@09CH253<,0*05
\s:66,c:1782377501*42\!AIVDM,1,1,,B,B3IarEP0;ot5LUVkS9g2GwlQh000,0*70
\s:66,c:1782377503*40\!AIVDM,1,1,,B,36:7DiU0008:wr6<rPSPKb=D0Gc@,0*4D
\s:66,c:1782377504*47\!AIVDM,1,1,,A,18Hs`nPP017KF@F0f2TBLgwF0HIf,0*18
\s:66,c:1782377501*42\!AIVDM,1,1,,A,17OoSpPPCIbl6CAd`Lm<`b;@28Gk,0*55
\s:66,c:1782377208*4C\!AIVDM,1,1,,A,19NSP:hwAW6jQjp3OObRfB920HC:,0*6A
\s:66,c:1782377500*43\!AIVDM,1,1,,B,35?dP>10048iR8nAgwO<DAc:0Dnr,0*50
\s:66,c:1782377505*46\!AIVDM,1,1,,A,B6:9m300Dr;gb<4B7wiJ?wmVSP06,0*58
\s:66,c:1782377501*42\!AIVDM,1,1,,B,13W@ch001mQb:H0Dd@2QHA7>253<,0*1D
\s:66,c:1782377501*42\!AIVDM,1,1,,A,19?Q?B3000SU4HD?Ggov40U<2@Fe,0*3A
\s:66,c:1782377503*40\!AIVDM,1,1,,B,13GQPB?P1?wvS1PFTFcdA?wD2<2I,0*1A
\s:66,c:1782377501*42\!AIVDM,1,1,,A,177nWK?0028;;8p<qTV5;HMB08H4,0*6A
\s:66,c:1782377504*47\!AIVDM,1,1,,A,15Ps2D001jNUTgD;1:7Wl6CF00RL,0*51
\s:66,c:1782377504*47\!AIVDM,1,1,,A,39NSVsPwBC8VFg<F6j`SdBoH01j1,0*33
\s:66,c:1782377488*42\!AIVDM,1,1,,B,177>pK01QNVfjtj3DKgiuiVR08@R,0*7B
\s:66,c:1782377507*44\!AIVDM,1,1,,B,13`fL>S002P@l`HMLNCPUlkN0L3G,0*2E
\s:66,c:1782377502*41\!AIVDM,1,1,,A,16:Kbi001;8NCh@FAnuWuVI@0U3<,0*47
\s:66,c:1782377504*47\!AIVDM,1,1,,A,17mLIEwP018FaIEwBno0hOwF28Im,0*04
\s:66,c:1782377507*44\!AIVDM,1,1,,A,83`d`ahj2d<du<=f<2`iH?bh<=L0,0*31
\s:66,c:1782377505*46\!AIVDM,1,1,,B,18J@bn021<7K6v00ed<Bj2OH08JJ,0*31
\s:66,c:1782377502*41\!AIVDM,1,1,,B,19NSfO3P003OMd@@;Bp>4?wD2<69,0*21
\s:66,c:1782377505*46\!AIVDM,1,1,,A,B6;=0dP002;PbtTB12T080F3QP06,0*14
\s:66,c:1782377507*44\!AIVDM,1,1,,A,H5MuFUQ0DL5=E<0000000000000,2*5A
\s:66,c:1782377507*44\!AIVDM,1,1,,A,H5MuFUTTCD=5hjnG42plih1`7220,0*19
\s:66,c:1782377507*44\!AIVDM,1,1,,A,15WE<D001IQd21jEaHlF9DoP0D8E,0*61
\s:66,c:1782377504*47\!AIVDM,1,1,,B,19NSHA02Pj2=vnufr9d2nBOJ0HJ8,0*3B
\s:66,c:1782377501*42\!AIVDM,1,1,,,13mJ9G7P0NPaHI2TQ8R;0gw<1000,0*6E
\s:66,c:1782377506*45\!AIVDM,1,1,,A,17tKcj0000WJulv0gTvQgQUL0t=w,0*61
\s:66,c:1782377508*4B\!AIVDM,1,1,,B,16K=T>001n7E8R<13KssSICP0<1r,0*4A
\s:66,c:1782377508*4B\!AIVDM,1,1,,A,38Hw7I0P00WJKjp0f`7>4?wN20@3,0*3C
\s:66,c:1782377508*4B\!AIVDM,1,1,,A,18I2hQ5OiUI=92L@wR>TfSsN0<9U,0*7F
\s:66,c:1782377500*43\!AIVDM,1,1,,B,13cdBR0P000aO6FFL6LUQww@0<3?,0*0A
\s:66,c:1782377502*41\!AIVDM,1,1,,A,D028ipPflffp,0*6B
\s:66,c:1782377503*40\!AIVDM,1,1,,,13JnqJ0007qVN1F@G77k4SeD0000,0*49
\s:66,c:1782377504*47\!AIVDM,1,1,,,B5O9wN000=l8=P6oNjgQ3wn5oP06,0*06
\s:66,c:1782377505*46\!AIVDM,1,1,,A,13b=DJ0021PGWoHNNHvhe@aL0L7v,0*72
\s:66,c:1782377504*47\!AIVDM,1,1,,A,16:5TFP0138h8?hAgq:43RaD053<,0*76
\s:66,c:1782377500*43\!AIVDM,1,1,,A,16:<QS0P018g5M2As1Uv456r2pG=,0*0C
\s:66,c:1782377505*46\!AIVDM,1,1,,A,4022051uJl`kdRG7kDCm1iW00@JF,0*4A
\s:66,c:1782377504*47\!AIVDM,1,1,,A,13aIje0P10PCcU6MEJajf?wH2HJ7,0*59
\s:66,c:1782377506*45\!AIVDM,1,1,,A,19NSp9P01T7E2=F11k:TSCa<0@KF,0*71
\s:66,c:1782377507*44\!AIVDM,1,1,,A,73P=6oP0RVvh,0*6C
\s:66,c:1782377502*41\!AIVDM,1,1,,A,37tN8q@00078jGV3VFoh001p0000,0*30
\s:66,c:1782377505*46\!AIVDM,1,1,,A,15MvWmPP00rdSi6GBMgrawwH0@Jq,0*06
\s:66,c:1782377506*45\!AIVDM,1,1,,B,16:>cG3P00`gAc@A>mif4?wJ2HJv,0*69
\s:66,c:1782377507*44\!AIVDM,1,1,,B,ENkb:Fg1h@@@@@@@@@@@@@@@@@@;W8J0=sB>@00003vP00,4*28
\s:66,c:1782377502*41\!AIVDM,1,1,,A,4028ipQuJl`kbwVLddDW0aG000S:,0*6B
\s:66,c:1782377506*45\!AIVDM,1,1,,A,38MFnL1000VSrSp<c31f40=L2DkJ,0*48
\s:66,c:1782377506*45\!AIVDM,1,1,,B,13ku9LPvi109Jp4MNWG8iVwJ853<,0*1E
\s:66,c:1782377505*46\!AIVDM,1,1,,A,19lbgL0P00QDLwodUo2>4?wJ28JQ,0*5F
\s:66,c:1782377499*42\!AIVDM,1,1,,A,13cijO0=@00w4sHHgFVq9?w>L0R?,0*2E
\s:66,c:1782377506*45\!AIVDM,1,1,,A,160o6`001f2gFlR=:t>nj5KH0HJl,0*73
\s:66,c:1782377507*44\!AIVDM,1,1,,B,13S7k;5P1eQ25RVIsUs;?OwL253<,0*14
\s:66,c:1782377508*4B\!AIVDM,1,1,,A,33baU00Ohn0@9A2MQ5CR>1iL019@,0*69
\s:66,c:1782377503*40\!AIVDM,1,1,,B,17P1f`0P00bl5FAd`:O>4?wD28Hw,0*5A
\s:66,c:1782377508*4B\!AIVDM,1,1,,A,B69DT7hD0R;lG74DrreRgwoESP06,0*5D
\s:66,c:1782377500*43\!AIVDM,1,1,,B,B7lddTh00:6;w5OpL1IKwwP4kP06,0*6C
\s:66,c:1782377504*47\!AIVDM,1,1,,A,13L?JrP0001SCa6RVGvieAd00000,0*55
\s:66,c:1782377503*40\!AIVDM,1,1,,B,38Hu1rgP@87Kl020er@Qc1qH016P,0*37
\s:66,c:1782377504*47\!AIVDM,1,1,,A,B5NMb:P006mu=V2`E1>WR6N00000,0*4A
\s:66,c:1782377499*42\!AIVDM,1,1,,B,13wlil@01DPsO38OFGeJj8a:0<1D,0*4A
\s:66,c:1782377505*46\!AIVDM,1,1,,A,13eSSF002B7UAcT2WVa8h75J0L<J,0*23
\s:66,c:1782377505*46\!AIVDM,1,1,,A,15N:pmPOi4rds7BGA@;Tg3mF0d4v,0*59
\s:66,c:1782377504*47\!AIVDM,1,1,,A,13aFeu?P00PG3fFNBTei?wwF08J1,0*26
\s:66,c:1782377506*45\!AIVDM,1,1,,B,13l3ts@02hLVmLlIH71IN7QL053<,0*22
\s:66,c:1782377504*47\!AIVDM,1,1,,A,15?dcTh0Qn08=WHE>2G312Hh0`Iv,0*72
\s:66,c:1782377504*47\!AIVDM,1,1,,A,1:U8NOP02=PFNaJEee1JT8MD00RT,0*00
\s:66,c:1782377482*48\!AIVDM,1,1,,B,18I44P001mVg9l@3;F3`to@V0<;F,0*2C
\s:66,c:1782377499*42\!AIVDM,1,1,,B,15@`?H`0120LiiNE?de2fRA>0D2k,0*38
\s:66,c:1782377506*45\!AIVDM,1,1,,A,368ttCUP00`gNpPAC;a>4?wJ2DQb,0*21
\s:66,c:1782377504*47\!AIVDM,1,1,,A,H5NMb:PMDhJ185<<4h000000000,2*29
\s:66,c:1782377504*47\!AIVDM,1,1,,A,H5NMb:T00000000G46oojq000000,0*0A
\s:66,c:1782377499*42\!AIVDM,1,1,,,B5O5Q@P01uG2RTunvBfVwwkUl000,0*51
\s:66,c:1782377505*46\!AIVDM,1,1,,A,15@rsF001oP:j5:MUb1HcFwD0@Jr,0*29
\s:66,c:1782377506*45\!AIVDM,1,1,,A,19NSnIh02iOIJB6CJAd`ko3N08KC,0*1A
\s:66,c:1782377493*48\!AIVDM,1,1,,B,H3@pk90uaaT0000000000000000,2*2F
\s:66,c:1782377504*47\!AIVDM,1,1,,B,H3@pk94TD815aV3H@9mlqh0h6130,0*55
\s:66,c:1782377504*47\!AIVDM,1,1,,A,16;:385P008g9hJACf=>4?w<0`It,0*40
\s:66,c:1782377507*44\!AIVDM,1,1,,A,177P@R0wAv1UalAd6DTJ:`<n0D0M,0*04
\s:66,c:1782377506*45\!AIVDM,1,1,,A,15CVcR001lUt:`083uOG?UmF0<0:,0*21
\s:66,c:1782377501*42\!AIVDM,1,1,,B,C8SerCP40ar;2;Rg4iJ>kwP0QaKgi0Hhc03WcKkk:00000000020,0*3E
\s:66,c:1782377507*44\!AIVDM,1,1,,B,14`V3=h01`waIVpL9eUIG7IL08Kr,0*20
\s:66,c:1782377508*4B\!AIVDM,1,1,,B,19ACHtc0002CuStApfG2u9ON053<,0*06
\s:66,c:1782377505*46\!AIVDM,1,1,,B,B6:EUI00@22msL3>r6a6wwv63P06,0*1B
\s:66,c:1782377508*4B\!AIVDM,1,1,,A,15?dV5h00dRD5V4AnQu7H65J0<1Q,0*06
\s:66,c:1782377504*47\!AIVDM,1,1,,A,34eHvg`000FcAS6O4=6@001p0000,0*3D
\s:66,c:1782377508*4B\!AIVDM,1,1,,B,146fTl9000QPcfBOp7D1mbQH00S4,0*0B
\s:66,c:1782377500*43\!AIVDM,1,1,,B,13TOEh8P1?QPAk0F0r`0Lgw>28GK,0*5C
\s:66,c:1782377500*43\!AIVDM,1,1,,A,402=WI1vad`kW081nLN1b=O02HGV,0*02
\s:66,c:1782377497*4C\!AIVDM,1,1,,A,13bt<J0P000GCFjNOiHbkww<28Et,0*12
\g:1-2-5198955,s:66,c:1782377501*0C\!AIVDM,2,1,5,B,55DbCb82FK?@Q14n220848U@tpL6222222222216HhOE;5eP0Qm5p2j2,0*0C
\g:2-2-5198955*61\!AIVDM,2,2,5,B,888888888888880,2*22
\s:66,c:1782377503*40\!AIVDM,1,1,,A,160t>h02208maJnA>w0@0h;B0<1j,0*2D
\s:66,c:1782377502*41\!AIVDM,1,1,,A,13cvVk0wAC`dmB4AtL6;fII8053<,0*76
\s:66,c:1782377504*47\!AIVDM,1,1,,A,36:6v7P01`8jBuPCP6706@7E017@,0*3A
\s:66,c:1782377293*4E\!AIVDM,1,1,,A,37ldadQ001Vl4u83<;B<>GlD0DPb,0*51
\g:1-2-5198956,s:66,c:1782377305*0D\!AIVDM,2,1,6,B,57ldad`251GE0q<h001<4e@T000000000000001?<0:975cUD;323jkQ,0*3E
\g:2-2-5198956*62\!AIVDM,2,2,6,B,h@0000000000000,2*09
\s:66,c:1782377506*45\!AIVDM,1,1,,B,16:<V7P01B8TsqhF3TD795eJ0DW`,0*62
\s:66,c:1782377500*43\!AIVDM,1,1,,A,D03n9s0fmNfp,0*26
\s:66,c:1782377504*47\!AIVDM,1,1,,B,H3ch7kPU@4<Dq@tADF222222220,2*34
\s:66,c:1782377157*45\!AIVDM,1,1,,A,H3ch7kTU1=30=KP9>jinnP2P042t,0*56
\s:66,c:1782377506*45\!AIVDM,1,1,,,B7OpB=P002b<1HM6NLGQ3wP00000,0*5C
\s:66,c:1782377508*4B\!AIVDM,1,1,,A,15N1fj0000rQOE4FM8eGpBQJ0HL;,0*7B
\s:66,c:1782377506*45\!AIVDM,1,1,,A,13dT8h001SPN0U8EJMn3D2aD00Rr,0*09
\s:66,c:1782377507*44\!AIVDM,1,1,,A,13P>?nP001ws0APM4iM9TQM@2001,0*30
\s:66,c:1782377504*47\!AIVDM,1,1,,B,144ceWQ00bvh@k@;GdeM5K9F253<,0*3A
\s:66,c:1782377500*43\!AIVDM,1,1,,A,16;@Lb001i`e8UhAs8I4fkkB2@Hf,0*23
\s:66,c:1782377504*47\!AIVDM,1,1,,B,35`3dp0Oh4OeTk03299F@OwT00oh,0*0E
\s:66,c:1782377502*41\!AIVDM,1,1,,A,17P9OP0000:c71cks:66,0*13
\s:66,c:1782377505*46\!AIVDM,1,1,,B,13l92OgP01Q2NsfDRFkN4?wH28JC,0*43
\s:66,c:1782377503*40\!AIVDM,1,1,,,18?OB6h001:QVD=rU2oJ>P@T0P00,0*5D
\s:66,c:1782377503*40\!AIVDM,1,1,,A,33ce9H300112ec:DKlbjA1mp0000,0*6A
\s:66,c:1782377504*47\!AIVDM,1,1,,A,16;=8j0P1a8g3ShAAp6a4?wF0HIO,0*71
\s:66,c:1782377503*40\!AIVDM,1,1,,A,B52erM000>`JJ0USU4jtiOv00000,0*7E
\s:66,c:1782377503*40\!AIVDM,1,1,,A,18I3@:00jI7tD1j9VKKoS65008IE,0*34
\s:66,c:1782377500*43\!AIVDM,1,1,,A,405>ND1vad`k``aaA48FOdW00D3f,0*0C
\s:66,c:1782377502*41\!AIVDM,1,1,,A,1815R5E0Pq0E4BjN1J?:t`cD0@I1,0*7A
\s:66,c:1782377497*4C\!AIVDM,1,1,,A,B4Rkt4000PLg5IUBQUm1LlN00000,0*0F
\s:66,c:1782377504*47\!AIVDM,1,1,,B,15?wNb00208b3Al6pkt5rTkF0D0K,0*6B
\s:66,c:1782377505*46\!AIVDM,1,1,,B,13=QP>001uFrKfHC>ijDs3uJ0<05,0*7C
\s:66,c:1782377505*46\!AIVDM,1,1,,B,18159hP01`OHqMHLDkiCCBcf0t1;,0*38
\s:66,c:1782377507*44\!AIVDM,1,1,,B,18LkRB00007=lB@7Q8V;SEkL08KP,0*6E
\s:66,c:1782377502*41\!AIVDM,1,1,,B,13ce9H3P0212ec<DKlc2@?wF0HIH,0*0D
\g:1-2-5198957,s:66,c:1782377501*0E\!AIVDM,2,1,7,A,58VVEr42D?FQTaL;B21L4hdE:1@T@F222222221J1`q6;5dW0=U0CPBR,0*52
\g:2-2-5198957*63\!AIVDM,2,2,7,A,@`8888888888880,2*03
\s:66,c:1782377496*4D\!AIVDM,1,1,,,B39E:?0008ADr`U?qilK;wj5l000,0*6A
\s:66,c:1782377500*43\!AIVDM,1,1,,,13K8RD5000o@5AHE`8kpwI1@053<,0*55
\s:66,c:1782377498*43\!AIVDM,1,1,,A,13cnWN001kPpRufGVLtdkJ=:0l5<,0*35
\s:66,c:1782377505*46\!AIVDM,1,1,,A,14`V2mP01KP2?W2LoFCRtBKH00ST,0*2E
\s:66,c:1782377504*47\!AIVDM,1,1,,A,16KJ@f8000NqK:2@6N<j>P3F08Io,0*29
\s:66,c:1782377501*42\!AIVDM,1,1,,,13K5G<5000oRb4lCCBWdgGo80000,0*64
\s:66,c:1782377499*42\!AIVDM,1,1,,B,139sb6PP000ec4@NW7Qv4?w>2@GC,0*46
\s:66,c:1782377497*4C\!AIVDM,1,1,,B,160re6001C3QnvH@<RkAp1G808F6,0*31
\s:66,c:1782377504*47\!AIVDM,1,1,,B,1815Sh02AQJPQMUok`q5g4QD00SH,0*2F
\s:66,c:1782377504*47\!AIVDM,1,1,,B,13Eow@000006TMdFA0H@Fn1B053<,0*2F
\s:66,c:1782377504*47\!AIVDM,1,1,,A,333dtLUP00PCu3:MEcB=;?wJ2EO:,0*0C
\s:66,c:1782377503*40\!AIVDM,1,1,,A,D02IPJhflffp,0*21
\s:66,c:1782377498*43\!AIVDM,1,1,,A,B7OkC<0002gSToL0T;JAWwk5kP06,0*5E
\s:66,c:1782377504*47\!AIVDM,1,1,,A,13EerLP000vh=D:8Ic1N49oH053<,0*4A
\s:66,c:1782377504*47\!AIVDM,1,1,,A,15Q5JH0wQt0HU26ETlFkMRiD00SF,0*78
\s:66,c:1782377506*45\!AIVDM,1,1,,B,13`gb9@P1T0DJ0DMdT1kO?wH0HK1,0*2E
\s:66,c:1782377506*45\!AIVDM,1,1,,B,13aEQ?0017PBn@DMfWn=pJsB08Jb,0*17
\s:66,c:1782377504*47\!AIVDM,1,1,,B,19NSi4h02`ono:<>0PhE9T5F20S4,0*07
\s:66,c:1782377502*41\!AIVDM,1,1,,B,13E`C9WP0LP;GTvFKD;65wwD2@Hf,0*64
\s:66,c:1782377496*4D\!AIVDM,1,1,,A,34hngP0000G<TsBL=hkS0Q5p0000,0*0B
\s:66,c:1782377498*43\!AIVDM,1,1,,A,H3Ia8W4U0000000h000000000000,0*23
\s:66,c:1782377499*42\!AIVDM,1,1,,A,35O;Dt0000JRlUtE55>tdc1p0000,0*78
\g:1-2-5198958,s:66,c:1782377504*04\!AIVDM,2,1,8,A,58IAkJ82CO3SUK;;;R0pu8Hthf0EQ18E=>222217AsQAR5dcNaCkDk3;,0*18
\g:2-2-5198958*6C\!AIVDM,2,2,8,A,OS@D53H88888880,2*42
\g:1-2-5198959,s:66,c:1782377506*07\!AIVDM,2,1,9,A,53IfCe42?EUtHq8B221H:0=85F2222222222220l1`C465<`0=3@DTiB,0*68
\g:2-2-5198959*6D\!AIVDM,2,2,9,A,C31H88888888880,2*24
\s:66,c:1782377505*46\!AIVDM,1,1,,,B3JI6V@00HBewnUNcL3Q3wnUoP06,0*53
\s:66,c:1782377504*47\!AIVDM,1,1,,A,15`?Rd300LSR2BF@4ce;w9oF053<,0*27
\s:66,c:1782377506*45\!AIVDM,1,1,,B,36:BP:PPA88fPSPA2=I0P0IJ0Qt@,0*47
\s:66,c:1782377502*41\!AIVDM,1,1,,A,38QkuI00023N9=n@@VpUJ7GD02o1,0*6F
\s:66,c:1782377506*45\!AIVDM,1,1,,B,13aEOPPP1>PCkmbMFgR=4gwN2<9g,0*5D
\s:66,c:1782377503*40\!AIVDM,1,1,,A,402IPJivad`kbNM`8@UhlVG00<2d,0*01
\s:66,c:1782377505*46\!AIVDM,1,1,,B,B3GQNPh0>@1o?R5q37nHown5kP06,0*51
\s:66,c:1782377505*46\!AIVDM,1,1,,A,16:5Ot0P018g;?@Ad:HePgw800Ri,0*1E
\s:66,c:1782377506*45\!AIVDM,1,1,,B,15O4r<P00`q=5oR@tNTJTpaJ00SU,0*0D
\s:66,c:1782377507*44\!AIVDM,1,1,,A,16:4AP0P00`VOS:DV6`KLgwF053<,0*51
\s:66,c:1782377507*44\!AIVDM,1,1,,A,C6:RUdP0029a6vU9W5<tKwv0RBL?0>2L?0TbM1Sf0000JQ@:21PP,0*4D
\s:66,c:1782377504*47\!AIVDM,1,1,,,B5O@fQP006`NniUTboG6QGF4d000,0*2A
\s:66,c:1782377503*40\!AIVDM,1,1,,B,1776@5012`8APO0;Olq`9VeF0<0a,0*4A
\s:66,c:1782377508*4B\!AIVDM,1,1,,A,1815c2?000a=9LLCuCncJA?P00RR,0*0C
\s:66,c:1782377503*40\!AIVDM,1,1,,A,18Hw`j`P00WJDj20gDQ>4?wD20S3,0*0D
\s:66,c:1782377497*4C\!AIVDM,1,1,,A,C3g0=5@00:2nRG3>>3fbcwP07SUWiKWKUQ;11111111040P3QQR0,0*18
\s:66,c:1782377497*4C\!AIVDM,1,1,,B,15T8Rb2005ROJJD@hQDqaJA40<0p,0*7D
\s:66,c:1782377502*41\!AIVDM,1,1,,B,13HjScgP0b0BPw6His:66,0*79
\s:66,c:1782377505*46\!AIVDM,1,1,,A,1599c9O001pRO>`:ql940U?D00Ro,0*3C
\s:66,c:1782377505*46\!AIVDM,1,1,,B,19NSRBCP0M<tSF0l4Q@30Owv053<,0*2D
\s:66,c:1782377505*46\!AIVDM,1,1,,A,16?UglPP00UFOGV7IaQlBOwD2h5B,0*3C
\s:66,c:1782377507*44\!AIVDM,1,1,,A,13:rHr0Om71d1hhE`oHuls9J0HK`,0*5F
\s:66,c:1782377507*44\!AIVDM,1,1,,A,142OdkP01QPd6G@H`bBMh;3L053<,0*37
\s:66,c:1782377507*44\!AIVDM,1,1,,A,B:U7m`P00?;0B2LTja`SowoUoP06,0*1E
\s:66,c:1782377506*45\!AIVDM,1,1,,B,79NSt4ARMpD`,0*7C
\s:66,c:1782377502*41\!AIVDM,1,1,,A,B7ldNR000:6=uSOq<pQhSwP4kP06,0*56
\s:66,c:1782377501*42\!AIVDM,1,1,,B,169OFH001V8c>s0?Niu`86MB08H=,0*6A
\s:66,c:1782377505*46\!AIVDM,1,1,,B,169D;b?P008g:n@A>kk=vOwH0D3F,0*67
\s:66,c:1782377500*43\!AIVDM,1,1,,B,18RBqlP3h;3O9L:@61t@3@9@00S7,0*3F
\s:66,c:1782377499*42\!AIVDM,1,1,,A,13l9AK?P00Q2U?VDPHRf4?w@20T:,0*73
\s:66,c:1782377502*41\!AIVDM,1,1,,A,33l9AK000012U?VDPHR@001p0000,0*49
\s:66,c:1782377507*44\!AIVDM,1,1,,A,19NStl@00035D`:6`iJWLCw@08KN,0*54
\s:66,c:1782377503*40\!AIVDM,1,1,,B,36TIM>1000aiqoVD186TcFOD02ti,0*11
\s:66,c:1782377501*42\!AIVDM,1,1,,B,1:U8e90P00M?<2Ope8MAK?wD0<0k,0*7D
\s:66,c:1782377499*42\!AIVDM,1,1,,A,35MwpW0100J@Hfl?ehn9aVsp0000,0*25
\s:66,c:1782377506*45\!AIVDM,1,1,,A,13mPAt80000Iq5HSbB?nwpOL08Jp,0*45
\s:66,c:1782377506*45\!AIVDM,1,1,,A,369`rhP01F`jvvPAT=nW:EWJ2000,0*5C
\s:66,c:1782377504*47\!AIVDM,1,1,,B,13HjGn?P0`0BA0:HaOrMi?wH0d1D,0*3B
\s:66,c:1782377500*43\!AIVDM,1,1,,B,170s@j3wh03Q=AH@<BfRsro@00SR,0*25
\s:66,c:1782377503*40\!AIVDM,1,1,,A,33o<0N0004QWV5N`KkEb6paD02hQ,0*1B
\s:66,c:1782377506*45\!AIVDM,1,1,,A,13biLr001LP?Mv6MN5?cKa;H0D7U,0*2B
\s:66,c:1782377507*44\!AIVDM,1,1,,B,B69D?dP0@b<IoGTG62L?@<0021Mk,0*55
\s:66,c:1782377502*41\!AIVDM,1,1,,B,1:U90NPP00td6@sjAmpN4?wB28Hi,0*44
\s:66,c:1782377500*43\!AIVDM,1,1,,A,B3`djB00005Sq47U`taWGwkP2h06,0*4F
\s:66,c:1782377505*46\!AIVDM,1,1,,B,14ak=40P2OOeE<T2vS8qBOwH0h8J,0*7F
\s:66,c:1782377504*47\!AIVDM,1,1,,B,13WakT?000wVoRBDRWp8TGmF00SF,0*5B
\s:66,c:1782377504*47\!AIVDM,1,1,,B,148fLJ80021PeC>Ool9ifBmD0hIu,0*7E
\s:66,c:1782377500*43\!AIVDM,1,1,,A,353NI8?000JA2M@>sfF>1c=p0000,0*5B
\s:66,c:1782377501*42\!AIVDM,1,1,,A,19God:P01<6BR?p3PPG:L`Dh053D,0*60
\s:66,c:1782377505*46\!AIVDM,1,1,,B,13P7GW?P2EwlS:tLCP4:;?wJ28Ja,0*07
\s:66,c:1782377503*40\!AIVDM,1,1,,B,155f8F001:3SvRd@K@vcu9Q>0<<l,0*06
\s:66,c:1782377506*45\!AIVDM,1,1,,A,18LkSn1000W=kIh7PVs`uVEJ253<,0*12
\s:66,c:1782377506*45\!AIVDM,1,1,,A,13cc2@gP1FPqqDtIpLi:`OwL253<,0*4C
\s:66,c:1782377506*45\!AIVDM,1,1,,,13n3B180000IomhSbEmtvaAJ0U3<,0*4B
\s:66,c:1782377507*44\!AIVDM,1,1,,B,17ljnD001T6vdr02wn8<:qgJ08Jq,0*76
\s:66,c:1782377500*43\!AIVDM,1,1,,B,16:Lg30Oj18ecTpA9t2L49S20<4?,0*27
\s:66,c:1782377503*40\!AIVDM,1,1,,A,38SK:o00087r6>@8wDJ@jwv00000,0*3F
\s:66,c:1782377507*44\!AIVDM,1,1,,A,18LKeB0PA27L3500gM7t;wwJ053<,0*73
\s:66,c:1782377506*45\!AIVDM,1,1,,A,19NSeI80347e40N3;q5A5Pll08KL,0*6F
\s:66,c:1782377497*4C\!AIVDM,1,1,,A,13m`4i0000Q1p8HVPLStH8Nn0HE6,0*22
\s:66,c:1782377505*46\!AIVDM,1,1,,A,13ku8j001P0Q`sLE`b>36RQL08Jd,0*22
\s:66,c:1782377506*45\!AIVDM,1,1,,A,1346RH0000PCij<MG7gT8bCF0HJm,0*1E
\s:66,c:1782377507*44\!AIVDM,1,1,,B,23aGsuHP0vPGn?:NMU3lDwwL2000,0*25
\s:66,c:1782377508*4B\!AIVDM,1,1,,B,17ljn3p00073l102:fr8V8SN0HL8,0*0A
\s:66,c:1782377504*47\!AIVDM,1,1,,B,13ku:QPqAu0=vUVMJWbJppIH0<=g,0*10
\s:66,c:1782377503*40\!AIVDM,1,1,,A,13EccQ0003OufMfEs`wC=19B053<,0*5B
\s:66,c:1782377508*4B\!AIVDM,1,1,,B,E3FQrn1QPab7a@:SaP00000000001Www;Sb=I68jRPp020,4*1D
\s:66,c:1782377506*45\!AIVDM,1,1,,B,13aGsuHP0vPGn>FNMU5TG?wL2HK4,0*29
\s:66,c:1782377501*42\!AIVDM,1,1,,A,B52i7Bh005pLBo4o7WCQ3wlQjDor,0*50
\s:66,c:1782377501*42\!AIVDM,1,1,,B,16KVrOP01g:=O80H5`d4PCU<053<,0*49
\s:66,c:1782377502*41\!AIVDM,1,1,,B,13P=pch01uP9dfNMJ<?eqs;>053<,0*0C
\s:66,c:1782377504*47\!AIVDM,1,1,,A,33IfT4P=@00IfvlHc4S8V7Ip0000,0*5D
\s:66,c:1782377505*46\!AIVDM,1,1,,B,K815R3hA3MBwt0:t,0*5B
\s:66,c:1782377501*42\!AIVDM,1,1,,A,15V@>@000v3QtNb@>SPf3s9@08Fv,0*2C
\s:66,c:1782377505*46\!AIVDM,1,1,,B,18L4M0001UTwcp4<tvPDc3c@08J5,0*67
\s:66,c:1782377507*44\!AIVDM,1,1,,B,36:BWqQP008f@:hA6ei4aOwL0E9b,0*47
\s:66,c:1782377502*41\!AIVDM,1,1,,,B3n?wH0000Ehsjav4wgQ1aE1h000,0*52
\s:66,c:1782377502*41\!AIVDM,1,1,,A,403Ovsivad`kbrW6NbFfkHO02D5`,0*48
\s:66,c:1782377505*46\!AIVDM,1,1,,B,33M@FEPOk2wnlePL7;;:rpsB00PP,0*5F
\s:66,c:1782377506*45\!AIVDM,1,1,,,B3n?wH0000Ehskav4wcQ1ao1h000,0*7D
\s:66,c:1782377505*46\!AIVDM,1,1,,B,18HtDJ000147729lO?q:I2mD08Ja,0*06
\s:66,c:1782377504*47\!AIVDM,1,1,,A,15NGr<PP00rRibpE4RcIU?wJ053<,0*6A
\s:66,c:1782377499*42\!AIVDM,1,1,,A,34UlT<5000wrvhbM4h<a>85<0laJ,0*38
\s:66,c:1782377507*44\!AIVDM,1,1,,B,33cvl55P0011C:lGGfBe6OwL0E3J,0*16
\s:66,c:1782377501*42\!AIVDM,1,1,,A,403OtUQuJl`k`oWD<TBdK6w028Gg,0*34
\s:66,c:1782377505*46\!AIVDM,1,1,,A,H3q5UwTT0000000CBohoh00p3440,0*79
\s:66,c:1782377507*44\!AIVDM,1,1,,A,B3q5UwP008EOF<7igdq:Hsv00000,0*42
\s:66,c:1782377504*47\!AIVDM,1,1,,A,33IarM7P@LwWmWTLF@wr6GOF00q@,0*12
\s:66,c:1782377501*42\!AIVDM,1,1,,A,33iAqh3Ohjwu`a`LPUfWvV=<00u1,0*17
\s:66,c:1782377502*41\!AIVDM,1,1,,A,339eWS00000fT9@NSJ3P001p0000,0*70
\s:66,c:1782377502*41\!AIVDM,1,1,,A,13aI9wpP0b0GppNNQpC`SwwD053<,0*58
\s:66,c:1782377503*40\!AIVDM,1,1,,A,35Mpl`00000000000000001p0000,0*50
\s:66,c:1782377501*42\!AIVDM,1,1,,B,B6:bf@@0;R;2c@4OjTs5Gwv41P06,0*0A
\s:66,c:1782377502*41\!AIVDM,1,1,,A,18:bE7A0?w<tSF0l4Q@>47Ev0hHL,0*4A
\s:66,c:1782377502*41\!AIVDM,1,1,,A,33K<T81v00Pd@MdGHDfsO01B2lTJ,0*35
\s:66,c:1782377504*47\!AIVDM,1,1,,A,D02IPB@flPfp,0*37
\s:66,c:1782377502*41\!AIVDM,1,1,,A,18I6Co0P123SegP?vCk<>?w>P8HC,0*5B
\s:66,c:1782377501*42\!AIVDM,1,1,,A,3775De05R9We5<r:Av?<jbUD01oh,0*37
\s:66,c:1782377505*46\!AIVDM,1,1,,B,13WDmH?01OOUOF:DNc1IWogF0`JJ,0*11
\s:66,c:1782377503*40\!AIVDM,1,1,,B,18R3e=00003OjUn@=tcTrJEB0D<:,0*4B
\s:66,c:1782377506*45\!AIVDM,1,1,,A,1815O>h00;2>4>7fqsiHuVQL0<1<,0*42
\s:66,c:1782377506*45\!AIVDM,1,1,,A,33eSCf5v@01dIn0Ee46t:23J0Dmb,0*18
\s:66,c:1782377506*45\!AIVDM,1,1,,A,13ku:1002L8n7A6@blCpGVaL08Ju,0*2F
\s:66,c:1782377506*45\!AIVDM,1,1,,B,148d;p0vjcP?CntMiVr:TpQH8@KD,0*3E
\s:66,c:1782377506*45\!AIVDM,1,1,,A,B5OD8fP00EJRQruThat?8<N00000,0*33
\s:66,c:1782377505*46\!AIVDM,1,1,,B,18I>R2002a`mh>p@pmQUtTiJ0D1a,0*3D
\s:66,c:1782377505*46\!AIVDM,1,1,,A,H6:be90MDU0TpLPtpMT4pOWKSR0,2*01
\s:66,c:1782377155*47\!AIVDM,1,1,,A,H6:be9566DeiqhkPPPPPPP6H8940,0*78
\s:66,c:1782377505*46\!AIVDM,1,1,,B,13@njlG0000jt2JPk;e<5r5p0U`d,0*14
\s:66,c:1782377505*46\!AIVDM,1,1,,A,33osg:50000IWURQep;DK`gL0Dlr,0*1A
\s:66,c:1782377500*43\!AIVDM,1,1,,A,13KOt:P0001P@jFRgfiB4qt00000,0*7A
\s:66,c:1782377502*41\!AIVDM,1,1,,A,D02FhVinPN?b<`N00C@v000,2*09
\s:66,c:1782377502*41\!AIVDM,1,1,,,B7`BbmP00K5aveIhj@vEKwlUoP06,0*67
\s:66,c:1782377505*46\!AIVDM,1,1,,B,3777g01w@07LbAH0guBoST?F0EQr,0*77
\s:66,c:1782377505*46\!AIVDM,1,1,,B,33UIJS0000Qcs>2Ef<qujhIJ00mA,0*5B
\s:66,c:1782377501*42\!AIVDM,1,1,,,15NT5pg2h2o=3C@Kl:r0gRK80000,0*48
\s:66,c:1782377503*40\!AIVDM,1,1,,B,13cCp230050jqe8EeahnK:ID053<,0*04
\s:66,c:1782377499*42\!AIVDM,1,1,,A,155u5H@01s0RF48EFMeCNgw:00S<,0*66
\g:1-2-5198960,s:66,c:1782377505*0E\!AIVDM,2,1,0,A,59NSsa82>JWWDi`7T015DDDr0:0TTT000000001?D`>I3=d<0G3F0kh@,0*50
\g:2-2-5198960*67\!AIVDM,2,2,0,A,000000000000000,2*24
\s:66,c:1782377500*43\!AIVDM,1,1,,A,403OwpiuJl`k`o=sgHK=Blw02HGr,0*56
\s:66,c:1782377506*45\!AIVDM,1,1,,B,E>k`ueN1WV64Ra@623h@@@@@@@@=NvbI;qb`P00003vP100,2*05
\s:66,c:1782377495*4E\!AIVDM,1,1,,,13ldlv5000Q2R@LDOkNPU438053<,0*51
\s:66,c:1782377506*45\!AIVDM,1,1,,A,13`kb80000P1mmjMKw0JLpSJ0<1S,0*3E
\s:66,c:1782377499*42\!AIVDM,1,1,,,13ldlv5000Q2R@JDOkNhU43B053<,0*15
\s:66,c:1782377506*45\!AIVDM,1,1,,A,13cc3e?P0OQCSB`GA;75dgwL253<,0*0E
\s:66,c:1782377506*45\!AIVDM,1,1,,,13ldlv5000Q2R@FDOkOPU43N053<,0*2C
\s:66,c:1782377502*41\!AIVDM,1,1,,A,13aJJN@01?0Ii>lNT6k4>3SB0000,0*58
\s:66,c:1782377506*45\!AIVDM,1,1,,B,3815KgA002M?CBOpQf;VIRIH0Dg:,0*50
\s:66,c:1782377503*40\!AIVDM,1,1,,A,BCh:RW00l7UnQJaPkSrFwwlRs000,0*4B
\s:66,c:1782377501*42\!AIVDM,1,1,,A,13AWB8700NPMv;VNmML6MTi<0D1S,0*79
\s:66,c:1782377503*40\!AIVDM,1,1,,B,1:p;u=`000JV>J@5pk5ru7?D0L1P,0*18
\s:66,c:1782377506*45\!AIVDM,1,1,,B,148chR0001QPdqrOoo><tlCL20S0,0*1D
\s:66,c:1782377506*45\!AIVDM,1,1,,A,14RqEH00003t:Il>`OQVLWAJ0@K=,0*55
\s:66,c:1782377505*46\!AIVDM,1,1,,A,35O?f750@0J4k9@?w6DSc5cp0000,0*34
\s:66,c:1782377507*44\!AIVDM,1,1,,A,142OhHh0001pnK6FvGIRFaoJ0<0I,0*6F
\s:66,c:1782377506*45\!AIVDM,1,1,,A,19ACDpk0032BRwDB?h1M397L053<,0*43
\s:66,c:1782377504*47\!AIVDM,1,1,,A,B5?iwH03ws?8mP=18D3Q3wwQjlM:,0*04
\s:66,c:1782377502*41\!AIVDM,1,1,,A,?h3Owpi;EmdDD00,2*16
\s:66,c:1782377507*44\!AIVDM,1,1,,A,B6KdpT00NBSA5M5wQ5bSGwoUWP06,0*23
\s:66,c:1782377506*45\!AIVDM,1,1,,,35NT5pg2h2o=3CPKl:rQ=BUH0000,0*1F
\s:66,c:1782377504*47\!AIVDM,1,1,,B,16::265OiW`K<=jFCW=Ug4oH20R:,0*06
\g:1-2-5198961,s:66,c:1782377508*02\!AIVDM,2,1,1,B,53`kb802Bhl10M`f2218DTlE9=L44j222222220Q<PN;;5dW0CAhS3kP,0*18
\g:2-2-5198961*66\!AIVDM,2,2,1,B,000000000000000,2*26
\s:66,c:1782377504*47\!AIVDM,1,1,,A,16:dLv@P00`e8KPAthtf4?wJ20RB,0*18
\s:66,c:1782377504*47\!AIVDM,1,1,,B,15O=nW`000rAT?H?BEAN45KH20Sn,0*20
\s:66,c:1782377508*4B\!AIVDM,1,1,,,B7`BbmP00K5avfIhjA:EKwoUoP06,0*2A
\s:66,c:1782377500*43\!AIVDM,1,1,,A,35NO=g0000JrjqhH@12etc;p0000,0*02
\s:66,c:1782377503*40\!AIVDM,1,1,,B,13aDCa@P000F<rpHmaWc5wwF253<,0*73
\s:66,c:1782377503*40\!AIVDM,1,1,,B,139v5aPP15Peb?dNWrMPcOwF2<3e,0*07
\s:66,c:1782377503*40\!AIVDM,1,1,,A,14VHhV330O0Ha=@Qkl>2DB;@0<0o,0*6C
\s:66,c:1782377502*41\!AIVDM,1,1,,A,33l3pu001I0IK=jH3g:9s7qp0000,0*3B
\s:66,c:1782377504*47\!AIVDM,1,1,,A,3562pN@01UWIiHr0da@:t8iD2RuQ,0*29
\s:66,c:1782377505*46\!AIVDM,1,1,,B,18158`@01sPEj`THR`KiFA3H0<38,0*2A
\s:66,c:1782377504*47\!AIVDM,1,1,,A,37tCia@00078kdL3VQ@@001p0000,0*54
\s:66,c:1782377505*46\!AIVDM,1,1,,B,19NSSHhOi5P5w7`3OCo715i808JL,0*29
\s:66,c:1782377500*43\!AIVDM,1,1,,B,13P7gM700v0GUdVOuo6GvV?B00Rj,0*7A
\s:66,c:1782377505*46\!AIVDM,1,1,,A,B5O8tQ0006T9jm3q9>@000N00000,0*24
\s:66,c:1782377502*41\!AIVDM,1,1,,B,35A0Rf10008iK>PAoaR=:iI@0DVr,0*39
\s:66,c:1782377501*42\!AIVDM,1,1,,B,15WkU`001@3R>G8@8ORrepiD0`HS,0*1D
\s:66,c:1782377501*42\!AIVDM,1,1,,A,13l3pu001Q0IK=jH3g:9s7q>053<,0*65
\s:66,c:1782377507*44\!AIVDM,1,1,,A,170>R15P?w<tSF0l4Q@>4?wp1d?v,0*6A
\s:66,c:1782377504*47\!AIVDM,1,1,,A,138kwF0039P7S>@FCtDQa1EF0<8?,0*3A
\s:66,c:1782377502*41\!AIVDM,1,1,,B,15N4T>PP00rqOQ8GgL5f4?wD2@I0,0*18
\s:66,c:1782377499*42\!AIVDM,1,1,,B,13lrgV001bOUS7tDU:?bP`M<0HG6,0*6F
\s:66,c:1782377507*44\!AIVDM,1,1,,B,13o09mP0200e=PPPv4a48SGJ0000,0*07
\s:66,c:1782377504*47\!AIVDM,1,1,,A,13GQReP000P6SH:F;Ud>41mF2HIP,0*1D
\s:66,c:1782377504*47\!AIVDM,1,1,,B,B3efbB000p:dW25r4=68Kwm1l000,0*70
\s:66,c:1782377507*44\!AIVDM,1,1,,A,148LOv002`QImphOmwmrAH;N253<,0*6F
\s:66,c:1782377504*47\!AIVDM,1,1,,A,15O=OR?000q=Pc2@wVreDUAH08If,0*46
\s:66,c:1782377503*40\!AIVDM,1,1,,B,13`m1nhP00PHjJtNFpbN4?wF28Id,0*48
\s:66,c:1782377502*41\!AIVDM,1,1,,,B3Ie=j000fp3ov2Ssa7Q3wkQl000,0*56
\s:66,c:1782377498*43\!AIVDM,1,1,,A,13@p94hP0;0pUhHO;MCCWgw>2D0u,0*6C
\s:66,c:1782377500*43\!AIVDM,1,1,,B,13oGr<70000J0JpSbF@B5Wc>0L19,0*08
\s:66,c:1782377502*41\!AIVDM,1,1,,A,13ecjd0017PNWSpGA9I=0rM>0<0Q,0*57
\s:66,c:1782377502*41\!AIVDM,1,1,,B,1815`0D0iW7@1JH1NlnTRSa:053<,0*0F
\s:66,c:1782377504*47\!AIVDM,1,1,,A,14QugD001VQJ6>LPBNI1OA?H053<,0*4B
\g:1-2-5198962,s:66,c:1782377505*0C\!AIVDM,2,1,2,B,56::IH8000008uDk>21PT4pN1TV0H61`P4r22216?0S8?5eA0GAUFR3m,0*23
\g:2-2-5198962*65\!AIVDM,2,2,2,B,H88888888888880,2*55
\g:1-2-5198963,s:66,c:1782377505*0D\!AIVDM,2,1,3,A,59NSaw`2<wEwDh=cH00m<>104lU860TTT0000019H0D??5dhNE@PDR@0,0*49
\g:2-2-5198963*64\!AIVDM,2,2,3,A,000000000000000,2*27
\s:66,c:1782377503*40\!AIVDM,1,1,,B,15?df@P4QlP:BeTMT`4`cnwB853<,0*0B
\s:66,c:1782377501*42\!AIVDM,1,1,,A,139eGd?P00PNi14MLFSpmOwBR<2i,0*00
\s:66,c:1782377502*41\!AIVDM,1,1,,A,16K2m@00009iOU2CwQ0qMrc>0L2l,0*69
\s:66,c:1782377506*45\!AIVDM,1,1,,B,36;Jhl001Q`hCmN@wtPT@3AH0Pw0,0*47
\s:66,c:1782377504*47\!AIVDM,1,1,,B,19NSp=@vjV32Lr9h9BdBNj7F0HJ6,0*15
\s:66,c:1782377502*41\!AIVDM,1,1,,B,1815L10v@4oUP5<B8mbWv7S<08H?,0*77
\s:66,c:1782377496*4D\!AIVDM,1,1,,A,36lL0L0Oh07@?KH1Vk1`jHg800pi,0*2A
\s:66,c:1782377500*43\!AIVDM,1,1,,A,13m;w700000I0ClQpGgPL`2T0@Gc,0*1B
\s:66,c:1782377503*40\!AIVDM,1,1,,A,1:U7UP8P00uOrW9s<l4oswwH253<,0*4F
\s:66,c:1782377497*4C\!AIVDM,1,1,,A,13ku9o@01bON9vVJl9cH8nM:0@Ee,0*12
\s:66,c:1782377497*4C\!AIVDM,1,1,,A,17ldT8OP00`=mpavdS1;<Ow82D1R,0*18
\s:66,c:1782377501*42\!AIVDM,1,1,,A,13giFq0P00vrIcJThoT>4?wB20RW,0*19
\s:66,c:1782377500*43\!AIVDM,1,1,,B,B3HkE100>ou3?v6ieE;2?wl1lD5L,0*6F
\s:66,c:1782377504*47\!AIVDM,1,1,,B,15?dVrP0AK3<1@ohP7RRR1sD0D06,0*0C
\s:66,c:1782377504*47\!AIVDM,1,1,,B,190wAT?P000OWgHE6oV80?wH253<,0*5D
\s:66,c:1782377505*46\!AIVDM,1,1,,,13bA>J8P0gOa9LdcP7baNOwL2000,0*0D
\s:66,c:1782377506*45\!AIVDM,1,1,,A,1815a2@01f0B@I<EEEqJ@`?L0D3F,0*34
\s:66,c:1782377506*45\!AIVDM,1,1,,A,18Humc0vS4Ng14:6PMR=tc;N00S=,0*63
\s:66,c:1782377502*41\!AIVDM,1,1,,A,16SfRP0P1<`rrIhC:risOOwB2D30,0*6B
\s:66,c:1782377507*44\!AIVDM,1,1,,B,13e`w0001N844Lmt3tO@shkH08KT,0*10
\s:66,c:1782377503*40\!AIVDM,1,1,,B,B5OIIa000H@cRQ6L<>wQ3wmQl000,0*5E
\s:66,c:1782377506*45\!AIVDM,1,1,,A,35O6amPPA9oRq=JCCUqBCQaJ016h,0*16
\s:66,c:1782377506*45\!AIVDM,1,1,,A,39AF37@P@d2D5SLAnQ@oW0;H0PvP,0*44
\s:66,c:1782377501*42\!AIVDM,1,1,,A,13aBK9hP00PFa=6MvHhf4?vt253<,0*4D
\s:66,c:1782377507*44\!AIVDM,1,1,,A,18HvCG004eWKShp0d97cEa3L2L9o,0*59
\s:66,c:1782377504*47\!AIVDM,1,1,,A,33eu;v5000rBBKr5GF4Ah:?<0Dg:,0*0C
\s:66,c:1782377498*43\!AIVDM,1,1,,B,B3IHBGP00?t:Rj6ltGWQ3wfUl000,0*0D
\s:66,c:1782377504*47\!AIVDM,1,1,,,152iqN0vBVb0pu0CC3G6gUSB0000,0*53
\s:66,c:1782377507*44\!AIVDM,1,1,,B,35@fRH5000RveUFH7ewoiBsP0Dab,0*35
\s:66,c:1782377507*44\!AIVDM,1,1,,B,33aJHnEP00PBed2MfMUf4?wNRDCr,0*5C
\s:66,c:1782377507*44\!AIVDM,1,1,,A,13`jDq0P0vPL7bjMbbe45wwN2HKk,0*23
\s:66,c:1782377507*44\!AIVDM,1,1,,A,13HNvh0P21wpF@dLPbnJ:wwL2D1l,0*3D
\s:66,c:1782377508*4B\!AIVDM,1,1,,A,170GWR50033jGIT>0FkQeaiJ0P00,0*62
\s:66,c:1782377508*4B\!AIVDM,1,1,,A,10;iQCgP00StwSl>M7d92wwP20RL,0*58
\s:66,c:1782377508*4B\!AIVDM,1,1,,B,13ku<>E026MSIPkrr4hAIA;P0D05,0*29
\s:66,c:1782377503*40\!AIVDM,1,1,,A,19NS`aP02>7b>Pv;KfO6M5;H0L2l,0*55
\s:66,c:1782377497*4C\!AIVDM,1,1,,A,16:J<50014`e:>PAriJ<PJ5<00SC,0*23
\s:66,c:1782377502*41\!AIVDM,1,1,,A,B8Sa7R0081sIEeQNUda5`oP53P06,0*6D
\s:66,c:1782377501*42\!AIVDM,1,1,,B,13HVjG7P1;wmHk4L4AgKogwB053<,0*56
\g:1-2-5198964,s:66,c:1782377503*0C\!AIVDM,2,1,4,B,547wot82DunLE<dT0010U8E@000000000000000t78q::57T095RDU4m,0*3B
\g:2-2-5198964*63\!AIVDM,2,2,4,B,@00000000000000,2*53
\s:66,c:1782377502*41\!AIVDM,1,1,,A,35O6`bP000JptqVGmnJmUU?p0000,0*7E
\s:66,c:1782377501*42\!AIVDM,1,1,,A,16:JAD0PAt8eBOdAqNF5LTGF053<,0*2B
\s:66,c:1782377502*41\!AIVDM,1,1,,B,1815aVh01K`lv8pAbITV?Dm808Gu,0*73
\s:66,c:1782377504*47\!AIVDM,1,1,,A,13Ea>O8P0CP0HwdFQosW:wwH2D2M,0*76
\s:66,c:1782377501*42\!AIVDM,1,1,,B,13`omb5P16PFHGNMvstHgww@2@H0,0*4B
\s:66,c:1782377493*48\!AIVDM,1,1,,A,15T2w<001L6hPJ@3GDS24Ai00<0W,0*60
\s:66,c:1782377273*40\!AIVDM,1,1,,A,35T2w<001L6hN<T3G7Hj9Qi`05NS,0*10
\s:66,c:1782377498*43\!AIVDM,1,1,,B,160rAh@0hk3Uwj`?L4o8co;80D<O,0*39
\g:1-2-5198965,s:66,c:1782377310*09\!AIVDM,2,1,5,A,55T2w<82G?KG<DHOR20pEN1L5HDhEB2222222216H`PE;5f40Q4ip41@,0*53
\g:2-2-5198965*62\!AIVDM,2,2,5,A,QpP``8888888880,2*68
\s:66,c:1782377502*41\!AIVDM,1,1,,A,18LV`P00jL8bip:?A`Kp86M@00SF,0*69
\s:66,c:1782377504*47\!AIVDM,1,1,,B,13l@d<0tAr0CdsNGOvQHHVcF053<,0*58
\s:66,c:1782377504*47\!AIVDM,1,1,,A,402E:riwB1f=D0F;;vMwRLo008J7,0*61
\s:66,c:1782377504*47\!AIVDM,1,1,,,18Ld;v012uvecr@7<iQ6fmIB1000,0*0B
\s:66,c:1782377503*40\!AIVDM,1,1,,A,33m<:eP0000kToLU7isP001p0000,0*0D
\s:66,c:1782377503*40\!AIVDM,1,1,,A,33?sH700000eIoHN`kucO8Gp0000,0*3D
\s:66,c:1782377502*41\!AIVDM,1,1,,A,1:U8wMP000M8W9Ckn0?rbQ?F0000,0*70
\s:66,c:1782377497*4C\!AIVDM,1,1,,A,15O73g0P00oRSP2CBwMqhOw<2<1`,0*1B
\s:66,c:1782377496*4D\!AIVDM,1,1,,A,13KHUb0tjO1NjkdRHl4br`h00000,0*01
\s:66,c:1782377504*47\!AIVDM,1,1,,A,15@`?;P000WKQIr0f8@h`3:r08Ie,0*69
\s:66,c:1782377503*40\!AIVDM,1,1,,B,13`ekT0P1JPErk<Mwm;D0OwF20SP,0*51
\s:66,c:1782377504*47\!AIVDM,1,1,,A,13n9bH00000L7DBSgaS18SiD053<,0*6F
\s:66,c:1782377506*45\!AIVDM,1,1,,B,15Nu0pP001q=9M8@tMVFolQL08Ju,0*7B
\s:66,c:1782377506*45\!AIVDM,1,1,,B,B6:CC@P002;:wd4Ak78bSwv63P06,0*29
\s:66,c:1782377505*46\!AIVDM,1,1,,A,702:Ks0hv3i`,0*05
\s:66,c:1782377506*45\!AIVDM,1,1,,A,6@2:Ks0p3Aep048j=h0000000000,0*44
\s:66,c:1782377506*45\!AIVDM,1,1,,B,36:C@T001Q8hKB@Ak2ebUpWJ016A,0*65
\s:66,c:1782377507*44\!AIVDM,1,1,,A,15NC6>d000JdRMhGB12M4qcL053<,0*01
\s:66,c:1782377507*44\!AIVDM,1,1,,B,177b0G0000UeQqD3vF9ImimJ053<,0*0F
\s:66,c:1782377507*44\!AIVDM,1,1,,B,15?dajP01G8jVF0CclH0305J0<21,0*52
\s:66,c:1782377502*41\!AIVDM,1,1,,B,13cvCb5P@01>ea6G:;`<uIjL0000,0*3B
\s:66,c:1782377508*4B\!AIVDM,1,1,,A,38I06B00007KtJ>0g=WAi2QJ01Pk,0*5A
\s:66,c:1782377500*43\!AIVDM,1,1,,B,HCgmM00458tp000000000000000,2*66
\s:66,c:1782377500*43\!AIVDM,1,1,,B,HCgmM04NC=D6mS?nmpp0000H611t,0*27
\s:66,c:1782377500*43\!AIVDM,1,1,,B,13@ojLo024PF:=`Oo@dQJ19200SF,0*36
\s:66,c:1782377501*42\!AIVDM,1,1,,A,16:io`00158LrE8F3mRV3U1B053<,0*01
\s:66,c:1782377501*42\!AIVDM,1,1,,A,403t:Iivad`k``QbnPFHCv70053<,0*3C
\s:66,c:1782377498*43\!AIVDM,1,1,,A,36:BOU1000`KhP@F1FG>413<2DTb,0*11
\s:66,c:1782377501*42\!AIVDM,1,1,,A,13aFgmhP10PI92LMd=L3cwwB2@HM,0*53
\s:66,c:1782377504*47\!AIVDM,1,1,,B,13cq8J8P@j0e3mrI>vc@6mmJ053<,0*28
\s:66,c:1782377505*46\!AIVDM,1,1,,A,347>fbPOi=QbJoDQVM30=09D00MP,0*11
\s:66,c:1782377506*45\!AIVDM,1,1,,B,B3n3OpP008705?8spVgQ3wo1nDtr,0*3E
\s:66,c:1782377491*4A\!AIVDM,1,1,,B,13lrD@0vBeVfOH<3QC8rG`G00<0r,0*22
\s:66,c:1782377366*45\!AIVDM,1,1,,A,33lrD@002fVfRFD3QDwrGHFl05ES,0*1D
\s:66,c:1782377504*47\!AIVDM,1,1,,B,13l3oGhw20wS3ABKqh:1OAC<053<,0*7B
\g:1-2-5198966,s:66,c:1782377402*0E\!AIVDM,2,1,6,A,53lrD@82GaF;TP7GWS4<l60<Ln1<4v105Dht001:<;gV=5jl0WAAnVP0,0*7D
\g:2-2-5198966*61\!AIVDM,2,2,6,A,000000000000000,2*22
\s:66,c:1782377506*45\!AIVDM,1,1,,A,ENk`s@>Vh@@@@@@@@@@@@@@@@@@=8e2p7Gm?`00003vP000,2*52
\s:66,c:1782377507*44\!AIVDM,1,1,,A,138VP40026JE@jt5bdBRcR5J00S1,0*74
\s:66,c:1782377499*42\!AIVDM,1,1,,A,33MAWPh01>KW;a07M5C1f1Qp0000,0*47
\s:66,c:1782377504*47\!AIVDM,1,1,,B,133cc`0P00PCiUvMG9IK0wwJ20Sk,0*3C
\s:66,c:1782377501*42\!AIVDM,1,1,,A,139r=GP0000WtmTNI3Tc3AMD0HHK,0*5C
\s:66,c:1782377502*41\!AIVDM,1,1,,B,33mugO000BPioihQp>ptkrAD0000,0*37
\s:66,c:1782377505*46\!AIVDM,1,1,,A,19NSKHPwj>7?CU@1QtWlVCeD08JG,0*03
\s:66,c:1782377505*46\!AIVDM,1,1,,B,148G7m0000QPm>0OnIp2F:QD00S5,0*42
\s:66,c:1782377498*43\!AIVDM,1,1,,B,83aL>JPj2d<v<<<=<@G0E@OU0000,0*44
\s:66,c:1782377505*46\!AIVDM,1,1,,B,19A>kBhP00RCp3vApcALD?wH2@J`,0*24
\s:66,c:1782377502*41\!AIVDM,1,1,,A,13mWQ>7000PuugBVtma8C6O:1d0o,0*1F
\s:66,c:1782377502*41\!AIVDM,1,1,,B,13mGTr01P0PPiBPSqN@Q;qKD0@I6,0*06
\s:66,c:1782377502*41\!AIVDM,1,1,,A,15T3RF001oQet;vEJ?l8;Fa@1H6?,0*4A
\s:66,c:1782377507*44\!AIVDM,1,1,,A,19ACI5c0002D2a@Ao@1P:hCJ0<2C,0*4F
\s:66,c:1782377504*47\!AIVDM,1,1,,A,33b6Nr700j0;iV<N5dS;g9SH01uh,0*35
\s:66,c:1782377502*41\!AIVDM,1,1,,A,13mSmG7P00Qo9RN`WVo>4?wB253<,0*4A
\s:66,c:1782377506*45\!AIVDM,1,1,,A,403t>UQuJl`ke`j0@hATunW0053<,0*13
\s:66,c:1782377504*47\!AIVDM,1,1,,,13Il7U002:8;lSb877EikQMD0000,0*53
\s:66,c:1782377496*4D\!AIVDM,1,1,,B,16U4K>0wj>6hoH63F1l`oo140L0h,0*03
\s:66,c:1782377387*4A\!AIVDM,1,1,,B,36U4K>0wB>6hprL3F=F`o71L07Sk,0*6B
\g:1-2-5198967,s:66,c:1782377507*0B\!AIVDM,2,1,7,B,57tChTl24CiWULA;F20hTp5F3J222222222222167h=995e908kFD1mH,0*17
\g:2-2-5198967*60\!AIVDM,2,2,7,B,888888888888880,2*20
\g:1-2-5198968,s:66,c:1782377439*08\!AIVDM,2,1,8,B,56U4K>82GN5@CQIB221Hj098TLQB22222222221@S`hVF6440KTiljCc,0*23
\g:2-2-5198968*6F\!AIVDM,2,2,8,B,OUDhlT888888880,2*21
\s:66,c:1782377507*44\!AIVDM,1,1,,B,35VnGb5000PdDDF2D72EviiL0DT:,0*5F
\s:66,c:1782377506*45\!AIVDM,1,1,,B,14b<2r0PAI`jI0@CRICf2@7L2@K9,0*11
\s:66,c:1782377504*47\!AIVDM,1,1,,A,15N9WD0000JRi1HE55`:eViJ2@J0,0*49
\s:66,c:1782377508*4B\!AIVDM,1,1,,B,142OeCPwA4QvM3PGIfDbN`MN08L3,0*34
\s:66,c:1782377507*44\!AIVDM,1,1,,A,1kaFgiPP000Ofs2NQ22c0Ov1uwww,0*4B
\s:66,c:1782377507*44\!AIVDM,1,1,,B,15O?HFP040o?uA2EWjRv3P1L053<,0*25
\s:66,c:1782377508*4B\!AIVDM,1,1,,B,33b6Nr700i0;iTNN5d`skqSP00t@,0*4A
\s:66,c:1782377502*41\!AIVDM,1,1,,B,B3aNanh0005sUL7Rq1kIowlUh000,0*0D
\s:66,c:1782377500*43\!AIVDM,1,1,,B,13cj2700280gcf8FcbDp7nI>053<,0*1C
\s:66,c:1782377503*40\!AIVDM,1,1,,B,1388N<001H1e:1udCveSDRc@0<0F,0*2E
\s:66,c:1782377500*43\!AIVDM,1,1,,A,13P<4D@02Twiq3rQe`cIGoQ<0000,0*3B
\s:66,c:1782377502*41\!AIVDM,1,1,,A,13q7bR001`PgfkPO<Og2Nj1D0PSJ,0*28
\s:66,c:1782377503*40\!AIVDM,1,1,,A,404k11Avad`kb:kOcwjJfro008I<,0*3A
\s:66,c:1782377502*41\!AIVDM,1,1,,A,35NB?sP01CJB5R8Bm;gIpWkp0000,0*23
\s:66,c:1782377504*47\!AIVDM,1,1,,A,H3F>6u4TFC@D0bs00000000P311<,0*79
\s:66,c:1782377506*45\!AIVDM,1,1,,B,16:9hV0P08`Vc6hDRVd2`gwJ2D5e,0*76
\s:66,c:1782377502*41\!AIVDM,1,1,,B,13mCci7P00Qu8KB`V9i00?wB2HHI,0*66
\s:66,c:1782377506*45\!AIVDM,1,1,,B,142LdK001DQuqJVGJ49St3AH0l1L,0*71
\s:66,c:1782377506*45\!AIVDM,1,1,,B,19wsi900?w00;WN3<s1f45cL00Rl,0*28
\s:66,c:1782377505*46\!AIVDM,1,1,,A,13aK`GOP00PGCfDNOgi@0?wJ253<,0*35
\s:66,c:1782377503*40\!AIVDM,1,1,,A,28SNl`P0?wWb>v>5tNNf40uB28Ha,0*61
\g:1-2-5198969,s:66,c:1782377507*05\!AIVDM,2,1,9,A,5C=5fp02?CH3TP7CW?QH4hhF05aaE9862222221IBhQ8H5cfNC40H0S0,0*24
\g:2-2-5198969*6E\!AIVDM,2,2,9,A,`88888888888880,2*75
\s:66,c:1782377504*47\!AIVDM,1,1,,A,15?d`Q@01=2ng>IuVgJ7nVAD08Io,0*52
\s:66,c:1782377506*45\!AIVDM,1,1,,A,17ld=G0P02WL:Kt0ccM2=?wL2<7J,0*2B
\s:66,c:1782377506*45\!AIVDM,1,1,,A,19NSb`02BVviJ0d=<Jop>nUF053<,0*3B
\s:66,c:1782377508*4B\!AIVDM,1,1,,A,ENk`sDtJh@@@@@@@@@@@@@@@@@@=5gws8dTth00003vP000,2*1F
\s:66,c:1782377504*47\!AIVDM,1,1,,A,16:ueL300b8k0AHCHT6MjK=H0<2T,0*66
\s:66,c:1782377503*40\!AIVDM,1,1,,A,13lCOp000COfF9B2i0E3bpSF08I8,0*30
\s:66,c:1782377508*4B\!AIVDM,1,1,,B,16:bbQ1P10`Vs<hBCS;99?wN28L0,0*21
\s:66,c:1782377507*44\!AIVDM,1,1,,A,13aIkK?P14PGE;jN2=E4jgwN28Km,0*6D
\s:66,c:1782377508*4B\!AIVDM,1,1,,A,403t:k1vad`kf8`O;DEgACR00<7S,0*59
\s:66,c:1782377497*4C\!AIVDM,1,1,,A,339etE90000eLonN`5GElTcp0000,0*68
\s:66,c:1782377494*4F\!AIVDM,1,1,,A,13L?Jp00001QtTpRUFIIB7N00000,0*17
\s:66,c:1782377500*43\!AIVDM,1,1,,A,13LBc:00001PCRTRRDNPWc000000,0*39
\s:66,c:1782377504*47\!AIVDM,1,1,,A,16lHMp0P007Jkkv0gn:qugw<053<,0*72
\s:66,c:1782377498*43\!AIVDM,1,1,,A,B3@pSd@007gu7paCid9qLek43P06,0*06
\s:66,c:1782377498*43\!AIVDM,1,1,,A,H3@pSdDU0000000H@8ppmi000000,0*4F
\s:66,c:1782377504*47\!AIVDM,1,1,,A,13`vB;hP0RPGS4BNPPma=wwH2<3P,0*79
\s:66,c:1782377502*41\!AIVDM,1,1,,B,401u;wQvad`k`0Bl7TLpUbOP28Gm,0*29
\s:66,c:1782377504*47\!AIVDM,1,1,,A,B5OGJfP005krVDVlP=oQ3wn1jDWb,0*72
\s:66,c:1782377505*46\!AIVDM,1,1,,A,16KSn00wAcresEvG9s3KPa?<0HJg,0*47
\s:66,c:1782377497*4C\!AIVDM,1,1,,A,13njGn01il`fS?r?@>apnFu000SO,0*34
\s:66,c:1782377503*40\!AIVDM,1,1,,A,13`ilt5000PDvgBN1=lp23iD0<4i,0*54
\s:66,c:1782377498*43\!AIVDM,1,1,,A,17tCgG@P01WIwU>0iofN4?w:2D5E,0*7A
\g:1-2-5198970,s:66,c:1782377497*05\!AIVDM,2,1,0,A,53mewc800000hKGGWL18E<=DF37GV0DhT5<0000k185225=P00800000,0*23
\g:2-2-5198970*66\!AIVDM,2,2,0,A,000000000000000,2*24
\s:66,c:1782377504*47\!AIVDM,1,1,,B,13Fs4>0000OVjAPDR=kTRPqH0HIp,0*14
\s:66,c:1782377501*42\!AIVDM,1,1,,A,ENo6GV<Q7dPh1Pa:0SRW0hIH@@@=C9ga2u:mP1088;v010,4*5E
\s:66,c:1782377505*46\!AIVDM,1,1,,A,B39UhHP000;9qOWOj@gQ3wn1jDV:,0*1A
\s:66,c:1782377499*42\!AIVDM,1,1,,A,18wt:j0022SbD6B?i;VV2lo<0<;I,0*63
\s:66,c:1782377504*47\!AIVDM,1,1,,A,13aFfe0P00PDTO0Me2TN4?wH2@Iv,0*26
\s:66,c:1782377501*42\!AIVDM,1,1,,B,13aENWhP0uPEoEDMwF@MQwwB2@HE,0*01
\s:66,c:1782377501*42\!AIVDM,1,1,,A,13aEP7@P1?PG8orMvEKcHwwB2<7;,0*15
\s:66,c:1782377505*46\!AIVDM,1,1,,A,15O7MSc00trR7jhE9bU5Bl?H08Je,0*46
\s:66,c:1782377506*45\!AIVDM,1,1,2,A,13o30H5P0p0jO<RUCM1DM4MH0hJq,0*5D
\s:66,c:1782377506*45\!AIVDM,1,1,,A,19NSJa001t1Ei`RG3CLtnbGJ0000,0*7C
\s:66,c:1782377508*4B\!AIVDM,1,1,,B,13csDa00000qkmdDD?51F1=N053<,0*04
\s:66,c:1782377508*4B\!AIVDM,1,1,,A,B3cr5RP0H8;@fE6CUGIU7wp1lL0Q,0*52
\s:66,c:1782377503*40\!AIVDM,1,1,,B,18Ijdp001`WPgSL1dOe`0VEB00RC,0*5A
\s:66,c:1782377502*41\!AIVDM,1,1,,A,13aEQuOP00PF>PHNFOM@0?wD28HW,0*68
\s:66,c:1782377502*41\!AIVDM,1,1,,B,13V@9B0w0042>QJ>L@>VvSQ>0@HT,0*52
\s:66,c:1782377445*43\!AIVDM,1,1,,B,H3@oTUiUHtppD00000000000000,2*36
\s:66,c:1782377503*40\!AIVDM,1,1,,B,H3@oTUlT7B=4011H@1qkoo009034,0*29
\s:66,c:1782377501*42\!AIVDM,1,1,,A,15MgtdPP00oRVIhCCJbbtgwB2<23,0*31
\s:66,c:1782377501*42\!AIVDM,1,1,,B,16:>g28P01`d<:hAt`Ef4?wD2HHo,0*63
\s:66,c:1782377504*47\!AIVDM,1,1,,A,15NU<N0000JqPIvGgJjakc1H00SM,0*11
\s:66,c:1782377499*42\!AIVDM,1,1,,B,33l3p3E000JVEKl5rTnI>;?<0E1b,0*26
\s:66,c:1782377504*47\!AIVDM,1,1,,A,19NSo<h01V7Fvpt0tu2cE95H053<,0*37
\s:66,c:1782377505*46\!AIVDM,1,1,,A,1kaFe?0P000OhI`NQ0iU4wv1uwww,0*4A
\s:66,c:1782377502*41\!AIVDM,1,1,,A,13n4kG000pPj4OjQpD`UqTiE0HI5,0*64
\s:66,c:1782377505*46\!AIVDM,1,1,,A,B4eJduh020H;6s5Nvk0kkwn1jEhP,0*6B
\s:66,c:1782377502*41\!AIVDM,1,1,,A,33GNII0=@0Ot2:PEO`G>1c?p0000,0*3F
\s:66,c:1782377505*46\!AIVDM,1,1,,A,18I7f60u2;`i2>8@vFWkok1>0D6J,0*3F
\s:66,c:1782377501*42\!AIVDM,1,1,,A,35?dNThPAO<PL:5bwGG81V=>02:0,0*39
\s:66,c:1782377503*40\!AIVDM,1,1,,B,1;230h0000OH06vH:Nm003cD053<,0*4E
\s:66,c:1782377506*45\!AIVDM,1,1,,A,18RGbS00010mq4quBRMn7DsN053<,0*61
\s:66,c:1782377506*45\!AIVDM,1,1,,A,13bWwL0P00P@p4tMRAm00?wL2HKK,0*27
\s:66,c:1782377504*47\!AIVDM,1,1,,A,13AS0d000208BDnGAl8;KQMH0@J2,0*7E
\s:66,c:1782377504*47\!AIVDM,1,1,,B,13crtK3P01Pw1K@J7<mdsOwJ28Iq,0*0D
\s:66,c:1782377504*47\!AIVDM,1,1,,A,19NSWgh0067Kf3T0fqukeS6d0D;I,0*7B
\s:66,c:1782377503*40\!AIVDM,1,1,,A,13m`ni00001@q?4Wjflu3bmP0pI;,0*39
\s:66,c:1782377506*45\!AIVDM,1,1,,A,34QsEBE000JVF<N5r:D:U8KJ0DfJ,0*6E
\s:66,c:1782377501*42\!AIVDM,1,1,,B,15?dfo0viT0Ch;TNhGJB71UB0D0h,0*28
\s:66,c:1782377502*41\!AIVDM,1,1,,B,13L?dag0001VN<DRTa4v4?v00000,0*3F
\s:66,c:1782377505*46\!AIVDM,1,1,,B,1815MDP0j0vdgt:7?2;v2P3H08Jd,0*68
\s:66,c:1782377506*45\!AIVDM,1,1,,B,14`Uw3Pv2VH`>PJ6LaBCq39H0D00,0*42
\s:66,c:1782377505*46\!AIVDM,1,1,,B,19NSd6P1RDPJRmjNg8LIsGqF0HJc,0*1C
\s:66,c:1782377507*44\!AIVDM,1,1,,B,13kt;d002r9mdN`BkvfRn2AJ053<,0*0F
\s:66,c:1782377507*44\!AIVDM,1,1,,A,18Hrwh`03T7KOW>0dH4bi`SN0<<P,0*59
\s:66,c:1782377506*45\!AIVDM,1,1,,,13aDp80P?w<tSF0l4Q@>4?wvPPSW,0*34
\s:66,c:1782377508*4B\!AIVDM,1,1,,A,13Jmvl00158aoOvDMs4<F9`F00Rg,0*0C
\s:66,c:1782377507*44\!AIVDM,1,1,,B,17tKg<h01v7J0QJ0d48KOq?J0L>v,0*62
\s:66,c:1782377508*4B\!AIVDM,1,1,,A,13b5@j6P010ANBFMrqk6mgwL08L>,0*5D
\s:66,c:1782377500*43\!AIVDM,1,1,,A,37mRNQAP0DWISSJ0amtD`gw<2De8,0*58
\s:66,c:1782377500*43\!AIVDM,1,1,,A,4h1vGSAvad`k`20wGvHmULQ02HG`,0*34
\s:66,c:1782377503*40\!AIVDM,1,1,,A,18uJvH7P001DFfSdVFNcR?wF00S1,0*28
\s:66,c:1782377502*41\!AIVDM,1,1,,B,13aJHJHP170GhNDNQO4p@wwD0D1b,0*32
\s:66,c:1782377501*42\!AIVDM,1,1,,B,18I4ha022M6@6823ECcCBBW>0<0@,0*6F
\s:66,c:1782376986*40\!AIVDM,1,1,,B,33o6Tl50007KAcN0mc=<7@r<0E1r,0*61
\s:66,c:1782377499*42\!AIVDM,1,1,,B,35?d`OQ00:`jOov@qrUR>imp0P00,0*0E
\s:66,c:1782377504*47\!AIVDM,1,1,,B,405flc1vad`kc2BsvWgQL3g020S:,0*00
\s:66,c:1782377442*44\!AIVDM,1,1,,B,18I1Kh021o6gW?t2wKniNQ9600SD,0*68
\s:66,c:1782377499*42\!AIVDM,1,1,,A,338QKn00001i4p<GEJJB>Qkp0000,0*7E
\s:66,c:1782377504*47\!AIVDM,1,1,,A,18;:9K00018aRH:8GVBEpG9F00SH,0*59
\s:66,c:1782377504*47\!AIVDM,1,1,,B,13l3p:@0iVP?1NlMVKbnBE;D0000,0*25
\s:66,c:1782377503*40\!AIVDM,1,1,,A,16:?nh5000`f;3<AEb:=a3s@2hIJ,0*4C
\s:66,c:1782376984*42\!AIVDM,1,1,,A,69t6VF@000cl8DnF9I=B7`HH0000,0*08
\s:66,c:1782377498*43\!AIVDM,1,1,,A,36:df6AP0i`d8ULAwKRdP?wp0000,0*63
\s:66,c:1782377504*47\!AIVDM,1,1,,A,B3Ie5<00AH1k5R7DQvfUJ<F1l@Iw,0*32
\s:66,c:1782377504*47\!AIVDM,1,1,,,13MD1dwP01wS`SRNq2:N4?wD2000,0*19
\s:66,c:1782377497*4C\!AIVDM,1,1,,A,13KONV00001R:b8RvQGK2@J00000,0*4A
\s:66,c:1782377501*42\!AIVDM,1,1,,A,13aDCn@000Pe`rNN`9`tkHE@P8H?,0*0F
\s:66,c:1782377502*41\!AIVDM,1,1,,B,13IdFD301VP0a<8LC@vs6puF00T3,0*31
\s:66,c:1782377502*41\!AIVDM,1,1,,B,19NSg`0uP38:HMN<iwJRS:aB053<,0*22
\s:66,c:1782377505*46\!AIVDM,1,1,,A,16:?J7P0027rD4p9v6u:iFgJ0HJ=,0*45
\s:66,c:1782377502*41\!AIVDM,1,1,,B,139ISLPP00PfTB4O9=pN4?wD2<1W,0*79
\s:66,c:1782377496*4D\!AIVDM,1,1,,,B7fu>R00037wDcJffFerDGB1T000,0*06
\s:66,c:1782377505*46\!AIVDM,1,1,,B,C6:4VDP002;Pe:TCLR6=Gwv08NL?0@2L?1ed00000000J1h632PP,0*4E
\s:66,c:1782377497*4C\!AIVDM,1,1,,B,B5NWW<P00=krd:VlRV`8CwjUoP06,0*5E
\s:66,c:1782377506*45\!AIVDM,1,1,,A,13mSSI0P001o9Kl`W`Vh0?wJ0L0;,0*0C
\s:66,c:1782377506*45\!AIVDM,1,1,,B,13KONV00001R:bHRvQHK2@L00000,0*30
\s:66,c:1782377505*46\!AIVDM,1,1,,B,B6lHiJ00?In`C30;JOeLGwn2T63<,0*78
\s:66,c:1782377504*47\!AIVDM,1,1,,B,19C7At0til4ve1p<tGgc;a1H053<,0*69
\s:66,c:1782377501*42\!AIVDM,1,1,,A,19NSoi000v8eR6LA?ioVm59D08H<,0*71
\s:66,c:1782377502*41\!AIVDM,1,1,,A,B3Hvm9P000Ce`u5jV<vir>643P06,0*6F
\s:66,c:1782377501*42\!AIVDM,1,1,,B,13aB:3`P00PG<fNMtEEIUgwD28HG,0*4A
\s:66,c:1782377506*45\!AIVDM,1,1,,B,19NS`n02AMJalWf6aCbqd7mL0L0g,0*18
\s:66,c:1782377502*41\!AIVDM,1,1,,A,39NSWLh0237s3pj91=K0ePK@073k,0*31
\s:66,c:1782377503*40\!AIVDM,1,1,,A,13m=`b0P00Pt8TLVpCs>4?wB2HHc,0*55
\s:66,c:1782377503*40\!AIVDM,1,1,,B,13KO<:00001`p:0R>@wkOlt00000,0*59
\s:66,c:1782377506*45\!AIVDM,1,1,,B,17m:1g803>WD5@F13JWFKm;H0@K7,0*07
\s:66,c:1782377507*44\!AIVDM,1,1,,A,15NW<Sg000JA@L<>s9Gto@7N053<,0*23
\s:66,c:1782377507*44\!AIVDM,1,1,,B,17lcj:H0008KNLswFS::<6GB00SE,0*7D
\s:66,c:1782377503*40\!AIVDM,1,1,,A,B3nC9;000P@NR99`646L=tv00000,0*53
\s:66,c:1782377504*47\!AIVDM,1,1,,,B3`dfV@0086TnhWQc43Q3wmQl000,0*29
\s:66,c:1782377506*45\!AIVDM,1,1,,B,13l3n6E01C0<frNFQQP<59eL2HK1,0*7E
\s:66,c:1782377506*45\!AIVDM,1,1,,A,13ku9V@02IvlF18>6m;8RVoH853<,0*4C
\s:66,c:1782377508*4B\!AIVDM,1,1,,A,39cpnu10007O?O<15`e9FUON0Ddb,0*49
\s:66,c:1782377507*44\!AIVDM,1,1,,A,16:Ej`PP1>8;S3V<pPr=LGML20S?,0*59
\s:66,c:1782377502*41\!AIVDM,1,1,,,17liceA0009PW9CvbCm0gAwF0000,0*4A
\s:66,c:1782377501*42\!AIVDM,1,1,,A,402E;8Avad`kaPC?2jNSa6O0253<,0*47
\s:66,c:1782377503*40\!AIVDM,1,1,,A,169AQEPP008fa0hARJl0@gwB0DD;,0*36
\s:66,c:1782377503*40\!AIVDM,1,1,,A,16K2k6P02IawSqVD1577<5mB08I@,0*1B
\s:66,c:1782377503*40\!AIVDM,1,1,,B,19NScf@021WLC>t0f?V:?8=D053<,0*25
\s:66,c:1782377499*42\!AIVDM,1,1,,B,ENl5A0t9T2W@9T:Th70W@54RhHpDEsAc90bD800003v010,4*75
\s:66,c:1782377502*41\!AIVDM,1,1,,B,13aDCd0016PFIopMvaa=E:S@053<,0*02
\s:66,c:1782377500*43\!AIVDM,1,1,,B,13B1Mr700UPMPEPNffs:66,0*62
\g:1-2-5198971,s:66,c:1782377497*04\!AIVDM,2,1,1,A,59t6QrT2<ufKTiG;7;EE84j222222222222222164qo6D5af0BSFH42i,0*4F
\g:2-2-5198971*67\!AIVDM,2,2,1,A,p88888888888880,2*6D
\s:66,c:1782377504*47\!AIVDM,1,1,,B,13Eeck7P0NP@2tjH;U9VlwwFR<01,0*26
\s:66,c:1782377504*47\!AIVDM,1,1,,A,13Ea4cWP00vh=Bh8IbeTsgwF2<1w,0*16
\s:66,c:1782377503*40\!AIVDM,1,1,,B,B:p;tP00DFaQ3KQNPHT`Own1hD0f,0*56
\s:66,c:1782377499*42\!AIVDM,1,1,,A,17mFA<PP008RuOau?Ua2Vww<2<0=,0*62
\s:66,c:1782377503*40\!AIVDM,1,1,,B,15?dU=P0072O7c`@Vb>GFk7H0HIG,0*15
\s:66,c:1782377506*45\!AIVDM,1,1,,B,13ku<:h1Ak8jREHAGnKDrSkL053<,0*2A
\s:66,c:1782377506*45\!AIVDM,1,1,,A,15?den@v2AM2PQ;wP@jKnaWH0D02,0*52
\s:66,c:1782377503*40\!AIVDM,1,1,,A,137SO0002jOwtCLLrkLb7`9D0<R7,0*1C
\s:66,c:1782377506*45\!AIVDM,1,1,,A,18K988?Oh97JAOP0f26s=BmN08K6,0*57
\s:66,c:1782377504*47\!AIVDM,1,1,,A,B6:CL5P00J;eR=4Acv5JCwmVSP06,0*6C
\s:66,c:1782377504*47\!AIVDM,1,1,,A,13`e>phOh2PDCwjMdoiiiioH28Iw,0*0D
\g:1-2-5198972,s:66,c:1782377507*0F\!AIVDM,2,1,2,A,53L>Rj82<8Rht`UR220lU=A84j222222222222162R5@45dUN>ihR4Us,0*7C
\g:2-2-5198972*64\!AIVDM,2,2,2,A,CS4U3H888888880,2*2C
\s:66,c:1782377507*44\!AIVDM,1,1,,B,15VH6:0P0JRmLEAuco2ChwwN053<,0*7A
\s:66,c:1782377507*44\!AIVDM,1,1,,B,16:65oPP1i88D1h=0T7tlgwL0D5u,0*2F
\s:66,c:1782377506*45\!AIVDM,1,1,,A,15CSsh001mPgh1dH0r6m8D9J0000,0*21
\s:66,c:1782377506*45\!AIVDM,1,1,,A,28SJMbP000Waot462eaVt5SL2PS7,0*6D
\s:66,c:1782377499*42\!AIVDM,1,1,,A,14eH07@000o<T0jL=l>J4A1>00SO,0*2B
\s:66,c:1782377505*46\!AIVDM,1,1,,B,D02<He0VPB?a6DE6D0,4*29
\s:66,c:1782377507*44\!AIVDM,1,1,,,13mOCL001bvhqAPV4JFS?jaJ2P00,0*44
\s:66,c:1782377504*47\!AIVDM,1,1,,A,133lkuP000PCiH`MG;T=?bIH0HJ?,0*5E
\s:66,c:1782377506*45\!AIVDM,1,1,,,13e>vt031R7?PD@1`LH7i6GJ8000,0*38
\s:66,c:1782377506*45\!AIVDM,1,1,,A,13S7rw0P00Q;4NBHreuf4?wL2<0v,0*43
\s:66,c:1782377508*4B\!AIVDM,1,1,,B,13UQJb0P00Qd>FHEeTjcugwN053<,0*32
\s:66,c:1782377503*40\!AIVDM,1,1,,A,16:uiF001I8Ls2@F0A?BE1kH0<=?,0*5F
\s:66,c:1782377508*4B\!AIVDM,1,1,,B,14Rs>5001S4NTQ8;rOn5PTeL0<0i,0*0A
\s:66,c:1782377508*4B\!AIVDM,1,1,,A,B6<fbgh02b:CCs3cAjVLkwoVSP06,0*0D
\s:66,c:1782377503*40\!AIVDM,1,1,,B,15NuTFP000GRohrCDfhuJSCB053<,0*66
\s:66,c:1782377503*40\!AIVDM,1,1,,B,33bump0u2PP?1=BMVM1V3luF00Sh,0*4F
\s:66,c:1782377500*43\!AIVDM,1,1,,A,HCglfr0MDLL60U>3K<000000000,2*10
\s:66,c:1782377500*43\!AIVDM,1,1,,A,HCglfr4NDBE5847nhik0000H5110,0*4C
\s:66,c:1782377507*44\!AIVDM,1,1,,A,18VRSf0Oh5SdquN>qSCbbbEN08KV,0*62
\s:66,c:1782377499*42\!AIVDM,1,1,,B,B6:IBCP0@2;C>P4B?Qh;gwv63P06,0*59
\s:66,c:1782377502*41\!AIVDM,1,1,,B,16:IBCU011`e<rLA8vE@f?wB0000,0*54
\s:66,c:1782377506*45\!AIVDM,1,1,,B,13K3ef002MOIi3FJ7ER`8nWJ00SN,0*65
\s:66,c:1782377506*45\!AIVDM,1,1,,B,169D;J0P00`g;3hA>kMf4?wJ08Jr,0*10
\s:66,c:1782377502*41\!AIVDM,1,1,,A,ENkaRfNT4h@@@@@@@@@@@@@@@@@<m@ft8WrBP00003vP000,2*3E
\s:66,c:1782377506*45\!AIVDM,1,1,,,17ldN6EP007L`1F0UeNPm?wL0000,0*1F
\s:66,c:1782377501*42\!AIVDM,1,1,,B,B5NTv;000=qn;FTcVQ4qgwlUl000,0*6A
\s:66,c:1782377505*46\!AIVDM,1,1,,A,13m>=JP000Pg?S4Thl`9D3oF053<,0*52
\s:66,c:1782377507*44\!AIVDM,1,1,,A,16:fqb?P12`8S7J<v>1dmgwN2HKp,0*27
\s:66,c:1782377504*47\!AIVDM,1,1,,A,18I<kO00k;7u<Ev9e3ahj0aH00S5,0*10
\s:66,c:1782377501*42\!AIVDM,1,1,,A,18Jg?p0005`9JO@<R<e1f43>0L9Q,0*19
