\s:66,c:1782377510*42\!AIVDM,1,1,,A,37P1gk0PAo:lEdgdWer@20;R00v@,0*28
\g:1-2-5199667,s:66,c:1782377430*00\!AIVDM,2,1,7,A,56:Gj;42>luh955F221`PtpN0hT4r1<P4r1@uF16<HI4@1dm0A4i846U,0*66
\g:2-2-5199667*6E\!AIVDM,2,2,7,A,H88888888888880,2*53
\s:66,c:1782377514*46\!AIVDM,1,1,,A,169@0HP0028gRGhAnNvcLBgb0<00,0*13
\s:66,c:1782377501*42\!AIVDM,1,1,,A,B69I4S00?at0vdS5bTp1Owk6SP06,0*3C
\s:66,c:1782377309*4C\!AIVDM,1,1,,A,C69I4S00<At0rU35WKcLOwv0>bC0<2L?0jc1UUiWV000?1@7R1PP,0*09
\s:66,c:1782377513*41\!AIVDM,1,1,,B,36:85QUP01`N?JDFBKbJ:wwd2Dr:,0*5A
\g:1-2-5199668,s:66,c:1782377304*0F\!AIVDM,2,1,8,B,59@>kj828:apCH7?K?P59@4l00000000000000163PI55w9b0:5CCH4@,0*45
\g:2-2-5199668*61\!AIVDM,2,2,8,B,DlP000000000000,2*67
\s:66,c:1782377514*46\!AIVDM,1,1,,A,16:D2VSP00`fiPhA@@4>4?wb2LHG,0*4B
\s:66,c:1782377499*42\!AIVDM,1,1,,B,170nL<0P01T205@>ILwo7gw80D4a,0*52
\s:66,c:1782377459*4E\!AIVDM,1,1,,B,170Muj0P00T1wi@>IOrf4?wn2D3f,0*07
\s:66,c:1782377515*47\!AIVDM,1,1,,A,342ORi@P@72mKwKucpRCL1Q`00iP,0*2A
\s:66,c:1782377516*44\!AIVDM,1,1,,A,7>oi5TiRMpD`,0*6A
\s:66,c:1782377515*47\!AIVDM,1,1,,A,1815>r@01rJ?OubB?Kd;M9=h0<0P,0*5D
\s:66,c:1782377508*4B\!AIVDM,1,1,,A,13MoaF001GOnnDPLqK32CQqP0@LS,0*27
\s:66,c:1782377514*46\!AIVDM,1,1,,B,13aGsL@P00PD?QnMd0p>4?wd2@Ol,0*24
\s:66,c:1782377513*41\!AIVDM,1,1,,A,17lds4hP00WLe0b0WH=PRww`20SN,0*14
\s:66,c:1782377511*43\!AIVDM,1,1,,A,13m7oL00000J@2bQhE7C`1Q`0000,0*5F
\s:66,c:1782377509*4A\!AIVDM,1,1,,B,83aGsL@j2d<d<<Mt=hLhHgfE0000,0*57
\s:66,c:1782377516*44\!AIVDM,1,1,,B,18I<UK0vjccliaRJhlLJ9H=`053<,0*33
\s:66,c:1782377500*43\!AIVDM,1,1,,B,19@:H613Ow<tSF0l4Q@>43Ov0PSJ,0*4E
\s:66,c:1782377511*43\!AIVDM,1,1,,B,18:pQd0P0g`VBsP8FrT5H?wR2<3i,0*58
\s:66,c:1782377513*41\!AIVDM,1,1,,A,16:CoN00038KNu@F2hRdEC;b053<,0*0D
\s:66,c:1782377517*45\!AIVDM,1,1,,A,13bd<v000001h7tML=R=r8Gh8D3k,0*50
\s:66,c:1782377517*45\!AIVDM,1,1,,A,35NvLa0Oh0GRnPNCCo5CA39h0000,0*4D
\s:66,c:1782377511*43\!AIVDM,1,1,,B,13GQGumP@M0;DdPFV=KWv64l053<,0*6B
\s:66,c:1782377510*42\!AIVDM,1,1,,A,33P:Kn0Oh5P1`wVML8loiDUR00o0,0*24
\s:66,c:1782377507*44\!AIVDM,1,1,,B,13HWWp?P0b07TepNt5GKlwwN0@Kd,0*1A
\s:66,c:1782377511*43\!AIVDM,1,1,,,B5O3h8P00>`nU56;ofF7kwq5oP06,0*28
\s:66,c:1782377505*46\!AIVDM,1,1,,B,18InnP000>7UTbawc4L;qoAH08FL,0*4C
\s:66,c:1782377504*47\!AIVDM,1,1,,B,83`jgQPj2d<dt>Muf0OHOhO89dP0,0*68
\s:66,c:1782377504*47\!AIVDM,1,1,,,B7Ofv2P002B:7pMswu>13wl5mP06,0*37
\s:66,c:1782377509*4A\!AIVDM,1,1,,,B7Ofv2P00BB:7pMswu>13wnUmP06,0*25
\s:66,c:1782377505*46\!AIVDM,1,1,,A,18HsChPP3H7Kfp<0cwDr=wwJ08JJ,0*7F
\s:66,c:1782377509*4A\!AIVDM,1,1,,,13JekH12h6OQccl2c@73@TuL053<,0*74
\s:66,c:1782377511*43\!AIVDM,1,1,,B,15OHme0012re3`lGAPLBb2;`053<,0*5C
\s:66,c:1782377504*47\!AIVDM,1,1,,B,369a3I0P@E8QTLPFH<`=obKH02;P,0*4E
\s:66,c:1782377508*4B\!AIVDM,1,1,,A,13coR430010r3?DCJACIrjER0000,0*0B
\s:66,c:1782377512*40\!AIVDM,1,1,,B,18I;Li02@a`k=1BA8o>GR5cF08Nd,0*12
\s:66,c:1782377500*43\!AIVDM,1,1,,B,160V3aPP?w<tSF0l4Q@>4?wv0hGI,0*18
\s:66,c:1782377509*4A\!AIVDM,1,1,,A,B5O4vH000=oQ2n4qQ4h000N00000,0*7D
\s:66,c:1782377510*42\!AIVDM,1,1,,B,4h2E351vad`kjPEpj6NCVJg02<?V,0*33
\s:66,c:1782377508*4B\!AIVDM,1,1,,B,B52enJ@00=qnC2TcS@7K=1H1h000,0*47
\s:66,c:1782377513*41\!AIVDM,1,1,,A,13ku7C00Rk3o:vwlpDv`nG7V08O3,0*62
\s:66,c:1782377508*4B\!AIVDM,1,1,,A,13mH510P000PLeBSmaD;PwwR2@L@,0*32
\s:66,c:1782377512*40\!AIVDM,1,1,,A,16Sgh`8P009=;V<CutduPgwV0@NA,0*1A
\s:66,c:1782377510*42\!AIVDM,1,1,,A,19NSEA0w07PNlhJEJBfLfE9R053<,0*02
\s:66,c:1782377513*41\!AIVDM,1,1,,A,18I=;e0001rhaTec3S@jPDSd0HO?,0*4C
\s:66,c:1782377506*45\!AIVDM,1,1,,B,13u?dRP0001AdVPQrTb>49KJ0HJr,0*4E
\s:66,c:1782377514*46\!AIVDM,1,1,,B,146id20022PeN@<N`g9SRRof053<,0*0E
\s:66,c:1782377508*4B\!AIVDM,1,1,,A,33bmVR0Oh<0IL6dN6Bmavh;R012h,0*7B
\s:66,c:1782377500*43\!AIVDM,1,1,,B,15Q9cl000=2g7UD<8@vVHWm@00RF,0*7A
\s:66,c:1782377513*41\!AIVDM,1,1,,A,16:<m:001>`f@<@ADiEC:?w`0000,0*3D
\s:66,c:1782377514*46\!AIVDM,1,1,,A,18K;sl0P027Kwc80ff`olOwb20Ro,0*44
\s:66,c:1782377510*42\!AIVDM,1,1,,A,ENjVGRC40bSU2SV0P0000000000@B>IqB;E2000000HfMP,4*4D
\s:66,c:1782377509*4A\!AIVDM,1,1,,B,13m68MS0?w<tSF0l4Q@>41ev0U3<,0*44
\s:66,c:1782377510*42\!AIVDM,1,1,,B,18HsChPP3G7Kfg20cw8r<gwV0<:W,0*72
\s:66,c:1782377512*40\!AIVDM,1,1,,A,33aGthUP11PFJwLMvCd5dOwV2ALk,0*09
\s:66,c:1782377514*46\!AIVDM,1,1,,B,B5O38T000=pgw=4m6B7Q3ws1nDg:,0*28
\s:66,c:1782377514*46\!AIVDM,1,1,,A,23l3p1m000WarWT63>j;h17`0<3i,0*11
\s:66,c:1782377513*41\!AIVDM,1,1,,B,177h<4001t7U`gWwlavUulg`08OA,0*42
\s:66,c:1782377514*46\!AIVDM,1,1,,A,369a3I0P@@8QTL<FH<j=m:?f022P,0*27
\s:66,c:1782377515*47\!AIVDM,1,1,,,13JekH12P6OQcd>2c@6CFDu`053<,0*52
\s:66,c:1782377517*45\!AIVDM,1,1,,A,13cPdF00000Bp<tMgNNf40sh20RJ,0*36
\s:66,c:1782377514*46\!AIVDM,1,1,,A,19NSdD@P003OOD8@9eh>4?wd253<,0*16
\s:66,c:1782377516*44\!AIVDM,1,1,,B,35O4RcP01GI=21L@tLQ39RMf015P,0*7A
\s:66,c:1782377516*44\!AIVDM,1,1,,A,18L9=d500g7K2q<0eF2UO51j0<8K,0*78
\s:66,c:1782377511*43\!AIVDM,1,1,,A,H52enJDUFC@D2Dk00000001@222<,0*6A
\s:66,c:1782377516*44\!AIVDM,1,1,,A,18HsChPP3F7KfT20cvrr=gwj0@Q2,0*47
\s:66,c:1782377514*46\!AIVDM,1,1,,,B7Ofv2P002B:7pMswuJ13wq5mP06,0*5E
\s:66,c:1782377493*48\!AIVDM,1,1,,B,170>e>0P0041w@:>IjciM?w20@CG,0*4A
\s:66,c:1782377499*42\!AIVDM,1,1,,B,36oa=WE00041UsB>cO3002e<0000,0*1A
\s:66,c:1782377516*44\!AIVDM,1,1,,A,39NSR;m000OkRORMMjC=SbMp0000,0*76
\s:66,c:1782377515*47\!AIVDM,1,1,,B,ENk`sT<Hqh@@@@@@@@@@@@@@@@@=Apfd:V>r@00003vP000,2*66
\s:66,c:1782377510*42\!AIVDM,1,1,,A,19NS;Ah01nP8Wv>EPNf9ToUR0PRU,0*66
\s:66,c:1782377513*41\!AIVDM,1,1,,A,13EgaWWP05P1DNVF1hJk?wwb2<0H,0*1A
\s:66,c:1782377513*41\!AIVDM,1,1,,A,13aL>r@jPWPGaqBNP1sWPgw`2000,0*04
\s:66,c:1782377518*4A\!AIVDM,1,1,,A,19pGs87P01vh=?V8If9v4?wj253<,0*38
\s:66,c:1782377502*41\!AIVDM,1,1,,A,13`eI`hP00PFFmNMvojN4?wD28Hp,0*39
\s:66,c:1782377509*4A\!AIVDM,1,1,,A,33wkwlP01cWKNPV0cbORhB=P06QS,0*28
\s:66,c:1782377508*4B\!AIVDM,1,1,,A,13aNDV7P110=VEpNLV>mpgwP0000,0*27
\s:66,c:1782377505*46\!AIVDM,1,1,,A,35OGMF0OhsrqDNbGe:l;n9KH0000,0*37
\s:66,c:1782377509*4A\!AIVDM,1,1,,B,13AG:p002Aou8Rf=LGQm7l380@Lw,0*1F
\s:66,c:1782377505*46\!AIVDM,1,1,,A,36K2i3P01m9j:stCmuMQ5@qH00QP,0*58
\s:66,c:1782377510*42\!AIVDM,1,1,,B,13cpI9;P000e1mJI?FDM>gwR0<4<,0*2D
\g:1-2-5199669,s:66,c:1782377509*05\!AIVDM,2,1,9,B,56:<a``000008u`;D01`PtpN0PtpN3?D00000016CpG@>1f:0J1mBH4j,0*12
\g:2-2-5199669*60\!AIVDM,2,2,9,B,0CP000000000000,2*3D
\s:66,c:1782377509*4A\!AIVDM,1,1,,A,14hE0Q001oJKEvd>k:DT:SGL00RU,0*7D
\s:66,c:1782377504*47\!AIVDM,1,1,,B,13LBEw00001Uqu:RLM=R<4V00000,0*13
\s:66,c:1782377510*42\!AIVDM,1,1,,B,401uEPAvad`ki0CNF2MHfpO02HMM,0*7F
\s:66,c:1782377506*45\!AIVDM,1,1,,A,B8T9ad@0;9uuOh2;j5bb?wm73P06,0*40
\s:66,c:1782377510*42\!AIVDM,1,1,,A,E>mRtb061`@9PVbb5T2b0000000CVpKk3gMip10888q>B0,4*18
\s:66,c:1782377506*45\!AIVDM,1,1,,B,14eJVP0P5po<7=FL>0dCIwwL253<,0*5B
\s:66,c:1782377508*4B\!AIVDM,1,1,,A,1815bw001LWIq1B0`t7lbkoH0<<P,0*6E
\s:66,c:1782377511*43\!AIVDM,1,1,,A,13ldtj001@Ps?N4E1gd;1HiT0<5v,0*62
\s:66,c:1782377511*43\!AIVDM,1,1,,A,19NSJVP02GIF9`F78Km4PkOR0@Md,0*48
\g:1-2-5199670,s:66,c:1782377511*04\!AIVDM,2,1,0,A,56:6NNP000008uHsL01PTpN1TV3KST000000001?9pD=90VS0:6R0CQp,0*39
\g:2-2-5199670*68\!AIVDM,2,2,0,A,6R3m@0000000004,2*6A
\s:66,c:1782377507*44\!AIVDM,1,1,,A,13aNkn003lPE?W8N?QIGA5mH0000,0*6B
\s:66,c:1782377335*43\!AIVDM,1,1,,B,B52l1E@005knUmUJfrt03ws5kP06,0*40
\s:66,c:1782377511*43\!AIVDM,1,1,,B,13JhCR001h7V2C:2WMqHMVgV0@Mp,0*11
\s:66,c:1782377504*47\!AIVDM,1,1,,A,402IPBivad`kdveV6tUWj870053<,0*64
\s:66,c:1782377512*40\!AIVDM,1,1,,A,15>vNP002oJLmo@7tdF`:VAV0@NC,0*6A
\s:66,c:1782377447*41\!AIVDM,1,1,,A,B613jWP008ch=bSK@vudwwo6SP06,0*32
\s:66,c:1782377510*42\!AIVDM,1,1,,,13Ip`a0viRWTAqMwpkIV74mR8000,0*19
\s:66,c:1782377512*40\!AIVDM,1,1,,A,15C?3l001sNdvWb9CJ6nsUMP0@Lc,0*26
\s:66,c:1782377470*45\!AIVDM,1,1,,A,B52b6RP00=l1BeUH9QoQ3weUoP06,0*74
\s:66,c:1782377500*43\!AIVDM,1,1,,A,19NSQ:P0Qs7m05:4DOfhDP=>0D0F,0*5B
\s:66,c:1782377220*46\!AIVDM,1,1,,A,39NSQ:P01s7lwK<4CrW0D@=n04ak,0*18
\s:66,c:1782377263*41\!AIVDM,1,1,,B,13d1=w0vR@4AfB`;oJ<WlnIF0@IB,0*5E
\s:66,c:1782377226*40\!AIVDM,1,1,,B,33d1=w0vj@4AfSN;oO`Gn6H>05tk,0*50
\s:66,c:1782377505*46\!AIVDM,1,1,,A,16:4=Q0P008PNrlEjf4P0?wp00T1,0*5B
\s:66,c:1782377508*4B\!AIVDM,1,1,,B,18I076`P?w<tSF0l4Q@>4?wv0`LV,0*76
\s:66,c:1782377511*43\!AIVDM,1,1,,A,38QR40EOh1<lA1es8UL1qDOV0DVJ,0*1B
\s:66,c:1782377513*41\!AIVDM,1,1,,B,38SJ<L5000Wap<P62iHHw1Wb0PsA,0*24
\s:66,c:1782377513*41\!AIVDM,1,1,,B,13`fJAh000PBtKFMfqtf45Mb2<4u,0*30
\s:66,c:1782377510*42\!AIVDM,1,1,,B,402=aR1vad`ki00>dHM3eIgP20S:,0*21
\g:1-2-5199671,s:66,c:1782377515*01\!AIVDM,2,1,1,B,56:bvsh000022222220aDhtpN3KSSV2222222216:@7;55d80<1m@CQn,0*4B
\g:2-2-5199671*69\!AIVDM,2,2,1,B,R3mH88888888888,2*6A
\s:66,c:1782377514*46\!AIVDM,1,1,,B,19t6QeP01wPSnqlEa6Q3D2gb053<,0*04
\s:66,c:1782377501*42\!AIVDM,1,1,,A,19NSad@01sRi:Lt;tcB6GE;@08Gs,0*20
\s:66,c:1782377499*42\!AIVDM,1,1,,A,16@>gh000pRiu5B<:cT:N`Q<08Fi,0*46
\s:66,c:1782377477*42\!AIVDM,1,1,,A,36@>gh000sRiuA4<:cVbO8PR0A0=,0*72
\s:66,c:1782377470*45\!AIVDM,1,1,0,B,C>2>Nn@00itq:qQ2Ar@gPVN0hMKicJ;Wh3UaJQUSKkW:01@510RP,0*26
\s:66,c:1782377513*41\!AIVDM,1,1,,A,16:;KKP01:`LRC0>2JO7oF?<253<,0*5A
\g:1-2-5199672,s:66,c:1782377452*00\!AIVDM,2,1,2,B,56@>gh82>9ID5Dpj220`4N11E<Q062222222221@BhQ@@5dB0AThBQA8,0*05
\g:2-2-5199672*6A\!AIVDM,2,2,2,B,888888888888880,2*25
\s:66,c:1782377509*4A\!AIVDM,1,1,,A,1394J8003OwUR2HDPwUo65cP08M?,0*3E
\s:66,c:1782377509*4A\!AIVDM,1,1,,A,B7lodg000J6;4COpeBh03wp2T0S;,0*19
\s:66,c:1782377512*40\!AIVDM,1,1,,B,B7ldpVh00:6?0uOpaNi6swP4kP06,0*72
\s:66,c:1782377514*46\!AIVDM,1,1,,A,15Rci:?P03rCekV58qRf4?wd28P9,0*76
\s:66,c:1782377513*41\!AIVDM,1,1,,B,1815FT@01fwB4g0Ewr9nOEET00S=,0*29
\s:66,c:1782377516*44\!AIVDM,1,1,,A,H85M<KPDn0mE@T5840000000000,2*14
\s:66,c:1782376777*40\!AIVDM,1,1,,A,H85M<KTpC=D6oQW0000000:0DII0,0*56
\s:66,c:1782377512*40\!AIVDM,1,1,,A,34eJVP02msG<7cRL>0hkNRkp0000,0*2F
\s:66,c:1782377515*47\!AIVDM,1,1,,B,13P=kTkOh=P:9VhMliHWnCEh00Rd,0*08
\s:66,c:1782377516*44\!AIVDM,1,1,,A,177<ng00ia70gET307kDhSsd0<0R,0*02
\g:1-2-5199673,s:66,c:1782377252*07\!AIVDM,2,1,3,A,59NSQ:`2F=lPCE<cR20<j1HthL618UHE:2222216P8cND5f<0f1PCWhk,0*29
\g:2-2-5199673*6B\!AIVDM,2,2,3,A,`88888888888880,2*7F
\s:66,c:1782377515*47\!AIVDM,1,1,,A,19NSr`h4@f0e3pLI>tSP1@5b0L5g,0*09
\s:66,c:1782377512*40\!AIVDM,1,1,,A,144dOl0P?w<tSF0l4Q@>4?wp13ww,0*6C
\s:66,c:1782377513*41\!AIVDM,1,1,,A,13cdkHPP0PPrMNREIwbSkOwb2000,0*6A
\s:66,c:1782377516*44\!AIVDM,1,1,,A,13ku:K001rwgq<2De`Tk1BGb0Trp,0*29
\s:66,c:1782377516*44\!AIVDM,1,1,,A,18I<Bc002P``kfP>nnCHCnSJ0D5O,0*4B
\s:66,c:1782377516*44\!AIVDM,1,1,,B,19NSJVP02GIF9gf78KK4MkOf053<,0*30
\s:66,c:1782377516*44\!AIVDM,1,1,,B,169=02P01>8jfC`A0OjJEH9j00Re,0*2B
\s:66,c:1782377517*45\!AIVDM,1,1,,B,18SJ>D8P00WbG8f5uAhHWgwd08Q5,0*65
\s:66,c:1782377511*43\!AIVDM,1,1,,A,13aNkn003lPE?U@N?PEoA5mP0d1;,0*72
\s:66,c:1782377516*44\!AIVDM,1,1,,B,16CC0d0000SS2W`@a<wjj?wh0000,0*39
\s:66,c:1782377515*47\!AIVDM,1,1,,B,160sSj00003QPF>@<4oHN:?`0U3<,0*3C
\s:66,c:1782377516*44\!AIVDM,1,1,,A,13`h@B@P00PCH0>MKrM>4?wh2D55,0*0E
\s:66,c:1782377512*40\!AIVDM,1,1,,A,14`Uvs000:0LATHNs5L`kHWT08NQ,0*2B
\s:66,c:1782377511*43\!AIVDM,1,1,,B,BSIU33006Oth?JVublk8VMu5n000,0*43
\s:66,c:1782377517*45\!AIVDM,1,1,,B,15>vNP002jJLmkD7tcO`<6?h053<,0*33
\s:66,c:1782377490*4B\!AIVDM,1,1,,B,19@2`AR00oT4gRR>L14Fe5`r2@Ad,0*60
\s:66,c:1782377512*40\!AIVDM,1,1,,B,13P=;mh000PG2O4NBb@Ac6k`0HO0,0*2C
\s:66,c:1782377503*40\!AIVDM,1,1,,A,171Ded0P01T2076>IO1>4?wF253<,0*67
\s:66,c:1782377517*45\!AIVDM,1,1,,B,19NS34P028waI<HL4KhjSR7h0<64,0*17
\s:66,c:1782377517*45\!AIVDM,1,1,,A,15R4:08000JB=H45FP<tv7Oj0<4`,0*58
\s:66,c:1782377517*45\!AIVDM,1,1,,B,39NSr`h40e0e3pPI>te02P7h01n0,0*5B
\s:66,c:1782377515*47\!AIVDM,1,1,,B,19NSuOP01w7Nu:V0w@SGnV?`00SA,0*2A
\s:66,c:1782377516*44\!AIVDM,1,1,,B,16:RAMPP008LMal=whm4iUOd0@Ov,0*57
\s:66,c:1782377477*42\!AIVDM,1,1,,B,19NSuV@:0243=Kh>IOnlT2<H00Sr,0*7B
\s:66,c:1782377480*4A\!AIVDM,1,1,,B,39NSbvQ0h0T3T3>>2pjkI2<T0Dg:,0*66
\s:66,c:1782377513*41\!AIVDM,1,1,,A,17tNfb@P007<hp`2KtHDOgwV0<1C,0*0B
\s:66,c:1782377516*44\!AIVDM,1,1,,A,16:8B1S00`0U:j@E84=9fGqh0HPb,0*29
\s:66,c:1782377506*45\!AIVDM,1,1,,B,1p:q5?002j8W4gD7=@FMes1H0000,0*2B
\s:66,c:1782377507*44\!AIVDM,1,1,,B,168uGaPP00`dG6PAuPJ>4?wP0@Lm,0*01
\s:66,c:1782377515*47\!AIVDM,1,1,,B,13ku8`h02BwEV4TE5mKdRr1b00Rk,0*35
\s:66,c:1782377512*40\!AIVDM,1,1,,B,B3m:2CP0106M11`rgBgQ15r1nEqP,0*24
\s:66,c:1782377513*41\!AIVDM,1,1,,B,;03t?Hivad`kl``OH0?M4j700000,0*7F
\s:66,c:1782377514*46\!AIVDM,1,1,,A,33m:JGU0001Bhe@WW15qC1mp0000,0*3D
\s:66,c:1782377512*40\!AIVDM,1,1,,A,146gnn001SwMRwJJj:r86nQ`2<0T,0*16
\s:66,c:1782377478*4D\!AIVDM,1,1,,B,171KvR?P0=42qmd>QTU7Ogwp0pQg,0*61
\s:66,c:1782377512*40\!AIVDM,1,1,,B,18RB72P00=3OeAd@>SjdJIu`08Nq,0*6A
\s:66,c:1782377512*40\!AIVDM,1,1,,A,15Mqh?0P00GN36LCV4ahcgw`0L05,0*2B
\s:66,c:1782377514*46\!AIVDM,1,1,,A,B5O0fP0006L81c4F4KL000N00000,0*37
\s:66,c:1782377514*46\!AIVDM,1,1,,A,EvjMk6Acb3h474J00000000000009V56?5;U@<1QQSv000,4*6D
\s:66,c:1782377511*43\!AIVDM,1,1,,B,?9NShahsPar0D00,2*19
\s:66,c:1782377517*45\!AIVDM,1,1,,B,39u:UrPOiH7KQLp0e2=KfJ1f00u@,0*37
\s:66,c:1782377511*43\!AIVDM,1,1,,A,13Ec830P19NqSNj@4a8EmgwV2D24,0*1A
\s:66,c:1782377210*45\!AIVDM,1,1,,A,36?`BK5P01V4o?d;2HQN4?wT2DPJ,0*5D
\s:66,c:1782377517*45\!AIVDM,1,1,,A,H5O<WSP85984=D@400000000000,2*7B
\s:66,c:1782377168*49\!AIVDM,1,1,,B,H5O<WSTUCD=4`S9G4Amllm185330,0*14
\s:66,c:1782377514*46\!AIVDM,1,1,,B,13aEPv0P00P:KWFM=?dv4?wd20S0,0*51
\s:66,c:1782377517*45\!AIVDM,1,1,,A,13Su78?P00Qd5m0Ef224T?wh28QL,0*4B
\s:66,c:1782377511*43\!AIVDM,1,1,,B,15?dg1Pwj6PVI:6ER2sJQHQT08NI,0*1B
\s:66,c:1782377506*45\!AIVDM,1,1,,A,33?u4AU01H0e=h>N`a=dl:Op0000,0*44
\s:66,c:1782377507*44\!AIVDM,1,1,,A,1815?kP01sSWMvh@=OUUaTQN0dC3,0*36
\s:66,c:1782377510*42\!AIVDM,1,1,,B,13SrIfPP00Q;EptHrHC>4?wT253<,0*2D
\s:66,c:1782377510*42\!AIVDM,1,1,,B,19NSdHPuQa4Ja?itKJe1fiQR0Owu,0*10
\s:66,c:1782377509*4A\!AIVDM,1,1,,A,15N4j@01iE`g6TrAnh5KoaWP0<=E,0*0C
\s:66,c:1782377507*44\!AIVDM,1,1,,B,B3I;e;004@5edR6=HB3:Owo1VDMr,0*29
\s:66,c:1782377510*42\!AIVDM,1,1,,B,36::hnP01M8j460DWDWPG@?R003k,0*38
\s:66,c:1782377507*44\!AIVDM,1,1,,B,16=<R4002D`b?dL?DSDHDVSH0L0v,0*31
\s:66,c:1782377506*45\!AIVDM,1,1,,B,83`jEQhj2d<etdMLf@O8OSWE5t00,0*32
\g:1-2-5199674,s:66,c:1782377505*05\!AIVDM,2,1,4,B,53`jEQp000010KW?C004hU`D000000000000000U2@725t0004mS2AC0,0*5F
\g:2-2-5199674*6C\!AIVDM,2,2,4,B,CQ0000000000000,2*31
\s:66,c:1782377509*4A\!AIVDM,1,1,,A,14`MHp001l7FU;D0vDrsT9?T0<1v,0*7E
\s:66,c:1782377504*47\!AIVDM,1,1,,A,13`jEQwP00PGC3TNOi<N4?wN2<1W,0*6E
\s:66,c:1782377509*4A\!AIVDM,1,1,,A,14RjuT0OjQOU2b`Kg5KVaU9R0@M7,0*05
\s:66,c:1782377510*42\!AIVDM,1,1,,B,16:9tI0000`OHmPF:`q;mWEP00Rl,0*01
\s:66,c:1782377508*4B\!AIVDM,1,1,,A,17liW`8P0B7M4FF0Vdc=4gw:353<,0*0D
\s:66,c:1782377500*43\!AIVDM,1,1,,A,1815@D@0042t@lh9`WnlI:i@0@Gd,0*5C
\s:66,c:1782377497*4C\!AIVDM,1,1,,B,181:Lh@0052c04>=gQidiHO40L79,0*33
\s:66,c:1782377297*4A\!AIVDM,1,1,,B,160psl0009`bew2>RmNbBmrP0@:D,0*78
\s:66,c:1782377512*40\!AIVDM,1,1,,A,36:BGi8P028foI@AREuP0?wV0093,0*70
\s:66,c:1782377487*4D\!AIVDM,1,1,,A,17ljn=001nRue0r8v7sdsrFn08?d,0*3E
\s:66,c:1782377512*40\!AIVDM,1,1,,B,19NSpq@wh0`hbgPA244VTRCH0<8Q,0*4E
\s:66,c:1782377505*46\!AIVDM,1,1,,A,339aUl5P00PdIQvO4NDv4?wJ2000,0*4B
\s:66,c:1782377512*40\!AIVDM,1,1,,B,1566v<50?w<tSF0l4Q@>4;3v8PRk,0*27
\s:66,c:1782377332*44\!AIVDM,1,1,,B,B6<fuS@04b9u>>S`6M<53wqUoP06,0*5F
\s:66,c:1782377509*4A\!AIVDM,1,1,,B,13aGtD`P00PIGe<NBDL>4?wR253<,0*1A
\s:66,c:1782377512*40\!AIVDM,1,1,,A,14`Uui000swdTMjDmfQpJW=V0L2r,0*0D
\s:66,c:1782377508*4B\!AIVDM,1,1,,A,35O2=nPP00G<:?>KksEKVaCp0000,0*17
\s:66,c:1782377482*48\!AIVDM,1,1,,B,1815QPPwiq2Somr>MA1dgJ<`08<r,0*57
\s:66,c:1782377405*47\!AIVDM,1,1,,B,16:FLbPP0LWiVa@<7k6s9?v:2L0W,0*33
\s:66,c:1782377515*47\!AIVDM,1,1,,A,13`e?`@P00PI:GjMb4>f4?wH28J8,0*6F
\s:66,c:1782377515*47\!AIVDM,1,1,,B,7:5dn?1RMpD`,0*52
\s:66,c:1782377515*47\!AIVDM,1,1,,B,18HwB;0P01WJC1R0esuN4?wf20Rh,0*09
\s:66,c:1782377515*47\!AIVDM,1,1,,B,B47>Hw0000JcuA8GuEKQ3wsQjDor,0*78
\s:66,c:1782377513*41\!AIVDM,1,1,,B,B3mo0PP0B@H0?oUIWt1AowrQh000,0*50
\s:66,c:1782377484*4E\!AIVDM,1,1,,A,16:D5TP002WgOrD<C04t;7lf2@>3,0*63
\s:66,c:1782377514*46\!AIVDM,1,1,,A,19NSN3@vk0Igcm>0sFAF=Dqb0HOc,0*01
\s:66,c:1782377514*46\!AIVDM,1,1,,B,3393c@5001`VwD<BBUP::5A`0000,0*20
\s:66,c:1782377515*47\!AIVDM,1,1,,B,1696hj0OiU8jvVvDW86VwUWd0<00,0*3E
\s:66,c:1782377441*47\!AIVDM,1,1,,B,35Tmq01000T34Hb>bgEp=keB0DdJ,0*06
\s:66,c:1782377507*44\!AIVDM,1,1,,B,199I=L0P1I8ljv0AJneAOwwN053<,0*06
\s:66,c:1782377509*4A\!AIVDM,1,1,,B,15?DhB0025`k0SDAHB>o05KF253<,0*41
\s:66,c:1782377507*44\!AIVDM,1,1,,A,15O?rn0P00o@=J<EWsQPT?wN2L1h,0*5F
\s:66,c:1782377511*43\!AIVDM,1,1,,B,15?dQ5P01WNf>gL8:Mdo5UUR0HMe,0*56
\s:66,c:1782377500*43\!AIVDM,1,1,,B,144WPV002R7nqcr94SpEllc>08GV,0*33
\s:66,c:1782377511*43\!AIVDM,1,1,,B,403Ow2ivad`kkqVow@@hwJw02@Mw,0*07
\s:66,c:1782377506*45\!AIVDM,1,1,,A,33mNn900000u4opV?9=<Wb7p0000,0*1F
\s:66,c:1782377511*43\!AIVDM,1,1,,A,33`e>3mP00PCl6>MEBGN4?wV0JMh,0*52
\s:66,c:1782377505*46\!AIVDM,1,1,,B,B3IIpw00805=VF7Q:aWO?wnQl@JU,0*22
\s:66,c:1782377509*4A\!AIVDM,1,1,,A,333wjdP000PCi=8MG=hagDKR0A1S,0*64
\s:66,c:1782377505*46\!AIVDM,1,1,,A,35D@nh0whv25fiFBS>ge7bOH0E@=,0*42
\s:66,c:1782377507*44\!AIVDM,1,1,,B,H5O805TTCBD6`R0G4<qnpn0p5310,0*52
\s:66,c:1782377511*43\!AIVDM,1,1,,B,403wk7Avad`ki4wbjB<n2j?02000,0*67
\s:66,c:1782377506*45\!AIVDM,1,1,,B,H3l9Bu4UC=D4TTvq83kjin18?440,0*5F
\s:66,c:1782377511*43\!AIVDM,1,1,,B,13cVT80P2=11FP`GDndPAgwF0l3o,0*29
\s:66,c:1782377510*42\!AIVDM,1,1,,A,13aEP6E00jPD;;nMDT8c<puR08MS,0*48
\s:66,c:1782377512*40\!AIVDM,1,1,,B,402PeFQuJl`kkOH`::EFK>10053<,0*18
\s:66,c:1782377512*40\!AIVDM,1,1,,B,D02PeFPflffpIpv9H0,4*30
\g:1-2-5199675,s:66,c:1782377510*00\!AIVDM,2,1,5,A,5mO8PlT00001L@o;GWMLThB18u<D00000000000Twp04400Ht030Dm85,0*2D
\g:2-2-5199675*6D\!AIVDM,2,2,5,A,CQ85R@h00000000,2*74
\s:66,c:1782377509*4A\!AIVDM,1,1,,B,15DVaB002>7Ed`L0vkMTP3gP0D1B,0*41
\s:66,c:1782377510*42\!AIVDM,1,1,,B,4h50Ko1vad`kjWL8wp0c@G700D<P,0*14
\s:66,c:1782377510*42\!AIVDM,1,1,,B,Dh50Ko0?TN?`fpNfp0,4*18
\s:66,c:1782377511*43\!AIVDM,1,1,,A,39NSgP0tjt0fV19kjbCCMjkR00Th,0*15
\s:66,c:1782377508*4B\!AIVDM,1,1,,A,33TST4005B1hNFbEdM8D1S?p0000,0*38
\s:66,c:1782377369*4A\!AIVDM,1,1,0,B,C8T2oJP011trOS13jU0apQv086HhMga09Wikk;11111001@510RP,0*43
\s:66,c:1782377511*43\!AIVDM,1,1,,B,403sl41vad`kk`86@j=1J1G00@N?,0*5E
\s:66,c:1782377506*45\!AIVDM,1,1,,A,144WPV002R7nqh@94RuUmTcJ0HJu,0*0E
\s:66,c:1782377498*43\!AIVDM,1,1,,A,1:5ckm00?w<tSF0l4Q@>40ev0t4J,0*02
\s:66,c:1782377508*4B\!AIVDM,1,1,,B,16:::C?P008SK:`ETf;60?wN0U3@,0*14
\s:66,c:1782377509*4A\!AIVDM,1,1,,B,139QF500000Sgt0NflD2S0IV0L2b,0*1E
\s:66,c:1782377508*4B\!AIVDM,1,1,,B,13LBh`301C1RtopRA?Ib5p<00000,0*16
\s:66,c:1782377512*40\!AIVDM,1,1,,B,140UtI0P1FPA6JrMJPwDpgwV20Sv,0*05
\s:66,c:1782377512*40\!AIVDM,1,1,,B,14SaeN0001P?=c`MWw<hP;3`00St,0*4F
\s:66,c:1782377512*40\!AIVDM,1,1,,B,1815B9@00jOu2VjEK<5ATAAb00SV,0*38
\s:66,c:1782377496*4D\!AIVDM,1,1,,B,35?dLq000pRidP4<43l`JFa60UlC,0*18
\s:66,c:1782377513*41\!AIVDM,1,1,,B,13aNbNwP0KPBRkhMewCI`ww`20SK,0*74
\s:66,c:1782377333*45\!AIVDM,1,1,,A,36:Jn4Q0017h5U0<BmA:4De`0DdJ,0*21
\s:66,c:1782377513*41\!AIVDM,1,1,,A,13FJq`9000vqH;J@6dceBK?V0<2<,0*78
\s:66,c:1782377512*40\!AIVDM,1,1,,B,18SjehPP00Wat3:61sqnr?wT28O2,0*21
\s:66,c:1782377513*41\!AIVDM,1,1,,B,E>l4EuAVPh:4h54PWh000000000DCDQK:DUD810888rf00,4*06
\g:1-2-5199676,s:66,c:1782377345*05\!AIVDM,2,1,6,B,59@>jT`2G>KdCH7??7=<4lT62o6000000000001J48Q99uL;N6C@Dl@E,0*41
\g:2-2-5199676*6E\!AIVDM,2,2,6,B,000000000000000,2*21
\s:66,c:1782377514*46\!AIVDM,1,1,,A,15DVaB002>7Edh40vjuTRSgd0<1B,0*25
\s:66,c:1782377512*40\!AIVDM,1,1,,B,144WPV002R7nqkt94R=5m4cT08N>,0*53
\s:66,c:1782377512*40\!AIVDM,1,1,,B,16:4nTPP0088F58=0`c5fOw`0D4S,0*4B
\s:66,c:1782377507*44\!AIVDM,1,1,,B,169E3@h0058oh<j@7v6cdP1L0000,0*04
\s:66,c:1782377513*41\!AIVDM,1,1,,A,13ku<5@01hJl:JbJR1Q`oVuT0@O0,0*21
\s:66,c:1782377514*46\!AIVDM,1,1,,A,34n5dW5000RvdwVH7eH0035`0000,0*19
\g:1-2-5199677,s:66,c:1782377515*07\!AIVDM,2,1,7,B,53`e>3p000010W?CW01<tl98400000000000001S<8>395cF06hCU5iD,0*10
\g:2-2-5199677*6F\!AIVDM,2,2,7,B,T1C`83@DTj0C300,2*27
\s:66,c:1782377513*41\!AIVDM,1,1,,B,155VwDHP00RmSeAubiP>4?w`253<,0*25
\g:1-2-5199678,s:66,c:1782377417*0B\!AIVDM,2,1,8,B,54d5<l42=26cQ08sT00985HD000000000000001@;hD7:5a60;lj2CPD,0*65
\g:2-2-5199678*60\!AIVDM,2,2,8,B,h00000000000000,2*77
\s:66,c:1782377512*40\!AIVDM,1,1,,A,33TST4005C1hNU4EdLil43?p0000,0*61
\s:66,c:1782377511*43\!AIVDM,1,1,,B,B5O805P00N`NL25TgBv0OwqUl000,0*2C
\s:66,c:1782377512*40\!AIVDM,1,1,,A,17m@;@BP00`FV@mwDQb>4?w`053<,0*11
\s:66,c:1782377282*4E\!AIVDM,1,1,,B,39@>jTQP01T<6o>=Qsm>4?v42Dp:,0*59
\s:66,c:1782377513*41\!AIVDM,1,1,,A,17ldhHPP008FcHIwC0aQP?w`2D2i,0*75
\s:66,c:1782377515*47\!AIVDM,1,1,,B,13LBh`301D1RtdHRA?FrPHH00000,0*14
\s:66,c:1782377515*47\!AIVDM,1,1,,B,15O?rn0P00o@=JNEWsQPPOwf253<,0*5D
\s:66,c:1782377508*4B\!AIVDM,1,1,,A,ENo6gqL1ShJIh@@@@@@@@@@@@@@=C56D2vKSP1088;v010,4*03
\s:66,c:1782377511*43\!AIVDM,1,1,,A,13VUHb02@U249g6GHQq0RPOT0@N0,0*7C
\s:66,c:1782377512*40\!AIVDM,1,1,,B,16:80O0P1;`PjI:FKUjKvwwT253<,0*4F
\s:66,c:1782377486*4C\!AIVDM,1,1,,B,39@2a>j00843dlj>Cp@I9o2j0lp:,0*29
\s:66,c:1782377224*42\!AIVDM,1,1,,A,34d5<l100042pm4>9:rBSRV80lvb,0*24
\s:66,c:1782377499*42\!AIVDM,1,1,,B,1815FLP01iTDHUV=@OhUNDM80HFs,0*7C
\s:66,c:1782377420*40\!AIVDM,1,1,,B,3815FLP1QiTDGg2=@W5mOTNR006A,0*79
\s:66,c:1782377516*44\!AIVDM,1,1,,B,39NSgP0tjr0fV;Kkjb@SR2if00U0,0*53
\s:66,c:1782377511*43\!AIVDM,1,1,,A,13KGvV0P001i62JRKFPt5gw`253<,0*48
\s:66,c:1782377496*4D\!AIVDM,1,1,,A,19NST:@01t5tSwV9oILqbGg60HEM,0*7D
\s:66,c:1782377517*45\!AIVDM,1,1,,A,169E3@h0048oh<N@7v7KfP1h0000,0*2D
\s:66,c:1782377513*41\!AIVDM,1,1,,A,16;BAn001h8jPU0CJ5B=w@5V0<4j,0*0C
\s:66,c:1782377517*45\!AIVDM,1,1,,A,13:ar>002aQOEWLOqNpScBwh8hQe,0*29
\s:66,c:1782377517*45\!AIVDM,1,1,,B,19NSoJh002P;PrNGMJtMIpCj08Qs,0*0B
\s:66,c:1782377513*41\!AIVDM,1,1,,A,13aEQ5E0000F8w`MwDm<K1=dP000,0*24
\s:66,c:1782377500*43\!AIVDM,1,1,,A,13M@Cn@02ROT0HBPJtb4Q3S>000B,0*70
\s:66,c:1782377509*4A\!AIVDM,1,1,,A,339a77001OPeNLHN`k2:<HAL0123,0*4B
\s:66,c:1782377507*44\!AIVDM,1,1,,A,16:5Kk0P1B8MhShF713V`OwJ08KW,0*18
\s:66,c:1782377510*42\!AIVDM,1,1,,B,17loc0P00a7aPfOtT@46mEIV2HMb,0*6D
\s:66,c:1782377509*4A\!AIVDM,1,1,,A,16:=Vi0000`bkEFFQ1:6FrkP0D1R,0*41
\s:66,c:1782377509*4A\!AIVDM,1,1,,A,18HwBf?P007Jti@0gL8v4?wF08Is,0*26
\s:66,c:1782377505*46\!AIVDM,1,1,,A,B5OHT8000>WmQ051Go<000N00000,0*31
\s:66,c:1782377511*43\!AIVDM,1,1,,B,88I06m00G@:?>G1?6600,0*72
\s:66,c:1782377510*42\!AIVDM,1,1,,A,16SioKPP00a=SWLD3R;0IIsP2U3<,0*4E
\s:66,c:1782377510*42\!AIVDM,1,1,,B,16:Rd;P01c`aVdJ?OueHOVUP0HM0,0*6F
\s:66,c:1782377511*43\!AIVDM,1,1,,B,19NS`10wis22o=DGG<D3E2UT0L6f,0*3B
\s:66,c:1782377507*44\!AIVDM,1,1,,B,B612otP0>`q5gdSw3W;F7woQoP04,0*48
\s:66,c:1782377509*4A\!AIVDM,1,1,,A,13aJJ;PP00PBeiVMfLfN4?wR253<,0*5F
\s:66,c:1782377504*47\!AIVDM,1,1,,A,15`V?4A0?w0canPGRKRf48aH0000,0*65
\s:66,c:1782377510*42\!AIVDM,1,1,,B,403Ovv1vad`kirT3i:E15jo0253<,0*47
\s:66,c:1782377510*42\!AIVDM,1,1,,B,19NSaQP01M:u=9mhFFs8=6aR0@M?,0*23
\s:66,c:1782377510*42\!AIVDM,1,1,,B,19NSGaS000SO>dL@69Rd`pkT2D5u,0*1F
\s:66,c:1782377510*42\!AIVDM,1,1,,,13a3wDPP000En5tNCEl=e?wR053<,0*32
\s:66,c:1782377508*4B\!AIVDM,1,1,,B,19NSra01j19`JGfB>dBj;QgL0<1J,0*4D
\s:66,c:1782377399*45\!AIVDM,1,1,8,A,C8STP5001QtrP>Q3jUhdowv0Qe0HhM1ga09Wi1111cQ:00<2PQ2P,0*0C
\s:66,c:1782377506*45\!AIVDM,1,1,,B,13`lSDP01FwnwDTLUb@jiRCN20Rh,0*0A
\s:66,c:1782377413*40\!AIVDM,1,1,,A,37tKpJUP007G0rH11saUtOvF0DRr,0*40
\s:66,c:1782377490*4B\!AIVDM,1,1,,B,39NSWEi0002k4=`<@t5dnJ@v0Dt:,0*38
\s:66,c:1782377513*41\!AIVDM,1,1,,B,1771RQ401V7>V7>1UcWlN3c`08OG,0*51
\s:66,c:1782377512*40\!AIVDM,1,1,,A,16;h460vit88dp@<ohveF:aT00S6,0*7B
\s:66,c:1782377507*44\!AIVDM,1,1,,A,13c9Ov0015ws4MlLeD4BpBIL0D54,0*0B
\s:66,c:1782377237*40\!AIVDM,1,1,,B,B6:FR;0001tF@>36>l;Hwwv63P06,0*08
\s:66,c:1782377513*41\!AIVDM,1,1,,B,404IKfAvad`ki439Nr>24mWP0@MC,0*0F
\s:66,c:1782377511*43\!AIVDM,1,1,,A,1:U78I?P00uOrJ=s<mkA3?wP08Mv,0*7E
\s:66,c:1782377514*46\!AIVDM,1,1,,A,33uLlsP0001GfB2R;tkh06sp0000,0*1B
\s:66,c:1782377513*41\!AIVDM,1,1,4,B,17Odcvk000`lOLSp0TuC7Ro`053<,0*6C
\s:66,c:1782377515*47\!AIVDM,1,1,,A,339a77001cPeNA8N`jrb?`;b0000,0*7C
\s:66,c:1782377513*41\!AIVDM,1,1,,A,16:G3fP00p8M79L=rDAtR9e`08O6,0*3F
\s:66,c:1782377509*4A\!AIVDM,1,1,,B,16:@Cg00008eq@@A89qamq3P0@Lg,0*24
\s:66,c:1782377508*4B\!AIVDM,1,1,,B,B5MwTl000>`WTt5TadCQ25o1l000,0*3A
\s:66,c:1782377515*47\!AIVDM,1,1,,B,15D=4T3thOSm`JP>9v5WEEVL0LBD,0*6F
\g:1-2-5199679,s:66,c:1782377481*05\!AIVDM,2,1,9,B,5<t3jN024ODq1=7S;204l586222222222222220U2@B4476aN8kEDhhE,0*67
\g:2-2-5199679*61\!AIVDM,2,2,9,B,888888888888880,2*2E
\s:66,c:1782377509*4A\!AIVDM,1,1,,B,13Ek;V3P0TP3Ja<G5B<V=wwP28LH,0*2E
\s:66,c:1782377514*46\!AIVDM,1,1,,,13a3wDPP000En5vNCEmeM?wd053<,0*77
\g:1-2-5199680,s:66,c:1782377509*02\!AIVDM,2,1,0,A,53aL=iT000010C??7@1=@45T000000000000000Q5@855tJe032kH>>N,0*39
\g:2-2-5199680*67\!AIVDM,2,2,0,A,;Uh@C8880000000,2*19
\s:66,c:1782377511*43\!AIVDM,1,1,,A,83aL=iPj2d<ttd<de0w0l@QU3h00,0*59
\s:66,c:1782377509*4A\!AIVDM,1,1,,A,B52iTPh005oPuC4qQt`000HP2h06,0*2E
\s:66,c:1782377513*41\!AIVDM,1,1,,A,13M@Cn@02QOT0nPPJsg4KSK`00Rs,0*2A
\s:66,c:1782377516*44\!AIVDM,1,1,,A,19NSi4P0P0rB;gJ5Cq78GmGh08Q;,0*27
\s:66,c:1782377512*40\!AIVDM,1,1,,A,38:tvM5000`adGB8GhKKnjER2DrJ,0*77
\s:66,c:1782377517*45\!AIVDM,1,1,,B,16:5Kk0P1B8MhUPF70=6Vgwf0@QR,0*1F
\s:66,c:1782377511*43\!AIVDM,1,1,,A,36:@Cg0P00`eq@FA89qImq3p0000,0*48
\s:66,c:1782377516*44\!AIVDM,1,1,,A,17loh`?P007a>aItPD8SRwwf2@Q3,0*2B
\s:66,c:1782377511*43\!AIVDM,1,1,,A,19NSr7h1032OgfN@icMITA?R00S3,0*48
\s:66,c:1782377516*44\!AIVDM,1,1,,A,B3aB8f@0C@5dvjWTrArvWwt1j1HQ,0*07
\s:66,c:1782377513*41\!AIVDM,1,1,,A,19cpo5@0?w<tSF0l4Q@>49av0hO3,0*7B
\s:66,c:1782377515*47\!AIVDM,1,1,,A,19NSGaS000SO>dL@69Pdepkf2<5u,0*51
\s:66,c:1782377516*44\!AIVDM,1,1,,A,35@:Mj500005pI43Pq`Q1Icd0Dnr,0*44
\s:66,c:1782377517*45\!AIVDM,1,1,,B,139a77001gPeN=pN`joJ;`9f053<,0*70
\s:66,c:1782377428*48\!AIVDM,1,1,,B,3<t3jN5P00T:g60=QJ107Ovl0P00,0*06
\s:66,c:1782377509*4A\!AIVDM,1,1,,B,36:9W@U000`84Jh=3R<>40QR0DTr,0*14
\s:66,c:1782377509*4A\!AIVDM,1,1,,A,139EPnPP000WuMBNHuGqRwwPP<2p,0*12
\s:66,c:1782377502*41\!AIVDM,1,1,,A,13MCk;0018P830BMmOTo6me@0<2d,0*2A
\s:66,c:1782377508*4B\!AIVDM,1,1,,B,18I`wj00hGwea3tDk`vl5@5J00SN,0*41
\s:66,c:1782377504*47\!AIVDM,1,1,,B,14eJIIh001o<gUlL=;28Sq9D0@Iq,0*0C
\s:66,c:1782377501*42\!AIVDM,1,1,,A,33U7Lt001=1gNhNEWuV8h79p0000,0*51
\s:66,c:1782377503*40\!AIVDM,1,1,,B,35O>ktP000o?vJhK?8ebE8OB064C,0*63
\s:66,c:1782377501*42\!AIVDM,1,1,,A,13@pSKhOiNPMBA<Ng5P3a2sF053<,0*3D
\s:66,c:1782377505*46\!AIVDM,1,1,,A,19sj6bgP?w<tSF0l4Q@>4?wv0PRr,0*4C
\s:66,c:1782377509*4A\!AIVDM,1,1,,A,15NPOOPP00o?s7hEdKPN4?wR28M0,0*6D
\s:66,c:1782377510*42\!AIVDM,1,1,,B,13c6987P0RPFOITNH69:DgwT20SE,0*15
\s:66,c:1782377509*4A\!AIVDM,1,1,,A,15SCoT002I8e?un?=2U7tVAR08LP,0*7C
\s:66,c:1782377509*4A\!AIVDM,1,1,,B,17lcc<k0017OCt@13qhFcTab053<,0*45
\s:66,c:1782377507*44\!AIVDM,1,1,,A,B:?8HWP009o:<LP<qjAI3wo20000,0*6C
\s:66,c:1782377386*4B\!AIVDM,1,1,3,B,C8St5LP011trOh13jUHa@QN0QSQ0HhMga09Wiii;111001@510RP,0*7B
\s:66,c:1782377498*43\!AIVDM,1,1,,A,16:=psPP0HWh<=p<AnTcHww<0<0B,0*3D
\s:66,c:1782377513*41\!AIVDM,1,1,,B,177>7w0vALQdNpnEVf0=2JCB0@O3,0*49
\s:66,c:1782377512*40\!AIVDM,1,1,,B,13MCk;0018P8304MmNeo5meV08NP,0*36
\s:66,c:1782377498*43\!AIVDM,1,1,,A,18SJvIB00E2dL`V<;hjo2G7<0@FO,0*4F
\s:66,c:1782377494*4F\!AIVDM,1,1,,A,160V560P00RftEd=e?mN4?w42D0n,0*61
\s:66,c:1782377510*42\!AIVDM,1,1,,B,13@pSKh01OPMBO:Ng5LSaBsb0@Nu,0*79
\s:66,c:1782377513*41\!AIVDM,1,1,,A,19NSK`P01t1vsHpHCA`Ch2sV0HOA,0*51
\g:1-2-5199681,s:66,c:1782377510*0B\!AIVDM,2,1,1,B,55NPOO`0@rK9LA3GCG22222222220Dm18E=>001S2@933t0Ht0000000,0*53
\g:2-2-5199681*66\!AIVDM,2,2,1,B,000000000000000,2*26
\s:66,c:1782377513*41\!AIVDM,1,1,,A,34RqQ61000VT7f:<c9`Ep@;`0Dg:,0*0C
\s:66,c:1782377498*43\!AIVDM,1,1,,A,H40vmb104iD5800000000000000,2*04
\s:66,c:1782377508*4B\!AIVDM,1,1,,B,H40vmb4TCBD4bWm82Ikqnl000000,0*02
\s:66,c:1782377511*43\!AIVDM,1,1,,A,13n<<O0P00PG<l`SEde0EgwR0HM?,0*68
\s:66,c:1782377512*40\!AIVDM,1,1,,B,4030pDAvad`klrgTLbJ5FJW00D1=,0*40
\s:66,c:1782377505*46\!AIVDM,1,1,,A,13l3SLP000OWN3RDd8u7BJUH0@Jb,0*24
\s:66,c:1782377514*46\!AIVDM,1,1,,B,B7mF<`@00:6;vtOpKpIwCwP4kP06,0*05
\s:66,c:1782377513*41\!AIVDM,1,1,,A,15O>ktP000o?vK0K?8e:;HMV0PvH,0*54
\s:66,c:1782377515*47\!AIVDM,1,1,,B,13WaWn?000wVofpDR`abt7Ud0t3u,0*7A
\s:66,c:1782377515*47\!AIVDM,1,1,,B,EvjHDCPT0neHqh9bQ9b0b4WW000@4l1h?JQMh00003rP10,4*0E
\s:66,c:1782377515*47\!AIVDM,1,1,,B,13l3SLP000OWN3TDd8u0GrUd053<,0*65
\s:66,c:1782377500*43\!AIVDM,1,1,,B,15?dQ`Q0?w<tSF0l4Q@>41Kv0d<`,0*48
\s:66,c:1782377500*43\!AIVDM,1,1,,A,1815ba001nTA14>=@`8L99e@0<<P,0*75
\s:66,c:1782377511*43\!AIVDM,1,1,,B,13`dg?OP00PFFrHMw?Ev4?wT2@Mp,0*5F
\s:66,c:1782377514*46\!AIVDM,1,1,,A,17PB=D0P00blE7?jG?6v4?wb2<0c,0*79
\s:66,c:1782377514*46\!AIVDM,1,1,,A,14eJIIh001o<gUlL=;2pSq9`0L6v,0*17
\s:66,c:1782377514*46\!AIVDM,1,1,,A,15S6@N8P003MqFV@S99LMOwd00S9,0*1A
\s:66,c:1782377498*43\!AIVDM,1,1,,A,19NS;9R009T3qVh>Pa4dehs:66,0*1E
\g:1-2-5199682,s:66,c:1782377515*0D\!AIVDM,2,1,2,A,53`hnnH000010CO37T0u8Ttp000000000000000U0p@33u@cN4mTQADm,0*68
\g:2-2-5199682*65\!AIVDM,2,2,2,A,jBRh00000000000,2*34
\s:66,c:1782377516*44\!AIVDM,1,1,,A,18I`wj00@Gwea6HDk`rl5P5f08Q7,0*18
\s:66,c:1782377466*42\!AIVDM,1,1,,B,36bVCb1Oh2Uu`Gf:8KwTH6p:0Dib,0*51
\s:66,c:1782377517*45\!AIVDM,1,1,,A,35VpPH5P000n8Oiu@iP;hOwl0Ddb,0*42
\s:66,c:1782377506*45\!AIVDM,1,1,,B,18J844002<7ISMV0eAfKDq3N08KG,0*13
\s:66,c:1782377503*40\!AIVDM,1,1,,A,13MBv3@0080<chdN9msHwT=D0t0u,0*0F
\s:66,c:1782377510*42\!AIVDM,1,1,,B,19aqFgPP00S5vGMqCHJ>4?wR253<,0*2E
\s:66,c:1782377507*44\!AIVDM,1,1,,B,13`lBePP0RPFLtjMv3h4n?wN28Kp,0*27
\s:66,c:1782377507*44\!AIVDM,1,1,,A,17ldk??P00`=mkWvdFKl3wwL28KP,0*02
\s:66,c:1782377503*40\!AIVDM,1,1,,A,13@oT4G000PU;ghP2rlLwWIFHD0G,0*49
\s:66,c:1782377505*46\!AIVDM,1,1,,A,15N06LdP@4o?OopEfkjhAc=N28KB,0*7E
\s:66,c:1782377506*45\!AIVDM,1,1,,B,B4eH:gP0=UG8VSMns>vsCwo5l000,0*08
\s:66,c:1782377510*42\!AIVDM,1,1,,B,405vd<1vad`kiP03@F3>Hw700HMM,0*02
\s:66,c:1782377508*4B\!AIVDM,1,1,,B,36:@4A0Oh;8gVLJAC`t>2rQJ00uP,0*5A
\s:66,c:1782377508*4B\!AIVDM,1,1,,B,18I:I<?P007L;JF0h4L>4?wF053<,0*27
\s:66,c:1782377509*4A\!AIVDM,1,1,,A,16:5;vP01B8eqwPAm:H;oION053<,0*33
\s:66,c:1782377501*42\!AIVDM,1,1,,A,13KPEw000G1U:P:RMM4`AVh00000,0*07
\s:66,c:1782377505*46\!AIVDM,1,1,,B,15Mj3<0000o?:r@K?rbPnhcH0hlj,0*16
\s:66,c:1782377506*45\!AIVDM,1,1,,A,13KPEw000G1U:O6RMLu`GFj00000,0*40
\s:66,c:1782377509*4A\!AIVDM,1,1,,B,15NQSK0P00rdE5lG@0eJNOwT2L35,0*0E
\s:66,c:1782377511*43\!AIVDM,1,1,,,B4eIDtP00;;09MMN8JgQ3wqQl000,0*66
\s:66,c:1782377509*4A\!AIVDM,1,1,,B,13Il7<7P0LOP`8rKbHDjKgwP253<,0*6B
\s:66,c:1782377511*43\!AIVDM,1,1,,B,18I4K:001k7LMKh0f0oC<2c`053<,0*22
\s:66,c:1782377506*45\!AIVDM,1,1,,A,15NIbA3000o?n;HEdg79nP?L2D1g,0*6D
\s:66,c:1782377503*40\!AIVDM,1,1,,B,16QeJ@m02I2OtIL@moRif1KF053<,0*1F
\s:66,c:1782377510*42\!AIVDM,1,1,,A,16QeJ@m02I2OtT4@mpi1f1IR00Ru,0*3E
\s:66,c:1782377511*43\!AIVDM,1,1,,B,1:U6uR@P00tr<JAjr1d=hww`2HN2,0*35
\s:66,c:1782377510*42\!AIVDM,1,1,,B,15T6iH0037`oekhE4i1n=DwT2L0C,0*1F
\s:66,c:1782377511*43\!AIVDM,1,1,,A,14`Vhp01k000wO>34SKWJEuR0<1G,0*4B
\s:66,c:1782377512*40\!AIVDM,1,1,,A,16:@4A0Oh;8gVLBACa0>2rUR00SK,0*37
\s:66,c:1782377504*47\!AIVDM,1,1,,B,13u@c2P0001@>c:QvgV;jiCF0<1b,0*41
\s:66,c:1782377511*43\!AIVDM,1,1,,A,13HOI:;P00P0VQ:LCnd1=OwT053<,0*09
\s:66,c:1782377512*40\!AIVDM,1,1,,A,18I>b?0wB67CqEH16MQU;4=`0@Ns,0*6F
\s:66,c:1782377512*40\!AIVDM,1,1,,B,19NSNT@01s1HLHHE9tgT:kFB0@5c,0*65
\s:66,c:1782377505*46\!AIVDM,1,1,,A,33m=mvP0000kR3:U8kHsLW9p0000,0*62
\s:66,c:1782377513*41\!AIVDM,1,1,,B,16:BMS0P00`cWJjFW:BVdOw`053<,0*59
\s:66,c:1782377513*41\!AIVDM,1,1,,A,17ldLNhP007aEQctQRkMJwwb20Sd,0*7F
\g:1-2-5199683,s:66,c:1782377226*0B\!AIVDM,2,1,3,A,59aSOv80@OaCE877J20l58hTr22222222222221629::;ucoA9PC84mE,0*1D
\g:2-2-5199683*64\!AIVDM,2,2,3,A,hBDH88888888880,2*01
\s:66,c:1782377513*41\!AIVDM,1,1,,B,13IouB0002P1;LlLS48<0Gi`0<2@,0*61
\s:66,c:1782377389*44\!AIVDM,1,1,,A,377l>b50007iGC><IDT92r9R0Dg:,0*1A
\s:66,c:1782377514*46\!AIVDM,1,1,,A,ENk`s@l973h9@6:@@@@@@@@@@@@=8UnD7MjBp00003vP000,2*26
\s:66,c:1782377510*42\!AIVDM,1,1,,B,16:7fSP01I8jhI>CJ7>o4UQR0<7@,0*39
\s:66,c:1782377516*44\!AIVDM,1,1,,A,16::I@P0208W2G8BCrQj7Qgd0@PQ,0*34
\s:66,c:1782377516*44\!AIVDM,1,1,,A,15T6iH0037`oeodE4h0n=Dwh20SJ,0*3E
\s:66,c:1782377516*44\!AIVDM,1,1,,A,17lui@3P077a;?7tP6LoVOwh20RK,0*3D
\g:1-2-5199684,s:66,c:1782377510*0E\!AIVDM,2,1,4,B,539wo3800000@dU;:21LTp@<5B3C>2222222220`10>445djN5A2p2k3,0*24
\g:2-2-5199684*63\!AIVDM,2,2,4,B,O?Smi`0PC52@t`0,2*14
\s:66,c:1782377515*47\!AIVDM,1,1,,B,13bOTH00000AQFHMH;;1ho1f00SF,0*49
\s:66,c:1782377515*47\!AIVDM,1,1,,B,15@S>Q002O7pLFmkKtpMCred08PS,0*52
\s:66,c:1782377506*45\!AIVDM,1,1,,,17ldaeh00e8LPwl0;RaG9maN0000,0*5B
\s:66,c:1782377510*42\!AIVDM,1,1,,,17ldaeh00e8LPwd0;RLW9UaV0000,0*4E
\s:66,c:1782377514*46\!AIVDM,1,1,,,17ldaeh00e8LPwN0;R?o9Eaf0000,0*0F
\s:66,c:1782377514*46\!AIVDM,1,1,,B,15TkLh001n7j6sl9ta6t`b3`053<,0*24
\s:66,c:1782377483*49\!AIVDM,1,1,,A,1815SE@w1TTB0T<=3s0dGIjd0`=r,0*17
\s:66,c:1782377475*40\!AIVDM,1,1,,B,3815SE@1QTTB0b4=3rCtDIjJ0RvA,0*0B
\s:66,c:1782377511*43\!AIVDM,1,1,,B,13KPEw000G1U:N:RMLpHL6j00000,0*18
\s:66,c:1782377496*4D\!AIVDM,1,1,,B,19aSOv8P12T70A`=bljWN?w620RA,0*10
\s:66,c:1782377434*45\!AIVDM,1,1,,A,39?Epf10?w<tSF0l4Q@>42it0lf:,0*08
\s:66,c:1782377516*44\!AIVDM,1,1,,B,1815b`000088@mT<wC2h04cd08Pj,0*30
\s:66,c:1782377516*44\!AIVDM,1,1,,A,13=RVR001GPs3qfDc2L4hSif0@Q:,0*7C
\s:66,c:1782377510*42\!AIVDM,1,1,,A,13oBb@000A2?8jh`7rs1<i=T08M5,0*46
\s:66,c:1782377513*41\!AIVDM,1,1,,B,177kVl01B97pKp67HrT0M@IP00SK,0*10
\s:66,c:1782377516*44\!AIVDM,1,1,,A,18JU;F0P0w7K63n0e:s<LOwF0hPq,0*16
\s:66,c:1782377517*45\!AIVDM,1,1,,A,36:@4A0Oh98gVLTAC`pMpbOB01u@,0*67
\s:66,c:1782377516*44\!AIVDM,1,1,,B,339wo30P0;0tDKLOLrWJ@Rkh0000,0*26
\s:66,c:1782377513*41\!AIVDM,1,1,,A,139wo30P0;0tDKtOLrWrD2mb08O9,0*31
\s:66,c:1782377513*41\!AIVDM,1,1,,A,177FrO001o7Pld>1G700fPcN08Nu,0*0A
\s:66,c:1782377516*44\!AIVDM,1,1,,A,40632FP000Htt2mM3eucuo700h;p,0*27
\s:66,c:1782377511*43\!AIVDM,1,1,,B,14`Uus@11lP>DhtN<@f89VOR08N5,0*64
\s:66,c:1782377513*41\!AIVDM,1,1,,B,360m5f@OhS3W@TD?JdjIv`U`20r@,0*0F
\s:66,c:1782377477*42\!AIVDM,1,1,,B,35RBcd100042RvR>HrucmC2R0E5:,0*63
\s:66,c:1782377514*46\!AIVDM,1,1,,A,15Mj3<0000o?:r0K?rb0nPcb0@wn,0*20
\s:66,c:1782377517*45\!AIVDM,1,1,,B,14`Vhp01k000wMN34R;WJmuf053<,0*27
\s:66,c:1782377508*4B\!AIVDM,1,1,,B,18SPGbPP00WaHnp;r5dMMgwN253<,0*24
\s:66,c:1782377504*47\!AIVDM,1,1,,A,168sVmP01K8K:?HFCnCV44WH08IV,0*03
\s:66,c:1782377507*44\!AIVDM,1,1,,A,B5NMt=P00=ktl86lCJKQ3wo5wP06,0*4B
\s:66,c:1782377504*47\!AIVDM,1,1,,A,13KGNwP0001UBFDRMsSjMJb00000,0*55
\s:66,c:1782377510*42\!AIVDM,1,1,,B,13aDou?P00PF`t6Mv8L6wOwR28MB,0*22
\s:66,c:1782377510*42\!AIVDM,1,1,,B,17lchqP02@8FfLWw@5ImP4MU0<3>,0*7F
\s:66,c:1782377509*4A\!AIVDM,1,1,,B,15OBfaPP@`q=6c>@tOB:mpUP0D8u,0*0E
\s:66,c:1782377509*4A\!AIVDM,1,1,,A,18T<ep00007b@J25tT8n225T0000,0*1D
\s:66,c:1782377509*4A\!AIVDM,1,1,,B,38T<ep00007b@J45tT96225P00ri,0*5C
\s:66,c:1782377511*43\!AIVDM,1,1,,B,13s=JugP0KwEbiNEfA3nrwwT2<0<,0*76
\s:66,c:1782377509*4A\!AIVDM,1,1,,A,1815P3h01mP<DG0MItac8`iL053<,0*16
\s:66,c:1782377506*45\!AIVDM,1,1,,B,E>kb9J@pah@@@@@@@@@@@@@@@@@;W?i9:iLc000003vP100,2*34
\s:66,c:1782377508*4B\!AIVDM,1,1,,B,13o2=r00000j81HQp:hb@WqL053<,0*1F
\s:66,c:1782377509*4A\!AIVDM,1,1,,B,13P=lf02j58la=fA:E?r;p9R0L2s,0*1D
\s:66,c:1782377506*45\!AIVDM,1,1,,A,18Htjp000i`jj`2@dCwkfBkH0HJl,0*40
\s:66,c:1782377511*43\!AIVDM,1,1,,A,33E`g:7P07P:7tbGRGktVOwV234S,0*66
\s:66,c:1782377512*40\!AIVDM,1,1,,B,15BGEJ001cqfnwD>4UUD73Hv00Rc,0*76
\s:66,c:1782377511*43\!AIVDM,1,1,,A,19AFcekP00RAHRlB0P;>4?wT2<0i,0*29
\s:66,c:1782377511*43\!AIVDM,1,1,,B,19NSpAU0012:<i:R@uQv42cT0000,0*73
\s:66,c:1782377508*4B\!AIVDM,1,1,,A,18I;K=002CwqildLbFD2qBC60@LO,0*16
\s:66,c:1782377488*42\!AIVDM,1,1,,B,14eHUL0wP0s2?H4KaMbJwA8n08@C,0*15
\s:66,c:1782377367*44\!AIVDM,1,1,,B,34eHUL0100s2?H4KaMb8bQ8n06rC,0*7A
\s:66,c:1782377512*40\!AIVDM,1,1,,A,35OBfaPP@aq=6b0@tOC:lHQV01v0,0*45
\s:66,c:1782377441*47\!AIVDM,1,1,3,B,C8T=mm@03qtqIl13RIhsKwP0FAeeU0HhbLNC0QSeKkU:00000020,0*33
\s:66,c:1782377511*43\!AIVDM,1,1,,B,E>m><DBQ:UTb@5:Sa0P000000003`8660ks:66,4*4A
\s:66,c:1782377511*43\!AIVDM,1,1,,A,13IbAP000004vGtLTV?727MR08NE,0*00
\s:66,c:1782377492*49\!AIVDM,1,1,,B,36:?V4U0007h1U0<EvVCwhPv0Dp:,0*34
\s:66,c:1782377511*43\!AIVDM,1,1,,A,33aJGqhP1iPG4StMv;MB@gwV22si,0*4C
\s:66,c:1782377495*4E\!AIVDM,1,1,,B,15S:u@0wjR2GgciiGI7RgB;4053<,0*38
\s:66,c:1782377244*44\!AIVDM,1,1,,B,35S:u@00jS2GarAiG9f2ej:f0DtM,0*3C
\s:66,c:1782377513*41\!AIVDM,1,1,,B,15B7>:002p0ct1@Q1QRBe2=V0PS@,0*2A
\s:66,c:1782377512*40\!AIVDM,1,1,,,B5OD<h0005qoSTTcWaWQ3wr1h000,0*0B
\s:66,c:1782377504*47\!AIVDM,1,1,,B,16:7QvUP00Wh?VB<II7>3?wF2G=j,0*33
\s:66,c:1782377510*42\!AIVDM,1,1,,A,17lcj;0P?w<tSF0l4Q@>4?wp1h1p,0*58
\g:1-2-5199685,s:66,c:1782377366*08\!AIVDM,2,1,5,A,56:7Qv`000008tp7L00L4r0Dr3KT000000000016;@C:8udcj9QPCQp0,0*41
\g:2-2-5199685*62\!AIVDM,2,2,5,A,j1CQh0000000000,2*30
\s:66,c:1782377513*41\!AIVDM,1,1,,A,13ku9T002?P5l:VND7NDKkUb0L66,0*63
\s:66,c:1782377502*41\!AIVDM,1,1,,B,16:4H4000rWot6p;RP@r?5eD2@Ho,0*6D
\s:66,c:1782377442*44\!AIVDM,1,1,,B,36:4H4000tWotWP;RPkb=UeD20:3,0*2F
\g:1-2-5199686,s:66,c:1782377415*08\!AIVDM,2,1,6,B,54eHUL82HBD<<H7?W;E<PU0DeD0000000000000j1h323==jN4C1Dp1D,0*76
\g:2-2-5199686*61\!AIVDM,2,2,6,B,hkmCBCTh0000000,2*31
\s:66,c:1782377514*46\!AIVDM,1,1,,A,16:=pn`P008dqL<AsQ5v4?wF2`OH,0*1A
\s:66,c:1782377514*46\!AIVDM,1,1,,A,E9lPrR?40a17ba@1:WdhK000000@Q;<cqMSC`00003qP10,4*6C
\g:1-2-5199687,s:66,c:1782377391*02\!AIVDM,2,1,7,B,56:?V4`000000000001PTr1@T4r37F2222222216;PB@85dG0:1PCQp0,0*3A
\g:2-2-5199687*60\!AIVDM,2,2,7,B,j1CQp8888888880,2*21
\s:66,c:1782377513*41\!AIVDM,1,1,,A,15Nbjw0000G?vT0K?909Njgd0H5F,0*11
\s:66,c:1782377513*41\!AIVDM,1,1,,A,17ldMEhP00`Fit7wCNsD3Ow`2<2G,0*49
\s:66,c:1782377516*44\!AIVDM,1,1,,A,19NSiq@01Q7Vt422ajQ`Dned0D1:,0*74
\s:66,c:1782377516*44\!AIVDM,1,1,,B,35OBfaPP@`q=6`H@tOCrfHOf0160,0*11
\s:66,c:1782377515*47\!AIVDM,1,1,,B,38T<ep00007b@J05tT8V225f00r1,0*57
\s:66,c:1782377476*43\!AIVDM,1,1,,A,35?dTS100042T30>J??WiS0J0P00,0*2F
\s:66,c:1782377516*44\!AIVDM,1,1,,A,1:U8<f8P00tR1FaiJ:lk>wwh053<,0*00
\s:66,c:1782377513*41\!AIVDM,1,1,,A,155MeT0P003ttKD>M>8>4?w`053<,0*6A
\s:66,c:1782377335*43\!AIVDM,1,1,,A,33aLmCi00143BGn>5086hRqh0Dvb,0*67
\s:66,c:1782377514*46\!AIVDM,1,1,,B,368sVmP01K8K:ChFCmE66DUf06rC,0*45
\s:66,c:1782377510*42\!AIVDM,1,1,,B,17ldlg0P00`=m0uvcw=nHgwR28MU,0*1C
\s:66,c:1782377468*4C\!AIVDM,1,1,,A,35@iIv100042KBH>SAa4;TD@0000,0*62
\s:66,c:1782377502*41\!AIVDM,1,1,,B,13wlHlB000T6tIp>?=dqVocB2PS9,0*7C
\s:66,c:1782377517*45\!AIVDM,1,1,,B,15B5A:00021u<FbGBjQGnbUh0<0h,0*6F
\s:66,c:1782377508*4B\!AIVDM,1,1,,A,139NQJP000Pe>gfN`PvoAG=N08LS,0*27
\s:66,c:1782377509*4A\!AIVDM,1,1,,B,16::DkPPAr89HmH<lTLFaECN0<<K,0*0E
\s:66,c:1782377509*4A\!AIVDM,1,1,,A,13aAwR001V0Bgc`MgUMD@3CP0@Li,0*13
\s:66,c:1782377506*45\!AIVDM,1,1,,B,26Shgh50007`Vw862EHrjU?L053<,0*63
\s:66,c:1782377505*46\!AIVDM,1,1,,B,B52etwP00=j3Rc76Ge?2own1jDBJ,0*4C
\s:66,c:1782377509*4A\!AIVDM,1,1,,B,14VHlP0vBLwD2NtEdcEMQbgP08Ld,0*1F
\s:66,c:1782377507*44\!AIVDM,1,1,,A,338irR001`0p@efO@nb9=oCN0Pwh,0*1F
\s:66,c:1782377509*4A\!AIVDM,1,1,,B,13HO>d?P1EP0:d4LFCAM8gwT253<,0*5A
\s:66,c:1782377503*40\!AIVDM,1,1,,A,13KLi7P0001`p5<R>@t2:ld00000,0*5D
\s:66,c:1782377508*4B\!AIVDM,1,1,,A,142O;3k00024lLPGMO4kw33L0D3q,0*6C
\s:66,c:1782377511*43\!AIVDM,1,1,,B,19NSrc001gNciL2:?6qh5P?R0<1Q,0*03
\s:66,c:1782377507*44\!AIVDM,1,1,,B,15Vpol0P05OenTT2wW?k?gwN0<1w,0*48
\s:66,c:1782377511*43\!AIVDM,1,1,,B,18I<p;01iOPCCPpMIM7uKbkR0@Mp,0*13
\s:66,c:1782377511*43\!AIVDM,1,1,,B,13AMAP02388`gch>PLe8IFiP88MU,0*56
\s:66,c:1782377508*4B\!AIVDM,1,1,,A,B52kj?@00Ep`oC4lgu7Q3wp1jDWr,0*46
\s:66,c:1782377511*43\!AIVDM,1,1,,A,13HWLS?P0GP7:m2M=6NaCOwT2<1h,0*2F
\s:66,c:1782377509*4A\!AIVDM,1,1,,A,H3gbls0p`u8AE80000000000000,2*24
\s:66,c:1782377509*4A\!AIVDM,1,1,,A,H3gbls4NCBD4p5jokii0000H621t,0*6E
\s:66,c:1782377510*42\!AIVDM,1,1,,B,139P7@0P00PeaFhN`4wN4?wT20ST,0*2D
\s:66,c:1782377512*40\!AIVDM,1,1,,A,13@o;VP0000qas2Oo9g8Nhib000U,0*69
\s:66,c:1782377512*40\!AIVDM,1,1,,B,404k1?1vad`kkb7s`7b0W@7P0@Nj,0*55
\s:66,c:1782377276*45\!AIVDM,1,1,,A,16KSbB002I1Cd6adC:3ld3eh08Ps,0*10
\s:66,c:1782377512*40\!AIVDM,1,1,,A,160QvDSP?w<tSF0l4Q@>4?w`0PS?,0*33
\s:66,c:1782377512*40\!AIVDM,1,1,,B,403OtiAvad`klo6cO2Hhh;g02D4q,0*45
\s:66,c:1782377510*42\!AIVDM,1,1,,A,36:LQ1U0008fbH0AQvT5DT?P0Dnr,0*04
\s:66,c:1782377512*40\!AIVDM,1,1,,B,15CBn00uBM5vvS>60jVhl@a@1d03,0*65
\s:66,c:1782377504*47\!AIVDM,1,1,,A,H3uO?24T0000000000000000>220,0*04
\s:66,c:1782377500*43\!AIVDM,1,1,,A,16:LiAP01N7i@p8<91LKhH9408Dk,0*0F
\s:66,c:1782377477*42\!AIVDM,1,1,,B,36:LiAP01M7iA:p<906;mp6H0000,0*6C
\s:66,c:1782377511*43\!AIVDM,1,1,,B,B6:=n5000B;lwd4N?7qjcwv63P06,0*63
\s:66,c:1782377513*41\!AIVDM,1,1,,A,B3mqAPP0@P@;AjWr=Vm:i0JQhHOR,0*1C
\s:66,c:1782377509*4A\!AIVDM,1,1,,B,19NSui@11VW?Jt:1TJ20101P2<3I,0*6F
\g:1-2-5199688,s:66,c:1782377254*05\!AIVDM,2,1,8,B,55617<H2?4aqK@T?H00<5840000000000000001I7@H:555Ee<Dj2CPD,0*71
\g:2-2-5199688*6F\!AIVDM,2,2,8,B,p3k@CP000000000,2*54
\s:66,c:1782377506*45\!AIVDM,1,1,,A,13mD4d0P@kQBS4PWm9gscq?H0HJq,0*03
\s:66,c:1782377509*4A\!AIVDM,1,1,,A,15?diE@12<6B01r3A:rrPpKN0<0F,0*3A
\g:1-2-5199689,s:66,c:1782377422*03\!AIVDM,2,1,9,A,56:LiA`000000000000`Tr0@637SV222222222168`9<41dl08APCQhj,0*4C
\g:2-2-5199689*6E\!AIVDM,2,2,9,A,1CQihCQp8888880,2*6D
\s:66,c:1782377514*46\!AIVDM,1,1,,A,36:;MCPP@L8VBMDDVioVvo?d010h,0*5C
\s:66,c:1782377514*46\!AIVDM,1,1,,A,16::DkPPAr89Hnl<lSb6V5Cb0@On,0*32
\s:66,c:1782377510*42\!AIVDM,1,1,,B,1815MjP01MPCP46MdqbDmCmR08M;,0*43
\s:66,c:1782377513*41\!AIVDM,1,1,,B,404k1NiuJl`klblHw?jFt:7000S:,0*5E
\s:66,c:1782377515*47\!AIVDM,1,1,,B,16@DNt000A2d?4>=bLBEn5sd053<,0*5C
\s:66,c:1782377512*40\!AIVDM,1,1,,B,13KLi7P0001`p5>R>@tT34d00000,0*6B
\s:66,c:1782377515*47\!AIVDM,1,1,,B,13?sBT00ij0>eqVMisQrOHIb00Sj,0*53
\s:66,c:1782377515*47\!AIVDM,1,1,,A,14VHlP0vjLwD2LTEddD=Q:gd053<,0*26
\s:66,c:1782377515*47\!AIVDM,1,1,,B,E03wk8P70c4W0VFc:9P000000002ONkN6PugP00003rP10,4*26
\g:1-2-5199690,s:66,c:1782377516*0D\!AIVDM,2,1,0,B,53?sBT82ATS0A1922209E<4r0EQ18E=>2222221?>LMQL5e60KPQ@CT`,0*17
\g:2-2-5199690*66\!AIVDM,2,2,0,B,888888888888880,2*27
\s:66,c:1782377515*47\!AIVDM,1,1,,A,33AsO670000h6>VPqKTLCQqh070k,0*49
\s:66,c:1782377511*43\!AIVDM,1,1,,B,16;Pcf001V`l0o2C=ed7;mgP0HMw,0*21
\s:66,c:1782377515*47\!AIVDM,1,1,,A,H3uLmtTTD815jInC5qolq00p3210,0*4D
\s:66,c:1782377515*47\!AIVDM,1,1,,B,33ceoD500018kOjEwkeFHbQV0P00,0*7D
\s:66,c:1782377516*44\!AIVDM,1,1,,A,160QvDSP?w<tSF0l4Q@>4?wh0U3<,0*5D
\s:66,c:1782377516*44\!AIVDM,1,1,,B,19NSr;PvitUk>7f3EJm2mB=j0L0g,0*23
\s:66,c:1782377498*43\!AIVDM,1,1,,B,171==>0P00T1wsP>IOlQjgw:08FF,0*30
\s:66,c:1782377516*44\!AIVDM,1,1,,B,13=A`V00002k>v@<B?I8mQ=f0`Q1,0*5B
\s:66,c:1782377515*47\!AIVDM,1,1,,A,33P;=j@000Oq06dM2hV0lU=p0000,0*33
\s:66,c:1782377513*41\!AIVDM,1,1,,A,377KP`0sQw1bAnDFk9VmI43p0000,0*22
\s:66,c:1782377512*40\!AIVDM,1,1,,A,15@`5AP0Aw7oP=n7h15=prwD0<4o,0*7B
\s:66,c:1782377516*44\!AIVDM,1,1,,B,1:U7cNPP00td4vojAC0r=?wh2D2`,0*4F
\s:66,c:1782377516*44\!AIVDM,1,1,,B,133qRF8000P@wArMLAUM5oQj0@Q0,0*05
\s:66,c:1782377513*41\!AIVDM,1,1,,A,338irR001`0p@UvO@nAa<oCb0P00,0*76
\s:66,c:1782377516*44\!AIVDM,1,1,,A,169`uuP01F`ee6TAnPdtGaQf2?6?,0*17
\s:66,c:1782377515*47\!AIVDM,1,1,,B,13EWqQW00QPA0=<HGb4CtRwd28P:,0*7C
\s:66,c:1782377512*40\!AIVDM,1,1,,B,139eg5PP00PebSvN`mpiGwwVR@NQ,0*1D
\s:66,c:1782377517*45\!AIVDM,1,1,,B,338irR001`0p@PnO@n19<WCj0Pvh,0*6E
\s:66,c:1782377517*45\!AIVDM,1,1,,B,13m6BdPP00PIrQ0Scfs>4?wh200<,0*51
\s:66,c:1782377517*45\!AIVDM,1,1,,A,33Efkw3PAgP3QktF1J?r4p3j21rh,0*05
\s:66,c:1782377514*46\!AIVDM,1,1,,A,16:7QS001V`l5lPAhPvFwmQT0@OP,0*75
\s:66,c:1782377514*46\!AIVDM,1,1,,B,13Efkw301jP3QplF1JGJ17wb28OS,0*5B
\s:66,c:1782377518*4A\!AIVDM,1,1,,B,13GQ>C@P0:P:02:GbreUrwwj2L3u,0*43
\s:66,c:1782377509*4A\!AIVDM,1,1,,B,38u<4gUPAaR>0:gfr:9jaB9N01q0,0*79
\s:66,c:1782377508*4B\!AIVDM,1,1,,A,19pDd6?P0RvhUtB83?3<CgwN253<,0*16
\s:66,c:1782377509*4A\!AIVDM,1,1,,B,169CL<0P1@8frm@A:m91UOwP0D:5,0*60
\s:66,c:1782377510*42\!AIVDM,1,1,,A,13@nh?30060q`g4OpBh5@G3V0@Mg,0*32
\s:66,c:1782377506*45\!AIVDM,1,1,,B,H3aMFwlT1=30000@5mpnkPwp00w0,0*39
\s:66,c:1782377510*42\!AIVDM,1,1,,B,19NSo@P0@4JdVjdF3v1ikrMP00Rg,0*17
\s:66,c:1782377511*43\!AIVDM,1,1,,B,18I33A002I7050b38Nr;4pmR00SC,0*58
\s:66,c:1782377507*44\!AIVDM,1,1,,B,13Ea=lPP2qOh50RDtm`F>OwN0D0<,0*2A
\s:66,c:1782377510*42\!AIVDM,1,1,,B,36T1Qv0s1o8l@hfA3l`Q=Q9P01b@,0*6C
\s:66,c:1782377510*42\!AIVDM,1,1,,A,ENl4aBO1ah:9ah2Pab@2W2@@@@@DDpe0:oDvP00003v010,4*7F
\s:66,c:1782377511*43\!AIVDM,1,1,,A,168tsVPP008f`n0ARJPSJwwR0<4G,0*15
\s:66,c:1782377509*4A\!AIVDM,1,1,,A,17ldDHOP00WJLor0bMf4v?wP2HM9,0*5A
\s:66,c:1782377511*43\!AIVDM,1,1,,A,39NSbKQ1h0rB3HP5ITSbw:oT2DQJ,0*39
\s:66,c:1782377508*4B\!AIVDM,1,1,,,B3m<g?00086uvo8t@ugQ3wp1l000,0*5B
\s:66,c:1782377511*43\!AIVDM,1,1,,B,402a4e1uJl`kjQPPJlP3dvG008Mw,0*63
\s:66,c:1782377512*40\!AIVDM,1,1,,A,ENjbW9?6TaaTW3h@@@@@@@@@@@@@KRa`@SsOH00000N0100,2*0C
\s:66,c:1782377513*41\!AIVDM,1,1,,B,13F=qV8P00QDIQwdUp7AsOwb0L1e,0*5F
\s:66,c:1782377509*4A\!AIVDM,1,1,,A,33o0G2PPAA0i5j4RAT8`K6iP01S@,0*77
\s:66,c:1782377512*40\!AIVDM,1,1,,A,19NSht@w1e8aOE2>cSwiBQ9T0d1q,0*57
\s:66,c:1782377507*44\!AIVDM,1,1,,B,15N:T3P000r6We<?v62@r4?N0HKN,0*5F
\s:66,c:1782377403*41\!AIVDM,1,1,,B,B09oeCP04Qu3a613Q`r1mWQP0538,0*76
\s:66,c:1782377509*4A\!AIVDM,1,1,,A,35O1tD02h0G2HfvKusO8w7=p0000,0*2E
\s:66,c:1782377513*41\!AIVDM,1,1,,B,13`dithP00PHwp`ND<3H?gwb053<,0*73
\s:66,c:1782377513*41\!AIVDM,1,1,,A,33@pFNE00012QURDOkU831?p0000,0*7E
\s:66,c:1782377507*44\!AIVDM,1,1,,B,169p8S0000`Ped`FKwbGOwwL0000,0*0D
\s:66,c:1782377512*40\!AIVDM,1,1,,B,17704H000j7irN@8qsrpAVGV0<6q,0*55
\s:66,c:1782377510*42\!AIVDM,1,1,,B,19NS<lP0290eE?4ERdf;Ga?P053<,0*7D
\g:1-2-5199691,s:66,c:1782377510*0A\!AIVDM,2,1,1,B,56:BTl40000094pWR20PDpN0@61`PV0QDV222216ApDD65di0=hhCp1Q,0*04
\g:2-2-5199691*67\!AIVDM,2,2,1,B,BH12@C`88888880,2*74
\s:66,c:1782377514*46\!AIVDM,1,1,,A,36T1Qv0sim8l@jnA3lsAEi9V00kh,0*5A
\s:66,c:1782377507*44\!AIVDM,1,1,,B,B3`ho0P0>069tD7U0kMSowoQh<0r,0*45
\s:66,c:1782377513*41\!AIVDM,1,1,,,B3m<g?00086uvn8t@ugQ3wrQl000,0*38
\s:66,c:1782377513*41\!AIVDM,1,1,,B,15DqDV000NKneI8L13K4S3id0<05,0*1C
\s:66,c:1782377512*40\!AIVDM,1,1,,B,402M3w1vad`kk0T?EPT0d07P053<,0*2B
\s:66,c:1782377512*40\!AIVDM,1,1,,,B3tfM5000HDV:m`LO=isowr5oP06,0*63
\s:66,c:1782377514*46\!AIVDM,1,1,,B,18u<4gUPA`R>0@Ofr:JjTR;b0@Om,0*42
\s:66,c:1782377515*47\!AIVDM,1,1,,A,13`l6VPP1PPFuFDMqiG7F?wd2<2l,0*57
\s:66,c:1782377511*43\!AIVDM,1,1,,A,17lctd?P047hB5=tFGgN4?wT053<,0*3F
\s:66,c:1782377343*42\!AIVDM,1,1,,B,34cRR41000439cv>9udhjB020Dg:,0*22
\s:66,c:1782377510*42\!AIVDM,1,1,,A,B6:JmhP0Fj;EMd4BL?BQgwv63P06,0*1F
\s:66,c:1782377510*42\!AIVDM,1,1,,A,13mR1A0000R84h@`JeL7:oOT0D0F,0*65
\s:66,c:1782377512*40\!AIVDM,1,1,,A,13aDoU@P0pPGb0nN2?Q4:gwV20T1,0*7D
\s:66,c:1782377517*45\!AIVDM,1,1,,A,13P:vP5001K4i386r8p4n:kf00Rg,0*25
\s:66,c:1782377509*4A\!AIVDM,1,1,,A,B39kt7P0:8ENcr`QG00j7wpQlHM>,0*14
\s:66,c:1782377513*41\!AIVDM,1,1,,A,1815<V001b7PuTF1MbB`FVWV0l0t,0*27
\s:66,c:1782377513*41\!AIVDM,1,1,,A,13Ea=lPP2oOh54fDtlNUrOwb0HO6,0*22
\s:66,c:1782377476*43\!AIVDM,1,1,,A,16Bj<d7P00T2Ta@>:e8@;wvN253<,0*40
\s:66,c:1782377364*47\!AIVDM,1,1,,A,38KU=05002Uu>Vl:8GVnS5NL0Dg:,0*2D
\s:66,c:1782377517*45\!AIVDM,1,1,,A,18I33A002I704pl38O9K58mf0@Qn,0*0C
\s:66,c:1782377502*41\!AIVDM,1,1,,A,38158EQw02Uv4Uj:1LOkaBsF0E4J,0*26
\s:66,c:1782377518*4A\!AIVDM,1,1,,A,B6:bR200029hKp4U8jRDGwv41P06,0*32
\s:66,c:1782377500*43\!AIVDM,1,1,,A,13m=laP00011j<<VOs8Ue4980D0k,0*0B
\s:66,c:1782377507*44\!AIVDM,1,1,,B,24aO06002B`eu2DAljSct9SH053<,0*56
\s:66,c:1782377508*4B\!AIVDM,1,1,,B,B3`lSi@0:P4eiw7Klp99kwp1h8LH,0*5E
\s:66,c:1782377506*45\!AIVDM,1,1,,A,15NInkPP00oWFM6Bep8PQOwL2000,0*3D
\s:66,c:1782377510*42\!AIVDM,1,1,,A,35?dd30qSUPmWmMu=>;HSFeR20=A,0*78
\s:66,c:1782377510*42\!AIVDM,1,1,,A,14aRv6@00qW?Fep1m>MUJTKR0L2O,0*26
\s:66,c:1782377503*40\!AIVDM,1,1,,B,18I;R`002`7ADPh1JHJ;kqMB0D3C,0*67
\g:1-2-5199692,s:66,c:1782377510*09\!AIVDM,2,1,2,B,53lLJ<82>T77TP7?SSE<TpF06222222222222217F0f:D5Oa0Nhj@@R`,0*3A
\g:2-2-5199692*64\!AIVDM,2,2,2,B,888888888888880,2*25
\s:66,c:1782377510*42\!AIVDM,1,1,,A,38I5wt50008;lIH<s?a6d4wP0Dg:,0*40
\s:66,c:1782377511*43\!AIVDM,1,1,,A,15?dbt@01JWF@w:0uLnTPSWT0@N?,0*4A
\s:66,c:1782377511*43\!AIVDM,1,1,,B,13GQ`P@0h0P9rLFGasU<LEmV08N>,0*4E
\s:66,c:1782377468*4C\!AIVDM,1,1,,A,B3Eg0VP0=@4lC<UfSmS2OwT1h0TQ,0*45
\s:66,c:1782377509*4A\!AIVDM,1,1,,A,35Ncd3UP00o<u9hKi:h>4?wP2Dm:,0*6B
\s:66,c:1782377377*45\!AIVDM,1,1,,B,14TkDJ000HTH7F:;aERk24a60@F2,0*4D
\s:66,c:1782377512*40\!AIVDM,1,1,,B,13SSk`PP01Q1ShBIteUuEgwb00Rf,0*4F
\s:66,c:1782377512*40\!AIVDM,1,1,,A,369CU15000`LOqn>1@D=wa=:2ENb,0*38
\s:66,c:1782377512*40\!AIVDM,1,1,,A,33lLi`000<12WeBDP2=h001p0000,0*42
\s:66,c:1782377330*46\!AIVDM,1,1,,A,377mg910007h8?2<>p9;BmkT0DW:,0*34
\s:66,c:1782377513*41\!AIVDM,1,1,,B,17m3v@hP01WaWe9tQ<JMhOwd253<,0*6D
\s:66,c:1782377503*40\!AIVDM,1,1,,A,36;4O210017iKQL<;lc57WcB0000,0*25
\g:1-2-5199693,s:66,c:1782377218*07\!AIVDM,2,1,3,A,56;4O202==`T8t<sN20QD61<PDpN37F222222216HHN;E5d1NS4BC`6R,0*11
\g:2-2-5199693*65\!AIVDM,2,2,3,A,3mKhj2CPH888880,2*61
\s:66,c:1782377500*43\!AIVDM,1,1,,A,18I4EC011cRa`TH=EDaF7m7@08Gm,0*5C
\s:66,c:1782377510*42\!AIVDM,1,1,,A,18I;R`002`7ADI>1JI0ckaMN0@MD,0*69
\s:66,c:1782377514*46\!AIVDM,1,1,,B,15D3KH?P01rBAOb5Fsi5f?wf2<6m,0*26
\s:66,c:1782377513*41\!AIVDM,1,1,,B,B52dOEh00>`NO?UTg>cQ3wrQl000,0*57
\s:66,c:1782377515*47\!AIVDM,1,1,,A,38I;6710007KtEV0gJEAJkob0E;b,0*5D
\s:66,c:1782377510*42\!AIVDM,1,1,,A,B40awQ009h>?VTWjbklS0LN00000,0*7C
\g:1-2-5199694,s:66,c:1782377218*00\!AIVDM,2,1,4,A,59NSjCD2CPngDhpcV2059T622222222222222216EHM:F5cdN@RC`1im,0*31
\g:2-2-5199694*62\!AIVDM,2,2,4,A,`88888888888880,2*78
\s:66,c:1782377470*45\!AIVDM,1,1,,B,371?UT5P0041wt:>INLiV?v>0000,0*4A
\s:66,c:1782377515*47\!AIVDM,1,1,,A,35?dd30wkTPmWg?u==<HPngd2000,0*58
\s:66,c:1782377508*4B\!AIVDM,1,1,,B,B39RPR00>0ET5b8PERU2Kwp1j0Ai,0*62
\s:66,c:1782377515*47\!AIVDM,1,1,,B,368upP801`88Ilh<vdcnSUaf00@3,0*08
\s:66,c:1782377512*40\!AIVDM,1,1,,B,13ku;>h02BP9c1TMGo`0E@CT0HMr,0*1B
\s:66,c:1782377509*4A\!AIVDM,1,1,,A,169DUvh01T8eeTLA<H8hNP1P0000,0*78
\s:66,c:1782377512*40\!AIVDM,1,1,,B,160SvGP007SQL0t@@<k=KbKV0D68,0*39
\s:66,c:1782377515*47\!AIVDM,1,1,,B,15MsKU0000GRbN@CDMh4rqSh0@P`,0*16
\s:66,c:1782377502*41\!AIVDM,1,1,,A,3815O@E0@0T2uO@>Ho7qcAI>0000,0*35
\s:66,c:1782377513*41\!AIVDM,1,1,,B,B3?r8q00@ot:qM5=w>HhGwrQh@O9,0*21
\s:66,c:1782377517*45\!AIVDM,1,1,,B,D02R3WhRlNfq6DO6D0,4*21
\s:66,c:1782377510*42\!AIVDM,1,1,,A,B3mSkf0008FD11b35eL@Swq5oP06,0*3A
\s:66,c:1782377516*44\!AIVDM,1,1,,A,13m9ja0P00PL1BbSgg4N4?wh20T0,0*4D
\s:66,c:1782377504*47\!AIVDM,1,1,,A,H3aI;0h`tTqB04AHDqAE8D00000,2*17
\s:66,c:1782377513*41\!AIVDM,1,1,,A,H3aI;0lTCBD4U1c@3llnq01@2120,0*1C
\s:66,c:1782377511*43\!AIVDM,1,1,,B,16:2`<00277>i3h1UihcSa?R053<,0*1B
\s:66,c:1782377514*46\!AIVDM,1,1,,A,H3Erhh0l4qDDh40000000000000,2*1D
\s:66,c:1782377510*42\!AIVDM,1,1,,A,38VH?T01A3SQDAt@@E7k?BMV06FS,0*34
\s:66,c:1782377511*43\!AIVDM,1,1,,B,402E34ivad`kjPGt@4NRM3w020S:,0*73
\s:66,c:1782377513*41\!AIVDM,1,1,,B,24aO06002B`etqrAlk<Kt9UV08Nl,0*5C
\s:66,c:1782377514*46\!AIVDM,1,1,,A,H3Erhh4U7B=40110000000105224,0*77
\s:66,c:1782377517*45\!AIVDM,1,1,,A,13aFdWPP00PCm<dMFFb00?wj2HQe,0*55
\s:66,c:1782377393*4F\!AIVDM,1,1,,A,39NSjCE0005u1Eh:5B@4Pk=p0lRJ,0*3A
\g:1-2-5199695,s:66,c:1782377517*09\!AIVDM,2,1,5,B,568upP8000000000001=DV0L4pN1TTr37T00000l1pD731N;N:Qm@CQp,0*7D
\g:2-2-5199695*63\!AIVDM,2,2,5,B,6R3m@0000000000,2*68
\s:66,c:1782377518*4A\!AIVDM,1,1,,B,13Qi6<3P@j0MvlvNs6qpHnGH0HQj,0*2D
\s:66,c:1782377517*45\!AIVDM,1,1,,B,177h7i001lPPH8pNw7<CJjif00St,0*06
\s:66,c:1782377509*4A\!AIVDM,1,1,,A,13aBNRPP000BN7VMf9EP0?wP0<3w,0*21
\g:1-2-5199696,s:66,c:1782377506*0A\!AIVDM,2,1,6,A,53l3oCD2DW1`=7;?761=@tiB08U<mE@R2222221BAhGD79iU0JE4`2Dj,0*09
\g:2-2-5199696*60\!AIVDM,2,2,6,A,C384REQDP000000,2*3C
\s:66,c:1782377510*42\!AIVDM,1,1,,A,1815UA@01d05knf3JO2;3`sJ053<,0*23
\s:66,c:1782377503*40\!AIVDM,1,1,,A,B6:J=hP002;N>P4B40rIwwv63P06,0*62
\s:66,c:1782377503*40\!AIVDM,1,1,,B,83aC2V@j2d<dtteutAq@qga@;@t0,0*50
\s:66,c:1782377509*4A\!AIVDM,1,1,,B,13eKcL0000WK6Bf0f25H:nWN0<:v,0*3C
\s:66,c:1782377507*44\!AIVDM,1,1,,B,34QsFHhOh10pnODEkVeDEkH<0P00,0*36
\s:66,c:1782377506*45\!AIVDM,1,1,,B,B5N93d000=ktiL6lDPRewwoUgP06,0*37
\s:66,c:1782377509*4A\!AIVDM,1,1,,A,18HwO9001=rQlNTFKNDcCI5D053<,0*2A
\s:66,c:1782377509*4A\!AIVDM,1,1,,A,13:5uL02jA0fo7rO9L<1jAKR08M0,0*37
\s:66,c:1782377510*42\!AIVDM,1,1,,B,4h5GdPivad`kiWLL8@0kud700@MD,0*5C
\s:66,c:1782377510*42\!AIVDM,1,1,,B,1387Gp002QOSqwBLsfFnCU1P08Mn,0*09
\s:66,c:1782377506*45\!AIVDM,1,1,,A,3kIS:27P1COhde6JSnODHkVf0000,0*06
\s:66,c:1782377509*4A\!AIVDM,1,1,,A,B3uOUfP000G?5f973=kCfaN00000,0*44
\s:66,c:1782377511*43\!AIVDM,1,1,,B,16SfBrPP02a=:flCuFqQ815T2<8?,0*78
\s:66,c:1782377509*4A\!AIVDM,1,1,,A,D06uUU@N9>fppm>GM5m?6DkU>GL,2*3B
\s:66,c:1782377511*43\!AIVDM,1,1,,B,13ctmr3P00Q>w8FG90u1qOvf08N8,0*70
\s:66,c:1782377508*4B\!AIVDM,1,1,,,18LWfl5wh0P9wWPM;mlcCrmN1000,0*7B
\s:66,c:1782377509*4A\!AIVDM,1,1,,A,14WW<8001M`i8PDAg4>:N8cP00Rb,0*1D
\s:66,c:1782377503*40\!AIVDM,1,1,,A,14hCGm00000canRGNft9aReD0000,0*1C
\s:66,c:1782377507*44\!AIVDM,1,1,,B,18;;n10P1k`aFMT8EukingwL2<2i,0*7A
\s:66,c:1782377512*40\!AIVDM,1,1,,B,H6ld2BPd4l5:04j0dP4U:222220,2*71
\s:66,c:1782377512*40\!AIVDM,1,1,,B,H6ld2BU=653407n:F34pPP10j550,0*76
\s:66,c:1782377512*40\!AIVDM,1,1,,A,B8SjW=h001rLnR1P>D5:psqTSP06,0*63
\s:66,c:1782377512*40\!AIVDM,1,1,,A,337J1R0PBgP6G2VM?qfc=`oT00M@,0*55
\s:66,c:1782377511*43\!AIVDM,1,1,,A,169>=dU01G8feu0ASFdU2SaT00SA,0*31
\s:66,c:1782377507*44\!AIVDM,1,1,,B,B5NEs=00<p5nanV<T=4mgwo7kP06,0*20
\s:66,c:1782377510*42\!AIVDM,1,1,,B,17ldgq@P01WLtU00VaH>4?wT28MP,0*68
\s:66,c:1782377513*41\!AIVDM,1,1,,B,136=egP01B0A0;hMItA==rab00SM,0*71
\s:66,c:1782377505*46\!AIVDM,1,1,,A,17lcn:8P1G`L<:D05I4@OwwH253<,0*3C
\s:66,c:1782377512*40\!AIVDM,1,1,,A,1kFDrl3Oh12mo6kubG44t6AP0P00,0*4B
\s:66,c:1782377408*4A\!AIVDM,1,1,,A,C69sP1P00::TOL3akdv0kwP0`B:HNL?eSiiiKeW;1110?0000020,0*64
\s:66,c:1782377512*40\!AIVDM,1,1,,B,17lccTKP00W@9801eUUv4?wV2@Ms,0*62
\s:66,c:1782377513*41\!AIVDM,1,1,,B,B6:c?2P0>B29Tv3>IjsGNchVCP06,0*2C
\g:1-2-5199697,s:66,c:1782377464*0E\!AIVDM,2,1,7,A,581:Ln42C1SmKL7?W3<dTpL8U8B0598uN222221@?HRA75cn0AASl`3l,0*17
\g:2-2-5199697*61\!AIVDM,2,2,7,A,Q1DTp8888888880,2*1B
\s:66,c:1782377514*46\!AIVDM,1,1,,A,17lu:3wP00WL;;N0cOVP@?wb2<ER,0*2B
\s:66,c:1782377506*45\!AIVDM,1,1,,A,13`nu@P000L@CIr2k`33ij38053<,0*30
\s:66,c:1782377477*42\!AIVDM,1,1,,A,13lew<50651M:gD9TnWb:64T0d5D,0*7A
\s:66,c:1782377513*41\!AIVDM,1,1,,A,18LgI=UP017=kjJ7QNSN4?wb2U3<,0*76
\s:66,c:1782377514*46\!AIVDM,1,1,,B,17lcn:8P1I`L<;j05IrhNOwb20S4,0*0E
\s:66,c:1782377514*46\!AIVDM,1,1,,A,35Wf2:;013s6UWN:BbFsDa3b00nh,0*44
\s:66,c:1782377511*43\!AIVDM,1,1,,A,34hRT60P1c0BVIRFc40aRWSR0000,0*30
\s:66,c:1782377515*47\!AIVDM,1,1,,A,B8I05<000Ann;sP;=foQ3ws5kP06,0*24
\s:66,c:1782377512*40\!AIVDM,1,1,,,18LWfl5wh0P9wWPM;mlcCrmV1000,0*63
\s:66,c:1782377499*42\!AIVDM,1,1,,A,181:Ln001gT7RIb=n?bT7CA@0HG=,0*67
\s:66,c:1782377510*42\!AIVDM,1,1,,B,E>m>;Qi`:8@;aP00000000000003e1Po0HGd`20@@@p000,4*73
\s:66,c:1782377515*47\!AIVDM,1,1,,A,16:<Be000M`frj@ARFl;G?wd0000,0*4A
\s:66,c:1782377513*41\!AIVDM,1,1,,B,B3n4q9000@5qMr8`TvoQ3wr1h000,0*56
\s:66,c:1782377503*40\!AIVDM,1,1,,B,37WK<?1000T2S2`>Rc<Ss3UF2DG:,0*60
\s:66,c:1782377512*40\!AIVDM,1,1,,A,177Jf?00237@0gh1Q?1KTIAR00Re,0*51
\s:66,c:1782377515*47\!AIVDM,1,1,,A,H3IbQh10TlDqB18uDLD00000000,2*33
\s:66,c:1782377515*47\!AIVDM,1,1,,B,H3IbQh4UCBD;6==61<khjk0`:25t,0*45
\s:66,c:1782377512*40\!AIVDM,1,1,,A,B52l=<P006T4v6SsD9H01NN00000,0*6C
\s:66,c:1782377516*44\!AIVDM,1,1,,B,19NSI;001L8Tu8NF7dfkkC1d0HPO,0*52
\g:1-2-5199698,s:66,c:1782377511*02\!AIVDM,2,1,8,B,5815`2H2Ch<IKL7?;K@@iK;3300000000000001S6r3?G5cb0D550j0@,0*30
\g:2-2-5199698*6E\!AIVDM,2,2,8,B,000000000000000,2*2F
\s:66,c:1782377517*45\!AIVDM,1,1,,A,1815`2@1@0sUlUD64d5H6p=h00Rp,0*09
\g:1-2-5199699,s:66,c:1782377511*03\!AIVDM,2,1,9,A,8>m>;Qh0GjuWW82Kv;:<i@lr`TTtmuFT?wl?wnSwe7wvlOwwsAwwnSGm,0*73
\g:2-2-5199699*6F\!AIVDM,2,2,9,A,wwh000,4*43
\s:66,c:1782377517*45\!AIVDM,1,1,,B,337J1R0PBgP6Fo0M?qwK;8mf00V@,0*20
\s:66,c:1782377517*45\!AIVDM,1,1,,A,1387Gp002QOSr52Lse26CU1h00Rl,0*39
\s:66,c:1782377503*40\!AIVDM,1,1,,B,33cJ>B5005PF55tMvpb@SjoD8P00,0*01
\s:66,c:1782377504*47\!AIVDM,1,1,,A,33n8<`00001FoNpWoKpu=69p0000,0*3E
\s:66,c:1782377506*45\!AIVDM,1,1,,A,B3aQeE00085i0MWPBntRKwo5oP06,0*3C
\s:66,c:1782377503*40\!AIVDM,1,1,,A,3771tC50008<QTj<wUc3NjoD0000,0*3C
\s:66,c:1782377508*4B\!AIVDM,1,1,,A,1815:@@v1tPv40`E0?fcTq;J0@LV,0*11
\s:66,c:1782377509*4A\!AIVDM,1,1,,B,16:5pgUP008fHiFA<HBH8bCN0l3w,0*76
\s:66,c:1782377510*42\!AIVDM,1,1,,B,138Vgd001KPHDDNQipQ7@EoR0@Mk,0*26
\s:66,c:1782377504*47\!AIVDM,1,1,,B,16:@1fQP008fwT0AoqW04gwF20Lc,0*34
\s:66,c:1782377504*47\!AIVDM,1,1,,A,33m9gtP2000tWBJV>W7AVQIp0000,0*6F
\s:66,c:1782377511*43\!AIVDM,1,1,,B,13c`e?001hPapkrIB>0tHauT0<5:,0*05
\s:66,c:1782377510*42\!AIVDM,1,1,,B,13IUVB0P0jOQrGRKEiBSoOwV00Rv,0*3F
\s:66,c:1782377511*43\!AIVDM,1,1,,B,13l3q10w1T0WTnLEwCF:N8E`08N?,0*2C
\s:66,c:1782377512*40\!AIVDM,1,1,,A,18I7tt80007Ji>V0dm?QaD?R0@N?,0*3B
\s:66,c:1782377510*42\!AIVDM,1,1,,B,40475Pivad`kjaj?vhCeqf700<5m,0*74
\s:66,c:1782377500*43\!AIVDM,1,1,,B,155et`E0?w<tSF0l4Q@>4:cv0`GO,0*01
\s:66,c:1782377512*40\!AIVDM,1,1,,A,13l3o=P0000BgrVMfuuDCqEV0D2o,0*1F
\s:66,c:1782377512*40\!AIVDM,1,1,,A,169`VJ0P0q`gfS@AlIP5AOwV2HNB,0*6F
\s:66,c:1782377509*4A\!AIVDM,1,1,,A,14RrS7001aNQcuN8vTcPe0UR0@Lc,0*54
\s:66,c:1782377512*40\!AIVDM,1,1,,B,13`lSP@1BqQE`BHPE>IojFAV80S5,0*4C
\s:66,c:1782377512*40\!AIVDM,1,1,,A,16:4JJ0P1c`LHMP=vDlnsww:20RE,0*35
\s:66,c:1782377484*4E\!AIVDM,1,1,,A,1815VO@01Q2fhmV;oH3e3rNj0@>;,0*7F
\g:1-2-5199700,s:66,c:1782377513*00\!AIVDM,2,1,0,B,58I>RK80?oI7UHDwF21<puN0HhuLE:2222222216@HK7B5e8DGAhQ5T`,0*3A
\g:2-2-5199700*6E\!AIVDM,2,2,0,B,888888888888880,2*27
\s:66,c:1782377513*41\!AIVDM,1,1,,A,38I>RK0uj8wae4HL>0`2`j9`0Dhu,0*71
\s:66,c:1782377505*46\!AIVDM,1,1,,A,14eGM8p000G<P:nL<s8nCmsL0HJh,0*55
\s:66,c:1782377510*42\!AIVDM,1,1,,B,13m<wT001V0J=j`QLt:E>l9V08MO,0*5E
\s:66,c:1782377439*48\!AIVDM,1,1,9,B,C>1J:6P01atrPq13jVdfoTN0QRHhM1gk09Wi1111111000D2RRR0,0*09
\s:66,c:1782377513*41\!AIVDM,1,1,,B,19wvda000005qj<3Q0e8D5?`0D1V,0*39
\s:66,c:1782377510*42\!AIVDM,1,1,,B,402E;7ivad`kjP@hp<Nob9g02@Mj,0*6D
\s:66,c:1782377508*4B\!AIVDM,1,1,,B,19Hl>Rh00d8d6ElAwKt5M4MR0HLH,0*0C
\s:66,c:1782377513*41\!AIVDM,1,1,,A,862?e3h0G@:?>G1?6600,0*5E
\s:66,c:1782377513*41\!AIVDM,1,1,,B,16;<wO0017`fg`RA2>0W4EC`0000,0*30
\s:66,c:1782377486*4C\!AIVDM,1,1,,A,19NSkF000g7h?IB<?uo<Canh0H?c,0*07
\s:66,c:1782377495*4E\!AIVDM,1,1,,B,39NSkF000g7h?F8<?v=t@qm40351,0*05
\s:66,c:1782377349*48\!AIVDM,1,1,,B,36:7gpQ001Wh:c@<BPddDmdB2E;b,0*73
\g:1-2-5199701,s:66,c:1782377363*00\!AIVDM,2,1,1,A,59NSkF82HSjWDhu?:21PT4pN0IF2222222222216Fp@A?5cQ0RPk`1PC,0*4B
\g:2-2-5199701*6F\!AIVDM,2,2,1,A,`88888888888880,2*7D
\g:1-2-5199702,s:66,c:1782377283*0C\!AIVDM,2,1,2,B,59NSN<`2=PLpCD4SB20I=>1<P4pLP4V222222216B@:8=5bU0CCkDkj8,0*55
\g:2-2-5199702*6C\!AIVDM,2,2,2,B,888888888888880,2*25
\s:66,c:1782377510*42\!AIVDM,1,1,,A,B3aQeE00085i0M7PBo0RKwq5oP06,0*07
\s:66,c:1782377512*40\!AIVDM,1,1,,B,16:Ema5P008LE8N=w4>v47g00`13,0*43
\s:66,c:1782377514*46\!AIVDM,1,1,,A,19NSa9h00rWHDfp0jwKTul1b2<3U,0*2C
\s:66,c:1782377511*43\!AIVDM,1,1,,A,360KTrEw003SShH@>Rb3ArAP0000,0*00
\g:1-2-5199703,s:66,c:1782377514*04\!AIVDM,2,1,3,A,57tG>C42At>kTlhkV20u8dTn0@U<<uHE9V22221@<PD<85LjN=4l3lQH,0*51
\g:2-2-5199703*6D\!AIVDM,2,2,3,A,5hQhH8888888880,2*33
\s:66,c:1782377513*41\!AIVDM,1,1,,B,B9swbf006Is@bL1NHwRu3wqW3P00,0*5A
\s:66,c:1782377513*41\!AIVDM,1,1,,A,15N`sC?P00GRSR>CBwPB6gw`253<,0*53
\g:1-2-5199704,s:66,c:1782377509*0F\!AIVDM,2,1,4,A,54hDA@80?M7I`LIK800`uT00000000000000000U58M47=d707QT`0CU,0*62
\g:2-2-5199704*6A\!AIVDM,2,2,4,A,000000000000000,2*20
\s:66,c:1782377509*4A\!AIVDM,1,1,,A,33otF>0:2J0rAoHVe5iJ6HON00S@,0*5A
\s:66,c:1782377513*41\!AIVDM,1,1,,A,B8Hu@F00a9np`E0;dHVMWwq5oP06,0*65
\g:1-2-5199705,s:66,c:1782377338*0A\!AIVDM,2,1,5,A,59t6bq`2AD@wTi?OO?@mE<d0000000000000001I:0I:95bg0=kkDkj0,0*60
\g:2-2-5199705*6B\!AIVDM,2,2,5,A,000000000000000,2*21
\s:66,c:1782377515*47\!AIVDM,1,1,,B,13aGrU@01OPG=ilNAUr4nkoTR0S@,0*54
\s:66,c:1782377515*47\!AIVDM,1,1,,A,19NSnISOhc3Ol4b@Bvv4GCAf08P6,0*3E
\s:66,c:1782377512*40\!AIVDM,1,1,,A,14`wwf0P1GJK7gB>iRQI3OwV053<,0*6A
\s:66,c:1782377516*44\!AIVDM,1,1,,A,16:4JJ0P1c`LHN0=vBfW0Owf20St,0*74
\s:66,c:1782377510*42\!AIVDM,1,1,,A,13aGCvgP0rPGCH8N2g7uIwwT2@MT,0*49
\s:66,c:1782377513*41\!AIVDM,1,1,,A,15?d`=@00=PpaVTIMhL9pGK`00SV,0*1A
\s:66,c:1782377515*47\!AIVDM,1,1,,A,15Pm>oPP00GWlqjBdh100?wb0D1r,0*4B
\s:66,c:1782377515*47\!AIVDM,1,1,,B,16:7l1PP1>`eL6hA9qG2jwwf253<,0*12
\s:66,c:1782377513*41\!AIVDM,1,1,,A,33otF>0:BI0rAdrVe5gJ>HaT01=h,0*6D
\s:66,c:1782377515*47\!AIVDM,1,1,,A,18SK5vpP1UWca>d5rk5k2?wV0d65,0*36
\s:66,c:1782377516*44\!AIVDM,1,1,,A,35O58@P000Js1MjH?W1t9agp0000,0*47
\s:66,c:1782377510*42\!AIVDM,1,1,,B,36:dGs1P00`ccEbB1qEJOgwp0000,0*4E
\s:66,c:1782377515*47\!AIVDM,1,1,,A,B3aQeE00085i0MWPBo4RKws5oP06,0*61
\s:66,c:1782377517*45\!AIVDM,1,1,,B,15Cl6r0P01rB?P05F?ov4?wj253<,0*0F
\s:66,c:1782377518*4A\!AIVDM,1,1,,A,19MVM10P03Pn?7;uAJw:nOwj2<13,0*24
\s:66,c:1782377440*46\!AIVDM,1,1,,B,39NSo7m0005u?88:8PSen5Sn0DwJ,0*03
\s:66,c:1782377510*42\!AIVDM,1,1,,A,17lcmb8P008Fahmw>N9ev?wR08MD,0*64
\s:66,c:1782377505*46\!AIVDM,1,1,,B,344VF;P02;V7ae>3;JN3PBoH2j?k,0*09
\s:66,c:1782377507*44\!AIVDM,1,1,,B,B7P=m`0003:i6duME0sQ0BoQl000,0*4D
\s:66,c:1782377509*4A\!AIVDM,1,1,,B,16:fni000a`8JAr<v@eVpEQp0000,0*24
\s:66,c:1782377504*47\!AIVDM,1,1,,A,13n4h50OhjPisjpQpFTQ8Q7F0<19,0*70
\s:66,c:1782377507*44\!AIVDM,1,1,,B,33n4h50OhiPislDQpFeA@1=L0A`d,0*08
\s:66,c:1782377510*42\!AIVDM,1,1,,A,18SoNP0uj7WdlBb5tV2k0RIN0D48,0*39
\s:66,c:1782377511*43\!AIVDM,1,1,,A,176u@C01ASrB:6d5HLko<EgT2D6s,0*67
\s:66,c:1782377511*43\!AIVDM,1,1,,B,13mq3p001M0kB=:Pt:uUFD=T0PRq,0*0C
\s:66,c:1782377509*4A\!AIVDM,1,1,,B,13n4vH0000PlnLnU3NT4FaeN0D0t,0*47
\s:66,c:1782377508*4B\!AIVDM,1,1,,B,13m6b@0P00PKRs2SSO2eVOwN0D0<,0*76
\s:66,c:1782377512*40\!AIVDM,1,1,,A,139Ew801ja1e@wQd@tW:kpWT0HNS,0*6F
\g:1-2-5199706,s:66,c:1782377508*0C\!AIVDM,2,1,6,A,56:>I7P000022222220iE4T4t`T4q<PE`QD4pOQQ50D?<2`d06FR3mH4,0*56
\g:2-2-5199706*68\!AIVDM,2,2,6,A,j0C`88888888880,2*5B
\s:66,c:1782377507*44\!AIVDM,1,1,,B,13dPg6;P04Q1c@vDA5j3:gwN2HKq,0*55
\s:66,c:1782377489*43\!AIVDM,1,1,,B,17N1ERP00l2esDt;mAQtpbQv0D6W,0*71
\s:66,c:1782377512*40\!AIVDM,1,1,,B,1:0eKb0P01a=?;dD4H`3sgwT28L;,0*2E
\s:66,c:1782377499*42\!AIVDM,1,1,,B,16;3Hf002:2Pkel>vs6EW4Q<0HGA,0*34
\s:66,c:1782377493*48\!AIVDM,1,1,,A,B8SSG:P069u;?HQ3HFAKGwhUoP06,0*25
\s:66,c:1782377449*4F\!AIVDM,1,1,,B,15?dNF001UWohL8;QBAkqS9P08L8,0*07
\s:66,c:1782377505*46\!AIVDM,1,1,,A,33l3p=001m0Gm8TNbj9Ij7mL0000,0*54
\s:66,c:1782377512*40\!AIVDM,1,1,,A,18SK6OP0007aJEh;qEPpSU?T053<,0*57
\s:66,c:1782377472*47\!AIVDM,1,1,,B,144W:6001R2umbd8phQmjDfH053<,0*16
\s:66,c:1782377511*43\!AIVDM,1,1,,A,144VF;P02<V7amf3;JNCSBoT2U3<,0*54
\s:66,c:1782377513*41\!AIVDM,1,1,,A,38158CU0000n;mmu@e:klpO`0E1:,0*1E
\s:66,c:1782377339*4F\!AIVDM,1,1,,A,369GID1P057h>A8<I@QmGgwl0Dpr,0*68
\s:66,c:1782377513*41\!AIVDM,1,1,,A,13b2I<000r0Dhh2N?TdbI8QV0L4C,0*5B
\s:66,c:1782377508*4B\!AIVDM,1,1,,A,19NSuQh02B8j8>tCn6UG8EgL0L1P,0*5D
\s:66,c:1782377508*4B\!AIVDM,1,1,,A,13m6Cc00000KLw4QLRwdgW?P0@La,0*75
\s:66,c:1782377512*40\!AIVDM,1,1,,A,B3m<KD00086T8N8r@uhi7wr5oP06,0*55
\s:66,c:1782377510*42\!AIVDM,1,1,,A,152hoCPP00rqQ>JGgF:f4?wT2D1g,0*40
\g:1-2-5199707,s:66,c:1782377209*0B\!AIVDM,2,1,7,B,55?dNF8235ao<G?KS61PTr1UD4r23;;N22222216<H?885eGN<Pk`11i,0*5F
\g:2-2-5199707*69\!AIVDM,2,2,7,B,p88888888888880,2*68
\s:66,c:1782377514*46\!AIVDM,1,1,,B,13Ijli0000P0Va`LCmrMe8gb053<,0*39
\s:66,c:1782377512*40\!AIVDM,1,1,,A,13aJHP0P02PD:ulMd:QN4?w`R53<,0*3A
\s:66,c:1782377509*4A\!AIVDM,1,1,,A,13fK`3W00JOMklpM52CLw:MT0@M0,0*2E
\s:66,c:1782377512*40\!AIVDM,1,1,,A,H39UokTT65340004;6APPP5H2150,0*52
\s:66,c:1782377513*41\!AIVDM,1,1,,A,36:B@sPP@I8OGhhF9C<QAc?d0Qrh,0*02
\s:66,c:1782377506*45\!AIVDM,1,1,,A,EvjMkO1cb3h4;nRnQI00000000008mFP?5MUh<1QQPN000,4*26
\s:66,c:1782377508*4B\!AIVDM,1,1,,B,36:JrrPP@58dw>@As>3RSnsP012P,0*60
\s:66,c:1782377509*4A\!AIVDM,1,1,,B,16:B@sPP@M8OGh<F9C71JP9R0l79,0*19
\s:66,c:1782377516*44\!AIVDM,1,1,,B,1815=vh01p`ahMf>mf68PFgH053<,0*30
\s:66,c:1782377516*44\!AIVDM,1,1,,A,15?dhwP01m7?`H>1RlCsT9?h08Pq,0*68
\s:66,c:1782377517*45\!AIVDM,1,1,,B,33@pk5@P200hfnFQ1A@K1?wh060S,0*11
\s:66,c:1782377517*45\!AIVDM,1,1,,B,1815Kc001p7VcV@2cs`H2VOf00S>,0*7F
\s:66,c:1782377516*44\!AIVDM,1,1,,B,144VF;P02;V7asp3;JMSQBmh2PS9,0*17
\s:66,c:1782377493*48\!AIVDM,1,1,,A,16?Umb01AVT3jur?BRqcOI>t0D4;,0*52
\s:66,c:1782377512*40\!AIVDM,1,1,,B,15MPN28000G?hAhKAM?cQCiV1>7P,0*2F
\s:66,c:1782377501*42\!AIVDM,1,1,,A,18I0S70wQ0T<spL=Q>mr``S608HF,0*1D
\s:66,c:1782377470*45\!AIVDM,1,1,,B,33ku9AA002T2nOB>K8D`GAF>0Dg:,0*0B
\s:66,c:1782377517*45\!AIVDM,1,1,,A,13n4vH0000PlnLpU3NT7t9gh0<0t,0*6F
\s:66,c:1782377512*40\!AIVDM,1,1,,B,138ag6002VPpFaJOB6Tp8nQT0<15,0*42
\s:66,c:1782377510*42\!AIVDM,1,1,,B,403t7f1vad`ki8fP@DABURB00<;5,0*69
\s:66,c:1782377508*4B\!AIVDM,1,1,,B,1:kJhm8001ri5@mbkvQ6rUuN00SK,0*1C
\s:66,c:1782377508*4B\!AIVDM,1,1,,B,13`nIr?0000BG<PMfn2:TBoR0<7h,0*71
\s:66,c:1782377509*4A\!AIVDM,1,1,,B,16:RB=00138g:s@AOKn4gkEN0E3w,0*48
\s:66,c:1782377509*4A\!AIVDM,1,1,,,18LLoP0v1LGTaOrBkL`mrTeP0000,0*5E
\s:66,c:1782377504*47\!AIVDM,1,1,,A,16:Ie40000`hVHBAUQ>h5?wF0000,0*7F
\s:66,c:1782377508*4B\!AIVDM,1,1,,A,18Ljlv1P007=qDF7Ru:v4?wP2U3<,0*13
\s:66,c:1782377509*4A\!AIVDM,1,1,,A,19NSsJP01q0EH8DEBmVb?8AN0D<P,0*25
\s:66,c:1782377508*4B\!AIVDM,1,1,,A,13HnBt8P06P4lpnLkTILTgwP2<1D,0*55
\s:66,c:1782377506*45\!AIVDM,1,1,,B,15PH6S@P?w<tSF0l4Q@>4?wv1@nF,0*4D
\s:66,c:1782377506*45\!AIVDM,1,1,,A,14QJ640000o?p<TEa0UdD6?H0D2D,0*50
\s:66,c:1782377512*40\!AIVDM,1,1,,B,B6:MH;P00J79pq3OAA8oldv021Mk,0*00
\s:66,c:1782377509*4A\!AIVDM,1,1,,A,13Fv?F0000OiqChHl03<CBkT00RL,0*2A
\s:66,c:1782377504*47\!AIVDM,1,1,,B,16KUKT002oWNfR01O9Hegs1@00Rv,0*48
\s:66,c:1782377509*4A\!AIVDM,1,1,,A,1:1lVF3P?w<tSF0l4Q@>4?wv1d1j,0*55
\s:66,c:1782377512*40\!AIVDM,1,1,,A,13wkuNP01n1GAGhPAt7Pe0QT0U3<,0*1C
\s:66,c:1782377470*45\!AIVDM,1,1,,B,16<fwCp01C``J`@>iNaDgShB20Si,0*0E
\s:66,c:1782377511*43\!AIVDM,1,1,,B,16:nTJ001I8hH4VAh2Ic99IV08Mv,0*77
\s:66,c:1782377511*43\!AIVDM,1,1,,A,33aN3Po00P0EOw@NBku73m?V05tS,0*68
\s:66,c:1782377510*42\!AIVDM,1,1,,B,13m9rC0P4D0L@8tNl`h5`Owb053<,0*0D
\s:66,c:1782377225*43\!AIVDM,1,1,,B,18v6?r700P1ES:OcjOoU4T:60<0:,0*02
\s:66,c:1782377513*41\!AIVDM,1,1,,B,15ANA41P2HrB:N>5Fc=ua?wb2<1J,0*5C
\s:66,c:1782377512*40\!AIVDM,1,1,,B,23eoA410017b;6t5lsNGl8=`0D46,0*2B
\s:66,c:1782377501*42\!AIVDM,1,1,,A,15?di8m01r7h0IN<C?`6wUPb08HV,0*4E
\s:66,c:1782377509*4A\!AIVDM,1,1,,B,13o;5p7000PL1KPSggGc8WMT00RK,0*1F
\s:66,c:1782377511*43\!AIVDM,1,1,,,11lrr@?P?w8V`;h8Natf45eHP53<,0*72
\s:66,c:1782377501*42\!AIVDM,1,1,,B,3815Sg@01DTDW8r<1cKF@5C<0OHC,0*0B
\s:66,c:1782377513*41\!AIVDM,1,1,,B,33ku:4E0@00tHblBm526o9;b0Dg:,0*0A
\s:66,c:1782377513*41\!AIVDM,1,1,,A,16tWD`000:`k434A0HQGUB?d08OP,0*60
\s:66,c:1782377513*41\!AIVDM,1,1,,B,18HsFW0P0;WJb0t0f1p4?Owd0L?U,0*00
\g:1-2-5199708,s:66,c:1782377355*0C\!AIVDM,2,1,8,A,5815Sg@2A8QqKL7K;78<50F1<P4pM8Th62222216O0cID5lo0ED3lU81,0*7D
\g:2-2-5199708*66\!AIVDM,2,2,8,A,C2FP@QE28888880,2*2D
\s:66,c:1782377514*46\!AIVDM,1,1,,B,16SgCk?P179=JrVCwVJFpgwcr0SJ,0*0B
\s:66,c:1782377451*46\!AIVDM,1,1,,B,33nQ2N5000RfBNb=inQ1RaOV0DOJ,0*38
\g:1-2-5199709,s:66,c:1782377464*08\!AIVDM,2,1,9,B,56K:Pr82C4ucLe4J220ID`V0Pu8U`tr22222221?PhVCO5jm0BPED21H,0*62
\g:2-2-5199709*67\!AIVDM,2,2,9,B,888888888888888,2*26
\s:66,c:1782377513*41\!AIVDM,1,1,,B,H3;96D0h5`Td6o4000000000000,2*7C
\s:66,c:1782377513*41\!AIVDM,1,1,,A,H3;96D4Ni1hhphkl<@?j0000R0;0,0*50
\s:66,c:1782377513*41\!AIVDM,1,1,,B,33l3p1@t0D0>BahE2g9j9Q5V0000,0*76
\s:66,c:1782377512*40\!AIVDM,1,1,,B,169a6NP0008Ua<pEtd5Rj7mV0L30,0*09
\g:1-2-5199710,s:66,c:1782377510*02\!AIVDM,2,1,0,A,55MwpVD000000000000<Mu0tm04pt0000000000o1h<4200004@00000,0*28
\g:2-2-5199710*6F\!AIVDM,2,2,0,A,000000000000000,2*24
\g:1-2-5199711,s:66,c:1782377341*01\!AIVDM,2,1,1,B,55?di8h2AH7O<D7G7WMHu<<v1A84@E:222222216DHKG95eBN?0k`11i,0*26
\g:2-2-5199711*6E\!AIVDM,2,2,1,B,p88888888888880,2*6E
\s:66,c:1782377512*40\!AIVDM,1,1,,A,352k0ah000I<wST@rG9jU05p0000,0*73
\s:66,c:1782377513*41\!AIVDM,1,1,,A,B7tLqWh0iQkpBjPInc6NuwJ008Ni,0*25
\s:66,c:1782377512*40\!AIVDM,1,1,,A,152k0aw001q<wST@rG9jU@5`2HNe,0*66
\s:66,c:1782377513*41\!AIVDM,1,1,,,18LLoP001LGTaQlBkLBUqTe`0000,0*31
\s:66,c:1782377515*47\!AIVDM,1,1,,A,B6:ia1@0<B9aH?TTSa:CwwrSQP06,0*1D
\s:66,c:1782377515*47\!AIVDM,1,1,,B,14`UwHP12NP83M6NKo9<vrM`0`PK,0*1A
\s:66,c:1782377512*40\!AIVDM,1,1,,A,33m8UW0P@tPhiI4R@Rnpw6sT021P,0*52
\s:66,c:1782377510*42\!AIVDM,1,1,,B,160qG:C0113QP@<@?JrotVcP0D;U,0*00
\s:66,c:1782377515*47\!AIVDM,1,1,,B,16:DCw0P45`93ap<k?99KOwh0pPN,0*5F
\s:66,c:1782377503*40\!AIVDM,1,1,,B,170?8G@P1kT2der>I<V@lgwF2HIO,0*17
\s:66,c:1782377496*4D\!AIVDM,1,1,,B,15?dSCj00143:1H>:s@a7G560`EQ,0*14
\s:66,c:1782377516*44\!AIVDM,1,1,,A,C6:HUWP002;VcjTCEw1U;wv0TbC0hB2L?1ch00000000S303130P,0*7B
\s:66,c:1782377513*41\!AIVDM,1,1,,B,14QJ640000o?p<TEa0VLD6?b00T;,0*3F
\s:66,c:1782377517*45\!AIVDM,1,1,,A,B3IQK600B@31a:U`c5:n;wt1h8Q<,0*6A
\s:66,c:1782377516*44\!AIVDM,1,1,,B,3815E0h01J0DlQ8ER6>S9RWf00>S,0*76
\s:66,c:1782377505*46\!AIVDM,1,1,,A,16K:Pr00148Thhn=OoWFomSF0D4B,0*6C
\s:66,c:1782377515*47\!AIVDM,1,1,,B,18L@J`0P0tWK>pT0f=;bigwb0<8>,0*0B
\s:66,c:1782377516*44\!AIVDM,1,1,,A,16:7u?PP00`gLLhABvKf4?wf20S7,0*2D
\s:66,c:1782377415*46\!AIVDM,1,1,4,A,C6BSWQh00I26TASbpjB@CwP0V@2@42mJ4Nj3Kic:000000D2RRR0,0*34
\s:66,c:1782377511*43\!AIVDM,1,1,,A,13aEPPPP1bPG@ApMuA>;;OwT2HMo,0*46
\s:66,c:1782377514*46\!AIVDM,1,1,,B,16:Ie40000`hVHDAUQ?05?wb0000,0*07
\s:66,c:1782377379*4B\!AIVDM,1,1,,B,36Ttvb5001UuDU<:7r5IcT9>0Dg:,0*07
\s:66,c:1782377515*47\!AIVDM,1,1,,B,15WmVR0P003OMt4@w`eB0?wb0`PL,0*28
\s:66,c:1782377512*40\!AIVDM,1,1,,A,H3?sKUPd4i<58Td4DppU@000000,2*00
\s:66,c:1782377512*40\!AIVDM,1,1,,B,H3?sKUTU?>G100046jmol00h2110,0*26
\s:66,c:1782377516*44\!AIVDM,1,1,,B,401vI9QuJl`kp<tSF0l4Q@000PS:,0*42
\s:66,c:1782377516*44\!AIVDM,1,1,,A,13P7KGP000P7uKDN1ajU?SEb0@Pd,0*1C
\s:66,c:1782377516*44\!AIVDM,1,1,,A,13aFe6@P00PJ8VtN?5UdAOwf2<1h,0*7D
\s:66,c:1782377517*45\!AIVDM,1,1,,B,18I=Au001u5Og5:4?OglV3ej08Q9,0*7F
\s:66,c:1782377517*45\!AIVDM,1,1,,A,B8SjaS0001rM2R1PHQ9OGwv63P06,0*12
\s:66,c:1782377518*4A\!AIVDM,1,1,,A,13`nIr?0000BG<PMfn2:TBql00Sh,0*3A
\s:66,c:1782377515*47\!AIVDM,1,1,,A,15PH6S@P?w<tSF0l4Q@>4?wv1`6j,0*1A
\s:66,c:1782377517*45\!AIVDM,1,1,,B,19NSsJP01q0EGudEBmLb?8Af00Su,0*48
\s:66,c:1782377516*44\!AIVDM,1,1,,B,B3MC3<00>0>E3q7nc5`N4F1UkP06,0*68
\s:66,c:1782377516*44\!AIVDM,1,1,,A,17ljJloP008FdGAwAI7Bv61b0PRo,0*67
\s:66,c:1782377515*47\!AIVDM,1,1,,A,35O4BgP034J5:OD?mMDkoS7p0000,0*1C
\s:66,c:1782377484*4E\!AIVDM,1,1,,A,17WK;r@u1P4>VAb=eWsMLbhB08>F,0*1B
\s:66,c:1782377506*45\!AIVDM,1,1,,A,37WK;r@uQR4>V;n=eb<=Ibfv02j1,0*11
\s:66,c:1782377516*44\!AIVDM,1,1,,A,H52nsT0@4p<E800000000000000,2*57
\s:66,c:1782377516*44\!AIVDM,1,1,,A,H52nsT4TC=D6B8T00000000p4440,0*16
\s:66,c:1782377513*41\!AIVDM,1,1,,B,1772nq002CwTM;FLD:J@F0KN0HNw,0*51
\s:66,c:1782377517*45\!AIVDM,1,1,,A,13a51khP1BPFv5fMt8Delgwj253<,0*6C
\s:66,c:1782377516*44\!AIVDM,1,1,,B,1772nP0wC930bTogEGB9P7Qd08Q1,0*5B
\s:66,c:1782377516*44\!AIVDM,1,1,,B,133kKBUP1;PCC?<MIAI6Jwwh28QE,0*2C
\s:66,c:1782377517*45\!AIVDM,1,1,,B,18I6<L011rPJeUFEMUg3>2Sh053<,0*39
\s:66,c:1782377514*46\!AIVDM,1,1,,B,4P2=agAvad`kiwpj8rLwAQ?02000,0*19
\s:66,c:1782377515*47\!AIVDM,1,1,,B,B4eG>3000=j4Kn76ERMBKwsUt000,0*4D
\s:66,c:1782377511*43\!AIVDM,1,1,,B,B6iP:6@06Irr3N2k0=V9kwq73P06,0*12
\s:66,c:1782377516*44\!AIVDM,1,1,,B,33=:0D1uh1P<kLlMoLPFF1Ad0E2J,0*4B
\s:66,c:1782377518*4A\!AIVDM,1,1,,A,C6:@;EP002;pEHTDn@Q6swv082C0jNc1SR0000000000`2P7R2PP,0*33
\s:66,c:1782377512*40\!AIVDM,1,1,,B,15?dVL@01e7R7d0146uBURAb0D10,0*17
\s:66,c:1782377517*45\!AIVDM,1,1,,A,13Q>KL001<07W=@MBJ790G5j0HQa,0*47
\s:66,c:1782377510*42\!AIVDM,1,1,,A,33Ih9c1000PR8EBI1vsK1oQR0Dab,0*7D
\s:66,c:1782377509*4A\!AIVDM,1,1,,A,33aBC40043PBecrMg0=MgbwR20VA,0*4C
\s:66,c:1782377508*4B\!AIVDM,1,1,,A,13EhbK7P0M02GP:EwUDPlOwN0D17,0*0E
\s:66,c:1782377510*42\!AIVDM,1,1,,A,13aBC40044PBecrMg0=MebwR2000,0*5C
\s:66,c:1782377510*42\!AIVDM,1,1,,B,1815Vp0wAeOG:NTC7FVid1GV00S?,0*60
\s:66,c:1782377509*4A\!AIVDM,1,1,,B,1567a:001aPwJ0ND5w3S:BSL0<0N,0*4B
\s:66,c:1782377507*44\!AIVDM,1,1,,A,339P<3P00Q0o3lHO0svM`bsp0000,0*3F
\s:66,c:1782377508*4B\!AIVDM,1,1,,A,36:BP800028f71PA8;Jdo4UN01uh,0*09
\s:66,c:1782377510*42\!AIVDM,1,1,,A,15?dRN@01mRaKVIjl8C@oPiL0d05,0*58
\s:66,c:1782377508*4B\!AIVDM,1,1,,A,18SJstpP0iWcn=`5rok9wOwL2D3K,0*38
\s:66,c:1782377510*42\!AIVDM,1,1,,B,4028nKh000Htt0>b>2GvAuo00d36,0*75
\s:66,c:1782377511*43\!AIVDM,1,1,,B,19NSBC@03:Ji0Hp>e76um;5R00SR,0*7C
\s:66,c:1782377508*4B\!AIVDM,1,1,,B,18SK77@P02W`dd063RaG?OwL2<5G,0*67
\s:66,c:1782377511*43\!AIVDM,1,1,,A,15Bbcd0P00rBAMF5FttBn?wV2@N1,0*53
\s:66,c:1782377507*44\!AIVDM,1,1,,A,139P<3PP0R0o3lHO0svMagwL0HKr,0*23
\s:66,c:1782377511*43\!AIVDM,1,1,,B,177giP001vWHKOn0k:=KtqSF08Mu,0*4F
\s:66,c:1782377507*44\!AIVDM,1,1,,A,1815A?h01sPvcoPDssKKb9I8053<,0*51
\s:66,c:1782377511*43\!AIVDM,1,1,,A,1815WVj0050:pGHGNo@u@oGV0U3<,0*07
\s:66,c:1782377508*4B\!AIVDM,1,1,,B,1p;4cK001o8cGL06twC1a1EH0000,0*67
\s:66,c:1782377509*4A\!AIVDM,1,1,,B,25BG=V5000WbNfT5uUT=L1aP0<3m,0*62
\s:66,c:1782377508*4B\!AIVDM,1,1,,A,37OddbPOh=:cOeakmQDMG7UN00tP,0*46
\s:66,c:1782377512*40\!AIVDM,1,1,,B,16:RduPP15`LFvP=w`MU@?w22@Cj,0*40
\s:66,c:1782377512*40\!AIVDM,1,1,,A,1815de001T`S4DhF7GV3NRkR053<,0*18
\s:66,c:1782377506*45\!AIVDM,1,1,,B,16:HoPP000`de:PAtDvVp4AN0<EC,0*14
\s:66,c:1782377509*4A\!AIVDM,1,1,,B,13f8Br001WQetwbD`JWFe5GP08M7,0*30
\s:66,c:1782377509*4A\!AIVDM,1,1,0,A,17Odd9@0018lO6Sp76fSLBUR0<08,0*20
\s:66,c:1782377511*43\!AIVDM,1,1,,A,35NdHKdOheq<gohA2kW9QGmV011h,0*01
\s:66,c:1782377513*41\!AIVDM,1,1,,A,33aBC40046PBea`Mg1Duj;3b20Ti,0*13
\s:66,c:1782377509*4A\!AIVDM,1,1,,B,19u:Un001D7euQt;1KdV9Tqp053<,0*3B
\s:66,c:1782377511*43\!AIVDM,1,1,,A,33`eB5QP000EqV4MwvGoRgwT2DiJ,0*14
\s:66,c:1782377514*46\!AIVDM,1,1,,A,13a27r0000PC:gFMIg8nEjOb0@O`,0*52
\s:66,c:1782377512*40\!AIVDM,1,1,,B,13EnQP8000P9wK<GblrpE`5b00SM,0*4B
\s:66,c:1782377385*48\!AIVDM,1,1,2,B,C8SPuQ000itrOV13jTDchSN0QU0HhMga09Wikk;1111001@510RP,0*47
\g:1-2-5199712,s:66,c:1782377429*0B\!AIVDM,2,1,2,B,59NSUU82=<ALCEQC800hTh60mDl84T0000000016F0AB:5aQNKCkH4kj,0*7D
\g:2-2-5199712*6D\!AIVDM,2,2,2,B,000000000000000,2*25
\s:66,c:1782377514*46\!AIVDM,1,1,,A,13KKDCP0001UNIPRUKgDiFh00000,0*68
\s:66,c:1782377512*40\!AIVDM,1,1,,B,13ku<5h01S0631TE5e9b2p5`08NT,0*11
\s:66,c:1782377513*41\!AIVDM,1,1,,B,168sJ;P00t`K9MhFDFP=O:s`28Ns,0*73
\s:66,c:1782377510*42\!AIVDM,1,1,,A,16::Pa001J8NSG`F9WeKTq;T0<7Q,0*4F
\s:66,c:1782377513*41\!AIVDM,1,1,,A,13uG0KPP101BH?lQtV>n6gwb0@OK,0*17
\s:66,c:1782377510*42\!AIVDM,1,1,,B,18?OB7c000bQTOmrTq@N45eR253<,0*58
\s:66,c:1782377505*46\!AIVDM,1,1,,A,13m6QP000011kJTVP1SHSiQH08Ik,0*2E
\s:66,c:1782377501*42\!AIVDM,1,1,,A,14`L6n01Ao4CGS0=iH9T3SCB0@H1,0*32
\s:66,c:1782377516*44\!AIVDM,1,1,,A,15TAlJ001mP65<2E4>n:8p9T0<27,0*27
\s:66,c:1782377515*47\!AIVDM,1,1,,A,369CQA0Ois8fQ@@A8U3QHiab00mQ,0*73
\s:66,c:1782377508*4B\!AIVDM,1,1,,A,16:56UPP008e>6hAqiFUhOwR0DGc,0*68
\g:1-2-5199713,s:66,c:1782377305*03\!AIVDM,2,1,3,A,56@E=l82?06D5EA0000@E<R1HU<P4h000000001IRpnPL5f2NfjC`4jB,0*44
\g:2-2-5199713*6C\!AIVDM,2,2,3,A,s0DSDp1i83kPQ00,2*4E
\s:66,c:1782377514*46\!AIVDM,1,1,,B,13d25n00000d<SLI@WvISFcb0<28,0*2E
\s:66,c:1782377515*47\!AIVDM,1,1,,B,15S`w8001wO`p;FL93saIoQb08P=,0*1D
\s:66,c:1782377511*43\!AIVDM,1,1,,B,13f62H002EP1NE6EwNo8SFqP8D99,0*45
\s:66,c:1782377503*40\!AIVDM,1,1,,B,H3MC0`lT1=30000=>9HjPP00000t,0*5B
\s:66,c:1782377515*47\!AIVDM,1,1,,A,362?@IE0007asrD63enUFh1b0001,0*66
\s:66,c:1782377512*40\!AIVDM,1,1,,A,B39RAkP09H>UqA7jq0jA1lN00000,0*48
\g:1-2-5199714,s:66,c:1782377460*00\!AIVDM,2,1,4,B,59NSSjp2Fkf@CEHsF20t<D4r04l8U@Ttr2222216E8OD<5dD0IiPCQhj,0*6D
\g:2-2-5199714*6B\!AIVDM,2,2,4,B,1CQp88888888880,2*70
\s:66,c:1782377515*47\!AIVDM,1,1,,B,17liUM0P3TWJAuh0VrKRi?wd2<03,0*3D
\s:66,c:1782377516*44\!AIVDM,1,1,,,B3prId@007w`sTUa@ewQ3waUkP06,0*04
\s:66,c:1782377515*47\!AIVDM,1,1,,A,13MBVu@00k0N0H<No5hS`okf00S7,0*50
\s:66,c:1782377516*44\!AIVDM,1,1,,A,B3gdgU00BoUO0U9GeVL=WwsUoP06,0*37
\s:66,c:1782377517*45\!AIVDM,1,1,,A,13f62H002EP1N>pEwN6HRVqd8@QR,0*70
\s:66,c:1782377516*44\!AIVDM,1,1,,B,14a`UH?P02WK5Ov0dbPPQOwV0<LL,0*44
\s:66,c:1782377513*41\!AIVDM,1,1,,B,13Ktj4001b1R;fjRKvAL;Ih00000,0*09
\s:66,c:1782377516*44\!AIVDM,1,1,,A,181:LTE000OV`BvDQ?7Qa1EV0t1b,0*1C
\s:66,c:1782377517*45\!AIVDM,1,1,,A,33mwp=700@0r<cFVeNL::H7f213Q,0*14
\s:66,c:1782377516*44\!AIVDM,1,1,,B,13aGG>@P03PD:PrMd5Vn@?wT0L=8,0*66
\s:66,c:1782377511*43\!AIVDM,1,1,,A,35NQwe0000JA2wN>sg5S=8Gp0000,0*53
\s:66,c:1782377517*45\!AIVDM,1,1,,A,15NbiU<01CI=CWD@u4EeDraj0<:1,0*73
\s:66,c:1782377517*45\!AIVDM,1,1,,B,16:4`lP21W8jK`PCS7c>2h1d0D8V,0*62
\s:66,c:1782377513*41\!AIVDM,1,1,,A,369Df;P0008e==PA9=r<h1A`0053,0*1B
\g:1-2-5199715,s:66,c:1782377514*03\!AIVDM,2,1,5,A,569Df;`000030000001TtpLL4pM`PtpLhT4s800l1pC641gG5;3RCQhS,0*08
\g:2-2-5199715*6A\!AIVDM,2,2,5,A,h00000000000000,2*79
\s:66,c:1782377516*44\!AIVDM,1,1,,,13eO2B0028ORdU;jSKq4lSwd0000,0*39
\s:66,c:1782377511*43\!AIVDM,1,1,,B,1815Mkh01v2CVSme:BNaPGM`053<,0*0A
\s:66,c:1782377517*45\!AIVDM,1,1,,B,33f<`@001R1dG4vEdw1H1nQh013@,0*57
\s:66,c:1782377517*45\!AIVDM,1,1,,A,35@@`D00001BwfNQuAca6Qwp0000,0*2F
\s:66,c:1782377514*46\!AIVDM,1,1,,,18I94l00jHwOOhBK1jJ85VMb1000,0*16
\s:66,c:1782377514*46\!AIVDM,1,1,,A,15BvU8002GP9S3DMCr:2HAsb00S2,0*4E
\g:1-2-5199716,s:66,c:1782377504*01\!AIVDM,2,1,6,B,58:mBb82G<Kw@@`NoB09920lDh<Pu86055DTpv0o5Pm8472V0:UCRk`8,0*12
\g:2-2-5199716*69\!AIVDM,2,2,6,B,888888888888880,2*21
\s:66,c:1782377509*4A\!AIVDM,1,1,,B,139JJT0000PeKBVN`kOhDHIN0L7S,0*51
\s:66,c:1782377506*45\!AIVDM,1,1,,A,15@Gm@001F:lNqedR<Gkh32B0@K3,0*76
\s:66,c:1782377508*4B\!AIVDM,1,1,,A,B8Sj`9000IrLNc1PIteGown6SP06,0*6D
\s:66,c:1782377505*46\!AIVDM,1,1,,A,B3uPAG009h=NIl`?>rLkTaN00000,0*0C
\s:66,c:1782377504*47\!AIVDM,1,1,,A,339qjfP0000eVknN`pmD1`1p0000,0*63
\s:66,c:1782377509*4A\!AIVDM,1,1,,B,19Hser2000Nh=df8IgFe;rUN0<25,0*76
\s:66,c:1782377504*47\!AIVDM,1,1,,B,13aIk>hP01PF=fjMwf?v4?wH28Ip,0*56
\g:1-2-5199717,s:66,c:1782377509*0D\!AIVDM,2,1,7,B,59Hser800000cDlo80084<4h4l0000000000000N000004000010BhDc,0*67
\g:2-2-5199717*68\!AIVDM,2,2,7,B,DkP000000000000,2*6F
\s:66,c:1782377505*46\!AIVDM,1,1,,A,H3uPAG4T0000000000000000:110,0*14
\s:66,c:1782377509*4A\!AIVDM,1,1,,A,14hSsV001TPRWjFHWJ5ebrkP053<,0*05
\s:66,c:1782377503*40\!AIVDM,1,1,,A,352Tiq@Oh0ImH;@HIoph001p0000,0*29
\s:66,c:1782377503*40\!AIVDM,1,1,,B,15Nf3F0P00rAO;N?FfMN4?wF253<,0*3B
\s:66,c:1782377506*45\!AIVDM,1,1,,A,18LRbV0P127KmNv0fqwpGOwN0<@t,0*66
\s:66,c:1782377504*47\!AIVDM,1,1,,B,16:J2ggP088TJ=PEgNm7RwwH053<,0*55
\s:66,c:1782377511*43\!AIVDM,1,1,,B,83GRj60j2d<N=<LeMR9Pqg`50000,0*04
\s:66,c:1782377511*43\!AIVDM,1,1,,A,13`eWJ00000fFp4O6vtG:SAR0D3m,0*04
\s:66,c:1782377508*4B\!AIVDM,1,1,,A,13mBB06P000G2dnS?pe62?wL0@Kw,0*65
\s:66,c:1782377508*4B\!AIVDM,1,1,,A,16:RD5001f8irMh@n;k7R5mL08L6,0*14
\s:66,c:1782377512*40\!AIVDM,1,1,,B,169@VbPP1``k?OrAHJt05gwb2<33,0*79
\s:66,c:1782377508*4B\!AIVDM,1,1,,B,14Sc7D001ePlfwlEi?F5>l;L053<,0*39
\s:66,c:1782377505*46\!AIVDM,1,1,,B,13P:Jmh009P9hC`NI0h13B=H0D2v,0*43
\s:66,c:1782377515*47\!AIVDM,1,1,,A,15`I@w@P00sV8J<670ov4?wb253<,0*79
\s:66,c:1782377514*46\!AIVDM,1,1,,A,13aIk>hP01PF=fFMwf?v4?wd253<,0*6E
\s:66,c:1782377478*4D\!AIVDM,1,1,,A,155IoNP0?w<tSF0l4Q@>46cv1p:K,0*6A
\s:66,c:1782377513*41\!AIVDM,1,1,,B,177gtL001c8LIND>00?81FGF0HJB,0*11
\s:66,c:1782377513*41\!AIVDM,1,1,,A,35N`t<P01<I=UEL@qaLme4Op0000,0*1C
\s:66,c:1782377507*44\!AIVDM,1,1,,A,19NSM3P0ie`MmctF48n2OQuP0D?q,0*61
\s:66,c:1782377511*43\!AIVDM,1,1,,B,E>mGIB<W79V@Fh69T6hJ0000000DDfV?4:k`H10888qP20,4*01
\s:66,c:1782377509*4A\!AIVDM,1,1,,A,B8TCO6007IvUhkR@;3PECwp43P06,0*76
\g:1-2-5199718,s:66,c:1782377425*0D\!AIVDM,2,1,8,A,56oa=sD000007@@O800mV0T9840000000000001J1p643uH=08i2C@CR,0*4A
\g:2-2-5199718*67\!AIVDM,2,2,8,A,@E>SEDhhE>ggP00,2*5E
\s:66,c:1782377509*4A\!AIVDM,1,1,,A,33Ec;a0000OS?2PDqk;h001p0000,0*57
\s:66,c:1782377515*47\!AIVDM,1,1,,A,13:dR<001HwUv`RKq;g0u@ud0hPA,0*30
\s:66,c:1782377515*47\!AIVDM,1,1,,B,13cVl90P02Q1BiTGGJ><c?wf0<2Q,0*50
\s:66,c:1782377512*40\!AIVDM,1,1,,B,34eHhK@P@8o7ku8LI@M5ADG`2Bj3,0*0C
\s:66,c:1782377513*41\!AIVDM,1,1,,B,36aBHT1P008fW3jF@rfn2?wb2000,0*48
\s:66,c:1782377515*47\!AIVDM,1,1,,A,405fle0000Htt1DW5adF0c700pPE,0*65
\s:66,c:1782377284*48\!AIVDM,1,1,,B,35?dfPAP02T3Jht>43qr>gv40000,0*4D
\g:1-2-5199719,s:66,c:1782377512*09\!AIVDM,2,1,9,B,55IIiR82E8`OUT5D001AA>15DTp4l0000000000o38I5440000000000,0*27
\g:2-2-5199719*66\!AIVDM,2,2,9,B,000000000000000,2*2E
\s:66,c:1782377514*46\!AIVDM,1,1,,A,16:J2ggP028TJ=PEgNm=uwwb0@OG,0*29
\s:66,c:1782377514*46\!AIVDM,1,1,,A,13aN`c@P00PEmVHNCGFN4?wd2@Ou,0*6C
\s:66,c:1782377501*42\!AIVDM,1,1,,A,16oa=sEP?w<tSF0l4Q@>4?wv0PSN,0*51
\s:66,c:1782377302*47\!AIVDM,1,1,,A,36oa=sEP?w<tSF0l4Q@>4?wv0iqS,0*55
\s:66,c:1782377517*45\!AIVDM,1,1,,B,19NSM3P0Qe`MmnpF49GROiuj08QE,0*3F
\s:66,c:1782377516*44\!AIVDM,1,1,,A,3696dGP0188gf60AhAU3lRSf016Q,0*3A
\s:66,c:1782377513*41\!AIVDM,1,1,,A,15?:St001P8LTIhFAemc2Hk`053<,0*77
\s:66,c:1782377512*40\!AIVDM,1,1,,A,B8HwOM002AnauHP:wa;KGwr5kP06,0*66
\s:66,c:1782377516*44\!AIVDM,1,1,,B,18LRbV0P127KmKf0fqK`Jgwj0HQ:,0*76
\s:66,c:1782377489*43\!AIVDM,1,1,,A,36?UmlA000T2TGh>SlnVtkbp0DTJ,0*7A
\s:66,c:1782377492*49\!AIVDM,1,1,,B,16?UmvE0005u=IR:7w8=8S@:00Ru,0*09
\s:66,c:1782377401*43\!AIVDM,1,1,,A,36?UmvE0005u=IV:7w:Ur3A606iS,0*5A
\g:1-2-5199720,s:66,c:1782377516*07\!AIVDM,2,1,0,A,53EepM42;bg0D7;C7P0qDEHv1aDl5T400000000N1p=33un`08mhC5RD,0*1D
\g:2-2-5199720*6C\!AIVDM,2,2,0,A,hPFH88888888000,2*12
\s:66,c:1782377512*40\!AIVDM,1,1,,B,13832R001K`psG<CirSf1P1T0D<P,0*5F
\s:66,c:1782377516*44\!AIVDM,1,1,,B,19t6VV0001WKcVt0fWeeNTST00Sl,0*10
\s:66,c:1782377514*46\!AIVDM,1,1,,A,35NOtR3007J:H@4AGP4@PPUp0000,0*48
\s:66,c:1782377512*40\!AIVDM,1,1,,A,14eH85w000o<RefL9iJ<<BW`0L3F,0*6C
\s:66,c:1782377516*44\!AIVDM,1,1,,A,152msnhP00GRSLDCBwb5t?wf253<,0*65
\s:66,c:1782377516*44\!AIVDM,1,1,,B,15@Gm@001D:lO3KdR<>3mS2V0<14,0*4B
\s:66,c:1782377513*41\!AIVDM,1,1,,A,339JJT00000eKBVN`kO@D8Ip0000,0*4E
\s:66,c:1782377517*45\!AIVDM,1,1,,A,19NSE6h0223VwImqkbgjSB?h08Qe,0*21
\s:66,c:1782377517*45\!AIVDM,1,1,,A,139JJT0000PeKBVN`kOPDHIh053<,0*5E
\s:66,c:1782377515*47\!AIVDM,1,1,,B,B3IJBC00>P1vg85WVFHMgws1h8PC,0*46
\s:66,c:1782377517*45\!AIVDM,1,1,,B,13aENu@000PBGq<MfiBFepChP8Qc,0*72
\s:66,c:1782377517*45\!AIVDM,1,1,,A,33EepM5P0012LbGjpB=mI?wf0Dib,0*24
\s:66,c:1782377518*4A\!AIVDM,1,1,,A,15Q7CN?0003mUfB>>BeVb1Ih0@Qv,0*3D
\g:1-2-5199721,s:66,c:1782377505*04\!AIVDM,2,1,1,B,53EfvW7?3Tp@D7;?CV11Dq@60@v0<5=A8v22220N1p;526Ed?whhC0A1,0*3F
\g:2-2-5199721*6D\!AIVDM,2,2,1,B,DSp888888888880,2*79
\s:66,c:1782377507*44\!AIVDM,1,1,,B,16KVrP0000ajSTbD4e0SU6CP00Rq,0*56
\s:66,c:1782377505*46\!AIVDM,1,1,,B,16:7ho000v8OBF<F=eabeHSp053<,0*38
\s:66,c:1782377509*4A\!AIVDM,1,1,,B,13L?bMP0001UecLRU6RhSSP00000,0*5E
\s:66,c:1782377506*45\!AIVDM,1,1,,A,339eH0500`0efpVNV<V02P3p0000,0*21
\s:66,c:1782377505*46\!AIVDM,1,1,,A,142O1e0031Pn4UrG3fsshqMH0<1b,0*74
\s:66,c:1782377510*42\!AIVDM,1,1,,B,13EfvW7008OOi;LKES98dm9V08MR,0*19
\s:66,c:1782377508*4B\!AIVDM,1,1,,A,19latb200112Jegjp1Gu143J0D1N,0*13
\s:66,c:1782377509*4A\!AIVDM,1,1,,A,13aB9AdP00PJ9mjN?7fJKgwV2L7n,0*2F
\s:66,c:1782377507*44\!AIVDM,1,1,,A,13tg1wPP00Q@ocdQwrfv4?wN253<,0*76
\s:66,c:1782377504*47\!AIVDM,1,1,,B,16:7?A0Oh98dvt:As@?0rF?H0HK7,0*21
\s:66,c:1782377509*4A\!AIVDM,1,1,,A,139c?80P@0PeLU`N`=38Il5FP53<,0*01
\s:66,c:1782377512*40\!AIVDM,1,1,,A,39NSP;0tRk;1G7EjdO2ewP7V003k,0*10
\s:66,c:1782377510*42\!AIVDM,1,1,,B,18I8Lv001owMGpvJcoH`;6UN0<0t,0*72
\s:66,c:1782377505*46\!AIVDM,1,1,,A,13n1pE7P000KN?NQLWorD?wJ0<0d,0*24
\s:66,c:1782377511*43\!AIVDM,1,1,,B,16SsvK?000a=Q;PD4Uh2wRaL2D5G,0*25
\s:66,c:1782377512*40\!AIVDM,1,1,,B,18K3=>00?w7JLR>0esGv44m`0HNM,0*23
\s:66,c:1782377510*42\!AIVDM,1,1,,A,170dWB000>SQ@fR@=O@5c5CV28MR,0*08
\s:66,c:1782377505*46\!AIVDM,1,1,,B,13aSPg@P00PFejDMuS?f4?wJ253<,0*63
\g:1-2-5199722,s:66,c:1782377508*0A\!AIVDM,2,1,2,A,58;GjN80@H;dAD9F220l4thV2222222222222216<hB5@5g=0G4ip2UD,0*37
\g:2-2-5199722*6E\!AIVDM,2,2,2,A,`88888888888880,2*7E
\s:66,c:1782377510*42\!AIVDM,1,1,,A,35Uw@D300s0tHnpV<=8PvPap0000,0*5C
\s:66,c:1782377508*4B\!AIVDM,1,1,,A,13aQe7@02F0W>34Np?`T13=b0HLK,0*0B
\s:66,c:1782377511*43\!AIVDM,1,1,,B,B52PNLP00=pmJm4m0MJcowqUoP06,0*6D
\s:66,c:1782377513*41\!AIVDM,1,1,,A,13ku<>0030Otka:ELDa8rW;d0<3S,0*32
\g:1-2-5199723,s:66,c:1782377515*07\!AIVDM,2,1,3,A,59NSe582H9CsDhMOF20ltpT<6222222222222216@P`D75e:0EliljC`,0*49
\g:2-2-5199723*6F\!AIVDM,2,2,3,A,41@QhH888888880,2*13
\s:66,c:1782377505*46\!AIVDM,1,1,,A,15CP5b001G7p39`;Qa>3:RW@0<<5,0*41
\s:66,c:1782377510*42\!AIVDM,1,1,,A,17lcU4@P00`=m6gvcnQAkwwR20SP,0*6C
\s:66,c:1782377511*43\!AIVDM,1,1,,A,18LfvW`P007=rwF7RA4N45mB2hN=,0*04
\g:1-2-5199724,s:66,c:1782377511*04\!AIVDM,2,1,4,A,55T4pB42>=QW<DMCT00D4LhF0p5HTL5@u800001A8hD77upQ0<PPC0Sh,0*19
\g:2-2-5199724*68\!AIVDM,2,2,4,A,H456@0000000000,2*2F
\s:66,c:1782377511*43\!AIVDM,1,1,,B,402Fhgivad`kk0eBbpHnH7o000S:,0*4A
\s:66,c:1782377513*41\!AIVDM,1,1,,B,403Oteivad`klqO;onAHTrw0253<,0*55
\s:66,c:1782377510*42\!AIVDM,1,1,,,B497n;@000>4?66GDH3Q3wq5kP06,0*1B
\s:66,c:1782377511*43\!AIVDM,1,1,,A,B7lj<1@06r5a9dOlq:t27wq2T@NG,0*55
\s:66,c:1782377514*46\!AIVDM,1,1,,B,H6:eLbPMDTL4pL`UPT4pO3:2220,2*50
\s:66,c:1782377514*46\!AIVDM,1,1,,B,H6:eLbU;6DejlhmPPPPPPP7P8:4H,0*19
\s:66,c:1782377510*42\!AIVDM,1,1,,A,1:U73L800:M9<UskmSL2K1gR0000,0*38
\s:66,c:1782377514*46\!AIVDM,1,1,,B,18;GjN001O8V8828IF2p16I`0D2h,0*23
\s:66,c:1782377514*46\!AIVDM,1,1,,B,13aQe7@02F0W>@4Np?Jl1C=n08P0,0*02
\s:66,c:1782377511*43\!AIVDM,1,1,,B,13IjJ=7P0NP4fv>Lmv=kGgwV253<,0*28
\s:66,c:1782377515*47\!AIVDM,1,1,,B,13S00v0P031;>46Hq7lf4?wf2D0W,0*58
\s:66,c:1782377514*46\!AIVDM,1,1,,A,13m=sJ7P00PglU4TkNc>4?wb253<,0*2A
\s:66,c:1782377451*46\!AIVDM,1,1,,B,1713<V3P00T21;r>PE?>4?wV2<4@,0*4C
\s:66,c:1782377418*4B\!AIVDM,1,1,,B,3771u51000T3cM<>4FhU4ALT0DV:,0*17
\s:66,c:1782377514*46\!AIVDM,1,1,,A,15NH7eP000o@7>DE`v=>45Id2D1A,0*0E
\s:66,c:1782377516*44\!AIVDM,1,1,,B,13tg1wPP00Q@ocdQwrff4?wf2@Po,0*08
\s:66,c:1782377512*40\!AIVDM,1,1,,B,4030p7ivad`klo:rsbKlAAW0053<,0*64
\s:66,c:1782377511*43\!AIVDM,1,1,,A,15UDF>00013Ptc<@=GiL:JK`0HNJ,0*3A
\s:66,c:1782377516*44\!AIVDM,1,1,,A,38TBhV0PB97b80D5npi5h4ah00qi,0*3D
\s:66,c:1782377516*44\!AIVDM,1,1,,B,19NSHfP11ePI8@bESHtCHjgb08Q@,0*7F
\s:66,c:1782377516*44\!AIVDM,1,1,,A,16K2JBh021awd4hD46MPIhDv08QB,0*76
\s:66,c:1782377516*44\!AIVDM,1,1,,A,16SsvK?000a=Q;PD4Uh2hRSb2D5E,0*27
\s:66,c:1782377512*40\!AIVDM,1,1,,B,B3prE7P07`1WFo5Uq<rNkwqVSP06,0*73
\s:66,c:1782377517*45\!AIVDM,1,1,,B,16:QlV000w`githAbttuAc?j2@QK,0*0F
\s:66,c:1782377517*45\!AIVDM,1,1,,B,39NSP;03Rk;1G7=jdP0ewh9h00:k,0*30
\s:66,c:1782377517*45\!AIVDM,1,1,,A,15OF0aP000re;utGB?8cw6ih0@Qo,0*58
\s:66,c:1782377512*40\!AIVDM,1,1,,A,13P8Ka@000whr=VQgC;=uHaD053<,0*71
\s:66,c:1782377517*45\!AIVDM,1,1,,B,355GO85P005@=h42IA5:Q?wj0000,0*11
\s:66,c:1782377517*45\!AIVDM,1,1,,A,34`Utam001PCpgJMEcvhuW9d0Dg:,0*30
\s:66,c:1782377518*4A\!AIVDM,1,1,,B,1815<VB00C7V>@b2WpPk6SMf0D0j,0*70
\s:66,c:1782377513*41\!AIVDM,1,1,,,B5O@pwP0>6`i8lTvDjh`;wrQh000,0*1E
\s:66,c:1782377494*4F\!AIVDM,1,1,,A,16?UmHCP00Uu=ID:7tI>4?w22<0g,0*74
\s:66,c:1782377325*42\!AIVDM,1,1,,B,36?UmHCP00Uu=Hn:7tG>4?wH24vC,0*40
\s:66,c:1782377517*45\!AIVDM,1,1,,B,16SrUc0P01a=QehD4cLBhb9h2<7P,0*7B
\s:66,c:1782377518*4A\!AIVDM,1,1,,B,33GQGumP@I0;DcfFV=@7dUm200wh,0*54
\s:66,c:1782377518*4A\!AIVDM,1,1,,A,1773=:002U7S:N42=owQeQKP0<0b,0*57
\g:1-2-5199725,s:66,c:1782377508*0D\!AIVDM,2,1,5,A,5E?dTK`2GtPC<GK3GJ0IEAE8F0iDlTpuE>22221@FPgJ;u`<0E40H0S0,0*77
\g:2-2-5199725*69\!AIVDM,2,2,5,A,`88888888888880,2*79
\s:66,c:1782377510*42\!AIVDM,1,1,,B,402E:rQvad`ki0FJE6MvABW00<7i,0*1C
\s:66,c:1782377508*4B\!AIVDM,1,1,,A,18I7TE00297Ultd2WBG12hmP053<,0*69
\g:1-2-5199726,s:66,c:1782377509*0F\!AIVDM,2,1,6,B,59NSoa@2>;WSDiD;<00lTpE9H61H5<t00000001IAp`;E5b`NJQSl`3l,0*59
\g:2-2-5199726*6A\!AIVDM,2,2,6,B,Q1D`88888888880,2*65
\s:66,c:1782377504*47\!AIVDM,1,1,,A,33`oopUP00PAarnMWOn>4?wH2000,0*6C
\s:66,c:1782377510*42\!AIVDM,1,1,,A,19NSboP01v8P?4J<L6lSfBoR00SF,0*45
\s:66,c:1782377509*4A\!AIVDM,1,1,,B,BCglqM001?TUbUaNE@A8Gwp0s000,0*4B
\s:66,c:1782377509*4A\!AIVDM,1,1,,A,139d7M0P00PNlAbML2JN4?wRR8M:,0*36
\s:66,c:1782377511*43\!AIVDM,1,1,,A,B5uN40@3wk?8mP=18D3Q0003QP06,0*2D
\s:66,c:1782377509*4A\!AIVDM,1,1,,A,B>awgeP008GLa@UMamBdR:N00000,0*28
\s:66,c:1782377508*4B\!AIVDM,1,1,,A,33LF3@00001Eu@jO:b@4aPSp0000,0*05
\s:66,c:1782377503*40\!AIVDM,1,1,,A,13aEN>@P00PJ:>DN?9i>4?wFR@Ib,0*26
\s:66,c:1782377438*49\!AIVDM,1,1,,A,H52h;pADq=E0E9HU<D@00000000,2*2D
\s:66,c:1782377138*4C\!AIVDM,1,1,,B,H52h;pDU7B=401100000000P7224,0*47
\s:66,c:1782377510*42\!AIVDM,1,1,,A,134;fJ02BINePoD;3;kW2EUR80Sg,0*1D
\s:66,c:1782377510*42\!AIVDM,1,1,,B,33MA><0OhR0A87lMJb@Lr0mT01r@,0*5D
\s:66,c:1782377500*43\!AIVDM,1,1,,B,19NS`E00jA2Q=rD>rSIEPTK<0`GM,0*6C
\s:66,c:1782377423*43\!AIVDM,1,1,,A,39NS`E0wBB2Q<mv>rdtEQlJb0Qb1,0*29
\s:66,c:1782377508*4B\!AIVDM,1,1,,A,19@>l?0P023`S8l@VthUMOwP20Se,0*7B
\s:66,c:1782377505*46\!AIVDM,1,1,,A,18LQPH001lPB0khN4VQA80r:0L9j,0*05
\s:66,c:1782377508*4B\!AIVDM,1,1,,A,13:4Cb0wRP0F:U8Nbn@0u0qN0D69,0*5C
\g:1-2-5199727,s:66,c:1782377402*04\!AIVDM,2,1,7,B,59?WQ`82=jLCM<kW7005@PDp400000000000001@SPfQK5e60JRj3l`1,0*5D
\g:2-2-5199727*6B\!AIVDM,2,2,7,B,PBjhC`5@A@00000,2*67
\s:66,c:1782377514*46\!AIVDM,1,1,,A,33MA><0OhM0A89LMJbH02j=b011P,0*34
\s:66,c:1782377513*41\!AIVDM,1,1,,B,16oaACmP0343;M<>1OL6`OwL2hKl,0*0E
\s:66,c:1782377513*41\!AIVDM,1,1,,A,B39i=e00D8@S9qWqq6U7Owh5oP06,0*27
\s:66,c:1782377513*41\!AIVDM,1,1,,B,18HsOV0P00WL?vh0iWiv4?w`2@Nr,0*17
\s:66,c:1782377514*46\!AIVDM,1,1,,A,14Rq1n000;2>kO?fsDDV25?`0D15,0*28
\s:66,c:1782377514*46\!AIVDM,1,1,,B,18I<tN0wAi:>Lb6GoqOJM`E`0L0O,0*47
\s:66,c:1782377514*46\!AIVDM,1,1,,B,18LQPH001lPB0rvN4WQ180rL0<9m,0*71
\s:66,c:1782377512*40\!AIVDM,1,1,,B,3CgJ1kg00cv?li`V@q:j2QiV003j,0*38
\s:66,c:1782377514*46\!AIVDM,1,1,,B,13:4Cb0wjP0F:bvNbo=Pu@qb08Or,0*10
\s:66,c:1782377509*4A\!AIVDM,1,1,,A,35NHsAg00Or:bSBAHmUs48mR0000,0*76
\s:66,c:1782377513*41\!AIVDM,1,1,,A,17ldMgwP00`Fiv9wCNvh0?w`2@OI,0*2D
\s:66,c:1782377514*46\!AIVDM,1,1,,A,34hDB210000PC8pHr=d91U3b0D=r,0*43
\s:66,c:1782377489*43\!AIVDM,1,1,,A,19?WQ`0wQT4>WTD=lG9;Wa@n0<4<,0*70
\s:66,c:1782377511*43\!AIVDM,1,1,,A,33ICN80OhrOQkndKFbFkPBw`01ph,0*1E
\s:66,c:1782377516*44\!AIVDM,1,1,,B,3E?dTKQwh0rCsc<53sL>40Db0000,0*51
\s:66,c:1782377516*44\!AIVDM,1,1,,A,13d5kF0P00Q8lV8F0`F9i?wf08Q2,0*16
\s:66,c:1782376997*40\!AIVDM,1,1,,A,B8HsfoP001nlB>P=J@p03w`TkP06,0*1B
\s:66,c:1782377514*46\!AIVDM,1,1,,B,18Ht<=001uP@VG8EOIKIrGu`0HOP,0*6A
\s:66,c:1782377477*42\!AIVDM,1,1,6,B,C6C=bseh3q3?rB3WbcFmgwP024B8C0<BVA04Nj3SKgS:00D2RRR0,0*33
\s:66,c:1782377516*44\!AIVDM,1,1,,A,B3n7uo00Ch<KMf8Licv0Owt5kP06,0*1F
\s:66,c:1782377517*45\!AIVDM,1,1,,B,13MA><0OhM0A8;JMJbIiuBsj053<,0*2A
\s:66,c:1782377515*47\!AIVDM,1,1,5,A,C>29F@h001rQvP1O3H:6Icv0IJ6@bQKUgJ3UR5WgKiU:0000002P,0*31
\s:66,c:1782377509*4A\!AIVDM,1,1,,B,16;9rpPP0U8gmmNAIj7Li?wN2hLG,0*71
\s:66,c:1782377506*45\!AIVDM,1,1,,A,13P7`7700lP0A1pLbuR=L;3N0@K:,0*10
\s:66,c:1782377509*4A\!AIVDM,1,1,,A,76;9rpaRMpD`,0*0D
\s:66,c:1782377504*47\!AIVDM,1,1,,B,16K3M10000ajK`RD36VGab7B0<2i,0*25
\g:1-2-5199728,s:66,c:1782377509*01\!AIVDM,2,1,8,B,55OmN>`000000000001E>0LuJ1HE=<Dh0000000000000t0Ht0000000,0*7C
\g:2-2-5199728*64\!AIVDM,2,2,8,B,000000000000000,2*2F
\s:66,c:1782377508*4B\!AIVDM,1,1,,,13fpPn001POLCODLiAG3ORqP0000,0*4B
\s:66,c:1782377504*47\!AIVDM,1,1,,A,18K1H2001c7V5Dh01jJULDEJ00Rw,0*53
\s:66,c:1782377509*4A\!AIVDM,1,1,,A,C6:Aa0P0AR;qH?4DkJWBgwv0l@;08BL?1eecid000000S1t8R20P,0*7A
\s:66,c:1782377507*44\!AIVDM,1,1,,A,B3I4k;P0<86Lrv6;8aaECwo7kP06,0*41
\s:66,c:1782377510*42\!AIVDM,1,1,,A,1kaL?JEP000Oei@NPJCb7Ov1uwww,0*4A
\s:66,c:1782377510*42\!AIVDM,1,1,,A,19AFcePP00RAI10B0Mff4?wT20R`,0*53
\s:66,c:1782377506*45\!AIVDM,1,1,,,17ldadm0008HgV;wR4buSI=N0000,0*24
\s:66,c:1782377508*4B\!AIVDM,1,1,,A,B5NdjcP005l08T6l4734DVoQfDnb,0*7B
\s:66,c:1782377506*45\!AIVDM,1,1,,A,B3nQo?P0>h<04:8SnA2Kkwo1hHK6,0*2E
\s:66,c:1782377507*44\!AIVDM,1,1,,B,B47>hMP0;HJBSp`FFI5AOwoUl000,0*44
\s:66,c:1782377501*42\!AIVDM,1,1,,B,160T9b?P?w<tSF0l4Q@>4?wB0`Gv,0*7F
\s:66,c:1782377452*45\!AIVDM,1,1,,B,360T9b?P?w<tSF0l4Q@>4?wb0PW1,0*3A
\s:66,c:1782377506*45\!AIVDM,1,1,,A,139UHm0P0;PWsP@NIMc8f?wL20S0,0*70
\s:66,c:1782377509*4A\!AIVDM,1,1,,A,13:j5b0000OV`s4DQEr8;FsT0@M>,0*5E
\s:66,c:1782377513*41\!AIVDM,1,1,,A,142OhHP0001pnRNFvHlngQMV0@OE,0*00
\s:66,c:1782377511*43\!AIVDM,1,1,,A,18KsFv0PBGWKKKn0dGCc08eL0HN:,0*2E
\s:66,c:1782377361*42\!AIVDM,1,1,,B,36:?RNQ0047h6rP<C6D`v4>`0E8r,0*59
\s:66,c:1782377508*4B\!AIVDM,1,1,,A,13MD0cP0090;LedMO6tpIA1P0@L9,0*0D
\s:66,c:1782377321*46\!AIVDM,1,1,,B,B6<fta@022:4N@3aJQ:uGwv63P06,0*7D
\s:66,c:1782377504*47\!AIVDM,1,1,,B,13:B6j001V02@@@Lv2taTocF0HJ<,0*2B
\s:66,c:1782377512*40\!AIVDM,1,1,,B,39NSvU1000wWfFdDb`irqJ?`0Dg:,0*64
\s:66,c:1782377513*41\!AIVDM,1,1,,B,36:<a`P11S8jwTPACvD735OL003k,0*5F
\s:66,c:1782377513*41\!AIVDM,1,1,,B,13EejeW00PP@t12HFoar57kb0<0Q,0*7C
\s:66,c:1782377511*43\!AIVDM,1,1,,B,1718sj80003haQ4=mTOTkTA`0<0H,0*11
\s:66,c:1782377509*4A\!AIVDM,1,1,,,13lvmD002HPhRJTO>8Ejt2CN8000,0*7D
\s:66,c:1782377297*4A\!AIVDM,1,1,,B,C>1PoT0009siI`33lDfLOwP0QU0=We0?geKKKgi:000000000020,0*29
\s:66,c:1782377510*42\!AIVDM,1,1,,B,402=Vjivad`kiwdv:hLlF7W000S:,0*02
\s:66,c:1782377513*41\!AIVDM,1,1,,B,D02=VjhVtNfq6DO6DfhNfpS0O6D,2*34
\s:66,c:1782377511*43\!AIVDM,1,1,,B,15DUbj0028P61AfE6`u:=8;P08Md,0*51
\s:66,c:1782377509*4A\!AIVDM,1,1,,A,33n4iw`P@529SKT`OgnJI`wT010h,0*5F
\s:66,c:1782377508*4B\!AIVDM,1,1,,B,169WQl?1008eALTAstda1DOR08MA,0*54
\s:66,c:1782377514*46\!AIVDM,1,1,,,17ldadm0008HgVEwR4ceSI=f0000,0*63
\g:1-2-5199729,s:66,c:1782377513*0B\!AIVDM,2,1,9,B,56:<a``000008u`;D01`PtpN0PtpN3?D00000016CpG@>1f:0J1mBH4j,0*12
\g:2-2-5199729*65\!AIVDM,2,2,9,B,0CP000000000000,2*3D
\s:66,c:1782377507*44\!AIVDM,1,1,,A,B69@Er00IR;O8h4?TmvHOwo7QP06,0*48
\s:66,c:1782377510*42\!AIVDM,1,1,,A,B3uG4W006@=Pqu`D0u:=AiN00000,0*29
\s:66,c:1782377512*40\!AIVDM,1,1,,A,13E`whWP0IP2MjVF>UdPi?wV253<,0*15
\s:66,c:1782377513*41\!AIVDM,1,1,,A,33o0;=0v@s0tWQ>V=9lQ3Pgp0000,0*6D
\s:66,c:1782377514*46\!AIVDM,1,1,,B,15OGMF0OhtrqDILGe;8;pqOb08Op,0*02
\s:66,c:1782377515*47\!AIVDM,1,1,,A,13AG:p002Aou8ar=LFjm8T3D0@PP,0*71
\s:66,c:1782377514*46\!AIVDM,1,1,,,13fpPn001POLCW:LiAG3PRqd0000,0*06
\s:66,c:1782377515*47\!AIVDM,1,1,,A,18KsFv0PBGWKKFf0dGKJtHUT08PG,0*05
\s:66,c:1782377516*44\!AIVDM,1,1,,A,18I;u<000arBBl45G06L49ef2L6n,0*7F
\s:66,c:1782377515*47\!AIVDM,1,1,,A,16:9wIP0008Q6;@F41=0eW?d00Rg,0*4A
\s:66,c:1782377513*41\!AIVDM,1,1,,B,13LBEw00001UquTRLM>R<4V00000,0*7E
\s:66,c:1782377516*44\!AIVDM,1,1,,B,B4eHJ@h005kH1073BC3Q3wsUkP06,0*33
\s:66,c:1782377515*47\!AIVDM,1,1,,A,35OGMF0OhsrqDHpGe;:KnaOd00C0,0*07
\s:66,c:1782377514*46\!AIVDM,1,1,,A,339t;v000:0oIhBNvslH6Dqb00o@,0*31
\s:66,c:1782377514*46\!AIVDM,1,1,,B,H5ODF5TT?>G1000G4@onkn0p6040,0*12
\s:66,c:1782377517*45\!AIVDM,1,1,,,13lvmD002HPhRfHO>8f2t2Ch8000,0*10
\s:66,c:1782377517*45\!AIVDM,1,1,,A,13@oo>h000PhO>hQ1gllwGSh0l1m,0*2F
\s:66,c:1782377512*40\!AIVDM,1,1,,A,14hC`?00is0l3HrF8EGUoTWV0@NR,0*67
\s:66,c:1782377514*46\!AIVDM,1,1,,A,13VQ?28P00Q`io4G?kLHvgwf20S9,0*3A
\s:66,c:1782377509*4A\!AIVDM,1,1,,A,14a9Q60032rL<;:>lE5TBSMP0@La,0*39
\s:66,c:1782377511*43\!AIVDM,1,1,,B,138V8`0w1mPjoV0O?0EkGRgV0<1S,0*1D
\s:66,c:1782377511*43\!AIVDM,1,1,,B,J>jRD0Wph?;9=oC0IDP00<l008;b00,4*26
\s:66,c:1782377515*47\!AIVDM,1,1,,B,4025bpiuJl`knPnp@rOP4OA0253<,0*0A
\s:66,c:1782377516*44\!AIVDM,1,1,,A,B3I;e;005@5edK6=HCwKswsQV8h@,0*2D
\s:66,c:1782377511*43\!AIVDM,1,1,,B,B7PET:000:e5CqLUn5wQ3wqUoP06,0*7E
\s:66,c:1782377511*43\!AIVDM,1,1,,A,162?@VP01o8k`BDC;:wels7T0D3U,0*0F
\s:66,c:1782377514*46\!AIVDM,1,1,,B,13`oWn8P0w0HJm@NGeLed?wb00Rv,0*0E
\s:66,c:1782377517*45\!AIVDM,1,1,,B,155FA0000fSm`cF>@=AebJof2<;h,0*15
\s:66,c:1782377511*43\!AIVDM,1,1,,B,B3I3=nP00?t:L4Vm5noQ3wqUl000,0*46
\s:66,c:1782377517*45\!AIVDM,1,1,,A,18Hu`j031D`eBeVDBgR2IQsd0D2<,0*6E
\s:66,c:1782377517*45\!AIVDM,1,1,,B,13?u4AUOiJ0e=b<N`b3u0bid08QH,0*53
\s:66,c:1782377514*46\!AIVDM,1,1,,B,13aKUq0P10PFCpFMw<6<gwwd2D7b,0*07
\s:66,c:1782377513*41\!AIVDM,1,1,,A,16=<R4002D`b?V6?DR?`CVS`0@O6,0*34
\s:66,c:1782377508*4B\!AIVDM,1,1,,A,1815ME000025wmLGGiQ;sFoL08L=,0*1E
\s:66,c:1782377504*47\!AIVDM,1,1,,A,14RMul00160v?TBDK?c:jHUD08Ij,0*3C
\s:66,c:1782377511*43\!AIVDM,1,1,,B,17ldJe8P007KVN`0WHQ>4?wT0HMu,0*40
\s:66,c:1782377509*4A\!AIVDM,1,1,,B,16:9H;P0008g;ErA>kmE48UJ0<>I,0*35
\s:66,c:1782377510*42\!AIVDM,1,1,,A,29=Gh>A001Wb88P5oLj@>a9R2000,0*1E
\s:66,c:1782377508*4B\!AIVDM,1,1,,B,34eIlDhtj<sb0r4K@u3mkDQN00Vi,0*24
\s:66,c:1782377508*4B\!AIVDM,1,1,,A,19NSU1@01w0sIAlOHI3IWGaN0PSf,0*18
\s:66,c:1782377511*43\!AIVDM,1,1,,B,19NSIWh01n3ms9eo9:QEhDWP0@Mu,0*43
\s:66,c:1782377509*4A\!AIVDM,1,1,,B,16=q?=PP00UePJ@3v>3N4?wR20Rw,0*09
\s:66,c:1782377509*4A\!AIVDM,1,1,,A,16:=qG0P078g==PACPV2F?wP0==<,0*1C
\s:66,c:1782377511*43\!AIVDM,1,1,,B,16::Cm0P03`hf1PAJ0tf4?wT2D3K,0*6F
\s:66,c:1782377507*44\!AIVDM,1,1,,A,13:usN3000Jr`ULGNM=7fToL0000,0*4B
\s:66,c:1782377508*4B\!AIVDM,1,1,,B,333u8l0P@RPCak0MEK6K2HkR023h,0*48
\s:66,c:1782377511*43\!AIVDM,1,1,,B,18LGs68P11WJQC`0dtrSl?wV08Mw,0*24
\s:66,c:1782377512*40\!AIVDM,1,1,,A,333u8l0P@QPCaiVMEK7s0pk`017h,0*1A
\s:66,c:1782377512*40\!AIVDM,1,1,,B,13ku;oP12rOALDDH15JnoESb00Rv,0*59
\s:66,c:1782377512*40\!AIVDM,1,1,,A,19NSa@002VOJbMr2MGOK18kb0@Nl,0*40
\s:66,c:1782377511*43\!AIVDM,1,1,,A,1712>65P?w<tSF0l4Q@>4?wv0hNB,0*42
\s:66,c:1782377462*46\!AIVDM,1,1,,A,18I6`;000:2iIS><9q36ToL20@33,0*3A
\s:66,c:1782377383*4E\!AIVDM,1,1,,A,38I6`;000:2iIQD<9qs6WWMB03iC,0*13
\s:66,c:1782377335*43\!AIVDM,1,1,,B,B8SOjOh03atTin12I?HLCws73P00,0*29
\s:66,c:1782377233*44\!AIVDM,1,1,1,B,C8SOjOh02atTh8Q2I:hg7wV0TO08bL?1kckek062LLNB?1052100,0*7A
\s:66,c:1782377512*40\!AIVDM,1,1,,B,13aPMcPP000AMtVMH3Q::OwV08Mu,0*1F
\s:66,c:1782377483*49\!AIVDM,1,1,,A,15?d`1000>2baTT=hTH1nhHd0PST,0*22
\s:66,c:1782377493*48\!AIVDM,1,1,,B,35?d`1000>2baUb=hTNioPG00S5A,0*58
\s:66,c:1782377491*4A\!AIVDM,1,1,,B,16:L`1001I7i69p<J>t7U6Lt0HBM,0*7B
\s:66,c:1782377490*4B\!AIVDM,1,1,,A,B6:9?2P0@1stSf34B2f53wg63P06,0*2B
\s:66,c:1782377502*41\!AIVDM,1,1,,A,C6:9?2P0AQstRMS4ApV=Swv0>2L>V@:L?kd000000000JQ4<R30P,0*66
\s:66,c:1782377509*4A\!AIVDM,1,1,,A,13aGtNPP00PF`vtMvFQf4?wP253<,0*22
\s:66,c:1782377440*46\!AIVDM,1,1,,B,B6:Jv?002At1Jj34eA3PWwv63P06,0*3B
\s:66,c:1782377410*43\!AIVDM,1,1,,A,C6:Jv?0031t1Jk34e@`@wwv0>2L?0j31QQd000000000JPP41QPP,0*25
\s:66,c:1782377508*4B\!AIVDM,1,1,,B,1815?SPwQo0n:gBO8cIkaBqR0@LI,0*5F
\s:66,c:1782377513*41\!AIVDM,1,1,,A,13MCBhU01CP2as`MN2G3WjcV0L26,0*32
\s:66,c:1782377509*4A\!AIVDM,1,1,,A,19NSCU@wAl8o84JATldVoUER0D3<,0*33
\s:66,c:1782377512*40\!AIVDM,1,1,,A,337ufd0Oh5OVfUtDQsu:`8e`00pi,0*77
\s:66,c:1782377507*44\!AIVDM,1,1,,B,13`oE<0P1?PDCG<MdTJsw?wN2<5=,0*20
\s:66,c:1782377513*41\!AIVDM,1,1,,B,15`0q<?P0cT3>av>1aa11gwT00Rw,0*20
\s:66,c:1782377511*43\!AIVDM,1,1,,B,18?O@EW000`acEn8H3KiQGKR2HMo,0*41
\s:66,c:1782377511*43\!AIVDM,1,1,4,A,13m;kS0P00Qch>p`=wR>4?wV2D06,0*16
\s:66,c:1782377515*47\!AIVDM,1,1,,A,B3UQkb0000K6r<UKC6iAq1v00000,0*2C
\s:66,c:1782377513*41\!AIVDM,1,1,,B,E>mWTI71Q2Hh@@@@@@@@@@@@@@@ClGfL5uhK000@0;v0000,2*52
\s:66,c:1782377510*42\!AIVDM,1,1,,A,33a`Tn000t0Gpb@NR48FumST0000,0*35
\s:66,c:1782377515*47\!AIVDM,1,1,,A,16:<Gj001J8fp4@AiK:cEI3d00RB,0*5A
\s:66,c:1782377490*4B\!AIVDM,1,1,,A,16:EI0`P137iC7:<CpqW8UbV3HA`,0*2F
\s:66,c:1782377515*47\!AIVDM,1,1,,A,29=Gh>A002Wb88P5oLjhGa9d2000,0*7A
\s:66,c:1782377356*46\!AIVDM,1,1,3,B,C6BN<CP0092K@SSb8VgDWwP0VN4@2MKga:000000000000H33320,0*32
\g:1-2-5199730,s:66,c:1782377419*08\!AIVDM,2,1,0,A,56BWFWmTf;MDE3?COKL4j1<t8P4r22222222220NK0:3N7?P0N888888,0*50
\g:2-2-5199730*6D\!AIVDM,2,2,0,A,888888888888880,2*24
\s:66,c:1782377384*49\!AIVDM,1,1,,B,38I=3q100043WL8>5IDd6PmF0Dc:,0*3F
\s:66,c:1782377491*4A\!AIVDM,1,1,,A,1815L=P010T3HJt>O=LJ3`7000R`,0*06
\s:66,c:1782377515*47\!AIVDM,1,1,,A,15?dgw@0217U6P207OqdKIwf08Pd,0*5E
\s:66,c:1782377516*44\!AIVDM,1,1,,B,36:4FiUP00`VLWPDUTIf4?wf2DL:,0*09
\s:66,c:1782377511*43\!AIVDM,1,1,,A,13mJbT00000JAP8Qga1L=PWV0@Mp,0*6D
\s:66,c:1782377515*47\!AIVDM,1,1,,A,1815RMP01vrR8utF3Pwn<E1b00Re,0*2B
\s:66,c:1782377515*47\!AIVDM,1,1,,A,13aL=8@P00PFGR`MuPGh0?wd2D2F,0*26
\s:66,c:1782377513*41\!AIVDM,1,1,,A,B52J1F0005pLJ=4o7fkQ3wr1jHdr,0*13
\s:66,c:1782377511*43\!AIVDM,1,1,,A,15@;4n001VWQntP1ngi8<nKR2<0q,0*45
\s:66,c:1782377509*4A\!AIVDM,1,1,,B,3770o:50002k>gB<Bv0t2:wP0P00,0*37
\s:66,c:1782377501*42\!AIVDM,1,1,,B,142Oluh1@0R?RNTHR6iHiVqB0HH?,0*46
\s:66,c:1782377509*4A\!AIVDM,1,1,,B,15CgmN001wQh4IidAtebHH=P2@Lc,0*2B
\s:66,c:1782377509*4A\!AIVDM,1,1,,A,19NSNm@P29QBt?RFSMSQWOwP2L0g,0*4D
\s:66,c:1782377509*4A\!AIVDM,1,1,,A,19NSvTP01GQ1q?fIp@uRKAoP0HLs,0*63
\s:66,c:1782377510*42\!AIVDM,1,1,,A,1815`=@0B;DW4CjInfoD<kGP08MG,0*59
\s:66,c:1782377508*4B\!AIVDM,1,1,,A,19NSo`@4AL12GOojrmW63Do<0@GD,0*62
\s:66,c:1782377509*4A\!AIVDM,1,1,,A,33eol>5000RG6H:ClmU=vBi62Ddr,0*0B
\s:66,c:1782377510*42\!AIVDM,1,1,,A,18IbI`8P2E7K?T00eWjd9?wR08MA,0*3E
\s:66,c:1782377510*42\!AIVDM,1,1,,B,13@pa3P01A0:hdvMhTOa47?R0L63,0*6D
\s:66,c:1782377505*46\!AIVDM,1,1,,A,23aGuM@P00PDP`@MdTH>4?wJ2D7R,0*63
\s:66,c:1782377507*44\!AIVDM,1,1,,B,B3S6`LP0C8DP1SV78UmIM9h5l000,0*2D
\s:66,c:1782377511*43\!AIVDM,1,1,,B,13cm=`30010`d`<IG7Lid@C`053<,0*0F
\s:66,c:1782377506*45\!AIVDM,1,1,,B,13V>H00wQaOPKopK2jBA=huN08KN,0*78
\s:66,c:1782377507*44\!AIVDM,1,1,,A,18153m30h1SeTtL?@auPVroJ2<?p,0*0E
\s:66,c:1782377507*44\!AIVDM,1,1,,A,33cSrV002<Pq6VDEg@rqAWWN00V@,0*41
\s:66,c:1782377510*42\!AIVDM,1,1,,B,>3cSrV0UAA1>0U@H5J210t:373T,2*58
\s:66,c:1782377487*4D\!AIVDM,1,1,,B,19NSKdP01j8aU;J>PLPA`1Dl00Sw,0*37
\s:66,c:1782377278*4B\!AIVDM,1,1,,A,39NSKdPwQj8aRjh>P8l1`1Eh05Ok,0*5D
\s:66,c:1782377510*42\!AIVDM,1,1,,B,B8StH`P049vaDURBWid=?wp73P00,0*20
\s:66,c:1782377504*47\!AIVDM,1,1,,B,19NShU01Qp8i@8rAkWQ:fpiB053<,0*57
\s:66,c:1782377510*42\!AIVDM,1,1,,A,ENjbW5g6TaaTW3h@@@@@@@@@@@@@Kj`M@W7V000000N0100,2*6D
\g:1-2-5199731,s:66,c:1782377507*07\!AIVDM,2,1,1,B,560jNd829qFO<H`;B2185L48V0Tq@DM8UAV22216C0V>>4CkSI6UC5A`,0*5E
\g:2-2-5199731*6C\!AIVDM,2,2,1,B,4kmE280CPp88880,2*08
\s:66,c:1782377509*4A\!AIVDM,1,1,,B,B5OG81000>`fn8UVITpsFgp1jEpr,0*5D
\s:66,c:1782377512*40\!AIVDM,1,1,,B,139E<iwP007KkI<0a>3W9gwV0<?>,0*32
\s:66,c:1782377507*44\!AIVDM,1,1,,A,15O2pI0P3LreTmRG=L?2SB3N0000,0*52
\s:66,c:1782377512*40\!AIVDM,1,1,,A,36;:2P0P@U8LuVp=rNkeDqW80PsQ,0*05
\s:66,c:1782377488*42\!AIVDM,1,1,6,A,C1P>Puh03iu3`P13QBUrGwv0H6@bNM1eSS03Sk0QUke:00<2PQ2P,0*40
\s:66,c:1782377513*41\!AIVDM,1,1,,A,13mdUL0000QAvVdWiOWIi0cT0HNf,0*31
\s:66,c:1782377502*41\!AIVDM,1,1,,A,15QPPh001VWi@=@<J7KEPTO>0=Av,0*7F
\g:1-2-5199732,s:66,c:1782377315*01\!AIVDM,2,1,2,A,59NSKd`2DBTtCDi;B20PDhDp60th@Dp@u8HJ2216P8bEM5f3`f80k`36,0*04
\g:2-2-5199732*6F\!AIVDM,2,2,2,A,Ap8888888888880,2*17
\s:66,c:1782377507*44\!AIVDM,1,1,,B,13LBWa001P1PkKBRkbS5>l:00000,0*18
\s:66,c:1782377511*43\!AIVDM,1,1,,A,18I<pT0w@90PbDfO5am`R`oR0<:K,0*04
\s:66,c:1782377514*46\!AIVDM,1,1,,A,36:Lb:P0008W5@hD`Q@1a1Eb012Q,0*0E
\s:66,c:1782377513*41\!AIVDM,1,1,,A,H3mBoP0@DppU>0Jo7?2lh800000,2*33
\s:66,c:1782377513*41\!AIVDM,1,1,,B,H3mBoP4N3?=>1F0<;qqiq00P9320,0*3B
\s:66,c:1782377515*47\!AIVDM,1,1,,A,16:5a`00108fU<hA9F=8a5=`0L8f,0*61
\s:66,c:1782377513*41\!AIVDM,1,1,,B,18I>Rl002>PPEmhNvbqkQBm`00Sd,0*40
\g:1-2-5199733,s:66,c:1782377514*07\!AIVDM,2,1,3,B,59NSa`H2<sh0CDpw:20m<>18DEB0TV2222222217Cp@D75d<0G1lTjip,0*21
\g:2-2-5199733*6E\!AIVDM,2,2,3,B,888888888888880,2*24
\s:66,c:1782377508*4B\!AIVDM,1,1,,B,B3GPwq00>H1raIUVl:@JtHd5oP06,0*53
\s:66,c:1782377515*47\!AIVDM,1,1,,B,18IbI`8P2G7K?Mt0e`Kd5wwf0<<L,0*7C
\s:66,c:1782377515*47\!AIVDM,1,1,,A,C1W`n:h0E8:sWq0SqA2<3ws06@2L?0HNL?1c11111110?1052120,0*0C
\s:66,c:1782377514*46\!AIVDM,1,1,,A,19NSE20wQ31C=hUdTecibQM40D1s,0*30
\s:66,c:1782377511*43\!AIVDM,1,1,,A,142Oluh0@0R?RNRHR6i8iVqV0L2F,0*21
\s:66,c:1782377510*42\!AIVDM,1,1,,A,17tNfohOiqW?vnD1OiR4bkgH2L8g,0*6E
\g:1-2-5199734,s:66,c:1782377249*0F\!AIVDM,2,1,4,A,5815HQ82?IE5KLEWV20DhDpV1B2222222222221>Gq5D<5ddNO3kDkj8,0*14
\g:2-2-5199734*69\!AIVDM,2,2,4,A,888888888888880,2*20
\s:66,c:1782377511*43\!AIVDM,1,1,,B,13aKWv5P0dPH=s6NGP5aGww`2L33,0*29
\s:66,c:1782377516*44\!AIVDM,1,1,,A,36;:2P0P@T8LuU`=rO?e@qQP0P00,0*0A
\s:66,c:1782377516*44\!AIVDM,1,1,,B,33l3p1P00CNqUGR@6VJ9w7wf0093,0*5F
\s:66,c:1782377476*43\!AIVDM,1,1,,A,1815HQ0003T20rv>J<NUtTjN0PRm,0*6B
\s:66,c:1782377516*44\!AIVDM,1,1,,B,16:Bab0P03`gUQhACNQf4?wf20T4,0*52
\s:66,c:1782377512*40\!AIVDM,1,1,,A,4030pTR4dd45ennC52MOW0P001p8,0*0F
\s:66,c:1782377516*44\!AIVDM,1,1,,A,13Skop00011?jvPH`U9uEqEh053<,0*62
\s:66,c:1782377512*40\!AIVDM,1,1,,A,13F?nV002=OrnrPLjEUqu7u`00Re,0*3C
\s:66,c:1782377509*4A\!AIVDM,1,1,,A,19NSih001i`dQvtAuMbTaSeV0L<L,0*7F
\s:66,c:1782377515*47\!AIVDM,1,1,,A,19NShU0wAr8i?sNAkWa:i`i`00Rl,0*31
\g:1-2-5199735,s:66,c:1782377517*02\!AIVDM,2,1,5,A,569a4rP00000910kT00hT4pPGG:00000000000161A6=35db0880kPS1,0*6D
\g:2-2-5199735*68\!AIVDM,2,2,5,A,p1hCQjRH8888880,2*6A
\s:66,c:1782377516*44\!AIVDM,1,1,,A,34SjsD001G0r6gvOClgBWR;p0000,0*37
\s:66,c:1782377517*45\!AIVDM,1,1,,B,18SK2>@P01W`b@b66pIu??wf2<31,0*0F
\s:66,c:1782377516*44\!AIVDM,1,1,,B,18153m3wP1SeTtR?@av@Vrof253<,0*1A
\s:66,c:1782377458*4F\!AIVDM,1,1,,B,19@2`hPP?w<tSF0l4Q@>4?wv0pRH,0*55
\s:66,c:1782377418*4B\!AIVDM,1,1,,B,39@2`hPP?w<tSF0l4Q@>4?wv0RjA,0*44
\s:66,c:1782377518*4A\!AIVDM,1,1,,B,B8Ht7=001io4k`0<E7VDwwt5kP06,0*71
\s:66,c:1782377509*4A\!AIVDM,1,1,,A,18Lg6W00007=lBP7QCjWA61R0D4h,0*35
\s:66,c:1782377505*46\!AIVDM,1,1,,B,16::Af001M`O`erEti`rn`kH053<,0*4C
\s:66,c:1782377510*42\!AIVDM,1,1,,A,13n:Tq00000JboFQge5>43gT00RM,0*17
\s:66,c:1782377504*47\!AIVDM,1,1,,A,33c23J50000DuCDN1:u5l:3D0Dpb,0*4F
\s:66,c:1782377510*42\!AIVDM,1,1,,B,16:9AP0001`gKI2ACIhJ<gwP0000,0*13
\s:66,c:1782377510*42\!AIVDM,1,1,,B,H5OFE2TUCBD8K<a00000001P<310,0*13
\s:66,c:1782377511*43\!AIVDM,1,1,,B,39NSrAQ001LdD9Qj<Am;QW9V0DaJ,0*12
\s:66,c:1782377509*4A\!AIVDM,1,1,,A,669oQBR6B3R0Il69raDNqRActSvpBFfat`vgj1wS9Cf1c0,4*04
\s:66,c:1782377506*45\!AIVDM,1,1,,A,15NFbj?000qV4<j@IWRiBheJ0@K1,0*02
\s:66,c:1782377512*40\!AIVDM,1,1,,A,13cpO0?P@0Pw1CJJ6WuWIn;`2D1d,0*1E
\s:66,c:1782377474*41\!AIVDM,1,1,,A,33VWpl1w012fr`r=dTL@@8HH0Dcb,0*44
\s:66,c:1782377512*40\!AIVDM,1,1,,B,13v61R700H0j0G8Q<P`PhPhp0@@R,0*21
\s:66,c:1782377512*40\!AIVDM,1,1,,B,13S@gL0P00Q;vSvHoRJ>4?w`253<,0*53
\s:66,c:1782377513*41\!AIVDM,1,1,,A,1:UOHg@P00tQpqOiJ5bv4?w`253<,0*75
\s:66,c:1782377506*45\!AIVDM,1,1,,A,13m6cWS1@4P=7pPN8Mp=E0oH8<47,0*04
\s:66,c:1782377511*43\!AIVDM,1,1,,A,3:5dqG1001R5jmpGFaNf48qV2E:r,0*04
\s:66,c:1782377395*49\!AIVDM,1,1,,A,34eH<9EP00K3BCPKRfpcNgwb0E1b,0*43
\s:66,c:1782377509*4A\!AIVDM,1,1,,B,13MAmH@00`PMbS6Nqsvm?ku`2@N`,0*7E
\s:66,c:1782377512*40\!AIVDM,1,1,,B,18I010gP007JcI`0gf>op?wT0D9S,0*46
\s:66,c:1782377513*41\!AIVDM,1,1,,A,18I<qg01242vbgwgFSBRaR7V0<0B,0*33
\s:66,c:1782377419*4A\!AIVDM,1,1,,B,36;9rs10017hD1l<Cg7VvlTP0Dd8,0*2A
\s:66,c:1782377514*46\!AIVDM,1,1,,A,132jCh?P00wGIA>Eela00?w`2L0g,0*12
\g:1-2-5199736,s:66,c:1782377371*07\!AIVDM,2,1,6,A,56;9rs8000009AT4000QD5UDs7T0000000000016:0A885db08iPCQhj,0*7C
\g:2-2-5199736*6B\!AIVDM,2,2,6,A,1CQh00000000000,2*69
\s:66,c:1782377514*46\!AIVDM,1,1,,B,B6:j;J008J9hcE4Tde6R61v021Mk,0*14
\s:66,c:1782377514*46\!AIVDM,1,1,,A,15?dR5h01P2QJPsl``:2dB?b0HOf,0*63
\s:66,c:1782377509*4A\!AIVDM,1,1,,A,33P7fB@00>Omov0Lt9:Jo8ep0000,0*23
\g:1-2-5199737,s:66,c:1782377389*01\!AIVDM,2,1,7,B,56:16R82@SFl904J221PTr04r1T4pN222222221@RPnD`5WUNlmRFPAp,0*53
\g:2-2-5199737*6A\!AIVDM,2,2,7,B,888888888888880,2*20
\s:66,c:1782377412*41\!AIVDM,1,1,,B,38I51m50007gwvv<EF4hQ@TH0Dg:,0*6B
\s:66,c:1782377509*4A\!AIVDM,1,1,,B,15C7800P000GohNNQuj9PwwR0@LU,0*51
\g:1-2-5199738,s:66,c:1782377477*08\!AIVDM,2,1,8,B,53VWpl82G`81=HA;B21<DHE8U>2222222222221@IpcL@5WP0K4hF@RH,0*67
\g:2-2-5199738*65\!AIVDM,2,2,8,B,888888888888880,2*2F
\s:66,c:1782377515*47\!AIVDM,1,1,,B,13V;HV0029P`qK<EbKtStS;P00Rk,0*57
\s:66,c:1782377512*40\!AIVDM,1,1,,B,17mF;kOP04aPd@1v`CpSuOwV20Rh,0*32
\s:66,c:1782377514*46\!AIVDM,1,1,,B,19KwVE@P00`f@FNA2Mi@0?wb2L<?,0*2C
\s:66,c:1782377509*4A\!AIVDM,1,1,,B,6>lIdeP00000>da5h0A4P00,2*18
\s:66,c:1782377474*41\!AIVDM,1,1,,B,16oa=thP03T;uqB=Rbt1KOvL2@8L,0*07
\s:66,c:1782377380*4D\!AIVDM,1,1,,A,36oa=thP0nT;uWd=RcB3DOw@20O@,0*67
\s:66,c:1782377516*44\!AIVDM,1,1,,B,360r=n10002k>2J<BBf61Doh0E4:,0*4A
\s:66,c:1782377516*44\!AIVDM,1,1,,A,B3m9RbP0C`CPnmam4ukFowt5oP06,0*60
\s:66,c:1782377515*47\!AIVDM,1,1,,B,17ldk??P00`=mkavdFKl3wwd2@PG,0*6B
\s:66,c:1782377366*45\!AIVDM,1,1,,B,36:16R5002UuI>h:6S:F2FJV0Dwb,0*5D
\s:66,c:1782377510*42\!AIVDM,1,1,,B,13aDCthP05PFECLMvrU`9?wT28Me,0*2F
\s:66,c:1782377514*46\!AIVDM,1,1,,A,18SK15@001WaqP:5o;Lh:`g`28PB,0*6F
\s:66,c:1782377513*41\!AIVDM,1,1,,B,3815FKA0002AJNJB5hdpLICb0Dvb,0*24
\s:66,c:1782377513*41\!AIVDM,1,1,,A,18J844002<7ISFd0eB2KDq3b0<>?,0*5B
\s:66,c:1782377510*42\!AIVDM,1,1,,B,1777@s001g7PBvv1@k`Wjn9P0D3C,0*27
\s:66,c:1782377512*40\!AIVDM,1,1,,A,13l3ocP01uo=L7nKU5JJhHc20000,0*4E
\s:66,c:1782377517*45\!AIVDM,1,1,,A,17Ogp0P000bu8=IhDQsdhs1j0HQa,0*11
\s:66,c:1782377514*46\!AIVDM,1,1,,A,346iPD0P@00=w;RMS58Caa;`01;h,0*30
\s:66,c:1782377516*44\!AIVDM,1,1,,B,88:c5>h0G@:?>G1?6600,0*5A
\s:66,c:1782377517*45\!AIVDM,1,1,,A,H8:c5>iADN1=E0E:0l4l60<U@40,2*0D
\s:66,c:1782377089*47\!AIVDM,1,1,,A,H8:c5>ll?>G10004E1khqp000000,0*01
\s:66,c:1782377512*40\!AIVDM,1,1,,B,16:kAN001f8lB@4Ci40=rK=`0@NG,0*47
\s:66,c:1782377502*41\!AIVDM,1,1,,B,14qhgU0000sVBvt9Beitn0IB0@HQ,0*51
\s:66,c:1782377509*4A\!AIVDM,1,1,,B,36:9KsPOi>`lb0DAPCI6J5=J00fP,0*5A
\s:66,c:1782377506*45\!AIVDM,1,1,,B,18I6Nk0023P?tkjNJ5S0q0kJ08K:,0*26
\s:66,c:1782377507*44\!AIVDM,1,1,,A,14Ve=<0wi@24g0<GMWgh@@9P08L1,0*5C
\s:66,c:1782377504*47\!AIVDM,1,1,,A,35NC120000G>h:TKhrAK=`wp0000,0*50
\s:66,c:1782377507*44\!AIVDM,1,1,,B,EvjMkQQcb3h4;nRnVJ00000000008jGp?4F@h<1QQPN000,4*66
\s:66,c:1782377505*46\!AIVDM,1,1,,B,15OBhhPP@1rRPKJE6DV`U6sD053<,0*73
\s:66,c:1782377506*45\!AIVDM,1,1,,A,19t6S>@01U1EQ2jG8=j<AasH0000,0*67
\s:66,c:1782377503*40\!AIVDM,1,1,,A,13@no``0000U=PPP2kCaM9MFH0S7,0*45
\s:66,c:1782377510*42\!AIVDM,1,1,,A,19Hl>I@0A@PJPNLE=gaqaGgV08Mf,0*7F
\s:66,c:1782377509*4A\!AIVDM,1,1,,B,B497pm00:@Ap5JUMAND9swpUh000,0*67
\s:66,c:1782377509*4A\!AIVDM,1,1,,,404k1dQvad`ki`lJNGp1Q1G00000,0*30
\s:66,c:1782377509*4A\!AIVDM,1,1,,B,19NS`;P01E8gW1tAl@T;q9WP0D;7,0*07
\s:66,c:1782377510*42\!AIVDM,1,1,,A,Evja5DQ1000?cI0000000000000Leb5P5FJ4000003sP10,4*1C
\s:66,c:1782377510*42\!AIVDM,1,1,,B,19NSjPhw1wNd;>0<<p;hqPkP0HMG,0*07
\s:66,c:1782377509*4A\!AIVDM,1,1,,B,14bEkr700avhSN0;FHAiOiKP20SO,0*45
\s:66,c:1782377508*4B\!AIVDM,1,1,,B,15?dWF001d7nMQ69<vte9bMN08L9,0*0A
\s:66,c:1782377511*43\!AIVDM,1,1,,A,16KWw`7P00QDE6CdV:@c:wwV20Sc,0*1D
\g:1-2-5199739,s:66,c:1782377511*08\!AIVDM,2,1,9,B,56:7iJ800000918r220`TP4U`PTHDpN222222216>pE6>ud`0=n2@CAC,0*0C
\g:2-2-5199739*64\!AIVDM,2,2,9,B,`88888888888880,2*76
\s:66,c:1782377494*4F\!AIVDM,1,1,,B,1341mV001F7l=wT4AtR8dW3N0HD5,0*07
\s:66,c:1782377205*41\!AIVDM,1,1,,A,3341mV001F7l@8t4BAS`N6ql0Cwe,0*38
\s:66,c:1782377511*43\!AIVDM,1,1,,A,1:1Sst3P01PknE:DB?Ov4?wV2@ND,0*52
\s:66,c:1782377495*4E\!AIVDM,1,1,5,B,C3Qub8M059u3a=13Q>ar;wP1ekWkiKkKeS:00000000000000020,0*28
\s:66,c:1782377513*41\!AIVDM,1,1,,A,1:U7BB0P00LQpkmiJ5D0K?w`08Nm,0*6E
\s:66,c:1782377509*4A\!AIVDM,1,1,,B,16:9;O001L`i:`h@r:h8IFMP28Lj,0*75
\s:66,c:1782377509*4A\!AIVDM,1,1,,A,19NSd2P02uN85@ujA1dSQRkN08Lp,0*0B
\s:66,c:1782377509*4A\!AIVDM,1,1,,A,170O;r000n3oEP8>87DSA2OR053<,0*7B
\s:66,c:1782377510*42\!AIVDM,1,1,,A,18SK48`P00WaAI@5si446wwP20SC,0*2E
\s:66,c:1782377511*43\!AIVDM,1,1,,A,17ldU0hP007a:v7tP:wRPwwL0L4O,0*78
\s:66,c:1782377506*45\!AIVDM,1,1,,A,403t=K1vad`kd`gTjhAvds7008JT,0*5E
\s:66,c:1782377507*44\!AIVDM,1,1,,,139gbO5000P`5pfNHnw7cD7J0000,0*72
\s:66,c:1782377511*43\!AIVDM,1,1,,B,348G7`U000QPmNFOnG:SH:WP0DjJ,0*25
\s:66,c:1782377511*43\!AIVDM,1,1,,B,15?daHP0034w9TH<vahRgJUR00Rc,0*5C
\s:66,c:1782377511*43\!AIVDM,1,1,,B,15NSnfU018q=FOD@t?7<nww`0<75,0*59
\s:66,c:1782377508*4B\!AIVDM,1,1,,A,33tfkP00001>P:>RoQJiJ19p0000,0*29
\s:66,c:1782377506*45\!AIVDM,1,1,,B,ENo6gp?2W0`Hh@@@@@@@@@@@@@@=C8Ot2v:t01088;v010,4*74
\s:66,c:1782377511*43\!AIVDM,1,1,,B,1815NBh01ov2<1`2I9htC9mN0<01,0*01
\s:66,c:1782377509*4A\!AIVDM,1,1,,A,1856GOPP007JKN`0fkAHbOwN08Lb,0*3A
\s:66,c:1782377506*45\!AIVDM,1,1,,B,38Jqkb0P@HWK`6P0fMh;EpOH20vP,0*30
\s:66,c:1782377511*43\!AIVDM,1,1,,A,B3:1Kr00=8<CvV7kq9EQgwq1l53<,0*39
\s:66,c:1782377506*45\!AIVDM,1,1,,A,35N1c70000JrmvbH?G?;=Uip0000,0*0F
\s:66,c:1782377513*41\!AIVDM,1,1,,A,1815HUh01QP7tmvMC8D8g6w`00Sf,0*3F
\s:66,c:1782377513*41\!AIVDM,1,1,,A,13kttIP02MOasrVLD3EBgBAV08O3,0*1A
\s:66,c:1782377512*40\!AIVDM,1,1,,B,33bQ9t3007PVcwjNcvLRVIqV0000,0*5A
\s:66,c:1782377512*40\!AIVDM,1,1,,A,181:KmP222wWt4rL6DAqKGQV0<1P,0*1A
\s:66,c:1782377512*40\!AIVDM,1,1,,B,13@otuCP010ql7ROp@@9lwwT0<2O,0*1C
\s:66,c:1782377510*42\!AIVDM,1,1,,A,13aHF90P00PFPqHMtU7N4?wT20SN,0*4F
\s:66,c:1782377496*4D\!AIVDM,1,1,,A,15?dgR000o7k5u04FD9WR6K608DU,0*67
\s:66,c:1782377493*48\!AIVDM,1,1,,B,35?dgR000o7k5uH4FDEGR6K000s@,0*5E
\s:66,c:1782377512*40\!AIVDM,1,1,,A,13aL>DhP0sPI2srMdB;SGww`2L1S,0*1A
\s:66,c:1782377330*46\!AIVDM,1,1,,B,169UK:UP00Wh75h<Em7>4?wT2000,0*58
\s:66,c:1782377401*43\!AIVDM,1,1,,A,369UK:UP00Wh75P<Em7>4?v02EHb,0*5B
\g:1-2-5199740,s:66,c:1782377386*0E\!AIVDM,2,1,0,A,569UK:`0000090hCN218tpN0P4V3GN2222222216;@H79ucie9QPCQp0,0*34
\g:2-2-5199740*6A\!AIVDM,2,2,0,A,j1CQp1hCQp88880,2*26
\s:66,c:1782377511*43\!AIVDM,1,1,,A,13MCc7P026OQq>8K?5>i20oR0<6O,0*2F
\s:66,c:1782377513*41\!AIVDM,1,1,,B,17`BO@O000dFb=7W37Bv40q`20RQ,0*48
\s:66,c:1782377510*42\!AIVDM,1,1,,A,B3mGF400<HN0dV:;I7jvowpUoP06,0*50
\s:66,c:1782377510*42\!AIVDM,1,1,,B,139LCWg0080jWg8O8Nc5m6UV0@MP,0*11
\s:66,c:1782377512*40\!AIVDM,1,1,,B,ENo6gp?2W0`Hh@@@@@@@@@@@@@@=C8Ot2v:t01088;v010,4*74
\g:1-2-5199741,s:66,c:1782377312*02\!AIVDM,2,1,1,B,55?dgR80@>U3<GSG3N0P4V1@DpN333N22222221651TQ:5g80=@QC0Eh,0*29
\g:2-2-5199741*6B\!AIVDM,2,2,1,B,C`8888888888880,2*05
\s:66,c:1782377511*43\!AIVDM,1,1,,B,17ldKEpP00`Fg<SwDEKHcwwT2DgG,0*3F
\s:66,c:1782377515*47\!AIVDM,1,1,,B,17ldKEpP00`Fg<SwDEKHcwwd28PM,0*4E
\s:66,c:1782377513*41\!AIVDM,1,1,,A,36:4Do50008fAGhAEDma=7E`0Ddb,0*22
\s:66,c:1782377509*4A\!AIVDM,1,1,,A,13aNa=hP00PJ7iJN?6R=4wwR2D39,0*53
\s:66,c:1782377512*40\!AIVDM,1,1,,,139gbO5000P`5pfNHnw7cD7V0000,0*6E
\s:66,c:1782377515*47\!AIVDM,1,1,,A,13moQL0000QbcCT`2tu>457f20RQ,0*40
\s:66,c:1782377515*47\!AIVDM,1,1,,A,36:ESB0P@O88I:h=02N1V0ab0111,0*1D
\s:66,c:1782377510*42\!AIVDM,1,1,,,13l<j<0vAU`cSm@?Cnk1K1?P0000,0*11
\g:1-2-5199742,s:66,c:1782377346*00\!AIVDM,2,1,2,B,56?Uk`D2CewT5MD:221<<V1<585=L5@V2222221O30n4>vw<0=4i@H88,0*7F
\g:2-2-5199742*68\!AIVDM,2,2,2,B,888888888888880,2*25
\s:66,c:1782377514*46\!AIVDM,1,1,,B,18R3=u00013QOpf@?<EC5:1d00TA,0*35
\s:66,c:1782377516*44\!AIVDM,1,1,,A,1815be@w1h05EA@LtIG1nQUh08Pk,0*35
\s:66,c:1782377504*47\!AIVDM,1,1,,B,16CAPV8P0146tAL=b5qLa?wH2<3L,0*73
\s:66,c:1782377506*45\!AIVDM,1,1,,B,177f`M0P01T<3VJ=b1SrAgwH20Sc,0*1D
\s:66,c:1782377227*41\!AIVDM,1,1,,B,377f`M0P03T<3g<=b1cIrgv<202k,0*7E
\s:66,c:1782377511*43\!AIVDM,1,1,,A,B52iT1000=k3q86tjDP000N00000,0*01
\s:66,c:1782377516*44\!AIVDM,1,1,,B,1815BM0011`h:m2A0vtc:a9@08Q0,0*11
\s:66,c:1782377517*45\!AIVDM,1,1,,A,B8Ljg7000AkM>91oQ4l000L02h06,0*3D
\g:1-2-5199743,s:66,c:1782377513*07\!AIVDM,2,1,3,A,57tKkTP2<4jWTo;G;J0Hu9ADpF0Lhu9V2222221@:PH8840HtAT2ip88,0*29
\g:2-2-5199743*69\!AIVDM,2,2,3,A,888888888888880,2*27
\s:66,c:1782377515*47\!AIVDM,1,1,,A,33tfkP00001>P:>RoQJhD0Ap0000,0*5F
\s:66,c:1782377516*44\!AIVDM,1,1,,,13l<j<0vAU`cSpp?CoCiLQ?d0000,0*1E
\s:66,c:1782377515*47\!AIVDM,1,1,,A,1610R;`0003OfNP?qPOq28MV0d9N,0*0F
\s:66,c:1782377496*4D\!AIVDM,1,1,,B,16?Uk`@0045u;HD:8Hs911m:0<10,0*1A
\s:66,c:1782377517*45\!AIVDM,1,1,,B,19NSpkh0jDOS>I<L7B`2TB;h00SK,0*3C
\s:66,c:1782377517*45\!AIVDM,1,1,,,139gbO5000P`5pdNHnw7cD7h0000,0*52
\s:66,c:1782377506*45\!AIVDM,1,1,,A,14Ti3p1000437jL>9F5oKRKF00S;,0*2D
\s:66,c:1782377482*48\!AIVDM,1,1,,A,34Ti3p1000437jH>9F5GKRJ`002j,0*14
\s:66,c:1782377518*4A\!AIVDM,1,1,,B,13kttIP02MOat4JLD3WjgRAh0D1D,0*25
\s:66,c:1782377515*47\!AIVDM,1,1,,B,E>mGIgt6846h6TQbFsP00000000DDgFc4;MD@10888s020,4*06
\s:66,c:1782377509*4A\!AIVDM,1,1,,A,B5O>ueP006P2M3V?T0sABWN00000,0*1E
\s:66,c:1782377508*4B\!AIVDM,1,1,,A,19NSI<PvQ>JB6?h5LJ95V4mP20S5,0*62
\s:66,c:1782377510*42\!AIVDM,1,1,,B,14SI3400050bBWlI:6606pUR0U3<,0*7B
\s:66,c:1782377509*4A\!AIVDM,1,1,,A,19NSge00@005n1>3PfWtqjkL0<1T,0*56
\s:66,c:1782377504*47\!AIVDM,1,1,,A,B6:lJhh002;@j84OA@A<owv63P06,0*6F
\s:66,c:1782377503*40\!AIVDM,1,1,,A,35960nP000HHvE<=B9iL70;p0000,0*31
\s:66,c:1782377505*46\!AIVDM,1,1,,A,169?Jn00230=3w0EK5OJ3p1J0HJA,0*0E
\s:66,c:1782377510*42\!AIVDM,1,1,,B,H5IbgN0m9>1HTth622222222220,2*35
\s:66,c:1782377510*42\!AIVDM,1,1,,B,H5IbgN4N1=30000qIC9PPP0hB44t,0*63
\s:66,c:1782377513*41\!AIVDM,1,1,,B,13e8t>03j<I2wQ40pM`Rf2C`08OL,0*4F
\s:66,c:1782377334*42\!AIVDM,1,1,,B,3815FC5002Wi1w@<KrrKLr?b0EiJ,0*19
\g:1-2-5199744,s:66,c:1782377404*07\!AIVDM,2,1,4,A,54eHb3l24GM`00000010E@E:0I85<E:22222220t2PD395tC02DEA@Q@,0*6B
\g:2-2-5199744*6E\!AIVDM,2,2,4,A,p88888888888880,2*68
\g:1-2-5199745,s:66,c:1782377439*08\!AIVDM,2,1,5,A,5815O382GFRqKL7CK?A=<V0@ThTLDqB222222216F`CG95c=0PPk`1PC,0*23
\g:2-2-5199745*6F\!AIVDM,2,2,5,A,`88888888888880,2*79
\g:1-2-5199746,s:66,c:1782377217*01\!AIVDM,2,1,6,B,57WK;EH2=0CECP7G;KThtpLEHUAV3N222222221HBpP6J51Q0M4j2CPD,0*20
\g:2-2-5199746*6C\!AIVDM,2,2,6,B,p88888888888880,2*69
\s:66,c:1782377514*46\!AIVDM,1,1,,A,16?cKw00230CBD`E@UOC6BUN053<,0*6C
\g:1-2-5199747,s:66,c:1782377463*05\!AIVDM,2,1,7,A,5;;w?P42:poHSMaS;J0<hTI@tr2222222222221@B8S=>5c40D4j2CPD,0*40
\g:2-2-5199747*6D\!AIVDM,2,2,7,A,sSk@C`888888880,2*0B
\s:66,c:1782377512*40\!AIVDM,1,1,,B,28SjkBwP00W`bgr66oELs?wT253<,0*59
\s:66,c:1782377514*46\!AIVDM,1,1,,A,17lj;gi00n8FUf7wC@MV65?V0D2m,0*29
\s:66,c:1782377509*4A\!AIVDM,1,1,,B,36:>l<10018hOgjAkEc:h0cP0DhJ,0*6D
\g:1-2-5199748,s:66,c:1782377515*0A\!AIVDM,2,1,8,B,5INSI<`2D17LCDTsV21<D5L5U>0`DaF22222221IB`R8HudRNJl0@m0`,0*63
\g:2-2-5199748*62\!AIVDM,2,2,8,B,888888888888880,2*2F
\s:66,c:1782377513*41\!AIVDM,1,1,,A,1914hrpP000OhDtE6e3dhgw`20Rk,0*54
\s:66,c:1782377507*44\!AIVDM,1,1,,A,13nFA10Ohk0Pkq>SqIVdQrCP0<1P,0*40
\s:66,c:1782377510*42\!AIVDM,1,1,,B,33nFA10Ohl0PkoNSqIgLbrGV0210,0*6E
\g:1-2-5199749,s:66,c:1782377303*0A\!AIVDM,2,1,9,B,56<g;r`2GvKP9;COCN10E<<4@u8E>0985HF222167PA3:40Ht8@UA0BO,0*0A
\g:2-2-5199749*63\!AIVDM,2,2,9,B,?OS3kQkAC`88880,2*0D
\s:66,c:1782377498*43\!AIVDM,1,1,,B,16<g;rP000`UtGd=HAhVO8O<0D0U,0*2D
\s:66,c:1782377308*4D\!AIVDM,1,1,,A,36<g;rP000`UtHJ=HAkDapNp0Cuu,0*55
\s:66,c:1782377509*4A\!AIVDM,1,1,,A,13aVkT5P1JPHNFRNE=3FswwT2HM9,0*1A
\s:66,c:1782377512*40\!AIVDM,1,1,,B,13aGEk0P0hPHW7dNIEWelOw`28No,0*64
\s:66,c:1782377515*47\!AIVDM,1,1,,A,13VIG80P00QckqLEeqnN4?wf28PN,0*3F
\s:66,c:1782377440*46\!AIVDM,1,1,,A,3;;w?P1000T2t2>>:><P`jfB0lcr,0*27
\s:66,c:1782377510*42\!AIVDM,1,1,,B,ENl5qsw8e9h1PQ62h;K@@@@@@@@3w`3c660t000000N010,4*69
\s:66,c:1782377516*44\!AIVDM,1,1,,A,13m;<p70001G39RWpD89Ra5h0D0s,0*2C
\s:66,c:1782377517*45\!AIVDM,1,1,,B,13aBNRPP000BN7VMf9EP0?wh0D3w,0*62
\s:66,c:1782377512*40\!AIVDM,1,1,,B,18QWd?3000STufj?n7r71bkT0<Bc,0*6E
\s:66,c:1782377515*47\!AIVDM,1,1,,B,169?Jn00240=3gjEK5::3`1h0HPN,0*62
\s:66,c:1782377516*44\!AIVDM,1,1,,B,15AHeV002HWqJ:T6F6eA90kf053<,0*0F
\s:66,c:1782377516*44\!AIVDM,1,1,,B,36:qc`0OiU`RKfDF9n73qk;f0100,0*23
\s:66,c:1782377516*44\!AIVDM,1,1,,A,33m;<p70001G39PWpD89R95p0000,0*5B
\s:66,c:1782377512*40\!AIVDM,1,1,,A,13chFC0P010qBNFEh5K=<gwb2000,0*62
\s:66,c:1782377517*45\!AIVDM,1,1,,B,E>q7HSg;4a::PV@0b7W@LpI0000D>AG?70Vt020@@@P010,4*3A
\s:66,c:1782377509*4A\!AIVDM,1,1,,A,16:G?wS00K8g4otAndd;WISL053<,0*63
\s:66,c:1782377509*4A\!AIVDM,1,1,,A,1815PU@tAi`jQwpA:gR1LAAP2U3<,0*65
\s:66,c:1782377505*46\!AIVDM,1,1,,B,19NSbR0u1lIW45T@W141T19H053<,0*6E
\s:66,c:1782377508*4B\!AIVDM,1,1,,A,19N`1wh20@Of8EV2lGe3G6qN0@L0,0*63
\s:66,c:1782377507*44\!AIVDM,1,1,,B,13aJJ:wP00PF;N8MwIBv4?wN253<,0*7D
\s:66,c:1782377508*4B\!AIVDM,1,1,,B,13aNc?@P000EnlJN2`Ff4?wP0D6h,0*43
\s:66,c:1782377508*4B\!AIVDM,1,1,,B,B5O5CcP006WlG53k57GQ3wp1h000,0*36
\s:66,c:1782377511*43\!AIVDM,1,1,,A,19NSIKP02>39aF;umf1SGBqR0<02,0*7F
\s:66,c:1782377510*42\!AIVDM,1,1,,B,13F<D20P00OH:w4GT6=2CgwT0<0O,0*6B
\s:66,c:1782377510*42\!AIVDM,1,1,,B,B6=hssh05ILtNtPno<VegwpW3P00,0*28
\s:66,c:1782377495*4E\!AIVDM,1,1,,A,19NSCp@01k`gEc2=se40ePTB08De,0*1C
\s:66,c:1782377509*4A\!AIVDM,1,1,,A,15NNqv500`oRElRCAalcRa=R0@Lm,0*57
\s:66,c:1782377505*46\!AIVDM,1,1,,A,139cNw0P1;PV4HRNJabpDgwH253<,0*66
\s:66,c:1782377508*4B\!AIVDM,1,1,,B,3Cgpkn<P05vBuCrV97m@VOwN202B,0*79
\s:66,c:1782377512*40\!AIVDM,1,1,,B,29Iik>A0017b3P85oI<W2pkT053<,0*2A
\s:66,c:1782377497*4C\!AIVDM,1,1,,B,15B3gP001kRap3F=2?:V64q<053<,0*12
\s:66,c:1782377448*4E\!AIVDM,1,1,,A,35B3gP001kRaoeP=2Dhn4DqR05uS,0*68
\s:66,c:1782377512*40\!AIVDM,1,1,,A,15@`T>001@7IvGV0f7c7f67T00SW,0*02
\s:66,c:1782377508*4B\!AIVDM,1,1,,A,18IQGP001hWGkIv0qD@<:Ii>0L2M,0*63
\s:66,c:1782377508*4B\!AIVDM,1,1,,B,1815BW0010OeaKP2rVK0bPKP0@LL,0*58
\s:66,c:1782377509*4A\!AIVDM,1,1,,B,15?de;h1@0rB?Mr5F5BenS?P08Li,0*23
\s:66,c:1782377509*4A\!AIVDM,1,1,,A,13aEP9000DPCo18MESHLTbWL00T0,0*7E
\s:66,c:1782377507*44\!AIVDM,1,1,,B,B7mDhoh0>Io1;30:v5@Aswo4kP06,0*2D
\s:66,c:1782377507*44\!AIVDM,1,1,,,13lcrH00ARJP>Ep4eStEgTWL053<,0*43
\s:66,c:1782377510*42\!AIVDM,1,1,,A,181:LgPvBEMElJuv:4dcdIKR0d01,0*6B
\s:66,c:1782377507*44\!AIVDM,1,1,,A,B3`g5?@0105>4>WPA=GQ2gGQl53<,0*52
\s:66,c:1782377509*4A\!AIVDM,1,1,,A,B3:4cT00@P6T2s6:ja6in;p1V8p@,0*4F
\s:66,c:1782377506*45\!AIVDM,1,1,,A,35N9g?dP1Qq=hjH@ol6u?:GH0000,0*57
\s:66,c:1782377508*4B\!AIVDM,1,1,,A,13`uK9PP0IPEqufMwF8JKgwN253<,0*5E
\s:66,c:1782377512*40\!AIVDM,1,1,,A,19NSR3P02O;3NhjIwrLIVoeT0<07,0*41
\s:66,c:1782377508*4B\!AIVDM,1,1,,B,19NSldhv0s8i;68AkRG:h8qN00Rh,0*51
\s:66,c:1782377509*4A\!AIVDM,1,1,,B,B39V9g00>0<9RVWmELMIWwp1h@L@,0*18
\s:66,c:1782377509*4A\!AIVDM,1,1,,A,1:U7IvhP00LF2oUwuqbuf:wP0=`K,0*73
\s:66,c:1782377511*43\!AIVDM,1,1,,A,18SK4r`P00Wapsf61J4h0?wR2<6e,0*74
\s:66,c:1782377508*4B\!AIVDM,1,1,,A,15IGQ0?P01KVF0H66ArVTwwN853<,0*7D
\s:66,c:1782377509*4A\!AIVDM,1,1,,B,1815C:@0ikWNVjP0oS;8m77B053<,0*7C
\s:66,c:1782377510*42\!AIVDM,1,1,,A,19ACHlhP0J2D7fvArUIb:ww80L3>,0*25
\s:66,c:1782377506*45\!AIVDM,1,1,,A,B39VBJ00;H=l=T7hALF>owo1l53<,0*41
\s:66,c:1782377507*44\!AIVDM,1,1,,A,33cdM00P16PVhDjFC@H12?wL205k,0*2D
\s:66,c:1782377511*43\!AIVDM,1,1,,B,B8Ht4S005qo55v0<Dv4H?wqToP06,0*4F
\s:66,c:1782377506*45\!AIVDM,1,1,,B,169GFP3P00`agO@8D5ef4?wJ2@Jf,0*62
\s:66,c:1782377511*43\!AIVDM,1,1,,A,190woSP03F0As@4Goc4i>i5P053<,0*18
\s:66,c:1782377511*43\!AIVDM,1,1,,A,15N9g?dP1Pq=hhT@olUu<:CT0000,0*32
\s:66,c:1782377511*43\!AIVDM,1,1,,,13lcrH00ARJP>Gj4eSUUg4WT053<,0*12
\s:66,c:1782377513*41\!AIVDM,1,1,,A,17WnJH0Oi;9L@g8HWqAr;HGb20SG,0*41
\s:66,c:1782377513*41\!AIVDM,1,1,,B,13EhBoSP0oOhq?RDRrRqewwb053<,0*0A
\s:66,c:1782377513*41\!AIVDM,1,1,,B,16:RWaP01Q8ilAtDb<R765eV053<,0*31
\s:66,c:1782377498*43\!AIVDM,1,1,,B,13VOQb0wnk2h290<qf4iBoK80<7c,0*5E
\s:66,c:1782377461*45\!AIVDM,1,1,,B,33VOQb008w2h2Hb<qiC1BGKn0E4e,0*50
\s:66,c:1782377513*41\!AIVDM,1,1,,B,16:<FkP0008VRNbDawP4D:SV0@Np,0*7A
\g:1-2-5199750,s:66,c:1782377464*04\!AIVDM,2,1,0,A,53VOQb82FF51=H@OB20lTpE9H60d4hhU=@v2221@I@bBI5bn0PQSl`3l,0*52
\g:2-2-5199750*6B\!AIVDM,2,2,0,A,Q1DTp8888888880,2*1C
\s:66,c:1782377512*40\!AIVDM,1,1,,B,B5O6uu0006TCeESg3GPb3wqQT000,0*68
\s:66,c:1782377509*4A\!AIVDM,1,1,,A,15`I@=hvQNKUtg85uBdTTkQN0<1U,0*38
\s:66,c:1782377515*47\!AIVDM,1,1,,A,15O;050P01I<nP8A1<H>4?wf200=,0*6E
\s:66,c:1782377513*41\!AIVDM,1,1,,B,13ku:d001QOE@?tE;Uq=RJmV08Np,0*74
\s:66,c:1782377509*4A\!AIVDM,1,1,,A,13@pC5@01T0h:NnOI<n6nUMN0HLR,0*09
\s:66,c:1782377513*41\!AIVDM,1,1,,A,133ma5P000PCjJdMG1QLl:IV08ON,0*7F
\s:66,c:1782377514*46\!AIVDM,1,1,,A,13cens0P1KPvvmLJ6UCe=?wb00RP,0*4E
\s:66,c:1782377500*43\!AIVDM,1,1,,A,35AFpJ100042cn0>I1sF5BUB0EQ:,0*2A
\s:66,c:1782377511*43\!AIVDM,1,1,,A,13`oWmhP01PFPI<MtT?2BgwT2<0h,0*2B
\s:66,c:1782377512*40\!AIVDM,1,1,,A,13=Go200090UD>pN`CH=G5;`0<3b,0*09
\s:66,c:1782377516*44\!AIVDM,1,1,,B,402FhvAvad`kp0p6DrJ0OdG000S:,0*0D
\s:66,c:1782377512*40\!AIVDM,1,1,,A,13mfFE7P0011jBLVOtK4wgw`053<,0*30
\s:66,c:1782377516*44\!AIVDM,1,1,,B,181:LgP1jEMElD?v:5<seIIf0`Pt,0*1C
\s:66,c:1782377511*43\!AIVDM,1,1,,B,B8Hs8UP009ne?H0;uBISCwq5kP06,0*77
\s:66,c:1782377498*43\!AIVDM,1,1,,A,19@=W82v@7T4:3n>GOU:>Ek80`FK,0*24
\s:66,c:1782377509*4A\!AIVDM,1,1,,A,33u?mO05ABQB`;0QtS7b<8?T00mA,0*50
\s:66,c:1782377515*47\!AIVDM,1,1,,,13lcrH001QJP>Ib4eS>mfTWd053<,0*65
\s:66,c:1782377516*44\!AIVDM,1,1,,A,15ROL6001uRGg:@BrKOqLWUf08QC,0*7E
\s:66,c:1782377511*43\!AIVDM,1,1,,A,13chbW0=ATPbkvJGUP4<>gw`0000,0*63
\s:66,c:1782377512*40\!AIVDM,1,1,,A,18158q?P013gj6v>UU1RhOwb0<Cu,0*27
\s:66,c:1782377488*42\!AIVDM,1,1,,B,1719Nt4P06T2r<p>;>4qrwvp28@h,0*74
\s:66,c:1782377517*45\!AIVDM,1,1,,B,38u<7h5000R=pnCfqPU;dmqf0000,0*38
\s:66,c:1782377517*45\!AIVDM,1,1,,B,190woSP03F0AsI:GodMA?17f0D<t,0*11
\s:66,c:1782377510*42\!AIVDM,1,1,,A,33`de;h0000JhOdNHGAP001p0000,0*0C
\s:66,c:1782377511*43\!AIVDM,1,1,,B,13Ee140P00OH3c>H:tR`MgwV0@N8,0*32
\s:66,c:1782377515*47\!AIVDM,1,1,,A,169GFP3P01`agO@8D5fN4?wf2@PL,0*57
\s:66,c:1782377513*41\!AIVDM,1,1,,A,16:>o<PP04`Q6e4FLvWeo9MV28O9,0*5B
\s:66,c:1782377517*45\!AIVDM,1,1,,B,18uHUa?P02QmI5qdTAGFUgwl20So,0*1E
\s:66,c:1782377517*45\!AIVDM,1,1,,A,15?dcL@01iPA1elE>sV:@8;j0`Qh,0*73
\s:66,c:1782377510*42\!AIVDM,1,1,,B,18SJLs0000WOELT109D:bUGT0<<P,0*4D
\s:66,c:1782377510*42\!AIVDM,1,1,,B,16SfEC?P0r9=PufD48:ug?wUr@Mj,0*13
\s:66,c:1782377508*4B\!AIVDM,1,1,,A,13ahwr001jP85V<M>g61?0uP08Lb,0*5B
\s:66,c:1782377509*4A\!AIVDM,1,1,,A,19gh9M?P@@vhTAP;Hw0kg33R2D1?,0*73
\s:66,c:1782377510*42\!AIVDM,1,1,,B,1815<B001N`fFprA;9N7HmuT0L<P,0*45
\s:66,c:1782377509*4A\!AIVDM,1,1,,B,B7OnoPP0?p1WOC5RvL;M>jGWt000,0*20
\s:66,c:1782377509*4A\!AIVDM,1,1,,A,1344e<70000CWtLMFgK7U3uT08Lu,0*00
\s:66,c:1782377512*40\!AIVDM,1,1,,B,15NEFp000lrdQfdG@RH:n8IT0@NR,0*05
\s:66,c:1782377512*40\!AIVDM,1,1,,B,33c:f65000Pg;RjHse00a5K`0Dpr,0*4A
\s:66,c:1782377506*45\!AIVDM,1,1,,,13Jv2L000::mDPmdQS;c1VwL0000,0*61
\s:66,c:1782377511*43\!AIVDM,1,1,,A,13F9<l300>0;jH6MpGVo<meR053<,0*36
\s:66,c:1782377501*42\!AIVDM,1,1,,B,13P9<8hP1nwr1h0M5<CECwwD0D3v,0*35
\s:66,c:1782377509*4A\!AIVDM,1,1,,A,13EmCs700I09TahGRlMkeBmR00Sk,0*69
\s:66,c:1782377510*42\!AIVDM,1,1,,B,1815N;h001rAvU`5KbMAd`1T2HMi,0*5B
\s:66,c:1782377507*44\!AIVDM,1,1,,B,B7m:37h02b6?dDOopjQmowo2T<26,0*0D
\s:66,c:1782377510*42\!AIVDM,1,1,,B,36:M5FU0008err`A87m6Tq5H0DJJ,0*45
\s:66,c:1782377513*41\!AIVDM,1,1,,B,19NSSm001O7FOlJ0uiIsRI;b0D2:,0*40
\s:66,c:1782377505*46\!AIVDM,1,1,,B,13P<W5hOh;06KcnNGHVKLUWJ00SV,0*40
\s:66,c:1782377513*41\!AIVDM,1,1,,B,39gh9M?P@>vhTAn;Hw12jC3`21w0,0*19
\s:66,c:1782377509*4A\!AIVDM,1,1,,A,B3MB5s00;5IR8sM`rTe8Rav00000,0*63
\s:66,c:1782377510*42\!AIVDM,1,1,,,13eWtV50017J1e`0i8L7arWL8000,0*22
\s:66,c:1782377508*4B\!AIVDM,1,1,,B,169Cmv001N`ca74B2>JDgCoR20S=,0*68
\s:66,c:1782377513*41\!AIVDM,1,1,,B,18ISHJ8P007KjfL0U703Jgw`08Nq,0*3C
\s:66,c:1782377515*47\!AIVDM,1,1,,B,13EcK4gP0OP?7eTH1gQWSwwd00RS,0*71
\s:66,c:1782377510*42\!AIVDM,1,1,,,13Jv2L0008:mDPSdQS;K36wT0000,0*0F
\s:66,c:1782377514*46\!AIVDM,1,1,,A,13wkuNE0000g9kHE3rwP<aId0U3<,0*02
\s:66,c:1782377514*46\!AIVDM,1,1,,A,B3KQWI00@@<;vl8>A7UcEDs1l@P9,0*0E
\s:66,c:1782377513*41\!AIVDM,1,1,,B,162?@C`0006TDwp<fPLqrW1`0<1O,0*6C
\s:66,c:1782377514*46\!AIVDM,1,1,,B,18If060w2>2RCBOlOPrU6l5f08P1,0*54
\s:66,c:1782377515*47\!AIVDM,1,1,,A,19Iik6P0Q4PhFVbQ59oCSS0N00Sb,0*22
\s:66,c:1782377488*42\!AIVDM,1,1,,A,15?dj=h01J`NhT@=g5GioQVn053<,0*12
\s:66,c:1782377515*47\!AIVDM,1,1,,B,38SJRe10017corR5oaPSwH7b0Dg:,0*60
\s:66,c:1782377510*42\!AIVDM,1,1,,A,H3MB5s04htP60d4T00000000000,2*6C
\s:66,c:1782377510*42\!AIVDM,1,1,,A,H3MB5s4T0000000=9;3j000h5510,0*7B
\s:66,c:1782377515*47\!AIVDM,1,1,,B,15CL;b00057JO8v0doW46m?b053<,0*5A
\s:66,c:1782377515*47\!AIVDM,1,1,,A,34eGSah000Fcd1hO5=3P001p0000,0*14
\s:66,c:1782377512*40\!AIVDM,1,1,,B,14eIUkoP00reGEnIwFcVD?wV053<,0*6B
\s:66,c:1782377516*44\!AIVDM,1,1,,B,19NSLs001LJLMR6>l6L;Na?d00RC,0*2B
\s:66,c:1782377516*44\!AIVDM,1,1,,,13Jv2L0007:mDP;dQS;Jonuh0000,0*53
\s:66,c:1782377515*47\!AIVDM,1,1,,,13eWtV50017J1eb0i8KnmrWV8000,0*68
\s:66,c:1782377502*41\!AIVDM,1,1,,A,14`Uv?0002T4nlj>8`@<1mA@08HU,0*07
\s:66,c:1782377516*44\!AIVDM,1,1,,A,35MQDf0000G?jO8KAIl;BaEp0000,0*79
\s:66,c:1782377516*44\!AIVDM,1,1,,B,19NSfb@vR187e;h;AMm0DhEh0<3=,0*31
\s:66,c:1782377514*46\!AIVDM,1,1,,A,152M84gP01oRVoTCC5rWUOwb00SA,0*3A
\s:66,c:1782377517*45\!AIVDM,1,1,,A,B42Nw6@000QOogUmpv3C3wtUkP06,0*1D
\s:66,c:1782377510*42\!AIVDM,1,1,,B,15NTDn000Sre<RFGA:?Rvj7V0@Mc,0*3F
\s:66,c:1782377512*40\!AIVDM,1,1,,B,36:BP80Oh58f71PA8;Jdo4gV00t@,0*28
\s:66,c:1782377514*46\!AIVDM,1,1,,A,13ad;D?P17PFmWhNCSE44?vh1l3q,0*56
\s:66,c:1782377517*45\!AIVDM,1,1,,B,4050Of@000Htt<tSF0l4Q@000t1q,0*15
\s:66,c:1782377516*44\!AIVDM,1,1,,B,369@5H`t@18ggW@AlcuUb37f00wA,0*36
\s:66,c:1782377512*40\!AIVDM,1,1,,B,B3coa3P008DS`q5l>gVvWwqUoP06,0*79
\s:66,c:1782377510*42\!AIVDM,1,1,,B,170HqT32@03OM?h@D9wbvqqR0D7S,0*75
\s:66,c:1782377513*41\!AIVDM,1,1,,B,33WR@G5000OVeSRDQtrptWI`0Gc0,0*12
\s:66,c:1782377517*45\!AIVDM,1,1,,A,1p;4cK001o8cGQ`6u02Qa1E`0000,0*56
\s:66,c:1782377517*45\!AIVDM,1,1,,B,16:R4uPP1F`LN2hFA>u3owwh2@Q;,0*24
\s:66,c:1782377516*44\!AIVDM,1,1,,B,4028nKh000Htt0>b>2GvAuo00l36,0*7D
\s:66,c:1782377517*45\!AIVDM,1,1,,A,19NSBC@03:Ji0Gh>e8KenK5f053<,0*46
\s:66,c:1782377517*45\!AIVDM,1,1,,B,37OddbPOh;:cOeakmQETUokh00wP,0*0A
\s:66,c:1782377517*45\!AIVDM,1,1,,A,13aNTL@01LPCo2JMF=ju0bKfP<49,0*2D
\s:66,c:1782377517*45\!AIVDM,1,1,,A,33aBC40045PBe`0Mg2LMl;5j20Ui,0*7B
\s:66,c:1782377448*4E\!AIVDM,1,1,,A,3815a;Q000T3@2l>86wtr1ip1m7b,0*0B
\s:66,c:1782377518*4A\!AIVDM,1,1,,B,C6:c1KP0029gO@4TUV803wv0`NL>T2L>NL?R00000000`2P5230P,0*58
\s:66,c:1782377506*45\!AIVDM,1,1,,A,1Ch;WG0P2IvE`TTUo7CnGgwH2000,0*62
\s:66,c:1782377508*4B\!AIVDM,1,1,,B,C6=m>Q@09aLpFKPoAevJwwoPBJbISceg0J`U11111110?0d21120,0*6A
\s:66,c:1782377508*4B\!AIVDM,1,1,,B,13@ngWP000Piwp2PjAHIeUcR0<3K,0*5A
\s:66,c:1782377509*4A\!AIVDM,1,1,,A,13cn:;002f0KlT4EJvVSERcT00S3,0*37
\s:66,c:1782377508*4B\!AIVDM,1,1,,B,15?dOT?w023N8:R@@SDWjjcJ08L@,0*6B
\s:66,c:1782377509*4A\!AIVDM,1,1,,A,13iROh3000MOrtWs=K6Kf:eR0HM1,0*7F
\s:66,c:1782377510*42\!AIVDM,1,1,,B,18L=CJ00117L31b0gAP3RBkV08Mb,0*30
\s:66,c:1782377512*40\!AIVDM,1,1,,A,36:L;210008gPg`AnmOo3?v00000,0*7D
\s:66,c:1782377492*49\!AIVDM,1,1,,A,18156bPv12Rfw?2=ciVV4Do208Bv,0*32
\s:66,c:1782377508*4B\!AIVDM,1,1,,B,15WWkf001G0mi<VEE`iK=`sN0<3D,0*5D
\s:66,c:1782377505*46\!AIVDM,1,1,,A,33I?sT7OhgOQk9RKF3dmbTkJ00kh,0*3D
\s:66,c:1782377509*4A\!AIVDM,1,1,,A,14S9?F002T0SFIhNvamdCasP0<64,0*0D
\s:66,c:1782377510*42\!AIVDM,1,1,,A,33I?sT7OhgOQk;TKF3LUcTiV020h,0*6F
\s:66,c:1782377512*40\!AIVDM,1,1,,B,13E`bo?P0CP=KslGh@urpgw`2<07,0*4B
\s:66,c:1782377321*46\!AIVDM,1,1,,A,36:L`3Q0007hsH0<N@ecMJs@0DjJ,0*67
\s:66,c:1782377513*41\!AIVDM,1,1,,A,19NSMUh00T2nki=ufvhPQCab000`,0*68
\s:66,c:1782377513*41\!AIVDM,1,1,,B,13gni>001GvtRArTSGCaw7wT00RU,0*6A
\s:66,c:1782377498*43\!AIVDM,1,1,4,B,C8SRHt@01qtrQiQ3jahjOTN0Qk0hbLNC1ga09WiKke:000D2RRR0,0*4D
\s:66,c:1782377513*41\!AIVDM,1,1,,B,19NSNUP01mOdK3@J1Ogn84qb08O4,0*55
\s:66,c:1782377511*43\!AIVDM,1,1,,B,1Ch;WG0P2GvE`abUo6QVHgwT2000,0*54
\s:66,c:1782377510*42\!AIVDM,1,1,,A,B39noiP000;GrE7lO4t000N00000,0*37
\s:66,c:1782377514*46\!AIVDM,1,1,,B,13@pP>h00I0PCmHNs9o6`Tq`0D6i,0*0D
\g:1-2-5199751,s:66,c:1782377441*02\!AIVDM,2,1,1,A,58156bT2??3=KLtoB20lU84<hF2222222222221@BhQ=>5an0?4hH6CP,0*57
\g:2-2-5199751*6A\!AIVDM,2,2,1,A,`88888888888880,2*7D
\s:66,c:1782377514*46\!AIVDM,1,1,,A,39NSq0A1P0OeS<r2w`8GvSuP0Dg:,0*24
\s:66,c:1782377511*43\!AIVDM,1,1,,B,13`m:9002O01GqtOnkKngEGP88Mm,0*6D
\s:66,c:1782377509*4A\!AIVDM,1,1,,A,37tKkdh00078jVv3VJh0001p0000,0*39
\s:66,c:1782377515*47\!AIVDM,1,1,,A,133w7EP000PCj=LMG3;@<:WV08P=,0*5A
\s:66,c:1782377513*41\!AIVDM,1,1,,B,403OthAvad`kloQg5NBlQcg02<:c,0*2A
\s:66,c:1782377508*4B\!AIVDM,1,1,,B,14RqdK001aP5CQtOUK9aaGgJ0D0a,0*58
\s:66,c:1782377515*47\!AIVDM,1,1,,B,3775WM50008VBnFDVIr5EWAb0Da:,0*3A
\s:66,c:1782377511*43\!AIVDM,1,1,,B,13aEONHP00PHi@>NKD6JKOwV2<3N,0*7E
\s:66,c:1782377466*42\!AIVDM,1,1,5,B,C6C8<oP03I3D:d3W`hnvCwP024B8C1S04Nj3KaKgg:0000D2RRR0,0*5F
\s:66,c:1782377515*47\!AIVDM,1,1,,A,1815JIh1iUWJtk<0a4wiQAE`0D<K,0*3E
\s:66,c:1782377516*44\!AIVDM,1,1,,B,15?dOT?w013N8:N@@SDpOjcd0@Q2,0*4F
\s:66,c:1782377512*40\!AIVDM,1,1,,A,17ldTucP02WIAjh0WHKv4?w`253<,0*63
\s:66,c:1782377512*40\!AIVDM,1,1,,B,14S9?F002T0SF?6Nvb`<F9sd08P;,0*74
\s:66,c:1782377517*45\!AIVDM,1,1,,A,1Ch;WG0P2GvE`hNUo5JnMwwh2000,0*7B
\s:66,c:1782377512*40\!AIVDM,1,1,,A,13P<m=POh507Kr6MKufQKkE`08N>,0*6B
\s:66,c:1782377510*42\!AIVDM,1,1,,A,18HwGLPP017?`Tp1WawS3?wP0hML,0*07
\s:66,c:1782377511*43\!AIVDM,1,1,,B,19NSnt@Oi@ST9q@?ROv94GC808E>,0*15
\s:66,c:1782377516*44\!AIVDM,1,1,,B,16:e1w@000`Vs8@BCwg7RVwf00S8,0*2E
\s:66,c:1782377516*44\!AIVDM,1,1,,B,403t>Uivad`ko`gcpFAMqdo008Ph,0*57
\s:66,c:1782377509*4A\!AIVDM,1,1,,A,15?dje0vQo8cG`RB3S2ES4KP053<,0*03
\s:66,c:1782377511*43\!AIVDM,1,1,,B,14eIbs@01WrG@tLHoImqtosT0L0S,0*17
\g:1-2-5199752,s:66,c:1782377440*00\!AIVDM,2,1,2,A,59NSotp0?MpSDiDk>20<50F1=EaE84r222222216OP`N?5mT0E@kij88,0*34
\g:2-2-5199752*69\!AIVDM,2,2,2,A,888888888888880,2*26
\s:66,c:1782377383*4E\!AIVDM,1,1,,B,B9@2`0@0010ij43QwDMHSwv63P06,0*5F
\s:66,c:1782377304*41\!AIVDM,1,1,7,A,C9@2`0@0010ij:3QwCoAcwv0Ja0<T:;0V`2U11111110`6@5440P,0*4A
\s:66,c:1782377461*45\!AIVDM,1,1,,A,39@2`0A00043780>7uFER?v00000,0*13
\s:66,c:1782377484*4E\!AIVDM,1,1,,B,1776Aa000043=U<>11OLfb;p1PSN,0*5F
\s:66,c:1782377364*47\!AIVDM,1,1,,B,3776Aa000043=U<>11OLfb;p1P=k,0*16
\s:66,c:1782377510*42\!AIVDM,1,1,,B,13nT9d0000PWFTVQHLk7eJ;V0<0C,0*37
\s:66,c:1782377510*42\!AIVDM,1,1,,B,B6bC<h03ws?8mP=18D3Q3wpR0000,0*6D
\s:66,c:1782377516*44\!AIVDM,1,1,,B,133u8l0P@OPCagnMEK9Jw`ij053<,0*0F
\s:66,c:1782377517*45\!AIVDM,1,1,,B,19NSN40tjQOCbS8Bat78SVsj053<,0*7E
\s:66,c:1782377515*47\!AIVDM,1,1,,A,BCgUJL002GTtbwaO<rDwows2s000,0*1A
\s:66,c:1782377517*45\!AIVDM,1,1,,A,169>eM001HWCiOd19E8<9ab<0pQk,0*14
\s:66,c:1782377514*46\!AIVDM,1,1,,B,368sUKUOiE8KfmhF?`e2kjMb00uh,0*2E
\s:66,c:1782377444*42\!AIVDM,1,1,,A,18I4:h02QN4dv2f<gHf7JV9J00RF,0*56
\s:66,c:1782377413*40\!AIVDM,1,1,,B,36BWFWwP0049Qvd>aJviHgw62000,0*2B
\s:66,c:1782377508*4B\!AIVDM,1,1,,A,13cs6<0wRIP6:t0GGMfI;7=L0L6i,0*46
\s:66,c:1782377508*4B\!AIVDM,1,1,,B,16:5mv001M8js=4AHwcG<5KR2<1M,0*5A
\s:66,c:1782377509*4A\!AIVDM,1,1,,B,18Htl3000s7Ja0T0dN<j>igP08M0,0*2D
\s:66,c:1782377508*4B\!AIVDM,1,1,,B,35?dOhhuif8c92<?Ja@QA15J0Qqh,0*53
\s:66,c:1782377508*4B\!AIVDM,1,1,,A,C69EJoh08B;OB@3l`7<8Gwv0JBLHB2LjceaSSd1Sd000?000000P,0*24
\s:66,c:1782377510*42\!AIVDM,1,1,,B,13sRp8000sP9Vh>GVvPjNQwR08MF,0*00
\s:66,c:1782377510*42\!AIVDM,1,1,,A,144VAu`01M1pJbJFrkAAUAAP08MM,0*28
\s:66,c:1782377510*42\!AIVDM,1,1,,A,177QUC001O0Bef0MI>UropiV0@Mb,0*0D
\s:66,c:1782377508*4B\!AIVDM,1,1,,B,401u<1Avad`kh0CDDvLtdVOP2D5S,0*39
\s:66,c:1782377510*42\!AIVDM,1,1,,B,18LkJo1P007=hVj7P9pN46AR0t3e,0*72
\s:66,c:1782377510*42\!AIVDM,1,1,,B,13Eqe@0001vqLlj@6Ich6IeR00SC,0*16
\s:66,c:1782377505*46\!AIVDM,1,1,,,B3P<?Ph0039WWSrW7:003wnUsP06,0*56
\s:66,c:1782377507*44\!AIVDM,1,1,,A,15N6STP000rB09<BhFNWOl3P0<0j,0*5B
\s:66,c:1782377509*4A\!AIVDM,1,1,,A,13bP7R000IPDMSDN8rSMf0=N0000,0*7B
\s:66,c:1782377450*47\!AIVDM,1,1,,A,B3HnB?00=84t;B5dwq4u7wq1l8MO,0*70
\s:66,c:1782377507*44\!AIVDM,1,1,,A,16K2EV@0019DnrvC>cM`A4iH0000,0*4A
\s:66,c:1782377509*4A\!AIVDM,1,1,,,33aGF=1P00PF>FJNFPS>4?wR2Dlr,0*0C
\s:66,c:1782377509*4A\!AIVDM,1,1,,A,B7mRLoh00b5cq9wl5e4t;woRTL@O,0*36
\s:66,c:1782377511*43\!AIVDM,1,1,,B,15V3>>80003ttTt>MLOWfC?V253<,0*3C
\s:66,c:1782377511*43\!AIVDM,1,1,,A,ENkb:FO90h@@@@@@@@@@@@@@@@@;VQi8=ltG000003vP00,4*18
\s:66,c:1782377507*44\!AIVDM,1,1,,A,15QOb4001bWGM@L0o6hTi3gL08Kb,0*6D
\s:66,c:1782377509*4A\!AIVDM,1,1,,A,B3mPTH0008DOWPatGnQS?wp6SP06,0*47
\s:66,c:1782377510*42\!AIVDM,1,1,,B,13K>M>00011gK=4Dv:7N4:gT0<00,0*74
\s:66,c:1782377510*42\!AIVDM,1,1,,B,13aDBd8P00PHiwhNKBgf4?wT28MP,0*5B
\s:66,c:1782377510*42\!AIVDM,1,1,,B,33MCel@P@:0MW46Nop1n5CiV01g@,0*01
\s:66,c:1782377507*44\!AIVDM,1,1,,A,13a6`v02ikPE9J6N@`N`hG;L0000,0*2D
\s:66,c:1782377508*4B\!AIVDM,1,1,,A,3815;i001bOg0R:DgC5r:8Gp0000,0*4A
\s:66,c:1782377453*44\!AIVDM,1,1,,A,34eIVCU000s1jSrKK9hk80gR00Dk,0*5C
\s:66,c:1782377512*40\!AIVDM,1,1,,B,13TpF90P00Q`tqLG@7KN4?w`20RV,0*4B
\s:66,c:1782377513*41\!AIVDM,1,1,,B,18I3JD0uit8;Nul<qv=KE`wb053<,0*23
\s:66,c:1782377513*41\!AIVDM,1,1,,B,B8uGrc00D`E6;DK9crc7gwr5oP06,0*0D
\s:66,c:1782377511*43\!AIVDM,1,1,,B,19NSAUh0217OJGb0q70je2?V0<3<,0*79
\s:66,c:1782377512*40\!AIVDM,1,1,,B,13eU8r002K`kt@r@eI`7q6?V053<,0*76
\s:66,c:1782377514*46\!AIVDM,1,1,,B,B6:`1Jh0=R9eDtTTUiuDA3N021Mk,0*0F
\s:66,c:1782377501*42\!AIVDM,1,1,,B,155cw`C00142O40>R3PU=Cm@000S,0*35
\s:66,c:1782377516*44\!AIVDM,1,1,,B,13@oj1HPAPPl6cBPuEUktS;h08Pp,0*73
\g:1-2-5199753,s:66,c:1782377511*04\!AIVDM,2,1,3,A,53FSsh42GCnPD9=D001Hth<4r0@F1@4T@T400000000??00000340KE0,0*07
\g:2-2-5199753*68\!AIVDM,2,2,3,A,jKC40KCCjP00000,2*30
\s:66,c:1782377511*43\!AIVDM,1,1,,A,339a6J00000ebc4N`@QHc6up0000,0*45
\s:66,c:1782377515*47\!AIVDM,1,1,,A,18LkJo1P007=hVN7P9qf46Af2hP8,0*68
\g:1-2-5199754,s:66,c:1782377312*06\!AIVDM,2,1,4,B,56<g2KKdA;hh97?3S>1HDqAE>1PTpL4pN222220U00000tjF040UA0BH,0*59
\g:2-2-5199754*6F\!AIVDM,2,2,4,B,888888888888880,2*23
\s:66,c:1782377512*40\!AIVDM,1,1,,B,14eJGh@0h?rgMd2J22iVVU?`0@NA,0*5F
\g:1-2-5199755,s:66,c:1782377515*06\!AIVDM,2,1,5,A,53Eqe@000000D<mR221Jp:r1@4l584r22222220l1`?452a>0AQDp340,0*2E
\g:2-2-5199755*6E\!AIVDM,2,2,5,A,H88888888888880,2*51
\s:66,c:1782377511*43\!AIVDM,1,1,,A,34eHBv@000Fcd1LO5=CVu5Up0000,0*43
\s:66,c:1782377514*46\!AIVDM,1,1,,B,19NSfHh01m8aHGv75kPuIred0<0P,0*20
\s:66,c:1782377513*41\!AIVDM,1,1,,B,16taa4001ISdw3r?0fAoB5ob2L<P,0*34
\s:66,c:1782377516*44\!AIVDM,1,1,,B,18t>ID8P008ad>T8D`f>4?wN0PS=,0*2C
\s:66,c:1782377511*43\!AIVDM,1,1,,A,33FSsh000wNmakR@BjOQKi=p0000,0*0D
\s:66,c:1782377516*44\!AIVDM,1,1,,B,13FSsh0012Nmaon@Bk8AN1Af053<,0*2B
\s:66,c:1782377516*44\!AIVDM,1,1,,B,B8HuWEP001nanb0;tet03wV5kP06,0*56
\s:66,c:1782377502*41\!AIVDM,1,1,,B,16<g2KHOh7`Usuh=HAhie27D2@I1,0*18
\s:66,c:1782377506*45\!AIVDM,1,1,,B,36<g2KHOh8`Usv@=HAj2C2AL20SP,0*34
\s:66,c:1782377503*40\!AIVDM,1,1,,B,16BOq=0017T9RvD>SDoko3AD20SI,0*04
\s:66,c:1782377517*45\!AIVDM,1,1,,A,16:LmkP0008fr?PAQ07QfaUf053<,0*0A
\s:66,c:1782377517*45\!AIVDM,1,1,,B,13:wlT5P?w<tSF0l4Q@>4?wv8hQR,0*3C
\s:66,c:1782377512*40\!AIVDM,1,1,,B,33M@DF0000wdn=RLm6839EEb00TS,0*78
\s:66,c:1782377490*4B\!AIVDM,1,1,,B,1815aqS00O2IF2ai3nkuSc0p08AQ,0*08
\s:66,c:1782377230*47\!AIVDM,1,1,,B,3815aqS00U2IFE?i3eFeR;0B0@rM,0*33
\g:1-2-5199756,s:66,c:1782377204*02\!AIVDM,2,1,6,A,5815aq`2AkGMKL7C37LlHn0lU=<U=<U10V22221IBPPD<5R?ND3FSD3H,0*5E
\g:2-2-5199756*6D\!AIVDM,2,2,6,A,888888888888880,2*22
\s:66,c:1782377500*43\!AIVDM,1,1,,A,169Ab:P0092i6N`<Ge2C<13@0@GH,0*45
\s:66,c:1782377512*40\!AIVDM,1,1,,A,D02:pEhITNfq6DO6D0,4*38
\s:66,c:1782377508*4B\!AIVDM,1,1,,A,14S7F@002FwtBudLn:Mr185J0hL=,0*1D
\s:66,c:1782377506*45\!AIVDM,1,1,,B,16:::fS000`Q;rhEuDP0pjsJ2=Ch,0*1E
\s:66,c:1782377515*47\!AIVDM,1,1,,A,33ku:C5000Kls8qd;J0nA:Md0Dlb,0*3A
\s:66,c:1782377513*41\!AIVDM,1,1,,A,B3ITEWP0@P6B>I61sSh9WwrQh8O9,0*78
\s:66,c:1782377514*46\!AIVDM,1,1,,A,1599c=oP00pRO@p:qltqcOw`0<0K,0*70
\s:66,c:1782377512*40\!AIVDM,1,1,,B,168stm0P?w<tSF0l4Q@>4?wv0T00,0*2C
\s:66,c:1782377403*41\!AIVDM,1,1,,A,39NSoeU000MG:;KqjGnAo3l20Dg:,0*46
\s:66,c:1782377457*40\!AIVDM,1,1,,B,36:4u601Qh2hFhp<Pr=KhIIh2V5S,0*3B
\s:66,c:1782377513*41\!AIVDM,1,1,,A,36:9KsPOi>`lb0VAPC>nLE=N0000,0*20
\s:66,c:1782377512*40\!AIVDM,1,1,,B,13nbw<7000PIs>jSbG<t67eb00S8,0*0A
\s:66,c:1782377513*41\!AIVDM,1,1,,A,B8HtdN000inmSk0;Hog4gwr5kP06,0*3D
\g:1-2-5199757,s:66,c:1782377449*0C\!AIVDM,2,1,7,A,55?dRtP2=0Oo<GG3ST1Ttdv3400000000000001DC@L@@5cb0JDj2CPD,0*23
\g:2-2-5199757*6C\!AIVDM,2,2,7,A,h00000000000000,2*7B
\s:66,c:1782377510*42\!AIVDM,1,1,,A,13deub0vBFQfQP2EG;;=HJiP0<1c,0*2E
\s:66,c:1782377513*41\!AIVDM,1,1,,,404k1dQvad`km`lJNGp1Q1G00000,0*34
\s:66,c:1782377509*4A\!AIVDM,1,1,,A,B615H400C8q1hS40bW=8Kwp1oP04,0*58
\s:66,c:1782377515*47\!AIVDM,1,1,,B,13aDrE0P010DIkTMd@bnq?wd08PS,0*65
\s:66,c:1782377512*40\!AIVDM,1,1,,B,EvjN6BAcb3hJH@80cSh;TW26WV2P9g30?2cE0u7gg`N003P,2*5B
\s:66,c:1782377512*40\!AIVDM,1,1,,B,402E;:Qvad`klPCahbN9mrg020S:,0*3E
\s:66,c:1782377509*4A\!AIVDM,1,1,,A,34eGej@000Fcd1lO5=<h001p0000,0*32
\s:66,c:1782377514*46\!AIVDM,1,1,,B,19NSuNPw0=1BQ5AdeChJ=GM@0HP3,0*7B
\s:66,c:1782377514*46\!AIVDM,1,1,,A,13l9=DhP0212JrLDRsk6dgwh0000,0*61
\s:66,c:1782377514*46\!AIVDM,1,1,,B,15T3NL002:WFtW`0qKdTSCcT0L<P,0*13
\s:66,c:1782377511*43\!AIVDM,1,1,,A,13m7tDg000Qc8U2`=?muvqUT0<0<,0*08
\s:66,c:1782377510*42\!AIVDM,1,1,1,B,D04k1dPr`Nfq6DO6EGLg6DjlNfp,2*7D
\s:66,c:1782377516*44\!AIVDM,1,1,,B,13uqt601AvPrdPbOk:D`UVuT88OM,0*39
\s:66,c:1782377517*45\!AIVDM,1,1,,B,1:U7qCPP00tr;w5jrN:UT?wj2@QJ,0*27
\s:66,c:1782377516*44\!AIVDM,1,1,,A,13aKWR@P00P@JplML=`qMgwjR0Rv,0*01
\s:66,c:1782377517*45\!AIVDM,1,1,,A,34eGej@000Fcd1lO5==@001p0000,0*1B
\s:66,c:1782377511*43\!AIVDM,1,1,,B,13P=32@11w2oFqmfhplRLQmT053<,0*15
\s:66,c:1782377509*4A\!AIVDM,1,1,,B,139bQ>U01bPslGNO:3<uk:wP0@M7,0*10
\s:66,c:1782377513*41\!AIVDM,1,1,,A,B5OG?L03wn`nRc6;oVSQ0vJ1jDHb,0*00
\s:66,c:1782377512*40\!AIVDM,1,1,,A,15?d`GOP003g;nr>v=2rkgwV2@Nj,0*7C
\s:66,c:1782377517*45\!AIVDM,1,1,,B,33bMWH30000@Wn2MIWt<GkKf06PC,0*62
\s:66,c:1782377517*45\!AIVDM,1,1,,B,19NSq3002c8og``@N4:8=6Wh053<,0*15
\s:66,c:1782377517*45\!AIVDM,1,1,,A,13425;PP1LPFS4hMvBDb9?wjR0Sg,0*5A
\s:66,c:1782377514*46\!AIVDM,1,1,,A,15OBhhPP@1rRPKLE6DVHU6mV0<22,0*54
\s:66,c:1782377518*4A\!AIVDM,1,1,,A,18SJsn0P00Wb2N`61``GS?wh28Oi,0*7D
\s:66,c:1782377510*42\!AIVDM,1,1,,B,4>kvm`iuJl`ki2kAgh<CG;A00D3n,0*2B
\s:66,c:1782377510*42\!AIVDM,1,1,,B,369FS=PPAS8iBr0A?n6=lc9P00q1,0*4F
\s:66,c:1782377507*44\!AIVDM,1,1,,B,13JEt27P00wpU>>LIhBP0?wN28Kc,0*30
\s:66,c:1782377508*4B\!AIVDM,1,1,,A,13aHle@000PWnJpNI?4@2pEH0@LL,0*54
\s:66,c:1782377510*42\!AIVDM,1,1,,B,16:62bP01I8hmJ@AlDK6wECT0<5u,0*2C
\s:66,c:1782377508*4B\!AIVDM,1,1,,A,140UulUP1TPNit4MLHHPR?wPRHLJ,0*0F
\s:66,c:1782377500*43\!AIVDM,1,1,,A,13@oK6hPAM0O3<rNtGvH?FCB0@Gg,0*2B
\s:66,c:1782377508*4B\!AIVDM,1,1,,B,16:A@IQ0008OGrhFA69;wVuN0000,0*32
\s:66,c:1782377509*4A\!AIVDM,1,1,,A,35O;DlP000JRuf<E5076BVOp0000,0*41
\s:66,c:1782377509*4A\!AIVDM,1,1,,B,15O;DlP000rRuf:E5076CnOT00Rt,0*45
\s:66,c:1782377512*40\!AIVDM,1,1,,A,16UPHB001owW8ndKtv5BU29@0HNV,0*22
\s:66,c:1782377507*44\!AIVDM,1,1,,B,36K3J>@01j9jO=hD35CR5AcJ011@,0*30
\s:66,c:1782377451*46\!AIVDM,1,1,,A,36:IGHU001WiBch<J<Uv45MV2Deb,0*4E
\s:66,c:1782377512*40\!AIVDM,1,1,,A,19pV=<?005NTA<b9kKW`clOT0PRM,0*43
\s:66,c:1782377513*41\!AIVDM,1,1,,A,16Shf7?0009=>6>CuiQ001=`253<,0*1C
\s:66,c:1782377513*41\!AIVDM,1,1,,B,15?dUV002BSn<>MviWUHCVW`20SG,0*1A
\s:66,c:1782377505*46\!AIVDM,1,1,,A,33aKV4@0000JbI2NHTmP001p0000,0*53
\s:66,c:1782377513*41\!AIVDM,1,1,,B,33lkr6040mwcjClDwo4u7rcV018@,0*7A
\s:66,c:1782377485*4F\!AIVDM,1,1,,B,36:>1rQ001WiQ?2<ADcrtVbl0E5J,0*6B
\s:66,c:1782377507*44\!AIVDM,1,1,,A,169qb:PP008e<7>A8r6GVOwN0HKl,0*5C
\s:66,c:1782377512*40\!AIVDM,1,1,,A,14S7N40v23r=1AnAB1Pm0Ss`00SC,0*44
\s:66,c:1782377281*4D\!AIVDM,1,1,,A,3815Mum0000A1ibHm`vWdQcn0Do:,0*7A
\s:66,c:1782377495*4E\!AIVDM,1,1,,A,1:U8KVPnP5uFv6Oqjq35eRq2053<,0*28
\s:66,c:1782377501*42\!AIVDM,1,1,,B,34bM4h200@2dbh:=f@jBkhIB0000,0*7E
\g:1-2-5199758,s:66,c:1782377481*07\!AIVDM,2,1,8,B,5:U8KVT2CI<U1;OSO:0859F118uHT@Dp<T62220t1`S545QCe7D0Lv00,0*70
\g:2-2-5199758*63\!AIVDM,2,2,8,B,000000000000000,2*2F
\s:66,c:1782377508*4B\!AIVDM,1,1,,A,14aVdB1uQBSNc?j@@h8SWRgP2U3<,0*17
\s:66,c:1782377511*43\!AIVDM,1,1,,A,19NSG;h02o1293`ObKB`MFkT0@N?,0*52
\s:66,c:1782377509*4A\!AIVDM,1,1,,B,13P<8q@0010KsH0NrK=DDj7`0HNL,0*0E
\s:66,c:1782377239*4E\!AIVDM,1,1,,A,B6:FmPP00IsmLlS3IkgDkwaT2000,0*7E
\s:66,c:1782377334*42\!AIVDM,1,1,,B,H6:FmPTmu2@B?F100000002pD54<,0*25
\s:66,c:1782377509*4A\!AIVDM,1,1,,A,14eH4Hw000sLsalISPc@047R20Rr,0*5E
\s:66,c:1782377513*41\!AIVDM,1,1,,A,16SgDWgP0i9==;@Cuja9nww`2D2j,0*0E
\g:1-2-5199759,s:66,c:1782377489*0E\!AIVDM,2,1,9,A,55B3gP42?lro<HU?R2084v0pT<v2222222222216D0ID<5lf0MERFPAp,0*7A
\g:2-2-5199759*62\!AIVDM,2,2,9,A,888888888888880,2*2D
\s:66,c:1782377511*43\!AIVDM,1,1,,A,18VFV68P000M6`TNew<<cwwT2HN@,0*57
\s:66,c:1782377509*4A\!AIVDM,1,1,,A,1815EK011rwgQS>LOWLaTGcD00Rs,0*27
\s:66,c:1782377515*47\!AIVDM,1,1,,A,B39a@rP0=8>=K?7jDBb>7wsQlD1k,0*38
\s:66,c:1782377511*43\!AIVDM,1,1,,A,15?dPL@0023QSC@@;Uam9:eT053<,0*3F
\s:66,c:1782377513*41\!AIVDM,1,1,,B,B52iUKh005qn6h4cRUKKMkrU@000,0*2A
\s:66,c:1782377514*46\!AIVDM,1,1,,A,1774b8002HwMBclJ`sVi:@sd0<0c,0*20
\s:66,c:1782377512*40\!AIVDM,1,1,,A,39NSG;h02n1293VObKB`L6kp0000,0*33
\s:66,c:1782377514*46\!AIVDM,1,1,,A,13`lS<0P01PFJt6Mv8ocOOwd28P9,0*47
\s:66,c:1782377513*41\!AIVDM,1,1,,B,B7OosjP3wk?8mP=18D3Q3wwQhd00,0*50
\s:66,c:1782377516*44\!AIVDM,1,1,,A,14W2`B0vA9o=<t0L8?OQsAWh000W,0*4F
\s:66,c:1782377517*45\!AIVDM,1,1,,B,13@owdo00MPhOARQ6LrSM39>0l3=,0*7C
\s:66,c:1782377516*44\!AIVDM,1,1,,B,19NSIKP02=39aLGumf4kHjqd053<,0*21
\s:66,c:1782377499*42\!AIVDM,1,1,,B,15?dfShP@Q5vG9`:0v8tWIq<0@Fd,0*0A
\s:66,c:1782377517*45\!AIVDM,1,1,,B,19NSG;h02o128q`ObJD8Mnkh08Qq,0*70
\s:66,c:1782377512*40\!AIVDM,1,1,,A,13cdR<SP06PqsnJEEntmD?w`2000,0*27
\s:66,c:1782377517*45\!AIVDM,1,1,,B,16:4@a01AA`iAM@AASCP5P7j0<S3,0*5D
\s:66,c:1782377504*47\!AIVDM,1,1,,B,35O6vMP000rR>`@E9W`uNVUH04vS,0*25
\s:66,c:1782377509*4A\!AIVDM,1,1,,B,36:5k?000<8g0mhA9355MTKP00uQ,0*70
\s:66,c:1782377509*4A\!AIVDM,1,1,,B,D@2A`j0sDNfp,0*07
\s:66,c:1782377508*4B\!AIVDM,1,1,,A,16::h2001Q`jO@PC`3s6vEQN2HKN,0*48
\s:66,c:1782377508*4B\!AIVDM,1,1,,A,17lcatg0?waPV9gvbSSf40cJ0HLN,0*39
\g:1-2-5199760,s:66,c:1782377508*0C\!AIVDM,2,1,0,A,53aJG7l000010F3K?C<PDq9V0QDA<tp00000001518K16udA03k@@DmS,0*3E
\g:2-2-5199760*68\!AIVDM,2,2,0,A,0Bm1LP000000000,2*16
\s:66,c:1782377509*4A\!AIVDM,1,1,,A,83aJG7hj2d<d<LeN=Pe0W@O04dt0,0*65
\s:66,c:1782377510*42\!AIVDM,1,1,,A,1:pE2K001RrR?A`F?0e0=@3R253<,0*34
\g:1-2-5199761,s:66,c:1782377509*0C\!AIVDM,2,1,1,A,58Hw7I800003UKKKWV0m063:222222222222220m1@822t0000000000,0*7E
\g:2-2-5199761*69\!AIVDM,2,2,1,A,000000000000000,2*25
\s:66,c:1782377510*42\!AIVDM,1,1,,A,15N8jl0000JdfwbG@L7Kpj=R08MU,0*5D
\s:66,c:1782377505*46\!AIVDM,1,1,,B,13b1RP001pOEUPPGVFg0K@IH0HJG,0*17
\s:66,c:1782377510*42\!AIVDM,1,1,,A,B6:V4ch0?j2Ch03=n7WF>c@61P06,0*47
\s:66,c:1782377508*4B\!AIVDM,1,1,,A,13KG=>0000QsJtBRV:MpSaCP2<0T,0*3D
\s:66,c:1782377511*43\!AIVDM,1,1,,A,19NSjDPviU7E4i`13>KsTqAR00S8,0*11
\s:66,c:1782377497*4C\!AIVDM,1,1,,A,12vg5r?P00Rjvw<<Hp>7Bww60d6J,0*48
\s:66,c:1782377507*44\!AIVDM,1,1,,,ENkb:F<Hh@@@@@@@@@@@@@@@@@@;VI5@=m`:P000000000,4*3A
\s:66,c:1782377509*4A\!AIVDM,1,1,,B,15OCswd000JR1wpE:rk3:1wP00S4,0*4D
\s:66,c:1782377508*4B\!AIVDM,1,1,,B,18I4Ts001bNRs<v9r>g`2FGL08LD,0*0D
\s:66,c:1782377505*46\!AIVDM,1,1,,B,B3aNa`@0085V<k7Oa`D>3wnUoP06,0*73
\s:66,c:1782377495*4E\!AIVDM,1,1,,B,19NSjrh2Qd2jD4N<Cn:JP`W20l7n,0*10
\s:66,c:1782377473*46\!AIVDM,1,1,,B,16:<lC00007grbb<F4RoVPrJ0W3h,0*58
\s:66,c:1782377512*40\!AIVDM,1,1,,A,13m2<:0w2q`kj><AK0bR71ld0<<O,0*61
\s:66,c:1782377512*40\!AIVDM,1,1,,B,B39pLNP00Je899s<1NGQ3wqQnDf:,0*6C
\s:66,c:1782377513*41\!AIVDM,1,1,,A,B3cqoDP0Ah;4IF6D6E>q;wrQh<0?,0*5D
\s:66,c:1782377510*42\!AIVDM,1,1,,A,B8HsGPP00Io6?S0<NwT`?wq5oP06,0*68
\s:66,c:1782377510*42\!AIVDM,1,1,,B,13=htP001`0>WOHN8tqeF:gT0D80,0*7C
\s:66,c:1782377512*40\!AIVDM,1,1,,A,1k?wId00000Od0HNPjQP>Fn1uwww,0*2A
\s:66,c:1782377512*40\!AIVDM,1,1,,B,19u:U4h0007aDqItSfvM2j1V0hNm,0*4F
\s:66,c:1782377489*43\!AIVDM,1,1,,A,16:RacPP1N7iEB6<Agp<jJJn00Rd,0*3F
\s:66,c:1782377514*46\!AIVDM,1,1,,B,13MADv0Oi<OqTCBM7bVtu:Qb08Oa,0*38
\s:66,c:1782377513*41\!AIVDM,1,1,,A,1:kJPv0P01rvpq5lLfqJrqG`00S8,0*49
\s:66,c:1782377514*46\!AIVDM,1,1,,A,16:7QbP01i`Rv>8F2m;;fqIP08OQ,0*64
\s:66,c:1782377511*43\!AIVDM,1,1,,B,18Lg8L`P007=k>67Q:Le2OwV053<,0*09
\s:66,c:1782377512*40\!AIVDM,1,1,,A,19NSUqP02?7hi5R1bw@i8hu`08Nr,0*57
\s:66,c:1782377435*44\!AIVDM,1,1,,A,35?dVem0002fovV=eU5p0Ig20Dg:,0*43
\s:66,c:1782377513*41\!AIVDM,1,1,,A,18J@bn02A;7K73P0edK2jjOb0<3w,0*54
\s:66,c:1782377514*46\!AIVDM,1,1,,A,35NL;SP000G>J;0KgokuIV7p0000,0*17
\s:66,c:1782377514*46\!AIVDM,1,1,,A,16:7DiU0008:wr6<rPShKb?b0000,0*04
\s:66,c:1782377516*44\!AIVDM,1,1,,A,25?dih1000Wat3N5oc8009Ch2D4w,0*63
\s:66,c:1782377515*47\!AIVDM,1,1,,B,16:>4uPP1J`bFM<DG80AKOwd2HP?,0*61
\s:66,c:1782377511*43\!AIVDM,1,1,,A,33?wId00000Od0HNPjR0>Fq`05vC,0*6F
\s:66,c:1782377514*46\!AIVDM,1,1,,B,17mLIEwP008FaIOwBnp@hOwb2<6W,0*06
\s:66,c:1782377513*41\!AIVDM,1,1,,A,17OoSpPPCJbl611d`NsdBqs`2HNm,0*36
\s:66,c:1782377517*45\!AIVDM,1,1,,A,16:EHK003b89KQ<<nAfWdF;j0<6Q,0*11
\s:66,c:1782377514*46\!AIVDM,1,1,,A,1:pCJV0000rV?qv5u2SuSjwf0<1u,0*2A
\s:66,c:1782377512*40\!AIVDM,1,1,,B,14eH@E3P00o=E=:L99?Pbww`253<,0*52
\s:66,c:1782377514*46\!AIVDM,1,1,,B,B3Ham?P0@h6>@16;0ta3swrQhD3@,0*7D
\s:66,c:1782377517*45\!AIVDM,1,1,,A,35Sm8N5001UeLEt40qd:`o1d0Dg:,0*79
\s:66,c:1782377513*41\!AIVDM,1,1,,A,13cifv03230<2I<FWB3836MV8HO@,0*4E
\s:66,c:1782377477*42\!AIVDM,1,1,,A,1815T@0001T2gkf>N8KtfBJT08:E,0*08
\s:66,c:1782377514*46\!AIVDM,1,1,,B,13corB0P06Pe8oBI>`1MGOwd20Sd,0*18
\s:66,c:1782377511*43\!AIVDM,1,1,,A,B3Erv70007w`c0Ua77SQ3wq5kP06,0*69
\s:66,c:1782377511*43\!AIVDM,1,1,,A,15MmIp0000sUjF065CEtkbE`0@NA,0*23
\s:66,c:1782377514*46\!AIVDM,1,1,,B,13Ibto01jG01qODLq>lUD4;`08Oq,0*67
\s:66,c:1782377511*43\!AIVDM,1,1,,B,169<owgP00`K8FhF2Elf4?wT2HMq,0*60
\s:66,c:1782377514*46\!AIVDM,1,1,,A,39NSrGhvP:8m:VtAPgJLi0IT06c3,0*5F
\s:66,c:1782377515*47\!AIVDM,1,1,,B,28LjsW001?7b6qH5qeB<U:5d0PS5,0*1E
\s:66,c:1782377504*47\!AIVDM,1,1,,A,170p`l?P0041wj`>INfURgwF053<,0*7F
\s:66,c:1782377515*47\!AIVDM,1,1,,B,17WK9mP01rP;Ug<McPfHT6of0U3<,0*7C
\s:66,c:1782377516*44\!AIVDM,1,1,,A,36KgsL10007LFG80he8`73Sj0Dm:,0*08
\s:66,c:1782377514*46\!AIVDM,1,1,,B,16;bl:300181Pfl<1L3=ii?d0@On,0*39
\s:66,c:1782377514*46\!AIVDM,1,1,,B,13LBT800001QtVTRUF`5qWN00000,0*1F
\s:66,c:1782377517*45\!AIVDM,1,1,,A,13eK@60uR6P6vMDM9UJQa1Af253<,0*01
\s:66,c:1782377517*45\!AIVDM,1,1,,B,14aVdB1uABSNcG6@@h7SVjgj2d=D,0*6B
\s:66,c:1782377509*4A\!AIVDM,1,1,,A,16K3J>@01k9jOAPD35U271aP0@Lp,0*54
\s:66,c:1782377515*47\!AIVDM,1,1,,A,13GRwM0P1LPEd:rHpwEeqOwfR8PR,0*07
\s:66,c:1782377516*44\!AIVDM,1,1,,B,139gu`0P15PpjRRO5jkdw?wf2<0U,0*6F
\s:66,c:1782377515*47\!AIVDM,1,1,,B,18Kc40000<7L5Tb0gb7UhlSh00S>,0*71
\s:66,c:1782377511*43\!AIVDM,1,1,,A,368sa>1000`MVePFA4GP001R2DdJ,0*67
\s:66,c:1782377517*45\!AIVDM,1,1,,B,338nWD00Ab93e3>BM6bQJQIj0Dsu,0*61
\s:66,c:1782377515*47\!AIVDM,1,1,,A,139ews?P000oKGpNwt=sCgwd0D28,0*7A
\s:66,c:1782377512*40\!AIVDM,1,1,,B,C8SpdR@05:3>EH1wm2bP3wp0dB:aK1aa111111111110SBM17=20,0*78
\s:66,c:1782377506*45\!AIVDM,1,1,,B,13cH`f00000pUQJO;JQ37@SN0@K;,0*32
\s:66,c:1782377508*4B\!AIVDM,1,1,,A,13aQg7@P15PFHcfMvgMhw?wP20Sn,0*22
\s:66,c:1782377508*4B\!AIVDM,1,1,,A,13GQPB?P1:wvRv:FTG3<Q?wP20Rt,0*6C
\s:66,c:1782377511*43\!AIVDM,1,1,,B,177nWK?0018;;8v<qTU6LpQV00RH,0*45
\s:66,c:1782377516*44\!AIVDM,1,1,,A,13SDfr0P?w<tSF0l4Q@>4?wv0d0g,0*1C
\s:66,c:1782377512*40\!AIVDM,1,1,,A,33aGuwU00v0JkVJNH@RK8`sp0000,0*28
\s:66,c:1782377516*44\!AIVDM,1,1,,A,19NSVsPwBC8VG4FF6jNSdRoh0L6D,0*53
\s:66,c:1782377516*44\!AIVDM,1,1,,A,13`fL>S001P@l`JMLNCPHTkh00SQ,0*25
\s:66,c:1782377516*44\!AIVDM,1,1,,A,18HsgC001k7Ki6R0eB8ag7k00HPf,0*10
\s:66,c:1782377512*40\!AIVDM,1,1,,B,402Auk0000HttQNTIrElffo00P00,0*62
\s:66,c:1782377513*41\!AIVDM,1,1,,B,15Ps2D001jNUTcp;1947l6Cb0L1M,0*38
\s:66,c:1782377481*4B\!AIVDM,1,1,,A,16Bc260s@j42JB6?Ed:m@kV`0PSV,0*64
\s:66,c:1782377476*43\!AIVDM,1,1,,A,36Bc260s@j42J?t?EdI5DS`L0Qnh,0*56
\s:66,c:1782377513*41\!AIVDM,1,1,,A,B3IQ=HP00FrEj724JBoQ3wr5kP06,0*48
\s:66,c:1782377512*40\!AIVDM,1,1,,B,B8SUEbP05IracP2tI?0MgwqW3P06,0*5C
\s:66,c:1782377517*45\!AIVDM,1,1,,A,14eG=m@000o<6lPL93g>48Wp053<,0*46
\s:66,c:1782377515*47\!AIVDM,1,1,,A,33cH`f00000pUQNO;JOk80Sp0000,0*30
\s:66,c:1782377514*46\!AIVDM,1,1,,B,18Hs`nPP007KF@F0f2T:Owwb00SL,0*1D
\s:66,c:1782377517*45\!AIVDM,1,1,,A,139QeeP000Pe?ddN`Kau4hV200Rq,0*4C
\s:66,c:1782377518*4A\!AIVDM,1,1,,B,19NSUqP02?7hi8R1bwtA8Puj0<0B,0*3D
\s:66,c:1782377518*4A\!AIVDM,1,1,,B,35WE<D001IQd25NEaGrn9lol06pC,0*51
\s:66,c:1782377517*45\!AIVDM,1,1,,A,17tKdqhP0AWOFDT13UJsTwwj2<3S,0*33
\s:66,c:1782377512*40\!AIVDM,1,1,,A,35?d`oP2hdG;oW`L>0IhN:Wp0000,0*0E
\s:66,c:1782377512*40\!AIVDM,1,1,,A,13K8>j001l0uM`NE;?AclqIb0@Nc,0*70
\s:66,c:1782377517*45\!AIVDM,1,1,,A,39NSKEi002OeHuP2veW7QSLb0Dg:,0*67
\s:66,c:1782377501*15\!AIVDM,1,1,,,KlSRl40?Tmh>2Ua4,0*4B
\s:66,c:1782377504*10\!AIVDM,1,1,,,13JPgL001FNNH<t6apnEO4Ib08IF,0*78
\s:66,c:1782377506*12\!AIVDM,1,1,,,15OG=VP000o>frRKhs8qtEaF0D27,0*09
\s:66,c:1782377509*1D\!AIVDM,1,1,,,1592FP@P00Gb7ATB>V9V1?wN053<,0*11
\s:66,c:1782377504*10\!AIVDM,1,1,,,1815Ip@00m40?O@5wWebK82r0@GW,0*0B
\s:66,c:1782377503*17\!AIVDM,1,1,,,KrU9En=NJtNDh0?p,0*49
\s:66,c:1782377503*17\!AIVDM,1,1,,,19NSgCP02q;DmtLJA5QjrjC60HEk,0*61
\s:66,c:1782377493*1F\!AIVDM,1,1,,,Kkku:0QOiLSr406d,0*1F
\s:66,c:1782377493*1F\!AIVDM,1,1,,,Kkpr@8Q@cn3vkPOt,0*64
\s:66,c:1782377496*1A\!AIVDM,1,1,,,Kkmk541Os8D;nP;`,0*6F
\s:66,c:1782377499*15\!AIVDM,1,1,,,I>CQld1osFnoQtmFPpPe5RWwB4mU,0*72
\s:66,c:1782377501*15\!AIVDM,1,1,,,Kp15D3P?7G3@m64L,0*60
\s:66,c:1782377509*1D\!AIVDM,1,1,,,1815R80020vTpdb;MT67T68L0D2q,0*54
\s:66,c:1782377504*10\!AIVDM,1,1,,,K9A0le`BsNPKgP>l,0*0C
\s:66,c:1782377504*10\!AIVDM,1,1,,,KpI7U702Qnhco6B8,0*55
\s:66,c:1782377505*11\!AIVDM,1,1,,,KnK2m@050@2SiP?8,0*3C
\s:66,c:1782377505*11\!AIVDM,1,1,,,KnK3OC`Dk7jO1P<P,0*66
\s:66,c:1782377508*1C\!AIVDM,1,1,,,C8l;DPh0AmcU:wrj:HV=DjN0TNL>@:L?kSWKgSQQ:00000411R2P,0*7E
\s:66,c:1782377509*1D\!AIVDM,1,1,,,13JBS`000wEfspgnW:F3JBeF0@Kl,0*54
\s:66,c:1782377509*1D\!AIVDM,1,1,,,Kn?b?K=Be1i8bPOt,0*18
\s:66,c:1782377493*1F\!AIVDM,1,1,,,Kofu9OA@Dsk@600@,0*4D
\s:66,c:1782377501*15\!AIVDM,1,1,,,KpHs3t00MS3D2TkD,0*00
\s:66,c:1782377506*12\!AIVDM,1,1,,,KkHj9vd04RSi71gP,0*13
\s:66,c:1782377505*11\!AIVDM,1,1,,,KmNWAh=LdSR8SPAt,0*6B
\s:66,c:1782377504*10\!AIVDM,1,1,,,18I:ur002:<1u45fpj?U=DC>08Ie,0*5D
\s:66,c:1782377510*15\!AIVDM,1,1,,,17`B0OPOhe<3Tq1`muDnvlwL00Rc,0*77
\s:66,c:1782377509*1D\!AIVDM,1,1,,,15?dNQh01eF7wsn?B`<sWIEL0@L2,0*7B
\s:66,c:1782377505*11\!AIVDM,1,1,,,C0pI>90035<H??vN1et00bN1wwwwwwwwwwwwwwww1ia:0000002P,0*3C
\s:66,c:1782377508*1C\!AIVDM,1,1,,,15?dNQh01eF7wsn?B`<sWIEL0@L2,0*7B
\s:66,c:1782377507*13\!AIVDM,1,1,,,KotKq2hBbjAHP04@,0*00
\s:66,c:1782377507*13\!AIVDM,1,1,,,K70?w@1Au`ilL078,0*30
\s:66,c:1782377503*17\!AIVDM,1,1,,,Kl`b:M0hL6?KtP;0,0*4C
\s:66,c:1782377503*17\!AIVDM,1,1,,,3342@t0Oh30m1CIsf1f0rmeB00rh,0*47
\s:66,c:1782377506*12\!AIVDM,1,1,,,1815Ec@3lbPqI?wsRm6mQDGJ0HJb,0*4E
\s:66,c:1782377508*1C\!AIVDM,1,1,,,KomRP0MDbWgpbP5h,0*58
\s:66,c:1782377502*16\!AIVDM,1,1,,,C0pI>90035<H??vN1et00bN1wwwwwwwwwwwwwwww1ia:0000002P,0*3C
\s:66,c:1782377506*12\!AIVDM,1,1,,,18I:ur002:<1u45fpj?U=DC>08Ie,0*5D
\s:66,c:1782377503*17\!AIVDM,1,1,,,15D4Qd001c<l1ddO@4TJB8?<0?ww,0*46
\s:66,c:1782377503*17\!AIVDM,1,1,,,15MT0B?P@2lD;@jOIFWu5RO:00T6,0*3E
\s:66,c:1782377503*17\!AIVDM,1,1,,,K44t;8P5K8l2dV0t,0*65
\s:66,c:1782377508*1C\!AIVDM,1,1,,,18I<Lm001vJ:=LAuLr6P<0?L0<09,0*6A
\s:66,c:1782377502*16\!AIVDM,1,1,,,Kl`b:M0hL6?KtP;0,0*4C
\s:66,c:1782377507*13\!AIVDM,1,1,,,14b3H>00001DKlgdVF;J<8mH0D1p,0*61
\s:66,c:1782377502*16\!AIVDM,1,1,,,19NSf8P01aN0=mshaB:D1SC008GD,0*6E
\s:66,c:1782377510*15\!AIVDM,1,1,,,14b3H>00001DKlgdVF;J<8mH0D1p,0*61
\s:66,c:1782377517*45\!AIVDM,1,1,,A,16ShHPP0009=8j0Cu95Ac:uh2l5o,0*3F
\s:66,c:1782377518*4A\!AIVDM,1,1,,A,13ku18002gw27:BLMb0rTHOj0<02,0*7A
\s:66,c:1782377512*40\!AIVDM,1,1,,A,15NP@s0P00o?j`hKA@j0Jww`0@uD,0*26
\s:66,c:1782377493*1F\!AIVDM,1,1,,,KkldAl1@H8C<6P;0,0*71
\s:66,c:1782377496*1A\!AIVDM,1,1,,,KkMBV;@?j`D8e0?D,0*02
\s:66,c:1782377501*15\!AIVDM,1,1,,,13Eapr;00NviwVf6clpTwCO:00S=,0*5C
\s:66,c:1782377509*1D\!AIVDM,1,1,,,13VTuD0wRANdcDl;>UTFuUSD053<,0*1C
\s:66,c:1782377510*15\!AIVDM,1,1,,,B7`J;L007;1nH0qkj8s93wpUWP06,0*06
\s:66,c:1782377503*17\!AIVDM,1,1,,,Kqwrgr5P300Lj06P,0*6B
\s:66,c:1782377508*1C\!AIVDM,1,1,,,Kolulq<4AdOr>01T,0*3C
\s:66,c:1782377508*1C\!AIVDM,1,1,,,Kom3tCh4Gs?Te4hT,0*44
\s:66,c:1782377508*1C\!AIVDM,1,1,,,13V@A60w2>I5vbKoEUDnDTrn0@K@,0*4E
\s:66,c:1782377506*12\!AIVDM,1,1,,,KkATud0?LlB2h618,0*4B
\s:66,c:1782377507*13\!AIVDM,1,1,,,KkATud0?LlB2h618,0*4B
\s:66,c:1782377509*1D\!AIVDM,1,1,,,KmMtRr0;6a4<1Sap,0*7F
\s:66,c:1782377502*16\!AIVDM,1,1,,,KqNSRhu@UC2lDP6t,0*51
\s:66,c:1782377507*13\!AIVDM,1,1,,,KpR9HO01jLj4PPRP,0*4B
\s:66,c:1782377506*12\!AIVDM,1,1,,,K9NSpHHOt3@Fm09<,0*2E
\s:66,c:1782377507*13\!AIVDM,1,1,,,HCmgC9Tt1=30000<;@=PPP285230,0*27
\s:66,c:1782377510*15\!AIVDM,1,1,,,KmMtRr0;6a4<1Sap,0*7F
\s:66,c:1782377509*1D\!AIVDM,1,1,,,17h=PN?P0UdTesin@o3IWOwN28L>,0*0D
\s:66,c:1782377503*17\!AIVDM,1,1,,,16SnrB002TCiGwlJrl>3oS180@F5,0*12
\s:66,c:1782377508*1C\!AIVDM,1,1,,,KpI7Ri0=5w0U35nL,0*17
\s:66,c:1782377502*16\!AIVDM,1,1,,,19NSRHP3iIQ41c?c2oN2lR1@20RI,0*37
\s:66,c:1782377501*15\!AIVDM,1,1,,,19NSow01jU6sWUwrHU4adWc4053<,0*30
\s:66,c:1782377509*1D\!AIVDM,1,1,,,KmP8w<0?f?foI9CT,0*5A
\s:66,c:1782377503*17\!AIVDM,1,1,,,18u;S4P00BQ?r7Se33j3CD:>0hHO,0*4D
\s:66,c:1782377503*17\!AIVDM,1,1,,,19NSRHP3iIQ41c?c2oN2lR1@20RI,0*37
\s:66,c:1782377502*16\!AIVDM,1,1,,,13e0`v3002KtF=84S;g<Poj>0<0L,0*47
\s:66,c:1782377504*10\!AIVDM,1,1,,,1:U73wOP00tLeMsv5qTs<OwF20S;,0*0B
\s:66,c:1782377509*1D\!AIVDM,1,1,,,KpI7Ri0=5w0U35nL,0*17
\s:66,c:1782377518*4A\!AIVDM,1,1,,B,33f3FP001p87pKB;K0mRBQkj0Cs=,0*01
\s:66,c:1782377496*1A\!AIVDM,1,1,,,Kl0UvUq@AhkQ80CP,0*3F
\s:66,c:1782377505*11\!AIVDM,1,1,,,14eGNKW000G<cgfL=6W<UAmH00RP,0*24
\s:66,c:1782377508*1C\!AIVDM,1,1,,,KmMwBaP<hWjeeP@L,0*3D
\s:66,c:1782377510*15\!AIVDM,1,1,,,38HwQp0Oia;t8:uUJjT:w`sN00;P,0*67
\s:66,c:1782377503*17\!AIVDM,1,1,,,14QhcH000OGT2CnBf6gdc9w<0@GG,0*73
\s:66,c:1782377505*11\!AIVDM,1,1,,,KkwmWEGroOOF507<,0*5D
\s:66,c:1782377507*13\!AIVDM,1,1,,,14eGNKW000G<cgfL=6W<UAmH00RP,0*24
\s:66,c:1782377510*15\!AIVDM,1,1,,,KmNF;a`JMJ4LmPDL,0*73
\s:66,c:1782377504*10\!AIVDM,1,1,,,19NSlm0vRDrRnEqgsnmnqEQ6253<,0*7B
\s:66,c:1782377502*16\!AIVDM,1,1,,,14`LFN001l1AMe=dDo5<b:=B08HE,0*1A
\s:66,c:1782377502*16\!AIVDM,1,1,,,369L0`W013GnIJAnjPt4UCq01PtP,0*4F
\s:66,c:1782377517*45\!AIVDM,1,1,,B,16=qA30P015eOSP3v8onaOwj0D11,0*5A
\s:66,c:1782377517*45\!AIVDM,1,1,,A,177lDQ001N7Ndmb0o18j4Qcj0@QO,0*3D
\s:66,c:1782377514*46\!AIVDM,1,1,,A,13bjOD?000PHuhnNKCw9m8=d0000,0*47
\s:66,c:1782377513*41\!AIVDM,1,1,,B,18W0iD002>8;cV8<aVFCqCA`08O<,0*02
\s:66,c:1782377496*1A\!AIVDM,1,1,,,K3s=77gwcVC0w4Pt,0*60
\s:66,c:1782377501*15\!AIVDM,1,1,,,Kkm:Hd00<O4N503t,0*77
\s:66,c:1782377511*14\!AIVDM,1,1,,,Kk9PBq3hC5krn03L,0*08
\s:66,c:1782377509*1D\!AIVDM,1,1,,,Kl`Ut9h?jL0Ad`Tp,0*18
\s:66,c:1782377505*11\!AIVDM,1,1,,,KmN`uhg<njjk;PB0,0*35
\s:66,c:1782377509*1D\!AIVDM,1,1,,,19NSIl002:FlD;2B`dRt0qeN00Rh,0*08
\s:66,c:1782377505*11\!AIVDM,1,1,,,19mKG:00003u4M1l187<LhA>2@FI,0*72
\s:66,c:1782377505*11\!AIVDM,1,1,,,169L0`@OiCFc@qAoa4s7cEq@0<01,0*51
\s:66,c:1782377504*10\!AIVDM,1,1,,,16T6>h800gcbK3eujGLJppg:0L2@,0*1A
\s:66,c:1782377503*17\!AIVDM,1,1,,,19jeno0P00PMu5P2FJ6hiwwD0<08,0*45
\s:66,c:1782377509*1D\!AIVDM,1,1,,,Kl`Ut9h?jL0Ad`Tp,0*18
\s:66,c:1782377510*15\!AIVDM,1,1,,,KmNgPS8;8H4:D05T,0*03
\s:66,c:1782377508*1C\!AIVDM,1,1,,,Kom3vmNkqKwut2C8,0*26
\s:66,c:1782377502*16\!AIVDM,1,1,,,13ku;GP01evUhUicSFwJ5H9>0D01,0*00
\s:66,c:1782377505*11\!AIVDM,1,1,,,17739@01Ab1K9S9cn><ku3?400S1,0*5C
\s:66,c:1782377518*4A\!AIVDM,1,1,,A,13lCD:0v1H`ll>jA>3lRGj5h053<,0*76
\s:66,c:1782377496*1A\!AIVDM,1,1,,,Kk==7R80E`Bj;7A`,0*0A
\s:66,c:1782377493*1F\!AIVDM,1,1,,,KkL1fN1@90ShE0@L,0*28
\s:66,c:1782377493*1F\!AIVDM,1,1,,,KkA14l0?dF3F09dp,0*2A
\s:66,c:1782377496*1A\!AIVDM,1,1,,,KkMB<cP00nCi:P0l,0*35
\s:66,c:1782377499*15\!AIVDM,1,1,,,Kp15`8h?UVjFm630,0*20
\s:66,c:1782377506*12\!AIVDM,1,1,,,Kkm;vO00bim7RPC4,0*0C
\s:66,c:1782377508*1C\!AIVDM,1,1,,,KkVV;L0wnGCTKP@T,0*46
\s:66,c:1782377511*14\!AIVDM,1,1,,,KlhTk40@@Lk<60:h,0*5C
\s:66,c:1782377501*15\!AIVDM,1,1,,,8000000Iv;BW;`v:Dcp6TFB3jV6`rjgWqM0bdnt5J@,4*32
\s:66,c:1782377503*17\!AIVDM,1,1,,,KoQj:f0<dl2TNPDT,0*48
\s:66,c:1782377505*11\!AIVDM,1,1,,,KmNwPfc<L@22T0;@,0*02
\s:66,c:1782377505*11\!AIVDM,1,1,,,13wlTs001KU5<t7n7l2ApQU<00SL,0*2D
\s:66,c:1782377503*17\!AIVDM,1,1,,,35?dUsPP@GPaOkR1uP2j=1K@20w@,0*22
\s:66,c:1782377509*1D\!AIVDM,1,1,,,39jg1N?Oi8PTjBL2E7S9mosN01p0,0*0A
\s:66,c:1782377504*10\!AIVDM,1,1,,,Koligc0D<F?fc01h,0*1F
\s:66,c:1782377503*17\!AIVDM,1,1,,,144bAKP00<<iqsnSIMhCWiI@00S6,0*45
\s:66,c:1782377507*13\!AIVDM,1,1,,,8:U<PiP0G@:?>G1?>00,2*1C
\s:66,c:1782377500*14\!AIVDM,1,1,,,Kk@don0=34OLO7aT,0*26
\s:66,c:1782377504*10\!AIVDM,1,1,,,1;;@GgPP0WsfPLt4hD888PsB2@J2,0*67
\s:66,c:1782377515*47\!AIVDM,1,1,,B,16:8j3gP008Q2PhF3hDS:wwd0l@5,0*50
\s:66,c:1782377514*46\!AIVDM,1,1,,B,33ElJ<3P@2P7hMDFLVl<I;7d21uh,0*5E
\s:66,c:1782377516*44\!AIVDM,1,1,,B,27tKkDm0007b45n5u3kP@Dbt0<<P,0*6D
\s:66,c:1782377512*40\!AIVDM,1,1,,A,13ElJ<3P@7P7hM@FLVkt<K;V20RG,0*23
\s:66,c:1782377518*4A\!AIVDM,1,1,,B,377PbD5000:l<8CdSoai0V1b0Dg:,0*38
\s:66,c:1782377501*15\!AIVDM,1,1,,,KlRvgN0?j=kf4WP4,0*1F
\s:66,c:1782377504*10\!AIVDM,1,1,,,Kkv1`B=hLi4;MPOt,0*7B
\s:66,c:1782377503*17\!AIVDM,1,1,,,KmNNff;<dpB<>PD@,0*46
\s:66,c:1782377503*17\!AIVDM,1,1,,,KpI=9G0;EdjLsTWT,0*7E
\s:66,c:1782377510*15\!AIVDM,1,1,,,B7`NoIP00K5bR4qhiusQ0BnUoP06,0*67
\s:66,c:1782377510*15\!AIVDM,1,1,,,E>m1GV0QT0W72V@9b12@9`0a@1:n;HSpkQO?000003oP33nH3SsdLh,4*72
\s:66,c:1782377503*17\!AIVDM,1,1,,,KpI=9G0;EdjLsTWT,0*7E
\s:66,c:1782377504*10\!AIVDM,1,1,,,Kkl3qu@501OGu5bP,0*12
\s:66,c:1782377504*10\!AIVDM,1,1,,,17liTm@P?w<tSF0l4Q@>4?wp1`=3,0*4C
\s:66,c:1782377507*13\!AIVDM,1,1,,,Km?dOhAAScQ?:09d,0*34
\s:66,c:1782377503*17\!AIVDM,1,1,,,39jgd30Oi3PNiK01eh3iV1m<01wh,0*50
\s:66,c:1782377506*12\!AIVDM,1,1,,,KkfD<`004Nff95`t,0*5B
\s:66,c:1782377501*15\!AIVDM,1,1,,,15N0hh001PDH8wnQpuk8F6W>0D00,0*3B
\s:66,c:1782377501*15\!AIVDM,1,1,,,14eIlehP0SG=;K>L88=A@gw<0@Fe,0*27
\s:66,c:1782377501*15\!AIVDM,1,1,,,D03OwkPnAN>4g`ffpfpNfp0,2*43
\s:66,c:1782377504*10\!AIVDM,1,1,,,403OwkQuJl`k`mHiJ`Rk>1?02HGd,0*6C
\s:66,c:1782377504*10\!AIVDM,1,1,,,Kkl3qu@501OGu5bP,0*12
\s:66,c:1782377503*17\!AIVDM,1,1,,,KrU7GL0NP0vIUP7P,0*74
\s:66,c:1782377508*1C\!AIVDM,1,1,,,Km@`5;>=4f0cmP7<,0*5B
\s:66,c:1782377505*11\!AIVDM,1,1,,,KkfD<`004Nff95`t,0*5B
\s:66,c:1782377502*16\!AIVDM,1,1,,,KrU7GL0NP0vIUP7P,0*74
\s:66,c:1782377504*10\!AIVDM,1,1,,,KkfD<`004Nff95`t,0*5B
\s:66,c:1782377507*13\!AIVDM,1,1,,,13lN;N0PAcMqs6Ar?LvPi0gF1l00,0*4A
\s:66,c:1782377509*1D\!AIVDM,1,1,,,Km@`5;>=4f0cmP7<,0*5B
\s:66,c:1782377507*13\!AIVDM,1,1,,,Km@`5;>=4f0cmP7<,0*5B
\s:66,c:1782377513*41\!AIVDM,1,1,,A,13aJI8PP00PE<GnN1IKn?gwb2HO>,0*2B
\s:66,c:1782377518*4A\!AIVDM,1,1,,B,345>9E5P?w<tSF0l4Q@>4?wv0kNr,0*0F
\s:66,c:1782377496*1A\!AIVDM,1,1,,,Kp15QG0?UOBFQVfD,0*7A
\s:66,c:1782377508*1C\!AIVDM,1,1,,,KkcgUD<0FF30N0ED,0*22
\s:66,c:1782377510*15\!AIVDM,1,1,,,B7`O7JP00;7;86r6?a9V3wnUoP06,0*1A
\s:66,c:1782377507*13\!AIVDM,1,1,,,KntuNB<1pr1qP0;h,0*33
\s:66,c:1782377504*10\!AIVDM,1,1,,,KoliU;LD83gNN0F@,0*7A
\s:66,c:1782377503*17\!AIVDM,1,1,,,17730b001llgjp`J3p94>3K@08Gh,0*3E
\s:66,c:1782377508*1C\!AIVDM,1,1,,,H69D9SDN00000002JpF?0038D260,0*3E
\s:66,c:1782377505*11\!AIVDM,1,1,,,Kn:8J20DMBRGt0E8,0*6F
\s:66,c:1782377507*13\!AIVDM,1,1,,,15DB4p001F1h26Ud6M=35RIF08JD,0*21
\s:66,c:1782377424*44\!AIVDM,1,1,,A,33l3r=m0005u?Oh:8Ddl0FPf0Dkb,0*40
\s:66,c:1782377516*44\!AIVDM,1,1,,A,16:5<O0P00`VdehD`A6b@Owh053<,0*49
\s:66,c:1782377496*1A\!AIVDM,1,1,,,Kk`wp:9@OqCSa06h,0*42
\s:66,c:1782377508*1C\!AIVDM,1,1,,,KkMBQ3A@@@CqwP30,0*3D
\s:66,c:1782377508*1C\!AIVDM,1,1,,,Kq10NEd05WjcuT@8,0*31
\s:66,c:1782377501*15\!AIVDM,1,1,,,1815Su001wvcmqL<amC81nM80HF8,0*28
\s:66,c:1782377507*13\!AIVDM,1,1,,,1815Qs@02HNdQlD<qB?PVhQF08Iu,0*6C
\s:66,c:1782377503*17\!AIVDM,1,1,,,KmNwmo;<QW2:GS`l,0*6B
\s:66,c:1782377505*11\!AIVDM,1,1,,,K9N`2w@1i5f;R9>T,0*0F
\s:66,c:1782377504*10\!AIVDM,1,1,,,Km?dWDR1t61k<3Ot,0*46
\s:66,c:1782377509*1D\!AIVDM,1,1,,,Km?dPK1@01hJIPBl,0*64
\s:66,c:1782377509*1D\!AIVDM,1,1,,,1773pr02jWOtkSAo12G<I9sL0L00,0*3E
\s:66,c:1782377508*1C\!AIVDM,1,1,,,KoldSit4AhOr>P;H,0*38
\s:66,c:1782377503*17\!AIVDM,1,1,,,176rso001v<5HRbK41ECAjVT0@Fn,0*36
\s:66,c:1782377508*1C\!AIVDM,1,1,,,Km?d`the;avV6T78,0*14
\s:66,c:1782377504*10\!AIVDM,1,1,,,19NSn1PvQNLWvPKgTOfpSVuD08I<,0*41
\s:66,c:1782377507*13\!AIVDM,1,1,,,KrUEO<0>LMv<WP:p,0*35
\s:66,c:1782377503*17\!AIVDM,1,1,,,K9N`2w@1i5f;R9>T,0*0F
\s:66,c:1782377510*15\!AIVDM,1,1,,,19NSml002f1?N>;dRwmSuCEL0@Kv,0*6F
\s:66,c:1782377500*14\!AIVDM,1,1,,,Kr5`ka0MKAPo>09d,0*1A
\s:66,c:1782377507*13\!AIVDM,1,1,,,KoldSit4AhOr>P;H,0*38
\s:66,c:1782377518*4A\!AIVDM,1,1,,A,4028nJj3bl`krvmbE0@C2ei020S:,0*48
\s:66,c:1782377491*1D\!AIVDM,1,1,,,Km?d`e0?aJ2kr5jH,0*07
\s:66,c:1782377496*1A\!AIVDM,1,1,,,Kkn4u800F34CoT2@,0*1B
\s:66,c:1782377508*1C\!AIVDM,1,1,,,KkMCm0@?qI4A7Q:P,0*2A
\s:66,c:1782377511*14\!AIVDM,1,1,,,Kl6jv4002OCW72g@,0*15
\s:66,c:1782377504*10\!AIVDM,1,1,,,17`NrT001jDno=Udw5Q9k7iB0<00,0*2A
\s:66,c:1782377500*14\!AIVDM,1,1,,,38I=cg001e<fGFoa<GCQJA=800sh,0*61
\s:66,c:1782377510*15\!AIVDM,1,1,,,KpI=cg06Pu=5;52@,0*7B
\s:66,c:1782377505*11\!AIVDM,1,1,,,16KKv60029DJu=unr353oS;80@FR,0*6A
\s:66,c:1782377510*15\!AIVDM,1,1,,,15NM=C000mFDb:DQCH:;D9=J0d0T,0*3C
\s:66,c:1782377508*1C\!AIVDM,1,1,,,Koluj>pT=??mE0FD,0*0D
\g:1-2-5199762,s:66,c:1782377502*53\!AIVDM,2,1,2,,55?jBr02;OmC<Ia7J20`Tr1<P4r2222222222216B0J?<5eB0A23kR@D,0*0C
\g:2-2-5199762*6A\!AIVDM,2,2,2,,PGlh`8888888880,2*2C
\s:66,c:1782377509*1D\!AIVDM,1,1,,,KpI=cg06Pu=5;52@,0*7B
\s:66,c:1782377509*1D\!AIVDM,1,1,,,16KKv60029DJuJ9nr2n3oS9L08L6,0*6B
\s:66,c:1782377503*17\!AIVDM,1,1,,,KrU76C7vBov4U1Vl,0*39
\s:66,c:1782377505*11\!AIVDM,1,1,,,13Akg0@02c0E:I9mbH@<VJ5F0HID,0*27
\s:66,c:1782377501*15\!AIVDM,1,1,,,14hP`b00B37akqepOCVV;4s8053<,0*32
\s:66,c:1782377504*10\!AIVDM,1,1,,,KrU76C7vBov4U1Vl,0*39
\s:66,c:1782377509*1D\!AIVDM,1,1,,,KrU8vT0>5?wp`5?d,0*1C
\s:66,c:1782377509*1D\!AIVDM,1,1,,,C>l6l<@04EEIVHJh6juHswp1kkaSeSgSW111111111fd0040PPRP,0*57
\s:66,c:1782377517*45\!AIVDM,1,1,,B,3815cH@01m`j2Q6@uHO3Sjih20sh,0*52
\s:66,c:1782377513*41\!AIVDM,1,1,,A,13aPMhUP1@0FsLTMt`n<@gwb053<,0*6A
\s:66,c:1782377517*45\!AIVDM,1,1,,A,13ku9hh031pVoR26J5?;gaGl0?ww,0*77
\s:66,c:1782377517*45\!AIVDM,1,1,,B,15AvKb001bWKV5<0dwM:7`9h0D<P,0*65
\s:66,c:1782377513*41\!AIVDM,1,1,,B,13IV8b30000:UhBMF<f=36o`0@OH,0*05
\s:66,c:1782377517*45\!AIVDM,1,1,,B,169ESF0Oh2`W1k4DSpjP7@Sh08QI,0*36
\s:66,c:1782377499*15\!AIVDM,1,1,,,KkGR=>?h5CCTqPOt,0*7D
\s:66,c:1782377508*1C\!AIVDM,1,1,,,KkK4<v0@@Qk<1wwt,0*01
\s:66,c:1782377509*1D\!AIVDM,1,1,,,19<LUF0P0`vgm18;Io<GdOwP2<0f,0*7B
\s:66,c:1782377508*1C\!AIVDM,1,1,,,KmNJPw`<QV29dP@L,0*0A
\s:66,c:1782377510*15\!AIVDM,1,1,,,C>l9a7@09E;1RWrVSsfP7wo04bNkKQUk1111111111jd?040PPRP,0*67
\s:66,c:1782377509*1D\!AIVDM,1,1,,,19jcIL30000VTHN2IqTaAo3P0@Kf,0*7B
\s:66,c:1782377510*15\!AIVDM,1,1,,,19NSBChv0;nv`5rKIcS7mAAN2HKo,0*21
\s:66,c:1782377503*17\!AIVDM,1,1,,,K44d@4PF`>6bTOwv,0*3A
\s:66,c:1782377505*11\!AIVDM,1,1,,,Km?dOfP4QER@QTg0,0*03
\s:66,c:1782377502*16\!AIVDM,1,1,,,16:k5h001O16ooqeum=UwTc<00SK,0*15
\s:66,c:1782377494*18\!AIVDM,1,1,,,18159nwP00KbU565sVuU3Ow00<09,0*6B
\s:66,c:1782377508*1C\!AIVDM,1,1,,,KkEk`>d?f<S<h0Ot,0*3A
\s:66,c:1782377501*15\!AIVDM,1,1,,,176wr>001UvtBK>5?teo4EQ:08Eq,0*6F
\s:66,c:1782377505*11\!AIVDM,1,1,,,KmNgBL`<dF284T4P,0*16
\s:66,c:1782377509*1D\!AIVDM,1,1,,,15P<2P04CVDvvfBIqfCD;SEN0L04,0*5E
\s:66,c:1782377505*11\!AIVDM,1,1,,,KqNSeiP1eggPo47P,0*24
\s:66,c:1782377505*11\!AIVDM,1,1,,,KqNSrm01oLw>kU3T,0*6D
\s:66,c:1782377503*17\!AIVDM,1,1,,,K4dHbr0?krP<a6>h,0*5F
\s:66,c:1782377503*17\!AIVDM,1,1,,,14cUi6001iOtP9v2BRG`po9D0@HQ,0*79
\g:1-2-5199763,s:66,c:1782377509*59\!AIVDM,2,1,3,,54cUi602=DcKQ14N220<51@4Tr0u<4l62222221?C@HB:5lQ0@TQ@hC0,0*20
\g:2-2-5199763*6B\!AIVDM,2,2,3,,A0H888888888880,2*67
\s:66,c:1782377508*1C\!AIVDM,1,1,,,I8;FWo0vSPw`JM<IAjbBMiqwc@EF,0*7A
\s:66,c:1782377502*16\!AIVDM,1,1,,,1815L301AUOeqlWeBqG4ECM>0@GM,0*4A
\g:1-2-5199764,s:66,c:1782377508*5F\!AIVDM,2,1,4,,569@6n024Vc@9aG58018tpN0PDpN3SL00000000N38D440@P00000000,0*47
\g:2-2-5199764*6C\!AIVDM,2,2,4,,000000000000008,2*69
\s:66,c:1782377507*13\!AIVDM,1,1,,,KlpWHoAML>1FT0;`,0*76
\s:66,c:1782377502*16\!AIVDM,1,1,,,B69@6n00>5vwh4Mauq=lOwv63P06,0*00
\s:66,c:1782377509*1D\!AIVDM,1,1,,,18HwdK0021HEOI>:uiF;T9C80@H8,0*05
\s:66,c:1782377509*1D\!AIVDM,1,1,,,3592ur5P00q9T7B:ga;v4?wD2DsJ,0*67
\s:66,c:1782377516*44\!AIVDM,1,1,,B,403t?0QuJl`ko`Wmtd?bG`o00HPv,0*3E
\s:66,c:1782377516*44\!AIVDM,1,1,,A,EvjMkP1cb3h4;nRnSI00000000008gM:?6EAP<1QQPN000,4*77
\s:66,c:1782377514*46\!AIVDM,1,1,,A,1:0rrt<P01PrkmvD=ER>4?wb28On,0*33
\s:66,c:1782377517*45\!AIVDM,1,1,,A,1:pE2BP000JV;sR5u5`=d?wl0@Qi,0*2E
\s:66,c:1782377501*15\!AIVDM,1,1,,,Kl0UtbI@Ar3caP5H,0*15
\s:66,c:1782377506*12\!AIVDM,1,1,,,KkaVDg<0<TSp;Rwt,0*7E
\s:66,c:1782377506*12\!AIVDM,1,1,,,B52`CA@0EmFRum3UAlRiwwnQh<00,0*0F
\s:66,c:1782377501*15\!AIVDM,1,1,,,15N74CPP00EJI=PRGE1f4?v00t04,0*4C
\s:66,c:1782377504*10\!AIVDM,1,1,,,8>k1o@QKpBjS?<A:d1OWmre0<N00,0*08
\s:66,c:1782377502*16\!AIVDM,1,1,,,1815`bh030Mi<dKuKG181FE@08Gb,0*2B
\s:66,c:1782377509*1D\!AIVDM,1,1,,,15?Jrl0wAgNcSp=i5hp453AL053<,0*2B
\s:66,c:1782377509*1D\!AIVDM,1,1,,,Kp15`bh>npwbs:66,0*06
\s:66,c:1782377509*1D\!AIVDM,1,1,,,Kp15`bh>npwbs:66,0*06
\s:66,c:1782377517*45\!AIVDM,1,1,,A,13@nfEh023PhK1PPnm><>akh053<,0*65
\s:66,c:1782377493*1F\!AIVDM,1,1,,,KkQ:pp1@M?T:bP3P,0*10
\s:66,c:1782377499*15\!AIVDM,1,1,,,Kk`fS5<0;vCgQ0Ot,0*18
\s:66,c:1782377506*12\!AIVDM,1,1,,,KlR7gt0?dsCGI4dt,0*47
\s:66,c:1782377505*11\!AIVDM,1,1,,,KmMdk6=LQcR9D0Ot,0*52
\s:66,c:1782377502*16\!AIVDM,1,1,,,E>m1GUPQT0W72V@9b12@9`0a@1:n;KJdkQR:P00003l033nH3SsdL@,4*2C
\s:66,c:1782377505*11\!AIVDM,1,1,,,16:Fob001iFl2;p71g;lm3m01t00,0*6A
\s:66,c:1782377504*10\!AIVDM,1,1,,,Kkl3nt9Bdv18?P;H,0*7E
\s:66,c:1782377504*10\!AIVDM,1,1,,,Ko0JGD0F`>6bTOwv,0*5C
\s:66,c:1782377504*10\!AIVDM,1,1,,,15N6;bPP00nDRwhR16H>4?w>253<,0*4C
\s:66,c:1782377504*10\!AIVDM,1,1,,,KoljVHL4DTP3?1UP,0*5B
\s:66,c:1782377508*1C\!AIVDM,1,1,,,K5DIUF03rROsU68H,0*0B
\s:66,c:1782377509*1D\!AIVDM,1,1,,,Kp15Mo0>a3vj2Vdh,0*52
\s:66,c:1782377517*45\!AIVDM,1,1,,A,33MB25h3h4r<Tt0BHh`RCc5f0000,0*54
\s:66,c:1782377496*1A\!AIVDM,1,1,,,KkeL2p0OKqB3d04P,0*28
\s:66,c:1782377506*12\!AIVDM,1,1,,,KkaJFrdh=lkgm2Tt,0*76
\s:66,c:1782377507*13\!AIVDM,1,1,,,Kk`dit<?ap2mFRiT,0*3A
\s:66,c:1782377505*11\!AIVDM,1,1,,,KmN5B:`<hS2=v6a4,0*3F
\s:66,c:1782377508*1C\!AIVDM,1,1,,,KmO9P>7<e12<J07P,0*15
\s:66,c:1782377500*14\!AIVDM,1,1,,,19NS`H@uQ@<E6tSTp6u9tGg80D00,0*50
\s:66,c:1782377504*10\!AIVDM,1,1,,,B7`BKn@00378QLJ64hs5Swm5CP06,0*7B
\s:66,c:1782377502*16\!AIVDM,1,1,,,Kk9u0?06`>6bTOwv,0*12
\s:66,c:1782377508*1C\!AIVDM,1,1,,,KotNfLhD90@?C0F<,0*00
\s:66,c:1782377501*15\!AIVDM,1,1,,,19NSN`00268M9h5m7N3FBlq2053<,0*4F
\s:66,c:1782377509*1D\!AIVDM,1,1,,,KrU80@QNUew3DS6L,0*45
\s:66,c:1782377509*1D\!AIVDM,1,1,,,137rGn0wAeNNL7KgAnOCtS6V0<00,0*55
\s:66,c:1782377500*14\!AIVDM,1,1,,,KrU701t=hewUf1?`,0*53
\s:66,c:1782377502*16\!AIVDM,1,1,,,1:U701hP0Ks`8pEtj`;9eww>20RP,0*75
\s:66,c:1782377504*10\!AIVDM,1,1,,,18I<bP01RwKOI:R84LOT:3GF0<02,0*75
\s:66,c:1782377511*14\!AIVDM,1,1,,,1:UOJT@P4dsLbgqujWbkM?wR2D00,0*03
\s:66,c:1782377509*1D\!AIVDM,1,1,,,Kn9FUr442hiSAPQd,0*5E
\s:66,c:1782377507*13\!AIVDM,1,1,,,KmN5B:`<hS2=v6a4,0*3F
\s:66,c:1782377502*16\!AIVDM,1,1,,,B69D;<h0>eVlb8ut9u5UWwhVSP06,0*3C
\s:66,c:1782377493*1F\!AIVDM,1,1,,,Kk`d`sa@9d3jrP@4,0*23
\s:66,c:1782377493*1F\!AIVDM,1,1,,,KkI`jsb?ojSU4VbL,0*65
\s:66,c:1782377496*1A\!AIVDM,1,1,,,Kkm;GU80ATDUiUDD,0*33
\s:66,c:1782377499*15\!AIVDM,1,1,,,KkEwM@P?hd2b31l`,0*45
\s:66,c:1782377501*15\!AIVDM,1,1,,,KkfJlD`?WW3qQ4;L,0*4C
\s:66,c:1782377504*10\!AIVDM,1,1,,,KkP;<w@01hSi;T>h,0*4D
\s:66,c:1782377508*1C\!AIVDM,1,1,,,KkmbT9<0<ClQj0Ot,0*0A
\s:66,c:1782377511*14\!AIVDM,1,1,,,Kkl3n`aOgEk0lP=<,0*7C
\s:66,c:1782377501*15\!AIVDM,1,1,,,KkEwM@P?hd2b31l`,0*45
\s:66,c:1782377504*10\!AIVDM,1,1,,,1815TlP21vvv6s0?Id8`b6s<08Gs,0*6F
\s:66,c:1782377504*10\!AIVDM,1,1,,,18L6F6000A<RMQ9c=8sjFb?F0<04,0*74
\s:66,c:1782377502*16\!AIVDM,1,1,,,KkEwM@P?hd2b31l`,0*45
\s:66,c:1782377507*13\!AIVDM,1,1,,,Kq@2a7vR1c1nV0Ot,0*0D
\s:66,c:1782377507*13\!AIVDM,1,1,,,Kp15R;@C;@1NT07d,0*01
\s:66,c:1782377503*17\!AIVDM,1,1,,,19jcSw8Oh30Si4R2ArN7:moD0d0@,0*22
\s:66,c:1782377506*12\!AIVDM,1,1,,,KqjcSw20BD0Bc0=D,0*2C
\s:66,c:1782377510*15\!AIVDM,1,1,,,35O0;ngtAMm7>j6Q1=9EFlGN01W@,0*78
\s:66,c:1782377508*1C\!AIVDM,1,1,,,Kold1M<594OHHP00,0*2C
\s:66,c:1782377503*17\!AIVDM,1,1,,,15N66o000skrW:BN8dVC?1a>0@G?,0*69
\s:66,c:1782377505*11\!AIVDM,1,1,,,16KEoN002V0To;WjnVAuB:aH0L04,0*03
\s:66,c:1782377504*10\!AIVDM,1,1,,,H06u`DAIA>118uHT@Dp<T600000,2*46
\s:66,c:1782377509*1D\!AIVDM,1,1,,,Kp15R;@C;@1NT07d,0*01
\s:66,c:1782377518*4A\!AIVDM,1,1,,A,18Humc01k4Ng12p6POpurK=l0<0;,0*5B
\s:66,c:1782377514*46\!AIVDM,1,1,,A,13aKUo0P00PFAIjMvuJ>4?wd2D9g,0*2A
\s:66,c:1782377499*15\!AIVDM,1,1,,,KkM@nqD@2QlGJPA0,0*72
\s:66,c:1782377496*1A\!AIVDM,1,1,,,KkHNvh=OmJSRfPOt,0*06
\s:66,c:1782377501*15\!AIVDM,1,1,,,Kld4u<003=Sg;T>L,0*7E
\s:66,c:1782377501*15\!AIVDM,1,1,,,Kk=T@00Op1kOK03T,0*58
\s:66,c:1782377506*12\!AIVDM,1,1,,,KkILCG1wWa3Te1eh,0*08
\s:66,c:1782377505*11\!AIVDM,1,1,,,K5NgU5wsM@SA=POt,0*1D
\s:66,c:1782377502*16\!AIVDM,1,1,,,18IL3b02QE;A@V=bkUu3=Bhr053<,0*08
\s:66,c:1782377505*11\!AIVDM,1,1,,,Kn::b60J>q09E07p,0*18
\s:66,c:1782377504*10\!AIVDM,1,1,,,3533j0;OiBn@s=>PG8j<=amB0000,0*30
\s:66,c:1782377508*1C\!AIVDM,1,1,,,KoliWc<4EFOa2RC0,0*44
\g:1-2-5199765,s:66,c:1782377506*50\!AIVDM,2,1,5,,56<ftI42Em`t8W;KKD0<QDr0V0pvs7800000000N30`44t0000000000,0*01
\g:2-2-5199765*6D\!AIVDM,2,2,5,,000000000000008,2*68
\s:66,c:1782377505*11\!AIVDM,1,1,,,KnK3r4h5:h2gtVc8,0*5F
\s:66,c:1782377502*16\!AIVDM,1,1,,,15?dV9001c10RJag3;`mV4SD0@H:,0*68
\s:66,c:1782377504*10\!AIVDM,1,1,,,Kp15WFhN>s>7:01H,0*58
\s:66,c:1782377502*16\!AIVDM,1,1,,,13Om@J0000L3a:L3DwaSF`sB00T9,0*6D
\s:66,c:1782377509*1D\!AIVDM,1,1,,,Kn:6jm03w`iSGUVP,0*73
\s:66,c:1782377511*14\!AIVDM,1,1,,,KkaEPA=@9ICi=0Ot,0*63
\s:66,c:1782377507*13\!AIVDM,1,1,,,18Humc0vS4Ng14:6PMR=tc;N00S=,0*22
\s:66,c:1782377510*15\!AIVDM,1,1,,,15N1O`7P00DfF3TPu@K:vwwL0L08,0*0D
\s:66,c:1782377503*17\!AIVDM,1,1,,,KrkJmQ8MIwv1:084,0*49
\s:66,c:1782377504*10\!AIVDM,1,1,,,KrkJmQ8MIwv1:084,0*49
\s:66,c:1782377507*13\!AIVDM,1,1,,,1:U6w1rP00Lr<W;jr3JQROwJ00Rf,0*21
\s:66,c:1782377509*1D\!AIVDM,1,1,,,13F:Nn001sLm0dohQn7AkiOP0<01,0*50
\s:66,c:1782377504*10\!AIVDM,1,1,,,14``lQ3002Kt:a44SButvl3@00ST,0*44
\s:66,c:1782377502*16\!AIVDM,1,1,,,Ks;@Gm1Mq=PMF0AP,0*44
\s:66,c:1782377515*47\!AIVDM,1,1,,A,36:RVr0Oh@8hb6RAt:73M37f01vh,0*55
\s:66,c:1782377518*4A\!AIVDM,1,1,,B,15PuBn8P15SmRQb>VwnE3wwl0@R3,0*61
\s:66,c:1782377517*45\!AIVDM,1,1,,B,17lda>?P0j8FUK;wBdR26?wh20T0,0*5B
\s:66,c:1782377501*15\!AIVDM,1,1,,,KqNS:31@9tChC05H,0*50
\s:66,c:1782377511*14\!AIVDM,1,1,,,KklrSp8?gljej1m<,0*73
\s:66,c:1782377505*11\!AIVDM,1,1,,,KmMvsu8<b=S;rR;`,0*34
\s:66,c:1782377510*15\!AIVDM,1,1,,,17`B0O@00R<O8nGVsS5n;m1L00RQ,0*49
\s:66,c:1782377505*11\!AIVDM,1,1,,,B5O;UMP00MObP2NfHHWQ3wmQnDSb,0*63
\s:66,c:1782377506*12\!AIVDM,1,1,,,19F:R2?000005C>3>Dgj8:CD0D1e,0*55
\s:66,c:1782377504*10\!AIVDM,1,1,,,KpI4Mq04D@?cg8QL,0*03
\s:66,c:1782377504*10\!AIVDM,1,1,,,ENlt;ftab12@9RgqP0000000000D8m:6nl>:h1088;jP10,4*46
\s:66,c:1782377504*10\!AIVDM,1,1,,,15?dbH@021NjKN7oIcJaJGOF0<02,0*13
\s:66,c:1782377510*15\!AIVDM,1,1,,,137H@@00iT3AMhwhQ2VjPR3H053<,0*43
\s:66,c:1782377510*15\!AIVDM,1,1,,,Kk7H@@01c?v1:U44,0*4D
\s:66,c:1782377507*13\!AIVDM,1,1,,,Kn:duoSl58i;S`=4,0*5C
\s:66,c:1782377496*1A\!AIVDM,1,1,,,Kk3rJSe@?NSj7P7t,0*56
\s:66,c:1782377504*10\!AIVDM,1,1,,,Kk3s?f0@62Ci2PEP,0*77
\s:66,c:1782377506*12\!AIVDM,1,1,,,Kk43c`u@:>3h?0Ot,0*1D
\s:66,c:1782377503*17\!AIVDM,1,1,,,Kl`aJ10;KTBng6:@,0*29
\s:66,c:1782377503*17\!AIVDM,1,1,,,Kl`aJ10;KTBng6:@,0*29
\s:66,c:1782377509*1D\!AIVDM,1,1,,,1mOP=l0010o7ToVJFAC@DhIF2000,0*2E
\s:66,c:1782377504*10\!AIVDM,1,1,,,Kp15ARp2CSAdT568,0*53
\s:66,c:1782377507*13\!AIVDM,1,1,,,K5D?Tf9Aq3QqI05D,0*42
\s:66,c:1782377509*1D\!AIVDM,1,1,,,19F=i4?P1kP082R3>3U;S?wH00R2,0*27
\s:66,c:1782377501*15\!AIVDM,1,1,,,15NS;wP01fFLo;pPasfl1C?<00RP,0*10
\s:66,c:1782377501*15\!AIVDM,1,1,,,D03Owl0siN>4gHffpfpNfp0,2*39
\s:66,c:1782377504*10\!AIVDM,1,1,,,8>k1oBAKpBjS?:11aPvWmre0<N00,0*3A
\s:66,c:1782377509*1D\!AIVDM,1,1,,,1815UgC2@1M8a8qk;O:J2hiP0@Kt,0*46
\s:66,c:1782377502*16\!AIVDM,1,1,,,18I9tc00BeKq9Rsv`Nsl>CO>08GE,0*4D
\s:66,c:1782377511*14\!AIVDM,1,1,,,KqNSjA0>NJ0GTU8L,0*63
\s:66,c:1782377507*13\!AIVDM,1,1,,,KqHl>Ph4MLB1r3Qh,0*41
\s:66,c:1782377507*13\!AIVDM,1,1,,,KpI6RD84HBQEI7P4,0*3D
\s:66,c:1782377517*45\!AIVDM,1,1,,A,36:R6c`Oi38LL40>0;I=vK9h00u1,0*3E
\s:66,c:1782377512*40\!AIVDM,1,1,,A,33MCh8P0001Mj10EnJMh001p0000,0*0A
\s:66,c:1782377508*1C\!AIVDM,1,1,,,Kk3ulQd0:nkmtPOt,0*25
\s:66,c:1782377511*14\!AIVDM,1,1,,,KkoQKT<0LQlkg690,0*28
\s:66,c:1782377502*16\!AIVDM,1,1,,,E>m1cD0`4V7b@17Pa24W3h9b0b4n;`GIkQwR`00003kP33k`0P,4*63
\s:66,c:1782377510*15\!AIVDM,1,1,,,404pkRivad`kedVP73bMiqC020S:,0*23
\s:66,c:1782377508*1C\!AIVDM,1,1,,,H69TpL4NH9><0H>2JJDl002hR720,0*20
\s:66,c:1782377508*1C\!AIVDM,1,1,,,C>iGK;006m9S8gvoNRS3tTv0VH7iiSKQi1gW:0000000?1H:222P,0*35
\s:66,c:1782377504*10\!AIVDM,1,1,,,KoPIv<05MtvLFPeH,0*2D
\s:66,c:1782377503*17\!AIVDM,1,1,,,13n0<r002>Oc0SV1M=uIE7G4053<,0*16
\s:66,c:1782377504*10\!AIVDM,1,1,,,KoPIv<05MtvLFPeH,0*2D
\s:66,c:1782377509*1D\!AIVDM,1,1,,,17`B250P00dPVr3bqK5>4?wL2D0M,0*6F
\s:66,c:1782377503*17\!AIVDM,1,1,,,18I9RP0t1hKdwb5dot9mjTKB08Gh,0*35
\s:66,c:1782377501*15\!AIVDM,1,1,,,B>l6sUh02AdjrusTTt@03wiTSP06,0*4E
\s:66,c:1782377501*15\!AIVDM,1,1,,,1815cI@01j8@5F1eUcb=ps8t0D11,0*66
\s:66,c:1782377502*16\!AIVDM,1,1,,,1815TBP22`O:R`Cnl8elmSq@08GU,0*6E
\s:66,c:1782377494*18\!AIVDM,1,1,,,13IpL90v2Tsf`aR6F6i<1ac000S;,0*37
\s:66,c:1782377508*1C\!AIVDM,1,1,,,C3go2rh09MgOaOrdiN9j;TN0P`UiiKQgKkS:0000000000D2RRR0,0*43
\s:66,c:1782377508*1C\!AIVDM,1,1,,,H69TpL4NH9><0H>2JJDl002hR720,0*20
\s:66,c:1782377507*13\!AIVDM,1,1,,,KlSjWj8<k@A@S000,0*09
\s:66,c:1782377504*10\!AIVDM,1,1,,,18Ld;v01juvecql7<isVfUI>000G,0*0C
\s:66,c:1782377507*13\!AIVDM,1,1,,,Km?dOIP1n1hwE54T,0*2D
\s:66,c:1782377508*1C\!AIVDM,1,1,,,Kk4?dD04AH?Q5VdP,0*58
\s:66,c:1782377508*1C\!AIVDM,1,1,,,Kp15ar`M4`@dFP=t,0*49
\s:66,c:1782377508*1C\!AIVDM,1,1,,,3Ju0H?hniMIQNcwwOi5Is7uB0000,0*12
\s:66,c:1782377504*10\!AIVDM,1,1,,,15?dPGP11jMOkeirEC<oen9D08IG,0*27
\s:66,c:1782377500*14\!AIVDM,1,1,,,13lK<4001uKga6r9fPsTkkm200Rh,0*4A
\s:66,c:1782377507*13\!AIVDM,1,1,,,Kp15ar`M4`@dFP=t,0*49
\s:66,c:1782377518*4A\!AIVDM,1,1,,A,15N0?KP000q<sJb@woov42mj00SN,0*03
\s:66,c:1782377517*45\!AIVDM,1,1,,A,19NSLV@0j:7LE1@0f=9b?89j0<<N,0*5C
\s:66,c:1782377501*15\!AIVDM,1,1,,,Kk9isme@GFkm;POt,0*7B
\s:66,c:1782377504*10\!AIVDM,1,1,,,KklKcD80@83gQS>H,0*17
\s:66,c:1782377508*1C\!AIVDM,1,1,,,K3cv9P80OjBwQS>t,0*33
\s:66,c:1782377507*13\!AIVDM,1,1,,,33GQKihPBJO0Us0@Mw?W?mcD01@@,0*6C
\s:66,c:1782377509*1D\!AIVDM,1,1,,,13f@B`001rNf372:DCLo1UWN00Ri,0*64
\s:66,c:1782377502*16\!AIVDM,1,1,,,17742B01iV<hpikadOw0bPQ<0?wv,0*56
\s:66,c:1782377508*1C\!AIVDM,1,1,,,18I>pd0uikDIneAmua3SO2kL053<,0*44
\s:66,c:1782377504*10\!AIVDM,1,1,,,I8:dGT0Ju>M<R726vE9D44u7S=??,0*18
\s:66,c:1782377504*10\!AIVDM,1,1,,,Ko0@mt01sIildV5`,0*73
\s:66,c:1782377507*13\!AIVDM,1,1,,,14V2Nl001no79S@LAgJ4FCMF0HJH,0*69
\s:66,c:1782377504*10\!AIVDM,1,1,,,KomROpP4LWgngP9H,0*73
\s:66,c:1782377508*1C\!AIVDM,1,1,,,KolcQLv4dNgfq0Ot,0*42
\s:66,c:1782377503*17\!AIVDM,1,1,,,34``wn1000Lc0aihnje1cV?>0DcJ,0*3E
\s:66,c:1782377502*16\!AIVDM,1,1,,,Kl`UwgP?a>>U>5Bp,0*07
\s:66,c:1782377507*13\!AIVDM,1,1,,,14S:tf0OirMEW;1o=k3Pb0c@053<,0*09
\s:66,c:1782377503*17\!AIVDM,1,1,,,33sGIh7Oi72qjP=esGD3tS=B0000,0*6E
\s:66,c:1782377510*15\!AIVDM,1,1,,,18I<O;001q1D=0qd?v?4PCWH053<,0*06
\s:66,c:1782377508*1C\!AIVDM,1,1,,,C3go2fP0:utS;wuu3P8mcTN0TAakKQQSKaa:0000000000D2RRR0,0*12
\s:66,c:1782377507*13\!AIVDM,1,1,,,1591gb`P00pwqcP<p6l6W;7<0L0@,0*50
\s:66,c:1782377507*13\!AIVDM,1,1,,,Kn:4wDP4<3iUtU4<,0*01
\s:66,c:1782377507*13\!AIVDM,1,1,,,KomROpP4LWgngP9H,0*73
\s:66,c:1782377507*13\!AIVDM,1,1,,,KolcQLv4dNgfq0Ot,0*42
\s:66,c:1782377496*1A\!AIVDM,1,1,,,KmBl1F0?REjWC7d8,0*15
\s:66,c:1782377501*15\!AIVDM,1,1,,,Kk9f0j<0PKSg=POt,0*37
\s:66,c:1782377506*12\!AIVDM,1,1,,,KkSoHp00U@C;P198,0*4E
\s:66,c:1782377503*17\!AIVDM,1,1,,,KmNvn<0<dp2;RPOt,0*03
\s:66,c:1782377500*14\!AIVDM,1,1,,,37`bub701b<4A>sU6j;qhWm61UCS,0*75
\s:66,c:1782377500*14\!AIVDM,1,1,,,15?dNThPAO<PL:qbwGS836?:0HFl,0*14
\s:66,c:1782377502*16\!AIVDM,1,1,,,35?dNThPAO<PL:5bwGG81V=>02:0,0*78
\s:66,c:1782377504*10\!AIVDM,1,1,,,17`BAWhP1N<P5LMbs56bEgwD00SM,0*35
\s:66,c:1782377510*15\!AIVDM,1,1,,,17`bub701`<4A2cU6im9iomJ1hJ`,0*36
\s:66,c:1782377510*15\!AIVDM,1,1,,,B7`O`CP0039WAurW5>;Q3wnQnE;J,0*42
\s:66,c:1782377504*10\!AIVDM,1,1,,,KotN7b@4udwv;1Wp,0*65
\s:66,c:1782377504*10\!AIVDM,1,1,,,KnBkC0?ihmB>d02P,0*01
\s:66,c:1782377506*12\!AIVDM,1,1,,,19NSpr@01bOm1osqlgD5RlMB08Il,0*4B
\s:66,c:1782377510*15\!AIVDM,1,1,,,18I>b`0124mTJ6tO4eGkNBgP053<,0*2E
\s:66,c:1782377504*10\!AIVDM,1,1,,,Kolk5`PDCUh0i0?8,0*15
\s:66,c:1782377506*12\!AIVDM,1,1,,,17`BAWhP1N<P5LMbs56bEgwD00SM,0*35
\s:66,c:1782377506*12\!AIVDM,1,1,,,35?dNThPAN<PL8MbwFvou6;F00u@,0*03
\s:66,c:1782377509*1D\!AIVDM,1,1,,,169KwgpOhRCVNnOw2Mp::H3L00SC,0*22
\s:66,c:1782377503*17\!AIVDM,1,1,,,KrU7KWh>Ot>Ib08d,0*34
\s:66,c:1782377503*17\!AIVDM,1,1,,,18I>b`0024mTIkPO4eFkNRg:08F9,0*53
\s:66,c:1782377502*16\!AIVDM,1,1,,,1:U;NV@02sMGn1guTGWcJ9=>0D01,0*4E
\s:66,c:1782377507*13\!AIVDM,1,1,,,1:U8vu0008M8Mjik8t@8nhEH00SK,0*7D
\s:66,c:1782377494*18\!AIVDM,1,1,,,Kkf@JL8=M`QVgV3l,0*26
\s:66,c:1782377507*13\!AIVDM,1,1,,,Km3l7h1M4I1u>P@@,0*6A
\s:66,c:1782377504*10\!AIVDM,1,1,,,1815cPP02:NWGn@=9A6o>Eq>0P00,0*09
\s:66,c:1782377504*10\!AIVDM,1,1,,,KkEnpFewgwjdlQwt,0*68
\s:66,c:1782377507*13\!AIVDM,1,1,,,KkUvsf0?6fPg35dh,0*13
\s:66,c:1782377507*13\!AIVDM,1,1,,,Kkl3r=@?FNA@t6P4,0*07
\s:66,c:1782377505*11\!AIVDM,1,1,,,KleJgp3sP03W3POt,0*64
\s:66,c:1782377508*1C\!AIVDM,1,1,,,KmNvmu6sQSCPrPC0,0*64
\s:66,c:1782377500*14\!AIVDM,1,1,,,H7`BO8h5@h4q@T>0@5Lr2222220,2*1E
\s:66,c:1782377509*1D\!AIVDM,1,1,,,KmNvmu6sQSCPrPC0,0*64
\s:66,c:1782377509*1D\!AIVDM,1,1,,,1EN51rWP00G90s8JKNC>4?wJ0000,0*2D
\s:66,c:1782377504*10\!AIVDM,1,1,,,Ko7jB301ggg`45ed,0*69
\s:66,c:1782377501*15\!AIVDM,1,1,,,15Mtbf001dlHGsTQ0wuG25W<0Gwu,0*72
\s:66,c:1782377507*13\!AIVDM,1,1,,,KmMtbf8:3A4>MU;<,0*19
\s:66,c:1782377505*11\!AIVDM,1,1,,,K69>D4<4`BRfiTFH,0*40
\s:66,c:1782377505*11\!AIVDM,1,1,,,13@qLR0vje0Nlhqku;HUUDQB8HIJ,0*41
\s:66,c:1782377503*17\!AIVDM,1,1,,,H6<fkkDN00000002:lqkm00P2220,0*38
\s:66,c:1782377503*17\!AIVDM,1,1,,,18I<d4013@2Td3WfKRGj`27<00S;,0*3C
\s:66,c:1782377500*14\!AIVDM,1,1,,,KlbLAv8=chQBTP4l,0*18
\s:66,c:1782377502*16\!AIVDM,1,1,,,13mCM`3002KsFmn4StcqIjGB053<,0*37
\s:66,c:1782377504*10\!AIVDM,1,1,,,KrU7;W@><Kh5h5UH,0*44
\s:66,c:1782377511*14\!AIVDM,1,1,,,Kru0QvL=4U?me0@P,0*3B
\s:66,c:1782377501*15\!AIVDM,1,1,,,K3M@dtj09N3jr0@4,0*40
\s:66,c:1782377504*10\!AIVDM,1,1,,,Kk:09mQ@O83hSP4@,0*53
\s:66,c:1782377504*10\!AIVDM,1,1,,,1815PQPw2KNgrgf=fqEWWF5D00Rv,0*13
\s:66,c:1782377507*13\!AIVDM,1,1,,,144V9cP010vMSG4@Tvs@cPe<0`Ic,0*61
\s:66,c:1782377503*17\!AIVDM,1,1,,,KmO0nPd<Q7B;V2d@,0*07
\s:66,c:1782377505*11\!AIVDM,1,1,,,KmOAqBcsQ73OO08h,0*59
\s:66,c:1782377506*12\!AIVDM,1,1,,,14eHuj@000o;6=<KnE`H@4oL0<2W,0*35
\s:66,c:1782377506*12\!AIVDM,1,1,,,Kk8hHp1@01hJJ0:p,0*4D
\s:66,c:1782377509*1D\!AIVDM,1,1,,,1815N<@wB00Ln<01qCwkABgL0D03,0*03
\s:66,c:1782377504*10\!AIVDM,1,1,,,KlQVfb89t@TfD0<d,0*68
\s:66,c:1782377504*10\!AIVDM,1,1,,,14eGGr0001nkK4LN99?<HPW@0D05,0*71
\s:66,c:1782377504*10\!AIVDM,1,1,,,KpI6hi0>dwSCm7Rh,0*4F
\s:66,c:1782377509*1D\!AIVDM,1,1,,,16TN660P0ol5GkN1ARhT0?wL20SA,0*44
\s:66,c:1782377503*17\!AIVDM,1,1,,,KmCMaJ05Kuk:Q63L,0*16
\s:66,c:1782377501*15\!AIVDM,1,1,,,KqNSVK@3RRvwtUS8,0*65
\s:66,c:1782377504*10\!AIVDM,1,1,,,3Jq85g0P00rak886Asn>4?wD2PHP,0*0B
\s:66,c:1782377509*1D\!AIVDM,1,1,,,33l3oGP01Isl:Fj4e0IDa3mN20sP,0*3D
\s:66,c:1782377511*14\!AIVDM,1,1,,,15?dUf0007J@cP411Todqq800<05,0*5F
\s:66,c:1782377507*13\!AIVDM,1,1,,,KnK2obH4n4RN;5?T,0*69
\s:66,c:1782377518*4A\!AIVDM,1,1,,A,18Hu50?P00WL:3@0h8l>4?wj2<80,0*08
\s:66,c:1782377508*1C\!AIVDM,1,1,,,KlsbbFB>njDjt1h`,0*6E
\s:66,c:1782377503*17\!AIVDM,1,1,,,K5O:vw7sbI2OAPOt,0*55
\s:66,c:1782377503*17\!AIVDM,1,1,,,13l3oM001inihR<JVQHJi8W200RQ,0*39
\s:66,c:1782377506*12\!AIVDM,1,1,,,K9jnhj3h<q@IQ51H,0*11
\s:66,c:1782377509*1D\!AIVDM,1,1,,,KqNSh78OO`PcVP1P,0*13
\s:66,c:1782377508*1C\!AIVDM,1,1,,,KmRV9j<DCW@020@l,0*24
\s:66,c:1782377507*13\!AIVDM,1,1,,,18HvBv001WM`09CthK1DvCsF0D04,0*37
\s:66,c:1782377509*1D\!AIVDM,1,1,,,KkL25r0=WgAFKSht,0*40
\s:66,c:1782377507*13\!AIVDM,1,1,,,KkL25r0=WgAFKSht,0*40
\s:66,c:1782377501*15\!AIVDM,1,1,,,Kk`eLgL0:sCgu36t,0*7C
\s:66,c:1782377501*15\!AIVDM,1,1,,,KkFOj88?wP2qmP7`,0*15
\s:66,c:1782377504*10\!AIVDM,1,1,,,Kk4@?N1OcDC3J0F@,0*17
\s:66,c:1782377508*1C\!AIVDM,1,1,,,Kkh<9F;w:dDi1PBd,0*14
\s:66,c:1782377511*14\!AIVDM,1,1,,,Kk`wo:P0?aShc2Vh,0*6F
\s:66,c:1782377505*11\!AIVDM,1,1,,,Kkl:eH02KTfk=T3H,0*3E
\s:66,c:1782377505*11\!AIVDM,1,1,,,Kp18Ttj9vlgtc008,0*74
\s:66,c:1782377505*11\!AIVDM,1,1,,,Kp8fRm3rhO?9KQgp,0*50
\s:66,c:1782377504*10\!AIVDM,1,1,,,15NBI<7P1JmJJa@RdLF6V?w@253<,0*16
\s:66,c:1782377504*10\!AIVDM,1,1,,,13IphM0v2AsChStG:RBjrRG>0D00,0*19
\s:66,c:1782377502*16\!AIVDM,1,1,,,Kp18Ttj9vlgtc008,0*74
\s:66,c:1782377504*10\!AIVDM,1,1,,,16:MJwP028HhOnwtln@cpIM>0L00,0*55
\s:66,c:1782377500*14\!AIVDM,1,1,,,Kp15><AN=k?pw0;L,0*7C
\s:66,c:1782377508*1C\!AIVDM,1,1,,,Kp8fRm3rhO?9KQgp,0*50
\s:66,c:1782377510*15\!AIVDM,1,1,,,KnK2Jvp4qcRQ00?L,0*21
\s:66,c:1782377502*16\!AIVDM,1,1,,,13MB4W02isFw6th=3tDm:l3<0Owu,0*7D
\s:66,c:1782377516*44\!AIVDM,1,1,,A,169DBp001P`gdtTATubPti3f0L00,0*2A
\s:66,c:1782377499*15\!AIVDM,1,1,,,KknGtL80FVDb@PF4,0*0A
\s:66,c:1782377504*10\!AIVDM,1,1,,,KkaDo;9@;KSjo0?@,0*26
\s:66,c:1782377504*10\!AIVDM,1,1,,,KqNS`eh?I9PwH5:D,0*46
\s:66,c:1782377502*16\!AIVDM,1,1,,,17`NpkP000dLQve`H;R7kFe@28H:,0*58
\s:66,c:1782377503*17\!AIVDM,1,1,,,KqNS`eh?I9PwH5:D,0*46
\s:66,c:1782377503*17\!AIVDM,1,1,,,Kkku9sh@ER@1h04T,0*65
\s:66,c:1782377503*17\!AIVDM,1,1,,,38HrqI0wB`l:rbjJljDkkk6r0Cku,0*6D
\s:66,c:1782377503*17\!AIVDM,1,1,,,35N4=;POiJdBQ``JQ2NW3Um>00MP,0*4E
\s:66,c:1782377504*10\!AIVDM,1,1,,,13P=PS001TM4E5Mk7FW91G=@28Hu,0*62
\s:66,c:1782377507*13\!AIVDM,1,1,,,KmNSgMd<LS23>R48,0*50
\s:66,c:1782377507*13\!AIVDM,1,1,,,Kn:6ETPDMNB=T0Bd,0*75
\s:66,c:1782377501*15\!AIVDM,1,1,,,Kkl3olH?s>CbD4T`,0*44
\s:66,c:1782377508*1C\!AIVDM,1,1,,,KkaIisd0=iSnb3?d,0*42
\s:66,c:1782377511*14\!AIVDM,1,1,,,KkaGClt0=aSqHPOt,0*57
\s:66,c:1782377509*1D\!AIVDM,1,1,,,19pHNB7P0KvhD=T8cvVFcgwL253<,0*7E
\s:66,c:1782377503*17\!AIVDM,1,1,,,KkVME20;W`RGCPVT,0*13
\s:66,c:1782377505*11\!AIVDM,1,1,,,1536Mp013Mo57`<AvhRr687D08Ib,0*34
\s:66,c:1782377505*11\!AIVDM,1,1,,,KmOAVU1KeG2IC000,0*1C
\s:66,c:1782377502*16\!AIVDM,1,1,,,15RCql0032<VIhGfHj6eibs@08Gq,0*73
\s:66,c:1782377506*12\!AIVDM,1,1,,,1536Mp013Mo57`<AvhRr687D08Ib,0*34
\s:66,c:1782377506*12\!AIVDM,1,1,,,KmOAVU1KeG2IC000,0*1C
\s:66,c:1782377505*11\!AIVDM,1,1,,,B6=klc@06A;osaOkfS>?Ajk00<00,0*67
\s:66,c:1782377504*10\!AIVDM,1,1,,,B<Ju4K@042sB63OK:96nKwjTSP06,0*43
\s:66,c:1782377509*1D\!AIVDM,1,1,,,15?dLeh00awh7Ch0S3S`OmmN0hKj,0*00
\s:66,c:1782377510*15\!AIVDM,1,1,,,144ShB3002k>TD6SqNf1j33N08LM,0*4B
\s:66,c:1782377504*10\!AIVDM,1,1,,,I8;>NH3`Eoc>:Ac0uJU:q26n8nJv,0*38
\s:66,c:1782377508*1C\!AIVDM,1,1,,,Ko7>?J1DAeOrI0:L,0*5C
\s:66,c:1782377503*17\!AIVDM,1,1,,,KrLWLF0MpWMM1P=d,0*2D
\s:66,c:1782377503*17\!AIVDM,1,1,,,KrU7KqiNJtvDh0>p,0*3B
\s:66,c:1782377507*13\!AIVDM,1,1,,,15A<gv0w1dkt0KnO5H0rI8?80L03,0*6E
\s:66,c:1782377508*1C\!AIVDM,1,1,,,1;DjnL0P02JWscQo=bOD8OwL0@KA,0*52
\s:66,c:1782377502*16\!AIVDM,1,1,,,KrU7KqiNJtvDh0>p,0*3B
\s:66,c:1782377502*16\!AIVDM,1,1,,,KrU7;VPNUcg3GPAh,0*13
\s:66,c:1782377504*10\!AIVDM,1,1,,,13VRtJ0uPJMpJBat6WrabFoB08Im,0*77
\s:66,c:1782377500*14\!AIVDM,1,1,,,35@6gP000bKoIdt4@3poAUi`0Q10,0*2A
\s:66,c:1782377504*10\!AIVDM,1,1,,,1771wl0027KErQP7Bd8cHI9B0@If,0*6B
\s:66,c:1782377510*15\!AIVDM,1,1,,,Kn:<lJP4NSBArSk8,0*6A
\s:66,c:1782377496*1A\!AIVDM,1,1,,,Kkkwqv0?mrSWe5>p,0*56
\s:66,c:1782377511*14\!AIVDM,1,1,,,KkGQl9<?KvB330;`,0*13
\s:66,c:1782377508*1C\!AIVDM,1,1,,,KleH10aKMS3VM09<,0*45
\s:66,c:1782377500*14\!AIVDM,1,1,,,B7`GCn000;7A6Urtd1NbCwi5WP06,0*10
\s:66,c:1782377506*12\!AIVDM,1,1,,,16SfW20wBimr354G8=`DTCWB00Re,0*22
\s:66,c:1782377509*1D\!AIVDM,1,1,,,KleH10aKMS3VM09<,0*45
\s:66,c:1782377505*11\!AIVDM,1,1,,,B9vuST002E1Cd3OwtBTL3wl4SP06,0*45
\s:66,c:1782377507*13\!AIVDM,1,1,,,KleH10aKMS3VM09<,0*45
\s:66,c:1782377504*10\!AIVDM,1,1,,,KomF@Pv47r?aHQ>d,0*62
\s:66,c:1782377504*10\!AIVDM,1,1,,,35Dn`f0OiLrTWun67lD7;5O>0000,0*1C
\s:66,c:1782377505*11\!AIVDM,1,1,,,34`IfP03RcPDj0EgpREcBa1D012@,0*00
\s:66,c:1782377501*15\!AIVDM,1,1,,,K76tJj0D<MMqR0>d,0*78
\s:66,c:1782377510*15\!AIVDM,1,1,,,18KfJn0P2E2RoIQeQk1S<?wJ053<,0*6E
\s:66,c:1782377502*16\!AIVDM,1,1,,,14agRd0P1RL1gT63TmJrqgwp1PSo,0*57
\s:66,c:1782377509*1D\!AIVDM,1,1,,,13ej`<00jkLG6=h5FF@lpCsD0D00,0*36
\s:66,c:1782377502*16\!AIVDM,1,1,,,16Tklf?00cEa:f421Pi896u<2@FH,0*7D
\s:66,c:1782377509*1D\!AIVDM,1,1,,,159=EWh000GvghP>;i`N4:MF2@I`,0*5F
\s:66,c:1782377496*1A\!AIVDM,1,1,,,KkS`Gt<0VBC:342t,0*67
\s:66,c:1782377499*15\!AIVDM,1,1,,,Kl4SaGQOsAST1POt,0*70
\s:66,c:1782377508*1C\!AIVDM,1,1,,,KmN0j:3tb@R>a0Eh,0*1A
\s:66,c:1782377500*14\!AIVDM,1,1,,,KmDOwP06IaMHLUR`,0*6D
\s:66,c:1782377504*10\!AIVDM,1,1,,,15DOwP001k<P5w=cRt>ib1ID053<,0*40
\s:66,c:1782377504*10\!AIVDM,1,1,,,Kold<u@D89wNEPOt,0*10
\s:66,c:1782377508*1C\!AIVDM,1,1,,,KomRNiL4QAOsK210,0*77
\s:66,c:1782377504*10\!AIVDM,1,1,,,KqNSqQ@=4MipfSmH,0*6D
\s:66,c:1782377505*11\!AIVDM,1,1,,,19NSu1Puj<Nl4@GhJbkK38m@0@Ho,0*45
\s:66,c:1782377504*10\!AIVDM,1,1,,,13lJIB0vRQvLeQcqPbaTjSm@053<,0*08
\s:66,c:1782377509*1D\!AIVDM,1,1,,,19NSu1P0j=Nl48?hJbus08mJ00S7,0*1D
\s:66,c:1782377496*1A\!AIVDM,1,1,,,Kkmd7h1OpB4DHP44,0*35
\s:66,c:1782377504*10\!AIVDM,1,1,,,15W3Cj;P00vh>b88IFmf4?w@2@Ge,0*6F
\s:66,c:1782377505*11\!AIVDM,1,1,,,Km3>KI9LQpB9OP7L,0*05
\s:66,c:1782377505*11\!AIVDM,1,1,,,Kn0pl001`W=QUV4p,0*43
\s:66,c:1782377509*1D\!AIVDM,1,1,,,19NSc2Pvh1POjTT2J0o2OEAJ0L12,0*42
\s:66,c:1782377508*1C\!AIVDM,1,1,,,K7ljNg@CrW?SP0Ot,0*25
\s:66,c:1782377506*12\!AIVDM,1,1,,,D04uI<hc`Nfq6DO6D0,4*6E
\s:66,c:1782377503*17\!AIVDM,1,1,,,KsDjkqdu;8g7a000,0*78
\s:66,c:1782377504*10\!AIVDM,1,1,,,KsDjkqdu;8g7a000,0*78
\s:66,c:1782377504*10\!AIVDM,1,1,,,Kru0PGPM5DP4a0>H,0*23
\s:66,c:1782377494*18\!AIVDM,1,1,,,19NSr;@2AqLaE901Bc2Kh9O008Cc,0*77
\s:66,c:1782377502*16\!AIVDM,1,1,,,Kru0PGPM5DP4a0>H,0*23
\s:66,c:1782377504*10\!AIVDM,1,1,,,15EFKp0029La8Bt1l?1Kh9S<0<02,0*5B
\s:66,c:1782377509*1D\!AIVDM,1,1,,,KpI9`G0=h7ho;7hd,0*5E
\s:66,c:1782377511*14\!AIVDM,1,1,,,34`V0gS00esmEq`6HnJ;F8sN01Rh,0*64
\s:66,c:1782377507*13\!AIVDM,1,1,,,Km3>KI9LQpB9OP7L,0*05
\s:66,c:1782377507*13\!AIVDM,1,1,,,KpSJHS8D0A@p03<H,0*14
\s:66,c:1782377496*1A\!AIVDM,1,1,,,KkW3cf3waK2>W0Ot,0*18
\s:66,c:1782377504*10\!AIVDM,1,1,,,KkBItD0?opku4P1`,0*47
\s:66,c:1782377503*17\!AIVDM,1,1,,,KmO4Qo;<QHR;9Ra@,0*39
\s:66,c:1782377500*14\!AIVDM,1,1,,,17`Bb3h001<ftI3aoh;6fGC400R`,0*10
\s:66,c:1782377505*11\!AIVDM,1,1,,,B69D9D@0:U6Eb0NCTSiK3wv63P06,0*64
\s:66,c:1782377504*10\!AIVDM,1,1,,,KmWrVn01u>AoD3i@,0*66
\s:66,c:1782377504*10\!AIVDM,1,1,,,Klb5I831ijj5H0?p,0*0F
\s:66,c:1782377503*17\!AIVDM,1,1,,,KqNSnPh0IKgS?P2D,0*09
\s:66,c:1782377503*17\!AIVDM,1,1,,,Kl`Uttq@Jb?MO02t,0*27
\s:66,c:1782377502*16\!AIVDM,1,1,,,B69D9D@0:U6Eb0NCTSiK3wv63P06,0*64
\s:66,c:1782377509*1D\!AIVDM,1,1,,,17`Bb3h001<ftI1aoh:nfGGH0<09,0*04
\s:66,c:1782377505*11\!AIVDM,1,1,,,KqNSFm@0`muQLWDh,0*05
\s:66,c:1782377509*1D\!AIVDM,1,1,,,KpUjId0us30UAP1`,0*6E
\s:66,c:1782377511*14\!AIVDM,1,1,,,18I0`v001oKgePn5`sHd9qqF053<,0*57
\s:66,c:1782377493*1F\!AIVDM,1,1,,,Kkcj<A<PDSk<550t,0*5B
\s:66,c:1782377509*1D\!AIVDM,1,1,,,Kks?@Q;wbTRmK0@<,0*58
\s:66,c:1782377505*11\!AIVDM,1,1,,,KmO4tU;s`SRP;P@D,0*0D
\s:66,c:1782377505*11\!AIVDM,1,1,,,KmNQN<4;V?2GuT3d,0*49
\s:66,c:1782377504*10\!AIVDM,1,1,,,18HvP@0009C=jT7gj5U2Cbc@08Hg,0*44
\s:66,c:1782377506*12\!AIVDM,1,1,,,KmNQN<4;V?2GuT3d,0*49
\s:66,c:1782377503*17\!AIVDM,1,1,,,19jm=;?P000Bhq`3bc9cQww@053<,0*79
\s:66,c:1782377509*1D\!AIVDM,1,1,,,19jncD80020RWID2N8AcE0WL053<,0*7C
\s:66,c:1782377510*15\!AIVDM,1,1,,,19NSOV@01rDo83FNlgS:eHeP00R8,0*60
\s:66,c:1782377504*10\!AIVDM,1,1,,,Kk8h5F0=mgPa62`p,0*46
\s:66,c:1782377505*11\!AIVDM,1,1,,,Kn:7<W<4P4BIcTF@,0*72
\s:66,c:1782377504*10\!AIVDM,1,1,,,15Swh:3008LuLTgif;kc75WF28IR,0*66
\s:66,c:1782377502*16\!AIVDM,1,1,,,Kk8h5F0=mgPa62`p,0*46
\s:66,c:1782377507*13\!AIVDM,1,1,,,KnK2k;HDcwitqP:l,0*19
\s:66,c:1782377509*1D\!AIVDM,1,1,,,KmNQN<4;V?2GuT3d,0*49
\s:66,c:1782377499*15\!AIVDM,1,1,,,Klb>fj8?bB30jSn4,0*57
\s:66,c:1782377499*15\!AIVDM,1,1,,,Kk`q1p9@;CCmW0;l,0*08
\s:66,c:1782377504*10\!AIVDM,1,1,,,KkEdGF?h45C0V4;t,0*6F
\s:66,c:1782377501*15\!AIVDM,1,1,,,19NSea001hOB:`vCk7ieEbW60<00,0*57
\s:66,c:1782377508*1C\!AIVDM,1,1,,,KmPH6`t;Q>2i?0Ot,0*40
\s:66,c:1782377508*1C\!AIVDM,1,1,,,Kp15VU@<NwAJJT;<,0*0C
\s:66,c:1782377509*1D\!AIVDM,1,1,,,KmPH6`t;Q>2i?0Ot,0*40
\s:66,c:1782377503*17\!AIVDM,1,1,,,18I=:9001uPE1hp30b?d:ac40HGd,0*0C
\s:66,c:1782377503*17\!AIVDM,1,1,,,19NSbMPvRK01W6;rmtBECDCB053<,0*59
\s:66,c:1782377501*15\!AIVDM,1,1,,,15NRTb0P01liBmnQdKjWw?w>20S1,0*4E
\s:66,c:1782377508*1C\!AIVDM,1,1,,,KomRMhglNR?gwP<h,0*65
\s:66,c:1782377507*13\!AIVDM,1,1,,,1773dk00iONP<9ioAmwDsCqN0<00,0*4D
\s:66,c:1782377507*13\!AIVDM,1,1,,,13nrjr002MLiU3sj6FQBvROH0HK4,0*03
\s:66,c:1782377502*16\!AIVDM,1,1,,,3534=F3OhMKeDm`5dU`jlBW<0P00,0*08
\s:66,c:1782377509*1D\!AIVDM,1,1,,,Kp15VU@<NwAJJT;<,0*0C
\s:66,c:1782377496*1A\!AIVDM,1,1,,,Kl4gm@<0s`THgU@D,0*0B
\s:66,c:1782377499*15\!AIVDM,1,1,,,Kk9Q==e@ODknA0Ot,0*4E
\s:66,c:1782377504*10\!AIVDM,1,1,,,19NSb1h007vokRR?fWvIrFG@0@H6,0*00
\s:66,c:1782377503*17\!AIVDM,1,1,,,14`Uwa000DG2:J>Kabs6Imi80@Ha,0*2F
\s:66,c:1782377506*12\!AIVDM,1,1,,,KmMv52=KeH2II0Ot,0*1F
\s:66,c:1782377504*10\!AIVDM,1,1,,,Kold0jdl0MOl1Q8T,0*4B
\s:66,c:1782377509*1D\!AIVDM,1,1,,,1:U9140000M4?JakOC9IvisR08Ld,0*61
\s:66,c:1782377502*16\!AIVDM,1,1,,,18I68s001`HSd1J:>Ul4ukrv0D01,0*69
\s:66,c:1782377504*10\!AIVDM,1,1,,,KpI;LH8?Ra2aK9V0,0*59
\s:66,c:1782377506*12\!AIVDM,1,1,,,KqNSrph?leRVpPhp,0*20
\s:66,c:1782377507*13\!AIVDM,1,1,,,KqNSrph?leRVpPhp,0*20
\s:66,c:1782377509*1D\!AIVDM,1,1,,,KlcUm00@02PIm05P,0*78
\s:66,c:1782377503*17\!AIVDM,1,1,,,Km2g=V9KRT2dPP54,0*5C
\s:66,c:1782377505*11\!AIVDM,1,1,,,KpM6k60Bd3P3N0Ot,0*79
\s:66,c:1782377504*10\!AIVDM,1,1,,,KpM6k60Bd3P3N0Ot,0*79
\s:66,c:1782377506*12\!AIVDM,1,1,,,KpI7>400NDO7@P6p,0*0C
\s:66,c:1782377509*1D\!AIVDM,1,1,,,KlcUm00@02PIm05P,0*78
\s:66,c:1782377504*10\!AIVDM,1,1,,,KolchuJ4AAwdUV@p,0*0F
\s:66,c:1782377504*10\!AIVDM,1,1,,,Kom:3hL4ImwBlP<8,0*1E
\s:66,c:1782377504*10\!AIVDM,1,1,,,Kolj;GL4Sgwq0QU@,0*07
\s:66,c:1782377502*16\!AIVDM,1,1,,,C>lEw1h0634RknMUO0i@7wlPV=ii1Uag1111111111bd0000002P,0*14
\s:66,c:1782377503*17\!AIVDM,1,1,,,KmU38b0>QUNHlR:4,0*41
\s:66,c:1782377505*11\!AIVDM,1,1,,,KmW<>61@c@=Q20BH,0*14
\s:66,c:1782377504*10\!AIVDM,1,1,,,KmU38b0>QUNHlR:4,0*41
\s:66,c:1782377503*17\!AIVDM,1,1,,,KmW<>61@c@=Q20BH,0*14
\s:66,c:1782377503*17\!AIVDM,1,1,,,1815Mkh01v2CVhke:C9IP7MB0L06,0*09
\s:66,c:1782377502*16\!AIVDM,1,1,,,KlqhU28MgiA<u0C`,0*5E
\s:66,c:1782377496*1A\!AIVDM,1,1,,,KkSa?k80RGkArP:t,0*7A
\s:66,c:1782377499*15\!AIVDM,1,1,,,Kku@?s`0bnD>:P>0,0*7C
\s:66,c:1782377509*1D\!AIVDM,1,1,,,Kn9BtUT?KN@oP0;h,0*6A
\s:66,c:1782377503*17\!AIVDM,1,1,,,KmO8rp9KQ6jih0<d,0*22
\s:66,c:1782377503*17\!AIVDM,1,1,,,KmNL32P<g<R>CP1T,0*6F
\s:66,c:1782377503*17\!AIVDM,1,1,,,KmO8rp9KQ6jih0<d,0*22
\s:66,c:1782377509*1D\!AIVDM,1,1,,,KlQH`D:sQBSPlRP@,0*0A
\s:66,c:1782377508*1C\!AIVDM,1,1,,,B3P:LRh09UQFssNT5krF;wo1j0CA,0*7B
\s:66,c:1782377509*1D\!AIVDM,1,1,,,Kn9BtUT?KN@oP0;h,0*6A
\s:66,c:1782377508*1C\!AIVDM,1,1,,,KkF2GD04TIPKD6At,0*75
\g:1-2-5199766,s:66,c:1782377502*57\!AIVDM,2,1,6,,57hELB42:NWO<AI:221DiD@6118Tp<E=>222221510n685>TG73PE3mR,0*0D
\g:2-2-5199766*6E\!AIVDM,2,2,6,,H88888888888880,2*13
\s:66,c:1782377504*10\!AIVDM,1,1,,,KsDjlGcu;<?7rPOt,0*5A
\s:66,c:1782377502*16\!AIVDM,1,1,,,Kp15`MP0CTMTu6A`,0*79
\s:66,c:1782377499*15\!AIVDM,1,1,,,Kktfgo`0Kjl>=PF0,0*65
\s:66,c:1782377508*1C\!AIVDM,1,1,,,Kk=T0H1@DpS@500l,0*59
\s:66,c:1782377503*17\!AIVDM,1,1,,,KqNSin`;GMBWJ69<,0*7A
\s:66,c:1782377503*17\!AIVDM,1,1,,,KqNSin`;GMBWJ69<,0*7A
\s:66,c:1782377501*15\!AIVDM,1,1,,,13eWU:0022nFBEdP6k0Jppg48<08,0*5B
\s:66,c:1782377504*10\!AIVDM,1,1,,,403OviAuJl`kao?736KJUAO02<3?,0*72
\s:66,c:1782377508*1C\!AIVDM,1,1,,,Kom3p`<4FAh6<QWt,0*12
\s:66,c:1782377503*17\!AIVDM,1,1,,,15Rrqr001o<iN5fNuo;JLpO:00S2,0*5B
\s:66,c:1782377503*17\!AIVDM,1,1,,,1815WgP02Gm?Nc@I3Qf;GI1<0D05,0*74
\s:66,c:1782377507*13\!AIVDM,1,1,,,Kl4jDveEfjCiI0Ot,0*68
\s:66,c:1782377504*10\!AIVDM,1,1,,,13FMaJ7014rFi8Imk>VmUlI<0<00,0*28
\s:66,c:1782377504*10\!AIVDM,1,1,,,1815TT00h28>lKGlObv6LEq8253<,0*1F
\s:66,c:1782377500*14\!AIVDM,1,1,,,17WK6;@00lK2=7@6wb?3V2a:08Fm,0*5C
\s:66,c:1782377504*10\!AIVDM,1,1,,,Kr5c8o0MK<PoLPD4,0*06
\s:66,c:1782377507*13\!AIVDM,1,1,,,Kn<fs7>424PcCVRL,0*68
\s:66,c:1782377499*15\!AIVDM,1,1,,,KkWUjs9watBJoQQL,0*2C
\s:66,c:1782377501*15\!AIVDM,1,1,,,KkWUjs9watBJoQQL,0*2C
\s:66,c:1782377503*17\!AIVDM,1,1,,,KmNPpR<<cAj<c0@T,0*4E
\s:66,c:1782377503*17\!AIVDM,1,1,,,KmO8IB?scWBMV0Ot,0*17
\s:66,c:1782377503*17\!AIVDM,1,1,,,KmO8IB?scWBMV0Ot,0*17
\s:66,c:1782377509*1D\!AIVDM,1,1,,,13c1`4002Snq`fHM38m;B95H0HK8,0*4E
\s:66,c:1782377505*11\!AIVDM,1,1,,,13@pTd@01lEU?or=pqVl@CE>00SJ,0*1D
\s:66,c:1782377506*12\!AIVDM,1,1,,,14SK04002:OE<oivloKmUDOD00SN,0*12
\s:66,c:1782377504*10\!AIVDM,1,1,,,15Na:JPOi5FN8opP?cHk`k9D2HI<,0*06
\s:66,c:1782377507*13\!AIVDM,1,1,,,15N:b<7P00Db3KJQc6jD;gwH0D0B,0*75
\s:66,c:1782377510*15\!AIVDM,1,1,,,15NFkaP017DEG6pQ5<qPt@iN0<01,0*60
\s:66,c:1782377509*1D\!AIVDM,1,1,,,KrU8CL0>RKNLL0QT,0*50
\s:66,c:1782377503*17\!AIVDM,1,1,,,Kl`a=801Nsur64T4,0*1D
\s:66,c:1782377507*13\!AIVDM,1,1,,,KmNE5OeuEh2sRR7l,0*17
\s:66,c:1782377501*15\!AIVDM,1,1,,,Kp5VBM`?MHPhrS<`,0*2F
\s:66,c:1782377505*11\!AIVDM,1,1,,,KleGo=P;PGCVa0E0,0*7D
\s:66,c:1782377505*11\!AIVDM,1,1,,,13osc@00jiEc>R2?HSBs5`qH0@IQ,0*30
\s:66,c:1782377508*1C\!AIVDM,1,1,,,C>l9juP01UWkngPF:8aRgwo1kkaUSQccQ111111111hd0000002P,0*30
\s:66,c:1782377508*1C\!AIVDM,1,1,,,B>l9juP01UWkngPF:8aRgwo4SP06,0*09
\s:66,c:1782377506*12\!AIVDM,1,1,,,19NSok00R7OoJ`;vC0SqNWQB08Hs,0*3C
\s:66,c:1782377505*11\!AIVDM,1,1,,,KnK35cADnLRQ10<l,0*19
\s:66,c:1782377504*10\!AIVDM,1,1,,,15CnO@00217qHE=k@<L=?baB0<01,0*21
\s:66,c:1782377509*1D\!AIVDM,1,1,,,KrU8bBd>aSO=70QD,0*1B
\s:66,c:1782377504*10\!AIVDM,1,1,,,14aU:`0000smWI`3kaff46CD253<,0*58
\s:66,c:1782377507*13\!AIVDM,1,1,,,KpHwHA<3km@6FPOt,0*38
\s:66,c:1782377508*1C\!AIVDM,1,1,,,KmNDM>0<dVR8V0:@,0*70
\s:66,c:1782377494*18\!AIVDM,1,1,,,KpKh8>0F@4Lag048,0*0D
\s:66,c:1782377503*17\!AIVDM,1,1,,,177j3=0wC5kkBQ6FDIaSTBqD0@Hw,0*33
\s:66,c:1782377509*1D\!AIVDM,1,1,,,15N:IS7018o4e8nJw7ocsacP0<09,0*49
\s:66,c:1782377510*15\!AIVDM,1,1,,,15N:IS7018o4e8nJw7ocsacP0<09,0*49
\s:66,c:1782377508*1C\!AIVDM,1,1,,,KomFBiiD17wUl54l,0*4B
\s:66,c:1782377508*1C\!AIVDM,1,1,,,38ID?b1000IsqpR5bP500Pv`0Dg:,0*09
\s:66,c:1782377505*11\!AIVDM,1,1,,,Kn9D<6>PEceMoT60,0*68
\s:66,c:1782377501*15\!AIVDM,1,1,,,KnK3WP042@vMeaED,0*75
\s:66,c:1782377503*17\!AIVDM,1,1,,,Kn9D<6>PEceMoT60,0*68
\s:66,c:1782377494*18\!AIVDM,1,1,,,KqNSd?P=RohwAWjD,0*6C
\s:66,c:1782377502*16\!AIVDM,1,1,,,1599c9O002pRO?0:ql9T0U?008DT,0*1E
\s:66,c:1782377501*15\!AIVDM,1,1,,,KpI6?u0OKt23b0?l,0*29
\s:66,c:1782377501*15\!AIVDM,1,1,,,KqNShjP?F3QMP5;@,0*5A
\s:66,c:1782377501*15\!AIVDM,1,1,,,KpI6?u0OKt23b0?l,0*29
\s:66,c:1782377509*1D\!AIVDM,1,1,,,KpRFLK8ONm0e?0F<,0*3B
\s:66,c:1782377505*11\!AIVDM,1,1,,,KmMvk5d;eN2I>0Ot,0*1E
\s:66,c:1782377500*14\!AIVDM,1,1,,,3815L4@PA6<dOlua>i:uL9i:00sh,0*3D
\s:66,c:1782377504*10\!AIVDM,1,1,,,17`B2qPP00dQ2Osbq44N4?wD253<,0*56
\s:66,c:1782377506*12\!AIVDM,1,1,,,KmMvk5d;eN2I>0Ot,0*1E
\s:66,c:1782377506*12\!AIVDM,1,1,,,ENkb;6I70h@@@@@@@@@@@@@@@@@;TTGc;B1EP00003vP000,2*6B
\s:66,c:1782377504*10\!AIVDM,1,1,,,Knq`R5ABMlQl7P3`,0*1F
\s:66,c:1782377504*10\!AIVDM,1,1,,,Kn12w621KiQTd0>8,0*76
\s:66,c:1782377509*1D\!AIVDM,1,1,,,KpRFLK8ONm0e?0F<,0*3B
\s:66,c:1782377510*15\!AIVDM,1,1,,,14eGMm@P00ndo4tOwg5cSwwL00Rb,0*73
\s:66,c:1782377502*16\!AIVDM,1,1,,,1771Dn021UO=8SUeWO4l3SA@08G2,0*5E
\s:66,c:1782377493*1F\!AIVDM,1,1,,,KkcpkD8@58k1fPC<,0*1D
\s:66,c:1782377496*1A\!AIVDM,1,1,,,KkmH67<0Bcl@M1id,0*13
\s:66,c:1782377501*15\!AIVDM,1,1,,,KkE`r8`?VP2s34>8,0*31
\s:66,c:1782377506*12\!AIVDM,1,1,,,KkcpDn1@Dr3@;0DT,0*51
\s:66,c:1782377501*15\!AIVDM,1,1,,,KkE`r8`?VP2s34>8,0*31
\s:66,c:1782377504*10\!AIVDM,1,1,,,39NSt000ijvgrcd6JpregK9B0Bu=,0*25
\s:66,c:1782377508*1C\!AIVDM,1,1,,,KmMv8N=KPJkEQ0:d,0*71
\s:66,c:1782377500*14\!AIVDM,1,1,,,H7`BI`Q=J1=Dq8U<D0000000000,2*1B
\s:66,c:1782377506*12\!AIVDM,1,1,,,KmMv8N=KPJkEQ0:d,0*71
\s:66,c:1782377506*12\!AIVDM,1,1,,,KlhF>a0?pEOjL58D,0*2B
\s:66,c:1782377504*10\!AIVDM,1,1,,,KoldLMt4Ad?r>06l,0*36
\s:66,c:1782377501*15\!AIVDM,1,1,,,H6<g;wi<QDr1<PDpN0pvs?WP000,2*54
\s:66,c:1782377504*10\!AIVDM,1,1,,,KlhF>a0?pEOjL58D,0*2B
\s:66,c:1782377507*13\!AIVDM,1,1,,,18I2m=0rBKM3agCk3TIQViGJ00RW,0*16
\s:66,c:1782377510*15\!AIVDM,1,1,,,16;1WL0wij1NHBAcvOcr8`3D08L=,0*1C
\s:66,c:1782377491*1D\!AIVDM,1,1,,,KkaRsTi@FBBwl0>8,0*11
\s:66,c:1782377499*15\!AIVDM,1,1,,,KkaGEn009N3it3>`,0*7E
\s:66,c:1782377506*12\!AIVDM,1,1,,,KkLL241vGnkLTP4T,0*6C
\s:66,c:1782377506*12\!AIVDM,1,1,,,KkEc;a?wiARc?0Ot,0*5E
\s:66,c:1782377504*10\!AIVDM,1,1,,,177<vt001V<E6<UaGU5dprK:0D00,0*0C
\s:66,c:1782377506*12\!AIVDM,1,1,,,15OFO00P00oRo08CDf`>4?wB0d2<,0*74
\s:66,c:1782377505*11\!AIVDM,1,1,,,KmR7Th1DiaRMfP0`,0*1C
\s:66,c:1782377510*15\!AIVDM,1,1,,,140UDn001o2t1PcfP=hRMimF00Rh,0*33
\s:66,c:1782377510*15\!AIVDM,1,1,,,13F?jd7P0F2d>1Cg>cWB<?wL0@KO,0*7A
\s:66,c:1782377501*15\!AIVDM,1,1,,,KkbocF80lhDgfV1d,0*25
\s:66,c:1782377511*14\!AIVDM,1,1,,,Kkn1iC9@ED4bK0Ep,0*52
\s:66,c:1782377504*10\!AIVDM,1,1,,,KkGQPIJOIsj5O0=p,0*1A
\s:66,c:1782377510*15\!AIVDM,1,1,,,H7`B;7DNCD369R7J=jokk00h:510,0*76
\s:66,c:1782377506*12\!AIVDM,1,1,,,KmN6nV1r61SurPcH,0*6A
\s:66,c:1782377508*1C\!AIVDM,1,1,,,KmAAt003u??p@58P,0*1E
\s:66,c:1782377506*12\!AIVDM,1,1,,,16TIQ8?00icijPEuQJ<UkTcB2@Ip,0*65
\s:66,c:1782377503*17\!AIVDM,1,1,,,Ks@ddjL=iPuWKPOt,0*3F
\s:66,c:1782377501*15\!AIVDM,1,1,,,H1V2krA<S3336oF222222222220,2*61
\s:66,c:1782377494*18\!AIVDM,1,1,,,18I9=k021TJ<6A?sVBIUL4O000S8,0*06
\s:66,c:1782377508*1C\!AIVDM,1,1,,,C1Mk2Qh0A=vwh1uauuesSwdpPBL?0`2C0TNL?1iSiKd6?081110W,0*1D
\s:66,c:1782377509*1D\!AIVDM,1,1,,,C69@6nP0=mqWEhMgLWliwwv0TNL>@:L?gi1111111110?0Ps000P,0*58
\s:66,c:1782377509*1D\!AIVDM,1,1,,,19NSiaP02?GugOj=Nt44kSiB08Id,0*56
\s:66,c:1782377499*15\!AIVDM,1,1,,,KqNSM0@05KCkL0f`,0*61
\s:66,c:1782377504*10\!AIVDM,1,1,,,Kk`h3nI@9lCiJ05d,0*4F
\s:66,c:1782377511*14\!AIVDM,1,1,,,KkSev9<0RuS?:T?T,0*7C
\s:66,c:1782377505*11\!AIVDM,1,1,,,KmNUiA;<S1R:tR3p,0*1A
\s:66,c:1782377506*12\!AIVDM,1,1,,,177jJa01BIFlU6f7TLQbe8QB0HI4,0*65
\s:66,c:1782377510*15\!AIVDM,1,1,,,352W640PAHlaBdNPs1hQcAIR01oP,0*26
\s:66,c:1782377504*10\!AIVDM,1,1,,,Kl4spA5F`>6bTOwv,0*55
\s:66,c:1782377504*10\!AIVDM,1,1,,,KmMnW98<vkj2o0Dt,0*22
\s:66,c:1782377502*16\!AIVDM,1,1,,,KrU7Ws?v=tf1uP?P,0*05
\s:66,c:1782377510*15\!AIVDM,1,1,,,Kp15SBh1L;Mk>UTL,0*32
\s:66,c:1782377500*14\!AIVDM,1,1,,,15?dRght1jL?N42:odaq87C>053<,0*28
\s:66,c:1782377496*1A\!AIVDM,1,1,,,KqNSVRh?gWkLEW1d,0*43
\s:66,c:1782377504*10\!AIVDM,1,1,,,KqNSQu`?4lCP8V?T,0*75
\s:66,c:1782377511*14\!AIVDM,1,1,,,KkIppA0>3fCE9U7L,0*05
\s:66,c:1782377511*14\!AIVDM,1,1,,,Kkku9m1@7UShN04p,0*1F
\s:66,c:1782377500*14\!AIVDM,1,1,,,15R:DR000s<QNFWc`23naUM80<04,0*49
\s:66,c:1782377510*15\!AIVDM,1,1,,,17`as@0Ohn<:`=g`AVopS6WR0@LA,0*63
\s:66,c:1782377503*17\!AIVDM,1,1,,,KmOE41P;QGBi30A4,0*6E
\s:66,c:1782377505*11\!AIVDM,1,1,,,16;AnP0uj1TcG:ghUPEBdR;808F:,0*3C
\s:66,c:1782377507*13\!AIVDM,1,1,,,Kq@>jjOj0e1tK0A`,0*4C
\s:66,c:1782377509*1D\!AIVDM,1,1,,,KkaLmCP0P;f<oW:4,0*23
\s:66,c:1782377509*1D\!AIVDM,1,1,,,18I<H9002mOfQSorfjfLfJ:t0D01,0*32
\s:66,c:1782377504*10\!AIVDM,1,1,,,403Ow9Qvad`kaqfs>RJc:6w02HH9,0*78
\s:66,c:1782377510*15\!AIVDM,1,1,,,15Thhp0022lrEKDNVm@s8pk6053<,0*4A
\s:66,c:1782377501*15\!AIVDM,1,1,,,Kk3t:D04C<fUqV=0,0*1C
\s:66,c:1782377501*15\!AIVDM,1,1,,,16;AnP0uj1TcG:ghUPEBdR;808F:,0*3C
\s:66,c:1782377504*10\!AIVDM,1,1,,,19NSCqPwAF66<Ven3k?RIQs200RO,0*70
\s:66,c:1782377504*10\!AIVDM,1,1,,,KmN`f10=r`@UbP6H,0*7E
\s:66,c:1782377511*14\!AIVDM,1,1,,,15N`f10008KsP9D4VB3SFBSN0@L>,0*5C
\s:66,c:1782377511*14\!AIVDM,1,1,,,Km?diPhM:f@ApP=P,0*16
\s:66,c:1782377501*15\!AIVDM,1,1,,,19NSS10P00Nv@4>5Wvb7sOw:28FI,0*37
\s:66,c:1782377508*1C\!AIVDM,1,1,,,3819@WiP@4EL9M;oKbwt?BKH0D`b,0*35
\s:66,c:1782377507*13\!AIVDM,1,1,,,K9NSONP2uBPJmW5D,0*0D
\s:66,c:1782377504*10\!AIVDM,1,1,,,H4eJW7lNC=D6aTp00000000P7120,0*6B
\s:66,c:1782377503*17\!AIVDM,1,1,,,KqNS>eP=jM=TKTBP,0*35
\s:66,c:1782377508*1C\!AIVDM,1,1,,,Kk9E@@1M;;O7Q0>L,0*2C
\s:66,c:1782377508*1C\!AIVDM,1,1,,,39NSs8@01LIj`Ecw:BR5TD=J0D2=,0*27
\s:66,c:1782377505*11\!AIVDM,1,1,,,KnK2ce@51DBP?VS@,0*55
\s:66,c:1782377509*1D\!AIVDM,1,1,,,15O?08P01FM4Wimk4?L7iVIP08L<,0*63
\s:66,c:1782377510*15\!AIVDM,1,1,,,1815J@Pv1`PIGEke?ir;>`m@0L09,0*1B
\s:66,c:1782377504*10\!AIVDM,1,1,,,KsS?:4<=PW0i8POt,0*31
\s:66,c:1782377509*1D\!AIVDM,1,1,,,Kkl3oI8<MiAWJ6<l,0*24
\s:66,c:1782377493*1F\!AIVDM,1,1,,,Kk@ofCI@Hf4=@PB0,0*01
\s:66,c:1782377496*1A\!AIVDM,1,1,,,KkIrI98wqwkTmPD@,0*43
\s:66,c:1782377499*15\!AIVDM,1,1,,,KkcdVR>hCRBn>07d,0*72
\s:66,c:1782377504*10\!AIVDM,1,1,,,Kko2?N00EFTaS08`,0*66
\s:66,c:1782377506*12\!AIVDM,1,1,,,Kkm9nKP0?EDTSTkt,0*24
\s:66,c:1782377511*14\!AIVDM,1,1,,,K3:l:N<?S1RK<Vcd,0*28
\s:66,c:1782377502*16\!AIVDM,1,1,,,17`B06hP1wdP54ebrueCPww>253<,0*4E
\s:66,c:1782377507*13\!AIVDM,1,1,,,34eUlJ5P00FO?G2WflAdmgwF2DfJ,0*49
\s:66,c:1782377507*13\!AIVDM,1,1,,,Km2QuIp:5dTdQ45D,0*21
\s:66,c:1782377503*17\!AIVDM,1,1,,,KkMA@P1MicMVSPB<,0*4B
\s:66,c:1782377503*17\!AIVDM,1,1,,,14QEEH001@lRTB>Ogv`:VpIB0HH4,0*31
\s:66,c:1782377504*10\!AIVDM,1,1,,,15>ug`0vRGJBvV>6uJOG7mQ800SR,0*59
\s:66,c:1782377505*11\!AIVDM,1,1,,,38un59?P0j1;bnse0<J6uwwH21L1,0*6D
\s:66,c:1782377501*15\!AIVDM,1,1,,,13ku8Q@uBp84C7sg?j`6FU5400SC,0*78
\s:66,c:1782377509*1D\!AIVDM,1,1,,,15RstD001iMNLJAn2lFQ8PuNPD01,0*0F
\s:66,c:1782377509*1D\!AIVDM,1,1,,,3593TShqQGp<3w<>VQ5c3paB0P00,0*38
\s:66,c:1782377499*15\!AIVDM,1,1,,,KlSBU01@RL42@P=T,0*24
\s:66,c:1782377499*15\!AIVDM,1,1,,,KqNSJ80?d=CEnUe8,0*04
\s:66,c:1782377504*10\!AIVDM,1,1,,,K8I5Vt0E;mw470<8,0*29
\s:66,c:1782377507*13\!AIVDM,1,1,,,KkedQT02Sd1KUU4T,0*6C
\s:66,c:1782377506*12\!AIVDM,1,1,,,Km?dh?P0KsOW?cVp,0*77
\s:66,c:1782377505*11\!AIVDM,1,1,,,KnK37J@4pGBOFPEP,0*0A
\s:66,c:1782377505*11\!AIVDM,1,1,,,Kp15Et@5;1Rcv00T,0*05
\s:66,c:1782377494*18\!AIVDM,1,1,,,KlpWHm<=KqAFE0B@,0*09
\s:66,c:1782377509*1D\!AIVDM,1,1,,,Ko7nR1@4;Qi`6Rwt,0*09
\s:66,c:1782377509*1D\!AIVDM,1,1,,,KkedQT02Sd1KUU4T,0*6C
\s:66,c:1782377504*10\!AIVDM,1,1,,,KkMCj<@?wt3iKP0t,0*66
\s:66,c:1782377501*15\!AIVDM,1,1,,,83BK2`00G@21A121e1B1K12M,0*62
\s:66,c:1782377507*13\!AIVDM,1,1,,,KqNSiA8><nAKt6`0,0*24
\s:66,c:1782377503*17\!AIVDM,1,1,,,KmSUDh0<0dAOF8Bh,0*69
\s:66,c:1782377505*11\!AIVDM,1,1,,,Kl`Uu5P<cLQn;4Vd,0*74
\s:66,c:1782377504*10\!AIVDM,1,1,,,KoOddA0E;vw3QP;L,0*47
\g:1-2-5199767,s:66,c:1782377504*50\!AIVDM,2,1,7,,58?OAop1sn>E39KGS?IAE<dE800000000000000l1hC475O;j:D1l3k@,0*40
\g:2-2-5199767*6F\!AIVDM,2,2,7,,000000000000000,2*62
\s:66,c:1782377506*12\!AIVDM,1,1,,,19NSK6h0A;Ouh1l2mT29G7MF0D09,0*24
\s:66,c:1782377509*1D\!AIVDM,1,1,,,Km?dTb00ES0@fP9D,0*01
\s:66,c:1782377508*1C\!AIVDM,1,1,,,Kp?O?;AU>:wI4P8D,0*1E
\s:66,c:1782377502*16\!AIVDM,1,1,,,3815OS031buBk@1gcCVDR3c>0000,0*60
\s:66,c:1782377504*10\!AIVDM,1,1,,,18I9lo0022M:J0ElD>4HD6gF08Hq,0*5D
\s:66,c:1782377507*13\!AIVDM,1,1,,,18I4F5012EMtugQt1vUE:l=H0@J:,0*6C
\s:66,c:1782377509*1D\!AIVDM,1,1,,,13aPOQ@018t07dR4=OjUgTEF0<05,0*36
\s:66,c:1782377509*1D\!AIVDM,1,1,,,KqNSiA8><nAKt6`0,0*24
\s:66,c:1782377497*1B\!AIVDM,1,1,,,KlRpRV8AjDB:uPC@,0*6F
\s:66,c:1782377507*13\!AIVDM,1,1,,,KkltdV0<6aAAM9`0,0*12
\s:66,c:1782377502*16\!AIVDM,1,1,,,KkltdV0<6aAAM9`0,0*12
\s:66,c:1782377509*1D\!AIVDM,1,1,,,KmSUDh0<0dAOF8Bh,0*69
\s:66,c:1782377507*13\!AIVDM,1,1,,,KkEl`J=wH2AQuPOt,0*7A
\s:66,c:1782377509*1D\!AIVDM,1,1,,,KkEWp0;wppj`M000,0*2E
\s:66,c:1782377509*1D\!AIVDM,1,1,,,19N`2o0vjgLgBhN>:1HsuqUN053<,0*03
\s:66,c:1782377504*10\!AIVDM,1,1,,,Kl`UtkL331h@16Bt,0*0E
\s:66,c:1782377504*10\!AIVDM,1,1,,,Kp15bCiDA`NOH02H,0*76
\s:66,c:1782377508*1C\!AIVDM,1,1,,,Kolj=4d4NG?joP=d,0*26
\s:66,c:1782377504*10\!AIVDM,1,1,,,KmN3co9MC937l0DD,0*66
\s:66,c:1782377509*1D\!AIVDM,1,1,,,169L1f@P00<hfMQmWeD@kgwN0@34,0*65
\s:66,c:1782377503*17\!AIVDM,1,1,,,Ks@8Sv2=ov>PHRV`,0*56
\s:66,c:1782377503*17\!AIVDM,1,1,,,1815B4hu1bl:`PbJmdpl5SC208Er,0*21
\s:66,c:1782377503*17\!AIVDM,1,1,,,15NBna501LDJiK:OTGiW9Ug>053<,0*53
\s:66,c:1782377503*17\!AIVDM,1,1,,,15MhEHPOh5lD7N@OIHoiKTC@053<,0*46
\s:66,c:1782377507*13\!AIVDM,1,1,,,35MhEHPOh5lD7NDOIHpAPDEF01u@,0*42
\g:1-2-5199768,s:66,c:1782377508*53\!AIVDM,2,1,8,,58HuHH82EEGkUKG;WJ0du@610Dh4pLV222222216>;IT<5e;0PT1@k38,0*4E
\g:2-2-5199768*60\!AIVDM,2,2,8,,888888888888880,2*6D
\s:66,c:1782377504*10\!AIVDM,1,1,,,Kp15bCiDA`NOH02H,0*76
\s:66,c:1782377503*17\!AIVDM,1,1,,,34aMBf5000QDFMedV=ub2o5>2DKJ,0*2F
\s:66,c:1782377506*12\!AIVDM,1,1,,,C1;AKtP04qL8c2KPqGjU3wP0HfjkUiiKiUKkS;11111000000020,0*20
\s:66,c:1782377507*13\!AIVDM,1,1,,,K8K?JN03unAEK4lD,0*2F
\s:66,c:1782377502*16\!AIVDM,1,1,,,16TUFt?OhEnS3H@2>oDV?lpr08C;,0*58
\s:66,c:1782377491*1D\!AIVDM,1,1,,,KkaRrnQ@=9CpBPOt,0*67
\s:66,c:1782377496*1A\!AIVDM,1,1,,,Kk9nwqd0=ESp?2P<,0*78
\s:66,c:1782377496*1A\!AIVDM,1,1,,,KkutWv8?JnSbB`hh,0*57
\s:66,c:1782377499*15\!AIVDM,1,1,,,KltT@@9ND6TLW0>`,0*44
\s:66,c:1782377499*15\!AIVDM,1,1,,,Kk3pB>e@<@3g<0:L,0*0F
\s:66,c:1782377508*1C\!AIVDM,1,1,,,KkIEI65Op9SOk0C8,0*3B
\s:66,c:1782377508*1C\!AIVDM,1,1,,,KmNVk?c<bdjFWR2@,0*0F
\s:66,c:1782377503*17\!AIVDM,1,1,,,Kl`?2r8;4lD5I:00,0*06
\s:66,c:1782377505*11\!AIVDM,1,1,,,14RjJJ0PAIDoPAD<JNeC;jO@0@Hq,0*45
\s:66,c:1782377503*17\!AIVDM,1,1,,,Kqjl:i7h>lhCISV4,0*56
\s:66,c:1782377504*10\!AIVDM,1,1,,,Kl`?2r8;4lD5I:00,0*06
\s:66,c:1782377507*13\!AIVDM,1,1,,,14eI9Rh023G:M=`L7bCDJSOF0@J<,0*19
\s:66,c:1782377507*13\!AIVDM,1,1,,,Kl`?2r8;4lD5I:00,0*06
\s:66,c:1782377504*10\!AIVDM,1,1,,,19NSpJ@wReJB5Rms21WmT4Q@0<03,0*7E
\s:66,c:1782377505*11\!AIVDM,1,1,,,338iW00vibPfTBGdcp2K6HiF20lA,0*0B
\s:66,c:1782377501*15\!AIVDM,1,1,,,H69>dCA@4V0S0pN3H0000000000,2*4E
\s:66,c:1782377503*17\!AIVDM,1,1,,,1815Mw0vPN1CAoOdUf4ii1C40D1J,0*31
\s:66,c:1782377508*1C\!AIVDM,1,1,,,C69L1EP05UwG30Meniackwv0TNL?0@:L?1Sk11111110?0t:1QPP,0*2E
\s:66,c:1782377501*15\!AIVDM,1,1,,,13VgM<0wB8Nd1dv;<Ukh4h5@00S6,0*0C
\s:66,c:1782377493*1F\!AIVDM,1,1,,,Kkn0bV=@LkTnP0Ot,0*16
\s:66,c:1782377506*12\!AIVDM,1,1,,,I>CQm0AosWM51tmDlWIgJMJwB4mU,0*20
\s:66,c:1782377503*17\!AIVDM,1,1,,,KleHEHssOq3VO0St,0*63
\s:66,c:1782377509*1D\!AIVDM,1,1,,,15NUPF`P00GRoKvCDdReP?wL0<2P,0*77
\s:66,c:1782377508*1C\!AIVDM,1,1,,,16TN2<?P0lns57R1a5@7DOwF2<6Q,0*4B
\s:66,c:1782377507*13\!AIVDM,1,1,,,Km?tGL9Awdiiv01l,0*71
\s:66,c:1782377503*17\!AIVDM,1,1,,,Kk8D@600FhP8`3ht,0*44
\s:66,c:1782377509*1D\!AIVDM,1,1,,,19NSdrP02fOujdN2ierIHoMH053<,0*07
\s:66,c:1782377509*1D\!AIVDM,1,1,,,18RFoi80020pd`7sqAaiJ3KH053<,0*3E
\s:66,c:1782377505*11\!AIVDM,1,1,,,Kn:BOb04P@RKnUc8,0*7A
\s:66,c:1782377494*18\!AIVDM,1,1,,,19NSV0P02dJiN=R7TiWQ>A96053<,0*56
\s:66,c:1782377500*14\!AIVDM,1,1,,,KmO11f0=s<0U:0B0,0*37
\s:66,c:1782377504*10\!AIVDM,1,1,,,3:U8qQ`P00LlqmivPRIkvOwB00ek,0*12
\s:66,c:1782377511*14\!AIVDM,1,1,,,KrpDpO<=>rhhe0Ad,0*68
\s:66,c:1782377511*14\!AIVDM,1,1,,,15O11f0004KtV:B4RESrwRmT0<0<,0*41
\s:66,c:1782377499*15\!AIVDM,1,1,,,Km5VWpQ@Dqk@;PD@,0*65
\s:66,c:1782377506*12\!AIVDM,1,1,,,KkkuEr0?tGCcU4gt,0*00
\s:66,c:1782377503*17\!AIVDM,1,1,,,D03OwphgqN>4eHffpfpNfp0,2*73
\s:66,c:1782377509*1D\!AIVDM,1,1,,,19NSfdh22iE@>P<JPP<rnpaH08KK,0*1D
\s:66,c:1782377509*1D\!AIVDM,1,1,,,15NW2SP02lET:4p>n;?2cB9L08Kh,0*53
\s:66,c:1782377508*1C\!AIVDM,1,1,,,B7Oerq00<=G6pAMe9rREKwnUoP06,0*30
\s:66,c:1782377510*15\!AIVDM,1,1,,,Km3<@v8K6qD>RP;@,0*4F
\s:66,c:1782377509*1D\!AIVDM,1,1,,,H6<fnlDN00`000027lhjk01H:228,0*60
\s:66,c:1782377508*1C\!AIVDM,1,1,,,1;Djhl0P01rmr:UnAJC>4?wJ28Jg,0*2D
\s:66,c:1782377505*11\!AIVDM,1,1,,,KotCqp04VdB<:6?`,0*6E
\s:66,c:1782377501*15\!AIVDM,1,1,,,C=@oM@P00iTBuwsVRJ000dv0`2B@NL?iKi1ik:00000000@10Q2P,0*64
\s:66,c:1782377503*17\!AIVDM,1,1,,,19NS?R002I2S?NAeQqUjbj5>0HG?,0*4C
\s:66,c:1782377503*17\!AIVDM,1,1,,,15Trad0uAP1KE<EcpcdShk3@0@GL,0*1E
\s:66,c:1782377500*14\!AIVDM,1,1,,,1:u0LT@000r@bM=vM@;n;JO:2D0D,0*49
\s:66,c:1782377507*13\!AIVDM,1,1,,,KpI1738LJti`>0?`,0*32
\s:66,c:1782377507*13\!AIVDM,1,1,,,KpSQwldSsIAKUPBl,0*69
\s:66,c:1782377493*1F\!AIVDM,1,1,,,KkI7Veeh813:URAd,0*25
\s:66,c:1782377510*15\!AIVDM,1,1,,,17`BMpP000<I;Ru`Hu7FsSOH053<,0*76
\s:66,c:1782377509*1D\!AIVDM,1,1,,,Km?da0`9p5Svk55H,0*51
\s:66,c:1782377507*13\!AIVDM,1,1,,,KmQPTb1Bv3PLfPA8,0*13
\s:66,c:1782377507*13\!AIVDM,1,1,,,15O<VsUOiCnOn9:P92udprGH0l03,0*51
\s:66,c:1782377504*10\!AIVDM,1,1,,,K7lj;Nt3r3?bKT7<,0*27
\s:66,c:1782377508*1C\!AIVDM,1,1,,,169D;;?Oh6JLVVslmh6sJ4cJ0D05,0*4C
\s:66,c:1782377500*14\!AIVDM,1,1,,,KrpDpHP=>vPhi02l,0*48
\s:66,c:1782377509*1D\!AIVDM,1,1,,,Kn:JIm03v3AThPB0,0*0F
\s:66,c:1782377507*13\!AIVDM,1,1,,,KrpDpHP=>vPhi02l,0*48
\s:66,c:1782377507*13\!AIVDM,1,1,,,Km94;hPtVriHO0Et,0*70
\s:66,c:1782377496*1A\!AIVDM,1,1,,,Kk3sgDe@6OkgePOt,0*7A
\s:66,c:1782377508*1C\!AIVDM,1,1,,,Kkku9haObb2mQPCH,0*73
\s:66,c:1782377507*13\!AIVDM,1,1,,,Kkku9haObb2mQPCH,0*73
\s:66,c:1782377505*11\!AIVDM,1,1,,,KmNcs;5KcdjMRP?l,0*2B
\s:66,c:1782377505*11\!AIVDM,1,1,,,KmN07g8<bhR=80<0,0*0A
\s:66,c:1782377506*12\!AIVDM,1,1,,,KmNcs;5KcdjMRP?l,0*2B
\s:66,c:1782377505*11\!AIVDM,1,1,,,16SliT0Oh7DH44D1LktA9:K>0@Hi,0*0E
\s:66,c:1782377508*1C\!AIVDM,1,1,,,14hQMj7000ECDSSmujLscouH00Sf,0*70
\s:66,c:1782377508*1C\!AIVDM,1,1,,,B6<fj5@0:537w2w1awTwgwp53P06,0*6B
\s:66,c:1782377504*10\!AIVDM,1,1,,,15NU470000o?sPbKLpQ<n:A>08GP,0*44
\s:66,c:1782377508*1C\!AIVDM,1,1,,,KmUGE`0ENaNLd010,0*7B
\s:66,c:1782377504*10\!AIVDM,1,1,,,14eIahWP2UsJtKpJiuhbegwB2D02,0*4E
\s:66,c:1782377504*10\!AIVDM,1,1,,,KsDjmsdM1P?bT0C0,0*6D
\s:66,c:1782377508*1C\!AIVDM,1,1,,,KmU@cn0=2v0eK45@,0*4F
\s:66,c:1782377508*1C\!AIVDM,1,1,,,KkIII29OMQknB0S@,0*32
\s:66,c:1782377507*13\!AIVDM,1,1,,,Km?VpL<@2s0LNPOt,0*70
\s:66,c:1782377505*11\!AIVDM,1,1,,,19NSg=@02CFsVl:;6rBs;Hs00<00,0*6E
\s:66,c:1782377508*1C\!AIVDM,1,1,,,B3HmGJ003MObiaNfGbk1kwo5oP06,0*4D
\s:66,c:1782377506*12\!AIVDM,1,1,,,15?dW:@01U0oq==rAGW62lln08I2,0*55
\s:66,c:1782377506*12\!AIVDM,1,1,,,Km?VpL<@2s0LNPOt,0*70
\s:66,c:1782377508*1C\!AIVDM,1,1,,,KoOn:?1DA`fODP7P,0*69
\s:66,c:1782377506*12\!AIVDM,1,1,,,17h=LT?P0IdUGA9nPUg`jwwF253<,0*7C
\s:66,c:1782377506*12\!AIVDM,1,1,,,169L0cgP@ICI?@SvFqRs9HAF1h?t,0*5A
\s:66,c:1782377505*11\!AIVDM,1,1,,,KklW1p04ff1F:7lt,0*5B
\s:66,c:1782377502*16\!AIVDM,1,1,,,14``wM3P02LquHEi??D@3Ow@08Gs,0*66
\s:66,c:1782377504*10\!AIVDM,1,1,,,13Imp50w2?NLj4Qfdh?cAa3D053<,0*28
\s:66,c:1782377507*13\!AIVDM,1,1,,,18HwfH3002Lum>1iqk9<j5qH0<16,0*3E
\s:66,c:1782377511*14\!AIVDM,1,1,,,33IoJ80OiKKVKMj977V@5@;N01q0,0*70
\s:66,c:1782377509*1D\!AIVDM,1,1,,,15NEM5P01rom5e<>P@=<MawB053<,0*61
\s:66,c:1782377509*1D\!AIVDM,1,1,,,19NSO9P01mIHBCN77hh;TqAJ0L09,0*16
\s:66,c:1782377493*1F\!AIVDM,1,1,,,Kkmj2b1Os<l;l0=T,0*43
\s:66,c:1782377496*1A\!AIVDM,1,1,,,KkIM:30?i<3NL3bp,0*00
\s:66,c:1782377506*12\!AIVDM,1,1,,,Kkm<e`a@O14q8PEl,0*48
\s:66,c:1782377505*11\!AIVDM,1,1,,,KmNOBv9LPrR;KPA@,0*50
\s:66,c:1782377506*12\!AIVDM,1,1,,,15NV6DPOiTGRnu4CCg25DDEJ0D2@,0*78
\s:66,c:1782377502*16\!AIVDM,1,1,,,KqAF37@1;lRB?R<4,0*0D
\s:66,c:1782377504*10\!AIVDM,1,1,,,16T71R0OhGcdNGguc4Kl>3o83hG1,0*2B
\s:66,c:1782377507*13\!AIVDM,1,1,,,KmR1uH02ElgE98eh,0*1A
\s:66,c:1782377506*12\!AIVDM,1,1,,,Ko7;q10?sD?FQ6DD,0*29
\s:66,c:1782377507*13\!AIVDM,1,1,,,144`bHR003Of:m8h?hQ@VWoD00Rn,0*03
\s:66,c:1782377507*13\!AIVDM,1,1,,,14eGDW0000naIfDO19K3=h?F0@Iw,0*6A
\s:66,c:1782377503*17\!AIVDM,1,1,,,K815Dh1Mib=Vs08t,0*2F
\s:66,c:1782377503*17\!AIVDM,1,1,,,15R7Lt002WEp1MLHmt;DB3K>0<09,0*71
\s:66,c:1782377504*10\!AIVDM,1,1,,,3:pDq3H001JUS6v5I?3IV`;D036Q,0*79
\s:66,c:1782377507*13\!AIVDM,1,1,,,Ko7;q10?sD?FQ6DD,0*29
\s:66,c:1782377504*10\!AIVDM,1,1,,,K7P@l@=DDCeKjPOt,0*76
\s:66,c:1782377504*10\!AIVDM,1,1,,,14SQqN002<tVVqAhh`KopVIB2HIl,0*23
\s:66,c:1782377507*13\!AIVDM,1,1,,,Ko7;q10?sD?FQ6DD,0*29
\s:66,c:1782377504*10\!AIVDM,1,1,,,1:pDq:@004rB>Ul5G<HSm0mF0@IM,0*07
\s:66,c:1782377509*1D\!AIVDM,1,1,,,3:U759@00eL2leSuuv41W1AF20;C,0*69
\g:1-2-5199769,s:66,c:1782377509*53\!AIVDM,2,1,9,,5:U759H000010w;COD0<58LThj1AD=Dp58D0000l`8<DI5e60:4hCU0D,0*49
\g:2-2-5199769*61\!AIVDM,2,2,9,,QC@000000000000,2*0E
\s:66,c:1782377497*1B\!AIVDM,1,1,,,KqAF37@1;lRB?R<4,0*0D
\s:66,c:1782377507*13\!AIVDM,1,1,,,KmNOBv9LPrR;KPA@,0*50
\s:66,c:1782377507*13\!AIVDM,1,1,,,KlhIO`9M4@1rIP68,0*1A
\s:66,c:1782377502*16\!AIVDM,1,1,,,14h?5>0021I3CM`=?BKpFFU60HF6,0*39
\s:66,c:1782377499*15\!AIVDM,1,1,,,Kl0Uv:a@AjkO501L,0*3F
\s:66,c:1782377496*1A\!AIVDM,1,1,,,Kkcq8J20G4S>eR0<,0*00
\s:66,c:1782377508*1C\!AIVDM,1,1,,,Km43HD:wc>kB36e@,0*53
\s:66,c:1782377511*14\!AIVDM,1,1,,,Kklrw>9@2qS0b05d,0*4A
\s:66,c:1782377504*10\!AIVDM,1,1,,,18L?wB001Bvf9JL8K6vFu5M:08Hm,0*1B
\s:66,c:1782377508*1C\!AIVDM,1,1,,,Km96Wnh<KA1fA4P0,0*6B
\s:66,c:1782377500*14\!AIVDM,1,1,,,37`BHU0003<P5K7`H@OELrw<00n@,0*43
\s:66,c:1782377504*10\!AIVDM,1,1,,,1815KB@2iBFgUicT>mF3t3=B08I=,0*72
\s:66,c:1782377504*10\!AIVDM,1,1,,,Kn:=EMP5<R0pqUlL,0*02
\s:66,c:1782377504*10\!AIVDM,1,1,,,KnBiJC01w0QpVTiP,0*3C
\s:66,c:1782377509*1D\!AIVDM,1,1,,,35V=uf00000pVAEsubWrhFS20BGe,0*55
\s:66,c:1782377501*15\!AIVDM,1,1,,,14eGCKP000npJ;>M1@jL:Ew>0@Ft,0*17
\s:66,c:1782377504*10\!AIVDM,1,1,,,B>lEwl@031TUN4t69pms7wm4SP06,0*29
\s:66,c:1782377510*15\!AIVDM,1,1,,,19NSnJh0Qa2V;mgiV<sAW1?D08Ic,0*65
\s:66,c:1782377510*15\!AIVDM,1,1,,,Kpv59V>0fMeGb2kt,0*38
\s:66,c:1782377502*16\!AIVDM,1,1,,,19t6S900?w<tSF0l4Q@>46Sv1hGC,0*6F
\s:66,c:1782377504*10\!AIVDM,1,1,,,1815VrhPAnL>afB5PP:m@49F053<,0*0D
\s:66,c:1782377504*10\!AIVDM,1,1,,,15`I@C0P00sWg?P7QTLv4?wB20Rk,0*08
\s:66,c:1782377504*10\!AIVDM,1,1,,,KmN1RQ<M6d@biPOt,0*3E
\s:66,c:1782377507*13\!AIVDM,1,1,,,KpV@Ch<1sBQq747L,0*05
\s:66,c:1782377509*1D\!AIVDM,1,1,,,Ko75ds3l;Li`jP0T,0*29
\s:66,c:1782377509*1D\!AIVDM,1,1,,,39NSFv002=otIe<837NE13v805kk,0*3A
\s:66,c:1782377493*1F\!AIVDM,1,1,,,K3s6Of?wbtjvvT6t,0*51
\s:66,c:1782377501*15\!AIVDM,1,1,,,K32itD?wbjk1r0Qd,0*19
\s:66,c:1782377501*15\!AIVDM,1,1,,,Klh>L=1@6CjrRP0L,0*05
\s:66,c:1782377501*15\!AIVDM,1,1,,,Kk94J88?jLj`4;;H,0*6F
\s:66,c:1782377508*1C\!AIVDM,1,1,,,KkbiE600=IkrNPBL,0*42
\s:66,c:1782377508*1C\!AIVDM,1,1,,,KkaGFlP0;BSmb0Ot,0*05
\s:66,c:1782377501*15\!AIVDM,1,1,,,Kk94J88?jLj`4;;H,0*6F
\s:66,c:1782377508*1C\!AIVDM,1,1,,,KqNSrb0;Iq3<lTc@,0*77
\s:66,c:1782377503*17\!AIVDM,1,1,,,19NSMJ0uAdnbJuBCewdDhSk>08Gw,0*43
\s:66,c:1782377506*12\!AIVDM,1,1,,,KqNSrb0;Iq3<lTc@,0*77
\s:66,c:1782377502*16\!AIVDM,1,1,,,K32itD?wbjk1r0Qd,0*19
\s:66,c:1782377507*13\!AIVDM,1,1,,,KqNS>Rh2n8?b1afl,0*27
\s:66,c:1782377503*17\!AIVDM,1,1,,,Kqjlmg<0@i@DhPBH,0*42
\s:66,c:1782377509*1D\!AIVDM,1,1,,,39Fprj0P@;Oihmj2`PpB3WcJ0000,0*6C
\s:66,c:1782377506*12\!AIVDM,1,1,,,15QgaP001b<95oQjAl>Ib7WF08JF,0*49
\s:66,c:1782377502*16\!AIVDM,1,1,,,169>d>w01QP;U;;dD7RSgk7@28Gb,0*66
\s:66,c:1782377509*1D\!AIVDM,1,1,,,C>nrNI0007MNoWv21MeA=0v04NB30TPN`:L>CKQWKkk:0000002P,0*2E
\s:66,c:1782377509*1D\!AIVDM,1,1,,,18ITn:002VLiDmp1;66;gqLV08JW,0*17
\s:66,c:1782377511*14\!AIVDM,1,1,,,KqNWu9P>02AowVg4,0*38
\s:66,c:1782377511*14\!AIVDM,1,1,,,Ks;ahP0M`70gc0B@,0*11
\s:66,c:1782377509*1D\!AIVDM,1,1,,,Kn:HNA`3wUiMITD<,0*0F
\s:66,c:1782377507*13\!AIVDM,1,1,,,KmN7SDQLhKR>G000,0*0A
\s:66,c:1782377501*15\!AIVDM,1,1,,,Kk9aUv80EPkte0`h,0*63
\s:66,c:1782377504*10\!AIVDM,1,1,,,K8I8jn0OuR3e508<,0*6E
\s:66,c:1782377509*1D\!AIVDM,1,1,,,13ln>R001cvevlL8LQsoFmiL00SI,0*31
\s:66,c:1782377506*12\!AIVDM,1,1,,,14`UuPPw0rndqI<G2Clh9h7`08JB,0*2D
\s:66,c:1782377509*1D\!AIVDM,1,1,,,KmPm<DAKPECOh0?`,0*10
\s:66,c:1782377501*15\!AIVDM,1,1,,,15NKejgP1=FE>n2QU21eKgwv0<0I,0*09
\s:66,c:1782377504*10\!AIVDM,1,1,,,K7mLGEPCpbgTCP=h,0*4C
\s:66,c:1782377510*15\!AIVDM,1,1,,,15CeM8001j0niAcdQ4`kV2s<0<00,0*53
\s:66,c:1782377509*1D\!AIVDM,1,1,,,KmVQOf0=gk101VmH,0*2D
\s:66,c:1782377501*15\!AIVDM,1,1,,,KkInnU9woAC`K1eL,0*4B
\s:66,c:1782377507*13\!AIVDM,1,1,,,Kp157302qOhNTSc0,0*12
\s:66,c:1782377503*17\!AIVDM,1,1,,,34`Uw:@Oh10WqTMw`fPU50q@0000,0*01
\s:66,c:1782377501*15\!AIVDM,1,1,,,15Mpdv?P00FTw7DOdc;9:gw>253<,0*63
\s:66,c:1782377504*10\!AIVDM,1,1,,,K7mRLnvl1gwwU0Ot,0*14
\s:66,c:1782377502*16\!AIVDM,1,1,,,13HOr80P0dmP2hio`ErBk?w<28FE,0*7E
\s:66,c:1782377502*16\!AIVDM,1,1,,,Kqlenb00c>=Q50@H,0*64
\s:66,c:1782377503*17\!AIVDM,1,1,,,Kqlenb00c>=Q50@H,0*64
\s:66,c:1782377504*10\!AIVDM,1,1,,,16:>KU300MKdA@255w5QKQUH0?ww,0*03
\s:66,c:1782377509*1D\!AIVDM,1,1,,,Kn;9sqdDH72R`POt,0*76
\s:66,c:1782377507*13\!AIVDM,1,1,,,KmNNq4c<bHBN7R08,0*10
\s:66,c:1782377507*13\!AIVDM,1,1,,,K7mRLnvl1gwwU0Ot,0*14
\s:66,c:1782377493*1F\!AIVDM,1,1,,,Kn0koV00IHD@g0FL,0*78
\s:66,c:1782377496*1A\!AIVDM,1,1,,,Kkam`j0?mT3WP6ft,0*67
\s:66,c:1782377501*15\!AIVDM,1,1,,,Kknggp1h0:DS<Q>T,0*1A
\s:66,c:1782377504*10\!AIVDM,1,1,,,Kk@pJU80OuT1Pc@<,0*70
\s:66,c:1782377508*1C\!AIVDM,1,1,,,Kkm;Nd7hHUTFUPCh,0*45
\s:66,c:1782377501*15\!AIVDM,1,1,,,19NShwh41<vwMv45fV@@7@K@053<,0*41
\s:66,c:1782377503*17\!AIVDM,1,1,,,KmM5j>9LhV248PEd,0*69
\s:66,c:1782377505*11\!AIVDM,1,1,,,KmN0j58<ds2;n074,0*27
\s:66,c:1782377506*12\!AIVDM,1,1,,,Km3>Ap@rO@T;VQ=P,0*45
\s:66,c:1782377506*12\!AIVDM,1,1,,,18RI8C001rORdfmvHMjdU:=D0<05,0*5D
\s:66,c:1782377501*15\!AIVDM,1,1,,,19NSm5010Aml7BtOQ`mbeImD0<00,0*22
\s:66,c:1782377504*10\!AIVDM,1,1,,,KrkJSF@=GmeijRe<,0*50
\s:66,c:1782377502*16\!AIVDM,1,1,,,19N`3c@31e0rM4Mdvs4DISK>0<05,0*37
\s:66,c:1782377505*11\!AIVDM,1,1,,,14SP<6002C1`vO7dFE5J2p3F053<,0*60
\s:66,c:1782377504*10\!AIVDM,1,1,,,18RI8C001rORdfmvHMjdU:=D0<05,0*5D
\s:66,c:1782377508*1C\!AIVDM,1,1,,,15@S>hP01MFm@F7eHN7M1bO>0@HT,0*77
\s:66,c:1782377502*16\!AIVDM,1,1,,,Ko769L0<QO?f85C8,0*0A
\s:66,c:1782377491*1D\!AIVDM,1,1,,,KkaL=GL0=F3fG0Ot,0*0E
\s:66,c:1782377496*1A\!AIVDM,1,1,,,KlR6:H8OccBKU06H,0*33
\s:66,c:1782377506*12\!AIVDM,1,1,,,KkgQfP<?DU4m@0Ot,0*47
\s:66,c:1782377508*1C\!AIVDM,1,1,,,KkP:e1iOs74;nP;p,0*61
\s:66,c:1782377501*15\!AIVDM,1,1,,,Kkku9eP?gkRTT`2l,0*0A
\s:66,c:1782377507*13\!AIVDM,1,1,,,KkF@jDP?PAB7i0?H,0*4A
\s:66,c:1782377509*1D\!AIVDM,1,1,,,KoWK7O0OPghWhP=L,0*19
\s:66,c:1782377503*17\!AIVDM,1,1,,,K5O8s>PtdMj7U02p,0*54
\s:66,c:1782377505*11\!AIVDM,1,1,,,KmO9ME9Lo1jkF08t,0*2F
\s:66,c:1782377500*14\!AIVDM,1,1,,,39NSj404jm<J9VMg0gt39jg600d0,0*58
\s:66,c:1782377503*17\!AIVDM,1,1,,,KlhW3V::>3iSj0:4,0*79
\s:66,c:1782377507*13\!AIVDM,1,1,,,KqNSqa@Aw=in=010,0*10
\s:66,c:1782377509*1D\!AIVDM,1,1,,,KoWK7O0OPghWhP=L,0*19
\s:66,c:1782377509*1D\!AIVDM,1,1,,,C>i@EC0044wPV?vIQgp00dN0@LkgSkKSe1ii:000000000411R2P,0*62
\s:66,c:1782377509*1D\!AIVDM,1,1,,,19NSOLP00ELti=oji=lBLC;408KO,0*7B
\s:66,c:1782377509*1D\!AIVDM,1,1,,,KoWK7O0OPghWhP=L,0*19
\s:66,c:1782377500*14\!AIVDM,1,1,,,H6<g@QDN80000;M28kmnh02hF33@,0*71
\s:66,c:1782377504*10\!AIVDM,1,1,,,Kl`Uu1hMILiEM0<P,0*2C
\s:66,c:1782377511*14\!AIVDM,1,1,,,1:u0FRP002r=co?vgQhtJ6aL053<,0*24
\s:66,c:1782377493*1F\!AIVDM,1,1,,,KkaGE5R0<PkoWQd@,0*39
\s:66,c:1782377501*15\!AIVDM,1,1,,,Kk9eh1d09pSkK58L,0*6D
\s:66,c:1782377504*10\!AIVDM,1,1,,,36SlQt1001:pRsQuUHgSLlc20Di8,0*4A
\s:66,c:1782377504*10\!AIVDM,1,1,,,K7lj<nuD<OOhGPOt,0*06
\s:66,c:1782377503*17\!AIVDM,1,1,,,19NSa1h31t301qgg9FSRUB9B0@I4,0*60
\s:66,c:1782377500*14\!AIVDM,1,1,,,Krp;lhluC?0nd0St,0*59
\s:66,c:1782377504*10\!AIVDM,1,1,,,KsT3<4OuSEPiiP4`,0*48
\s:66,c:1782377504*10\!AIVDM,1,1,,,KlbM<T=ut?PNAQOt,0*31
\s:66,c:1782377501*15\!AIVDM,1,1,,,KpL;>V0OOVhc5PC0,0*38
\s:66,c:1782377509*1D\!AIVDM,1,1,,,1815`J02RIMKIuB6ijAs5pmH0@K<,0*41
\s:66,c:1782377508*1C\!AIVDM,1,1,,,KmRODB1KPNCEM06H,0*3B
\s:66,c:1782377509*1D\!AIVDM,1,1,,,KmRODB1KPNCEM06H,0*3B
\s:66,c:1782377504*10\!AIVDM,1,1,,,B00AIGh15RscvV2@iATpGwv4SP06,0*6D
\s:66,c:1782377503*17\!AIVDM,1,1,,,KpL;>V0OOVhc5PC0,0*38
\s:66,c:1782377504*10\!AIVDM,1,1,,,Km2m?o7u>4ifi0Bh,0*7A
\s:66,c:1782377506*12\!AIVDM,1,1,,,169L0SPP0CkwcEivPq?WPgwD2@IC,0*15
\s:66,c:1782377506*12\!AIVDM,1,1,,,169>Kt0P1IdSFGKn8LU4jgwD2HJg,0*2F
\s:66,c:1782377506*12\!AIVDM,1,1,,,37pS100Oiu<MnvR06nfV;5?D010h,0*6D
\s:66,c:1782377503*17\!AIVDM,1,1,,,KrLQehj=h;tjF3PD,0*35
\s:66,c:1782377503*17\!AIVDM,1,1,,,1:kJSc`000JiEbSbwQLG7h7F00Rr,0*3B
\s:66,c:1782377505*11\!AIVDM,1,1,,,177451022T179Wgep05ULDG@053<,0*4D
\s:66,c:1782377502*16\!AIVDM,1,1,,,KpL;>V0OOVhc5PC0,0*38
\s:66,c:1782377506*12\!AIVDM,1,1,,,Kk3hWVQ@:bSdEPOt,0*4D
\s:66,c:1782377508*1C\!AIVDM,1,1,,,KleJOucsOJSVuP?8,0*67
\s:66,c:1782377500*14\!AIVDM,1,1,,,H39NQi4TC=D4;`648lkih01`031t,0*7D
\s:66,c:1782377506*12\!AIVDM,1,1,,,35N5Lc5000G@QjpKM;Fv43GF0Dg:,0*5E
\s:66,c:1782377504*10\!AIVDM,1,1,,,KnSmwd05=ohH1Owt,0*65
\s:66,c:1782377503*17\!AIVDM,1,1,,,KqNStTP02U>wQ9D@,0*42
\s:66,c:1782377502*16\!AIVDM,1,1,,,H39NQi4TC=D4;`648lkih01`031t,0*7D
\s:66,c:1782377505*11\!AIVDM,1,1,,,Kq8r;7@4oqS4>R;d,0*25
\s:66,c:1782377502*16\!AIVDM,1,1,,,19NSaj@01c1@0iod@OD4b3Q40HG6,0*3A
\s:66,c:1782377502*16\!AIVDM,1,1,,,KqNStTP02U>wQ9D@,0*42
\s:66,c:1782377502*16\!AIVDM,1,1,,,KqNStTP02U>wQ9D@,0*42
\s:66,c:1782377504*10\!AIVDM,1,1,,,1815M@huBJOehiWp7gWEFlCD00Ri,0*2A
\s:66,c:1782377501*15\!AIVDM,1,1,,,KkMBWiQOsfT9a094,0*4C
\s:66,c:1782377501*15\!AIVDM,1,1,,,KkchA><0Etk1KTEd,0*6A
\s:66,c:1782377503*17\!AIVDM,1,1,,,1815V30vAfG8vbJK`HBboHk:0@G4,0*79
\s:66,c:1782377500*14\!AIVDM,1,1,,,E>m1cCh`4V7b@17Pa24W3h9b0b4n;dQnkR=1800003j033k`0@,4*0A
\s:66,c:1782377502*16\!AIVDM,1,1,,,13M@GkP01n;=2Eqar>SBpj?<00SW,0*5A
\s:66,c:1782377506*12\!AIVDM,1,1,,,13=dnj0vjHn1Geb@><jc9`sB8D01,0*1D
\s:66,c:1782377505*11\!AIVDM,1,1,,,Kp15W7@2U<gn26U4,0*4F
\s:66,c:1782377504*10\!AIVDM,1,1,,,KoOdd7iE<Pg4V0:P,0*24
\s:66,c:1782377507*13\!AIVDM,1,1,,,KkcHM0027R1Io0ED,0*50
\s:66,c:1782377507*13\!AIVDM,1,1,,,145:rC7P01;FM?jNCKTP0?wF253<,0*2B
\s:66,c:1782377509*1D\!AIVDM,1,1,,,KoWK7iHN=Vwq1PA@,0*0A
\s:66,c:1782377494*18\!AIVDM,1,1,,,KrU78IN=k=?iNPOt,0*1B
\s:66,c:1782377509*1D\!AIVDM,1,1,,,Kkm>GJP=ah14366L,0*07
\s:66,c:1782377511*14\!AIVDM,1,1,,,KoWK7iHN=Vwq1PA@,0*0A
\s:66,c:1782377507*13\!AIVDM,1,1,,,Kk@pKiAAIVQh>P=d,0*44
\s:66,c:1782377508*1C\!AIVDM,1,1,,,C69D;:@0@muQTUMh<GPiwwv0@2BhBL?eSb0000000000?1T:220P,0*0A
\s:66,c:1782377509*1D\!AIVDM,1,1,,,Kr8Ha<dD;PiWp0E4,0*37
\s:66,c:1782377502*16\!AIVDM,1,1,,,19NSI9@0Qlq6g@F<fbtA1Ps60`DA,0*15
\s:66,c:1782377502*16\!AIVDM,1,1,,,14hKph0000p6v3v=lcR9JQK@2HG;,0*63
\s:66,c:1782377504*10\!AIVDM,1,1,,,KqNSjqP?WLRv@P@l,0*37
\s:66,c:1782377504*10\!AIVDM,1,1,,,KmRGT<1Ow?BpoPBD,0*01
\s:66,c:1782377506*12\!AIVDM,1,1,,,K3uvlV00Lhl;MP9D,0*35
\s:66,c:1782377511*14\!AIVDM,1,1,,,KkI1Ev=wrPCK1PD0,0*79
\s:66,c:1782377504*10\!AIVDM,1,1,,,KqNSjqP?WLRv@P@l,0*37
\s:66,c:1782377507*13\!AIVDM,1,1,,,33iLI8041fNlNLP2wE8EUlMH01uP,0*75
\s:66,c:1782377508*1C\!AIVDM,1,1,,,KmO1Qc;<P@j7CP30,0*57
\s:66,c:1782377502*16\!AIVDM,1,1,,,18157NP01t<8TTATb?:3h3AB0HGr,0*66
\s:66,c:1782377502*16\!AIVDM,1,1,,,177PK50008<Oaq3Wo87GuV940@HE,0*03
\s:66,c:1782377509*1D\!AIVDM,1,1,,,Kk8p8v1KOoCH5P2T,0*13
\s:66,c:1782377504*10\!AIVDM,1,1,,,Kn?UksiBtC@v9P;<,0*74
\s:66,c:1782377503*17\!AIVDM,1,1,,,KkmR;28vQrvH6P<t,0*0C
\s:66,c:1782377503*17\!AIVDM,1,1,,,145=Mv04iSc1bAnK0Bv947?80D03,0*75
\s:66,c:1782377504*10\!AIVDM,1,1,,,1bu0FPh01;IKWkv0i9rtr:c>0000,0*0E
\s:66,c:1782377505*11\!AIVDM,1,1,,,KnKqt405Sb2O>4UP,0*7E
\s:66,c:1782377505*11\!AIVDM,1,1,,,Km?dNp@50bC345iP,0*4B
\s:66,c:1782377502*16\!AIVDM,1,1,,,19NSdHh0001mTiadb8ITFDq<0<0s,0*25
\s:66,c:1782377502*16\!AIVDM,1,1,,,1:UOIep000t5Kv5vWUJ=druD053<,0*7D
\s:66,c:1782377509*1D\!AIVDM,1,1,,,Kk=:<20=pHANoW`0,0*1C
\s:66,c:1782377511*14\!AIVDM,1,1,,,KqNSBE8M>whhIP<0,0*6E
\s:66,c:1782377507*13\!AIVDM,1,1,,,KmO1Qc;<P@j7CP30,0*57
\s:66,c:1782377506*12\!AIVDM,1,1,,,KkaI:I805o3iQP6P,0*73
\s:66,c:1782377503*17\!AIVDM,1,1,,,KmMweGaLkuBi=0=H,0*39
\s:66,c:1782377502*16\!AIVDM,1,1,,,17`OAfPP00dPLA=bors>4?w>253<,0*15
\s:66,c:1782377502*16\!AIVDM,1,1,,,14`V0>@00H<hQBuaj8CqjWS608Gp,0*06
\s:66,c:1782377503*17\!AIVDM,1,1,,,18159m001cnK9hvJdHvav7u80D00,0*67
\s:66,c:1782377504*10\!AIVDM,1,1,,,Kko8Ql82LTOAhW=h,0*5B
\s:66,c:1782377507*13\!AIVDM,1,1,,,Km?da7h1qEQww4WD,0*57
\s:66,c:1782377506*12\!AIVDM,1,1,,,KqNS4LShD50D40Bt,0*34
\s:66,c:1782377504*10\!AIVDM,1,1,,,13ku:UP01MJuVmMm<6DehK361pEd,0*41
\s:66,c:1782377502*16\!AIVDM,1,1,,,338:S001j:00bTUctcQkUBq<02n1,0*7D
\s:66,c:1782377504*10\!AIVDM,1,1,,,14cu=60020uGc5umH;5Ggn9D0HHr,0*36
\s:66,c:1782377494*18\!AIVDM,1,1,,,Krq85e<=B3haCPOt,0*16
\s:66,c:1782377504*10\!AIVDM,1,1,,,H=cNAWPtqL7?<qB3W>D00000000,2*2B
\s:66,c:1782377502*16\!AIVDM,1,1,,,18HtC?0vh<peCF@:4fVQ7kr@053<,0*67
\s:66,c:1782377499*15\!AIVDM,1,1,,,Kl6bCH1hjNl=20F4,0*43
\s:66,c:1782377506*12\!AIVDM,1,1,,,Kk9vdIdP?S3aA0Ot,0*65
\s:66,c:1782377508*1C\!AIVDM,1,1,,,KkHK8b803Nke9`1D,0*49
\s:66,c:1782377504*10\!AIVDM,1,1,,,Kp15`uh>f;wWP59P,0*6A
\s:66,c:1782377505*11\!AIVDM,1,1,,,14eGn3PP02o:wKPKebs>4?wH20SV,0*14
\s:66,c:1782377504*10\!AIVDM,1,1,,,K7Op:IPDml?;HPOt,0*65
\s:66,c:1782377504*10\!AIVDM,1,1,,,Ko7BC;040t?QtUWL,0*5A
\s:66,c:1782377504*10\!AIVDM,1,1,,,K7Op:IPDml?;HPOt,0*65
\s:66,c:1782377503*17\!AIVDM,1,1,,,K44W;A1mfH3`v23D,0*13
\s:66,c:1782377507*13\!AIVDM,1,1,,,19N`1K@v2RmBpb@IO8psRq5p0HHU,0*2E
\s:66,c:1782377505*11\!AIVDM,1,1,,,16?UniPwBI1NQI9cwHSJ6`4f0@Ik,0*6C
\s:66,c:1782377501*15\!AIVDM,1,1,,,17On3Q0P008FL3Ql<fn8F?w<0HFf,0*18
\s:66,c:1782377502*16\!AIVDM,1,1,,,Kp15`uh>f;wWP59P,0*6A
\s:66,c:1782377510*15\!AIVDM,1,1,,,16?UniPwBI1NQI9cwHSJ6`4f0@Ik,0*6C
\s:66,c:1782377507*13\!AIVDM,1,1,,,Kn:H6cQDM72520Ot,0*34
\s:66,c:1782377499*15\!AIVDM,1,1,,,K4`sj<0O3sBhp0;l,0*5F
\s:66,c:1782377501*15\!AIVDM,1,1,,,Kkku;vH?LTAqsW1t,0*2A
\s:66,c:1782377508*1C\!AIVDM,1,1,,,KkG2dP0?jaC<<000,0*71
\s:66,c:1782377501*15\!AIVDM,1,1,,,Kkku;vH?LTAqsW1t,0*2A
\s:66,c:1782377509*1D\!AIVDM,1,1,,,19NSn3P01gvlTd<5@ItEWlIB0L06,0*48
\s:66,c:1782377503*17\!AIVDM,1,1,,,KmNa:1c<bGRJr0@H,0*4D
\s:66,c:1782377508*1C\!AIVDM,1,1,,,Kp15S00:cjCis66d,0*05
\s:66,c:1782377508*1C\!AIVDM,1,1,,,KmNBrPc<PlR89P6D,0*7D
\s:66,c:1782377506*12\!AIVDM,1,1,,,Kp15S00:cjCis66d,0*05
\s:66,c:1782377508*1C\!AIVDM,1,1,,,Kn8vhoPJ>q09CP3P,0*27
\s:66,c:1782377507*13\!AIVDM,1,1,,,Kp15S00:cjCis66d,0*05
\s:66,c:1782377504*10\!AIVDM,1,1,,,KmO4p0`=BWjvjP=L,0*65
\s:66,c:1782377509*1D\!AIVDM,1,1,,,Kn8vhoPJ>q09CP3P,0*27
\s:66,c:1782377504*10\!AIVDM,1,1,,,C69L1sP05FWARIuCgpnIOwv0@2M0jC1iib0000000000?2<7QSPP,0*32
\s:66,c:1782377502*16\!AIVDM,1,1,,,39NSCA@02;Nq3GofVp<rt8g:01i1,0*69
\s:66,c:1782377507*13\!AIVDM,1,1,,,39NSCA@02;Nq3>?fVpG:q`gH01i1,0*5C
\s:66,c:1782377502*16\!AIVDM,1,1,,,1815Q<401bM@TVkurpFra8G:0<0H,0*27
\s:66,c:1782377509*1D\!AIVDM,1,1,,,1;;@GgpP0qshGO04jvI45wwF2D05,0*21
\s:66,c:1782377507*13\!AIVDM,1,1,,,KmNa:1c<bGRJr0@H,0*4D
\s:66,c:1782377496*1A\!AIVDM,1,1,,,I>CQl6QosgMM`ckFPsIgJMJwB4mU,0*25
\s:66,c:1782377504*10\!AIVDM,1,1,,,KleG;h1MmI3O1P9H,0*05
\s:66,c:1782377504*10\!AIVDM,1,1,,,KqNSM`L?aeBuU6wt,0*4D
\s:66,c:1782377504*10\!AIVDM,1,1,,,KqNSM`L?aeBuU6wt,0*4D
\s:66,c:1782377507*13\!AIVDM,1,1,,,13W1?N7P0OwAj?LB?g:Wo?wJ2@Ji,0*0E
\s:66,c:1782377504*10\!AIVDM,1,1,,,K8?O@R<5HRwPJ0B<,0*46
\s:66,c:1782377504*10\!AIVDM,1,1,,,404k0W1vad`kWbf=MQkvWTWP053<,0*73
\s:66,c:1782377501*15\!AIVDM,1,1,,,13Imcv0wipFce:@NbCi4Tka8053<,0*6E
\s:66,c:1782377504*10\!AIVDM,1,1,,,KomF?fj48:wUq13t,0*48
\s:66,c:1782377504*10\!AIVDM,1,1,,,133r`b0w1aL5cf65Nm>lCkC>0<00,0*66
\s:66,c:1782377504*10\!AIVDM,1,1,,,KleG;h1MmI3O1P9H,0*05
\s:66,c:1782377502*16\!AIVDM,1,1,,,13evN0021nKg75P5QGoUSlG:053<,0*7A
\s:66,c:1782377502*16\!AIVDM,1,1,,,133r`b0w1aL5cf65Nm>lCkC>0<00,0*66
\s:66,c:1782377509*1D\!AIVDM,1,1,,,18SJMFP01wtCmcl;>IDI4GBV0HKK,0*51
\s:66,c:1782377508*1C\!AIVDM,1,1,,,C3i<Qd@00f05I?udDpfaSTN0TAeiKQQaKiQ:0000000000D2RRR0,0*17
\s:66,c:1782377507*13\!AIVDM,1,1,,,KomF?fj48:wUq13t,0*48
\s:66,c:1782377502*16\!AIVDM,1,1,,,C19EvMP00MTOP:O:asFbcwP0DBL>jjckQeKSQUKia;1000000020,0*26
\s:66,c:1782377491*1D\!AIVDM,1,1,,,Kk@p<6ihD8T;gP08,0*50
\s:66,c:1782377501*15\!AIVDM,1,1,,,Km?dNOiF`>6bTOwv,0*24
\s:66,c:1782377505*11\!AIVDM,1,1,,,KmNbh6;<fw2ea0?H,0*54
\s:66,c:1782377507*13\!AIVDM,1,1,,,KqNSFDh2g;wv2URh,0*18
\s:66,c:1782377507*13\!AIVDM,1,1,,,15N8J80P00E:n:DR6gm=QOwJ00SI,0*02
\s:66,c:1782377510*15\!AIVDM,1,1,,,14QEl`001Il;dKrRD?`F8DgN00Sb,0*63
\s:66,c:1782377508*1C\!AIVDM,1,1,,,KolukW>lEowi;Rc0,0*3A
\s:66,c:1782377506*12\!AIVDM,1,1,,,37f@sl5000<lARQs7l<<B33H0DSr,0*3A
\s:66,c:1782377505*11\!AIVDM,1,1,,,Kn:8Ct1DLi2F`0=h,0*56
\s:66,c:1782377501*15\!AIVDM,1,1,,,B7Oi8`P00b4K7;sHsj7Q3wk1l8Fh,0*0D
\s:66,c:1782377507*13\!AIVDM,1,1,,,18I3VK0026OA?oWm94c;n9SF053<,0*74
\s:66,c:1782377500*14\!AIVDM,1,1,,,1:U;NVhuBDLL:pF0P1sBV1w:0`EW,0*05
\s:66,c:1782377500*14\!AIVDM,1,1,,,Kp15LR0=S5Avl6@@,0*40
\s:66,c:1782377504*10\!AIVDM,1,1,,,19NSSh@wR?L`?Np1srF;oIaB0<03,0*79
\s:66,c:1782377511*14\!AIVDM,1,1,,,1:U;NVhuBDLL;5B0P2bjSQuP0d06,0*62
\s:66,c:1782377507*13\!AIVDM,1,1,,,KmNbh6;<fw2ea0?H,0*54
\s:66,c:1782377506*12\!AIVDM,1,1,,,KkGQ=8P03DRmV`Eh,0*67
\s:66,c:1782377508*1C\!AIVDM,1,1,,,K3eFjt80cq4A8UQt,0*05
\s:66,c:1782377508*1C\!AIVDM,1,1,,,KkS1uv9OciBKAP2L,0*3C
\s:66,c:1782377509*1D\!AIVDM,1,1,,,KkS1uv9OciBKAP2L,0*3C
\s:66,c:1782377508*1C\!AIVDM,1,1,,,KpI;OP1LPdj;G010,0*5F
\s:66,c:1782377494*18\!AIVDM,1,1,,,ENm1cAU0h12PQWW000000000000FC?G8m?P6000003hP00,4*53
\s:66,c:1782377509*1D\!AIVDM,1,1,,,K3K8V>8:D5kBG8V`,0*17
\s:66,c:1782377507*13\!AIVDM,1,1,,,Km?dRq<1kE21;05p,0*57
\s:66,c:1782377507*13\!AIVDM,1,1,,,KnCE@3023r1vg0=l,0*35
\s:66,c:1782377501*15\!AIVDM,1,1,,,17f6E=0000LG52HWhFV4CDe808F2,0*30
\s:66,c:1782377507*13\!AIVDM,1,1,,,15NVLN0001lhSQfQW4C<96aH053<,0*79
\s:66,c:1782377510*15\!AIVDM,1,1,,,35NG?ic01>FBGpHPP`ILmbAJ0000,0*78
\s:66,c:1782377502*16\!AIVDM,1,1,,,KsS@DB0Mdk0W308P,0*34
\s:66,c:1782377511*14\!AIVDM,1,1,,,13IpPL002gsWRr68JppUsDgP8L0l,0*28
\s:66,c:1782377496*1A\!AIVDM,1,1,,,Kn?UnE0?SORgjV0L,0*65
\s:66,c:1782377503*17\!AIVDM,1,1,,,KleG;mIK:akqKP50,0*69
\s:66,c:1782377503*17\!AIVDM,1,1,,,KleG;mIK:akqKP50,0*69
\s:66,c:1782377504*10\!AIVDM,1,1,,,13m;A6001n;Nl0muiNr:o8e80HEL,0*3E
\s:66,c:1782377504*10\!AIVDM,1,1,,,KpI=8v0C3RABF0F@,0*07
\s:66,c:1782377506*12\!AIVDM,1,1,,,E>m1c?hPab97V0Q2h93@I76h2d1nCkkpm@VrP00003n0135DjCkP,0*41
\s:66,c:1782377504*10\!AIVDM,1,1,,,KrpDpMj=;F0B?PCL,0*6F
\s:66,c:1782377508*1C\!AIVDM,1,1,,,19NSjfPwjoJ@nTT1BK@7F5oP0<05,0*32
\s:66,c:1782377503*17\!AIVDM,1,1,,,19NShN@01v2cb9MflFSRMBA@0D0>,0*1D
\s:66,c:1782377502*16\!AIVDM,1,1,,,KrpDpMj=;F0B?PCL,0*6F
\s:66,c:1782377511*14\!AIVDM,1,1,,,KkAOeh8M4bPctPE<,0*09
\s:66,c:1782377507*13\!AIVDM,1,1,,,15?dU2h02432h7B7htjUwTiF08J8,0*7F
\s:66,c:1782377508*1C\!AIVDM,1,1,,,369D;l@01coTFs1eCdJW3UW:20Bk,0*2A
\g:1-2-5199770,s:66,c:1782377508*5A\!AIVDM,2,1,0,,569D;lH2F4Hp9aOPf210TpM@4U8tpLhDpO622216<@B88urP0@l0kmH4,0*48
\g:2-2-5199770*69\!AIVDM,2,2,0,,j0C`88888888880,2*1C
\s:66,c:1782377509*1D\!AIVDM,1,1,,,Kn:5KhPDE8RkMPOt,0*18
\s:66,c:1782377507*13\!AIVDM,1,1,,,Km94;rmLTFAFRPgl,0*38
\s:66,c:1782377501*15\!AIVDM,1,1,,,Kkm9usQ@G6D;K0>`,0*2F
\s:66,c:1782377507*13\!AIVDM,1,1,,,Kqc2uB0?CAA7;3F<,0*32
\s:66,c:1782377509*1D\!AIVDM,1,1,,,K5?vWv=OoaPF=0@`,0*36
\s:66,c:1782377509*1D\!AIVDM,1,1,,,Kp15O21OQ2@Wl0>8,0*75
\s:66,c:1782377503*17\!AIVDM,1,1,,,KmO<p08<e72itS@H,0*50
\s:66,c:1782377502*16\!AIVDM,1,1,,,KkFud<002o30W1Qp,0*35
\s:66,c:1782377504*10\!AIVDM,1,1,,,Kp15Go@5IcA9O7:D,0*51
\s:66,c:1782377504*10\!AIVDM,1,1,,,KpI=3P0B1PQoc09t,0*78
\s:66,c:1782377506*12\!AIVDM,1,1,,,1815`K001@0B@kF3`qSqBoKF0<0S,0*60
\s:66,c:1782377509*1D\!AIVDM,1,1,,,Kp15O21OQ2@Wl0>8,0*75
\s:66,c:1782377509*1D\!AIVDM,1,1,,,K5?vWv=OoaPF=0@`,0*36
\s:66,c:1782377505*11\!AIVDM,1,1,,,Kkku;B@1>bMuD6e<,0*1E
\g:1-2-5199771,s:66,c:1782377502*51\!AIVDM,2,1,1,,5815=`l2AvDaKMa;R21<PTp5>0l5R2222222221?a@NKV5dj0Im5@PDP,0*68
\g:2-2-5199771*68\!AIVDM,2,2,1,,Cp0T`8888888880,2*6B
\s:66,c:1782377509*1D\!AIVDM,1,1,,,13drud002VKtKK`5>O>Ti3kN0@Kj,0*59
\s:66,c:1782377508*1C\!AIVDM,1,1,,,188fo9?2@tmeb;;q9GfAiQmD2@IA,0*76
\s:66,c:1782377509*1D\!AIVDM,1,1,,,Km?dTu1C>MAWC03<,0*50
\s:66,c:1782377507*13\!AIVDM,1,1,,,KmNjoN0l<cACDRbh,0*59
\s:66,c:1782377504*10\!AIVDM,1,1,,,Kkm9f9d0<ITHo0Ot,0*15
\s:66,c:1782377506*12\!AIVDM,1,1,,,Kl0Uug9@@TSauP@@,0*4D
\s:66,c:1782377505*11\!AIVDM,1,1,,,H4QMdR4t7B=4005G4@kpoo0p<334,0*58
\s:66,c:1782377504*10\!AIVDM,1,1,,,19NSjB@01b9GEn=vBAKDp41>08H:,0*5A
\s:66,c:1782377504*10\!AIVDM,1,1,,,K60jMr9AlJAwKP4`,0*58
\s:66,c:1782377507*13\!AIVDM,1,1,,,Ko73wt01jU@u;54L,0*39
\s:66,c:1782377507*13\!AIVDM,1,1,,,KmDSN:01d?Pq@5TT,0*2C
\s:66,c:1782377506*12\!AIVDM,1,1,,,Kk7DmP00;DOogU6p,0*22
\s:66,c:1782377504*10\!AIVDM,1,1,,,15NcjK8000mGKJpRigQ1NoQB00S<,0*5D
\s:66,c:1782377508*1C\!AIVDM,1,1,,,KoPFJ404jc?5WP<p,0*67
\s:66,c:1782377509*1D\!AIVDM,1,1,,,36TsM05P00Cjb<somFh@LwwJ0000,0*33
\s:66,c:1782377504*10\!AIVDM,1,1,,,KmQ1`<?u5LPb=PE8,0*6C
\s:66,c:1782377505*11\!AIVDM,1,1,,,KnT7Lp054?BPiUgD,0*1E
\s:66,c:1782377507*13\!AIVDM,1,1,,,3815PcPq1sMPHf9p;Co8839L0000,0*13
\s:66,c:1782377509*1D\!AIVDM,1,1,,,18HvtH0tiELd6gcjAk4f0;440<2R,0*6B
\s:66,c:1782377500*14\!AIVDM,1,1,,,Kned7l<>JrhBEWfP,0*2C
\s:66,c:1782377504*10\!AIVDM,1,1,,,KrpE9l8=@j@kJ0?t,0*0B
\s:66,c:1782377508*1C\!AIVDM,1,1,,,Kk9mcmP0DK3tNPCT,0*3C
\s:66,c:1782377511*14\!AIVDM,1,1,,,Kk3pDTQ@:Skh;POt,0*3F
\s:66,c:1782377510*15\!AIVDM,1,1,,,17`B2q@P00dQ2Q3bq3eN4?wL2@K6,0*41
\s:66,c:1782377503*17\!AIVDM,1,1,,,15?d`eP0iwG2C3rJFW76mESB0@HA,0*2E
\s:66,c:1782377504*10\!AIVDM,1,1,,,Kn:Hsad5HJPF57Ul,0*5C
\s:66,c:1782377503*17\!AIVDM,1,1,,,Kqjk`j00Bv0CQ2g@,0*55
\s:66,c:1782377506*12\!AIVDM,1,1,,,39jk`j0P@j0U3<P2HOAqSWQD01nP,0*3D
\s:66,c:1782377504*10\!AIVDM,1,1,,,15NPDm8P00lfto>QDUshdOw@RD0Q,0*23
\s:66,c:1782377507*13\!AIVDM,1,1,,,15NE:4?P1ADhWhlQVgQq<OwH2<10,0*05
\s:66,c:1782377510*15\!AIVDM,1,1,,,H4eJTw4UC=D6B5I<?C9>:000000t,0*4D
\s:66,c:1782377508*1C\!AIVDM,1,1,,,K6;RI60D8CwP>07@,0*5D
\s:66,c:1782377503*17\!AIVDM,1,1,,,176uAo01ifCwE24O750rM8Dj053<,0*2B
\s:66,c:1782377504*10\!AIVDM,1,1,,,KsDk@>t=3KwhWPCd,0*00
\s:66,c:1782377505*11\!AIVDM,1,1,,,Kn:Hsad5HJPF57Ul,0*5C
\s:66,c:1782377502*16\!AIVDM,1,1,,,KpuCpN0i8VukGP=P,0*07
\s:66,c:1782377505*11\!AIVDM,1,1,,,13:4be0uRSP12sUpavvEQDOF0@IL,0*60
\s:66,c:1782377504*10\!AIVDM,1,1,,,18Hwca002c6JQcUq`o9aj7pd0<01,0*7B
\s:66,c:1782377504*10\!AIVDM,1,1,,,Kkl3po0NHnNCD0W0,0*41
\s:66,c:1782377503*17\!AIVDM,1,1,,,KpuCpN0i8VukGP=P,0*07
\s:66,c:1782377502*16\!AIVDM,1,1,,,KsDk@>t=3KwhWPCd,0*00
\s:66,c:1782377493*1F\!AIVDM,1,1,,,KkMA5:00223iD0D4,0*1A
\s:66,c:1782377506*12\!AIVDM,1,1,,,19NSeU@vj5EQHQ4DNIN;K97H0HJd,0*7F
\s:66,c:1782377505*11\!AIVDM,1,1,,,KopQGR0J<H@=vTCP,0*35
\s:66,c:1782377508*1C\!AIVDM,1,1,,,36KS3>0OhOG:jDos=5GnWE7<0000,0*58
\s:66,c:1782377507*13\!AIVDM,1,1,,,K5NuvJ0J`PlJo0B8,0*57
\s:66,c:1782377507*13\!AIVDM,1,1,,,15Mw>N8000l7BERTq@NB?i3F0@Js,0*2C
\s:66,c:1782377502*16\!AIVDM,1,1,,,KopQGR0J<H@=vTCP,0*35
\s:66,c:1782377503*17\!AIVDM,1,1,,,344fTI7P1ckCOMlTd<dHIFe<0RqQ,0*68
\s:66,c:1782377503*17\!AIVDM,1,1,,,B6<fh`@0>Hd@PQK9IjKOkwjVSP06,0*12
\s:66,c:1782377502*16\!AIVDM,1,1,,,38I=lf0PB0FaS6p7FBKsi9M400eh,0*1D
\s:66,c:1782377509*1D\!AIVDM,1,1,,,16U1o:0P0`ni:iL2;LpqwOwN2HKg,0*6A
\s:66,c:1782377493*1F\!AIVDM,1,1,,,KqN`3fh?kqSpR61p,0*6D
\s:66,c:1782377493*1F\!AIVDM,1,1,,,Kk40b:d0:9ChP0Ot,0*3C
\s:66,c:1782377499*15\!AIVDM,1,1,,,Kkm7ve00ONTtjWCP,0*01
\s:66,c:1782377506*12\!AIVDM,1,1,,,KkGRDJ<05RCTv0Ot,0*5D
\s:66,c:1782377511*14\!AIVDM,1,1,,,Kk`joF0?cCS3IPCp,0*01
\s:66,c:1782377511*14\!AIVDM,1,1,,,KkaGK<0Ou8kGwP6<,0*25
\s:66,c:1782377504*10\!AIVDM,1,1,,,13;75J0020v=HF`5VWO11hkB0HIA,0*7B
\s:66,c:1782377507*13\!AIVDM,1,1,,,16:mBH002<NP?6<7d@mWnFGD0<1r,0*55
\s:66,c:1782377508*1C\!AIVDM,1,1,,,KmPH45qKM8SKo01T,0*35
\s:66,c:1782377505*11\!AIVDM,1,1,,,13=4p<001f4d2uKp5BNI;oCf0HG3,0*56
\s:66,c:1782377506*12\!AIVDM,1,1,,,19lkUn7P01Q2J8ujoubf4?wF2<1E,0*65
\s:66,c:1782377507*13\!AIVDM,1,1,,,19NSBAP0Qvd7;apKovE:5H520<01,0*15
\s:66,c:1782377507*13\!AIVDM,1,1,,,16KSbB002J1Ci7GdBo@TdSeH08J>,0*70
\s:66,c:1782377507*13\!AIVDM,1,1,,,13lFW60vRIO7kU=lM3jcWqCH0D00,0*4A
\s:66,c:1782377510*15\!AIVDM,1,1,,,16KSbB002J1Ci7GdBo@TdSeH08J>,0*70
\s:66,c:1782377501*15\!AIVDM,1,1,,,Kkku<0P00QScuT4l,0*1D
\s:66,c:1782377499*15\!AIVDM,1,1,,,KkP<qmuOtvCerPAp,0*3A
\s:66,c:1782377501*15\!AIVDM,1,1,,,19NSrc001fNciKT:?5T@5@?<0<1R,0*52
\g:1-2-5199772,s:66,c:1782377509*59\!AIVDM,2,1,2,,55?dhH827`fHPt7;KSIA84q>1`PuF1<P4r22220l20@1840Ht>PSiQPH,0*3E
\g:2-2-5199772*6B\!AIVDM,2,2,2,,888888888888880,2*67
\s:66,c:1782377508*1C\!AIVDM,1,1,,,36TGLD?OhPFN`Mj1okc70maJ00w@,0*5E
\s:66,c:1782377508*1C\!AIVDM,1,1,,,36T`qP?P00mCC>amumr25wwL204j,0*3A
\s:66,c:1782377504*10\!AIVDM,1,1,,,Koldlpgl86ONI0=t,0*63
\s:66,c:1782377508*1C\!AIVDM,1,1,,,KpSJ?E4D;RPEuP?<,0*15
\s:66,c:1782377509*1D\!AIVDM,1,1,,,Kn9L1fh9QawSF2wt,0*52
\s:66,c:1782377501*15\!AIVDM,1,1,,,13=ct<000c8<IEidgdG=Tbk<08Ev,0*06
\s:66,c:1782377502*16\!AIVDM,1,1,,,19NSnR0v1tM6PsGiTHrcW99@08HE,0*24
\s:66,c:1782377510*15\!AIVDM,1,1,,,KkEhV5gAH0ecURVd,0*64
\s:66,c:1782377509*1D\!AIVDM,1,1,,,KpINWf1MH;hio00@,0*4B
\s:66,c:1782377511*14\!AIVDM,1,1,,,16bU9L002UMkESeuR97@p0kF08Lu,0*25
\s:66,c:1782377499*15\!AIVDM,1,1,,,KkMAgWp?oWCd40F@,0*29
\s:66,c:1782377506*12\!AIVDM,1,1,,,KkFFTB9OcGS6g0:t,0*7F
\s:66,c:1782377508*1C\!AIVDM,1,1,,,KksJI:9Oc?2ioP3L,0*3C
\s:66,c:1782377508*1C\!AIVDM,1,1,,,KmO6p8d;PaSM7POt,0*5C
\s:66,c:1782377502*16\!AIVDM,1,1,,,17`cTf7P@?C;4fMWDvwiNA?@0HG<,0*27
\s:66,c:1782377509*1D\!AIVDM,1,1,,,KmO6p8d;PaSM7POt,0*5C
\s:66,c:1782377504*10\!AIVDM,1,1,,,Km?dcMpB1pio=0Ot,0*77
\s:66,c:1782377508*1C\!AIVDM,1,1,,,Kru0OE8Ldc?uBP>t,0*70
\s:66,c:1782377501*15\!AIVDM,1,1,,,18;R:R001u51nLc`RlekOjk20<00,0*4E
\s:66,c:1782377509*1D\!AIVDM,1,1,,,K5Cf860MKHhnW00H,0*55
\s:66,c:1782377509*1D\!AIVDM,1,1,,,16:;wT300tsdIqB57N9ATQAL28Ke,0*70
\s:66,c:1782377509*1D\!AIVDM,1,1,,,KmU6Gd1Ccf1020Cd,0*52
\s:66,c:1782377501*15\!AIVDM,1,1,,,KkucJJ0OtUSEdP:<,0*2B
\s:66,c:1782377504*10\!AIVDM,1,1,,,KkoLbp00<eDUG5S0,0*2F
\s:66,c:1782377506*12\!AIVDM,1,1,,,K3Ik<==Os@kT1P6L,0*59
\s:66,c:1782377506*12\!AIVDM,1,1,,,KkmoFP9@>HlTlP9l,0*0D
\s:66,c:1782377505*11\!AIVDM,1,1,,,C6<fc900>E2=;LOvd>Us;wv0J22M0jBA0<:L?0LOSe10?0d6QQPP,0*1C
\s:66,c:1782377504*10\!AIVDM,1,1,,,Kp2wj;3n63fG`08T,0*0D
\s:66,c:1782377504*10\!AIVDM,1,1,,,Km?de:01lMivdP;h,0*1D
\s:66,c:1782377503*17\!AIVDM,1,1,,,14`V1m`0000lkmeuJrEV6:3>08GA,0*36
\s:66,c:1782377506*12\!AIVDM,1,1,,,KkGQQ4a@G6P<iPEh,0*1C
\s:66,c:1782377504*10\!AIVDM,1,1,,,15N0KCPP18<tSF0l4Q@;I?wp0U34,0*10
\s:66,c:1782377507*13\!AIVDM,1,1,,,15NuFmP01Bm@DL`QqI>I079F0<02,0*4D
\s:66,c:1782377507*13\!AIVDM,1,1,,,15Ndu<0P01DD700OI=PR6OwH0<0D,0*51
\s:66,c:1782377502*16\!AIVDM,1,1,,,E0001fg9cWa234aT@1HhLqjP0000Ulr:nihUP50`H@l000,4*36
\s:66,c:1782377505*11\!AIVDM,1,1,,,Kl`V2M@0LKfQO5mL,0*12
\s:66,c:1782377504*10\!AIVDM,1,1,,,1:U79R3Oh6M77Aqk90vA7jOH0@I`,0*6C
\s:66,c:1782377509*1D\!AIVDM,1,1,,,KrU7tqP>RefINQ1L,0*2D
\s:66,c:1782377509*1D\!AIVDM,1,1,,,14`m8J001io>Lb<@0AlDRkaJ253<,0*05
\s:66,c:1782377496*1A\!AIVDM,1,1,,,Kkn2Af0>ndTVw`gP,0*1A
\s:66,c:1782377500*14\!AIVDM,1,1,,,33aLkApP@B<?ubkVVKo@rrBf00t1,0*38
\s:66,c:1782377504*10\!AIVDM,1,1,,,17`eB6700q<JQUWa4:0uNrwD08HL,0*5A
\s:66,c:1782377509*1D\!AIVDM,1,1,,,34eH0u0P@;G>6A4L;=uR1BqR20s1,0*54
\s:66,c:1782377504*10\!AIVDM,1,1,,,KkP<Nvhj9EAft1=h,0*5A
\s:66,c:1782377503*17\!AIVDM,1,1,,,19NSnp0P@d0k`=oso:07P5WD053<,0*1C
\s:66,c:1782377505*11\!AIVDM,1,1,,,KnK2LJHDnU2PFPFD,0*7C
\s:66,c:1782377505*11\!AIVDM,1,1,,,KnK2;9D4i`RMRPBP,0*4F
\s:66,c:1782377509*1D\!AIVDM,1,1,,,1:U8wngP00LR1CQiJ:h8bwwL053<,0*7F
\s:66,c:1782377500*14\!AIVDM,1,1,,,19GocDPOhhrUMSd7=K>PWgw42<00,0*70
\s:66,c:1782377507*13\!AIVDM,1,1,,,KotKeH1D:rAaG04d,0*6B
\s:66,c:1782377502*16\!AIVDM,1,1,,,1815Omhu3;piq8H8`H6m1T0h00Rh,0*09
\s:66,c:1782377504*10\!AIVDM,1,1,,,KkaJGre@;<ShVPOt,0*7D
\s:66,c:1782377500*14\!AIVDM,1,1,,,H7PJ984TCBD9BSg153ikA000000t,0*69
\s:66,c:1782377500*14\!AIVDM,1,1,,,H7`NlqTUCBD;5glJ=Cqokj0h622t,0*5B
\s:66,c:1782377504*10\!AIVDM,1,1,,,KmN`4W0MB0Rv7P3`,0*13
\s:66,c:1782377507*13\!AIVDM,1,1,,,14QNvT8P1>DDj1pOFH<kpOwH28Ik,0*2D
\s:66,c:1782377504*10\!AIVDM,1,1,,,ENoI2`0QPQ2e7h6bRV62h:0aPP0=6ADDvS18800003kP00,4*45
\s:66,c:1782377505*11\!AIVDM,1,1,,,18uo>v8P00QDMEUdUr9f4?wF2<25,0*33
\s:66,c:1782377507*13\!AIVDM,1,1,,,K9NSAj0186uIV5V0,0*15
\s:66,c:1782377501*15\!AIVDM,1,1,,,KqNSFoh4Dbvb<6:0,0*07
\s:66,c:1782377510*15\!AIVDM,1,1,,,K9NSAj0186uIV5V0,0*15
\s:66,c:1782377504*10\!AIVDM,1,1,,,19NSM?@003JtEPQmKAR293UD08IL,0*18
\s:66,c:1782377501*15\!AIVDM,1,1,,,KkGR42g@>O3VW0Ot,0*3B
\s:66,c:1782377504*10\!AIVDM,1,1,,,Kk3n;nd0:6khST9d,0*4E
\s:66,c:1782377511*14\!AIVDM,1,1,,,KkmnVM80Hw4Ho04L,0*33
\s:66,c:1782377503*17\!AIVDM,1,1,,,KmNv9nT;`WjP4P1T,0*4D
\s:66,c:1782377507*13\!AIVDM,1,1,,,KqN`3BqC3<ABtP@8,0*60
\s:66,c:1782377506*12\!AIVDM,1,1,,,KqjjR560@PPFBP@t,0*1C
\s:66,c:1782377506*12\!AIVDM,1,1,,,35Ph;00Oi=DGHiUwpT@D1kGD023@,0*71
\s:66,c:1782377503*17\!AIVDM,1,1,,,15>ukR0022m2eHVNJK9c8`rl0<00,0*6A
\s:66,c:1782377505*11\!AIVDM,1,1,,,19NSRrP2Rd1CF5ede4gLM:1D0D1D,0*7F
\s:66,c:1782377502*16\!AIVDM,1,1,,,3815O5@s1pMoCCwtp@G`lVc@0240,0*49
\s:66,c:1782377504*10\!AIVDM,1,1,,,KrU7Ca@>KSN?65:L,0*7C
\s:66,c:1782377507*13\!AIVDM,1,1,,,KmN0EQd<dp2<?POt,0*3D
\s:66,c:1782377509*1D\!AIVDM,1,1,,,15RGPB001uG:A5VAp?IE7l3<08GV,0*30
\s:66,c:1782377509*1D\!AIVDM,1,1,,,1777Bp00C3HAAvL;mHTToCu<00RR,0*2A
\s:66,c:1782377491*1D\!AIVDM,1,1,,,Kk9NTv=@NUCw=P?0,0*22
\s:66,c:1782377501*15\!AIVDM,1,1,,,Kkl1861@ABkpnP=H,0*36
\s:66,c:1782377511*14\!AIVDM,1,1,,,KkfK4Pt?aFkpw5?P,0*54
\s:66,c:1782377504*10\!AIVDM,1,1,,,1815Mf@v22MW5dN7PDbprG7>08H:,0*05
\s:66,c:1782377507*13\!AIVDM,1,1,,,16KGPt002OvqA:l4m`k5elWH0<08,0*50
\s:66,c:1782377508*1C\!AIVDM,1,1,,,KmOB@s<<Qo29KPEt,0*60
\s:66,c:1782377502*16\!AIVDM,1,1,,,H7`Nv:10ThuB1HE=<Dj0l4qDd60,2*5E
\s:66,c:1782377507*13\!AIVDM,1,1,,,Kp15Pe0BVuANm064,0*6C
\s:66,c:1782377501*15\!AIVDM,1,1,,,1773AM001wnFb8>L=m2sbaA<08F=,0*33
\s:66,c:1782377507*13\!AIVDM,1,1,,,15Mwt;?000Db2@TQbvj;lnAD053<,0*00
\s:66,c:1782377505*11\!AIVDM,1,1,,,KnK2Gs9DkCRCL58H,0*42
\s:66,c:1782377502*16\!AIVDM,1,1,,,K8V`qv?hKagUk0Ot,0*0A
\s:66,c:1782377501*15\!AIVDM,1,1,,,C003bH0049dKvVs;jp<GkwP0Hj7KeKik;1111111111000000020,0*11
\s:66,c:1782377507*13\!AIVDM,1,1,,,13ARMR0wQ1MPq>7rnIUA8Q1F00Rw,0*51
\s:66,c:1782377500*14\!AIVDM,1,1,,,KrU7DsJ>=jOq1Q30,0*75
\s:66,c:1782377511*14\!AIVDM,1,1,,,Kl`W<W0=BLiM>aRh,0*5E
\s:66,c:1782377506*12\!AIVDM,1,1,,,B>l:wS006QKBB8KC:2eQ?wj4SP06,0*5A
\s:66,c:1782377510*15\!AIVDM,1,1,,,Km?dMH@4MrBjb5Bl,0*05
\s:66,c:1782377506*12\!AIVDM,1,1,,,Kkg`nV0?EVDksP@`,0*48
\s:66,c:1782377504*10\!AIVDM,1,1,,,Kp15VbQOOo0d`030,0*55
\s:66,c:1782377504*10\!AIVDM,1,1,,,16KN2r7OhQ;=JFUWpq7I2GsF0<00,0*5F
\s:66,c:1782377502*16\!AIVDM,1,1,,,36KN2r7OhU;=JGUWpq7HeWoB00u0,0*4F
\s:66,c:1782377506*12\!AIVDM,1,1,,,15N84mPP00GRbm@CDQit0gwL2L2B,0*3F
\s:66,c:1782377506*12\!AIVDM,1,1,,,K388R61@;khIIQU@,0*76
\s:66,c:1782377504*10\!AIVDM,1,1,,,34tN=R7Oh=LJ@:vSafrVGDi>016P,0*51
\s:66,c:1782377505*11\!AIVDM,1,1,,,KnSeVl=lftjTjT2P,0*6F
\s:66,c:1782377502*16\!AIVDM,1,1,,,I>CQmtQosW=5PKLG:gHfp5J`R4mU,0*5B
\s:66,c:1782377505*11\!AIVDM,1,1,,,Kp15Qm@14teS354D,0*15
\s:66,c:1782377510*15\!AIVDM,1,1,,,Kp15Qm@14teS354D,0*15
\s:66,c:1782377508*1C\!AIVDM,1,1,,,KlhPqn<@?Q3:n0D0,0*56
\s:66,c:1782377501*15\!AIVDM,1,1,,,KqNSr>hOasjmA08p,0*07
\s:66,c:1782377504*10\!AIVDM,1,1,,,16LJBH701NN9a`P5L35:a`O>0@HU,0*6A
\s:66,c:1782377503*17\!AIVDM,1,1,,,K815P9P<Uc1qsU6h,0*1B
\s:66,c:1782377502*16\!AIVDM,1,1,,,B7`Il000038@FkrfA:1WaBiP2h06,0*7E
\s:66,c:1782377504*10\!AIVDM,1,1,,,Kn8sTM01iT2<0P3@,0*31
\s:66,c:1782377506*12\!AIVDM,1,1,,,K5?dgpPOO0hfF0=T,0*24
\s:66,c:1782377508*1C\!AIVDM,1,1,,,KomLHvN4<F?f<0B@,0*0B
\s:66,c:1782377509*1D\!AIVDM,1,1,,,KkeJa20=82i6AVcd,0*73
\s:66,c:1782377511*14\!AIVDM,1,1,,,KmTtNp3u4d0cL08l,0*32
\s:66,c:1782377501*15\!AIVDM,1,1,,,KkgRp=Sw<NTdD0>t,0*67
\s:66,c:1782377505*11\!AIVDM,1,1,,,KleG?R9Lu=35EP6`,0*77
\s:66,c:1782377508*1C\!AIVDM,1,1,,,KmNweA5LLOj2P0?L,0*6D
\s:66,c:1782377507*13\!AIVDM,1,1,,,KkP;l?@31OQ0cTd8,0*78
\s:66,c:1782377503*17\!AIVDM,1,1,,,33F3M`7P@DP5iBEv4G8q=6uF00u0,0*66
\s:66,c:1782377504*10\!AIVDM,1,1,,,Kru0HU0<ci?tFTmH,0*7C
\s:66,c:1782377505*11\!AIVDM,1,1,,,KmU7Ul04t1BMJ0DT,0*3E
\s:66,c:1782377505*11\!AIVDM,1,1,,,Kke9Cb00QSNEuU90,0*1A
\s:66,c:1782377511*14\!AIVDM,1,1,,,1:U7OwPvBELI;<`0Ch40I0EP08LQ,0*13
\s:66,c:1782377493*1F\!AIVDM,1,1,,,KkedMb9@7S3hcP3D,0*6B
\s:66,c:1782377493*1F\!AIVDM,1,1,,,Kk9J4i=@LK3Ui0Ot,0*17
\s:66,c:1782377496*1A\!AIVDM,1,1,,,KkIlBr?h3?3bbPOt,0*51
\s:66,c:1782377496*1A\!AIVDM,1,1,,,K3EdBCgwqqRdBP00,0*0B
\s:66,c:1782377499*15\!AIVDM,1,1,,,Kkktu49OKo23sP2p,0*2B
\s:66,c:1782377501*15\!AIVDM,1,1,,,KkEfLt<?h6jccQOt,0*01
\s:66,c:1782377511*14\!AIVDM,1,1,,,Kk`dblu@;3Ckj0Ot,0*39
\s:66,c:1782377501*15\!AIVDM,1,1,,,Kkktu49OKo23sP2p,0*2B
\s:66,c:1782377501*15\!AIVDM,1,1,,,KkEfLt<?h6jccQOt,0*01
\s:66,c:1782377506*12\!AIVDM,1,1,,,19NSmS@01NEe:nNGwfDsQa?D00RI,0*48
\s:66,c:1782377502*16\!AIVDM,1,1,,,KqNSG9AA:LRCPP0t,0*1D
\s:66,c:1782377504*10\!AIVDM,1,1,,,177:af00C:9oh4T6?5EmlTW408ER,0*1C
\s:66,c:1782377504*10\!AIVDM,1,1,,,1772rJ001o:Pov3u?1bdFJ0v0@Ed,0*24
\s:66,c:1782377506*12\!AIVDM,1,1,,,398VhwmP000e7wp1SjSeD?wJ0DmJ,0*6F
\s:66,c:1782377501*15\!AIVDM,1,1,,,KmO9hq`:QhTIkP@l,0*47
\s:66,c:1782377504*10\!AIVDM,1,1,,,85NH<0QKpIjS<06hwVToJFOf0000,0*17
\s:66,c:1782377507*13\!AIVDM,1,1,,,15O9hqPP00mCsJ@RIVSJQgwF0<0>,0*0A
\s:66,c:1782377504*10\!AIVDM,1,1,,,Kom3u3B4?p?GDUAt,0*3E
\s:66,c:1782377504*10\!AIVDM,1,1,,,13ku<6h02jJQ?BmomK0=uc=<00S7,0*4D
\s:66,c:1782377504*10\!AIVDM,1,1,,,H1P>L`0Pu<n04U>1@E=B1<PU000,2*05
\s:66,c:1782377503*17\!AIVDM,1,1,,,B6<fk?00?0faW>KB=?A3wwv63P06,0*20
\s:66,c:1782377494*18\!AIVDM,1,1,,,KpVgSh0=E8QI<Tc`,0*55
\s:66,c:1782377507*13\!AIVDM,1,1,,,K9NSoDHAjCB:mP=L,0*37
\s:66,c:1782377496*1A\!AIVDM,1,1,,,Kkcc:nd0VmS7N0h0,0*3E
\s:66,c:1782377499*15\!AIVDM,1,1,,,KkaPN7IOggRfG0;<,0*4D
\s:66,c:1782377507*13\!AIVDM,1,1,,,19NSS6h01;vvJPH5aAjrB8?H00S6,0*72
\s:66,c:1782377509*1D\!AIVDM,1,1,,,18R:n?8002O12vL5AeO7SSGN053<,0*41
\s:66,c:1782377509*1D\!AIVDM,1,1,,,181:LRh01qNa=;f;V9=o45UR0<2@,0*52
\s:66,c:1782377508*1C\!AIVDM,1,1,,,35Mw>`0001oLw5LCblLnpogH01ih,0*76
\s:66,c:1782377502*16\!AIVDM,1,1,,,KkaPN7IOggRfG0;<,0*4D
\s:66,c:1782377508*1C\!AIVDM,1,1,,,KolceFQDAbgq<00l,0*1F
\s:66,c:1782377504*10\!AIVDM,1,1,,,KmOH=S;u;J1tKP5l,0*10
\s:66,c:1782377509*1D\!AIVDM,1,1,,,177<tV001d;nRROj0ikt`J7D00Rf,0*46
\s:66,c:1782377505*11\!AIVDM,1,1,,,KnK2SHh4qJ2QdP@p,0*20
\s:66,c:1782377505*11\!AIVDM,1,1,,,KnTfI40DPLj<K00L,0*34
\s:66,c:1782377502*16\!AIVDM,1,1,,,13V6wF0vR416WD9fkOiu<:bP0<0:,0*55
\s:66,c:1782377501*15\!AIVDM,1,1,,,33:=F60vh08NrpulO9Pao0q:02nA,0*1D
\s:66,c:1782377504*10\!AIVDM,1,1,,,KrU7CsR>aT?=6Q:H,0*42
\s:66,c:1782377508*1C\!AIVDM,1,1,,,C3WGh>h00et6BOuvjIvu7TN0P`UWSiKSKec:0000000000D2RRR0,0*5E
\s:66,c:1782377504*10\!AIVDM,1,1,,,Kli1O05OwukiJP2`,0*55
\s:66,c:1782377504*10\!AIVDM,1,1,,,Kkku:>1OKpB3sP>4,0*40
\s:66,c:1782377504*10\!AIVDM,1,1,,,Kkku:>1OKpB3sP>4,0*40
\s:66,c:1782377507*13\!AIVDM,1,1,,,16KJ@f8000NqK:2@6N<j>P3F08Io,0*68
\s:66,c:1782377508*1C\!AIVDM,1,1,,,Kp15WR0KO<kW4PB0,0*7F
\s:66,c:1782377506*12\!AIVDM,1,1,,,Kp15WR0KO<kW4PB0,0*7F
\s:66,c:1782377509*1D\!AIVDM,1,1,,,KleGGot;Jnkcn0kp,0*6C
\s:66,c:1782377502*16\!AIVDM,1,1,,,17h@8L0P1t<ijUkn5:VhC?wv00Rj,0*03
\s:66,c:1782377505*11\!AIVDM,1,1,,,KmSaV<0DlvC9s05T,0*2F
\s:66,c:1782377502*16\!AIVDM,1,1,,,KkFvrD=NfB?JAP?H,0*05
\s:66,c:1782377507*13\!AIVDM,1,1,,,Kkf07N0N>GOrmP9l,0*3A
\s:66,c:1782377502*16\!AIVDM,1,1,,,KkFvrD=NfB?JAP?H,0*05
\s:66,c:1782377509*1D\!AIVDM,1,1,,,Kkf07N0N>GOrmP9l,0*3A
\s:66,c:1782377509*1D\!AIVDM,1,1,,,19NSi6P01DLAuwIw;oVr8`7J00SS,0*5C
\s:66,c:1782377502*16\!AIVDM,1,1,,,37`OWcgOh0<LdDm`Hso;9V;@020h,0*74
\s:66,c:1782377504*10\!AIVDM,1,1,,,35@`5E0OiF<fMiiaH@lClkIB00fh,0*32
\s:66,c:1782377510*15\!AIVDM,1,1,,,17`OWcg000<LdDo`Hsnq4F=L0HK`,0*06
\s:66,c:1782377506*12\!AIVDM,1,1,,,35`3dp0Oh4OeTk03299F@OwT00oh,0*4C
\s:66,c:1782377504*10\!AIVDM,1,1,,,K5O;0KQMIO36T0;p,0*26
\s:66,c:1782377504*10\!AIVDM,1,1,,,Kl``ri04@N>PA56l,0*11
\s:66,c:1782377500*14\!AIVDM,1,1,,,KqNSa90>ABhJ@W`@,0*00
\s:66,c:1782377507*13\!AIVDM,1,1,,,Km960leLJR1`:0Ot,0*43
\s:66,c:1782377504*10\!AIVDM,1,1,,,KmMi5KP?Fa3t153t,0*57
\s:66,c:1782377501*15\!AIVDM,1,1,,,KqNSli@>5cijsVet,0*5A
\s:66,c:1782377507*13\!AIVDM,1,1,,,Kl`V2M9Oi@Bc@040,0*03
\s:66,c:1782377500*14\!AIVDM,1,1,,,Ko`BA><6IaeCE66D,0*1B
\s:66,c:1782377504*10\!AIVDM,1,1,,,19NSkrP025;SmFIe?0U:?88v0<00,0*46
\s:66,c:1782377510*15\!AIVDM,1,1,,,17`BA>0OivdP6Ribrw<46CAJ2D0G,0*75
\s:66,c:1782377506*12\!AIVDM,1,1,,,13S@Gn001oEtHO@E3`0lHkMF88IT,0*08
\s:66,c:1782377508*1C\!AIVDM,1,1,,,169>Kr1OiVDLDnf6Q2kc699P00RV,0*64
\s:66,c:1782377507*13\!AIVDM,1,1,,,8>k1oI1KpBjS?D34Wi77mre0<N00,0*16
\s:66,c:1782377502*16\!AIVDM,1,1,,,34Rhln2001CmbaEm6uEca2I61lsr,0*4B
\g:1-2-5199773,s:66,c:1782377502*53\!AIVDM,2,1,3,,54Rhln42<8vmK88gN20TmD622222222222222216=P:995cE0B3UH0C3,0*31
\g:2-2-5199773*6A\!AIVDM,2,2,3,,p88888888888880,2*2E
\s:66,c:1782377506*12\!AIVDM,1,1,,,17`N`w0001lTT>QkoO=R2@OB0<00,0*0D
\s:66,c:1782377503*17\!AIVDM,1,1,,,KmNgpfS:cODp2P@T,0*79
\s:66,c:1782377500*14\!AIVDM,1,1,,,Ko6u@C<=4d@d5U;H,0*65
\s:66,c:1782377507*13\!AIVDM,1,1,,,Kp;G8B=DKOi4NPOt,0*5F
\s:66,c:1782377499*15\!AIVDM,1,1,,,K3:f;b=OskSIuPDp,0*7B
\s:66,c:1782377504*10\!AIVDM,1,1,,,K7`dnh1FF8<vWP@<,0*21
\s:66,c:1782377509*1D\!AIVDM,1,1,,,15NJ=ngP0tDt8;lPtjMI>wwP28Ku,0*08
\s:66,c:1782377508*1C\!AIVDM,1,1,,,188ffS001DmFWO1n@?M2GikJ2HJ;,0*18
\s:66,c:1782377506*12\!AIVDM,1,1,,,KqjgvJ80@iPEuP:0,0*77
\s:66,c:1782377501*15\!AIVDM,1,1,,,15NS<l8P00lbaNnQiljmv?w>28G4,0*23
\s:66,c:1782377510*15\!AIVDM,1,1,,,15NJ=ngP0tDt8;lPtjMI>wwP28Ku,0*08
\s:66,c:1782377504*10\!AIVDM,1,1,,,Km2uOb0=7GitE000,0*3E
\s:66,c:1782377504*10\!AIVDM,1,1,,,KmOEGw:u1Fj>L4DP,0*7B
\s:66,c:1782377504*10\!AIVDM,1,1,,,KqNS@l`N8O00?0@d,0*1E
\s:66,c:1782377509*1D\!AIVDM,1,1,,,KsT2wL`=aS@i4P2l,0*7E
\s:66,c:1782377501*15\!AIVDM,1,1,,,1815NS@01dNdlkD8ruJ0:0A<053<,0*03
\s:66,c:1782377505*11\!AIVDM,1,1,,,KpLTgJ0KuFAiVPEL,0*06
\s:66,c:1782377505*11\!AIVDM,1,1,,,KmMm4N4<QJR:80@p,0*58
\s:66,c:1782377503*17\!AIVDM,1,1,,,15AHQp001pmfa4fFuMWlOCTt08GP,0*44
\s:66,c:1782377506*12\!AIVDM,1,1,,,36KoSf011tDpsF`KBU734BMD0BHu,0*3E
\s:66,c:1782377502*16\!AIVDM,1,1,,,KkP>8F1@Akk=@P5@,0*3F
\s:66,c:1782377504*10\!AIVDM,1,1,,,Kn?UmEPBfmhto01L,0*27
\s:66,c:1782377509*1D\!AIVDM,1,1,,,19jm<I00180M55V2>s8B@BQR00S7,0*5F
\s:66,c:1782377501*15\!AIVDM,1,1,,,15O5gL0000nQwU4PCSVbvUe808F@,0*1F
\s:66,c:1782377504*10\!AIVDM,1,1,,,Kom3uphD@IgoW0FL,0*58
\s:66,c:1782377503*17\!AIVDM,1,1,,,Ks@1lvD=pmf9FP10,0*18
\s:66,c:1782377504*10\!AIVDM,1,1,,,3:u0KOhOiGr>rJovKP;m:lA<0000,0*2D
\s:66,c:1782377504*10\!AIVDM,1,1,,,18I8gE001e6?sF=pCKI<CIgD0Gwv,0*3A
\s:66,c:1782377510*15\!AIVDM,1,1,,,13IqBm01R@Q2Bg=d0ML3mS9J28KV,0*26
\s:66,c:1782377502*16\!AIVDM,1,1,,,Ko7OAa<MWlPgOP1T,0*1C
\s:66,c:1782377507*13\!AIVDM,1,1,,,Kp15Ta@<`h1mk6W4,0*7B
\s:66,c:1782377507*13\!AIVDM,1,1,,,Kl`V2w0CvLQT>PA0,0*60
\s:66,c:1782377509*1D\!AIVDM,1,1,,,KpLTgJ0KuFAiVPEL,0*06
\s:66,c:1782377504*10\!AIVDM,1,1,,,Kko0HQghHT4FIPOt,0*42
\s:66,c:1782377511*14\!AIVDM,1,1,,,KkP<3sQ@0GSiL0TP,0*4F
\s:66,c:1782377511*14\!AIVDM,1,1,,,Kkm8TeehDSDbRPOt,0*26
\s:66,c:1782377504*10\!AIVDM,1,1,,,16SuP:002UO>pJCvrK2U`4I@0<02,0*38
\s:66,c:1782377510*15\!AIVDM,1,1,,,C>kv6?P02E:CkwJVcP9qkwo04bNkKQQi1111111111jd0000002P,0*65
\s:66,c:1782377506*12\!AIVDM,1,1,,,19NSlr0uiimRV8R?Q6UCajuF0Gwu,0*29
\s:66,c:1782377507*13\!AIVDM,1,1,,,Kl`V3TP1M1QC0VbL,0*56
\s:66,c:1782377501*15\!AIVDM,1,1,,,15NDVtPP00DhMvDQVntM3Ow<08Fa,0*50
\s:66,c:1782377510*15\!AIVDM,1,1,,,14eI9NP02=KWs46QOh9VtEUH0@KM,0*78
\s:66,c:1782377504*10\!AIVDM,1,1,,,KmNDQr=Lvij2vP7<,0*73
\s:66,c:1782377503*17\!AIVDM,1,1,,,Kl4spnSmfjSiHPOt,0*32
\s:66,c:1782377502*16\!AIVDM,1,1,,,Kpv6L11A8iekv0AL,0*05
\s:66,c:1782377503*17\!AIVDM,1,1,,,Kpv6L11A8iekv0AL,0*05
\s:66,c:1782377500*14\!AIVDM,1,1,,,KmWhRD9M`@ABv0;L,0*0E
\s:66,c:1782377509*1D\!AIVDM,1,1,,,13P=p`P01kKoCf<5oJ@4kSgJ0HJE,0*19
\s:66,c:1782377509*1D\!AIVDM,1,1,,,KkaO@oQCe3hsJ008,0*6B
\s:66,c:1782377501*15\!AIVDM,1,1,,,18I=4B0w1k715e1o?gVm7T420HDT,0*17
\s:66,c:1782377501*15\!AIVDM,1,1,,,16LJmR801W7`@=IhUgqWpFQ608EG,0*73
\s:66,c:1782377502*16\!AIVDM,1,1,,,1:U8csgP1CLd6hwjAhqMi?w<2D2U,0*26
\s:66,c:1782377507*13\!AIVDM,1,1,,,KpRFLK8ONm0e?0F<,0*3B
\s:66,c:1782377504*10\!AIVDM,1,1,,,Kp15GIp=koQ1Q0hH,0*3E
\s:66,c:1782377509*1D\!AIVDM,1,1,,,1815V3@020sDjuH=obor783D0<00,0*44
\s:66,c:1782377509*1D\!AIVDM,1,1,,,Kn:<GUPDHQinC0?0,0*20
\s:66,c:1782377507*13\!AIVDM,1,1,,,Kn:<GUPDHQinC0?0,0*20
\s:66,c:1782377502*16\!AIVDM,1,1,,,39NSLEit@3Hd?R4:?e1GV4c40DrJ,0*0D
\s:66,c:1782377509*1D\!AIVDM,1,1,,,13P>0t@026pR0Qd3FPSTrl4JP0S;,0*56
\s:66,c:1782377509*1D\!AIVDM,1,1,,,1593TRP01rFlL=RDac=D5S=L053<,0*67
\s:66,c:1782377507*13\!AIVDM,1,1,,,K9C6nV02@r0UHUU`,0*25
\s:66,c:1782377501*15\!AIVDM,1,1,,,14sn3>800EL:GChWSSAMh;?<053<,0*14
\s:66,c:1782377510*15\!AIVDM,1,1,,,1C`uK00P0lQ739rdl>`7iOwL2000,0*27
\s:66,c:1782377508*1C\!AIVDM,1,1,,,KoljFcaDd2P83PD8,0*64
\s:66,c:1782377508*1C\!AIVDM,1,1,,,Kp15?hh<5Pw@bVE8,0*40
\s:66,c:1782377510*15\!AIVDM,1,1,,,1779Mt001d3>=Iwgij<2VBAD00SH,0*6D
\s:66,c:1782377511*14\!AIVDM,1,1,,,19Wkw<3P00KmclN3qT==wwwT0@Lo,0*7A
\s:66,c:1782377509*1D\!AIVDM,1,1,,,Kp15?hh<5Pw@bVE8,0*40
\s:66,c:1782377509*1D\!AIVDM,1,1,,,K6:6dl<D2pQRj03`,0*2E
\s:66,c:1782377505*11\!AIVDM,1,1,,,KnK2fn84tIjPj7Rh,0*5F
\s:66,c:1782377502*16\!AIVDM,1,1,,,19NSH9P01dK7jHF:W>oV@lvn08Gr,0*4D
\s:66,c:1782377509*1D\!AIVDM,1,1,,,KmU@cn0=2v0eK45@,0*4F
\s:66,c:1782377508*1C\!AIVDM,1,1,,,1815Uo@01QI6bU9k;C;Uole@0HHk,0*31
\s:66,c:1782377507*13\!AIVDM,1,1,,,KmN07g8<bhR=80<0,0*0A
\s:66,c:1782377493*1F\!AIVDM,1,1,,,KkEewQd?hfBcTQwt,0*33
\s:66,c:1782377504*10\!AIVDM,1,1,,,KkB=np8Oh<lS=P0<,0*5B
\s:66,c:1782377504*10\!AIVDM,1,1,,,KqNS34`?lKCUt6T4,0*0B
\s:66,c:1782377509*1D\!AIVDM,1,1,,,K3l8E29OkCBaTPAp,0*74
\s:66,c:1782377508*1C\!AIVDM,1,1,,,KmN0G=<<MpB5hSCH,0*3F
\s:66,c:1782377502*16\!AIVDM,1,1,,,H7`B4:4NCD37<B<J=mmhm00P?430,0*25
\s:66,c:1782377510*15\!AIVDM,1,1,,,14SdQ:02QwkQVE;i82kIr83J2<00,0*74
\s:66,c:1782377510*15\!AIVDM,1,1,,,17`B=qg000<P5NE`H?PHvruL2D07,0*49
\s:66,c:1782377509*1D\!AIVDM,1,1,,,KkB:oN0;S02=;ak<,0*74
\s:66,c:1782377510*15\!AIVDM,1,1,,,14eGu;0000nr?70LtgN<cCgJ053<,0*00
\s:66,c:1782377508*1C\!AIVDM,1,1,,,Kolj<6NlNsgtSR4d,0*12
\s:66,c:1782377501*15\!AIVDM,1,1,,,37OiFig000`AmfWeakec3CI820US,0*2C
\s:66,c:1782377502*16\!AIVDM,1,1,,,15?dd`P0iFMCQCauvhUDgCm@053<,0*77
\s:66,c:1782377510*15\!AIVDM,1,1,,,Kl`ap601`<f1CTSp,0*39
\s:66,c:1782377494*18\!AIVDM,1,1,,,19NSpeP008rBGE45Lf1JUb7200SN,0*42
\s:66,c:1782377502*16\!AIVDM,1,1,,,KmRA2>8==Ii;C81p,0*47
\s:66,c:1782377509*1D\!AIVDM,1,1,,,15NRj8PP0MF?wsN>073TKOwL2<00,0*0C
\s:66,c:1782377507*13\!AIVDM,1,1,,,1:U7GgO001M4IDWkQC>c3RiH0`Jv,0*7B
\s:66,c:1782377509*1D\!AIVDM,1,1,,,KrU7Lc@>6qOs@TbL,0*2C
\s:66,c:1782377491*1D\!AIVDM,1,1,,,KkAcGn1Ok32`:P2T,0*34
\s:66,c:1782377493*1F\!AIVDM,1,1,,,KqNSsjiOq0kidP1p,0*49
\s:66,c:1782377496*1A\!AIVDM,1,1,,,KkIQOj9wkUkV@1i4,0*1B
\s:66,c:1782377508*1C\!AIVDM,1,1,,,KkP=2fh04F3hG;W0,0*14
\s:66,c:1782377511*14\!AIVDM,1,1,,,KkPv<7Owu63fIPOt,0*66
\s:66,c:1782377500*14\!AIVDM,1,1,,,18I3aS001a<bDaEbVf1J2oo:08Eg,0*43
\s:66,c:1782377508*1C\!AIVDM,1,1,,,C19K7W001=Saadw9krN=swP0DBL>jjckQWKeaKkU;11000000020,0*35
\s:66,c:1782377504*10\!AIVDM,1,1,,,Kn9a0MP1rqAiIPFD,0*36
\s:66,c:1782377507*13\!AIVDM,1,1,,,K4d9av<36`iCeRfL,0*3C
\s:66,c:1782377501*15\!AIVDM,1,1,,,15MvT?W01cneh0BMLoosGI3:053<,0*68
\s:66,c:1782377504*10\!AIVDM,1,1,,,K7m@:SBlcvP2>0Ot,0*33
\s:66,c:1782377504*10\!AIVDM,1,1,,,KotKpAiD>6@HaP?<,0*52
\s:66,c:1782377502*16\!AIVDM,1,1,,,H69>KSTN000000t229GpPP2@C430,0*60
\s:66,c:1782377502*16\!AIVDM,1,1,,,18JB4d0wjE2SsWcfNuG9PoW@08H1,0*02
\s:66,c:1782377505*11\!AIVDM,1,1,,,KqNSmI<0Q4v4E2P0,0*58
\s:66,c:1782377509*1D\!AIVDM,1,1,,,Kkd`uF0>g=>1iTgL,0*3D
\s:66,c:1782377509*1D\!AIVDM,1,1,,,E>nrDIg0V6Pa@I@17TPhHJhLsjP>ejIPtT7<p50`H@p000,4*1D
\s:66,c:1782377509*1D\!AIVDM,1,1,,,13d`uF001SMR<3;hUnKab7gR00R>,0*6E
\s:66,c:1782377511*14\!AIVDM,1,1,,,38;STH5000LPl@ew7TJirAAP0Dg:,0*74
\s:66,c:1782377511*14\!AIVDM,1,1,,,19NSToh01cu4lB`6SpAAUACP08M4,0*2F
\s:66,c:1782377511*14\!AIVDM,1,1,,,14qiqwP01JsVKN29@R3EvTWP053<,0*07
\s:66,c:1782377509*1D\!AIVDM,1,1,,,KpHwDV9CG>1TF0;L,0*16
\s:66,c:1782377509*1D\!AIVDM,1,1,,,Kp15HKP4GkAdGVjL,0*01
\s:66,c:1782377507*13\!AIVDM,1,1,,,KotKpAiD>6@HaP?<,0*52
\s:66,c:1782377508*1C\!AIVDM,1,1,,,KkP:q5<041kmv0Ot,0*1B
\s:66,c:1782377511*14\!AIVDM,1,1,,,Kk42ied06rSeq3?p,0*66
\s:66,c:1782377511*14\!AIVDM,1,1,,,KkI?8`<071CdK0Ot,0*04
\s:66,c:1782377505*11\!AIVDM,1,1,,,KleG?gqsFDSe=47@,0*72
\s:66,c:1782377508*1C\!AIVDM,1,1,,,KpJJ4J1KKl3Ib7l@,0*7C
\s:66,c:1782377504*10\!AIVDM,1,1,,,18HvuS001W<U6;5c;ENdpJ?J0HIs,0*7B
\s:66,c:1782377503*17\!AIVDM,1,1,,,KleG?gqsFDSe=47@,0*72
\s:66,c:1782377509*1D\!AIVDM,1,1,,,KpJJ4J1KKl3Ib7l@,0*7C
\s:66,c:1782377504*10\!AIVDM,1,1,,,KntN:d8ipv1qU08@,0*2C
\s:66,c:1782377503*17\!AIVDM,1,1,,,KqNSWep@Kb?al07<,0*62
\s:66,c:1782377504*10\!AIVDM,1,1,,,14scCf0000LF7SVWVw9oD4KB0D0A,0*33
\s:66,c:1782377506*12\!AIVDM,1,1,,,18HvuS001W<U6;5c;ENdpJ?J0HIs,0*7B
\s:66,c:1782377503*17\!AIVDM,1,1,,,K44jG805B?ShW0<H,0*69
\s:66,c:1782377504*10\!AIVDM,1,1,,,169>S9O005JLKH;m=kLHHDi>0<0O,0*5E
\s:66,c:1782377509*1D\!AIVDM,1,1,,,15?dVw@v2nLbtAeiv2<ovFID053<,0*44
\s:66,c:1782377509*1D\!AIVDM,1,1,,,14`UwEC000tu96GisKSo=5gN2@LO,0*62
\s:66,c:1782377503*17\!AIVDM,1,1,,,33ku;QPrR31S<U?cq>vSJjg80000,0*12
\s:66,c:1782377510*15\!AIVDM,1,1,,,1815b=P0233LA;Oig1L9>GOH00Rf,0*1E
\s:66,c:1782377508*1C\!AIVDM,1,1,,,B3HP=9P0?UT74;tmlHS5kwnUkP06,0*2D
\s:66,c:1782377507*13\!AIVDM,1,1,,,Km92unuLNdAJ10C`,0*6B
\s:66,c:1782377507*13\!AIVDM,1,1,,,KmCkSh9Lw1QdIP?L,0*3E
\s:66,c:1782377507*13\!AIVDM,1,1,,,KmOH=S;u;J1tKP5l,0*10
\s:66,c:1782377510*15\!AIVDM,1,1,,,Kl4cwFd4m:S:5000,0*4D
\s:66,c:1782377502*16\!AIVDM,1,1,,,13P:n2@02bFpfRdAool;k9Q<0@FE,0*4F
\s:66,c:1782377506*12\!AIVDM,1,1,,,KkP=N=H?k;l4dP4P,0*76
\s:66,c:1782377504*10\!AIVDM,1,1,,,13l3p?Pw24Nef?V8P4Ah6h9D0HH=,0*2B
\s:66,c:1782377503*17\!AIVDM,1,1,,,16Lotl002TDwoStHsuJ41SAB00SD,0*00
\s:66,c:1782377508*1C\!AIVDM,1,1,,,KoOlMp7lvLMM:P9H,0*27
\s:66,c:1782377509*1D\!AIVDM,1,1,,,13Ji6D002S;jN51k1>r;s9WJ00Sc,0*04
\s:66,c:1782377507*13\!AIVDM,1,1,,,144iPQ?P@2c;;l@N8F;a:7EF253<,0*00
\s:66,c:1782377502*16\!AIVDM,1,1,,,13A9gP001mvLJN3qI@sm4D3<253<,0*6A
\s:66,c:1782377494*18\!AIVDM,1,1,,,15TCIv0OieKd@eT62PPUWDR`053<,0*1C
\s:66,c:1782377509*1D\!AIVDM,1,1,,,Kn:5JN<4IqQtwSRt,0*5E
\s:66,c:1782377502*16\!AIVDM,1,1,,,15Q98b001tI40m4<;MN8G6W608Eo,0*0E
\s:66,c:1782377493*1F\!AIVDM,1,1,,,K3MC0raOpo3;;0;H,0*12
\s:66,c:1782377511*14\!AIVDM,1,1,,,KkEkENewnAkK@1jP,0*34
\s:66,c:1782377501*15\!AIVDM,1,1,,,19NSp8@uitMur=P13QmGT5W800Rl,0*7C
\s:66,c:1782377507*13\!AIVDM,1,1,,,KmBIR20?Eo13`U:d,0*66
\s:66,c:1782377509*1D\!AIVDM,1,1,,,KqNSp8@>uI@8a6<4,0*6D
\s:66,c:1782377505*11\!AIVDM,1,1,,,K8I:pm1LJW1aIP0H,0*2B
\s:66,c:1782377508*1C\!AIVDM,1,1,,,Kk959005V8>bi4bl,0*26
\s:66,c:1782377503*17\!AIVDM,1,1,,,14`Ut8P01`LTvvAi61P9fGbD00S4,0*14
\s:66,c:1782377508*1C\!AIVDM,1,1,,,168vhj`PB4HSG1?vS7mrmpgB00Rn,0*31
\s:66,c:1782377502*16\!AIVDM,1,1,,,34`V23@01gLMWNSfUtS@vPs<0C7u,0*36
\s:66,c:1782377509*1D\!AIVDM,1,1,,,14WJCr001iML>g?mcIchq0kN053<,0*53
\s:66,c:1782377509*1D\!AIVDM,1,1,,,14`Ut8P01`LTvlmi616qhGb`0D0c,0*66
\s:66,c:1782377503*17\!AIVDM,1,1,,,33Ef6=7OhtS1vaagUudcAGuB26KC,0*42
\s:66,c:1782377500*14\!AIVDM,1,1,,,18I7p@01BdK7CmR8<JNl8SA88L02,0*0F
\s:66,c:1782377507*13\!AIVDM,1,1,,,K8I:pm1LJW1aIP0H,0*2B
\s:66,c:1782377509*1D\!AIVDM,1,1,,,K8I:pm1LJW1aIP0H,0*2B
\s:66,c:1782377506*12\!AIVDM,1,1,,,KkfDWv9@FD2wo00<,0*29
\s:66,c:1782377508*1C\!AIVDM,1,1,,,KkadG29@;=3p@P6l,0*41
\s:66,c:1782377504*10\!AIVDM,1,1,,,Kr5dse<OO1Pg>P;h,0*1E
\s:66,c:1782377502*16\!AIVDM,1,1,,,K7`O>u<6ITuCD0Ot,0*11
\s:66,c:1782377500*14\!AIVDM,1,1,,,17`O>u0P04dOtm1brlGl?Ow82HEi,0*5C
\s:66,c:1782377500*14\!AIVDM,1,1,,,15QHdh0029<h=Ki`wEOHwo780000,0*74
\s:66,c:1782377502*16\!AIVDM,1,1,,,35QHdh0025<h=IQ`wEDa1G7<02hi,0*0B
\s:66,c:1782377503*17\!AIVDM,1,1,,,KqjgBA<0=10@E3gD,0*76
\s:66,c:1782377504*10\!AIVDM,1,1,,,13LCKB001JL;HeH`Q:s3pk1F1d00,0*78
\s:66,c:1782377504*10\!AIVDM,1,1,,,Ko7Wn50DF1>QiPB4,0*5B
\s:66,c:1782377504*10\!AIVDM,1,1,,,Ko7Wn50DF1>QiPB4,0*5B
\s:66,c:1782377509*1D\!AIVDM,1,1,,,Km`IAGS=hqA4L0;<,0*17
\s:66,c:1782377511*14\!AIVDM,1,1,,,B2vg2000<g3L@eOhPhn17woVSP06,0*39
\s:66,c:1782377509*1D\!AIVDM,1,1,,,Kn::Oj=D0e1Tf028,0*72
\s:66,c:1782377507*13\!AIVDM,1,1,,,KmBUvr?u5LPb=POt,0*05
\s:66,c:1782377496*1A\!AIVDM,1,1,,,Kk8ak00?v4Sd@4gt,0*58
\s:66,c:1782377501*15\!AIVDM,1,1,,,Kke2N:0@0oSsDP80,0*77
\s:66,c:1782377508*1C\!AIVDM,1,1,,,K3@pJaow;6Bq0TS4,0*21
\s:66,c:1782377509*1D\!AIVDM,1,1,,,K3@pJaow;6Bq0TS4,0*21
\s:66,c:1782377503*17\!AIVDM,1,1,,,KmOEc3;sO`3QBP<t,0*44
\s:66,c:1782377504*10\!AIVDM,1,1,,,H7`B=0@<E9HE`63:22222222220,2*57
\s:66,c:1782377505*11\!AIVDM,1,1,,,B39JK<00>UAb4guPM0vRowmQl@IC,0*77
\s:66,c:1782377504*10\!AIVDM,1,1,,,KmB@8N05`=PjV5C<,0*4B
\s:66,c:1782377504*10\!AIVDM,1,1,,,Kl`INp1M`2jGPPC<,0*2B
\s:66,c:1782377504*10\!AIVDM,1,1,,,KlaN1V0=JviUm7Wp,0*78
\s:66,c:1782377506*12\!AIVDM,1,1,,,H7`B=0@<E9HE`63:22222222220,2*57
\s:66,c:1782377503*17\!AIVDM,1,1,,,KrU8e90>UNO4?P2@,0*1C
\s:66,c:1782377503*17\!AIVDM,1,1,,,34Q7Bt4OhSD>9KVO`8QeGJm<0000,0*51
\s:66,c:1782377505*11\!AIVDM,1,1,,,KmB@8N05`=PjV5C<,0*4B
\s:66,c:1782377505*11\!AIVDM,1,1,,,16?Unf@w1w1;AsudN9j4dSgB08I5,0*15
\s:66,c:1782377504*10\!AIVDM,1,1,,,KrU8e90>UNO4?P2@,0*1C
\s:66,c:1782377500*14\!AIVDM,1,1,,,1:U7:S0P00L5KTcvWUmIUOw82D0U,0*14
\s:66,c:1782377502*16\!AIVDM,1,1,,,KlaN1V0=JviUm7Wp,0*78
\s:66,c:1782377504*10\!AIVDM,1,1,,,KrU8e90>UNO4?P2@,0*1C
\s:66,c:1782377508*1C\!AIVDM,1,1,,,C8l5MI@01mu;<gujTW800Mv0PBL>`2BTNL?WUgKc1ck:00411R2P,0*04
\s:66,c:1782377502*16\!AIVDM,1,1,,,15Tljd0wBvp?oe6;pI>KVID`053<,0*13
\s:66,c:1782377496*1A\!AIVDM,1,1,,,KkIPwNd?rOkK1POt,0*7B
\s:66,c:1782377501*15\!AIVDM,1,1,,,KkP=;ViwidCWL2?p,0*71
\s:66,c:1782377501*15\!AIVDM,1,1,,,Km`V<S80F8S0wUjT,0*11
\s:66,c:1782377507*13\!AIVDM,1,1,,,K9t6U:h?Mg@j;0FD,0*66
\s:66,c:1782377503*17\!AIVDM,1,1,,,KmO1>s=KPNSEj0Ot,0*6D
\s:66,c:1782377502*16\!AIVDM,1,1,,,B6<q6D009M6<4EJ`ANQO3wkVSP06,0*64
\s:66,c:1782377510*15\!AIVDM,1,1,,,14QN040w1I<aQmQcBAeJ=WwN00S9,0*00
\s:66,c:1782377508*1C\!AIVDM,1,1,,,17fu9rh01FEAdeWnVw5eec;L08Kt,0*1D
\s:66,c:1782377504*10\!AIVDM,1,1,,,KoOo<VQEEavhT0>0,0*4D
\s:66,c:1782377507*13\!AIVDM,1,1,,,KpI;DT01So@w>67T,0*5F
\s:66,c:1782377507*13\!AIVDM,1,1,,,Kn?Ugqh2asiUlP>L,0*04
\s:66,c:1782377504*10\!AIVDM,1,1,,,KoOo<VQEEavhT0>0,0*4D
\s:66,c:1782377508*1C\!AIVDM,1,1,,,Kk=Il283tTvvU7Ed,0*05
\s:66,c:1782377506*12\!AIVDM,1,1,,,382wlQ7PA6;nb01kIwd;Oa;D01v0,0*2E
\s:66,c:1782377507*13\!AIVDM,1,1,,,17727`002:DrOJPJ=A@K>pqH0<01,0*1F
\s:66,c:1782377507*13\!AIVDM,1,1,,,K9t6U:h?Mg@j;0FD,0*66
\s:66,c:1782377504*10\!AIVDM,1,1,,,19NSGIh01qLfnh<2cE1QfA9D08ID,0*5F
\s:66,c:1782377507*13\!AIVDM,1,1,,,KpI;DT01So@w>67T,0*5F
\s:66,c:1782377499*15\!AIVDM,1,1,,,KkLCbr9wfgTODRDp,0*2E
\s:66,c:1782377501*15\!AIVDM,1,1,,,KkcND08=kvkKbVE4,0*63
\s:66,c:1782377507*13\!AIVDM,1,1,,,13VULT021QuTlWtCc8lB=1eF053<,0*61
\s:66,c:1782377509*1D\!AIVDM,1,1,,,13ehON001mNllsT=jHp`BVcN0<1=,0*6A
\s:66,c:1782377509*1D\!AIVDM,1,1,,,KqNSjmpON@0f8P=@,0*35
\s:66,c:1782377505*11\!AIVDM,1,1,,,KmOEJE;<Q8j;PSeH,0*55
\s:66,c:1782377509*1D\!AIVDM,1,1,,,H52TJh1<D61<P59000000000000,2*72
\s:66,c:1782377505*11\!AIVDM,1,1,,,B69D;1h0<5A21dNbDnVQCwv63P06,0*03
\s:66,c:1782377504*10\!AIVDM,1,1,,,15BVJ@001j5BNud7c<;=B:S>0HGc,0*29
\s:66,c:1782377504*10\!AIVDM,1,1,,,403OvjQuJl`kao<AN:KlBTw02D2H,0*77
\s:66,c:1782377504*10\!AIVDM,1,1,,,KolceF0Cv6gR6P7D,0*7C
\s:66,c:1782377506*12\!AIVDM,1,1,,,18303V7P1F;qL23k@>E25wwF0D08,0*72
\s:66,c:1782377504*10\!AIVDM,1,1,,,Kru0ISQtva?rp5Ot,0*00
\s:66,c:1782377505*11\!AIVDM,1,1,,,KpHtG905>ARijV>0,0*6D
\s:66,c:1782377502*16\!AIVDM,1,1,,,18I81?00130n<hMgtdimmTM:08G?,0*19
\s:66,c:1782377500*14\!AIVDM,1,1,,,KpUw6<1Mob0Ok06<,0*2B
\s:66,c:1782377502*16\!AIVDM,1,1,,,1595J3`P00Jm`R@6vVHP0?w@0@HE,0*38
\s:66,c:1782377509*1D\!AIVDM,1,1,,,K6:8?=PCvwAQU0>T,0*17
\s:66,c:1782377507*13\!AIVDM,1,1,,,KolceF0Cv6gR6P7D,0*7C
\s:66,c:1782377501*15\!AIVDM,1,1,,,KkP==4h03GCj10>l,0*75
\s:66,c:1782377501*15\!AIVDM,1,1,,,KkGRkA<0:J3<W3Ql,0*52
\s:66,c:1782377511*14\!AIVDM,1,1,,,Kkcuh7?hLukDoPOt,0*4B
\s:66,c:1782377507*13\!AIVDM,1,1,,,Kl2O;@POI;hvuP9h,0*41
\s:66,c:1782377505*11\!AIVDM,1,1,,,KmOAFhaLk6Bio0=L,0*14
\s:66,c:1782377504*10\!AIVDM,1,1,,,17`B0LE00r<IK0C`Qsq6Hm5@0U3<,0*7A
\s:66,c:1782377504*10\!AIVDM,1,1,,,15NQb>0P01li9j8QV<mv4?wB28HW,0*24
\s:66,c:1782377504*10\!AIVDM,1,1,,,Kolj:tdD?;weePD4,0*78
\s:66,c:1782377504*10\!AIVDM,1,1,,,KmNQUM==IPS6QPOt,0*00
\s:66,c:1782377502*16\!AIVDM,1,1,,,Kp2waU861T>Jm4j@,0*41
\s:66,c:1782377509*1D\!AIVDM,1,1,,,C>l9lb@01Dqpm8OgWam:kwnP3KSc11111111111111fd0000002P,0*53
\s:66,c:1782377503*17\!AIVDM,1,1,,,KnKLtV066QkSI07t,0*04
\s:66,c:1782377503*17\!AIVDM,1,1,,,KmNQb><:?u4C>0Ot,0*0C
\s:66,c:1782377505*11\!AIVDM,1,1,,,KnSh6P?lWlj=hR@P,0*0A
\s:66,c:1782377502*16\!AIVDM,1,1,,,KqlcND3hRCN0Twwt,0*4C
\s:66,c:1782377502*16\!AIVDM,1,1,,,K3VE=P0?l4uaG66L,0*29
\s:66,c:1782377502*16\!AIVDM,1,1,,,KmVOr:=MhPPua0Ot,0*17
\s:66,c:1782377507*13\!AIVDM,1,1,,,Kolj:tdD?;weePD4,0*78
\s:66,c:1782377509*1D\!AIVDM,1,1,,,1815PKP0AVHtUiuvTESccaIJ00Sq,0*07
\s:66,c:1782377493*1F\!AIVDM,1,1,,,Kkmc5F8>9ajP867`,0*07
\s:66,c:1782377501*15\!AIVDM,1,1,,,KkJrH40Ogpjem0Cd,0*1E
\s:66,c:1782377506*12\!AIVDM,1,1,,,Kko?7d1@<nTEn018,0*21
\s:66,c:1782377506*12\!AIVDM,1,1,,,Kkl3nIP>BL3>PV?h,0*03
\s:66,c:1782377501*15\!AIVDM,1,1,,,KkJrH40Ogpjem0Cd,0*1E
\s:66,c:1782377507*13\!AIVDM,1,1,,,177?1100AvNE28<5BajWl6?B08Ih,0*46
\s:66,c:1782377508*1C\!AIVDM,1,1,,,KmNT1Pc<LUR3?S2H,0*0B
\s:66,c:1782377506*12\!AIVDM,1,1,,,15NBb>?00=o4rCnK4eFTdheH0<0=,0*1D
\s:66,c:1782377509*1D\!AIVDM,1,1,,,14``=n0022GKA@f@LJ1TgkoN0L0D,0*5C
\s:66,c:1782377505*11\!AIVDM,1,1,,,Kofu;gQJQEfeTPCl,0*2B
\s:66,c:1782377503*17\!AIVDM,1,1,,,Kp15IAh0IWwSQRAH,0*38
\s:66,c:1782377509*1D\!AIVDM,1,1,,,19jh@i?P000Lmo@2GBLViwwL053<,0*17
\s:66,c:1782377504*10\!AIVDM,1,1,,,15N8:RP008Dm2RpOVGuRv2O>0<01,0*6D
\s:66,c:1782377504*10\!AIVDM,1,1,,,35N8:RPOh8Dm2RtOVGujkjO@011h,0*1A
\s:66,c:1782377502*16\!AIVDM,1,1,,,Kofu;gQJQEfeTPCl,0*2B
\s:66,c:1782377502*16\!AIVDM,1,1,,,Kp15IAh0IWwSQRAH,0*38
\s:66,c:1782377501*15\!AIVDM,1,1,,,14aRv0h01A5wajQgaugd2b?81d00,0*55
\s:66,c:1782377502*16\!AIVDM,1,1,,,1:U73L8Oh@M9<TOkmSGBIig?0@Gi,0*0B
\s:66,c:1782377502*16\!AIVDM,1,1,,,18I5hD00jHM93S9w0R0KdqM:053<,0*37
\s:66,c:1782377509*1D\!AIVDM,1,1,,,C69L1Dh0;UeBcVJWu1`Cswv0TNL?0j;1ScV000000000?1@?220P,0*70
\s:66,c:1782377509*1D\!AIVDM,1,1,,,1592uO0000HRO5D:qnB0en?B0@IE,0*2B
\s:66,c:1782377508*1C\!AIVDM,1,1,,,Kk`u7V802I3fDSf`,0*04
\s:66,c:1782377501*15\!AIVDM,1,1,,,Kp15Q40OOh@cH01H,0*47
\s:66,c:1782377504*10\!AIVDM,1,1,,,K9NScHP5;V@HG6aP,0*63
\s:66,c:1782377508*1C\!AIVDM,1,1,,,KolcbV?lCW0?H0E@,0*4D
\s:66,c:1782377503*17\!AIVDM,1,1,,,Kl4SNe06>FTD4U>D,0*79
\s:66,c:1782377501*15\!AIVDM,1,1,,,17PL1L003q8>P@3kVN?GCUu<0L0G,0*38
\s:66,c:1782377502*16\!AIVDM,1,1,,,Kp15Q40OOh@cH01H,0*47
\s:66,c:1782377504*10\!AIVDM,1,1,,,15V<8R3001M7HDKkAu@1hGUD00RC,0*5D
\g:1-2-5199774,s:66,c:1782377507*51\!AIVDM,2,1,4,,5:U7?W82B2v11GK3O<0htLTr0DpAE84p<D00001?EPa@@5e:0N0TTlh@,0*4D
\g:2-2-5199774*6D\!AIVDM,2,2,4,,000000000000000,2*61
\s:66,c:1782377494*18\!AIVDM,1,1,,,Kp157oPMdBiAu0AL,0*5B
\s:66,c:1782377500*14\!AIVDM,1,1,,,KmBUST0=U3hj:5j`,0*3D
\s:66,c:1782377501*15\!AIVDM,1,1,,,Kka4Ujh0:Akj5POt,0*51
\s:66,c:1782377511*14\!AIVDM,1,1,,,KkckKu00;EBv;`Th,0*5C
\s:66,c:1782377509*1D\!AIVDM,1,1,,,Kp15O2P?`vS5fVFH,0*04
\s:66,c:1782377509*1D\!AIVDM,1,1,,,KpI34L0NUtgft0?`,0*1B
\s:66,c:1782377503*17\!AIVDM,1,1,,,KmMwBk`<a0j?2P4H,0*14
\s:66,c:1782377502*16\!AIVDM,1,1,,,K3Vk=2?wJa1fr000,0*5B
\s:66,c:1782377504*10\!AIVDM,1,1,,,K5Br;p0B4M1mo0F0,0*1C
\s:66,c:1782377504*10\!AIVDM,1,1,,,Kn?aU?1Bt=PuJ0=H,0*66
\s:66,c:1782377503*17\!AIVDM,1,1,,,KpKG6b0@Kegag09L,0*7E
\s:66,c:1782377506*12\!AIVDM,1,1,,,Kn;DJT1@O6OFkP>d,0*43
\s:66,c:1782377501*15\!AIVDM,1,1,,,35NT5pgOh2o=3CDKl:r1LjO:00S@,0*34
\s:66,c:1782377501*15\!AIVDM,1,1,,,14V8>0001DnF2@4QHflelc3@8@G7,0*1B
\s:66,c:1782377507*13\!AIVDM,1,1,,,H52o50TNCD=AN0G000000000000t,0*6E
\s:66,c:1782377504*10\!AIVDM,1,1,,,I8;7Q43`o@gH`PFRSum4v74W>LSG,0*33
\s:66,c:1782377504*10\!AIVDM,1,1,,,Kp15MTp><OBTm94l,0*66
\s:66,c:1782377502*16\!AIVDM,1,1,,,16LmPT700n;e?T1gE9Ca07=D053<,0*55
\s:66,c:1782377509*1D\!AIVDM,1,1,,,17fu>9h01mCT<HAmOs;3D2cL0@KE,0*2D
\s:66,c:1782377507*13\!AIVDM,1,1,,,Kn;DJT1@O6OFkP>d,0*43
\s:66,c:1782377509*1D\!AIVDM,1,1,,,KpI34L0NUtgft0?`,0*1B
\s:66,c:1782377500*14\!AIVDM,1,1,,,Kk:wED0=gJ0q`U=p,0*12
\s:66,c:1782377511*14\!AIVDM,1,1,,,KpI34L0NUtgft0?`,0*1B
\s:66,c:1782377508*1C\!AIVDM,1,1,,,KkGRBd<06lkRh0f@,0*65
\s:66,c:1782377501*15\!AIVDM,1,1,,,Kn9L0KiwH5AQu0Ot,0*41
\s:66,c:1782377509*1D\!AIVDM,1,1,,,Kp15a1H?KgBm<61H,0*0F
\s:66,c:1782377509*1D\!AIVDM,1,1,,,Kkku8c0?NCh@Q5`p,0*5C
\s:66,c:1782377503*17\!AIVDM,1,1,,,KmNgIB;<f6Rw?RQp,0*5D
\s:66,c:1782377500*14\!AIVDM,1,1,,,B8UqJr009MDCtorhlsuu?wk6SP06,0*7C
\s:66,c:1782377503*17\!AIVDM,1,1,,,KqjjS@<0=MP@OSAl,0*13
\s:66,c:1782377509*1D\!AIVDM,1,1,,,Kkku8c0?NCh@Q5`p,0*5C
\s:66,c:1782377509*1D\!AIVDM,1,1,,,KqNSaW@@340L?P78,0*6D
\s:66,c:1782377506*12\!AIVDM,1,1,,,16TKmT0P0f<;n`auMD33iwwD053<,0*43
\s:66,c:1782377505*11\!AIVDM,1,1,,,Kkl3qvP0mb=KwVTt,0*07
\s:66,c:1782377509*1D\!AIVDM,1,1,,,19NSsb001aNs;Him<cdDn3m0053<,0*0C
\s:66,c:1782377509*1D\!AIVDM,1,1,,,Kkku8c0?NCh@Q5`p,0*5C
\s:66,c:1782377510*15\!AIVDM,1,1,,,Kkl3qvP0mb=KwVTt,0*07
\s:66,c:1782377500*14\!AIVDM,1,1,,,15AJNp001:M8T=ivnTuDBkIJ0<07,0*74
\s:66,c:1782377502*16\!AIVDM,1,1,,,1815Eo001lMpssewGit0o0m:053<,0*5A
\s:66,c:1782377511*14\!AIVDM,1,1,,,1;T2u@P000KQ:`p4joKE@`7T0@MI,0*66
\s:66,c:1782377508*1C\!AIVDM,1,1,,,C3i<R?P0?=r>B?r`=`cMkTN0TAcSkKQkKkg:0000000000D2RRR0,0*0A
\s:66,c:1782377509*1D\!AIVDM,1,1,,,KmURl004J;jF453T,0*25
\s:66,c:1782377510*15\!AIVDM,1,1,,,KmURl004J;jF453T,0*25
\s:66,c:1782377509*1D\!AIVDM,1,1,,,K3VTN40?pO0<`V@l,0*41
\s:66,c:1782377502*16\!AIVDM,1,1,,,17`B@8PP01dOup=bruVN4?w>2<0P,0*78
\g:1-2-5199775,s:66,c:1782377510*56\!AIVDM,2,1,5,,57`NA:40=Fb5`m=J221=0U8UB0tJ0pEM`D4h4p@w3P9551j90:D4RCPi,0*35
\g:2-2-5199775*6C\!AIVDM,2,2,5,,Dp5j0DQ`8888880,2*4E
\s:66,c:1782377507*13\!AIVDM,1,1,,,Kn13H3d1mEAv>03P,0*1C
\s:66,c:1782377509*1D\!AIVDM,1,1,,,K3VTN40?pO0<`V@l,0*41
\s:66,c:1782377504*10\!AIVDM,1,1,,,KmN55PP<tJk3O2Sd,0*1F
\s:66,c:1782377503*17\!AIVDM,1,1,,,KsDjfKau=@vw@004,0*40
\s:66,c:1782377504*10\!AIVDM,1,1,,,KsDjfKau=@vw@004,0*40
\s:66,c:1782377508*1C\!AIVDM,1,1,,,3819E00PAFqa4`v0kEdPUPcF00n@,0*60
\s:66,c:1782377507*13\!AIVDM,1,1,,,KkP;l7@>alf<rTiP,0*41
\s:66,c:1782377510*15\!AIVDM,1,1,,,19NSjW@s211EA6Ad93=c>8uH0<0S,0*59
\s:66,c:1782377509*1D\!AIVDM,1,1,,,Km`I?r<=gmPiqPOt,0*0D
\s:66,c:1782377509*1D\!AIVDM,1,1,,,C00<dQP0>Mwdqnub<twIcTN0hVEUQiKeKkk:0000000000D2RRR0,0*47
\s:66,c:1782377507*13\!AIVDM,1,1,,,KmNQw2c<ds2;kPDH,0*6D
\s:66,c:1782377504*10\!AIVDM,1,1,,,KkGRcM?h3=SVnPS<,0*71
\s:66,c:1782377506*12\!AIVDM,1,1,,,KkJI3g=@QiSBg0Ot,0*28
\s:66,c:1782377507*13\!AIVDM,1,1,,,18I<CM002fvgISh<Jp6H6nQB0<2i,0*46
\s:66,c:1782377505*11\!AIVDM,1,1,,,KmNDobd<fw2ea0A0,0*78
\s:66,c:1782377494*18\!AIVDM,1,1,,,Ko`d041n:6LU4UCh,0*43
\s:66,c:1782377500*14\!AIVDM,1,1,,,C>oi:s@08E6H0nrc>:q`H010@a04bNkKQS11SQQ:0001T0H21QR0,0*5A
\s:66,c:1782377502*16\!AIVDM,1,1,,,1G`d047PAc<1fT1UAVj<Bqo:0000,0*28
\s:66,c:1782377506*12\!AIVDM,1,1,,,B5Nb0Q000=q31h4kf5SQ2=n1nD`:,0*65
\s:66,c:1782377509*1D\!AIVDM,1,1,,,Kp15?5<08f0I>U:0,0*18
\s:66,c:1782377504*10\!AIVDM,1,1,,,15OD5J00h0ECs;NRIVNb0UWD08HV,0*4E
\s:66,c:1782377504*10\!AIVDM,1,1,,,Km3Qkp8MIO36TP4h,0*16
\s:66,c:1782377506*12\!AIVDM,1,1,,,16LUID001l;cl8woQG=ho0iJ0HJc,0*53
\s:66,c:1782377503*17\!AIVDM,1,1,,,Kn9L1s@=9j>a40>T,0*6A
\s:66,c:1782377504*10\!AIVDM,1,1,,,Kn9L1s@=9j>a40>T,0*6A
\s:66,c:1782377508*1C\!AIVDM,1,1,,,1:u0MHo01Fr;?paw?OTB<ATt00Rs,0*0E
\s:66,c:1782377505*11\!AIVDM,1,1,,,18Huh=00jA0Nga;kV9d9l7kD053<,0*49
\s:66,c:1782377501*15\!AIVDM,1,1,,,C>jph6005qc?1ss4<FI2CwP1kkUiiUgSUKgk;11111100080Q0R0,0*31
\s:66,c:1782377504*10\!AIVDM,1,1,,,18I1nD021;LuJDAihI?SckO@0@IL,0*14
\s:66,c:1782377500*14\!AIVDM,1,1,,,1815IAP00vKqEG04BJ9`wo1<053<,0*36
\s:66,c:1782377493*1F\!AIVDM,1,1,,,Kl1fsj<@9JSiPRm@,0*14
\s:66,c:1782377508*1C\!AIVDM,1,1,,,Kk3vvgch:5ShV0>h,0*1C
\s:66,c:1782377504*10\!AIVDM,1,1,,,1815:I001gNs39<4CQ:dibKB0<08,0*3A
\s:66,c:1782377505*11\!AIVDM,1,1,,,15NRmaPOhvoV8l`BdpDlOkCJ053<,0*26
\s:66,c:1782377510*15\!AIVDM,1,1,,,Kp15F0@6I2uOrU`4,0*6A
\s:66,c:1782377508*1C\!AIVDM,1,1,,,KnTECV>;7OP9bQWH,0*7E
\s:66,c:1782377504*10\!AIVDM,1,1,,,36T=8:0P@T<CkUcuTQqmW4?<00u0,0*16
\s:66,c:1782377504*10\!AIVDM,1,1,,,Kq5mwbh24CAoP00D,0*07
\s:66,c:1782377501*15\!AIVDM,1,1,,,15NRlL0P00DfPIdPtI3e3ww>20Sr,0*75
\s:66,c:1782377504*10\!AIVDM,1,1,,,8>k1oE1KpBjS?B42amBWmre0<N00,0*3A
\s:66,c:1782377509*1D\!AIVDM,1,1,,,Kp15F0@6I2uOrU`4,0*6A
\s:66,c:1782377503*17\!AIVDM,1,1,,,Kp15`Oh>p>uV64@p,0*7E
\s:66,c:1782377504*10\!AIVDM,1,1,,,17Onbb00008NjBQlH8GKgaA@00RT,0*5E
\s:66,c:1782377509*1D\!AIVDM,1,1,,,Kp15JE0NGnfCMP5D,0*49
\s:66,c:1782377507*13\!AIVDM,1,1,,,Klh>BL5M4HiuHPAT,0*0D
\s:66,c:1782377502*16\!AIVDM,1,1,,,13A1cp011RHmct28tPeDJ3S40D00,0*33
\s:66,c:1782377509*1D\!AIVDM,1,1,,,138qjL002lokjA`?@0ELRJ5D08IR,0*27
\s:66,c:1782377509*1D\!AIVDM,1,1,,,KnTECV>;7OP9bQWH,0*7E
\s:66,c:1782377501*15\!AIVDM,1,1,,,KkaeA`1@;MS;T04D,0*19
\s:66,c:1782377501*15\!AIVDM,1,1,,,Kkku:?ANvM2o3P24,0*50
\s:66,c:1782377501*15\!AIVDM,1,1,,,Kkku:?ANvM2o3P24,0*50
\s:66,c:1782377503*17\!AIVDM,1,1,,,KleGkSqKOJCUf0C<,0*5A
\s:66,c:1782377503*17\!AIVDM,1,1,,,KleGkSqKOJCUf0C<,0*5A
\s:66,c:1782377505*11\!AIVDM,1,1,,,B>l3dn001U`TW0PPA10ACwm4SP06,0*10
\s:66,c:1782377504*10\!AIVDM,1,1,,,KoP49D05VuuwaSe<,0*15
\s:66,c:1782377506*12\!AIVDM,1,1,,,35Wlgn0P@9PmUQOsVkUd7oSB00e0,0*5F
\s:66,c:1782377506*12\!AIVDM,1,1,,,18P2v40P00CN3ISkqsjrS?wF00S5,0*40
\s:66,c:1782377508*1C\!AIVDM,1,1,,,K:u0QwH=2lOs`PA4,0*27
\s:66,c:1782377505*11\!AIVDM,1,1,,,13m;<u001nP8llkhu46cgqIF0L02,0*3D
\s:66,c:1782377500*14\!AIVDM,1,1,,,KlcrEP0NH0wlW05`,0*6B
\s:66,c:1782377509*1D\!AIVDM,1,1,,,K:u0QwH=2lOs`PA4,0*27
\s:66,c:1782377509*1D\!AIVDM,1,1,,,C>l3dn001U`TW0PPA10ACwm1kkaSSQeiQ111111111jd0000002P,0*21
\s:66,c:1782377493*1F\!AIVDM,1,1,,,KqNSd1L@t@DHKPF<,0*40
\s:66,c:1782377499*15\!AIVDM,1,1,,,Kkmic>0=pb3NPTU<,0*11
\s:66,c:1782377504*10\!AIVDM,1,1,,,Kk9wj3=@>O3o0POt,0*5B
\s:66,c:1782377504*10\!AIVDM,1,1,,,Kku?mQa@dADFMP>l,0*78
\s:66,c:1782377503*17\!AIVDM,1,1,,,Kp15V=PLTSj9iPCp,0*71
\s:66,c:1782377504*10\!AIVDM,1,1,,,Kn?Ul3P2SO1ajRCp,0*52
\s:66,c:1782377501*15\!AIVDM,1,1,,,15NKPD5PA>n4EJDQN4b;4po<00Rt,0*3A
\s:66,c:1782377504*10\!AIVDM,1,1,,,KrtvANL<ea?t@SWt,0*5C
\s:66,c:1782377505*11\!AIVDM,1,1,,,KlaRv?:4QN27F4eh,0*51
\s:66,c:1782377504*10\!AIVDM,1,1,,,B>l16U@031WT1Ms5eg:FgwtTSP06,0*25
\s:66,c:1782377504*10\!AIVDM,1,1,,,1:U7UP8P00uOrW9s<l4oswwH253<,0*0E
\s:66,c:1782377510*15\!AIVDM,1,1,,,377a:M001L0J:uWeO`RCoC:t0Dt=,0*59
\s:66,c:1782377493*1F\!AIVDM,1,1,,,KkE`o:ewssBew14@,0*30
\s:66,c:1782377504*10\!AIVDM,1,1,,,KkHopP0?pCSKJ0EP,0*0B
\s:66,c:1782377508*1C\!AIVDM,1,1,,,Kkblob009ICns0;p,0*11
\s:66,c:1782377511*14\!AIVDM,1,1,,,KkP7Tggwr@Se>POt,0*52
\s:66,c:1782377500*14\!AIVDM,1,1,,,B7`BNh@11S8>ioJg?KVR3wk1h<0a,0*43
\s:66,c:1782377504*10\!AIVDM,1,1,,,16K?IJ0P@g;@K6SWl:1b47cF08Ii,0*59
\s:66,c:1782377509*1D\!AIVDM,1,1,,,Kk3wQ:09ugC3h5B4,0*28
\s:66,c:1782377503*17\!AIVDM,1,1,,,13iAqLP0010iViutQQMPkG1D0D0A,0*37
\s:66,c:1782377502*16\!AIVDM,1,1,,,B69H07h0:4n<1tO64jlp3h<TSP00,0*2F
\s:66,c:1782377506*12\!AIVDM,1,1,,,15@`4nhuQW;s5:miQ6f5547@08I?,0*7D
\s:66,c:1782377503*17\!AIVDM,1,1,,,Kn9D9pP=<;fV3POt,0*74
\s:66,c:1782377503*17\!AIVDM,1,1,,,19NSjHh2B:bdTT4HsAojdB=60<06,0*18
\s:66,c:1782377503*17\!AIVDM,1,1,,,13=gRb001w;93n2KIAej?1kB0L03,0*30
\s:66,c:1782377504*10\!AIVDM,1,1,,,Kn9D9pP=<;fV3POt,0*74
\s:66,c:1782377504*10\!AIVDM,1,1,,,17OddB`0008Nl8ElGN4S`PM>0HIN,0*65
\s:66,c:1782377510*15\!AIVDM,1,1,,,Kn:G7?QDtp2RTP4`,0*16
\s:66,c:1782377502*16\!AIVDM,1,1,,,B8Vc>J002F2CvA3KVdU;KwhQjFJb,0*4B
\s:66,c:1782377509*1D\!AIVDM,1,1,,,14S2UT0OivI3Fdl=7w;`oW5F0HIJ,0*40
\s:66,c:1782377509*1D\!AIVDM,1,1,,,KkfDsP0<1k1G@9BP,0*0D
\s:66,c:1782377496*1A\!AIVDM,1,1,,,Kl1tjP=@Gv3m:POt,0*7C
\s:66,c:1782377506*12\!AIVDM,1,1,,,K4hM669@H03=U0:`,0*0D
\s:66,c:1782377507*13\!AIVDM,1,1,,,14tWfr?P00NqN9V@72ru=OwJ2HJv,0*6F
\s:66,c:1782377503*17\!AIVDM,1,1,,,35N0dW5P00G?uv0K?F@0:OwT0000,0*16
\s:66,c:1782377509*1D\!AIVDM,1,1,,,34eGlpPPABo96c2L7p>KfaMT0000,0*0C
\s:66,c:1782377506*12\!AIVDM,1,1,,,Kp15bRi@7t@N<07p,0*47
\s:66,c:1782377508*1C\!AIVDM,1,1,,,Kom:2c34AdwrSP?l,0*32
\s:66,c:1782377509*1D\!AIVDM,1,1,,,39NSas@5Qk<UV?CltTHRe2=H014@,0*6F
\g:1-2-5199776,s:66,c:1782377504*50\!AIVDM,2,1,6,,53luW<02A=>;TP7K33DduE8Ttr2222222222221IB`R:F5`50HQ@p331,0*63
\g:2-2-5199776*6F\!AIVDM,2,2,6,,888888888888880,2*63
\g:1-2-5199777,s:66,c:1782377504*51\!AIVDM,2,1,7,,53ljsV82?w=gTP7;W3L<l60<Ln1<4m<tr2222216NQKFD5fh0ShECAC8,0*07
\g:2-2-5199777*6E\!AIVDM,2,2,7,,888888888888880,2*62
\s:66,c:1782377500*14\!AIVDM,1,1,,,Kkl3tbP=Q:A=RS`4,0*21
\s:66,c:1782377501*15\!AIVDM,1,1,,,KkcaGl80MJC@67CP,0*70
\s:66,c:1782377504*10\!AIVDM,1,1,,,Kkb2lR9@mw4cFP1T,0*6E
\s:66,c:1782377504*10\!AIVDM,1,1,,,Kp15MT@?ah2IaV=l,0*2A
\s:66,c:1782377509*1D\!AIVDM,1,1,,,KklgLt0?BD1J:UQP,0*68
\s:66,c:1782377503*17\!AIVDM,1,1,,,KmMw;U<<e?B9L0Ot,0*73
\s:66,c:1782377500*14\!AIVDM,1,1,,,B7OoUrP00382J2rhf3oQ3wjQjDir,0*3F
\s:66,c:1782377504*10\!AIVDM,1,1,,,KmUqQ89Bc`QA20;h,0*35
\s:66,c:1782377501*15\!AIVDM,1,1,,,18I>B10vhFnGaafL7SOQP2g>0<05,0*49
\s:66,c:1782377510*15\!AIVDM,1,1,,,18I2BL001km<m38NCoeT2k=J0pLB,0*45
\s:66,c:1782377504*10\!AIVDM,1,1,,,Kp151DtD=oPH7POt,0*0B
\s:66,c:1782377502*16\!AIVDM,1,1,,,1815T=@01t12?>QdOeas6Hm000S>,0*77
\s:66,c:1782377501*15\!AIVDM,1,1,,,3394F>042l8BL;3cc8USc2o601Bh,0*6B
\s:66,c:1782377507*13\!AIVDM,1,1,,,KrU7sJQNf5gHaP50,0*52
\s:66,c:1782377509*1D\!AIVDM,1,1,,,KrU7sJQNf5gHaP50,0*52
\s:66,c:1782377511*14\!AIVDM,1,1,,,Kp15IetM4f@cu0=`,0*24
\s:66,c:1782377509*1D\!AIVDM,1,1,,,Kn9EHc<4I:1t2POt,0*72
\s:66,c:1782377507*13\!AIVDM,1,1,,,K3MCW<ou2GB85POt,0*31
\s:66,c:1782377507*13\!AIVDM,1,1,,,Km?dTo03ei@fFP=L,0*6F
\s:66,c:1782377510*15\!AIVDM,1,1,,,Kn9EHc<4I:1t2POt,0*72
\s:66,c:1782377509*1D\!AIVDM,1,1,,,15960pW000HHum:=B4a@LROF00RA,0*07
\s:66,c:1782377493*1F\!AIVDM,1,1,,,Kk@nfop0J4T<d00T,0*06
\s:66,c:1782377506*12\!AIVDM,1,1,,,KkMCHFH?j9SwwP4@,0*14
\s:66,c:1782377508*1C\!AIVDM,1,1,,,KkEeiA=wi9RdQ0Ot,0*39
\s:66,c:1782377507*13\!AIVDM,1,1,,,13VKgN0022wO6C`DQa7:;p5H08Jp,0*01
\s:66,c:1782377509*1D\!AIVDM,1,1,,,KkEeiA=wi9RdQ0Ot,0*39
\s:66,c:1782377503*17\!AIVDM,1,1,,,KmNeevd<UJB=cPOt,0*49
\s:66,c:1782377506*12\!AIVDM,1,1,,,18Ht0O002DnfJuL@qqA4MCU0053<,0*74
\s:66,c:1782377505*11\!AIVDM,1,1,,,19NSg5h01sEomkf<tIKaUoR60D00,0*71
\s:66,c:1782377504*10\!AIVDM,1,1,,,15N9r40P08Eefs:66,0*31
\s:66,c:1782377507*13\!AIVDM,1,1,,,15N7v00000DghwjQRus`?5GJ053<,0*62
\s:66,c:1782377510*15\!AIVDM,1,1,,,KltCBD<=uk5Hc0Ot,0*7B
\s:66,c:1782377500*14\!AIVDM,1,1,,,1815T:k2h1L0V0R4:TFWSRk>0HFp,0*1D
\s:66,c:1782377509*1D\!AIVDM,1,1,,,Kn:7o204HDjU<67H,0*50
\s:66,c:1782377510*15\!AIVDM,1,1,,,Kn:7o204HDjU<67H,0*50
\s:66,c:1782377501*15\!AIVDM,1,1,,,Kk9crf=@G@kaJPOt,0*58
\s:66,c:1782377504*10\!AIVDM,1,1,,,Kk@oFfm@J144vP@T,0*2C
\s:66,c:1782377505*11\!AIVDM,1,1,,,15RFIv002FG4dkhDhE`;hIMF0D0D,0*30
\s:66,c:1782377500*14\!AIVDM,1,1,,,37f6Es5000<OuQmbrsMD8lC20DwJ,0*3C
\s:66,c:1782377504*10\!AIVDM,1,1,,,KoOgQg`5LRfQ0P>P,0*2F
\s:66,c:1782377503*17\!AIVDM,1,1,,,Kp15WDP0?nhBJ5Sh,0*14
\s:66,c:1782377510*15\!AIVDM,1,1,,,1459tA001Uk?SqjSmIo9gGiF2d0=,0*56
\s:66,c:1782377510*15\!AIVDM,1,1,,,19NSU3P0ROljHi8NslJbWHO20<02,0*63
\s:66,c:1782377504*10\!AIVDM,1,1,,,KoOgQg`5LRfQ0P>P,0*2F
\s:66,c:1782377502*16\!AIVDM,1,1,,,388fic7OhdmTrCQp`cdJOow:20u@,0*12
\s:66,c:1782377504*10\!AIVDM,1,1,,,19NSNbP2jiJf>cAjfdC=Erg88@Fl,0*23
\s:66,c:1782377502*16\!AIVDM,1,1,,,KkMAmu@0mQMM?V@P,0*66
\s:66,c:1782377503*17\!AIVDM,1,1,,,KkMAmu@0mQMM?V@P,0*66
\s:66,c:1782377501*15\!AIVDM,1,1,,,KkaDrmt0A4kdrR:0,0*69
\s:66,c:1782377504*10\!AIVDM,1,1,,,KkuBsfd@JADDu0Ot,0*34
\s:66,c:1782377511*14\!AIVDM,1,1,,,KkM8iF<?hSlSdP;L,0*59
\s:66,c:1782377508*1C\!AIVDM,1,1,,,Ko7hL51KQD2i;0DT,0*4A
\s:66,c:1782377509*1D\!AIVDM,1,1,,,Ko7hL51KQD2i;0DT,0*4A
\s:66,c:1782377504*10\!AIVDM,1,1,,,K6OkEA`iskAkd1cl,0*5B
\s:66,c:1782377509*1D\!AIVDM,1,1,,,88w:D3hj2dLL<<0000000AU500t0,0*5C
\s:66,c:1782377504*10\!AIVDM,1,1,,,15NJ`s01@0lg6hhQCC43T2kB0D0G,0*22
\s:66,c:1782377504*10\!AIVDM,1,1,,,1:p;hu0P1IrKFUJ1mSOHhgw@08Hk,0*59
\s:66,c:1782377507*13\!AIVDM,1,1,,,1815O1@01pM0h5uhtRvK4pi<0D06,0*60
\s:66,c:1782377500*14\!AIVDM,1,1,,,8:U6uPh0G@:?>G1?>00,2*32
\s:66,c:1782377504*10\!AIVDM,1,1,,,14ch1F0025LfAQIwd3bcC`uD0<03,0*56
\s:66,c:1782377507*13\!AIVDM,1,1,,,K6OkEA`iskAkd1cl,0*5B
\s:66,c:1782377499*15\!AIVDM,1,1,,,Kk8G7d0?kIRaFP8L,0*17
\s:66,c:1782377499*15\!AIVDM,1,1,,,Ks26jt1OcQS5tP:0,0*41
\s:66,c:1782377499*15\!AIVDM,1,1,,,KkP>I91@8kSo00ml,0*46
\s:66,c:1782377504*10\!AIVDM,1,1,,,Kk=f100OwskWvP=h,0*29
\s:66,c:1782377501*15\!AIVDM,1,1,,,14``9:0uAiw8508A102HQ6m40HEg,0*20
\s:66,c:1782377507*13\!AIVDM,1,1,,,1815HjP01UNk96f4qbIEblOL0?wt,0*2A
\s:66,c:1782377503*17\!AIVDM,1,1,,,K5OED7WsThBUg0Ot,0*03
\s:66,c:1782377503*17\!AIVDM,1,1,,,K5OED7WsThBUg0Ot,0*03
\s:66,c:1782377502*16\!AIVDM,1,1,,,Kk8G7d0?kIRaFP8L,0*17
\s:66,c:1782377507*13\!AIVDM,1,1,,,Kl`V2e81LqiII6`l,0*46
\s:66,c:1782377501*15\!AIVDM,1,1,,,15Mqi8P000lb0q2QbcKjhUm80@FO,0*73
\s:66,c:1782377504*10\!AIVDM,1,1,,,B08qN<P04nrTQ>`vuWE:<sDP@53<,0*37
\s:66,c:1782377504*10\!AIVDM,1,1,,,KqNSDA@>:3C5m8h4,0*4D
\s:66,c:1782377509*1D\!AIVDM,1,1,,,B5O>QlP00<j@EtuVPjwQ0;o1nDi:,0*38
\s:66,c:1782377507*13\!AIVDM,1,1,,,13FvRp002w;t5a:D<kLaiojP0D00,0*65
\s:66,c:1782377504*10\!AIVDM,1,1,,,18I11U001WME169nwUh7h69@0@IS,0*7C
\s:66,c:1782377510*15\!AIVDM,1,1,,,18LWW00u2H2q@??fHh6BPR3F0D0?,0*10
\s:66,c:1782377506*12\!AIVDM,1,1,,,Km?ddHP0?Ml6lV=T,0*2D
\s:66,c:1782377511*14\!AIVDM,1,1,,,KkGRlc<06TSciPEh,0*17
\s:66,c:1782377501*15\!AIVDM,1,1,,,18Hw@C001bNp7L251hj5FD;808FE,0*4F
\s:66,c:1782377501*15\!AIVDM,1,1,,,138W3>0023MVQFt7:=mpo79>0HFj,0*58
\s:66,c:1782377503*17\!AIVDM,1,1,,,Km92urQLNdAJ0P2h,0*4B
\s:66,c:1782377500*14\!AIVDM,1,1,,,B7`c1T00639ft>JeeW8;3wk5WP06,0*61
\s:66,c:1782377507*13\!AIVDM,1,1,,,KlToBD:1S718P1lL,0*5A
\s:66,c:1782377510*15\!AIVDM,1,1,,,13@pISP01bKs;u8b:9:uSrkP0@Ll,0*56
\s:66,c:1782377509*1D\!AIVDM,1,1,,,C>i@EA@0=lwW>gvJ:@>EteN0@LkgSkKQk1kQ:0000000?10:222P,0*13
\s:66,c:1782377502*16\!AIVDM,1,1,,,1:UOHDPP00uOs4ss=GJv4?w>2D0V,0*13
\s:66,c:1782377510*15\!AIVDM,1,1,,,19NSfhP01;1Oleod03rb>pAN0@KQ,0*52
\s:66,c:1782377500*14\!AIVDM,1,1,,,14cM6nQP00rv=5@6dAW5d?w60PRv,0*76
\s:66,c:1782377511*14\!AIVDM,1,1,,,14cM6nQP00rv=5@6dA`Ed?wN0pLM,0*4C
\s:66,c:1782377502*16\!AIVDM,1,1,,,16UFnr?P0JnRMqH2<cRFJ?w:2Dmq,0*19
\s:66,c:1782377504*10\!AIVDM,1,1,,,K9NSQUh?kJRaDP;T,0*32
\s:66,c:1782377501*15\!AIVDM,1,1,,,13mskb02AWvUAiN:Oob@uhl20D1w,0*6A
\s:66,c:1782377507*13\!AIVDM,1,1,,,13:;t@0020wNl9DD>4oGKUuL0<05,0*32
\s:66,c:1782377502*16\!AIVDM,1,1,,,37fu>NgOh4C<r@KjNBHU3n7@00w0,0*64
\s:66,c:1782377502*16\!AIVDM,1,1,,,16K4BN0Ohn;Ao9s`8dAqm`7@053<,0*49
\s:66,c:1782377504*10\!AIVDM,1,1,,,Kp15Wd@5;nw>AUV8,0*78
\s:66,c:1782377507*13\!AIVDM,1,1,,,Ko7:PF02;m@?B6=L,0*76
\s:66,c:1782377508*1C\!AIVDM,1,1,,,I8;?>l2hgNO6obKeOcn=kV5@`WEM,0*61
\s:66,c:1782377509*1D\!AIVDM,1,1,,,37fu>NgOh4C<r@UjNBGU56;N01u0,0*2A
\s:66,c:1782377502*16\!AIVDM,1,1,,,14hMcV01Qc172todgT=re8J@08Gd,0*0A
\s:66,c:1782377502*16\!AIVDM,1,1,,,1815`<0wB70q4v7e>5bDG3Nf0<05,0*2D
\s:66,c:1782377505*11\!AIVDM,1,1,,,1815Ec0v4G0t;P;s3Tw4VScD053<,0*12
\s:66,c:1782377505*11\!AIVDM,1,1,,,18v4;6501L1DFpodVl9:wHiF0L21,0*47
\s:66,c:1782377504*10\!AIVDM,1,1,,,1696kNwP?w<tSF0l4Q@>4?wv0D01,0*40
\s:66,c:1782377504*10\!AIVDM,1,1,,,B69>d9@061K;i4KNdcRsgwv63P06,0*05
\s:66,c:1782377504*10\!AIVDM,1,1,,,15@`?=01C7OaahOslmS<f:;j0@Ht,0*00
\s:66,c:1782377509*1D\!AIVDM,1,1,,,19NSa;@vjANhN3QnqEM4hCi:0D01,0*11
\s:66,c:1782377493*1F\!AIVDM,1,1,,,Kp15NAL?fBSJpV=0,0*32
\s:66,c:1782377496*1A\!AIVDM,1,1,,,KlR0ff0?pFCC8U9D,0*0B
\s:66,c:1782377496*1A\!AIVDM,1,1,,,KlS2In0OakCnUP<D,0*23
\s:66,c:1782377508*1C\!AIVDM,1,1,,,Kko7OJ0hBCTmG0WD,0*1E
\s:66,c:1782377511*14\!AIVDM,1,1,,,Kk`lTf1h?CSsQ15h,0*41
\s:66,c:1782377507*13\!AIVDM,1,1,,,1815MDP0j0vdgt:7?2;v2P3H08Jd,0*2A
\s:66,c:1782377503*17\!AIVDM,1,1,,,15NGb;P000o>c5dKhm1Ecs?T0d2U,0*42
\s:66,c:1782377509*1D\!AIVDM,1,1,,,KmOCeF1Ke?jIG0C0,0*69
\s:66,c:1782377509*1D\!AIVDM,1,1,,,13lfRF000FOd3F62hN=3=WIN0<1r,0*5D
\s:66,c:1782377510*15\!AIVDM,1,1,,,B5O=OW000MI;io8bF<OQ3wo5oP06,0*6A
\s:66,c:1782377510*15\!AIVDM,1,1,,,15NGGS501Clgt8fQTUR1niaN2<00,0*3D
\s:66,c:1782377510*15\!AIVDM,1,1,,,14`V0Ch03Bn`41fNQvWuNJkP8pM5,0*27
\s:66,c:1782377504*10\!AIVDM,1,1,,,14cM6oh001LS9neiAh;0569D00Sl,0*6B
\s:66,c:1782377500*14\!AIVDM,1,1,,,Kp15?VpM4=giO09T,0*19
\s:66,c:1782377500*14\!AIVDM,1,1,,,KlRgfR1MNL0pjP<<,0*45
\s:66,c:1782377511*14\!AIVDM,1,1,,,19NScFP01rMH8aD3acg`V6uP0D00,0*6B
\s:66,c:1782377509*1D\!AIVDM,1,1,,,177KI=0wB4nLO;2@FhgDrSwJ053<,0*67
\s:66,c:1782377496*1A\!AIVDM,1,1,,,KkFTRl<?c?BigPc4,0*7F
\s:66,c:1782377499*15\!AIVDM,1,1,,,Kko0DU=hFoDcCP2P,0*23
\s:66,c:1782377506*12\!AIVDM,1,1,,,KkaGspP0<uSk@T?4,0*6C
\s:66,c:1782377511*14\!AIVDM,1,1,,,KkEqjhfh2g2vc0D4,0*4D
\s:66,c:1782377500*14\!AIVDM,1,1,,,H6=Od`0`Tr0QLDV1<PT4pL00000,2*15
\s:66,c:1782377502*16\!AIVDM,1,1,,,H7`B7;Q<510PU8D000000000000,2*14
\s:66,c:1782377505*11\!AIVDM,1,1,,,Km@2qJ01g<v9?SR`,0*43
\s:66,c:1782377501*15\!AIVDM,1,1,,,144c>1701HC9Li4Su@1n55;>08GC,0*1F
\s:66,c:1782377504*10\!AIVDM,1,1,,,Ko7U1W03dOwFOU3t,0*03
\s:66,c:1782377502*16\!AIVDM,1,1,,,H6=Od`0`Tr0QLDV1<PT4pL00000,2*15
\s:66,c:1782377502*16\!AIVDM,1,1,,,KpI97:00IHgH;908,0*05
\s:66,c:1782377509*1D\!AIVDM,1,1,,,18Iud00v21O1PUIn7h7cf9I60HKL,0*4B
\s:66,c:1782377503*17\!AIVDM,1,1,,,Km@2qJ01g<v9?SR`,0*43
\s:66,c:1782377502*16\!AIVDM,1,1,,,Kqwudv>=eJi?l3Ot,0*53
\s:66,c:1782377504*10\!AIVDM,1,1,,,1815`I@wRCL2anv4uI1;fqdt0D03,0*10
\s:66,c:1782377509*1D\!AIVDM,1,1,,,KsT2gK9Me9@WAP?l,0*68
\s:66,c:1782377501*15\!AIVDM,1,1,,,Kk?r34QOk7j`?P5h,0*77
\s:66,c:1782377504*10\!AIVDM,1,1,,,Kkl3p8`@4QCgHP:H,0*5B
\s:66,c:1782377504*10\!AIVDM,1,1,,,KkaR;5=@<33jQPOt,0*6B
\s:66,c:1782377504*10\!AIVDM,1,1,,,Kk?r34QOk7j`?P5h,0*77
\s:66,c:1782377505*11\!AIVDM,1,1,,,14`VMg001vG60B6IsTVoQV1B00S5,0*49
\s:66,c:1782377505*11\!AIVDM,1,1,,,KqNStThKQ@jhkP>L,0*19
\s:66,c:1782377510*15\!AIVDM,1,1,,,H7`NCv08iDF085TuD0000000000,2*3A
\s:66,c:1782377510*15\!AIVDM,1,1,,,17`OAi?P00dOu:ubro`N4?wH28JN,0*73
\s:66,c:1782377503*17\!AIVDM,1,1,,,KmN9w@crJhD>o0EH,0*1A
\s:66,c:1782377503*17\!AIVDM,1,1,,,KqNSl`P:6@ktt5iH,0*2F
\s:66,c:1782377503*17\!AIVDM,1,1,,,KqNStThKQ@jhkP>L,0*19
\s:66,c:1782377509*1D\!AIVDM,1,1,,,KleHNpd;OJCW40?0,0*16
\s:66,c:1782377508*1C\!AIVDM,1,1,,,16SdBV?OhHFoAcj10rjcpJcD0HJ0,0*17
\s:66,c:1782377508*1C\!AIVDM,1,1,,,36SdBV?OhCnoAcp10s5;f:c001vP,0*1D
\s:66,c:1782377507*13\!AIVDM,1,1,,,13JuS<001NncBshO19bVqUPp0HJI,0*12
\s:66,c:1782377510*15\!AIVDM,1,1,,,152IrD<00lDHF5DQgR3>2@=N053<,0*27
\s:66,c:1782377503*17\!AIVDM,1,1,,,KmN9w@crJhD>o0EH,0*1A
\s:66,c:1782377503*17\!AIVDM,1,1,,,KqNSl`P:6@ktt5iH,0*2F
\s:66,c:1782377502*16\!AIVDM,1,1,,,35@S>Oh3iO1AMk;cSb93Ljm@01:@,0*3B
\s:66,c:1782377505*11\!AIVDM,1,1,,,18I5F90v1g1`mG1cuP<3:2WD08IT,0*70
\s:66,c:1782377510*15\!AIVDM,1,1,,,18I5F90v1g1`mG1cuP<3:2WD08IT,0*70
\s:66,c:1782377507*13\!AIVDM,1,1,,,Km324`0=<<BNv4Rt,0*71
\s:66,c:1782377502*16\!AIVDM,1,1,,,159:qCPP00I2N28;weON4?w<00S2,0*64
\s:66,c:1782377506*12\!AIVDM,1,1,,,Kkq0BF00QMktiSm@,0*16
\s:66,c:1782377504*10\!AIVDM,1,1,,,Kkku9VH?IA1kT8=`,0*22
\s:66,c:1782377504*10\!AIVDM,1,1,,,19gk2>?P03vn`T<:Bbh@Pgvt0`Hm,0*61
\s:66,c:1782377507*13\!AIVDM,1,1,,,K4RQHT0Of4BMo0;4,0*75
\s:66,c:1782377503*17\!AIVDM,1,1,,,KmNvN``;UcjN=45p,0*52
\s:66,c:1782377500*14\!AIVDM,1,1,,,13ku:JP01iCt9LMeb8OlVCa80D00,0*18
\s:66,c:1782377504*10\!AIVDM,1,1,,,17`BKu@P00d=4;qUj>UG7?wF2L0;,0*15
\s:66,c:1782377503*17\!AIVDM,1,1,,,KmNvN``;UcjN=45p,0*52
\s:66,c:1782377508*1C\!AIVDM,1,1,,,15@`58001EDC:MawN?s9C7MH0L01,0*6B
\s:66,c:1782377504*10\!AIVDM,1,1,,,Kkm;HNP5@Dw4b4aL,0*4E
\s:66,c:1782377504*10\!AIVDM,1,1,,,14`UtlP02knI;<hP33w;2`q>853<,0*3D
\s:66,c:1782377507*13\!AIVDM,1,1,,,353:4F;PAeFEnuhQK?66f5EH00m@,0*73
\s:66,c:1782377508*1C\!AIVDM,1,1,,,17OddAw0008NktElGNJHcPUH0D1d,0*6C
\s:66,c:1782377503*17\!AIVDM,1,1,,,35OmNI0PAS<HaVjN2kqEA4?>0000,0*48
\s:66,c:1782377501*15\!AIVDM,1,1,,,17OddAw0008NktOlGNJpcPU60@ER,0*66
\s:66,c:1782377504*10\!AIVDM,1,1,,,404k1Q1vad`k``daksdQb>o00D06,0*4C
\s:66,c:1782377502*16\!AIVDM,1,1,,,18I0fL001mMMjnGv;36mp4Vh053<,0*77
\s:66,c:1782377502*16\!AIVDM,1,1,,,1:U8M80P00trUfejq`6:CgwB2<2t,0*6A
\s:66,c:1782377500*14\!AIVDM,1,1,,,15CEeV5P?wK8dNB5woIN4?w80U3<,0*64
\s:66,c:1782377511*14\!AIVDM,1,1,,,Kk3f4Dd0<iSnE4<h,0*7B
\s:66,c:1782377507*13\!AIVDM,1,1,,,14aRv>P00GvqNmJ@5`QdF:?H0HJ2,0*4B
\s:66,c:1782377503*17\!AIVDM,1,1,,,KmO0=pQKQKjjV0CD,0*12
\s:66,c:1782377503*17\!AIVDM,1,1,,,KmO3?w<<e`RiP0C4,0*5C
\s:66,c:1782377502*16\!AIVDM,1,1,,,17`BU?@uh1d?t:mVVCHdFG=<00S2,0*33
\s:66,c:1782377503*17\!AIVDM,1,1,,,15TRr:001vnq;M4KgmDkRRk>0@GA,0*7A
\s:66,c:1782377503*17\!AIVDM,1,1,,,KmO0=pQKQKjjV0CD,0*12
\s:66,c:1782377503*17\!AIVDM,1,1,,,177@Ot001qm4lF<Ikl9c>q12053<,0*70
\s:66,c:1782377504*10\!AIVDM,1,1,,,Knoa=rJ2;CQb;P5h,0*06
\s:66,c:1782377501*15\!AIVDM,1,1,,,15TRr:001vnq;M4KgmDkRRk>0@GA,0*7A
\s:66,c:1782377508*1C\!AIVDM,1,1,,,E>o3Gfo6WV7h@@@@@@@@@@@@@@@MO26Hrem=@1088;v000,4*17
\s:66,c:1782377505*11\!AIVDM,1,1,,,KnSbK@elf7jRaUCl,0*03
\s:66,c:1782377504*10\!AIVDM,1,1,,,13IQW=011`Ji`=@8W1U4Q3QB053<,0*3D
\s:66,c:1782377507*13\!AIVDM,1,1,,,Kp15UpH3Q=PK3668,0*7A
\s:66,c:1782377509*1D\!AIVDM,1,1,,,H39H@w1<4q@4l58T605E=A84hU<,2*56
\s:66,c:1782377496*1A\!AIVDM,1,1,,,K3uDNm;hL2l>QP4p,0*37
\s:66,c:1782377506*12\!AIVDM,1,1,,,KmUARR807E2dbPCP,0*58
\s:66,c:1782377508*1C\!AIVDM,1,1,,,KkIoiu9Op9COlP;t,0*3D
\s:66,c:1782377500*14\!AIVDM,1,1,,,17`B>rG70r<JIoIa6=fMRbe<0@Et,0*4D
\s:66,c:1782377504*10\!AIVDM,1,1,,,K5?dhvABbfQHl07`,0*49
\s:66,c:1782377509*1D\!AIVDM,1,1,,,KmWfUD00DqgneRmP,0*57
\s:66,c:1782377510*15\!AIVDM,1,1,,,18I=5n0wRCG;i0TKTP33GBc>0L2D,0*7B
\s:66,c:1782377503*17\!AIVDM,1,1,,,18I7Uq0PA`KbuAue4Fdu<bAB00Rw,0*63
\s:66,c:1782377505*11\!AIVDM,1,1,,,19NSh>h2BH0L=`MhHPPKbISD0@Hg,0*10
\s:66,c:1782377504*10\!AIVDM,1,1,,,37OeN>0P@b8HKv9l>@oHs6u@00nh,0*4C
\s:66,c:1782377507*13\!AIVDM,1,1,,,1:U8mCP000MOrums=F`:qFaJ08JC,0*68
\s:66,c:1782377510*15\!AIVDM,1,1,,,18ukwt700SQ@Gg1dt6Vel:OF0D0E,0*5C
\s:66,c:1782377508*1C\!AIVDM,1,1,,,C3i<POP0FuumoOul?FV93TN0P`UWkKQaKgg:0000000000D2RRR0,0*67
\s:66,c:1782377508*1C\!AIVDM,1,1,,,16:9::05RkFViTSrEkaJ381D00S1,0*4A
\s:66,c:1782377509*1D\!AIVDM,1,1,,,Kn:4gMP4;5QWkShd,0*3E
\s:66,c:1782377507*13\!AIVDM,1,1,,,Kn:8f4aDH;BROPOt,0*70
\s:66,c:1782377507*13\!AIVDM,1,1,,,I8;Qbq3OKCmumvoTlvvpN?7bBsH4,0*56
\s:66,c:1782377499*15\!AIVDM,1,1,,,KkaL?1<0;KCjmQ0D,0*79
\s:66,c:1782377504*10\!AIVDM,1,1,,,Kr5bbI=OKrB3u0Ot,0*66
\s:66,c:1782377501*15\!AIVDM,1,1,,,1:07ew0024N;2s:66,0*5F
\s:66,c:1782377504*10\!AIVDM,1,1,,,Kr5bbI=OKrB3u0Ot,0*66
\s:66,c:1782377505*11\!AIVDM,1,1,,,KmO@ot8<jfRii1a8,0*67
\s:66,c:1782377508*1C\!AIVDM,1,1,,,KmOGbt5LdkR8<PR`,0*1D
\s:66,c:1782377508*1C\!AIVDM,1,1,,,15O3auP01`q=@Qh@uss=FbeJ053<,0*06
\s:66,c:1782377504*10\!AIVDM,1,1,,,13ar=h300K<VNUQbM6AWwVCB00S?,0*38
\s:66,c:1782377508*1C\!AIVDM,1,1,,,16TD=B0OhCmNw=ivjqI1JiSB28Iw,0*48
\s:66,c:1782377501*15\!AIVDM,1,1,,,85N7GVQKmiU6N4fE4mLla`1t1QPF,0*6D
\s:66,c:1782377504*10\!AIVDM,1,1,,,KmOELSQM45irC0E4,0*50
\s:66,c:1782377507*13\!AIVDM,1,1,,,15R?TN001uNiNdMeAjTkLReH08JE,0*55
\s:66,c:1782377504*10\!AIVDM,1,1,,,3:U73SP01VM1GHOjnQ@BUB;B0000,0*6E
\s:66,c:1782377504*10\!AIVDM,1,1,,,KklO2:0=f`1Ev8Wd,0*6E
\s:66,c:1782377511*14\!AIVDM,1,1,,,KkiaE@8M5V@aS09l,0*4B
\s:66,c:1782377511*14\!AIVDM,1,1,,,KlpWHd1M`@ABv0=p,0*1F
\s:66,c:1782377509*1D\!AIVDM,1,1,,,Kn:uiF04Dtjl@T3d,0*53
\s:66,c:1782377509*1D\!AIVDM,1,1,,,Kn:8BR<CucATjPC<,0*69
\s:66,c:1782377509*1D\!AIVDM,1,1,,,KpSK2uCktd1=VSkT,0*0D
\s:66,c:1782377507*13\!AIVDM,1,1,,,KmOGbt5LdkR8<PR`,0*1D
\s:66,c:1782377496*1A\!AIVDM,1,1,,,Kkum3V1@JFlASPDP,0*7D
\s:66,c:1782377493*1F\!AIVDM,1,1,,,Kk@pKbP0LnT760D@,0*7D
\s:66,c:1782377493*1F\!AIVDM,1,1,,,KkaI:9=@>>SkhPOt,0*2A
\s:66,c:1782377499*15\!AIVDM,1,1,,,Kkm81=1@=ADT90?L,0*79
\s:66,c:1782377504*10\!AIVDM,1,1,,,Kl0Uvnq@;D3mk0=p,0*3B
\s:66,c:1782377506*12\!AIVDM,1,1,,,KkmO3l00;jDST4R4,0*7A
\s:66,c:1782377511*14\!AIVDM,1,1,,,Kk`h89M@;pkjf0Ot,0*64
\s:66,c:1782377507*13\!AIVDM,1,1,,,198o8VhtiUvmaWD5=iU;?a9D0t05,0*72
\s:66,c:1782377503*17\!AIVDM,1,1,,,Klhd00<LQvB9U0;t,0*4A
\s:66,c:1782377508*1C\!AIVDM,1,1,,,KmNO1D0<bA2>kPCt,0*1A
\s:66,c:1782377508*1C\!AIVDM,1,1,,,14eHo7gPA>o;RfdKuQo7dn7P0@Kj,0*50
\s:66,c:1782377509*1D\!AIVDM,1,1,,,14eHo7gPA>o;RfdKuQo7dn7P0@Kj,0*50
\s:66,c:1782377505*11\!AIVDM,1,1,,,C>i@M600257jmwvgBs400`v0@LkgWkKSU1iS:000000000411R2P,0*4E
\s:66,c:1782377507*13\!AIVDM,1,1,,,KqNStpp26JAmt0FL,0*18
\s:66,c:1782377506*12\!AIVDM,1,1,,,KkIkS@0?pjf;E`Bt,0*2D
\s:66,c:1782377504*10\!AIVDM,1,1,,,152dQf0wBCF6fEpOBeNd`J7D00S2,0*1D
\s:66,c:1782377502*16\!AIVDM,1,1,,,C>i@M600257jmwvgBs400`v0@LkgWkKSU1iS:000000000411R2P,0*4E
\s:66,c:1782377504*10\!AIVDM,1,1,,,13dPml0w22Jc1=AhDtTnAm7B0<04,0*40
\s:66,c:1782377508*1C\!AIVDM,1,1,,,KqNSf9@M?`>pWP@L,0*08
\s:66,c:1782377507*13\!AIVDM,1,1,,,KkIkS@0?pjf;E`Bt,0*2D
\s:66,c:1782377507*13\!AIVDM,1,1,,,KpI8qp1NI=NDQ02t,0*0A
\s:66,c:1782377503*17\!AIVDM,1,1,,,3815N?h02CS0QK?gFB=2MB5<00QP,0*1D
\s:66,c:1782377494*18\!AIVDM,1,1,,,KmWJoV1MgAPpNP4L,0*79
\s:66,c:1782377504*10\!AIVDM,1,1,,,1815U3@0j5LBEFd4fL9Tgku@0?ww,0*0F
\s:66,c:1782377509*1D\!AIVDM,1,1,,,Kn;DNN0DJbjUgP6l,0*33
\s:66,c:1782377499*15\!AIVDM,1,1,,,Kld9JF1Ou:3HGP@4,0*38
\s:66,c:1782377505*11\!AIVDM,1,1,,,KmO4AC;<UWBUB060,0*5E
\s:66,c:1782377502*16\!AIVDM,1,1,,,Ko`NKe?nIT=CDPOt,0*5E
\s:66,c:1782377505*11\!AIVDM,1,1,,,B>l716@02U1BvTP14KdvowlTSP06,0*28
\s:66,c:1782377504*10\!AIVDM,1,1,,,K7lj;L?lf<P3;Qbd,0*6C
\s:66,c:1782377503*17\!AIVDM,1,1,,,39jjbc8Oi;P?Pl63V;<IQ7s:66,0*6F
\s:66,c:1782377504*10\!AIVDM,1,1,,,K7lj;L?lf<P3;Qbd,0*6C
\s:66,c:1782377504*10\!AIVDM,1,1,,,KmO0UDQM9JAo7P:H,0*7B
\s:66,c:1782377502*16\!AIVDM,1,1,,,B>l716@02U1BvTP14KdvowlTSP06,0*28
\s:66,c:1782377501*15\!AIVDM,1,1,,,15RorP0PAn8CaMalBh>Tk3g<053<,0*20
\s:66,c:1782377502*16\!AIVDM,1,1,,,1815Q`h0ipO:m<SwTNt<Paw>08H0,0*40
\s:66,c:1782377508*1C\!AIVDM,1,1,,,36LrLv0P@UG0TCMpGatGlmU:00wP,0*12
\s:66,c:1782377507*13\!AIVDM,1,1,,,KmO6=Dc<d7RS@4@0,0*48
\s:66,c:1782377502*16\!AIVDM,1,1,,,KmO<rMP;hG24K5b8,0*6B
\s:66,c:1782377496*1A\!AIVDM,1,1,,,KkI?oK1h3ckenOwv,0*32
\s:66,c:1782377496*1A\!AIVDM,1,1,,,KlwIUf0>so1oU6?L,0*11
\s:66,c:1782377499*15\!AIVDM,1,1,,,KkIjpc9Oov3`VQfd,0*4E
\s:66,c:1782377504*10\!AIVDM,1,1,,,13VsrM0P00wM;V2C>W?>4?wF253<,0*63
\s:66,c:1782377508*1C\!AIVDM,1,1,,,KmNc;m7;P2SQoS6H,0*14
\s:66,c:1782377506*12\!AIVDM,1,1,,,KmNc;m7;P2SQoS6H,0*14
\s:66,c:1782377504*10\!AIVDM,1,1,,,KoOddOAEKMfR90>`,0*22
\s:66,c:1782377507*13\!AIVDM,1,1,,,KpSJNBP2VJAG<07L,0*46
\s:66,c:1782377506*12\!AIVDM,1,1,,,19u:TdQP?w<tSF0l4Q@>4?wv0d1f,0*4A
\s:66,c:1782377507*13\!AIVDM,1,1,,,14eGLvPP00FjpGTNq:Du??wL08K<,0*45
\s:66,c:1782377504*10\!AIVDM,1,1,,,KoldMqH483ONbP@8,0*4B
\s:66,c:1782377504*10\!AIVDM,1,1,,,KqNSA?0DF0NQN04l,0*05
\s:66,c:1782377504*10\!AIVDM,1,1,,,KqNSA?0DF0NQN04l,0*05
\s:66,c:1782377509*1D\!AIVDM,1,1,,,C693kPh03mvc;guj1j000cN02468;1ie:0000000000000411R2P,0*05
\s:66,c:1782377509*1D\!AIVDM,1,1,,,Kn:FSK9CwhQTJ084,0*30
\s:66,c:1782377506*12\!AIVDM,1,1,,,C>4Aq;000Q0ASGrwOnp03wjQQUQWQka11111111111fd0040PPRP,0*56
\s:66,c:1782377493*1F\!AIVDM,1,1,,,KkGQnOj?cQS604T8,0*1A
\s:66,c:1782377499*15\!AIVDM,1,1,,,Kk@neViOj72aUP<l,0*27
\s:66,c:1782377501*15\!AIVDM,1,1,,,Kkm6Ee<0LK4knPOt,0*6D
\s:66,c:1782377506*12\!AIVDM,1,1,,,KkP=FIA@FFC0lP>t,0*21
\s:66,c:1782377505*11\!AIVDM,1,1,,,KmMRNt8tbPAsAPAl,0*14
\s:66,c:1782377506*12\!AIVDM,1,1,,,35NIrB0P@JG>=tREVrirK`=L00Mh,0*5B
\s:66,c:1782377507*13\!AIVDM,1,1,,,Kn?Ums`37fA6oP3h,0*27
\s:66,c:1782377506*12\!AIVDM,1,1,,,14`6Wn802n0>B2IwrTF6<lgH0d01,0*65
\s:66,c:1782377508*1C\!AIVDM,1,1,,,K7OddI<DQQvkr02p,0*78
\s:66,c:1782377502*16\!AIVDM,1,1,,,B1Mk4b005LnGv9OVmT9M7wfH1P00,0*20
\s:66,c:1782377503*17\!AIVDM,1,1,,,K44`oqP6@`DHsW2H,0*46
\s:66,c:1782377508*1C\!AIVDM,1,1,,,3;Djqa0001J@F3KvLOOnT4SF0Do=,0*63
\s:66,c:1782377510*15\!AIVDM,1,1,,,18LFlj001M1H7iEd5DPTOSaL08KU,0*4A
\s:66,c:1782377502*16\!AIVDM,1,1,,,13=kp0002psMe8`:;`VlH3O@80Ro,0*28
\s:66,c:1782377507*13\!AIVDM,1,1,,,KmO2q=g<dkj<;P@D,0*1D
\s:66,c:1782377508*1C\!AIVDM,1,1,,,Kp15HNI@6;BqJPA<,0*0E
\s:66,c:1782377511*14\!AIVDM,1,1,,,Kkou1<00UeU0S5B4,0*15
\s:66,c:1782377511*14\!AIVDM,1,1,,,K3M@R5owsnT=SP00,0*1A
\s:66,c:1782377505*11\!AIVDM,1,1,,,KmNg>CP<dI2<KPCD,0*46
\s:66,c:1782377500*14\!AIVDM,1,1,,,37`BB<0P@2dP13ibrk?>41M820uP,0*5F
\s:66,c:1782377502*16\!AIVDM,1,1,,,17`BB<0P@2dP13ibrk?f40g>28GQ,0*13
\s:66,c:1782377503*17\!AIVDM,1,1,,,KlQGJ<=K`VjP5P@h,0*17
\s:66,c:1782377503*17\!AIVDM,1,1,,,15Mtu:0000oRUQ:CCGgJObcD0L2k,0*53
\s:66,c:1782377508*1C\!AIVDM,1,1,,,C>SHuwh02U1RonOse3803wp0L:`<BVAkgeeKaW1111hd0040PPRP,0*3C
\s:66,c:1782377507*13\!AIVDM,1,1,,,Kn:4EhP1JIQSwP;p,0*6D
\s:66,c:1782377506*12\!AIVDM,1,1,,,Kp1:LmP0:jvLH47`,0*57
\s:66,c:1782377508*1C\!AIVDM,1,1,,,Ko7N551DGpO`6P<T,0*59
\s:66,c:1782377506*12\!AIVDM,1,1,,,37`BB<0P@5dP13ibrk>f40wF21tP,0*44
\s:66,c:1782377508*1C\!AIVDM,1,1,,,15Slth5P?wJC5oH0U`6f4?wP0<0>,0*0D
\s:66,c:1782377507*13\!AIVDM,1,1,,,Kp1:LmP0:jvLH47`,0*57
\s:66,c:1782377511*14\!AIVDM,1,1,,,Kld6Nn0MH>hif07t,0*2D
\s:66,c:1782377509*1D\!AIVDM,1,1,,,C3i<Q<000um>e?rV2WQi7TN0P`UWSWKQUKic:000000000D2RRR0,0*21
\s:66,c:1782377502*16\!AIVDM,1,1,,,3819CWU000p2MJ<>iH2svRw80DLr,0*13
\s:66,c:1782377507*13\!AIVDM,1,1,,,KqNSln@@300LG0?H,0*3D
\s:66,c:1782377503*17\!AIVDM,1,1,,,19NShW02B`DkD0LGjHnl2kAB053<,0*4D
\s:66,c:1782377505*11\!AIVDM,1,1,,,Kp19Dr3rPjff1POt,0*43
\s:66,c:1782377506*12\!AIVDM,1,1,,,KqNSln@@300LG0?H,0*3D
\s:66,c:1782377501*15\!AIVDM,1,1,,,15NuM`gP00DhJ1hQVOru:?w:253<,0*72
\s:66,c:1782377507*13\!AIVDM,1,1,,,15Nb`SPP00nDPIDPa>?v4?wF253<,0*7F
\s:66,c:1782377507*13\!AIVDM,1,1,,,1536>@0001E<TqfRvht@UnsL0HK7,0*5B
\s:66,c:1782377504*10\!AIVDM,1,1,,,KomRP:pCrMOSiPCH,0*34
\s:66,c:1782377504*10\!AIVDM,1,1,,,KmNvoc;=?DRrd03d,0*2B
\s:66,c:1782377509*1D\!AIVDM,1,1,,,169>16gP15dgtR;jHmH6MwwL28KU,0*69
\s:66,c:1782377504*10\!AIVDM,1,1,,,H7Onf;1=J0E<<504@D000000000,2*50
\s:66,c:1782377509*1D\!AIVDM,1,1,,,15Sd6F001fL388=viL73w3;L0HJv,0*11
\s:66,c:1782377507*13\!AIVDM,1,1,,,KmN7R>c<io2CjP60,0*40
\s:66,c:1782377504*10\!AIVDM,1,1,,,Kkn600<0KfDi50Ot,0*2D
\s:66,c:1782377506*12\!AIVDM,1,1,,,KkFO;R=h0R2t221P,0*37
\s:66,c:1782377508*1C\!AIVDM,1,1,,,KkGR<L?h4WkUcT84,0*13
\s:66,c:1782377507*13\!AIVDM,1,1,,,15UoP>0P00vl97<7dHHiCwwH00Ro,0*73
\s:66,c:1782377494*18\!AIVDM,1,1,,,H7OhAoTTC=D5W6bF>Jjlqj1P0030,0*50
\s:66,c:1782377506*12\!AIVDM,1,1,,,34hS6N0PB6Gb5?:@9p3<aJ;D0000,0*70
\s:66,c:1782377506*12\!AIVDM,1,1,,,15N6@APP02GK2VVCdi73GwwH0<0F,0*19
\s:66,c:1782377504*10\!AIVDM,1,1,,,369G5W000n<8n@@2A1;c0pE>00w1,0*2D
\s:66,c:1782377504*10\!AIVDM,1,1,,,Kk3opp0FA`@QE02t,0*6E
\s:66,c:1782377504*10\!AIVDM,1,1,,,KmN00gP:<ETCmP5P,0*34
\s:66,c:1782377508*1C\!AIVDM,1,1,,,KnShL>1CrROSK070,0*39
\s:66,c:1782377504*10\!AIVDM,1,1,,,1815c>h21qtGNdTHerOrT`Nf00S;,0*76
\s:66,c:1782377503*17\!AIVDM,1,1,,,KrLQd7=ueBdOj404,0*0E
\s:66,c:1782377507*13\!AIVDM,1,1,,,KmN00gP:<ETCmP5P,0*34
\s:66,c:1782377505*11\!AIVDM,1,1,,,KotKcT1E7V2VI0DD,0*43
\s:66,c:1782377494*18\!AIVDM,1,1,,,KkmUu>0>Dc@;=VC<,0*72
\s:66,c:1782377493*1F\!AIVDM,1,1,,,K44`ds1@gt40IP0T,0*40
\s:66,c:1782377501*15\!AIVDM,1,1,,,14cpoh001QONLqfDcHCD8CE:0L0=,0*51
\s:66,c:1782377503*17\!AIVDM,1,1,,,KmNhOIc<Q8B;QPDL,0*27
\s:66,c:1782377502*16\!AIVDM,1,1,,,15TOGV0uQT<gVlUaHJt0i@cB00RU,0*35
\s:66,c:1782377505*11\!AIVDM,1,1,,,13VBaL01B;3TKeSiPLDRHiw40@FQ,0*58
\s:66,c:1782377507*13\!AIVDM,1,1,,,KoWK7At21PinNPOt,0*2C
\s:66,c:1782377507*13\!AIVDM,1,1,,,K9NS;9`R54Ano0DD,0*49
\s:66,c:1782377506*12\!AIVDM,1,1,,,1815?k002k0@DkOm>?OLL9uD0D04,0*2C
\s:66,c:1782377504*10\!AIVDM,1,1,,,33eS0<0rQ`LsnFcjj00ra8KB0000,0*78
\s:66,c:1782377507*13\!AIVDM,1,1,,,1815KA@0B9N8t?Oha:Us2HsF00Rt,0*65
\s:66,c:1782377510*15\!AIVDM,1,1,,,377i:u001R10miEd615D4SEF02oQ,0*1B
\s:66,c:1782377510*15\!AIVDM,1,1,,,Kl`Uw4hA92=lV0jh,0*21
\s:66,c:1782377494*18\!AIVDM,1,1,,,13AV?f41BCL;uA?vw0DjOj3008Cl,0*4D
\s:66,c:1782377508*1C\!AIVDM,1,1,,,KmSVv>0;S2wqu5Al,0*0D
\s:66,c:1782377493*1F\!AIVDM,1,1,,,Kk2S8D<0Ql3R:POt,0*5B
\s:66,c:1782377496*1A\!AIVDM,1,1,,,Kkku8fP03BCg@7>H,0*33
\s:66,c:1782377504*10\!AIVDM,1,1,,,KkmHAm=@IiDDqPAp,0*03
\s:66,c:1782377507*13\!AIVDM,1,1,,,19NShWP02VLmoNH=w@VL?amJ0<00,0*64
\s:66,c:1782377505*11\!AIVDM,1,1,,,C3i<QNh0BMVNB?v43GLpSTN0hVEUQWKSWKeg:000000000D2RRR0,0*2C
\s:66,c:1782377504*10\!AIVDM,1,1,,,15NGVN0000G90lDJKNfcK3w@053<,0*1B
\s:66,c:1782377507*13\!AIVDM,1,1,,,15O;tt010ulA6PDSsFDE744r1d01,0*2A
\s:66,c:1782377508*1C\!AIVDM,1,1,,,37Ons6PPAi8NiCQlJVaF;4sD01u@,0*79
\s:66,c:1782377502*16\!AIVDM,1,1,,,KmNFbj89bV0Wn434,0*4E
\s:66,c:1782377508*1C\!AIVDM,1,1,,,19NSf?@030IFHgB7GgAKd9KF00S8,0*1C
\s:66,c:1782377505*11\!AIVDM,1,1,,,Kn:H`PP4OM28d5<<,0*3D
\s:66,c:1782377502*16\!AIVDM,1,1,,,Kn:mef0?U3Mek66@,0*7C
\s:66,c:1782377509*1D\!AIVDM,1,1,,,15QIrp001oMBdgok:eP4dkgJ08Kp,0*05
\s:66,c:1782377510*15\!AIVDM,1,1,,,17705S001q1LMRKcqo?JcHW000SA,0*3F
\s:66,c:1782377504*10\!AIVDM,1,1,,,19NSW4P01tLP;jd38@LKlqGD0@IR,0*24
\s:66,c:1782377509*1D\!AIVDM,1,1,,,KqHl>;QMat@jr0F@,0*1B
\s:66,c:1782377496*1A\!AIVDM,1,1,,,KkaJI6d0>AknPPOt,0*06
\s:66,c:1782377501*15\!AIVDM,1,1,,,KkuBDl`0c0TFL0@H,0*3D
\s:66,c:1782377501*15\!AIVDM,1,1,,,Km?dLRh@2w0LTP;D,0*6E
\s:66,c:1782377504*10\!AIVDM,1,1,,,1815<4P01pNgRa@6pQIGKEsD0@Hc,0*62
\s:66,c:1782377509*1D\!AIVDM,1,1,,,Kk3>@l<?0UjmM0Ot,0*41
\s:66,c:1782377502*16\!AIVDM,1,1,,,17`BGLhP00dP1IObrmjbJ?wB2L1@,0*49
\s:66,c:1782377504*10\!AIVDM,1,1,,,37`d?d000J<HNMCVRd8`8nG@010h,0*42
\s:66,c:1782377500*14\!AIVDM,1,1,,,17`d?d0P@M<HNMSVRd@`i6G60L02,0*67
\g:1-2-5199778,s:66,c:1782377510*5B\!AIVDM,2,1,8,,57`d?d81vtia`l`j22104<TqDV2222222222220N1hd555dD0A1RDj2C,0*21
\g:2-2-5199778*61\!AIVDM,2,2,8,,Qp1lSmCQ8888880,2*3D
\s:66,c:1782377503*17\!AIVDM,1,1,,,Km?dLRh@2w0LTP;D,0*6E
\s:66,c:1782377503*17\!AIVDM,1,1,,,35Ao302P02PkrnMuGJ;N4?w@2Dk:,0*50
\s:66,c:1782377504*10\!AIVDM,1,1,,,15NCcH?002m5==6PnOjbUs;@0<01,0*0F
\s:66,c:1782377507*13\!AIVDM,1,1,,,16K@o:002Omn5phKiml;jqK60L00,0*6F
\s:66,c:1782377502*16\!AIVDM,1,1,,,13P<ia@vQHO`N?5gCeGkrC=B0@HN,0*10
\s:66,c:1782377505*11\!AIVDM,1,1,,,39NSD4001dNo?KEeBA73v3;>0ND3,0*6E
\s:66,c:1782377505*11\!AIVDM,1,1,,,13m;a<P31o16<1Wf1Cl<Ir=D053<,0*02
\s:66,c:1782377504*10\!AIVDM,1,1,,,39NSD4001dNo?KEeBA73v3;>0ND3,0*6E
\s:66,c:1782377509*1D\!AIVDM,1,1,,,1:U7b4POiRM7e9wkH2aS0BKP08Kw,0*53
\s:66,c:1782377509*1D\!AIVDM,1,1,,,15?m6V0vQ`M7MRWl:`bAMQ=N00Sh,0*55
\s:66,c:1782377500*14\!AIVDM,1,1,,,1:pE2BP000JV;sP5u5WMd?w:053<,0*3E
\s:66,c:1782377502*16\!AIVDM,1,1,,,16?UmB@01qL5dJB4cgfDf3a40<00,0*1E
\s:66,c:1782377504*10\!AIVDM,1,1,,,KqNSqw0=?;iRr6WL,0*2B
\s:66,c:1782377511*14\!AIVDM,1,1,,,1:U7N@S001uFhFeqe=KCDqAN0pLS,0*5E
\s:66,c:1782377509*1D\!AIVDM,1,1,,,C18N5=@005TC@dO:5O:Rf2N0DBL>jjckQWKUcKca;1100000002P,0*47
\s:66,c:1782377507*13\!AIVDM,1,1,,,KmO;FF3<aJB@346`,0*42
\s:66,c:1782377493*1F\!AIVDM,1,1,,,Kko0Il1hD2DcK02D,0*38
\s:66,c:1782377504*10\!AIVDM,1,1,,,17`BGL701A<jtsAWJPFb@pMF08I2,0*0E
\s:66,c:1782377509*1D\!AIVDM,1,1,,,15NRcaP000GRq16CCmsPS2mL0<2k,0*25
\s:66,c:1782377509*1D\!AIVDM,1,1,,,Kp15;PH;6Ll7H`;p,0*02
\s:66,c:1782377506*12\!AIVDM,1,1,,,3:5e550P00w3mBD5?v>P037B238i,0*45
\s:66,c:1782377507*13\!AIVDM,1,1,,,Kp15;PH;6Ll7H`;p,0*02
\s:66,c:1782377510*15\!AIVDM,1,1,,,14t3qt8P0GtFBVbT@:LWJgwP253<,0*4C
\s:66,c:1782377508*1C\!AIVDM,1,1,,,Kom3p1L4>Bwee0<`,0*43
\s:66,c:1782377506*12\!AIVDM,1,1,,,14aCMl0vi8ChAVap3v7U1CwB8<06,0*39
\s:66,c:1782377506*12\!AIVDM,1,1,,,Kkku8WqFED@6J03H,0*77
\s:66,c:1782377505*11\!AIVDM,1,1,,,KnK2nl@4pqjQN02d,0*5F
\s:66,c:1782377503*17\!AIVDM,1,1,,,18154jh01h1R2iad3Iar?`9@08GK,0*43
\s:66,c:1782377511*14\!AIVDM,1,1,,,KrU7F@HN3;woNR?h,0*67
\s:66,c:1782377493*1F\!AIVDM,1,1,,,Kk40OWd0:7khISm`,0*16
\s:66,c:1782377496*1A\!AIVDM,1,1,,,Km?ddK00DhRiF4hL,0*74
\s:66,c:1782377504*10\!AIVDM,1,1,,,KpI:`K0?`AS4wV;<,0*6B
\s:66,c:1782377511*14\!AIVDM,1,1,,,KkMnK>9OwMSfA0;@,0*62
\s:66,c:1782377504*10\!AIVDM,1,1,,,15?desP01PvfIHD8K1l=u@=B28He,0*04
\s:66,c:1782377504*10\!AIVDM,1,1,,,KpI:`K0?`AS4wV;<,0*6B
\s:66,c:1782377503*17\!AIVDM,1,1,,,KqN`3w0L;JQIJPC0,0*4B
\s:66,c:1782377503*17\!AIVDM,1,1,,,Km2VK6;qu0l1HQjL,0*35
\s:66,c:1782377509*1D\!AIVDM,1,1,,,1815EK@0icFOSgD=vQRT1C<r0HLl,0*1F
\g:1-2-5199779,s:66,c:1782377508*53\!AIVDM,2,1,9,,54hSAk82GSbA`MDWJ20t@U<D622222222222220U3hh77=dS09D1`1PE,0*7F
\g:2-2-5199779*60\!AIVDM,2,2,9,,`88888888888880,2*34
\s:66,c:1782377509*1D\!AIVDM,1,1,,,16Tl@40025CRiLn3WBWD@SI@0HKF,0*2B
\s:66,c:1782377503*17\!AIVDM,1,1,,,Kn9>SD0=;HNVVPOt,0*09
\s:66,c:1782377503*17\!AIVDM,1,1,,,Km2VK6;qu0l1HQjL,0*35
\s:66,c:1782377504*10\!AIVDM,1,1,,,Kn9>SD0=;HNVVPOt,0*09
\s:66,c:1782377508*1C\!AIVDM,1,1,,,1;Djg@4P05JmqngnANt=8?wL053<,0*44
\s:66,c:1782377505*11\!AIVDM,1,1,,,19NSrlPwij08shCfplWJp8eB0@J6,0*1C
\s:66,c:1782377504*10\!AIVDM,1,1,,,39NSSL1w@08HoUQl?;oDQi6t0Dg:,0*52
\s:66,c:1782377510*15\!AIVDM,1,1,,,15SaFT0uAs0VQqedq5<dp:CJ0HKP,0*4F
\s:66,c:1782377510*15\!AIVDM,1,1,,,18I2R401AiR><3ieURjQPAEN0D09,0*6E
\s:66,c:1782377511*14\!AIVDM,1,1,,,35?dLuQ000JvGT>6fn;:IRiN0000,0*70
\s:66,c:1782377509*1D\!AIVDM,1,1,,,Kn:=rR0DAb1dm0Ot,0*01
\s:66,c:1782377507*13\!AIVDM,1,1,,,Kll;9@1Lw2idLP:@,0*3D
\s:66,c:1782377507*13\!AIVDM,1,1,,,Kn::ALaDEGjCOP8t,0*12
\s:66,c:1782377509*1D\!AIVDM,1,1,,,KqN`3w0L;JQIJPC0,0*4B
\s:66,c:1782377491*1D\!AIVDM,1,1,,,Kkd3vt00Hdk3A<DP,0*0F
\s:66,c:1782377511*14\!AIVDM,1,1,,,KkK1`r8?u4RemWfL,0*4E
\s:66,c:1782377509*1D\!AIVDM,1,1,,,KkW;sM<?b9jFQ0Ot,0*3B
\s:66,c:1782377509*1D\!AIVDM,1,1,,,15RsTp001rNiN;p=h5VH3FML0hL3,0*2A
\s:66,c:1782377502*16\!AIVDM,1,1,,,37`OE0POhe<0Gj?S@rVP`P9>022h,0*3D
\s:66,c:1782377509*1D\!AIVDM,1,1,,,15O23>PP00o=8mvJHQNf4?wN2@Kk,0*79
\s:66,c:1782377505*11\!AIVDM,1,1,,,C3kBDnh01=6MnIw;TlRogTN0@V9JL:aKkk:00000000000D2RRR0,0*3F
\s:66,c:1782377507*13\!AIVDM,1,1,,,15P;fv0000m:nFPR6k0>49KJ28Jn,0*14
\s:66,c:1782377504*10\!AIVDM,1,1,,,KoljwP?kpwOVUP7d,0*7E
\s:66,c:1782377505*11\!AIVDM,1,1,,,35?dMn001u0mWoehe>3<U:9F0Bde,0*02
\s:66,c:1782377501*15\!AIVDM,1,1,,,138Clh0rR28FHTwlFJa7MEg:0<2`,0*10
\s:66,c:1782377504*10\!AIVDM,1,1,,,19NSJrPuQnLh<A?j9c3amWiF08Hj,0*6B
\s:66,c:1782377507*13\!AIVDM,1,1,,,39NSn:0vAtM9LTulD0K;@a7F04Kk,0*52
\s:66,c:1782377500*14\!AIVDM,1,1,,,1815B7HwBLM;nVEwvHB;raV`00Rc,0*01
\s:66,c:1782377502*16\!AIVDM,1,1,,,1815B7Hw2MM;nPmwvHj;tqVj0<01,0*56
\s:66,c:1782377509*1D\!AIVDM,1,1,,,KpSK7ltSrTiQM02L,0*25
\s:66,c:1782377509*1D\!AIVDM,1,1,,,Kn9a3PP4JlB`e4T@,0*5C
\s:66,c:1782377507*13\!AIVDM,1,1,,,Kl```103qT0G3820,0*49
\s:66,c:1782377510*15\!AIVDM,1,1,,,Kn9a3PP4JlB`e4T@,0*5C
\s:66,c:1782377502*16\!AIVDM,1,1,,,3592uf1000I2lL2;wnUI?Dc80E0:,0*70
\s:66,c:1782377499*15\!AIVDM,1,1,,,Kk3v;;d05SCg@PBp,0*36
\s:66,c:1782377499*15\!AIVDM,1,1,,,Klhmi0806;RqM0?p,0*08
\s:66,c:1782377504*10\!AIVDM,1,1,,,KkaGs9t0>s3jV5@P,0*08
\s:66,c:1782377511*14\!AIVDM,1,1,,,KkmoHn80M9Ti<0Bd,0*08
\s:66,c:1782377510*15\!AIVDM,1,1,,,17`B0NWP@a<MeK5VkPfB6BGJ0@JK,0*30
\s:66,c:1782377509*1D\!AIVDM,1,1,,,K52a>Cwsd9jLn01P,0*77
\s:66,c:1782377501*15\!AIVDM,1,1,,,34shhB0P00LF6vLWW2553Ow@22s1,0*0C
\s:66,c:1782377501*15\!AIVDM,1,1,,,34eGECh00Vo::tTKw6UnoEO80000,0*59
\s:66,c:1782377508*1C\!AIVDM,1,1,,,KolcccL3rB?`>QOt,0*08
\s:66,c:1782377503*17\!AIVDM,1,1,,,19NSr`@vBl;6RJDG9D7bj8S6053<,0*7B
\s:66,c:1782377508*1C\!AIVDM,1,1,,,15?dajh000JB<0KvdTof49QF00S2,0*10
\s:66,c:1782377501*15\!AIVDM,1,1,,,B>l16S002i`BjfK5P:0BgwkTSP06,0*1A
\s:66,c:1782377494*18\!AIVDM,1,1,,,15?dajh000JB<0KvdTov49Q408D7,0*68
\s:66,c:1782377491*1D\!AIVDM,1,1,,,K4hKSA0@?W3:nP@L,0*0A
\s:66,c:1782377502*16\!AIVDM,1,1,,,17`BAThP00<=3WiUj=SRDww@2D0:,0*19
\s:66,c:1782377504*10\!AIVDM,1,1,,,34RVHp3P@6<S@VceBVd9b7C:1P00,0*32
\s:66,c:1782377502*16\!AIVDM,1,1,,,14RVHp3006<S@W3eBVbq2WE21PSF,0*14
\s:66,c:1782377505*11\!AIVDM,1,1,,,16TMRt?P0Ul>aCd1nVe;POwd2<;M,0*62
\s:66,c:1782377504*10\!AIVDM,1,1,,,KpUSHh<1m`QtO2dD,0*02
\s:66,c:1782377503*17\!AIVDM,1,1,,,Kp15bMQOnT@Hn0E8,0*78
\s:66,c:1782377503*17\!AIVDM,1,1,,,KpR>TQ0hJN?N?Pel,0*7E
\s:66,c:1782377502*16\!AIVDM,1,1,,,14RVHp3006<S@W3eBVbq2WE21PSF,0*14
\s:66,c:1782377503*17\!AIVDM,1,1,,,18LMRN0028CRfmJIpvKju2C<08FI,0*78
\s:66,c:1782377504*10\!AIVDM,1,1,,,KlSr@41M?1PhJ0DT,0*35
\s:66,c:1782377504*10\!AIVDM,1,1,,,Krp=s2:=>J@dN0BL,0*75
\s:66,c:1782377502*16\!AIVDM,1,1,,,14`Uu9P01T1VB69ct;:C@2UD08HJ,0*08
\s:66,c:1782377505*11\!AIVDM,1,1,,,KpR>TQ0hJN?N?Pel,0*7E
\s:66,c:1782377507*13\!AIVDM,1,1,,,14Sd9f0u29OIF7IlJgM;OqAB0<01,0*7D
\s:66,c:1782377503*17\!AIVDM,1,1,,,18uWO:700SQB;AMdBk9e5:c>08GF,0*33
\s:66,c:1782377500*14\!AIVDM,1,1,,,KkKQL48=glQ;H4PD,0*29
\s:66,c:1782377502*16\!AIVDM,1,1,,,KlSr@41M?1PhJ0DT,0*35
\s:66,c:1782377507*13\!AIVDM,1,1,,,Km91gL@tUaAGCP<d,0*2F
\s:66,c:1782377502*16\!AIVDM,1,1,,,169D;qQP0TGqEuin@4?U5?w>08G:,0*1B
\s:66,c:1782377509*1D\!AIVDM,1,1,,,E>kKOH?;UQHHtKq000000000000LRBog5uD>`10888nP20,4*7A
\s:66,c:1782377493*1F\!AIVDM,1,1,,,KkaFdDM@9nkkJPOt,0*3B
\s:66,c:1782377499*15\!AIVDM,1,1,,,K3PfDh00433rKPb4,0*0E
\s:66,c:1782377506*12\!AIVDM,1,1,,,Kkmww`00<:DNC4QH,0*28
\s:66,c:1782377501*15\!AIVDM,1,1,,,16<jqL003<vr3k6?fftomVBj0D1k,0*77
\s:66,c:1782377504*10\!AIVDM,1,1,,,19NSbv@wjIM7pW0E5QCk72U@0<04,0*0E
\s:66,c:1782377500*14\!AIVDM,1,1,,,B7`NqKP0039WaprW6pLoldhP2h06,0*36
\s:66,c:1782377510*15\!AIVDM,1,1,,,K7`BO@OnDlLkVPOt,0*25
\s:66,c:1782377502*16\!AIVDM,1,1,,,B7`NqKP0039WaprW6pLoldhP2h06,0*36
\s:66,c:1782377506*12\!AIVDM,1,1,,,18I=EN001p;wV=7i5irdWb7B0L00,0*5F
\s:66,c:1782377508*1C\!AIVDM,1,1,,,15Agup?P00JB;tqvdU:f4?wN0@L5,0*39
\s:66,c:1782377507*13\!AIVDM,1,1,,,3:U8bf0Oh1LrF9ejs7oHDVc>00uh,0*5E
\s:66,c:1782377502*16\!AIVDM,1,1,,,1:U7f;0P00sut9mw:PsIsOwB253<,0*33
\s:66,c:1782377508*1C\!AIVDM,1,1,,,C3go2;P0>=lKaOrWRDh1oTN0P`UiUKQWKkk:0000000000D2RRR0,0*22
\s:66,c:1782377493*1F\!AIVDM,1,1,,,K3mulT80:a4Qg51L,0*26
\s:66,c:1782377499*15\!AIVDM,1,1,,,Kk`nvgd0;aCjuPOt,0*61
\s:66,c:1782377508*1C\!AIVDM,1,1,,,K3l3pst>on3Sc6Tt,0*1D
\s:66,c:1782377508*1C\!AIVDM,1,1,,,KkiPd8M@?:3`t0Ot,0*06
\s:66,c:1782377505*11\!AIVDM,1,1,,,KmO3Wnc<b<2>HP>d,0*4B
\s:66,c:1782377494*18\!AIVDM,1,1,,,B7`BA@P00;81idJhe3HEOwhUCP06,0*37
\s:66,c:1782377506*12\!AIVDM,1,1,,,KmN3FA9qtOl1B25`,0*30
\s:66,c:1782377508*1C\!AIVDM,1,1,,,B69FT:P0=U7J@HN=IjhlGh?4SP00,0*0C
\s:66,c:1782377503*17\!AIVDM,1,1,,,1815OQ@01cOQ6rv2PkjI9oDp0@Gd,0*61
\s:66,c:1782377501*15\!AIVDM,1,1,,,14eIPdwP00FcFa@O1OKRuww:20S9,0*10
\s:66,c:1782377508*1C\!AIVDM,1,1,,,KomLH>d4?0wfB01h,0*71
\s:66,c:1782377509*1D\!AIVDM,1,1,,,B69FT:P0=U7J@HN=IjhlGh?4SP00,0*0C
\s:66,c:1782377509*1D\!AIVDM,1,1,,,B>l?qd@02TwMar0T=fucSwo4SP06,0*31
\s:66,c:1782377508*1C\!AIVDM,1,1,,,18HupJ001RJPRpf4UlC@;P;H00SN,0*5F
\s:66,c:1782377507*13\!AIVDM,1,1,,,Ko7nWK3l;oAac09p,0*37
\s:66,c:1782377502*16\!AIVDM,1,1,,,15h7TRhP@eq?T0T6tTFT0k34053<,0*0B
\s:66,c:1782377499*15\!AIVDM,1,1,,,K4RV9@<?H0AdWU<P,0*55
\s:66,c:1782377506*12\!AIVDM,1,1,,,Km?deFP?bE3>pUQH,0*40
\s:66,c:1782377501*15\!AIVDM,1,1,,,KqNSge002w@LhPD`,0*17
\s:66,c:1782377501*15\!AIVDM,1,1,,,K4RV9@<?H0AdWU<P,0*55
\s:66,c:1782377500*14\!AIVDM,1,1,,,B7`OPn000K81aWr5w5SQ3wUUoP06,0*3D
\s:66,c:1782377504*10\!AIVDM,1,1,,,H7`OFTTU7B=4005J=Jqnho1@7324,0*3B
\s:66,c:1782377503*17\!AIVDM,1,1,,,15?dd304CcPm`2iu=@4`j6q>253<,0*0A
\s:66,c:1782377507*13\!AIVDM,1,1,,,1815L3@1QkloT=lNTMgJvpoH0HJc,0*52
\s:66,c:1782377508*1C\!AIVDM,1,1,,,169D:;@005JL97QmAUHja4GL0`Kj,0*44
\s:66,c:1782377502*16\!AIVDM,1,1,,,KkK0bJ00Vfedi6Dt,0*4A
\s:66,c:1782377502*16\!AIVDM,1,1,,,14`a;;001wMP<r?rfu>hchW60<06,0*1E
\s:66,c:1782377503*17\!AIVDM,1,1,,,KkK0bJ00Vfedi6Dt,0*4A
\s:66,c:1782377509*1D\!AIVDM,1,1,,,KqNSeu@=od0`U8CT,0*0C
\s:66,c:1782377507*13\!AIVDM,1,1,,,Kl`UtMp4gwPlp50`,0*31
\s:66,c:1782377496*1A\!AIVDM,1,1,,,KkgbuQ>OCcTn4POt,0*52
\s:66,c:1782377506*12\!AIVDM,1,1,,,KkuIKN00Qjl@1TA4,0*79
\s:66,c:1782377511*14\!AIVDM,1,1,,,KkaBNQu@;t3gQPOt,0*6F
\s:66,c:1782377511*14\!AIVDM,1,1,,,Kkmr5780BQDWbP3P,0*03
\s:66,c:1782377505*11\!AIVDM,1,1,,,KlhB6<0KNjCU;P38,0*49
\s:66,c:1782377504*10\!AIVDM,1,1,,,B7`NJ9000k7PVtJpqFCQ3wn1n5tA,0*3B
\s:66,c:1782377510*15\!AIVDM,1,1,,,37`djn7OhkdJE:9VfgmRD1sJ0Qw0,0*72
\s:66,c:1782377506*12\!AIVDM,1,1,,,KlhB6<0KNjCU;P38,0*49
\s:66,c:1782377509*1D\!AIVDM,1,1,,,KmO:Df;sPqCP20:<,0*68
\s:66,c:1782377502*16\!AIVDM,1,1,,,KkEn90d00V2miQDH,0*3C
\s:66,c:1782377505*11\!AIVDM,1,1,,,B>plqkP0014g2SKBQk3IrfN4SP06,0*6C
\s:66,c:1782377506*12\!AIVDM,1,1,,,19jjlm?P000SD5D2DoF4d?wJ0@JP,0*30
\s:66,c:1782377507*13\!AIVDM,1,1,,,KmNL>3d:Lr4M:P4H,0*41
\s:66,c:1782377507*13\!AIVDM,1,1,,,13ener002OnG@?jQFk35JDEB853<,0*49
\s:66,c:1782377510*15\!AIVDM,1,1,,,13AFgR002OKc2ofbFB>EJ4CJ0@KB,0*2A
\s:66,c:1782377508*1C\!AIVDM,1,1,,,Kom@;<d4<9weq1R4,0*08
\s:66,c:1782377503*17\!AIVDM,1,1,,,15DJw<001pKdvEWdp@;FFU5D0HIM,0*1B
\s:66,c:1782377503*17\!AIVDM,1,1,,,B3wUK4h01C=@G<5`WiD0gwkTSP06,0*52
\s:66,c:1782377507*13\!AIVDM,1,1,,,KmNL>3d:Lr4M:P4H,0*41
\s:66,c:1782377504*10\!AIVDM,1,1,,,1815abh0iWK=0T67a?elDSG@053<,0*51
\s:66,c:1782377507*13\!AIVDM,1,1,,,KmNPufd<dGR<LP@l,0*69
\s:66,c:1782377499*15\!AIVDM,1,1,,,Kkm6UJ0Oa;3j5PD<,0*62
\s:66,c:1782377504*10\!AIVDM,1,1,,,KkfJq>i@<Rk;80>t,0*71
\s:66,c:1782377506*12\!AIVDM,1,1,,,K5NPniSw3nRhqOP0,0*1D
\s:66,c:1782377506*12\!AIVDM,1,1,,,KkcpLA0@NN3>o0D@,0*7F
\s:66,c:1782377504*10\!AIVDM,1,1,,,K5NPniSw3nRhqOP0,0*1D
\s:66,c:1782377504*10\!AIVDM,1,1,,,14S@gl002CMtpvP94TSIpooB0<02,0*1B
\s:66,c:1782377503*17\!AIVDM,1,1,,,KmO0ne0<k7R4dTVH,0*2D
\s:66,c:1782377504*10\!AIVDM,1,1,,,18I6Ht02QH<3s9Cg5lTUpTsH0HIH,0*69
\s:66,c:1782377506*12\!AIVDM,1,1,,,KmPg<P1J=i1Sw05<,0*19
\s:66,c:1782377509*1D\!AIVDM,1,1,,,KmMq7TRsRkj9JQ2D,0*38
\s:66,c:1782377505*11\!AIVDM,1,1,,,KmSrsT0:jC0K?57p,0*52
\s:66,c:1782377508*1C\!AIVDM,1,1,,,KmPg<P1J=i1Sw05<,0*19
\s:66,c:1782377508*1C\!AIVDM,1,1,,,188fjM?P12mfdnUlT=OldwwN28L:,0*5F
\s:66,c:1782377509*1D\!AIVDM,1,1,,,19NS=oP022OhtTt2Lqu3G2cJ00Rp,0*04
\s:66,c:1782377509*1D\!AIVDM,1,1,,,K5Uvlv00CohCH03D,0*28
\s:66,c:1782377504*10\!AIVDM,1,1,,,15NJfN`P00lh@QVQUf3rwgw@2@Gf,0*6B
\s:66,c:1782377506*12\!AIVDM,1,1,,,18I6Ht02QH<3s9Cg5lTUpTsH0HIH,0*69
\s:66,c:1782377505*11\!AIVDM,1,1,,,KnK2O;H4qq2QOP?<,0*4C
\s:66,c:1782377501*15\!AIVDM,1,1,,,39NSmei0028NWA;lNU@@khS<0Djr,0*0F
\s:66,c:1782377503*17\!AIVDM,1,1,,,1815:w001w3=JCsh87`qRWKB0<08,0*6B
\s:66,c:1782377504*10\!AIVDM,1,1,,,19NSe4Pv2CtHbEv2bJUcsqGD00SD,0*23
\s:66,c:1782377509*1D\!AIVDM,1,1,,,188fjM?P12mfdnUlT=OldwwN28L:,0*5F
\s:66,c:1782377507*13\!AIVDM,1,1,,,KmO0ne0<k7R4dTVH,0*2D
\s:66,c:1782377509*1D\!AIVDM,1,1,,,16TK:V800fnt<U21bJfEvlW@2D5`,0*18
\s:66,c:1782377506*12\!AIVDM,1,1,,,KkEj`teOcRC5w0Ot,0*6D
\s:66,c:1782377503*17\!AIVDM,1,1,,,15NCv300h0o@s:66,0*03
\s:66,c:1782377503*17\!AIVDM,1,1,,,14eGLt?00Vo;DHvL=?DKUI5D08Hb,0*31
\s:66,c:1782377509*1D\!AIVDM,1,1,,,16Kj84701WC`=bpIl:5oO65L0D00,0*11
\s:66,c:1782377504*10\!AIVDM,1,1,,,Kq?t28<B3WivuPOt,0*07
\s:66,c:1782377504*10\!AIVDM,1,1,,,K5B;Cp8Bbk1Hg09D,0*73
\s:66,c:1782377506*12\!AIVDM,1,1,,,199Adv?P0R0CI`T2Lh@Dw?wB2@I1,0*63
\s:66,c:1782377509*1D\!AIVDM,1,1,,,Km`5R41@Kg?aTP=l,0*24
\s:66,c:1782377501*15\!AIVDM,1,1,,,14`;PF001km`d=HR3afEID?:8@F<,0*40
\s:66,c:1782377504*10\!AIVDM,1,1,,,8>k1oLQKpBjS?B53TTN7mre0<N00,0*33
\s:66,c:1782377504*10\!AIVDM,1,1,,,15MahGc00OmAlndS2KwoT63D0<0:,0*27
\s:66,c:1782377510*15\!AIVDM,1,1,,,35MahGcOhNmAln@S2Kp7Qn5L01o0,0*73
\s:66,c:1782377504*10\!AIVDM,1,1,,,17tKg:CP0T8FVrOmF`LP7?w2253<,0*73
\g:1-2-5199780,s:66,c:1782377508*55\!AIVDM,2,1,0,,ENoI3I0b2a6TW7h2VTaWa@9bQ6PeK<9Rs7uD000003n004RCSp41E4Sl,0*0F
\g:2-2-5199780*66\!AIVDM,2,2,0,,1DU@,0*37
\s:66,c:1782377508*1C\!AIVDM,1,1,,,15C2bn001pJC?:J1swf6umTD0<02,0*7A
\s:66,c:1782377505*11\!AIVDM,1,1,,,K9t6VKPDQgRhE02l,0*79
\s:66,c:1782377501*15\!AIVDM,1,1,,,E>lsp=AU7T7@197WURaP0000000D7OCar9VAH70qACc000,4*09
\s:66,c:1782377504*10\!AIVDM,1,1,,,19NSC5k000KtK1r4TgAo32EB0@IL,0*32
\s:66,c:1782377507*13\!AIVDM,1,1,,,Kkl3tq@4J9@`U5P@,0*4A
\s:66,c:1782377491*1D\!AIVDM,1,1,,,KqNSp7h?9lRaV7@p,0*67
\s:66,c:1782377493*1F\!AIVDM,1,1,,,KkuTAH0?jJCd`9>@,0*40
\s:66,c:1782377493*1F\!AIVDM,1,1,,,KkmPwf?h@<lVnPOt,0*7F
\g:1-2-5199781,s:66,c:1782377501*5D\!AIVDM,2,1,1,,53FGbV42>=c@D<TV220lTMDDj0@F0<E9H4q@E>0k3PL875U;??S0Dp40,0*16
\g:2-2-5199781*67\!AIVDM,2,2,1,,C3@Dp1sPr1Dk40@,2*6A
\s:66,c:1782377510*15\!AIVDM,1,1,,,15EBu>0001<ap?aaJMmkt9GH0@KP,0*14
\s:66,c:1782377504*10\!AIVDM,1,1,,,Kp15Me@5O8OMAV7L,0*1C
\s:66,c:1782377504*10\!AIVDM,1,1,,,KnUIG401t6Qt40C`,0*6C
\s:66,c:1782377504*10\!AIVDM,1,1,,,KqNS?PH2G=hkM3Ah,0*7B
\s:66,c:1782377507*13\!AIVDM,1,1,,,Kp15KVIApriqQ000,0*36
\s:66,c:1782377507*13\!AIVDM,1,1,,,145:Ro0Oi1dmgnhT0@0aw`AD0<0M,0*09
\s:66,c:1782377506*12\!AIVDM,1,1,,,34Qr`60P@KkmvwUon2fEnlID0000,0*33
\s:66,c:1782377506*12\!AIVDM,1,1,,,169D;lPPAjkgrkip7<>bo8aF253<,0*42
\s:66,c:1782377502*16\!AIVDM,1,1,,,1596Wn@000M4?6UkOG9bnipb0l1@,0*00
\s:66,c:1782377504*10\!AIVDM,1,1,,,KrU7GNQNaN?=;0@4,0*78
\s:66,c:1782377494*18\!AIVDM,1,1,,,13f5jh0w2GL9QK<4jg8<79m20@D;,0*36
\s:66,c:1782377502*16\!AIVDM,1,1,,,13f5jh01jFL9QE04jggL1Im>00SL,0*6E
\s:66,c:1782377504*10\!AIVDM,1,1,,,KklSft0MdEQAs04<,0*6D
\s:66,c:1782377504*10\!AIVDM,1,1,,,18I<bq0038LOg1t5gmdlmkq@00S@,0*31
\s:66,c:1782377509*1D\!AIVDM,1,1,,,Kp15KoP4@2Qa:P4h,0*6C
\s:66,c:1782377507*13\!AIVDM,1,1,,,KmD04R04Dc1Bt6DT,0*51
\s:66,c:1782377502*16\!AIVDM,1,1,,,15?dhKP1QkH9USh=5>GjNArv0D0l,0*67
\s:66,c:1782377504*10\!AIVDM,1,1,,,13V7>v0wjE:NRk1u`5hU`TQ608Fk,0*33
\s:66,c:1782377503*17\!AIVDM,1,1,,,19jhqj00000GpUj3=J7GJ2qB0HGs,0*7D
\s:66,c:1782377509*1D\!AIVDM,1,1,,,19NSk1Pw2i0JrHKrr2:68lsL0@Km,0*5C
\s:66,c:1782377504*10\!AIVDM,1,1,,,I8:bbv3ocsUE>aqveB7w;=jIOw=i,0*70
\s:66,c:1782377500*14\!AIVDM,1,1,,,Kl`UwB@=CIASh5<8,0*7C
\s:66,c:1782377502*16\!AIVDM,1,1,,,1:pE<8sP00JVAnV5tn0`Dww<2<1u,0*56
\s:66,c:1782377507*13\!AIVDM,1,1,,,I8:bbv3ocsUE>aqveB7w;=jIOw=i,0*70
\s:66,c:1782377504*10\!AIVDM,1,1,,,KkF2r?7wcVC6j0D0,0*50
\s:66,c:1782377508*1C\!AIVDM,1,1,,,KkI7wSeOs:66,0*6C
\s:66,c:1782377511*14\!AIVDM,1,1,,,Kl2OSUAOpr3rDPAD,0*67
\s:66,c:1782377508*1C\!AIVDM,1,1,,,KmN5>>;<Qs29kP>@,0*51
\s:66,c:1782377508*1C\!AIVDM,1,1,,,KmNIdi;sP?SQOP>0,0*7F
\s:66,c:1782377506*12\!AIVDM,1,1,,,KmNIdi;sP?SQOP>0,0*7F
\s:66,c:1782377505*11\!AIVDM,1,1,,,B6<rU?00=m2gM@OpF?inKwv63P06,0*67
\s:66,c:1782377504*10\!AIVDM,1,1,,,38?OAD5000:QVgQrU;NBpBS40Df:,0*7A
\s:66,c:1782377504*10\!AIVDM,1,1,,,KomROwd4BB?r3RR0,0*5A
\s:66,c:1782377502*16\!AIVDM,1,1,,,B6<rU?00=m2gM@OpF?inKwv63P06,0*67
\s:66,c:1782377509*1D\!AIVDM,1,1,,,KqNSS>@9ukNOaV80,0*74
\s:66,c:1782377509*1D\!AIVDM,1,1,,,19NSS>@vQpD=de9l??Jm1D;N0@LK,0*75
\s:66,c:1782377504*10\!AIVDM,1,1,,,KqMj@p82KstL61@`,0*67
\s:66,c:1782377504*10\!AIVDM,1,1,,,19NSD<002LOUsD?uHMFdS:8>08Hc,0*78
\s:66,c:1782377504*10\!AIVDM,1,1,,,13l3od@01WLNmBkg7jv8<FeF08Hq,0*7D
\s:66,c:1782377503*17\!AIVDM,1,1,,,KqMj@p82KstL61@`,0*67
\s:66,c:1782377496*1A\!AIVDM,1,1,,,Kk@nkbp0JCT9:9e0,0*12
\s:66,c:1782377506*12\!AIVDM,1,1,,,KkuJV2`0hVlcFP;0,0*60
\s:66,c:1782377508*1C\!AIVDM,1,1,,,K33<><0?3mjhpPA`,0*40
\s:66,c:1782377501*15\!AIVDM,1,1,,,KmA>tV8?BvBTT6h@,0*73
\s:66,c:1782377501*15\!AIVDM,1,1,,,KkIgiM1OnShHt0=h,0*3F
\s:66,c:1782377504*10\!AIVDM,1,1,,,19N`1VP02Ivhm<j5<PKtiJAB08H3,0*2D
\s:66,c:1782377503*17\!AIVDM,1,1,,,KmNBfo`ddO29U01d,0*50
\s:66,c:1782377508*1C\!AIVDM,1,1,,,14eIbt81h2G=4FPL=3v1@3oJ00Ru,0*27
\s:66,c:1782377500*14\!AIVDM,1,1,,,17`B4t@P00dP1;mbrkcf4?w>253<,0*74
\s:66,c:1782377505*11\!AIVDM,1,1,,,169p<>0OhPF@qJAtbkLTdSIF00SS,0*4D
\s:66,c:1782377507*13\!AIVDM,1,1,,,Ko0WVv9Awb1iv0j4,0*29
\s:66,c:1782377507*13\!AIVDM,1,1,,,15Nd3O`000lfuQ0QDT6f42AL00Rk,0*58
\s:66,c:1782377504*10\!AIVDM,1,1,,,Koljn>PD8NgOpP:H,0*0D
\s:66,c:1782377506*12\!AIVDM,1,1,,,Kn;BMT86M>=w0U@h,0*58
\s:66,c:1782377507*13\!AIVDM,1,1,,,15Naa<P01Rl2b<DO;0OEQDG@0d02,0*5C
\s:66,c:1782377505*11\!AIVDM,1,1,,,KnK3BCIE:QBhUP:<,0*75
\s:66,c:1782377502*16\!AIVDM,1,1,,,3:U7K4POh8M8epgk3`u`>mQ@00i@,0*7D
\s:66,c:1782377509*1D\!AIVDM,1,1,,,KmVkWp1MhpQ4L0:D,0*58
\s:66,c:1782377509*1D\!AIVDM,1,1,,,Kn:KLUaCG=Q`H0D<,0*43
\s:66,c:1782377499*15\!AIVDM,1,1,,,K3cW:J9@DQ3tIP;4,0*66
\s:66,c:1782377508*1C\!AIVDM,1,1,,,KlecSV0=leSar5UT,0*33
\s:66,c:1782377503*17\!AIVDM,1,1,,,177j4i0wRvFJkrLO6PbJ9`7>08Gr,0*37
\s:66,c:1782377503*17\!AIVDM,1,1,,,155C1v@0000tWWurvGJKIbE@053<,0*75
\s:66,c:1782377509*1D\!AIVDM,1,1,,,33coot1vh00tdP5rupApm1wF0000,0*01
\s:66,c:1782377504*10\!AIVDM,1,1,,,177j4i0wRvFJkrLO6PbJ9`7>08Gr,0*37
\s:66,c:1782377507*13\!AIVDM,1,1,,,14eHUbhP0HG9s:66,0*37
\s:66,c:1782377504*10\!AIVDM,1,1,,,KlpWHlR=LkiFFPAH,0*3B
\s:66,c:1782377502*16\!AIVDM,1,1,,,B82w@v00DBw5BfLk?QLDp?kQl<03,0*69
\s:66,c:1782377507*13\!AIVDM,1,1,,,K44Ska<6GVDNi0ED,0*3C
\s:66,c:1782377505*11\!AIVDM,1,1,,,Km@`4m0U0hjjJ0@t,0*4B
\s:66,c:1782377505*11\!AIVDM,1,1,,,KkmP6>04UKREPV3<,0*76
\s:66,c:1782377502*16\!AIVDM,1,1,,,13ViuF0uiG135lghbr`eEJi80@Fj,0*41
\s:66,c:1782377507*13\!AIVDM,1,1,,,1:U6vSO021MFljwqg@1oh65D0@JE,0*74
\s:66,c:1782377509*1D\!AIVDM,1,1,,,3:U6vSO024MFlioqg?VGh69J01;h,0*77
\s:66,c:1782377509*1D\!AIVDM,1,1,,,13K6a>0vi9Lu:fww6D246kKN0@LC,0*67
\s:66,c:1782377503*17\!AIVDM,1,1,,,1815Sj@1jP1Vk@7csbES4BQ<0@Gb,0*49
\s:66,c:1782377502*16\!AIVDM,1,1,,,KlpWHlR=LkiFFPAH,0*3B
\s:66,c:1782377507*13\!AIVDM,1,1,,,19NSo1P1B52uHC49Ls`=L:gF0@JF,0*32
\s:66,c:1782377508*1C\!AIVDM,1,1,,,C693kg005UvhaOui;wNM@HN02468;1ai:0000000000000411R2P,0*65
\s:66,c:1782377509*1D\!AIVDM,1,1,,,C3go0mP07=tRAwuqnml:CTN0TASSkKQQaKcQ:000000000D2RRR0,0*33
\s:66,c:1782377502*16\!AIVDM,1,1,,,C693kg005UvhaOui;wNM@HN02468;1ai:0000000000000411R2P,0*65
\s:66,c:1782377509*1D\!AIVDM,1,1,,,13M@q=h029I:g=86uh=;VaMB00Rg,0*46
\s:66,c:1782377503*17\!AIVDM,1,1,,,13thRc?000oWH0fBfD965IU<00Sc,0*2B
\s:66,c:1782377505*11\!AIVDM,1,1,,,15MsrtWP00GBPgdE3llrpgwF00SF,0*3D
\s:66,c:1782377504*10\!AIVDM,1,1,,,16:<I<8P0q<L4F1te?<W`Ow:0<00,0*22
\s:66,c:1782377507*13\!AIVDM,1,1,,,K65b>p8AnsQrk0?4,0*14
\s:66,c:1782377501*15\!AIVDM,1,1,,,15O>UW0000lb7D2Qc:;KwnE@00S1,0*59
\s:66,c:1782377507*13\!AIVDM,1,1,,,15Mq7kd016DhAV6QV0I9PWaF0<0j,0*6C
\s:66,c:1782377500*14\!AIVDM,1,1,,,Ksrt7wwuBo0U`0Ot,0*38
\s:66,c:1782377511*14\!AIVDM,1,1,,,19NSoHP0jfMPRF:0;b@;taQP053<,0*06
\s:66,c:1782377507*13\!AIVDM,1,1,,,19NSkP0vis3=1Wd6qB1cEHw<0D<P,0*10
\s:66,c:1782377506*12\!AIVDM,1,1,,,Kk3rq1d0:63h?0Ot,0*71
\s:66,c:1782377501*15\!AIVDM,1,1,,,Kka`AD1OG9Q4o06D,0*0B
\s:66,c:1782377509*1D\!AIVDM,1,1,,,1:5be8001VvMG<d:r;Kj71iN0D0p,0*62
\s:66,c:1782377504*10\!AIVDM,1,1,,,3815Ls5000<FWosW339obScD0Djb,0*08
\s:66,c:1782377507*13\!AIVDM,1,1,,,KkekRj0BtChuD0<p,0*11
\s:66,c:1782377503*17\!AIVDM,1,1,,,Kp15cF1@AkPE50CT,0*21
\s:66,c:1782377510*15\!AIVDM,1,1,,,15CLCN02BrFIQnNP2bhd3IcL8D08,0*00
\s:66,c:1782377506*12\!AIVDM,1,1,,,16TVM@001elbpfKvvrD:K8IJ0Gwv,0*62
\s:66,c:1782377504*10\!AIVDM,1,1,,,13o@El0023MIDvknWce7T63D08IE,0*26
\s:66,c:1782377503*17\!AIVDM,1,1,,,B>qFke000A70F4sAVUa2<lv4SP06,0*53
\s:66,c:1782377500*14\!AIVDM,1,1,,,KqNSNI8=5h0aJRlp,0*4A
\s:66,c:1782377507*13\!AIVDM,1,1,,,K9NSUpP0mCjbR54p,0*48
\s:66,c:1782377507*13\!AIVDM,1,1,,,KntsP>gipqAlqP=T,0*41
\s:66,c:1782377501*15\!AIVDM,1,1,,,Km5L?lH@113s?PEd,0*6D
\s:66,c:1782377504*10\!AIVDM,1,1,,,KqNSqwh?RD2@b6>H,0*57
\s:66,c:1782377509*1D\!AIVDM,1,1,,,198eWw001JvqM8hAvpp9I7WL0@LH,0*6C
\s:66,c:1782377500*14\!AIVDM,1,1,,,B7`BUFP00339lmIL1p:Pb0hP2h06,0*53
\s:66,c:1782377500*14\!AIVDM,1,1,,,177KA0000M<HhlUVmh;9anq<053<,0*2D
\s:66,c:1782377509*1D\!AIVDM,1,1,,,KmO0pRgsbj2N50Ot,0*42
\s:66,c:1782377504*10\!AIVDM,1,1,,,Kp15VAhBQ6i`cP3L,0*47
\s:66,c:1782377507*13\!AIVDM,1,1,,,18154l001lDmJcJNaNS3sC?H0HIn,0*3C
\s:66,c:1782377509*1D\!AIVDM,1,1,,,188flk501gE<hDmnDeDTT3QL08L<,0*01
\s:66,c:1782377501*15\!AIVDM,1,1,,,K7PCP8=D=l>Jc0Ot,0*54
\s:66,c:1782377504*10\!AIVDM,1,1,,,C1<=nlh05Q9bwrs8CCo?swP0HTjkSiiKQWKki;11111000000000,0*7B
\s:66,c:1782377507*13\!AIVDM,1,1,,,15QgB40PAOLr<89jS>wqrGkJ053<,0*51
\s:66,c:1782377507*13\!AIVDM,1,1,,,19NSbh003>IpBbP9W@E3:RU@08GU,0*03
\s:66,c:1782377493*1F\!AIVDM,1,1,,,KkSPPl80VPk:FP0L,0*4D
\s:66,c:1782377508*1C\!AIVDM,1,1,,,Kk:1PeQ@@okr6P=d,0*61
\s:66,c:1782377507*13\!AIVDM,1,1,,,KkVnWj<OaL2>VPOt,0*2D
\s:66,c:1782377504*10\!AIVDM,1,1,,,B6<fqQ@0?:t09@OLrRWL7wi6SP06,0*03
\s:66,c:1782377506*12\!AIVDM,1,1,,,KqjmB@0@@gPDlP78,0*28
\s:66,c:1782377509*1D\!AIVDM,1,1,,,KpI=Wm0@DO@Am09h,0*64
\s:66,c:1782377508*1C\!AIVDM,1,1,,,B:u0P7P00vSIowwciCGQ3wmSnDvJ,0*5D
\s:66,c:1782377505*11\!AIVDM,1,1,,,18158eh01f1T8DCd;sm:@8?D053<,0*10
\s:66,c:1782377507*13\!AIVDM,1,1,,,15R6mp0vjl0jRkMhWR;5j4S60HJI,0*57
\s:66,c:1782377501*15\!AIVDM,1,1,,,1815:k00008:95ikfrkdRQC80<03,0*5B
\s:66,c:1782377500*14\!AIVDM,1,1,,,H>1WN:kWC7;7W?O400000000000,2*66
\s:66,c:1782377502*16\!AIVDM,1,1,,,H>1WN:kWC7;7W?O400000000000,2*66
\s:66,c:1782377508*1C\!AIVDM,1,1,,,KmOE0e9KCk3lL0@d,0*43
\s:66,c:1782377510*15\!AIVDM,1,1,,,17PHPL0OhC;Go2QQ?tdai`gL053<,0*76
\s:66,c:1782377507*13\!AIVDM,1,1,,,K44`KP<27Pi?71i@,0*47
\s:66,c:1782377503*17\!AIVDM,1,1,,,13cpML002T0lQ3muFUws:66,0*5E
\s:66,c:1782377509*1D\!AIVDM,1,1,,,19F<nN3OhwOp2KV2iVq1Ii;F00Rw,0*73
\s:66,c:1782377508*1C\!AIVDM,1,1,,,KpI7NN03pK?G:V58,0*03
\s:66,c:1782377506*12\!AIVDM,1,1,,,16TGT80P0jdDtIEuS:>6P?wD253<,0*3D
\s:66,c:1782377507*13\!AIVDM,1,1,,,144cE30P?w<tSF0l4Q@>4?wp1pHo,0*1B
\s:66,c:1782377504*10\!AIVDM,1,1,,,15D@3v001o88P6CfnT5mrDc60L00,0*42
\s:66,c:1782377507*13\!AIVDM,1,1,,,Kp15RD0N>R>5BPAp,0*74
\s:66,c:1782377502*16\!AIVDM,1,1,,,3DQsEm0Oi`JV<CD6;9<HBne9@P;@,0*10
\s:66,c:1782377496*1A\!AIVDM,1,1,,,Kl`Fvf8?7GkD:W3p,0*00
\s:66,c:1782377504*10\!AIVDM,1,1,,,Kkc`Wkd0R2k<j1R`,0*72
\s:66,c:1782377504*10\!AIVDM,1,1,,,KkAdFF809R4NwU;8,0*5A
\s:66,c:1782377507*13\!AIVDM,1,1,,,15T8bN00jEw5GH2DqMEJcpU:0HK7,0*7C
\s:66,c:1782377510*15\!AIVDM,1,1,,,17`OU1P000<LR3m`H<InhVcH053<,0*1A
\s:66,c:1782377503*17\!AIVDM,1,1,,,KmPm?5`:A;QQMP?H,0*3C
\s:66,c:1782377505*11\!AIVDM,1,1,,,KmPm?5`:A;QQMP?H,0*3C
\s:66,c:1782377502*16\!AIVDM,1,1,,,15?0GV>000M935akENdMgc1B0@GT,0*3D
\s:66,c:1782377510*15\!AIVDM,1,1,,,1815bLP11t2UsRqdI3GCJRgL053<,0*74
\s:66,c:1782377510*15\!AIVDM,1,1,,,1772FN001j2gPukg6<3aKoQH0@KH,0*5D
\s:66,c:1782377502*16\!AIVDM,1,1,,,Ko7REF8=7V@o=8=8,0*6E
\s:66,c:1782377508*1C\!AIVDM,1,1,,,C3WAc@00CeuARwutDuISoTN0TAWSKcKgk:000000000000D2RRR0,0*2A
\s:66,c:1782377502*16\!AIVDM,1,1,,,C3WAc@00CeuARwutDuISoTN0TAWSKcKgk:000000000000D2RRR0,0*2A
\s:66,c:1782377509*1D\!AIVDM,1,1,,,33s?;hO601wBVC<F@>kj?6mN00v0,0*49
\s:66,c:1782377505*11\!AIVDM,1,1,,,KmO4K6c<brB=:0C<,0*02
\g:1-2-5199782,s:66,c:1782377502*5D\!AIVDM,2,1,2,,57f8A84252lPGEG;3S9<uE@PE8r21@T58F22221670;665cD08EhBE0C,0*5E
\g:2-2-5199782*64\!AIVDM,2,2,2,,QjH888888888880,2*2C
\s:66,c:1782377507*13\!AIVDM,1,1,,,Kn:K=KPBPvi`HP0D,0*14
\s:66,c:1782377509*1D\!AIVDM,1,1,,,14`UweHP1IPpILUtOlqQcOwN2@Kn,0*60
\s:66,c:1782377504*10\!AIVDM,1,1,,,KmN1MIQMJNS3a000,0*13
\s:66,c:1782377509*1D\!AIVDM,1,1,,,H5:tHd4T47I5<VF616ljjk0p743t,0*79
\s:66,c:1782377509*1D\!AIVDM,1,1,,,B69D;rP0>5v`7LMjVqUL;wv63P06,0*51
\s:66,c:1782377509*1D\!AIVDM,1,1,,,Kn:K=KPBPvi`HP0D,0*14
\s:66,c:1782377509*1D\!AIVDM,1,1,,,Kn:?fI049IAVWP<L,0*7C
\s:66,c:1782377507*13\!AIVDM,1,1,,,Kp15?vP3v01TQQ04,0*55
\s:66,c:1782377507*13\!AIVDM,1,1,,,Kn:?fI049IAVWP<L,0*7C
\s:66,c:1782377502*16\!AIVDM,1,1,,,1815I<001jFf>Rv@KBkl9SC<0L05,0*5C
\s:66,c:1782377499*15\!AIVDM,1,1,,,KlSc?80@2DkiMP8p,0*26
\s:66,c:1782377504*10\!AIVDM,1,1,,,Kk9tH:802JmSk42p,0*2B
\s:66,c:1782377509*1D\!AIVDM,1,1,,,KqNSnK0?oaPF<P<`,0*42
\s:66,c:1782377509*1D\!AIVDM,1,1,,,H52S6TDU>F36n2d00000000P<130,0*13
\s:66,c:1782377509*1D\!AIVDM,1,1,,,KkmOvJ0:polE>77d,0*3F
\s:66,c:1782377509*1D\!AIVDM,1,1,,,KqNSnK0?oaPF<P<`,0*42
\s:66,c:1782377509*1D\!AIVDM,1,1,,,Kqjjrd<0@?@@pa1D,0*5C
\s:66,c:1782377501*15\!AIVDM,1,1,,,B5NdjQP0G=UFGa8>=AA>KwjUoP06,0*11
\s:66,c:1782377504*10\!AIVDM,1,1,,,Kk9tH:802JmSk42p,0*2B
\s:66,c:1782377510*15\!AIVDM,1,1,,,15N5E;?P00Db@B:P>E8>4?wP0D00,0*62
\s:66,c:1782377510*15\!AIVDM,1,1,,,KkmOvJ0:polE>77d,0*3F
\s:66,c:1782377504*10\!AIVDM,1,1,,,Ip;1302paeBf<3Q36VtO3S?OUCO4,0*7E
\s:66,c:1782377504*10\!AIVDM,1,1,,,15R4:08000JB=Gl5FP<Lv7O80<4i,0*2D
\s:66,c:1782377504*10\!AIVDM,1,1,,,1:pDpp0P00rO;DV2>UIcf?w:0@Fh,0*15
\s:66,c:1782377501*15\!AIVDM,1,1,,,1815RFPtiO5hWjWhQt<9nWq<08F>,0*07
\s:66,c:1782377502*16\!AIVDM,1,1,,,1815@KhvBMMn>kosi>qU3D160<01,0*14
\s:66,c:1782377500*14\!AIVDM,1,1,,,1815Mc002=J>vN818rdPD@A20@Dm,0*5E
\s:66,c:1782377511*14\!AIVDM,1,1,,,1815N1hvAVJtPjV7CPJCHRqF08L@,0*4A
\s:66,c:1782377502*16\!AIVDM,1,1,,,14`V7o002QGQK1v?Ihv4k3k80HFs,0*6F
\s:66,c:1782377511*14\!AIVDM,1,1,,,Kk9K4c5@=wSj802D,0*1A
\s:66,c:1782377504*10\!AIVDM,1,1,,,18I;QM00jlMrAT:1dkem?l7>0<01,0*77
\s:66,c:1782377500*14\!AIVDM,1,1,,,K7`B0>P6TQM8?Ue0,0*1E
\s:66,c:1782377510*15\!AIVDM,1,1,,,17`B0>P4Ak<mE1SaTGp`86IJ08KR,0*0B
\s:66,c:1782377504*10\!AIVDM,1,1,,,KqqvaF1B1w?bDP;H,0*72
\s:66,c:1782377504*10\!AIVDM,1,1,,,Kq@>j1t20citM0Ot,0*36
\s:66,c:1782377503*17\!AIVDM,1,1,,,19NSbs032AwNAA@2>QVSJRg<20Ru,0*54
\s:66,c:1782377503*17\!AIVDM,1,1,,,13ACTJ0004PQbG4244K=oSA@0D0<,0*6C
\s:66,c:1782377506*12\!AIVDM,1,1,,,KlRUR<<?u@wk:U``,0*6C
\s:66,c:1782377502*16\!AIVDM,1,1,,,K7`B0>P6TQM8?Ue0,0*1E
\s:66,c:1782377505*11\!AIVDM,1,1,,,KnKPj<P4p0RPEP2D,0*4A
\s:66,c:1782377505*11\!AIVDM,1,1,,,KnK3koh59HBUNVRL,0*03
\s:66,c:1782377502*16\!AIVDM,1,1,,,18uI7`30001mENIdTGIHL2c80@GJ,0*36
\s:66,c:1782377504*10\!AIVDM,1,1,,,KlRUR<<?u@wk:U``,0*6C
\s:66,c:1782377503*17\!AIVDM,1,1,,,18uI1H70001CwoSdQ1FHVF3600So,0*36
\s:66,c:1782377503*17\!AIVDM,1,1,,,15>gm0001W20c3adIJ5S?RG@08GM,0*5B
\s:66,c:1782377510*15\!AIVDM,1,1,,,KpuI1H1hc0MPI004,0*73
\s:66,c:1782377507*13\!AIVDM,1,1,,,Kn:4TG`4A5ibR0Ot,0*2D
\s:66,c:1782377493*1F\!AIVDM,1,1,,,K3s<tJgwblBuo10l,0*45
\s:66,c:1782377499*15\!AIVDM,1,1,,,KkEhQh?wpNB`I14H,0*03
\s:66,c:1782377504*10\!AIVDM,1,1,,,KkprN8kh7>Rs1POt,0*42
\s:66,c:1782377511*14\!AIVDM,1,1,,,Kk9woc9@A63r10E0,0*3E
\s:66,c:1782377505*11\!AIVDM,1,1,,,B69D;2h0=5CAkLNMN8IR?wv63P06,0*11
\s:66,c:1782377508*1C\!AIVDM,1,1,,,369D;2h00lE=7>=qmpO68wv00000,0*42
\s:66,c:1782377504*10\!AIVDM,1,1,,,KnBODO<Ak?R<70Ot,0*3F
\s:66,c:1782377504*10\!AIVDM,1,1,,,KomFAIj4;9?P33@t,0*67
\s:66,c:1782377506*12\!AIVDM,1,1,,,B69FT5@09m5fELNDjWTNCwv63P06,0*4F
\s:66,c:1782377506*12\!AIVDM,1,1,,,169L0U0P0ck;7`iv1goWRgwH2<00,0*31
\s:66,c:1782377509*1D\!AIVDM,1,1,,,169Hwr?P0rkoRpKvVf4JlgwH2HJs,0*1B
\s:66,c:1782377503*17\!AIVDM,1,1,,,KrU7lCP>=pf20P30,0*07
\s:66,c:1782377508*1C\!AIVDM,1,1,,,KmQoQJ0=3j@@d`;t,0*7B
\s:66,c:1782377508*1C\!AIVDM,1,1,,,19NSND@02<Jmf;ai01NVrUUJ0@L4,0*5D
\s:66,c:1782377502*16\!AIVDM,1,1,,,KrU7lCP>=pf20P30,0*07
\s:66,c:1782377502*16\!AIVDM,1,1,,,18I1L9001PJWrbH7lSGMohC<0<00,0*31
\s:66,c:1782377507*13\!AIVDM,1,1,,,KmQoQJ0=3j@@d`;t,0*7B
\s:66,c:1782377507*13\!AIVDM,1,1,,,KomFAIj4;9?P33@t,0*67
\s:66,c:1782377509*1D\!AIVDM,1,1,,,14`V24p01jHA:s><gice;K=D0D0H,0*06
\s:66,c:1782377504*10\!AIVDM,1,1,,,Kl`Uv>`?V33qC7;L,0*46
\s:66,c:1782377511*14\!AIVDM,1,1,,,I>CQlRAosgM538<FPsIgJMJwB4mU,0*76
\s:66,c:1782377504*10\!AIVDM,1,1,,,Kn9L0p1wKLPo>P:`,0*3D
\s:66,c:1782377507*13\!AIVDM,1,1,,,KntmJv<?bqRc54Vp,0*61
\s:66,c:1782377509*1D\!AIVDM,1,1,,,133<5Q0P01vkJI:BfoPv4?wL253<,0*1E
\s:66,c:1782377500*14\!AIVDM,1,1,,,KpI77206Ja=DSQ3l,0*2E
\s:66,c:1782377506*12\!AIVDM,1,1,,,Kp15`=@::jCCkW6d,0*41
\s:66,c:1782377504*10\!AIVDM,1,1,,,Km?ddC@1t5ir:5A4,0*6C
\s:66,c:1782377504*10\!AIVDM,1,1,,,Km@<3F0BLO1kk0@T,0*2C
\s:66,c:1782377503*17\!AIVDM,1,1,,,Kn9L0p1wKLPo>P:`,0*3D
\s:66,c:1782377501*15\!AIVDM,1,1,,,15MOK`701So7GgpJn`><CIq60hF=,0*0F
\s:66,c:1782377504*10\!AIVDM,1,1,,,KolcM@?l86ONKPOt,0*3D
\s:66,c:1782377509*1D\!AIVDM,1,1,,,16KSVH002:;wC>Ol=AIoR5uR0D00,0*12
\s:66,c:1782377503*17\!AIVDM,1,1,,,KqNSOFh=JEfauV7D,0*44
\s:66,c:1782377503*17\!AIVDM,1,1,,,16Kn5v002TD1b5fEkd9CMBi:053<,0*42
\s:66,c:1782377504*10\!AIVDM,1,1,,,KqNWwK0<VR@qpa7@,0*27
\s:66,c:1782377507*13\!AIVDM,1,1,,,Km@`T7@NQofPP0B`,0*46
\s:66,c:1782377509*1D\!AIVDM,1,1,,,35Nun?U1ww<tSF0l4Q@>48wv0TrC,0*2D
\s:66,c:1782377493*1F\!AIVDM,1,1,,,Kknrnl0>T2jRD5RT,0*7E
\s:66,c:1782377501*15\!AIVDM,1,1,,,Kk3prMd0:CCh6POt,0*60
\s:66,c:1782377506*12\!AIVDM,1,1,,,KkaB:Oq@<ESjQ0:D,0*7F
\s:66,c:1782377507*13\!AIVDM,1,1,,,13fBvP0025NiBhN=TG;A90wH0@K5,0*4F
\s:66,c:1782377509*1D\!AIVDM,1,1,,,Kkii5F0wq>@ERP@t,0*0F
\s:66,c:1782377505*11\!AIVDM,1,1,,,C69Kwh@0MULB<H0s?5JoOwv0l@:Pbjb2LH:L?g111110S38DST0P,0*31
\s:66,c:1782377506*12\!AIVDM,1,1,,,1815dGP01j01OM;ohMGmUDQ<0D07,0*25
\s:66,c:1782377506*12\!AIVDM,1,1,,,15?daD@01OOjsl?onQJEnlaJ0D01,0*15
\s:66,c:1782377509*1D\!AIVDM,1,1,,,Kkii5F0wq>@ERP@t,0*0F
\s:66,c:1782377501*15\!AIVDM,1,1,,,14t0br7P01t1dORb4hEv4?w<2D02,0*55
\s:66,c:1782377504*10\!AIVDM,1,1,,,15NwV2W00RlHbe4PhUJ3w3=@08HO,0*0E
\s:66,c:1782377510*15\!AIVDM,1,1,,,15N9kCW000m6CahQ3p>W7o7L0@Kp,0*59
\s:66,c:1782377504*10\!AIVDM,1,1,,,KleGvlP=ftlIN1Al,0*70
\s:66,c:1782377505*11\!AIVDM,1,1,,,1815dGP01j01OM;ohMGmUDQ<0D07,0*25
\s:66,c:1782377507*13\!AIVDM,1,1,,,K:UOHgL>>B>8MPOt,0*0D
\s:66,c:1782377510*15\!AIVDM,1,1,,,14`V3fh01h2CLLQeonqaJWOD00S5,0*24
\s:66,c:1782377508*1C\!AIVDM,1,1,,,C3i<Q;00F>0BQwun7b=FoTN0P`UWSKQeKkU:0000000000D2RRR0,0*31
\s:66,c:1782377502*16\!AIVDM,1,1,,,337Ib65000I7iSh;0GSLfJq<0DQr,0*01
\s:66,c:1782377499*15\!AIVDM,1,1,,,Kl0Uv:M@;ECFMPOt,0*39
\s:66,c:1782377504*10\!AIVDM,1,1,,,KkMC30IOj8D97P6H,0*7A
\s:66,c:1782377506*12\!AIVDM,1,1,,,KkHkvP5war3R0PRT,0*14
\s:66,c:1782377501*15\!AIVDM,1,1,,,14`Uw5@02bvewt64nDn5NlQ4053<,0*1B
\s:66,c:1782377510*15\!AIVDM,1,1,,,144hs10v@0dnk`TSrv6f45jD2@5w,0*07
\s:66,c:1782377504*10\!AIVDM,1,1,,,KomMrwt4<VOOmSil,0*77
\s:66,c:1782377502*16\!AIVDM,1,1,,,15@`T6h01H<359GtW8olLSQ<053<,0*24
\s:66,c:1782377509*1D\!AIVDM,1,1,,,169>KvPP0udC5@gnQAqFvgwL2@M2,0*44
\s:66,c:1782377505*11\!AIVDM,1,1,,,16U1vv?P1UwSpuOVud`4OOwD20Rk,0*7A
\s:66,c:1782377511*14\!AIVDM,1,1,,,13l9O@001UJBc@Ero=Emn4gP08M9,0*2C
\s:66,c:1782377507*13\!AIVDM,1,1,,,KomMrwt4<VOOmSil,0*77
\s:66,c:1782377510*15\!AIVDM,1,1,,,Kl4i0wPF`>6bTOwv,0*5C
\s:66,c:1782377501*15\!AIVDM,1,1,,,Kl0Uudq@:r3=G0<8,0*30
\s:66,c:1782377508*1C\!AIVDM,1,1,,,KlSVud0@6DCi;P1T,0*72
\s:66,c:1782377511*14\!AIVDM,1,1,,,Kk9o:p=@?lSh5POt,0*10
\s:66,c:1782377503*17\!AIVDM,1,1,,,KmNcdBg<Vjj9`1V@,0*39
\s:66,c:1782377510*15\!AIVDM,1,1,,,17`BWUP000<PW?=bqKb0:5?F053<,0*6E
\s:66,c:1782377506*12\!AIVDM,1,1,,,H@8qa54N4979=00onU00000`5320,0*36
\s:66,c:1782377502*16\!AIVDM,1,1,,,C2A3L`oL3<stDC03e`dlKT008NM0jcScUSKii:00000000D2RRR0,0*24
\s:66,c:1782377506*12\!AIVDM,1,1,,,C>l9lah00TqigQwgh78I?wt03KSW11111111111111dd0000002P,0*7C
\s:66,c:1782377508*1C\!AIVDM,1,1,,,19u:UI001MqH5qd82IaT>3GB0<02,0*29
\s:66,c:1782377505*11\!AIVDM,1,1,,,KnScCo<4duRR=4cp,0*5D
\s:66,c:1782377507*13\!AIVDM,1,1,,,19NSHA02Pj2=vnufr9d2nBOJ0HJ8,0*79
\s:66,c:1782377501*15\!AIVDM,1,1,,,Kkn0sj0424f@6Q?d,0*18
\s:66,c:1782377504*10\!AIVDM,1,1,,,13M@RUh02OM=jEakTVsA10kD00RP,0*03
\s:66,c:1782377511*14\!AIVDM,1,1,,,1:U7jI?P00Llo5AvRM3q@gwV0<16,0*5F
\s:66,c:1782377493*1F\!AIVDM,1,1,,,K6K2EN8?V?2rSWPt,0*66
\s:66,c:1782377499*15\!AIVDM,1,1,,,K44iCKevnDlSnQ:h,0*26
\s:66,c:1782377506*12\!AIVDM,1,1,,,KkHp?t5wv?3WCPAD,0*4D
\s:66,c:1782377503*17\!AIVDM,1,1,,,KmO1FF9KOFSSo0?T,0*70
\s:66,c:1782377503*17\!AIVDM,1,1,,,KmMkt=?<Q72;QPC8,0*38
\s:66,c:1782377505*11\!AIVDM,1,1,,,KmOEd1`<f52=h0@D,0*42
\s:66,c:1782377502*16\!AIVDM,1,1,,,17`B<M@000<FbDGW373cFQA>00SH,0*29
\s:66,c:1782377510*15\!AIVDM,1,1,,,13JLF<0020kD@9Uf;jQ`Wo7L20Sf,0*6A
\s:66,c:1782377509*1D\!AIVDM,1,1,,,19jgsB300q0E94:2WpR7`EqL08Jm,0*14
\s:66,c:1782377507*13\!AIVDM,1,1,,,18I8`d0025FlmHFJudIQn1QH0<06,0*5A
\s:66,c:1782377508*1C\!AIVDM,1,1,,,16TheP01B>8<MJalrAukqS2L08JI,0*60
\s:66,c:1782377504*10\!AIVDM,1,1,,,15?d`@h01JM63q5j0@78kFsF0@Ie,0*66
\s:66,c:1782377494*18\!AIVDM,1,1,,,35NNbK002WKf4J49D30TJkM000?h,0*6B
\s:66,c:1782377508*1C\!AIVDM,1,1,,,H69L1DQ8tpMTG7?D00000000000,2*54
\s:66,c:1782377508*1C\!AIVDM,1,1,,,B696de00>5teW8MgB5djGwv63P06,0*2E
\s:66,c:1782377507*13\!AIVDM,1,1,,,Kp?O@sLlMF@q65n<,0*54
\s:66,c:1782377493*1F\!AIVDM,1,1,,,KkchAW=@F8C1=SPd,0*71
\s:66,c:1782377507*13\!AIVDM,1,1,,,KqNSj1@?M@0hjP=l,0*5A
\s:66,c:1782377503*17\!AIVDM,1,1,,,19NS?SP01JGBw3f=do8lH3G:0D05,0*37
\s:66,c:1782377503*17\!AIVDM,1,1,,,K38bMv0LfVR7H0E4,0*5E
\s:66,c:1782377503*17\!AIVDM,1,1,,,KmNtuwc<LS22W0CP,0*4D
\s:66,c:1782377505*11\!AIVDM,1,1,,,KqNSo?H;GEjGQ67h,0*74
\s:66,c:1782377506*12\!AIVDM,1,1,,,KqNSo?H;GEjGQ67h,0*74
\s:66,c:1782377509*1D\!AIVDM,1,1,,,B52QDr@00=pm@N4m0S3Q3wo1nDt:,0*0D
\s:66,c:1782377505*11\!AIVDM,1,1,,,188eee000wmU3L5nUo25V4KD053<,0*32
\s:66,c:1782377507*13\!AIVDM,1,1,,,Kkc6p09Bjh0fWP00,0*7A
\s:66,c:1782377506*12\!AIVDM,1,1,,,KqNSj1@?M@0hjP=l,0*5A
\s:66,c:1782377507*13\!AIVDM,1,1,,,35NHa7001MDPaQ@OeDqc9HuH00ih,0*18
\s:66,c:1782377507*13\!AIVDM,1,1,,,KqNSj1@?M@0hjP=l,0*5A
\s:66,c:1782377509*1D\!AIVDM,1,1,,,18JCj4001wJnQtP;`ckK38kH053<,0*14
\s:66,c:1782377508*1C\!AIVDM,1,1,,,188eee000wmU3L5nUo25V4KD053<,0*32
\s:66,c:1782377509*1D\!AIVDM,1,1,,,C3WAcK00;elvH?rUq1T3oTN0P`UeigKcKcS:0000000000D2RRR0,0*2C
\s:66,c:1782377507*13\!AIVDM,1,1,,,Kn9GHpQDAdAdn0Bt,0*79
\s:66,c:1782377509*1D\!AIVDM,1,1,,,KqNSo?H;GEjGQ67h,0*74
\s:66,c:1782377493*1F\!AIVDM,1,1,,,KkEa;m?wiuSCuU2L,0*2F
\s:66,c:1782377499*15\!AIVDM,1,1,,,Kkd19C3hGcS:A:d0,0*51
\s:66,c:1782377511*14\!AIVDM,1,1,,,KkaEPl`0<<3jR44l,0*68
\s:66,c:1782377504*10\!AIVDM,1,1,,,KolohDf47OwOlPEH,0*4F
\s:66,c:1782377501*15\!AIVDM,1,1,,,333r=D0vh@8;5?=gV?I6hGlP0C9M,0*60
\s:66,c:1782377502*16\!AIVDM,1,1,,,1:U71LS001M8qt5koB7c60CB00Rr,0*61
\s:66,c:1782377510*15\!AIVDM,1,1,,,36:9;8P01n2;6IaeS1faWGwH0Pwh,0*1A
\s:66,c:1782377507*13\!AIVDM,1,1,,,KmNE1P`<e=B7sP9d,0*24
\s:66,c:1782377510*15\!AIVDM,1,1,,,Kn9CbQeDMlR<70Ot,0*59
\s:66,c:1782377502*16\!AIVDM,1,1,,,33df``04R<HOShV:t5cCuk:v00F0,0*1A
\s:66,c:1782377504*10\!AIVDM,1,1,,,KkIJnj1OsQC;40B4,0*16
\s:66,c:1782377506*12\!AIVDM,1,1,,,KkaQ4Ii@5M3gCP?h,0*4B
\s:66,c:1782377508*1C\!AIVDM,1,1,,,Kkalqr=@>RSrFPOt,0*54
\s:66,c:1782377511*14\!AIVDM,1,1,,,KkP;K8AOlIkjDP<p,0*2D
\s:66,c:1782377511*14\!AIVDM,1,1,,,K346NN80:83hQPEH,0*40
\s:66,c:1782377503*17\!AIVDM,1,1,,,KmNRHFP<dVR8UPAp,0*53
\s:66,c:1782377508*1C\!AIVDM,1,1,,,KmNDcV;<Qaj9dPCp,0*1D
\s:66,c:1782377505*11\!AIVDM,1,1,,,Kl`UuD01oa>Cc5?p,0*2F
\s:66,c:1782377504*10\!AIVDM,1,1,,,19NSF=P01@:SKqmtePK5Hl540@FP,0*5A
\s:66,c:1782377507*13\!AIVDM,1,1,,,14eI8;h000o9cf:Kwf1WDEcB08IR,0*73
\s:66,c:1782377504*10\!AIVDM,1,1,,,19NSG=@02ir=OD60:fUPK0I81U3<,0*59
\s:66,c:1782377504*10\!AIVDM,1,1,,,KrpDuuhu>wPhgP:@,0*4B
\s:66,c:1782377508*1C\!AIVDM,1,1,,,19NSG=@02ir=OF>0:h7@JhIH1PS;,0*64
\s:66,c:1782377501*15\!AIVDM,1,1,,,KpLPQp04@BvNFP;P,0*22
\s:66,c:1782377504*10\!AIVDM,1,1,,,KrpDuuhu>wPhgP:@,0*4B
\s:66,c:1782377493*1F\!AIVDM,1,1,,,KkclnRchEoRmN078,0*1B
\s:66,c:1782377504*10\!AIVDM,1,1,,,KpI5QN0h@klUn0@0,0*5B
\s:66,c:1782377507*13\!AIVDM,1,1,,,16KkN0012FwBPE4HQ=902P5F0<0j,0*35
\s:66,c:1782377500*14\!AIVDM,1,1,,,B7`B11h0036CTdr6BppOcwjQVDs:,0*13
\s:66,c:1782377504*10\!AIVDM,1,1,,,Kp:bee<5T`wd@P=T,0*53
\s:66,c:1782377501*15\!AIVDM,1,1,,,152gdn001LFG4;tPq5D7WV;<08FU,0*41
\s:66,c:1782377501*15\!AIVDM,1,1,,,14eG<Vh000oUmqPS3SdPW3k<20RA,0*21
\s:66,c:1782377502*16\!AIVDM,1,1,,,Ko7jOf00FQ=S@aAT,0*7A
\s:66,c:1782377505*11\!AIVDM,1,1,,,19NSgMP3AHOCht=gtMW3nC?B0@I0,0*7C
\s:66,c:1782377507*13\!AIVDM,1,1,,,13l3nek00:Lt?r5iN2;Di@MH0<0K,0*11
\s:66,c:1782377503*17\!AIVDM,1,1,,,Ko7jOf00FQ=S@aAT,0*7A
\s:66,c:1782377494*18\!AIVDM,1,1,,,15SV7R3P?wKkdCL3d1W>4?w40D05,0*55
\s:66,c:1782377504*10\!AIVDM,1,1,,,15SV7R3P?wKkdCP3d1Vf4?wF08I@,0*12
\s:66,c:1782377507*13\!AIVDM,1,1,,,KmO3@R3<THj=DPAH,0*76
\s:66,c:1782377507*13\!AIVDM,1,1,,,KmNJf03<b3B>W0Ch,0*7D
\s:66,c:1782377501*15\!AIVDM,1,1,,,KqNSO=0?Ql2WwVQ0,0*25
\s:66,c:1782377506*12\!AIVDM,1,1,,,Kk9ured0@Pkht0Ot,0*24
\s:66,c:1782377501*15\!AIVDM,1,1,,,KqNSO=0?Ql2WwVQ0,0*25
\s:66,c:1782377505*11\!AIVDM,1,1,,,KpVgs<0tK41b<0FD,0*44
\s:66,c:1782377504*10\!AIVDM,1,1,,,KlbCk00=hq@gG0D8,0*02
\s:66,c:1782377507*13\!AIVDM,1,1,,,KpVgs<0tK41b<0FD,0*44
\s:66,c:1782377509*1D\!AIVDM,1,1,,,KpVgs<0tK41b<0FD,0*44
\s:66,c:1782377493*1F\!AIVDM,1,1,,,Kk5NcqM@?oCh;0Ot,0*68
\s:66,c:1782377499*15\!AIVDM,1,1,,,KkmbI==@LCDm3POt,0*3F
\s:66,c:1782377504*10\!AIVDM,1,1,,,KlhGFr0@@S3<20>0,0*3B
\s:66,c:1782377501*15\!AIVDM,1,1,,,KkEaAOQO<fPh=Sgl,0*74
\s:66,c:1782377510*15\!AIVDM,1,1,,,B7`PIp00:s2JtTIq>gPMCwp5WP06,0*06
\s:66,c:1782377506*12\!AIVDM,1,1,,,13l3r50vjNm@P588qK@SNRgH8HJb,0*15
\s:66,c:1782377505*11\!AIVDM,1,1,,,18ILCB0ujsDfavIm`JjrI8Dd00S6,0*21
\s:66,c:1782377508*1C\!AIVDM,1,1,,,C3i<QL@0CuVNCOv43NtnCTN0hVEUQWKScKgi:000000000D2RRR0,0*49
\s:66,c:1782377504*10\!AIVDM,1,1,,,Kklws`9Ajv2>bP=t,0*5C
\s:66,c:1782377504*10\!AIVDM,1,1,,,KmMmdI3=B5RvISP8,0*63
\s:66,c:1782377506*12\!AIVDM,1,1,,,18ILCB0ujsDfavIm`JjrI8Dd00S6,0*21
\s:66,c:1782377503*17\!AIVDM,1,1,,,KmBI6d0E93SVMP?l,0*2C
\s:66,c:1782377505*11\!AIVDM,1,1,,,KnK31Ah4ptjQEU4t,0*79
\s:66,c:1782377507*13\!AIVDM,1,1,,,15TbJ`0wj:1fQd;cs9=IuWlf0<0?,0*47
\s:66,c:1782377501*15\!AIVDM,1,1,,,K7OeNad4=mfJS3c@,0*71
\s:66,c:1782377502*16\!AIVDM,1,1,,,KkEaAOQO<fPh=Sgl,0*74
\s:66,c:1782377493*1F\!AIVDM,1,1,,,KkduQh0?aAjg84bP,0*73
\s:66,c:1782377496*1A\!AIVDM,1,1,,,Kk9MLbP0DhkudP18,0*72
\s:66,c:1782377504*10\!AIVDM,1,1,,,13W;bb?P00Nu`98>tkS3Q?wD053<,0*2A
\s:66,c:1782377508*1C\!AIVDM,1,1,,,KlhFob0;iER2kVD@,0*1D
\s:66,c:1782377502*16\!AIVDM,1,1,,,1815HM0u10<bT>Ac>bGrb`M@00SP,0*58
\s:66,c:1782377502*16\!AIVDM,1,1,,,19NWrEh00DdR83mc2dcBMJI@20Rg,0*10
\s:66,c:1782377510*15\!AIVDM,1,1,,,17`Bb3P001<ftACaogbSgoGB0L08,0*7E
\s:66,c:1782377509*1D\!AIVDM,1,1,,,KlhFob0;iER2kVD@,0*1D
\s:66,c:1782377504*10\!AIVDM,1,1,,,Kp?O@Ft5HPwPIP;0,0*46
\s:66,c:1782377501*15\!AIVDM,1,1,,,18I25t01ApF4kcTO8IFJVpK<0@G8,0*26
\s:66,c:1782377504*10\!AIVDM,1,1,,,KmMnnET=BRjw8PB8,0*3F
\s:66,c:1782377506*12\!AIVDM,1,1,,,17`Bb3P001<ftACaogbSgoGB0L08,0*7E
\s:66,c:1782377509*1D\!AIVDM,1,1,,,KlhFob0;iER2kVD@,0*1D
\s:66,c:1782377493*1F\!AIVDM,1,1,,,Kks=tB?wbwRuRQPH,0*5E
\s:66,c:1782377493*1F\!AIVDM,1,1,,,Kkn?ri<0LhTmG0Ot,0*50
\s:66,c:1782377504*10\!AIVDM,1,1,,,Kkb;GJ00?@CsOQ44,0*42
\s:66,c:1782377501*15\!AIVDM,1,1,,,18RA8U0PA;O1QSB5DGIIc7wJ00S5,0*0D
\s:66,c:1782377507*13\!AIVDM,1,1,,,14d1f:0025vfm8r=C`p7aF1D08JL,0*5E
\s:66,c:1782377507*13\!AIVDM,1,1,,,13Emq9SOhjwVib:DRFsDq4eJ0pK0,0*3D
\s:66,c:1782377502*16\!AIVDM,1,1,,,19NSBA@02M<iqdCbi0JqGGQ400SL,0*07
\s:66,c:1782377503*17\!AIVDM,1,1,,,403OtTAvad`k`o7jefGQ6f?0253<,0*16
\s:66,c:1782377506*12\!AIVDM,1,1,,,15RkIL0021G;2c@Ct?d3v3;D053<,0*5E
\s:66,c:1782377504*10\!AIVDM,1,1,,,15NvPD?P00m6CpjQ3sjc2wwD253<,0*44
\s:66,c:1782377508*1C\!AIVDM,1,1,,,KollcT?3q3OVE06<,0*5C
\s:66,c:1782377501*15\!AIVDM,1,1,,,K4`Uw3hDMjeQ>0C`,0*7B
\s:66,c:1782377501*15\!AIVDM,1,1,,,13oCPt02RP5?iBIgi36BH1w408E<,0*07
\s:66,c:1782377504*10\!AIVDM,1,1,,,15T99f3000L>qBf2tTtnSRMH053<,0*73
\s:66,c:1782377508*1C\!AIVDM,1,1,,,15QAH0001OpEh<1v;5sSJBeH053<,0*52
\s:66,c:1782377502*16\!AIVDM,1,1,,,1815G<h01ep`b1J:6tR<3aPv0<05,0*7F
\s:66,c:1782377502*16\!AIVDM,1,1,,,36U<jH0P1NFOpFF1cq8b8Ovv02wi,0*5D
\s:66,c:1782377502*16\!AIVDM,1,1,,,16=q?9h01dFgGAd7uGadKJ9:00SI,0*7C
\s:66,c:1782377509*1D\!AIVDM,1,1,,,C3WGiLh0=N01TwucOrKO7TN0TAeiKSaKge:00000000000D2RRR0,0*2E
\s:66,c:1782377496*1A\!AIVDM,1,1,,,Kq8wbcP?QV44DV1p,0*28
\s:66,c:1782377504*10\!AIVDM,1,1,,,KqNSKK0?FG1?WWP<,0*2C
\s:66,c:1782377507*13\!AIVDM,1,1,,,Km@`?N@?IaPd`T`l,0*4B
\s:66,c:1782377507*13\!AIVDM,1,1,,,13l3oQ@01pv6PU<2bF70thWH0<02,0*50
\s:66,c:1782377509*1D\!AIVDM,1,1,,,13V<3T001;OBTdTFTe4WaF9P2<0E,0*2A
\s:66,c:1782377503*17\!AIVDM,1,1,,,KqN`2>1Kbk2N=0@d,0*59
\s:66,c:1782377505*11\!AIVDM,1,1,,,KmOAT<`<jF2i`0:D,0*22
\s:66,c:1782377504*10\!AIVDM,1,1,,,15Do0:0Oib;Nbe7`i@bSGk7H08IP,0*49
\s:66,c:1782377503*17\!AIVDM,1,1,,,KqN`2>1Kbk2N=0@d,0*59
\s:66,c:1782377504*10\!AIVDM,1,1,,,KoOoVdSmLRvQ10?0,0*58
\s:66,c:1782377506*12\!AIVDM,1,1,,,Km@`?N@?IaPd`T`l,0*4B
\s:66,c:1782377507*13\!AIVDM,1,1,,,36:0SH0tjoDw@TDOArPk>2WF00<P,0*67
\s:66,c:1782377507*13\!AIVDM,1,1,,,15QgiD0034CgkF4O@TUkW2oH00S4,0*02
\s:66,c:1782377501*15\!AIVDM,1,1,,,KoOnLjQD=`NJeP@`,0*1D
\s:66,c:1782377504*10\!AIVDM,1,1,,,17OnHaP0008Nl:;lGMoht6?>0D1c,0*16
\s:66,c:1782377507*13\!AIVDM,1,1,,,Km@`?N@?IaPd`T`l,0*4B
\s:66,c:1782377510*15\!AIVDM,1,1,,,Kp15bOP0rpeMO2U0,0*27
\s:66,c:1782377502*16\!AIVDM,1,1,,,1:U7Mc002tKfffov?k8SqC9D08HG,0*25
\s:66,c:1782377499*15\!AIVDM,1,1,,,Kk@nknp0M@D3r408,0*18
\s:66,c:1782377509*1D\!AIVDM,1,1,,,15EDJv011eucWoT=NhR5a4SJ08Kc,0*61
\s:66,c:1782377505*11\!AIVDM,1,1,,,KmN01E=Ld9j:SPOt,0*0F
\s:66,c:1782377504*10\!AIVDM,1,1,,,KqNSpjEApsAqPP=4,0*64
\s:66,c:1782377504*10\!AIVDM,1,1,,,14`V2R@2BHDha;DO4w13@ja>00S8,0*6E
\s:66,c:1782377504*10\!AIVDM,1,1,,,KomFBcf3w5?vt1n4,0*08
\s:66,c:1782377504*10\!AIVDM,1,1,,,Kold<QqDGo?`0POt,0*3F
\s:66,c:1782377508*1C\!AIVDM,1,1,,,KoluisL4DQ@9BQi4,0*1A
\s:66,c:1782377503*17\!AIVDM,1,1,,,KrU7Fo0>R?>LO0C4,0*0C
\s:66,c:1782377505*11\!AIVDM,1,1,,,16Tf1`00jc0H=NKl4NkmUlM@053<,0*64
\s:66,c:1782377502*16\!AIVDM,1,1,,,KrU7Fo0>R?>LO0C4,0*0C
\s:66,c:1782377509*1D\!AIVDM,1,1,,,Kn::ga<4EnRET1eH,0*38
\s:66,c:1782377507*13\!AIVDM,1,1,,,KmOtf29M33j5;010,0*0F
\s:66,c:1782377507*13\!AIVDM,1,1,,,KmN01E=Ld9j:SPOt,0*0F
\s:66,c:1782377507*13\!AIVDM,1,1,,,KomFBcf3w5?vt1n4,0*08
\s:66,c:1782377506*12\!AIVDM,1,1,,,Kp158m1@7QShaP?l,0*43
\s:66,c:1782377504*10\!AIVDM,1,1,,,KksAr<=wbvjusQR<,0*36
\s:66,c:1782377503*17\!AIVDM,1,1,,,KleHve=KKLS`<0B4,0*46
\s:66,c:1782377504*10\!AIVDM,1,1,,,3815Sg@01DTDW8r<1cKF@5C<0OHC,0*49
\s:66,c:1782377503*17\!AIVDM,1,1,,,19NStVP01j0BuoQwKmge3:m@0HH1,0*24
\s:66,c:1782377510*15\!AIVDM,1,1,,,14eGLuwP0<o=>r4L8D71`wwF00S0,0*0B
\s:66,c:1782377504*10\!AIVDM,1,1,,,15>l:F00inIqWPwsSJ7m2l3@0<00,0*13
\s:66,c:1782377505*11\!AIVDM,1,1,,,Kn9SoL1DMBRDb05p,0*70
\s:66,c:1782377505*11\!AIVDM,1,1,,,Kl4VMQP4hLRQcUe8,0*16
\s:66,c:1782377508*1C\!AIVDM,1,1,,,169D9u000rGsDQ1o=:NU4D3@0<01,0*7E
\s:66,c:1782377507*13\!AIVDM,1,1,,,K6:JeB03sM?k7VF@,0*43
\s:66,c:1782377506*12\!AIVDM,1,1,,,KkcwHk0@M1k@JPE@,0*48
\s:66,c:1782377510*15\!AIVDM,1,1,,,B6<kVG00;:ljaTratNp6swm6SP06,0*52
\s:66,c:1782377504*10\!AIVDM,1,1,,,37OddbPOh6:cOeskmQDakGS601;0,0*3E
\s:66,c:1782377508*1C\!AIVDM,1,1,,,KoOddWp4=:vKSRF0,0*52
\s:66,c:1782377504*10\!AIVDM,1,1,,,KoOddWp4=:vKSRF0,0*52
\s:66,c:1782377509*1D\!AIVDM,1,1,,,K4`UvtiNJgvDd0:T,0*2D
\s:66,c:1782377503*17\!AIVDM,1,1,,,15Bw4H01Qc2i3`ggWj39J7S600S@,0*2D
\s:66,c:1782377509*1D\!AIVDM,1,1,,,Kp19EPCrU;feHS@4,0*72
\s:66,c:1782377509*1D\!AIVDM,1,1,,,18J@;V002MHnJHAwWV=RKAqD0HHm,0*68
\s:66,c:1782377496*1A\!AIVDM,1,1,,,KkP:G;t?i93aqPCd,0*1E
\s:66,c:1782377501*15\!AIVDM,1,1,,,Kkm9E<00NHlob0;T,0*52
\s:66,c:1782377508*1C\!AIVDM,1,1,,,K3IkT23n`>6bTOP2,0*75
\s:66,c:1782377508*1C\!AIVDM,1,1,,,KkaHhCI@:FSgK03H,0*04
\s:66,c:1782377504*10\!AIVDM,1,1,,,16ecA80PAsN`KNp=cUVHro;B00Ri,0*5C
\s:66,c:1782377504*10\!AIVDM,1,1,,,16TdWj01BkvRT?v89ovUnle@00SO,0*0A
\s:66,c:1782377503*17\!AIVDM,1,1,,,Km2msnl;bj2N509P,0*4C
\s:66,c:1782377503*17\!AIVDM,1,1,,,Km2msnl;bj2N509P,0*4C
\s:66,c:1782377504*10\!AIVDM,1,1,,,14sbafHP4UtEKRNWHkaV6?wD253<,0*1A
\s:66,c:1782377504*10\!AIVDM,1,1,,,15O1kGPv1Ql;lV`RGom6<luB2@Hb,0*64
\s:66,c:1782377507*13\!AIVDM,1,1,,,K4sbafN>7qm2b>ad,0*3E
\s:66,c:1782377510*15\!AIVDM,1,1,,,39NSUsEP00FcDvpO4iAN4?wP0Dg:,0*3C
\s:66,c:1782377504*10\!AIVDM,1,1,,,KkP=Qw8=4pAsOVQL,0*7B
\s:66,c:1782377503*17\!AIVDM,1,1,,,15SM=>012e1HDHId08ScdIB`0@HG,0*38
\s:66,c:1782377510*15\!AIVDM,1,1,,,H=?eMrC3Vn3K>F2222222222220,2*0D
\s:66,c:1782377507*13\!AIVDM,1,1,,,K6:MbK1D0WiEN070,0*03
\s:66,c:1782377491*1D\!AIVDM,1,1,,,K3lldp1@5831u03@,0*43
\s:66,c:1782377493*1F\!AIVDM,1,1,,,KkwlH2aOtP3;uP=L,0*70
\s:66,c:1782377511*14\!AIVDM,1,1,,,KkaDqqt0:t3k?2hP,0*05
\s:66,c:1782377503*17\!AIVDM,1,1,,,KmNh=bS<er2`CT;8,0*06
\s:66,c:1782377505*11\!AIVDM,1,1,,,C693nWP0FmblCgurBJ=fpjN02468;SQQ:0000000000000411R2P,0*1E
\s:66,c:1782377503*17\!AIVDM,1,1,,,Km95K5A@O3OFmP=t,0*33
\s:66,c:1782377501*15\!AIVDM,1,1,,,15NSO60P00FC9CFPoRGIMww820SO,0*56
\s:66,c:1782377502*16\!AIVDM,1,1,,,Km95K5A@O3OFmP=t,0*33
\s:66,c:1782377507*13\!AIVDM,1,1,,,18I2D00421M8L`sjlhLQWiGJ00Rd,0*3A
\s:66,c:1782377507*13\!AIVDM,1,1,,,KmUJdN9MFjiLW00t,0*2A
\s:66,c:1782377502*16\!AIVDM,1,1,,,37`B271P00<M3g3a<WMLrOw@0000,0*32
\s:66,c:1782377504*10\!AIVDM,1,1,,,17`bJP0Ohg<knLaVoNOU8D3H0@Ik,0*25
\s:66,c:1782377503*17\!AIVDM,1,1,,,19NShb@12VFLFhpEVoUKoqQ>0<06,0*20
\s:66,c:1782377505*11\!AIVDM,1,1,,,15NgrwPOh1mINUOoGehuW3eF0Gwq,0*1F
\s:66,c:1782377504*10\!AIVDM,1,1,,,Kn11l=d1mSitm0Ot,0*03
\s:66,c:1782377510*15\!AIVDM,1,1,,,15NIsM?P00E6C00Q4<>=t?wL0<0c,0*70
\s:66,c:1782377506*12\!AIVDM,1,1,,,35NgrwPOh2mINUMoGei=pCiJ0290,0*78
\s:66,c:1782377503*17\!AIVDM,1,1,,,1:U8c>PP00tQBUMgn??p3gwD2D0<,0*47
\s:66,c:1782377503*17\!AIVDM,1,1,,,1815cR@wAclPfdRNqkO3fk5:0@G:,0*05
\s:66,c:1782377502*16\!AIVDM,1,1,,,14d92r001d2D=JOeS;JBT2A<053<,0*70
\s:66,c:1782377507*13\!AIVDM,1,1,,,14`Uu;0vPCM8i1mk;dBB6A9H0D17,0*4C
\s:66,c:1782377509*1D\!AIVDM,1,1,,,KrU8c>d>=vescP<t,0*12
\s:66,c:1782377500*14\!AIVDM,1,1,,,1:U7F@000utFITKwJ@vSsku800Rd,0*12
\s:66,c:1782377500*14\!AIVDM,1,1,,,177UTH0w1kKH:iP76hRDI3O80<04,0*78
\s:66,c:1782377502*16\!AIVDM,1,1,,,KsT2hk@MHjPfDPF<,0*4D
\g:1-2-5199783,s:66,c:1782377509*57\!AIVDM,2,1,3,,5;;@Ga76QpbCQ:m4620lTB05@h4q@T>22222221N7`>;2ubA0:81mF@C,0*6B
\g:2-2-5199783*65\!AIVDM,2,2,3,,PH8888888888880,2*7E
\s:66,c:1782377511*14\!AIVDM,1,1,,,1815Wi0wR0LCN>H5:4F4Nkc:0HLD,0*03
\s:66,c:1782377493*1F\!AIVDM,1,1,,,Kk3ko4<07PChU0Ot,0*5A
\s:66,c:1782377496*1A\!AIVDM,1,1,,,KkaQMF<0;KCjlPOt,0*2E
\s:66,c:1782377501*15\!AIVDM,1,1,,,Kk92I>00GsTiS4dt,0*45
\s:66,c:1782377508*1C\!AIVDM,1,1,,,K3m6FE00QR4uaTmp,0*2D
\s:66,c:1782377509*1D\!AIVDM,1,1,,,Kkku9j@?EoQNuWc4,0*35
\s:66,c:1782377505*11\!AIVDM,1,1,,,KmMq48PKPH3ThP>p,0*63
\s:66,c:1782377508*1C\!AIVDM,1,1,,,Km94;UdtKrQRg0=d,0*06
\s:66,c:1782377508*1C\!AIVDM,1,1,,,18I4`L0wRdnccf>D7naDrSsH0@KH,0*29
\s:66,c:1782377500*14\!AIVDM,1,1,,,13Etgt0P@t;lhJ9dogj0c0W<0L00,0*2D
\s:66,c:1782377510*15\!AIVDM,1,1,,,33Etgt0P@n;lhLadohA0M@IL00`0,0*53
\s:66,c:1782377510*15\!AIVDM,1,1,,,14S:9t0uBBC`qmUhapHkCBWL0?wv,0*27
\s:66,c:1782377503*17\!AIVDM,1,1,,,403Ovj1uJl`kao>@5HKp@fO0253<,0*0D
\s:66,c:1782377503*17\!AIVDM,1,1,,,KmMq48PKPH3ThP>p,0*63
\s:66,c:1782377508*1C\!AIVDM,1,1,,,1815aF@01cFs<eJ;t94craWN0<00,0*6E
\s:66,c:1782377507*13\!AIVDM,1,1,,,Kn@LeDsj`m1Jj0D`,0*7E
\s:66,c:1782377507*13\!AIVDM,1,1,,,1815d6001lmOQARNQ?2CuC4v08KA,0*22
\s:66,c:1782377508*1C\!AIVDM,1,1,,,Kolp1teDGngWt0Ot,0*5D
\s:66,c:1782377509*1D\!AIVDM,1,1,,,33Etgt0P@n;lhLadohA0M@IL00`0,0*53
\s:66,c:1782377494*18\!AIVDM,1,1,,,Kr5cNF<Mf4hiT0>t,0*0C
\s:66,c:1782377504*10\!AIVDM,1,1,,,3:U90Q0OjEL42Javev=;KIKF00dP,0*0A
\s:66,c:1782377507*13\!AIVDM,1,1,,,Km94;UdtKrQRg0=d,0*06
\s:66,c:1782377493*1F\!AIVDM,1,1,,,Kk83mD9OsSBeDP4`,0*54
\s:66,c:1782377501*15\!AIVDM,1,1,,,Kl`Utm@?jG3S7TPd,0*09
\s:66,c:1782377508*1C\!AIVDM,1,1,,,KkM@UDb?gEl>0SV8,0*7B
\s:66,c:1782377511*14\!AIVDM,1,1,,,Kk@ndph>E>TKL09`,0*6A
\s:66,c:1782377501*15\!AIVDM,1,1,,,Kqp`m:1OG:Q4iP7P,0*22
\s:66,c:1782377505*11\!AIVDM,1,1,,,KmN0f3c<Q7j;WP>@,0*7B
\s:66,c:1782377502*16\!AIVDM,1,1,,,17`BD<oP@T<Jae=a<jF;B`A<00S@,0*59
\s:66,c:1782377510*15\!AIVDM,1,1,,,H7`BVIlT>F34;BqJ=Eomoo1@3620,0*2C
\s:66,c:1782377502*16\!AIVDM,1,1,,,Kk83mD9OsSBeDP4`,0*54
\s:66,c:1782377502*16\!AIVDM,1,1,,,KqNWqsh?vJ3cHT4`,0*35
\s:66,c:1782377507*13\!AIVDM,1,1,,,KqaSP6tAk=0m5POt,0*69
\s:66,c:1782377503*17\!AIVDM,1,1,,,KqkMN8<0:lhEG0dD,0*2D
\s:66,c:1782377506*12\!AIVDM,1,1,,,Kqjl2;00880MW3k@,0*60
\s:66,c:1782377509*1D\!AIVDM,1,1,,,Km?dfV@0CqglA5l@,0*3B
\s:66,c:1782377510*15\!AIVDM,1,1,,,13lGm>001pIt0=`JdGeeB:aP0D0A,0*29
\s:66,c:1782377504*10\!AIVDM,1,1,,,KmNO10?u1<2B60Ot,0*4B
\s:66,c:1782377509*1D\!AIVDM,1,1,,,C>i@B9@03E6DCgv?RVt00Vv0@LkgSSKQk1gg:0000000?10:222P,0*1D
\s:66,c:1782377509*1D\!AIVDM,1,1,,,15D1ml011mvS51J=eV0QqiSH0@LW,0*26
\s:66,c:1782377504*10\!AIVDM,1,1,,,18IIk8000C<`<@AbWs>c91?J08Iw,0*7F
\s:66,c:1782377505*11\!AIVDM,1,1,,,188fgf001DEC?Igmuwddg:1D08Hl,0*38
\s:66,c:1782377504*10\!AIVDM,1,1,,,KotN:3wl>8hHcPOt,0*45
\s:66,c:1782377506*12\!AIVDM,1,1,,,18IIk8000C<`<@AbWs>c91?J08Iw,0*7F
\s:66,c:1782377505*11\!AIVDM,1,1,,,Km?dbtP4c42MQ1Qp,0*01
\s:66,c:1782377502*16\!AIVDM,1,1,,,19lNR<701E0tOqCk1fKF;Ts@0D06,0*76
\s:66,c:1782377504*10\!AIVDM,1,1,,,1815E=Pv1oNThRcpQM851kwB0@I7,0*29
\s:66,c:1782377509*1D\!AIVDM,1,1,,,Kn:GAQ0D2LiN2P8D,0*1C
\s:66,c:1782377507*13\!AIVDM,1,1,,,KotN:3wl>8hHcPOt,0*45
\s:66,c:1782377500*14\!AIVDM,1,1,,,C>l9a6@015:auarV3CT03wjP4bNkKQUc1111111111fd0040PPRP,0*36
\s:66,c:1782377504*10\!AIVDM,1,1,,,15DVEh0vP=<GB@=W=SFup3GB0HI:,0*74
\s:66,c:1782377506*12\!AIVDM,1,1,,,16UQ>v002pGFP3:A3<<lsl1D0@Ig,0*1C
\s:66,c:1782377505*11\!AIVDM,1,1,,,KqN`38h1L?vQl8=H,0*54
\s:66,c:1782377504*10\!AIVDM,1,1,,,C>iEhs@04Rva=kP`>Rh00eN0VH7eQkKQk1kQ:0000000?1d5QR2P,0*6D
\s:66,c:1782377504*10\!AIVDM,1,1,,,403Ow7Avad`kaqUQk`JjDrw0253<,0*20
\s:66,c:1782377506*12\!AIVDM,1,1,,,35Ru>F001pCKMiitIS2BLQwF00;k,0*58
\s:66,c:1782377506*12\!AIVDM,1,1,,,177Uqo001k<>gK7oSBGlV3e0053<,0*31
\s:66,c:1782377509*1D\!AIVDM,1,1,,,16:2TB000K<RHf5cTbe3L4qL0@K1,0*3C
\s:66,c:1782377503*17\!AIVDM,1,1,,,KpI=;e8=DCMDKP4@,0*12
\s:66,c:1782377502*16\!AIVDM,1,1,,,18I5L00uiR0S`6AjPqrUgTQ:0<04,0*58
\s:66,c:1782377505*11\!AIVDM,1,1,,,1815RP@vQ`0KG5Uc`DRCtS5F0HHj,0*6B
\s:66,c:1782377507*13\!AIVDM,1,1,,,18159KP01b0fCI=b`Kt2sRCJ00SU,0*6B
\s:66,c:1782377494*18\!AIVDM,1,1,,,KlSN;<0=4Q0QDVRd,0*77
\s:66,c:1782377507*13\!AIVDM,1,1,,,Kk=?<F9D:LQb90E`,0*2B
\s:66,c:1782377504*10\!AIVDM,1,1,,,Kn9L0LwwH5AQuPOt,0*38
\s:66,c:1782377504*10\!AIVDM,1,1,,,17`BCQ0P1P<PL:=bwFBGsgwF053<,0*0E
\s:66,c:1782377502*16\!AIVDM,1,1,,,17OhhkgP0VdOodubsPQ;9gw@28Gc,0*2D
\s:66,c:1782377503*17\!AIVDM,1,1,,,D03Ovl0tEN>4gTffpfpNfp0,2*0F
\s:66,c:1782377503*17\!AIVDM,1,1,,,403Ovl1uJl`k`oCkmBEpHbO020S:,0*6F
\s:66,c:1782377504*10\!AIVDM,1,1,,,KpI6UL0Aijj5JP?D,0*76
\s:66,c:1782377509*1D\!AIVDM,1,1,,,KkCsGSM@LvwSCPOt,0*58
\s:66,c:1782377504*10\!AIVDM,1,1,,,K7OddPP52VeTm0Qp,0*48
\s:66,c:1782377506*12\!AIVDM,1,1,,,17`BCQ0P1P<PL:=bwFBGsgwF053<,0*0E
\s:66,c:1782377508*1C\!AIVDM,1,1,,,KsDjugd=8hw@bPE8,0*12
\s:66,c:1782377504*10\!AIVDM,1,1,,,K3ltA@0?ARvH;4`L,0*07
\s:66,c:1782377503*17\!AIVDM,1,1,,,14`UvkP02U1KMj5cwllbdpQ>0<0<,0*28
\s:66,c:1782377509*1D\!AIVDM,1,1,,,18VdTF0003ss45v4csCD3j1H053<,0*33
\s:66,c:1782377507*13\!AIVDM,1,1,,,KpI6UL0Aijj5JP?D,0*76
\s:66,c:1782377509*1D\!AIVDM,1,1,,,33lfF`5000HdBv::A`@S@K;>0Dir,0*05
\s:66,c:1782377501*15\!AIVDM,1,1,,,KkcSL800dwDCjU=<,0*29
\s:66,c:1782377505*11\!AIVDM,1,1,,,Kko=N>8<bAioMWB<,0*20
\s:66,c:1782377504*10\!AIVDM,1,1,,,16KbWV000m;@Ic?Wwo3JJ`Rr0HI8,0*4E
\s:66,c:1782377504*10\!AIVDM,1,1,,,E>m1GUhQT0W72V@87a:@9`0a@1:n;LN<kQPhP00003n033nH3SsdLP,4*01
\s:66,c:1782377504*10\!AIVDM,1,1,,,Kl`V0O@2=W1VVT`<,0*28
\s:66,c:1782377504*10\!AIVDM,1,1,,,K55FA0<1uhilhREH,0*39
\s:66,c:1782377508*1C\!AIVDM,1,1,,,KotGgP04:WPFVPQp,0*1F
\s:66,c:1782377503*17\!AIVDM,1,1,,,19NS?o@02TCkkA<O5j8JP`G>08Ff,0*09
\s:66,c:1782377504*10\!AIVDM,1,1,,,1815OG@01OJQ=:L5nWKkDjg80@Fo,0*38
\s:66,c:1782377505*11\!AIVDM,1,1,,,KnK3@TH5;8Bl5P38,0*10
\s:66,c:1782377504*10\!AIVDM,1,1,,,Km?dggh>prOG5U`8,0*7E
\s:66,c:1782377507*13\!AIVDM,1,1,,,19NSdLPv20M6IeKkBRBR;AmD00S7,0*3E
\s:66,c:1782377503*17\!AIVDM,1,1,,,19NSpo@vk?2A5kcenpjaV7c>00SM,0*13
\s:66,c:1782377509*1D\!AIVDM,1,1,,,Kk=ppD83?v1<<aQd,0*19
\s:66,c:1782377509*1D\!AIVDM,1,1,,,Kn:61;dDD?ijQPOt,0*26
\s:66,c:1782377509*1D\!AIVDM,1,1,,,Kp15dC@3VFhI;7Cl,0*1E
\s:66,c:1782377504*10\!AIVDM,1,1,,,13AVnj00hAO`RGV1Tw9rniRv0@Hr,0*03
\s:66,c:1782377503*17\!AIVDM,1,1,,,KmNEAc`<KaR2JPAH,0*6D
\s:66,c:1782377509*1D\!AIVDM,1,1,,,19NSH4P01En`a06M;FE7Un=L08Lj,0*55
\s:66,c:1782377504*10\!AIVDM,1,1,,,Ko0?kR<23GQqiS5T,0*74
\s:66,c:1782377504*10\!AIVDM,1,1,,,KqNShe`B4>ip100h,0*25
\s:66,c:1782377506*12\!AIVDM,1,1,,,13AVnj00hAO`RGV1Tw9rniRv0@Hr,0*03
\s:66,c:1782377504*10\!AIVDM,1,1,,,15DUvD0023:0uhSqlm2JMpO>053<,0*4B
\s:66,c:1782377503*17\!AIVDM,1,1,,,Kp15<5ANJrNE=PB`,0*22
\s:66,c:1782377504*10\!AIVDM,1,1,,,1:u0RKh001r=H:Avgs:66,0*0E
\s:66,c:1782377505*11\!AIVDM,1,1,,,Kn9D;8d4NuBdt0Ot,0*0E
\s:66,c:1782377510*15\!AIVDM,1,1,,,14`V0PP02k2`FNSk4pJWuVMB0L02,0*64
\s:66,c:1782377500*14\!AIVDM,1,1,,,Km?deN@=7bAD;6j8,0*43
\s:66,c:1782377511*14\!AIVDM,1,1,,,19NSFKP02@JWC>t7@`@isAgV00SC,0*54
\s:66,c:1782377511*14\!AIVDM,1,1,,,Kru0RKt=2?gmhPOt,0*4F
\s:66,c:1782377509*1D\!AIVDM,1,1,,,B6::WoP055bpalMu4;fp?wv63P06,0*18
\s:66,c:1782377509*1D\!AIVDM,1,1,,,Kn?Uj3QBWD1Qk0>L,0*38
\s:66,c:1782377502*16\!AIVDM,1,1,,,3Ju0OeH01@ISN7GwjGWWJUlv0000,0*03
\s:66,c:1782377509*1D\!AIVDM,1,1,,,36::WoPsP@FcRaUol@W;PA1@01RP,0*66
\s:66,c:1782377493*1F\!AIVDM,1,1,,,KlhM490@@SC<3090,0*7E
\s:66,c:1782377499*15\!AIVDM,1,1,,,KlRt;J0?L320PTPh,0*59
\s:66,c:1782377499*15\!AIVDM,1,1,,,KlSW1V1Oj83<A0Cl,0*5E
\s:66,c:1782377507*13\!AIVDM,1,1,,,KkEc834?Ksj3bSaP,0*00
\s:66,c:1782377506*12\!AIVDM,1,1,,,16:Jth0PB7EMBfV6Q8flOkMF08Ig,0*3F
\s:66,c:1782377507*13\!AIVDM,1,1,,,KlcuTR01Su17JP=h,0*3E
\s:66,c:1782377504*10\!AIVDM,1,1,,,Kru0KI`LebwqVP4T,0*52
\s:66,c:1782377505*11\!AIVDM,1,1,,,Kn2?@VP4PU2M4Un4,0*7C
\s:66,c:1782377505*11\!AIVDM,1,1,,,19NSmO@2QB12`47i=raVV5EF0L0=,0*51
\s:66,c:1782377501*15\!AIVDM,1,1,,,1815UD@01`6;bCajko41pQe80@E=,0*08
\s:66,c:1782377510*15\!AIVDM,1,1,,,18I8k`02223I;v7i6Kur17uL00SE,0*2C
\s:66,c:1782377496*1A\!AIVDM,1,1,,,KkaQd3<0;GSmgPOt,0*62
\s:66,c:1782377508*1C\!AIVDM,1,1,,,KkAVc400;8T5:06D,0*1D
\s:66,c:1782377511*14\!AIVDM,1,1,,,KkIMmJ1@0CkWt02`,0*4C
\s:66,c:1782377502*16\!AIVDM,1,1,,,13eb9>002BE0AS5iMQfS;BU<8HG?,0*1F
\s:66,c:1782377510*15\!AIVDM,1,1,,,Kkeb9>0:Gdf8qWU8,0*7B
\s:66,c:1782377503*17\!AIVDM,1,1,,,177eTO001QoL7K2CSL9K@pu<0@HK,0*01
\s:66,c:1782377505*11\!AIVDM,1,1,,,Kp154iP1F@>6aU1l,0*03
\s:66,c:1782377509*1D\!AIVDM,1,1,,,Kkeb9>0:Gdf8qWU8,0*7B
\s:66,c:1782377505*11\!AIVDM,1,1,,,Kp15RGP4qf2lV63p,0*43
\s:66,c:1782377505*11\!AIVDM,1,1,,,15A6UL001O21n7me85w1a1K@0<0?,0*32
\s:66,c:1782377504*10\!AIVDM,1,1,,,39N`2uhvk204BAwp0cwdQ:3B0PUh,0*44
\s:66,c:1782377503*17\!AIVDM,1,1,,,Kp154iP1F@>6aU1l,0*03
\s:66,c:1782377502*16\!AIVDM,1,1,,,KqNSMpIN=ggpl084,0*67
\s:66,c:1782377508*1C\!AIVDM,1,1,,,Kk`h@4<09PCiKSDH,0*60
\s:66,c:1782377508*1C\!AIVDM,1,1,,,Kl8aP00?j5Sb1bVT,0*49
\s:66,c:1782377511*14\!AIVDM,1,1,,,Kkb<>69@9PCiIP0L,0*4E
\s:66,c:1782377507*13\!AIVDM,1,1,,,KmUCnv9Autil5P8t,0*1A
\s:66,c:1782377509*1D\!AIVDM,1,1,,,B>l9j;P00lrC`v01pPoQCwo4SP06,0*71
\s:66,c:1782377503*17\!AIVDM,1,1,,,KrkJkV0MDLdt6P=l,0*10
\s:66,c:1782377503*17\!AIVDM,1,1,,,KrUSi@4>TgvSr2Qh,0*14
\s:66,c:1782377503*17\!AIVDM,1,1,,,15?dg9P01m;`FP8JECk3WRm>0<06,0*67
\s:66,c:1782377505*11\!AIVDM,1,1,,,18uQ=w700TQ?ntce2>qf1@;H00S9,0*62
\s:66,c:1782377502*16\!AIVDM,1,1,,,KrUSi@4>TgvSr2Qh,0*14
\s:66,c:1782377510*15\!AIVDM,1,1,,,18uQ=w700TQ?ntce2>qf1@;H00S9,0*62
\s:66,c:1782377509*1D\!AIVDM,1,1,,,1:U756P000L5JVqv`694dSOF00Rg,0*5F
\s:66,c:1782377496*1A\!AIVDM,1,1,,,Kk8:GB1OptSrCPD8,0*74
\s:66,c:1782377511*14\!AIVDM,1,1,,,KkMC83Kwb13iEP1l,0*3F
\s:66,c:1782377507*13\!AIVDM,1,1,,,19NSgh0036vgG6l6RcQVbUCD08Ii,0*6C
\s:66,c:1782377509*1D\!AIVDM,1,1,,,K3GQnNh?OUB7APOt,0*3B
\s:66,c:1782377503*17\!AIVDM,1,1,,,KkoC5V0Kc72Mt00D,0*68
\s:66,c:1782377505*11\!AIVDM,1,1,,,KleHLq<;OJCW40A8,0*3B
\s:66,c:1782377503*17\!AIVDM,1,1,,,KkoC5V0Kc72Mt00D,0*68
\s:66,c:1782377509*1D\!AIVDM,1,1,,,Ko6w8>009@ffsTa0,0*0B
\s:66,c:1782377508*1C\!AIVDM,1,1,,,KoOoHQ?m4UMM0PBH,0*23
\s:66,c:1782377508*1C\!AIVDM,1,1,,,K7mROIwkqK022RAl,0*4B
\s:66,c:1782377503*17\!AIVDM,1,1,,,KrU7naSvR=vFj1f8,0*4C
\s:66,c:1782377503*17\!AIVDM,1,1,,,KlRl3p06=s3L<T?L,0*11
\s:66,c:1782377507*13\!AIVDM,1,1,,,14Rl3p0PAI<9<TfJpA`9eWgH053<,0*49
\s:66,c:1782377507*13\!AIVDM,1,1,,,38157=032`dJqplKEspkFjiF00VP,0*13
\s:66,c:1782377508*1C\!AIVDM,1,1,,,1:u0M3PP00rB<5GvdTL@??wN00SW,0*5E
\s:66,c:1782377502*16\!AIVDM,1,1,,,KrU7naSvR=vFj1f8,0*4C
\s:66,c:1782377507*13\!AIVDM,1,1,,,H08qbnhe??<qC?CKN3WND000000,2*4C
\s:66,c:1782377507*13\!AIVDM,1,1,,,13oh<p001kvQg4?pWfa4pCsH0HJT,0*45
\s:66,c:1782377509*1D\!AIVDM,1,1,,,Kn::8P84IPBkpP:l,0*60
\s:66,c:1782377499*15\!AIVDM,1,1,,,KkbRs>=@;=Cp@0Ot,0*39
\s:66,c:1782377508*1C\!AIVDM,1,1,,,Kk?uD@3wfwkST15H,0*7C
\s:66,c:1782377501*15\!AIVDM,1,1,,,Kl2OSOtOcbjKK03P,0*22
\s:66,c:1782377509*1D\!AIVDM,1,1,,,14`Utw001qNGiA66JSBH0VOF0@Ke,0*17
\s:66,c:1782377509*1D\!AIVDM,1,1,,,3:5cm08wOw<tSF0l4Q@>4;9N1PRS,0*10
\s:66,c:1782377500*14\!AIVDM,1,1,,,13EoP0701P<IC6sgdrSioAC200Sa,0*1C
\s:66,c:1782377504*10\!AIVDM,1,1,,,KkEoP01nF:urOTRt,0*14
\s:66,c:1782377500*14\!AIVDM,1,1,,,H7`BE?4j4I138D0J=Gojnp0h9140,0*52
\s:66,c:1782377508*1C\!AIVDM,1,1,,,188fft9000E73G9nUE0aCoSJ053<,0*04
\s:66,c:1782377504*10\!AIVDM,1,1,,,Kn:4u641JBQVQ5jl,0*67
\s:66,c:1782377509*1D\!AIVDM,1,1,,,B<lr5T@0Cm4=OGOVcaQ6kwoTSP06,0*67
\s:66,c:1782377509*1D\!AIVDM,1,1,,,C<lr5T@0Cm4=OGOVcaQ6kwoP4bNkieQKSg111111SQQ:0000002P,0*3D
\s:66,c:1782377504*10\!AIVDM,1,1,,,169L0iP009JQPSilwea@Llw<0@FL,0*1A
\s:66,c:1782377502*16\!AIVDM,1,1,,,13Uv<n001E1`ejAcw>SRuBM@053<,0*64
\s:66,c:1782377508*1C\!AIVDM,1,1,,,B88fmU0075KUN0N<ru:<IWj5WP06,0*2A
\s:66,c:1782377508*1C\!AIVDM,1,1,,,C69L1E@07mkwuDJcdkC;Swv0TNL?0j;1Sck111111110?1@<R20P,0*08
\s:66,c:1782377499*15\!AIVDM,1,1,,,Kkv2jP00KCD>HP@T,0*47
\s:66,c:1782377504*10\!AIVDM,1,1,,,14avD00P01Nt?UT5sialfwwD0@H@,0*1C
\s:66,c:1782377508*1C\!AIVDM,1,1,,,Km2iHGcsPRkOgP9h,0*45
\s:66,c:1782377508*1C\!AIVDM,1,1,,,KmOER>:rr=TB:4iP,0*01
\s:66,c:1782377506*12\!AIVDM,1,1,,,KmOER>:rr=TB:4iP,0*01
\s:66,c:1782377506*12\!AIVDM,1,1,,,18I7q20025FlUU:<qSwiqQdl00Rg,0*59
\s:66,c:1782377508*1C\!AIVDM,1,1,,,18I7q20025FlUU:<qSwiqQdl00Rg,0*59
\s:66,c:1782377507*13\!AIVDM,1,1,,,Kn9Ab:P1JcAUEPU8,0*46
\s:66,c:1782377507*13\!AIVDM,1,1,,,KmOER>:rr=TB:4iP,0*01
\s:66,c:1782377510*15\!AIVDM,1,1,,,15OCcFP00Vl;BAFRIh3=FroN0<05,0*3F
\s:66,c:1782377504*10\!AIVDM,1,1,,,160tJN0wAwMcgomuEjV8GnSB08IM,0*1A
\s:66,c:1782377504*10\!AIVDM,1,1,,,Kk:14vaMvh0K2P1<,0*28
\s:66,c:1782377493*1F\!AIVDM,1,1,,,Kkd4VI00DTC@=PA@,0*77
\s:66,c:1782377504*10\!AIVDM,1,1,,,Kk3c<H806ISgh0<`,0*24
\s:66,c:1782377504*10\!AIVDM,1,1,,,35UR`B001Pddaju`fi:rD87>0?vM,0*3D
\s:66,c:1782377505*11\!AIVDM,1,1,,,KqNSq402GlgIbU=`,0*68
\s:66,c:1782377504*10\!AIVDM,1,1,,,KqNSq402GlgIbU=`,0*68
\s:66,c:1782377506*12\!AIVDM,1,1,,,18w:E:TP1NPo07?o@WhhtgwJ20S<,0*1B
\s:66,c:1782377505*11\!AIVDM,1,1,,,Km@E=B0Dh=2IDP;h,0*26
\s:66,c:1782377502*16\!AIVDM,1,1,,,ENo6gkG17dPh77o@I@::VPQWP00=;h2?0QtG01088;lP00,4*51
\s:66,c:1782377493*1F\!AIVDM,1,1,,,KkM7jn1OlVl5IP:H,0*4F
\s:66,c:1782377504*10\!AIVDM,1,1,,,16K3s28000NqHp4@6b3ut@7F00SG,0*61
\s:66,c:1782377504*10\!AIVDM,1,1,,,17`Or`7P1bd1=M1UBWG;jgwB28HM,0*77
\s:66,c:1782377503*17\!AIVDM,1,1,,,D03Ovj@gqN>4e`ffpfpNfp0,2*68
\s:66,c:1782377508*1C\!AIVDM,1,1,,,B>l9kF@045`UMq0QAqvaSwmTSP06,0*45
\s:66,c:1782377508*1C\!AIVDM,1,1,,,C>l9kF@045`UMq0QAqvaSwmQkkaUSQeak111111111jd0000002P,0*40
\s:66,c:1782377504*10\!AIVDM,1,1,,,Ko7W;q05Q9?>H5?P,0*17
\s:66,c:1782377501*15\!AIVDM,1,1,,,15N2?ePP00li=oRQV<F<g?w@2D0o,0*47
\s:66,c:1782377504*10\!AIVDM,1,1,,,Ko7W;q05Q9?>H5?P,0*17
\s:66,c:1782377508*1C\!AIVDM,1,1,,,KomLFJ@DNKgjn01`,0*6D
\s:66,c:1782377504*10\!AIVDM,1,1,,,Kl`V0F`=KLQU1;C<,0*2B
\s:66,c:1782377509*1D\!AIVDM,1,1,,,14`Uthh01f<>idWiCae6;TsF0<00,0*52
\s:66,c:1782377508*1C\!AIVDM,1,1,,,1770sM01QFJJ1OecWk@nnEWL0@K3,0*1C
\s:66,c:1782377502*16\!AIVDM,1,1,,,KqNSWKP0IsMKQU5T,0*65
\s:66,c:1782377505*11\!AIVDM,1,1,,,18;?3p001G19:2idd<E62li:08Ie,0*50
\s:66,c:1782377505*11\!AIVDM,1,1,,,19NSl5@thSOtps9j3c:mS3pt00Rw,0*09
\s:66,c:1782377509*1D\!AIVDM,1,1,,,15?dWH001lMnSJMst9uck9SL0@KN,0*1D
\s:66,c:1782377503*17\!AIVDM,1,1,,,KqNSWKP0IsMKQU5T,0*65
\s:66,c:1782377502*16\!AIVDM,1,1,,,Kl`V0F`=KLQU1;C<,0*2B
\s:66,c:1782377493*1F\!AIVDM,1,1,,,KkAop`80Et4;@bh`,0*65
\s:66,c:1782377508*1C\!AIVDM,1,1,,,KkmRqB3hJIlgv000,0*5E
\s:66,c:1782377511*14\!AIVDM,1,1,,,KkQ;;`QOwmSs9P;@,0*40
\s:66,c:1782377504*10\!AIVDM,1,1,,,K3W;@6=OaIB>`POt,0*28
\s:66,c:1782377504*10\!AIVDM,1,1,,,17lcatgOwwaPV9EvbRkf40W8053<,0*62
\s:66,c:1782377501*15\!AIVDM,1,1,,,15?dhe0wAfG67rdKf7vcK93<0<1r,0*38
\s:66,c:1782377504*10\!AIVDM,1,1,,,KmUwcb1M7J1tD09d,0*0F
\s:66,c:1782377509*1D\!AIVDM,1,1,,,C=m11l@00E0jrbO2=7rSj3N1WeKQkKkg;111111111100000002P,0*4A
\s:66,c:1782377503*17\!AIVDM,1,1,,,KrLQd8MuuT=B4QVT,0*1E
\s:66,c:1782377508*1C\!AIVDM,1,1,,,18KVCD002CJ:oPatBd>EqlUL0D03,0*71
\s:66,c:1782377502*16\!AIVDM,1,1,,,15?dhk002:LjHASi8Gu:b8U@053<,0*53
\s:66,c:1782377504*10\!AIVDM,1,1,,,18I8wg0tQWMRBoEhHP=bkHaB00Rm,0*2A
\s:66,c:1782377503*17\!AIVDM,1,1,,,19MVPs701Q3FqauUn>NagoqB0<00,0*3D
\s:66,c:1782377510*15\!AIVDM,1,1,,,13@tSh0vBF2en3EfTPqjVB;H053<,0*73
\s:66,c:1782377502*16\!AIVDM,1,1,,,14bDad0000KmV?@3mS7V4DmB00RW,0*78
\s:66,c:1782377509*1D\!AIVDM,1,1,,,15Vp520000vkw<F9<?H:KG3P0@L<,0*75
\s:66,c:1782377507*13\!AIVDM,1,1,,,KmWP?F41vIikjR5@,0*4A
\s:66,c:1782377507*13\!AIVDM,1,1,,,15MtTPP000nG`ChQJ06>46=J20SB,0*19
\s:66,c:1782377502*16\!AIVDM,1,1,,,1:U708h1BfM9SBMl7brHBFeB0@Gt,0*30
\s:66,c:1782377507*13\!AIVDM,1,1,,,KrU7@?9NfAwJ>P0d,0*14
\s:66,c:1782377500*14\!AIVDM,1,1,,,B34?l8008W0`wePrBe5=OwjUoP06,0*57
\s:66,c:1782377511*14\!AIVDM,1,1,,,1:pDtIhP1CrJWel6Cj`rsgwR0?ww,0*7A
\s:66,c:1782377509*1D\!AIVDM,1,1,,,K6:4@Vdl5RiTF0>@,0*58
\s:66,c:1782377509*1D\!AIVDM,1,1,,,KpSJu1dCvsQ8?0Ot,0*7E
\s:66,c:1782377507*13\!AIVDM,1,1,,,KpI6mM04TWB2f5i0,0*7E
\s:66,c:1782377507*13\!AIVDM,1,1,,,KpSJu1dCvsQ8?0Ot,0*7E
\s:66,c:1782377491*1D\!AIVDM,1,1,,,KkGRm9<@2QkWgPOt,0*29
\s:66,c:1782377504*10\!AIVDM,1,1,,,Kkn4uG80DrTbmQFH,0*15
\s:66,c:1782377508*1C\!AIVDM,1,1,,,K44SSD<0HwBhMU@t,0*5D
\s:66,c:1782377511*14\!AIVDM,1,1,,,KkvhKBu@a9kPGPOt,0*2A
\s:66,c:1782377508*1C\!AIVDM,1,1,,,KmNcd3eKOfCSNPOt,0*09
\s:66,c:1782377509*1D\!AIVDM,1,1,,,KmNcd3eKOfCSNPOt,0*09
\s:66,c:1782377505*11\!AIVDM,1,1,,,B6<fvhP0;E1TD0Osh<vFowv63P06,0*3D
\s:66,c:1782377507*13\!AIVDM,1,1,,,Knoa>6p2iFPbvUaP,0*09
\s:66,c:1782377503*17\!AIVDM,1,1,,,15VjUN00020dEQp2D>SRQ1M@0@HN,0*24
\s:66,c:1782377506*12\!AIVDM,1,1,,,KqjoRI;h:mPEIPP@,0*5B
\s:66,c:1782377509*1D\!AIVDM,1,1,,,Kp15Tg00<7wqo4mL,0*1C
\s:66,c:1782377507*13\!AIVDM,1,1,,,14`Uw;h01rnEVnjQQ5JVV5CJ80RU,0*35
\s:66,c:1782377510*15\!AIVDM,1,1,,,KmNcd3eKOfCSNPOt,0*09
\s:66,c:1782377508*1C\!AIVDM,1,1,,,KlRfDd0=A<0lS27@,0*6E
\s:66,c:1782377505*11\!AIVDM,1,1,,,K44fim05?KCJLP>t,0*60
\s:66,c:1782377502*16\!AIVDM,1,1,,,Km?ddL@0Huebb4Wd,0*1D
\s:66,c:1782377502*16\!AIVDM,1,1,,,15?dPRh1itu:`tWk2@W8?6c<08GP,0*4D
\s:66,c:1782377504*10\!AIVDM,1,1,,,133VSP0vBSN?w`upmEfcracD88Ic,0*04
\s:66,c:1782377504*10\!AIVDM,1,1,,,1:U>M;dP?w<tSF0l4Q@>4?wvQ`In,0*0B
\s:66,c:1782377509*1D\!AIVDM,1,1,,,1815@v@02QMV09gv;5T5:T9P00S3,0*44
\s:66,c:1782377509*1D\!AIVDM,1,1,,,KlRfDd0=A<0lS27@,0*6E
\s:66,c:1782377507*13\!AIVDM,1,1,,,Km5eMH`1lW0ws4Tl,0*46
\s:66,c:1782377507*13\!AIVDM,1,1,,,KlRfDd0=A<0lS27@,0*6E
\s:66,c:1782377507*13\!AIVDM,1,1,,,Kn:62KP4Cn1f34>D,0*54
\s:66,c:1782377510*15\!AIVDM,1,1,,,Kn:=wpR4JRBMVPOt,0*0E
\s:66,c:1782377503*17\!AIVDM,1,1,,,KmNbhu7<fw2ea0Ap,0*5D
\s:66,c:1782377505*11\!AIVDM,1,1,,,19NScOh01gFUn3@CGDf4d3eD08Hu,0*0F
\s:66,c:1782377509*1D\!AIVDM,1,1,,,C>lk4<@042t@uIsEd`7QCwoQkkaiiegQc111111111jd0000002P,0*39
\s:66,c:1782377507*13\!AIVDM,1,1,,,19NS`Sh21tkKbihKATdC@2gB0D04,0*43
\s:66,c:1782377504*10\!AIVDM,1,1,,,169EHjO006JQk<cm1odCoTAB0<0U,0*2D
\s:66,c:1782377505*11\!AIVDM,1,1,,,KlabFb<E7fjV0P@T,0*07
\s:66,c:1782377505*11\!AIVDM,1,1,,,K3miWD00k@=MnWh<,0*3E
\s:66,c:1782377504*10\!AIVDM,1,1,,,C>kvkWP04QFg?UKTsVKDgwkQkkaQWQaka111111111jd0000002P,0*6A
\s:66,c:1782377502*16\!AIVDM,1,1,,,Kkc?VV0?6DO1G7C<,0*17
\s:66,c:1782377503*17\!AIVDM,1,1,,,K3miWD00k@=MnWh<,0*3E
\s:66,c:1782377502*16\!AIVDM,1,1,,,3INShj000=JTDf:5ouPbD3Lv0P30,0*3A
\s:66,c:1782377511*14\!AIVDM,1,1,,,Kn:ppn0NH>?liP8H,0*04
\s:66,c:1782377501*15\!AIVDM,1,1,,,Kl0UsrH0>MSjwS7T,0*51
\s:66,c:1782377508*1C\!AIVDM,1,1,,,Kk439R`0:33hM1ih,0*54
\s:66,c:1782377505*11\!AIVDM,1,1,,,15MbNCPP00o>gSJKhR4v4?wF2D1;,0*1B
\s:66,c:1782377503*17\!AIVDM,1,1,,,13e`0P01jsGEJ1d@vE<U0T1@88H=,0*7F
\s:66,c:1782377502*16\!AIVDM,1,1,,,1:U8wl0P00Llr71vP`klJOw<053<,0*2B
\s:66,c:1782377500*14\!AIVDM,1,1,,,19NSqv@12>LrFAn07EBs18S208DK,0*43
\s:66,c:1782377511*14\!AIVDM,1,1,,,15IBHp0P0`Kolf>4<MFU5wwR0HM@,0*34
\s:66,c:1782377502*16\!AIVDM,1,1,,,1bu0OEHPAJIRsc=wh;ddoJA80000,0*26
\s:66,c:1782377510*15\!AIVDM,1,1,,,KkViFB01<:edT7?L,0*6A
\s:66,c:1782377502*16\!AIVDM,1,1,,,39NSv>001tL2ERp456rnMU300000,0*54
\s:66,c:1782377509*1D\!AIVDM,1,1,,,Kn:9q9P4711LM4kl,0*68
\s:66,c:1782377507*13\!AIVDM,1,1,,,KnSsnd1Lj;0vPP;P,0*69
\s:66,c:1782377507*13\!AIVDM,1,1,,,Kn9DD0PDKr22wP8T,0*2D
\s:66,c:1782377509*1D\!AIVDM,1,1,,,16K6vF002VpEEEN;G5e56D5F0D05,0*5B
\s:66,c:1782377504*10\!AIVDM,1,1,,,18AlJqOP?w<tSF0l4Q@>4?wv0V34,0*5E
\s:66,c:1782377511*14\!AIVDM,1,1,,,35`IAE@PAdKdF8N7V<lT>CCP00v@,0*5B
\s:66,c:1782377504*10\!AIVDM,1,1,,,19NSTdP01rMBW2Qn9dbPf@gF0<01,0*51
\s:66,c:1782377494*18\!AIVDM,1,1,,,19NSTdP01tMBVvgn9cI0f@g20@CK,0*69
\s:66,c:1782377507*13\!AIVDM,1,1,,,KqNWqNp=3VA9O0QL,0*49
\s:66,c:1782377507*13\!AIVDM,1,1,,,KlQoA@1DIgQ5N0>4,0*34
\s:66,c:1782377509*1D\!AIVDM,1,1,,,Kl`Ut9h?jL0Ad`Tp,0*18
\s:66,c:1782377509*1D\!AIVDM,1,1,,,137SnL3007M8Ug9knhNTgPCR08Lf,0*2A
\s:66,c:1782377509*1D\!AIVDM,1,1,,,1:U7DPC00ILJ6lN30tH8T77J08J:,0*63
\s:66,c:1782377508*1C\!AIVDM,1,1,,,C3PD56P@1ulL`?rWimMmCwP0P`UiUKUKee:00000000000D2RRR0,0*6C
\s:66,c:1782377509*1D\!AIVDM,1,1,,,13:K<l001eKnFUj:pnAB1icN00SO,0*02
\s:66,c:1782377509*1D\!AIVDM,1,1,,,1;DkltwP18I6bHmm5mG3E?wR0<00,0*5E
\s:66,c:1782377509*1D\!AIVDM,1,1,,,Kn:7wbQD8sia=PBP,0*73
\s:66,c:1782377509*1D\!AIVDM,1,1,,,Kn:Ien8DEaRDn05`,0*7F
\s:66,c:1782377507*13\!AIVDM,1,1,,,KleGupaLviB2r0;l,0*30
\s:66,c:1782377509*1D\!AIVDM,1,1,,,35?diem000pRTUd:ritG2:WF0Dg:,0*0E
\s:66,c:1782377507*13\!AIVDM,1,1,,,KmMdk6=LQcR9D0Ot,0*52
\s:66,c:1782377502*16\!AIVDM,1,1,,,1Ju0HR@uh0IRPvgwf4>M;F;00000,0*54
\s:66,c:1782377509*1D\!AIVDM,1,1,,,C3pETO@02N@Mtlwn4ReD7TN06Q082jTNM1cKkk:0000000000020,0*12
\s:66,c:1782377512*17\!AIVDM,1,1,,,344b6kPOhAcl?;<Qkkw110kJ2Pth,0*23
\s:66,c:1782377513*16\!AIVDM,1,1,,,13c?Rd001NMQPHL6WM11O1?R08M8,0*7A
\s:66,c:1782377513*16\!AIVDM,1,1,,,Ko7WMN8Of<RMo08`,0*15
\s:66,c:1782377513*16\!AIVDM,1,1,,,KkEgb=?OpHR`DQ3l,0*0A
\s:66,c:1782377515*10\!AIVDM,1,1,,,K9NSEi04t8Pp0UlP,0*15
\s:66,c:1782377518*1D\!AIVDM,1,1,,,KmN5bU0KQ:kOI0Ap,0*71
\s:66,c:1782377518*1D\!AIVDM,1,1,,,B7f6FuP0024MO6sJMsgQ23tQjDKr,0*11
\s:66,c:1782377513*16\!AIVDM,1,1,,,KmVudJ0hJIgRsP<T,0*69
\s:66,c:1782377516*13\!AIVDM,1,1,,,K9NSEi04t8Pp0UlP,0*15
\s:66,c:1782377515*10\!AIVDM,1,1,,,13=Q@V02joN1`LIrMvcctqWR08NF,0*4B
\s:66,c:1782377504*10\!AIVDM,1,1,,,KmPH6IH=BK2vGP2D,0*7F
\s:66,c:1782377511*14\!AIVDM,1,1,,,14eJcN0000KW<lhJ4u6LfamP00SQ,0*0D
\s:66,c:1782377507*13\!AIVDM,1,1,,,35NM8n0Oi@D;;W4OJjM36BaF01nP,0*38
\s:66,c:1782377512*17\!AIVDM,1,1,,,13eWU:01B2nFAsTP6kAJr`gN853<,0*38
\s:66,c:1782377516*13\!AIVDM,1,1,,,15MvV`0000D5iDvNn5M0:F;f08Oj,0*20
\s:66,c:1782377517*12\!AIVDM,1,1,,,34aVp07OhlNm:ob9svQ@v0if0P00,0*7B
\s:66,c:1782377515*10\!AIVDM,1,1,,,16:5<@0P1WcpIlGvIULDOgw`2@NU,0*50
\s:66,c:1782377518*1D\!AIVDM,1,1,,,177Mn`001p7KEIcn`UsRF1sH053<,0*7B
\s:66,c:1782377512*17\!AIVDM,1,1,,,1815AA3t01M8MeQk3434n01P0D0S,0*63
\s:66,c:1782377507*13\!AIVDM,1,1,,,19NSbj002W3J;sUq?v2`c71J00RR,0*3E
\s:66,c:1782377517*12\!AIVDM,1,1,,,KkJmk602Ti?aAa2t,0*3A
\s:66,c:1782377514*11\!AIVDM,1,1,,,38Kh8>1005<=HgEUn1bRFo9T0DjJ,0*0C
\s:66,c:1782377517*12\!AIVDM,1,1,,,KnED0IuAhC2=<1l8,0*73
\s:66,c:1782377512*17\!AIVDM,1,1,,,1592us8000q?nWR:H5N<1HKR0<0d,0*4E
\s:66,c:1782377512*17\!AIVDM,1,1,,,16K3WP002r7pJr?l06B=G:eL00RR,0*5E
\s:66,c:1782377518*1D\!AIVDM,1,1,,,15AqKF001m8sgQ3bkmB403?N0<02,0*22
\s:66,c:1782377517*12\!AIVDM,1,1,,,Kk=>Ah00JE=awWW<,0*75
\s:66,c:1782377519*1C\!AIVDM,1,1,,,1774Kc002L1tvB5dfkEBaB;j2D0:,0*10
\s:66,c:1782377515*10\!AIVDM,1,1,,,KkP:SSM@CDBwrTOt,0*0F
\s:66,c:1782377519*1C\!AIVDM,1,1,,,KkaBNQd0:=3k2TC8,0*6D
\s:66,c:1782377513*16\!AIVDM,1,1,,,177hIg01BG3r7oMk2Pn987=P08ME,0*7C
\s:66,c:1782377513*16\!AIVDM,1,1,,,18KIrF001oM`jlh9tW?AhAMT08Lr,0*27
\s:66,c:1782377520*16\!AIVDM,1,1,,,K39JK<7rJtvfD3?`,0*58
\s:66,c:1782377519*1C\!AIVDM,1,1,,,KkMCSCp?wSCi>P4l,0*2E
\s:66,c:1782377518*1D\!AIVDM,1,1,,,15NM2G?00qD77FDO0AoiDPuf08Ps,0*09
\s:66,c:1782377514*11\!AIVDM,1,1,,,14`V12@ujrnq=w2B`jvlhSkV053<,0*43
\s:66,c:1782377517*12\!AIVDM,1,1,,,Km?dTKtB4LAo:P1`,0*5E
\s:66,c:1782377515*10\!AIVDM,1,1,,,169L3>h019CGC@ArnW;nN4QT08Am,0*4B
\s:66,c:1782377519*1C\!AIVDM,1,1,,,KkE`6H<06PRrlURL,0*71
\s:66,c:1782377518*1D\!AIVDM,1,1,,,13Vecr0wiar9NT;tpcvoA5ib08Oj,0*4E
\s:66,c:1782377515*10\!AIVDM,1,1,,,1:U70D0OhIM3n@MjSJ=24io`08N?,0*6E
\s:66,c:1782377518*1D\!AIVDM,1,1,,,KoOnvCaDjc?5WPB`,0*54
\s:66,c:1782377519*1C\!AIVDM,1,1,,,KoOdd>p5QcuKqR9@,0*21
\s:66,c:1782377515*10\!AIVDM,1,1,,,B>pl6>h0018EiNKCS9GBB`N4SP06,0*36
\s:66,c:1782377513*16\!AIVDM,1,1,,,1815PsPvQb4aG1cnb3PI6o1@0@LK,0*65
\s:66,c:1782377512*17\!AIVDM,1,1,,,35O1kGPuiSl;ldBRGns6=DsT24s3,0*17
\s:66,c:1782377516*13\!AIVDM,1,1,,,15@b=20w2hneAADAd9JDDkMT053<,0*32
\g:1-2-5199784,s:66,c:1782377514*5C\!AIVDM,2,1,4,,57`BF7l2E;wm`lO?;SU@tT62222222222222220l1H<556J80;@00000,0*38
\g:2-2-5199784*62\!AIVDM,2,2,4,,000000000000000,2*61
\s:66,c:1782377514*11\!AIVDM,1,1,,,17`BF7h000<I;IU`HuAKam9d0D0J,0*30
\s:66,c:1782377517*12\!AIVDM,1,1,,,Kq@>jckn`>6bTOwv,0*3F
\s:66,c:1782377518*1D\!AIVDM,1,1,,,KmMw`3eLmjBQ0POt,0*4E
\s:66,c:1782377512*17\!AIVDM,1,1,,,15@b=20vBhneA96Ad9hDCkMJ08L9,0*05
\s:66,c:1782377515*10\!AIVDM,1,1,,,85NAbN1Kf6`QVoW<hFs3O>uF2Q:5qciE:tdI7lfpa>uGhI2WKC=Q,0*1D
\s:66,c:1782377514*11\!AIVDM,1,1,,,37`as@0OhV<:`<7`AVhpwW1b00Sh,0*5A
\s:66,c:1782377515*10\!AIVDM,1,1,,,Kp15QH@ENdNLTPDd,0*48
\s:66,c:1782377518*1D\!AIVDM,1,1,,,KmO2Fu0sc02N905L,0*13
\s:66,c:1782377517*12\!AIVDM,1,1,,,1815:E0000L5MA1vWSv9=pwd0D0O,0*39
\s:66,c:1782377520*16\!AIVDM,1,1,,,15R:DR000t<QNI?c`0enVUOj053<,0*18
\s:66,c:1782377520*16\!AIVDM,1,1,,,C>etbhh00DkoTANf?7I?kwv0lWgQa11111111111SReV00<2PQ2P,0*32
\s:66,c:1782377514*11\!AIVDM,1,1,,,133t:D001r8IO`;m003`=FSb0<1K,0*78
\s:66,c:1782377517*12\!AIVDM,1,1,,,35?dfi0sik1S4:Mcrq>CDBcb010P,0*2E
\s:66,c:1782377513*16\!AIVDM,1,1,,,Kqjk=m>0@S@FR0Ot,0*4E
\s:66,c:1782377517*12\!AIVDM,1,1,,,19NShwPui<NwHKb5eE4iCA3b0<1l,0*0F
\s:66,c:1782377514*11\!AIVDM,1,1,,,Km?diPhM:f@ApP=P,0*16
\s:66,c:1782377518*1D\!AIVDM,1,1,,,169L04hP02JQj5qm2a5jfwwd0@PC,0*1E
\s:66,c:1782377512*17\!AIVDM,1,1,,,14`V00001vO4BHomFL4sgaMT08Ln,0*18
\s:66,c:1782377518*1D\!AIVDM,1,1,,,133t:D001r8IO`;m003`=FSb0<1K,0*78
\s:66,c:1782377519*1C\!AIVDM,1,1,,,Kolk5VaDOk@41P90,0*3A
\s:66,c:1782377505*11\!AIVDM,1,1,,,KqNSqt01Rb>f5`ed,0*78
\s:66,c:1782377504*10\!AIVDM,1,1,,,KleGCRwMdoSaE17h,0*5B
\s:66,c:1782377511*14\!AIVDM,1,1,,,KkIppA0>3fCE9U7L,0*05
\s:66,c:1782377515*10\!AIVDM,1,1,,,KqNSWfP=SdQGKT5h,0*7F
\s:66,c:1782377518*1D\!AIVDM,1,1,,,B>l?sD000U1<u=PF5Tbj7wtTSP06,0*45
\s:66,c:1782377513*16\!AIVDM,1,1,,,K3:l:N<?S1RK<Vcd,0*28
\s:66,c:1782377517*12\!AIVDM,1,1,,,15>ug`0w2FJBvV<6uHO6pEOP0HOP,0*37
\s:66,c:1782377518*1D\!AIVDM,1,1,,,1593TPh01IpH6v:<3hu<g:?d1`>p,0*38
\s:66,c:1782377515*10\!AIVDM,1,1,,,17`B06hP20dP5BUbrue3TOwV2@N3,0*6F
\s:66,c:1782377515*10\!AIVDM,1,1,,,H3P=MoDT>F3jihjj7IHo000p8620,0*76
\s:66,c:1782377520*16\!AIVDM,1,1,,,18P1oh0P00CQp?ElbjBQJgwh0<01,0*38
\s:66,c:1782377513*16\!AIVDM,1,1,,,19NSd2hwBoOW0?Cv0eP5MDCP0<00,0*12
\s:66,c:1782377516*13\!AIVDM,1,1,,,Kn8sroh4ANi:C8Vh,0*51
\s:66,c:1782377517*12\!AIVDM,1,1,,,KpI62c9D02i0UP7t,0*12
\s:66,c:1782377518*1D\!AIVDM,1,1,,,39NSWr0024J:D67weKcQNQ=f06@k,0*64
\s:66,c:1782377512*17\!AIVDM,1,1,,,1815PBP01dM:`:=k<j9iaiC@00RN,0*27
\s:66,c:1782377517*12\!AIVDM,1,1,,,33l3p<001S4uI1oq=Wp9;7CV01v0,0*4C
\s:66,c:1782377518*1D\!AIVDM,1,1,,,KmPH7306`>6bTOwv,0*4B
\s:66,c:1782377517*12\!AIVDM,1,1,,,KmPH7306`>6bTOwv,0*4B
\s:66,c:1782377515*10\!AIVDM,1,1,,,KpI3va0>qsOQ6U`<,0*1C
\s:66,c:1782377517*12\!AIVDM,1,1,,,344VwlP01Svk3K`?Mg7A60mh0B?S,0*60
\s:66,c:1782377517*12\!AIVDM,1,1,,,KpR>l91B1PQnM000,0*35
\s:66,c:1782377518*1D\!AIVDM,1,1,,,KmNW1Cd<dR27ua;0,0*5E
\s:66,c:1782377512*17\!AIVDM,1,1,,,B8dB?k005IMKHTKH057EKwv43P06,0*66
\s:66,c:1782377519*1C\!AIVDM,1,1,,,Kk`pRM00?13jM3cd,0*66
\s:66,c:1782377514*11\!AIVDM,1,1,,,ENo6gkd17dPhIh@@@@@@@@@@@@@=;iRl0Qq:H00003v010,4*25
\s:66,c:1782377512*17\!AIVDM,1,1,,,13lU8j0020bLse4HKcURMR3N0HKN,0*78
\s:66,c:1782377516*13\!AIVDM,1,1,,,Kp15WG@6T:j<S65P,0*06
\s:66,c:1782377513*16\!AIVDM,1,1,,,KqN`1uiOk1B`6P6T,0*6D
\s:66,c:1782377517*12\!AIVDM,1,1,,,Kp15>V@?ES@w76F0,0*19
\s:66,c:1782377511*14\!AIVDM,1,1,,,KomRM4wlpIgkL0C4,0*20
\s:66,c:1782377515*10\!AIVDM,1,1,,,KmO3DB3n6svFvP?l,0*66
\s:66,c:1782377518*1D\!AIVDM,1,1,,,KmMC0:8;MdSHPPBH,0*7E
\s:66,c:1782377512*17\!AIVDM,1,1,,,1815?hh01rHFhrir>9k=:JS`08N9,0*44
\s:66,c:1782377515*10\!AIVDM,1,1,,,KnKPiaQE;sS7m0At,0*01
\s:66,c:1782377515*10\!AIVDM,1,1,,,Kp15WG@6T:j<S65P,0*06
\s:66,c:1782377512*17\!AIVDM,1,1,,,KohFbJ1FR;vc1000,0*4F
\s:66,c:1782377515*10\!AIVDM,1,1,,,KmO3DB3n6svFvP?l,0*66
\s:66,c:1782377512*17\!AIVDM,1,1,,,17PJ=l00018HGMel=qBdOUS`00S>,0*76
\s:66,c:1782377514*11\!AIVDM,1,1,,,KoOddEiD?ffMG0><,0*63
\s:66,c:1782377518*1D\!AIVDM,1,1,,,377=@810h18NjwelQ`Hd<0mj0D`b,0*4B
\s:66,c:1782377513*16\!AIVDM,1,1,,,KqkNHf=@B?@BhT?<,0*6B
\s:66,c:1782377519*1C\!AIVDM,1,1,,,Kp15>V@?ES@w76F0,0*19
\s:66,c:1782377515*10\!AIVDM,1,1,,,KqN`1uiOk1B`6P6T,0*6D
\s:66,c:1782377517*12\!AIVDM,1,1,,,Kn9GTLP49IAVWP8T,0*4C
\s:66,c:1782377512*17\!AIVDM,1,1,,,1815S?C004LudJ?iuiUctnAP00SN,0*0C
\s:66,c:1782377513*16\!AIVDM,1,1,,,KomF@Qd4<OghK2Qp,0*0D
\s:66,c:1782377518*1D\!AIVDM,1,1,,,KoOddEiD?ffMG0><,0*63
\s:66,c:1782377518*1D\!AIVDM,1,1,,,Kolcr9N3pF?T9S5d,0*1C
\s:66,c:1782377519*1C\!AIVDM,1,1,,,377=@810h18NjwelQ`Hd<0mj0D`b,0*4B
\s:66,c:1782377517*12\!AIVDM,1,1,,,Ko7SRd02q;gUpT3D,0*38
\s:66,c:1782377517*12\!AIVDM,1,1,,,16<uhG801gDWU4>19j`bcGkT0HMV,0*0C
\s:66,c:1782377512*17\!AIVDM,1,1,,,Km?da0`9p5Svk55H,0*51
\g:1-2-5199785,s:66,c:1782377514*5D\!AIVDM,2,1,5,,53@pIi82FGcPuU@O:20l4hE856058=@T<62222167H8795dCe:T@DjAj,0*2A
\g:2-2-5199785*63\!AIVDM,2,2,5,,@CSQmBE88888880,2*33
\s:66,c:1782377514*11\!AIVDM,1,1,,,403Ow91uJl`kkqnFa0Jd3Tw02<14,0*5E
\s:66,c:1782377515*10\!AIVDM,1,1,,,Km?dT=9E<C37f024,0*24
\s:66,c:1782377513*16\!AIVDM,1,1,,,13Ip<r01jM2Fk:?eTw=2c2AP08MS,0*31
\s:66,c:1782377519*1C\!AIVDM,1,1,,,KkEa=?<?dD3;@0Ot,0*01
\s:66,c:1782377517*12\!AIVDM,1,1,,,KpI3hU0D8T@?PP5D,0*0D
\s:66,c:1782377518*1D\!AIVDM,1,1,,,KpI4>b0=>SQSl5BL,0*48
\s:66,c:1782377517*12\!AIVDM,1,1,,,KmRFeP5B14Am70=t,0*70
\s:66,c:1782377517*12\!AIVDM,1,1,,,Kk8=b>1@o>RisP:<,0*20
\s:66,c:1782377512*17\!AIVDM,1,1,,,344srM0P:5;Ek`DM95eH`Ow000W1,0*24
\s:66,c:1782377513*16\!AIVDM,1,1,,,1815Eo001lMpsw9wGk9PqPmN0<03,0*22
\s:66,c:1782377514*11\!AIVDM,1,1,,,KmMkQhQKbP2Nb0>l,0*0A
\s:66,c:1782377514*11\!AIVDM,1,1,,,H7`B3BPJqJr0<ttf0<4qTtr2220,2*69
\s:66,c:1782377515*10\!AIVDM,1,1,,,KmMkQhQKbP2Nb0>l,0*0A
\s:66,c:1782377518*1D\!AIVDM,1,1,,,13Jdtd00RsGIgDl@P4VTq3sb053<,0*44
\s:66,c:1782377518*1D\!AIVDM,1,1,,,Km?daaQL@PQD1P8P,0*0B
\s:66,c:1782377514*11\!AIVDM,1,1,,,B7mFo?00<AfVrjLjq9>cSwv63P06,0*0E
\s:66,c:1782377514*11\!AIVDM,1,1,,,KpLis:66,0*74
\s:66,c:1782377517*12\!AIVDM,1,1,,,1815CC@vAqRR<Q?i2Nd8NFad08OO,0*72
\s:66,c:1782377516*13\!AIVDM,1,1,,,KomFAK@4DG03gPOt,0*1A
\s:66,c:1782377516*13\!AIVDM,1,1,,,K3l3no@4Gi1Tq5dh,0*36
\s:66,c:1782377518*1D\!AIVDM,1,1,,,KpLis:66,0*74
\s:66,c:1782377519*1C\!AIVDM,1,1,,,KoOswL1D?BMaeP@P,0*45
\s:66,c:1782377507*13\!AIVDM,1,1,,,15NvSV;00ll9of8R4tbuJJwH0L00,0*2B
\s:66,c:1782377513*16\!AIVDM,1,1,,,Kn?b?K=Be1i8bPOt,0*18
\s:66,c:1782377517*12\!AIVDM,1,1,,,Kqt6UwIML=QFT0AP,0*2A
\s:66,c:1782377515*10\!AIVDM,1,1,,,Kl4V3qP5f=3nm0:4,0*50
\s:66,c:1782377519*1C\!AIVDM,1,1,,,3815Qo001H1>N0Mcj;o3Q37h0N<C,0*41
\s:66,c:1782377519*1C\!AIVDM,1,1,,,KqkDw:407ihN;P00,0*28
\s:66,c:1782377517*12\!AIVDM,1,1,,,K44hLS0ku60eO0@H,0*61
\s:66,c:1782377515*10\!AIVDM,1,1,,,19NSEE002AM:iAKlDDBpOVm40L05,0*72
\s:66,c:1782377518*1D\!AIVDM,1,1,,,KpI:KR0E1<uQT0<4,0*06
\s:66,c:1782377517*12\!AIVDM,1,1,,,177ken002p3s=fKjoIVjI21V0D0>,0*32
\s:66,c:1782377506*12\!AIVDM,1,1,,,KmNk>r0=;vBQJ2UP,0*06
\s:66,c:1782377513*16\!AIVDM,1,1,,,KklrSp8?gljej1m<,0*73
\s:66,c:1782377513*16\!AIVDM,1,1,,,KlcoF60?`sju:5FL,0*3A
\s:66,c:1782377515*10\!AIVDM,1,1,,,6CCsGSeosdEP04<0@00000000000,0*46
\s:66,c:1782377518*1D\!AIVDM,1,1,,,1770bA00R<oje7n<DCIT?SI`053<,0*7B
\s:66,c:1782377512*17\!AIVDM,1,1,,,15SbPj000A`1T=Wj4nto:`AL08L:,0*74
\s:66,c:1782377517*12\!AIVDM,1,1,,,137H@@0w1T3AMqmhQ33jSB3d00S`,0*3D
\s:66,c:1782377517*12\!AIVDM,1,1,,,Kqjl8K<0@ShFGPOt,0*35
\s:66,c:1782377516*13\!AIVDM,1,1,,,K9NSjHp5NP3<<VT<,0*7C
\s:66,c:1782377517*12\!AIVDM,1,1,,,KqNSS1l?NBhf?P4H,0*60
\s:66,c:1782377513*16\!AIVDM,1,1,,,Kn5BW:aAnaArh0AD,0*19
\s:66,c:1782377515*10\!AIVDM,1,1,,,16TvT>?Oh`;uTaouIvDk0RgV0HOH,0*0D
\s:66,c:1782377518*1D\!AIVDM,1,1,,,16T7E4?00inWHAl1JMT`BFEd20S5,0*3B
\s:66,c:1782377515*10\!AIVDM,1,1,,,Kn:G7?QDtp2RTP4`,0*16
\s:66,c:1782377512*17\!AIVDM,1,1,,,36TvT>?Oha;uT`IuIvBC8RgN010@,0*19
\s:66,c:1782377518*1D\!AIVDM,1,1,,,B>l:wOh02iK:IVKDJLuL7wtTSP06,0*4D
\s:66,c:1782377519*1C\!AIVDM,1,1,,,33=skl0tjU1mg:7dKPj9vGsf00aA,0*4B
\s:66,c:1782377517*12\!AIVDM,1,1,,,KqNSS1l?NBhf?P4H,0*60
\s:66,c:1782377514*11\!AIVDM,1,1,,,1815Nt001bJ8TqKvM826G59`0HN;,0*3E
\s:66,c:1782377513*16\!AIVDM,1,1,,,Kklmvr0?jSj`D5UL,0*16
\s:66,c:1782377511*14\!AIVDM,1,1,,,KkP<EKSmEc>he0Ot,0*05
\s:66,c:1782377515*10\!AIVDM,1,1,,,KmN7kW8<bh2=:PF@,0*69
\s:66,c:1782377517*12\!AIVDM,1,1,,,15@NO2001cK9Nut:dv``8VaR0@OO,0*7A
\s:66,c:1782377515*10\!AIVDM,1,1,,,Kn:7oP04OpR:fU1l,0*4D
\s:66,c:1782377512*17\!AIVDM,1,1,,,Kn:s9H1MJw>A8PBT,0*3A
\s:66,c:1782377513*16\!AIVDM,1,1,,,15?dddh01FOsN5Ir9U@5UlMF00S3,0*20
\s:66,c:1782377518*1D\!AIVDM,1,1,,,1;Dssn0000JNokuq78?ePj1`0HPM,0*18
\s:66,c:1782377519*1C\!AIVDM,1,1,,,Kom@;9f4cs@2;P1T,0*52
\s:66,c:1782377504*10\!AIVDM,1,1,,,KmO3v51M44irBP=8,0*0E
\s:66,c:1782377513*16\!AIVDM,1,1,,,KpI7ql01r1ir@2fh,0*1A
\s:66,c:1782377518*1D\!AIVDM,1,1,,,KpHrlD8LRCj8CP5d,0*3B
\s:66,c:1782377512*17\!AIVDM,1,1,,,169@6o?P1;om6BAoiBTUd?wP2<00,0*25
\s:66,c:1782377512*17\!AIVDM,1,1,,,36TbO47P0Vkr0fP1sSiU7lwP21w0,0*24
\s:66,c:1782377520*16\!AIVDM,1,1,,,14SdQ:02R1kQV8wi82NquH3h253<,0*4E
\s:66,c:1782377518*1D\!AIVDM,1,1,,,1;DjjW7Oh4JmpvknAN4r<mud0HP6,0*69
\s:66,c:1782377517*12\!AIVDM,1,1,,,H3prA2@mD<R08EA@E8000000000,2*69
\s:66,c:1782377518*1D\!AIVDM,1,1,,,KmNRj8T;0PijdQ6D,0*44
\s:66,c:1782377517*12\!AIVDM,1,1,,,Kp15W>P<ntATJ694,0*23
\s:66,c:1782377512*17\!AIVDM,1,1,,,Kl4V;Q?mvuTDl0C0,0*26
\s:66,c:1782377517*12\!AIVDM,1,1,,,KnBR?w02jF@`HSlh,0*0B
\s:66,c:1782377515*10\!AIVDM,1,1,,,188fic700RmTr?1p`cT9bocV2HMO,0*44
\s:66,c:1782377513*16\!AIVDM,1,1,,,KpVqDh3uivdUF0@D,0*4D
\s:66,c:1782377518*1D\!AIVDM,1,1,,,KqNSrbh3HKfuAU3d,0*58
\s:66,c:1782377513*16\!AIVDM,1,1,,,KpKLJP00UhMVET`T,0*42
\s:66,c:1782377514*11\!AIVDM,1,1,,,19NSNbP22gJf>UajffO=NriP8D01,0*2F
\s:66,c:1782377513*16\!AIVDM,1,1,,,17Odd>O0008NkoclGmhWW@k40@Kg,0*13
\s:66,c:1782377513*16\!AIVDM,1,1,,,18R=ma?P00O2e0B5IQHhrgwJ08MD,0*2C
\s:66,c:1782377513*16\!AIVDM,1,1,,,Kk3luH0?F:Aa6TQh,0*2D
\s:66,c:1782377515*10\!AIVDM,1,1,,,KqHseqh?GI0qH0k@,0*39
\s:66,c:1782377517*12\!AIVDM,1,1,,,Kn9?fH0?RDjTGUh@,0*77
\s:66,c:1782377511*14\!AIVDM,1,1,,,KqNSS:h5aLOOk6F0,0*72
\s:66,c:1782377515*10\!AIVDM,1,1,,,KnK3Pu1DqIjQg0DP,0*2A
\s:66,c:1782377513*16\!AIVDM,1,1,,,KqHseqh?GI0qH0k@,0*39
\s:66,c:1782377515*10\!AIVDM,1,1,,,KqHseqh?GI0qH0k@,0*39
\s:66,c:1782377507*13\!AIVDM,1,1,,,KqNSa1h1RDMmt644,0*3D
\s:66,c:1782377507*13\!AIVDM,1,1,,,176qr`00Qn4Aed1mo3Hq@7<`0@J4,0*63
\s:66,c:1782377517*12\!AIVDM,1,1,,,Kqq?FhLAdw?BHPP4,0*22
\s:66,c:1782377517*12\!AIVDM,1,1,,,H>pl;b04U>l9DuVo3BoG>F22220,2*75
\s:66,c:1782377517*12\!AIVDM,1,1,,,KmA91d01glhssUgP,0*6C
\s:66,c:1782377518*1D\!AIVDM,1,1,,,KmO;s9<J<TTDd0Ot,0*1E
\s:66,c:1782377513*16\!AIVDM,1,1,,,KkWach3wk8j`A0?8,0*11
\s:66,c:1782377514*11\!AIVDM,1,1,,,14eGr4h01ArjI9tSeWDcVaCR0@MO,0*20
\s:66,c:1782377515*10\!AIVDM,1,1,,,34eJ6WhP@so<l`vL=CAQTJWN01<0,0*24
\s:66,c:1782377517*12\!AIVDM,1,1,,,Km63SL<MJBALrP2T,0*6B
\s:66,c:1782377515*10\!AIVDM,1,1,,,K3iW@L8h5nCiS0Dd,0*4F
\s:66,c:1782377516*13\!AIVDM,1,1,,,Kn9J>pSlDVQ7V1wt,0*50
\s:66,c:1782377513*16\!AIVDM,1,1,,,1815chh01b84SLoiv92hK@CR08LN,0*7A
\s:66,c:1782377519*1C\!AIVDM,1,1,,,Kl`LuR04BENSm61P,0*6F
\s:66,c:1782377516*13\!AIVDM,1,1,,,15?dMLh01eDd84<Iafb3q3;T08NP,0*01
\s:66,c:1782377515*10\!AIVDM,1,1,,,19N`2<@0j3vpjUV?BOJonVIT0@O6,0*32
\s:66,c:1782377513*16\!AIVDM,1,1,,,K5?db38AkbR9KPE`,0*36
\s:66,c:1782377517*12\!AIVDM,1,1,,,Kn?UmuiBbfQHkPA<,0*40
\s:66,c:1782377517*12\!AIVDM,1,1,,,Kq8wbeTBM31h1P1D,0*30
\s:66,c:1782377511*14\!AIVDM,1,1,,,KoloeeuDvrgrM0F@,0*1B
\s:66,c:1782377518*1D\!AIVDM,1,1,,,15?dSr001hnuj@6C73<TwSwh0<0A,0*2E
\s:66,c:1782377514*11\!AIVDM,1,1,,,39NSC3iP00KUrIf663vq3wwV0E0b,0*0C
\s:66,c:1782377520*16\!AIVDM,1,1,,,B7Oklt001K;0:?uMIkk:8us4CP06,0*0E
\s:66,c:1782377515*10\!AIVDM,1,1,,,KkaIj;t08ukhWPOt,0*08
\s:66,c:1782377519*1C\!AIVDM,1,1,,,Kkl3oKi@45CnMPEh,0*09
\s:66,c:1782377514*11\!AIVDM,1,1,,,Kru0QvL=4U?me0@P,0*3B
\s:66,c:1782377513*16\!AIVDM,1,1,,,KoloeeuDvrgrM0F@,0*1B
\s:66,c:1782377519*1C\!AIVDM,1,1,,,Kom:4a<4LK?o800p,0*56
\s:66,c:1782377505*11\!AIVDM,1,1,,,Ko7jB301ggg`45ed,0*69
\s:66,c:1782377511*14\!AIVDM,1,1,,,KlebQ<9=tvkO:0ET,0*13
\s:66,c:1782377511*14\!AIVDM,1,1,,,K3mQcj8=WB2a@7?t,0*55
\s:66,c:1782377512*17\!AIVDM,1,1,,,15NBI<7P1QmJJd0RdKN6c?wR253<,0*50
\s:66,c:1782377516*13\!AIVDM,1,1,,,35MqpL7P@wl65NFO<bgMa07R01K0,0*23
\s:66,c:1782377513*16\!AIVDM,1,1,,,KmT3iv0?W`C<5V0l,0*41
\s:66,c:1782377511*14\!AIVDM,1,1,,,16TQdT7P0EclU8Mu5QNSV?wN2D4F,0*30
\s:66,c:1782377515*10\!AIVDM,1,1,,,18I634031V:tb`gnbHpMSc5b0<04,0*4F
\s:66,c:1782377518*1D\!AIVDM,1,1,,,16TR?f?00IEv`c`27MI6S5GUq`Ma,0*67
\s:66,c:1782377513*16\!AIVDM,1,1,,,1:LR2MgP2dso7eid5LwWhwwV2HMW,0*28
\s:66,c:1782377515*10\!AIVDM,1,1,,,KkAHlF8?k;T0O:AT,0*37
\s:66,c:1782377519*1C\!AIVDM,1,1,,,Kk`fKv=@2Q3WhPOt,0*05
\s:66,c:1782377516*13\!AIVDM,1,1,,,KmB8DN03t8PRNWQL,0*78
\s:66,c:1782377504*10\!AIVDM,1,1,,,KpJ5kR8=HOjOi6<4,0*6A
\s:66,c:1782377516*13\!AIVDM,1,1,,,177@Ot001qm4l9PIklQc?a1F053<,0*6E
\s:66,c:1782377513*16\!AIVDM,1,1,,,Kn106mPAmQitp034,0*6F
\s:66,c:1782377511*14\!AIVDM,1,1,,,34`UvK@02obRe4=tsKt=@JcJ07Jk,0*19
\s:66,c:1782377515*10\!AIVDM,1,1,,,I8;CJj1RWDkfR008h2ij8f<98iL`,0*26
\s:66,c:1782377515*10\!AIVDM,1,1,,,KnK3pK`4o7ROK61L,0*10
\s:66,c:1782377512*17\!AIVDM,1,1,,,1:U8tfPP00tcvWejCQGpn?wR0PR>,0*77
\s:66,c:1782377512*17\!AIVDM,1,1,,,15N5CH7000D5a@lNm6h7uD9p0L0S,0*05
\s:66,c:1782377516*13\!AIVDM,1,1,,,K44SiTQnTp4OG21H,0*2E
\s:66,c:1782377514*11\!AIVDM,1,1,,,39N`2@hwh0dP691briodMbqP20OC,0*0E
\s:66,c:1782377515*10\!AIVDM,1,1,,,KmN6TqgteCB<3P@T,0*20
\s:66,c:1782377517*12\!AIVDM,1,1,,,Kru0PndM4egmIPOt,0*75
\s:66,c:1782377515*10\!AIVDM,1,1,,,Kk2C493rQEveTPOt,0*42
\s:66,c:1782377520*16\!AIVDM,1,1,,,H5OC?l4TC=D5hSgG4@mnno1p131t,0*41
\s:66,c:1782377520*16\!AIVDM,1,1,,,H68tR@l0BCP00012?ijklm<P0000,0*43
\s:66,c:1782377517*12\!AIVDM,1,1,,,KqlcFP0hUBerc0AH,0*46
\s:66,c:1782377513*16\!AIVDM,1,1,,,19jnkr;P00P?IU:3cW3v4?wR20S8,0*55
\s:66,c:1782377517*12\!AIVDM,1,1,,,15?dUsPP@MPaOml1uPB1p11b2D06,0*69
\s:66,c:1782377517*12\!AIVDM,1,1,,,H00000000000000000000000000,2*2D
\s:66,c:1782377517*12\!AIVDM,1,1,,,Kp15S980LSOVh03H,0*1F
\s:66,c:1782377519*1C\!AIVDM,1,1,,,KkMBwF`031CgFPSh,0*22
\s:66,c:1782377516*13\!AIVDM,1,1,,,KpSQf@kkohhLpP0d,0*2F
\s:66,c:1782377518*1D\!AIVDM,1,1,,,18I;gr002dJ<WS;knfAdk:Dj053<,0*25
\s:66,c:1782377518*1D\!AIVDM,1,1,,,Kru0PndM4egmIPOt,0*75
\s:66,c:1782377518*1D\!AIVDM,1,1,,,Kold8k<4BCwuNQ1t,0*49
\s:66,c:1782377518*1D\!AIVDM,1,1,,,Kom@<IdD3@w`OR@t,0*76
\s:66,c:1782377505*11\!AIVDM,1,1,,,Kkl3pu@ABcfR`P3p,0*7A
\s:66,c:1782377517*12\!AIVDM,1,1,,,KqNST=@1UvfmgUf4,0*10
\s:66,c:1782377504*10\!AIVDM,1,1,,,KmOB3p8=BRRv5R<4,0*51
\s:66,c:1782377512*17\!AIVDM,1,1,,,1815`bC4048<WOMl`9w002OP00Ru,0*02
\s:66,c:1782377513*16\!AIVDM,1,1,,,KlS2Qb00EH>m2W6t,0*6B
\s:66,c:1782377512*17\!AIVDM,1,1,,,13=jid0026Niq=3fIw4Jb`UR0L01,0*3D
\s:66,c:1782377515*10\!AIVDM,1,1,,,138EJD001JLgO?sin5NDtl1`0HNJ,0*48
\s:66,c:1782377515*10\!AIVDM,1,1,,,KmN7;s3uFoBwqQ?8,0*0D
\s:66,c:1782377518*1D\!AIVDM,1,1,,,KmMjV<4=?ljru00<,0*07
\s:66,c:1782377512*17\!AIVDM,1,1,,,169L1L@Oh6:nvj0G=63=mQIN00SE,0*2E
\s:66,c:1782377515*10\!AIVDM,1,1,,,13EjGp;P00vh==r8If4f4?wb2<1J,0*54
\s:66,c:1782377517*12\!AIVDM,1,1,,,K819B<d?hs2c7Vmt,0*0B
\s:66,c:1782377513*16\!AIVDM,1,1,,,Kn?Uhk72atAUTPP8,0*43
\s:66,c:1782377515*10\!AIVDM,1,1,,,Km?dW4P5<<2wITE`,0*61
\s:66,c:1782377520*16\!AIVDM,1,1,,,36TjfJ0OhhmIePiuEOU5@kwh210h,0*07
\s:66,c:1782377512*17\!AIVDM,1,1,,,KrUEO<0>LMv<WP:p,0*35
\s:66,c:1782377514*11\!AIVDM,1,1,,,1815MOh0iO4S`V7fuU:C7jUf053<,0*2B
\s:66,c:1782377513*16\!AIVDM,1,1,,,Ko73pr0?vGNnJ8kl,0*2E
\s:66,c:1782377517*12\!AIVDM,1,1,,,Kn:=sI04MkB<d410,0*72
\s:66,c:1782377512*17\!AIVDM,1,1,,,Ko73pr0?vGNnJ8kl,0*2E
\s:66,c:1782377519*1C\!AIVDM,1,1,,,Ko7mQ504V@P9fUPd,0*01
\s:66,c:1782377518*1D\!AIVDM,1,1,,,KmN9qL5LQp29NP>P,0*28
\s:66,c:1782377516*13\!AIVDM,1,1,,,KotN8j<4;APEJ0;@,0*4D
\s:66,c:1782377515*10\!AIVDM,1,1,,,C>ljc<001iJCGhsDuK:U7wrQkkaiiQWQa111111111jd0040PPRP,0*56
\s:66,c:1782377513*16\!AIVDM,1,1,,,177OB2001S3na9MfdP2BiBEJ053<,0*4F
\s:66,c:1782377513*16\!AIVDM,1,1,,,19Wb><001P43jWqnq7fnj5ET0D00,0*68
\s:66,c:1782377513*16\!AIVDM,1,1,,,15BWTN001n4Rd3Io6v29TWaT00Rd,0*6F
\s:66,c:1782377516*13\!AIVDM,1,1,,,15N2bS0000lbaEJQiuP6V83f0D0U,0*4F
\s:66,c:1782377513*16\!AIVDM,1,1,,,132gMVgP00N<p<vE8u;C;?wR053<,0*0F
\s:66,c:1782377515*10\!AIVDM,1,1,,,Kla9U00Ooc@EoPDh,0*18
\s:66,c:1782377514*11\!AIVDM,1,1,,,15E<vJ0010G37PTG`?AevP7V0HMw,0*59
\s:66,c:1782377512*17\!AIVDM,1,1,,,15SVv>001bGCL2ow@hs;;8oT08MI,0*4B
\s:66,c:1782377517*12\!AIVDM,1,1,,,Kla9U00Ooc@EoPDh,0*18
\s:66,c:1782377514*11\!AIVDM,1,1,,,C69D8W@01VW4pmMEq>p?cwv0Pc0jb2M1iWh000000000?1p7220P,0*39
\s:66,c:1782377515*10\!AIVDM,1,1,,,1:U7IhPuBUMO>7CrTvhPlPaR053<,0*38
\s:66,c:1782377518*1D\!AIVDM,1,1,,,Koldk??l=>gmC06L,0*4C
\s:66,c:1782377512*17\!AIVDM,1,1,,,15P<2P04CVDvvkjIqf;D;SGR0D04,0*15
\s:66,c:1782377516*13\!AIVDM,1,1,,,344dSmQ1h9dR`nTSLL`V6EgT200j,0*2E
\s:66,c:1782377516*13\!AIVDM,1,1,,,Kl4dSmdFJtlRG0ad,0*7E
\s:66,c:1782377517*12\!AIVDM,1,1,,,Km?dOC@OcSBK;068,0*25
\s:66,c:1782377515*10\!AIVDM,1,1,,,1815c8@02C:T9HstVbP<E9u`0D06,0*6B
\s:66,c:1782377517*12\!AIVDM,1,1,,,Ko7Jc70M`00gl08<,0*48
\s:66,c:1782377517*12\!AIVDM,1,1,,,33FOVJ7011Rwes3ei0JCk37dR7i@,0*07
\s:66,c:1782377519*1C\!AIVDM,1,1,,,KkUw?@04CFfl36bD,0*32
\s:66,c:1782377517*12\!AIVDM,1,1,,,33FOVJ7011Rwes3ei0JCk37dR7i@,0*07
\s:66,c:1782377515*10\!AIVDM,1,1,,,KmV2S@1OMghirP7L,0*3A
\s:66,c:1782377514*11\!AIVDM,1,1,,,KqNSrm@FF7Lw4P9l,0*22
\s:66,c:1782377512*17\!AIVDM,1,1,,,HENWAQ1HDh62222222222222220,2*00
\s:66,c:1782377518*1D\!AIVDM,1,1,,,35NVAM0Oj1H4@sP7jJ<rN`Sf0000,0*0C
\s:66,c:1782377515*10\!AIVDM,1,1,,,KnK2GN04qNjPs4Sd,0*43
\s:66,c:1782377520*16\!AIVDM,1,1,,,19NSR0001pli<a7sEQ@RdR5f0?ww,0*21
\s:66,c:1782377512*17\!AIVDM,1,1,,,Ks@4EAdMj>McIPUT,0*64
\s:66,c:1782377512*17\!AIVDM,1,1,,,Kkd`uF0>g=>1iTgL,0*3D
\s:66,c:1782377513*16\!AIVDM,1,1,,,Km?dW6@>a5NlM5=0,0*06
\s:66,c:1782377517*12\!AIVDM,1,1,,,KmV2S@1OMghirP7L,0*3A
\s:66,c:1782377515*10\!AIVDM,1,1,,,Km?dW6@>a5NlM5=0,0*06
\s:66,c:1782377515*10\!AIVDM,1,1,,,B00ABC001@umghK==bNcWwv4SP06,0*60
\s:66,c:1782377515*10\!AIVDM,1,1,,,H00ABC04r3J09DuV37:oSFF2220,2*0C
\s:66,c:1782377512*17\!AIVDM,1,1,,,KlQGi`:9qc3tSP4H,0*76
\s:66,c:1782377514*11\!AIVDM,1,1,,,15OIS;3P00G89DpIRL3n`wwP00Rc,0*17
\s:66,c:1782377518*1D\!AIVDM,1,1,,,39NSgWm000oRTwLCD7CGvbIf0Dg:,0*69
\s:66,c:1782377518*1D\!AIVDM,1,1,,,18I=lf0020FaRm>7FCeseaM`0@O;,0*3D
\s:66,c:1782377519*1C\!AIVDM,1,1,,,Ko6qt<81@`ubpW3p,0*16
\s:66,c:1782377519*1C\!AIVDM,1,1,,,18I46n0wRs9dEnIchGOre8Uf0D01,0*78
\s:66,c:1782377513*16\!AIVDM,1,1,,,KkIcU68B6VfQVR6L,0*5D
\s:66,c:1782377517*12\!AIVDM,1,1,,,16KS3>0OhMG:jEAs=5;FVm?J0@Ns,0*39
\s:66,c:1782377515*10\!AIVDM,1,1,,,Klb1?P<ONq@fKP@@,0*0D
\s:66,c:1782377511*14\!AIVDM,1,1,,,KpVQAd1ET`Od=P4p,0*3C
\s:66,c:1782377515*10\!AIVDM,1,1,,,KkIqBL1KOS3W2P>4,0*1B
\s:66,c:1782377514*11\!AIVDM,1,1,,,B;T3=G00??1TTSPu:3LL3wp6SP06,0*4A
\s:66,c:1782377517*12\!AIVDM,1,1,,,13VWa<0vR83ljN9fJOBjiRCb0<02,0*08
\s:66,c:1782377519*1C\!AIVDM,1,1,,,16KSbB002J1CiHIdBnDlcCeh0D0G,0*74
\s:66,c:1782377513*16\!AIVDM,1,1,,,19Fpvd0Oj<OtfDD2ovG@qPOT0D02,0*5F
\s:66,c:1782377513*16\!AIVDM,1,1,,,Klb1?P<ONq@fKP@@,0*0D
\s:66,c:1782377513*16\!AIVDM,1,1,,,KomRP4hD@GghpPDl,0*34
\s:66,c:1782377507*13\!AIVDM,1,1,,,Kp15VGLABWNRMP:<,0*56
\s:66,c:1782377511*14\!AIVDM,1,1,,,Kp15JS0=E?Br@6D<,0*08
\s:66,c:1782377514*11\!AIVDM,1,1,,,15N705PP1?DbO1jPhVq1gwwT2<00,0*30
\s:66,c:1782377515*10\!AIVDM,1,1,,,34eI1N?Oh2o<?LFL:2VD;6Wd00v0,0*51
\s:66,c:1782377515*10\!AIVDM,1,1,,,Km?dUH`4m7S0B4dL,0*34
\s:66,c:1782377513*16\!AIVDM,1,1,,,15Q0B@001n1vmeQdpS2a3o=b0D0E,0*57
\s:66,c:1782377519*1C\!AIVDM,1,1,,,Kpuo>v>0c?eQ10Ot,0*52
\s:66,c:1782377507*13\!AIVDM,1,1,,,15OD4I0000m:tqPRfI?eDjMJ0D05,0*68
\s:66,c:1782377515*10\!AIVDM,1,1,,,88?OAlh0G@:?>G1?6600,0*17
\s:66,c:1782377515*10\!AIVDM,1,1,,,14eGQPg000o<5JJL6ufu>C=F0<23,0*67
\s:66,c:1782377517*12\!AIVDM,1,1,,,Kp159:h1I`icg0b0,0*24
\s:66,c:1782377515*10\!AIVDM,1,1,,,138Br:001l:lW;l3JaJuWbqL053<,0*79
\s:66,c:1782377514*11\!AIVDM,1,1,,,Krp<hl1e?2PhN000,0*09
\s:66,c:1782377515*10\!AIVDM,1,1,,,14hLB9;PAI<7p`emwj1:m8aV0<00,0*35
\s:66,c:1782377518*1D\!AIVDM,1,1,,,17OmaF0P00`Aj37ebGERPgwl053<,0*3A
\s:66,c:1782377516*13\!AIVDM,1,1,,,KpSK5s03nR0k7POt,0*3A
\s:66,c:1782377513*16\!AIVDM,1,1,,,KomRPbL4HNgTv0UP,0*40
\s:66,c:1782377513*16\!AIVDM,1,1,,,Kp15a90?vE2`q05h,0*72
\s:66,c:1782377513*16\!AIVDM,1,1,,,Kn?UnQ`2:OihLTih,0*28
\s:66,c:1782377514*11\!AIVDM,1,1,,,15`IA6@P0dKb;uj5l6WjawwbP<0:,0*43
\s:66,c:1782377517*12\!AIVDM,1,1,,,19wwqw0P1AKFteD:KNb=@?wh0D0o,0*0A
\s:66,c:1782377515*10\!AIVDM,1,1,,,K6U:mH84T6RG4Ucp,0*59
\s:66,c:1782377515*10\!AIVDM,1,1,,,B>lEvIh02lnIwQw5Cq?27ws4SP06,0*75
\s:66,c:1782377515*10\!AIVDM,1,1,,,Kp15a90?vE2`q05h,0*72
\s:66,c:1782377505*11\!AIVDM,1,1,,,15>h4`001g3SnNojdshq0W9B00Sc,0*50
\s:66,c:1782377513*16\!AIVDM,1,1,,,Km>h4`01lb>C45fD,0*12
\s:66,c:1782377513*16\!AIVDM,1,1,,,B>pf9i@0018eKvKBDeMSi?v4SP06,0*6B
\s:66,c:1782377517*12\!AIVDM,1,1,,,KmWmuv01jJj;>02<,0*08
\s:66,c:1782377517*12\!AIVDM,1,1,,,KkW9Rf?wmDjVnPfT,0*4C
\s:66,c:1782377513*16\!AIVDM,1,1,,,K8QtLG01mWiu0PTp,0*59
\g:1-2-5199786,s:66,c:1782377511*5B\!AIVDM,2,1,6,,5815L<H2ERfeKL7;GW0<h5860Tq<TLpT62222216EHLF:5l@0PPk`4FR,0*28
\g:2-2-5199786*60\!AIVDM,2,2,6,,888888888888880,2*63
\s:66,c:1782377511*14\!AIVDM,1,1,,,19NSOp001u:nNS1r>SBnLE5D053<,0*30
\s:66,c:1782377518*1D\!AIVDM,1,1,,,K4eG?1P;OBkV@POt,0*44
\s:66,c:1782377515*10\!AIVDM,1,1,,,KnK4V00DfvR4D00d,0*79
\s:66,c:1782377513*16\!AIVDM,1,1,,,KrkJRfQuBku4`0a<,0*0A
\s:66,c:1782377512*17\!AIVDM,1,1,,,KqNSN`04E4fVn6b4,0*25
\s:66,c:1782377518*1D\!AIVDM,1,1,,,37PJ<a0P@=`>WD9k`<Dlhp;j01l0,0*46
\s:66,c:1782377513*16\!AIVDM,1,1,,,KqNSN`04E4fVn6b4,0*25
\s:66,c:1782377507*13\!AIVDM,1,1,,,144`E1?00Mdli@<SJJ:;B`qB2HIn,0*33
\s:66,c:1782377516*13\!AIVDM,1,1,,,1815`KP01bbuWUTITWSRkRID08NK,0*41
\s:66,c:1782377514*11\!AIVDM,1,1,,,369L2:rP08D2QE<GwG6lC?wpIh00,0*1C
\s:66,c:1782377513*16\!AIVDM,1,1,,,Kqu:U`@B;@1S90c8,0*6E
\s:66,c:1782377514*11\!AIVDM,1,1,,,14`MLj001c5kn0Miq@`b:Gsb0HNa,0*17
\s:66,c:1782377515*10\!AIVDM,1,1,,,KkP;BWP?l7SjEPF0,0*57
\s:66,c:1782377518*1D\!AIVDM,1,1,,,15?dcc@02KJ@JKOv<4:lQkad0HPI,0*03
\s:66,c:1782377515*10\!AIVDM,1,1,,,KlS1O@<<Rej3F6;L,0*44
\s:66,c:1782377518*1D\!AIVDM,1,1,,,14eGEf0P00G<5p>L6u:Lv?wj08Qv,0*01
\s:66,c:1782377514*11\!AIVDM,1,1,,,37`BA>0OivdP6VAbrw44;CGP220h,0*1B
\s:66,c:1782377512*17\!AIVDM,1,1,,,37`BA>0OivdP6VAbrw44;CGP220h,0*1B
\s:66,c:1782377513*16\!AIVDM,1,1,,,38uG6f9OhPQ6A6Sdl72UH4QT01p@,0*13
\s:66,c:1782377516*13\!AIVDM,1,1,,,KnK2f9P4ig2JA0F8,0*79
\s:66,c:1782377518*1D\!AIVDM,1,1,,,KomLF`L4<Qgi1Qct,0*28
\s:66,c:1782377519*1C\!AIVDM,1,1,,,KomLGU84<GgfLP0D,0*6E
\s:66,c:1782377519*1C\!AIVDM,1,1,,,KoljB2<DBcguG1i`,0*01
\s:66,c:1782377515*10\!AIVDM,1,1,,,C>jpcN@000t8lPJwudi;0tN1kkUiiScUkKiS;11111100000002P,0*2B
\s:66,c:1782377505*11\!AIVDM,1,1,,,18I:?K0tiJ3fWBAjoAvAUiLt0<02,0*76
\s:66,c:1782377505*11\!AIVDM,1,1,,,1815Q3P01U4mhNoqFuKj3Qa>08H=,0*3F
\s:66,c:1782377517*12\!AIVDM,1,1,,,KmVwi>81qwit5PB4,0*36
\s:66,c:1782377507*13\!AIVDM,1,1,,,36KoSf011tDpsF`KBU734BMD0BHu,0*3E
\s:66,c:1782377512*17\!AIVDM,1,1,,,Ks@1i9tMpmf9M0Ot,0*43
\s:66,c:1782377513*16\!AIVDM,1,1,,,1:gQ:>0P00sn0wSi2aWf4?wV28NA,0*13
\s:66,c:1782377512*17\!AIVDM,1,1,,,15?dai002:6jg?Okf0QL9IeF00SL,0*1F
\s:66,c:1782377519*1C\!AIVDM,1,1,,,Kk:38P<?vIRiwPOt,0*3D
\s:66,c:1782377519*1C\!AIVDM,1,1,,,KkI:Ot`OrMkLr08l,0*2E
\s:66,c:1782377514*11\!AIVDM,1,1,,,1815EN00ihIsBNeujU95VTOD08M=,0*04
\s:66,c:1782377518*1D\!AIVDM,1,1,,,K:5c4u<42p@7PP1t,0*79
\s:66,c:1782377511*14\!AIVDM,1,1,,,KmO;ln`=CeRuRP6p,0*2F
\s:66,c:1782377511*14\!AIVDM,1,1,,,KmP:t<;tv1j3w0<D,0*0D
\s:66,c:1782377512*17\!AIVDM,1,1,,,KlabBh1@P7Rj40=4,0*4A
\s:66,c:1782377515*10\!AIVDM,1,1,,,Kn;<wcP4NSB7v41t,0*5A
\s:66,c:1782377512*17\!AIVDM,1,1,,,Kp15EBiN5tuam0=t,0*39
\s:66,c:1782377512*17\!AIVDM,1,1,,,K4`UvtiNJgvDd0:T,0*2D
\s:66,c:1782377519*1C\!AIVDM,1,1,,,Kk`h?ie08wkhHPOt,0*23
\s:66,c:1782377518*1D\!AIVDM,1,1,,,KpJ@;V0<Ef?tpWSp,0*5B
\s:66,c:1782377516*13\!AIVDM,1,1,,,19NSffP1RJc@sk6A:<?:UHQV0@PC,0*3D
\s:66,c:1782377511*14\!AIVDM,1,1,,,KqNSguP5T;?6550`,0*01
\s:66,c:1782377512*17\!AIVDM,1,1,,,C1;?fA000DooNGw@sARb>8N0DBM0V@:L?iKQaKck;1100000002P,0*1A
\s:66,c:1782377515*10\!AIVDM,1,1,,,C>j?jUh00s9M=guV?5AE;wP0@2L>`NMSSeQgKee:0000038I<dR0,0*4D
\s:66,c:1782377518*1D\!AIVDM,1,1,,,133r=D00P@8;5?9gV>uFiWm800Rk,0*13
\s:66,c:1782377517*12\!AIVDM,1,1,,,39jfkk0PA1PUKgL2Htr1Ri5b00ih,0*34
\s:66,c:1782377515*10\!AIVDM,1,1,,,KlhtfD<?wCjgs7>d,0*5A
\s:66,c:1782377516*13\!AIVDM,1,1,,,Kn9Ae;1DMd25HP@t,0*13
\s:66,c:1782377519*1C\!AIVDM,1,1,,,Kolda6H3sR?Tu4h4,0*30
\s:66,c:1782377507*13\!AIVDM,1,1,,,KqNSEF@1McNVq5=D,0*39
\s:66,c:1782377517*12\!AIVDM,1,1,,,18w:Dn@P1SPtOr?pj:MFi?wf2<05,0*3A
\s:66,c:1782377512*17\!AIVDM,1,1,,,13ALuv002OOrfw5r>jddbr7R0@Lk,0*0B
\s:66,c:1782377512*17\!AIVDM,1,1,,,16Slah5P1Nd6MDDHCLIQEi5L2D07,0*28
\s:66,c:1782377512*17\!AIVDM,1,1,,,1815Gf@01oGBvJTAKj535RM`00Ri,0*1F
\s:66,c:1782377514*11\!AIVDM,1,1,,,3:u0FMwPABr7A:IwIQVJF8?V0000,0*17
\s:66,c:1782377513*16\!AIVDM,1,1,,,Kold8aP42?wT62U`,0*69
\s:66,c:1782377516*13\!AIVDM,1,1,,,15OJf@0P02lE:h4OBUmH=?wb2D03,0*72
\s:66,c:1782377514*11\!AIVDM,1,1,,,B52TNe0005pm7J4lvrKQ3wq1jCJb,0*7B
\s:66,c:1782377515*10\!AIVDM,1,1,,,KmNvVG`;Q?kPpP;H,0*35
\s:66,c:1782377518*1D\!AIVDM,1,1,,,15NvVGP000o?sJjKLtR78Eef0<17,0*4B
\s:66,c:1782377512*17\!AIVDM,1,1,,,H69<lCD<80000;M2JC8qPP2PC43@,0*11
\s:66,c:1782377513*16\!AIVDM,1,1,,,16KB1H0vRhOKInOv4FDtWb=V0@NN,0*1A
\s:66,c:1782377518*1D\!AIVDM,1,1,,,1815Ebh01srawImmmoI5HlOf0HPO,0*6E
\s:66,c:1782377513*16\!AIVDM,1,1,,,KomLI8@lCkOvhP3t,0*51
\s:66,c:1782377505*11\!AIVDM,1,1,,,Ko76l10AL:wPdP2<,0*05
\s:66,c:1782377515*10\!AIVDM,1,1,,,Kn:65w<4Nw2AjTi0,0*29
\s:66,c:1782377520*16\!AIVDM,1,1,,,B7fu>9h0P<q33LuGvj0mOws5oP06,0*3B
\s:66,c:1782377513*16\!AIVDM,1,1,,,Kp15Pp@0p5uLCU5D,0*13
\s:66,c:1782377517*12\!AIVDM,1,1,,,19@2ag00000`:IF29inUL4gd053<,0*56
\s:66,c:1782377516*13\!AIVDM,1,1,,,344srpP01nbP0LrMa`hofV5V009C,0*44
\s:66,c:1782377515*10\!AIVDM,1,1,,,Km?dVAh@06hJ@P@4,0*65
\s:66,c:1782377515*10\!AIVDM,1,1,,,KqNSmFL?ss@FqP0D,0*4B
\s:66,c:1782377513*16\!AIVDM,1,1,,,K9@2`AdR5P1nA2bt,0*2F
\s:66,c:1782377517*12\!AIVDM,1,1,,,Ko0TkB5AwaijB0<L,0*6D
\s:66,c:1782377517*12\!AIVDM,1,1,,,35?dL3@2Qg0qhoEcIm9kQ2ub00tP,0*47
\s:66,c:1782377513*16\!AIVDM,1,1,,,Km?dVAh@06hJ@P@4,0*65
\s:66,c:1782377517*12\!AIVDM,1,1,,,KqNSmFL?ss@FqP0D,0*4B
\s:66,c:1782377515*10\!AIVDM,1,1,,,KkWCKs9Oq:BUEP>d,0*0E
\s:66,c:1782377516*13\!AIVDM,1,1,,,Kn:JHnSlFrQn2P:<,0*44
\s:66,c:1782377518*1D\!AIVDM,1,1,,,KqNSn803qhgTp4UP,0*7E
\s:66,c:1782377505*11\!AIVDM,1,1,,,13=Fhf042C4Aja9nEhWQv1g@00Rr,0*27
\s:66,c:1782377516*13\!AIVDM,1,1,,,KmNH@i`Ir9Tis0Cd,0*55
\s:66,c:1782377515*10\!AIVDM,1,1,,,KmNT;qaLSf2<fP0H,0*49
\s:66,c:1782377512*17\!AIVDM,1,1,,,B>oo@2@0Cm97BEw4KJa6gwqTSP06,0*1B
\s:66,c:1782377512*17\!AIVDM,1,1,,,37luni8P0A6s9lQeCfwSJwv00000,0*3A
\s:66,c:1782377515*10\!AIVDM,1,1,,,E>nrRQv;FPTagTaWV0b2R@20W3RfAUiRpbu2H00003dP14P,2*7C
\s:66,c:1782377518*1D\!AIVDM,1,1,,,13V2>b001`83;0iihuD0HPBn0D02,0*27
\s:66,c:1782377518*1D\!AIVDM,1,1,,,K7ldkC0D6lgPUP00,0*27
\s:66,c:1782377518*1D\!AIVDM,1,1,,,KoOjr<1EEc>hVPE@,0*2F
\s:66,c:1782377517*12\!AIVDM,1,1,,,KksO5P`?c;BlT05T,0*32
\s:66,c:1782377517*12\!AIVDM,1,1,,,15W2tF0001NitC`;u@;nF8?j053<,0*3F
\s:66,c:1782377514*11\!AIVDM,1,1,,,B7`B`Jh00;81h?Jhfwd02ArQjDI:,0*7D
\s:66,c:1782377511*14\!AIVDM,1,1,,,16Sb9p001ub;eBqw1c4sCq9D28I5,0*08
\s:66,c:1782377515*10\!AIVDM,1,1,,,C=wP0j0032rRjhwJqP0wswpPL:`<BVAkWkKQi11111jd0040PPRP,0*5A
\s:66,c:1782377515*10\!AIVDM,1,1,,,KmNUrh`<dUj8S0?t,0*57
\s:66,c:1782377515*10\!AIVDM,1,1,,,16TbnP00BenJkVRDIsTDlSkJ0HOm,0*2E
\s:66,c:1782377514*11\!AIVDM,1,1,,,KrpDpMP=B3PlgP=4,0*49
\s:66,c:1782377514*11\!AIVDM,1,1,,,1:pDpMP000Jd@j46L5mH:So`00RG,0*2C
\s:66,c:1782377513*16\!AIVDM,1,1,,,K8u<7m9A8fMl1P8H,0*11
\s:66,c:1782377514*11\!AIVDM,1,1,,,E>o3Gg6VbRV@@@@@@@@@@@@@@@@MO2dNrelE`1088;v000,4*5A
\s:66,c:1782377512*17\!AIVDM,1,1,,,1:U7Cd@01:ts7S7jWn96lE?R0<1L,0*6F
\s:66,c:1782377518*1D\!AIVDM,1,1,,,15P;fv0000m:nFPR6k0>49Kf28PS,0*1F
\s:66,c:1782377518*1D\!AIVDM,1,1,,,Kl4eF<<5Ah3hpP8d,0*6C
\s:66,c:1782377513*16\!AIVDM,1,1,,,KkK1`r8?u4RemWfL,0*4E
\s:66,c:1782377513*16\!AIVDM,1,1,,,169L0M?P02vj1hj;uF`f4?wR28MD,0*09
\s:66,c:1782377517*12\!AIVDM,1,1,,,K:U8CNd>TNgiiRS@,0*10
\s:66,c:1782377517*12\!AIVDM,1,1,,,KnrVJWp?H41R108l,0*7E
\s:66,c:1782377514*11\!AIVDM,1,1,,,8>k1oBiKpBjS?>11l2N7mre0<N00,0*21
\s:66,c:1782377517*12\!AIVDM,1,1,,,K:U8CNd>TNgiiRS@,0*10
\s:66,c:1782377515*10\!AIVDM,1,1,,,K44ScNdE=6CGMP;l,0*36
\s:66,c:1782377512*17\!AIVDM,1,1,,,C>iFKP008m1Kh?v@5CvrTbN0@LkgSiKQi1ia:0000000?1@8222P,0*34
\s:66,c:1782377512*17\!AIVDM,1,1,,,16TNI`?00L;wk>;tM9U2o2KL0<@j,0*19
\s:66,c:1782377512*17\!AIVDM,1,1,,,38I5:20Oi`6;HtanAnvjF23J009@,0*17
\s:66,c:1782377518*1D\!AIVDM,1,1,,,18I5:2001`6;I43nAoOBHj3d00Ru,0*17
\s:66,c:1782377518*1D\!AIVDM,1,1,,,138Clh0qj18FHQslFGoG=5Wj00S@,0*77
\s:66,c:1782377517*12\!AIVDM,1,1,,,181569Pvit37bsUhbwWSm2wd053<,0*21
\s:66,c:1782377517*12\!AIVDM,1,1,,,KqjbpTL0<H0ID0RH,0*6E
\s:66,c:1782377519*1C\!AIVDM,1,1,,,Kqjh8;3h8K@DpUSp,0*76
\s:66,c:1782377519*1C\!AIVDM,1,1,,,Kk`e>o<0:hCmr0Ot,0*1A
\s:66,c:1782377514*11\!AIVDM,1,1,,,Kru0GO<<dEwtP0Ot,0*6A
\s:66,c:1782377513*16\!AIVDM,1,1,,,KotKdLiD=ihMhPF8,0*4E
\s:66,c:1782377513*16\!AIVDM,1,1,,,Kom3tiv3vTORGPOt,0*56
\s:66,c:1782377518*1D\!AIVDM,1,1,,,19NSF`001d<<r7:H`SPS<2Q`053<,0*33
\s:66,c:1782377515*10\!AIVDM,1,1,,,13Vrsu800eNo3Vf=vCWeLrmP0d0n,0*0B
\s:66,c:1782377512*17\!AIVDM,1,1,,,13:4U<PvjwDPpF?skliKHI7N053<,0*00
\s:66,c:1782377520*16\!AIVDM,1,1,,,176ukn000E<LaV5agTvpDmOd0@R3,0*67
\s:66,c:1782377512*17\!AIVDM,1,1,,,KrLR3<t=lSMRF0Cd,0*77
\s:66,c:1782377517*12\!AIVDM,1,1,,,19NSWKP01`0jaKQcs1=kQBih00S7,0*7F
\s:66,c:1782377515*10\!AIVDM,1,1,,,Kk3uaUe@7RShS0Ot,0*16
\s:66,c:1782377515*10\!AIVDM,1,1,,,KkM:;<9OhRlSeP:<,0*77
\s:66,c:1782377519*1C\!AIVDM,1,1,,,Kp15Ij@?E4D=FVT0,0*78
\s:66,c:1782377519*1C\!AIVDM,1,1,,,Kp15T1h@5A3uVPCL,0*2E
\s:66,c:1782377518*1D\!AIVDM,1,1,,,1815G<h01ep`aij:6uw;vaOV08O?,0*2C
\s:66,c:1782377520*16\!AIVDM,1,1,,,19NSBA@02R<iqBUbhvwaEoQV00Sd,0*22
\s:66,c:1782377513*16\!AIVDM,1,1,,,15Tbuj001M2oocKf`Deqf7wJ0<0I,0*63
\s:66,c:1782377519*1C\!AIVDM,1,1,,,169L1woP@bvn:Jp5w8jVGlaf053<,0*36
\s:66,c:1782377515*10\!AIVDM,1,1,,,Kkm7nRd0N6lp8POt,0*42
\s:66,c:1782377518*1D\!AIVDM,1,1,,,Kru0M7d<dF?tOPOt,0*74
\s:66,c:1782377513*16\!AIVDM,1,1,,,Kl2Q2o`?H4AQt08H,0*79
\s:66,c:1782377513*16\!AIVDM,1,1,,,Kp15IDPwMJPi>0>8,0*44
\s:66,c:1782377518*1D\!AIVDM,1,1,,,KmPm;dqKMeSHQ0?t,0*00
\s:66,c:1782377512*17\!AIVDM,1,1,,,1;Np?D@P00svfH5d1rsJWOwD2<1a,0*4D
\s:66,c:1782377519*1C\!AIVDM,1,1,,,1815U`P11V1ed3QcW0bC5BId0HPr,0*2E
\s:66,c:1782377513*16\!AIVDM,1,1,,,Kp15IDPwMJPi>0>8,0*44
\s:66,c:1782377512*17\!AIVDM,1,1,,,Kn:ppn0NH>?liP8H,0*04
\s:66,c:1782377513*16\!AIVDM,1,1,,,K7mLHbd4Ligd00Ot,0*5D
\s:66,c:1782377514*11\!AIVDM,1,1,,,177dj6001H6SM2mo`6U2A23b0@O4,0*17
\s:66,c:1782377515*10\!AIVDM,1,1,,,KqNSCA0?acS<75Qd,0*17
\s:66,c:1782377517*12\!AIVDM,1,1,,,KkMB;0P?gjRWI5Pd,0*6C
\s:66,c:1782377515*10\!AIVDM,1,1,,,KmMeEPc;PHSTo098,0*65
\s:66,c:1782377518*1D\!AIVDM,1,1,,,KmNQBUc<Nm26?24D,0*4C
\s:66,c:1782377512*17\!AIVDM,1,1,,,1;Djnm3P02rqID9mr0mqTgwJ20S4,0*4E
\s:66,c:1782377512*17\!AIVDM,1,1,,,B6<fua008QdGsVK:Hf:?;wv63P06,0*01
\s:66,c:1782377519*1C\!AIVDM,1,1,,,KqNSCA0?acS<75Qd,0*17
\s:66,c:1782377518*1D\!AIVDM,1,1,,,KomRLmwl;n?`N1fl,0*39
\s:66,c:1782377518*1D\!AIVDM,1,1,,,KoTTad@D<A0FEPEH,0*51
\s:66,c:1782377511*14\!AIVDM,1,1,,,15DRGn002U;1qtisuV26p5OH053<,0*41
\s:66,c:1782377515*10\!AIVDM,1,1,,,KoP=a85EEbvhV0@P,0*48
\s:66,c:1782377514*11\!AIVDM,1,1,,,15`0B8000jKrRM44NAqQl1S00@NK,0*51
\s:66,c:1782377517*12\!AIVDM,1,1,,,Kl`V0QH=NDiR?;k4,0*08
\s:66,c:1782377512*17\!AIVDM,1,1,,,D04k1d0IhNfq6DO6DJLNfqEtO6D,2*4F
\s:66,c:1782377516*13\!AIVDM,1,1,,,KoldTNt48cgk=POt,0*10
\s:66,c:1782377518*1D\!AIVDM,1,1,,,KoldTNt48cgk=POt,0*10
\s:66,c:1782377516*13\!AIVDM,1,1,,,144ivc?01?c;IglN617e@JVB20S?,0*5A
\s:66,c:1782377518*1D\!AIVDM,1,1,,,19NSue0vAcDH8UfNuoFbppgf0D05,0*01
\s:66,c:1782377514*11\!AIVDM,1,1,,,35N0HR;01:loO4>;kLIUNlCT01th,0*6B
\s:66,c:1782377515*10\!AIVDM,1,1,,,KlQH`D:sQBSPlRP@,0*0A
\s:66,c:1782377514*11\!AIVDM,1,1,,,13M@RW01RaKQkK@6lq6LUr9V053<,0*36
\s:66,c:1782377515*10\!AIVDM,1,1,,,KnK2HI@4jTjNqP?0,0*7A
\s:66,c:1782377517*12\!AIVDM,1,1,,,19jbmq5P0F0SWiD2BW:Qkwwb0`OP,0*7B
\s:66,c:1782377519*1C\!AIVDM,1,1,,,Kl`Uw<8@LRgV70@H,0*66
\s:66,c:1782377515*10\!AIVDM,1,1,,,Kl0Ut=`0GuCaO2El,0*78
\s:66,c:1782377519*1C\!AIVDM,1,1,,,Kk9eou=@=OkftPOt,0*1C
\s:66,c:1782377512*17\!AIVDM,1,1,,,19NShk@2ijMNNJ=iVEakwk=R0<00,0*35
\s:66,c:1782377507*13\!AIVDM,1,1,,,KkHVq<T1O3g=FP0h,0*19
\s:66,c:1782377505*11\!AIVDM,1,1,,,KmSUHb01`sfr582L,0*18
\s:66,c:1782377515*10\!AIVDM,1,1,,,Km2br6;uF031L028,0*19
\s:66,c:1782377518*1D\!AIVDM,1,1,,,15?dLh002=tMKDBDqvSqWWid0HPC,0*60
\s:66,c:1782377518*1D\!AIVDM,1,1,,,KkP:LRkrs6w@tQft,0*6F
\s:66,c:1782377468*1B\!AIVDM,1,1,,,16TsE<7P1QORIwMVpng5:?v:053<,0*0E
\s:66,c:1782377519*1C\!AIVDM,1,1,,,Kp15W?`3LWPME6UH,0*0B
\s:66,c:1782377518*1D\!AIVDM,1,1,,,169L1oPP03D1>VlGl>neP?wN2d07,0*20
\s:66,c:1782377517*12\!AIVDM,1,1,,,KkwkwK`1qQA5v4?d,0*7B
\s:66,c:1782377515*10\!AIVDM,1,1,,,K3MBE7aLbrB=>P8h,0*1E
\s:66,c:1782377520*16\!AIVDM,1,1,,,13HOr80P0jmP2pco`F;C0?wj2@Qb,0*6C
\s:66,c:1782377518*1D\!AIVDM,1,1,,,B7Okw=P00:4NaIKJjL;Q3wtQnDWJ,0*5F
\s:66,c:1782377517*12\!AIVDM,1,1,,,19jd79?000P?LK43d=72dTWp08Of,0*65
\s:66,c:1782377519*1C\!AIVDM,1,1,,,KmISN`7v4N3Nt06<,0*7D
\s:66,c:1782377516*13\!AIVDM,1,1,,,KpSJth8SruPheP>H,0*4E
\s:66,c:1782377515*10\!AIVDM,1,1,,,1696kNOP?w<tSF0l4Q@>4?wv0<00,0*01
\s:66,c:1782377506*12\!AIVDM,1,1,,,KlhLc99MBRRw00F8,0*01
\s:66,c:1782377518*1D\!AIVDM,1,1,,,KleJ=aLe5s3<QPOt,0*69
\s:66,c:1782377517*12\!AIVDM,1,1,,,KkwkwK`1qQA5v4?d,0*7B
\s:66,c:1782377518*1D\!AIVDM,1,1,,,C3i<PaP08upIrOuT9FVv;TN0P`UWSkKQaKke:000000000D2RRR0,0*1F
\s:66,c:1782377519*1C\!AIVDM,1,1,,,Ko7Sd41DGTjT=PF8,0*3C
\s:66,c:1782377515*10\!AIVDM,1,1,,,Kp5VekeOME@hkP;l,0*57
\s:66,c:1782377514*11\!AIVDM,1,1,,,17`OGN0000<P2E5brkcPUV=R0D1h,0*60
\s:66,c:1782377513*16\!AIVDM,1,1,,,KpI6f201di?1NUeT,0*5F
\s:66,c:1782377515*10\!AIVDM,1,1,,,19NSGhh028:n9WcrTlweMbub0<06,0*3C
\s:66,c:1782377512*17\!AIVDM,1,1,,,17`OGN0000<P2E5brkcPUV=R0D1h,0*60
\s:66,c:1782377512*17\!AIVDM,1,1,,,Km@?uF0>V;fc?5QL,0*7C
\s:66,c:1782377518*1D\!AIVDM,1,1,,,15@S>Q002O7pLFmkKtpMCred08PS,0*10
\s:66,c:1782377513*16\!AIVDM,1,1,,,Kp5VekeOME@hkP;l,0*57
\s:66,c:1782377514*11\!AIVDM,1,1,,,KmS31L3u4e0cPTmL,0*3D
\s:66,c:1782377512*17\!AIVDM,1,1,,,Km@?uF0>V;fc?5QL,0*7C
\s:66,c:1782377515*10\!AIVDM,1,1,,,Kp5VekeOME@hkP;l,0*57
\s:66,c:1782377513*16\!AIVDM,1,1,,,Kom:5Sg4<EgfGPkl,0*49
\s:66,c:1782377506*12\!AIVDM,1,1,,,B>plqi@00A4lt8K?TRnK9tN4SP06,0*6F
\s:66,c:1782377505*11\!AIVDM,1,1,,,Kkku;B@1>bMuD6e<,0*1E
\s:66,c:1782377513*16\!AIVDM,1,1,,,KpI6f201di?1NUeT,0*5F
\s:66,c:1782377517*12\!AIVDM,1,1,,,19NSr5hu1V4CmCUm6g12>Aod08PJ,0*1A
\s:66,c:1782377512*17\!AIVDM,1,1,,,K3l;gj0@@Mk<70D8,0*14
\s:66,c:1782377519*1C\!AIVDM,1,1,,,Kn9J?7h43i1K`0Ot,0*2E
\s:66,c:1782377514*11\!AIVDM,1,1,,,14`UuT0vidnnqI>M;5iTqCsR853<,0*54
\s:66,c:1782377517*12\!AIVDM,1,1,,,K55vKDH1mVB4nT84,0*57
\s:66,c:1782377514*11\!AIVDM,1,1,,,1;T2uJ`000sQ:`>4job:f:EV00S@,0*17
\s:66,c:1782377520*16\!AIVDM,1,1,,,169>S=@P0ldCT`WnOHA6bgwd2D07,0*78
\s:66,c:1782377517*12\!AIVDM,1,1,,,18Hwgt002<1gOgWdBE7r?8Cb0<0B,0*1B
\s:66,c:1782377517*12\!AIVDM,1,1,,,Kqk07>40@i@Dn0DH,0*74
\s:66,c:1782377519*1C\!AIVDM,1,1,,,Kk`fwNOh;UkmO0Ot,0*73
\s:66,c:1782377514*11\!AIVDM,1,1,,,13F=av700lrR>9wl9OsVemc`0<02,0*38
\s:66,c:1782377512*17\!AIVDM,1,1,,,1:U7AUP006LuewcimWQkDEEV053<,0*45
\s:66,c:1782377507*13\!AIVDM,1,1,,,1815b=P0233LA;Oig1L9>GOH00Rf,0*1E
\s:66,c:1782377511*14\!AIVDM,1,1,,,1774d5002SK;4`r;2uc1fQMP0@Kd,0*5F
\s:66,c:1782377514*11\!AIVDM,1,1,,,13Jr4R0P2hm?CLFI5`UcCpvb00SA,0*05
\s:66,c:1782377517*12\!AIVDM,1,1,,,KqNSBr02:3QLf0c4,0*67
\s:66,c:1782377518*1D\!AIVDM,1,1,,,KmMK2H0;6uT;tS9T,0*50
\s:66,c:1782377512*17\!AIVDM,1,1,,,Kr5dC50=k<ddW03T,0*23
\s:66,c:1782377512*17\!AIVDM,1,1,,,H8dB?iC73JoR222222222222220,2*65
\s:66,c:1782377512*17\!AIVDM,1,1,,,15BCnh002;8<BV5fJHWe6:MN08KU,0*07
\s:66,c:1782377513*16\!AIVDM,1,1,,,34aRv<hOiDOUW8f29C2kKRsV00q@,0*1C
\s:66,c:1782377518*1D\!AIVDM,1,1,,,Kp?OB7fmHogCTPOt,0*6E
\s:66,c:1782377515*10\!AIVDM,1,1,,,H8dB?iC73JoR222222222222220,2*65
\s:66,c:1782377515*10\!AIVDM,1,1,,,B8dB?i@0:IMOtFKHK=h03wv43P06,0*10
\s:66,c:1782377515*10\!AIVDM,1,1,,,B3BbcTP03qK6s;s?FCAi;wv43P06,0*1C
\s:66,c:1782377507*13\!AIVDM,1,1,,,15D2E4002I48MQGmJP`AuiaH00S<,0*44
\s:66,c:1782377513*16\!AIVDM,1,1,,,15@S?0002>42RSGrfw`qdWjt0HMW,0*0E
\s:66,c:1782377504*10\!AIVDM,1,1,,,Kk`e?Mp<vOk?OV:@,0*72
\s:66,c:1782377511*14\!AIVDM,1,1,,,KmNFV8P=@<RmqSVH,0*35
\s:66,c:1782377520*16\!AIVDM,1,1,,,Kp;HIR0DpJ2Q732`,0*4F
\s:66,c:1782377519*1C\!AIVDM,1,1,,,Kn:FR@048qQU?Te8,0*53
\s:66,c:1782377515*10\!AIVDM,1,1,,,19NSN@002jNiI8P<waH6`5Eb0h3?,0*50
\s:66,c:1782377511*14\!AIVDM,1,1,,,H1Dd22hhtpLhTpF09DuV33?WFF0,2*48
\s:66,c:1782377515*10\!AIVDM,1,1,,,14eGmkgPAGG;`AnL3eq=D:Id053<,0*4B
\s:66,c:1782377517*12\!AIVDM,1,1,,,KmShKd0=LR0qpTAp,0*12
\s:66,c:1782377518*1D\!AIVDM,1,1,,,34a2s>5000HdBHN:A=krL6Ih0E0b,0*30
\s:66,c:1782377512*17\!AIVDM,1,1,,,18IoAn02Qu;ujMqq5?>cdqGR0L00,0*03
\s:66,c:1782377520*16\!AIVDM,1,1,,,15QHdh0023<h=6s`wCmI077d0000,0*7F
\s:66,c:1782377517*12\!AIVDM,1,1,,,Kpu:Cq9hc0MPI0:p,0*0D
\s:66,c:1782377517*12\!AIVDM,1,1,,,19NShdh1B40u0fafP54m5D9`0D02,0*27
\s:66,c:1782377519*1C\!AIVDM,1,1,,,Kkcn4Uf0V0k5M16l,0*63
\s:66,c:1782377514*11\!AIVDM,1,1,,,3;DkMj7P01JqGPSmr40v4?wR0Aeu,0*5C
\s:66,c:1782377505*11\!AIVDM,1,1,,,18IRm@001w2gUKskv`c8J6e:053<,0*29
\s:66,c:1782377506*12\!AIVDM,1,1,,,Km3BsU9M4@1rIP;h,0*1F
\s:66,c:1782377515*10\!AIVDM,1,1,,,13Vh4@?1P6Kma76AdB=@cPMT08N2,0*45
\s:66,c:1782377517*12\!AIVDM,1,1,,,KmOBGrP<iS2DTP1`,0*0C
\s:66,c:1782377520*16\!AIVDM,1,1,,,Kl4iIE<4oGS8ATA4,0*3A
\s:66,c:1782377520*16\!AIVDM,1,1,,,Kqt6Uq=Dm2S9t0@D,0*37
\s:66,c:1782377514*11\!AIVDM,1,1,,,19NS<S0129l;>URLVbGkLRiV0<00,0*00
\s:66,c:1782377515*10\!AIVDM,1,1,,,K6:plt05@mgogUkT,0*65
\s:66,c:1782377513*16\!AIVDM,1,1,,,KrU8od0NJsNDvP6t,0*11
\s:66,c:1782377514*11\!AIVDM,1,1,,,19NStD@0iO8;r0Mf33>n5DsV0HO9,0*74
\s:66,c:1782377513*16\!AIVDM,1,1,,,Km?W;v00SfMLwWC8,0*0B
\s:66,c:1782377518*1D\!AIVDM,1,1,,,19NStD@0iO8;r0Mf33>n5DsV0HO9,0*74
\s:66,c:1782377519*1C\!AIVDM,1,1,,,KomF@Lt4bU?sS0UH,0*21
\s:66,c:1782377515*10\!AIVDM,1,1,,,14eG==WP1=sNBw8LRDjl1wwb253<,0*7C
\s:66,c:1782377519*1C\!AIVDM,1,1,,,Kn:LW<P3h1hgQ5`l,0*02
\s:66,c:1782377515*10\!AIVDM,1,1,,,Kkele00?G2QM7V;0,0*17
\s:66,c:1782377514*11\!AIVDM,1,1,,,B>oi:t@0856GvGJc?;5QP0101P06,0*21
\s:66,c:1782377514*11\!AIVDM,1,1,,,C>oi:t@0856GvGJc?;5QP010@a04bNkKQc11SQQ:0001T0H21QR0,0*28
\s:66,c:1782377517*12\!AIVDM,1,1,,,KqNS`4P2Iii`0UhH,0*1A
\s:66,c:1782377517*12\!AIVDM,1,1,,,KlT1hR<1jTj:gP00,0*4B
\s:66,c:1782377517*12\!AIVDM,1,1,,,Km?dVgPC;G1NRP?t,0*72
\s:66,c:1782377515*10\!AIVDM,1,1,,,17h8gj0P01dik>knC@ea:ww`253<,0*55
\s:66,c:1782377514*11\!AIVDM,1,1,,,15CnO@00207qHA9k@=fe?bcV0HO3,0*4C
\s:66,c:1782377517*12\!AIVDM,1,1,,,KlVb5v1@c<uQ1P00,0*5C
\s:66,c:1782377519*1C\!AIVDM,1,1,,,Kk`k2kt08pkgo4dd,0*4E
\s:66,c:1782377519*1C\!AIVDM,1,1,,,KkGROCd03<SVa0Ot,0*6A
\s:66,c:1782377515*10\!AIVDM,1,1,,,H00B;C@4r3;J09DuV33FoSVF220,2*67
\s:66,c:1782377511*14\!AIVDM,1,1,,,KmO:4N4=`9jGFP=0,0*28
\s:66,c:1782377515*10\!AIVDM,1,1,,,KleV421MaAS@0P@0,0*2A
\s:66,c:1782377517*12\!AIVDM,1,1,,,37VMrD?Oh5D<UHf0B:AhGPW`01q@,0*11
\s:66,c:1782377517*12\!AIVDM,1,1,,,Kq@>iI<A?=RB=0Ot,0*5A
\s:66,c:1782377518*1D\!AIVDM,1,1,,,13MCT7@01`GWlLqaPQL:n`Q40<00,0*19
\s:66,c:1782377518*1D\!AIVDM,1,1,,,KmN5qC`:?aTCD06t,0*2D
\s:66,c:1782377517*12\!AIVDM,1,1,,,16T5D:002ANfTk@6nkFFWUCb00S1,0*29
\s:66,c:1782377513*16\!AIVDM,1,1,,,KmVIoL1AjLB;=PB@,0*3D
\s:66,c:1782377515*10\!AIVDM,1,1,,,177<vt001V<E68;aGUvdPrKL0@O3,0*0B
\s:66,c:1782377514*11\!AIVDM,1,1,,,E>lspDO6Pa7W2b@6WWa4W3P0000D7g4@nnHVh10888rP20,4*53
\s:66,c:1782377519*1C\!AIVDM,1,1,,,Kk:QS48?joD0Ia4t,0*55
\s:66,c:1782377506*12\!AIVDM,1,1,,,B>pl;c000A5g7PK5uFn09Vv4SP06,0*20
\s:66,c:1782377515*10\!AIVDM,1,1,,,B>pl6=P0018Ew9sEW1`684v4SP06,0*13
\s:66,c:1782377505*11\!AIVDM,1,1,,,B>pl;c000A5g7PK5uFn09Vv4SP06,0*20
\s:66,c:1782377506*12\!AIVDM,1,1,,,KkLL241vGnkLTP4T,0*6C
\s:66,c:1782377511*14\!AIVDM,1,1,,,KmOBl<QMIj33;0CT,0*3F
\s:66,c:1782377515*10\!AIVDM,1,1,,,KmNM;4UM4>1rD0?H,0*1F
\s:66,c:1782377509*1D\!AIVDM,1,1,,,Kn:??6P4JijEwRhd,0*0F
\s:66,c:1782377519*1C\!AIVDM,1,1,,,Kn?Uk8Pk;n1Q`P=D,0*3C
\s:66,c:1782377513*16\!AIVDM,1,1,,,Kp15RmP1sOAi<0=T,0*77
\s:66,c:1782377518*1D\!AIVDM,1,1,,,Km?dc?h;OESS65Pt,0*38
\s:66,c:1782377514*11\!AIVDM,1,1,,,KqHl>=HN=Vwpe070,0*42
\s:66,c:1782377513*16\!AIVDM,1,1,,,1815K4h11o2GhH3epIBaS7eV0<0>,0*5E
\s:66,c:1782377517*12\!AIVDM,1,1,,,1815J@PvAaPIG;Ke?j<K?HmT0HOL,0*3A
\s:66,c:1782377518*1D\!AIVDM,1,1,,,1;Djgf001WrO5tepLMqoF5kf0L07,0*57
\s:66,c:1782377518*1D\!AIVDM,1,1,,,19NSs8@01LIj`J7w:AlEU4=f0D01,0*60
\s:66,c:1782377515*10\!AIVDM,1,1,,,KqHl>=HN=Vwpe070,0*42
\s:66,c:1782377511*14\!AIVDM,1,1,,,KleH24AM<n3?:PC4,0*24
\s:66,c:1782377518*1D\!AIVDM,1,1,,,Kk:kc>0=d>2sVV@T,0*49
\s:66,c:1782377519*1C\!AIVDM,1,1,,,C0;lrU@00Ugw6LJgH`jBKwv0TNL>@:L?SW7S11111ge:00<2PQ2P,0*29
\s:66,c:1782377519*1C\!AIVDM,1,1,,,B3I8f:005EdFKptNnRROawtP0@R7,0*6E
\s:66,c:1782377517*12\!AIVDM,1,1,,,KksM@=<?bG2mH0Ot,0*3E
\s:66,c:1782377514*11\!AIVDM,1,1,,,16?Umw@022EWII8DJU4K:Hw`08ND,0*09
\s:66,c:1782377513*16\!AIVDM,1,1,,,KpSJ@dQBbf1HiPBp,0*04
\s:66,c:1782377515*10\!AIVDM,1,1,,,KmO?NGP<L;j2J02P,0*63
\s:66,c:1782377518*1D\!AIVDM,1,1,,,177jJa01jIFlTnh7TLc:fpQb08P4,0*72
\s:66,c:1782377515*10\!AIVDM,1,1,,,Kn:9Vm0DNTRB;0Ot,0*34
\s:66,c:1782377513*16\!AIVDM,1,1,,,3:LbST?OiJKMqJ1W?`NKaa7V0000,0*74
\s:66,c:1782377517*12\!AIVDM,1,1,,,KmWN2f0OnS0I00:p,0*7D
\s:66,c:1782377512*17\!AIVDM,1,1,,,KkV9SJ00iTRim0@t,0*5E
\s:66,c:1782377513*16\!AIVDM,1,1,,,Kk@L=L02hcP6GV2D,0*32
\s:66,c:1782377517*12\!AIVDM,1,1,,,Kn?Um2ABbfiHjP=4,0*62
\s:66,c:1782377518*1D\!AIVDM,1,1,,,KleJeSqKMRCVO0Cd,0*31
\s:66,c:1782377518*1D\!AIVDM,1,1,,,KqNS:eh<:9AIL6AP,0*2B
\s:66,c:1782377515*10\!AIVDM,1,1,,,16:<Tr0P0e<RpDAtRT=Fs?wb00Rw,0*1B
\s:66,c:1782377515*10\!AIVDM,1,1,,,Kkku;5dOwkSWn0>D,0*40
\s:66,c:1782377515*10\!AIVDM,1,1,,,KkMB:P<?t`l1nPDD,0*56
\s:66,c:1782377519*1C\!AIVDM,1,1,,,Kk=pA@04MKgKQ6it,0*5F
\s:66,c:1782377506*12\!AIVDM,1,1,,,C19JulP00aJhObKGFteQSwP0HTjkigiKciKeS;11111000000020,0*71
\s:66,c:1782377515*10\!AIVDM,1,1,,,C>jptt@03aBSi:KVDW;=cwP1eekKQSKki;11111111100080Q0R0,0*47
\s:66,c:1782377513*16\!AIVDM,1,1,,,Kk@L=L02hcP6GV2D,0*32
\s:66,c:1782377513*16\!AIVDM,1,1,,,13e<C4011t4Q0iUmK9VaI7IL0D02,0*43
\s:66,c:1782377515*10\!AIVDM,1,1,,,KmO0Ic`MU6QFN0?8,0*34
\s:66,c:1782377515*10\!AIVDM,1,1,,,KmN`aJ<=402HfS7t,0*4D
\s:66,c:1782377519*1C\!AIVDM,1,1,,,Kn:5Ff0D5KASc0A`,0*07
\s:66,c:1782377518*1D\!AIVDM,1,1,,,1815bo0020mTjA>IwlODIkMf0@PT,0*6D
\s:66,c:1782377513*16\!AIVDM,1,1,,,13l3o1@01mv:fa`;tpwiWQEF08N4,0*35
\s:66,c:1782377514*11\!AIVDM,1,1,,,14`?2r0vk4nHJ4JOr9R>1h5N853<,0*3E
\s:66,c:1782377516*13\!AIVDM,1,1,,,19NSf?P0jHl2uUnGNFsbd8Mb053<,0*5E
\s:66,c:1782377514*11\!AIVDM,1,1,,,B4hQ>t000383NHJfa0uOulI1VDm:,0*0F
\s:66,c:1782377515*10\!AIVDM,1,1,,,KmO@2K9KP@SEd01L,0*6A
\s:66,c:1782377512*17\!AIVDM,1,1,,,B4hQ>t000383NHJfa0uOulI1VDm:,0*0F
\s:66,c:1782377513*16\!AIVDM,1,1,,,1:LR1ghP00sikRGd`Q6f4?wV2D0O,0*5E
\s:66,c:1782377512*17\!AIVDM,1,1,,,B8dB?h@04qMC3UKHBCV>7wv43P06,0*3C
\s:66,c:1782377512*17\!AIVDM,1,1,,,H8dB?hC73Jo7:22222222222220,2*09
\s:66,c:1782377514*11\!AIVDM,1,1,,,169>dCOP0B6@P?qfJk=beOw`00R:,0*08
\s:66,c:1782377513*16\!AIVDM,1,1,,,1815:q@0010e2=:1fNgjA6WR0@Lv,0*1C
\s:66,c:1782377513*16\!AIVDM,1,1,,,15Uc;:?P000`9IWwCnG6igwT00RP,0*48
\s:66,c:1782377517*12\!AIVDM,1,1,,,35Vh9>0PAJPoLQQsb849K7IV016@,0*70
\s:66,c:1782377518*1D\!AIVDM,1,1,,,19NSpJ@vjcJB5eUs1wlUVlQ`0<03,0*72
\s:66,c:1782377515*10\!AIVDM,1,1,,,H8dB?hD0BCP00012?ijklm:80000,0*24
\s:66,c:1782377518*1D\!AIVDM,1,1,,,KmNbHv=M4CQv8POt,0*20
\s:66,c:1782377517*12\!AIVDM,1,1,,,KmNVk?c<bdjFWR2@,0*0F
\s:66,c:1782377502*16\!AIVDM,1,1,,,I>CQlVAosWM51tmDrGIgJMJwB4mU,0*49
\s:66,c:1782377520*16\!AIVDM,1,1,,,Kn:>sJQDDCRk`0:L,0*72
\s:66,c:1782377516*13\!AIVDM,1,1,,,18I<D`002o:HCbDH=p>jKiu`053<,0*19
\s:66,c:1782377515*10\!AIVDM,1,1,,,155g2tP01lNi0@6;tDGFnEMb08Nf,0*05
\s:66,c:1782377514*11\!AIVDM,1,1,,,34`UvQPvj2nO8QlP=VElMkO`82pA,0*08
\s:66,c:1782377511*14\!AIVDM,1,1,,,KmUGE`0ENaNLd010,0*7B
\s:66,c:1782377512*17\!AIVDM,1,1,,,169L0c@P0DoQWWQn@U79WOwP20Rc,0*34
\s:66,c:1782377512*17\!AIVDM,1,1,,,B6<f`A@0?=6wpkwOcC2VGwo6SP06,0*50
\s:66,c:1782377512*17\!AIVDM,1,1,,,KkmdrR1NJsvDk0=P,0*2C
\s:66,c:1782377513*16\!AIVDM,1,1,,,19NSdU@01MLd527jAJvQoiKP0<2m,0*5F
\s:66,c:1782377513*16\!AIVDM,1,1,,,Kn:EfW1A1K=U<000,0*62
\s:66,c:1782377517*12\!AIVDM,1,1,,,13n4b400262LG8kf@A6IR7ab0<07,0*72
\s:66,c:1782377519*1C\!AIVDM,1,1,,,KpuFsI1hWceVeQn0,0*61
\s:66,c:1782377515*10\!AIVDM,1,1,,,Kk9r7N<0B6Cc537`,0*7C
\s:66,c:1782377515*10\!AIVDM,1,1,,,KkIbdn1h2uScr1?d,0*50
\s:66,c:1782377513*16\!AIVDM,1,1,,,KomRMq>lNLOac1wt,0*6F
\s:66,c:1782377518*1D\!AIVDM,1,1,,,Kom@;lwlDAP3cP<t,0*3F
\s:66,c:1782377517*12\!AIVDM,1,1,,,19NSgi02ArUBQe3vfPfa4o?f00SJ,0*01
\s:66,c:1782377518*1D\!AIVDM,1,1,,,K4`NGH1M`;RGGPF0,0*6A
\s:66,c:1782377517*12\!AIVDM,1,1,,,B6<f`A@0?=6wpkwOcC2VGwo6SP06,0*50
\s:66,c:1782377515*10\!AIVDM,1,1,,,18I:DP0030Ngu5N<W6eoTn3`0D20,0*65
\s:66,c:1782377517*12\!AIVDM,1,1,,,13P<loC2@CNNCI>:JQL7Uhmd0<0T,0*4A
\s:66,c:1782377514*11\!AIVDM,1,1,,,17`B3np00JC<ETWVqsePP0?V0@Nf,0*2D
\s:66,c:1782377518*1D\!AIVDM,1,1,,,KmO2q8c<KOj2L0<l,0*5A
\s:66,c:1782377517*12\!AIVDM,1,1,,,KmIMD61Mgk0itP4<,0*32
\s:66,c:1782377512*17\!AIVDM,1,1,,,17`BIV0P00dP00ibrjKf4?wR20SV,0*1F
\s:66,c:1782377519*1C\!AIVDM,1,1,,,1815N3@v1f32fTMgrcdaeGWj0<08,0*60
\s:66,c:1782377518*1D\!AIVDM,1,1,,,344iDrP00W:ACw2O>m7=o09j00l1,0*36
\s:66,c:1782377514*11\!AIVDM,1,1,,,402M6CAvad`kj0iGKLea2=?028Mn,0*0E
\s:66,c:1782377511*14\!AIVDM,1,1,,,KpV`f@25aD0rsUAt,0*3F
\s:66,c:1782377512*17\!AIVDM,1,1,,,19NSpT02RIFvKvD=np=4>3ET053<,0*3A
\s:66,c:1782377515*10\!AIVDM,1,1,,,KpV`f@25aD0rsUAt,0*3F
\s:66,c:1782377515*10\!AIVDM,1,1,,,Kkgeon<?7kli903t,0*50
\s:66,c:1782377515*10\!AIVDM,1,1,,,KkP=jf0h214AQP9L,0*7C
\s:66,c:1782377517*12\!AIVDM,1,1,,,Kp:l5D=DN7@PFP00,0*7D
\s:66,c:1782377518*1D\!AIVDM,1,1,,,Kld7a40<qt@294Wp,0*17
\s:66,c:1782377513*16\!AIVDM,1,1,,,Kolog<C3rPgSHP:T,0*0B
\s:66,c:1782377517*12\!AIVDM,1,1,,,H1OGQ1@C7222222222222222220,2*42
\s:66,c:1782377518*1D\!AIVDM,1,1,,,169FTD>P0ql@DV7pt7IDqgwf053<,0*1A
\s:66,c:1782377518*1D\!AIVDM,1,1,,,B1OGQ1@08=Vrr4uq@aEgCwv43P06,0*7F
\s:66,c:1782377518*1D\!AIVDM,1,1,,,H1OGQ1D0BCP00012?ijklm3p0000,0*75
\s:66,c:1782377507*13\!AIVDM,1,1,,,144SOGP00B;DK>dQdjqA`rmH00SK,0*31
\s:66,c:1782377513*16\!AIVDM,1,1,,,Ko0Og426`>6bTOwv,0*7B
\s:66,c:1782377512*17\!AIVDM,1,1,,,C1U9N3001c4l4kuh9ne0KwP0L:aKgegGSKei;111111000000020,0*71
\s:66,c:1782377517*12\!AIVDM,1,1,,,3815ApP01i2L1iWen9rBOiwd04Q3,0*41
\s:66,c:1782377512*17\!AIVDM,1,1,,,17tKfS02ApM2mLejwQ?ieAMN0@M2,0*51
\s:66,c:1782377518*1D\!AIVDM,1,1,,,144dRUW001;FFthND24f3h1f2L00,0*6C
\s:66,c:1782377518*1D\!AIVDM,1,1,,,152eDP700Kk?;gBMS0I:`HGh0HPO,0*2B
\s:66,c:1782377513*16\!AIVDM,1,1,,,1?wwwwwP05Nh<vb8IaT6N?wT2D2P,0*71
\s:66,c:1782377513*16\!AIVDM,1,1,,,K99EPf0BM>Ag@08D,0*74
\s:66,c:1782377512*17\!AIVDM,1,1,,,H3MCKa0<58Tp622222222222220,2*2B
\s:66,c:1782377512*17\!AIVDM,1,1,,,Kp15OH0MuWeK>P0T,0*24
\s:66,c:1782377513*16\!AIVDM,1,1,,,15?dV6001F1BwIMdD7:nKDuR0L0d,0*6C
\s:66,c:1782377517*12\!AIVDM,1,1,,,Kp157OP@FH0B>P6h,0*7C
\s:66,c:1782377518*1D\!AIVDM,1,1,,,39N`1N0030IEhj@7R6`;MIAd07AS,0*4D
\s:66,c:1782377519*1C\!AIVDM,1,1,,,Koloh8n46q?Qw1k8,0*76
\s:66,c:1782377511*14\!AIVDM,1,1,,,KmO6t51MC8C7`P@P,0*2A
\s:66,c:1782377517*12\!AIVDM,1,1,,,KmO6t51MC8C7`P@P,0*2A
\s:66,c:1782377502*16\!AIVDM,1,1,,,KkaeA`1@;MS;T04D,0*19
\s:66,c:1782377519*1C\!AIVDM,1,1,,,KpLg5G43eDhs5PCd,0*7A
\s:66,c:1782377516*13\!AIVDM,1,1,,,KqN`3h09r63w7Uhh,0*43
\s:66,c:1782377513*16\!AIVDM,1,1,,,KpHwBa8>IJBpSUTp,0*55
\s:66,c:1782377514*11\!AIVDM,1,1,,,KqN`3h09r63w7Uhh,0*43
\s:66,c:1782377514*11\!AIVDM,1,1,,,16K5Hj7OhT;BCEe`ALWeE:ad00Rm,0*78
\s:66,c:1782377517*12\!AIVDM,1,1,,,Km5>5TP1k2226Si<,0*23
\s:66,c:1782377517*12\!AIVDM,1,1,,,Ko0ATl1B111m;P:8,0*4C
\s:66,c:1782377512*17\!AIVDM,1,1,,,37PCwH5000dcwUOmm9i6b;3R2E9J,0*7A
\s:66,c:1782377520*16\!AIVDM,1,1,,,15Ru>F001pCKMsQtIS`BMAwb00Rm,0*70
\s:66,c:1782377513*16\!AIVDM,1,1,,,19NSHVh023w3J@R415es=a1J0@Li,0*7D
\s:66,c:1782377515*10\!AIVDM,1,1,,,KpHwBa8>IJBpSUTp,0*55
\s:66,c:1782377505*11\!AIVDM,1,1,,,Kqcpo@21A`vS4P9<,0*07
\s:66,c:1782377515*10\!AIVDM,1,1,,,KpHwBa8>IJBpSUTp,0*55
\s:66,c:1782377517*12\!AIVDM,1,1,,,Kn5KIb5AncirkP6H,0*30
\s:66,c:1782377519*1C\!AIVDM,1,1,,,C3PD<6ul0etCOOuw7NJ9owP0PBL?0`2C0TNL?1WSiKb000D2RRR0,0*4A
\s:66,c:1782377512*17\!AIVDM,1,1,,,1bu0L3101OIPKWcwsnR9>W;L0000,0*08
\s:66,c:1782377515*10\!AIVDM,1,1,,,Kk@pT@H0GH4=vOg8,0*7B
\s:66,c:1782377513*16\!AIVDM,1,1,,,KolcMAOlUKP6hP;t,0*6C
\s:66,c:1782377518*1D\!AIVDM,1,1,,,C69D;rP0>5v`7UMjVnML;wv08NL>jcScUf1f00000000?0t?130P,0*52
\g:1-2-5199787,s:66,c:1782377518*53\!AIVDM,2,1,7,,569D;r`000009cIIT00@tpN1UF37G;L00000000N1pN2600Ht0000000,0*6F
\g:2-2-5199787*61\!AIVDM,2,2,7,,000000000000000,2*62
\s:66,c:1782377518*1D\!AIVDM,1,1,,,15Nb@d700Ml;mq2OP4VjtRsj0HQR,0*3B
\s:66,c:1782377515*10\!AIVDM,1,1,,,KnSwqL;l`SjM80AT,0*05
\s:66,c:1782377520*16\!AIVDM,1,1,,,404pkRivad`kodVP71bMipk028PG,0*74
\s:66,c:1782377512*17\!AIVDM,1,1,,,Kn9>VmgujstaETcL,0*5E
\s:66,c:1782377513*16\!AIVDM,1,1,,,Kp15WKh?qCPEMQPP,0*28
\s:66,c:1782377517*12\!AIVDM,1,1,,,Kn9;iwP4GwRisPOt,0*29
\s:66,c:1782377514*11\!AIVDM,1,1,,,B52O8gh015I;kO8bCQP>WwpUoP06,0*22
\s:66,c:1782377514*11\!AIVDM,1,1,,,13AL3H001LLC`HLTb1NP>07R0`M@,0*2A
\s:66,c:1782377513*16\!AIVDM,1,1,,,Kn?Uj3QBWD1Qk0>L,0*38
\s:66,c:1782377515*10\!AIVDM,1,1,,,KmM7HT<dQcR9DPOt,0*09
\s:66,c:1782377518*1D\!AIVDM,1,1,,,36::WoP1P=FcR`Kol@d;OQ1V0140,0*6A
\s:66,c:1782377518*1D\!AIVDM,1,1,,,18LVTV01A`6>FHwiwQdRWR7j0<00,0*0A
\s:66,c:1782377517*12\!AIVDM,1,1,,,K9jksR00C90D106h,0*64
\s:66,c:1782377514*11\!AIVDM,1,1,,,Kru0RKt=2?gmhPOt,0*4F
\s:66,c:1782377519*1C\!AIVDM,1,1,,,KomROSt4DFh;k0Bd,0*0C
\s:66,c:1782377515*10\!AIVDM,1,1,,,C>l7>:@09QIqq3sILTehkwoQkkaSeiWeS111111111bd0040PPRP,0*44
\s:66,c:1782377515*10\!AIVDM,1,1,,,376s6k001jScdN9cn<M3<BSP036i,0*6D
\s:66,c:1782377519*1C\!AIVDM,1,1,,,C6::WoP03EbpaTuu4<noswv0@:L?0@NL?1b000000000S4H@440P,0*78
\s:66,c:1782377519*1C\!AIVDM,1,1,,,36::WoPrh>FcRWgol@fsS@wh0000,0*33
\s:66,c:1782377520*16\!AIVDM,1,1,,,Kn:5pe=DLGjmv0Ot,0*50
\s:66,c:1782377515*10\!AIVDM,1,1,,,Kp15:lP?GQ1`h5=0,0*76
\s:66,c:1782377514*11\!AIVDM,1,1,,,14eGkl@000ncAa<O4?dP7a5P0HLw,0*26
\s:66,c:1782377516*13\!AIVDM,1,1,,,15N;A@0P1?FrF7hM3MFL<gwb0<0J,0*55
\s:66,c:1782377513*16\!AIVDM,1,1,,,Kn;LqR1BbtiHl06l,0*54
\s:66,c:1782377511*14\!AIVDM,1,1,,,37pS100Oiu<MnvR06nfV;5?D010h,0*6D
\s:66,c:1782377514*11\!AIVDM,1,1,,,1815SL@1BB7dLT1kmuEGBUuV0D00,0*4F
\s:66,c:1782377517*12\!AIVDM,1,1,,,KpI;5E01BKf;vUT8,0*44
\s:66,c:1782377506*12\!AIVDM,1,1,,,KmOCDWaM?q2s?09p,0*3B
\s:66,c:1782377511*14\!AIVDM,1,1,,,1815CE0wQptBOBjG6PRIQGUH0D02,0*1C
\s:66,c:1782377515*10\!AIVDM,1,1,,,KleHE89Mbr3ALP;D,0*65
\s:66,c:1782377515*10\!AIVDM,1,1,,,19t6T8s001Nt:E85q0rk7jUb053<,0*73
\s:66,c:1782377514*11\!AIVDM,1,1,,,15N:WagP00ECse8RITs07wwT00SJ,0*48
\s:66,c:1782377514*11\!AIVDM,1,1,,,1815JK`2Aqrwjn`<sD`auGwP08N3,0*02
\s:66,c:1782377515*10\!AIVDM,1,1,,,39NSj406Bj<J:4Og0hFC9Bi`01:P,0*14
\s:66,c:1782377506*12\!AIVDM,1,1,,,KmO9ME9Lo1jkF08t,0*2F
\s:66,c:1782377515*10\!AIVDM,1,1,,,KmNV<f`=45ipl0Ah,0*33
\s:66,c:1782377513*16\!AIVDM,1,1,,,15W2AH00i7NhL4V8IRv3bRoV0<2T,0*5C
\s:66,c:1782377512*17\!AIVDM,1,1,,,KsNp>dQMuaMKCP;d,0*79
\s:66,c:1782377516*13\!AIVDM,1,1,,,Kn:dsG04L>QSkT3t,0*24
\s:66,c:1782377513*16\!AIVDM,1,1,,,KoldLh<D2SgOU0@d,0*1F
\s:66,c:1782377506*12\!AIVDM,1,1,,,H00ABB@4r3J09DuV33VoORF2220,2*1D
\s:66,c:1782377506*12\!AIVDM,1,1,,,B00ABB@00PuuIks:66,0*74
\s:66,c:1782377515*10\!AIVDM,1,1,,,B6<fir03ws?8mP=18D3Q3wj6SP06,0*60
\s:66,c:1782377507*13\!AIVDM,1,1,,,KmOSTb7r10T1:P98,0*21
\s:66,c:1782377513*16\!AIVDM,1,1,,,Ko1=E2821SinL05d,0*7A
\s:66,c:1782377515*10\!AIVDM,1,1,,,1815`Qh01l:F0eqonh7EvTiR00T4,0*64
\s:66,c:1782377512*17\!AIVDM,1,1,,,B7`Nle00@S1967tuG@L7WwpQh8Lm,0*22
\s:66,c:1782377514*11\!AIVDM,1,1,,,1776@o002?6jD<Wos43BA1o`0<00,0*1B
\s:66,c:1782377506*12\!AIVDM,1,1,,,KkL25r0=WgAFKSht,0*40
\s:66,c:1782377511*14\!AIVDM,1,1,,,KmNFjr;=0q2pMR>@,0*35
\s:66,c:1782377512*17\!AIVDM,1,1,,,15O:CN001dl;j<8OEl?Ag1MN0L0A,0*37
\s:66,c:1782377514*11\!AIVDM,1,1,,,KkePWn8:sCDCg`C8,0*02
\s:66,c:1782377514*11\!AIVDM,1,1,,,1815aMh01FC=1=WWd3:lFC;b0HNm,0*1D
\s:66,c:1782377517*12\!AIVDM,1,1,,,KkwmjA@BrbPPfP<p,0*1E
\s:66,c:1782377511*14\!AIVDM,1,1,,,18?O@:0P00bKK5mu1=bbK?w@2D0e,0*27
\s:66,c:1782377514*11\!AIVDM,1,1,,,KmI@Kp0=jiPghPit,0*6F
\s:66,c:1782377517*12\!AIVDM,1,1,,,19NSCDS0@0KtV8H4RGAWe2md053<,0*1C
\s:66,c:1782377512*17\!AIVDM,1,1,,,36SdBV?OhCnoAcp10s5;f:c001vP,0*1D
\s:66,c:1782377515*10\!AIVDM,1,1,,,KnTslL04PnB7f5eL,0*70
\s:66,c:1782377520*16\!AIVDM,1,1,,,17`OAi?P00dOu:qbroWN4?wh2<00,0*60
\s:66,c:1782377513*16\!AIVDM,1,1,,,177>wn001VKlNCidD9dEp4eT0L0w,0*23
\s:66,c:1782377517*12\!AIVDM,1,1,,,18I5F902ig1`mSqcuPFS<jab053<,0*73
\s:66,c:1782377517*12\!AIVDM,1,1,,,15Dlg`002W00AP02posj`B7b08Oe,0*69
\s:66,c:1782377514*11\!AIVDM,1,1,,,19NS@m0vipI;Dv<6OetTvSoV053<,0*56
\s:66,c:1782377514*11\!AIVDM,1,1,,,15?@7J0P0;J<Qm9n8aG;7GK`0<00,0*65
\s:66,c:1782377518*1D\!AIVDM,1,1,,,KqNSD5DEJsfSjP3H,0*7D
\s:66,c:1782377512*17\!AIVDM,1,1,,,Kkn@s>00Ia4:H3m8,0*2C
\s:66,c:1782377519*1C\!AIVDM,1,1,,,Kn:E?jSl:WQOm0@@,0*79
\s:66,c:1782377512*17\!AIVDM,1,1,,,15OR6r?000DCv5<OI?@AwE7V08MN,0*2D
\s:66,c:1782377516*13\!AIVDM,1,1,,,Kp15at@6Fw3PIUU8,0*18
\s:66,c:1782377513*16\!AIVDM,1,1,,,KqGod;8BMEAfpP9`,0*06
\s:66,c:1782377517*12\!AIVDM,1,1,,,KmC6`h0>5DB;gVh@,0*23
\s:66,c:1782377515*10\!AIVDM,1,1,,,KnK2p4@4qeBQE0?L,0*0A
\s:66,c:1782377514*11\!AIVDM,1,1,,,H6<g8o@`Tr1<QT4pN1TTR0pw;SP,2*7F
\s:66,c:1782377515*10\!AIVDM,1,1,,,KlVW>H1@L:46DPF8,0*58
\s:66,c:1782377516*13\!AIVDM,1,1,,,KlSoPB<4GgA1rR;D,0*69
\s:66,c:1782377513*16\!AIVDM,1,1,,,Koloc0T3r`OSp2;P,0*53
\s:66,c:1782377515*10\!AIVDM,1,1,,,H6<g8o@`Tr1<QT4pN1TTR0pw;SP,2*7F
\s:66,c:1782377515*10\!AIVDM,1,1,,,KmC6`h0>5DB;gVh@,0*23
\s:66,c:1782377517*12\!AIVDM,1,1,,,Klu=lJ1LhD19U08H,0*62
\s:66,c:1782377519*1C\!AIVDM,1,1,,,Kn:?jEP4HOimW5PD,0*79
\s:66,c:1782377514*11\!AIVDM,1,1,,,4030p:1vad`kjnoL7vM0Jg700<1A,0*2E
\s:66,c:1782377514*11\!AIVDM,1,1,,,18I772000E<R2QKc4QbjQTm`0L0C,0*2F
\s:66,c:1782377520*16\!AIVDM,1,1,,,18I772000E<R2QKc4QbjQTm`0L0C,0*2F
\s:66,c:1782377512*17\!AIVDM,1,1,,,Kn9EHfouiRtV0PD@,0*77
\s:66,c:1782377512*17\!AIVDM,1,1,,,Km@`T7@NQofPP0B`,0*46
\s:66,c:1782377514*11\!AIVDM,1,1,,,36K7i880127L5CWe0bcKA8qb00r@,0*59
\s:66,c:1782377513*16\!AIVDM,1,1,,,19NSP0h02:1v8nmd?kTbB87N0@M1,0*37
\s:66,c:1782377517*12\!AIVDM,1,1,,,18;S58001TOakdB2C1eJHp?`08O7,0*75
\s:66,c:1782377518*1D\!AIVDM,1,1,,,KomFAALDF>gHMP00,0*2A
\s:66,c:1782377506*12\!AIVDM,1,1,,,1815O5h02@reQl:ATp:iWAAL0<02,0*09
\s:66,c:1782377518*1D\!AIVDM,1,1,,,KmNgcp4=BWjvk0AH,0*29
\s:66,c:1782377512*17\!AIVDM,1,1,,,K44tK<06OBTT7058,0*2E
\s:66,c:1782377512*17\!AIVDM,1,1,,,19NSFHh01slLl:lMg71SVjpt08Kh,0*10
\s:66,c:1782377514*11\!AIVDM,1,1,,,14eGkdO000G4aIFL:e`M0huR0@M5,0*64
\s:66,c:1782377514*11\!AIVDM,1,1,,,Dh3QiW@dlVfpE1F2lEuF2l0,2*69
\s:66,c:1782377516*13\!AIVDM,1,1,,,KmOFo1eKPr2iOPOt,0*65
\s:66,c:1782377515*10\!AIVDM,1,1,,,KmNeJE7tSwj;EP8L,0*32
\s:66,c:1782377515*10\!AIVDM,1,1,,,KmOFo1eKPr2iOPOt,0*65
\s:66,c:1782377515*10\!AIVDM,1,1,,,169>KsPP0qdCPLGo>QSDowwT2<0:,0*4A
\s:66,c:1782377520*16\!AIVDM,1,1,,,15RCql0033<VIcifHmdMhJqj0HQo,0*53
\s:66,c:1782377514*11\!AIVDM,1,1,,,H7Oj2a10uLE90h5T00000000000,2*21
\s:66,c:1782377517*12\!AIVDM,1,1,,,19NSU3h12O28PIae4K>9`okP0<0=,0*6A
\s:66,c:1782377516*13\!AIVDM,1,1,,,Kp15bh04;lQ2o6RT,0*3D
\s:66,c:1782377516*13\!AIVDM,1,1,,,Kn:4SqP4Ms28dSn0,0*57
\s:66,c:1782377518*1D\!AIVDM,1,1,,,3EDHjT1000JCs=254oDTO@i40000,0*7B
\s:66,c:1782377516*13\!AIVDM,1,1,,,K44t4TP5Q=T?J4g@,0*03
\s:66,c:1782377515*10\!AIVDM,1,1,,,19NSS2`000vwnN65m:VVSieb0@OT,0*60
\s:66,c:1782377517*12\!AIVDM,1,1,,,19NSRVP02FN3HPj0KDm;u9mb08P;,0*24
\s:66,c:1782377517*12\!AIVDM,1,1,,,14R8v4001RNkN1f5aA>58D3f053<,0*28
\s:66,c:1782377517*12\!AIVDM,1,1,,,K5W3Cj>wG:A4j0Ot,0*74
\s:66,c:1782377517*12\!AIVDM,1,1,,,KkEjSSQn`>6bTOwv,0*47
\s:66,c:1782377514*11\!AIVDM,1,1,,,17`BHegP00<Ote5brrGf4?w`00Rt,0*77
\s:66,c:1782377514*11\!AIVDM,1,1,,,KpJ@7d0=4`hGu70l,0*6D
\s:66,c:1782377517*12\!AIVDM,1,1,,,Kl`V0g`uoN@lE2B8,0*34
\s:66,c:1782377515*10\!AIVDM,1,1,,,KnSr;dcla@je=0DD,0*10
\s:66,c:1782377515*10\!AIVDM,1,1,,,Kl4Vh<`E>GCJgP0d,0*40
\s:66,c:1782377515*10\!AIVDM,1,1,,,404uI<ivad`kldhjFGm`>5G00@O1,0*32
\s:66,c:1782377520*16\!AIVDM,1,1,,,B6<fqtP0<5=1:<N@?NdbCwsUkP06,0*79
\s:66,c:1782377517*12\!AIVDM,1,1,,,18HwA50vS12IK=QdovujvBCb0@Oi,0*7C
\s:66,c:1782377519*1C\!AIVDM,1,1,,,1772il0wje21t7Se42Aa5oAd00Si,0*3C
\s:66,c:1782377519*1C\!AIVDM,1,1,,,177U@4002OO>hqf0Nj1Ub4KP0D01,0*4C
\s:66,c:1782377519*1C\!AIVDM,1,1,,,Kk3F<`?w3mRhpPOt,0*59
\s:66,c:1782377513*16\!AIVDM,1,1,,,Kom=1d<4B1wqo0Dl,0*4C
\s:66,c:1782377505*11\!AIVDM,1,1,,,K8RClM01Oaw>eQE`,0*53
\s:66,c:1782377511*14\!AIVDM,1,1,,,Kp19<daMc2SAF03H,0*6E
\s:66,c:1782377507*13\!AIVDM,1,1,,,15RUbR001P<4VjHEC<E`jW=H053<,0*14
\s:66,c:1782377512*17\!AIVDM,1,1,,,15OCcFP00Vl;BAFRIh3=FroN0<05,0*3F
\s:66,c:1782377518*1D\!AIVDM,1,1,,,Ko76;j065lBfwVU0,0*2C
\s:66,c:1782377517*12\!AIVDM,1,1,,,18I=dQ001nNeGgp9Ia<715Sj0@Q9,0*34
\s:66,c:1782377515*10\!AIVDM,1,1,,,19NS`AP01;<ebK=sO3m4uSsb053<,0*1F
\s:66,c:1782377515*10\!AIVDM,1,1,,,KkiAqK`0823roPE8,0*0C
\s:66,c:1782377515*10\!AIVDM,1,1,,,Kp19@Nh@2njncP=D,0*60
\s:66,c:1782377519*1C\!AIVDM,1,1,,,I>CQljQosWM51tmDCGIgJMJwB4mU,0*54
\s:66,c:1782377518*1D\!AIVDM,1,1,,,1;DjokS01jrTC0anK>9FlmEf2D02,0*79
\s:66,c:1782377517*12\!AIVDM,1,1,,,1815PU001b3Q4suj0UB2F21d08PO,0*25
\s:66,c:1782377504*10\!AIVDM,1,1,,,Km3QwV0=;uQk@P4`,0*3F
\s:66,c:1782377506*12\!AIVDM,1,1,,,KmN`:S8M:E1mG08p,0*6F
\s:66,c:1782377515*10\!AIVDM,1,1,,,K5`I?m0=3sAprP0`,0*6C
\s:66,c:1782377515*10\!AIVDM,1,1,,,KlhK;L1M4HQuI0AL,0*44
\s:66,c:1782377517*12\!AIVDM,1,1,,,KlS7N48=23j=TV`0,0*5F
\s:66,c:1782377519*1C\!AIVDM,1,1,,,Km?djT0;ifO1hPj@,0*4C
\s:66,c:1782377519*1C\!AIVDM,1,1,,,Kp154Hh3>DQHqUCT,0*2F
\s:66,c:1782377512*17\!AIVDM,1,1,,,19NSQOh2QnDl=IJLPdvrBpAL053<,0*56
\s:66,c:1782377514*11\!AIVDM,1,1,,,KleG<kmKNnCS10Ad,0*07
\s:66,c:1782377511*14\!AIVDM,1,1,,,Kl`V:w05DMOgMWC@,0*06
\s:66,c:1782377515*10\!AIVDM,1,1,,,Km2d6H?<e1B<V0ED,0*27
\s:66,c:1782377515*10\!AIVDM,1,1,,,KleG<kmKNnCS10Ad,0*07
\s:66,c:1782377515*10\!AIVDM,1,1,,,186tuH0000<Ge`@0jw4h<7wV0@NC,0*09
\s:66,c:1782377519*1C\!AIVDM,1,1,,,35SaFT03iu0VQkMdq6ILobEf02sA,0*77
\s:66,c:1782377519*1C\!AIVDM,1,1,,,1815Th01AL26rLoe<?n2oB1j053<,0*49
\s:66,c:1782377516*13\!AIVDM,1,1,,,Kn:=rR0DAb1dm0Ot,0*01
\s:66,c:1782377516*13\!AIVDM,1,1,,,KotKqmPD>6hHa03l,0*52
\s:66,c:1782377518*1D\!AIVDM,1,1,,,Kli9bL0=:CBJ?6RP,0*49
\s:66,c:1782377518*1D\!AIVDM,1,1,,,15AkTF001qrSwG8><v;o:5ed88Pe,0*29
\s:66,c:1782377518*1D\!AIVDM,1,1,,,KmNB`K<=0nj>L0@0,0*61
\s:66,c:1782377517*12\!AIVDM,1,1,,,1815EK@0icFOSgD=vQRT1C<r0HLl,0*1F
\s:66,c:1782377512*17\!AIVDM,1,1,,,KkMnK>9OwMSfA0;@,0*62
\s:66,c:1782377513*16\!AIVDM,1,1,,,Kp15?V@?l:RaI0=`,0*0F
\s:66,c:1782377518*1D\!AIVDM,1,1,,,KmNCq=;<UK2=dPD<,0*5A
\s:66,c:1782377513*16\!AIVDM,1,1,,,KrU78oT>QhvPu3RT,0*5E
\s:66,c:1782377518*1D\!AIVDM,1,1,,,19NSeT@1Qm8JUOwcbI3Jb`Kf053<,0*05
\s:66,c:1782377513*16\!AIVDM,1,1,,,18ue2`700UQH`aucQm>d<:eP253<,0*1D
\s:66,c:1782377515*10\!AIVDM,1,1,,,Kp15?V@?l:RaI0=`,0*0F
\s:66,c:1782377514*11\!AIVDM,1,1,,,16;QRJ001KJ=uK5sN<bEQ4M40@LD,0*56
\s:66,c:1782377515*10\!AIVDM,1,1,,,KrU78oT>QhvPu3RT,0*5E
\s:66,c:1782377513*16\!AIVDM,1,1,,,Kolk5RH4@POSNS4p,0*0A
\s:66,c:1782377506*12\!AIVDM,1,1,,,C>ljbl@01PttcJK36kJ3;wkQkkaiiQUQk111111111jd0040PPRP,0*66
\s:66,c:1782377511*14\!AIVDM,1,1,,,13e<7F002>JroP>@>m@D`kiL0@L9,0*44
\s:66,c:1782377512*17\!AIVDM,1,1,,,19NS5OR001:4W7PL<MlQ14UN0<0d,0*13
\s:66,c:1782377515*10\!AIVDM,1,1,,,Kkoe=N0?`OS8LVa0,0*3E
\s:66,c:1782377514*11\!AIVDM,1,1,,,1EMLlV?P1:o77I4Jl1F`Pww`0000,0*5F
\s:66,c:1782377517*12\!AIVDM,1,1,,,KkAj9L82`ohs6WC4,0*11
\s:66,c:1782377511*14\!AIVDM,1,1,,,KoPFJ404jc?5WP<p,0*67
\s:66,c:1782377515*10\!AIVDM,1,1,,,14eGTqPPADo:4@NL8t`KJ`Sb0`OA,0*61
\s:66,c:1782377518*1D\!AIVDM,1,1,,,KmO5Ld<<cGj9c0Ot,0*0C
\s:66,c:1782377513*16\!AIVDM,1,1,,,K3:5=`01DT=g3a?D,0*2F
\s:66,c:1782377513*16\!AIVDM,1,1,,,Kkl3nmP?hngf=WD8,0*65
\s:66,c:1782377519*1C\!AIVDM,1,1,,,Kk9dfB=@B5kc60Ot,0*01
\s:66,c:1782377516*13\!AIVDM,1,1,,,KomRLt?lNcOhQPE<,0*65
\s:66,c:1782377518*1D\!AIVDM,1,1,,,KomRLt?lNcOhQPE<,0*65
\s:66,c:1782377513*16\!AIVDM,1,1,,,13IpGn02Bf3r7rkjkD`RHj1R0D0>,0*70
\s:66,c:1782377513*16\!AIVDM,1,1,,,K3:5=`01DT=g3a?D,0*2F
\s:66,c:1782377506*12\!AIVDM,1,1,,,KleJIDwuKekOK0Ot,0*2A
\s:66,c:1782377515*10\!AIVDM,1,1,,,KleHUL8=MCkRO02L,0*47
\s:66,c:1782377518*1D\!AIVDM,1,1,,,KleH@?PMTvkCcPDt,0*06
\s:66,c:1782377518*1D\!AIVDM,1,1,,,Kp15CSpuCo2u6PC<,0*3F
\s:66,c:1782377512*17\!AIVDM,1,1,,,Km?da5h04f2eFV4P,0*67
\s:66,c:1782377515*10\!AIVDM,1,1,,,15?dOr@024ve=k>@i6SQ=PsT00RF,0*4B
\s:66,c:1782377514*11\!AIVDM,1,1,,,17`B1@g000<P5O;`H>nr=bsR053<,0*36
\s:66,c:1782377515*10\!AIVDM,1,1,,,KpVovl0FEF06S0<`,0*33
\s:66,c:1782377512*17\!AIVDM,1,1,,,36TGLD?OhPFN`Mj1okc70maJ00w@,0*5E
\s:66,c:1782377512*17\!AIVDM,1,1,,,15Tfd4001op5UKt;VvC4BCOR053<,0*0A
\s:66,c:1782377512*17\!AIVDM,1,1,,,KpVovl0FEF06S0<`,0*33
\s:66,c:1782377515*10\!AIVDM,1,1,,,169L1fhP0pCFfK1tP6uFQ?w`0@HT,0*17
\s:66,c:1782377514*11\!AIVDM,1,1,,,18I6F=000L8?Li1ejGGG?WQb08OH,0*19
\s:66,c:1782377513*16\!AIVDM,1,1,,,13VfNd0uiM26lj1e?lgk1j9`0D0>,0*6F
\s:66,c:1782377513*16\!AIVDM,1,1,,,KkVfNd0151uVHTTl,0*5F
\s:66,c:1782377515*10\!AIVDM,1,1,,,KkeQb@1OcD33J03@,0*01
\s:66,c:1782377518*1D\!AIVDM,1,1,,,14cS1D801LJ:D=1n=meVSE9F0HQ:,0*1D
\s:66,c:1782377507*13\!AIVDM,1,1,,,KkEhV5gAH0ecURVd,0*64
\s:66,c:1782377513*16\!AIVDM,1,1,,,Kp15Pqp2T0QQ60V8,0*37
\s:66,c:1782377513*16\!AIVDM,1,1,,,Kn?UhF@jb>iRlPC4,0*00
\s:66,c:1782377513*16\!AIVDM,1,1,,,Kn?Ukq3jTUAco0Ot,0*2C
\s:66,c:1782377513*16\!AIVDM,1,1,,,KlhNPf9B1RinJ0E`,0*10
\s:66,c:1782377512*17\!AIVDM,1,1,,,3bu0RL0OiNIWU0awIGfJlScN0000,0*68
\s:66,c:1782377512*17\!AIVDM,1,1,,,1818TuP024Cr3hIw<aJ3IRkJ0@Ia,0*32
\s:66,c:1782377515*10\!AIVDM,1,1,,,17`eB67Ohp<JQTIa4:`ubs1b00RR,0*72
\s:66,c:1782377519*1C\!AIVDM,1,1,,,Kp15M0H4U;MBR6Bp,0*6E
\s:66,c:1782377511*14\!AIVDM,1,1,,,KmO=83d=;PRn:0Al,0*11
\s:66,c:1782377511*14\!AIVDM,1,1,,,KlpWHnd=JC1Ll0Ot,0*0B
\s:66,c:1782377517*12\!AIVDM,1,1,,,KlhNPf9B1RinJ0E`,0*10
\s:66,c:1782377519*1C\!AIVDM,1,1,,,Kn:BaWdD@PQbmP7d,0*61
\s:66,c:1782377512*17\!AIVDM,1,1,,,KklhC`86PdCw<VhH,0*24
\s:66,c:1782377514*11\!AIVDM,1,1,,,18I6HS021hCOg?9g?HT4`3kR08L`,0*02
\s:66,c:1782377518*1D\!AIVDM,1,1,,,3JtvA=hOh3IR30MwCB9LR3ad0000,0*2E
\s:66,c:1782377512*17\!AIVDM,1,1,,,18I6HS021hCOg?9g?HT4`3kR08L`,0*02
\s:66,c:1782377512*17\!AIVDM,1,1,,,16:<EB?P0EdRSwGtPW8`1OwP2HLl,0*06
\s:66,c:1782377514*11\!AIVDM,1,1,,,13m<UUP020J:8Leuo4kW;5cN0@Ls,0*49
\s:66,c:1782377518*1D\!AIVDM,1,1,,,B69FSr@0=u9@qgvo3iqaGws42000,0*3C
\s:66,c:1782377517*12\!AIVDM,1,1,,,KpHuAF0<ogAjG6B`,0*1A
\s:66,c:1782377517*12\!AIVDM,1,1,,,KoWK8DTAaH@suP8T,0*65
\s:66,c:1782377516*13\!AIVDM,1,1,,,144iPB0vAd;bDbFO;lJQIA=b08O8,0*5C
\s:66,c:1782377514*11\!AIVDM,1,1,,,B7`Nv:00036C?bJ6@vMwqqp1VDjr,0*60
\s:66,c:1782377514*11\!AIVDM,1,1,,,C>l6l:P05EE=?2Jgth<8kwrQkkaSeSgQe111111111hd0040PPRP,0*15
\s:66,c:1782377512*17\!AIVDM,1,1,,,15?deLP01i6W:e1n84@1ricJ00SP,0*04
\s:66,c:1782377519*1C\!AIVDM,1,1,,,KkaGsjL0=Ukg?0Ot,0*54
\s:66,c:1782377516*13\!AIVDM,1,1,,,Kn:EaOP49rAcH0Ot,0*5D
\s:66,c:1782377518*1D\!AIVDM,1,1,,,K5?dT<@LkR0r?06`,0*04
\s:66,c:1782377512*17\!AIVDM,1,1,,,19NSjWh2AcN?WU7o0r0E;l=R0D00,0*67
\s:66,c:1782377511*14\!AIVDM,1,1,,,18HrmO002atAG9B@<9am1T3L053<,0*75
\s:66,c:1782377511*14\!AIVDM,1,1,,,Kl`W<W0=BLiM>aRh,0*5E
\s:66,c:1782377518*1D\!AIVDM,1,1,,,KleG?4IM2Bk@tP0L,0*6E
\s:66,c:1782377517*12\!AIVDM,1,1,,,KmOB@s<<Qo29KPEt,0*60
\s:66,c:1782377517*12\!AIVDM,1,1,,,Kl`W<W0=BLiM>aRh,0*5E
\s:66,c:1782377517*12\!AIVDM,1,1,,,K55T;`5AD4RSW0mH,0*64
\s:66,c:1782377518*1D\!AIVDM,1,1,,,C>l6l:P05EE=?2Jgth<8kwrQkkaSeSgQe111111111hd0040PPRP,0*15
\s:66,c:1782377514*11\!AIVDM,1,1,,,E>m1GRL30Ta;Pdh12PQWW000000F6hm`jrAF`00003rP10,4*34
\s:66,c:1782377513*16\!AIVDM,1,1,,,KqNSoiL1wH@627RD,0*61
\s:66,c:1782377513*16\!AIVDM,1,1,,,KqIik9@27P@un4VH,0*4B
\s:66,c:1782377515*10\!AIVDM,1,1,,,H6<sur4N000000027kpjmP000000,0*52
\s:66,c:1782377513*16\!AIVDM,1,1,,,18u`:80P0QQRLN?d@mETAww`2D02,0*4B
\s:66,c:1782377519*1C\!AIVDM,1,1,,,H>l3>s40C8qqpgG00000000h4330,0*40
\s:66,c:1782377513*16\!AIVDM,1,1,,,38QaQK500005oqB3Po=jMD?T0E7J,0*2B
\s:66,c:1782377513*16\!AIVDM,1,1,,,Kq8Vhwi@G6P<i0E@,0*44
\s:66,c:1782377513*16\!AIVDM,1,1,,,KqjoLs=@B?PBi30d,0*7B
\s:66,c:1782377515*10\!AIVDM,1,1,,,Kka`I89OwFCsr06L,0*78
\s:66,c:1782377514*11\!AIVDM,1,1,,,13ku<6h02jJQ?AmomM9=tK=R0L04,0*1A
\s:66,c:1782377518*1D\!AIVDM,1,1,,,Kold=Wgl85?NN0=P,0*45
\s:66,c:1782377513*16\!AIVDM,1,1,,,KqNSoiL1wH@627RD,0*61
\s:66,c:1782377513*16\!AIVDM,1,1,,,13mPJd001G563;aq1tkaHWGT08MV,0*4B
\s:66,c:1782377504*10\!AIVDM,1,1,,,KmOA3Cc==C2dbP:L,0*0D
\s:66,c:1782377511*14\!AIVDM,1,1,,,13MCfq@009sGanJ:32gsV;1R08M0,0*20
\s:66,c:1782377517*12\!AIVDM,1,1,,,H6<sur4N000000027kpjmP000000,0*52
\s:66,c:1782377502*16\!AIVDM,1,1,,,KkEfLt<?h6jccQOt,0*01
\s:66,c:1782377514*11\!AIVDM,1,1,,,152mw<001bDG;H@QK5IneUEV053<,0*35
\s:66,c:1782377517*12\!AIVDM,1,1,,,1:U71qOP0KL1l6kvqacJD?wd053<,0*4B
\s:66,c:1782377520*16\!AIVDM,1,1,,,188ffS001BmFWUAn@?wR41gf2<01,0*21
\s:66,c:1782377517*12\!AIVDM,1,1,,,369L0t@01K1nHfEdF@TC5jGN039Q,0*25
\s:66,c:1782377519*1C\!AIVDM,1,1,,,Kp158CQ@KggaT064,0*7E
\s:66,c:1782377519*1C\!AIVDM,1,1,,,Km621jH0w0DI96V4,0*41
\s:66,c:1782377518*1D\!AIVDM,1,1,,,KomRMchD1ewoVPOt,0*0F
\s:66,c:1782377517*12\!AIVDM,1,1,,,B6<uHR00:qHn@bsdcia=OwqVSP06,0*54
\s:66,c:1782377506*12\!AIVDM,1,1,,,KsT2wL`=aS@i4P2l,0*7E
\s:66,c:1782377515*10\!AIVDM,1,1,,,KmN1EN8M?fjrpP8@,0*59
\s:66,c:1782377517*12\!AIVDM,1,1,,,Kl4W:601Q<i8jTa@,0*0D
\s:66,c:1782377519*1C\!AIVDM,1,1,,,C8l7Mr@0;Er`5grWTHRT4bN0TNL>@:L?cScKU1ia:00000411R2P,0*3A
\s:66,c:1782377514*11\!AIVDM,1,1,,,35N7ND`PAEDbgaFP1EDAjQQR024@,0*2F
\s:66,c:1782377514*11\!AIVDM,1,1,,,1815d1@02kFd=gLC>`GsMIAR00Rb,0*2C
\s:66,c:1782377518*1D\!AIVDM,1,1,,,KqNSllh<URj7RVP@,0*5A
\s:66,c:1782377520*16\!AIVDM,1,1,,,B<0Ew;00<54MGmOn80M0;wt4SP06,0*27
\s:66,c:1782377517*12\!AIVDM,1,1,,,Kp5U<9f?N00jl0BT,0*0E
\s:66,c:1782377519*1C\!AIVDM,1,1,,,K3cWhC7hEqk1@P00,0*21
\s:66,c:1782377516*13\!AIVDM,1,1,,,Kp;Fm924Uh@b=59D,0*19
\s:66,c:1782377514*11\!AIVDM,1,1,,,KpKolJ8LqD@fR05D,0*2A
\s:66,c:1782377512*17\!AIVDM,1,1,,,18KvR60020LU23?g`80A<PwT08M4,0*62
\s:66,c:1782377515*10\!AIVDM,1,1,,,B>jp`1h00PuF=KK3;d`03wn4SP06,0*41
\s:66,c:1782377517*12\!AIVDM,1,1,,,KqNSsR@25fOJj4Sl,0*24
\s:66,c:1782377518*1D\!AIVDM,1,1,,,B69KwU@0:mfju8JloA@ecwv63P06,0*39
\s:66,c:1782377519*1C\!AIVDM,1,1,,,Kn:FA6QDIcBEgP74,0*45
\s:66,c:1782377511*14\!AIVDM,1,1,,,KkeNVt05T@gE87C4,0*05
\s:66,c:1782377515*10\!AIVDM,1,1,,,13eNVt002C:olQ?rhwOcsISV0<02,0*3A
\s:66,c:1782377512*17\!AIVDM,1,1,,,KmNhg90<F@i=96BH,0*62
\s:66,c:1782377515*10\!AIVDM,1,1,,,182wSf;P00;ugQQl208UBOwL0L00,0*15
\s:66,c:1782377512*17\!AIVDM,1,1,,,C1;@IBP011O12uKD?PnpfCv0HRjkSSiKSiKUk;1111100000002P,0*0F
\s:66,c:1782377514*11\!AIVDM,1,1,,,36<g4N@00dUa?9ueJH6SPBkV01v0,0*4A
\s:66,c:1782377518*1D\!AIVDM,1,1,,,C>l6le005ietA9sBgLG23wtQkkaSeSiaa111111111dd0040PPRP,0*28
\s:66,c:1782377513*16\!AIVDM,1,1,,,1815W:h01Q1`1fgcwNQ2u2MV0@O=,0*39
\s:66,c:1782377515*10\!AIVDM,1,1,,,Kk3dRbe@7mSe`0Ot,0*02
\s:66,c:1782377517*12\!AIVDM,1,1,,,KmBuG0<4LqhUBUm@,0*33
\s:66,c:1782377518*1D\!AIVDM,1,1,,,Kom@8sN42?OcuP1d,0*0E
\s:66,c:1782377507*13\!AIVDM,1,1,,,16LnK:001g4I?OSjpFR9w`1J00S=,0*0E
\s:66,c:1782377517*12\!AIVDM,1,1,,,KmNhg90<F@i=96BH,0*62
\s:66,c:1782377507*13\!AIVDM,1,1,,,15N:b<7P00Db3KJQc6jD;gwH0D0B,0*75
\s:66,c:1782377514*11\!AIVDM,1,1,,,B7`BdF@3wk?8mP=18D3Q3wwQh`LW,0*24
\s:66,c:1782377512*17\!AIVDM,1,1,,,KrLQfL1F`>6bTOwt,0*0C
\s:66,c:1782377514*11\!AIVDM,1,1,,,1815W<P4ie8DBEKatVRrppmV0@Nh,0*57
\s:66,c:1782377514*11\!AIVDM,1,1,,,16LT;<001a7iSqemlMS6Fm5V0D01,0*22
\s:66,c:1782377518*1D\!AIVDM,1,1,,,KkMD5CP31u>N`4fd,0*39
\s:66,c:1782377513*16\!AIVDM,1,1,,,15CNcl0P2oPlrAIuI6N7w?wT20SO,0*1C
\s:66,c:1782377515*10\!AIVDM,1,1,,,KkEj?5gh4Lk0U1<<,0*2A
\s:66,c:1782377515*10\!AIVDM,1,1,,,Kkc?Fv0?hikNRTQH,0*1F
\s:66,c:1782377515*10\!AIVDM,1,1,,,KkM@cK@?kb4A2PAH,0*0A
\s:66,c:1782377516*13\!AIVDM,1,1,,,K6:MVV1DJEAwGP4P,0*52
\s:66,c:1782377513*16\!AIVDM,1,1,,,Kkdcth0DCk02GP5D,0*64
\s:66,c:1782377505*11\!AIVDM,1,1,,,Kl`a=801Nsur64T4,0*1D
\s:66,c:1782377517*12\!AIVDM,1,1,,,KkMD5CP31u>N`4fd,0*39
\s:66,c:1782377506*12\!AIVDM,1,1,,,KmNLkNT=4`jJA0CH,0*01
\s:66,c:1782377506*12\!AIVDM,1,1,,,KlhHrr9MIlC38PFD,0*2B
\s:66,c:1782377511*14\!AIVDM,1,1,,,KleH;S`=6F3:U0:@,0*3E
\s:66,c:1782377507*13\!AIVDM,1,1,,,KmN6nV1r61SurPcH,0*6A
\s:66,c:1782377516*13\!AIVDM,1,1,,,18I=O?001gCoC=fHnlkCOBif08PA,0*71
\s:66,c:1782377514*11\!AIVDM,1,1,,,19NSj4@1jQCh2nMe@TNjT21P0<01,0*03
\s:66,c:1782377515*10\!AIVDM,1,1,,,KmNIuQg<d7B<SP@P,0*07
\s:66,c:1782377515*10\!AIVDM,1,1,,,Kk=hU40dVGiqB0@8,0*24
\s:66,c:1782377514*11\!AIVDM,1,1,,,38AlJpmP?w<tSF0l4Q@>4?wv0P<S,0*11
\s:66,c:1782377514*11\!AIVDM,1,1,,,Km`I@quMgR@h10Bh,0*57
\s:66,c:1782377517*12\!AIVDM,1,1,,,18AlJpmP?w<tSF0l4Q@>4?wv0U3<,0*76
\s:66,c:1782377512*17\!AIVDM,1,1,,,19NSj4@1jQCh2nMe@TNjT21P0<01,0*03
\s:66,c:1782377520*16\!AIVDM,1,1,,,KqNSj4@9fWeVN`44,0*4B
\s:66,c:1782377514*11\!AIVDM,1,1,,,19NSsAh01O5gV`ud:K5:fHM`00ST,0*69
\s:66,c:1782377519*1C\!AIVDM,1,1,,,KklGu2<OhBRcgP8@,0*0C
\s:66,c:1782377518*1D\!AIVDM,1,1,,,13Egkl0019pr8V1vNMWUIlCb0@OW,0*0E
\s:66,c:1782377512*17\!AIVDM,1,1,,,15TpPv0wjfMcBnWuISdU443H00SD,0*4D
\s:66,c:1782377512*17\!AIVDM,1,1,,,1:U7ch001pu?W0?mQCQ`GVg@053<,0*24
\s:66,c:1782377518*1D\!AIVDM,1,1,,,KoldwBd4>H?a2TfD,0*42
\s:66,c:1782377518*1D\!AIVDM,1,1,,,Kold@8h4MNgCd4j4,0*46
\s:66,c:1782377519*1C\!AIVDM,1,1,,,Kolcti`4@MOLI5dt,0*67
\s:66,c:1782377513*16\!AIVDM,1,1,,,Kp15G@0Qq;NAj634,0*20
\s:66,c:1782377517*12\!AIVDM,1,1,,,Kk=hU40dVGiqB0@8,0*24
\g:1-2-5199788,s:66,c:1782377518*5C\!AIVDM,2,1,8,,5390DJ80@;EcD847N205<T60M84D<60TV2222216H`PC=5kR0TBT1RnH,0*55
\g:2-2-5199788*6E\!AIVDM,2,2,8,,888888888888880,2*6D
\s:66,c:1782377514*11\!AIVDM,1,1,,,15?dcrPuAg<HasAg3UV=K:e`08Nj,0*3F
\s:66,c:1782377515*10\!AIVDM,1,1,,,15?dcrPuAg<HasAg3UV=K:e`08Nj,0*3F
\s:66,c:1782377518*1D\!AIVDM,1,1,,,KolclvD4BDguO02l,0*13
\s:66,c:1782377517*12\!AIVDM,1,1,,,14`V27@01M3WwJ7iVP42Fich0HPR,0*04
\s:66,c:1782377517*12\!AIVDM,1,1,,,18HtDJ00014771mlO?q9pRkd00RW,0*49
\s:66,c:1782377518*1D\!AIVDM,1,1,,,15TN=H001WF>N<<5Mk7cGI=f053<,0*44
\s:66,c:1782377518*1D\!AIVDM,1,1,,,1:u0Fk0001qQt0owBoGMG8gb0<1E,0*5C
\s:66,c:1782377518*1D\!AIVDM,1,1,,,KleJT1IMbt3@OP14,0*71
\s:66,c:1782377517*12\!AIVDM,1,1,,,15NW2SP1BlET:>P>n;cB`29`0<00,0*5C
\s:66,c:1782377517*12\!AIVDM,1,1,,,Kn5Kpr220Wimg0;T,0*65
\s:66,c:1782377512*17\!AIVDM,1,1,,,KkkuEr0?tGCcU4gt,0*00
\s:66,c:1782377519*1C\!AIVDM,1,1,,,Ko75Md04?cQN9Ue4,0*12
\s:66,c:1782377516*13\!AIVDM,1,1,,,14hLFL0vA`<5t<nMB<sJ3GwR08N6,0*2F
\s:66,c:1782377516*13\!AIVDM,1,1,,,19NSOQ@1BOm8MARDV8hs@`wT08NG,0*28
\s:66,c:1782377515*10\!AIVDM,1,1,,,16ld2JQ0?w<tSF0l4Q@>43uv0`NM,0*74
\s:66,c:1782377515*10\!AIVDM,1,1,,,Kp15OR0OnU0Hm0>`,0*7A
\s:66,c:1782377517*12\!AIVDM,1,1,,,18I<e?0wRpvlo72>06oHNFkb053<,0*40
\s:66,c:1782377516*13\!AIVDM,1,1,,,15NBQ7cOiGo::2jEvBetIqud08O<,0*0E
\s:66,c:1782377518*1D\!AIVDM,1,1,,,16TN2<?P0cns5741a4WG3wwf20S2,0*21
\g:1-2-5199789,s:66,c:1782377520*56\!AIVDM,2,1,9,,588fCw42CCT0HTTB221@5D5@V20HE99V2222220t6pI894sCN740D1AE,0*6A
\g:2-2-5199789*6F\!AIVDM,2,2,9,,1H8888888888880,2*15
\s:66,c:1782377512*17\!AIVDM,1,1,,,KrLUjp0=eOswU45p,0*5A
\s:66,c:1782377512*17\!AIVDM,1,1,,,16<g:bgP0JVlj@7d5g<rkgwJ253<,0*48
\s:66,c:1782377514*11\!AIVDM,1,1,,,404kS8Avad`kl`Nk41lH54700@Nj,0*34
\s:66,c:1782377514*11\!AIVDM,1,1,,,B7mLE4P01ieH`6sFCMARGwmV1P06,0*45
\s:66,c:1782377518*1D\!AIVDM,1,1,,,16<g:bgP0IVlj=;d5gFs<?wd2@Pl,0*26
\s:66,c:1782377518*1D\!AIVDM,1,1,,,?04kS8B0AJK4D00,2*1C
\s:66,c:1782377519*1C\!AIVDM,1,1,,,13fCB201BO2n=D5fopURcB1f00ST,0*23
\s:66,c:1782377517*12\!AIVDM,1,1,,,Kp15OR0OnU0Hm0>`,0*7A
\s:66,c:1782377519*1C\!AIVDM,1,1,,,19wuJW0P0005oK63PouP0Owh0@QV,0*39
\s:66,c:1782377514*11\!AIVDM,1,1,,,KrpDpO<=>rhhe0Ad,0*68
\s:66,c:1782377506*12\!AIVDM,1,1,,,KmNBsrd<v4R240Ot,0*09
\s:66,c:1782377511*14\!AIVDM,1,1,,,14`UuPhwB5rjImBEKvi4k45B08Ki,0*43
\s:66,c:1782377515*10\!AIVDM,1,1,,,KmNSur`=0Wj<T07H,0*2C
\s:66,c:1782377517*12\!AIVDM,1,1,,,144WI60001ReT`h;=>UUw4kD2PS9,0*48
\s:66,c:1782377517*12\!AIVDM,1,1,,,Kl4WI6<1HoQKkP9T,0*3A
\s:66,c:1782377520*16\!AIVDM,1,1,,,KmABVv84PFRSu4mT,0*01
\s:66,c:1782377512*17\!AIVDM,1,1,,,13V`8L011hD=a?@KaIdS1RQL08K0,0*41
\s:66,c:1782377513*16\!AIVDM,1,1,,,Kp15W00OfK2N3P04,0*76
\s:66,c:1782377517*12\!AIVDM,1,1,,,Ko7UER8?kOj`o5gp,0*52
\s:66,c:1782377514*11\!AIVDM,1,1,,,KmSw@r0=57Q;wVCt,0*24
\s:66,c:1782377514*11\!AIVDM,1,1,,,1815FT0wjCsO:6f?tPE::87T00SU,0*43
\s:66,c:1782377512*17\!AIVDM,1,1,,,H6<fpTTN00`000027lhhk01@;238,0*5C
\s:66,c:1782377512*17\!AIVDM,1,1,,,B6<fpTP3ws?8mP=18D3Q3wR6SP06,0*07
\g:1-2-5199790,s:66,c:1782377515*58\!AIVDM,2,1,0,,5819@UlH15?QKM9CN20EQ0hu862222222222220U3PC445VR071R`0lU,0*74
\g:2-2-5199790*67\!AIVDM,2,2,0,,BDjCQp888888880,2*6B
\s:66,c:1782377515*10\!AIVDM,1,1,,,3819@Ui000<lLi7meP;Va3Kd0DV:,0*3A
\s:66,c:1782377515*10\!AIVDM,1,1,,,Kp15W00OfK2N3P04,0*76
\s:66,c:1782377515*10\!AIVDM,1,1,,,KleGo58=RT4GA0Dh,0*15
\s:66,c:1782377519*1C\!AIVDM,1,1,,,KoOh9KaERJuPj02l,0*0B
\s:66,c:1782377515*10\!AIVDM,1,1,,,C>kubDP02i0pniK>3OrCWwqP6aa1ScecSUKWQ11111jd0040PPRP,0*24
\s:66,c:1782377511*14\!AIVDM,1,1,,,KlhGc>1M4IAu:P0d,0*39
\s:66,c:1782377518*1D\!AIVDM,1,1,,,Kr5c7C<=IwAEp0>`,0*59
\s:66,c:1782377517*12\!AIVDM,1,1,,,Ko1<R@1F`>6bTOwv,0*3B
\s:66,c:1782377502*16\!AIVDM,1,1,,,KkGRio1F`>6bTOwv,0*33
\s:66,c:1782377512*17\!AIVDM,1,1,,,16;TQl001c<d:P<H1pIJc8OP00RC,0*31
\s:66,c:1782377518*1D\!AIVDM,1,1,,,403OthAvad`kloQg5NBlQcg02<:c,0*68
\s:66,c:1782377512*17\!AIVDM,1,1,,,17`B@8PP00dOup9bruV>4?wR2D0P,0*19
\s:66,c:1782377515*10\!AIVDM,1,1,,,Kp8fP60:ItfRdOwt,0*4F
\s:66,c:1782377512*17\!AIVDM,1,1,,,KkP;l7@>alf<rTiP,0*41
\g:1-2-5199791,s:66,c:1782377512*5E\!AIVDM,2,1,1,,53l3oHKUKW4h=7;??605=A8v10th58U>22222216C8IE85aE0A0EH421,0*1C
\g:2-2-5199791*66\!AIVDM,2,2,1,,H88888888888880,2*14
\s:66,c:1782377518*1D\!AIVDM,1,1,,,KqNSTp@DBp>OkP7p,0*5F
\s:66,c:1782377519*1C\!AIVDM,1,1,,,Kp15S@h1QeepC5T@,0*51
\s:66,c:1782377512*17\!AIVDM,1,1,,,35N44AgP@OD@BtfOTL09SG;P00oA,0*0D
\s:66,c:1782377516*13\!AIVDM,1,1,,,35N9a77OiPl7r?NO2BB8WVsR0000,0*3C
\s:66,c:1782377515*10\!AIVDM,1,1,,,146jRf0P0bNgQJV;Jnimb?wV0d1M,0*13
\s:66,c:1782377517*12\!AIVDM,1,1,,,Km?dTv=Aw?ijb0:`,0*07
\s:66,c:1782377511*14\!AIVDM,1,1,,,Kp?OA>iEQJOkq0AT,0*14
\s:66,c:1782377514*11\!AIVDM,1,1,,,KmVoJ40=rSPURQ3l,0*73
\s:66,c:1782377512*17\!AIVDM,1,1,,,KqNSas@6LMvUM5T@,0*6A
\s:66,c:1782377520*16\!AIVDM,1,1,,,37fTq:1004mC6qmmt31N487f2DlJ,0*43
\s:66,c:1782377515*10\!AIVDM,1,1,,,18I4r10uR7NmsqOjum5t9amT00S>,0*21
\s:66,c:1782377506*12\!AIVDM,1,1,,,KmO4o4`=BWjvk00H,0*16
\s:66,c:1782377517*12\!AIVDM,1,1,,,KmNT?i;<d02RkT>d,0*5B
\s:66,c:1782377517*12\!AIVDM,1,1,,,Kn0VNQ`1l;j5=0>4,0*65
\s:66,c:1782377512*17\!AIVDM,1,1,,,144iLJW004;ElTbNG?70001N2d85,0*6B
\s:66,c:1782377516*13\!AIVDM,1,1,,,177it;002m:W`cPIC:;9@WIp0<0D,0*75
\s:66,c:1782377516*13\!AIVDM,1,1,,,19N`3K@02LdiiS:K:GSJlHW40@Op,0*1D
\s:66,c:1782377515*10\!AIVDM,1,1,,,13lgLt001gNVhbl;0JO@t0iV0@O?,0*4B
\s:66,c:1782377515*10\!AIVDM,1,1,,,KmMt3U3<ieR@B3=l,0*2F
\s:66,c:1782377518*1D\!AIVDM,1,1,,,15?dSe@wAIo@D=:DP6LmWlKf0<0J,0*3E
\s:66,c:1782377518*1D\!AIVDM,1,1,,,15?g3p00h@pEu8:==w7iM8kB0L07,0*1C
\s:66,c:1782377513*16\!AIVDM,1,1,,,19NS?u001f1srJUdR0f2WR7`0D0D,0*40
\s:66,c:1782377517*12\!AIVDM,1,1,,,13lWlb001I1pJFidMRVBhj?d0D0O,0*31
\s:66,c:1782377514*11\!AIVDM,1,1,,,15CirB001KJ9w59t:TuESlCT00S<,0*66
\s:66,c:1782377514*11\!AIVDM,1,1,,,Kp15IetM4f@cu0=`,0*24
\s:66,c:1782377507*13\!AIVDM,1,1,,,18157G@0@I43mvilBNo<A;;H0<02,0*22
\s:66,c:1782377517*12\!AIVDM,1,1,,,Kp15IetM4f@cu0=`,0*24
\s:66,c:1782377502*16\!AIVDM,1,1,,,Kp15MT@?ah2IaV=l,0*2A
\s:66,c:1782377516*13\!AIVDM,1,1,,,K44nf7:5ECC82US4,0*61
\s:66,c:1782377515*10\!AIVDM,1,1,,,19Hsf4WOhuNhJoH7ai1P3P9`0<14,0*25
\s:66,c:1782377517*12\!AIVDM,1,1,,,15DVpr02R=v;2np:jOCqC7Kb0D08,0*73
\s:66,c:1782377514*11\!AIVDM,1,1,,,13mOvJ01j>F14wrQmhvDm3mN8@MH,0*0E
\s:66,c:1782377513*16\!AIVDM,1,1,,,Km?dMGh255AnC0C`,0*35
\s:66,c:1782377511*14\!AIVDM,1,1,,,1815Nt@012;2CgepIJl6hTwF08J;,0*36
\s:66,c:1782377514*11\!AIVDM,1,1,,,1815Mc0vR>J>vQH18uLhDhAV0HOC,0*62
\s:66,c:1782377512*17\!AIVDM,1,1,,,1593TRh02Rp;mLh=dV2c<psT0D0V,0*72
\s:66,c:1782377516*13\!AIVDM,1,1,,,KpSK3it3sghhEPOt,0*63
\s:66,c:1782377513*16\!AIVDM,1,1,,,Kqd0Rd=1LsNjEPAp,0*0C
\s:66,c:1782377506*12\!AIVDM,1,1,,,Km30jV3=>tBqK1;8,0*70
\s:66,c:1782377518*1D\!AIVDM,1,1,,,C00<dPh0=Mwdqvub<w7IKTN0hVEUQiKWKie:0000000000D2RRR0,0*30
\s:66,c:1782377520*16\!AIVDM,1,1,,,K44nf7:5ECC82US4,0*61
\s:66,c:1782377519*1C\!AIVDM,1,1,,,KmTs8t8CG1A`I080,0*77
\s:66,c:1782377517*12\!AIVDM,1,1,,,Kp15=ch>AsBVu8@<,0*47
\s:66,c:1782377514*11\!AIVDM,1,1,,,KmNPoB1KQBCOA030,0*65
\s:66,c:1782377514*11\!AIVDM,1,1,,,KmNPoB1KQBCOA030,0*65
\s:66,c:1782377519*1C\!AIVDM,1,1,,,16Lbtj0wQB2miLadTd5SQ2ih053<,0*45
\s:66,c:1782377516*13\!AIVDM,1,1,,,Kn::BneDGu1qjP8p,0*4F
\s:66,c:1782377518*1D\!AIVDM,1,1,,,K4ti4T<<c>11@000,0*48
\s:66,c:1782377505*11\!AIVDM,1,1,,,KqqvaF1B1w?bDP;H,0*72
\s:66,c:1782377518*1D\!AIVDM,1,1,,,Kp15=ch>AsBVu8@<,0*47
\s:66,c:1782377517*12\!AIVDM,1,1,,,1815B2hP00NtMJp619>Tu?wh053<,0*64
\s:66,c:1782377514*11\!AIVDM,1,1,,,1819DshP00G<w>BL8K=2ewwV00S<,0*75
\s:66,c:1782377517*12\!AIVDM,1,1,,,Kn?Un:v2aKAUeP>h,0*65
\s:66,c:1782377511*14\!AIVDM,1,1,,,14``p2002I<8k:gsm<uUWTLv0D00,0*26
\s:66,c:1782377518*1D\!AIVDM,1,1,,,KmP?ld0;36D@RU7L,0*50
\s:66,c:1782377518*1D\!AIVDM,1,1,,,KmNbjIgtb<j?20A8,0*2D
\s:66,c:1782377518*1D\!AIVDM,1,1,,,KmOGt:P<T1B<NP?d,0*35
\s:66,c:1782377518*1D\!AIVDM,1,1,,,Km2sRb0<Tt27K690,0*6D
\s:66,c:1782377517*12\!AIVDM,1,1,,,1:p;hu0P1IrKFNv1mRa`h?w`08OR,0*3F
\s:66,c:1782377517*12\!AIVDM,1,1,,,KqNSVWPM:ghAd0@P,0*6C
\s:66,c:1782377520*16\!AIVDM,1,1,,,KmNv08?rLFfjS0Ot,0*62
\s:66,c:1782377520*16\!AIVDM,1,1,,,B69FSq00;m0ODhNB02IBCwv63P06,0*5F
\s:66,c:1782377512*17\!AIVDM,1,1,,,1;Np@4g000Kliucd=no913sP00Rs,0*49
\s:66,c:1782377513*16\!AIVDM,1,1,,,Kqk628<0@BPCWP0d,0*44
\s:66,c:1782377516*13\!AIVDM,1,1,,,KpL6Uf0CkV063PDt,0*0E
\s:66,c:1782377518*1D\!AIVDM,1,1,,,19NSN3@vk0Igcm>0sFAF=Dqb0HOc,0*40
\s:66,c:1782377518*1D\!AIVDM,1,1,,,KqNSVWPM:ghAd0@P,0*6C
\s:66,c:1782377518*1D\!AIVDM,1,1,,,KomLG1t4M7ga6170,0*28
\s:66,c:1782377507*13\!AIVDM,1,1,,,13A2j<002i4@i=sl>w`R>AqD08Ii,0*3D
\s:66,c:1782377511*14\!AIVDM,1,1,,,Klam:40=7LQni3g@,0*76
\s:66,c:1782377512*17\!AIVDM,1,1,,,Kl0UutI@P>SgD0>@,0*7D
\s:66,c:1782377518*1D\!AIVDM,1,1,,,19NSm500PCml7=DOQ`orPal2053<,0*70
\s:66,c:1782377513*16\!AIVDM,1,1,,,16;Svb001jNTVSQwka4HHFaT0HM6,0*30
\s:66,c:1782377513*16\!AIVDM,1,1,,,Ko0RbT1Aw`1j4074,0*2C
\s:66,c:1782377517*12\!AIVDM,1,1,,,Kom3w;wlcl@4OPOt,0*15
\s:66,c:1782377512*17\!AIVDM,1,1,,,14cM6sh01tLkcDUg71O36RkR0L00,0*7D
\s:66,c:1782377519*1C\!AIVDM,1,1,,,Kom3w;wlcl@4OPOt,0*15
\s:66,c:1782377506*12\!AIVDM,1,1,,,H>plqj@4U>l9DuVo7>oOFF22220,2*4F
\s:66,c:1782377511*14\!AIVDM,1,1,,,KlhMqb=M47irEPB@,0*09
\s:66,c:1782377514*11\!AIVDM,1,1,,,14`Wl435hSKoIup4ANaV7DoV0D0D,0*1E
\s:66,c:1782377518*1D\!AIVDM,1,1,,,16K4m`500tGQ<1Eqd;K1CiCR0@P1,0*73
\s:66,c:1782377519*1C\!AIVDM,1,1,,,Kk9deWP0?iki:0CD,0*11
\s:66,c:1782377516*13\!AIVDM,1,1,,,Kom@;ROl=>wmDP=T,0*40
\s:66,c:1782377513*16\!AIVDM,1,1,,,Km?dg9@4I=hN86Pl,0*50
\s:66,c:1782377518*1D\!AIVDM,1,1,,,Kom@;ROl=>wmDP=T,0*40
\s:66,c:1782377506*12\!AIVDM,1,1,,,B>qMUcP0015m@Is?j>Q4Pnv4SP06,0*25
\s:66,c:1782377506*12\!AIVDM,1,1,,,H>qMUcP4U>l9DuVo72oWJF22220,2*4A
\s:66,c:1782377506*12\!AIVDM,1,1,,,C>jpad@01@taC9s2O=<03wlQkkUiiSQgW111111111jd0040PPRP,0*73
\s:66,c:1782377513*16\!AIVDM,1,1,,,1815JK@0j43IaIkpKisHtW=P08Lr,0*6D
\g:1-2-5199792,s:66,c:1782377518*57\!AIVDM,2,1,2,,56K4m`82FcP?LdEN2219TtIDeF0l59F0pvs6220N48D3658h0<Ti@H54,0*49
\g:2-2-5199792*65\!AIVDM,2,2,2,,R@C888888888880,2*0E
\s:66,c:1782377518*1D\!AIVDM,1,1,,,KmME7N8J<C4Ck09d,0*4C
\s:66,c:1782377515*10\!AIVDM,1,1,,,Kn9L0lkwIlhiQ2CD,0*37
\s:66,c:1782377517*12\!AIVDM,1,1,,,13EhTp?P0RwP`iTE8=WtJwwb28P9,0*33
\s:66,c:1782377514*11\!AIVDM,1,1,,,Km2M>bv;bPRNb0Ot,0*68
\s:66,c:1782377516*13\!AIVDM,1,1,,,39NScBPwRQn:b?@FIc=siIKb0@C=,0*19
\s:66,c:1782377511*14\!AIVDM,1,1,,,18?OAv0001bgDJ1tlmutgUcR28LT,0*77
\s:66,c:1782377515*10\!AIVDM,1,1,,,Km2M>bv;bPRNb0Ot,0*68
\s:66,c:1782377512*17\!AIVDM,1,1,,,15?dSkP01hkcSV5ng6O8QnmP08MM,0*43
\s:66,c:1782377513*16\!AIVDM,1,1,,,14hD1?021nRfIaqg4sDaSGaR00Se,0*64
\s:66,c:1782377513*16\!AIVDM,1,1,,,K397hv0@K0ObhP8h,0*41
\s:66,c:1782377517*12\!AIVDM,1,1,,,Kn9L0lkwIlhiQ2CD,0*37
\s:66,c:1782377517*12\!AIVDM,1,1,,,Kqk8Bb3hCNPE=0k0,0*3B
\s:66,c:1782377517*12\!AIVDM,1,1,,,14bGpf0000OeWfL31gKUta7b0<20,0*33
\s:66,c:1782377519*1C\!AIVDM,1,1,,,KkLHc>9Oh;lSEP1H,0*68
\s:66,c:1782377516*13\!AIVDM,1,1,,,KnK407`Doh2P:03L,0*0E
\s:66,c:1782377517*12\!AIVDM,1,1,,,KmE7;D041H0j5WeT,0*38
\s:66,c:1782377507*13\!AIVDM,1,1,,,Kk=<h60ABONRNP@t,0*52
\s:66,c:1782377505*11\!AIVDM,1,1,,,177UA`002m4t@i7ovDd9@7GB08Ht,0*65
\s:66,c:1782377517*12\!AIVDM,1,1,,,39NSDTP0Qu56GTQp;QlIHGN80L3C,0*2F
\s:66,c:1782377512*17\!AIVDM,1,1,,,15NdIJ0Ohukqk2TP9W`5WlGP0@Kc,0*20
\s:66,c:1782377517*12\!AIVDM,1,1,,,14`:2V00j<NdcR`<22mPMhMj08Q>,0*15
\s:66,c:1782377513*16\!AIVDM,1,1,,,KpUuA01Ba;AJ00A`,0*0E
\s:66,c:1782377512*17\!AIVDM,1,1,,,KqNShe1LNd1J3PEh,0*2F
\s:66,c:1782377518*1D\!AIVDM,1,1,,,36LrLv000QG0TBSpGaMoW5SV00ni,0*21
\s:66,c:1782377512*17\!AIVDM,1,1,,,C1mH2:0001q8aCLe3JQGI5v04bNjwki;1111111111100000002P,0*71
\s:66,c:1782377512*17\!AIVDM,1,1,,,KpHvQl03>5=fqPAd,0*08
\s:66,c:1782377518*1D\!AIVDM,1,1,,,15RorP001n8CahClBfllkkil08Qd,0*62
\s:66,c:1782377513*16\!AIVDM,1,1,,,33a6AR001L2Aar7ec38aRWOP01vh,0*60
\s:66,c:1782377513*16\!AIVDM,1,1,,,Kqjjbc:07t@MMSg8,0*59
\s:66,c:1782377513*16\!AIVDM,1,1,,,B8w:EA00:p>7L1O8?4h4kwqQl8NO,0*23
\s:66,c:1782377512*17\!AIVDM,1,1,,,19N`11P32iO4k<5rlo3d@qsT00Ru,0*77
\s:66,c:1782377513*16\!AIVDM,1,1,,,Kolj>GPCrRgSdP1H,0*76
\s:66,c:1782377518*1D\!AIVDM,1,1,,,KolcldLD2kOOJP90,0*06
\s:66,c:1782377507*13\!AIVDM,1,1,,,19NSpv02QS47RFsjWROj3iWH0@IN,0*68
\s:66,c:1782377513*16\!AIVDM,1,1,,,KpHvQl03>5=fqPAd,0*08
\s:66,c:1782377513*16\!AIVDM,1,1,,,KqNS4MP1o@ND1Uf4,0*4B
\s:66,c:1782377517*12\!AIVDM,1,1,,,KqNShe1LNd1J3PEh,0*2F
\s:66,c:1782377502*16\!AIVDM,1,1,,,K3ceqb?hM>Rj57?4,0*1F
\s:66,c:1782377519*1C\!AIVDM,1,1,,,36LrLv0OhQG0TBCpGaI7`mUb0000,0*10
\s:66,c:1782377520*16\!AIVDM,1,1,,,KmDFeh0lm6RNBTAP,0*52
\s:66,c:1782377520*16\!AIVDM,1,1,,,KpI4AI04W2Rcd6=8,0*2E
\s:66,c:1782377512*17\!AIVDM,1,1,,,19NShW01BaDkD:2GjHbD1kAL00S;,0*70
\s:66,c:1782377516*13\!AIVDM,1,1,,,1536>@0001E<TqhRvht0SVud0<05,0*38
\s:66,c:1782377518*1D\!AIVDM,1,1,,,Kkm:sT`<3ViJ`VB`,0*39
\s:66,c:1782377517*12\!AIVDM,1,1,,,19NSBAk1h=JAh<`3Va3916`L053<,0*6E
\s:66,c:1782377518*1D\!AIVDM,1,1,,,18I6Jq00jIpScF8:DQBDqSsb00Sb,0*1C
\s:66,c:1782377518*1D\!AIVDM,1,1,,,Kkm:sT`<3ViJ`VB`,0*39
\s:66,c:1782377512*17\!AIVDM,1,1,,,B4eHfCP08K=Hw4MUivlr;wpQl8MG,0*16
\s:66,c:1782377515*10\!AIVDM,1,1,,,B8wa0?004TrUUp0AP2uFkwrTSP06,0*79
\s:66,c:1782377512*17\!AIVDM,1,1,,,KrLQdaMMgLLj0S@h,0*00
\s:66,c:1782377514*11\!AIVDM,1,1,,,H7Onf;4TCBD4<r5?BPjlnn104330,0*20
\s:66,c:1782377518*1D\!AIVDM,1,1,,,19NSBAk1h=JAh<`3Va3916`L053<,0*6E
\s:66,c:1782377518*1D\!AIVDM,1,1,,,KmMrbQ1M@D2nbP@l,0*77
\s:66,c:1782377518*1D\!AIVDM,1,1,,,B>l9ipP00EWb3fPM91m;gwt4SP06,0*34
\s:66,c:1782377518*1D\!AIVDM,1,1,,,C>l9ipP00EWb3fPM91m;gwt1kkaUSQUga111111111hd0000002P,0*0F
\s:66,c:1782377517*12\!AIVDM,1,1,,,Kr0JpS<1AbR9h0=p,0*57
\s:66,c:1782377509*1D\!AIVDM,1,1,,,Kn:HcV0D2jiSDP5`,0*52
\s:66,c:1782377514*11\!AIVDM,1,1,,,15N2niPP00nOFAHPPUwr;?wT08MK,0*0F
\s:66,c:1782377514*11\!AIVDM,1,1,,,14eGvlP00KKTdA@RG16K9HkT053<,0*26
\s:66,c:1782377514*11\!AIVDM,1,1,,,KmNE1?<;LPCC90=4,0*5F
\s:66,c:1782377514*11\!AIVDM,1,1,,,KpHuvb0FE9<l10AH,0*27
\s:66,c:1782377511*14\!AIVDM,1,1,,,KomF;kOloaglj06@,0*32
\s:66,c:1782377515*10\!AIVDM,1,1,,,KmNE1?<;LPCC90=4,0*5F
\s:66,c:1782377514*11\!AIVDM,1,1,,,15ICGH0P0Uso?U64DHI6mgwd2<05,0*76
\s:66,c:1782377517*12\!AIVDM,1,1,,,33iAqqBu04KNoG894hh:vTgd1PvP,0*38
\s:66,c:1782377515*10\!AIVDM,1,1,,,169Tt4UP@jkcgQQwubTBBi3V2<00,0*3B
\s:66,c:1782377512*17\!AIVDM,1,1,,,K:UOHgL>>B>8MPOt,0*0D
\s:66,c:1782377517*12\!AIVDM,1,1,,,B5VlJb00fH<Aesw7FC8tswsQl8PF,0*2A
\s:66,c:1782377518*1D\!AIVDM,1,1,,,13K9A<?0008NjO3lH7sHO6UR0<1P,0*3E
\s:66,c:1782377518*1D\!AIVDM,1,1,,,KmNWsFd=BIBgC5QP,0*6D
\s:66,c:1782377517*12\!AIVDM,1,1,,,Kn:8hM0DOG2B705H,0*13
\s:66,c:1782377513*16\!AIVDM,1,1,,,Kom@;1:4LK?b`TEd,0*25
\s:66,c:1782377518*1D\!AIVDM,1,1,,,KomRNud4AJ?owP:d,0*35
\s:66,c:1782377517*12\!AIVDM,1,1,,,Ko7b=@02wNOfgV>H,0*3E
\s:66,c:1782377520*16\!AIVDM,1,1,,,Kn:8hM0DOG2B705H,0*13
\s:66,c:1782377519*1C\!AIVDM,1,1,,,K6:DF@<D9N1VKP38,0*1A
\s:66,c:1782377519*1C\!AIVDM,1,1,,,Kn:<D>d44hQSsT>p,0*59
\s:66,c:1782377514*11\!AIVDM,1,1,,,HCh<1aP`tV22222222222222220,2*48
\s:66,c:1782377511*14\!AIVDM,1,1,,,K7luiLf58igGpPOt,0*1E
\s:66,c:1782377515*10\!AIVDM,1,1,,,Km@`T6h6:jwT?T74,0*46
\s:66,c:1782377515*10\!AIVDM,1,1,,,KmO26?8;bjRN9P<l,0*1B
\s:66,c:1782377518*1D\!AIVDM,1,1,,,KmMf<2`;PNSSH0><,0*5B
\s:66,c:1782377518*1D\!AIVDM,1,1,,,36TG4p?OhLnM@@61k6@3JRs`20vP,0*44
\s:66,c:1782377520*16\!AIVDM,1,1,,,Km@`T6h6:jwT?T74,0*46
\s:66,c:1782377513*16\!AIVDM,1,1,,,16?UguPw1`3AhOShL8pB`R;F08Nl,0*23
\s:66,c:1782377515*10\!AIVDM,1,1,,,KlshhLr>;U4RW090,0*55
\s:66,c:1782377516*13\!AIVDM,1,1,,,Kkn3H204I@AlkV=`,0*20
\s:66,c:1782377518*1D\!AIVDM,1,1,,,17lunCh0008mMP9r:cdU2UQf0<0H,0*42
\s:66,c:1782377515*10\!AIVDM,1,1,,,C18ID2P00i9c36K6Bvl;7wP0247SUUKUKgi;1111111000000000,0*49
\s:66,c:1782377507*13\!AIVDM,1,1,,,Kn2?@w@1QQft56<h,0*4C
\s:66,c:1782377515*10\!AIVDM,1,1,,,KmMFhbd=VI2KCSBL,0*61
\s:66,c:1782377518*1D\!AIVDM,1,1,,,KmOBLJ9M4>ArF0@`,0*51
\s:66,c:1782377517*12\!AIVDM,1,1,,,16TG4p?OhOnM@>n1k6@3?RuJ28Lk,0*33
\s:66,c:1782377515*10\!AIVDM,1,1,,,Kp15VeH?AR1P?51H,0*1D
\s:66,c:1782377514*11\!AIVDM,1,1,,,15SdQd001dE?TD>BednKIq9P08M@,0*52
\s:66,c:1782377515*10\!AIVDM,1,1,,,KnK8oL0F5?vK80C`,0*78
\s:66,c:1782377515*10\!AIVDM,1,1,,,KmNWIB`<bej=K06l,0*7E
\s:66,c:1782377512*17\!AIVDM,1,1,,,KnK8oL0F5?vK80C`,0*78
\s:66,c:1782377512*17\!AIVDM,1,1,,,Ko76ao1MH8=U:P68,0*4C
\s:66,c:1782377513*16\!AIVDM,1,1,,,18I8v;01jQ1Vg4Ud9<8J7`9V0D0P,0*36
\s:66,c:1782377513*16\!AIVDM,1,1,,,13F3If002o1u`e9dE:eam7mV053<,0*6E
\s:66,c:1782377517*12\!AIVDM,1,1,,,KpKtlf0Oww@J008t,0*50
\s:66,c:1782377515*10\!AIVDM,1,1,,,Kkcq?L1OtpkfC0CL,0*2D
\s:66,c:1782377515*10\!AIVDM,1,1,,,KqNSR6H0>1Be7P<D,0*6B
\s:66,c:1782377518*1D\!AIVDM,1,1,,,1815`800Qn85oR?j`=F@C0I`053<,0*63
\s:66,c:1782377506*12\!AIVDM,1,1,,,KleGBf0>3CSWA6b0,0*19
\s:66,c:1782377520*16\!AIVDM,1,1,,,KpI:w58DMER8=09D,0*03
\s:66,c:1782377509*1D\!AIVDM,1,1,,,Kn:=fRP4KBBEc6at,0*5B
\s:66,c:1782377512*17\!AIVDM,1,1,,,Kn;NnR06AWkEka5D,0*4E
\s:66,c:1782377518*1D\!AIVDM,1,1,,,19NSu7@023mJ4p>N1Tfc=8ud00Sw,0*02
\s:66,c:1782377518*1D\!AIVDM,1,1,,,K44SkBdFNiDTd0?h,0*40
\s:66,c:1782377513*16\!AIVDM,1,1,,,152fNf0026vq1Mv>fpkpVnkP20T2,0*42
\s:66,c:1782377513*16\!AIVDM,1,1,,,K8Vip<01qs11g64d,0*65
\s:66,c:1782377515*10\!AIVDM,1,1,,,KleIPrbKO<3TP014,0*16
\s:66,c:1782377512*17\!AIVDM,1,1,,,K4`UteHvLuv<iP6p,0*0E
\s:66,c:1782377514*11\!AIVDM,1,1,,,C=@jLi@0<1TRv?sR`GRF<dv0`2B@NL?iKSW1ik:0000000411R2P,0*5E
\s:66,c:1782377514*11\!AIVDM,1,1,,,ENoI2VPQPQ2e7h6bRV62h2a`4SWe6Fi@vRup@00003pP03P,2*06
\s:66,c:1782377512*17\!AIVDM,1,1,,,K4`UteHvLuv<iP6p,0*0E
\s:66,c:1782377506*12\!AIVDM,1,1,,,KmPH4J9MKP354P;@,0*51
\s:66,c:1782377511*14\!AIVDM,1,1,,,KqNSeu@=od0`U8CT,0*0C
\s:66,c:1782377515*10\!AIVDM,1,1,,,Km34A@0=3b2<=cC<,0*34
\s:66,c:1782377517*12\!AIVDM,1,1,,,Km34A@0=3b2<=cC<,0*34
\s:66,c:1782377512*17\!AIVDM,1,1,,,Km?deFP?bE3>pUQH,0*40
\s:66,c:1782377518*1D\!AIVDM,1,1,,,C8kt5e@0:5uQFguh<1hhlbN0AeSWSKS1ia:00000000000411R2P,0*15
\s:66,c:1782377519*1C\!AIVDM,1,1,,,Kn:HHkQDJmBEv04@,0*14
\s:66,c:1782377515*10\!AIVDM,1,1,,,KkP7pNP?e>2Pv5f<,0*51
\s:66,c:1782377517*12\!AIVDM,1,1,,,15@NRt00BaNfsB27OqGuo;7f00Rr,0*5D
\s:66,c:1782377515*10\!AIVDM,1,1,,,KmOtJP8;bnjMS540,0*2A
\s:66,c:1782377518*1D\!AIVDM,1,1,,,18I8`d0w24FlmTpJueIAmiOd08Pe,0*79
\s:66,c:1782377512*17\!AIVDM,1,1,,,KmOtJP8;bnjMS540,0*2A
\s:66,c:1782377520*16\!AIVDM,1,1,,,1815VIh01k;o=MUpVQ>j:1of08Q9,0*47
\s:66,c:1782377512*17\!AIVDM,1,1,,,KrLb4D1Mic=VV0?L,0*08
\s:66,c:1782377515*10\!AIVDM,1,1,,,Kka8STa@:8CkAP0T,0*67
\s:66,c:1782377519*1C\!AIVDM,1,1,,,Kk3pvG`0@=3gE28L,0*4F
\s:66,c:1782377512*17\!AIVDM,1,1,,,18I<?S01R>MbA=Gwv7BVA51P0D01,0*4C
\s:66,c:1782377506*12\!AIVDM,1,1,,,B>qFkg@00A4e20KCNTN7adv4SP06,0*5B
\s:66,c:1782377506*12\!AIVDM,1,1,,,H>qFkg@4U>09DuUw;5wKVF22220,2*3F
\s:66,c:1782377517*12\!AIVDM,1,1,,,B3I98f00AUL9luuwF9BM;wr1h0TN,0*7F
\s:66,c:1782377518*1D\!AIVDM,1,1,,,369D:m@00wFj39AbDkJ15gv00000,0*3A
\s:66,c:1782377514*11\!AIVDM,1,1,,,KlWtnn8;53T7@abp,0*36
\s:66,c:1782377517*12\!AIVDM,1,1,,,Kn@LeDe2`eQK5POt,0*79
\s:66,c:1782377511*14\!AIVDM,1,1,,,17731L012l9r9rH7fqpUV4Lt0<00,0*5C
\s:66,c:1782377515*10\!AIVDM,1,1,,,KmPipH=EC3PvrPOt,0*77
\s:66,c:1782377515*10\!AIVDM,1,1,,,KlWtnn8;53T7@abp,0*36
\s:66,c:1782377517*12\!AIVDM,1,1,,,KqNSi6P>68OqE4@<,0*4C
\s:66,c:1782377512*17\!AIVDM,1,1,,,17h@8L0P1t<ijWOn5;tPCgwv0L04,0*26
\s:66,c:1782377512*17\!AIVDM,1,1,,,1815Hn002T75kQ;qj4IR3QcV0<01,0*47
\g:1-2-5199793,s:66,c:1782377513*5D\!AIVDM,2,1,3,,58HtK382EBtoUKG?W@0l4E9<f0Pu9<9E8LP00017>KfKK5jGNNQAl4i?,0*5C
\g:2-2-5199793*64\!AIVDM,2,2,3,,gS2hk@P00000000,2*43
\s:66,c:1782377519*1C\!AIVDM,1,1,,,18HtK301Bb2BDMEe=bo2VB?f8@QN,0*7A
\s:66,c:1782377515*10\!AIVDM,1,1,,,C>kvG9@01@u5RVs6E0vjowoQkkaQUWUQc111111111hd0000002P,0*3C
\s:66,c:1782377507*13\!AIVDM,1,1,,,Kn2?@o@2ajg6QTSH,0*56
\s:66,c:1782377517*12\!AIVDM,1,1,,,19NSbj@1jU3HJKQi10i9fWs`08Nh,0*2B
\s:66,c:1782377504*10\!AIVDM,1,1,,,14SegB0v24LB?kh@wesb3`3H00RU,0*6F
\s:66,c:1782377520*16\!AIVDM,1,1,,,Kn:7pS`4M`RAvP<8,0*24
\s:66,c:1782377517*12\!AIVDM,1,1,,,39NSq0A1P0OeS<r2w`8GvSuP0Dg:,0*65
\s:66,c:1782377518*1D\!AIVDM,1,1,,,Kold8SN4B2Oq`0;<,0*43
\s:66,c:1782377519*1C\!AIVDM,1,1,,,KqNSTp@DBp>OkP7p,0*5F
\s:66,c:1782377517*12\!AIVDM,1,1,,,Kp15S@h1QeepC5T@,0*51
\s:66,c:1782377506*12\!AIVDM,1,1,,,18I>3T00S;JSt2<@EOfBf2;H0<07,0*37
\s:66,c:1782377511*14\!AIVDM,1,1,,,KmP>;>0>5pCN>UjH,0*25
\s:66,c:1782377517*12\!AIVDM,1,1,,,Kp8fP60:ItfRdOwt,0*4F
\s:66,c:1782377513*16\!AIVDM,1,1,,,KpHtaq0?M@itl9el,0*33
\s:66,c:1782377515*10\!AIVDM,1,1,,,13erT00vj3w;1e<1tTDdaJ7V0<07,0*5D
\s:66,c:1782377511*14\!AIVDM,1,1,,,Kk959005V8>bi4bl,0*26
\s:66,c:1782377513*16\!AIVDM,1,1,,,Ks@1hnL=u?ewJ2Wl,0*42
\s:66,c:1782377516*13\!AIVDM,1,1,,,I8;I2t2AWH@sh0o26>GPeRT4LurK,0*30
\s:66,c:1782377514*11\!AIVDM,1,1,,,169EHkO01drMUA9m=uDdN9qb2<0Q,0*09
\s:66,c:1782377518*1D\!AIVDM,1,1,,,Kkm19h849r?AA7VH,0*1B
\s:66,c:1782377517*12\!AIVDM,1,1,,,18HwSm01B2SOB6Wio1>AmAOV0D0:,0*22
\s:66,c:1782377506*12\!AIVDM,1,1,,,KmNIF>aMJ:S9sPAp,0*1A
\s:66,c:1782377516*13\!AIVDM,1,1,,,16Lotl002TDwottHstqT1SAb0HOj,0*17
\s:66,c:1782377518*1D\!AIVDM,1,1,,,344iPQ?P@7c;;l@N8F;UaTQh2200,0*39
\s:66,c:1782377515*10\!AIVDM,1,1,,,Kkl3p?P?Ep15a6P<,0*32
\s:66,c:1782377511*14\!AIVDM,1,1,,,H006j0hhtpLhTpF09DuV33NoOJD,2*0D
\s:66,c:1782377515*10\!AIVDM,1,1,,,KleGBS3sHIS`oPD4,0*4E
\s:66,c:1782377514*11\!AIVDM,1,1,,,KrU7LJd=UHOi2SbL,0*17
\s:66,c:1782377517*12\!AIVDM,1,1,,,Kkl3p?P?Ep15a6P<,0*32
\s:66,c:1782377515*10\!AIVDM,1,1,,,Kk`j69=@>1Sj4POt,0*56
\s:66,c:1782377519*1C\!AIVDM,1,1,,,Kk=>e68@6ESi90Dl,0*07
\s:66,c:1782377514*11\!AIVDM,1,1,,,KrU7LJd=UHOi2SbL,0*17
\s:66,c:1782377518*1D\!AIVDM,1,1,,,1;DjgT7000JNp39q74t:G7mb0<2;,0*4F
\s:66,c:1782377513*16\!AIVDM,1,1,,,KoPGJ824;EvKQP60,0*64
\s:66,c:1782377505*11\!AIVDM,1,1,,,139;00001LTL=DodRkibL8GB20Sd,0*06
\s:66,c:1782377517*12\!AIVDM,1,1,,,15EBqD002b5JKH?t8sDa>7GR08O?,0*3C
\s:66,c:1782377506*12\!AIVDM,1,1,,,KklBa<8=9Q1qm6BH,0*48
\s:66,c:1782377515*10\!AIVDM,1,1,,,13Vv:w0P1RNnUEH=a@vW6wwf053<,0*14
\s:66,c:1782377514*11\!AIVDM,1,1,,,15N9f20P00E6DqvQ4<KbQ?wV2<0d,0*75
\s:66,c:1782377516*13\!AIVDM,1,1,,,19NSFN002FmphN4F0u?TH3Q`053<,0*29
\s:66,c:1782377512*17\!AIVDM,1,1,,,Ks@7:8<=qpN?00Ot,0*60
\s:66,c:1782377514*11\!AIVDM,1,1,,,BCprdl00:@A;1M;<E:2PKwqPp000,0*57
\s:66,c:1782377514*11\!AIVDM,1,1,,,KmMwq<aKTgBUk0Bl,0*4D
\s:66,c:1782377514*11\!AIVDM,1,1,,,14`Vo8001qohej`>U1fMJ:kT08NT,0*07
\s:66,c:1782377515*10\!AIVDM,1,1,,,Kp?O>NhE;9OS>PDd,0*21
\s:66,c:1782377515*10\!AIVDM,1,1,,,KmMwq<aKTgBUk0Bl,0*4D
\s:66,c:1782377515*10\!AIVDM,1,1,,,KmR?9804bd2D=Ujd,0*3F
\s:66,c:1782377513*16\!AIVDM,1,1,,,35?dQoP01P1>uGwdo3?U`DUP0k5=,0*6F
\s:66,c:1782377515*10\!AIVDM,1,1,,,Kk2k>F=weU2dSQ>@,0*36
\s:66,c:1782377516*13\!AIVDM,1,1,,,K7mRPI?l@4?hO0Ot,0*09
\s:66,c:1782377514*11\!AIVDM,1,1,,,KmC2jb0<h`PN67@L,0*2F
\s:66,c:1782377515*10\!AIVDM,1,1,,,1774LM002JuD3TumMokQD17V00Rn,0*65
\s:66,c:1782377513*16\!AIVDM,1,1,,,K7mRPI?l@4?hO0Ot,0*09
\s:66,c:1782377513*16\!AIVDM,1,1,,,Kp?O>NhE;9OS>PDd,0*21
\s:66,c:1782377507*13\!AIVDM,1,1,,,19NSfd0vk2DhfE:HkV?SrS9F0D04,0*6D
\s:66,c:1782377515*10\!AIVDM,1,1,,,37ljFk50009jK4gu?7aBSoqT0DNb,0*19
\s:66,c:1782377520*16\!AIVDM,1,1,,,C1U9ML005K4sLsuWKmArSwP0L:aKgagGaKic;111111000000020,0*5E
\s:66,c:1782377518*1D\!AIVDM,1,1,,,3;Djjng000JqGcQmr1n9t5=d00uQ,0*19
\s:66,c:1782377517*12\!AIVDM,1,1,,,KnKpuT01n;N@0Vfl,0*6E
\s:66,c:1782377517*12\!AIVDM,1,1,,,15?de?@wj2S;Imj6v8IcGpwR00Sv,0*4E
\s:66,c:1782377518*1D\!AIVDM,1,1,,,C8l6QQ@0;UdBPwrS>Vnr`dv0TNL>j;SWcKk1ik:0000000411R2P,0*0D
\s:66,c:1782377519*1C\!AIVDM,1,1,,,1815KQ@r0UFFqDaaWFDt18W2053<,0*55
\s:66,c:1782377519*4B\!AIVDM,1,1,,A,B3aB9@00005MM`WTot2n7wsUCP06,0*6F
\s:66,c:1782377518*4A\!AIVDM,1,1,,B,13Hcoc3P0100Q60LD:L6rOwh00SC,0*4F
\s:66,c:1782377519*4B\!AIVDM,1,1,,B,16:K<OP01888Vlf<qV`VH4cb08Od,0*66
\s:66,c:1782377514*46\!AIVDM,1,1,,B,13aB8HgP00PEqFhMwCgN4?wd253<,0*49
\s:66,c:1782377518*4A\!AIVDM,1,1,,A,138pwb0025UD:t`76?p=;JKn00SM,0*78
\s:66,c:1782377513*41\!AIVDM,1,1,,A,15TRJr0Oh90:CjHON5RsNDSd0@OP,0*1E
\s:66,c:1782377518*4A\!AIVDM,1,1,,A,19NSMfP02uNr;kPDFb83BRah0@R:,0*69
\s:66,c:1782377518*4A\!AIVDM,1,1,,A,19NSi0hwB=8`faL>ed0ii1Qh053<,0*14
\s:66,c:1782377519*4B\!AIVDM,1,1,,A,1:U8CL0=@:M9>lskn9ji8Pn00000,0*64
\g:1-2-5199794,s:66,c:1782377518*06\!AIVDM,2,1,4,B,57ld5ST000000000000I85<E:0@ti0PTp000001S00000v6:08D3lRk0,0*06
\g:2-2-5199794*63\!AIVDM,2,2,4,B,CQQOc>pgggNwP00,2*3C
\s:66,c:1782377511*14\!AIVDM,1,1,,,18303V7P1F;qL23k@>E25wwF0D08,0*72
\s:66,c:1782377515*10\!AIVDM,1,1,,,K8?O@g@5nqOCkPOt,0*25
\s:66,c:1782377515*10\!AIVDM,1,1,,,KmO457;<e02<LP0`,0*28
\s:66,c:1782377515*10\!AIVDM,1,1,,,KqNSQP8DVDRaQP?l,0*4E
\s:66,c:1782377515*10\!AIVDM,1,1,,,KnK3u3h4i1jHfUUh,0*54
\s:66,c:1782377515*10\!AIVDM,1,1,,,KnK3=<P4nHRQ00>L,0*08
\s:66,c:1782377520*16\!AIVDM,1,1,,,34hIIi?Oh0mUFEinkdg4p35h00c0,0*64
\s:66,c:1782377519*1C\!AIVDM,1,1,,,Kk:4DQ1@BSSb?01<,0*0F
\s:66,c:1782377516*13\!AIVDM,1,1,,,I8:ok=1u<omIC;eFB9iG5DrCDGUg,0*59
\s:66,c:1782377515*10\!AIVDM,1,1,,,13cND001AqsfQRBJl:cM:rO`8HNo,0*5D
\s:66,c:1782377515*10\!AIVDM,1,1,,,KleGVB>=`nCRmPOt,0*6C
\s:66,c:1782377518*1D\!AIVDM,1,1,,,14hIIi?000mUFEenkdfC;33f0D04,0*5B
\s:66,c:1782377518*1D\!AIVDM,1,1,,,14hIIi?000mUFEenkdfC;33f0D04,0*5B
\s:66,c:1782377518*1D\!AIVDM,1,1,,,34hIIi?Oh0mUFEinkdg4p35h00Jh,0*15
\s:66,c:1782377519*1C\!AIVDM,1,1,,,B69L1D@06mtRBpMqo24Pwwv63P06,0*0C
\s:66,c:1782377509*1D\!AIVDM,1,1,,,KoRT7V=CW60flPOt,0*6A
\s:66,c:1782377513*16\!AIVDM,1,1,,,K9NSGIh>Ds0EsV2h,0*6D
\s:66,c:1782377514*11\!AIVDM,1,1,,,14smoP72hHL5JK`W2pc;J9;p0@Mt,0*42
\s:66,c:1782377514*11\!AIVDM,1,1,,,34hEgI;PA3Gg4Nt@oc`dOasT00u1,0*51
\s:66,c:1782377515*10\!AIVDM,1,1,,,KmNfHoedQdR9E0Ot,0*5F
\s:66,c:1782377515*10\!AIVDM,1,1,,,KleG;oIKMNkVV0BT,0*7A
\s:66,c:1782377514*11\!AIVDM,1,1,,,K9NSGIh>Ds0EsV2h,0*6D
\s:66,c:1782377517*12\!AIVDM,1,1,,,18158mP01PJC0Er7WOP0@hAf0@PA,0*11
\s:66,c:1782377512*17\!AIVDM,1,1,,,34hEgI;PA3Gg4Nt@oc`dOasT00u1,0*51
\s:66,c:1782377512*17\!AIVDM,1,1,,,KrLR1ISuUQdP:0=4,0*2D
\s:66,c:1782377512*17\!AIVDM,1,1,,,13inM63008KljPgd@iFd9awp0`Lu,0*31
\s:66,c:1782377512*17\!AIVDM,1,1,,,Kk=Il283tTvvU7Ed,0*05
\s:66,c:1782377512*17\!AIVDM,1,1,,,15Btgt002<922PAbrNM3nk9H0HK<,0*3B
\s:66,c:1782377514*11\!AIVDM,1,1,,,15Btgt002=922aAbrNCkrk9T0HNp,0*14
\s:66,c:1782377517*12\!AIVDM,1,1,,,Km?db0H0vEeOD56T,0*3A
\s:66,c:1782377517*12\!AIVDM,1,1,,,KlaAE6<@KiwUU0B8,0*70
\s:66,c:1782377515*10\!AIVDM,1,1,,,Kkauwt<@62khT0Ot,0*74
\s:66,c:1782377516*13\!AIVDM,1,1,,,K6:RM404M0AsvU34,0*64
\s:66,c:1782377518*1D\!AIVDM,1,1,,,13sGaH0019J7lWSp:oDo;EUb08OT,0*31
\s:66,c:1782377512*17\!AIVDM,1,1,,,K9NSGIh>Ds0EsV2h,0*6D
\s:66,c:1782377513*16\!AIVDM,1,1,,,Kom:3Vh4<GwgkSPh,0*46
\s:66,c:1782377513*16\!AIVDM,1,1,,,19NS`F@01n4=K3?oL@w8o71N0<05,0*37
\s:66,c:1782377505*11\!AIVDM,1,1,,,19NSau001s4nIoooknSa;G@l053<,0*35
\s:66,c:1782377517*12\!AIVDM,1,1,,,B00001000U=J>Dv?K82wowv4SP06,0*5C
\s:66,c:1782377517*12\!AIVDM,1,1,,,H000010htpLhTpF09DuV33BoKJD,2*00
\s:66,c:1782377515*10\!AIVDM,1,1,,,15TlK@001vvhpLh6P:W=Dbcb0<0:,0*4A
\s:66,c:1782377514*11\!AIVDM,1,1,,,17`BPcHP03<ap9UaJM4TjwwV0HNh,0*4E
\s:66,c:1782377517*12\!AIVDM,1,1,,,KqNSjr00N0f7SWkp,0*68
\s:66,c:1782377519*1C\!AIVDM,1,1,,,Kkwm=S@0<T0J=4A4,0*2D
\s:66,c:1782377519*1C\!AIVDM,1,1,,,KkMCGUSwtuCfP0Ot,0*00
\s:66,c:1782377513*16\!AIVDM,1,1,,,Kolcm:d4Hi?tGPOt,0*0D
\s:66,c:1782377513*16\!AIVDM,1,1,,,KomFBPt4C0?sH18d,0*20
\s:66,c:1782377515*10\!AIVDM,1,1,,,C1<=nlh05Q9bwrs8CCo?swP0HTjkSiiKQWKki;11111000000000,0*7B
\s:66,c:1782377518*1D\!AIVDM,1,1,,,35N01T001Kra@W:DA0g20Qaf00h0,0*60
\s:66,c:1782377517*12\!AIVDM,1,1,,,Ko1:=l1AubQlI0:@,0*40
\s:66,c:1782377514*46\!AIVDM,1,1,,B,19N`34@0230gK62ER94K7`od053<,0*6A
\s:66,c:1782377518*4A\!AIVDM,1,1,,B,13bT9F001UONsv6Ju1v86VMn053<,0*31
\s:66,c:1782377513*41\!AIVDM,1,1,,A,13@nkGo0000U;jjP2uAiQWSbH@OG,0*2F
\s:66,c:1782377515*47\!AIVDM,1,1,,A,35MqcN1P@0FBKDPPk=DHDUMp0000,0*5D
\s:66,c:1782377519*4B\!AIVDM,1,1,,A,19NSRp0P@u2C2gIgPVM4CCEn053<,0*10
\s:66,c:1782377519*4B\!AIVDM,1,1,,B,H69DH8A`PE1EUDLtpOK33362220,2*4E
\s:66,c:1782377169*48\!AIVDM,1,1,,A,H69DH8DQ6DeiqhmnhhhiPP3hD550,0*0A
\s:66,c:1782377519*4B\!AIVDM,1,1,,A,35MqcN1P@0FBKDVPk=DH5UKp0000,0*2C
\s:66,c:1782377512*40\!AIVDM,1,1,,B,13`j7B3P00PGC9`NOhTf4?wV2HNC,0*30
\s:66,c:1782377520*41\!AIVDM,1,1,,A,133V?v300GPCOQPMFBpaEWj02@0@,0*33
\s:66,c:1782377520*41\!AIVDM,1,1,,A,14hGj@002EPC5W@GPBGpiVun0@0<,0*5A
\s:66,c:1782377520*41\!AIVDM,1,1,,A,36:JNePP@98gUR0ACUt=WGon01u@,0*52
\s:66,c:1782377513*41\!AIVDM,1,1,,B,1815N70w1q`9CML<Q::02c=R00Rk,0*17
\s:66,c:1782377518*4A\!AIVDM,1,1,,B,13cjSD003pPFqqDG`2hrTHOh0hR0,0*26
\s:66,c:1782377519*4B\!AIVDM,1,1,,A,169UT>PP0087qKH<u5`f40OR2hRB,0*73
\s:66,c:1782377507*13\!AIVDM,1,1,,,144SNe001e<:24DQdhr`r79H0D00,0*31
\s:66,c:1782377507*13\!AIVDM,1,1,,,16KGM2002k:mCBBIdjv`qG3H0HJj,0*1A
\s:66,c:1782377518*1D\!AIVDM,1,1,,,169L0whP1@:nK@@Gup7=@wwh0D04,0*14
\s:66,c:1782377513*16\!AIVDM,1,1,,,Kks<u<d?bbRjTPbT,0*10
\s:66,c:1782377513*16\!AIVDM,1,1,,,19NSS0`01;vvr<`5bO69o7eT0D1O,0*11
\s:66,c:1782377514*11\!AIVDM,1,1,,,1UNN;BPP00G<oLdJISbIh?wP2000,0*4F
\s:66,c:1782377515*10\!AIVDM,1,1,,,Kn9L0h<5UC?3<ROt,0*29
\s:66,c:1782377513*16\!AIVDM,1,1,,,15?dbe0P050jUoAtHRvkEwwN00SJ,0*1A
\s:66,c:1782377519*1C\!AIVDM,1,1,,,KkaGDPL0:F3jCPOt,0*04
\s:66,c:1782377518*1D\!AIVDM,1,1,,,Kn:m6b1MHL=VNP@0,0*3C
\s:66,c:1782377518*1D\!AIVDM,1,1,,,KrkJRoqMJwfA9PA`,0*2C
\s:66,c:1782377518*1D\!AIVDM,1,1,,,Kn9L0h<5UC?3<ROt,0*29
\s:66,c:1782377507*13\!AIVDM,1,1,,,144sqV001:C;O:8S4cMa>oGF053<,0*4E
\s:66,c:1782377512*17\!AIVDM,1,1,,,19NSOJh1isdU78HN8QtRD1kL0Gwv,0*67
\s:66,c:1782377516*13\!AIVDM,1,1,,,35N54;WPAPl6nRFNuA=ib1Sd0000,0*69
\s:66,c:1782377514*11\!AIVDM,1,1,,,KmNBb>;sKVkMj0a`,0*39
\s:66,c:1782377514*11\!AIVDM,1,1,,,17`B@C@000d?tqGVV?hGlnw`00S2,0*4D
\s:66,c:1782377517*12\!AIVDM,1,1,,,Kp15`d1Bsji2iP;<,0*53
\s:66,c:1782377515*10\!AIVDM,1,1,,,KmNBb>;sKVkMj0a`,0*39
\s:66,c:1782377517*12\!AIVDM,1,1,,,E>oBsn0`4`2V4W2hIP000000000MrqI41vCHH00000L010,4*22
\s:66,c:1782377513*16\!AIVDM,1,1,,,14`W`F011m1<Soqdh>KUmDSP0@M3,0*66
\s:66,c:1782377517*12\!AIVDM,1,1,,,18I3f`00262>gweeN1waJGca00S8,0*07
\s:66,c:1782377519*1C\!AIVDM,1,1,,,1815IAh00i0j2wKtQQhbg`El00S2,0*06
\s:66,c:1782377515*10\!AIVDM,1,1,,,Kk3<6Jd?3mjhpPOt,0*28
\s:66,c:1782377518*1D\!AIVDM,1,1,,,K9NSP;05a9NC0`nH,0*45
\s:66,c:1782377506*12\!AIVDM,1,1,,,Kkl3nIP>BL3>PV?h,0*03
\s:66,c:1782377511*14\!AIVDM,1,1,,,KmO=mE3u4@1rK0;d,0*4E
\s:66,c:1782377515*10\!AIVDM,1,1,,,KmN9sF`=IOk6b0=0,0*5A
\s:66,c:1782377517*12\!AIVDM,1,1,,,B>l?r6P00Uale5PFGt89;wq4SP06,0*7C
\s:66,c:1782377518*1D\!AIVDM,1,1,,,37fu;gU000EC6tsmt00dH`5h0Dd:,0*5C
\s:66,c:1782377513*16\!AIVDM,1,1,,,19pP6T0P@6NN20T:PT@oMkcN08Lq,0*42
\s:66,c:1782377514*11\!AIVDM,1,1,,,KlsotD1v1;De?Qi`,0*67
\s:66,c:1782377513*16\!AIVDM,1,1,,,Kq@>k2N25?1tg4ld,0*12
\s:66,c:1782377517*12\!AIVDM,1,1,,,Kn8uBd01PvA9c790,0*2B
\s:66,c:1782377514*11\!AIVDM,1,1,,,1815ahP02AtA7W3w:2TjkjGT0U3<,0*2F
\s:66,c:1782377518*1D\!AIVDM,1,1,,,36TUFt?OhEnS3Hp2>nnVOTuT004j,0*04
\s:66,c:1782377513*16\!AIVDM,1,1,,,KrU859<>JsvDi0Al,0*42
\s:66,c:1782377517*12\!AIVDM,1,1,,,35UBpN012;1H7BwcwDoD@SKb0Dvu,0*0D
\s:66,c:1782377519*1C\!AIVDM,1,1,,,35?dash21k1fWn9d95H:F`CN0JEC,0*32
\s:66,c:1782377515*10\!AIVDM,1,1,,,KlsotD1v1;De?Qi`,0*67
\s:66,c:1782377513*16\!AIVDM,1,1,,,KomLIK0D53Oj5P><,0*50
\s:66,c:1782377504*10\!AIVDM,1,1,,,18Huu6002nLNpj@H?0K9rWuB053<,0*39
\s:66,c:1782377518*1D\!AIVDM,1,1,,,KmMuLa?u4WjIwPOt,0*42
\s:66,c:1782377517*12\!AIVDM,1,1,,,36TUFt?OhFnS3Hp2>nsFGTwL00u@,0*73
\s:66,c:1782377517*12\!AIVDM,1,1,,,B5Nh60P05MNhRm39hTJ>CwpUoP06,0*5B
\s:66,c:1782377517*12\!AIVDM,1,1,,,Kn8uBd01PvA9c790,0*2B
\s:66,c:1782377519*1C\!AIVDM,1,1,,,Kn:r>j0DIQAsr0>@,0*3C
\s:66,c:1782377512*17\!AIVDM,1,1,,,K5NuoM1Ja0lNP0?4,0*63
\s:66,c:1782377513*16\!AIVDM,1,1,,,Kr5b5B0OO1hg<0B4,0*0A
\s:66,c:1782377515*10\!AIVDM,1,1,,,19pJCN7P0MviTDp8uCf9fgw`2@NV,0*10
\s:66,c:1782377517*12\!AIVDM,1,1,,,19N`3JP011NtMTR5tHo=QJub00Rb,0*4E
\s:66,c:1782377517*12\!AIVDM,1,1,,,Kq13mU0wwSR`3RAp,0*66
\s:66,c:1782377514*11\!AIVDM,1,1,,,Kl`Ut;p;a`jMnT=H,0*18
\s:66,c:1782377516*13\!AIVDM,1,1,,,19NSj<@uRPDG@EFM?4FCNjm`053<,0*33
\s:66,c:1782377514*11\!AIVDM,1,1,,,B7`B1L@0Js8>VurfqN4<owpUoP06,0*06
\s:66,c:1782377515*10\!AIVDM,1,1,,,KqNSJ;0;od1icVl4,0*04
\s:66,c:1782377517*12\!AIVDM,1,1,,,15Mi4R000oKrUhr4`BsAcQUd0@OJ,0*5A
\s:66,c:1782377512*17\!AIVDM,1,1,,,Kl`Ut;p;a`jMnT=H,0*18
\s:66,c:1782377518*1D\!AIVDM,1,1,,,KqNSJ;0;od1icVl4,0*04
\s:66,c:1782377518*1D\!AIVDM,1,1,,,14`V3>@02>o6nj:Bd53Ee4M`00S<,0*34
\s:66,c:1782377515*10\!AIVDM,1,1,,,18UH2<8P1e;wCoMngORlmgwb0@O4,0*00
\s:66,c:1782377512*17\!AIVDM,1,1,,,Kp15RD0N>R>5BPAp,0*74
\s:66,c:1782377514*11\!AIVDM,1,1,,,15D@3v001o88P=QfnRgUoTcN053<,0*34
\s:66,c:1782377513*16\!AIVDM,1,1,,,Kr5b5B0OO1hg<0B4,0*0A
\s:66,c:1782377517*12\!AIVDM,1,1,,,Koljf?P3wbwlhSVL,0*50
\s:66,c:1782377512*17\!AIVDM,1,1,,,Kr5b5B0OO1hg<0B4,0*0A
\s:66,c:1782377513*16\!AIVDM,1,1,,,Km?dT3iD89wNAP<`,0*25
\s:66,c:1782377518*1D\!AIVDM,1,1,,,Koljf?P3wbwlhSVL,0*50
\s:66,c:1782377518*4A\!AIVDM,1,1,,A,13aGsE0P00PJ9LpN?7j>4?wl2@R9,0*50
\g:1-2-5199795,s:66,c:1782377518*07\!AIVDM,2,1,5,A,55@`?RT2=AwG<G?GSV0nqJr0<DhE=@T62222221??@C5?5Wj0CC@C1H8,0*5E
\g:2-2-5199795*62\!AIVDM,2,2,5,A,888888888888880,2*21
\s:66,c:1782377519*4B\!AIVDM,1,1,,A,16:G4:00017if8<:?Fjndpon00R:,0*55
\s:66,c:1782377517*45\!AIVDM,1,1,,B,33a>dV1000sUorL64vwqT8Of0Dcb,0*7C
\s:66,c:1782377518*4A\!AIVDM,1,1,,A,188fCw0000ECCE3musiM0m=l0000,0*35
\s:66,c:1782377519*4B\!AIVDM,1,1,,A,15?da`P01H7KhV80e7Tae7in0D=R,0*02
\s:66,c:1782377516*44\!AIVDM,1,1,,A,B5OIF:P3wk?8mP=18D3Q3wwQhhQ=,0*72
\s:66,c:1782377518*4A\!AIVDM,1,1,,A,18I=dr000R2OkNT@jsnhG@Kl053<,0*56
\s:66,c:1782377517*12\!AIVDM,1,1,,,Kklf708?DuR9>50L,0*60
\s:66,c:1782377517*12\!AIVDM,1,1,,,Kp15CQ@B4Einu0>l,0*29
\s:66,c:1782377515*10\!AIVDM,1,1,,,KpI8LU04nk0?;UVp,0*72
\s:66,c:1782377515*10\!AIVDM,1,1,,,Kn9>KuOn=Jg45Pfp,0*0D
\s:66,c:1782377518*1D\!AIVDM,1,1,,,KmPH43uKMA3Ht0Ot,0*68
\s:66,c:1782377515*10\!AIVDM,1,1,,,Kn9>KuOn=Jg45Pfp,0*0D
\s:66,c:1782377512*17\!AIVDM,1,1,,,18I3dB0wQOLujOqj9D>iLi@P00SO,0*6F
\s:66,c:1782377513*16\!AIVDM,1,1,,,KpL5g20l`i?<>0fp,0*3E
\s:66,c:1782377513*16\!AIVDM,1,1,,,I8:asD0SlAC2BWrN<ikS3@eQ2>45,0*4B
\s:66,c:1782377513*16\!AIVDM,1,1,,,KpI8LU04nk0?;UVp,0*72
\s:66,c:1782377507*13\!AIVDM,1,1,,,KkViFB01<:edT7?L,0*6A
\s:66,c:1782377502*16\!AIVDM,1,1,,,KlhG3i0@?RC:oP0`,0*3E
\s:66,c:1782377518*1D\!AIVDM,1,1,,,C3i<Qth0:MmRegr`F59fWTN0TAcSSKSQKeU:0000000000D2RRR0,0*5C
\s:66,c:1782377519*1C\!AIVDM,1,1,,,KpSQ8jd3rh1R10Ot,0*18
\s:66,c:1782377516*44\!AIVDM,1,1,,A,15NHsAgP0Kr:bQhAHmWbvpWf0000,0*2F
\s:66,c:1782377519*4B\!AIVDM,1,1,,B,13IQ?i00000:l;LM=:`ng0on0<6v,0*26
\s:66,c:1782377519*4B\!AIVDM,1,1,,A,33o2b9U0000hPeVQ1ec3ETEl0DS:,0*0E
\s:66,c:1782377520*41\!AIVDM,1,1,,A,18I7TE0wB:7Um2d2WCoQ2Pmn0<0i,0*0A
\s:66,c:1782377514*46\!AIVDM,1,1,,B,139Wbi00000ShEJNfqt9nD1b08On,0*02
\s:66,c:1782377518*4A\!AIVDM,1,1,,A,B3mV6r0008<?G5`TQtP000N00000,0*5E
\s:66,c:1782377518*4A\!AIVDM,1,1,,B,160p<t0t@@4wLlB<u2VLWaEj0@QD,0*52
\s:66,c:1782377514*46\!AIVDM,1,1,,A,139K3A011FOT7gRKTPQi80wd0<1P,0*4A
\s:66,c:1782377520*41\!AIVDM,1,1,,B,19NSboP01w8P??2<L6e3fRol0@0<,0*1A
\s:66,c:1782377516*44\!AIVDM,1,1,,B,19NSPs0002re27<G@:I0P07h20R`,0*74
\s:66,c:1782377517*45\!AIVDM,1,1,,B,16;3L`001f8bmbP?K3O8CFOh00SA,0*54
\s:66,c:1782377517*12\!AIVDM,1,1,,,Kp15`3hM`>0gd0A8,0*0A
\s:66,c:1782377512*17\!AIVDM,1,1,,,C=@imth02ATn4OsSE8P00av0`2BhB2L?kKgc1iW:000000411R2P,0*07
\s:66,c:1782377517*12\!AIVDM,1,1,,,Ko6re10@9E0M`00`,0*22
\s:66,c:1782377513*16\!AIVDM,1,1,,,Km?d`VAAm=?1J03p,0*4B
\s:66,c:1782377506*12\!AIVDM,1,1,,,KmNKTs1M0cj>G0@h,0*47
\s:66,c:1782377515*10\!AIVDM,1,1,,,KmO5bjQMBIBvQ0=l,0*20
\s:66,c:1782377518*1D\!AIVDM,1,1,,,Kk@dPJ0>t:S@s9?0,0*6F
\s:66,c:1782377513*16\!AIVDM,1,1,,,Kl`UufhOPV0WeP?4,0*1E
\s:66,c:1782377513*16\!AIVDM,1,1,,,14Qw`P01jgO7W=V3PAt4m3s`0<01,0*1E
\s:66,c:1782377515*10\!AIVDM,1,1,,,KoOpNQ0Djc?5OP:p,0*41
\s:66,c:1782377518*1D\!AIVDM,1,1,,,16U4O873@9nLJAH1img`dDWT20S8,0*12
\s:66,c:1782377518*1D\!AIVDM,1,1,,,16TFaR001REseI<0D4IC:RoV08Ob,0*3A
\s:66,c:1782377512*17\!AIVDM,1,1,,,16<ftI?P00dhf:EmWboP0?wR20Rc,0*03
\s:66,c:1782377515*10\!AIVDM,1,1,,,169TtA0P@kCW=41w=c0AL01`00Sk,0*12
\s:66,c:1782377515*10\!AIVDM,1,1,,,13Gk6:001nD1m2Ums05CG2mb00RM,0*58
\s:66,c:1782377512*17\!AIVDM,1,1,,,Kp15WFhN>s>7:01H,0*58
\s:66,c:1782377512*17\!AIVDM,1,1,,,KpJeVJ0=nuMP`U@0,0*21
\s:66,c:1782377518*1D\!AIVDM,1,1,,,16<fv=wP0?Ud5NaeM9Md9Owd28PE,0*30
\s:66,c:1782377513*16\!AIVDM,1,1,,,K8u:w=aA1I=U=P2p,0*0E
\s:66,c:1782377513*16\!AIVDM,1,1,,,Kl`UufhOPV0WeP?4,0*1E
\s:66,c:1782377519*1C\!AIVDM,1,1,,,KkJAr>8090k9r2EH,0*1E
\s:66,c:1782377516*13\!AIVDM,1,1,,,KpHsFa`3k>@6lP?<,0*0F
\s:66,c:1782377518*1D\!AIVDM,1,1,,,169>d@0P08rMMeIlpk6K1gwf2HPs,0*61
\g:1-2-5199796,s:66,c:1782377506*5C\!AIVDM,2,1,6,,56<fv=p000008S?G7N1UD4r0l4r222222222220N20D34t05m0000000,0*37
\g:2-2-5199796*61\!AIVDM,2,2,6,,000000000000000,2*63
\s:66,c:1782377519*1C\!AIVDM,1,1,,,Kqt6b>L4GW1lB4Ot,0*3B
\s:66,c:1782377513*16\!AIVDM,1,1,,,19NSpe@02fNjvM0=oh>p@FcR0@M`,0*72
\s:66,c:1782377517*12\!AIVDM,1,1,,,13FDvf001Gvn@Wr>LLcQJA;`00Si,0*1A
\s:66,c:1782377512*17\!AIVDM,1,1,,,KqNSP8t;t6ib<6Wl,0*1F
\s:66,c:1782377517*12\!AIVDM,1,1,,,Km5v7j@@2thLUP:t,0*76
\s:66,c:1782377519*1C\!AIVDM,1,1,,,KleGqASv4K3K23T4,0*11
\s:66,c:1782377504*10\!AIVDM,1,1,,,KmPAid0=c:jlQbSt,0*1B
\s:66,c:1782377518*1D\!AIVDM,1,1,,,KleG;CiMD`kGn0@p,0*58
\s:66,c:1782377518*1D\!AIVDM,1,1,,,KleGqASv4K3K23T4,0*11
\s:66,c:1782377520*16\!AIVDM,1,1,,,Kl4iJ9eDopk8DPOt,0*2C
\s:66,c:1782377514*46\!AIVDM,1,1,,A,18InnP000<7UTaiwc4Psq7Ab053<,0*68
\s:66,c:1782377519*4B\!AIVDM,1,1,,B,13ku7C0wRk3o:oilpD:HlW7j0D02,0*69
\s:66,c:1782377514*46\!AIVDM,1,1,,B,13aQf4P0000WqjlNINAhW@ad0<1B,0*38
\s:66,c:1782377518*4A\!AIVDM,1,1,,A,H3Ibh0PA8D4n1@4P44000000000,2*3E
\s:66,c:1782377518*4A\!AIVDM,1,1,,A,H3Ibh0TT000000061<klhi1H5720,0*5A
\s:66,c:1782377519*4B\!AIVDM,1,1,,A,15O4RcP01GI=23v@tLTS5jOl0<8d,0*2E
\s:66,c:1782377519*4B\!AIVDM,1,1,,A,23l3p1m000WarWR63>j2OQ7l053<,0*09
\s:66,c:1782377521*40\!AIVDM,1,1,,B,1815I>P0?w<tSF0l4Q@>41?v0U3@,0*37
\s:66,c:1782377519*4B\!AIVDM,1,1,,B,33bmVR0P@80IL5@N6Blr1Jl000u0,0*30
\s:66,c:1782377512*17\!AIVDM,1,1,,,13ku:Eh02>DuSetNQlHs38oL08Jq,0*70
\s:66,c:1782377516*13\!AIVDM,1,1,,,1815cu@027cM6>jH@v12F1uT0<00,0*62
\s:66,c:1782377513*16\!AIVDM,1,1,,,KqNSjA0>NJ0GTU8L,0*63
\s:66,c:1782377511*14\!AIVDM,1,1,,,177P=J0022:u?S<0Qj;VH5?608L?,0*07
\s:66,c:1782377517*12\!AIVDM,1,1,,,Kl`V0JPN=eOq3PDp,0*23
\s:66,c:1782377518*1D\!AIVDM,1,1,,,14`@dH002?8G3CmlMlLSKjaf0HQT,0*08
\s:66,c:1782377517*12\!AIVDM,1,1,,,KqNSW1@@tCuQA0EH,0*49
\s:66,c:1782377519*1C\!AIVDM,1,1,,,13l?uD01QNOp?PH2k6kENlIl0U3<,0*2D
\s:66,c:1782377514*11\!AIVDM,1,1,,,13@eVf012dJ;DBOtt@kMhc1T08N9,0*68
\s:66,c:1782377512*17\!AIVDM,1,1,,,KqNSjA0>NJ0GTU8L,0*63
\s:66,c:1782377518*1D\!AIVDM,1,1,,,14Q400002QJBsU@?@a80A0Ad0<0f,0*12
\s:66,c:1782377520*16\!AIVDM,1,1,,,Kl4jVQ057R3QD1S4,0*09
\s:66,c:1782377520*16\!AIVDM,1,1,,,KnLjhj05;3Rl30@4,0*22
\s:66,c:1782377513*16\!AIVDM,1,1,,,Kn?bV51Bt<0uGP>L,0*67
\s:66,c:1782377517*12\!AIVDM,1,1,,,KmSUsl01J;iQU0cd,0*72
\s:66,c:1782377515*10\!AIVDM,1,1,,,KmPm<DAKPECOh0?`,0*10
\s:66,c:1782377514*11\!AIVDM,1,1,,,KmS<K0<M5a@ai0Ot,0*33
\s:66,c:1782377512*17\!AIVDM,1,1,,,38I8j40wB<HU?Ct:K`fUGDEN0Che,0*3B
\s:66,c:1782377512*17\!AIVDM,1,1,,,1815@N0vPaLsu0Gjhfwsb8pt0<1D,0*69
\s:66,c:1782377519*1C\!AIVDM,1,1,,,15CeM8001j0niMidQ4W3TBsP0D00,0*5C
\s:66,c:1782377519*1C\!AIVDM,1,1,,,Kk9OiOQ@0U3WdP58,0*3E
\s:66,c:1782377514*11\!AIVDM,1,1,,,169EFEJP06JMS7kloo>dMD9>2hLw,0*52
\s:66,c:1782377514*11\!AIVDM,1,1,,,KmS<K0<M5a@ai0Ot,0*33
\s:66,c:1782377514*11\!AIVDM,1,1,,,33?udD7OhnJbSjok=ad39BsV0Qw@,0*65
\s:66,c:1782377512*17\!AIVDM,1,1,,,E1LVVu0cHKP0000000000000000>h0h8uVLA800000q030,4*7C
\s:66,c:1782377506*12\!AIVDM,1,1,,,KmVQOf0=gk101VmH,0*2D
\s:66,c:1782377517*12\!AIVDM,1,1,,,KmS<K0<M5a@ai0Ot,0*33
\s:66,c:1782377514*11\!AIVDM,1,1,,,18I8G70wQiEJOmF=8j9A>Q7T00S7,0*04
\s:66,c:1782377518*1D\!AIVDM,1,1,,,KmMwc@`<QC2;GP3@,0*7B
\s:66,c:1782377514*11\!AIVDM,1,1,,,19NSE5P01VL1rRSvpgQt<qib00SB,0*18
\s:66,c:1782377514*11\!AIVDM,1,1,,,K9JfBL8MgbPhL05D,0*72
\s:66,c:1782377515*10\!AIVDM,1,1,,,K9N`3mh5QH3Iv62<,0*15
\s:66,c:1782377512*17\!AIVDM,1,1,,,1:LR50m01OsMnqqW>lKca91>0@IT,0*13
\s:66,c:1782377512*17\!AIVDM,1,1,,,KmBBhL1N=v=sc0@D,0*48
\s:66,c:1782377518*1D\!AIVDM,1,1,,,19NWrUh01`WoJEAl`VM69lqd253<,0*47
\s:66,c:1782377517*12\!AIVDM,1,1,,,13ku:Bhw2Q1=>L?d?M@JrpU`053<,0*1F
\s:66,c:1782377513*16\!AIVDM,1,1,,,Kl``6K0@9>hMT0;L,0*7C
\s:66,c:1782377512*17\!AIVDM,1,1,,,KmBBhL1N=v=sc0@D,0*48
\s:66,c:1782377517*12\!AIVDM,1,1,,,Kp15<Gp2MGAMBV20,0*71
\s:66,c:1782377519*1C\!AIVDM,1,1,,,Kn@BvV?k>FAW3P44,0*39
\s:66,c:1782377518*4A\!AIVDM,1,1,,A,1815?SPwAo0n:wJO8cESa2ql08R0,0*31
\s:66,c:1782377518*4A\!AIVDM,1,1,,B,19NSa@002VOJbFr2MGcK18kn053<,0*30
\s:66,c:1782377518*4A\!AIVDM,1,1,,A,13ku;oP0BrOALERH13wVoESn00RV,0*13
\s:66,c:1782377513*41\!AIVDM,1,1,,B,339L;@UP00PefTjNV2ph0?wb0EDr,0*28
\s:66,c:1782377518*4A\!AIVDM,1,1,,B,37libNE0007aH79tPT?aT@1l0DHb,0*54
\s:66,c:1782377518*4A\!AIVDM,1,1,,B,139f>93P00PeWm0NWnr00?wl20RJ,0*18
\s:66,c:1782377518*4A\!AIVDM,1,1,,A,34eJOUP4jMsM65tIQuEn5lqf00VP,0*10
\s:66,c:1782377519*4B\!AIVDM,1,1,,A,19AFchPP00RAHbpB0PN>4?wl2<0j,0*7D
\s:66,c:1782377520*41\!AIVDM,1,1,,B,E>mWTI71Q2Hh@@@@@@@@@@@@@@@ClGfL5uhK000@0;v0000,2*52
\s:66,c:1782377514*46\!AIVDM,1,1,,B,33a`Tn000t0GpbFNR3snsEQb0Qrh,0*35
\s:66,c:1782377518*4A\!AIVDM,1,1,,A,16=q?=PP00UePJ@3v>3N4?wl2D14,0*60
\s:66,c:1782377518*4A\!AIVDM,1,1,,B,1815ME00@025wmRGGiQcsFoh0@R1,0*65
\s:66,c:1782377517*45\!AIVDM,1,1,,A,33`oE<0P1>PDC?>MdTocv?wh256k,0*14
\s:66,c:1782377519*4B\!AIVDM,1,1,,B,13`e?60P00PCrelMEF;v4?wn20Sk,0*08
\s:66,c:1782377518*4A\!AIVDM,1,1,,A,337ufd0P00OVfUtDQsv5A`il0000,0*59
\s:66,c:1782377518*4A\!AIVDM,1,1,,A,13EseH7P0UP4gbJG4VkDaOwj20Re,0*1A
\s:66,c:1782377518*4A\!AIVDM,1,1,,B,39=Gh>A000Wb88P5oLjhGa9j2001,0*75
\s:66,c:1782377513*41\!AIVDM,1,1,,A,33l;wJ002U1M5j2Ejh:mlTap0000,0*03
\s:66,c:1782377520*41\!AIVDM,1,1,,B,13mJbT00000JAP0Qga2<=PV20<1`,0*60
\s:66,c:1782377518*1D\!AIVDM,1,1,,,144iAG701Mc;VV0Mw17160qj2@QR,0*4B
\s:66,c:1782377515*10\!AIVDM,1,1,,,KkmutH0?UpRsCW<@,0*00
\s:66,c:1782377515*10\!AIVDM,1,1,,,KqNSV7L?i6wj`6D<,0*3E
\s:66,c:1782377517*12\!AIVDM,1,1,,,KmNf4?aMU6iFMT90,0*12
\s:66,c:1782377514*11\!AIVDM,1,1,,,15@4G:01Am6u7KekP3<2QB5`0D0I,0*50
\s:66,c:1782377513*16\!AIVDM,1,1,,,KqNSV7L?i6wj`6D<,0*3E
\s:66,c:1782377518*1D\!AIVDM,1,1,,,15QoQJ002VJ@Hkr22M@oNmqf0D05,0*5E
\s:66,c:1782377515*10\!AIVDM,1,1,,,KqNSV7L?i6wj`6D<,0*3E
\s:66,c:1782377519*1C\!AIVDM,1,1,,,Kom3p=<485?Nv000,0*62
\s:66,c:1782377518*1D\!AIVDM,1,1,,,KmNf4?aMU6iFMT90,0*12
\s:66,c:1782377517*12\!AIVDM,1,1,,,KmNdIwc<dCB<E0BH,0*2C
\s:66,c:1782377502*16\!AIVDM,1,1,,,Kk9Vi<<0PC3uDPOt,0*0B
\s:66,c:1782377518*4A\!AIVDM,1,1,,A,6>l4EuIRMpD`urKe15OD806?<L1A`00000EtN<Le<><Lf?0,2*40
\s:66,c:1782377518*4A\!AIVDM,1,1,,B,83`e>3hj2d<dtetLL29Pq?t08Lt0,0*2E
\s:66,c:1782377514*46\!AIVDM,1,1,,A,ENo6gqL1ShJIh@@@@@@@@@@@@@@=C56D2vKSP1088;v010,4*03
\s:66,c:1782377163*42\!AIVDM,1,1,,A,H7`B1e10E8HD=B04@@T=@Ttp000,2*6F
\s:66,c:1782377520*41\!AIVDM,1,1,,B,H7`B1e4TFC@<95JJ=7jhpm006000,0*2A
\s:66,c:1782377511*43\!AIVDM,1,1,,B,13aQd5lP00PDQqtMdianVgwV2<7O,0*13
\s:66,c:1782377517*45\!AIVDM,1,1,,B,369L6mP01C8iEhLA3eTVfE?p0Rmi,0*33
\s:66,c:1782377516*44\!AIVDM,1,1,,A,16:;2D0P?w<tSF0l4Q@>4?wv0pOs,0*12
\s:66,c:1782377517*45\!AIVDM,1,1,,B,13ku;>011f0>odtN=m314hsf0<52,0*45
\s:66,c:1782377519*4B\!AIVDM,1,1,,A,36:LSwP01f8jSM6Do2of3@3`00T3,0*6B
\s:66,c:1782377518*4A\!AIVDM,1,1,,A,144WPV002R7nqq494Q85mlcj0<4>,0*14
\s:66,c:1782377516*13\!AIVDM,1,1,,,144i08WP02c9n>LN:1wf4?wd2@Or,0*77
\s:66,c:1782377513*16\!AIVDM,1,1,,,1815SRh026vcIeT;7e7WAEiH08Ll,0*5E
\s:66,c:1782377513*16\!AIVDM,1,1,,,Kp15V6P?G:A0DR?@,0*32
\s:66,c:1782377514*11\!AIVDM,1,1,,,Kp15dK@:PjAUOW5@,0*4E
\s:66,c:1782377512*17\!AIVDM,1,1,,,19NSP`022Fna?LT@ATMDeSeL08Ke,0*79
\s:66,c:1782377518*1D\!AIVDM,1,1,,,C693h2h065vltgukCkeWDdv02468;1ik:0000000000000411R2P,0*7C
\s:66,c:1782377518*1D\!AIVDM,1,1,,,15AU6T001S5Cs2;fmD>JR`Sj0D00,0*3F
\s:66,c:1782377519*1C\!AIVDM,1,1,,,Kom@:Uf4Bg?uF06<,0*40
\s:66,c:1782377507*13\!AIVDM,1,1,,,15@D:p001J4:9M1kr@P2E22P08JG,0*36
\s:66,c:1782377519*1C\!AIVDM,1,1,,,13V@A60vR=I5vg;oESV6A4q<08RP,0*50
\s:66,c:1782377516*13\!AIVDM,1,1,,,18I>wE01AplwVeNJW>ATJSUd00S9,0*09
\s:66,c:1782377513*16\!AIVDM,1,1,,,1815I4POh>NtJcB5wouEs6OV0@Mn,0*1D
\s:66,c:1782377514*11\!AIVDM,1,1,,,14eJILA01nFccvVNbColMkST0<0=,0*4C
\s:66,c:1782377513*16\!AIVDM,1,1,,,KnjGL40Bd>@CW03h,0*00
\s:66,c:1782377514*11\!AIVDM,1,1,,,K4S:tf0>`hvp3618,0*6F
\s:66,c:1782377520*16\!AIVDM,1,1,,,18I>pd01QkDInnemua3SPRkf0@Pi,0*01
\s:66,c:1782377513*16\!AIVDM,1,1,,,KpIj9f0>H:=qm4eP,0*7C
\s:66,c:1782377512*17\!AIVDM,1,1,,,13ku9@001a84@ncgCW`=NbiD0D02,0*4A
\s:66,c:1782377514*11\!AIVDM,1,1,,,B8dB?fh05aM:TgKIbnc=?wv43P06,0*15
\s:66,c:1782377518*1D\!AIVDM,1,1,,,C>l6s@@0@1fQWCu5KJg37ws1kkaSeWcUS111111111Vd0040PPRP,0*26
\s:66,c:1782377519*1C\!AIVDM,1,1,,,33sGIh70132qj`aesG540C=d012@,0*56
\s:66,c:1782377519*1C\!AIVDM,1,1,,,18I<O;001q1D=;Gd?ui4N3Wb0<0p,0*6C
\s:66,c:1782377519*1C\!AIVDM,1,1,,,K3mob29OdES;@00p,0*42
\s:66,c:1782377515*10\!AIVDM,1,1,,,B8dB?fh05aM:TgKIbnc=?wv43P06,0*15
\s:66,c:1782377515*10\!AIVDM,1,1,,,H8dB?fl0BCP00012?ijklm;@0000,0*7B
\s:66,c:1782377516*13\!AIVDM,1,1,,,13l3oahw21CER>HK?BD3m31`0<03,0*4B
\s:66,c:1782377513*16\!AIVDM,1,1,,,KqNSqkh=lI<dTPmL,0*57
\s:66,c:1782377512*17\!AIVDM,1,1,,,17PACP00008F9<Ql;DdRg77T0<23,0*52
\s:66,c:1782377519*1C\!AIVDM,1,1,,,KlSdpV9@kc4KI01p,0*67
\s:66,c:1782377506*12\!AIVDM,1,1,,,C>jpcPP02HsvVVJvn1ua3wP1kkUiiScWiKka;11111100080Q0R0,0*64
\s:66,c:1782377515*10\!AIVDM,1,1,,,B=?eMvP00@q>WTs9U<vR21v4SP06,0*66
\s:66,c:1782377518*1D\!AIVDM,1,1,,,369L10PP0lnoOM1bAqD7jwwh203k,0*01
\g:1-2-5199797,s:66,c:1782377518*52\!AIVDM,2,1,7,,569L10`000009aa7B210TpN1@4V18tpN3KSR220N3@H35t0Hs03EhH51,0*16
\g:2-2-5199797*60\!AIVDM,2,2,7,,Dm8888888888880,2*4B
\s:66,c:1782377514*11\!AIVDM,1,1,,,14eGFlPsPHsb54jSW8J5DTCP0D06,0*19
\s:66,c:1782377515*10\!AIVDM,1,1,,,369Kwt0P0wbL6QQqtPwFn?wT20D3,0*4F
\g:1-2-5199798,s:66,c:1782377515*50\!AIVDM,2,1,8,,569Kwt82Ft8<9a@WB20iE8tpMUD4qUG?GJ22220N2HD34t0000000000,0*07
\g:2-2-5199798*6F\!AIVDM,2,2,8,,000000000000000,2*6D
\s:66,c:1782377517*12\!AIVDM,1,1,,,19NSUs0027LmtaWvkTnQCA1`0<0i,0*42
\s:66,c:1782377514*11\!AIVDM,1,1,,,16K5PV70117Q;uke7@PrBH5V0HNr,0*41
\s:66,c:1782377518*1D\!AIVDM,1,1,,,36K5PV7Ohw7Q;s;e7@Mr9H7f01n0,0*3A
\s:66,c:1782377513*16\!AIVDM,1,1,,,13VWQH01R<26i:EeHgS`a73V0@Nm,0*19
\s:66,c:1782377517*12\!AIVDM,1,1,,,177kBq0w1s1r<RgdRgSIMoQV053<,0*25
\s:66,c:1782377518*1D\!AIVDM,1,1,,,16TAlt0uBFrD56F50:kkhjqf0<6l,0*23
\s:66,c:1782377505*11\!AIVDM,1,1,,,15DT`H0w1c4r34QpN6rR01ld08H`,0*5F
\s:66,c:1782377515*10\!AIVDM,1,1,,,KmO;?o0=<rBeAP0L,0*6C
\s:66,c:1782377519*1C\!AIVDM,1,1,,,369L10AP@dGlKtio@m;mK6;j01t@,0*53
\s:66,c:1782377519*1C\!AIVDM,1,1,,,Kn:6M<0DHwBR=P;D,0*76
\s:66,c:1782377517*45\!AIVDM,1,1,,B,BCGQkJP03WOFFlUPklDa7wt5@000,0*62
\s:66,c:1782377519*4B\!AIVDM,1,1,,A,19NSaQP01L:u=5ihFF;`?Val00S5,0*01
\s:66,c:1782377519*4B\!AIVDM,1,1,,A,36;KSV0P1Nvdp::;RrnGo?wl20<k,0*07
\s:66,c:1782377516*44\!AIVDM,1,1,,B,13aBNJ0P010@uF<MLnWGQgwh0HQs,0*12
\s:66,c:1782377518*4A\!AIVDM,1,1,,B,13aJJ;PP00PBeiRMfLfN4?wl253<,0*66
\s:66,c:1782377516*44\!AIVDM,1,1,,A,B7tKpKP001hbDaQ9pWwQ3wt1jAnb,0*56
\s:66,c:1782377514*46\!AIVDM,1,1,,B,177dbc00278jIUbA24m7NUq`08ON,0*46
\s:66,c:1782377518*4A\!AIVDM,1,1,,A,19NSra0vj39`JRbB>e7j>igh0<1I,0*74
\g:1-2-5199799,s:66,c:1782377292*0E\!AIVDM,2,1,9,B,58HwkM82F0aKUKKWSN058U`tp60h4AV22222221@IPQBJ5id0MliljC`,0*65
\g:2-2-5199799*6E\!AIVDM,2,2,9,B,888888888888880,2*2E
\s:66,c:1782377518*4A\!AIVDM,1,1,,A,13aL=iSP00PIC=>Mdf9N4?wl2@RI,0*46
\s:66,c:1782377517*45\!AIVDM,1,1,,A,13`dU9hP00PFFbtMvoB>4?wh2<5l,0*59
\s:66,c:1782377515*47\!AIVDM,1,1,,B,19NSo>h20O`i5QTApgUi7hv00D:g,0*27
\s:66,c:1782377521*40\!AIVDM,1,1,,A,404IKfAvad`ks439Nr>24mWP0800,0*60
\s:66,c:1782377512*17\!AIVDM,1,1,,,19NSuI001i<L33`JlgWSCBUL08L1,0*2E
\s:66,c:1782377515*10\!AIVDM,1,1,,,38I5DU0tB=MmCs6=lFIBqBGT00SP,0*23
\s:66,c:1782377514*11\!AIVDM,1,1,,,K7`BL?3n`>6bTOP2,0*64
\s:66,c:1782377514*11\!AIVDM,1,1,,,15@eD@0P03rCe2658U<=ewwV253<,0*13
\s:66,c:1782377514*11\!AIVDM,1,1,,,16S`on001P86=`3k3Koh`0KD0<04,0*10
\s:66,c:1782377513*16\!AIVDM,1,1,,,138S1J0P040doBt1bwJH;OwP0<0n,0*3B
\s:66,c:1782377515*10\!AIVDM,1,1,,,K3`kDop05nCiRReh,0*03
\s:66,c:1782377512*17\!AIVDM,1,1,,,15Rasv001pMeRvQme<BqBGMV0@MQ,0*3C
\s:66,c:1782377519*1C\!AIVDM,1,1,,,KoOdd`AEEbvh`P6H,0*1F
\s:66,c:1782377506*12\!AIVDM,1,1,,,KmN`uhg<njjk;PB0,0*35
\s:66,c:1782377519*1C\!AIVDM,1,1,,,1815bJh00vI604WUoTgK08Uh08R>,0*63
\s:66,c:1782377512*17\!AIVDM,1,1,,,144dPQ011v:VFwLIUMcqDWAJ00Rw,0*1A
\s:66,c:1782377514*11\!AIVDM,1,1,,,KleGnl8=pdT`o34`,0*4D
\s:66,c:1782377515*10\!AIVDM,1,1,,,16THn:?P0cdDl35uKbq7O?wR28Nu,0*20
\s:66,c:1782377515*10\!AIVDM,1,1,,,KmNffgd<LOR2Q0>H,0*44
\s:66,c:1782377518*1D\!AIVDM,1,1,,,15Mvld001Lo>lA@KhnCU<l?V0HP6,0*6D
\s:66,c:1782377512*17\!AIVDM,1,1,,,15Cdqv200><gksL29KgSNb?T0@Mn,0*20
\s:66,c:1782377515*10\!AIVDM,1,1,,,16THn:?P0cdDl35uKbq7O?wR28Nu,0*20
\s:66,c:1782377519*1C\!AIVDM,1,1,,,16KNN@0wB021TSGdpbeHa6ob0<0I,0*69
\s:66,c:1782377516*13\!AIVDM,1,1,,,KnK2l>qDttjRO0:0,0*11
\s:66,c:1782377513*16\!AIVDM,1,1,,,KoOnjgWlM3faUUdD,0*0D
\s:66,c:1782377513*16\!AIVDM,1,1,,,19NSh8hw123D`uqi5?F2`j3P0<0<,0*53
\s:66,c:1782377511*14\!AIVDM,1,1,,,Kp15Kv1LvjB2lP9@,0*31
\s:66,c:1782377517*12\!AIVDM,1,1,,,H00?khhhtpLhTpF09DuV376oKVD,2*39
\s:66,c:1782377517*12\!AIVDM,1,1,,,19NS`KP2R2EQjwmr0NM`1F?b053<,0*3E
\s:66,c:1782377517*12\!AIVDM,1,1,,,KmNdtJ0<dI2<KPFL,0*6B
\s:66,c:1782377512*17\!AIVDM,1,1,,,13P7ln002>kGw?hO0jf:`8MT0D03,0*7F
\s:66,c:1782377515*10\!AIVDM,1,1,,,KqNShDAOG:A4m0>t,0*7D
\s:66,c:1782377517*12\!AIVDM,1,1,,,Kk=c9J8?Op2M6W1<,0*41
\s:66,c:1782377511*14\!AIVDM,1,1,,,16TFMl?01i;O4U<1h9tnREGH00RW,0*4A
\s:66,c:1782377518*1D\!AIVDM,1,1,,,KmOBtj`<eJB:h08`,0*59
\s:66,c:1782377513*16\!AIVDM,1,1,,,KkiAqrh09rP?T5@0,0*01
\s:66,c:1782377513*16\!AIVDM,1,1,,,KqjbkS<0@i@Dh09l,0*41
\s:66,c:1782377517*12\!AIVDM,1,1,,,KqNShDAOG:A4m0>t,0*7D
\s:66,c:1782377519*1C\!AIVDM,1,1,,,Kk=c9J8?Op2M6W1<,0*41
\s:66,c:1782377517*12\!AIVDM,1,1,,,KotCjiqD;;@Df0;4,0*1F
\s:66,c:1782377519*1C\!AIVDM,1,1,,,KotCjiqD;;@Df0;4,0*1F
\s:66,c:1782377515*10\!AIVDM,1,1,,,16Tgv`002erF?;6@4NAp0FKD08Mb,0*41
\s:66,c:1782377518*1D\!AIVDM,1,1,,,KleJ7VqMV83;ePA0,0*10
\s:66,c:1782377516*13\!AIVDM,1,1,,,KqNWtD@:KDS=<cVT,0*32
\s:66,c:1782377518*1D\!AIVDM,1,1,,,1815CJP01w:WiDdI<ARplnwd0@Pp,0*36
\s:66,c:1782377517*12\!AIVDM,1,1,,,KmE02B5AU6@nKPOt,0*5D
\s:66,c:1782377511*14\!AIVDM,1,1,,,37VH;85000;D<E@3wSp@01SN0Dn:,0*26
\s:66,c:1782377518*1D\!AIVDM,1,1,,,KqNWtD@:KDS=<cVT,0*32
\s:66,c:1782377515*10\!AIVDM,1,1,,,18LVA40028;aO1ogC>rTeCs@0HN=,0*62
\s:66,c:1782377519*1C\!AIVDM,1,1,,,I>CQlhiosKM51tmEDj=2:VBc0ToU,0*1F
\s:66,c:1782377513*16\!AIVDM,1,1,,,Kolcdrj4Aj?r7P5T,0*64
\s:66,c:1782377513*16\!AIVDM,1,1,,,Kp15OG01LwNak5QT,0*1E
\s:66,c:1782377519*1C\!AIVDM,1,1,,,Kr5dWj04JlQrfU=P,0*6D
\s:66,c:1782377507*13\!AIVDM,1,1,,,15NP8@?000l5V1lNm4qo5kiF00SQ,0*22
\s:66,c:1782377518*1D\!AIVDM,1,1,,,14Rtbb0P21<KIh6G>NO:1gwh0D02,0*3A
\s:66,c:1782377514*11\!AIVDM,1,1,,,15UR`B001TddaWo`fi2:N`5R08Nd,0*76
\s:66,c:1782377518*1D\!AIVDM,1,1,,,KmN`K4c<VMj<NS4H,0*63
\s:66,c:1782377514*11\!AIVDM,1,1,,,Kln4uF>uFV1UqPAT,0*22
\s:66,c:1782377512*17\!AIVDM,1,1,,,133oa@0w2CH1vsr=1`559l5T08NH,0*76
\s:66,c:1782377513*16\!AIVDM,1,1,,,18;Drp001v10NvgcewsCPjkR0D02,0*3E
\s:66,c:1782377519*1C\!AIVDM,1,1,,,Kkbw401@8hkgKPAp,0*51
\s:66,c:1782377517*12\!AIVDM,1,1,,,Kolikm3D>h?H5P4<,0*7B
\s:66,c:1782377518*1D\!AIVDM,1,1,,,Kolikm3D>h?H5P4<,0*7B
\s:66,c:1782377511*14\!AIVDM,1,1,,,KmMpNDWu4V2J2P<D,0*54
\s:66,c:1782377515*10\!AIVDM,1,1,,,Kln4uF>uFV1UqPAT,0*22
\s:66,c:1782377515*10\!AIVDM,1,1,,,KmN3o2<=GE31lPOt,0*67
\s:66,c:1782377515*10\!AIVDM,1,1,,,KosI9@4<v932E0At,0*06
\s:66,c:1782377517*12\!AIVDM,1,1,,,C>l9jQP00UcspJ0SUI=agwrQkkaUSQaWi111111111jd0000002P,0*7F
\s:66,c:1782377512*17\!AIVDM,1,1,,,Kk3c<H806ISgh0<`,0*24
\s:66,c:1782377519*4B\!AIVDM,1,1,,A,14bEkr700avhSP:;FHaAE1Kn20R?,0*47
\g:1-2-5199800,s:66,c:1782377516*0A\!AIVDM,2,1,0,B,53M@DF81pU7@M`5L001<B04@E1B000000000000l1hH4276<?:UklRjC,0*47
\g:2-2-5199800*61\!AIVDM,2,2,0,B,Qp2C`436CKT3lP0,2*75
\s:66,c:1782377519*4B\!AIVDM,1,1,,A,19NS`;Pw1E8gVrvAlA8ss9Wl08RW,0*6D
\s:66,c:1782377518*4A\!AIVDM,1,1,,B,35OBhhPP@2rRPKNE6DVHU6kf020h,0*34
\g:1-2-5199801,s:66,c:1782377518*05\!AIVDM,2,1,1,A,54`V3Dp2=m;h?Ha3N205<T4r10PtDpUR2222221@H8R<D5d00ED2p0TC,0*6F
\g:2-2-5199801*60\!AIVDM,2,2,1,A,H88888888888880,2*55
\s:66,c:1782377517*45\!AIVDM,1,1,,B,13GQPOP;AR0=CWhFHubhMOwh0D1H,0*46
\s:66,c:1782377513*41\!AIVDM,1,1,,,B5ODP0P00>SSvkTVVTsQ3wrQl000,0*11
\s:66,c:1782377517*45\!AIVDM,1,1,,B,16Sg8e?P1A`lmwHCaD6JP?wf2D2@,0*6A
\s:66,c:1782377512*17\!AIVDM,1,1,,,145:kb7P16c;cspN1IkeCOwR2@Lv,0*65
\s:66,c:1782377513*16\!AIVDM,1,1,,,Kkicad820tQm>0;t,0*7B
\s:66,c:1782377517*12\!AIVDM,1,1,,,Km5KAD@1trQnFVwt,0*61
\s:66,c:1782377512*17\!AIVDM,1,1,,,16Sg6B800PFNwgd1II64tl5T08Nk,0*53
\s:66,c:1782377518*1D\!AIVDM,1,1,,,35SUTkmP01H9tc`=<R@9h?wdR000,0*6E
\s:66,c:1782377512*17\!AIVDM,1,1,,,C=@oM=@01AT87wsVdf@00fN0`2B@NL?eKSg1kU:0000000411R2P,0*63
\s:66,c:1782377518*1D\!AIVDM,1,1,,,404k1=h000113`@Kmkl5`HW00pPg,0*57
\s:66,c:1782377517*12\!AIVDM,1,1,,,18I>W7002G04sG;uQK6Uv4id08Ph,0*74
\s:66,c:1782377513*16\!AIVDM,1,1,,,KomRMRj42r?eF5kP,0*6F
\s:66,c:1782377504*10\!AIVDM,1,1,,,K5OICe=MBTjuJPOt,0*61
\s:66,c:1782377511*14\!AIVDM,1,1,,,KmOBcVaLtOSC?0DL,0*78
\s:66,c:1782377511*14\!AIVDM,1,1,,,K5OBoB0=H`k33P?t,0*6C
\s:66,c:1782377512*17\!AIVDM,1,1,,,KkK4<v0@@Qk<1wwt,0*01
\s:66,c:1782377515*10\!AIVDM,1,1,,,Kn9>TdV?H3iQwPOt,0*43
\s:66,c:1782377518*1D\!AIVDM,1,1,,,15?e6p0v1VWd>=keBFHcV9Ah0HQr,0*52
\s:66,c:1782377517*12\!AIVDM,1,1,,,KqjsR@0@?w@>eP6@,0*53
\s:66,c:1782377519*1C\!AIVDM,1,1,,,KkEf96?@6US2JPd8,0*50
\s:66,c:1782377516*13\!AIVDM,1,1,,,KpI?Dl0D;UQVfPFH,0*27
\s:66,c:1782377514*11\!AIVDM,1,1,,,177WB9001eJ:5l3vvm?@a@ST0D01,0*75
\s:66,c:1782377512*17\!AIVDM,1,1,,,15?Dwr8P@8M9h97kMJP`j9iH0@Lt,0*79
\s:66,c:1782377515*10\!AIVDM,1,1,,,16:2sf001nMCQlehGOJK3HeD0D00,0*3B
\s:66,c:1782377519*1C\!AIVDM,1,1,,,KoOdd804pi?9:3Ul,0*1F
\s:66,c:1782377517*12\!AIVDM,1,1,,,19NSicP01mT>g@Kkvu0ia1Eb0HP4,0*18
\s:66,c:1782377517*12\!AIVDM,1,1,,,C>l9ioh01EWWcH0K1co>7wr1kkaUSQUgS111111111jd0000002P,0*3F
\s:66,c:1782377517*12\!AIVDM,1,1,,,B>l9ioh01EWWcH0K1co>7wr4SP06,0*34
\s:66,c:1782377517*12\!AIVDM,1,1,,,KkAOeh8M4bPctPE<,0*09
\s:66,c:1782377518*1D\!AIVDM,1,1,,,169D;l@01ioTFrQeCb770mah2<00,0*22
\s:66,c:1782377519*1C\!AIVDM,1,1,,,KpI?Dl0D;UQVfPFH,0*27
\s:66,c:1782377516*13\!AIVDM,1,1,,,1815CA001PmsovTGD=tKa9QP0<08,0*06
\s:66,c:1782377515*10\!AIVDM,1,1,,,D04k1P0LTNfq6DO6D0,4*27
\s:66,c:1782377517*12\!AIVDM,1,1,,,1:p>FH0P00JPTI`4RiScpwwh0HPl,0*48
\s:66,c:1782377512*17\!AIVDM,1,1,,,15>krf001fpqPKV8ELU4n3o4053<,0*65
\s:66,c:1782377512*17\!AIVDM,1,1,,,18Hv65001qpHwP2:S4G53T1N053<,0*03
\s:66,c:1782377514*11\!AIVDM,1,1,,,C>jpW:h02A@3dpJol9O9WwrQkkUiiQaUg111111111jd0040PPRP,0*4A
\s:66,c:1782377517*12\!AIVDM,1,1,,,Kqk8ml?h@M@FN0Ot,0*16
\s:66,c:1782377516*13\!AIVDM,1,1,,,Km?dM=@4HMhviV80,0*32
\s:66,c:1782377514*11\!AIVDM,1,1,,,19NSnfh0B>J>hkN13lA7PUwT08NV,0*49
\s:66,c:1782377515*10\!AIVDM,1,1,,,KrU734p>=pwq7P:8,0*5B
\s:66,c:1782377506*12\!AIVDM,1,1,,,B69>d8P061ItcFKPt;Jn;wm63P06,0*35
\s:66,c:1782377513*16\!AIVDM,1,1,,,15DbGT0P2W5d7:Wo5kKqf?wV0@NF,0*53
\s:66,c:1782377520*16\!AIVDM,1,1,,,K44WVfR4n8k:60>`,0*72
\s:66,c:1782377519*4B\!AIVDM,1,1,,A,13HWnE?P0b0EIT`HiLgbdOwn053<,0*75
\s:66,c:1782377517*45\!AIVDM,1,1,,B,B42PvvP000PHjc5A5gT03ws5l000,0*5C
\s:66,c:1782377520*41\!AIVDM,1,1,,A,D03Iw601`Nfr<`N000,4*74
\s:66,c:1782377514*46\!AIVDM,1,1,,B,19NSnC@01uOv6c0Lo2bas7u`0<<P,0*56
\s:66,c:1782377516*44\!AIVDM,1,1,,B,18Htjp000j`jjeT@dCwSWBkf0L2W,0*43
\s:66,c:1782377518*4A\!AIVDM,1,1,,A,18SPGbPP00WaHnl;r5deMgwj20T0,0*59
\s:66,c:1782377518*4A\!AIVDM,1,1,,A,15OBfaPP@`q=6W:@tODJgpMl0<8s,0*1B
\s:66,c:1782377519*4B\!AIVDM,1,1,,A,15O0@ig00:K4Oo8GLvg0HCGl00S>,0*29
\s:66,c:1782377520*41\!AIVDM,1,1,,B,38T<ep00007b@J05tT8V224200l1,0*1C
\s:66,c:1782377517*45\!AIVDM,1,1,,A,13o2=r00000j81JQp:hb@Wqf053<,0*34
\s:66,c:1782377516*13\!AIVDM,1,1,,,KpI;TU05dP2ul`4T,0*35
\s:66,c:1782377518*1D\!AIVDM,1,1,,,13mF9P01RGED<V<HQN4;Epud08Pw,0*37
\s:66,c:1782377518*1D\!AIVDM,1,1,,,1815G30OiekJdfRO=s5Jc8Ud08QK,0*1A
\s:66,c:1782377514*11\!AIVDM,1,1,,,14eINvhP00ncL7bO5=pv4?wT2HMa,0*65
\s:66,c:1782377514*11\!AIVDM,1,1,,,KkmF9P0:QqC8q7j8,0*40
\g:1-2-5199802,s:66,c:1782377516*5F\!AIVDM,2,1,2,,53mF9P82;LElh5@GR20@tr15DT`u@F222222221652s6J5jm0C@kSSR8,0*02
\g:2-2-5199802*63\!AIVDM,2,2,2,,888888888888880,2*67
\s:66,c:1782377514*11\!AIVDM,1,1,,,17`BO@O000dFb=7W37Bv40q`20RQ,0*0A
\s:66,c:1782377512*17\!AIVDM,1,1,,,Km?dasP>N9N7k5>8,0*30
\s:66,c:1782377515*10\!AIVDM,1,1,,,C1;@>j00:aLom6sAuJ9gswP0DikKSUiKec;11111111000000020,0*08
\s:66,c:1782377517*12\!AIVDM,1,1,,,KpRIOg01CauhK5?8,0*28
\s:66,c:1782377511*14\!AIVDM,1,1,,,KlW`J@0N163OsPC@,0*58
\s:66,c:1782377518*1D\!AIVDM,1,1,,,KmMtL4P<viB2pP8L,0*57
\s:66,c:1782377519*1C\!AIVDM,1,1,,,KpSJJsR3pbiJj0@H,0*7E
\s:66,c:1782377513*16\!AIVDM,1,1,,,1815NBh01ov2<1`2I9htC9mN0<01,0*43
\s:66,c:1782377514*11\!AIVDM,1,1,,,14tLgj800IL;FivTf4EMWrwT0@N3,0*0D
\s:66,c:1782377511*14\!AIVDM,1,1,,,KmTt?@05QWPU=6:4,0*1D
\s:66,c:1782377512*17\!AIVDM,1,1,,,Kn9D;qPJh207lAl:,0*49
\s:66,c:1782377515*10\!AIVDM,1,1,,,KmNL3vftva1j:3@p,0*61
\s:66,c:1782377512*17\!AIVDM,1,1,,,KkdQ`V1@Qw2`=0D4,0*3C
\s:66,c:1782377519*1C\!AIVDM,1,1,,,369D;qQP0NGqF21n@3dDcOwn0D5J,0*5A
\s:66,c:1782377512*17\!AIVDM,1,1,,,19NSckP023;:9aTI9piRK21R00S;,0*5F
\s:66,c:1782377514*11\!AIVDM,1,1,,,14eGO2P000o=98:L8>?tCREb053<,0*09
\s:66,c:1782377518*1D\!AIVDM,1,1,,,8:u0FaAKf:=ffKlDH;TDP>R3V8Qus5kEMMKJwcjgwleK;=A`iBoo,0*60
\s:66,c:1782377512*17\!AIVDM,1,1,,,KrU7tqP>RefINQ1L,0*2D
\s:66,c:1782377512*17\!AIVDM,1,1,,,H>nr>j4TBCP00002?ijqqq3P0000,0*74
\s:66,c:1782377519*1C\!AIVDM,1,1,,,Kp15WbI@PK3BEP3P,0*78
\s:66,c:1782377518*1D\!AIVDM,1,1,,,KqNSpA@LeD@wG0@h,0*34
\s:66,c:1782377513*16\!AIVDM,1,1,,,39NSKa04AW4owg?lCMf2o2GN00f0,0*08
\s:66,c:1782377517*12\!AIVDM,1,1,,,1815Wk@01C0`k6icsRUCLjjL0<02,0*6A
\s:66,c:1782377513*16\!AIVDM,1,1,,,KqjgwU20@i@EtP?h,0*2F
\s:66,c:1782377517*12\!AIVDM,1,1,,,KpI=1S0@@?PCf06l,0*5A
\s:66,c:1782377517*12\!AIVDM,1,1,,,K5VjUN00FdhBv040,0*74
\s:66,c:1782377519*1C\!AIVDM,1,1,,,Kkn?45=@TGE2<0Ot,0*39
\s:66,c:1782377517*12\!AIVDM,1,1,,,Kn:9wtPD<eANBP@D,0*16
\s:66,c:1782377514*11\!AIVDM,1,1,,,15?lSL6P00rCQRj5:P8f4?w`20Rf,0*3A
\s:66,c:1782377518*1D\!AIVDM,1,1,,,KolcWkL4=>wruPD4,0*5B
\s:66,c:1782377518*1D\!AIVDM,1,1,,,KqNSQV04@HwLA6=8,0*02
\s:66,c:1782377519*1C\!AIVDM,1,1,,,Kp1581@4GKh1j6e4,0*7D
\s:66,c:1782377511*14\!AIVDM,1,1,,,KmNLDHT==OBg;Sn0,0*47
\s:66,c:1782377518*1D\!AIVDM,1,1,,,KlhCql1M4WBIa07T,0*50
\s:66,c:1782377517*12\!AIVDM,1,1,,,KlhCql1M4WBIa07T,0*50
\s:66,c:1782377519*1C\!AIVDM,1,1,,,C19K7`001=SOE=w:=0nSkwP0DBL>jjckQWKeiKkk;11000000020,0*26
\s:66,c:1782377519*1C\!AIVDM,1,1,,,Kn:9wtPD<eANBP@D,0*16
\s:66,c:1782377515*47\!AIVDM,1,1,,B,139cNw0P1<PV4B2NJ`r8Cgwf20Rw,0*57
\s:66,c:1782377519*4B\!AIVDM,1,1,,B,16:G?wS00J8g4m<AndmcW9Sj0L<g,0*01
\s:66,c:1782377519*4B\!AIVDM,1,1,,A,B3`jgPP0=0232eWBk3:DowuQj4BA,0*03
\s:66,c:1782377520*41\!AIVDM,1,1,,B,1815PU@uAj`jR7VA:h`1FQ@02`Ro,0*40
\s:66,c:1782377518*4A\!AIVDM,1,1,,B,19N`1whv0?Of8Fp2lGf3G6qj00Si,0*6F
\s:66,c:1782377518*4A\!AIVDM,1,1,,B,29Iik>A0017b3P85oI<7;`kh08Qu,0*49
\s:66,c:1782377516*13\!AIVDM,1,1,,,K44f6`<5HNCN?TSP,0*76
\s:66,c:1782377513*16\!AIVDM,1,1,,,K3l3nl8O8tQ5mPOt,0*1B
\s:66,c:1782377517*12\!AIVDM,1,1,,,18I8lJ02BHvjigF=;NnWm6Ah00S5,0*00
\s:66,c:1782377517*12\!AIVDM,1,1,,,406uTJAvaW`klrGW@V12hb701`Ok,0*57
\s:66,c:1782377518*1D\!AIVDM,1,1,,,18Ld4:01C47Dr2Ej1N=CJRkf00SC,0*26
\s:66,c:1782377517*12\!AIVDM,1,1,,,333a7T3OhK0?unt3`:8nP5Ib011P,0*78
\s:66,c:1782377519*1C\!AIVDM,1,1,,,15Uvlv0P000Vl=r2GKDhjnup1pPW,0*2A
\s:66,c:1782377513*16\!AIVDM,1,1,,,KpI8?d8DiD?AuP4h,0*20
\s:66,c:1782377515*10\!AIVDM,1,1,,,15Csk6001t3OE<kdk:=3b2uJ08Js,0*40
\s:66,c:1782377517*12\!AIVDM,1,1,,,15Csk6001s3OEIKdk:7kbRuf08PF,0*23
\s:66,c:1782377512*17\!AIVDM,1,1,,,KkfJq>i@<Rk;80>t,0*71
\s:66,c:1782377519*1C\!AIVDM,1,1,,,188fjM?P1:mfdtelT==lNwwj20SM,0*61
\s:66,c:1782377520*16\!AIVDM,1,1,,,Kn9L6f=DMwB?cPFH,0*64
\s:66,c:1782377515*10\!AIVDM,1,1,,,KqNSnNAOG:A4k0?t,0*76
\s:66,c:1782377517*12\!AIVDM,1,1,,,Klcwtp1Oss0FqP10,0*78
\s:66,c:1782377514*11\!AIVDM,1,1,,,14eGJ5?000I@l=dQ`Q1001?V0D00,0*71
\s:66,c:1782377515*10\!AIVDM,1,1,,,KmO:Df;sPqCP20:<,0*68
\s:66,c:1782377512*17\!AIVDM,1,1,,,353BsKUv@0p74BJ=mbE>4?wR2Dd:,0*4F
\s:66,c:1782377518*1D\!AIVDM,1,1,,,B69D8S008mqiJ0Mk4aTvKwv63P06,0*7A
\s:66,c:1782377513*16\!AIVDM,1,1,,,19NSH4@31F0V2T3f4dFl5SeT0HMa,0*26
\s:66,c:1782377519*1C\!AIVDM,1,1,,,19NST1PsAm25??;du1hjMAml053<,0*01
\s:66,c:1782377513*16\!AIVDM,1,1,,,KpI5n;1@O4gFiP@T,0*73
\s:66,c:1782377518*1D\!AIVDM,1,1,,,K44h;V<5Q;T3qU;h,0*5A
\s:66,c:1782377514*11\!AIVDM,1,1,,,KmTgnB0KMskUi0=D,0*05
\s:66,c:1782377511*14\!AIVDM,1,1,,,19NSjSPwie:IV99w6cDu8bSD0<06,0*11
\s:66,c:1782377515*10\!AIVDM,1,1,,,19NSqv002k:@hEiw8;It>9md0@PR,0*27
\s:66,c:1782377515*10\!AIVDM,1,1,,,KmTgnB0KMskUi0=D,0*05
\s:66,c:1782377514*11\!AIVDM,1,1,,,15?dd5@0iqM:w;L0V3B4mCoT0@Nb,0*1C
\s:66,c:1782377518*1D\!AIVDM,1,1,,,15960iPP00pHoW0=A>fv4?w`2@Nt,0*03
\s:66,c:1782377518*1D\!AIVDM,1,1,,,1815Tr001lG>s2h257p;B91>0HOq,0*08
\s:66,c:1782377518*1D\!AIVDM,1,1,,,16:Fob001iFl2E871fKTk3mF1PS1,0*23
\s:66,c:1782377512*17\!AIVDM,1,1,,,Kp15Mo0>a3vj2Vdh,0*52
\s:66,c:1782377513*16\!AIVDM,1,1,,,Ko6tNC0?p9wKJVD<,0*12
\s:66,c:1782377519*1C\!AIVDM,1,1,,,19NSa6h01NOHDIKw?rtmHlGV0L01,0*28
\s:66,c:1782377515*10\!AIVDM,1,1,,,KkP9FkH?l:SjGPD8,0*70
\s:66,c:1782377516*13\!AIVDM,1,1,,,KmTd?l0DAI?otP78,0*25
\s:66,c:1782377518*1D\!AIVDM,1,1,,,33E`rJ7P@Bqdv4oq7j3eDjEd00uh,0*4F
\s:66,c:1782377512*17\!AIVDM,1,1,,,Kkku<79Nf3OHbP<h,0*11
\s:66,c:1782377515*10\!AIVDM,1,1,,,Ko6tNC0?p9wKJVD<,0*12
\s:66,c:1782377513*16\!AIVDM,1,1,,,KmTd?l0DAI?otP78,0*25
\s:66,c:1782377518*1D\!AIVDM,1,1,,,C19K7O000ET4c;w9i=qwWwP0DBL>jjckQWKWUKia;11000000000,0*75
\s:66,c:1782377518*1D\!AIVDM,1,1,,,C19K7O000ET4c;w9i=qwWwP0DBL>jjckQWKWUKia;11000000000,0*75
\s:66,c:1782377513*16\!AIVDM,1,1,,,KmAPaJ;j46QnlPOt,0*10
\s:66,c:1782377513*16\!AIVDM,1,1,,,K44SRn02PuiQl2j0,0*58
\s:66,c:1782377513*16\!AIVDM,1,1,,,Km?dMep2DD@fKQ78,0*43
\s:66,c:1782377514*11\!AIVDM,1,1,,,K4``gm0N8PP0<05l,0*31
\s:66,c:1782377514*11\!AIVDM,1,1,,,15?deNh12GMBiliv9?3;Ua=`053<,0*47
\s:66,c:1782377518*1D\!AIVDM,1,1,,,15Pl8r0023nati@AGGEqtGw`053<,0*1D
\s:66,c:1782377512*17\!AIVDM,1,1,,,Kr5e5N0=k;ddF078,0*51
\s:66,c:1782377517*12\!AIVDM,1,1,,,177P@R0wQu1Ua`Sd6DFJ88=80HPS,0*25
\s:66,c:1782377519*1C\!AIVDM,1,1,,,Kk`wr0<0:0kj53T0,0*77
\s:66,c:1782377516*13\!AIVDM,1,1,,,Ko7=gH1DVKhMu0;T,0*01
\s:66,c:1782377515*10\!AIVDM,1,1,,,Km?dbjP=>r2q6VPp,0*30
\s:66,c:1782377515*10\!AIVDM,1,1,,,KmO;41cuA4BoR02<,0*12
\s:66,c:1782377517*12\!AIVDM,1,1,,,KmAPaJ;j46QnlPOt,0*10
\s:66,c:1782377520*16\!AIVDM,1,1,,,K44dKG9Dm4k:10=@,0*4D
\s:66,c:1782377519*1C\!AIVDM,1,1,,,Kn::<QaDDbjjQ070,0*4A
\s:66,c:1782377518*1D\!AIVDM,1,1,,,K5NvOH0Ja8DNN0@h,0*59
\s:66,c:1782377517*12\!AIVDM,1,1,,,3C@:wp000CJT0P>5uquJclKP0PI0,0*5A
\s:66,c:1782377520*16\!AIVDM,1,1,,,16LAoD001Q;eNJafUQjWDEol08Qd,0*7D
\s:66,c:1782377515*10\!AIVDM,1,1,,,KqNSrJ006>3i8PbD,0*64
\s:66,c:1782377519*1C\!AIVDM,1,1,,,K42LUpe@7;RdEP00,0*49
\s:66,c:1782377516*13\!AIVDM,1,1,,,Kn:Li<`4B<Q`C5e0,0*59
\s:66,c:1782377518*1D\!AIVDM,1,1,,,KoldU6v3qqgb40Ot,0*57
\s:66,c:1782377519*1C\!AIVDM,1,1,,,KkA=2L0DA?>OJP8P,0*4C
\s:66,c:1782377519*1C\!AIVDM,1,1,,,Kom@;fglNHOjRPOt,0*22
\s:66,c:1782377504*10\!AIVDM,1,1,,,Kp15Uk=M=8BdlPOt,0*32
\s:66,c:1782377518*4A\!AIVDM,1,1,,A,169@3PP0168VkGhD`=9bSpGh08Qd,0*05
\s:66,c:1782377515*47\!AIVDM,1,1,,B,33l3p=0Oil0GluDNbioIlGob0000,0*22
\s:66,c:1782377518*4A\!AIVDM,1,1,,B,139Ew80vRb1e@lkd@tg:kHWh0D0A,0*65
\s:66,c:1782377518*4A\!AIVDM,1,1,,A,13m6b@0P00PKRs0SSO2dJgwj0D0<,0*66
\s:66,c:1782377517*45\!AIVDM,1,1,,A,338ag6002U0pFRROB5VH86Qp0000,0*46
\s:66,c:1782377517*45\!AIVDM,1,1,,A,138ag6002VPpFRROB5V`8nQh053<,0*45
\s:66,c:1782377519*4B\!AIVDM,1,1,,A,13s=LVgP00wGHi@EeogP0?wl28RP,0*72
\s:66,c:1782377519*4B\!AIVDM,1,1,,A,16Sf=wgP009=;BpCul4jHOwmr8RO,0*2A
\s:66,c:1782377517*45\!AIVDM,1,1,,A,34eI0B0000G<gbJL=:ndq3Qp0000,0*69
\s:66,c:1782377515*10\!AIVDM,1,1,,,38RF@e1P0NNvT=h5Ub;CowwT0EB:,0*37
\s:66,c:1782377514*11\!AIVDM,1,1,,,152T==OP00GWH@tBf>LodOwR28ML,0*4A
\s:66,c:1782377514*11\!AIVDM,1,1,,,K7`B4tL6IW=CCPOt,0*4B
\s:66,c:1782377517*12\!AIVDM,1,1,,,Kq@2ae`BaTiUn0B8,0*24
\s:66,c:1782377511*14\!AIVDM,1,1,,,KqNSjh@52SOE4UW4,0*5E
\s:66,c:1782377518*1D\!AIVDM,1,1,,,369p<>0OhDF@qLAtbkBlJCSf01u@,0*5B
\s:66,c:1782377515*10\!AIVDM,1,1,,,KnK3?FiDsUjS10CL,0*7F
\s:66,c:1782377512*17\!AIVDM,1,1,,,K7`B4tL6IW=CCPOt,0*4B
\s:66,c:1782377512*17\!AIVDM,1,1,,,B1V8sPP06qKHU9s=TMldcwv43P06,0*7D
\s:66,c:1782377517*12\!AIVDM,1,1,,,19NSga002p2T:i;fTsHBoBGV08OR,0*5A
\s:66,c:1782377517*12\!AIVDM,1,1,,,18uDLJ0P0C1mfhOdJA90NOwf0<0L,0*51
\s:66,c:1782377512*17\!AIVDM,1,1,,,14`Utnk001M8qPSko4fDqqcR053<,0*39
\s:66,c:1782377515*10\!AIVDM,1,1,,,H:dW>a40BCP00012?ijklm<P0000,0*25
\s:66,c:1782377515*10\!AIVDM,1,1,,,B1V8sPP06qKHU9s=TMldcwv43P06,0*7D
\s:66,c:1782377506*12\!AIVDM,1,1,,,KmVkWp1MhpQ4L0:D,0*58
\s:66,c:1782377518*1D\!AIVDM,1,1,,,KmNfnG0==5Re32DL,0*7B
\s:66,c:1782377517*12\!AIVDM,1,1,,,369p<>0OhLF@qKitbkDm7SQ`0151,0*23
\s:66,c:1782377512*17\!AIVDM,1,1,,,15?dd5P01T:ifLrEN;UBTR5H0D06,0*49
\s:66,c:1782377514*11\!AIVDM,1,1,,,14eH1Th000o<MRFL=kpf0P5L00SH,0*76
\s:66,c:1782377513*16\!AIVDM,1,1,,,K70VDt81mm1tm060,0*5A
\s:66,c:1782377515*10\!AIVDM,1,1,,,C>iGLIP09E9MGOvkvS9RdVv0V@:M0HB2M06@:L?11gg:00411R2P,0*63
\s:66,c:1782377520*16\!AIVDM,1,1,,,H6<rU?4N0000000027lhhn000000,0*40
\s:66,c:1782377512*17\!AIVDM,1,1,,,177Jjs00327bn<ipRmwV@4wV00S3,0*31
\s:66,c:1782377513*16\!AIVDM,1,1,,,Kk8p<p0@KTwapP:t,0*54
\s:66,c:1782377519*1C\!AIVDM,1,1,,,Kp15H@H@5u0MDP=d,0*28
\s:66,c:1782377519*1C\!AIVDM,1,1,,,Kk`lA<9@433nQP3d,0*43
\s:66,c:1782377518*1D\!AIVDM,1,1,,,KkJv2L05RvePMPAH,0*05
\s:66,c:1782377507*13\!AIVDM,1,1,,,Kr5bth<1Hiv7:RU0,0*75
\s:66,c:1782377506*12\!AIVDM,1,1,,,KleGMOqMLVkQaPCl,0*62
\s:66,c:1782377511*14\!AIVDM,1,1,,,34eI39wOhCtLq0VKH3R7qW1J0000,0*72
\s:66,c:1782377518*1D\!AIVDM,1,1,,,Kp19F0iM4;ir9P=0,0*76
\s:66,c:1782377517*12\!AIVDM,1,1,,,Kp19F0iM4;ir9P=0,0*76
\s:66,c:1782377519*1C\!AIVDM,1,1,,,Kn9JeDd48JiW1POt,0*56
\s:66,c:1782377515*10\!AIVDM,1,1,,,KkPCUl9wrb4M;QTh,0*1C
\s:66,c:1782377517*12\!AIVDM,1,1,,,Km9v65d<RfQE3POt,0*2D
\s:66,c:1782377512*17\!AIVDM,1,1,,,KqTH1=1n`>6bTOwt,0*00
\s:66,c:1782377512*17\!AIVDM,1,1,,,KlhCv780ApC0E64d,0*43
\s:66,c:1782377519*1C\!AIVDM,1,1,,,C3PD9>P06MgObwrdiGmgWwP0PBL>`2BTNL?iiKQWKgc:038I<dR0,0*39
\s:66,c:1782377517*45\!AIVDM,1,1,,A,13Egb==P0Dwi7S0DS37CCgwj2000,0*61
\s:66,c:1782377513*41\!AIVDM,1,1,,B,B4hRVm0006WniFSk>kOQ3wrQh000,0*0E
\s:66,c:1782377515*47\!AIVDM,1,1,4,A,C3`8UwP00:5b;?wlbOq<KTN0WWKik:0000000000000000D2RRR0,0*5C
\s:66,c:1782377513*41\!AIVDM,1,1,,B,13IWun700iO`i9TK?d8SO2ub0D0s,0*71
\s:66,c:1782377519*4B\!AIVDM,1,1,,A,33VE5d002CQDlsdDlIbrS8Oj0Cl=,0*66
\s:66,c:1782377521*40\!AIVDM,1,1,,A,405flb1vad`l01mGAQdTQ??02L0m,0*78
\s:66,c:1782377518*4A\!AIVDM,1,1,,A,15UdEH01icQ0f?VDl`oKRqCl08R@,0*01
\s:66,c:1782377518*1D\!AIVDM,1,1,,,C=Pnm8h07RqJCP5aq3?KJgv0L:aKeieiKQWKkk;1111001p:0PRP,0*16
\s:66,c:1782377511*14\!AIVDM,1,1,,,377MKB012N:jElmwlAdU@DA60D1=,0*19
\s:66,c:1782377515*10\!AIVDM,1,1,,,177?<g0035;0gwul629=V:ud0@Ou,0*01
\s:66,c:1782377518*1D\!AIVDM,1,1,,,KmO4Go<<buB<v06@,0*4B
\s:66,c:1782377515*10\!AIVDM,1,1,,,169Tt>UOww<tSF0l4Q@>40sv1l00,0*1B
\s:66,c:1782377514*11\!AIVDM,1,1,,,19NSf902iI8KiDcWC5=IpWud0<04,0*59
\s:66,c:1782377519*1C\!AIVDM,1,1,,,177WBs8vj=2m7>qg:dfINoah0D0;,0*4F
\s:66,c:1782377514*11\!AIVDM,1,1,,,14`V2L@01wIemc<6fhSdHb1V053<,0*4A
\s:66,c:1782377512*17\!AIVDM,1,1,,,15?mN20wB`OP`FWmVeOE5T7808MV,0*6F
\s:66,c:1782377519*1C\!AIVDM,1,1,,,Kom>2IOlBTgua09L,0*68
\s:66,c:1782377506*12\!AIVDM,1,1,,,B>ljc;h00QJ@42sDKd`03wk4SP06,0*26
\s:66,c:1782377506*12\!AIVDM,1,1,,,H>qFke04U>l9DuVo7:oGVF22220,2*1D
\s:66,c:1782377504*10\!AIVDM,1,1,,,KleGT>ouU:3D>0BD,0*02
\s:66,c:1782377518*1D\!AIVDM,1,1,,,16TPV@?01MmD6>d23ba3g3;N2@PS,0*25
\s:66,c:1782377517*12\!AIVDM,1,1,,,KmO4Go<<buB<v06@,0*4B
\s:66,c:1782377519*1C\!AIVDM,1,1,,,C693lsP04mvLKwuSmRL00jN02468;SQQ:0000000000000411R2P,0*17
\s:66,c:1782377517*45\!AIVDM,1,1,,A,13aOBD0P0rPDAPfMdpw2>gwj2@Qn,0*58
\g:1-2-5199803,s:66,c:1782377514*0B\!AIVDM,2,1,3,B,59N`3U@2B`roDi@wF20hUHu8pv0EQ18E=>222216F`g>G5dd0JADlhAp,0*57
\g:2-2-5199803*62\!AIVDM,2,2,3,B,888888888888880,2*24
\g:1-2-5199804,s:66,c:1782377518*00\!AIVDM,2,1,4,A,56Sco@82EU=`CL@r220=V0Tq@E8t<D4r0V22221J229;M5d;0;ATS1B8,0*70
\g:2-2-5199804*65\!AIVDM,2,2,4,A,888888888888880,2*20
\s:66,c:1782377512*40\!AIVDM,1,1,,A,16K2Nu1Oh@9i>sRCog9cuna`0000,0*71
\s:66,c:1782377518*4A\!AIVDM,1,1,,B,33aPNNhP00PG6e<NBE4P0?wl2Bv3,0*58
\s:66,c:1782377515*47\!AIVDM,1,1,,B,17ldsuhP0lWSH?9w`O@<Ggwd253<,0*1C
\s:66,c:1782377519*4B\!AIVDM,1,1,,A,1:0q`r=P05Pq5sbD>KrIsOwl28Rh,0*0E
\s:66,c:1782377518*1D\!AIVDM,1,1,,,Kl`UuRh9gKCuU7h@,0*53
\s:66,c:1782377513*16\!AIVDM,1,1,,,Km@`T=eB061l?09l,0*2E
\s:66,c:1782377518*1D\!AIVDM,1,1,,,19NS<v002Foq8d8=e6bt6qkb08P=,0*65
\s:66,c:1782377512*17\!AIVDM,1,1,,,18LPQp00018Cln3l55@G=Q7T0l1I,0*58
\s:66,c:1782377518*1D\!AIVDM,1,1,,,B7mF=`P04ifJ=iK?kdhF7wn61P06,0*0B
\s:66,c:1782377517*12\!AIVDM,1,1,,,19NSOQP22K2CbPWeNU1jJR7F0<0:,0*29
\s:66,c:1782377512*17\!AIVDM,1,1,,,38;S`B001sNDqO1r8QKL9amP0CdM,0*42
\s:66,c:1782377507*13\!AIVDM,1,1,,,KpKW=r025LNgb8et,0*16
\s:66,c:1782377517*12\!AIVDM,1,1,,,C>l9i:h04EW5000K@65Ogwq1kkaUSQQkS111111111jd0000002P,0*72
\s:66,c:1782377520*16\!AIVDM,1,1,,,KnK3FSQDtojRAUhD,0*21
\s:66,c:1782377512*40\!AIVDM,1,1,,B,4028jNivad`kkNweDN@@AT?P253<,0*51
\s:66,c:1782377516*44\!AIVDM,1,1,,B,402Fhvivad`koPuT9bHVMD7?t0S:,0*2D
\s:66,c:1782377517*45\!AIVDM,1,1,,A,169CPc>P?w8gsjHA8f0f40IV0U3<,0*78
\s:66,c:1782377514*46\!AIVDM,1,1,,A,16:=NGP01J`h2gFAk19rTHgb28OC,0*60
\s:66,c:1782377518*4A\!AIVDM,1,1,,,B5O<v@00ADpDnmuEr<>hkwu5h000,0*4B
\s:66,c:1782377518*4A\!AIVDM,1,1,,A,H819DDl00000000lo1nmkk000000,0*03
\s:66,c:1782377513*41\!AIVDM,1,1,,B,33I`q>700BOQ2AHK<kUjgRSd00u0,0*77
\s:66,c:1782377518*4A\!AIVDM,1,1,,B,402a4bQvad`koQP70NOaEK700U3<,0*67
\s:66,c:1782377519*4B\!AIVDM,1,1,,A,13l3p60wRBwJJJh2I?tTQ3cl253<,0*3E
\s:66,c:1782377517*12\!AIVDM,1,1,,,KnKG1d0?w`R`UP68,0*3A
\s:66,c:1782377515*10\!AIVDM,1,1,,,KmNbj8;<c7j<c0DL,0*61
\s:66,c:1782377515*10\!AIVDM,1,1,,,Km?dRhP<:VAIMUVP,0*36
\s:66,c:1782377518*1D\!AIVDM,1,1,,,Km?dRhP<:VAIMUVP,0*36
\s:66,c:1782377517*12\!AIVDM,1,1,,,19NSPv30010nsIetBR;jLlbt0@O1,0*5A
\s:66,c:1782377515*10\!AIVDM,1,1,,,KkEeTTg?c1k8LPOt,0*19
\s:66,c:1782377514*11\!AIVDM,1,1,,,1:u0FVPP00r@cKIvL>Bf4?wR28MI,0*6A
\s:66,c:1782377518*1D\!AIVDM,1,1,,,3;DjlBP007rmqqGnAN`hEUmfR1tP,0*65
\s:66,c:1782377513*16\!AIVDM,1,1,,,I8;G`D2T1hwaOVGR>?2D9<b;aBLF,0*69
\s:66,c:1782377515*10\!AIVDM,1,1,,,Ko7n4?0>U3hp:V=H,0*78
\s:66,c:1782377517*12\!AIVDM,1,1,,,KmNbj8;<c7j<c0DL,0*61
\s:66,c:1782377519*1C\!AIVDM,1,1,,,KpSJHo0Cp6iJj030,0*2D
\s:66,c:1782377515*47\!AIVDM,1,1,,A,85NP`eQKf8>JGh;nSIJbISQcBVJ6dS?GjsN42cl94tEDF?ulJaf7,0*7B
\s:66,c:1782377518*4A\!AIVDM,1,1,,B,36:;MCPP@L8VBMLDVifnt7;j00sA,0*5D
\s:66,c:1782377518*4A\!AIVDM,1,1,,A,16::DkPPAq89Hon<lS96SmAj08R9,0*0C
\s:66,c:1782377502*41\!AIVDM,1,1,,A,19NSSCP02565Kf7w1gj`tG;40HHO,0*35
\s:66,c:1782377213*46\!AIVDM,1,1,,B,39NSSCP02565Ob7w2:s8vG9J0CE=,0*21
\s:66,c:1782377518*4A\!AIVDM,1,1,,A,133orIPP000CbAdMH<Cb3Own2<7t,0*47
\s:66,c:1782377517*45\!AIVDM,1,1,,B,19NSsEPw2llpvELIi:K49C@20<05,0*78
\s:66,c:1782377521*40\!AIVDM,1,1,,A,18SjkLHwP07aJ=h;qDoh00Kn0D50,0*7A
\s:66,c:1782377513*16\!AIVDM,1,1,,,338psh0P@;0WjRJ2:WI9;5KR0200,0*00
\s:66,c:1782377519*1C\!AIVDM,1,1,,,Klcwtp1Oss0FqP10,0*78
\s:66,c:1782377506*12\!AIVDM,1,1,,,B>plqkP0014g2SKBQk3IrfN4SP06,0*6C
\s:66,c:1782377506*12\!AIVDM,1,1,,,Kl`aJk8=WcC0uV1@,0*70
\s:66,c:1782377515*10\!AIVDM,1,1,,,KleJA==M4JkDQPOt,0*08
\s:66,c:1782377515*10\!AIVDM,1,1,,,KmNKm;9M=?Bdd0?@,0*69
\s:66,c:1782377517*12\!AIVDM,1,1,,,Kl2Q1V<?H4AQt0Ot,0*54
\s:66,c:1782377514*11\!AIVDM,1,1,,,15QND801BcDQsklDgNLS@RaP08Na,0*37
\s:66,c:1782377518*1D\!AIVDM,1,1,,,KleIGot;F8ke9POt,0*29
\s:66,c:1782377518*1D\!AIVDM,1,1,,,19NSWIp015oa2E:B8IvuTrs`0<0E,0*17
\s:66,c:1782377512*17\!AIVDM,1,1,,,19NSkk@02nHkHS:9I:>4eCeP0HMT,0*6E
\s:66,c:1782377515*10\!AIVDM,1,1,,,KnK2>f44i`jMS0C0,0*5D
\s:66,c:1782377512*17\!AIVDM,1,1,,,KrLQcpuMUQdP:0Ot,0*69
\s:66,c:1782377513*16\!AIVDM,1,1,,,14`Uv4PvP0OpdJh2Wwr2cG3V0<0:,0*3F
\s:66,c:1782377517*12\!AIVDM,1,1,,,Kqa>2o>0Bn0CPV1h,0*51
\s:66,c:1782377515*10\!AIVDM,1,1,,,18SJQuP023LcFm9iaTlRMR9R08Mw,0*2B
\s:66,c:1782377513*16\!AIVDM,1,1,,,17OnHaP0008Nl:;lGMoWWV?T053<,0*2C
\s:66,c:1782377519*1C\!AIVDM,1,1,,,Koldoq<4?mwc:Swt,0*71
\s:66,c:1782377506*12\!AIVDM,1,1,,,B>kvG;000htkvQK3mjP=Swk4SP06,0*76
\s:66,c:1782377506*12\!AIVDM,1,1,,,C>kvG;000htkvQK3mjP=Swk1kkaQUWUSU111111111jd0000002P,0*4B
\s:66,c:1782377517*45\!AIVDM,1,1,,A,34QsFHhOh10pnO4EkVgTEkLP0P00,0*3F
\s:66,c:1782377514*46\!AIVDM,1,1,,B,16KD>0003;9RFW@B4A7RP27d00S@,0*61
\s:66,c:1782377515*47\!AIVDM,1,1,,A,14hCGm00000canTGNfspJ2cb0000,0*3F
\s:66,c:1782377518*4A\!AIVDM,1,1,,B,14WW<8001N`i8HlAg4@b`8cl0HQl,0*6C
\g:1-2-5199805,s:66,c:1782377518*01\!AIVDM,2,1,5,A,58;;n1829PfdADS?GS<mJ0@tr0@4pTDj2P@C:T16>0@78u`10>RC3jC3,0*26
\g:2-2-5199805*64\!AIVDM,2,2,5,A,h00000000000000,2*79
\s:66,c:1782377520*41\!AIVDM,1,1,,A,137J1R0PBfP6Fh0M?r8c:8kl0L3d,0*73
\s:66,c:1782377507*13\!AIVDM,1,1,,,144hAEWP0gc;fKHN0k2MM?wJ2<0N,0*02
\s:66,c:1782377516*13\!AIVDM,1,1,,,Kp15W>H9UsSbg65<,0*0F
\s:66,c:1782377518*1D\!AIVDM,1,1,,,KmNPf;`<KRR2J00H,0*25
\s:66,c:1782377512*17\!AIVDM,1,1,,,3815ThCu14;uaResjCPAL1CR0000,0*58
\s:66,c:1782377512*17\!AIVDM,1,1,,,Ks@8sJ<=pF>GRPOt,0*69
\s:66,c:1782377513*16\!AIVDM,1,1,,,1815?Ok0010kg8utGOVTGnUf053<,0*5F
\s:66,c:1782377515*10\!AIVDM,1,1,,,B>phSW@0015DWhK;`RRDmoN4SP06,0*11
\s:66,c:1782377511*14\!AIVDM,1,1,,,KmNuj90==82di09t,0*63
\s:66,c:1782377517*12\!AIVDM,1,1,,,KqNSeWh=0gA@v8@H,0*37
\s:66,c:1782377517*45\!AIVDM,1,1,,,18LLoP02AMGTaSJBkKrmuleh0000,0*5D
\s:66,c:1782377512*40\!AIVDM,1,1,,A,13P;MPP01:14DilDh9QSw3=V00S;,0*2D
\s:66,c:1782377518*4A\!AIVDM,1,1,,B,23eoA410017b;6h5lsMol8=l0HQr,0*3D
\s:66,c:1782377518*4A\!AIVDM,1,1,,A,1:kJhm8000ri5@ibkvPocEuj053<,0*75
\s:66,c:1782377517*45\!AIVDM,1,1,,B,33`en0PP0FPDR4JMdfDl6wwj20TA,0*1C
\s:66,c:1782377519*4B\!AIVDM,1,1,,B,16:DCw0P46`93Q><k>U9Jgv00hRf,0*0D
\s:66,c:1782377515*47\!AIVDM,1,1,,A,13`p;?@000PGoiDNQv7qR5Gb0@P8,0*60
\s:66,c:1782377507*13\!AIVDM,1,1,,,18I<UK0w2bclj2tJhlmb9`=@053<,0*5E
\s:66,c:1782377517*12\!AIVDM,1,1,,,1;;@Ga0P00slQ0@3s5n9rOwf2@P8,0*7A
\s:66,c:1782377512*17\!AIVDM,1,1,,,KrU8c>d>=vescP<t,0*12
\s:66,c:1782377514*11\!AIVDM,1,1,,,C>jpkVP03qc5<QK5Ht4w;wP1kkUiiWeSQKiU;11111100080Q0R0,0*1A
\s:66,c:1782377513*16\!AIVDM,1,1,,,16Smop0P0>Qcam5VL1F1@:qV20SH,0*3C
\s:66,c:1782377516*13\!AIVDM,1,1,,,KomFBbf4csh2:POt,0*01
\s:66,c:1782377517*12\!AIVDM,1,1,,,Kn:FwbPD0RASjTOt,0*4A
\s:66,c:1782377507*13\!AIVDM,1,1,,,17ljf8P0093t@J3l7KgKt@cN00Su,0*2D
\s:66,c:1782377506*12\!AIVDM,1,1,,,KmO<=l9M>=Bj0P<8,0*58
\s:66,c:1782377519*1C\!AIVDM,1,1,,,Kn:FwbPD0RASjTOt,0*4A
\s:66,c:1782377517*45\!AIVDM,1,1,,B,3;;ggD10017OkgH19g=39mij0DQr,0*0F
\s:66,c:1782377518*4A\!AIVDM,1,1,,A,18I1EP001E1?;BWdP>tDR3gb0D0p,0*7C
\s:66,c:1782377520*41\!AIVDM,1,1,,A,18Lg42PP007=dFD7NOKN4?v42l3w,0*0E
\s:66,c:1782377518*4A\!AIVDM,1,1,,A,16:8VOQ0178h;5hAgRI<>rIj0lfU,0*6A
\s:66,c:1782377519*4B\!AIVDM,1,1,,B,13iROh3000MOrtUs=K5cf:el0@RP,0*1D
\s:66,c:1782377517*45\!AIVDM,1,1,,A,33`m:9002O01GsnOnjInh5Gd86=3,0*1C
\s:66,c:1782377514*46\!AIVDM,1,1,,A,14eGLiP2htG;QHJL2UMU5?wf0000,0*5D
\s:66,c:1782377516*44\!AIVDM,1,1,,B,13aGurPP00PDLG:MdkvuEwwf253<,0*49
\s:66,c:1782377514*46\!AIVDM,1,1,,B,33I?sT7P@gOQk<fKF3AEjlcf0130,0*20
\s:66,c:1782377517*45\!AIVDM,1,1,,A,13m6wF?P001o:32`Wa6P0?wf00Ri,0*51
\s:66,c:1782377513*41\!AIVDM,1,1,,A,15RJ4F001VOt`PhLeGO2q2KT00SA,0*11
\s:66,c:1782377517*45\!AIVDM,1,1,,B,B7lcU5P06J3MjfObkJ;6kwv6oP06,0*35
\s:66,c:1782377521*40\!AIVDM,1,1,,B,16;Usb001F8hA36Ak2KbLHd0053@,0*29
\s:66,c:1782377521*40\!AIVDM,1,1,,A,18L=CJ00117L3820gAOkRBj40@0h,0*41
\s:66,c:1782377513*41\!AIVDM,1,1,,B,E>jO``OKHqHphFh1PSV4Pa4P000@E`qi;<6>h10888rh20,4*32
\s:66,c:1782377522*43\!AIVDM,1,1,,A,13dPhUPP1u11nB:DV27;i?v20`1@,0*60
\s:66,c:1782377522*43\!AIVDM,1,1,,A,13ku9D@0231dC8TEaFVdmbH00<6A,0*10
\s:66,c:1782377517*45\!AIVDM,1,1,,B,E>jV2;@4:STW?Q?U0QURb000000@5ndtA5bbh00003sP10,4*77
\g:1-2-5199806,s:66,c:1782377522*0B\!AIVDM,2,1,6,B,56:dLA@000030000001@4TP4pO7<P4t00000001690:87Ud?N4Qm@CQn,0*1D
\g:2-2-5199806*67\!AIVDM,2,2,6,B,R3m@00000000008,2*65
\s:66,c:1782377519*4B\!AIVDM,1,1,,A,33o395P0000kTqbU6mSRR`mp0000,0*2A
\s:66,c:1782377507*44\!AIVDM,1,1,,A,19NSothvQl66OGkvsJHa1W9L0@KH,0*6E
\s:66,c:1782377458*4F\!AIVDM,1,1,,B,39NSothvAl66OuovsNAa0W9h0B@=,0*1D
\s:66,c:1782377520*41\!AIVDM,1,1,,B,1815Po@uiVOWRO@DTgi=MrMn0H0;,0*14
\s:66,c:1782377522*43\!AIVDM,1,1,,A,333w7EP000PCj=LMG3;@<:Ul00vh,0*1B
\s:66,c:1782377523*42\!AIVDM,1,1,,B,16TJo4001<7a@bEtQNtVwUUn081f,0*54
\s:66,c:1782377517*45\!AIVDM,1,1,,A,15OIst0001rA7hh>gQCu`HGh0000,0*1F
\s:66,c:1782377519*4B\!AIVDM,1,1,,A,15NFMv0000G?b26EdhQCdlN008Rw,0*0F
\s:66,c:1782377519*4B\!AIVDM,1,1,,B,76;9rpaRMpD`,0*0E
\s:66,c:1782377521*40\!AIVDM,1,1,,A,16:?2cPP@78hRJ4AIqSQUPgl080H,0*7B
\s:66,c:1782377521*40\!AIVDM,1,1,,A,15IIqF0000KUhO:678k>41R200S9,0*75
\s:66,c:1782377520*41\!AIVDM,1,1,,B,133qjePP000CGd2MDtA<Lgv220S4,0*02
\s:66,c:1782377516*44\!AIVDM,1,1,,A,13I?sT7P@gOQk=TKF3<U`TMj00T<,0*05
\s:66,c:1782377514*46\!AIVDM,1,1,,B,13`kN1hP00PDIH<Md3:f4?wb253<,0*12
\s:66,c:1782377521*40\!AIVDM,1,1,,B,17ldTucP00WIAjh0WHKf4?v02@0c,0*0A
\s:66,c:1782377521*40\!AIVDM,1,1,,A,C6=m>Q@00aLpEa0oAg2T7wPPBJbISceg0J`U11111110?0d21120,0*0E
\s:66,c:1782377512*17\!AIVDM,1,1,,,19N`1N@036DouI>H@>P4C3ON053<,0*4B
\s:66,c:1782377514*11\!AIVDM,1,1,,,15?dhr011iG;mlRKdHg9DoQR08Me,0*65
\s:66,c:1782377517*12\!AIVDM,1,1,,,KnjGoJ0Bd=hCa0<8,0*1F
\s:66,c:1782377518*1D\!AIVDM,1,1,,,17mLBR?P0>W0<@weFhHQUwwh20RH,0*2A
\s:66,c:1782377513*16\!AIVDM,1,1,,,Kk9EoD01QrukC93l,0*09
\s:66,c:1782377513*16\!AIVDM,1,1,,,19jmA53P00PPD4F2h8df4?w`2D0p,0*03
\s:66,c:1782377519*1C\!AIVDM,1,1,,,KkfK7oiOW?3uSQ2l,0*66
\s:66,c:1782377516*13\!AIVDM,1,1,,,Kn9D2leDN8R<RP<L,0*2A
\s:66,c:1782377516*13\!AIVDM,1,1,,,KpI1TiqDLO1moP2`,0*1E
\s:66,c:1782377516*13\!AIVDM,1,1,,,Ko7jOE04>aQ?6VPh,0*79
\s:66,c:1782377517*12\!AIVDM,1,1,,,Kn9@Q:04H=1m56S4,0*19
\s:66,c:1782377512*17\!AIVDM,1,1,,,18153hP002M95Ssk:fdS;0;R053<,0*5A
\s:66,c:1782377513*16\!AIVDM,1,1,,,KqNSEK024:>Pf7h4,0*21
\s:66,c:1782377517*12\!AIVDM,1,1,,,Kk9EoD01QrukC93l,0*09
\s:66,c:1782377515*47\!AIVDM,1,1,,A,13:B6j001V02@3NLv2O9V7eb053<,0*4A
\s:66,c:1782377518*4A\!AIVDM,1,1,,A,16:<a`P1QT8jwTPACu>72EQh0<2g,0*0A
\g:1-2-5199807,s:66,c:1782377519*02\!AIVDM,2,1,7,A,53Rjl3822MsA=WG7?D0hEB0UB08D00000000000U1pB33t00000C2CCl,0*5E
\g:2-2-5199807*66\!AIVDM,2,2,7,A,h00000000000000,2*7B
\s:66,c:1782377519*4B\!AIVDM,1,1,,A,H7Op66P4p@T4lt0000000000000,2*78
\s:66,c:1782377519*4B\!AIVDM,1,1,,A,H7Op66TUCBD:nSJ72lohq01@722t,0*72
\s:66,c:1782377519*4B\!AIVDM,1,1,,B,15?dMTi0?w<tSF0l4Q@>48iv0hRH,0*39
\s:66,c:1782377518*4A\!AIVDM,1,1,,,17ldadm0008HgVSwR4e=SI=n0000,0*23
\s:66,c:1782377517*45\!AIVDM,1,1,,B,13MD0cP0090;Le0MO6oHH13j053<,0*3F
\s:66,c:1782377518*4A\!AIVDM,1,1,,,13fpPn001OOLCdHLiAG3QBql0000,0*41
\s:66,c:1782377515*47\!AIVDM,1,1,,A,36K2i3PPAp9j;1TCmvV1;Pmd00L@,0*6D
\s:66,c:1782377520*41\!AIVDM,1,1,,A,15WhFV000tSmJnp>F2@cTq@V2H;a,0*59
\s:66,c:1782377520*41\!AIVDM,1,1,,A,13cpI9;P000e1m>I?FD=>gwn080H,0*62
\s:66,c:1782377520*41\!AIVDM,1,1,,B,B47>hMP0;HJBUS8FFB=E7wP5l000,0*19
\s:66,c:1782377521*40\!AIVDM,1,1,,B,B3`dh600=h2O>t7Drk6`KwP1hL0b,0*7B
\s:66,c:1782377518*4A\!AIVDM,1,1,,B,13wkwlP01bWKN`N0cbl2jB;j0LA=,0*79
\s:66,c:1782377515*47\!AIVDM,1,1,,B,13cluW0P000aQ:LFL877WOwf053<,0*2D
\s:66,c:1782377515*47\!AIVDM,1,1,,A,13aEQFPP00PFEE<MvokK3wwf2HP=,0*0B
\s:66,c:1782377518*4A\!AIVDM,1,1,,B,177TBg0vApOvSompHBqdc:9h08R5,0*72
\s:66,c:1782377516*44\!AIVDM,1,1,,B,139UHm0P06PWsOHNIMVpcOwh28Q?,0*40
\s:66,c:1782377519*4B\!AIVDM,1,1,,B,13:j5b0000OV`slDQEoH;Fr000SS,0*0E
\s:66,c:1782377522*43\!AIVDM,1,1,,B,13AG:p002Aou8i@=LF4m743R00RO,0*02
\s:66,c:1782377520*41\!AIVDM,1,1,,B,19AFcePP00RAI10B0Mff4?wn2<18,0*5D
\s:66,c:1782377517*45\!AIVDM,1,1,,A,15O1?5000nq<g?0A1vfBEikl0000,0*24
\s:66,c:1782377520*41\!AIVDM,1,1,,A,15NuBnPP0oJA@IP>sNA;8?v00000,0*00
\s:66,c:1782377520*41\!AIVDM,1,1,,B,B5OELNP006TF`Q3nMDgQ3wP1jEoh,0*70
\s:66,c:1782377520*41\!AIVDM,1,1,,A,28STd0gP007bFel5u1CP0?wn2000,0*24
\s:66,c:1782377521*40\!AIVDM,1,1,,A,15DUbj0028P611fE6`eb=H9n0<<P,0*67
\g:1-2-5199808,s:66,c:1782377520*07\!AIVDM,2,1,8,A,56:foR@000022222221`QD<QD4s?33:2222222160`o6;Idj07823ijk,0*34
\g:2-2-5199808*69\!AIVDM,2,2,8,A,kQp888888888888,2*56
\s:66,c:1782377520*41\!AIVDM,1,1,,A,18SQ3ePP01Wa?It5lmjQqwwl253<,0*54
\s:66,c:1782377521*40\!AIVDM,1,1,,,13lvmD01BHPhRo<O>8pRtBD08000,0*45
\s:66,c:1782377517*45\!AIVDM,1,1,,B,14hE0Q001oJKF8d>k9v4:CGf053<,0*55
\s:66,c:1782377522*43\!AIVDM,1,1,,A,76:<a`P0w3ah,0*0D
\s:66,c:1782377521*40\!AIVDM,1,1,,B,18KsFv0PBGWKK>n0dGPbk8Ih0H0b,0*3F
\s:66,c:1782377519*4B\!AIVDM,1,1,,A,13ae9l00000Hnh8NKnTt3pol0PR>,0*34
\s:66,c:1782377521*40\!AIVDM,1,1,,A,B3n<T2P000;Oju`L:744gwPUkP06,0*61
\s:66,c:1782377513*16\!AIVDM,1,1,,,KqNSrc`?M@@hi0ET,0*63
\s:66,c:1782377515*10\!AIVDM,1,1,,,169L0fgP1>Nj3fb;tafn1?w40PSB,0*72
\s:66,c:1782377518*1D\!AIVDM,1,1,,,KmNWFeeLe0R;rP@t,0*78
\s:66,c:1782377514*11\!AIVDM,1,1,,,15B1Rp?000J@b3gvMP0jomiP0<0A,0*76
\s:66,c:1782377518*1D\!AIVDM,1,1,,,17P;Dd0001`F9AIl;D1;BG=h0<1:,0*72
\s:66,c:1782377513*16\!AIVDM,1,1,,,KqNSrc`?M@@hi0ET,0*63
\s:66,c:1782377512*17\!AIVDM,1,1,,,19NSOqh3R8MFk>wlADVG75eB0HMV,0*6A
\s:66,c:1782377517*12\!AIVDM,1,1,,,K9Iik:P1@CQwgV94,0*1C
\s:66,c:1782377515*47\!AIVDM,1,1,,B,B52oViP006`U>RUWl1iLGws1h000,0*5F
\s:66,c:1782377517*45\!AIVDM,1,1,,B,13a6`v0OikPE9=LN@Wbpn7Eh00RJ,0*61
\s:66,c:1782377518*4A\!AIVDM,1,1,,A,13eU8r002L`kt=D@eHboqF?j0@R=,0*3B
\s:66,c:1782377516*44\!AIVDM,1,1,,A,33bu>l1000PPb9>HtP2v441h2000,0*74
\s:66,c:1782377516*44\!AIVDM,1,1,,A,ENk`sw<Hh@@@@@@@@@@@@@@@@@@=alFf5?t6800003vP000,2*79
\s:66,c:1782377518*4A\!AIVDM,1,1,,A,B6:LGuP0@r;id=4Cme44cwtT2000,0*06
\s:66,c:1782377512*40\!AIVDM,1,1,,A,13IP=G?0000:kgDM=:3p8VS`0L3K,0*5A
\s:66,c:1782377518*4A\!AIVDM,1,1,,A,19NSr`0034J8pbH=KkiIt7sh053<,0*61
\s:66,c:1782377518*4A\!AIVDM,1,1,,A,401u<1Avad`kr0CDDtLtdV?P2000,0*40
\s:66,c:1782377519*4B\!AIVDM,1,1,,B,18LkJo1P007=hVT7P9pf46An2hRm,0*2F
\s:66,c:1782377519*4B\!AIVDM,1,1,,A,13Eqe@0001vqLld@6IddQael08Rr,0*59
\s:66,c:1782377513*41\!AIVDM,1,1,,A,15T12<0wBL6DJer3PERCPBmB0D0B,0*23
\s:66,c:1782377519*4B\!AIVDM,1,1,,B,19NSbs0uBBwNA`42>Qf3Jjgf2D01,0*16
\s:66,c:1782377517*45\!AIVDM,1,1,,B,15T12<0wBL6DJn23PES3P2mN0<0B,0*1E
\s:66,c:1782377519*4B\!AIVDM,1,1,,B,33MA>30Ohj0:Jd6NFpSCsSEn011h,0*70
\s:66,c:1782377518*4A\!AIVDM,1,1,,,33aGF=1P00PF>FJNFPRv4?wl2Dj:,0*35
\s:66,c:1782377519*4B\!AIVDM,1,1,,B,B7mRLoh00:5cq:Ol5du7swtRTD@O,0*0E
\s:66,c:1782377520*41\!AIVDM,1,1,,A,13cs6<002IP6:d>GGLbq:W=j0HRe,0*69
\s:66,c:1782377522*43\!AIVDM,1,1,,,33aGF=1P00PF>FJNFPRv4?v42Dj:,0*6C
\s:66,c:1782377516*44\!AIVDM,1,1,,,B3P<?Ph0039WWQrW79q0SwsUsP06,0*6B
\s:66,c:1782377520*41\!AIVDM,1,1,,B,144VAu`01L1pJiHFrl2AVA?l00RT,0*18
\s:66,c:1782377519*4B\!AIVDM,1,1,,A,13u?e`PP0014iN8QODKcHOv02<07,0*4B
\s:66,c:1782377521*40\!AIVDM,1,1,,A,13sRp8000sP9VnvGVvmRNAv00<59,0*38
\s:66,c:1782377521*40\!AIVDM,1,1,,B,139a6J0P00PebcFN`@S8bgwl0<2=,0*09
\s:66,c:1782377520*41\!AIVDM,1,1,,A,ENjAapjTaV0h:0a4S0h36=qfca0Ok:CV:C<oP00003P?2P,4*44
\s:66,c:1782377522*43\!AIVDM,1,1,,A,39NSAUh0217OJSB0q7T2dj>402h1,0*12
\s:66,c:1782377519*4B\!AIVDM,1,1,,A,16:5mv001L8js=8AHvSG35Kn2@RG,0*43
\s:66,c:1782377519*4B\!AIVDM,1,1,,B,36:EHK003e89KOt<nA>7e6;n00S1,0*05
\s:66,c:1782377521*40\!AIVDM,1,1,,A,13TpF90P00Q`tqJG@7K>4?v02D0I,0*66
\s:66,c:1782377521*40\!AIVDM,1,1,,A,18JwRn0P017KFB20f2Ws4gv42@0f,0*70
\s:66,c:1782377520*41\!AIVDM,1,1,,A,38I3JD0uQs8;Nn0<qvOcDpv002k1,0*10
\s:66,c:1782377520*41\!AIVDM,1,1,,A,176reJ002R8mp6vAS;@P80Al0D2T,0*40
\s:66,c:1782377517*12\!AIVDM,1,1,,,33l3p1P00CNqUGR@6VJ9w7wf0093,0*1D
\s:66,c:1782377514*11\!AIVDM,1,1,,,15N9CgW000m6Gv4Q4AOpu7m`0pNK,0*18
\s:66,c:1782377515*10\!AIVDM,1,1,,,177lJi001A:Ql:Uu6bc5`4KT0pLv,0*47
\s:66,c:1782377517*12\!AIVDM,1,1,,,19u:U=P00QKVj@`4n`PeAbEh20Rn,0*21
\s:66,c:1782377512*17\!AIVDM,1,1,,,17PDn400008<VnMgR?@remwR00Rw,0*6E
\s:66,c:1782377519*1C\!AIVDM,1,1,,,16<v370P0NR@?3Ec6ah4Lwwh253<,0*2F
\s:66,c:1782377512*17\!AIVDM,1,1,,,13JU<V000iMPOQkt17MWREkV0<05,0*6A
\s:66,c:1782377513*16\!AIVDM,1,1,,,K7lj;a=D1bgvqPOt,0*66
\s:66,c:1782377506*12\!AIVDM,1,1,,,C1mEi0000A6tSfKDBrv0iWN04bNjwik;1111111111100000002P,0*04
\s:66,c:1782377506*12\!AIVDM,1,1,,,C1;@>jP06qLqC@sDl:;;;wP0DikKSWQKae;11111111000000020,0*70
\s:66,c:1782377506*12\!AIVDM,1,1,,,34SOhh0OiJLc@`lI`bRI1WQF01jP,0*59
\s:66,c:1782377514*46\!AIVDM,1,1,,A,13cwG`00000g>EpHsmSciV5`0000,0*47
\s:66,c:1782377513*41\!AIVDM,1,1,,B,E>mGILcW79V@Fh;QVh600000000DD`qN4:Rb010888r020,4*3D
\s:66,c:1782377516*44\!AIVDM,1,1,,A,33cSrV002;Pq6LBEg@AaAWWf03EC,0*42
\s:66,c:1782377517*45\!AIVDM,1,1,,A,13LBWa001P1PkWRRkalm@4<00000,0*53
\s:66,c:1782377519*4B\!AIVDM,1,1,,B,19NSNm@P28QBtJdFSNiQWgwn253<,0*02
\s:66,c:1782377519*4B\!AIVDM,1,1,,A,15CgmN0020Qh4<EdAtNb9p=l2D0=,0*4D
\s:66,c:1782377518*4A\!AIVDM,1,1,,B,13:1C<UP1wP?4B2H><br5wwj28Qv,0*13
\s:66,c:1782377519*4B\!AIVDM,1,1,,B,17tNfohOiqW?vwP1OhqDaked28Ow,0*0C
\s:66,c:1782377520*41\!AIVDM,1,1,,B,19NSvTP01FQ1qI8IpAIjJiol0HS9,0*0C
\s:66,c:1782377520*41\!AIVDM,1,1,,A,18Hsbd0P00WIAlJ0WG4f4?wn28RU,0*66
\s:66,c:1782377517*45\!AIVDM,1,1,,A,B3`lMkP0Ggw<E9W7sP:b29h5oP06,0*7E
\s:66,c:1782377518*4A\!AIVDM,1,1,,A,369a4rUP008fVQjA6j`Kpgwl0000,0*31
\s:66,c:1782377519*4B\!AIVDM,1,1,,A,13l3p6@02H81n4b:a10R6Akl08RV,0*72
\s:66,c:1782377519*4B\!AIVDM,1,1,,A,19NSb>hwAhQqoUrE95G5U4Mj0000,0*4C
\s:66,c:1782377519*4B\!AIVDM,1,1,,A,19NSiGh01W8fAf8ApSJ:tHh000Rs,0*35
\s:66,c:1782377520*41\!AIVDM,1,1,,A,B:U8L9P0578NJttFQWMBOwuUkP06,0*72
\s:66,c:1782377520*41\!AIVDM,1,1,,A,16:Bab0P02`gUR0ACNS>4?wJ28K3,0*6D
\s:66,c:1782377517*45\!AIVDM,1,1,,A,13V>H00uAaOPKw4K2kCA>huj0L2N,0*1F
\s:66,c:1782377521*40\!AIVDM,1,1,,A,139E<iwP007KkHr0a>3G9gv20811,0*0E
\s:66,c:1782377520*41\!AIVDM,1,1,,A,13UQs5?=@0QcRA8EODuV@?v02000,0*5B
\g:1-2-5199809,s:66,c:1782377522*04\!AIVDM,2,1,9,B,53=<h682>KIOTP7CWW44pj1L4pL585A@40000017H15B?=kU0LSFPQEh,0*6C
\g:2-2-5199809*68\!AIVDM,2,2,9,B,000000000000000,2*2E
\g:1-2-5199810,s:66,c:1782377522*0C\!AIVDM,2,1,0,B,555``jD2<BQ1KA=;D00p5@TN04hUTEJ22222221@?PQ9?5Bd0@E4RDm8,0*3E
\g:2-2-5199810*60\!AIVDM,2,2,0,B,888800000000000,2*27
\s:66,c:1782377520*41\!AIVDM,1,1,,A,13@pa3P01@0:hSvMhSu96W=n000f,0*4E
\s:66,c:1782377521*40\!AIVDM,1,1,,A,18IbI`8P2I7K?Hp0e`v<7gv000S<,0*43
\s:66,c:1782377521*40\!AIVDM,1,1,,A,19NSo`@2QM12GWOjrkin84ql0H0:,0*19
\s:66,c:1782377521*40\!AIVDM,1,1,,A,13cm=`30000`d`@IG7Lid@B40@13,0*5C
\s:66,c:1782377522*43\!AIVDM,1,1,,B,18I<pT00090PbChO5agpR`n00<:I,0*42
\s:66,c:1782377519*4B\!AIVDM,1,1,,B,15?dKth01WW09Cn32milk3wh0@RP,0*54
\s:66,c:1782377519*4B\!AIVDM,1,1,,B,13`k34001b0r?bFOu3N@?hCn053<,0*56
\s:66,c:1782377519*4B\!AIVDM,1,1,,A,15Mwr;P001rdsB>G@KQ7WWal0HRf,0*42
\s:66,c:1782377518*4A\!AIVDM,1,1,,A,B3S4e0P0;WqJLI57s:66,0*49
\s:66,c:1782377107*40\!AIVDM,1,1,,A,1815U`@3B40na>ceGH2cHq5f0<04,0*20
\s:66,c:1782377259*48\!AIVDM,1,1,,B,1815U`@w250nVBgeGPs;Oq2l0<04,0*52
\s:66,c:1782377319*4D\!AIVDM,1,1,,B,1815U`@0240nU6QeGT?sL92l08Fg,0*3F
\s:66,c:1782377159*4B\!AIVDM,1,1,,B,3815U`@uj40n`=meGK2sM95N0?sM,0*0C
\s:66,c:1782377515*10\!AIVDM,1,1,,,Kp15;R@?C;1N64QP,0*4A
\s:66,c:1782377515*10\!AIVDM,1,1,,,KqNSgh@?d:jPV6f8,0*6A
\s:66,c:1782377518*1D\!AIVDM,1,1,,,C=@ohW002iTHWgsUA5d00UN0`2B@NL?e1ga:0000000000411R2P,0*62
\s:66,c:1782377515*10\!AIVDM,1,1,,,Kko0@o`0LwDj9P=p,0*56
\s:66,c:1782377517*12\!AIVDM,1,1,,,18I9Fj01Qu4`Ursmo2Faoow`08Nk,0*3A
\s:66,c:1782377517*12\!AIVDM,1,1,,,18I?:A00Ah58h8GqE1kq57?`00R>,0*7E
\s:66,c:1782377519*1C\!AIVDM,1,1,,,H69L1EA8tpN1TF37GT000000000,2*2D
\s:66,c:1782377517*45\!AIVDM,1,1,,A,13bahf00210DgppO8GRqmosh0D1C,0*35
\s:66,c:1782377517*45\!AIVDM,1,1,,A,15N3o20P00rnSkRGb>mf4?wj2000,0*10
\s:66,c:1782377514*46\!AIVDM,1,1,,B,19NSNbhwBRP08qRLq@parGsR00SB,0*01
\s:66,c:1782377519*4B\!AIVDM,1,1,,A,369FS=P01S8iBq0A?o4=i;;j012Q,0*1B
\s:66,c:1782377512*40\!AIVDM,1,1,,B,16Ka2200009jMVhD3LP`RmwT0<3p,0*70
\g:1-2-5199811,s:66,c:1782377519*05\!AIVDM,2,1,1,A,538nWD82=tUgD9<kJ20m<>1DpU@DB1HTTV222217OaC@K5e40R2lT5Dp,0*7F
\g:2-2-5199811*61\!AIVDM,2,2,1,A,888888888888880,2*25
\s:66,c:1782377519*4B\!AIVDM,1,1,,A,8343?IPj2d=dL=N<>2`ij?bh?1L0,0*42
\s:66,c:1782377520*41\!AIVDM,1,1,,A,15?dUV002DSn<9iviV`pBFWn2@Rq,0*68
\s:66,c:1782377519*4B\!AIVDM,1,1,,A,13MC<jh01fP38brMN2aroHWj0l0p,0*1C
\s:66,c:1782377351*41\!AIVDM,1,1,,B,H6:bvQm66DejihkPPPPPPP0Pf;50,0*00
\s:66,c:1782377521*40\!AIVDM,1,1,,B,19pV=<?005NTA<B9kKVaS4On0`0o,0*42
\s:66,c:1782377520*41\!AIVDM,1,1,,A,13Ibto0wBG01qTtLq>D5FT;l0H00,0*49
\s:66,c:1782377169*48\!AIVDM,1,1,,B,E>o3cRPq1P00000000000000000ML4>1nI3wH00000N010,4*19
\s:66,c:1782377330*46\!AIVDM,1,1,,B,E>o3cRPq1P00000000000000000ML4>1nI3wH00000N010,4*19
\s:66,c:1782377370*42\!AIVDM,1,1,,B,E>o3cRPq1P00000000000000000ML4>1nI3wH00000N010,4*19
\s:66,c:1782377522*43\!AIVDM,1,1,,B,14S7N402R3r=1L8AB0aU1St4053@,0*04
\s:66,c:1782377519*4B\!AIVDM,1,1,,A,1779c>001m7Ue?j2a3OAbiAn0<0b,0*69
\s:66,c:1782377519*4B\!AIVDM,1,1,,B,17WK9mP01rP;UbpMcPDHTFqn0pRT,0*5D
\s:66,c:1782377520*41\!AIVDM,1,1,,A,D02IPGR<Tffp,0*74
\s:66,c:1782377518*4A\!AIVDM,1,1,,A,13JEt27P00wpU>>LIhC00?wl2<1>,0*53
\s:66,c:1782377517*45\!AIVDM,1,1,,A,13b`Nd7P000Eqs2NC5Ff4?wj08Qj,0*13
\g:1-2-5199812,s:66,c:1782377439*05\!AIVDM,2,1,2,A,56SkdHT013Jw;3>0B0@@4D`Tr37<Pt000000000000000t0000000000,0*41
\g:2-2-5199812*62\!AIVDM,2,2,2,A,000000000000008,2*2E
\s:66,c:1782377518*4A\!AIVDM,1,1,,A,16:A@IQ0018OGrhFA695eFuj0000,0*18
\s:66,c:1782377520*41\!AIVDM,1,1,,A,1815DD0120wGNBbLI6ECD2WV00SR,0*35
\s:66,c:1782377519*4B\!AIVDM,1,1,,A,33Sb=r0=AS1?eD<HO61J`8Up0000,0*63
\s:66,c:1782377521*40\!AIVDM,1,1,,A,13@oK6h01K0O2wpNtF8H;FF40@0g,0*3A
\s:66,c:1782377520*41\!AIVDM,1,1,,A,15O;DlP000rRuf6E507UPnP00@06,0*11
\s:66,c:1782377513*16\!AIVDM,1,1,,,KkiLtB=B0e1ls0Ct,0*57
\s:66,c:1782377517*12\!AIVDM,1,1,,,KlbDad0=oVhOKP9d,0*36
\s:66,c:1782377514*11\!AIVDM,1,1,,,19NSeM000B7mfm=k@8I8;SqH0@NR,0*1B
\s:66,c:1782377513*16\!AIVDM,1,1,,,B>l728P030uoN8s5W2K6owq4SP06,0*43
\s:66,c:1782377519*1C\!AIVDM,1,1,,,K5C1Dr00Nu?G240H,0*60
\s:66,c:1782377519*1C\!AIVDM,1,1,,,Kkl6@>00FBSsO0@T,0*2C
\s:66,c:1782377515*10\!AIVDM,1,1,,,B>l728P030uoN8s5W2K6owq4SP06,0*43
\s:66,c:1782377517*12\!AIVDM,1,1,,,KmW;KD3j1TNMnP>h,0*75
\s:66,c:1782377517*12\!AIVDM,1,1,,,KkfCu01M1lRFb0:0,0*4A
\s:66,c:1782377512*17\!AIVDM,1,1,,,K3W;@6=OaIB>`POt,0*28
\s:66,c:1782377516*44\!AIVDM,1,1,,A,13cH`f00000pUQNO;JOk7@Sh053<,0*5F
\s:66,c:1782377514*46\!AIVDM,1,1,,B,13GQPB?P18wvRsTFTGG<`?wb253<,0*5D
\s:66,c:1782377513*41\!AIVDM,1,1,,B,190wblh01L0nHwNDrW=UB4?`0<5>,0*49
\s:66,c:1782377519*4B\!AIVDM,1,1,,A,16K=T>001n7E8H213LS;RaCn08R`,0*50
\s:66,c:1782377514*46\!AIVDM,1,1,,A,13cv1d0006Pfo=HFJa=8rU9d0@Ow,0*14
\s:66,c:1782377515*47\!AIVDM,1,1,,A,15O6vMP000rR>`@E9W`iDVUh08PI,0*22
\s:66,c:1782377519*4B\!AIVDM,1,1,,B,13aPIJ001KPAAWHMJ;Rrw`oj0DCD,0*5D
\s:66,c:1782377519*4B\!AIVDM,1,1,,B,18Hw7I0P02WJKjP0f`6f4?wl20Ra,0*24
\s:66,c:1782377518*4A\!AIVDM,1,1,,A,36:5k?000:8g0n@A92w5WDSj0161,0*17
\s:66,c:1782377520*41\!AIVDM,1,1,,B,19NSjDPviU7E4bV13>osTI?l0@0B,0*1A
\s:66,c:1782377521*40\!AIVDM,1,1,,A,15Dpa`0005PP5:p2HgssK4D00D0`,0*5F
\s:66,c:1782377517*45\!AIVDM,1,1,,A,16:>M;P01``iPU@A5CE07PEh0<<@,0*56
\s:66,c:1782377518*4A\!AIVDM,1,1,,A,15OCswd000JR1wlE:rkBu1wj0@RG,0*54
\s:66,c:1782377513*41\!AIVDM,1,1,,B,3:pDpKUP07JV:jR5qmMK3Owd0E<r,0*44
\s:66,c:1782377520*41\!AIVDM,1,1,,B,1:0Wp<0P00RkAah<BL`v4?wn253<,0*2A
\s:66,c:1782377520*41\!AIVDM,1,1,,A,B60jmg000HdmTVS4ekDM3wuWGP06,0*66
\s:66,c:1782377517*45\!AIVDM,1,1,,B,B819Cc000UDifFMO0cKQ3wt1h000,0*0D
\s:66,c:1782377519*4B\!AIVDM,1,1,,B,13@tD8000S0<i;HMTCq4ASch053<,0*16
\s:66,c:1782377520*41\!AIVDM,1,1,,A,13m2<:0wjq`kk8DAK4uR<1mn0L<O,0*25
\g:1-2-5199813,s:66,c:1782377517*09\!AIVDM,2,1,3,A,5>a55H@00003t000000e9E<D000000000000000U0h6225d`k3Clk3h0,0*1F
\g:2-2-5199813*63\!AIVDM,2,2,3,A,000000000000008,2*2F
\s:66,c:1782377518*4A\!AIVDM,1,1,,A,1>a55HOP1?PjRqtQbw>pGs7j0000,0*1F
\s:66,c:1782377521*40\!AIVDM,1,1,,A,18Lg8L`P007=k>:7Q:LM2Owp0@10,0*73
\s:66,c:1782377519*4B\!AIVDM,1,1,,B,37OoSpPPCIbl5oid`OtdIqwl20SQ,0*6D
\s:66,c:1782377519*4B\!AIVDM,1,1,,B,402Auk0000HttQNTIrElffo00P00,0*62
\s:66,c:1782377522*43\!AIVDM,1,1,,A,18REeS000d3g3SF?8e7MWrj:0p1V,0*62
\s:66,c:1782377519*4B\!AIVDM,1,1,,B,18IB6t002D3tNpn>tB53u39l00S;,0*71
\s:66,c:1782377519*4B\!AIVDM,1,1,,B,16::h2001P`jO@0C`2hW2mOl28Qo,0*4A
\s:66,c:1782377519*4B\!AIVDM,1,1,,B,37lcatgOwwaPV:mvbTMf40gh00<C,0*3C
\s:66,c:1782377518*4A\!AIVDM,1,1,,B,13`giJ`P0LPFH:DMv9:i9wwl253<,0*63
\s:66,c:1782377516*44\!AIVDM,1,1,,A,16:<CrP0008db3@A76f<h2gf053<,0*70
\s:66,c:1782377522*43\!AIVDM,1,1,,A,1k?wId00000Od0HNPjQ`oVp1uwww,0*45
\s:66,c:1782377522*43\!AIVDM,1,1,,A,19u:U4h3P07aDqItSfvM2j220p1R,0*10
\s:66,c:1782377102*45\!AIVDM,1,1,,,13lj@`01i`5iGN=ttNPiuikn8000,0*45
\s:66,c:1782377107*40\!AIVDM,1,1,,A,13lj@`0v1R5iGQittNmj6Qj88L0;,0*07
\s:66,c:1782377132*46\!AIVDM,1,1,,,13lj@`01iU5iGjwttPRB2Qjr8000,0*4B
\s:66,c:1782377147*44\!AIVDM,1,1,,,13lj@`0viR5iGuEttQT21AkH8000,0*79
\s:66,c:1782377520*41\!AIVDM,1,1,,A,177nWK?0028;;92<qTTE@HR00D0q,0*0C
\s:66,c:1782377521*40\!AIVDM,1,1,,B,15N8jl0000Jdg06G@L7;pj<00@0w,0*78
\s:66,c:1782377516*13\!AIVDM,1,1,,,KmMT0B;r17T1<PCl,0*43
\s:66,c:1782377518*1D\!AIVDM,1,1,,,KmD4Qd06SnD00U@L,0*22
\s:66,c:1782377517*12\!AIVDM,1,1,,,KqNSAO0?mMRah0V<,0*60
\s:66,c:1782377514*11\!AIVDM,1,1,,,1815L10w05oUP52B8mWGrWSP00SV,0*1C
\s:66,c:1782377518*1D\!AIVDM,1,1,,,KlQIVl0<fHR4pT80,0*0A
\s:66,c:1782377517*12\!AIVDM,1,1,,,Kp15V=h>0IPtI`80,0*19
\s:66,c:1782377517*12\!AIVDM,1,1,,,1815UK@024Ld@201:;nt3ag`08Q8,0*76
\s:66,c:1782377514*11\!AIVDM,1,1,,,3815Ue0s1B6I=@sepmOIpWc`00ch,0*48
\s:66,c:1782377519*1C\!AIVDM,1,1,,,1815Rch01`0vR`id3fm:U`Mh00S8,0*52
\s:66,c:1782377505*11\!AIVDM,1,1,,,34SWdT002G4<2`imhVuq9GI<00Sh,0*75
\s:66,c:1782377517*12\!AIVDM,1,1,,,15A?<>001p42Em9kjK69OWQb053<,0*2D
\s:66,c:1782377517*12\!AIVDM,1,1,,,KmA?<>024ANKuV?4,0*67
\s:66,c:1782377518*1D\!AIVDM,1,1,,,Kp15V=h>0IPtI`80,0*19
\s:66,c:1782377518*1D\!AIVDM,1,1,,,K5Nu;`8=::j>B7<h,0*09
\s:66,c:1782377517*12\!AIVDM,1,1,,,C>l?r6@025afw0PEQPtnkws1kkaWSQeiS111111111jd0000002P,0*5C
\s:66,c:1782377517*12\!AIVDM,1,1,,,KmOCwo9LviB2qPCp,0*5D
\s:66,c:1782377502*16\!AIVDM,1,1,,,KpHs3t00MS3D2TkD,0*00
\s:66,c:1782377518*4A\!AIVDM,1,1,,B,144WUNP02ANaAbh:ek@=N:sp1`Jw,0*7D
\s:66,c:1782377518*4A\!AIVDM,1,1,,B,139S53P0000WtptNI3:`c1el053<,0*03
\s:66,c:1782377515*47\!AIVDM,1,1,,A,13EiavW00CP@0v2H>nsSRk9f0<1T,0*58
\s:66,c:1782377514*46\!AIVDM,1,1,,B,352nJR0OhArTW24E6pd5gE;d01rP,0*4A
\s:66,c:1782377511*43\!AIVDM,1,1,,A,13mC1P00001Fk1hWnb6tRJ5`08ND,0*78
\s:66,c:1782377519*4B\!AIVDM,1,1,,B,16:`eK@00@`W6n@BBH7E<Owl0000,0*2B
\s:66,c:1782377515*47\!AIVDM,1,1,,A,23a9=20000P60itMfPPPUWmb053<,0*47
\s:66,c:1782377511*43\!AIVDM,1,1,,B,13K=j@00000PRtdHrv5SKWMT0D7C,0*76
\s:66,c:1782377519*4B\!AIVDM,1,1,,,15NfeC<000o@7INE`wo3smkl0000,0*69
\s:66,c:1782377512*40\!AIVDM,1,1,,B,H8Lg<cE@00000000000000wp00w0,0*64
\s:66,c:1782377516*44\!AIVDM,1,1,,A,1:10V>?P07PspCBDH:NDO?wf2@Pn,0*6F
\s:66,c:1782377518*4A\!AIVDM,1,1,,A,15NWAoPP1=JgG34GLgk29Own0D28,0*50
\s:66,c:1782377515*47\!AIVDM,1,1,,B,1395@l00ih8eU7r?>S210hsb08Oo,0*7B
\s:66,c:1782377513*41\!AIVDM,1,1,,A,13`jfoG003PML@TNb0FlvBod0<7P,0*74
\s:66,c:1782377518*4A\!AIVDM,1,1,,B,19pM;4700NvhRg`85iPMK:sl2@RC,0*59
\s:66,c:1782377520*41\!AIVDM,1,1,,B,29NSje1P@3Wb2mV5tLJqWP202L4t,0*1F
\s:66,c:1782377515*47\!AIVDM,1,1,,B,ENk`t0Rb8@@@@@@@@@@@@@@@@@@=A<tO<WPNp00003vP000,2*30
\s:66,c:1782377520*41\!AIVDM,1,1,,A,13P<qqh1if8?:JV<TQM9KW`20<2H,0*4A
\s:66,c:1782377519*4B\!AIVDM,1,1,,A,13bLtJ7P0k0HOtlNAOKG=gv02@S0,0*66
\s:66,c:1782377520*41\!AIVDM,1,1,,B,19NSgCP02p;DnijJA6jjs2Cn080N,0*03
\s:66,c:1782377104*43\!AIVDM,1,1,,,13ei2`001wUiQST1U;0S42N40000,0*57
\s:66,c:1782377114*42\!AIVDM,1,1,,B,13ei2`001wUiQgR1U;BS52NJ0@8?,0*5D
\s:66,c:1782377124*41\!AIVDM,1,1,,A,13ei2`001wUiQq>1U;RS4jNd00Ri,0*0F
\s:66,c:1782377134*40\!AIVDM,1,1,,B,13ei2`001wUiR421U;m342O00@Ck,0*77
\s:66,c:1782377164*45\!AIVDM,1,1,,,13ei2`001wUiRTN1U<`S4jN40000,0*46
\s:66,c:1782377210*45\!AIVDM,1,1,,,13ei2`001wUiSG:1U=uS3BOR0000,0*7C
\s:66,c:1782377215*40\!AIVDM,1,1,,,13ei2`001wUiSL`1U>3k5BOd0000,0*60
\s:66,c:1782377240*40\!AIVDM,1,1,,,13ei2`001wUiSo`1U>h35BNV0000,0*73
\s:66,c:1782377250*41\!AIVDM,1,1,,,13ei2`001wUiT1F1U?134BNp0000,0*73
\s:66,c:1782377261*43\!AIVDM,1,1,,,13ei2`001wUiT>F1U?Ek4BO@0000,0*61
\s:66,c:1782377271*42\!AIVDM,1,1,,,13ei2`001wUiTI<1U?Vk4jOT0000,0*43
\s:66,c:1782377276*45\!AIVDM,1,1,,,13ei2`001wUiTNT1U?h34BOf0000,0*50
\s:66,c:1782377281*4D\!AIVDM,1,1,,,13ei2`001wUiTSv1U?oC5BN00000,0*4E
\s:66,c:1782377297*4A\!AIVDM,1,1,,,13ei2`001wUiTl@1U@A35RNN0000,0*08
\s:66,c:1782377344*45\!AIVDM,1,1,,,13ei2`001wUiU`:1UAU35BN60000,0*02
\s:66,c:1782377375*47\!AIVDM,1,1,,,13ei2`001wUiV8b1UBJC4RO20000,0*79
\s:66,c:1782377380*4D\!AIVDM,1,1,,,13ei2`001wUiV?61UBUC42O>0000,0*59
\s:66,c:1782377395*49\!AIVDM,1,1,,,13ei2`001wUiVNB1UBv342Ob0000,0*53
\s:66,c:1782377518*4A\!AIVDM,1,1,,B,B5ODi:0006C?2N4>OlgQ3wu1h000,0*4B
\s:66,c:1782377520*41\!AIVDM,1,1,,B,13aNa>hOi;ONp<hJdN<Q@hr20@0;,0*19
\s:66,c:1782377519*4B\!AIVDM,1,1,,A,B69;d8hD027MQiUUG`p03wv5SP06,0*05
\s:66,c:1782377519*4B\!AIVDM,1,1,,A,23a9=20000P60i`MfPPPbWmj053<,0*6C
\s:66,c:1782377521*40\!AIVDM,1,1,,A,13K=j@00000PRtTHrv5kKWL0053@,0*6E
\s:66,c:1782377514*46\!AIVDM,1,1,,,15Nb?NUP00oRl7vCD50<DOwf0000,0*0F
\s:66,c:1782377520*41\!AIVDM,1,1,,A,35Nb?NUP00oRl7vCD4wr`wv20Ddr,0*6F
\s:66,c:1782377517*45\!AIVDM,1,1,,B,33MCWqhOh00;hNnMs`GTF6Cf01vh,0*36
\s:66,c:1782377521*40\!AIVDM,1,1,,A,160RB880002kAkh<BFHAtOwj0l6:,0*6D
\s:66,c:1782377521*40\!AIVDM,1,1,,A,ENmW@TT2@12PQWW@D92PaDP00003ledu5uB?h40PPSPP00,4*20
\s:66,c:1782377519*4B\!AIVDM,1,1,,A,15?dMb@v0M8`A@p8BGG886Ul0HRb,0*09
\s:66,c:1782377521*40\!AIVDM,1,1,,A,33mC1P00001Fk1tWnb6=8:5p0000,0*27
\s:66,c:1782377519*4B\!AIVDM,1,1,,A,13otJ80v2iPsSK4VlgaWsnCj00RP,0*02
\s:66,c:1782377522*43\!AIVDM,1,1,,A,13SKIN0P00Q2Vf8Iobb@0?v42<1?,0*1B
\s:66,c:1782377519*4B\!AIVDM,1,1,,B,137Qef02BBP7eNJNEhb;vaah00S0,0*01
\s:66,c:1782377520*41\!AIVDM,1,1,8,A,402M4GAvad`ks0n5rPUT;<700H0D,0*18
\s:66,c:1782377522*43\!AIVDM,1,1,,A,B5NewDP006c@w95lec>aswQ5kP06,0*1F
\s:66,c:1782377519*4B\!AIVDM,1,1,,B,17ldKA00007KqlV0TkeP051l0@Rb,0*34
\s:66,c:1782377523*42\!AIVDM,1,1,,A,403OtWQvad`l2o6MWHHB<k?02@1M,0*36
\s:66,c:1782377517*45\!AIVDM,1,1,,A,339uDUP0000ewqJNWi50001p0000,0*36
\s:66,c:1782377519*4B\!AIVDM,1,1,,,15Nb?NUP00oRl7vCD50:3wv00000,0*11
\s:66,c:1782377510*42\!AIVDM,1,1,,B,H3mqnU04hLth000000000000000,2*77
\s:66,c:1782377520*41\!AIVDM,1,1,,A,H3mqnU4T0000000<7kkjp01P1220,0*6B
\s:66,c:1782377524*45\!AIVDM,1,1,,B,13tiSB001h0Bj6DMgRcDDCJ40DFl,0*60
\s:66,c:1782377524*45\!AIVDM,1,1,,A,13fJ;L001i1HpDvPWjw7s6F:00Rg,0*3D
\s:66,c:1782377523*42\!AIVDM,1,1,,B,B7mF@A001r5g@5OkvMEf7wU2T821,0*6A
\s:66,c:1782377524*45\!AIVDM,1,1,,B,16SgvT`003a=UnjD4;9s?RN6282S,0*15
\s:66,c:1782377525*44\!AIVDM,1,1,,A,39u:UoiP032AI7HB62GA4Ov80ljb,0*07
\s:66,c:1782377521*40\!AIVDM,1,1,,B,13mC1P00001Fk1tWnb6M8J4200SA,0*77
\s:66,c:1782377521*40\!AIVDM,1,1,,A,E>k`uEdW2h@@@@@@@@@@@@@@@@@=Ldt@;ov5@00003vP100,2*1F
\s:66,c:1782377525*44\!AIVDM,1,1,,A,13ku9Wh1Po2tEaavSqi8;6T<0D02,0*27
\s:66,c:1782377514*11\!AIVDM,1,1,,,15Q=:N0032G?RtDKEdS=crwT00Rr,0*76
\s:66,c:1782377511*14\!AIVDM,1,1,,,15?qD803Qg:mqOIoE5`h?h9B0D00,0*0B
\s:66,c:1782377518*1D\!AIVDM,1,1,,,KleGNKQsOUCW30D8,0*34
\s:66,c:1782377517*12\!AIVDM,1,1,,,K5?W4:1Me0@W6028,0*4D
\s:66,c:1782377514*11\!AIVDM,1,1,,,16<ftSPP0O5JJ6SfGDjUSgwR0000,0*79
\s:66,c:1782377518*1D\!AIVDM,1,1,,,1815Gdh01j8sUSScVfcCc2mN053<,0*5F
\s:66,c:1782377516*13\!AIVDM,1,1,,,Kn9LCs9DN5j?QPOt,0*6E
\s:66,c:1782377518*1D\!AIVDM,1,1,,,3;DjvE3Oh@JNmmcq6b:607QV00KP,0*73
\s:66,c:1782377518*1D\!AIVDM,1,1,,,1;Djjd8000J<f0ou5nG5wDif00RB,0*7A
\s:66,c:1782377518*1D\!AIVDM,1,1,,,Kn9D9f?u;WvW?SOt,0*30
\s:66,c:1782377506*12\!AIVDM,1,1,,,1815Ad001rKPtm0A?DMQp1QJ0<00,0*4E
\s:66,c:1782377519*4B\!AIVDM,1,1,,A,16:869P0048fVEpA2olc`Q9n08RW,0*0D
\s:66,c:1782377520*41\!AIVDM,1,1,,A,19NSPKhw19K4JCB6pcHT?kSP0<0f,0*3F
\s:66,c:1782377520*41\!AIVDM,1,1,,B,100002OP?w<tSF0l4Q@>4?wv073h,0*3D
\s:66,c:1782377513*41\!AIVDM,1,1,,B,16:7s600038?vFH;KsDuKoOd0@O?,0*2B
\s:66,c:1782377514*46\!AIVDM,1,1,,B,14`Uvp@02iwwVTcpQNFdVb;b0hOd,0*0A
\s:66,c:1782377520*41\!AIVDM,1,1,,A,13V<7N0004P`dM6F8=nKj0Uf0<2`,0*4D
\s:66,c:1782377520*41\!AIVDM,1,1,,A,1815V6PvhdNh>sj7nPeIOoQl0HS2,0*41
\s:66,c:1782377520*41\!AIVDM,1,1,,A,13l3tph12H0kRa8PrwMU:l7n0@07,0*39
\s:66,c:1782377520*41\!AIVDM,1,1,,A,13VTuD002ANdcED;>SPnumSf0@Rd,0*2F
\s:66,c:1782377519*4B\!AIVDM,1,1,,B,13lu080032KEbp4;he0BFAp00@Ro,0*51
\s:66,c:1782377518*4A\!AIVDM,1,1,,A,19NSeo@01b8Wkdd6MiKet;9R053<,0*0C
\s:66,c:1782377520*41\!AIVDM,1,1,,A,14`Uvp@02iwwVNupQOB<ar9n0d04,0*52
\s:66,c:1782377520*41\!AIVDM,1,1,,A,13aIhQhP00PGpMPNR4HN4?wn2<1S,0*27
\s:66,c:1782377521*40\!AIVDM,1,1,,B,13b5on0000PBtmfMfpp8r1Aj053@,0*11
\s:66,c:1782377519*4B\!AIVDM,1,1,,A,34eJ4gP000o<jt6L7ectqS7l02li,0*31
\s:66,c:1782377520*41\!AIVDM,1,1,,B,13aEQ;POi6PFUnLMv;De1Jan00R`,0*2F
\s:66,c:1782377521*40\!AIVDM,1,1,,A,15NQH1<000o@>`lEWwf8tRl20<2W,0*7F
\s:66,c:1782377519*4B\!AIVDM,1,1,,B,B5O5@iP00>qEOr1f@scQ3wsUl000,0*0E
\s:66,c:1782377520*41\!AIVDM,1,1,,B,15DM7r001n`?k4T<mQIk4jL00L3G,0*6E
\s:66,c:1782377521*40\!AIVDM,1,1,,A,19NSs8Pv0AMQ24Os>aC<EPcl080I,0*42
\s:66,c:1782377521*40\!AIVDM,1,1,,A,1815Gf002h7VM2L2b5Ai:Pr2080p,0*2D
\s:66,c:1782377523*42\!AIVDM,1,1,,B,13Ef=S?P00wj898Hjk<0o?v6281k,0*24
\s:66,c:1782377353*43\!AIVDM,1,1,,A,16ld2GPP0h`R=If<n47HAgvH2L1M,0*27
\s:66,c:1782377384*49\!AIVDM,1,1,,B,16ld2GPP0r`R=@b<n2b8WgwD20Sh,0*30
\s:66,c:1782377523*42\!AIVDM,1,1,,B,35?Apd50007K7Mp0fAko`@v40D:r,0*77
\s:66,c:1782377519*4B\!AIVDM,1,1,,A,16K2NmP0009jJt0D3vTRgFN00@Re,0*59
\s:66,c:1782377522*43\!AIVDM,1,1,,B,19cpnP<P00P69U0DrKm>4?v42<6<,0*35
\s:66,c:1782377518*4A\!AIVDM,1,1,,A,36:dAn@PA98eQL0Atmu07;?l01wh,0*16
\s:66,c:1782377523*42\!AIVDM,1,1,,A,18Hv9V<0027LG3p0igF86HV40820,0*59
\s:66,c:1782377524*45\!AIVDM,1,1,,B,;03t9QAuJl`l3`ST1TFmUVW00000,0*61
\s:66,c:1782377523*42\!AIVDM,1,1,,B,13En`@WP0hP?ElpFCR=qtOv4253@,0*53
\s:66,c:1782377524*45\!AIVDM,1,1,,A,13`l>A@P07PBGPtMffVBM?v8282l,0*00
\s:66,c:1782377525*44\!AIVDM,1,1,,B,13l3tph0jH0kRl4Prvjm:T6:0<4f,0*38
\s:66,c:1782377526*47\!AIVDM,1,1,,B,C6:96hP00j;GWPTC7hLK3wv0V2LJBMQQh00000000000e0H;1QPP,0*72
\s:66,c:1782377521*40\!AIVDM,1,1,,B,19NSoMh0237>`=:1VfrsPa>20D2K,0*15
\s:66,c:1782377525*44\!AIVDM,1,1,,B,13`fM`@0100L3LHMjB6Hv7B60D0o,0*33
\s:66,c:1782377524*45\!AIVDM,1,1,,,13lu080032KEc00;heQRFAp:053@,0*16
\s:66,c:1782377381*4C\!AIVDM,1,1,,B,399;qp11h2RD5FpB20UHBI?<0DMJ,0*45
\s:66,c:1782377527*46\!AIVDM,1,1,,A,16:7s600028?vFH;KsFM7WN8053@,0*7C
\s:66,c:1782377521*40\!AIVDM,1,1,,A,35NQH10000G@>`nEWwf8tRmp0000,0*71
\s:66,c:1782377526*47\!AIVDM,1,1,,A,33aEQ;PP18PFUkjMv;m==rh<00v0,0*2E
\s:66,c:1782377526*47\!AIVDM,1,1,,A,1815c:0023P4>oJFrjsPP@Id083k,0*1C
\s:66,c:1782377521*40\!AIVDM,1,1,,A,H3cgBcQ8ELTp@00000000000000,2*7E
\s:66,c:1782377521*40\!AIVDM,1,1,,A,H3cgBcT000000000000000000220,0*1C
\s:66,c:1782377524*45\!AIVDM,1,1,,A,B3cgBcP0B8JrlnUeNi=H96v00000,0*79
\s:66,c:1782377526*47\!AIVDM,1,1,,A,18v4;6501L1DFSudVlS:tph:0D24,0*1E
\s:66,c:1782377518*1D\!AIVDM,1,1,,,18HtjO001w;btPJJWUAbFH=f0D04,0*48
\s:66,c:1782377514*11\!AIVDM,1,1,,,15NJ`d00k`FJ3jPHueBiriUV0HMN,0*7D
\s:66,c:1782377514*11\!AIVDM,1,1,,,E>m1cDhb:a74W3h10aTW@;4a::Pn;FdokQHjH00003pP3383SsdN00,4*7A
\s:66,c:1782377513*16\!AIVDM,1,1,,,KnKa=h02U717``E`,0*7E
\s:66,c:1782377511*14\!AIVDM,1,1,,,15D`72001V:sftgo<KfuJrrP08IO,0*06
\s:66,c:1782377511*14\!AIVDM,1,1,,,Km?8CJ05Sv?3D50T,0*76
\s:66,c:1782377515*10\!AIVDM,1,1,,,KmNIwm3<hO2eb0AL,0*7C
\s:66,c:1782377518*1D\!AIVDM,1,1,,,KmO7A14<UVB<M03h,0*1A
\s:66,c:1782377514*11\!AIVDM,1,1,,,KmWbg>0MorhPdP=l,0*10
\s:66,c:1782377513*16\!AIVDM,1,1,,,K6K?lh0>R1>MD8=h,0*5D
\s:66,c:1782377517*12\!AIVDM,1,1,,,19NSrUh01L0c4@5dTHISKRl`0D02,0*63
\s:66,c:1782377515*10\!AIVDM,1,1,,,K6K?lh0>R1>MD8=h,0*5D
\s:66,c:1782377513*16\!AIVDM,1,1,,,Km?8CJ05Sv?3D50T,0*76
\s:66,c:1782377518*1D\!AIVDM,1,1,,,KmOpLV9MFJC0b0C0,0*4E
\s:66,c:1782377517*12\!AIVDM,1,1,,,KmO7A14<UVB<M03h,0*1A
\s:66,c:1782377520*16\!AIVDM,1,1,,,Kn:J2:0DFoRo`0Ot,0*31
\s:66,c:1782377513*41\!AIVDM,1,1,,A,B52hD5P005ksgHVl3@7Q3wrQjBTr,0*6E
\s:66,c:1782377516*44\!AIVDM,1,1,,A,13cpat30000g:MvHsDl6wmof0000,0*41
\s:66,c:1782377518*4A\!AIVDM,1,1,,A,16:Gtu001M8jBI@Ch2T02h7j00Rs,0*63
\s:66,c:1782377518*4A\!AIVDM,1,1,,B,16:EVp01AL`RmfRF1iA4ekoh2@S1,0*6E
\s:66,c:1782377519*4B\!AIVDM,1,1,,B,15MmLC?P00JQLmnFMM`oq?wl28Rp,0*01
\s:66,c:1782377519*4B\!AIVDM,1,1,,A,13ktu>001mODDNlG=LQ7dF3oH@Rl,0*59
\s:66,c:1782377519*4B\!AIVDM,1,1,,B,19NSSgP0201@UkAdaWD<Tb1l0<1C,0*57
\g:1-2-5199814,s:66,c:1782377245*0E\!AIVDM,2,1,4,A,569EAn82C<p`944w>21@tpN1`PuF0LtpN0`V221@RpkQK5d80lR2Aj84,0*0F
\g:2-2-5199814*64\!AIVDM,2,2,4,A,i@H888888888880,2*79
\s:66,c:1782377520*41\!AIVDM,1,1,,B,1815N?h02CS0QmEgFCa2M25l0@S8,0*66
\s:66,c:1782377518*4A\!AIVDM,1,1,,B,Dh3woshfm>fp,0*1A
\s:66,c:1782377513*41\!AIVDM,1,1,,A,139kB0PP010oFG8O1An:Tww`0D1m,0*14
\s:66,c:1782377518*4A\!AIVDM,1,1,0,A,H3m7Cq0HU=@E9H44L0000000000,2*2F
\s:66,c:1782377518*4A\!AIVDM,1,1,,A,H3m7Cq4mC=D5?QU<;mlio00H9140,0*1C
\s:66,c:1782377520*41\!AIVDM,1,1,,B,B69L0:h002;jHT4Cea`03wv41P06,0*7B
\s:66,c:1782377515*47\!AIVDM,1,1,,A,33m6S1P0000kPBtU7KCh001p0000,0*01
\s:66,c:1782377521*40\!AIVDM,1,1,,A,33cpat3OP00g:MnHsDknwmp00000,0*52
\s:66,c:1782377258*49\!AIVDM,1,1,,B,369EAn0u1bTaS9J:Qa45QlM:0Biu,0*5F
\s:66,c:1782377520*41\!AIVDM,1,1,,B,744cuw1RMpD`,0*09
\s:66,c:1782377522*43\!AIVDM,1,1,,B,17lj;lh0008GWhew?PQW26t40L2i,0*72
\s:66,c:1782377519*4B\!AIVDM,1,1,,A,16:>liP02C8R>EtF90t483En053<,0*71
\s:66,c:1782377519*4B\!AIVDM,1,1,,B,13EsQl0Oh0wvPs`FSh0:Fasj253<,0*08
\s:66,c:1782377521*40\!AIVDM,1,1,,A,18Hugl011g7bQjr5kFDewK200H0H,0*55
\s:66,c:1782377518*4A\!AIVDM,1,1,,B,1Jq85e0P00rdA0@52dGN4?wf2000,0*72
\g:1-2-5199815,s:66,c:1782377522*09\!AIVDM,2,1,5,A,59dN5dP2<r2P?TsWO41<D6118u=0E8000000001I1Rc@@5@f0D1Cl300,0*6D
\g:2-2-5199815*65\!AIVDM,2,2,5,A,000000000000000,2*21
\s:66,c:1782377519*4B\!AIVDM,1,1,,A,16Kv1j01Qi`OtE<F;v8SkS9H053<,0*7F
\s:66,c:1782377520*41\!AIVDM,1,1,,A,14ShG@031HwNLslJ`cpQ3Pqp0`04,0*51
\s:66,c:1782377514*46\!AIVDM,1,1,,A,13JI5KOP01Q32t<DQtRJ3Owh2HPS,0*3C
\s:66,c:1782377522*43\!AIVDM,1,1,,A,4028jO1vad`l1NpifP?wtn?P20S:,0*45
\s:66,c:1782377520*41\!AIVDM,1,1,,,15NsV40026E9A8j=7hT2ojGn0000,0*7F
\s:66,c:1782377522*43\!AIVDM,1,1,,A,403OKEiuJl`l2r:`<BADhUO0253@,0*31
\s:66,c:1782377523*42\!AIVDM,1,1,,A,17WK9NE000RAJaDAwoU;;TB420S<,0*01
\s:66,c:1782377522*43\!AIVDM,1,1,,A,13@vHt0wilOcS@L2ITpkNjj40<05,0*58
\s:66,c:1782377520*41\!AIVDM,1,1,,B,16:<a?Pv1b8bOQh?CJRA5@wj0<W9,0*0C
\s:66,c:1782377524*45\!AIVDM,1,1,,B,142ORbSuh025dkBGH2oWoFD40L4M,0*00
\s:66,c:1782377525*44\!AIVDM,1,1,,A,13eTMth000PB=BHMfoenNo:2053@,0*41
\s:66,c:1782377524*45\!AIVDM,1,1,,B,15NKisd000q<`lNA1NFmDqn600RN,0*01
\s:66,c:1782377524*45\!AIVDM,1,1,,A,744cuw1RMpD`,0*0A
\s:66,c:1782377520*41\!AIVDM,1,1,,A,35N@<f0000IhQlrAG?OSQ2mp0000,0*41
\s:66,c:1782377525*44\!AIVDM,1,1,,A,30221O?P?w<tSF0l4Q@>4?wv0Qd3,0*5A
\s:66,c:1782377522*43\!AIVDM,1,1,,A,16:4;O001a8iTNhAdlhaiGj20<ks,0*0A
\s:66,c:1782377524*45\!AIVDM,1,1,,A,16:<i8P3iK8gncBAk:l;B9D800Rw,0*42
\s:66,c:1782377525*44\!AIVDM,1,1,,A,36:Ku?PP@D8Vbu@D`oiQnAV80110,0*17
\s:66,c:1782377462*46\!AIVDM,1,1,,A,16SWOkgP00a3>C2EIhhT;gv22@1L,0*64
\s:66,c:1782377267*45\!AIVDM,1,1,,A,16Sl`W`001a3RFdEM`BaIUAP0D3b,0*39
\s:66,c:1782377522*43\!AIVDM,1,1,,A,160S3MSP00SQQ2>?hBnM>wv0053@,0*2F
\s:66,c:1782377525*44\!AIVDM,1,1,,A,19NSkpC0083QTlh@9hoLm:@:0@33,0*0E
\s:66,c:1782377526*47\!AIVDM,1,1,,B,3697:p00008dq@fAsW`ppmT<0793,0*62
\s:66,c:1782377355*45\!AIVDM,1,1,,A,38RHa350002Cf2`AP4Ou2lvL0Dg:,0*77
\s:66,c:1782377518*1D\!AIVDM,1,1,,,KmNUKlaLPk2;E0:T,0*79
\s:66,c:1782377517*12\!AIVDM,1,1,,,33=3b41000KW?k>98I=dOAmb0Dgb,0*29
\s:66,c:1782377512*17\!AIVDM,1,1,,,C=@oMGh031Ssn?sWOup00av0`2BhB2L?cKSW1iW:000000411R2P,0*38
\s:66,c:1782377513*16\!AIVDM,1,1,,,KqNSmC@5VFNE742h,0*59
\s:66,c:1782377513*16\!AIVDM,1,1,,,KomFBvh4Pkwm935T,0*4A
\s:66,c:1782377507*13\!AIVDM,1,1,,,18L1e>002V4AlC1nA=eB0igJ08JB,0*06
\s:66,c:1782377515*10\!AIVDM,1,1,,,KmNJH?P=ICC1<0=l,0*7A
\s:66,c:1782377518*1D\!AIVDM,1,1,,,Ko7SGG0>T@jhM5hh,0*47
\s:66,c:1782377520*16\!AIVDM,1,1,,,Kn:8U?PDNKR;LP=`,0*13
\s:66,c:1782377516*44\!AIVDM,1,1,,A,1:1Qvt;P04Pq59jD=QGbt?wh2HQ<,0*29
\s:66,c:1782377512*40\!AIVDM,1,1,,A,13cg0G8P04PULldFBWpVjgw`R0Si,0*4D
\s:66,c:1782377515*47\!AIVDM,1,1,,B,13`oHJ0001PW9>0NaN4Ta:?d00S4,0*7D
\s:66,c:1782377518*4A\!AIVDM,1,1,,B,34hQE<0P@nPeG;PI;MTCWBmj00V0,0*69
\s:66,c:1782377511*43\!AIVDM,1,1,,A,19NSlMhvRRQ:N>4Dji;re8UV0L3b,0*5E
\s:66,c:1782377518*4A\!AIVDM,1,1,,B,33`h@2mP0nPD9oBMDBI:bwwl231Q,0*6B
\s:66,c:1782377519*4B\!AIVDM,1,1,,B,19NSlMhvjRQ:N1lDjiA:dpUj00S>,0*35
\s:66,c:1782377520*41\!AIVDM,1,1,,B,13ku8UP01dWFd>V0u?`coIOn0D2b,0*26
\s:66,c:1782377519*4B\!AIVDM,1,1,,,13eP<P10008a2Fh8FPON3nel1000,0*02
\g:1-2-5199816,s:66,c:1782377519*02\!AIVDM,2,1,6,A,555ONn`2<D=5KA`WH018UR1<510PU8D000000016:87664SB0=C@H2QS,0*31
\g:2-2-5199816*66\!AIVDM,2,2,6,A,000000000000000,2*22
\s:66,c:1782377516*44\!AIVDM,1,1,,B,B7Oe87000JgCp1L4a?kQ3we5l000,0*3E
\s:66,c:1782377517*45\!AIVDM,1,1,,B,B3chUEP08`?S;:VRhm<<OwtUoP06,0*3B
\s:66,c:1782377521*40\!AIVDM,1,1,,A,38HunM5000JBCwP5Fq?6abN00Dg:,0*05
\s:66,c:1782377521*40\!AIVDM,1,1,,A,19@>iJ@01uR2k22GFo03;2P00d2V,0*78
\s:66,c:1782377521*40\!AIVDM,1,1,,A,14hQE<0P@lPeG=JI;MT3bBj00<4N,0*7E
\s:66,c:1782377515*47\!AIVDM,1,1,,B,19Goce0P160r<TrDp;QEpgwd08Pa,0*1A
\g:1-2-5199817,s:66,c:1782377520*09\!AIVDM,2,1,7,A,56:RgF80000094ds>20PtpN1PTr37;R222222216B`AA85e10E4j1C`6,0*07
\g:2-2-5199817*67\!AIVDM,2,2,7,A,R1C`88888888880,2*63
\s:66,c:1782377517*45\!AIVDM,1,1,,A,38I=hK001i7>qTN1Ug@sSqAl02d1,0*28
\s:66,c:1782377521*40\!AIVDM,1,1,,A,13AHp@02BdPqp?6OEMIaC7J00<6u,0*4F
\s:66,c:1782377522*43\!AIVDM,1,1,,A,35@97n50004w2<@=0e4@9HKn0DiJ,0*17
\s:66,c:1782377211*44\!AIVDM,1,1,,B,B6:d?3@0:R1mFG3@5k>w>Hq7QP06,0*15
\s:66,c:1782377522*43\!AIVDM,1,1,,B,34hQE<0P@kPeG>4I;MSkUjh201Ah,0*1B
\s:66,c:1782377518*4A\!AIVDM,1,1,,A,23aJIU0P00PDS`VMeCAN4?wl2HR7,0*6A
\s:66,c:1782377521*40\!AIVDM,1,1,,B,ENjbW9O6TaaTW3h@@@@@@@@@@@@@KSK6@T5S000000N0100,2*27
\s:66,c:1782377517*45\!AIVDM,1,1,,B,13eFW>00000P`blHtBsq=1Qj253<,0*20
\s:66,c:1782377516*44\!AIVDM,1,1,,A,13UBv303161c=P`EQnJddgwf0000,0*6B
\s:66,c:1782377518*4A\!AIVDM,1,1,,B,13EtO>?P0Bwg8G6DuRJST?wl0<0>,0*2B
\s:66,c:1782377515*47\!AIVDM,1,1,,A,B33nfiP0<OtkfIVi1BQNwws1n0AQ,0*79
\s:66,c:1782377516*44\!AIVDM,1,1,,A,14QUh:0029J`KI@DD88GSV5d0000,0*05
\s:66,c:1782377519*4B\!AIVDM,1,1,,A,B3n:@sP0>H<>C>8TDSb?owuUoP06,0*7E
\s:66,c:1782377523*42\!AIVDM,1,1,,B,15R96J8P02JBCeD5G4qC1gv20l6l,0*56
\s:66,c:1782377195*4B\!AIVDM,1,1,,A,33KP0g04A:QlqBNRMi;:0H1400uh,0*42
\s:66,c:1782377523*42\!AIVDM,1,1,,B,13Egof0000Nm`IV@BVG5UP240@1r,0*46
\s:66,c:1782377518*4A\!AIVDM,1,1,,A,B5NhEL0005ke<b6iH4t382v00000,0*03
\s:66,c:1782377522*43\!AIVDM,1,1,,B,339lS;P00dPoG`4O01Ssj3f221sP,0*43
\s:66,c:1782377522*43\!AIVDM,1,1,,B,13Akg<oOh0PU<0`P2kp>4?v2JL0J,0*33
\s:66,c:1782377523*42\!AIVDM,1,1,,A,13n1R40P00QFufJWoit=wgv40820,0*73
\s:66,c:1782377523*42\!AIVDM,1,1,,A,33n1R400001FufJWoisuw;=p0000,0*67
\s:66,c:1782377523*42\!AIVDM,1,1,,A,19GoeG3P01Nh=cb8IgLP0?v62825,0*14
\s:66,c:1782377521*40\!AIVDM,1,1,,A,38R94u0P@13WGnd?K9UUo:Wn0Ps0,0*3D
\s:66,c:1782377520*41\!AIVDM,1,1,,B,Bk3nfiP0<OtkfIVi1BQNwws1l000,0*30
\s:66,c:1782377526*47\!AIVDM,1,1,,A,33aC4NmP010Bv84Mfj:W@wv60Dgb,0*60
\s:66,c:1782377525*44\!AIVDM,1,1,,A,B5O9PW0006rEEVR4Nb3Q3wRQjHoJ,0*6A
\s:66,c:1782377522*43\!AIVDM,1,1,,B,16:?W5P008`NCKDFB8FFCEB02H1<,0*70
\s:66,c:1782377524*45\!AIVDM,1,1,,B,16:7N7001J`LlKHEwqcRKQn40@27,0*29
\s:66,c:1782377238*4F\!AIVDM,1,1,,B,39NSLM@Oia2hVVSfSw42Vj8T00UP,0*2C
\s:66,c:1782377526*47\!AIVDM,1,1,,B,139lS;POhHPoH2<O00Tc3k2@2H5C,0*02
\s:66,c:1782377526*47\!AIVDM,1,1,,B,33MBhF0PANwrr3BM4bA:C`0<21v0,0*67
\s:66,c:1782377527*46\!AIVDM,1,1,,B,177VE=00isWOt9214fe@o@h0053@,0*00
\s:66,c:1782377527*46\!AIVDM,1,1,,B,B3`f@=@00068elWT5@SQ3wSQjE4:,0*4B
\s:66,c:1782377525*44\!AIVDM,1,1,,B,16;=;=5P1J8fE0hAASo<DOv800So,0*06
\s:66,c:1782377525*44\!AIVDM,1,1,,A,15?dgt@11`7D5DV183?KsIN800RE,0*0B
\s:66,c:1782377526*47\!AIVDM,1,1,,B,14hQE<0P@oPeG@bI;MSCU2d:0<4M,0*1C
\s:66,c:1782377522*43\!AIVDM,1,1,,A,33AHp@022c0qp?6OEMIaC7Kp0000,0*54
\s:66,c:1782377527*46\!AIVDM,1,1,,A,33AHp@02Rd0qp1pOELl9C7Kp0000,0*07
\s:66,c:1782377527*46\!AIVDM,1,1,,B,13AHp@02jePqp1rOELl9CWJ<0<6u,0*3F
\s:66,c:1782377512*17\!AIVDM,1,1,,,18LdGd0vBfm:ngbHoFI:tpeP053<,0*12
\s:66,c:1782377517*12\!AIVDM,1,1,,,Kp15HHPOJ:ADEPBp,0*15
\s:66,c:1782377514*11\!AIVDM,1,1,,,C>kuMgP01U:khnJVHI3QCwpP4bNkKQSQ1111111111fd0000002P,0*1D
\s:66,c:1782377515*10\!AIVDM,1,1,,,404k1DQvad`kmbs3kIj<pmWP0L03,0*3E
\s:66,c:1782377518*1D\!AIVDM,1,1,,,KmTdjv0tSW1FW0CH,0*36
\s:66,c:1782377512*17\!AIVDM,1,1,,,C>kuMgP01U:khnJVHI3QCwpP4bNkKQSQ1111111111fd0000002P,0*1D
\s:66,c:1782377520*16\!AIVDM,1,1,,,18HutD0PArd4ooCfSsvjKB=l2@RC,0*42
\s:66,c:1782377517*12\!AIVDM,1,1,,,Km?dV301MueoE54<,0*34
\s:66,c:1782377517*12\!AIVDM,1,1,,,1815R1@v2J2SaGiesTqRbj9d0<0F,0*27
\s:66,c:1782377513*16\!AIVDM,1,1,,,KkMCg<P?EoPk8TP8,0*68
\s:66,c:1782377512*17\!AIVDM,1,1,,,KkMCg<P?EoPk8TP8,0*68
\s:66,c:1782377517*12\!AIVDM,1,1,,,Km?dV301MueoE54<,0*34
\s:66,c:1782377515*10\!AIVDM,1,1,,,KmNMFIaM47Apl0A@,0*0E
\s:66,c:1782377517*12\!AIVDM,1,1,,,KmTdjv0tSW1FW0CH,0*36
\s:66,c:1782377514*46\!AIVDM,1,1,,A,90009:gwww<tSF0l4Q@>4?h20hOl,0*0C
\g:1-2-5199818,s:66,c:1782377516*03\!AIVDM,2,1,8,A,57lj;7p0@V<eT@CC3O8mA?77H00000000000000l1@4:0t0Ht0000000,0*7A
\g:2-2-5199818*68\!AIVDM,2,2,8,A,000000000000000,2*2C
\s:66,c:1782377519*4B\!AIVDM,1,1,,A,B5O@6QP0066:uP3E2b8000N00000,0*26
\s:66,c:1782377519*4B\!AIVDM,1,1,,B,33ej5250000R0T0I1clRF7kl0De:,0*66
\s:66,c:1782377518*4A\!AIVDM,1,1,,A,13EaaB002p01g?JLtgNImoql0@R5,0*22
\s:66,c:1782377512*40\!AIVDM,1,1,,A,139HcgPP1BPoKCtNwFjib1IV20SU,0*55
\s:66,c:1782377512*40\!AIVDM,1,1,,B,13HO5t?P00P0FwpL?kOHlgw`20Rn,0*12
\s:66,c:1782377518*4A\!AIVDM,1,1,,B,17ldNSPP007aW4atPlgeh?wl00SW,0*60
\s:66,c:1782377520*41\!AIVDM,1,1,,A,13aGFI0P00PC1dBMSqO>4?v020Rq,0*1B
\s:66,c:1782377516*44\!AIVDM,1,1,,B,16:55i001R`MLGPF<rARK1Mf2L?4,0*5B
\s:66,c:1782377519*4B\!AIVDM,1,1,,B,13n8cp003iPeas2Q7d>o;5kl00S9,0*1D
\s:66,c:1782377518*4A\!AIVDM,1,1,,B,1537PB0P00rRVCjE9Nlf4?wl2<3H,0*55
\s:66,c:1782377520*41\!AIVDM,1,1,,A,16:b``@00w89@mh<nq0M=JR01P06,0*26
\s:66,c:1782377519*4B\!AIVDM,1,1,,A,1kgN7i0P01:KD>3nCV9A<2P00000,0*3F
\s:66,c:1782377519*4B\!AIVDM,1,1,,B,18;I5B0P00``88F8BAso0Owj28R?,0*2D
\s:66,c:1782377519*4B\!AIVDM,1,1,,A,33@nfKh02d0kMh0O<gk7nVCp0000,0*26
\s:66,c:1782377520*41\!AIVDM,1,1,,A,33LW`@00001EePbO7oNuw1Ip0000,0*6D
\s:66,c:1782377521*40\!AIVDM,1,1,,A,13`nw6PP@0PA0F`MLrW336D00@0h,0*52
\s:66,c:1782377518*4A\!AIVDM,1,1,,A,13aDrFhP19PI=nfMd>r3;wwlR0SD,0*5D
\s:66,c:1782377519*4B\!AIVDM,1,1,,A,13@nfKh02e0kMh0O<gk7oVCl88Rk,0*01
\s:66,c:1782377520*41\!AIVDM,1,1,,A,1:5cgs0000RAIA6B0KDJUSMj053<,0*5E
\s:66,c:1782377515*47\!AIVDM,1,1,,B,1815V5gP?w<tSF0l4Q@>4?wv0PR@,0*56
\s:66,c:1782377519*4B\!AIVDM,1,1,,A,339HcgPP1BPoKK2NwGC1q1Sn210@,0*2F
\s:66,c:1782377522*43\!AIVDM,1,1,,B,H08eddlU?>G1000ihhjhh01@9870,0*3A
\s:66,c:1782377518*4A\!AIVDM,1,1,,A,33IL?n0000PFGMVHms3pJnQj2000,0*30
\s:66,c:1782377520*41\!AIVDM,1,1,,B,B3UG=R0000K81L5K7L3Q3wP1jDi:,0*18
\s:66,c:1782377522*43\!AIVDM,1,1,,A,35?dTMm0007LmSp0hOrCnHJ00dKb,0*0D
\s:66,c:1782377506*45\!AIVDM,1,1,,A,14`V4Uh0j266OKIw>68a6WAJ0E<3,0*0F
\s:66,c:1782377520*41\!AIVDM,1,1,,A,162?@hTP00WKqEB0TpIN4?v0253<,0*3C
\s:66,c:1782377519*4B\!AIVDM,1,1,,B,B08Ub1@0@0Jk8=5GQAurMQu00000,0*71
\s:66,c:1782377520*41\!AIVDM,1,1,,A,15O0kl0000o@9qdEW=N3d2sl0@0;,0*39
\s:66,c:1782377507*44\!AIVDM,1,1,,B,H3MA1T105@4Ltp0000000000000,2*0D
\s:66,c:1782377518*4A\!AIVDM,1,1,,B,H3MA1T4TCBD6v8p=3B?p001`6230,0*4F
\g:1-2-5199819,s:66,c:1782377522*05\!AIVDM,2,1,9,A,56:dOsP00003S3WR221UDF0PF1UD4r0QDv3S3WQ650:655c:074j1C`6,0*40
\g:2-2-5199819*69\!AIVDM,2,2,9,A,R1C`88888888888,2*65
\s:66,c:1782377523*42\!AIVDM,1,1,,A,1815OeP00h7L`Cr0g?tr>ot20DBP,0*0C
\g:1-2-5199820,s:66,c:1782377357*0B\!AIVDM,2,1,0,B,55?dabH0@SCc<GKS780A>1=D<<E=>22222222216>`H9<5dc0@jCPj1C,0*2D
\g:2-2-5199820*63\!AIVDM,2,2,0,B,kP0000000000000,2*1C
\s:66,c:1782377522*43\!AIVDM,1,1,,B,B3prRa00?HG`k=5PR4:iQN10t000,0*69
\s:66,c:1782377520*41\!AIVDM,1,1,,A,I613odRH5AdaIhfvNL;PvTv0b06r,0*11
\s:66,c:1782377519*4B\!AIVDM,1,1,,A,3537PB0000JRVCjE9NlP001p0000,0*1E
\s:66,c:1782377523*42\!AIVDM,1,1,,B,13n8cp003iPear8Q7c<7:mj40821,0*2A
\s:66,c:1782377523*42\!AIVDM,1,1,,B,18IKot00007KpKl0gUC<MFv60@1e,0*0C
\s:66,c:1782377518*4A\!AIVDM,1,1,,A,14eGGT?000KM62jIS2jei9sh0<0a,0*44
\s:66,c:1782377520*41\!AIVDM,1,1,,A,35O0kl0000G@9qfEW=N3c2sp0000,0*71
\s:66,c:1782377524*45\!AIVDM,1,1,,B,90009:gwww<tSF0l4Q@>4?h20PRQ,0*17
\s:66,c:1782377525*44\!AIVDM,1,1,,B,16U?BR0uB19=VJ<D0pJ6VU<60<<O,0*44
\s:66,c:1782377523*42\!AIVDM,1,1,,A,13EhH6W00M00F=6FFQdu<bf20L0H,0*6E
\s:66,c:1782377520*41\!AIVDM,1,1,,A,16:JlKP01b8kQqFCjl2D=3?n0HS7,0*00
\s:66,c:1782377524*45\!AIVDM,1,1,,B,839wAI00K@q?;?U8@Jk6k3;Nk3?4,0*6D
\s:66,c:1782377521*40\!AIVDM,1,1,,A,13`da?P100PdU00O=GhN4?v22000,0*20
\s:66,c:1782377523*42\!AIVDM,1,1,7,A,ENjVGQ73:SV2W2ah6WV7P000000@n:4SD=t40000001>MP,4*59
\s:66,c:1782377524*45\!AIVDM,1,1,,A,B69DSV@D0B;ojD4DiIBpcwqESP06,0*61
\s:66,c:1782377520*41\!AIVDM,1,1,,A,15VHpt30013Q>0D@;>NMNbV20D<b,0*36
\s:66,c:1782377522*43\!AIVDM,1,1,,A,13JAG45P@iwQkePKF4i5El4600S9,0*4C
\s:66,c:1782377522*43\!AIVDM,1,1,,A,402M4q1vad`l01I@nr`<LbwP2<0B,0*6B
\s:66,c:1782377522*43\!AIVDM,1,1,,B,18LSAb000E3S5Ap@9L@Dmid40@19,0*1C
\s:66,c:1782377525*44\!AIVDM,1,1,,A,139wAI001KPfV:vO7CMHAFb:2<3w,0*1F
\s:66,c:1782377520*41\!AIVDM,1,1,,B,33f6>60P@EOWCepDdf1RCiKl01kh,0*7C
\s:66,c:1782377520*41\!AIVDM,1,1,,A,377Mok00jM1g@efEViDIaWgp0000,0*38
\s:66,c:1782377521*40\!AIVDM,1,1,,A,B3HoHD00=85<=DV<hwdqGwg5oP06,0*32
\s:66,c:1782377500*43\!AIVDM,1,1,,B,19t6TJh01aRGu=JBu?U`W6s@2D1B,0*04
\s:66,c:1782377523*42\!AIVDM,1,1,,B,13EiLMSP04P=f9VGhciaOwv62D0g,0*74
\s:66,c:1782377524*45\!AIVDM,1,1,,B,BCI;3i004oO?WI5Pj=H=;wbUh000,0*5D
\s:66,c:1782377518*1D\!AIVDM,1,1,,,K8I2P709QoAVE7AT,0*4F
\s:66,c:1782377511*14\!AIVDM,1,1,,,Kold1M<594OHHP00,0*2C
\s:66,c:1782377511*14\!AIVDM,1,1,,,Km?dQg8DwtNoWP=L,0*04
\s:66,c:1782377515*10\!AIVDM,1,1,,,19NSU4@0R`ngV8nD4Lo4oCsb0<0>,0*00
\s:66,c:1782377514*11\!AIVDM,1,1,,,19NStU002491fAibsfRClC3`0<03,0*06
\s:66,c:1782377513*16\!AIVDM,1,1,,,KqNSre018nMarUR`,0*39
\s:66,c:1782377518*1D\!AIVDM,1,1,,,1:u0Plh01?rB75mvcEN:o91j08Q6,0*5A
\s:66,c:1782377513*16\!AIVDM,1,1,,,Km?dQg8DwtNoWP=L,0*04
\s:66,c:1782377518*1D\!AIVDM,1,1,,,Kolig`0DN8gk30AT,0*59
\s:66,c:1782377515*10\!AIVDM,1,1,,,Kli1f`4==Q2iK5Pl,0*62
\s:66,c:1782377515*47\!AIVDM,1,1,,A,13mT2;0000PIQq@Qf9Ov0`E:0@PJ,0*1F
\s:66,c:1782377518*4A\!AIVDM,1,1,,A,1k`oTApP01P6bk8FA2A`oOwj2000,0*3B
\s:66,c:1782377518*4A\!AIVDM,1,1,,B,138qfR3Oh304k26Lel7BGh3h0L4U,0*4F
\s:66,c:1782377519*4B\!AIVDM,1,1,,B,15?dbGP02nPP8FlNnuqJ9H3l0D9o,0*13
\s:66,c:1782377512*40\!AIVDM,1,1,,A,1815LP001sP5F:hMMP<3eRwL0L1G,0*5D
\s:66,c:1782377518*4A\!AIVDM,1,1,,B,16KJcp@018ak17RCuqaoln=j0<3N,0*7A
\s:66,c:1782377518*4A\!AIVDM,1,1,,A,13S7k;5P1fQ25D:IsVF;@gwj2<10,0*2E
\s:66,c:1782377519*4B\!AIVDM,1,1,,B,19NSg78P03vht:h8>p52cgwn0@RT,0*29
\s:66,c:1782377518*4A\!AIVDM,1,1,,B,18Hw9F00007K0i60e2OnWkQf0@RC,0*53
\s:66,c:1782377515*47\!AIVDM,1,1,,B,B4eJ4w0005j2e0W6AlSQ3wsUkP06,0*26
\s:66,c:1782377520*41\!AIVDM,1,1,,A,13l3nM00ii7214f35d4EElD00<0s,0*3F
\s:66,c:1782377518*4A\!AIVDM,1,1,,B,C6:9c5P0027sWp5Tis?:;wv0hBLjb2Mked0000000000e1p6R2PP,0*79
\s:66,c:1782377518*4A\!AIVDM,1,1,,B,138vvN3P008af=D8FCDs6gwj0L3V,0*2B
\s:66,c:1782377515*47\!AIVDM,1,1,,B,E>mGIoscQVh9QVQ@9P000000000DDN;H49BD010888sP20,4*41
\s:66,c:1782377514*46\!AIVDM,1,1,,B,169@4mP01D`cRiRB2pHKnaod2N=b,0*59
\s:66,c:1782377520*41\!AIVDM,1,1,,B,B6:k:H@07R9hAbTU2Kv<3wuV1P06,0*27
\s:66,c:1782377293*4E\!AIVDM,1,1,,A,1815MD0w2<2m9juekT3RFR6D0530,0*49
\s:66,c:1782377521*40\!AIVDM,1,1,,A,14afHN0000WLDAH0hSw>44d0280b,0*3A
\s:66,c:1782377519*4B\!AIVDM,1,1,,B,13cdBR0P010aO62FL6KEQwv00@Rq,0*4A
\s:66,c:1782377196*48\!AIVDM,1,1,,A,14Sh7`00AVODMWtHsBTA7@k80@Dw,0*36
\s:66,c:1782377296*4B\!AIVDM,1,1,,A,14Sh7`011VODNR<HsLIQ4PhP00Rt,0*17
\s:66,c:1782377521*40\!AIVDM,1,1,,A,16TlgD002eUkqdh3<nKSB2`200S@,0*66
\s:66,c:1782377519*4B\!AIVDM,1,1,,,13JnqJ0007qVN2P@G79S2kel0000,0*7C
\s:66,c:1782377515*47\!AIVDM,1,1,,B,13b=DJ0021PGWu>NNJCPe0ah0D7s,0*4B
\s:66,c:1782377515*47\!AIVDM,1,1,,A,B7mRPIh00J5e>qOl5pLVswrRT@P;,0*6F
\s:66,c:1782377518*4A\!AIVDM,1,1,,,B5O9wN000=l8=PVoNjgQ3wu5oP06,0*7D
\s:66,c:1782377519*4B\!AIVDM,1,1,,B,17ldWrwP017LDd60aRE9pgwn2@RU,0*41
\s:66,c:1782377523*42\!AIVDM,1,1,,B,19NSaRh01i7RQ@l27@hHlG020L0q,0*6A
\s:66,c:1782377523*42\!AIVDM,1,1,,A,16:5TFP0148h8M@Agpp3vRb20D4l,0*71
\s:66,c:1782377516*44\!AIVDM,1,1,,A,B3maFE0008<Var8K<Ih000N00000,0*09
\s:66,c:1782377516*44\!AIVDM,1,1,,A,B3m8eF0000R0hi:6abd03wsUoP06,0*42
\s:66,c:1782377523*42\!AIVDM,1,1,,B,19NSug@0187aABUtQ=feec280@21,0*3F
\s:66,c:1782377522*43\!AIVDM,1,1,,A,B5O9wN000=l8=P6oNjgQ3wQ5oP06,0*78
\s:66,c:1782377523*42\!AIVDM,1,1,,B,17WK72e0002648:GH7E6p7l20t3O,0*37
\s:66,c:1782377520*41\!AIVDM,1,1,,A,13lC@@00ifP74enF73tbI8@h0000,0*51
\s:66,c:1782377522*43\!AIVDM,1,1,,A,4028ipQuJl`l2wVLddDW0aG0053@,0*23
\s:66,c:1782377523*42\!AIVDM,1,1,,A,B5`V=ch007wWnuUa@=3Q3wPQnDN:,0*6D
\s:66,c:1782377524*45\!AIVDM,1,1,,A,B6:7i;00022Bh=3=llh000K7QP06,0*07
\s:66,c:1782377523*42\!AIVDM,1,1,,A,19NSANh024rA@v63wp?QgAD4082<,0*5B
\s:66,c:1782377525*44\!AIVDM,1,1,,A,15?dbGP02nPP84FNnuaJ8p280<9m,0*4E
\s:66,c:1782377524*45\!AIVDM,1,1,,A,13aIje0P0uPCcmFMEK9jWgv820SA,0*03
\s:66,c:1782377525*44\!AIVDM,1,1,,A,160o6`001f2gFo2=:qv6j5J60H2t,0*1A
\s:66,c:1782377520*41\!AIVDM,1,1,,A,13mQ<R7000PKqmRSi121hQeR053@,0*54
\s:66,c:1782377525*44\!AIVDM,1,1,,B,14eHS>?P01G=;K<L85MIsgv:2@33,0*57
\s:66,c:1782377525*44\!AIVDM,1,1,,A,15MvWmPP00rdSi>GBMibawv800SN,0*37
\s:66,c:1782377525*44\!AIVDM,1,1,,A,13b=DJ0020PG`3HNNKW0i@d<0@3E,0*20
\s:66,c:1782377525*44\!AIVDM,1,1,,A,4022051uJl`l4RG7kDCm1iW00<4m,0*34
\s:66,c:1782377524*45\!AIVDM,1,1,,A,C6:9c5P0027sWdUTitK:;wv0hBM10jb2M11ked000000JQp6R2PP,0*32
\s:66,c:1782377521*40\!AIVDM,1,1,,A,37tN8q@00078jGV3VFo0001p0000,0*68
\s:66,c:1782377527*46\!AIVDM,1,1,,B,33baU0000r0@9MrMQ5kjNij800oi,0*2C
\s:66,c:1782377526*47\!AIVDM,1,1,,A,19NSp9P01T7E2L<11j<DS3al00RN,0*2C
\s:66,c:1782377524*45\!AIVDM,1,1,,A,13JnqJ0007qVN2p@G7:33kd60D0`,0*00
\s:66,c:1782377526*47\!AIVDM,1,1,,,B5O9wN000=l8=PVoNjgQ3wS5oP06,0*5B
\s:66,c:1782377526*47\!AIVDM,1,1,,A,33M@Gcm000OkTB>MMnbiGagp0000,0*0A
\s:66,c:1782377521*40\!AIVDM,1,1,,B,13KwJ250001Tn<2RUkWqfpV00000,0*59
\s:66,c:1782377524*45\!AIVDM,1,1,,B,14``Na001oOdaMLDcw<b?8B20@2F,0*67
\s:66,c:1782377526*47\!AIVDM,1,1,,B,13ku9LP01109JcpMNVH`hVv8853@,0*0F
\s:66,c:1782377527*46\!AIVDM,1,1,,A,138vvN3P008af=H8FCDc6gv:0H3h,0*5F
\s:66,c:1782377526*47\!AIVDM,1,1,,A,402Un5AuJl`l51qsS6FoVWWP083Q,0*26
\s:66,c:1782377523*42\!AIVDM,1,1,,B,16:>eqgP008Mn<pFECcv4?v42PS?,0*40
\s:66,c:1782377525*44\!AIVDM,1,1,,A,B8HsF90009nVrvP;ced03wR4kP06,0*0B
\s:66,c:1782377434*45\!AIVDM,1,1,,B,16;AG@0000a3QHPEJI;WPa=00D42,0*20
\s:66,c:1782377526*47\!AIVDM,1,1,,B,29NSje1003Wb2mN5tLJqd00<2@3I,0*7C
\s:66,c:1782377526*47\!AIVDM,1,1,,A,1395@l00ih8eU<f?>T9A00t6053@,0*4E
\s:66,c:1782377525*44\!AIVDM,1,1,,A,ENk`t0Rb8@@@@@@@@@@@@@@@@@@=A<tO<WPNp00003vP000,2*33
\s:66,c:1782377527*46\!AIVDM,1,1,,A,B5NewDP006c@w95lec>aswQ5kP06,0*1F
\s:66,c:1782377522*43\!AIVDM,1,1,,B,B5ODi:0006C?2N4>OlgQ3wPQh000,0*0E
\s:66,c:1782377523*42\!AIVDM,1,1,,A,D02M4G@08g6F<`O6D0,4*54
\s:66,c:1782377527*46\!AIVDM,1,1,,A,137Qef02BBP7eF2NEi8sw9`200S8,0*6B
\s:66,c:1782377526*47\!AIVDM,1,1,,A,19NSgCPwBq;DntpJA73jrjB8053@,0*67
\s:66,c:1782377526*47\!AIVDM,1,1,,B,19@2`lm01PSb2`t?gEmm8l9d2d9<,0*3F
\s:66,c:1782377522*43\!AIVDM,1,1,,B,14eIanh000o<lDHL=G5P?8F40d3H,0*61
\s:66,c:1782377522*43\!AIVDM,1,1,,A,1o7CnI0viv8WAGL73Oj6IE;j0000,0*1D
\s:66,c:1782377527*46\!AIVDM,1,1,,A,15?WCj001jQCjR4G>w;dKat<0846,0*1F
\s:66,c:1782377524*45\!AIVDM,1,1,,B,13nHOV0001PL2b@SglERnA`200Rc,0*16
\s:66,c:1782377525*44\!AIVDM,1,1,,A,39NSQr00210q<5<OAg@29Qip0000,0*0F
\s:66,c:1782377526*47\!AIVDM,1,1,,B,D028jO2;`N?b<`O6Dn4O6D0,2*30
\s:66,c:1782377522*43\!AIVDM,1,1,,A,17ljfc0P01WKrTP0bOL2Hwv220RM,0*2D
\s:66,c:1782377527*46\!AIVDM,1,1,,A,13cpat3OP00g:MrHsDlVwmr<0000,0*7D
\s:66,c:1782377526*47\!AIVDM,1,1,,A,1815N?h02DS0Qu=gFD52PB480<0?,0*71
\s:66,c:1782377524*45\!AIVDM,1,1,,A,B7PJgJ0002b<wQM6INkQ3wR1nE<:,0*52
\s:66,c:1782377523*42\!AIVDM,1,1,,A,403t:I1vad`l28Q2HHF3hlQ000S:,0*48
\g:1-2-5199821,s:66,c:1782377527*0B\!AIVDM,2,1,1,A,56:A;w0000022222221TtpN08v3V2222222222164HB545bd08Tj0CQj,0*63
\g:2-2-5199821*62\!AIVDM,2,2,1,A,0BH888888888888,2*2F
\g:1-2-5199822,s:66,c:1782377526*09\!AIVDM,2,1,2,A,539Ppb`00000@E5`0004h85A8u>l<0000000000T3h643ue`07mjDk@D,0*0C
\g:2-2-5199822*61\!AIVDM,2,2,2,A,P00000000000000,2*46
\s:66,c:1782377524*45\!AIVDM,1,1,,B,13EaaB002p01ftNLtfwImWp80D1D,0*2C
\s:66,c:1782377524*45\!AIVDM,1,1,,B,13@qDf0u02P<=34NjfOiMjt60`2A,0*07
\s:66,c:1782377526*47\!AIVDM,1,1,,B,D030p80Hdg6DNtg6DcLg6D0,2*34
\s:66,c:1782377522*43\!AIVDM,1,1,,A,4030p81vad`l2o;V8rKtT0W00D9T,0*78
\s:66,c:1782377527*46\!AIVDM,1,1,,A,1815OeP00h7L`Cr0g?tr>ot20DBP,0*0C
\s:66,c:1782377526*47\!AIVDM,1,1,,B,139Wbd5P00PeWKdN`qF>4?v<253@,0*75
\s:66,c:1782377524*45\!AIVDM,1,1,,A,13N<ET0P00JU:nJ=LfS@0?v40000,0*6F
\s:66,c:1782377484*4E\!AIVDM,1,1,,B,16TCNk?P00a1HJtDw3e6fwvf2H>U,0*1A
\s:66,c:1782377441*47\!AIVDM,1,1,,B,15?dabE00093TM8EM92RSRi<0nkI,0*5E
\s:66,c:1782377359*49\!AIVDM,1,1,,A,35?dabE00093TM8EM92BSRhP0P01,0*3F
\s:66,c:1782377527*46\!AIVDM,1,1,,B,139HcgPP1CPoKMnNwGO201V42<2S,0*78
\s:66,c:1782377527*46\!AIVDM,1,1,,A,1815V5gP?w<tSF0l4Q@>4?wv0`30,0*74
\s:66,c:1782377522*43\!AIVDM,1,1,,B,B5`V<?@00mDihduNwW4fKwQ5t000,0*3E
\s:66,c:1782377525*44\!AIVDM,1,1,,B,13Jw<b002b7E16L10tlDLCSJ0@3I,0*6C
\s:66,c:1782377517*12\!AIVDM,1,1,,,13M@vm@02VNcvT<7Guf6wUaj08QJ,0*3B
\s:66,c:1782377514*11\!AIVDM,1,1,,,13P>9IP02;L;n`d5BJc4gSgb0HN`,0*02
\s:66,c:1782377517*12\!AIVDM,1,1,,,155I4dCP00KknmJ3iLvWIOwb00SR,0*10
\s:66,c:1782377515*10\!AIVDM,1,1,,,Kn::M304Oi2cGSc8,0*00
\s:66,c:1782377519*1C\!AIVDM,1,1,,,Ko75II04?FgE0Tlt,0*62
\s:66,c:1782377506*12\!AIVDM,1,1,,,37750I0w1i4U`4If0@SS22N80B6u,0*2A
\s:66,c:1782377515*10\!AIVDM,1,1,,,C6<fc<P01@tfThK6@4sCKwv0D:LM0JBL?0j2L?0LOWW0?000000P,0*28
\s:66,c:1782377517*12\!AIVDM,1,1,,,KqNSibh1tQNJ>6>`,0*65
\s:66,c:1782377515*10\!AIVDM,1,1,,,C0000l@0DFvdEB3p7E>U24N0DBM0V@:L?0LOUKQkKcS:0000002P,0*1D
\s:66,c:1782377518*4A\!AIVDM,1,1,,A,142OerPwANQdiJDESef<jr;h2L4:,0*21
\g:1-2-5199823,s:66,c:1782377512*0F\!AIVDM,2,1,3,A,54pWHlH2HCtDPT47O212Hv0<58EV22222222220l1@>57772N00hE@iA,0*28
\g:2-2-5199823*60\!AIVDM,2,2,3,A,3p8888888888880,2*64
\s:66,c:1782377518*4A\!AIVDM,1,1,,B,16:4AP0P00`VOS<DV6WreOwf0HQq,0*29
\s:66,c:1782377512*40\!AIVDM,1,1,,B,402ad:Avad`klPwvEhJ3OtG00D3s,0*04
\s:66,c:1782377513*41\!AIVDM,1,1,,A,152TCO`P00JAQLT?FjM=jOwb2<0q,0*26
\s:66,c:1782377520*41\!AIVDM,1,1,,B,19NSb1h006vokQN?fWraq6Gn0802,0*29
\s:66,c:1782377520*41\!AIVDM,1,1,,A,E>n2c:vQ7bRRh2CPb:2a4aaPSRPOhrFR1FWC020@@@PNB0,4*65
\s:66,c:1782377520*41\!AIVDM,1,1,,B,36:7fQ0OiF`h<;PAMvwTr7Gn20v@,0*14
\s:66,c:1782377515*47\!AIVDM,1,1,,B,13aGtF1P0aPHRMRN@0lG9Owd2<3=,0*26
\s:66,c:1782377516*44\!AIVDM,1,1,,A,15NQJ0PP00q=1sv@r2Lf4?wh2000,0*03
\s:66,c:1782377520*41\!AIVDM,1,1,,B,139sb6PP00Pec4fNW7j>4?v020S7,0*6C
\s:66,c:1782377519*4B\!AIVDM,1,1,,A,15O7ts0000o?dr`E`FP:2WB000RS,0*64
\s:66,c:1782377520*41\!AIVDM,1,1,,B,15S3=:?P00rB?P@5F43f4?wn2@01,0*45
\s:66,c:1782377519*4B\!AIVDM,1,1,,B,13@rK2001u0iVf>OGcE765en053<,0*64
\s:66,c:1782377521*40\!AIVDM,1,1,,A,1776@5012`8APB:;Oj:8:Fd000S@,0*71
\s:66,c:1782377520*41\!AIVDM,1,1,,B,19NSdV@02c7NwSV0mg<CgS1n0@0B,0*04
\s:66,c:1782377520*41\!AIVDM,1,1,,A,402;bSiuJl`ksPK=MHHa;NQ0253<,0*4E
\s:66,c:1782377522*43\!AIVDM,1,1,,A,15NCFr0000JQWWlFLMn0v9220D2R,0*2E
\s:66,c:1782377522*43\!AIVDM,1,1,,B,H8J2h>0EB0t<D4r3P0000000000,2*57
\s:66,c:1782377086*48\!AIVDM,1,1,,A,H8J2h>4l0000000qFmkmh01H?160,0*65
\s:66,c:1782377518*4A\!AIVDM,1,1,,A,15NMmpP000q<rI8@wsEIMBmn0000,0*56
\s:66,c:1782377521*40\!AIVDM,1,1,,A,35N;Aa<000q<t10@woj8`pR00000,0*39
\s:66,c:1782377523*42\!AIVDM,1,1,,B,16=qA700005ePD`3v;P<ghV400RH,0*59
\s:66,c:1782377152*40\!AIVDM,1,1,,B,19NSa2001h`TTw0<kVOQ;11T052l,0*36
\s:66,c:1782377521*40\!AIVDM,1,1,,B,D03t>W@EDNfp00N000,4*1C
\s:66,c:1782377521*40\!AIVDM,1,1,,A,19NSi4hvj`onoOh>0NSE944220S5,0*0A
\s:66,c:1782377516*44\!AIVDM,1,1,,B,B3GQAb@00P1`SBUT:esQ3wt7p000,0*0A
\s:66,c:1782377518*4A\!AIVDM,1,1,,A,13dPgp@P010cUAVGJtFQuwwn20SG,0*64
\s:66,c:1782377522*43\!AIVDM,1,1,,A,402ad:Avad`l2PwvEhJ3OtG00@1N,0*65
\s:66,c:1782377192*4C\!AIVDM,1,1,,B,19NSa2001h`TUCt<kbV1;10r08BD,0*78
\s:66,c:1782377263*41\!AIVDM,1,1,,A,19NSa2001h`TUqh<kj;18Q1@0@Hf,0*30
\s:66,c:1782377521*40\!AIVDM,1,1,,,B3JI6V@008BewrUNcLKQ3wPUoP06,0*79
\s:66,c:1782377523*42\!AIVDM,1,1,,B,13d19C?03D0f?nvHd7`oPn04081o,0*79
\s:66,c:1782377523*42\!AIVDM,1,1,,B,B697=C000B;di<4@aSS1?wv41P06,0*10
\s:66,c:1782377522*43\!AIVDM,1,1,,B,B3a<KQh0>`5tl8W`I<pP;wQ1l000,0*12
\s:66,c:1782377521*40\!AIVDM,1,1,,B,H3mJ8A0mU8D9DDp000000000000,2*3F
\s:66,c:1782377521*40\!AIVDM,1,1,,B,H3mJ8A4N@B?>1F0<=nkkq00P6220,0*76
\s:66,c:1782377524*45\!AIVDM,1,1,,B,13EmDj000009siVGawFp90B4053@,0*0A
\g:1-2-5199824,s:66,c:1782377523*0A\!AIVDM,2,1,4,B,53aHS2l000010OOS7L0mDiA85ADN37800000000l0`F34udi07U1DSQE,0*37
\g:2-2-5199824*67\!AIVDM,2,2,4,B,FQCP00000000000,2*27
\s:66,c:1782377524*45\!AIVDM,1,1,,A,15Q5JH001t0HUNjETlKSMBh6053@,0*4A
\s:66,c:1782377518*4A\!AIVDM,1,1,,A,35O;Dt0000JRlUtE55>tdc1p0000,0*78
\s:66,c:1782377524*45\!AIVDM,1,1,,B,E>l5AVtRIIh0000000000000000DGQr;8sOj000003P010,4*4D
\s:66,c:1782377524*45\!AIVDM,1,1,,A,14`VBJ001WNbq7P<@tfA2Pr6053@,0*3E
\s:66,c:1782377521*40\!AIVDM,1,1,,B,152TCO`P00JAQLN?FjM=egv42<0q,0*4F
\s:66,c:1782377525*44\!AIVDM,1,1,,A,13EerLP000vh=D>8Ic2>49n:0<2<,0*46
\s:66,c:1782377523*42\!AIVDM,1,1,,A,D02IPJj<Tffp,0*41
\s:66,c:1782377525*44\!AIVDM,1,1,,A,C69L010002;fS@TE=gQiwwv0@2BHCiii111111111110?1T?22PP,0*68
\s:66,c:1782377523*42\!AIVDM,1,1,,B,13Eow@000006TMbFA0HPFn02081g,0*1C
\s:66,c:1782377526*47\!AIVDM,1,1,,A,19NSr3h01P7Ek6F11>esMI<8083V,0*67
\s:66,c:1782377522*43\!AIVDM,1,1,,B,13E`C9WP0KP;GWbFKC`F2wv4253@,0*06
\s:66,c:1782377523*42\!AIVDM,1,1,,B,B3m7p@P008JbgPb0g3`iCwQUoP06,0*4F
\s:66,c:1782377527*46\!AIVDM,1,1,,B,19NSi4h02`onoUh>0MtE9D4<2D0I,0*3C
\s:66,c:1782377513*16\!AIVDM,1,1,,,177Ik@02QH3pPTMjhjCB;QqL00RW,0*1E
\s:66,c:1782377515*10\!AIVDM,1,1,,,KkIqqP0=hqA4KP0<,0*28
\s:66,c:1782377518*1D\!AIVDM,1,1,,,K39JK<7rJtvfD3?`,0*58
\s:66,c:1782377517*45\!AIVDM,1,1,,A,13kq0T0vR?Oj`SnLNVB2MR1f0@QW,0*13
\s:66,c:1782377513*41\!AIVDM,1,1,,A,15Mvk5PP00oWkTrBe2:>4?wb2000,0*3F
\s:66,c:1782377520*41\!AIVDM,1,1,,B,28SJM500007aonh619i5W2j00D3@,0*2B
\g:1-2-5199825,s:66,c:1782377347*0F\!AIVDM,2,1,5,B,5815@?P2CO0IKLH?>20Lht84j1DpUAV222222216DhL?B5ih0QERFPAs,0*01
\g:2-2-5199825*66\!AIVDM,2,2,5,B,RCQ2@H888888880,2*58
\s:66,c:1782377519*4B\!AIVDM,1,1,,B,B39iEeP0>P:n7rWh2J`c7wu1h000,0*23
\s:66,c:1782377520*41\!AIVDM,1,1,,A,18SK6kpP0bWanDB5v?d6TOwl20Sf,0*5F
\s:66,c:1782377518*4A\!AIVDM,1,1,,,B5OH5MP00El:QU6kTgwQ3wtQh000,0*59
\s:66,c:1782377516*44\!AIVDM,1,1,,A,B5OT00000>`NEv5TdjVA1lN00000,0*02
\s:66,c:1782377513*41\!AIVDM,1,1,,A,13mbJH001NKW>6NKSKj4gCgd0HOG,0*56
\s:66,c:1782377516*44\!AIVDM,1,1,,A,339F1bPOi2PVsE8NR?c8uQWh2000,0*27
\s:66,c:1782377519*4B\!AIVDM,1,1,,A,16:9EcP0188hPd0AK<=<Paql0L;o,0*0A
\s:66,c:1782377519*4B\!AIVDM,1,1,,A,18I6v3002q71?L02s5qt2aal0<0d,0*64
\s:66,c:1782377521*40\!AIVDM,1,1,,A,Evja5EQ3000?d00000000000000Leb5P5E5KH00003Q010,4*58
\s:66,c:1782377519*4B\!AIVDM,1,1,,A,17mF@P?P2eWLIb@0e7gp3Owl2@Rc,0*02
\s:66,c:1782377519*4B\!AIVDM,1,1,,A,18I<w=0uiH8=4gL<a@Qscq9j08RK,0*01
\s:66,c:1782377517*45\!AIVDM,1,1,,A,33aGEO@P0UPEsQPN2t;tOwwh22o1,0*26
\s:66,c:1782377520*41\!AIVDM,1,1,,A,B5OT00000>`NEwUTdjVA1lN00000,0*63
\s:66,c:1782377518*4A\!AIVDM,1,1,,B,17lcma`P008G;d7w;ecf4?wl08RM,0*2C
\s:66,c:1782377520*41\!AIVDM,1,1,,B,17lda<pP0lWLmH00W=LRR?wn2<1T,0*5F
\s:66,c:1782377519*4B\!AIVDM,1,1,,A,34`qIn002GJ6Dk8?qeK2b2;p0000,0*40
\s:66,c:1782377519*4B\!AIVDM,1,1,,B,13M@D8C00GNqO4b@5V8L09Ml0D0=,0*72
\s:66,c:1782377521*40\!AIVDM,1,1,,A,377dU=001wJF6PnBUS99EWQp0000,0*2C
\s:66,c:1782377503*40\!AIVDM,1,1,,B,1815@?P01UTWRup:MkI49kC@08I@,0*36
\g:1-2-5199826,s:66,c:1782377291*06\!AIVDM,2,1,6,A,59NSLEl2@du47QECV20a1>0858<Dhtp622222216ChNI75bB0?kF836P,0*0B
\g:2-2-5199826*65\!AIVDM,2,2,6,A,p88888888888880,2*6A
\s:66,c:1782377522*43\!AIVDM,1,1,,B,1:5eQV8P1911DAPDOvjE4wv200Ss,0*39
\s:66,c:1782377523*42\!AIVDM,1,1,,A,16=q?8hP0tUeLwf3vh10Twv4281g,0*6A
\s:66,c:1782377523*42\!AIVDM,1,1,,A,B6:`21P0029jDT4TfUL000N021Mk,0*5E
\s:66,c:1782377523*42\!AIVDM,1,1,,A,33M@D8C00FNqO42@5V<t7aL601q@,0*53
\s:66,c:1782377524*45\!AIVDM,1,1,,A,16T?`D00039=QrhCvP7LT3B600Rh,0*15
\s:66,c:1782377523*42\!AIVDM,1,1,,A,13P=gQh005PGtJ6NDaRG<:r80@2?,0*72
\s:66,c:1782377521*40\!AIVDM,1,1,,B,17lcQe8P01WM4L60Vq`;w?v4253@,0*17
\s:66,c:1782377521*40\!AIVDM,1,1,,B,169NgD001L7>d0P1TSsTekf2053@,0*3B
\s:66,c:1782377525*44\!AIVDM,1,1,,A,144iASgP00`g7BvA@ep07gv82E2A,0*61
\s:66,c:1782377523*42\!AIVDM,1,1,,A,15Mvk5PP00oWkTlBe2:v4?v62000,0*3C
\s:66,c:1782377524*45\!AIVDM,1,1,,B,14tSpl70000hO32Q1Re8hIj800R4,0*70
\s:66,c:1782377523*42\!AIVDM,1,1,,A,4028jKQvad`l10BltJFp@dwP2<1L,0*70
\s:66,c:1782377520*41\!AIVDM,1,1,,A,4028jLQvad`ksO`:AvDp8OwP2L5i,0*30
\s:66,c:1782377524*45\!AIVDM,1,1,,B,17mF@P?P2fWLIV`0e6eWuwv82<9M,0*20
\s:66,c:1782377522*43\!AIVDM,1,1,,A,33aU7dh0000J81FND6R0001p0000,0*33
\s:66,c:1782377525*44\!AIVDM,1,1,,B,18Km4`0P007JK`j0degK:wv:00S6,0*7B
\s:66,c:1782377523*42\!AIVDM,1,1,,,B5OH5MP005l:QTVkTh3Q3wPQh000,0*27
\s:66,c:1782377524*45\!AIVDM,1,1,,A,33ITeLP000Oj>GVKtKQ;rPEp0000,0*71
\s:66,c:1782377526*47\!AIVDM,1,1,,B,28SJM500007aonh619i5W2j<0<3@,0*5F
\s:66,c:1782377522*43\!AIVDM,1,1,,A,19t6UtP02=`jg:FCegWTCkCj280U,0*1F
\s:66,c:1782377526*47\!AIVDM,1,1,,,B33f1qP0005HT4WApngQ3wRQh000,0*5F
\s:66,c:1782377526*47\!AIVDM,1,1,,A,15Worv0P?w<tSF0l4Q@>4?wv0W3h,0*1A
\s:66,c:1782377526*47\!AIVDM,1,1,,A,34`qIn002EJ6Dtj?qenRb2;p0000,0*4A
\s:66,c:1782377524*45\!AIVDM,1,1,,B,B4hCII00K046<PUV5a716KR5T000,0*42
\s:66,c:1782377526*47\!AIVDM,1,1,,B,13aOJr0000PD8@:MD?0Ucbn:0@3e,0*47
\s:66,c:1782377527*46\!AIVDM,1,1,,B,13oDKR001l7UTsP2brSQn1N800S6,0*31
\s:66,c:1782377527*46\!AIVDM,1,1,,A,13mHIJ?P00QAvWdWiM;v4?v>0<0K,0*32
\s:66,c:1782377524*45\!AIVDM,1,1,,A,15N9bh0P00I`;gHAGe6AmOv8053@,0*0C
\s:66,c:1782377523*42\!AIVDM,1,1,,B,13kq0T0vj?Oj`glLNVjBMB040<3D,0*08
\s:66,c:1782377527*46\!AIVDM,1,1,,A,14eHNMh000reaW:IskH4OVP<0@40,0*62
\s:66,c:1782377521*40\!AIVDM,1,1,,A,13iqh20P09P=h>DMNrroFgv22<3d,0*20
\s:66,c:1782377526*47\!AIVDM,1,1,,B,15`3Q:0P01Pn?PKu@gtVgOv>20S6,0*15
\s:66,c:1782377527*46\!AIVDM,1,1,,A,19NSK40vAWrB:FV5H5DP@0:>0D6C,0*2F
\s:66,c:1782377528*49\!AIVDM,1,1,,B,3697?J50008W5h>BDp=MSo:@0Dnb,0*6A
\s:66,c:1782377513*16\!AIVDM,1,1,,,15DjnR001fTPd0Mkqca9F7KN0@LN,0*1C
\s:66,c:1782377513*16\!AIVDM,1,1,,,1815`th22FSc3?Gk1o21QQCT00SU,0*0C
\s:66,c:1782377513*16\!AIVDM,1,1,,,19NS>v002R39?iShKuA9jWsh00Rr,0*7D
\s:66,c:1782377518*1D\!AIVDM,1,1,,,Km2IskqMJG32aP5L,0*5A
\s:66,c:1782377517*12\!AIVDM,1,1,,,14RKm60wBCIM0Tj76Pbc`9Ad00SJ,0*59
\s:66,c:1782377517*45\!AIVDM,1,1,,,B3P;SuP0IorUtv7<2?R9?wt1h000,0*00
\s:66,c:1782377517*45\!AIVDM,1,1,,B,4028jQB3bl`kpP6U<0FA:Ii0253<,0*0E
\s:66,c:1782377512*40\!AIVDM,1,1,,B,13I?np102006KeFLk7jhI@E80<0f,0*1E
\s:66,c:1782377513*41\!AIVDM,1,1,,B,83aDr=@j2d<dtLN<LhOHI?bP3iL0,0*6B
\s:66,c:1782377519*4B\!AIVDM,1,1,,B,35DWD@0P00rCdvB58VPVMgwl201S,0*39
\s:66,c:1782377518*4A\!AIVDM,1,1,,A,13eoLj001h0lRcJF2=DbP`Sj0000,0*10
\s:66,c:1782377516*44\!AIVDM,1,1,,B,H3crtF4TC=D5tQk9;jjko0000000,0*6A
\s:66,c:1782377515*47\!AIVDM,1,1,,A,34eHJIh2h0G<Er6L=>a:j8ap0000,0*20
\s:66,c:1782377520*41\!AIVDM,1,1,,A,33l3nCP01624fc0GL?V@>09l0Rqi,0*03
\s:66,c:1782377241*41\!AIVDM,1,1,,A,13Ed0EWP0PwD:LvH`Docs?vV2@;j,0*0B
\s:66,c:1782377281*4D\!AIVDM,1,1,,A,33Ed0EWP0QwD:@jH`Egd7Ov025US,0*66
\s:66,c:1782377362*41\!AIVDM,1,1,,B,1815@g@02?OEO0DHrIQB:Qdd0534,0*4A
\s:66,c:1782377521*40\!AIVDM,1,1,,A,ENmW@RVT7I@12PQWW00000000003l`8v5u:G`1088;PP00,4*29
\s:66,c:1782377518*4A\!AIVDM,1,1,,A,402M3ih000Htt0FkuPSI`07P0t2N,0*3A
\s:66,c:1782377518*4A\!AIVDM,1,1,,A,148G7oU01bQPQkrOph>;Gq5f053<,0*46
\s:66,c:1782377518*4A\!AIVDM,1,1,,B,13IkKm700UOjkp4LEhcHkVgh08Qr,0*18
\s:66,c:1782377520*41\!AIVDM,1,1,,A,18I9u40Oha7K8Bd0dn2LMbOl080>,0*44
\g:1-2-5199827,s:66,c:1782377515*0C\!AIVDM,2,1,7,A,53JI4qT00003TQ98000@DhHTpt0000000000000t0H93100003000000,0*41
\g:2-2-5199827*64\!AIVDM,2,2,7,A,000000000000000,2*23
\s:66,c:1782377515*47\!AIVDM,1,1,,B,13n3s<001w03P=:M0nf9HWMh0HPN,0*37
\s:66,c:1782377521*40\!AIVDM,1,1,,B,10003DhP?w87ssd=0SjN4?wp0L7;,0*4E
\s:66,c:1782377517*45\!AIVDM,1,1,,B,KkaICRkh;8kmk0Ot,0*5A
\s:66,c:1782377521*40\!AIVDM,1,1,,,B3P;SuP0HorUt6W<2:::gwP1h000,0*33
\s:66,c:1782377522*43\!AIVDM,1,1,,B,148fPD01j@0A87bMI;4Tg3h20807,0*03
\s:66,c:1782377522*43\!AIVDM,1,1,,B,33m@opU0000h@iJPoMJQpat08Dgr,0*1C
\s:66,c:1782377514*46\!AIVDM,1,1,,A,13JI4qPP06Q2oSTDRgc`ogwd253<,0*0E
\s:66,c:1782377522*43\!AIVDM,1,1,,B,15AP::?000rCgT257koi=Q`200Ra,0*6D
\s:66,c:1782377520*41\!AIVDM,1,1,,A,39NSdhE000tQsoIiJ5eVI8;n0DoJ,0*68
\s:66,c:1782377518*4A\!AIVDM,1,1,,B,13nRwqPP06Plng`U3OC7hgwj2<0b,0*5D
\s:66,c:1782377521*40\!AIVDM,1,1,,B,3:0M5;10009KfmPHa<HJdTD00lU:,0*17
\s:66,c:1782377518*4A\!AIVDM,1,1,,A,33nRwqP0050lngVU3OBoiV?p0000,0*0E
\s:66,c:1782377517*45\!AIVDM,1,1,,B,B42LcUh0OPQ;r?5oTPqVcwt5oP06,0*6E
\s:66,c:1782377519*4B\!AIVDM,1,1,,A,17fu;kP000:l4vidWat1I6Al0<0q,0*76
\s:66,c:1782377517*45\!AIVDM,1,1,,A,13aFgO8P0K0HMdnN@QvoVOwh0<11,0*4B
\s:66,c:1782377519*4B\!AIVDM,1,1,,A,18HwBhPP00WL<:@0kFf`Cgwh00Rl,0*79
\s:66,c:1782377141*42\!AIVDM,1,1,,B,16:fnW100388l3@<q`69Kh001P06,0*3C
\s:66,c:1782377522*43\!AIVDM,1,1,,A,28Lg3LP0127b71F5qM<M;rN20<3I,0*35
\s:66,c:1782377523*42\!AIVDM,1,1,,B,402M3ih000Htt0FkuPSI`07P0t2I,0*3E
\s:66,c:1782377521*40\!AIVDM,1,1,,B,36:EwBQ001`e970Asq;c<ren0Dvr,0*1F
\s:66,c:1782377524*45\!AIVDM,1,1,,A,34hChL51h07JIE80i;mrB6`:0Du:,0*53
\s:66,c:1782377523*42\!AIVDM,1,1,,A,15MwDp0P00Je=L4GEAlsIOv62000,0*3E
\s:66,c:1782377520*41\!AIVDM,1,1,,B,13aDA9hP000DPutMdU<v4?v00@0K,0*17
\s:66,c:1782377521*40\!AIVDM,1,1,,A,35NQUM4000Jrl@vH>t?0001p0000,0*0D
\s:66,c:1782377524*45\!AIVDM,1,1,,B,13c5FF300l11;5FCvw722AH:0@2l,0*0E
\s:66,c:1782377521*40\!AIVDM,1,1,,A,H3prF<1H4L48htp@F2222222220,2*42
\s:66,c:1782377521*40\!AIVDM,1,1,,A,H3prF<4T1=3000000000001`013t,0*5D
\s:66,c:1782377520*41\!AIVDM,1,1,,B,D028jQ@G@@?b<`h01CT@009h@00,2*4B
\s:66,c:1782377343*42\!AIVDM,1,1,,A,38I4bj5000a3b80EGOJe>8J80DR:,0*6F
\s:66,c:1782377525*44\!AIVDM,1,1,,A,13EaFJgP0HOfebjDu<841gv:082v,0*50
\s:66,c:1782377526*47\!AIVDM,1,1,,B,28Lg3LP0137b70`5qMI=4bN80<3K,0*02
\s:66,c:1782377523*42\!AIVDM,1,1,,A,13cIrh0003P?p5rMRvbrRpj20<4L,0*38
\s:66,c:1782377524*45\!AIVDM,1,1,,B,18QlHg0001SR0G2@@fOpOb3p0H2M,0*4B
\s:66,c:1782377527*46\!AIVDM,1,1,,A,33l3nCPPA624fcHGL?vh=h860PAh,0*50
\s:66,c:1782377527*46\!AIVDM,1,1,,A,13d6in0P1OPw1o4J6Q6WJwv>0@4@,0*1F
\s:66,c:1782377528*49\!AIVDM,1,1,,B,13aGCqhP00PIpB:NDwlf4?wj253<,0*73
\s:66,c:1782377527*46\!AIVDM,1,1,,B,16::0pS002Wsj:j:3gmAjW6>2H47,0*13
\s:66,c:1782377517*12\!AIVDM,1,1,,,K5?dcqdwPcPWm098,0*2B
\s:66,c:1782377517*12\!AIVDM,1,1,,,19NSivPwBkOJSOQvp2@tirCd08Pl,0*23
\s:66,c:1782377511*14\!AIVDM,1,1,,,Kp?O?;AU>:wI4P8D,0*1E
\s:66,c:1782377515*10\!AIVDM,1,1,,,Km3@`4IK;PT3G04T,0*7F
\s:66,c:1782377518*1D\!AIVDM,1,1,,,15QvR`802qFn`;`A8djcVaEd0<04,0*24
\s:66,c:1782377515*10\!AIVDM,1,1,,,KnK3oP9DiRBIl0;<,0*13
\s:66,c:1782377518*1D\!AIVDM,1,1,,,169>d1PP0KVA8TQfK=Q6j?wj20Rh,0*64
\s:66,c:1782377517*12\!AIVDM,1,1,,,Kkcw?K010GMRW8St,0*06
\s:66,c:1782377517*12\!AIVDM,1,1,,,K5?dcqdwPcPWm098,0*2B
\s:66,c:1782377516*13\!AIVDM,1,1,,,KqNShV04bR@kq7CD,0*20
\s:66,c:1782377506*12\!AIVDM,1,1,,,KqNSiA8><nAKt6`0,0*24
\s:66,c:1782377517*12\!AIVDM,1,1,,,188em5gP01mCDEWmv68N4?wR2D0R,0*44
\s:66,c:1782377517*12\!AIVDM,1,1,,,KpI8>r1A;lRB>0<4,0*50
\s:66,c:1782377518*4A\!AIVDM,1,1,,B,13v5qf001p1U<lRRMV=6U5B00000,0*04
\s:66,c:1782377518*4A\!AIVDM,1,1,,B,B69E>0bL03?8mP=18D003wtv1P06,0*65
\s:66,c:1782377512*40\!AIVDM,1,1,,B,B3MBtv@0>K=>4nMTUj?;wwqUt000,0*47
\s:66,c:1782377512*40\!AIVDM,1,1,,B,33M@FEPPC2wnlIRL7;RJu`kR0160,0*47
\s:66,c:1782377519*4B\!AIVDM,1,1,,B,16;CH:?P008Ud50Eu813AOwl00RP,0*56
\s:66,c:1782377520*41\!AIVDM,1,1,,A,342LV1001s2CI<TB3tk<Iqmn0d9:,0*14
\s:66,c:1782377521*40\!AIVDM,1,1,,B,403sunivad`kp88j6j<uN8700D00,0*61
\s:66,c:1782377518*4A\!AIVDM,1,1,,A,13ae203P@LPHdmHNK;sHL6ab0<3B,0*15
\g:1-2-5199828,s:66,c:1782377520*05\!AIVDM,2,1,8,A,55@><402>2sPSTLf220<<>10TtpDE:222222220R58a991`=I<kDRS`1,0*67
\g:2-2-5199828*6B\!AIVDM,2,2,8,A,kll;L`888888880,2*50
\s:66,c:1782377518*4A\!AIVDM,1,1,,A,13amtD9000PJKvNNTq60AT;n0000,0*55
\s:66,c:1782377519*4B\!AIVDM,1,1,,A,14To2d000w7OA<H12?dG4Eal0D46,0*51
\s:66,c:1782377513*41\!AIVDM,1,1,,B,33aI8VEOh0Pe`3jN`7n5U73b0DM:,0*4F
\s:66,c:1782377522*43\!AIVDM,1,1,,B,40KkjcAvad`ks8LDFj=scQi0043<,0*70
\s:66,c:1782377523*42\!AIVDM,1,1,,B,H7f6FwDU7B=40055mEknll1@1314,0*0D
\s:66,c:1782377518*4A\!AIVDM,1,1,,A,33IfT4POh8PIfulHc4OaI7Sl01w0,0*76
\s:66,c:1782377521*40\!AIVDM,1,1,,A,403sj51vad`l08aE7fDROlg00E5A,0*6D
\s:66,c:1782377521*40\!AIVDM,1,1,,B,13P=pch01vP9ddNMJ>v=u03n000N,0*75
\s:66,c:1782377521*40\!AIVDM,1,1,,,13IfT4POh7PIfuVHc4Nq47R20000,0*75
\s:66,c:1782377522*43\!AIVDM,1,1,,B,33IfT4POh7PIfuVHc4Nq77T20120,0*33
\s:66,c:1782377522*43\!AIVDM,1,1,,B,15@q:400248b`<4DRWPlGkR2053@,0*6D
\s:66,c:1782377518*4A\!AIVDM,1,1,,B,18QtobPP@2SOk1t@=uo:qiSn08RL,0*2A
\s:66,c:1782377517*45\!AIVDM,1,1,,B,13M@FEPPC2wnl?PL7;crppkb053<,0*10
\s:66,c:1782377518*4A\!AIVDM,1,1,,,B3n?wH0000Ehslav4wWQ1bM1h000,0*6F
\s:66,c:1782377519*4B\!AIVDM,1,1,,B,139gstPP100oKvVNwJ1rEgwn0HRo,0*05
\s:66,c:1782377523*42\!AIVDM,1,1,,A,13F7;r0006P9sc8GalkQ4PB600S9,0*51
\s:66,c:1782377151*43\!AIVDM,1,1,,B,19NS<2h0j0UiQ<;uA38B21WR2@N1,0*20
\s:66,c:1782377520*41\!AIVDM,1,1,,B,16KVrOP01f:=OPdH5Wc4OSUn0<00,0*1F
\s:66,c:1782377523*42\!AIVDM,1,1,,A,13MChnP002P=Qb:MQpimUb4600S7,0*13
\s:66,c:1782377525*44\!AIVDM,1,1,,B,18HtDJ00014771mlO?q:PRj80D0e,0*51
\s:66,c:1782377525*44\!AIVDM,1,1,,A,16:Cs@P0008;7>h<rt4HvQF8053@,0*00
\s:66,c:1782377525*44\!AIVDM,1,1,,A,15@><43001SS4s6@9s6`W4L:0<<M,0*13
\s:66,c:1782377525*44\!AIVDM,1,1,,,13IfT4POh7PIfuDHc4MqJGV:0000,0*66
\s:66,c:1782377521*40\!AIVDM,1,1,,A,B7f9rvP0Oh;1wjUne5@wPd0UWP06,0*54
\s:66,c:1782377526*47\!AIVDM,1,1,,B,19NSpV@02O7O1rb0wT6P90::0@3<,0*41
\s:66,c:1782377523*42\!AIVDM,1,1,,A,33IarM7P@KwWmPHLF@or3GH600f@,0*73
\s:66,c:1782377522*43\!AIVDM,1,1,,A,1610O3PP1BSQo?4@5jheawwn2dQb,0*31
\s:66,c:1782377521*40\!AIVDM,1,1,,A,13q3pF801DPGQtDNv>J0k0l600S9,0*4C
\s:66,c:1782377527*46\!AIVDM,1,1,,A,B39ucL006H=S6f7gp=PaSwPUoP06,0*40
\s:66,c:1782377506*12\!AIVDM,1,1,,,15MtGP0P02r>str@@`>u9?wL28K7,0*76
\s:66,c:1782377512*17\!AIVDM,1,1,,,K3s2a`?wd1Bf3POt,0*3E
\s:66,c:1782377520*41\!AIVDM,1,1,,A,4>kvmgivad`l0ScUVp>3H:?0253@,0*5A
\s:66,c:1782377518*4A\!AIVDM,1,1,,B,33FGr>0P@2vqJa2@6h;e@8cj00si,0*4F
\s:66,c:1782377516*44\!AIVDM,1,1,,A,33R7@:0Oh01SMDHEpT`h001p0000,0*15
\s:66,c:1782377520*41\!AIVDM,1,1,,A,B3IOfP000H:;UOVFMvVc;wP7GP06,0*20
\s:66,c:1782377519*4B\!AIVDM,1,1,,A,13Ih`R700LOUjV8L:g0K0`I00hRf,0*7D
\s:66,c:1782377518*4A\!AIVDM,1,1,,A,19NSdrP02fOujMt2idpIGoMh0<04,0*7B
\s:66,c:1782377514*46\!AIVDM,1,1,,B,B3Ib2U0016rDEjR4;vi`KwrQjE1r,0*57
\s:66,c:1782377519*4B\!AIVDM,1,1,,B,13=V=00000264TRGH1<:>7ul0l55,0*03
\s:66,c:1782377514*46\!AIVDM,1,1,,A,142OGF@026QNf7@F1wLlqkub0000,0*08
\s:66,c:1782377513*41\!AIVDM,1,1,,A,D02VdhhGD@fq6DA6D@@i6D0,2*6E
\s:66,c:1782377520*41\!AIVDM,1,1,,A,1819ELh02G0VBkNI:9j2LAwl00SJ,0*1F
\s:66,c:1782377515*47\!AIVDM,1,1,,A,33m9B>7Oh2PskJhVm=Gpalol0Pk@,0*32
\s:66,c:1782377520*41\!AIVDM,1,1,,B,33P:t=@0000hRC4Q1kNAAJ6006:k,0*55
\s:66,c:1782377520*41\!AIVDM,1,1,,A,36:aTEhP008VwchBBpJf4?v00000,0*52
\s:66,c:1782377519*4B\!AIVDM,1,1,,A,18Htv=0003SPFrt?pTJu4JOf253<,0*63
\s:66,c:1782377520*41\!AIVDM,1,1,,B,15WgOr0P0`43>cH>1bgQBgwn28Rl,0*5D
\s:66,c:1782377516*44\!AIVDM,1,1,,A,13e6kP001s1Q544EOp=u7rMj0000,0*0B
\s:66,c:1782377519*4B\!AIVDM,1,1,,A,13aIjdhP0hPJvA>NIwrB=gwl2<5H,0*03
\s:66,c:1782377519*4B\!AIVDM,1,1,,A,B3aNaH@09p5SUL7UU8M:Gwu5oP06,0*26
\s:66,c:1782377519*4B\!AIVDM,1,1,,B,19NSj2P0030HiOtE>R<SLs:66,0*2F
\s:66,c:1782377519*4B\!AIVDM,1,1,,A,338hPd002b0l:60Nw61RP1wp0000,0*78
\s:66,c:1782377510*42\!AIVDM,1,1,,A,H3aNaHA<<u90Tt0000000000000,2*74
\s:66,c:1782377516*44\!AIVDM,1,1,,A,H3aNaHDTC=D6WVI@2olkl00h1110,0*10
\s:66,c:1782377519*4B\!AIVDM,1,1,,A,138hPd002c0l:62Nw61RPQwj00SJ,0*1A
\s:66,c:1782377520*41\!AIVDM,1,1,,B,15W?I>8002OQe<42eN<9qH400D0<,0*1E
\s:66,c:1782377515*47\!AIVDM,1,1,,A,17tKk5@0017INht0g99B<4ob053<,0*06
\s:66,c:1782377522*43\!AIVDM,1,1,,A,155g2tP01lNi0@J;tC>6oUL4081=,0*54
\g:1-2-5199829,s:66,c:1782377440*03\!AIVDM,2,1,9,A,56TNQL02Bo6DCLqF220t<D4r0<598TE:22222216H@S7I5d6NTBlU2RH,0*18
\g:2-2-5199829*6A\!AIVDM,2,2,9,A,888888888888880,2*2D
\s:66,c:1782377517*45\!AIVDM,1,1,,A,18:a6v000q``7C08@G>9Woqh2HQ7,0*34
\s:66,c:1782377521*40\!AIVDM,1,1,,B,B3`iq9P0Ch5s>qWWbcD1SwPUh000,0*5A
\s:66,c:1782377522*43\!AIVDM,1,1,,B,B3J=:D00Dp6ie5V:i0413wPUl000,0*4B
\s:66,c:1782377520*41\!AIVDM,1,1,,A,35Mid9000VG>nn:KhS`Di41p0000,0*34
\s:66,c:1782377523*42\!AIVDM,1,1,,B,1815W5P003SpuL:>2PBooPup053@,0*34
\s:66,c:1782377523*42\!AIVDM,1,1,,B,18I3=2002>7bFbf5ollStk8b0000,0*0E
\s:66,c:1782377522*43\!AIVDM,1,1,,A,13o0BPP00T0i7J4RAtkPtPR00L2a,0*48
\s:66,c:1782377522*43\!AIVDM,1,1,,A,33o0BPP00S0i7J4RAtk@t0Sp0000,0*53
\s:66,c:1782377523*42\!AIVDM,1,1,,A,13@o23@P000hBW<PoPE`@gv80@29,0*33
\s:66,c:1782377523*42\!AIVDM,1,1,,A,B6:bISP00J9gg64Tdkc:jRN021Mk,0*50
\s:66,c:1782377521*40\!AIVDM,1,1,,A,13l3nDhwAqOuce:Ln?=asoun053@,0*48
\s:66,c:1782377524*45\!AIVDM,1,1,,B,15MwrC0000rdrt0G@O<;6A48053@,0*48
\s:66,c:1782377522*43\!AIVDM,1,1,,B,3DQsEm001WJV<6r6;6v`HVb1@PD@,0*2E
\s:66,c:1782377520*41\!AIVDM,1,1,,A,D02=ag2<TNfp00N000,4*23
\s:66,c:1782377525*44\!AIVDM,1,1,,A,16;TMr001j8UNmrF7@Wl>kH:0<1E,0*43
\s:66,c:1782377523*42\!AIVDM,1,1,,B,B3aNb@@0<p68<57UGn?EGwQUoP06,0*5E
\s:66,c:1782377524*45\!AIVDM,1,1,,A,16?Ul900005eP>03vC@mfUr60<1;,0*4A
\s:66,c:1782377524*45\!AIVDM,1,1,,B,33FGr>0P@2vqJa0@6h<MNp`6011@,0*11
\s:66,c:1782377525*44\!AIVDM,1,1,,A,38I3=2002>7bFeB5olhCu38f01jA,0*4F
\s:66,c:1782377524*45\!AIVDM,1,1,,B,16T?TJ0wAG8lhb0AFe;Bjj@200Ri,0*2A
\s:66,c:1782377524*45\!AIVDM,1,1,,B,13ku1NPwBqtD:cj>7t>L9af80@2V,0*4C
\s:66,c:1782377525*44\!AIVDM,1,1,,A,19NSA>@0Ar8>hSl<U?@CmC88053@,0*53
\s:66,c:1782377511*43\!AIVDM,1,1,,B,18I<D`002o:HCbDH=p>jKiu`053<,0*5B
\s:66,c:1782377524*45\!AIVDM,1,1,,A,34hFLD0Oiw04Nf>F40kpw7@600sh,0*00
\s:66,c:1782377519*4B\!AIVDM,1,1,,A,13m:bHW000R838P`JWUq5iIL0L0K,0*08
\s:66,c:1782377522*43\!AIVDM,1,1,,A,13aER0PP0JPNmOTMKwjcJOv2R81:,0*28
\s:66,c:1782377527*46\!AIVDM,1,1,,A,1779H5000h7Ljf<0g?lJVpN<053@,0*2C
\s:66,c:1782377523*42\!AIVDM,1,1,,A,91b544h`QKwpE9BM1cPq0hh240SA,0*78
\s:66,c:1782377526*47\!AIVDM,1,1,,A,B7lcj>h009r>N;w88dL03wTTkP06,0*76
\s:66,c:1782377318*4C\!AIVDM,1,1,,B,3815E9m000:Da1HHV`fJShC<0EC:,0*77
\g:1-2-5199830,s:66,c:1782377526*0A\!AIVDM,2,1,0,B,53aLknT2AlDm0=DN220<h4U8F222222222222216:@8595cn0<hQAkQH,0*63
\g:2-2-5199830*62\!AIVDM,2,2,0,B,888888888888880,2*27
\s:66,c:1782377528*49\!AIVDM,1,1,,B,B6:k9sh00:9gDaTTdgej3wST2000,0*2E
\s:66,c:1782377528*49\!AIVDM,1,1,,B,19NSUg@02RW12>62tuklikp@0L0b,0*66
\s:66,c:1782377506*12\!AIVDM,1,1,,,3815;`E000rquepJi`AW?oEB0Dg:,0*0E
\s:66,c:1782377517*12\!AIVDM,1,1,,,15@@5:801nCr7F1wq:mBUB1V00S5,0*4F
\s:66,c:1782377517*12\!AIVDM,1,1,,,K9t6V:H12;2wKThD,0*3D
\s:66,c:1782377512*17\!AIVDM,1,1,,,Kk9uOk80MpCw03Pp,0*0D
\s:66,c:1782377518*4A\!AIVDM,1,1,,B,13l7uV0026:7r?Uao5B4;CCl0<06,0*5E
\s:66,c:1782377519*4B\!AIVDM,1,1,,B,133mvTPP000CCTRMEff@0?wl00Rv,0*15
\s:66,c:1782377520*41\!AIVDM,1,1,,B,16:G=4001@8gO`@Agg>dSbel08S9,0*56
\s:66,c:1782377519*4B\!AIVDM,1,1,,B,177;Au0vj>`oAlNCgta74EcH0HR@,0*53
\s:66,c:1782377518*4A\!AIVDM,1,1,,A,1815b>h0iu03:gDLv2pI67?h0L3l,0*6D
\s:66,c:1782377517*45\!AIVDM,1,1,,B,C68rUnh03:2t5CS>Nv9R7TN0@GQQUKkW:0000000000000D2RRR0,0*58
\s:66,c:1782377517*45\!AIVDM,1,1,,B,18I=t9?P00WJu2l0gMuN4?wV20R?,0*28
\s:66,c:1782377519*4B\!AIVDM,1,1,,A,18IISP00007JiS20gGuPPpen0DAL,0*3E
\s:66,c:1782377520*41\!AIVDM,1,1,,A,19NSIJP1idWHA8d0k0PTd3qR00S>,0*28
\s:66,c:1782377518*4A\!AIVDM,1,1,,A,18Hw6OgP00WL5200gs5v4?wb28OF,0*08
\s:66,c:1782377518*4A\!AIVDM,1,1,,B,13=kHh04ijJe:QVG<N:<Ur=n053<,0*09
\s:66,c:1782377521*40\!AIVDM,1,1,,B,ENjAVEhWR0ah9WVWa97ab97P000054`T;mW7000003P010,4*7A
\s:66,c:1782377515*47\!AIVDM,1,1,,B,19NStm@01P7QhHP1d2@pH6W808P5,0*05
\s:66,c:1782377520*41\!AIVDM,1,1,,B,33`ghiEP00PD9a@MDT0>4?v02DLb,0*7C
\s:66,c:1782377518*4A\!AIVDM,1,1,,A,13Kwu<0000Qs=k@RUB47>RAk0D0g,0*46
\s:66,c:1782377519*4B\!AIVDM,1,1,,A,13eMiCSP0312U88DKLNu?wv0080F,0*78
\s:66,c:1782377520*41\!AIVDM,1,1,,B,13GQId3P0cP9rF>GagAhb?v2280K,0*4F
\s:66,c:1782377521*40\!AIVDM,1,1,,A,142O;gPP0025vKDGGLP4>?v200SL,0*0E
\s:66,c:1782377518*4A\!AIVDM,1,1,,A,15Nwac<P06q<ibfA2SL`f1Sn0000,0*35
\s:66,c:1782377521*40\!AIVDM,1,1,,A,16Sn?D001d`hP`@@w8uD?SET053<,0*03
\s:66,c:1782377521*40\!AIVDM,1,1,,A,17m:1N0P0073lAr2:Rb>4?wV2`0P,0*2D
\s:66,c:1782377514*46\!AIVDM,1,1,,A,16:87r0000`ddcdAtEjkp9uf2<80,0*2C
\s:66,c:1782377520*41\!AIVDM,1,1,,A,13aGEMhP1:PD?@nMd3:sRgv0253@,0*68
\s:66,c:1782377521*40\!AIVDM,1,1,,A,18uE8t7P00QDFU1dVEa>4?v22L17,0*1C
\s:66,c:1782377522*43\!AIVDM,1,1,,B,13@noUPP00PeUf6Pu:TQggv20<1N,0*2E
\s:66,c:1782377518*4A\!AIVDM,1,1,,A,13LB6DP01d1T0T:RO02:RHN00000,0*17
\s:66,c:1782377104*43\!AIVDM,1,1,,,13ePP25000KeIG5v<6Suwr7l0000,0*26
\s:66,c:1782377127*42\!AIVDM,1,1,,,13ePP25000KeIG5v<6T;gb6D0000,0*46
\s:66,c:1782377137*43\!AIVDM,1,1,,,13ePP25000KeIG5v<6T;rr6P0000,0*57
\s:66,c:1782377142*41\!AIVDM,1,1,,,13ePP25000seIG5v<6T;Sb6T2000,0*58
\s:66,c:1782377147*44\!AIVDM,1,1,,,13ePP25000seIG5v<6T;Eb6b2000,0*78
\s:66,c:1782377153*41\!AIVDM,1,1,,,13ePP25000seIG5v<6T;Wr6h2000,0*70
\s:66,c:1782377158*4A\!AIVDM,1,1,,,13ePP25000seIG5v<6T:ib6n2000,0*59
\s:66,c:1782377170*40\!AIVDM,1,1,,,13ePP25000seIG5v<6SomJ6<2000,0*75
\s:66,c:1782377175*45\!AIVDM,1,1,,,13ePP25000seIG5v<6SnQr6B2000,0*0E
\s:66,c:1782377274*47\!AIVDM,1,1,,,13ePP25000seIG7v<6SRm:6p2000,0*76
\s:66,c:1782377284*48\!AIVDM,1,1,,,13ePP25000seIG7v<6SRfJ762000,0*4A
\s:66,c:1782377307*42\!AIVDM,1,1,,,13ePP25000seIG7v<6SPpb6`2000,0*21
\s:66,c:1782377313*47\!AIVDM,1,1,,,13ePP25000seIG7v<6SQ0:6f2000,0*3E
\s:66,c:1782377331*47\!AIVDM,1,1,,,13ePP25000seIG7v<6SP1b722000,0*33
\s:66,c:1782377342*43\!AIVDM,1,1,,,13ePP25000seIG7v<6Se2r7>2000,0*19
\s:66,c:1782377353*43\!AIVDM,1,1,,,13ePP25000seIG5v<6Sd<:7J2000,0*28
\s:66,c:1782377359*49\!AIVDM,1,1,,,13ePP25000seIG5v<6Sdu:7P2000,0*7B
\s:66,c:1782377392*4E\!AIVDM,1,1,,,13ePP25000seIG7v<6StoJ6:2000,0*68
\s:66,c:1782377397*4B\!AIVDM,1,1,,,13ePP25000KeIG7v<6StMb6@0000,0*22
\s:66,c:1782377519*4B\!AIVDM,1,1,,A,33aGrr00000Ja:HNFaRP001p0000,0*43
\s:66,c:1782377521*40\!AIVDM,1,1,,B,1815>H@004P42IBFdMg1bVw40D7L,0*36
\s:66,c:1782377524*45\!AIVDM,1,1,,A,ENjbWEw6TaaTW3h@@@@@@@@@@@@@KRWu@Sp>000000N0100,2*11
\s:66,c:1782377520*41\!AIVDM,1,1,,B,17mROehP00WKjSp0U6300?wn253<,0*15
\s:66,c:1782377524*45\!AIVDM,1,1,,A,15NBg@P00`GRDunCAdc;Q9H:00S1,0*35
\g:1-2-5199831,s:66,c:1782377525*08\!AIVDM,2,1,1,A,59TWpd8248uCD5ID000IiJ0tD4000000000000001hB33tiB093@C51@,0*14
\g:2-2-5199831*63\!AIVDM,2,2,1,A,000000000000000,2*25
\s:66,c:1782377525*44\!AIVDM,1,1,,A,18Hs1DgP047K3it0dvTKjwv:2LAG,0*14
\s:66,c:1782377525*44\!AIVDM,1,1,,A,15>mwR001H8heu6AkKjrOph80@2n,0*61
\s:66,c:1782377520*41\!AIVDM,1,1,,A,34cvO850000eukjQj5hnci1l0ljb,0*6C
\s:66,c:1782377524*45\!AIVDM,1,1,,A,19NStm@01P7QhD<1d1O`GnWJ053@,0*44
\s:66,c:1782377526*47\!AIVDM,1,1,,A,15Tsol00017LiKH0gKS3m4Ap0<<G,0*75
\s:66,c:1782377513*16\!AIVDM,1,1,,,19NSRKP224OOOd:1p;FIsp0B0HM1,0*1E
\s:66,c:1782377515*10\!AIVDM,1,1,,,KqNScD8OMMPhmP<0,0*19
\s:66,c:1782377513*16\!AIVDM,1,1,,,Kn2?@sh2??hom3ip,0*66
\s:66,c:1782377518*1D\!AIVDM,1,1,,,15?dO9h02dohcLH>DVqKsIaf08P@,0*13
\s:66,c:1782377515*10\!AIVDM,1,1,,,K6:>jS=DM=BBk000,0*75
\s:66,c:1782377520*16\!AIVDM,1,1,,,15@LuH00?w<en;ms9><f48ud0L00,0*34
\s:66,c:1782377520*16\!AIVDM,1,1,,,17`JfV0000dP6@abreN=ubsd0@Q0,0*4F
\s:66,c:1782377512*17\!AIVDM,1,1,,,16TKUt8P00sv`C7d2VTh0?wF28K1,0*55
\s:66,c:1782377513*16\!AIVDM,1,1,,,Ks@1r<<=ka=fM0Ot,0*76
\s:66,c:1782377514*11\!AIVDM,1,1,,,17PKD800098EVG7lnBT1FQab0@Nm,0*36
\s:66,c:1782377518*1D\!AIVDM,1,1,,,169>KkWOh<6A<G9fRDe;3icd1d01,0*19
\s:66,c:1782377517*12\!AIVDM,1,1,,,19NSIGP0121VelodDOhJ:8=D0@OU,0*42
\s:66,c:1782377517*12\!AIVDM,1,1,,,KqNScD8OMMPhmP<0,0*19
\s:66,c:1782377517*12\!AIVDM,1,1,,,1815;W0vQhOeeMb19D6q;7;`0D00,0*31
\s:66,c:1782377513*16\!AIVDM,1,1,,,KpME1@03s>?n96c8,0*6E
\s:66,c:1782377506*12\!AIVDM,1,1,,,Kk`wkN0>?kBmS3h@,0*48
\s:66,c:1782377506*12\!AIVDM,1,1,,,KmMu;i0M>tB`>RQT,0*57
\s:66,c:1782377518*1D\!AIVDM,1,1,,,H691nsD000000002JnFE00000000,0*5D
\s:66,c:1782377516*44\!AIVDM,1,1,,B,13a4;eP018PD>I0Mddm5bDKb0HPf,0*42
\s:66,c:1782377518*4A\!AIVDM,1,1,,A,19ACHr?016RD0VBAqaNQMQ>T28:c,0*47
\s:66,c:1782377514*46\!AIVDM,1,1,,A,33RJf@0OR:1SL;4EpUg2g21p0000,0*0F
\s:66,c:1782377519*4B\!AIVDM,1,1,,A,16:lCR000k88?NP=1d>e3:J01P06,0*3B
\s:66,c:1782377515*47\!AIVDM,1,1,,A,13aGuA0P00PDG<vMdtw00?wf2@Pb,0*0B
\s:66,c:1782377514*46\!AIVDM,1,1,,A,177UUS00148;136<n5oINGgR00TC,0*1C
\s:66,c:1782377519*4B\!AIVDM,1,1,,A,3:LR1TEP00Klo;Qd;rLWdgwn0000,0*4F
\s:66,c:1782377519*4B\!AIVDM,1,1,,B,15?DHn002<5q3=H4VhIP40=n0L0`,0*18
\s:66,c:1782377519*4B\!AIVDM,1,1,,A,34`V2<10000=7:@N8n`v0SMn0E1b,0*30
\s:66,c:1782377519*4B\!AIVDM,1,1,,A,33Ir6050000B?=HMfB9;hncl0Dg:,0*6D
\s:66,c:1782377518*4A\!AIVDM,1,1,,A,33`fLmPOhrPFKbPMv@I2:Ail00u@,0*20
\s:66,c:1782377519*4B\!AIVDM,1,1,,B,6>jCKPSfJjOt>da5:q00P00,2*26
\s:66,c:1782377520*41\!AIVDM,1,1,,B,13cecw002qPA=;8Gj3P07h:R0<5f,0*4F
\s:66,c:1782377518*4A\!AIVDM,1,1,,A,33RJf@0OR71SL@LEpUujb1wp0000,0*0B
\s:66,c:1782377520*41\!AIVDM,1,1,,A,33cecw002k0A=;6Gj3P07P;p0000,0*7E
\s:66,c:1782377518*4A\!AIVDM,1,1,,B,1815VWh01U8;iQb8OV4`VVud0HQD,0*45
\s:66,c:1782377521*40\!AIVDM,1,1,,A,B69DLAPD0R;oDT4Dm6J6KwPESP06,0*6B
\s:66,c:1782377520*41\!AIVDM,1,1,,B,28SRvQUP00W`eVj68hW5B?wl0<3A,0*7E
\s:66,c:1782377523*42\!AIVDM,1,1,,B,13U3bh0P2=1gB6HF9Q@R=wv40D0`,0*5E
\s:66,c:1782377522*43\!AIVDM,1,1,,A,B7lciWP04:6>@IOpvR84cwP4kP06,0*57
\s:66,c:1782377523*42\!AIVDM,1,1,,A,18I3BP001Q7J81@0cmbc4pn8053@,0*48
\s:66,c:1782377523*42\!AIVDM,1,1,,B,C6:cApP0>224MrS@A<c>Swv0`:L>hB2L@2B`NL?eed00S0<LQU0P,0*3E
\s:66,c:1782377523*42\!AIVDM,1,1,,A,169CQq5000`gLFbABk>F5Ov40000,0*39
\s:66,c:1782377523*42\!AIVDM,1,1,,B,13aGENhP000EkB4N19:h0?v6081o,0*57
\s:66,c:1782377524*45\!AIVDM,1,1,,A,13=d;l0w@0QdJUnEe3VU3FP80H2P,0*4E
\s:66,c:1782377521*40\!AIVDM,1,1,,A,1342qQPP00PAO7VMGtav4?v2R80o,0*2E
\s:66,c:1782377525*44\!AIVDM,1,1,,B,18I=wA001k3Whu9qk7qqvWgn083C,0*09
\s:66,c:1782377522*43\!AIVDM,1,1,,A,402M3wQvad`l10LrUPSk@`7P0<3P,0*1D
\s:66,c:1782377524*45\!AIVDM,1,1,,B,19lcin7001Q2Jkijp3HKtD:40<1J,0*6B
\s:66,c:1782377524*45\!AIVDM,1,1,,A,18uWS40P001DEnOdV@kd7wv4053@,0*12
\s:66,c:1782377525*44\!AIVDM,1,1,,A,15?DHn002<5q3=p4ViD060::0<0a,0*6F
\s:66,c:1782377524*45\!AIVDM,1,1,,A,33a4;ePOi8PD>MlMdd?Uj4P403LS,0*69
\s:66,c:1782377473*46\!AIVDM,1,1,,A,1815d5h01G2DtvvACQWLlb<J0<1S,0*08
\s:66,c:1782377525*44\!AIVDM,1,1,,A,B7lcb;h00:6;wJOpKvHBkwP4kP06,0*2A
\s:66,c:1782377521*40\!AIVDM,1,1,,A,402M48Avad`l00kK10TnIP7P0L3;,0*7E
\s:66,c:1782377525*44\!AIVDM,1,1,,B,B69DNbhD02;oer4Dg@@03wRmSP06,0*34
\s:66,c:1782377524*45\!AIVDM,1,1,,A,13m9Q6PP00Qbjmn`2aAN4?v62D0B,0*3E
\s:66,c:1782377527*46\!AIVDM,1,1,,A,14ShrJ02QLPsOi<OTf15?T:6083I,0*6A
\s:66,c:1782377527*46\!AIVDM,1,1,,A,C6:c;D008R2C@U3=e:2pgwv0V@bL<:L?WR0000000000S0DKU40P,0*1B
\s:66,c:1782377522*43\!AIVDM,1,1,,A,4030ouQvad`l1r7j4lHWgNW00@16,0*75
\s:66,c:1782377522*43\!AIVDM,1,1,,A,33@ofjP01`PfcJbOP6?lNSJ621s0,0*12
\s:66,c:1782377527*46\!AIVDM,1,1,,A,13cecw002qPA=;pGj4rP7P:h0@4C,0*1B
\s:66,c:1782377514*11\!AIVDM,1,1,,,19NSbl001omEGQ6N;>=c9HwR0<08,0*6F
\s:66,c:1782377514*11\!AIVDM,1,1,,,1815USPuQkDt46fNR263u3=P0<05,0*2E
\s:66,c:1782377512*17\!AIVDM,1,1,,,Kp15JE0NGnfCMP5D,0*49
\s:66,c:1782377512*17\!AIVDM,1,1,,,Kp15`I0>5huRoRQP,0*39
\s:66,c:1782377518*1D\!AIVDM,1,1,,,1815RPP01aJ1rnauDbLUPDMT0D00,0*6D
\s:66,c:1782377518*1D\!AIVDM,1,1,,,KoOnbb04Er>PjPBh,0*2F
\s:66,c:1782377517*12\!AIVDM,1,1,,,14``B9002kT75@gnl93AeAIV0HOH,0*3C
\s:66,c:1782377517*12\!AIVDM,1,1,,,KqN`3f031ewh38fT,0*57
\s:66,c:1782377506*12\!AIVDM,1,1,,,Klh>BL5M4HiuHPAT,0*0D
\s:66,c:1782377518*1D\!AIVDM,1,1,,,13M@vl@02PF7JSQhIdRqHWUj0Oww,0*60
\s:66,c:1782377518*1D\!AIVDM,1,1,,,144ibG:00Wk;iJpSnhucg95d2HQW,0*44
\s:66,c:1782377515*10\!AIVDM,1,1,,,13aNbfPOhONgRL8;`7@6w5Gb053<,0*0E
\s:66,c:1782377517*12\!AIVDM,1,1,,,Kp15`B0?Tr@1lVD0,0*6C
\s:66,c:1782377514*11\!AIVDM,1,1,,,169L1o@P00D4HBfGVnMt:gw@2l09,0*3C
\s:66,c:1782377518*1D\!AIVDM,1,1,,,KmRm:f1Ld=j<F0>D,0*5C
\s:66,c:1782377512*17\!AIVDM,1,1,,,13mLs6002:H26DN;RrgDGSKR0D03,0*0D
\s:66,c:1782377518*1D\!AIVDM,1,1,,,19NS6oP02cH;ELqm5cRcGa;b0@Pe,0*21
\s:66,c:1782377512*17\!AIVDM,1,1,,,B>l?p8P0232mTBMuJaTL?wS4SP06,0*09
\s:66,c:1782377513*16\!AIVDM,1,1,,,KrkJiL8=CNLmnOkh,0*51
\s:66,c:1782377517*12\!AIVDM,1,1,,,Kp15`B0?Tr@1lVD0,0*6C
\s:66,c:1782377519*1C\!AIVDM,1,1,,,KkEd3q=wdbk;@POt,0*13
\s:66,c:1782377517*12\!AIVDM,1,1,,,KomLGSgl3BwRQ0Rt,0*6E
\s:66,c:1782377512*17\!AIVDM,1,1,,,13cu9m0wBROMPH1u4;`5UDKR0<02,0*72
\s:66,c:1782377518*1D\!AIVDM,1,1,,,KomLGSgl3BwRQ0Rt,0*6E
\s:66,c:1782377518*1D\!AIVDM,1,1,,,Kolog<03tSwS10Bl,0*34
\s:66,c:1782377505*11\!AIVDM,1,1,,,Kkn@8L02JTvt8U>`,0*30
\s:66,c:1782377518*4A\!AIVDM,1,1,,A,18Hw;40P01WKiIb0gL>KojAj2D5g,0*44
\s:66,c:1782377517*45\!AIVDM,1,1,,B,17mRP8pP007LeEH0VCov4?wj28Qe,0*53
\s:66,c:1782377514*46\!AIVDM,1,1,,B,B52kJB000=ksS96l3OSQ3ws5oP06,0*63
\s:66,c:1782377517*45\!AIVDM,1,1,,B,B3`dhuP0:h651t7RSQhFKwt1h000,0*51
\s:66,c:1782377513*41\!AIVDM,1,1,,A,ENjO`6jRqHLr@30a7h8:W:0h9`0PKO`O:RAK810888N0012C33h,2*3E
\s:66,c:1782377246*46\!AIVDM,1,1,,A,1815N5P01a0itU?eS7NsSq8l0<08,0*69
\s:66,c:1782377326*41\!AIVDM,1,1,,A,1815N5P01a0isFaeS;RsSI3N0L08,0*52
\s:66,c:1782377518*4A\!AIVDM,1,1,,B,13IaGd?P0`PFbGbHd1t:0Owl20SE,0*61
\s:66,c:1782377519*4B\!AIVDM,1,1,,A,13FSd87005waC@lKAlAu56MnPD0D,0*04
\s:66,c:1782377520*41\!AIVDM,1,1,,B,177nRH@P01`:uJP<n8fN4?wn2@S9,0*0C
\s:66,c:1782377521*40\!AIVDM,1,1,,A,15?0g201ANLO1TP0lHDjI1wj00Ru,0*38
\s:66,c:1782377515*47\!AIVDM,1,1,,A,34`UwcPvBVJ5:TN?k2;StS=p0000,0*09
\s:66,c:1782377520*41\!AIVDM,1,1,,B,139JHM0000PeT82NWBKN44f0RL4t,0*6C
\s:66,c:1782377521*40\!AIVDM,1,1,,B,38157OQOh90ce?P2>LwTBn820E6b,0*20
\s:66,c:1782377520*41\!AIVDM,1,1,,A,19NSQc@w25OfdF6DapSBtB9l0000,0*2B
\s:66,c:1782377517*45\!AIVDM,1,1,,A,13aGDAhP0k0FD0BMRg5l4gwj28Qe,0*75
\s:66,c:1782377517*45\!AIVDM,1,1,,A,B42M:m@03PQ=9I5o`4VwwwtUkP06,0*44
\s:66,c:1782377519*4B\!AIVDM,1,1,,A,B3pr`>P0;H4Q:25cqgPh8Vv00000,0*25
\s:66,c:1782377519*4B\!AIVDM,1,1,,B,13aFgd0012PCi5NMF?SmB4GjP53<,0*3A
\s:66,c:1782377521*40\!AIVDM,1,1,,B,17m:28hP00WaC9AtR26v4?v22@0r,0*60
\s:66,c:1782377522*43\!AIVDM,1,1,,A,14`UwcP1jVJ5:eh?k1tkvk<20D14,0*0F
\s:66,c:1782377521*40\!AIVDM,1,1,,B,368u>j001a8jvpPAMeW6tmH000;S,0*6C
\s:66,c:1782377515*47\!AIVDM,1,1,,B,B42LcFh00hSdGa67cN>;Kws5kP06,0*77
\s:66,c:1782377522*43\!AIVDM,1,1,,A,28SK5w0P01Wb2IL5tPS>4?v22<2i,0*73
\s:66,c:1782377521*40\!AIVDM,1,1,,B,13cuk?021VwjampDhduC9RV00@0l,0*3E
\s:66,c:1782377523*42\!AIVDM,1,1,,B,1:U7Ih0P00Ld1AkjC2tI4gv4053@,0*7F
\s:66,c:1782377517*45\!AIVDM,1,1,,B,18VvE4001J`OvRrF=@p:iHSj0d:0,0*48
\s:66,c:1782377520*41\!AIVDM,1,1,,A,13?s9g001TPIP1PMdf6raHH4P53@,0*33
\s:66,c:1782377523*42\!AIVDM,1,1,,A,16:D<VP00v88H1h<urpkrT<60<45,0*03
\s:66,c:1782377525*44\!AIVDM,1,1,,A,19NSj3P00W9=d8RD0OFe7:R4053@,0*62
\s:66,c:1782377521*40\!AIVDM,1,1,,B,403Oti1uJl`l1oAucVEfNjw02@0t,0*07
\s:66,c:1782377524*45\!AIVDM,1,1,,A,137Sbf002mrV8SFE0B14HCR80@2J,0*49
\s:66,c:1782377524*45\!AIVDM,1,1,,B,348Orf0P00QPdA8Op1Jf4?v827>3,0*52
\s:66,c:1782377525*44\!AIVDM,1,1,,A,15>nNj0P?w<tSF0l4Q@>4?wv0`3@,0*4D
\s:66,c:1782377524*45\!AIVDM,1,1,,A,15NV6DPOiToRo:RCCeCEK4H:0<2@,0*40
\s:66,c:1782377525*44\!AIVDM,1,1,,A,16?Unah0114vLIN<t:04:CD4082D,0*14
\s:66,c:1782377342*43\!AIVDM,1,1,,B,16SdN2gP1=a0i>`E?p81Sgv22534,0*47
\s:66,c:1782377506*45\!AIVDM,1,1,,A,144UupQ00r2D8S@AJDRebJqJ0<@?,0*21
\s:66,c:1782377376*44\!AIVDM,1,1,,B,344UupQ00o2D8gHAJ<iedbo600<C,0*02
\s:66,c:1782377520*41\!AIVDM,1,1,,A,339JHM00000eT80NWBK004gp0000,0*6A
\s:66,c:1782377526*47\!AIVDM,1,1,,B,13gtTgP00svRUObUbMm7I5r:053@,0*1A
\s:66,c:1782377522*43\!AIVDM,1,1,,B,13aL<q@P00PG=I2MtK7v4?v220Sq,0*5A
\s:66,c:1782377521*40\!AIVDM,1,1,,A,33cuk?01iUOjamrDhduC:RWp0000,0*33
\s:66,c:1782377525*44\!AIVDM,1,1,,B,33`g7@PP00PDJs>MdPGN4?v:R30Q,0*71
\s:66,c:1782377521*40\!AIVDM,1,1,,B,B3`fMAP0A@5Rn@7UFeN9kwPUkP06,0*64
\s:66,c:1782377517*12\!AIVDM,1,1,,,Kkku7C01vSNTr9>8,0*5E
\s:66,c:1782377517*12\!AIVDM,1,1,,,188eW47P0KEh=oGp6DHblOwR00Rv,0*7E
\s:66,c:1782377512*17\!AIVDM,1,1,,,KkMD0cP05o3iS0=L,0*6F
\s:66,c:1782377519*4B\!AIVDM,1,1,,A,13c:ql001:OF`=TE0r>cDHwn00SE,0*32
\s:66,c:1782377520*41\!AIVDM,1,1,,B,39NScG500009mwPGauvP?0=n0CVb,0*3E
\s:66,c:1782377521*40\!AIVDM,1,1,,B,4h2UMvh000111R465dG=DA7P0t7m,0*4B
\s:66,c:1782377520*41\!AIVDM,1,1,,B,B3uOoWP0?8GlTlURG@qUEN00t000,0*49
\s:66,c:1782377521*40\!AIVDM,1,1,,A,15NN0vP000q<rIR@wp66s2n20000,0*7A
\s:66,c:1782377520*41\!AIVDM,1,1,,A,15ClB`00001cjAdEd9k=Nbgn080G,0*26
\s:66,c:1782377521*40\!AIVDM,1,1,,A,16KLQ@002I8m6od@vuq@GPN2080l,0*69
\s:66,c:1782377518*4A\!AIVDM,1,1,,A,15?dVpAvh07OIi012koIcmMl0`Qq,0*49
\s:66,c:1782377516*44\!AIVDM,1,1,,A,15UK?`0021`f=shAkK?TkSmV00S0,0*2A
\s:66,c:1782377519*4B\!AIVDM,1,1,,B,16;SCd001S8icotDc2go15aj0<<C,0*47
\s:66,c:1782377520*41\!AIVDM,1,1,,A,16T4pl002:7Ifsd0dFIK4`l00HS2,0*5B
\s:66,c:1782377521*40\!AIVDM,1,1,,B,13eTiN001w0LeWnEQLVkDBb00D4i,0*4F
\s:66,c:1782377522*43\!AIVDM,1,1,,A,15?dVpAv007OIhv12koIe5L40t<M,0*14
\s:66,c:1782377517*45\!AIVDM,1,1,,B,13s?=4h000OH<LBGTHjE01Sf00RW,0*4A
\s:66,c:1782377519*4B\!AIVDM,1,1,,B,133e1T3P00Pl1lVO?5RQf?wn0D2D,0*44
\s:66,c:1782377521*40\!AIVDM,1,1,,A,13`h?mPP00PFLHDMvBoN4?v220SE,0*2B
\s:66,c:1782377517*45\!AIVDM,1,1,,B,18HwC7?P017L57v0gsf>4?wV0EHA,0*2C
\s:66,c:1782377520*41\!AIVDM,1,1,,B,15O7Hw<000oR`p<CC@UVircn053<,0*24
\s:66,c:1782377519*4B\!AIVDM,1,1,,B,B5O66cP005l1M06l<iAtKwu5CP06,0*68
\s:66,c:1782377519*4B\!AIVDM,1,1,,B,B7lj=UP03r5a<AOlva`DOwoRT8DQ,0*5A
\s:66,c:1782377520*41\!AIVDM,1,1,,B,16::6I001N8Kns<F>wUGH5t00l80,0*00
\s:66,c:1782377520*41\!AIVDM,1,1,,A,3p70<J1001QWeOlEttWmGnC`0000,0*21
\s:66,c:1782377522*43\!AIVDM,1,1,,A,4030p0ivad`l2r:vApJCJoW000S:,0*68
\g:1-2-5199832,s:66,c:1782377523*0D\!AIVDM,2,1,2,A,5C7fBJ82A6rgD8lc>20<tqA<PU20=E2222222216CpEE4ue10Fhkhm1p,0*34
\g:2-2-5199832*60\!AIVDM,2,2,2,A,888888888888880,2*26
\s:66,c:1782377523*42\!AIVDM,1,1,,A,19NSdqh02CFRjr1p7MiRdj821`1q,0*16
\s:66,c:1782377523*42\!AIVDM,1,1,,B,15NSpJ0OhiK3QPlGPhped:D80H26,0*59
\s:66,c:1782377523*42\!AIVDM,1,1,,A,19NSbgPP1e0c01FHqHd1Twv40@2?,0*4E
\s:66,c:1782377524*45\!AIVDM,1,1,,A,33`eHVU0000Bpf@MgM4T`0v60DRJ,0*07
\g:1-2-5199833,s:66,c:1782377515*09\!AIVDM,2,1,3,B,555eU<`2<b2QK@TKN20hu8B0P4lluE:222222216B0JB:5f:0Hli46UH,0*5C
\g:2-2-5199833*61\!AIVDM,2,2,3,B,888888888888880,2*24
\s:66,c:1782377521*40\!AIVDM,1,1,,B,13MC9FhP00wvPAlFSkHN4?v02<1A,0*59
\s:66,c:1782377525*44\!AIVDM,1,1,,B,16SaRl001D3ttI<>i@hRA1r:0h3B,0*21
\s:66,c:1782377524*45\!AIVDM,1,1,,A,17ldoihP?w<tSF0l4Q@>4?wp1W3h,0*75
\s:66,c:1782377521*40\!AIVDM,1,1,,B,13Ek1?PP00OH0ltH<;Arc?v2280W,0*21
\s:66,c:1782377520*41\!AIVDM,1,1,,A,13aIjt0P0UPFEbHMvBV2E?v02D7L,0*42
\s:66,c:1782377525*44\!AIVDM,1,1,,B,19NSIuPw220D0@2E=u9k=RT60<3S,0*23
\s:66,c:1782377165*44\!AIVDM,1,1,,A,H52UF3P8iDF1<u8400000000000,2*0C
\s:66,c:1782377523*42\!AIVDM,1,1,,A,H52UF3T0000000000000000h7130,0*70
\s:66,c:1782377477*42\!AIVDM,1,1,,A,16Sla`PP0ma2D?LE;kmRAgvN285U,0*78
\s:66,c:1782377523*42\!AIVDM,1,1,,A,15MnLNPP00q<Wr>A1v2:`?v60000,0*44
\s:66,c:1782377526*47\!AIVDM,1,1,,A,155eU<Q01LRCpC<AOjboOmt:00Rh,0*26
\s:66,c:1782377526*47\!AIVDM,1,1,,B,18LcpL0tiBWJR6<0dqMMibp:0<Cm,0*53
\s:66,c:1782377526*47\!AIVDM,1,1,,A,13s?=4h000OH<LBGTHj@H1R80@3V,0*7B
\s:66,c:1782377527*46\!AIVDM,1,1,,A,133e1T3P00Pl1lTO?5R1f?wP08LK,0*16
\s:66,c:1782377361*42\!AIVDM,1,1,,B,16K3C;h01kbBu9FHMLO`QFn`0H<e,0*54
\s:66,c:1782377523*42\!AIVDM,1,1,,B,13mi?p001D0G@whNVjSjfR<800SD,0*5D
\s:66,c:1782377527*46\!AIVDM,1,1,,A,16Sn;J000kWJv9@0bu><>bL>00Sa,0*1D
\s:66,c:1782377528*49\!AIVDM,1,1,,B,15UK?`0020`f>7hAkJKDjCl40<;i,0*45
\s:66,c:1782377523*42\!AIVDM,1,1,,,13K5v@001R`j;A`@w:fGS5l40000,0*4C
\s:66,c:1782377527*46\!AIVDM,1,1,,A,18HwC7?P017L5820gsff4?v20EH?,0*27
\g:1-2-5199834,s:66,c:1782377528*00\!AIVDM,2,1,4,A,53`eHV`000010<i0000iD<T@62Q0ThuA>T00000j286435v:N342C3m8,0*7C
\g:2-2-5199834*66\!AIVDM,2,2,4,A,0ShDQ2CQp0DQ@@0,2*4B
\s:66,c:1782377507*13\!AIVDM,1,1,,,39NWw7002n<GhTLK@>GC?RSJ05u3,0*65
\s:66,c:1782377517*12\!AIVDM,1,1,,,K815G91OiEjc=P<8,0*5C
\s:66,c:1782377514*11\!AIVDM,1,1,,,14eHHQ@000G<MPpL=pMu5P4@0@NK,0*6D
\s:66,c:1782377513*16\!AIVDM,1,1,,,KpUd7F<Aml1tlP<0,0*15
\s:66,c:1782377511*14\!AIVDM,1,1,,,1815Nph027:H@UIwA>wEIlDB053<,0*34
\s:66,c:1782377512*17\!AIVDM,1,1,,,C<5gneP02538s2Of@:dgswp0L:`<BVAiSSKQU11111`d0000002P,0*76
\s:66,c:1782377513*16\!AIVDM,1,1,,,1;@4md0P0BKg4`3g5iq01OwV253<,0*64
\s:66,c:1782377518*1D\!AIVDM,1,1,,,404k1civad`ko`A45ulDafW00@Pf,0*4B
\s:66,c:1782377513*16\!AIVDM,1,1,,,KqNSf5@1Wv>29b?H,0*63
\s:66,c:1782377517*12\!AIVDM,1,1,,,13VhGj0wis2eDsQeDdlS6jOd08P@,0*0F
\s:66,c:1782377519*1C\!AIVDM,1,1,,,KqNSSi@1<jeQQ55@,0*78
\s:66,c:1782377506*12\!AIVDM,1,1,,,C69v8dh011JWhsKDfL@00011UegKQQW11eQ:00000001T0H21QR0,0*52
\s:66,c:1782377513*16\!AIVDM,1,1,,,KqNSf5@1Wv>29b?H,0*63
\s:66,c:1782377505*11\!AIVDM,1,1,,,KqN`32=B6VfQQ0?H,0*4C
\s:66,c:1782377518*4A\!AIVDM,1,1,,A,177c<9001h`kLu`Dg1vevK=j0<18,0*14
\s:66,c:1782377520*41\!AIVDM,1,1,,B,19u:UqP00B2D2vdAtg0:=pKn0<RP,0*3C
\s:66,c:1782377518*4A\!AIVDM,1,1,,B,17lcmbCP008FVUWwC<9H5gwl0@R5,0*3D
\s:66,c:1782377286*4A\!AIVDM,1,1,,A,19NS34002BOEnT4I56EJ8888083:,0*04
\s:66,c:1782377519*4B\!AIVDM,1,1,,B,19NSMJP40MPcTkn2=rgIe87j20SA,0*0F
\s:66,c:1782377519*4B\!AIVDM,1,1,,A,13`gN6P00<PCn@lMEcq949Af0<41,0*66
\s:66,c:1782377519*4B\!AIVDM,1,1,,B,16BiJC001R3p436>f@vJu`f00@Rq,0*25
\s:66,c:1782377520*41\!AIVDM,1,1,,B,D03OwnP<qN>40Pffp00Nfp0,2*17
\s:66,c:1782377521*40\!AIVDM,1,1,,A,13l98K@P2AQ0tNLDWOJ;ugv02D0=,0*74
\s:66,c:1782377518*4A\!AIVDM,1,1,,B,18JBch2004W1if236HJdNjOh0@R5,0*05
\s:66,c:1782377519*4B\!AIVDM,1,1,,A,13cinj0P?w<tSF0l4Q@>4?wv0`Rs,0*63
\s:66,c:1782377517*45\!AIVDM,1,1,,B,13m<8O00P0PHk?4QjklsPEaj0<0C,0*37
\s:66,c:1782377518*4A\!AIVDM,1,1,,A,17m@9dH000`Fa8?wAdli9Bqj28R4,0*33
\s:66,c:1782377522*43\!AIVDM,1,1,,B,17lioK?P?w<tSF0l4Q@>4?wv0Vi@,0*7A
\s:66,c:1782377519*4B\!AIVDM,1,1,,A,177nQnhP1L`:oE0<lv9Gk?wl28RQ,0*5D
\s:66,c:1782377520*41\!AIVDM,1,1,,B,13aJI<GP00PCGBLME3Kh0?v0280>,0*61
\s:66,c:1782377520*41\!AIVDM,1,1,,B,28SJI150007aqnT64BvWHbb00D5O,0*41
\s:66,c:1782377114*42\!AIVDM,1,1,,A,15?dOrPwAw0liGoesqflNCTH088B,0*46
\s:66,c:1782377234*43\!AIVDM,1,1,,A,15?dOrPuj00lkUQesjoDKCRH00S<,0*22
\s:66,c:1782377254*45\!AIVDM,1,1,,A,15?dOrPvB00lkuKesihTL3S00HCp,0*0D
\s:66,c:1782377343*42\!AIVDM,1,1,,B,15?dOrPu200lmW9esdp4J3T00534,0*16
\s:66,c:1782377364*47\!AIVDM,1,1,,B,15?dOrP3B10ln0?esc`DPSTb0@>2,0*72
\s:66,c:1782377521*40\!AIVDM,1,1,,A,19pM3@3P00vh=TH8Iilf4?v020Ro,0*5C
\s:66,c:1782377522*43\!AIVDM,1,1,,B,36:5?d0PAn7qhV06GUTA:@wn00r@,0*13
\s:66,c:1782377520*41\!AIVDM,1,1,,A,17liVh00008FcG5w@Al7@VAl053@,0*14
\s:66,c:1782377521*40\!AIVDM,1,1,,A,33`f2G?P00PEs;dN37faKwv423`i,0*38
\s:66,c:1782377518*4A\!AIVDM,1,1,,B,13m7Nm00001dD0V`KqttpD6>0<0g,0*14
\s:66,c:1782377521*40\!AIVDM,1,1,,A,13Ipci0vjI`mtiJCTa5Mp;9n880:,0*30
\s:66,c:1782377520*41\!AIVDM,1,1,,B,13Kvnp50001U:3VRMI3ISG`00000,0*52
\s:66,c:1782377523*42\!AIVDM,1,1,,B,13Hvf0?P000=t>JHWTSpN?v600RG,0*61
\s:66,c:1782377524*45\!AIVDM,1,1,,B,16ld3VpP006T<ID<dNFiWgv80KvC,0*35
\s:66,c:1782377524*45\!AIVDM,1,1,,B,3815DuP01g0iwS>EJl:45kD:04TS,0*20
\s:66,c:1782377525*44\!AIVDM,1,1,,B,D04k120@LNfr<`O6D0,4*3E
\s:66,c:1782377525*44\!AIVDM,1,1,,A,19F=i4?P1bP07j>3>4aKcgv60L1c,0*4E
\s:66,c:1782377524*45\!AIVDM,1,1,,A,15?dP;P1QF8ktbDAR?rGT5p40<2w,0*10
\s:66,c:1782377524*45\!AIVDM,1,1,,A,19NSlo@w0`TvK>L<tJh4>3B6053@,0*1D
\s:66,c:1782377525*44\!AIVDM,1,1,,A,B6@P8sh001?g4T3@<=cQ3wQUkP06,0*55
\s:66,c:1782377523*42\!AIVDM,1,1,,A,B39q5C00:`=o3<7lJnp885v00000,0*12
\s:66,c:1782377525*44\!AIVDM,1,1,,B,13daDj30010`os@IIOruJT@80<5L,0*59
\g:1-2-5199835,s:66,c:1782377526*0F\!AIVDM,2,1,5,A,5819BIH2FHBiKL7G3704Q0t0000000000000000U7@q9:IWU0:il`35T,0*05
\g:2-2-5199835*67\!AIVDM,2,2,5,A,P00000000000000,2*41
\s:66,c:1782377526*47\!AIVDM,1,1,,B,339K8iP02a0V6P0NukMrsHh<0000,0*05
\s:66,c:1782377525*44\!AIVDM,1,1,,B,B8HtsI0009o2ToP<g47Q3wlToP06,0*2A
\s:66,c:1782377523*42\!AIVDM,1,1,,B,H3mTjW0hTh`v222222222222220,2*1A
\s:66,c:1782377523*42\!AIVDM,1,1,,A,H3mTjW4N1=30000<;nmjiP0H8320,0*3A
\g:1-2-5199836,s:66,c:1782377526*0C\!AIVDM,2,1,6,B,55?dP;`2GKH;<G?OOJ0E85<mE>184Tp8uN222217A@RC95e1?IhkSQh`,0*7A
\g:2-2-5199836*64\!AIVDM,2,2,6,B,888888888888880,2*21
\s:66,c:1782377527*46\!AIVDM,1,1,,B,13aGte@P00PD@vLMdoqprwv>20S`,0*55
\s:66,c:1782377528*49\!AIVDM,1,1,,B,1815MT@w1pODRGVBhIT8do0<0PS4,0*00
\s:66,c:1782377526*47\!AIVDM,1,1,,B,19NSf5@03=3;3nkh`hRqVoj>00SK,0*15
\s:66,c:1782377528*49\!AIVDM,1,1,,B,18Lg8hP000W=na07MngaQHL20H4j,0*31
\s:66,c:1782377527*46\!AIVDM,1,1,,A,B39q5C00:H=o3E7lJqh885v00000,0*44
\s:66,c:1782377513*16\!AIVDM,1,1,,,KoWK9mpB1WQokPC4,0*2D
\s:66,c:1782377515*10\!AIVDM,1,1,,,Kl`aet0tbN21vPD<,0*65
\s:66,c:1782377517*12\!AIVDM,1,1,,,Km`I@C<=hPPua0Ot,0*1D
\s:66,c:1782377512*17\!AIVDM,1,1,,,Km96Wnh<KA1fA4P0,0*6B
\s:66,c:1782377512*17\!AIVDM,1,1,,,169L1j0P05D31l:GTBr@`Ow:2PSA,0*4A
\s:66,c:1782377516*13\!AIVDM,1,1,,,15N6Ql000OD9jBTOP8f4;kaT053<,0*42
\s:66,c:1782377515*10\!AIVDM,1,1,,,KqFprj0?pePET0ST,0*1F
\s:66,c:1782377513*16\!AIVDM,1,1,,,KqNSWG@3=hPKW65T,0*6D
\s:66,c:1782377517*12\!AIVDM,1,1,,,13P;2h01AlKOT0b9aQP3bS7d08OU,0*60
\s:66,c:1782377513*16\!AIVDM,1,1,,,KsDjt92=;<g7S0DP,0*13
\s:66,c:1782377513*16\!AIVDM,1,1,,,KqFprj0?pePET0ST,0*1F
\s:66,c:1782377516*13\!AIVDM,1,1,,,KpSK6m=D0310UPOt,0*5A
\s:66,c:1782377516*13\!AIVDM,1,1,,,K6:MVL1DH2QqoP7@,0*10
\s:66,c:1782377507*13\!AIVDM,1,1,,,KqNS>Rh2n8?b1afl,0*27
\s:66,c:1782377507*13\!AIVDM,1,1,,,I9aj2Q20eU6H9B4j0OdbS4KeT9Ee,0*6B
\s:66,c:1782377517*12\!AIVDM,1,1,,,177Um;001B3mLG7jQKmAt1Wf00SL,0*73
\s:66,c:1782377504*10\!AIVDM,1,1,,,KmMwpL=M<AjRa0Ot,0*18
\s:66,c:1782377506*12\!AIVDM,1,1,,,KmNGed`=Av2v20?d,0*3E
\s:66,c:1782377506*12\!AIVDM,1,1,,,KmMf921M4>1rD0?8,0*27
\s:66,c:1782377511*14\!AIVDM,1,1,,,KqNWu9P>02AowVg4,0*38
\s:66,c:1782377517*12\!AIVDM,1,1,,,KmMf921M4>1rD0?8,0*27
\s:66,c:1782377512*17\!AIVDM,1,1,,,Kl2ODSL0wqRg00Bt,0*53
\s:66,c:1782377515*47\!AIVDM,1,1,,A,B3n:QfP07p6VhI`Lb;aDKwsUoP06,0*21
\s:66,c:1782377511*43\!AIVDM,1,1,,B,4055DQAvad`kkWAtq61uROg0253<,0*45
\s:66,c:1782377512*40\!AIVDM,1,1,,A,33mugO0003PioiRQp>qLA:C`0000,0*02
\s:66,c:1782377515*47\!AIVDM,1,1,,A,13EehcgP0?whb>DDROoRWOwd2000,0*5D
\s:66,c:1782377519*4B\!AIVDM,1,1,,A,13mugO0P@1PioidQp>qjFb9n0<15,0*21
\s:66,c:1782377519*4B\!AIVDM,1,1,,A,13co5:3P0fP`mGdIIdeTJwv020SQ,0*42
\s:66,c:1782377517*45\!AIVDM,1,1,,A,14b<2r001I`jI0PCRJ@0005h2@QD,0*77
\s:66,c:1782377517*45\!AIVDM,1,1,,,13Il7U002:8;lgF878dQkAMf0000,0*67
\s:66,c:1782377519*4B\!AIVDM,1,1,,A,13s<hMgP00wGI:vEellP0?wl28RO,0*3F
\s:66,c:1782377518*4A\!AIVDM,1,1,,A,13m6lu0?4h0HtRtQjLr5UDSj053<,0*0D
\s:66,c:1782377518*4A\!AIVDM,1,1,,A,35O?HFP03wG?uAFEWmEP2P3p0000,0*3B
\s:66,c:1782377519*4B\!AIVDM,1,1,,B,28S`Ib80007b:U@5tUbbLCan2HRN,0*37
\s:66,c:1782377521*40\!AIVDM,1,1,,A,19N`2oi0010dhT<1S329uIIn0D0`,0*34
\s:66,c:1782377521*40\!AIVDM,1,1,,,13Il7U002:8;lj28790ikQMl0000,0*69
\s:66,c:1782377518*4A\!AIVDM,1,1,,A,1:U8vVP000Lr<6kjrOEmSFon0L1s,0*0A
\s:66,c:1782377514*46\!AIVDM,1,1,,A,13cpuN0P000qAA6Eh5OU8?wd0@On,0*5C
\s:66,c:1782377370*42\!AIVDM,1,1,,A,14`V0;POiP0j6qKeaSKDKkdl0@AH,0*67
\s:66,c:1782377392*4E\!AIVDM,1,1,,A,14`V0;P01P0j7=AeaRNlMkeP0D06,0*1B
\g:1-2-5199837,s:66,c:1782377520*0B\!AIVDM,2,1,7,B,538Eih02>rN3D917F21LD>1H4r0ET<f222222217@8=7>5dS0>QDhRCp,0*7C
\g:2-2-5199837*65\!AIVDM,2,2,7,B,888888888888880,2*20
\s:66,c:1782377518*4A\!AIVDM,1,1,,A,160lj<@w1oWF=lH10;NsMq;d08RB,0*36
\g:1-2-5199838,s:66,c:1782377519*0E\!AIVDM,2,1,8,A,55?2kn82D`A8S=aD000Lm>1<P4l4j3GK3400001S18g=C5F=W<UCCH35,0*09
\g:2-2-5199838*6A\!AIVDM,2,2,8,A,C5H5j58;L<h0000,2*53
\s:66,c:1782377520*41\!AIVDM,1,1,,A,36UMPd51h1a=Tc:D47dP02Mj2RqQ,0*15
\s:66,c:1782377521*40\!AIVDM,1,1,,A,13mSmG7P00Qo9Rp`WVo>4?v020Rk,0*34
\s:66,c:1782377522*43\!AIVDM,1,1,,A,15O?HFP040o?uANEWnM01h20053@,0*3E
\s:66,c:1782377522*43\!AIVDM,1,1,,B,133vlvPOi7PCthhMDu?ms4od0D6P,0*2E
\s:66,c:1782377522*43\!AIVDM,1,1,,A,15Bb@F0P00rB?Kb5F3wv4?v4281R,0*23
\s:66,c:1782377520*41\!AIVDM,1,1,,B,177UOd0w1l1RfCed7HOJ2p;f0<0E,0*2B
\s:66,c:1782377521*40\!AIVDM,1,1,,A,19NSW4h02WN?DVwg2N2ClBt00<01,0*74
\s:66,c:1782377522*43\!AIVDM,1,1,,A,1:U7;D`P00Ld5sGjAa0h>gv0053@,0*52
\g:1-2-5199839,s:66,c:1782377515*03\!AIVDM,2,1,9,B,539MOj`00000@S;COP0m?73T000000000000001?8h@64ur1:015BDhU,0*41
\g:2-2-5199839*6B\!AIVDM,2,2,9,B,DQh000000000000,2*63
\s:66,c:1782377515*47\!AIVDM,1,1,,B,1815Pdh01iIWN?t@FD<=CbWh0<0J,0*2C
\s:66,c:1782377518*4A\!AIVDM,1,1,,A,13aGG3@P00PJ6DlN?CH@0?wl253<,0*44
\s:66,c:1782377521*40\!AIVDM,1,1,,A,33P<JtC0040=MODN96Btdhv204wk,0*6F
\s:66,c:1782377518*4A\!AIVDM,1,1,,A,16:5?90P3l8MJshF3KRa`wwj08Qg,0*0A
\s:66,c:1782377522*43\!AIVDM,1,1,,B,19NSKHPwj>7?Cp81QsJ4VCcn0<3f,0*6F
\s:66,c:1782377520*41\!AIVDM,1,1,,A,13mWQ>7000PuugBVtma`C6Oj0PS?,0*11
\g:1-2-5199840,s:66,c:1782377524*0F\!AIVDM,2,1,0,A,55?2kn82D`A8S=aD000Lm>1<P4l4j3GK3400001S18g=C5F=W<UCCH35,0*01
\g:2-2-5199840*65\!AIVDM,2,2,0,A,C5H5j58;L<h0000,2*5B
\s:66,c:1782377525*44\!AIVDM,1,1,,B,133cc`0P00PCiUjMG9Ibkwv:253@,0*6D
\s:66,c:1782377524*45\!AIVDM,1,1,,B,148G7m0000QPm=tOnIp2F:P2053@,0*62
\s:66,c:1782377520*41\!AIVDM,1,1,,A,33MAWPh01>KW;kH7M6W1f1Op0000,0*3C
\s:66,c:1782377525*44\!AIVDM,1,1,,B,17tChThPA2WOKpd0qf>r;ot:0@2V,0*41
\s:66,c:1782377523*42\!AIVDM,1,1,,B,13m6lu0sTj0HtmlQjKG5Q4R6053@,0*60
\s:66,c:1782377524*45\!AIVDM,1,1,,A,19@>jg@P00StU58>VF1f4?v82<hN,0*26
\s:66,c:1782377524*45\!AIVDM,1,1,,B,19A>kBhP00RCp3rApcALD?v82H2n,0*2F
\s:66,c:1782377521*40\!AIVDM,1,1,,A,4055DQAvad`l1WAtq61uROg020S:,0*78
\g:1-2-5199841,s:66,c:1782377523*09\!AIVDM,2,1,1,A,59NSKH`2DuQHCDhSJ20m<>0`4@F2222222222217BCuTG5doNM4iljC`,0*13
\g:2-2-5199841*64\!AIVDM,2,2,1,A,888888888888880,2*25
\s:66,c:1782377523*42\!AIVDM,1,1,,A,B5NunIP005oSbr4pigf59bv00000,0*00
\s:66,c:1782377526*47\!AIVDM,1,1,,A,13caoOgP0OPds`LI9BCsbwv:283P,0*17
\s:66,c:1782377526*47\!AIVDM,1,1,,A,403t>UQuJl`l5`j0@hATunW0083Q,0*24
\s:66,c:1782377527*46\!AIVDM,1,1,,A,13Il7U002:8;lm`879KAlQL4082?,0*75
\s:66,c:1782377527*46\!AIVDM,1,1,,B,19N`2oi0010dhT<1S349uIH8053@,0*34
\s:66,c:1782377527*46\!AIVDM,1,1,,A,19ACI5c0002D2a@Ao@1h:h@:053@,0*0F
\s:66,c:1782377527*46\!AIVDM,1,1,,B,142OeCP2A3QvLldGIfA:N`L<0<3@,0*3A
\s:66,c:1782377528*49\!AIVDM,1,1,,B,39t6V15001`gB1<A>qKU`5R20Dg:,0*4A
\s:66,c:1782377505*11\!AIVDM,1,1,,,K5AnoB02T=g:G5St,0*78
\s:66,c:1782377507*13\!AIVDM,1,1,,,KmRpUN0ABQNQr02P,0*25
\s:66,c:1782377515*10\!AIVDM,1,1,,,Kp19@0PMGMC1gP6d,0*24
\s:66,c:1782377517*12\!AIVDM,1,1,,,19NSGm8OiGJQP025aEKhQPUc053<,0*47
\s:66,c:1782377502*16\!AIVDM,1,1,,,Kk9eS=d0A33e1TlH,0*44
\s:66,c:1782377516*44\!AIVDM,1,1,,B,169CdB30@0`@3c@;KWVm72mf053<,0*25
\s:66,c:1782377517*45\!AIVDM,1,1,,B,13Ehuk0P0BwhrpHDRjUCCgwh2<0C,0*7F
\s:66,c:1782377516*44\!AIVDM,1,1,,A,138tFP001PPK@PvQHRgt79of0<0R,0*53
\s:66,c:1782377514*46\!AIVDM,1,1,,B,13aHEN@P00PEJurMw5r>4?wd20SG,0*00
\s:66,c:1782377514*46\!AIVDM,1,1,,B,15?dVc00221cFE>DOnr8Mneb0U3<,0*41
\s:66,c:1782377519*4B\!AIVDM,1,1,,A,39NSVN@qiI`jF=FA2`1Ksq?j0Pu0,0*14
\s:66,c:1782377521*40\!AIVDM,1,1,,A,1qNSA@h02J2mLLUuG6KPvPmj0P00,0*0E
\s:66,c:1782377520*41\!AIVDM,1,1,,B,1:kJPS0001ri5jAbkwR8wPEn00T1,0*75
\s:66,c:1782377519*4B\!AIVDM,1,1,,A,B3?sn9P0:`31`IUanNIm5MM5oP06,0*54
\s:66,c:1782377521*40\!AIVDM,1,1,,A,18KEU0002O7VPbr2a7?A`iH00H0i,0*52
\s:66,c:1782377511*43\!AIVDM,1,1,,B,16K2mcP0009jKBHD31PMEJaR0D2m,0*6B
\s:66,c:1782377514*46\!AIVDM,1,1,,B,402Q:dQvad`kmR2lpNI4<qo00PS:,0*0C
\s:66,c:1782377520*41\!AIVDM,1,1,,A,19NSi3@000R5wvPGG`2Rbj1n00So,0*44
\s:66,c:1782377520*41\!AIVDM,1,1,,A,139GLJ00000eMrHN`49=j2Up080H,0*6D
\s:66,c:1782377518*4A\!AIVDM,1,1,,B,D02A`vPKHNfpGLO6D0,4*3D
\s:66,c:1782377519*4B\!AIVDM,1,1,,A,169`TTP00789o>t<a0L0077l20S9,0*1E
\s:66,c:1782377521*40\!AIVDM,1,1,,A,15StID01AMNiO`>=9c0@iPk@00Rj,0*0E
\s:66,c:1782377521*40\!AIVDM,1,1,,A,33o;Q>00000hH=vR;Wtod`qp0000,0*66
\s:66,c:1782377522*43\!AIVDM,1,1,,B,38155Oh01`Nlla2:E0@UaDL402gA,0*67
\g:1-2-5199842,s:66,c:1782377200*0C\!AIVDM,2,1,2,B,56SlAR0000000000000@4F0@tpN38000000000000000040000000000,0*3C
\g:2-2-5199842*67\!AIVDM,2,2,2,B,000000000000000,2*25
\s:66,c:1782377518*4A\!AIVDM,1,1,,B,139T;J002=0rsW4O>KU2oBEj00Rl,0*07
\s:66,c:1782377519*4B\!AIVDM,1,1,,,B5O<4w00@WR7SPUK`vq>owuQh000,0*72
\s:66,c:1782377520*41\!AIVDM,1,1,,B,13cs6v0wC01B4>FGI?t<59gl0H0H,0*02
\s:66,c:1782377522*43\!AIVDM,1,1,,A,19N`2Ih000JA?oV>rlH7A2j0081O,0*2E
\s:66,c:1782377518*4A\!AIVDM,1,1,,A,13P;gtG000ww4LNM5Frohk7j0<0K,0*17
\s:66,c:1782377523*42\!AIVDM,1,1,,A,19pERj7P00vh=MV8IcEv4?v4253@,0*60
\s:66,c:1782377520*41\!AIVDM,1,1,,A,402FhOAvad`l00r;9@Gpsto00H01,0*69
\s:66,c:1782377523*42\!AIVDM,1,1,,A,34`Uwem000rQrClFKwKlqpBv0DnJ,0*1D
\s:66,c:1782377525*44\!AIVDM,1,1,,A,19NSdLPuB0M6J1IkBSl2=il60D1L,0*26
\s:66,c:1782377519*4B\!AIVDM,1,1,,A,18VM8400013SHBP@?auKrbP008Ru,0*7C
\s:66,c:1782377522*43\!AIVDM,1,1,,B,14`V1v001t7Qqg81mr4pN6f0053@,0*6E
\s:66,c:1782377525*44\!AIVDM,1,1,,A,15?dM:h01bRB6:4D1aP806J80@2t,0*13
\s:66,c:1782377524*45\!AIVDM,1,1,,A,18:qhw001n`os1p655VG1EV80000,0*24
\s:66,c:1782377522*43\!AIVDM,1,1,,A,339bOD0OhnPekV8N`QmCq3840000,0*20
\s:66,c:1782377525*44\!AIVDM,1,1,,A,1:182j000=0`keJIJGicNl::0@3H,0*02
\s:66,c:1782377520*41\!AIVDM,1,1,,A,339GLJ00000eMrFN`48ujRUp0000,0*38
\s:66,c:1782377521*40\!AIVDM,1,1,,A,16K2mcP0009jKBPD31Q=EJ`00@0h,0*61
\s:66,c:1782377525*44\!AIVDM,1,1,,B,B7ldcU@009rI2Ww8UtIQcwRWkP06,0*13
\g:1-2-5199843,s:66,c:1782377520*08\!AIVDM,2,1,3,A,55MvHmT00001L@;WC7I8u<58Tt0000000000000O0h=420000I0CP@kl,0*5D
\g:2-2-5199843*66\!AIVDM,2,2,3,A,U1Dh00000000000,2*6F
\s:66,c:1782377525*44\!AIVDM,1,1,,A,33eNGD5000Qd9=fEeCRQ6PT68ldr,0*7A
\s:66,c:1782377527*46\!AIVDM,1,1,,B,18I>>q0wR=Ov3C<O=Edt8qd:082N,0*0D
\s:66,c:1782377524*45\!AIVDM,1,1,,,B5O<4w00=GR7T<UK`s5OGwR1h000,0*2B
\s:66,c:1782377483*49\!AIVDM,1,1,,A,16SlAR000U92GI@E<<wDnSJgrH=k,0*27
\s:66,c:1782377453*44\!AIVDM,1,1,,B,36SlAR000D92GBTE<=Lls3Ccr2pA,0*57
\s:66,c:1782377311*45\!AIVDM,1,1,,B,H52JMli9Dm9DppE:0TT00000000,2*48
\s:66,c:1782377311*45\!AIVDM,1,1,,B,H52JMllUC=D4tnJ00000001@2310,0*27
\s:66,c:1782377526*47\!AIVDM,1,1,,A,17m@<6001i8kwH>A1tw@Q0P>0H3q,0*0B
\s:66,c:1782377520*41\!AIVDM,1,1,,B,13:edJ001EwW8>>DcAk@<0220<4n,0*2D
\s:66,c:1782377524*45\!AIVDM,1,1,,A,177967002b7sGbT9@GlPghN8082U,0*5E
\s:66,c:1782377525*44\!AIVDM,1,1,,A,35`5>R5000PD=7pMdRR37A:00E0:,0*6B
\g:1-2-5199844,s:66,c:1782377523*0C\!AIVDM,2,1,4,A,56K=wT82Ge>gLe0J220UA=DeE<PTl6222222221J7a93=5bG0>wPEH4n,0*0E
\g:2-2-5199844*61\!AIVDM,2,2,4,A,A88888888888880,2*59
\s:66,c:1782377523*42\!AIVDM,1,1,,B,B3`dcD00<pGn=N5OgjMoqN1Pt000,0*2E
\s:66,c:1782377526*47\!AIVDM,1,1,,A,339qrP00000ec1tNW9@`DVcp0000,0*3E
\s:66,c:1782377527*46\!AIVDM,1,1,,B,38155Oh01`Nlla2:E0@UaDL402gA,0*67
\s:66,c:1782377528*49\!AIVDM,1,1,,B,18KEU0002O7VPiR2a89ib1H>0@4c,0*09
\s:66,c:1782377523*42\!AIVDM,1,1,,B,13mmKM7P001nquJ`WFg>4?v4081T,0*5B
\s:66,c:1782377526*47\!AIVDM,1,1,,B,3340RgUP00PCI9FME6F7iOv:2E9:,0*65
\s:66,c:1782377522*43\!AIVDM,1,1,,A,339W;G4P00PNkahMN5T`R?v603E3,0*76
\s:66,c:1782377520*41\!AIVDM,1,1,,A,13a<oJ0P@F0MHsRNauFSa2p60D4@,0*74
\s:66,c:1782377521*40\!AIVDM,1,1,,A,17Ok<vP000:l<G;dWvto?min0H0U,0*2E
\s:66,c:1782377527*46\!AIVDM,1,1,,B,34d79l100024MU>GLCud?QSn0DLr,0*45
\s:66,c:1782377527*46\!AIVDM,1,1,,A,19NSV;PP1j0rG=pOF94qV?v80@2C,0*1E
\s:66,c:1782377505*11\!AIVDM,1,1,,,13fD@R0v1q3ECWoi<=WqLGU>0D05,0*01
\s:66,c:1782377511*14\!AIVDM,1,1,,,KmRO4b1M3rQpt0;<,0*55
\s:66,c:1782377518*1D\!AIVDM,1,1,,,Kp15OMt>L72w?UB@,0*46
\s:66,c:1782377518*1D\!AIVDM,1,1,,,KmO=p6QM<PjojPAT,0*2F
\s:66,c:1782377502*16\!AIVDM,1,1,,,Kkku;Sh?aL3@<W2T,0*35
\s:66,c:1782377519*1C\!AIVDM,1,1,,,Kn:6=a0D921`C09T,0*22
\s:66,c:1782377516*44\!AIVDM,1,1,,A,16K;;p001VNj3cP;n0rHJ6kd0L3n,0*54
\g:1-2-5199845,s:66,c:1782377513*0E\!AIVDM,2,1,5,B,53m;iL42>WVTh5=;R2099DH`Dhj2222222222216:P6685dd0:A1@RiH,0*31
\g:2-2-5199845*60\!AIVDM,2,2,5,B,888888888888880,2*22
\s:66,c:1782377517*45\!AIVDM,1,1,,B,15VL7v0001SPdud?mLqLOrEl2<8M,0*41
\s:66,c:1782377518*4A\!AIVDM,1,1,,B,19NSOLP00ELti?Kji=sBN3;H00RQ,0*01
\s:66,c:1782377512*40\!AIVDM,1,1,,B,H3`e>GDTCBD:<2u@4Ppppl1P0400,0*6B
\s:66,c:1782377514*46\!AIVDM,1,1,,B,33IR7?700`ONfP6KOwjkKRgb0170,0*08
\s:66,c:1782377520*41\!AIVDM,1,1,,B,33fD@R03iq3ECDMi<<HIHWWl00vP,0*58
\s:66,c:1782377521*40\!AIVDM,1,1,,A,403vdI1vad`ks5eO5D3uwsw0280S,0*72
\s:66,c:1782377513*41\!AIVDM,1,1,,A,33l90Eh01;12dNHDOgjaC7cp0000,0*35
\s:66,c:1782377518*4A\!AIVDM,1,1,,A,13@r;J001FwWI>:DVQPIwH6L0d3r,0*77
\s:66,c:1782377521*40\!AIVDM,1,1,,B,16;`0N001o8fFptApHSkv39n0D>D,0*18
\s:66,c:1782377519*4B\!AIVDM,1,1,,A,18Hvnc0P02WK6It0eIQdIwwn0DA9,0*6B
\s:66,c:1782377512*40\!AIVDM,1,1,,B,13l3ta001l8cr24B0rQ5NTG`08Of,0*67
\s:66,c:1782377520*41\!AIVDM,1,1,,A,D030ot2<Thfp1=N9H1mN9H2MN9H,2*7C
\s:66,c:1782377519*4B\!AIVDM,1,1,,B,16:5KT0P16`fcJPA0pF84gwj2Dm?,0*3F
\s:66,c:1782377519*4B\!AIVDM,1,1,,A,15WOPN00003tgE2>N4HJQHgn0`R`,0*47
\s:66,c:1782377513*41\!AIVDM,1,1,,A,13m;iL001L0PAGdNk8iRw2Eb0D6f,0*48
\s:66,c:1782377521*40\!AIVDM,1,1,,A,17ldT`HP01WaWRwtPls:66,0*21
\s:66,c:1782377521*40\!AIVDM,1,1,,A,33@p3d00000nVi6O>O?p5VOp0000,0*3B
\s:66,c:1782377522*43\!AIVDM,1,1,,B,19NSO`0v1SLce0Ij=@Q0R0J0053@,0*10
\s:66,c:1782377521*40\!AIVDM,1,1,,B,15NNARP01;Jg0dBGJiJRQj040L39,0*56
\s:66,c:1782377522*43\!AIVDM,1,1,,A,B6:LuU00FJ;b1eTHM64v?wP42000,0*0E
\s:66,c:1782377520*41\!AIVDM,1,1,,A,19NSC4sP007JKNR0fh=I2Ov00@0L,0*30
\g:1-2-5199846,s:66,c:1782377521*0C\!AIVDM,2,1,6,A,59NSC4p2C300CD4c>20I8ET`62222222222222032q@uH4Mo0JDjCQhD,0*6E
\g:2-2-5199846*63\!AIVDM,2,2,6,A,3lQH88888888888,2*6C
\s:66,c:1782377520*41\!AIVDM,1,1,,A,13udt4001BQAghrQrKLcl9JD0pPM,0*2A
\s:66,c:1782377517*45\!AIVDM,1,1,,A,B3uBJp0008>`39`6T3L000N00000,0*35
\s:66,c:1782377519*4B\!AIVDM,1,1,,A,139RBAW00LPJIc>OQe;@6PCl0d43,0*43
\s:66,c:1782377520*41\!AIVDM,1,1,,B,13EitES00TP3If<G1783L2l00<2K,0*50
\g:1-2-5199847,s:66,c:1782377520*0C\!AIVDM,2,1,7,A,54QvuL82E;0EK8M?B21<htl4r0PE=@T62222221@?`D<;5eA0?35`5SU,0*5A
\g:2-2-5199847*62\!AIVDM,2,2,7,A,8?`3Sp3Ck`88880,2*2F
\s:66,c:1782377519*4B\!AIVDM,1,1,,A,ENkb;1O80h@@@@@@@@@@@@@@@@@;UHHj=jo2000003vP000,2*58
\s:66,c:1782377522*43\!AIVDM,1,1,,B,169@nGPP008foQ4A:eIv4?wV2l3v,0*36
\s:66,c:1782377514*46\!AIVDM,1,1,,A,16:LHD001I`dVm6Au4o4bkc`20Sa,0*4B
\s:66,c:1782377518*4A\!AIVDM,1,1,,A,B3mODd0000R2A9b1RjOQ3wtUkP06,0*60
\s:66,c:1782377522*43\!AIVDM,1,1,,A,39NSJ1Q0007Krsp0fO0:PRH00000,0*4F
\s:66,c:1782377523*42\!AIVDM,1,1,,B,139a72001gPeO9DN`QJe9rN600Ra,0*7B
\s:66,c:1782377523*42\!AIVDM,1,1,,A,18I<L3002FrWOpLE3DGJO`Gn0D2`,0*18
\s:66,c:1782377523*42\!AIVDM,1,1,,B,1:kJSc`000JiEbabwQKpJP460<0m,0*3C
\s:66,c:1782377521*40\!AIVDM,1,1,,A,B3uBJp0008>`39`6T3L000N00000,0*35
\s:66,c:1782377524*45\!AIVDM,1,1,,A,37Om2IU000blE>SjG>jf40:62D`r,0*4B
\s:66,c:1782377520*41\!AIVDM,1,1,,B,B3d4bEP0A@;LTB68oCU=?wP1h000,0*18
\s:66,c:1782377523*42\!AIVDM,1,1,,A,13n4rg`000QdFgJ`KwH36Ap4081v,0*3E
\s:66,c:1782377521*40\!AIVDM,1,1,,A,33m9av00150tg4dV?M3he0Wp0000,0*1F
\s:66,c:1782377525*44\!AIVDM,1,1,,A,33fD@R0siq3EC?Ai<<5IN7T601gh,0*06
\s:66,c:1782377524*45\!AIVDM,1,1,,B,144nVC7t@WNgnrJ;H<5E2Cn600Rc,0*63
\s:66,c:1782377521*40\!AIVDM,1,1,,A,17lccKOP1hWL9AH0jo6m`gv020SD,0*50
\s:66,c:1782377521*40\!AIVDM,1,1,,A,B39dKn000WuNrLW7@ntIcwP5kP06,0*72
\s:66,c:1782377526*47\!AIVDM,1,1,,B,16:7NsP01m`QN22F<Srri8R60H3;,0*3D
\s:66,c:1782377526*47\!AIVDM,1,1,,B,169L1n9P008gS<`A9I8f4?wh2h3h,0*4B
\s:66,c:1782377520*41\!AIVDM,1,1,,B,H3d4bETTC=D5k9`9:lqpm010722t,0*65
\s:66,c:1782377523*42\!AIVDM,1,1,,A,13l90Eh01<Q2dFhDOgDIEob62D2K,0*68
\s:66,c:1782377526*47\!AIVDM,1,1,,A,13m7uEW0000uvk@Vtiukl3T:053@,0*23
\s:66,c:1782377523*42\!AIVDM,1,1,,A,339a72001f0eO9DN`QJM:bOp0000,0*54
\s:66,c:1782377525*44\!AIVDM,1,1,,B,18I;840wj8wqCF>LgvSquor8053@,0*23
\s:66,c:1782377521*40\!AIVDM,1,1,,A,B3INB`00<Ow>qFUIADp1p7N00000,0*1E
\s:66,c:1782377527*46\!AIVDM,1,1,,B,139a72001gPeO9DN`QJe9rN600Ra,0*7B
\s:66,c:1782377524*45\!AIVDM,1,1,,B,D03t=MPB4Nfp00N000,4*62
\s:66,c:1782377528*49\!AIVDM,1,1,,B,18I<L3002FrWOfpE3DErOHF:0@4i,0*7D
\s:66,c:1782377520*41\!AIVDM,1,1,,A,4030ot1vad`l0rEN68HcjiG000S:,0*05
\s:66,c:1782377528*49\!AIVDM,1,1,,B,38Hvnc0P01WK6In0eIR<tgv@035Q,0*41
\s:66,c:1782377526*47\!AIVDM,1,1,,A,B3uBJp0008>`39`6T3L000N00000,0*35
\g:1-2-5199848,s:66,c:1782377527*04\!AIVDM,2,1,8,A,59NSC4p2C300CD4c>20I8ET`62222222222222032q@uH4Mo0JDjCQhD,0*60
\g:2-2-5199848*6D\!AIVDM,2,2,8,A,3lQH88888888888,2*62
\s:66,c:1782377527*46\!AIVDM,1,1,,A,15VL7v0001SPduV?mLrcQrD>2<8M,0*11
\g:1-2-5199849,s:66,c:1782377528*0A\!AIVDM,2,1,9,A,59NSjtT2CQESDhtGN20lttr1=@5:22222222221@BHTH85bB0DiDhPk`,0*5F
\g:2-2-5199849*6C\!AIVDM,2,2,9,A,888888888888880,2*2D
\s:66,c:1782377513*16\!AIVDM,1,1,,,KpHuOk0?hTP=o7W8,0*2C
\s:66,c:1782377517*12\!AIVDM,1,1,,,Kkl3p3AM?1@hM0>h,0*5A
\s:66,c:1782377513*16\!AIVDM,1,1,,,KpHuOk0?hTP=o7W8,0*2C
\s:66,c:1782377517*12\!AIVDM,1,1,,,15V<oJ0P050oNR1sPS3P@gwf0@Om,0*4C
\s:66,c:1782377512*17\!AIVDM,1,1,,,KpHuOk0?hTP=o7W8,0*2C
\s:66,c:1782377513*16\!AIVDM,1,1,,,KoOeC?QDARvO>0?t,0*6F
\s:66,c:1782377519*1C\!AIVDM,1,1,,,Kom:2pdCnlOV<P2<,0*08
\s:66,c:1782377505*11\!AIVDM,1,1,,,15BQ:D00203r=Cqk4M>2EQu@0L04,0*05
\s:66,c:1782377517*12\!AIVDM,1,1,,,KmMvtP9Lb?j>7ShT,0*7A
\s:66,c:1782377518*4A\!AIVDM,1,1,,B,H5OAl64T>F36f?GG4@khok0h8440,0*6B
\s:66,c:1782377519*4B\!AIVDM,1,1,,A,14`FWB01AaPN1jFNii52qjGj00SH,0*56
\s:66,c:1782377514*46\!AIVDM,1,1,,,13b5PJ5002PEF7HN1e5@FDkN053<,0*41
\s:66,c:1782377520*41\!AIVDM,1,1,,A,16:?wU0P0o8WBhjDWJObWwv42hRn,0*66
\s:66,c:1782377518*4A\!AIVDM,1,1,,B,B39KRjP0>@6WveV:bNlacwtQh53<,0*5C
\s:66,c:1782377519*4B\!AIVDM,1,1,,B,B6:dDe@0<B1w8A3A6MO2VKu7QP06,0*33
\s:66,c:1782377518*4A\!AIVDM,1,1,,B,18;PH5?P02`ah7J8ETJ4ogwj2HQw,0*5D
\s:66,c:1782377512*40\!AIVDM,1,1,,B,13iW@L3001P;KGBMO61LuFi<053<,0*17
\s:66,c:1782377520*41\!AIVDM,1,1,,A,B85R11P08IneKUP;R;>B7wP7GP06,0*77
\s:66,c:1782377521*40\!AIVDM,1,1,,B,13aOBePOhbP@M2lMSGBL1IWj080N,0*5C
\s:66,c:1782377516*44\!AIVDM,1,1,,A,13m6hg0000PJB<FQgWDo;Uwj2D1P,0*7C
\s:66,c:1782377520*41\!AIVDM,1,1,,B,13aEP;?P0bPHO?<NFBC6l?wn20SW,0*72
\s:66,c:1782377520*41\!AIVDM,1,1,,A,13JC@:0P0TwgCCJK7hHqg7h20000,0*2E
\s:66,c:1782377518*4A\!AIVDM,1,1,,A,H3dPgwPDhDp60T0000000000000,2*51
\s:66,c:1782377519*4B\!AIVDM,1,1,,A,H3dPgwTN02p1>1Eq8mhnp00p<230,0*45
\s:66,c:1782377519*4B\!AIVDM,1,1,,B,14SiAn001HP1m3FLnfKRr2Gn2@Rs,0*52
\s:66,c:1782377521*40\!AIVDM,1,1,,A,16:QwfPP008;2rl<rVkv4?wT2l0v,0*41
\s:66,c:1782377517*45\!AIVDM,1,1,,B,16QgbK0P222OH<2@kem2wgwj253<,0*72
\s:66,c:1782377521*40\!AIVDM,1,1,,B,17ljNO8P02`GPI1w>PB3fOv028RQ,0*4F
\s:66,c:1782377522*43\!AIVDM,1,1,,A,15AA5D001T1Amu1det0dq:D00D1E,0*71
\s:66,c:1782377522*43\!AIVDM,1,1,,B,176voK01Ai2uh>ugNb89b7d40<00,0*49
\s:66,c:1782377521*40\!AIVDM,1,1,,A,H69DKtA`PD@4UUG77OWR2222220,2*64
\s:66,c:1782377239*4E\!AIVDM,1,1,,A,H69DKtDN6DejjhoPPPPPPP2HC43H,0*26
\s:66,c:1782377522*43\!AIVDM,1,1,,A,B8I00RP06AnWanP;JMQSWwPTkP06,0*11
\s:66,c:1782377522*43\!AIVDM,1,1,,A,869DKtAW@bf?2oaqV;5fqL84210P@84200,4*5C
\s:66,c:1782377520*41\!AIVDM,1,1,,A,33HdnFh=@00000000000001p0000,0*46
\s:66,c:1782377253*42\!AIVDM,1,1,,A,B6<fsVP06r8GhES>3nEugwgUoP06,0*40
\s:66,c:1782374830*4E\!AIVDM,1,1,,A,H6<fsVP@F0hV0H6222222222220,2*31
\s:66,c:1782377363*40\!AIVDM,1,1,,B,H6<fsVTNC=D6Bc;0000000000000,0*18
\s:66,c:1782377518*4A\!AIVDM,1,1,,A,13m8HwP0001Ft4vWoeg1oQWl053<,0*6B
\s:66,c:1782377516*44\!AIVDM,1,1,,B,19NSQUh002OWJUpDbm;7<9OT0@Mn,0*13
\s:66,c:1782377182*4D\!AIVDM,1,1,,A,B00FpnP01284stS;L3tb3wP4SP06,0*70
\s:66,c:1782377522*43\!AIVDM,1,1,,,13b5PJ5002PEF7HN1e5h`Tkf053@,0*0B
\s:66,c:1782377521*40\!AIVDM,1,1,,A,D02IP?2<Tffp,0*6C
\s:66,c:1782377523*42\!AIVDM,1,1,,A,B7lulq000:5`t2wldQP@?wQ2T<5h,0*6E
\s:66,c:1782377521*40\!AIVDM,1,1,,A,13HdnFwP?w<tSF0l4Q@>4?wv0000,0*5F
\s:66,c:1782377521*40\!AIVDM,1,1,,A,403siOivad`l08K<3fFCEQ?0053@,0*10
\s:66,c:1782377521*40\!AIVDM,1,1,,A,402IP?1vad`l0N@Op`UO26o00@0V,0*4E
\s:66,c:1782377520*41\!AIVDM,1,1,,B,17lod6hP00WKkO@0TsgFLgwn2<<T,0*50
\s:66,c:1782377525*44\!AIVDM,1,1,,A,14a@mn001K9=`jnD1O?MHJV4053@,0*45
\s:66,c:1782377522*43\!AIVDM,1,1,,A,H40adEQ1Thu<000000000000000,2*0D
\s:66,c:1782377522*43\!AIVDM,1,1,,B,H40adETUCBD5j0082Impqp0h6310,0*31
\s:66,c:1782377520*41\!AIVDM,1,1,,B,14QhcH000PGT2?rBf7BtWawn0801,0*3D
\s:66,c:1782377525*44\!AIVDM,1,1,,B,15NO;lPP00I<nSPA1;q>4?v:2<3b,0*73
\s:66,c:1782377521*40\!AIVDM,1,1,,B,15ApdN001I7?PSf1WJN0<@0000RL,0*1F
\s:66,c:1782377525*44\!AIVDM,1,1,,B,403siOivad`l48K<3jFCER?0053@,0*18
\g:1-2-5199850,s:66,c:1782377521*0B\!AIVDM,2,1,0,A,802`m500Ghb<j1cjL3:<gwvlFR06Eu@1gqtOwnSwe7wvlO00KAwwnSC8,0*38
\g:2-2-5199850*64\!AIVDM,2,2,0,A,wvh0,0*4F
\s:66,c:1782377526*47\!AIVDM,1,1,,A,401uEQ1vad`l50Cl=>MEqDw02D;t,0*56
\s:66,c:1782377527*46\!AIVDM,1,1,,A,B8I00RP06AnWanP;JMQSWwPTkP06,0*11
\s:66,c:1782377527*46\!AIVDM,1,1,,A,13iW@L3001P;KG@MO61<aFiP053@,0*62
\s:66,c:1782377513*16\!AIVDM,1,1,,,KlbMsL5?O5hgRP5h,0*70
\s:66,c:1782377514*11\!AIVDM,1,1,,,15NR:k0P01lg7?8QC<pubOw`2<0D,0*1F
\s:66,c:1782377514*11\!AIVDM,1,1,,,Ko7P;M0><fh6aT?<,0*6E
\s:66,c:1782377515*10\!AIVDM,1,1,,,388ep3POh4ER11iockgne49T0000,0*1D
\s:66,c:1782377513*16\!AIVDM,1,1,,,15@2qJ001>3I<>GiP:;iWQ=`053<,0*1A
\s:66,c:1782377513*16\!AIVDM,1,1,,,19NSc8h02R3FGeWhl@IqQGd<053<,0*29
\s:66,c:1782377519*1C\!AIVDM,1,1,,,Kks>W@<?dl2dIPhP,0*61
\s:66,c:1782377514*11\!AIVDM,1,1,,,Kru0QhiM2>gmgP1p,0*76
\s:66,c:1782377512*17\!AIVDM,1,1,,,1:U=<3PP00trUeKjqUkCF?wR28M@,0*4B
\s:66,c:1782377515*10\!AIVDM,1,1,,,KlbMsL5?O5hgRP5h,0*70
\s:66,c:1782377515*10\!AIVDM,1,1,,,KqNSKQ0=ikju<V@P,0*30
\s:66,c:1782377515*47\!AIVDM,1,1,,A,14RQol002WP=pE4MJC7jt2Kb0H?S,0*48
\g:1-2-5199851,s:66,c:1782377518*00\!AIVDM,2,1,1,A,58SJJW`2>;n9QH93L01@>1=Tm0PtqT0000000016A8<=:5dU0DV2@CAC,0*69
\g:2-2-5199851*65\!AIVDM,2,2,1,A,P00000000000000,2*45
\s:66,c:1782377514*46\!AIVDM,1,1,,B,35?dRT1P01RAvLdB:<D>4?wd2DiJ,0*20
\s:66,c:1782377518*4A\!AIVDM,1,1,,B,13VAnb00AUWMtul0jj=`no3b00Si,0*58
\s:66,c:1782377520*41\!AIVDM,1,1,,B,169;``?000vpbPt6idAa`h:020SG,0*60
\s:66,c:1782377519*4B\!AIVDM,1,1,,A,13ccd@0P000g:C@Hs@rVk?wj0000,0*18
\s:66,c:1782377518*4A\!AIVDM,1,1,,B,19N`3S@Oj870RN:2vwFU849`0D00,0*1E
\s:66,c:1782377519*4B\!AIVDM,1,1,,B,18I<u@0wS87Ut9:2LS:1LQ9j00Rf,0*09
\s:66,c:1782377518*4A\!AIVDM,1,1,,B,405GdPP000Htt7KHkP0fHh700t;j,0*24
\s:66,c:1782377517*45\!AIVDM,1,1,,B,13aFev@0000Er08NBwU`rjil0D3e,0*1D
\s:66,c:1782377516*44\!AIVDM,1,1,,B,19NSSG0006:lL?AdJUk:l6cb0HPQ,0*4E
\s:66,c:1782377519*4B\!AIVDM,1,1,,B,168tdp00008fD;0A6VLaaICj053<,0*6C
\s:66,c:1782377514*46\!AIVDM,1,1,,A,1815O6P01rP<UDNMhF78b6uD0HOE,0*39
\s:66,c:1782377521*40\!AIVDM,1,1,,A,402;bFAvad`l005HE`L;rb7000S:,0*60
\s:66,c:1782377515*47\!AIVDM,1,1,,A,17lcbT8P01aPwgovWFqL6wwd2@QC,0*56
\s:66,c:1782377519*4B\!AIVDM,1,1,,,18I6Um5000vqLNL@6pj4vnsl0000,0*3A
\s:66,c:1782377520*41\!AIVDM,1,1,,A,33u1bR002d1CCBtQjfAtab6201ci,0*67
\s:66,c:1782377521*40\!AIVDM,1,1,,B,15Mi>JP000o@PqnKM3RhT0v0080o,0*0B
\s:66,c:1782377521*40\!AIVDM,1,1,,A,16:8AegP008Un>PEu7VSl?v00E8n,0*69
\s:66,c:1782377523*42\!AIVDM,1,1,,A,337wsD13035@LWd2IEPWd`oR0lfb,0*02
\s:66,c:1782377523*42\!AIVDM,1,1,,A,B6:c1IP00:9fuD4U1AI3owQ42000,0*63
\s:66,c:1782377521*40\!AIVDM,1,1,,A,33o5VD50P01FpLnWnT<um:up0000,0*58
\s:66,c:1782377523*42\!AIVDM,1,1,,B,17lcbT8P01aPwgmvWFqL6wv420S?,0*08
\s:66,c:1782377521*40\!AIVDM,1,1,,A,13uC0s0P001;h:<R6f6MP?v42H0g,0*2C
\s:66,c:1782377524*45\!AIVDM,1,1,,A,16;;gp000I2n6tEuQAS0gSb8082<,0*7A
\s:66,c:1782377525*44\!AIVDM,1,1,,B,18Ljdi0P00W=lhj7Ptui5?v82H3t,0*15
\s:66,c:1782377522*43\!AIVDM,1,1,,B,405GdPP000Htt7KHkP0fHh700t;H,0*06
\s:66,c:1782377524*45\!AIVDM,1,1,,A,18I<u@0w397Ut=D2LSo1L1820<0n,0*1B
\s:66,c:1782377525*44\!AIVDM,1,1,,A,13FTRl000>wGLVlEdVg6pUH:2@30,0*40
\s:66,c:1782377523*42\!AIVDM,1,1,,A,14hvWJ501p0;tENFUog8PFh2081U,0*13
\s:66,c:1782377526*47\!AIVDM,1,1,,A,B3?sttP0?P3amw5`7KN>kwRQh0RM,0*5D
\s:66,c:1782377519*4B\!AIVDM,1,1,,A,33`eI40Oi7PKGUJMgE12pRKnR0th,0*29
\s:66,c:1782377453*44\!AIVDM,1,1,,B,3815IaQw@12JronAp;j83pqb0E4b,0*75
\s:66,c:1782377526*47\!AIVDM,1,1,,A,15AQgf00277DMrH12wTDQkV:0@3u,0*36
\s:66,c:1782377527*46\!AIVDM,1,1,,A,18I002000E7J31v0eTpRN3J>0D?7,0*7E
\s:66,c:1782377522*43\!AIVDM,1,1,,B,1815NA@01qwMIh`Jf12H8FT22`1D,0*34
\s:66,c:1782377523*42\!AIVDM,1,1,,A,35?dQIm000<P4G;brii@00L20000,0*34
\s:66,c:1782377524*45\!AIVDM,1,1,,B,B3IFjqP0?P6:`IV;;LnnOwR5oP06,0*16
\s:66,c:1782377522*43\!AIVDM,1,1,,B,1815O6P01rP<U:@MhE=HanuV00SK,0*10
\s:66,c:1782377514*11\!AIVDM,1,1,,,E>m1cCh`4V7b@17Pa24W3h9b0b4n;dQnkR=1800003q033k`0@,4*11
\s:66,c:1782377517*12\!AIVDM,1,1,,,1815LF00iLL:Ovmvsv=:F`C@00SD,0*21
\s:66,c:1782377513*16\!AIVDM,1,1,,,KqkPh5Q@<;hJBP>`,0*43
\s:66,c:1782377518*1D\!AIVDM,1,1,,,18I13s0whBJ>Qq`15DQ;5Hfb0@Os,0*10
\s:66,c:1782377518*1D\!AIVDM,1,1,,,KoP;wb052VMTlPST,0*7E
\s:66,c:1782377518*1D\!AIVDM,1,1,,,36:41k000lG?4FabPCEt5?v00000,0*0D
\s:66,c:1782377518*1D\!AIVDM,1,1,,,B69D;:@0AEuQW<Mh<I@jLWN63P06,0*28
\s:66,c:1782377468*1B\!AIVDM,1,1,,,39rC:G7P@;MC?BMPTK<s370>0000,0*09
\s:66,c:1782377514*46\!AIVDM,1,1,,A,H3IK:`0ThF0@F18ET0000000000,2*63
\s:66,c:1782377210*45\!AIVDM,1,1,,B,H3IK:`4T7B=4005617qijl0P:344,0*68
\s:66,c:1782377519*4B\!AIVDM,1,1,,A,16:>tj301d88hV2<lWfM`K5j053<,0*33
\s:66,c:1782377512*40\!AIVDM,1,1,,B,17tKml@P007?vFP1h0hf4?w`2D3O,0*14
\s:66,c:1782377518*4A\!AIVDM,1,1,,B,13f@B`001rNf370:DB?W35Wh053<,0*1B
\s:66,c:1782377507*13\!AIVDM,1,1,,,KmOmNI06EmSn7U8t,0*59
\s:66,c:1782377516*13\!AIVDM,1,1,,,19NSs7P01fFpqIhBqKQ4jks`053<,0*62
\s:66,c:1782377518*1D\!AIVDM,1,1,,,B5NLlC003=hvpo6CE6mjOwt5oP06,0*73
\s:66,c:1782377515*10\!AIVDM,1,1,,,KnK2sgIE9fj`<P<h,0*4E
\s:66,c:1782377520*16\!AIVDM,1,1,,,13ku:JP0AhCt9iueb7DDT3aj0D00,0*78
\s:66,c:1782377513*16\!AIVDM,1,1,,,KpI6rs008B@GmUnL,0*45
\s:66,c:1782377519*1C\!AIVDM,1,1,,,KqNSHJAOpWSi?P0H,0*46
\s:66,c:1782377514*11\!AIVDM,1,1,,,15FWR<@000ITcML7iJdRGT5T08Mq,0*77
\s:66,c:1782377518*1D\!AIVDM,1,1,,,Kl`Uwv@4jc?5Rwgl,0*2D
\s:66,c:1782377517*12\!AIVDM,1,1,,,15@`4v@uQS4TtKin93=2@QmV08O4,0*32
\s:66,c:1782377511*14\!AIVDM,1,1,,,KmNW<SSu4>ir@PDT,0*00
\s:66,c:1782377515*10\!AIVDM,1,1,,,15Qoa>002TtHO?HGn<ob>`9V28Ne,0*68
\s:66,c:1782377515*10\!AIVDM,1,1,,,KleJ0;p=CgCEoP2p,0*76
\s:66,c:1782377517*12\!AIVDM,1,1,,,KmNW<SSu4>ir@PDT,0*00
\s:66,c:1782377512*17\!AIVDM,1,1,,,KkMCtf@?to3fFS`D,0*5B
\s:66,c:1782377518*4A\!AIVDM,1,1,,A,19NSG:002bKPsq2=Wo<T1C=h053<,0*75
\s:66,c:1782377518*4A\!AIVDM,1,1,,B,13aBK50000Oe`:`31@a725af053<,0*74
\s:66,c:1782377515*47\!AIVDM,1,1,,A,36oa><PwQS0ovfdO;V5@gPSp0000,0*62
\s:66,c:1782377517*45\!AIVDM,1,1,,A,13`mgJgP00PFaurN1ASN4?wj20S9,0*1E
\s:66,c:1782377513*41\!AIVDM,1,1,,A,B52ITR@00>`CH051?54r8fv00000,0*59
\s:66,c:1782377517*45\!AIVDM,1,1,,B,14SdpV50011Trw0RV1A1;3N00000,0*56
\s:66,c:1782377514*46\!AIVDM,1,1,,B,B53RJt0005l0=@6l>MS5elJQfDqJ,0*6D
\s:66,c:1782377518*4A\!AIVDM,1,1,,B,B33ijQP0;`3n8P7FRj6P;wtUl000,0*25
\s:66,c:1782377520*41\!AIVDM,1,1,,A,403OwniuJl`l0q=0PTA0o@?02@0:,0*10
\s:66,c:1782377520*41\!AIVDM,1,1,,A,19NS`eP03=7k01l5IcNiJ16000Sc,0*1C
\s:66,c:1782377520*41\!AIVDM,1,1,,A,19NSga@02GwaefJLJk@3>Bal0D3W,0*10
\s:66,c:1782377517*45\!AIVDM,1,1,,B,13@pKOh0000KjWvNs<R@<pSh0HQP,0*66
\s:66,c:1782377520*41\!AIVDM,1,1,,A,19NSoF@01fJOOemoscumrDd00H0:,0*08
\s:66,c:1782377521*40\!AIVDM,1,1,,B,16:><WP0008f`gPARK4d3Iin053<,0*5B
\s:66,c:1782377520*41\!AIVDM,1,1,,A,17lcUEhP00`FhLqwD3EStOwn20Rt,0*64
\s:66,c:1782377518*4A\!AIVDM,1,1,,,13GnhR3000PMDf8NpJfcQ4eH053<,0*41
\s:66,c:1782377520*41\!AIVDM,1,1,,A,3815Fmh1ih11d;7jtQNlnSoh02si,0*7D
\s:66,c:1782377521*40\!AIVDM,1,1,,A,18If;l0tgw<tSF0l4Q@>41Ov0`0D,0*01
\s:66,c:1782377521*40\!AIVDM,1,1,,B,35N3wFUP00JdPL@G@C2FNOv02DPb,0*2B
\s:66,c:1782377517*45\!AIVDM,1,1,,A,B8HwOTP011o0:N0;g5H03wtTkP06,0*4B
\s:66,c:1782377520*41\!AIVDM,1,1,,B,B3vibP002EQC`OvP<?t?`J0UT000,0*76
\s:66,c:1782377522*43\!AIVDM,1,1,,A,D0476dhf@LfpfpLfp0,4*6F
\s:66,c:1782377519*4B\!AIVDM,1,1,,B,169a;DPP008gaAhACqv=:OwH08JF,0*64
\s:66,c:1782377521*40\!AIVDM,1,1,,A,13VBq40P01Qd4spEf3<hvgv2280o,0*52
\s:66,c:1782377523*42\!AIVDM,1,1,,B,17OpSr01@0:u5tMhDQO@05b20@1c,0*0A
\s:66,c:1782377522*43\!AIVDM,1,1,,B,1815dR@02n8a3j<>UCC`=nR00@0w,0*03
\s:66,c:1782377518*4A\!AIVDM,1,1,,B,33`nuLWOhLPEQ;0NC6roonSj01qh,0*67
\s:66,c:1782377519*4B\!AIVDM,1,1,,A,13EhV:P000OW?TnDcwRiAqqj28S0,0*31
\s:66,c:1782377523*42\!AIVDM,1,1,,B,19NSG:002cKPt0t=Wnvl1k<20H1v,0*42
\s:66,c:1782377523*42\!AIVDM,1,1,,A,169a;?PP0J8gV;0A8F6aO?v6081u,0*11
\s:66,c:1782377518*4A\!AIVDM,1,1,,A,13m@3K0P17QpM?:`dkwqJgwj20S;,0*4D
\s:66,c:1782377524*45\!AIVDM,1,1,,B,13aJFfhP00PBScTMMwAN4?v8253@,0*2B
\s:66,c:1782377524*45\!AIVDM,1,1,,B,19NSTU@023`8WU6<qMIVPE<6082W,0*41
\s:66,c:1782377521*40\!AIVDM,1,1,,A,B4h>UU0006coD?5nH2OQ3wPQnDhb,0*2D
\s:66,c:1782377521*40\!AIVDM,1,1,,A,16K2<V?0069iiE4Cw@vo99n42<2w,0*0F
\s:66,c:1782377519*4B\!AIVDM,1,1,,A,13?tv@P0030fD0pO@VDPQjej053<,0*1B
\s:66,c:1782377525*44\!AIVDM,1,1,,B,169EHah0?w<tSF0l4Q@>40gv0`35,0*3E
\s:66,c:1782377525*44\!AIVDM,1,1,,B,13V@Pf0000Qd5o@Ef5av4:n:2834,0*7E
\s:66,c:1782377525*44\!AIVDM,1,1,,B,169a;DPP008gaAhACqv=:Ov8053@,0*67
\s:66,c:1782377523*42\!AIVDM,1,1,,B,17pc0f80007bNh25uU?40Qd200RQ,0*05
\s:66,c:1782377520*41\!AIVDM,1,1,,A,D03n9sB<UNfp,0*36
\s:66,c:1782377522*43\!AIVDM,1,1,,,13K6i25000L@ee`2if;epHub0000,0*66
\s:66,c:1782377526*47\!AIVDM,1,1,,B,16:bs@PP1088R6h<vBk60hH:1P00,0*5A
\s:66,c:1782377523*42\!AIVDM,1,1,,A,B3Ib=0P0>7sT8H5>DtG;7wQQh81t,0*5D
\s:66,c:1782377526*47\!AIVDM,1,1,,A,133c0b0001PANFVMH2rKfE6>083d,0*12
\s:66,c:1782377517*12\!AIVDM,1,1,,,Kp15W6h23>NQk53D,0*58
\s:66,c:1782377506*12\!AIVDM,1,1,,,KmO5L49MC4377P@@,0*23
\s:66,c:1782377519*1C\!AIVDM,1,1,,,C1PDSQ<l8=tea?ugAt4OOwP0V@bM0831gKSKck:0000000000020,0*1A
\s:66,c:1782377512*40\!AIVDM,1,1,,B,B5O>wt0006qMiO1QkDgQ3wr4d000,0*13
\s:66,c:1782377517*45\!AIVDM,1,1,,B,B5OBfC0006`J?W5SW@;Q3wt1jDqJ,0*31
\s:66,c:1782377513*41\!AIVDM,1,1,,B,C6:CE60002;N@u4B2KvcGwv08NL?0>2L?0DB2O1R0000e0`:1Q0P,0*19
\s:66,c:1782377519*4B\!AIVDM,1,1,,B,16ld3N5P0PaK`E4HaJd5owv0253<,0*0D
\s:66,c:1782377517*45\!AIVDM,1,1,,A,13cLJr001VPC9jrMm=RJ:p5j08Qg,0*48
\s:66,c:1782377518*4A\!AIVDM,1,1,,A,16:R9EP01Q8jk2LCVe=P1;?p0D0Q,0*3F
\s:66,c:1782377519*4B\!AIVDM,1,1,,A,1815NNhwAr2eHoF<hnPUe4Ol00SO,0*60
\g:1-2-5199852,s:66,c:1782377519*02\!AIVDM,2,1,2,A,598o8vl2;G0i@`lw?>0=:1@E@QU>22222222221@B8S@@5cj0BnR3mDj,0*60
\g:2-2-5199852*66\!AIVDM,2,2,2,A,0C`888888888880,2*0D
\s:66,c:1782377517*45\!AIVDM,1,1,,B,34crtT1001R4CE<GL9ibnjCj0DQr,0*0C
\s:66,c:1782377516*44\!AIVDM,1,1,,,17ld`a00007W4JQto5Ef42eh3000,0*22
\s:66,c:1782377520*41\!AIVDM,1,1,,,17ld`a00017W4JQto5EN42d03000,0*52
\s:66,c:1782377513*41\!AIVDM,1,1,,B,403t=KQvad`ko`d:WFAtwnW00D@>,0*38
\g:1-2-5199853,s:66,c:1782377345*0C\!AIVDM,2,1,3,A,55?dRbp2H3<K<GG3?R1=DpqV0hTh4>2222222217?@?B75dd0?RlQ4k`,0*79
\g:2-2-5199853*67\!AIVDM,2,2,3,A,888888888888880,2*27
\s:66,c:1782377518*4A\!AIVDM,1,1,,B,177hvM001W7?JSJ1SR`;Qq?l08Qs,0*48
\s:66,c:1782377522*43\!AIVDM,1,1,,A,13wmnu0wiePb7a4EI:5BsRD22`1>,0*75
\s:66,c:1782377522*43\!AIVDM,1,1,,A,402M4mAvad`l01B?c0Wn387P0L0o,0*63
\s:66,c:1782377520*41\!AIVDM,1,1,,B,16:BIE001R8gGWJAg835`1wn0<80,0*64
\s:66,c:1782377520*41\!AIVDM,1,1,,A,Evja5Di1000?cIP000000000000Leb5P5F6R000003TP10,4*79
\s:66,c:1782377520*41\!AIVDM,1,1,,A,19NSMM01Rg8UosP>C0r8gVwl053<,0*01
\s:66,c:1782377515*47\!AIVDM,1,1,,B,13AVc400010Egf0OpBh5NlIb08Pe,0*36
\g:1-2-5199854,s:66,c:1782377438*06\!AIVDM,2,1,4,A,56S`sh82GJ5lCL=6221Ltv0`Tr2222222222221@:`I4>5dS0CRl`54k,0*44
\g:2-2-5199854*60\!AIVDM,2,2,4,A,`88888888888880,2*78
\s:66,c:1782377518*4A\!AIVDM,1,1,,,B3gfb7P007`h9I9JaJoQ3wu1h000,0*63
\s:66,c:1782377521*40\!AIVDM,1,1,,B,13aL<jPP00PEnA<MwkLrpgv22<4=,0*61
\s:66,c:1782377522*43\!AIVDM,1,1,,B,33SD`b5P00Q;3=fHrhaN4?v22Dd:,0*4D
\s:66,c:1782377255*44\!AIVDM,1,1,,B,19NSEAh01v5i4p;u1uP9179408D@,0*57
\s:66,c:1782377324*43\!AIVDM,1,1,,A,19NSEAh01v5i3tKu1oQq1G9H08Ip,0*45
\s:66,c:1782377523*42\!AIVDM,1,1,,A,18I92o00177KiE>0fT71VAH400Sa,0*37
\s:66,c:1782377520*41\!AIVDM,1,1,,B,18158gk0h008`btNGj<3l:1n00RP,0*6D
\g:1-2-5199855,s:66,c:1782377518*04\!AIVDM,2,1,5,A,56oa>B02B8`H7@AOV20L58pEB22222222222221IGhV7I5aA0CQAlmF`,0*36
\g:2-2-5199855*61\!AIVDM,2,2,5,A,;H1Al4i88888880,2*2B
\s:66,c:1782377524*45\!AIVDM,1,1,,B,35Qr9H5000Q2Ip8DR:JN42280Dd:,0*18
\s:66,c:1782377524*45\!AIVDM,1,1,,B,19jl1I0P03P5gDl3O>sajOv62<1@,0*50
\s:66,c:1782377522*43\!AIVDM,1,1,,A,403Ovuivad`l2rQaNJE@vB?02D5V,0*14
\g:1-2-5199856,s:66,c:1782377524*08\!AIVDM,2,1,6,B,53ku:bH2>8`<=447L005>0<4lDhhT4000000001?F8fE9=O;`?@kVSlh,0*1B
\g:2-2-5199856*62\!AIVDM,2,2,6,B,000000000000000,2*21
\s:66,c:1782377520*41\!AIVDM,1,1,,B,B6:l:10002;:IT4PVT:wwwv41P06,0*1C
\s:66,c:1782377524*45\!AIVDM,1,1,,A,B6:Wct000:9g7mTTVcAgCwQT2000,0*06
\s:66,c:1782377521*40\!AIVDM,1,1,,A,13Q7N80tP2PNWc@G>K;5b89n0D0v,0*7B
\s:66,c:1782377523*42\!AIVDM,1,1,,B,36:FenPPAO`j<@rAf@=Pu0V621ih,0*70
\s:66,c:1782377524*45\!AIVDM,1,1,,A,13P;qGh8@4Ovd0lLvthhCOv60D0j,0*70
\g:1-2-5199857,s:66,c:1782377521*0C\!AIVDM,2,1,7,B,56:<RrP01B8P0000000@ETuGP00000000000000l1HM561ad0:2RCQm0,0*06
\g:2-2-5199857*63\!AIVDM,2,2,7,B,CQh000000000008,2*62
\s:66,c:1782377525*44\!AIVDM,1,1,,A,33mCtp00000kMvBU7DcQ8QSp0000,0*70
\s:66,c:1782377474*41\!AIVDM,1,1,,B,16S`sh02@5a2?G@E<9Msdc2J053<,0*1D
\s:66,c:1782377484*4E\!AIVDM,1,1,,B,36S`sh03h5a2?FfE<9Osgs6f00JP,0*38
\s:66,c:1782377526*47\!AIVDM,1,1,,A,ENjO`0k2psLq@30W0V2h2CPb:2a0Q7bV;a28@10888N004PAijCh,0*35
\s:66,c:1782377525*44\!AIVDM,1,1,,A,398o8vi0028gLapA7B>dCA=V0DqJ,0*24
\s:66,c:1782377522*43\!AIVDM,1,1,,A,33o0G5001S0i7RtRAmKFu5Wp0000,0*35
\s:66,c:1782377485*4F\!AIVDM,1,1,,B,15?dRbh01q92AEVEF`Lq8WDh00RN,0*0A
\s:66,c:1782377416*45\!AIVDM,1,1,,A,35?dRbh01q92BQ0EFemI97FL02nQ,0*00
\s:66,c:1782377527*46\!AIVDM,1,1,,B,15Nun?UwOw<tSF0l4Q@>48wv0U3@,0*50
\s:66,c:1782377522*43\!AIVDM,1,1,,A,403OtUAuJl`l1oNuaDCQ35O02L:;,0*35
\s:66,c:1782377525*44\!AIVDM,1,1,,A,B6:AEQ0003?8mP=18D0000H7QP06,0*0C
\s:66,c:1782377528*49\!AIVDM,1,1,,B,13iVm6001rObNV<L>JRqFGF<053@,0*1F
\s:66,c:1782377527*46\!AIVDM,1,1,,B,402<HmAvad`l51s:66,0*68
\s:66,c:1782377527*46\!AIVDM,1,1,,B,13m?:?00000uPLRVw6I6T7n<00S2,0*43
\s:66,c:1782377527*46\!AIVDM,1,1,,,17ld`a00037W4JQto5E>42d23000,0*22
\s:66,c:1782377527*46\!AIVDM,1,1,,B,B3prH1h09`2m<aUa?lbq;wQVSP06,0*16
\s:66,c:1782377522*43\!AIVDM,1,1,,B,16:6sCP01l`lM?jCKCoMwh3n0H1>,0*6B
\s:66,c:1782377524*45\!AIVDM,1,1,,B,B39MJDP00H3g?h5`rACQ3wd5l000,0*08
\s:66,c:1782377512*17\!AIVDM,1,1,,,18I4T90wC1k`9mJK7Mp3f2w608K5,0*4F
\s:66,c:1782377512*17\!AIVDM,1,1,,,15NR=Od01Il<3EDRF0gnB55L0@KW,0*0C
\s:66,c:1782377513*16\!AIVDM,1,1,,,177>p2002bNiSSf5gRemW4OT053<,0*41
\s:66,c:1782377517*12\!AIVDM,1,1,,,Kp15AK@?f5?kEVl4,0*61
\s:66,c:1782377518*1D\!AIVDM,1,1,,,KmMv7i;<dTRlo00p,0*32
\s:66,c:1782377517*12\!AIVDM,1,1,,,1:U7KtPP00KeF:mv<K<s0gwb08ON,0*0B
\s:66,c:1782377518*1D\!AIVDM,1,1,,,13=>UB0vBpq7bo2503LcqqQf1`Pk,0*38
\s:66,c:1782377515*10\!AIVDM,1,1,,,13ar=h300K<VNTGbM6282VAT053<,0*04
\s:66,c:1782377517*12\!AIVDM,1,1,,,19NSmq@wC03IHRkiNuc`ko5f0D0;,0*58
\s:66,c:1782377519*1C\!AIVDM,1,1,,,Kp15AK@?f5?kEVl4,0*61
\s:66,c:1782377518*1D\!AIVDM,1,1,,,E>oHfsh3hIHqqnt@8:W:0h:2V2Su6D<gvS5wP00808sP24PASh,4*1E
\s:66,c:1782377513*16\!AIVDM,1,1,,,Kolj<q<4Dn09@P7h,0*6C
\s:66,c:1782377517*12\!AIVDM,1,1,,,KmMv7i;<dTRlo00p,0*32
\s:66,c:1782377518*4A\!AIVDM,1,1,,A,33@nfH0OhpPhB`:PoAc3r3Gj00rh,0*39
\s:66,c:1782377514*46\!AIVDM,1,1,,A,15Mi<nP000G?@s0KFBMe`qId016L,0*6F
\s:66,c:1782377518*4A\!AIVDM,1,1,,B,13ohwb3Oh>7K3B:0c@jrqpuh0@R8,0*25
\s:66,c:1782377520*41\!AIVDM,1,1,,A,33ohwb3Oh?7K3B20c@k:s8wj01qh,0*2C
\g:1-2-5199858,s:66,c:1782377519*08\!AIVDM,2,1,8,B,58KGqL82?iugUHDsR21=A84UA>0ptmE86222221@<H4=65djNAPAD0`8,0*5E
\g:2-2-5199858*6C\!AIVDM,2,2,8,B,888888888888880,2*2F
\s:66,c:1782377518*4A\!AIVDM,1,1,,A,13aIhu@P01PGgP2N;errG?wl0000,0*61
\s:66,c:1782377513*41\!AIVDM,1,1,,B,33aFeq@P000DLJTMdjKf4?wb0@Kk,0*00
\s:66,c:1782377513*41\!AIVDM,1,1,,A,13cjwB0P0PPv9knGQ8=48wwb20S3,0*1D
\s:66,c:1782377520*41\!AIVDM,1,1,,A,34d2tB50000BT1jMepq5`B=n0000,0*54
\s:66,c:1782377519*4B\!AIVDM,1,1,,A,13aKWsPP000CpTVMG`rf4?wnP@Rg,0*62
\s:66,c:1782377517*45\!AIVDM,1,1,,A,35OmN?hOjWoU;m<BuHK66lsh20UA,0*6C
\s:66,c:1782377517*45\!AIVDM,1,1,,A,ENj7=Hw9R`0a0b4WW@1:WdP0000105FU<FeMh00003v000,4*0A
\s:66,c:1782377521*40\!AIVDM,1,1,,B,3:U7WpQP00tEl3Uwuhp<o?v42E0J,0*6A
\s:66,c:1782377518*4A\!AIVDM,1,1,,A,15NM<jP000o>3NRKQp:<HIqh0000,0*1D
\s:66,c:1782377520*41\!AIVDM,1,1,,B,16K35U@000aiRnRD0nuJkICn0<2f,0*5E
\s:66,c:1782377518*4A\!AIVDM,1,1,,B,H5OFwA084@p8htp@D0000000000,2*39
\s:66,c:1782377518*4A\!AIVDM,1,1,,A,H5OFwA4U?>G1000G4Almom1p0400,0*36
\s:66,c:1782377522*43\!AIVDM,1,1,,A,403t:IQvad`l18Vgq`FJ8i700D00,0*3F
\s:66,c:1782377149*4A\!AIVDM,1,1,,A,19NShnh01n7`V7D2w94`Q6sR0HLh,0*72
\s:66,c:1782377229*4F\!AIVDM,1,1,,A,19NShnh01n7`UDh2w0tpOVrB0<:V,0*24
\s:66,c:1782377329*4E\!AIVDM,1,1,,A,19NShnh01n7`TFr2vnoHQ6wP0<:g,0*19
\s:66,c:1782377521*40\!AIVDM,1,1,,B,15?devh2QrJBLl7s9VLUi4an080g,0*07
\s:66,c:1782377523*42\!AIVDM,1,1,,A,E>l4vat3e@3PW3hJq0000000000D4;jH6Ojnh10888rP00,4*47
\s:66,c:1782377515*47\!AIVDM,1,1,,B,15N716PP02rds32G@:::Ggwh2@PG,0*5E
\s:66,c:1782377520*41\!AIVDM,1,1,,A,14cM6b001oWWIB`2b6DAlpJ000Rt,0*4F
\s:66,c:1782377521*40\!AIVDM,1,1,,B,13a?W<0OiU0@OCHMKkjEwDqn00RU,0*0C
\s:66,c:1782377521*40\!AIVDM,1,1,,B,19NSJG@00tWJHTh0eOsSmk2200Rr,0*7C
\s:66,c:1782377521*40\!AIVDM,1,1,,A,18I;rM002S2>a15fpPS>1c:00811,0*11
\s:66,c:1782377134*40\!AIVDM,1,1,,A,B01;FQh00vf2lNs<Oq@13wv43P06,0*42
\s:66,c:1782377519*4B\!AIVDM,1,1,,A,34eIbth0h0FcAo0O4>hh04wp0000,0*66
\s:66,c:1782377518*4A\!AIVDM,1,1,,B,33P7KfWOh`wSDLRL?jKdhJ?f00v1,0*0B
\s:66,c:1782377522*43\!AIVDM,1,1,,B,13@nfH0OhpPhBcbPoAVl23H2053@,0*72
\s:66,c:1782377103*44\!AIVDM,1,1,,B,B3GQpqP00P;8>HVCk`cQ3wQ1jDlJ,0*36
\s:66,c:1782377517*45\!AIVDM,1,1,,A,B5OFwA0006TE5RSh0kid9Ft03P06,0*2D
\s:66,c:1782377523*42\!AIVDM,1,1,,B,14`Uu=S0004vfAj<qP1GwbN40@17,0*43
\s:66,c:1782377520*41\!AIVDM,1,1,,A,15NNfcd000q<trH@womnmEwn0000,0*1A
\s:66,c:1782377523*42\!AIVDM,1,1,,A,13AJ:B002KPSLc0Nn5LdqJH40<5;,0*4A
\s:66,c:1782377523*42\!AIVDM,1,1,,A,15N716PP00Jds3>G@:6b8wv82H22,0*1E
\s:66,c:1782377521*40\!AIVDM,1,1,,A,16:RLL001I8PF2dF3@04WSij00T6,0*1D
\s:66,c:1782377525*44\!AIVDM,1,1,,A,19NSlbP01h1SnA4Di>5bV`H800Sl,0*40
\s:66,c:1782377522*43\!AIVDM,1,1,,A,33P7KfWOhWwSDKhL?jR<t:El0000,0*18
\s:66,c:1782377524*45\!AIVDM,1,1,,A,17mLGk8P017LDdj0aRAN4?wb2PS9,0*6F
\s:66,c:1782377523*42\!AIVDM,1,1,,A,13`oWT@P00PFKQBMv?Iv4?v6R0Sr,0*45
\s:66,c:1782377521*40\!AIVDM,1,1,,A,B39Qow00=HJu;cUUUJNhBAv00000,0*49
\s:66,c:1782377523*42\!AIVDM,1,1,,A,402M4Nivad`l10qjqTVepfOP2L21,0*49
\s:66,c:1782377525*44\!AIVDM,1,1,,A,14cM6b001oWWIG>2b6nAoHL:0<0S,0*40
\s:66,c:1782377526*47\!AIVDM,1,1,,B,33a?W<0OiT0@OEdMKkAV:56800u@,0*02
\s:66,c:1782377524*45\!AIVDM,1,1,,A,17mROAhP00`=orkvbsTnhOv62<9q,0*7E
\s:66,c:1782377524*45\!AIVDM,1,1,,B,B7OoLg000Jb;cuu6L5oMwwR5oP06,0*28
\s:66,c:1782377432*43\!AIVDM,1,1,,A,19ACHs301MRCsJVAWb@G?5g02D0q,0*0F
\s:66,c:1782377516*44\!AIVDM,1,1,,B,39ACHs301MRCsE2AWQmoG5kh2000,0*4A
\s:66,c:1782377525*44\!AIVDM,1,1,,A,13mbHl7000151GvWK`R0;i>T0@33,0*5A
\s:66,c:1782377523*42\!AIVDM,1,1,,A,33UH1O00001f9F2ETJ<@001p0000,0*39
\s:66,c:1782377527*46\!AIVDM,1,1,,A,13nLth003f0JrKrQobReb:t<0L1`,0*28
\s:66,c:1782377525*44\!AIVDM,1,1,,A,34eIbth1P0FcAo0O4>hh051p0000,0*18
\s:66,c:1782377526*47\!AIVDM,1,1,,A,39NSfVQ0001v0klGJvEReUt<0Dj:,0*20
\s:66,c:1782377526*47\!AIVDM,1,1,,A,13Ikwi0000wpVVPLJ4Rrwc2<0841,0*4A
\s:66,c:1782377507*13\!AIVDM,1,1,,,18LIDt001qlR0LBJj2vkf2uJ00SB,0*6E
\s:66,c:1782377513*16\!AIVDM,1,1,,,K815Erh24L1n004D,0*2A
\s:66,c:1782377513*16\!AIVDM,1,1,,,K6?Uo:H1NQOSF1EH,0*25
\s:66,c:1782377513*16\!AIVDM,1,1,,,KpwtND<B6DQp@0E<,0*71
\s:66,c:1782377511*14\!AIVDM,1,1,,,176r<w002T;BPWeonVbdWb=F00ST,0*0B
\s:66,c:1782377511*14\!AIVDM,1,1,,,15?dM3P0Av:0NwB4kmAUpTUD00Sc,0*43
\s:66,c:1782377515*10\!AIVDM,1,1,,,KmO@Vm9LPjj;DP>0,0*71
\s:66,c:1782377518*1D\!AIVDM,1,1,,,KkmKlj0;AoBh`6hP,0*06
\s:66,c:1782377515*10\!AIVDM,1,1,,,KnK2:jaDpCRO;0?4,0*60
\s:66,c:1782377512*17\!AIVDM,1,1,,,Kp155:HNRovIDwwt,0*63
\s:66,c:1782377517*12\!AIVDM,1,1,,,19jb<p00020Mr1N2Dsv;gDub0HO0,0*22
\s:66,c:1782377515*10\!AIVDM,1,1,,,KkMADq0?huD:J5kp,0*76
\s:66,c:1782377515*10\!AIVDM,1,1,,,B>phSch0014k3sK9K;FJusv4SP06,0*3A
\s:66,c:1782377513*16\!AIVDM,1,1,,,K6?Uo:H1NQOSF1EH,0*25
\s:66,c:1782377515*10\!AIVDM,1,1,,,Kl`V1`8=4DQsO06<,0*05
\s:66,c:1782377517*12\!AIVDM,1,1,,,KmO@Vm9LPjj;DP>0,0*71
\s:66,c:1782377517*12\!AIVDM,1,1,,,Km95K6:<WwiKN2``,0*48
\s:66,c:1782377511*43\!AIVDM,1,1,,A,13uAT2501RQE51RR4Sw;r9eT0HMn,0*0A
\s:66,c:1782377515*47\!AIVDM,1,1,,A,13nCEQ0Oi>0J>4pQg`f7lFEf00R=,0*54
\g:1-2-5199859,s:66,c:1782377517*07\!AIVDM,2,1,9,B,58I0dp42?RSOUKKG?R0DtpT6222222222222221@?0H:=5bjN=lip41@,0*2A
\g:2-2-5199859*6D\!AIVDM,2,2,9,B,Qhp888888888880,2*5F
\s:66,c:1782377518*4A\!AIVDM,1,1,,B,13`h;K0P00PHo3VNCn4BP?wjR<2@,0*56
\s:66,c:1782377512*40\!AIVDM,1,1,,A,1815WU@0042OCol@h95HdbcV0hNQ,0*78
\s:66,c:1782377517*45\!AIVDM,1,1,,B,17ld5G@P0I`FfHIwCvFjdgwh2<3Q,0*6F
\s:66,c:1782377516*44\!AIVDM,1,1,,A,13mHD;0000Pj5rdQp9BiuCsj0<0S,0*14
\s:66,c:1782377518*4A\!AIVDM,1,1,,B,13Vr@w0P@5wVh8jDS9NPH8uh253<,0*6F
\s:66,c:1782377514*46\!AIVDM,1,1,,B,13`pFr3OherTw0`E4IDc:8Mb0@Ou,0*0B
\s:66,c:1782377520*41\!AIVDM,1,1,,B,152niv8P00rCghh57mGnQ?wj0p06,0*2F
\s:66,c:1782377521*40\!AIVDM,1,1,,A,15D`JT002J``miNDSP=EtDob00S>,0*45
\s:66,c:1782377516*44\!AIVDM,1,1,,A,177OMh000M`khIDAdP068T;h0@Q1,0*32
\s:66,c:1782377517*45\!AIVDM,1,1,,A,13aIjn0P000EdspN4p:@0?wj053<,0*12
\s:66,c:1782377515*47\!AIVDM,1,1,,B,13P=pSP00RP;ERhMpBT`gnub00Sf,0*1F
\s:66,c:1782377516*44\!AIVDM,1,1,,A,4028nAQuJl`kpwGE@VHG3=A020S:,0*06
\s:66,c:1782377519*4B\!AIVDM,1,1,,A,13@pNF0004POh8PEC1o@H:Ql0<71,0*5A
\s:66,c:1782377520*41\!AIVDM,1,1,,B,13=P><001hR24sRGH9j:D8Ej0807,0*5E
\s:66,c:1782377519*4B\!AIVDM,1,1,,,B7Og2kP00:24BmtL5U`0OwuUoP06,0*09
\s:66,c:1782377520*41\!AIVDM,1,1,,B,4028nAQuJl`kswGE@VHG3=A028S5,0*01
\s:66,c:1782377519*4B\!AIVDM,1,1,,B,13cnC:0004PfEtfHkM?F=:cj0@RS,0*5E
\s:66,c:1782377516*44\!AIVDM,1,1,,B,18IHAN001=PDKM0N1fqCpk?f00T4,0*05
\s:66,c:1782377519*4B\!AIVDM,1,1,,B,1:14HJ7P0:Pfo6pEPMSQlwwn2L1F,0*0A
\s:66,c:1782377520*41\!AIVDM,1,1,,B,15UGIR0P0mrChqT57fcu9gv0280P,0*69
\s:66,c:1782377105*42\!AIVDM,1,1,,B,15?dbsh01k4h8m?tGhMQIPv8052l,0*14
\s:66,c:1782377116*40\!AIVDM,1,1,,A,15?dbsh01l4h8s7tGiNiIPvL0<01,0*1E
\s:66,c:1782377156*44\!AIVDM,1,1,,A,15?dbsh01k4h9BEtGmSQD@wd00Rp,0*61
\s:66,c:1782377288*44\!AIVDM,1,1,,B,15?dbsh01j4h:Q3tH2bAIQ2:084G,0*2A
\s:66,c:1782377296*4B\!AIVDM,1,1,,A,15?dbsh01k4h:VitH3RAMQ2L00SQ,0*4F
\s:66,c:1782377336*40\!AIVDM,1,1,,A,15?dbsh01j4h:wGtH7NiLQ1d0D01,0*2C
\s:66,c:1782377376*44\!AIVDM,1,1,,A,15?dbsh01k4h;GctH;M1Jhw40@EK,0*4D
\s:66,c:1782377176*46\!AIVDM,1,1,,A,35?dbsh01k4h9N;tGoU1Ki0L01cC,0*3F
\s:66,c:1782377396*4A\!AIVDM,1,1,,A,15?dbsh01k4h;SEtH=MQI0ud0@Pi,0*27
\s:66,c:1782377519*4B\!AIVDM,1,1,,A,18HvWw0P007Kmph0gcha@?wj00Rw,0*22
\s:66,c:1782377520*41\!AIVDM,1,1,,B,13v8Ev001SPF33TNc:`0jPkn0<<=,0*0F
\s:66,c:1782377520*41\!AIVDM,1,1,,B,13lbDl00001d@JhEe;7WN4H2080>,0*4B
\s:66,c:1782377520*41\!AIVDM,1,1,,A,16Kv=P7P00NqI?@@6cnN4?v00D2>,0*1F
\s:66,c:1782377521*40\!AIVDM,1,1,,A,15N0REd000rdT7PGBLs7JCl00<2r,0*2E
\s:66,c:1782377521*40\!AIVDM,1,1,,A,33n;Kb000r0hiM8R@v58oW7p0000,0*4A
\s:66,c:1782377522*43\!AIVDM,1,1,,B,18L:o:001lWed2B:rjutvbJ20<71,0*31
\s:66,c:1782377519*4B\!AIVDM,1,1,,A,15C4L8001d0nRlNE@52T0SAj0000,0*44
\s:66,c:1782377521*40\!AIVDM,1,1,,B,18KjDn0002WLDov0hn3aw4d42<?s,0*56
\s:66,c:1782377522*43\!AIVDM,1,1,,B,D02Wnq044Bfr<`C6Dm`k6D0,2*06
\s:66,c:1782377523*42\!AIVDM,1,1,,B,B8Stguh08IsHQ:1ONnBcWwPW3P06,0*2E
\s:66,c:1782377522*43\!AIVDM,1,1,,A,33Vr@w0P@5wVh8jDS9P@18r221kP,0*74
\s:66,c:1782377515*47\!AIVDM,1,1,,A,35Mvld001KG>lA@KhnCU<T?p0000,0*01
\s:66,c:1782377522*43\!AIVDM,1,1,,B,1815WU@0042OCoT@h938eJb00d0w,0*2F
\s:66,c:1782377519*4B\!AIVDM,1,1,,A,15OWj<0P00rRVDnE9Ppf4?wn20Sj,0*43
\s:66,c:1782377522*43\!AIVDM,1,1,,A,190vA@0P?w<tSF0l4Q@>4?wv0p13,0*13
\s:66,c:1782377519*4B\!AIVDM,1,1,,A,13GQ7jh000OVFLpDVc=P02Gl0L19,0*15
\s:66,c:1782377520*41\!AIVDM,1,1,,A,13m<Qu0P00Pkd5`U3D;P9Owp00SN,0*1E
\s:66,c:1782377522*43\!AIVDM,1,1,,A,3815JCU0@0wVlajDRSshMAU:0Dg:,0*67
\s:66,c:1782377524*45\!AIVDM,1,1,,B,16SbAd002I8Wp:J>b>0AI1>4053@,0*35
\s:66,c:1782377524*45\!AIVDM,1,1,,A,19NSQQ@1@n2oBVauP04GsF:0053@,0*6B
\s:66,c:1782377524*45\!AIVDM,1,1,,A,355kL<A001R5nklGGPg3upp60De:,0*1C
\s:66,c:1782377524*45\!AIVDM,1,1,,B,402Wnq0000Htt1P4:@P=mNo02PS:,0*26
\s:66,c:1782377524*45\!AIVDM,1,1,,A,13iAqoPOh;QcvpNEdSaF:j88082p,0*6B
\s:66,c:1782377520*41\!AIVDM,1,1,,B,16:=bNP0206BG1n3KiBrMpF000Sw,0*49
\s:66,c:1782377525*44\!AIVDM,1,1,,A,16:RN2POh4`LNTp>0`qTuEal2<3P,0*2B
\s:66,c:1782377525*44\!AIVDM,1,1,,A,18J@Vt0OiE7K3Sp0eVUtQJ6:00S@,0*1E
\s:66,c:1782377525*44\!AIVDM,1,1,,A,B3ewon0080@WLoU8TpLG5qRUkP06,0*44
\s:66,c:1782377522*43\!AIVDM,1,1,,A,13IeIP000000VsnLCmb:J``60<2f,0*44
\s:66,c:1782377525*44\!AIVDM,1,1,,B,13ku;6@vAG7L8dN0f5iJ682:0H2g,0*06
\s:66,c:1782377523*42\!AIVDM,1,1,,,13=Uib50007K59<0f0fMcIL4053@,0*26
\s:66,c:1782377525*44\!AIVDM,1,1,,A,16:=0O001F8g>q<An6pcraR80D<3,0*0A
\s:66,c:1782377524*45\!AIVDM,1,1,,B,15SvqN0wAq8nGS4@QF1oKUp00<0M,0*1C
\s:66,c:1782377522*43\!AIVDM,1,1,,A,33nCEQ0Ohs0J>2PQg`J7v6N400dP,0*78
\s:66,c:1782377525*44\!AIVDM,1,1,,B,15B4JN001eODgB@DwqUED4B<0@3;,0*4D
\s:66,c:1782377523*42\!AIVDM,1,1,,B,18Ht>P`P00WKlI@0g`u<Kgv00<do,0*24
\s:66,c:1782377515*10\!AIVDM,1,1,,,Kp15F6p55k0;2UkT,0*60
\s:66,c:1782377518*1D\!AIVDM,1,1,,,15N6?R;00mG=Us<Kr@fTsSuh0<5j,0*65
\s:66,c:1782377519*1C\!AIVDM,1,1,,,18LFlj001M1H7p=d5D:4OSah0<0@,0*6F
\s:66,c:1782377516*13\!AIVDM,1,1,,,Km@S>tH4LM1wN4e@,0*7C
\s:66,c:1782377517*12\!AIVDM,1,1,,,KpI7Ju<DO3BBCPA<,0*77
\s:66,c:1782377513*16\!AIVDM,1,1,,,Kolov3=CrNgSFP1<,0*68
\s:66,c:1782377507*13\!AIVDM,1,1,,,Kolj=i01r?N80RS4,0*2E
\s:66,c:1782377518*1D\!AIVDM,1,1,,,C=KmC6@00e?r9?vB;`?PgwP0lkSeKUcKia:00000000000000020,0*53
\s:66,c:1782377514*46\!AIVDM,1,1,,B,13FGfP0000wW6Q2Dc>j8V8?`0D4?,0*60
\s:66,c:1782377519*4B\!AIVDM,1,1,,B,13K<0v02P0PC`0tMHFRDUpD000S<,0*28
\s:66,c:1782377514*46\!AIVDM,1,1,,B,402Fhaivad`knPw`wpGCWSW00@P3,0*17
\s:66,c:1782377519*4B\!AIVDM,1,1,,A,ENjOtL@0V`@10TPhFh17Ph4pP000P>3G;cIEH00000N010,4*22
\s:66,c:1782377518*4A\!AIVDM,1,1,,A,33aCtR00030pR7LO:cRmPPEp0000,0*54
\s:66,c:1782377518*4A\!AIVDM,1,1,,A,13aCtR00040pR7NO:cS5PhEj08RC,0*31
\s:66,c:1782377517*45\!AIVDM,1,1,,A,19NSEE@024wpipVLa1lBnjER00Ra,0*1F
\s:66,c:1782377516*44\!AIVDM,1,1,7,A,18L2w@001;8kNpCoeGoQ;hwj0<01,0*45
\s:66,c:1782377519*4B\!AIVDM,1,1,,B,15NPLrP3AOGNb4pBw9o967Gn0<0M,0*40
\s:66,c:1782377518*4A\!AIVDM,1,1,,A,33A@IB7P@E0Mr8jNg53CtC5l00I0,0*68
\s:66,c:1782377514*46\!AIVDM,1,1,,A,85Oea<1Kf20UI6=fm?VdN<922IR6nA:`POHie?TU`n>kQl1o:wEQ,0*44
\s:66,c:1782377520*41\!AIVDM,1,1,,A,15AJ?@0000WK4dV0feqGr3kb0D<P,0*19
\s:66,c:1782377515*47\!AIVDM,1,1,,A,13t`?ImP00R2m?@I4=wv4?wf253<,0*5A
\s:66,c:1782377521*40\!AIVDM,1,1,,A,19NSO`P02?8?BiP<cC>bI`D00<0j,0*46
\s:66,c:1782377522*43\!AIVDM,1,1,,A,36TCub5P00`K2E8FBHDPD@@022n@,0*20
\s:66,c:1782377520*41\!AIVDM,1,1,,A,16:ACu001R`jOoTDT?Ah4P202<0w,0*58
\s:66,c:1782377517*45\!AIVDM,1,1,,A,18I12h001s8Bhq4;Hbi9C7Qj0@QQ,0*66
\s:66,c:1782377522*43\!AIVDM,1,1,,A,13Hp6mP000P9bBpM;fQsET@42D0e,0*6A
\s:66,c:1782377266*44\!AIVDM,1,1,,A,3:1Tj`1P03Pl<d`CWrH5PwwJ2JJP,0*45
\s:66,c:1782377522*43\!AIVDM,1,1,,A,13l9<NP01IPwoW<CqVEf1K<20`1C,0*29
\s:66,c:1782377519*4B\!AIVDM,1,1,,B,19NSmCh00g12:MpDJAe1dA@20H0?,0*2E
\s:66,c:1782377522*43\!AIVDM,1,1,,B,3Jp;v2?P00rak;H6AqWre?wd0PKh,0*1E
\s:66,c:1782377522*43\!AIVDM,1,1,,B,18Js5d8P027L7ut0gGhlrOv40@14,0*7D
\s:66,c:1782377519*4B\!AIVDM,1,1,,A,15NDD2PP00rB8TTBhmF>4?wn20SU,0*7F
\s:66,c:1782377522*43\!AIVDM,1,1,,A,402Fha1vad`l20fRaLHNEFW0081O,0*1E
\s:66,c:1782377517*45\!AIVDM,1,1,,B,177RF801j1b?AFBGm1SS92Qh00S7,0*37
\s:66,c:1782377520*41\!AIVDM,1,1,,A,33P;=kh000Oq8GlM0t>;a0Gp0000,0*04
\s:66,c:1782377520*41\!AIVDM,1,1,,A,13P;=kh000Oq8GlM0t>K`hGn0<0j,0*67
\s:66,c:1782377521*40\!AIVDM,1,1,,A,13GRCD0P00P:HBfM<S5P0?v22<0b,0*00
\s:66,c:1782377136*42\!AIVDM,1,1,,,13KBnN0vjqvttwt@Q0v0U0Q68000,0*09
\s:66,c:1782377232*45\!AIVDM,1,1,,,13KBnN002rvtudn@QCc@U0PF8000,0*7B
\s:66,c:1782377244*44\!AIVDM,1,1,,,13KBnN002rvtuk2@QF>0U@Ph8000,0*5E
\s:66,c:1782377260*42\!AIVDM,1,1,,,13KBnN002rvtur8@QI9hU@Q>8000,0*4A
\s:66,c:1782377288*44\!AIVDM,1,1,,,13KBnN0vjrvtv7F@QN`hU0P>8000,0*43
\s:66,c:1782377302*47\!AIVDM,1,1,,A,13KBnN002rvtv=L@QQ;hU0P`8<1e,0*5E
\s:66,c:1782377331*47\!AIVDM,1,1,,,13KBnN002rvtvK0@QVl@U0QR8000,0*06
\s:66,c:1782377366*45\!AIVDM,1,1,,,13KBnN002rvtvd0@QeoPU0Pj8000,0*30
\s:66,c:1782377372*40\!AIVDM,1,1,,,13KBnN002rvtvfj@Qg2hU0Pv8000,0*13
\s:66,c:1782377383*4E\!AIVDM,1,1,,,13KBnN0vjrvtvl0@Qi<hU0QD8000,0*6E
\s:66,c:1782377395*49\!AIVDM,1,1,,,13KBnN002rvtvr6@QkghU0Qf8000,0*13
\s:66,c:1782377275*46\!AIVDM,1,1,,B,147aqd01iS1hTW0R7aQ3aS5b052t,0*72
\s:66,c:1782377295*48\!AIVDM,1,1,,B,147aqd001S1hU:`R7aG3d34J00Sm,0*30
\s:66,c:1782377375*47\!AIVDM,1,1,,B,147aqd001T1hWBpR7`WSfC540@Da,0*4A
\s:66,c:1782377523*42\!AIVDM,1,1,,A,H8Sjcwi@5V0p4n3;J2222222220,2*69
\s:66,c:1782377523*42\!AIVDM,1,1,,B,H8Sjcwm680000>UPPPPPPP00000@,0*50
\s:66,c:1782377524*45\!AIVDM,1,1,,A,13aGrnP00uPBI;tMgEoTJSN8P53@,0*02
\s:66,c:1782377524*45\!AIVDM,1,1,,A,403t>WiuJl`l3`hQJhA9duW00D75,0*0A
\s:66,c:1782377524*45\!AIVDM,1,1,,A,18I<`t011M84JsH;c0>R9id60D7V,0*5D
\s:66,c:1782377524*45\!AIVDM,1,1,,A,13EjGp;P00vh==t8If4N4?v6282G,0*64
\s:66,c:1782377524*45\!AIVDM,1,1,,A,H8Sjd0i@5V0p4n3?J2222222220,2*2D
\s:66,c:1782377524*45\!AIVDM,1,1,,A,H8Sjd0m680000;MPPPPPPP00000@,0*0E
\s:66,c:1782377525*44\!AIVDM,1,1,,B,19902PHP007JHL80da0v4?v62d3w,0*35
\s:66,c:1782377486*4C\!AIVDM,1,1,,A,16Sd41POww92RvlE<2bv42Hh053<,0*3C
\s:66,c:1782377479*4C\!AIVDM,1,1,,B,16SktDPP00a3R2JEGbgItwvT20ST,0*38
\g:1-2-5199860,s:66,c:1782377523*0A\!AIVDM,2,1,0,B,59NS`v42?wocDh9;H00M<j1@Tpu<000000000016@bRF:5dENQDhBQA0,0*7C
\g:2-2-5199860*67\!AIVDM,2,2,0,B,000000000000000,2*27
\s:66,c:1782377525*44\!AIVDM,1,1,,A,19NSWPP02a8>?sb<VHTqwGt<0@33,0*20
\s:66,c:1782377481*4B\!AIVDM,1,1,,B,16ScmEPw00a2e64E;Ru3;P0`0D28,0*06
\s:66,c:1782377525*44\!AIVDM,1,1,,B,16:dstPth0`fnkhA:qh939:60@2s,0*00
\s:66,c:1782377516*13\!AIVDM,1,1,,,15N00gPP00Db5R4Qbv3SLwwb0@Ob,0*69
\s:66,c:1782377515*10\!AIVDM,1,1,,,1815IT@v21vgca<5DsFu9rU608Nm,0*5F
\s:66,c:1782377514*11\!AIVDM,1,1,,,1815``P01kE9EN6NEKAK:`uV00SN,0*3F
\s:66,c:1782377513*16\!AIVDM,1,1,,,K815HI@2a<@a75V<,0*77
\s:66,c:1782377518*1D\!AIVDM,1,1,,,KoOdd?P4@Q>Pq0><,0*6B
\s:66,c:1782377517*12\!AIVDM,1,1,,,1815Ddh01m32;FMgR2UBUB5d0<0>,0*2B
\s:66,c:1782377515*10\!AIVDM,1,1,,,Kp157wh?T0SRN03<,0*5B
\s:66,c:1782377516*13\!AIVDM,1,1,,,Kn::`OP4@wQewPE0,0*58
\s:66,c:1782377519*1C\!AIVDM,1,1,,,KoOdd?P4@Q>Pq0><,0*6B
\s:66,c:1782377515*10\!AIVDM,1,1,,,1815=FPvim3FpCodlqf3@2cD053<,0*69
\s:66,c:1782377515*10\!AIVDM,1,1,,,H>phSbP4U>l9DuVo7BoO6F22220,2*7D
\s:66,c:1782377515*10\!AIVDM,1,1,,,B>phSbP0014mkKK8nwRD=nv4SP06,0*42
\s:66,c:1782377517*12\!AIVDM,1,1,,,KmNh2s<<T1B<NP@0,0*53
\s:66,c:1782377520*16\!AIVDM,1,1,,,Kn8sOaaDLf2AH0Ot,0*18
\s:66,c:1782377519*1C\!AIVDM,1,1,,,KpSK7UL3qUAMo32P,0*4F
\s:66,c:1782377517*45\!AIVDM,1,1,,A,17OpfpPP00:l4LudWdvf4?wj00S8,0*68
\s:66,c:1782377517*45\!AIVDM,1,1,,A,15Pm=2pP00IPt1FGfGVf4?wh0<06,0*62
\s:66,c:1782377517*45\!AIVDM,1,1,,A,19NSRck000M901ekmIrHIc8d0000,0*4A
\s:66,c:1782377515*47\!AIVDM,1,1,,B,B3IcP3P0@05b=4V=7sqEKwsQhHPO,0*69
\s:66,c:1782377518*4A\!AIVDM,1,1,,B,18KFcD0000WJWc@0gj@BqU=l2@R?,0*3A
\s:66,c:1782377519*4B\!AIVDM,1,1,,A,13fBrV0021rEoK>HmswS12Kj00SI,0*40
\s:66,c:1782377519*4B\!AIVDM,1,1,,B,B3IcP3P0?h5b=NV=7qME7wu1hL2i,0*50
\s:66,c:1782377518*4A\!AIVDM,1,1,,B,29@>ik50007`WUT61sD:o:ql00S@,0*07
\s:66,c:1782377516*44\!AIVDM,1,1,,,14h@NB5P0007rT0GU>DeLOwh0000,0*23
\s:66,c:1782377519*4B\!AIVDM,1,1,,B,13iAqu@020P?dc8HLipMFral0HRq,0*1B
\s:66,c:1782377518*4A\!AIVDM,1,1,,B,36:;Jd1001`i6cfAh3idS1Wh0Djr,0*13
\s:66,c:1782377520*41\!AIVDM,1,1,,A,18ImLb0v2M`QJhp<@>R0fPV00<0N,0*7D
\s:66,c:1782377521*40\!AIVDM,1,1,,B,153W;`80000QchPI0UJv478:0<2j,0*69
\s:66,c:1782377517*45\!AIVDM,1,1,,B,18KQJl001L3V`DD?B7H=h:wh053<,0*10
\s:66,c:1782377516*44\!AIVDM,1,1,,B,13`oU5wP01PJ2:VNKiEIHOwh2@PO,0*3F
\s:66,c:1782377520*41\!AIVDM,1,1,,A,1815LMP00q:kBKgdF`6HHnV00<1J,0*3F
\s:66,c:1782377518*4A\!AIVDM,1,1,,A,35OB7KU1P0I`UJL8uAPh01sp0000,0*19
\s:66,c:1782377518*4A\!AIVDM,1,1,,A,13l=AL002rPaE:fF3uRsCI3j80S4,0*0D
\s:66,c:1782377521*40\!AIVDM,1,1,,A,17ldgc`P00`Ff:awCFNjB?v02<16,0*63
\s:66,c:1782377522*43\!AIVDM,1,1,,A,13ku9rPwR?1eTfpCP4tl8kB0081K,0*41
\s:66,c:1782377520*41\!AIVDM,1,1,,A,403OKB1uJl`l0rekG2GeB;?0280I,0*27
\s:66,c:1782377520*41\!AIVDM,1,1,,B,148Sa001CEwudBdLq01r785n880M,0*3A
\s:66,c:1782377522*43\!AIVDM,1,1,,A,B6bCIu006Hp2g1T9OK1rwwQ20000,0*6C
\s:66,c:1782377523*42\!AIVDM,1,1,,A,15@dQN0uQ28lMB0A?vfHB6@6081o,0*26
\s:66,c:1782377523*42\!AIVDM,1,1,,A,19NSUw002U8=?Fr<bigSmS82081i,0*1F
\s:66,c:1782377523*42\!AIVDM,1,1,,A,1:5an30000S5vGwqCIqpWwv40000,0*1C
\s:66,c:1782377524*45\!AIVDM,1,1,,A,15AVTD0P0mJChoP57hT=5gv800Rc,0*68
\s:66,c:1782377520*41\!AIVDM,1,1,,A,339eFw5P00PNvipML<`ntOwnRDJr,0*60
\s:66,c:1782377519*4B\!AIVDM,1,1,,B,36:VgO5P0m`dEeHAsj0C;Owp0000,0*68
\s:66,c:1782377524*45\!AIVDM,1,1,,B,17ljms00038FOdQw:dc1O6l800RB,0*7A
\s:66,c:1782377522*43\!AIVDM,1,1,,A,13s=6s?P1NwH4JhGTQFVLwv4281O,0*49
\s:66,c:1782377523*42\!AIVDM,1,1,,A,13a`pH001RwjlAbDeqekDR`2081j,0*65
\s:66,c:1782377522*43\!AIVDM,1,1,,A,H5N`=tQ0Dq8u<D0000000000000,2*6F
\s:66,c:1782377522*43\!AIVDM,1,1,,A,H5N`=tTT0000000G48pnqi105220,0*45
\s:66,c:1782377526*47\!AIVDM,1,1,,B,403t6KAvad`l58e7aHApa=200D>u,0*03
\s:66,c:1782377527*46\!AIVDM,1,1,,B,13mj160000PJ@MNQg`u=@W4:0<1A,0*05
\s:66,c:1782377527*46\!AIVDM,1,1,,B,19NSW?hw3B3F:NSi=8jqJ7P<0<0;,0*05
\s:66,c:1782377527*46\!AIVDM,1,1,,A,33ku9`m0007JI?p0eUJuCHL>0EDb,0*52
\s:66,c:1782377527*46\!AIVDM,1,1,,A,15@dQN0uQ28lMB0A?vfHB6@6081o,0*26
\s:66,c:1782377522*43\!AIVDM,1,1,,A,35OB7KU2@0I`UJL8uAPh01sp0000,0*0A
\s:66,c:1782377521*40\!AIVDM,1,1,,A,H3JI4v0`5H40000000000000000,2*07
\s:66,c:1782376815*4B\!AIVDM,1,1,,B,H3JI4v4UC=D713:q82nkli1@C340,0*35
\s:66,c:1782377507*13\!AIVDM,1,1,,,177Fsb001b<Gs@JK;FeCB2aH0<04,0*11
\s:66,c:1782377513*16\!AIVDM,1,1,,,KlR8Jr1Ocj2K@P7<,0*07
\s:66,c:1782377515*10\!AIVDM,1,1,,,KkW1?N=w`EjEN1dh,0*63
\s:66,c:1782377514*11\!AIVDM,1,1,,,33EsB<000QdJHkahR>tHBFAV01w0,0*4F
\s:66,c:1782377514*11\!AIVDM,1,1,,,15U7F<8000JvQ2B6aN9hwQO80@MW,0*1D
\s:66,c:1782377513*16\!AIVDM,1,1,,,Kl`Uw4hA92=lV0jh,0*21
\s:66,c:1782377515*10\!AIVDM,1,1,,,KqN`3O0=bSjo>4e<,0*65
\s:66,c:1782377518*1D\!AIVDM,1,1,,,15SVv>001bGCL2ow@hs;;8oT08MI,0*4B
\s:66,c:1782377518*1D\!AIVDM,1,1,,,C693lt00>EvEHguT1:uA@Wv02468;1gk:0000000000000411R2P,0*28
\s:66,c:1782377519*4B\!AIVDM,1,1,,A,3815V:A000Os;abLulmuIj=l0000,0*0F
\s:66,c:1782377519*4B\!AIVDM,1,1,,A,134;Jp0rj@PA4blMIE:56Cwj80Rw,0*59
\s:66,c:1782377515*47\!AIVDM,1,1,,A,35N0cSd00kIbr:DC<MQ6u5Gp0000,0*64
\s:66,c:1782377519*4B\!AIVDM,1,1,,B,139c:SPP000VqOPNQn7s8?wn00S;,0*5F
\s:66,c:1782377514*46\!AIVDM,1,1,,B,4h2E:wAvad`knPG6I>NBHt?0253<,0*75
\s:66,c:1782377521*40\!AIVDM,1,1,,B,139IL1PP1>PeHOlN`G?Tm?v2080W,0*00
\s:66,c:1782377516*44\!AIVDM,1,1,,B,13mTON00000L0W:SgTI6`Rmd08Q1,0*72
\s:66,c:1782377519*4B\!AIVDM,1,1,,B,169>F8PP0W8VPsPDVGfTIwwj00Su,0*43
\g:1-2-5199861,s:66,c:1782377518*03\!AIVDM,2,1,1,B,53d4VI82HJPdTu0g:21H:0Tq<TLpT6222222220l1hB766LG002E1khH,0*0A
\g:2-2-5199861*66\!AIVDM,2,2,1,B,888888888888880,2*26
\s:66,c:1782377520*41\!AIVDM,1,1,,B,18:vni0P018`7:@8Dm=HCwv42d1C,0*25
\s:66,c:1782377522*43\!AIVDM,1,1,,B,17ljFc0P1IWJglp0HGB;Cgv2253@,0*2C
\s:66,c:1782377519*4B\!AIVDM,1,1,,B,39N`3TE000PHR@JHjE;ICWMn0P00,0*11
\s:66,c:1782377519*4B\!AIVDM,1,1,,A,1;23Sr0000OH0=lH:OTmokb008S2,0*51
\s:66,c:1782377519*4B\!AIVDM,1,1,,B,13aEP68P00PGCFHNOg2N4?wl28RN,0*4B
\s:66,c:1782377519*4B\!AIVDM,1,1,,A,11mg=5@P00ROgH6@dgPP0?wl28RR,0*6D
\s:66,c:1782377518*4A\!AIVDM,1,1,,B,38IH5h0OhN7Jt=t0c`NhAJkj01sh,0*6E
\s:66,c:1782377519*4B\!AIVDM,1,1,,A,33tg1mP0000rOmFPJA>P001p0000,0*5B
\s:66,c:1782377517*45\!AIVDM,1,1,,B,33@o5cWP@=0M8BNNfdeajI7h00ui,0*47
\s:66,c:1782377515*47\!AIVDM,1,1,,B,3779Pc5000<VOiGbM2u4GUqf0DrJ,0*07
\s:66,c:1782377521*40\!AIVDM,1,1,,A,13a4@>gP00PCGB@ML4iTF?v0253@,0*2D
\s:66,c:1782377519*4B\!AIVDM,1,1,,,ENkb;1w9h@@@@@@@@@@@@@@@@@@;V>G8=jcE0000000000,4*10
\s:66,c:1782377516*44\!AIVDM,1,1,,A,36:dAE@P@08d<R@B4:9SA9Ej012P,0*79
