\s:66,c:1782377507*44\!AIVDM,1,1,,A,B3IGJ<P0;H3UVA5vv>dlSwo1l@KJ,0*19
\s:66,c:1782377504*47\!AIVDM,1,1,,B,36;==7UP0q`MTI@FAL7bC?wH22oi,0*43
\s:66,c:1782377508*4B\!AIVDM,1,1,,A,16=q??hP005eSFh3vj@:BOwP0HLE,0*76
\s:66,c:1782377508*4B\!AIVDM,1,1,,B,39NSSOP11MwwuO<FRbn;8pnP0NFS,0*0B
\s:66,c:1782377501*42\!AIVDM,1,1,,B,B3`gL5h0>P3walWF`qd@gwl5h000,0*60
\s:66,c:1782377508*4B\!AIVDM,1,1,,A,ENkaRSLqK@@@@@@@@@@@@@@@@@@<W1D08Ihjh00003vP000,2*42
\s:66,c:1782377505*46\!AIVDM,1,1,7,A,C3fW`i@00:5cK?wlRH`5?TN04bNk0`T5Kkk:0000000000D2RRR0,0*67
\s:66,c:1782377507*44\!AIVDM,1,1,,B,BT0ar=00@gsdc?6vrwRBuoEQh000,0*42
\s:66,c:1782377500*43\!AIVDM,1,1,,B,19t6Ul0023PktipEI@Ws`qAB2<8@,0*0D
\s:66,c:1782377496*4D\!AIVDM,1,1,,A,33orpN00001FpSPWoQg0`6Mp0000,0*54
\s:66,c:1782377499*42\!AIVDM,1,1,,B,1694WL002=8:kV489H@1H1980@F4,0*72
\s:66,c:1782377503*40\!AIVDM,1,1,,B,B8Sjn>h0:arLio1P:Qr6Cwm7GP06,0*3C
\s:66,c:1782377504*47\!AIVDM,1,1,,A,148eiL01BTP7SWdMc7RTK3SH88J3,0*4E
\s:66,c:1782377491*4A\!AIVDM,1,1,,A,14`V21P01bVj:6D3TAw1Ui>r0L0W,0*5A
\s:66,c:1782377505*46\!AIVDM,1,1,,B,1815R=wP00SRt<@@BKW>4?wH28JA,0*7C
\s:66,c:1782377505*46\!AIVDM,1,1,,B,3343;6UP00PCfr8MDlnJu?wJ0Dab,0*54
\s:66,c:1782377506*45\!AIVDM,1,1,,A,13RW3D7P001d5k4Ef278lOwJ00RD,0*18
\s:66,c:1782377506*45\!AIVDM,1,1,,B,19Hl>K001=QvJdTGDskr<H=J0<1`,0*1A
\g:1-2-5198973,s:66,c:1782377503*0A\!AIVDM,2,1,3,A,539P:R427>u8@8=`000m0u=<000000000000001S3P6:20000320C@UD,0*73
\g:2-2-5198973*65\!AIVDM,2,2,3,A,Qh0000000000000,2*1E
\s:66,c:1782377502*41\!AIVDM,1,1,,A,13AB6b001F0G=LtOoSN:i`iF053<,0*5D
\s:66,c:1782377505*46\!AIVDM,1,1,,A,33o25lU1h00kal<U7>eI40gp0000,0*17
\s:66,c:1782377506*45\!AIVDM,1,1,,A,36:6ETQ0028eTNhAB0cKg35L0E1r,0*72
\s:66,c:1782377500*43\!AIVDM,1,1,,B,13Eh0t7P0O0?Ml2HC;w00Ow>0HGE,0*71
\s:66,c:1782377505*46\!AIVDM,1,1,,B,B3`dik00085ve97`TN3Q3wn1nDJb,0*73
\s:66,c:1782377507*44\!AIVDM,1,1,,B,19NSta001r`?2h8<e1SbA`?J00R<,0*38
\s:66,c:1782377506*45\!AIVDM,1,1,,B,133iuv000dP>HwjMGlVIb7aJ053<,0*1C
\s:66,c:1782377505*46\!AIVDM,1,1,,B,36:@CdPP@38fVQhA2pQ=FaMH013A,0*01
\s:66,c:1782377502*41\!AIVDM,1,1,,A,13P=ocmOi5OqJ2>ONEdQMQ84000?,0*2D
\s:66,c:1782377505*46\!AIVDM,1,1,,A,13=;Up0tAe`7N3b;A:AedJkF80RS,0*41
\s:66,c:1782377504*47\!AIVDM,1,1,,B,B7mF@j@00J5dmEwl7>K43wm2TD3T,0*23
\s:66,c:1782377505*46\!AIVDM,1,1,,B,17lj3=0P00`Fg=uwApo2cgwH20Rq,0*43
\s:66,c:1782377507*44\!AIVDM,1,1,,A,13ku9JPOh<OFNH4EtHT@v3KL00Rp,0*34
\s:66,c:1782377501*42\!AIVDM,1,1,,B,1819BShP00G?AgBEb`q5awwD2@I>,0*32
\s:66,c:1782377498*43\!AIVDM,1,1,,A,17luj>jP00`=nT1vdWGuv?w:08FJ,0*76
\s:66,c:1782377507*44\!AIVDM,1,1,,A,19NSqwP00lOe;CTDpvMqUGqH0d0d,0*5A
\s:66,c:1782377505*46\!AIVDM,1,1,,A,33TRE:00001K8K0Fc;Wh001p0000,0*06
\s:66,c:1782377505*46\!AIVDM,1,1,,A,13IlvA002TwdcPvL1`P1kiSF8<2g,0*3C
\s:66,c:1782377507*44\!AIVDM,1,1,,A,133eldPP00PCj`PMEvMv4?wN2<7s,0*0E
\s:66,c:1782377507*44\!AIVDM,1,1,,B,36K974500088Bd><vt9br4cJ0Dw:,0*7F
\s:66,c:1782377508*4B\!AIVDM,1,1,,B,19Lh6P10012mG:AucE5002ON2D0s,0*6C
\s:66,c:1782377506*45\!AIVDM,1,1,,B,13l3oJP008RNtGT@O;u`PIgL0D0e,0*7C
\s:66,c:1782377507*44\!AIVDM,1,1,,B,13cdFL000o0A24rHmD?::H7L0D1m,0*35
\s:66,c:1782377508*4B\!AIVDM,1,1,,A,13ku7fPPB?0AKI@MHJHDP3ML0HKq,0*46
\s:66,c:1782377503*40\!AIVDM,1,1,,A,KmO6cQ;u<`Bn309T,0*1B
\s:66,c:1782377503*40\!AIVDM,1,1,,B,17PCsN0OhObu<JihF7H0i0mH08IS,0*52
\s:66,c:1782377501*42\!AIVDM,1,1,,A,169GF2001f`9DL4<mGo=RP3820Rw,0*73
\s:66,c:1782377497*4C\!AIVDM,1,1,,B,13HjWo0P1=P1MWjLNUS40gw820TB,0*7C
\s:66,c:1782377503*40\!AIVDM,1,1,,,13=@Bb0u1u8h8i@Ak@ibPHSp0000,0*22
\s:66,c:1782377504*47\!AIVDM,1,1,,A,17P2:h0Ohsbu7=KhEC18@FeF0<20,0*6E
\s:66,c:1782377499*42\!AIVDM,1,1,,A,B3P7U>h04wuJ@@W?I7JUbWv00000,0*05
\s:66,c:1782377501*42\!AIVDM,1,1,,A,33aGrr@0000Ja;DNFaO0001p0000,0*43
\s:66,c:1782377503*40\!AIVDM,1,1,,B,B6:=sI00Ej;SFa4BjC8:7wkSQP06,0*2E
\s:66,c:1782377499*42\!AIVDM,1,1,,A,147lQH00001htB0R19R`<T?:0@Fo,0*62
\s:66,c:1782377499*42\!AIVDM,1,1,,A,13mCKB001q0GKoPSKTWP705:0<0r,0*4D
\s:66,c:1782377496*4D\!AIVDM,1,1,,B,B52ib6@00=pomiTli<OQ2Kj1nDD:,0*3E
\g:1-3-5198974,s:66,c:1782377505*0A\!AIVDM,3,1,4,A,802UaTh0D<00000D42E5khjchRQw1<00000D82E1KhjPAagw0<00000=,0*51
\g:2-3-5198974*63\!AIVDM,3,2,4,A,`2E0i@iwOHsw3L00000=d2E3?PjR:S4w3L00000=h2E5t0jb950w3L00,0*0F
\g:3-3-5198974*62\!AIVDM,3,3,4,A,000=l2DaNPjfdjhw3@,4*10
\s:66,c:1782377506*45\!AIVDM,1,1,,B,17Odde0000:l3kQdWpjr51wH00RL,0*28
\s:66,c:1782377506*45\!AIVDM,1,1,,A,37PCsN0OhObu<K5hF7N10hoN01uP,0*3A
\s:66,c:1782377504*47\!AIVDM,1,1,,A,13ku8P001@PBVDtMfqnSOBmH:0SF,0*07
\s:66,c:1782377505*46\!AIVDM,1,1,,B,19NSJl000Ed`N3ibb89rdR=D2L02,0*33
\s:66,c:1782377502*41\!AIVDM,1,1,,A,16:=?VP01;8ghO:AamNn?4E@00R>,0*68
\s:66,c:1782377505*46\!AIVDM,1,1,,A,@05NUb3PRfnD<P00,0*0B
\s:66,c:1782377501*42\!AIVDM,1,1,,B,16K2G0@0099ihm0D1P601C7D0<2v,0*5A
\s:66,c:1782377506*45\!AIVDM,1,1,,A,16=q?H@0005eRRt3vq`c>RcJ00S6,0*59
\s:66,c:1782377500*43\!AIVDM,1,1,,A,BCh;T`001oVMQ`9PcgDrWwT2s000,0*6A
\s:66,c:1782377506*45\!AIVDM,1,1,,B,37P2:h0Ohsbu7<OhEBn`AngL023h,0*1A
\s:66,c:1782377501*42\!AIVDM,1,1,,A,15N5j:<01:q=>p>@vauMCJO<0000,0*27
\s:66,c:1782377504*47\!AIVDM,1,1,,B,18Hurh001A0BArbNB6F7OEsF0<7r,0*65
\s:66,c:1782377503*40\!AIVDM,1,1,,B,139Gq50P00PNoM>MLAwv4?wF2<11,0*0A
\s:66,c:1782377502*41\!AIVDM,1,1,,A,36:DU;0P@K`:vi@<r3`W@VAB20rh,0*1A
\s:66,c:1782377507*44\!AIVDM,1,1,,B,15CDc<01QOP1O1LLlJuRpRG20@KR,0*46
\s:66,c:1782377502*41\!AIVDM,1,1,,B,142OlQk0?w2?QhDHQpfv46q62`I4,0*10
\s:66,c:1782377506*45\!AIVDM,1,1,,A,16:?2p00008iEN<A`<GkACwD0<Cd,0*2B
\s:66,c:1782377504*47\!AIVDM,1,1,,A,15>nr8002w7O7BD1Pi?=WrqH0@Ih,0*73
\s:66,c:1782377505*46\!AIVDM,1,1,,B,13FJNB?000wiq:8HkwrckQcH2<13,0*1D
\g:1-2-5198975,s:66,c:1782377507*08\!AIVDM,2,1,5,B,577Uan82:pu=I9LGR20tt<j04lE8T<6222222217GiFM;5e70N@k`561,0*08
\g:2-2-5198975*63\!AIVDM,2,2,5,B,wOPk`10C`888880,2*5B
\s:66,c:1782377506*45\!AIVDM,1,1,,A,15Mwm9?P02Jdrp8GA`gK2wwN2HKD,0*76
\s:66,c:1782377506*45\!AIVDM,1,1,,B,28I<>i50007akph60D<MhP3J053<,0*55
\s:66,c:1782377506*45\!AIVDM,1,1,,B,1:0JpS0009ROPBN@l;Cpb53J2D0k,0*18
\s:66,c:1782377505*46\!AIVDM,1,1,,A,1697?vP000KwNN9ct>mQ;I?Kp<0g,0*0B
\s:66,c:1782377506*45\!AIVDM,1,1,,A,B5UfJ<00lH=Q;MODGaUl=QG1l53<,0*72
\s:66,c:1782377501*42\!AIVDM,1,1,,B,13aG?N00000Dvi0N15q4PSc@053<,0*0E
\s:66,c:1782377504*47\!AIVDM,1,1,,B,13aDruPP02PFNj6MuthN4?wH253<,0*55
\s:66,c:1782377507*44\!AIVDM,1,1,,B,13l3nAP02V1>k:FEBIbla3aJ0L0o,0*51
\s:66,c:1782377502*41\!AIVDM,1,1,,A,19NSqQ@01;JAeo8>g<FMHbO>0000,0*65
\s:66,c:1782377506*45\!AIVDM,1,1,,A,7@2:KkPhsVmp,0*79
\s:66,c:1782377508*4B\!AIVDM,1,1,,B,EvjMkAiRba7`60b37a6P000000007OeT>p6uP:1Aa`N000,4*36
\s:66,c:1782377508*4B\!AIVDM,1,1,,B,16:3psPP01`c`;RFW:L>4?wD20Sd,0*77
\s:66,c:1782377507*44\!AIVDM,1,1,,A,C3`D<K@02r7QUHUSfb8uKT01QcUkcKSiKee:0000000000D2RRR0,0*64
\s:66,c:1782377508*4B\!AIVDM,1,1,,B,13Vgdl002S0q5rpE<vH3sk9R0<7t,0*41
\s:66,c:1782377507*44\!AIVDM,1,1,,A,13=tbP001?0l=pfE6;V6g5MJ053<,0*51
\s:66,c:1782377504*47\!AIVDM,1,1,,B,16=q>qP000UeS;83virrFRG808Ie,0*42
\s:66,c:1782377502*41\!AIVDM,1,1,,A,B39c4F000gpkph5>SWH026N00000,0*26
\g:1-2-5198976,s:66,c:1782377503*0F\!AIVDM,2,1,6,A,569q14P000009@=J2210ThuB08t5B3604r0PF20j1@52340Ht2P00000,0*20
\g:2-2-5198976*60\!AIVDM,2,2,6,A,000000000000880,2*22
\s:66,c:1782377498*43\!AIVDM,1,1,,B,HCgNWB0`tr0MD@HTpq=<tp00000,2*17
\s:66,c:1782377498*43\!AIVDM,1,1,,B,HCgNWB4N5=DB1;0nknp0000h2110,0*2D
\s:66,c:1782377505*46\!AIVDM,1,1,,A,169DRi@0008gKbdABoFv44S80@EB,0*45
\s:66,c:1782377506*45\!AIVDM,1,1,,B,13l3qvh02j01S0jLts?IsWsJ053<,0*5D
\s:66,c:1782377506*45\!AIVDM,1,1,,A,B39c4F000?pkpdU>S`0026N00000,0*5D
\s:66,c:1782377504*47\!AIVDM,1,1,,B,33ioSJ3OhA0;N@lMNv?aEWID024P,0*54
\s:66,c:1782377502*41\!AIVDM,1,1,,A,13l3qhC1h1P<QjVN6V>twne@00Rs,0*31
\s:66,c:1782377505*46\!AIVDM,1,1,,B,B3m=o4P0086WM;`L:1WQ3wnQl000,0*26
\s:66,c:1782377506*45\!AIVDM,1,1,,A,102E;6wP00PBlo<MgVLogOwL2<Cb,0*34
\s:66,c:1782377507*44\!AIVDM,1,1,,A,C6:bIH@002;>FN4NpdfU7wv0V@bLl;V0000000000000e506440P,0*11
\s:66,c:1782377504*47\!AIVDM,1,1,,A,13SRn2001BQ;?1:Hq91110kB053<,0*76
\s:66,c:1782377504*47\!AIVDM,1,1,,B,13aGCegP00PHUtrNFsK@0?wH2Kwd,0*71
\s:66,c:1782377502*41\!AIVDM,1,1,,B,16:7<900008cjBhB0Sc1D`qF0<=Q,0*31
\s:66,c:1782377505*46\!AIVDM,1,1,,A,B3@pEV00@HDF5l8NSJ4oOwn1l@JE,0*57
\s:66,c:1782377497*4C\!AIVDM,1,1,,B,405iI3Qu00Ht00>Og0E2Kp700PS@,0*01
\s:66,c:1782377497*4C\!AIVDM,1,1,,B,13m;<E0006PmAojU549bq;56053<,0*3B
\s:66,c:1782377503*40\!AIVDM,1,1,,B,3815cH@01n`j2@j@uHQSI2gD2000,0*19
\s:66,c:1782377503*40\!AIVDM,1,1,,A,13FMQV0000wW8trDc@omKP?D2000,0*31
\s:66,c:1782377504*47\!AIVDM,1,1,,B,B6:d;i009R1vGq3@:>Vn00ET0000,0*19
\s:66,c:1782377504*47\!AIVDM,1,1,,,18LdOP02Bi2B2jKeKdeaVWUF0000,0*4F
\s:66,c:1782377502*41\!AIVDM,1,1,,,13IlbF000:sVFdJ66;P2tCIB0000,0*46
\s:66,c:1782377502*41\!AIVDM,1,1,,B,B42OjgP01PPIM45A5<gQ3wlQh000,0*28
\s:66,c:1782377502*41\!AIVDM,1,1,,A,3:p;eNm001rV:Rl5u;Waf@i@0DVb,0*31
\s:66,c:1782377503*40\!AIVDM,1,1,,A,B5Nwl>000=kd=36t3Fh000N00000,0*27
\s:66,c:1782377501*42\!AIVDM,1,1,,,18;;N<0P00`VbSh8NHJJMOw@2D0h,0*36
\s:66,c:1782377501*42\!AIVDM,1,1,,A,33eW=f000012ThTDOaH;11up0000,0*38
\s:66,c:1782377506*45\!AIVDM,1,1,,A,13eW=f000112ThTDOaHL`1uH0<2D,0*5F
\s:66,c:1782377500*43\!AIVDM,1,1,,A,4028isB3`SP01P;RvBFU28W00PS:,0*5B
\s:66,c:1782377502*41\!AIVDM,1,1,,A,14h@:G002D08T9dF?reiaiM:08Hg,0*5E
\s:66,c:1782377501*42\!AIVDM,1,1,,B,13cmbs002f0BcFjF?mnbcHQB0@Gl,0*2A
\s:66,c:1782377505*46\!AIVDM,1,1,,B,13aVDg0P0rPHSRNNBsgW1OwJ253<,0*42
\s:66,c:1782377506*45\!AIVDM,1,1,,A,13cmbs002f0Bc;:F?mrbc8SN00Rs,0*1C
\s:66,c:1782377507*44\!AIVDM,1,1,,A,377:==5000PCPWfMFBHf1Q360Dg:,0*73
\s:66,c:1782377505*46\!AIVDM,1,1,,A,15Cm5J001h7R5Kl1cD615PsH00S4,0*75
\s:66,c:1782377503*40\!AIVDM,1,1,,,17f@sl5000<lARQs7l<;wC3D0000,0*23
\s:66,c:1782377504*47\!AIVDM,1,1,,B,15TOOJ001cPFOGdEUd0b:`=F0t5W,0*36
\s:66,c:1782377502*41\!AIVDM,1,1,,B,13QQif001i0Hvl<SgS2aFGOD053<,0*1A
\g:1-2-5198977,s:66,c:1782377484*00\!AIVDM,2,1,7,A,59NSt>`0@V33DiaC:20EI8u>222222222222221@RHrQK5en0KSl381h,0*6C
\g:2-2-5198977*61\!AIVDM,2,2,7,A,C31H88888888880,2*2A
\s:66,c:1782377507*44\!AIVDM,1,1,,A,13m;<E0004PmAojU549esK5L00Ra,0*0C
\s:66,c:1782377507*44\!AIVDM,1,1,,B,13bKJh00j>O`A`:LIhKIc7eL0<22,0*52
\s:66,c:1782377507*44\!AIVDM,1,1,,B,19N`2tP2BFPAivtMH`?9`okd8DBI,0*4D
\s:66,c:1782377504*47\!AIVDM,1,1,,B,4028isD47wP01P;RvDFU28G00d6e,0*32
\s:66,c:1782377504*47\!AIVDM,1,1,,B,16:aKjhP008d;6PAu6=h0?wJ20Rt,0*20
\s:66,c:1782377508*4B\!AIVDM,1,1,,A,15AvKb001aWKV>T0dwab7`9L0<<P,0*2E
\s:66,c:1782377503*40\!AIVDM,1,1,,A,B52aSWP005k40`6u2nl000N00000,0*51
\s:66,c:1782377505*46\!AIVDM,1,1,,A,13EtLJ0P0KOWe?VDRlwPb?wH0000,0*23
\s:66,c:1782377504*47\!AIVDM,1,1,,B,37f@sl5000<lARQs7l<<B33H0DSr,0*78
\s:66,c:1782377507*44\!AIVDM,1,1,,,17f@sl5000<lARQs7l<:4C3L0000,0*69
\s:66,c:1782377508*4B\!AIVDM,1,1,,A,H5ODm6QTDhhuN1<uP0000000000,2*5B
\s:66,c:1782377508*4B\!AIVDM,1,1,,A,H5ODm6TTFC@D1AIG4@pmln0h826<,0*47
\s:66,c:1782377502*41\!AIVDM,1,1,,B,13Ep4LPP1HwW;3rDchQT`?wD28I4,0*18
\s:66,c:1782377503*40\!AIVDM,1,1,,B,13m?rB0u@00lNC2U4a4nrjoD0<0U,0*13
\s:66,c:1782377501*42\!AIVDM,1,1,,A,19<CW8001RR6O;LHEiSG@moB28HK,0*78
\s:66,c:1782377506*45\!AIVDM,1,1,,A,19NSOS@Oh2vrh:j@A0gn=`Sp1hMb,0*76
\s:66,c:1782377503*40\!AIVDM,1,1,,A,19NScA@wAtP`FC4ETtUJT8KD0<43,0*00
\s:66,c:1782377506*45\!AIVDM,1,1,,A,13aI:70P000DR>pMdiWSpwwL28K=,0*0D
\s:66,c:1782377505*46\!AIVDM,1,1,,A,H3F;S0QH4p@4hT4000000000000,2*60
\s:66,c:1782377505*46\!AIVDM,1,1,,A,H3F;S0TTPPP001T2?ijklm980030,0*10
\s:66,c:1782377508*4B\!AIVDM,1,1,,B,@@5NIkB8ng;D<P0000000500,0*19
\s:66,c:1782377508*4B\!AIVDM,1,1,,B,1:LR13hP00KlpRmd;dd@0?wP2<1A,0*2B
\s:66,c:1782377507*44\!AIVDM,1,1,,B,15NbpOP000rdqeJGAuNWVW3N00Rg,0*39
\s:66,c:1782377508*4B\!AIVDM,1,1,,B,B3cw6m0008B=2B5OvkOQ3wiUoP06,0*24
\s:66,c:1782377503*40\!AIVDM,1,1,,A,13JP4N0005PErhvE@AbUw0uF2HIf,0*6A
\s:66,c:1782377497*4C\!AIVDM,1,1,,B,1815F=PwhJwuculLUv`K?rlf08F:,0*59
\s:66,c:1782377502*41\!AIVDM,1,1,,B,13@pl8hvh008ap@NkRNr>pE@8@HQ,0*3D
\s:66,c:1782377502*41\!AIVDM,1,1,,A,33Ub;V003J1PrHdEppC3`Rsp0000,0*3E
\s:66,c:1782377498*43\!AIVDM,1,1,,A,B3ti:`P0khEdgC8T785NI;v00000,0*5A
\s:66,c:1782377310*44\!AIVDM,1,1,,B,1815Pb002H6pN7F3JWQc890p0@Au,0*00
\s:66,c:1782377504*47\!AIVDM,1,1,,B,16:BGaP01f8j4M4DdvbnvmcJ0@J3,0*35
\s:66,c:1782377501*42\!AIVDM,1,1,,A,13K`MB00001V30HROan5qab00000,0*49
\s:66,c:1782377505*46\!AIVDM,1,1,,A,13`h?AhP1A0B33HML0EjagwJP<2D,0*1F
\s:66,c:1782377504*47\!AIVDM,1,1,,B,16;3l4001D8k2P6ACuAFlmGF00Ru,0*57
\s:66,c:1782377505*46\!AIVDM,1,1,,A,B6:frnh00225RjS?RDhMLGl3QP06,0*7B
\s:66,c:1782377501*42\!AIVDM,1,1,,A,4025bw1uJl`k`PcOkdOnoMi02@HI,0*63
\s:66,c:1782377503*40\!AIVDM,1,1,,B,13cmld00360lifrF6FArw8qF08I9,0*00
\s:66,c:1782377501*42\!AIVDM,1,1,,A,33F0>V001?OuIdbEW<<6rUQp0000,0*61
\s:66,c:1782377501*42\!AIVDM,1,1,,B,H7Oi9>4U65342:tF>Jjnin1pD440,0*66
\s:66,c:1782377507*44\!AIVDM,1,1,,A,1r5aSH8P01RmQ@ouc4=GOgwF2P00,0*21
\s:66,c:1782377504*47\!AIVDM,1,1,,A,13lv:F021T0nQrJGhKi<29cH0000,0*03
\s:66,c:1782377506*45\!AIVDM,1,1,,A,144ckh0P1JaKbUtHaKuSk?w@2<2a,0*7F
\s:66,c:1782377506*45\!AIVDM,1,1,,B,16SkWF001ia>fvpCrGW0FPKL08K4,0*1B
\s:66,c:1782377507*44\!AIVDM,1,1,,B,19NSs5k001M6OsakDgh9hB?N053<,0*42
\s:66,c:1782377503*40\!AIVDM,1,1,,B,15?dRq0001SQ@P8?i<dCc03D253<,0*13
\s:66,c:1782377506*45\!AIVDM,1,1,,B,34RrQt001jNfm<0:LcLoBmeH00uh,0*1C
\s:66,c:1782377505*46\!AIVDM,1,1,,A,19NSgDP01S8hQKl@wGg4<CC@00S`,0*58
\s:66,c:1782377505*46\!AIVDM,1,1,,B,14cM72@01l7OFJp0tmcAE0wB0`JR,0*21
\s:66,c:1782377506*45\!AIVDM,1,1,,A,169L1cmP?w<tSF0l4Q@>4?wp1h1j,0*67
\s:66,c:1782377507*44\!AIVDM,1,1,,A,3815F=P00Jwucr@LUves?:m60000,0*3C
\s:66,c:1782377507*44\!AIVDM,1,1,,A,13P7qi003409JQ:M=PVb6H3L0<8m,0*38
\s:66,c:1782377502*41\!AIVDM,1,1,,B,13lwPB?0000QjStI0ra=1oeB253<,0*2B
\s:66,c:1782377501*42\!AIVDM,1,1,,B,33gUP;gOhNNfcs>V79LBaj=@00mi,0*50
\g:1-2-5198978,s:66,c:1782377505*07\!AIVDM,2,1,8,B,59NSmNp2H17ODi8gF20m<>1<Tltp622222222217>SrS@5fgN`@kk3k@,0*4B
\g:2-2-5198978*6E\!AIVDM,2,2,8,B,Sp8888888888880,2*0C
\s:66,c:1782377505*46\!AIVDM,1,1,,A,13cmvM0P00P`mDJIJI4VoOwJ00Rw,0*32
\s:66,c:1782377505*46\!AIVDM,1,1,,A,18I071PP17WLMdf0hiw`lwwH2@JW,0*6F
\s:66,c:1782377483*49\!AIVDM,1,1,,B,16:KjU001:6k;8J3Ups:66,0*0C
\s:66,c:1782377504*47\!AIVDM,1,1,,A,4h5GdOQuJl`kd7Ko:t0h7kW00D7w,0*44
\s:66,c:1782377504*47\!AIVDM,1,1,,A,35R7pB001cJ9Msf5Fg59H7mp0000,0*74
\s:66,c:1782377505*46\!AIVDM,1,1,,A,B39fbK00EH6FdH`KojaggwnQl<2S,0*46
\s:66,c:1782377504*47\!AIVDM,1,1,,,147GUl001M1cMN:QQ:J:M8MH1000,0*07
\s:66,c:1782377498*43\!AIVDM,1,1,,B,16:4gsP01L`iva8CMl=FvmQ:2HFB,0*14
\s:66,c:1782377504*47\!AIVDM,1,1,,A,1819=I@000P<4iTF`m9L`4SH00St,0*10
\s:66,c:1782377502*41\!AIVDM,1,1,,B,14eG?go01EnrV0:Lu<4TSCaD0@Hk,0*32
\s:66,c:1782377507*44\!AIVDM,1,1,,B,13iPdN0P1BPCdavMGwveLgwN2@Kk,0*69
\s:66,c:1782377502*41\!AIVDM,1,1,,A,H3mdb5P<P58l000000000000000,2*6C
\s:66,c:1782377502*41\!AIVDM,1,1,,A,H3mdb5TT0000000<5lohq00h6040,0*4A
\s:66,c:1782377505*46\!AIVDM,1,1,,A,15Mtir0P00oWkc2Be2kf4?wF2000,0*42
\s:66,c:1782377504*47\!AIVDM,1,1,,B,19NSv:T01mPItl8EOBRCMji@0L4:,0*58
\s:66,c:1782377502*41\!AIVDM,1,1,,,B5O4QPP00;=pDvMVaKwQ3wm1l000,0*2D
\s:66,c:1782377503*40\!AIVDM,1,1,,A,169L1`P0?w<tSF0l4Q@>469v0d8g,0*71
\s:66,c:1782377506*45\!AIVDM,1,1,,A,133vmGg000PCJKDMEjdHuo;H0hK@,0*3E
\s:66,c:1782377506*45\!AIVDM,1,1,,A,B7lcbMh009nv9GP:SpdmgwnVSP06,0*29
\s:66,c:1782377502*41\!AIVDM,1,1,,A,13gKk5g000NrIm2ThqWAm`=l053<,0*26
\s:66,c:1782377504*47\!AIVDM,1,1,,A,19NSV50vAb:ddjEksaiQ80u808Ii,0*0C
\s:66,c:1782377501*42\!AIVDM,1,1,,B,28SO0G@0007b?PN5tPnpGGg@0L4h,0*48
\s:66,c:1782377504*47\!AIVDM,1,1,,B,38159=000E3Q@Gd@?SbK>9GJ02oA,0*79
\s:66,c:1782377503*40\!AIVDM,1,1,,B,13KQD1000d1U91nRT97=M?v00000,0*1F
\s:66,c:1782377506*45\!AIVDM,1,1,,A,362?@h50006T<e8<hGq9R5gH0Dg:,0*3A
\s:66,c:1782377508*4B\!AIVDM,1,1,,B,19NSi>h0S;4oM9WvT6DjojAL0?ww,0*12
\s:66,c:1782377507*44\!AIVDM,1,1,,A,347GUl001M1cMILQQ:H:M8MN00AC,0*32
\s:66,c:1782377508*4B\!AIVDM,1,1,,B,16:BcH00008gbg0A8f50045L0FMF,0*01
\s:66,c:1782377502*41\!AIVDM,1,1,,A,14eGO2P000o=97RL8>?dCBEF0000,0*01
\s:66,c:1782377506*45\!AIVDM,1,1,,A,19NSjq@wBO7NQBl0nIa`uG7J00Re,0*7A
\s:66,c:1782377506*45\!AIVDM,1,1,,A,19NSs`002@JWwj`7FjFB8imH0@K<,0*5E
\s:66,c:1782377504*47\!AIVDM,1,1,,A,B3Hf3m000`JooRUVQal;p9v00000,0*04
\s:66,c:1782377501*42\!AIVDM,1,1,,A,B52erth00=pgMsTm4UPp?wlUoP06,0*4C
\s:66,c:1782377507*44\!AIVDM,1,1,,A,41q7MhAuJl`keRk=b4<B=1W00HKF,0*0E
\s:66,c:1782377504*47\!AIVDM,1,1,,A,137vi60vPlOee5<2uSl1Q1AB08J>,0*50
\s:66,c:1782377507*44\!AIVDM,1,1,,B,13PdWH000>1ccR8Eb>h35RWJ0<;1,0*67
\s:66,c:1782377501*42\!AIVDM,1,1,,A,19Gocg00027?0uN1a7wlb`7<08FB,0*7A
\s:66,c:1782377506*45\!AIVDM,1,1,,B,39NSCi001k0s:66,0*4B
\s:66,c:1782377507*44\!AIVDM,1,1,,B,177dlm002F7=D;>7MJ=ohVAJ00Rw,0*3C
\s:66,c:1782377508*4B\!AIVDM,1,1,,A,1599c;hP00HROB::qn<7t?wP0D0L,0*25
\s:66,c:1782377504*47\!AIVDM,1,1,,A,B4eG`dh005haf1VwvDDHT0mPL000,0*4F
\s:66,c:1782377502*41\!AIVDM,1,1,,B,B3?sVcP0>p2hOv7FGJ2RGwlQl@Ha,0*74
\s:66,c:1782377506*45\!AIVDM,1,1,,B,16:FGqP01c`jRspCRmiFw5SD2?QR,0*09
\s:66,c:1782377506*45\!AIVDM,1,1,,A,139:Ln001H00fKJLl0VBpjGJ08K?,0*74
\s:66,c:1782377503*40\!AIVDM,1,1,,A,13ULPw0000QOD6pF1Eft5SwF2000,0*73
\g:1-2-5198979,s:66,c:1782377503*00\!AIVDM,2,1,9,B,53i`bB82?pT@iQa0000=8U=@t84j0<thtp0000095BcFF=AS0BhPE0CH,0*15
\g:2-2-5198979*6F\!AIVDM,2,2,9,B,40F83hi@CP00000,2*35
\s:66,c:1782377503*40\!AIVDM,1,1,,,339erTUP00Pee2NNV1kET?wD2000,0*69
\s:66,c:1782377503*40\!AIVDM,1,1,,B,14eH4H@P00sLsSFISQ2@0?wF28IK,0*37
\s:66,c:1782377500*43\!AIVDM,1,1,,A,34eI1N?003o<?KnL:2WG?nS@0220,0*21
\s:66,c:1782377504*47\!AIVDM,1,1,,A,19NSRF@02GQ:2WHH:<@m?D?D053<,0*0D
\s:66,c:1782377505*46\!AIVDM,1,1,,A,402:pIQvad`ke0bt3LHUU5?02L2j,0*52
\s:66,c:1782377502*41\!AIVDM,1,1,,A,33aIhGmP00PFab`Mupfv4?wDRDIb,0*34
\s:66,c:1782377505*46\!AIVDM,1,1,,A,13ktwO002cNC<n<ENcj:I`IH0HJr,0*61
\s:66,c:1782377501*42\!AIVDM,1,1,,A,153>M@P0P0o@IFREWPwo6Ow@00S;,0*2C
\s:66,c:1782377501*42\!AIVDM,1,1,,B,17tKgV`P007?a9t1bm>n=?w>0L0i,0*39
\s:66,c:1782377505*46\!AIVDM,1,1,,B,13a6M@001C0EpRtNSOkjViuH00S3,0*1D
\s:66,c:1782377504*47\!AIVDM,1,1,,B,13P>H8P00<P;:qhMoIN0F6?F253<,0*09
\s:66,c:1782377499*42\!AIVDM,1,1,,B,19NSufP01l7h>rp9FTpiwAU>053<,0*18
\s:66,c:1782377507*44\!AIVDM,1,1,,A,19NSI`0000R=rGIfqPQdGFCJ053<,0*79
\s:66,c:1782377505*46\!AIVDM,1,1,,A,13m@650P001AvkrWiM`>4?wH2L0H,0*6A
\s:66,c:1782377507*44\!AIVDM,1,1,,B,16:IWr00158fg80A1vDWcp?J0Drj,0*5E
\s:66,c:1782377504*47\!AIVDM,1,1,,B,16:c<I@0008VooDBCgGEH01F0000,0*3F
\s:66,c:1782377501*42\!AIVDM,1,1,,A,13aENDh000PF=;0Mwdwf48M@2<80,0*3A
\s:66,c:1782377505*46\!AIVDM,1,1,,B,13cVlkgP1EPqmj@IpGAbawwJ00SN,0*5B
\s:66,c:1782377502*41\!AIVDM,1,1,,B,ENk`v6<qs@@@@@@@@@@@@@@@@@@=DTca;Mj3P00003vP000,2*2C
\s:66,c:1782377507*44\!AIVDM,1,1,,A,13ku;W@01AwuJrfO>=gUQlIL0@Kl,0*1B
\s:66,c:1782377506*45\!AIVDM,1,1,,A,13eo1L001n07up<FM@nlD3KH0<=I,0*77
\s:66,c:1782377502*41\!AIVDM,1,1,,A,33aEPNP00I0Jt1>NHHW1BQ3p0000,0*7C
\s:66,c:1782377498*43\!AIVDM,1,1,,A,339ejE0P00PNsgHMKa=>4?w<R0FS,0*24
\s:66,c:1782377506*45\!AIVDM,1,1,,B,13Emq9SOhjwVib:DRFsDq4eJ0pK0,0*7F
\s:66,c:1782377503*40\!AIVDM,1,1,,B,16:?jJP0008fB2jAG5lhnkE@0@IK,0*66
\s:66,c:1782377499*42\!AIVDM,1,1,,B,1388BN3005P5?G:LfVm7`I700D<P,0*1A
\s:66,c:1782377503*40\!AIVDM,1,1,,A,13l3r=002b05ratG<=r`so9D0<:V,0*53
\s:66,c:1782377501*42\!AIVDM,1,1,,A,34eJKV0000FcKl8O5>`8V0Cp0000,0*60
\s:66,c:1782377503*40\!AIVDM,1,1,,A,13LBc0051J1Qc7jRFfp7eF:00000,0*45
\s:66,c:1782377505*46\!AIVDM,1,1,,A,3815IohOhiWKwCn0g=CRIBMH01w@,0*2C
\s:66,c:1782377505*46\!AIVDM,1,1,,A,19NSKj002BM5=iHL6`Wqs7wJ0@JO,0*36
\s:66,c:1782377505*46\!AIVDM,1,1,,A,18I65k80077L1=40fMJoW;;B0@J?,0*6C
\s:66,c:1782377502*41\!AIVDM,1,1,,B,14Rd;v001tNekPf9`I?v2@5B0HHl,0*68
\s:66,c:1782377499*42\!AIVDM,1,1,,A,B7m3tEP009nhCv0;ecqUSwjRT53<,0*3D
\s:66,c:1782377500*43\!AIVDM,1,1,,B,35`V7l5000re3V4GBo@c597B2E3b,0*1B
\s:66,c:1782377502*41\!AIVDM,1,1,,A,13aOAihP00PFJu<MugG>4?wD253<,0*19
\s:66,c:1782377505*46\!AIVDM,1,1,,B,13m9TWW0@0Q4vRrWKT1T5nwF053<,0*19
\s:66,c:1782377507*44\!AIVDM,1,1,,B,18I8dV2P0HWL;t@0jF0TfwwL253<,0*3B
\s:66,c:1782377504*47\!AIVDM,1,1,,B,13Eb`O7P0SwfM;nE0cvlLOwH28J6,0*64
\s:66,c:1782377497*4C\!AIVDM,1,1,,A,18K@A:0009OcI4TDJdnnwQa60HEt,0*01
\s:66,c:1782377506*45\!AIVDM,1,1,,B,13P=MlhP3IP7c26Mc3eRLOwJ2<1g,0*65
\s:66,c:1782377505*46\!AIVDM,1,1,,,B3MAbA000:9b9r27e=oQ1vFQl000,0*4C
\s:66,c:1782377506*45\!AIVDM,1,1,,A,13ohTD002Awr;QTLiIcJ4`1L00Rj,0*2F
\s:66,c:1782377503*40\!AIVDM,1,1,,A,19NScrh1Am1FfblE?u2;8`qB0<<P,0*45
\s:66,c:1782377507*44\!AIVDM,1,1,,A,19NSl0P0042gG00<OkbG4p?L0<8S,0*74
\s:66,c:1782377508*4B\!AIVDM,1,1,,B,B7m3tEP009nhCw0;ecuUSwo2T53<,0*5E
\s:66,c:1782377508*4B\!AIVDM,1,1,,B,ENk`sFdJUh@@@@@@@@@@@@@@@@@=31wP7up8P00003vP000,2*26
\s:66,c:1782377503*40\!AIVDM,1,1,,A,144h?P0200aKfL0HaRwQc41B0<3T,0*30
\s:66,c:1782377503*40\!AIVDM,1,1,,B,33GR@MQP00P0pvVLDU9v4?wF2E1:,0*58
\s:66,c:1782377500*43\!AIVDM,1,1,,B,35OINQPPAsqWggl@DsBqG7Q>01j0,0*42
\s:66,c:1782377501*42\!AIVDM,1,1,,B,15DgGp001KSWUlV@0AfmmlU@20S1,0*6A
\s:66,c:1782377501*42\!AIVDM,1,1,,A,B52Meuh00=p`n14lg<nRGwm5WP06,0*72
\s:66,c:1782377502*41\!AIVDM,1,1,,B,16:3p>P02H8iol2C3s0G45aB0<;H,0*36
\s:66,c:1782377498*43\!AIVDM,1,1,,B,15?dVM@01V14DuHDlui3c31>08G6,0*2B
\s:66,c:1782377506*45\!AIVDM,1,1,,B,13@nfEh022PhKBHPnl7<<9iJ053<,0*7E
\s:66,c:1782377507*44\!AIVDM,1,1,,A,16Lbi40wit8>k3v:w5P8>FUD00SR,0*58
\s:66,c:1782377505*46\!AIVDM,1,1,,A,B6:aQKh0>29d6p4TVj8Skwv41P06,0*52
\s:66,c:1782377498*43\!AIVDM,1,1,,B,13E`Rb7P0DP8Ko0GQ<Pccgw:2@Eu,0*4F
\s:66,c:1782377501*42\!AIVDM,1,1,,A,18I<b700Bo7P`lv1Ahmha0U>0D3c,0*3C
\s:66,c:1782377504*47\!AIVDM,1,1,,A,369rn;PPAc88tJt<gWJFWUA400J0,0*58
\s:66,c:1782377500*43\!AIVDM,1,1,,A,34eGs700200ofENO8bbArQSp0000,0*41
\s:66,c:1782377500*43\!AIVDM,1,1,,A,14eGs70021PofENO8bbAriS@0L5I,0*2A
\s:66,c:1782377503*40\!AIVDM,1,1,,B,15OtJP0wQToRdN8C>nm2RAwB08Hr,0*35
\s:66,c:1782377198*46\!AIVDM,1,1,,B,19NSaQ@vAGVk2?V3jUnBuBE:08FU,0*25
\s:66,c:1782377503*40\!AIVDM,1,1,,A,16:9q4g0008P8;@FElo6VgwD0=Rc,0*13
\s:66,c:1782377504*47\!AIVDM,1,1,,A,13VbdP80001d4k2Ef0MS2SgF0<5U,0*35
\s:66,c:1782377501*42\!AIVDM,1,1,,B,B6:I9DP0AB;I9i4BU<N`>6l7QP06,0*7B
\s:66,c:1782377499*42\!AIVDM,1,1,,B,H7`NcJ1E1@uLr0LU8h000000000,2*58
\s:66,c:1782377505*46\!AIVDM,1,1,,A,13aGt;@P00PBS2>Mg0mf4?wJ2<62,0*3D
\s:66,c:1782377505*46\!AIVDM,1,1,,B,33aGs?WP@kPGVO2NN;D>0P3H21tP,0*22
\s:66,c:1782377507*44\!AIVDM,1,1,,A,139f3`PP?w<tSF0l4Q@>4?wv0hKR,0*31
\s:66,c:1782377504*47\!AIVDM,1,1,,A,16UFvf0018`kEfjD`LpB8AeD00Sh,0*50
\s:66,c:1782377502*41\!AIVDM,1,1,,B,139KSC0P0sPmr38O=smUgOwD2D53,0*70
\s:66,c:1782377504*47\!AIVDM,1,1,,A,B52jPm@00Vmu<OR`EPsJ:fv00000,0*4D
\s:66,c:1782377500*43\!AIVDM,1,1,,A,B52hqo000=ktigUK49gQ3wl1nDFJ,0*13
\g:1-2-5198980,s:66,c:1782377505*00\!AIVDM,2,1,0,B,56Li3J42ASV?L``b2204i@4U:0hD4@E:222222162jjM45eA0GVPH15D,0*5F
\g:2-2-5198980*69\!AIVDM,2,2,0,B,`88888888888880,2*7F
\s:66,c:1782377504*47\!AIVDM,1,1,,A,H52jPmDU000000000000001P1120,0*4C
\s:66,c:1782377499*42\!AIVDM,1,1,,A,13aL>lwP00PKWg<MglLf4?w>2@GC,0*33
\s:66,c:1782377499*42\!AIVDM,1,1,,B,36:>9aU0008VCb@DVsC=A75:0DWJ,0*19
\s:66,c:1782377501*42\!AIVDM,1,1,,A,17mF@uhP09`FTUawBg40ROw@2@IK,0*45
\s:66,c:1782377501*42\!AIVDM,1,1,,A,33mo2v5000wreenRKjk@DUeB0000,0*60
\s:66,c:1782377506*45\!AIVDM,1,1,,A,19GocdW00kNmA@4:KakP:h9H0`Jm,0*54
\s:66,c:1782377508*4B\!AIVDM,1,1,,A,1815Dgh01R7JHgL0cLEIs7bL00SI,0*4E
\s:66,c:1782377506*45\!AIVDM,1,1,,B,36:H?AQ1P08O:pbF@kLm2o3L0lwr,0*44
\s:66,c:1782377496*4D\!AIVDM,1,1,,A,13aGs;0P18PL:eNMjlWj=gw82<0Q,0*22
\s:66,c:1782377506*45\!AIVDM,1,1,,B,19NSP3P00nP:sS6Mea20L@WF00RU,0*40
\s:66,c:1782377505*46\!AIVDM,1,1,,B,285KVoQP04WauIh5r9b3o?wHR53<,0*27
\s:66,c:1782377503*40\!AIVDM,1,1,,A,13aDCA@P00PJ9T:N?8500?wD2HIE,0*58
\s:66,c:1782377506*45\!AIVDM,1,1,,B,H5Mut=08E=B1TD59<2222222220,2*0A
\s:66,c:1782377506*45\!AIVDM,1,1,,A,H5Mut=4U0000000G42qhih0h6220,0*7C
\s:66,c:1782377507*44\!AIVDM,1,1,,A,138oJ6012s:66,0*74
\s:66,c:1782377506*45\!AIVDM,1,1,,A,19NSrN0n09SQMbP@>FRMAE1LR@KD,0*66
\s:66,c:1782377500*43\!AIVDM,1,1,,B,13JI4h0P00Q1TN0DVsKN4?w@253<,0*02
\s:66,c:1782377503*40\!AIVDM,1,1,,B,33bvI20Oh7P@adpMIS2JikM800r0,0*15
\s:66,c:1782377500*43\!AIVDM,1,1,,B,13aI<0hP1Q0EKbJN0mk<=Ow@08GL,0*4F
\s:66,c:1782377498*43\!AIVDM,1,1,,B,B5O9d=P00=pc5JTm9kKP1;k1jElr,0*6D
\s:66,c:1782377502*41\!AIVDM,1,1,,A,168sVBP000`K;I8FDLR3b0MF20Rm,0*34
\s:66,c:1782377499*42\!AIVDM,1,1,,A,3Cg`ES7P00vEUb<Ung7h0?vn201j,0*55
\s:66,c:1782377500*43\!AIVDM,1,1,,B,BCh9W`003?Tha7aRHKJuowPRs000,0*72
\s:66,c:1782377500*43\!AIVDM,1,1,,A,B3HksOP057tj0:VuM2C6:Nv00000,0*25
\s:66,c:1782377505*46\!AIVDM,1,1,,B,13P>7O@000PhLObQ1`buF9WJ0@JO,0*18
\g:1-2-5198981,s:66,c:1782377505*01\!AIVDM,2,1,1,A,58Hs4E42BajKUKG3;N1@4hh4P5=<DF2222222216@0?A6ucb0>hlSChg,0*01
\g:2-2-5198981*68\!AIVDM,2,2,1,A,T0CBE8888888880,2*3D
\s:66,c:1782377500*43\!AIVDM,1,1,,A,16<lO0002D`f2a>??Ls0o@k<0<0T,0*0C
\s:66,c:1782377498*43\!AIVDM,1,1,,A,19NSOeSP003O2oL@5=Vf4?w<2<4h,0*1D
\s:66,c:1782377506*45\!AIVDM,1,1,,B,16:Hlv00018fa=@ARJI1vCCH0<9=,0*1E
\s:66,c:1782377501*42\!AIVDM,1,1,,B,13l90>TP00Q34evDNDhuiOwD20S0,0*1A
\s:66,c:1782377505*46\!AIVDM,1,1,,A,13ccht00@00`jj`IJDH<iSEF0<37,0*7A
\s:66,c:1782377501*42\!AIVDM,1,1,,A,13lBEb0029JC2ml?OAqusc9D0L0g,0*6F
\s:66,c:1782377503*40\!AIVDM,1,1,,A,B346=SP06`65InV<;6uU;wm5oP06,0*43
\s:66,c:1782377502*41\!AIVDM,1,1,,B,16:Bsj1006`L3n0FA:@3hHQB2PRI,0*01
\s:66,c:1782377503*40\!AIVDM,1,1,,A,B5O9H10005keGl6iJ3<000N00000,0*2A
\s:66,c:1782377505*46\!AIVDM,1,1,,B,16:HP7001C8VKg@DWE7aAGOH08J:,0*3E
\s:66,c:1782377505*46\!AIVDM,1,1,,B,B6:dqE@00222a9S@DM8000FWQP06,0*15
\s:66,c:1782377502*41\!AIVDM,1,1,,B,13IjA><00jOQFA6KH`m=trwB053<,0*08
\s:66,c:1782377500*43\!AIVDM,1,1,,A,13mv0B00000fq?jTims;CVi<08GV,0*7E
\s:66,c:1782377506*45\!AIVDM,1,1,,A,14RtRn0sQUJa38f6S;7ahWgH00Rr,0*00
\s:66,c:1782377502*41\!AIVDM,1,1,,,B39rc;?t00?kMd6;<N003wVLkP06,0*2F
\s:66,c:1782377507*44\!AIVDM,1,1,,B,19cpnsP02<`qGG@?jDNGA5lt0pJw,0*15
\s:66,c:1782377504*47\!AIVDM,1,1,,A,B3GQoS00BP0Qeg5RGtLcPQn1l@Io,0*23
\s:66,c:1782377506*45\!AIVDM,1,1,,B,18LMul002=0ff6dEwWSKkaIN0HKH,0*52
\s:66,c:1782377505*46\!AIVDM,1,1,,A,339a6mPPAAPe;G`N`h`;08e>02=Q,0*2C
\s:66,c:1782377499*42\!AIVDM,1,1,,A,1Cg`ES7P00vEUb2Ung5`Egv@2000,0*0B
\s:66,c:1782377506*45\!AIVDM,1,1,,B,17Oh;RPP@j:l:nad`KWICFCJ0D1h,0*54
\s:66,c:1782377505*46\!AIVDM,1,1,,B,16<lO0002D`f2ct??Mc0p@kF0@JU,0*34
\s:66,c:1782377504*47\!AIVDM,1,1,,A,33@ng@p0000dRcPOWd34OSCp0000,0*0E
\s:66,c:1782377504*47\!AIVDM,1,1,,B,15N0oj0P01rdwc8GA>EI0?wH28J1,0*74
\s:66,c:1782377499*42\!AIVDM,1,1,,B,16:8>N10008MJ@@Er=s9PaO<0P00,0*0C
\s:66,c:1782377502*41\!AIVDM,1,1,,B,1912rIPwj50reJ>E3EJknC;@0D7`,0*59
\s:66,c:1782377508*4B\!AIVDM,1,1,,A,169@IF001e8jBb>Df;V@9P5N08Kq,0*60
\s:66,c:1782377507*44\!AIVDM,1,1,,B,15?dVSP11n7HgWt0gi`E;T;P0@L2,0*6B
\s:66,c:1782377507*44\!AIVDM,1,1,,A,14`Uwb@uivOH2;2C@uF1n1KL053<,0*46
\s:66,c:1782377506*45\!AIVDM,1,1,,B,18Htpg001E7KMwF0djgHpnwH0W3h,0*7F
\s:66,c:1782377504*47\!AIVDM,1,1,,A,B3eMkb00a@@hM?U82TI6`pv00000,0*2F
\s:66,c:1782377507*44\!AIVDM,1,1,,A,37ttp450007?vJ01fcpTpUgN0E1J,0*75
\s:66,c:1782377506*45\!AIVDM,1,1,,B,18SK6kgP0NWavEp5qHR87OwH2<21,0*79
\s:66,c:1782377503*40\!AIVDM,1,1,,B,169r?`3PAc8g<lLAtdIf2s;B0@Hg,0*2D
\s:66,c:1782377506*45\!AIVDM,1,1,,B,155LCf0000Su4WJ>MMohDWAN08KE,0*51
\s:66,c:1782377503*40\!AIVDM,1,1,,A,19NSeUh0i0PEnPFMwrgCu3=B08I<,0*47
\s:66,c:1782377504*47\!AIVDM,1,1,,B,16:IoaU000`dmhhAsj2bMkcJ0000,0*54
\s:66,c:1782377507*44\!AIVDM,1,1,,B,337i2<1001rD@DT53S5f40?N:DWr,0*3B
\s:66,c:1782377505*46\!AIVDM,1,1,,B,18SJtc0P00WWo:r5wpQbuoUF253<,0*65
\s:66,c:1782377508*4B\!AIVDM,1,1,,A,169@if0001`g6MrA?IDD`gwN0000,0*51
\s:66,c:1782377508*4B\!AIVDM,1,1,,B,H4eHR9DTC=D4v3836130000`7220,0*1C
\s:66,c:1782377503*40\!AIVDM,1,1,,A,1815bg@viEWJuHb0fO=cnII@0@IL,0*6A
\s:66,c:1782377501*42\!AIVDM,1,1,,A,B52e5Fh00>T4arSsNfh01NN00000,0*01
\s:66,c:1782377500*43\!AIVDM,1,1,,B,H7`BPU1LPU8iLTpB0q`00000000,2*5D
\s:66,c:1782377500*43\!AIVDM,1,1,,B,H7`BPU4TC=D6mQjJ=Hqklo3@5430,0*10
\s:66,c:1782377504*47\!AIVDM,1,1,,A,13JiaN001F0>ws2H>TicKa=D053<,0*16
\s:66,c:1782377502*41\!AIVDM,1,1,,A,B3GQ`wP06GmmCVV61rV>owm5kP06,0*64
\s:66,c:1782377506*45\!AIVDM,1,1,,A,18I:F4001qwVkJ4DTaa2kj?H00S6,0*6B
\s:66,c:1782377506*45\!AIVDM,1,1,,A,18Hs3t001O0qeT4IpUTt6qeN0HK@,0*3A
\s:66,c:1782377507*44\!AIVDM,1,1,,A,38Htu4PP1:7JJ:L0dAL:pOwL0=Rk,0*49
\s:66,c:1782377503*40\!AIVDM,1,1,,B,17m@;bsP00`FSQ;wDdAn6wwD28I<,0*1E
\s:66,c:1782377507*44\!AIVDM,1,1,,B,18LNI:0P01WJGm00doOCLgwP08Ki,0*2A
\s:66,c:1782377506*45\!AIVDM,1,1,,B,36lL0L0P@07@?KH1Vk1Hj@5J00wi,0*19
\s:66,c:1782377503*40\!AIVDM,1,1,,A,16;E`d100o`MiLFF0mDKQ9?:08FJ,0*36
\s:66,c:1782377505*46\!AIVDM,1,1,,A,33IoJ8001LKVKMf977<@;09F0100,0*42
\s:66,c:1782377504*47\!AIVDM,1,1,,B,19GoeN01@5Nhod68H4H6rja@053<,0*48
\s:66,c:1782377505*46\!AIVDM,1,1,,B,13cerL0P2B0b9UjIF@qcHwwJ28Jj,0*2E
\g:1-2-5198982,s:66,c:1782377499*06\!AIVDM,2,1,2,A,53If7w42@EP@Hq5P000<520lD`D4p0000000000000066000001Dlhm0,0*5E
\g:2-2-5198982*6B\!AIVDM,2,2,2,A,000000000000000,2*26
\s:66,c:1782377503*40\!AIVDM,1,1,,A,35OG=VP000G>frTKhs8as5ap0000,0*44
\s:66,c:1782377502*41\!AIVDM,1,1,,B,15N2ejP00Sre18NGABQIAWID253<,0*4E
\s:66,c:1782377504*47\!AIVDM,1,1,,,B39pK70008;iju7j>pidcwn5oP06,0*0E
\s:66,c:1782377506*45\!AIVDM,1,1,,B,83`isBhj2d<dtv<vMj9Pqgbm0000,0*05
\s:66,c:1782377505*46\!AIVDM,1,1,,A,36:eKh@P0P`W20DBBiIJ:?wp0000,0*36
\s:66,c:1782377506*45\!AIVDM,1,1,,B,18I<CM002fvgISh<Jp6H6nQB0<2i,0*04
\s:66,c:1782377493*48\!AIVDM,1,1,,B,19N`2IP02l6lokv3NwHT1kA20<0a,0*0C
\s:66,c:1782377507*44\!AIVDM,1,1,,B,1815>q@01evrfMV@>hW8VnoL2D1K,0*54
\s:66,c:1782377504*47\!AIVDM,1,1,,A,13F79LPP0swW5o0DckfhoOwH253<,0*7C
\s:66,c:1782377503*40\!AIVDM,1,1,,B,139etT00000Vo:8NVWT;cgwFPHI>,0*2A
\s:66,c:1782377508*4B\!AIVDM,1,1,,A,17WK<Bh01uPjj7dEI9646S?L0<7V,0*11
\s:66,c:1782377508*4B\!AIVDM,1,1,,B,15?dU?h01a7F4eV0u`hDO3WN053<,0*08
\s:66,c:1782377505*46\!AIVDM,1,1,,A,15Aei@001j8ik@l@wr4IWok:0@G3,0*37
\s:66,c:1782377495*4E\!AIVDM,1,1,,A,15?dPvh01i6jHl`3Q4UR=Ag20<0O,0*4C
\s:66,c:1782377344*45\!AIVDM,1,1,,B,35?dPvh01i6jFo63PrUjJ1f400@S,0*09
\s:66,c:1782377498*43\!AIVDM,1,1,,A,13P7JTP000OrsTfM45uhN`Q<0D1b,0*74
\s:66,c:1782377505*46\!AIVDM,1,1,,B,H8uLP20<tm05=>0<P4hhDpLE:20,2*72
\s:66,c:1782377500*43\!AIVDM,1,1,,A,18HumB06D1WL6a80eIg<@Iu<28GP,0*20
\s:66,c:1782377504*47\!AIVDM,1,1,,A,18HumB06l1WL6QP0eJfdAr1F253<,0*1B
\s:66,c:1782377506*45\!AIVDM,1,1,,B,33MAkAhOhwOw<djLIQlf10;J00G@,0*18
\s:66,c:1782377505*46\!AIVDM,1,1,,A,402:MiAvad`kd0F0gnHlhGgP2HJN,0*5E
\g:1-2-5198983,s:66,c:1782377506*00\!AIVDM,2,1,3,B,55Aei@82@IN?<H=?F2085V098T@LF2222222221?HI8M65dcNJPkSQh`,0*55
\g:2-2-5198983*6A\!AIVDM,2,2,3,B,888888888888880,2*24
\s:66,c:1782377506*45\!AIVDM,1,1,,B,13cnlh00180FcMhHc`65?4MJ00S1,0*31
\s:66,c:1782377505*46\!AIVDM,1,1,,A,H8uLP24N0000000JBlklpP1@b550,0*27
\s:66,c:1782377506*45\!AIVDM,1,1,,B,?02`m?0v>tsA<00,2*2A
\s:66,c:1782377502*41\!AIVDM,1,1,,A,169<qB3P008QCfPEpWtTlOwB0D6M,0*33
\s:66,c:1782377501*42\!AIVDM,1,1,,B,16;auN0wAR`juvhC0ufW0EO>053<,0*4F
\s:66,c:1782377505*46\!AIVDM,1,1,,A,18I2ka02Qd8i9mD@vWMCajqB0<<O,0*00
\s:66,c:1782377506*45\!AIVDM,1,1,,B,14WWWN00020Ou3<E96EFk45L0@Jw,0*1C
\s:66,c:1782377503*40\!AIVDM,1,1,,B,B698Ph0D0B9cg`5:@Wl03wmESP06,0*1E
\s:66,c:1782377498*43\!AIVDM,1,1,,B,17tKkf@01T77j?v3V70N1P3:0L0U,0*7A
\s:66,c:1782377503*40\!AIVDM,1,1,,B,B3`f;>P0=83t8oWH10tNWwm5oP06,0*47
\s:66,c:1782377504*47\!AIVDM,1,1,,A,13lb5<002mPL7C4NimlIwWw60L7:,0*5F
\s:66,c:1782377506*45\!AIVDM,1,1,,A,337mOF0405PCR9VMFNj7HbGJ8P00,0*0D
\s:66,c:1782377504*47\!AIVDM,1,1,,A,15D9:T0P00RCwFhAnJ`>4?wH20Sp,0*37
\s:66,c:1782377505*46\!AIVDM,1,1,,A,1:U6w1rP00Lr<W;jr3JQROwJ00Rf,0*60
\s:66,c:1782377501*42\!AIVDM,1,1,,B,13o=:d7000PKJIBQL`qf40QB0HH?,0*04
\s:66,c:1782377501*42\!AIVDM,1,1,,B,H819ECTU7B=4000Fo1kiko00H0<0,0*7C
\s:66,c:1782377499*42\!AIVDM,1,1,,A,H3uPTMTU0000000000000000:110,0*6A
\s:66,c:1782377508*4B\!AIVDM,1,1,,A,16SfBp?000a=:UJCuEqmfU?L2HKp,0*3E
\s:66,c:1782377499*42\!AIVDM,1,1,,A,B6:eFoh0?r;2rLTO@wT9<7N021Mk,0*17
\s:66,c:1782377504*47\!AIVDM,1,1,,A,133lan001Q`a=jd>c76A;i9H053<,0*12
\s:66,c:1782377501*42\!AIVDM,1,1,,B,1:1F<@6P00PiWkpDMRUf4?w@20Ru,0*47
\s:66,c:1782377504*47\!AIVDM,1,1,,B,19NShR@vS;2W;WUfip=2UR3F0HJ<,0*04
\s:66,c:1782377504*47\!AIVDM,1,1,,A,13mHmH001aO4D`H3J654ql;D053<,0*45
\s:66,c:1782377502*41\!AIVDM,1,1,,A,33P<NoPP@4P=K;2MO4ESG7ED00m@,0*4C
\s:66,c:1782377504*47\!AIVDM,1,1,,A,13ca=b003GPrnk0DPhJ836OF0hJ7,0*3D
\s:66,c:1782377506*45\!AIVDM,1,1,,B,13P<NoP001P=K;8MO4EiiWEL0@Jg,0*5E
\s:66,c:1782377507*44\!AIVDM,1,1,,A,33P<NoPP@4P=K;>MO4EiuWAP028h,0*47
\s:66,c:1782377500*43\!AIVDM,1,1,,A,13MCsaP029On8fjLG=@@vPk>08GS,0*1F
\s:66,c:1782377506*45\!AIVDM,1,1,,A,ENk`sSuQR@@@@@@@@@@@@@@@@@@=C4Hv;DLQ@00003vP000,2*01
\s:66,c:1782377502*41\!AIVDM,1,1,,A,17ldIPPP00`FdLSwBs2P0?wB20SA,0*62
\s:66,c:1782377507*44\!AIVDM,1,1,,A,17P49D0P18:u6sWhE?l8AwwN00SM,0*5A
\s:66,c:1782377507*44\!AIVDM,1,1,,A,139FbmP0000eVIjN`pPlOBUP0D4v,0*48
\g:1-2-5198984,s:66,c:1782377505*04\!AIVDM,2,1,4,A,55@In:82>;ns<I<?H01<tj0Hu9ADpD000000001??`I;<5dPNBC2p0k@,0*4E
\g:2-2-5198984*6D\!AIVDM,2,2,4,A,P00000000000000,2*40
\s:66,c:1782377504*47\!AIVDM,1,1,,A,1:5f9L8P007aC1OtQSj<TOwH0HJB,0*7C
\s:66,c:1782377505*46\!AIVDM,1,1,,A,B6:dPhh01224HE3?kMgG:dFWQP06,0*26
\s:66,c:1782377499*42\!AIVDM,1,1,,A,83m<27P0G@:?>G1?6600,0*6C
\s:66,c:1782377506*45\!AIVDM,1,1,,A,B3P:nc@0>?u>Q>W?2r>6Icv00000,0*29
\s:66,c:1782377507*44\!AIVDM,1,1,,B,144dPNSP00R:BQJR@chv4?wN253<,0*09
\s:66,c:1782377508*4B\!AIVDM,1,1,,A,38IkGn5000WJr6P0cdEN45AN2E0J,0*15
\s:66,c:1782377507*44\!AIVDM,1,1,,B,19NSH8@02O4RRFipT:21TiIL08Kv,0*46
\s:66,c:1782377506*45\!AIVDM,1,1,,B,1397td0Oj`OVoDTDSnsQ8hoJ0<4<,0*00
\s:66,c:1782377503*40\!AIVDM,1,1,,A,38P2v40=@0CN3Iakqsk:S8Mp0000,0*08
\s:66,c:1782377508*4B\!AIVDM,1,1,,B,104Ef;wP00U@I=:2Hj0b1wwN28K5,0*3D
\s:66,c:1782377498*43\!AIVDM,1,1,,A,169;iwPP008Ro?PEf8S;p?w<0<4l,0*74
\s:66,c:1782377501*42\!AIVDM,1,1,,A,13V8M6002@8cadd>u@UQ>17B0L14,0*75
\s:66,c:1782377500*43\!AIVDM,1,1,,,B5Ng;TP00ePkCcNU>rhjswl5l000,0*2C
\s:66,c:1782377506*45\!AIVDM,1,1,,,B5Ng;TP00MPkCaNU>rLjswo5l000,0*21
\s:66,c:1782377501*42\!AIVDM,1,1,,A,132i`j?P00OH1eRH:kbh0?wB2<0s,0*7F
\s:66,c:1782377505*46\!AIVDM,1,1,,A,18LLSv001a`UPqhF83a:`HQ@0D3T,0*1A
\s:66,c:1782377505*46\!AIVDM,1,1,,B,15O4gs0P00JA@LB>s:66,0*47
\s:66,c:1782377504*47\!AIVDM,1,1,,A,ENkaRf>S`@@@@@@@@@@@@@@@@@@<lTk58WP=@00003vP000,2*21
\s:66,c:1782377507*44\!AIVDM,1,1,,A,15NM0J001;q=UMN@qiCtkJCL0D43,0*79
\s:66,c:1782377507*44\!AIVDM,1,1,,B,39NSqi50007JmAd0g=JT5qGL0Drr,0*55
\s:66,c:1782377502*41\!AIVDM,1,1,,A,35NHwOgP?wo?jpPKAAuf401v0Q;6,0*0C
\s:66,c:1782377500*43\!AIVDM,1,1,,A,BCgmM000`WUmW7aPr4NCCwdPp000,0*05
\s:66,c:1782377505*46\!AIVDM,1,1,,A,15PH6q@P00rh0P>GKj5N4?wJ2D0T,0*10
\s:66,c:1782377507*44\!AIVDM,1,1,,B,16:>k@001A5Ffi@6ojVuAbOJ0@Kd,0*28
\s:66,c:1782377508*4B\!AIVDM,1,1,,B,19N`3r0wjN7bB<t5j2OWOn5J0D4q,0*64
\s:66,c:1782377508*4B\!AIVDM,1,1,,B,33eU<l001S0iEiNQ4BW02c;P07Ck,0*49
\s:66,c:1782377508*4B\!AIVDM,1,1,,B,14SHc`001U0c=;JQ1KOB=AiJ053<,0*30
\s:66,c:1782377508*4B\!AIVDM,1,1,,B,29NSkvEP008flVVAE1Q@0?wH00S;,0*75
\s:66,c:1782377508*4B\!AIVDM,1,1,,A,16:=ju0P00`gRS@AmV8>4?wN20S9,0*39
\s:66,c:1782377507*44\!AIVDM,1,1,,A,13IIUESP@10Q<iTHvuvA0wwN0<73,0*2C
\s:66,c:1782377506*45\!AIVDM,1,1,,A,33oRB@0PCJ0KrMdQepKPo0WH00QP,0*4E
\s:66,c:1782377508*4B\!AIVDM,1,1,,B,36:R6c`PA88LL40>0:af1;?L00o1,0*7C
\s:66,c:1782377503*40\!AIVDM,1,1,,A,35OA?n<Ohhq=206@wmjpJ6gD01m@,0*47
\s:66,c:1782377503*40\!AIVDM,1,1,,A,16:HMaP01C8ggQhAka7;qqaD053<,0*04
\s:66,c:1782377503*40\!AIVDM,1,1,,A,13aEOU00180ClOpMFWbM5bQBP53<,0*6E
\s:66,c:1782377502*41\!AIVDM,1,1,,B,33NJSf0Oic0Q=F<Hqac;AIk@012h,0*3F
\s:66,c:1782377499*42\!AIVDM,1,1,,A,13MCN1000<0=;OFMQo92>Po>053<,0*2B
\s:66,c:1782377498*43\!AIVDM,1,1,,A,377h:750008aeob8F7fd4AM<0Dg:,0*22
\s:66,c:1782377504*47\!AIVDM,1,1,,,B3P<EKP002VmGOuU7=SQ3wn1h000,0*4E
\s:66,c:1782377504*47\!AIVDM,1,1,,A,15?damP00IOc?mB2nNsS?W9B0D05,0*00
\s:66,c:1782377504*47\!AIVDM,1,1,,B,19NSEMP0231spNadddd8`Fu<053<,0*19
\s:66,c:1782377500*43\!AIVDM,1,1,,B,13cA<:0vAsOv@hBLGK0lTSa>8d54,0*3D
\g:1-2-5198985,s:66,c:1782377505*05\!AIVDM,2,1,5,A,542OQ742B@EI@<7KCCUTn1<4m=Dr222222222216<`E6:5TS0<U4U5F`,0*39
\g:2-2-5198985*6C\!AIVDM,2,2,5,A,888888888888888,2*29
\s:66,c:1782377503*40\!AIVDM,1,1,,A,13:4@n8P000efJFNV6hf4?wF2@IG,0*35
\s:66,c:1782377503*40\!AIVDM,1,1,,A,19NSpGP121IPtkR6iRWsaI7D0D0;,0*3F
\s:66,c:1782377505*46\!AIVDM,1,1,,A,B3P<elP0>hAcL29p1iquGwn5oP06,0*1F
\s:66,c:1782377503*40\!AIVDM,1,1,,A,33:4@n80000efJDNV6h@001p0000,0*74
\s:66,c:1782377506*45\!AIVDM,1,1,,B,B7m3rHP00:5btqOlf6d03wn2T538,0*59
\s:66,c:1782377507*44\!AIVDM,1,1,,B,13Tdfj4000Qd3?8EewBlIj7L00Sb,0*0E
\s:66,c:1782377501*42\!AIVDM,1,1,,A,16QgBfhP00RP2ct@kNOoD?w@253<,0*2D
\s:66,c:1782377505*46\!AIVDM,1,1,,B,13mkCr0P00Q4Vc@WKk5egwwH00Rq,0*4B
\s:66,c:1782377507*44\!AIVDM,1,1,,B,35OA?n<Ohjq=1w@@wmb8K6iJ00m@,0*34
\s:66,c:1782377507*44\!AIVDM,1,1,,B,14S?Mj002=R32lhGG@M312IJ053<,0*07
\s:66,c:1782377498*43\!AIVDM,1,1,,B,B3mgck00086QMs8LR2SQ3wk1l000,0*53
\s:66,c:1782377468*4C\!AIVDM,1,1,,B,15@k;@002w6l`rj3K:JJTpR<084g,0*45
\s:66,c:1782377504*47\!AIVDM,1,1,,A,19NSpeP1@8rBGDD5Lf2JSJ7F0D76,0*32
\s:66,c:1782377503*40\!AIVDM,1,1,,A,B3uAKQ0000=ap68>F:l00wv00000,0*44
\s:66,c:1782377502*41\!AIVDM,1,1,,,B5O>@tP002gNWeL0lmOQ3wm1h000,0*0F
\s:66,c:1782377505*46\!AIVDM,1,1,,B,33GQAM0PC?06LvpF<38W6ESF0130,0*2D
\s:66,c:1782377502*41\!AIVDM,1,1,,A,33uIKKPOi<0n;<2QA2M;f9up0000,0*35
\s:66,c:1782377505*46\!AIVDM,1,1,,A,1342;2PP0vPCvM6MDg>krgwJ2@Jh,0*30
\s:66,c:1782377500*43\!AIVDM,1,1,,A,403OtKAuJl`k`ra=EDFB<m?02<:P,0*09
\s:66,c:1782377505*46\!AIVDM,1,1,,,13lq6801AnJB?rn?B9?76UeJ8000,0*7B
\s:66,c:1782377504*47\!AIVDM,1,1,,B,1773sa00BmNh7A`67WK5qTeD00SA,0*14
\s:66,c:1782377504*47\!AIVDM,1,1,,B,18K@=@00020`7V<I>u0SOpGD053<,0*02
\s:66,c:1782377500*43\!AIVDM,1,1,,A,13W<2p3301wVekrDQt3N47Q>2@GO,0*5B
\s:66,c:1782377502*41\!AIVDM,1,1,,B,B3@p;O0000=Ifr7v8w?Q3wm1jDKr,0*1F
\s:66,c:1782377502*41\!AIVDM,1,1,,A,13Ilup1P12wjl@LK3a1RFOwB0D4O,0*52
\s:66,c:1782377505*46\!AIVDM,1,1,,B,402UMsAuJl`kddtSF0l4Q@700`J=,0*59
\g:1-2-5198986,s:66,c:1782377498*03\!AIVDM,2,1,6,B,8>jAaqP0Gm;Jt2V`4?wwwwvlFf06EuOwgwl>0:l0@oh0iOwwsAwwnSC6,0*66
\g:2-2-5198986*6F\!AIVDM,2,2,6,B,wvh0,0*4A
\s:66,c:1782377505*46\!AIVDM,1,1,,B,15S;sh00018fIqhF?Wh7a`kH08J:,0*76
\s:66,c:1782377500*43\!AIVDM,1,1,,A,37liaRpP@:7i?9otI?=7b9W@01i@,0*15
\s:66,c:1782377506*45\!AIVDM,1,1,,A,17Ojl;0PC@bktLAd`U4UDT?L20S=,0*7E
\s:66,c:1782377499*42\!AIVDM,1,1,,A,B3MCdB@000Lj?s5CTgdvLiv00000,0*51
\s:66,c:1782377505*46\!AIVDM,1,1,,A,14`oTb0:2:Na6pF;evIP2@1H08J?,0*70
\s:66,c:1782377505*46\!AIVDM,1,1,,B,13l8Tb000IOdkNnDgRgD3mwIp@JW,0*43
\s:66,c:1782377502*41\!AIVDM,1,1,,A,4028jIivad`k`0>op2H=77gP2HHP,0*79
\s:66,c:1782377507*44\!AIVDM,1,1,,B,16;F?h00hi8hrq8Aq9mW@maJ00S8,0*3C
\s:66,c:1782377507*44\!AIVDM,1,1,,A,28SJth2P00Wb:U:5tU<I0wwN08KS,0*24
\s:66,c:1782377507*44\!AIVDM,1,1,,A,15NGedP000rd64>G<a>amhGP00Sr,0*16
\s:66,c:1782377507*44\!AIVDM,1,1,,A,1815Mc0wR>J>vP@18tR0E0AJ0HKe,0*0B
\s:66,c:1782377503*40\!AIVDM,1,1,,A,13o0G7P01B0i79lR@sDMWbmD08IF,0*50
\s:66,c:1782377496*4D\!AIVDM,1,1,,A,H7`BbDlUFC@<:;MJ=jiin02@4510,0*60
\s:66,c:1782377503*40\!AIVDM,1,1,,A,15N7G;0000G?w2jE`VUHuFCD0<1c,0*74
\s:66,c:1782377505*46\!AIVDM,1,1,,A,35?depi001rB>wj5GJeI?h;J2EJb,0*48
\s:66,c:1782377503*40\!AIVDM,1,1,,A,33o0G7P01A0i79lR@sD=`bmp0000,0*25
\s:66,c:1782377505*46\!AIVDM,1,1,,B,13l3n@001N0qDr`E=mEJn8gH0<9N,0*26
\s:66,c:1782377506*45\!AIVDM,1,1,,A,B3mN:N00@PJurt:8@daw;wo5kP06,0*32
\s:66,c:1782377503*40\!AIVDM,1,1,,B,33aHdC001APEv9HMwid42?wFR4j3,0*49
\s:66,c:1782377506*45\!AIVDM,1,1,,B,13m9780P000H4NFQn39h;OwL08K9,0*30
\s:66,c:1782377508*4B\!AIVDM,1,1,,A,14`Uvu0w1PP7hu2O2pMT@SMN053<,0*75
\s:66,c:1782377507*44\!AIVDM,1,1,,B,15@rP02003PqfO>C45m<5VCH0@Kf,0*62
\s:66,c:1782377502*41\!AIVDM,1,1,,B,19NSV:@02?Q21EJDj0osFa9F0@Hn,0*70
\s:66,c:1782377502*41\!AIVDM,1,1,,A,18I9qt00iR7QGu>1PFpp9VOB053<,0*44
\s:66,c:1782377506*45\!AIVDM,1,1,,B,13aDrNhP0FPCjbpMF2i4kwwJ28Jt,0*6A
\s:66,c:1782377502*41\!AIVDM,1,1,,B,B8Hw9WP00IntOiP<tnCQ3wlQnDJ:,0*6C
\s:66,c:1782377501*42\!AIVDM,1,1,,A,14eJWJhP01o=7OfL8cw>4?w:2<1W,0*14
\s:66,c:1782377498*43\!AIVDM,1,1,,A,35Q=:N0031G?S1HKEb1ec:wp0000,0*0E
\s:66,c:1782377506*45\!AIVDM,1,1,,A,353BsB5000JA1gl>si3co13J0000,0*07
\s:66,c:1782377507*44\!AIVDM,1,1,,B,16ShHPP0009=8ihCu96@fbuN2pKb,0*71
\s:66,c:1782377501*42\!AIVDM,1,1,,,B7Okgj0009hVdv17PTsQ3wl1l000,0*7B
\s:66,c:1782377504*47\!AIVDM,1,1,,A,B3P;Qt000?v?vgW@`B`000N00000,0*55
\s:66,c:1782377501*42\!AIVDM,1,1,,A,402VqMAtvwI00<tSF0l4Q@000hH7,0*04
\s:66,c:1782377506*45\!AIVDM,1,1,,B,33P=lB@OhVP6Nu8MGactGbIH012Q,0*08
\s:66,c:1782377504*47\!AIVDM,1,1,,A,7>oi5RARMpD`,0*44
\g:1-2-5198987,s:66,c:1782377504*06\!AIVDM,2,1,7,B,544hIl82:p1aDQaL000d4l<P5@Tm0De<0000000N0hC254q355jPD0CT,0*0D
\g:2-2-5198987*6E\!AIVDM,2,2,7,B,i@@000000000000,2*79
\s:66,c:1782377505*46\!AIVDM,1,1,,B,B6bCGU0018odU5T6hWkQ3wnQjCmr,0*2A
\s:66,c:1782377503*40\!AIVDM,1,1,,A,33prUs00001EpNjO8:4ec8wp0000,0*62
\s:66,c:1782377504*47\!AIVDM,1,1,,B,13KLqG00001R9B2Rvkm>4?v00000,0*6D
\g:1-2-5198988,s:66,c:1782377503*0E\!AIVDM,2,1,8,B,56:;L14000008<A7:21@T4r0<PDpN3V222222216BhNB:5dl0>25@CQp,0*00
\g:2-2-5198988*61\!AIVDM,2,2,8,B,25@H88888888880,2*20
\s:66,c:1782377506*45\!AIVDM,1,1,,A,18Ht6MPP32WLWO>0gD=scwwN2D;7,0*5E
\s:66,c:1782377506*45\!AIVDM,1,1,,A,15?dOCP00D3Qv2d@@:<c?kcJ0HJs,0*7A
\s:66,c:1782377508*4B\!AIVDM,1,1,,B,16:6aJPP1K89Ga@<ll4ucgwL0DkW,0*12
\s:66,c:1782377508*4B\!AIVDM,1,1,,A,13417nPP00PCF=6MEfeN4?wPR<80,0*29
\s:66,c:1782377507*44\!AIVDM,1,1,,B,B3ghoa00aGcSH`9QJfee?wo5oP06,0*04
\s:66,c:1782377508*4B\!AIVDM,1,1,,A,19NSV:@02?Q21<jDj1=;F99P00SI,0*33
\s:66,c:1782377503*40\!AIVDM,1,1,,A,16Qgbl9P002P7pV@lwf9>wwF08IA,0*7F
\s:66,c:1782377503*40\!AIVDM,1,1,,B,13s<hngP05wGeb@G`R5tq?wD28IN,0*6F
\s:66,c:1782377500*43\!AIVDM,1,1,,A,14hK1c5P010cf1JGQoULlPg80000,0*7B
\s:66,c:1782377502*41\!AIVDM,1,1,,,17ldJjh00h6c=h@:br5hMP7@0000,0*14
\s:66,c:1782377501*42\!AIVDM,1,1,,A,16:FrbgP0086?bJ;eG75?Ow@0D2A,0*38
\s:66,c:1782377503*40\!AIVDM,1,1,,B,13l3pThPAC0iPKlPvdUoo6?H00RB,0*0E
\s:66,c:1782377503*40\!AIVDM,1,1,,A,35N5Lc5000G@QjPKM;H>43EFHDg:,0*03
\s:66,c:1782377498*43\!AIVDM,1,1,,B,13aIhJ0P00PD>LdMe6E00?w<2@FS,0*07
\s:66,c:1782377502*41\!AIVDM,1,1,,A,402;bN1vad`ka0Bu2rHpTdW0053<,0*0D
\s:66,c:1782377501*42\!AIVDM,1,1,,B,33eOEl?P@tP6d0<F:<dUrTUB20uA,0*05
\s:66,c:1782377504*47\!AIVDM,1,1,,B,13SCSr0000Q;I6>Hr5LVwkKJ28J1,0*44
\s:66,c:1782377502*41\!AIVDM,1,1,,A,13K@uH002b8BS;j;F8uHB6eD0@Hi,0*46
\s:66,c:1782377502*41\!AIVDM,1,1,,B,23`en1PP02PDQGJMe7fLjwwD2@Hc,0*76
\s:66,c:1782377495*4E\!AIVDM,1,1,,A,C6:M>C0002;PR64B0B803wv042O10j2L?11Sckh00000e2H63S0P,0*13
\s:66,c:1782377503*40\!AIVDM,1,1,,A,E>kb9Jhqah@@@@@@@@@@@@@@@@@;W?lA:c6h@00003vP100,2*68
\s:66,c:1782377505*46\!AIVDM,1,1,,B,17m@;ROP03`=mksvdRJ8NwwH2HJD,0*13
\s:66,c:1782377500*43\!AIVDM,1,1,,A,35Nwr50000J>17JBHcrK18mp0000,0*22
\s:66,c:1782377505*46\!AIVDM,1,1,,B,13aC3MhP000D68PMDmI:RgwL253<,0*78
\s:66,c:1782377505*46\!AIVDM,1,1,,B,13cv4K0000vqO>>@7>U0>mWF0<23,0*66
\s:66,c:1782377506*45\!AIVDM,1,1,,A,15Nam70P00Jd5gPG<P`P0?wJ0<1A,0*4E
\s:66,c:1782377506*45\!AIVDM,1,1,,A,33l3p:@0iVP?1OlMVKMFBE;H0351,0*29
\s:66,c:1782377506*45\!AIVDM,1,1,,A,A03IupkAC4:dH0h0`bdT1cF6nud@NrP5wH5T,0*23
\s:66,c:1782377506*45\!AIVDM,1,1,,A,1345w>0000P>frlMGjRDoGQL0<3P,0*56
\s:66,c:1782377507*44\!AIVDM,1,1,,B,177Oba00RF0sO?RE4>F49SEN0<5h,0*20
\g:1-2-5198989,s:66,c:1782377439*07\!AIVDM,2,1,9,B,58I1Kh82EDWSUKKC;20pu8B058TE>22222222216H`PE;5f70P4jCQhD,0*53
\g:2-2-5198989*60\!AIVDM,2,2,9,B,3lQH88888888880,2*68
\s:66,c:1782377506*45\!AIVDM,1,1,,B,13wmC1P0?w<tSF0l4Q@>47;v0`Ju,0*5C
\s:66,c:1782377507*44\!AIVDM,1,1,,B,33l3nnE000I<MevA0rfsLjv<0lub,0*15
\s:66,c:1782377507*44\!AIVDM,1,1,,B,15V=mr?004OeT7p329J=:Qw<053<,0*02
\s:66,c:1782377507*44\!AIVDM,1,1,,B,13eaN@8Oh1QcNpPFJ3gbKgwL0L0e,0*5B
\s:66,c:1782377505*46\!AIVDM,1,1,,B,18VVaL0000St76f>Wt=L>`GJ00SN,0*63
\s:66,c:1782377502*41\!AIVDM,1,1,,B,23aC2RPP00PD4:<MdM8>4?w@2@Gv,0*5D
\s:66,c:1782377506*45\!AIVDM,1,1,,B,23`en1PP07PDQGBMe7e;m?wL2@K>,0*16
\s:66,c:1782377506*45\!AIVDM,1,1,,A,13iNqB0001P8=wTNEQO`oScJ053<,0*2D
\s:66,c:1782377504*47\!AIVDM,1,1,,A,16T16`001D7JJTr0d<O3tC9J00SG,0*32
\s:66,c:1782377504*47\!AIVDM,1,1,,A,1717uB00043pFVv>23wilboJ00Sv,0*1F
\s:66,c:1782377500*43\!AIVDM,1,1,,B,ENjR7Ww;Pc2Q:Wdh@@@@@@@@@@@?:Q9PC0QK01088;v0100,2*60
\s:66,c:1782377504*47\!AIVDM,1,1,,A,13`dhbhP00PFPF4MtT1>4?wH28J1,0*01
\s:66,c:1782377505*46\!AIVDM,1,1,,A,36:5rA0OiK`m07LA9Lo1DACD21q@,0*5E
\s:66,c:1782377505*46\!AIVDM,1,1,,B,18Htj604ih`huIh@wC2K7q;>0D5b,0*78
\s:66,c:1782377504*47\!AIVDM,1,1,,A,19NSbU002R1BtOBGJ6MU:l7F0@Ih,0*3B
\s:66,c:1782377495*4E\!AIVDM,1,1,,A,16K3?Th0009jKb4D36ee=b;400Rr,0*15
\s:66,c:1782377505*46\!AIVDM,1,1,,A,H52U2L1<<uE@48uE@0000000000,2*7D
\s:66,c:1782377505*46\!AIVDM,1,1,,B,16K3?Th0009jKatD36`e=b9H0D2f,0*2E
\s:66,c:1782377502*41\!AIVDM,1,1,,A,B7liaG001J5fv0wl8I@Jswl2T8HW,0*57
\s:66,c:1782377506*45\!AIVDM,1,1,,B,17ldP1P01BW`apitbG9lckWN2<0=,0*00
\s:66,c:1782377504*47\!AIVDM,1,1,,A,17ldakh000W?mDD1e9FT4QsD053<,0*58
\s:66,c:1782377503*40\!AIVDM,1,1,,B,18J8W>000p7Ig720elLTiSaH0D;`,0*76
\s:66,c:1782377506*45\!AIVDM,1,1,,A,402:oVAvad`keOpWK>KtGrg0253<,0*07
\s:66,c:1782377504*47\!AIVDM,1,1,,A,15N3SscP0iJ=4nDAECojBwwF08Ik,0*10
\s:66,c:1782377506*45\!AIVDM,1,1,,B,E>l4d?O8e<Rh;TW2@30a6hHP0003wD3E60@I010888P000,4*03
\s:66,c:1782377506*45\!AIVDM,1,1,,B,168tHT00008gV1jA8`aP00EJ28JU,0*12
\s:66,c:1782377507*44\!AIVDM,1,1,,B,13aOBLPOiVODs?6E@TfMSbmL08KR,0*2D
\s:66,c:1782377505*46\!AIVDM,1,1,,A,B:5f>Q00;1krwP0JvWhDgwv63P06,0*14
\s:66,c:1782377506*45\!AIVDM,1,1,,B,13FOj80000ww1OFFcpbDi0CN00Rn,0*5F
\s:66,c:1782377501*42\!AIVDM,1,1,,B,3819F7m000rAS`>?CTuLB5cB0DMb,0*28
\s:66,c:1782377503*40\!AIVDM,1,1,,B,13aB:P@P@vPF3?nN1Hth503>0@IG,0*61
\s:66,c:1782377505*46\!AIVDM,1,1,,B,18I1@K001E7JwID0g6sm:3wF0@JD,0*15
\s:66,c:1782377501*42\!AIVDM,1,1,,A,402R3KAvad`ka1;HPtQTk1700HHI,0*25
\s:66,c:1782377502*41\!AIVDM,1,1,,A,1815cUh01u8enipAq3D3vC9@08HQ,0*02
\s:66,c:1782377505*46\!AIVDM,1,1,,B,142Oah@00025wU2GGqG:VS7H0D45,0*30
\s:66,c:1782377508*4B\!AIVDM,1,1,,A,15O0CUd000q<kM4A1vp3ObsN053<,0*1F
\s:66,c:1782377507*44\!AIVDM,1,1,,A,19NSiqPwRlNk5ev5peH5`TQJ0D0J,0*4D
\s:66,c:1782377507*44\!AIVDM,1,1,,A,B6:c9d@0:j25o43@1ww?4@?TSP00,0*4B
\s:66,c:1782377503*40\!AIVDM,1,1,,,B39k8eP008=n3R7h2HIuWwmUoP06,0*7B
\g:1-2-5198990,s:66,c:1782377508*0C\!AIVDM,2,1,0,B,542OahH2Gjce@<7OC;HLU<5>10uLE:0TTT00000l2H007<0Ht0000000,0*1A
\g:2-2-5198990*68\!AIVDM,2,2,0,B,000000000000000,2*27
\s:66,c:1782377503*40\!AIVDM,1,1,,B,16:R2HP01W8g3lvAnnfTpCsF0<9M,0*4D
\s:66,c:1782377503*40\!AIVDM,1,1,,A,4@2A`o1uJl`kb1?lIPH`VF7008IS,0*73
\s:66,c:1782377502*41\!AIVDM,1,1,,B,402IP@iuJl`kVNe`fVV4w;700HG=,0*7D
\s:66,c:1782377500*43\!AIVDM,1,1,,A,B5NGM=P00>rENVR4HUu`ICv00000,0*4B
\s:66,c:1782377504*47\!AIVDM,1,1,,B,19NSd0@02POLSHdCgCJQmQSH00Rn,0*6D
\s:66,c:1782377502*41\!AIVDM,1,1,,A,36:M5KP01o8iov@Ag5IbB8E@016A,0*2D
\s:66,c:1782377497*4C\!AIVDM,1,1,,A,B7mRPV000:3MLwOc54j@?wiRT<0q,0*78
\s:66,c:1782377506*45\!AIVDM,1,1,,A,339=gj1100QchutEdKR1Qs5H0DLb,0*78
\s:66,c:1782377502*41\!AIVDM,1,1,,B,18159R@01v7@?0H1N>?4pSu@053<,0*12
\s:66,c:1782377507*44\!AIVDM,1,1,,A,16=qA30P005eOSP3v8p6<OwN0HKT,0*75
\s:66,c:1782377498*43\!AIVDM,1,1,,A,137aU`0wC@0;kLhFUCd8NVk:000F,0*74
\s:66,c:1782377505*46\!AIVDM,1,1,,A,18IEq80P007KAUp0maVFDgwJ0@JM,0*57
\s:66,c:1782377503*40\!AIVDM,1,1,,B,17m3t80P00`=oNSvc1WEdgwB2@I6,0*73
\s:66,c:1782377503*40\!AIVDM,1,1,,B,133h8j7P0P00PnBLuBWS7?wF0@Ic,0*49
\s:66,c:1782377506*45\!AIVDM,1,1,,B,177lDQ001N7NdfL0o0M25QcN0@K9,0*7E
\s:66,c:1782377507*44\!AIVDM,1,1,,B,14RvgN002AOU4bpM3te03@5L08Kd,0*10
\s:66,c:1782377507*44\!AIVDM,1,1,,A,13Ho@l000002QA@LC@Kk5DGN053<,0*60
\s:66,c:1782377505*46\!AIVDM,1,1,,A,33`lSAUP000F15@N8u2P0?wJ0000,0*5C
\s:66,c:1782377504*47\!AIVDM,1,1,,B,E>mWTc>8bRh10QnpIrJh;a2QUh@CoBqp67oe@00003v0100,2*7C
\s:66,c:1782377505*46\!AIVDM,1,1,,A,B31k=500?p;JbU6C8wLpgwn6SP06,0*47
\s:66,c:1782377500*43\!AIVDM,1,1,,B,13ljwP001O0quqPOE;gI@GE>0W3h,0*32
\s:66,c:1782377506*45\!AIVDM,1,1,,,B3uDj5P000BW5g`PjsoQ0fo1h000,0*18
\s:66,c:1782377501*42\!AIVDM,1,1,,B,1612ha00023O5op@5t89?:k>0hHE,0*79
\s:66,c:1782377506*45\!AIVDM,1,1,,A,15O3auP01`q=@Qh@uss=FbeJ053<,0*47
\s:66,c:1782377503*40\!AIVDM,1,1,5,A,13MCmC@0028lKgcp776W6RUH0D0;,0*4F
\s:66,c:1782377504*47\!AIVDM,1,1,,A,13mpnV00030furrThW@1LaaL0HIw,0*7D
\s:66,c:1782377501*42\!AIVDM,1,1,,B,18W0iD002>8;cE><aVdkpkA>0L<I,0*18
\s:66,c:1782377507*44\!AIVDM,1,1,,A,13Ipop7100P1dGPLNCItLq=L053<,0*2C
\s:66,c:1782377506*45\!AIVDM,1,1,,A,18I6se3007P<<E2NbV`JsjmJ08KD,0*0C
\s:66,c:1782377508*4B\!AIVDM,1,1,,B,15?dW=@02L7dEdb5md?S;BQL0D1D,0*3B
\s:66,c:1782377508*4B\!AIVDM,1,1,,B,18RJ2q001U7T>cH2=DQHbVuL053<,0*30
\s:66,c:1782377507*44\!AIVDM,1,1,,B,19ACHvCwP02D2V4Ao@80On1200T>,0*4D
\s:66,c:1782377508*4B\!AIVDM,1,1,,A,18W0iD002>8;cND<aVPkq3AL00Ru,0*5B
\s:66,c:1782377507*44\!AIVDM,1,1,,A,145:f<700WNgWQN;JH552D1J0<21,0*4C
\s:66,c:1782377508*4B\!AIVDM,1,1,,A,34eGeLh2h0G<MPTL=n9Jo8ep0000,0*34
\s:66,c:1782377497*4C\!AIVDM,1,1,,B,13KskT0uRr0p1?NO=IeWj6A<08F<,0*1F
\s:66,c:1782377502*41\!AIVDM,1,1,,B,13MBTfh00=01uOTO?V@lcksD0<3K,0*61
\s:66,c:1782377501*42\!AIVDM,1,1,,A,16:WHm@000`db>:AwW5PJ?wD0000,0*39
\s:66,c:1782377504*47\!AIVDM,1,1,,B,39NSOKh002MP0G=s<OqTR@n`0CJu,0*4E
\s:66,c:1782377505*46\!AIVDM,1,1,,A,176tp5001f87<i@;8E=WCUkL08JR,0*67
\s:66,c:1782377502*41\!AIVDM,1,1,,A,B52jdC@005kbn`Vt<w@000N00000,0*3B
\s:66,c:1782377503*40\!AIVDM,1,1,,A,36:=03P00W8gQ7@AWNw03qOB00w0,0*4E
\s:66,c:1782377505*46\!AIVDM,1,1,,A,38153pP01v3tmK6>e:KR8AoH0T9S,0*32
\s:66,c:1782377504*47\!AIVDM,1,1,,B,19NSm?Q00JrAvNj5Jveq=rKF08Ii,0*6F
\s:66,c:1782377507*44\!AIVDM,1,1,,B,33a=380PAG0@GeLMK<>4;S=L0000,0*23
\s:66,c:1782377504*47\!AIVDM,1,1,,A,33KskT0ujq0p19vO=HUoiVAp0000,0*4F
\s:66,c:1782377504*47\!AIVDM,1,1,,A,13KskT0uRr0p19vO=HUoiVAJ0@Iw,0*02
\s:66,c:1782377498*43\!AIVDM,1,1,,,B3KQa2000PLC6U`VSosQ07k1h000,0*7E
\s:66,c:1782377503*40\!AIVDM,1,1,,A,4>jQMLivad`kbwHsrHMQleW0053<,0*6B
\s:66,c:1782377503*40\!AIVDM,1,1,,B,B3MC`wh00vqDH61f@9EqpPEQh000,0*6E
\s:66,c:1782377506*45\!AIVDM,1,1,,B,13`eMA@Oh6PCGorMF>ocIQ1JP<6J,0*7C
\s:66,c:1782377506*45\!AIVDM,1,1,,A,BkI>6W00iouIvB6uRm33Swl1h000,0*4A
\s:66,c:1782377507*44\!AIVDM,1,1,,A,16=q?;0v005eJsh3vRfFis?L053<,0*7A
\s:66,c:1782377507*44\!AIVDM,1,1,,B,39NSnbP0h21`hJlG<SNi<E;J0=ee,0*11
\s:66,c:1782377507*44\!AIVDM,1,1,,A,19NSNU000418Hc6Ewj65ARAL08Kw,0*49
\s:66,c:1782377505*46\!AIVDM,1,1,,B,160SOvg000SOAVd@6K7v4:mJ2@Jn,0*43
\s:66,c:1782377506*45\!AIVDM,1,1,,B,19NSB0hOhj1cu?4Ed7cA7i=N00SD,0*45
\s:66,c:1782377506*45\!AIVDM,1,1,,A,15NQv9<P@sJdvGDG?s0SHRKJ053<,0*0F
\s:66,c:1782377507*44\!AIVDM,1,1,,A,15O=Od3000rQ`F<FL2QP>icL0pL1,0*3D
\s:66,c:1782377505*46\!AIVDM,1,1,,B,14bHw2301?3NeQ2@BanbNHOL0L;@,0*54
\s:66,c:1782377505*46\!AIVDM,1,1,,A,1694WL002=8:kbJ89I0iGQ9D0HIa,0*53
\s:66,c:1782377507*44\!AIVDM,1,1,,B,B7hGIB0003:wmSuMBh:kpcoQd000,0*3E
\g:1-2-5198991,s:66,c:1782377503*06\!AIVDM,2,1,1,A,5815Gmp2DdnuKM4g>20tiTm0T>0HTLQ@E:22221@L@hDL5cG0FQAlmF`,0*1A
\g:2-2-5198991*69\!AIVDM,2,2,1,A,888888888888880,2*25
\s:66,c:1782377503*40\!AIVDM,1,1,,A,369oaEPOhD8cCJ0FV@1r88KD00w@,0*2B
\s:66,c:1782377496*4D\!AIVDM,1,1,,A,15NeuhPP00G@1c@K@K`Pw?w40hbJ,0*0A
\s:66,c:1782377501*42\!AIVDM,1,1,,A,B6<fs:66,0*28
\s:66,c:1782377502*41\!AIVDM,1,1,,A,144V6tP01i0hn5>ESbHJhpc@00SK,0*53
\s:66,c:1782377497*4C\!AIVDM,1,1,,B,1697@P001i8iSI8Afp7bPpK:0hED,0*1D
\s:66,c:1782377499*42\!AIVDM,1,1,,B,35Dn`f001LrTWur67lPo9EO:01:h,0*0C
\s:66,c:1782377503*40\!AIVDM,1,1,,B,13mdW002QkPK9KDQFJ:<:9mp08Ic,0*3B
\s:66,c:1782377505*46\!AIVDM,1,1,,A,1815VqPrjA0igi8Q6Dd<?9cH0hJb,0*4C
\s:66,c:1782377504*47\!AIVDM,1,1,,,13drf40vjRNPvwN9MwL0wPoH0000,0*71
\s:66,c:1782377502*41\!AIVDM,1,1,,A,14eIMcPP00sM3k>ISOSmRU9D0L0J,0*6E
\s:66,c:1782377501*42\!AIVDM,1,1,,A,I610?URH5AdaIhfvNL;PvTv0b06r,0*73
\s:66,c:1782377503*40\!AIVDM,1,1,,B,B610?UP03`q1f1Suci`@7wmQoP04,0*55
\s:66,c:1782377504*47\!AIVDM,1,1,,B,35>gpr5P0AJBDiV5FaEddgwF0DpJ,0*50
\s:66,c:1782377501*42\!AIVDM,1,1,,A,16:E49P0018Qim<FHMqLO6OB0HH5,0*6C
\s:66,c:1782377503*40\!AIVDM,1,1,,A,19NSd`h000rVDAP5rf8Tkh;H00Rf,0*17
\s:66,c:1782377504*47\!AIVDM,1,1,,B,19NSR3@0jhEtB@4I2>ElSCWD0<01,0*46
\s:66,c:1782377500*43\!AIVDM,1,1,,B,B5MqwbP00EkwVP6l85vaSwl5oP06,0*70
\s:66,c:1782377498*43\!AIVDM,1,1,,A,H3m??j0U8DpD000000000000000,2*45
\s:66,c:1782377498*43\!AIVDM,1,1,,A,H3m??j4N0000000<;kkik00P7220,0*42
\s:66,c:1782377503*40\!AIVDM,1,1,,A,13avKB700EPETpRNCT6AQQKH0<4U,0*6B
\s:66,c:1782377508*4B\!AIVDM,1,1,,A,36:DU;0P@M`:vi0<r3M7;F3N21u0,0*6A
\s:66,c:1782377503*40\!AIVDM,1,1,,B,B8StHT009qsBih1MvSvmCwlW3P06,0*34
\s:66,c:1782377503*40\!AIVDM,1,1,,A,16:<o4P1AFWJr>d0fk3tLJ2t0HIT,0*70
\s:66,c:1782377503*40\!AIVDM,1,1,,A,13l3q6P12F0>@0<McFeBrRCD0@IF,0*7C
\s:66,c:1782377503*40\!AIVDM,1,1,,A,14i5lkg0008f`?4A@;V@08aB053<,0*17
\s:66,c:1782377500*43\!AIVDM,1,1,,A,33GQnOpOiHOH08lH:qpBbB7>010@,0*05
\s:66,c:1782377503*40\!AIVDM,1,1,,A,403tCdAvad`kaWqg4v:g`g7008I0,0*35
\s:66,c:1782377504*47\!AIVDM,1,1,,A,403t=Kivad`ka`ej8pAb6BW00HI1,0*74
\s:66,c:1782377498*43\!AIVDM,1,1,,B,17lcmL?P007VO`StqHpmo?w<28FW,0*2F
\s:66,c:1782377504*47\!AIVDM,1,1,,B,16K3g0h0009jKwPD33ai7TSF2@Ii,0*02
\s:66,c:1782377504*47\!AIVDM,1,1,,A,16:8Ac?P?w<tSF0l4Q@>4?wv0`ID,0*6B
\s:66,c:1782377501*42\!AIVDM,1,1,,A,401l211vad`k`8<2>b<pBnA04HH2,0*28
\s:66,c:1782377497*4C\!AIVDM,1,1,,A,36:Hd6Q0038iV0rAhAS5I1O80Dg:,0*0C
\s:66,c:1782377488*42\!AIVDM,1,1,,B,13crn;012PVglvV3Q8c3pk<l0L0Q,0*21
\s:66,c:1782377494*4F\!AIVDM,1,1,,A,33crn;01BOVgm5J3Q8O3t3<v0CjM,0*32
\s:66,c:1782377504*47\!AIVDM,1,1,,B,B9ABKK00E0TuwDTO1<o8nPn4SP06,0*1A
\s:66,c:1782377501*42\!AIVDM,1,1,,A,B3mF4K0008KLVU:5O:9o;wl5oP06,0*0F
\g:1-2-5198992,s:66,c:1782377487*08\!AIVDM,2,1,2,B,53crn;82EAI<T94r220M84p@F1@u8Tpv2222221J3RcI;5i`0Dm0B@hC,0*58
\g:2-2-5198992*6A\!AIVDM,2,2,2,B,Qp0j2CPH8888880,2*37
\s:66,c:1782377504*47\!AIVDM,1,1,,B,13GQnOp01JOH0<hH:r0jiB7F08J2,0*38
\s:66,c:1782377504*47\!AIVDM,1,1,,B,17ljnBh0007al30;GJuRRVoD0HJ9,0*5D
\s:66,c:1782377505*46\!AIVDM,1,1,,A,403sl2Qvad`kd`9E58<nokG00@JU,0*2E
\s:66,c:1782377504*47\!AIVDM,1,1,,A,1815Q8001g0rr@pE0W04OSaF0L5o,0*2F
\s:66,c:1782377500*43\!AIVDM,1,1,,A,E>kb9L@r9h@@@@@@@@@@@@@@@@@;W6H=:c>T@00003vP100,2*78
\s:66,c:1782377499*42\!AIVDM,1,1,,B,35A2S`3OhdSS;ct@B<oIopE>07IS,0*5E
\s:66,c:1782377506*45\!AIVDM,1,1,,A,15Mv1=<000q=0k:@tBgH0FcN08K6,0*43
\s:66,c:1782377507*44\!AIVDM,1,1,,B,35A2S`3OhdSS;`b@B<k:0HQN00p0,0*62
\s:66,c:1782377504*47\!AIVDM,1,1,,A,13aGsD@P0oPLA9NMkUu8MOwFRD0@,0*3B
\s:66,c:1782377502*41\!AIVDM,1,1,,A,33S14vP3001?UgdHO51Ak4Ap0000,0*11
\s:66,c:1782377506*45\!AIVDM,1,1,,B,15NSH90000o@7@vE`v4WP33N053<,0*47
\s:66,c:1782377505*46\!AIVDM,1,1,,A,13u@OV0P001<fJvR47CW?wvn0<04,0*22
\s:66,c:1782377505*46\!AIVDM,1,1,,B,19NSPmSP003S>Cd@D`Cf4?wH2<6:,0*00
\s:66,c:1782377500*43\!AIVDM,1,1,,B,16:VpP0OiP`l:whAUHqVuUcB053<,0*71
\s:66,c:1782377503*40\!AIVDM,1,1,,A,33a4?Q5P00PF?PhMwKIv4?wF2DBJ,0*63
\s:66,c:1782377504*47\!AIVDM,1,1,,B,15?dOp@0h;ROrM4@kTaI:pqH0<0p,0*18
\s:66,c:1782377500*43\!AIVDM,1,1,,A,19t6R6@01R1:AwrCLs=aios@053<,0*4B
\s:66,c:1782377503*40\!AIVDM,1,1,,A,B6:K7fP0Qj890D5VN68Hswv63P06,0*16
\s:66,c:1782377507*44\!AIVDM,1,1,,A,39NSkvm000HRUm6:rF@jt@CJ0Dtr,0*0E
\s:66,c:1782377500*43\!AIVDM,1,1,,B,B3KGP5P0;`ER<g`PjwEdgwl1l8Go,0*77
\s:66,c:1782377501*42\!AIVDM,1,1,,A,403Ow3AuJl`kar6>;8Hc@u?02D1j,0*27
\s:66,c:1782377505*46\!AIVDM,1,1,,A,13aPQ60w@2Q0UDjDLhB>40oJ2<6g,0*3F
\s:66,c:1782377507*44\!AIVDM,1,1,,B,33MD<nPP@?08ukDM`G59FVwL01t@,0*2B
\s:66,c:1782377506*45\!AIVDM,1,1,,A,14d;?R0018R4fQtGLvl@3P9J08Jr,0*4C
\s:66,c:1782377507*44\!AIVDM,1,1,,A,16:BslU000`g0;DA?imaH:SH0<<u,0*5C
\s:66,c:1782377507*44\!AIVDM,1,1,,A,16:Bo100008doC@A7O25MncL00Rd,0*33
\s:66,c:1782377504*47\!AIVDM,1,1,,A,13bfpn0P0O0L8C4O25i:HwwH0PSP,0*6A
\s:66,c:1782377508*4B\!AIVDM,1,1,,B,169>Ki`P00`VS`0DVQsf4?wN2<5c,0*3E
\s:66,c:1782377508*4B\!AIVDM,1,1,,B,33ioSJ3OhB0;N@<MNv>9HWIJ0000,0*3B
\s:66,c:1782377503*40\!AIVDM,1,1,,A,134>N<001GP@HS<MK>K2bisD0HIC,0*12
\s:66,c:1782377500*43\!AIVDM,1,1,,A,17lj=7pP00WKhlT0UDQ71gw>2@Gg,0*4A
\s:66,c:1782377502*41\!AIVDM,1,1,,A,339jN;0P0j0oH`HO1FkmGl1B0000,0*63
\s:66,c:1782377497*4C\!AIVDM,1,1,,A,16:ds@g0008dIbhB3@f:2aG<00Rp,0*63
\s:66,c:1782377504*47\!AIVDM,1,1,,A,D02R3c0c`Nfq6DO6D0,4*73
\s:66,c:1782377500*43\!AIVDM,1,1,,A,13:4otP00D0MP6DNphS=m0=H0@I1,0*62
\s:66,c:1782377502*41\!AIVDM,1,1,,A,13oRiP001V1H4NVWsKRINoSF0D1O,0*58
\s:66,c:1782377502*41\!AIVDM,1,1,,A,33v7r`00280pvqjPFkAIs7op0000,0*7C
\s:66,c:1782377502*41\!AIVDM,1,1,,B,H52f>L4UFC@D21F00000000H;040,0*1C
\s:66,c:1782377504*47\!AIVDM,1,1,,A,13cdfdWP02Pt?LDD`>`5w?wH20Rf,0*39
\s:66,c:1782377507*44\!AIVDM,1,1,,A,15Co6D0000W=iof7Q:`3Ln?N08KS,0*3A
\s:66,c:1782377507*44\!AIVDM,1,1,,B,13aGDw0P00PF7IHMwOwAc?wN2<7d,0*09
\s:66,c:1782377502*41\!AIVDM,1,1,,A,13F6eePP1<we05VDwrmRFww@0HGd,0*3B
\s:66,c:1782377500*43\!AIVDM,1,1,,B,3CgaIh7001vEV82UndJt@0o4002j,0*09
\s:66,c:1782377502*41\!AIVDM,1,1,,A,33oRiP001U1H4NTWsKR9OWSp0000,0*2E
\s:66,c:1782377503*40\!AIVDM,1,1,,A,160q;L0P0@3Rdht@>A6c=gvr0hI0,0*0B
\s:66,c:1782377499*42\!AIVDM,1,1,,A,15O471PP1QrA7db>gd7;Q?w>2000,0*29
\s:66,c:1782377505*46\!AIVDM,1,1,,B,15N`CJP001oRbMvCDNJbGqWL08JW,0*5A
\s:66,c:1782377501*42\!AIVDM,1,1,,A,16:cBR@P0r`dGv@ApVjcPgwD08IE,0*21
\s:66,c:1782377504*47\!AIVDM,1,1,,B,13ku:n@0inJ5;mj=oFbCQRoJ00T2,0*2C
\s:66,c:1782377504*47\!AIVDM,1,1,,A,33MCT0000DOq0K:M2d7664qp0000,0*5E
\s:66,c:1782377505*46\!AIVDM,1,1,,A,13l3oT@0000Bgb@Mfvo@WI;L08JP,0*0E
\s:66,c:1782377504*47\!AIVDM,1,1,,B,1343:ePP3:PChA2MDoCJogwH2D4b,0*06
\s:66,c:1782377500*43\!AIVDM,1,1,,B,ENkb;2g9Rh@@@@@@@@@@@@@@@@@;W`lp=ePBh00003vP00,4*29
\s:66,c:1782377507*44\!AIVDM,1,1,,B,19NSP6h01H`gkv>AkDV;lqSL28Ke,0*76
\s:66,c:1782377507*44\!AIVDM,1,1,,B,18L0Vr00007J`ID0e?AeEo1L08Kc,0*5D
\s:66,c:1782377507*44\!AIVDM,1,1,,B,16S`B4g02R9=S;FD2LkMl;1H0@Ki,0*1A
\s:66,c:1782377505*46\!AIVDM,1,1,,B,13=FIB0029PR54fGEIBa27=D88JC,0*24
\s:66,c:1782377503*40\!AIVDM,1,1,,A,B614iKP028pwi7T0uhcQ3wmQoP04,0*4E
\s:66,c:1782377506*45\!AIVDM,1,1,,A,139o5VP01FPeSOPN``9uL:kLP53<,0*46
\s:66,c:1782377504*47\!AIVDM,1,1,,B,B8Hu@;003ao18u0;vuT=3wfUoP06,0*77
\s:66,c:1782377506*45\!AIVDM,1,1,,A,14SB`r0015P@9HbMJw93EBUJ0<=P,0*24
\s:66,c:1782377508*4B\!AIVDM,1,1,,B,EfjJ@=g;4aUTh5PW0V@9b000000@Tp?b<F29010888mP20,4*0E
\s:66,c:1782377503*40\!AIVDM,1,1,,A,13fB?`001h0en28EReP:P`KF0t91,0*5E
\s:66,c:1782377507*44\!AIVDM,1,1,,B,169E43@P00`fwg0ADJpf4?wL28K>,0*79
\s:66,c:1782377506*45\!AIVDM,1,1,,A,138pon320L0L<9PNrw5b`HSJ0l3W,0*2C
\s:66,c:1782377503*40\!AIVDM,1,1,,B,15?dUk0000rCiGT57oIq<AOD28IN,0*21
\s:66,c:1782377502*41\!AIVDM,1,1,,B,142M8t000024k:jGMtMPva7Ep0SO,0*74
\s:66,c:1782377496*4D\!AIVDM,1,1,,A,34`qB2002LG1Qp0KiIs4n3ip0000,0*31
\s:66,c:1782377503*40\!AIVDM,1,1,,A,13aDCQh000P@oR@MLT==17OD00S5,0*18
\s:66,c:1782377504*47\!AIVDM,1,1,,A,19NSm:P1RH5Q24>4KKcTj3qB0D0<,0*52
\g:1-2-5198993,s:66,c:1782377500*07\!AIVDM,2,1,3,A,57liTrH00001T@;CW3Q@:p<518T<u8r37;22220l1h491t0Ht0000000,0*04
\g:2-2-5198993*6B\!AIVDM,2,2,3,A,000000000000000,2*27
\s:66,c:1782377498*43\!AIVDM,1,1,,A,B3mHnD0010MfCO:9nWWQ3wk5oP06,0*61
\s:66,c:1782377504*47\!AIVDM,1,1,,A,16:L=i0P018VbohD`m?8OgwD0@Hw,0*73
\s:66,c:1782377505*46\!AIVDM,1,1,,A,19N`2lP0270C4;DMIjdQ`1AL08JP,0*16
\s:66,c:1782377501*42\!AIVDM,1,1,,A,17lclspP02`GPiww>>B@8?w@2D0F,0*3E
\s:66,c:1782377497*4C\!AIVDM,1,1,,A,15NB`K0P00J:bN4AHnAr7Ow<2000,0*68
\s:66,c:1782377505*46\!AIVDM,1,1,,A,169L1o02@08gsqjA8nqf40982hJD,0*1E
\s:66,c:1782377497*4C\!AIVDM,1,1,,B,36;:49001D`Nr<hFGW9asGq:20US,0*24
\s:66,c:1782377500*43\!AIVDM,1,1,,A,15?dQGh0R;8eLR@?@`5H3nE<0L0T,0*03
\s:66,c:1782377504*47\!AIVDM,1,1,,B,B3MC7uP0Dh4ebO5deH52`kn1lL0E,0*52
\s:66,c:1782377499*42\!AIVDM,1,1,,B,H3m:M;PLDll4000000000000000,2*21
\s:66,c:1782377499*42\!AIVDM,1,1,,B,H3m:M;TU71B=9>0<4kljl0104310,0*0E
\s:66,c:1782377505*46\!AIVDM,1,1,,A,403t7hAvad`k`8ivMjA?SQO0053<,0*6A
\s:66,c:1782377504*47\!AIVDM,1,1,,B,39NST1E0009=c@FD4Ts9WjkH0DRJ,0*5F
\s:66,c:1782377506*45\!AIVDM,1,1,,A,15SNbv0uRO7MWrb0gM>AhQOJ053<,0*1D
\s:66,c:1782377507*44\!AIVDM,1,1,,B,13ma6j7000PhKtbQ1`7qVIaN0@KW,0*0F
\s:66,c:1782377506*45\!AIVDM,1,1,,A,14eIT@@01jPjV<tQ2=D<OIuF0D6k,0*2E
\s:66,c:1782377507*44\!AIVDM,1,1,,B,18MBdl0vQF7>uI@4`cIVAm;N08KI,0*74
\s:66,c:1782377505*46\!AIVDM,1,1,,B,78I8>81RMpD`,0*27
\s:66,c:1782377502*41\!AIVDM,1,1,,B,13UcM`001sONG=@K3TFQLQ7D08Hp,0*20
\s:66,c:1782377505*46\!AIVDM,1,1,,A,35NmKR0000J5gdB?pRaB71ep0000,0*09
\s:66,c:1782377505*46\!AIVDM,1,1,,A,13P<jah000rRab8E68:5RaqF0HJi,0*1B
\s:66,c:1782377506*45\!AIVDM,1,1,,B,H6:9ii0`Tr1PUG3KP0000000000,2*77
\s:66,c:1782377506*45\!AIVDM,1,1,,B,H6:9ii4mu2@B?F100000001H;330,0*4E
\s:66,c:1782377506*45\!AIVDM,1,1,,B,B3dPhl@0A@@WPJ58R7uhgwnUCP06,0*53
\s:66,c:1782377506*45\!AIVDM,1,1,,A,17tKqU@P0RWHOWd0mMGU4gwL2<0R,0*2C
\s:66,c:1782377506*45\!AIVDM,1,1,,A,15B`G@1000StI?B>`N0@07iJ0=;j,0*0D
\s:66,c:1782377507*44\!AIVDM,1,1,,A,18157q000O3w4k4>m`de6bcP0DHc,0*37
\s:66,c:1782377501*42\!AIVDM,1,1,,A,H52h3Wi@4PTpT00000000000000,2*5A
\s:66,c:1782377505*46\!AIVDM,1,1,,B,13ap52001hvf8fp;86H=w;;D00S7,0*41
\s:66,c:1782377501*42\!AIVDM,1,1,,B,E>m1c?hPab97V0Q2h93@I76h2d1nCkkpm@VrP00003lP135DjCkP,0*61
\s:66,c:1782377507*44\!AIVDM,1,1,,B,18JV9n8P34WK68P0eUdQ<gwL0hKe,0*69
\s:66,c:1782377505*46\!AIVDM,1,1,,A,13oLbp001b0HlOLSkqcQpAOF0D1c,0*34
\s:66,c:1782377504*47\!AIVDM,1,1,,B,13`nq:0Oij0@@s2MJSPiA13D0D5p,0*34
\s:66,c:1782377507*44\!AIVDM,1,1,,A,37OdiR5P01:l;icdSTOrDwwP2Dvb,0*19
\s:66,c:1782377507*44\!AIVDM,1,1,,A,17tJOe0P0i7J@000d7LK=OwN08Kd,0*38
\s:66,c:1782377503*40\!AIVDM,1,1,,B,139edj0P00Pecb4N`jUv4?wF20So,0*76
\s:66,c:1782377501*42\!AIVDM,1,1,,A,13dVQ6001uP8a8@MAINj?QmB0@HC,0*1F
\s:66,c:1782377504*47\!AIVDM,1,1,,B,16:6HWU00h8fs?@ARD6jCP1D0000,0*33
\s:66,c:1782377505*46\!AIVDM,1,1,,A,34eH0u0P@>G>6@jL;=sRERsJ219P,0*1D
\s:66,c:1782377505*46\!AIVDM,1,1,,A,13`g94000R0EU@0NCcT`rVsJ0d4p,0*4B
\s:66,c:1782377501*42\!AIVDM,1,1,,A,155waL001?SVnKt@4KI5r4g<0L6?,0*3C
\s:66,c:1782377501*42\!AIVDM,1,1,,A,35Mf<2P001G>KShKhH?6LW9p0000,0*5D
\s:66,c:1782377504*47\!AIVDM,1,1,,A,1815JKh1QjvnGC4>S:UWj6>j00Sh,0*06
\s:66,c:1782377498*43\!AIVDM,1,1,,B,16:8:QgP008MmL0FEiA7:gw:00RV,0*10
\s:66,c:1782377499*42\!AIVDM,1,1,,A,38Hvp5010iJRSIvE7r1tCbUp0000,0*3B
\s:66,c:1782377503*40\!AIVDM,1,1,,A,13Ek0dP000wvS4JFTK3006OF20Rr,0*65
\s:66,c:1782377500*43\!AIVDM,1,1,,A,403OKC1uJl`k`rpVFVGml6w02@Gh,0*71
\s:66,c:1782377501*42\!AIVDM,1,1,,B,13aIhsh0000DFNbMcpU0QmwD053<,0*6C
\s:66,c:1782377504*47\!AIVDM,1,1,,A,13M@dlCP00Or5o`M2jplU?wF253<,0*6F
\s:66,c:1782377505*46\!AIVDM,1,1,,B,1:kJnR0000Ji4m3bkqAKABCF053<,0*04
\s:66,c:1782377505*46\!AIVDM,1,1,,B,17lcaWP0007aRletQja1727L0D3B,0*13
\s:66,c:1782377506*45\!AIVDM,1,1,,B,13B=0<002E`g?3<A6nvUQTIp0<?h,0*49
\s:66,c:1782377506*45\!AIVDM,1,1,,B,B69@RO00=j;uaP4D9Q9MU<FWQP06,0*0E
\s:66,c:1782377506*45\!AIVDM,1,1,,B,16:8A?PP?w<tSF0l4Q@>4?wv0t74,0*41
\s:66,c:1782377507*44\!AIVDM,1,1,,B,15`oET0000Q2HKFDRi;3h6cN0D2>,0*65
\s:66,c:1782377504*47\!AIVDM,1,1,,A,13m;AO50290JadTQgUH40C=D00Rn,0*70
\s:66,c:1782377504*47\!AIVDM,1,1,,A,13:3`C0P00PecavN`id>4?wH2HJD,0*72
\s:66,c:1782377505*46\!AIVDM,1,1,,B,1815FhPwB?RCGGvCISTApAWD0<1N,0*26
\s:66,c:1782377501*42\!AIVDM,1,1,,B,16:R5?0:1B8LT4lF0FB9KGW60@Du,0*26
\s:66,c:1782377503*40\!AIVDM,1,1,,A,33UH?:502m1g7evEf:ds8`wp0000,0*47
\s:66,c:1782377503*40\!AIVDM,1,1,,,17m3tmEP00WL`3<0UdWPUgwR053<,0*5C
\s:66,c:1782377505*46\!AIVDM,1,1,,A,16K2RI@Oh59ifivD1WqrFjqJ0<37,0*06
\s:66,c:1782377498*43\!AIVDM,1,1,,B,15NKm=SP01JRVB0E9AH1Bgw<0<0n,0*32
\s:66,c:1782377503*40\!AIVDM,1,1,,A,190waQPP000Awu@E7vd@tOwD2@IC,0*3A
\s:66,c:1782377506*45\!AIVDM,1,1,,A,14aVHh7001vj<=p;u7kDl@WF053<,0*3E
\s:66,c:1782377503*40\!AIVDM,1,1,,A,37ljj2A0008HSwIwG5q=QoWH0DWJ,0*11
\s:66,c:1782377503*40\!AIVDM,1,1,,B,13f3et001b7mLUj8RGneHrPV053<,0*09
\s:66,c:1782377504*47\!AIVDM,1,1,,B,1815C`@PB1PUaRlF@g`FLDkB053<,0*5E
\s:66,c:1782377506*45\!AIVDM,1,1,,A,19NSp5h01u0I<BhEPLNr@p9N0D5w,0*11
\s:66,c:1782377507*44\!AIVDM,1,1,,B,405GdO1vad`kg7K::00fHh700@Kg,0*37
\s:66,c:1782377508*4B\!AIVDM,1,1,,B,13=AA:001W0FgiHHl1Q=Q:mN08L2,0*31
\s:66,c:1782377508*4B\!AIVDM,1,1,,A,177NDe00238U>LFFB`7nrEcP0<2d,0*43
\s:66,c:1782377503*40\!AIVDM,1,1,,A,18Hrlg`P01WL1:j0h4LL>?wH0<;B,0*72
\s:66,c:1782377503*40\!AIVDM,1,1,,B,15O61=dP00I=9QT@tMQ4rwwD053<,0*08
\s:66,c:1782377495*4E\!AIVDM,1,1,,A,342O:G002K1Lc2nElKJ5lTap0000,0*2E
\s:66,c:1782377504*47\!AIVDM,1,1,,B,144WbQ50?w<tSF0l4Q@>40Wv1d1v,0*10
\s:66,c:1782377501*42\!AIVDM,1,1,,B,13EhevgP0<P<uoNFI>lVcwwB2@H2,0*38
\s:66,c:1782377504*47\!AIVDM,1,1,,B,16Sqnu?P00a=B3tD3gbN4?wH2D80,0*5B
\s:66,c:1782377501*42\!AIVDM,1,1,,A,13eMjVhP1@Q2;ErDTe>cmgw>2000,0*7F
\s:66,c:1782377502*41\!AIVDM,1,1,,A,1815`:P1j47PhJ21H9Uhg@a<0HHS,0*5D
\s:66,c:1782377498*43\!AIVDM,1,1,,A,16C>MB800tSTReN@gBwEclQ<20S=,0*38
\s:66,c:1782377502*41\!AIVDM,1,1,,B,13aJI=@1Anwap2hKtWf20ic@8D3b,0*71
\s:66,c:1782377504*47\!AIVDM,1,1,,A,14bBTp000=9>n94Cv<Eb?b9H00SK,0*54
\s:66,c:1782377505*46\!AIVDM,1,1,,A,15N1fKP000rQL6HFLQaonlCJ0<1l,0*0E
\s:66,c:1782377502*41\!AIVDM,1,1,,A,1770ka001b8Gr4qw;G;;maKD00S<,0*51
\s:66,c:1782377507*44\!AIVDM,1,1,,B,33m9v:P000PKLhbQLUGmD1U80CfM,0*22
\s:66,c:1782377505*46\!AIVDM,1,1,0,B,8>k1o@AKpBjS?N32lva7mre0<N00,0*63
\s:66,c:1782377505*46\!AIVDM,1,1,,A,35NH9j5rh0G>pVbK5Jqq>7Ip0000,0*53
\s:66,c:1782377500*43\!AIVDM,1,1,,A,I610@O1g0nJkGaB>di2?3FCOC=Qf,0*14
\s:66,c:1782377503*40\!AIVDM,1,1,,B,176r;K001p`lKjvCbkwP60;00@Ho,0*3A
\s:66,c:1782377502*41\!AIVDM,1,1,,A,H819CBDTCBD9B`pFo1nhko1P333t,0*5D
\s:66,c:1782377506*45\!AIVDM,1,1,,A,169LD00P0d8fjHtAPpslewwJ2D7e,0*69
\s:66,c:1782377505*46\!AIVDM,1,1,,A,36<v3q00297TC=l28rsQ8huH03:i,0*36
\s:66,c:1782377506*45\!AIVDM,1,1,,B,15Nd7jd000q<rOT@wlNbU5aL0L3m,0*3E
\s:66,c:1782377506*45\!AIVDM,1,1,,A,13ImP@0007P67EtM@<lf1TEL`0SB,0*61
\s:66,c:1782377506*45\!AIVDM,1,1,,B,19t6R1h01M0O8lHF@5AbfpKL053<,0*40
\s:66,c:1782377507*44\!AIVDM,1,1,,A,19NSKJP000HRTDH:rTSr=JmN08KE,0*7F
\s:66,c:1782377507*44\!AIVDM,1,1,,A,13@toB002VvPusP9Psa836MP0L3r,0*4F
\s:66,c:1782377507*44\!AIVDM,1,1,,B,19NSfbhwk4n8b8LFKw0KhqKJ053<,0*27
\s:66,c:1782377505*46\!AIVDM,1,1,,A,B52gno0006`ETHU1<K@000N00000,0*27
\s:66,c:1782377507*44\!AIVDM,1,1,,A,B6:lM700=j22ia3@VTK6:No7QP06,0*06
\s:66,c:1782377450*47\!AIVDM,1,1,,A,H52jPlhM84<T4pp400000000000,2*4C
\s:66,c:1782377507*44\!AIVDM,1,1,,B,H52jPllU7B=400500000000p5314,0*3F
\s:66,c:1782377505*46\!AIVDM,1,1,,A,13HPIH001g00QDTLCsq;<8sF0<3f,0*74
\s:66,c:1782377503*40\!AIVDM,1,1,,A,13454`0000PEuNDMwBjL4jkF0<<P,0*56
\s:66,c:1782377500*43\!AIVDM,1,1,,A,404k1SQvad`k`:cET7klM4W000S:,0*59
\s:66,c:1782377494*4F\!AIVDM,1,1,,B,B3IOb:P0=H63elV:V;3Kwwi1l0RE,0*79
\s:66,c:1782377497*4C\!AIVDM,1,1,,A,B4Tdja0006in`aQgGJG;Fgv00000,0*4B
\s:66,c:1782377497*4C\!AIVDM,1,1,,A,H4Tdja05PTtp000000000000000,2*56
\s:66,c:1782377497*4C\!AIVDM,1,1,,A,H4Tdja400000000@:liqi0000220,0*02
\s:66,c:1782377504*47\!AIVDM,1,1,,B,1815VPP0240AeMNECDBJRpMD08Is,0*0C
\s:66,c:1782377504*47\!AIVDM,1,1,,A,1:kJSE@01LJi`icc1h:H16MJ0D0f,0*34
\s:66,c:1782377498*43\!AIVDM,1,1,,A,18Hv1000R0`<<rH<kCRdQIu<0000,0*5B
\s:66,c:1782377503*40\!AIVDM,1,1,,A,402<HeAvad`kb1tMdLROnm?060S:,0*04
\s:66,c:1782377500*43\!AIVDM,1,1,,,17liwBE0008KO:iwFSiRdR=>1P00,0*46
\s:66,c:1782377504*47\!AIVDM,1,1,,,17liwBE0008KO:iwFSiRdR=F1P00,0*3E
\s:66,c:1782377504*47\!AIVDM,1,1,,A,1815?h000d7KScR0lS0E645J0@J3,0*38
\s:66,c:1782377500*43\!AIVDM,1,1,,A,35NWR:0000G>KPPKhI:H:VSp0000,0*34
\s:66,c:1782377502*41\!AIVDM,1,1,,B,339vcF5000PeTQ:NVD5N40oB2DUJ,0*27
\s:66,c:1782377504*47\!AIVDM,1,1,,A,16:;gS00188;83l<r>V3eCm@053<,0*6D
\s:66,c:1782377504*47\!AIVDM,1,1,,B,13j3ED3tP4viOE88EkLkoEoF853<,0*41
\s:66,c:1782377498*43\!AIVDM,1,1,,A,15NUGu<P0Vq<et@A1qGRKim<0000,0*7A
\s:66,c:1782377500*43\!AIVDM,1,1,,A,402:o8iuJl`k`P:eBtM=fOW00<7a,0*71
\s:66,c:1782377504*47\!AIVDM,1,1,,B,15?daQPwAuOj:efLOOhBjR=F08JA,0*63
\s:66,c:1782377505*46\!AIVDM,1,1,,A,33bok:0P010H1nlNSQh9C19F0000,0*40
\s:66,c:1782377505*46\!AIVDM,1,1,,A,15?dh3@000JCdh>58`rLh79H0hJp,0*76
\s:66,c:1782377504*47\!AIVDM,1,1,,A,D02:o8hTtLfq6DM6DStu6D0,2*41
\s:66,c:1782377504*47\!AIVDM,1,1,,B,18R6=G0001SQ@Uh@;tb6?awH08JC,0*77
\s:66,c:1782377502*41\!AIVDM,1,1,,A,33mas800270nAfdPhw`<WJ5p0000,0*32
\s:66,c:1782377503*40\!AIVDM,1,1,,B,H5NgwmQL4d5T400000000000000,2*71
\s:66,c:1782377503*40\!AIVDM,1,1,,B,H5NgwmTU71B=9>0G4:mloh1H:440,0*18
\s:66,c:1782377503*40\!AIVDM,1,1,,B,18Hv100120`<<ml<kD;tRauH0000,0*23
\s:66,c:1782377504*47\!AIVDM,1,1,,B,17liW<0P00`HgAkwQs@jEgwF20S3,0*46
\s:66,c:1782377504*47\!AIVDM,1,1,,A,35?dUh@000SNmpR@t>3DvrKF2P00,0*72
\s:66,c:1782377505*46\!AIVDM,1,1,,B,398VhwmP000e7wp1SjSeD?wJ0DmJ,0*2D
\s:66,c:1782377506*45\!AIVDM,1,1,,A,169a4GS00a8T=SDF5VN725ap0HJd,0*62
\s:66,c:1782377507*44\!AIVDM,1,1,,B,18Ig2P0P007J6Bf0dspkKwwN053<,0*5C
\s:66,c:1782377504*47\!AIVDM,1,1,,A,13c<nl0P1:PEN08NBtlAfOwH28Ir,0*33
\s:66,c:1782377502*41\!AIVDM,1,1,,A,402E;81vad`kaPCrp<NjWA?02@HJ,0*1E
\s:66,c:1782377504*47\!AIVDM,1,1,,B,B3GQrR00>?fFwmT1e;:4Kwn1n1Ji,0*73
\s:66,c:1782377507*44\!AIVDM,1,1,,A,14RWvL001OPPn32Fv0O624qJ2@Kg,0*17
\s:66,c:1782377506*45\!AIVDM,1,1,,B,15AHu>3uh0t@dT`2igsqA8C<253<,0*29
\s:66,c:1782377508*4B\!AIVDM,1,1,,A,177WAG0uj58gwwjA0q7DsSsJ0HKq,0*41
\s:66,c:1782377503*40\!AIVDM,1,1,,B,18HsKH01QV`U`LtF9FF:jpfv08Hu,0*05
\g:1-2-5198994,s:66,c:1782377502*02\!AIVDM,2,1,4,A,53JhrV02>?JsTP7GCS0<l60<Ln0U<dDp@E9Dr217FA5@@5dk0FC@D53H,0*77
\g:2-2-5198994*6C\!AIVDM,2,2,4,A,888888888888880,2*20
\s:66,c:1782377503*40\!AIVDM,1,1,,A,13Hbq1001fP0>I0LBeEcFa1F2HIH,0*58
\g:1-2-5198995,s:66,c:1782377502*03\!AIVDM,2,1,5,B,59NSeB82?6P?DhP?V20<u84j0IE8<5@62222221@=pJ?55de0C0QH6Uk,0*10
\g:2-2-5198995*6D\!AIVDM,2,2,5,B,888888888888880,2*22
\s:66,c:1782377497*4C\!AIVDM,1,1,,A,15?dh`hP0>3QPHt@<subt?w:2@Eo,0*0F
\s:66,c:1782377501*42\!AIVDM,1,1,,A,403Oth1uJl`k`GLti@C1@d700t6<,0*02
\s:66,c:1782377499*42\!AIVDM,1,1,,A,36:HhSPP@U8c<RtB5IRB4P7<00p@,0*4F
\s:66,c:1782377504*47\!AIVDM,1,1,,A,B39S2V0008Ff1E5c0iiFq5v00000,0*27
\s:66,c:1782377501*42\!AIVDM,1,1,,B,16:4viP01I`WBK0DUnG2fBQ@28H:,0*62
\s:66,c:1782377503*40\!AIVDM,1,1,,,B5NJ;:000>RdwV4INKDswwm5oP06,0*22
\s:66,c:1782377506*45\!AIVDM,1,1,,A,13c`krWP0GPeH@DFSohejgwJ28Js,0*43
\s:66,c:1782377504*47\!AIVDM,1,1,,A,15NKj=<00kq=p>J@mmaV>m3H00R?,0*5D
\s:66,c:1782377505*46\!AIVDM,1,1,,A,19ABe1@000RCtALAq5u>41?J2HJp,0*1F
\s:66,c:1782377506*45\!AIVDM,1,1,,B,15NB:HP011I=8sf@wU8;iI9N0HK7,0*54
\g:1-2-5198996,s:66,c:1782377506*04\!AIVDM,2,1,6,A,59NSlVH2H16gDi4OV20m<>0DhDptU8F22222221:>SrS@5m10SBT6Cjp,0*36
\g:2-2-5198996*6E\!AIVDM,2,2,6,A,888888888888880,2*22
\s:66,c:1782377503*40\!AIVDM,1,1,,B,B6:KCa00AB;;k@4Al;pmKwv63P06,0*0C
\s:66,c:1782377507*44\!AIVDM,1,1,,A,28SK6K@000Wam6>61aTv48eL2HKP,0*6A
\s:66,c:1782377507*44\!AIVDM,1,1,,A,13ku;sP01FPD07dNDTNi70qN0000,0*53
\s:66,c:1782377507*44\!AIVDM,1,1,,B,B2vg200009nja50;IoP03wo4kP06,0*70
\s:66,c:1782377507*44\!AIVDM,1,1,,A,19NS>S@02V`@?k4<dA2SB2eH00Rv,0*0B
\s:66,c:1782377504*47\!AIVDM,1,1,,B,177lha001T`ke<0A1vG0bPiD0@Iv,0*57
\s:66,c:1782377501*42\!AIVDM,1,1,,B,16K2QD0P009jPbpD2?L;2OwB053<,0*43
\s:66,c:1782377505*46\!AIVDM,1,1,,B,18InjV0P01WJF`00f:jc<?wL2HJk,0*5B
\s:66,c:1782377503*40\!AIVDM,1,1,,A,19NSd9P01uwrIQrLiuiIrWs@053<,0*49
\s:66,c:1782377507*44\!AIVDM,1,1,,A,8:U7=u@0G@:?>G1?6600,0*0B
\s:66,c:1782377508*4B\!AIVDM,1,1,,A,35?dhS@Oh;rCbqD58rRaJbmN00vP,0*1B
\s:66,c:1782377505*46\!AIVDM,1,1,,A,13aORf001FP?DlhMP>C<?9iH253<,0*15
\s:66,c:1782377497*4C\!AIVDM,1,1,,B,15ODAr0003JRPRlE6@OHGp=60D28,0*1A
\s:66,c:1782377504*47\!AIVDM,1,1,,A,176u?8001T7pk@26GQq`DncH00SM,0*71
\s:66,c:1782377504*47\!AIVDM,1,1,,B,138B7H00540?e2PG2lILJIqD0D8=,0*70
\s:66,c:1782377501*42\!AIVDM,1,1,,B,13u?dWP01B1AiCfQr@<UA49@0D1V,0*64
\s:66,c:1782377504*47\!AIVDM,1,1,,A,403t>91uJl`kc`btUjA<75A028Id,0*08
\s:66,c:1782377505*46\!AIVDM,1,1,,A,16lNDp87i:7JtkP0bWRVnmeF0@JT,0*16
\s:66,c:1782377499*42\!AIVDM,1,1,,B,HCgWVc0A84Hp580000000000000,2*51
\s:66,c:1782377501*42\!AIVDM,1,1,,A,19NSa2h01f13ARBDmKQlA3AB0L3l,0*31
\s:66,c:1782377504*47\!AIVDM,1,1,,A,13`geEhP1OPCEedMHnumP?wB2@It,0*74
\s:66,c:1782377502*41\!AIVDM,1,1,,B,13l9>S@P@P0qGJjDfWaLcaiF0D5U,0*58
\s:66,c:1782377505*46\!AIVDM,1,1,,A,14dBTB00001mUW7db>P7a4Q6053<,0*1D
\s:66,c:1782377506*45\!AIVDM,1,1,,A,13:UTp0wAa7sdnP93sDhIP=F0<46,0*2F
\s:66,c:1782377504*47\!AIVDM,1,1,,A,33l9>S@P@P0qGJHDfWdL`IgJ01uP,0*67
\s:66,c:1782377503*40\!AIVDM,1,1,,A,B6126EP0@`qQds3sFS30swm1oP04,0*60
\s:66,c:1782377507*44\!AIVDM,1,1,,B,19NSpJ@1BcJB5WKs20pUTlQJ00S@,0*1F
\s:66,c:1782377507*44\!AIVDM,1,1,,A,1:kJW>0P00rvnqglL4FLigwH0l0>,0*04
\s:66,c:1782377502*41\!AIVDM,1,1,,B,19NSg`h02MbBSk4GrmuB5QiH08I`,0*37
\s:66,c:1782377503*40\!AIVDM,1,1,,B,13Hpk6?Oh9wtpFlLN7kk`k1L08Jp,0*4B
\s:66,c:1782377502*41\!AIVDM,1,1,,B,19NS23h0257QDK41jLD7jV=40@HR,0*08
\s:66,c:1782377503*40\!AIVDM,1,1,,A,35O6d9;P@1rRV7<E809qjReB00kP,0*42
\s:66,c:1782377506*45\!AIVDM,1,1,,A,169Dd9gP008UaF0Etec;c?wH0<00,0*2F
\s:66,c:1782377505*46\!AIVDM,1,1,,,15O6d9;P@1rRV7@E809qjRcH0000,0*4A
\s:66,c:1782377507*44\!AIVDM,1,1,,B,19NSgB@02w5QRTgw>3WIEWUJ0@Kk,0*1C
\s:66,c:1782377507*44\!AIVDM,1,1,,A,15ODAr0003JRPRpE6@L8r`=J08L1,0*24
\s:66,c:1782377508*4B\!AIVDM,1,1,,A,144t9C1000aKM3nHbOgMsRQL0`LG,0*0A
\s:66,c:1782377507*44\!AIVDM,1,1,,B,15?diq00167LI=L0fPBJNpGN053<,0*15
\s:66,c:1782377508*4B\!AIVDM,1,1,,A,1815R80020vTpdb;MT67T68L0D2q,0*15
\g:1-2-5198997,s:66,c:1782377507*04\!AIVDM,2,1,7,B,55@s3:82?0l;<E1WP00m<>0u8T4pD00000000016GAK>J5eR0KQTQSlh,0*04
\g:2-2-5198997*6F\!AIVDM,2,2,7,B,000000000000000,2*20
\s:66,c:1782377501*42\!AIVDM,1,1,,B,18QvEM00003Q2E`@@<>q@b9D00Rm,0*65
\s:66,c:1782377500*43\!AIVDM,1,1,,A,17`B250P00dPVr5bqK5N4?w82000,0*25
\s:66,c:1782377502*41\!AIVDM,1,1,,B,B7ldpW000:6;veOpKnQ;KwP4kP06,0*7E
\s:66,c:1782377503*40\!AIVDM,1,1,,A,13mpwv01A:P64?JM1>MQ915B8<5;,0*4E
\s:66,c:1782377502*41\!AIVDM,1,1,,B,83GR0wPj2d<N<dede1hPjg`50000,0*0F
\s:66,c:1782377506*45\!AIVDM,1,1,,A,15OALRP000JRg`6E4jvWW2WJ0000,0*39
\s:66,c:1782377508*4B\!AIVDM,1,1,,A,D02:o<0N<Nfq6DO6D0,4*69
\s:66,c:1782377503*40\!AIVDM,1,1,,B,18I06h?7jPWJfJh0bumlkSmD0<87,0*54
\s:66,c:1782377507*44\!AIVDM,1,1,,A,15U@<V00jF1Q0tOd9Mc:3p1H0@KR,0*00
\s:66,c:1782377501*42\!AIVDM,1,1,,B,19NSWuh026PvnHjDrol4?3I:053<,0*50
\s:66,c:1782377506*45\!AIVDM,1,1,,B,33P>PJOOhuwrs8JM4b;IwjcL00w0,0*54
\s:66,c:1782377503*40\!AIVDM,1,1,,B,19NSDbh01>L0VUscsRD:h`S:0l14,0*49
\s:66,c:1782377502*41\!AIVDM,1,1,,A,17luk6hP007Kg500``B7e?wB0@I0,0*61
\s:66,c:1782377502*41\!AIVDM,1,1,,A,15NLkQ<P04JR>MJE9T:h:gwB28Hj,0*69
\s:66,c:1782377504*47\!AIVDM,1,1,,B,33cv0Q0OhC11AKbGG:G`CQ;F0000,0*1F
\s:66,c:1782377502*41\!AIVDM,1,1,,A,13aGFOhP0hPIIB:Ma2rWP?w<R8Ha,0*1F
\s:66,c:1782377505*46\!AIVDM,1,1,,A,B8SvOR003:18EwR8rPdUGwm73P06,0*20
\s:66,c:1782377504*47\!AIVDM,1,1,,B,13ks5H0vjr06mBHM9Vsif1QJ053<,0*03
\s:66,c:1782377504*47\!AIVDM,1,1,,A,B69UlTh0=r70=1SOodphswmVSP06,0*2F
\s:66,c:1782377504*47\!AIVDM,1,1,,A,15?diu0000264QTGH1wh081F0L4d,0*22
\s:66,c:1782377501*42\!AIVDM,1,1,,B,15N3bM;000JRh<DE3KCUR4s@0@HK,0*7D
\s:66,c:1782377504*47\!AIVDM,1,1,,B,18Hsr`002:`l5jd@uMq82nDv0L22,0*19
\s:66,c:1782377505*46\!AIVDM,1,1,,A,352msB5000PVugHNbqpmOb3H0Dab,0*76
\s:66,c:1782377502*41\!AIVDM,1,1,,A,13EsRh0000vqOtT@5CjPI:g@0@HH,0*68
\g:1-2-5198998,s:66,c:1782377506*0A\!AIVDM,2,1,8,B,56:5bB`000008tIWB20IF0P4pN1`PV1PTr2222001AT:9udE09V@CQp4,0*3F
\g:2-2-5198998*60\!AIVDM,2,2,8,B,j0C`88888888880,2*56
\s:66,c:1782377505*46\!AIVDM,1,1,,A,15O5bm0000Je<JnGBNG=JmQH0000,0*6F
\s:66,c:1782377502*41\!AIVDM,1,1,,B,18Vk:>00193RS><@AB3hdhMD00R?,0*5D
\s:66,c:1782377506*45\!AIVDM,1,1,,A,B69`ISP00:;pRdTDktD03wo6SP06,0*65
\s:66,c:1782377507*44\!AIVDM,1,1,,B,35O5bm0001Je<J:GBO:PI;9L02jQ,0*2A
\s:66,c:1782377505*46\!AIVDM,1,1,,A,H3@pVeP<5<48h4p<40000000000,2*11
\s:66,c:1782377503*40\!AIVDM,1,1,,B,16:RD00P@P8Pel0FKg1:0VsD0@IB,0*54
\s:66,c:1782377500*43\!AIVDM,1,1,,A,13cbE90P05PaddBFKsE>4?w@2HGq,0*3A
\s:66,c:1782377500*43\!AIVDM,1,1,,B,E3gnF?g9b90bVVq@@@@@@@@@@@@?;hutBrv0h1088;v0100,2*39
\s:66,c:1782377497*4C\!AIVDM,1,1,,B,37fu=;i000WOG5p1>aNaTUi80P00,0*06
\s:66,c:1782377502*41\!AIVDM,1,1,,B,404kSA1vad`kbbsg41i15j700@Hj,0*66
\s:66,c:1782377506*45\!AIVDM,1,1,,A,4028n?iuJl`kfwV`hvDatOA028KF,0*19
\s:66,c:1782377508*4B\!AIVDM,1,1,,B,33P=;6h01EOtbJTLQI1LDJ9J016C,0*0E
\s:66,c:1782377507*44\!AIVDM,1,1,,B,16:M;L`P1<8gvoPAi@;bdgwL0D00,0*74
\s:66,c:1782377504*47\!AIVDM,1,1,,A,B3@pVeP005JA6aMcr8P000N00000,0*17
\s:66,c:1782377506*45\!AIVDM,1,1,,B,160Td4P0003O7j@@2LuePDaJ0@KA,0*7C
\s:66,c:1782377503*40\!AIVDM,1,1,,A,1:U795C000M8kwCkmmC8B1oH0000,0*5E
\s:66,c:1782377507*44\!AIVDM,1,1,,A,15WlLD0001Oe`dH30S91Q1;P0@L0,0*29
\s:66,c:1782377493*48\!AIVDM,1,1,,B,1815HChvBFVi4A43PGB2tBDv053<,0*1D
\s:66,c:1782377415*46\!AIVDM,1,1,,A,3815HCh12EVi2ep3PD;RwRFJ00ak,0*79
\s:66,c:1782377504*47\!AIVDM,1,1,,B,13KA@r002BUN6IB4edE<DqmF0<0Q,0*76
\s:66,c:1782377502*41\!AIVDM,1,1,,B,1819F?h000rRvb>FI7pEv1UB0D0u,0*63
\s:66,c:1782377504*47\!AIVDM,1,1,,,13K03F0032bj85RFGtVIdWeF053<,0*4D
\s:66,c:1782377372*40\!AIVDM,1,1,,B,16Sp<D0026VqCF:3TIBrs`hn0534,0*6C
\s:66,c:1782377503*40\!AIVDM,1,1,,,14e`4t5000sLfmDISfk5UPg>0000,0*2C
\s:66,c:1782377503*40\!AIVDM,1,1,,B,B3Ek;?P0>81`HDUS1TfAowlWt000,0*66
\s:66,c:1782377504*47\!AIVDM,1,1,,B,13Sdi<0P07Q:WVrHm?0n7OwH2<2H,0*4D
\s:66,c:1782377504*47\!AIVDM,1,1,,A,177VcN0wilWf::446Qe8OnsD0<0C,0*4C
\s:66,c:1782377505*46\!AIVDM,1,1,,A,B52aqeh00=ll2m5LuUp00Bv00000,0*31
\s:66,c:1782377506*45\!AIVDM,1,1,,B,18I=oM500@7K@P20f=LUSrOF0D>8,0*79
\s:66,c:1782377506*45\!AIVDM,1,1,,A,13mngL?000`VFQNBA:;Kh8KF0<<P,0*18
\s:66,c:1782377505*46\!AIVDM,1,1,,A,B614QM002ppuRdT0BWoMgwnQkP04,0*79
\s:66,c:1782377505*46\!AIVDM,1,1,,A,B3P7@oP0@h2M`<WD74lbgwn1h@JD,0*03
\s:66,c:1782377506*45\!AIVDM,1,1,,B,13Kcp2002PPE:VDNaN>Gcn7H0@Jt,0*36
\s:66,c:1782377503*40\!AIVDM,1,1,,B,13dgvT3002P8:mFOEi;cM9=B0D43,0*3D
\s:66,c:1782377505*46\!AIVDM,1,1,,A,13W:s06P00wWj4:DJbTf4?wJ28Ji,0*69
\s:66,c:1782377506*45\!AIVDM,1,1,,A,B3n8o300005vf18MS8cQ3wo1jD`b,0*53
\s:66,c:1782377502*41\!AIVDM,1,1,,A,15Nd=EPP00JRo0FE55=s9OwF2<1t,0*76
\s:66,c:1782377501*42\!AIVDM,1,1,,A,B5OD8JP00@Knbc5?RwONVAlQT006,0*7A
\s:66,c:1782377505*46\!AIVDM,1,1,,A,18LGw000228f5k:?I`i8=FOF0D0o,0*47
\s:66,c:1782377508*4B\!AIVDM,1,1,,A,1:LQcq0P00slpmqd;ioWIgwN2<0U,0*43
\s:66,c:1782377507*44\!AIVDM,1,1,,,14e`4t5000sLfm0ISfhUUPgJ0000,0*4F
\s:66,c:1782377499*42\!AIVDM,1,1,,B,13GRhkPP00P:jBlM=O8f4?w>253<,0*34
\s:66,c:1782377502*41\!AIVDM,1,1,,B,4h5GdQ1vad`kb7JigP0gVp700HI5,0*44
\s:66,c:1782377499*42\!AIVDM,1,1,,A,13MCH0GP@FP20LjLuqtkQ2I608FM,0*7F
\s:66,c:1782377495*4E\!AIVDM,1,1,,A,33m@87700`PsVP>Vh=DIb7a400mh,0*43
\s:66,c:1782377503*40\!AIVDM,1,1,,A,15?sp<00BF83daj<2@@I4oAD08Ht,0*6F
\s:66,c:1782377501*42\!AIVDM,1,1,,B,B5NPc=P00>`K7MUT08H:v6DQjD6J,0*51
\s:66,c:1782377502*41\!AIVDM,1,1,,A,D02IPD0flffpnL@fp0,4*37
\s:66,c:1782377504*47\!AIVDM,1,1,,B,16::aj001W8VpshDW@l:v`oF08Ig,0*56
\s:66,c:1782377499*42\!AIVDM,1,1,,A,B69?UCP3ws?8mP=18D3Q3wR6SP06,0*28
\s:66,c:1782377505*46\!AIVDM,1,1,,B,13b3rn3010PCG0JMeRHL`J7D2HJ>,0*6F
\s:66,c:1782377499*42\!AIVDM,1,1,,B,D02IP@iMdffp,0*0A
\s:66,c:1782377498*43\!AIVDM,1,1,,A,13m=b>0P00Qnq1P`WGA00?w<28FW,0*39
\s:66,c:1782377505*46\!AIVDM,1,1,,B,35?dSm002CW`kr>5v9MmR4MH01fA,0*38
\s:66,c:1782377501*42\!AIVDM,1,1,,A,33a9TN00040kv5vO@cE0Pa;p0000,0*6D
\s:66,c:1782377503*40\!AIVDM,1,1,,A,H5O86JP`uE8pET0000000000000,2*3B
\s:66,c:1782377503*40\!AIVDM,1,1,,B,H5O86JTU7B=4000G46qpmn1P9330,0*31
\s:66,c:1782377505*46\!AIVDM,1,1,,A,33EaT5WP0R00ECpFCkE=4wwF00OS,0*08
\s:66,c:1782377505*46\!AIVDM,1,1,,A,34`a:051@0WJdEP0gUcW3RoL8Dlb,0*34
\s:66,c:1782377499*42\!AIVDM,1,1,,B,14awat00003N8j`@@ThFuQi<0D<N,0*61
\s:66,c:1782377505*46\!AIVDM,1,1,,A,33MCH0GP@GP20O:LuqukKBGD010P,0*5A
\s:66,c:1782377507*44\!AIVDM,1,1,,B,H6:5b60P4pN1<QDr3W7T0000000,2*35
\s:66,c:1782377507*44\!AIVDM,1,1,,B,H6:5b6560000000hh000002Pa660,0*30
\s:66,c:1782377507*44\!AIVDM,1,1,,A,B3@pN@P008<7PH`@IQGQ3woQnDNr,0*50
\s:66,c:1782377504*47\!AIVDM,1,1,,A,100000OP?w<tSF0l4Q@>4?wp1`AP,0*26
\s:66,c:1782377506*45\!AIVDM,1,1,,A,35NQt>UP00rQkqbFIm>howwL2DkJ,0*6B
\s:66,c:1782377499*42\!AIVDM,1,1,,A,16:?QiP01f8jRO@CW6<6vUO<053<,0*56
\s:66,c:1782377500*43\!AIVDM,1,1,,A,15?dSm002CW`kmJ5v:>ER4M<053<,0*52
\s:66,c:1782377502*41\!AIVDM,1,1,,A,39NSm2h00k7I@K00cuGTlSq>01<C,0*13
\s:66,c:1782377508*4B\!AIVDM,1,1,,A,355m5b3P01U@F>L2I8UN4?wJ264S,0*61
\s:66,c:1782377502*41\!AIVDM,1,1,,A,H5O6arPH4U9LTpB222222222220,2*5B
\s:66,c:1782377502*41\!AIVDM,1,1,,A,H5O6arTT1=30000G4<okjo0p735t,0*45
\s:66,c:1782377508*4B\!AIVDM,1,1,,B,19NSgP@01GK2rr`GS@Q5tDsP0D24,0*49
\s:66,c:1782377507*44\!AIVDM,1,1,,B,B69DOtOt0B;d7:4EDeGCcwnN1P06,0*0B
\s:66,c:1782377507*44\!AIVDM,1,1,,B,18Kp080v1a`k1kJ@w:Q392QJ0HKj,0*34
\s:66,c:1782377504*47\!AIVDM,1,1,,B,15RRg23000q`RSV@B@<jrlID0t08,0*7A
\s:66,c:1782377505*46\!AIVDM,1,1,,A,16:QpsP01M`LILP=wQH0u:sH2HJD,0*4F
\s:66,c:1782377504*47\!AIVDM,1,1,,A,33tfKSP0001>q?0Rffkh03Op0000,0*50
\s:66,c:1782377499*42\!AIVDM,1,1,,A,14`UuSP01q8RAHNF9bskwC=>0D8S,0*10
\s:66,c:1782377506*45\!AIVDM,1,1,,A,16QeJLh0002OAWt@ki;<`:sH0d0c,0*77
\s:66,c:1782377506*45\!AIVDM,1,1,,A,13S2ID001pPc>t2F;dJ<MawF0<4e,0*6D
\s:66,c:1782377508*4B\!AIVDM,1,1,,B,13`kDohOhnP;KDRMO2hpSVuF0@Kw,0*42
\s:66,c:1782377508*4B\!AIVDM,1,1,,A,33K3FB10015@:BB2J;EN1`d60Dg:,0*77
\s:66,c:1782377508*4B\!AIVDM,1,1,,A,B6:clE@0029eLp4TSmAgCwv41P06,0*59
\s:66,c:1782377500*43\!AIVDM,1,1,,A,13iAqFP1iT<algAmn6dLv:I<0000,0*54
\s:66,c:1782377503*40\!AIVDM,1,1,,A,33Hcrp08P?PKGb>HTF;RMS1D020h,0*6A
\s:66,c:1782377506*45\!AIVDM,1,1,,A,36:BehU0008fOWhA7;R:;99J0DjJ,0*1D
\s:66,c:1782377507*44\!AIVDM,1,1,,B,33Hcrp08h?PKGbjHTF<2ek7J011P,0*40
\s:66,c:1782377503*40\!AIVDM,1,1,,B,13P9<90P00Or5EFM2n@P0?wD0D2A,0*1A
\s:66,c:1782377499*42\!AIVDM,1,1,,B,16:6Rl001<8j<5PAeVv1<Q5<0PRo,0*1A
\s:66,c:1782377506*45\!AIVDM,1,1,,A,13ku8`001TOdms8DOK4sP9?H08Jr,0*23
\s:66,c:1782377503*40\!AIVDM,1,1,,B,13s7>V3P05wGewlGV?e9@?wD253<,0*15
\s:66,c:1782377506*45\!AIVDM,1,1,,B,13aDolwP000F2fLMUcF00?wL08K4,0*06
\s:66,c:1782377506*45\!AIVDM,1,1,,A,19NSoIh0088k;CDA3qt=UjU<08Jg,0*13
\s:66,c:1782377506*45\!AIVDM,1,1,,A,13m>oO001l0I0?nQntir7ouL00SC,0*33
\s:66,c:1782377507*44\!AIVDM,1,1,,B,13aDp2h003PBRDrMgBPPSHCNR@Kg,0*2D
\s:66,c:1782377502*41\!AIVDM,1,1,,A,33ku<6P02uOu@BBENupHr75p0000,0*29
\s:66,c:1782377504*47\!AIVDM,1,1,,A,18Hscj02Q1rBKHn5MUnF<5GF0HIn,0*70
\s:66,c:1782377498*43\!AIVDM,1,1,,B,18Ud;@30043OpG6@?StRJJm>0D?r,0*7C
\s:66,c:1782377505*46\!AIVDM,1,1,,B,13Fv;L0001wW6PBDck6f439H2@JF,0*71
\s:66,c:1782377507*44\!AIVDM,1,1,,A,13V7bD002i0@NCfH3jN8iW3N08KF,0*02
\g:1-2-5198999,s:66,c:1782377506*0B\!AIVDM,2,1,9,B,552NPsT000000000000lV04lu:0TT0000000000U1p:66400054QA5kk,0*37
\g:2-2-5198999*61\!AIVDM,2,2,9,B,i80jE6@00000008,2*2E
\s:66,c:1782377508*4B\!AIVDM,1,1,,A,403sunAvad`kg8:wCj<qln700@L9,0*36
\s:66,c:1782377502*41\!AIVDM,1,1,,A,1815SG@01B:mep3dNAKKpqa>0HHA,0*09
\s:66,c:1782377501*42\!AIVDM,1,1,,B,1815SUP01GOrHB@LTLqCRRo@0D7O,0*0A
\s:66,c:1782377505*46\!AIVDM,1,1,,,13dSq80028:?jlFGo;prKHCJ0000,0*4F
\s:66,c:1782377504*47\!AIVDM,1,1,,B,H5`V;W4TCBD4G?eJ:<qqkl187130,0*49
\s:66,c:1782377507*44\!AIVDM,1,1,,A,3815<Cm0018flErA6eb5p2Fd0Dg:,0*03
\s:66,c:1782377490*4B\!AIVDM,1,1,,B,H39O5I4UDBE584747lqki00`5210,0*02
\s:66,c:1782377506*45\!AIVDM,1,1,,B,15O4r2PP@cq=@>b@v0PPb03K0<9M,0*3D
\s:66,c:1782377503*40\!AIVDM,1,1,,A,33L0wV002@1GU3lR;;kC0RIp0000,0*54
\s:66,c:1782377506*45\!AIVDM,1,1,,A,13Fqr0001MvqJWN@6Fv=tc7J053<,0*62
\s:66,c:1782377502*41\!AIVDM,1,1,,A,13n>3`001I0gEqfTjJe`r77B0@Gv,0*5A
\s:66,c:1782377506*45\!AIVDM,1,1,,B,334>N<001HP@HUPMK>Njf23H01;P,0*20
\s:66,c:1782377503*40\!AIVDM,1,1,1,A,13m:nd00011bdmd`=8C0knOF0@IV,0*02
\s:66,c:1782377503*40\!AIVDM,1,1,,A,17m:3M0000`FdIkwBe9l;B?@2l2R,0*54
\s:66,c:1782377504*47\!AIVDM,1,1,,A,19A0ll@00B35K;T6a15Dd3gH20RS,0*13
\s:66,c:1782377504*47\!AIVDM,1,1,,A,16Swr;gP019=;j8CuoiP0wwMp0SR,0*4B
\s:66,c:1782377504*47\!AIVDM,1,1,,B,16:M==0000`foChAOupT1OwF0000,0*07
\s:66,c:1782377505*46\!AIVDM,1,1,,B,B4eGRtP00=hbiV7:7FP03wnUl000,0*30
\s:66,c:1782377507*44\!AIVDM,1,1,,B,15?dQGhvB<8eLN<?@W7p5FEJ0@K=,0*7A
\s:66,c:1782377508*4B\!AIVDM,1,1,,A,16;:49001D`Nr40FGVq9momN2@Kr,0*75
\s:66,c:1782377508*4B\!AIVDM,1,1,,A,138p1:00109=`E4D1<buEJml0@L5,0*2A
\s:66,c:1782377504*47\!AIVDM,1,1,,B,15RfpH001B8d=v8AvhoKVIGH08JQ,0*09
\s:66,c:1782377505*46\!AIVDM,1,1,,A,402:oU1vad`kcOr=;pLKt?g0253<,0*62
\s:66,c:1782377508*4B\!AIVDM,1,1,,B,19NSsr03BEOmq22Dl0jk3BIP053<,0*1D
\g:1-2-5199000,s:66,c:1782377506*03\!AIVDM,2,1,0,B,53IrAE80?boHHua>221H:0<5TDppF2222222220l1h>586Pd0?S@DTiB,0*32
\g:2-2-5199000*69\!AIVDM,2,2,0,B,C31H88888888880,2*2E
\s:66,c:1782377507*44\!AIVDM,1,1,,B,15AR>v001d7NaNV0nRnQp1cN00S`,0*43
\s:66,c:1782377508*4B\!AIVDM,1,1,,B,16<g:dhP@R`LQ@v>1k=KUHOP20S<,0*3B
\s:66,c:1782377508*4B\!AIVDM,1,1,,A,16:8:QgP008MmL0FEiA7:gwN00Rl,0*5D
\s:66,c:1782377496*4D\!AIVDM,1,1,,B,15Pm=i<000qPt0hGfGmPO2m80HE>,0*39
\s:66,c:1782377501*42\!AIVDM,1,1,,A,13m8>T7000Qbc7f`2tN6CJU>053<,0*2B
\s:66,c:1782377504*47\!AIVDM,1,1,,B,18Hw4g0P?w7K2kD0en@N4?wD0<AF,0*0F
\s:66,c:1782377502*41\!AIVDM,1,1,,A,33ku:i@01b1fOgTF<a1;k9Mp0000,0*1D
\s:66,c:1782377505*46\!AIVDM,1,1,,,13KMwjU0001c1wjRCFUAB1SJ0000,0*4C
\g:1-2-5199001,s:66,c:1782377499*05\!AIVDM,2,1,1,A,55?<db42CUhHQ3S;OT05@h4q@T<60@Di@4000000000QQ0000051CQDR,0*6F
\g:2-2-5199001*68\!AIVDM,2,2,1,A,AQ@000000000000,2*45
\s:66,c:1782377504*47\!AIVDM,1,1,,A,18HtWgPP02WJV;t0csTN4?wF2@IS,0*4D
\s:66,c:1782377505*46\!AIVDM,1,1,,B,13@dTD0000`hT?HAoHiGM0;F0@JF,0*0C
\s:66,c:1782377503*40\!AIVDM,1,1,,B,17Ok=10001:l5Hod`::UB6sB0<1a,0*06
\s:66,c:1782377505*46\!AIVDM,1,1,,B,15QHTt001p0?m=FNIidhkPmJ08JK,0*37
\s:66,c:1782377504*47\!AIVDM,1,1,,B,13oD?l002?0LO@pSdoAS>BUD00S>,0*1B
\s:66,c:1782377505*46\!AIVDM,1,1,,B,35MqCp0Oh1oRq1VCCjlVjBiH01:P,0*13
\g:1-2-5199002,s:66,c:1782377506*01\!AIVDM,2,1,2,A,59NSub`2>svP7Q4oR20TtpT4r0598uN22222221ACHKD85aB0G3FH544,0*2F
\g:2-2-5199002*6B\!AIVDM,2,2,2,A,888888888888880,2*26
\s:66,c:1782377503*40\!AIVDM,1,1,,B,B3GQVFP0:@5`SeV<mt`3GwmUkP06,0*3E
\s:66,c:1782377501*42\!AIVDM,1,1,,B,13cciO?P00PabMRFKt?>4?w>28G@,0*15
\s:66,c:1782377506*45\!AIVDM,1,1,,B,29NSgQ5001WamfP60gUs0iUB0@K>,0*60
\s:66,c:1782377508*4B\!AIVDM,1,1,,B,13aQe70PBAPB2WLMIOo1k1AN053<,0*57
\g:1-2-5199003,s:66,c:1782377507*01\!AIVDM,2,1,3,A,53miCj7PRBR@h5TsN21<TDn1@u05b2222222220l3hv;;5VQNA4ip4jC,0*00
\g:2-2-5199003*6A\!AIVDM,2,2,3,A,`55@Dp888888880,2*33
\s:66,c:1782377507*44\!AIVDM,1,1,,B,13ku;I@2AWPiOoNEN4nbu`qL00RO,0*7E
\s:66,c:1782377508*4B\!AIVDM,1,1,,B,19NSng00258jb2bDceojkRAL08Kw,0*19
\s:66,c:1782377504*47\!AIVDM,1,1,,A,1815<0@0070HEb0E;46jmc3808Il,0*01
\s:66,c:1782377504*47\!AIVDM,1,1,,A,19N`34P0051KA>DPMe`RqkkH0d33,0*04
\s:66,c:1782377504*47\!AIVDM,1,1,,A,B6:ci9P0;R23w83@Gtw>Cwv41P06,0*04
\s:66,c:1782377499*42\!AIVDM,1,1,,B,139Iq80000PkuhhOAM3<QiM:8<7d,0*04
\s:66,c:1782377504*47\!AIVDM,1,1,,A,35?dgKhOh0rChrl589n<Wj7F01c0,0*17
\s:66,c:1782377328*4F\!AIVDM,1,1,,B,39u:UeP01TVi:OT3K8wCH2aJ205B,0*1B
\s:66,c:1782377504*47\!AIVDM,1,1,,B,169L0?oP008g1HvA?d7N4?wF2d3w,0*7C
\s:66,c:1782377498*43\!AIVDM,1,1,,A,13o2d>501J1GN5bWr7T1S1?:0<1m,0*72
\g:1-2-5199004,s:66,c:1782377328*0D\!AIVDM,2,1,4,B,59u:Ue`2<Hue?T7?;3HLEDn0L4pL00000000001B<8D::1f60ETip4jC,0*54
\g:2-2-5199004*6D\!AIVDM,2,2,4,B,`45hQh@00000000,2*63
\s:66,c:1782377502*41\!AIVDM,1,1,,A,18;OR;8PA7`aC008D5<qfoqB20S8,0*39
\s:66,c:1782377497*4C\!AIVDM,1,1,,B,139Lfd00030>UbRMHHNTTQW80L4<,0*71
\s:66,c:1782377506*45\!AIVDM,1,1,,B,13cgRg0P000g:AHHs?044?wH053<,0*2C
\s:66,c:1782377502*41\!AIVDM,1,1,,A,176ru2001kPiqfBOh<UdkrC@053<,0*2F
\s:66,c:1782377506*45\!AIVDM,1,1,,A,13tgNN00000hQCNQ1mgb3WKN0L1m,0*7A
\g:1-2-5199005,s:66,c:1782377503*03\!AIVDM,2,1,5,B,53`q1p8000010SW7WP08hTDd000000000000000Q2P2535GdB3@@j51D,0*26
\g:2-2-5199005*6C\!AIVDM,2,2,5,B,VP@C`3i`0RCSQCP,2*7D
\s:66,c:1782377505*46\!AIVDM,1,1,,A,19NSQ5002GJ98Rb=OTo9b7iD053<,0*5B
\s:66,c:1782377503*40\!AIVDM,1,1,,B,B39Q?0P00qhVe317OHm7gwmUl000,0*55
\s:66,c:1782377506*45\!AIVDM,1,1,,B,17m3uVhP3MWLDG20iVn<:gwJ2@K6,0*00
\s:66,c:1782377506*45\!AIVDM,1,1,,A,16SfN0gP009=;LpCu0cHAwwMp0S2,0*5E
\s:66,c:1782377506*45\!AIVDM,1,1,,A,18Hvo1dP00WJu400gN9f4?wH2@Ip,0*2E
\s:66,c:1782377504*47\!AIVDM,1,1,,B,1:faHrPP00td0PqjCdKv4?wF2HIi,0*02
\s:66,c:1782377505*46\!AIVDM,1,1,,A,18SR0u?00f7qnH09EA07C6=H0l1<,0*09
\s:66,c:1782377506*45\!AIVDM,1,1,,B,13clDw?0000g8nhHs9kQQQKJ00SP,0*47
\s:66,c:1782377506*45\!AIVDM,1,1,,A,B5OAaUP006C>ri4>Nq7Q3wnQjDpb,0*7F
\s:66,c:1782377504*47\!AIVDM,1,1,,B,38SJueP01nWQ8BR1HlnQ?A1F0AE3,0*12
\s:66,c:1782377504*47\!AIVDM,1,1,,B,1:1Hm0<P08PmCw@D@I?begwH2<10,0*05
\s:66,c:1782377498*43\!AIVDM,1,1,,B,36:7`dPP1:`eQ=hArKI;4Ow>20@k,0*32
\s:66,c:1782377504*47\!AIVDM,1,1,,B,19NSv;01jOII8OL?tG2kDRgB0<1h,0*51
\s:66,c:1782377501*42\!AIVDM,1,1,,A,17tKmM@P01W?lfj1W7skTww<20Si,0*3F
\s:66,c:1782377505*46\!AIVDM,1,1,,B,15NDJwPP@FJdTgtG@tTtC13L053<,0*2D
\s:66,c:1782377502*41\!AIVDM,1,1,,A,16K2PPP0009iPkDD05Rn`F6800SV,0*47
\s:66,c:1782377506*45\!AIVDM,1,1,,A,19NStT@02KN3H=P2Ke4@r0cH0Oww,0*3C
\s:66,c:1782377504*47\!AIVDM,1,1,,A,13ku:=@02jvkq>j>@hvA70sH2@J9,0*31
\g:1-2-5199006,s:66,c:1782377506*05\!AIVDM,2,1,6,A,54S?iD02=4UeK8DCL01=L4r1<000000000000016?h>5;5ce0:QTQSlh,0*01
\g:2-2-5199006*6F\!AIVDM,2,2,6,A,000000000000000,2*22
\s:66,c:1782377500*43\!AIVDM,1,1,,B,17ld1L`0007i?vitH<k3DBu@00S?,0*7F
\s:66,c:1782377500*43\!AIVDM,1,1,,B,13aDC1@P0nPElJVN6bMGHgw@253<,0*5B
\s:66,c:1782377445*43\!AIVDM,1,1,,A,H3:4K504hj0tpD0000000000000,2*69
\s:66,c:1782377503*40\!AIVDM,1,1,,B,H3:4K54TCBD5?TE42nkni01@4250,0*56
\s:66,c:1782377503*40\!AIVDM,1,1,,A,138DD000231BO3jQdTDP005D053<,0*46
\s:66,c:1782377502*41\!AIVDM,1,1,,B,13aGu``P00PF?bvMvmE0JgwB2<1W,0*4A
\s:66,c:1782377508*4B\!AIVDM,1,1,,B,1:U7:SPP00LR1DsiJ:sb8gwL0@L6,0*5B
\s:66,c:1782377507*44\!AIVDM,1,1,,A,15NhOB0000JdqVpGAv98qpSP053<,0*09
\s:66,c:1782377508*4B\!AIVDM,1,1,,A,16:RKi`P008KRsn=vl7>4?wN2U3<,0*13
\s:66,c:1782377507*44\!AIVDM,1,1,,A,13thRc?000oWH0fBfD96NqUN0000,0*6B
\s:66,c:1782377501*42\!AIVDM,1,1,,B,13`oVC0P0CPFFiHMvoW;0gwB2@HJ,0*75
\s:66,c:1782377498*43\!AIVDM,1,1,,A,19NSPVh01S8`pFt8BvrHnG8v0@Eu,0*04
\s:66,c:1782377505*46\!AIVDM,1,1,,A,15N:02P000JQwBDFKpwKG5UJ053<,0*78
\s:66,c:1782377502*41\!AIVDM,1,1,,A,16:7`<001C`j>khApqN>30EB2HHF,0*75
\g:1-2-5199007,s:66,c:1782377504*06\!AIVDM,2,1,7,A,53f;:P82DHh7TP7K?O104q@PE8hTLQ@00000001IBHTG95Wf0E1Sl`3l,0*12
\g:2-2-5199007*6E\!AIVDM,2,2,7,A,Q1DTh0000000000,2*0B
\s:66,c:1782377501*42\!AIVDM,1,1,,B,B3aFfh@05P6QhAWSg8T:7wkQh@GH,0*4E
\s:66,c:1782377495*4E\!AIVDM,1,1,,B,19NSn90w@@b>21NG`a`Q5Ws228Da,0*4A
\s:66,c:1782377505*46\!AIVDM,1,1,,A,3:U70r0OioLcnCmj@BDPShWF01qh,0*57
\s:66,c:1782377501*42\!AIVDM,1,1,,B,33@oen0OkD0NLDFNoK<<0aa@01=0,0*77
\s:66,c:1782377505*46\!AIVDM,1,1,,B,13@oen0OkE0NL:bNoKit29aH0@JG,0*10
\s:66,c:1782377504*47\!AIVDM,1,1,,B,13Vj1@?000a=:B<CuD=:mVoD0D8W,0*03
\s:66,c:1782377504*47\!AIVDM,1,1,,A,3815SsP3QV1Poiid1TAbAp=D010h,0*50
\s:66,c:1782377498*43\!AIVDM,1,1,,B,H3IT;iTTCBD8I`G61:opqq0p3140,0*66
\s:66,c:1782377504*47\!AIVDM,1,1,,B,14SUsB000LNqf2p@5<N;LI?H08IT,0*2B
\s:66,c:1782377500*43\!AIVDM,1,1,,A,13cvpi00000qAd0Eh5RHkc;>00RP,0*71
\s:66,c:1782377505*46\!AIVDM,1,1,,B,369a<s3OhK8g;2TAnEbTF47F00m1,0*69
\s:66,c:1782377507*44\!AIVDM,1,1,,B,B3P=aFP0AH?fl26QVDPsGwoUoP06,0*15
\s:66,c:1782377504*47\!AIVDM,1,1,,A,13aC420P01PF1MBMUd4WC?wH20S2,0*76
\s:66,c:1782377504*47\!AIVDM,1,1,,B,13aQGr001J09:;vMNJNHmFuH0HIk,0*24
\s:66,c:1782377505*46\!AIVDM,1,1,,A,13ckod0P01Pg:QjHroo>4?wJ2000,0*40
\s:66,c:1782377506*45\!AIVDM,1,1,,B,B8Stas@03as=w:1N>v@K;wn73P06,0*07
\s:66,c:1782377502*41\!AIVDM,1,1,,A,402E;<1vad`kbP=wIrMUCCO0253<,0*37
\s:66,c:1782377506*45\!AIVDM,1,1,,B,13FGRj9PE5NqSgR@8:Ntk:?H08Jl,0*2E
\s:66,c:1782377504*47\!AIVDM,1,1,,A,13JnmP01BUOld7HDjfk3BBUD0@In,0*45
\s:66,c:1782377504*47\!AIVDM,1,1,,A,36:=t60PA?8Vw7PBCcP20AiF01rh,0*43
\s:66,c:1782377504*47\!AIVDM,1,1,,A,33JnmP012TOld7HDjfjkB2Up0000,0*7C
\s:66,c:1782377508*4B\!AIVDM,1,1,,B,36:=t60Oi@8Vw9@BCcb20QiL00v@,0*13
\s:66,c:1782377504*47\!AIVDM,1,1,,B,13aI;R0P00PFH9dMvtQcawwHR0RV,0*37
\s:66,c:1782377507*44\!AIVDM,1,1,,,13lsuf50@0JV>h85u371JHcH0000,0*32
\s:66,c:1782377505*46\!AIVDM,1,1,,B,16:EDSP0158;FDP<rQWaNGoH0Dpi,0*15
\s:66,c:1782377507*44\!AIVDM,1,1,,B,19NStC@01d2n`45g0MnRTB1J053<,0*5E
\s:66,c:1782377507*44\!AIVDM,1,1,,A,19NSo90wio0JW3BNu66k;jQL0<;w,0*24
\s:66,c:1782377504*47\!AIVDM,1,1,,A,28TG9pQP00Wb3Fp5ojHN4?wF2<55,0*45
\s:66,c:1782377501*42\!AIVDM,1,1,,B,16:8hTPP008PFo0FFkb35ww20Duh,0*39
\s:66,c:1782377505*46\!AIVDM,1,1,,B,33MD7K@OhRPN7q2NqFQCMRQF00uQ,0*48
\s:66,c:1782377502*41\!AIVDM,1,1,,B,13m98TPP00PHeNbQjjsHIOwB053<,0*1D
\s:66,c:1782377500*43\!AIVDM,1,1,,A,13m88?0P0016`pDWL:58nOw>08GT,0*1A
\s:66,c:1782377503*40\!AIVDM,1,1,,A,15O0pRgP00oRSgHCBwnv4?wF28Ia,0*7F
\s:66,c:1782377505*46\!AIVDM,1,1,,,13m8WBW016QnWlR`iFVbF`GD053<,0*47
\s:66,c:1782377502*41\!AIVDM,1,1,,A,13F45I;000OH2MLH:pIJP7G@053<,0*7E
\s:66,c:1782377506*45\!AIVDM,1,1,,A,13aGsu0P000K<IvMfpvf4?wL053<,0*6D
\s:66,c:1782377504*47\!AIVDM,1,1,,A,13V>gL002IR>HUrBt6E5RlK@0@J7,0*57
\s:66,c:1782377502*41\!AIVDM,1,1,,B,13be?H0P1UwU=`dLu@Voo6?B053<,0*26
\s:66,c:1782377496*4D\!AIVDM,1,1,,B,E>mW@5k6<h9WW000000000000003qkU=4Ig5`20@@Cif@0,4*15
\s:66,c:1782377506*45\!AIVDM,1,1,,A,144i?LUP?w<tSF0l4Q@>4?wv0d2F,0*70
\s:66,c:1782377504*47\!AIVDM,1,1,,A,15?dg6@01A7PJbp1f8<7U5sD00SG,0*30
\s:66,c:1782377500*43\!AIVDM,1,1,,A,35NBkV0003GWcLHBeSH54lE>0000,0*4F
\s:66,c:1782377500*43\!AIVDM,1,1,,B,15N5reP001o?PshE`T:jC`G>0D1o,0*66
\s:66,c:1782377502*41\!AIVDM,1,1,,A,33o37E00001c5rV`<P:Vf2S@003C,0*1C
\s:66,c:1782377495*4E\!AIVDM,1,1,,B,16;47V001WQ9g@nDWMHD<SG20D27,0*32
\s:66,c:1782377501*42\!AIVDM,1,1,,A,15?dOoh01mOWEkrDWsfPa0OB00S5,0*75
\s:66,c:1782377492*49\!AIVDM,1,1,,A,13m82TPvio2F1daeoqKIUWdv0D0=,0*67
\s:66,c:1782377423*43\!AIVDM,1,1,,B,33m82TP01q2F2pOeou8a`obd04LC,0*6B
\s:66,c:1782377500*43\!AIVDM,1,1,,B,BCgk3GP05GUEG19OtRd3GwTPk000,0*40
\s:66,c:1782377501*42\!AIVDM,1,1,,B,16:ReFP01?8iUgh@wo?ehc=>0D0e,0*27
\s:66,c:1782377505*46\!AIVDM,1,1,,B,142O<D?00024l1JGMT?2WTkB053<,0*48
\s:66,c:1782377502*41\!AIVDM,1,1,,B,19NScB30003R8?L@D5@f4:KB2004,0*2E
\s:66,c:1782377507*44\!AIVDM,1,1,,B,18L>>0001p7KMpL0dE7pEVUJ053<,0*4C
\s:66,c:1782377503*40\!AIVDM,1,1,,A,15?dfOPw1p8e=?fArqwDBkKF00SR,0*5B
\s:66,c:1782377508*4B\!AIVDM,1,1,,A,16;47V001WQ9gLFDWM1D<CGH0@Kp,0*3C
\s:66,c:1782377501*42\!AIVDM,1,1,,B,13HTjKPP00P:HSNM<gnf4?w@2<0u,0*4C
\s:66,c:1782377506*45\!AIVDM,1,1,,B,17ldi0@P00`Fg2iwB1wN4?wL20RA,0*64
\s:66,c:1782377499*42\!AIVDM,1,1,,A,16:<RVSP@J8PsP<FJbmdHpW80@FV,0*0D
\s:66,c:1782377497*4C\!AIVDM,1,1,,B,13aK`4hP0o0I;<6NAt51O?w:0@F0,0*32
\s:66,c:1782377504*47\!AIVDM,1,1,,B,14`V21h00f2j7vh<EV>6d5aF0pIt,0*46
\s:66,c:1782377502*41\!AIVDM,1,1,,A,4h2E:qivad`kbPJcKtMc@??020S:,0*46
\s:66,c:1782377507*44\!AIVDM,1,1,,B,15?dgUh000JCghr58Am3JEaJ0@KO,0*26
\s:66,c:1782377507*44\!AIVDM,1,1,,A,13cp433Oh1PvqffJ8kePpIkP2@Kw,0*22
\s:66,c:1782377507*44\!AIVDM,1,1,,A,13coQc000HPr1HlCIt?:ja3L0@KP,0*31
\s:66,c:1782377507*44\!AIVDM,1,1,,B,13`eDMhP00PBFjNMffC77?wLP8K7,0*7D
\s:66,c:1782377506*45\!AIVDM,1,1,,B,1;UghWhP00`Jt@hFCSc7:OwJ2HK6,0*21
\s:66,c:1782377499*42\!AIVDM,1,1,,B,H5NSBB1=0U8U@00000000000000,2*03
\s:66,c:1782377507*44\!AIVDM,1,1,,B,H5NSBB4TCBD4UupG4>lljj101310,0*4B
\s:66,c:1782377502*41\!AIVDM,1,1,,B,13`qEJ001bP:MLdMn>1<v:Tl0<2@,0*7F
\s:66,c:1782377504*47\!AIVDM,1,1,,A,35@S>WP0002G6tPClgwWgBkF003k,0*65
\s:66,c:1782377502*41\!AIVDM,1,1,,A,338mI<002U1cr`pFKLbQ3Pmp0000,0*5D
\g:1-2-5199008,s:66,c:1782377504*09\!AIVDM,2,1,8,A,55@S>W`1r7n0Pt7OWO9<584l4<<400000000000Q6p@:35R80832C@Dl,0*2A
\g:2-2-5199008*61\!AIVDM,2,2,8,A,kk0000000000000,2*2C
\s:66,c:1782377504*47\!AIVDM,1,1,,A,18HwqgUnjwWK;2t0doki0?wF08J8,0*3C
\s:66,c:1782377500*43\!AIVDM,1,1,,B,18I6LM00007J5Fd0eev:FUM408DH,0*2A
\s:66,c:1782377501*42\!AIVDM,1,1,,B,13KMt`00131Vf7fRAHH=jOv00000,0*2A
\s:66,c:1782377504*47\!AIVDM,1,1,,A,16SjgT01P1a=QGJD4USDgrwD00SL,0*40
\s:66,c:1782377504*47\!AIVDM,1,1,,A,16:CN000118fG5@A9JpRqGuD0@It,0*10
\g:1-2-5199009,s:66,c:1782377502*0E\!AIVDM,2,1,9,A,59NSdD825megDhIWL004@l58TpF3KW000000001S@B2KKt@Q10888888,0*6D
\g:2-2-5199009*60\!AIVDM,2,2,9,A,888888888888800,2*25
\s:66,c:1782377501*42\!AIVDM,1,1,,B,19t6VRpP00WKjUH0U3iN4?wB28GW,0*75
\s:66,c:1782377505*46\!AIVDM,1,1,,B,13ku:w001VvQMl691?s0Q0MF08Jc,0*1C
\s:66,c:1782377506*45\!AIVDM,1,1,,B,13`lLr001l1JhT@PNETQQi?N00T=,0*31
\s:66,c:1782377505*46\!AIVDM,1,1,,A,16:MQIP00p8hL`PAP004`kcH053<,0*4D
\s:66,c:1782377501*42\!AIVDM,1,1,,A,D05>NDP?TN?`fpNfp0,4*03
\g:1-2-5199010,s:66,c:1782377497*0B\!AIVDM,2,1,0,A,54QsFJT2:;liK8eP000lT<P4Dj06p0000000000000066000000CRlP@,0*7B
\g:2-2-5199010*68\!AIVDM,2,2,0,A,000000000000000,2*24
\s:66,c:1782377505*46\!AIVDM,1,1,,A,152QFp002;J56GT=q`brHHCF053<,0*17
\s:66,c:1782377505*46\!AIVDM,1,1,,B,13GQkGPP2jvqSB6@6NlqpgwH0U3<,0*02
\s:66,c:1782377500*43\!AIVDM,1,1,,A,B:1eU800@0>sBCTt?qqhSwv63P06,0*2D
\s:66,c:1782377505*46\!AIVDM,1,1,,B,402E;?Qvad`kdPA6hpN6hw?02@JH,0*38
\s:66,c:1782377504*47\!AIVDM,1,1,,B,13m6UVP00m1aoi6`IMU@W0MG0@Ij,0*6D
\s:66,c:1782377504*47\!AIVDM,1,1,,B,15N4ehd00gJdOt4G@RrbR`KH0D41,0*71
\s:66,c:1782377504*47\!AIVDM,1,1,,A,160E:h<P00SN8fD@@irf4?wH2D6?,0*5B
\s:66,c:1782377499*42\!AIVDM,1,1,,B,169ED=?P008gq;:A6D1>4?w:08El,0*3C
\s:66,c:1782377501*42\!AIVDM,1,1,,A,15Sb5L002u:<f@PGo0G3L2m:0<76,0*15
\s:66,c:1782377505*46\!AIVDM,1,1,,B,15Sb5L002u:<fR0Go0ISL2mJ0@JH,0*05
\s:66,c:1782377506*45\!AIVDM,1,1,,B,19NSU5@vR47LthB0g9`J7`5H0<<O,0*34
\s:66,c:1782377502*41\!AIVDM,1,1,,B,17tCk<PP007?dON1cSfdlOwD0pH`,0*55
\s:66,c:1782377501*42\!AIVDM,1,1,,B,13`lOt0P00PDQJ0Me?PN4?w<2HFJ,0*70
\s:66,c:1782377502*41\!AIVDM,1,1,,A,13KSlJ800SQj<I:REm?o75oD253<,0*0E
\s:66,c:1782377507*44\!AIVDM,1,1,,A,18KjPT0ujOWJiA40auJcQaE@0<<J,0*29
\s:66,c:1782377506*45\!AIVDM,1,1,,A,16:DqrP00j`9>`@<iINI1F1J2@Js,0*7D
\s:66,c:1782377507*44\!AIVDM,1,1,,B,14`V2P0007Pi`DHQ1sk3>FwP053<,0*38
\s:66,c:1782377503*40\!AIVDM,1,1,,A,18:iCU0P00`acMp8H1TlqOwB2<30,0*2A
\s:66,c:1782377505*46\!AIVDM,1,1,,,B5O;PMP00>Qb5I69R>HHgwnUwP06,0*31
\s:66,c:1782377502*41\!AIVDM,1,1,,B,33aL<JPP02PFPjbMtTokv?wD2@DQ,0*46
\s:66,c:1782377499*42\!AIVDM,1,1,,A,34QsFJP00PK75AV6tRVD;SMp0000,0*06
\s:66,c:1782377501*42\!AIVDM,1,1,,A,1:pDuukP00JVAtJ5tmWnLOwD00S7,0*00
\s:66,c:1782377505*46\!AIVDM,1,1,,A,18SJRKP01nWrRvr8wpBWlnAJ28JD,0*44
\s:66,c:1782377508*4B\!AIVDM,1,1,,B,1815:J@1Qa1fQN?d?qKJ<p7P00Se,0*58
\s:66,c:1782377508*4B\!AIVDM,1,1,,A,13m5nR001C1pbBJFtKb1TAAH0<1G,0*55
\s:66,c:1782377506*45\!AIVDM,1,1,,A,4>jQMS1vad`keOB>>JMS:7o0053<,0*24
\s:66,c:1782377508*4B\!AIVDM,1,1,,A,33S@<8500012S8bIoHVLjGaP2Dk:,0*71
\s:66,c:1782377508*4B\!AIVDM,1,1,,B,342O:MQ000P;soBMG@q;a8WL0000,0*3E
\s:66,c:1782377501*42\!AIVDM,1,1,,A,35960mo000HHvAT=B9hWHPIp0000,0*16
\s:66,c:1782377498*43\!AIVDM,1,1,,A,33m8LPP01U0De>RSADeot6G:02qQ,0*57
\s:66,c:1782377507*44\!AIVDM,1,1,,B,13R2@`0P00Qd36jEehAkWwwN00SP,0*25
\s:66,c:1782377503*40\!AIVDM,1,1,,A,33olBV50000kTo8U7jAd>W3p0000,0*6B
\s:66,c:1782377504*47\!AIVDM,1,1,,A,19NSfdh22iE@>TRJPP9JnpaD00SH,0*14
\s:66,c:1782377502*41\!AIVDM,1,1,,A,139Ilr0P0pPqpjdO8hJP0gwD253<,0*5C
\s:66,c:1782377505*46\!AIVDM,1,1,,B,19NSTj@wAaSrG32>dW8k6ROF053<,0*47
\s:66,c:1782377506*45\!AIVDM,1,1,,A,13ku;Wh02?3P1:?qeE>BwBUH08Jr,0*61
\s:66,c:1782377506*45\!AIVDM,1,1,,A,13II@`P0000F7pbHnAlA<acJ00Rv,0*2D
\s:66,c:1782377504*47\!AIVDM,1,1,,B,19NSWDh01b8nmnN@Uc3G05QH0D0J,0*23
\s:66,c:1782377506*45\!AIVDM,1,1,,A,16:cC=Q000888a0=1Q34`3d01P06,0*34
\s:66,c:1782377506*45\!AIVDM,1,1,,B,15NUPF`P00GRoKvCDdReP?wL0<2P,0*35
\s:66,c:1782377503*40\!AIVDM,1,1,,A,18I>=f002203KuJLpJ:Rs2CB053<,0*20
\s:66,c:1782377505*46\!AIVDM,1,1,,B,1349q>0000`VTMlDUupsV:aH08JB,0*04
\s:66,c:1782377507*44\!AIVDM,1,1,,A,1815EOP01h1QftGd2LU:9`7N0@KF,0*05
\s:66,c:1782377506*45\!AIVDM,1,1,,A,35Mj23S000G>KFNKhIPlJVGp0000,0*22
\s:66,c:1782377505*46\!AIVDM,1,1,,A,147gEF00h0QcW;6QQ7g`viqJ08Jl,0*7A
\s:66,c:1782377508*4B\!AIVDM,1,1,,A,13`p310P0rPJBeNN5uCU=wwN2<2=,0*0D
\s:66,c:1782377508*4B\!AIVDM,1,1,,A,19NSc`PwjKW@QUJ4T`GtHImL0@L7,0*77
\s:66,c:1782377502*41\!AIVDM,1,1,,B,18;ONA8P0t`Ufa@8K?N5JwwB2@HA,0*4D
\s:66,c:1782377501*42\!AIVDM,1,1,,A,35Pm=S@PAQGMRrpC5jVMC:W60000,0*36
\s:66,c:1782377501*42\!AIVDM,1,1,,A,16:EQw`P008MmpRFDd7c7OwD2HHA,0*78
\s:66,c:1782377497*4C\!AIVDM,1,1,,A,16K2Cph003aiiTnD1SoBbm;<0<37,0*60
\s:66,c:1782377506*45\!AIVDM,1,1,,A,33l3oVPPAaPC9a@MJ@d9aWKL01nh,0*47
\s:66,c:1782377506*45\!AIVDM,1,1,,A,15Bvdt801OWe1Pd;idVc68wH0<2O,0*04
\s:66,c:1782377504*47\!AIVDM,1,1,,B,13l96`P001PQuP6I1Jkml2cH0@J8,0*14
\s:66,c:1782377504*47\!AIVDM,1,1,,A,15?dS<@025Wd63D:JNA<trIF0@Ij,0*0A
\s:66,c:1782377499*42\!AIVDM,1,1,,B,13f74j001BQ5afFD`l>RMQu:00SN,0*14
\s:66,c:1782377505*46\!AIVDM,1,1,,B,15AchF001e7>EJ@1`fhKj9KL053<,0*75
\s:66,c:1782377501*42\!AIVDM,1,1,,B,16LUlb00j`0IF30NeGkan7n>0@G>,0*65
\s:66,c:1782377501*42\!AIVDM,1,1,,A,403Ow01uJl`k`qaqElALKq?020S:,0*0B
\s:66,c:1782377500*43\!AIVDM,1,1,,B,177:EJ00358clvb?VTDGuFC@0<2;,0*0F
\g:1-2-5199011,s:66,c:1782377500*05\!AIVDM,2,1,1,A,55`I?r81c1C0cQ4G4004@lU84j085V3<000000161@R55tS8I:95Qh00,0*1F
\g:2-2-5199011*69\!AIVDM,2,2,1,A,000000000000000,2*25
\s:66,c:1782377505*46\!AIVDM,1,1,,B,ENk`sSdHqh@@@@@@@@@@@@@@@@@=C4oo;DR1800003vP000,2*39
\s:66,c:1782377505*46\!AIVDM,1,1,,,13Iq:`02P88;5GJ<rTW83TIF0000,0*4B
\s:66,c:1782377505*46\!AIVDM,1,1,,A,16Bt:v0002SfwfR?CL0AcamJ2@JE,0*36
\s:66,c:1782377502*41\!AIVDM,1,1,,A,4P5qoVh000HttOT8;02mFmW01hHs,0*76
\s:66,c:1782377504*47\!AIVDM,1,1,,B,133w8PUP02PCGb@ML4af4?wHR@J;,0*1F
\s:66,c:1782377504*47\!AIVDM,1,1,,B,18HwWF000@JRpMV629>rO4KF053<,0*0C
\s:66,c:1782377504*47\!AIVDM,1,1,,B,13tk7r001u0>vTPMuc8`dnsD00Rr,0*5B
\s:66,c:1782377500*43\!AIVDM,1,1,,B,H52lAwTU7B=400000000000h5220,0*10
\s:66,c:1782377507*44\!AIVDM,1,1,,A,1815W2001H0TARJF1bokI2SP0<7L,0*14
\s:66,c:1782377507*44\!AIVDM,1,1,,B,1815S@h01i2vmlsgKhL2`j5N00S9,0*2C
\s:66,c:1782377503*40\!AIVDM,1,1,,A,DP5qoVhe@N?a6DO6D0,4*69
\s:66,c:1782377505*46\!AIVDM,1,1,,A,139fviPP0EPWLlbNK1JP4wwJ28Jc,0*27
\s:66,c:1782377505*46\!AIVDM,1,1,,B,13aL=70P00PFO`HMv7rN4?wJ20RT,0*13
\s:66,c:1782377506*45\!AIVDM,1,1,,B,169GG?UP01`9H=<<njqJ;?w:2@K=,0*7E
\s:66,c:1782377503*40\!AIVDM,1,1,,B,13Jlhd01BD65uQh3;eTbFpCB0HI>,0*26
\s:66,c:1782377497*4C\!AIVDM,1,1,,A,13ViFB01B?2Di5qf07gqgGc80@F=,0*3F
\s:66,c:1782377300*45\!AIVDM,1,1,,B,33ViFB022?2DmFUf0BoIco`T00q3,0*51
\s:66,c:1782377499*42\!AIVDM,1,1,,B,13aF=4000h055kJLk95BL25:0@G8,0*57
\s:66,c:1782377504*47\!AIVDM,1,1,,B,17ldM;pP00`FiuwwCO5BQwwF2HIu,0*6D
\s:66,c:1782377505*46\!AIVDM,1,1,,B,16:HQDPOi38LlVBEwc:rW8wF0<<L,0*37
\s:66,c:1782377508*4B\!AIVDM,1,1,,B,16:E@aS011U@faP2ISk@>P=:053<,0*3D
\s:66,c:1782377504*47\!AIVDM,1,1,,A,13aGtd@P?w<tSF0l4Q@>4?wp0PR`,0*0E
\s:66,c:1782377504*47\!AIVDM,1,1,,A,15NBg@PP@WGRE5FCAdCcNaGJ0@J=,0*5E
\s:66,c:1782377501*42\!AIVDM,1,1,,B,14d92r001d2D=JOeS;JBT2A<053<,0*32
\s:66,c:1782377503*40\!AIVDM,1,1,,A,17P;?W0P0lblEPojGJ@0tOwF28I?,0*0A
\s:66,c:1782377505*46\!AIVDM,1,1,,A,18Hs1DgP007K3ip0dvU<8wwL28Jp,0*0F
\s:66,c:1782377506*45\!AIVDM,1,1,,B,13aGt<PP00PDQHHMe?BlAwwL2@KB,0*43
\s:66,c:1782377499*42\!AIVDM,1,1,,A,13eMiCSP0112U8BDKLM=0Ow@08GR,0*6E
\s:66,c:1782377506*45\!AIVDM,1,1,,A,15Tsol0P@17LiKH0gKS3c4Ap053<,0*16
\s:66,c:1782377505*46\!AIVDM,1,1,,A,13K@N80002R1L>`E5Um1a4gF0000,0*27
\s:66,c:1782377505*46\!AIVDM,1,1,,A,33R2IW00001gC3RES;:Pt0ip0000,0*36
\s:66,c:1782377505*46\!AIVDM,1,1,,B,37PAS8800abl<<id`0EP=@;F0000,0*44
\s:66,c:1782377505*46\!AIVDM,1,1,,B,15OFl@000RIW9Ch@OCua:oeL2HJV,0*28
\s:66,c:1782377502*41\!AIVDM,1,1,,A,177hna001iNgpad=Enf7sVMB00SC,0*09
\s:66,c:1782377502*41\!AIVDM,1,1,,A,402M3wQvad`ka0LrUPSk@`7P0@HW,0*4A
\s:66,c:1782377501*42\!AIVDM,1,1,,B,33@ofjPOiaPfbtpOP7@DG3SD20c0,0*5F
\s:66,c:1782377505*46\!AIVDM,1,1,,B,B6:c5Q000225BWS?LMMGQ8mSQP06,0*4B
\s:66,c:1782377498*43\!AIVDM,1,1,,A,36:?=g00128f:BhAl5PciaQ800PS,0*78
\s:66,c:1782377501*42\!AIVDM,1,1,,A,402M48Avad`k`0kK10TnIP7P00S:,0*34
\s:66,c:1782377504*47\!AIVDM,1,1,,A,18uWS40P01QDEmwdV@l<7wwD0<1M,0*60
\g:1-2-5199012,s:66,c:1782377504*02\!AIVDM,2,1,2,B,53ie;F02BFWPiPeR221@TLE:222222222222220Q:@B::0ef0;ADmS0p,0*60
\g:2-2-5199012*6A\!AIVDM,2,2,2,B,??O`1DlhAp88880,2*4A
\s:66,c:1782377501*42\!AIVDM,1,1,,A,13aGtsOP00PG?@nN2HWD;?w@28HA,0*0B
\s:66,c:1782377506*45\!AIVDM,1,1,,B,13aGuA0P00PDG<tMdtvh0?wJ2HJr,0*7D
\s:66,c:1782377506*45\!AIVDM,1,1,,A,B6:cApP0>224Nt3@@w3>Swo63P06,0*3B
\s:66,c:1782377504*47\!AIVDM,1,1,,A,13m9Q6PP00Qbjmn`2aAN4?wF2<0B,0*37
\s:66,c:1782377503*40\!AIVDM,1,1,,A,1815?n001A64NnP3INc:K`ED053<,0*35
\s:66,c:1782377505*46\!AIVDM,1,1,,B,18I=wA001m3Wi@eqk8eaj7g>0HJe,0*6F
\s:66,c:1782377497*4C\!AIVDM,1,1,,B,1815VWh01U8;ifb8OWrpUFu008D`,0*23
\s:66,c:1782377503*40\!AIVDM,1,1,,A,1815DwP01csrFGlMC<uj?1q60<01,0*2F
\g:1-2-5199013,s:66,c:1782377505*02\!AIVDM,2,1,3,A,58SJEiT2DVIS=LtCV21@4r0<4pN3K:222222221J2H=6657?N9E<5jCQ,0*53
\g:2-2-5199013*6B\!AIVDM,2,2,3,A,p0PDQiH88888880,2*3B
\s:66,c:1782377506*45\!AIVDM,1,1,,A,18SJEiSP007aGkN;qjfa5?wL0<3C,0*47
\s:66,c:1782377502*41\!AIVDM,1,1,,A,B7lciWP04:6>@COpvL85cwP4kP06,0*42
\s:66,c:1782377507*44\!AIVDM,1,1,,B,16:>Of001`WM5ej0gIoJEp;N2@KV,0*6A
\s:66,c:1782377503*40\!AIVDM,1,1,,A,B3HdMQP0983uP3UchBdOpIv00000,0*6B
\s:66,c:1782377507*44\!AIVDM,1,1,,B,15?DHn002=5q3<h4VfTh5h=N08Kf,0*63
\s:66,c:1782377503*40\!AIVDM,1,1,,A,33cecw002k0A=9>Gj06P7P;p0000,0*71
\s:66,c:1782377506*45\!AIVDM,1,1,,A,18SK3uhP1KWbq6v5r;T3;OwH253<,0*6F
\s:66,c:1782377504*47\!AIVDM,1,1,,A,18L7d2?000WKF<>0f7Ai=ak@0D<P,0*73
\s:66,c:1782377503*40\!AIVDM,1,1,,A,14`V0ih023OniC0LNd8ia1QF0000,0*5E
\s:66,c:1782377504*47\!AIVDM,1,1,,A,142OgjK000R62n:GGS1>42QH253<,0*61
\s:66,c:1782377501*42\!AIVDM,1,1,,A,402E;41vad`k`PHvipMdA@G000S:,0*32
\s:66,c:1782377505*46\!AIVDM,1,1,,A,13FpT431@NP?O9lH3w5GSmuD0<26,0*72
\s:66,c:1782377502*41\!AIVDM,1,1,,B,17Oe5fPP00:lEUWjGIBdv?w@28HD,0*71
\s:66,c:1782377504*47\!AIVDM,1,1,,A,19NSt1@1AJGDH:tCqV8LjJGD0@Ik,0*68
\s:66,c:1782377502*41\!AIVDM,1,1,,B,15`I@<h12`rLNv4>jkmDpCuB08HN,0*51
\s:66,c:1782377506*45\!AIVDM,1,1,,A,177hLo00jVWRH:41vWtH7VQJ0D0o,0*5E
\s:66,c:1782377506*45\!AIVDM,1,1,,A,3:kJbe@P?w<tSF0l4Q@>4?wqpS7Q,0*03
\s:66,c:1782377506*45\!AIVDM,1,1,,A,15OE7nP000JQL>:FN4vohFQJ053<,0*58
\s:66,c:1782377505*46\!AIVDM,1,1,,A,18IIk8000C<`<@AbWs>c91?J08Iw,0*3E
\s:66,c:1782377505*46\!AIVDM,1,1,,A,33`jf=mP0L0G`2PNPMFFsgwJ0Bvb,0*5F
\s:66,c:1782377506*45\!AIVDM,1,1,,A,13`jf=mjPL0G`2NNPMFFsgwJ0000,0*7F
\s:66,c:1782377506*45\!AIVDM,1,1,,A,13cpHh?P0qPe3dDI>mPM5?wJ08K1,0*5D
\s:66,c:1782377507*44\!AIVDM,1,1,,A,18HwF5?P00WJS4p0flof4?wL253<,0*0D
\s:66,c:1782377503*40\!AIVDM,1,1,,B,33n31JhOiTP55G6NdJ`DGCSD0000,0*6F
\s:66,c:1782377503*40\!AIVDM,1,1,,A,13aL>n0P00PK<@0Mfqv00?wF253<,0*44
\s:66,c:1782377505*46\!AIVDM,1,1,,B,33`oTCPP00PIaOlNCW>tPOwL24mC,0*7A
\s:66,c:1782377502*41\!AIVDM,1,1,,B,13sBiewP1AwGw66GV1CFOOwB2<12,0*17
\s:66,c:1782377508*4B\!AIVDM,1,1,,B,13@pT@@w@0Peak6Pu8?aKqeJ0@Kk,0*4B
\s:66,c:1782377506*45\!AIVDM,1,1,,,B4eH;r00AWt6ehU7o9Ho3wo1h000,0*7D
\s:66,c:1782377503*40\!AIVDM,1,1,,A,36:>TT5000`ac;R8FdVS<BID2Df`,0*35
\s:66,c:1782377504*47\!AIVDM,1,1,,A,36;JIH100081WF6<09K:PmSB0000,0*14
\s:66,c:1782377508*4B\!AIVDM,1,1,,A,33@nhKPP01PhB6<PoVJv4?wP21p3,0*63
\s:66,c:1782377506*45\!AIVDM,1,1,,A,35NWgm3000JR<3jEBR5p?VWp0000,0*13
\s:66,c:1782377506*45\!AIVDM,1,1,,A,19NSlP3P000pdM@C;1Loa?wJ0<2e,0*17
\s:66,c:1782377502*41\!AIVDM,1,1,,B,B5MoSd000VTI9LSl`Jo:Kwl1jGsr,0*44
\s:66,c:1782377504*47\!AIVDM,1,1,,B,16=q?8@P005eSG`3vj5f4?wF2d1>,0*42
\s:66,c:1782377505*46\!AIVDM,1,1,,B,16:8B1S00W0U:nRE84G9eWqJ0@JE,0*75
\s:66,c:1782377502*41\!AIVDM,1,1,,,18L?H>001lP9b:rMFUQMrK1@0000,0*7F
\s:66,c:1782377502*41\!AIVDM,1,1,,B,146gnn001RwMS5nJj;u8:FQB28HW,0*0C
\s:66,c:1782377499*42\!AIVDM,1,1,,B,B6:8H`00CB9hOU5:08HNlHkWQP06,0*2F
\s:66,c:1782377501*42\!AIVDM,1,1,,B,13Ec830P19NqSKF@4an5wwwB28H0,0*0A
\s:66,c:1782377498*43\!AIVDM,1,1,,B,155mQ0@P07SRj<8?wLa5qww8253<,0*71
\s:66,c:1782377502*41\!AIVDM,1,1,,A,13TGVL0P00QqT;VFH6qv4?w>2000,0*2B
\s:66,c:1782377504*47\!AIVDM,1,1,,B,D02:p9A:pNfq6DO6D0,4*39
\s:66,c:1782377505*46\!AIVDM,1,1,,B,B819Fch0C0Jl8L5V7m<aWwnQhD0R,0*3E
\s:66,c:1782377505*46\!AIVDM,1,1,,A,19NSuOP01w7Nu>:0wAf7nn?F00R7,0*6C
\s:66,c:1782377502*41\!AIVDM,1,1,,B,13:mTD001V0PNDtFCVtsEa1@0@HT,0*74
\s:66,c:1782377506*45\!AIVDM,1,1,,A,402:p9Avad`keObEi2KO>dO00HK8,0*26
\g:1-2-5199014,s:66,c:1782377502*02\!AIVDM,2,1,4,A,53BD1J42?jn0uT@;800d58Dr0l4E9<d000000000000==000001Dp4hm,0*12
\g:2-2-5199014*6C\!AIVDM,2,2,4,A,000000000000000,2*20
\s:66,c:1782377507*44\!AIVDM,1,1,,B,13Su78?P00Qd5m6Ef2347OwL2HKa,0*3F
\s:66,c:1782377507*44\!AIVDM,1,1,,B,1815bg001f1uEs<GAaRIKGOP0@Km,0*0D
\s:66,c:1782377499*42\!AIVDM,1,1,,A,160p@n001tSPk0R@75Phs0S@20SN,0*35
\s:66,c:1782377503*40\!AIVDM,1,1,,B,E>q7BAO42W3aT0R7W3h9T:TcRW0DH9PG8u0ip10@8@m000,4*29
\s:66,c:1782377498*43\!AIVDM,1,1,,B,13El=40P00P6O7<F:OQ;2gw:0D4s,0*37
\s:66,c:1782377505*46\!AIVDM,1,1,,A,33=Q0v1w007LLsp0gsvGtSoH0C:r,0*50
\s:66,c:1782377500*43\!AIVDM,1,1,,A,B3HVSIP0<HFhlH5c01IoIOv00000,0*7C
\s:66,c:1782377506*45\!AIVDM,1,1,,A,39u:UrPOiG7KQSP0e1fsd9mJ010@,0*21
\s:66,c:1782377506*45\!AIVDM,1,1,,A,39NShR50007JFFJ0esrP08KH0DP:,0*28
\s:66,c:1782377503*40\!AIVDM,1,1,,A,B4n3WJ00?048SFV4P22HAjm1V8gh,0*6A
\s:66,c:1782377506*45\!AIVDM,1,1,,A,B5O0fP0006L81cTF4KL000N00000,0*57
\s:66,c:1782377502*41\!AIVDM,1,1,,B,4050KrP000Htt<tSF0l4Q@000pHi,0*70
\s:66,c:1782377502*41\!AIVDM,1,1,,A,12vg6Eu000`agd>8Ew`B1QI@053<,0*75
\s:66,c:1782377500*43\!AIVDM,1,1,,B,16K=gt002`48wo4=phLKBa7@053<,0*49
\g:1-2-5199015,s:66,c:1782377501*00\!AIVDM,2,1,5,B,53cu7O80@QQ4T8mR220l4pU<60l5@Th@F2222216>`32?5d`0;QDhiEH,0*76
\g:2-2-5199015*6D\!AIVDM,2,2,5,B,888888888888880,2*22
\s:66,c:1782377502*41\!AIVDM,1,1,,B,13EeAqPP0JP0F42FHfKmWgwD28Hr,0*10
\s:66,c:1782377503*40\!AIVDM,1,1,,,13e==b002dHna8:0kTKImWsD0000,0*71
\s:66,c:1782377502*41\!AIVDM,1,1,,A,19NS<C000@Oepp@2mTW3:Vq@0HHO,0*1B
\s:66,c:1782377504*47\!AIVDM,1,1,,B,15QL7P80001cqT:Ef9bFnUiH0HIv,0*7D
\s:66,c:1782377505*46\!AIVDM,1,1,,B,16;1k:02iN8i:34@w0RJPHW00`J<,0*76
\s:66,c:1782377506*45\!AIVDM,1,1,,A,19NSIK@000`K5gpFCGwV@;9H053<,0*2B
\s:66,c:1782377504*47\!AIVDM,1,1,,A,EfjJ9>32qqrI@9:@90e0W500000@USWR<I=J800@08l>00,4*72
\s:66,c:1782377505*46\!AIVDM,1,1,,B,36:BNwU0008eqFPA8909PaWH0lT:,0*6B
\s:66,c:1782377505*46\!AIVDM,1,1,,A,15?Ggd001c`d<pt>ufUh<PO20@J8,0*34
\s:66,c:1782377499*42\!AIVDM,1,1,,A,B42Olk@0?h5CBJ5VdTtqowk1h53<,0*35
\s:66,c:1782377504*47\!AIVDM,1,1,,A,13aBLq`P000HiU@NK<Av4?wF053<,0*30
\s:66,c:1782377500*43\!AIVDM,1,1,,B,B3UWid00ChNgNA5DH8v7gwl1h000,0*03
\s:66,c:1782377505*46\!AIVDM,1,1,,A,B42NwA@000Q?B>UoinulaMF02h06,0*5A
\s:66,c:1782377505*46\!AIVDM,1,1,,B,138G7d0009OWHH6Dc4cmBqSL0@Jd,0*43
\s:66,c:1782377501*42\!AIVDM,1,1,,A,33m6G9P0000kG6pU6LG`0VKp0000,0*6C
\s:66,c:1782377505*46\!AIVDM,1,1,,B,360tmlE000SOtqh?pgUWiP5H2Dsb,0*68
\s:66,c:1782377507*44\!AIVDM,1,1,,A,1815QUP01`7af@L5uvvDQCcL0000,0*1B
\s:66,c:1782377508*4B\!AIVDM,1,1,,A,14RsTF00ibJV6Sf5qiI4=3IN0d2:,0*01
\g:1-2-5199016,s:66,c:1782377504*06\!AIVDM,2,1,6,B,53bRkJ8000010@P@000q23GK800000000000001S00000vve66B0DQ2C,0*0B
\g:2-2-5199016*6E\!AIVDM,2,2,6,B,V5QC10000000008,2*59
\s:66,c:1782377508*4B\!AIVDM,1,1,,A,B6jHRH0001D3k20VAQ<DCwnP2h06,0*1D
\s:66,c:1782377505*46\!AIVDM,1,1,,B,14VFgd0vjKwWBOJKK07p6VKF08JH,0*23
\s:66,c:1782377508*4B\!AIVDM,1,1,,A,13bOsl001MSLhC3qN:JSq3=R253<,0*54
\s:66,c:1782377504*47\!AIVDM,1,1,,A,B3ceTp00?p>B2l5LKCHdSwn1l@Iw,0*2C
\s:66,c:1782377504*47\!AIVDM,1,1,,A,18KjdB0wQo8kgs0@vvtVQE6j0@Ii,0*5C
\s:66,c:1782377500*43\!AIVDM,1,1,,A,BCgpdl007GTFvfaO2DpL3wePp000,0*1F
\s:66,c:1782377505*46\!AIVDM,1,1,,B,17lj>:@P007KjLh0`f`f4?wJ2@Jc,0*5E
\s:66,c:1782377504*47\!AIVDM,1,1,,A,13lekN021VM5taAkBAmplW7@00S<,0*17
\s:66,c:1782377504*47\!AIVDM,1,1,,A,169D9fhP00`g1`hA?epf4?wF20R`,0*02
\s:66,c:1782377492*49\!AIVDM,1,1,,B,1815`<P01uVjIJ:3a1wrK`Fp0D0U,0*3F
\s:66,c:1782377413*40\!AIVDM,1,1,,B,3815`<PwAuVjJ`43a2@rJHF@0D4e,0*34
\s:66,c:1782377504*47\!AIVDM,1,1,,A,160vnf0P00SQDBJ@;7HCGwwF0`J6,0*2B
\g:1-2-5199017,s:66,c:1782377408*0A\!AIVDM,2,1,7,A,5815`<`2AIViKL7??7L@QB18DALttB222222221@RPqJR5c10KUiDm81,0*22
\g:2-2-5199017*6F\!AIVDM,2,2,7,A,Sl`3lQ1DTp88880,2*23
\s:66,c:1782377506*45\!AIVDM,1,1,,A,1815Ki00147K?VJ0blrBTB9H08K0,0*49
\s:66,c:1782377502*41\!AIVDM,1,1,,B,B8Lg5j0001hSVO17U?T03wm5l000,0*40
\s:66,c:1782377503*40\!AIVDM,1,1,,B,B3mRs2P0006Peg8rgJMlKwmQVDeJ,0*55
\s:66,c:1782377504*47\!AIVDM,1,1,,A,368tdwPOh<8fPw0A2D6`dbEF00rh,0*00
\s:66,c:1782377505*46\!AIVDM,1,1,,B,13aQdah01u10NVbFbaIECT=L0<3n,0*0B
\s:66,c:1782377501*42\!AIVDM,1,1,,A,17lobc@P0UWM14@0VrNpUww>053<,0*43
\s:66,c:1782377503*40\!AIVDM,1,1,,B,39NSAUP01o0oTEnE=a@s78wH02dA,0*05
\s:66,c:1782377506*45\!AIVDM,1,1,,A,13ca5H?=@0Pw>fLHdgm>4?wLNHK7,0*48
\s:66,c:1782377507*44\!AIVDM,1,1,,B,19NSug000U5kLKt3IQDBk:qJ053<,0*27
\s:66,c:1782377505*46\!AIVDM,1,1,,B,17m3u7003@7Duc016Uup:FcH000O,0*66
\s:66,c:1782377501*42\!AIVDM,1,1,,A,17ldsJAP0=`FT2?wBRKKpgwB253<,0*3F
\s:66,c:1782377500*43\!AIVDM,1,1,,B,15D58h00218f9vV?>vP8SG1@00Rp,0*1C
\s:66,c:1782377507*44\!AIVDM,1,1,,A,33aL=F@03DP@KGdMK`IrnHUL00SA,0*7F
\s:66,c:1782377504*47\!AIVDM,1,1,,A,33TTKR0Oh01Sd>LErsQ4C3Mp0000,0*00
\s:66,c:1782377508*4B\!AIVDM,1,1,,B,168tdwPOh<8fPvPA2D490:QL0D9I,0*37
\s:66,c:1782377506*45\!AIVDM,1,1,,,13e9080tjnt<RCTH5rrBf23H0000,0*6C
\s:66,c:1782377504*47\!AIVDM,1,1,,B,16::K@001V`McNDEsr>RsBIF053<,0*16
\s:66,c:1782377501*42\!AIVDM,1,1,,A,403siOivad`k`8K<3NFCEPw00>:c,0*07
\s:66,c:1782377505*46\!AIVDM,1,1,,B,403siOivad`kd8K<3`FCEQO00N:c,0*67
\s:66,c:1782377501*42\!AIVDM,1,1,,B,15ApdN001J7?PRF1WHS@B01@0@H9,0*32
\s:66,c:1782377504*47\!AIVDM,1,1,,A,13IVDi?00U0Eab6HR?IQFhsJ053<,0*1C
\s:66,c:1782377499*42\!AIVDM,1,1,,A,33HdnFh=@00000000000001p0000,0*46
\s:66,c:1782377503*40\!AIVDM,1,1,,B,13m=eMPP00QdHhV`HbLMk?wD0D0E,0*31
\s:66,c:1782377507*44\!AIVDM,1,1,,A,19NSHQh01K83u?ct:beknjmL08Ks,0*1D
\s:66,c:1782377502*41\!AIVDM,1,1,,B,14QhcH000OGT2CnBf6gdc9w<0@GG,0*31
\s:66,c:1782377504*47\!AIVDM,1,1,,B,35MwpGU000rQN84FKT<crrIH0Dbb,0*59
\s:66,c:1782377506*45\!AIVDM,1,1,,A,14a@mn001H9=`pfD1MJ=FbWD0@Jp,0*38
\s:66,c:1782377506*45\!AIVDM,1,1,,A,B69DKt@D12;osT4DkimTCwoESP06,0*34
\g:1-2-5199018,s:66,c:1782377205*0E\!AIVDM,2,1,8,B,5815=t42C3LmKL4GF20dttj0T<F222222222221DKprN>5fi1LiSl`3l,0*79
\g:2-2-5199018*60\!AIVDM,2,2,8,B,Q1D`88888888880,2*6B
\s:66,c:1782377505*46\!AIVDM,1,1,,A,14`V2?k000OtsUTLRLkaDB=J08Jc,0*02
\s:66,c:1782377507*44\!AIVDM,1,1,,A,16:dvQgv@N`T41DFnaaSh8kJ053<,0*32
\s:66,c:1782377503*40\!AIVDM,1,1,,B,B7lulq000:5`t1OldQh@?wlRT6sd,0*73
\s:66,c:1782377506*45\!AIVDM,1,1,,A,B8Sjc0h001rMFt1P:QvHGwv63P06,0*43
\s:66,c:1782377507*44\!AIVDM,1,1,,A,137rKh0001PD;W>ME<3VaHMN08Kd,0*59
\s:66,c:1782377506*45\!AIVDM,1,1,,A,16QgbK0P232OGv:@keLRt?wL2@Jo,0*5E
\s:66,c:1782377507*44\!AIVDM,1,1,,B,36:;KlUP00`VhdTDaOwpvOwL2DiH,0*55
\s:66,c:1782377502*41\!AIVDM,1,1,,,13b5PJ5002PEF7NN1e5@?lk6053<,0*6E
\s:66,c:1782377502*41\!AIVDM,1,1,,A,13WC800000OVoK`DRWV6b1w@0D4V,0*36
\s:66,c:1782377505*46\!AIVDM,1,1,,B,1:U8mCP000MOrums=F`:qFaJ08JC,0*2A
\s:66,c:1782377506*45\!AIVDM,1,1,,A,18TCtn@P0OWbVcR;1JeWwgwJ0000,0*40
\s:66,c:1782377504*47\!AIVDM,1,1,,B,15Mj26002dG?QchK?Ec:apMH015p,0*4E
\s:66,c:1782377505*46\!AIVDM,1,1,,B,13dSMj001RP:`0VF2sTRGAsF053<,0*00
\s:66,c:1782377505*46\!AIVDM,1,1,,B,14aRv>P00GvqNmJ@5`QdF:?H0HJ2,0*09
\s:66,c:1782377501*42\!AIVDM,1,1,,A,402IPHAuJl`kaNNI5FUQSwW00<17,0*4E
\s:66,c:1782377501*42\!AIVDM,1,1,,A,D02IPH@flffp,0*0B
\s:66,c:1782377502*41\!AIVDM,1,1,,B,H3o2GoQ@TTp60D0000000000000,2*3A
\s:66,c:1782377502*41\!AIVDM,1,1,,A,H3o2GoTNC=D6n4N<8nilp00`5220,0*50
\s:66,c:1782377505*46\!AIVDM,1,1,,A,13MCgD`P1a7WCa02i?0pkOwH00SB,0*35
\s:66,c:1782377505*46\!AIVDM,1,1,,A,17lohIpP007Lj7H0WgeN4?wJ0HJi,0*0A
\s:66,c:1782377503*40\!AIVDM,1,1,,B,33oT3R0OiJ0m;NvU6005nU1B0000,0*63
\s:66,c:1782377506*45\!AIVDM,1,1,,B,17WK;rh00025eefGHS9@09GL28K4,0*1D
\s:66,c:1782377507*44\!AIVDM,1,1,,B,35BkR601@noSwwhC1N`dSIiJ83eS,0*29
\s:66,c:1782377508*4B\!AIVDM,1,1,,A,1mUARR0005P>D7BE4wdL7PWL0000,0*66
\s:66,c:1782377502*41\!AIVDM,1,1,,A,33uSbD002g0p@G`O=2si10kp0000,0*14
\s:66,c:1782377502*41\!AIVDM,1,1,,B,1815bI@01WWQwOd1jIB`:VOD0@HG,0*67
\s:66,c:1782377501*42\!AIVDM,1,1,,,13lkfH002g77HBus4:Vaaok>053<,0*7D
\s:66,c:1782377498*43\!AIVDM,1,1,,A,14n4W50OhW3Q;2t@:NSFt5c:00SJ,0*64
\s:66,c:1782377505*46\!AIVDM,1,1,,A,17tLqG00007J3980duEu`TsH0D?u,0*41
\s:66,c:1782377506*45\!AIVDM,1,1,,A,16:lk8001T`OlK8F>C4bj8QL0<9O,0*29
\s:66,c:1782377507*44\!AIVDM,1,1,,B,13ku8o@01dMEaPmv:3DTuSwP0D04,0*01
\s:66,c:1782377508*4B\!AIVDM,1,1,,A,16j7?C`0035@Tfh2JgBW;G=>00S3,0*69
\s:66,c:1782377507*44\!AIVDM,1,1,,A,13@q1<0vjk7Sw382@0V`CVUJ8D1i,0*1D
\s:66,c:1782377507*44\!AIVDM,1,1,,A,19NSl1P1ik`kasBAMtFH7FGH2<2B,0*20
\s:66,c:1782377506*45\!AIVDM,1,1,,A,36K3A`hOicajJmhD3pQ2M21H00d0,0*25
\s:66,c:1782377504*47\!AIVDM,1,1,,B,35DfIH50007Jj4h0ghQQ=agB0000,0*08
\s:66,c:1782377502*41\!AIVDM,1,1,,A,402<HmAvad`ka1s:66,0*74
\s:66,c:1782377504*47\!AIVDM,1,1,,,17ld`a00037W4JQto5GN42cF3000,0*23
\s:66,c:1782377501*42\!AIVDM,1,1,0,A,85N7GVQKmiU6N4fE4mLla`1t1QPF,0*1C
\s:66,c:1782377502*41\!AIVDM,1,1,,A,13nLth0PCf0JrePQoTKegJuD053<,0*30
\s:66,c:1782377501*42\!AIVDM,1,1,,A,34eIbth100FcAo0O4>hh051p0000,0*78
\s:66,c:1782377505*46\!AIVDM,1,1,,A,19NSlbP01h1Sn`pDi>2rUpIH053<,0*65
\s:66,c:1782377499*42\!AIVDM,1,1,,A,HCgNfUPQDh@4000000000000000,2*5C
\s:66,c:1782377499*42\!AIVDM,1,1,,A,HCgNfUTNC=D4s6qnjlj0000H6110,0*5B
\s:66,c:1782377504*47\!AIVDM,1,1,,A,13aFeq@P000DLJlMdjKN4?wH053<,0*61
\s:66,c:1782377501*42\!AIVDM,1,1,,B,16K35U@000aiRndD0nubkIC>0<2e,0*13
\s:66,c:1782377501*42\!AIVDM,1,1,,B,35NTHB5000rdf74G@GhJHre>0Dlr,0*2C
\s:66,c:1782377506*45\!AIVDM,1,1,,B,18Lg5NPP007=qih7R>:>46182`KC,0*08
\s:66,c:1782377495*4E\!AIVDM,1,1,,B,13mbHl7000151GvWK`R0;i?R0L0j,0*08
\s:66,c:1782377504*47\!AIVDM,1,1,,A,13`oWT@P00PFKQBMv?Iv4?wH28Iv,0*4C
\s:66,c:1782377505*46\!AIVDM,1,1,,A,18Lg30pP007=chr7NJJ>4?wN2pJH,0*61
\s:66,c:1782377507*44\!AIVDM,1,1,,B,16:5kUP0008LBAP=v?2KwRAN0<3O,0*03
\s:66,c:1782377504*47\!AIVDM,1,1,,A,15N716PP00Jds30G@:;JSwwJ2HJ:,0*5D
\s:66,c:1782377503*40\!AIVDM,1,1,,A,402M4Nivad`ka0qjq@VepegP20S:,0*37
\s:66,c:1782377506*45\!AIVDM,1,1,,A,B7`NoIP00K5bR4qhiusQ0BnUoP06,0*26
\s:66,c:1782377506*45\!AIVDM,1,1,,A,33nP?d00091B@G>WW?MCe`3p0000,0*77
\s:66,c:1782377507*44\!AIVDM,1,1,,A,17ldck0P017LU2N0cpHv4?wN0D<P,0*24
\s:66,c:1782377505*46\!AIVDM,1,1,,B,15RCuf0029WCiIT16W2E8l9J053<,0*42
\s:66,c:1782377507*44\!AIVDM,1,1,,A,14cM6b001oWWI8p2b59ilHIL0D0S,0*05
\s:66,c:1782377507*44\!AIVDM,1,1,,A,H5OC=50ADh<TpD6222222222220,2*68
\s:66,c:1782377148*4B\!AIVDM,1,1,,B,H5OC=54T1=30001G4@mmpp0h522t,0*28
\s:66,c:1782377506*45\!AIVDM,1,1,,A,13Ikwi0000wpVVNLJ4Rruc3J00Rj,0*14
\s:66,c:1782377507*44\!AIVDM,1,1,,B,33`gDj00?w0HHF`NKopf48kNP11P,0*07
\s:66,c:1782377507*44\!AIVDM,1,1,,A,13ohwb3Oh>7K3CR0c@iK4`oJ0@L0,0*0E
\s:66,c:1782377505*46\!AIVDM,1,1,,A,34eIbth100FcAo0O4>hh069p0000,0*73
\s:66,c:1782377505*46\!AIVDM,1,1,,B,B7`BNTh01C<1jTMV2<85Swn7@000,0*64
\s:66,c:1782377508*4B\!AIVDM,1,1,,B,19NSjKP003Qd3SDESQ8W;BKN00SG,0*23
\s:66,c:1782377498*43\!AIVDM,1,1,,A,13aCtR00040pR66O:c`UQ@C:0<3g,0*25
\s:66,c:1782377501*42\!AIVDM,1,1,,B,B5OBFvP01vWm3f3k23IRowlT@000,0*35
\s:66,c:1782377503*40\!AIVDM,1,1,,A,13aGrnP00vPBHt<MgFJTM3QHP0SQ,0*5D
\s:66,c:1782377500*43\!AIVDM,1,1,,A,403t=LAvad`ka`d61lB4diG00@H>,0*29
\s:66,c:1782377504*47\!AIVDM,1,1,,A,17ldSbpP04WM4q80VlN2NwwF253<,0*2C
\s:66,c:1782377503*40\!AIVDM,1,1,,B,H3`qKDDTCBD57WQ@4opoq01@213t,0*61
\s:66,c:1782377504*47\!AIVDM,1,1,,A,402Fhaivad`kdPw`wpGCWSW000S:,0*64
\s:66,c:1782377505*46\!AIVDM,1,1,,A,13cebl0P1LQ1DQDGGK449wwJ0HJj,0*60
\s:66,c:1782377500*43\!AIVDM,1,1,,A,15?dc`001L8liR0CiKVc<q50053<,0*4E
\s:66,c:1782377505*46\!AIVDM,1,1,,B,17lda:?P0v7LiIF0Vng`D?wH2<4N,0*7B
\s:66,c:1782377499*42\!AIVDM,1,1,,B,15NPLrPuiPGNbDNBw;895oC>0HFt,0*1E
\s:66,c:1782377501*42\!AIVDM,1,1,,A,13Ev2oP000w0U7r@CHUJlpQD0000,0*20
\s:66,c:1782377497*4C\!AIVDM,1,1,,B,ENk`v9Ls@@@@@@@@@@@@@@@@@@@=D=H;;LM:@00003vP000,2*45
\s:66,c:1782377505*46\!AIVDM,1,1,,A,402R3dAvad`kd0n7AdQIf9W0053<,0*2E
\s:66,c:1782377504*47\!AIVDM,1,1,,B,16:9Rn001V`f`M2Aj8usRI;@2hIj,0*6F
\s:66,c:1782377507*44\!AIVDM,1,1,,A,1Jp;v2?P00rak;D6AqWre?wF0P00,0*12
\s:66,c:1782377501*42\!AIVDM,1,1,,B,19NSmCh00l12:FtDJ@v1bA?D053<,0*4A
\s:66,c:1782377501*42\!AIVDM,1,1,,A,17ldI80P01aQDEevVjFGUgwB2@HE,0*5F
\s:66,c:1782377504*47\!AIVDM,1,1,,A,13EjGp;P00vh==r8If4f4?wF253<,0*4C
\s:66,c:1782377501*42\!AIVDM,1,1,,B,177RF800B1b?@r4Gm17392Q:053<,0*65
\s:66,c:1782377505*46\!AIVDM,1,1,,B,19902PHP007JHL80da0f4?wF3U3<,0*2F
\s:66,c:1782377500*43\!AIVDM,1,1,,A,13GRCD0P00P:HBJM<S8@0?w@253<,0*16
\s:66,c:1782377506*45\!AIVDM,1,1,,A,1815T4@00J`hvhpA10Su5hGH00So,0*2F
\s:66,c:1782377502*41\!AIVDM,1,1,,B,13c=aV?000PDDDFMd<qc;iwD053<,0*7F
\s:66,c:1782377506*45\!AIVDM,1,1,,B,169??8000a88JC4<uS4LvbKL08KB,0*3F
\s:66,c:1782377505*46\!AIVDM,1,1,,B,1815>i@02Bq>0Cn@kpW=>rTn0HJe,0*3D
\s:66,c:1782377502*41\!AIVDM,1,1,,A,13Hp6mP000P9bC6M;fRKAlAD253<,0*70
\s:66,c:1782377506*45\!AIVDM,1,1,,B,19NSEE@024wpiTBLa1DRnBC<053<,0*6D
\s:66,c:1782377502*41\!AIVDM,1,1,,A,B5Nd3fP005keuS6iE2h<P:N00000,0*0B
\s:66,c:1782377507*44\!AIVDM,1,1,,B,19NSWPP12a8>@GD<VIHqwWuN0@KW,0*2D
\s:66,c:1782377508*4B\!AIVDM,1,1,,A,18Hwcp00007KHM`0diTcsa=L00S=,0*1D
\s:66,c:1782377503*40\!AIVDM,1,1,,A,15UH<D800<3S5VD@9dlUo@3F253<,0*72
\s:66,c:1782377499*42\!AIVDM,1,1,,B,36:9SFU0008VIDHD`T=D;P9<0Dg:,0*36
\s:66,c:1782377499*42\!AIVDM,1,1,,B,13JMd8002qwp67TLfE8J2H1B0@Fm,0*22
\s:66,c:1782377501*42\!AIVDM,1,1,,A,B3HcpM000?tSEtVvw9l000N00000,0*14
\s:66,c:1782377504*47\!AIVDM,1,1,,A,13WaWn?000wVog0DR`b<87UF0000,0*09
\s:66,c:1782377505*46\!AIVDM,1,1,,A,33ABBH001r0o>O`PW2PuArSp0000,0*22
\s:66,c:1782377504*47\!AIVDM,1,1,,A,EvjHDCPT0neHqh9bQ9b0b4WW00004l1a?JQQ800000m000,4*45
\s:66,c:1782377505*46\!AIVDM,1,1,,B,19Goe`0uhj7OUdh1;JQGtF5p1`HJ,0*14
\s:66,c:1782377508*4B\!AIVDM,1,1,,A,1815KdC0013fbiR?06vE4r1P0DG:,0*5E
\s:66,c:1782377502*41\!AIVDM,1,1,,A,13MCCeh00;0=v3>MOIC4ga?>0D3q,0*24
\s:66,c:1782377505*46\!AIVDM,1,1,,B,35S6@N8P003MqFf@S9:<MOwJ02ci,0*14
\s:66,c:1782377507*44\!AIVDM,1,1,,B,19NSo2@01pWJ`;00bgS;waWL0@KE,0*04
\s:66,c:1782377504*47\!AIVDM,1,1,,A,1EQDGJ?P00rB?PL5F3k>4?vr2000,0*2E
\s:66,c:1782377504*47\!AIVDM,1,1,,A,B7mF<`@00:6;vtOpKpIwCwP4kP06,0*06
\s:66,c:1782377506*45\!AIVDM,1,1,,B,B7`dCV000;810CJfefgQ3wo5l000,0*6B
\s:66,c:1782377501*42\!AIVDM,1,1,,B,B3E`cGP0GOfA<M41lkFN7wkUoP06,0*26
\s:66,c:1782377501*42\!AIVDM,1,1,,B,19NSQU@023wcGjTDWk>3L2s>0@G`,0*39
\s:66,c:1782377501*42\!AIVDM,1,1,,A,D03Ovi13mN>4f4fGLfpNfp0,2*59
\s:66,c:1782377504*47\!AIVDM,1,1,,A,13IJ8TP00002Lf:LCgotWioF053<,0*57
\s:66,c:1782377504*47\!AIVDM,1,1,,B,1:U8ws`P0tu?aUipUqrkh?wF20S>,0*60
\s:66,c:1782377504*47\!AIVDM,1,1,,A,1815HK031VO?hc6BE29pGFgJ0<06,0*5B
\s:66,c:1782377505*46\!AIVDM,1,1,,A,1815BVP01=8K8IhFDrL6OU?L0D:f,0*72
\s:66,c:1782377506*45\!AIVDM,1,1,,B,19:q6>@P000n8Rou@j7rf?wH0@Jr,0*11
\g:1-2-5199019,s:66,c:1782377506*0B\!AIVDM,2,1,9,B,54i4FV80?Gke`<TOP00lttq<P4@uL0000000000U2PG36=c706hPDPiC,0*1A
\g:2-2-5199019*61\!AIVDM,2,2,9,B,3kP@00000000000,2*66
\s:66,c:1782377504*47\!AIVDM,1,1,,B,B6::kUP002;gCwTHIRl03wlVSP06,0*45
\s:66,c:1782377504*47\!AIVDM,1,1,,B,33A2r0001t0e9bBN`m2l:3GJ06oC,0*2E
\s:66,c:1782377504*47\!AIVDM,1,1,,B,144bLcSOi1P5Nc4E9hLbb`=H0@J@,0*56
\s:66,c:1782377504*47\!AIVDM,1,1,,B,H70`joPE<<50D00000000000000,2*59
\s:66,c:1782377504*47\!AIVDM,1,1,,B,H70`joTU7B=40055C3@lkh3h5524,0*70
\s:66,c:1782377501*42\!AIVDM,1,1,,A,H3mnaCPl4hiT000000000000000,2*13
\s:66,c:1782377501*42\!AIVDM,1,1,,B,H3mnaCTNC=D5t3a<4kjnn00@6210,0*00
\s:66,c:1782377502*41\!AIVDM,1,1,,B,13cddASP08PV2k@F@l`m4OwD253<,0*36
\s:66,c:1782377501*42\!AIVDM,1,1,,A,33l9:nP003wWN?`Dd4ff42=B20sP,0*39
\s:66,c:1782377504*47\!AIVDM,1,1,,A,37P1g1001I:l1V5d`dH=S:kF00q1,0*78
\s:66,c:1782377501*42\!AIVDM,1,1,,B,169ULkP01O8j=P@AukjepPA>0<`P,0*3B
\s:66,c:1782377505*46\!AIVDM,1,1,,B,13:pw4001U:jaa@AUPs:66,0*55
\s:66,c:1782377506*45\!AIVDM,1,1,,A,15CqbH0P13rCgfR58@8b5wwJ2HK5,0*56
\s:66,c:1782377501*42\!AIVDM,1,1,,A,13erk`0v1F:e6@=kwsipUFTr08HC,0*5D
\s:66,c:1782377506*45\!AIVDM,1,1,,A,16=<uJ002BWE3h`11KIlP3WF08KM,0*54
\s:66,c:1782377506*45\!AIVDM,1,1,,A,D02R3Hi6DO6DP@Nfp0,4*13
\s:66,c:1782377501*42\!AIVDM,1,1,,B,16:52T000q8f`L<AosP:p8i>053<,0*66
\s:66,c:1782377506*45\!AIVDM,1,1,,,13=p=F001rJLKVD<hnDTqSqp0000,0*46
\s:66,c:1782377502*41\!AIVDM,1,1,,A,13aGu;hP00PDJqVMdPuQhgw<2D5Q,0*06
\s:66,c:1782377506*45\!AIVDM,1,1,,A,B3P=BB@00`PcL75A<2L000N00000,0*2A
\s:66,c:1782377508*4B\!AIVDM,1,1,,A,35Ton01001JSRivEC;`JHn9F0000,0*5F
\s:66,c:1782377505*46\!AIVDM,1,1,,A,13mN1J0000PIl:@Sbu7J39sH0@JA,0*00
\s:66,c:1782377505*46\!AIVDM,1,1,,B,1815LLh3RPWLCjn0eKFC82cF0D<P,0*01
\s:66,c:1782377505*46\!AIVDM,1,1,,B,33=RFr1001vnH78:@uE`EIcN0Dg:,0*03
\s:66,c:1782377505*46\!AIVDM,1,1,,A,33cp5>5=@00d2pLGMCfMB?wJ0000,0*3E
\s:66,c:1782377506*45\!AIVDM,1,1,,B,39GoeaP000NqI<p@6e?6f5WL064S,0*6A
\s:66,c:1782377497*4C\!AIVDM,1,1,,B,B3HRedP08wt8?R6lI2s4cwjUl000,0*50
\s:66,c:1782377501*42\!AIVDM,1,1,,A,H3uHa7TU0000000000000000;220,0*3C
\s:66,c:1782377505*46\!AIVDM,1,1,,A,19NSp>@0RB7@e3D1N3tLRr1F0HJN,0*27
\s:66,c:1782377497*4C\!AIVDM,1,1,,A,14eGDB0P00sM3n6ISNhJ?5=:08Eo,0*6B
\s:66,c:1782377497*4C\!AIVDM,1,1,,A,33`miO@0000J1LLNEmu0001p0000,0*54
\s:66,c:1782377501*42\!AIVDM,1,1,,A,B3pw7nP008EOFpWigu4E@AN00000,0*7F
\s:66,c:1782377506*45\!AIVDM,1,1,,B,1815ce0wjD`latjA6t`oCUeL0<3W,0*6F
\s:66,c:1782377506*45\!AIVDM,1,1,,A,155Ad2UOhe3m`hN>@:IuDJgJ0<3K,0*20
\s:66,c:1782377505*46\!AIVDM,1,1,,A,35N5pVd01=JRihFE;2jqJWSp0000,0*13
\s:66,c:1782377506*45\!AIVDM,1,1,,A,23ku;qE1h1W`nEt69uh7r1wH0<3w,0*27
\s:66,c:1782377506*45\!AIVDM,1,1,,A,16:Lw;P01s8fjMhA7G1S?RSJ053<,0*05
\s:66,c:1782377501*42\!AIVDM,1,1,,A,H3m:;8TU0000000<4khqh00`9410,0*46
\s:66,c:1782377502*41\!AIVDM,1,1,,A,13:teF0vBi7>U3T1W>fsGa9@08I0,0*7C
\s:66,c:1782377503*40\!AIVDM,1,1,,,17ldat8Oh87huHGtIjtrca9F0000,0*52
\s:66,c:1782377503*40\!AIVDM,1,1,,A,B3KQWFh000Lij78W9P802@N00000,0*7E
\s:66,c:1782377504*47\!AIVDM,1,1,,A,37ldat8Oh87huH9tIju:bq;J00oP,0*06
\s:66,c:1782377505*46\!AIVDM,1,1,,A,13`m1i0P0=PWqaNNIHO0v?wJ253<,0*09
\s:66,c:1782377505*46\!AIVDM,1,1,,A,36tMo:001pSbn;H?DFdu?:SL031Q,0*77
\s:66,c:1782377503*40\!AIVDM,1,1,,A,3:U77S0002u?eSmpU99M@nQB00f3,0*3A
\s:66,c:1782377504*47\!AIVDM,1,1,,A,19NSOf3P003O@7L@5pJoWOwH053<,0*33
\s:66,c:1782377505*46\!AIVDM,1,1,,A,13cwJG0P0012D16G?kMd@?wH0000,0*67
\s:66,c:1782377507*44\!AIVDM,1,1,,B,15Sdu2002VL`d2GihPKQsAWN0L09,0*1D
\s:66,c:1782377507*44\!AIVDM,1,1,,A,13o>TR00000J39BSc5`2=AIL0D13,0*19
\g:1-2-5199020,s:66,c:1782377508*0F\!AIVDM,2,1,0,A,56:MKq80@OTP944GJ220PDpN0QDV373:2222221B9HF78=dR0:BSj3lW,0*31
\g:2-2-5199020*6B\!AIVDM,2,2,0,A,l4p888888888880,2*34
\s:66,c:1782377507*44\!AIVDM,1,1,,,17ldat80097huH1tIjt:a99N0000,0*18
\s:66,c:1782377501*42\!AIVDM,1,1,,A,402:Mi1vad`k`0Ekm2HnIHwP2HHQ,0*05
\s:66,c:1782377502*41\!AIVDM,1,1,,A,13mOS47011QFqwFWo2IQoiID0D1I,0*24
\s:66,c:1782377505*46\!AIVDM,1,1,,A,16Sh=aPP009=1KVD6wfU2gwIr53<,0*7B
\s:66,c:1782377505*46\!AIVDM,1,1,,A,16:EeeP00p7JwCh0a=<AQiED00Ri,0*4C
\s:66,c:1782377506*45\!AIVDM,1,1,,A,39NSlti003M?:bUpOWUmTB?T0Dg:,0*08
\s:66,c:1782377506*45\!AIVDM,1,1,,B,169@`g00038fokPAP2>QTQgB0L8c,0*1E
\s:66,c:1782377503*40\!AIVDM,1,1,,B,38I?5<5wh0`e=CDAtCR4eTO@0Dg:,0*73
\s:66,c:1782377505*46\!AIVDM,1,1,,B,19NSR1P02`OMTwJDiGNKDHuF0@JH,0*28
\s:66,c:1782377501*42\!AIVDM,1,1,,A,370H2p800:SQ<>@@<4KmlhKB20ph,0*23
\s:66,c:1782377505*46\!AIVDM,1,1,,A,371Ga<0v0tSntwj>9;2Jv8mL02mi,0*72
\s:66,c:1782377504*47\!AIVDM,1,1,,B,170H2p800ASQ<>P@<4Gmr0KJ2<8E,0*62
\s:66,c:1782377498*43\!AIVDM,1,1,,B,13l9;wgP02Q2bslDPPkF=?w<28Fk,0*12
\s:66,c:1782377504*47\!AIVDM,1,1,,A,19NSjt@0B1`V1=rF6gCkfRu@08IW,0*4E
\s:66,c:1782377504*47\!AIVDM,1,1,,B,19NSsfP0R90hrKVELb:4;SED0D4l,0*39
\s:66,c:1782377502*41\!AIVDM,1,1,,A,13bgkL0P00PG2BFNBVhh0?wD20Rr,0*03
\s:66,c:1782377502*41\!AIVDM,1,1,,B,198Vi=@01o0=F?lEMHEk9RQF0D3O,0*3B
\s:66,c:1782377502*41\!AIVDM,1,1,,A,4023QvQvad`kb11Ta`DUEn7000S:,0*4E
\s:66,c:1782377500*43\!AIVDM,1,1,,A,16:EVLP02;`dAPJ?:jd`@VU<08Gb,0*4B
\s:66,c:1782377502*41\!AIVDM,1,1,,A,402M4rAvad`ka1LiP0`2@H7P0@Hd,0*56
\s:66,c:1782377505*46\!AIVDM,1,1,,A,13@o3bo0000hLJ`Q1V@bHSSL00S6,0*4E
\s:66,c:1782377504*47\!AIVDM,1,1,,A,B69PMSP0<8:t6d0RF@:8own42000,0*7B
\s:66,c:1782377505*46\!AIVDM,1,1,,A,16:>KWP0238gAVnAmkETtCsJ0@Ir,0*6D
\s:66,c:1782377504*47\!AIVDM,1,1,,B,B6:IIH00Eb;PFP4B<k0oLdN021Mk,0*74
\s:66,c:1782377504*47\!AIVDM,1,1,,B,B3EaAfP0Rh1WsB5RefAeOwmWt000,0*5C
\s:66,c:1782377507*44\!AIVDM,1,1,,A,33;dD>?OhS2vWr4H82r06RWH00u@,0*53
\s:66,c:1782377500*43\!AIVDM,1,1,,B,HCgrsAQ=@4@58ET000000000000,2*4F
\s:66,c:1782377500*43\!AIVDM,1,1,,B,HCgrsATN3?=1B00olmp0000@6220,0*09
\s:66,c:1782377504*47\!AIVDM,1,1,,A,13KEV@001>0vNnfDpe7;haKJ0D7f,0*43
\s:66,c:1782377502*41\!AIVDM,1,1,,A,14SjoJ001mJh5vRG6uACnk3F0HHq,0*67
\s:66,c:1782377503*40\!AIVDM,1,1,,A,13PfDh000>07rEjNTO=FETMD053<,0*56
\s:66,c:1782377505*46\!AIVDM,1,1,,A,15?dSCB0?w<tSF0l4Q@>4;9v0PSp,0*4A
\s:66,c:1782377507*44\!AIVDM,1,1,,A,13aSQ6P001PCTOTMHK>i@puN053<,0*54
\g:1-2-5199021,s:66,c:1782377501*07\!AIVDM,2,1,1,A,53ITeJ42H0:tH4cSOS0DpE`U`00000000000000t10B2500004@TQB0E,0*22
\g:2-2-5199021*6A\!AIVDM,2,2,1,A,;@DPkmADm000000,2*14
\s:66,c:1782377506*45\!AIVDM,1,1,,A,17loebC001WL`N@0ftfPU`?L053<,0*7B
\s:66,c:1782377507*44\!AIVDM,1,1,,B,138Do:002FJ>B5p9u<v:;`=N0@Ks,0*55
\s:66,c:1782377508*4B\!AIVDM,1,1,,B,19ACI4g2002CumDApb=WR0ON2D2e,0*51
\s:66,c:1782377508*4B\!AIVDM,1,1,,B,37P@5H0P@5:u<cKhF<fDk07P00e@,0*2B
\s:66,c:1782377507*44\!AIVDM,1,1,,A,ENjVGRS12TW4W3aUPV;2W000000@;=lK@ue@h00000G>MP,4*22
\s:66,c:1782377505*46\!AIVDM,1,1,,A,1:U78r@000M8lbOkkT>:lc?L0000,0*6D
\s:66,c:1782377503*40\!AIVDM,1,1,,B,13KFjF000u1PKMFRWus7;5t00000,0*1C
\s:66,c:1782377501*42\!AIVDM,1,1,,A,13aJHJ8P0gPGc7rNPOvluOw@2D2w,0*76
\s:66,c:1782377504*47\!AIVDM,1,1,,B,133ppqPP00PBamfMfg9N4?wH28J7,0*65
\s:66,c:1782377504*47\!AIVDM,1,1,,B,B3=2TC@000@WPI58S:ahWwmUCP06,0*52
\s:66,c:1782377505*46\!AIVDM,1,1,,B,33Iq?D000oWhFhL9?o1JWHSF026h,0*20
\s:66,c:1782377503*40\!AIVDM,1,1,,A,17m3v@hP01WaWe?tQ<JeSOwH2<36,0*54
\s:66,c:1782377503*40\!AIVDM,1,1,,A,DP2IPHPflffp,0*7B
\s:66,c:1782377497*4C\!AIVDM,1,1,,A,13m9ja0P00PL1BNSgg5>4?w:28Ep,0*1B
\s:66,c:1782377502*41\!AIVDM,1,1,,B,24aO06002B`eu8BAlj6KtIS>08Gi,0*3D
\s:66,c:1782377505*46\!AIVDM,1,1,,A,168upP801a88Iih<veqVK5SH0D3j,0*1C
\s:66,c:1782377504*47\!AIVDM,1,1,,A,352kGJ5P00J:jBjAS`sv4?wHPE:J,0*05
\s:66,c:1782377505*46\!AIVDM,1,1,,A,16::5C0P008hSp@AJg6;5?wH0@N:,0*54
\s:66,c:1782377501*42\!AIVDM,1,1,,B,18VH?T0ui3SQD<6@@E23>RMD0HHR,0*49
\s:66,c:1782377505*46\!AIVDM,1,1,,A,E>k`sooHr@@@@@@@@@@@@@@@@@@=C<e1;DTCp00003vP100,2*37
\s:66,c:1782377506*45\!AIVDM,1,1,,A,14eGrWh01Rr6dDvHVaHH9nGL0@K6,0*23
\s:66,c:1782377499*42\!AIVDM,1,1,,B,14aRv6@00qW?Fb81m>v5JTK<08G7,0*26
\s:66,c:1782377503*40\!AIVDM,1,1,,A,33lLi`000812WeNDP2=P001p0000,0*72
\s:66,c:1782377501*42\!AIVDM,1,1,,A,402R3Wivad`ka0tgk6OgcCG00D7=,0*29
\s:66,c:1782377502*41\!AIVDM,1,1,,A,13lLi`0P0912WePDP2=f4?wD2<0e,0*1B
\s:66,c:1782377505*46\!AIVDM,1,1,,B,19@2`IA0013O=::@u?e=gWID0U3<,0*42
\s:66,c:1782377506*45\!AIVDM,1,1,,A,15D3KH?P00rBAOj5Fshme?wL2<6m,0*5C
\s:66,c:1782377506*45\!AIVDM,1,1,,A,B8I07n00HAnkSnP;Rddt?wo5kP06,0*2F
\s:66,c:1782377506*45\!AIVDM,1,1,,A,13Qi6<300l0Mvp`Ns7DHLFK400SI,0*3B
\s:66,c:1782377503*40\!AIVDM,1,1,,A,4P2IPHQvad`kbvSJhTUeiMW000S:,0*23
\s:66,c:1782377503*40\!AIVDM,1,1,,A,15N1LdPP00oWH@@BfFe>4?wD2000,0*06
\s:66,c:1782377506*45\!AIVDM,1,1,,B,B3IN9J00=gt7<h6l5a5T=>iUl000,0*61
\s:66,c:1782377508*4B\!AIVDM,1,1,,A,177h7i001lPPGodNw78kK2iJ053<,0*3D
\s:66,c:1782377507*44\!AIVDM,1,1,,A,15N5W40P00r;FoVAI1PPwOwN2000,0*56
\s:66,c:1782377505*46\!AIVDM,1,1,,A,33nFJj00001Fke6WnbCB<35p0000,0*71
\s:66,c:1782377508*4B\!AIVDM,1,1,,B,13aFdWPP00PCm<bMFFbP0?wP20S4,0*21
\g:1-2-5199022,s:66,c:1782377507*02\!AIVDM,2,1,2,B,55D3KH400000Q3??OR0@Ttl5:22222222222221610J35t0Ht0000000,0*18
\g:2-2-5199022*69\!AIVDM,2,2,2,B,000000000000000,2*25
\s:66,c:1782377507*44\!AIVDM,1,1,,A,B6:c9@P0:R22@1S@`v75RMnSQP06,0*29
\s:66,c:1782377506*45\!AIVDM,1,1,,B,177nWo@P0W`;ONP<nqfm5?wJ2<0W,0*49
\s:66,c:1782377506*45\!AIVDM,1,1,,A,35NLDHP01;JSEpDEHWEuh;1p0000,0*54
\s:66,c:1782377507*44\!AIVDM,1,1,,A,H3ak8`0h4pLuU=Dp@0000000000,2*34
\s:66,c:1782377507*44\!AIVDM,1,1,,A,H3ak8`4U4I138D0@4B@000000000,0*1B
\s:66,c:1782377496*4D\!AIVDM,1,1,,B,B6:`0h@00:;7jg4NN1CDswjT2000,0*12
\s:66,c:1782377504*47\!AIVDM,1,1,,B,38;>tn5P008ae@r8FtqS2gwH2000,0*1A
\s:66,c:1782377501*42\!AIVDM,1,1,,A,338Qs600ia7Q2K<1Gn1Pp0eB00@i,0*16
\s:66,c:1782377505*46\!AIVDM,1,1,,B,13P;BRhP01wrs:66,0*5B
\s:66,c:1782377505*46\!AIVDM,1,1,,B,133ugp0P00PCN7bMHWStVgwL2D<i,0*42
\s:66,c:1782377504*47\!AIVDM,1,1,,B,15@`Gn0P@k8fd8`A6wg`I5qJ08Is,0*73
\s:66,c:1782377496*4D\!AIVDM,1,1,,B,169FlDPP008fJI0A=BrMfww20<5a,0*15
\s:66,c:1782377503*40\!AIVDM,1,1,,A,38?OAv@P@5:QFbqrVR@:qQMF01t0,0*53
\s:66,c:1782377505*46\!AIVDM,1,1,,B,16:HSN001J`iFc0A5pGVlmG@08Gi,0*1F
\s:66,c:1782377505*46\!AIVDM,1,1,,B,16;N3h001F`gSn`AlQMcmaMH00Rh,0*40
\s:66,c:1782377504*47\!AIVDM,1,1,,,B5Nv16P00=kFks6fkfJpKwmUWP06,0*15
\s:66,c:1782377505*46\!AIVDM,1,1,,B,3348080000P@GANMKkBba4U>00vP,0*2C
\s:66,c:1782377503*40\!AIVDM,1,1,,B,I8;2:p2iFwF1eb8;qNwdFAGqG6c<,0*3D
\s:66,c:1782377507*44\!AIVDM,1,1,,A,16:>N<S00n8g2M:AnwjE0SwL08KT,0*48
\s:66,c:1782377502*41\!AIVDM,1,1,,A,33mt?000000IrK<Sci=@Kawp0000,0*45
\s:66,c:1782377498*43\!AIVDM,1,1,,B,13l3oO@01gwnV10Le;FIuos90@FA,0*0A
\s:66,c:1782377505*46\!AIVDM,1,1,,A,36:BbB10018gGaJA8DP=OBsJ0000,0*2C
\s:66,c:1782377501*42\!AIVDM,1,1,,A,33Umij0Oh01RVM8EmCn0001p0000,0*0E
\s:66,c:1782377503*40\!AIVDM,1,1,,B,16;LJB002a6@h2l3K;LJQpQD08Hm,0*12
\s:66,c:1782377504*47\!AIVDM,1,1,,B,13=?oD001rWcE`f:lOguqK3J0D3`,0*55
\s:66,c:1782377504*47\!AIVDM,1,1,,B,36:dv>i00T`VAj0DK8j:B8?F010h,0*1B
\s:66,c:1782377504*47\!AIVDM,1,1,,B,19NStkP02GPfA<pQgHE=JJaF2HIa,0*72
\s:66,c:1782377504*47\!AIVDM,1,1,,A,16:;H<02@0`Phf>ElJS2BrGp0t5K,0*19
\s:66,c:1782377504*47\!AIVDM,1,1,,A,B5NVg40006mu9kR`E1hM1rN00000,0*08
\s:66,c:1782377501*42\!AIVDM,1,1,,A,38HtbB50008e`pDA8s34gIO80Dg:,0*40
\s:66,c:1782377504*47\!AIVDM,1,1,,A,H5NVg4118EAAV0iD<eT00000000,2*29
\s:66,c:1782377504*47\!AIVDM,1,1,,A,H5NVg4400000000G4>pilp000550,0*6C
\s:66,c:1782377508*4B\!AIVDM,1,1,,A,17likkhP0u7LG5d0dT6:PgwL053<,0*3F
\s:66,c:1782377508*4B\!AIVDM,1,1,,A,39u:Uki0017aE>5tSsc5S1kLPDdJ,0*60
\s:66,c:1782377508*4B\!AIVDM,1,1,,B,38I03Ag5h<WJ>2F0dje;gOwL00hP,0*3F
\s:66,c:1782377501*42\!AIVDM,1,1,,A,B5O<d8000N`c9v5AGg8tmADQjEe:,0*1D
\s:66,c:1782377505*46\!AIVDM,1,1,,B,1:LQfkh000L0rmucqgAJ9JqF053<,0*40
\s:66,c:1782377502*41\!AIVDM,1,1,,B,169GFMSP008ahsP8D5OMnOwB0@Hg,0*46
\s:66,c:1782377498*43\!AIVDM,1,1,,B,14S<ml000tWPAwn1E<47<Ek:0HF;,0*33
\s:66,c:1782377505*46\!AIVDM,1,1,,B,18HwmhQ00V7Kdo80fVp<9qqF0DDB,0*1F
\s:66,c:1782377505*46\!AIVDM,1,1,,B,16:eA<000``VrifBBUSSF?wF0000,0*06
\s:66,c:1782377496*4D\!AIVDM,1,1,,A,13M@W500010pSd`O;ss`GS=40<16,0*5F
\s:66,c:1782377502*41\!AIVDM,1,1,,B,13Efqn?P08wUevhDSwUf4?wD20RD,0*5A
\s:66,c:1782377503*40\!AIVDM,1,1,,A,D02IPC@flffp,0*00
\s:66,c:1782377502*41\!AIVDM,1,1,,B,18;0NB0vh08afvH8ETh6rVcn0<1V,0*01
\s:66,c:1782377498*43\!AIVDM,1,1,,B,18Hw6W?P00SOVH0@9Qc=k?w:2HFa,0*1D
\s:66,c:1782377504*47\!AIVDM,1,1,,B,13=pLv003jOVFwlDV<q1vAS>00S3,0*19
\s:66,c:1782377500*43\!AIVDM,1,1,,B,13bn=V0Oj40BIR6MKJq5047@0@Hc,0*1E
\s:66,c:1782377502*41\!AIVDM,1,1,,B,B8SQ8;@04qrEL<1NR0=3swl73P06,0*05
\s:66,c:1782377501*42\!AIVDM,1,1,,B,176vv4002=7u3fJ9eT8Gk6A>08H2,0*54
\s:66,c:1782377502*41\!AIVDM,1,1,,A,13WLsg0P00OUJk@DNii>4?wD0D13,0*4A
\s:66,c:1782377503*40\!AIVDM,1,1,,A,35NB=5000SJR;QnF?E:Pe0Up0000,0*7D
\s:66,c:1782377500*43\!AIVDM,1,1,,A,403OK@iuJl`k`rR1DPFCLtg0253<,0*63
\s:66,c:1782377504*47\!AIVDM,1,1,,B,13P;Ct?P000LDCTO72cPmOwF0<:9,0*5E
\s:66,c:1782377504*47\!AIVDM,1,1,,B,1815StP029JSWdbEQo4UM4GH0<0n,0*12
\s:66,c:1782377504*47\!AIVDM,1,1,,A,15NB=50P0TrR;QlF?E:PeOwH0<0T,0*2F
\s:66,c:1782377504*47\!AIVDM,1,1,,A,16:H:j001f8k7d@AINEP2PAD053<,0*2A
\s:66,c:1782377504*47\!AIVDM,1,1,,A,16:MQoPP@08VBAHDVGH30EAB00S7,0*01
\s:66,c:1782377501*42\!AIVDM,1,1,,A,B3`kd@h0?p5?B87Qbg<33wl1l53<,0*3C
\s:66,c:1782377504*47\!AIVDM,1,1,,B,148e2T0v1@wdfpvDBqEdTJEp0HJ=,0*2D
\s:66,c:1782377505*46\!AIVDM,1,1,,A,15N84mPP00GRbm@CDQit0gwL2L2B,0*7E
\s:66,c:1782377505*46\!AIVDM,1,1,,A,33GQO4hOkQP=:=2FJ:G<wJKF00RP,0*71
\s:66,c:1782377502*41\!AIVDM,1,1,,A,13m65kPP00PIkQ>Sc1RGgwwD2@I1,0*01
\s:66,c:1782377503*40\!AIVDM,1,1,,B,15NQfQ0000rROLjE5jIp`K9H00S;,0*51
\s:66,c:1782377503*40\!AIVDM,1,1,,B,13`ic4h000PHf3BNFi5f48EDR0Rn,0*4F
\s:66,c:1782377502*41\!AIVDM,1,1,,A,133h=lP00kPD<<bMdUo2lRC>0@Hf,0*5F
\s:66,c:1782377505*46\!AIVDM,1,1,,A,13Ip`@010hOVd0dDU2vamoqJ00RD,0*56
\s:66,c:1782377499*42\!AIVDM,1,1,,B,13gk?5g000NJF6DUKrN8V6U>053<,0*5D
\s:66,c:1782377507*44\!AIVDM,1,1,,A,18Lg9<0P?w<tSF0l4Q@>4?wv0`Kq,0*53
\s:66,c:1782377502*41\!AIVDM,1,1,,B,15IBTV0000KVW0L5pRj`V3qD00SK,0*4B
\s:66,c:1782377505*46\!AIVDM,1,1,,A,33V`0`005A1d9uFFLG34i3ip0000,0*62
\s:66,c:1782377501*42\!AIVDM,1,1,,A,13th=F002O0qT0LOHieQ:@q<00S<,0*55
\s:66,c:1782377502*41\!AIVDM,1,1,,B,13@njbP01=0nu9FOK2pdhJ?D053<,0*48
\s:66,c:1782377505*46\!AIVDM,1,1,,B,13th=F002O0qT7bOHjW1:PqH053<,0*2F
\s:66,c:1782377498*43\!AIVDM,1,1,,B,13oPpJ7P0fQsmbP`c101Kgwv0D0D,0*70
\s:66,c:1782377501*42\!AIVDM,1,1,,B,13ku;sh01POM=L4K7v7Wr6ID0D0A,0*29
\s:66,c:1782377502*41\!AIVDM,1,1,,,17ldaMhP@:6sMRj7NH3JHGcB0000,0*51
\s:66,c:1782377502*41\!AIVDM,1,1,,A,37ldaMhP@96sMRj7NH3JhWcB02=h,0*76
\s:66,c:1782377507*44\!AIVDM,1,1,,A,13oPpJ7P0iQsmi4`c1J1K?wv0@KU,0*5F
\s:66,c:1782377502*41\!AIVDM,1,1,,B,33HjOCgP@;Og62lJTo:rHTwB01:A,0*6D
\s:66,c:1782377503*40\!AIVDM,1,1,,B,15N9wuU000rds5fGAdud6IG@0000,0*0C
\s:66,c:1782377504*47\!AIVDM,1,1,,A,13aI9cSP00PEqItNC56N4?wF2<1I,0*00
\s:66,c:1782377505*46\!AIVDM,1,1,,B,1815BgPw1pQ3bSnDep;4=kE>0<4;,0*26
\s:66,c:1782377503*40\!AIVDM,1,1,,A,35?dcW001G8iwnf@jOk@f@i800;S,0*46
\s:66,c:1782377508*4B\!AIVDM,1,1,,B,ENk`sWv`2h@@@@@@@@@@@@@@@@@=8eWP7MhAH00003vP000,2*56
\s:66,c:1782377508*4B\!AIVDM,1,1,,B,13P7n=P02r09jI<M=N;l>CML0@L=,0*31
\s:66,c:1782377508*4B\!AIVDM,1,1,,A,160mAL@01hrRBgTFG06v1P3F0000,0*6C
\s:66,c:1782377506*45\!AIVDM,1,1,,A,339la<POh1PVCK<NJu:2`lsH01r@,0*27
\s:66,c:1782377502*41\!AIVDM,1,1,,B,139la<POh1PVCK8NJu9jR4s@0D2e,0*0B
\s:66,c:1782377506*45\!AIVDM,1,1,,,18I8q650@0wVnt@DRPA=>AIJ1000,0*11
\s:66,c:1782377502*41\!AIVDM,1,1,,A,16K2qg001R9C<9LC>NVRe23B0000,0*0F
\s:66,c:1782377501*42\!AIVDM,1,1,,B,169Fr1gP00WeBR2:ae9f4?wB2D1H,0*69
\s:66,c:1782377504*47\!AIVDM,1,1,,B,19NS9JOP00Q2KsvDR;ElF?wD053<,0*35
\s:66,c:1782377503*40\!AIVDM,1,1,,A,14h@3E022;IUF=L7Ht5T;kMH8<04,0*62
\s:66,c:1782377504*47\!AIVDM,1,1,,A,169Ad7P01u8pGF:C0oAPp@cJ00Re,0*7E
\s:66,c:1782377500*43\!AIVDM,1,1,,A,1:pE<8sP00JVAnV5tn0`Dww<2<1u,0*17
\s:66,c:1782377502*41\!AIVDM,1,1,,B,13GQ3U@000wW5dpDcHQN45gD2HHq,0*37
\s:66,c:1782377505*46\!AIVDM,1,1,,B,17Of;@P000:l4:1jHdfp671J0HJI,0*29
\s:66,c:1782377504*47\!AIVDM,1,1,,A,16tPS2001@Sgfw>>fdSnbECJ0@J1,0*2A
\s:66,c:1782377500*43\!AIVDM,1,1,,A,C3HoiD00008:m96?Oi`D<@00`2L2>T30Bd0000000000B0H31120,0*15
\s:66,c:1782377506*45\!AIVDM,1,1,,B,13@4:H0000Pdwp6N`sL2d37J08K4,0*5A
\g:1-2-5199023,s:66,c:1782377500*04\!AIVDM,2,1,3,A,A03n9rhM6pOwp0@D`SUV6wN@4BL:vPOt<PSvvge:5h43wHPB0cHCe085,0*7C
\g:2-2-5199023*68\!AIVDM,2,2,3,A,p?5`70GFv0:b,0*17
\s:66,c:1782377505*46\!AIVDM,1,1,,A,17P=T30PCo:a;`GlJav4JSSJ0<0n,0*76
\s:66,c:1782377505*46\!AIVDM,1,1,,A,33ku:Tm000NqK40@6:0l7s=H0lpr,0*04
\s:66,c:1782377505*46\!AIVDM,1,1,,A,137tHh31PV2nC:MuaQL0pRsF0@J=,0*02
\s:66,c:1782377507*44\!AIVDM,1,1,,A,19NShjH02W71TJ039TucBa1B0@Kr,0*55
\s:66,c:1782377502*41\!AIVDM,1,1,,A,36:EwJ0OiN8itphAl4I6rEC@0001,0*57
\s:66,c:1782377504*47\!AIVDM,1,1,,A,13ku0>P01i8mHvLAGd?SNRkH0D1`,0*3F
\s:66,c:1782377506*45\!AIVDM,1,1,,A,18I99P0w@I2nTsKuPT?PUSUJ0L0N,0*4D
\s:66,c:1782377505*46\!AIVDM,1,1,,A,13eMir@P1DQ2H5PDSlVLPOwJ253<,0*77
\s:66,c:1782377507*44\!AIVDM,1,1,,A,13RFr70P00Qd44VEef2CdwwL2<3u,0*21
\s:66,c:1782377507*44\!AIVDM,1,1,,B,19NSbwP1QhqfUJL>m1e6:55@00Rb,0*42
\s:66,c:1782377508*4B\!AIVDM,1,1,,B,19NSnhhw1?07`MNMbcSEJlEL0@LC,0*49
\s:66,c:1782377502*41\!AIVDM,1,1,,A,401r4P1vad`kF8isQ<ATbk101P06,0*3F
\s:66,c:1782377506*45\!AIVDM,1,1,,A,B3ce3?P0;0:eSe5VR??7KwnQj40i,0*5D
\s:66,c:1782377508*4B\!AIVDM,1,1,,B,13aFgJ?P00PHfqtNFo<>4?wP253<,0*78
\s:66,c:1782377506*45\!AIVDM,1,1,,B,B39RjRP0?`04uW77bqn`owo5oP06,0*78
\s:66,c:1782377508*4B\!AIVDM,1,1,,A,19NSrJ030C0<9jtMKnqnKUSL0@LC,0*59
\s:66,c:1782377501*42\!AIVDM,1,1,,A,35N:i45000JQpWBFCASnI:CD0000,0*7F
\s:66,c:1782377504*47\!AIVDM,1,1,,B,19NSntPtRDwCCo>E<Fj1f1IF08Im,0*2E
\s:66,c:1782377504*47\!AIVDM,1,1,,B,405NIjD47wP017`PkB;s1uo00`JB,0*3D
\s:66,c:1782377498*43\!AIVDM,1,1,,B,H5NQrgPHE=@Tp60hDq@D0000000,2*3B
\s:66,c:1782377499*42\!AIVDM,1,1,,B,H5NQrgTT4I138D0G47nlnn185050,0*2E
\s:66,c:1782377502*41\!AIVDM,1,1,,A,13Gk2@003D0F2pFF9Lp6imM@88HS,0*18
\s:66,c:1782377506*45\!AIVDM,1,1,,B,13Ie6h0000weWCP31gcAi6AJ0<23,0*1D
\s:66,c:1782377506*45\!AIVDM,1,1,,A,1389dD001NQajS2FG30kajuJ0d0B,0*3A
\s:66,c:1782377503*40\!AIVDM,1,1,,B,E>mWQCO1rP00000000000000000Clmn72uIf`10888P010,4*55
\s:66,c:1782377507*44\!AIVDM,1,1,,A,402AaGQvad`kfQ?Nw4HUF;o00t4S,0*47
\s:66,c:1782377506*45\!AIVDM,1,1,,A,33ku:40004135<nDDQLUKUep0000,0*14
\s:66,c:1782377505*46\!AIVDM,1,1,,B,169Gmr001m8cWiP?S5r`?VQF0D0c,0*38
\s:66,c:1782377504*47\!AIVDM,1,1,,B,16:K7>000o8e:EPA8e9320ID00SW,0*6A
\s:66,c:1782377501*42\!AIVDM,1,1,,A,13aI=h@P0v0JN<tMclECfOw<P0SP,0*36
\s:66,c:1782377505*46\!AIVDM,1,1,,A,133r6?PP1:PCpcrMDQ4d4gwJRD80,0*6D
\s:66,c:1782377507*44\!AIVDM,1,1,,A,168uV40000`g6whA9U1U7j7L0dup,0*1E
\s:66,c:1782377506*45\!AIVDM,1,1,,B,13cpAf?014P`odHIIWtsO9;H00Rb,0*0F
\s:66,c:1782377506*45\!AIVDM,1,1,,A,19NSFIh02RLb>vcim;fhthhp053<,0*3E
\s:66,c:1782377501*42\!AIVDM,1,1,,B,35NfnG0P@fJRSK<E7s7dWawD02rQ,0*2E
\s:66,c:1782377502*41\!AIVDM,1,1,,B,13oWmf7000PKJm`QL7sA=JqB0pHb,0*79
\s:66,c:1782377502*41\!AIVDM,1,1,,B,13FBn00000wUL;vDNeF1K2V808Hw,0*66
\s:66,c:1782377502*41\!AIVDM,1,1,,A,16:dv:@01n8WLh@DR:W:;89@08HB,0*2E
\s:66,c:1782377507*44\!AIVDM,1,1,,B,35=rnH10003tF=F>`0jWq8SP0m9:,0*76
\s:66,c:1782377504*47\!AIVDM,1,1,,A,B5O<gk000=OV2FNf6J<000N00000,0*68
\s:66,c:1782377505*46\!AIVDM,1,1,,B,13aIjC?P000Hq<nNL06P0?w800RQ,0*05
\s:66,c:1782377505*46\!AIVDM,1,1,,A,33aIjC?P000Hq<lNL06@0?wJ0Ank,0*13
\s:66,c:1782377506*45\!AIVDM,1,1,,A,16:6VhPP00`g:APACdN>4?wJ20T0,0*79
\s:66,c:1782377507*44\!AIVDM,1,1,,A,36:`0nAP00`W228BBmBhAgwp0000,0*5F
\s:66,c:1782377508*4B\!AIVDM,1,1,,B,19NSbLh02nOSKb1vMq15WlIJ053<,0*62
\s:66,c:1782377507*44\!AIVDM,1,1,,B,16SfH9PP009=QolD4V365wwOrHL0,0*2F
\s:66,c:1782377508*4B\!AIVDM,1,1,,A,13439RPOhCPCWf8MFRg;;I;J0000,0*60
\s:66,c:1782377502*41\!AIVDM,1,1,,B,D02:oQA?@Nfq6DO6D0,4*7B
\s:66,c:1782377502*41\!AIVDM,1,1,,A,33`i645000PfipVP8VO=e3sB0000,0*7A
\s:66,c:1782377505*46\!AIVDM,1,1,,B,13aN3MPOi@JB:@B5I@H78UeL0`JI,0*24
\s:66,c:1782377506*45\!AIVDM,1,1,,A,344c=N0P00aKboLHb?U;GwwMpRwA,0*6B
\s:66,c:1782377506*45\!AIVDM,1,1,,B,13ktW2002f3fTMWtkGu1Di=J00SR,0*55
\s:66,c:1782377505*46\!AIVDM,1,1,,B,33S2mNP000126FvIsk;L:`gF00uP,0*7A
\s:66,c:1782377505*46\!AIVDM,1,1,,A,17ldl4hP00Wa>EitP9Sf4?wJ2HJk,0*29
\s:66,c:1782377505*46\!AIVDM,1,1,,B,B615Tu001pqFtr3v?HAHgwnQoP04,0*2B
\s:66,c:1782377506*45\!AIVDM,1,1,,B,13eWpd01A:Q3EO>D@owP<P7L8PRB,0*0E
\s:66,c:1782377505*46\!AIVDM,1,1,,B,16:KrKc0008gNr0AC;U=sik80d:h,0*74
\s:66,c:1782377505*46\!AIVDM,1,1,,A,18JLPb30007JDVP0dmrJIEWL053<,0*3B
\s:66,c:1782377504*47\!AIVDM,1,1,,A,169<v:S0008VD?nDVwrPEjeD2<2S,0*56
\s:66,c:1782377505*46\!AIVDM,1,1,,A,13b0oR00000=LG2MCuL@AjmF08JG,0*0D
\s:66,c:1782377505*46\!AIVDM,1,1,,B,13EdGF?P1HP7vaPGPdL7ROwH253<,0*13
\s:66,c:1782377497*4C\!AIVDM,1,1,,B,14eGEEh00?o7RCFLGLS5BTK608Ea,0*3C
\s:66,c:1782377506*45\!AIVDM,1,1,,B,16:IKE001G`jP`HA8AnojmwL0<3=,0*5C
\s:66,c:1782377506*45\!AIVDM,1,1,,B,18I:tF001D7JQ0f0d<`9OGUF00SA,0*5A
\s:66,c:1782377504*47\!AIVDM,1,1,,B,17li`4hP00`Fj`GwCSwq:OwF2@GL,0*7D
\s:66,c:1782377504*47\!AIVDM,1,1,,A,16::5JP01?8VKpjD`RPe0rEF0<4e,0*50
\s:66,c:1782377504*47\!AIVDM,1,1,,B,18I<mL000:PO7JhO5B89<I1@053<,0*4F
\s:66,c:1782377505*46\!AIVDM,1,1,,A,33mFE>00001G2VJWp4R`DVAp0000,0*2C
\s:66,c:1782377489*43\!AIVDM,1,1,,B,169ro00tAQViGI`3UNOCART:00RV,0*6E
\s:66,c:1782377505*46\!AIVDM,1,1,,A,13mFE>00001G2VJWp4R`D6AF053<,0*72
\s:66,c:1782377508*4B\!AIVDM,1,1,,A,77P2BT0lvmpr,0*17
\s:66,c:1782377502*41\!AIVDM,1,1,,B,13`eHAP0000F0HVMwU?hVF9F0<?4,0*43
\s:66,c:1782377504*47\!AIVDM,1,1,,B,B53DF:h006TA;tSd6e7Q3wmQh000,0*7F
\s:66,c:1782377502*41\!AIVDM,1,1,,A,339K`JP0000oL`pNvqAaM7up0000,0*0B
\s:66,c:1782377505*46\!AIVDM,1,1,,A,1565LRA000S5OOf6cQO:KkIF00SN,0*0D
\s:66,c:1782377505*46\!AIVDM,1,1,,B,19NSuAEwP0WKU?N0`>R24OwH2000,0*26
\s:66,c:1782377499*42\!AIVDM,1,1,,B,B52pO8h016SHobTUhsejgwkQh000,0*49
\s:66,c:1782377505*46\!AIVDM,1,1,,A,13Fqj<0PCs06P@0F>5:WeV5H00SB,0*4C
\s:66,c:1782377503*40\!AIVDM,1,1,,A,19NSRe@1ir`eBu`AqN05FTCB0D<F,0*5A
\s:66,c:1782377504*47\!AIVDM,1,1,,B,16:CQh0P008g`PPA8PcPiOwD0FLO,0*47
\s:66,c:1782377504*47\!AIVDM,1,1,,B,14bH8F?P00WKJD`0fR5v4?wF2D9o,0*34
\s:66,c:1782377503*40\!AIVDM,1,1,,A,33MD9G@Oh:0MjobNomUUVWID01<P,0*3B
\s:66,c:1782377504*47\!AIVDM,1,1,,B,1815TM@wRG7tP@H9VhA7e69F0D2l,0*7F
\s:66,c:1782377505*46\!AIVDM,1,1,,B,13aEQt8P00PGDPJNOD`JegwL2<>;,0*5A
\s:66,c:1782377507*44\!AIVDM,1,1,,B,15Bcmr00010<=2lMKK6Wc@KN08Kt,0*4C
\s:66,c:1782377502*41\!AIVDM,1,1,,B,15NLht0000JqOinGgCv0PP5D0D2<,0*62
\s:66,c:1782377496*4D\!AIVDM,1,1,,A,13mH:10P000i>:2RAkT>4?w8200T,0*35
\g:1-2-5199024,s:66,c:1782377505*06\!AIVDM,2,1,4,A,58Lk:442:Kl`Q<;KKO<<PEA@P4p48t@V3>22221@;`<=25n80>4jB0CS,0*7C
\g:2-2-5199024*6F\!AIVDM,2,2,4,A,mBp5RC31H888888,2*21
\s:66,c:1782377501*42\!AIVDM,1,1,2,A,17Odd=@00t8lK5ip7OPq;oO<00SE,0*0F
\s:66,c:1782377506*45\!AIVDM,1,1,,A,13lhnj001h1oqjVC5sbcsaWN0<2:,0*65
\s:66,c:1782377500*43\!AIVDM,1,1,,B,38:cKK@Oh4`a0;P8E4mTb`9<21w0,0*4D
\s:66,c:1782377504*47\!AIVDM,1,1,,A,15DbW<001wOWdW4DWLWqMoeF0@Iv,0*01
\s:66,c:1782377501*42\!AIVDM,1,1,,A,B5O8qgP005ksvBVl2qwQ3wlQjGUJ,0*6D
\s:66,c:1782377505*46\!AIVDM,1,1,,A,19NScMmwh2:cONSkmOS7r4iJ0000,0*1E
\s:66,c:1782377506*45\!AIVDM,1,1,,A,1815H2P0P:O`vTNDdePt@P?H0000,0*1E
\s:66,c:1782377502*41\!AIVDM,1,1,,A,33m83KP01:PLA;PSgJfVimK0026P,0*03
\s:66,c:1782377507*44\!AIVDM,1,1,,A,34cM6sP01>Oies2DieOr7`;p0000,0*4E
\s:66,c:1782377500*43\!AIVDM,1,1,,A,BCh9>?002oT@uVaM8rHL;wm0q000,0*2F
\s:66,c:1782377500*43\!AIVDM,1,1,,A,13bvE8001R0FeItOoJw@7@A@0@GS,0*4F
\s:66,c:1782377503*40\!AIVDM,1,1,,A,1815R2001i3`Jfb?4gaG15aB08I;,0*19
\s:66,c:1782377503*40\!AIVDM,1,1,,,14eIUT@01LKfa68OKVQa77CB0000,0*63
\s:66,c:1782377506*45\!AIVDM,1,1,,A,18I:sT0tj4J=tor9w4BnITuJ053<,0*01
\s:66,c:1782377506*45\!AIVDM,1,1,,B,1815dN001g8kHFPCtli6wmQL0<1t,0*13
\g:1-2-5199025,s:66,c:1782377507*05\!AIVDM,2,1,5,B,56:dJ>P000000000001TuF0hT4r0`T4v3800000t0pI271S=F4lj1CQn,0*25
\g:2-2-5199025*6E\!AIVDM,2,2,5,B,R1CP00000000008,2*5A
\s:66,c:1782377507*44\!AIVDM,1,1,,B,ENkb9Q>V1@@@@@@@@@@@@@@@@@@;iOtQ9`pN@00003vP000,2*2E
\s:66,c:1782377504*47\!AIVDM,1,1,,B,B9t6V40052:K@H25;cGHwwv63P06,0*75
\s:66,c:1782377505*46\!AIVDM,1,1,,A,33m;R:U0000i<iFRA8dh001p0000,0*51
\s:66,c:1782377507*44\!AIVDM,1,1,,,13Im2;001j8Mvw@F>bHJlHWL0000,0*00
\s:66,c:1782377500*43\!AIVDM,1,1,,A,13`de4CP00PDH?<Md1Bv4?w>20S1,0*33
\s:66,c:1782377508*4B\!AIVDM,1,1,,A,18Sk9:0P1d7aSK@;p0gUUlON0@Lb,0*00
\s:66,c:1782377506*45\!AIVDM,1,1,,A,19NSn8P01L7OInN1DBC7Un3J0<3P,0*07
\s:66,c:1782377508*4B\!AIVDM,1,1,,A,102Cu;?P?w<tSF0l4Q@>4?wN0hL;,0*38
\s:66,c:1782377503*40\!AIVDM,1,1,,B,402Pg4ivad`kcwH`tHGQVqo00U3<,0*05
\s:66,c:1782377504*47\!AIVDM,1,1,,B,B6:a@cP092;:i<4OAvJsGwv63P06,0*76
\s:66,c:1782377506*45\!AIVDM,1,1,,B,13`va@00000GpD0NQv?1BVcL00Rq,0*1C
\s:66,c:1782377500*43\!AIVDM,1,1,,A,BCgmkb002GTQkHaNA0=8OwTRs000,0*51
\s:66,c:1782377504*47\!AIVDM,1,1,,B,B3UPmS00@HJm13UUnW:QQun5oP06,0*56
\s:66,c:1782377504*47\!AIVDM,1,1,,B,36:>4H1000S5g3f6bdP;bRoH0lir,0*06
\s:66,c:1782377504*47\!AIVDM,1,1,,A,142OO4h0002671rGFVn`?q;F0HIh,0*3E
\s:66,c:1782377505*46\!AIVDM,1,1,,B,344b3a0000R:<KFR@vDf4:GH2Rg1,0*0E
\s:66,c:1782377502*41\!AIVDM,1,1,,B,13P=C1@0207RRV414n962To<00SI,0*54
\s:66,c:1782377505*46\!AIVDM,1,1,,B,16K8D:@02?awaGRD5h2oRn3F053<,0*37
\g:1-2-5199026,s:66,c:1782377506*07\!AIVDM,2,1,6,A,56;0M>82>D:@90hkT018Dp`T4sP0000000000018HI5=C5dBNLDiljCP,0*48
\g:2-2-5199026*6D\!AIVDM,2,2,6,A,000000000000000,2*22
\s:66,c:1782377505*46\!AIVDM,1,1,,A,13nvU6002Lb:fCnGp4g3<BaF0@JE,0*43
\s:66,c:1782377502*41\!AIVDM,1,1,,B,13P=S;P00405NO0Np<rS6kOB0<65,0*0E
\s:66,c:1782377502*41\!AIVDM,1,1,,A,139lUO00000UG2tN`Q9L;6KF00Rt,0*23
\s:66,c:1782377507*44\!AIVDM,1,1,,A,16SeuvgP0u9=Q4tD45fuoOwEr53<,0*7F
\s:66,c:1782377505*46\!AIVDM,1,1,,,13n1K210001d=dT`JL4s67=J0000,0*4D
\s:66,c:1782377502*41\!AIVDM,1,1,,A,402=a@Qvad`kW06WM<MIK>oP0HH5,0*19
\s:66,c:1782377499*42\!AIVDM,1,1,,B,C6:KL2P0@27Tmq5TcH=a3wv0<:L>jb2Mcb00000000000RP52R0P,0*23
\s:66,c:1782377505*46\!AIVDM,1,1,,A,1342j6PP00PCEOnMO7Tf4?wJ2<0m,0*6B
\s:66,c:1782377507*44\!AIVDM,1,1,,B,15SN00001f0=<TDMbC7BmR?P0HKh,0*58
\s:66,c:1782377503*40\!AIVDM,1,1,,B,139hRnP01:PeRkBN`0k4=3IB0`Id,0*56
\g:1-2-5199027,s:66,c:1782377500*00\!AIVDM,2,1,7,B,5Ch3aL82E9S9@IUV221<th8E8N2222222222220N38n874@P001RDj2C,0*11
\g:2-2-5199027*6C\!AIVDM,2,2,7,B,Qp8888888888880,2*01
\s:66,c:1782377504*47\!AIVDM,1,1,,A,16:I32001@8B0hv;EQgH=FgD0d07,0*7D
\s:66,c:1782377500*43\!AIVDM,1,1,,A,BCgjt4001GUS6F9PE=nqKwsRs000,0*3A
\s:66,c:1782377504*47\!AIVDM,1,1,,B,16:QhH001k8W6vPBD?`R>QoD053<,0*09
\s:66,c:1782377504*47\!AIVDM,1,1,,A,15@`?J0P00JCi=F57n`VwwwJ2<6k,0*38
\s:66,c:1782377502*41\!AIVDM,1,1,,A,ENkb9HNaS@@@@@@@@@@@@@@@@@@;W;K>:k>=000003vP000,2*4E
\s:66,c:1782377502*41\!AIVDM,1,1,,B,15?dRv001wPkChFO?26sPq=B0HHo,0*48
\s:66,c:1782377504*47\!AIVDM,1,1,,,13IkWS002KPq>=bOBfUI>WGF0P00,0*05
\s:66,c:1782377502*41\!AIVDM,1,1,,A,402=adQvad`kaOrrjpM4EbwP20S:,0*27
\s:66,c:1782377505*46\!AIVDM,1,1,,B,1815OCh021OCDU<EEC9<89WH0HJj,0*5E
\s:66,c:1782377505*46\!AIVDM,1,1,,A,14a`tl0025NUqct;FJ681nKL0L2@,0*2F
\s:66,c:1782377505*46\!AIVDM,1,1,,B,15ULq60020rdC:4EjliA10gF053<,0*67
\s:66,c:1782377506*45\!AIVDM,1,1,,B,B6:eOt@00B23RMS@C4P000EWQP06,0*38
\s:66,c:1782377500*43\!AIVDM,1,1,,A,404k1RQvad`k`:akfokuhJW008Gc,0*19
\s:66,c:1782377506*45\!AIVDM,1,1,,A,19NSAbh00<5e5Cn41o=u5pqN08KE,0*52
\s:66,c:1782377506*45\!AIVDM,1,1,,A,18JWD40P01WKpo00gMmaKwwL08JV,0*15
\s:66,c:1782377506*45\!AIVDM,1,1,,B,15R2=0001IrB9n`5Ep`P05aL2<22,0*25
\s:66,c:1782377500*43\!AIVDM,1,1,,A,1Ch3aL7016NMUIfVL>f<=adR0000,0*4F
\s:66,c:1782377506*45\!AIVDM,1,1,,B,19NSqn?0?w<tSF0l4Q@>49?v0pJT,0*68
\s:66,c:1782377507*44\!AIVDM,1,1,,A,13JI5<PP0:12K18DRIH6N?wN0000,0*0C
\s:66,c:1782377502*41\!AIVDM,1,1,,A,402;bBQvad`kawe`jBKq9gG00@Hj,0*58
\s:66,c:1782377503*40\!AIVDM,1,1,,A,33IkWS002J0q>?TOBfcI>7Gp0000,0*13
\s:66,c:1782377507*44\!AIVDM,1,1,,B,19NSqa002aO<nMN2d>rE@T?J00Ru,0*74
\s:66,c:1782377507*44\!AIVDM,1,1,,B,15DQ`v0tjGL=3apI=:aba`QL0<00,0*45
\s:66,c:1782377507*44\!AIVDM,1,1,,B,169v3>001j`jRbBA20qhWhcN00R:,0*63
\s:66,c:1782377507*44\!AIVDM,1,1,,A,17m:1bP54DWLln00T4qk;wwN2@Ko,0*71
\s:66,c:1782377506*45\!AIVDM,1,1,,,13MBpom000OqGMpOMemn10mJ0000,0*2E
\s:66,c:1782377503*40\!AIVDM,1,1,,A,B5O>k?P3wuktaN5HqvH02Rn4CP06,0*08
\s:66,c:1782377505*46\!AIVDM,1,1,,A,3773M;002;63DOh3@`b:A`AH0001,0*5D
\s:66,c:1782377507*44\!AIVDM,1,1,,A,16:B=R80008VAT@DVCu7O`EJ08KI,0*3C
\s:66,c:1782377499*42\!AIVDM,1,1,,A,18IM2:8P3AWL:2v0eWI5a?w<2@Fq,0*72
\s:66,c:1782377504*47\!AIVDM,1,1,,A,14ais2001J8O`H>F6O`cMq7H0<:U,0*6C
\s:66,c:1782377504*47\!AIVDM,1,1,,B,18IM2:8P3@WL:8d0eVPUMgwF253<,0*53
\s:66,c:1782377502*41\!AIVDM,1,1,,A,402FhUivad`kb0ntsLE2u57008Hr,0*0F
\g:1-2-5199028,s:66,c:1782377506*09\!AIVDM,2,1,8,B,5815MDp2FlH5KL7;W38pU=<u>1<TdTpu>222221A?0N::5cT0PDnH554,0*56
\g:2-2-5199028*63\!AIVDM,2,2,8,B,wRE854Tp8888880,2*52
\s:66,c:1782377502*41\!AIVDM,1,1,,A,28SK5ohP137aqfP5u:3@Bgw@0D4m,0*73
\s:66,c:1782377506*45\!AIVDM,1,1,,A,1815SBh01g2l2<wfl:DRj2?L0@Jg,0*43
\s:66,c:1782377507*44\!AIVDM,1,1,,B,13A8620000PW=T0N`uTdvliP053<,0*46
\s:66,c:1782377504*47\!AIVDM,1,1,,B,85@Lan00G@:?>G1?6600,0*5E
\s:66,c:1782377501*42\!AIVDM,1,1,,A,4052v>ivad`kc`H>?3wLf9700U3<,0*0C
\s:66,c:1782377504*47\!AIVDM,1,1,,B,1815Qi001h7WH@AtvOOCQ2mD0HIV,0*0C
\s:66,c:1782377504*47\!AIVDM,1,1,,B,18I0tq00017Kb2R0f8P:gkuF0@J1,0*1F
\s:66,c:1782377499*42\!AIVDM,1,1,,B,1:q85gPP01rV;Kl5q0df4?w@R0SK,0*3C
\s:66,c:1782377504*47\!AIVDM,1,1,,B,18Hu1p0P@iWKmn`0fAJ19Q1H0P00,0*7B
\s:66,c:1782377505*46\!AIVDM,1,1,,A,17OnrtP6BeblGp5jGKhW15aH28JK,0*35
\s:66,c:1782377504*47\!AIVDM,1,1,,A,13Hj1dg00UPGAcHHfu6siI5J0@J3,0*54
\s:66,c:1782377501*42\!AIVDM,1,1,,A,402M56ivad`k`24GCh`SQ5?P20S:,0*16
\s:66,c:1782377505*46\!AIVDM,1,1,,B,13ku:f@02S`4MCP8S>>WKn3F0<0D,0*6A
\s:66,c:1782377502*41\!AIVDM,1,1,,A,H3`hon1@Tm<PDh0000000000000,2*6E
\s:66,c:1782377207*43\!AIVDM,1,1,,A,H3`hon4U0000000@5mmkk00p4220,0*04
\s:66,c:1782377498*43\!AIVDM,1,1,,B,1815K4hvio2GhSuepIqISWe>0<0>,0*4D
\s:66,c:1782377210*45\!AIVDM,1,1,,A,3815K4hw1n2GmNwepadqU7e`0Bgu,0*51
\s:66,c:1782377499*42\!AIVDM,1,1,,A,C6bCAL@05Pp3Ui49GKAr?wv1aagQQkSWg11111111110BP00000P,0*05
\s:66,c:1782377505*46\!AIVDM,1,1,,B,ENk`vvLJqh@@@@@@@@@@@@@@@@@=DeTt;NFL`00003vP000,2*7E
\s:66,c:1782377506*45\!AIVDM,1,1,,A,15OE41P000G@:4<EW=6bbpSJ00SF,0*1D
\s:66,c:1782377503*40\!AIVDM,1,1,,A,402HW71vad`kaOB=l>MS7QW008I1,0*1D
\s:66,c:1782377498*43\!AIVDM,1,1,,B,160wq:U1@0STM@f?GfA<9VA400S;,0*47
\s:66,c:1782377505*46\!AIVDM,1,1,,B,16:??kQ013`gRV0Am?rU>qWH2HJ6,0*41
\s:66,c:1782377502*41\!AIVDM,1,1,,A,160wq:U1@0STM@f?GfA<66A8053<,0*45
\s:66,c:1782377506*45\!AIVDM,1,1,,A,1815dTP01n8m`9p@gICoG5mL08J`,0*6B
\s:66,c:1782377504*47\!AIVDM,1,1,,A,339gD@U00=PCf4VMEPmn2A=J0DLb,0*06
\s:66,c:1782377500*43\!AIVDM,1,1,,B,D02IPEAMdNfp,0*0F
\s:66,c:1782377506*45\!AIVDM,1,1,,B,16oa>eo00fvgdMP;Ib4KpqeH0hJj,0*2D
\s:66,c:1782377504*47\!AIVDM,1,1,,A,13aOBn0P00P@KS8MKwadEOwH20S0,0*56
\s:66,c:1782377489*43\!AIVDM,1,1,,B,15?dSK001fVk@hP3IFPBHAnr0HAI,0*3B
\s:66,c:1782377320*47\!AIVDM,1,1,,A,35?dSK001eVk>e83I:pAvQS>0C6M,0*5A
\s:66,c:1782377505*46\!AIVDM,1,1,,B,E>iNsa?1V2@7QRPW@1:WdP000004DSEQ:>df0:0H``c@00,4*0E
\s:66,c:1782377501*42\!AIVDM,1,1,,A,14`Uu@S00107Qp@OMSpK92m@0@G;,0*67
\s:66,c:1782377506*45\!AIVDM,1,1,,A,36;=7M50018LG5R=wNEj0@aJ0E3J,0*73
\s:66,c:1782377506*45\!AIVDM,1,1,,,13m2vt00268`v<b6iStM8:MH0000,0*7E
\s:66,c:1782377504*47\!AIVDM,1,1,,A,19NS9j@0j>MvN1FH@>iD;SCD0@Im,0*66
\s:66,c:1782377498*43\!AIVDM,1,1,,B,16K2Afh001ajSILD3BCK7HM<2@FG,0*38
\g:1-2-5199029,s:66,c:1782377309*01\!AIVDM,2,1,9,B,55?dSK82GmCW<GCKSB0d5@4L4h4r04<F22222216I8HE;5el0P4iljC`,0*53
\g:2-2-5199029*62\!AIVDM,2,2,9,B,888888888888880,2*2E
\s:66,c:1782377506*45\!AIVDM,1,1,,B,6>iNsa3fBqWaurKdGfr@8K:<mTIaLA4000,4*1A
\s:66,c:1782377507*44\!AIVDM,1,1,,A,ENmWPwLtP000000000000000000Cm0At2uw=h00003o010,4*7F
\s:66,c:1782377501*42\!AIVDM,1,1,,B,15D16t00?w<tSF0l4Q@>45uv0`Fq,0*21
\s:66,c:1782377505*46\!AIVDM,1,1,,A,25?KMv50017b4c25s1KcEWMH0<33,0*1E
\s:66,c:1782377506*45\!AIVDM,1,1,,A,35Mt>SPP@wrdoe:G@eran7WN01th,0*49
\s:66,c:1782377502*41\!AIVDM,1,1,,B,15Mt>SPP@wrdognG@f19s7WF0@I1,0*06
\s:66,c:1782377503*40\!AIVDM,1,1,,A,35MiBr5000r<R=lBIJF6jIAB0000,0*6D
\s:66,c:1782377508*4B\!AIVDM,1,1,,A,23P<:DP02eP6L>DMehmSCBWL08Kv,0*03
\s:66,c:1782377507*44\!AIVDM,1,1,,B,34`V0EU00012H;6DQp?SmnMJ0Djr,0*23
\s:66,c:1782377503*40\!AIVDM,1,1,,B,ENk`sAoI@@@@@@@@@@@@@@@@@@@=8Tk57iLD@00003vP000,2*4F
\s:66,c:1782377503*40\!AIVDM,1,1,,A,15Mu1EP001rds:66,0*49
\s:66,c:1782377496*4D\!AIVDM,1,1,,B,165fT>00023SP?J@A2rdsTi:08EE,0*05
\s:66,c:1782377503*40\!AIVDM,1,1,,A,34eHoKP000FcAjJO4?>273ep0000,0*55
\s:66,c:1782377507*44\!AIVDM,1,1,,A,33aEOkmP00PF=fDNFNC@BwwN2DaJ,0*06
\s:66,c:1782377503*40\!AIVDM,1,1,,B,B7ldpWP00:6;tpOpKpkBOwP4kP06,0*50
\s:66,c:1782377506*45\!AIVDM,1,1,,A,35N9sFP000Jrjq0H@08H:Rmp0000,0*2C
\g:1-2-5199030,s:66,c:1782377504*02\!AIVDM,2,1,0,B,56:BQTP000000000000PF1PTF1ADv3P00000000l1`M461QdN96R3mH4,0*3B
\g:2-2-5199030*6A\!AIVDM,2,2,0,B,j0CP00000000008,2*66
\g:1-2-5199031,s:66,c:1782377499*06\!AIVDM,2,1,1,A,53EdrU426@mDD7OS;@0Dj0l4<U`t0000000000000003300000000000,0*52
\g:2-2-5199031*6B\!AIVDM,2,2,1,A,000000000000000,2*25
\s:66,c:1782377497*4C\!AIVDM,1,1,,B,16::klP01L8jHE0C`3SP3h6r00Sk,0*63
\s:66,c:1782377501*42\!AIVDM,1,1,,A,13m>14W000R82q6`Ja@oD3W<0HF4,0*78
\s:66,c:1782377505*46\!AIVDM,1,1,,A,16:BD@1000`gHm@AnPW3PbsJ253<,0*26
\s:66,c:1782377503*40\!AIVDM,1,1,,B,16:DK10P12`;MPP<q9btOpGE8<0W,0*6F
\g:1-2-5199032,s:66,c:1782377507*03\!AIVDM,2,1,2,B,53U@0V800001=H;;3G45PTtp000000000000000U0H521t0000000000,0*37
\g:2-2-5199032*68\!AIVDM,2,2,2,B,000000000000000,2*25
\s:66,c:1782377507*44\!AIVDM,1,1,,B,16:BfsP01@8fhR4A2O67Rn3J0<=2,0*75
\s:66,c:1782377507*44\!AIVDM,1,1,,B,377lBu13P0OeCt02vT<;8kAN0Dg:,0*60
\s:66,c:1782377504*47\!AIVDM,1,1,,A,15CfWF0003WLDbt0hlwJI49F00S1,0*35
\s:66,c:1782377503*40\!AIVDM,1,1,,A,13IoAR700SP8ojnMKc39Eo=D08IG,0*4C
\s:66,c:1782377501*42\!AIVDM,1,1,,A,13LBkh000P1S`NhRReu@Sh:00000,0*0C
\s:66,c:1782377503*40\!AIVDM,1,1,,B,15Dv`L000v7BsEb1?JTd:acF0D3I,0*5C
\s:66,c:1782377505*46\!AIVDM,1,1,,A,16:CLIP01@`hiFhA3fF3DBcH00RW,0*4A
\s:66,c:1782377506*45\!AIVDM,1,1,,A,19TH1V8000Q2GwNDQwlH5SEN0<1n,0*38
\s:66,c:1782377503*40\!AIVDM,1,1,,B,17ld8BHP007LDm:0aL7f4?w22PS9,0*2B
\s:66,c:1782377503*40\!AIVDM,1,1,,A,15@Q>l002V7tl7B9i220lha>0D3l,0*4F
\s:66,c:1782377507*44\!AIVDM,1,1,,B,36:Hw=00018fc0@AR>I=cVQH01v@,0*16
\s:66,c:1782377507*44\!AIVDM,1,1,,A,33P<P:U0000ae=nFKwvsiSsP0E9r,0*7A
\s:66,c:1782377499*42\!AIVDM,1,1,,A,33ku;Hhw2HwaK`B2`9o3gS3801e1,0*0C
\s:66,c:1782377495*4E\!AIVDM,1,1,,A,18I8;000R76i3En3S?3JS8I20<0V,0*2B
\s:66,c:1782377216*43\!AIVDM,1,1,,A,38I8;00vR56i8NL3S?;:RHIb00oC,0*50
\s:66,c:1782377503*40\!AIVDM,1,1,,A,16:AO:`P00`fJohA=KNf4?wD2<38,0*76
\s:66,c:1782377501*42\!AIVDM,1,1,,A,19NSSh0025rDFCl>rs8h4h840HHJ,0*15
\s:66,c:1782377501*42\!AIVDM,1,1,,A,1615ot0w@V3UL7L?K9uqG7m<08H?,0*29
\s:66,c:1782377504*47\!AIVDM,1,1,,B,13ku;Hh32HwaKh62`9j3fS3D053<,0*12
\g:1-2-5199033,s:66,c:1782377222*02\!AIVDM,2,1,3,A,58I8;082Gu8OUKSWG>0=Dj0dh4pN22222222221:A`h<D5kVNJ4hBQA8,0*58
\g:2-2-5199033*69\!AIVDM,2,2,3,A,888888888888880,2*27
\s:66,c:1782377506*45\!AIVDM,1,1,,A,13P=T;0P02P2Vs4MN>m:7wwJ2<15,0*2A
\s:66,c:1782377506*45\!AIVDM,1,1,,A,13ajAt001mP?9=0MT?bmSlQJ0HKL,0*6F
\s:66,c:1782377504*47\!AIVDM,1,1,,A,33`lQumP00PCrcfMDhNN4?wHRJNP,0*04
\s:66,c:1782377503*40\!AIVDM,1,1,,A,4030p1AuJl`kbJ?<PFIN=o100D0N,0*1A
\s:66,c:1782377505*46\!AIVDM,1,1,,A,13aJIH?P00PI?hhNKT:v4?wJ2000,0*6E
\s:66,c:1782377504*47\!AIVDM,1,1,,B,18Imsr3OhC3Q;t0@:rCMLbcH0D?=,0*36
\s:66,c:1782377506*45\!AIVDM,1,1,,B,19NSc6H01`JQuNP@9q?aaWaJ0HK5,0*71
\s:66,c:1782377506*45\!AIVDM,1,1,,A,14`V49001sOWvcpKwTlR<1oL08K2,0*2E
\s:66,c:1782377504*47\!AIVDM,1,1,,B,B7lcr<@00InvIc09=3@03wn4kP06,0*7E
\s:66,c:1782377504*47\!AIVDM,1,1,,B,14`V2jP016P<ASBM`4@ReB=H0HIj,0*17
\s:66,c:1782377505*46\!AIVDM,1,1,,A,16:AD70w1g`jJ0vDTb?h1c=F2<2L,0*42
\g:1-2-5199034,s:66,c:1782377501*03\!AIVDM,2,1,4,A,53@oEmT2?6e<uT4?:20E=H4MB0<P4m0Ttr22220k2PL66=d4N:lm0VH0,0*2B
\g:2-2-5199034*6E\!AIVDM,2,2,4,A,E821EiE581RAC10,2*6A
\s:66,c:1782377502*41\!AIVDM,1,1,,B,BC2gQ<P04?Npo7UN2DjRgwlUl000,0*31
\s:66,c:1782377508*4B\!AIVDM,1,1,,B,18IISP00007JiS20gGuhPpeP0@L6,0*48
\s:66,c:1782377501*42\!AIVDM,1,1,,B,19NWqsh01@OtpglLfuqBsBK>00Sk,0*4F
\s:66,c:1782377506*45\!AIVDM,1,1,,A,17tKle1P0i7LfUp0h?tkAwwJ08Kg,0*41
\s:66,c:1782377501*42\!AIVDM,1,1,,A,177;Au002>`oAllCgwB73mbn0<2m,0*7D
\s:66,c:1782377508*4B\!AIVDM,1,1,,A,13l7uV0026:7qwwao5h4:kCN0<06,0*15
\s:66,c:1782377508*4B\!AIVDM,1,1,,B,15Nwac<P@6q<ic0A2SOHhQWP00SP,0*6D
\s:66,c:1782377507*44\!AIVDM,1,1,,B,139uOk0012PrFe:O8:F0RPGFP8KP,0*3C
\s:66,c:1782377508*4B\!AIVDM,1,1,,B,H4qiKhTT>F35av@613oqpo0P8140,0*13
\s:66,c:1782377508*4B\!AIVDM,1,1,,A,ENjHWR@:4V1:a<P000000000000@0i4j>f<o000003nf10,4*56
\s:66,c:1782377498*43\!AIVDM,1,1,,A,16:>hw0P2g8d9IrAw2Idv?w>28GT,0*61
\s:66,c:1782377497*4C\!AIVDM,1,1,,A,16:Bl=001B8d1DjB02GUIlE>0<@:,0*42
\s:66,c:1782377504*47\!AIVDM,1,1,,A,28SJQTPP007b1HH5tQmu8wwH08IV,0*3B
\s:66,c:1782377501*42\!AIVDM,1,1,,A,13GQGumP@Q0;Df@FV=f`Q6NP0D0a,0*32
\s:66,c:1782377502*41\!AIVDM,1,1,,A,4028jMivad`kbNeq=@?qo6?P2HHr,0*63
\s:66,c:1782377504*47\!AIVDM,1,1,,A,13mbil70001Avn4WiPVI8V=H053<,0*15
\s:66,c:1782377505*46\!AIVDM,1,1,,A,1773=:002U7S:B:2=nLQfQK8053<,0*50
\s:66,c:1782377502*41\!AIVDM,1,1,,B,137Jt80006Nqg3t@4DrbIIS@0<2H,0*4A
\s:66,c:1782377506*45\!AIVDM,1,1,,B,1815>r@01rJ?P7tB?K>KLa=N0<0P,0*40
\s:66,c:1782377503*40\!AIVDM,1,1,,A,13MD5FpP0`Q0`l4QSKFDRS7b0000,0*68
\s:66,c:1782377506*45\!AIVDM,1,1,,A,13ku9j@02HNee1T;UqhFsEKL0D3t,0*7B
\s:66,c:1782377507*44\!AIVDM,1,1,,B,342S?L1000262tVGGim003oJ0001,0*36
\s:66,c:1782377504*47\!AIVDM,1,1,,B,B5O=lI00Bp5mS8Usui8FcwmQl@IT,0*59
\s:66,c:1782377503*40\!AIVDM,1,1,,A,37P1gk0PAl:lEdMdWeAP9hED00t1,0*6A
\s:66,c:1782377506*45\!AIVDM,1,1,,B,35NvLa0000GRnPFCCo4SA39J033A,0*23
\s:66,c:1782377498*43\!AIVDM,1,1,,,19NSfCE0008dTq6Atq?5A3a>053<,0*04
\s:66,c:1782377498*43\!AIVDM,1,1,,B,HCgNe90l`tpT000000000000000,2*05
\s:66,c:1782377498*43\!AIVDM,1,1,,B,HCgNe94N3?=>1F0moik000102120,0*59
\s:66,c:1782377502*41\!AIVDM,1,1,,A,16:BUr001r8NqMVF7d?4HkaD08HI,0*30
\s:66,c:1782377505*46\!AIVDM,1,1,,B,19NSc3@02@Pqv?nIl`MTrkuB0@JG,0*6B
\s:66,c:1782377501*42\!AIVDM,1,1,,B,83`j5s0j2d<dtueef@t1p@QP0000,0*65
\s:66,c:1782377506*45\!AIVDM,1,1,,A,4025bv1vad`kePeW4HPrU4Q020S:,0*4A
\s:66,c:1782377500*43\!AIVDM,1,1,,B,13E`VVPP00OH3ihH:th`egw@0U8p,0*21
\s:66,c:1782377505*46\!AIVDM,1,1,,A,18I4i20vhqrdnLbG@`naLoSB00S1,0*38
\s:66,c:1782377502*41\!AIVDM,1,1,,B,277mTV10009iv7dD0R@Lc67B053<,0*0C
\s:66,c:1782377502*41\!AIVDM,1,1,,A,B3aaMu000855lI7K=b88wwlUoP06,0*61
\s:66,c:1782377497*4C\!AIVDM,1,1,,B,169>dr?000`OpU@Ep9=quR?80<8T,0*76
\s:66,c:1782377507*44\!AIVDM,1,1,,A,B3uOSWP03hEo`r`TJiA3PnN00000,0*4F
\s:66,c:1782377507*44\!AIVDM,1,1,,B,13@nor@019Pqc?dOoCQWf69P00Rn,0*15
\s:66,c:1782377507*44\!AIVDM,1,1,,A,B42O>u@000OKm2UnMTrEWwo5oP06,0*1B
\s:66,c:1782377506*45\!AIVDM,1,1,,A,13aJI9hP09PNqUfMLE`iN?wJR53<,0*7B
\s:66,c:1782377504*47\!AIVDM,1,1,,,19NSfCE0008dTq2Atq?EA3aJ053<,0*04
\s:66,c:1782377497*4C\!AIVDM,1,1,,A,B3`kF5000020BGWPIPp00djQjDhr,0*2D
\s:66,c:1782377499*42\!AIVDM,1,1,,B,13=w6h002SWQTI81ctl8@FS<8D23,0*17
\s:66,c:1782377504*47\!AIVDM,1,1,,B,15PH9W?P00rQN0jFKUB@0?wH2D1k,0*49
\s:66,c:1782377502*41\!AIVDM,1,1,,B,33P9fmO01kwm3OrLC=w:u8uD20s0,0*34
\s:66,c:1782377505*46\!AIVDM,1,1,,B,19NSdqh02CFRjSip7LeBaR9F1l26,0*71
\s:66,c:1782377504*47\!AIVDM,1,1,,,13K5v@001R`j;Et@w<e7TUmF0000,0*3D
\s:66,c:1782377500*43\!AIVDM,1,1,,A,83aRrIhj2d<tfL<==0FPF@J53h00,0*2B
\s:66,c:1782377503*40\!AIVDM,1,1,,B,ENm>;mN5bPV0h2W20bh4W72a@@@Ce?IP0hlkP00003v010,4*39
\s:66,c:1782377501*42\!AIVDM,1,1,,B,13P>=KS0010LDfTNs1o3G1eD0<2m,0*03
\s:66,c:1782377504*47\!AIVDM,1,1,,B,36Sn;J0OhpWJvB`0btL;p:CH00vh,0*4C
\s:66,c:1782377502*41\!AIVDM,1,1,,B,B7Ohtf00=be7>Ps:66,0*05
\s:66,c:1782377505*46\!AIVDM,1,1,,B,13mi?p001D0G@VRNVimjg2=D053<,0*7A
\s:66,c:1782377502*41\!AIVDM,1,1,,A,4030p0ivad`kbr:vApJCJoW008Hs,0*65
\s:66,c:1782377501*42\!AIVDM,1,1,,B,13eTiN001w0Le<2EQLG3DBc@0@HB,0*13
\s:66,c:1782377500*43\!AIVDM,1,1,,A,B39OUdP0<h=NOL8>46qSm?v00000,0*66
\s:66,c:1782377506*45\!AIVDM,1,1,,A,15?dVpAv007OIi012koJ9EOJ0`Jm,0*43
\s:66,c:1782377507*44\!AIVDM,1,1,,B,15UK?`0020`f=hlAkL04j3mD053<,0*45
\s:66,c:1782377501*42\!AIVDM,1,1,,,18LcpL0v1CWJR8`0do:Miru>0000,0*42
\s:66,c:1782377507*44\!AIVDM,1,1,,B,18LcpL0uiCWJR7v0doiuiruL0DCm,0*01
\s:66,c:1782377507*44\!AIVDM,1,1,,B,4h2UMviuJl`khR465dG=DA7P0l7p,0*7E
\s:66,c:1782377504*47\!AIVDM,1,1,,A,13=w6h002SWQTEN1ct38@6SF8@Iq,0*06
\s:66,c:1782377504*47\!AIVDM,1,1,,B,19NSiT@tRWV89Rp6pb=A?Q3F0HJ1,0*09
\s:66,c:1782377504*47\!AIVDM,1,1,,B,13n2@S00000Kh0TSSk5=;IwF08In,0*10
\s:66,c:1782377504*47\!AIVDM,1,1,,A,1kbG=>5P000OfkVNQ0UP0?v1uwww,0*7B
\s:66,c:1782377504*47\!AIVDM,1,1,,A,33u?dU000=1D4=bQwJ1h?0Cp0000,0*47
\s:66,c:1782377505*46\!AIVDM,1,1,,B,13enNB01BJJcpUdErAQTmSsF0D3>,0*40
\s:66,c:1782377499*42\!AIVDM,1,1,,A,13aC4KO01UP5U4RLkh37g6<H053<,0*50
\s:66,c:1782377504*47\!AIVDM,1,1,,A,33ImpN5000<d0>;mp;T2qDEF0000,0*22
\s:66,c:1782377502*41\!AIVDM,1,1,,A,18M<32001k7gfVr;ac=khRvT0<2f,0*38
\s:66,c:1782377501*42\!AIVDM,1,1,,B,13m=dp7P000KJGvQLW3KS?wD00RE,0*7E
\s:66,c:1782377502*41\!AIVDM,1,1,,B,35?I5`5000:lEcsjGb9HkDGF0Dbr,0*72
\s:66,c:1782377505*46\!AIVDM,1,1,,B,169LC400R91iv4LBibNrq8kH0D1?,0*78
\s:66,c:1782377506*45\!AIVDM,1,1,,B,14tWfr?P00NqN9V@72ru=OwJ2HJv,0*2D
\s:66,c:1782377507*44\!AIVDM,1,1,,A,13kp9p001lPiFVdEMCO:tpmL00RU,0*7A
\s:66,c:1782377501*42\!AIVDM,1,1,,B,19NSrL001tOi8WvDisIJ?H?:0D1t,0*6A
\s:66,c:1782377504*47\!AIVDM,1,1,,B,18SJQaP02PW`acL5P<v271c>0D43,0*4B
\s:66,c:1782377506*45\!AIVDM,1,1,,,B3MB:qh00K=>IFuVI7OQ3wo1l000,0*78
\s:66,c:1782377507*44\!AIVDM,1,1,,A,409QaGAvad`ke`fCF@A8uo700@K2,0*1E
\s:66,c:1782377508*4B\!AIVDM,1,1,,A,18Hsvd0P00WJm5R0gmUrSOwP2HKq,0*17
\s:66,c:1782377502*41\!AIVDM,1,1,,A,402:otivad`kaO`ocbKg?ig00000,0*2D
\s:66,c:1782377502*41\!AIVDM,1,1,,A,13a4fl@P00PJ8IhN>u:>4?wDRHHg,0*64
\s:66,c:1782377498*43\!AIVDM,1,1,,B,36:B>t003a8h?j0AU?2jhBg:0Qe1,0*44
\s:66,c:1782377504*47\!AIVDM,1,1,,B,18HsTL0P017K=4@0ebb;kgwF0<kR,0*3D
\g:1-2-5199035,s:66,c:1782377505*06\!AIVDM,2,1,5,A,533fCV82;Lt<u8dr2205@h4q@U>222222222220Q8P<;;5W<060QBkmH,0*49
\g:2-2-5199035*6F\!AIVDM,2,2,5,A,888888888888880,2*21
\s:66,c:1782377507*44\!AIVDM,1,1,,A,B5NUw@0005kdDD6t1TTLhGN00000,0*19
\s:66,c:1782377506*45\!AIVDM,1,1,,A,39NSaPPwC4DF6m:BRfwc78sH00k3,0*3D
\s:66,c:1782377506*45\!AIVDM,1,1,,B,36:B>t003V8h@3NAU?ejh2dN0QdA,0*0A
\s:66,c:1782377506*45\!AIVDM,1,1,,A,13mbmf000015ltjW=@SjU9OJ0d0V,0*1E
\s:66,c:1782377503*40\!AIVDM,1,1,,B,13cF0h001b0ERAnNCNq`j6sH08IO,0*3A
\s:66,c:1782377505*46\!AIVDM,1,1,,B,169ULEP0008LAc@=w6304T?H00Rm,0*66
\s:66,c:1782377501*42\!AIVDM,1,1,,A,18Hu8G30003UdjT?psoC`baB0@H9,0*62
\s:66,c:1782377500*43\!AIVDM,1,1,,A,403OKEAuJl`k`rD7mHBsi8w02HGf,0*71
\s:66,c:1782377503*40\!AIVDM,1,1,,A,14Q400002QJBsRv?@VohA0AB08IQ,0*36
\s:66,c:1782377504*47\!AIVDM,1,1,,B,155l3@QP020mmbGuBshhbgwH0U3<,0*09
\s:66,c:1782377497*4C\!AIVDM,1,1,,A,13mvi70P0AQ:=iHWe?;=@Ow408Dk,0*67
\s:66,c:1782377505*46\!AIVDM,1,1,,A,13b<Er0000PD>DRMdHmoGDML0<AL,0*11
\s:66,c:1782377506*45\!AIVDM,1,1,,B,17lobg@P00WLE9H0aLU7C?wJ0<7d,0*7B
\s:66,c:1782377507*44\!AIVDM,1,1,,B,B3@ojwh0@`>AQ07jfVR9owoQl@Kg,0*20
\s:66,c:1782377507*44\!AIVDM,1,1,,,B:V3wd@00?40@FwoQ=POwwoUoP06,0*7C
\s:66,c:1782377507*44\!AIVDM,1,1,,A,142Olhh01d1:qC8DhkU:SHGJ00Rv,0*4C
\s:66,c:1782377506*45\!AIVDM,1,1,,B,13`fLo001@PGv`RNP6AQPiIJ2D0j,0*0E
\s:66,c:1782377504*47\!AIVDM,1,1,,B,18KEU0002O7VPK22a511VAGF00Rp,0*20
\s:66,c:1782377504*47\!AIVDM,1,1,,B,33l3ouPvAWOOteRKK<dLhb1F0@KM,0*0C
\s:66,c:1782377501*42\!AIVDM,1,1,,A,13o;Q>00000hH>4R;WuGd91B08H4,0*53
\s:66,c:1782377502*41\!AIVDM,1,1,,A,1815UhPv@27>gtl1a2nnanu@0@Ho,0*3B
\s:66,c:1782377502*41\!AIVDM,1,1,,A,17Ok<vP000:l<G;dWvto?mi@0<1w,0*57
\s:66,c:1782377501*42\!AIVDM,1,1,,B,B3Ho97P0<wt5`BVlTBnFCwlUl000,0*60
\s:66,c:1782377505*46\!AIVDM,1,1,,A,16SsA2?2P29=QGRD4V51WBiF00SJ,0*5C
\s:66,c:1782377502*41\!AIVDM,1,1,,A,13aQdSh02CP5GJNMMU=Jd`WB053<,0*15
\s:66,c:1782377500*43\!AIVDM,1,1,,A,13`f6S@P00PFWCvMurdTf?w@28Gt,0*0E
\s:66,c:1782377502*41\!AIVDM,1,1,,,B5O<4w00;OR7QIUKa:eFCwm1l000,0*7B
\s:66,c:1782377505*46\!AIVDM,1,1,,B,39NSVN@qiJ`jFHHA2Vm<<9O@0Psi,0*70
\s:66,c:1782377500*43\!AIVDM,1,1,,A,139T;J002=0rs2bO>JhRoBE>08GO,0*01
\s:66,c:1782377502*41\!AIVDM,1,1,,A,15Pl500P00oWllPBdoD>4?wD2000,0*1A
\s:66,c:1782377503*40\!AIVDM,1,1,,B,B7ldgp@06anwvhP:e4I1?wlRTL7h,0*1D
\s:66,c:1782377504*47\!AIVDM,1,1,,A,402Q:dQvad`kcR2lpNI4<qo00d0i,0*05
\s:66,c:1782377504*47\!AIVDM,1,1,,B,36:5>:U001`gHV@AAfd008o40lmJ,0*0C
\s:66,c:1782377505*46\!AIVDM,1,1,,A,15@N?J0P00JCejr58qi5`?wL00Sr,0*28
\s:66,c:1782377505*46\!AIVDM,1,1,,A,15?dM:h01cRB6C<D1cWWv6IH00R6,0*6E
\s:66,c:1782377505*46\!AIVDM,1,1,,B,1693ID001``8aUB<pgiVE51F08Je,0*6E
\s:66,c:1782377505*46\!AIVDM,1,1,,A,13o;Q>00000hH>4R;WuGd8wJ00SB,0*79
\s:66,c:1782377505*46\!AIVDM,1,1,,A,13l7ev0000RG6iDClgj6``IJ0<2=,0*76
\s:66,c:1782377501*42\!AIVDM,1,1,,B,13aL?e`P0vPGw9hN=3lmW?wB2L2O,0*08
\s:66,c:1782377506*45\!AIVDM,1,1,,B,139qrP0P00Pec1tNW9@pCgwNR@K=,0*57
\s:66,c:1782377505*46\!AIVDM,1,1,,A,1:182j000>0`kh`IJGasAT9H00S1,0*11
\s:66,c:1782377505*46\!AIVDM,1,1,,A,169CdB3vh2`@3c@;KWVQWRmJ00S7,0*34
\s:66,c:1782377506*45\!AIVDM,1,1,,A,37m@<6001h8kwBbA1rO0R0SL06eC,0*78
\s:66,c:1782377502*41\!AIVDM,1,1,,B,13:edJ001HwW8<<Dc?o@G@;@0@GJ,0*01
\s:66,c:1782377504*47\!AIVDM,1,1,,A,13ld2<?v02Q2bD@DPGR>4:gH2D1F,0*73
\s:66,c:1782377495*4E\!AIVDM,1,1,,B,15@JU2012t2Fr5Of8PoaUoe800SJ,0*09
\s:66,c:1782377435*44\!AIVDM,1,1,,B,35@JU20wBt2Fseaf8V0qVWe806s3,0*6F
\g:1-2-5199036,s:66,c:1782377482*0B\!AIVDM,2,1,6,B,55@JU242D3qK<I46220m<>1`tF22222222222217B;sTG5mG0`QDmS0p,0*46
\g:2-2-5199036*6C\!AIVDM,2,2,6,B,888888888888880,2*21
\s:66,c:1782377503*40\!AIVDM,1,1,,A,B6:7D200027MI;5UCTHVOwlSQP06,0*4A
\s:66,c:1782377506*45\!AIVDM,1,1,,B,177967002b7sGQ09@DP0g@OJ08K3,0*11
\s:66,c:1782377508*4B\!AIVDM,1,1,,A,13cu7O000TOWfC8DS577gnOL0<5?,0*05
\s:66,c:1782377500*43\!AIVDM,1,1,,A,16=<R4002B`b?i4?DT8HC6S<0<0v,0*59
\s:66,c:1782377506*45\!AIVDM,1,1,,A,13=5CR01R9wdQQ6DjnKBGQkL0000,0*0A
\s:66,c:1782377502*41\!AIVDM,1,1,,B,15NU>P0005JU5InE3bu<VoeB00Rh,0*25
\s:66,c:1782377505*46\!AIVDM,1,1,,B,19NSh2h01tQDHH>EAkAs8HsJ0D4`,0*68
\s:66,c:1782377500*43\!AIVDM,1,1,,A,403siBAvad`kW`KA@pFCRb?0083:,0*46
\s:66,c:1782377505*46\!AIVDM,1,1,,B,16:MQr00098VJc@DW3F8vI1B0U34,0*08
\s:66,c:1782377506*45\!AIVDM,1,1,,B,13MACm00BF`95gL<dNPM5bS>00S7,0*13
\s:66,c:1782377505*46\!AIVDM,1,1,,A,19NSefh01i7sRp49bDU7P5uH053<,0*4D
\s:66,c:1782377505*46\!AIVDM,1,1,,A,38I=UO50000CN5<MEw61BQ3J0D`:,0*4E
\s:66,c:1782377500*43\!AIVDM,1,1,,A,35TrJ450@03gbP@>UWFB=bq>0F8r,0*3F
\s:66,c:1782377503*40\!AIVDM,1,1,,A,13o=mb701N1N5`d`=lJ2;1eF08I3,0*5D
\s:66,c:1782377503*40\!AIVDM,1,1,,A,13E`?jgP00P6aRJF@pSv4?wF253<,0*1D
\g:1-2-5199037,s:66,c:1782377505*04\!AIVDM,2,1,7,B,53l3p8H2=JFP=7;CW@1=@5J10uLE80000000001I=pM>8=T>NEm1p31U,0*61
\g:2-2-5199037*6D\!AIVDM,2,2,7,B,h00000000000000,2*78
\s:66,c:1782377502*41\!AIVDM,1,1,,A,16:>GIP0008cpNbB0JfKobkH08Ib,0*54
\s:66,c:1782377505*46\!AIVDM,1,1,,A,15?Per0w1u2W@iAfhtCIQWcL00S=,0*63
\s:66,c:1782377503*40\!AIVDM,1,1,,A,33HlaN0OhawQpR2KF7<`wGCD00tP,0*18
\s:66,c:1782377507*44\!AIVDM,1,1,,A,H7ldTp1@:08E8d5B0l4p@U8V0TT,2*09
\s:66,c:1782322851*4A\!AIVDM,1,1,,A,H7ldTp4l93?4=KsI4Pkpkp000000,0*04
\s:66,c:1782377505*46\!AIVDM,1,1,,A,13c`bdPP0nPq5aJIon3;mwwJ28JU,0*32
\s:66,c:1782377502*41\!AIVDM,1,1,,A,33n2pI000u0u9aBV>839d7gp0000,0*47
\s:66,c:1782377507*44\!AIVDM,1,1,,A,16:FBUP01F8LUvP=ui8m1kwN2<62,0*47
\s:66,c:1782377503*40\!AIVDM,1,1,,A,ENkb;1<Ih@@@@@@@@@@@@@@@@@@;iGcp9`mo`00003vP000,2*29
\s:66,c:1782377501*42\!AIVDM,1,1,,A,13o@>07000Q3hA2W<KoJm`7>08Gq,0*44
\s:66,c:1782377506*45\!AIVDM,1,1,,A,160koV00090iTj>QBgth1:sH08K?,0*37
\s:66,c:1782377507*44\!AIVDM,1,1,,B,C8IS76P001nfMf0<;QH03wv0D2J:WT00000000000000:P40PPPP,0*70
\s:66,c:1782377508*4B\!AIVDM,1,1,,B,19NSW4@02?ww4vfLco;H1VEP0@L<,0*4B
\s:66,c:1782377507*44\!AIVDM,1,1,,A,169C2VPP008VsDhBD1::VwwJ0@KI,0*57
\s:66,c:1782377505*46\!AIVDM,1,1,,B,14qhnW0000KVCpB9BR42snsH08JL,0*6B
\s:66,c:1782377508*4B\!AIVDM,1,1,,A,138o>H0w1q0E1JbNTt`oqF?N0@LF,0*33
\s:66,c:1782377507*44\!AIVDM,1,1,,A,33LLph00001FoT<WoKw`jV?p0000,0*59
\s:66,c:1782377504*47\!AIVDM,1,1,,A,13I2qb?P0`PG<nDHccb:JgwH28Ig,0*54
\s:66,c:1782377499*42\!AIVDM,1,1,,B,133Vrt00000=ImdMD6tN44c>00SB,0*40
\s:66,c:1782377502*41\!AIVDM,1,1,,A,403OtTiuJl`kaoQsd0C6IFw02<<F,0*7E
\s:66,c:1782377499*42\!AIVDM,1,1,,A,33u>Pf00001D5WNQwI5<>Rkp0000,0*13
\s:66,c:1782377505*46\!AIVDM,1,1,,A,169G:e0P0189A;4<ntfLIpMF08JW,0*05
\s:66,c:1782377505*46\!AIVDM,1,1,,B,17mFB0gP01`=nGQvdVMlSgwF2538,0*05
\s:66,c:1782377499*42\!AIVDM,1,1,,B,ENk`snNW1@@@@@@@@@@@@@@@@@@=LVUD;mh6h00003vP000,2*61
\s:66,c:1782377503*40\!AIVDM,1,1,,B,ENkb:92ch2W2@6:@@@@@@@@@@@@;hR739U0gp00003vP000,2*6F
\s:66,c:1782377504*47\!AIVDM,1,1,,A,1772ki00iu`lg1:CSt;d>qq@053<,0*14
\s:66,c:1782377500*43\!AIVDM,1,1,,A,403OvvAuJl`k`sBli::NSS?02D2L,0*5A
\s:66,c:1782377504*47\!AIVDM,1,1,,A,13VLV:;001`ffj2AAmC`pqkD0<;0,0*07
\s:66,c:1782377503*40\!AIVDM,1,1,,,13`kqh1000PEAGPNfFO3ligD0000,0*01
\s:66,c:1782377505*46\!AIVDM,1,1,,B,13LBcI001o1OA5RRE576GE:00000,0*2E
\s:66,c:1782377506*45\!AIVDM,1,1,,B,B6:dboh0029fs04U0dbhKwv63P06,0*62
\s:66,c:1782377507*44\!AIVDM,1,1,,B,B6::EI00HR;rul4EJi3Md5v63P06,0*4F
\s:66,c:1782377508*4B\!AIVDM,1,1,,B,13`kqh1P@1PEAGNNfFO2sQeN053<,0*68
\s:66,c:1782377497*4C\!AIVDM,1,1,,B,33Qh3j1001OWJ8:Dd0?IkI7<0E3b,0*7E
\s:66,c:1782377506*45\!AIVDM,1,1,,B,134>uL;000PCWqTMFR0iq99<08KH,0*38
\s:66,c:1782377504*47\!AIVDM,1,1,,A,16:=caPP1?8bpFPFTgHRROwF0@IW,0*3B
\s:66,c:1782377502*41\!AIVDM,1,1,,B,16:R16000s8hoepAo@j6pUG@2<3g,0*6E
\s:66,c:1782377506*45\!AIVDM,1,1,,B,13P;JN@01n09eI<MDdAjD1oN0@K7,0*60
\s:66,c:1782377502*41\!AIVDM,1,1,,B,13aGD8@P00PF;PlMTK6EIOw:28H<,0*68
\s:66,c:1782377506*45\!AIVDM,1,1,,A,13`mOD001>P@s1fMKEDLPr1L053<,0*07
\s:66,c:1782377508*4B\!AIVDM,1,1,,B,137MsR3P0<5@2Hr2IRlA3gw@20Rc,0*3A
\s:66,c:1782377506*45\!AIVDM,1,1,,B,B3MAa8@06ou3<W739cF9WwnQj0NA,0*6E
\s:66,c:1782377497*4C\!AIVDM,1,1,,A,16:G3kP01<8e2lPAs:66,0*79
\s:66,c:1782377503*40\!AIVDM,1,1,,B,702:oP3dTno@,0*57
\s:66,c:1782377501*42\!AIVDM,1,1,,A,33aBMu@0000Jg@4NHQEh001p0000,0*1F
\s:66,c:1782377501*42\!AIVDM,1,1,,A,13aIh>@P00PDR;lMe;URC?wB2<4O,0*73
\s:66,c:1782377497*4C\!AIVDM,1,1,,A,13`holh00ePNN1JMHsn`6nK;2@Ek,0*05
\s:66,c:1782377504*47\!AIVDM,1,1,,A,B6:dji@0@B25I=S@5iaKm9EWQP06,0*2A
\s:66,c:1782377502*41\!AIVDM,1,1,,A,13l9@Eh:3LOi6QJDuDoC9wwB0<02,0*7E
\s:66,c:1782377505*46\!AIVDM,1,1,,A,16:<@0P01W8fhF@A7fA3`3OH00S0,0*34
\s:66,c:1782377503*40\!AIVDM,1,1,,A,3kIVpD9P0BOkq?6J0A9svIM>2000,0*2D
\s:66,c:1782377504*47\!AIVDM,1,1,,A,15?dUe@01l8am96>`1Vim1UH08Ig,0*68
\s:66,c:1782377501*42\!AIVDM,1,1,,A,405NIjivad`kW7b:G`5rLhwP253<,0*38
\s:66,c:1782377499*42\!AIVDM,1,1,,A,B3Eh0vP007sv59U@;qgQ3wk1h000,0*7D
\s:66,c:1782377505*46\!AIVDM,1,1,,A,133Vo28000P>`gbMGg1Ud2aJ08JF,0*6F
\s:66,c:1782377506*45\!AIVDM,1,1,,A,19t6Veh01OWJ`IT0bwIKp9IL20SK,0*68
\s:66,c:1782377506*45\!AIVDM,1,1,,A,B9t6Veh0Ginb6NP:gk6vGwlV3P06,0*67
\s:66,c:1782377502*41\!AIVDM,1,1,,B,13ADbf0P@1083<LN1dSbSWkB00SD,0*6C
\s:66,c:1782377504*47\!AIVDM,1,1,,B,703t:cke15Ll,0*16
\s:66,c:1782377507*44\!AIVDM,1,1,,A,1815=v@01lWFr7f0r<@TcCiP053<,0*06
\s:66,c:1782377507*44\!AIVDM,1,1,,A,13`e?WPP1EPBgJDMf3H3hwwL2D5;,0*79
\s:66,c:1782377507*44\!AIVDM,1,1,,A,1914hsPP00POhG8E6dM9sOwL20S3,0*3E
\s:66,c:1782377505*46\!AIVDM,1,1,,A,33bdPP3Oi@P@Ca`Mf8Hk22MF00w0,0*5B
\s:66,c:1782377504*47\!AIVDM,1,1,,A,B3mdSLP000DVoH9qm1l000N00000,0*22
\s:66,c:1782377503*40\!AIVDM,1,1,,B,160ra<0v1F3QvWh@=oNe1JGD20Ro,0*59
\s:66,c:1782377502*41\!AIVDM,1,1,,A,33R1Se001b1K<nrFcGtre8Qp0000,0*62
\s:66,c:1782377506*45\!AIVDM,1,1,,B,19NSbB@02G7qg>B6IIJ1<hsL0@Ju,0*21
\s:66,c:1782377507*44\!AIVDM,1,1,,A,1:kJmr0000Ji?7qbw3j1aA?L053<,0*6D
\s:66,c:1782377503*40\!AIVDM,1,1,,A,15SKWb001lqVeGr@SQcp<nU>0PS5,0*4B
\s:66,c:1782377502*41\!AIVDM,1,1,,B,139<u0001dP0cKlFFF><e:=D28Hw,0*41
\s:66,c:1782377505*46\!AIVDM,1,1,,B,B:pE3Uh0TvaTb61NlUAsCwnUoP06,0*57
\g:1-2-5199038,s:66,c:1782377502*0C\!AIVDM,2,1,8,A,55?dQ1P2>54w<G?G;:0h4AV0lE84j22222222216B8K>=5f10IiAhC6H,0*6B
\g:2-2-5199038*62\!AIVDM,2,2,8,A,888888888888880,2*2C
\s:66,c:1782377508*4B\!AIVDM,1,1,,A,15E0El001w7V8gv2WjQ8aG2t053<,0*7C
\s:66,c:1782377506*45\!AIVDM,1,1,,A,13aGG6PP0aPH9plNM6;4`?wL253<,0*49
\s:66,c:1782377504*47\!AIVDM,1,1,,A,18I92o00177Ki=V0fRwiR1EH0L<P,0*1E
\s:66,c:1782377502*41\!AIVDM,1,1,,B,36:?H5P0027gt:@:o`D<V3qB0000,0*7F
\s:66,c:1782377504*47\!AIVDM,1,1,,A,C3BHI:w40J;i`=4ChoV=?wP0DBLl@B`NL>@2L?KQR00000000020,0*29
\s:66,c:1782377499*42\!AIVDM,1,1,,A,33F9HR5001wW720Dc;>;7ic>0000,0*48
\s:66,c:1782377506*45\!AIVDM,1,1,,A,152i:V001MJ6M0n=r>hrJHEN0@KD,0*1B
\s:66,c:1782377501*42\!AIVDM,1,1,,A,13Q7N80t02PNWbvG>K<mm`9>08HA,0*47
\s:66,c:1782377501*42\!AIVDM,1,1,,B,177hvM001W7?Jj61SQhcQa=>0D3M,0*3E
\s:66,c:1782377501*42\!AIVDM,1,1,,A,18KE=T3000SPw>6@=G5KGbG@0<<s,0*12
\s:66,c:1782377504*47\!AIVDM,1,1,,A,13P;qGh2h6Ovd1<LvtiP1wwH08Il,0*0E
\s:66,c:1782377505*46\!AIVDM,1,1,,A,3913QRU000Pe7CbI?;31vokJ0Dg:,0*35
\s:66,c:1782377502*41\!AIVDM,1,1,,A,402M4mAvad`k`1B?c0Wn387P00S:,0*7E
\s:66,c:1782377507*44\!AIVDM,1,1,,A,16ld3N5P0QaK`BTHaK55pwwN20S9,0*38
\s:66,c:1782377502*41\!AIVDM,1,1,,B,18Htf<00023Olqr@>gC<gb3@0d>3,0*12
\s:66,c:1782377502*41\!AIVDM,1,1,,A,403OtUAuJl`kaoNuaPCQ37?020S:,0*10
\s:66,c:1782377507*44\!AIVDM,1,1,,B,13Q;;JP01kPbW;tHfgDS62WJ0U3<,0*01
\s:66,c:1782377502*41\!AIVDM,1,1,,A,33o0G50OiN0i7QRRAoVFt5U@01j@,0*2D
\g:1-2-5199039,s:66,c:1782377506*09\!AIVDM,2,1,9,A,58I4Iw82EIVKUKS33:1A=DeETtlV0E@E8pUAV216C0LC;5dE0?iDp340,0*74
\g:2-2-5199039*63\!AIVDM,2,2,9,A,H88888888888880,2*5D
\g:1-2-5199040,s:66,c:1782377505*04\!AIVDM,2,1,0,A,53ku:bH2>8`<=447L005>0<4lDhhT4000000001?F8fE9=O;`?@kVSlh,0*1E
\g:2-2-5199040*6D\!AIVDM,2,2,0,A,000000000000000,2*24
\s:66,c:1782377503*40\!AIVDM,1,1,,A,403t=KQvad`ke`d:WFAtwnW0053<,0*31
\s:66,c:1782377507*44\!AIVDM,1,1,,B,B3prf40001j66QPq`9P03wSUkP06,0*59
\s:66,c:1782377508*4B\!AIVDM,1,1,,B,13iVm6001sObO1<L>KpqF7GL00S;,0*44
\s:66,c:1782377508*4B\!AIVDM,1,1,,A,176sE@001K7akeJ5uavDRkWJ08Km,0*11
\s:66,c:1782377508*4B\!AIVDM,1,1,,A,B69D>300Br<e<uTF6qTNowo6SP06,0*09
\g:1-2-5199041,s:66,c:1782377499*01\!AIVDM,2,1,1,B,5610Eu42CK1dQ`OCO?985L48V375:2222222220l2@b87udgN<6UC5A`,0*5B
\g:2-2-5199041*6C\!AIVDM,2,2,1,B,3si`88888888880,2*6F
\s:66,c:1782377505*46\!AIVDM,1,1,,A,1:5b6n001dR2O@0GFR;SC2QH0HJ>,0*77
\s:66,c:1782377505*46\!AIVDM,1,1,,A,35?CuP1002TwF1:<urtr6rAB0Dg:,0*47
\s:66,c:1782377504*47\!AIVDM,1,1,,A,144cEV0P00R60<TGGV`h00OB253<,0*60
\s:66,c:1782377501*42\!AIVDM,1,1,,B,19NSu70027OtHm0Llv?arouB0@HK,0*08
\s:66,c:1782377506*45\!AIVDM,1,1,,A,18Htl5PP0CWF<Np10abcMgwL2D0u,0*69
\g:1-2-5199042,s:66,c:1782377506*05\!AIVDM,2,1,2,B,59t6T6h2;BpgTiG;KSI<P4r18T<R222222222216;hD:95cm0<@k`64h,0*00
\g:2-2-5199042*6F\!AIVDM,2,2,2,B,H88888888888880,2*55
\s:66,c:1782377505*46\!AIVDM,1,1,,A,13UpIh001oWO<hj0jcgla3i:08Iq,0*5B
\s:66,c:1782377501*42\!AIVDM,1,1,,B,B3MBI>P0?wv?aV7@C<V97wk1l0Po,0*64
\s:66,c:1782377501*42\!AIVDM,1,1,,B,33a6AR0PAL2Ab1mec3S9T7O>0000,0*0C
\s:66,c:1782377505*46\!AIVDM,1,1,,B,33a6AR0OiL2AavMec3GaP7OF00kP,0*54
\s:66,c:1782377493*48\!AIVDM,1,1,,A,H3`elhQ<5@U<H4=@Ttp00000000,2*7E
\s:66,c:1782377501*42\!AIVDM,1,1,,A,H3`elhTT0000000@9ollq02@0220,0*49
\s:66,c:1782377506*45\!AIVDM,1,1,,B,E>nrA`L17TPhJ00000000000000>Eus?q8cS000003o010,4*6D
\s:66,c:1782377506*45\!AIVDM,1,1,,B,13KQCS00001P7A8RPqT>48D00000,0*63
\s:66,c:1782377506*45\!AIVDM,1,1,,B,13EbnlWP0MP2IbdEu3>`3wwL2<0M,0*04
\s:66,c:1782377505*46\!AIVDM,1,1,,A,H69CAhP@tpN0@TpN3J222222220,2*00
\s:66,c:1782377505*46\!AIVDM,1,1,,B,H69CAhTm6DejihlPPPPPPP10<220,0*7C
\s:66,c:1782377505*46\!AIVDM,1,1,,,13Im1j0u0D7QeA61LPatb`OH0000,0*62
\s:66,c:1782377508*4B\!AIVDM,1,1,,B,13:s3p001s7cvNt4?cR@u0UP0D0E,0*4C
\s:66,c:1782377505*46\!AIVDM,1,1,,A,6h4Lbj@0000403H3=03S8eP@j0CQ,0*6C
\s:66,c:1782377505*46\!AIVDM,1,1,,A,15BjGp01252v2:1gQE0aCGOH00Rq,0*44
\s:66,c:1782377504*47\!AIVDM,1,1,,B,18I6ok002E9=m0jCt`pW3maF053<,0*10
\s:66,c:1782377505*46\!AIVDM,1,1,,A,13bTt88P1<SmNHJ>80i3Wgwh0t@2,0*3C
\s:66,c:1782377499*42\!AIVDM,1,1,,A,13mVNl?000Q@oJ4WjiK`s5G@00SG,0*18
\s:66,c:1782377506*45\!AIVDM,1,1,,B,1:kJQoO001ri7Psbl2hQjQQL08K>,0*1E
\s:66,c:1782377506*45\!AIVDM,1,1,,B,16:=2r001K8esNPA?@r=CPKD0H35,0*3C
\s:66,c:1782377502*41\!AIVDM,1,1,,B,19NSPjP0AuOf6s4LBRaBDQsF08Hu,0*6C
\s:66,c:1782377505*46\!AIVDM,1,1,,A,16:CgMPP1j8;;5r<rF;BkwwH0HJD,0*72
\s:66,c:1782377507*44\!AIVDM,1,1,,A,13TfmS0P00Q`tFTG@7o08OwN0@KU,0*50
\s:66,c:1782377506*45\!AIVDM,1,1,,A,33=;N40siJsW55HKTFN4`Ccp00=C,0*3B
\s:66,c:1782377508*4B\!AIVDM,1,1,,A,16jH380P01U@>k82Ivd>4?w<20Su,0*22
\s:66,c:1782377508*4B\!AIVDM,1,1,,A,19NSboh12=Gtt;h=P3350SuN0@LF,0*06
\s:66,c:1782377508*4B\!AIVDM,1,1,,B,15NBODdwh0JdWs:66,0*4C
\s:66,c:1782377497*4C\!AIVDM,1,1,,A,139oMN0P00PeWppNWpq00?w82D4I,0*10
\s:66,c:1782377506*45\!AIVDM,1,1,,A,15Q;tF002=WCueT195WcraWL0HK:,0*2D
\s:66,c:1782377505*46\!AIVDM,1,1,,B,13IUJ600000F7nJHn40d@l9H08J?,0*44
\s:66,c:1782377505*46\!AIVDM,1,1,,B,17ldsLPP007aCmWtQe3lSOwJ253<,0*0D
\s:66,c:1782377502*41\!AIVDM,1,1,,A,169`DV001a8LRFvEvpHRH1oB053<,0*2B
\s:66,c:1782377505*46\!AIVDM,1,1,,B,33cGFd50000ATWpME>QVT5AJ0DrJ,0*33
\s:66,c:1782377507*44\!AIVDM,1,1,,B,13in1h001m0C=trGSo7he@WJ0<4T,0*1D
\s:66,c:1782377507*44\!AIVDM,1,1,,B,B3Msg400:wvAsGW@PNqN?woQl8K`,0*48
\s:66,c:1782377507*44\!AIVDM,1,1,,A,19NSFm@02=1?i@Eda?ce0:MN0<0M,0*41
\s:66,c:1782377506*45\!AIVDM,1,1,,A,D03t@Shl<Nfp00N000,4*1C
\s:66,c:1782377499*42\!AIVDM,1,1,,A,B52lAuh005krQ?5J:KWQ3wl1jDhb,0*24
\s:66,c:1782377503*40\!AIVDM,1,1,,B,19NST>P0j39jDWnD1Wn8DVaB0@IB,0*73
\s:66,c:1782377505*46\!AIVDM,1,1,,A,17mRNd@3l:7JjT@0Ww79fgwB053<,0*33
\s:66,c:1782377505*46\!AIVDM,1,1,,B,133fd:PP1IPCQ7lMHChUEgwL20S7,0*49
\s:66,c:1782377502*41\!AIVDM,1,1,,A,18R1TO0017SQeTl@9aSn>E3F0DBP,0*43
\s:66,c:1782377506*45\!AIVDM,1,1,,A,16:DJ?8P007=mtd7MD;v4?v`0d3w,0*4B
\s:66,c:1782377506*45\!AIVDM,1,1,,B,33cs:66,0*73
\s:66,c:1782377507*44\!AIVDM,1,1,,A,19NSW?PwRhSM`F=qG::j`R=L0<06,0*56
\s:66,c:1782377508*4B\!AIVDM,1,1,,B,18I5p8002c7SK<82;s48QFmN0@L=,0*21
\s:66,c:1782377503*40\!AIVDM,1,1,,A,402:nmQvad`kbOcvobKFK1gP0L4u,0*48
\s:66,c:1782377504*47\!AIVDM,1,1,,A,14dAad001jPI6>REIpvbA`=H0`J2,0*0F
\s:66,c:1782377497*4C\!AIVDM,1,1,,A,16:9uk0000`Q33BF3e5kRBg:0HEj,0*1B
\s:66,c:1782377504*47\!AIVDM,1,1,,A,13mMep80000J>OjSbni<F6kH00S9,0*4B
\g:1-2-5199043,s:66,c:1782377501*03\!AIVDM,2,1,3,A,53tg1mT00003M<7;3;U8E<=DF0hJ0P4hh4p@000k0p111000004miA2D,0*39
\g:2-2-5199043*6E\!AIVDM,2,2,3,A,j84hD`5QDliC000,2*6B
\s:66,c:1782377498*43\!AIVDM,1,1,,A,11mg=5@P00ROgH<@dgOP0?w<20S@,0*33
\s:66,c:1782377503*40\!AIVDM,1,1,,A,39NSNB@3igFwpv@KmU>ld3gp0000,0*56
\s:66,c:1782377502*41\!AIVDM,1,1,,A,1815K?hwj@7PO1t1F1@0607@053<,0*4A
\s:66,c:1782377505*46\!AIVDM,1,1,,B,1569b40P0U3q4=V>BFGHbgwv0<4i,0*00
\s:66,c:1782377503*40\!AIVDM,1,1,,A,15MvlOPP0EJ6Q0V?Oqu3SOwF2000,0*6C
\s:66,c:1782377502*41\!AIVDM,1,1,,A,13P<23h000wqI06ONC<UGnEB08Hf,0*7B
\s:66,c:1782377504*47\!AIVDM,1,1,,A,13oVWV800k1cpRB`Ka0FPUCF00S0,0*22
\s:66,c:1782377505*46\!AIVDM,1,1,,A,13mTON00000L0W:SgTJV`RmF053<,0*52
\g:1-2-5199044,s:66,c:1782377504*01\!AIVDM,2,1,4,B,53KuE>82<Tf@ta4P000HTpq1Di000000000000182RW9B5e3eA1RB1C0,0*34
\g:2-2-5199044*69\!AIVDM,2,2,4,B,000000000000008,2*2B
\s:66,c:1782377502*41\!AIVDM,1,1,,A,E>jHC?JW7a:4@2Pab@9`4b00000@3KEH>fFt@20@@@lgB0,4*38
\s:66,c:1782377507*44\!AIVDM,1,1,,A,13KuE>002gQEkhDPD:fA=0sJ0@KR,0*33
\s:66,c:1782377503*40\!AIVDM,1,1,,B,139uARPP00PNkhTML?Df4?wF20RE,0*02
\s:66,c:1782377505*46\!AIVDM,1,1,,A,H7loe=Dl93?9;fAI42nomh0pB25t,0*00
\s:66,c:1782377505*46\!AIVDM,1,1,,A,13f;Qt002?wFOejIRr1oIUuB0D0=,0*45
\s:66,c:1782377506*45\!AIVDM,1,1,,A,16:BFr00008fCdpAglvIJjmqBP00,0*3F
\s:66,c:1782377503*40\!AIVDM,1,1,,A,13HgU@00000FK>FHnEsSDDm@0U3<,0*5F
\s:66,c:1782377507*44\!AIVDM,1,1,,A,134;Jp0vBAPA4HlMIFJ5<l5J88KB,0*4E
\s:66,c:1782377508*4B\!AIVDM,1,1,,B,B6:4bWP0S2;kTQTDW<j`66oWQP06,0*70
\s:66,c:1782377503*40\!AIVDM,1,1,,B,13nrW<0028wQlptKCmKicQKD00SG,0*7A
\s:66,c:1782377504*47\!AIVDM,1,1,,B,15CF<n001vrJ6>h?3BusrIMB8<0a,0*40
\s:66,c:1782377501*42\!AIVDM,1,1,,B,17ldJdH0008FfTMwB57<C@7D0<2G,0*7E
\s:66,c:1782377500*43\!AIVDM,1,1,,B,3CgpfaW00;NAm<pUpKc4PCl4001B,0*06
\s:66,c:1782377506*45\!AIVDM,1,1,,A,28SJDBQP00Waq4062EF=twwH2D3L,0*7E
\s:66,c:1782377508*4B\!AIVDM,1,1,,B,16?bbH0P06Tw5c8=172C1OwL20RH,0*69
\s:66,c:1782377507*44\!AIVDM,1,1,,B,28SJPw30007am7f60bD<2l5N0@Ka,0*1B
\s:66,c:1782377506*45\!AIVDM,1,1,,B,17lcQKgP01WM4TV0Vp=MtgwJ28KK,0*6E
\s:66,c:1782377508*4B\!AIVDM,1,1,,B,144hqd?P012:<;tR@wWdsOwN2HKs,0*6D
\s:66,c:1782377508*4B\!AIVDM,1,1,,A,342OetU0@0R5wiJGGVjPC7UP0Dor,0*1F
\s:66,c:1782377508*4B\!AIVDM,1,1,,A,19NSl800k22;;QgeTJiIc7mL00SA,0*06
\s:66,c:1782377503*40\!AIVDM,1,1,,A,139GF7P000PS<DlOo26PHa?F0@Ic,0*22
\s:66,c:1782377508*4B\!AIVDM,1,1,,B,139o:QP0000eJUtN`kO8L8WR053<,0*0D
\s:66,c:1782377508*4B\!AIVDM,1,1,,A,18Hwgt002<1gOqmdBEA:CHAL0HL9,0*1B
\s:66,c:1782377502*41\!AIVDM,1,1,,A,403D6IAvad`k`KWv?H8PTc?00<0A,0*43
\s:66,c:1782377503*40\!AIVDM,1,1,,B,19NSl7h2QV0CIeRMHclcSqAD0@Ih,0*24
\s:66,c:1782377498*43\!AIVDM,1,1,,B,13m;IfPP2fQ4l5hWJgb<Jgw:253<,0*12
\s:66,c:1782377505*46\!AIVDM,1,1,,B,168uqL0P0088JEh<teg:fgwH0@J<,0*1D
\s:66,c:1782377501*42\!AIVDM,1,1,,A,13cb;i003JPmQl@G20kUj4W<0D0F,0*02
\s:66,c:1782377501*42\!AIVDM,1,1,,B,13MB@`h00;P<5F2NisH9a4I60U3<,0*13
\s:66,c:1782377498*43\!AIVDM,1,1,,B,37Ok<gP00SbkopQd`b<8p7I<22pA,0*7B
\s:66,c:1782377506*45\!AIVDM,1,1,,B,29N`2wU0007aoCn613RQ60qJ0D4;,0*45
\s:66,c:1782377505*46\!AIVDM,1,1,,A,155iCNP01uR4ioNGI32=6rOD053<,0*0E
\s:66,c:1782377503*40\!AIVDM,1,1,,B,16:>fmS0078KKNJF@77UoacB08I2,0*7A
\s:66,c:1782377506*45\!AIVDM,1,1,,B,17licepP007LWvH0Uf0h0?wH0L9q,0*4D
\s:66,c:1782377499*42\!AIVDM,1,1,,A,33EnQMP000Nml3P@CRtlI3Qp0000,0*4F
\s:66,c:1782377507*44\!AIVDM,1,1,,B,18Hwad00007JI3l0etF6j8SD0@Kt,0*26
\s:66,c:1782377503*40\!AIVDM,1,1,,A,H3prbaA<EHDr222222222222220,2*28
\s:66,c:1782377496*4D\!AIVDM,1,1,,A,13aI;lP01SPKe9JMcQ@sJ9760D2T,0*78
\s:66,c:1782377500*43\!AIVDM,1,1,,A,B614@>P01`q3<UT1EBkQ3wl1kP04,0*4D
\s:66,c:1782377503*40\!AIVDM,1,1,,A,B3`lM8h0;H5USU7U`7<>CwmQl53<,0*0A
\s:66,c:1782377502*41\!AIVDM,1,1,,A,18I1MD001`8ikK6AkKtbQ`UF00S<,0*72
\s:66,c:1782377508*4B\!AIVDM,1,1,,B,B33Dq>P00OR`B55IPtGQ3wq5l000,0*24
\s:66,c:1782377507*44\!AIVDM,1,1,,A,133v;;PP00P:n8vM==p;nOwNR0SR,0*56
\s:66,c:1782377506*45\!AIVDM,1,1,,A,177h<n0wjR7Pm9n1IQ:PlPcH0@K2,0*52
\s:66,c:1782377508*4B\!AIVDM,1,1,,B,1815Reh12V7Vs?<2TOn`NnkL00S0,0*70
\s:66,c:1782377501*42\!AIVDM,1,1,,A,3568H2@013Ojh<2Dhmjk82ap0000,0*3E
\s:66,c:1782377505*46\!AIVDM,1,1,,,13aJHJ8P0fPGc:0NPOoDu?wJ2D2w,0*32
\s:66,c:1782377504*47\!AIVDM,1,1,,B,377Dg25001`fhBBA6VfVV83>0Dg:,0*36
\s:66,c:1782377502*41\!AIVDM,1,1,,A,17ldoN0P3eWLD<00eO6cfwwB28Hk,0*2E
\s:66,c:1782377504*47\!AIVDM,1,1,,,13l?F@02272g7kojm=@1=Q2R053<,0*1C
\s:66,c:1782377501*42\!AIVDM,1,1,,A,B3HwK?0006rEC>24M>6QJ1N00000,0*47
\s:66,c:1782377498*43\!AIVDM,1,1,,B,1815R>00003R0=4@@djuS:?80`DI,0*54
\s:66,c:1782377505*46\!AIVDM,1,1,,A,18I82k00Rs7SW>r2<oWiGA9F00S6,0*1A
\s:66,c:1782377502*41\!AIVDM,1,1,,A,14WS:D001QJJ348>mGJTKCQ@08H`,0*35
\s:66,c:1782377506*45\!AIVDM,1,1,,A,16:6u40Oi68Ulg4Eu2D:gpkL00RT,0*54
\s:66,c:1782377507*44\!AIVDM,1,1,,A,36T`qP?6@0mCC>cmumrB5wwL3000,0*40
\s:66,c:1782377506*45\!AIVDM,1,1,,B,15S4GH9P0EJB;Lp5FU00AgwL08Jr,0*51
\s:66,c:1782377506*45\!AIVDM,1,1,,A,34hvg>5000re3JnGBp8W28kJ0000,0*52
\s:66,c:1782377507*44\!AIVDM,1,1,,B,15?dd1h0072jTK4<Cb4T;0kL0<@>,0*20
\s:66,c:1782377507*44\!AIVDM,1,1,,B,17lj77h0h:7EMjr0t6TT55eN053<,0*5B
\s:66,c:1782377504*47\!AIVDM,1,1,,,13Ikh93001PLMnNNruKD2;3D053<,0*57
\s:66,c:1782377503*40\!AIVDM,1,1,,B,13`ddmh01CPFfFvNCvM<Hb3F0L2S,0*08
\s:66,c:1782377506*45\!AIVDM,1,1,,A,3770dW1001OdjEv2tftVRo?H0Dn:,0*0C
\s:66,c:1782377505*46\!AIVDM,1,1,,A,B7mF?a000b5d>jwl73LucwmRTHJT,0*7E
\s:66,c:1782377508*4B\!AIVDM,1,1,,B,18I;TU002Q;7rJJG:v<RojAR0Gww,0*46
\s:66,c:1782377508*4B\!AIVDM,1,1,,B,13IKF25OiSOMD1NKLtvBs2KR053<,0*3D
\s:66,c:1782377500*43\!AIVDM,1,1,,B,36:>OE1P028i@jlAWadE=ww>0000,0*0F
\s:66,c:1782377504*47\!AIVDM,1,1,,A,B4Q<jP0006mu352`DU@000N00000,0*52
\s:66,c:1782377504*47\!AIVDM,1,1,,A,H4Q<jP1<E8DpUAT000000000000,2*0B
\s:66,c:1782377504*47\!AIVDM,1,1,,A,H4Q<jP400000000G4>mqhi000440,0*69
\s:66,c:1782377501*42\!AIVDM,1,1,,A,28SK0c@P04Wb8Lp5rb9nQ?w>28Hf,0*33
\s:66,c:1782377497*4C\!AIVDM,1,1,,A,13clIB00180g:fLHsI6`fW3:0000,0*72
\s:66,c:1782377504*47\!AIVDM,1,1,,A,B8Sjd=@001rM2H1P4DvJ9sE4SP06,0*1B
\s:66,c:1782377504*47\!AIVDM,1,1,,B,28SJH?30027aleB61`=TcimH0<5>,0*7B
\s:66,c:1782377505*46\!AIVDM,1,1,,B,19NSCu01jS1CeDudGdnV6TkJ00S6,0*41
\s:66,c:1782377503*40\!AIVDM,1,1,,B,18HvuAgP00SSHMD@?amkRgwD28IS,0*5E
\g:1-2-5199045,s:66,c:1782377505*01\!AIVDM,2,1,5,A,59NSDW@2@a:DCD=C:20dn1<P4pLP4V2222222216G0a<D1VV0ThjH0@R,0*47
\g:2-2-5199045*68\!AIVDM,2,2,5,A,`88888888888880,2*79
\s:66,c:1782377501*42\!AIVDM,1,1,,A,33l3p5m0007<iL@2L3iST@U<0Dg:,0*2C
\s:66,c:1782377506*45\!AIVDM,1,1,,A,13cp;N3P000`mCnIJHm1aOwN08KM,0*3F
\s:66,c:1782377502*41\!AIVDM,1,1,,A,13AL7B00000AkhHN:Dt0G1KB0D81,0*10
\s:66,c:1782377500*43\!AIVDM,1,1,,B,13aGuw0P00PVgajNMAU0@?wB2D0L,0*6E
\s:66,c:1782377506*45\!AIVDM,1,1,,A,19N`3J@0012:EN@RA9K2EA5H0`Jl,0*17
\s:66,c:1782377503*40\!AIVDM,1,1,,A,18I;g80001P5r6rMfrHQEaS40<2n,0*03
\s:66,c:1782377503*40\!AIVDM,1,1,,B,13uCQ4UOi;QAfQRQrVsJT`UF0L12,0*5D
\s:66,c:1782377507*44\!AIVDM,1,1,,B,14eHbwh0P0rkvD<JQ<;io75J0@KE,0*1B
\s:66,c:1782377503*40\!AIVDM,1,1,,B,16::PT0P008PhN0FKNV<qwwD053<,0*2E
\s:66,c:1782377504*47\!AIVDM,1,1,,A,3kIPMH0000Oms06K2wW:i0e<0000,0*56
\s:66,c:1782377499*42\!AIVDM,1,1,,B,333hHJ?P@h0=Wi8MEhH2E1k>01s@,0*39
\s:66,c:1782377505*46\!AIVDM,1,1,,B,133hHJ?P@h0=WlLMEhS2AAcJ0<5o,0*3D
\s:66,c:1782377508*4B\!AIVDM,1,1,,B,B55Hpv@009D7APPV;9Pmwwj5oP06,0*6D
\s:66,c:1782377506*45\!AIVDM,1,1,,B,146eVD0P@cNhEk2;GV<4QSTp0`K0,0*37
\s:66,c:1782377506*45\!AIVDM,1,1,,B,15Rdgb002ENnECH>kv013PuH0HK>,0*7A
\s:66,c:1782377506*45\!AIVDM,1,1,,A,13MCV>h0003jH16>1g:DJDmF0<@u,0*06
\s:66,c:1782377506*45\!AIVDM,1,1,,A,13f9I>0OiQ12NRTDRc<13A3H00SE,0*67
\s:66,c:1782377507*44\!AIVDM,1,1,,A,13l3nN@0jT7d89R4@jFpNnoH0D0D,0*3A
\s:66,c:1782377507*44\!AIVDM,1,1,,A,13clIB001:0g:`HHsHR8do3N0<5T,0*6C
\s:66,c:1782377507*44\!AIVDM,1,1,,B,13aQ5APP000FKHlMvt1cKOwN253<,0*52
\s:66,c:1782377508*4B\!AIVDM,1,1,,A,18159:h00?2g4jf=9dEF?6iP0PRp,0*03
\s:66,c:1782377508*4B\!AIVDM,1,1,,B,19NSIIh02aNs6QJEa@Wc?`wL0D07,0*6C
\s:66,c:1782377502*41\!AIVDM,1,1,,B,169D2o0000`fs46A:uqM16WB20Sc,0*67
\s:66,c:1782377505*46\!AIVDM,1,1,,A,14`MA40037OQuIdJwbUA:0wF8@JL,0*37
\s:66,c:1782377503*40\!AIVDM,1,1,,A,13aQ7u001dPBhrBN5tge>baF0@IN,0*48
\s:66,c:1782377503*40\!AIVDM,1,1,,A,15?dg4h01C`j:5PAfopbbpeD08I<,0*41
\s:66,c:1782377507*44\!AIVDM,1,1,,A,18KgtP000`7JOW80csnSHjQP0@Ke,0*4A
\s:66,c:1782377506*45\!AIVDM,1,1,,B,34R07b001iOqTR`LQenc>q5H0P00,0*32
\s:66,c:1782377502*41\!AIVDM,1,1,,B,13q5JI0P00PVmuPNQ1aN4?wB20R>,0*1F
\s:66,c:1782377505*46\!AIVDM,1,1,,A,17PIBL003iblD0idRfFd8qiH2@JL,0*10
\s:66,c:1782377506*45\!AIVDM,1,1,,A,35?dQGPOh81DN;5dUvfD9V=H00p@,0*58
\s:66,c:1782377505*46\!AIVDM,1,1,,A,13aJIe0P000G8@rMsgsf4?wJ08Jk,0*6D
\s:66,c:1782377507*44\!AIVDM,1,1,,A,3815LCi100QcjlpEbnt;2QOD0Dg:,0*7D
\s:66,c:1782377504*47\!AIVDM,1,1,,A,13l3nU@0160:eftMP4L1Qi;D0D5J,0*52
\s:66,c:1782377508*4B\!AIVDM,1,1,,A,16:BIhP01S`SfsNF6QmkMBiP2<3P,0*6E
\s:66,c:1782377506*45\!AIVDM,1,1,,A,13oaO<001dPJWA>Qh703>2UJ053<,0*2A
\s:66,c:1782377503*40\!AIVDM,1,1,,A,B69E2L00AB=fQH40wU`skwmV3P06,0*66
\s:66,c:1782377502*41\!AIVDM,1,1,,B,16To?N0wB2Oj<6:DjtK:;87@0@Hb,0*4F
\s:66,c:1782377506*45\!AIVDM,1,1,,B,13A2Fn00?wOQEO0K8aNf40oH0@K<,0*0E
\s:66,c:1782377506*45\!AIVDM,1,1,,A,B3IbFF00Ch3cJeV6LA`<cwnQhHK>,0*67
\s:66,c:1782377506*45\!AIVDM,1,1,,A,15NS3w0000rQLJdFMKR8RqGB0@K9,0*34
\s:66,c:1782377506*45\!AIVDM,1,1,,A,13B7Lf70000jt86Pk;9lC9uL0D1:,0*35
\g:1-2-5199046,s:66,c:1782377504*03\!AIVDM,2,1,6,A,53eaJF80@1RgTP7K7GI@tTqV2222222222222216JPAG95T90BCkDkj?,0*0D
\g:2-2-5199046*6B\!AIVDM,2,2,6,A,PTTln`888888880,2*10
\s:66,c:1782377504*47\!AIVDM,1,1,,A,169`KbP21J8jK0>DOOlupc7H0<12,0*61
\s:66,c:1782377505*46\!AIVDM,1,1,,A,15?ddO00002Pj?olUBjVa4KF00S7,0*71
\s:66,c:1782377502*41\!AIVDM,1,1,,A,13LLht?P00OO:hLST5Jh0?wB253<,0*6B
\s:66,c:1782377507*44\!AIVDM,1,1,,A,138`lP002@06ERjM?4DlgkuL053<,0*18
\s:66,c:1782377506*45\!AIVDM,1,1,,A,19NSaG0vjN1Q>jCd30jan7uF00Sb,0*37
\s:66,c:1782377504*47\!AIVDM,1,1,,A,13cnCKQP0MPsINfEB>aP@wwH2000,0*1D
\s:66,c:1782377507*44\!AIVDM,1,1,,A,18Hw7qP000WJFb80h@<>40aN2D00,0*70
\s:66,c:1782377506*45\!AIVDM,1,1,,B,B3t`?Hh008PeV:VA4mSQ3waUoP06,0*3B
\s:66,c:1782377505*46\!AIVDM,1,1,,B,16:R<v00008LAIP=w6wduaeH053<,0*70
\s:66,c:1782377502*41\!AIVDM,1,1,,B,13:82@00000e?hhO:@HaFWO@0D14,0*4E
\s:66,c:1782377507*44\!AIVDM,1,1,,A,19NSnhP02>1RlppDinHJTHKJ00S3,0*6A
\s:66,c:1782377507*44\!AIVDM,1,1,,A,15AjF>002EQJkrNPoGeAA11N00S0,0*7A
\s:66,c:1782377506*45\!AIVDM,1,1,,B,13;0c@0P002G8mLCm4mv4?wL00S=,0*5C
\s:66,c:1782377500*43\!AIVDM,1,1,,B,BCh;Ot000gTfBfaRIajFCwqRs000,0*6E
\s:66,c:1782377504*47\!AIVDM,1,1,,A,H3`dWBA8thhE:0<t5=@E8000000,2*71
\s:66,c:1782377504*47\!AIVDM,1,1,,B,H3`dWBDTC=D4LWh@2ooki01H1220,0*1A
\s:66,c:1782377501*42\!AIVDM,1,1,,A,15O5Wl`P00o?jNbESi:f4?wD28Hs,0*6F
\s:66,c:1782377506*45\!AIVDM,1,1,,A,14hG?60029OHJLhDt;mcA8wH053<,0*2E
\s:66,c:1782377501*42\!AIVDM,1,1,,A,14SLF0002L0gskvEMcK43k=D0@HI,0*49
\s:66,c:1782377508*4B\!AIVDM,1,1,,A,19Iik7P01f7Vp8>2bfk`EVfh0l0p,0*4E
\s:66,c:1782377503*40\!AIVDM,1,1,,B,H5O?sN4UCBD:MetG4>ookm0H=220,0*69
\s:66,c:1782377504*47\!AIVDM,1,1,,B,16:;OM00118gAGjA4mFpr6iH0HIP,0*38
\s:66,c:1782377508*4B\!AIVDM,1,1,,B,14SLF0002L0gsunEMc;43S=P0<7V,0*0C
\s:66,c:1782377502*41\!AIVDM,1,1,,B,16;aBP001F8hab4Ak2SbT8kB08H<,0*6A
\s:66,c:1782377505*46\!AIVDM,1,1,,A,15??kp00007DetB185enq8cL08Jb,0*68
\s:66,c:1782377505*46\!AIVDM,1,1,,B,14cM6lh100W=<307PIFhnEUJ00Rt,0*4A
\s:66,c:1782377505*46\!AIVDM,1,1,,A,13aDrTwP0cPHK`VN?6;WIgwH0000,0*0C
\s:66,c:1782377500*43\!AIVDM,1,1,,A,13W4lH?P?w<tSF0l4Q@>4?wp0W3h,0*6E
\s:66,c:1782377504*47\!AIVDM,1,1,,B,13B3;B02C<Pd=kRQ2UUIHoSF853<,0*78
\s:66,c:1782377500*43\!AIVDM,1,1,,A,B7tKnih0Aqj5fR0qRtBgR>k5oP06,0*21
\s:66,c:1782377503*40\!AIVDM,1,1,,B,13@ooPhvjuNeP9H9`6t75ma@0@I>,0*6E
\s:66,c:1782377507*44\!AIVDM,1,1,,B,1815W2h0?w<tSF0l4Q@>43mv0t<P,0*73
\s:66,c:1782377507*44\!AIVDM,1,1,,B,142OJB@0001ugdvGIm=6cpuH0l0n,0*50
\s:66,c:1782377499*42\!AIVDM,1,1,,B,33Ir5W0wi30fAAPO77ss28m:0DJ=,0*76
\s:66,c:1782377507*44\!AIVDM,1,1,,B,16:9iOP00t8RDphEtLk=mbwL053<,0*00
\s:66,c:1782377507*44\!AIVDM,1,1,,A,18v3KL0P011DEBsdVDe8cgwN08Ka,0*39
\s:66,c:1782377507*44\!AIVDM,1,1,,B,B6:fn`000B2CDVS=dKE@u0oWQP06,0*2C
\s:66,c:1782377506*45\!AIVDM,1,1,,B,15@2ed0wBi7sFAf9arTo;5gB08Jk,0*08
\s:66,c:1782377506*45\!AIVDM,1,1,,A,18I;WD00007Jltr0gmcT7HEH08Jj,0*0E
\s:66,c:1782377507*44\!AIVDM,1,1,,A,13aD@`0P0;PClw>MEhHd<wwNRD3m,0*0A
\s:66,c:1782377505*46\!AIVDM,1,1,,A,19NSk2PwAA9=To`D1VnnCE7F0D:<,0*34
\s:66,c:1782377505*46\!AIVDM,1,1,,A,C6:fpP@013?8mP=18D3:;wmRjb:8NL>>b2L>NL?QWWi0e2L4U4P7,0*5B
\s:66,c:1782377505*46\!AIVDM,1,1,,B,19NSs=PvRoKfH82?7FVAjQQF00Rr,0*5F
\s:66,c:1782377499*42\!AIVDM,1,1,,B,13n36n00000lr1DU3Bt8tD?<000I,0*5B
\s:66,c:1782377508*4B\!AIVDM,1,1,,A,19NSq7001q82Upb:UA>1r1UL053<,0*09
\s:66,c:1782377508*4B\!AIVDM,1,1,,A,133iC00P000Ca<HMH>;86?wN0<=h,0*5A
\s:66,c:1782377507*44\!AIVDM,1,1,,B,19NSGK002a0:3avMQb<q2o;F0<6N,0*26
\s:66,c:1782377503*40\!AIVDM,1,1,,B,13HOHpP0000:kvrM=<GGRbmF0HI8,0*43
\s:66,c:1782377504*47\!AIVDM,1,1,,B,13@pg8HP3SP<J=0MTdcn2?wF2L1;,0*23
\s:66,c:1782377505*46\!AIVDM,1,1,,B,16:dtd@0187t@w@9=:r7MV?F1d01,0*6C
\s:66,c:1782377507*44\!AIVDM,1,1,,A,15UBQ200009=Uw0D49pV4RMN053<,0*40
\s:66,c:1782377502*41\!AIVDM,1,1,,A,18I86D0P00WJub20gUSdeOwB253<,0*56
\s:66,c:1782377499*42\!AIVDM,1,1,,B,13WU;o001:OW:pNDchNlpCo<08G@,0*64
\s:66,c:1782377503*40\!AIVDM,1,1,,A,16:dvj?00;8KE3hFApMTeSqF0D65,0*12
\s:66,c:1782377506*45\!AIVDM,1,1,,B,16:7qi001k8flJ@ANEPJ<83H0L=u,0*4E
\s:66,c:1782377507*44\!AIVDM,1,1,,A,16;ff:0wAF`gN6hAls1coIUL253<,0*4C
\s:66,c:1782377501*42\!AIVDM,1,1,,A,17lcUTHP00`Fjp?wCUUh0?wB2<3>,0*50
\s:66,c:1782377505*46\!AIVDM,1,1,,A,15?dd:@01m8lFNfAU8K@t0oF0L4w,0*44
\s:66,c:1782377503*40\!AIVDM,1,1,,A,19NSj9h01b8;M2>8BoN`R6oF0`Hf,0*21
\s:66,c:1782377505*46\!AIVDM,1,1,,B,18SJSVP01cWc5jT5o>ESlS5@28Ir,0*34
\s:66,c:1782377499*42\!AIVDM,1,1,,A,13`j85@P000D>GvMd>ot4?w<08G4,0*7F
\s:66,c:1782377507*44\!AIVDM,1,1,,A,368tt4POh18ftQrAP`ELrh=J0000,0*75
\s:66,c:1782377503*40\!AIVDM,1,1,,B,16Lnfd001h8dfBP?3ej9fWeB00SC,0*4F
\s:66,c:1782377504*47\!AIVDM,1,1,,A,1815C:T01KWHOQj0ic4U543B053<,0*06
\s:66,c:1782377504*47\!AIVDM,1,1,,A,402:oQAvad`kd00hR>LKMv?00HJ7,0*7B
\s:66,c:1782377503*40\!AIVDM,1,1,,,17ldabm0008FUbSwCVdFRn7B053<,0*2E
\s:66,c:1782377504*47\!AIVDM,1,1,,B,H5`VA4TUCBD:65gJ:<koql0p8440,0*1C
\s:66,c:1782377504*47\!AIVDM,1,1,,A,13P;<Q@P05wvOH:LwO6FNwwH2000,0*0B
\g:1-2-5199047,s:66,c:1782377508*0E\!AIVDM,2,1,7,A,58I7Wn42?d47UKW;?F0dtpN15DF1<tpN22222216Dp=>=5a?NA0kH130,0*1A
\g:2-2-5199047*6A\!AIVDM,2,2,7,A,H88888888888880,2*53
\s:66,c:1782377506*45\!AIVDM,1,1,,A,16;Oi8001e00gk2EbND8PVeN00SW,0*52
\s:66,c:1782377507*44\!AIVDM,1,1,,,17ldabm0008FUbWwCVdVRn7L053<,0*34
\s:66,c:1782377502*41\!AIVDM,1,1,,B,16:VgHE000`dFb8AseqDj?wD0000,0*08
\s:66,c:1782377504*47\!AIVDM,1,1,,B,144bmrPP00R:H9BR@EP<aOwD2D28,0*68
\s:66,c:1782377504*47\!AIVDM,1,1,,A,19NSPtP02G0`?sBHW?o1h1OH0D61,0*0F
\s:66,c:1782377501*42\!AIVDM,1,1,,B,B6:7f`P0?j;<1p4Al?8sOwv41P06,0*59
\s:66,c:1782377501*42\!AIVDM,1,1,,B,19t6QqP01eOgh<lDbQp2q2AB0D1M,0*16
\s:66,c:1782377504*47\!AIVDM,1,1,,A,18SJS150007bI3d5uGK`MjAH0000,0*18
\s:66,c:1782377502*41\!AIVDM,1,1,,A,13bsQL8P0f0ff6NO8>k@`wwD0<3w,0*50
\s:66,c:1782377504*47\!AIVDM,1,1,,B,1482gR001KPlvIJO2ns:66,0*7D
\s:66,c:1782377505*46\!AIVDM,1,1,,A,15Mvl90P00oWkUTBe0av4?wJ2000,0*4A
\s:66,c:1782377502*41\!AIVDM,1,1,,A,13`lRVUP?w<tSF0l4Q@>4?wv0U3<,0*1B
\s:66,c:1782377506*45\!AIVDM,1,1,,B,15R2ov001a7a@5stSBT6vETn0<3D,0*2D
\s:66,c:1782377503*40\!AIVDM,1,1,,B,13lFfr0vRi2A@lAdwngRdjAB0D04,0*4F
\s:66,c:1782377505*46\!AIVDM,1,1,,B,19NSciPw2BPavp`Eom>seaK<0D4H,0*4B
\s:66,c:1782377502*41\!AIVDM,1,1,,A,B7`Bd@@009jBoTPrKQH000N00000,0*01
\s:66,c:1782377506*45\!AIVDM,1,1,,B,13crTw30000w3k`J7=Vh0FeJ0t2C,0*7B
\s:66,c:1782377506*45\!AIVDM,1,1,,A,19NSFd@wjk1eHDKdH=5JPHIL053<,0*4D
\s:66,c:1782377451*46\!AIVDM,1,1,,A,H7`Bd@@QTA85@D0000000000000,2*60
\s:66,c:1782377505*46\!AIVDM,1,1,,A,H7`Bd@DT0000000J=Cjpki1@4340,0*21
\s:66,c:1782377506*45\!AIVDM,1,1,,A,B7`Bd@@009jBoTPrKQH000N00000,0*01
\s:66,c:1782377501*42\!AIVDM,1,1,,B,B52pPgP00FT9FfSc>i;1wwl1h000,0*14
\s:66,c:1782377503*40\!AIVDM,1,1,,A,3482gR001J0lvIJO2nrrU`Mp0000,0*57
\s:66,c:1782377504*47\!AIVDM,1,1,,A,38I5CJ50008dS<hAtw7HDSaL0Dir,0*6E
\s:66,c:1782377499*42\!AIVDM,1,1,,A,33uO5b70000mr?bPtJ9ji2=p0000,0*15
\s:66,c:1782377501*42\!AIVDM,1,1,,A,13EabkgP07wfHqrDuq=HJgw@20S<,0*21
\s:66,c:1782377507*44\!AIVDM,1,1,,B,36:81sP000`cL5@FVs<>405L20GC,0*20
\s:66,c:1782377507*44\!AIVDM,1,1,,B,B6:;lbP00:9WHeU9Vm403woTkP06,0*66
\g:1-2-5199048,s:66,c:1782377505*0C\!AIVDM,2,1,8,A,5815VM`2FeNUKL7KSK04hiE8400000000000000t4s?@@5e40CAT`3DT,0*07
\g:2-2-5199048*65\!AIVDM,2,2,8,A,h00000000000000,2*74
\s:66,c:1782377502*41\!AIVDM,1,1,,A,139K`JP0000oL`pNvqAaKouF0L2j,0*45
\g:1-2-5199049,s:66,c:1782377501*09\!AIVDM,2,1,9,A,53caE5400000U63GCG5>uV1HU8TDhh4000000000483620000?0klQU@,0*20
\g:2-2-5199049*64\!AIVDM,2,2,9,A,000000000000000,2*2D
\s:66,c:1782377506*45\!AIVDM,1,1,,A,19NSVrh01g3Lk0qq`iT`EF7F0D05,0*03
\s:66,c:1782377505*46\!AIVDM,1,1,,A,16Sfq50P00a=`ujD2ipPSgwH20SP,0*26
\s:66,c:1782377506*45\!AIVDM,1,1,,B,39NSagU0002>8jefqi>HLiAH0Dg:,0*67
\s:66,c:1782377505*46\!AIVDM,1,1,,A,19NSKc@02KKGFW2L>tLkaBwF0U3<,0*64
\s:66,c:1782377506*45\!AIVDM,1,1,,A,13uvQ40tibQEpLHR6QaI9GGJ80RC,0*1A
\s:66,c:1782377507*44\!AIVDM,1,1,,A,36:?CV001P8iD9H@wUHqPoMH0120,0*54
\s:66,c:1782377503*40\!AIVDM,1,1,,B,H3MB7WDU1=30000=9<JlPP208420,0*0D
\s:66,c:1782377508*4B\!AIVDM,1,1,,A,13n:9`8000PhBSjPoK<B8lEL0@LA,0*48
\s:66,c:1782377502*41\!AIVDM,1,1,,B,17OhEnPPA=:l8nedWjn@n@UB0HHk,0*23
\s:66,c:1782377499*42\!AIVDM,1,1,,B,B7lcaa@009nrGE09hG0i?wjRT8G5,0*29
\s:66,c:1782377502*41\!AIVDM,1,1,,B,13eQRL0000:cNNKkmcsQ?4g2053<,0*0C
\s:66,c:1782377504*47\!AIVDM,1,1,,A,402IP>Qvad`kcNkte:TTOjG008Ij,0*0A
\s:66,c:1782377504*47\!AIVDM,1,1,,B,B39sJG00?H69>i7TPvAwSwn5oP06,0*09
\s:66,c:1782377504*47\!AIVDM,1,1,,A,D02IP>Pflffp,0*6D
\s:66,c:1782377505*46\!AIVDM,1,1,,A,13mPsF0P001o:10`WaS<ogwJ2<0W,0*4C
\s:66,c:1782377505*46\!AIVDM,1,1,,A,17lcn2H00FWa>EUtP?UWUmoL2L3D,0*6E
\s:66,c:1782377504*47\!AIVDM,1,1,,A,1776;I00Q`7b3vR5rEC=W:mH08Ir,0*27
\s:66,c:1782377502*41\!AIVDM,1,1,,B,13`da8PP00PD??fMdRpv4?wD28Hj,0*65
\s:66,c:1782377504*47\!AIVDM,1,1,,A,33A<GN50000mL@RPth`3bpCp0000,0*6A
\s:66,c:1782377503*40\!AIVDM,1,1,,A,B6:d2n@002;;SO4OFIg5H0F40000,0*12
\s:66,c:1782377502*41\!AIVDM,1,1,,B,18IqJT000?3W5up?MncV<oQD08He,0*1B
\s:66,c:1782377505*46\!AIVDM,1,1,,A,14`9OL001g1?k3qdLQMcraKH000v,0*09
\s:66,c:1782377501*42\!AIVDM,1,1,,A,1:U8V>P=@:M8IFakp@v@?0ED0000,0*47
\s:66,c:1782377507*44\!AIVDM,1,1,,A,15MsLB0000JdD?`G??bJLh9N0L38,0*6C
\s:66,c:1782377507*44\!AIVDM,1,1,,A,B3P>8vP007v?p?7@`I<000N00000,0*3A
\s:66,c:1782377506*45\!AIVDM,1,1,,A,15BM<J000312lRBDbHPmOW1L2hKD,0*44
\s:66,c:1782377497*4C\!AIVDM,1,1,,B,13`mi8PP1bPDQ=JMdtJHK?w:2D7S,0*6E
\s:66,c:1782377507*44\!AIVDM,1,1,,B,15O223UP@uq=2;6@wmrhu0oL08Ko,0*14
\s:66,c:1782377508*4B\!AIVDM,1,1,,A,19NSPrh01r0=etJE@<f:Bp9200Rh,0*3A
\s:66,c:1782377508*4B\!AIVDM,1,1,,B,13os0B001R704FP32MVTsT1B08L7,0*66
\s:66,c:1782377505*46\!AIVDM,1,1,,A,19NSfd0vk2DhfE:HkV?SrS9F0D04,0*2C
\s:66,c:1782377507*44\!AIVDM,1,1,,A,13MBkJ001n7CemF17`NU4T9J0D2`,0*27
\s:66,c:1782377507*44\!AIVDM,1,1,,A,169USp0000`L5dN=wNcN49EN28Kf,0*55
\s:66,c:1782377506*45\!AIVDM,1,1,,A,1815M6T01n0nL=4O9uDb`8IF0`N`,0*7C
\s:66,c:1782377505*46\!AIVDM,1,1,,B,18156Fh01m8<Eul<kTnES4OJ053<,0*44
\s:66,c:1782377505*46\!AIVDM,1,1,,A,13m7q`30010h7NtTn18mnlCJ0<0M,0*1C
\s:66,c:1782377503*40\!AIVDM,1,1,,A,13KQ6MP02m1RNS<RBR6`D6V00000,0*38
\g:1-2-5199050,s:66,c:1782377505*05\!AIVDM,2,1,0,B,5HI8<u82Gf3WUKO;WN0l4E9<f1<E5DtT62222216FHEI;udS0IPPC0Sh,0*71
\g:2-2-5199050*6C\!AIVDM,2,2,0,B,H88888888888880,2*57
\s:66,c:1782377500*43\!AIVDM,1,1,,A,16:;m;00008V2?PDND<VsGc<00S0,0*69
\s:66,c:1782377506*45\!AIVDM,1,1,,B,16:dtdP00k7qI`p8dQDaCFsF0hJ`,0*22
\s:66,c:1782377506*45\!AIVDM,1,1,,A,15?4tT01B6wS2EjKHjb16huD0<2U,0*7B
\s:66,c:1782377507*44\!AIVDM,1,1,,A,16:dsKg02T8hWrvA0KMKPaEL0<4k,0*22
\s:66,c:1782377502*41\!AIVDM,1,1,,A,38Iqql50007J4M00eGre=UE@0DRJ,0*3D
\s:66,c:1782377508*4B\!AIVDM,1,1,,B,15?Fm6001nPBvJhEECVCD2bL0HLB,0*62
\s:66,c:1782377508*4B\!AIVDM,1,1,,B,14`UvuC1@03Q@UN@;uJt69wL0`Kp,0*42
\s:66,c:1782377508*4B\!AIVDM,1,1,,B,B3Hs7kP0085QkNV==h`iOwoUoP06,0*16
\s:66,c:1782377500*43\!AIVDM,1,1,,A,403OKFivad`k`r@lJV?=g>O02L;C,0*42
\s:66,c:1782377502*41\!AIVDM,1,1,,B,34h@FN5P00JAU7L?AnNMLww@0DfJ,0*05
\s:66,c:1782377506*45\!AIVDM,1,1,,A,13f1MJ001D`kWt>ADt7Jo`iH2@K3,0*3F
\s:66,c:1782377503*40\!AIVDM,1,1,,A,15MmuRP000rRVBPE9@eorS3D00S3,0*21
\s:66,c:1782377505*46\!AIVDM,1,1,,A,16SlK;PP0i9==HdCujj9m?wIr53<,0*09
\s:66,c:1782377506*45\!AIVDM,1,1,,A,15N0:I0P00GRn8tCDVnJJ?wL2L2t,0*7B
\s:66,c:1782377506*45\!AIVDM,1,1,,A,13IQ=2002qP71=jM<Ep4wT5L08K;,0*23
\g:1-2-5199051,s:66,c:1782377506*07\!AIVDM,2,1,1,A,53Fp@R82@pe`D4Lf221H:09D<DH4hv222222220l2HA676rmE@PC1i@j,0*6C
\g:2-2-5199051*6D\!AIVDM,2,2,1,A,DPDp88888888880,2*05
\s:66,c:1782377501*42\!AIVDM,1,1,,A,16:MTQgP007djA0:cRbIdww@0@Gw,0*68
\s:66,c:1782377502*41\!AIVDM,1,1,,B,13`qqe@P11PD430MdOvkogwD253<,0*59
\s:66,c:1782377505*46\!AIVDM,1,1,,B,17lj=SKP0s7M>AP0R<4E3gwJ20R8,0*68
\s:66,c:1782377503*40\!AIVDM,1,1,,A,18Kj1D002e7?6ur1Rtm4ICSH00S6,0*2F
\s:66,c:1782377506*45\!AIVDM,1,1,,A,355u`R1P04RBnIdB2@;p6gwJ0Dcb,0*06
\s:66,c:1782377508*4B\!AIVDM,1,1,,B,13MBhih01@06n9>M?2oa077R053<,0*49
\s:66,c:1782377507*44\!AIVDM,1,1,,A,13`mgE`000PCTDFMHKVD9`wL00S2,0*41
\s:66,c:1782377508*4B\!AIVDM,1,1,,B,B6:eOC00@R2Dit3=S;OCVaGWQP06,0*31
\s:66,c:1782377508*4B\!AIVDM,1,1,,B,19NSqt00jc30cwgn01B8T6gL0@L@,0*6C
\s:66,c:1782377506*45\!AIVDM,1,1,,B,23aQdSgP0VPGa50NOuR6SOwL2D2H,0*3A
\s:66,c:1782377504*47\!AIVDM,1,1,,A,18I6AQ001ova@8l;fD>Gt6AJ08Iw,0*02
\s:66,c:1782377508*4B\!AIVDM,1,1,,A,13mt@u7000PH5t4Qn0t>49CP20Rh,0*01
\s:66,c:1782377507*44\!AIVDM,1,1,,B,13aGsh0P00PBb1vMM51>4?wN2<6B,0*3F
\s:66,c:1782377504*47\!AIVDM,1,1,,B,169>ddPP?w<tSF0l4Q@>4?wp1hOD,0*29
\s:66,c:1782377504*47\!AIVDM,1,1,,A,3341R1U000PBaN6MfOwN489H0DuJ,0*45
\s:66,c:1782377505*46\!AIVDM,1,1,,B,169D;UPP00`gPm@A9Mtf4?wH28J5,0*2D
\s:66,c:1782377507*44\!AIVDM,1,1,,B,13VCkb0P1gOmmuvDkDlS<gwN0HKk,0*2F
\s:66,c:1782377506*45\!AIVDM,1,1,,A,16:<p?PP048gUc@ACR>djwwJ0D7H,0*64
\g:1-2-5199052,s:66,c:1782377506*04\!AIVDM,2,1,2,A,59NS`Bl2;jAKDh5KJ20m<>0@P4q@T60J22222216@@C@75d:NAjCPhmH,0*0A
\g:2-2-5199052*6E\!AIVDM,2,2,2,A,888888888888880,2*26
\s:66,c:1782377506*45\!AIVDM,1,1,,B,19NSLU@01H0um@8OVvCbc`QN20T7,0*43
\g:1-2-5199053,s:66,c:1782377507*04\!AIVDM,2,1,3,A,55?dVjh2>;I?<GGSOV0LE8PThB2222222222221?C8G?>5dc0FPAH2j3,0*44
\g:2-2-5199053*6F\!AIVDM,2,2,3,A,888888888888880,2*27
\s:66,c:1782377504*47\!AIVDM,1,1,,B,13o=BP002@0I95JQnajDOCKn0hIm,0*0F
\s:66,c:1782377504*47\!AIVDM,1,1,,B,B3KOm@00C8DENM`P>Dn<kwmQl0TG,0*73
\s:66,c:1782377508*4B\!AIVDM,1,1,,A,B6:DK100@B2oGkS>BQc7fOGWQP06,0*31
\s:66,c:1782377506*45\!AIVDM,1,1,,B,13`iHd0P1CPDF>2MddP;6?wL20Rj,0*60
\s:66,c:1782377502*41\!AIVDM,1,1,,B,16ld0chP008achj8GLp>4?wB2`Hn,0*4E
\s:66,c:1782377504*47\!AIVDM,1,1,,A,B6:I6gP00B;fk?4Dpk003wmVSP06,0*7A
\s:66,c:1782377492*49\!AIVDM,1,1,,A,19NStV012I6gntP3<DRa<WBt0D0F,0*57
\s:66,c:1782377288*44\!AIVDM,1,1,,A,39NStV0w2I6grLR3<`3a=WB<00rC,0*0A
\s:66,c:1782377504*47\!AIVDM,1,1,,A,83`eH7hj2d<dteuL=B9Pq?bh;@t0,0*1E
\s:66,c:1782377504*47\!AIVDM,1,1,,,13lB9t002M`QnFCt>I4cbIEF3P00,0*3C
\s:66,c:1782377500*43\!AIVDM,1,1,,A,33M@m3@000OkRVlMMhcGsTmp0000,0*3F
\s:66,c:1782377506*45\!AIVDM,1,1,,B,16oa>;@01nPNc0vEb3TrD8CF0D5>,0*09
\s:66,c:1782377507*44\!AIVDM,1,1,,B,15CNgf000iWLV>N0gVcv30E<00S8,0*4C
\s:66,c:1782377503*40\!AIVDM,1,1,,A,18;46e0P02`abvl8H1e`FwwD2<31,0*22
\g:1-2-5199054,s:66,c:1782377294*0E\!AIVDM,2,1,4,A,59NStV80?fvd7P@gR20m<>0l58T618Dp5@62221:=33BK5i=0STiljCg,0*43
\g:2-2-5199054*68\!AIVDM,2,2,4,A,SED35H888888880,2*3C
\s:66,c:1782377505*46\!AIVDM,1,1,,B,15?dR:001J2wVTKgCf1Rt2CH0<0E,0*70
\s:66,c:1782377506*45\!AIVDM,1,1,,A,19NSmAP01F8jp8pAFfd;q9oH0<7j,0*62
\s:66,c:1782377506*45\!AIVDM,1,1,,A,D0476chOLBfp?`B?`0,4*4D
\s:66,c:1782377507*44\!AIVDM,1,1,,B,169AEv00008f`N2ARKsJVkML0<7v,0*3B
\s:66,c:1782377506*45\!AIVDM,1,1,,A,33MB:P0000wqKSFONNhf47cL20v@,0*42
\s:66,c:1782377507*44\!AIVDM,1,1,,A,1kaLmR50000OcBBNPgNeK1>1uwww,0*52
\s:66,c:1782377506*45\!AIVDM,1,1,,A,33aLmR50000OcBDNPgNeK1AN0E1b,0*2A
\s:66,c:1782377508*4B\!AIVDM,1,1,,A,144Wbc01ieQHF1FCl72K6pmp1hE5,0*77
\s:66,c:1782377505*46\!AIVDM,1,1,,B,16:8`60P00`8<uP<wT4>4?wH2@JE,0*0B
\s:66,c:1782377506*45\!AIVDM,1,1,,A,19NSrahwAOJh5jWbrRKF<4gH0D0f,0*51
\s:66,c:1782377508*4B\!AIVDM,1,1,,A,1p15K9P01V2nBq3u`d4c3`O@0P00,0*50
\s:66,c:1782377507*44\!AIVDM,1,1,,A,16K3As00219wc6hD5`57aV5L00SC,0*56
\s:66,c:1782377503*40\!AIVDM,1,1,,B,17lciQ@P0lWIO080aitd8wwD20Ro,0*6A
\s:66,c:1782377506*45\!AIVDM,1,1,,,13fCB20v2O2n=6gfoowRWR1L0000,0*00
\s:66,c:1782377506*45\!AIVDM,1,1,,B,16:?sSQ0008VDj0DajK8EJ;F0==t,0*1C
\s:66,c:1782377507*44\!AIVDM,1,1,,A,16SrUc0P01a=QedD4cLBhb9L20SM,0*25
\s:66,c:1782377504*47\!AIVDM,1,1,,B,18I<UK0w2bclj2tJhlmb9`=@053<,0*1C
\s:66,c:1782377503*40\!AIVDM,1,1,,B,17ldoM0P1gWL0u>0l5R3sOwD253<,0*50
\s:66,c:1782377504*47\!AIVDM,1,1,,B,169@0HP0028gRGhAnNvcLBgF0@I`,0*61
\s:66,c:1782377506*45\!AIVDM,1,1,,B,13bd<v000101h7tML=R1R`GJ88K5,0*5E
\s:66,c:1782377504*47\!AIVDM,1,1,,B,17lds4hP01WLe0`0WH=@RwwF2@K?,0*3B
\s:66,c:1782377503*40\!AIVDM,1,1,,B,833kgwPj2d<dL=<duQChUgaE7lP0,0*59
\s:66,c:1782377502*41\!AIVDM,1,1,,A,13m7oL00000J@2DQhE;C`1QD0@HT,0*3D
\s:66,c:1782377504*47\!AIVDM,1,1,,A,13P<Okh000Os0@PM4cpUR7qF0HIo,0*1B
\s:66,c:1782377506*45\!AIVDM,1,1,,A,16;O6:001pVLgp62TOKjcB7H0<04,0*7D
\s:66,c:1782377507*44\!AIVDM,1,1,,A,7>oi5TiRMpD`,0*6A
\s:66,c:1782377508*4B\!AIVDM,1,1,,B,33S0`v0PA11;@DnHq9mrG8?P2000,0*2D
\s:66,c:1782377508*4B\!AIVDM,1,1,,A,142ORi@P@62mKvsucpRT8j1J00SL,0*44
\s:66,c:1782377506*45\!AIVDM,1,1,,A,15MkA:002vG>=pRKSLWLBaoH0000,0*16
\s:66,c:1782377504*47\!AIVDM,1,1,,B,16:CoN00058KNuHF2hPs0kAF0D2b,0*38
\s:66,c:1782377507*44\!AIVDM,1,1,,B,1JpDsMp000Jaofl6>U8>45OB0P00,0*6D
\s:66,c:1782377503*40\!AIVDM,1,1,,A,B>qc9wh0?FTOq34d5qQ=PvN00000,0*5E
\s:66,c:1782377504*47\!AIVDM,1,1,,A,339fa3P0000eV=dNWLqh001p0000,0*1C
\s:66,c:1782377505*46\!AIVDM,1,1,,B,13aLkQhP0<0Cd?FMH;ReqgwL053<,0*44
\s:66,c:1782377501*42\!AIVDM,1,1,,B,35MWrV01iVGR7<FBV3jS:2O@0000,0*62
\s:66,c:1782377501*42\!AIVDM,1,1,,A,33o35i0P@7PjU2vU<Lh958=@0000,0*1E
\s:66,c:1782377498*43\!AIVDM,1,1,,A,339rAS00090fDf4NTM=L9a9p0000,0*01
\g:1-2-5199055,s:66,c:1782377500*05\!AIVDM,2,1,5,A,539rAS400000@cS33H1M>3;D000000000000000Q1861400000@00000,0*66
\g:2-2-5199055*69\!AIVDM,2,2,5,A,000000000000000,2*21
\s:66,c:1782377505*46\!AIVDM,1,1,,B,15Rawp001a7Ep=j11;UKP9?208Je,0*76
\s:66,c:1782377506*45\!AIVDM,1,1,,B,19NSWrh0007JsjF0cc@1SlqH053<,0*22
\s:66,c:1782377504*47\!AIVDM,1,1,,A,19NSo`h1BwLrj=0L6=RIIGK@0<02,0*5E
\s:66,c:1782377504*47\!AIVDM,1,1,,B,13lAfV0PB=8mN=nA0tD0v0mJ08J2,0*0D
\s:66,c:1782377507*44\!AIVDM,1,1,,B,13aCdr001BwUn9LKU;6eL:sJ0<1k,0*36
\s:66,c:1782377506*45\!AIVDM,1,1,,A,B3`fqH@00H4FjhWGwfgQ3wo1nDTr,0*31
\s:66,c:1782377506*45\!AIVDM,1,1,,,1:U90Q0OjEL42HAvevF;N9MJ0000,0*1A
\s:66,c:1782377508*4B\!AIVDM,1,1,,A,3:U90Q0OjEL42EsvevNsOION01:h,0*02
\s:66,c:1782377501*42\!AIVDM,1,1,,B,13`djr@P00PFJulMvvhN4?wB28HI,0*30
\s:66,c:1782377504*47\!AIVDM,1,1,,A,34eGsMh000FcB0`O4As=895p0000,0*62
\s:66,c:1782377505*46\!AIVDM,1,1,,B,14SlTj0vic2AfUJB>k3TJCWJ053<,0*09
\s:66,c:1782377502*41\!AIVDM,1,1,,A,B8;2C500:R:I@h25@<8JWwv63P06,0*1C
\s:66,c:1782377507*44\!AIVDM,1,1,,A,69t6RJ@000cl8Dng4fgJ<`HH0000,0*5A
\s:66,c:1782377508*4B\!AIVDM,1,1,,B,11aucihP00NqI4t@6ci@0?wN2L2m,0*1E
\s:66,c:1782377508*4B\!AIVDM,1,1,,B,38;2C51P@c`aU608E0nQOQaN2001,0*01
\s:66,c:1782377504*47\!AIVDM,1,1,,B,B3HtTb00?Wi2d05:<TLScwmUh000,0*35
\s:66,c:1782377501*42\!AIVDM,1,1,,A,402FhUQvad`ka0dQ=2GJB`700@H>,0*07
\s:66,c:1782377505*46\!AIVDM,1,1,,A,803OLfAKp@jS8J5`FQP0w>2pCr@P,0*01
\s:66,c:1782377506*45\!AIVDM,1,1,,A,13aEQA@P1mPB>m2MKSEipwwJ2<3w,0*26
\s:66,c:1782377506*45\!AIVDM,1,1,,A,15U30n03Qb65EFH7vdBogFAL0HKG,0*32
\s:66,c:1782377504*47\!AIVDM,1,1,,B,1:U6v>hP00LQppuiJ5lb:OwF2D0P,0*1F
\s:66,c:1782377503*40\!AIVDM,1,1,,A,18I79H04hN8aCFB8DaDs=9QB053<,0*2B
\s:66,c:1782377501*42\!AIVDM,1,1,,B,13`tMt8P0FPHS10NEicFIwwBR8H:,0*0A
\s:66,c:1782377505*46\!AIVDM,1,1,,B,13m8a5P4h1QcmON`G;:Wq6SJ053<,0*60
\s:66,c:1782377503*40\!AIVDM,1,1,,A,15NeKl0PBvqUmD@@LQJ4OCQF0D0T,0*1F
\s:66,c:1782377480*4A\!AIVDM,1,1,,B,19NSQG0vQc6gChF34G`1sQNb00SD,0*66
\s:66,c:1782377503*40\!AIVDM,1,1,,B,B3F7<OP00H08cdUSTTkQ3wm1nE4b,0*18
\s:66,c:1782377504*47\!AIVDM,1,1,,A,35Ce`n50007KbT00`>FctW;H0EAb,0*3A
\s:66,c:1782377503*40\!AIVDM,1,1,,A,13mhh`?0001nnRR`WCfRbhwD0D0N,0*64
\s:66,c:1782377504*47\!AIVDM,1,1,,,B3aTwMP00@6s9>7KvlKQ3wn1h000,0*74
\s:66,c:1782377507*44\!AIVDM,1,1,,B,18Jd0n000C7KdrP0aagmD4gN0@Kd,0*29
\s:66,c:1782377506*45\!AIVDM,1,1,,A,155VgdP000PEConE6jlh08SJ28Ju,0*4C
\s:66,c:1782377505*46\!AIVDM,1,1,,A,35O3oeP000G>hvnKh:icO9=p0000,0*17
\s:66,c:1782377507*44\!AIVDM,1,1,,A,13@pRb001R082?rMDjPWw6IN0D1H,0*1F
\s:66,c:1782377504*47\!AIVDM,1,1,,A,15?Os80P@@`WFlbDUaD`WEa@0D6<,0*1F
\s:66,c:1782377501*42\!AIVDM,1,1,,A,402R3Kivad`ka156UHQQTUo00L19,0*4F
\s:66,c:1782377503*40\!AIVDM,1,1,,A,15N2Wl?P00oRWojCDKSIqOwF2HI?,0*30
\s:66,c:1782377504*47\!AIVDM,1,1,,A,B7lcj4@09b6?2;OqSa0=OwP4kP06,0*49
\s:66,c:1782377498*43\!AIVDM,1,1,,A,160lVN8001SSClh?VPjKu5q608F1,0*4B
\s:66,c:1782377500*43\!AIVDM,1,1,,A,16:9tI0000`OHmPF:`ncmWC<0HGS,0*7D
\s:66,c:1782377504*47\!AIVDM,1,1,,B,D02ANS0kLN?abDN00lLN000,2*0C
\s:66,c:1782377505*46\!AIVDM,1,1,,A,18HwB;0P03WJC1T0essN4?wH2@JI,0*6F
\s:66,c:1782377502*41\!AIVDM,1,1,,A,138V8`001mPjoFLO?0ACGRgD0<1S,0*0B
\s:66,c:1782377502*41\!AIVDM,1,1,,A,402M3bAvad`kb0K1r`R3vNOP2D5m,0*67
\s:66,c:1782377451*46\!AIVDM,1,1,,A,H3P876h<5<<4@EE800000000000,2*2B
\s:66,c:1782377505*46\!AIVDM,1,1,,A,H3P876lTC=Du3T?=<81o000h131t,0*63
\s:66,c:1782377503*40\!AIVDM,1,1,,A,13`oWn8P110HJnvNGdduUgwD00S1,0*4F
\s:66,c:1782377504*47\!AIVDM,1,1,,B,14a9Q60032rL<0V>lEQDBkMD053<,0*52
\s:66,c:1782377504*47\!AIVDM,1,1,,B,13l3oTP01bPF7ofHTW0iJ1<d0@IV,0*06
\s:66,c:1782377154*46\!AIVDM,1,1,,A,1819DshP00G<w>@L8K=Ri?wD08IJ,0*64
\s:66,c:1782377494*4F\!AIVDM,1,1,,B,H60lVN1`4lTj373J22222222220,2*67
\s:66,c:1782377499*42\!AIVDM,1,1,,B,H60lVN4`1=300008J3GPPP1@J530,0*2F
\s:66,c:1782377503*40\!AIVDM,1,1,,B,3815IeE000OW<WDDc9AGBUUH0m1:,0*00
\s:66,c:1782377506*45\!AIVDM,1,1,,A,1696hj0OiU8jvVhDW9=6wUWJ00Ri,0*50
\s:66,c:1782377506*45\!AIVDM,1,1,,A,13L?`N001PQrjftRSUTRL1uL0<0j,0*03
\s:66,c:1782377506*45\!AIVDM,1,1,,B,38I9@90vikOTu`6Kr8M8<FQL0D:M,0*4B
\s:66,c:1782377504*47\!AIVDM,1,1,,B,E>m1GUhQT0W72V@87a:@9`0a@1:n;LN<kQPhP00003n033nH3SsdLP,4*43
\s:66,c:1782377502*41\!AIVDM,1,1,,A,17P47h0000bKEugnDMk;VV3D0000,0*25
\s:66,c:1782377505*46\!AIVDM,1,1,,A,4025bpiuJl`kdPnp@rOP4OA02HJU,0*6E
\s:66,c:1782377501*42\!AIVDM,1,1,,A,338V8`001l0joFJO?0A3G2gp0000,0*24
\s:66,c:1782377506*45\!AIVDM,1,1,,A,402ANS1uJl`kf<tSF0l4Q@000@K8,0*64
\s:66,c:1782377506*45\!AIVDM,1,1,,A,13?u4AU01I0e=h>N`a=dl:OH0HKE,0*09
\s:66,c:1782377507*44\!AIVDM,1,1,,A,13HjJngP0aPDm;hHfqer0wwN2<0o,0*09
\s:66,c:1782377504*47\!AIVDM,1,1,,B,ENkb;3?:@@@@@@@@@@@@@@@@@@@;WfkH=W93000003vP00,4*02
\s:66,c:1782377508*4B\!AIVDM,1,1,,A,18uI7`30001mENIdTGI`KBcH0L0n,0*07
\s:66,c:1782377500*43\!AIVDM,1,1,,B,B3OL3800@wqDtE`KLe02Kwl1l000,0*52
\s:66,c:1782377499*42\!AIVDM,1,1,,A,HCgV0f0tLp58984pAE800000000,2*44
\s:66,c:1782377499*42\!AIVDM,1,1,,B,HCgV0f4NC=D5o3jnhpk0000H5110,0*5A
\s:66,c:1782377501*42\!AIVDM,1,1,,,17OgQgP000b`gdQlIlrI3i5>0000,0*6C
\s:66,c:1782377504*47\!AIVDM,1,1,,B,18SK1epP007amv:61Wc6nwwH08It,0*21
\s:66,c:1782377501*42\!AIVDM,1,1,,A,1kJbTF001h8`6`j74Vk=G:k80000,0*56
\s:66,c:1782377495*4E\!AIVDM,1,1,,A,17tKcG00?w<tSF0l4Q@>43ev0U3<,0*17
\s:66,c:1782377504*47\!AIVDM,1,1,,A,169<l8000B8UioREvH1Uf:AH0@Iq,0*39
\s:66,c:1782377505*46\!AIVDM,1,1,,A,3815SUE001RNUP>B=OS8Q3aF0000,0*62
\s:66,c:1782377506*45\!AIVDM,1,1,,B,13aQ76p000P@q=RMRA0nf5WH0D2D,0*16
\s:66,c:1782377499*42\!AIVDM,1,1,,B,139PoOPP00P`BPjNGf0>4?w<2@Fl,0*5F
\s:66,c:1782377504*47\!AIVDM,1,1,,B,1815a>002d8?<7P<aLSCORqD053<,0*5E
\s:66,c:1782377505*46\!AIVDM,1,1,,B,148TcJ0P021Pc72Op@uCcOwL00RE,0*49
\s:66,c:1782377505*46\!AIVDM,1,1,,A,38I:T8902C7KrrN0gicSlRwF00W1,0*1F
\s:66,c:1782377505*46\!AIVDM,1,1,,A,1340=@PP1HPJP4RN5b`CRgwH28J9,0*41
\s:66,c:1782377502*41\!AIVDM,1,1,,,B39gg100?@>mvf58hcb3UWE5kP06,0*3A
\s:66,c:1782377506*45\!AIVDM,1,1,,B,15NBGS<000rQ`ODFL2i;Q7GJ0<3`,0*23
\s:66,c:1782377504*47\!AIVDM,1,1,,B,839PoOPj2d=><>=<t0FpShOP3i00,0*07
\g:1-2-5199056,s:66,c:1782377502*04\!AIVDM,2,1,6,B,539PoO`00000@c?OGD0I8TDA8T<P00000000000t0P?35vR>o30TP000,0*10
\g:2-2-5199056*6A\!AIVDM,2,2,6,B,000000000000000,2*21
\s:66,c:1782377503*40\!AIVDM,1,1,4,A,14`EhV30018lNfQp76E3ijUD053<,0*3C
\s:66,c:1782377502*41\!AIVDM,1,1,,A,4P5qoWQvad`kaOh2B`31RVW008HH,0*28
\s:66,c:1782377501*42\!AIVDM,1,1,,B,13:QGF003Awk;BbLQojRrRGB253<,0*5F
\s:66,c:1782377501*42\!AIVDM,1,1,,A,17ldNV8P01`Hp9;wTlg00?wB20SN,0*3E
\s:66,c:1782377502*41\!AIVDM,1,1,,A,B3IVvp00L00HudW7ilK;Kwm1j5B1,0*02
\s:66,c:1782377505*46\!AIVDM,1,1,,A,16:9Ja001N`gK3@AW1aW3TwH2HIb,0*51
\s:66,c:1782377505*46\!AIVDM,1,1,,A,B9TH1N00:0@eSkU85kvF1ov00000,0*32
\s:66,c:1782377506*45\!AIVDM,1,1,,A,18HvvcPP007L<W`0kQVv4?wJ0L78,0*1B
\s:66,c:1782377505*46\!AIVDM,1,1,,B,36T00N83jd9=QfVD3>2MoK9B01;h,0*61
\s:66,c:1782377505*46\!AIVDM,1,1,,B,33thI40P@=0N=s8NlgqVeDEH014@,0*6A
\s:66,c:1782377502*41\!AIVDM,1,1,,A,33VgpR0Oh01SNJdEpb0Sc2up0000,0*70
\s:66,c:1782377501*42\!AIVDM,1,1,,A,17OovVP000:P9IWlw1eHIV9<0<0L,0*60
\s:66,c:1782377504*47\!AIVDM,1,1,,A,B8SOrV007Irshs2kTH>:;wmW3P06,0*52
\s:66,c:1782377505*46\!AIVDM,1,1,,B,H5O:N64T7B=0000G4=nhlq0h:440,0*7A
\g:1-2-5199057,s:66,c:1782377508*0F\!AIVDM,2,1,7,B,539k:lT00000@?SC3D04hTp61@J340000000001S0p=22uKjN0R0C@UD,0*58
\g:2-2-5199057*6B\!AIVDM,2,2,7,B,Qp8800000000000,2*01
\s:66,c:1782377506*45\!AIVDM,1,1,,A,37Oddci102bK8A3nIIP4A3aN0000,0*60
\s:66,c:1782377507*44\!AIVDM,1,1,,,B39gg100?@>mvF58hW>3AVoUkP06,0*2D
\s:66,c:1782377505*46\!AIVDM,1,1,,B,14`f3B001n8pH>4D7jpMPJiL0@JO,0*6C
\s:66,c:1782377508*4B\!AIVDM,1,1,,B,15N<2qPOh3JdFCdG@9tuv:ep0d4K,0*56
\s:66,c:1782377504*47\!AIVDM,1,1,,B,16:7GKP01b88gJ8<meaup;9F08Id,0*34
\s:66,c:1782377497*4C\!AIVDM,1,1,,B,339dDiPP0mPeEhRN`Q4mW?w8R2eS,0*15
\s:66,c:1782377502*41\!AIVDM,1,1,,A,403Ow0Avad`kbrTJu0F`jK?028I0,0*10
\s:66,c:1782377505*46\!AIVDM,1,1,,A,38Hute0024JWEabFL:ue5bOp0000,0*14
\s:66,c:1782377504*47\!AIVDM,1,1,,A,139oecP0000eVPrN`paVrp;J08J9,0*54
\s:66,c:1782377504*47\!AIVDM,1,1,,A,13lB62001qPGdMHOmH<f203H8D1u,0*49
\s:66,c:1782377499*42\!AIVDM,1,1,,,15O>dT1=@0rPE7h>4gEf4?w>2000,0*68
\s:66,c:1782377504*47\!AIVDM,1,1,,,15O>dT1=@0rPE7P>4gDf4?wH2000,0*27
\s:66,c:1782377505*46\!AIVDM,1,1,,B,17lk5bE01L7KvF80chVu<bkH00SB,0*7B
\s:66,c:1782377505*46\!AIVDM,1,1,,A,18Hute0025JWEa`FL:ue5JOH0000,0*05
\s:66,c:1782377505*46\!AIVDM,1,1,,A,139dDiPP0nPeEl:N`Pe5TgwHRL3w,0*54
\s:66,c:1782377504*47\!AIVDM,1,1,,A,13f5GJ5P00Q2Ft2DRifv4?wD2000,0*29
\s:66,c:1782377505*46\!AIVDM,1,1,,A,14`VDG00010PC`dE:EGShhCJ0D:;,0*62
\s:66,c:1782377505*46\!AIVDM,1,1,,B,139KepP000PeK9fN`kOdIjiL053<,0*63
\s:66,c:1782377504*47\!AIVDM,1,1,,B,33iDIJ?0000PW0fHt@OHeWSh0001,0*16
\s:66,c:1782377505*46\!AIVDM,1,1,,B,B6:c<S000:2:o1S?OoHd@SN021Mk,0*13
\s:66,c:1782377507*44\!AIVDM,1,1,,B,16KvQ2002evi7cT<ft9p3nK:0L2?,0*0E
\s:66,c:1782377501*42\!AIVDM,1,1,,B,19NSlrh00NOWV9pDSEQbA`1@0`HQ,0*77
\s:66,c:1782377504*47\!AIVDM,1,1,,A,339oecP0000eVPrN`paFr`;p0000,0*17
\s:66,c:1782377504*47\!AIVDM,1,1,,A,19NSn:P01lWW5sh2bD18IFiJ0<0V,0*2F
\s:66,c:1782377505*46\!AIVDM,1,1,,A,15NFDod000rQO34FM8Sdq8wL0<1l,0*19
\s:66,c:1782377501*42\!AIVDM,1,1,,A,4030p7Qvad`kao:E3bKdROG008H7,0*5D
\s:66,c:1782377503*40\!AIVDM,1,1,,B,26:4RR00it7tlTh9SR5@qhkB053<,0*56
\s:66,c:1782377504*47\!AIVDM,1,1,,A,19N`2uh03104B?mp0dDLQr3F0d05,0*22
\s:66,c:1782377501*42\!AIVDM,1,1,,B,16bJ@00P00SMNmj@LI==nww<253<,0*52
\s:66,c:1782377504*47\!AIVDM,1,1,,B,3HHuss01AwrUKC`66b<7IEm<8PRh,0*7D
\s:66,c:1782377503*40\!AIVDM,1,1,,A,15@`?NpP00``6@N8AnUJJwwF2D4C,0*6E
\s:66,c:1782377500*43\!AIVDM,1,1,,B,18Huss01AwrUKC`66b<7IEm<8@GU,0*37
\s:66,c:1782377505*46\!AIVDM,1,1,,B,18I=dQ001nNeGgj9Ibg72mQJ053<,0*5F
\s:66,c:1782377504*47\!AIVDM,1,1,,B,18I<qg0wB32vbU1gFRl2Sj5D00RS,0*5F
\s:66,c:1782377506*45\!AIVDM,1,1,,A,170RG200003mVA:>>@HKQnIH08KI,0*33
\s:66,c:1782377507*44\!AIVDM,1,1,,B,18HtqQ0P00WLDo80aL:;aEON2HKf,0*36
\s:66,c:1782377499*42\!AIVDM,1,1,,A,35N1GWP000JT4bdE6<PJq`gp0000,0*50
\s:66,c:1782377502*41\!AIVDM,1,1,,A,346iPD0P@20=w;PMS59D>II@01eh,0*4D
\s:66,c:1782377507*44\!AIVDM,1,1,,A,33aEP>pP00PF<vjNFH2N4?wN2Bhk,0*07
\s:66,c:1782377505*46\!AIVDM,1,1,,A,16:9N7P000`fsnPA2hLf42aH053<,0*64
\s:66,c:1782377499*42\!AIVDM,1,1,,A,B3IIclP0;@6hmpV9wVJbb8v00000,0*7A
\s:66,c:1782377505*46\!AIVDM,1,1,,A,13V;HV0029P`q<NEbL>ktC;<08JT,0*77
\s:66,c:1782377503*40\!AIVDM,1,1,,B,16:;3u?P028O>bdEqntf4?wF0<0S,0*5A
\s:66,c:1782377507*44\!AIVDM,1,1,,B,H3iLE>11Dl84lDh000000000000,2*66
\s:66,c:1782377157*45\!AIVDM,1,1,,A,H3iLE>4TCBD6N5r<H@E0001P0400,0*3D
\s:66,c:1782377505*46\!AIVDM,1,1,,B,17Ogp0P1h0bu8=EhDQsavK1J0<10,0*01
\s:66,c:1782377505*46\!AIVDM,1,1,,A,33cpO0?P@1Pw1C>J6WuWknCH21uh,0*26
\s:66,c:1782377501*42\!AIVDM,1,1,,A,1777@s001g7PC1n1@lbGkV;>0@Gi,0*60
\s:66,c:1782377500*43\!AIVDM,1,1,,A,15O5Iu0000JASmb?CTeuomcB00S4,0*4F
\s:66,c:1782377501*42\!AIVDM,1,1,,A,17mF;kOP04aPd?av`Cq3v?w@20Rm,0*1F
\g:1-2-5199058,s:66,c:1782377507*0F\!AIVDM,2,1,8,B,53aEOBT000010S;GGL058pD0000000000000001I:h0:1ubcJ60CU5iD,0*5E
\g:2-2-5199058*64\!AIVDM,2,2,8,B,T1C`=QH20EQCQ3h,2*22
\s:66,c:1782377508*4B\!AIVDM,1,1,,B,13UPo78P00Qd3hbEf1;N4?wP2<5@,0*2E
\s:66,c:1782377508*4B\!AIVDM,1,1,,B,16:EtIP0iP`gJM@AdFnW759N28L2,0*22
\s:66,c:1782377504*47\!AIVDM,1,1,,B,13l3nWh0h`WK2cj0epSu?:wD00Rp,0*21
\s:66,c:1782377505*46\!AIVDM,1,1,,A,19NShWP02VLmoNH=w@VL?amJ0<00,0*25
\s:66,c:1782377506*45\!AIVDM,1,1,,A,19NScRh01A7LjJP0f9qS?BWL0L<N,0*04
\s:66,c:1782377499*42\!AIVDM,1,1,,B,1815bU001tWPv:01j048G6W:08FS,0*47
\s:66,c:1782377501*42\!AIVDM,1,1,,A,B3HT`?00>H6FS@6;GriOGwhUoP06,0*2B
\s:66,c:1782377507*44\!AIVDM,1,1,,A,15?dUS@01F7c90V5oPms:66,0*79
\s:66,c:1782377507*44\!AIVDM,1,1,,B,19N`3=D0030BS6nMevhJNBEJ0<@W,0*67
\s:66,c:1782377507*44\!AIVDM,1,1,,A,13:4?B0P00PeACTN`98>4?wN2D3w,0*45
\s:66,c:1782377508*4B\!AIVDM,1,1,,B,13ku8fP02C06JUlM=:E8uG=L053<,0*7D
\s:66,c:1782377506*45\!AIVDM,1,1,,A,B52PIG@00>feBB63m=O?RVN00000,0*1F
\s:66,c:1782377501*42\!AIVDM,1,1,,B,19NSAK00120GTEjE;;MIP7c>0HH@,0*3E
\s:66,c:1782377499*42\!AIVDM,1,1,,A,16K2Wh@0009j>EFD2rro3s?>00RA,0*32
\s:66,c:1782377502*41\!AIVDM,1,1,,B,15>r9:01260ui=DE211StC9@053<,0*5E
\s:66,c:1782377506*45\!AIVDM,1,1,,A,16:<laP21n8UfbhF0iAS;jSH08Jj,0*79
\s:66,c:1782377502*41\!AIVDM,1,1,,A,H7OhraQ85`u88Thh00000000000,2*42
\s:66,c:1782377502*41\!AIVDM,1,1,,A,H7OhraTTFC@02gT00000001h0310,0*72
\s:66,c:1782377503*40\!AIVDM,1,1,,B,13Il:D002=P3T<>Lw0v8s79D0<9p,0*7F
\s:66,c:1782377502*41\!AIVDM,1,1,,B,14cM6n@01MOP@W4K;lu84nQD00Sd,0*4F
\s:66,c:1782377500*43\!AIVDM,1,1,,A,402E34Avad`k`POISbNQ=hO028Gn,0*7A
\s:66,c:1782377506*45\!AIVDM,1,1,,A,33LB?4P4131jGKBRJk7na5Gp0000,0*19
\s:66,c:1782377507*44\!AIVDM,1,1,,B,13HO=Q?P2vP0f?:LBEEkaOwL2<1T,0*7F
\s:66,c:1782377504*47\!AIVDM,1,1,,A,28SJ@K0000Wb?0R5tNMhjPkF2HI;,0*63
\s:66,c:1782377504*47\!AIVDM,1,1,,B,B3l9C8@00H4q?F5e=J;Q0IF1nDVb,0*13
\s:66,c:1782377508*4B\!AIVDM,1,1,,A,B611wiP0:ppwcU40<nAWWwp1oP04,0*4D
\s:66,c:1782377505*46\!AIVDM,1,1,,B,176s0:002?8kj<VAbWmEhDQ@053<,0*59
\s:66,c:1782377505*46\!AIVDM,1,1,,A,1kaFdi0P000Oes0NPH5aIgv1uwww,0*06
\s:66,c:1782377497*4C\!AIVDM,1,1,,B,16:5<p?P008OHg8F:agonww80<<O,0*52
\s:66,c:1782377502*41\!AIVDM,1,1,,,14eGNfPv1Ks`cf@KO3kTgSgB0000,0*7B
\s:66,c:1782377506*45\!AIVDM,1,1,,,14eGNfP21Ks`cjPKO3`4akgJ0000,0*7E
\s:66,c:1782377502*41\!AIVDM,1,1,,B,13aL?Q@P00PFGV@Mu>Gh0?wB2L7B,0*2B
\s:66,c:1782377500*43\!AIVDM,1,1,,B,33`jgA4P00PEtaPN2IoN4?w@2<mA,0*37
\s:66,c:1782377497*4C\!AIVDM,1,1,,A,35960nG000HHvVB=B7eUo5op0000,0*59
\s:66,c:1782377503*40\!AIVDM,1,1,,B,13P7BT@P15OqUb:ONWcRGwwF2L0Q,0*08
\s:66,c:1782377505*46\!AIVDM,1,1,,B,18I3mb0014rV8Rt5qsRadGiJ0<2A,0*1D
\s:66,c:1782377499*42\!AIVDM,1,1,,B,19NSrNh01q0s>6fE6:D;PI9:08F`,0*3B
\s:66,c:1782377505*46\!AIVDM,1,1,,A,138RR:001GwUaEjKVI;tprIH20S>,0*4B
\s:66,c:1782377502*41\!AIVDM,1,1,,A,1:1Gbj0P0B0uc2@CvieUVwwD08Hk,0*40
\s:66,c:1782377504*47\!AIVDM,1,1,,B,16:mBH002<NP?6<7d@mWnFGD0<1r,0*17
\s:66,c:1782377504*47\!AIVDM,1,1,,B,15AHeV002HWqJ2B6F4kA7PmD0@II,0*2D
\s:66,c:1782377504*47\!AIVDM,1,1,,A,B5`V@a@006mu5sR`DVp000N00000,0*70
\s:66,c:1782377504*47\!AIVDM,1,1,,A,H5`V@a@8D4<R0@5T00000000000,2*09
\s:66,c:1782377504*47\!AIVDM,1,1,,A,H5`V@aD00000000J:<knji000440,0*42
\s:66,c:1782377479*4C\!AIVDM,1,1,,B,13:EaF001hVkIvV3J0ACKRd80D0W,0*6F
\s:66,c:1782377419*4A\!AIVDM,1,1,,B,33:EaF001hVkI3>3IwgC<Rb60Da=,0*66
\s:66,c:1782377501*42\!AIVDM,1,1,,A,35Dj;T1000FbLmVO1?M=V9Cp0000,0*5E
\s:66,c:1782377505*46\!AIVDM,1,1,,,13e8t>0tj<I2wGv0pM=2hjCH0000,0*56
\s:66,c:1782377201*45\!AIVDM,1,1,,B,H39dE=4TCBD8cOv46nikh00h604t,0*14
\s:66,c:1782377505*46\!AIVDM,1,1,,A,13EapjWP0FwTB9>K2n3BjOwJ2D2=,0*0A
\s:66,c:1782377501*42\!AIVDM,1,1,,A,33u@I4Pp@`1DKBjQw7HSIRmp0000,0*74
\s:66,c:1782377507*44\!AIVDM,1,1,,A,13ku9b01Be3EHBIpiL@jD1oN00Ra,0*6A
\s:66,c:1782377502*41\!AIVDM,1,1,,A,18QWd?3000STufR?n7o71bk@0@HU,0*1C
\s:66,c:1782377502*41\!AIVDM,1,1,,B,13o2aE0003Q5q0<WMiK7tT5>0<0b,0*3E
\s:66,c:1782377504*47\!AIVDM,1,1,,B,17lj;giP@n8FUdIwC@pn:ECF0HJ;,0*71
\s:66,c:1782377506*45\!AIVDM,1,1,,A,13m=iu0P000ivpdQpH60iwwL00SP,0*7A
\s:66,c:1782377501*42\!AIVDM,1,1,,A,13l3oC@028Oe09<Da@DCn31@00R@,0*6E
\s:66,c:1782377505*46\!AIVDM,1,1,,B,1815;=000e3R4Pf?v`i0r0ML0L=;,0*51
\s:66,c:1782377507*44\!AIVDM,1,1,,A,13P7c9c000PeUk6Pu9@v453N253<,0*29
\s:66,c:1782377508*4B\!AIVDM,1,1,,A,B4eHoe0005k5Js73CvOQ2lN00000,0*1A
\s:66,c:1782377500*43\!AIVDM,1,1,,A,19N`3LP0062OTdH@j199hA5<0D0q,0*12
\s:66,c:1782377503*40\!AIVDM,1,1,,B,13`ekJ0P21PDRoFMe7a`TgwF2<7w,0*5D
\s:66,c:1782377503*40\!AIVDM,1,1,,B,39NSjT0qiPJT7A:E9Eg6WE=F00n@,0*09
\s:66,c:1782377501*42\!AIVDM,1,1,,B,C69Ec`P0@R;PdNSlIMeCGwv0JBLHB2LjceaQij000000?1@7Q1PP,0*01
\s:66,c:1782377504*47\!AIVDM,1,1,,B,15@I3H002188epv<o:guo;7F08J1,0*1E
\s:66,c:1782377503*40\!AIVDM,1,1,,A,18156nCP003SJUl@@8W>4?wD2@I=,0*1C
\g:1-2-5199059,s:66,c:1782377506*0F\!AIVDM,2,1,9,B,53P=Qmh2BsIO8P@O>20EHE:0hU=<tlF22222221:LabCK5e:NK55p2j2,0*55
\g:2-2-5199059*65\!AIVDM,2,2,9,B,8?`0k`4j0H88880,2*54
\s:66,c:1782377498*43\!AIVDM,1,1,,A,13aN34@P0KPKHPHMc<2hjOw:R@F9,0*61
\s:66,c:1782377501*42\!AIVDM,1,1,,A,13WRL55000OVeVjDQt`R2G=@08H>,0*38
\s:66,c:1782377502*41\!AIVDM,1,1,,B,17Oj;t0Oi?bl7qAdWrdTn3iB2HHG,0*1B
\s:66,c:1782377504*47\!AIVDM,1,1,,A,1381Lv000rrBR?l5KmcqhGwF20Sf,0*4C
\s:66,c:1782377504*47\!AIVDM,1,1,,A,16SeWag00la=EdBD15sG6o;Gpl5i,0*04
\s:66,c:1782377505*46\!AIVDM,1,1,,A,16:<>GP01W8gE2@Ahj:c0I1F0D6k,0*0D
\s:66,c:1782377505*46\!AIVDM,1,1,,A,ENkb9R>Uh@@@@@@@@@@@@@@@@@@;SCP`<J9K@00003vP000,2*34
\s:66,c:1782377505*46\!AIVDM,1,1,,A,13m57b001`1PQ0hEqVSKfaMF0L0u,0*5F
\s:66,c:1782377502*41\!AIVDM,1,1,,A,B5O;HR000=krhk6lRWWQ1mP5oP06,0*71
\s:66,c:1782377500*43\!AIVDM,1,1,,B,16::8F00018NNQfF4lqC=@5>0d7l,0*07
\s:66,c:1782377505*46\!AIVDM,1,1,,B,14`M9@0020wGt;LDoD=47kIH8D0H,0*7A
\s:66,c:1782377503*40\!AIVDM,1,1,,A,34eHHQ0000G<MPlL=og4TP;p0000,0*1D
\s:66,c:1782377505*46\!AIVDM,1,1,,A,169026`000`VE6tDUDw6;4qH00T8,0*03
\s:66,c:1782377506*45\!AIVDM,1,1,,A,17mFC88P00WaC3;tQN4EcOwJ2@K?,0*68
\s:66,c:1782377507*44\!AIVDM,1,1,,B,36:R?bPOhw8LM32=wrNSPBKB02vh,0*0F
\s:66,c:1782377502*41\!AIVDM,1,1,,A,17m:0ihP01`FdoqwBj02GOw<0`H`,0*2D
\s:66,c:1782377506*45\!AIVDM,1,1,,A,39NS`vh01pWP5lD18pbhVhQJ05<C,0*08
\s:66,c:1782377507*44\!AIVDM,1,1,,,B3prRp0007sF8i5@L0P03woUwP06,0*63
\s:66,c:1782377505*46\!AIVDM,1,1,,B,15DeVV01P62u8p>H1aJU9VgH0`JU,0*5E
\s:66,c:1782377501*42\!AIVDM,1,1,,A,13kpa80004Q2relDGRdH6ROD00Sn,0*55
\s:66,c:1782377506*45\!AIVDM,1,1,,B,13u7El0vjRPhcW8Pnf=Ik7kL08KB,0*50
\s:66,c:1782377508*4B\!AIVDM,1,1,,A,177h8S002VNe>Kv9ssbo25WF0<3K,0*0E
\s:66,c:1782377507*44\!AIVDM,1,1,,,13:47gU000Q?1n:G;84;;@aP0000,0*54
\s:66,c:1782377507*44\!AIVDM,1,1,,A,169GlK5000`VD<2DW=cd6GCL2000,0*54
\s:66,c:1782377507*44\!AIVDM,1,1,,B,19NScKP01M``kURDTOi:cHML0<<O,0*31
\s:66,c:1782377504*47\!AIVDM,1,1,,B,18:i3u000W`afw<8F01qGieD0D3O,0*7B
\s:66,c:1782377502*41\!AIVDM,1,1,,A,13WROw9P2JOVdKjDR>dhdgwD0@Hn,0*16
\s:66,c:1782377503*40\!AIVDM,1,1,,A,13cmjg0P3HPfoKvHtJVE@gw>0000,0*53
\s:66,c:1782377505*46\!AIVDM,1,1,,A,C69E4@P00J>08jT22@fev;N0l@:hB2L>jcWQWSh00000?1T61R00,0*19
\s:66,c:1782377508*4B\!AIVDM,1,1,,B,16:<>mP01a8jo:0DNu>725UN0HOq,0*5C
\s:66,c:1782377506*45\!AIVDM,1,1,,B,19N`2u002lNi4V@5tBLn2DmJ08K3,0*1F
\s:66,c:1782377502*41\!AIVDM,1,1,,A,339o>o00000ePCVN`870001p0000,0*61
\s:66,c:1782377506*45\!AIVDM,1,1,,A,15QAcR002<8<0NR<;CgHoG5J0@JV,0*75
\g:1-2-5199060,s:66,c:1782377506*05\!AIVDM,2,1,0,B,55SrwN42BaGK<DtkJ21UDe<Dj0d5848DdU:22216:pE=55aB0=hQ@CT`,0*52
\g:2-2-5199060*6F\!AIVDM,2,2,0,B,888888888888880,2*27
\s:66,c:1782377508*4B\!AIVDM,1,1,,A,18Vb?r0003Oe@;f2b<6SsH=P0<0M,0*4C
\s:66,c:1782377507*44\!AIVDM,1,1,,B,19TH17@00D4Kj;r=<0rMaaOP0D3a,0*58
\s:66,c:1782377508*4B\!AIVDM,1,1,,A,33:SWp3PAm0BP>hMh1:G0E;R012h,0*7D
\s:66,c:1782377507*44\!AIVDM,1,1,,A,15SnNJ001h2pTG7fbi2Br2:p00SE,0*25
\s:66,c:1782377505*46\!AIVDM,1,1,,A,1815QV@01jPoQ8PEC04s5HuB0D74,0*4D
\s:66,c:1782377503*40\!AIVDM,1,1,,A,33Ku5V003H1Ggm`R;AujdR;p0000,0*56
\s:66,c:1782377476*43\!AIVDM,1,1,,A,H3@pS:TUC=D4IQ7H@8poiq000000,0*13
\s:66,c:1782377505*46\!AIVDM,1,1,,B,15N5U2002S0HK2fEG>rkRjqJ08JO,0*10
\s:66,c:1782377505*46\!AIVDM,1,1,,B,34`UvHm0007JU840gNVr69uL0DTb,0*19
\s:66,c:1782377503*40\!AIVDM,1,1,,A,3610WaUP00SQPl8?govR@?wD0C>b,0*67
\s:66,c:1782377506*45\!AIVDM,1,1,,B,28KBEv50007b<MD5tQs`GCGL053<,0*76
\s:66,c:1782377504*47\!AIVDM,1,1,,B,19NSOS001aPgoo:Q7;HbNpE@0D5f,0*1A
\s:66,c:1782377500*43\!AIVDM,1,1,,A,35ODwd3Q00J@CAD?eRrIJT?p0000,0*74
\s:66,c:1782377505*46\!AIVDM,1,1,,B,18REJ12P007JOk:0h0e@0?wJ08JV,0*2A
\s:66,c:1782377502*41\!AIVDM,1,1,,A,13l3qw0v2MP6f`hNBW0KLq7D00S?,0*4E
\s:66,c:1782377506*45\!AIVDM,1,1,,A,1815Vj001s8T7kfF77bkWBqF00Se,0*58
\s:66,c:1782377502*41\!AIVDM,1,1,,B,339jN@5P010eS9lNWMsWMwwF2GvP,0*67
\s:66,c:1782377504*47\!AIVDM,1,1,,,17lice50007L`080Udkf48WH053<,0*61
\s:66,c:1782377504*47\!AIVDM,1,1,,B,79NSG<ARMpD`,0*47
\s:66,c:1782377505*46\!AIVDM,1,1,,A,25?dLD5000Wapir62F1N48kH28J6,0*4E
\s:66,c:1782377502*41\!AIVDM,1,1,,B,B8StGLh0;9udp92>gBBLkwlW3P06,0*14
\s:66,c:1782377507*44\!AIVDM,1,1,,A,14Qh@8P000o?j6lEVHGHw`EJ8HKQ,0*44
\s:66,c:1782377507*44\!AIVDM,1,1,,B,1:kJWpPP00rj0vkc2sQv4?wN20Re,0*1F
\s:66,c:1782377502*41\!AIVDM,1,1,,A,13d1So0P00PqANBEh5bf4?wB28Hh,0*49
\s:66,c:1782377504*47\!AIVDM,1,1,,A,37OoD@PP@W:l<AadT0fsCpeD01qP,0*7C
\s:66,c:1782377501*42\!AIVDM,1,1,,B,13@p;<P03G0o2:lO=LI3Gjc<0@Fu,0*4A
\s:66,c:1782377504*47\!AIVDM,1,1,,B,355MF8P0003T93:?nQRWl@?B01;0,0*4C
\s:66,c:1782377507*44\!AIVDM,1,1,,A,19NSC1P00P05UUFGPm01Ci7J0<4j,0*7C
\s:66,c:1782377508*4B\!AIVDM,1,1,,B,B8SVMJ007r1L8r28?eueGwo73P06,0*62
\s:66,c:1782377503*40\!AIVDM,1,1,,A,39u:V21P04`jbKb@r?o;TQcB20rP,0*7E
\s:66,c:1782377503*40\!AIVDM,1,1,,A,4@2=agAvad`kWwpj8rLwAQ?02000,0*34
\g:1-2-5199061,s:66,c:1782377502*00\!AIVDM,2,1,1,B,53AVS@82GCQ<uL9S:20E=H4MB098DE`F2222221J4Pl9;5dV0=@PDQ8<,0*7A
\g:2-2-5199061*6E\!AIVDM,2,2,1,B,<H5i`8888888880,2*56
\s:66,c:1782377505*46\!AIVDM,1,1,,B,405flb1vad`kc1mGAadTQ>O020S:,0*26
\s:66,c:1782377505*46\!AIVDM,1,1,,A,133kKBUP1:PCC<@MIB?6MwwJ2D67,0*68
\s:66,c:1782377499*42\!AIVDM,1,1,,B,13aDp4PP00PDCDnMd9s>4?w>28G>,0*57
\s:66,c:1782377503*40\!AIVDM,1,1,,A,35O4BgP03;J5:88?mMHSL2ip0000,0*30
\s:66,c:1782377506*45\!AIVDM,1,1,,B,13Egb==P0Cwi7PrDS352VwwL2D08,0*08
\s:66,c:1782377497*4C\!AIVDM,1,1,,A,H3U8DJ0LTr0HUa`000000000000,2*4A
\s:66,c:1782377497*4C\!AIVDM,1,1,,A,H3U8DJ400000000CF1qolj000000,0*26
\s:66,c:1782377446*40\!AIVDM,1,1,,A,H>aTCTPh;P00000000000000000,2*13
\s:66,c:1782377503*40\!AIVDM,1,1,,A,H>aTCTTUCBD:9`W3n8<o000@622t,0*06
\s:66,c:1782377506*45\!AIVDM,1,1,,A,1772nq002CwTM9<LD9CPEhM@053<,0*28
\s:66,c:1782376795*4C\!AIVDM,1,1,,A,H6:fopE66Dejjhkhhhhhhh1@o:8H,0*40
\s:66,c:1782377501*42\!AIVDM,1,1,,A,4028jIAvad`k`OUW70Dbq<gP20S:,0*2F
\s:66,c:1782377506*45\!AIVDM,1,1,,B,13VIfT0P001`i84G?jKooOwN0D0K,0*7E
\s:66,c:1782377507*44\!AIVDM,1,1,,B,130fV4?P020dELL2D7JN4?wN2D0i,0*37
\s:66,c:1782377507*44\!AIVDM,1,1,,A,13dhF0000B2Oct4@kVahGhAL053<,0*2E
\s:66,c:1782377505*46\!AIVDM,1,1,,B,17ljJloP008FdFuwAI4Rv61D0`Jg,0*44
\s:66,c:1782377506*45\!AIVDM,1,1,,B,13cWAm8P01Q1BLhGGJ90OwwJ00RE,0*01
\s:66,c:1782377500*43\!AIVDM,1,1,,A,13IPMi00000:0eTM<DhbLJkB00SA,0*10
\s:66,c:1782377508*4B\!AIVDM,1,1,,A,B69D>K@092<:QFTAdNVSJ2Q43P06,0*72
\s:66,c:1782377508*4B\!AIVDM,1,1,,A,17m:5j@P007aCdutPGPoV?wN00S2,0*51
\s:66,c:1782377507*44\!AIVDM,1,1,,A,13VE5d002CQDm>dDlIbrRHOH053<,0*53
\s:66,c:1782377507*44\!AIVDM,1,1,,A,18I6<L0wirPJeGpEMUSk>BSJ00RU,0*33
\s:66,c:1782377505*46\!AIVDM,1,1,,A,13aGtpP0?w0BMJvMfCF>44sHP53<,0*6C
\s:66,c:1782377506*45\!AIVDM,1,1,,A,E>m1cDPb:a74W3h10aTW@;4a::Pn;G76kQKVp00003o03383SsdMP0,4*13
\s:66,c:1782377503*40\!AIVDM,1,1,,B,B7ldgG@00:6<sMOp>?JlswP4kP06,0*73
\s:66,c:1782377504*47\!AIVDM,1,1,,A,13M9ob001GOGAwdIerMWt6OD0<05,0*75
\s:66,c:1782377496*4D\!AIVDM,1,1,,B,18:rb10PAk8b3wr7oOF8tW5600S?,0*34
\s:66,c:1782377501*42\!AIVDM,1,1,,B,13aEObh00vPEOhDN0Tr<;IiBRD1g,0*3B
\s:66,c:1782377506*45\!AIVDM,1,1,,A,369aDRPP0T`hTWLAIhoihgwB0C?u,0*2B
\s:66,c:1782377502*41\!AIVDM,1,1,,B,13MChMP01c0a`b8EU1vJn`c@053<,0*6F
\s:66,c:1782377508*4B\!AIVDM,1,1,,A,19NSdrh02sG1L`8?aHlsUaEL00SR,0*6B
\s:66,c:1782377508*4B\!AIVDM,1,1,,B,17mRJ4w0017JR1V0b54A647N2HL0,0*03
\g:1-2-5199062,s:66,c:1782377507*06\!AIVDM,2,1,2,B,53@p@N82FfVluTH;:20@8:05=@E8UR222222220l1P<455dj072hR;Ek,0*37
\g:2-2-5199062*6D\!AIVDM,2,2,2,B,lRjCQp0DQ@H8880,2*06
\s:66,c:1782377508*4B\!AIVDM,1,1,,A,33aPQ7PP@J00Jtt3><ACC1eR0Ph0,0*7F
\s:66,c:1782377508*4B\!AIVDM,1,1,,A,13ktps0000rA?Ih>sCsJ1;;P0HLB,0*35
\s:66,c:1782377508*4B\!AIVDM,1,1,,B,33cj@u0OiI0tdqDCpWP4H3aP010i,0*41
\s:66,c:1782377505*46\!AIVDM,1,1,,B,13F5mv001506UrpF@wTSWjWH053<,0*44
\s:66,c:1782377506*45\!AIVDM,1,1,,A,B3tjONP000=a?b`>oNL000N00000,0*54
\s:66,c:1782377505*46\!AIVDM,1,1,,A,13HWam300`PEG?:H`7br`HML053<,0*1F
\s:66,c:1782377504*47\!AIVDM,1,1,,A,17tKk9hP007J4Jn0eK:5`gwH0PS3,0*31
\s:66,c:1782377502*41\!AIVDM,1,1,,B,B6:eG8P0Dj;=Eh4O2Ip1kwv63P06,0*6C
\s:66,c:1782377504*47\!AIVDM,1,1,,A,19NSpcS0003lEfR>J29WMpeJ0d:`,0*59
\s:66,c:1782377501*42\!AIVDM,1,1,,B,13aGv6hP000DTnhMdbQaqgwD20S1,0*61
\s:66,c:1782377506*45\!AIVDM,1,1,,B,1815dC@02>71rkt34b4LHasL053<,0*19
\s:66,c:1782377506*45\!AIVDM,1,1,,A,18I2q700007JsDf0eGEmB8?N0<@N,0*0D
\s:66,c:1782377505*46\!AIVDM,1,1,,A,14`V0PP02k2`FNSk4pJWuVMB0L02,0*25
\s:66,c:1782377501*42\!AIVDM,1,1,,A,13KLoLP0001Qrb4RjH0S1VV00000,0*36
\s:66,c:1782377505*46\!AIVDM,1,1,,B,13K>Q8001T7VRf82Rem8UVsH08Jj,0*73
\s:66,c:1782377503*40\!AIVDM,1,1,,B,160sWd0005SW=@V?JGe=KkCF20Sa,0*07
\s:66,c:1782377505*46\!AIVDM,1,1,,B,B7tKooP0CQnk@<0;M<1Cswn1h0Qt,0*4A
\s:66,c:1782377505*46\!AIVDM,1,1,,A,169D8O0P028gKJ0AnD=ejwwD0@J3,0*33
\g:1-2-5199063,s:66,c:1782377505*05\!AIVDM,2,1,3,A,53412l82Aas<u90:2204h85A8u>222222222221J0hd5:4uk0082hC33,0*4A
\g:2-2-5199063*6C\!AIVDM,2,2,3,A,p<MMN8888888880,2*1D
\s:66,c:1782377503*40\!AIVDM,1,1,,A,13o37VUw00QaAEn`>0KN453D253<,0*74
\s:66,c:1782377506*45\!AIVDM,1,1,,A,13gPBe?P06NRT>fUb65@:wwN0HK@,0*3E
\s:66,c:1782377507*44\!AIVDM,1,1,,A,13cq7?00000`n:lIJ1p1wr3H0<53,0*51
\s:66,c:1782377506*45\!AIVDM,1,1,,B,17fu;n@01m0;F<@FTiCTFCML08Jv,0*24
\s:66,c:1782377505*46\!AIVDM,1,1,,A,16SfmhgP0U9=j;4D1;TavOwJ28JU,0*48
\s:66,c:1782377503*40\!AIVDM,1,1,,A,33l<7>000012TQPDO`oJg`Wp0000,0*47
\s:66,c:1782377507*44\!AIVDM,1,1,,B,168sPN3P00`L@Th=v>8N4?wL253<,0*7F
\s:66,c:1782377506*45\!AIVDM,1,1,,B,13HjHo?P0cPDRl<Hl`?N1wwL28Jg,0*67
\s:66,c:1782377508*4B\!AIVDM,1,1,,B,15N8JePP00JQNoRFMih;4wwP2L1l,0*66
\s:66,c:1782377507*44\!AIVDM,1,1,,B,169UM50000`LOk@>1CD>499N2@Ke,0*6E
\s:66,c:1782377507*44\!AIVDM,1,1,,A,19NSpo@wkA2A5V=enp9IW7cL00SH,0*43
\s:66,c:1782377504*47\!AIVDM,1,1,,A,13:0=001AuPn>dfO2fvq:oCF0<1t,0*11
\s:66,c:1782377505*46\!AIVDM,1,1,,A,153BsH0P02JU:v6=MOp7fgw>2000,0*5D
\s:66,c:1782377498*43\!AIVDM,1,1,,B,18:`8O@P1N``0wh8@1EIeOw:2D7j,0*48
\s:66,c:1782377506*45\!AIVDM,1,1,,,18I772000E<R2Okc4QUjNTmH0000,0*1E
\s:66,c:1782377507*44\!AIVDM,1,1,,B,19NSV:P02RWH<O20k08DhSkL0@Ka,0*53
\g:1-2-5199064,s:66,c:1782377503*04\!AIVDM,2,1,4,A,55@`?Nl2:pA3<G?GOJ0lThE=@tpF222222222216:@C99tD40;4280U3,0*63
\g:2-2-5199064*6B\!AIVDM,2,2,4,A,`88888888888880,2*78
\s:66,c:1782377504*47\!AIVDM,1,1,,A,339ntq00000eMWFN`1weQ4sp0000,0*16
\s:66,c:1782377499*42\!AIVDM,1,1,,B,36:9MH0Oh18ehP2A9qFti2k:00u@,0*53
\s:66,c:1782377506*45\!AIVDM,1,1,,B,13l3p9001TPlS70NvTh8RVkH28Ji,0*0E
\s:66,c:1782377503*40\!AIVDM,1,1,,A,33MC?q@P@40;PMBMsWV`0UKH00rh,0*75
\s:66,c:1782377504*47\!AIVDM,1,1,,A,139Unc0P@0PeHnfN`mRh05oH28In,0*56
\s:66,c:1782377500*43\!AIVDM,1,1,,A,B611cHP00Hq4RMT0PNkQ3wl1oP04,0*59
\s:66,c:1782377507*44\!AIVDM,1,1,,A,15SmoF32h0M8dc3kmGrptc?P0000,0*16
\s:66,c:1782377503*40\!AIVDM,1,1,,A,16:9MH0Oh18ehP2A9qFti2m@0D:2,0*67
\s:66,c:1782377508*4B\!AIVDM,1,1,,A,16:7IP00198faB@A821bTpL01P06,0*27
\s:66,c:1782377508*4B\!AIVDM,1,1,,B,18ISwN00Qd7K;v@0c=:ahGgNP<<1,0*19
\s:66,c:1782377508*4B\!AIVDM,1,1,,A,13cWAL0P3kQ1@QvGFA62P?wP08LG,0*2D
\s:66,c:1782377506*45\!AIVDM,1,1,,A,B3mb9K0008>:6R9Cs3UrQRN00000,0*22
\g:1-2-5199065,s:66,c:1782377506*00\!AIVDM,2,1,5,A,56Tj7F829W;dA=0WB20QUDp@4V1E@u0T6222221DKPnHG5kP0GRlRRD;,0*38
\g:2-2-5199065*6A\!AIVDM,2,2,5,A,ORA0PE888888880,2*58
\s:66,c:1782377504*47\!AIVDM,1,1,,B,13aGDC0P12PFJmNMvIV<w?wHR0R?,0*7A
\s:66,c:1782377504*47\!AIVDM,1,1,,A,13GNje0P00P9nenGb5p>4?wH08JC,0*25
\s:66,c:1782377505*46\!AIVDM,1,1,,B,19@2`fiP00QKPWDBHg<1qOwH0`JJ,0*08
\s:66,c:1782377503*40\!AIVDM,1,1,,B,B:U7HOh0075PJ3wwOQu<`uE02h06,0*10
\s:66,c:1782377503*40\!AIVDM,1,1,,B,13MC?1S000P7ALlOKMhKG3WD0@IW,0*21
\s:66,c:1782377000*46\!AIVDM,1,1,,B,H3@phgDTC=D4TS0H@9lqjk0h604t,0*7B
\s:66,c:1782377507*44\!AIVDM,1,1,,A,15UaeJ5P?w<tSF0l4Q@>4?wv0d4I,0*2D
\s:66,c:1782377507*44\!AIVDM,1,1,,B,H8uCVP08Dhh5A8UP00000000000,2*52
\s:66,c:1782377157*45\!AIVDM,1,1,,A,H8uCVP4TCBD6f2RJBPjqnl1H1210,0*49
\s:66,c:1782377505*46\!AIVDM,1,1,,B,35NGutUwh0G?bUPKB55:mn=J0`wD,0*6A
\s:66,c:1782377505*46\!AIVDM,1,1,,B,177>AG0P0t`;0oP<n54aSgwH2<1p,0*2A
\s:66,c:1782377502*41\!AIVDM,1,1,,A,13ceBV0P0017=R>En1t>4?wD2000,0*6B
\s:66,c:1782377508*4B\!AIVDM,1,1,,B,E>jN7k1V:4@3WRa2RP000000000@8IGG>niN`05050v000,4*0C
\s:66,c:1782377502*41\!AIVDM,1,1,,A,33ch:v5P00Q>fFjG:B2f4?vD2DFJ,0*09
\s:66,c:1782377504*47\!AIVDM,1,1,,B,39NSteO0009=;G:Cu:CP01?D00Nk,0*5E
\s:66,c:1782377505*46\!AIVDM,1,1,,B,13;VpT0000RvVUTH<8c8o3ML0l0M,0*76
\s:66,c:1782377500*43\!AIVDM,1,1,,A,BCh;A=P0N7VARh9Q4RVJWwh0p000,0*16
\s:66,c:1782377501*42\!AIVDM,1,1,,A,13l9W4001G16IrLDUO6bF`M80hGA,0*13
\s:66,c:1782377504*47\!AIVDM,1,1,,,B3mfNR005`Mw<Lb;G8dRcwm5oP06,0*7B
\s:66,c:1782377503*40\!AIVDM,1,1,,B,13EajK7P07P90FvEvtIVIww@00S5,0*1C
\s:66,c:1782377501*42\!AIVDM,1,1,,A,B8HtNcP0BangGi0;aj:vswlUoP06,0*61
\s:66,c:1782377503*40\!AIVDM,1,1,,A,15?dNr80003N7jt@@R4`SAqD0<59,0*38
\s:66,c:1782377506*45\!AIVDM,1,1,,B,4028nK@000Htt0?6P@H=23700U3<,0*06
\s:66,c:1782377506*45\!AIVDM,1,1,,A,B39pdfP0=p@Lbr7r8eq7kwnUoP06,0*6D
\s:66,c:1782377506*45\!AIVDM,1,1,,B,16;L:b001Q`jr@0DaEfW3UWJ0HJW,0*2A
\s:66,c:1782377502*41\!AIVDM,1,1,,A,B4eGulP00=bjJnWi1us4rMv00000,0*6E
\s:66,c:1782377503*40\!AIVDM,1,1,,B,1342sr001t8Wa<P6bdr725c>0HIA,0*58
\s:66,c:1782377508*4B\!AIVDM,1,1,,B,19NSa0000k7J;p40dSFRg2cR08L@,0*4B
\s:66,c:1782377504*47\!AIVDM,1,1,,A,B5`V@F001Vmu65R`DLC4pTN00000,0*0A
\s:66,c:1782377505*46\!AIVDM,1,1,,B,34eGNfP41Ks`ciJKO3c4dCgH00t@,0*39
\s:66,c:1782377508*4B\!AIVDM,1,1,,A,18I<Hs01@;rB@Gj5LIhcDaCP0@LG,0*30
\s:66,c:1782377504*47\!AIVDM,1,1,,B,15BAmn002J1Bl84RgJ7bRHMF0<0@,0*0D
\s:66,c:1782377505*46\!AIVDM,1,1,,A,13`jg3hP1aPCIlJMJU=MhgwHRL2@,0*10
\s:66,c:1782377502*41\!AIVDM,1,1,,B,13meSS70001o9o@`WWV6c0OD08HD,0*3C
\s:66,c:1782377502*41\!AIVDM,1,1,,A,402M3vAvad`ka0IIvPScDl7P0HHR,0*4B
\s:66,c:1782377499*42\!AIVDM,1,1,,A,35BAmn002I1BlEbRgJ4rS8Mp0000,0*0C
\s:66,c:1782377506*45\!AIVDM,1,1,,B,6>lEM<000000KS?e5GC17rVk5@4P4=@ru70B23024000P000000000,4*36
\s:66,c:1782377505*46\!AIVDM,1,1,,A,35BAmn002I1Bl82RgJ7JS8Mp0000,0*1A
\s:66,c:1782377504*47\!AIVDM,1,1,,B,395gLWA0017OMnB1?GdRR5mH0Dm:,0*11
\s:66,c:1782377501*42\!AIVDM,1,1,,A,33@oA>P01r0mcWpO=7b5lTgp0000,0*71
\s:66,c:1782377506*45\!AIVDM,1,1,,B,19NSR6@v@1PKHUFE8NhWk47L0<6f,0*27
\g:1-2-5199066,s:66,c:1782377507*02\!AIVDM,2,1,6,A,<03t>W9RSjPJ31ED9?>QPI?EP81F5P5>D5B54PG19C8E194?>7P3?<<9,0*7D
\g:2-2-5199066*69\!AIVDM,2,2,6,A,C9?>P8978eB9C;P1B51f389>1P=C10,4*04
\s:66,c:1782377507*44\!AIVDM,1,1,,B,16:F2JP01;`iDeJAKU7=t@3L2@KF,0*4F
\s:66,c:1782377507*44\!AIVDM,1,1,,B,29NSIOP01M8cc587buf4dkiJ053<,0*48
\s:66,c:1782377507*44\!AIVDM,1,1,,B,142LUb10002vP=pH9;:G3F=J0PSC,0*74
\s:66,c:1782377503*40\!AIVDM,1,1,,A,15Msss0001r;DAfAI=7LR@U>0000,0*00
\s:66,c:1782377505*46\!AIVDM,1,1,,A,15ArMh0P01Pn;1Uu@evr2OwH00RG,0*37
\s:66,c:1782377505*46\!AIVDM,1,1,,A,13l3nT00@;wFL8@Eu5=PGRwF0D1Q,0*67
\s:66,c:1782377503*40\!AIVDM,1,1,,B,13cdH03P0b1BdfTGBmC55OwF0<1S,0*77
\s:66,c:1782377503*40\!AIVDM,1,1,,A,13M@ULW00GP1vLNLtrK=o@3B0L07,0*2C
\s:66,c:1782377506*45\!AIVDM,1,1,,B,18SJQ>001RWG4Wp0re9cp9OD00Rr,0*25
\s:66,c:1782377507*44\!AIVDM,1,1,,A,137Hs>000M0E6bhN1I1:e`UL0HKR,0*62
\s:66,c:1782377508*4B\!AIVDM,1,1,,B,38I15p5000rChah58>=f2IuL8De:,0*4F
\s:66,c:1782377503*40\!AIVDM,1,1,,B,14`GF:0via02nVNLnubS0jLp0@IM,0*35
\s:66,c:1782377506*45\!AIVDM,1,1,,A,13csEK0000PqASREh5Qi2PMF0@Jt,0*5C
\s:66,c:1782377503*40\!AIVDM,1,1,,A,B3JAaK008H6eIdV:4>pMH?v00000,0*12
\s:66,c:1782377508*4B\!AIVDM,1,1,,A,19NSnI@wRs7NpnP0pRLAe1KL053<,0*73
\s:66,c:1782377508*4B\!AIVDM,1,1,,B,19NSs8h0207Sam>26QdA4PoL08LG,0*43
\s:66,c:1782377506*45\!AIVDM,1,1,,B,28;Bj:1001W`i@P69`P3qAnl0HJG,0*03
\s:66,c:1782377507*44\!AIVDM,1,1,,B,14eGLuwP0<o=>r4L8D71`wwF00S0,0*49
\s:66,c:1782377500*43\!AIVDM,1,1,,A,17OddbP00?:cOeskmQDS:GS>0<11,0*3E
\s:66,c:1782377502*41\!AIVDM,1,1,,A,19NSEiP0088TETp8g3fP3phd0D12,0*18
\s:66,c:1782377504*47\!AIVDM,1,1,,B,13nVib0Ohd0KhB0SSi>`BFqF0hJ2,0*22
\s:66,c:1782377505*46\!AIVDM,1,1,,B,16:BP800028f71PA8;Jdo4KH0<CV,0*15
\s:66,c:1782377501*42\!AIVDM,1,1,,A,B33u`EP00845WR7FRo7Q3wlQnDl:,0*77
\s:66,c:1782377505*46\!AIVDM,1,1,,A,B3uFqtP0=@=`Fl`?Rvm5DoN00000,0*7D
\s:66,c:1782377505*46\!AIVDM,1,1,,A,19NSBC@03:Ji0J8>e5jemK5F0D00,0*6A
\s:66,c:1782377505*46\!AIVDM,1,1,,B,169CQA0Oiw8fQ9@A8Ss16ACF0@K>,0*40
\s:66,c:1782377506*45\!AIVDM,1,1,,B,138ph2002r42NuCn7E2ihAUH0<01,0*75
\s:66,c:1782377506*45\!AIVDM,1,1,,A,4028nKh000Htt0>b>2GvAuo00t35,0*65
\s:66,c:1782377504*47\!AIVDM,1,1,,B,H3MuJF104@l60TT000000000000,2*77
\s:66,c:1782377504*47\!AIVDM,1,1,,B,H3MuJF4TC=D4L5CJ3I@j003p0340,0*60
\s:66,c:1782377497*4C\!AIVDM,1,1,,A,13Ia;U000cwQejTKEd`6;m1<00R=,0*44
\s:66,c:1782377506*45\!AIVDM,1,1,,A,16:RduPP1;`LG4h=wWk5A?wJ28Jd,0*41
\s:66,c:1782377507*44\!AIVDM,1,1,,B,13aNTL@01LPCo8DMF<ou0bKHP<42,0*0B
\s:66,c:1782377507*44\!AIVDM,1,1,,B,16:ACp00018g=s:66,0*28
\s:66,c:1782377505*46\!AIVDM,1,1,,A,H3uFqtTU0000000000000000:110,0*60
\s:66,c:1782377507*44\!AIVDM,1,1,,A,B3GQTwh00WfF;vT1TOdqswo5oP06,0*3C
\s:66,c:1782377507*44\!AIVDM,1,1,,A,369@5H`t@08ggW@AlcuUb37L00mi,0*2C
\s:66,c:1782377505*46\!AIVDM,1,1,,B,15TAlJ001mP65IhE4?8J989>00RF,0*12
\s:66,c:1782377501*42\!AIVDM,1,1,,A,B3Hp2CP09?tSQtVw3a8j0`N00000,0*75
\s:66,c:1782377501*42\!AIVDM,1,1,,A,B3?s@TP00FrE:t24D9;Q3wlUkP06,0*31
\s:66,c:1782377502*41\!AIVDM,1,1,,A,D02FhWQl4N?b<`N000,4*25
\s:66,c:1782377499*42\!AIVDM,1,1,,B,16::Pa001J8NSPbF9WAcU99@00SO,0*7C
\s:66,c:1782377506*45\!AIVDM,1,1,,A,13l3ogP01evfvsh:dBdW:mcF0D0c,0*40
\s:66,c:1782377501*42\!AIVDM,1,1,,A,15NTDn000Sre<NBGA::S7B5B0D3C,0*05
\s:66,c:1782377507*44\!AIVDM,1,1,,A,B5O8=a000>Rhl5TIcM;Q3wo1nDCJ,0*77
\s:66,c:1782377503*40\!AIVDM,1,1,,B,13ad;D?P17PFmLlNCST44?vJ1PT9,0*6A
\g:1-2-5199067,s:66,c:1782377504*00\!AIVDM,2,1,7,A,553Q8r429i1?IUHW>2059@DlU>2222222222220U2p?4400Ht7SPDlhE,0*47
\g:2-2-5199067*68\!AIVDM,2,2,7,A,H88888888888880,2*53
\s:66,c:1782377508*4B\!AIVDM,1,1,,B,15NdHKdOheq<gq0A2kbqK7kP0D9P,0*14
\s:66,c:1782377504*47\!AIVDM,1,1,,A,168tWmP0?w<tSF0l4Q@>48kp0d2?,0*2B
\s:66,c:1782377498*43\!AIVDM,1,1,,B,16;3L`001e8bmlh?K5K`EVO:08B7,0*10
\s:66,c:1782377498*43\!AIVDM,1,1,,B,3CgJ1kg00jv?l?NV@opB2AhD0032,0*6E
\s:66,c:1782377503*40\!AIVDM,1,1,,A,35NHsAgP0Ur:bU>AHmScD`oD0000,0*5C
\s:66,c:1782377505*46\!AIVDM,1,1,,B,13d5kF0P00Q8lV<F0`?7A?wJ00Sn,0*34
\s:66,c:1782377504*47\!AIVDM,1,1,,A,39NSpgU0001DJqAdV4dr7T940000,0*32
\s:66,c:1782377504*47\!AIVDM,1,1,,B,14Rq1n000;2>kNOfsDLmcE?B0HIi,0*42
\s:66,c:1782377506*45\!AIVDM,1,1,,A,13mP9l7P001Avc8WiMUc;?wJ253<,0*02
\s:66,c:1782377507*44\!AIVDM,1,1,,A,13MA><0Ohb0A87bMJb4cSbgL053<,0*61
\s:66,c:1782377507*44\!AIVDM,1,1,,A,19NSWv0uQm4w2Tl<wc`njm?J08K>,0*0B
\s:66,c:1782377505*46\!AIVDM,1,1,,A,19NSPs0002re272G@:FhP07L2HJU,0*5F
\s:66,c:1782377499*42\!AIVDM,1,1,,A,17OfuM?P00bj?KMjgki9q:w80000,0*5D
\s:66,c:1782377507*44\!AIVDM,1,1,,A,33muM85000KUoF>673nSb0eL8Dk:,0*1E
\s:66,c:1782377507*44\!AIVDM,1,1,,A,16;3L`001f8bmh0?K4Pp@nOL0@Fw,0*31
\s:66,c:1782377504*47\!AIVDM,1,1,,A,18I<tN001i:>Lo8GoqRbL`ED08Iu,0*57
\s:66,c:1782377501*42\!AIVDM,1,1,,A,B52UIl000=krdN6lR:T000N00000,0*05
\s:66,c:1782377501*42\!AIVDM,1,1,,A,403t:CQvad`kW`PN52Ej7Fo0053<,0*10
\s:66,c:1782377505*46\!AIVDM,1,1,,A,35NQEIdPA2q<kAFA2pk<cJ3J00r0,0*13
\s:66,c:1782377503*40\!AIVDM,1,1,,A,339`gIS0000e;enN`TW0001p0000,0*0B
\s:66,c:1782377507*44\!AIVDM,1,1,,A,160p<t0t@@4wLm@<u2Mde9IN0<4k,0*15
\s:66,c:1782377505*46\!AIVDM,1,1,,A,B3mV6r0008<?G68TQt`000N00000,0*35
\s:66,c:1782377504*47\!AIVDM,1,1,,A,D02IPBhflffp,0*29
\s:66,c:1782377505*46\!AIVDM,1,1,,B,15Rci:?P02rCekP58qQN4?wH2L2D,0*1E
\s:66,c:1782377503*40\!AIVDM,1,1,,B,1394J8003OwUR2lDQ1376EaD08IE,0*78
\s:66,c:1782377505*46\!AIVDM,1,1,,B,15>vNP002lJLmt67teUH3FAH0HJG,0*32
\s:66,c:1782377504*47\!AIVDM,1,1,,A,18I<Bc002P``kpL>np4`@nS20<5Q,0*1D
\s:66,c:1782377504*47\!AIVDM,1,1,,A,16:bvsi00088K8@<wwheJoH01P06,0*1D
\s:66,c:1782377504*47\!AIVDM,1,1,,A,19t6QeP01wPSnbbEa6HkDRgD0<4e,0*4A
\s:66,c:1782377504*47\!AIVDM,1,1,,B,16:8dbP01:8fbQhA0bw`6VSF0=Hi,0*15
\s:66,c:1782377505*46\!AIVDM,1,1,,A,13P=kTk00;P:9WJMliM94S?J0@JH,0*34
\s:66,c:1782377506*45\!AIVDM,1,1,,B,177<ng01Qa70g=h308JDhCsH053<,0*0A
\g:1-2-5199068,s:66,c:1782377507*0C\!AIVDM,2,1,8,B,59NSVw82=EWhCE`g>2058ME>2222222222222216L9;:N5c;0KhQ@CT`,0*40
\g:2-2-5199068*67\!AIVDM,2,2,8,B,888888888888880,2*2F
\s:66,c:1782377504*47\!AIVDM,1,1,,A,34eJVP02mqG<73NL>0`kIRgp0000,0*62
\s:66,c:1782377502*41\!AIVDM,1,1,,A,B52`ldh005krkT6lRrB1Cwm5CP06,0*00
\s:66,c:1782377501*42\!AIVDM,1,1,,A,37ljn1i0008GP09w@NjchW9B0000,0*30
\s:66,c:1782377501*42\!AIVDM,1,1,,A,B5NC?cP005oSjtTpu70000N00000,0*5F
\s:66,c:1782377505*46\!AIVDM,1,1,,A,1815FT@01fwB4drEws7FNEED0L0L,0*33
\s:66,c:1782377499*42\!AIVDM,1,1,,B,33P<a15P0007rf<N1eaEQOw>0Dwb,0*5B
\s:66,c:1782377506*45\!AIVDM,1,1,,A,39NS34P028waHrPL4K6RSR7J06KC,0*05
\s:66,c:1782377504*47\!AIVDM,1,1,,A,17lj<UwP0dWLgTH0d7KlDgwH2L4A,0*0F
\s:66,c:1782377505*46\!AIVDM,1,1,,B,13knkt001a0;8sDNGB;<HqwJ08JF,0*25
\s:66,c:1782377507*44\!AIVDM,1,1,,A,C7licGP001rC1PO81c<o;wv0`50<2Q1QW11111111110J0D9000P,0*64
\s:66,c:1782377507*44\!AIVDM,1,1,,A,19NSpVh0jh7Rw9@20wEiDi5J0<1?,0*2D
\s:66,c:1782377507*44\!AIVDM,1,1,,A,169=02P01;8jfK@A0OpIwH;N0<52,0*34
\g:1-2-5199069,s:66,c:1782377503*09\!AIVDM,2,1,9,A,53m6<G`2E5lhhE0j2205D@5R222222222222220l2pA796RB0@R0CCAD,0*6D
\g:2-2-5199069*66\!AIVDM,2,2,9,A,QQDm833Qp55Ap80,2*14
\s:66,c:1782377502*41\!AIVDM,1,1,,B,B:U74h00DOCl;iN9e:2g;wlUoP06,0*24
\s:66,c:1782377504*47\!AIVDM,1,1,,A,13`fJAh000PBtKBMfqtf45MH2L4p,0*68
\s:66,c:1782377504*47\!AIVDM,1,1,,A,144dOl0P?w<tSF0l4Q@>4?wp0PSC,0*1E
\s:66,c:1782377506*45\!AIVDM,1,1,,A,39NSr`h4@g0e3pHI>t:>203J01vh,0*65
\s:66,c:1782377507*44\!AIVDM,1,1,,B,15R4:08000JB=Gv5FP<tv7OL0L4c,0*43
\s:66,c:1782377507*44\!AIVDM,1,1,,B,35PIF4001Po>8d@KgapeuK;H05dS,0*43
\s:66,c:1782377504*47\!AIVDM,1,1,,A,E>k`H=:9s@E@IqQS9HppGHrrVI0MGH8D;dBth00003mP10,4*49
\s:66,c:1782377508*4B\!AIVDM,1,1,,B,C3d3UI4t7H:Ag16FARV;cwP0J2BJB`C111111111110000L1Q120,0*49
\s:66,c:1782377508*4B\!AIVDM,1,1,,A,148Fpm0P00QPi@bOo;W>4?wP2HLB,0*40
\s:66,c:1782377505*46\!AIVDM,1,1,,,13Ip`a001RWTAogwpkq66DmH8000,0*00
\s:66,c:1782377504*47\!AIVDM,1,1,,B,19NSTU@vB2`8WOl<qP8nQE=F0L56,0*00
\g:1-2-5199070,s:66,c:1782377504*06\!AIVDM,2,1,0,A,569a;D`000008eQ7D00<P4pN0PtpN1ADv3<0000O1@H371a@N910BDj0,0*57
\g:2-2-5199070*6E\!AIVDM,2,2,0,A,C`6R3kQjR@00000,2*12
\s:66,c:1782377505*46\!AIVDM,1,1,,B,13V@Pf0000Qd5oBEf5b>4:oJ2L45,0*34
\s:66,c:1782377505*46\!AIVDM,1,1,,B,169a;DPP008gaAhACqv=:OwH08JF,0*64
\s:66,c:1782377505*46\!AIVDM,1,1,,A,13ku;<002OP;vjLEj<0nJE7F08JO,0*45
\s:66,c:1782377506*45\!AIVDM,1,1,,A,19NSG:002cKPsW`=WobT0k=J00S1,0*3D
\s:66,c:1782377505*46\!AIVDM,1,1,,A,19N`1>P01hWdH5B;e:Ml?SIF08JI,0*17
\g:1-2-5199071,s:66,c:1782377500*03\!AIVDM,2,1,1,A,A03n9s@L`pPRp0@5`TQv0?uM61PKwWh?9h`03?`j202DvT`G0>SpR181,0*27
\g:2-2-5199071*6F\!AIVDM,2,2,1,A,q0nl0P2it6P@wigq01kvswP2,0*4F
\s:66,c:1782377501*42\!AIVDM,1,1,,,13GnhR3001PMDf<NpJfp`Ddh053<,0*37
\s:66,c:1782377501*42\!AIVDM,1,1,,A,17lcUEhP00`FhLmwD3EStOwB2<2D,0*08
\s:66,c:1782377506*45\!AIVDM,1,1,,A,18I7t:01QiM6LEGkEajpU6qB0L1O,0*14
\s:66,c:1782377506*45\!AIVDM,1,1,,,13GnhR3001PMDf<NpJf`N4dv053<,0*67
\s:66,c:1782377501*42\!AIVDM,1,1,,A,13m@3K0P15QpMel`dlT9U?w<2L0?,0*25
\s:66,c:1782377502*41\!AIVDM,1,1,,A,13EhV:P000OW?TtDcwS1Aqo<2HGp,0*1E
\s:66,c:1782377507*44\!AIVDM,1,1,,A,33`jddm000wpUBbLJ31v48?N2E7r,0*3E
\s:66,c:1782377499*42\!AIVDM,1,1,,B,33c:720PAP0E9>TMd@E:K`;:00th,0*0E
\s:66,c:1782377503*40\!AIVDM,1,1,,A,18I68900077?C7h1Wa041I7D08IA,0*4A
\s:66,c:1782377503*40\!AIVDM,1,1,,B,18VAeV00033OsR`@>m?amIQH0d9R,0*79
\s:66,c:1782377499*42\!AIVDM,1,1,,A,18I30s001m`beub>vBB`=VS6053<,0*16
\s:66,c:1782377503*40\!AIVDM,1,1,,B,B3MCk@000889pA6?26OQ0dEUoP06,0*27
\s:66,c:1782377505*46\!AIVDM,1,1,,A,33ku<<A002P?S:`Mave0`:ID0P00,0*15
\s:66,c:1782377505*46\!AIVDM,1,1,,B,18I=>L001:7KffL0f219k7eL053<,0*02
\s:66,c:1782377505*46\!AIVDM,1,1,,,13K6i25000L@ee`2if;Po`u80000,0*3E
\s:66,c:1782377505*46\!AIVDM,1,1,,A,14eHNpPP00o<EnrL=>pqHwwL2HJf,0*26
\s:66,c:1782377505*46\!AIVDM,1,1,,A,34eHNpP2h0G<EnvL=>pqH7Qp0000,0*3E
\s:66,c:1782377506*45\!AIVDM,1,1,,B,C1mv4=0019s<LqRfOT=P3TN0@A1ccU0QaKkk:000000000D2RRR0,0*54
\s:66,c:1782377413*40\!AIVDM,1,1,,B,16ld3`h01H6j2c63eHwsMa0D00SI,0*3B
\s:66,c:1782377504*47\!AIVDM,1,1,,B,ENk`s@l973h9@6:@@@@@@@@@@@@=8UnD7MjBp00003vP000,2*25
\s:66,c:1782377506*45\!AIVDM,1,1,,A,13bOTH00000AQFJMH;:iho1J00RQ,0*2B
\s:66,c:1782377507*44\!AIVDM,1,1,,A,1815b`000088@mT<wC2P04cH08KF,0*10
\s:66,c:1782377504*47\!AIVDM,1,1,,A,15T6iH0037`oeg2E4j?F=4wH28Ie,0*28
\s:66,c:1782377505*46\!AIVDM,1,1,,B,17lui@3P047a;>CtP6QI0OwJ2HJK,0*57
\s:66,c:1782377505*46\!AIVDM,1,1,,A,13HAJd@P00P8O<JM:Eqv4?wH253<,0*4B
\s:66,c:1782377500*43\!AIVDM,1,1,,B,13HotJ?P0@wW;9RKFs<umOwB0<1H,0*04
\s:66,c:1782377501*42\!AIVDM,1,1,,A,B3IPRd008GuPRk6uLrpLGwl1h8H6,0*19
\s:66,c:1782377504*47\!AIVDM,1,1,,A,16:BMS0P00`cWJjFW:BVdOwH0<1N,0*0B
\s:66,c:1782377505*46\!AIVDM,1,1,,A,23aDr65P00PGdkdNPk;>4?wJ2HJR,0*7B
\s:66,c:1782377504*47\!AIVDM,1,1,,B,34shh850000hM52Q1`WP77KD0E3r,0*42
\s:66,c:1782377501*42\!AIVDM,1,1,,B,B3m<6pP00PMjHw:9r<jOwwl4CP06,0*7E
\s:66,c:1782377502*41\!AIVDM,1,1,,A,B4eIq:@005ksi6Vl46GQ3wlQjFuJ,0*41
\s:66,c:1782377502*41\!AIVDM,1,1,,A,4030pCQvad`kbo=DgRL9Q0o008Hi,0*18
\s:66,c:1782377502*41\!AIVDM,1,1,,,17ldaeh00e8LPwl0;Rn79EaF0000,0*04
\s:66,c:1782377503*40\!AIVDM,1,1,,B,177FrO0wip7Pl`h1G5i0fhc:08I4,0*0A
\s:66,c:1782377502*41\!AIVDM,1,1,,A,19NS`sk00NM8Q@AkssabF`QF0000,0*79
\s:66,c:1782377504*47\!AIVDM,1,1,,A,17m3v0@1@08Fd=kwBh55@6oD0l3r,0*68
\s:66,c:1782377502*41\!AIVDM,1,1,,A,33m?9s00000kI<>U7=Kp36Ap0000,0*7E
\s:66,c:1782377505*46\!AIVDM,1,1,,B,19NSl63u0GOfOPb2RLImGEGD0D0:,0*78
\s:66,c:1782377506*45\!AIVDM,1,1,,B,40632FP000Htt2mM3eucuo700h61,0*68
\s:66,c:1782377503*40\!AIVDM,1,1,,A,18I3f`00262>h>UeN2j9I7aA0<06,0*46
\s:66,c:1782377503*40\!AIVDM,1,1,,A,16BPWC?P53SS@Wl@b>BRPwwF0<83,0*28
\s:66,c:1782377505*46\!AIVDM,1,1,,B,19NSWr0023J:CvuweJR1MQ=J00SN,0*69
\s:66,c:1782377212*47\!AIVDM,1,1,,B,H3IcVnTT7B=400561<lqnq0`7524,0*68
\s:66,c:1782377504*47\!AIVDM,1,1,,A,18I:<C00B@7=<SF79`kFm5OD053<,0*18
\s:66,c:1782377505*46\!AIVDM,1,1,,A,13Ebs7P000NqI0B@64RP01kJ053<,0*49
\s:66,c:1782377500*43\!AIVDM,1,1,,B,18I3bf0vi2JRSUTE9rL7@EU>0@Gh,0*41
\s:66,c:1782377503*40\!AIVDM,1,1,,A,38I3bf0wQ1JRSUVE9rKoA5Up0000,0*47
\s:66,c:1782377498*43\!AIVDM,1,1,,B,13l8=>001Fwm49vLSdiBvBG:053<,0*75
\s:66,c:1782377505*46\!AIVDM,1,1,,A,33MCOd`000P;gVTFWcA>435J21s0,0*68
\s:66,c:1782377504*47\!AIVDM,1,1,,B,19NSG=@02ir=OEb0:gfhJhID1`Ib,0*70
\s:66,c:1782377501*42\!AIVDM,1,1,,A,1770ej0tR@`cIrD?4LVPs@m>00S7,0*47
\s:66,c:1782377506*45\!AIVDM,1,1,,B,H3uL:0184Tp8uN1S?K800000000,2*5B
\s:66,c:1782377506*45\!AIVDM,1,1,,B,H3uL:04UCBD8V39pCImplk0h412t,0*56
\s:66,c:1782377507*44\!AIVDM,1,1,,A,13IPlK300QwaKuvLDOOBjjONP0Rl,0*33
\s:66,c:1782377504*47\!AIVDM,1,1,,A,33l3qlhP@P0aNwfFH8ur77cF011@,0*26
\s:66,c:1782377507*44\!AIVDM,1,1,,B,19NSqT002:WDK5216@6KWIAN0@Kd,0*36
\s:66,c:1782377505*46\!AIVDM,1,1,,B,18Htth`P?w<tSF0l4Q@>4?wv0U3<,0*0E
\s:66,c:1782377506*45\!AIVDM,1,1,,A,H3ti1OPeDpM<u8pDp0000000000,2*45
\s:66,c:1782377143*40\!AIVDM,1,1,,B,H3ti1OTmDBE5847C2AD000000000,0*0D
\s:66,c:1782377506*45\!AIVDM,1,1,,A,402Fhvivad`kePuT9bHVMD7?t53<,0*47
\s:66,c:1782377501*42\!AIVDM,1,1,,A,16:8nj0P008QikhFHOa00?w@0<4U,0*01
\s:66,c:1782377505*46\!AIVDM,1,1,,A,38I=?>002<r69<`?nmg1Ci6f01nQ,0*59
\s:66,c:1782377506*45\!AIVDM,1,1,,B,169K4K@P02`9SWV<oH2HrgwJ2@L0,0*71
\s:66,c:1782377503*40\!AIVDM,1,1,,A,403t>=1uJl`kd`bgt@Apig700<7d,0*5D
\s:66,c:1782377508*4B\!AIVDM,1,1,,A,B417D`00Cio8VS0<5vcIbiH5WP06,0*18
\s:66,c:1782377502*41\!AIVDM,1,1,,B,16:CNN00188eiSPAmR=5ATQB00Rl,0*2B
\s:66,c:1782377505*46\!AIVDM,1,1,,B,13I`q>700COQ2?dK<kRRg2UL053<,0*18
\s:66,c:1782377507*44\!AIVDM,1,1,,A,13l3p601BBwJJ<v2I@iDPkcL2HL2,0*07
\s:66,c:1782377508*4B\!AIVDM,1,1,,B,D02:o=@uLNfq6DO6D0,4*50
\s:66,c:1782377506*45\!AIVDM,1,1,,B,15O622;000rQH:tFNDKRUiwN053<,0*2C
\s:66,c:1782377503*40\!AIVDM,1,1,,B,B3GMILP0aH3uId5cHBMmOwlWh000,0*5E
\s:66,c:1782377506*45\!AIVDM,1,1,,A,18L>m40Oh07KkDT0gE?=iDIJ00Rt,0*3C
\s:66,c:1782377505*46\!AIVDM,1,1,,A,34eH@`h00OG<Nq8L=VM5<T5p0000,0*05
\s:66,c:1782377508*4B\!AIVDM,1,1,,B,19NSjO002fVMvm42LgcahokH053<,0*40
\s:66,c:1782377508*4B\!AIVDM,1,1,,B,19NSG=@02hr=OFh0:hOPJhIL1l00,0*49
\s:66,c:1782377508*4B\!AIVDM,1,1,,A,13l3qs002106UHRM86c0f0WL0<8o,0*35
\s:66,c:1782377507*44\!AIVDM,1,1,,B,37lj==QP007LeRh0VD?f4?wN2Ct:,0*74
\s:66,c:1782377501*42\!AIVDM,1,1,,B,B6:=75P0@b;8Jq4OJmJt6FN021Mk,0*67
\s:66,c:1782377497*4C\!AIVDM,1,1,,B,13aJFnhP1NPD1lnMdVHrtgw:20Rn,0*61
\s:66,c:1782377504*47\!AIVDM,1,1,,A,19NSCrU0?w<tSF0l4Q@>46cv1PS@,0*50
\s:66,c:1782377505*46\!AIVDM,1,1,,B,35Acp:00142k5`V<Ahm<Hb5J0Qk0,0*3F
\s:66,c:1782377505*46\!AIVDM,1,1,,A,33tjT=00001>O5DS1NN@001p0000,0*03
\s:66,c:1782377501*42\!AIVDM,1,1,,B,ENl5o=g1S2@97bb2h77Urh@@@@@D?T1p;6bK000003r010,4*07
\s:66,c:1782377504*47\!AIVDM,1,1,,A,13aI9a0P00POfiBNQ0=`j?wH253<,0*76
\s:66,c:1782377502*41\!AIVDM,1,1,,A,B7Oegk00TBe2JEs:66,0*00
\s:66,c:1782377506*45\!AIVDM,1,1,,A,15A;J20000Q`qdBG@:mE<baL0PSn,0*7D
\s:66,c:1782377505*46\!AIVDM,1,1,,B,16;9c401QS7H1rH0l6o4tkuF08JD,0*1B
\s:66,c:1782377502*41\!AIVDM,1,1,,A,4025bq1uJl`kaPk@FbOIO9Q020S:,0*1B
\s:66,c:1782377496*4D\!AIVDM,1,1,,A,13ewDd50000utAjEEL9SGbG60000,0*7B
\s:66,c:1782377499*42\!AIVDM,1,1,,A,H5ODeBTTCD=@K4;000000000000t,0*3D
\s:66,c:1782377505*46\!AIVDM,1,1,,,13aN1JE0000Aj6lLpSw6T8=H0000,0*32
\s:66,c:1782377504*47\!AIVDM,1,1,,A,34cM6LA000SNk@T@u92v49iH2rTP,0*46
\s:66,c:1782377507*44\!AIVDM,1,1,,B,13Eh9aWP0LwcvhHDwHQpsOwN2L0?,0*45
\s:66,c:1782377501*42\!AIVDM,1,1,,A,D02IPG0flffp,0*74
\s:66,c:1782377503*40\!AIVDM,1,1,,A,33n7gE5P00PJD7bQhU;N4?wD2DRJ,0*7C
\s:66,c:1782377501*42\!AIVDM,1,1,,A,37OoFp0PAMbl<3Ad`6aW:Ec@21v0,0*05
\s:66,c:1782377496*4D\!AIVDM,1,1,,A,19NSTMh004ROjn>@m3OLu:c40<0q,0*19
\s:66,c:1782377504*47\!AIVDM,1,1,,A,15?dQrh01r7>UPB1TQ8lRkaF0PRu,0*36
\s:66,c:1782377506*45\!AIVDM,1,1,,A,1815IFP01W7JqeP0`VDQa1CJ0@Jr,0*19
\s:66,c:1782377505*46\!AIVDM,1,1,,B,13l3ovh015PK82>Sr`:`VG3J0<11,0*6D
\s:66,c:1782377507*44\!AIVDM,1,1,,A,16:8W7PP178?4v@<nwE9eOwH0hJu,0*6B
\g:1-2-5199072,s:66,c:1782377507*07\!AIVDM,2,1,2,B,5815F082EDGIKMH;V21=@V0h608t<6222222221@BPSH85d?NKPEl0`8,0*47
\g:2-2-5199072*6C\!AIVDM,2,2,2,B,888888888888880,2*25
\s:66,c:1782377507*44\!AIVDM,1,1,,A,168rU8PP01`cAGjFV7aP0?wL0HHL,0*36
\s:66,c:1782377503*40\!AIVDM,1,1,,,13==7R0029Pb?A2Egv4;1po@0000,0*40
\s:66,c:1782377501*42\!AIVDM,1,1,,A,16:5?>001H8iGlfAjbQSW2a@0L8?,0*3E
\s:66,c:1782377505*46\!AIVDM,1,1,,B,17lj=j0P007LeW00VDlf4?wJ2002,0*75
\s:66,c:1782377502*41\!AIVDM,1,1,,3,KkIl6J8DPnB>n0>4,0*47
\s:66,c:1782377503*40\!AIVDM,1,1,,,13Il6J1001`l9ihAKvlr@RGD0000,0*7B
\s:66,c:1782377506*45\!AIVDM,1,1,,B,15OmN<gP00JQLV4FMws3kgwJ253<,0*76
\s:66,c:1782377507*44\!AIVDM,1,1,,,13Il6J1006`l9i`AKvpscjEL0000,0*78
\s:66,c:1782377505*46\!AIVDM,1,1,,B,37tu?qPP177IwgP0flGQdgwD02t1,0*0D
\s:66,c:1782377508*4B\!AIVDM,1,1,,A,B69`wO0002;rbT4B;wH000GWQP06,0*1B
\s:66,c:1782377502*41\!AIVDM,1,1,,B,H5OD<h4TCBD:c6mG4@oknj0p;14t,0*19
\s:66,c:1782377504*47\!AIVDM,1,1,,B,19NSt3002=wf9t2DcaKk<2K>0D23,0*7E
\s:66,c:1782377504*47\!AIVDM,1,1,,B,35O0@ig008K4OnPGLvb6g3CD01r0,0*1D
\s:66,c:1782377504*47\!AIVDM,1,1,,B,16:=pn`P008dqL:AsQ5v4?w42d3w,0*2A
\s:66,c:1782377503*40\!AIVDM,1,1,,A,H39fnpTU0000000000000000=220,0*10
\s:66,c:1782377503*40\!AIVDM,1,1,,A,B39jjf00?8Jr1F5eBunAalv00000,0*43
\s:66,c:1782377503*40\!AIVDM,1,1,,A,17lchqP02@8FfG9w@6@mPlMG053<,0*52
\s:66,c:1782377503*40\!AIVDM,1,1,,B,33aJGqhP1iPG4I2Mv:uRAwwF22qQ,0*01
\s:66,c:1782377503*40\!AIVDM,1,1,,A,17ldlg0P00`=m0mvcw=nHgwB2DlC,0*5C
\s:66,c:1782377503*40\!AIVDM,1,1,,B,17ldMEhP00`Fit9wCNs43OwF2L2G,0*62
\s:66,c:1782377500*43\!AIVDM,1,1,,B,HCh8@r08`59@l5:0U>oCWT00000,2*4D
\s:66,c:1782377500*43\!AIVDM,1,1,,B,HCh8@r4N3?=1B00niki0000@6110,0*37
\s:66,c:1782377505*46\!AIVDM,1,1,,B,1:U8<f8P00tR1FciJ:lS>wwJ08JJ,0*19
\s:66,c:1782377507*44\!AIVDM,1,1,,A,1815MFh11C7LhM00fr:b07tr0<<=,0*15
\s:66,c:1782377507*44\!AIVDM,1,1,,B,13HWnE?P0b0EIb`HiLe:dOwN0<0c,0*6F
\s:66,c:1782377508*4B\!AIVDM,1,1,,A,36jHJT1002U@8P@2IgRf4:UL2DMb,0*47
\s:66,c:1782377508*4B\!AIVDM,1,1,,A,15RsTp001rNiN;p=h5VH3FML0hL3,0*6B
\s:66,c:1782377502*41\!AIVDM,1,1,,A,13aOr:3P00PG5f8NB7gv4?wD0000,0*4F
\s:66,c:1782377506*45\!AIVDM,1,1,,A,39NSr;PvitUk=s@3EJGRlB=L0AKu,0*4A
\s:66,c:1782377502*41\!AIVDM,1,1,,B,33cmna5P0>1>eU0G::Q:bgvJ0LU0,0*4C
\s:66,c:1782377504*47\!AIVDM,1,1,,A,D04k1NiHH@01HH@01HH@000,2*69
\s:66,c:1782377504*47\!AIVDM,1,1,,B,19NSsEPw2llput6Ii;3T:kAR08Ji,0*41
\s:66,c:1782377503*40\!AIVDM,1,1,,B,15?diE@w2>6B0:P3A:trO8K@0<0F,0*0B
\s:66,c:1782377506*45\!AIVDM,1,1,,A,13=A`V00002k>v><B?J8mQ=J0`K7,0*15
\s:66,c:1782377504*47\!AIVDM,1,1,,B,36:;MCPP@L8VBM:DVj?7=WGF00t0,0*27
\s:66,c:1782377504*47\!AIVDM,1,1,,B,16::DkPPAq89HlP<lTuncEGF053<,0*7A
\s:66,c:1782377504*47\!AIVDM,1,1,,A,B3uO?2000@=NwS8>t@LD@@N00000,0*03
\s:66,c:1782377504*47\!AIVDM,1,1,,A,160QvDSP?w<tSF0l4Q@>4?wH0U3<,0*7D
\s:66,c:1782377502*41\!AIVDM,1,1,,A,19NWrEh00DdR83mc2dcBMJI@20Rg,0*51
\s:66,c:1782377505*46\!AIVDM,1,1,,A,13`dao@P0WPFGmJMuvvhCwwJ253<,0*7E
\s:66,c:1782377505*46\!AIVDM,1,1,,B,ENk`tqtJh@@@@@@@@@@@@@@@@@@=O7cD;r6H000003vP000,2*34
\s:66,c:1782377503*40\!AIVDM,1,1,,B,B3HhDeP0E05bMW6=Jpa<KwlUkP06,0*59
\s:66,c:1782377505*46\!AIVDM,1,1,,B,E03wk8P70c4W0VFc:9P000000002ONkN6PugP00003mP10,4*39
\s:66,c:1782377506*45\!AIVDM,1,1,,A,13?sBT001j0>f88MisSJO`IH08K7,0*59
\s:66,c:1782377506*45\!AIVDM,1,1,,A,16:GkK00008faInA6dq4ha9F053<,0*4E
\s:66,c:1782377507*44\!AIVDM,1,1,,B,13AsO670000h6?8PqKUtCQqP00Rq,0*59
\s:66,c:1782377499*42\!AIVDM,1,1,,A,19NSui@01VW?Jt>1THrP3P1<2D3I,0*3D
\s:66,c:1782377505*46\!AIVDM,1,1,,A,16KGE>0001:02WnBtw1K>WcB0@JQ,0*4E
\s:66,c:1782377506*45\!AIVDM,1,1,,A,133qRF8000P@wAvMLAUe5oOL0<6k,0*52
\s:66,c:1782377506*45\!AIVDM,1,1,,A,1:U7cNPP00td4w1jAC0r@?wN20SK,0*76
\s:66,c:1782377500*43\!AIVDM,1,1,,B,33Efkw301hP3R8JF1JdJ583@211@,0*1C
\s:66,c:1782377506*45\!AIVDM,1,1,,A,15CBn00uRM5vvPB60ia@lPa41PSR,0*47
\s:66,c:1782377504*47\!AIVDM,1,1,,A,13Efkw301gP3R4hF1JWJ5GwH2D1m,0*64
\s:66,c:1782377506*45\!AIVDM,1,1,,A,13EWqQW00QPA09bHGb6kk2wJ28Jt,0*0A
\s:66,c:1782377504*47\!AIVDM,1,1,,A,33aC3fP0000oGn>Nva07A5iD02mi,0*78
\s:66,c:1782377506*45\!AIVDM,1,1,,A,33P;=j@000Oq06dM2hV4W:mp0000,0*33
\s:66,c:1782377508*4B\!AIVDM,1,1,,A,B69UMFP0026n4d3Oin2=TMN63P06,0*2F
\s:66,c:1782377501*42\!AIVDM,1,1,,A,13cdBkWP1@PTlLJFA=mQrwwB2HH9,0*2F
\s:66,c:1782377506*45\!AIVDM,1,1,,B,B5O1Vr000=p`fv4lhLJlgwnUoP06,0*4D
\s:66,c:1782377508*4B\!AIVDM,1,1,,A,160QvDSP?w<tSF0l4Q@>4?wP0pKw,0*73
\s:66,c:1782377508*4B\!AIVDM,1,1,,A,13m6BdPP00PIrQ0Scfs>4?wN20Rh,0*42
\s:66,c:1782377508*4B\!AIVDM,1,1,,A,B8HsGUP00ao1:A0;w1DCgwp5oP06,0*47
\s:66,c:1782377497*4C\!AIVDM,1,1,,B,BkI>MsP0@7u:uaVd6EG6?wgUl000,0*1F
\s:66,c:1782377504*47\!AIVDM,1,1,,B,18K;sl0P037KwcH0ff`olOwF2D=D,0*22
\s:66,c:1782377504*47\!AIVDM,1,1,,B,23l3p1m000WarWR63>j5>17D0HId,0*6B
\s:66,c:1782377504*47\!AIVDM,1,1,,A,B3@p9Bh008>Jo5WvOweTCwn5oP06,0*1C
\s:66,c:1782377504*47\!AIVDM,1,1,,A,13ooB0001HPhDPfR<Tp7>EgF053<,0*48
\s:66,c:1782377505*46\!AIVDM,1,1,,A,15OAuo0000oWetbBeG2esR5D0D29,0*65
\s:66,c:1782377505*46\!AIVDM,1,1,,B,13cPdF0000PBp<lMgNMf40sJ253<,0*7E
\s:66,c:1782377505*46\!AIVDM,1,1,,A,346id200210eMs:66,0*35
\s:66,c:1782377504*47\!AIVDM,1,1,,B,1815KT@01U1gNhkd?=6:2Ww@053<,0*0A
\s:66,c:1782377505*46\!AIVDM,1,1,,A,146id20022PeMs<N`g;CR2mJ053<,0*61
\s:66,c:1782377505*46\!AIVDM,1,1,,B,142Ld?@01jOw68pEgsV8G6UH0@JI,0*48
\s:66,c:1782377505*46\!AIVDM,1,1,,A,18I;Li02hb`k=2<A8odoU5c0053<,0*6C
\s:66,c:1782377496*4D\!AIVDM,1,1,,A,13u?dRP1001AdVfQrTbv49K800SJ,0*19
\s:66,c:1782377506*45\!AIVDM,1,1,,B,15SNCR0P00rB?c@5F3rv4?wL2<1d,0*4E
\s:66,c:1782377505*46\!AIVDM,1,1,,A,4023Qvivad`ke12=2tDSlHW00<:R,0*38
\s:66,c:1782377504*47\!AIVDM,1,1,,B,13EgaWWP09P1DMtF1hJSSgwF28IP,0*31
\s:66,c:1782377501*42\!AIVDM,1,1,,B,13;5H201BIP4V2fOBuQD5CG>H8Gj,0*00
\s:66,c:1782377507*44\!AIVDM,1,1,,B,18L9=d5Ohg7K2nn0eFImKU1N053<,0*67
\s:66,c:1782377504*47\!AIVDM,1,1,,A,177h<4001t7U`c9wlc4Ev4eF00RO,0*1F
\s:66,c:1782377502*41\!AIVDM,1,1,,A,188fgf001CEC?Iimuwdtg:1D0000,0*4C
\s:66,c:1782377505*46\!AIVDM,1,1,,,13JekH1307OQccV2c@7k9luD053<,0*07
\s:66,c:1782377503*40\!AIVDM,1,1,,A,15NLi8d00mrSPIDFQfjq?oGH053<,0*3B
\s:66,c:1782377499*42\!AIVDM,1,1,,A,13m68MS0?w<tSF0l4Q@>41ev0`GC,0*79
\s:66,c:1782377507*44\!AIVDM,1,1,,A,B8Sjd7P0=arL<w1PI==9Own6SP06,0*0B
\s:66,c:1782377508*4B\!AIVDM,1,1,,B,13ku7C00jl3o;4qlpEa`n77L0D02,0*65
\s:66,c:1782377504*47\!AIVDM,1,1,,B,B4eI>?h005g4f1W?D9CQ3wn0HDg:,0*6B
\s:66,c:1782377505*46\!AIVDM,1,1,,,B5O3h8P00>`nU4V;of>7kwnUoP06,0*4E
\s:66,c:1782377502*41\!AIVDM,1,1,,A,15OHme0012re3R2GAP92b2;F0L4G,0*15
\s:66,c:1782377506*45\!AIVDM,1,1,,A,133hBqPP00P:HS6M<iNf4?wL2@K@,0*72
\s:66,c:1782377505*46\!AIVDM,1,1,,A,13aQf4P0000WqkPNIN?0W@aJ0<1B,0*0E
\s:66,c:1782377499*42\!AIVDM,1,1,,A,HCgUJL0l58@U<00000000000000,2*63
\s:66,c:1782377499*42\!AIVDM,1,1,,A,HCgUJL4N3?=>1F0iooo0000@6210,0*68
\s:66,c:1782377505*46\!AIVDM,1,1,,A,H39DgNPmDh4p000000000000000,2*6E
\s:66,c:1782377505*46\!AIVDM,1,1,,B,H39DgNTT7B=40054:58j000p7334,0*69
\s:66,c:1782377504*47\!AIVDM,1,1,,B,18;3a10P0o8abSh8E8tk@OwF0<2J,0*5B
\s:66,c:1782377499*42\!AIVDM,1,1,,A,13P7k`SP1=rTkbpE3wtbfOw<20SD,0*78
\s:66,c:1782377502*41\!AIVDM,1,1,,B,337ufd0Oh<OVfVpDQsu:D8QD00mA,0*7B
\s:66,c:1782377505*46\!AIVDM,1,1,,B,16:57a0000`9@00<oE`114kF2==5,0*0A
\s:66,c:1782377500*43\!AIVDM,1,1,,B,19NSV7h01b7?3Ud1U8lKSaEB28Gb,0*31
\s:66,c:1782377506*45\!AIVDM,1,1,,B,19NSa@002VOJbVP2MGA;1pkN0D00,0*46
\s:66,c:1782377506*45\!AIVDM,1,1,,A,13ku;oP02sOALCNH16KnoESN0<0M,0*2C
\s:66,c:1782377503*40\!AIVDM,1,1,,A,33?tbEP0000f=`hNUDS@001p0000,0*44
\s:66,c:1782377507*44\!AIVDM,1,1,,B,E>mWTI71Q2Hh@@@@@@@@@@@@@@@ClGfL5uhK000@0;v0000,2*52
\s:66,c:1782377507*44\!AIVDM,1,1,,B,169>eM001HWCiUD19DMd9ach0pKq,0*54
\s:66,c:1782377502*41\!AIVDM,1,1,,A,H3Hsah4T47I5O`26Almmk01`1130,0*7F
\s:66,c:1782377498*43\!AIVDM,1,1,,A,34eIlDh42<sb0hPK@vEEalS:0000,0*77
\s:66,c:1782377506*45\!AIVDM,1,1,,B,19NSN40ujOOCbg`Bauc8V6sL053<,0*1B
\s:66,c:1782377503*40\!AIVDM,1,1,,B,15?dhUh01V8kO3F@k3:`fnk@00R@,0*62
\s:66,c:1782377502*41\!AIVDM,1,1,,,B5OEwDP00pPFB?UAEGqMowl1l000,0*51
\s:66,c:1782377499*42\!AIVDM,1,1,,B,13aHQP001b0<S>lMPQ1EPTS80D4D,0*02
\s:66,c:1782377507*44\!AIVDM,1,1,,A,139f>93P00PeWllNWnq00?wN2@L2,0*71
\s:66,c:1782377507*44\!AIVDM,1,1,,A,39NS`8E000W=oDd7NPi4FioL0000,0*41
\s:66,c:1782377508*4B\!AIVDM,1,1,,B,337ufd0Oh;OVfUtDQsu:S8WP013@,0*20
\s:66,c:1782377508*4B\!AIVDM,1,1,,B,18Hs7R?P087JKd@0f`uoGwwP08Kh,0*17
\s:66,c:1782377498*43\!AIVDM,1,1,,A,13Ek;V3P0TP3JWTG5BTF:gw:2<38,0*7D
\g:1-2-5199073,s:66,c:1782377498*01\!AIVDM,2,1,3,B,59NSo>p2HUVgDi@w:20<4ALDhj222222222222163RdBD5dc0EhkTj1p,0*65
\g:2-2-5199073*6D\!AIVDM,2,2,3,B,888888888888880,2*24
\s:66,c:1782377505*46\!AIVDM,1,1,,B,17loh`?P007a>aOtPD8SRwwH253<,0*18
\s:66,c:1782377501*42\!AIVDM,1,1,,A,36:@Cg00008eq@@A89qamq3:001i,0*4C
\s:66,c:1782377504*47\!AIVDM,1,1,,A,18I04f0P00WK2cH0m8v>4?wH253<,0*70
\s:66,c:1782377505*46\!AIVDM,1,1,,B,19NSi4Pwh0rB;gL5Cq77hEGJ00SW,0*11
\s:66,c:1782377505*46\!AIVDM,1,1,,A,19NSikh01lNe3168F46Mhc3J0@JG,0*15
\s:66,c:1782377503*40\!AIVDM,1,1,,A,13`hpCOP000FHpfMvKgf4?wF2<5d,0*3C
\s:66,c:1782377503*40\!AIVDM,1,1,,A,B3aOBjP0085Sfe7OfFIggwmUoP06,0*3B
\s:66,c:1782377505*46\!AIVDM,1,1,,A,39NSo>h2@P`i5OhApg?A9@wR0Cg=,0*6C
\s:66,c:1782377505*46\!AIVDM,1,1,,B,169GIvP01j88I`@<vpiuSrmH00Ru,0*34
\s:66,c:1782377506*45\!AIVDM,1,1,,A,3:p<4GUP00JV;BP5pvgf4?wJ0JCh,0*75
\s:66,c:1782377506*45\!AIVDM,1,1,,A,H7lunih8E8d5B084P58V3400000,2*7B
\s:66,c:1782377506*45\!AIVDM,1,1,,B,H7lunill?>G1000I43lkok000000,0*4E
\s:66,c:1782377505*46\!AIVDM,1,1,,A,177dbc00278jI``A26KGO5qB0@IG,0*12
\s:66,c:1782377501*42\!AIVDM,1,1,,A,34eGMFh2h0G<MR0L=lQ7F5qp0000,0*57
\s:66,c:1782377502*41\!AIVDM,1,1,,B,E>k`us>9V@@@@@@@@@@@@@@@@@@=RWUl<ThCH00003vP100,2*2E
\s:66,c:1782377500*43\!AIVDM,1,1,,B,19NSr7h0h32Ogfn@icN9T1=<08GQ,0*23
\s:66,c:1782377504*47\!AIVDM,1,1,,A,14eIWIP01urlhPHJT=Fpf6uF053<,0*27
\s:66,c:1782377501*42\!AIVDM,1,1,,A,B3IWJuP0003NJ1V6trcQ3wl1jDvb,0*67
\s:66,c:1782377504*47\!AIVDM,1,1,,B,155ag6@wACSaP1N?`qoEbDSJ0<FO,0*32
\s:66,c:1782377506*45\!AIVDM,1,1,,B,13aKWR@P00P@JphML=aIOOwLR@Jn,0*43
\s:66,c:1782377504*47\!AIVDM,1,1,,A,15T3NL0029WFtLt0qLGDSCc@0@J3,0*25
\s:66,c:1782377498*43\!AIVDM,1,1,,B,35OBhhPP@2rRPKNE6DW8U6w6029P,0*38
\s:66,c:1782377504*47\!AIVDM,1,1,,A,ENj9eHAVWhIt@;TW230a6P000000?2=F?LnC040PPSmP10,4*7F
\s:66,c:1782377505*46\!AIVDM,1,1,,B,1599c=oP00pRO@t:qluAagwF0@JV,0*51
\s:66,c:1782377505*46\!AIVDM,1,1,,A,B3P7Kb003wvAniW@>k:dkwnUoP06,0*6F
\s:66,c:1782377507*44\!AIVDM,1,1,,A,13bG5J0vid04H2bM4dba7WCL08KM,0*56
\s:66,c:1782377504*47\!AIVDM,1,1,,B,B3Ifr;P0088:fW6?OlkQ3wn1l000,0*3E
\s:66,c:1782377503*40\!AIVDM,1,1,,A,B819Eq@00=kcpc6t16jlb2v00000,0*53
\s:66,c:1782377506*45\!AIVDM,1,1,,A,19NSuNP0@=1BQ6CdeCirHWO008Jq,0*48
\s:66,c:1782377503*40\!AIVDM,1,1,,B,18I1Fc0vQc7wq7f8mLCc;`u>0@I3,0*46
\s:66,c:1782377508*4B\!AIVDM,1,1,,B,15?dRf@01``T30bF8OAkTjoN0@Kc,0*66
\s:66,c:1782377503*40\!AIVDM,1,1,,A,13uqt601AwPrdfDOk;L`UFs>8HIC,0*26
\s:66,c:1782377504*47\!AIVDM,1,1,,A,26K2`L00019jUfhD4dEdmEM@0@Ib,0*35
\s:66,c:1782377507*44\!AIVDM,1,1,,B,18SJsn0P00Wb2Nb61``GS?wJ2<3;,0*74
\s:66,c:1782377505*46\!AIVDM,1,1,,A,13aDrE0P010DIkVMd@bW5?wH0<71,0*34
\s:66,c:1782377505*46\!AIVDM,1,1,,,404k1dQvad`ke`lJNGp1Q1G00000,0*3C
\s:66,c:1782377503*40\!AIVDM,1,1,,A,33aksJ001E0qUiHOAjw1p1Sp0000,0*14
\s:66,c:1782377503*40\!AIVDM,1,1,,B,B3aI:3h00h5hu>7PD=CQ3wmQnDur,0*3A
\s:66,c:1782377508*4B\!AIVDM,1,1,,B,15?dPI001a7H4A`0m<IKqIOL0<4l,0*55
\s:66,c:1782377504*47\!AIVDM,1,1,,A,34SWt<001JM7>fUkeAOHIVaH0000,0*1F
\s:66,c:1782377507*44\!AIVDM,1,1,,A,13bMWH30000@Wn4MIWstGkIH0<6=,0*14
\s:66,c:1782377506*45\!AIVDM,1,1,,A,168stm0P?w<tSF0l4Q@>4?wv0hK7,0*6F
\s:66,c:1782377508*4B\!AIVDM,1,1,,B,B>`veKh03h@VrS58W0pI;woQj5LQ,0*36
\s:66,c:1782377501*42\!AIVDM,1,1,,B,37mF?uiP00`Fc7KwC5umGOw>2Dc8,0*35
\s:66,c:1782377504*47\!AIVDM,1,1,,B,13aQo:00000BTKVMMtorR9EJ0@Is,0*3E
\s:66,c:1782377504*47\!AIVDM,1,1,,A,E69oQA1Q0aRr000000000000000DGmdK8bqh@50`HHP010,4*70
\s:66,c:1782377505*46\!AIVDM,1,1,,B,33bQ9t3Oh4PVcwFNcvLSsImJ00r@,0*44
\s:66,c:1782377500*43\!AIVDM,1,1,,B,18SK48`P00WaAIB5si4T6ww:28G:,0*40
\s:66,c:1782377505*46\!AIVDM,1,1,,B,36:ESB0P@E88I90=02CBc1EH00sA,0*38
\s:66,c:1782377502*41\!AIVDM,1,1,,A,402M4LAvad`k`12>B0VPVH7P0@HH,0*3C
\s:66,c:1782377503*40\!AIVDM,1,1,,B,36:EupQ0008N:k@F@00PEoiD0DdJ,0*57
\s:66,c:1782377500*43\!AIVDM,1,1,,3,Kkl<j<84LLQuK52D,0*52
\s:66,c:1782377505*46\!AIVDM,1,1,,A,33m:fu001B:Q8wMW@ogE543p0000,0*60
\s:66,c:1782377503*40\!AIVDM,1,1,,B,17ldKEpP00`Fg<ewDEL8cwwB2@ID,0*41
\s:66,c:1782377507*44\!AIVDM,1,1,,B,17ldKEpP00`Fg<WwDEK`cwwL28Ki,0*75
\s:66,c:1782377498*43\!AIVDM,1,1,,A,16;e8V001D8l:MNAaiIFVE;<08FF,0*53
\s:66,c:1782377506*45\!AIVDM,1,1,,B,B3P;2c00881dKBUR6Ql9KwnUl000,0*5C
\s:66,c:1782377500*43\!AIVDM,1,1,,B,13MCc7Pwj6OQq6VK?3uQ2@o>053<,0*43
\s:66,c:1782377498*43\!AIVDM,1,1,,B,403OvkAuJl`k`o?6B4Ea1Uw02L1f,0*07
\s:66,c:1782377263*41\!AIVDM,1,1,,B,33mtqv00292Fe:?ehiBaOGQH06RC,0*65
\s:66,c:1782377506*45\!AIVDM,1,1,,A,16<gn8002@`lvVfAiml4JSMD00Rg,0*2C
\s:66,c:1782377503*40\!AIVDM,1,1,,A,13KQL4001OsVI8B9<prh>@?B0<0W,0*29
\s:66,c:1782377505*46\!AIVDM,1,1,,A,18R3=u00013QOph@?<Fk5:1L0HJS,0*4F
\s:66,c:1782377506*45\!AIVDM,1,1,,B,19NSpkh0jDOS>3`L7AlBU29H0HJg,0*7B
\s:66,c:1782377506*45\!AIVDM,1,1,,,13l<j<001U`cSk0?CnLiLA?H0000,0*41
\s:66,c:1782377503*40\!AIVDM,1,1,,B,13AUpB00il8<ioD8I1KQPi;@08HD,0*5E
\g:1-2-5199074,s:66,c:1782377507*01\!AIVDM,2,1,4,B,5815bM`2G<n=KL;;K;4E5DTpuR1HuT4LE:0TV216EHLC=5R70M0jH0@R,0*40
\g:2-2-5199074*6A\!AIVDM,2,2,4,B,`88888888888880,2*7B
\s:66,c:1782377507*44\!AIVDM,1,1,,B,169`TaP01E`g3NLAo06ssqUJ0L>j,0*02
\g:1-2-5199075,s:66,c:1782377308*09\!AIVDM,2,1,5,B,53mtqv42<Eg0h51GR208uN1=@5:222222222221BBPRK55ob0NiDhhDp,0*38
\g:2-2-5199075*6B\!AIVDM,2,2,5,B,888888888888880,2*22
\s:66,c:1782377501*42\!AIVDM,1,1,,B,13ckkj?P3VPW9J@F@8j;JgwB20S:,0*0C
\s:66,c:1782377506*45\!AIVDM,1,1,,B,13P=km5Ojj07DEbMG4CE8l;L00Sd,0*7E
\s:66,c:1782377508*4B\!AIVDM,1,1,,A,1:U8bf0Oh1LrF9gjs7o`JneD08M>,0*1B
\s:66,c:1782377507*44\!AIVDM,1,1,,B,90003rBcQfPqtsnGrPvCdsh2453<,0*20
\s:66,c:1782377501*42\!AIVDM,1,1,,B,83aJJ:hj2d<d<=uut0UPI@QP4eL0,0*1C
\s:66,c:1782377504*47\!AIVDM,1,1,,B,36:>uwP01e`jPNVDbsG@0@1F00CS,0*15
\s:66,c:1782377502*41\!AIVDM,1,1,,A,36;>cH10008M6f@Ew;pW<8oD0DLr,0*22
\s:66,c:1782377503*40\!AIVDM,1,1,,B,E>jCK2f17bRRh44W22a@HP0000004wVR>d:r010888m>B0,4*73
\s:66,c:1782377501*42\!AIVDM,1,1,,A,1537wR0P01J;CsrAI8al4gw@0000,0*08
\s:66,c:1782377500*43\!AIVDM,1,1,,A,39NSG;h02n129G`ObM<pNVkp0000,0*7B
\s:66,c:1782377506*45\!AIVDM,1,1,,B,19NSG;h02o129=`ObL>`MFkH0@Jv,0*75
\s:66,c:1782377507*44\!AIVDM,1,1,,B,169URj00148=u9J<jo3r07kJ2@Jq,0*67
\s:66,c:1782377502*41\!AIVDM,1,1,,A,13P<8q@P@20KsGjNrK=Dl29D08HS,0*78
\s:66,c:1782377501*42\!AIVDM,1,1,,A,1774b8002HwMBOVJ`qhA:PsD08H8,0*35
\s:66,c:1782377506*45\!AIVDM,1,1,,B,29Iik>A0017b3P85oI<o2`kJ08K:,0*6F
\s:66,c:1782377506*45\!AIVDM,1,1,,B,1775Ij002;811jr;nDOIjoml0D<O,0*3F
\s:66,c:1782377501*42\!AIVDM,1,1,,B,15?dPL@0033QSC>@;UbBcrc@08H;,0*1E
\s:66,c:1782377505*46\!AIVDM,1,1,,B,13`jA:@P1@PHAHlN?WLjNOwJ20Sk,0*4C
\g:1-2-5199076,s:66,c:1782377504*00\!AIVDM,2,1,6,B,533sOd`00000uCCCO01<D`tp400000000000001?;p?665dj061lRC@Q,0*57
\g:2-2-5199076*68\!AIVDM,2,2,6,B,DQiCP0000000000,2*7E
\s:66,c:1782377506*45\!AIVDM,1,1,,B,833sOdPj2d=dL=L=vB9Pq?a@7Ft0,0*77
\s:66,c:1782377506*45\!AIVDM,1,1,,B,E>k`tdN:2h@@@@@@@@@@@@@@@@@=RKR4<UGCP00003vP100,2*72
\s:66,c:1782377506*45\!AIVDM,1,1,,A,13mGBS70000WF7>QHJ<9QlmL08K@,0*79
\s:66,c:1782377506*45\!AIVDM,1,1,,A,13cdb80P00PusC:EEK>v4?wJ2000,0*01
\s:66,c:1782377501*42\!AIVDM,1,1,,A,13o;5p7000PL1KPSggFc8WK>00RR,0*68
\s:66,c:1782377505*46\!AIVDM,1,1,,A,13`p;?@000PGoiNNQv7aR5GD0000,0*44
\s:66,c:1782377505*46\!AIVDM,1,1,,A,16:DCw0P42`93wP<k@PaLwwL0d4j,0*6C
\s:66,c:1782377504*47\!AIVDM,1,1,,A,16SgCk?P139=JrBCwW9VuwwGr8IW,0*44
\s:66,c:1782377501*42\!AIVDM,1,1,,A,H52jI:Q05060lteD00000000000,2*19
\s:66,c:1782377501*42\!AIVDM,1,1,,A,H52jI:TTFC@83kG00000000p5220,0*67
\s:66,c:1782377506*45\!AIVDM,1,1,,B,1714r<@P@MSkNJr>>2oDMS3L0<<M,0*3E
\s:66,c:1782377506*45\!AIVDM,1,1,,A,1815E0h01K0DlGNER64S9BWJ08K;,0*35
\s:66,c:1782377506*45\!AIVDM,1,1,,A,16:7u?PP01`gLLhABvLf4?w:28F6,0*6B
\s:66,c:1782377504*47\!AIVDM,1,1,,A,23eoA410017b;6n5lsO7l8=F0D45,0*66
\s:66,c:1782377503*40\!AIVDM,1,1,,B,18LLoP001MGTaLVBkM@F04eB0<1U,0*2E
\s:66,c:1782377505*46\!AIVDM,1,1,,A,1914hsmP?w<tSF0l4Q@>4?wp0d2S,0*66
\s:66,c:1782377505*46\!AIVDM,1,1,,B,14eJMb@P00rgO8fJ3jmv4?wJ2<0N,0*7A
\s:66,c:1782377501*42\!AIVDM,1,1,,B,13P;MPP01:14DaHDh9f3tS;@0<1D,0*37
\s:66,c:1782377502*41\!AIVDM,1,1,,A,35Ou=B5000JRpNPE51?pO5CD0000,0*65
\s:66,c:1782377502*41\!AIVDM,1,1,,B,B3Evp9P00H1`Et5RcOGQ3wl7t000,0*50
\s:66,c:1782377505*46\!AIVDM,1,1,,B,B3ISNl00>WtDmJVkGg;DswnUh000,0*17
\s:66,c:1782377499*42\!AIVDM,1,1,,A,13aDAlhP0o0J=LnMd97DG?w<P8GB,0*13
\s:66,c:1782377502*41\!AIVDM,1,1,,A,1815QB@02F8BG9d;R4>osVOB053<,0*72
\s:66,c:1782377507*44\!AIVDM,1,1,,B,B7tLqWh0iQkpE6PInknCanG00400,0*0B
\s:66,c:1782377507*44\!AIVDM,1,1,,B,169DJpP0008gKb@ABob7G4K<08Fq,0*31
\s:66,c:1782377506*45\!AIVDM,1,1,,A,B39tleP0@h>T1l7nMG=8Cwo1h<27,0*01
\s:66,c:1782377503*40\!AIVDM,1,1,,A,177Q0U0vhC`lo9vAhVBcfCmD0@I0,0*39
\s:66,c:1782377507*44\!AIVDM,1,1,,B,13lbL`002oPv2=<DwN54V3eL08K`,0*5E
\s:66,c:1782377506*45\!AIVDM,1,1,,A,19NSiFP01s`R?2bF@H=UjlcH0D6h,0*42
\s:66,c:1782377501*42\!AIVDM,1,1,,A,B3?sKUP0007gNCWFtBEeCwl03P06,0*32
\s:66,c:1782377500*43\!AIVDM,1,1,,A,160qG:C0113QPBl@?KTGpna<08GK,0*12
\s:66,c:1782377504*47\!AIVDM,1,1,,A,H39FlE4U000000041qpki01@8310,0*17
\s:66,c:1782377504*47\!AIVDM,1,1,,A,B5N2d<000>fGCrUsguSQ3wn5oP06,0*7B
\s:66,c:1782377492*49\!AIVDM,1,1,,B,1815W?PwB<Vfq<n3U8CkG2bt0000,0*1F
\s:66,c:1782377495*4E\!AIVDM,1,1,,B,3815W?PvB;Vfq@N3U8F3GBa201aQ,0*1E
\s:66,c:1782377498*43\!AIVDM,1,1,,A,1CgJhcW00RN>kLTV<6O7HV500000,0*4B
\s:66,c:1782377500*43\!AIVDM,1,1,,B,3NjR5;wP04vEebBV5`jv4?v6000j,0*35
\s:66,c:1782377496*4D\!AIVDM,1,1,,A,13MBVu@00p0N07tNo5ERwWg8053<,0*43
\s:66,c:1782377506*45\!AIVDM,1,1,,A,13f62H002EP1NKDEwOW`RnqD80S;,0*7A
\s:66,c:1782377495*4E\!AIVDM,1,1,,A,13n4ht0300PgVejTjT6BbIG408DB,0*47
\s:66,c:1782377501*42\!AIVDM,1,1,,B,33K>EJ5001vqSDp@4tgc@:KB2ENJ,0*3F
\s:66,c:1782377504*47\!AIVDM,1,1,,A,H6KVrQ@4TduDl59F22222222220,2*07
\s:66,c:1782377504*47\!AIVDM,1,1,,A,H6KVrQE665340NO:4jiokP6@4720,0*0E
\s:66,c:1782377504*47\!AIVDM,1,1,,B,B6KVrQ@00:LaiB517AFtcwn5gP06,0*2D
\s:66,c:1782377503*40\!AIVDM,1,1,,A,13?qh:P00V0MVV:Nr>eue0EH08Ie,0*17
\s:66,c:1782377505*46\!AIVDM,1,1,,B,13=fod0124Q1wcpDCsR;5`uF0<65,0*00
\s:66,c:1782377504*47\!AIVDM,1,1,,B,14`Dqr0P00WJBGp0ecoN4?wH20RN,0*32
\s:66,c:1782377501*42\!AIVDM,1,1,,A,D03Ovi@w1N>4ePffpfpNfp0,2*4A
\s:66,c:1782377505*46\!AIVDM,1,1,,A,13d25n00000d<SLI@WvISFeH0<28,0*01
\s:66,c:1782377505*46\!AIVDM,1,1,,A,19NSTL@02B5<4oB:hN=GdF7H0L4i,0*21
\s:66,c:1782377505*46\!AIVDM,1,1,,A,33mwp=7P@A0r<h8VeNP9rH1F20vh,0*7C
\s:66,c:1782377506*45\!AIVDM,1,1,,B,35SpvT5000Q1B<:GGRe<5kIJ8DWJ,0*34
\s:66,c:1782377506*45\!AIVDM,1,1,,B,4070bnAuJl`kfJ?agEvUJg100@K<,0*6B
\s:66,c:1782377501*42\!AIVDM,1,1,,A,33ku:ah01O0rAqVOFtIqpWup0000,0*06
\s:66,c:1782377505*46\!AIVDM,1,1,,A,B6:bsg0002255h3?Lq@000fTSP00,0*36
\s:66,c:1782377507*44\!AIVDM,1,1,,A,16:CSKP01U8UiV0F=154FCKL0Mjb,0*1A
\s:66,c:1782377506*45\!AIVDM,1,1,,A,13ivPf5P0T0=fu8MN`R:=gwN053<,0*48
\s:66,c:1782377502*41\!AIVDM,1,1,,A,369UQW10008N0UJF@VOCoHaD0DNb,0*17
\s:66,c:1782377506*45\!AIVDM,1,1,,,B3prId@007w`sUUa@f;Q3wTUkP06,0*7F
\g:1-2-5199077,s:66,c:1782377508*0D\!AIVDM,2,1,7,B,53MBVuH2GeLLle@WF20Q=B10Dl98tdF22222220`209275cd041ACDj0,0*2E
\g:2-2-5199077*69\!AIVDM,2,2,7,B,EQC`88888888880,2*17
\s:66,c:1782377502*41\!AIVDM,1,1,,B,181:Lk@01`2GPVdHN8KpanoB053<,0*1B
\s:66,c:1782377501*42\!AIVDM,1,1,,B,13KHB5P0001TCNpRLH5<RW200000,0*73
\s:66,c:1782377505*46\!AIVDM,1,1,,B,18HwniPP0>WJsi00fT`qSwwJ2@JW,0*48
\s:66,c:1782377506*45\!AIVDM,1,1,,B,15A=Jt0w2a8`p5L>ci4QTiEH0HJn,0*1B
\s:66,c:1782377502*41\!AIVDM,1,1,,A,15BvU8002GP9ReVMCq@BH1sB0@HK,0*40
\s:66,c:1782377506*45\!AIVDM,1,1,,,18I94l002HwOOp:K1kf85VMH1000,0*29
\s:66,c:1782377507*44\!AIVDM,1,1,,B,15NbiU<01CI=Cb8@u3NeDraP0<:0,0*0E
\s:66,c:1782377508*4B\!AIVDM,1,1,,A,13B8bn700e0h9kvQ;GJn9lsp0PST,0*44
\s:66,c:1782377503*40\!AIVDM,1,1,,A,13M:j@001p8L@GP09LnPW@QH0<0F,0*14
\s:66,c:1782377502*41\!AIVDM,1,1,,B,13@pVGh01iNevwd8j7F@003F0D2j,0*72
\s:66,c:1782377505*46\!AIVDM,1,1,,B,14`V21@01r0vtpfDtfdSTjoH0<6M,0*0D
\s:66,c:1782377504*47\!AIVDM,1,1,,A,33dVpR04260SuWfHOAlLbb;D00mP,0*35
\s:66,c:1782377499*42\!AIVDM,1,1,,A,33ku<61000JSWlhEBGHEI6wp0000,0*4C
\s:66,c:1782377503*40\!AIVDM,1,1,,A,14hFCf001p165ItEaWOba8MF00Rl,0*54
\s:66,c:1782377506*45\!AIVDM,1,1,,B,19NSAeh02hJCnMHAMp>5HDMJ00SB,0*19
\s:66,c:1782377506*45\!AIVDM,1,1,,A,38I7ee50002AKl>AwqPhvDAH0lhb,0*2E
\s:66,c:1782377505*46\!AIVDM,1,1,,A,1815ahP02AtA7Oiw:2Ajl2GH0pJm,0*77
\s:66,c:1782377506*45\!AIVDM,1,1,,B,B7OiprP00:gOkAL0wsoQ3wn1nDdr,0*7D
\s:66,c:1782377502*41\!AIVDM,1,1,,B,B3HV7FP0:P1W:HUS@sTBowl7p000,0*05
\s:66,c:1782377506*45\!AIVDM,1,1,,A,C1mFJ2003Pej9SOJ>rP6<4v0JV2J4f:LCkk;111111100000002P,0*3B
\s:66,c:1782377503*40\!AIVDM,1,1,,A,15O70acP00GRSPLCBw@no?wD0L1V,0*42
\s:66,c:1782377505*46\!AIVDM,1,1,,B,18Hs:66,0*36
\s:66,c:1782377486*4C\!AIVDM,1,1,,B,15UDeb001@6iA:h3MJ7Rkj@l0d0K,0*59
\s:66,c:1782377505*46\!AIVDM,1,1,,A,160r6200093TO>@?HFaV>s?J253<,0*0E
\s:66,c:1782377507*44\!AIVDM,1,1,,A,13@o<0000q0n>=pQ0IC34jKJ0W3h,0*50
\s:66,c:1782377505*46\!AIVDM,1,1,,A,15?dUFQtB<`j5oJ@tqG:npkH28Iw,0*1A
\s:66,c:1782377507*44\!AIVDM,1,1,,B,35?dfK50008fSW>ARSu2E8uH0EIb,0*2D
\s:66,c:1782377503*40\!AIVDM,1,1,,B,13=>QH002b8l1pdCVoLeHrgB0D32,0*25
\s:66,c:1782377505*46\!AIVDM,1,1,,A,19NSq`hwjeOa57DL;0rqDoKH0D6e,0*11
\g:1-2-5199078,s:66,c:1782377506*0C\!AIVDM,2,1,8,A,569G5K`000000000001`PE<PDpOWOK7J222222165`D76uNi08n@CQlj,0*44
\g:2-2-5199078*66\!AIVDM,2,2,8,A,0C`888888888880,2*07
\s:66,c:1782377505*46\!AIVDM,1,1,,A,15@h;n001PM6s?1kFu61VQGH08JK,0*66
\s:66,c:1782377502*41\!AIVDM,1,1,,A,B7PClm0002e5DOLUkW803wm5oP06,0*10
\g:1-2-5199079,s:66,c:1782377313*0F\!AIVDM,2,1,9,A,55UDeb02;=oK<Dl?>208E8DdEB0n222222222216@pC==5na0I@j2CPH,0*75
\g:2-2-5199079*67\!AIVDM,2,2,9,A,888888888888880,2*2D
\s:66,c:1782377508*4B\!AIVDM,1,1,,A,344`kT5002R:G:nRAg:N46eN2000,0*1D
\s:66,c:1782377490*4B\!AIVDM,1,1,,B,B5O4L7P006TP=KTd57P?54A1T000,0*0E
\s:66,c:1782377504*47\!AIVDM,1,1,,B,14`UuKP01iOwdcTLjO0Bt2GH0L4o,0*0D
\s:66,c:1782377507*44\!AIVDM,1,1,,A,39NSh40wiJ85L288RGaHSVqR0E?=,0*17
\s:66,c:1782377508*4B\!AIVDM,1,1,,A,13aFh6wP00PEn5FMwHNED?wP28L>,0*2F
\s:66,c:1782377502*41\!AIVDM,1,1,,B,B47>89P00HJBfa8FIOsQ3wm1l000,0*52
\s:66,c:1782377502*41\!AIVDM,1,1,,A,15O6O=c000rn1QhGb;f4CK1B0000,0*59
\s:66,c:1782377505*46\!AIVDM,1,1,,B,36T1Qv05Am8l@e2A3kt1AA;D00`@,0*0B
\s:66,c:1782377500*43\!AIVDM,1,1,,A,1815W9P1QsvaSdN;hPrp16A@0HGS,0*03
\s:66,c:1782377504*47\!AIVDM,1,1,,B,B8Hu@Oh06InmQj0;PCboSwi5oP06,0*26
\s:66,c:1782377505*46\!AIVDM,1,1,,B,36;4K850002k@Fh<B;0Ps`sJ0lkb,0*34
\s:66,c:1782377505*46\!AIVDM,1,1,,A,18I33A002I7057:38NeK58mH0L8@,0*24
\s:66,c:1782377504*47\!AIVDM,1,1,,B,B3I<9900;?t7?MVlM2WEOwmWh000,0*19
\s:66,c:1782377504*47\!AIVDM,1,1,,A,15DqDV000NKneEHL13TDQSiH053<,0*41
\s:66,c:1782377500*43\!AIVDM,1,1,,A,15O1tD8PP1G2HffKusPIuOwB2000,0*01
\s:66,c:1782377502*41\!AIVDM,1,1,,A,402M3w1vad`ka0T?EPT0d07P053<,0*22
\s:66,c:1782377505*46\!AIVDM,1,1,,A,15NPakP000qB4RFA:O<nus?J0000,0*50
\s:66,c:1782377501*42\!AIVDM,1,1,,A,339Swd5P00PNqwNMKPnN4?wB2Dt:,0*1C
\s:66,c:1782377505*46\!AIVDM,1,1,,B,13cV=UbP0PPdl:vI8IAdP?wJ253<,0*7B
\s:66,c:1782377503*40\!AIVDM,1,1,,A,17704H000i7irPF8qtF8DFGB08Hw,0*4B
\s:66,c:1782377504*47\!AIVDM,1,1,,,B3m<g?00086uvo8t@ugQ3wn1l000,0*45
\s:66,c:1782377505*46\!AIVDM,1,1,,A,13@oHQh0000;hnJR>3n=Dp;H00ST,0*41
\g:1-2-5199080,s:66,c:1782377506*0B\!AIVDM,2,1,0,A,53F=qV42>n<<D<`J221A8tpTv22222222222220N3`J834TW0>3CkU1E,0*78
\g:2-2-5199080*61\!AIVDM,2,2,0,A,RA1Cp8888888880,2*0D
\s:66,c:1782377505*46\!AIVDM,1,1,,A,18In?L300ISTag:?WoFrsqKH00Sd,0*3F
\s:66,c:1782377506*45\!AIVDM,1,1,,B,C><i2@h00?rA4G6lfL9>KTN0H2L8NT3Kkk:00000000000D2RRR0,0*0C
\s:66,c:1782377500*43\!AIVDM,1,1,,A,HCh<1aP`tV22222222222222220,2*09
\s:66,c:1782377500*43\!AIVDM,1,1,,A,HCh<1aTN1=30DhIopkpPPP0H712t,0*35
\g:1-2-5199081,s:66,c:1782377507*0B\!AIVDM,2,1,1,A,58u<4g`2GgkuaG;;K00ltdML50P400000000000l1p?645q:0<15DPPC,0*4F
\g:2-2-5199081*60\!AIVDM,2,2,1,A,P00000000000000,2*45
\s:66,c:1782377503*40\!AIVDM,1,1,,A,16:BTl001b8NUMHF>Hb;@8uF053<,0*3C
\s:66,c:1782377508*4B\!AIVDM,1,1,,B,H3I>3hPHuR1@D4l000000000000,2*22
\s:66,c:1782377508*4B\!AIVDM,1,1,,A,H3I>3hTUCBD8tfp676qkmj0h625t,0*58
\s:66,c:1782377506*45\!AIVDM,1,1,,B,142ORCR00E2OlLf@mOtC7jIL08K5,0*1B
\s:66,c:1782377502*41\!AIVDM,1,1,,A,83aL=s0j2d<<<<<<<1>hj@2@6@P0,0*57
\s:66,c:1782377504*47\!AIVDM,1,1,,A,13:3`R0P00Pe`ltN`pgv4?wF20T6,0*27
\s:66,c:1782377504*47\!AIVDM,1,1,,B,16:ApjP000`gWRdACN:UrrC2053<,0*1D
\s:66,c:1782377504*47\!AIVDM,1,1,,A,B6:?I@P002;iK=TCk?D000EWQP06,0*3A
\s:66,c:1782377503*40\!AIVDM,1,1,,A,13L0LL5P1A0>VE0MHk5kOBwD0000,0*6E
\s:66,c:1782377504*47\!AIVDM,1,1,,A,16:c9m@00R885pP=0`VrGH@01P06,0*7A
\s:66,c:1782377504*47\!AIVDM,1,1,,A,13@pjsh02nP;Ku4Gdc;qBoKD00SU,0*46
\g:1-2-5199082,s:66,c:1782377501*0E\!AIVDM,2,1,2,A,539Pp`800000@a9@0004m0PUA8U@D0000000000T5P0335dhN9BjAC00,0*29
\g:2-2-5199082*63\!AIVDM,2,2,2,A,000000000000000,2*26
\s:66,c:1782377504*47\!AIVDM,1,1,,B,B3cVATP0<`7rav6=eKv63wm5l000,0*3F
\s:66,c:1782377505*46\!AIVDM,1,1,,A,16:7l1PP1>`eKv0A9q52mgwH2@J9,0*4C
\s:66,c:1782377502*41\!AIVDM,1,1,,B,C3Dwoah01quVktR?SP0;CwP1gVH6@bNL?0;SQ0QSKkk:00000020,0*64
\s:66,c:1782377504*47\!AIVDM,1,1,,B,15N4rTP000rR8>8E9on7tWwF0@Ij,0*08
\s:66,c:1782377503*40\!AIVDM,1,1,,B,15N`sC?P00GRSQtCBwRB6gwD28IE,0*31
\s:66,c:1782377504*47\!AIVDM,1,1,,B,13l3o5h0000CT8BMHKpTr`sH0@Ij,0*37
\s:66,c:1782377501*42\!AIVDM,1,1,,A,402M56Qvad`kW284EF`JRSgP20S:,0*6A
\s:66,c:1782377506*45\!AIVDM,1,1,,A,35O58@P000Js1MjH?W1L9agp0000,0*7F
\s:66,c:1782377507*44\!AIVDM,1,1,,A,13UMj`0P001d4hREf2>FQwwN0D5n,0*54
\s:66,c:1782377507*44\!AIVDM,1,1,,A,16:Ema5P008LE8N=w4>v47cJ0hKE,0*3A
\s:66,c:1782377501*42\!AIVDM,1,1,,A,13IUVB0P0kOQrAnKEiFkkwwD0L0l,0*11
\s:66,c:1782377507*44\!AIVDM,1,1,,B,13aSanh01EPCd4:MGwIFL55LR8KP,0*4C
\s:66,c:1782377507*44\!AIVDM,1,1,,B,18Sk`J001DWPNMV0v;eLer;J0`Js,0*42
\s:66,c:1782377505*46\!AIVDM,1,1,,B,19NSnISOhc3Ol0`@Bw9DBk=L0L9;,0*6E
\s:66,c:1782377500*43\!AIVDM,1,1,,A,402E;7ivad`k`P@hp<Nob9g028Gs,0*0F
\s:66,c:1782377501*42\!AIVDM,1,1,,A,13aGrU@01PPG=WlNAVLTsCoB0000,0*79
\s:66,c:1782377506*45\!AIVDM,1,1,,A,13`lSP@02qQE`H6PE?RoiVAJ853<,0*33
\s:66,c:1782377506*45\!AIVDM,1,1,,B,16:4JJ0P1c`LHMh=vCinvgwL2D4f,0*5E
\s:66,c:1782377503*40\!AIVDM,1,1,,B,13P8Jah000wiK2`QeV08HFkF0D0G,0*71
\s:66,c:1782377508*4B\!AIVDM,1,1,,B,338?440PARPqDm6Io1B5oDKN0000,0*21
\s:66,c:1782377506*45\!AIVDM,1,1,,A,16:mFB001<8NB2BFAG9oQV7L08Jw,0*64
\s:66,c:1782377501*42\!AIVDM,1,1,,A,13@nhko000PU=8vP2naf47w@H@Gt,0*24
\s:66,c:1782377504*47\!AIVDM,1,1,,A,B3m:g>P0086PiQ`rgTL000N00000,0*4C
\s:66,c:1782377504*47\!AIVDM,1,1,,A,13cFWl300:PBPS<MgAC4BCLl00Rq,0*00
\s:66,c:1782377500*43\!AIVDM,1,1,,B,BCh9@<0047TrJ<9NEWhn7wURq000,0*3F
\s:66,c:1782377502*41\!AIVDM,1,1,,A,B3mlkTP008<hud8KDl9siSN00000,0*11
\s:66,c:1782377504*47\!AIVDM,1,1,,A,19TH1d@P@@0qDNvDf69jV1EB08J0,0*1F
\s:66,c:1782377505*46\!AIVDM,1,1,,B,198W8Gp000R64:TGH4>K3jiL28J`,0*51
\s:66,c:1782377504*47\!AIVDM,1,1,,B,13eg=L031<Qd3@4EeK662TuF0<5g,0*48
\s:66,c:1782377503*40\!AIVDM,1,1,,B,169;37P0008KVhFEs:66,0*14
\s:66,c:1782377506*45\!AIVDM,1,1,,A,B3`u5A000?wWcPU`wdsQ3wn5oP06,0*08
\s:66,c:1782377505*46\!AIVDM,1,1,,B,169@7fUP138eoBhA9EK:@@GIWP00,0*50
\s:66,c:1782377506*45\!AIVDM,1,1,,A,19NSbj002W3J;sUq?v2`c71J00RR,0*7F
\s:66,c:1782377507*44\!AIVDM,1,1,,A,18I5=:002U7V`Ct2fJ6pLVmL0D0g,0*45
\s:66,c:1782377507*44\!AIVDM,1,1,,A,B3mlkTP008<hub`KDl5siSN00000,0*43
\s:66,c:1782377502*41\!AIVDM,1,1,,,B3KMVtP008Nn3J8aPkn1Wwm5oP06,0*7F
\s:66,c:1782377504*47\!AIVDM,1,1,,B,342LTv@P00ww1;`Fd<pQ5wwH00@S,0*55
\s:66,c:1782377504*47\!AIVDM,1,1,,A,16:7Nv001V`lGApCk:Rf2h36053<,0*7A
\s:66,c:1782377504*47\!AIVDM,1,1,,A,16Ks6B0ui@:drm3kulfHTFR60<0r,0*17
\s:66,c:1782377505*46\!AIVDM,1,1,,A,169>9tP01U8hca@Afug442sH0@JQ,0*2A
\s:66,c:1782377504*47\!AIVDM,1,1,,A,39NSnQE0001DN7=dUraqvQKJ0E0:,0*40
\s:66,c:1782377506*45\!AIVDM,1,1,,A,15OE3oPP?w<tSF0l4Q@>4?wp0T@d,0*6A
\s:66,c:1782377503*40\!AIVDM,1,1,,A,13`etJ0P00PDHDBMd0k>4?wD2<5D,0*2E
\s:66,c:1782377506*45\!AIVDM,1,1,,A,35OE3oPOh00000000000001p0000,0*70
\s:66,c:1782377506*45\!AIVDM,1,1,,B,19NSmL@005ObUk<2pF3l02UN0d0O,0*22
\s:66,c:1782377505*46\!AIVDM,1,1,,B,402;bFivad`kdwtMTVL??Jo00`JN,0*38
\s:66,c:1782377499*42\!AIVDM,1,1,,B,13aPa20027OT4EDKgQe87VM<053<,0*54
\s:66,c:1782377502*41\!AIVDM,1,1,,A,14VjtH001dWe<<V:wGw==rUD08HO,0*03
\s:66,c:1782377505*46\!AIVDM,1,1,,A,144VvM00jlNd7mB:39e=d;1F0HJS,0*6F
\s:66,c:1782377504*47\!AIVDM,1,1,,B,3565PLAs03P5dAL3Nj=9aq=F0Der,0*1A
\s:66,c:1782377504*47\!AIVDM,1,1,,B,19AFcd@P00RAHFlB0QMf4?wH253<,0*78
\s:66,c:1782377501*42\!AIVDM,1,1,,A,B3F?2E0097w92s5IV9@e`Tv00000,0*1C
\s:66,c:1782377506*45\!AIVDM,1,1,,B,29NSfqUP007bBNp5u13<=?wF8@JC,0*34
\s:66,c:1782377506*45\!AIVDM,1,1,,A,18Hsi3UOho7L@vb0gg<@hPkN28KA,0*2D
\s:66,c:1782377501*42\!AIVDM,1,1,,A,403OtiiuJl`kar?aAH>WCQw02@HI,0*79
\s:66,c:1782377501*42\!AIVDM,1,1,,A,37ldLvpP@?8G;VQw;jmLsbE<01w0,0*25
\s:66,c:1782377506*45\!AIVDM,1,1,,B,1815SSh0007EG@J0vNnb;9kN0D1d,0*4D
\s:66,c:1782377506*45\!AIVDM,1,1,,B,18J42@0P0C7JTnn0gWkd6OwL0HJs,0*16
\s:66,c:1782377506*45\!AIVDM,1,1,,B,13ASOt00310?o2HEAEar:`;L00S=,0*07
\s:66,c:1782377507*44\!AIVDM,1,1,,B,14aN9J002RNgceL<8bqP:09J0@KW,0*2D
\s:66,c:1782377502*41\!AIVDM,1,1,,A,B7lcaoP00Io1Ee0:d1eoWwl2T>iq,0*6C
\s:66,c:1782377505*46\!AIVDM,1,1,,B,38Ii3J1000o?s2TEW;P2fUCD0DPJ,0*22
\s:66,c:1782377505*46\!AIVDM,1,1,,A,16=q>t@0015k>pp3PKpsnTAB0hJU,0*63
\s:66,c:1782377499*42\!AIVDM,1,1,,A,13kiT0002A8nRwDCb;W6Um:D0D1S,0*2D
\s:66,c:1782377507*44\!AIVDM,1,1,,B,13=jN:0wQp7PTK<0sF?:D`9H00Sg,0*47
\s:66,c:1782377504*47\!AIVDM,1,1,,B,1611`i0000SOodJ@>d@7taoF0<9f,0*74
\s:66,c:1782377502*41\!AIVDM,1,1,,A,13lF0201Ba64TI43E>NbL8G>08Hc,0*4F
\s:66,c:1782377505*46\!AIVDM,1,1,,A,16;2uH001H`=Tib<VGJ9rGmJ08JV,0*36
\s:66,c:1782377507*44\!AIVDM,1,1,,A,160KdfO001SQSQJ@BffN4:CL20SK,0*3B
\s:66,c:1782377508*4B\!AIVDM,1,1,,A,16:RPnP01L8j>R`Dh:sFumKP28L;,0*69
\s:66,c:1782377508*4B\!AIVDM,1,1,,B,16:ApjP000`gWRdACN:e<JAJ0?Mg,0*0E
\s:66,c:1782377500*43\!AIVDM,1,1,,A,1:U8CL0=@:M9>kWkn9NhqPoB0000,0*58
\s:66,c:1782377504*47\!AIVDM,1,1,,A,19NSrJP02iWfg3j47<SHFniD0@IQ,0*76
\s:66,c:1782377504*47\!AIVDM,1,1,,B,13aq;F001A0Bvh>Mfeo<;9gH0dB1,0*7F
\s:66,c:1782377502*41\!AIVDM,1,1,,B,16:6KqPP1Q8dmg6At;MlVks@053<,0*3F
\s:66,c:1782377500*43\!AIVDM,1,1,,A,33uC=RP0001FdB:R8I`G4Rgp0000,0*01
\s:66,c:1782377504*47\!AIVDM,1,1,,B,1815:uh00rPdaCPQ4abSG2mD0@Ii,0*02
\s:66,c:1782377498*43\!AIVDM,1,1,,A,BCgMoqP0EWVDQOaS;W2<gwVRs000,0*6A
\s:66,c:1782377501*42\!AIVDM,1,1,,A,13aNahP02@0:i1VNhofLsJM@0<5`,0*1A
\g:1-2-5199083,s:66,c:1782377504*0A\!AIVDM,2,1,3,B,59NSi0p2H9agDhi;>214TpL@4v1HuT4LE:222216DpCH;5e@0H0kTj0H,0*5C
\g:2-2-5199083*62\!AIVDM,2,2,3,B,888888888888880,2*24
\s:66,c:1782377505*46\!AIVDM,1,1,,B,1611tC0004ST7?`?nSC:5E3H0@JF,0*72
\s:66,c:1782377505*46\!AIVDM,1,1,,A,19NSaPh026JRMe65n8u:H`CF00S8,0*32
\s:66,c:1782377506*45\!AIVDM,1,1,,A,19NSi0h12=8`fMh>ebeQgiQH00S9,0*57
\s:66,c:1782377504*47\!AIVDM,1,1,,B,B;rt7wh0AarDEhw8=Qm4Own7GP06,0*73
\s:66,c:1782377505*46\!AIVDM,1,1,,A,13@o4S001APcbW>Q2dmN1JsH28JC,0*43
\s:66,c:1782377508*4B\!AIVDM,1,1,,B,E>jCJlQRWV4RW72h9`9h2prh9W0wrAiT=ODB@9199;p0083miP,4*54
\s:66,c:1782377502*41\!AIVDM,1,1,,B,B3mcm<P000Nuf1b5FLg2swjWkP06,0*0B
\s:66,c:1782377506*45\!AIVDM,1,1,,A,1k`dW45P000OdG4NPlB8<Ov1uwww,0*28
\s:66,c:1782377499*42\!AIVDM,1,1,,A,33aDC?5000PNkILML>L`S4k:Pljb,0*1B
\s:66,c:1782377499*42\!AIVDM,1,1,,B,16:>evP005`dDfhAskbe3CC:053<,0*43
\s:66,c:1782377506*45\!AIVDM,1,1,,A,1815O8P0io7FFp60w7PcQIAJ08KE,0*1D
\s:66,c:1782377506*45\!AIVDM,1,1,,B,13?sH9P0000eIf8N`kvJSHKN00Rw,0*7A
\s:66,c:1782377506*45\!AIVDM,1,1,,B,B3`f2a@00046gD7G1AkQ3wo1jDg:,0*03
\s:66,c:1782377504*47\!AIVDM,1,1,,B,19Hl>L@01b`PD5@F<nqbd8GH00Rn,0*31
\s:66,c:1782377504*47\!AIVDM,1,1,,A,B3IgMkP0=83VFL65STSOOwmQl53<,0*1F
\s:66,c:1782377505*46\!AIVDM,1,1,,A,33`dW45P00POdG4NPlB>4?wJ2;lJ,0*3B
\s:66,c:1782377508*4B\!AIVDM,1,1,,B,33@o4S001?PcbW4Q2e6=cbuP21uh,0*66
\s:66,c:1782377501*42\!AIVDM,1,1,,B,18HtLW001oP4;arO:KO5S4M:08H9,0*34
\s:66,c:1782377504*47\!AIVDM,1,1,,A,11anqh?P005eNI`3vpjb1OwH20Sw,0*32
\s:66,c:1782377504*47\!AIVDM,1,1,,B,148Orf0P00QPdA:Op1JN4?wH253<,0*0B
\s:66,c:1782377504*47\!AIVDM,1,1,,A,13aL?=0P00POfq@NPQfP0?wH28J1,0*1B
\s:66,c:1782377476*43\!AIVDM,1,1,,B,177QEB00j?6lIlD3W;G:wHlL00Sb,0*20
\s:66,c:1782377427*47\!AIVDM,1,1,,B,377QEB002>6lJgd3W9q:vplj01PS,0*4B
\s:66,c:1782377501*42\!AIVDM,1,1,,B,403Oti1uJl`kaoAucbEfNjO02D3g,0*48
\s:66,c:1782377504*47\!AIVDM,1,1,,B,19NSHnP22i4oswmsd2Sq5G?J08J?,0*60
\s:66,c:1782377507*44\!AIVDM,1,1,,B,28SK5w0P00Wb2IR5tPS>4?wL2<2j,0*13
\s:66,c:1782377501*42\!AIVDM,1,1,,B,B8LiK9000::Kc9R5?hauWwl6SP06,0*72
\s:66,c:1782377504*47\!AIVDM,1,1,,B,13`oUM@P1@PNokdNNqGRI?wHR<1R,0*0F
\s:66,c:1782377499*42\!AIVDM,1,1,,A,33FSd87007waCAfKAl9LS6M>PC@S,0*18
\s:66,c:1782377501*42\!AIVDM,1,1,,B,B33<;;P00?Pnam5Qp0qs7wlVP000,0*3A
\s:66,c:1782377506*45\!AIVDM,1,1,,B,16?UlMPP0`Tw5jv=16@QkgwL2D2t,0*1F
\s:66,c:1782377506*45\!AIVDM,1,1,,B,137Sbf002lrV82TE0CElHkSL08K?,0*3C
\s:66,c:1782377504*47\!AIVDM,1,1,,A,19NSca@0hr`hR0`Dh1F9jWuH00RU,0*34
\s:66,c:1782377501*42\!AIVDM,1,1,,A,34`UwcP0jWJ5:6H?k2pktS?p0000,0*73
\s:66,c:1782377504*47\!AIVDM,1,1,,B,H3IeHf0j05HDqAE8TE8F2222220,2*1F
\s:66,c:1782377504*47\!AIVDM,1,1,,A,H3IeHf4T1=300006>>DPPP1`2610,0*76
\s:66,c:1782377505*46\!AIVDM,1,1,,A,14eIc<0000G<P8<L<tn8eaEJ08JO,0*2B
\s:66,c:1782377500*43\!AIVDM,1,1,,B,BCgfc100dWV4IPaQBJnGkwiPp000,0*4B
\s:66,c:1782377503*40\!AIVDM,1,1,,B,13nM0b?0000L1IBSga2T?SCH0<1u,0*03
\s:66,c:1782377503*40\!AIVDM,1,1,,B,B3:3BiP0>`5`85WU;fbdkwmQl<0F,0*4F
\s:66,c:1782377504*47\!AIVDM,1,1,,A,15?dP;P0iD8ktf`ARAjWRUqB0@II,0*55
\s:66,c:1782377505*46\!AIVDM,1,1,,B,1815DuP01h0iw<tEJlWl5SEJ0HJG,0*02
\s:66,c:1782377505*46\!AIVDM,1,1,,A,19F=i4?P1kP082R3>3U;S?wH00R2,0*66
\s:66,c:1782377504*47\!AIVDM,1,1,,B,16ld3VpP006T<ID<dNGAWgwH053<,0*29
\s:66,c:1782377506*45\!AIVDM,1,1,,B,17tChRP0007?qpl1hMsT1aqL053<,0*7F
\s:66,c:1782377507*44\!AIVDM,1,1,,A,169G<<?P017h@oV:51B00?wL2<1J,0*1A
\s:66,c:1782377504*47\!AIVDM,1,1,,A,1815HFP01h8lSSP@t08=qh3F0<11,0*79
\s:66,c:1782377502*41\!AIVDM,1,1,,B,B6:e@h0002;3Lp4O3=IPOwv63P06,0*61
\s:66,c:1782377502*41\!AIVDM,1,1,,A,35NDJ@1000J4BO:?kJmT>8Cp0000,0*7A
\s:66,c:1782377505*46\!AIVDM,1,1,,A,19NSlo@wh`TvK8D<tK1l=SCF08Id,0*0A
\s:66,c:1782377504*47\!AIVDM,1,1,,B,3p:h=A50008dE6h7=:sbaC1B0000,0*7A
\s:66,c:1782377500*43\!AIVDM,1,1,,A,13@njcW00HPN15:NgAD3<RW<0D1@,0*23
\s:66,c:1782377505*46\!AIVDM,1,1,,B,13aO@h@uirNL>h<7kJuhq@cJ0<2a,0*2B
\s:66,c:1782377502*41\!AIVDM,1,1,,A,16:gr`001R`Nn?hF==C3n31@2=9q,0*47
\s:66,c:1782377502*41\!AIVDM,1,1,,B,B7OmEWP003:i9AuMBRVMPslQh000,0*5D
\s:66,c:1782377501*42\!AIVDM,1,1,,A,C6:IIkP0C2;DdPTBK7:OKwv0TNL>6@2L?Sih00000000S2P6S20P,0*36
\s:66,c:1782377499*42\!AIVDM,1,1,,A,177nQnhP1K`:oJ0<lwtWiww>2@G2,0*1F
\s:66,c:1782377505*46\!AIVDM,1,1,,B,15?d`Q001@NmlEj>83eA:0wF053<,0*7A
\s:66,c:1782377503*40\!AIVDM,1,1,,B,B3`dd:h09p4J?6W>7<ppCwm1l8I2,0*4D
\s:66,c:1782377506*45\!AIVDM,1,1,,A,B39q5C00:`=o2V7lJbP7P5N00000,0*0A
\s:66,c:1782377502*41\!AIVDM,1,1,,B,16:CFb0P1=8h>0bATHfAG1?@2`H>,0*78
\s:66,c:1782377500*43\!AIVDM,1,1,,B,BCgksF001oUKsEaQchc:owWPp000,0*56
\s:66,c:1782377500*43\!AIVDM,1,1,,B,HCgksF0PE8@U<00000000000000,2*21
\s:66,c:1782377500*43\!AIVDM,1,1,,B,HCgksF4NC=D6aSTiooi0000H622t,0*0D
\s:66,c:1782377500*43\!AIVDM,1,1,,A,BCgnCd000oTKG9aMkGm2kwWPp000,0*33
\g:1-2-5199084,s:66,c:1782377502*0B\!AIVDM,2,1,4,A,53lgLt82=nFkTP7?WKPLiTdtHThuE=<622222216H`LG95j?0JAl`0Dm,0*51
\g:2-2-5199084*65\!AIVDM,2,2,4,A,888888888888880,2*20
\s:66,c:1782377506*45\!AIVDM,1,1,,B,1815MT@1AqODRa2BhKUpdo1J0d0B,0*68
\s:66,c:1782377508*4B\!AIVDM,1,1,,A,33daDj3Oh20`osJIIOneDT;L00v0,0*48
\s:66,c:1782377508*4B\!AIVDM,1,1,,A,B3GQ3k@0?h3WLc5vlw:@Owp5kP06,0*17
\s:66,c:1782377508*4B\!AIVDM,1,1,,A,18IM6400007Kqwn0ggrKu59P0@L6,0*17
\s:66,c:1782377508*4B\!AIVDM,1,1,,B,18Lg8hP000W=na:7Mnh9QHMB0<36,0*32
\s:66,c:1782377505*46\!AIVDM,1,1,,A,16;;gp000I2n6rsuQA3@gSaJ0<1<,0*2C
\s:66,c:1782377505*46\!AIVDM,1,1,,B,18Ljdi0P01W=lht7Ptv0`?wH253<,0*41
\s:66,c:1782377501*42\!AIVDM,1,1,,A,13uC0s0P001;h:4R6f4u0wwB20S4,0*09
\s:66,c:1782377502*41\!AIVDM,1,1,,B,169LCR0000`fHUhA1hQf43MB0@H`,0*4A
\s:66,c:1782377504*47\!AIVDM,1,1,,B,339OMOU000Pec1PN`lvSERiFPDWJ,0*55
\s:66,c:1782377497*4C\!AIVDM,1,1,,B,33lhjp1001Q3Cu:DQ4lW`K9:2000,0*65
\s:66,c:1782377505*46\!AIVDM,1,1,,A,15AQgf00277DMT:130slRCaH0L2N,0*73
\s:66,c:1782377505*46\!AIVDM,1,1,,B,13aI:`OP0jPHbHPNFt9SWgwJ2@JO,0*1E
\s:66,c:1782377506*45\!AIVDM,1,1,,A,18I0020OhG7J2v@0eTWjFCAL0<?8,0*42
\s:66,c:1782377505*46\!AIVDM,1,1,,A,13`hrAgP00PF?b@MvCO>4?wJ253<,0*14
\s:66,c:1782377504*47\!AIVDM,1,1,,A,403t>V1uJl`kb`fCH4A8uhG000S:,0*45
\s:66,c:1782377504*47\!AIVDM,1,1,,A,14RQol002`P=or<MJBR2pjIB0D3?,0*71
\s:66,c:1782377504*47\!AIVDM,1,1,,B,B69EwM00H2;HtD3n0cBDGwv63P06,0*33
\s:66,c:1782377504*47\!AIVDM,1,1,,A,13FTRl000<wGLW2EdW1nmmGJ2@Iv,0*74
\s:66,c:1782377505*46\!AIVDM,1,1,,B,H6:6:DP00000000000000000000,2*7B
\s:66,c:1782377505*46\!AIVDM,1,1,,A,H6:6:DUJ6DejjhnPPPPPPP3`:34H,0*52
\s:66,c:1782377506*45\!AIVDM,1,1,,B,13maN>0000PkdAPU4RNPhCMD0@Jd,0*44
\s:66,c:1782377507*44\!AIVDM,1,1,,A,37ldTWi1@1WKO4h0fGv15kuJ8lRr,0*4C
\s:66,c:1782377506*45\!AIVDM,1,1,,A,36:M6GU0008fiuPAQ@<4Ol5H0Df:,0*7C
\s:66,c:1782377502*41\!AIVDM,1,1,,B,1815NA@01rwMIwjJf3Dp8FUB2`He,0*47
\s:66,c:1782377506*45\!AIVDM,1,1,,B,133qV@0000P@wC<MLAItBGmL2<55,0*3C
\s:66,c:1782377506*45\!AIVDM,1,1,,B,405GdPP000Htt7KHkP0fHh700t;j,0*24
\s:66,c:1782377507*44\!AIVDM,1,1,,A,16:5rsP01I8hlRvAbG0Bi2;N0@Kf,0*4A
\s:66,c:1782377504*47\!AIVDM,1,1,,B,1815O6P01rP<UNhMhG0`bFu2053<,0*36
\s:66,c:1782377508*4B\!AIVDM,1,1,,A,133fKJ001p0CeqvMdOR:fpaP0DGk,0*51
\s:66,c:1782377507*44\!AIVDM,1,1,,B,17ljfmP0007aBnmtPV`J005F08Ka,0*50
\s:66,c:1782377507*44\!AIVDM,1,1,,A,E>jAVGO17dPh8HJ000000000000OwTv:;=tA@1088?oh20,4*24
\s:66,c:1782377505*46\!AIVDM,1,1,,A,33USRw00001i4aNGEIQEe4Up0000,0*6D
\s:66,c:1782377505*46\!AIVDM,1,1,,A,35NO<=P000JSdFfE7TJK3Pap0000,0*48
\s:66,c:1782377499*42\!AIVDM,1,1,,B,HCgUt2104hlV0U>o;B222222220,2*42
\s:66,c:1782377499*42\!AIVDM,1,1,,B,HCgUt24N1=3PPPPnqiiPPP0H6220,0*2E
\s:66,c:1782377503*40\!AIVDM,1,1,,B,1815WU@0042OCp<@h988dbcB0`I8,0*3B
\s:66,c:1782377501*42\!AIVDM,1,1,,B,15Mvld001Ko>l0fKhoUm;T?0015@,0*63
\s:66,c:1782377501*42\!AIVDM,1,1,,B,13`h;K0P00PHo3pNCn3Rrgw:R@Fa,0*64
\s:66,c:1782377499*42\!AIVDM,1,1,,B,13uAT25PAPQE5@HR4SCKvqi>0<0V,0*2F
\s:66,c:1782377504*47\!AIVDM,1,1,,A,13`pFr3P0erTw5DE4I<;9pGF0000,0*61
\s:66,c:1782377505*46\!AIVDM,1,1,,B,13ku;6@vQG7L8s>0f6::6`3L00S5,0*35
\s:66,c:1782377506*45\!AIVDM,1,1,,A,402E3U1vad`kd0?h6DMNktw028JO,0*5F
\s:66,c:1782377504*47\!AIVDM,1,1,,B,15SvqN00Qq8nG`:@QHS7Ums@0<0M,0*17
\s:66,c:1782377507*44\!AIVDM,1,1,,A,16SbAd002I8WorT>b;T1Ji?H0<2:,0*3A
\s:66,c:1782377500*43\!AIVDM,1,1,,A,33n;Kb000r0hieFR@w2pm75p0000,0*32
\s:66,c:1782377502*41\!AIVDM,1,1,,B,H5O@WETTCBD9B3>G4>pqmj0`8360,0*60
\s:66,c:1782377503*40\!AIVDM,1,1,,,18L:o:001lWed;h:rhmLvJKD0000,0*27
\s:66,c:1782377506*45\!AIVDM,1,1,,B,19NSt10025O2b@r3IFF<OJ3H0D03,0*10
\s:66,c:1782377507*44\!AIVDM,1,1,,B,4h3wouiuJl`kf5PG7p4jhK700`KI,0*3D
\s:66,c:1782377507*44\!AIVDM,1,1,,A,18IHAN001=PDKD<N1fwSok=N0<8V,0*22
\s:66,c:1782377505*46\!AIVDM,1,1,,A,35Mvld001JG>l8RKhnw5<T?p0000,0*3F
\s:66,c:1782377502*41\!AIVDM,1,1,,B,16:=bNP0206BGIF3KiJrL8G@053<,0*07
\s:66,c:1782377506*45\!AIVDM,1,1,,A,35Ac9B1000WK7pH0eMJQGTwL0000,0*40
\s:66,c:1782377502*41\!AIVDM,1,1,,B,D028nAQ7hN?b<`N028m?6D0,2*53
\s:66,c:1782377502*41\!AIVDM,1,1,,A,13K5K60P2E0O5vhHjHqpHFa:0000,0*5A
\s:66,c:1782377506*45\!AIVDM,1,1,,A,18J@Vt0OiE7K3eL0eU9dPIwL0HK4,0*4A
\g:1-2-5199085,s:66,c:1782377503*0B\!AIVDM,2,1,5,B,58LRfP82E5<wUK?C7F10u<R0DhDL4p<F2222221S48oC25W:p<CPCRCQ,0*50
\g:2-2-5199085*64\!AIVDM,2,2,5,B,0B8888888888880,2*50
\s:66,c:1782377504*47\!AIVDM,1,1,,A,33`pFr32hdJTw5FE4I;s8`Gp0000,0*0A
\s:66,c:1782377505*46\!AIVDM,1,1,,,13=Uib50007K59@0f0decIMH053<,0*71
\s:66,c:1782377508*4B\!AIVDM,1,1,,B,B7tKfe000InR76P;PgHowwoRTD<e,0*27
\s:66,c:1782377508*4B\!AIVDM,1,1,,,18L:o:001lWed9@:riILvJKN0000,0*22
\s:66,c:1782377503*40\!AIVDM,1,1,,A,15AVTD0P0mJChr`57gj=5gwF0<6v,0*76
\s:66,c:1782377500*43\!AIVDM,1,1,,A,19s9JP@P00WM6JN0Va9P0?w>2<1>,0*6F
\s:66,c:1782377505*46\!AIVDM,1,1,,B,13ku9rPw2?1eTFBCP5cT93CF00Rm,0*7D
\s:66,c:1782377502*41\!AIVDM,1,1,,A,148Sa0003Ewue5tLq0mr7H5B8<2W,0*32
\s:66,c:1782377506*45\!AIVDM,1,1,,A,13l=AL0vjqPaER4F3tgcCI3J8<4b,0*13
\s:66,c:1782377504*47\!AIVDM,1,1,,B,18I:wN00@13sHMr>db;GEV9F0HJ5,0*0F
\s:66,c:1782377491*4A\!AIVDM,1,1,,A,14`W`g01A66h;t43QhBD=SFr00SA,0*04
\s:66,c:1782377211*44\!AIVDM,1,1,,A,34`W`g01A66h9H@3Qndl23AR000S,0*7D
\g:1-2-5199086,s:66,c:1782377211*0C\!AIVDM,2,1,6,A,54`W`g82@UQ0?IToH01<tp4pLtj1<4l8U`4pL41ALptGD5fW0FjC`10B,0*51
\g:2-2-5199086*67\!AIVDM,2,2,6,A,?Tip4jCP0000000,2*1D
\s:66,c:1782377498*43\!AIVDM,1,1,,B,13P=pSp00SPLLmLNsLfm5ko<08FG,0*45
\s:66,c:1782377503*40\!AIVDM,1,1,,B,B6:b23@0;R;2i44Oj43:owv63P06,0*54
\s:66,c:1782377503*40\!AIVDM,1,1,,A,16:KrI0P008e<20A8p1cggw8053<,0*76
\s:66,c:1782377504*47\!AIVDM,1,1,,A,33a`pH001POjkvhDeqRkDRcp0000,0*42
\s:66,c:1782377507*44\!AIVDM,1,1,,B,19NSUw002U8=>ur<bj;3mC;J08K1,0*58
\s:66,c:1782377503*40\!AIVDM,1,1,,A,36:VgO5P0i`dEU`AsioSAgwp0000,0*69
\s:66,c:1782377503*40\!AIVDM,1,1,,B,ENjOsq@pr?@6a9Qh82aQPa0P0000PRhT<9Qk000000N010,4*72
\s:66,c:1782377504*47\!AIVDM,1,1,,A,16:HamP01P`aMHh?N6p`OVUD0D1r,0*5A
\s:66,c:1782377503*40\!AIVDM,1,1,,A,17ldH3HP0rWL7CF0dGTC8wwD2<=2,0*59
\s:66,c:1782377506*45\!AIVDM,1,1,,A,133ucv0000PC`3lMFQe1k9=H053<,0*78
\s:66,c:1782377504*47\!AIVDM,1,1,,B,403t6KAvad`ke8e7aHApa=20053<,0*61
\s:66,c:1782377504*47\!AIVDM,1,1,,A,139vML0P00PoEitNwiAv4?wH28J8,0*46
\s:66,c:1782377503*40\!AIVDM,1,1,,A,33P<6VQ0001K@WTFbquRA1Qp0000,0*51
\s:66,c:1782377508*4B\!AIVDM,1,1,,A,18KQJl001L3V`ET?B6G=ebwL0D4D,0*73
\s:66,c:1782377501*42\!AIVDM,1,1,,A,B5NWq0P005p`nb4lh3`jKwk5oP06,0*22
\s:66,c:1782377499*42\!AIVDM,1,1,,A,15?dc?h01hG<<M:Kf:;@ThC:00SB,0*2C
\s:66,c:1782377504*47\!AIVDM,1,1,,B,1815a9P0Ai1dobjERsI<f:=F0<;F,0*4D
\s:66,c:1782377504*47\!AIVDM,1,1,,B,ENk`tM<Jh@@@@@@@@@@@@@@@@@@=?g>d;7Vlp00003vP000,2*5C
\s:66,c:1782377502*41\!AIVDM,1,1,,B,19NSmhP02cWrOvh8Hv`0N@I@0HHb,0*73
\s:66,c:1782377506*45\!AIVDM,1,1,,B,33S77dP03F1;EaRHoib<qbMJ00Sh,0*44
\s:66,c:1782377504*47\!AIVDM,1,1,,A,133V?v3OhGPCOUtMFC79D7iH253<,0*3A
\s:66,c:1782377504*47\!AIVDM,1,1,,B,23aIh=0P1:PBCqtMg@0PWwwHR0Rp,0*33
\s:66,c:1782377504*47\!AIVDM,1,1,,A,402;bFQuJl`kc00DlpLE55i00D6d,0*4B
\s:66,c:1782377503*40\!AIVDM,1,1,,B,339L8J001I0MiR>Ndf2UslcB0000,0*37
\s:66,c:1782377505*46\!AIVDM,1,1,,A,169L1g@P00NqNlt@612;`gwH0D1t,0*3C
\s:66,c:1782377504*47\!AIVDM,1,1,,A,14`V4N0004`igdHAg`=;1AQp0d5d,0*3D
\s:66,c:1782377504*47\!AIVDM,1,1,,A,19N`34@0230gKEFER8b;78oH08Im,0*1B
\s:66,c:1782377507*44\!AIVDM,1,1,,B,1815A7h01m1Gi3:POKfp:nSP053<,0*53
\s:66,c:1782377507*44\!AIVDM,1,1,,A,605Gd`N3b?Pp00000@Ph0R00RCwwe5`P1U0,2*5B
\s:66,c:1782377507*44\!AIVDM,1,1,,B,15C1Hl?P00rB?sb5F42v4?wL28KT,0*20
\s:66,c:1782377502*41\!AIVDM,1,1,,B,16:?4SPP08`Q5`>FLrMiQww@2@HQ,0*34
\s:66,c:1782377506*45\!AIVDM,1,1,,B,19AFce@P00RAI4pB0NB>4?wJ2<0n,0*04
\s:66,c:1782377502*41\!AIVDM,1,1,,A,1815N700Aq`9CM8<Q8dh1K=<053<,0*25
\g:1-2-5199087,s:66,c:1782377505*0F\!AIVDM,2,1,7,A,538UMb82F1cOD9MOD019E<4@U8000000000000157avE:=dTo?QDhAl?,0*0D
\g:2-2-5199087*66\!AIVDM,2,2,7,A,?QDkC3P00000000,2*72
\s:66,c:1782377502*41\!AIVDM,1,1,,B,H4eJfkDTCBD:?2O361lppj1P0330,0*05
\s:66,c:1782377505*46\!AIVDM,1,1,,B,19NSme@02A83u`@8VgRHbVuF08JQ,0*62
\s:66,c:1782377505*46\!AIVDM,1,1,,B,381:LW001>0ALD`H7hu`NniL02eQ,0*19
\s:66,c:1782377507*44\!AIVDM,1,1,,A,13bT9F001UONt4DJu31`5nMN0D1u,0*39
\s:66,c:1782377507*44\!AIVDM,1,1,,A,18Kfr60P027L1in0fNinFwwP08Kc,0*40
\s:66,c:1782377507*44\!AIVDM,1,1,,A,36:JNePP@48gUR0ACUm=3H7>01w@,0*27
\s:66,c:1782377507*44\!AIVDM,1,1,,A,33Em160000OS?G4DqmKQ=Vwp0000,0*77
\s:66,c:1782377501*42\!AIVDM,1,1,,B,13@O<n0003weS;22oU2Be9U>0l1W,0*44
\s:66,c:1782377504*47\!AIVDM,1,1,,B,33P=N0Evh0LrTEcjr>wi<RMB8DhJ,0*16
\s:66,c:1782377500*43\!AIVDM,1,1,,A,13bcmR5P0f0fbR>O7TB1;Ow@08GU,0*77
\s:66,c:1782377506*45\!AIVDM,1,1,,A,14Tnc@10?w<tSF0l4Q@>43av0U3<,0*13
\s:66,c:1782377503*40\!AIVDM,1,1,,B,B3@plQ@07`6Qdp8LHCTnKwjUl000,0*17
\s:66,c:1782377501*42\!AIVDM,1,1,,B,339L8BP01APPKGlNPtd9soo<0000,0*22
\s:66,c:1782377505*46\!AIVDM,1,1,,A,35NBsrP000J5>KH?p:7h001p0000,0*64
\s:66,c:1782377506*45\!AIVDM,1,1,,A,13bNed001APA9nVMJ56L8aiL0@KC,0*25
\s:66,c:1782377504*47\!AIVDM,1,1,,B,17mF?6@P01WaPT9tQEhdHgwF2@Js,0*22
\s:66,c:1782377502*41\!AIVDM,1,1,,B,B5O3pn000>`NM=5Th3CQ3wR5l000,0*37
\s:66,c:1782377495*4E\!AIVDM,1,1,,A,1776hq001v6gVw<3Uj=kRRi400Sd,0*03
\s:66,c:1782377236*41\!AIVDM,1,1,,A,3776hq001v6gRQf3Uk:STjjL0ECM,0*4E
\s:66,c:1782377505*46\!AIVDM,1,1,,A,402:p0Qvad`kdOinHrKsTEw0253<,0*33
\s:66,c:1782377505*46\!AIVDM,1,1,,A,1393WF00010n?33u@ub17BsJ0L13,0*7E
\g:1-2-5199088,s:66,c:1782377240*06\!AIVDM,2,1,8,B,5776hq80@=caI9Pc:2104<THT>0Pu8U`tr22221@BhQ;E5ej0NCFE448,0*11
\g:2-2-5199088*69\!AIVDM,2,2,8,B,888888888888880,2*2F
\s:66,c:1782377506*45\!AIVDM,1,1,,B,16:5OqPP1q8gtotA`qsq;PIJ2d3w,0*4B
\s:66,c:1782377502*41\!AIVDM,1,1,,B,B7liTG@0>j8oq7vj54s4owv60000,0*71
\s:66,c:1782377499*42\!AIVDM,1,1,,A,15NUa1P01LJddUVG@J3S:BK:0@FP,0*7F
\s:66,c:1782377502*41\!AIVDM,1,1,,B,B3?sGQP00OPnPF5Qn?02swm5l000,0*0E
\s:66,c:1782377503*40\!AIVDM,1,1,,A,33aJI9P0000JaKJNFbQ0001p0000,0*4D
\s:66,c:1782377500*43\!AIVDM,1,1,,B,18J@rN001e8=E3F8PmLi`19>0@Fl,0*57
\s:66,c:1782377505*46\!AIVDM,1,1,,B,16<v;e00008L0iT=wUIA5k?F00Sc,0*4F
\s:66,c:1782377499*42\!AIVDM,1,1,,A,D02R3FA6DO6Di0NfqGPg6D0,2*79
\s:66,c:1782377505*46\!AIVDM,1,1,,B,ENk`umLpt@@@@@@@@@@@@@@@@@@=5VMw8dJwh00003vP000,2*3F
\s:66,c:1782377501*42\!AIVDM,1,1,,A,13aDpDPP00PDRdlMdV5Gg?vvR53<,0*46
\s:66,c:1782377502*41\!AIVDM,1,1,,B,B5OIF:P3wk?8mP=18D3Q3wwQhhHA,0*14
\s:66,c:1782377507*44\!AIVDM,1,1,,B,13P<loC2PDNNCI`:JQaGL0mH00SH,0*02
\s:66,c:1782377508*4B\!AIVDM,1,1,,B,35NUa1P01LrddgVG@JE36jGN02uQ,0*7E
\s:66,c:1782377508*4B\!AIVDM,1,1,,A,13aJGIhP120FDb0Mw9=mVgwP0HLA,0*6A
\s:66,c:1782377508*4B\!AIVDM,1,1,,B,16:G4:00017if8>:?FlFdpoP0<3H,0*5B
\s:66,c:1782377508*4B\!AIVDM,1,1,,B,39NSi;Q0003u>eh>SimkiaeP0000,0*4B
\s:66,c:1782377503*40\!AIVDM,1,1,,A,B52cM`h00=fnleWAoHD<B0mQjDJr,0*68
\s:66,c:1782377503*40\!AIVDM,1,1,,A,B3cW>t006h>3n8VGCJA6kwmUkP06,0*5A
\s:66,c:1782377505*46\!AIVDM,1,1,,A,37ldsH@P00WKV<P0WHh>4?wH205S,0*0E
\s:66,c:1782377504*47\!AIVDM,1,1,,A,19NSA3P02371W2R2rFKL79gB0D0O,0*30
\s:66,c:1782377504*47\!AIVDM,1,1,,A,18I5H60w1Va>9BPC@jMQPA=F053<,0*6C
\s:66,c:1782377497*4C\!AIVDM,1,1,,A,E>l4Fpw4<dUK000000000000000DGwwc8vk2`10@8@j000,4*76
\s:66,c:1782377504*47\!AIVDM,1,1,,B,13oPE@00000Im8BSbsA;Aj3H0@J5,0*14
\g:1-2-5199089,s:66,c:1782377505*01\!AIVDM,2,1,9,B,5815RLl2D:qQKL7GOOPl4@DiTr0M84<F2222221@BHS8H1e<0MhC4SkH,0*15
\g:2-2-5199089*68\!AIVDM,2,2,9,B,1Sl`3lQ1DTp8880,2*27
\s:66,c:1782377504*47\!AIVDM,1,1,,B,14b3H>00001DKlgdVF;J<8mH0D1p,0*23
\s:66,c:1782377505*46\!AIVDM,1,1,,B,16:CJ60Oh08hDFPASa:TlkaF0hIq,0*5F
\g:1-2-5199090,s:66,c:1782377505*09\!AIVDM,2,1,0,B,59NSluH2>DfKDi5C<01`D4h0000000000000001I<HD0A=i`0@jCSSC0,0*3A
\g:2-2-5199090*60\!AIVDM,2,2,0,B,000000000000000,2*27
\s:66,c:1782377506*45\!AIVDM,1,1,,B,36:R?UPP1R`LKeh>0<HPB05H21t0,0*49
\s:66,c:1782377499*42\!AIVDM,1,1,,B,B39i@c00;hEODu`QGb<iWwm5kP06,0*4B
\s:66,c:1782377505*46\!AIVDM,1,1,,A,19NSRa000FOt<CdLQ3gbgJkH0@JG,0*0E
\s:66,c:1782377505*46\!AIVDM,1,1,,B,19NSdr002OMqVj0K:3H2vjEJ08Jm,0*6F
\s:66,c:1782377506*45\!AIVDM,1,1,,A,15?lWF002KSsMLr>eO1C?BaH08K<,0*07
\s:66,c:1782377506*45\!AIVDM,1,1,,A,17m@;c0P008FSukwDf4spwwD00SW,0*24
\s:66,c:1782377500*43\!AIVDM,1,1,,A,1Cgk7AgP00NEUshUnbrutOv20000,0*7D
\s:66,c:1782377500*43\!AIVDM,1,1,,B,3Cgk7AgP00NEUs2Unbo=j?vv002B,0*29
\s:66,c:1782377500*43\!AIVDM,1,1,,B,177R:J00003d<Ln>mD2JFHA@0pGJ,0*52
\s:66,c:1782377506*45\!AIVDM,1,1,,B,19NSEaP02b7DT7J1628KQI<p08KD,0*6B
\s:66,c:1782377504*47\!AIVDM,1,1,,A,15NRmaPOhvoV8l`BdpDlOkCJ053<,0*67
\s:66,c:1782377506*45\!AIVDM,1,1,,B,18HtKm3003SPu@6@=`Ht4qsL0@Jw,0*20
\s:66,c:1782377507*44\!AIVDM,1,1,,A,16:R6u0P?w<tSF0l4Q@>4?wv0T00,0*56
\s:66,c:1782377507*44\!AIVDM,1,1,,A,338jm80OiEPnE`lQ0Snb?pAN014h,0*26
\s:66,c:1782377503*40\!AIVDM,1,1,,A,17ld5=@P11`FelWwCGi3<wwD2HI`,0*4A
\s:66,c:1782377506*45\!AIVDM,1,1,,B,19NSGakP0:SPQft@>VEQ8wwJ2@Jk,0*7A
\s:66,c:1782377503*40\!AIVDM,1,1,,B,13m2o801h1JRPDhE6CNFqbwD053<,0*01
\s:66,c:1782377505*46\!AIVDM,1,1,,A,13mJ3P001aOP`k`K@rQWUV1J00SB,0*52
\s:66,c:1782377507*44\!AIVDM,1,1,,B,17lj=ikP007aIC1tPO@1bOwN0?9<,0*23
\s:66,c:1782377507*44\!AIVDM,1,1,,A,18I3KO0P@17K4MB0fd74ciWH08Kc,0*03
\s:66,c:1782377507*44\!AIVDM,1,1,,A,B3`h@R0008LCWRUm<6WBb`v00000,0*2C
\s:66,c:1782377508*4B\!AIVDM,1,1,,A,18I>jL0P0GWL9C80fd7ROwwP2HLI,0*07
\s:66,c:1782377506*45\!AIVDM,1,1,,A,19NSoJh003P;PrPGMJruJHCJ0<3w,0*50
\s:66,c:1782377504*47\!AIVDM,1,1,,A,18RI8C001rORdfmvHMjdU:=D0<05,0*1C
\s:66,c:1782377505*46\!AIVDM,1,1,,B,35E=m60OhFJCS9H5:DvTbhOH0PwA,0*48
\s:66,c:1782377507*44\!AIVDM,1,1,,A,39NSgP0v2q0fUrKkjbD3H2mJ00U1,0*14
\s:66,c:1782377504*47\!AIVDM,1,1,,B,17m@;@BP00`FV@gwDQ`v4?wF0HIh,0*27
\s:66,c:1782377502*41\!AIVDM,1,1,,B,16;BAn001i8jPU@CJ43=vh5B0D4g,0*46
\s:66,c:1782377506*45\!AIVDM,1,1,,B,B39F8sP008=N1u7giq@UAhG1jCab,0*17
\s:66,c:1782377507*44\!AIVDM,1,1,,A,17lcbs8P02WK1hh0WV;7kOwL2D=B,0*52
\s:66,c:1782377502*41\!AIVDM,1,1,,A,ENo6gqL1ShJIh@@@@@@@@@@@@@@=C56D2vKSP1088;v010,4*03
\s:66,c:1782377505*46\!AIVDM,1,1,,A,13cVT80P2=11FNhGDmE0??w60PSF,0*5D
\s:66,c:1782377502*41\!AIVDM,1,1,,A,16:Lek00008K6VPFAV:FrVI:053<,0*6A
\s:66,c:1782377506*45\!AIVDM,1,1,,B,13`lHO@P00PHewBNFtL7HgwJ2L3v,0*5A
\s:66,c:1782377505*46\!AIVDM,1,1,,A,16;OEj001W`lTUN@kjp0t@qH053<,0*59
\s:66,c:1782377505*46\!AIVDM,1,1,,B,13l3n<kvh0PBi5dMq=FW?i;H8L=M,0*74
\s:66,c:1782377504*47\!AIVDM,1,1,,B,B5O8PlP01uPkfSvUB@Fpkwm5l000,0*3C
\s:66,c:1782377505*46\!AIVDM,1,1,,A,13:ar>002aQOE8<OqO2SbjwH8U3<,0*7A
\s:66,c:1782377502*41\!AIVDM,1,1,,B,17ldhHPP008FcHIwC0b00?wD2HHm,0*22
\s:66,c:1782377504*47\!AIVDM,1,1,,B,16:;2D0P?w<tSF0l4Q@>4?wv0PSI,0*17
\s:66,c:1782377507*44\!AIVDM,1,1,,B,168updQP1B889gP=1MTSgwwL0D00,0*1E
\s:66,c:1782377507*44\!AIVDM,1,1,,B,14`UtG@01L7EJ0b128GsQaCN00Su,0*55
\s:66,c:1782377508*4B\!AIVDM,1,1,,A,16TT@`002C7E0@611ALDPSWN08LC,0*10
\s:66,c:1782377503*40\!AIVDM,1,1,,B,19N`3sh0iq7e<Bcwpt?o15UB053<,0*76
\s:66,c:1782377507*44\!AIVDM,1,1,,A,13ku;>001f0>oVDN=l5Q50sL0000,0*5A
\s:66,c:1782377508*4B\!AIVDM,1,1,,B,B8Ht6K000InnPIP;`sp03woTkP06,0*04
\s:66,c:1782377503*40\!AIVDM,1,1,,A,B39H?g000;:wpMMMBAd01Dv00000,0*61
\s:66,c:1782377499*42\!AIVDM,1,1,,A,13aFeq0P00PFI1HMvuPf4?w>R0RT,0*0F
\s:66,c:1782377504*47\!AIVDM,1,1,,B,39TH1d000012GwNDR072F3IJ04;k,0*1A
\s:66,c:1782377502*41\!AIVDM,1,1,,,18L:s401jW9`I4pBJ;faKoMB0000,0*28
\s:66,c:1782377505*46\!AIVDM,1,1,,B,144cncQP0R9K`@fHaK8Es9KF0<3b,0*28
\s:66,c:1782377506*45\!AIVDM,1,1,,A,19NSufh02N:0ic00oll<<9kH0L01,0*0C
\s:66,c:1782377499*42\!AIVDM,1,1,,A,19NSphP02V2INbOevtMRVj1B053<,0*0A
\s:66,c:1782377302*47\!AIVDM,1,1,,B,39NSphP02U2IIuieveH2NAvh0D;e,0*34
\s:66,c:1782377504*47\!AIVDM,1,1,,A,E>mWA7bb;I@@@@@@@@@@@@@@@@@ClRL85tw2`1088;v0000,2*00
\s:66,c:1782377503*40\!AIVDM,1,1,,A,15?dMwh01t2?IAlHI9:3NjkD0hIH,0*54
\s:66,c:1782377504*47\!AIVDM,1,1,,B,138p`>002ovOKaPL>7=3ARSF053<,0*68
\s:66,c:1782377501*42\!AIVDM,1,1,,B,15`IWf3P00s`Obj8Ff:p0?w>00SH,0*01
\s:66,c:1782377497*4C\!AIVDM,1,1,,,13lVVR50@0JV=uB5u3om4pa<053<,0*5A
\s:66,c:1782377505*46\!AIVDM,1,1,,A,B3P:ir@00?v?TK7@eFiu1TN00000,0*5C
\s:66,c:1782377500*43\!AIVDM,1,1,,A,HCgleF0PE10Tpr04fo;F2222220,2*35
\s:66,c:1782377500*43\!AIVDM,1,1,,B,HCgleF4NC9=B140ohjhPPP0H8110,0*69
\s:66,c:1782377497*4C\!AIVDM,1,1,,A,19NSuQh02B8j8?jCn8Do8Eg6053<,0*18
\s:66,c:1782377498*43\!AIVDM,1,1,,A,EhHPV`Q4:VbV2WI0000000000000J1s<BU@>h00003j000,4*5C
\s:66,c:1782377502*41\!AIVDM,1,1,,A,33uNmu000n0k8S>Qf5Qkh35p0000,0*73
\s:66,c:1782377505*46\!AIVDM,1,1,,A,1815=vh01p`ahU`>mg=pPng20<29,0*30
\s:66,c:1782377499*42\!AIVDM,1,1,,B,13fK`3W00LOMknbM521u2JQ>053<,0*34
\s:66,c:1782377506*45\!AIVDM,1,1,,B,13@peI80000hOcVQ1hsa17OH08Jt,0*3C
\s:66,c:1782377502*41\!AIVDM,1,1,,B,19NSuQh02B8j8?HCn7RW95g@08HE,0*10
\s:66,c:1782377499*42\!AIVDM,1,1,,B,138ag6002VPpFoLOB8OH6FO<0HG7,0*37
\s:66,c:1782377505*46\!AIVDM,1,1,,A,338ag6002U0pFh>OB7P`5VOp0000,0*4F
\s:66,c:1782377506*45\!AIVDM,1,1,,A,ENk`sD<IJh@@@@@@@@@@@@@@@@@=3CSN7vPM800003vP000,2*15
\s:66,c:1782377507*44\!AIVDM,1,1,,A,13@pk5@P210hg:jQ1@v;2gwL053<,0*3F
\s:66,c:1782377507*44\!AIVDM,1,1,,A,33uNmu000n0k8VpQf5OSjS5p0000,0*7C
\s:66,c:1782377502*41\!AIVDM,1,1,,A,33mq3p001M0k@MHPtC2ENl?p0000,0*66
\s:66,c:1782377505*46\!AIVDM,1,1,,B,15?dhwP01m7?`R@1RkeKTI?J00Sb,0*5C
\s:66,c:1782377500*43\!AIVDM,1,1,,B,152hoCPP00rqQ>HGgF:>4?w@20Rq,0*0C
\s:66,c:1782377505*46\!AIVDM,1,1,,A,13Ijli0000P0VaNLCmt=e8gF08J9,0*37
\s:66,c:1782377502*41\!AIVDM,1,1,,A,15MPN28000G?hAfKAM?clSkD0PRO,0*0A
\s:66,c:1782377502*41\!AIVDM,1,1,,A,35MPN28000G?hAhKAM?cmSkp0000,0*4E
\s:66,c:1782377507*44\!AIVDM,1,1,,A,ENjRJGN97QUh@@@@@@@@@@@@@@@?QW6kBNjH81088;v0100,2*49
\s:66,c:1782377508*4B\!AIVDM,1,1,,B,13aDqohP0:PCo<FMEjh`9gwJ2HL9,0*2E
\s:66,c:1782377507*44\!AIVDM,1,1,,A,1815Kc001p7VcbF2ctd82nOL0<0U,0*2B
\s:66,c:1782377508*4B\!AIVDM,1,1,,B,19NSEhP00L2oDR5uUDS@C85L0D1;,0*74
\s:66,c:1782377504*47\!AIVDM,1,1,,A,1;28T>0000OGws`H:P=003cB00R`,0*1F
\s:66,c:1782377503*40\!AIVDM,1,1,,B,H6:cvJ11E@4TP4pMUDs33800000,2*6A
\s:66,c:1782377503*40\!AIVDM,1,1,,A,H6:cvJ561G3Cifh00000000hr670,0*74
\s:66,c:1782377504*47\!AIVDM,1,1,,B,19NSpK002?7DTuF12`wTTScF053<,0*7A
\s:66,c:1782377505*46\!AIVDM,1,1,,B,16;=5iPP008fLDhA;tOSlgwH053<,0*6A
\s:66,c:1782377505*46\!AIVDM,1,1,,A,73VA7j1RMpD`,0*12
\s:66,c:1782377501*42\!AIVDM,1,1,,B,13`lPl0P010EkAPNDumdsww:0D05,0*37
\s:66,c:1782377505*46\!AIVDM,1,1,,A,16:Lbc001O8gnM@Ajr1StSIH08JS,0*18
\s:66,c:1782377506*45\!AIVDM,1,1,,A,13aOBD0P0vPDAGlMdpVBNwwJ28Jn,0*33
\s:66,c:1782377502*41\!AIVDM,1,1,,,13e8E:01jqsK1@J<`vj91o=D0000,0*00
\s:66,c:1782377506*45\!AIVDM,1,1,,B,B8HuCQ0001nhvf0;5WL03wo4kP06,0*50
\g:1-2-5199091,s:66,c:1782377506*0B\!AIVDM,2,1,1,A,8@2R5Ph0GhErUQacMo:;gwvlFR06EuOwQIuiwnSwe7wvlOwwsAwwnSBO,0*57
\g:2-2-5199091*61\!AIVDM,2,2,1,A,wvwt,0*15
\s:66,c:1782377504*47\!AIVDM,1,1,,A,B3l9?2P008K=Cw5J6BCQ3wmQnE<:,0*69
\s:66,c:1782377500*43\!AIVDM,1,1,,B,BEO2mP000wO?MoUPkvEMwwmUl000,0*03
\s:66,c:1782377504*47\!AIVDM,1,1,,A,13L?FHPt1?1QuhVRPd9UcTL00000,0*19
\s:66,c:1782377499*42\!AIVDM,1,1,,A,13Eg2jP01LwWDM2D`Lk6fmS808G;,0*79
\s:66,c:1782377504*47\!AIVDM,1,1,,B,18I1Q>0wAg89mtt8<P18GniF00Sk,0*55
\s:66,c:1782377504*47\!AIVDM,1,1,,B,16:C9i00048g;FRA>kJttbgD20Rd,0*54
\s:66,c:1782377507*44\!AIVDM,1,1,,A,H4b2M`1`PtpLMDu<QDT@T4pc3T0,2*09
\s:66,c:1782377507*44\!AIVDM,1,1,,B,H4b2M`4Q0000000FkBBn00000000,0*32
\s:66,c:1782377504*47\!AIVDM,1,1,,B,13ATJR0022IW26`@Jor5llgF0D1t,0*62
\s:66,c:1782377506*45\!AIVDM,1,1,,A,17ldLMhP01`FSFqwBim4OwwL2<2f,0*0E
\s:66,c:1782377506*45\!AIVDM,1,1,,B,19N`3U@02eP3Tc<FfWEqlWld00S5,0*3C
\s:66,c:1782377504*47\!AIVDM,1,1,,A,15TQ1400QRV83t63FDS:E`GB08IT,0*53
\s:66,c:1782377504*47\!AIVDM,1,1,,B,13GPhM0P00P9rKfGass>4?wF28Ij,0*48
\s:66,c:1782377501*42\!AIVDM,1,1,,A,402M56Avad`kW2>3>B`?lbgP20S:,0*7E
\s:66,c:1782377504*47\!AIVDM,1,1,,B,18SK7Ahv027b1Ip5tRq9U0aD08JU,0*0F
\s:66,c:1782377506*45\!AIVDM,1,1,,,13e8E:0vjssK1;8<`v@8tG=L0000,0*02
\s:66,c:1782377503*40\!AIVDM,1,1,,A,13aDCF@P1QPHpe:McqmpcgwFR@If,0*09
\s:66,c:1782377502*41\!AIVDM,1,1,,B,15NH7eP000o@7>HE`v<v45IH2D1A,0*64
\s:66,c:1782377502*41\!AIVDM,1,1,,B,13aQe7@02F0W=n6Np?ll0C=N0@Hk,0*11
\s:66,c:1782377502*41\!AIVDM,1,1,,A,15Qn?H001ISd>Fh?WaETLkID28I2,0*76
\s:66,c:1782377500*43\!AIVDM,1,1,,B,170dWB0Oh=SQ@ej@=OJ5gmC@2L8K,0*4C
\s:66,c:1782377500*43\!AIVDM,1,1,,B,142O1e0031Pn4gBG3fHshqM>0<1b,0*38
\s:66,c:1782377506*45\!AIVDM,1,1,,A,19NSHfP11ePI84jESHp3HjgF0<3u,0*03
\s:66,c:1782377506*45\!AIVDM,1,1,,B,16K2JBh021awd1vD44t0HhF`0HK=,0*35
\s:66,c:1782377500*43\!AIVDM,1,1,,A,HCgmUV0`4LLE:0U>oC<00000000,2*76
\s:66,c:1782377500*43\!AIVDM,1,1,,A,HCgmUV4N3?=>1F0okkp0000@5110,0*4C
\s:66,c:1782377502*41\!AIVDM,1,1,,A,B3`g19@0986kVI7V?FEd9Fv00000,0*6B
\s:66,c:1782377500*43\!AIVDM,1,1,,A,13EfvW7008OOi<>KES>8GE7B0HGb,0*33
\s:66,c:1782377502*41\!AIVDM,1,1,,B,B7lj<1@06b5a9awlq6D1Kwl2THHa,0*0D
\s:66,c:1782377500*43\!AIVDM,1,1,,B,BCgmUV00BWU@L6aOkK1ocwj2s000,0*08
\s:66,c:1782377505*46\!AIVDM,1,1,,A,16:=>I001Q`MpE0F;PN;UI9H08Iu,0*18
\s:66,c:1782377502*41\!AIVDM,1,1,,A,13aB:DPP0rPIEQhMdNQB;?wD2D18,0*62
\s:66,c:1782377503*40\!AIVDM,1,1,,A,38;GjN001O8V8;`8IFw83VKD00c3,0*44
\s:66,c:1782377505*46\!AIVDM,1,1,,A,33S00v0P001;>4>Hq7lf4?wH201k,0*35
\s:66,c:1782377505*46\!AIVDM,1,1,,A,13aL>ahP000FL3nMv0JN4?wJ2<1s,0*7C
\g:1-2-5199092,s:66,c:1782377507*09\!AIVDM,2,1,2,A,59NSP;82>D>L7PTK<00m<>0Dl@Dr0TTT00000016DHg<B5kE0E0kQ30h,0*53
\g:2-2-5199092*62\!AIVDM,2,2,2,A,000000000000000,2*26
\s:66,c:1782377507*44\!AIVDM,1,1,,B,38TBhV0PB97b7rP5nqqEoDeN00pA,0*72
\s:66,c:1782377507*44\!AIVDM,1,1,,A,170CF63wh1SldHp>Q40;DCUL0L5c,0*39
\s:66,c:1782377507*44\!AIVDM,1,1,,A,13ku<6@0jl;kr9fJV;ek62OP053<,0*03
\s:66,c:1782377508*4B\!AIVDM,1,1,,B,13`kE<0P0G0Cer6MdHvK9wwN0<;W,0*5B
\s:66,c:1782377504*47\!AIVDM,1,1,,A,H4hOec0lU<<PTEHuE<000000000,2*45
\s:66,c:1782377504*47\!AIVDM,1,1,,A,H4hOec400000000J7Cik00000660,0*73
\s:66,c:1782377507*44\!AIVDM,1,1,,B,13e`Gt001v86Dh29c@mGSn=N00Sj,0*01
\s:66,c:1782377508*4B\!AIVDM,1,1,,B,19N`2g@u@GQD84udWQ02g1kP2@L;,0*00
\s:66,c:1782377503*40\!AIVDM,1,1,,A,H34Ka<TTCBD9f@F?Bqokp01H031t,0*14
\s:66,c:1782377508*4B\!AIVDM,1,1,,B,1815AO001LrQwv>FK0DDF3MJ00Rr,0*28
\s:66,c:1782377501*42\!AIVDM,1,1,,B,B52erB@006C=CGT>ON?Q3wl1h000,0*7D
\s:66,c:1782377503*40\!AIVDM,1,1,,A,15?da4001K8jC?8@w2Aoin1B0HIC,0*6D
\s:66,c:1782377502*41\!AIVDM,1,1,,B,14`Uw7h1QFqW2<r@Vh3QJQ740@Hq,0*0C
\s:66,c:1782377498*43\!AIVDM,1,1,,B,H3MB<nPhTiV0`4lE>2222222220,2*23
\s:66,c:1782376784*4C\!AIVDM,1,1,,B,H5O4G:0EPPT8U@TtpU<l0000000,2*35
\s:66,c:1782377501*42\!AIVDM,1,1,,B,H5O4G:4TFC@0000G4<klli2P2230,0*57
\s:66,c:1782377505*46\!AIVDM,1,1,,B,33MCiKh62IP:1=8N3uEC52W200U0,0*7B
\s:66,c:1782377506*45\!AIVDM,1,1,,B,16=q?<0P005ePjb3vfTruwwJ08K5,0*49
\s:66,c:1782377504*47\!AIVDM,1,1,,A,14SGQJ0v@>J@anB2f4O:f33D0@Im,0*30
\s:66,c:1782377504*47\!AIVDM,1,1,,A,19NSoDPvRL`lSklAHS>I;W=@00S1,0*26
\s:66,c:1782377500*43\!AIVDM,1,1,,B,ECgnF?O360Uh@@@@@@@@@@@@@@@?;iP:BrtS01088;v0100,2*3B
\s:66,c:1782377501*42\!AIVDM,1,1,,B,16K3v6P0009jLKDD3Bo7uTQ:0<2;,0*48
\s:66,c:1782377501*42\!AIVDM,1,1,,B,H5ODM`4U7B=4000G4@opln0`8230,0*24
\s:66,c:1782377502*41\!AIVDM,1,1,,B,B3He4vP0=7t7M:6l:7RnNCE5h000,0*2B
\s:66,c:1782377505*46\!AIVDM,1,1,,A,33KLecP0001jFNfRKIF@07Ip0000,0*1A
\s:66,c:1782377501*42\!AIVDM,1,1,,B,19NSfNkP023OpJ8@?P>f4?wB2004,0*10
\s:66,c:1782377506*45\!AIVDM,1,1,,B,15CAkV0P@hrB;AJ5G@Ml2S5N2<57,0*53
\s:66,c:1782377505*46\!AIVDM,1,1,,A,36:4Qw001C8k7ALAV0C020;H05S3,0*50
\s:66,c:1782377504*47\!AIVDM,1,1,,B,19NSql@01j0qu7PIoe6d0qcF0L5;,0*52
\s:66,c:1782377504*47\!AIVDM,1,1,,B,19NSR8P007`lSNBASNu`5l1T00Rs,0*3A
\s:66,c:1782377500*43\!AIVDM,1,1,,B,14pWHipP00s1A8L:SFIf4?w>253<,0*3B
\s:66,c:1782377507*44\!AIVDM,1,1,,B,19Hl>KP01r1pN=8Ft8S8sW5L0hKc,0*19
\g:1-2-5199093,s:66,c:1782377507*08\!AIVDM,2,1,3,B,55?dQil2@T9O<G;KGJ0Hh4lTpLv3622222222216BPPD:5`j0J6ACAC`,0*05
\g:2-2-5199093*63\!AIVDM,2,2,3,B,888888888888880,2*24
\s:66,c:1782377503*40\!AIVDM,1,1,,B,H5OB<N4TB4C0000G4@00001p0320,0*01
\s:66,c:1782377507*44\!AIVDM,1,1,,A,16:>D<P01c8O37pF<l=knk9P0<<L,0*3C
\s:66,c:1782377503*40\!AIVDM,1,1,,B,H52mfo@98tdF1:09V08t5@00000,2*76
\s:66,c:1782377503*40\!AIVDM,1,1,,A,H52mfoD0000000000000000H5200,0*06
\s:66,c:1782377501*42\!AIVDM,1,1,,A,13cdlB0P0HPwQTBCeJ`bhgwB253<,0*29
\s:66,c:1782377504*47\!AIVDM,1,1,,B,17m3v`@P2M7L;Kn0jWrL>?wB053<,0*6C
\s:66,c:1782377504*47\!AIVDM,1,1,,B,4h2UMw1uJl`kfQwvQLGLA9WP0hIr,0*71
\s:66,c:1782377502*41\!AIVDM,1,1,,A,152Nfr002E0k>dlO?lasVaE@0@HN,0*1A
\s:66,c:1782377503*40\!AIVDM,1,1,,B,B69;chPD027ISnUUTJT03wmUSP06,0*0E
\s:66,c:1782377501*42\!AIVDM,1,1,,A,17tKfL0P007?b7J1c2pVVwwB08H5,0*65
\s:66,c:1782377499*42\!AIVDM,1,1,,B,16:=tLU00u`e2aPA8Ek7gV?<2?<W,0*0F
\g:1-2-5199094,s:66,c:1782377506*0E\!AIVDM,2,1,4,A,8>l4veAW@KpNGIM<F`qN8gQqw9liJ=ql:l8M<n4KiALfV;1PiU:c@Qlp,0*2F
\g:2-2-5199094*64\!AIVDM,2,2,4,A,Li;W<oJ4>VC1PhH@rtTAR?fV2qc3cP,4*36
\s:66,c:1782377504*47\!AIVDM,1,1,,A,18LD`:00057J5pH0e8M@:DUH08IK,0*01
\s:66,c:1782377506*45\!AIVDM,1,1,,A,13aGEMDP05PBWrfMflwv4?wL20Rt,0*18
\s:66,c:1782377504*47\!AIVDM,1,1,,A,D02:or@c`Nfq6DO6D0,4*26
\s:66,c:1782377501*42\!AIVDM,1,1,,B,14Qtp`000r07GrdMARk8v77>0@Fo,0*1D
\s:66,c:1782377506*45\!AIVDM,1,1,,B,17m3vVgP4?7J:dp0efE17ww42d3w,0*64
\s:66,c:1782377505*46\!AIVDM,1,1,,A,402E:s1wB1i000E286N0gbo000S:,0*44
\s:66,c:1782377505*46\!AIVDM,1,1,,B,33caBF0P4@11G6LGFi:72?wF00WA,0*45
\s:66,c:1782377505*46\!AIVDM,1,1,,B,14Rsh4001vq?hnp@5Oio35UL0@Jo,0*54
\s:66,c:1782377507*44\!AIVDM,1,1,,A,19NSFC002cON<MavMn1<WJ7H053<,0*46
\s:66,c:1782377505*46\!AIVDM,1,1,,B,19NSr300iROgTDbDgRgr8pEJ0L1S,0*2D
\s:66,c:1782377501*42\!AIVDM,1,1,,A,33m8VgP0001G3@RWpBQP001p0000,0*50
\s:66,c:1782377499*42\!AIVDM,1,1,,A,33F6AD0000Nm`nD@BWsFgPMp0000,0*50
\s:66,c:1782377508*4B\!AIVDM,1,1,,B,16:KmPP02E8gMJ<AI8C8v79J053<,0*6E
\s:66,c:1782377506*45\!AIVDM,1,1,,A,15Mh3kP000r:cn<AI=:d>psJ0000,0*5A
\s:66,c:1782377507*44\!AIVDM,1,1,,B,18I78=001V8kf=DA39e8:nMJ08Kq,0*0B
\s:66,c:1782377505*46\!AIVDM,1,1,,,13lVVR50@0JV=u<5u3oU4paL053<,0*6C
\s:66,c:1782377504*47\!AIVDM,1,1,,A,1815FKP01b0rNarOG4Er3GqH0<2q,0*03
\s:66,c:1782377507*44\!AIVDM,1,1,,A,13ku:C@wRpMfieNCabiqpWqH0@Kc,0*21
\g:1-2-5199095,s:66,c:1782377298*0F\!AIVDM,2,1,5,A,59NSph`2HOpoDiHkB20h4dF1HThh58T<622222164JTAE5kd0HADhAl?,0*3B
\g:2-2-5199095*65\!AIVDM,2,2,5,A,TiljC`888888880,2*39
\s:66,c:1782377506*45\!AIVDM,1,1,,B,19NSMc30@5P:UrtM`StG:Si80l60,0*7E
\s:66,c:1782377501*42\!AIVDM,1,1,,A,H52cL3h<P58huA@F04pr2222220,2*12
\s:66,c:1782377504*47\!AIVDM,1,1,,B,H52cL3lT1=3000000000001`2050,0*17
\s:66,c:1782377500*43\!AIVDM,1,1,,B,3566nH030?3Q>vn@<8?5Drs@00u0,0*43
\s:66,c:1782377504*47\!AIVDM,1,1,,A,3566nH040;3Q>w4@<8>5B:sF00ui,0*08
\s:66,c:1782377506*45\!AIVDM,1,1,,,16K2g@U0009jU6<D3nAK8@SH0000,0*27
\s:66,c:1782377507*44\!AIVDM,1,1,,B,13cqAI0vjnPgDI4Q54i3RRmN8D4U,0*45
\s:66,c:1782377502*41\!AIVDM,1,1,,B,18LPB@00267cBnV:h1=uTrjd0L<N,0*15
\s:66,c:1782377507*44\!AIVDM,1,1,,A,139ph80000PejQTN`:mf48oN0@Kv,0*18
\s:66,c:1782377508*4B\!AIVDM,1,1,,A,16:B0=P01W8fu<4A3B>RPB=p00Sl,0*4D
\s:66,c:1782377507*44\!AIVDM,1,1,,,18L:s40v2V9`HuDBJ;BqLGML0000,0*57
\s:66,c:1782377507*44\!AIVDM,1,1,,A,B6:eQFh00:22i8S@Ctg4Gwo42000,0*07
\s:66,c:1782377506*45\!AIVDM,1,1,,A,177nQt@P0;8:mwl<lur1iwwJ053<,0*7C
\s:66,c:1782377502*41\!AIVDM,1,1,,A,33Ge7F?P0I09a8@MNvGPS?wB0P1S,0*4A
\s:66,c:1782377504*47\!AIVDM,1,1,,A,13aJIEhP000Bf0pMfLAN4?wH08Il,0*1E
\s:66,c:1782377504*47\!AIVDM,1,1,,B,36Tu>B5000`V;WpDVC6d3IcF2Der,0*6F
\s:66,c:1782377505*46\!AIVDM,1,1,,A,13d74=0000P`mQ4IJHSB3kiF053<,0*61
\s:66,c:1782377504*47\!AIVDM,1,1,,A,13P=2fhPCi08O4VMEo94L3SH00S@,0*37
\s:66,c:1782377506*45\!AIVDM,1,1,,A,33c:JT000GP@r=BMKWWV=iMJ20uP,0*2F
\s:66,c:1782377505*46\!AIVDM,1,1,,A,16:C:N001F8fdw@A7UiSj4QF0E51,0*77
\s:66,c:1782377502*41\!AIVDM,1,1,,A,33=2WC`00012TVlDOTAFJ59p0000,0*6E
\s:66,c:1782377503*40\!AIVDM,1,1,,A,B7OhpnP0@h1w6W5Ten`<dDE5CP06,0*76
\s:66,c:1782377504*47\!AIVDM,1,1,,A,19WJJN0P02NiOFN8Eol3P?wD0@IV,0*4B
\s:66,c:1782377502*41\!AIVDM,1,1,,A,13aLkl?P00PFC<DMwJV00?wD20TC,0*73
\s:66,c:1782377502*41\!AIVDM,1,1,,B,1:U787P000L5@2?v`BU`14uB0<0B,0*3A
\s:66,c:1782377503*40\!AIVDM,1,1,,A,16K34w@0019jSB2D3BE<U`MD20Rs,0*48
\s:66,c:1782377503*40\!AIVDM,1,1,,A,B42O0g0000Pbqo5A6uPfpUv00000,0*34
\s:66,c:1782377503*40\!AIVDM,1,1,,B,13ca@j0P001>Sv0G9Nbv4?w<053<,0*1B
\s:66,c:1782377502*41\!AIVDM,1,1,,B,13aJII@P01PDIBtMd2i::OwD28H`,0*5A
\s:66,c:1782377505*46\!AIVDM,1,1,,B,13cvJC01@l`WN2bDVR@:vHi:0@Ja,0*33
\s:66,c:1782377507*44\!AIVDM,1,1,,B,13Fud<000O05UNHGPl6Q>AAP0L5e,0*3B
\s:66,c:1782377504*47\!AIVDM,1,1,,A,B52hK?@006fHJQ5skvBj4VmQjCb:,0*60
\s:66,c:1782377506*45\!AIVDM,1,1,,B,19NSq5h01`NLKM695W=Q;0mN08K>,0*2D
\s:66,c:1782377504*47\!AIVDM,1,1,,A,13P:Wt@000G<J;nL<I@Jvl?J0l2d,0*2F
\s:66,c:1782377502*41\!AIVDM,1,1,,A,13`u72hP00P@E`DMJ?6v4?w@20S>,0*56
\s:66,c:1782377504*47\!AIVDM,1,1,,A,17ldhjhP00WhQECtI2KbPOwF0<0O,0*01
\s:66,c:1782377504*47\!AIVDM,1,1,,A,39NSh7i2P2`i<mjAntD5SQOF0Dg:,0*6D
\s:66,c:1782377504*47\!AIVDM,1,1,,A,34eGLs@000FcAorO4>sh2P3p0000,0*4A
\s:66,c:1782377504*47\!AIVDM,1,1,,A,D02IPD@flffp,0*07
\s:66,c:1782377504*47\!AIVDM,1,1,,A,402IPDAvad`kdvuL<tTnNo700D0`,0*2F
\s:66,c:1782377502*41\!AIVDM,1,1,,,13K8V>0wRelq>wrIcLeD:CCB053<,0*1D
\s:66,c:1782377506*45\!AIVDM,1,1,,B,13aL>A@P00PI1EtNBGIAt?wJ2D4o,0*64
\s:66,c:1782377502*41\!AIVDM,1,1,,A,B7mRMT000:5bgFOlLCE3;wlRT53<,0*4F
\s:66,c:1782377503*40\!AIVDM,1,1,,A,13gcRN8000vrJ`:Thq5WsbgH0D0K,0*3E
\s:66,c:1782377503*40\!AIVDM,1,1,,B,17tCge5P?w<tSF0l4Q@>4?wv0U3<,0*41
\s:66,c:1782377507*44\!AIVDM,1,1,,B,16:875PP@38dqcnAsV6ppF;F0@KC,0*60
\s:66,c:1782377505*46\!AIVDM,1,1,,A,15Ng=6002f7PSvf182Ah<h=H053<,0*49
\s:66,c:1782377507*44\!AIVDM,1,1,,A,13aEOU@P1GPBsgnMeo`JtgwN2D<9,0*20
\s:66,c:1782377508*4B\!AIVDM,1,1,,A,15@`4mP0248cqrpDEW?R>QiN0DFs,0*27
\s:66,c:1782377508*4B\!AIVDM,1,1,,B,19NSk6PwR07PiP@14EHAK1AL053<,0*02
\s:66,c:1782377504*47\!AIVDM,1,1,,B,1:1UAp004BPI`BbHLft=5bS@0L7;,0*4B
\s:66,c:1782377504*47\!AIVDM,1,1,,A,B3mJa50000?OEQ9g9WcQ3wmUkP06,0*03
\s:66,c:1782377500*43\!AIVDM,1,1,,B,160ri0001G3QnO@@42C6qEW@28Gw,0*66
\s:66,c:1782377504*47\!AIVDM,1,1,,A,1k`vMR70000Oef`NPMe<ABl1uwww,0*38
\g:1-2-5199096,s:66,c:1782377506*0C\!AIVDM,2,1,6,B,55?dfT80?vodPt7CS;H<51@4Tr104p4LU>222216F8FF:5bd0QiAp44i,0*5F
\g:2-2-5199096*66\!AIVDM,2,2,6,B,888888888888880,2*21
\s:66,c:1782377506*45\!AIVDM,1,1,,B,33Ed8l5000Oj<ijHjJLv44SL0DRr,0*56
\s:66,c:1782377504*47\!AIVDM,1,1,,A,K3lBIT006ESjo62t,0*38
\s:66,c:1782377504*47\!AIVDM,1,1,,B,B8;<Ce007::7IkR49o>nown1oP04,0*40
\s:66,c:1782377502*41\!AIVDM,1,1,,B,26KIeT1002air<HCuf49=l7<0L4D,0*14
\s:66,c:1782377505*46\!AIVDM,1,1,,B,13m8>f00000IsVVSbHLkdQOH0D1<,0*35
\s:66,c:1782377498*43\!AIVDM,1,1,,A,13ceGc7P0I148M6D3NMqiww>0D01,0*79
\s:66,c:1782377506*45\!AIVDM,1,1,,B,13aEPA@P1TPNfI`MKbieR?wL2<2:,0*0E
\s:66,c:1782377497*4C\!AIVDM,1,1,,A,16:5q@001;`h7;hARt3=KJu82@ER,0*39
\s:66,c:1782377504*47\!AIVDM,1,1,,B,169Cb68P008fll@A2bSU:?wF0@Ip,0*10
\s:66,c:1782377503*40\!AIVDM,1,1,,A,B3d3dl00Bh5F1g6<Kwpv7wm1hD2:,0*0F
\s:66,c:1782377507*44\!AIVDM,1,1,,B,13Vb`V0P001cqjtEf<l4R0?H0<3m,0*78
\s:66,c:1782377503*40\!AIVDM,1,1,,B,17tChQ@P007Iw>@0j2A5`wwB083D,0*0B
\s:66,c:1782377507*44\!AIVDM,1,1,,B,13m@oJP01T`lnnRA?BLs8`aJ0000,0*04
\s:66,c:1782377500*43\!AIVDM,1,1,,B,1815?E@00=wK5i@JreWTVhc<08Gj,0*15
\s:66,c:1782377504*47\!AIVDM,1,1,,A,15Mf<50000o?@wLKFC>;VaCH0000,0*5C
\s:66,c:1782377506*45\!AIVDM,1,1,,A,13ku9g000p0g4>hO;Uqpq6mN053<,0*5F
\s:66,c:1782377504*47\!AIVDM,1,1,,B,36:V`C?P15`dA=:Aub1Rlwwp0000,0*6F
\s:66,c:1782377507*44\!AIVDM,1,1,,B,18I4dF0uATTvEM><uFIsA8u:0<25,0*3F
\s:66,c:1782377502*41\!AIVDM,1,1,,A,16:FrPP01=`NW=@FG@B9fomD28Ho,0*20
\s:66,c:1782377505*46\!AIVDM,1,1,,A,148bb>001FP5@H:Lf@UrS8AH053<,0*20
\s:66,c:1782377507*44\!AIVDM,1,1,,B,15?dQk001kNK7Kb93Kc@n0aN08KR,0*03
\s:66,c:1782377504*47\!AIVDM,1,1,,A,139qjfP0000eVkpN`pmT2p1J0@J3,0*4F
\s:66,c:1782377505*46\!AIVDM,1,1,,A,13cVl90P00Q1BiVGGJ><c?wH08JR,0*02
\g:1-2-5199097,s:66,c:1782377502*09\!AIVDM,2,1,7,A,53MB7Jp2Fp2`lTiCH00P4q<tr1@P4lE<0000000Q2QC4<5dWN<10M=d0,0*2D
\g:2-2-5199097*67\!AIVDM,2,2,7,A,000000000000000,2*23
\s:66,c:1782377504*47\!AIVDM,1,1,,B,3815Ls5000<FWosW339obScD0Djb,0*4A
\s:66,c:1782377504*47\!AIVDM,1,1,,A,15N5>R0000rhw4LGSo7Ii4oJ0000,0*5D
\s:66,c:1782377502*41\!AIVDM,1,1,,B,B3Ie;IP0006isj6:J@WQ3wlQh000,0*0D
\s:66,c:1782377502*41\!AIVDM,1,1,,A,13832R001L`psGlCiqb>1P1@0<<P,0*0D
\s:66,c:1782377501*42\!AIVDM,1,1,,A,B52d3N@00=oSW44q0KL3h3N00000,0*3C
\s:66,c:1782377504*47\!AIVDM,1,1,,B,13P=Qw02iwrBR2p?4kKPqhwF0D7k,0*2B
\s:66,c:1782377505*46\!AIVDM,1,1,,B,13P>MIP05<OqkDhM6MpL79gH0<2D,0*0C
\s:66,c:1782377505*46\!AIVDM,1,1,,B,152msnhP00GRSLNCBwbmt?wH253<,0*1A
\s:66,c:1782377505*46\!AIVDM,1,1,,A,15NOtR3008J:H?bAGOwhMhUF0000,0*0B
\s:66,c:1782377506*45\!AIVDM,1,1,,B,B3S`el0008BkGR6>B;HDwwnUoP06,0*25
\s:66,c:1782377507*44\!AIVDM,1,1,,A,13aENu@000PBGpfMfiF6epCLP<5O,0*36
\s:66,c:1782377504*47\!AIVDM,1,1,,B,13aN`c@P00PEmV`NCGCv4?wH2HIw,0*5A
\s:66,c:1782377503*40\!AIVDM,1,1,,B,1815BP@00mOWo:HDWh1:W`MH053<,0*5A
\s:66,c:1782377505*46\!AIVDM,1,1,,A,17ldTF@P00WJhp60gnn;agwH28JU,0*59
\s:66,c:1782377502*41\!AIVDM,1,1,,B,15?:St001Q8LTTFFAeVs28kD0<<O,0*4C
\s:66,c:1782377506*45\!AIVDM,1,1,,A,B6:bst@0029hNT4TfMh1dI>TSP00,0*62
\s:66,c:1782377502*41\!AIVDM,1,1,,A,403sl61uJl`ka`03Qv<EngG000S:,0*1A
\s:66,c:1782377503*40\!AIVDM,1,1,,B,E>k`uCd9ch@@@@@@@@@@@@@@@@@=Ld7a;owCP00003vP100,2*20
\s:66,c:1782377507*44\!AIVDM,1,1,,A,16:59tP01=8hR3hAK0v3v2uL0Eb=,0*7E
\s:66,c:1782377507*44\!AIVDM,1,1,,B,3696dGPOi88gewPAhAW3OBQL00p1,0*02
\s:66,c:1782377503*40\!AIVDM,1,1,,B,139i=o5PA5PfQNnO6eao=EgF0<3q,0*76
\s:66,c:1782377504*47\!AIVDM,1,1,,A,13m4p2001a0m4utEDg8KaICH0hIv,0*56
\s:66,c:1782377505*46\!AIVDM,1,1,,B,177gtL001c8LIND>00?81FGF0HJB,0*11
\s:66,c:1782377505*46\!AIVDM,1,1,,B,1:5d>j0P00S5vTEqC`Ltc?wJ253<,0*49
\s:66,c:1782377501*42\!AIVDM,1,1,,A,13@nob`Oh0PU<u`P2kSh0?w>J@GG,0*22
\s:66,c:1782377505*46\!AIVDM,1,1,,B,839f8r0j2d=LL<NN<0LhN@Mm7P00,0*57
\s:66,c:1782377499*42\!AIVDM,1,1,,A,14Sc7D001ePlfo<Ei@;E>T98053<,0*4E
\s:66,c:1782377506*45\!AIVDM,1,1,,B,19NSE6h0233Vw>;qkb5RQj?J0<02,0*52
\s:66,c:1782377506*45\!AIVDM,1,1,,B,B8Hvv1009Qo057P;mcPoKwnTkP06,0*72
\s:66,c:1782377507*44\!AIVDM,1,1,,A,18JMVv002SWADdT1GNr5;47600S<,0*15
\g:1-2-5199098,s:66,c:1782377503*07\!AIVDM,2,1,8,B,539f8r400000@OGCK00e8U=@Tr2200000000001S0hA33t0000i1B0CH,0*34
\g:2-2-5199098*68\!AIVDM,2,2,8,B,88888888888880P,2*47
\s:66,c:1782377502*41\!AIVDM,1,1,,B,13e`WT001bwStaNNrm`56D5<08GP,0*6D
\s:66,c:1782377498*43\!AIVDM,1,1,,B,18;0fd01@0``8J68DlsMJB=:2HF6,0*3B
\s:66,c:1782377504*47\!AIVDM,1,1,,B,B8Sjcv@00IrM77QP?IIpowl6SP06,0*4C
\s:66,c:1782377502*41\!AIVDM,1,1,,A,13m<E97P0;0h:StQd@q<AwwB08Hm,0*36
\s:66,c:1782377501*42\!AIVDM,1,1,,A,13m=7H00000Is=>SbIa:2pK@053<,0*62
\s:66,c:1782377505*46\!AIVDM,1,1,,,13lCH4000rK1HSP:QuHdK:;H053<,0*7F
\s:66,c:1782377506*45\!AIVDM,1,1,,A,16:6R>P00g`gERPAg;eU7CSJ28Jl,0*5A
\g:1-2-5199099,s:66,c:1782377506*03\!AIVDM,2,1,9,A,53aKPr820dM10UMP001`DDlDEEN200000000001J2p0055a;03mS2Dlj,0*63
\g:2-2-5199099*69\!AIVDM,2,2,9,A,CQiC`8888800000,2*4D
\s:66,c:1782377502*41\!AIVDM,1,1,,A,D02IPChflffp,0*28
\s:66,c:1782377504*47\!AIVDM,1,1,,B,35?d`2@02:7MSLb0g24ji2?F01?@,0*32
\s:66,c:1782377505*46\!AIVDM,1,1,,B,13cpbE0000Pg:ChHsADP08uF0L5G,0*6E
\s:66,c:1782377505*46\!AIVDM,1,1,,A,13LBbkP00u1SSQ>RAvM7Jmr00000,0*22
\s:66,c:1782377503*40\!AIVDM,1,1,,B,15O:=pP000JdsHBG@HFqVHAD00Sl,0*72
\s:66,c:1782377503*40\!AIVDM,1,1,,A,H3tkEP4U00000000000000000000,0*36
\s:66,c:1782377502*41\!AIVDM,1,1,,A,D02Pe<PflTfpd`l9H0,4*5C
\s:66,c:1782377506*45\!AIVDM,1,1,,B,16:IReP01M8gAlhA4aP2D21H00SF,0*0C
\s:66,c:1782377507*44\!AIVDM,1,1,,B,13mDkT001arBCGj5KLO8vo=N28KS,0*02
\s:66,c:1782377504*47\!AIVDM,1,1,,A,169qerPP088f7JhA8<h1FwwF053<,0*2B
\s:66,c:1782377501*42\!AIVDM,1,1,,B,13MBC0000L03CfRNrkldSJ=D08HC,0*6F
\s:66,c:1782377501*42\!AIVDM,1,1,,B,H819Fo4TC=D0000Fo2jppl104340,0*31
\s:66,c:1782377507*44\!AIVDM,1,1,,,13MBw;kOhhP8:<8OC`bBPj?L0000,0*51
\s:66,c:1782377500*43\!AIVDM,1,1,,,B7OfKAP00Jb;bfM6NCkHOwl5oP06,0*7B
\s:66,c:1782377497*4C\!AIVDM,1,1,,A,33uB3h00001>O2NS1N@4M4wp0000,0*50
\s:66,c:1782377504*47\!AIVDM,1,1,,A,19NSEp002g1ck<;d6W>JR8OF053<,0*75
\s:66,c:1782377507*44\!AIVDM,1,1,,B,18HtTsP0017KT620eObt;BkN00SO,0*36
\s:66,c:1782377505*46\!AIVDM,1,1,,A,18:bcG00?w<tSF0l4Q@>4;?v0l1U,0*7F
\s:66,c:1782377507*44\!AIVDM,1,1,,A,37tKerA0h07Htf80j?RMC4aN0DrJ,0*18
\s:66,c:1782377507*44\!AIVDM,1,1,,B,E>mWA;f9T4`@;a2QUh9T:W@0W@<ClVkl5rG2P00003v002CQh00,2*4D
\s:66,c:1782377508*4B\!AIVDM,1,1,,B,13o15@001s0:SbPMPQvQT1AN053<,0*2E
\s:66,c:1782377502*41\!AIVDM,1,1,,A,33uA1200001D4kpQwI=QmPop0000,0*6A
\s:66,c:1782377508*4B\!AIVDM,1,1,,B,14`W7R0028O2vUL3MVq4d3iP053<,0*63
\s:66,c:1782377505*46\!AIVDM,1,1,,A,15?ddJP003OufK2EsajSRIAH08JU,0*7A
\s:66,c:1782377501*42\!AIVDM,1,1,,B,H3MAL34T47I4L1L=5GBk001@2150,0*13
\s:66,c:1782377496*4D\!AIVDM,1,1,,B,1815JWP01sViqIb3O3t2TB4V0<0i,0*5A
\s:66,c:1782377503*40\!AIVDM,1,1,,A,13n95A0000PJAd6Qgb32QkIB08IR,0*79
\s:66,c:1782377501*42\!AIVDM,1,1,,B,B39Qj=00<H=bKf7jrl64uekQl0S8,0*31
\s:66,c:1782377502*41\!AIVDM,1,1,,A,33P;lSwP@>Orsm>M4d13jRW<011P,0*1A
\s:66,c:1782377506*45\!AIVDM,1,1,,A,19NWwUh01vvg0kB;rQjW=EaF0L49,0*09
\s:66,c:1782377504*47\!AIVDM,1,1,,B,16:C`UPP008;0A0<rDk@B?wF00SC,0*51
\s:66,c:1782377501*42\!AIVDM,1,1,,A,4050KnAvad`ka`Fe:5wAG1100D5F,0*50
\s:66,c:1782377505*46\!AIVDM,1,1,,A,16:Iaj0000`ggt>Alf9U<wwF0000,0*2E
\s:66,c:1782377505*46\!AIVDM,1,1,,B,EvjCgC>R9b@7bRaaPW:@9bR@7bRgjl`H=p3mh00003m014m0,0*5C
\s:66,c:1782377506*45\!AIVDM,1,1,,B,13ku;vh02d9k?c08:Ja5NDCL0<03,0*52
\s:66,c:1782377507*44\!AIVDM,1,1,,B,169CL9POiQ`fiaPA2o?k9BQL0<00,0*76
\s:66,c:1782377503*40\!AIVDM,1,1,,A,33aDpu@P0pPJcpLMcG7m;OwF24:S,0*0A
\s:66,c:1782377505*46\!AIVDM,1,1,,B,15?dd5p028`<464<9PPAtiUF08JD,0*47
\s:66,c:1782377505*46\!AIVDM,1,1,,A,13aIpgPP00PD>28MdQwN4?wH28J>,0*30
\s:66,c:1782377502*41\!AIVDM,1,1,,A,402M541vad`kb1hV88``B3gP253<,0*36
\s:66,c:1782377496*4D\!AIVDM,1,1,,A,13l3o@@1iQ2GqBIf243BU1u:08EJ,0*2F
\s:66,c:1782377436*47\!AIVDM,1,1,,A,33l3o@@2AP2GpLaf21ORUAu:04mk,0*3C
\g:1-2-5199100,s:66,c:1782377469*0A\!AIVDM,2,1,0,A,53l3o@D2D?j8=7;;WV1=@5:05<T6222222222216OHaKB5h`0ekEH435,0*7B
\g:2-2-5199100*68\!AIVDM,2,2,0,A,H88888888888880,2*54
\s:66,c:1782377507*44\!AIVDM,1,1,,A,13`lS5kP00PEpglNC4Q>4?wN20Re,0*4A
\s:66,c:1782377504*47\!AIVDM,1,1,,B,B39pnR00<`>R3N7mRu1I7wn5oP06,0*4B
\s:66,c:1782377499*42\!AIVDM,1,1,,B,169nrMwP008JjurFD<oWH?w<0@Fa,0*1F
\s:66,c:1782377505*46\!AIVDM,1,1,,A,38SJM`0000Wat1D63VT;tISJ22ji,0*35
\g:1-2-5199101,s:66,c:1782377291*0A\!AIVDM,2,1,1,A,5815JWP2ABs=KL7;738HDhhuM<PU222222222216NpeDI5i;0ehkQin`,0*43
\g:2-2-5199101*69\!AIVDM,2,2,1,A,888888888888880,2*25
\s:66,c:1782377505*46\!AIVDM,1,1,,A,37OkVT001b:R83gWD`Ss8`op0000,0*47
\s:66,c:1782377504*47\!AIVDM,1,1,,A,13aGFlPP000F3@<Mw:M>4?wH0HIj,0*0D
\s:66,c:1782377507*44\!AIVDM,1,1,,B,16T5Sj002B`@iHh<bPU3DRgN053<,0*3E
\s:66,c:1782377504*47\!AIVDM,1,1,,B,16:HNAP01DWk<g8;Id6LbJ7D0`Iq,0*4A
\s:66,c:1782377506*45\!AIVDM,1,1,,A,28SJAV5P00WbG5f5uAcN4?wJ2D3M,0*74
\s:66,c:1782377504*47\!AIVDM,1,1,,B,13J=cQ001:P9cgnM;T6UP4SF2D0k,0*77
\s:66,c:1782377507*44\!AIVDM,1,1,,A,13n1VG0P001>LV<WDRlhB?wL0D0g,0*03
\s:66,c:1782377494*4F\!AIVDM,1,1,,B,13lIFp000FQ2jD6DP?hQ>i962<0P,0*1D
\s:66,c:1782377500*43\!AIVDM,1,1,,B,14WW<8001O`i8cTAg4>:`8c<0<;q,0*0B
\s:66,c:1782377503*40\!AIVDM,1,1,,B,16:7Rp5P00`hI`FASrq0lgwB28Ho,0*3D
\s:66,c:1782377502*41\!AIVDM,1,1,,B,137J1R002hP6GL6M?q6s?8q>053<,0*3C
\s:66,c:1782377504*47\!AIVDM,1,1,,B,17lu:3wP00WL;;R0cOW0@?wD28Ig,0*4E
\s:66,c:1782377501*42\!AIVDM,1,1,,A,13aQeEhP0I0FC:HMubGjO?w@R0S5,0*06
\s:66,c:1782377501*42\!AIVDM,1,1,,A,15NcJG0000o@1@0K<qB;nl9D0`40,0*38
\s:66,c:1782377504*47\!AIVDM,1,1,,,18LWfl5wh0P9wWPM;mlcCrmF1000,0*73
\s:66,c:1782377505*46\!AIVDM,1,1,,B,406uUUAuJl`kd<tSF0l4Q@000`Jd,0*45
\s:66,c:1782377502*41\!AIVDM,1,1,,B,16KD>0003=9RF@tB4?uRNj9D08H`,0*23
\s:66,c:1782377504*47\!AIVDM,1,1,,B,13:5uL022A0fnv`O9KRAjQKF0@Ik,0*04
\s:66,c:1782377506*45\!AIVDM,1,1,,B,B8uJCJ000HE5A7s9Ud7Q3wo5oP06,0*2D
\s:66,c:1782377501*42\!AIVDM,1,1,,A,33IS:27PACOhde6JSnODHkVf1VQC,0*5B
\s:66,c:1782377507*44\!AIVDM,1,1,,A,19NSI;001L8Tu0DF7dp3kS1L0L3t,0*79
\s:66,c:1782377507*44\!AIVDM,1,1,,A,35Wf2:;PA3s6Ud@:Bb=c591J0000,0*07
\s:66,c:1782377501*42\!AIVDM,1,1,,A,402FhhQvad`ka0sD1hGJ>SW008H:,0*3D
\s:66,c:1782377504*47\!AIVDM,1,1,,A,136=egP01B0A0?@MIsWM9raH053<,0*05
\s:66,c:1782377501*42\!AIVDM,1,1,,A,17ldgq@P02WLtTh0VaHv4?w@20S@,0*6B
\s:66,c:1782377500*43\!AIVDM,1,1,,A,13a3BNhP1MPIBf:MdGAISgwJRHGf,0*6D
\s:66,c:1782377505*46\!AIVDM,1,1,,A,153UV402P01dJK:Ee4HAKFQL0<7e,0*79
\s:66,c:1782377497*4C\!AIVDM,1,1,,A,16:Bi:0000`g5`dA8ciSHDu400SN,0*4C
\s:66,c:1782377501*42\!AIVDM,1,1,,A,D03Own0mmN>4fDfGLfpNfp0,2*70
\s:66,c:1782377503*40\!AIVDM,1,1,,A,13E`hQgP10wcaKpDsoduBOwJ20Sr,0*1A
\s:66,c:1782377506*45\!AIVDM,1,1,,B,1815`2@1@0sUlUD64d5`1H;J0@KE,0*65
\s:66,c:1782377504*47\!AIVDM,1,1,,A,16:<FkP0008VRNhDawOlD:SD00Rm,0*57
\s:66,c:1782377504*47\!AIVDM,1,1,,B,13cens0P1LPvvr8J6TJ=?gwF0@Iu,0*41
\s:66,c:1782377501*42\!AIVDM,1,1,,A,B3`nv:h006qQ>U1hfOj`TuN00000,0*25
\s:66,c:1782377502*41\!AIVDM,1,1,,A,33@pC5@01S0h:N4OI=NFoEMB01jh,0*7F
\s:66,c:1782377504*47\!AIVDM,1,1,,B,181:LgP02EMElRmv:48cdqID0PSa,0*29
\s:66,c:1782377504*47\!AIVDM,1,1,,B,18;Jev001ISuKnN>`L6FSmAF0L<O,0*2F
\s:66,c:1782377503*40\!AIVDM,1,1,,A,63u?mO00`QJ<06P000,4*6E
\s:66,c:1782377505*46\!AIVDM,1,1,,B,15ROL6001uRGgFpBrL=aLoUH00S7,0*3C
\s:66,c:1782377505*46\!AIVDM,1,1,,B,23bhb8?000PGotvNQvbv455H0<1:,0*07
\s:66,c:1782377503*40\!AIVDM,1,1,,B,B8StNE007arsNV2kVof:3wm6SP06,0*1A
\s:66,c:1782377506*45\!AIVDM,1,1,,A,13aC1whP15PKAV>MfDOmb?wL2D2?,0*1E
\s:66,c:1782377505*46\!AIVDM,1,1,,B,17m@990P007?sw:1fd;N4?wH053<,0*20
\s:66,c:1782377506*45\!AIVDM,1,1,,B,19NSR3P0RO;3NsRIwroaWGeH00Rs,0*15
\s:66,c:1782377506*45\!AIVDM,1,1,,B,13l96?PP01Q2H;BDRegN4?wL253<,0*4A
\s:66,c:1782377507*44\!AIVDM,1,1,,A,16:Bi<P01a8fth@Ai6a4BkMJ053<,0*51
\s:66,c:1782377505*46\!AIVDM,1,1,,B,83aEP90j2d<dttLfN1cPj?aE01L0,0*5D
\s:66,c:1782377502*41\!AIVDM,1,1,,A,14hEma001w0BRk:FViuBl2?F0@Ho,0*0B
\s:66,c:1782377506*45\!AIVDM,1,1,,B,1:0UD800002kAU2<BOKbvJqL0PRV,0*35
\s:66,c:1782377504*47\!AIVDM,1,1,,A,13`hBsPP00PDH8pMd0tN4?wH253<,0*16
\s:66,c:1782377507*44\!AIVDM,1,1,,B,15WHfp4P02OQed<2eO161?wJ0d09,0*1C
\s:66,c:1782377505*46\!AIVDM,1,1,,A,34eGMH02iPG<Ne`L=g9m<T;p0000,0*6C
\s:66,c:1782377506*45\!AIVDM,1,1,,A,169Ge2P01wWHpAd0fmMU@49L0D:0,0*38
\s:66,c:1782377506*45\!AIVDM,1,1,,A,13G0kJ3P0rOGeU:HH35JI?wL00SG,0*44
\s:66,c:1782377507*44\!AIVDM,1,1,,A,170G@6001bSjlRp>BPJ9fWqJ08Kt,0*67
\s:66,c:1782377504*47\!AIVDM,1,1,,A,13mVbs0000PK8jbS`0OU58OD00SA,0*28
\s:66,c:1782377505*46\!AIVDM,1,1,,B,16q`N;H0004l@<2>;;`Ra77F08JC,0*02
\s:66,c:1782377505*46\!AIVDM,1,1,,A,37ljVBAw@17aE<GtSD55R1MH0Dbb,0*6E
\g:1-2-5199102,s:66,c:1782377502*04\!AIVDM,2,1,2,B,55VDcJ42Cw<DcP;G73E4m>0pE1ADpF222222220l1pj:75WiN;RhARBR,0*36
\g:2-2-5199102*6A\!AIVDM,2,2,2,B,H88888888888880,2*55
\s:66,c:1782377503*40\!AIVDM,1,1,,A,15VDcJ00h0SN93N@@UkGI7EH08IM,0*1E
\s:66,c:1782377502*41\!AIVDM,1,1,,A,13a:CF00000HmV8NKaSFGWgB0<6T,0*2B
\s:66,c:1782377506*45\!AIVDM,1,1,,B,13m:fO00000hP2bQ1dJVaU1L0D2s,0*65
\s:66,c:1782377507*44\!AIVDM,1,1,,B,15@kC40001`faB@A6cl5Iq3L0@K:,0*12
\s:66,c:1782377507*44\!AIVDM,1,1,,B,33P<FD0p@40CALlN5nLMCOwL05TC,0*5C
\s:66,c:1782377507*44\!AIVDM,1,1,,A,18Hw0c00007KmLH0gQqb2TwL0HKM,0*60
\s:66,c:1782377504*47\!AIVDM,1,1,,A,19NSSm001O7FOs80uhwsRI=H00Rs,0*60
\s:66,c:1782377504*47\!AIVDM,1,1,,A,13EcK4gP0OP?7fRH1gpoSgwF053<,0*57
\s:66,c:1782377504*47\!AIVDM,1,1,,B,19Iik6P0Q4PhFKbQ59pCSS080<5H,0*15
\s:66,c:1782377505*46\!AIVDM,1,1,,A,15CL;b00047JO8P0doWS<E?F053<,0*1F
\s:66,c:1782377502*41\!AIVDM,1,1,,A,139J`UP0000oE;vO0=Jh001B08Hd,0*62
\s:66,c:1782377502*41\!AIVDM,1,1,,B,B7lod<@00:5bfdwlOa403wlTkP06,0*54
\s:66,c:1782377506*45\!AIVDM,1,1,,B,15MQDf0000G?jO@KAIl:gICL0hmR,0*51
\s:66,c:1782377506*45\!AIVDM,1,1,,A,19NSfb@vR187e::;ALD@F0EH0@Jw,0*0C
\s:66,c:1782377506*45\!AIVDM,1,1,,A,34eGSah000Fcd1lO5=2h001p0000,0*29
\s:66,c:1782377505*46\!AIVDM,1,1,,A,19NSLs001LJLMc2>l60;Na?F053<,0*58
\s:66,c:1782377500*43\!AIVDM,1,1,,B,13m?oe5P00Q4wc0WKRCf4?w>20R9,0*1B
\s:66,c:1782377506*45\!AIVDM,1,1,,A,13Ed;FWP0MP@EO4H4iJo=gwJ2HJg,0*2C
\s:66,c:1782377508*4B\!AIVDM,1,1,,A,18If060wj>2RC;OlOQWU7l5P0@L7,0*07
\s:66,c:1782377502*41\!AIVDM,1,1,,B,13`ip00P02PFFq6Mv3ON4?wD253<,0*22
\s:66,c:1782377504*47\!AIVDM,1,1,,A,18ISHJ8P007Kjf80U6wCCOwH0L6j,0*63
\s:66,c:1782377505*46\!AIVDM,1,1,,B,13wkuNE0000g9kHE3rwP<aIJ0hJR,0*05
\s:66,c:1782377508*4B\!AIVDM,1,1,,B,16Sio2g1009<SurD8mht2h9H0@Ku,0*2A
\s:66,c:1782377504*47\!AIVDM,1,1,,B,190woSP03F0As70GoadA?15B0@J4,0*5D
\s:66,c:1782377500*43\!AIVDM,1,1,,A,D03OwoPmeN>4gLfGLfpNfp0,2*10
\s:66,c:1782377506*45\!AIVDM,1,1,,B,15O;050P01I<nP8A1<H>4?wL2@KB,0*33
\s:66,c:1782377503*40\!AIVDM,1,1,,A,36:bbF50008;m@6<rl7lp?v00000,0*32
\s:66,c:1782377503*40\!AIVDM,1,1,,B,33l3qsi0038iRUpAiLa<wQUB0E?b,0*24
\s:66,c:1782377505*46\!AIVDM,1,1,,A,33K>1p0=@00JuFHHbNL@0:ep0000,0*19
\s:66,c:1782377507*44\!AIVDM,1,1,,B,H4hJ=f4U653<I:GJ7;DkPP0HH340,0*17
\s:66,c:1782377508*4B\!AIVDM,1,1,,B,36:LKQ50008VWOPDVkmW2T3N0D<r,0*0D
\s:66,c:1782377508*4B\!AIVDM,1,1,,A,18uHUa?P01QmI5qdTAGFQOwP2D0d,0*12
\s:66,c:1782377503*40\!AIVDM,1,1,,A,17tKrlh0007@=eV1VV7uJBAD08II,0*56
\s:66,c:1782377502*41\!AIVDM,1,1,,B,13=Go2000:0UD>pN`CH=G5;D0D3O,0*78
\s:66,c:1782377486*1B\!AIVDM,1,1,,,KqNS`Jh?Nv@fvSQp,0*27
\s:66,c:1782377490*1C\!AIVDM,1,1,,,169>dN1P?w<tSF0l4Q@>4?wp1hO=,0*59
\s:66,c:1782377483*1E\!AIVDM,1,1,,,144WUNPOjBNaAn`:eeo=QJsp1p5f,0*2F
\s:66,c:1782377500*14\!AIVDM,1,1,,,3772rk5000LQ>;=hVqkeG3g80Dg:,0*1C
\s:66,c:1782377494*18\!AIVDM,1,1,,,14hFw50000nTe1dOwaNrMG:v2<01,0*28
\s:66,c:1782377501*15\!AIVDM,1,1,,,19N`2pP1k9tnGdlM0o39DGE<8HFJ,0*7B
\s:66,c:1782377494*18\!AIVDM,1,1,,,KqNSQU02gugBJ52p,0*4C
\s:66,c:1782377491*1D\!AIVDM,1,1,,,404k0QAvad`kLbu0iUhfuM700d0w,0*11
\s:66,c:1782377492*1E\!AIVDM,1,1,,,15RSu:0024DS=Ib0gDiBtjRr053<,0*26
\s:66,c:1782377491*1D\!AIVDM,1,1,,,KqNSgCP5k7SG;94`,0*1F
\s:66,c:1782377499*15\!AIVDM,1,1,,,Km?dh6L0<fg5SPjH,0*11
\s:66,c:1782377490*1C\!AIVDM,1,1,,,KpI:Sg0@03@J5P0D,0*73
\s:66,c:1782377484*19\!AIVDM,1,1,,,15?9m4001h0Wn;7vmI5F4Dlf053<,0*31
\s:66,c:1782377489*14\!AIVDM,1,1,,,KpI:Sg0@03@J5P0D,0*73
\s:66,c:1782377487*1A\!AIVDM,1,1,,,Kn:HMkPDE2Qjv0Ot,0*33
\s:66,c:1782377498*14\!AIVDM,1,1,,,KleGDOL;JNCbO0Ot,0*7F
\s:66,c:1782377497*1B\!AIVDM,1,1,,,KleGDOL;JNCbO0Ot,0*7F
\s:66,c:1782377496*1A\!AIVDM,1,1,,,B8VE8F008e7g:jw:L`MRgwh20000,0*19
\s:66,c:1782377496*1A\!AIVDM,1,1,,,H8VE8F08E=@LtLw;38000000000,2*4B
\s:66,c:1782377498*14\!AIVDM,1,1,,,1459sk0u1Wd9o>BQo=2ioAQ208DW,0*15
\s:66,c:1782377498*14\!AIVDM,1,1,,,KmNBj>`9hqD;j0Ot,0*47
\s:66,c:1782377491*1D\!AIVDM,1,1,,,19NSQ:h0io2k<w9gKqDIQW`j0D0=,0*49
\s:66,c:1782377500*14\!AIVDM,1,1,,,18um::?P0a1k39CdKv`C5gw80<0?,0*3F
\s:66,c:1782377488*15\!AIVDM,1,1,,,Km?dWk0<Sr20R6jt,0*73
\s:66,c:1782377498*14\!AIVDM,1,1,,,KleGDOL;JNCbO0Ot,0*7F
\s:66,c:1782377497*1B\!AIVDM,1,1,,,35@PL25000vqLnP@6<Eus0300Dg:,0*6C
\s:66,c:1782377497*1B\!AIVDM,1,1,,,13aO@h@1irNL>dF7kInPq@c808Db,0*78
\s:66,c:1782377478*1A\!AIVDM,1,1,,,19jjcn00020c5qR0;2lG`SPN088`,0*4A
\s:66,c:1782377484*19\!AIVDM,1,1,,,1815TBPw2`O:R@Anl:clo3pd00SJ,0*49
\s:66,c:1782377500*14\!AIVDM,1,1,,,K9NSCc@NMm>?205<,0*0C
\s:66,c:1782377500*14\!AIVDM,1,1,,,KrLR28v=pCeLa000,0*4A
\s:66,c:1782377492*1E\!AIVDM,1,1,,,KleJD:suB<CEA0<0,0*12
\s:66,c:1782377495*19\!AIVDM,1,1,,,14`W6h0w1i:Sc3;r4V34BkQ20D03,0*3C
\s:66,c:1782377494*18\!AIVDM,1,1,,,K7`B25<6IrMC8POt,0*52
\s:66,c:1782377491*1D\!AIVDM,1,1,,,K7`B25<6IrMC8POt,0*52
\s:66,c:1782377491*1D\!AIVDM,1,1,,,K44gbe<5B@kVbPa`,0*49
\s:66,c:1782377491*1D\!AIVDM,1,1,,,15QT3D001mlkTOpHT=j:k8bp00S2,0*70
\s:66,c:1782377489*14\!AIVDM,1,1,,,169TpL100dFAUtQte=Ek3jTd08=q,0*3C
\s:66,c:1782377493*1F\!AIVDM,1,1,,,K9NSCc@NMm>?205<,0*0C
\s:66,c:1782377491*1D\!AIVDM,1,1,,,19N`3nPv1V1DUBsd5u`4?Sfn053<,0*52
\s:66,c:1782377500*14\!AIVDM,1,1,,,39N`3nPtAT1DUHAd5uA4T3e200rP,0*45
\s:66,c:1782377497*1B\!AIVDM,1,1,,,KmN0JQ`<fVR8jP2P,0*7A
\s:66,c:1782377483*1E\!AIVDM,1,1,,,1815SRh026vcIhh;7hkoBmjN00Rb,0*30
\s:66,c:1782377483*1E\!AIVDM,1,1,,,Kp15PLh>g>wIMW0p,0*2F
\s:66,c:1782377483*1E\!AIVDM,1,1,,,1815V6P0heNh?9T7nQTaNGPV08;u,0*67
\s:66,c:1782377493*1F\!AIVDM,1,1,,,Kkku;gQO8sA5q07<,0*6E
\s:66,c:1782377495*19\!AIVDM,1,1,,,33VTuD002ANdcDP;>WKVuURt0Csu,0*46
\s:66,c:1782377494*18\!AIVDM,1,1,,,19jhF?8P010PeD<2QsO>4?vv00S0,0*09
\s:66,c:1782377497*1B\!AIVDM,1,1,,,14`UtdCvh00iViitQO4Lj6m4053<,0*38
\s:66,c:1782377488*15\!AIVDM,1,1,,,1815:@0v1kLJw:Ueq?r`Enf`0@?C,0*0A
\s:66,c:1782377501*15\!AIVDM,1,1,,,14pWHd@P0OK4EHv:RA6FHOw:053<,0*1B
\s:66,c:1782377493*1F\!AIVDM,1,1,,,Kp15Ti0:B5j6UUAT,0*51
\s:66,c:1782377493*1F\!AIVDM,1,1,,,15Rq@L001EL9S1H4BNrTC3Ft08BW,0*26
\s:66,c:1782377491*1D\!AIVDM,1,1,,,13K9=B001l:Cd>iaqPc`tG8f00RP,0*53
\s:66,c:1782377495*19\!AIVDM,1,1,,,KkeMjf7lto2RT0>0,0*29
\s:66,c:1782377495*19\!AIVDM,1,1,,,KmBl1F0?REjWC7d8,0*15
\s:66,c:1782377484*19\!AIVDM,1,1,,,15Wq@r0tP5PWeHUw;<tN4?vb28<l,0*26
\s:66,c:1782377494*18\!AIVDM,1,1,,,177=<>01jc00AN7oghwdcJ:b0D03,0*2C
\s:66,c:1782377494*18\!AIVDM,1,1,,,18I8nG020306Jpv3JK0SKCe00D1M,0*79
\s:66,c:1782377483*1E\!AIVDM,1,1,,,KrU8cCP>Uh?3@05h,0*61
\s:66,c:1782377488*15\!AIVDM,1,1,,,13FBbB700iKd`RWV;wSi1Q4h0<0:,0*4F
\s:66,c:1782377484*19\!AIVDM,1,1,,,Kn9@G?0DKeRE10Ot,0*34
\s:66,c:1782377491*1D\!AIVDM,1,1,,,15NNqMPP00m6Ct`Q3p;KI?vl28?C,0*2B
\s:66,c:1782377492*1E\!AIVDM,1,1,,,Kp<cQph=Odhm@T7`,0*1A
\s:66,c:1782377496*1A\!AIVDM,1,1,,,Kkf@JL8=M`QVgV3l,0*26
\s:66,c:1782377501*15\!AIVDM,1,1,,,Km3l7h1M4I1u>P@@,0*6A
\s:66,c:1782377493*1F\!AIVDM,1,1,,,18I>b`0wj4mTIR2O4eEkO2fp0@@o,0*16
\s:66,c:1782377493*1F\!AIVDM,1,1,,,Kp<cQph=Odhm@T7`,0*1A
\s:66,c:1782377493*1F\!AIVDM,1,1,,,18Hv>c001nsgpNTA6w1K2prl00Rh,0*30
\s:66,c:1782377494*18\!AIVDM,1,1,,,D06uVGAwq>GMwI>GM5m?6E5E?6D,2*13
\s:66,c:1782377491*1D\!AIVDM,1,1,,,15CqFn0wBMF@Dnmov<uK@I0d0<01,0*3B
\s:66,c:1782377495*19\!AIVDM,1,1,,,Kn:8pMP4P7BKEUc8,0*3C
\s:66,c:1782377498*14\!AIVDM,1,1,,,1;Djl8PP05rNo@Sq6udA8ww20@C7,0*4B
\s:66,c:1782377486*1B\!AIVDM,1,1,,,KmM?R`asKDSM<P:h,0*3C
\s:66,c:1782377488*15\!AIVDM,1,1,,,35M?R`W004o4Fk6K06LG2nrn0Q<P,0*09
\s:66,c:1782377490*1C\!AIVDM,1,1,,,K3JVVL=OHG2I00;P,0*74
\s:66,c:1782377494*18\!AIVDM,1,1,,,15W2lR000s0UK?J2CswR>1u2053<,0*45
\s:66,c:1782377497*1B\!AIVDM,1,1,,,300000EP000JLrp3:7BDggw20000,0*38
\s:66,c:1782377499*15\!AIVDM,1,1,,,1815KdPw0o0l?wStGc<ML:o<0D0P,0*6A
\s:66,c:1782377500*14\!AIVDM,1,1,,,KrM0Mr<=pI=LqTB0,0*02
\s:66,c:1782377487*1A\!AIVDM,1,1,,,Kn;==5<D<9Aal068,0*43
\s:66,c:1782377495*19\!AIVDM,1,1,,,35MvdE;OiNFP>HDPD3=knS4t00NP,0*1E
\s:66,c:1782377495*19\!AIVDM,1,1,,,K8?OA8hEHMgP8P;@,0*11
\s:66,c:1782377491*1D\!AIVDM,1,1,,,19NSjL@w2KG>pmD7fgw<8Ijr0HAD,0*53
\s:66,c:1782377489*14\!AIVDM,1,1,,,D04k0o1J<Nfr<`O6D0,4*5B
\s:66,c:1782377491*1D\!AIVDM,1,1,,,15NOl3P00Tl9fVLOK5GTsD>h0H?s,0*67
\s:66,c:1782377495*19\!AIVDM,1,1,,,KqNSGTH4PUB815F@,0*52
\s:66,c:1782377500*14\!AIVDM,1,1,,,1:U7OGCP@6M8OqMj`O43fBO80<06,0*7E
\s:66,c:1782377493*1F\!AIVDM,1,1,,,B:u0QPh0FnSowSwUQ`Eocwe1h53<,0*18
\s:66,c:1782377498*14\!AIVDM,1,1,,,15C<w00020J7C27w9OGMUrq000S=,0*61
\s:66,c:1782377497*1B\!AIVDM,1,1,,,162?@eP01nvn=Qr52hDURTM00<05,0*7D
\s:66,c:1782377497*1B\!AIVDM,1,1,,,K3s=77gwcVC0w4Pt,0*60
\s:66,c:1782377484*19\!AIVDM,1,1,,,177Ika02A311@Bqjp8s2@irP0H<E,0*7F
\s:66,c:1782377489*14\!AIVDM,1,1,,,13cu6e0wBa0K7Heok1D5GTDn0<01,0*55
\s:66,c:1782377494*18\!AIVDM,1,1,,,13n056001c07Qj@1u=pBL1vv1PS2,0*20
\s:66,c:1782377499*15\!AIVDM,1,1,,,KqNSvDh?r@w<nVD4,0*14
\s:66,c:1782377500*14\!AIVDM,1,1,,,KrU73G0vBqv47PP`,0*28
\s:66,c:1782377484*19\!AIVDM,1,1,,,KoTTa:@4=f0GU0E@,0*20
\s:66,c:1782377491*1D\!AIVDM,1,1,,,14eGI<hP00G=M@hL:539vOvr2D4b,0*46
\s:66,c:1782377498*14\!AIVDM,1,1,,,15NgPS0P00nOFLrPPUMaTOw60D08,0*2F
\s:66,c:1782377495*19\!AIVDM,1,1,,,Km?mJ8=F7n>oAPF8,0*7D
\s:66,c:1782377497*1B\!AIVDM,1,1,,,18I<Nj002RDMBnJJHG9l2S?2053<,0*46
\s:66,c:1782377494*18\!AIVDM,1,1,,,H3pEUKi0uB3RoWND00000000000,2*38
\s:66,c:1782377494*18\!AIVDM,1,1,,,B3pEUKh00C8BamJ2U6OLCTN43P06,0*70
\s:66,c:1782377493*1F\!AIVDM,1,1,,,Km?dh3d=4ihdBPd<,0*03
\s:66,c:1782377494*18\!AIVDM,1,1,,,15?dNw001W4ho2gou8OjPivh0D04,0*51
\s:66,c:1782377499*15\!AIVDM,1,1,,,Km?mJ8=F7n>oAPF8,0*7D
\s:66,c:1782377480*1D\!AIVDM,1,1,,,Kqjwcp00<80H;0:4,0*2A
\s:66,c:1782377489*14\!AIVDM,1,1,,,KmWuud0@DWwrdP@0,0*50
\s:66,c:1782377499*15\!AIVDM,1,1,,,19jjie000APPo6P26Ev>0Cs:66,0*23
\s:66,c:1782377488*15\!AIVDM,1,1,,,Kk8g6n0>lIf6Q5AT,0*4A
\s:66,c:1782377495*19\!AIVDM,1,1,,,KqNSQGhD>9hHb06d,0*5D
\s:66,c:1782377495*19\!AIVDM,1,1,,,Klb>3l1DID0HSPOt,0*7B
\s:66,c:1782377496*1A\!AIVDM,1,1,,,KleJH4cuh3kEvP?`,0*09
\s:66,c:1782377493*1F\!AIVDM,1,1,,,152NS<3000oU@>LC9FjpiRi00D0L,0*37
\s:66,c:1782377497*1B\!AIVDM,1,1,,,Km2NS<8sd:RLn0>P,0*69
\s:66,c:1782377499*15\!AIVDM,1,1,,,KkVME20;W`RGCPVT,0*13
\s:66,c:1782377497*1B\!AIVDM,1,1,,,KqWlqj029SvSQVhd,0*3B
\s:66,c:1782377497*1B\!AIVDM,1,1,,,39Wlqj0rR24<bvuleO@:LHFt0000,0*0C
\s:66,c:1782377491*1D\!AIVDM,1,1,,,Kkaw>400:c3ms1i@,0*37
\s:66,c:1782377491*1D\!AIVDM,1,1,,,KkGS4JWh5VkU<Pwt,0*20
\s:66,c:1782377499*15\!AIVDM,1,1,,,16Tj3L001lOa4e=k:TgKeaBV0D01,0*72
\s:66,c:1782377489*14\!AIVDM,1,1,,,16TUVT0P0mmaK4H0UMRTRwv`253<,0*70
\s:66,c:1782377493*1F\!AIVDM,1,1,,,19NSU3h12O28PwEe4LrIaGjf08BL,0*52
\s:66,c:1782377497*1B\!AIVDM,1,1,,,Kp15QG0?UOBFQVfD,0*7A
\s:66,c:1782377489*14\!AIVDM,1,1,,,15??oj001oOtAm9p`qGtUr6p0L00,0*59
\s:66,c:1782377500*14\!AIVDM,1,1,,,1;@1Wj0P00Kp0MKiQowrR?w600Ra,0*01
\s:66,c:1782377495*19\!AIVDM,1,1,,,15Mr6K0025qphOnJnPDsDa560`DO,0*50
\s:66,c:1782377492*1E\!AIVDM,1,1,,,KrU7JWAM45ApoOwt,0*3E
\s:66,c:1782377496*1A\!AIVDM,1,1,,,KmNaT<`=B@jvP08t,0*69
\s:66,c:1782377501*15\!AIVDM,1,1,,,KleIo>AMU8SD=04l,0*1E
\s:66,c:1782377494*18\!AIVDM,1,1,,,H7`F`p4UFC@<B9;J=1khip1p7330,0*6C
\s:66,c:1782377489*14\!AIVDM,1,1,,,Ko7Wc905SpMSlPhd,0*71
\s:66,c:1782377489*14\!AIVDM,1,1,,,B3IPFdP0C38l;:tR=@kD2We1h@?T,0*6E
\s:66,c:1782377495*19\!AIVDM,1,1,,,KnLb2<04m6RNl6Bl,0*55
\s:66,c:1782377483*1E\!AIVDM,1,1,,,KlR8v40?Hl@f?T`4,0*5A
\s:66,c:1782377490*1C\!AIVDM,1,1,,,KkEeRb=wg>jbu3hh,0*0A
\s:66,c:1782377490*1C\!AIVDM,1,1,,,K9NSMT`?O:0Eu6D@,0*09
\s:66,c:1782377497*1B\!AIVDM,1,1,,,KkEfu5ewp@2`AR@d,0*63
\s:66,c:1782377484*19\!AIVDM,1,1,,,KlR8v40?Hl@f?T`4,0*5A
\s:66,c:1782377489*14\!AIVDM,1,1,,,1815QQP1BB03nLp2uDUiuQPj00Rb,0*4B
\s:66,c:1782377487*1A\!AIVDM,1,1,,,KpSJwcgkqaQD80Ot,0*6B
\s:66,c:1782377492*1E\!AIVDM,1,1,,,KrgjpB<MJfQEHP>T,0*5A
\s:66,c:1782377495*19\!AIVDM,1,1,,,C>lEvV001Bs1KIOQNg2<owjQkkaaSQSWe111111111jd0000002P,0*04
\s:66,c:1782377497*1B\!AIVDM,1,1,,,15=hQC0Oj1oQgBpBou3l1C<l0hCQ,0*04
\s:66,c:1782377494*18\!AIVDM,1,1,,,B7`NiK00039VgLrW<>kQ3wf1jD@J,0*73
\s:66,c:1782377493*1F\!AIVDM,1,1,,,15EFKp0029La8O<1l>5sgaRl0@BA,0*58
\s:66,c:1782377496*1A\!AIVDM,1,1,,,B6<fqtP09E=188N@?E8S;wv41P06,0*2A
\s:66,c:1782377494*18\!AIVDM,1,1,,,160pl00uQv3<DFUdbFeS3jJf0?wu,0*48
\s:66,c:1782377489*14\!AIVDM,1,1,,,404uI<ivad`kFdhjFGm`>5G00<0H,0*62
\s:66,c:1782377492*1E\!AIVDM,1,1,,,D04uI<iUHNfp00O6D0,4*02
\s:66,c:1782377491*1D\!AIVDM,1,1,,,13P<DT0w2kdQEMdHQ<ISARVb00R`,0*74
\s:66,c:1782377500*14\!AIVDM,1,1,,,Kn0pl001`W=QUV4p,0*43
\s:66,c:1782377488*15\!AIVDM,1,1,,,1;Se0>0P1sqnVR@3Fa`d:gvd2H=:,0*0E
\s:66,c:1782377488*15\!AIVDM,1,1,,,369Kwvh002JS<FIlr<>F84<h00w@,0*54
\s:66,c:1782377493*1F\!AIVDM,1,1,,,KkoBmv0?iI?blW`h,0*30
\s:66,c:1782377478*1A\!AIVDM,1,1,,,15?dP9@P000pJDOtOoWRjwvO0H9@,0*34
\s:66,c:1782377488*15\!AIVDM,1,1,,,KmU5AH0>@c>7KR;4,0*1A
\s:66,c:1782377493*1F\!AIVDM,1,1,,,Ks@=lFd=q3v9lPOt,0*5B
\s:66,c:1782377495*19\!AIVDM,1,1,,,K69Da;P4Llj6NP8l,0*6F
\s:66,c:1782377501*15\!AIVDM,1,1,,,KmU>bt0=:S2>r5kp,0*08
\s:66,c:1782377493*1F\!AIVDM,1,1,,,16Lo=t701h;6:0L2b`GApQFv053<,0*32
\g:1-2-5199103,s:66,c:1782377494*5C\!AIVDM,2,1,3,,569>Kip24INd9a<?>21@4V1PT4pN3:222222220N1HK3540Ht0>H8888,0*22
\g:2-2-5199103*6B\!AIVDM,2,2,3,,888888888888880,2*66
\s:66,c:1782377494*18\!AIVDM,1,1,,,C7t`7l@05i6tg0KE;>2Dowv0F@30j2L?0LOkek111110?000000P,0*50
\s:66,c:1782377492*1E\!AIVDM,1,1,,,169L39h00bCFuwAswpf5qTDl053<,0*73
\s:66,c:1782377491*1D\!AIVDM,1,1,,,K815?q8>oC3Hh6TT,0*51
\s:66,c:1782377494*18\!AIVDM,1,1,,,369>Kio01<6A4Fif3EvbUHDd1P7C,0*55
\g:1-2-5199104,s:66,c:1782377494*5B\!AIVDM,2,1,4,,569>Kip24INd9a<?>21@4V1PT4pN3:222222220N1HK3540Ht0>H8888,0*25
\g:2-2-5199104*6C\!AIVDM,2,2,4,,888888888888880,2*61
\s:66,c:1782377489*14\!AIVDM,1,1,,,19jnL50OhwPDSej3ELt5G4dv0L0;,0*57
\s:66,c:1782377499*15\!AIVDM,1,1,,,39jnL50Oi1PDSiJ3ELHUN4oB017Q,0*44
\s:66,c:1782377495*19\!AIVDM,1,1,,,KotKqH@D<BOf80?<,0*1D
\s:66,c:1782377491*1D\!AIVDM,1,1,,,35NIPiU000mCsnDRITtjB@0p0E2b,0*7B
\s:66,c:1782377494*18\!AIVDM,1,1,,,15N6;bPP00nDRwhR16H>4?vt20S=,0*63
\s:66,c:1782377494*18\!AIVDM,1,1,,,15Mtnw?P00DiHvfQVmlrLOvv00S5,0*48
\s:66,c:1782377494*18\!AIVDM,1,1,,,15N;0W?P1;E7cb2PtsspFww00@C>,0*7A
\s:66,c:1782377495*19\!AIVDM,1,1,,,13Pa4l0025nibtfKoh1TF3Q40@DV,0*27
\s:66,c:1782377492*1E\!AIVDM,1,1,,,Km2jHROtvPB0u0Ot,0*12
\s:66,c:1782377496*1A\!AIVDM,1,1,,,19NSeKPwATn24g`9?;SKnaS00?ww,0*47
\s:66,c:1782377497*1B\!AIVDM,1,1,,,KpI>;H1@30@Lj0?P,0*13
\s:66,c:1782377497*1B\!AIVDM,1,1,,,KpI>;H1@30@Lj0?P,0*13
\s:66,c:1782377497*1B\!AIVDM,1,1,,,Kkot2d0?tM?6cVDL,0*08
\s:66,c:1782377497*1B\!AIVDM,1,1,,,18I=wA001l3WiKQqk999h7fp0D07,0*7F
\s:66,c:1782377496*1A\!AIVDM,1,1,,,13l3pD@01un6p4n?21Q;4`pv053<,0*46
\s:66,c:1782377494*18\!AIVDM,1,1,,,H00AB@h4r3J09DuV33>oORF2220,2*5F
\s:66,c:1782377491*1D\!AIVDM,1,1,,,KpI<wV015==Rqa4`,0*2A
\s:66,c:1782377488*15\!AIVDM,1,1,,,KmO<Wh1KP`kSIP4t,0*26
\s:66,c:1782377484*19\!AIVDM,1,1,,,KkIQkD1@O5wFjP><,0*72
\s:66,c:1782377489*14\!AIVDM,1,1,,,19kN1B0P130UaJ22Lv:LVwvn053<,0*6A
\s:66,c:1782377498*14\!AIVDM,1,1,,,34eJ6WhPA?o<lRrL=BcC31K600rP,0*39
\s:66,c:1782377492*1E\!AIVDM,1,1,,,KpVmRT4=:iQmSP?p,0*4B
\s:66,c:1782377492*1E\!AIVDM,1,1,,,KqNSgu@=P5Bi>4gp,0*7C
\s:66,c:1782377496*1A\!AIVDM,1,1,,,KkeRdb0=Wt1BQ4Td,0*7E
\s:66,c:1782377496*1A\!AIVDM,1,1,,,KlQIjR0=BSjv`000,0*30
\s:66,c:1782377494*18\!AIVDM,1,1,,,1:U73wOP00tLeN1v5qTc8ww028Bj,0*58
\s:66,c:1782377494*18\!AIVDM,1,1,,,KkeRdb0=Wt1BQ4Td,0*7E
\s:66,c:1782377492*1E\!AIVDM,1,1,,,H7`B40TtCBD8:QuJ=Bklnn20G69t,0*71
\s:66,c:1782377495*19\!AIVDM,1,1,,,18I>Po0vAODSgV0MdmdkR2jv00St,0*68
\s:66,c:1782377495*19\!AIVDM,1,1,,,Kn::Bq0DNlRA<0Dh,0*14
\s:66,c:1782377499*15\!AIVDM,1,1,,,Kpu;S4`0`rMTh0V8,0*18
\s:66,c:1782377493*1F\!AIVDM,1,1,,,13db;N001vM<`9Sle6K`8nQ0053<,0*03
\s:66,c:1782377500*14\!AIVDM,1,1,,,Kpu;S4`0`rMTh0V8,0*18
\s:66,c:1782377497*1B\!AIVDM,1,1,,,KmN`N2d<kw2iD0Ot,0*43
\s:66,c:1782377497*1B\!AIVDM,1,1,,,KleG;q9KNhST>PCT,0*02
\s:66,c:1782377490*1C\!AIVDM,1,1,,,K9NSSRiOnUPHbP2T,0*58
\s:66,c:1782377480*1D\!AIVDM,1,1,,,Kqjg1N;hBmPC5Sg`,0*21
\s:66,c:1782377489*14\!AIVDM,1,1,,,19NSIakP010nI=Wu<lt8TOvp0D19,0*15
\s:66,c:1782377489*14\!AIVDM,1,1,,,K9NSSRiOnUPHbP2T,0*58
\s:66,c:1782377488*15\!AIVDM,1,1,,,Kp15Tp`>MmfAH5AL,0*55
\s:66,c:1782377488*15\!AIVDM,1,1,,,1:LR3MPOh0KRs=QakO9:f9Qj0U38,0*01
\s:66,c:1782377493*1F\!AIVDM,1,1,,,1:LR13P01PKVPiaVvuaEn4fl0U2t,0*36
\s:66,c:1782377497*1B\!AIVDM,1,1,,,KnK3s7`Dd0AtqP4H,0*66
\s:66,c:1782377491*1D\!AIVDM,1,1,,,KmMt:W0<pmSFq6AL,0*5B
\s:66,c:1782377491*1D\!AIVDM,1,1,,,34hJL;03R6nbqGNMG7fL:9fn00iP,0*03
\s:66,c:1782377494*18\!AIVDM,1,1,,,35N0VL?Oh1lbodfP>97;wk>r00rh,0*5E
\s:66,c:1782377495*19\!AIVDM,1,1,,,15MtgGP01;m`labR70pdFb72053<,0*18
\s:66,c:1782377492*1E\!AIVDM,1,1,,,KmMt:W0<pmSFq6AL,0*5B
\s:66,c:1782377495*19\!AIVDM,1,1,,,1773F900BsDb>3JJrftK1pnr08BK,0*77
\s:66,c:1782377495*19\!AIVDM,1,1,,,344SiTWOhe<n1f6S5070bhQ000w0,0*61
\s:66,c:1782377495*19\!AIVDM,1,1,,,13nJl20uRE<cAvDGgGDr;p;01t01,0*34
\s:66,c:1782377499*15\!AIVDM,1,1,,,19NSSgP0201@V5GdaTpLV:18053<,0*73
\s:66,c:1782377489*14\!AIVDM,1,1,,,14RHR:0uihHTWRh2gVKS?2Tn0Gwt,0*7D
\s:66,c:1782377498*14\!AIVDM,1,1,,,18I:kG0wAPJsGSWj3fmWLmu00<08,0*78
\s:66,c:1782377498*14\!AIVDM,1,1,,,Kk@don0=34OLO7aT,0*26
\s:66,c:1782377498*14\!AIVDM,1,1,,,KsE`rh@M;8?7fwwt,0*74
\s:66,c:1782377488*15\!AIVDM,1,1,,,KmMt:W0<pmSFq6AL,0*5B
\s:66,c:1782377493*1F\!AIVDM,1,1,,,15MlQ7PvP0oNDTvCRQd:N`Hv0<0T,0*43
\s:66,c:1782377490*1C\!AIVDM,1,1,,,1815Qs@02FNdQeL<q?KPUhPj00Sl,0*4F
\s:66,c:1782377497*1B\!AIVDM,1,1,,,Kn9L0ft?H4QQu0Ot,0*28
\s:66,c:1782377494*18\!AIVDM,1,1,,,19NSEQkP00OB0;d3FH5UUOw028CE,0*33
\s:66,c:1782377488*15\!AIVDM,1,1,,,19NSn1PuiNLWvccgTQ=pRVtf0@=b,0*54
\s:66,c:1782377493*1F\!AIVDM,1,1,,,Kr5ctK0LuN=Kr28b,0*1C
\s:66,c:1782377495*19\!AIVDM,1,1,,,Kn9GEkL4>mPfJ0Ot,0*4E
\s:66,c:1782377496*1A\!AIVDM,1,1,,,16TjfJ0P0cmIeHauEPSU43jr2@At,0*17
\s:66,c:1782377491*1D\!AIVDM,1,1,,,Km?dfvP?`sS@<VUd,0*3E
\g:1-2-5199105,s:66,c:1782377498*56\!AIVDM,2,1,5,,544`nC82:2RAD8mK8004q@58E<0000000000001I=0C?25bW0BlUH80C,0*58
\g:2-2-5199105*6D\!AIVDM,2,2,5,,PA6DP0000000000,2*63
\s:66,c:1782377498*14\!AIVDM,1,1,,,KnUNCN05j?C37a?p,0*6D
\s:66,c:1782377495*19\!AIVDM,1,1,,,KnK3`wHE7cjVDP4p,0*18
\s:66,c:1782377494*18\!AIVDM,1,1,,,1815MOh1QO4S`C1fuTk37jU40L00,0*05
\s:66,c:1782377500*14\!AIVDM,1,1,,,19N`2w@wjt3Loo9ij2p96oC:053<,0*39
\s:66,c:1782377497*1B\!AIVDM,1,1,,,KmNNevc<TVj<qRhl,0*7E
\s:66,c:1782377495*19\!AIVDM,1,1,,,KpI<to0?QLBK9Wd0,0*13
\s:66,c:1782377478*1A\!AIVDM,1,1,,,19jfDS0P0c0PbFF2QdSH9wvN0<0h,0*7B
\s:66,c:1782377484*19\!AIVDM,1,1,,,I8:`680OA5=PFi6eaa=ahQds:66,0*72
\s:66,c:1782377495*19\!AIVDM,1,1,,,KoOeIEP5Eb>hRPAp,0*42
\s:66,c:1782377492*1E\!AIVDM,1,1,,,Kk3w>ha@83Ce702h,0*04
\s:66,c:1782377489*14\!AIVDM,1,1,,,169L0VO00@<PJSMv6?TAIhDL08>G,0*76
\s:66,c:1782377488*15\!AIVDM,1,1,,,KmMvjK3seN2I=P@<,0*5A
\s:66,c:1782377497*1B\!AIVDM,1,1,,,KkeL2p0OKqB3d04P,0*28
\s:66,c:1782377488*15\!AIVDM,1,1,,,KmRr;29NOp>IO0Dh,0*04
\s:66,c:1782377497*1B\!AIVDM,1,1,,,Kp15L<@5KMi8b6i<,0*0B
\s:66,c:1782377495*19\!AIVDM,1,1,,,Kp15L<@5KMi8b6i<,0*0B
\s:66,c:1782377494*18\!AIVDM,1,1,,,Kp15F6@2MvO8TUS8,0*7C
\s:66,c:1782377497*1B\!AIVDM,1,1,,,Kk:@tT02LGft@U3d,0*44
\s:66,c:1782377497*1B\!AIVDM,1,1,,,KqNSL<@1vBgIM4SL,0*3D
\s:66,c:1782377495*19\!AIVDM,1,1,,,3458`?U000c:h0TLwpmeI`<v2P00,0*40
\s:66,c:1782377494*18\!AIVDM,1,1,,,37PJ<a0P@M`>W@Uk`<b5h9<v00j0,0*74
\s:66,c:1782377499*15\!AIVDM,1,1,,,KpuPOq;hc?uQ1Pk<,0*5A
\s:66,c:1782377495*19\!AIVDM,1,1,,,1:U71k0009M7HVqk@sdeemc608Dj,0*6A
\s:66,c:1782377500*14\!AIVDM,1,1,,,KpuPOq;hc?uQ1Pk<,0*5A
\s:66,c:1782377486*1B\!AIVDM,1,1,,,KpI39Q0<7IQI3UWl,0*79
\s:66,c:1782377483*1E\!AIVDM,1,1,,,KkW<P;<?gaRNw0Ot,0*22
\s:66,c:1782377490*1C\!AIVDM,1,1,,,13ch@L002@vd;lH6AfSetP8j00ST,0*4B
\s:66,c:1782377495*19\!AIVDM,1,1,,,13JU@P001hNv>ihA>vdocV94053<,0*04
\s:66,c:1782377495*19\!AIVDM,1,1,,,13ch@L002@vd;l66Agbuvh9008D;,0*04
\s:66,c:1782377497*1B\!AIVDM,1,1,,,Klb>fj8?bB30jSn4,0*57
\s:66,c:1782377494*18\!AIVDM,1,1,,,19jfr30P000GREJ37r55HOvv00Sm,0*27
\s:66,c:1782377488*15\!AIVDM,1,1,,,KrU90DP>LsN<sS9p,0*0C
\s:66,c:1782377493*1F\!AIVDM,1,1,,,1;@1dIPP00sov=iiPvCb:?vr28AS,0*78
\s:66,c:1782377484*19\!AIVDM,1,1,,,Kp;Qd4<4QNPc=P2@,0*5D
\s:66,c:1782377487*1A\!AIVDM,1,1,,,Kp:Wp4LDVL0gf0Ot,0*5D
\s:66,c:1782377494*18\!AIVDM,1,1,,,15MK2H0311FLUWNPeG0mplvv053<,0*63
\s:66,c:1782377495*19\!AIVDM,1,1,,,13F2O8002MmhW0>MvpJBKR2r0<00,0*53
\s:66,c:1782377495*19\!AIVDM,1,1,,,ENkaRdfb1@@@@@@@@@@@@@@@@@@=1LN;<oTcp00003vP000,2*63
\s:66,c:1782377496*1A\!AIVDM,1,1,,,18I<NI002aFg=16<r=OcR9C2053<,0*1B
\s:66,c:1782377491*1D\!AIVDM,1,1,,,37PBm:8Oi`:ng5qe;KmUQDLr00Lh,0*0D
\s:66,c:1782377492*1E\!AIVDM,1,1,,,B6<fnMh05m4Dr0OT@bBiCwv63P06,0*5B
\s:66,c:1782377495*19\!AIVDM,1,1,,,8>k1oKiKpBjS?J320d?7mre0<N00,0*26
\s:66,c:1782377495*19\!AIVDM,1,1,,,KnK3buaDm2ROHP9P,0*3B
\s:66,c:1782377489*14\!AIVDM,1,1,,,16Tp2@012cIK@2L7:GpDPk`V0<06,0*23
\s:66,c:1782377492*1E\!AIVDM,1,1,,,1592uP@01Qq9D@p;;MuU:47008BE,0*0A
\s:66,c:1782377480*1D\!AIVDM,1,1,,,Kk:Ma40@ETP1m0mp,0*25
\s:66,c:1782377487*1A\!AIVDM,1,1,,,14`V3j@01M08igqnqjh5`4Rh08?1,0*36
\s:66,c:1782377488*15\!AIVDM,1,1,,,KrU71J0>Bg>8mRld,0*5D
\s:66,c:1782377493*1F\!AIVDM,1,1,,,KrLWwP4=WNL0P7Cd,0*4E
\s:66,c:1782377497*1B\!AIVDM,1,1,,,K6:Jw3Pl5FQQhP>L,0*2B
\s:66,c:1782377499*15\!AIVDM,1,1,,,14QH`D;00no@0dJKLIj0:0=:0t1G,0*10
\s:66,c:1782377494*18\!AIVDM,1,1,,,13K:GP002J49<JefUkJ30jJj00S4,0*59
\s:66,c:1782377489*14\!AIVDM,1,1,,,36Kke`001c:uBsMekdpWlF6>0C2e,0*6D
\s:66,c:1782377491*1D\!AIVDM,1,1,,,16KSqr002<;DRN;gphklJkVr08B6,0*2C
\s:66,c:1782377495*19\!AIVDM,1,1,,,19N`32P02o<<suvNdh;2`j700@BM,0*34
\s:66,c:1782377498*14\!AIVDM,1,1,,,KqN`32P6?mksO94<,0*20
\s:66,c:1782377495*19\!AIVDM,1,1,,,K5C6tB859gAOv5EH,0*49
\s:66,c:1782377492*1E\!AIVDM,1,1,,,I>CQmtAocNR4cUdnPKIgKSJwBlmm,0*7C
\s:66,c:1782377493*1F\!AIVDM,1,1,,,KmS3=:?u4g0cj0Ot,0*0D
\s:66,c:1782377490*1C\!AIVDM,1,1,,,Kkku:guOk@jaHPCt,0*31
\s:66,c:1782377493*1F\!AIVDM,1,1,,,33=R7B5000vh=F@8Is=6<hbj0000,0*08
\s:66,c:1782377493*1F\!AIVDM,1,1,,,19NSiWP02<MOqC48eu4pTFhr00SK,0*5A
\s:66,c:1782377484*19\!AIVDM,1,1,,,398Vhs0P1OPcA<H27dVdjOvb20Jk,0*41
\s:66,c:1782377499*15\!AIVDM,1,1,,,19jdG::P01PPe9f2QsMN4?w>20S@,0*0D
\s:66,c:1782377499*15\!AIVDM,1,1,,,19jnUn?P0=PAd0T3`RsWHOw>28G8,0*3D
\s:66,c:1782377488*15\!AIVDM,1,1,,,15@9c0001lLMjD9eo9F`?VTh08>U,0*21
\s:66,c:1782377494*18\!AIVDM,1,1,,,15NM8;P019FFTCDQ4EPFoUG00<0C,0*5C
\g:1-2-5199106,s:66,c:1782377497*5A\!AIVDM,2,1,6,,59NSanp2GVWKDh=K:21=@j10D58j22222222221@G@c=G5lB0F@kS6Aw,0*2F
\g:2-2-5199106*6E\!AIVDM,2,2,6,,T0@S0`888888880,2*44
\s:66,c:1782377499*15\!AIVDM,1,1,,,39NSanhwjBDvcipAVt?3ORi80CpM,0*6D
\s:66,c:1782377497*1B\!AIVDM,1,1,,,18JNm6002V5BqessFFK8ro6n0@Cq,0*42
\s:66,c:1782377498*14\!AIVDM,1,1,,,15NLscPP01lr=?`;BSp<>Ow828Dl,0*76
\s:66,c:1782377491*1D\!AIVDM,1,1,,,144j74g013c;c6LN1VdeVJpp28@`,0*35
\s:66,c:1782377495*19\!AIVDM,1,1,,,KnK2Qsh5?LS4O5id,0*27
\s:66,c:1782377494*18\!AIVDM,1,1,,,B7Ohqw000J4?6MsK16;Q3wg1nDpJ,0*6E
\s:66,c:1782377494*18\!AIVDM,1,1,,,177QiJ0vif691H3nR7GjNR7p00SS,0*55
\s:66,c:1782377495*19\!AIVDM,1,1,,,Kp15O>@0rsMOL5h4,0*7F
\s:66,c:1782377500*14\!AIVDM,1,1,,,Kp15O>@0rsMOL5h4,0*7F
\s:66,c:1782377488*15\!AIVDM,1,1,,,Kp15A<0:WTk4M66l,0*52
\s:66,c:1782377499*15\!AIVDM,1,1,,,KnK3WP042@vMeaED,0*75
\s:66,c:1782377496*1A\!AIVDM,1,1,,,Koljmr`29O1@hTg4,0*60
\s:66,c:1782377496*1A\!AIVDM,1,1,,,Km?dVPiAGGAL1O4H,0*3B
\s:66,c:1782377486*1B\!AIVDM,1,1,,,K6:w;<8?Og0RRU7d,0*49
\s:66,c:1782377486*1B\!AIVDM,1,1,,,KqNSkOP?KFQsiW1P,0*7B
\s:66,c:1782377478*1A\!AIVDM,1,1,,,Kk8`M40@O7wG:06@,0*22
\s:66,c:1782377484*19\!AIVDM,1,1,,,K6:w;<8?Og0RRU7d,0*49
\s:66,c:1782377487*1A\!AIVDM,1,1,,,15?dbTp00VPEKH:2WCsGeE`d20Rb,0*00
\s:66,c:1782377494*18\!AIVDM,1,1,,,19jbrv8P?w<tSF0l4Q@>4?wv0`CB,0*02
\s:66,c:1782377497*1B\!AIVDM,1,1,,,13=RJl001W0b2O5sQCUFRm>n1`DC,0*1B
\s:66,c:1782377495*19\!AIVDM,1,1,,,KmR7Th1DiaRMfP0`,0*1C
\s:66,c:1782377495*19\!AIVDM,1,1,,,Km3>KIiEC3@vs0;t,0*28
\s:66,c:1782377497*1B\!AIVDM,1,1,,,KmMlPs7sMACA=0?`,0*5B
\s:66,c:1782377494*18\!AIVDM,1,1,,,K3kiWr01vn>@d6?@,0*72
\s:66,c:1782377492*1E\!AIVDM,1,1,,,C>etfc0004l@NVviAb`03wv0lWgQc11111111111STeh00<2PQ2P,0*68
\s:66,c:1782377498*14\!AIVDM,1,1,,,KrpE2?0M2n?saPAh,0*13
\s:66,c:1782377497*1B\!AIVDM,1,1,,,KmMlPs7sMACA=0?`,0*5B
\s:66,c:1782377489*14\!AIVDM,1,1,,,C3i<Q?00E>0BO?un7r9FcTN0P`UWSKQUKkk:0000000000D2RRR0,0*76
\s:66,c:1782377486*1B\!AIVDM,1,1,,,15?u6D01RCveMQN::hSoS5tf00S6,0*4F
\s:66,c:1782377497*1B\!AIVDM,1,1,,,15?u6D0vjCveMM`::fdWT5u60<2t,0*7A
\s:66,c:1782377489*14\!AIVDM,1,1,,,14ak=40P2aOeEQl2vTiqD?vl0d1p,0*7C
\s:66,c:1782377494*18\!AIVDM,1,1,,,Kn9L0oKwJD0ht0bp,0*54
\s:66,c:1782377499*15\!AIVDM,1,1,,,34ak=40P2SOeEDF2vSl9GOw:0VRk,0*57
\s:66,c:1782377487*1A\!AIVDM,1,1,,,KklpvD1F`>6bTOwv,0*0E
\s:66,c:1782377495*19\!AIVDM,1,1,,,Ip;0Mq1T16em1p;:UEb0G2Mddjdp,0*47
\s:66,c:1782377489*14\!AIVDM,1,1,,,15R:DR000s<QNEac`2b6h5Ln08@V,0*5D
\s:66,c:1782377492*1E\!AIVDM,1,1,,,C>f38lh00C4gAjMV17n<Cwv0@NVK02BW0`:Va0V@BQ1000<2PQ2P,0*75
\s:66,c:1782377491*1D\!AIVDM,1,1,,,Kkm9Cl`0GRDd=P9T,0*59
\s:66,c:1782377491*1D\!AIVDM,1,1,,,15Thhp0023lrF02NVlT;<plP0<05,0*7E
\s:66,c:1782377491*1D\!AIVDM,1,1,,,137mrd002qbnkFtIC:O2g2:r08A<,0*1A
\s:66,c:1782377495*19\!AIVDM,1,1,,,KnK2;gH57rBVwP60,0*6A
\s:66,c:1782377492*1E\!AIVDM,1,1,,,13AM=V002h0cPaQi6>=<Nb0p88AI,0*6F
\s:66,c:1782377493*1F\!AIVDM,1,1,,,Km?dfi00jeuKPUUD,0*30
\s:66,c:1782377493*1F\!AIVDM,1,1,,,18I1ef01QsIP:Bp5WLs4NSbr0D00,0*37
\s:66,c:1782377483*1E\!AIVDM,1,1,,,KpI1ef0<c5hf0V78,0*1A
\s:66,c:1782377493*1F\!AIVDM,1,1,,,KleJ<19KMS3VM03t,0*51
\s:66,c:1782377493*1F\!AIVDM,1,1,,,18R=FI003?NgrF27wmgGIEq<053<,0*6B
\s:66,c:1782377484*19\!AIVDM,1,1,,,198osG0P0:0Vb3F2Q86Rn?v`2H<H,0*61
\s:66,c:1782377484*19\!AIVDM,1,1,,,15?dh?PP3c0nRHwtvSllIwv`00S<,0*1A
\s:66,c:1782377493*1F\!AIVDM,1,1,,,K:U90:Pf>0v51P9h,0*3B
\s:66,c:1782377495*19\!AIVDM,1,1,,,34a3u`0022nFgJJQL7Ie:JS2066k,0*24
\s:66,c:1782377496*1A\!AIVDM,1,1,,,KlpWHm<=KqAFE0B@,0*09
\s:66,c:1782377501*15\!AIVDM,1,1,,,Km2fHs=M=O2mH00P,0*6B
\s:66,c:1782377497*1B\!AIVDM,1,1,,,15UUw801Ag2u3Ecnmw;pnWD`0@Cp,0*38
\s:66,c:1782377497*1B\!AIVDM,1,1,,,13lbwj01QJ4TsbMo<rnAwQdv0L0:,0*1C
\s:66,c:1782377499*15\!AIVDM,1,1,,,16:<Tr0P0m<RpC1tRU:6Rgw200S`,0*2D
\s:66,c:1782377491*1D\!AIVDM,1,1,,,Kp15=fH250=dQU3l,0*7E
\s:66,c:1782377493*1F\!AIVDM,1,1,,,Ko7Bk=0NCaN>v0@4,0*7E
\s:66,c:1782377501*15\!AIVDM,1,1,,,14eG<boP00KACm`I5Aiv4?w80@EP,0*66
\s:66,c:1782377494*18\!AIVDM,1,1,,,KmSvJ>02uA>G`5gp,0*1D
\s:66,c:1782377497*1B\!AIVDM,1,1,,,1775b<01j<4FRFcloBw9B7Dd0L06,0*4F
\s:66,c:1782377497*1B\!AIVDM,1,1,,,13eMwp001W4@L`=n6d91uim40<02,0*36
\s:66,c:1782377494*18\!AIVDM,1,1,,,15?d`5001b5`233f6EgbfpRn00Rg,0*56
\s:66,c:1782377494*18\!AIVDM,1,1,,,KmSvJ>02uA>G`5gp,0*1D
\s:66,c:1782377492*1E\!AIVDM,1,1,,,16TL`F?00OnsdJv1eSan=lnp20Rp,0*0C
\s:66,c:1782377500*14\!AIVDM,1,1,,,KrU7GiQNJrvDm07@,0*2D
\s:66,c:1782377493*1F\!AIVDM,1,1,,,1;DjiqpP?w<tSF0l4Q@>4?wvQd0=,0*1B
\s:66,c:1782377498*14\!AIVDM,1,1,,,1395h400iPJ:ds3uA;?78Uc2053<,0*69
\s:66,c:1782377486*1B\!AIVDM,1,1,,,3815FpHP@:NtLlJ60P`o;nrf04bS,0*41
\s:66,c:1782377493*1F\!AIVDM,1,1,,,18I<`:01BRvwII03I?PdcJ:t00Ru,0*50
\s:66,c:1782377487*1A\!AIVDM,1,1,,,Kn:CLI`4O72;g3U<,0*26
\s:66,c:1782377495*19\!AIVDM,1,1,,,Kn:BMe<DLEj?i0A8,0*16
\s:66,c:1782377491*1D\!AIVDM,1,1,,,B5OD8@P00=Wmds888c0=l5f1jCOb,0*7F
\s:66,c:1782377501*15\!AIVDM,1,1,,,1815aI@02DJDLef>pkrP?PE60@EF,0*6D
\s:66,c:1782377495*19\!AIVDM,1,1,,,KnK2N1@4rvBRMUfp,0*2A
\s:66,c:1782377495*19\!AIVDM,1,1,,,Kn:CLI`4O72;g3U<,0*26
\s:66,c:1782377495*19\!AIVDM,1,1,,,KnK2mQ9Dp92Q?P00,0*3F
\s:66,c:1782377495*19\!AIVDM,1,1,,,KnSeEe?lWqRLUPOt,0*01
\s:66,c:1782377498*14\!AIVDM,1,1,,,KrpDpHP=>vPhi02l,0*48
\s:66,c:1782377496*1A\!AIVDM,1,1,,,Km?dUkd21U1nMPCp,0*67
\s:66,c:1782377490*1C\!AIVDM,1,1,,,Kn:CLI`4O72;g3U<,0*26
\s:66,c:1782377497*1B\!AIVDM,1,1,,,33ksl@0w1vNvHf:Ab5>hc0U4007k,0*51
\s:66,c:1782377494*18\!AIVDM,1,1,,,1815>CC00e0gWCcsK5lGUmhp053<,0*1D
\s:66,c:1782377497*1B\!AIVDM,1,1,,,15Uc3F00020n?i9twUTFTbe6053<,0*38
\s:66,c:1782377494*18\!AIVDM,1,1,,,15NfPk7005G4Rl4JwU59:AO22D0:,0*15
\s:66,c:1782377501*15\!AIVDM,1,1,,,Kk7EDh1MI53KFPCt,0*40
\s:66,c:1782377489*14\!AIVDM,1,1,,,K6KgHB05safa=UlP,0*78
\s:66,c:1782377489*14\!AIVDM,1,1,,,35NgrwPOh3mINUMoGeehnS<j01vP,0*77
\s:66,c:1782377491*1D\!AIVDM,1,1,,,15NIsM?P00E6BwtQ4<==gwvl053<,0*5E
\s:66,c:1782377492*1E\!AIVDM,1,1,,,18MDJ<02RS08l2qfjfg:dHRn0@@H,0*6A
\s:66,c:1782377499*15\!AIVDM,1,1,,,19NSWLP01=1ia@Id8VbS:RLv0<0>,0*5E
\s:66,c:1782377493*1F\!AIVDM,1,1,,,1:U8c>PP01tQBUIgn?@p@?vv28B=,0*2A
\s:66,c:1782377500*14\!AIVDM,1,1,,,19NSWLP01=1ia@Id8VbS:RLv0<0>,0*5E
\s:66,c:1782377493*1F\!AIVDM,1,1,,,KmOEV:d<bN2:uP@D,0*7A
\s:66,c:1782377500*14\!AIVDM,1,1,,,Kn?Ukr02atAUT034,0*51
\s:66,c:1782377489*14\!AIVDM,1,1,,,ENmw5JO6WWa4W3h0R7@HP000000@C=Eb1>EIP1088;f000,4*06
\s:66,c:1782377487*1A\!AIVDM,1,1,,,KoldMr03s2gTP2UH,0*7A
\s:66,c:1782377495*19\!AIVDM,1,1,,,14eKP@001Ws;3LjQlmWh`hS000RT,0*65
\s:66,c:1782377492*1E\!AIVDM,1,1,,,Kl`3Lf?u`42GP<7D,0*4D
\s:66,c:1782377492*1E\!AIVDM,1,1,,,KkMAIu<00s3i90Ot,0*50
\s:66,c:1782377493*1F\!AIVDM,1,1,,,Km?dNQh:tJiu@Uj`,0*6A
\s:66,c:1782377493*1F\!AIVDM,1,1,,,13:R:8001jMMIq=qD?R@d0Tr08A4,0*46
\s:66,c:1782377497*1B\!AIVDM,1,1,,,15?dj=001o4<iEklL9Oq@GFv08Bk,0*4F
\s:66,c:1782377491*1D\!AIVDM,1,1,,,Km?dNQh:tJiu@Uj`,0*6A
\s:66,c:1782377492*1E\!AIVDM,1,1,,,C>pRWN00:;9;QOuT=oBRSTN0@2L>`NM1SScSUKie:00000D2RRR0,0*48
\s:66,c:1782377495*19\!AIVDM,1,1,,,1815Ec@tDaPqHq?sRp`5PTFv0D08,0*36
\s:66,c:1782377493*1F\!AIVDM,1,1,,,KpI<Lm0=0Wwc860D,0*0C
\s:66,c:1782377493*1F\!AIVDM,1,1,,,19NS:4@02gNrtI0?vVEGmn<v0<1v,0*77
\s:66,c:1782377500*14\!AIVDM,1,1,,,KrU7GAuNJwvE0P>`,0*31
\s:66,c:1782377494*18\!AIVDM,1,1,,,KmN8qa`:?aTCBPE8,0*5B
\s:66,c:1782377501*15\!AIVDM,1,1,,,Kkmsgh0?6WCGv6?p,0*33
\s:66,c:1782377493*1F\!AIVDM,1,1,,,KmN8qa`:?aTCBPE8,0*5B
\s:66,c:1782377494*18\!AIVDM,1,1,,,37`B0O@P@V<O8jSVsSmUf4vj06qk,0*56
\s:66,c:1782377495*19\!AIVDM,1,1,,,KmN8qa`:?aTCBPE8,0*5B
\s:66,c:1782377495*19\!AIVDM,1,1,,,15DaTj00250rj2od8OssR9;00HBv,0*35
\s:66,c:1782377495*19\!AIVDM,1,1,,,1:U75503@1M4OTkkOwMuBDO20<1E,0*1D
\s:66,c:1782377495*19\!AIVDM,1,1,,,KrU7GAuNJwvE0P>`,0*31
\s:66,c:1782377488*15\!AIVDM,1,1,,,KleIO3ksM3kW1POt,0*10
\s:66,c:1782377497*1B\!AIVDM,1,1,,,K9joQ>1@@A@FM0=4,0*7D
\s:66,c:1782377487*1A\!AIVDM,1,1,,,Kkl3nuP4ReRN;4P4,0*27
\s:66,c:1782377491*1D\!AIVDM,1,1,,,15NWWo0OhMmJI<TQUDMArQDj0H@i,0*0E
\s:66,c:1782377494*18\!AIVDM,1,1,,,35NWWo0OhNmJI>4QUDPR4QFp0000,0*6C
\s:66,c:1782377494*18\!AIVDM,1,1,,,15N0VDPP00lbd`LQitE0=ww0253<,0*75
\s:66,c:1782377495*19\!AIVDM,1,1,,,15N:GV0P01lhVcrQW9F:Rgw20<0w,0*5C
\s:66,c:1782377492*1E\!AIVDM,1,1,,,Kkku3P`M6<C:dP?l,0*03
\s:66,c:1782377496*1A\!AIVDM,1,1,,,KmMt5TP<m7C@dU=8,0*18
\s:66,c:1782377493*1F\!AIVDM,1,1,,,15AWjL0wBfEw?U0FevOs`qDt0HB3,0*19
\s:66,c:1782377497*1B\!AIVDM,1,1,,,KqN`1N@:CKk6caVl,0*1B
\s:66,c:1782377497*1B\!AIVDM,1,1,,,19NSEK002J428BulGT3b3H7d0<0<,0*0B
\s:66,c:1782377496*1A\!AIVDM,1,1,,,Ko7iRI01J>uPW65p,0*72
\s:66,c:1782377491*1D\!AIVDM,1,1,,,16Klwb001U<5G:<KccB332Fj0D00,0*1D
\s:66,c:1782377499*15\!AIVDM,1,1,,,68w:EEh00000>da2D6000000,0*07
\s:66,c:1782377493*1F\!AIVDM,1,1,,,1:U9030004M8DdSk5O@ihF@4053<,0*69
\s:66,c:1782377495*19\!AIVDM,1,1,,,B:U7>I@0AoAog=u5tclq0eh02h06,0*3B
\s:66,c:1782377500*14\!AIVDM,1,1,,,1:U7BHC004M8uJ;k29Vqkn5>08FO,0*4A
\s:66,c:1782377491*1D\!AIVDM,1,1,,,18I8>Q001b3AolAgpE:S5RVl0D02,0*03
\s:66,c:1782377500*14\!AIVDM,1,1,,,Ko7iRI01J>uPW65p,0*72
\s:66,c:1782377493*1F\!AIVDM,1,1,,,KmO1d1`<a>2>G1l0,0*4F
\s:66,c:1782377497*1B\!AIVDM,1,1,,,Km?dhr0;O:3RoUft,0*37
\s:66,c:1782377493*1F\!AIVDM,1,1,,,KmMt5TP<m7C@dU=8,0*18
\s:66,c:1782377496*1A\!AIVDM,1,1,,,KmW?pN8BT;Abq02@,0*12
\s:66,c:1782377500*14\!AIVDM,1,1,,,KnbT>n>1hr28@k:4,0*1E
\s:66,c:1782377490*1C\!AIVDM,1,1,,,KqNSMi0Of8jMj0:d,0*66
\s:66,c:1782377486*1B\!AIVDM,1,1,,,14bHs8700`vgeSp;Ita4bCNd0l1g,0*51
\s:66,c:1782377497*1B\!AIVDM,1,1,,,KpI1Pm0>gDgKq6Pd,0*6B
\s:66,c:1782377497*1B\!AIVDM,1,1,,,1815H<h025NG=s@5;0V0eha608Dv,0*7E
\s:66,c:1782377487*1A\!AIVDM,1,1,,,KqjkFK8@7n0MdP7<,0*32
\s:66,c:1782377496*1A\!AIVDM,1,1,,,KmO4gs4=4>ir@P?0,0*29
\s:66,c:1782377493*1F\!AIVDM,1,1,,,Kko98p05@:hR?6aL,0*38
\s:66,c:1782377497*1B\!AIVDM,1,1,,,1815bV@vinEl:BbM98WKMI?000Rr,0*27
\s:66,c:1782377494*18\!AIVDM,1,1,,,1392lT001n2H5Nmi5oU<rrEn08Aw,0*2A
\s:66,c:1782377498*14\!AIVDM,1,1,,,15TShn0022El<oD;?5KcNa=H00SC,0*0F
\s:66,c:1782377496*1A\!AIVDM,1,1,,,C1;@J4@00AO<tGsCPDVlR@N0HRjkSUQKSgKie;1111100000002P,0*0F
\s:66,c:1782377495*19\!AIVDM,1,1,,,KnLaRt058C2L4Umh,0*2D
\s:66,c:1782377494*18\!AIVDM,1,1,,,15Tw6n002885A<KjJC5GK5rl0@Ac,0*0A
\s:66,c:1782377492*1E\!AIVDM,1,1,,,19NSOB@01iNqfa;f0sJT2CFj053<,0*38
\s:66,c:1782377489*14\!AIVDM,1,1,,,1bu0H?h9QLIQNuwwOiTquH6T0000,0*35
\s:66,c:1782377500*14\!AIVDM,1,1,,,KpI1Pm0>gDgKq6Pd,0*6B
\s:66,c:1782377500*14\!AIVDM,1,1,,,3815=8h01uNa7w5raO>`uVm00Bfu,0*36
\s:66,c:1782377500*14\!AIVDM,1,1,,,13=7@R002H33n2ugUjg9`oe088Cv,0*47
\s:66,c:1782377498*14\!AIVDM,1,1,,,39NSd>P01WJ4HI@0Gw:1Pi?000qh,0*37
\s:66,c:1782377486*1B\!AIVDM,1,1,,,KkdQE48?`RBSLUcH,0*15
\s:66,c:1782377493*1F\!AIVDM,1,1,,,19NSaHP0QjvjPfLDj6dCUBlt00Rh,0*6C
\s:66,c:1782377495*19\!AIVDM,1,1,,,13Eeb<UP0jvoeOL?nRvJiOw42HD;,0*64
\s:66,c:1782377484*19\!AIVDM,1,1,,,Km5QSb@0>b0DMRdD,0*73
\s:66,c:1782377497*1B\!AIVDM,1,1,,,138uHr002V0K5=Kp@3`njUK6053<,0*0B
\s:66,c:1782377500*14\!AIVDM,1,1,,,39NSVAi101LRFFMi1gKTd5Rp0Dg:,0*17
\s:66,c:1782377487*1A\!AIVDM,1,1,,,KnK2=Pp4jcBNsPAT,0*21
\s:66,c:1782377487*1A\!AIVDM,1,1,,,I8;;tA1ufcEDSIOFqFOS`C6bdoi5,0*7B
\s:66,c:1782377501*15\!AIVDM,1,1,,,KmNLkQ7=<rje@00D,0*36
\s:66,c:1782377491*1D\!AIVDM,1,1,,,Ko7PlN<;PsAE6VjT,0*78
\s:66,c:1782377478*1A\!AIVDM,1,1,,,KmV9wl1@LLNq43cP,0*4F
\s:66,c:1782377478*1A\!AIVDM,1,1,,,38I9pi1200weUN@2vat`43`L0Dcr,0*30
\s:66,c:1782377483*1E\!AIVDM,1,1,,,Kl4cKR=MtA=LJ0:<,0*46
\s:66,c:1782377500*14\!AIVDM,1,1,,,KrkJkNPMCMLmn020,0*34
\s:66,c:1782377487*1A\!AIVDM,1,1,,,Km?dOhh4L>ivB524,0*7D
\s:66,c:1782377491*1D\!AIVDM,1,1,,,14QVO2001CDinr0PBu>BGAfn0Owt,0*02
\s:66,c:1782377495*19\!AIVDM,1,1,,,34QVO20PADDio1nPBuSjDQc400uh,0*63
\s:66,c:1782377497*1B\!AIVDM,1,1,,,1ENBjb0001o<oOHJIS;4ka@v0000,0*4E
\s:66,c:1782377494*18\!AIVDM,1,1,,,Kl`V0Oh60kMjb36D,0*08
\s:66,c:1782377494*18\!AIVDM,1,1,,,E>m1GUhQT0W72V@87a:@9`0a@1:n;LN<kQPhP00003fP33nH3SsdLP,4*69
\s:66,c:1782377493*1F\!AIVDM,1,1,,,1815OG@01QJQ=245nWFSHjfl08A1,0*1B
\s:66,c:1782377493*1F\!AIVDM,1,1,,,B:U70u@00?1J=0waia@N;wfUoP06,0*67
\s:66,c:1782377494*18\!AIVDM,1,1,,,KkaLlsAMgp0hiP9h,0*5E
\s:66,c:1782377489*14\!AIVDM,1,1,,,KoP47h85Ecfhe0CD,0*0F
\s:66,c:1782377489*14\!AIVDM,1,1,,,Kl`V0Oh60kMjb36D,0*08
\s:66,c:1782377500*14\!AIVDM,1,1,,,15?dgghuQfMm9Dgs0FUE7Cw:08G2,0*79
\s:66,c:1782377493*1F\!AIVDM,1,1,,,Kp15OG@=<I@gtTUL,0*46
\s:66,c:1782377488*15\!AIVDM,1,1,,,KqNSIe0<cIj<eVS@,0*3C
\s:66,c:1782377488*15\!AIVDM,1,1,,,KmO3>>eKF8Se9P08,0*3A
\s:66,c:1782377500*14\!AIVDM,1,1,,,Ko1Kfr1B05il>P4`,0*64
\s:66,c:1782377497*1B\!AIVDM,1,1,,,KqNSIe0<cIj<eVS@,0*3C
\s:66,c:1782377478*1A\!AIVDM,1,1,,,1815Tf01BI017`R39>Nl@CNL0U3<,0*2B
\s:66,c:1782377478*1A\!AIVDM,1,1,,,Kl`UuSi@LpOSBP<d,0*10
\s:66,c:1782377480*1D\!AIVDM,1,1,,,15Rrf<002t0IwL1ldEk5QTLT0<00,0*2E
\s:66,c:1782377480*1D\!AIVDM,1,1,,,Kqtc0V;wll@G`16H,0*48
\s:66,c:1782377488*15\!AIVDM,1,1,,,KsDjhsaM;<g7T00T,0*11
\s:66,c:1782377484*19\!AIVDM,1,1,,,Kn:R`N03wa1R33kl,0*75
\s:66,c:1782377484*19\!AIVDM,1,1,,,K6:3a6wl:w1WH0Ot,0*37
\s:66,c:1782377494*18\!AIVDM,1,1,,,153<dD0P01lfs?2QD`0s4ww020Rf,0*5D
\s:66,c:1782377498*14\!AIVDM,1,1,,,35MqE?POi?FK2ljQ7wfM;Ja902<@,0*3A
\s:66,c:1782377492*1E\!AIVDM,1,1,,,Kq0wc69hODRS4P0D,0*04
\s:66,c:1782377498*14\!AIVDM,1,1,,,B3DT0D00>E2kG`wlsJw3owiTSP06,0*31
\s:66,c:1782377489*14\!AIVDM,1,1,,,C>kv61000m6<bSJWr;403wc1kkaQSiiUQ111111111fd0040PPRP,0*72
\s:66,c:1782377499*15\!AIVDM,1,1,,,KpI:SF1FR;fc0P:D,0*3F
\s:66,c:1782377489*14\!AIVDM,1,1,,,14``HI001vp42Dr<uCM;taVF00Ra,0*2E
\s:66,c:1782377488*15\!AIVDM,1,1,,,KsDjhsaM;<g7T00T,0*11
\s:66,c:1782377488*15\!AIVDM,1,1,,,KmOCRcc<dGR<L09p,0*5B
\s:66,c:1782377497*1B\!AIVDM,1,1,,,KmOCRcc<dGR<L09p,0*5B
\s:66,c:1782377489*14\!AIVDM,1,1,,,1815UAPOnIPqA2qsLGnLCIll0<05,0*3C
\s:66,c:1782377494*18\!AIVDM,1,1,,,14`UwOP02nOoUTl2Wf<:2p0n0L0N,0*05
\s:66,c:1782377484*19\!AIVDM,1,1,,,Kn<fn8OlI;1rm0Ch,0*2A
\s:66,c:1782377494*18\!AIVDM,1,1,,,15NW`VgP00DgVj8QCvmh0?vv0<0F,0*48
\s:66,c:1782377501*15\!AIVDM,1,1,,,KmOF3<0=HMS0RT2t,0*6C
\s:66,c:1782377494*18\!AIVDM,1,1,,,16<ftSPP0R5JJ2kfGEPF1wvj0000,0*3B
\s:66,c:1782377499*15\!AIVDM,1,1,,,B>lEw1P06k2t?=Ms10>rKwh4SP06,0*1B
\s:66,c:1782377494*18\!AIVDM,1,1,,,C<ue<s@04iTl7?sUd1Bv0cv0`2BhB2L?SQKkW1ig:00000411R2P,0*37
\s:66,c:1782377495*19\!AIVDM,1,1,,,1815F=hw1w1Nu2oco<tS@BRj0<0E,0*4B
\s:66,c:1782377493*1F\!AIVDM,1,1,,,1815`:0tQnM8akoj4VO;;`hh00R4,0*1A
\s:66,c:1782377493*1F\!AIVDM,1,1,,,14`LFN001k1AMm1dDmtddb<t00Sk,0*56
\s:66,c:1782377488*15\!AIVDM,1,1,,,3;DjvE3Oh?JNmkAq6b`5fWPb01lP,0*54
\s:66,c:1782377493*1F\!AIVDM,1,1,,,1;DjvE3Oh@JNmkcq6bS5jGRl0D2H,0*1B
\s:66,c:1782377493*1F\!AIVDM,1,1,,,Kp15>QHtiJR5b08H,0*6D
\s:66,c:1782377497*1B\!AIVDM,1,1,,,KmMwj13<cgR@d0BD,0*6B
\s:66,c:1782377483*1E\!AIVDM,1,1,,,Kp15Ij0?Cb0P56i`,0*3F
\s:66,c:1782377486*1B\!AIVDM,1,1,,,Kp15cPP?B`1ccW;P,0*2B
\s:66,c:1782377493*1F\!AIVDM,1,1,,,13l3r=@21rNfq1<9p@v0203R00S9,0*56
\s:66,c:1782377493*1F\!AIVDM,1,1,,,3815cPP02:NWGo6=9BNo?Upt0QbQ,0*6F
\s:66,c:1782377478*1A\!AIVDM,1,1,,,KqjcU:80;g@Ip0P<,0*4A
\s:66,c:1782377484*19\!AIVDM,1,1,,,Kp15Ij0?Cb0P56i`,0*3F
\s:66,c:1782377488*15\!AIVDM,1,1,,,Kp157aPMuQ=KE0:T,0*5A
\s:66,c:1782377488*15\!AIVDM,1,1,,,KkFDSH<=tB=LJP8T,0*6E
\s:66,c:1782377500*14\!AIVDM,1,1,,,Kp15bHPMHgfeK0Bt,0*0E
\s:66,c:1782377497*1B\!AIVDM,1,1,,,Ip;LNo3v=9DPcMrH8gaDDjAU?<Ta,0*3F
\s:66,c:1782377494*18\!AIVDM,1,1,,,H08qe<0e??<qCC3KB3732D00000,2*5E
\s:66,c:1782377492*1E\!AIVDM,1,1,,,KmBS3J1Mi311dP1L,0*46
\s:66,c:1782377497*1B\!AIVDM,1,1,,,15Nvmu;000G@QU0KM;dcrHi42L1a,0*08
\s:66,c:1782377493*1F\!AIVDM,1,1,,,KmBS3J1Mi311dP1L,0*46
\s:66,c:1782377491*1D\!AIVDM,1,1,,,KlhjF@1@N?S=pPBH,0*00
\s:66,c:1782377498*14\!AIVDM,1,1,,,16Kql@000@:wNAnC?lt:k1;60<02,0*2D
\s:66,c:1782377499*15\!AIVDM,1,1,,,13@qLR002e0NlbEku<IUUlS48D09,0*3D
\s:66,c:1782377486*1B\!AIVDM,1,1,,,KqNSqFhONB0f<PEL,0*6F
\s:66,c:1782377487*1A\!AIVDM,1,1,,,KqNSqFhONB0f<PEL,0*6F
\s:66,c:1782377484*19\!AIVDM,1,1,,,Ko7nQT?l;Pi`ARwt,0*3E
\s:66,c:1782377487*1A\!AIVDM,1,1,,,Kp15M5p4J7@dgVP8,0*64
\s:66,c:1782377491*1D\!AIVDM,1,1,,,16:0g60vBVE`NNTOOcq:T8Nh053<,0*70
\s:66,c:1782377492*1E\!AIVDM,1,1,,,KleJJQ8=bw3AGP0@,0*71
\s:66,c:1782377495*19\!AIVDM,1,1,,,KkJ=F2=F65fGTPOt,0*22
\s:66,c:1782377497*1B\!AIVDM,1,1,,,1815bFh02?mKaqnHMFhKN9<v0@Cp,0*5D
\s:66,c:1782377489*14\!AIVDM,1,1,,,15UHgN0vj<:fpi3bG4E`ao7n0H@6,0*5C
\s:66,c:1782377499*15\!AIVDM,1,1,,,KkJ=F2=F65fGTPOt,0*22
\s:66,c:1782377495*19\!AIVDM,1,1,,,19NSV;@020CgTbVOckPkf36T053<,0*68
\s:66,c:1782377498*14\!AIVDM,1,1,,,1815bFh02?mKaqnHMFhKN9<v0@Cp,0*5D
\s:66,c:1782377500*14\!AIVDM,1,1,,,Kp15><AN=k?pw0;L,0*7C
\s:66,c:1782377486*1B\!AIVDM,1,1,,,13JQet001ivf5f4<Q<dWF5rd00SF,0*52
\s:66,c:1782377486*1B\!AIVDM,1,1,,,KkJU<V0>fEgOHR<@,0*51
\s:66,c:1782377478*1A\!AIVDM,1,1,,,39N`2uh2C304Bfkp0WkLQr2N0P00,0*6A
\s:66,c:1782377494*18\!AIVDM,1,1,,,13ADVl001b0Ic1=t>7nlUS`t053<,0*78
\s:66,c:1782377488*15\!AIVDM,1,1,,,Kp15:m@==a=aKUF8,0*12
\s:66,c:1782377494*18\!AIVDM,1,1,,,14eGBIHP00FpJ;0M1>hMlOw00D0b,0*01
\s:66,c:1782377489*14\!AIVDM,1,1,,,KoOtCG=EH9vUf0?`,0*5F
\s:66,c:1782377493*1F\!AIVDM,1,1,,,KrU78I;vf2gHd0E<,0*56
\s:66,c:1782377500*14\!AIVDM,1,1,,,15EE5t001K3<fc;hJPdRJ1rf053<,0*48
\s:66,c:1782377488*15\!AIVDM,1,1,,,Kp15:m@==a=aKUF8,0*12
\s:66,c:1782377497*1B\!AIVDM,1,1,,,KmNGOjW<PVj7aP2`,0*3E
\s:66,c:1782377493*1F\!AIVDM,1,1,,,14`Uueh01svbfjpB:fEPs@jr0D01,0*60
\s:66,c:1782377497*1B\!AIVDM,1,1,,,14`M5F001jNmOC85OuFdRbA80@E7,0*16
\s:66,c:1782377478*1A\!AIVDM,1,1,,,39jhEM0PA2PT7EJ2J?pUPljP20vP,0*08
\s:66,c:1782377487*1A\!AIVDM,1,1,,,Kqjgd39@?h@>2S2T,0*50
\s:66,c:1782377489*14\!AIVDM,1,1,,,H9ji>p1=@5:1<Q8Tm0E:0UP0000,2*3D
\s:66,c:1782377497*1B\!AIVDM,1,1,,,Kn;CSp1DBN1fLP8l,0*7F
\s:66,c:1782377491*1D\!AIVDM,1,1,,,14eIlehP0TG=;I2L87sADOvr0<2M,0*2C
\s:66,c:1782377495*19\!AIVDM,1,1,,,15O5jGP000E5lJHQ2@PIo73400Sa,0*1D
\s:66,c:1782377495*19\!AIVDM,1,1,,,15OB3T;00olPBC<QI89:WHS20?wu,0*0C
\s:66,c:1782377496*1A\!AIVDM,1,1,,,KleGdF8=jpSHO4:h,0*6D
\s:66,c:1782377501*15\!AIVDM,1,1,,,KmO<Qg3ud71DV0<t,0*4A
\s:66,c:1782377493*1F\!AIVDM,1,1,,,KmNJ`d0;5bC<OcS4,0*29
\s:66,c:1782377497*1B\!AIVDM,1,1,,,15NuTFP000GRoi4CDfgeJSDv0<2A,0*3A
\s:66,c:1782377499*15\!AIVDM,1,1,,,KmONkv0;K@S=CQn0,0*7F
\s:66,c:1782377499*15\!AIVDM,1,1,,,14eH07@000o<T0jL=l>J4A1>00SO,0*6A
\s:66,c:1782377493*1F\!AIVDM,1,1,,,14`Utj@007KnD5@3vSC;?a>t00Rj,0*68
\s:66,c:1782377494*18\!AIVDM,1,1,,,15QIc@001s5OTrSslAOq4oDF0L01,0*51
\s:66,c:1782377489*14\!AIVDM,1,1,,,Kp15Va@5NhvMi6=l,0*09
\s:66,c:1782377499*15\!AIVDM,1,1,,,33fD<`03ij08grIn0Li5V4U6019P,0*6A
\s:66,c:1782377493*1F\!AIVDM,1,1,,,13V>8H0vBcOABmGo03k58l8R00SM,0*6E
\s:66,c:1782377499*15\!AIVDM,1,1,,,Kqk4d<<0Ae@Cs0Qt,0*17
\s:66,c:1782377488*15\!AIVDM,1,1,,,KrU87k0>Lbf<=P>t,0*32
\s:66,c:1782377484*19\!AIVDM,1,1,,,Kp;?IG=DP8hj4POt,0*1A
\s:66,c:1782377498*14\!AIVDM,1,1,,,16Tklf?00cEa:f421Pi896u<2@FH,0*7D
\s:66,c:1782377489*14\!AIVDM,1,1,,,H>1W`4D00000000iikp000000000,0*4C
\s:66,c:1782377495*19\!AIVDM,1,1,,,16KBsv000M:K?E`Ghd:A2jO00HCJ,0*1C
\s:66,c:1782377492*1E\!AIVDM,1,1,,,34`IfP042cPDjIigpQG;7a0l00Th,0*78
\s:66,c:1782377495*19\!AIVDM,1,1,,,Kpv5M81A8lel>PfL,0*03
\s:66,c:1782377489*14\!AIVDM,1,1,,,K5RLDp8KNPB<c6lH,0*51
\s:66,c:1782377493*1F\!AIVDM,1,1,,,19NSJ;@1A`IIPTv74BflgCk00D05,0*64
\s:66,c:1782377483*1E\!AIVDM,1,1,,,15BCKJ002UM?:sGw>8iKjqL60<00,0*46
\s:66,c:1782377486*1B\!AIVDM,1,1,,,19NSmV012cNlHUt4LoNUoDbd053<,0*79
\s:66,c:1782377493*1F\!AIVDM,1,1,,,Km?d`e0?aJ2kr5jH,0*07
\s:66,c:1782377500*14\!AIVDM,1,1,,,KrLbcH:=qeM9O4n@,0*69
\s:66,c:1782377491*1D\!AIVDM,1,1,,,15NM=C000nFDbK0QCGhsCq<j0l0T,0*49
\s:66,c:1782377489*14\!AIVDM,1,1,,,15?jBr0022cS1@krEOq;s9Tf1`7B,0*42
\s:66,c:1782377499*15\!AIVDM,1,1,,,C>l?qM@024j<uhOKj7`icwj1kkaWSQcSg111111111hd0000002P,0*6B
\s:66,c:1782377491*1D\!AIVDM,1,1,,,Kl4WbG1@gMT0F0Ot,0*74
\s:66,c:1782377493*1F\!AIVDM,1,1,,,1778BS001cNKkH1d1a@:`8T`0@A<,0*15
\s:66,c:1782377488*15\!AIVDM,1,1,,,KmNcFH;<b>B>MP:p,0*12
\s:66,c:1782377486*1B\!AIVDM,1,1,,,Kp5V6gd?ME@hfP4h,0*7F
\s:66,c:1782377497*1B\!AIVDM,1,1,,,KkW3cf3waK2>W0Ot,0*18
\s:66,c:1782377487*1A\!AIVDM,1,1,,,Kp5V6gd?ME@hfP4h,0*7F
\s:66,c:1782377493*1F\!AIVDM,1,1,,,14eGjK001EG4eDHLLbjmMT>t053<,0*33
\s:66,c:1782377493*1F\!AIVDM,1,1,,,18I0`v001nKgegp5`qjt:qph0<03,0*66
\s:66,c:1782377491*1D\!AIVDM,1,1,,,188fUu7P0rEesQMmnqFkaOvn00Sa,0*21
\s:66,c:1782377496*1A\!AIVDM,1,1,,,C>jpWV@00@veeirw6v`:`8v1kkUiiQcWgKae;11111100000002P,0*6F
\s:66,c:1782377491*1D\!AIVDM,1,1,,,Ko72Ts4?fK3JQ61t,0*1C
\s:66,c:1782377488*15\!AIVDM,1,1,,,1;@9qr0000spB4uiF3FUV16h08>b,0*75
\s:66,c:1782377495*19\!AIVDM,1,1,,,KpI?6G05T8?5P4PD,0*48
\s:66,c:1782377493*1F\!AIVDM,1,1,,,Km92FK@F`>6bTOwv,0*51
\s:66,c:1782377499*15\!AIVDM,1,1,,,13@pPM001mnbfQ<KdQ;bRpM208E;,0*1F
\s:66,c:1782377491*1D\!AIVDM,1,1,,,144i20UP0kc;cb8N1Pbe<gvr28AL,0*72
\s:66,c:1782377493*1F\!AIVDM,1,1,,,Km?dh8h>rVga3U`0,0*08
\s:66,c:1782377498*14\!AIVDM,1,1,,,1:kJR>h001JsiQahPta4tA980@E:,0*3A
\s:66,c:1782377500*14\!AIVDM,1,1,,,KqNSlghAiwj;?P5@,0*37
\s:66,c:1782377486*1B\!AIVDM,1,1,,,13MCg<PwARNee;@6?Ka@60>d053<,0*04
\s:66,c:1782377489*14\!AIVDM,1,1,,,18Ldc>001UOCBqV0JIt5dlFn00Rq,0*67
\s:66,c:1782377494*18\!AIVDM,1,1,,,KqNSj<h@EK0BVPOt,0*7F
\s:66,c:1782377493*1F\!AIVDM,1,1,,,KldG9@0?3IMbe6@@,0*13
\s:66,c:1782377498*14\!AIVDM,1,1,,,15NfuUP000nEhD@Q7;j>4:U828EF,0*2F
\s:66,c:1782377492*1E\!AIVDM,1,1,,,KmO@PA9MRv3BL0Bd,0*24
\s:66,c:1782377493*1F\!AIVDM,1,1,,,KleI1vH;QGCVAPaP,0*7B
\s:66,c:1782377494*18\!AIVDM,1,1,,,16?Uguh01a30bKSfu98jH1tV08A9,0*3A
\s:66,c:1782377495*19\!AIVDM,1,1,,,Km?dPF9DLO2h60@l,0*02
\s:66,c:1782377492*1E\!AIVDM,1,1,,,KkiHGD00bQ=NNSCp,0*0B
\s:66,c:1782377492*1E\!AIVDM,1,1,,,KldG9@0?3IMbe6@@,0*13
\s:66,c:1782377492*1E\!AIVDM,1,1,,,H3MCiei0T4<E8D0000000000000,2*10
\s:66,c:1782377493*1F\!AIVDM,1,1,,,KldG9@0?3IMbe6@@,0*13
\s:66,c:1782377493*1F\!AIVDM,1,1,,,KkiHGD00bQ=NNSCp,0*0B
\s:66,c:1782377493*1F\!AIVDM,1,1,,,KleI1vH;QGCVAPaP,0*7B
\s:66,c:1782377480*1D\!AIVDM,1,1,,,1815J2@P00P5r8J3LMU>4?vT2@:p,0*2F
\s:66,c:1782377480*1D\!AIVDM,1,1,,,KqjoVd=@@M@FM000,0*61
\s:66,c:1782377487*1A\!AIVDM,1,1,,,3815`K0PA>0B@vR3`rKqH7Jh00A0,0*7D
\s:66,c:1782377500*14\!AIVDM,1,1,,,KsDoKK<=;:g7PPlD,0*0C
\s:66,c:1782377484*19\!AIVDM,1,1,,,Ko79bm04HCPE26;T,0*33
\s:66,c:1782377484*19\!AIVDM,1,1,,,Kp;@Fd=DKOi4T0Ot,0*7A
\s:66,c:1782377487*1A\!AIVDM,1,1,,,Kn:HQ5`DNjB=N0Cl,0*7A
\s:66,c:1782377493*1F\!AIVDM,1,1,,,35Ow2N0P2TG?cKHK@43EGOw001iA,0*14
\s:66,c:1782377497*1B\!AIVDM,1,1,,,KmMj4r;sbHjOB03@,0*66
\s:66,c:1782377493*1F\!AIVDM,1,1,,,168u?f300EsdKWT57NRpmVlr2@AR,0*77
\s:66,c:1782377495*19\!AIVDM,1,1,,,13UcEl001d1=a41eLvj=:bS2053<,0*7C
\s:66,c:1782377493*1F\!AIVDM,1,1,,,1:U7CSCu@1M8PE3k9AOL00`p8D1P,0*17
\s:66,c:1782377486*1B\!AIVDM,1,1,,,Km9>S`ut6VAdg0Ot,0*5D
\s:66,c:1782377483*1E\!AIVDM,1,1,,,KqNSn:AOnUPHiP>p,0*4E
\s:66,c:1782377480*1D\!AIVDM,1,1,,,15?dLgh00;0jkl=tI<to2U8`0L0I,0*00
\s:66,c:1782377484*19\!AIVDM,1,1,,,KqNSn:AOnUPHiP>p,0*4E
\s:66,c:1782377484*19\!AIVDM,1,1,,,Kqjetf3h=K@J30Bp,0*56
\s:66,c:1782377497*1B\!AIVDM,1,1,,,Km?dg5aOnUhHjPBp,0*75
\s:66,c:1782377491*1D\!AIVDM,1,1,,,15Mw>N8001l7BERTq@Mj?i0h0<03,0*6D
\s:66,c:1782377492*1E\!AIVDM,1,1,,,KmCF<n8=8hAsC6k4,0*5B
\s:66,c:1782377497*1B\!AIVDM,1,1,,,38I=lf0PB0FaS6p7FBKsi9M400eh,0*1D
\s:66,c:1782377491*1D\!AIVDM,1,1,,,17pQGR101HDb;A01e>B<:qdp1PS9,0*01
\s:66,c:1782377496*1A\!AIVDM,1,1,,,KmTr2`0J>p@9=P<T,0*7D
\s:66,c:1782377498*14\!AIVDM,1,1,,,16U1o:0P0Tni:l`2;Lratgw:28Ei,0*4A
\s:66,c:1782377498*14\!AIVDM,1,1,,,38I=lf0PB0FaS6p7FBKsi9M400?P,0*7F
\s:66,c:1782377489*14\!AIVDM,1,1,,,C3hEQR001c9TCguS4FidKTN0@V9SScQgKkQ:0000000000D2RRR0,0*3F
\s:66,c:1782377489*14\!AIVDM,1,1,,,16KS3>0P@UG:jCQs=67Vr4vN08<w,0*21
\s:66,c:1782377489*14\!AIVDM,1,1,,,B4hN7E00J5W@8gNddE6jN?=1l53<,0*0E
\s:66,c:1782377489*14\!AIVDM,1,1,,,Km960p0<5OQd8VPd,0*17
\s:66,c:1782377491*1D\!AIVDM,1,1,,,KmSurv01Lw=iF5TD,0*6E
\s:66,c:1782377496*1A\!AIVDM,1,1,,,KqNSmQP2KhAW211P,0*49
\s:66,c:1782377496*1A\!AIVDM,1,1,,,K5?dg3022D1?`T?L,0*2B
\s:66,c:1782377497*1B\!AIVDM,1,1,,,KmCF<n8=8hAsC6k4,0*5B
\s:66,c:1782377497*1B\!AIVDM,1,1,,,K5?dg3022D1?`T?L,0*2B
\s:66,c:1782377489*14\!AIVDM,1,1,,,C19K7`h00eT8>Iw9crv<cwP0DBL>jjckQWKgSKic;11000000020,0*0A
\s:66,c:1782377489*14\!AIVDM,1,1,,,B4hN7E00J5W@8gNddE6jN?=1l53<,0*0E
\s:66,c:1782377499*15\!AIVDM,1,1,,,155V0lHP000Sp`02K@JT>ww<2HFq,0*6F
\s:66,c:1782377494*18\!AIVDM,1,1,,,H7`NBu08u8U>222222222222220,2*1D
\s:66,c:1782377493*1F\!AIVDM,1,1,,,KmNajO`=TtAD3P<h,0*04
\s:66,c:1782377497*1B\!AIVDM,1,1,,,1815KU0uiR3v;:9k16NAvAll0@ED,0*52
\s:66,c:1782377491*1D\!AIVDM,1,1,,,16TGLD?OhOFN`N61olAVmmPr0=0a,0*67
\s:66,c:1782377489*14\!AIVDM,1,1,,,13m:fu001C:Q8iQW@ppE3l0h00RH,0*77
\s:66,c:1782377495*19\!AIVDM,1,1,,,KnK30WADpcRQT0>t,0*66
\s:66,c:1782377493*1F\!AIVDM,1,1,,,16:2w`001S1T9gucVJ8Cgjnt0@BP,0*22
\s:66,c:1782377498*14\!AIVDM,1,1,,,15CtuD001rIbrHKe71uM5:Lv0<00,0*1E
\s:66,c:1782377486*1B\!AIVDM,1,1,,,KmMvIg<<adS>@0@8,0*34
\s:66,c:1782377490*1C\!AIVDM,1,1,,,Kn:@fH1DFj2jQP;h,0*45
\s:66,c:1782377483*1E\!AIVDM,1,1,,,KqNSjmCwNc@fI3gh,0*0D
\s:66,c:1782377486*1B\!AIVDM,1,1,,,B3HTGSP0=?aRR=3DFV9qkwv43P06,0*34
\s:66,c:1782377493*1F\!AIVDM,1,1,,,14aeQj?001O2RTD?P971:Qhl053<,0*59
\s:66,c:1782377497*1B\!AIVDM,1,1,,,Kln38t0OQ5hWk01d,0*7B
\s:66,c:1782377484*19\!AIVDM,1,1,,,KqNSjmCwNc@fI3gh,0*0D
\s:66,c:1782377487*1A\!AIVDM,1,1,,,Kqji:<3h;=@KVP0T,0*6C
\s:66,c:1782377497*1B\!AIVDM,1,1,,,Kln38t0OQ5hWk01d,0*7B
\s:66,c:1782377493*1F\!AIVDM,1,1,,,1:LS703001KpbVQb?5pCgm2n00Sd,0*12
\s:66,c:1782377495*19\!AIVDM,1,1,,,K6:Ct7gl:7Ac6P30,0*61
\s:66,c:1782377496*1A\!AIVDM,1,1,,,Kq@2ak0MdE0kt0D<,0*1E
\s:66,c:1782377496*1A\!AIVDM,1,1,,,KmPnMF8=HEC1M5AH,0*7F
\s:66,c:1782377494*18\!AIVDM,1,1,,,Kq@2ak0MdE0kt0D<,0*1E
\s:66,c:1782377489*14\!AIVDM,1,1,,,KoOgiBQF`>6bTOwv,0*47
\s:66,c:1782377489*14\!AIVDM,1,1,,,KlhEHF1FOgfddP:p,0*40
\s:66,c:1782377491*1D\!AIVDM,1,1,,,33aLkApP@B<?ubEVVKg18JNP0000,0*62
\s:66,c:1782377489*14\!AIVDM,1,1,,,B3`dfVh0:=5hP?u>uOfb>3M4oP06,0*77
\s:66,c:1782377489*14\!AIVDM,1,1,,,Kp18TuP9kggqKV5D,0*6B
\s:66,c:1782377489*14\!AIVDM,1,1,,,KlhEHF1FOgfddP:p,0*40
\s:66,c:1782377491*1D\!AIVDM,1,1,,,KkHQ8p9@5NSVH038,0*62
\s:66,c:1782377491*1D\!AIVDM,1,1,,,KkGRFDd0B>SSd0Ot,0*17
\s:66,c:1782377499*15\!AIVDM,1,1,,,19NScE@01P0Ncwb2CN;q@GC80HF<,0*46
\s:66,c:1782377488*15\!AIVDM,1,1,,,Km?dhk0>Fff6<Vi<,0*58
\s:66,c:1782377484*19\!AIVDM,1,1,,,Kn:;1M<DGmimL094,0*18
\s:66,c:1782377498*14\!AIVDM,1,1,,,14eGL:;00jo8JKBLNIA9AoS40<0R,0*67
\s:66,c:1782377493*1F\!AIVDM,1,1,,,KoOet6d5<Bw8rPOt,0*52
\s:66,c:1782377496*1A\!AIVDM,1,1,,,17pRB8501rDG3a<1RCpCjC72053<,0*27
\s:66,c:1782377495*19\!AIVDM,1,1,,,KmO2t@UIsLCug0D4,0*3A
\s:66,c:1782377498*14\!AIVDM,1,1,,,14`V1:@01fkJ=pfK8<9kV2q808Co,0*66
\s:66,c:1782377500*14\!AIVDM,1,1,,,35Ru:L001qNg3SemqnCcmqS805QC,0*6E
\s:66,c:1782377499*15\!AIVDM,1,1,,,KoldWNwlCm?vRP>8,0*2A
\s:66,c:1782377493*1F\!AIVDM,1,1,,,Km?dekL?Nh0fD01@,0*12
\s:66,c:1782377495*19\!AIVDM,1,1,,,KlSk720>e6ObgUBp,0*0D
\s:66,c:1782377497*1B\!AIVDM,1,1,,,Km2Ja<0?gIOggW`p,0*4D
\s:66,c:1782377489*14\!AIVDM,1,1,,,18V`qv?P00Pn081tk?Lf4?vp28A2,0*49
\s:66,c:1782377497*1B\!AIVDM,1,1,,,1815V7h0jq0GV;Atpv@F74m00<00,0*35
\s:66,c:1782377497*1B\!AIVDM,1,1,,,Km2Ja<0?gIOggW`p,0*4D
\s:66,c:1782377499*15\!AIVDM,1,1,,,KqkHQf<0=5hCwPmP,0*7C
\s:66,c:1782377495*19\!AIVDM,1,1,,,Ko73=S1DMw2;VPBh,0*43
\s:66,c:1782377494*18\!AIVDM,1,1,,,403OdJAuJl`kPque3PJTdrw020S:,0*5E
\s:66,c:1782377499*15\!AIVDM,1,1,,,ENkb9R>Uh@@@@@@@@@@@@@@@@@@;SCP`<J9K@00003vP000,2*75
\s:66,c:1782377499*15\!AIVDM,1,1,,,15N0E10P00o?f?2E`?:0iOw<2L1k,0*6B
\s:66,c:1782377491*1D\!AIVDM,1,1,,,177lQJ001p;33aEgI5=0UPRt0?wv,0*44
\s:66,c:1782377491*1D\!AIVDM,1,1,,,KkfQNj8?d>41fP3t,0*7D
\s:66,c:1782377493*1F\!AIVDM,1,1,,,KkARMR0>fRgEl3Qh,0*35
\s:66,c:1782377495*19\!AIVDM,1,1,,,KlSk720>e6ObgUBp,0*0D
\s:66,c:1782377495*19\!AIVDM,1,1,,,Km2Ja<0?gIOggW`p,0*4D
\s:66,c:1782377495*19\!AIVDM,1,1,,,16?Uo2001WMq0Ecu9EC58ki2053<,0*66
\s:66,c:1782377500*14\!AIVDM,1,1,,,KrU7DsJ>=jOq1Q30,0*75
\s:66,c:1782377493*1F\!AIVDM,1,1,,,Km2govose>RITPDH,0*59
\s:66,c:1782377493*1F\!AIVDM,1,1,,,KmOETGP<bEj8T01P,0*44
\s:66,c:1782377483*1E\!AIVDM,1,1,,,KpK@A:0?mLjW@Pc<,0*70
\s:66,c:1782377493*1F\!AIVDM,1,1,,,1815TlP2Qvvv73F?Ie:8anrp00Ri,0*72
\s:66,c:1782377499*15\!AIVDM,1,1,,,34aRv250000n?TSu@j8FHF3:0DIr,0*1D
\s:66,c:1782377488*15\!AIVDM,1,1,,,1:LQcH`P16sW0Q;VsmkFgwvj253<,0*72
\s:66,c:1782377495*19\!AIVDM,1,1,,,Km?deF04O9?pGTPh,0*2F
\s:66,c:1782377497*1B\!AIVDM,1,1,,,Kp15Uo04:61Sm8eH,0*70
\s:66,c:1782377491*1D\!AIVDM,1,1,,,18L6F6000B<RMO9c=8mRPr@v0HB3,0*07
\s:66,c:1782377494*18\!AIVDM,1,1,,,C>jplhP019IK5JsC6;W1;wP1kkUiiWkQeKiU;11111100080Q0R0,0*4D
\s:66,c:1782377495*19\!AIVDM,1,1,,,KnK3qdP4paBPT6?l,0*79
\s:66,c:1782377493*1F\!AIVDM,1,1,,,KrtvAK`LdRwv24kD,0*64
\s:66,c:1782377488*15\!AIVDM,1,1,,,KmOC2Jc<Sg2<eP=@,0*18
\s:66,c:1782377493*1F\!AIVDM,1,1,,,14eJ0k@02So;C8`L6IIs;Hrp08A@,0*39
\s:66,c:1782377486*1B\!AIVDM,1,1,,,15B2MN001aMuaTt1gfDQ5A2d0<03,0*31
\s:66,c:1782377490*1C\!AIVDM,1,1,,,KmB2MN0>u@h>C51`,0*78
\s:66,c:1782377478*1A\!AIVDM,1,1,,,19joLs5:@QPS`gH2Ba<2D`:L2D0F,0*4A
\s:66,c:1782377480*1D\!AIVDM,1,1,,,K9t6VE@?qaPCJU@D,0*23
\s:66,c:1782377484*19\!AIVDM,1,1,,,1815DDh2Av0HrF=lO?lmTTNL0H<T,0*79
\s:66,c:1782377487*1A\!AIVDM,1,1,,,KpJCuj04=e@GT0D<,0*0D
\s:66,c:1782377495*19\!AIVDM,1,1,,,14eGMD@P00o:T?rKk99M;Ow0053<,0*41
\s:66,c:1782377496*1A\!AIVDM,1,1,,,C19EvR000uSlgBO:NrvS;wP0DBL>jjckQeKSUQKke;1000000020,0*7B
\s:66,c:1782377492*1E\!AIVDM,1,1,,,KpI=SR0;vhA27UkL,0*0A
\s:66,c:1782377492*1E\!AIVDM,1,1,,,18I=SR001oH9T4D84SpL;Ibv0@BA,0*66
\s:66,c:1782377487*1A\!AIVDM,1,1,,,15?de5Pv1Q0AcsSn6A3mbDPh0@=v,0*7E
\s:66,c:1782377497*1B\!AIVDM,1,1,,,K3l`k:9@5chMgP?4,0*74
\s:66,c:1782377497*1B\!AIVDM,1,1,,,KqNSpe00Pnv6Ma9D,0*7A
\s:66,c:1782377493*1F\!AIVDM,1,1,,,Kl`UvV1MDtduPP00,0*08
\s:66,c:1782377493*1F\!AIVDM,1,1,,,KrU7;rd>QM>PgP=<,0*6B
\s:66,c:1782377487*1A\!AIVDM,1,1,,,Ko70aO841aA5qU:d,0*38
\s:66,c:1782377498*14\!AIVDM,1,1,,,15NgpfdP00EVss<V5lc:H?w40D00,0*51
\s:66,c:1782377501*15\!AIVDM,1,1,,,KqNSli@>5cijsVet,0*5A
\s:66,c:1782377495*19\!AIVDM,1,1,,,Kp?O@A@E:awRVP<L,0*20
\s:66,c:1782377494*18\!AIVDM,1,1,,,37`BA>0OiwdP67ibrwfSi2vj20ui,0*08
\s:66,c:1782377494*18\!AIVDM,1,1,,,Ko7d<=028:fWg4Sd,0*44
\s:66,c:1782377497*1B\!AIVDM,1,1,,,KkeN;V01NgfU;U=H,0*01
\s:66,c:1782377492*1E\!AIVDM,1,1,,,H8fi>HkGSGW77W3N22222222220,2*19
\s:66,c:1782377492*1E\!AIVDM,1,1,,,37`BA>0OiwdP6A1brwUSr35020v@,0*3C
\s:66,c:1782377499*15\!AIVDM,1,1,,,Ko`BA><6IaeCE66D,0*1B
\s:66,c:1782377495*19\!AIVDM,1,1,,,KnK2nmQE:PBkI02d,0*40
\s:66,c:1782377495*19\!AIVDM,1,1,,,38uG6f9P@SQ6A41dl7`VPTk400m@,0*28
\s:66,c:1782377495*19\!AIVDM,1,1,,,KqNSpe00Pnv6Ma9D,0*7A
\s:66,c:1782377499*15\!AIVDM,1,1,,,18uG6f9P@VQ6A3mdl7KnpTM:0HET,0*2B
\s:66,c:1782377493*1F\!AIVDM,1,1,,,KrU7;rd>QM>PgP=<,0*6B
\s:66,c:1782377493*1F\!AIVDM,1,1,,,13lu;n002D2f0CqfgFlBPj2t0D0M,0*15
\s:66,c:1782377500*14\!AIVDM,1,1,,,18uG6f9P@VQ6A3mdl7KnpTM:0HET,0*2B
\s:66,c:1782377488*15\!AIVDM,1,1,,,KmOD?QaLSk2;aP:t,0*47
\s:66,c:1782377497*1B\!AIVDM,1,1,,,KmPkQn4<hKj>F0AL,0*41
\s:66,c:1782377495*19\!AIVDM,1,1,,,Kp?O@A@E:awRVP<L,0*20
\s:66,c:1782377496*1A\!AIVDM,1,1,,,Km?dM?h2WKAPJ2VT,0*45
\s:66,c:1782377496*1A\!AIVDM,1,1,,,K9NSGG9BbvAHp05d,0*7F
\s:66,c:1782377500*14\!AIVDM,1,1,,,K5D3jl8AKV1TW0?<,0*0D
\s:66,c:1782377497*1B\!AIVDM,1,1,,,KmOD?QaLSk2;aP:t,0*47
\s:66,c:1782377497*1B\!AIVDM,1,1,,,KmPkQn4<hKj>F0AL,0*41
\s:66,c:1782377497*1B\!AIVDM,1,1,,,1815HqPwA`O9HF0H?aeHC6U60HDJ,0*46
\s:66,c:1782377480*1D\!AIVDM,1,1,,,Kq:qAp1@KewaU0AH,0*02
\s:66,c:1782377495*19\!AIVDM,1,1,,,KnK2fSHDnQ2PB0=4,0*24
\s:66,c:1782377491*1D\!AIVDM,1,1,,,15NDVtPP00DhMvDQVnt<vgvr00Rw,0*09
\s:66,c:1782377495*19\!AIVDM,1,1,,,15NRw;P00Lm:tfdRe`0FPUE400SJ,0*42
\s:66,c:1782377501*15\!AIVDM,1,1,,,34eH27E000rg8C2IvoWb2HG60000,0*0F
\s:66,c:1782377493*1F\!AIVDM,1,1,,,D04k0WAb0Nfr<`O6D0,4*37
\s:66,c:1782377497*1B\!AIVDM,1,1,,,KkFsWH0:9;j1j5Vl,0*5B
\s:66,c:1782377497*1B\!AIVDM,1,1,,,KqNSlr8:aA1w7UUp,0*7D
\s:66,c:1782377499*15\!AIVDM,1,1,,,15NHOb0000nOu:TOUpODRlC<00S3,0*32
\s:66,c:1782377494*18\!AIVDM,1,1,,,B7`BU3@00;0`ukqEMcSQ3wf5oP06,0*55
\s:66,c:1782377494*18\!AIVDM,1,1,,,Kp15UH@2p0gT<53H,0*36
\s:66,c:1782377497*1B\!AIVDM,1,1,,,Kn<g4NH2ptuWg26@,0*1C
\s:66,c:1782377496*1A\!AIVDM,1,1,,,KqNSlr8:aA1w7UUp,0*7D
\s:66,c:1782377498*14\!AIVDM,1,1,,,138ut4011hD?Jjp6AWPKF95:0<00,0*5C
\s:66,c:1782377495*19\!AIVDM,1,1,,,KkFsWH0:9;j1j5Vl,0*5B
\s:66,c:1782377494*18\!AIVDM,1,1,,,Kn<g4NH2ptuWg26@,0*1C
\s:66,c:1782377492*1E\!AIVDM,1,1,,,Kp15W:h0m@eL64Tt,0*4B
\s:66,c:1782377488*15\!AIVDM,1,1,,,KmMl1Id<dlR8?0T8,0*41
\s:66,c:1782377495*19\!AIVDM,1,1,,,13nrjr002LLiTjSj6F230BO00@CV,0*24
\s:66,c:1782377500*14\!AIVDM,1,1,,,Kkku0U0><CeiaV=H,0*03
\s:66,c:1782377486*1B\!AIVDM,1,1,,,15BIR2001bNed5J8@KQVa5>l053<,0*53
\s:66,c:1782377497*1B\!AIVDM,1,1,,,KqNSiEiOc=RlQPC`,0*08
\s:66,c:1782377483*1E\!AIVDM,1,1,,,14`V23hw@UKvdrqd1wkaWWb`0<1c,0*71
\s:66,c:1782377493*1F\!AIVDM,1,1,,,KsDjmv<=FwfhCPOt,0*7C
\s:66,c:1782377491*1D\!AIVDM,1,1,,,Kl4isAQF`>6bTOwt,0*2A
\s:66,c:1782377493*1F\!AIVDM,1,1,,,KsDjmv<=FwfhCPOt,0*7C
\s:66,c:1782377493*1F\!AIVDM,1,1,,,KmN8am;<UmCBcP@L,0*3A
\s:66,c:1782377496*1A\!AIVDM,1,1,,,KkVVjP02T7@IM6=l,0*3F
\s:66,c:1782377484*19\!AIVDM,1,1,,,KpVf600h=h0BNP><,0*09
\s:66,c:1782377494*18\!AIVDM,1,1,,,19jdNU?P000KeLF2WDn0`gvv1hCM,0*2E
\s:66,c:1782377483*1E\!AIVDM,1,1,,,KrfcHl<=qCfT4P?@,0*65
\s:66,c:1782377497*1B\!AIVDM,1,1,,,Ip;2E23nGfWiFHn>3FB4JUAbcccb,0*02
\s:66,c:1782377497*1B\!AIVDM,1,1,,,I8;R;e1ufcEDSIOFqFOS`C6bdoi5,0*79
\s:66,c:1782377501*15\!AIVDM,1,1,,,KmO;Dt8==>BdcPD@,0*12
\s:66,c:1782377501*15\!AIVDM,1,1,,,KlqhU28MgiA<u0C`,0*5E
\s:66,c:1782377497*1B\!AIVDM,1,1,,,KmNcIU8;PVSNt0DH,0*20
\s:66,c:1782377497*1B\!AIVDM,1,1,,,KmMMMW1sL2SLs3Ch,0*13
\s:66,c:1782377499*15\!AIVDM,1,1,,,Km2g=V9KRT2dPP54,0*5C
\s:66,c:1782377497*1B\!AIVDM,1,1,,,19NSac0uRU3uDBOkHmfIBoC008D@,0*0E
\s:66,c:1782377498*14\!AIVDM,1,1,,,C3WAcWh0:u``iOun5muiGTN0hVEUQUKSaKak:000000000D2RRR0,0*3A
\s:66,c:1782377491*1D\!AIVDM,1,1,,,KkHbq1<007SWi5jl,0*78
\s:66,c:1782377491*1D\!AIVDM,1,1,,,35N6Qg0P@;kw>j8Q;3cJK02l01j0,0*4A
\s:66,c:1782377499*15\!AIVDM,1,1,,,18I4R<001ROIrrAhrviDSSe8053<,0*4F
\s:66,c:1782377499*15\!AIVDM,1,1,,,Kp15Mkh1;TuUc6?<,0*3E
\s:66,c:1782377493*1F\!AIVDM,1,1,,,1772;R001PuprSb2Ou;7fV6f08B8,0*3C
\s:66,c:1782377498*14\!AIVDM,1,1,,,Km@tlL>=5<@bg0Ot,0*11
\s:66,c:1782377486*1B\!AIVDM,1,1,,,KqNSqiQLQFB;80?d,0*78
\s:66,c:1782377497*1B\!AIVDM,1,1,,,KmNcIU8;PVSNt0DH,0*20
\s:66,c:1782377497*1B\!AIVDM,1,1,,,KmMMMW1sL2SLs3Ch,0*13
\s:66,c:1782377483*1E\!AIVDM,1,1,,,13m;sc0P3Hvu6Ah67faokgvb28<M,0*2E
\s:66,c:1782377495*19\!AIVDM,1,1,,,18155Th01ovUevb:qD?7jF>v053<,0*36
\s:66,c:1782377495*19\!AIVDM,1,1,,,13m;sc0P3Gvu69t67d07lww220S7,0*15
\s:66,c:1782377487*1A\!AIVDM,1,1,,,KqjdMJ0@=BhIv0Bh,0*16
\s:66,c:1782377493*1F\!AIVDM,1,1,,,KrkJbd@=CWded4=0,0*4C
\s:66,c:1782377500*14\!AIVDM,1,1,,,KrU8csWvCPv?UTF<,0*23
\s:66,c:1782377484*19\!AIVDM,1,1,,,Kn:di:PD@LR;c0Ot,0*56
\s:66,c:1782377484*19\!AIVDM,1,1,,,K77UNQ0D8B?P=0<H,0*7E
\s:66,c:1782377494*18\!AIVDM,1,1,,,15NV6jP000m6C=TQ3o7Fcha20<0b,0*4C
\s:66,c:1782377492*1E\!AIVDM,1,1,,,KmO@008==62e708P,0*78
\s:66,c:1782377493*1F\!AIVDM,1,1,,,15QuT88001bpR`QuU8L1;4Vb0@=v,0*36
\s:66,c:1782377495*19\!AIVDM,1,1,,,KmSh8:05?Ghak5bL,0*7C
\s:66,c:1782377497*1B\!AIVDM,1,1,,,Kp5RwQRRc7@2MP:T,0*48
\s:66,c:1782377491*1D\!AIVDM,1,1,,,388fPp7P0cmRd4WptQec3Ovr2BGS,0*51
\s:66,c:1782377491*1D\!AIVDM,1,1,,,KkP;H1L?wmkiK0Ot,0*7E
\s:66,c:1782377491*1D\!AIVDM,1,1,,,19NS<S0w29l;=u6LVb?CK2hr0HAC,0*65
\s:66,c:1782377495*19\!AIVDM,1,1,,,K44SP4P5eu3eS0B0,0*29
\s:66,c:1782377492*1E\!AIVDM,1,1,,,15?dU30vQ`O8R=ak`UD4kSfr00S5,0*34
\s:66,c:1782377499*15\!AIVDM,1,1,,,Ko71Dn0?UuMaJU6L,0*09
\s:66,c:1782377495*19\!AIVDM,1,1,,,KrU8csWvCPv?UTF<,0*23
\s:66,c:1782377491*1D\!AIVDM,1,1,,,35?W;v0Oj@15iv3d6JC;mqRh00DP,0*6B
\s:66,c:1782377498*14\!AIVDM,1,1,,,14`V2?0w1Ho>PL4EEpQeRro8053<,0*27
\s:66,c:1782377486*1B\!AIVDM,1,1,,,Km@2BF<?UjRqvUPt,0*2F
\s:66,c:1782377499*15\!AIVDM,1,1,,,177P;4001sOq<D625:Recbo80<01,0*6A
\s:66,c:1782377487*1A\!AIVDM,1,1,,,Kn:COVPDO22C504h,0*63
\s:66,c:1782377487*1A\!AIVDM,1,1,,,Kn:JLQQDIjR`oP7T,0*77
\s:66,c:1782377498*14\!AIVDM,1,1,,,KmMv9rP<a9CLH0At,0*47
\s:66,c:1782377501*15\!AIVDM,1,1,,,KmMlLb`=B<jvOPAD,0*6B
\s:66,c:1782377494*18\!AIVDM,1,1,,,19NSc10viOtA;Tt=@o6U23tv0@Bw,0*59
\s:66,c:1782377494*18\!AIVDM,1,1,,,C>GPB;001A4gCQvDWH2D8000BJbH31QkSR6@g0L:a1R1vP00P0R0,0*4D
\s:66,c:1782377499*15\!AIVDM,1,1,,,15UO=R001Wd0gl@09esoNV?61PR`,0*5D
\s:66,c:1782377489*14\!AIVDM,1,1,,,18I:uQ0004HdR@J9n7i3@o@j0D0=,0*0F
\g:1-2-5199107,s:66,c:1782377500*54\!AIVDM,2,1,7,,5:U7FJp2Grpq1GOS7T1=HUA`E:0`u8LF0Bp0000l00000vF9D>2E0D3h,0*60
\g:2-2-5199107*6F\!AIVDM,2,2,7,,@00000000000000,2*12
\s:66,c:1782377493*1F\!AIVDM,1,1,,,1:u0ISWP1aJ6E`qwGtGk6gvn0@Aa,0*3D
\s:66,c:1782377495*19\!AIVDM,1,1,,,K7lj<3wl20OmTP00,0*2D
\s:66,c:1782377499*15\!AIVDM,1,1,,,Kk3t:D04C<fUqV=0,0*1C
\s:66,c:1782377500*14\!AIVDM,1,1,,,Ko0bf<1F`>6bTOwv,0*2C
\s:66,c:1782377489*14\!AIVDM,1,1,,,C69D:f@0<m``iWMn5jer3wv0hBLV@BDC1UQT00000000?1H:1RPP,0*0E
\s:66,c:1782377493*1F\!AIVDM,1,1,,,Kn9L0g?wH5QQt0Ot,0*2A
\s:66,c:1782377488*15\!AIVDM,1,1,,,KsDqP0Ku;<?7rPA4,0*6C
\s:66,c:1782377484*19\!AIVDM,1,1,,,Kp;@k==DLs@rdROt,0*08
\s:66,c:1782377495*19\!AIVDM,1,1,,,Kn9JMc`4;QAWTT@4,0*43
\s:66,c:1782377499*15\!AIVDM,1,1,,,Kk;4hv04;oOQn6Bl,0*6E
\s:66,c:1782377486*1B\!AIVDM,1,1,,,KkEaPs3wH6hgnQ`@,0*6A
\s:66,c:1782377487*1A\!AIVDM,1,1,,,KomLFUgkm;Oib1QH,0*47
\s:66,c:1782377491*1D\!AIVDM,1,1,,,15NCpCPOhDmEggfQ9NV2Pipn053<,0*4F
\s:66,c:1782377498*14\!AIVDM,1,1,,,15NCpCPOhEmEgk8Q9Nc2nj1<0@Ep,0*48
\s:66,c:1782377496*1A\!AIVDM,1,1,,,Kp157oPMdBiAu0AL,0*5B
\s:66,c:1782377497*1B\!AIVDM,1,1,,,KqNSS=h2hmvRJ540,0*2E
\s:66,c:1782377491*1D\!AIVDM,1,1,,,14hN3l0OiQEdJg;lbJMTGCHr0D02,0*7E
\s:66,c:1782377489*14\!AIVDM,1,1,,,C>l?pWh03C;t=MtTGSLvCwe0V=ii1SQW1111111111hd0000002P,0*77
\s:66,c:1782377492*1E\!AIVDM,1,1,,,C>l?rr000Tn6VKNvcRhKWwePV=ii1Sii1111111111hd0000002P,0*30
\s:66,c:1782377498*14\!AIVDM,1,1,,,KmO3CF;tvm39L0Bh,0*30
\s:66,c:1782377495*19\!AIVDM,1,1,,,16KB9<0wRWNegwt;=caeuc9208DA,0*10
\s:66,c:1782377493*1F\!AIVDM,1,1,,,KrU6unP>Oo>CU4f@,0*52
\s:66,c:1782377495*19\!AIVDM,1,1,,,Km?dfK1DMvj?d03d,0*2F
\s:66,c:1782377494*18\!AIVDM,1,1,,,34eOuJ002LscWbDQEwFKdaJt02?C,0*41
\s:66,c:1782377495*19\!AIVDM,1,1,,,14eG;iPP00G<otRL=E>KFOw620S5,0*4D
\s:66,c:1782377492*1E\!AIVDM,1,1,,,14a@RD002hJUgjR>I1BUbDPj053<,0*08
\s:66,c:1782377496*1A\!AIVDM,1,1,,,Km3GS`0M;wijw0=4,0*7A
\s:66,c:1782377493*1F\!AIVDM,1,1,,,Kolj75@Dcq01m0;T,0*62
\s:66,c:1782377494*18\!AIVDM,1,1,,,3770pE002W3q@I3evFi2p2Db0CRM,0*4A
\s:66,c:1782377499*15\!AIVDM,1,1,,,369L1f@P00<hfMQmWeD@kgw:0043,0*63
\s:66,c:1782377495*19\!AIVDM,1,1,,,19NST0@221N:NmefKgdDF3MB0@Ch,0*1E
\s:66,c:1782377499*15\!AIVDM,1,1,,,KqNSVgP13vMR53T8,0*20
\s:66,c:1782377493*1F\!AIVDM,1,1,,,KrU6unP>Oo>CU4f@,0*52
\s:66,c:1782377500*14\!AIVDM,1,1,,,16Krnb00Rj1FKBId4=p:lH`r00S9,0*21
\s:66,c:1782377500*14\!AIVDM,1,1,,,KqNSVgP13vMR53T8,0*20
\s:66,c:1782377500*14\!AIVDM,1,1,,,1815KBP0253K8psic<6a8GJj08F0,0*07
\s:66,c:1782377488*15\!AIVDM,1,1,,,18HuHH001wJ;hlMss1smT4LP0@>Q,0*61
\s:66,c:1782377498*14\!AIVDM,1,1,,,KqNSJ0p=0?0PcVAH,0*24
\s:66,c:1782377499*15\!AIVDM,1,1,,,KqNSV@04GaP0V6d<,0*2C
\s:66,c:1782377497*1B\!AIVDM,1,1,,,13s<gp?7P8wC15FFD<vhUW=808EB,0*03
\s:66,c:1782377487*1A\!AIVDM,1,1,,,1815a000000Nsur1iQMl`lNl08?>,0*3E
\s:66,c:1782377498*14\!AIVDM,1,1,,,15Mi7K<000mAnk<S3?@MmEG8053<,0*2D
\s:66,c:1782377492*1E\!AIVDM,1,1,,,Kl`IJv0>aLk=PW4t,0*67
\s:66,c:1782377493*1F\!AIVDM,1,1,,,Kp?O@O<EHqOCNP2p,0*33
\s:66,c:1782377493*1F\!AIVDM,1,1,,,KmCoIn<EVL?aTP44,0*73
\s:66,c:1782377491*1D\!AIVDM,1,1,,,H001Wu@htpLhTpF09DuV37>oCBD,2*2A
\s:66,c:1782377491*1D\!AIVDM,1,1,,,Kp?O@O<EHqOCNP2p,0*33
\s:66,c:1782377491*1D\!AIVDM,1,1,,,14SKrb001s:66,0*36
\s:66,c:1782377489*14\!AIVDM,1,1,,,H6<fj5AUF0htpN0H60pvs7KP000,2*49
\s:66,c:1782377498*14\!AIVDM,1,1,,,K44ngc>5e4C`B5?H,0*3F
\s:66,c:1782377495*19\!AIVDM,1,1,,,Kl4V4rcmH4S=nTbT,0*74
\s:66,c:1782377492*1E\!AIVDM,1,1,,,14ct2p001sH3Luj<aOiDUSVj0<0>,0*5A
\s:66,c:1782377491*1D\!AIVDM,1,1,,,Kp15T701CCud;64@,0*52
\s:66,c:1782377493*1F\!AIVDM,1,1,,,KsEgcoL=DFOfO0Ot,0*6F
\s:66,c:1782377499*15\!AIVDM,1,1,,,KoldHo>48kOkk0Ot,0*71
\s:66,c:1782377499*15\!AIVDM,1,1,,,Kn:JV@842<@:aTV`,0*5F
\s:66,c:1782377500*14\!AIVDM,1,1,,,KkMCEE1B2iipQP0<,0*75
\s:66,c:1782377499*15\!AIVDM,1,1,,,Ko7bQu03csPsk00P,0*39
\s:66,c:1782377487*1A\!AIVDM,1,1,,,19jjS@0013PJC8`20pjc=pVd2@=U,0*61
\s:66,c:1782377497*1B\!AIVDM,1,1,,,13:wTt000M0G6jT37B1ECT;60@E:,0*2D
\s:66,c:1782377493*1F\!AIVDM,1,1,,,KsDjfI=MHiveDP;P,0*63
\s:66,c:1782377500*14\!AIVDM,1,1,,,KpVqHb0=jmtWMPQ8,0*0C
\s:66,c:1782377495*19\!AIVDM,1,1,,,Kp;Q=w44QmPjg3hd,0*22
\s:66,c:1782377492*1E\!AIVDM,1,1,,,Kp15Nlp>I83DC5T0,0*20
\s:66,c:1782377493*1F\!AIVDM,1,1,,,Kp?O>AQEHjOCkP?8,0*55
\s:66,c:1782377495*19\!AIVDM,1,1,,,Kk:FL805P>NQQ6EP,0*49
\s:66,c:1782377489*14\!AIVDM,1,1,,,Kp?O>AQEHjOCkP?8,0*55
\s:66,c:1782377496*1A\!AIVDM,1,1,,,B6<fj;00E0ut30K=VH6v;wi53P06,0*32
\s:66,c:1782377492*1E\!AIVDM,1,1,,,15@@5:801mCr73iwq9k2UB0v08Bo,0*76
\s:66,c:1782377495*19\!AIVDM,1,1,,,KnK3tI050fBTEP=p,0*1A
\s:66,c:1782377495*19\!AIVDM,1,1,,,18uE8t7P00QDFU9dVE`>4?vv253<,0*60
\s:66,c:1782377499*15\!AIVDM,1,1,,,38I5kL10041DI=gda=jmwmM:0E2r,0*33
\s:66,c:1782377492*1E\!AIVDM,1,1,,,13Jdtd002sGIfh`@P7KlqSrr08Ar,0*63
\s:66,c:1782377493*1F\!AIVDM,1,1,,,1815Eo001lMpsoawGhi0vPln0<03,0*77
\s:66,c:1782377491*1D\!AIVDM,1,1,,,15Qe1R001m1ilkqdF80r5Gvl053<,0*7C
\s:66,c:1782377493*1F\!AIVDM,1,1,,,Kp15R;h<a8i0n6it,0*20
\s:66,c:1782377483*1E\!AIVDM,1,1,,,19NStUP01WNqnFB?QhkPh@TT053<,0*1F
\s:66,c:1782377483*1E\!AIVDM,1,1,,,177hna001iNgpjh=Eq6WsVJb0@<<,0*27
\s:66,c:1782377484*19\!AIVDM,1,1,,,Kn8sTOf002@JI0l4,0*6D
\s:66,c:1782377484*19\!AIVDM,1,1,,,368sTO`P@:P04O:3>;ndQSrb2PvP,0*33
\s:66,c:1782377495*19\!AIVDM,1,1,,,Kn:<MhPDKIB`0P>T,0*5F
\s:66,c:1782377498*14\!AIVDM,1,1,,,14tV`V000PKpgKPW`RC51kg60<00,0*45
\s:66,c:1782377493*1F\!AIVDM,1,1,,,Km?dT>P=;tiDA044,0*0E
\s:66,c:1782377496*1A\!AIVDM,1,1,,,169L26wP0VDIU=Qtj<NS`gvv00Rq,0*7F
\s:66,c:1782377499*15\!AIVDM,1,1,,,169L0cgP@DCI?BSvFqOcp`I41d@B,0*06
\s:66,c:1782377493*1F\!AIVDM,1,1,,,15PpFL9P00rB;wivdUqtawvh0d0m,0*76
\s:66,c:1782377498*14\!AIVDM,1,1,,,1:u0POP000r@b3evMNqdjDlv0L0@,0*08
\s:66,c:1782377488*15\!AIVDM,1,1,,,KmN9C7`<ae24MP3H,0*7A
\s:66,c:1782377488*15\!AIVDM,1,1,,,KmO3uuc<k9jc@P8H,0*59
\s:66,c:1782377500*14\!AIVDM,1,1,,,K6;E`d8DEHjlE2jH,0*42
\s:66,c:1782377486*1B\!AIVDM,1,1,,,KqNSMCH?KqQwQ0bD,0*62
\s:66,c:1782377486*1B\!AIVDM,1,1,,,KpR65S0ONV0eUPOt,0*52
\s:66,c:1782377490*1C\!AIVDM,1,1,,,13@omi002DNgnL86mDh=l;4p053<,0*58
\s:66,c:1782377495*19\!AIVDM,1,1,,,KklCSj1OKnj3qP00,0*72
\s:66,c:1782377480*1D\!AIVDM,1,1,,,15?df7POi;0IPVj22nu:u8>P08:2,0*33
\s:66,c:1782377487*1A\!AIVDM,1,1,,,KqF>@D1Osr@FpP9h,0*29
\s:66,c:1782377499*15\!AIVDM,1,1,,,35?df7POi;0IPJ<22o9s7`=800;3,0*06
\s:66,c:1782377487*1A\!AIVDM,1,1,,,Kn:8@seD92Q`=POt,0*3E
\s:66,c:1782377495*19\!AIVDM,1,1,,,KoljnAHDOL?eIP?@,0*59
\s:66,c:1782377495*19\!AIVDM,1,1,,,13bA>J8P0lOa9eNcP7taNww62<00,0*5D
\s:66,c:1782377498*14\!AIVDM,1,1,,,15NJJ<PP01nFr=8Pd<t5?Ow:08Eh,0*1E
\s:66,c:1782377497*1B\!AIVDM,1,1,,,1815aH@22:5jt=ouJD422ia40HDa,0*6E
\s:66,c:1782377491*1D\!AIVDM,1,1,,,19NSegh21`9QK@ecIgWrF`Ll0<00,0*1F
\s:66,c:1782377491*1D\!AIVDM,1,1,,,17`B0h001=:htBwVnGb:K8@p053<,0*6A
\s:66,c:1782377494*18\!AIVDM,1,1,,,C>kupE000PtUC3s:66,0*74
\s:66,c:1782377499*15\!AIVDM,1,1,,,18303`WP0Pccq`Wje;5Hd?vt0<00,0*03
\s:66,c:1782377495*19\!AIVDM,1,1,,,Kpv0cb1hWeeUK3`L,0*14
\s:66,c:1782377500*14\!AIVDM,1,1,,,Kpv0cb1hWeeUK3`L,0*14
\s:66,c:1782377497*1B\!AIVDM,1,1,,,KmMwIhctbc2NNP1`,0*7F
\s:66,c:1782377495*19\!AIVDM,1,1,,,Kom@;I`4AhOUG3Ud,0*3E
\s:66,c:1782377495*19\!AIVDM,1,1,,,KoljnAHDOL?eIP?@,0*59
\s:66,c:1782377497*1B\!AIVDM,1,1,,,KqNSaUP=2SiAe858,0*00
\s:66,c:1782377497*1B\!AIVDM,1,1,,,KmMwIhctbc2NNP1`,0*7F
\s:66,c:1782377499*15\!AIVDM,1,1,,,Kp15TRPCG9AUq054,0*67
\s:66,c:1782377493*1F\!AIVDM,1,1,,,Kn9?jB0OwwhIq0;8,0*70
\s:66,c:1782377484*19\!AIVDM,1,1,,,402GGOQvad`kDPswQSre2hA020S:,0*72
\s:66,c:1782377487*1A\!AIVDM,1,1,,,KkGQb0AwH40gqP`l,0*33
\s:66,c:1782377494*18\!AIVDM,1,1,,,Kn9?jB0OwwhIq0;8,0*70
\s:66,c:1782377500*14\!AIVDM,1,1,,,KrLQd2culnLm73eD,0*05
\s:66,c:1782377497*1B\!AIVDM,1,1,,,Km?dfsp4H;QH;Uc<,0*10
\s:66,c:1782377495*19\!AIVDM,1,1,,,Kl`Uu;@5:U@caVE0,0*40
\s:66,c:1782377492*1E\!AIVDM,1,1,,,K3cnqL1@Sa2ho0@h,0*41
\s:66,c:1782377496*1A\!AIVDM,1,1,,,H001WrhhtpLhTpF09DuV33>oGND,2*09
\s:66,c:1782377489*14\!AIVDM,1,1,,,KopR:D06LNglCP@P,0*13
\s:66,c:1782377495*19\!AIVDM,1,1,,,KnK2vI@57iRV75PT,0*2D
\s:66,c:1782377495*19\!AIVDM,1,1,,,13=skl022V1mgjGdKQkr1Gtv00SC,0*5F
\s:66,c:1782377492*1E\!AIVDM,1,1,,,13fDsP002rH?P``:acQKU9>v08B4,0*7B
\s:66,c:1782377500*14\!AIVDM,1,1,,,13=skl01BT1mg`GdKQT:1os:66,0*2A
\s:66,c:1782377488*15\!AIVDM,1,1,,,Kp15Nt0<wjOkFU:4,0*4A
\s:66,c:1782377486*1B\!AIVDM,1,1,,,KpR;=c0wOi@c>P3H,0*3C
\s:66,c:1782377487*1A\!AIVDM,1,1,,,13tk5@000=0gW5ItOawhlRfj08>?,0*00
\s:66,c:1782377497*1B\!AIVDM,1,1,,,38w:ED4vPEPnkqmo=9o:MoW22000,0*45
\s:66,c:1782377488*15\!AIVDM,1,1,,,K815GFiNCP>?`P=P,0*79
\s:66,c:1782377488*15\!AIVDM,1,1,,,KmCnW48NCG>>gPD0,0*3E
\s:66,c:1782377488*15\!AIVDM,1,1,,,KrkJPMquBsu4WSn<,0*40
\s:66,c:1782377495*19\!AIVDM,1,1,,,Kn<g;@P4KeAmKP1l,0*42
\s:66,c:1782377491*1D\!AIVDM,1,1,,,15NGu:gP01DtGJrPD2U0`Ovr0D00,0*40
\s:66,c:1782377492*1E\!AIVDM,1,1,,,Klh>Ws1M;<1u5P40,0*6C
\s:66,c:1782377496*1A\!AIVDM,1,1,,,KldEWV1MCd3ET000,0*29
\s:66,c:1782377493*1F\!AIVDM,1,1,,,Ko74lc09kD2U9Uih,0*63
\s:66,c:1782377498*14\!AIVDM,1,1,,,Kl`UvJ1IqgSte0B8,0*2F
\s:66,c:1782377495*19\!AIVDM,1,1,,,KmSUor0DcsjRF03L,0*0F
\s:66,c:1782377495*19\!AIVDM,1,1,,,B9lTdf00Dp?M<nLe5Rk3WwhWGP06,0*2A
\s:66,c:1782377489*14\!AIVDM,1,1,,,19NSFv002<otIFb839c50kwB053<,0*3A
\s:66,c:1782377491*1D\!AIVDM,1,1,,,18VJcl000v1nCrudIPFkN2Tj0D0:,0*4C
\s:66,c:1782377492*1E\!AIVDM,1,1,,,19NSAM001n0bb3InPhMu3rRr0<01,0*69
\s:66,c:1782377489*14\!AIVDM,1,1,,,19NSJVP02GIF93b78MsTP3NV00Rk,0*3B
\s:66,c:1782377492*1E\!AIVDM,1,1,,,Ko7PlN<;PsAE6VjT,0*78
\s:66,c:1782377491*1D\!AIVDM,1,1,,,1815CO001q0IJvOd=BhCRBpn1p?h,0*04
\s:66,c:1782377493*1F\!AIVDM,1,1,,,16LGr2001K1fUHWVPv>V`ENv00SI,0*53
\s:66,c:1782377493*1F\!AIVDM,1,1,,,Ko71cq01SCet=7g<,0*06
\s:66,c:1782377500*14\!AIVDM,1,1,,,15B88h0uAp0og47ciM9SE2m:0@F8,0*05
\s:66,c:1782377488*15\!AIVDM,1,1,,,Ko7PlN<;PsAE6VjT,0*78
\s:66,c:1782377488*15\!AIVDM,1,1,,,Km?ddbiMnIu;<00<,0*51
\s:66,c:1782377493*1F\!AIVDM,1,1,,,KmCHET1NKg>8Q0:l,0*39
\s:66,c:1782377495*19\!AIVDM,1,1,,,14eGAk7P00FPl34NOdnES?w400SC,0*01
\s:66,c:1782377497*1B\!AIVDM,1,1,,,KmVpd61AO3g=H0;D,0*64
\s:66,c:1782377496*1A\!AIVDM,1,1,,,B4eI=Mh0=EO@P2OS@=T8OwgUkP06,0*3A
\s:66,c:1782377494*18\!AIVDM,1,1,,,H00ABD04r3J09DuV37JoSBF2220,2*7F
\s:66,c:1782377499*15\!AIVDM,1,1,,,13Io:70uBOP2iV?hKN?DPkU20HDb,0*70
\s:66,c:1782377499*15\!AIVDM,1,1,,,18uBf@30002Bn3EgQMa`=:w80<0`,0*7A
\s:66,c:1782377489*14\!AIVDM,1,1,,,1815?40021naVfV7I43Dvkvd2D05,0*4A
\s:66,c:1782377491*1D\!AIVDM,1,1,,,38Hwm103ie22K?qdnwhqvGrh00fh,0*44
\s:66,c:1782377497*1B\!AIVDM,1,1,,,KleJVP<;OB3W:jUP,0*52
\s:66,c:1782377496*1A\!AIVDM,1,1,,,KmB8`00BcFQA;PAp,0*76
\s:66,c:1782377494*18\!AIVDM,1,1,,,35O95nPP@0nBJnRPk;e3SEtt018P,0*4F
\s:66,c:1782377498*14\!AIVDM,1,1,,,15NDSD?000EJONpR`Qq9``;800S0,0*44
\s:66,c:1782377492*1E\!AIVDM,1,1,,,KmO5Ho8==IBeeSRD,0*6A
\s:66,c:1782377493*1F\!AIVDM,1,1,,,4050KrP000Htt<tSF0l4Q@000p@T,0*07
\s:66,c:1782377494*18\!AIVDM,1,1,,,13lh400wig3vUCwkQKUaPo`n00SI,0*66
\s:66,c:1782377496*1A\!AIVDM,1,1,,,16T>J<8023DVI<d0cP6Baj>p0D01,0*31
\s:66,c:1782377496*1A\!AIVDM,1,1,,,15P?`v0000De@VP<<S;Fb3;20D0V,0*19
\s:66,c:1782377494*18\!AIVDM,1,1,,,B6<fpFh090v2W6K1qIBHgwv63P06,0*76
\s:66,c:1782377499*15\!AIVDM,1,1,,,KmA1=d1DNDOjlP=p,0*43
\s:66,c:1782377496*1A\!AIVDM,1,1,,,Km65d:N2m5@Rp3>h,0*3F
\s:66,c:1782377500*14\!AIVDM,1,1,,,Kn?`BK=C76AJJPOt,0*41
\s:66,c:1782377490*1C\!AIVDM,1,1,,,33aN2`@018O2gfJ4nbe9T7Vn05tS,0*48
\s:66,c:1782377490*1C\!AIVDM,1,1,,,1815:lPv1bNhs`:<jJf`96Jt08A9,0*1D
\s:66,c:1782377478*1A\!AIVDM,1,1,,,KkiBd200K6gWB084,0*09
\s:66,c:1782377484*19\!AIVDM,1,1,,,19NSD<h00n009Ar3=cHrSHLR053<,0*5E
\s:66,c:1782377499*15\!AIVDM,1,1,,,15Uo@V000w0VO?j2LVcb07s<053<,0*1F
\s:66,c:1782377488*15\!AIVDM,1,1,,,K4`Uvh8vL>v9hP;L,0*0F
\s:66,c:1782377484*19\!AIVDM,1,1,,,KolodQ26`>6bTOwt,0*63
\s:66,c:1782377494*18\!AIVDM,1,1,,,4030p0Qvad`kPqh82nKsioW000S:,0*14
\s:66,c:1782377493*1F\!AIVDM,1,1,,,K8I=Bg0:@1@fB5eH,0*42
\s:66,c:1782377493*1F\!AIVDM,1,1,,,13l3o402C0EM;v4G38Fc0plp0@A=,0*58
\s:66,c:1782377491*1D\!AIVDM,1,1,,,K8I=Bg0:@1@fB5eH,0*42
\s:66,c:1782377491*1D\!AIVDM,1,1,,,404k0nQvad`kMbio1ukL5@WP0HAr,0*38
\s:66,c:1782377491*1D\!AIVDM,1,1,,,15CaCP002E<ccOdCfScbQ8L`053<,0*0A
\s:66,c:1782377491*1D\!AIVDM,1,1,,,KmNSrN`9q`ktPPCP,0*24
\s:66,c:1782377499*15\!AIVDM,1,1,,,39NSU0ht1R1S5HOcr0OS?BW80000,0*15
\s:66,c:1782377500*14\!AIVDM,1,1,,,39NSU0ht1R1S5HOcr0OS?BW80000,0*15
\s:66,c:1782377488*15\!AIVDM,1,1,,,1:kKba:00<rvafckd5cq:50f0sw2,0*5E
\s:66,c:1782377498*14\!AIVDM,1,1,,,C69>Veh05FWvsCM=a92aowv0Hc0@b2L?0jb2M0jcSQb0?30?330P,0*0C
\s:66,c:1782377486*1B\!AIVDM,1,1,,,KmNBIF0KQjjjH0?0,0*75
\s:66,c:1782377488*15\!AIVDM,1,1,,,KmNWuq7<T0j<M0F4,0*6A
\s:66,c:1782377497*1B\!AIVDM,1,1,,,KmNWuq7<T0j<M0F4,0*6A
\s:66,c:1782377497*1B\!AIVDM,1,1,,,KmNaSJb<eNj7e0@@,0*0A
\s:66,c:1782377478*1A\!AIVDM,1,1,,,KkIQoW0hJ9?R?00`,0*7E
\s:66,c:1782377499*15\!AIVDM,1,1,,,19NStTP1jm052S3p8<<d`b9600S7,0*26
\s:66,c:1782377495*19\!AIVDM,1,1,,,Kn<g<qOlILQdk04H,0*60
\s:66,c:1782377491*1D\!AIVDM,1,1,,,34srPH8P2RtF1IPWWAqK?wvl21r1,0*02
\s:66,c:1782377495*19\!AIVDM,1,1,,,34srPH8P1stF12tWWB2riOw221dQ,0*41
\s:66,c:1782377496*1A\!AIVDM,1,1,,,Kli1v@9MCLS0A0Ep,0*72
\s:66,c:1782377495*19\!AIVDM,1,1,,,15NVL50000D5UotNm9:qEG700<0P,0*05
\s:66,c:1782377500*14\!AIVDM,1,1,,,1815M@h22IOehdAp7hH5L4A8053<,0*78
\s:66,c:1782377493*1F\!AIVDM,1,1,,,Km2Kpgd<QvB:sPOt,0*30
\s:66,c:1782377499*15\!AIVDM,1,1,,,1815MI@1ApOoD9Gf4wJ;P9=80L06,0*76
\s:66,c:1782377495*19\!AIVDM,1,1,,,KrU7@G:>fAwJ?0<d,0*72
\s:66,c:1782377498*14\!AIVDM,1,1,,,Kp15bHPMHgfeK0Bt,0*0E
\s:66,c:1782377497*1B\!AIVDM,1,1,,,KmMvUfP<dsAwi5;8,0*5B
\s:66,c:1782377497*1B\!AIVDM,1,1,,,KmNS>kQLK1QcmRcD,0*44
\s:66,c:1782377489*14\!AIVDM,1,1,,,KqjhPI00BuPCjP0h,0*00
\s:66,c:1782377497*1B\!AIVDM,1,1,,,Km5WbB@@M1wNH0DH,0*32
\s:66,c:1782377499*15\!AIVDM,1,1,,,KqNSVNU@7u@N;0<D,0*72
\s:66,c:1782377500*14\!AIVDM,1,1,,,KrU78IN=k=?iNPOt,0*1B
\s:66,c:1782377496*1A\!AIVDM,1,1,,,KmNv>23uC<Bwt0Ot,0*06
\s:66,c:1782377494*18\!AIVDM,1,1,,,KqWmI21B1wObEP<0,0*1D
\s:66,c:1782377494*18\!AIVDM,1,1,,,369>Kj`PAB6?L@9fVPM=P;8v016A,0*08
\s:66,c:1782377495*19\!AIVDM,1,1,,,Km5WbB@@M1wNH0DH,0*32
\s:66,c:1782377495*19\!AIVDM,1,1,,,1:U7IqgP00LnL>CjmgUMaOw2053<,0*0B
\s:66,c:1782377483*1E\!AIVDM,1,1,,,13iLI8001fNlN>f2wGLUT4J`053<,0*09
\s:66,c:1782377486*1B\!AIVDM,1,1,,,K3aOBLP?atjf9UEd,0*04
\s:66,c:1782377493*1F\!AIVDM,1,1,,,18I0Gj0025vD35f<Ka;88nFn08B8,0*76
\s:66,c:1782377495*19\!AIVDM,1,1,,,KkiLI80?IE@HOU`t,0*16
\s:66,c:1782377497*1B\!AIVDM,1,1,,,KkiLI80?IE@HOU`t,0*16
\s:66,c:1782377497*1B\!AIVDM,1,1,,,15V0Bf0P2@0cK:D0pNCBDOw40<02,0*1C
\s:66,c:1782377499*15\!AIVDM,1,1,,,13A9s>001l0O=w020lQQv1g:0HF?,0*7D
\s:66,c:1782377499*15\!AIVDM,1,1,,,KqNSg1p@CR@CO0E8,0*36
\s:66,c:1782377493*1F\!AIVDM,1,1,,,19N`3mP01gKh?bqddc3rAH@t0D1f,0*1A
\s:66,c:1782377500*14\!AIVDM,1,1,,,KqNSMLANLGv;l05T,0*35
\s:66,c:1782377487*1A\!AIVDM,1,1,,,Kp;0AI0DK=i3VP4@,0*75
\s:66,c:1782377487*1A\!AIVDM,1,1,,,KnSqNF04K=hw`VUp,0*16
\s:66,c:1782377498*14\!AIVDM,1,1,,,15O?0E:P00mLt`VRdj7v4?w62<09,0*3F
\s:66,c:1782377495*19\!AIVDM,1,1,,,16:>q20vis:66,0*1E
\s:66,c:1782377494*18\!AIVDM,1,1,,,B6<len009=EcT?rdQh1l;wg73P06,0*0A
\s:66,c:1782377492*1E\!AIVDM,1,1,,,1815;mP21s0R?;sf?OHcQq>n08Aw,0*7A
\s:66,c:1782377495*19\!AIVDM,1,1,,,KkiLI80?IE@HOU`t,0*16
\s:66,c:1782377500*14\!AIVDM,1,1,,,KkmR;28vQrvH6P<t,0*0C
\s:66,c:1782377491*1D\!AIVDM,1,1,,,KqNSKb01<vM`dU4H,0*42
\s:66,c:1782377493*1F\!AIVDM,1,1,,,19NSdHh0001mTigdb8IDFDpr053<,0*39
\s:66,c:1782377500*14\!AIVDM,1,1,,,19NSJk01Al2O9O3duE>:FpJp0<06,0*11
\s:66,c:1782377486*1B\!AIVDM,1,1,,,KlaRv>`?KqB3jQCt,0*23
\s:66,c:1782377480*1D\!AIVDM,1,1,,,198ohpPP0:PW>A>2M0WBdOvV2D0;,0*40
\s:66,c:1782377493*1F\!AIVDM,1,1,,,KsDjfguu;<?7rP@h,0*75
\s:66,c:1782377495*19\!AIVDM,1,1,,,15N:6k0001DfJ2DPu5@0:356053<,0*35
\s:66,c:1782377501*15\!AIVDM,1,1,,,18K;l0002Cts1tFD?<B8wo@>053<,0*66
\s:66,c:1782377492*1E\!AIVDM,1,1,,,KkcnjJ0hH>39507H,0*34
\s:66,c:1782377499*15\!AIVDM,1,1,,,15Mj26002eG?Qq8K?EWr`HM>053<,0*32
\s:66,c:1782377496*1A\!AIVDM,1,1,,,186rhh0004D<@Wl0Cb4MKVA40@D5,0*2C
\s:66,c:1782377491*1D\!AIVDM,1,1,,,KlhKvW0FOD>gcP1T,0*30
\s:66,c:1782377492*1E\!AIVDM,1,1,,,KlhKvW0FOD>gcP1T,0*30
\s:66,c:1782377492*1E\!AIVDM,1,1,,,169>S6@017<JP0kr:6FFCE3p0000,0*32
\s:66,c:1782377498*14\!AIVDM,1,1,,,1815@qP02Rl9g:FJKqJSqC:v0@Cq,0*40
\s:66,c:1782377498*14\!AIVDM,1,1,,,15N:6k0001DfJ2DPu5@0:356053<,0*35
\s:66,c:1782377492*1E\!AIVDM,1,1,,,38I9;n00j1Fu9pT>aMCK68vv0@C=,0*26
\s:66,c:1782377488*15\!AIVDM,1,1,,,KmMj260;Q2kO98i0,0*76
\s:66,c:1782377495*19\!AIVDM,1,1,,,K7mRMt?l>iOefR4`,0*53
\s:66,c:1782377496*1A\!AIVDM,1,1,,,K815Cs@2;whKa5R@,0*7B
\s:66,c:1782377497*1B\!AIVDM,1,1,,,KkmwbNh1ju0urV?`,0*09
\s:66,c:1782377500*14\!AIVDM,1,1,,,KnK3sNp56iBltVPp,0*31
\s:66,c:1782377495*19\!AIVDM,1,1,,,16K?lh002`M8KuIku0HHUVs2053<,0*26
\s:66,c:1782377493*1F\!AIVDM,1,1,,,KmNJ`d0;5bC<OcS4,0*29
\s:66,c:1782377480*1D\!AIVDM,1,1,,,39jh6>5000PPhoH2cv>>41rR2JgP,0*60
\s:66,c:1782377497*1B\!AIVDM,1,1,,,Kp15cnh@KegaeP04,0*64
\s:66,c:1782377493*1F\!AIVDM,1,1,,,KqNSuB0MHIeVM0<@,0*39
\s:66,c:1782377500*14\!AIVDM,1,1,,,KrU8MIPNJqNDq06t,0*1B
\s:66,c:1782377484*19\!AIVDM,1,1,,,KotD1n1D;;hDhP@4,0*39
\s:66,c:1782377498*14\!AIVDM,1,1,,,15MdqsPP00DgVI0QCsbtqww8253<,0*72
\s:66,c:1782377493*1F\!AIVDM,1,1,,,13iSuP3PABKn9tN3v44WTn4v0@At,0*13
\s:66,c:1782377499*15\!AIVDM,1,1,,,B7fu:jP00;=4W;Nj9t;EWwi5WP06,0*35
\s:66,c:1782377495*19\!AIVDM,1,1,,,15O@3c0P@0DD8`pOI;p7jl:v0<0@,0*48
\s:66,c:1782377495*19\!AIVDM,1,1,,,19NS=W001hNJb8ebiDi3SRhv0<01,0*7D
\s:66,c:1782377489*14\!AIVDM,1,1,,,18Hv3g001spGURj:r<wU0kv`053<,0*0D
\s:66,c:1782377489*14\!AIVDM,1,1,,,159=EPP023q8U2r8vLdIp7nj08>O,0*5A
\s:66,c:1782377495*19\!AIVDM,1,1,,,KrU8MIPNJqNDq06t,0*1B
\s:66,c:1782377493*1F\!AIVDM,1,1,,,KqNSuB0MHIeVM0<@,0*39
\s:66,c:1782377488*15\!AIVDM,1,1,,,1bu0Me@001IMJmAwn<J8dTvl0000,0*37
\s:66,c:1782377498*14\!AIVDM,1,1,,,Krq85e<=B3haCPOt,0*16
\s:66,c:1782377498*14\!AIVDM,1,1,,,39NSuB1005Jpab5e@Ia7Cba60Dpb,0*65
\s:66,c:1782377493*1F\!AIVDM,1,1,,,KmNUM70<gdBfKPE8,0*6D
\s:66,c:1782377495*19\!AIVDM,1,1,,,Kn<gSKt4Iw1a`P7D,0*6C
\s:66,c:1782377492*1E\!AIVDM,1,1,,,KmOF?C3uKR30B3DT,0*09
\s:66,c:1782377493*1F\!AIVDM,1,1,,,18I7lF001b:Hl3Cv2faU>lHD00Sb,0*7E
\s:66,c:1782377494*18\!AIVDM,1,1,,,K4``Vn0B24gba0=h,0*55
\s:66,c:1782377497*1B\!AIVDM,1,1,,,KqNSSrP1BJeMEU5<,0*39
\s:66,c:1782377494*18\!AIVDM,1,1,,,B>pf9jP00A8aj4sFlCaeIGv4SP06,0*1F
\s:66,c:1782377492*1E\!AIVDM,1,1,,,33iAqFP3QW<alk9mn5k<qJHr00tP,0*3A
\s:66,c:1782377495*19\!AIVDM,1,1,,,35NQ=2gP@dl=:BNONU2Acibv0000,0*3C
\s:66,c:1782377495*19\!AIVDM,1,1,,,KnSlG5=DfjBgN0<l,0*71
\s:66,c:1782377495*19\!AIVDM,1,1,,,KqNSSrP1BJeMEU5<,0*39
\s:66,c:1782377495*19\!AIVDM,1,1,,,13lh7r001uMNficqfajPM@K208C:,0*46
\s:66,c:1782377491*1D\!AIVDM,1,1,,,18uAou5P?w2=v;1fr<S>4?vn053<,0*42
\s:66,c:1782377493*1F\!AIVDM,1,1,,,KqNSSrP1BJeMEU5<,0*39
\s:66,c:1782377493*1F\!AIVDM,1,1,,,177>9S0wjuIT0D<2b6;E;l:p0?wv,0*04
\s:66,c:1782377498*14\!AIVDM,1,1,,,1815Dmh1AUIb`5d5j3WDRkNh0<01,0*79
\s:66,c:1782377488*15\!AIVDM,1,1,,,14eG=hh00wo;LLHL6QwKtaRf0D6g,0*05
\s:66,c:1782377500*14\!AIVDM,1,1,,,KqNSnO@2juhWb4Bp,0*57
\s:66,c:1782377497*1B\!AIVDM,1,1,,,13l3qrP01PIotET<b8j5aTbp0@@U,0*00
\s:66,c:1782377490*1C\!AIVDM,1,1,,,KnSlG5=DfjBgN0<l,0*71
\s:66,c:1782377500*14\!AIVDM,1,1,,,Kn:H6cQDM72520Ot,0*34
\s:66,c:1782377499*15\!AIVDM,1,1,,,KpLg83P3eJPs>Sg0,0*29
\s:66,c:1782377497*1B\!AIVDM,1,1,,,K4`sj<0O3sBhp0;l,0*5F
\s:66,c:1782377487*1A\!AIVDM,1,1,,,15AVDd0P2pP`8FEw7OLT2wvj2L03,0*4E
\s:66,c:1782377488*15\!AIVDM,1,1,,,Ks@9n0=Mq7>8gPOt,0*44
\s:66,c:1782377491*1D\!AIVDM,1,1,,,KmNF55`:U8DIS0<4,0*18
\s:66,c:1782377493*1F\!AIVDM,1,1,,,KklEPj8KQARhiPAl,0*19
\s:66,c:1782377494*18\!AIVDM,1,1,,,B7`B3g00DC1iklIA8fG8owf1V8hP,0*0C
\s:66,c:1782377494*18\!AIVDM,1,1,,,Kp15c@@1U;g9o5mD,0*49
\s:66,c:1782377496*1A\!AIVDM,1,1,,,B8VDMH00AM97?Ew4Ka5:kwg20000,0*5D
\s:66,c:1782377492*1E\!AIVDM,1,1,,,H8VDMH4N0000800I:GAo001P<338,0*3D
\s:66,c:1782377491*1D\!AIVDM,1,1,,,14QOq:7000liWmpQVt7Hp9Pn0<0T,0*6C
\s:66,c:1782377495*19\!AIVDM,1,1,,,KqNSbM1@t<uQRPCH,0*7B
\s:66,c:1782377499*15\!AIVDM,1,1,,,KqleO>1hR0NDO0?t,0*20
\s:66,c:1782377493*1F\!AIVDM,1,1,,,KqNSbM1@t<uQRPCH,0*7B
\s:66,c:1782377493*1F\!AIVDM,1,1,,,13:Lv6002C1qou=dVJ8Imoq2053<,0*07
\s:66,c:1782377500*14\!AIVDM,1,1,,,14S:IT0P011B;G9e6eK=i?w8053<,0*12
\s:66,c:1782377493*1F\!AIVDM,1,1,,,KklEPj8KQARhiPAl,0*19
\s:66,c:1782377499*15\!AIVDM,1,1,,,KoldT?d4Bl?ru0eH,0*7B
\s:66,c:1782377500*14\!AIVDM,1,1,,,Ko0S5r:ikmB3c2Cl,0*3D
\s:66,c:1782377499*15\!AIVDM,1,1,,,3815SE02R9qNGd?fW4WLsbBp05M3,0*72
\s:66,c:1782377494*18\!AIVDM,1,1,,,KqkQ23d0=H0Iv0DP,0*6C
\s:66,c:1782377500*14\!AIVDM,1,1,,,Kn97?l@M:g>Vp0wt,0*64
\s:66,c:1782377495*19\!AIVDM,1,1,,,KlcT?L04FKha86>L,0*78
\s:66,c:1782377492*1E\!AIVDM,1,1,,,KmTP6N<=F3iG824d,0*3D
\s:66,c:1782377501*15\!AIVDM,1,1,,,18SJMFP01utCmn:;>J>I4W@@0<00,0*01
\s:66,c:1782377493*1F\!AIVDM,1,1,,,KmTP6N<=F3iG824d,0*3D
\s:66,c:1782377496*1A\!AIVDM,1,1,,,C19EvMP00MTOP:O:asFbcwP0DBL>jjckQeKSQUKia;1000000020,0*26
\s:66,c:1782377489*14\!AIVDM,1,1,,,18ULfv001PcvgMcoviIA?12d0<00,0*76
\s:66,c:1782377499*15\!AIVDM,1,1,,,B6<fiu00>e4clgwWn1:jGwhW3P06,0*17
\s:66,c:1782377491*1D\!AIVDM,1,1,,,144jEp0P1Jc<FFLMF@:W8Ovl253<,0*42
\s:66,c:1782377495*19\!AIVDM,1,1,,,Kl`V4Kp4kW2hBUdD,0*1C
\s:66,c:1782377498*14\!AIVDM,1,1,,,Kn97?l@M:g>Vp0wt,0*64
\s:66,c:1782377493*1F\!AIVDM,1,1,,,14eHM50P00o=cm4L:TuhSgvr253<,0*38
\s:66,c:1782377493*1F\!AIVDM,1,1,,,18HuMM001dodpwd>608cg9Nl00S;,0*19
\s:66,c:1782377499*15\!AIVDM,1,1,,,Kp15MJ0D?@weg01<,0*1C
\s:66,c:1782377497*1B\!AIVDM,1,1,,,KmTP6N<=F3iG824d,0*3D
\s:66,c:1782377490*1C\!AIVDM,1,1,,,Kl`V4Kp4kW2hBUdD,0*1C
\s:66,c:1782377499*15\!AIVDM,1,1,,,C19EvMP00MTOP:O:asFbcwP0DBL>jjckQeKSQUKia;1000000020,0*26
\s:66,c:1782377483*1E\!AIVDM,1,1,,,K33lFD0?KgipcTQ@,0*5E
\s:66,c:1782377499*15\!AIVDM,1,1,,,19NSno000rPr5mGs>ab;sqW>00Sf,0*27
\s:66,c:1782377498*14\!AIVDM,1,1,,,14eGM40P00ncfjtO4uO8cOw208Do,0*1F
\s:66,c:1782377492*1E\!AIVDM,1,1,,,KmNLgi8=1rBFLTl8,0*43
\s:66,c:1782377492*1E\!AIVDM,1,1,,,KmNT=9QM<HQoOP5<,0*1F
\s:66,c:1782377494*18\!AIVDM,1,1,,,Kn:vwN820SNcPUh4,0*2A
\s:66,c:1782377496*1A\!AIVDM,1,1,,,15SVv>001bGCLCkw@hBs8Hrv0HB=,0*00
\s:66,c:1782377498*14\!AIVDM,1,1,,,KmSVv>0;S2wqu5Al,0*0D
\g:1-2-5199108,s:66,c:1782377489*5B\!AIVDM,2,1,8,,57PB=D800001H`s?O3P4hdU8622222222222220l0`:34t0007Qk0A4m,0*75
\g:2-2-5199108*60\!AIVDM,2,2,8,,3kQH88888888880,2*2C
\s:66,c:1782377489*14\!AIVDM,1,1,,,H7Ohcn0dpuB04L4Tp0000000000,2*7B
\s:66,c:1782377489*14\!AIVDM,1,1,,,KoOp1W3mUrv8APOt,0*07
\s:66,c:1782377493*1F\!AIVDM,1,1,,,39NSgKm000002cv3>;TM9i>t0DTr,0*41
\s:66,c:1782377478*1A\!AIVDM,1,1,,,19NSjw00000le43tntu8M9RN053<,0*10
\s:66,c:1782377487*1A\!AIVDM,1,1,,,KqNSgKi@01@JI0E0,0*42
\s:66,c:1782377500*14\!AIVDM,1,1,,,KrLQeVdMic=V`POt,0*33
\s:66,c:1782377500*14\!AIVDM,1,1,,,K:U8wsf>Ueg3DR5d,0*04
\s:66,c:1782377487*1A\!AIVDM,1,1,,,Kn<g0004IAAf55dh,0*3E
\s:66,c:1782377501*15\!AIVDM,1,1,,,KmO;SPcuJHS4dP4@,0*05
\s:66,c:1782377501*15\!AIVDM,1,1,,,Kp15LR0=S5Avl6@@,0*40
\s:66,c:1782377493*1F\!AIVDM,1,1,,,15TmaH001g:`;2iwKE7E1T0f1d00,0*72
\s:66,c:1782377494*18\!AIVDM,1,1,,,C3pEULh00K8CIhJ2=PIc?TN0PNa1kKiQ:0000000000000D2RRR0,0*20
\s:66,c:1782377493*1F\!AIVDM,1,1,,,KmIBt21MgS0j2P0H,0*04
\s:66,c:1782377489*14\!AIVDM,1,1,,,404k1`Qvad`kGbDAFqp2suW00@>O,0*71
\s:66,c:1782377491*1D\!AIVDM,1,1,,,144hDg0P1Mbuqd@QF=s:66,0*12
\s:66,c:1782377498*14\!AIVDM,1,1,,,36KAen001<;N8bdCHk>eas74012A,0*7D
\s:66,c:1782377498*14\!AIVDM,1,1,,,18KGal002PlSb?VJdM9JrHg6253<,0*4A
\s:66,c:1782377494*18\!AIVDM,1,1,,,35?eJJ50008AOFUdsWBhjqlv0DPb,0*36
\s:66,c:1782377495*19\!AIVDM,1,1,,,K8I3VK0?`4NW3Vjp,0*4E
\s:66,c:1782377493*1F\!AIVDM,1,1,,,K8I3VK0?`4NW3Vjp,0*4E
\s:66,c:1782377500*14\!AIVDM,1,1,,,K:U8wsf>Ueg3DR5d,0*04
\s:66,c:1782377500*14\!AIVDM,1,1,,,1:U7Ir0P00tQQiIi176N4?w<2@Ff,0*04
\s:66,c:1782377498*14\!AIVDM,1,1,,,Kp15=iP<fS>aqVCt,0*1A
\s:66,c:1782377490*1C\!AIVDM,1,1,,,KqNSl60wo2PDjQ8`,0*77
\s:66,c:1782377495*19\!AIVDM,1,1,,,Kn?UnE0?SORgjV0L,0*65
\s:66,c:1782377480*1D\!AIVDM,1,1,,,39>EKf0P1CweQuR32>GmswvP235A,0*0F
\s:66,c:1782377484*19\!AIVDM,1,1,,,19JSqn000VPdRpN136dSvS<`0H<0,0*59
\s:66,c:1782377484*19\!AIVDM,1,1,,,14`Vhp0vjw00wWB34aKWLEt`053<,0*18
\s:66,c:1782377489*14\!AIVDM,1,1,,,KqNSl60wo2PDjQ8`,0*77
\s:66,c:1782377499*15\!AIVDM,1,1,,,KqjnSq0P;LhJtP@l,0*46
\s:66,c:1782377499*15\!AIVDM,1,1,,,Kp15JL@0K4?bUP>D,0*73
\s:66,c:1782377488*15\!AIVDM,1,1,,,K8IRF00=rfMK:UU`,0*3C
\s:66,c:1782377484*19\!AIVDM,1,1,,,Kn:4au1DLeBCBPAd,0*32
\s:66,c:1782377491*1D\!AIVDM,1,1,,,Kko1uR`0<94R=0Eh,0*2D
\s:66,c:1782377498*14\!AIVDM,1,1,,,15NG6w7P00Dst5jPiKNTwOw82<00,0*41
\s:66,c:1782377492*1E\!AIVDM,1,1,,,33Ekr7UOhDOmuUapOPHoTVhf0000,0*1D
\s:66,c:1782377493*1F\!AIVDM,1,1,,,1815Uh001bM`H13tE;cd99f`053<,0*62
\s:66,c:1782377493*1F\!AIVDM,1,1,,,177WB9001eJ:5favvjrhb@Rt053<,0*12
\s:66,c:1782377498*14\!AIVDM,1,1,,,K4`Uw`8<Pb>jh9hP,0*31
\s:66,c:1782377498*14\!AIVDM,1,1,,,HJu0FO@p58Dh000000000000000,2*0A
\s:66,c:1782377500*14\!AIVDM,1,1,,,KqNSNL02ONiPH5;t,0*4A
\s:66,c:1782377490*1C\!AIVDM,1,1,,,19NSt3002=wf9Q<Dca2k<BJb00Rd,0*00
\s:66,c:1782377490*1C\!AIVDM,1,1,,,14`Utbh21kN5Dg89el@1S1Lr08@S,0*27
\s:66,c:1782377495*19\!AIVDM,1,1,,,Km5m1h`?`Bk4;3;<,0*6D
\s:66,c:1782377483*1E\!AIVDM,1,1,,,1:LR4bEP0ssUcQaVnLfJMgvb2<12,0*6C
\s:66,c:1782377488*15\!AIVDM,1,1,,,1:LQc?h01fKqgdoacCLMc:fh0d01,0*36
\s:66,c:1782377500*14\!AIVDM,1,1,,,Kn9>S9Cu9tvWb0?4,0*2C
\s:66,c:1782377484*19\!AIVDM,1,1,,,KnShFG=DfJ2TOP;4,0*5B
\s:66,c:1782377498*14\!AIVDM,1,1,,,15O3mV`000lb8i@QcAd>46O620S2,0*5A
\s:66,c:1782377492*1E\!AIVDM,1,1,,,KpUlf88<v=Aij65`,0*55
\s:66,c:1782377493*1F\!AIVDM,1,1,,,Ko6vfm1EFPwV20Bd,0*6F
\s:66,c:1782377493*1F\!AIVDM,1,1,,,16:1F:002jl`vMhII8?ro8`v0@Ar,0*67
\s:66,c:1782377493*1F\!AIVDM,1,1,,,1;T2uJ`000sQ:`:4jobJ2JFv0L0B,0*79
\s:66,c:1782377497*1B\!AIVDM,1,1,,,Kp15b=P1hiv;9Vfl,0*4F
\s:66,c:1782377491*1D\!AIVDM,1,1,,,Kn:qkL019nuTL54T,0*40
\s:66,c:1782377493*1F\!AIVDM,1,1,,,Kp15b=P1hiv;9Vfl,0*4F
\s:66,c:1782377488*15\!AIVDM,1,1,,,ENoI2V@`2V4Sa7h0TaV0R7h9PU0e6FqHvS9M800003dP03@TQ@,4*11
\s:66,c:1782377498*14\!AIVDM,1,1,,,Kn9>S9Cu9tvWb0?4,0*2C
\s:66,c:1782377487*1A\!AIVDM,1,1,,,Kn:9;=d49GQa8P=l,0*60
\s:66,c:1782377495*19\!AIVDM,1,1,,,Kp:iKI04FeQ:lSf<,0*24
\s:66,c:1782377492*1E\!AIVDM,1,1,,,Kkl9=C<0QTR`l0Ot,0*30
\s:66,c:1782377493*1F\!AIVDM,1,1,,,1815Tw022JnmHjnCIkucuqbr0D0F,0*1D
\s:66,c:1782377494*18\!AIVDM,1,1,,,35Ptgd?P00rB?@D5C;jv4?w023lS,0*01
\s:66,c:1782377494*18\!AIVDM,1,1,,,16:wR`001N3mF?wko=Qim1Lp08@B,0*5B
\s:66,c:1782377496*1A\!AIVDM,1,1,,,H69D9DTN00000002JpF7004HI540,0*4E
\s:66,c:1782377491*1D\!AIVDM,1,1,,,D04k1NiFh@01Fh@01Fh@000,2*06
\s:66,c:1782377489*14\!AIVDM,1,1,,,B>kv60@0256?gpJVnaIQ7wcTSP06,0*10
\s:66,c:1782377495*19\!AIVDM,1,1,,,13P=q2hujR<Vl7hKBC9CDB`v053<,0*1D
\s:66,c:1782377495*19\!AIVDM,1,1,,,15?dRHh01p:dd0dIVh09D7I000Rw,0*04
\s:66,c:1782377494*18\!AIVDM,1,1,,,18;GrB001e7slFol=KU5vllt053<,0*05
\s:66,c:1782377495*19\!AIVDM,1,1,,,Ko7``N00U;=WH48h,0*12
\s:66,c:1782377492*1E\!AIVDM,1,1,,,18W>Jh000IF2tSQrLQ>;=hFr0<01,0*58
\s:66,c:1782377493*1F\!AIVDM,1,1,,,18RIOg001b2SI2=fNB99NWW208CD,0*30
\s:66,c:1782377500*14\!AIVDM,1,1,,,Ko7``N00U;=WH48h,0*12
\s:66,c:1782377496*1A\!AIVDM,1,1,,,K77f`M<29?Qgp0@0,0*69
\s:66,c:1782377494*18\!AIVDM,1,1,,,1815Rjh01k5sT3gnGQAb7H2t00S@,0*67
\s:66,c:1782377492*1E\!AIVDM,1,1,,,18I1GM0025p:F1L<;Sgm644t0<0G,0*0D
\s:66,c:1782377493*1F\!AIVDM,1,1,,,19NSlM@01K1`mmgcvCbSA2`r0<0K,0*1E
\s:66,c:1782377493*1F\!AIVDM,1,1,,,KmEG>b1M4d0cRRfD,0*42
\s:66,c:1782377493*1F\!AIVDM,1,1,,,KsDjs=<M;;g7g0AH,0*40
\s:66,c:1782377489*14\!AIVDM,1,1,,,19NSad021hOmA>L12gaDVCVn053<,0*5B
\s:66,c:1782377487*1A\!AIVDM,1,1,,,Kn:8F0PDGuAo0P4d,0*0E
\s:66,c:1782377493*1F\!AIVDM,1,1,,,19NSEs@01oJCrT>8uGhG05Rt08Ae,0*51
\s:66,c:1782377497*1B\!AIVDM,1,1,,,KqNSKa02OgNP<54`,0*03
\s:66,c:1782377496*1A\!AIVDM,1,1,,,B6<fc900>E2=;TOvdGqs;wv63P06,0*79
\s:66,c:1782377494*18\!AIVDM,1,1,,,H6<fjklN80000>U27kqkj01`G33@,0*4B
\s:66,c:1782377492*1E\!AIVDM,1,1,,,B6<fc900>E2=;TOvdGqs;wv63P06,0*79
\s:66,c:1782377499*15\!AIVDM,1,1,,,Kp2wj;3n63fG`08T,0*0D
\s:66,c:1782377491*1D\!AIVDM,1,1,,,15N0KCPP18<tSF0l4Q@;I?wp0`@K,0*29
\s:66,c:1782377494*18\!AIVDM,1,1,,,33bFB`0vj65n>iQq9Ogr0orv86aC,0*43
\s:66,c:1782377489*14\!AIVDM,1,1,,,1JtvA@h001qRlBkwf<ee6q>h0000,0*1C
\s:66,c:1782377493*1F\!AIVDM,1,1,,,19NSe0P01VN19Wh1?qA@sQ500<00,0*0C
\s:66,c:1782377495*19\!AIVDM,1,1,,,15Ps2D001jNUTjh;1;BWl6C20<1N,0*5C
\s:66,c:1782377487*1A\!AIVDM,1,1,,,198f5P2P0iPe1lr1a>@=tgvd2@=N,0*66
\s:66,c:1782377487*1A\!AIVDM,1,1,,,KqNSrpH?tIw4@6Cl,0*12
\s:66,c:1782377497*1B\!AIVDM,1,1,,,Kq8f5P<PG3@=N2nH,0*59
\s:66,c:1782377483*1E\!AIVDM,1,1,,,1;@3Sb0P00spRGSiLErf4?vf20SV,0*62
\s:66,c:1782377493*1F\!AIVDM,1,1,,,KrkJQrP=CM<mnPCL,0*5F
\s:66,c:1782377495*19\!AIVDM,1,1,,,Kk9FGA04ABib1Rg@,0*76
\s:66,c:1782377496*1A\!AIVDM,1,1,,,KleIB60=S`3AH0=P,0*41
\s:66,c:1782377496*1A\!AIVDM,1,1,,,KmNDegP<sG3<6Q98,0*78
\s:66,c:1782377493*1F\!AIVDM,1,1,,,KmNNqv9Kbc2Mr1jL,0*2F
\s:66,c:1782377494*18\!AIVDM,1,1,,,Kn:>6QPB6efQfPB<,0*1F
\s:66,c:1782377497*1B\!AIVDM,1,1,,,15SMlB0wBo3QsishbA4jN1w60@DR,0*7F
\s:66,c:1782377496*1A\!AIVDM,1,1,,,B>l73mP03iJsvQsFs5i4GwiTSP06,0*1C
\s:66,c:1782377491*1D\!AIVDM,1,1,,,18I7C900BV<JKe0K?KK3FBcj053<,0*56
\s:66,c:1782377498*14\!AIVDM,1,1,,,Kp15NSP5v3kB?64p,0*01
\g:1-2-5199109,s:66,c:1782377494*56\!AIVDM,2,1,9,,57OmaF40?GuII4d7F20lu8F2222222222222220U2PH456w:061TQC@C,0*62
\g:2-2-5199109*61\!AIVDM,2,2,9,,U31H88888888880,2*73
\s:66,c:1782377494*18\!AIVDM,1,1,,,C=@oMCP0@ATA5OsPmTreHON0`2BhB2L?UKS1eU:0000000411R2P,0*7B
\s:66,c:1782377489*14\!AIVDM,1,1,,,Kmh7TRp<RV0pqR5@,0*46
\s:66,c:1782377493*1F\!AIVDM,1,1,,,19NSe0P01VN19Wh1?qA@sQ500<00,0*0C
\s:66,c:1782377500*14\!AIVDM,1,1,,,1:U7<9POhALrhKiiFlgTd4m60HE>,0*31
\s:66,c:1782377488*15\!AIVDM,1,1,,,Kmh7TRp<RV0pqR5@,0*46
\s:66,c:1782377498*14\!AIVDM,1,1,,,13nvdr002?Gva6kmpcwqFoND08Du,0*09
\s:66,c:1782377493*1F\!AIVDM,1,1,,,KmNNqv9Kbc2Mr1jL,0*2F
\s:66,c:1782377497*1B\!AIVDM,1,1,,,KmNDegP<sG3<6Q98,0*78
\s:66,c:1782377498*14\!AIVDM,1,1,,,KleJI7GsNSkWVPOt,0*39
\s:66,c:1782377496*1A\!AIVDM,1,1,,,Kke6D@82KkPf43@@,0*0B
\s:66,c:1782377497*1B\!AIVDM,1,1,,,Kke6D@82KkPf43@@,0*0B
\s:66,c:1782377499*15\!AIVDM,1,1,,,Kk9FGA04ABib1Rg@,0*76
\s:66,c:1782377497*1B\!AIVDM,1,1,,,KmOETGP<bEj8T01P,0*44
\s:66,c:1782377483*1E\!AIVDM,1,1,,,18I8lJ0v2Hvjj1n=;TVWn6@V08<8,0*3D
\s:66,c:1782377480*1D\!AIVDM,1,1,,,KmB6jl8?Tn0KVa7@,0*35
\s:66,c:1782377480*1D\!AIVDM,1,1,,,1815BW0010OeaFP2rTKPbPLT0<0r,0*48
\s:66,c:1782377497*1B\!AIVDM,1,1,,,38VR4N3OhcOHAm02NWEsNqK40000,0*23
\s:66,c:1782377500*14\!AIVDM,1,1,,,KrU8Wr9N=vMsdP3d,0*77
\s:66,c:1782377500*14\!AIVDM,1,1,,,1:LQd=8P00spVISb>ePP;Ow:2<0p,0*41
\s:66,c:1782377484*19\!AIVDM,1,1,,,K8;=;T1DRE0h3P<8,0*20
\s:66,c:1782377494*18\!AIVDM,1,1,,,15NcJG0000o@1?tK<qBL14;000Rm,0*2F
\s:66,c:1782377495*19\!AIVDM,1,1,,,14`UvShvBiEKWH6R7F6:a8U088D2,0*05
\s:66,c:1782377493*1F\!AIVDM,1,1,,,Kofu:rAEEcNhe06L,0*33
\s:66,c:1782377495*19\!AIVDM,1,1,,,Kp?O@L<EHr?COPOt,0*3B
\s:66,c:1782377497*1B\!AIVDM,1,1,,,13dlSR0vk<njJ3VLjVRm9l;288Dj,0*6B
\s:66,c:1782377499*15\!AIVDM,1,1,,,Km2UPP9Kbt2NCPOt,0*16
\s:66,c:1782377494*18\!AIVDM,1,1,,,15D`RH001v5:rwuqrMCa3o<`08@I,0*08
\s:66,c:1782377486*1B\!AIVDM,1,1,,,19NSsD00B7MQFkku@fcU340f00S?,0*32
\s:66,c:1782377495*19\!AIVDM,1,1,,,1:5eRH0P02Nupqv5mM<UnOw00D0B,0*14
\s:66,c:1782377494*18\!AIVDM,1,1,,,KmOBHU1s=ET0ePOt,0*01
\s:66,c:1782377492*1E\!AIVDM,1,1,,,Km?dQVh=7=Qt:0Sh,0*56
\s:66,c:1782377493*1F\!AIVDM,1,1,,,KmOBHU1s=ET0ePOt,0*01
\s:66,c:1782377497*1B\!AIVDM,1,1,,,KmNvs>eKQBSOAPOt,0*3F
\s:66,c:1782377494*18\!AIVDM,1,1,,,K9NS`NQFLs=?NP<@,0*6E
\g:1-2-5199110,s:66,c:1782377494*5E\!AIVDM,2,1,0,,53mhtF82FiQ@h5PoR2055D61@5>22222222222167pE?14rdR:k2E531,0*33
\g:2-2-5199110*69\!AIVDM,2,2,0,,E3k`3V`88888880,2*25
\s:66,c:1782377491*1D\!AIVDM,1,1,,,18Vo4>001RESw21wRppPIh@r0D00,0*4E
\s:66,c:1782377489*14\!AIVDM,1,1,,,K9NS`NQFLs=?NP<@,0*6E
\s:66,c:1782377499*15\!AIVDM,1,1,,,H6<fhUQUF0HDpN0pvs?>2222220,2*48
\s:66,c:1782377498*14\!AIVDM,1,1,,,15N5VL7000m6@rbQ482duiw80<0Q,0*3B
\s:66,c:1782377495*19\!AIVDM,1,1,,,KnK3A89DjUjO<5Uh,0*10
\s:66,c:1782377489*14\!AIVDM,1,1,,,16TGP>000gniqj<1@3V7Tmrh2L02,0*16
\s:66,c:1782377491*1D\!AIVDM,1,1,,,1815Qm@0iU26b69dmj=2e20j0<0D,0*6A
\s:66,c:1782377493*1F\!AIVDM,1,1,,,KmNwE?d<ddjTK0AD,0*1A
\s:66,c:1782377493*1F\!AIVDM,1,1,,,KmOBHU1s=ET0ePOt,0*01
\s:66,c:1782377493*1F\!AIVDM,1,1,,,KmN07A3<ef2=6S3h,0*74
\s:66,c:1782377497*1B\!AIVDM,1,1,,,KmN07A3<ef2=6S3h,0*74
\s:66,c:1782377490*1C\!AIVDM,1,1,,,KnK3A89DjUjO<5Uh,0*10
\s:66,c:1782377480*1D\!AIVDM,1,1,,,KqjmeV<@<5PHu0ET,0*50
\s:66,c:1782377487*1A\!AIVDM,1,1,,,Kqjfet=@@RhFRPOt,0*38
\s:66,c:1782377494*18\!AIVDM,1,1,,,39jg:n3P@W0HIu22t9a;`I:t20uA,0*42
\s:66,c:1782377488*15\!AIVDM,1,1,,,KkEvtT0=wqeFfUD4,0*3F
\s:66,c:1782377495*19\!AIVDM,1,1,,,Kp;;da0DI5i8uP60,0*23
\s:66,c:1782377496*1A\!AIVDM,1,1,,,KmNhdE0=CQAjk;84,0*2E
\s:66,c:1782377496*1A\!AIVDM,1,1,,,KleGNs0=a73Uc0@H,0*39
\s:66,c:1782377501*15\!AIVDM,1,1,,,KleH7@@=U53DNS3d,0*3A
\s:66,c:1782377497*1B\!AIVDM,1,1,,,1;<3=J002W4P?0WgsfeRe2=80@EB,0*2C
\s:66,c:1782377499*15\!AIVDM,1,1,,,KohH<40FR`>eQ0Dt,0*25
\s:66,c:1782377491*1D\!AIVDM,1,1,,,KkEdm4SwdcS;jPCl,0*61
\s:66,c:1782377495*19\!AIVDM,1,1,,,1596Wn3009M9bACkNC<7JEs60HDI,0*19
\s:66,c:1782377488*15\!AIVDM,1,1,,,1ru0HU001LIQNF7wSMeuHrnh0000,0*63
\s:66,c:1782377493*1F\!AIVDM,1,1,,,15?8GD0P0crBC8:5Fvjt4Ovp253<,0*4B
\s:66,c:1782377498*14\!AIVDM,1,1,,,Kn9L1aiM<qfV5Pbt,0*4D
\s:66,c:1782377495*19\!AIVDM,1,1,,,KoWK8QpD8D?Oo0Ot,0*6A
\s:66,c:1782377500*14\!AIVDM,1,1,,,Km?d`Ph35Ewt`UST,0*30
\s:66,c:1782377499*15\!AIVDM,1,1,,,19ji9k8P@SPG:lH36joEnlI60D0O,0*7F
\s:66,c:1782377483*1E\!AIVDM,1,1,,,Kp155EP>@bukV6Rp,0*38
\s:66,c:1782377499*15\!AIVDM,1,1,,,18HwmJ001vDDrpnE964btHdp0D06,0*1B
\s:66,c:1782377494*18\!AIVDM,1,1,,,H6<uHR4N80000;M28knnl01@F43@,0*33
\s:66,c:1782377491*1D\!AIVDM,1,1,,,15NS<l8P01lbaNdQilkUfwvn2<0I,0*16
\s:66,c:1782377491*1D\!AIVDM,1,1,,,15@5MN0uQtl905tKCEtClk<r0D03,0*15
\s:66,c:1782377495*19\!AIVDM,1,1,,,15NI;QgP00liJr0QW0u>4?w22@CQ,0*67
\s:66,c:1782377499*15\!AIVDM,1,1,,,18uJmj0P0vQB=8Oe6gvj:?w:2<0G,0*30
\s:66,c:1782377498*14\!AIVDM,1,1,,,1815:eQ2QdIKpmr7K7el>kLb0@CB,0*46
\s:66,c:1782377499*15\!AIVDM,1,1,,,Kolk5dQDAWwFC0<P,0*38
\s:66,c:1782377489*14\!AIVDM,1,1,,,C3gnwUP00egM<grcL4QjGTN0P`UiiKSQKce:0000000000D2RRR0,0*08
\s:66,c:1782377497*1B\!AIVDM,1,1,,,KqNSlr8:aA1w7UUp,0*7D
\s:66,c:1782377497*1B\!AIVDM,1,1,,,KmMl1Id<dlR8?0T8,0*41
\s:66,c:1782377493*1F\!AIVDM,1,1,,,KqNSmHhOnV0HPPDd,0*22
\s:66,c:1782377494*18\!AIVDM,1,1,,,KqNSmHhOnV0HPPDd,0*22
\s:66,c:1782377497*1B\!AIVDM,1,1,,,KkihBT4OnShHvP>L,0*62
\s:66,c:1782377499*15\!AIVDM,1,1,,,13afSb0P020oQ09tmab6cgw:00Sj,0*6A
\s:66,c:1782377499*15\!AIVDM,1,1,,,KkIgiM1OnShHt0=h,0*3F
\s:66,c:1782377500*14\!AIVDM,1,1,,,Ko7=iE0>cLumTUWH,0*42
\s:66,c:1782377484*19\!AIVDM,1,1,,,Kn<kTJ1DIriau03H,0*73
\s:66,c:1782377497*1B\!AIVDM,1,1,,,KqNSRuAKP6kGS08`,0*1C
\s:66,c:1782377494*18\!AIVDM,1,1,,,1815Jm0uQoThvbSsQR88lW6p0@AP,0*21
\s:66,c:1782377489*14\!AIVDM,1,1,,,1815N;@02?;1<6wh8NK080@h0<0A,0*2D
\s:66,c:1782377495*19\!AIVDM,1,1,,,144h<H0005cFGCdNCnEC@Uvt2t0u,0*7B
\s:66,c:1782377492*1E\!AIVDM,1,1,,,19NSROP01VIHBK@6mkqDSkdl08@@,0*1D
\s:66,c:1782377495*19\!AIVDM,1,1,,,Ko7=iE0>cLumTUWH,0*42
\s:66,c:1782377498*14\!AIVDM,1,1,,,19NSROP01VIHBQj6mkPTQke408EC,0*41
\s:66,c:1782377493*1F\!AIVDM,1,1,,,KmNBsp3<lEBaT0@L,0*23
\s:66,c:1782377497*1B\!AIVDM,1,1,,,KqNSRuAKP6kGS08`,0*1C
\s:66,c:1782377500*14\!AIVDM,1,1,,,Kn?Ukn82R>AS4UDL,0*30
\s:66,c:1782377483*1E\!AIVDM,1,1,,,KkWR@G1Ok3R`;P>D,0*40
\s:66,c:1782377480*1D\!AIVDM,1,1,,,15U1br000>Ot4Dt0EHUIbB@d0@;9,0*71
\s:66,c:1782377489*14\!AIVDM,1,1,,,39jij20Oiu0D3cj24JiT`Sdj0000,0*57
\s:66,c:1782377487*1A\!AIVDM,1,1,,,K6:LoJ04NT2>P`PH,0*73
\s:66,c:1782377495*19\!AIVDM,1,1,,,Kp;Msm1DUh@b60:D,0*26
\s:66,c:1782377493*1F\!AIVDM,1,1,,,14eGBS?000Fvah<LKDtqI7;000Ss,0*48
\s:66,c:1782377497*1B\!AIVDM,1,1,,,14`UuB002CF4v<rG5ePTfCi60@D>,0*38
\s:66,c:1782377489*14\!AIVDM,1,1,,,338WVH13@6:mDgQjHR7haD::0000,0*4D
\s:66,c:1782377495*19\!AIVDM,1,1,,,K6:LoJ04NT2>P`PH,0*73
\s:66,c:1782377491*1D\!AIVDM,1,1,,,Ko72nP01RaeoNb?8,0*6B
\s:66,c:1782377488*15\!AIVDM,1,1,,,169>d<o003rQcpWm2AEigD>h2@=w,0*7B
\s:66,c:1782377488*15\!AIVDM,1,1,,,14`Uvj002aI8?7gsGgaRJitd08>3,0*50
\s:66,c:1782377493*1F\!AIVDM,1,1,,,Kru0Fa`Lev?sk01t,0*51
\s:66,c:1782377497*1B\!AIVDM,1,1,,,K5@H0v0<0aiU:V7d,0*09
\s:66,c:1782377497*1B\!AIVDM,1,1,,,KmNS;p;<QsB9l010,0*14
\s:66,c:1782377498*14\!AIVDM,1,1,,,KmN2hresMt3HT0A<,0*6A
\s:66,c:1782377497*1B\!AIVDM,1,1,,,15OdjP0wB6u<PlT8p20l<3C608Dt,0*04
\s:66,c:1782377489*14\!AIVDM,1,1,,,18I>s2001LOaeGuu7GgmiDPl0@?t,0*79
\s:66,c:1782377489*14\!AIVDM,1,1,,,KlSIBd0?v@OrATWL,0*76
\s:66,c:1782377495*19\!AIVDM,1,1,,,15NGo4P001lggjpQS1E9`5a60<0d,0*33
\s:66,c:1782377498*14\!AIVDM,1,1,,,15OIc;P000nNcHlOitFpnww<08F0,0*72
\s:66,c:1782377501*15\!AIVDM,1,1,,,Km?dR1p=sD0r>TSL,0*34
\s:66,c:1782377493*1F\!AIVDM,1,1,,,403Oth1vad`kOGLti@C1@d700t68,0*48
\s:66,c:1782377493*1F\!AIVDM,1,1,,,15NGquPP00GN3c<CUtr;g?vt08B?,0*0F
\s:66,c:1782377489*14\!AIVDM,1,1,,,1815Dv001v:tF;1eioWoiF<r0<05,0*2E
\s:66,c:1782377496*1A\!AIVDM,1,1,,,C1;@llP02IM32>s?j`p53wP0HfjkSiiKeeKci;11111000000020,0*6E
\s:66,c:1782377491*1D\!AIVDM,1,1,,,19NSh?@12UD@dSrEk3oCRBnr0<03,0*40
\s:66,c:1782377495*19\!AIVDM,1,1,,,KnK2eRPE7f2VJP>L,0*44
\s:66,c:1782377489*14\!AIVDM,1,1,,,KqNSLDP<SR@w24WH,0*0B
\s:66,c:1782377488*15\!AIVDM,1,1,,,KqNSLDP<SR@w24WH,0*0B
\s:66,c:1782377497*1B\!AIVDM,1,1,,,KmO@008==62e708P,0*78
\s:66,c:1782377489*14\!AIVDM,1,1,,,C3Vk@8h07ewG1OuentmVwTN0TASkKcKga:000000000000D2RRR0,0*1C
\s:66,c:1782377499*15\!AIVDM,1,1,,,19jepl8P000JLtj391jN4?w808Ej,0*40
\s:66,c:1782377491*1D\!AIVDM,1,1,,,14eGaodP00FKaBnW7uvpPwvl2<01,0*1B
\s:66,c:1782377497*1B\!AIVDM,1,1,,,15A2cL0vip3UfAuqVL=9JWFt0D03,0*63
\s:66,c:1782377497*1B\!AIVDM,1,1,,,13P>P8@0im543`ApUiu2E1o02D0G,0*25
\s:66,c:1782377496*1A\!AIVDM,1,1,,,37VKUp001eEK7fH7vcKSuk;205tk,0*2F
\s:66,c:1782377498*14\!AIVDM,1,1,,,K44cP@d5hP3gQV>L,0*17
\s:66,c:1782377495*19\!AIVDM,1,1,,,36?Unf@1j01;AhGdN:MTbChv0Dnu,0*16
\s:66,c:1782377493*1F\!AIVDM,1,1,,,3774v303iiNJWo=d`;3kSBft0000,0*43
\s:66,c:1782377495*19\!AIVDM,1,1,,,1815=dP11oM2GpB0em=50kw40HCt,0*61
\s:66,c:1782377495*19\!AIVDM,1,1,,,Kla`tl0?AoiLvVdl,0*75
\s:66,c:1782377497*1B\!AIVDM,1,1,,,KqN`020?aJjj27ET,0*41
\s:66,c:1782377494*18\!AIVDM,1,1,,,19jhQ;0P06PV2Lp2KFfQL?vp0`Ai,0*6C
\s:66,c:1782377488*15\!AIVDM,1,1,,,3815Q9i000LS>uAiAT6T6Unl0000,0*33
\s:66,c:1782377488*15\!AIVDM,1,1,,,Kn9>djL=intUW0Ot,0*40
\s:66,c:1782377500*14\!AIVDM,1,1,,,E>o3cT?10V9b000000000000000=GuOTlUpv800003hP10,4*69
\s:66,c:1782377487*1A\!AIVDM,1,1,,,KomFBj@4fS02u2wt,0*47
\s:66,c:1782377495*19\!AIVDM,1,1,,,14eGNm@000FcI1vO1KBdoTi42D0j,0*61
\s:66,c:1782377495*19\!AIVDM,1,1,,,177VMk0P1lmFFjpMn1u;38pD0@D?,0*04
\s:66,c:1782377493*1F\!AIVDM,1,1,,,KomFBj@4fS02u2wt,0*47
\s:66,c:1782377492*1E\!AIVDM,1,1,,,KlSc7D80JwjjEU`H,0*0E
\s:66,c:1782377493*1F\!AIVDM,1,1,,,KnSv7>0:kN2lo8W@,0*5F
\s:66,c:1782377493*1F\!AIVDM,1,1,,,H@8qW=he??<qC;G?F3S6D000000,2*5A
\s:66,c:1782377499*15\!AIVDM,1,1,,,KmO1>s=KPNSEj0Ot,0*6D
\s:66,c:1782377494*18\!AIVDM,1,1,,,C99gji00WU951SslPtLHtCv06@Mikj4bNjwkk;1111100000002P,0*6C
\s:66,c:1782377496*1A\!AIVDM,1,1,,,15TnoP0vR>FBSe@<wvWTGkJH0@C1,0*2C
\s:66,c:1782377499*15\!AIVDM,1,1,,,13KCEf0v20E<r<Imw6W29ia20<02,0*30
\s:66,c:1782377495*19\!AIVDM,1,1,,,Kn:6RWd4N92BITAd,0*24
\s:66,c:1782377488*15\!AIVDM,1,1,,,406uW9AuJl`kEJUQIT5HNJW0053<,0*55
\s:66,c:1782377488*15\!AIVDM,1,1,,,13sGaH0013J7lWap:qaFw5Th0@>D,0*35
\s:66,c:1782377488*15\!AIVDM,1,1,,,KmR2=0<=4d0ch4PH,0*6A
\s:66,c:1782377493*1F\!AIVDM,1,1,,,KnSv7>0:kN2lo8W@,0*5F
\s:66,c:1782377496*1A\!AIVDM,1,1,,,Ko0icP8211Am;0=0,0*09
\s:66,c:1782377496*1A\!AIVDM,1,1,,,K5?de7`1q?Awr67D,0*0E
\s:66,c:1782377491*1D\!AIVDM,1,1,,,H4eJW7hlT<dEV0TT00000000000,2*4D
\s:66,c:1782377498*14\!AIVDM,1,1,,,14eGGE7005sa9rBSkR20A2U60D05,0*52
\s:66,c:1782377492*1E\!AIVDM,1,1,,,14`p00002LLiMP:DUPla8oDr0<00,0*2F
\s:66,c:1782377494*18\!AIVDM,1,1,,,B>l6r7@061>iiCsNCCd2WwcTSP06,0*77
\s:66,c:1782377492*1E\!AIVDM,1,1,,,C>JBg1P03c;JjU0KC:lp7TN0L:`<BVAkegKUUKcc:00000D2RRR0,0*31
\s:66,c:1782377499*15\!AIVDM,1,1,,,18UEeh0001<2N?7mmmvnFSI000Sp,0*00
\s:66,c:1782377492*1E\!AIVDM,1,1,,,KnK;GV01=9uWS7?p,0*2F
\s:66,c:1782377492*1E\!AIVDM,1,1,,,160kcp001gNhb0=nwCI52D2t08BB,0*29
\s:66,c:1782377495*19\!AIVDM,1,1,,,1815J@P0QWPIGO5e?iWK68lv0D09,0*64
\s:66,c:1782377491*1D\!AIVDM,1,1,,,KnK;GV01=9uWS7?p,0*2F
\s:66,c:1782377488*15\!AIVDM,1,1,,,3:u0ODh019qRrj;ww1>1hiNd0000,0*65
\s:66,c:1782377493*1F\!AIVDM,1,1,,,KsDqP0Ku;<?7rPA4,0*6C
\s:66,c:1782377488*15\!AIVDM,1,1,,,19NSs8@01LIj`;Kw:D<UUD<h0@?3,0*5E
\g:1-2-5199111,s:66,c:1782377498*53\!AIVDM,2,1,1,,5:u0ODp2FJ7TP>3K;?L<4lTh622222222222220t2HC765dV05QiCSmQ,0*51
\g:2-2-5199111*68\!AIVDM,2,2,1,,FPH888888888880,2*02
\s:66,c:1782377496*1A\!AIVDM,1,1,,,Knoa=vhBtG@uI0<0,0*5E
\s:66,c:1782377500*14\!AIVDM,1,1,,,Kq@2`a@20tAoU25@,0*24
\s:66,c:1782377497*1B\!AIVDM,1,1,,,KmN6`d=M4D1v;POt,0*2A
\s:66,c:1782377478*1A\!AIVDM,1,1,,,19jln88002PU9pV2Fk6r`VbL288l,0*32
\s:66,c:1782377495*19\!AIVDM,1,1,,,15OBglWP00E6D0NQ3rVnkgw00D0Q,0*5D
\s:66,c:1782377490*1C\!AIVDM,1,1,,,15?dco@P01w2bub4nsKpGwv`0H<D,0*21
\s:66,c:1782377490*1C\!AIVDM,1,1,,,16LKh8001sNiD;p?COGB6idj0H@L,0*4E
\s:66,c:1782377478*1A\!AIVDM,1,1,,,KqNSlVP0@5g0JV`0,0*74
\s:66,c:1782377484*19\!AIVDM,1,1,,,Kl`V4HPDDO@@N0A0,0*1A
\s:66,c:1782377496*1A\!AIVDM,1,1,,,Kkmc5F8>9ajP867`,0*07
\s:66,c:1782377492*1E\!AIVDM,1,1,,,K4aRv<P0u=BsNR4L,0*1C
\s:66,c:1782377493*1F\!AIVDM,1,1,,,B52fgi000=qoBT4cWn@264>QjDQb,0*23
\s:66,c:1782377496*1A\!AIVDM,1,1,,,C69D:wP0EE3Rm`OeFUA:gwv0hBM0V@C0DC1USd000000?1H:1RPP,0*43
\s:66,c:1782377498*14\!AIVDM,1,1,,,B69D:wP0Du3Rn>weFR17SwiVSP06,0*5D
\s:66,c:1782377494*18\!AIVDM,1,1,,,13F=2r70113D9HQfSUwPn@bh0L00,0*11
\s:66,c:1782377499*15\!AIVDM,1,1,,,B69D:wP0Dm3RndOeFPA83wv63P06,0*25
\s:66,c:1782377491*1D\!AIVDM,1,1,,,K3aAPB9h=73nn0;P,0*1E
\s:66,c:1782377495*19\!AIVDM,1,1,,,Kp15@VP4m=2dS63D,0*3E
\s:66,c:1782377492*1E\!AIVDM,1,1,,,18Ht`BPuhG0MET3gWC3LIG:J053<,0*5D
\s:66,c:1782377495*19\!AIVDM,1,1,,,16=CGT0006RHfogdN;CWn@`t2@BK,0*3B
\s:66,c:1782377499*15\!AIVDM,1,1,,,1815IAh00j0j38QtQQ`:cpG:08EJ,0*27
\s:66,c:1782377489*14\!AIVDM,1,1,,,14``=n0022GK@ql@LKW4hknl00S<,0*2A
\s:66,c:1782377493*1F\!AIVDM,1,1,,,1:U77q;P00LQqPEiJ5KFVgvp2@@s,0*37
\s:66,c:1782377486*1B\!AIVDM,1,1,,,KkJllV1Or=jdaP>H,0*23
\s:66,c:1782377493*1F\!AIVDM,1,1,,,13EvU87P0Qvj5L`6aD7JOOvr253<,0*5A
\s:66,c:1782377493*1F\!AIVDM,1,1,,,Kq<P?f0?8iQ5i45`,0*5A
\s:66,c:1782377484*19\!AIVDM,1,1,,,15?PNB0P1ROIgtJ0@jVUlgvb0<01,0*57
\s:66,c:1782377487*1A\!AIVDM,1,1,,,19jc?c9P00PPES42h3?VMOvj253<,0*67
\s:66,c:1782377497*1B\!AIVDM,1,1,,,18I:i101An0@AnEv4wNe=Jg20@DH,0*31
\s:66,c:1782377484*19\!AIVDM,1,1,,,KqNWurh3mhP7D0l`,0*02
\s:66,c:1782377487*1A\!AIVDM,1,1,,,KoljfE0CrT?ShPEh,0*4A
\s:66,c:1782377491*1D\!AIVDM,1,1,,,14eHd2PP00G2dv6LWtThQgvj0<0N,0*43
\s:66,c:1782377495*19\!AIVDM,1,1,,,1815Eu@01pmeD2JMCs4;GHvv053<,0*28
\s:66,c:1782377496*1A\!AIVDM,1,1,,,KkA9@@0>5=TUl8E@,0*69
\s:66,c:1782377492*1E\!AIVDM,1,1,,,KkJllV1Or=jdaP>H,0*23
\s:66,c:1782377497*1B\!AIVDM,1,1,,,1815Eu@01pmeD2JMCs4;GHvv053<,0*28
\s:66,c:1782377491*1D\!AIVDM,1,1,,,C>l?s8h00mHTe`PPu7mWSwfQkkaWSQkag111111111jd0000002P,0*71
\s:66,c:1782377491*1D\!AIVDM,1,1,,,B>l?s8h00mHTe`PPu7mWSwfTSP06,0*74
\s:66,c:1782377492*1E\!AIVDM,1,1,,,1815?hh01rHFi3Or>7>M@JRv0@B8,0*11
\s:66,c:1782377491*1D\!AIVDM,1,1,,,B6<rhu003`gNcLKCOdJhKwe7GP06,0*6B
\s:66,c:1782377488*15\!AIVDM,1,1,,,KmMpl`3n`>6bTOwv,0*3D
\s:66,c:1782377497*1B\!AIVDM,1,1,,,14eHd2PP00G2dvPLWt`0Rgw608E1,0*19
\s:66,c:1782377496*1A\!AIVDM,1,1,,,Km5hPd@1vFi<o2Ot,0*5A
\s:66,c:1782377496*1A\!AIVDM,1,1,,,Kp15Ut=B061l?P00,0*32
\s:66,c:1782377497*1B\!AIVDM,1,1,,,K3Vk=2?wJa1fr000,0*5B
\s:66,c:1782377494*18\!AIVDM,1,1,,,KmWwOF9O`LhKL0Dd,0*4D
\s:66,c:1782377497*1B\!AIVDM,1,1,,,13eF?j00070mUNesVkS<EbM4053<,0*42
\s:66,c:1782377497*1B\!AIVDM,1,1,,,19NSm6mP@APoh`mtp:=n=:Dv2HCk,0*45
\s:66,c:1782377488*15\!AIVDM,1,1,,,KpVqPN0=jrLVNPPd,0*40
\s:66,c:1782377493*1F\!AIVDM,1,1,,,KrU7URWvJqvD`0Et,0*72
\s:66,c:1782377487*1A\!AIVDM,1,1,,,KnSpWb857RBTgVd@,0*3F
\s:66,c:1782377491*1D\!AIVDM,1,1,,,8>k1oBQKpBjS?:11;IG7mre0<N00,0*38
\s:66,c:1782377494*18\!AIVDM,1,1,,,14eGFj0P03KkiWRTL4g5Wgw0053<,0*40
\s:66,c:1782377501*15\!AIVDM,1,1,,,Kk:wED0=gJ0q`U=p,0*12
\s:66,c:1782377491*1D\!AIVDM,1,1,,,17Ok<UPOh5bkkMid``HSr46r20SE,0*41
\s:66,c:1782377492*1E\!AIVDM,1,1,,,1815Wbh01F1U@TgcrFvS=BLd0H@q,0*0B
\s:66,c:1782377495*19\!AIVDM,1,1,,,KmWwOF9O`LhKL0Dd,0*4D
\s:66,c:1782377495*19\!AIVDM,1,1,,,KrU6viD>fAwJ>PDP,0*38
\s:66,c:1782377486*1B\!AIVDM,1,1,,,KmO2?H=Ld6B:aPOt,0*1A
\s:66,c:1782377495*19\!AIVDM,1,1,,,Km?dWHiDLl?csPC0,0*04
\s:66,c:1782377495*19\!AIVDM,1,1,,,KomLG@24I>?Tw25@,0*4F
\s:66,c:1782377499*15\!AIVDM,1,1,,,Kk:FL805P>NQQ6EP,0*49
\s:66,c:1782377499*15\!AIVDM,1,1,,,Kom:5PglSVwp<PDL,0*1C
\s:66,c:1782377500*14\!AIVDM,1,1,,,KnK3tI050fBTEP=p,0*1A
\s:66,c:1782377499*15\!AIVDM,1,1,,,Kp15Ft@3MphK5U34,0*60
\s:66,c:1782377499*15\!AIVDM,1,1,,,C0;pvFP01Efjqdrlo=8nCwv0PBL>`2BTNL?egi7U1iQ:00<2PQ2P,0*44
\s:66,c:1782377483*1E\!AIVDM,1,1,,,Km?djW@OKrR3aPAP,0*50
\s:66,c:1782377490*1C\!AIVDM,1,1,,,KqNSTK8?uah6MPAT,0*1A
\s:66,c:1782377487*1A\!AIVDM,1,1,,,Kp15FB<OMQ0iGR=h,0*2A
\s:66,c:1782377487*1A\!AIVDM,1,1,,,KqNSTK8?uah6MPAT,0*1A
\s:66,c:1782377484*19\!AIVDM,1,1,,,Kn:>2g0DMq2<SPB0,0*24
\s:66,c:1782377498*14\!AIVDM,1,1,,,18W>K90u05vKE4F`9BLpeoe488EM,0*4B
\s:66,c:1782377493*1F\!AIVDM,1,1,,,KmNuB9QKQECOFP<h,0*41
\s:66,c:1782377499*15\!AIVDM,1,1,,,KpI;uv1Kbo2N7P:8,0*43
\s:66,c:1782377491*1D\!AIVDM,1,1,,,17OvqH003@bG699b@:EGunRr00Rg,0*15
\s:66,c:1782377496*1A\!AIVDM,1,1,,,C69>Ug@0A1Lw5vKA;:r8Wwv0Hbf:Bjb2LjcSih000000?1T:220P,0*61
\s:66,c:1782377496*1A\!AIVDM,1,1,,,36<fv=wP0;Ud5P1eM9K68ww620IS,0*40
\s:66,c:1782377489*14\!AIVDM,1,1,,,Kof9s:66,0*2A
\g:1-2-5199112,s:66,c:1782377492*5A\!AIVDM,2,1,2,,53Gk6:41vgqtHq1N220ht@98tN2222222222220Q995A65c:0F41T458,0*21
\g:2-2-5199112*6B\!AIVDM,2,2,2,,888888888888880,2*67
\s:66,c:1782377491*1D\!AIVDM,1,1,,,345=?Q700WdodApS2tV=8:`r2000,0*54
\s:66,c:1782377498*14\!AIVDM,1,1,,,145=?Q700adod@DS2tm=8ba62<07,0*78
\s:66,c:1782377497*1B\!AIVDM,1,1,,,KmNuB9QKQECOFP<h,0*41
\s:66,c:1782377493*1F\!AIVDM,1,1,,,KmNdH:;<blROu4;L,0*3B
\s:66,c:1782377500*14\!AIVDM,1,1,,,15BF;<0002TjEV@>1VaE5Wk60l1b,0*42
\s:66,c:1782377489*14\!AIVDM,1,1,,,KomLGceT<BgfL0>h,0*22
\s:66,c:1782377495*19\!AIVDM,1,1,,,KomF@Owlcq029050,0*60
\s:66,c:1782377500*14\!AIVDM,1,1,,,KmSo5N81k=B2J0CH,0*58
\s:66,c:1782377499*15\!AIVDM,1,1,,,KpI95V8BfqPtiP10,0*3E
\s:66,c:1782377483*1E\!AIVDM,1,1,,,13P=pe001kNcVt<8FCiv0h0V0H;c,0*48
\s:66,c:1782377493*1F\!AIVDM,1,1,,,KkEewQd?hfBcTQwt,0*33
\s:66,c:1782377495*19\!AIVDM,1,1,,,K3WgNn7wbCBFkP00,0*51
\s:66,c:1782377484*19\!AIVDM,1,1,,,15?di801@D06`2Kw67i:`ov`08;e,0*19
\s:66,c:1782377493*1F\!AIVDM,1,1,,,Kkm:OJ0MuIeKG0<t,0*45
\s:66,c:1782377487*1A\!AIVDM,1,1,,,K77mRa0D>3PHB0<4,0*69
\s:66,c:1782377497*1B\!AIVDM,1,1,,,Kn:K=504<bQaN3fT,0*1E
\s:66,c:1782377491*1D\!AIVDM,1,1,,,KmMr6>`<qQkFk6T@,0*6E
\s:66,c:1782377495*19\!AIVDM,1,1,,,15NSH@POi<Fh75lMpMOLjJA608DG,0*53
\s:66,c:1782377496*1A\!AIVDM,1,1,,,14UgoJ02BCsI37:BdtfnOm@v8@BI,0*4F
\s:66,c:1782377495*19\!AIVDM,1,1,,,1815Pm@01k:3jQ25iOE5blM20L02,0*11
\s:66,c:1782377498*14\!AIVDM,1,1,,,15NRj8PP0HF?wqb>0774Qww8253<,0*13
\s:66,c:1782377491*1D\!AIVDM,1,1,,,17Ojl;003Bbkt4Ad``15a4Nr20S9,0*0B
\s:66,c:1782377489*14\!AIVDM,1,1,,,34`V1G0v1qI9OF=wcnjnIm:d0C<u,0*5C
\s:66,c:1782377492*1E\!AIVDM,1,1,,,15R1Ut001qpt65j8m8Mcl9Pp0@C3,0*3A
\s:66,c:1782377491*1D\!AIVDM,1,1,,,17lctm00281woekdftCjkRHl00SH,0*03
\s:66,c:1782377488*15\!AIVDM,1,1,,,KmNbwT8tgHB5@06<,0*20
\s:66,c:1782377488*15\!AIVDM,1,1,,,KmN:5o3<dlBn40;4,0*4F
\s:66,c:1782377488*15\!AIVDM,1,1,,,KmMr6>`<qQkFk6T@,0*6E
\s:66,c:1782377490*1C\!AIVDM,1,1,,,14cM6K001gNafJh;dVj6u5Pj053<,0*29
\s:66,c:1782377497*1B\!AIVDM,1,1,,,Kp15HjP?HaP`9U98,0*61
\s:66,c:1782377489*14\!AIVDM,1,1,,,15DEvp001SOpetmqwkGddb:l053<,0*51
\s:66,c:1782377497*1B\!AIVDM,1,1,,,Kp15HjP?HaP`9U98,0*61
\s:66,c:1782377500*14\!AIVDM,1,1,,,Kk:gIj1NCD>@509D,0*47
\s:66,c:1782377491*1D\!AIVDM,1,1,,,37Ok<e0P@9bl;gQdWvb7?mpr20WP,0*41
\s:66,c:1782377494*18\!AIVDM,1,1,,,B69GubP081JbOhKB3OAA`v>WQP06,0*11
\s:66,c:1782377492*1E\!AIVDM,1,1,,,KqNSA4P0kNuLoThP,0*4A
\s:66,c:1782377500*14\!AIVDM,1,1,,,Kp15HjP?HaP`9U98,0*61
\s:66,c:1782377500*14\!AIVDM,1,1,,,Kk:gIj1NCD>@509D,0*47
\s:66,c:1782377491*1D\!AIVDM,1,1,,,KqNSA4P0kNuLoThP,0*4A
\s:66,c:1782377493*1F\!AIVDM,1,1,,,13fD@R02Aq3ECj5i<>A9K7Tr0HBL,0*32
\s:66,c:1782377493*1F\!AIVDM,1,1,,,KmN5JGP<evR8`0F4,0*00
\s:66,c:1782377498*14\!AIVDM,1,1,,,KmNVjiQLLPj2R0=P,0*0C
\s:66,c:1782377495*19\!AIVDM,1,1,,,Kp15EU@4G7P0e51p,0*3D
\s:66,c:1782377499*15\!AIVDM,1,1,,,KoOdd7iE<Pg4V0:P,0*24
\s:66,c:1782377500*14\!AIVDM,1,1,,,Kp15W7@2U<gn26U4,0*4F
\s:66,c:1782377499*15\!AIVDM,1,1,,,Km?diT@46R1GNUe8,0*07
\s:66,c:1782377499*15\!AIVDM,1,1,,,C6:41k008mki77J`4Wc7cwv0V@bM083h000000000000?0h?130P,0*0E
\s:66,c:1782377499*15\!AIVDM,1,1,,,H69D;:@P4UPTpOK7D0000000000,2*15
\s:66,c:1782377483*1E\!AIVDM,1,1,,,1776E:001lNtUvt?CJcHKnfT0W3h,0*19
\s:66,c:1782377487*1A\!AIVDM,1,1,,,KqkFhL7hADh@h0>L,0*0C
\s:66,c:1782377489*14\!AIVDM,1,1,,,1815RNh1QqONP9T1SE5CQRpl0H@D,0*01
\s:66,c:1782377499*15\!AIVDM,1,1,,,Klct:d00KlN@oUl`,0*16
\s:66,c:1782377493*1F\!AIVDM,1,1,,,KrU7AQh>LcN<94gL,0*01
\s:66,c:1782377495*19\!AIVDM,1,1,,,Kn:<wt0DIl1v?POt,0*05
\s:66,c:1782377500*14\!AIVDM,1,1,,,Ko1AVN7is=1iFP;l,0*22
\s:66,c:1782377499*15\!AIVDM,1,1,,,Kn:4iR0DESBn=PC<,0*2B
\s:66,c:1782377499*15\!AIVDM,1,1,,,Kqt6V>0D0QAEMPA`,0*5A
\s:66,c:1782377490*1C\!AIVDM,1,1,,,Kqt6T90?MM@hV0Et,0*02
\s:66,c:1782377493*1F\!AIVDM,1,1,,,KrU8j90>f:OU8V:P,0*2C
\s:66,c:1782377493*1F\!AIVDM,1,1,,,K3s?<Kwwc?Rt:000,0*54
\s:66,c:1782377493*1F\!AIVDM,1,1,,,KrU7sn0>R0vFHP?0,0*6A
\s:66,c:1782377500*14\!AIVDM,1,1,,,1:kJS:hP00Jib@9`?Q77qww60@DV,0*0F
\s:66,c:1782377487*1A\!AIVDM,1,1,,,Ko75aJ9DDPij`03h,0*0B
\s:66,c:1782377487*1A\!AIVDM,1,1,,,I8;L??1QA>@e`L6OkAHEC7?uV4;8,0*76
\s:66,c:1782377495*19\!AIVDM,1,1,,,KnK2FsPE0GjSmPBT,0*7E
\s:66,c:1782377493*1F\!AIVDM,1,1,,,KoOddRL6ECP6LPOt,0*63
\s:66,c:1782377493*1F\!AIVDM,1,1,,,KrU8j90>f:OU8V:P,0*2C
\s:66,c:1782377494*18\!AIVDM,1,1,,,Kqq?GDiB1w?bE0:<,0*53
\s:66,c:1782377494*18\!AIVDM,1,1,,,17766e0wir5JIwmrcRcpoG3V08Bg,0*73
\s:66,c:1782377497*1B\!AIVDM,1,1,,,18I3Pu001f4EUlmnQbi9>7C00<01,0*39
\s:66,c:1782377489*14\!AIVDM,1,1,,,KoOddRL6ECP6LPOt,0*63
\s:66,c:1782377493*1F\!AIVDM,1,1,,,KrU8j90>f:OU8V:P,0*2C
\s:66,c:1782377493*1F\!AIVDM,1,1,,,KrU7sn0>R0vFHP?0,0*6A
\s:66,c:1782377500*14\!AIVDM,1,1,,,1:U7sn000:M8K>kk6nHoj@q>00RQ,0*00
\s:66,c:1782377493*1F\!AIVDM,1,1,,,KqNSrPaLQ4B;IP>d,0*10
\s:66,c:1782377493*1F\!AIVDM,1,1,,,KmNT>c;<UAj=H2S8,0*53
\s:66,c:1782377495*19\!AIVDM,1,1,,,KomRPV<4=>wmBP>H,0*0F
\s:66,c:1782377495*19\!AIVDM,1,1,,,Kp;QfJ1DVOPQjPAh,0*64
\s:66,c:1782377497*1B\!AIVDM,1,1,,,Kk7w4`9B1v1o:PAl,0*76
\g:1-2-5199113,s:66,c:1782377486*5E\!AIVDM,2,1,3,,59NS`ep2:vrsDh8c>20m<>1@T4p60J2222222217A0G8@5da0Eik@RS8,0*33
\g:2-2-5199113*6A\!AIVDM,2,2,3,,888888888888880,2*66
\s:66,c:1782377484*19\!AIVDM,1,1,,,KkJLmL04L9@he6QD,0*7F
\s:66,c:1782377495*19\!AIVDM,1,1,,,K7mFAtd4cm@27PB`,0*6C
\s:66,c:1782377494*18\!AIVDM,1,1,,,14eGnl0ui2sofG@T?@DBlBDt053<,0*18
\s:66,c:1782377499*15\!AIVDM,1,1,,,15Mo3F002GnRcb8IRd:R4AS:08Ei,0*6B
\s:66,c:1782377489*14\!AIVDM,1,1,,,19NS`KPuB2EQk=sr0R:`2n@f08>C,0*78
\s:66,c:1782377493*1F\!AIVDM,1,1,,,KmO57Q8<dgRTKSBH,0*4E
\s:66,c:1782377498*14\!AIVDM,1,1,,,KmNSgMd<LS23>R48,0*50
\s:66,c:1782377486*1B\!AIVDM,1,1,,,KkFqr08?KoB3p5FD,0*27
\s:66,c:1782377478*1A\!AIVDM,1,1,,,1815`=hvAwO4w?N1KcjLMJ2N053<,0*2C
\s:66,c:1782377480*1D\!AIVDM,1,1,,,Kn9JQj0hKgOaVPbh,0*5C
\s:66,c:1782377494*18\!AIVDM,1,1,,,169JQj300<0n;`cu@v=Frh=200Re,0*5B
\s:66,c:1782377493*1F\!AIVDM,1,1,,,KrMCLh4MgL=9;0El,0*00
\s:66,c:1782377500*14\!AIVDM,1,1,,,1K@;823P01sja0mgw@4N4?w0253<,0*45
\s:66,c:1782377495*19\!AIVDM,1,1,,,KnKVrSp4o2RNeP0h,0*16
\s:66,c:1782377495*19\!AIVDM,1,1,,,15O@Sj8P1BnqaHRM5`Ncnww428DF,0*4D
\s:66,c:1782377492*1E\!AIVDM,1,1,,,KmNFV;:u?6jTB3gH,0*02
\s:66,c:1782377494*18\!AIVDM,1,1,,,KktjQj0233OiS`@0,0*05
\s:66,c:1782377491*1D\!AIVDM,1,1,,,B69D;700>U4F500<7RhrOwv63P06,0*10
\s:66,c:1782377489*14\!AIVDM,1,1,,,13eimJ01Qw;4WeskU6d@b@cN08@u,0*39
\s:66,c:1782377491*1D\!AIVDM,1,1,,,Kkl3qhHh6JSnVP20,0*64
\s:66,c:1782377498*14\!AIVDM,1,1,,,15Cl300wQubejStIb@0R0Qfp0@EB,0*6F
\s:66,c:1782377492*1E\!AIVDM,1,1,,,13tg38002G1a0ccd@@@CNBdt08A9,0*63
\s:66,c:1782377493*1F\!AIVDM,1,1,,,Kp15Rth<tWhQmV6T,0*69
\s:66,c:1782377498*14\!AIVDM,1,1,,,14V>D`01Aeo6mD@LB=TDPCW88<26,0*64
\s:66,c:1782377495*19\!AIVDM,1,1,,,KoldKB@3qO?UVRE@,0*64
\s:66,c:1782377495*19\!AIVDM,1,1,,,Kp15UCh4@JO:k5Ep,0*06
\s:66,c:1782377494*18\!AIVDM,1,1,,,C18O;5P019L=o?sF9c=ikwP0DiiKUSaKcQ;11111111000000020,0*7A
\s:66,c:1782377491*1D\!AIVDM,1,1,,,Kk43?I`09rSi8PAP,0*6E
\s:66,c:1782377489*14\!AIVDM,1,1,,,1:u0I7?P0?puUhGu0RVKJ?vb2D00,0*55
\s:66,c:1782377492*1E\!AIVDM,1,1,,,1593TQ0000p6uE6=q19GLWVn053<,0*06
\s:66,c:1782377495*19\!AIVDM,1,1,,,Koldt8<47h?Ri59p,0*28
\s:66,c:1782377499*15\!AIVDM,1,1,,,Koljn=h4H?OTg2U<,0*1A
\s:66,c:1782377489*14\!AIVDM,1,1,,,15UL>803AaGUalqUGeV4>kPJ0@<o,0*48
\s:66,c:1782377489*14\!AIVDM,1,1,,,13mrm:001KFcV5eidj4TSSNh0<00,0*59
\s:66,c:1782377493*1F\!AIVDM,1,1,,,KkeTab0?F;iJO6cP,0*6E
\s:66,c:1782377493*1F\!AIVDM,1,1,,,18R>Hk8P0>vtHQf5sONc6?vv0@B>,0*1B
\s:66,c:1782377497*1B\!AIVDM,1,1,,,13eTab0022NfDOH;2twG>Ug:0@E`,0*12
\s:66,c:1782377495*19\!AIVDM,1,1,,,14eGpd@000FcAdDO4@=7r996053<,0*1F
\s:66,c:1782377498*14\!AIVDM,1,1,,,14eGE6P1@3sb5trSq:Orjh382@Eg,0*7F
\s:66,c:1782377493*1F\!AIVDM,1,1,,,15?dTf001hme1dpH?00DGSPr0<06,0*71
\s:66,c:1782377497*1B\!AIVDM,1,1,,,Km2ksvssQ7SOQ0@T,0*12
\s:66,c:1782377496*1A\!AIVDM,1,1,,,B69FTE@0459F=;No0wIm9InVCP06,0*6A
\s:66,c:1782377498*14\!AIVDM,1,1,,,H69>KSPPtpN1T4pN3R222222220,2*70
\s:66,c:1782377499*15\!AIVDM,1,1,,,B>l?r@h01S5THMujEth4OwiTSP06,0*56
\s:66,c:1782377491*1D\!AIVDM,1,1,,,15?d`W@vAl<iav2O;QGJB8@l0<04,0*12
\s:66,c:1782377495*19\!AIVDM,1,1,,,1815IShwQhNU2aAdgwnD4C=00?ws,0*70
\s:66,c:1782377488*15\!AIVDM,1,1,,,Kru0I5LM4Vwm4PF<,0*00
\s:66,c:1782377495*19\!AIVDM,1,1,,,KoloeK0DAggr40@T,0*39
\s:66,c:1782377496*1A\!AIVDM,1,1,,,Ko0aDF<21jAnq02p,0*69
\s:66,c:1782377495*19\!AIVDM,1,1,,,KmRsTp0?Gk1haV<p,0*45
\s:66,c:1782377499*15\!AIVDM,1,1,,,15?dcp@OiEw35;n4oL18OnU408DT,0*6A
\s:66,c:1782377488*15\!AIVDM,1,1,,,KqNSn:0>RRNP@VB4,0*64
\s:66,c:1782377493*1F\!AIVDM,1,1,,,Kru0IQH>6Mt3;0wt,0*41
\s:66,c:1782377493*1F\!AIVDM,1,1,,,1:U<tD03RDLba@mivfEorFGp053<,0*18
\s:66,c:1782377493*1F\!AIVDM,1,1,,,KpI;pq0=GEMS8Q0t,0*13
\s:66,c:1782377495*19\!AIVDM,1,1,,,15N4ok8000lhRO@QVldLuVQ20D0l,0*67
\s:66,c:1782377498*14\!AIVDM,1,1,,,1815L7hwAems>fvNaB<rd`O40D00,0*32
\s:66,c:1782377496*1A\!AIVDM,1,1,,,Km?dNv`>3n2t07gT,0*53
\s:66,c:1782377496*1A\!AIVDM,1,1,,,KlhMUF1MOp3?R0Cl,0*74
\s:66,c:1782377492*1E\!AIVDM,1,1,,,Kkd3vt00Hdk3A<DP,0*0F
\s:66,c:1782377493*1F\!AIVDM,1,1,,,Kp19C59Ke@RIGPF@,0*7F
\s:66,c:1782377492*1E\!AIVDM,1,1,,,188f@N0P1RE<K1Mk5w9DEOvv053<,0*27
\s:66,c:1782377495*19\!AIVDM,1,1,,,KqNSF<AA8dektP=<,0*4D
\s:66,c:1782377492*1E\!AIVDM,1,1,,,16St6D002tGljOL=wvoL19a208C2,0*0C
\s:66,c:1782377493*1F\!AIVDM,1,1,,,KqNSF<AA8dektP=<,0*4D
\s:66,c:1782377493*1F\!AIVDM,1,1,,,KpI;pq0=GEMS8Q0t,0*13
\s:66,c:1782377493*1F\!AIVDM,1,1,,,Kp19C59Ke@RIGPF@,0*7F
\s:66,c:1782377489*14\!AIVDM,1,1,,,Kp15c`@Cn0gnU0=d,0*33
\s:66,c:1782377483*1E\!AIVDM,1,1,,,1815NBh01nv2<GL2I72dKIlR08<>,0*3E
\s:66,c:1782377483*1E\!AIVDM,1,1,,,Kkl3noqOIv25Q0:d,0*20
\s:66,c:1782377490*1C\!AIVDM,1,1,,,KqNSQnp?vPRcCUU<,0*58
\s:66,c:1782377490*1C\!AIVDM,1,1,,,Kq<Q6J1OcWC13PD0,0*63
\s:66,c:1782377490*1C\!AIVDM,1,1,,,KmSoPl0?DaQa85Qh,0*6F
\s:66,c:1782377494*18\!AIVDM,1,1,,,13QO1t3001Pmn0WsVO<eqEsp2PS=,0*00
\s:66,c:1782377487*1A\!AIVDM,1,1,,,K8VtWd0D:>ATR00T,0*66
\s:66,c:1782377492*1E\!AIVDM,1,1,,,KlpWHk1MKqAFFP<`,0*4F
\s:66,c:1782377501*15\!AIVDM,1,1,,,KkKQL48=glQ;H4PD,0*29
\s:66,c:1782377494*18\!AIVDM,1,1,,,137m;l0uik5q`1sudIRR?iRj053<,0*75
\s:66,c:1782377499*15\!AIVDM,1,1,,,B5Ndjp00;s=f<fMSd3Q=Owj5oP06,0*12
\s:66,c:1782377491*1D\!AIVDM,1,1,,,Kq<Q6J1OcWC13PD0,0*63
\s:66,c:1782377494*18\!AIVDM,1,1,,,C=@oM9h02QTNq?sPA9<00SN0`2B@NL?eKW1gQ:00000000411R2P,0*4A
\s:66,c:1782377495*19\!AIVDM,1,1,,,KqNSjb@0raMMpV@4,0*79
\s:66,c:1782377491*1D\!AIVDM,1,1,,,177UI3000ERn=b;gHLlquFHf00Rb,0*07
\s:66,c:1782377493*1F\!AIVDM,1,1,,,KmNbiv3<Q:2;`P<<,0*2F
\s:66,c:1782377498*14\!AIVDM,1,1,,,KmOCk:SsPokMfPOt,0*28
\s:66,c:1782377497*1B\!AIVDM,1,1,,,KlpWHk1MKqAFFP<`,0*4F
\s:66,c:1782377497*1B\!AIVDM,1,1,,,Kr5aWV7iLsOds0Vl,0*38
\s:66,c:1782377497*1B\!AIVDM,1,1,,,KmO98?0<Qp29N0Dd,0*48
\s:66,c:1782377498*14\!AIVDM,1,1,,,KmMP2d1LdTB8VPFH,0*35
\s:66,c:1782377496*1A\!AIVDM,1,1,,,Km?dPt0AqS1pQP;t,0*62
\s:66,c:1782377478*1A\!AIVDM,1,1,,,15?dL3h0030LnAh2G>E9kTv`053<,0*33
\s:66,c:1782377480*1D\!AIVDM,1,1,,,13=Gg>01BTOf`RErbJG5VlNP08:v,0*47
\s:66,c:1782377494*18\!AIVDM,1,1,,,Kqjo?@0@;u0Iv0;0,0*2D
\s:66,c:1782377491*1D\!AIVDM,1,1,,,15SrsT001`El>on3Dm0lq42t08AU,0*7B
\s:66,c:1782377489*14\!AIVDM,1,1,,,Kofu:rAEEcNhe06L,0*33
\s:66,c:1782377492*1E\!AIVDM,1,1,,,18I6Ht021H<3s4Wg5mPEnDs008BJ,0*0A
\s:66,c:1782377491*1D\!AIVDM,1,1,,,Kkq5Clp0R=3r;0>0,0*47
\s:66,c:1782377494*18\!AIVDM,1,1,,,18Ld4:0vk57DqEIj1Mu3L2lv0<00,0*66
\s:66,c:1782377500*14\!AIVDM,1,1,,,KrU8Wr9N=vMsdP3d,0*77
\s:66,c:1782377499*15\!AIVDM,1,1,,,Kom@:9t4<KwfWP9d,0*11
\s:66,c:1782377499*15\!AIVDM,1,1,,,KkV22t04E9?f152<,0*4E
\s:66,c:1782377497*1B\!AIVDM,1,1,,,KmN`7Mgu2U2rdPAl,0*39
\s:66,c:1782377493*1F\!AIVDM,1,1,,,KqNSjlAOO9@gf0=T,0*26
\s:66,c:1782377493*1F\!AIVDM,1,1,,,19NSer001rOOpdBD`WD3vk?000S<,0*09
\s:66,c:1782377495*19\!AIVDM,1,1,,,KqNSer0?gSja266D,0*11
\s:66,c:1782377495*19\!AIVDM,1,1,,,Kqggi`<OH51Qv0D@,0*78
\s:66,c:1782377478*1A\!AIVDM,1,1,,,337N7@0OhL0pKL3tP@50ThRN0111,0*06
\s:66,c:1782377487*1A\!AIVDM,1,1,,,Kk8psh00DGhAgP>d,0*53
\s:66,c:1782377489*14\!AIVDM,1,1,,,137N7@000K0pKLutP@I0fPPl0L0W,0*2E
\s:66,c:1782377489*14\!AIVDM,1,1,,,142T3wlP00P`@sswU8?00?vpR8@P,0*6A
\s:66,c:1782377493*1F\!AIVDM,1,1,,,KqN`3KhON@Pf400H,0*68
\s:66,c:1782377497*1B\!AIVDM,1,1,,,KlhItR0OWcPKP0<T,0*1F
\s:66,c:1782377497*1B\!AIVDM,1,1,,,KkaPN7IOggRfG0;<,0*4D
\s:66,c:1782377499*15\!AIVDM,1,1,,,KlhItR0OWcPKP0<T,0*1F
\s:66,c:1782377488*15\!AIVDM,1,1,,,KrkJSE@=DkuD=4dl,0*0B
\s:66,c:1782377500*14\!AIVDM,1,1,,,KkBG8`0NJpNDs0@<,0*6B
\s:66,c:1782377484*19\!AIVDM,1,1,,,Km?dRD8Ti;jR70:p,0*47
\s:66,c:1782377495*19\!AIVDM,1,1,,,Km?dU``DK?i4J0Dt,0*68
\s:66,c:1782377495*19\!AIVDM,1,1,,,KnTfI40DPLj<K00L,0*34
\s:66,c:1782377494*18\!AIVDM,1,1,,,14eG<A@00inUdg<O8b?2iR5008Bn,0*12
\s:66,c:1782377495*19\!AIVDM,1,1,,,KoldK6t4ovwlUP>p,0*3F
\s:66,c:1782377493*1F\!AIVDM,1,1,,,15?deL@026LF>TF2w=hsSa:n0@AM,0*3A
\s:66,c:1782377496*1A\!AIVDM,1,1,,,16TD5N0P0AmjdQb0eTcQv2Hv2@Dj,0*5F
\s:66,c:1782377496*1A\!AIVDM,1,1,,,H8Utih08E=@LtLv23G3D0000000,2*06
\s:66,c:1782377496*1A\!AIVDM,1,1,,,36TD5N0P0BmjdQt0eTcQujK020r0,0*4A
\s:66,c:1782377496*1A\!AIVDM,1,1,,,B>phSaP00150P6K9NgvPf0v4SP06,0*5F
\s:66,c:1782377491*1D\!AIVDM,1,1,,,344h`sWphvdohElS0JEP4rtl220P,0*5E
\s:66,c:1782377494*18\!AIVDM,1,1,,,14`MLj001a5knEIiqA9IwWu008BS,0*50
\s:66,c:1782377492*1E\!AIVDM,1,1,,,1815;4h01mOG`6kf@R<Jn`fp0D02,0*38
\s:66,c:1782377493*1F\!AIVDM,1,1,,,19NSs=hw@VLtSTcje5@av7Jn0@AJ,0*6C
\s:66,c:1782377500*14\!AIVDM,1,1,,,KlhItR0OWcPKP0<T,0*1F
\s:66,c:1782377500*14\!AIVDM,1,1,,,KkBG8`0NJpNDs0@<,0*6B
\s:66,c:1782377493*1F\!AIVDM,1,1,,,C>l3?2h01hec95KQko;3WwhPVBMKQSS11111111111dd0040PPRP,0*39
\s:66,c:1782377500*14\!AIVDM,1,1,,,38Ht;K03ie0bwVgdWFQ3K2k:00t@,0*30
\s:66,c:1782377486*1B\!AIVDM,1,1,,,KmNU:Sc<c8j<R3Ah,0*29
\s:66,c:1782377498*14\!AIVDM,1,1,,,KmNbH4c<Q7R;K05`,0*6F
\s:66,c:1782377496*1A\!AIVDM,1,1,,,K815c0p3>50n=4>0,0*52
\s:66,c:1782377499*15\!AIVDM,1,1,,,C8l6O6@0>Ur4O?uqFLoP0Tv0PBL>`2BTNL?UcKW1gW:000411R2P,0*3D
\s:66,c:1782377478*1A\!AIVDM,1,1,,,13Ie6h0000weWCR31gc8@nBN089I,0*27
\s:66,c:1782377494*18\!AIVDM,1,1,,,15MPN28000G?hAjKAM?;fCjv0PRs,0*0A
\s:66,c:1782377501*15\!AIVDM,1,1,,,Kl`UwB@=CIASh5<8,0*7C
\g:1-2-5199114,s:66,c:1782377495*5B\!AIVDM,2,1,4,,53V7>v82BqnU=H9OJ20l584r0L5>0DHE=<u>221@O@dGE5lg1JQSl`3l,0*59
\g:2-2-5199114*6D\!AIVDM,2,2,4,,Q1DTp8888888880,2*59
\s:66,c:1782377495*19\!AIVDM,1,1,,,KoOf;@P5REf@NP<t,0*13
\s:66,c:1782377494*18\!AIVDM,1,1,,,Kp15BWd1JcfJ8V28,0*79
\s:66,c:1782377494*18\!AIVDM,1,1,,,B>jpaK@02htaHHs3HqD=cweTSP06,0*34
\s:66,c:1782377495*19\!AIVDM,1,1,,,33:lJ60Oi;2?;TsftjkbIHVr00t0,0*61
\s:66,c:1782377499*15\!AIVDM,1,1,,,B9lRgf0018=Ia3trS<:0VcC1l8FW,0*6D
\s:66,c:1782377495*19\!AIVDM,1,1,,,33is9p302MtR<kQi2W;0whk421h1,0*75
\s:66,c:1782377488*15\!AIVDM,1,1,,,1;Djnm3P00rqID?mr0lv4?vj253<,0*38
\s:66,c:1782377497*1B\!AIVDM,1,1,,,KmOD=aaLSuj;I0F8,0*4B
\s:66,c:1782377486*1B\!AIVDM,1,1,,,K4`V0RP?L1AwC61D,0*68
\s:66,c:1782377490*1C\!AIVDM,1,1,,,15MfwT501Kv<pr29UoaStk<j00Rw,0*33
\s:66,c:1782377486*1B\!AIVDM,1,1,,,14`V0RP01vNqf14?RPp0lPVd0@=r,0*01
\s:66,c:1782377497*1B\!AIVDM,1,1,,,15MfwT5PALv<q269UoK3rC;60@EM,0*03
\s:66,c:1782377497*1B\!AIVDM,1,1,,,KpVb?r0?nIhEj05d,0*2B
\s:66,c:1782377480*1D\!AIVDM,1,1,,,KmWWDN5@FbPBl0F<,0*2E
\s:66,c:1782377484*19\!AIVDM,1,1,,,KmR8?f<0Jb?a01D8,0*75
\s:66,c:1782377497*1B\!AIVDM,1,1,,,KpVb?r0?nIhEj05d,0*2B
\s:66,c:1782377499*15\!AIVDM,1,1,,,169L1<9000w3CIl4oJ3onUc628EB,0*1D
\s:66,c:1782377493*1F\!AIVDM,1,1,,,KqNSh1h58HP6FU`D,0*65
\s:66,c:1782377498*14\!AIVDM,1,1,,,C6<rU?007m2gMHOpFEUOswv0J2M0jC0<:L?0LOMee110?0d6Q1PP,0*42
\s:66,c:1782377494*18\!AIVDM,1,1,,,15StAP401i8LR>gmKp2uEr`h0@BQ,0*3B
\s:66,c:1782377495*19\!AIVDM,1,1,,,1815`7P0091dGpWd30=`A3120<0>,0*28
\s:66,c:1782377489*14\!AIVDM,1,1,,,C69L1Eh085tvgTMo3`Fp?wv0TNL?0@:L?1aS11111110?0t<QQPP,0*2B
\s:66,c:1782377500*14\!AIVDM,1,1,,,19NSD<002LOUsIEuHLSdSb820<03,0*63
\s:66,c:1782377488*15\!AIVDM,1,1,,,Kp15==h=7dhgWUgd,0*50
\s:66,c:1782377488*15\!AIVDM,1,1,,,15S9k2501aJAIU1vSppWq6Dh00SI,0*20
\s:66,c:1782377499*15\!AIVDM,1,1,,,Kp;@WO1DUE@LQ0=p,0*7A
\s:66,c:1782377499*15\!AIVDM,1,1,,,C8l4m0@045q@w?rdfT400VN0PBL>`2BTNL?ecKc1ge:000411R2P,0*23
\s:66,c:1782377496*1A\!AIVDM,1,1,,,Kp15UWT2`p1JcQgT,0*56
\s:66,c:1782377497*1B\!AIVDM,1,1,,,KmNS;p;<QsB9l010,0*14
\s:66,c:1782377499*15\!AIVDM,1,1,,,Km@woh1CdM@u>PAl,0*5C
\s:66,c:1782377499*15\!AIVDM,1,1,,,Kn:GLkPDLF2D60A0,0*07
\s:66,c:1782377484*19\!AIVDM,1,1,,,1815IQ`P0=Pod>ets<vV3gvd28<p,0*54
\s:66,c:1782377487*1A\!AIVDM,1,1,,,14aiCv0P0CwcL;L2pf8k7Ovb00Sw,0*5C
\s:66,c:1782377494*18\!AIVDM,1,1,,,15?ddj@vBF0M`4;tpnLV:Tnr0HAh,0*45
\s:66,c:1782377493*1F\!AIVDM,1,1,,,13P>9IP02<L;n@F5BLNlcSdr08A7,0*4B
\s:66,c:1782377496*1A\!AIVDM,1,1,,,14h?>w8OiimGk53nkHJHHFg60HDC,0*23
\s:66,c:1782377489*14\!AIVDM,1,1,,,19NSC7P0ie:PfrQmO:N1fAJl0L07,0*58
\s:66,c:1782377491*1D\!AIVDM,1,1,,,19NSmC02@>:oE0ae19Sb7o<p053<,0*23
\s:66,c:1782377498*14\!AIVDM,1,1,,,15Ne7A001NFEaeRPoqMlJCS600RU,0*10
\s:66,c:1782377496*1A\!AIVDM,1,1,,,KmOHf`PMBQ2uLP@D,0*11
\s:66,c:1782377499*15\!AIVDM,1,1,,,B4eGF=h00=k2d>71eMA2Gwk5oP06,0*14
\s:66,c:1782377493*1F\!AIVDM,1,1,,,1815FH00ivJ7tjP1QEBAv1Vn0@A6,0*16
\s:66,c:1782377496*1A\!AIVDM,1,1,,,B6<fs=P0CIJMrlsHo841owgVSP06,0*31
\s:66,c:1782377489*14\!AIVDM,1,1,,,382waU0PAOci3vukaRtcJHtf00gh,0*19
\s:66,c:1782377491*1D\!AIVDM,1,1,,,Klh@er5@6:2qKP=P,0*33
\s:66,c:1782377498*14\!AIVDM,1,1,,,K6:3?@06:ASLfV50,0*3B
\s:66,c:1782377498*14\!AIVDM,1,1,,,1815`s@01WCcCglO2l6bPpG4053<,0*1B
\s:66,c:1782377495*19\!AIVDM,1,1,,,15QqBd01RN28r09dE6`J7p8n00Rq,0*06
\s:66,c:1782377488*15\!AIVDM,1,1,,,Krq85gd=>t@h@0Ot,0*35
\s:66,c:1782377488*15\!AIVDM,1,1,,,KmNNi4;<ep2vF06`,0*6A
\s:66,c:1782377493*1F\!AIVDM,1,1,,,KmO?0@9LiPj?60Bt,0*68
\s:66,c:1782377493*1F\!AIVDM,1,1,,,KmO75Jd<b<R;70B0,0*5C
\s:66,c:1782377486*1B\!AIVDM,1,1,,,1815Lc001pvCW2@>E64AqiRP0D00,0*42
\s:66,c:1782377486*1B\!AIVDM,1,1,,,13m1EN001TO6CppDwH?7DUrb00Sp,0*3C
\s:66,c:1782377494*18\!AIVDM,1,1,,,15?dTb00040b5SD22fcF1;180@Ac,0*68
\s:66,c:1782377499*15\!AIVDM,1,1,,,3815Kbmuh00`1ER29klAMc=:0Dor,0*7A
\s:66,c:1782377488*15\!AIVDM,1,1,,,1:gBA60P00soR7Oi@sf>4?vh20RB,0*6D
\s:66,c:1782377492*1E\!AIVDM,1,1,,,KmOB?B0u>lR`LP1@,0*79
\s:66,c:1782377493*1F\!AIVDM,1,1,,,13P;JOh02@::=8t09gV5FTBj0<01,0*6A
\s:66,c:1782377494*18\!AIVDM,1,1,,,19mKEw00003u4OOl1<10J@Dt053<,0*59
\s:66,c:1782377495*19\!AIVDM,1,1,,,33cw?K03ji1ue9CdjFR2Pj3000?@,0*32
\s:66,c:1782377492*1E\!AIVDM,1,1,,,15SUDh002QH=FLJ;`pisfqHp08AO,0*07
\s:66,c:1782377495*19\!AIVDM,1,1,,,B:U>V4P057=S?HLa0?0S0LA00@DP,0*45
\s:66,c:1782377500*14\!AIVDM,1,1,,,33cw?K03ji1ue9CdjFR2Pj3000?@,0*32
\s:66,c:1782377497*1B\!AIVDM,1,1,,,KkltdV0<6aAAM9`0,0*12
\s:66,c:1782377495*19\!AIVDM,1,1,,,KkJt=@8DDD@3b02H,0*23
\s:66,c:1782377484*19\!AIVDM,1,1,,,155l3@QP040mmbIuBsaLKOv`0`<<,0*7C
\s:66,c:1782377487*1A\!AIVDM,1,1,,,KqkEV>?h;uPJA5B`,0*4E
\s:66,c:1782377494*18\!AIVDM,1,1,,,Kqjl;S0@B6hCV04l,0*22
\s:66,c:1782377487*1A\!AIVDM,1,1,,,KomF?TiD8=?NA09p,0*62
\s:66,c:1782377495*19\!AIVDM,1,1,,,138C9j001k9A;E9viMSTi3jt0HBj,0*69
\s:66,c:1782377491*1D\!AIVDM,1,1,,,B7P?r300kRg6u8L4Cv4u;wg4oP06,0*33
\s:66,c:1782377491*1D\!AIVDM,1,1,,,K3AEQJ9OtTSf`P?l,0*00
\s:66,c:1782377495*19\!AIVDM,1,1,,,KnK2RQpDiMRFfPAL,0*07
\s:66,c:1782377492*1E\!AIVDM,1,1,,,15U@<V002F1Q1HKd9NDJ5p0l08@w,0*01
\s:66,c:1782377500*14\!AIVDM,1,1,,,15T@720021MRd4Gp<`EHHFaF0<01,0*7C
\s:66,c:1782377491*1D\!AIVDM,1,1,,,B=m0wq@00@gp3HJv1LD403N4SP06,0*62
\s:66,c:1782377493*1F\!AIVDM,1,1,,,13@pqH01Bp0pb;agb1K5L4Jn80S@,0*2A
\s:66,c:1782377497*1B\!AIVDM,1,1,,,KmNuft1KOeSW3P<D,0*27
\s:66,c:1782377496*1A\!AIVDM,1,1,,,Kn2?@Uh2S?AL8Tm`,0*00
\s:66,c:1782377497*1B\!AIVDM,1,1,,,KmMr6>`<qQkFk6T@,0*6E
\s:66,c:1782377497*1B\!AIVDM,1,1,,,Kn5t?><iqqQrEQVt,0*42
\s:66,c:1782377499*15\!AIVDM,1,1,,,KqNSN<03d90oSVB0,0*44
\s:66,c:1782377499*15\!AIVDM,1,1,,,169A8uw00>Ff4;Ec6g3@dqwp1HMH,0*59
\s:66,c:1782377486*1B\!AIVDM,1,1,,,Ko73sa0?G6@j8a9L,0*2D
\s:66,c:1782377486*1B\!AIVDM,1,1,,,Kkle8P1OkARaJP6P,0*3D
\s:66,c:1782377490*1C\!AIVDM,1,1,,,Km5r5v@?Fu@qASP8,0*42
\s:66,c:1782377480*1D\!AIVDM,1,1,,,15WlLD0001Oe`dR30S7AQ18T0D1q,0*33
\s:66,c:1782377487*1A\!AIVDM,1,1,,,Kqjmm18@<?PGt07d,0*7D
\s:66,c:1782377489*14\!AIVDM,1,1,,,19jlmg0000PPh<@2R;2>40Fl253<,0*06
\s:66,c:1782377491*1D\!AIVDM,1,1,,,KmNVg;aK>T3v`07l,0*0B
\s:66,c:1782377497*1B\!AIVDM,1,1,,,Kn:<0iP4=UiSE0CP,0*4D
\s:66,c:1782377491*1D\!AIVDM,1,1,,,35PlT@0P@pkawWHR`u6kRjbf00uh,0*40
\s:66,c:1782377493*1F\!AIVDM,1,1,,,15T0K80025:kgiAsB@6dfJ:t0<02,0*22
\s:66,c:1782377497*1B\!AIVDM,1,1,,,1EMKj>WPA1o7nDPJ7Un@<P740000,0*7D
\s:66,c:1782377494*18\!AIVDM,1,1,,,Kkl3ob@1WAw3M6?<,0*4E
\s:66,c:1782377489*14\!AIVDM,1,1,,,B7f6F5@0<e9mUqNWm8nK3wcWGP06,0*60
\s:66,c:1782377489*14\!AIVDM,1,1,,,H7`BB1@hDEL5T00000000000000,2*4F
\s:66,c:1782377499*15\!AIVDM,1,1,,,18I>pd01ijDInRkmua2kPjk80HEf,0*47
\s:66,c:1782377491*1D\!AIVDM,1,1,,,Kl`V3A<0I<RgRUVL,0*55
\s:66,c:1782377498*14\!AIVDM,1,1,,,18VUS8021n<9Er`K?LsRMivh0<02,0*24
\s:66,c:1782377498*14\!AIVDM,1,1,,,15PlT@0P@pkawl<R`u:CIRS8053<,0*72
\s:66,c:1782377494*18\!AIVDM,1,1,,,16<fujhP1GU2;tQcQnw25Ovr2<0>,0*75
\s:66,c:1782377499*15\!AIVDM,1,1,,,Klct:d00KlN@oUl`,0*16
\s:66,c:1782377493*1F\!AIVDM,1,1,,,KrU7AQh>LcN<94gL,0*01
\s:66,c:1782377491*1D\!AIVDM,1,1,,,13=qjr0wC4RGOt5eRwFq`oVf053<,0*58
\s:66,c:1782377488*15\!AIVDM,1,1,,,KmNuSJP<hMRedPBH,0*23
\s:66,c:1782377497*1B\!AIVDM,1,1,,,KmNNskaLQ:j;`PF@,0*78
\s:66,c:1782377494*18\!AIVDM,1,1,,,15NCcH?001m5==4PnOjqdK<t00Sj,0*13
\s:66,c:1782377498*14\!AIVDM,1,1,,,KleGTOuKIGThA0Ot,0*3F
\s:66,c:1782377499*15\!AIVDM,1,1,,,15Pm<rh000G9R:bJKSdJGRA<2HEm,0*7A
\s:66,c:1782377493*1F\!AIVDM,1,1,,,16?UmB@01qL5dA:4chIlfCVh053<,0*78
\s:66,c:1782377493*1F\!AIVDM,1,1,,,KrU7cDSusp?q:0?H,0*0D
\s:66,c:1782377498*14\!AIVDM,1,1,,,13AwlL002OFM=>CkmL7Rbj9:08F;,0*14
\s:66,c:1782377499*15\!AIVDM,1,1,,,169>Kv@P0Hd;KPQomNlK0?w:2D08,0*70
\s:66,c:1782377495*19\!AIVDM,1,1,,,KnLsKN855kB:R5c@,0*17
\s:66,c:1782377495*19\!AIVDM,1,1,,,19NSD4001dNo?@IeBAEkvk:r08CC,0*55
\s:66,c:1782377489*14\!AIVDM,1,1,,,KmNf>V0<R@0c29Bd,0*61
\s:66,c:1782377493*1F\!AIVDM,1,1,,,18LEJt000avwrIv5CHOjRj<R08AL,0*0C
\s:66,c:1782377493*1F\!AIVDM,1,1,,,1:U8Af02@1trCPGjsDm35BN`08C6,0*20
\s:66,c:1782377495*19\!AIVDM,1,1,,,19NSD4001dNo?@IeBAEkvk:r08CC,0*55
\s:66,c:1782377491*1D\!AIVDM,1,1,,,KkmVh001gp>5BTSl,0*10
\s:66,c:1782377488*15\!AIVDM,1,1,,,KmNf>V0<R@0c29Bd,0*61
\s:66,c:1782377497*1B\!AIVDM,1,1,,,KmO;FF3<aJB@346`,0*42
\s:66,c:1782377500*14\!AIVDM,1,1,,,KkMBJCH243iscV3d,0*44
\s:66,c:1782377484*19\!AIVDM,1,1,,,33MCj5@6h<PpITMtOq494W>b21gh,0*10
\s:66,c:1782377491*1D\!AIVDM,1,1,,,14`V0F00@5mbT92NF27DdPnR0@>`,0*68
\s:66,c:1782377494*18\!AIVDM,1,1,,,14eITt?000npJBfM14Pas6rp08Ao,0*09
\s:66,c:1782377499*15\!AIVDM,1,1,,,Klhof00FU`fiNP6L,0*39
\s:66,c:1782377495*19\!AIVDM,1,1,,,144V7pW00Ic7tOHLSFJkIRhp0<0>,0*07
\s:66,c:1782377498*14\!AIVDM,1,1,,,14`V0F00h5mbT9fNF25lVhnn0HDU,0*4F
\s:66,c:1782377495*19\!AIVDM,1,1,,,KqNSfv@0IteST5iD,0*67
\s:66,c:1782377493*1F\!AIVDM,1,1,,,KqNSfv@0IteST5iD,0*67
\s:66,c:1782377498*14\!AIVDM,1,1,,,13P:iLoP0tr>drcvJRtC<?w82<0:,0*79
\s:66,c:1782377493*1F\!AIVDM,1,1,,,KmO79ec<bLjLl2F8,0*12
\s:66,c:1782377487*1A\!AIVDM,1,1,,,Kn:dU2h4@02;Q4h<,0*6F
\s:66,c:1782377492*1E\!AIVDM,1,1,,,KpI5EG0=F8BqJVCl,0*51
\s:66,c:1782377493*1F\!AIVDM,1,1,,,18I<Rd0wj7Fj9rjECSjU4T4p0@Au,0*30
\s:66,c:1782377494*18\!AIVDM,1,1,,,39NS891002<IBNoa8<q12DTn0Dg:,0*24
\s:66,c:1782377491*1D\!AIVDM,1,1,,,C69D9E00C5?SbAvOPkDqWwv0@2C0hBL?1gSh00000000?1H7QR0P,0*5C
\s:66,c:1782377491*1D\!AIVDM,1,1,,,15MiWd0003DcP8d<BL@bNh6t053<,0*22
\s:66,c:1782377498*14\!AIVDM,1,1,,,16TVld8P0Jmv;9p1qvGU:gw028Dh,0*09
\s:66,c:1782377489*14\!AIVDM,1,1,,,B69D9E00B5?SatNOPkLqOwd63P06,0*14
\s:66,c:1782377489*14\!AIVDM,1,1,,,H69D9E4N00000002JiF8002h?340,0*6F
\s:66,c:1782377492*1E\!AIVDM,1,1,,,B696kFP07DkdSLOFo;AJ7wv63P06,0*01
\s:66,c:1782377499*15\!AIVDM,1,1,,,B>l?r2P0:4r=uQ01<PlEswhTSP06,0*74
\s:66,c:1782377495*19\!AIVDM,1,1,,,Kn:9Uid4OaBh;5k<,0*70
\s:66,c:1782377492*1E\!AIVDM,1,1,,,K8I:CE00?bO1Ia9D,0*17
\s:66,c:1782377492*1E\!AIVDM,1,1,,,19NSAj001k2<m85ccs2kk2nn0@@J,0*64
\s:66,c:1782377499*15\!AIVDM,1,1,,,18I:CE012o0NUeSpFpRUpDg4053<,0*76
\s:66,c:1782377491*1D\!AIVDM,1,1,,,19NSOtP01b2TShedmd53B2fV08@>,0*1F
\s:66,c:1782377491*1D\!AIVDM,1,1,,,19NSAj001k2<m85ccs2kk2nn0@@J,0*64
\s:66,c:1782377497*1B\!AIVDM,1,1,,,KmNbgvS<hg2f>PaL,0*0B
\s:66,c:1782377499*15\!AIVDM,1,1,,,KqNSFoh4Dbvb<6:0,0*07
\s:66,c:1782377500*14\!AIVDM,1,1,,,Kp15K08BPH1`t06p,0*12
\s:66,c:1782377486*1B\!AIVDM,1,1,,,KkElo=`?dMBO>P64,0*2B
\s:66,c:1782377486*1B\!AIVDM,1,1,,,19Kd`GCP00Ni02t8?Hp2Nwvb0D3:,0*78
\s:66,c:1782377497*1B\!AIVDM,1,1,,,KqKd`G@wGSQ3P04<,0*7C
\s:66,c:1782377488*15\!AIVDM,1,1,,,Ko7iP31MFwvhD0;h,0*0A
\s:66,c:1782377497*1B\!AIVDM,1,1,,,K5?d`Lh4GSAj?U>P,0*09
\s:66,c:1782377494*18\!AIVDM,1,1,,,4030p91vad`kOntI`dLH8aG00D05,0*23
\s:66,c:1782377493*1F\!AIVDM,1,1,,,KpI=8<1F41NLpPB@,0*7E
\s:66,c:1782377493*1F\!AIVDM,1,1,,,Km?wRT0MK@0o9P@T,0*5B
\s:66,c:1782377483*1E\!AIVDM,1,1,,,Kn9>9?QM:tN`A0Ot,0*75
\s:66,c:1782377493*1F\!AIVDM,1,1,,,Ks@3<><=pbv7H0Ot,0*3F
\s:66,c:1782377484*19\!AIVDM,1,1,,,Kp;;n1<4KD14EURt,0*37
\s:66,c:1782377491*1D\!AIVDM,1,1,,,Kkener8;4>DA@`8d,0*2B
\s:66,c:1782377495*19\!AIVDM,1,1,,,15ND50;000nD>RHPcd5jLnm00<0F,0*64
\s:66,c:1782377498*14\!AIVDM,1,1,,,13f=Rn0022o5OJLKf<KlICTv0D1<,0*76
\s:66,c:1782377501*15\!AIVDM,1,1,,,13l3nGB00EKR@MH6VjT:PTm:0L04,0*07
\s:66,c:1782377492*1E\!AIVDM,1,1,,,K3SgmB=@Qt3DJPOt,0*0A
\s:66,c:1782377497*1B\!AIVDM,1,1,,,KqNSruh9usCKCV6d,0*5F
\s:66,c:1782377497*1B\!AIVDM,1,1,,,KklmcH01LnudH8?T,0*44
\s:66,c:1782377494*18\!AIVDM,1,1,,,B>plqhP0014pH6K>Rp:7udv4SP06,0*49
\s:66,c:1782377494*18\!AIVDM,1,1,,,H>plqhP4U>l9DuVo3JoOFF22220,2*2D
\s:66,c:1782377499*15\!AIVDM,1,1,,,16K3vt0vQhkHg3l1FlV57TA00<01,0*19
\s:66,c:1782377491*1D\!AIVDM,1,1,,,19N`2vP02GEvMijGVI:ca9Bn0@@R,0*7A
\s:66,c:1782377495*19\!AIVDM,1,1,,,KqNSruh9usCKCV6d,0*5F
\s:66,c:1782377500*14\!AIVDM,1,1,,,13:Pp601BN1HSiQd3ATc@9340<0H,0*7D
\s:66,c:1782377500*14\!AIVDM,1,1,,,15BO5P0v3239obuhSGnqaolv00Rs,0*68
\s:66,c:1782377500*14\!AIVDM,1,1,,,KklmcH01LnudH8?T,0*44
\s:66,c:1782377488*15\!AIVDM,1,1,,,Kn9>9?QM:tN`A0Ot,0*75
\s:66,c:1782377486*1B\!AIVDM,1,1,,,Kkener8;4>DA@`8d,0*2B
\s:66,c:1782377489*14\!AIVDM,1,1,,,Kolcbm<3vagjmROt,0*52
\s:66,c:1782377489*14\!AIVDM,1,1,,,KmQUM:0DCSgvvPBH,0*6B
\s:66,c:1782377497*1B\!AIVDM,1,1,,,KmNC5a0<akB5K0?L,0*61
\s:66,c:1782377499*15\!AIVDM,1,1,,,B69D8S008EqiHHMk4c<nowv63P06,0*7E
\s:66,c:1782377499*15\!AIVDM,1,1,,,H69D8S4N0000000000000038D440,0*0A
\s:66,c:1782377489*14\!AIVDM,1,1,,,39jj<w5000P?2N:3cjTN45nr2Der,0*56
\s:66,c:1782377493*1F\!AIVDM,1,1,,,18VpuD?00EKoB1?Wsddi=pvn0t06,0*31
\s:66,c:1782377493*1F\!AIVDM,1,1,,,Kli8wN0>=heoKVR@,0*76
\s:66,c:1782377492*1E\!AIVDM,1,1,,,Km3>Jk5MG1S1kP00,0*3A
\s:66,c:1782377496*1A\!AIVDM,1,1,,,14eGG`wp0>sL4>:Kfdk@NhM20<02,0*54
\s:66,c:1782377501*15\!AIVDM,1,1,,,13FAkV7OhvLoaHbHK1=:t8S>08FO,0*44
\s:66,c:1782377494*18\!AIVDM,1,1,,,KkJcbb02;?NbS4fT,0*11
\s:66,c:1782377494*18\!AIVDM,1,1,,,17PSDDhP00T@o7=nUndv4?vt2@Ai,0*3F
\s:66,c:1782377497*1B\!AIVDM,1,1,,,KnLi3J81FsvDr8eD,0*7B
\s:66,c:1782377491*1D\!AIVDM,1,1,,,188f`d0OiKmP4eioJ@>poo:t00S2,0*68
\s:66,c:1782377494*18\!AIVDM,1,1,,,C>l3GMh00Pu6E6s9Q`t03wf1kkaSQcUQg111111111jd0040PPRP,0*31
\s:66,c:1782377491*1D\!AIVDM,1,1,,,Kkl3pCP0C93s306T,0*10
\s:66,c:1782377489*14\!AIVDM,1,1,,,Km94>d<<6VAddP00,0*67
\s:66,c:1782377492*1E\!AIVDM,1,1,,,Kp15QbiL@PQD3P@T,0*3C
\s:66,c:1782377493*1F\!AIVDM,1,1,,,Kli8wN0>=heoKVR@,0*76
\s:66,c:1782377500*14\!AIVDM,1,1,,,KnLi3J81FsvDr8eD,0*7B
\s:66,c:1782377488*15\!AIVDM,1,1,,,KmNW7`P;QACO7PA<,0*62
\s:66,c:1782377486*1B\!AIVDM,1,1,,,19NSMfP02uNr:dVDFaKkB2`b0?wu,0*76
\s:66,c:1782377486*1B\!AIVDM,1,1,,,KkFtN40?gT2fFP00,0*71
\s:66,c:1782377493*1F\!AIVDM,1,1,,,K:kJlW0=>kMWtU6`,0*39
\s:66,c:1782377494*18\!AIVDM,1,1,,,15O:;b?P01Di;NvQV<?ssgw028Bo,0*0C
\s:66,c:1782377495*19\!AIVDM,1,1,,,35Na:JPOi7FN8g:P?cICPk342000,0*2A
\s:66,c:1782377492*1E\!AIVDM,1,1,,,KleIUT@=l2l1O4fT,0*5A
\s:66,c:1782377492*1E\!AIVDM,1,1,,,KlwMOf0MJfQEI0Ot,0*54
\s:66,c:1782377501*15\!AIVDM,1,1,,,Kl`qIn8<v`22A7T@,0*06
\s:66,c:1782377497*1B\!AIVDM,1,1,,,KpI8fS1KORkW802D,0*3D
\s:66,c:1782377493*1F\!AIVDM,1,1,,,KlwMOf0MJfQEI0Ot,0*54
\s:66,c:1782377489*14\!AIVDM,1,1,,,177T2E001m::@r?aei3krS2l00Sh,0*55
\s:66,c:1782377489*14\!AIVDM,1,1,,,B7Oe8200DbfRp2LTJh@4kwf5oP06,0*5A
\s:66,c:1782377492*1E\!AIVDM,1,1,,,19NSq2021iq>c8N8GHU4MCdl08@`,0*49
\s:66,c:1782377493*1F\!AIVDM,1,1,,,K:kJlW0=>kMWtU6`,0*39
\s:66,c:1782377497*1B\!AIVDM,1,1,,,KpI8fS1KORkW802D,0*3D
\s:66,c:1782377497*1B\!AIVDM,1,1,,,KlwMOf0MJfQEI0Ot,0*54
\s:66,c:1782377489*14\!AIVDM,1,1,,,15V2?f8P@?PkdlMsnlV<olPj0@@I,0*6C
\s:66,c:1782377494*18\!AIVDM,1,1,,,35V2?f8P@?PkdlGsnl`=3lNn01=h,0*38
\s:66,c:1782377494*18\!AIVDM,1,1,,,35OD5J00@0ECs;PRIVNtK5W006`k,0*18
\s:66,c:1782377494*18\!AIVDM,1,1,,,17`JfV0000dP6@abreKQibrh0@?>,0*57
\s:66,c:1782377497*1B\!AIVDM,1,1,,,Kqt6VN21rG00`02D,0*17
\s:66,c:1782377491*1D\!AIVDM,1,1,,,404k0m1vad`kMbNkKUaSJG700D0<,0*7C
\s:66,c:1782377498*14\!AIVDM,1,1,,,144ham7022dhp5hSBvEC6jO220S=,0*38
\s:66,c:1782377495*19\!AIVDM,1,1,,,35V2?f8P@APkdl;snlfM?DK000fh,0*69
\s:66,c:1782377499*15\!AIVDM,1,1,,,18Huh=0wB@0NghwkV9vqg7k80@F9,0*4A
\s:66,c:1782377489*14\!AIVDM,1,1,,,13ku9=P32CpdcU@:2ocKSq@V0<0I,0*01
\s:66,c:1782377491*1D\!AIVDM,1,1,,,19NSIGP0111Vf9EdDP0JPH<F0@=s,0*37
\s:66,c:1782377488*15\!AIVDM,1,1,,,169L1s@004JL6S1mHib9GTNd0@=v,0*64
\s:66,c:1782377496*1A\!AIVDM,1,1,,,Kqt6VN21rG00`02D,0*17
\s:66,c:1782377500*14\!AIVDM,1,1,,,Kkd1?:02H;1Ec7Rd,0*70
\s:66,c:1782377498*14\!AIVDM,1,1,,,15O107g000EAiD@S27v:6kw4053<,0*2A
\s:66,c:1782377492*1E\!AIVDM,1,1,,,KmO7Qb3u@bRkqRQ0,0*15
\s:66,c:1782377493*1F\!AIVDM,1,1,,,Kp?O@gQEP`O?aP>4,0*64
\s:66,c:1782377492*1E\!AIVDM,1,1,,,K3s6Of?wbtjvvT6t,0*51
\s:66,c:1782377493*1F\!AIVDM,1,1,,,169L1j0P08D31kpGTBo=rOvT2`@t,0*01
\s:66,c:1782377493*1F\!AIVDM,1,1,,,Km>vNP0=::Q17a<t,0*64
\s:66,c:1782377491*1D\!AIVDM,1,1,,,Kp?O@gQEP`O?aP>4,0*64
\s:66,c:1782377498*14\!AIVDM,1,1,,,15N8ATPP00Db=dNQc9P0Bww40@D0,0*28
\s:66,c:1782377492*1E\!AIVDM,1,1,,,16KCrN700QHf3Ump7TKVsDtt0<01,0*23
\s:66,c:1782377493*1F\!AIVDM,1,1,,,1:UUj:0P0wLpbiwjjGFBhgvv253<,0*1F
\s:66,c:1782377493*1F\!AIVDM,1,1,,,15TfD`0wB4NPTI5h3TRc3Hjt0?wv,0*27
\s:66,c:1782377500*14\!AIVDM,1,1,,,KrU70gaNR6vS0P?D,0*1E
\s:66,c:1782377488*15\!AIVDM,1,1,,,369>e4h00FJMRJumFS4:>wv00000,0*09
\s:66,c:1782377493*1F\!AIVDM,1,1,,,KmNVg;aK>T3v`07l,0*0B
\s:66,c:1782377488*15\!AIVDM,1,1,,,KlQq>@0<LAQur4d0,0*29
\s:66,c:1782377486*1B\!AIVDM,1,1,,,13Jmo000iuvgju:=5g6H3VPh0D16,0*0A
\s:66,c:1782377490*1C\!AIVDM,1,1,,,18Hw@C001bNp7E051if5E4:j00Sk,0*5A
\s:66,c:1782377493*1F\!AIVDM,1,1,,,14h?7T0025vvS@pAH@JWREvj0<08,0*69
\s:66,c:1782377495*19\!AIVDM,1,1,,,13Jmo001AuvgjpB=5ew`4FQ200SQ,0*08
\s:66,c:1782377495*19\!AIVDM,1,1,,,36KVMv0OiCN9<w>4tjKnhmS2010i,0*20
\s:66,c:1782377478*1A\!AIVDM,1,1,,,Kpw:E:M@P4w;;QEd,0*00
\s:66,c:1782377484*19\!AIVDM,1,1,,,Km?dhP@@7r@Mj0D4,0*40
\s:66,c:1782377500*14\!AIVDM,1,1,,,KqWH9t4=l>=R6P4t,0*1D
\s:66,c:1782377484*19\!AIVDM,1,1,,,Kp:vsM<4N113S0Ot,0*03
\g:1-2-5199115,s:66,c:1782377491*5E\!AIVDM,2,1,5,,55Nb`DT00001L@WCGW0t<D4r0TqHT=AE>222220N0000040Ht0000000,0*34
\g:2-2-5199115*6C\!AIVDM,2,2,5,,000000000000000,2*60
\s:66,c:1782377495*19\!AIVDM,1,1,,,38?OB0hP@l:Eq6ari6TJd`U405Nk,0*55
\s:66,c:1782377493*1F\!AIVDM,1,1,,,KpKVnN0:uN2r;WW0,0*1B
\s:66,c:1782377494*18\!AIVDM,1,1,,,16Ttg200RK4=50;lL37INGRj00SB,0*76
\s:66,c:1782377491*1D\!AIVDM,1,1,,,16UFnr?P0TnRMpp2<crnlOvl2Dmq,0*37
\s:66,c:1782377495*19\!AIVDM,1,1,,,16KjvtP01W;`egFJjVMHsW=200SU,0*04
\s:66,c:1782377493*1F\!AIVDM,1,1,,,19NS3:@01svp3ft4B0B5b4Lr00Sb,0*06
\s:66,c:1782377493*1F\!AIVDM,1,1,,,KpKVnN0:uN2r;WW0,0*1B
\s:66,c:1782377498*14\!AIVDM,1,1,,,KmN14r9LPoR;JP1H,0*38
\s:66,c:1782377489*14\!AIVDM,1,1,,,KoldTd64BgOuF00@,0*60
\s:66,c:1782377500*14\!AIVDM,1,1,,,Kn:99M24IIjmG1i@,0*6B
\s:66,c:1782377490*1C\!AIVDM,1,1,,,1:07ew0022N;30@5Ivc84FNn0@@3,0*4F
\s:66,c:1782377487*1A\!AIVDM,1,1,,,19jdu30P060Fohr3:SR=:wvh08=u,0*64
\s:66,c:1782377489*14\!AIVDM,1,1,,,Kq8a7GWhCnhCV0Ot,0*10
\s:66,c:1782377489*14\!AIVDM,1,1,,,KkEbri0?j8?8kR:`,0*42
\s:66,c:1782377499*15\!AIVDM,1,1,,,Km?dgoh?UfPK3Tjl,0*0C
\s:66,c:1782377494*18\!AIVDM,1,1,,,14eH730000G2e2HLWrq@B5K20@C4,0*70
\s:66,c:1782377495*19\!AIVDM,1,1,,,Km3>KJ1EC3Pvs05`,0*79
\g:1-2-5199116,s:66,c:1782377494*58\!AIVDM,2,1,6,,53ar=h02@?Ba08lf220Dh8F2222222222222220Q8H=3<5Oc0:SVU4Qp,0*6B
\g:2-2-5199116*6F\!AIVDM,2,2,6,,888888888888880,2*63
\s:66,c:1782377493*1F\!AIVDM,1,1,,,KrU7ot0>f5gHa05`,0*51
\s:66,c:1782377494*18\!AIVDM,1,1,,,1815P>001J4<7ckpWpahH@Un053<,0*2F
\s:66,c:1782377491*1D\!AIVDM,1,1,,,15MwT4PvBsDiNO`;PVL;gqTp88@e,0*3F
\s:66,c:1782377498*14\!AIVDM,1,1,,,36TD=B0OhCmNw<wvjq?iH1Q021uP,0*43
\s:66,c:1782377498*14\!AIVDM,1,1,,,B6<tpq00;m1R0@Ow@;5lSwv41P06,0*04
\s:66,c:1782377492*1E\!AIVDM,1,1,,,KkEbri0?j8?8kR:`,0*42
\s:66,c:1782377493*1F\!AIVDM,1,1,,,KkEbri0?j8?8kR:`,0*42
\s:66,c:1782377491*1D\!AIVDM,1,1,,,19NSu8@01a1a=sSd8l7b:`@b053<,0*45
\s:66,c:1782377491*1D\!AIVDM,1,1,,,19NSmq@vS13II7OiO1m8lW4n053<,0*58
\s:66,c:1782377498*14\!AIVDM,1,1,,,14`UtNh02sI`C>ohwU7cU9?:0D00,0*4C
\s:66,c:1782377488*15\!AIVDM,1,1,,,KmNcr2c<QVj9dP=D,0*6A
\s:66,c:1782377499*15\!AIVDM,1,1,,,Kom@<idD?I?ee03D,0*15
\s:66,c:1782377478*1A\!AIVDM,1,1,,,15?daD03020h`cAuWf7qJTJN0@8n,0*38
\s:66,c:1782377478*1A\!AIVDM,1,1,,,15W1NV8P000c0b>2DpaQNOvR2<03,0*54
\s:66,c:1782377478*1A\!AIVDM,1,1,,,19NSFC002bON<nMvMietd:8L0L02,0*2E
\s:66,c:1782377484*19\!AIVDM,1,1,,,19jbEo?P00PPknF2SmqbFOvd20Re,0*50
\s:66,c:1782377484*19\!AIVDM,1,1,,,Kn<gVeQDJP1in04T,0*43
\s:66,c:1782377487*1A\!AIVDM,1,1,,,Kp15GO0DMFA10P7d,0*6C
\s:66,c:1782377495*19\!AIVDM,1,1,,,KpLkGg03c0@uCV8p,0*63
\s:66,c:1782377501*15\!AIVDM,1,1,,,KmO5Ti`=BWRvjP?p,0*1F
\s:66,c:1782377493*1F\!AIVDM,1,1,,,KlQ>D:<;dDBLGPUp,0*4A
\s:66,c:1782377499*15\!AIVDM,1,1,,,15N6?R;00lG=Uh`KrAD4r3s<0D5j,0*2B
\s:66,c:1782377495*19\!AIVDM,1,1,,,KnKPfLADsNBP4P?0,0*32
\s:66,c:1782377495*19\!AIVDM,1,1,,,KomLI90DGw?aL0?h,0*23
\s:66,c:1782377499*15\!AIVDM,1,1,,,KomLH5dDdIgflP0p,0*6F
\s:66,c:1782377489*14\!AIVDM,1,1,,,B69D:k00>5G<@`Jd9h:H?wv63P06,0*0F
\s:66,c:1782377493*1F\!AIVDM,1,1,,,KkVWUB001>0;SPih,0*57
\s:66,c:1782377493*1F\!AIVDM,1,1,,,14`Uvv@01tw6IchAVFF`tW:n0<0=,0*60
\s:66,c:1782377497*1B\!AIVDM,1,1,,,Kned7l<>JrhBEWfP,0*2C
\s:66,c:1782377497*1B\!AIVDM,1,1,,,169L0m@P@`NnHjn5vaUcCI=60d0A,0*24
\s:66,c:1782377478*1A\!AIVDM,1,1,,,K5?dgqiOO0hfF0AL,0*78
\s:66,c:1782377480*1D\!AIVDM,1,1,,,13VWUB0uP:02HSp1JAnc=GHT053<,0*6E
\s:66,c:1782377487*1A\!AIVDM,1,1,,,36SfKD002?011`d36GVd39Vj01f1,0*71
\s:66,c:1782377494*18\!AIVDM,1,1,,,KkVWUB001>0;SPih,0*57
\s:66,c:1782377497*1B\!AIVDM,1,1,,,16SfKD002?011Nf36HSd1Ia60000,0*1A
\s:66,c:1782377495*19\!AIVDM,1,1,,,Ko74r904TvRPjW6l,0*48
\s:66,c:1782377497*1B\!AIVDM,1,1,,,Kp;9kt0DKWA0S00`,0*6B
\s:66,c:1782377491*1D\!AIVDM,1,1,,,13c><h001sFEA3RQ`E;nUmBf0@>c,0*1D
\s:66,c:1782377491*1D\!AIVDM,1,1,,,14eGV=PP00G;?1bKeR;K0?vp2H@8,0*3C
\s:66,c:1782377491*1D\!AIVDM,1,1,,,85NcjK1Kn@S=bP@r,0*5C
\s:66,c:1782377498*14\!AIVDM,1,1,,,13c><h001sFEA80Q`Cg6V5C400S5,0*35
\s:66,c:1782377492*1E\!AIVDM,1,1,,,KmMwjV`=BR2vW1U<,0*41
\s:66,c:1782377496*1A\!AIVDM,1,1,,,14eGQAO000sIW`bII45GEEi2053<,0*57
\s:66,c:1782377495*19\!AIVDM,1,1,,,Kl`UvWP57n0W=V9h,0*35
\s:66,c:1782377489*14\!AIVDM,1,1,,,15QV882007:qAT9e2UEreQ8j00Sb,0*64
\s:66,c:1782377491*1D\!AIVDM,1,1,,,17Oj=WP000:F:b5b<CWslHfr0000,0*56
\s:66,c:1782377492*1E\!AIVDM,1,1,,,169L3<@01><kLP1me`@QrA@l00S2,0*18
\s:66,c:1782377491*1D\!AIVDM,1,1,,,KkMD66QOpT46JP5t,0*2D
\s:66,c:1782377495*19\!AIVDM,1,1,,,Ko74r904TvRPjW6l,0*48
\s:66,c:1782377500*14\!AIVDM,1,1,,,Kned7l<>JrhBEWfP,0*2C
\g:1-2-5199117,s:66,c:1782377500*55\!AIVDM,2,1,7,,53:5=`82D9CtA04p0004j0mE85TdP0000000001?CkjMM5m60aCFE44?,0*55
\g:2-2-5199117*6E\!AIVDM,2,2,7,,gcC@D53@0000000,2*67
\s:66,c:1782377499*15\!AIVDM,1,1,,,Kqu:Uf4D88ONG04`,0*73
\s:66,c:1782377489*14\!AIVDM,1,1,,,KpI=8<1F41NLpPB@,0*7E
\s:66,c:1782377491*1D\!AIVDM,1,1,,,15CFLN00209m5ikda6NHenvb0HA8,0*2E
\s:66,c:1782377496*1A\!AIVDM,1,1,,,B8dB?ih0:aM;<psI:SK0?wv43P06,0*13
\s:66,c:1782377489*14\!AIVDM,1,1,,,KpI=8<1F41NLpPB@,0*7E
\s:66,c:1782377491*1D\!AIVDM,1,1,,,I>CQlSiosKM51tmB@KgrKALRUDoU,0*30
\s:66,c:1782377494*18\!AIVDM,1,1,,,B8dB?ih0:aM;<psI:SK0?wv43P06,0*13
\s:66,c:1782377499*15\!AIVDM,1,1,,,18I2aO0vR4wS?ralG=Q4oSq80?ww,0*1A
\s:66,c:1782377500*14\!AIVDM,1,1,,,15?dh`@01J1m5BSdGHwkOjjr053<,0*03
\s:66,c:1782377488*15\!AIVDM,1,1,,,Ko7iP31MFwvhD0;h,0*0A
\s:66,c:1782377488*15\!AIVDM,1,1,,,19NWsH001iJgR7=gLKCFLE8b053<,0*5C
\s:66,c:1782377488*15\!AIVDM,1,1,,,KleGlo><Le3eE0DD,0*69
\s:66,c:1782377495*19\!AIVDM,1,1,,,KomLIJOlcrP29P4t,0*18
\s:66,c:1782377495*19\!AIVDM,1,1,,,15BCft0OiSNvwOlAl5g0T@S20<0;,0*64
\s:66,c:1782377497*1B\!AIVDM,1,1,,,1815Ve@01TvU?9j;go8Pk0a40<1U,0*3E
\s:66,c:1782377494*18\!AIVDM,1,1,,,15Dpa`0004PP5;D2Hgi<UDDr00SH,0*6C
\s:66,c:1782377497*1B\!AIVDM,1,1,,,13=sDT0vk00=USB3DoJ2Sj2v08Ck,0*52
\s:66,c:1782377501*15\!AIVDM,1,1,,,Kp19@`=M4<iqHPFD,0*0E
\s:66,c:1782377491*1D\!AIVDM,1,1,,,18I<fJ01C9ke4MvJahbCL2lh053<,0*5F
\s:66,c:1782377495*19\!AIVDM,1,1,,,15RNm2001P;anJ:M?;UICWQ00<00,0*29
\s:66,c:1782377499*15\!AIVDM,1,1,,,15Sjsn0019QVqNWcHMh4<jM820Sv,0*1E
\s:66,c:1782377489*14\!AIVDM,1,1,,,1591gT0P01pdA0r:A2D9igvj08?l,0*53
\s:66,c:1782377500*14\!AIVDM,1,1,,,15Sjsn0019QVqNWcHMh4<jM820Sv,0*1E
\s:66,c:1782377495*19\!AIVDM,1,1,,,Kom3t2F4@=whaP=@,0*07
\s:66,c:1782377499*15\!AIVDM,1,1,,,Kkn0sj0424f@6Q?d,0*18
\s:66,c:1782377499*15\!AIVDM,1,1,,,KoRTnN<CW6hr=0Ot,0*57
\s:66,c:1782377497*1B\!AIVDM,1,1,,,1815GDP0RCNkm4b=IFhHIFe400S2,0*2B
\s:66,c:1782377489*14\!AIVDM,1,1,,,17WK840P00PPF7F2fkPteOvn0<2@,0*71
\s:66,c:1782377497*1B\!AIVDM,1,1,,,177lAI0wAo0cTDIubCaTfSm0053<,0*52
\s:66,c:1782377487*1A\!AIVDM,1,1,,,Kqu:Uwh5;l1?m3M6,0*11
\s:66,c:1782377497*1B\!AIVDM,1,1,,,Kom3q=<4@g?i90wt,0*22
\s:66,c:1782377499*15\!AIVDM,1,1,,,35O48t1003De2@f<;e;G`k=80Dg:,0*58
\s:66,c:1782377499*15\!AIVDM,1,1,,,Kp8fEt1JQKfelP<l,0*3D
\s:66,c:1782377491*1D\!AIVDM,1,1,,,16Kj84701VC`=gDIl<<7O60l0L00,0*5B
\s:66,c:1782377491*1D\!AIVDM,1,1,,,15NS;T0000lQAU@ObC8GvQMp0h@p,0*1B
\s:66,c:1782377495*19\!AIVDM,1,1,,,KnK2KvP4tF2PgU;<,0*07
\s:66,c:1782377499*15\!AIVDM,1,1,,,KqNSmE00PVMmMP2p,0*11
\s:66,c:1782377498*14\!AIVDM,1,1,,,KmOINQ`<fvR5h6?4,0*26
\s:66,c:1782377499*15\!AIVDM,1,1,,,Kom3q=<4@g?i90wt,0*22
\s:66,c:1782377500*14\!AIVDM,1,1,,,K6C>MB>1m0j98394,0*6F
\s:66,c:1782377500*14\!AIVDM,1,1,,,K714qvCn`>6bTOwv,0*24
\s:66,c:1782377497*1B\!AIVDM,1,1,,,Km91gaaLUVQFJ0A0,0*7D
\s:66,c:1782377494*18\!AIVDM,1,1,,,Kn8sRnP@AkPDs04t,0*18
\s:66,c:1782377484*19\!AIVDM,1,1,,,Kn8sRiPE7<?d;0vr,0*78
\s:66,c:1782377484*19\!AIVDM,1,1,,,Kp15V?@4I@@Oe6cl,0*1F
\s:66,c:1782377496*1A\!AIVDM,1,1,,,KmNEoi9MG731bP;0,0*73
\s:66,c:1782377495*19\!AIVDM,1,1,,,KpuAd`9@c?uQ1PSp,0*2F
\s:66,c:1782377500*14\!AIVDM,1,1,,,KpuAd`9@c?uQ1PSp,0*2F
\s:66,c:1782377498*14\!AIVDM,1,1,,,177lMq0w1HIaUgIsFa5smaG00<00,0*0E
\s:66,c:1782377498*14\!AIVDM,1,1,,,39NSIU@PBFJ@gjasHejdfJ?400hC,0*42
\s:66,c:1782377497*1B\!AIVDM,1,1,,,1815bf@01`G82jrCfcESOji20HCq,0*7E
\s:66,c:1782377495*19\!AIVDM,1,1,,,KolcmV>4?2gfK0Ot,0*31
\s:66,c:1782377490*1C\!AIVDM,1,1,,,KnK2>j04pPjPNV?d,0*32
\s:66,c:1782377499*15\!AIVDM,1,1,,,188fFE0P0iEWAsAnAwvDo?w62Oww,0*6D
\s:66,c:1782377478*1A\!AIVDM,1,1,,,199SUJ@P040VD@B2JTmi9wvR0D2?,0*15
\s:66,c:1782377488*15\!AIVDM,1,1,,,KrU8l=PNJmvDoP:d,0*08
\s:66,c:1782377497*1B\!AIVDM,1,1,,,K7mROGd4;b0EJP1p,0*0B
\s:66,c:1782377493*1F\!AIVDM,1,1,,,KqNSU0@ESB>@>03L,0*3E
\s:66,c:1782377495*19\!AIVDM,1,1,,,33ku91hOj<:u`?amg7G=`s6v00bh,0*6F
\s:66,c:1782377492*1E\!AIVDM,1,1,,,Kk7dAP00CuD24V@<,0*5B
\s:66,c:1782377492*1E\!AIVDM,1,1,,,KqNSIuP0:?2el6U4,0*75
\s:66,c:1782377493*1F\!AIVDM,1,1,,,Kru0LFd=2mOsbPOt,0*22
\s:66,c:1782377492*1E\!AIVDM,1,1,,,C1;?cbh0;s;ogrtRUehc;wP0VAKgSQGSKUS;1111111000000020,0*28
\s:66,c:1782377491*1D\!AIVDM,1,1,,,KkF7469@6:BqHOm<,0*24
\s:66,c:1782377495*19\!AIVDM,1,1,,,15OIHD0P02DD9I<OIDDaKOvt00Rw,0*03
\s:66,c:1782377492*1E\!AIVDM,1,1,,,15?Ebp0wBhohNiV=c7bluCtj0@A3,0*5D
\s:66,c:1782377491*1D\!AIVDM,1,1,,,1815KT@01U1gO5;d?=`atGv`0H>1,0*43
\s:66,c:1782377500*14\!AIVDM,1,1,,,13cu:W02jS1;EhkeFrU<fJ98053<,0*76
\s:66,c:1782377493*1F\!AIVDM,1,1,,,Kru0LFd=2mOsbPOt,0*22
\s:66,c:1782377498*14\!AIVDM,1,1,,,KmMwB><LfAjfVPOt,0*61
\s:66,c:1782377489*14\!AIVDM,1,1,,,KqNSU0@ESB>@>03L,0*3E
\s:66,c:1782377478*1A\!AIVDM,1,1,,,Kr5b8J<OO1@g>P4`,0*6B
\s:66,c:1782377484*19\!AIVDM,1,1,,,Kn976>d4;CQWiT@h,0*7F
\s:66,c:1782377497*1B\!AIVDM,1,1,,,KpI7@J1DDTijVPC0,0*3B
\s:66,c:1782377499*15\!AIVDM,1,1,,,15RW4H00AlD67gvG919K0Hc<08F>,0*09
\s:66,c:1782377492*1E\!AIVDM,1,1,,,15>gm0001a20br7dIIu37jFv0<06,0*57
\s:66,c:1782377488*15\!AIVDM,1,1,,,KrkJRBJMJnf@b2>p,0*74
\s:66,c:1782377499*15\!AIVDM,1,1,,,KqNSoK046r0p7TlP,0*3B
\s:66,c:1782377493*1F\!AIVDM,1,1,,,KlhSuS=Omajd704l,0*72
\s:66,c:1782377495*19\!AIVDM,1,1,,,16KvQ200Revi7kD<fuw`3nJj0@D9,0*46
\s:66,c:1782377497*1B\!AIVDM,1,1,,,15S5Ij0P0CPjveWtGg5M4gw82<0I,0*0C
\s:66,c:1782377488*15\!AIVDM,1,1,,,KmCTC<0N?5N7LP2p,0*7A
\s:66,c:1782377487*1A\!AIVDM,1,1,,,Kn9J>ukl<C0f;0Ot,0*64
\s:66,c:1782377498*14\!AIVDM,1,1,,,KmMOK`9sLoCKw4kd,0*45
\s:66,c:1782377496*1A\!AIVDM,1,1,,,181:Lph022rnLIpGUtRJPpM00D2l,0*61
\s:66,c:1782377493*1F\!AIVDM,1,1,,,19NSbp@1AP:bm3as`>HmJlBl053<,0*6D
\s:66,c:1782377493*1F\!AIVDM,1,1,,,D04k0liW4Nfr<`O6Erlg6EFpg6D,2*0B
\s:66,c:1782377493*1F\!AIVDM,1,1,,,16TOSn0P0K;ltKMufwhV:Ovl00Ri,0*76
\s:66,c:1782377495*19\!AIVDM,1,1,,,404k0livad`kObglFmlRm7700<02,0*11
\s:66,c:1782377499*15\!AIVDM,1,1,,,KmMOK`9sLoCKw4kd,0*45
\s:66,c:1782377495*19\!AIVDM,1,1,,,KnKVq``4k7jO40BD,0*61
\s:66,c:1782377494*18\!AIVDM,1,1,,,13;6ip0uiG8<v7gebQN@;h8l0<04,0*6F
\s:66,c:1782377492*1E\!AIVDM,1,1,,,15?dQI@1AS1AHg5eBP<7qFLf053<,0*42
\s:66,c:1782377488*15\!AIVDM,1,1,,,Km2t=`0<bhR2<Tdl,0*5C
\s:66,c:1782377493*1F\!AIVDM,1,1,,,KmN7BGQM3>34fP:L,0*6B
\s:66,c:1782377498*14\!AIVDM,1,1,,,KmNe7MaKNdCQUP:`,0*5D
\s:66,c:1782377500*14\!AIVDM,1,1,,,Kn?Ui502WtAHqP=l,0*2C
\s:66,c:1782377496*1A\!AIVDM,1,1,,,KqNSDE?iqhQtnP7d,0*46
\s:66,c:1782377500*14\!AIVDM,1,1,,,K8VuJN0B1;1p<PCl,0*49
\s:66,c:1782377490*1C\!AIVDM,1,1,,,Km@uCd<4t8BL5U58,0*74
\s:66,c:1782377499*15\!AIVDM,1,1,,,C3go37@07egOb?rdiRigGTN0P`UiiKQcKcg:0000000000D2RRR0,0*7F
\s:66,c:1782377490*1C\!AIVDM,1,1,,,Kn9L1g@?KqR3mPOt,0*43
\s:66,c:1782377494*18\!AIVDM,1,1,,,19NSWK@02b0M``5sMa<6E5:v0@BL,0*11
\s:66,c:1782377500*14\!AIVDM,1,1,,,1:LQe10P1Gsb9nOWl@@p:?w02D04,0*41
\s:66,c:1782377491*1D\!AIVDM,1,1,,,8>k1oEiKpBjS?@66;9JWmre0<N00,0*60
\s:66,c:1782377492*1E\!AIVDM,1,1,,,K5OD390=H`S2t0FL,0*12
\s:66,c:1782377501*15\!AIVDM,1,1,,,13=dGR00Rls2:qB@Ob=BUR5:0HG;,0*41
\s:66,c:1782377501*15\!AIVDM,1,1,,,KmOG3k8M=bje00;L,0*43
\s:66,c:1782377495*19\!AIVDM,1,1,,,KqNSse05c9w=eUFD,0*71
\s:66,c:1782377495*19\!AIVDM,1,1,,,16TIQ8?OhhcijMkuQJgUiTjt2D9j,0*78
\s:66,c:1782377493*1F\!AIVDM,1,1,,,KlVjM80:gv1Up85h,0*63
\s:66,c:1782377497*1B\!AIVDM,1,1,,,35N6nV7OhDDMhNhNwhnT<2u401wh,0*08
\s:66,c:1782377491*1D\!AIVDM,1,1,,,KlVjM80:gv1Up85h,0*63
\s:66,c:1782377491*1D\!AIVDM,1,1,,,Kn9L1g@?KqR3mPOt,0*43
\s:66,c:1782377495*19\!AIVDM,1,1,,,KnKOdH05oVROI25h,0*6D
\s:66,c:1782377495*19\!AIVDM,1,1,,,KnKOdH05oVROI25h,0*6D
\s:66,c:1782377489*14\!AIVDM,1,1,,,33Egkl0016pr8H3vNOPEI4<`001@,0*36
\s:66,c:1782377489*14\!AIVDM,1,1,,,169@6ngP0loVM<inujL38gvj20R=,0*2B
\s:66,c:1782377492*1E\!AIVDM,1,1,,,13VEpN001Pq1J<l6Obm6=E3N053<,0*3C
\s:66,c:1782377488*15\!AIVDM,1,1,,,18I9=k01QTJ<6;MsVC?EL4Nd053<,0*3E
\s:66,c:1782377478*1A\!AIVDM,1,1,,,138D@60vA;0dM2L13JJJ``JN0D03,0*0F
\s:66,c:1782377494*18\!AIVDM,1,1,,,ENmw5LAQ7VPW0h6WW7`7R000000@CtFV1>tgp1088;h000,4*48
\s:66,c:1782377499*15\!AIVDM,1,1,,,39@2`9A00005n=d3ND:f4:K<0DDJ,0*63
\s:66,c:1782377500*14\!AIVDM,1,1,,,KpI=`>0>cVvrD5d8,0*64
\s:66,c:1782377497*1B\!AIVDM,1,1,,,KqNScN@KPJCEqP=P,0*36
\s:66,c:1782377494*18\!AIVDM,1,1,,,KpI=`>0>cVvrD5d8,0*64
\s:66,c:1782377491*1D\!AIVDM,1,1,,,188fCw0000ECCE7mushe15<p0D0m,0*34
\s:66,c:1782377498*14\!AIVDM,1,1,,,35N55?7s@KlQBTnObE3BmjE40110,0*75
\s:66,c:1782377499*15\!AIVDM,1,1,,,15AeIl0u2r0QNLOhCg;cba?20@Di,0*0C
\s:66,c:1782377499*15\!AIVDM,1,1,,,19NSCTP02k0V1:Kjro6dWb380D03,0*16
\s:66,c:1782377492*1E\!AIVDM,1,1,,,19NST`hvk4GvG?T=NkVmS4Jr00Ra,0*55
\s:66,c:1782377488*15\!AIVDM,1,1,,,KmN2il9KPECEv0AP,0*0E
\s:66,c:1782377497*1B\!AIVDM,1,1,,,KqNScN@KPJCEqP=P,0*36
\s:66,c:1782377483*1E\!AIVDM,1,1,,,19NShwh3A<vwMu@5fTW@60D`053<,0*0A
\s:66,c:1782377483*1E\!AIVDM,1,1,,,KkKADl8Oc`2KIP>h,0*27
\s:66,c:1782377497*1B\!AIVDM,1,1,,,KqNSb`8?Ghid5`e<,0*6B
\s:66,c:1782377478*1A\!AIVDM,1,1,,,1775nC001P04lq=scf@mJ4FN0L02,0*58
\s:66,c:1782377494*18\!AIVDM,1,1,,,145:h90P@pk>m1TSr=n8=GJp00S5,0*5D
\s:66,c:1782377498*14\!AIVDM,1,1,,,153>ApC00AE?2r`PbbG8DUC60Gwv,0*3A
\s:66,c:1782377494*18\!AIVDM,1,1,,,15UOTv0wBs3aS2gjkQV29ijt00SL,0*1C
\s:66,c:1782377491*1D\!AIVDM,1,1,,,B>1WUA@04jdMsgJPtDq`qCfP@53<,0*3F
\s:66,c:1782377494*18\!AIVDM,1,1,,,B>pfELh0017i?qs=Q4M:@sN4SP06,0*5D
\s:66,c:1782377494*18\!AIVDM,1,1,,,B>plqj@0014it0K@qsnDMnv4SP06,0*33
\s:66,c:1782377491*1D\!AIVDM,1,1,,,KkmRVH00BJDmG0d8,0*6C
\s:66,c:1782377495*19\!AIVDM,1,1,,,15MnIKP000l5iGdNn5HR0V:v0HAi,0*44
\s:66,c:1782377498*14\!AIVDM,1,1,,,KmMnIK`9qgStcP3<,0*34
\s:66,c:1782377495*19\!AIVDM,1,1,,,KnK2=2@57SBU6P9t,0*19
\s:66,c:1782377495*19\!AIVDM,1,1,,,KnK8ANh4w9BMjU2h,0*46
\s:66,c:1782377494*18\!AIVDM,1,1,,,KoPC<V1D?Beak0<p,0*21
\s:66,c:1782377498*14\!AIVDM,1,1,,,Ko769L0<QO?f85C8,0*0A
\s:66,c:1782377495*19\!AIVDM,1,1,,,KoPEtH04Wog325@@,0*05
\s:66,c:1782377495*19\!AIVDM,1,1,,,KoPC<V1D?Beak0<p,0*21
\s:66,c:1782377490*1C\!AIVDM,1,1,,,KnK2<Vh4otBO701d,0*49
\s:66,c:1782377499*15\!AIVDM,1,1,,,Kn:MPU040dQMpT4<,0*50
\s:66,c:1782377490*1C\!AIVDM,1,1,,,KqNStnqOG9Q4o0B<,0*5E
\s:66,c:1782377490*1C\!AIVDM,1,1,,,KqNSS7D?O00g3RRL,0*08
\s:66,c:1782377493*1F\!AIVDM,1,1,,,Kknrnl0>T2jRD5RT,0*7E
\s:66,c:1782377484*19\!AIVDM,1,1,,,13ii5F3006Ojhbn2`BvJN`Vb053<,0*6E
\s:66,c:1782377495*19\!AIVDM,1,1,,,Ko7Vfw1DF@ilE0;h,0*63
\s:66,c:1782377498*14\!AIVDM,1,1,,,8>k1oEQKpBjS?><9`ls7mre0<N00,0*74
\s:66,c:1782377492*1E\!AIVDM,1,1,,,K5OG?L3u=QS:cwP0,0*55
\s:66,c:1782377492*1E\!AIVDM,1,1,,,Kknrnl0>T2jRD5RT,0*7E
\g:1-2-5199118,s:66,c:1782377491*53\!AIVDM,2,1,8,,569Kwh@24aLH9aKQ>21`PE1EUD4phDpON22222166@a782Tn00000000,0*42
\g:2-2-5199118*61\!AIVDM,2,2,8,,000000000000008,2*65
\s:66,c:1782377491*1D\!AIVDM,1,1,,,13m;B9P1RJmb1Tr?S1G4>S@p053<,0*50
\s:66,c:1782377489*14\!AIVDM,1,1,,,369Tt4UOhikcgI1wuaV1iPph21s0,0*26
\s:66,c:1782377492*1E\!AIVDM,1,1,,,C1mCDih004jw;JOH9Jc1jKN11111eW;11111111111100000002P,0*05
\s:66,c:1782377496*1A\!AIVDM,1,1,,,KlaUBL9BoBha10Ot,0*1F
\s:66,c:1782377490*1C\!AIVDM,1,1,,,Kk=ncd8?U6PG45WT,0*62
\s:66,c:1782377495*19\!AIVDM,1,1,,,15SC0p001qNJi>88aqC856G6053<,0*33
\s:66,c:1782377489*14\!AIVDM,1,1,,,Kk=ncd8?U6PG45WT,0*62
\s:66,c:1782377488*15\!AIVDM,1,1,,,Kk7E@n0>J;N3jUf<,0*7C
\s:66,c:1782377484*19\!AIVDM,1,1,,,Kn:?:OP4Lr2RJV9h,0*45
\s:66,c:1782377501*15\!AIVDM,1,1,,,Km3R?>9MHnS2M06h,0*31
\s:66,c:1782377493*1F\!AIVDM,1,1,,,19NSt6@vjREsDV6=okDKcaE008BR,0*75
\s:66,c:1782377496*1A\!AIVDM,1,1,,,19NSt6@vjREsDV6=okDKcaE008BR,0*75
\s:66,c:1782377489*14\!AIVDM,1,1,,,17h@8L0P1t<ijTEn59@hCwwv0@@e,0*1C
\s:66,c:1782377495*19\!AIVDM,1,1,,,15RCb<001P:nphDCtWOk9Bg00?ww,0*22
\s:66,c:1782377492*1E\!AIVDM,1,1,,,KpHtK301:rMV68T@,0*50
\s:66,c:1782377500*14\!AIVDM,1,1,,,160mdj@02CMOieCq`lphghdn053<,0*15
\s:66,c:1782377491*1D\!AIVDM,1,1,,,KpHtK301:rMV68T@,0*50
\s:66,c:1782377488*15\!AIVDM,1,1,,,KmO5Wlf;Q;2hW0Ot,0*31
\s:66,c:1782377497*1B\!AIVDM,1,1,,,KmNeBc;<V3B<B0V4,0*47
\s:66,c:1782377495*19\!AIVDM,1,1,,,18I3HG000c86F3igT1WVV5Pr0<03,0*17
\s:66,c:1782377500*14\!AIVDM,1,1,,,Kq@>lLb24LQnsPCD,0*30
\s:66,c:1782377497*1B\!AIVDM,1,1,,,KmNeBc;<V3B<B0V4,0*47
\s:66,c:1782377490*1C\!AIVDM,1,1,,,Kn:Eve0D6t1RCP2<,0*66
\s:66,c:1782377499*15\!AIVDM,1,1,,,C3WGj;000ufF5?rlFHcAGTN0P`UgiKSaKgS:0000000000D2RRR0,0*25
\s:66,c:1782377495*19\!AIVDM,1,1,,,13=Q@V01RnN1`kSrMtPKva`v00Rl,0*6A
\s:66,c:1782377497*1B\!AIVDM,1,1,,,Kkku1tP>PJ2C05fl,0*16
\s:66,c:1782377494*18\!AIVDM,1,1,,,15T0O2001l07PIgwci2l;kDr00S9,0*71
\s:66,c:1782377497*1B\!AIVDM,1,1,,,Kp15D2@hEQh6kP@8,0*0F
\s:66,c:1782377491*1D\!AIVDM,1,1,,,B5O5twP005Ur6?`FPEH03wfUoP06,0*27
\s:66,c:1782377501*15\!AIVDM,1,1,,,Kkku1tP>PJ2C05fl,0*16
\s:66,c:1782377494*18\!AIVDM,1,1,,,K8HvP@09M5=s9P3<,0*63
\s:66,c:1782377489*14\!AIVDM,1,1,,,K8HvP@09M5=s9P3<,0*63
\s:66,c:1782377491*1D\!AIVDM,1,1,,,15C:r<001O;1@6KghuFers6l053<,0*15
\g:1-2-5199119,s:66,c:1782377491*52\!AIVDM,2,1,9,,55C:r<02BRqk<EaWR21<U8t<<v22222222222216I0M<D5m<0TB2p22i,0*0D
\g:2-2-5199119*60\!AIVDM,2,2,9,,p88888888888880,2*24
\s:66,c:1782377494*18\!AIVDM,1,1,,,C>l6kF@00i03dLK1M<sQCweP4bNkeQQSUkeKag1111bd0000002P,0*70
\s:66,c:1782377489*14\!AIVDM,1,1,,,C1;?c=008s;aNntVrPdBkwP0VAKgQkGSKeW;1111111000000020,0*70
\s:66,c:1782377492*1E\!AIVDM,1,1,,,K8HvP@09M5=s9P3<,0*63
\s:66,c:1782377491*1D\!AIVDM,1,1,,,KkLooD0?h2DP9PBl,0*49
\s:66,c:1782377498*14\!AIVDM,1,1,,,19NSOV@01rDo8G0NlgJJbpe800SN,0*2B
\s:66,c:1782377495*19\!AIVDM,1,1,,,KnK2Pn`E8B2ViP1`,0*56
\s:66,c:1782377495*19\!AIVDM,1,1,,,KnK3Lr@57oBVlRF0,0*75
\s:66,c:1782377494*18\!AIVDM,1,1,,,K69@`K0DAC>PTP9p,0*1D
\s:66,c:1782377494*18\!AIVDM,1,1,,,C>l6sq@06AerCUu4QOsJSwgQkkaSeWeic111111111jd0040PPRP,0*66
\s:66,c:1782377492*1E\!AIVDM,1,1,,,19NS@LP01S0LP<umPS9EJlDl00RH,0*1F
\s:66,c:1782377491*1D\!AIVDM,1,1,,,C6<fiSh04@bmCGK<R`pMOwv0V@BM0HB2M0<30LOMWe10?000000P,0*12
\s:66,c:1782377488*15\!AIVDM,1,1,,,Km2H<@;sQESOEP>L,0*60
\s:66,c:1782377489*14\!AIVDM,1,1,,,K69@`K0DAC>PTP9p,0*1D
\s:66,c:1782377483*1E\!AIVDM,1,1,,,13ele0001pNgwIB;GUE6rmFb0D2o,0*65
\s:66,c:1782377499*15\!AIVDM,1,1,,,19:q6:0P000n:M5uA0AJOww<0L14,0*51
\s:66,c:1782377488*15\!AIVDM,1,1,,,1:LQdghP11sPGf3WM>bJdgvd253<,0*6E
\s:66,c:1782377484*19\!AIVDM,1,1,,,K8Ht;2054Q11i5Ch,0*36
\s:66,c:1782377497*1B\!AIVDM,1,1,,,Kp15GahDIl1ap004,0*63
\s:66,c:1782377497*1B\!AIVDM,1,1,,,Kom@8uOlNDgjlP7D,0*48
\s:66,c:1782377491*1D\!AIVDM,1,1,,,Kl`V01p;5vl0MamT,0*36
\s:66,c:1782377498*14\!AIVDM,1,1,,,14`V01h032nJcT2OCahuNJm280SG,0*1A
\s:66,c:1782377498*14\!AIVDM,1,1,,,B08qeT@02Fs3N892en<000AP@53<,0*38
\s:66,c:1782377493*1F\!AIVDM,1,1,,,KoOhHAQmMs>L=0Ot,0*2B
\s:66,c:1782377492*1E\!AIVDM,1,1,,,KkMD6Qh?s33VQ0Al,0*17
\s:66,c:1782377493*1F\!AIVDM,1,1,,,13osc@01RiEc>lL?HRjs5Hq00<04,0*50
\s:66,c:1782377497*1B\!AIVDM,1,1,,,15CgBD001iESE14ES4fsOI:v0@CJ,0*4B
\s:66,c:1782377494*18\!AIVDM,1,1,,,B>l6r?h05@uO7>s6Wmt@owd4SP06,0*14
\s:66,c:1782377489*14\!AIVDM,1,1,,,37VMrD?P@5D<UHR0B:5hKhPb0000,0*67
\s:66,c:1782377499*15\!AIVDM,1,1,,,B497p000Atq4fMuamJMhGwi5oP06,0*47
\s:66,c:1782377491*1D\!AIVDM,1,1,,,KkMD6Qh?s33VQ0Al,0*17
\s:66,c:1782377495*19\!AIVDM,1,1,,,144cwS50?w<tSF0l4Q@>47uv0l0a,0*4B
\s:66,c:1782377492*1E\!AIVDM,1,1,,,13IOv80vh00tl@3rwGJcA7Fv0@B>,0*49
\s:66,c:1782377495*19\!AIVDM,1,1,,,KkprF4;hc:uQ40<L,0*6D
\s:66,c:1782377499*15\!AIVDM,1,1,,,139Mdf01jj0Wb95je5DEaDS80D08,0*12
\s:66,c:1782377493*1F\!AIVDM,1,1,,,KkprF4;hc:uQ40<L,0*6D
\s:66,c:1782377486*1B\!AIVDM,1,1,,,Kl`V01p;5vl0MamT,0*36
\s:66,c:1782377499*15\!AIVDM,1,1,,,Kom@8uOlNDgjlP7D,0*48
\s:66,c:1782377483*1E\!AIVDM,1,1,,,KnoaA<aOKo23rPEd,0*39
\s:66,c:1782377487*1A\!AIVDM,1,1,,,Kp15U8h@@ihEqP;h,0*6B
\s:66,c:1782377484*19\!AIVDM,1,1,,,Kn:6>ndDDCQjQ0Ot,0*58
\s:66,c:1782377491*1D\!AIVDM,1,1,,,34QGb=0002Db2QLQbn=U5F6r076S,0*42
\s:66,c:1782377494*18\!AIVDM,1,1,,,B5NgtQ00DM8iVc`7BRhPowh1lD00,0*67
\s:66,c:1782377495*19\!AIVDM,1,1,,,34QVG>0P@VliB<PQVWN2HAQ401eh,0*0F
\s:66,c:1782377492*1E\!AIVDM,1,1,,,KkcpkD8@58k1fPC<,0*1D
\s:66,c:1782377496*1A\!AIVDM,1,1,,,KklG2L0J`svp?PE<,0*6B
\s:66,c:1782377491*1D\!AIVDM,1,1,,,17Odd>hshTbjjFocuv?mlldr0HAu,0*14
\s:66,c:1782377499*15\!AIVDM,1,1,,,KklG2L0J`svp?PE<,0*6B
\s:66,c:1782377499*15\!AIVDM,1,1,,,Kn9L3>h9QtwEn39p,0*68
\s:66,c:1782377491*1D\!AIVDM,1,1,,,Kl0Uteu@;J3jG0Ot,0*65
\s:66,c:1782377495*19\!AIVDM,1,1,,,13o1TP002U<FCVpHjeLS>RPv08BA,0*5E
\s:66,c:1782377495*19\!AIVDM,1,1,,,34QVG>0P@VliB<PQVWN2HAQ401eh,0*0F
\g:1-2-5199120,s:66,c:1782377492*5B\!AIVDM,2,1,0,,56;1WL82DGdH8uMV221UD4r14UF0QF222222221@S0mSI5doNKPhD1H3,0*0A
\g:2-2-5199120*6A\!AIVDM,2,2,0,,i`1kki823l1H880,2*18
\s:66,c:1782377495*19\!AIVDM,1,1,,,KrU70D0>ObvAn13L,0*7C
\s:66,c:1782377500*14\!AIVDM,1,1,,,39NSIuht1`P86sKk64GU9D980000,0*60
\s:66,c:1782377493*1F\!AIVDM,1,1,,,3:kJTPQ001JuO79jjBJe:PTn0000,0*68
\s:66,c:1782377497*1B\!AIVDM,1,1,,,14eHhK@008o7ksLLI@W5:lE0253<,0*14
\s:66,c:1782377493*1F\!AIVDM,1,1,,,Kp15@C0?qLPE@2@`,0*2E
\s:66,c:1782377489*14\!AIVDM,1,1,,,KmWuiv=@Dbgt?0@<,0*47
\s:66,c:1782377489*14\!AIVDM,1,1,,,19F>4V0P@WOolUt2V>h:w8Vl0t0C,0*25
\s:66,c:1782377494*18\!AIVDM,1,1,,,Kp15@C0?qLPE@2@`,0*2E
\s:66,c:1782377488*15\!AIVDM,1,1,,,33j3M80001KhWV1ddg0tRa>f039i,0*42
\s:66,c:1782377493*1F\!AIVDM,1,1,,,KrLbST3ucNLm=4j`,0*3E
\s:66,c:1782377496*1A\!AIVDM,1,1,,,KmNgaOc<rijmn02T,0*3D
\s:66,c:1782377501*15\!AIVDM,1,1,,,KleIOF9MI7SKJP4H,0*11
\s:66,c:1782377492*1E\!AIVDM,1,1,,,KkchVe<0Ctk?EScp,0*15
\s:66,c:1782377497*1B\!AIVDM,1,1,,,15?dMdh01s52eO5qE9vaDoM2053<,0*57
\s:66,c:1782377491*1D\!AIVDM,1,1,,,352W640OiHlaBIHPs0E1O1Jr0000,0*37
\s:66,c:1782377492*1E\!AIVDM,1,1,,,KmSQRT01C>ehrV?@,0*6F
\s:66,c:1782377493*1F\!AIVDM,1,1,,,KmSQRT01C>ehrV?@,0*6F
\s:66,c:1782377500*14\!AIVDM,1,1,,,B>1WV<002hh9FTsN2Gl000A0@53<,0*11
\s:66,c:1782377488*15\!AIVDM,1,1,,,KpLQTB0=73@m15e4,0*26
\s:66,c:1782377497*1B\!AIVDM,1,1,,,KmNgaOc<rijmn02T,0*3D
\s:66,c:1782377497*1B\!AIVDM,1,1,,,K3MChrILdRj<G07t,0*5A
\s:66,c:1782377490*1C\!AIVDM,1,1,,,Kn:<9f0DE9RkL0=l,0*07
\s:66,c:1782377490*1C\!AIVDM,1,1,,,1815M=h01uvEgBp7PBaH36N`0<05,0*4E
\s:66,c:1782377478*1A\!AIVDM,1,1,,,19lfB07P0s0n5sqk@<<KGOvN289:,0*03
\s:66,c:1782377489*14\!AIVDM,1,1,,,KpI3Fk00ABfOL6Vp,0*7D
\s:66,c:1782377500*14\!AIVDM,1,1,,,KqNSH>@NCSv>MP0h,0*25
\s:66,c:1782377491*1D\!AIVDM,1,1,,,KlQEEH8:8OD45T@t,0*09
\s:66,c:1782377495*19\!AIVDM,1,1,,,34QEEH0Oi@lRTL0OgvW:SpG20000,0*5C
\s:66,c:1782377495*19\!AIVDM,1,1,,,35N9LM?P@8G4tO4K2F4a31K602;P,0*00
\s:66,c:1782377498*14\!AIVDM,1,1,,,152QuIhP1FlM7eDTclcST?w80HE7,0*01
\s:66,c:1782377493*1F\!AIVDM,1,1,,,19NSeTh1Qt:L=r=uhvMlrCpj0<06,0*50
\s:66,c:1782377492*1E\!AIVDM,1,1,,,Kk4@ff1@=lBdVPDp,0*07
\s:66,c:1782377492*1E\!AIVDM,1,1,,,Kofu9ju@6:BqK0Ot,0*49
\s:66,c:1782377493*1F\!AIVDM,1,1,,,14`Mt20025nFBDFQP=e<nrDr88BB,0*29
\s:66,c:1782377494*18\!AIVDM,1,1,,,H3fk>Ol0BCP00012?ijklm9@0000,0*71
\s:66,c:1782377494*18\!AIVDM,1,1,,,K7`B06t6I`uCE65T,0*70
\s:66,c:1782377491*1D\!AIVDM,1,1,,,K7`B06t6I`uCE65T,0*70
\s:66,c:1782377492*1E\!AIVDM,1,1,,,K7`B06t6I`uCE65T,0*70
\s:66,c:1782377499*15\!AIVDM,1,1,,,Kp15d1iFR;fc005`,0*1B
\s:66,c:1782377491*1D\!AIVDM,1,1,,,KlQEEH8:8OD45T@t,0*09
\s:66,c:1782377494*18\!AIVDM,1,1,,,KoPHkv04?g>MjRc0,0*02
\s:66,c:1782377492*1E\!AIVDM,1,1,,,KpI3Fk00ABfOL6Vp,0*7D
\g:1-2-5199121,s:66,c:1782377492*5A\!AIVDM,2,1,1,,59NScep2GM4kDhHK:20lt@E=AV2222222222221@B@U=C5iD0DmDhk3H,0*10
\g:2-2-5199121*6B\!AIVDM,2,2,1,,888888888888880,2*64
\s:66,c:1782377493*1F\!AIVDM,1,1,,,1815PBP01eM:Wsgk<hB1VQBV08@V,0*39
\s:66,c:1782377495*19\!AIVDM,1,1,,,KqNSH>@NCSv>MP0h,0*25
\s:66,c:1782377493*1F\!AIVDM,1,1,,,19N`3pP2An2n@2mg@hgqOGTv053<,0*75
\s:66,c:1782377488*15\!AIVDM,1,1,,,KrtvA;3tdEgtOP78,0*43
\s:66,c:1782377488*15\!AIVDM,1,1,,,KmNOFf;<T`2<qRhl,0*7A
\s:66,c:1782377495*19\!AIVDM,1,1,,,14`V1tP024NfQ50820p00;>v053<,0*38
\s:66,c:1782377493*1F\!AIVDM,1,1,,,8:gGTt0j2d<<<<<<<0qPthHmSDP0,0*0A
\s:66,c:1782377493*1F\!AIVDM,1,1,,,1;@6S48P0MKb:2=eeEpM4Ovt0D05,0*05
\s:66,c:1782377500*14\!AIVDM,1,1,,,KrgGTt0=k?MS?0=t,0*5F
\s:66,c:1782377495*19\!AIVDM,1,1,,,Kn9J?1ACwviLK0Ot,0*59
\s:66,c:1782377495*19\!AIVDM,1,1,,,14eIS3w000ncAppO4?oo9Sa20HDK,0*2F
\s:66,c:1782377493*1F\!AIVDM,1,1,,,Km?dfHaM5<hbfP?l,0*7E
\s:66,c:1782377494*18\!AIVDM,1,1,,,KqNS?R01CTu`dWT<,0*75
\s:66,c:1782377492*1E\!AIVDM,1,1,,,16<ukO800<<CEH=vT@DS8Cdt0@Ad,0*0D
\s:66,c:1782377499*15\!AIVDM,1,1,,,17`B1l@P01dP0lgbrjdv4?w628E?,0*52
\s:66,c:1782377499*15\!AIVDM,1,1,,,K7`B1lL6IVuCCPOt,0*1F
\s:66,c:1782377494*18\!AIVDM,1,1,,,B9A524h06AMHarKA87k=SwfTSP06,0*17
\s:66,c:1782377492*1E\!AIVDM,1,1,,,KqNS?R01CTu`dWT<,0*75
\s:66,c:1782377495*19\!AIVDM,1,1,,,KmTrad00fheK>TV4,0*4A
\s:66,c:1782377489*14\!AIVDM,1,1,,,1bu0Fk0001qQt0owBoFLRpfh0000,0*2A
\s:66,c:1782377493*1F\!AIVDM,1,1,,,KqNS?R01CTu`dWT<,0*75
\s:66,c:1782377493*1F\!AIVDM,1,1,,,KmTrad00fheK>TV4,0*4A
\s:66,c:1782377493*1F\!AIVDM,1,1,,,19NSSchvAm26i9udevhBp2=00<0<,0*43
\s:66,c:1782377493*1F\!AIVDM,1,1,,,Km?dfHaM5<hbfP?l,0*7E
\s:66,c:1782377498*14\!AIVDM,1,1,,,KpI1738LJti`>0?`,0*32
\s:66,c:1782377486*1B\!AIVDM,1,1,,,B3EgBC000WcMrc46=47Q3wc5kP06,0*2F
\s:66,c:1782377490*1C\!AIVDM,1,1,,,13eaav001IvoiU`>pP:A40tr0PSO,0*50
\s:66,c:1782377494*18\!AIVDM,1,1,,,1815UAhPF60pMoOsHeGsgIDt00S6,0*0A
\s:66,c:1782377493*1F\!AIVDM,1,1,,,KrLR4et=fM=9cPOt,0*7F
\s:66,c:1782377493*1F\!AIVDM,1,1,,,15DsEP0020JoP:oiqDhP<@Br0L02,0*35
\s:66,c:1782377495*19\!AIVDM,1,1,,,Kn:GeBPDI7isgP=`,0*02
\s:66,c:1782377494*18\!AIVDM,1,1,,,402M6CAvad`kN0iGKTea2=?028B8,0*6B
\s:66,c:1782377492*1E\!AIVDM,1,1,,,Kk4:T<1MHe33q0<h,0*65
\s:66,c:1782377493*1F\!AIVDM,1,1,,,16KRgd002Env2wLD0?t;p9Tr08A3,0*0D
\s:66,c:1782377493*1F\!AIVDM,1,1,,,HMcNC`0e??<qC3GCB3CND000000,2*3A
\s:66,c:1782377495*19\!AIVDM,1,1,,,KqNSqc0DP>j;PP14,0*1C
\s:66,c:1782377496*1A\!AIVDM,1,1,,,Kn:Gj;06`>6bTOwv,0*78
\s:66,c:1782377490*1C\!AIVDM,1,1,,,Kn9G>;d4OE2@o5gh,0*44
\s:66,c:1782377483*1E\!AIVDM,1,1,,,KkK=Nf0?tIBbc54h,0*01
\s:66,c:1782377493*1F\!AIVDM,1,1,,,13lrgV001bOUSA0DU:?bS8Np053<,0*08
\s:66,c:1782377497*1B\!AIVDM,1,1,,,15Sthh001tNGLwH7LuuhwPm200Rq,0*33
\s:66,c:1782377493*1F\!AIVDM,1,1,,,KrU8RoP>Jr>Dw0Cd,0*42
\s:66,c:1782377500*14\!AIVDM,1,1,,,Kkku:w@>9>eB3T<d,0*75
\s:66,c:1782377487*1A\!AIVDM,1,1,,,Kn;Fjr04JThhtU00,0*1C
\s:66,c:1782377496*1A\!AIVDM,1,1,,,KmN4T>d=HmC2O0Ot,0*18
\s:66,c:1782377493*1F\!AIVDM,1,1,,,16T=8:0P@O<CkSSuTR@Usl<n053<,0*51
\s:66,c:1782377498*14\!AIVDM,1,1,,,C>i@Fkh0559GpgvkBNm`DSv0@LkgUWKQW1gS:0000000?188222P,0*4E
\s:66,c:1782377489*14\!AIVDM,1,1,,,H8fi:S377223C21=@RoWVD00000,2*06
\s:66,c:1782377491*1D\!AIVDM,1,1,,,B8fi:S003jf32;rdwhJ:3TN43P06,0*7F
\s:66,c:1782377491*1D\!AIVDM,1,1,,,1815USPvQkDt3RjNR2`CsS<n0<05,0*3D
\s:66,c:1782377498*14\!AIVDM,1,1,,,169>VeU02=d7ns@HF9E@Nh=620SI,0*37
\s:66,c:1782377498*14\!AIVDM,1,1,,,Kr0JU105BqSf?PBt,0*1A
\s:66,c:1782377492*1E\!AIVDM,1,1,,,18uIbj0P00QDDBidVB@=Swvt20Rt,0*4F
\s:66,c:1782377495*19\!AIVDM,1,1,,,18uWS40P01QDEmodV@id7wvv000`,0*77
\s:66,c:1782377499*15\!AIVDM,1,1,,,KpuIbj<0c:uQ40Ed,0*3C
\s:66,c:1782377495*19\!AIVDM,1,1,,,17tKkT@vP@Lt<C;i:;TGWmJj053<,0*50
\s:66,c:1782377500*14\!AIVDM,1,1,,,1815`Oh01DMklIIe=Tkb`8O408Ds,0*3B
\s:66,c:1782377500*14\!AIVDM,1,1,,,Kp15`Oh>p>uV64@p,0*7E
\s:66,c:1782377500*14\!AIVDM,1,1,,,KnKGpH04mjRK83CL,0*68
\s:66,c:1782377489*14\!AIVDM,1,1,,,C3VkAC@09etS:guu3RDpwTN0TAakKWKkU:000000000000D2RRR0,0*2E
\s:66,c:1782377489*14\!AIVDM,1,1,,,KkM@vl@:t8>0>`?4,0*3D
\s:66,c:1782377495*19\!AIVDM,1,1,,,13W@P2?P02vo0m6=RHfv4?w4253<,0*78
\s:66,c:1782377487*1A\!AIVDM,1,1,,,19kPWpPP1e0PWoR2QmtpWgvj053<,0*01
\s:66,c:1782377487*1A\!AIVDM,1,1,,,Kp15Sfh4i0QC:Tm0,0*49
\s:66,c:1782377495*19\!AIVDM,1,1,,,KoljnC@DO8Of=06@,0*49
\s:66,c:1782377493*1F\!AIVDM,1,1,,,13u<B>002j:lOU;s10JMGJhl053<,0*09
\s:66,c:1782377493*1F\!AIVDM,1,1,,,19NSlvPwB5D9DSDGmoaK1Hfd0@AR,0*61
\s:66,c:1782377494*18\!AIVDM,1,1,,,KnK5Hj1milLu`1Dd,0*0F
\s:66,c:1782377491*1D\!AIVDM,1,1,,,1;DplWwP00De08b<>J8N4?vp08@p,0*05
\s:66,c:1782377491*1D\!AIVDM,1,1,,,C0adnQ@0154FJO0<7LFbGwv1ScgKWW11111111111heP00<2PQ2P,0*14
\s:66,c:1782377491*1D\!AIVDM,1,1,,,B0adnQ@01=4FJO0<7LFbGwe6SVWF,0*00
\s:66,c:1782377499*15\!AIVDM,1,1,,,C>l9a6@015:auarV3CT03wjP4bNkKQUc1111111111fd0040PPRP,0*36
\s:66,c:1782377495*19\!AIVDM,1,1,,,K5`VBKohc:uQ40Ot,0*63
\s:66,c:1782377493*1F\!AIVDM,1,1,,,K5`VBKohc:uQ40Ot,0*63
\s:66,c:1782377498*14\!AIVDM,1,1,,,KlSN;<0=4Q0QDVRd,0*77
\s:66,c:1782377498*14\!AIVDM,1,1,,,19NSrDh0QtJ?g1l1HSm@R0K400Sl,0*53
\s:66,c:1782377486*1B\!AIVDM,1,1,,,KmNR8pc<`s2;Q3@h,0*1A
\s:66,c:1782377486*1B\!AIVDM,1,1,,,13AFoF002jNGQ1d78GbWv6Hf0<00,0*01
\s:66,c:1782377487*1A\!AIVDM,1,1,,,Kqji7480>i0CG0;`,0*5D
\s:66,c:1782377489*14\!AIVDM,1,1,,,KqNSE51@7s0N=0=@,0*0B
\s:66,c:1782377497*1B\!AIVDM,1,1,,,19k99F0P00PP96D2gQ8f4?w228Cc,0*57
\s:66,c:1782377493*1F\!AIVDM,1,1,,,1;@4ij0P00spBGOiF6jv4?vn2D0c,0*00
\s:66,c:1782377493*1F\!AIVDM,1,1,,,Ks@6vJ<=pk>7e0Ot,0*68
\s:66,c:1782377495*19\!AIVDM,1,1,,,K7lj<Uwkl5h5a27<,0*34
\s:66,c:1782377497*1B\!AIVDM,1,1,,,Km2U9HcsPM3P`P1t,0*4C
\s:66,c:1782377497*1B\!AIVDM,1,1,,,B69Gub00=12;B=uFeSql9LA61P06,0*7D
\s:66,c:1782377495*19\!AIVDM,1,1,,,19liED001CPtcBkk1eBVN5?200Sf,0*1F
\s:66,c:1782377499*15\!AIVDM,1,1,,,Km?dL3@0MTeGB5U`,0*6C
\s:66,c:1782377489*14\!AIVDM,1,1,,,18Vgs<3P00I0nen<uVD=ugvj0H?M,0*0D
\s:66,c:1782377495*19\!AIVDM,1,1,,,13:P1J002BMQRREs9QTPO@O40D0S,0*21
\s:66,c:1782377500*14\!AIVDM,1,1,,,Km?dL3@0MTeGB5U`,0*6C
\s:66,c:1782377497*1B\!AIVDM,1,1,,,Km2U9HcsPM3P`P1t,0*4C
\s:66,c:1782377498*14\!AIVDM,1,1,,,KmPm>DIKb8jJf0DL,0*20
\s:66,c:1782377495*19\!AIVDM,1,1,,,KnKilR04Vawga5P<,0*45
\s:66,c:1782377500*14\!AIVDM,1,1,,,KpI38F82Ft@uFTWL,0*5C
\s:66,c:1782377478*1A\!AIVDM,1,1,,,15@`T80P1PP;Owd2gIQ9BgvN2@8v,0*4C
\s:66,c:1782377484*19\!AIVDM,1,1,,,338lVJ0P@90Wp=j2;1:JFH:T00th,0*42
\s:66,c:1782377487*1A\!AIVDM,1,1,,,15?dh?hP0JPo<?ito?L<Twvf253<,0*17
\s:66,c:1782377487*1A\!AIVDM,1,1,,,Km?ddvwhDQwrI0<T,0*16
\s:66,c:1782377487*1A\!AIVDM,1,1,,,KnK2Orh4rJ2QGTW0,0*75
\s:66,c:1782377497*1B\!AIVDM,1,1,,,KomROVt4AF01CP5L,0*49
\s:66,c:1782377494*18\!AIVDM,1,1,,,4030p0Avad`kNqtl;:J`AJW000S:,0*10
\s:66,c:1782377496*1A\!AIVDM,1,1,,,KmO;jD8<vIBlBP1H,0*65
\s:66,c:1782377501*15\!AIVDM,1,1,,,Km3G0N9MHo32c0;0,0*41
\s:66,c:1782377495*19\!AIVDM,1,1,,,K6=UKl?mepPQr0:@,0*2B
\s:66,c:1782377497*1B\!AIVDM,1,1,,,19NSKD@01j3g1Esk;FWq8GHJ0L02,0*36
\s:66,c:1782377491*1D\!AIVDM,1,1,,,15B4RB2P0=DBjH7wMmoe8bJt00RJ,0*58
\s:66,c:1782377498*14\!AIVDM,1,1,,,36::WoPuh<FcRb?ol@UKdi1600rh,0*4C
\s:66,c:1782377492*1E\!AIVDM,1,1,,,15B4RB2P0=DBjH7wMmoe8bJt00RJ,0*58
\s:66,c:1782377495*19\!AIVDM,1,1,,,Kn:=19PDMEB=uP1T,0*6E
\s:66,c:1782377492*1E\!AIVDM,1,1,,,Kp154jP?=TeKFU5T,0*5C
\s:66,c:1782377495*19\!AIVDM,1,1,,,KqNSCLh0i<eLcU58,0*50
\s:66,c:1782377500*14\!AIVDM,1,1,,,Kp15<5ANJrNE=PB`,0*22
\s:66,c:1782377493*1F\!AIVDM,1,1,,,KqNSCLh0i<eLcU58,0*50
\s:66,c:1782377497*1B\!AIVDM,1,1,,,KmO3mf?u<`Rn30Ot,0*24
\s:66,c:1782377500*14\!AIVDM,1,1,,,Kn:9UF0DQ`jAv09`,0*23
\s:66,c:1782377490*1C\!AIVDM,1,1,,,13:JeT001cuvAn8;wIVtRIpV053<,0*72
\s:66,c:1782377486*1B\!AIVDM,1,1,,,Kk:Kgv0?smBd46>D,0*68
\s:66,c:1782377493*1F\!AIVDM,1,1,,,K9gesb;wI@@dsQCH,0*4E
\s:66,c:1782377495*19\!AIVDM,1,1,,,KlR6:H8OccBKU06H,0*33
\s:66,c:1782377495*19\!AIVDM,1,1,,,18R:v3000jO29MN5G22jE2540@DG,0*43
\s:66,c:1782377480*1D\!AIVDM,1,1,,,338?GV001O0=>@H1WPFkTRtT80r0,0*43
\s:66,c:1782377500*14\!AIVDM,1,1,,,KqNSnS0NP<vIpPB<,0*0E
\s:66,c:1782377489*14\!AIVDM,1,1,,,17Ojl8P000bkknQd`W7>47lp20SF,0*7F
\s:66,c:1782377492*1E\!AIVDM,1,1,,,19NSK6PwCIR:AVQf9k18anrn0H@c,0*79
\s:66,c:1782377495*19\!AIVDM,1,1,,,1815Nc@w200:0KQo;sQLQr920@DJ,0*3E
\s:66,c:1782377495*19\!AIVDM,1,1,,,KqNSnS0NP<vIpPB<,0*0E
\s:66,c:1782377498*14\!AIVDM,1,1,,,KmW1j81Lu?0fs0C4,0*20
\s:66,c:1782377493*1F\!AIVDM,1,1,,,KmNLQ`1LW;B9u0Bh,0*77
\s:66,c:1782377489*14\!AIVDM,1,1,,,Kom3vHL4BGOvKP>D,0*06
\s:66,c:1782377500*14\!AIVDM,1,1,,,Kk@Pr>832C@J2c5L,0*43
\s:66,c:1782377499*15\!AIVDM,1,1,,,C0`@Ouh0?60BQ5un7h9<cwv0PBL>`2BTNL?1WS111ig:00<2PQ2P,0*1E
\s:66,c:1782377499*15\!AIVDM,1,1,,,B69A8v0095g=lTJnWE38Owv63P06,0*6B
\s:66,c:1782377486*1B\!AIVDM,1,1,,,Km?dbOh?dP2SjVg0,0*5E
\s:66,c:1782377493*1F\!AIVDM,1,1,,,39NS`JP002vv;oJ5a34BHCLp034i,0*5E
\s:66,c:1782377487*1A\!AIVDM,1,1,,,19jgA60000PPDS02gJK>49<h253<,0*09
\s:66,c:1782377494*18\!AIVDM,1,1,,,19jlhb8005PQi?B23FiL`CBv08Bq,0*35
\s:66,c:1782377495*19\!AIVDM,1,1,,,K6:FrbSl9EiOrP8H,0*41
\s:66,c:1782377495*19\!AIVDM,1,1,,,144dI10Oh0d;;InWogH9PFM420RG,0*78
\s:66,c:1782377501*15\!AIVDM,1,1,,,13MAl5P1RFrjDplBOCh`Qnm:053<,0*21
\s:66,c:1782377489*14\!AIVDM,1,1,,,17fu>NgOh4C<r?ojNBL4pUlf0@=8,0*6F
\s:66,c:1782377489*14\!AIVDM,1,1,,,37fu>NgOh4C<r?sjNBKlt5nh00FP,0*25
\s:66,c:1782377491*1D\!AIVDM,1,1,,,144V1c0000;;?pPN8HkL3bjf0<0i,0*5C
\s:66,c:1782377493*1F\!AIVDM,1,1,,,15@8t80tAL1sfj=dAu@RvBJv0HCB,0*5E
\s:66,c:1782377493*1F\!AIVDM,1,1,,,KmNOti3<bC2L=4d`,0*00
\s:66,c:1782377478*1A\!AIVDM,1,1,,,Kq?sfV<02tPLSPD8,0*08
\s:66,c:1782377489*14\!AIVDM,1,1,,,19je;q?P00PPFGR2gt<j`gvl0PRr,0*3C
\s:66,c:1782377499*15\!AIVDM,1,1,,,19jjJb000K0IFKr24D:mVD9:2L0>,0*4E
\s:66,c:1782377500*14\!AIVDM,1,1,,,Ks@1kv<Mq1v9d0Ot,0*22
\s:66,c:1782377495*19\!AIVDM,1,1,,,Kn:AUC1D:=QcDP@<,0*07
\s:66,c:1782377497*1B\!AIVDM,1,1,,,KpLjwr<CdL@uV0Dh,0*57
\s:66,c:1782377493*1F\!AIVDM,1,1,,,Kp15BEh5>ghJV4m0,0*46
\s:66,c:1782377492*1E\!AIVDM,1,1,,,C0001vP00ln;@:wVp0HR8KN025cKeKkU;111111111100000002P,0*60
\s:66,c:1782377491*1D\!AIVDM,1,1,,,1815`wh01aR14KudmprAvQRl20So,0*71
\s:66,c:1782377488*15\!AIVDM,1,1,,,KqNSrHAKbkBNA04d,0*54
\s:66,c:1782377499*15\!AIVDM,1,1,,,Kn:AUC1D:=QcDP@<,0*07
\s:66,c:1782377499*15\!AIVDM,1,1,,,C3i<P=000emT@grWNrMm3TN0V9iKQScKgk:00000000000D2RRR0,0*31
\s:66,c:1782377493*1F\!AIVDM,1,1,,,1815Meh027Mdtur9s8w`oW2v08At,0*61
\s:66,c:1782377487*1A\!AIVDM,1,1,,,19jckW0P01PPjV62cv7EdwvH053<,0*43
\s:66,c:1782377499*15\!AIVDM,1,1,,,19NSma001pOmvjso:wHtBqu40<00,0*12
\s:66,c:1782377493*1F\!AIVDM,1,1,,,KrkJT1@=EC<bn0<D,0*19
\s:66,c:1782377493*1F\!AIVDM,1,1,,,19NSmA0w29:gAJUsbSQTmStv053<,0*60
\s:66,c:1782377494*18\!AIVDM,1,1,,,H69?2s0iF14TpN1UD4r1UF377H0,2*23
\s:66,c:1782377498*14\!AIVDM,1,1,,,19NSqqP2R2D0C1<Mh89S2jO608E5,0*64
\s:66,c:1782377494*18\!AIVDM,1,1,,,B6<g8o@0AaK@bTKCD@aDGweVSP06,0*5D
\s:66,c:1782377483*1E\!AIVDM,1,1,,,Kks<g8ewcfjdwT14,0*68
\s:66,c:1782377490*1C\!AIVDM,1,1,,,KmV<H:0OnR@Hc0?4,0*4A
\s:66,c:1782377489*14\!AIVDM,1,1,,,KmV<H:0OnR@Hc0?4,0*4A
\s:66,c:1782377484*19\!AIVDM,1,1,,,Kp15TAh3ruhJo5R4,0*0F
\s:66,c:1782377496*1A\!AIVDM,1,1,,,Kkc0q<8>=5C8c5?p,0*35
\s:66,c:1782377501*15\!AIVDM,1,1,,,15OH93PP00JlkFnG`qjrGOw:20SP,0*01
\s:66,c:1782377495*19\!AIVDM,1,1,,,K4hG`O0F:Mfdo0?4,0*4F
\s:66,c:1782377493*1F\!AIVDM,1,1,,,1:U7<;H000tQJPiw98p1LPFr253<,0*30
\s:66,c:1782377494*18\!AIVDM,1,1,,,1815U3@0R5LBE<f4fLsDgktt0?ww,0*20
\s:66,c:1782377491*1D\!AIVDM,1,1,,,15?ddVh01UDf;mv1aubopnJn00Rf,0*12
\s:66,c:1782377494*18\!AIVDM,1,1,,,C18ID3@01A9br>s4A7<OswP0247SUUKcKkk;1111111000000000,0*19
\s:66,c:1782377496*1A\!AIVDM,1,1,,,C18ID2@0119bS8s6vssO;wP0247SUUKSKgg;1111111000000000,0*09
\s:66,c:1782377499*15\!AIVDM,1,1,,,K4hG`O0F:Mfdo0?4,0*4F
\s:66,c:1782377495*19\!AIVDM,1,1,,,15AT4:001cl6s<tL?773q3:t0@B9,0*0C
\s:66,c:1782377495*19\!AIVDM,1,1,,,33HeDf3t0h1?f5Qd8Aq<VrFT00T@,0*09
\s:66,c:1782377495*19\!AIVDM,1,1,,,33IkS@042VOiraQihPkslINv00B@,0*04
\s:66,c:1782377495*19\!AIVDM,1,1,,,19NSlBh12gNuqs7o1I@lo3q208DW,0*61
\s:66,c:1782377499*15\!AIVDM,1,1,,,KomFCCL4DvP3W08L,0*52
\s:66,c:1782377499*15\!AIVDM,1,1,,,KoljVDt4Ce@2B02<,0*3F
\s:66,c:1782377489*14\!AIVDM,1,1,,,13acLL8P01FF;O=jiKTTQOvf0<00,0*0D
\s:66,c:1782377493*1F\!AIVDM,1,1,,,KkfK7Q`?MUR8P6<@,0*3B
\s:66,c:1782377484*19\!AIVDM,1,1,,,1815M<@1BB0F2Wsus6s75UR@0@==,0*7C
\s:66,c:1782377487*1A\!AIVDM,1,1,,,176rfv001f0?:4L1iGS32jHl053<,0*26
\s:66,c:1782377495*19\!AIVDM,1,1,,,KmBhFv0Cs11QlPA`,0*17
\s:66,c:1782377497*1B\!AIVDM,1,1,,,KkeQ>r<49m1;p624,0*29
\s:66,c:1782377492*1E\!AIVDM,1,1,,,KleGH4`MSL3bIPDp,0*50
\s:66,c:1782377493*1F\!AIVDM,1,1,,,Kom@<L<52Pwut0C<,0*4C
\s:66,c:1782377497*1B\!AIVDM,1,1,,,Km2R5;t:=JASvP5p,0*67
\s:66,c:1782377493*1F\!AIVDM,1,1,,,KmSlth1M5:h4lOwt,0*6D
\s:66,c:1782377494*18\!AIVDM,1,1,,,3;S>?N800IKcGQl4wIq`U71205hS,0*14
\s:66,c:1782377494*18\!AIVDM,1,1,,,C>l72;h01A>nb@KM40cQCwg1kkaSecUkc111111111hd0040PPRP,0*12
\s:66,c:1782377491*1D\!AIVDM,1,1,,,Kk9UV>P0D=3wr4<<,0*58
\g:1-2-5199122,s:66,c:1782377493*58\!AIVDM,2,1,2,,53b`7@42BeQq0<i6221aLE9HE:0TTV222222220l28B4<5l:003F`33F,0*6A
\g:2-2-5199122*68\!AIVDM,2,2,2,,`88888888888880,2*3F
\s:66,c:1782377495*19\!AIVDM,1,1,,,Kom@<L<52Pwut0C<,0*4C
\s:66,c:1782377499*15\!AIVDM,1,1,,,KmBhFv0Cs11QlPA`,0*17
\s:66,c:1782377484*19\!AIVDM,1,1,,,KkIOuF0OnS0I00:H,0*3B
\s:66,c:1782377497*1B\!AIVDM,1,1,,,Kpw:DaA0LwOSB000,0*10
\s:66,c:1782377495*19\!AIVDM,1,1,,,KotCjdL4EIhGQ0Ot,0*7B
\s:66,c:1782377495*19\!AIVDM,1,1,,,K6::=dPD>u1QgP=p,0*06
\s:66,c:1782377493*1F\!AIVDM,1,1,,,35N0HOc00aln6:p;LLKdD9vv018h,0*5C
\s:66,c:1782377494*18\!AIVDM,1,1,,,19qrgF?P19RkkNUdmO63Ggvp2H@r,0*4E
\s:66,c:1782377494*18\!AIVDM,1,1,,,19qrgF?P19RkkNUdmO63Ggvp2H@r,0*4E
\s:66,c:1782377499*15\!AIVDM,1,1,,,1815aW@wAh0SRLmnKHIDw43:08FB,0*74
\s:66,c:1782377489*14\!AIVDM,1,1,,,C19K8qh00eT5awO:Gs1UswP0DBL>jjckQeKkcKic;11000000020,0*56
\s:66,c:1782377492*1E\!AIVDM,1,1,,,Km9>S`AL6aidl0AD,0*7B
\s:66,c:1782377493*1F\!AIVDM,1,1,,,1:U7Cv@P00trg;Mjt8JP0?vr253<,0*03
\s:66,c:1782377493*1F\!AIVDM,1,1,,,K5BMsB0>R<fOHP<H,0*02
\s:66,c:1782377495*19\!AIVDM,1,1,,,15BMsB0006M8jFWl=80opVc`08CW,0*5A
\s:66,c:1782377500*14\!AIVDM,1,1,,,B6<fqBh0AQ1GC6s3VBiA?wj53P06,0*3F
\s:66,c:1782377498*14\!AIVDM,1,1,,,1;DjokS01vrTBu?nKA@Vi5G02HC8,0*15
\s:66,c:1782377493*1F\!AIVDM,1,1,,,KmO3=O3<e3R<E0>P,0*63
\s:66,c:1782377495*19\!AIVDM,1,1,,,KotCjdL4EIhGQ0Ot,0*7B
\s:66,c:1782377495*19\!AIVDM,1,1,,,Kold5idD8;ONEP30,0*23
\s:66,c:1782377499*15\!AIVDM,1,1,,,KomF@Wt4Cg02E0DL,0*64
\s:66,c:1782377500*14\!AIVDM,1,1,,,KnSohv02eehuu5ED,0*3E
\s:66,c:1782377497*1B\!AIVDM,1,1,,,KmO3=O3<e3R<E0>P,0*63
\s:66,c:1782377483*1E\!AIVDM,1,1,,,KpI11<8?`FRobU:t,0*4C
\s:66,c:1782377484*19\!AIVDM,1,1,,,KomFAOmOnSPHw07H,0*59
\s:66,c:1782377495*19\!AIVDM,1,1,,,1815;P@02RnKVFRP9cGoJmo20HCQ,0*44
\s:66,c:1782377497*1B\!AIVDM,1,1,,,KmO7IOc;bljN4Rcl,0*24
\s:66,c:1782377497*1B\!AIVDM,1,1,,,16<qAa?01J3umhiiLGgB`DI80L01,0*3C
\s:66,c:1782377494*18\!AIVDM,1,1,,,13=UmT0uRVStHPCg@n`BmR@j0Gwu,0*02
\s:66,c:1782377499*15\!AIVDM,1,1,,,14aCMl0017ChAR9p3vTU4kw088CU,0*5C
\s:66,c:1782377498*14\!AIVDM,1,1,,,16Tv<j001tCRl``IMG5:L8G600RO,0*78
\s:66,c:1782377494*18\!AIVDM,1,1,,,176u>F002k7u:bqjTww==:W20HCV,0*64
\s:66,c:1782377500*14\!AIVDM,1,1,,,Ko0drl<B9@Qfh0Ot,0*5A
\s:66,c:1782377494*18\!AIVDM,1,1,,,Ko76nh80I`v`Wa9h,0*14
\s:66,c:1782377494*18\!AIVDM,1,1,,,19kPk=P00b0M9NL2>34W<Ttv00S?,0*2C
\s:66,c:1782377493*1F\!AIVDM,1,1,,,1K@1jb@P00sjbbWhBFqf4?vp2D0u,0*7F
\s:66,c:1782377493*1F\!AIVDM,1,1,,,KrLQdid=WutoUTi4,0*72
\s:66,c:1782377497*1B\!AIVDM,1,1,,,K7lj;0>4DOh;m0;H,0*6A
\s:66,c:1782377498*14\!AIVDM,1,1,,,15NLnJ0P00m6CQHQ3lt73ww800Sd,0*55
\s:66,c:1782377498*14\!AIVDM,1,1,,,15NwQAPP1?nEt8NQ3eHr5?w82HE7,0*1D
\s:66,c:1782377493*1F\!AIVDM,1,1,,,17lohTPP1L9cqWUspJabQwvh0H>`,0*5E
\s:66,c:1782377491*1D\!AIVDM,1,1,,,C6<nK>00:Twp0h030tMwSwv0HC0@bL?0LOiei1111110?000000P,0*78
\s:66,c:1782377496*1A\!AIVDM,1,1,,,13l3r5002Mm@OmD8qK=SNBg288D0,0*08
\s:66,c:1782377492*1E\!AIVDM,1,1,,,Ko76nh80I`v`Wa9h,0*14
\s:66,c:1782377499*15\!AIVDM,1,1,,,18LMVH001<Om6aIiqEIT3SUT053<,0*6B
\s:66,c:1782377495*19\!AIVDM,1,1,,,K7lj;0>4DOh;m0;H,0*6A
\s:66,c:1782377499*15\!AIVDM,1,1,,,K7OeNad4=mfJS3c@,0*71
\s:66,c:1782377499*15\!AIVDM,1,1,,,Koldaeh4DgP1NR;L,0*3A
\s:66,c:1782377496*1A\!AIVDM,1,1,,,KpK@Hv8Avh1?C0B8,0*09
\s:66,c:1782377490*1C\!AIVDM,1,1,,,1815aWP01tMGdeJ05DFm4D6l053<,0*72
\s:66,c:1782377484*19\!AIVDM,1,1,,,15TSQ>001g0AL5:1snmaoown00S`,0*65
\s:66,c:1782377494*18\!AIVDM,1,1,,,33Eg<h7015Owa:qoOBE5@D2r00Ck,0*7E
\s:66,c:1782377493*1F\!AIVDM,1,1,,,KrU8<cP>QwvG1028,0*1E
\s:66,c:1782377494*18\!AIVDM,1,1,,,34VhL>5000dVOgwbMKE3Rbvh2Dfr,0*1A
\s:66,c:1782377493*1F\!AIVDM,1,1,,,B08eCu004GDv>JwiP@q98rg008B:,0*60
\s:66,c:1782377494*18\!AIVDM,1,1,,,B>qMUf00015fvTs<>SS1BJv4SP06,0*6B
\s:66,c:1782377489*14\!AIVDM,1,1,,,34VhL>5000dVOgwbMKE3Rbvh2Dfr,0*1A
\s:66,c:1782377492*1E\!AIVDM,1,1,,,33Eg<h7015Owa:qoOBE5@D2r00Ck,0*7E
\s:66,c:1782377495*19\!AIVDM,1,1,,,Km?dh100cFMKgTUD,0*42
\s:66,c:1782377493*1F\!AIVDM,1,1,,,KrU8<cP>QwvG1028,0*1E
\s:66,c:1782377491*1D\!AIVDM,1,1,,,18Hs@L0w1T33ti9e3wIS3RFj00S@,0*3A
\s:66,c:1782377493*1F\!AIVDM,1,1,,,16;QRJ001JJ=u@isN>AmMTLJ00SI,0*68
\s:66,c:1782377499*15\!AIVDM,1,1,,,KomLGewlAI?ot040,0*43
\s:66,c:1782377500*14\!AIVDM,1,1,,,Kp6qj@=BMI1l9POt,0*45
\s:66,c:1782377500*14\!AIVDM,1,1,,,Ko16OR<246AmtPOt,0*66
\s:66,c:1782377487*1A\!AIVDM,1,1,,,Kp15<J@?uJ01:4Ud,0*50
\s:66,c:1782377489*14\!AIVDM,1,1,,,39Fpvd0PB?Otf7B2orePmhRh00NP,0*47
\s:66,c:1782377497*1B\!AIVDM,1,1,,,18I<EJ002@OT2EAudKL5dDS60HD9,0*28
\s:66,c:1782377500*14\!AIVDM,1,1,,,19NShF@wh5LRIQqhWO4tlH3:0L0P,0*40
\s:66,c:1782377496*1A\!AIVDM,1,1,,,KmOARSQMIO36TP@l,0*79
\s:66,c:1782377497*1B\!AIVDM,1,1,,,KmNL1=9KQBkOBP<h,0*4C
\s:66,c:1782377497*1B\!AIVDM,1,1,,,KmNwN29KPFkESP;t,0*02
\s:66,c:1782377494*18\!AIVDM,1,1,,,K815J:d2v>wd1U>L,0*7B
\s:66,c:1782377494*18\!AIVDM,1,1,,,13VWa<0v283lio1fJMlBm2Bf00SP,0*2A
\s:66,c:1782377488*15\!AIVDM,1,1,,,KmOEI2c<jT2i@P4d,0*4A
\s:66,c:1782377493*1F\!AIVDM,1,1,,,Kl`Uu9@LRH27W0?<,0*4E
\s:66,c:1782377497*1B\!AIVDM,1,1,,,KmNwN29KPFkESP;t,0*02
\s:66,c:1782377497*1B\!AIVDM,1,1,,,KmNL1=9KQBkOBP<h,0*4C
\s:66,c:1782377499*15\!AIVDM,1,1,,,19NSCf001f8CPMiptWQVa59:053<,0*06
\s:66,c:1782377497*1B\!AIVDM,1,1,,,KmOEI2c<jT2i@P4d,0*4A
\s:66,c:1782377497*1B\!AIVDM,1,1,,,Kl`Uu9@LRH27W0?<,0*4E
\s:66,c:1782377499*15\!AIVDM,1,1,,,8:u0Rj1Kf=jcqaI2>ngkbd5S8jhmWO=h910536t9E0L4GhgdIv5n,0*7D
\s:66,c:1782377486*1B\!AIVDM,1,1,,,1815ITP02:MKS5:8KHTpj6vf0Gwv,0*60
\s:66,c:1782377493*1F\!AIVDM,1,1,,,Kks=tB?wbwRuRQPH,0*5E
\s:66,c:1782377495*19\!AIVDM,1,1,,,1815ITP02:MKRtH8KGN8i7120HCK,0*18
\s:66,c:1782377500*14\!AIVDM,1,1,,,Kn9D;cCu<6NV=P<8,0*2A
\s:66,c:1782377491*1D\!AIVDM,1,1,,,KmOD4I8:M:DLMP<H,0*23
\s:66,c:1782377495*19\!AIVDM,1,1,,,15OD4I0001m:tqRRfI?eVRM60L05,0*35
\s:66,c:1782377492*1E\!AIVDM,1,1,,,Kke3h<0=`M@pr96T,0*7C
\s:66,c:1782377493*1F\!AIVDM,1,1,,,Kke3h<0=`M@pr96T,0*7C
\s:66,c:1782377491*1D\!AIVDM,1,1,,,16=q?9h01cFgGGV7uFndKJ8p053<,0*1A
\s:66,c:1782377496*1A\!AIVDM,1,1,,,36U<jH0P1NFOpFF1cq8b8Ovv02wi,0*5D
\s:66,c:1782377494*18\!AIVDM,1,1,,,18159UP01u3=i5Wd3LBSHRTf08>0,0*03
\s:66,c:1782377495*19\!AIVDM,1,1,,,15NvPD?P00m6CphQ3sjc6gw020Ro,0*11
\s:66,c:1782377495*19\!AIVDM,1,1,,,169L2;8P@3D2T;`H3EqTe67p0<00,0*7D
\s:66,c:1782377492*1E\!AIVDM,1,1,,,18I<fk0vS5pG=tJ;PTgDj3lr0<09,0*5C
\s:66,c:1782377500*14\!AIVDM,1,1,,,177=;m001T2@nEIe6IrBb2C0053<,0*4B
\s:66,c:1782377497*1B\!AIVDM,1,1,,,KmMwdlc<ds2U0P30,0*3F
\s:66,c:1782377500*14\!AIVDM,1,1,,,Kn?Ul1SjbBQRmPBL,0*5C
\s:66,c:1782377497*1B\!AIVDM,1,1,,,KmMwdlc<ds2U0P30,0*3F
\s:66,c:1782377499*15\!AIVDM,1,1,,,Kn9GVNQD@KQcMP<<,0*15
\s:66,c:1782377490*1C\!AIVDM,1,1,,,KkaNaiP>io?fW78H,0*41
\s:66,c:1782377497*1B\!AIVDM,1,1,,,169L1;r000O3BNh4oIo0s3;600Sf,0*70
\s:66,c:1782377497*1B\!AIVDM,1,1,,,19jchp0P010?LQt3d=c6sww4053<,0*0B
\s:66,c:1782377488*15\!AIVDM,1,1,,,Kn9D;cSu9bfa;0@P,0*06
\s:66,c:1782377493*1F\!AIVDM,1,1,,,Ko7Wlr1Mma=PDP1p,0*75
\s:66,c:1782377495*19\!AIVDM,1,1,,,Kn:Gt68D9TiVA0@P,0*32
\s:66,c:1782377497*1B\!AIVDM,1,1,,,Km?dP>0DOPBAJ09P,0*0F
\s:66,c:1782377492*1E\!AIVDM,1,1,,,K3MD4uwu6Lipv66D,0*04
\s:66,c:1782377496*1A\!AIVDM,1,1,,,15Mr6CPP00J3OsfH;RU;sgvv08C=,0*27
\s:66,c:1782377493*1F\!AIVDM,1,1,,,Km?dLMP:`fChEVV@,0*59
\s:66,c:1782377494*18\!AIVDM,1,1,,,H7`NM>TTCBD:9Q2J=Hjqnn1H131t,0*7A
\s:66,c:1782377494*18\!AIVDM,1,1,,,Kkku9b01e?w4j`Sd,0*27
\s:66,c:1782377491*1D\!AIVDM,1,1,,,Km?dLMP:`fChEVV@,0*59
\s:66,c:1782377495*19\!AIVDM,1,1,,,15NMw6`P00li<lTQV=Bf4?vv253<,0*0D
\s:66,c:1782377495*19\!AIVDM,1,1,,,13lhC`0023denwvO9fqJ?8Bt853<,0*35
\s:66,c:1782377499*15\!AIVDM,1,1,,,13efJb022FNrR91lsW?;naM608EU,0*7E
\s:66,c:1782377500*14\!AIVDM,1,1,,,13efJb022FNrR91lsW?;naM608EU,0*7E
\s:66,c:1782377488*15\!AIVDM,1,1,,,Kn9D;cSu9bfa;0@P,0*06
\s:66,c:1782377493*1F\!AIVDM,1,1,,,33m<UUP020J:8NAuo7hW:Efl0Cbe,0*00
\s:66,c:1782377497*1B\!AIVDM,1,1,,,15?cEV01jpNi:AN=J8<H1FG400RV,0*1E
\s:66,c:1782377478*1A\!AIVDM,1,1,,,KkIme900HGvbD`9p,0*49
\s:66,c:1782377497*1B\!AIVDM,1,1,,,1815TLpP03PoeGats4lQdgw4053<,0*69
\s:66,c:1782377487*1A\!AIVDM,1,1,,,I8;H5W3M<kqEkVQT6duc9?AcsjB2,0*2B
\s:66,c:1782377487*1A\!AIVDM,1,1,,,Kn:5TqP4i>2A26UT,0*2D
\s:66,c:1782377495*19\!AIVDM,1,1,,,Kn9ULC05282<5PM>,0*36
\s:66,c:1782377497*1B\!AIVDM,1,1,,,Kke7uf83QihLv7i@,0*79
\s:66,c:1782377494*18\!AIVDM,1,1,,,13b`Fp001mm:TT0Ri94ifQQ2053<,0*6B
\s:66,c:1782377495*19\!AIVDM,1,1,,,35NQpoW00oE7C;8Pr;:1?hw200m@,0*46
\s:66,c:1782377492*1E\!AIVDM,1,1,,,KleJ;q?u5rk<QPOt,0*45
\s:66,c:1782377493*1F\!AIVDM,1,1,,,KmNO>Sc;PCkEuSW`,0*59
\s:66,c:1782377499*15\!AIVDM,1,1,,,13b`Fp001lm:Tc@Ri9KAfQS:0@EW,0*18
\s:66,c:1782377493*1F\!AIVDM,1,1,,,13l1SL001Ts69vD7v?BllCbv20SQ,0*67
\s:66,c:1782377494*18\!AIVDM,1,1,,,K3V`gP02D2frla=T,0*1A
\s:66,c:1782377494*18\!AIVDM,1,1,,,B>plqr@00A4kUCK?sfjKEtN4SP06,0*42
\s:66,c:1782377497*1B\!AIVDM,1,1,,,13V`gP0wjq4Q9>coSQ>8QVo00D04,0*7A
\s:66,c:1782377491*1D\!AIVDM,1,1,,,1815@uhuAu:IPocoWc:<5ITh0L0:,0*32
\s:66,c:1782377494*18\!AIVDM,1,1,,,B>plqr@00A4kUCK?sfjKEtN4SP06,0*42
\s:66,c:1782377496*1A\!AIVDM,1,1,,,C>h8kSP02iL2hLsMNT9VQBN0DBLhB2L?iKkkk;1111100000002P,0*05
\s:66,c:1782377496*1A\!AIVDM,1,1,,,H>plqr@4U>09DuVoCFoSFF22220,2*1B
\s:66,c:1782377495*19\!AIVDM,1,1,,,Kn:5TqP4i>2A26UT,0*2D
\s:66,c:1782377494*18\!AIVDM,1,1,,,C>h8kSP02iL2hLsMNT9VQBN0DBLhB2L?iKkkk;1111100000002P,0*05
\s:66,c:1782377492*1E\!AIVDM,1,1,,,19NSDjhvRnopne0>CtLtRb2>00SM,0*49
\s:66,c:1782377493*1F\!AIVDM,1,1,,,KmNO>Sc;PCkEuSW`,0*59
\s:66,c:1782377500*14\!AIVDM,1,1,,,KlWWGn0BawQIgP:@,0*58
\s:66,c:1782377490*1C\!AIVDM,1,1,,,KkfBS:1DCw2neP5D,0*53
\s:66,c:1782377495*19\!AIVDM,1,1,,,Kp1:Ls0@38@LA00@,0*1E
\s:66,c:1782377480*1D\!AIVDM,1,1,,,KqNSE00?k@?Vs:66,0*35
\s:66,c:1782377487*1A\!AIVDM,1,1,,,KkIkWt0?w<w409l8,0*1C
\s:66,c:1782377494*18\!AIVDM,1,1,,,Kp1:Ls0@38@LA00@,0*1E
\s:66,c:1782377488*15\!AIVDM,1,1,,,KpVpqJ0=pVdsaR@d,0*6A
\s:66,c:1782377500*14\!AIVDM,1,1,,,18L2<N01AoM2qf3dHsOT2S=20<02,0*32
\s:66,c:1782377496*1A\!AIVDM,1,1,,,KmNdWld=>mjqOPOt,0*65
\s:66,c:1782377493*1F\!AIVDM,1,1,,,Kl`Uv0iEHP?D>01d,0*27
\s:66,c:1782377492*1E\!AIVDM,1,1,,,KkMCEqOh3VjnfPOt,0*36
\s:66,c:1782377497*1B\!AIVDM,1,1,,,KmOvnh1KNa3Q`Owt,0*65
\s:66,c:1782377491*1D\!AIVDM,1,1,,,KkmAW2<0<OTRV0Ot,0*2A
\s:66,c:1782377495*19\!AIVDM,1,1,,,Kn:ILA<4Ntjdw0Ot,0*7C
\s:66,c:1782377492*1E\!AIVDM,1,1,,,Kkbo4B00LSupMU`T,0*0A
\s:66,c:1782377491*1D\!AIVDM,1,1,,,3815MD0w2;2m=RKekiwBHj6d00D1,0*03
\s:66,c:1782377491*1D\!AIVDM,1,1,,,K815MD01Liubw6Sp,0*48
\s:66,c:1782377493*1F\!AIVDM,1,1,,,Kkbo4B00LSupMU`T,0*0A
\s:66,c:1782377488*15\!AIVDM,1,1,,,177:Q8002cJQlgqnVAUFS5>V053<,0*5B
\s:66,c:1782377498*14\!AIVDM,1,1,,,369AWU`027JNs=Gm6FvLP:320E0e,0*2C
\s:66,c:1782377498*14\!AIVDM,1,1,,,KpI1JU<<e9il@PBl,0*5C
\s:66,c:1782377499*15\!AIVDM,1,1,,,Kp15Me@5O8OMAV7L,0*1C
\s:66,c:1782377499*15\!AIVDM,1,1,,,Km?dWn04IsApn4c`,0*75
\s:66,c:1782377499*15\!AIVDM,1,1,,,KoRTOP=CQAQ>mPOt,0*5D
\s:66,c:1782377490*1C\!AIVDM,1,1,,,33GQarPD@jw24bF@Tt6DK4Pl01;@,0*22
\s:66,c:1782377480*1D\!AIVDM,1,1,,,15@d=t3P00PM6md2=orN4?vV200J,0*40
\s:66,c:1782377489*14\!AIVDM,1,1,,,KqjoW5=@@M@FM000,0*31
\s:66,c:1782377488*15\!AIVDM,1,1,,,KqNST?L><cuT9U1t,0*0E
\s:66,c:1782377495*19\!AIVDM,1,1,,,14eHvg`P00ncAS4O4=7f4?w228Ce,0*30
\s:66,c:1782377496*1A\!AIVDM,1,1,,,Km3BsNPM:=ilmUED,0*2B
\s:66,c:1782377496*1A\!AIVDM,1,1,,,KleHd6GM5sk<S07H,0*38
\s:66,c:1782377493*1F\!AIVDM,1,1,,,KqNSRhP5L5gQG5k8,0*71
\s:66,c:1782377493*1F\!AIVDM,1,1,,,35AHu>3w@0t@dT`2igsqA8Bn26QC,0*0E
\s:66,c:1782377498*14\!AIVDM,1,1,,,15O4imW001lbv3:QSOrHVSq600SH,0*25
\s:66,c:1782377494*18\!AIVDM,1,1,,,377dj6001I6SLlMo`5T29R300Cku,0*45
\s:66,c:1782377489*14\!AIVDM,1,1,,,16T<Q6032CHg?O29`dH;=I4f00SP,0*1B
\s:66,c:1782377493*1F\!AIVDM,1,1,,,Kp15QpHNH9wlVP:H,0*61
\s:66,c:1782377493*1F\!AIVDM,1,1,,,KntK;B01V;v0A6gL,0*72
\s:66,c:1782377488*15\!AIVDM,1,1,,,KnT<Q60<B31>sWB0,0*69
\s:66,c:1782377493*1F\!AIVDM,1,1,,,Km@fBh8L;KQIL0D4,0*5D
\s:66,c:1782377499*15\!AIVDM,1,1,,,Kolof9tD?wgG00;d,0*18
\s:66,c:1782377500*14\!AIVDM,1,1,,,Kn:<B?=DM@2C2P=D,0*27
\s:66,c:1782377490*1C\!AIVDM,1,1,,,KqNS>`AOnTPHrP4`,0*44
\s:66,c:1782377489*14\!AIVDM,1,1,,,KqNS>`AOnTPHrP4`,0*44
\s:66,c:1782377493*1F\!AIVDM,1,1,,,KrLQdMMMnbeNgPOt,0*41
\s:66,c:1782377498*14\!AIVDM,1,1,,,15O7G20P00FcLlhO5?gqWgw:28EU,0*57
\s:66,c:1782377493*1F\!AIVDM,1,1,,,17P=T30PCp:a;6WlJcTDH3Pr0D0n,0*1F
\s:66,c:1782377499*15\!AIVDM,1,1,,,KmN7NDR:<bl6D42d,0*78
\s:66,c:1782377496*1A\!AIVDM,1,1,,,H3ou940htpLhTpF09DuV37JoOND,2*19
\s:66,c:1782377491*1D\!AIVDM,1,1,,,37Ok<`0P@lbl8q1dWo8P=s>r220h,0*4F
\s:66,c:1782377491*1D\!AIVDM,1,1,,,Kkm7>v9@;KDNE0E<,0*5A
\s:66,c:1782377494*18\!AIVDM,1,1,,,B7mAcLP00Qu75hN7=vsHOwv63P06,0*1B
\s:66,c:1782377487*1A\!AIVDM,1,1,,,KoTTaC@D<>hFD0:H,0*4F
\s:66,c:1782377492*1E\!AIVDM,1,1,,,13f87<00R9LWAqPI@?2R4Ajb0<01,0*06
\s:66,c:1782377496*1A\!AIVDM,1,1,,,KleGJ9L=`FSOk0Ot,0*3A
\s:66,c:1782377501*15\!AIVDM,1,1,,,KleJ4GMM5uC<SPOt,0*1B
\s:66,c:1782377499*15\!AIVDM,1,1,,,15BOA>001fFlH8@8;MGcJ9A<08FS,0*25
\s:66,c:1782377497*1B\!AIVDM,1,1,,,18I<Ul0vRQ3t6jQk=FWBDR1200S>,0*50
\s:66,c:1782377496*1A\!AIVDM,1,1,,,B>l769@010uTMGK3h3T03whTSP06,0*2F
\s:66,c:1782377491*1D\!AIVDM,1,1,,,13ku;dP01O<2upfIv>rro`dL00SE,0*67
\s:66,c:1782377498*14\!AIVDM,1,1,,,Kl5:MI<6NWDT<1Bp,0*77
\s:66,c:1782377499*15\!AIVDM,1,1,,,13=;BF001r1AD3GdHV<dQJ9<0D00,0*2C
\s:66,c:1782377492*1E\!AIVDM,1,1,,,15BOA>001fFlHB@8;Lo;J9@n0<00,0*6C
\s:66,c:1782377486*1B\!AIVDM,1,1,,,KmPH48aKMACHt0;4,0*33
\s:66,c:1782377497*1B\!AIVDM,1,1,,,Kp15Ta@<`h1mk6W4,0*7B
\s:66,c:1782377499*15\!AIVDM,1,1,,,Km?dcah4?rwA76ET,0*2F
\s:66,c:1782377500*14\!AIVDM,1,1,,,Kp15Gi022jOHhU3t,0*51
\s:66,c:1782377500*14\!AIVDM,1,1,,,KkmDsH82QMQaG5QP,0*00
\s:66,c:1782377499*15\!AIVDM,1,1,,,KkmDsH82QMQaG5QP,0*00
\s:66,c:1782377490*1C\!AIVDM,1,1,,,KlaV@t@OOpPdC4Ot,0*0B
\s:66,c:1782377494*18\!AIVDM,1,1,,,KqNSnQ00In?S=0:P,0*53
\s:66,c:1782377491*1D\!AIVDM,1,1,,,14eHUbhP0Ho9s@`L;3fbIwvj0D2t,0*6D
\s:66,c:1782377493*1F\!AIVDM,1,1,,,KoPDj:7mMs>L=05h,0*41
\s:66,c:1782377499*15\!AIVDM,1,1,,,KpI>tw0:Dfk=hVVt,0*4A
\s:66,c:1782377494*18\!AIVDM,1,1,,,Kru0OiAM5Dh4a0=p,0*00
\s:66,c:1782377489*14\!AIVDM,1,1,,,KoPDj:7mMs>L=05h,0*41
\s:66,c:1782377491*1D\!AIVDM,1,1,,,KkaEPL9@:l3jCP<h,0*4E
\s:66,c:1782377491*1D\!AIVDM,1,1,,,344ake0P1obSqWjNOdDhOPJj233i,0*55
\s:66,c:1782377498*14\!AIVDM,1,1,,,KpI>tw0:Dfk=hVVt,0*4A
\s:66,c:1782377498*14\!AIVDM,1,1,,,15Rb3j0032CSAVJ=bB<;6pq60<00,0*51
\s:66,c:1782377499*15\!AIVDM,1,1,,,16:ELrP01u0sw4Gl1dM5mDhR00SU,0*16
\s:66,c:1782377489*14\!AIVDM,1,1,,,3btvARPOh4qU<a;w>0oDaEpj2000,0*48
\s:66,c:1782377498*14\!AIVDM,1,1,,,Kru0OiAM5Dh4a0=p,0*00
\s:66,c:1782377495*19\!AIVDM,1,1,,,KoldlRd45r?I30ET,0*06
\s:66,c:1782377496*1A\!AIVDM,1,1,,,KpI<>H82RCQTNPRt,0*79
\s:66,c:1782377500*14\!AIVDM,1,1,,,KpI4;R02K3ict120,0*7F
\s:66,c:1782377497*1B\!AIVDM,1,1,,,KqN`1V=M5Q0auP@D,0*70
\s:66,c:1782377500*14\!AIVDM,1,1,,,Km@`4m0U0hjjJ0@t,0*4B
\g:1-2-5199123,s:66,c:1782377489*52\!AIVDM,2,1,3,,53MCT7H2EAcpm0lW:208E8LF08Dr0pEHU>222216C8J:D5lj0IkV`3@D,0*30
\g:2-2-5199123*69\!AIVDM,2,2,3,,888888888888880,2*66
\s:66,c:1782377489*14\!AIVDM,1,1,,,33MCT7@PAWGWlvgaPQ;bh`P:0D>u,0*05
\s:66,c:1782377478*1A\!AIVDM,1,1,,,Km`3M@00JdvtqU;D,0*68
\s:66,c:1782377499*15\!AIVDM,1,1,,,33e2R401P00gupuup:L;3lG802uA,0*4E
\s:66,c:1782377495*19\!AIVDM,1,1,,,KoljFk1E0fgaG044,0*3B
\s:66,c:1782377495*19\!AIVDM,1,1,,,B6<t`O009:eErFR6lJ4J;wh6SP06,0*48
\s:66,c:1782377497*1B\!AIVDM,1,1,,,Kk=i4D0:QHRm?8BL,0*46
\s:66,c:1782377494*18\!AIVDM,1,1,,,1815KQ@rhaFFqPeaWE`L:`h40D00,0*22
\s:66,c:1782377494*18\!AIVDM,1,1,,,KmQ:n202IPNg95SP,0*4B
\s:66,c:1782377498*14\!AIVDM,1,1,,,Kk=i4D0:QHRm?8BL,0*46
\s:66,c:1782377486*1B\!AIVDM,1,1,,,KlRV=:8gen2NeP64,0*5C
\s:66,c:1782377495*19\!AIVDM,1,1,,,Kn:7UW04I6QslPVl,0*12
\s:66,c:1782377491*1D\!AIVDM,1,1,,,1815WS@vj5EOu;<14Dg2E24j00Ri,0*79
\s:66,c:1782377496*1A\!AIVDM,1,1,,,B69D9Dh0<U?detNDA?DqSwv63P06,0*28
\s:66,c:1782377498*14\!AIVDM,1,1,,,188flk501iE<h;qnDeoDPCQ808F3,0*52
\s:66,c:1782377489*14\!AIVDM,1,1,,,17`BPcHP05<ap8IaJM9lUOvb053<,0*06
\s:66,c:1782377492*1E\!AIVDM,1,1,,,B69D9Dh0<U?detNDA?DqSwv63P06,0*28
\s:66,c:1782377499*15\!AIVDM,1,1,,,19NScN002<0fGqweafAKGI94053<,0*27
\s:66,c:1782377495*19\!AIVDM,1,1,,,1:U7@M0PARM5R0CkM=UTpSu000Rp,0*77
\s:66,c:1782377491*1D\!AIVDM,1,1,,,15D:wh01B<3<fMUhQ3FqUWh<00S3,0*07
\s:66,c:1782377488*15\!AIVDM,1,1,,,KmNLPH=LSlj<V0Ot,0*1E
\s:66,c:1782377493*1F\!AIVDM,1,1,,,KmO:Wo<<`Nj7qQ38,0*54
\s:66,c:1782377499*15\!AIVDM,1,1,,,K7PCP8=D=l>Jc0Ot,0*54
\s:66,c:1782377495*19\!AIVDM,1,1,,,KoPHkv04?g>MjRc0,0*02
\s:66,c:1782377496*1A\!AIVDM,1,1,,,177`K<001`4p>Vf5S=ssG9<p08Ba,0*18
\s:66,c:1782377497*1B\!AIVDM,1,1,,,Km?dfHaM5<hbfP?l,0*7E
\s:66,c:1782377500*14\!AIVDM,1,1,,,Kn:>sEP4FPAiQUS4,0*49
\s:66,c:1782377500*14\!AIVDM,1,1,,,KpI8rb04jU2jgVR@,0*7D
\s:66,c:1782377493*1F\!AIVDM,1,1,,,19pH>b5wOw<tSF0l4Q@>40ap1p=5,0*37
\s:66,c:1782377478*1A\!AIVDM,1,1,,,199?Hs@000PdB522BlT>40lL253<,0*09
\s:66,c:1782377487*1A\!AIVDM,1,1,,,19E0@=P0000`>SewUmT=05:h00Ra,0*1D
\s:66,c:1782377489*14\!AIVDM,1,1,,,Kq9?HsL0Fc0BjP9P,0*18
\s:66,c:1782377497*1B\!AIVDM,1,1,,,KmQnrF031mOlr93P,0*1E
\s:66,c:1782377495*19\!AIVDM,1,1,,,18I:ls00C1D6N?`JaVr3`Bs000S2,0*2F
\s:66,c:1782377493*1F\!AIVDM,1,1,,,Kp15C2@>IMea25@d,0*74
\s:66,c:1782377493*1F\!AIVDM,1,1,,,KrpDs;QM>wPhI2BH,0*3E
\s:66,c:1782377498*14\!AIVDM,1,1,,,Kp15FhHLQw29U010,0*3B
\s:66,c:1782377495*19\!AIVDM,1,1,,,Km?dhhP4qg=3W6AH,0*0E
\s:66,c:1782377499*15\!AIVDM,1,1,,,KoldlIP4>p?GwR74,0*1A
\s:66,c:1782377494*18\!AIVDM,1,1,,,KqNSm7ghLUOVe0;h,0*13
\s:66,c:1782377494*18\!AIVDM,1,1,,,19jhnb8PAkPBKdb33BAuRJk00L01,0*34
\s:66,c:1782377483*1E\!AIVDM,1,1,,,13VEdh001mJPLNMd9E2FwU``08=9,0*31
\s:66,c:1782377495*19\!AIVDM,1,1,,,Ip:uvr1jNM3lj0h>C`8UlLSF6Am6,0*49
\s:66,c:1782377498*14\!AIVDM,1,1,,,14eGsMh000ncB0`O4Arne95:0<0g,0*17
\s:66,c:1782377496*1A\!AIVDM,1,1,,,KmNNWaRV`>6bTOwv,0*63
\s:66,c:1782377501*15\!AIVDM,1,1,,,Kp15>r@=3EBEK6BD,0*63
\s:66,c:1782377492*1E\!AIVDM,1,1,,,Kl`Uu0Q@2lk0`0CD,0*73
\s:66,c:1782377489*14\!AIVDM,1,1,,,C69FTD@07m7ADPNghkdv;wv0@b30L2M0jc1gWk111110BQh71QPP,0*6B
\s:66,c:1782377492*1E\!AIVDM,1,1,,,169>KuOP0Dd8<r;pcrg=i?vr253<,0*7A
\s:66,c:1782377491*1D\!AIVDM,1,1,,,Kl`Uu0Q@2lk0`0CD,0*73
\s:66,c:1782377491*1D\!AIVDM,1,1,,,16T:`0001ukkpD:O7UuCSRrn08@8,0*62
\s:66,c:1782377498*14\!AIVDM,1,1,,,344WGi0Oh4:79VVLWH71ljs00Pw@,0*7D
\s:66,c:1782377495*19\!AIVDM,1,1,,,KnK2QdH5<4S596F@,0*14
\g:1-2-5199124,s:66,c:1782377500*55\!AIVDM,2,1,4,,5:U8Tv`2CqWM1??C?21LTh@D8DE=B2222222221S2a8:95dV0<TRCp11,0*10
\g:2-2-5199124*6E\!AIVDM,2,2,4,,H2PCQBDSp888880,2*44
\s:66,c:1782377493*1F\!AIVDM,1,1,,,15?dhQhvBR34>HGd`vNSSBjr00Rq,0*7C
\s:66,c:1782377486*1B\!AIVDM,1,1,,,KmO=mrS<c4RPE22l,0*3F
\s:66,c:1782377493*1F\!AIVDM,1,1,,,KmNGcF`<LAB2V06T,0*48
\s:66,c:1782377494*18\!AIVDM,1,1,,,KmN6W5Sr1<l?5QcD,0*67
\s:66,c:1782377498*14\!AIVDM,1,1,,,15N6W5g00UDDEUjQ5oSo5mS80<01,0*38
\s:66,c:1782377501*15\!AIVDM,1,1,,,Kkmic>0=pb3NPTU<,0*11
\s:66,c:1782377495*19\!AIVDM,1,1,,,KoOftm85<Nw4VP:<,0*4F
\s:66,c:1782377497*1B\!AIVDM,1,1,,,15?dho`026o92b8KWw1Jjpi00@Dd,0*56
\s:66,c:1782377497*1B\!AIVDM,1,1,,,13n@8L001V4eqrUoej5aA7G20D01,0*1D
\s:66,c:1782377496*1A\!AIVDM,1,1,,,18I4jw0uABF?DO7p4:1lDCJp0D01,0*66
\s:66,c:1782377489*14\!AIVDM,1,1,,,15?diLP024:eT1sb<3SIIGPh0<07,0*78
\s:66,c:1782377489*14\!AIVDM,1,1,,,14`4jb0P1ckbkGQm9IJSbOvh2H>K,0*40
\s:66,c:1782377499*15\!AIVDM,1,1,,,39NSt:0Oip;bliIlj:`<bJ<t01t0,0*08
\s:66,c:1782377495*19\!AIVDM,1,1,,,39lOwt000012JfUjp2cB24;400Ek,0*19
\s:66,c:1782377492*1E\!AIVDM,1,1,,,18I4jw0uABF?DO7p4:1lDCJp0D01,0*66
\s:66,c:1782377493*1F\!AIVDM,1,1,,,KmMsuGc<QuB9nP:H,0*01
\s:66,c:1782377500*14\!AIVDM,1,1,,,Kn;CoJ0AU;@n`0>L,0*0C
\s:66,c:1782377499*15\!AIVDM,1,1,,,39NS6oP02bH;Evam5at;La:r05gC,0*0A
\s:66,c:1782377495*19\!AIVDM,1,1,,,KoljnC@DO8Of=06@,0*49
\s:66,c:1782377497*1B\!AIVDM,1,1,,,Kn0ej;P1SdA?90U@,0*72
\s:66,c:1782377493*1F\!AIVDM,1,1,,,Kp15FBKwMHhhN0@h,0*33
\s:66,c:1782377484*19\!AIVDM,1,1,,,33CsGSEP00PpVUAtOkDf4?v`2Dh:,0*7F
\s:66,c:1782377483*1E\!AIVDM,1,1,,,Km?d`Q0?J1AkeT20,0*46
\s:66,c:1782377497*1B\!AIVDM,1,1,,,Kp15KgP?WkP886D4,0*31
\s:66,c:1782377488*15\!AIVDM,1,1,,,KqNSJK@>CGf>D5l4,0*4A
\s:66,c:1782377495*19\!AIVDM,1,1,,,Ko7`Ne04O`1wc52l,0*5A
\s:66,c:1782377495*19\!AIVDM,1,1,,,Kn::iw=DGpQn36Ot,0*13
\s:66,c:1782377498*14\!AIVDM,1,1,,,15OLg:0P01DgCr6QBM9pLOw60@E5,0*2D
\s:66,c:1782377492*1E\!AIVDM,1,1,,,KmPH6qL=CvBwv0Ot,0*12
\s:66,c:1782377493*1F\!AIVDM,1,1,,,19NSg5h01tEomvJ<tJ0I`7U`053<,0*55
\s:66,c:1782377493*1F\!AIVDM,1,1,,,B4eJhe@005i1cK76glsQ3wgQjE=J,0*34
\s:66,c:1782377491*1D\!AIVDM,1,1,,,19NWw7002n<GgpDK@=r3?RRn053<,0*6E
\s:66,c:1782377498*14\!AIVDM,1,1,,,1815;gh01rD36iHK7Sk8uo;:00S3,0*4A
\s:66,c:1782377495*19\!AIVDM,1,1,,,Ko7`Ne04O`1wc52l,0*5A
\s:66,c:1782377500*14\!AIVDM,1,1,,,Kp15KgP?WkP886D4,0*31
\s:66,c:1782377488*15\!AIVDM,1,1,,,KleHv`aKNc3U004L,0*62
\s:66,c:1782377493*1F\!AIVDM,1,1,,,Km34E:9K4DlAbP=8,0*21
\s:66,c:1782377497*1B\!AIVDM,1,1,,,KlRt;J0?L320PTPh,0*59
\s:66,c:1782377487*1A\!AIVDM,1,1,,,KpJIpd0OMGhhtP4t,0*5A
\s:66,c:1782377488*15\!AIVDM,1,1,,,3;@5t08P@iKbarge6aje>:2j00q0,0*62
\s:66,c:1782377493*1F\!AIVDM,1,1,,,Kl4W;CdMkQgi>P:t,0*66
\s:66,c:1782377501*15\!AIVDM,1,1,,,KleIfs8=RiSCDP1H,0*3A
\s:66,c:1782377499*15\!AIVDM,1,1,,,169L1hhP0AD3sotGa7@LDOvl2`EV,0*57
\s:66,c:1782377493*1F\!AIVDM,1,1,,,Kl4W;CdMkQgi>P:t,0*66
\s:66,c:1782377494*18\!AIVDM,1,1,,,39NShi@01j4p`L1hiv735jLp031i,0*48
\s:66,c:1782377496*1A\!AIVDM,1,1,,,16:Jth0PB7EMBTV6Q9@4KkM40<00,0*2E
\s:66,c:1782377494*18\!AIVDM,1,1,,,C>kuLgh021J5;JKH`<59Wwe04bNkKQQc1111111111jd0000002P,0*6B
\s:66,c:1782377491*1D\!AIVDM,1,1,,,KmNClV09qaktS0?0,0*1C
\s:66,c:1782377495*19\!AIVDM,1,1,,,15NClV0000D5V=VNm4@aD4Lt08Ac,0*4C
\s:66,c:1782377492*1E\!AIVDM,1,1,,,Kk96Vh002;eWR56@,0*5C
\s:66,c:1782377499*15\!AIVDM,1,1,,,13ku:Bh12Q1=>pcd?LibsHU600SW,0*58
\s:66,c:1782377498*14\!AIVDM,1,1,,,19NSORhwjnnrjV2C8RETv3pt0<0>,0*1D
\s:66,c:1782377493*1F\!AIVDM,1,1,,,KlREjH<Oc9jlQP;8,0*58
\s:66,c:1782377493*1F\!AIVDM,1,1,,,19NSU7P01qvIHC`<l1694WBf0<0R,0*23
\s:66,c:1782377497*1B\!AIVDM,1,1,,,19jfQL00?w0J=wN1a<Av46E00<00,0*68
\s:66,c:1782377500*14\!AIVDM,1,1,,,KrLcR4>=WQdlmP=L,0*56
\s:66,c:1782377497*1B\!AIVDM,1,1,,,KnK2wg`E0cjT803d,0*3C
\s:66,c:1782377492*1E\!AIVDM,1,1,,,KleJ@Isu43S8S00d,0*3B
\s:66,c:1782377494*18\!AIVDM,1,1,,,H7`BTU@dTpM<l4p000000000000,2*60
\s:66,c:1782377493*1F\!AIVDM,1,1,,,14qhje0001sVCkd9BQKPCA@r053<,0*17
\s:66,c:1782377493*1F\!AIVDM,1,1,,,18I1L9001OJWrcH7lRDeuPBp053<,0*6C
\s:66,c:1782377493*1F\!AIVDM,1,1,,,1815Mi0vQuLLbK63<<E;aIJt08BD,0*66
\s:66,c:1782377497*1B\!AIVDM,1,1,,,13@tOn01Bn4tPGmi@o>9W7c80HDa,0*40
\s:66,c:1782377491*1D\!AIVDM,1,1,,,13IL100P00ECCeKmusLh000L053<,0*53
\s:66,c:1782377489*14\!AIVDM,1,1,,,KoP73@1EBFM=H00P,0*4F
\s:66,c:1782377495*19\!AIVDM,1,1,,,344iAG7OiPc;VFHMvvaPwhjt21u@,0*31
\s:66,c:1782377494*18\!AIVDM,1,1,,,13@tOn0w2o4tPOui@oW9aGbt0HA`,0*01
\s:66,c:1782377494*18\!AIVDM,1,1,,,KoOiiEP4@DvNH0A`,0*48
\s:66,c:1782377493*1F\!AIVDM,1,1,,,13lekN0v1UM5tiSkBBfptW6n0L1S,0*45
\s:66,c:1782377486*1B\!AIVDM,1,1,,,KmND9T`;MTCHJP@h,0*5D
\s:66,c:1782377495*19\!AIVDM,1,1,,,KoOiiEP4@DvNH0A`,0*48
\s:66,c:1782377496*1A\!AIVDM,1,1,,,KqNSe4@2@O0vU5jd,0*44
\s:66,c:1782377493*1F\!AIVDM,1,1,,,Kp15U?@O5GQ?;PET,0*5B
\s:66,c:1782377495*19\!AIVDM,1,1,,,KkFTRl<?c?BigPc4,0*7F
\s:66,c:1782377484*19\!AIVDM,1,1,,,18I97:0vji0iU5=s8i2h4P6`88<5,0*11
\s:66,c:1782377487*1A\!AIVDM,1,1,,,B9jlM8005p6w?80UMCtQGwdVSP06,0*25
\s:66,c:1782377489*14\!AIVDM,1,1,,,15?k9V00jFOIcuovWoimc4Lp08@T,0*36
\s:66,c:1782377487*1A\!AIVDM,1,1,,,KotKmqH49?hF1:BT,0*29
\s:66,c:1782377498*14\!AIVDM,1,1,,,15P;GR003Fn:HOnOBQwDo3q60HE?,0*23
\s:66,c:1782377491*1D\!AIVDM,1,1,,,388ep3POh5ER12?ocknH1D0n01r@,0*42
\s:66,c:1782377491*1D\!AIVDM,1,1,,,15NHWj0P@oD>eDtOWE20<:Pp0@@v,0*07
\s:66,c:1782377495*19\!AIVDM,1,1,,,KnSqkh?l`A2S30Dd,0*53
\s:66,c:1782377495*19\!AIVDM,1,1,,,K7mLHVwlLWOnh0Ot,0*66
\s:66,c:1782377499*15\!AIVDM,1,1,,,KomF?ehD8COP10;8,0*78
\s:66,c:1782377500*14\!AIVDM,1,1,,,KnC2rW=AkvR8O0Ot,0*59
\s:66,c:1782377497*1B\!AIVDM,1,1,,,14cM6Q@00URQqnr>wi<n=6lr2hA`,0*4C
\s:66,c:1782377499*15\!AIVDM,1,1,,,388ep3POh4ER12;ockm7t42t00uP,0*00
\s:66,c:1782377480*1D\!AIVDM,1,1,,,34S4Nb0PAQwS<eKu=g4dhbFR2000,0*0E
\s:66,c:1782377497*1B\!AIVDM,1,1,,,15EJMd0uP:0DRsv3EIE0vqk20@D9,0*50
\s:66,c:1782377491*1D\!AIVDM,1,1,,,Km2IrD3:3@4DJRnL,0*3C
\s:66,c:1782377498*14\!AIVDM,1,1,,,13ePWn0vjRn5lnbQb?Msw9W69U3<,0*52
\s:66,c:1782377493*1F\!AIVDM,1,1,,,Kp?O@:<5Ef?WUP@`,0*31
\s:66,c:1782377499*15\!AIVDM,1,1,,,15A@qV03RcG<jgtKtGl5ETDh0<8o,0*32
\s:66,c:1782377494*18\!AIVDM,1,1,,,K7`OAi?nITuCD0Ot,0*29
\s:66,c:1782377494*18\!AIVDM,1,1,,,KqNSkbQFDldkUPF<,0*06
\s:66,c:1782377494*18\!AIVDM,1,1,,,KqmK@89iwHvN?4A@,0*5E
\s:66,c:1782377478*1A\!AIVDM,1,1,,,KqNSE4i@OPgTdP84,0*0C
\s:66,c:1782377492*1E\!AIVDM,1,1,,,KmMmA=1MH`S2t0Dl,0*44
\s:66,c:1782377501*15\!AIVDM,1,1,,,18HuvA002as8QjV:VrI1Gi;:053<,0*52
\s:66,c:1782377497*1B\!AIVDM,1,1,,,KmMV1P8:p5jBmc?4,0*51
\s:66,c:1782377493*1F\!AIVDM,1,1,,,183w0b8000K=RlP64<JIi7:n08AO,0*59
\s:66,c:1782377494*18\!AIVDM,1,1,,,13lOth022r4vRSqnc=m1wAfn0H@c,0*23
\s:66,c:1782377489*14\!AIVDM,1,1,,,KoPF4v05G2tvu0=p,0*6D
\s:66,c:1782377491*1D\!AIVDM,1,1,,,Kp15SGpOuJCeAPEP,0*6E
\s:66,c:1782377491*1D\!AIVDM,1,1,,,KkaN`FP?jI3=EU@@,0*1C
\s:66,c:1782377495*19\!AIVDM,1,1,,,15O@2b?P00E6CkfQ3oHMM?vv0@BU,0*73
\s:66,c:1782377495*19\!AIVDM,1,1,,,KnK2uI@4kqBNv4T@,0*33
\s:66,c:1782377488*15\!AIVDM,1,1,,,B69Kwrh00fWn05uA<qVNswc6SP06,0*63
\s:66,c:1782377488*15\!AIVDM,1,1,,,KmOH`v9LUCR=NP8l,0*16
\s:66,c:1782377497*1B\!AIVDM,1,1,,,KmMV1P8:p5jBmc?4,0*51
\s:66,c:1782377495*19\!AIVDM,1,1,,,K615snAD9V0@i050,0*45
\s:66,c:1782377497*1B\!AIVDM,1,1,,,KmOH`v9LUCR=NP8l,0*16
\s:66,c:1782377495*19\!AIVDM,1,1,,,Kk8kDH9Or=jdb03h,0*26
\s:66,c:1782377495*19\!AIVDM,1,1,,,KoWK9aHOOoPda0@H,0*4D
\s:66,c:1782377497*1B\!AIVDM,1,1,,,KoWK9aHOOoPda0@H,0*4D
\s:66,c:1782377497*1B\!AIVDM,1,1,,,38w:E:TP1KPo04?o@Vt0sgw821t3,0*06
\s:66,c:1782377484*19\!AIVDM,1,1,,,Kn9GHEQD:PQWkP>8,0*75
\s:66,c:1782377484*19\!AIVDM,1,1,,,Ko73S2048@Q6G4et,0*5F
\s:66,c:1782377495*19\!AIVDM,1,1,,,15O2e@gP01DfqNFQDd<8@?w4253<,0*17
\s:66,c:1782377495*19\!AIVDM,1,1,,,15Mo5uPP00nUI8`ObTFbfgw62D0T,0*24
\s:66,c:1782377501*15\!AIVDM,1,1,,,15N3o20P00rnSkNGb>n>4?w828ES,0*5A
\s:66,c:1782377493*1F\!AIVDM,1,1,,,K3tjLlwuOv0pw01L,0*60
\s:66,c:1782377497*1B\!AIVDM,1,1,,,19N`3lhOiF46a9kkU1KRCitv0D01,0*6C
\g:1-2-5199125,s:66,c:1782377496*5A\!AIVDM,2,1,5,,59MVOh42Dg94HU<R220JuJ0<520dE9<4TqB2220N4@I5751f0?1RDj2C,0*11
\g:2-2-5199125*6F\!AIVDM,2,2,5,,Qp4i@H54R@C8880,2*7C
\s:66,c:1782377500*14\!AIVDM,1,1,,,1779D;001n1=?S=e4RQtKJ74053<,0*3C
\s:66,c:1782377488*15\!AIVDM,1,1,,,KqNSO9H<qmPVk5jT,0*38
\s:66,c:1782377493*1F\!AIVDM,1,1,,,ENoI2V0ShIHqq@30a7h4aV0h37Qe68b;vPVG`00003eP00@,2*76
\s:66,c:1782377486*1B\!AIVDM,1,1,,,KmNNSFaLe=j<1P7<,0*1D
\s:66,c:1782377497*1B\!AIVDM,1,1,,,KmO9Bt=Lf=R9e0:d,0*4B
\s:66,c:1782377478*1A\!AIVDM,1,1,,,19NSvE001mOuvCKrw@ALeb<N00SQ,0*66
\s:66,c:1782377487*1A\!AIVDM,1,1,,,Kp15c100:Bh@rV7P,0*19
\s:66,c:1782377497*1B\!AIVDM,1,1,,,19k8ml?P00PP9?f2gSE>4?w228Cu,0*3D
\s:66,c:1782377499*15\!AIVDM,1,1,,,1815c10w1q0D7AN24934dSk:00S@,0*3E
\s:66,c:1782377501*15\!AIVDM,1,1,,,KlQnRH9M<Pjp4PC<,0*7C
\s:66,c:1782377493*1F\!AIVDM,1,1,,,KoOmHe3n=DfSj30D,0*70
\s:66,c:1782377499*15\!AIVDM,1,1,,,KmN24dTsc;2N>P?p,0*4F
\s:66,c:1782377496*1A\!AIVDM,1,1,,,C>p?r<@0457LqbO71DLkOwh04acQcKQk1111111111fd0040PPRP,0*39
\s:66,c:1782377489*14\!AIVDM,1,1,,,B7OnTVP07Bg6@0t4CDb8?we1h8?H,0*23
\s:66,c:1782377489*14\!AIVDM,1,1,,,KoOmHe3n=DfSj30D,0*70
\s:66,c:1782377495*19\!AIVDM,1,1,,,KqNSr`@5ck2uVaA8,0*26
\s:66,c:1782377492*1E\!AIVDM,1,1,,,18Hv65001qpHw=B:S6;U;l0h08A5,0*61
\s:66,c:1782377497*1B\!AIVDM,1,1,,,KmNgM<;<dKBlP0AH,0*76
\s:66,c:1782377497*1B\!AIVDM,1,1,,,KmO;ka3<baB;1P:T,0*45
\s:66,c:1782377498*14\!AIVDM,1,1,,,KmN24dTsc;2N>P?p,0*4F
\s:66,c:1782377497*1B\!AIVDM,1,1,,,KmNNsn0<UBR=MP@0,0*45
\s:66,c:1782377497*1B\!AIVDM,1,1,,,13VR`p01PA0tiwOrwaEW1Us200Sa,0*15
\s:66,c:1782377496*1A\!AIVDM,1,1,,,KmMh3>3uKBC3?0E`,0*7C
\s:66,c:1782377495*19\!AIVDM,1,1,,,B>oimT@00js96@wKc4p5?whTSP06,0*6D
\s:66,c:1782377495*19\!AIVDM,1,1,,,C>oimT@00js96@wKc4p5?whQkkiQSUWQc11111SUMaRd0000002P,0*78
\s:66,c:1782377494*18\!AIVDM,1,1,,,B6<frRh0CQ>hgnKNBt2aOwg5kP06,0*4B
\s:66,c:1782377492*1E\!AIVDM,1,1,,,19NWrEh00DdR81uc2dTjLJFt253<,0*10
\s:66,c:1782377499*15\!AIVDM,1,1,,,17`Bb3P001<ftA?aogbSp7Fv0L08,0*78
\s:66,c:1782377498*14\!AIVDM,1,1,,,15OB1n700NkKE;2Qo2?kB2g400SO,0*43
\s:66,c:1782377500*14\!AIVDM,1,1,,,1774IE00292ERqEeB30aVGc00<09,0*76
\s:66,c:1782377493*1F\!AIVDM,1,1,,,Kkn3@>1M6pgIL0D8,0*70
\s:66,c:1782377493*1F\!AIVDM,1,1,,,Kp15LvP<kj?MvUjD,0*70
\s:66,c:1782377498*14\!AIVDM,1,1,,,169L0e@006JO<gQm8p66tDS2053<,0*47
\s:66,c:1782377499*15\!AIVDM,1,1,,,C3WAboh01MbgDwr`2JL:?TN0@V9JL:aKeQ:00000000000D2RRR0,0*04
\s:66,c:1782377493*1F\!AIVDM,1,1,,,Km?dLMP:`fChEVV@,0*59
\s:66,c:1782377498*14\!AIVDM,1,1,,,KmN`tqULdV28OPF8,0*2A
\s:66,c:1782377495*19\!AIVDM,1,1,,,Kolj=d?lF0?WPQV@,0*46
\s:66,c:1782377500*14\!AIVDM,1,1,,,Kl58?==Dm9S:40Ot,0*34
\s:66,c:1782377489*14\!AIVDM,1,1,,,C3go38001=bRWwrWR8hKkTN0P`UieKQSKeQ:0000000000D2RRR0,0*54
\s:66,c:1782377495*19\!AIVDM,1,1,,,15T1:0001fuvoF25gQ=GknDr0L00,0*75
\s:66,c:1782377480*1D\!AIVDM,1,1,,,199Fi<@P07Pe2JP1V;?h5gvT20Ra,0*05
\s:66,c:1782377487*1A\!AIVDM,1,1,,,KkV=Ad00Jdv`S5:D,0*29
\s:66,c:1782377494*18\!AIVDM,1,1,,,19NS>bP00:0@I`qwIsh:S2u40@CS,0*33
\s:66,c:1782377499*15\!AIVDM,1,1,,,132iPv9010OqrEiviSf5Hko>0@FL,0*67
\s:66,c:1782377483*1E\!AIVDM,1,1,,,Kp15Rv0<w@LIQV80,0*4D
\s:66,c:1782377483*1E\!AIVDM,1,1,,,KrLR3Kd=f3M:;POt,0*13
\s:66,c:1782377495*19\!AIVDM,1,1,,,Kom:66dCej@7r0D<,0*71
\s:66,c:1782377491*1D\!AIVDM,1,1,,,35MjHB1P03nLjMjPi9O4:?vn2DwJ,0*6C
\s:66,c:1782377492*1E\!AIVDM,1,1,,,Km3BsWIM4>ArP0:0,0*43
\s:66,c:1782377501*15\!AIVDM,1,1,,,KmO7F;?uJ4S:3POt,0*41
\s:66,c:1782377492*1E\!AIVDM,1,1,,,KkGRm9<@2QkWgPOt,0*29
\s:66,c:1782377497*1B\!AIVDM,1,1,,,19NSuQ@01inUbGdJkvHTHSO408DO,0*2C
\s:66,c:1782377494*18\!AIVDM,1,1,,,13AP1B002b4:Nc1l=ClI;W>p0@@R,0*32
\s:66,c:1782377490*1C\!AIVDM,1,1,,,Kl4ceWdOG;AM92Dp,0*41
\s:66,c:1782377493*1F\!AIVDM,1,1,,,KqNSsv5@30@LiP6H,0*78
\s:66,c:1782377497*1B\!AIVDM,1,1,,,Kks=5Sd?WoBnkR8h,0*49
\s:66,c:1782377480*1D\!AIVDM,1,1,,,15SfFp003?0K5I7oObR5BlBT0?wv,0*4F
\s:66,c:1782377494*18\!AIVDM,1,1,,,19NSsu@01e0<Wrqmja`<P:4t0<02,0*16
\s:66,c:1782377491*1D\!AIVDM,1,1,,,B5OIRS0005`P5A84th2rnUd1VDf:,0*26
\s:66,c:1782377499*15\!AIVDM,1,1,,,19NS?SP01JGBw3f=do8lH3G:0D05,0*37
\g:1-2-5199126,s:66,c:1782377494*5B\!AIVDM,2,1,6,,57fda@42CN<pGEG;KODDp<u8F22222222222220T20L2840Ht0000000,0*13
\g:2-2-5199126*6C\!AIVDM,2,2,6,,000000000000000,2*63
\s:66,c:1782377494*18\!AIVDM,1,1,,,C=@oME002AT2;gsUT>8Lpdv0`2BhB2L?cKU1ik:0000000411R2P,0*26
\s:66,c:1782377486*1B\!AIVDM,1,1,,,35N0I50PB2o5ATHK8Q?6>Dtf00q1,0*77
\s:66,c:1782377493*1F\!AIVDM,1,1,,,KmNbl:;<PqB;K03p,0*5C
\s:66,c:1782377499*15\!AIVDM,1,1,,,Kolk5W0DO5wfCP80,0*22
\s:66,c:1782377500*14\!AIVDM,1,1,,,Kqc526026a1mJU7@,0*6E
\s:66,c:1782377497*1B\!AIVDM,1,1,,,KpR?RvPAjaR2;03P,0*07
\s:66,c:1782377499*15\!AIVDM,1,1,,,Kn:8>lP41A1Eo0Ot,0*16
\s:66,c:1782377489*14\!AIVDM,1,1,,,C693ls@02EvRAguU`eh00`v02468;1iS:0000000000000411R2P,0*5F
\s:66,c:1782377486*1B\!AIVDM,1,1,,,KmWNJ:0we9BLoPAL,0*0F
\s:66,c:1782377490*1C\!AIVDM,1,1,,,K3l3og`?FQQGV5;L,0*02
\s:66,c:1782377487*1A\!AIVDM,1,1,,,19jo@K000jPO=@T2Km8JNHHf0D15,0*33
\s:66,c:1782377494*18\!AIVDM,1,1,,,19NSHg@000009`f3:ipSm5Q000SI,0*72
\s:66,c:1782377491*1D\!AIVDM,1,1,,,15N7;O`P01DbS2DQikM>4?vj0<0M,0*1A
\s:66,c:1782377493*1F\!AIVDM,1,1,,,Kp15WhiER`v@<P00,0*23
\s:66,c:1782377494*18\!AIVDM,1,1,,,C>l71E0022o:jQrn>VCQCwdQkkaSecQge111111111dd0040PPRP,0*6C
\s:66,c:1782377494*18\!AIVDM,1,1,,,H6<kVG4N80000;M29jmko038O63@,0*52
\s:66,c:1782377495*19\!AIVDM,1,1,,,K5Cpcp04eHRQtWgD,0*13
\s:66,c:1782377494*18\!AIVDM,1,1,,,17OddWh00e`=fFOkg>jec:pp00So,0*1E
\s:66,c:1782377492*1E\!AIVDM,1,1,,,13l3nr@01h1OsvOd0jMaw`4v053<,0*76
\s:66,c:1782377489*14\!AIVDM,1,1,,,13FBFh8P1Dq@599t7BE<Hwvf28=k,0*5D
\s:66,c:1782377500*14\!AIVDM,1,1,,,14`9OL001h1?k<OdLPncfIK60<0M,0*21
\s:66,c:1782377493*1F\!AIVDM,1,1,,,369L0=?Oh9JNQi1m=EqHJl:n00rA,0*5B
\s:66,c:1782377497*1B\!AIVDM,1,1,,,KmO5VR9LSij;lP04,0*19
\s:66,c:1782377497*1B\!AIVDM,1,1,,,KmOE@Bc<i8RK52ET,0*48
\s:66,c:1782377498*14\!AIVDM,1,1,,,KmO7I;`<Q7j;WP2<,0*29
\s:66,c:1782377495*19\!AIVDM,1,1,,,Kolcj0d4>gweQ2l4,0*36
\s:66,c:1782377499*15\!AIVDM,1,1,,,B819EP@0BEFajvMN`0fLOwgQj181,0*69
\s:66,c:1782377499*15\!AIVDM,1,1,,,C3i<R6h0;umRdOr`F;5g7TN0TAcSSKQaKka:0000000000D2RRR0,0*66
\s:66,c:1782377495*19\!AIVDM,1,1,,,1>eL5r?P00O2LCv?NEsf4?w00@Bn,0*5C
\s:66,c:1782377478*1A\!AIVDM,1,1,,,Kqjfkk80C:PCTRRP,0*37
\s:66,c:1782377493*1F\!AIVDM,1,1,,,KqN`3SQMHKMVI08P,0*06
\s:66,c:1782377491*1D\!AIVDM,1,1,,,15O7<@0000nK4s<PUKwQfpBh0<02,0*63
\s:66,c:1782377494*18\!AIVDM,1,1,,,1;23g`0026u`:?OtQ85osnG22<05,0*14
\s:66,c:1782377499*15\!AIVDM,1,1,,,C6:;=QP0Am2gjCv<IH6M7wv0DBLj2L?iQj0000000000?1@81QPP,0*5C
\s:66,c:1782377491*1D\!AIVDM,1,1,,,KkivPf1@723iO1hH,0*1E
\s:66,c:1782377499*15\!AIVDM,1,1,,,1773uw001o1CoIGd9JrK88lh08E`,0*2D
\s:66,c:1782377493*1F\!AIVDM,1,1,,,1:kJm@P001ruOhijjF<VJ1fp0<0L,0*79
\s:66,c:1782377495*19\!AIVDM,1,1,,,KoOgKC3n`>6bTOwv,0*2E
\s:66,c:1782377496*1A\!AIVDM,1,1,,,KoqHfP1Awciiv0@T,0*7A
\s:66,c:1782377500*14\!AIVDM,1,1,,,Kn:EpaQDJM1wR05H,0*67
\s:66,c:1782377489*14\!AIVDM,1,1,,,B69D;<@0<EwdrLMb<lOA3wv63P06,0*5D
\s:66,c:1782377491*1D\!AIVDM,1,1,,,Km?dg;00wgeP`64D,0*45
\s:66,c:1782377488*15\!AIVDM,1,1,,,3:u0OfhP@1qO1m3wb1Mm0D0d019P,0*56
\s:66,c:1782377493*1F\!AIVDM,1,1,,,14SE940uh3rCi;6587E<t:E02@BF,0*3C
\s:66,c:1782377488*15\!AIVDM,1,1,,,KnSc0T0K``ROl0<p,0*60
\s:66,c:1782377493*1F\!AIVDM,1,1,,,KmN9bh0<g<j>C02p,0*0E
\s:66,c:1782377497*1B\!AIVDM,1,1,,,Kk=i4D0:QHRm?8BL,0*46
\s:66,c:1782377499*15\!AIVDM,1,1,,,Kn:LOl03s2wmoVF0,0*00
\s:66,c:1782377500*14\!AIVDM,1,1,,,KqAD6nQAKiiTa05<,0*57
\s:66,c:1782377500*14\!AIVDM,1,1,,,Kn?Ugld2gFPt`06p,0*66
\s:66,c:1782377497*1B\!AIVDM,1,1,,,KmN9bh0<g<j>C02p,0*0E
\s:66,c:1782377490*1C\!AIVDM,1,1,,,Km?dbDADFqRolP0h,0*57
\s:66,c:1782377497*1B\!AIVDM,1,1,,,KmNGcF`<LAB2V06T,0*48
\s:66,c:1782377497*1B\!AIVDM,1,1,,,35U`7n1000S3A>T8fl1E:`e00E1:,0*70
\s:66,c:1782377489*14\!AIVDM,1,1,,,C3i<QAh0?eeTq?rW:bD1oTN0P`UWQSKQaKgi:000000000D2RRR0,0*72
\s:66,c:1782377495*19\!AIVDM,1,1,,,KqNSQc@?o8ja<VTd,0*0B
\s:66,c:1782377480*1D\!AIVDM,1,1,,,199A3<@P00PdAs>2CPGN4?vT253<,0*39
\s:66,c:1782377497*1B\!AIVDM,1,1,,,15Wlgn0P@8PmUR3sVkQtTWg00HDL,0*0F
\s:66,c:1782377500*14\!AIVDM,1,1,,,KkktqD0NCMN>FPBt,0*4D
\s:66,c:1782377495*19\!AIVDM,1,1,,,K6:RfwP4@VAb@PSH,0*39
\s:66,c:1782377497*1B\!AIVDM,1,1,,,Kn:>p=P4GRBk>P1t,0*78
\s:66,c:1782377491*1D\!AIVDM,1,1,,,15NUuEPP1:DFI6LTo?j44?vp00SM,0*3B
\s:66,c:1782377498*14\!AIVDM,1,1,,,15NUuEPP1:DFIDLTo?PT;Ow<053<,0*35
\s:66,c:1782377493*1F\!AIVDM,1,1,,,Kk:t:<85S3foV5;p,0*43
\s:66,c:1782377497*1B\!AIVDM,1,1,,,14eHos@P00o=cl2L:TOP0?w42HD<,0*5F
\s:66,c:1782377497*1B\!AIVDM,1,1,,,KmO;FsQKQSSPw0BL,0*52
\s:66,c:1782377497*1B\!AIVDM,1,1,,,KqNSmULAB>NReP>d,0*7A
\s:66,c:1782377489*14\!AIVDM,1,1,,,Kk:t:<85S3foV5;p,0*43
\s:66,c:1782377491*1D\!AIVDM,1,1,,,15N8@r32P0:BD2EafkA4>VTn00SD,0*51
\s:66,c:1782377489*14\!AIVDM,1,1,,,KqN`1N0<UiPue9jH,0*67
\s:66,c:1782377492*1E\!AIVDM,1,1,,,K9NSq1p;uviat65`,0*1F
\s:66,c:1782377492*1E\!AIVDM,1,1,,,Km>iJT1L6Uide0Ad,0*6B
\s:66,c:1782377493*1F\!AIVDM,1,1,,,1815PpPujMOC:U3lvOdKm9Jr0HB1,0*05
\s:66,c:1782377495*19\!AIVDM,1,1,,,KkktqD0NCMN>FPBt,0*4D
\s:66,c:1782377493*1F\!AIVDM,1,1,,,Kkl3r5iM;<O7PPDl,0*2C
\s:66,c:1782377497*1B\!AIVDM,1,1,,,KmO;FsQKQSSPw0BL,0*52
\s:66,c:1782377497*1B\!AIVDM,1,1,,,17pbIb0P280I;Qr37<t1;?w408D7,0*12
\s:66,c:1782377492*1E\!AIVDM,1,1,,,KmNKr6<=4:Api0;@,0*1C
\s:66,c:1782377496*1A\!AIVDM,1,1,,,Kp15`?iMIqkRT0B4,0*30
\s:66,c:1782377495*19\!AIVDM,1,1,,,KoOpSQ=EVuewSP8<,0*30
\s:66,c:1782377492*1E\!AIVDM,1,1,,,Kn9sGF00TAjbh7Ud,0*7A
\s:66,c:1782377491*1D\!AIVDM,1,1,,,1819A00r1qm8rbGmqtnbN8Dp053<,0*3B
\s:66,c:1782377489*14\!AIVDM,1,1,,,17`BCQ0P1g<PLBwbwH2H@wvj00SB,0*6F
\s:66,c:1782377488*15\!AIVDM,1,1,,,KmPm<CEKPE3OhP=T,0*35
\s:66,c:1782377490*1C\!AIVDM,1,1,,,Km?db:h5:@CTdPQt,0*63
\s:66,c:1782377500*14\!AIVDM,1,1,,,K44ckIdDlpk:7030,0*04
\s:66,c:1782377483*1E\!AIVDM,1,1,,,169A97GP1NNlQen=EFv8>wwp1U3<,0*53
\s:66,c:1782377480*1D\!AIVDM,1,1,,,16::<rSOh:004OH3>?le15:R08:?,0*09
\s:66,c:1782377487*1A\!AIVDM,1,1,,,15W1n200020akIJ2Bgm8I6Vn00RG,0*72
\s:66,c:1782377495*19\!AIVDM,1,1,,,Kp15a>04=rQWV`UT,0*7D
\s:66,c:1782377495*19\!AIVDM,1,1,,,Kn9a@Q<CvOAT@POt,0*73
\s:66,c:1782377494*18\!AIVDM,1,1,,,KmNGb;`;PVSSKP@P,0*47
\s:66,c:1782377498*14\!AIVDM,1,1,,,14eGvQWP00ncRt<O1oWf4?w62<0a,0*42
\s:66,c:1782377496*1A\!AIVDM,1,1,,,13b:t40ujdrlLihEoLkIFWQp0<0b,0*4F
\s:66,c:1782377493*1F\!AIVDM,1,1,,,KmNGb;`;PVSSKP@P,0*47
\s:66,c:1782377497*1B\!AIVDM,1,1,,,177KI=0wj4nLO1J@FiP4t3w60@D`,0*3F
\s:66,c:1782377493*1F\!AIVDM,1,1,,,KmCIw2<=5W@ah0Bl,0*3A
\s:66,c:1782377498*14\!AIVDM,1,1,,,16K4m`5OhtGQ;smqd:Li=18v0HEA,0*73
\s:66,c:1782377495*19\!AIVDM,1,1,,,K6vL1H84PgAwd2cl,0*0D
\s:66,c:1782377489*14\!AIVDM,1,1,,,18I1P30w1tHBcn4=S7fDhCfj08@6,0*66
\s:66,c:1782377488*15\!AIVDM,1,1,,,15@jDT001eJ2WS3s@SCsgILf08=I,0*6A
\s:66,c:1782377498*14\!AIVDM,1,1,,,Kp15?VpM4=giO09T,0*19
\s:66,c:1782377486*1B\!AIVDM,1,1,,,KmMw5cW<Q<2;c0;`,0*2A
\s:66,c:1782377493*1F\!AIVDM,1,1,,,KmNGb;`;PVSSKP@P,0*47
\s:66,c:1782377500*14\!AIVDM,1,1,,,KnSfmJ?lbmjLsQR0,0*6A
\s:66,c:1782377489*14\!AIVDM,1,1,,,K7`OAi?nITuCD0Ot,0*29
\s:66,c:1782377489*14\!AIVDM,1,1,,,176t0>001G:nbmMdk;O`Nndl0@?R,0*63
\s:66,c:1782377489*14\!AIVDM,1,1,,,KqNSkbQFDldkUPF<,0*06
\s:66,c:1782377494*18\!AIVDM,1,1,,,C19Jv@h00aJa7=KH6lQpcwP0HTjkigkKgSKee;11111000000020,0*00
\s:66,c:1782377492*1E\!AIVDM,1,1,,,1815aMh01DC=0qAWd3hD<3=00D00,0*4F
\s:66,c:1782377491*1D\!AIVDM,1,1,,,Kk3i<eQ@:GSk=03l,0*42
\s:66,c:1782377491*1D\!AIVDM,1,1,,,Km2IrD3:3@4DJRnL,0*3C
\s:66,c:1782377498*14\!AIVDM,1,1,,,13ePWn0vjRn5lpnQb?G;vaW49d01,0*66
\s:66,c:1782377498*14\!AIVDM,1,1,,,K5Nv@JQJa0TNPP3`,0*28
\s:66,c:1782377493*1F\!AIVDM,1,1,,,34S4Nb001SwS<`Wu=gwdirFn20E0,0*1E
\s:66,c:1782377498*14\!AIVDM,1,1,,,15?@7J0P0RJ<QpAn8aB:goK008DR,0*57
\s:66,c:1782377488*15\!AIVDM,1,1,,,14eHNpPP00o<EndL=>pqN?vl2D5`,0*6B
\s:66,c:1782377498*14\!AIVDM,1,1,,,KmNBFs5LKS22IP?8,0*07
\s:66,c:1782377498*14\!AIVDM,1,1,,,KmMwjGS<b@j>WP8D,0*34
\s:66,c:1782377495*19\!AIVDM,1,1,,,Kp?O@:<5Ef?WUP@`,0*31
\s:66,c:1782377500*14\!AIVDM,1,1,,,KnK3WLADhH2IP00p,0*5F
\s:66,c:1782377495*19\!AIVDM,1,1,,,Kl`V3a0?8F0L=VW4,0*21
\s:66,c:1782377497*1B\!AIVDM,1,1,,,17WK7M001nMon5n1ES9p=V9600Sc,0*75
\s:66,c:1782377497*1B\!AIVDM,1,1,,,KlwIUf0>so1oU6?L,0*11
\s:66,c:1782377478*1A\!AIVDM,1,1,,,KqNSt10?PV@Kl6kt,0*42
\s:66,c:1782377480*1D\!AIVDM,1,1,,,13cn3s0wh>02?iJ2R2Rf3`JP00T6,0*6A
\s:66,c:1782377484*19\!AIVDM,1,1,,,19NSmD@0020olLatrJ1V7:0d0@<k,0*62
\s:66,c:1782377489*14\!AIVDM,1,1,,,198Vf>e0010doGv1c2S>408r0@AB,0*37
\s:66,c:1782377484*19\!AIVDM,1,1,,,Kn<fuPh4IfAbrP=<,0*4E
\s:66,c:1782377487*1A\!AIVDM,1,1,,,Km?d`qp3Vq0GO6C`,0*42
\s:66,c:1782377496*1A\!AIVDM,1,1,,,Kl`V0Qp=IAANVa7l,0*31
\s:66,c:1782377501*15\!AIVDM,1,1,,,13=;N40uiJsW4s0KTFsT`Scp0<03,0*7D
\s:66,c:1782377493*1F\!AIVDM,1,1,,,Kl`V0Qp=IAANVa7l,0*31
\s:66,c:1782377491*1D\!AIVDM,1,1,,,KlhN<k0@30Bn=PBH,0*09
\s:66,c:1782377486*1B\!AIVDM,1,1,,,Kl`V0<<Lc>R<cP?h,0*5D
\s:66,c:1782377488*15\!AIVDM,1,1,,,KkImHm8LQ4R7BPF@,0*26
\s:66,c:1782377499*15\!AIVDM,1,1,,,I8;=`o2GlOW2D1LqhebbC0=8I7>9,0*66
\s:66,c:1782377499*15\!AIVDM,1,1,,,KoOddOAEKMfR90>`,0*22
\s:66,c:1782377490*1C\!AIVDM,1,1,,,15?deI@00`O3HNV4oJfkeS0l0<1@,0*13
\s:66,c:1782377495*19\!AIVDM,1,1,,,19pQd87P00vh=Kn8Ic;v4?w42HCw,0*2A
\s:66,c:1782377495*19\!AIVDM,1,1,,,KkmUu>0>Dc@;=VC<,0*72
\s:66,c:1782377497*1B\!AIVDM,1,1,,,18I>j30wBsvm=nr5?H6t`r;00@DV,0*77
\s:66,c:1782377494*18\!AIVDM,1,1,,,15N17;?P00Di<@bQV=><Ogw200Re,0*2E
\s:66,c:1782377494*18\!AIVDM,1,1,,,15NElhPP00E6D?0Q3r7eb?vv053<,0*41
\s:66,c:1782377494*18\!AIVDM,1,1,,,15AUiR00204DG?UnGMMQ<14b08B1,0*4B
\s:66,c:1782377495*19\!AIVDM,1,1,,,KkmUu>0>Dc@;=VC<,0*72
\s:66,c:1782377493*1F\!AIVDM,1,1,,,Kru0QpR=2GOma0B8,0*29
\s:66,c:1782377497*1B\!AIVDM,1,1,,,Kp15ONALPk2;E03t,0*54
\s:66,c:1782377490*1C\!AIVDM,1,1,,,13ANWL00jULdhq83>;GDdChR00SK,0*77
\s:66,c:1782377495*19\!AIVDM,1,1,,,34RrQt001kNfm=B:Le4oAmdv0000,0*73
\s:66,c:1782377488*15\!AIVDM,1,1,,,Ks@6GF<=n>=w`QRl,0*3C
\s:66,c:1782377488*15\!AIVDM,1,1,,,1;@6GF0P0NsjprKhE7nikgvn2<0s,0*10
\s:66,c:1782377495*19\!AIVDM,1,1,,,KpIw5n0D>90HWP80,0*3D
\s:66,c:1782377495*19\!AIVDM,1,1,,,Kn:D8MPD9SQVHP<d,0*70
\s:66,c:1782377494*18\!AIVDM,1,1,,,35NJSJPOhIFQw>bPCqITeka200pA,0*6D
\s:66,c:1782377492*1E\!AIVDM,1,1,,,KkaFp28=f@RsV5?t,0*08
\s:66,c:1782377496*1A\!AIVDM,1,1,,,15Mnn6P3PoKJ1D0C7BN13@s6053<,0*75
\s:66,c:1782377493*1F\!AIVDM,1,1,,,14`V:w022A:HuVMuvf5d1ILh0H>l,0*36
\g:1-2-5199127,s:66,c:1782377493*5D\!AIVDM,2,1,7,,54QTN881f6RIL@?CW?Tl58f0T00000000000000N10I734Id0:1RDj2C,0*61
\g:2-2-5199127*6D\!AIVDM,2,2,7,,Qh0000000000000,2*5B
\s:66,c:1782377494*18\!AIVDM,1,1,,,H7`BCblN65340FUJ=llhiP0P@340,0*2F
\s:66,c:1782377494*18\!AIVDM,1,1,,,34`V2DU000<P69I`H@6bQEDr0DTr,0*23
\s:66,c:1782377498*14\!AIVDM,1,1,,,19NSG7h02?E=Muan89MaFoQ20D02,0*09
\s:66,c:1782377489*14\!AIVDM,1,1,,,KpI6aF0F9dMowP<h,0*7E
\s:66,c:1782377492*1E\!AIVDM,1,1,,,KpI6aF0F9dMowP<h,0*7E
\s:66,c:1782377495*19\!AIVDM,1,1,,,352VK6?P@Sl<:@DOJkJKn8br0000,0*43
\s:66,c:1782377495*19\!AIVDM,1,1,,,KkiW<R1Nf2gHhPB@,0*29
\s:66,c:1782377493*1F\!AIVDM,1,1,,,35SaFT0t1t0VR3Edq3KdvJBt01e0,0*55
\s:66,c:1782377499*15\!AIVDM,1,1,,,KoliU6eDCEOsR158,0*50
\s:66,c:1782377494*18\!AIVDM,1,1,,,18Jueb0uQi4=?owlQ8H9FGDt0<0<,0*40
\s:66,c:1782377491*1D\!AIVDM,1,1,,,15?dhI00Qw9oKMKcmGdqdGjn053<,0*55
\s:66,c:1782377493*1F\!AIVDM,1,1,,,15?dPRh1itu:a2ck2AiH?6bp0D1B,0*24
\s:66,c:1782377495*19\!AIVDM,1,1,,,133VSP022ON?wm;pmDQt0abv853<,0*17
\s:66,c:1782377491*1D\!AIVDM,1,1,,,13:Irj001r21ht7dseIQV1Pl0@?D,0*5F
\s:66,c:1782377500*14\!AIVDM,1,1,,,19NSrAhvj62=0>meKnFak7m40<0@,0*71
\s:66,c:1782377488*15\!AIVDM,1,1,,,138Ov6001jJIk6eeKW5=o;4J0<00,0*65
\s:66,c:1782377500*14\!AIVDM,1,1,,,Kn?UnfhC;HANKP7D,0*1F
\s:66,c:1782377490*1C\!AIVDM,1,1,,,Kn:<>O04JcjrT0;P,0*0F
\s:66,c:1782377499*15\!AIVDM,1,1,,,Kn:Jc3P40EQSfS@@,0*44
\s:66,c:1782377483*1E\!AIVDM,1,1,,,19NShJ001ou4uejEeBbD233p1h3?,0*66
\s:66,c:1782377483*1E\!AIVDM,1,1,,,KqNSlt0OcOBK:P50,0*6D
\s:66,c:1782377480*1D\!AIVDM,1,1,,,Kp15S9@0LUOVgPD<,0*0D
\s:66,c:1782377487*1A\!AIVDM,1,1,,,K9NSHb`0Jq?aQ0`4,0*22
\s:66,c:1782377487*1A\!AIVDM,1,1,,,Kqjli30@7t0Mhk7l,0*17
\s:66,c:1782377497*1B\!AIVDM,1,1,,,Km?0;p00EF?2?UmD,0*48
\s:66,c:1782377499*15\!AIVDM,1,1,,,19NSHbPOh:PlQcQu@D94wD5808Er,0*37
\s:66,c:1782377492*1E\!AIVDM,1,1,,,Kk8uPf0Mgh1;u0=8,0*04
\s:66,c:1782377496*1A\!AIVDM,1,1,,,KmC?;`0=ElA4aUAt,0*36
\s:66,c:1782377495*19\!AIVDM,1,1,,,19NSn1@01o;?W`eusGimBTC00<00,0*79
\s:66,c:1782377499*15\!AIVDM,1,1,,,KmO1FF9KOFSSo0?T,0*70
\s:66,c:1782377493*1F\!AIVDM,1,1,,,Kk8uPf0Mgh1;u0=8,0*04
\s:66,c:1782377493*1F\!AIVDM,1,1,,,KmC?;`0=ElA4aUAt,0*36
\s:66,c:1782377491*1D\!AIVDM,1,1,,,17P5wc0000:P76;`Lw78NSht0<05,0*1C
\s:66,c:1782377498*14\!AIVDM,1,1,,,15O:SGPP00lKWsvRirhf4?w628Du,0*41
\s:66,c:1782377495*19\!AIVDM,1,1,,,Kn:69dd4Jq2F1S@<,0*12
\s:66,c:1782377498*14\!AIVDM,1,1,,,18I8vT01B6JKtr=ke3Ae`bq60D00,0*5A
\s:66,c:1782377496*1A\!AIVDM,1,1,,,Kq@>kH<B1FAo604t,0*61
\s:66,c:1782377500*14\!AIVDM,1,1,,,K8RJ6k3jr9PMrVj4,0*24
\s:66,c:1782377497*1B\!AIVDM,1,1,,,KmOA7wc<QJB;12b8,0*6B
\s:66,c:1782377497*1B\!AIVDM,1,1,,,Kq@>kH<B1FAo604t,0*61
\s:66,c:1782377493*1F\!AIVDM,1,1,,,19NSN@002jNiI1:<wf1VWmBr0PS9,0*0B
\s:66,c:1782377480*1D\!AIVDM,1,1,,,19NSmL@004ObUk02pF73;2TT0p:6,0*41
\s:66,c:1782377491*1D\!AIVDM,1,1,,,KmOH6L;s1uDAb0<p,0*2B
\s:66,c:1782377498*14\!AIVDM,1,1,,,14eGv`700GKbv38PW;Q6eUo<053<,0*40
\s:66,c:1782377492*1E\!AIVDM,1,1,,,KmOEP71M=8jdl03p,0*44
\s:66,c:1782377501*15\!AIVDM,1,1,,,KleJa`wu`FkOkPOt,0*6E
\s:66,c:1782377493*1F\!AIVDM,1,1,,,16TO<J0vAl;02=7lFMV=Sbvd053<,0*70
\s:66,c:1782377497*1B\!AIVDM,1,1,,,177;b;002`m2GulIM8;;JI6<053<,0*58
\s:66,c:1782377489*14\!AIVDM,1,1,,,16TO<J0vAl;02=7lFMV=Sbvd053<,0*70
\s:66,c:1782377491*1D\!AIVDM,1,1,,,19NSSq@1j4;1eIIgd:2P0h6V0D07,0*00
\s:66,c:1782377489*14\!AIVDM,1,1,,,15CHll0P0:D?l8H0>BBMmPRj08@>,0*55
\s:66,c:1782377499*15\!AIVDM,1,1,,,18u:Cq7t01QCwhKdQ1VjpF3408E;,0*68
\s:66,c:1782377493*1F\!AIVDM,1,1,,,1;DkMj7P02JqGPWmr40v4?vr00Rt,0*3F
\s:66,c:1782377495*19\!AIVDM,1,1,,,KomLFB3l7M?OlPCl,0*20
\s:66,c:1782377500*14\!AIVDM,1,1,,,Kn:;tL04Ka2liSjP,0*0B
\s:66,c:1782377484*19\!AIVDM,1,1,,,1:5aI90P1>PcLSsrlescogv`253<,0*05
\s:66,c:1782377484*19\!AIVDM,1,1,,,KomF@1N4d1h5UQwt,0*6C
\s:66,c:1782377495*19\!AIVDM,1,1,,,KmCR>H0D@5@LFP@T,0*29
\s:66,c:1782377496*1A\!AIVDM,1,1,,,Km3Bt6H=4I1u>0=d,0*69
\s:66,c:1782377501*15\!AIVDM,1,1,,,K9NSVP1MU5QFJ09<,0*7A
\s:66,c:1782377496*1A\!AIVDM,1,1,,,KnTPV@?rQmh@nTV4,0*51
\s:66,c:1782377496*1A\!AIVDM,1,1,,,39Mj`D0Oh1TmO5WSOR3ICHo2012@,0*4D
\s:66,c:1782377496*1A\!AIVDM,1,1,,,B>qFke000A70F4sAVUa2<lv4SP06,0*53
\s:66,c:1782377499*15\!AIVDM,1,1,,,16TVM@0PAdlbpokvvrHrL8G608DI,0*18
\s:66,c:1782377492*1E\!AIVDM,1,1,,,369>Ush00012HkijokpIlwv00000,0*58
\s:66,c:1782377488*15\!AIVDM,1,1,,,1;DjqnhP01rNkuqq6NwHRgvf28>6,0*27
\s:66,c:1782377497*1B\!AIVDM,1,1,,,Km2J=n0<QEB:l1hp,0*4F
\s:66,c:1782377496*1A\!AIVDM,1,1,,,KmQ7CN3iugQlQ0:`,0*64
\s:66,c:1782377500*14\!AIVDM,1,1,,,Kl`Uv@pBsK@L1P0p,0*64
\s:66,c:1782377500*14\!AIVDM,1,1,,,KnSb6Sd4jgRgUP2H,0*01
\s:66,c:1782377497*1B\!AIVDM,1,1,,,Km?dWi0?TqguJWl8,0*55
\s:66,c:1782377484*19\!AIVDM,1,1,,,19wrfg1P000c0Rv2DqVv4?vD2p;o,0*45
\s:66,c:1782377499*15\!AIVDM,1,1,,,Km?dWi0?TqguJWl8,0*55
\s:66,c:1782377495*19\!AIVDM,1,1,,,14eHoKP000FcAjDO4?>j8Ce400Ro,0*46
\s:66,c:1782377492*1E\!AIVDM,1,1,,,14QsFJP00QK75>:6tRfT93Ll0d0=,0*51
\s:66,c:1782377496*1A\!AIVDM,1,1,,,KmN:N:3u<kRkbP@8,0*23
\s:66,c:1782377493*1F\!AIVDM,1,1,,,KoOfAS?mVn>0R0Ot,0*45
\s:66,c:1782377497*1B\!AIVDM,1,1,,,KmOCU>9sMQSA90=D,0*12
\s:66,c:1782377497*1B\!AIVDM,1,1,,,38I2QB030PEJwuV@Vnr<Lro202l1,0*36
\s:66,c:1782377498*14\!AIVDM,1,1,,,C693naP0EEblAgurBFAk8jN02468;SQQ:0000000000000411R2P,0*34
\s:66,c:1782377491*1D\!AIVDM,1,1,,,KoOfAS?mVn>0R0Ot,0*45
\s:66,c:1782377493*1F\!AIVDM,1,1,,,18;S`B001sNDqiAr8OMd<9ll0D00,0*68
\s:66,c:1782377500*14\!AIVDM,1,1,,,Km?dWi0?TqguJWl8,0*55
\s:66,c:1782377497*1B\!AIVDM,1,1,,,19NS<v002Foq90:=e4iL7ak600SC,0*33
\s:66,c:1782377499*15\!AIVDM,1,1,,,KpLPQp04@BvNFP;P,0*22
\s:66,c:1782377480*1D\!AIVDM,1,1,,,Kkibrl80Ce@CV080,0*11
\s:66,c:1782377494*18\!AIVDM,1,1,,,KqN`2>Q@O6gFlPA@,0*0B
\s:66,c:1782377500*14\!AIVDM,1,1,,,Kkl3nehvKif8uP5p,0*11
\s:66,c:1782377484*19\!AIVDM,1,1,,,Kn:55E`4MER6FSBl,0*3E
\s:66,c:1782377495*19\!AIVDM,1,1,,,Kn:FRVd49WQV2T>h,0*33
\s:66,c:1782377497*1B\!AIVDM,1,1,,,Kn:DbLeDNNB;NP?P,0*3B
\s:66,c:1782377493*1F\!AIVDM,1,1,,,18:bee0P00bpSbguUg8v4?vn2<0B,0*74
\s:66,c:1782377494*18\!AIVDM,1,1,,,H7`B11h<h5Tlu8F222222222220,2*00
\s:66,c:1782377491*1D\!AIVDM,1,1,,,13;5cT00iio;i;r;V62K:q0p0@A<,0*0C
\s:66,c:1782377491*1D\!AIVDM,1,1,,,Kk9Htdd0Cs3Wh0Ot,0*45
\s:66,c:1782377495*19\!AIVDM,1,1,,,Kn;22j9DNFj=:POt,0*60
\s:66,c:1782377492*1E\!AIVDM,1,1,,,KqN`2>Q@O6gFlPA@,0*0B
\s:66,c:1782377495*19\!AIVDM,1,1,,,177jOf01Rp0cvg1doHsrvHk008D2,0*1C
\s:66,c:1782377500*14\!AIVDM,1,1,,,Kkl3nehvKif8uP5p,0*11
\g:1-2-5199128,s:66,c:1782377493*52\!AIVDM,2,1,8,,5:u0KF82B:?lP?G7?609B0H584hhtr222222221@<PD88ucjb030H32@,0*5D
\g:2-2-5199128*62\!AIVDM,2,2,8,,QDU0A7i@m@A3l`0,2*11
\s:66,c:1782377499*15\!AIVDM,1,1,,,Kom@87`DHsgHW0Ed,0*17
\s:66,c:1782377497*1B\!AIVDM,1,1,,,KmO09I?<ibR?v0=L,0*1C
\s:66,c:1782377499*15\!AIVDM,1,1,,,K9NSOgP3wlA?LUDD,0*3F
\s:66,c:1782377493*1F\!AIVDM,1,1,,,Kp15TA<>JB0g`U8t,0*69
\s:66,c:1782377480*1D\!AIVDM,1,1,,,39jj5u8Oh2PO26B1lRVULDNP21wh,0*5F
\s:66,c:1782377493*1F\!AIVDM,1,1,,,KkojU>8vLK>;60C@,0*60
\s:66,c:1782377484*19\!AIVDM,1,1,,,I8;1303c1vJep2SBne2OQVvTmhKB,0*2B
\s:66,c:1782377487*1A\!AIVDM,1,1,,,I8:djr1WSvAdApNskkTv0qnbiBbj,0*76
\s:66,c:1782377495*19\!AIVDM,1,1,,,15NhW=gP00D:hn4Tr3wA1gw20D0;,0*1B
\s:66,c:1782377496*1A\!AIVDM,1,1,,,Kp15TA<>JB0g`U8t,0*69
\s:66,c:1782377496*1A\!AIVDM,1,1,,,KleJ=aP=T0SVuVTl,0*24
\s:66,c:1782377493*1F\!AIVDM,1,1,,,Kp15TA<>JB0g`U8t,0*69
\s:66,c:1782377491*1D\!AIVDM,1,1,,,Kl`UuAh:IdC@@6j4,0*15
\s:66,c:1782377495*19\!AIVDM,1,1,,,18Infd0wRslm<8hL==UK4plr053<,0*42
\s:66,c:1782377493*1F\!AIVDM,1,1,,,KkojU>8vLK>;60C@,0*60
\s:66,c:1782377500*14\!AIVDM,1,1,,,19N`3eh02fNufAkt8Ddt@am>0@FK,0*7B
\s:66,c:1782377500*14\!AIVDM,1,1,,,1815VNP01i2PcgoepJBBAB4D053<,0*65
\s:66,c:1782377486*1B\!AIVDM,1,1,,,Kp15;TpLRA28?P?H,0*0A
\s:66,c:1782377497*1B\!AIVDM,1,1,,,KmO@TJ;<Vn2<C3B<,0*6F
\s:66,c:1782377497*1B\!AIVDM,1,1,,,1778aV001m31tv`84Vb=:bTp053<,0*16
\s:66,c:1782377499*15\!AIVDM,1,1,,,Kn9a@Q<CvOAT@POt,0*73
\s:66,c:1782377495*19\!AIVDM,1,1,,,1815NB0wAVvOrP`8HeeQ40lv00SG,0*66
\s:66,c:1782377495*19\!AIVDM,1,1,,,13drf4022QNPvq>9MumQ20o408D>,0*71
\s:66,c:1782377497*1B\!AIVDM,1,1,,,19NSMw@01KO2N>V3mTLEUTK80HEb,0*37
\s:66,c:1782377499*15\!AIVDM,1,1,,,Kpw:EA?hLr?SM21L,0*12
\s:66,c:1782377493*1F\!AIVDM,1,1,,,Ks@3s60=j5eTt0@t,0*7A
\s:66,c:1782377500*14\!AIVDM,1,1,,,19NS6o@01NJnK7Edu8>UqTq2H53<,0*6F
\s:66,c:1782377491*1D\!AIVDM,1,1,,,B08q`Dh04nrJdD`v5htFlB<0@53<,0*43
\s:66,c:1782377499*15\!AIVDM,1,1,,,KmO<rMP;hG24K5b8,0*6B
\s:66,c:1782377497*1B\!AIVDM,1,1,,,Kko2L:P1m3N8iW?0,0*14
\s:66,c:1782377496*1A\!AIVDM,1,1,,,18I<50300TD`jh7nchb0<0A00<00,0*2E
\s:66,c:1782377498*14\!AIVDM,1,1,,,36LrLv0P@aG0TD3pGb9GnUbv00lA,0*5A
\s:66,c:1782377495*19\!AIVDM,1,1,,,KmNdIJ89kW47H38h,0*7D
\s:66,c:1782377495*19\!AIVDM,1,1,,,Kka6AR01:TuaoTg8,0*1C
\s:66,c:1782377489*14\!AIVDM,1,1,,,3JtvALPOh0qQhSIwdf9:c4>`0000,0*7B
\s:66,c:1782377492*1E\!AIVDM,1,1,,,Km93TW1KuJQijP;<,0*08
\s:66,c:1782377500*14\!AIVDM,1,1,,,Kka6AR01:TuaoTg8,0*1C
\s:66,c:1782377500*14\!AIVDM,1,1,,,Kko2L:P1m3N8iW?0,0*14
\s:66,c:1782377493*1F\!AIVDM,1,1,,,Km93TW1KuJQijP;<,0*08
\s:66,c:1782377498*14\!AIVDM,1,1,,,KmO6=Dc<d7RS@4@0,0*48
\s:66,c:1782377498*14\!AIVDM,1,1,,,KmO<rMP;hG24K5b8,0*6B
\s:66,c:1782377478*1A\!AIVDM,1,1,,,39jceh3P@50FjN<38DoU@40R01n0,0*2D
\s:66,c:1782377493*1F\!AIVDM,1,1,,,KrLQf9suc7LmW4jL,0*2A
\s:66,c:1782377487*1A\!AIVDM,1,1,,,Kp15GkhD8EOP0P;4,0*55
\s:66,c:1782377487*1A\!AIVDM,1,1,,,Kn:5`R047uiU33wt,0*06
\s:66,c:1782377497*1B\!AIVDM,1,1,,,K6:>rh0DIB1qC09`,0*11
\s:66,c:1782377494*18\!AIVDM,1,1,,,15NBf80P00DQ55pP4cocROw02<02,0*69
\s:66,c:1782377493*1F\!AIVDM,1,1,,,15?dRQP02o:uBbh27rCFfERj08>f,0*38
\s:66,c:1782377493*1F\!AIVDM,1,1,,,169Kwt@P0gbcqEiw`gr0Bgvn2H@;,0*04
\s:66,c:1782377495*19\!AIVDM,1,1,,,Km?dRQP5W3hAI9:d,0*1F
\s:66,c:1782377499*15\!AIVDM,1,1,,,KmO8kW8;Q8Ri<P>`,0*69
\s:66,c:1782377494*18\!AIVDM,1,1,,,16K3SV7Ohb6Cc=ihk3RmM4Dr0@AF,0*1A
\s:66,c:1782377491*1D\!AIVDM,1,1,,,H819Dr0vMHUHD00000000000000,2*31
\s:66,c:1782377491*1D\!AIVDM,1,1,,,KkaGG;t0=eSjVPOt,0*05
\s:66,c:1782377494*18\!AIVDM,1,1,,,404kS<Avad`kO`EgS;lmsf7008BH,0*1E
\s:66,c:1782377493*1F\!AIVDM,1,1,,,38uGVh7P@W1Mfb=c0OmcNIg00000,0*17
\s:66,c:1782377493*1F\!AIVDM,1,1,,,18uGVh700`1MfcQc0OfdPIhp08A?,0*74
\s:66,c:1782377493*1F\!AIVDM,1,1,,,18I8Wr000AJ=emcvLPrMW9Df08AQ,0*56
\s:66,c:1782377488*15\!AIVDM,1,1,,,H69D<Ai`PuF11F3D00000000000,2*70
\s:66,c:1782377488*15\!AIVDM,1,1,,,35@`5E@01IrRKt26BK?ITW`h02ti,0*49
\s:66,c:1782377498*14\!AIVDM,1,1,,,KmO8kW8;Q8Ri<P>`,0*69
\s:66,c:1782377483*1E\!AIVDM,1,1,,,Kk8iCN<waJB>UQ78,0*0C
\s:66,c:1782377486*1B\!AIVDM,1,1,,,19NSiw@1jlMQqmBBu<R2:Qhh053<,0*53
\s:66,c:1782377495*19\!AIVDM,1,1,,,1815Vw01ifN4Gs<24?wi3@nv08C4,0*04
\s:66,c:1782377489*14\!AIVDM,1,1,,,KpI9ow7hIKgS?068,0*5C
\s:66,c:1782377493*1F\!AIVDM,1,1,,,Ko70sM0=8f=I4T;4,0*32
\s:66,c:1782377484*19\!AIVDM,1,1,,,K7ldTnd3kPP530Ot,0*18
\s:66,c:1782377495*19\!AIVDM,1,1,,,KoloiDdDDph9:POt,0*79
\s:66,c:1782377492*1E\!AIVDM,1,1,,,15N7q7P000rtOchGhVkk:2Vn2`?i,0*33
\s:66,c:1782377497*1B\!AIVDM,1,1,,,Kp15Vhh:l:R01VAp,0*56
\s:66,c:1782377491*1D\!AIVDM,1,1,,,1815Vhh01uEopNp?`=1s:66,0*57
\s:66,c:1782377498*14\!AIVDM,1,1,,,Kp15Vhh:l:R01VAp,0*56
\s:66,c:1782377489*14\!AIVDM,1,1,,,14`Uthh01j<>iU5iCce6<4tj0HA4,0*42
\s:66,c:1782377492*1E\!AIVDM,1,1,,,176ukn000D<LabSagUU`Q5Pd08?v,0*04
\s:66,c:1782377492*1E\!AIVDM,1,1,,,13EfUd701?02a8cmjSNdSItr0<02,0*2A
\s:66,c:1782377492*1E\!AIVDM,1,1,,,KpI9ow7hIKgS?068,0*5C
\s:66,c:1782377489*14\!AIVDM,1,1,,,1815=3001fH1evd57UPkf2vP08<b,0*75
\s:66,c:1782377495*19\!AIVDM,1,1,,,19NSRFh01eNtSpAdajfCUjjv0Gwv,0*2D
\s:66,c:1782377493*1F\!AIVDM,1,1,,,1815Kw021w2q<cagj?dIVoUh08A=,0*00
\s:66,c:1782377493*1F\!AIVDM,1,1,,,Ko70sM0=8f=I4T;4,0*32
\s:66,c:1782377495*19\!AIVDM,1,1,,,K3ktwO0?8CBgu8h`,0*2C
\s:66,c:1782377484*19\!AIVDM,1,1,,,K39=kd1@7u0N;PD@,0*36
\s:66,c:1782377494*18\!AIVDM,1,1,,,19jvEt?000PQGtr2B:OTVn>p00S<,0*45
\s:66,c:1782377499*15\!AIVDM,1,1,,,Kk8S9>00FuP=dP=@,0*3C
\s:66,c:1782377499*15\!AIVDM,1,1,,,Kqjj@P<0Qw>DM0?h,0*37
\s:66,c:1782377496*1A\!AIVDM,1,1,,,K3ktwO0?8CBgu8h`,0*2C
\s:66,c:1782377493*1F\!AIVDM,1,1,,,15NwCGPP01DeEtd<<2J@HOvt0D12,0*61
\s:66,c:1782377496*1A\!AIVDM,1,1,,,16THE8?000DdwiB<=u2002br0<2q,0*59
\s:66,c:1782377499*15\!AIVDM,1,1,,,169>KvPP0rdC5@enQBM71?w:28GF,0*60
\s:66,c:1782377495*19\!AIVDM,1,1,,,15O6U<0Ohskb76bMnEw<equ00PRU,0*66
\s:66,c:1782377495*19\!AIVDM,1,1,,,KnK2mJ@Dg4j3oP<d,0*75
\s:66,c:1782377494*18\!AIVDM,1,1,,,KoOngWSl?3uW;0AL,0*45
\s:66,c:1782377495*19\!AIVDM,1,1,,,18uWvJ0P0SQQ5L5d>:J33ww028CL,0*20
\s:66,c:1782377499*15\!AIVDM,1,1,,,Kqjj@P<0Qw>DM0?h,0*37
\s:66,c:1782377489*14\!AIVDM,1,1,,,E00001nQFrh@@@@@@@@@@@@@@@@<2@5D7w6S000003v0000,2*1D
\s:66,c:1782377492*1E\!AIVDM,1,1,,,16TG4p?00PnM@9<1k6;2b2fj20ST,0*02
\s:66,c:1782377491*1D\!AIVDM,1,1,,,177;dr001p1w0HUdjET1wQ`n0@@D,0*23
\s:66,c:1782377483*1E\!AIVDM,1,1,,,Kkl9O@0=4u?Es4`t,0*78
\s:66,c:1782377498*14\!AIVDM,1,1,,,K5MurhQLdNjlb0Ot,0*63
\s:66,c:1782377498*14\!AIVDM,1,1,,,15O26?0000oRT>pCCUjH1P?600S=,0*41
\s:66,c:1782377496*1A\!AIVDM,1,1,,,Ko0c5`01tU1j`25D,0*1D
\s:66,c:1782377490*1C\!AIVDM,1,1,,,KqNSJVh?Ru@KK6l4,0*02
\s:66,c:1782377497*1B\!AIVDM,1,1,,,Km47N20>KoRN:V5@,0*11
\s:66,c:1782377489*14\!AIVDM,1,1,,,KqNSJVh?Ru@KK6l4,0*02
\s:66,c:1782377500*14\!AIVDM,1,1,,,1;@1cw@P00sovC?iQ>9N4?w<2@FF,0*4D
\s:66,c:1782377496*1A\!AIVDM,1,1,,,KmO>B09MDFRlfRS0,0*5D
\s:66,c:1782377496*1A\!AIVDM,1,1,,,Km47N20>KoRN:V5@,0*11
\s:66,c:1782377493*1F\!AIVDM,1,1,,,KoOot;SmM5fQ20Ot,0*64
\s:66,c:1782377495*19\!AIVDM,1,1,,,Kl`UvM04sjgWo7l8,0*6F
\s:66,c:1782377494*18\!AIVDM,1,1,,,KmDo0:05p9M1e560,0*06
\s:66,c:1782377494*18\!AIVDM,1,1,,,1815GNP01R3wjdIkah?BDAjh053<,0*71
\s:66,c:1782377489*14\!AIVDM,1,1,,,18IH1n0vRm;1<8CjIe9W?5Tp053<,0*08
\s:66,c:1782377491*1D\!AIVDM,1,1,,,KmDo0:05p9M1e560,0*06
\s:66,c:1782377496*1A\!AIVDM,1,1,,,B>kubCh02A0v@=s;ie5qCwhTSP06,0*39
\s:66,c:1782377489*14\!AIVDM,1,1,,,C6<fpu@08U4?=<OFue@VCwv06@b2M0V@j2L?0LOMUU10?000000P,0*51
\s:66,c:1782377491*1D\!AIVDM,1,1,,,15QND80uRcDQs88DgMtCBR`h08@C,0*58
\s:66,c:1782377498*14\!AIVDM,1,1,,,133w=`00Qk:wWMRIqGtjVR700HDH,0*55
\s:66,c:1782377493*1F\!AIVDM,1,1,,,KqNSJVh?Ru@KK6l4,0*02
\s:66,c:1782377495*19\!AIVDM,1,1,,,Kl`UvM04sjgWo7l8,0*6F
\s:66,c:1782377499*15\!AIVDM,1,1,,,KoOnLjQD=`NJeP@`,0*1D
\s:66,c:1782377495*19\!AIVDM,1,1,,,Koloj6`4EuOTqQOt,0*78
\s:66,c:1782377496*1A\!AIVDM,1,1,,,Knoa=k:2;>Qb@0?4,0*5F
\s:66,c:1782377496*1A\!AIVDM,1,1,,,Kn?UhDN2bIQS2P@l,0*1F
\s:66,c:1782377490*1C\!AIVDM,1,1,,,K44WI=eDN3R=T0CL,0*57
\s:66,c:1782377486*1B\!AIVDM,1,1,,,KkJiq61OOo@d`P=<,0*68
\s:66,c:1782377484*19\!AIVDM,1,1,,,KqNSkL@OWS@KO0>p,0*56
\s:66,c:1782377484*19\!AIVDM,1,1,,,15`0u60P0cP`9kgwCd4uV?vb2H<R,0*3E
\s:66,c:1782377499*15\!AIVDM,1,1,,,KqjlWc>@@RhFRPOt,0*14
\s:66,c:1782377488*15\!AIVDM,1,1,,,KpIfvV0vQ`vFC05D,0*16
\s:66,c:1782377493*1F\!AIVDM,1,1,,,Kn9>Vnh=jF<a`5;8,0*0F
\s:66,c:1782377495*19\!AIVDM,1,1,,,15N;M8?P00E6CH2Q3qpslww4253<,0*06
\s:66,c:1782377492*1E\!AIVDM,1,1,,,15?d`f00BcrB<Th?H2BG6Ubr00ST,0*1B
\s:66,c:1782377501*15\!AIVDM,1,1,,,KmOI:f9MHmk2O08l,0*38
\s:66,c:1782377497*1B\!AIVDM,1,1,,,Kkl3nE02TwgVKV>h,0*68
\s:66,c:1782377491*1D\!AIVDM,1,1,,,Kk9J`UP0LE3uvP00,0*08
\s:66,c:1782377495*19\!AIVDM,1,1,,,Km@`5J850jjIq5m@,0*03
\s:66,c:1782377492*1E\!AIVDM,1,1,,,169D9u000uGsDN1o=:sTrD0v00Sa,0*16
\s:66,c:1782377493*1F\!AIVDM,1,1,,,13l3nH@02c1HKe?d3OC:u`j`0@@l,0*77
\s:66,c:1782377493*1F\!AIVDM,1,1,,,KmMjFT1LSNj=00D4,0*33
\s:66,c:1782377495*19\!AIVDM,1,1,,,Kolj<THD?@Oeb0=0,0*2B
\s:66,c:1782377499*15\!AIVDM,1,1,,,K6:JeB03sM?k7VF@,0*43
\s:66,c:1782377496*1A\!AIVDM,1,1,,,Kkl3nE02TwgVKV>h,0*68
\s:66,c:1782377497*1B\!AIVDM,1,1,,,36eWK2001UNapr6=OIe1l1c800PP,0*3F
\s:66,c:1782377484*19\!AIVDM,1,1,,,Kpw:DnL0NvO4qTbd,0*27
\s:66,c:1782377488*15\!AIVDM,1,1,,,KrkJSw0=E1djmP>0,0*1F
\s:66,c:1782377484*19\!AIVDM,1,1,,,Ip;Be53FnWR0;mvM>cDmiriQe:cl,0*33
\s:66,c:1782377497*1B\!AIVDM,1,1,,,14eH85w001o<RefL9iJ4oBU408Cp,0*13
\s:66,c:1782377493*1F\!AIVDM,1,1,,,B:U7BQ@0>frNVUO>cGGGswg1l<00,0*2E
\s:66,c:1782377494*18\!AIVDM,1,1,,,Kru0MLPM4eOmE0E<,0*78
\s:66,c:1782377499*15\!AIVDM,1,1,,,H5O4bJPA84LtpHiT00000000000,2*5B
\s:66,c:1782377491*1D\!AIVDM,1,1,,,15AD8`0024lAHvfGHejSlS8j00R:,0*1B
\s:66,c:1782377492*1E\!AIVDM,1,1,,,15SM=>01Rg1HDd1d07L;cqB@0L0J,0*20
\s:66,c:1782377493*1F\!AIVDM,1,1,,,KkM@Hk0?9UO=5W80,0*12
\s:66,c:1782377498*14\!AIVDM,1,1,,,Kru0MLPM4eOmE0E<,0*78
\s:66,c:1782377497*1B\!AIVDM,1,1,,,14eH85w001o<RefL9iJ4oBU408Cp,0*13
\s:66,c:1782377497*1B\!AIVDM,1,1,,,KmN`1=QLQnR9LP?D,0*4D
\s:66,c:1782377489*14\!AIVDM,1,1,,,Km?diIh5>:w?:U44,0*44
\s:66,c:1782377499*15\!AIVDM,1,1,,,C3i<Q7@0;ulvGOrUpqd3gTN0P`UWWSKQcKke:000000000D2RRR0,0*20
\s:66,c:1782377483*1E\!AIVDM,1,1,,,Kkib?n8?Gki4G090,0*15
\s:66,c:1782377486*1B\!AIVDM,1,1,,,13ew540P01w2ghd4nvASrOvd2L0l,0*0A
\s:66,c:1782377490*1C\!AIVDM,1,1,,,KqNSS4GwNF0f4P3<,0*22
\s:66,c:1782377497*1B\!AIVDM,1,1,,,19t6Vc001pvhdSH=GE:Wgn9:08EQ,0*7C
\s:66,c:1782377480*1D\!AIVDM,1,1,,,KkaPQ7P00=PJI1Wt,0*3C
\s:66,c:1782377487*1A\!AIVDM,1,1,,,39jgcb0Oi0PCgOF32SHU4Slf00oP,0*27
\s:66,c:1782377489*14\!AIVDM,1,1,,,KqNSS4GwNF0f4P3<,0*22
\s:66,c:1782377497*1B\!AIVDM,1,1,,,Kkew54<?Pa0Wk0Ot,0*61
\s:66,c:1782377492*1E\!AIVDM,1,1,,,Kl`aKU8=OpjrI6SP,0*01
\s:66,c:1782377492*1E\!AIVDM,1,1,,,KlhSDs8@?SS:q0B0,0*02
\s:66,c:1782377492*1E\!AIVDM,1,1,,,KkwlH2aOtP3;uP=L,0*70
\s:66,c:1782377499*15\!AIVDM,1,1,,,B>l12A@01lo<tsu>ef9eswj4SP06,0*07
\s:66,c:1782377495*19\!AIVDM,1,1,,,KnK2H9H56IRkV618,0*18
\s:66,c:1782377493*1F\!AIVDM,1,1,,,19NSr@001uM9Ok>0Bhw4pkpp0<00,0*24
\s:66,c:1782377500*14\!AIVDM,1,1,,,Kkew54<?Pa0Wk0Ot,0*61
\s:66,c:1782377500*14\!AIVDM,1,1,,,1815EfP0002>d;ig1I2Lwik:00S3,0*5D
\s:66,c:1782377493*1F\!AIVDM,1,1,,,KmOOv<8<UIB<uQDd,0*69
\s:66,c:1782377495*19\!AIVDM,1,1,,,KoPLFR3n`>6bTOwv,0*06
\s:66,c:1782377484*19\!AIVDM,1,1,,,1772P?001G0J2Fiv7G3<8qj`0<00,0*5C
\s:66,c:1782377489*14\!AIVDM,1,1,,,K772P?00=E?hT4Ch,0*15
\s:66,c:1782377493*1F\!AIVDM,1,1,,,Ks@v1qL=mO=qe1mH,0*47
\s:66,c:1782377500*14\!AIVDM,1,1,,,Kl`V051NLbv<EPiH,0*5C
\s:66,c:1782377495*19\!AIVDM,1,1,,,Kl`UvW@5<5PLd6b0,0*34
\s:66,c:1782377492*1E\!AIVDM,1,1,,,KmNQ?K5M@>Rp00@`,0*2E
\s:66,c:1782377496*1A\!AIVDM,1,1,,,KkebDt8?4h3D67gP,0*6A
\s:66,c:1782377493*1F\!AIVDM,1,1,,,15Tf500OiV:wMpquFF?iJQLd1p>9,0*43
\s:66,c:1782377493*1F\!AIVDM,1,1,,,Kp15a0iKMf3L903l,0*29
\s:66,c:1782377497*1B\!AIVDM,1,1,,,35Mp;aPOijlC;Ml<=6;rU`Rv0000,0*40
\s:66,c:1782377499*15\!AIVDM,1,1,,,H52l4M@l4dTr0lDlu8TE<000000,2*71
\s:66,c:1782377493*1F\!AIVDM,1,1,,,34`V39hOh5KbR>N5sVhb8B`p020P,0*3F
\s:66,c:1782377492*1E\!AIVDM,1,1,,,17pQOF0P07<GW`P0j:@JCgvr0HAM,0*0C
\s:66,c:1782377491*1D\!AIVDM,1,1,,,I>CQmE1osOH7s5oICSKV8?cwG8mU,0*0E
\s:66,c:1782377495*19\!AIVDM,1,1,,,Kn:IReP4NFB;nTSd,0*1E
\s:66,c:1782377495*19\!AIVDM,1,1,,,18158eh01f1T8Nkd;ssJ=`?000SI,0*1D
\s:66,c:1782377500*14\!AIVDM,1,1,,,Kl`V051NLbv<EPiH,0*5C
\s:66,c:1782377500*14\!AIVDM,1,1,,,18158eh01f1T8Nkd;ssJ=`?000SI,0*1D
\s:66,c:1782377488*15\!AIVDM,1,1,,,15?djUw005rB<9Uve0Rv40Td2H=K,0*1A
\s:66,c:1782377488*15\!AIVDM,1,1,,,K5Nb?tP<dQj5RU0D,0*0B
\s:66,c:1782377497*1B\!AIVDM,1,1,,,KmO;wo`<RcjoLP?@,0*26
\s:66,c:1782377493*1F\!AIVDM,1,1,,,Kp15a0iKMf3L903l,0*29
\s:66,c:1782377498*14\!AIVDM,1,1,,,15MwOHPP00G?v>bK@n1evOw80HEP,0*26
\s:66,c:1782377489*14\!AIVDM,1,1,,,K40a`AaD>0?G10;p,0*71
\s:66,c:1782377496*1A\!AIVDM,1,1,,,KmDDEJ032CPuI4PH,0*7C
\s:66,c:1782377499*15\!AIVDM,1,1,,,Kn:<U40DHMjU<05@,0*12
\s:66,c:1782377493*1F\!AIVDM,1,1,,,KmMwBfS<dIjl=0@h,0*3E
\s:66,c:1782377497*1B\!AIVDM,1,1,,,KkIq?e1LQD2:kP?4,0*75
\s:66,c:1782377495*19\!AIVDM,1,1,,,KoloiDdDDph9:POt,0*79
\s:66,c:1782377496*1A\!AIVDM,1,1,,,KpI7Vc1Bb=QRmP:l,0*53
\s:66,c:1782377483*1E\!AIVDM,1,1,,,Kl`5QR0gRgRNE0W8,0*72
\s:66,c:1782377497*1B\!AIVDM,1,1,,,KkWRL51Ok3R`;P3@,0*37
\s:66,c:1782377484*19\!AIVDM,1,1,,,19jg32?P16P>@U<29s`6bwv`28<n,0*39
\s:66,c:1782377487*1A\!AIVDM,1,1,,,Kq8r@v40Co0CNPTt,0*44
\s:66,c:1782377494*18\!AIVDM,1,1,,,13iAqJ0w000o6<utCoiJj5QN0L0@,0*26
\s:66,c:1782377497*1B\!AIVDM,1,1,,,Kqjg32?h7C@AaSbT,0*77
\s:66,c:1782377493*1F\!AIVDM,1,1,,,KrLQfkh=uIuKG0@<,0*12
\s:66,c:1782377500*14\!AIVDM,1,1,,,Ks@1SiMepvf9`POt,0*6E
\s:66,c:1782377495*19\!AIVDM,1,1,,,KpI97S84M=R13U30,0*32
\s:66,c:1782377493*1F\!AIVDM,1,1,,,18?OAv@009bQFcurVRB9wQ`t0L0M,0*0D
\s:66,c:1782377492*1E\!AIVDM,1,1,,,KlhpPj8@A>3<l0@p,0*06
\s:66,c:1782377493*1F\!AIVDM,1,1,,,KleGjsKsOB3V@PE0,0*4E
\s:66,c:1782377489*14\!AIVDM,1,1,,,13dT<b00P<:p>sCe7>d=Hi@n08@p,0*21
\s:66,c:1782377492*1E\!AIVDM,1,1,,,15Aic@0w1w07Fi3iKsvDgkrj0<03,0*0A
\s:66,c:1782377492*1E\!AIVDM,1,1,,,18I;mi002aH22bF<suK4fCfn00Sd,0*78
\s:66,c:1782377492*1E\!AIVDM,1,1,,,13fId<0vBEI4<;28@BL;d9Bv00Rk,0*06
\s:66,c:1782377491*1D\!AIVDM,1,1,,,1815U`P2QV1ecQwcVwtS5jHf0@>c,0*12
\s:66,c:1782377491*1D\!AIVDM,1,1,,,18uHUa?P00QmI5wdTAGnjOvp28@N,0*40
\s:66,c:1782377488*15\!AIVDM,1,1,,,KpIrpD0=>p0jN4e4,0*61
\s:66,c:1782377486*1B\!AIVDM,1,1,,,KmO5aMP<crR<p12<,0*4B
\s:66,c:1782377493*1F\!AIVDM,1,1,,,KleGjsKsOB3V@PE0,0*4E
\s:66,c:1782377496*1A\!AIVDM,1,1,,,KnBNwI82UEQ3d48L,0*2C
\s:66,c:1782377497*1B\!AIVDM,1,1,,,14w?IH0P1KIsrE@9:jSbSww40<01,0*4E
\s:66,c:1782377483*1E\!AIVDM,1,1,,,16oa=@o00mvhQ5L;D9vK49FV00SE,0*57
\s:66,c:1782377490*1C\!AIVDM,1,1,,,K3Vm`7?wh52SN1R0,0*1A
\s:66,c:1782377499*15\!AIVDM,1,1,,,KqjlSH0@AkhDw0B8,0*0B
\s:66,c:1782377498*14\!AIVDM,1,1,,,14`JMH001tFEIjPQU@G6NU=880SG,0*4F
\s:66,c:1782377496*1A\!AIVDM,1,1,,,KmN`<4P=<?BRfP@4,0*5B
\s:66,c:1782377497*1B\!AIVDM,1,1,,,Kke`0P0;T32;3a`0,0*45
\s:66,c:1782377494*18\!AIVDM,1,1,,,H69>d9PUE8tpMUD4qUGSOV22220,2*4C
\s:66,c:1782377495*19\!AIVDM,1,1,,,KnKJc?056o2SU63T,0*26
\s:66,c:1782377494*18\!AIVDM,1,1,,,D04kS6QQpNfp00O6D0,4*08
\s:66,c:1782377500*14\!AIVDM,1,1,,,19NSC<huB3MHL3UhvOnT<3Dp00Ri,0*25
\s:66,c:1782377493*1F\!AIVDM,1,1,,,Kp15N;t=4V@dP04d,0*12
\s:66,c:1782377498*14\!AIVDM,1,1,,,16;MLd012Cq4q6t6v@acjqLb00S@,0*1C
\s:66,c:1782377486*1B\!AIVDM,1,1,,,Km2miVcsOt3LQP48,0*78
\s:66,c:1782377497*1B\!AIVDM,1,1,,,Kp15N;t=4V@dP04d,0*12
\s:66,c:1782377490*1C\!AIVDM,1,1,,,KqNS`v@OkDjaN01p,0*42
\s:66,c:1782377490*1C\!AIVDM,1,1,,,K99<TM9@30PL`PDD,0*5F
\s:66,c:1782377493*1F\!AIVDM,1,1,,,33InrO8PA9NLd:0CuwFp26Jr00V@,0*5C
\s:66,c:1782377495*19\!AIVDM,1,1,,,KkIrML0?Qu2``8UT,0*5D
\s:66,c:1782377487*1A\!AIVDM,1,1,,,19NSuph01n08CBQns9gdb:6h00Ra,0*3A
\s:66,c:1782377484*19\!AIVDM,1,1,,,15?dfH0P2>OrQ0KuDV;V0Ovb00SN,0*11
\s:66,c:1782377489*14\!AIVDM,1,1,,,K99<TM9@30PL`PDD,0*5F
\s:66,c:1782377488*15\!AIVDM,1,1,,,1:LR3m0P01sF<?gW<kl3@Ovd2@=G,0*56
\s:66,c:1782377497*1B\!AIVDM,1,1,,,KkIq:`04;lAak0<l,0*5D
\s:66,c:1782377493*1F\!AIVDM,1,1,,,KkmuM81MgS0j3P5@,0*2E
\s:66,c:1782377491*1D\!AIVDM,1,1,,,B>kuTeh01Ug4jp0H0sQ4WwfTSP06,0*08
\s:66,c:1782377491*1D\!AIVDM,1,1,,,C>kuTeh01Ug4jp0H0sQ4WwfQkkaQSQUkc111111111fd0000002P,0*37
\s:66,c:1782377490*1C\!AIVDM,1,1,,,KqNSlb@>wM@=lUdl,0*46
\s:66,c:1782377499*15\!AIVDM,1,1,,,Kp15EVl0LNOVTT>t,0*46
\s:66,c:1782377493*1F\!AIVDM,1,1,,,Ks@9Jb=MjcMT;0Ot,0*5E
\s:66,c:1782377500*14\!AIVDM,1,1,,,169>Kq0P1iJW?Qia5uP>0gw600Ra,0*15
\s:66,c:1782377494*18\!AIVDM,1,1,,,4h3OtaQuJl`kOEC0D8S3go?00HBc,0*60
\s:66,c:1782377492*1E\!AIVDM,1,1,,,KmO4Lg`=BWjvjP1H,0*06
\s:66,c:1782377501*15\!AIVDM,1,1,,,Kp15`nP=GSBilUjD,0*13
\s:66,c:1782377494*18\!AIVDM,1,1,,,KqNSmdP2oW?N?TSd,0*3E
\s:66,c:1782377497*1B\!AIVDM,1,1,,,Kp15PrL1O8O=SPF0,0*77
\s:66,c:1782377496*1A\!AIVDM,1,1,,,B7tCg@h0C17g1<K9>iiUcwv63P06,0*5D
\s:66,c:1782377499*15\!AIVDM,1,1,,,C>oi:t008E6Gv1rc?CIQP010@a04bNkKQa11gg:00001T0H21QR0,0*03
\s:66,c:1782377491*1D\!AIVDM,1,1,,,Kk`de9u@?NSqH0Ot,0*3A
\s:66,c:1782377495*19\!AIVDM,1,1,,,Kn;Bm00?C=>2=7VL,0*0B
\s:66,c:1782377489*14\!AIVDM,1,1,,,13m2Gp0wBKGljs0>B`<L7I`f08=C,0*23
\s:66,c:1782377493*1F\!AIVDM,1,1,,,KqNSlb@>wM@=lUdl,0*46
\s:66,c:1782377488*15\!AIVDM,1,1,,,KmNDoPP<fwBecPB8,0*67
\s:66,c:1782377495*19\!AIVDM,1,1,,,15RKN<001n7d`BmgKLirK8B:00Rr,0*1B
\s:66,c:1782377500*14\!AIVDM,1,1,,,KpJKR:82SCias5UD,0*70
\s:66,c:1782377484*19\!AIVDM,1,1,,,Kom@<SwlD0P??0Ot,0*35
\s:66,c:1782377493*1F\!AIVDM,1,1,,,15T@ql001C:nTcUpv7sT;SVj053<,0*66
\s:66,c:1782377497*1B\!AIVDM,1,1,,,1819DshP00G<w>BL8K>2i?w00@CL,0*44
\s:66,c:1782377489*14\!AIVDM,1,1,,,14``p2002J<8jtOsm?IEbTNJ0D00,0*66
\s:66,c:1782377499*15\!AIVDM,1,1,,,B5N8Lo000Ltb<>uuEE;Q3wjQnDhb,0*18
\s:66,c:1782377491*1D\!AIVDM,1,1,,,KqNSU1@0NJT14V?H,0*20
\s:66,c:1782377489*14\!AIVDM,1,1,,,3Ju0LGhOiAISuGawhS079ULh0000,0*15
\s:66,c:1782377490*1C\!AIVDM,1,1,,,KkFKt28?mb2d0Rlh,0*34
\s:66,c:1782377495*19\!AIVDM,1,1,,,18I5<H001kNJoWJ9Q9C@shdv053<,0*1B
\s:66,c:1782377487*1A\!AIVDM,1,1,,,KqjbO?1@@iPEw0EL,0*26
\s:66,c:1782377499*15\!AIVDM,1,1,,,15?de0@0010?Q6R3d:LpB?w>0<1k,0*15
\s:66,c:1782377500*14\!AIVDM,1,1,,,KmSmoF0vR9vLEPAP,0*45
\s:66,c:1782377498*14\!AIVDM,1,1,,,15N0c:PP01DbRf4Qif6=DOw80<0D,0*0A
\s:66,c:1782377496*1A\!AIVDM,1,1,,,KleIutgugISCh01h,0*40
\s:66,c:1782377501*15\!AIVDM,1,1,,,KmOHvW4=8T2K>44d,0*21
\s:66,c:1782377501*15\!AIVDM,1,1,,,KleG?3p=0TS2LP<L,0*4A
\s:66,c:1782377494*18\!AIVDM,1,1,,,KlhD1?81IBumH5gD,0*26
\s:66,c:1782377496*1A\!AIVDM,1,1,,,16:9::0u2kFVio9rEl;r3Wvt08BP,0*3E
\s:66,c:1782377489*14\!AIVDM,1,1,,,KoOnS57mVqf2rP;0,0*04
\s:66,c:1782377491*1D\!AIVDM,1,1,,,14QUd@001ulItanMs98bEpAj0H@V,0*75
\s:66,c:1782377495*19\!AIVDM,1,1,,,KmSmoF0vR9vLEPAP,0*45
\s:66,c:1782377500*14\!AIVDM,1,1,,,Kp15N`QNCPf?V0Bh,0*6F
\s:66,c:1782377491*1D\!AIVDM,1,1,,,KlhD1?81IBumH5gD,0*26
\s:66,c:1782377488*15\!AIVDM,1,1,,,15BkR60v0moT06jC1MftQqhj80SQ,0*67
\s:66,c:1782377500*14\!AIVDM,1,1,,,Kn:R@=`Bb<AGqP<P,0*60
\s:66,c:1782377486*1B\!AIVDM,1,1,,,15?nLR001pNg@IR;KAAo9E`f0@=9,0*0E
\s:66,c:1782377490*1C\!AIVDM,1,1,,,KkFK9@<?GIB58hk4,0*46
\s:66,c:1782377486*1B\!AIVDM,1,1,,,K9NShWP>HPijU`CT,0*60
\s:66,c:1782377484*19\!AIVDM,1,1,,,39jn`<0P00PKbj62U<7h0?vh22tQ,0*40
\s:66,c:1782377500*14\!AIVDM,1,1,,,KmQIrp0>WANFpUWH,0*71
\s:66,c:1782377501*15\!AIVDM,1,1,,,K:U70dt=d8QDS0Ot,0*78
\s:66,c:1782377493*1F\!AIVDM,1,1,,,18I09QP1BNGBW6v>C6qKA92r053<,0*43
\s:66,c:1782377493*1F\!AIVDM,1,1,,,14qhgU0000sVBvp9Beitn0Hv0JQ1,0*51
\s:66,c:1782377495*19\!AIVDM,1,1,,,K44espPEvUlFq06t,0*55
\s:66,c:1782377499*15\!AIVDM,1,1,,,16:mef001uO;G1Uf9h7CoC=800Sd,0*7A
\s:66,c:1782377489*14\!AIVDM,1,1,,,18I09QP12NGBW><>C6`cAq0h0D07,0*61
\s:66,c:1782377495*19\!AIVDM,1,1,,,KmQIrp0>WANFpUWH,0*71
\s:66,c:1782377486*1B\!AIVDM,1,1,,,KmDd<h1Kbp2N=0@L,0*20
\s:66,c:1782377488*15\!AIVDM,1,1,,,Ko7US=0KO;CW@0=t,0*6D
\s:66,c:1782377493*1F\!AIVDM,1,1,,,KmNFbj;tf7R6F024,0*4B
\s:66,c:1782377498*14\!AIVDM,1,1,,,KleGejL;>dCvWPOt,0*49
\s:66,c:1782377495*19\!AIVDM,1,1,,,Kom:5gvlLJgo<0Ot,0*65
\s:66,c:1782377495*19\!AIVDM,1,1,,,KkFC9R1OIt25O080,0*1A
\s:66,c:1782377495*19\!AIVDM,1,1,,,13MClaPw@UNwdMD51?T5RT?208DH,0*55
\s:66,c:1782377489*14\!AIVDM,1,1,,,1777v`0wjsNw7gT3OroEaDNj00S0,0*52
\s:66,c:1782377499*15\!AIVDM,1,1,,,KqNSge002w@LhPD`,0*17
\s:66,c:1782377493*1F\!AIVDM,1,1,,,KrLSRF0=gadQ>UFD,0*02
\s:66,c:1782377484*19\!AIVDM,1,1,,,Kn:Bc1QDLi2FW0=4,0*42
\s:66,c:1782377491*1D\!AIVDM,1,1,,,18Hu`0001Gmrj;HK?sU:L8H00<00,0*1B
\s:66,c:1782377494*18\!AIVDM,1,1,,,15NBtRPP02Di;1`QV;`u4?w020SF,0*7E
\s:66,c:1782377496*1A\!AIVDM,1,1,,,K4hGe;0=BhBw;4=H,0*01
\s:66,c:1782377496*1A\!AIVDM,1,1,,,1815M8hv1s3l`MsfQvRBpRFv00RJ,0*19
\s:66,c:1782377489*14\!AIVDM,1,1,,,B7Oo`s00HS:6`>uIj5Pc<S=1h<00,0*0F
\s:66,c:1782377498*14\!AIVDM,1,1,,,169D9uOP06Cot30GiqUTJgw40HD8,0*27
\s:66,c:1782377492*1E\!AIVDM,1,1,,,19NSWm@wQH1WKhqcew93;BLp053<,0*66
\s:66,c:1782377491*1D\!AIVDM,1,1,,,13l3nHPvjK2W6S1epqT2Mitn0U3<,0*7C
\s:66,c:1782377493*1F\!AIVDM,1,1,,,177IwG0021J;gjAuko@0gh`R0<05,0*24
\s:66,c:1782377496*1A\!AIVDM,1,1,,,188fP60P?wE4c43lVw2>4?w2053<,0*6E
\s:66,c:1782377498*14\!AIVDM,1,1,,,19NSl4@0RDD`3=NIsH8kjS1400S7,0*51
\s:66,c:1782377494*18\!AIVDM,1,1,,,KoPC@P1D?DuaC04T,0*49
\s:66,c:1782377499*15\!AIVDM,1,1,,,19NSuph01m08C;1ns:66,0*36
\s:66,c:1782377492*1E\!AIVDM,1,1,,,C>kuTeh01Ug4jp0H0sQ4WwfQkkaQSQUkc111111111fd0000002P,0*37
\s:66,c:1782377491*1D\!AIVDM,1,1,,,1815S@h01i2vmO?gKgKRSj2n0@?S,0*0B
\s:66,c:1782377500*14\!AIVDM,1,1,,,19NSu100hF13e8IeT6FLb8o60Owv,0*7E
\s:66,c:1782377488*15\!AIVDM,1,1,,,369D;Gm00EJMFW1m@taLlOv00000,0*7D
\s:66,c:1782377493*1F\!AIVDM,1,1,,,3819E00PANqa4T`0kCp@b0`h00f0,0*4A
\s:66,c:1782377493*1F\!AIVDM,1,1,,,Kp;AL>0=1>h:261<,0*0D
\s:66,c:1782377498*14\!AIVDM,1,1,,,K:u0QqtLcrOuS0Ot,0*38
\s:66,c:1782377488*15\!AIVDM,1,1,,,Km2lkCcsbH2OA0F@,0*07
\s:66,c:1782377493*1F\!AIVDM,1,1,,,KmO<0n8<c51wE5Vp,0*2E
\s:66,c:1782377498*14\!AIVDM,1,1,,,Kp157siKOm3W3P6t,0*59
\s:66,c:1782377498*14\!AIVDM,1,1,,,KmNQw2c<ds2;kPDH,0*6D
\s:66,c:1782377495*19\!AIVDM,1,1,,,KoPC@P1D?DuaC04T,0*49
\s:66,c:1782377496*1A\!AIVDM,1,1,,,Ko1P?v=AvRiin0Ot,0*56
\s:66,c:1782377499*15\!AIVDM,1,1,,,KpI5r503QdQ=?U`<,0*0B
\s:66,c:1782377499*15\!AIVDM,1,1,,,KnUNfl0CdFPu208H,0*55
\s:66,c:1782377499*15\!AIVDM,1,1,,,Kom@:af3tegU9QOt,0*10
\s:66,c:1782377497*1B\!AIVDM,1,1,,,Km472d1M:jAmTP24,0*16
\s:66,c:1782377499*15\!AIVDM,1,1,,,Kp158FP0M6gLbU8t,0*6D
\s:66,c:1782377497*1B\!AIVDM,1,1,,,Kolj<wNlNWOtCP7T,0*7E
\s:66,c:1782377496*1A\!AIVDM,1,1,,,19NSE?h1Qa4HW7Kf@1H36RPt00SM,0*04
\s:66,c:1782377491*1D\!AIVDM,1,1,,,K458ufeme<CWIQgd,0*58
\s:66,c:1782377495*19\!AIVDM,1,1,,,15OrEd01j`kdB9bJB<BkOjjv0<05,0*4F
\s:66,c:1782377492*1E\!AIVDM,1,1,,,KkMBInh?GvuBdUUH,0*12
\s:66,c:1782377499*15\!AIVDM,1,1,,,Kp158FP0M6gLbU8t,0*6D
\s:66,c:1782377489*14\!AIVDM,1,1,,,1815I4h02BFKONb3vQr3Sjp`00S=,0*43
\s:66,c:1782377495*19\!AIVDM,1,1,,,1:U8WSP001M8L4wk2VN0kj<20U3<,0*0A
\s:66,c:1782377493*1F\!AIVDM,1,1,,,19NS?u001f1sr51dQwj2WR7008Bt,0*7D
\s:66,c:1782377493*1F\!AIVDM,1,1,,,KmEGer<=5V0ak0Ot,0*07
\s:66,c:1782377499*15\!AIVDM,1,1,,,Koloe2d4ASOm@Pep,0*72
\s:66,c:1782377497*1B\!AIVDM,1,1,,,Km3BsfiM:jAmTP80,0*71
\s:66,c:1782377497*1B\!AIVDM,1,1,,,KmOEEmc<b<B>cP8h,0*7D
\s:66,c:1782377495*19\!AIVDM,1,1,,,KoljVCL4CeP2D0:T,0*76
\s:66,c:1782377496*1A\!AIVDM,1,1,,,Kn?hR:0Bb3iRrP3t,0*00
\s:66,c:1782377499*15\!AIVDM,1,1,,,C693luP0<UvA<wuUfFmTddN02468;1ii:0000000000000411R2P,0*3F
\s:66,c:1782377489*14\!AIVDM,1,1,,,15OBHMg00OGBv2l@iK:QJPph00S8,0*0E
\s:66,c:1782377488*15\!AIVDM,1,1,,,1592FP@P00Gb7ATB>V9V1?vn00Rv,0*1E
\s:66,c:1782377493*1F\!AIVDM,1,1,,,KmO7vE;<drR;W03L,0*6A
\s:66,c:1782377499*15\!AIVDM,1,1,,,KomF@D:lLH?o9POt,0*3C
\s:66,c:1782377496*1A\!AIVDM,1,1,,,K33oe:02g8@ksVm0,0*12
\s:66,c:1782377496*1A\!AIVDM,1,1,,,18I7U70wj14t8Gj5FaeKGI:l0@@q,0*1E
\s:66,c:1782377499*15\!AIVDM,1,1,,,Km?dadh3vW1Ud0;d,0*0A
\s:66,c:1782377499*15\!AIVDM,1,1,,,Kn:BasdDHojrQPOt,0*0D
\s:66,c:1782377496*1A\!AIVDM,1,1,,,Knoa=jr2;>Qb@04`,0*49
\s:66,c:1782377496*1A\!AIVDM,1,1,,,Ko0Hen>246inm0Ot,0*5F
\s:66,c:1782377500*14\!AIVDM,1,1,,,Kn?UlMd2SGib`R2`,0*20
\s:66,c:1782377497*1B\!AIVDM,1,1,,,Km?dWk0<Sr20R6jt,0*73
\s:66,c:1782377497*1B\!AIVDM,1,1,,,KmO0bL;<dMB800:<,0*42
\s:66,c:1782377497*1B\!AIVDM,1,1,,,Kn0ShiP1KVAaR0=0,0*13
\s:66,c:1782377500*14\!AIVDM,1,1,,,KmDSmV0B4?1p4PAD,0*34
\s:66,c:1782377499*15\!AIVDM,1,1,,,Kn:duoSl58i;S`=4,0*5C
\s:66,c:1782377495*19\!AIVDM,1,1,,,KpSis28D2gP7B0:4,0*15
\g:1-2-5199129,s:66,c:1782377499*59\!AIVDM,2,1,9,,54crQ>82FAlWQ05?>205<dTv2222222222222216E@M9G5mg0Q@T`43Q,0*41
\g:2-2-5199129*63\!AIVDM,2,2,9,,p88888888888880,2*24
\s:66,c:1782377499*15\!AIVDM,1,1,,,169TpL1OheFAV0Qte=K342g00@Cd,0*20
\s:66,c:1782377500*14\!AIVDM,1,1,,,K69D<S1DIQ1ts05d,0*32
\s:66,c:1782377493*1F\!AIVDM,1,1,,,13F0at?01CJ8mNV3iOgb:82l00Sh,0*0B
\s:66,c:1782377498*14\!AIVDM,1,1,,,13ku;Q012wrTt=7lLWgFh5Jr0HBH,0*4C
\s:66,c:1782377486*1B\!AIVDM,1,1,,,KkUu2`1LPiR;C0?T,0*00
\s:66,c:1782377486*1B\!AIVDM,1,1,,,KmO:=TaLSrR<STiL,0*1D
\s:66,c:1782377489*14\!AIVDM,1,1,,,H35JAhiS;3No>22222222222220,2*67
\s:66,c:1782377499*15\!AIVDM,1,1,,,C3go2Wh00ueAGOrag85>3TN0TkScWKkKkk:00000000000D2RRR0,0*38
\s:66,c:1782377497*1B\!AIVDM,1,1,,,Kqt6Tbh1;gB@`5;4,0*74
\s:66,c:1782377489*14\!AIVDM,1,1,,,Kom@8swl=?gjC000,0*42
\s:66,c:1782377497*1B\!AIVDM,1,1,,,KmMwj13<cgR@d0BD,0*6B
\s:66,c:1782377499*15\!AIVDM,1,1,,,369L0`WOi3GnIFinjQ;la3rj1Ps1,0*21
\s:66,c:1782377499*15\!AIVDM,1,1,,,Kolj<`v3w:?w14<p,0*10
\s:66,c:1782377497*1B\!AIVDM,1,1,,,Kp<cQph=Odhm@T7`,0*1A
\s:66,c:1782377497*1B\!AIVDM,1,1,,,KmNS>kQLK1QcmRcD,0*44
\s:66,c:1782377500*14\!AIVDM,1,1,,,Kl4icfd591kUC4<D,0*70
\s:66,c:1782377500*14\!AIVDM,1,1,,,Ko1B9`01ucQlC0Dd,0*10
\s:66,c:1782377499*15\!AIVDM,1,1,,,C3gnvDP00ueA6gra60AQsTN0TkScWKSKkk:00000000000D2RRR0,0*35
\s:66,c:1782377499*15\!AIVDM,1,1,,,KqNSvDh?r@w<nVD4,0*14
\s:66,c:1782377492*1E\!AIVDM,1,1,,,13ku8p002pIFmjT1R2C9M7dn00Sg,0*42
\s:66,c:1782377500*14\!AIVDM,1,1,,,KqNSvDh?r@w<nVD4,0*14
\s:66,c:1782377500*14\!AIVDM,1,1,,,1815HJ001cMOnUErRjS7rnA:08Ec,0*21
\s:66,c:1782377488*15\!AIVDM,1,1,,,1:u0O2OP00rBD@3vftaf4?vh253<,0*32
\s:66,c:1782377498*14\!AIVDM,1,1,,,15Mo12PP14rB9VJ5D3uh8?w:2@EW,0*27
\s:66,c:1782377500*14\!AIVDM,1,1,,,Kn:=WN4DHQAo70Ot,0*27
\s:66,c:1782377489*14\!AIVDM,1,1,,,Km?daPiD85gNG0DP,0*41
\s:66,c:1782377499*15\!AIVDM,1,1,,,Kold<RP45:OQnSV@,0*7B
\s:66,c:1782377496*1A\!AIVDM,1,1,,,KnQgBbdAj3R;;0?L,0*39
\s:66,c:1782377489*14\!AIVDM,1,1,,,C3WGjlP01=m>cgrVqlel7TN0PBL?0`2C0TNL?1WSWKb000D2RRR0,0*61
\s:66,c:1782377498*14\!AIVDM,1,1,,,KmONkv0;K@S=CQn0,0*7F
\s:66,c:1782377489*14\!AIVDM,1,1,,,Kp15Va@5NhvMi6=l,0*09
\s:66,c:1782377495*19\!AIVDM,1,1,,,Kkku;tICrUwSL06D,0*11
\s:66,c:1782377496*1A\!AIVDM,1,1,,,KqNS`W@1tJAraV`0,0*6C
\s:66,c:1782377500*14\!AIVDM,1,1,,,Kq95h:@2GLhiuUAh,0*72
\s:66,c:1782377489*14\!AIVDM,1,1,,,KqNSQGhD>9hHb06d,0*5D
\s:66,c:1782377495*19\!AIVDM,1,1,,,Km?dQ`j4A6wkOP=p,0*4C
\s:66,c:1782377495*19\!AIVDM,1,1,,,Klb>3l1DID0HSPOt,0*7B
\s:66,c:1782377499*15\!AIVDM,1,1,,,C3go32h06=bPTgrVV3oNGTN0P`UieKQWKeg:0000000000D2RRR0,0*02
\s:66,c:1782377497*1B\!AIVDM,1,1,,,KmNNfa;<LSR2cP;0,0*06
\s:66,c:1782377499*15\!AIVDM,1,1,,,K76tJj0D<MMqR0>d,0*78
\s:66,c:1782377486*1B\!AIVDM,1,1,,,KpI6cd0LegQTSP3<,0*53
\s:66,c:1782377497*1B\!AIVDM,1,1,,,KmNKib;LflRegTap,0*27
\s:66,c:1782377496*1A\!AIVDM,1,1,,,Ko12eF<1waijB0Ot,0*32
\s:66,c:1782377497*1B\!AIVDM,1,1,,,KrU7JWAM45ApoOwt,0*3E
\s:66,c:1782377497*1B\!AIVDM,1,1,,,Ko12eF<1waijB0Ot,0*32
\s:66,c:1782377499*15\!AIVDM,1,1,,,K5WcR00DCQwvlPBP,0*06
\s:66,c:1782377495*19\!AIVDM,1,1,,,1815:SP01p8`FC3d@JF2M1u000S;,0*07
\s:66,c:1782377499*15\!AIVDM,1,1,,,15C;a400jkO`7<aj4oD;eqHp08F0,0*16
\s:66,c:1782377495*19\!AIVDM,1,1,,,C>nrIq@08WQ@83usB6pHtCv04NB30TD2PbT3KQSKkk;00000002P,0*27
\s:66,c:1782377500*14\!AIVDM,1,1,,,1:UFm8500mLtNnOiwfVFkmM608E6,0*4B
\s:66,c:1782377495*19\!AIVDM,1,1,,,Koljn;QDbWgpd05T,0*12
\s:66,c:1782377500*14\!AIVDM,1,1,,,Ks<1L802j>@SLU6h,0*24
\s:66,c:1782377500*14\!AIVDM,1,1,,,Kn14uW`AlH1wb0B0,0*06
\s:66,c:1782377497*1B\!AIVDM,1,1,,,KmMl1SeLhT2>C0Ot,0*53
\s:66,c:1782377495*19\!AIVDM,1,1,,,KoOeIEP5Eb>hRPAp,0*42
\s:66,c:1782377496*1A\!AIVDM,1,1,,,KmV8N:1AjJR;=PEH,0*02
\s:66,c:1782377500*14\!AIVDM,1,1,,,KqNSrm01oLw>kU3T,0*6D
\s:66,c:1782377497*1B\!AIVDM,1,1,,,KmO6nE`=4ajIvPBP,0*0C
\s:66,c:1782377497*1B\!AIVDM,1,1,,,Km92ur=LOQQH10Ot,0*01
\s:66,c:1782377490*1C\!AIVDM,1,1,,,Km?dTdPDWdBeU0AH,0*46
\s:66,c:1782377499*15\!AIVDM,1,1,,,C=nsc2P0;Mr`uOrVl>WOswP0l@NL?0j2L?1SeKSQKik:00000020,0*54
\s:66,c:1782377499*15\!AIVDM,1,1,,,K7mRMLwldNOsUQh0,0*74
\s:66,c:1782377497*1B\!AIVDM,1,1,,,KmPnMF8=HEC1M5AH,0*7F
\s:66,c:1782377493*1F\!AIVDM,1,1,,,1815Mo002:MF<@OnNr`80VJr0<04,0*24
\s:66,c:1782377493*1F\!AIVDM,1,1,,,33ku:Ch2j8MAo0ogN6ak>Rbt05g3,0*0A
\s:66,c:1782377493*1F\!AIVDM,1,1,,,19NSn7@01uIifqMtK?Msg9Lp08Ad,0*14
\s:66,c:1782377486*1B\!AIVDM,1,1,,,KmNEBg;<bv2P?13L,0*6F
\s:66,c:1782377497*1B\!AIVDM,1,1,,,KmN3Ib4<fw2eb00T,0*6F
\s:66,c:1782377495*19\!AIVDM,1,1,,,KotKqH@D<BOf80?<,0*1D
\s:66,c:1782377495*19\!AIVDM,1,1,,,Kolui9t47O?Om064,0*1D
\s:66,c:1782377497*1B\!AIVDM,1,1,,,Km?dgPP2>>Qb05`H,0*51
\s:66,c:1782377496*1A\!AIVDM,1,1,,,Kn?b9u=BSSAak00`,0*07
\s:66,c:1782377497*1B\!AIVDM,1,1,,,KmOHwbQLa0B;I05h,0*42
\s:66,c:1782377495*19\!AIVDM,1,1,,,Km?deF04O9?pGTPh,0*2F
\s:66,c:1782377497*1B\!AIVDM,1,1,,,KmOC2Jc<Sg2<eP=@,0*18
\s:66,c:1782377499*15\!AIVDM,1,1,,,Kp15Uo04:61Sm8eH,0*70
\s:66,c:1782377500*14\!AIVDM,1,1,,,Kp15>cpB4UAkm0=`,0*7C
\s:66,c:1782377497*1B\!AIVDM,1,1,,,KqNSG9AA:LRCPP0t,0*1D
\s:66,c:1782377489*14\!AIVDM,1,1,,,C>oi7Ih01F;PKKN13G63@0104bNkKQU11SQQ:0000001T0H21QR0,0*21
\s:66,c:1782377489*14\!AIVDM,1,1,,,34hIIi?P@1mUFEgnkdh7gS:j00j1,0*22
\s:66,c:1782377497*1B\!AIVDM,1,1,,,KmO?0@9LiPj?60Bt,0*68
\s:66,c:1782377497*1B\!AIVDM,1,1,,,KmO75Jd<b<R;70B0,0*5C
\s:66,c:1782377499*15\!AIVDM,1,1,,,Kn:<jb0D=MQb10?<,0*79
\s:66,c:1782377499*15\!AIVDM,1,1,,,B69L1Dh08ueBc;rWtn`??wh6SP06,0*0A
\s:66,c:1782377500*14\!AIVDM,1,1,,,KlRpRV8AjDB:uPC@,0*6F
\s:66,c:1782377500*14\!AIVDM,1,1,,,KkM:?61DIvjhI07H,0*77
\s:66,c:1782377500*14\!AIVDM,1,1,,,Kn:9=0eDJsjiePOt,0*59
\s:66,c:1782377499*15\!AIVDM,1,1,,,Kn?Ukr02atAUT034,0*51
\s:66,c:1782377496*1A\!AIVDM,1,1,,,Kn@?up02agAE0PCp,0*6B
\s:66,c:1782377497*1B\!AIVDM,1,1,,,KmNdH:;<blROu4;L,0*3B
\s:66,c:1782377497*1B\!AIVDM,1,1,,,KmNQ`b1LbLB=pPF0,0*26
\s:66,c:1782377500*14\!AIVDM,1,1,,,Kl4jCW=DMm2=30Ot,0*64
\s:66,c:1782377489*14\!AIVDM,1,1,,,C3i<QG007MteTgugAv4NKTN0V9gKQQkKeW:00000000000D2RRR0,0*7D
\s:66,c:1782377499*15\!AIVDM,1,1,,,C3i<R>h0?Mr>C?r`=V3MwTN0TAcSkKSSKkQ:0000000000D2RRR0,0*34
\s:66,c:1782377499*15\!AIVDM,1,1,,,Kolcq5<4>j?H7POt,0*7F
\s:66,c:1782377499*15\!AIVDM,1,1,,,KomRN1Ol7iOfjPWl,0*56
\s:66,c:1782377500*14\!AIVDM,1,1,,,Kq@2`E`B4UQo602t,0*37
\s:66,c:1782377500*14\!AIVDM,1,1,,,KpI9IQ0DDo2nPP38,0*3C
\s:66,c:1782377489*14\!AIVDM,1,1,,,C69H3<h08Edes;JUHVSH7wv0TNL?0@:L?1caR0000000?1<<QRPP,0*10
\s:66,c:1782377499*15\!AIVDM,1,1,,,KmTb>r03lP?Oq4TL,0*29
\s:66,c:1782377497*1B\!AIVDM,1,1,,,Kn;;gp01M?Ocd11<,0*52
\s:66,c:1782377497*1B\!AIVDM,1,1,,,K9Iik6h1BSit6Q;`,0*01
\s:66,c:1782377489*14\!AIVDM,1,1,,,13A`kj002oG=k5EklGCK6`vn0H@H,0*0F
\s:66,c:1782377500*14\!AIVDM,1,1,,,Kn:7`K04Fn2jW06h,0*29
\g:1-2-5199130,s:66,c:1782377497*5F\!AIVDM,2,1,0,,59cc?J82<lO1A`47D00pEN0L5@D000000000001DAhRAA1Q30KSkH44l,0*53
\g:2-2-5199130*6B\!AIVDM,2,2,0,,@00000000000000,2*15
\s:66,c:1782377490*1C\!AIVDM,1,1,,,K69@2QPDOTjerP6H,0*5C
\s:66,c:1782377489*14\!AIVDM,1,1,,,18I3Hh0sicE`faoj3VSJa8Pf0@>K,0*4C
\s:66,c:1782377489*14\!AIVDM,1,1,,,B69L1E@07mkwutJcdak;Swv63P06,0*58
\s:66,c:1782377490*1C\!AIVDM,1,1,,,Kn:5;vP4MaRB44Bt,0*6E
\s:66,c:1782377499*15\!AIVDM,1,1,,,K4`Uw`8<Pb>jh9hP,0*31
\s:66,c:1782377496*1A\!AIVDM,1,1,,,K3dSaP1Bv4@Lh0F8,0*02
\s:66,c:1782377496*1A\!AIVDM,1,1,,,Kr5awK41N31BiT`T,0*34
\s:66,c:1782377490*1C\!AIVDM,1,1,,,KnKPj9P585jW>P1P,0*50
\s:66,c:1782377499*15\!AIVDM,1,1,,,KpI:p383fmhaMPwt,0*7B
\g:1-2-5199131,s:66,c:1782377489*51\!AIVDM,2,1,1,,588f@N42BVC4HI`J220nuJ1ADP46104F0UJ222167h>765di0:U5@U@B,0*0D
\g:2-2-5199131*6A\!AIVDM,2,2,1,,H88888888888880,2*14
\s:66,c:1782377499*15\!AIVDM,1,1,,,169D;qQP0fGqErin@4O5J?vr00Rl,0*47
\s:66,c:1782377489*14\!AIVDM,1,1,,,39N`35htQfFN1UwjMkS2MR2d0000,0*11
\s:66,c:1782377497*1B\!AIVDM,1,1,,,Km?wRT0MK@0o9P@T,0*5B
\s:66,c:1782377499*15\!AIVDM,1,1,,,KoldP3<CnBgnD0D<,0*7E
\s:66,c:1782377499*15\!AIVDM,1,1,,,Km@Blt04@8g5@UFH,0*6E
\s:66,c:1782377496*1A\!AIVDM,1,1,,,K9@2a2j37`hK=Pj@,0*5E
\s:66,c:1782377496*1A\!AIVDM,1,1,,,KmTplP9AKViaS014,0*52
\s:66,c:1782377497*1B\!AIVDM,1,1,,,19NSsd0vit3>RnJ6l:lRojFv0<19,0*2A
\g:1-2-5199132,s:66,c:1782377506*03\!AIVDM,2,1,2,B,5815L182Ff4EKL7;G?@D<v1Tu<DlU@F1058f221@BhQ8H5iP1D40@S0`,0*7F
\g:2-2-5199132*69\!AIVDM,2,2,2,B,888888888888880,2*25
\s:66,c:1782377507*44\!AIVDM,1,1,,B,13E`wmgP00P04u8FodM@0?wN28KT,0*55
\s:66,c:1782377509*4A\!AIVDM,1,1,,A,13@no?8P0A0qlsHOrsRQ0gwR0@Lh,0*3E
\s:66,c:1782377505*46\!AIVDM,1,1,,B,ENkaTfSac`@@@@@@@@@@@@@@@@@<kBio8A:r000003vP000,2*52
\s:66,c:1782377509*4A\!AIVDM,1,1,,B,15N15;SP00GRo;rCC?w@>gwR0<2O,0*65
\s:66,c:1782377510*42\!AIVDM,1,1,,A,13oGr<70000J0JlSbF@B5WcR0L18,0*7A
\s:66,c:1782377504*47\!AIVDM,1,1,,B,13@p94hP0<0pUhtO;MC3bOwJ2D0u,0*4D
\s:66,c:1782377508*4B\!AIVDM,1,1,,B,16::IH001W8jrwdARt0G4USL08LG,0*1B
\s:66,c:1782377509*4A\!AIVDM,1,1,,B,39NSawP021QBdEjGJ99;e9IN00pC,0*41
\g:1-2-5199133,s:66,c:1782377505*01\!AIVDM,2,1,3,A,59NSaw`2<wEwDh=cH00m<>104lU860TTT0000019H0D??5dhNE@PDR@0,0*49
\g:2-2-5199133*68\!AIVDM,2,2,3,A,000000000000000,2*27
\s:66,c:1782377506*45\!AIVDM,1,1,,,B3Ie=j000fp3owRSsa?Q3wo1l000,0*5B
\s:66,c:1782377510*42\!AIVDM,1,1,,A,H52k7PALTpN0U@0000000000000,2*15
\s:66,c:1782376847*4C\!AIVDM,1,1,,A,H52k7PDTCBD8eT?000000020315t,0*77
\g:1-2-5199134,s:66,c:1782377510*02\!AIVDM,2,1,4,B,53E`wmT00000D7?3700qDEHv104htl60@UHTp40N0`D44t0Ht0000000,0*65
\g:2-2-5199134*6F\!AIVDM,2,2,4,B,000000000000000,2*23
\s:66,c:1782377510*42\!AIVDM,1,1,,A,18I9Bp00017JLM40esEJ;E1N0DAV,0*6F
\s:66,c:1782377505*46\!AIVDM,1,1,,A,H6:;Gp1<PDpLhUaDuTGDP4t0000,2*63
\s:66,c:1782377144*47\!AIVDM,1,1,,B,H6:;Gp4D>qqqhjmP0000003hR8L0,0*20
\s:66,c:1782377512*40\!AIVDM,1,1,,B,36;Jhl001P`hCst@wt?D0SCV0Puh,0*4B
\s:66,c:1782377505*46\!AIVDM,1,1,,A,E>l5A;>=42h20Th<bhHpIpJh@@@DIIQH8oqe000003v010,4*26
\s:66,c:1782377511*43\!AIVDM,1,1,,A,18I<CM002fvgILF<JnK`6VQP0HMh,0*5D
\s:66,c:1782377505*46\!AIVDM,1,1,,A,B3IT4N00BH8=mVV>mDB?OwnQl@Jn,0*37
\g:1-2-5199135,s:66,c:1782377511*02\!AIVDM,2,1,5,B,53dvLF800003TP;GS390E9=D4@E:22222222220U20A345Sg054RBQBh,0*63
\g:2-2-5199135*6E\!AIVDM,2,2,5,B,H88888888888880,2*52
\s:66,c:1782377512*40\!AIVDM,1,1,,A,14`V0uh01:P?<<jMak6huPaV00Rr,0*2D
\s:66,c:1782377337*41\!AIVDM,1,1,,B,B08e3w0007EW7avL;G01h1L02h06,0*33
\s:66,c:1782377505*46\!AIVDM,1,1,,B,B3@pBv00?0>JVm7lW@buGwnQh<32,0*11
\s:66,c:1782377418*4B\!AIVDM,1,1,,B,144WBJP01TRSGeP>Wh9tWr8T0H:w,0*0D
\s:66,c:1782377505*46\!AIVDM,1,1,,A,142O`p@0?w<tSF0l4Q@>48gv0pJG,0*3C
\s:66,c:1782377505*46\!AIVDM,1,1,,A,169`uEP0028efK0A:>>BclUJ0@JT,0*2D
\s:66,c:1782377497*4C\!AIVDM,1,1,,B,3815O:1000WhEQh<69MnwFSD0000,0*2B
\s:66,c:1782377514*46\!AIVDM,1,1,,A,13IAlb7P1GOaK@nLABrm=wwd2<14,0*7A
\s:66,c:1782377494*4F\!AIVDM,1,1,,A,16qW<9@0?w<tSF0l4Q@>4;;p0d84,0*3C
\s:66,c:1782377513*41\!AIVDM,1,1,,A,16qW<9@0?w<tSF0l4Q@>4;;p0PS?,0*68
\g:1-2-5199136,s:66,c:1782377514*04\!AIVDM,2,1,6,A,59NSaw`2<wEwDh=cH00m<>104lU860TTT0000019H0D??5dhNE@PDR@0,0*4C
\g:2-2-5199136*6D\!AIVDM,2,2,6,A,000000000000000,2*22
\g:1-2-5199137,s:66,c:1782377471*07\!AIVDM,2,1,7,B,56qW<9D2BJ0@555B2208th4r222222222222221@G`W8H1di0EV@CPUK,0*39
\g:2-2-5199137*6C\!AIVDM,2,2,7,B,BlhH88888888880,2*2E
\s:66,c:1782377513*41\!AIVDM,1,1,,B,16;E`d100p`MiFfF0mUsQa?N053<,0*0B
\g:1-2-5199138,s:66,c:1782377501*0E\!AIVDM,2,1,8,A,55=t<D0Gb?g8SMa3;J1=@5:0hTpF22222222221IIP`EE=o?0UE3p3lQ,0*1C
\g:2-2-5199138*63\!AIVDM,2,2,8,A,1D`888888888880,2*01
\g:1-2-5199139,s:66,c:1782377495*03\!AIVDM,2,1,9,A,55?ddD02;E@;<GS?GB0`Tr1PTpN1UD4r22222216DHF@@5ec0Clkj0D`,0*1D
\g:2-2-5199139*62\!AIVDM,2,2,9,A,888888888888880,2*2D
\s:66,c:1782377508*4B\!AIVDM,1,1,,A,B8Ht0J00B9niPw0;MUE>Gwp5oP06,0*65
\s:66,c:1782377496*4D\!AIVDM,1,1,,B,19NSh`@30KRbmOh=T7H;p9s60d5Q,0*5B
\s:66,c:1782377514*46\!AIVDM,1,1,,B,19NSu6h0290LELVEo0eb=`9d0D5h,0*37
\s:66,c:1782377512*40\!AIVDM,1,1,,B,18;7:k0P00`aWr08IAth0?wV20T8,0*69
\s:66,c:1782377511*43\!AIVDM,1,1,,A,33@p94h0060pUiRO;MBCm35p0000,0*48
\s:66,c:1782377514*46\!AIVDM,1,1,,B,15O=OR?000q=Pc4@wVreaUAf0<58,0*6E
\s:66,c:1782377510*42\!AIVDM,1,1,,B,33IoJ80OiKKVKMj977V@5@;N01q0,0*32
\s:66,c:1782377512*40\!AIVDM,1,1,,A,139o69PP0lPes0lNVB:;=gw`0@Nm,0*7E
\s:66,c:1782377515*47\!AIVDM,1,1,,B,14QugD001VQJ6HLPBOD1MQ?d053<,0*0C
\s:66,c:1782377512*40\!AIVDM,1,1,,A,B3M@omP00?v@6=7@ajT;@9N00000,0*1E
\s:66,c:1782376783*4B\!AIVDM,1,1,,A,H6BW=mDNC8e19Cj38PnqPP2P0600,0*08
\s:66,c:1782377508*4B\!AIVDM,1,1,,B,33P9f1E000wqIjVON3DkCC=N0EJr,0*3E
\g:1-2-5199140,s:66,c:1782377470*06\!AIVDM,2,1,0,A,5990Uc02=?5i@`m;7J1<DLTqE>2222222222221@H@SE;5cfeGkkDj2H,0*38
\g:2-2-5199140*6C\!AIVDM,2,2,0,A,888888888888880,2*24
\s:66,c:1782377515*47\!AIVDM,1,1,,A,36:`e50P00`VkR2BClS<0wwp0000,0*36
\s:66,c:1782377514*46\!AIVDM,1,1,,B,18I:F4001qwVkVDDTb3BjR?d0@Ov,0*1C
\s:66,c:1782377512*40\!AIVDM,1,1,,B,13ecjd0017PNWPhGA:3e0rMP053<,0*67
\s:66,c:1782377511*43\!AIVDM,1,1,,A,1815`0D0iW7@1R01NlElSCaP0<3M,0*7C
\s:66,c:1782377508*4B\!AIVDM,1,1,,B,19NS<O002c`nlun@6obpL6iP08LK,0*2C
\s:66,c:1782377514*46\!AIVDM,1,1,,A,19NS<O002d`nloh@6ni8NFid0D0S,0*28
\s:66,c:1782377498*43\!AIVDM,1,1,,A,15?da8@01F4;fL`>:sll43;:0hF9,0*34
\s:66,c:1782377505*46\!AIVDM,1,1,,B,169=13PP1G8Op:PF<Ca3iwwH28JG,0*72
\s:66,c:1782377489*43\!AIVDM,1,1,,A,13S5>f9P4EQ:u3rHgvC7WOw<2000,0*21
\s:66,c:1782377505*46\!AIVDM,1,1,,B,15NLR3PP00G@5RTEbikPDOwJ0@JJ,0*45
\s:66,c:1782377508*4B\!AIVDM,1,1,,A,18Hrm6002=7m?wP9D;?M0:EL08Kq,0*06
\s:66,c:1782377507*44\!AIVDM,1,1,,B,E>mGJ:t9QVQFV846hLHP0000000DD;>r47VIP10888o020,4*62
\s:66,c:1782377509*4A\!AIVDM,1,1,,A,1kaFe?0P000OhI`NQ0iU4wv1uwww,0*4A
\s:66,c:1782377509*4A\!AIVDM,1,1,,A,B3psaS0000EOO;Wih7l000N00000,0*5B
\s:66,c:1782377510*42\!AIVDM,1,1,,A,344NBL5P?w<tSF0l4Q@>4?wv0S3Q,0*69
\s:66,c:1782377510*42\!AIVDM,1,1,,B,144Ur3P01owEt6HE2nPd>acP00Rn,0*7B
\s:66,c:1782377510*42\!AIVDM,1,1,,A,33P=lB@OhTP6NtHMGahtL:ON0000,0*42
\s:66,c:1782377508*4B\!AIVDM,1,1,,A,7>oi5RARMpD`,0*44
\s:66,c:1782377467*43\!AIVDM,1,1,,B,B3IKi@P0=`9mq55TBKEjKwh5oP06,0*4D
\s:66,c:1782377506*45\!AIVDM,1,1,,A,155U6>P01666WPV30j4bK8EJ0<03,0*30
\s:66,c:1782377512*40\!AIVDM,1,1,,B,13aFdK`P1LPBHTtMgLuc8Ow`2@N?,0*0B
\s:66,c:1782377509*4A\!AIVDM,1,1,,A,13aBN8PP00PA0ErMLrV>4?wP20Si,0*68
\s:66,c:1782377510*42\!AIVDM,1,1,,B,13a3GU@P00PF4gRMvnl45OwR2HMM,0*48
\s:66,c:1782377506*45\!AIVDM,1,1,,B,13ku;G@02HOG1BbGK6KiKi;N0@K@,0*62
\s:66,c:1782377424*44\!AIVDM,1,1,0,B,C8SOs:66,0*42
\s:66,c:1782377484*4E\!AIVDM,1,1,,A,H8SOs:66,2*48
\s:66,c:1782377184*4B\!AIVDM,1,1,,A,H8SOs:66,0*50
\s:66,c:1782377426*46\!AIVDM,1,1,7,B,C>1Kw`wh1au:g:12gt@d?wP0I06A04bNL?03SkKke:0000000020,0*50
\s:66,c:1782377493*48\!AIVDM,1,1,,B,19@2a6001m2`5Od=fPM==:`v0<1e,0*2A
\s:66,c:1782377500*43\!AIVDM,1,1,,B,16?UmL00267lI=h4MuwH`Fw>053<,0*7C
\s:66,c:1782377513*41\!AIVDM,1,1,,B,B69UQJP0Dj77:qSOruC?Gwk3QP06,0*2B
\s:66,c:1782377508*4B\!AIVDM,1,1,,B,13K91T002;P1IWbF1QliNA;R0<51,0*69
\g:1-2-5199141,s:66,c:1782377487*0F\!AIVDM,2,1,1,B,56?UmL02BE3MI@tB220hTh4>1HT=@u8T6222221IGhVF:5eU0BljCQhD,0*0A
\g:2-2-5199141*6D\!AIVDM,2,2,1,B,3lQH88888888880,2*60
\s:66,c:1782377377*45\!AIVDM,1,1,,A,B:UpQM0017Ee<:vKHm>MCwj7kP06,0*78
\s:66,c:1782377458*4F\!AIVDM,1,1,,A,H:UpQM1PtP62222222222222220,2*1E
\s:66,c:1782377097*48\!AIVDM,1,1,,B,H:UpQM4m93?43mePPPPPPP000000,0*5D
\s:66,c:1782377511*43\!AIVDM,1,1,,B,13n4kG0OhpPj4SDQpD<mt4oU0HNB,0*15
\s:66,c:1782377512*40\!AIVDM,1,1,,A,B39JlF00:otkiOW3PTb5?wqQh8NL,0*6F
\s:66,c:1782377513*41\!AIVDM,1,1,,B,19NSo<h01V7FviF0tuIcE95b0HOD,0*37
\s:66,c:1782377391*4D\!AIVDM,1,1,0,B,C8SQUp@01qtqHJ13RF1O3wP0FAeeU0HhbLNC0QSWKkS:00000020,0*7D
\s:66,c:1782377507*44\!AIVDM,1,1,,A,177nURPP0o8:P=h<hMcDhwwH00RM,0*27
\s:66,c:1782377510*42\!AIVDM,1,1,,B,B8SSh?007arpdURk8V:@kwp73P06,0*7E
\s:66,c:1782377512*40\!AIVDM,1,1,,B,13aEQuOP00PF>PRNFOK@0?w`2<1e,0*1C
\s:66,c:1782377511*43\!AIVDM,1,1,,B,18I9qt0viS7QGqJ1PF28:FOT0<0p,0*39
\s:66,c:1782377516*44\!AIVDM,1,1,,A,13aDrNhP0EPCjeJMF2`Tfgwf2HPl,0*7D
\s:66,c:1782377514*46\!AIVDM,1,1,,B,13`lR5hP000EndFNCDKP0?wd0<1g,0*59
\s:66,c:1782377489*43\!AIVDM,1,1,,A,1815<VP0h8T5eKP>H:j=f@4l0L70,0*70
\s:66,c:1782377513*41\!AIVDM,1,1,,A,1kaFe?0P000OhI`NQ0iU4wv1uwww,0*4A
\s:66,c:1782377510*42\!AIVDM,1,1,,A,15Q=:N0031G?Rt@KEdS=cbuT015l,0*5A
\s:66,c:1782377512*40\!AIVDM,1,1,,A,18Ijdp001`WPgOH1dNd`0VCV053<,0*48
\s:66,c:1782377514*46\!AIVDM,1,1,,B,169<qL?P00`PlolEnvtP0?wb2<2N,0*3B
\s:66,c:1782377514*46\!AIVDM,1,1,,B,15NU<N0v00JqPJ4GgJkIkc1f08Ot,0*3F
\s:66,c:1782377511*43\!AIVDM,1,1,,B,33aGs7EP00PF12BMwa8N4?wV2Dbr,0*64
\s:66,c:1782377512*40\!AIVDM,1,1,,A,35NP@s0000G?j`bKA@j@KPGp0000,0*51
\s:66,c:1782377510*42\!AIVDM,1,1,,B,15MgtdPP00oRVINCCJb:fgwV20RV,0*43
\s:66,c:1782377512*40\!AIVDM,1,1,,,13eTUh5000`VOo6DVA24jU5V0000,0*45
\s:66,c:1782377511*43\!AIVDM,1,1,,A,16:;L1000@8Lo4fF0GOac7wV00SD,0*19
\s:66,c:1782377514*46\!AIVDM,1,1,,B,38K6DL50@0OeT4432:JQs9Ef0DUb,0*5A
\s:66,c:1782377515*47\!AIVDM,1,1,,B,144hIl701;aL;s<H`=scSqAf2<35,0*05
\s:66,c:1782377516*44\!AIVDM,1,1,,A,13ku;Q00k1rTtBClLRgFg5Kb08Pi,0*40
\s:66,c:1782377509*4A\!AIVDM,1,1,,B,35O3auPOi`q=@Pj@ut?eErgP01g0,0*26
\s:66,c:1782377510*42\!AIVDM,1,1,,B,1:5d1q?P00`fSfnA@e0WnwwR2d:W,0*09
\s:66,c:1782377510*42\!AIVDM,1,1,,A,176sK7001U8jdvhA7rUPN@hp0D6`,0*60
\s:66,c:1782377510*42\!AIVDM,1,1,,B,13VV;L3u00Oe;4rKpalbG7wV0<6q,0*0F
\s:66,c:1782377506*45\!AIVDM,1,1,,B,B7mRPV000:3MM0Oc54j@?wn2T@Jw,0*5A
\s:66,c:1782377503*40\!AIVDM,1,1,,A,34cM6eP01QP=K;2N0nfA1@qD0JfC,0*5F
\s:66,c:1782377509*4A\!AIVDM,1,1,,A,29NSE950007arAf64;K=?rRD0L<P,0*4E
\s:66,c:1782377509*4A\!AIVDM,1,1,,A,19NSd0@02OOLSNdCgD11liSR0D07,0*07
\s:66,c:1782377508*4B\!AIVDM,1,1,,A,13EbLd0000wH1r>H:kjLb0oR0HL`,0*6D
\s:66,c:1782377507*44\!AIVDM,1,1,,B,13aI:I0P@4P;LkFMNsgerHkN0@KO,0*7B
\s:66,c:1782377509*4A\!AIVDM,1,1,,A,E>m1cDhb:a74W3h10aTW@;4a::Pn;FdokQHjH00003pP3383SsdN00,4*3B
\s:66,c:1782377507*44\!AIVDM,1,1,,A,ENk`t:trH@@@@@@@@@@@@@@@@@@=3;am<=pB800003vP000,2*33
\s:66,c:1782377510*42\!AIVDM,1,1,,A,13VS0D02jp0MQc<EL4JjwjKL0@Md,0*60
\s:66,c:1782377512*40\!AIVDM,1,1,,A,15NuTFP000GRohtCDfieJSCT053<,0*64
\s:66,c:1782377385*48\!AIVDM,1,1,,B,B3I>NL0050:QoV5VP6u:Dwn1jJqP,0*51
\s:66,c:1782377452*45\!AIVDM,1,1,,B,35?dg2A000RFAd;i:0Cf42S`2DVr,0*77
\s:66,c:1782377509*4A\!AIVDM,1,1,,A,137SnL3000M8Ug7knhNTfPCR0000,0*41
\s:66,c:1782377510*42\!AIVDM,1,1,,B,15?dh3PuPArBDw<5J2rGNnAT2HMc,0*33
\s:66,c:1782377511*43\!AIVDM,1,1,,B,169D<6@P?w<tSF0l4Q@>4?wv0m0e,0*15
\s:66,c:1782377508*4B\!AIVDM,1,1,,A,13aL<o@P00PFkVvMudg@0?wP28LQ,0*53
\s:66,c:1782377507*44\!AIVDM,1,1,,A,14dC?@0001R4G5hGL;gLL2IN2<5<,0*63
\s:66,c:1782377510*42\!AIVDM,1,1,,A,13e9GT00001dJ:8Ee6cPhWIR0@MV,0*1C
\s:66,c:1782377509*4A\!AIVDM,1,1,,B,B3Eoa>00:Osdg4U@?mRv;wu5oP06,0*46
\s:66,c:1782377511*43\!AIVDM,1,1,,B,33bump0ujbP?1E4MVKfV7TwV01eQ,0*5A
\g:1-2-5199142,s:66,c:1782377512*01\!AIVDM,2,1,2,A,55O3au`2FtWIL@k;;7Tl5aF2222222222222220l20@7740HtA5Dod4m,0*0D
\g:2-2-5199142*6E\!AIVDM,2,2,2,A,R?d=Rmp88888880,2*65
\s:66,c:1782377397*4B\!AIVDM,1,1,,A,B3Eg7G00<h4lL35fSgk0?wtQh0Tp,0*5B
\s:66,c:1782377510*42\!AIVDM,1,1,,A,13ljwP001O0qufhOE;>I@7EP0hMO,0*3F
\s:66,c:1782377439*48\!AIVDM,1,1,8,A,C>2FM>P01Itq9w12Aopm;wP0HhMKicJ;Wh3UaJQiKaS:00000020,0*7D
\s:66,c:1782377511*43\!AIVDM,1,1,,,B3uDj5P000BW5f`PjssQ0gIQh000,0*42
\s:66,c:1782377492*49\!AIVDM,1,1,,B,36:8BR1001WgMNh<CMAf45m02EAb,0*74
\s:66,c:1782377511*43\!AIVDM,1,1,,A,E>kb9K0r7@@@@@@@@@@@@@@@@@@;Ud?s:66,2*79
\s:66,c:1782377513*41\!AIVDM,1,1,,A,15?dW=@02L7dElj5mdIC;jQ`0<1C,0*25
\s:66,c:1782377513*41\!AIVDM,1,1,,A,13aQ6=@P000BpwBMfTlf4?w`2<7H,0*20
\s:66,c:1782377496*4D\!AIVDM,1,1,,B,16:9NvPP01WhFg`<B66N4?w628E=,0*6E
\s:66,c:1782377514*46\!AIVDM,1,1,,A,18159R@1Av7@?:H1N=H4pSuV08OW,0*12
\s:66,c:1782377513*41\!AIVDM,1,1,,B,14cM6eP01QP=KA8N0ocA10q`08O1,0*57
\s:66,c:1782377515*47\!AIVDM,1,1,,A,29NSE950007arAb64;K=?rRN0L<P,0*40
\s:66,c:1782377492*49\!AIVDM,1,1,,B,170l?T0P02T2@Rp>Ppr4q?vn28Bd,0*50
\s:66,c:1782377510*42\!AIVDM,1,1,,B,13gS7mWP0ivfOLhV0INCI?wT2L0@,0*15
\s:66,c:1782377515*47\!AIVDM,1,1,,B,19NSd0@02POLSV2CgDfQlASf0D07,0*7E
\s:66,c:1782377510*42\!AIVDM,1,1,,A,137aU`01k@0;k;TFUAR8NVkR053<,0*71
\s:66,c:1782377510*42\!AIVDM,1,1,,B,13aEPn@P00PG4B:N17dh4?wR2<3`,0*41
\s:66,c:1782377515*47\!AIVDM,1,1,,B,19NS<;h0h:O`idTDfiBdgbQf00S4,0*73
\s:66,c:1782377511*43\!AIVDM,1,1,,B,18I6J7012q8rbvr@1TKI17;T0<0V,0*64
\s:66,c:1782377513*41\!AIVDM,1,1,,B,402FhVAvad`kl0UqWdFJ;iW00D4I,0*29
\s:66,c:1782377511*43\!AIVDM,1,1,,A,33obAv70001Fq94WoUGV;6Op0000,0*5E
\s:66,c:1782377515*47\!AIVDM,1,1,,B,15O3auP01Wq=@O0@utq=GJed0<75,0*33
\s:66,c:1782377515*47\!AIVDM,1,1,,A,16K2J1@01U9D;I2CD?lBBQef0000,0*0C
\s:66,c:1782377515*47\!AIVDM,1,1,,,B3uDj5P000BW5f`PjssQ0gKQh000,0*40
\s:66,c:1782377511*43\!AIVDM,1,1,,B,18R3m1001H3Q?6v?q3?a87MV0D8n,0*60
\s:66,c:1782377511*43\!AIVDM,1,1,,A,13obAv70001Fq94WoUGV9nOT00Rr,0*02
\s:66,c:1782377493*48\!AIVDM,1,1,,B,16C5vD0P00T8L7v>ca=f4?w228CQ,0*56
\s:66,c:1782377503*40\!AIVDM,1,1,,A,16TqSr0wie4C93`=HN?m7T1B0<93,0*0C
\s:66,c:1782377364*47\!AIVDM,1,1,,A,36TqSr0vQf4C7I:=Ha659kvf00EC,0*36
\s:66,c:1782377517*45\!AIVDM,1,1,,A,18RJ2q001T7T>VB2=CjpbFuf00SW,0*3D
\s:66,c:1782377511*43\!AIVDM,1,1,,A,16K?lh002PM8KcEktum8V6sV0000,0*51
\s:66,c:1782377512*40\!AIVDM,1,1,,A,17m3t80P00`=oNQvc1WUdgwV2<11,0*75
\s:66,c:1782377509*4A\!AIVDM,1,1,,B,35N5j:<01:q=>mr@vb`uCrON06:3,0*1C
\s:66,c:1782377507*44\!AIVDM,1,1,,B,B5`V?g@00>n3BLR`blgQ3woQl000,0*3D
\s:66,c:1782377503*40\!AIVDM,1,1,,B,33aI=O@P@VPEhe`N00VDM1wh010P,0*5F
\s:66,c:1782377506*45\!AIVDM,1,1,,A,B47>d`P000E1r``O88h000N00000,0*52
\g:1-3-5199143,s:66,c:1782377509*0B\!AIVDM,3,1,3,A,802UaTh0D<00000=p2E>gPjV9d2w2L00000=t2E?uhjVvCvw2<00000>,0*10
\g:2-3-5199143*6E\!AIVDM,3,2,3,A,02E6a@jc5bSw2<00000QH2Cb:hhd8p0w0<00000>42DFL@ifPr9w0L00,0*4E
\g:3-3-5199143*6F\!AIVDM,3,3,3,A,000>82DBg@iib`0w00,4*71
\s:66,c:1782377509*4A\!AIVDM,1,1,,A,17ldSihP00`FcLSwBn=77?wP2<N4,0*7A
\s:66,c:1782377506*45\!AIVDM,1,1,,B,16:DU;0P@L`:vi0<r3QG=F9J253<,0*40
\s:66,c:1782377508*4B\!AIVDM,1,1,,A,39NSQCE000WJEEb0esd79HKL0ELr,0*61
\s:66,c:1782377512*40\!AIVDM,1,1,,A,16Sji0PP00a<SlLD8m0A<FmT2<4m,0*1B
\s:66,c:1782377508*4B\!AIVDM,1,1,,A,19NSf8h00A`GGR4=?u<AcD=H0@L=,0*1B
\s:66,c:1782377508*4B\!AIVDM,1,1,,B,15TPq@0P01JCgDd57t4A8?wR2HLO,0*63
\s:66,c:1782377509*4A\!AIVDM,1,1,,A,@05NUb28tbQ@<P00,0*7B
\s:66,c:1782377504*47\!AIVDM,1,1,,A,13`ga5@PA;0Eo;BMwqukrHWJ0<<W,0*6B
\s:66,c:1782377512*40\!AIVDM,1,1,,A,B8I03D0001ng5P0;nHP03wqTkP06,0*2E
\s:66,c:1782377512*40\!AIVDM,1,1,,A,19NSnfP026JFUKb?65U2=iiT0HNg,0*4C
\s:66,c:1782377507*44\!AIVDM,1,1,,A,13aI=O@P@VPEhgbN00SDC1l00<4H,0*07
\s:66,c:1782377510*42\!AIVDM,1,1,,B,33aI=O@P@TPEhi8N00Ql6Qd601rh,0*0A
\s:66,c:1782377511*43\!AIVDM,1,1,,A,15Mtu:0000oRUQ<CCGg=GbaV08Mq,0*6A
\s:66,c:1782377508*4B\!AIVDM,1,1,,B,18I5tl001LwGoEjGPa;8`FqL08LP,0*3F
\s:66,c:1782377511*43\!AIVDM,1,1,,B,14d>VH00013n<=F>?;fVoaBF2D=h,0*5C
\s:66,c:1782377511*43\!AIVDM,1,1,,B,169GF2001e`9DIp<mI1eU@5L2=<L,0*07
\s:66,c:1782377509*4A\!AIVDM,1,1,,A,B3m<MiP000;pnJ`MbpGQ3wpQjC?J,0*3D
\s:66,c:1782377511*43\!AIVDM,1,1,,B,14`UviPviV7Jig00eTNq77;T0<<s,0*42
\s:66,c:1782377505*46\!AIVDM,1,1,,B,13`hp@@P00PDBd4Md28QwOwJ2<7a,0*26
\s:66,c:1782377512*40\!AIVDM,1,1,,A,19NSJl000Id`N1ebb8;cE2=V253<,0*06
\s:66,c:1782377508*4B\!AIVDM,1,1,,B,1815US00jC7PrJL1F9<WaF7L0HKl,0*32
\g:1-2-5199144,s:66,c:1782377512*07\!AIVDM,2,1,4,A,5815US82H;?MKL7KCK84p5P4Lu85>22222222217DpCI:5di0J4iljC`,0*4B
\g:2-2-5199144*68\!AIVDM,2,2,4,A,41@QhH888888880,2*14
\s:66,c:1782377508*4B\!AIVDM,1,1,,B,16:86b0P008NGCLFAoAa4?wN0l21,0*0F
\s:66,c:1782377328*4F\!AIVDM,1,1,,B,3815VkE001WgqCj<FfTKmrcL0Dg:,0*11
\s:66,c:1782377513*41\!AIVDM,1,1,,A,17PCsN000Rbu<LAhF7d1<Pmd053<,0*69
\s:66,c:1782377513*41\!AIVDM,1,1,,A,13aOB6@000PKBnrMewwv40;b08OO,0*40
\s:66,c:1782377508*4B\!AIVDM,1,1,,B,147lQH00001htB0R19R`Kl?N08LQ,0*16
\s:66,c:1782377514*46\!AIVDM,1,1,,B,19NSml002g1?NHqdRwW3wSE`053<,0*33
\s:66,c:1782377514*46\!AIVDM,1,1,,A,16:DU;0P@M`:vi0<r3?74Umd28OB,0*33
\s:66,c:1782377512*40\!AIVDM,1,1,,B,36:DU;0P@M`:vi0<r3E77UsV20vP,0*44
\s:66,c:1782377510*42\!AIVDM,1,1,,B,16:=?VP01?8ghQLAaliVK4CT0D5T,0*06
\s:66,c:1782377467*43\!AIVDM,1,1,,B,36;;wP1001T2QpD>NV<JRjj60P00,0*50
\s:66,c:1782377515*47\!AIVDM,1,1,,A,13Iq0530000PC<FNr8bSeUkd08PE,0*54
\s:66,c:1782377512*40\!AIVDM,1,1,,A,13nRkh7P000Jn@<QnW41EwwT0`NG,0*31
\s:66,c:1782377515*47\!AIVDM,1,1,,A,13`hp@@P00PDBd:Md29h0?wf28PI,0*43
\g:1-2-5199145,s:66,c:1782377474*07\!AIVDM,2,1,5,A,56:6a@`1wTE80000000PF0P4V3KSR2222222220Q70:795Uh071PCQhj,0*72
\g:2-2-5199145*69\!AIVDM,2,2,5,A,1CQp1hCQp888880,2*71
\s:66,c:1782377515*47\!AIVDM,1,1,,A,B47>d`P000E1r``O88h000N00000,0*52
\s:66,c:1782377508*4B\!AIVDM,1,1,,A,D04k0u@WTNfqGLO6EGPg6D0,2*55
\s:66,c:1782377514*46\!AIVDM,1,1,,B,17P2:h000wbu7:9hEBLpCFgb0L20,0*5A
\s:66,c:1782377507*44\!AIVDM,1,1,,A,13cPp4300008CahN=8MEAJEN08K`,0*72
\s:66,c:1782377510*42\!AIVDM,1,1,,B,404k0uAvad`kjbvnQqhCK4W00HMV,0*62
\s:66,c:1782377508*4B\!AIVDM,1,1,,A,H3MCPpQHT@40000000000000000,2*48
\s:66,c:1782377508*4B\!AIVDM,1,1,,A,H3MCPpTU1=30000=@5GqPP1p632t,0*31
\s:66,c:1782377515*47\!AIVDM,1,1,,B,169GF2001e`9DIB<mIGeVP7R253<,0*3B
\s:66,c:1782377516*44\!AIVDM,1,1,,B,37P2:h0PA0bu79KhEBD`CFef0000,0*1F
\s:66,c:1782377507*44\!AIVDM,1,1,,B,H3aQe5i18u10E80000000000000,2*65
\s:66,c:1782377507*44\!AIVDM,1,1,,B,H3aQe5lUC=D6Q3<@3pomk00`7130,0*5A
\s:66,c:1782377513*41\!AIVDM,1,1,,B,87tGj`00G@:?>G1?6600,0*66
\s:66,c:1782377513*41\!AIVDM,1,1,,A,1815US00jC7PrHD1F8@7aF7`0<1N,0*26
\s:66,c:1782377514*46\!AIVDM,1,1,,A,@05NUb1ilqV0<P00,0*55
\s:66,c:1782377514*46\!AIVDM,1,1,,A,1k`eIbPP000Od?FNPhD:5Ov1uwww,0*07
\s:66,c:1782377506*45\!AIVDM,1,1,,A,33eW=f000012ThTDOaH<WQup0000,0*39
\s:66,c:1782377508*4B\!AIVDM,1,1,,A,B3`df000>@5PIjWPMG5WWwp1h53<,0*61
\s:66,c:1782377510*42\!AIVDM,1,1,,A,37OeIEP000:KC2=nC<GH1UO<0000,0*50
\s:66,c:1782377508*4B\!AIVDM,1,1,,B,1772Dr0wRM`n8LVAI6Hv007J08Kr,0*28
\s:66,c:1782377510*42\!AIVDM,1,1,,B,15Aq000P00rB?m>5F4>N4?wR253<,0*3C
\s:66,c:1782377510*42\!AIVDM,1,1,,A,15?dcg@2P8JBU0R5LlOturiP0pMA,0*04
\g:1-2-5199146,s:66,c:1782377508*0E\!AIVDM,2,1,6,B,55SSg<42BU`S<HLwV20PDTh4r098u@PE:2222216D`I8H5dA0PQSl`3l,0*3E
\g:2-2-5199146*6A\!AIVDM,2,2,6,B,Q1D`88888888880,2*65
\s:66,c:1782377494*4F\!AIVDM,1,1,,A,H5O>t>Q=LDEB1HU8LTpT4000000,2*1D
\s:66,c:1782377510*42\!AIVDM,1,1,,A,H5O>t>TU7B=4005G4>mqqn2P:434,0*0D
\s:66,c:1782377507*44\!AIVDM,1,1,,A,34R1Ap50@0PF7o4MvpbewH;N0C3J,0*70
\s:66,c:1782377509*4A\!AIVDM,1,1,,B,14h@:G002D08TALF?sRQb1OH0L18,0*7A
\s:66,c:1782377506*45\!AIVDM,1,1,,B,16:d37iP008dJRhAvGV000IP1P00,0*03
\s:66,c:1782377511*43\!AIVDM,1,1,,B,17lulGPP00`FgQ?wDI4@0?wT2D05,0*6F
\s:66,c:1782377508*4B\!AIVDM,1,1,,A,369ESF0Oh4`W1jdDSpjT4hKN00vi,0*7E
\s:66,c:1782377509*4A\!AIVDM,1,1,,,18LdOP0v2i2B2b=eKdDIVWUP0000,0*1A
\s:66,c:1782377508*4B\!AIVDM,1,1,,A,13aDrE@P00PF<jdNFFPh0?wP28LK,0*51
\s:66,c:1782377510*42\!AIVDM,1,1,,B,177F1401@125wg0GGabcu1U`0<4h,0*41
\s:66,c:1782377512*40\!AIVDM,1,1,,B,35OF?6P01TrdublGA78<HIoT030A,0*36
\s:66,c:1782377512*40\!AIVDM,1,1,,B,15Vckp0P03Pn?89u@jk9HOwV2<0u,0*0C
\s:66,c:1782377507*44\!AIVDM,1,1,,A,14eGeM?P00G=4DjL=69P8OwN053<,0*4C
\s:66,c:1782377497*4C\!AIVDM,1,1,,B,15?daP00012hmRb;s<nA80180d7l,0*18
\s:66,c:1782377504*47\!AIVDM,1,1,,A,35PH9T@3@0JrhDnH?Roa97Ep0000,0*3C
\s:66,c:1782377510*42\!AIVDM,1,1,,A,13h<Ke8000vrI@NThq6Q8BUP0L0L,0*40
\s:66,c:1782377510*42\!AIVDM,1,1,,,13IlbF000:sVFe266;Pk83IR0000,0*4A
\s:66,c:1782377385*48\!AIVDM,1,1,,B,B3l3r4000H4pp@UeoDkQ3wnQnDFb,0*15
\s:66,c:1782377513*41\!AIVDM,1,1,,A,403t?k1vad`kb8LLS<=s2So00<9w,0*7F
\s:66,c:1782377513*41\!AIVDM,1,1,,A,15TOOJ001cPFO=4EUcnb>H?`0l5c,0*62
\s:66,c:1782377510*42\!AIVDM,1,1,,A,13m:S030052?HhdHOfA0DmqT2`Mf,0*3A
\s:66,c:1782377476*43\!AIVDM,1,1,2,B,C3NP;LP019u:hs13:KtmcwP0I06A03Sk0QWKki:0000000D2RRR0,0*78
\s:66,c:1782377501*42\!AIVDM,1,1,,A,15?dcV@01u7Fihr0s52lc3mB0@HM,0*58
\s:66,c:1782377512*40\!AIVDM,1,1,,B,13ku9hh0k1pVoaD6J4cceaGb00SE,0*79
\s:66,c:1782377513*41\!AIVDM,1,1,,A,1:U7IKpP00tcvH;jCR:f4?wV2HNd,0*22
\s:66,c:1782377513*41\!AIVDM,1,1,,B,B6:c65@0?R2Cu93=eBAKa8r7QP06,0*13
\s:66,c:1782377513*41\!AIVDM,1,1,,B,1772Dr0wRM`n8LVAI6Hv007J08Kr,0*28
\s:66,c:1782377506*45\!AIVDM,1,1,,B,15CW>d001g8WP;r6mCoMu;=F0<0O,0*33
\s:66,c:1782377512*40\!AIVDM,1,1,,A,405iI3Qu00Ht00>Og0E2Kp700d66,0*25
\s:66,c:1782377513*41\!AIVDM,1,1,,B,13FMQV0000wW8tnDc@nmKP?V2@O2,0*30
\s:66,c:1782377511*43\!AIVDM,1,1,,B,16:7m?0P1Q`f;B@A95N92?wT253<,0*5E
\s:66,c:1782377510*42\!AIVDM,1,1,,B,4028isD47wP04P;RvDFU28G00d6l,0*3E
\s:66,c:1782377514*46\!AIVDM,1,1,,B,16:c65A00v89?lP<nm95eDR01P06,0*5A
\s:66,c:1782377511*43\!AIVDM,1,1,,B,18SK2JhP1aWb<<b5prpmw?wR253<,0*3C
\s:66,c:1782377515*47\!AIVDM,1,1,,B,16:lK=A00``8MKB<wMeLrOwd0000,0*3E
\s:66,c:1782377512*40\!AIVDM,1,1,,B,13cmbs002f0Bc1LF?mvbc8S`08NG,0*69
\g:1-2-5199147,s:66,c:1782377391*09\!AIVDM,2,1,7,B,59ACAmH2G20wH8UB221L4@V04hlthuDf22222216I8LE;5eG0T22p22i,0*26
\g:2-2-5199147*6B\!AIVDM,2,2,7,B,p88888888888880,2*68
\s:66,c:1782377513*41\!AIVDM,1,1,,A,35PH9T@200JrhDnH?RoPUPOp0000,0*7D
\s:66,c:1782377516*44\!AIVDM,1,1,,B,13eW=f000012ThTDOaHCNisf0<2D,0*0C
\g:1-2-5199148,s:66,c:1782377516*0F\!AIVDM,2,1,8,A,5815Ewp2EDFaKMH7J21=@V0hD8htr2222222221@BPSH85`hNEADlhm8,0*03
\g:2-2-5199148*64\!AIVDM,2,2,8,A,888888888888880,2*2C
\s:66,c:1782377494*4F\!AIVDM,1,1,,A,16BPoe0P034<=Kf=QnfUmww4053<,0*20
\s:66,c:1782377510*42\!AIVDM,1,1,,A,32wj;Q@02O1K?46FdvKWnVCp0000,0*59
\s:66,c:1782377517*45\!AIVDM,1,1,,A,139OMR001SPeb6vN`ggDOCUhP@QQ,0*73
\s:66,c:1782377514*46\!AIVDM,1,1,,A,14h@:G002D08TFvF?t8AbAOR0@Oj,0*73
\s:66,c:1782377479*4C\!AIVDM,1,1,,A,19ACAm@01S`St=v=>aB8N6hV0<1C,0*3E
\s:66,c:1782377399*45\!AIVDM,1,1,,A,39ACAm@w1R`Stu<=>h0pW6ml0CVe,0*53
\s:66,c:1782377514*46\!AIVDM,1,1,,,18LdOP01Bh2B2QueKcs9V7Ub0000,0*45
\s:66,c:1782377510*42\!AIVDM,1,1,,B,13VW28001vwjTO8LO6tBE1sJ00Sj,0*22
\s:66,c:1782377513*41\!AIVDM,1,1,,A,13QQif001h0HvP@SgRD9F7Ob0@O0,0*24
\s:66,c:1782377504*47\!AIVDM,1,1,,A,13btgT001WPsOnROFcNjo2CF0@Ij,0*72
\s:66,c:1782377509*4A\!AIVDM,1,1,,B,19NSjI@0jT7LW0f0ef`CAjcN00S2,0*50
\s:66,c:1782377506*45\!AIVDM,1,1,,A,13tht>701VP?:qpN:K`0fhgJ0L88,0*76
\s:66,c:1782377507*44\!AIVDM,1,1,,A,13mDrV0018PFkN6SE4u8EFcH0D0p,0*56
\s:66,c:1782377511*43\!AIVDM,1,1,,A,339L8;0P000eS60NW9amQOwV02w1,0*67
\s:66,c:1782377509*4A\!AIVDM,1,1,,B,13IFfwWP0fwtQbFLI`0:e?wR2HLo,0*57
\s:66,c:1782377509*4A\!AIVDM,1,1,,A,37730A5P00`fkf`AE8NKGgwP2E5b,0*47
\s:66,c:1782377511*43\!AIVDM,1,1,,B,H3P8p?DTCBD4dsp=8FFl000`7220,0*41
\s:66,c:1782377511*43\!AIVDM,1,1,,B,405nBP1vad`kjPe:Op1SeLGP08Mn,0*0C
\s:66,c:1782377508*4B\!AIVDM,1,1,,A,15Qh<b001R8ii0<@lDOWU5sJ0HKs,0*7B
\s:66,c:1782377511*43\!AIVDM,1,1,,B,18G15diP?w<tSF0l4Q@>4?wv1PRV,0*0F
\s:66,c:1782377508*4B\!AIVDM,1,1,,B,33ku<75000uOtDCs<abGwa;L0DgJ,0*4F
\s:66,c:1782377508*4B\!AIVDM,1,1,,B,B3GQheh0?h1HqN5U1@Lk3wp1j4c1,0*39
\g:1-2-5199149,s:66,c:1782377506*0F\!AIVDM,2,1,9,B,55:sNE82G:4DHmH:2210hU>0Hu>222222222220l1@B765Rk0?SDAQ1`,0*35
\g:2-2-5199149*65\!AIVDM,2,2,9,B,888888888888880,2*2E
\s:66,c:1782377511*43\!AIVDM,1,1,,B,169LB8000j`ftm0AP>UU3luR253<,0*07
\s:66,c:1782377508*4B\!AIVDM,1,1,,A,14`V0j@01D0=kHtN7h2I@7CR00SJ,0*05
\s:66,c:1782377508*4B\!AIVDM,1,1,,B,13KMIqP000QcAQBRDP;cBG;N0<0@,0*0B
\s:66,c:1782377507*44\!AIVDM,1,1,,A,18I>Mg001V8N5`HF>bg:k8aJ00S0,0*22
\s:66,c:1782377508*4B\!AIVDM,1,1,,A,13P9fum00cOrCG6M497TTSaN08LN,0*5E
\s:66,c:1782377508*4B\!AIVDM,1,1,,A,1815C`@P21PUaTVF@g6nITgL0000,0*72
\s:66,c:1782377509*4A\!AIVDM,1,1,,A,35DgGp001KSWUpv@0@t5mTUR26iC,0*78
\s:66,c:1782377511*43\!AIVDM,1,1,,A,19NSs`hw1nHpHKV99`L4KSSR0HNE,0*7F
\s:66,c:1782377506*45\!AIVDM,1,1,,B,33IoQS5000Onh5HKmO;F7bgH0Dfb,0*2E
\s:66,c:1782377511*43\!AIVDM,1,1,,B,137NBv00007JSoh0gg>kcH=R0D5R,0*71
\s:66,c:1782377505*46\!AIVDM,1,1,,B,19NSQt011t7Q>oj1M<SPrhmF00Sb,0*4F
\g:1-2-5199150,s:66,c:1782377511*01\!AIVDM,2,1,0,A,53P=rGp2Ct7W8TAcD01<EHDr058=@T<0000000005qk?A5b60Bi5DhER,0*6F
\g:2-2-5199150*6D\!AIVDM,2,2,0,A,Bh0000000000000,2*0E
\s:66,c:1782377220*46\!AIVDM,1,1,,B,36;=0U1000WiIG0<IB2N41@02Dsb,0*1B
\g:1-2-5199151,s:66,c:1782377512*03\!AIVDM,2,1,1,B,577jKl82Gp2uI9IKV20<j0L4p`T4pN2222222216E0OF:5c>0KCS80CD,0*2E
\g:2-2-5199151*6C\!AIVDM,2,2,1,B,wQAp10CH8888880,2*3B
\s:66,c:1782377513*41\!AIVDM,1,1,,B,15QLK2?P00rB=kj5FBs`dww`2<00,0*0E
\s:66,c:1782377513*41\!AIVDM,1,1,,B,H3P>LdPh4AV1HT=@u8T40000000,2*4C
\s:66,c:1782377513*41\!AIVDM,1,1,,B,H3P>LdTUCBD;6=;j:@2p0000025t,0*46
\s:66,c:1782377492*49\!AIVDM,1,1,,B,19NSTu@01n8asfj>VFgAE19208C2,0*16
\s:66,c:1782377443*45\!AIVDM,1,1,,A,39NSTu@01o8as?:>VAEQCi9F0523,0*7D
\s:66,c:1782377513*41\!AIVDM,1,1,,A,15MumhP00sJQgc>FKhWt5Ieb0<3P,0*4F
\s:66,c:1782377513*41\!AIVDM,1,1,,B,16:LW7aP008f?w:AG3A>4?wP2`Ns,0*20
\s:66,c:1782377511*43\!AIVDM,1,1,,A,B3P8p?@00>qDP21eoBoCBaN00000,0*51
\s:66,c:1782377511*43\!AIVDM,1,1,,B,13M@htKP00wqVsfM7awv4?wV28N<,0*20
\s:66,c:1782377514*46\!AIVDM,1,1,,B,35U:IP5000JkrB4JPccKm@ud0DTr,0*4A
\s:66,c:1782377514*46\!AIVDM,1,1,,B,16:3p>P02F8iol0C3po71Uad0HOa,0*7C
\g:1-2-5199152,s:66,c:1782377511*03\!AIVDM,2,1,2,B,55Nvs>`23rcEL@g;77HPUUD0000000000000001J2PI=60@P00000000,0*13
\g:2-2-5199152*6F\!AIVDM,2,2,2,B,000000000000000,2*25
\s:66,c:1782377515*47\!AIVDM,1,1,,B,19NSjpPwBAOIeiBIrkB0shW`053<,0*42
\s:66,c:1782377513*41\!AIVDM,1,1,,A,B3:4WMP04p9vi38F830OHJJUoP06,0*5C
\s:66,c:1782377515*47\!AIVDM,1,1,,B,16Lbi40wQt8>jvB:w4Ep>FU`053<,0*60
\s:66,c:1782377513*41\!AIVDM,1,1,,B,144h?P02@0aKfL4HaRwQc41V0HNq,0*7F
\s:66,c:1782377514*46\!AIVDM,1,1,,B,13btgT001VPsP5FOFck2p2Cb0@P2,0*27
\s:66,c:1782377509*4A\!AIVDM,1,1,,A,16::seSP01W?W781bHr;4OwP20SD,0*1E
\s:66,c:1782377514*46\!AIVDM,1,1,,B,B7m@7Q@00:6;sHOpJrUA;wP4kP06,0*51
\s:66,c:1782377513*41\!AIVDM,1,1,,B,15Qqf2001e8WHA4BD42=4JKb00Rw,0*1C
\s:66,c:1782377509*4A\!AIVDM,1,1,,A,26Knht1000aiWAlCtrKpj51N0D26,0*46
\s:66,c:1782377513*41\!AIVDM,1,1,,A,B1`1gJh00pMW<ob9<Kt03wv43P06,0*73
\g:1-2-5199153,s:66,c:1782377488*03\!AIVDM,2,1,3,A,570a<R8004h@7HG;734EHTp4000000000000000l1P9336JgF30AH1RT,0*45
\g:2-2-5199153*6E\!AIVDM,2,2,3,A,P00000000000000,2*47
\s:66,c:1782377514*46\!AIVDM,1,1,,A,H1`1gJi8tiI<uTP5J3B22222220,2*65
\s:66,c:1782377514*46\!AIVDM,1,1,,A,H1`1gJl0BCP001LPPPPPPP000000,0*03
\s:66,c:1782377515*47\!AIVDM,1,1,,A,B3P8p?@00>qDP21eoBoCBaN00000,0*51
\s:66,c:1782377475*40\!AIVDM,1,1,,B,170a<R5P1MT2adh>L4SqUOvL0H9>,0*35
\s:66,c:1782377514*46\!AIVDM,1,1,,A,19GoeN0002Nhod88H4FFrjaT08MS,0*45
\g:1-2-5199154,s:66,c:1782377474*07\!AIVDM,2,1,4,B,59NSu342?bA<7Pe7R21@4q`4pT6118u=0E8UAV1IRhlLP5PV0KQUBPBD,0*51
\g:2-2-5199154*69\!AIVDM,2,2,4,B,PB;m@AH88888880,2*16
\s:66,c:1782377512*40\!AIVDM,1,1,,A,15N2ejP00Ore15TGABFI?GIV2000,0*27
\s:66,c:1782377514*46\!AIVDM,1,1,,,B39pK70008;ijv7j>pidcws5oP06,0*10
\s:66,c:1782377514*46\!AIVDM,1,1,,A,35OG=VP000G>frNKhs9Is5ap0000,0*77
\s:66,c:1782377515*47\!AIVDM,1,1,,B,142O`p@0?w<tSF0l4Q@>48ev0pPc,0*03
\s:66,c:1782377498*43\!AIVDM,1,1,,A,19NSu30002T56Bj>;d9c3lE<0pFJ,0*59
\s:66,c:1782377429*49\!AIVDM,1,1,,B,39NSu30002T56D@>;d5Jr4Dr0VW3,0*49
\s:66,c:1782377509*4A\!AIVDM,1,1,,B,19cpo5h00197CvHB`dK8;VSp1T3@,0*23
\s:66,c:1782377509*4A\!AIVDM,1,1,,A,13Q;7ch01<0DN7@SF4GGI5qP053<,0*74
\s:66,c:1782377517*45\!AIVDM,1,1,,B,16:5KE001c`LvQP=rr>EHDOb2<k5,0*1D
\s:66,c:1782377517*45\!AIVDM,1,1,,A,1815>q@01evrfFb@>gdpWnmh2L1M,0*35
\s:66,c:1782377514*46\!AIVDM,1,1,,A,B52Sjah00ml09l6l>6iPEuK5CP06,0*07
\s:66,c:1782377269*4B\!AIVDM,1,1,,A,35?dgwQ0035vAIH:5<Ocr6WR0DPJ,0*3A
\s:66,c:1782377515*47\!AIVDM,1,1,,A,33E`wmP2h0004u4FodLP001p0000,0*46
\s:66,c:1782377515*47\!AIVDM,1,1,,A,36lL0L0P@07@?KH1Vk1HjHKf0191,0*57
\s:66,c:1782377516*44\!AIVDM,1,1,,B,18Hs3t001O0qeJ:IpVCd7Iej0<4G,0*3C
\s:66,c:1782377517*45\!AIVDM,1,1,,A,18LNI:0P01WJGm20doOSLgwj0@QO,0*45
\s:66,c:1782377512*40\!AIVDM,1,1,,A,135b>pPP00QW8ebIT52>4?w`20Sa,0*0C
\g:1-2-5199155,s:66,c:1782377516*03\!AIVDM,2,1,5,B,569`uEP0000098@H001`PuDL4pMADw7P0000000l28B555cd0:6R3mDj,0*48
\g:2-2-5199155*68\!AIVDM,2,2,5,B,0C`888888888880,2*09
\s:66,c:1782377511*43\!AIVDM,1,1,,A,13mJb@0P00QFpnpWnQ;N4?wT2HMp,0*4A
\s:66,c:1782377516*44\!AIVDM,1,1,,A,139`S10P1I0f`HDO9FOFi?wf0@Q;,0*59
\s:66,c:1782377513*41\!AIVDM,1,1,,A,35@LN80Oh53S45@@:qLCsP9b010P,0*44
\s:66,c:1782377372*40\!AIVDM,1,1,,B,371=Ln1000T2cQ>>:>6d3T500Dg:,0*47
\s:66,c:1782377482*48\!AIVDM,1,1,,A,16oa>3h001T3Dr0>55d`cj0b0D5j,0*50
\s:66,c:1782377492*49\!AIVDM,1,1,,B,36oa>3h001T3Dqj>55a8m20v07JC,0*32
\s:66,c:1782377513*41\!AIVDM,1,1,,A,B3psaS0000EOO:Wih7t000N00000,0*42
\s:66,c:1782377511*43\!AIVDM,1,1,,A,160wu2001m8<DH287vhAVAAN0@Lf,0*55
\s:66,c:1782377513*41\!AIVDM,1,1,,A,168vj5300:`e`GDAqlJKRq9b053<,0*70
\s:66,c:1782377511*43\!AIVDM,1,1,,B,B5O:NLP00>n1svR`Ld7Q3wk5t000,0*33
\g:1-2-5199156,s:66,c:1782377513*05\!AIVDM,2,1,6,A,5kwmWED00001CLDS@004I8t@U@4000000000000Twp00w00Htwk0Dm85,0*28
\g:2-2-5199156*6B\!AIVDM,2,2,6,A,C384REQDP000000,2*3C
\s:66,c:1782377514*46\!AIVDM,1,1,,A,13aGuThP0APHqUDMaD=o<gwd20RJ,0*7A
\s:66,c:1782377516*44\!AIVDM,1,1,,B,15N<4CgP01GRs@JCDL;KtOwj0@Pp,0*33
\s:66,c:1782377512*40\!AIVDM,1,1,,A,18SJC?002AWah:p;Rp5VQm?T2D7D,0*05
\s:66,c:1782377517*45\!AIVDM,1,1,,B,19NSo3002B9hmPF2O9hU7DGf00Sd,0*2A
\s:66,c:1782377516*44\!AIVDM,1,1,,B,360skJ5001SS<HL@>vnh0:md2000,0*71
\s:66,c:1782377515*47\!AIVDM,1,1,,A,169=13PP1H8OpDFF<CRCiOwd20S=,0*2A
\s:66,c:1782377517*45\!AIVDM,1,1,,,13eTUh5000`VOo<DVA1DsU5h0000,0*1B
\s:66,c:1782377511*43\!AIVDM,1,1,,B,13@pp9h000Phn>6OE2IAso3T0hMs,0*75
\s:66,c:1782377436*47\!AIVDM,1,1,,B,1:fnD280?w<tSF0l4Q@>45Av0pEJ,0*73
\s:66,c:1782377510*42\!AIVDM,1,1,,A,75CDc<00RW34,0*7E
\s:66,c:1782377512*40\!AIVDM,1,1,,B,13`pgU0P0ePFJGHMv<A5:gw`253<,0*52
\g:1-3-5199157,s:66,c:1782377517*01\!AIVDM,3,1,7,A,802UaTh0D<00000>L2E9i@jHV4Nw0<00000>P2E4hPjF8spw0<00000>,0*7E
\g:2-3-5199157*6B\!AIVDM,3,2,7,A,T2DI2@j?nl3w0002F=3Jd2BQfhh5QH0w0<00000>`2DFbhjCd@0w0<00,0*4C
\g:3-3-5199157*6A\!AIVDM,3,3,7,A,000>d2E1Q0jPD<Jw0P,4*47
\s:66,c:1782377516*44\!AIVDM,1,1,,B,16BPHn001DStDm`>bhq`W01b2<5E,0*62
\s:66,c:1782377511*43\!AIVDM,1,1,,A,B39jQ>00A0;3j55o3IBtcwqUkP06,0*56
\s:66,c:1782377511*43\!AIVDM,1,1,,A,15I@Sd?P01sVPm45u1jf4?wV2HN7,0*0A
\s:66,c:1782377517*45\!AIVDM,1,1,,B,13=@Bb0tQs8h8R@Ak@g:P8Op053<,0*0C
\s:66,c:1782377514*46\!AIVDM,1,1,,A,13d1GG0P00PVJN>FKNcPM?wd253<,0*34
\s:66,c:1782377517*45\!AIVDM,1,1,,B,16=q?H@0005eRRt3vqV;>Rcj053<,0*7B
\s:66,c:1782377517*45\!AIVDM,1,1,,B,17738o01Qk`qr`DBmh2l93=L00SE,0*78
\s:66,c:1782377516*44\!AIVDM,1,1,,B,14eGCw@000rgKMBJ4GI8<6Sf80Rv,0*4C
\s:66,c:1782377512*40\!AIVDM,1,1,,B,B7PJR800:jbj5@Lvi@<qKwqQh0QO,0*09
\s:66,c:1782377516*44\!AIVDM,1,1,,A,17mRN5EP02`=nVivdWkadgwf0@Pl,0*6E
\s:66,c:1782377509*4A\!AIVDM,1,1,,B,H3mfRm0985Ht000000000000000,2*60
\s:66,c:1782377509*4A\!AIVDM,1,1,,B,H3mfRm4U3?=1B00<=jmik00P7220,0*1A
\s:66,c:1782377516*44\!AIVDM,1,1,,B,18I>Mg001V8N5N>F>bmbkHad0<<w,0*51
\s:66,c:1782377517*45\!AIVDM,1,1,,B,13EeDr?P1UP=ubpGgT`iO?whRL0C,0*4F
\s:66,c:1782377508*4B\!AIVDM,1,1,,A,13lrgV001bOURvTDU:=:N8MP0<;q,0*33
\s:66,c:1782377509*4A\!AIVDM,1,1,,B,138kwF0039P7SG`FCu@Qa1ER00SB,0*6B
\s:66,c:1782377510*42\!AIVDM,1,1,,B,B7OlmKP00:e9e8s;qMGQ3wq5oP06,0*65
\s:66,c:1782377500*43\!AIVDM,1,1,,B,13aIh`hP00PO302ML>qh0?w@20SQ,0*0F
\s:66,c:1782377509*4A\!AIVDM,1,1,,B,19NSlD@01rT;RUD=peo5<4=L0D;W,0*14
\s:66,c:1782377509*4A\!AIVDM,1,1,,B,83aBN9hj2d<dtt=f>B`i70386AH0,0*5B
\s:66,c:1782377510*42\!AIVDM,1,1,,A,18uIbj0P00QDDC1dVBA=VwwV2<1G,0*2C
\s:66,c:1782377511*43\!AIVDM,1,1,,A,38154gA000PjScLPucJTM;5T0Dg:,0*2B
\s:66,c:1782377482*48\!AIVDM,1,1,,A,B6l:c400;imelJ0?Wr=:?wv41P06,0*6F
\s:66,c:1782377468*4C\!AIVDM,1,1,8,A,C6l:c400;imek80?WwI:Swv0@2C10VNNM11S0dFV0000S50D660P,0*13
\s:66,c:1782377511*43\!AIVDM,1,1,,A,19NSab@01wPp:f`E;FGDG3OR053<,0*42
\s:66,c:1782377511*43\!AIVDM,1,1,,B,13v5u`002<Ph1``Q5<cSKRgV08N@,0*30
\s:66,c:1782377493*48\!AIVDM,1,1,,B,13V7Fj00222bH5R=HIp<h:8v00Sl,0*46
\s:66,c:1782377412*41\!AIVDM,1,1,7,B,C8SJ;sh01Iu:GP130P4bCwU0H6@bNM0QSKka:000000000000020,0*01
\s:66,c:1782377513*41\!AIVDM,1,1,,B,1815IVPvAp6wfBp39w2DHkWd00R<,0*40
\s:66,c:1782377510*42\!AIVDM,1,1,,A,B6:fp8000J22KC3@E?3>gwq42000,0*67
\s:66,c:1782377485*4F\!AIVDM,1,1,,A,13cdu>WP0KPSmNpFIUSM6wvh20T=,0*34
\s:66,c:1782377512*40\!AIVDM,1,1,,A,E>k`H=J9cshE@IqQS9HppGHrrVIMGIFL;cw6000003qP10,4*01
\s:66,c:1782377438*49\!AIVDM,1,1,,B,1770vU001o8b?9J>Mw23O2m>00SO,0*78
\s:66,c:1782377513*41\!AIVDM,1,1,,B,13Srf2PP00Q24mfIsm8f4?w`28O;,0*65
\s:66,c:1782377514*46\!AIVDM,1,1,,A,15N4T>PP00rqOQ8GgL5v4?wd28Oe,0*00
\s:66,c:1782377477*42\!AIVDM,1,1,,B,16:?cRPvQV2UUMj>7phLtJBR08:5,0*56
\s:66,c:1782377510*42\!AIVDM,1,1,,A,1815Aih01d0KBHvHEd1IboeT0000,0*24
\s:66,c:1782377514*46\!AIVDM,1,1,,A,18Hw3wPP00WKn@l0gWdRv4o`0pOa,0*1F
\s:66,c:1782377512*40\!AIVDM,1,1,,B,13l3pu001R0IK1fH3fn9sGqT00Rs,0*01
\s:66,c:1782377516*44\!AIVDM,1,1,,B,13MAIu0P00P1kQ8MKrl>4?wf253<,0*20
\s:66,c:1782377514*46\!AIVDM,1,1,,A,13P<s1Pth01dlsnE`GMsNa1d0L6=,0*03
\s:66,c:1782377514*46\!AIVDM,1,1,,A,13aDCa@P00PF<sbHmaVK3?wd2@OJ,0*39
\s:66,c:1782377509*4A\!AIVDM,1,1,,A,3815Aih01S0KBHvHEd19aWep0000,0*7E
\s:66,c:1782377514*46\!AIVDM,1,1,,A,13ku<8@02m0SbStHfg=a;GGf08P9,0*1E
\s:66,c:1782377515*47\!AIVDM,1,1,,A,18158`@01sPEjhnHRaQQF13d00Si,0*59
\s:66,c:1782377514*46\!AIVDM,1,1,,B,148LOv002`QIma@Omwdr@p9b2L2?,0*30
\s:66,c:1782377508*4B\!AIVDM,1,1,,B,191=Bl0uS9P>ehjEI:hWH5eP0@Ks,0*20
\s:66,c:1782377510*42\!AIVDM,1,1,,A,169CWa00028o`GN@7bSF0P1R0000,0*52
\g:1-2-5199158,s:66,c:1782377313*0D\!AIVDM,2,1,8,A,55?T<T42=m7G<D8;N204j1D@DTB222222222221?@`=995eB0A3kH4kj,0*51
\g:2-2-5199158*65\!AIVDM,2,2,8,A,888888888888880,2*2C
\s:66,c:1782377512*40\!AIVDM,1,1,,A,13o1@dP0000G1KnS?r?JHBcR053<,0*07
\s:66,c:1782377515*47\!AIVDM,1,1,,B,13TcH40P27Qd@M@Eb3nu0?wf00Rf,0*54
\s:66,c:1782377514*46\!AIVDM,1,1,,B,13bmR`0vi:PBa8pNEaopwG?`80Rr,0*06
\s:66,c:1782377503*40\!AIVDM,1,1,,A,35?T<T001vTEDQB=;hj<8aQB0P00,0*30
\s:66,c:1782377516*44\!AIVDM,1,1,,B,3:U75:5P00M?eUApU8qcfgwf0EmJ,0*6A
\s:66,c:1782377516*44\!AIVDM,1,1,,B,83a3Nl0j2d<v<<eeeP:`?hOU0000,0*3A
\g:1-2-5199159,s:66,c:1782377517*0E\!AIVDM,2,1,9,B,54`UtWH2?iw<?H8?:20L58T84h@V1=0U8UB2221@I0c?K5dQ0PU24lRH,0*6E
\g:2-2-5199159*64\!AIVDM,2,2,9,B,888888888888880,2*2E
\s:66,c:1782377512*40\!AIVDM,1,1,,B,14VHhV31PP0HaA0QklJRFB;T0<0q,0*02
\s:66,c:1782377513*41\!AIVDM,1,1,,B,B3cgLBP0001aarUTAnCQ3wr7p000,0*00
\s:66,c:1782377517*45\!AIVDM,1,1,,B,13UIeC8P01QdPlpEdKoN4?wj28QQ,0*5A
\s:66,c:1782377510*42\!AIVDM,1,1,,A,14:A;1SP00QWOIfIQk8N4?w@2HGO,0*7C
\s:66,c:1782377516*44\!AIVDM,1,1,,A,33mLOm70000kI88U7<`0001p0000,0*7F
\s:66,c:1782377513*41\!AIVDM,1,1,,A,H3M@V<@H4U:0U<hD00000000000,2*2E
\s:66,c:1782377513*41\!AIVDM,1,1,,A,H3M@V<DTCBD7:C1=1ECp001@7220,0*1C
\s:66,c:1782377516*44\!AIVDM,1,1,,B,170>R15P?w<tSF0l4Q@>4?wp1`G8,0*5B
\s:66,c:1782377517*45\!AIVDM,1,1,,B,37m;Ti@00Q83sOAt=LFjFOv00000,0*4B
\s:66,c:1782377513*41\!AIVDM,1,1,,B,13GQReP000P6SH6F;Ud>41mb253<,0*5D
\s:66,c:1782377510*42\!AIVDM,1,1,,A,13aIh`hP00PO2wnML>qh0?wT2D1n,0*2B
\s:66,c:1782377508*4B\!AIVDM,1,1,,A,33wm691000WO9ll1;hG:7UOH0000,0*69
\s:66,c:1782377506*45\!AIVDM,1,1,,A,38I<FU10@04;BTT=SI5@a1wH0Deb,0*39
\s:66,c:1782377506*45\!AIVDM,1,1,,A,15NLkIPP00JB7LdBnNdcHOwN053<,0*44
\s:66,c:1782377508*4B\!AIVDM,1,1,,B,13cURP0P1UPe6@`I>8>MMOwR28LT,0*3D
\s:66,c:1782377509*4A\!AIVDM,1,1,,B,13ku:s@02=QI:ETPfQS0H@IP0d27,0*78
\s:66,c:1782377506*45\!AIVDM,1,1,,A,B40a1wP005IRGku`pH4000N00000,0*42
\s:66,c:1782377511*43\!AIVDM,1,1,,A,1815RO001I7L2NL0f769bWeP0<<P,0*0B
\s:66,c:1782377505*46\!AIVDM,1,1,,A,33Jufr0=@00JtsRHbNs0qPgp0000,0*4E
\s:66,c:1782377509*4A\!AIVDM,1,1,,A,13=Qct00@50OM=TE>AkDw45N0<61,0*57
\s:66,c:1782377510*42\!AIVDM,1,1,,B,33cwNA0P@WPvpS0J8Rfp=nER00o@,0*21
\s:66,c:1782377505*46\!AIVDM,1,1,,B,13VR1l0wAjwTHDnL<eiS=2WJ0<2N,0*1E
\s:66,c:1782377511*43\!AIVDM,1,1,,A,13aGtsPP0sPGAgNN1MKW8OwV2<1D,0*3A
\s:66,c:1782377509*4A\!AIVDM,1,1,,B,19Goc9?P00vh<l>8IdpN4?wR20S<,0*28
\s:66,c:1782377508*4B\!AIVDM,1,1,,A,H40a1wP<DhDp400000000000000,2*0F
\s:66,c:1782377508*4B\!AIVDM,1,1,,A,H40a1wTU000000082Ilpnl0h8220,0*71
\s:66,c:1782377512*40\!AIVDM,1,1,,B,403t?iivad`kP`LDo0=wap700<4g,0*45
\s:66,c:1782377510*42\!AIVDM,1,1,,,13bA>J8P0jOa9DhcP7S9MgwV2000,0*5C
\s:66,c:1782377505*46\!AIVDM,1,1,,B,13aN`AW000PG2HLNBVDv49oJ00R>,0*43
\s:66,c:1782377511*43\!AIVDM,1,1,,B,C6:Qs0000275Tk3OaJ;J7wv0DBM0@2C0V@bM1j000000`2P722PP,0*4A
\s:66,c:1782377512*40\!AIVDM,1,1,,B,1:U7UP8P01uOrW;s<l4GuOw`20St,0*5C
\s:66,c:1782377434*45\!AIVDM,1,1,,A,H6<fq1QTtpN0IF1UF2222222220,2*10
\s:66,c:1782377434*45\!AIVDM,1,1,,B,H6<fq1TN00000002;phklP1@:330,0*56
\s:66,c:1782377512*40\!AIVDM,1,1,,B,34cW>n5000R:;U`R@qR3S4?V2DUb,0*68
\s:66,c:1782377507*44\!AIVDM,1,1,,A,13L=ol001h1Oca>RCNf8dnr00000,0*04
\s:66,c:1782377511*43\!AIVDM,1,1,,A,15>md0000FrCamj59PqtDIqV08NC,0*72
\s:66,c:1782377498*43\!AIVDM,1,1,,A,14`UvS01092e=BB<q@3mePM80PRs,0*03
\s:66,c:1782377442*44\!AIVDM,1,1,,A,36?UkBiw@2Wh8@6<>LP3ema:0Dg:,0*2A
\s:66,c:1782377513*41\!AIVDM,1,1,,A,19NSGL@01iWGar<0n:gDp3qH0D1P,0*07
\s:66,c:1782377500*43\!AIVDM,1,1,,B,15?dQ4P0?w<tSF0l4Q@>48Cv0l5R,0*2F
\s:66,c:1782377513*41\!AIVDM,1,1,,A,190wAT?P000OWgVE6oW`0wwb2<24,0*7B
\s:66,c:1782377513*41\!AIVDM,1,1,,A,39AF37@P@c2D5RbAnPtGWP7V0Qoh,0*23
\s:66,c:1782377513*41\!AIVDM,1,1,,A,35O6amPPA5oRqBDCCV@1nQ;b00a0,0*7B
\s:66,c:1782377513*41\!AIVDM,1,1,,A,15?dVrP01L3<1GmhP80BHAsV08OH,0*05
\s:66,c:1782377510*42\!AIVDM,1,1,,A,B40a1wP00EIRGgu`pId000N00000,0*6F
\s:66,c:1782377512*40\!AIVDM,1,1,,B,18Humc01C5Ng13T6PNlMt;=b0@Nw,0*47
\s:66,c:1782377499*42\!AIVDM,1,1,,A,160ShiPP012jqpr<pPOH5?w@053<,0*45
\s:66,c:1782377452*45\!AIVDM,1,1,,A,15?dL800212OflB?:MP5ND?V0@NH,0*03
\s:66,c:1782377514*46\!AIVDM,1,1,,B,1815a2@01f0B@?VEEEib@`?f0@Ol,0*63
\s:66,c:1782377510*42\!AIVDM,1,1,,B,B69;WMPD1R7LttUUOoC37wqESP06,0*64
\g:1-2-5199160,s:66,c:1782377515*06\!AIVDM,2,1,0,A,56;9voT000000000000<P4pN0`T4pN1`PV1PUF161Ap;;5efN@iUH4BC,0*6A
\g:2-2-5199160*6E\!AIVDM,2,2,0,A,Qp8888888888880,2*05
\s:66,c:1782377513*41\!AIVDM,1,1,,B,33eqaJ5000Q2KoNDRMbjaQeV8DVr,0*1E
\s:66,c:1782377514*46\!AIVDM,1,1,,A,13L=ol001h1OcQ6RCN<HfFp00000,0*3E
\s:66,c:1782377514*46\!AIVDM,1,1,,A,13VR1l0wijwTHRRL<et3<RWd0@OQ,0*33
\g:1-2-5199161,s:66,c:1782377284*08\!AIVDM,2,1,1,A,5:fbih82;`th=07?3G0@Di@7622222222222221600000t0Ht:PPCQ0D,0*1F
\g:2-2-5199161*6F\!AIVDM,2,2,1,A,`0@PPDh00000000,2*29
\s:66,c:1782377515*47\!AIVDM,1,1,,A,13doRt001u07DmvM;AeAcQEh0D49,0*60
\s:66,c:1782377514*46\!AIVDM,1,1,,A,15NH0O0000rA@P8>s:66,0*2A
\s:66,c:1782377511*43\!AIVDM,1,1,,A,18HvCG004cWKSW80d9UcEa1T28Mt,0*4B
\s:66,c:1782377508*4B\!AIVDM,1,1,,A,38150v@022OjFGnDpqvro8ep0000,0*56
\s:66,c:1782377515*47\!AIVDM,1,1,,A,405InAAvad`k`<tSF0l4Q@101P06,0*6A
\s:66,c:1782377515*47\!AIVDM,1,1,,A,1kamhV00000OcUhNPh5Q`i:1uwww,0*7D
\s:66,c:1782377512*40\!AIVDM,1,1,,A,16QiGJ0P032P1tb@kAf7swwb08Nc,0*3D
\s:66,c:1782377514*46\!AIVDM,1,1,,A,13aN`AW000PG2HLNBVE>49od00SI,0*51
\s:66,c:1782377514*46\!AIVDM,1,1,,,13bA>J8P0gOa9>dcP7M9SOwf2000,0*3F
\s:66,c:1782377517*45\!AIVDM,1,1,,A,B40a1wP005IRGku`pH4000N00000,0*42
\s:66,c:1782377497*4C\!AIVDM,1,1,,B,16@OeeWP0j5uoR0:9rD96gw:00SU,0*2B
\s:66,c:1782377512*40\!AIVDM,1,1,,A,16SfRP?P1?`rrB@C:s2sNgwT20SG,0*42
\s:66,c:1782377517*45\!AIVDM,1,1,,A,13e`w0001M844P3t3uKhr@kd0@QK,0*07
\s:66,c:1782377517*45\!AIVDM,1,1,,A,14Rr?U001JU0>=4<wjW9fWef08Po,0*0A
\s:66,c:1782377442*44\!AIVDM,1,1,,B,3815I>10065v1V::3gosunkD0Ddr,0*60
\s:66,c:1782377516*44\!AIVDM,1,1,,B,C6:Qs0000275Tk3OaJ;J7wv0DBM0@2C0V@bM1j000000`2P722PP,0*4A
\s:66,c:1782377516*44\!AIVDM,1,1,,,152iqN022Ub0pwlCC1=VgmSb0000,0*3A
\s:66,c:1782377504*47\!AIVDM,1,1,,A,1:fbih8P00T<5H:=R3lQTwwF28Ir,0*2D
\s:66,c:1782377230*47\!AIVDM,1,1,,A,B6?Umr0009PPK=2adCwQ3wQUoP06,0*73
\s:66,c:1782377517*45\!AIVDM,1,1,,A,17ljJcw0007aD5etPHvl;Uaj00S<,0*76
\s:66,c:1782377517*45\!AIVDM,1,1,,A,13cURP0P1UPe6=lI>9:MNOwl253<,0*6D
\s:66,c:1782377508*4B\!AIVDM,1,1,,A,35NO=l0000JrjiTH@05382ip0000,0*32
\s:66,c:1782377509*4A\!AIVDM,1,1,,A,13`omb5P1=PFHA4MvsLHj?wR2D6?,0*25
\s:66,c:1782377509*4A\!AIVDM,1,1,,A,702:Ks0hv3i`,0*05
\s:66,c:1782377507*44\!AIVDM,1,1,,A,17PIv<0P@@bcP8?kmL=HVoiN00Rl,0*5A
\s:66,c:1782377505*46\!AIVDM,1,1,,A,13aJIH@P15PFMB0Mv;gPTgwL2HJU,0*69
\s:66,c:1782377510*42\!AIVDM,1,1,,B,137vm00023OtH6`LokW:`pWT08M;,0*57
\s:66,c:1782377506*45\!AIVDM,1,1,,A,19NSbHh0Aq7>w@J1U<dsUqAH0D2u,0*54
\s:66,c:1782377509*4A\!AIVDM,1,1,,A,36:J=610028j47LA1PFn4AmN0D`b,0*6E
\s:66,c:1782377507*44\!AIVDM,1,1,,A,16BU`010?w<tSF0l4Q@>4:Ev0h2E,0*27
\s:66,c:1782377509*4A\!AIVDM,1,1,,B,142LbIh00025vghGH9ee@rwR0hLi,0*0F
\s:66,c:1782377510*42\!AIVDM,1,1,,A,13co5S0P0CPvu>tJ7hk3HgwR2HMF,0*72
\s:66,c:1782377507*44\!AIVDM,1,1,,A,33TdV<00S51QgsJEpg6SNRip0000,0*16
\s:66,c:1782377509*4A\!AIVDM,1,1,,,18Ld;v0ujuvecsV7<hOVemIL1000,0*72
\s:66,c:1782377511*43\!AIVDM,1,1,,A,18KohP0P07WK3tF0f>6D1Ow`28NA,0*3F
\s:66,c:1782377508*4B\!AIVDM,1,1,,B,16;9S@001`8k4m:D``K6v5ON0HL=,0*20
\s:66,c:1782377503*40\!AIVDM,1,1,,A,13KHUb0sjN1NjPRRHl@rqHf00000,0*4B
\s:66,c:1782377509*4A\!AIVDM,1,1,,A,16:>pwPOiO`n:W`@nob;E9;T0@M:,0*14
\s:66,c:1782377504*47\!AIVDM,1,1,,A,13aC3Sh01<OwRnRLkL>jqjCJ08Iw,0*7E
\s:66,c:1782377508*4B\!AIVDM,1,1,,B,18LV`P012N8bikr?AWQp86ML00Rw,0*73
\s:66,c:1782377510*42\!AIVDM,1,1,,A,6@2:Ks0uD`hP048j=h0000000000,0*3A
\s:66,c:1782377512*40\!AIVDM,1,1,,B,ENk`upNT4h@@@@@@@@@@@@@@@@@=8fFM7PdBh00003vP000,2*40
\s:66,c:1782377511*43\!AIVDM,1,1,,B,18I<Pg020@`kq`JAEn@bu3oV0D2R,0*6F
\s:66,c:1782377505*46\!AIVDM,1,1,,B,18LcM60000SS==:@Dj5oMqwJ0HJ@,0*05
\g:1-2-5199162,s:66,c:1782377513*02\!AIVDM,2,1,2,A,577JWV82<vs1I9@KV215D5V1=@5:22222222221BB0OF95e00?QSl`3l,0*1B
\g:2-2-5199162*6C\!AIVDM,2,2,2,A,Q1D`88888888880,2*62
\s:66,c:1782377513*41\!AIVDM,1,1,,A,B5?dhuP001rK20QOK7i10lJ08HNv,0*19
\s:66,c:1782377513*41\!AIVDM,1,1,,,18Ld;v0v2uvect:7<h5neUIP1000,0*24
\s:66,c:1782377512*40\!AIVDM,1,1,,A,35?B<>1w00rD>uL54S1N4;;`0Dg:,0*78
\s:66,c:1782377511*43\!AIVDM,1,1,,A,B3P7uCP0AgwPwEW@W1vRGwq1l<1A,0*50
\s:66,c:1782377508*4B\!AIVDM,1,1,,B,13KHUb0sBM1NjC6RHlGrl`d00000,0*24
\s:66,c:1782377509*4A\!AIVDM,1,1,,A,13bb0F00000GpGlNR4>9jhUR0D2f,0*74
\s:66,c:1782377510*42\!AIVDM,1,1,,B,13LBaQ00001RBl>RvS1PWK>00000,0*6E
\s:66,c:1782377513*41\!AIVDM,1,1,,A,702:Ks0hv3i`,0*05
\s:66,c:1782377507*44\!AIVDM,1,1,,B,16U0hn001qW?toN1OT:T`3kL2D25,0*7D
\s:66,c:1782377514*46\!AIVDM,1,1,,B,13KHUb0sBK1Nj2nRHlOJj`b00000,0*3B
\s:66,c:1782377510*42\!AIVDM,1,1,,A,160rAh@0Pk3UwgJ?L4K`co;L00Rq,0*09
\s:66,c:1782377514*46\!AIVDM,1,1,,B,E>m1cD0`4V7b@17Pa24W3h9b0b4n;`GIkQwR`00003s033k`0P,4*59
\s:66,c:1782377515*47\!AIVDM,1,1,,B,39NSTUPt1DUFQdR6qhP=c:g`00`@,0*2A
\s:66,c:1782377510*42\!AIVDM,1,1,,A,16;G:F001UR4RJHGJH@221UR00Sr,0*61
\s:66,c:1782377511*43\!AIVDM,1,1,,A,33eh;t00Q`0o<nDO9r6JS8Kp0000,0*34
\s:66,c:1782377513*41\!AIVDM,1,1,,B,13?sH70000PeIoPN`kvKNpG42l6=,0*37
\s:66,c:1782377512*40\!AIVDM,1,1,,A,340`@F000jG<Co4L=va4H3gp0000,0*70
\s:66,c:1782377512*40\!AIVDM,1,1,,B,19NSW;@01hPH6n8EQjK3PRkT0HMv,0*75
\s:66,c:1782377509*4A\!AIVDM,1,1,,A,17ldtM00007L4vv0bqKHMjsT0D:s,0*43
\s:66,c:1782377512*40\!AIVDM,1,1,,B,B3mPJ900086oQW8G:CV5cwr5oP06,0*42
\s:66,c:1782377514*46\!AIVDM,1,1,,A,15Nu0pP000q=9M:@tMVEf4Qf0<1q,0*78
\s:66,c:1782377508*4B\!AIVDM,1,1,,B,15O73g0P00oRSP8CBwM9hOwR28LM,0*60
\g:1-2-5199163,s:66,c:1782377515*05\!AIVDM,2,1,3,A,5815ARp2>I=5KLQc>20<Q8U=@Tp4:22222222216E@D@@5eWNORC`3jj,0*5F
\g:2-2-5199163*6D\!AIVDM,2,2,3,A,888888888888880,2*27
\s:66,c:1782377510*42\!AIVDM,1,1,,B,13c56f001K05`p>Nb=T3I2oP0d72,0*13
\s:66,c:1782377360*43\!AIVDM,1,1,,A,3815ARhPA`TP9u0=@?b3r3<V0Q40,0*06
\s:66,c:1782377513*41\!AIVDM,1,1,,B,B3Ic23P0Ap;8I968u>B<GwrQl000,0*29
\s:66,c:1782377515*47\!AIVDM,1,1,,B,2:5epa0000W`bwF66ivJ7SUR08Oa,0*18
\s:66,c:1782377514*46\!AIVDM,1,1,,A,37PIv<0P@:bcP8OkmL:mBoWd00rP,0*6C
\g:1-2-5199164,s:66,c:1782377516*01\!AIVDM,2,1,4,A,53eh;t42DK;CTP7C7ST4@4000000000000000016I@KD<0000T54`2Dj,0*30
\g:2-2-5199164*6A\!AIVDM,2,2,4,A,h00000000000000,2*78
\s:66,c:1782377504*47\!AIVDM,1,1,,A,19NSgah11bT>=nH=WbS<>qk60HJ5,0*3C
\s:66,c:1782377408*4A\!AIVDM,1,1,,B,38VfQF1Oh143MT`>RNhl<k3p1ldJ,0*11
\s:66,c:1782377512*40\!AIVDM,1,1,,A,140`@F000ko<Co6L=v`lGSg`0D72,0*0E
\s:66,c:1782377515*47\!AIVDM,1,1,,A,E>jVEe?9RPh30a6hJHIHsh32V62hahSrCwNAH10888s024j3k3ACP0,4*72
\s:66,c:1782377516*44\!AIVDM,1,1,,A,15?dajP01E8jVF@CcmCP0@5f0@Ps,0*4A
\s:66,c:1782377517*45\!AIVDM,1,1,,A,36:60m10018g4u@AR5tcFjCd0DGJ,0*6F
\s:66,c:1782377517*45\!AIVDM,1,1,,A,H5?dhuP55DTh7<0000000000000,2*0C
\s:66,c:1782377517*45\!AIVDM,1,1,,A,H5?dhuU6?>G1000k51mimi50`990,0*03
\s:66,c:1782377502*41\!AIVDM,1,1,,A,13mU>F01QLPAIhJNoDsRh2C<00SF,0*76
\s:66,c:1782377506*45\!AIVDM,1,1,,B,18Ih`400017L3wv0g>?5:RuL08Ju,0*14
\s:66,c:1782377509*4A\!AIVDM,1,1,,A,19NSfbP02V0dfD`I9Ehps79N08Ln,0*11
\s:66,c:1782377510*42\!AIVDM,1,1,,B,1815IE@01V4g9k0;4?F7>UuR0<07,0*04
\s:66,c:1782377506*45\!AIVDM,1,1,,A,16:<1=001=8iTq@@nO=R>QkJ053<,0*59
\s:66,c:1782377508*4B\!AIVDM,1,1,,A,B6:eGQ@3wk?8mP=18D3Q3wP7QP06,0*78
\s:66,c:1782377508*4B\!AIVDM,1,1,,B,19NSlN01RfwCvKrE?0RFN5;V00Ro,0*29
\s:66,c:1782377506*45\!AIVDM,1,1,,A,18USDn00053OcV4@?G5lvbuL0<?r,0*76
\s:66,c:1782377509*4A\!AIVDM,1,1,,B,18HtvG0P00WKS`j0g5WVvOwP253<,0*71
\s:66,c:1782377510*42\!AIVDM,1,1,,A,13crvH0P010dQS6I?<hPhgwR00S1,0*30
\s:66,c:1782377508*4B\!AIVDM,1,1,,A,377Wmd0v@7OelAP2ohI2rGSN05GC,0*4A
\s:66,c:1782377509*4A\!AIVDM,1,1,,B,13`ilt5000PDvgBN1=lp23iP0<4k,0*41
\s:66,c:1782377510*42\!AIVDM,1,1,,A,17likge0008FfmKwB26qqC5R0D2U,0*44
\s:66,c:1782377505*46\!AIVDM,1,1,,A,13L?Jp00001QtTdRUFIqB7N00000,0*3B
\s:66,c:1782377511*43\!AIVDM,1,1,,A,13P<ljPP0001T:hMLE?CG?wV0HN?,0*21
\s:66,c:1782377505*46\!AIVDM,1,1,,B,16:8gr001@8iTM@AhalbtI=F00S<,0*23
\s:66,c:1782377511*43\!AIVDM,1,1,,B,ENo6GV<Q7dPh1Pa:0SRW0hIH@@@=C9ga2u:mP1088;v010,4*5D
\s:66,c:1782377511*43\!AIVDM,1,1,,B,13KPfw800;1QbU<Ra8Q3KBP00000,0*45
\s:66,c:1782377511*43\!AIVDM,1,1,,A,19NSb5P02508QI8E6LurG8CV08Mr,0*4E
\s:66,c:1782377511*43\!AIVDM,1,1,,A,35D3nf04R?1@b8;e3s`nFU5T00F@,0*79
\s:66,c:1782377513*41\!AIVDM,1,1,,B,13dnwj5P221dBBPEbUKGGgwb0D8D,0*13
\s:66,c:1782377412*41\!AIVDM,1,1,,A,169uL?0P?w<tSF0l4Q@>4?wp0l3>,0*71
\s:66,c:1782377498*43\!AIVDM,1,1,,B,369uL?0P?w<tSF0l4Q@>4?wp0S5A,0*36
\s:66,c:1782377512*40\!AIVDM,1,1,,B,18SK3J0P01WaswJ5tN8p8gwT20S8,0*06
\s:66,c:1782377512*40\!AIVDM,1,1,,B,3:5cuV8P@72mOCEubrUf40=V21rP,0*48
\s:66,c:1782377513*41\!AIVDM,1,1,,B,36lHMp0P007Jkkv0gn:qugwN00TC,0*1C
\s:66,c:1782377513*41\!AIVDM,1,1,,A,18I?6h0wA@8heb0A0Q;bMHOV00SC,0*53
\s:66,c:1782377509*4A\!AIVDM,1,1,,A,137hRt0000P<4?nF`D84nAOP0HLf,0*58
\s:66,c:1782377514*46\!AIVDM,1,1,,A,19NSlN012fwCvNDE>wWVMm;h0D0M,0*7B
\s:66,c:1782377514*46\!AIVDM,1,1,,A,13aSQ70P@30C>SBMeI59Rbad08OW,0*77
\s:66,c:1782377501*42\!AIVDM,1,1,,A,162?@t@2ipTIcah=Cts;=pw00D1a,0*68
\s:66,c:1782377514*46\!AIVDM,1,1,,A,15RUv400082hpi><lWdl?W3`0hOR,0*63
\s:66,c:1782377514*46\!AIVDM,1,1,,A,13m9qG7P00Qnq9T`WHCv4?wd20Su,0*74
\s:66,c:1782377515*47\!AIVDM,1,1,,A,18Ih`400017L3wr0g>=m:Ruf08PB,0*4E
\s:66,c:1782377511*43\!AIVDM,1,1,,A,339etE00000eLoFN`5G@001p0000,0*26
\s:66,c:1782377515*47\!AIVDM,1,1,,B,19NSfbPw2V0df:HI9E1`s79f0<:7,0*49
\s:66,c:1782377502*41\!AIVDM,1,1,,A,15@vQl000qT2lFd>RNrmklS@0U3<,0*03
\s:66,c:1782377507*44\!AIVDM,1,1,,B,13MCfnP000P3glHNQ;QSv;?N0@Kl,0*2C
\s:66,c:1782377514*46\!AIVDM,1,1,,A,13`en6@P0gPIpfbN>g72a?wdR0S;,0*06
\s:66,c:1782377514*46\!AIVDM,1,1,,B,B69DLJh01j=enq41NTwEJbv021Mk,0*08
\s:66,c:1782377512*40\!AIVDM,1,1,,A,13aENWhP0vPEoBvMwFvuO?w`20RP,0*31
\s:66,c:1782377510*42\!AIVDM,1,1,,B,18wt:j0022SbD;2?i:DV2loP08MG,0*1E
\s:66,c:1782377515*47\!AIVDM,1,1,,B,18R9HO000?3OR?n@;?7iV0Mb0PRJ,0*1B
\s:66,c:1782377516*44\!AIVDM,1,1,,B,35D3nf012@1@b:Se3rq6C55f00TP,0*17
\s:66,c:1782377413*40\!AIVDM,1,1,,B,36Bic;?P0148cQV>cesa<?vD2000,0*4C
\s:66,c:1782377513*41\!AIVDM,1,1,,B,13mU>F0wALPAIu4NoEABf2CP00Sc,0*24
\s:66,c:1782377510*42\!AIVDM,1,1,,A,B3:0fB00<H<@ww7lEdeO1<h5oP06,0*48
\s:66,c:1782377516*44\!AIVDM,1,1,,A,13MCfnP000P3glFNQ;QbTK?f00SG,0*29
\s:66,c:1782377514*46\!AIVDM,1,1,,A,B52b:T@006V7IH6Gihn@1kN00000,0*03
\s:66,c:1782377517*45\!AIVDM,1,1,,B,19NSfhP01;1OlWad03mb9pAj0@Pu,0*2F
\s:66,c:1782377516*44\!AIVDM,1,1,,A,13`ilt5000PDvgBN1=lp23if0HPd,0*6B
\s:66,c:1782377514*46\!AIVDM,1,1,,B,13aFfe0P00PDTNrMe2Sv4?wd2<7w,0*76
\s:66,c:1782377517*45\!AIVDM,1,1,,B,35O7MSc00trR7pHE9awmAl=h02fi,0*0F
\s:66,c:1782377509*4A\!AIVDM,1,1,,A,19pMBp7P00vh=Q:8Iiav4?wP28L9,0*52
\s:66,c:1782377510*42\!AIVDM,1,1,,A,ENl5C6v=4:h<4PW3hIJLph;a2QUT4U0G6EgI800000N010,4*2F
\s:66,c:1782377507*44\!AIVDM,1,1,,A,36:LaRPP@O8W1R0D`0m8p7=L015Q,0*47
\s:66,c:1782377505*46\!AIVDM,1,1,,B,13miSJ001vP1LJ`LkV>2iRAH0L6T,0*2B
\s:66,c:1782377507*44\!AIVDM,1,1,,B,33dUut01iTPu4B>DB1ps?OwP04ak,0*29
\s:66,c:1782377505*46\!AIVDM,1,1,,A,B3n2?i0008@LRw9WwJeH?wmUoP06,0*4B
\s:66,c:1782377503*40\!AIVDM,1,1,,A,13EmAiWP00P7tdbGUCwf4?wD2@I;,0*4E
\s:66,c:1782377506*45\!AIVDM,1,1,,B,16:G1q00008;1;4<rKcIb1?J0<2E,0*50
\s:66,c:1782377503*40\!AIVDM,1,1,,A,34`Uv7h01COpTHvE4@kHw75p0000,0*3D
\s:66,c:1782377505*46\!AIVDM,1,1,,A,15Nvmu;000G@QU0KM;f;rHiH2<1a,0*1F
\s:66,c:1782377510*42\!AIVDM,1,1,,A,35?jN`0P00Pn;1;u@eSN4?wT2AV3,0*47
\s:66,c:1782377510*42\!AIVDM,1,1,,A,13l3r=@v1qNfq1t9pCR@6P2@08M9,0*2E
\s:66,c:1782377507*44\!AIVDM,1,1,,B,14RHV4001gwWh0@DV8FsHI3J08Ko,0*7D
\s:66,c:1782377511*43\!AIVDM,1,1,,A,17tKpL@001WJ4Lh0eKGR659R0L;i,0*12
\s:66,c:1782377512*40\!AIVDM,1,1,,A,18I7f6022;`i2Nd@vFGCoRwV0D6E,0*74
\s:66,c:1782377505*46\!AIVDM,1,1,,B,35?dNThPAN<PL8MbwFvou6;F00u@,0*41
\s:66,c:1782377509*4A\!AIVDM,1,1,,A,18Hw9H`0007K8gd0fQ3huQ7N08M9,0*0B
\s:66,c:1782377510*42\!AIVDM,1,1,,B,38Hrwh`OkR7KOSB0dH7bh`QR0DjM,0*2E
\s:66,c:1782377339*4F\!AIVDM,1,1,,A,B52lJ80005l:Es5GKv@03wu5oP06,0*1A
\s:66,c:1782377302*47\!AIVDM,1,1,,A,35?dUEm000`caeD>I;5REqip0P00,0*13
\s:66,c:1782377512*40\!AIVDM,1,1,,A,13kt;d002q9mdWpBkw22lB?T053<,0*21
\s:66,c:1782377509*4A\!AIVDM,1,1,,A,19NSd6P0jDPJRa<Ng8<9s7qR053<,0*43
\s:66,c:1782377493*48\!AIVDM,1,1,,B,C=Ul@j@002:Ggh3ccR?4rMv0hBL<2L?eiiKkk;11111000`52RRP,0*63
\s:66,c:1782377513*41\!AIVDM,1,1,,A,C6:bdJ@00226tC3@1696wwv0>b2L>hBL?eiSV0000000S444V20P,0*46
\s:66,c:1782377502*41\!AIVDM,1,1,,B,169GFWPP0sWhvk8<A<@2>OwB2@Hh,0*31
\s:66,c:1782377302*47\!AIVDM,1,1,,B,369GFWPP0sWhuKp<A4D1ugvb20Pk,0*7E
\s:66,c:1782377513*41\!AIVDM,1,1,,,13aDp80P?w<tSF0l4Q@>4?wvPPSW,0*34
\s:66,c:1782377512*40\!AIVDM,1,1,,B,B8Sta1h09Is<IV1N52Dtwwq73P06,0*3B
\g:1-2-5199165,s:66,c:1782377221*03\!AIVDM,2,1,5,A,57WK6hT2:s3mCP7?OSHP5Le>118T@F222222221@9h<945ij::C@C1H8,0*50
\g:2-2-5199165*6B\!AIVDM,2,2,5,A,888888888888880,2*21
\g:1-2-5199166,s:66,c:1782377494*08\!AIVDM,2,1,6,A,59@>l5`239G7LiG;K;D4j0dQL4`622222222221@7PI85uISN6Dj2CPD,0*06
\g:2-2-5199166*68\!AIVDM,2,2,6,A,p3k@C`888888880,2*69
\s:66,c:1782377494*4F\!AIVDM,1,1,,A,1;<1@J801HRboHV<lcTUslS20d5A,0*77
\s:66,c:1782377513*41\!AIVDM,1,1,,B,16:7@jP01I```dVDTn?;1HgR253<,0*71
\s:66,c:1782377510*42\!AIVDM,1,1,,B,15W2AH00i7NhL4V8IRv3bRoV0<2T,0*1E
\s:66,c:1782377512*40\!AIVDM,1,1,,B,35?dNThPAN<PL5ibwFDGpn9T01w@,0*3C
\s:66,c:1782377515*47\!AIVDM,1,1,,B,B5NgeoP0@0>O0rWvrnt3gwsQh8PS,0*49
\s:66,c:1782377511*43\!AIVDM,1,1,,A,39NSC3iP00KUrIf663vq3wwV0E0b,0*4D
\s:66,c:1782377514*46\!AIVDM,1,1,,A,34`Uv7h01BOpTB2E4@=pw75p0000,0*1C
\s:66,c:1782377511*43\!AIVDM,1,1,,B,13o:v40000Qnnl0`Wt`R8n?V00SO,0*6F
\s:66,c:1782377513*41\!AIVDM,1,1,,B,17ldcw`P00`Fd>KwC5J0vww`253<,0*5D
\s:66,c:1782377510*42\!AIVDM,1,1,,A,169A97GP1PNlQOv=EDDp=?wp1`H2,0*4D
\s:66,c:1782377514*46\!AIVDM,1,1,,B,19NSWgh0067Kf3r0fqukf36v0D;I,0*2F
\s:66,c:1782377511*43\!AIVDM,1,1,,B,37m3r<1P007L3WH0b@okUgwT0C=r,0*3C
\s:66,c:1782377514*46\!AIVDM,1,1,,A,13crtK3P00Pw1KLJ7<oeCwwf2D1k,0*3A
\s:66,c:1782377515*47\!AIVDM,1,1,,B,28SJT250007`V:86:=TK8F9b0@Ob,0*00
\s:66,c:1782377509*4A\!AIVDM,1,1,,B,14SKjn300P0HbqfQkp?BHj1R0U3<,0*4E
\s:66,c:1782377488*42\!AIVDM,1,1,,B,17WK6hRP0@T4RH`>HcBtQ?vn253<,0*54
\s:66,c:1782377218*4D\!AIVDM,1,1,,A,37WK6hRP0?T4Rl`>HWl<Q?wj20JS,0*4A
\s:66,c:1782377324*43\!AIVDM,1,1,,B,39@>l5QP03T33d>>8OHf4?wF2De:,0*70
\s:66,c:1782377451*46\!AIVDM,1,1,,A,36oa=pmP03T<598=Q8Ev4?wV2DUr,0*1E
\s:66,c:1782377515*47\!AIVDM,1,1,,A,13Wagb?000wWOLBDc0G;oTAd0pPD,0*58
\s:66,c:1782377515*47\!AIVDM,1,1,,A,13n4tK0000QFtWpWofwahWAd0D1H,0*5A
\s:66,c:1782377504*47\!AIVDM,1,1,,B,15?dMI0007T4Awf>K5FKNPeB053<,0*37
\s:66,c:1782377516*44\!AIVDM,1,1,,B,18RGbS00010mq4quBRMV7Doj0<1N,0*1B
\s:66,c:1782377512*40\!AIVDM,1,1,,B,36:LaRPP@O8W1Q@D`0da279V00nA,0*71
\s:66,c:1782377517*45\!AIVDM,1,1,,A,13miSJ001vP1LdBLkVgBiBAh00S<,0*4C
\s:66,c:1782377517*45\!AIVDM,1,1,,B,C8Sta1h089s<ItQN51tuSwsQic111K109WS111111110?1052120,0*68
\s:66,c:1782377513*41\!AIVDM,1,1,,A,36K2lBhOh7ajWapD3BgWsooT00tA,0*56
\s:66,c:1782377505*46\!AIVDM,1,1,,A,13aGE;hP00PEEQ4N1jRF:gwJ20Rj,0*2A
\s:66,c:1782377506*45\!AIVDM,1,1,,,17liceA0009PW9EvbClPgAwN0000,0*25
\s:66,c:1782377504*47\!AIVDM,1,1,,B,37P1ih0000bl<L1dWvm>45cF20BC,0*3F
\s:66,c:1782377510*42\!AIVDM,1,1,,A,C69FV90002;hDPTCsVuLCwv0F2C0>2L?0`bO1h000000J0`=2RPP,0*64
\s:66,c:1782377504*47\!AIVDM,1,1,,A,13iAqoh21OwjUn@DjkvJ?H9F0D27,0*50
\s:66,c:1782377507*44\!AIVDM,1,1,,A,13mem8000014N<PW?AJVGRsJ0HK1,0*45
\s:66,c:1782377511*43\!AIVDM,1,1,,A,16:;lPSP00`VL:0DVK8>4?wT253<,0*10
\s:66,c:1782377508*4B\!AIVDM,1,1,,B,13IUmQ301hP0<SVLBmi;QI?@00SB,0*43
\s:66,c:1782377511*43\!AIVDM,1,1,,B,13cFH<00010ClfvMGcBMc2QR08N?,0*35
\s:66,c:1782377511*43\!AIVDM,1,1,,B,37m:1g8Ok>WD5Bf13IQ6LU?R00V0,0*3E
\s:66,c:1782377505*46\!AIVDM,1,1,,A,15?dOWhwBh7Q;H`1G5TPdPWB08JJ,0*4F
\s:66,c:1782377510*42\!AIVDM,1,1,,,13MD1dwP00wS`SRNq2:N4?wP2000,0*0C
\s:66,c:1782377510*42\!AIVDM,1,1,,,17liceA0009PW9EvbCl0gAuV0000,0*5F
\s:66,c:1782377511*43\!AIVDM,1,1,,A,13UCKF0P00QdW30Ec7Sf4?wV20T5,0*53
\s:66,c:1782377510*42\!AIVDM,1,1,,B,19NSWLh0247s3tf91>kPg@KT0<1t,0*6C
\s:66,c:1782377323*44\!AIVDM,1,1,,A,39Gocd1P00`cSo<>IKD@0?wD2Dd`,0*17
\s:66,c:1782377513*41\!AIVDM,1,1,,B,13l3oHhOh90CSvrMHL36rqud053<,0*59
\s:66,c:1782377512*40\!AIVDM,1,1,,B,19NSOq0000WJGu60esGRc`MV0<<P,0*5C
\s:66,c:1782377507*44\!AIVDM,1,1,,B,33n;o05P000KM`>QLU@lmgwN0Dg:,0*5C
\s:66,c:1782377513*41\!AIVDM,1,1,,B,13dovB0P00Q2H30DR6=P0?w`28Nv,0*37
\s:66,c:1782377512*40\!AIVDM,1,1,,B,13aDCn@000Pe`rNN`9b<kHEVPD4O,0*20
\s:66,c:1782377509*4A\!AIVDM,1,1,,B,13aDrU@00UPHJvtNGWK6NU;P0hLt,0*53
\s:66,c:1782377514*46\!AIVDM,1,1,,A,169>F3PP008VQC0DV6l`MOw`0@Oa,0*7C
\s:66,c:1782377514*46\!AIVDM,1,1,,A,133S0:8P000Ct1TMEa:al?wd00S8,0*5D
\s:66,c:1782377508*4B\!AIVDM,1,1,,A,15QJJ8300f3P1K2@D2AsI9CP00S4,0*35
\s:66,c:1782377514*46\!AIVDM,1,1,,A,33`drqmP00PFPT>MtTON4?wd2Dir,0*29
\s:66,c:1782377511*43\!AIVDM,1,1,,B,18L;qT001g7PL3t1<mU0e0gT0HN:,0*2B
\s:66,c:1782377515*47\!AIVDM,1,1,,B,403t:Hivad`kn`UnupEuua700D00,0*62
\s:66,c:1782377509*4A\!AIVDM,1,1,,B,16:4vb?P008MmEdFD0`oiwwN2HLQ,0*13
\s:66,c:1782377510*42\!AIVDM,1,1,,A,34aIsp002N1Ei;FO;cbpV6mp0000,0*6E
\s:66,c:1782377509*4A\!AIVDM,1,1,,A,36:;<t0001`W5QhD`OE>41iR22ii,0*7E
\s:66,c:1782377514*46\!AIVDM,1,1,,A,18J=k@002T`iWJTAk=>r`HcT0<<K,0*6A
\s:66,c:1782377509*4A\!AIVDM,1,1,,A,33m9Tq70000kk>DU9M3r02Wp0000,0*5F
\s:66,c:1782377511*43\!AIVDM,1,1,,A,139KwCU000PfTSLO9Psf40oV20R`,0*44
\s:66,c:1782377513*41\!AIVDM,1,1,,A,C3l90jP000C?J@53bqg7:ON0VKiKQUKie;11111111100000002P,0*25
\s:66,c:1782377515*47\!AIVDM,1,1,,B,33l3oHhOh;0CSvvMHL0ni:7h00WP,0*15
\s:66,c:1782377509*4A\!AIVDM,1,1,,A,13KO<:00001`p:2R>@vkOlt00000,0*59
\g:1-2-5199167,s:66,c:1782377329*08\!AIVDM,2,1,7,B,59t6UuH2=C??Ti?;3K0d5A84r22222222222221IAhR@@5BQ0HDj2CPD,0*40
\g:2-2-5199167*69\!AIVDM,2,2,7,B,p1Sl`3lQ1D`8880,2*1D
\s:66,c:1782377516*44\!AIVDM,1,1,,A,19NS`n001MJalP<6aCAab7mh053<,0*04
\s:66,c:1782377497*4C\!AIVDM,1,1,,A,39t6UuA000T2w5j>884RjBO80Ds:,0*4B
\g:1-2-5199168,s:66,c:1782377388*0C\!AIVDM,2,1,8,A,56?Unhl2CWp`5@E?:21HU<QL61@D`6222222220Q9HN3@4kb0=3EC0D1,0*1A
\g:2-2-5199168*66\!AIVDM,2,2,8,A,E0H888888888880,2*29
\s:66,c:1782377513*41\!AIVDM,1,1,,A,13aB:3`P00PG<f<MtEFIOOwb2@O6,0*22
\s:66,c:1782377511*43\!AIVDM,1,1,,B,15?dOWh22h7Q;KR1G6bhehWN053<,0*72
\s:66,c:1782377510*42\!AIVDM,1,1,,A,17Ol09g400bsug5iQe2G4EAR053<,0*2F
\s:66,c:1782377506*45\!AIVDM,1,1,,A,16<irt001R8TWBH=aUNWwn@p00Rv,0*3D
\s:66,c:1782377456*41\!AIVDM,1,1,,B,36<irt0wAS8TWVN=abIH1FA:0CC=,0*3B
\s:66,c:1782377516*44\!AIVDM,1,1,,B,3815ESE0008gbr8A8Im9ipuh2E8b,0*73
\s:66,c:1782377514*46\!AIVDM,1,1,,,B3`dfV@0006Tni7Qc43Q3wrQh000,0*5B
\s:66,c:1782377487*4D\!AIVDM,1,1,,B,160omP8P0142U:h>ItTv0wv`08?q,0*1E
\s:66,c:1782377511*43\!AIVDM,1,1,,B,B39JW>00003udEUcSRKQ3wqQh000,0*38
\s:66,c:1782377515*47\!AIVDM,1,1,,B,16:?J7P0017rD4l9v6u:?6ef00Rk,0*67
\s:66,c:1782377510*42\!AIVDM,1,1,,B,B3cr?l00AP:m2469I88Lcwq1h000,0*50
\s:66,c:1782377511*43\!AIVDM,1,1,,A,15O6f8gP00r@w6J>sN8>4?wV2000,0*26
\s:66,c:1782377511*43\!AIVDM,1,1,,A,35O6f8gP00J@w66>sN8f4?wp0000,0*1C
\s:66,c:1782377516*44\!AIVDM,1,1,,A,13KONV00001R:bFRvQI;2@J00000,0*4A
\s:66,c:1782377515*47\!AIVDM,1,1,,A,17P1ih0001bl<LAdWvnf45ab2@OR,0*5E
\s:66,c:1782377516*44\!AIVDM,1,1,,B,13mSSI0P001o9Kt`W`UP0?wf00SJ,0*6E
\s:66,c:1782377497*4C\!AIVDM,1,1,,A,19aSP:P01TT3D4F>MIUeHbg20PSG,0*23
\s:66,c:1782377517*45\!AIVDM,1,1,,A,15?dOWh0jh7Q;N<1G7i0bhWb00S3,0*53
\s:66,c:1782377516*44\!AIVDM,1,1,,A,B7ldgFP00:6<<UOoiksOowP4kP06,0*2C
\s:66,c:1782377517*45\!AIVDM,1,1,,B,15NW<Sg000JA@L<>s9Gto@7h00S4,0*6B
\s:66,c:1782377516*44\!AIVDM,1,1,,B,13eMhw;P02PuL?nD`e7@dwwh28Q3,0*13
\s:66,c:1782377515*47\!AIVDM,1,1,,,13MD1dwP00wS`SRNq2:>4?wd2000,0*48
\s:66,c:1782377515*47\!AIVDM,1,1,,B,13iAqoh31OwjUb4Djkjr>`;f0HPU,0*09
\s:66,c:1782377442*44\!AIVDM,1,1,,A,36?Unhm002621eb:ViG1L7;F0E3:,0*2B
\s:66,c:1782377516*44\!AIVDM,1,1,,A,17lcj:H0018KNM7wFS:qM6GV0@Q9,0*1A
\s:66,c:1782377517*45\!AIVDM,1,1,,A,15WuJR800OOwwKj3=PP2cj?h00Rq,0*40
\s:66,c:1782377513*41\!AIVDM,1,1,,B,13ku9V@1BFvlErp>6lA`R6oV88O@,0*69
\s:66,c:1782377506*45\!AIVDM,1,1,,A,405Imo1up@P007vtm6<3h<101P06,0*2B
\s:66,c:1782377509*4A\!AIVDM,1,1,,A,19N`2o@1B2OccLKkRwFDlkoN08Lb,0*58
\s:66,c:1782377508*4B\!AIVDM,1,1,,B,13lCD:0v1I`ll80A>3GRS25N0HLW,0*00
\s:66,c:1782377510*42\!AIVDM,1,1,,B,18SK6:PP01WaJAn;qH<rSwwR253<,0*2F
\s:66,c:1782377506*45\!AIVDM,1,1,,B,13P=oEh000P7sVnN5R2oVruN00S8,0*14
\s:66,c:1782377503*40\!AIVDM,1,1,,B,13`nvb0P000DQiFMe>P>4?wF20S@,0*04
\s:66,c:1782377505*46\!AIVDM,1,1,,A,16::K;001d`SRoREmm=Svk=H053<,0*11
\s:66,c:1782377510*42\!AIVDM,1,1,,A,39NScWm0008gWKLACaNP05eP0E2b,0*3F
\s:66,c:1782377510*42\!AIVDM,1,1,,A,C6:ca=h0029gURTTV=mlOwv0VbL:B@2L>@bOkiih0000S0DCQRPP,0*48
\s:66,c:1782377508*4B\!AIVDM,1,1,,A,177Ika0u1211@MIjp9aRBQo:053<,0*0A
\s:66,c:1782377508*4B\!AIVDM,1,1,,A,15?de@PwAv7ReK827ET15hoN0<11,0*6A
\s:66,c:1782377508*4B\!AIVDM,1,1,,B,38K988?Oh97JAOF0f27;5RqR00E0,0*11
\s:66,c:1782377509*4A\!AIVDM,1,1,,B,39NSIP1P?wW@67L4Rw7>4?wP0Us3,0*49
\s:66,c:1782377508*4B\!AIVDM,1,1,,A,15?dTt@01f05O32FhjqPv0gJ0D:U,0*20
\s:66,c:1782377507*44\!AIVDM,1,1,,A,13ccE0P=@DQ;t3RHFCU:D?wL2000,0*27
\g:1-2-5199169,s:66,c:1782377511*0B\!AIVDM,2,1,9,A,53cnI1800000UA337OHp5@UH622222222222220T3HG6440Ht?008888,0*02
\g:2-2-5199169*67\!AIVDM,2,2,9,A,888888888888880,2*2D
\s:66,c:1782377511*43\!AIVDM,1,1,,A,19@<dR000U2DsWRAsFgrfHW`08N4,0*0B
\s:66,c:1782377512*40\!AIVDM,1,1,,A,28SJMbP000Waot462eaVt5S`2U3<,0*2F
\s:66,c:1782377475*40\!AIVDM,1,1,,A,19NSA4@025`c490>bp?`Q6bN00Ri,0*0C
\s:66,c:1782377511*43\!AIVDM,1,1,,B,15DOgp0P01Pn>MCuASpCTgwT2D0p,0*20
\s:66,c:1782377511*43\!AIVDM,1,1,,A,19NStlP0273@dMirQaq1u1aV0L00,0*70
\s:66,c:1782377512*40\!AIVDM,1,1,,A,170IDr0004SmPqd>>ApV:TqV00Sd,0*09
\s:66,c:1782377509*4A\!AIVDM,1,1,,A,13B1Mr700TPMP@hNffq:H8KP0<0w,0*4B
\s:66,c:1782377513*41\!AIVDM,1,1,,A,19NScf@020WLC3p0f?Ib?`=`0HO1,0*19
\s:66,c:1782377508*4B\!AIVDM,1,1,,B,13s=77gP1LwH9PBGSf3@7gwP20RR,0*43
\s:66,c:1782377510*42\!AIVDM,1,1,,B,ENk`s@Lr@@@@@@@@@@@@@@@@@@@=8aat7GbmP00003vP000,2*11
\s:66,c:1782377511*43\!AIVDM,1,1,,A,13ErMW?P0AP<mkHGfD<0hgwV2D2C,0*75
\s:66,c:1782377330*46\!AIVDM,1,1,,B,36;i>D5Oh07i@ul<JQpc@0?H0Dc:,0*33
\s:66,c:1782377503*40\!AIVDM,1,1,,A,169>U@801:7hK;0<:U93pA;D0HII,0*40
\s:66,c:1782377463*47\!AIVDM,1,1,,A,369>U@80197hJgp<:Ud3mi:4006k,0*60
\s:66,c:1782377507*44\!AIVDM,1,1,,A,13U2wI4P02Qtw80E6wgN4?wH2000,0*5A
\s:66,c:1782377511*43\!AIVDM,1,1,,B,13ku:Kh1B01cLNBFELtsW9CR0HNI,0*39
\s:66,c:1782377512*40\!AIVDM,1,1,,A,139pK9P000PC6cJMfA:N49W`R<7i,0*67
\s:66,c:1782377510*42\!AIVDM,1,1,,B,16:dtaPP1:7h<eh;:Q3iQgwR00S?,0*79
\g:1-2-5199170,s:66,c:1782377464*00\!AIVDM,2,1,0,A,569>U@80000000000019Dr0d4V333P000000000Q88:781aDN;@QBH82,0*43
\g:2-2-5199170*6F\!AIVDM,2,2,0,A,0B@000000000000,2*26
\s:66,c:1782377507*44\!AIVDM,1,1,,A,B3`h@70000;=AC7nVNh000N00000,0*4B
\s:66,c:1782377507*44\!AIVDM,1,1,,B,18I>S=80007LE1V0aLF<K5IL0<9w,0*3A
\s:66,c:1782377503*40\!AIVDM,1,1,,B,H3@p2w0<P4hhDpLD00000000000,2*4D
\s:66,c:1782377514*46\!AIVDM,1,1,,B,H3@p2w4TC=D4s4tH@5pklk187320,0*58
\s:66,c:1782377511*43\!AIVDM,1,1,,B,13oGbT000G0IULTQmeoWdF;`0@NA,0*1D
\s:66,c:1782377516*44\!AIVDM,1,1,,A,ENk`uBLIKh@@@@@@@@@@@@@@@@@=5PK08dQ<H00003vP000,2*0A
\s:66,c:1782377514*46\!AIVDM,1,1,,A,B3EmII009`3epU63VeW4FPs1h@Ou,0*46
\s:66,c:1782377299*44\!AIVDM,1,1,,B,38SPIDAP007f5?P<?Q=TI?vV0Dpr,0*21
\s:66,c:1782377515*47\!AIVDM,1,1,,B,13Ea4cWP00vh=Bj8IbeD7wwd28P2,0*51
\s:66,c:1782377515*47\!AIVDM,1,1,,A,13ku<:hwQk8jRN`AGmd4rCkf053<,0*3A
\s:66,c:1782377515*47\!AIVDM,1,1,,A,16K2k6P02IawSpFD1387;5ob08PK,0*34
\s:66,c:1782377510*42\!AIVDM,1,1,,B,137SO0002jOwt2pLrk>:989R0LR8,0*47
\s:66,c:1782377256*47\!AIVDM,1,1,,A,36BWGgOP124;UW8>Q`3boww62000,0*3A
\s:66,c:1782377514*46\!AIVDM,1,1,,B,133lkuP000PCiHbMG;Su?bIb0D<P,0*2F
\s:66,c:1782377510*42\!AIVDM,1,1,,B,B3h;VU001WcS;>9QKan@wwq5oP06,0*46
\s:66,c:1782377509*4A\!AIVDM,1,1,,A,B4hMe:000Fc@ncUlf0KQ0jpQnDqJ,0*6D
\s:66,c:1782377508*4B\!AIVDM,1,1,,B,19u:UR20067L1@:0fOT7;QwN00SN,0*65
\s:66,c:1782377515*47\!AIVDM,1,1,,B,13ku8p03RpIFm<h1Qwu9OWcb00Ra,0*17
\s:66,c:1782377516*44\!AIVDM,1,1,,B,13ko7N0000P9n?JG`moBa6m`053<,0*1F
\s:66,c:1782377514*46\!AIVDM,1,1,,B,14`VoQ000GwcljhDi`D2dc1d0HP0,0*54
\s:66,c:1782377513*41\!AIVDM,1,1,,B,13`e>ph00CPDCw2Mdoga;Agb2<?F,0*1D
\s:66,c:1782377511*43\!AIVDM,1,1,,B,13P<g0@01@P0atdLuEsD?3AT00RO,0*43
\s:66,c:1782377516*44\!AIVDM,1,1,,B,18K988?Oh77JANv0f28K=31j0@Pu,0*62
\s:66,c:1782377514*46\!AIVDM,1,1,,B,B3GQ6Bh0001vf35qDQkQ3wrQh000,0*28
\s:66,c:1782377499*42\!AIVDM,1,1,,B,19NSp@00QMT3@gn>j8fVBU1:0<3l,0*21
\s:66,c:1782377289*45\!AIVDM,1,1,,A,39NSp@0w1MT3?kR>jLcVC50@0E9=,0*01
\s:66,c:1782377517*45\!AIVDM,1,1,,A,15VH6:0P0IRmLGauco13sgwj0D16,0*7D
\s:66,c:1782377509*4A\!AIVDM,1,1,,B,1815VtP0043jDu:>1FGEjAER0<DA,0*42
\s:66,c:1782377504*47\!AIVDM,1,1,,B,14`68V000m7OOs21KpAmsm1D0<2`,0*20
\s:66,c:1782377505*46\!AIVDM,1,1,,A,339jL1P0000eT@lN`<J5545p0000,0*6C
\s:66,c:1782377504*47\!AIVDM,1,1,,A,B5O>1B000>WqWFU1:3<;@Lv00000,0*4A
\s:66,c:1782377510*42\!AIVDM,1,1,,A,14hHU2021`1csn:EelPEOTIR053<,0*11
\s:66,c:1782377510*42\!AIVDM,1,1,,A,33aIW?0PADPC27fMIW0au7QNP3;3,0*47
\s:66,c:1782377504*47\!AIVDM,1,1,,B,13aKV9wP0f0FDVDNEqaF?gwH08J8,0*73
\s:66,c:1782377508*4B\!AIVDM,1,1,,A,28SNhf@P007b=fp5tN6M6wwP0@LC,0*3C
\s:66,c:1782377509*4A\!AIVDM,1,1,,A,16:LjhP00u`gLKlAWa?HP5wD053<,0*40
\s:66,c:1782377507*44\!AIVDM,1,1,,A,15DQpV001?R?05hGaQqT6S=L053<,0*53
\s:66,c:1782377510*42\!AIVDM,1,1,,B,402:Kn1vad`ki0;EMtM4Lj?P2000,0*69
\s:66,c:1782377510*42\!AIVDM,1,1,,A,1815TU20007JB>:0euTAT`KR08MJ,0*04
\s:66,c:1782377510*42\!AIVDM,1,1,,A,139oea00000eJDjN`kS<Q`OV00S3,0*25
\s:66,c:1782377508*4B\!AIVDM,1,1,,A,B3pr>Eh0905LiR7Tv3MAswp1h<2p,0*44
\s:66,c:1782377389*44\!AIVDM,1,1,,B,B5O83p000=kor15J8<HSmLp1jDWb,0*37
\s:66,c:1782377512*40\!AIVDM,1,1,,A,144SnH002:1JBJ0PM72hwgwV053<,0*62
\s:66,c:1782377512*40\!AIVDM,1,1,,A,ENkaRSLqK@@@@@@@@@@@@@@@@@@<W1Cw8Ihjp00003vP000,2*1A
\s:66,c:1782377504*47\!AIVDM,1,1,,B,17tCwMQP007J1Kv0i;rN4?vv2PS9,0*03
\s:66,c:1782377507*44\!AIVDM,1,1,,B,13b:wv31@0wuO8bLBKJ9fWk000Ra,0*74
\s:66,c:1782377511*43\!AIVDM,1,1,,B,18HtBn000PP:beTGPoe5ODi@00Rk,0*56
\s:66,c:1782377512*40\!AIVDM,1,1,,B,33b9b250001Pns0On1ECk3KT0Dnb,0*4E
\s:66,c:1782377511*43\!AIVDM,1,1,,B,18Jg?p0005`9JOp<R<gQhT3P053<,0*56
\s:66,c:1782377512*40\!AIVDM,1,1,,A,13K3ef002MOIhufJ7Da88VWV0D0K,0*5D
\s:66,c:1782377470*45\!AIVDM,1,1,1,A,C>2>Nk@011tq;IQ2As4h8Vv0HhMKicJ;Wh3UaJQkKiS:01@510RP,0*48
\s:66,c:1782377404*46\!AIVDM,1,1,,A,15?d`t001K7GCL00sn5cGq820538,0*11
\s:66,c:1782377423*43\!AIVDM,1,1,,A,35?d`t001K7GC=p0snicH98`00@3,0*16
\s:66,c:1782377512*40\!AIVDM,1,1,,B,B4n5ni0007qod55;2LSQ3wqQh000,0*09
\s:66,c:1782377509*4A\!AIVDM,1,1,,A,16:7bC0P018O@GhF;mm:IwwP0<lh,0*22
\s:66,c:1782377513*41\!AIVDM,1,1,,A,1815NB0wQUvOr`b8Hgh13PmV08O7,0*4B
\s:66,c:1782377513*41\!AIVDM,1,1,,B,139jL1PP000eT@lN`<JAEwwd08OJ,0*11
\s:66,c:1782377513*41\!AIVDM,1,1,,B,19u:TdQP?w<tSF0l4Q@>4?wv0`ON,0*5A
\s:66,c:1782377265*47\!AIVDM,1,1,,A,15?dauP01P7ov2d;QD8kIjgF08Jk,0*42
\s:66,c:1782377509*4A\!AIVDM,1,1,,A,14eGbk@P0DG;C0hL<7;CNgwT00Si,0*04
\g:1-2-5199171,s:66,c:1782377350*01\!AIVDM,2,1,1,B,55?dV1p2=bdk<GG;?61<PDr0hV22222222222216DHJB>5OP0P0AART`,0*73
\g:2-2-5199171*6E\!AIVDM,2,2,1,B,888888888888880,2*26
\s:66,c:1782377510*42\!AIVDM,1,1,,,17ldN6EP007L`1D0UeNPm?wT0000,0*05
\s:66,c:1782377513*41\!AIVDM,1,1,,B,19pQTD?00=vhq`R83h:4FSWb00St,0*29
\s:66,c:1782377513*41\!AIVDM,1,1,,B,14RAPt001sPv360OJc=2iRA`0@O>,0*34
\g:1-2-5199172,s:66,c:1782377505*04\!AIVDM,2,1,2,A,5815cDH2DEfaKL;;WC=@DhDl4<QE<00000000016C@J<B=al0KCkH4kj,0*11
\g:2-2-5199172*6D\!AIVDM,2,2,2,A,000000000000000,2*26
\s:66,c:1782377515*47\!AIVDM,1,1,,A,18Kr128PAi7JeWd0ekSS<jQh0D=n,0*08
\s:66,c:1782377513*41\!AIVDM,1,1,,A,17tCwMQP017J1L00i;r>4?w@2U3<,0*67
\s:66,c:1782377514*46\!AIVDM,1,1,,B,1815bh0wB38;5d`8:Hu1VQAT00S1,0*58
\s:66,c:1782377371*43\!AIVDM,1,1,,B,35?dV1i00142P8H>bk?jilrr0Dtb,0*64
\s:66,c:1782377516*44\!AIVDM,1,1,,A,ENkaRfNT4h@@@@@@@@@@@@@@@@@<m@ft8WrBP00003vP000,2*3E
\s:66,c:1782377514*46\!AIVDM,1,1,,B,16:8MN0P008TB;PEj?<<Qgwb0@Hb,0*6F
\s:66,c:1782377517*45\!AIVDM,1,1,,A,169D;J0P00`g;40A>kMf4?wf0HPs,0*0B
\s:66,c:1782377407*45\!AIVDM,1,1,,B,35DjCH5001T1eLP>b11qvaL80Dg:,0*79
\s:66,c:1782377510*42\!AIVDM,1,1,,A,339oea00000eJDhN`kS<R`Op0000,0*60
\s:66,c:1782377517*45\!AIVDM,1,1,,B,18I5dk011u06?5?p1>cd`b7h00S1,0*6E
\s:66,c:1782377498*43\!AIVDM,1,1,,B,1815cD@th544WO:>=4eubU1<053<,0*53
\g:1-2-5199173,s:66,c:1782377517*06\!AIVDM,2,1,3,A,58SK4Kh00001QHl?801<D61@D4n34000000000071pF46549005UCQp5,0*4D
\g:2-2-5199173*6C\!AIVDM,2,2,3,A,0EK5RAE3PC@0000,2*2A
\s:66,c:1782377518*4A\!AIVDM,1,1,,A,1815VtP0043jDu6>1FBmkQEl0<D@,0*4E
\s:66,c:1782377517*45\!AIVDM,1,1,,B,13MC0L@02:71F>`3<a6<<9eb0L0n,0*77
\g:1-2-5199174,s:66,c:1782377508*0F\!AIVDM,2,1,4,B,56:<5n`0000322222214PC?:oILQ0>222222221J28:>:t0Ht0000000,0*3E
\g:2-2-5199174*6B\!AIVDM,2,2,4,B,000000000000000,2*23
\s:66,c:1782377509*4A\!AIVDM,1,1,,A,15CJil002bNfNbn89tA=tK;N0HK=,0*59
\s:66,c:1782377509*4A\!AIVDM,1,1,,A,14SAbJ001nPdPEhQ4Bv3IRiR0@LR,0*23
\s:66,c:1782377509*4A\!AIVDM,1,1,,A,1815Su0wivvcmlL<al3`1nML00SG,0*25
\s:66,c:1782377509*4A\!AIVDM,1,1,,B,13ku1L002OOVuHQnF@2TvD1R0<00,0*1F
\s:66,c:1782377509*4A\!AIVDM,1,1,,B,18I?070027`jNw<A0gb@p@gL053<,0*72
\s:66,c:1782377505*46\!AIVDM,1,1,,B,18:ijm0P03`b4qn7o1`PmwwH28JM,0*43
\s:66,c:1782377510*42\!AIVDM,1,1,,B,39@2acm000rBAKh5FvSc@RiT2E0:,0*37
\s:66,c:1782377508*4B\!AIVDM,1,1,,B,13=>MN002M0J1FUkUkpUP4ML08L8,0*69
\s:66,c:1782377510*42\!AIVDM,1,1,,A,13`dUShP1UPf7hJNURcD:gwT28Ma,0*6F
\s:66,c:1782377443*45\!AIVDM,1,1,,A,13cd>j0P1E0QtMVFGeWP4OwF08IS,0*56
\s:66,c:1782377507*44\!AIVDM,1,1,,,B5MwHF@006J2U84Ev=OQ3woQl000,0*45
\s:66,c:1782377510*42\!AIVDM,1,1,,B,13IlvA0vjTwdcbJL1a?QkiSR80Sc,0*5C
\s:66,c:1782377510*42\!AIVDM,1,1,,B,38u<t650011mJIodUw0EP2EP0Dg:,0*7C
\s:66,c:1782377508*4B\!AIVDM,1,1,,A,B3n3NQ0008<1;g8S9qD000N00000,0*65
\s:66,c:1782377511*43\!AIVDM,1,1,,A,B3P:Mph00@Fevt5bvwd000N00000,0*75
\s:66,c:1782377512*40\!AIVDM,1,1,,A,19NSj;h1BP0?8;4Mb8lhlhaV0@NV,0*59
\g:1-2-5199175,s:66,c:1782377212*02\!AIVDM,2,1,5,A,55NIrB400001L@K;;7E0ThuB08t5B0A84dF2220j1pA454U=07ThC`1T,0*30
\g:2-2-5199175*6A\!AIVDM,2,2,5,A,PCPjDhkp42AD`>@,2*12
\s:66,c:1782377498*43\!AIVDM,1,1,,A,1815c5@00@2c1T@=JFElgWI<08FR,0*48
\s:66,c:1782377512*40\!AIVDM,1,1,,B,15UQ>L00247TfFr2@ab8B6WN0D0h,0*68
\s:66,c:1782377511*43\!AIVDM,1,1,,B,B7P?lU000:g=kTL4fawQ3wqToP06,0*68
\s:66,c:1782377474*41\!AIVDM,1,1,,A,13cTN900244HslL=21ndA9bH053<,0*21
\s:66,c:1782377508*4B\!AIVDM,1,1,,B,139eUG?P000NsNnMK`aP0?wPRHLP,0*52
\s:66,c:1782377510*42\!AIVDM,1,1,,A,17`BB<0P@;dP13ibrk:7;@UT2D0g,0*15
\s:66,c:1782377511*43\!AIVDM,1,1,,A,39NS>`002eNn5m`@4MpiWiGp0000,0*09
\s:66,c:1782377507*44\!AIVDM,1,1,,A,13cqKt3w00wuU6JLBMnSTGVl0000,0*31
\s:66,c:1782377496*4D\!AIVDM,1,1,,B,177`g7000>`bveP>bv>rRrM4253<,0*5C
\s:66,c:1782377346*47\!AIVDM,1,1,,A,377`g70003`bvs:66,0*55
\s:66,c:1782377500*43\!AIVDM,1,1,,B,19NSms001DRPOdT?2j:dQr5<00Rg,0*00
\s:66,c:1782377510*42\!AIVDM,1,1,,,B5NPbe0006`dBlUBHaCQ3wq5h000,0*51
\s:66,c:1782377513*41\!AIVDM,1,1,,B,B69DU0hD1B;k;D4DsW`T7wrESP06,0*2B
\s:66,c:1782377508*4B\!AIVDM,1,1,,A,1815QB0w2>7Q@V>1`BW`0VEJ053<,0*7A
\s:66,c:1782377514*46\!AIVDM,1,1,,A,17tKoH`P017LgF60hdoGMOwbP53<,0*0C
\g:1-2-5199176,s:66,c:1782377514*00\!AIVDM,2,1,6,A,57tKoH`2AAB7To?KCV104AF1@Dp4pN222222220l10F375E?N;C5CEE8,0*21
\g:2-2-5199176*69\!AIVDM,2,2,6,A,888888888888880,2*22
\s:66,c:1782377510*42\!AIVDM,1,1,,A,33`dUSh01T0f7hHNURc4;SGp0000,0*19
\s:66,c:1782377514*46\!AIVDM,1,1,,B,1815QB0vB>7Q@RV1`AaH0FE`0<0q,0*04
\s:66,c:1782377515*47\!AIVDM,1,1,,B,E>mGIj<V9T6h6TQbFps00000000DDiC74;I6010888s020,4*3B
\s:66,c:1782377514*46\!AIVDM,1,1,,B,33=;Up0tAd`7N26;A;;=b:gV85Bk,0*70
\s:66,c:1782377514*46\!AIVDM,1,1,,A,13ku1L002POVuNKnF?QDu41d00S6,0*3F
\s:66,c:1782377512*40\!AIVDM,1,1,,B,BkI614P0CouG<V6cddk07wn1T000,0*17
\s:66,c:1782377513*41\!AIVDM,1,1,,B,18I0eb000h7L9:>0g7kC0RQd0D>G,0*5E
\g:1-2-5199177,s:66,c:1782377393*08\!AIVDM,2,1,7,A,55?dVM`2=cfc<GGS3V0hTp@Dr222222222222216ChI?>5d50FCkH4kj,0*4A
\g:2-2-5199177*68\!AIVDM,2,2,7,A,888888888888880,2*23
\s:66,c:1782377516*44\!AIVDM,1,1,,B,B3KQFB00?hJgWG8TerrGIpK4CP06,0*3D
\s:66,c:1782377499*42\!AIVDM,1,1,,A,18I5jA001c492P0>2e<4n3k<0L8w,0*2D
\s:66,c:1782377510*42\!AIVDM,1,1,,A,33a6ld001NPFumjNPKPM<;3P010@,0*3F
\s:66,c:1782377514*46\!AIVDM,1,1,,A,13=>MN002M0J1LCkUk5mPDM`08Om,0*01
\s:66,c:1782377515*47\!AIVDM,1,1,,A,15NaT<P000rdbBBG@D1B6VWh0<3Q,0*70
\s:66,c:1782377516*44\!AIVDM,1,1,,A,17lj3=0P00`Fg=uwApo2cgwf20S1,0*2F
\s:66,c:1782377513*41\!AIVDM,1,1,,B,13P=ocmOi5OqJ8nONFIQEi8J0<0T,0*73
\s:66,c:1782377515*47\!AIVDM,1,1,,A,13aGCt@P00PJjHRMbpRN4?wf20Ru,0*33
\s:66,c:1782377514*46\!AIVDM,1,1,,B,B3prbO@07pE9jrUiEMpOKwrQl000,0*60
\s:66,c:1782377511*43\!AIVDM,1,1,,A,13l3teP00qbm@=qdM1TBUj?R08Ms,0*22
\s:66,c:1782377517*45\!AIVDM,1,1,,B,B5NaO?0005kro<VlTU4OSwt5kP06,0*5A
\s:66,c:1782377516*44\!AIVDM,1,1,,A,BCh;8WP0lGVO68aQO1vH?wsRs000,0*1D
\s:66,c:1782377508*4B\!AIVDM,1,1,,B,342OdHE0001pnTNFvHe9j1iN0DUJ,0*00
\s:66,c:1782377508*4B\!AIVDM,1,1,,A,139hQJ0P11PFjrJMu;=m:?wP2<7F,0*44
\s:66,c:1782377507*44\!AIVDM,1,1,,A,35?4pb5000o?m2PK@2veIT:D0aND,0*71
\s:66,c:1782377507*44\!AIVDM,1,1,,A,D04k0W0P@Nfq6DO6D0,4*68
\s:66,c:1782377510*42\!AIVDM,1,1,,B,19NSn4@0030:9EtGT6@=@`eV00Rj,0*68
\s:66,c:1782377505*46\!AIVDM,1,1,,B,33bV2L5000PEqFVNCHUCuocJ2lSJ,0*39
\s:66,c:1782377509*4A\!AIVDM,1,1,,A,16qVhkgP004l@HT>;=D;lOwT053<,0*7B
\s:66,c:1782377505*46\!AIVDM,1,1,,A,36::gT0P@O`cV;TB1J93T25J21u0,0*29
\s:66,c:1782377511*43\!AIVDM,1,1,,A,14cM6wh01J0H602EEJS:M`A`00ST,0*0B
\s:66,c:1782377511*43\!AIVDM,1,1,,B,13Ijm:8000P0W5tLCmWAfHcT0HMs,0*06
\s:66,c:1782377511*43\!AIVDM,1,1,,A,H6:M;BP<QD4p8TAG4P4t0000000,2*17
\s:66,c:1782377511*43\!AIVDM,1,1,,A,H6:M;BTtu2@B?F12@Jim0010=22T,0*2F
\s:66,c:1782377510*42\!AIVDM,1,1,,A,B3l94gP0Fp:Ug:VEhJABSwq1l53<,0*35
\s:66,c:1782377509*4A\!AIVDM,1,1,,A,13n3Pt0001PIu6dQhWnCVVIR053<,0*30
\s:66,c:1782377506*45\!AIVDM,1,1,,A,B:pDr:h0@naUCcQNvtvjcwnUkP06,0*53
\s:66,c:1782377510*42\!AIVDM,1,1,,B,405GdOh000Htt7Jptb0bP>W02t;A,0*14
\s:66,c:1782377511*43\!AIVDM,1,1,,B,28I<>i50007akpf60D==hP3V0@Mf,0*67
\s:66,c:1782377512*40\!AIVDM,1,1,,A,142OlQk0?w2?QhDHQpfv46q62PRh,0*64
\s:66,c:1782377513*41\!AIVDM,1,1,,A,15>J><0002RCsd<AtBI7>aib0hO:,0*1C
\s:66,c:1782377494*4F\!AIVDM,1,1,,B,1:5dWj001a8`I06>vo5HMFVt0U38,0*18
\s:66,c:1782377404*46\!AIVDM,1,1,,A,39u:Ts1P0;2fsG:;t0rn@wwv0000,0*21
\s:66,c:1782377483*49\!AIVDM,1,1,,A,19NSn<P0082iCQ><5f`7o8Dd0U3<,0*5B
\s:66,c:1782377505*46\!AIVDM,1,1,,A,1776qO00jB6?W8f3M10CLjkJ0<0D,0*74
\s:66,c:1782377507*44\!AIVDM,1,1,,B,18I6QR000owtiB`LeruRnBGL0@Ka,0*46
\s:66,c:1782377511*43\!AIVDM,1,1,,A,33aG?N00000DvhrN15rDPScR05vS,0*07
\s:66,c:1782377465*41\!AIVDM,1,1,5,B,C8T9aJP011trQ<Q3jWhdHSv0Qa0HhMga09Wiie;1111001@510RP,0*04
\s:66,c:1782377296*4B\!AIVDM,1,1,,A,1815dJh01u7m@9d4PLIcU9BR089b,0*73
\s:66,c:1782377515*47\!AIVDM,1,1,,B,15NGGj<000rd62VG<QpQ2rsh0D3a,0*3B
\s:66,c:1782377514*46\!AIVDM,1,1,,A,17m@9>0P0r7aB;ItPm0KkOwd0<1w,0*01
\s:66,c:1782377510*42\!AIVDM,1,1,,A,377Uan001l8KL1PFBlp3tS;P0DCu,0*69
\s:66,c:1782377513*41\!AIVDM,1,1,,B,15Rmmd002IPlkLvPiifF@m1V08OL,0*30
\g:1-2-5199178,s:66,c:1782377357*0F\!AIVDM,2,1,8,B,56Bc1D82En:@E0dS:20HDA86222222222222221DBHTH85a:0O41sD3l,0*0C
\g:2-2-5199178*67\!AIVDM,2,2,8,B,U88888888888880,2*42
\s:66,c:1782377510*42\!AIVDM,1,1,,B,17tNfR0000W?vV61fCWJuUSV28Mi,0*51
\s:66,c:1782377515*47\!AIVDM,1,1,,A,13B5gF700NPjeSbQ?Absda7d0@PM,0*60
\s:66,c:1782377514*46\!AIVDM,1,1,,B,16SgWLPP009=8V4Cu;P3v?wd253<,0*6F
\s:66,c:1782377510*42\!AIVDM,1,1,,B,1776qO002B6?W@L3M11kQ2kV0D0D,0*75
\s:66,c:1782377515*47\!AIVDM,1,1,,A,169q1200008Vf`FDaJT<Wh=h0<7d,0*76
\s:66,c:1782377512*40\!AIVDM,1,1,,B,13FN@N8P00OHJ=jH<ccA:gwT053<,0*12
\s:66,c:1782377516*44\!AIVDM,1,1,,A,13FJNB?000wiq:8HkwrckQef2@Q4,0*2D
\s:66,c:1782377308*4D\!AIVDM,1,1,,A,36oaA:50004<5lB=Q9i93DJn0Dl:,0*34
\s:66,c:1782377511*43\!AIVDM,1,1,,B,B3IboFP00Vr88v25?PgQ3wq1jEAb,0*02
\s:66,c:1782377511*43\!AIVDM,1,1,,B,15>nr8002w7O7@H1PjMeWbqT0D12,0*7D
\s:66,c:1782377515*47\!AIVDM,1,1,,B,16:?2p00008iENDA`<GkACwV053<,0*63
\s:66,c:1782377509*4A\!AIVDM,1,1,,B,16:Bq:P01n`f<npA?RgUlD;L28LR,0*5F
\s:66,c:1782377511*43\!AIVDM,1,1,,B,13K>9d02h3ROiWt@kqaJG2Qp0HMv,0*67
\s:66,c:1782377517*45\!AIVDM,1,1,,A,C6:boOh0<B21FPS@hhg::Qs2>b2L>hBL?UWQi1111110S4834RP7,0*5E
\s:66,c:1782377505*46\!AIVDM,1,1,,B,14`V1B001nP;UwdFB<LTKkUH000U,0*6F
\s:66,c:1782377509*4A\!AIVDM,1,1,,A,B8LbFj00NanrJ00;iE@a?wp4kP06,0*20
\s:66,c:1782377509*4A\!AIVDM,1,1,,A,C6:=wH000R;okN4MgQ@87wv0DBM0J30>NL?SSkj00000e4H5550P,0*05
\s:66,c:1782377509*4A\!AIVDM,1,1,,A,13bDe40P00PBuM@MfniPD?wR0@Ls,0*34
\s:66,c:1782377509*4A\!AIVDM,1,1,,B,13aGFe0P000F7ahMwOhv4?wR0<80,0*4B
\s:66,c:1782377506*45\!AIVDM,1,1,,A,33Eff0P2h00053rFod9@001p0000,0*68
\s:66,c:1782377509*4A\!AIVDM,1,1,,A,19<LUF0P0`vgm18;Io<GdOwP2<0f,0*3A
\s:66,c:1782377509*4A\!AIVDM,1,1,,B,13a3Ou@P0BPEn`8N@`TDPwwR2<1@,0*0D
\s:66,c:1782377507*44\!AIVDM,1,1,,A,13`ijmgP00PG<k6MtEgv4?wN20Rw,0*13
\s:66,c:1782377509*4A\!AIVDM,1,1,,B,B4`V1Q@0J@:u1mUp=Qqvwwp1h000,0*3B
\s:66,c:1782377507*44\!AIVDM,1,1,,,1:U90SP00sM?aRQpUsIl3S;L1000,0*35
\s:66,c:1782377509*4A\!AIVDM,1,1,,,14`V1B001nP;V5fFB<<TL3UR1000,0*3F
\s:66,c:1782377510*42\!AIVDM,1,1,,B,18154jh01h1R2Uud3ILr>89T0D0J,0*43
\s:66,c:1782377508*4B\!AIVDM,1,1,,B,13ap<n001vP@0>TMJfPkERgL0<5L,0*7A
\s:66,c:1782377507*44\!AIVDM,1,1,,B,B6bnn@006Hp3eQT9:2lM3woR0000,0*47
\s:66,c:1782377398*44\!AIVDM,1,1,,B,B7tF1g000amh6V0@U2D03wo4kP06,0*41
\s:66,c:1782377341*40\!AIVDM,1,1,3,B,C7tF1g000Imh6WP@U2L03wpPHBNM0FBJ`T2LW0`5k110J0d5R22P,0*09
\s:66,c:1782377507*44\!AIVDM,1,1,,B,13aGCo<P00PDHB:Md1Ii8?wL20S@,0*70
\s:66,c:1782377512*40\!AIVDM,1,1,,A,168tsLP0008frS0AQ3=1sqOT08N0,0*3D
\s:66,c:1782377512*40\!AIVDM,1,1,,B,35D:<v0PAPPDMpDET5h42k;`20uP,0*56
\s:66,c:1782377513*41\!AIVDM,1,1,,B,1:U90SP00rM?aUapUsCT43;`0@O<,0*3A
\s:66,c:1782377485*4F\!AIVDM,1,1,,B,B3EkdrP08p5k==UhwajOKwdUoP06,0*20
\s:66,c:1782377511*43\!AIVDM,1,1,,B,169>cCU0008V;jlDVJQckJeR08N1,0*38
\s:66,c:1782377512*40\!AIVDM,1,1,,B,B6:dwcP0<j9dj`4TgLJDWwv63P06,0*3A
\s:66,c:1782377512*40\!AIVDM,1,1,,A,15@amV001P7KP@@0d>TqTGWV00S2,0*49
\g:1-2-5199179,s:66,c:1782377514*0F\!AIVDM,2,1,9,A,56:DDn42BWgp8tDV221PTpN0IF1<tpN222222216D0D<?5bGsGDjjBi0,0*1F
\g:2-2-5199179*66\!AIVDM,2,2,9,A,H88888888888880,2*5D
\s:66,c:1782377510*42\!AIVDM,1,1,,B,23aFf10P1OPDRu:Me4;QQgwTR<7b,0*1B
\s:66,c:1782377514*46\!AIVDM,1,1,,B,15?dcVh01TSe0S6?WF:cNa9T0<<M,0*59
\s:66,c:1782377514*46\!AIVDM,1,1,,A,16:5pS0P008eim8A>KN>44MH2PS5,0*49
\s:66,c:1782377508*4B\!AIVDM,1,1,,A,33aGrS0P01PK`B`MhA0N4?wP26gS,0*1F
\s:66,c:1782377513*41\!AIVDM,1,1,,,14`V1B01AnP;V:TFB;w4L3Ub1000,0*6F
\s:66,c:1782377514*46\!AIVDM,1,1,,A,33u=ak00001>O5BS1NB:S59p0000,0*28
\s:66,c:1782377515*47\!AIVDM,1,1,,B,13agR:50001R9?pRvQHA?p<00000,0*66
\s:66,c:1782377514*46\!AIVDM,1,1,,A,142O>R@0001ugepGImMaaa7`0<0I,0*19
\s:66,c:1782377515*47\!AIVDM,1,1,,B,169>cCU0008V;jlDVJQckJeb00S?,0*13
\s:66,c:1782377515*47\!AIVDM,1,1,,B,13L1Jt001O1PkaHRkaem@4@00000,0*6D
\s:66,c:1782377514*46\!AIVDM,1,1,,A,35NJfPP000G>gJbKha>0001p0000,0*49
\s:66,c:1782377509*4A\!AIVDM,1,1,,A,B3IfEK000AjBll0rKl5qqQv00000,0*68
\s:66,c:1782377511*43\!AIVDM,1,1,,B,18I``F0P02WLDmh0aTs>4?wV2@Mb,0*24
\s:66,c:1782377515*47\!AIVDM,1,1,,B,13c`s1`P000e0rjI?9ikFwwf0@PQ,0*37
\s:66,c:1782377510*42\!AIVDM,1,1,,A,B7tCgfh00qnPi80<;k<03wp4kP06,0*7E
\s:66,c:1782377512*40\!AIVDM,1,1,,A,B5OG3GP006T6E@3sL?t01NN00000,0*5A
\s:66,c:1782377515*47\!AIVDM,1,1,,A,35NRcaP000GRq1NCCmu@S2mh06;S,0*17
\s:66,c:1782377510*42\!AIVDM,1,1,,A,B3P;3I000HFhvkUbnL7?RVN00000,0*6A
\s:66,c:1782377438*49\!AIVDM,1,1,,B,39@>k1pP1J45bc6>e34uIww:2000,0*3E
\s:66,c:1782377515*47\!AIVDM,1,1,,B,13HbI>01B3PEr4PGh2W@IPE`88P0,0*5F
\s:66,c:1782377514*46\!AIVDM,1,1,,A,19NSP1001rOigbNDgcWk<jWf00Rs,0*46
\s:66,c:1782377504*47\!AIVDM,1,1,,A,19NSrw000aT30FP>KDASSjcF0pJ6,0*25
\s:66,c:1782377389*44\!AIVDM,1,1,,B,3562tH1000T3Uoh>4Kw1UioP0m=r,0*39
\s:66,c:1782377514*46\!AIVDM,1,1,,B,13`e<PPP1?PF;C4MwW?bt?wdRD3w,0*20
\s:66,c:1782377514*46\!AIVDM,1,1,,A,B3P;3I0008FhvkUbnKs?RVN00000,0*59
\s:66,c:1782377517*45\!AIVDM,1,1,,A,13ap<n001vP@0OvMJfW3Ejgh0D5M,0*10
\s:66,c:1782377515*47\!AIVDM,1,1,,A,13m8<s0000Q1jd6VOt62Grgd053<,0*33
\s:66,c:1782377513*41\!AIVDM,1,1,,A,35O>tiP01HJqS2HGng1Lg:;p0000,0*62
\s:66,c:1782377517*45\!AIVDM,1,1,,A,14Sgh<0v000C`BfMHEvJs`aj08QL,0*43
\s:66,c:1782377517*45\!AIVDM,1,1,,A,142OhFP02@1qUkNE=AdL2ach0000,0*1B
\s:66,c:1782377517*45\!AIVDM,1,1,,A,144hhlPP?w<tSF0l4Q@>4?wv0pQN,0*7C
\s:66,c:1782377513*41\!AIVDM,1,1,,B,16oa>dP02;0RtuHEV4TrCH9b053<,0*6F
\s:66,c:1782377518*4A\!AIVDM,1,1,,A,15?dig002B36ELh6jnajJAsj0@R2,0*58
\s:66,c:1782377509*4A\!AIVDM,1,1,,B,3815IohOhiWKwDr0g=HBKBON018P,0*76
\s:66,c:1782377507*44\!AIVDM,1,1,,A,23aI;8wP00PGofFNQuD>4?wL2<0>,0*53
\s:66,c:1782377509*4A\!AIVDM,1,1,,A,18uPOq?P0BQDMqKdUtcd4OwR0HLl,0*0F
\s:66,c:1782377509*4A\!AIVDM,1,1,,B,13dSm>0vih5dr<V40iGRvBGN08Lo,0*23
\s:66,c:1782377510*42\!AIVDM,1,1,,B,19N`1tP020PqTSLIqL`R9iiP053<,0*6B
\s:66,c:1782377510*42\!AIVDM,1,1,,B,18J>en00027KUb:0eav6iSmV053<,0*5F
\s:66,c:1782377504*47\!AIVDM,1,1,,A,13`e>;PP000HwN<MaDi@0?wH08Iw,0*1E
\s:66,c:1782377508*4B\!AIVDM,1,1,,A,B7`BGD@0037w6BJffPp000N00000,0*11
\s:66,c:1782377504*47\!AIVDM,1,1,,A,133UtL0vj2VBDAr3N7e:K8EB2D0;,0*1B
\s:66,c:1782377508*4B\!AIVDM,1,1,,A,B3IOcV@0086hW?V:J3d000N00000,0*15
\s:66,c:1782377511*43\!AIVDM,1,1,,A,15O2QiPP00rA85@>gQHN4?wV2000,0*3F
\s:66,c:1782377509*4A\!AIVDM,1,1,,B,13l3r=002b05rQ6G<=<psW9P00Rt,0*16
\s:66,c:1782377509*4A\!AIVDM,1,1,,A,13aIh73001PEldVN00A>48qP2<6P,0*6E
\s:66,c:1782377510*42\!AIVDM,1,1,,A,13I`8j7P0cP?NItHMinhowwT0L1M,0*26
\s:66,c:1782377510*42\!AIVDM,1,1,,A,1388BN3004P5?FvLfVioVq5D0L<P,0*79
\s:66,c:1782377507*44\!AIVDM,1,1,,B,18K@A:0009OcI4dDJdiG11aL0D1d,0*28
\s:66,c:1782377509*4A\!AIVDM,1,1,,A,13aDo90P12PGTn4Mwd@IAwwP2<4B,0*13
\s:66,c:1782377504*47\!AIVDM,1,1,,A,13n52B0P260GV@<RPfWW=miD0000,0*2F
\s:66,c:1782377511*43\!AIVDM,1,1,,B,13caA;50?w0eiP6N`G:N49mV00Ri,0*58
\s:66,c:1782377484*4E\!AIVDM,1,1,,B,160Si:gP?w<tSF0l4Q@>4?wv0`><,0*2F
\s:66,c:1782377513*41\!AIVDM,1,1,,A,33ater1001P?U=@Ma7l0CI?V0DvJ,0*0F
\s:66,c:1782377507*44\!AIVDM,1,1,,B,16LMpn0000NqN9n@7=R@00CP0@Ka,0*0A
\s:66,c:1782377476*43\!AIVDM,1,1,,A,38I2>s5001`cbAN>IN6KDG`60Dg:,0*49
\s:66,c:1782377513*41\!AIVDM,1,1,,B,13aJG1OP00PHedNNFuJaNOwd2<5e,0*28
\g:1-2-5199180,s:66,c:1782377514*09\!AIVDM,2,1,0,A,53JUP842C>sOTP7?7CP@Dq<61<D60hTtr2222216D0J?=5VQ0ICF855F,0*38
\g:2-2-5199180*60\!AIVDM,2,2,0,A,888888888888880,2*24
\s:66,c:1782377509*4A\!AIVDM,1,1,,,B3MAbA000:9b9p27e=sQ1upQn000,0*65
\s:66,c:1782377510*42\!AIVDM,1,1,,B,168sO9001P8QgvJEvUO4WCsR0D5>,0*1B
\s:66,c:1782377513*41\!AIVDM,1,1,,,B3MAbA000:9b9t27e=sQ1urQn000,0*63
\s:66,c:1782377515*47\!AIVDM,1,1,,A,18I8dV2P0IWL;uh0jEpTdOwf20S6,0*2C
\s:66,c:1782377513*41\!AIVDM,1,1,,,B5NftW000TkawQu@e9v=3wrUl000,0*4E
\s:66,c:1782377512*40\!AIVDM,1,1,,B,13LBc00u1J1Qc3:RFf2ojF>00000,0*43
\s:66,c:1782377512*40\!AIVDM,1,1,,B,19NScrh01n1FfN`E?uHc8`qV053<,0*48
\s:66,c:1782377510*42\!AIVDM,1,1,,B,181:LE@uikqW490@W6=penu40@MO,0*56
\s:66,c:1782377515*47\!AIVDM,1,1,,B,18I65k80077L1=20fMFGqc=V053<,0*2E
\s:66,c:1782377515*47\!AIVDM,1,1,,,13euWD5000PF;eHHmhh:VD9d0000,0*33
\s:66,c:1782377501*42\!AIVDM,1,1,,B,170hMH000142`K`>I`4orIqD053<,0*7A
\s:66,c:1782377511*43\!AIVDM,1,1,,B,1:U80@UP0tM?b1CpUr541gwV08Mt,0*00
\s:66,c:1782377517*45\!AIVDM,1,1,,A,18HuJE8u00WJ3Fd0dv07ETsh20Rn,0*4D
\s:66,c:1782377513*41\!AIVDM,1,1,,B,133UtL0vB2VBD7T3N7b:LpET253<,0*4B
\g:1-2-5199181,s:66,c:1782377516*0A\!AIVDM,2,1,1,B,59NSRRH2F>CTCED;:20I<j0dDh4pN22222222216Ch>A75chNCRC`55E,0*6E
\g:2-2-5199181*61\!AIVDM,2,2,1,B,888888888888880,2*26
\s:66,c:1782377510*42\!AIVDM,1,1,,B,B5O1@J000FTGa<3mjKKQ3wq1jCWr,0*73
\s:66,c:1782377516*44\!AIVDM,1,1,,A,15B=`D001R7oc4R9ovl9LoQd0HPk,0*67
\s:66,c:1782377514*46\!AIVDM,1,1,,,15O><>;00eJTv>2E4L;KRaIb0000,0*7F
\s:66,c:1782377516*44\!AIVDM,1,1,,B,3815IohOhhWKwGL0g=SRNRQd0240,0*0F
\s:66,c:1782377517*45\!AIVDM,1,1,,B,19NSl0P0042gFwj<Ok`G28?h0@QT,0*11
\s:66,c:1782377511*43\!AIVDM,1,1,,B,13ohTD002Awr;GtLiIQ:4p1V0<3C,0*16
\s:66,c:1782377515*47\!AIVDM,1,1,,B,38I3?i11h0:dqVgkr7t07So`0DNb,0*1D
\s:66,c:1782377517*45\!AIVDM,1,1,,,B3MAbA000:9b9t27e=sQ1utQl000,0*67
\s:66,c:1782377503*40\!AIVDM,1,1,,B,33LIhKE000OO;<nST5;6UPAD0CTr,0*75
\s:66,c:1782377509*4A\!AIVDM,1,1,,A,19NSg78P02vht:J8>p42owwR053<,0*54
\s:66,c:1782377509*4A\!AIVDM,1,1,,B,D0220516DC6DslBfpm1B9H0,2*30
\s:66,c:1782377508*4B\!AIVDM,1,1,,A,138vvN3P008af=B8FCDs6gwN0HL?,0*18
\s:66,c:1782377509*4A\!AIVDM,1,1,,B,16:HP>P00u8eMePAG9H=>;=D0>bl,0*08
\s:66,c:1782377507*44\!AIVDM,1,1,,B,37Odtj0P00:l5hKd`:stogvN0UmS,0*66
\s:66,c:1782377507*44\!AIVDM,1,1,,,15NfeC<000o@7IFE`wqSsmkL0000,0*3F
\s:66,c:1782377506*45\!AIVDM,1,1,,B,1:10V>?P07PspB`DH:PDIgwJ2<0N,0*1F
\s:66,c:1782377510*42\!AIVDM,1,1,,B,13P<qqh0if8?:TR<TR4qN7WR0@MA,0*58
\s:66,c:1782377507*44\!AIVDM,1,1,,A,13otJ80vBhPsSglVlisotnCH08J2,0*74
\s:66,c:1782377508*4B\!AIVDM,1,1,,B,352nJR0OhArTW1DE6pk5`U5N0000,0*26
\s:66,c:1782377508*4B\!AIVDM,1,1,,B,13F:jH0Oh3OueulEsb;AEFqP08L`,0*33
\s:66,c:1782377504*47\!AIVDM,1,1,,,15Nb?NUP00oRl80CD4wolOwJ0000,0*57
\s:66,c:1782377510*42\!AIVDM,1,1,,B,33MCWqh0000;hNrMs`GDF6CP00wh,0*2B
\s:66,c:1782377479*4C\!AIVDM,1,1,,B,14`V47P01g8WIS0>RLU0B0>P053<,0*35
\s:66,c:1782377512*40\!AIVDM,1,1,,B,403OtWQvad`klo6MW`HB<mg02@Nh,0*40
\s:66,c:1782377510*42\!AIVDM,1,1,,B,B5ODi:000>C?2MT>OlcQ3wpQl000,0*45
\s:66,c:1782377504*47\!AIVDM,1,1,,A,35Pm>0@P2=oS@:RBq`hSOwwF21dQ,0*4F
\s:66,c:1782377512*40\!AIVDM,1,1,,B,160RB880002kAkj<BFHitOwR0hNa,0*5B
\s:66,c:1782377512*40\!AIVDM,1,1,,B,1:5cSl8P0d7=lCh7MD@k6gw`08NA,0*62
\s:66,c:1782377513*41\!AIVDM,1,1,,B,37lctj10017aJBgtU2SuEB1:0000,0*30
\s:66,c:1782377372*40\!AIVDM,1,1,,B,16:=P?QP027h5@h<C3iVigvv0534,0*74
\s:66,c:1782377510*42\!AIVDM,1,1,,B,177CnI001v8WAD073Q?6HE;L0L0L,0*4B
\s:66,c:1782377511*43\!AIVDM,1,1,,A,144d?u00281Q1=`QaR8HFnUV0l0t,0*1E
\s:66,c:1782377512*40\!AIVDM,1,1,,B,13l3nP@01k0>sBJMVRfLor=V00SA,0*1E
\s:66,c:1782377507*44\!AIVDM,1,1,,B,137Qef03RBP7ejbNEgQsw9WF08KJ,0*43
\g:1-2-5199182,s:66,c:1782377468*01\!AIVDM,2,1,2,A,53aKU5H2D5O90=Mb220<t5=@4j0<P58TuB22221J2HA295b805kEDhh@,0*53
\g:2-2-5199182*62\!AIVDM,2,2,2,A,E;3k@C`88888880,2*5B
\s:66,c:1782377513*41\!AIVDM,1,1,,A,13tiSB001h0Bin0MgS:lDkKV0DFg,0*7C
\s:66,c:1782377508*4B\!AIVDM,1,1,,B,15?dNd001H4Bs=d<TqiW`n5L0=<a,0*75
\s:66,c:1782377479*4C\!AIVDM,1,1,,A,35?dNd001H4BsD8<TtS7b64P004B,0*6F
\s:66,c:1782377508*4B\!AIVDM,1,1,,A,139S53P0000WtptNI3:`c1eL0@KQ,0*40
\s:66,c:1782377514*46\!AIVDM,1,1,,B,13fJ;L001i1HpLVPWl>WsVId08Od,0*1E
\g:1-2-5199183,s:66,c:1782377479*00\!AIVDM,2,1,3,A,55?dNd82?09O<G;O;V1UD4r0P4pN1LDV1TF22216D@LB>5jU0NlmAFP0,0*25
\g:2-2-5199183*63\!AIVDM,2,2,3,A,000000000000000,2*27
\s:66,c:1782377515*47\!AIVDM,1,1,,A,B7lpQ<P009rFBrO88k803wo4kP06,0*41
\s:66,c:1782377457*40\!AIVDM,1,1,,A,16oa>U@P00T<5TB=Q?k;Bwwh20Ru,0*13
\s:66,c:1782377512*40\!AIVDM,1,1,,A,B7mF@A000:5g@6OkvMF2cwqRT@Nt,0*25
\s:66,c:1782377513*41\!AIVDM,1,1,,A,16SgvT`000a=Uo<D4;@WVRO`2<Wt,0*67
\s:66,c:1782377514*46\!AIVDM,1,1,,A,13MCWqh0000;hNpMs`GTF6Eb00S3,0*73
\s:66,c:1782377454*43\!AIVDM,1,1,,A,H52h2MQ0h5U0Dp0000000000000,2*21
\s:66,c:1782377512*40\!AIVDM,1,1,,B,H52h2MTU7B=400000000001`6330,0*57
\s:66,c:1782377516*44\!AIVDM,1,1,,B,18I6@F8000WJS8t0fm8tU15b00Sm,0*25
\s:66,c:1782377509*4A\!AIVDM,1,1,,A,19pM;4700SvhRht85i<=KJuR2D10,0*1C
\s:66,c:1782377460*44\!AIVDM,1,1,,A,33aKU5EP00T<6vL=QhGEpgwn0lg:,0*14
\s:66,c:1782377514*46\!AIVDM,1,1,,B,17tD:=8P01WL5Ep0lCnv4?wb253<,0*77
\s:66,c:1782377514*46\!AIVDM,1,1,,B,13;ce:?P00Rvc6:H7tbEh?wb0U3<,0*00
\s:66,c:1782377515*47\!AIVDM,1,1,,A,19NSgCP02q;DnTLJA6Njs2Cb0D01,0*31
\s:66,c:1782377511*43\!AIVDM,1,1,,A,34eIanh000G<lD0L=G5P?8Gp0000,0*5A
\s:66,c:1782377514*46\!AIVDM,1,1,,B,B5ODi:0006C?2MT>OlcQ3ws1h000,0*2A
\s:66,c:1782377514*46\!AIVDM,1,1,,B,3:5eW41000`LWihF@T?f48;b2DfJ,0*60
\s:66,c:1782377511*43\!AIVDM,1,1,,A,14eIanh000o<lD4L=G5P?8GV0l3G,0*7A
\s:66,c:1782377512*40\!AIVDM,1,1,,A,144WUNP02DNaAd`:ejN=NJqp1pGA,0*23
\s:66,c:1782377515*47\!AIVDM,1,1,,B,13aLnDPP18PHLs8NEsap:?wf28PB,0*53
\s:66,c:1782377517*45\!AIVDM,1,1,,A,16:cIT001G8LNLPF02gaHoOR0LQ1,0*51
\s:66,c:1782377515*47\!AIVDM,1,1,,B,402IP>iuJl`knO0u6bU7CJW0053<,0*33
\s:66,c:1782377512*40\!AIVDM,1,1,,B,13Hj9vPP0VP8oQDMKeAauwwb28Ne,0*4B
\s:66,c:1782377510*42\!AIVDM,1,1,,B,35Pm>0@P2=oS@CDBq`gCROwR21qQ,0*18
\s:66,c:1782377513*41\!AIVDM,1,1,,A,16:>eqgP008Mn<pFECbv4?w`2U3<,0*71
\s:66,c:1782377513*41\!AIVDM,1,1,,,15NfeC<000o@7IBE`wpCsmk`0000,0*06
\s:66,c:1782377487*4D\!AIVDM,1,1,,A,195mwbhP0242Iep>U`nP<gw40hBd,0*50
\s:66,c:1782377512*40\!AIVDM,1,1,,A,29NSje1002Wb2mj5tLKI`@7V2<4s,0*3B
\s:66,c:1782377517*45\!AIVDM,1,1,,A,13ku<>E029MSIWIrr5viCQ;l00S;,0*08
\s:66,c:1782377506*45\!AIVDM,1,1,,A,37tKkf@01S77j?p3V7pN1P3p0000,0*69
\s:66,c:1782377509*4A\!AIVDM,1,1,,B,13crb401j:`gQIJAlW>4p3oD00Rs,0*5D
\s:66,c:1782377509*4A\!AIVDM,1,1,,B,19NS`aP02>7b>Rf;KehVM5;R08Lj,0*16
\s:66,c:1782377510*42\!AIVDM,1,1,,B,170Hen8P01T21=6>PEkVaOwT20SQ,0*7E
\s:66,c:1782377509*4A\!AIVDM,1,1,,A,13Eeh8WP1@P1dGtF5QS19gwR2HLw,0*6E
\s:66,c:1782377510*42\!AIVDM,1,1,,A,1815aVh01K`lv;fAbHfn>lmJ0D3Q,0*19
\s:66,c:1782377507*44\!AIVDM,1,1,,A,177b;d002K7klAD;oVPUNDGH00Rn,0*58
\s:66,c:1782377506*45\!AIVDM,1,1,,B,B7Oh9q000:e9r5K;na`sGwnUoP06,0*70
\s:66,c:1782377507*44\!AIVDM,1,1,,B,17mFB0AP00`=ntivdaI4lwwL0@Kf,0*36
\s:66,c:1782377508*4B\!AIVDM,1,1,,B,15`g6>001r0Q2e4HuKajOisP0D5B,0*14
\s:66,c:1782377511*43\!AIVDM,1,1,,A,13cqIV9uh1117<lGG6a@0:IV0L2=,0*2A
\s:66,c:1782377508*4B\!AIVDM,1,1,,A,H3`f;>TTCBD5>9P@8mqkm01@0210,0*59
\s:66,c:1782377480*4A\!AIVDM,1,1,,B,15SCsN001w`amLr>oq9HI6VB08<2,0*24
\s:66,c:1782377505*46\!AIVDM,1,1,,,13lb5<002mPL78jNimWawow>053<,0*63
\s:66,c:1782377510*42\!AIVDM,1,1,,,13lb5<002mPL6stNimGqwWwH053<,0*79
\s:66,c:1782377508*4B\!AIVDM,1,1,,B,H3n:jJ1=V0lD@D4000000000000,2*5A
\s:66,c:1782377508*4B\!AIVDM,1,1,,A,H3n:jJ4T?>G1000<1kmkj01`1410,0*61
\s:66,c:1782377502*41\!AIVDM,1,1,,B,1:U7P4P003MFVvCqaqdnnlAD00Sa,0*7D
\s:66,c:1782377271*42\!AIVDM,1,1,,A,3:U7P4P003MFVwMqar12;CiV04jC,0*26
\s:66,c:1782377508*4B\!AIVDM,1,1,,B,33B0rh5000<VMcIbLcqij0CP0Dg:,0*70
\s:66,c:1782377511*43\!AIVDM,1,1,,B,38L@;000017LNTf0gfNeM3W`02sQ,0*5C
\s:66,c:1782377508*4B\!AIVDM,1,1,,A,17176V3000SQL2P@:E@1tpM0253D,0*2E
\g:1-2-5199184,s:66,c:1782377304*0A\!AIVDM,2,1,4,A,5:U7P4WKOakP0000000>l4<<h4Tn22222222221J000006l70<PDP@hB,0*25
\g:2-2-5199184*64\!AIVDM,2,2,4,A,UH8888888888880,2*3D
\s:66,c:1782377376*44\!AIVDM,1,1,,A,16<g2D@P04`ceRh>IMOsRgw82534,0*38
\g:1-2-5199185,s:66,c:1782377512*0A\!AIVDM,2,1,5,A,53Gi1F42:kGdJ160:0pJuJ0bpnp<Q8U=@T4r3J0N1PT735d60:T3lU84,0*13
\g:2-2-5199185*65\!AIVDM,2,2,5,A,hBA888888888880,2*72
\s:66,c:1782377512*40\!AIVDM,1,1,,B,13Gi1F0000RD1ibAnnRJ=61b0HNi,0*0C
\s:66,c:1782377506*45\!AIVDM,1,1,,A,17tKkf@01T77j?p3V7pN1P3J0@K?,0*52
\s:66,c:1782377511*43\!AIVDM,1,1,,B,347wot08PlQcVe>QQ8?DrDEP81wh,0*04
\g:1-2-5199186,s:66,c:1782377497*05\!AIVDM,2,1,6,A,59NSpK@2BMFGDiH7N21DhUHT6222222222222216I8R>H5f@0TjCRF6H,0*5D
\g:2-2-5199186*66\!AIVDM,2,2,6,A,888888888888880,2*22
\s:66,c:1782377515*47\!AIVDM,1,1,,B,13Ep3bPP00Ogn2PE0kvusgwf20Si,0*47
\s:66,c:1782377514*46\!AIVDM,1,1,,B,15D9:T0P00RCwFlAnJ`>4?wd2@P7,0*28
\s:66,c:1782377511*43\!AIVDM,1,1,,A,13o=:d7000PKJIBQL`qv40QV053<,0*06
\g:1-2-5199187,s:66,c:1782377515*0F\!AIVDM,2,1,7,B,53cqIV80?@StTwKGS@04pM861@tt00000000000U3`;8840Ht53PD3k2,0*7D
\g:2-2-5199187*67\!AIVDM,2,2,7,B,@00000000000000,2*50
\s:66,c:1782377515*47\!AIVDM,1,1,,B,337mOF0405PCR9NMFNeoRbKf8P00,0*7B
\s:66,c:1782377489*43\!AIVDM,1,1,,B,15Dr3N3007T2V6`>Vgkp:Ttt08A8,0*03
\s:66,c:1782377511*43\!AIVDM,1,1,,A,17Of2?001@:lP:5jG65sLI9V00S7,0*2F
\s:66,c:1782377517*45\!AIVDM,1,1,,B,C6:Lta00;R;dDu4H:I0nSwv0Vc0`NL?0DB2O06;SR000JPt8QR0P,0*2D
\s:66,c:1782377503*40\!AIVDM,1,1,,B,35DSmV100042AM:>b5E:m3=F0EDJ,0*76
\s:66,c:1782377506*45\!AIVDM,1,1,,A,19NSpK@00mT2aAd>KSDDJkOF00S7,0*6D
\s:66,c:1782377516*44\!AIVDM,1,1,,B,13HOI??P00P0VtVLCn;N4?wf28Pr,0*0B
\s:66,c:1782377503*40\!AIVDM,1,1,,B,16Bcv@0P0240>Hd?Nk0:BwwD28IC,0*57
\s:66,c:1782377517*45\!AIVDM,1,1,,B,13aQ?hhP0e0BKhpMJDfE;wwl28Q`,0*00
\s:66,c:1782377515*47\!AIVDM,1,1,,A,37mFB0AP00`=ntgvdaHTlwwd0000,0*2D
\s:66,c:1782377506*45\!AIVDM,1,1,,B,15?da>001ub<<EPGoikbC8?B0D0?,0*23
\s:66,c:1782377501*42\!AIVDM,1,1,,A,15Tk5D001b027H6LuffqpWsD0<1n,0*7F
\s:66,c:1782377506*45\!AIVDM,1,1,,B,169AHvS00u7?ONb1TpweMreN08K?,0*46
\s:66,c:1782377508*4B\!AIVDM,1,1,,B,13AV060025P1kolFH<vMIJkL0l6;,0*44
\s:66,c:1782377509*4A\!AIVDM,1,1,,B,198war03AT07SVPE4Cm3@RWP2<6l,0*18
\s:66,c:1782377505*46\!AIVDM,1,1,,A,403t=Jivad`kd8h>=fAm`?o008J<,0*00
\s:66,c:1782377511*43\!AIVDM,1,1,,A,16Skrp002W7VQsB2nC08RniV053<,0*61
\s:66,c:1782377511*43\!AIVDM,1,1,,B,33cq8J8Ohg0e3nDI>vw0?EwV00ph,0*74
\s:66,c:1782377503*40\!AIVDM,1,1,,A,B7ldU5000:3M=NOc4SsLwwl2T0Rp,0*50
\s:66,c:1782377505*46\!AIVDM,1,1,,A,1815L?h00Q2OoK@@krV2U23H0<0s,0*16
\s:66,c:1782377510*42\!AIVDM,1,1,,B,1815c=P01t7de>>;isRl2C9V0D24,0*16
\s:66,c:1782377504*47\!AIVDM,1,1,,A,13n3Rl000r0PKmPSnJJ0PPGH053<,0*1B
\s:66,c:1782377512*40\!AIVDM,1,1,,A,34eHHQ@000G<MQ4L=pN=5P5p0000,0*64
\s:66,c:1782377512*40\!AIVDM,1,1,,A,36:R6c`PA>8LL40>09of1@1800sA,0*19
\s:66,c:1782377507*44\!AIVDM,1,1,,A,15?dM6P1R<8m@t6AMRQWiF5J0<3t,0*19
\s:66,c:1782377323*44\!AIVDM,1,1,,A,176ta?02B?8We7P>?:qhG0?H00Rk,0*35
\s:66,c:1782377492*49\!AIVDM,1,1,,A,1567td@P?w<tSF0l4Q@>4?wv0d5M,0*57
\s:66,c:1782377432*43\!AIVDM,1,1,,A,3567td@P?w<tSF0l4Q@>4?wv0RsQ,0*39
\s:66,c:1782377511*43\!AIVDM,1,1,,A,833fLsPj2d=d<<uLtib@ggaE38P0,0*3B
\s:66,c:1782377507*44\!AIVDM,1,1,,B,13V8M6002?8caiL>uAFiFi7N0<14,0*5A
\s:66,c:1782377512*40\!AIVDM,1,1,,B,29NSkvEP008flVVAE1Q@0?wP08NE,0*06
\s:66,c:1782377472*47\!AIVDM,1,1,,B,19Hl>:P02:Rq7Ah:=0rmOTRH0U3<,0*1B
\s:66,c:1782377507*44\!AIVDM,1,1,,A,369r9pUP008e<?PA8t==awwN0Dmb,0*73
\s:66,c:1782377513*41\!AIVDM,1,1,,A,15NHR?<012q=;9L@wDkE;T?d0<6e,0*72
\s:66,c:1782377513*41\!AIVDM,1,1,,A,13l3oGhvj0wS3KbKqi?iNQAP0<4J,0*50
\s:66,c:1782377513*41\!AIVDM,1,1,,A,33`s5o50010CblVMHU?C8bSbPJ`h,0*15
\s:66,c:1782377270*43\!AIVDM,1,1,,B,39NShEE000Wk:ed<BBsQvAUP8D`r,0*2F
\s:66,c:1782377505*46\!AIVDM,1,1,,A,B3HPS@P0>OvD7Q7@EpfIkwnUoP06,0*6A
\s:66,c:1782377507*44\!AIVDM,1,1,,B,13LBbpP0001Ql1pRMO8>45000000,0*41
\g:1-2-5199188,s:66,c:1782377494*08\!AIVDM,2,1,8,B,59NShEH2<eK;DheK8008iDF0A8D4n0lDhtAT00154RW>>4An0?hQBH20,0*4E
\g:2-2-5199188*68\!AIVDM,2,2,8,B,BH0kP0000000000,2*1E
\s:66,c:1782377511*43\!AIVDM,1,1,,A,177UtV001c8koe>ACK`bU`MV0HMr,0*77
\s:66,c:1782377511*43\!AIVDM,1,1,,B,403t:Iivad`kj`QbnPFHCv7008Mj,0*10
\s:66,c:1782377509*4A\!AIVDM,1,1,,A,177MOU002Q8dBMlCli4ElDgR00Ra,0*05
\g:1-2-5199189,s:66,c:1782377433*04\!AIVDM,2,1,9,B,54cM6wH2>G5sQ10L001<D634000000000000001I6poiitf50TDj2CPD,0*09
\g:2-2-5199189*69\!AIVDM,2,2,9,B,p0CPj3lP0000000,2*18
\s:66,c:1782377510*42\!AIVDM,1,1,,B,B3o2fLP000A?tbanpfp=OwpQVDe:,0*2B
\s:66,c:1782377515*47\!AIVDM,1,1,,A,15O4gs0P00JA@L4>s:66,0*6A
\s:66,c:1782377511*43\!AIVDM,1,1,,B,16:io`00158LrH@F3lu6151T0D;W,0*57
\s:66,c:1782377513*41\!AIVDM,1,1,,B,B5O9<EP005kt<MVlFnwQ3wrQjD1J,0*50
\s:66,c:1782377510*42\!AIVDM,1,1,,A,14`UvgP01@P:kO0NIKRLt:MP00RR,0*69
\s:66,c:1782377515*47\!AIVDM,1,1,,A,347>fbPOi=QbJpvQVMtPC@Cb020P,0*36
\s:66,c:1782377512*40\!AIVDM,1,1,,B,B7ldU5000:3M=Lwc4SkLwwq2T4Rp,0*68
\s:66,c:1782377515*47\!AIVDM,1,1,,A,H3EhuO04h8u84r0<t<tl4iD<t00,2*1A
\s:66,c:1782377515*47\!AIVDM,1,1,,B,H3EhuO4TFC@83WT51pmlh00p6400,0*0B
\s:66,c:1782377516*44\!AIVDM,1,1,,B,ENk`s@>Vh@@@@@@@@@@@@@@@@@@=8e2p7Gm?`00003vP000,2*51
\s:66,c:1782377516*44\!AIVDM,1,1,,B,29NSkvEP008flVVAE1Q@0?w`08P`,0*0D
\s:66,c:1782377512*40\!AIVDM,1,1,,B,132i`j?P00OH1eRH:kbh0?wV2<0t,0*6F
\s:66,c:1782377511*43\!AIVDM,1,1,,A,169Ct;U00J8Kf@0FAdN927>01P06,0*16
\s:66,c:1782377517*45\!AIVDM,1,1,,A,15BQiH001Tq=@P6@uwDMFrej0HQF,0*00
\s:66,c:1782377372*40\!AIVDM,1,1,,A,34cM6wAP?w<tSF0l4Q@>4?wv0m>J,0*2E
\s:66,c:1782377512*40\!AIVDM,1,1,,A,ENkaRf>S`@@@@@@@@@@@@@@@@@@<lTk58WP=@00003vP000,2*21
\s:66,c:1782377512*40\!AIVDM,1,1,,B,430a:LQvad`kj<tSF0l4Q@100l1T,0*5A
\s:66,c:1782377511*43\!AIVDM,1,1,,B,33MAaKU000081qLN1`RTb2wV0Dg:,0*23
\s:66,c:1782377510*42\!AIVDM,1,1,,A,B3IUL5P09H3PeO5WJrhVkwq1l@MF,0*75
\s:66,c:1782377517*45\!AIVDM,1,1,,A,13eU<l001T0iEiPQ4CU02s;l0D38,0*2E
\s:66,c:1782377512*40\!AIVDM,1,1,,B,15Tk5D001c0278pLufGqpWsb0<1n,0*4C
\s:66,c:1782377517*45\!AIVDM,1,1,,A,15?da>001vb<<76GoicJF8?V00T5,0*1C
\s:66,c:1782377512*40\!AIVDM,1,1,,A,18JAm48P00WLDv`0aL8UlOwV28Nk,0*01
\s:66,c:1782377517*45\!AIVDM,1,1,,A,19pJKB0000vh==j8IfDdm2Ch053<,0*20
\s:66,c:1782377514*46\!AIVDM,1,1,,B,33d47R03A>TLRTp<m=v7sVGV01t@,0*2E
\s:66,c:1782377507*44\!AIVDM,1,1,,B,13Wach?P00OVoWvDR`NaO?wL08KU,0*26
\s:66,c:1782377506*45\!AIVDM,1,1,,A,1815c:0023P4>hrFrh9@P0K400SV,0*0C
\s:66,c:1782377507*44\!AIVDM,1,1,,A,33mhlR0026QmE>>`UVe35RQJ009k,0*7B
\s:66,c:1782377509*4A\!AIVDM,1,1,,A,1815Gf002h7VLq`2b3CA:PsP00SD,0*53
\s:66,c:1782377504*47\!AIVDM,1,1,,B,17lia<gP3DWLG280cRS0:wwH28J2,0*0F
\s:66,c:1782377508*4B\!AIVDM,1,1,,A,100002OP?w<tSF0l4Q@>4?wv073h,0*3E
\s:66,c:1782377509*4A\!AIVDM,1,1,,B,15?dbDh01E`fNA0AjLv4QkQP0=OL,0*59
\s:66,c:1782377509*4A\!AIVDM,1,1,,A,17lia<gP3EWLG300cSdh>?wR20SP,0*4F
\s:66,c:1782377508*4B\!AIVDM,1,1,,A,35?v<`5000HHp`T=AW8TC0ap0000,0*51
\s:66,c:1782377509*4A\!AIVDM,1,1,,A,15N48s001>rR`<:EsEmu<bOR08Ln,0*58
\s:66,c:1782377510*42\!AIVDM,1,1,,A,169EGQ?P00`g9>hA>o:sNgwT253<,0*17
\s:66,c:1782377510*42\!AIVDM,1,1,,B,1815V6P10dNh>wB7nPsIP7QP0HM7,0*07
\s:66,c:1782377503*40\!AIVDM,1,1,,B,13En`@WP0gP?Ew2FCROqOOwD2L06,0*31
\s:66,c:1782377507*44\!AIVDM,1,1,,A,1815AGh40L7KaJ00flDtlc6P053<,0*03
\s:66,c:1782377509*4A\!AIVDM,1,1,,A,14`Uvp@02jwwVaSpQMV<Qb9P0PS=,0*0E
\s:66,c:1782377509*4A\!AIVDM,1,1,,B,35NQH1<000o@>`lEWwf9O2mT06RS,0*2D
\s:66,c:1782377510*42\!AIVDM,1,1,,B,13ld66002qOCwG0E93:6LU?R00S0,0*34
\s:66,c:1782377510*42\!AIVDM,1,1,,A,13aEQ;PP13PFUsFMv:btSrAT053<,0*37
\s:66,c:1782377508*4B\!AIVDM,1,1,,A,B39Lb2P0<Guff575siiceBH1n0<1,0*36
\s:66,c:1782377401*43\!AIVDM,1,1,,B,B39MDb00;P6rBrUR=BvcSwP1h@0`,0*49
\s:66,c:1782377506*45\!AIVDM,1,1,,B,13oB7670001dD6F`KrBLBD9L00RT,0*4F
\g:1-2-5199190,s:66,c:1782377512*0E\!AIVDM,2,1,0,A,53f3FP80?qn?TP7K?;TDlU:04e<uV22222222216E@M=C5f>0Hhk`6RQ,0*16
\g:2-2-5199190*61\!AIVDM,2,2,0,A,p88888888888880,2*6C
\s:66,c:1782377490*4B\!AIVDM,1,1,,B,13V<7N0004P`dNBF8=hcg0Vj08An,0*6C
\s:66,c:1782377510*42\!AIVDM,1,1,,B,13V<7N0004P`dMPF8=lKj@UJ0<2`,0*76
\s:66,c:1782377512*40\!AIVDM,1,1,,,13lu0800S2KEbe0;hd@jF1qb053<,0*5F
\s:66,c:1782377377*45\!AIVDM,1,1,,B,38I6o11w@07hE2d<7Q?@iFK60DMb,0*59
\s:66,c:1782377379*4B\!AIVDM,1,1,,A,36:3s2UP017h6F<<EWKDeOw>0000,0*3E
\s:66,c:1782377511*43\!AIVDM,1,1,,A,19cpnP<P00P69U0DrKm>4?wV28N;,0*2E
\s:66,c:1782377509*4A\!AIVDM,1,1,,B,16K2NmP0009jJt0D3vTRgFOT0@Lw,0*33
\s:66,c:1782377513*41\!AIVDM,1,1,,B,18Hv9V<0027LG3p0igG7f8W`053<,0*21
\s:66,c:1782377510*42\!AIVDM,1,1,,B,19NSs8PvhBMQ25Es>a:tD@cP053<,0*76
\s:66,c:1782377512*40\!AIVDM,1,1,,B,B6:`LNP08B9h3@4U5?B?gwv63P06,0*12
\s:66,c:1782377512*40\!AIVDM,1,1,,A,13Ef=S?P00wj89@Hjk;Q1?w`253<,0*68
\s:66,c:1782377496*4D\!AIVDM,1,1,,B,19NShw21AGRhvpv;tM2=b:u40U3<,0*1E
\s:66,c:1782377489*43\!AIVDM,1,1,,B,39NShw201GRhvql;tLN=cJtp0P00,0*35
\s:66,c:1782377513*41\!AIVDM,1,1,,B,38I7=B50002Bh43gQ5;Bkj3V0Dg:,0*02
\s:66,c:1782377508*4B\!AIVDM,1,1,,B,19NSeo@01a8WkeB6Mh9Mtc9>0@LD,0*36
\s:66,c:1782377513*41\!AIVDM,1,1,,B,13l3tphvjH0kRN>Ps08U:D7b0D4f,0*4A
\s:66,c:1782377512*40\!AIVDM,1,1,,B,4028jM1vad`kj00980FsvQOP253<,0*1B
\s:66,c:1782377503*40\!AIVDM,1,1,,B,16:ETTP01c7iqe`<;QqdkbAB0HIG,0*7A
\s:66,c:1782377501*42\!AIVDM,1,1,,A,36:ETTP01c7iqfb<;QdtjrA>00p0,0*24
\s:66,c:1782377516*44\!AIVDM,1,1,,B,1815Gf002h7VLvt2b4Li:hsf0<0l,0*2A
\s:66,c:1782377510*42\!AIVDM,1,1,,B,13AtEj701R0Ls22NetdQriWP0<:M,0*5B
\s:66,c:1782377515*47\!AIVDM,1,1,,B,3815Lrm0007K5pV0fRKiDi060Dg:,0*02
\s:66,c:1782377516*44\!AIVDM,1,1,,A,13ld66002qOCwJ8E91w6LU?f08Pn,0*1C
\s:66,c:1782377509*4A\!AIVDM,1,1,,B,13aIhQhP00PGpMlNR4F>4?wR20S7,0*50
\s:66,c:1782377511*43\!AIVDM,1,1,,A,B3?uK?P08gv@OmW7DnLUtMIQlL0H,0*68
\s:66,c:1782377515*47\!AIVDM,1,1,,B,13`l>A@P09PBGP4MffSjMOwf2@PO,0*76
\s:66,c:1782377509*4A\!AIVDM,1,1,,A,13Ea3`000000ng:F<fUjO6OR08Ls,0*10
\s:66,c:1782377498*43\!AIVDM,1,1,,A,170pTr0P0142cjj>I1Iu:p9:1000,0*70
\s:66,c:1782377511*43\!AIVDM,1,1,,A,19NSoMhwR37>`GN1VfDsPa?V08N:,0*1D
\s:66,c:1782377513*41\!AIVDM,1,1,,B,13VTuD0wjANdcDv;>TaFu5SP00SB,0*27
\s:66,c:1782377516*44\!AIVDM,1,1,,B,15?dVdP001R<>?bHSBNVpoej0`QD,0*30
\s:66,c:1782377517*45\!AIVDM,1,1,,A,18HrjhKP00WJlnP0gn`>4?wh2<R2,0*5E
\s:66,c:1782377515*47\!AIVDM,1,1,,B,17lia<gP3CWLG4@0cU5P@gwf2D:6,0*3B
\s:66,c:1782377515*47\!AIVDM,1,1,,A,B3cgBcP0BPJrks5eNs=R9>v00000,0*63
\s:66,c:1782377516*44\!AIVDM,1,1,,A,17m9vVgP3WWMVKd0foB8k?wd2@Pa,0*23
\s:66,c:1782377516*44\!AIVDM,1,1,,A,13Wach?P00OVo`0DR`N9O?wf0@Q<,0*2D
\s:66,c:1782377516*44\!AIVDM,1,1,,B,1815c:0023P4>l:FriRPP@IH0HQ8,0*23
\s:66,c:1782377517*45\!AIVDM,1,1,,A,15?dbDh01F`fNG@AjLa4Q3Qh053<,0*5C
\s:66,c:1782377517*45\!AIVDM,1,1,,B,1815AGh4@M7KaHf0flVtmK<l00RP,0*20
\s:66,c:1782377516*44\!AIVDM,1,1,,A,17tKg<h01v7J0HN0d4asR9?d0@Pw,0*05
\s:66,c:1782377514*46\!AIVDM,1,1,,A,35OF5n0000JSEgHE86a;@8ip0000,0*71
\s:66,c:1782377517*45\!AIVDM,1,1,,B,18I7f60uB;`i2Vn@vF@Cmjwh0@QL,0*3B
\s:66,c:1782377517*45\!AIVDM,1,1,,A,16:G1q00008;1;4<rKcIb1?h00Rp,0*28
\s:66,c:1782377517*45\!AIVDM,1,1,,A,38I6br001n7HiAb0jI`dC9mj05PC,0*54
\s:66,c:1782377517*45\!AIVDM,1,1,,A,B7lcbVP03qnf88P:1mLcWwt4kP06,0*06
\s:66,c:1782377517*45\!AIVDM,1,1,,A,B52dHaP005oS@HTprcjS:2v00000,0*3D
\s:66,c:1782377508*4B\!AIVDM,1,1,,B,860R`PQKf2tI3oG6t4S56vTgF2S<OVVSqk4l>uAP;69g:016EdLH,0*16
\s:66,c:1782377508*4B\!AIVDM,1,1,,A,15O:J9P000JdQw@GB3>JqaeD08LP,0*6B
\s:66,c:1782377509*4A\!AIVDM,1,1,,B,1815?5P024s3pg>G<U:K6plt00S6,0*49
\s:66,c:1782377502*41\!AIVDM,1,1,,B,13cg5L0w1kPupvhE=Si;Jq9B08I6,0*42
\s:66,c:1782377509*4A\!AIVDM,1,1,,A,18Hw19000;7K7Pb0f54lwaCP0DA;,0*5A
\s:66,c:1782377509*4A\!AIVDM,1,1,,A,13HnJh700:04oC0LtBIiOAgR0L0G,0*5F
\s:66,c:1782377511*43\!AIVDM,1,1,,B,15NQLqd000q<kV@A1vtsnbsT08Mk,0*63
\s:66,c:1782377509*4A\!AIVDM,1,1,,A,19NSNT00020e>m>I5PICOGCN0d62,0*60
\s:66,c:1782377507*44\!AIVDM,1,1,,A,1:1KhP<P0vPt0OPCp9@RHOwL2HKe,0*3E
\s:66,c:1782377329*4E\!AIVDM,1,1,,A,33F<Gt30030E7UtFvqN;Rs3T06>S,0*15
\s:66,c:1782377512*40\!AIVDM,1,1,,B,37P1hU0PAobl9Pid`B4b5H7`20vQ,0*22
\s:66,c:1782377503*40\!AIVDM,1,1,,B,15?;mv001T`A1G>;EfhAJQ5D0@Ia,0*31
\s:66,c:1782377507*44\!AIVDM,1,1,,B,18L@NR0P00WLPW80cR<<KwwF0HKb,0*25
\s:66,c:1782377510*42\!AIVDM,1,1,,B,C>1P?pP@19s@IR2i2W5PSwP1Uf6@NQ0`T2L?0QWKiU:000D2RRR0,0*18
\g:1-2-5199191,s:66,c:1782377372*0F\!AIVDM,2,1,1,A,53F<Gt42:mEDDLE>220I84p<U<<v120p5H598v1O1`A435d60:khi@CS,0*20
\g:2-2-5199191*60\!AIVDM,2,2,1,A,ilPD22@p5klRlp0,2*78
\g:1-2-5199192,s:66,c:1782377512*0C\!AIVDM,2,1,2,B,55V=mr02?GWhcP;GK3IH:1=E0E8Dq`v22222220l1p>646Dg0<0@RA2P,0*05
\g:2-2-5199192*63\!AIVDM,2,2,2,B,C`8888888888880,2*06
\s:66,c:1782377507*44\!AIVDM,1,1,,A,B5Mn8Q000>fdvdV3g>RU24N00000,0*46
\s:66,c:1782377505*46\!AIVDM,1,1,,A,139Np>P001Pqp6<O?J2soEGD08JH,0*7F
\s:66,c:1782377511*43\!AIVDM,1,1,,A,13cf4=0P000g?EnHt5nf4?wT0000,0*22
\s:66,c:1782377507*44\!AIVDM,1,1,,A,17WK;G@01F09U3NMCaLBCAqJ0l64,0*60
\s:66,c:1782377513*41\!AIVDM,1,1,,B,1:U74ThvQSttUQmjibjbb8Gd2<09,0*4E
\g:1-2-5199193,s:66,c:1782377214*0C\!AIVDM,2,1,3,B,55OAjf`0DDBILA3?3?P@Di0PTqE>22222222220`2hB65t`@T3Di`0PF,0*51
\g:2-2-5199193*62\!AIVDM,2,2,3,B,H1QDTVH88888880,2*3A
\s:66,c:1782377510*42\!AIVDM,1,1,,B,13MAmH000<0MNVpNsSJe1hMT0L24,0*6C
\s:66,c:1782377513*41\!AIVDM,1,1,,A,3599c=1Oh1HROv2:rFRCNK=`0E::,0*7A
\s:66,c:1782377512*40\!AIVDM,1,1,,B,402;bN1vad`kk0Bu2rHpTdW000S:,0*67
\g:1-2-5199194,s:66,c:1782377514*0C\!AIVDM,2,1,4,A,A03IupkAC4:dH0@0`i2<;gqI0HP1wkKwNjWv>04h1wuF04dSwU806A7w,0*42
\g:2-2-5199194*65\!AIVDM,2,2,4,A,7h1f9gq`01tNwkwwGR;uTh1`<wq<05bb,0*47
\s:66,c:1782377514*46\!AIVDM,1,1,,A,170>R6pP00T210J>PERTlwwd2D3u,0*52
\s:66,c:1782377507*44\!AIVDM,1,1,,A,18I<N0002pWPkb@1bIpWK5qJ00Sa,0*62
\s:66,c:1782377514*46\!AIVDM,1,1,,B,13EfuePP01Nh<ah8Ib:@q?wd253<,0*3A
\s:66,c:1782377511*43\!AIVDM,1,1,,A,33eaN@80001cNpLFJ3gdRb3p0000,0*4B
\s:66,c:1782377516*44\!AIVDM,1,1,,A,13wmC1P0?w<tSF0l4Q@>47;v0l18,0*65
\s:66,c:1782377516*44\!AIVDM,1,1,,A,404<o2Qvad`ko9<oCvD43?300@Pg,0*56
\s:66,c:1782377515*47\!AIVDM,1,1,,B,B40abv00=h0j>s5T?16RKwsUkP06,0*78
\s:66,c:1782377509*4A\!AIVDM,1,1,,A,3keOEl?00vP6d2>F:<FUn4IN2000,0*36
\s:66,c:1782377509*4A\!AIVDM,1,1,,A,16:LasP0017iPA`;psWud6;N053<,0*3C
\s:66,c:1782377507*44\!AIVDM,1,1,,A,18I4ha0u2M6@6@<3ECikBjWJ0D0@,0*5B
\s:66,c:1782377514*46\!AIVDM,1,1,,A,17m@;ROP01`=ml9vdRI`Nwwb28Oq,0*6E
\s:66,c:1782377511*43\!AIVDM,1,1,,A,13aJHJHP190GhJ4NQNFWWwwV08NG,0*3C
\s:66,c:1782377514*46\!AIVDM,1,1,,A,402;bLQvad`knPcKptHOD3W00d4v,0*3F
\s:66,c:1782377514*46\!AIVDM,1,1,,B,23`en1PP0;PDQFDMe7S:J?wd2@Ok,0*74
\s:66,c:1782377516*44\!AIVDM,1,1,,B,33l3p:@0iVP?1T`MVJJnAm;d034Q,0*75
\s:66,c:1782377511*43\!AIVDM,1,1,,A,35OAjfP000G@9r8EW=rdq2sp0000,0*4F
\s:66,c:1782377515*47\!AIVDM,1,1,,A,29NSw2P01Q9jJ6rCls7DoSo`08P9,0*55
\s:66,c:1782377458*4F\!AIVDM,1,1,3,B,C6BS8d000I3C`13aww`?;TN0BVH2JBvL:`wUKWe:000000D2RRR0,0*19
\s:66,c:1782377517*45\!AIVDM,1,1,,B,ENk`sSLHph@@@@@@@@@@@@@@@@@=C62o;D=iH00003vP000,2*08
\s:66,c:1782377515*47\!AIVDM,1,1,,B,33eOEl?P@oP6d4dF:;uUglGd21rP,0*5A
\s:66,c:1782377511*43\!AIVDM,1,1,,A,13aFfu0P00PAQ02MGpPc2OwV253<,0*2F
\s:66,c:1782377514*46\!AIVDM,1,1,,B,B7Oklt001K;0:?uMIkk:4us4@000,0*25
\s:66,c:1782377515*47\!AIVDM,1,1,,B,139Np>P001Pqp66O?J3L<UG`0HPM,0*40
\s:66,c:1782377517*45\!AIVDM,1,1,,A,15V=mr?004OeT7v329LM?R3N0<1v,0*00
\s:66,c:1782377514*46\!AIVDM,1,1,,B,18;:9K00018aRH>8GVBUpG9d08Ob,0*52
\s:66,c:1782377517*45\!AIVDM,1,1,,A,338QKn00001i4p0GEJHR>Qkp0000,0*60
\s:66,c:1782377516*44\!AIVDM,1,1,,A,37P1hU0PAlbl9M1d`Avb3H1f21pP,0*26
\s:66,c:1782377509*4A\!AIVDM,1,1,,B,1qLiT@0P1=RmadWubhs3fOwN2P00,0*18
\s:66,c:1782377502*41\!AIVDM,1,1,,A,13aNc?gP00PEKG:MwJA9eOwF2<3s,0*1E
\s:66,c:1782377508*4B\!AIVDM,1,1,,B,16:RO10OiO8aITD>dnFEWTIP0l0b,0*4E
\s:66,c:1782377507*44\!AIVDM,1,1,,A,13A@Q6001`Pn`ihO=I8=brqJ80SJ,0*48
\s:66,c:1782377508*4B\!AIVDM,1,1,,A,33A@Q6001W0n`ihO=I7uc:qp0000,0*38
\s:66,c:1782377509*4A\!AIVDM,1,1,,B,18Hu50?P01WL:3<0h8kW1?wP2@LL,0*53
\s:66,c:1782377508*4B\!AIVDM,1,1,,A,18:aRE@P028agtP8Dw8QOOwN00S;,0*58
\s:66,c:1782377503*40\!AIVDM,1,1,,B,15?dW9h0198l=O:Acc3F<DuD0@IL,0*50
\s:66,c:1782377509*4A\!AIVDM,1,1,,B,13ktS8000J2nbkSu`4wh9S9N0<19,0*08
\s:66,c:1782377510*42\!AIVDM,1,1,,A,19NSdHh0001mTiQdb8IDFDqN00ST,0*7E
\s:66,c:1782377509*4A\!AIVDM,1,1,,A,18J:140P00WK?uT0f=V37gwP20Rj,0*7B
\s:66,c:1782377510*42\!AIVDM,1,1,,B,13;SiF0P00RvcVlH7f27>gwT28ME,0*19
\s:66,c:1782377511*43\!AIVDM,1,1,,B,333pM:UP00PCa=RMFN5P0?wV2DUJ,0*6E
\g:1-2-5199195,s:66,c:1782377512*0B\!AIVDM,2,1,5,A,59Hl=t40@62TcD53R2048@Dj0H5A@4R36222220Q9`D7<4pV0<Q0CBAE,0*66
\g:2-2-5199195*64\!AIVDM,2,2,5,A,50H888888888880,2*54
\s:66,c:1782377505*46\!AIVDM,1,1,,A,83q5E6@j2d=><<d=d0:04g`00D00,0*15
\s:66,c:1782377509*4A\!AIVDM,1,1,,B,15NgFe0000r6Wi:?v4r<4D9P0<14,0*48
\s:66,c:1782377512*40\!AIVDM,1,1,,B,ENl5BAdR0h82W3h3ph@@@@@@@@@D5v?46KgT000000N010,4*4E
\s:66,c:1782377510*42\!AIVDM,1,1,,B,C69D;QP002;ipa4CgnUIkwoPHbTNL>jb2LjbjbMeef00S5D?T42P,0*27
\s:66,c:1782377507*44\!AIVDM,1,1,,,B39k8eP008=n3PWh2HIuWwoUoP06,0*1B
\s:66,c:1782377510*42\!AIVDM,1,1,,A,139L1JP000PeWf>N`;>>48GT0<5k,0*28
\s:66,c:1782377508*4B\!AIVDM,1,1,,A,33mA3f00000i5vTRAmV0001p0000,0*48
\s:66,c:1782377511*43\!AIVDM,1,1,,,B39k8eP008=n3O7h2HMuWwqUoP06,0*7E
\s:66,c:1782377507*44\!AIVDM,1,1,,A,38StohP00W7rcrP95PwnwOv00000,0*35
\s:66,c:1782377512*40\!AIVDM,1,1,,B,169AQEPP008fa0hARJl0@gwV0H=A,0*2E
\s:66,c:1782377512*40\!AIVDM,1,1,,A,39NSkbU0@0<FbU7W2uJeojQV0Dur,0*19
\s:66,c:1782377510*42\!AIVDM,1,1,,A,339L1JP0000eWf>N`;=h08Gp0000,0*6D
\s:66,c:1782377512*40\!AIVDM,1,1,,A,13dKN43P17PeDo0I9jRUvgvr053<,0*38
\s:66,c:1782377511*43\!AIVDM,1,1,,A,13HWgd7P1mP6nFLM:S4jCgw`2@N6,0*42
\s:66,c:1782377505*46\!AIVDM,1,1,,B,13Edl;700N0@FHlH6;OG<5aH053<,0*5D
\s:66,c:1782377483*49\!AIVDM,1,1,,B,B69I6NhD01t:0VS5noiEgwdESP06,0*23
\s:66,c:1782377510*42\!AIVDM,1,1,,A,1CEetSP000utvlpF373bDmSP2000,0*63
\s:66,c:1782377512*40\!AIVDM,1,1,,B,15?dW9h0198l=IfAcdLV9lrf053<,0*15
\s:66,c:1782377492*49\!AIVDM,1,1,,A,1610;Q`P?w<tSF0l4Q@>4?wv0d4w,0*35
\s:66,c:1782377452*45\!AIVDM,1,1,,A,3610;Q`P?w<tSF0l4Q@>4?wv0P01,0*41
\s:66,c:1782377513*41\!AIVDM,1,1,,B,19NSiqPwBmNk5k`5pdJmWlQV0@O6,0*08
\s:66,c:1782377414*47\!AIVDM,1,1,,A,3815OKA0007hG`j<>H8lFmNN0Dk:,0*5E
\s:66,c:1782377509*4A\!AIVDM,1,1,,A,D02R3K@LTNfq6DO6D0,4*30
