\s:66,c:1782377487*4D\!AIVDM,1,1,,A,34eGEf0P00G<5onL6u:<sbGp0000,0*20
\s:66,c:1782377485*4F\!AIVDM,1,1,,B,33MC91Ut@007ucVN1aAA6?vh0Dj:,0*18
\g:1-2-5198346,s:66,c:1782377490*0D\!AIVDM,2,1,6,A,53AGit82AGd8u``K:20l4E9<f0h48E8Tq@v22216LI9BK5da0S0kVE3g,0*53
\g:2-2-5198346*69\!AIVDM,2,2,6,A,PTTln`888888880,2*10
\s:66,c:1782377491*4A\!AIVDM,1,1,,A,17tKnWPP017Lh980hc0nTgw0053<,0*2E
\s:66,c:1782377492*49\!AIVDM,1,1,,A,13l3o=P0000BgrVMfuuGlqDv00SS,0*3B
\s:66,c:1782377485*4F\!AIVDM,1,1,,A,13`g2gwP00PDOu8MdsHv4?vj2H>e,0*15
\s:66,c:1782377490*4B\!AIVDM,1,1,,A,E>jVEhw6WWa4W3hK@3<V64W3P00@<pls@phA`10888g020,4*32
\s:66,c:1782377488*42\!AIVDM,1,1,,A,3815:@@uiuPv4InE0>L;WI<h00Tk,0*06
\s:66,c:1782377490*4B\!AIVDM,1,1,,A,13aGCvgP0qPGCMBN2eouIwvr2@AI,0*59
\s:66,c:1782377485*4F\!AIVDM,1,1,,A,14eGM8p000G<P:hL<s8:Jmtj00SS,0*75
\s:66,c:1782377486*4C\!AIVDM,1,1,,B,39NSnIS00c3OkpP@BwLDAk8l02s1,0*51
\s:66,c:1782377492*49\!AIVDM,1,1,,A,B3IA=5P0;wtb5tVvl41J18N00000,0*58
\s:66,c:1782377492*49\!AIVDM,1,1,,B,13q5Bi0P0cPec:rN`f3l0?w0R@Bm,0*07
\s:66,c:1782377490*4B\!AIVDM,1,1,,B,402E;7ivad`kNP@hp<Nob9g028B4,0*60
\s:66,c:1782377490*4B\!AIVDM,1,1,,B,13aGrU@01PPG=KbNAW7luSptR<2j,0*23
\s:66,c:1782377493*48\!AIVDM,1,1,,A,169`VJ0P0q`gfKPAlJEUBgw02DKp,0*67
\s:66,c:1782377486*4C\!AIVDM,1,1,,A,16:7l1PP1=`eKh0A9pVRlgvj2@?3,0*0E
\s:66,c:1782377492*49\!AIVDM,1,1,,A,B3aQeE00085i0P7PBnhRKwh5oP06,0*5A
\s:66,c:1782377493*48\!AIVDM,1,1,,A,15N4rTP000rR8>:E9omP:ow20<1V,0*57
\s:66,c:1782377493*48\!AIVDM,1,1,,B,18I7tt80007Ji>N0dm?QaD>v0M6R,0*1D
\s:66,c:1782377490*4B\!AIVDM,1,1,,B,40475Pivad`kNaj?vhCeqf700D5m,0*28
\s:66,c:1782377492*49\!AIVDM,1,1,,A,13LIf;0P0bS5vSmqCLUnsgvv2D0=,0*4A
\s:66,c:1782377485*4F\!AIVDM,1,1,,A,13n8<`00001FoNtWoKpdBn8l0@>t,0*29
\s:66,c:1782377492*49\!AIVDM,1,1,,B,E>jO`eg3Tb@1a0W2hIIP0000000@TIuQ;0;HP10888h@20,4*17
\s:66,c:1782377489*43\!AIVDM,1,1,,B,13m<wT001V0J=J@QLubm=48t0<0`,0*01
\s:66,c:1782377488*42\!AIVDM,1,1,,A,19NSsJP01q0EHSPEBmrb?8@l0L<P,0*55
\s:66,c:1782377488*42\!AIVDM,1,1,,B,16:eM:h000`W:G:BBRFIIgvh0000,0*4F
\s:66,c:1782377483*49\!AIVDM,1,1,,B,1815QB@02F8BGBn;R6rWrFNf0<0?,0*4B
\s:66,c:1782377481*4B\!AIVDM,1,1,,B,13aN3Po00O0EOvTNBm0Vum:b0<4t,0*58
\s:66,c:1782377485*4F\!AIVDM,1,1,,B,H5NOim4TC=D6Q6qG47khop10413t,0*3C
\s:66,c:1782377489*43\!AIVDM,1,1,,A,13Fv?F0000OiqCdHl02dCBjr0HA4,0*4B
\s:66,c:1782377489*43\!AIVDM,1,1,,A,33=bmp5002PQvt<I1cb00UHp0DnJ,0*18
\s:66,c:1782377488*42\!AIVDM,1,1,,B,16:7u?PP01`gLLhABvM>4?vn28@?,0*6B
\s:66,c:1782377489*43\!AIVDM,1,1,,A,13lbL`01joPv1ebDwOfTU3dp0<4f,0*70
\s:66,c:1782377491*4A\!AIVDM,1,1,,B,14`UwHPvjNP83mVNKkadw:Jr0PRt,0*10
\s:66,c:1782377491*4A\!AIVDM,1,1,,B,B6:MH;P00J79pq3OAA8oldv021Mk,0*00
\s:66,c:1782377488*42\!AIVDM,1,1,,B,H3n5sI0I8uT4000000000000000,2*59
\s:66,c:1782377488*42\!AIVDM,1,1,,B,H3n5sI4UCBD:aPi<5Ppqpp10422t,0*60
\s:66,c:1782377488*42\!AIVDM,1,1,,A,18Ljlv1P007=qD<7Ru;>4?vp2d3w,0*7B
\s:66,c:1782377484*4E\!AIVDM,1,1,,B,19T@TP0P1OWKpi80cD9l`gvf2@>1,0*36
\s:66,c:1782377486*4C\!AIVDM,1,1,,B,13P7KGP000P7uKFN1aj5?SBf0D0P,0*2E
\s:66,c:1782377487*4D\!AIVDM,1,1,,,18LLoP0vAMGTaEpBkNUn0Tdl0000,0*6C
\s:66,c:1782377484*4E\!AIVDM,1,1,,A,14QJ640000o?p<`Ea0U<D6>f0@>A,0*1E
\s:66,c:1782377488*42\!AIVDM,1,1,,A,169DJpP0008gKb@ABob7G4Jn00Sw,0*7A
\s:66,c:1782377488*42\!AIVDM,1,1,,B,13`nIr?0000BG<PMfn2:TBnp0L7j,0*20
\s:66,c:1782377488*42\!AIVDM,1,1,,B,23eoA410017b;6T5lsO7l8<p0@@D,0*69
\s:66,c:1782377488*42\!AIVDM,1,1,,B,16:RB=00178g:g@AOL`4iSFn053<,0*7F
\s:66,c:1782377486*4C\!AIVDM,1,1,,B,H3aGuqA@Dm1@5@Ttr2222222220,2*02
\s:66,c:1782377488*42\!AIVDM,1,1,,B,H3aGuqDU1=30000@2pqijP1P532t,0*53
\s:66,c:1782377490*4B\!AIVDM,1,1,,A,169>csPwP08Pi=<FKsFR4Q8r00S=,0*5A
\s:66,c:1782377490*4B\!AIVDM,1,1,,B,B7tLqWh0l1kpIGPIoWipmPf00@@n,0*53
\s:66,c:1782377485*4F\!AIVDM,1,1,,B,15PH6S@P?w<tSF0l4Q@>4?wv1PMf,0*5E
\s:66,c:1782377489*43\!AIVDM,1,1,,B,15?t3r30003n6Ar>>FJGSABp0hAB,0*40
\s:66,c:1782377489*43\!AIVDM,1,1,,B,34`V3TE000<Fe5EW2wVuO88r0Dg:,0*4C
\s:66,c:1782377491*4A\!AIVDM,1,1,,B,35Svan1w@0Odief2up`It5Dj0000,0*0F
\s:66,c:1782377487*4D\!AIVDM,1,1,,B,B3IQK600B031fTU`bmvoOweQh0PG,0*13
\s:66,c:1782377491*4A\!AIVDM,1,1,,A,13wkuNP01n1GA;pPAqdPe0Pt0l2a,0*6A
\s:66,c:1782377489*43\!AIVDM,1,1,,A,33l3p1@shF0>BU>E2fqjF1>p014A,0*45
\s:66,c:1782377486*4C\!AIVDM,1,1,,A,401vI9QuJl`kJ<tSF0l4Q@000h?`,0*75
\s:66,c:1782377490*4B\!AIVDM,1,1,,B,B8u;sk0008E53ts9SSWQ3wfQnDMb,0*0C
\s:66,c:1782377488*42\!AIVDM,1,1,,B,160qG:C0103QPEl@?LGGtVVl0@@R,0*3E
\s:66,c:1782377490*4B\!AIVDM,1,1,,B,1:LR3BpP00KlpMWd;bfJT?v00d1U,0*20
\s:66,c:1782377486*4C\!AIVDM,1,1,,B,36:BLJPP@>8ewvPA83@3e2fj014i,0*12
\s:66,c:1782377493*48\!AIVDM,1,1,,B,16:nTJ001J8hHEDAh1ss6qI200RO,0*33
\s:66,c:1782377489*43\!AIVDM,1,1,,B,13o;5p7000PL1K8SggGc8WJt0HAK,0*3B
\s:66,c:1782377491*4A\!AIVDM,1,1,,A,13aN3Po00P0EOvhNBldFvE:v0@B9,0*45
\s:66,c:1782377492*49\!AIVDM,1,1,,,11lrr@?P?w8V`<08NauN45dh08CL,0*48
\s:66,c:1782377493*48\!AIVDM,1,1,,A,13@ndpP01vrWwv<FDj?n9Tvv08CD,0*7A
\g:1-2-5198347,s:66,c:1782377367*03\!AIVDM,2,1,7,B,56:RTO80000090@kR20<P4pN220IF221<QDr2216<HA>35dFF9i0Cp1Q,0*75
\g:2-2-5198347*68\!AIVDM,2,2,7,B,BH12@C`88888880,2*72
\s:66,c:1782377490*4B\!AIVDM,1,1,,B,14QH`D;00mo@0cPKLIB0:0:pHhAP,0*2A
\s:66,c:1782377492*49\!AIVDM,1,1,,A,1CgJhcW00RN>kLTV<6O7HV500000,0*4B
\s:66,c:1782377490*4B\!AIVDM,1,1,,A,13Ktj4001c1R<?bRKtIL?an00000,0*7D
\s:66,c:1782377490*4B\!AIVDM,1,1,,A,33mwp=700B0r<m6VeNT:4ovt2000,0*69
\s:66,c:1782377492*49\!AIVDM,1,1,,A,181:LTE001OV`BvDQ?:1a1Db0Vs4,0*73
\s:66,c:1782377494*4F\!AIVDM,1,1,,B,13d25n00000d<SNI@WvaSFe20@D=,0*5D
\s:66,c:1782377491*4A\!AIVDM,1,1,,A,13bl8j0PAS0ETdhNC8?GpV<v08B=,0*71
\s:66,c:1782377494*4F\!AIVDM,1,1,,A,14`Dqr0P00WJBGn0ecoN4?w428DD,0*47
\s:66,c:1782377493*48\!AIVDM,1,1,,A,13f=v<0w0<OFhr6EdMPRE`8v0@CA,0*2C
\s:66,c:1782377494*4F\!AIVDM,1,1,,A,13En<@2P01P6UFRF@twv4?w2253<,0*02
\s:66,c:1782377490*4B\!AIVDM,1,1,,A,33m72570151GVFTWrQ?9C7Ep0000,0*79
\g:1-2-5198348,s:66,c:1782377349*00\!AIVDM,2,1,8,B,56:BTd`000032222220<P4pMT4pOKJ2222222216A@GD65dPN=0hCiQB,0*2D
\g:2-2-5198348*67\!AIVDM,2,2,8,B,A2@C`8888888880,2*07
\s:66,c:1782377489*43\!AIVDM,1,1,,B,17OgQgP000b`gd5lIloq5Q4p0D0p,0*2A
\s:66,c:1782377494*4F\!AIVDM,1,1,,B,18IfS@0000WL5L<0gOh=Bkdv0D<<,0*4C
\s:66,c:1782377487*4D\!AIVDM,1,1,,A,13gPBe?P08NRT>VUb5ueiwvn00SH,0*7C
\s:66,c:1782377492*49\!AIVDM,1,1,,A,14`V0PP02k2`FVkk4rT7tnLr00S@,0*1C
\s:66,c:1782377490*4B\!AIVDM,1,1,,B,35O4`sU000o?b8NEdggmW4Nr0DQb,0*3E
\s:66,c:1782377494*4F\!AIVDM,1,1,,B,18JApv0P00WK?Wr0f=b0l?w200Rk,0*51
\s:66,c:1782377490*4B\!AIVDM,1,1,,B,132jnr?P00OH;;nGT:ih0?vt253<,0*48
\s:66,c:1782377494*4F\!AIVDM,1,1,,B,15ArMh0P01Pn;1ku@evr2Ow408Cw,0*5F
\s:66,c:1782377492*49\!AIVDM,1,1,,B,19NSi?00hoOHP>lDtf@c>Hrw00SJ,0*7B
\s:66,c:1782377493*48\!AIVDM,1,1,,B,403t>W1vad`kP`iVlvAAq@10253<,0*6B
\s:66,c:1782377493*48\!AIVDM,1,1,,A,13IPPP301C0JPbJHRh441CC2053<,0*35
\s:66,c:1782377492*49\!AIVDM,1,1,,B,16:Bse0P1989=@d<o2C49gvn00Rr,0*4C
\s:66,c:1782377490*4B\!AIVDM,1,1,,B,19WNHH0P00OvbV0FTQKRgwvr2<1w,0*6F
\s:66,c:1782377490*4B\!AIVDM,1,1,,A,13aGDo0P00PE5>RN1`Of4?vt20SP,0*3B
\s:66,c:1782377488*42\!AIVDM,1,1,,A,35BAmn002I1Blo0RgIvJP`Mp0000,0*56
\s:66,c:1782377494*4F\!AIVDM,1,1,,A,398wJA3Ohd2Vi`FGr7cTHrA200o1,0*11
\s:66,c:1782377493*48\!AIVDM,1,1,,B,15Ca7j002DQ<ch6CT2j9kGjj08CE,0*2C
\s:66,c:1782377490*4B\!AIVDM,1,1,,B,36K2;>5000aiVgpD1L@elI<tP000,0*01
\s:66,c:1782377490*4B\!AIVDM,1,1,,A,155FTRPP21OVvGDDV<IIqOvt0<1r,0*65
\s:66,c:1782377493*48\!AIVDM,1,1,,B,16SrP0PP179=DCTD15;=Tww3r<5k,0*03
\s:66,c:1782377490*4B\!AIVDM,1,1,,A,33Ur3>3004OWDStD`eH0QiVv04gC,0*71
\s:66,c:1782377490*4B\!AIVDM,1,1,,B,ENk`u0>2:3@@@@@@@@@@@@@@@@@=RhE8<Ss:66,2*6E
\s:66,c:1782377189*46\!AIVDM,1,1,,B,H3prdWDRCBD:nSmC@7mqol0H411t,0*45
\s:66,c:1782377494*4F\!AIVDM,1,1,,B,33Ac@25000`fk4@AQ:;Tektv8Dsr,0*5D
\s:66,c:1782377494*4F\!AIVDM,1,1,,B,1:U7E;0P00td4tejAC84uww4253<,0*4A
\s:66,c:1782377487*4D\!AIVDM,1,1,,B,E>m>=?79So@60W3Pb@I000000003`7=t0kqp020@@@ef@0,4*56
\s:66,c:1782377493*48\!AIVDM,1,1,,B,18HsFW0P0<WJaw40f1t4K?w40<?S,0*25
\s:66,c:1782377493*48\!AIVDM,1,1,,A,16tWD`0004`k448A0HHI1RA200SN,0*24
\s:66,c:1782377444*42\!AIVDM,1,1,,B,369;1eUP008NG>LFAn;c3wwqpP00,0*63
\s:66,c:1782377492*49\!AIVDM,1,1,,B,16:dAm@P@<8eP1hAtRPcM5Ft0d>6,0*2A
\g:1-2-5198349,s:66,c:1782377397*02\!AIVDM,2,1,9,B,569;1eP0000091LS@00<4tL4pO8000000000000l20D465TdD<0hCiQB,0*4A
\g:2-2-5198349*66\!AIVDM,2,2,9,B,A2@CP0000000000,2*3E
\s:66,c:1782377491*4A\!AIVDM,1,1,,B,B3?sKUP0007gN<7FtBEe?wg03P06,0*59
\s:66,c:1782377487*4D\!AIVDM,1,1,,B,13aFe6@P00PJ8VtN?5UdAOvn253<,0*28
\s:66,c:1782377494*4F\!AIVDM,1,1,,B,19NSiFP01s`R>sFF@IK5jlc20D6i,0*49
\s:66,c:1782377490*4B\!AIVDM,1,1,,A,17qFMv001`7tc6@:4m<Jh8Tv0<1e,0*14
\s:66,c:1782377491*4A\!AIVDM,1,1,,A,33m8UW0P@uPhia6R@Scq@WFt01oP,0*6A
\s:66,c:1782377492*49\!AIVDM,1,1,,,18LLoP001MGTaGdBkN?5vDdt0000,0*33
\s:66,c:1782377493*48\!AIVDM,1,1,,B,139f8tQP?w<tSF0l4Q@>4?wv0PSD,0*1A
\s:66,c:1782377492*49\!AIVDM,1,1,,A,13P;MPP01:14DRPDh9p3tS:v053<,0*4D
\s:66,c:1782377494*4F\!AIVDM,1,1,,A,14eJMb@P00rgO8bJ3jnN4?w22<0N,0*3E
\s:66,c:1782377494*4F\!AIVDM,1,1,,B,1914hsmP?w<tSF0l4Q@>4?wp0W3h,0*6C
\s:66,c:1782377483*49\!AIVDM,1,1,,A,13`f6d0P000Hgu`NFt8S:Ovf0<1t,0*21
\s:66,c:1782377486*4C\!AIVDM,1,1,,,13Im2;001j8MwHVF>b5:lHVl0000,0*04
\s:66,c:1782377483*49\!AIVDM,1,1,,B,402Pg4ivad`kGwH`tHGQVqo00U3<,0*21
\s:66,c:1782377486*4C\!AIVDM,1,1,,A,402Pg4iuJl`kJwH`tHGQVqo00p?`,0*7A
\s:66,c:1782377481*4B\!AIVDM,1,1,,A,15NLkNPP01JB3;nBm?Usrwvb253<,0*45
\s:66,c:1782377488*42\!AIVDM,1,1,,A,102Cu;?P?w<tSF0l4Q@>4?vn0d3E,0*14
\s:66,c:1782377483*49\!AIVDM,1,1,,A,1815JA@1@D8mbK`A;RI;@3tb80RW,0*7B
\g:1-2-5198350,s:66,c:1782377488*03\!AIVDM,2,1,0,A,53f;:P82DHh7TP7K?O104q@PE8hTLQ@00000001IBHTG95Wf0E1Sl`3l,0*15
\g:2-2-5198350*6E\!AIVDM,2,2,0,A,Q1DTh0000000000,2*0C
\s:66,c:1782377487*4D\!AIVDM,1,1,,A,18I4:G0w1r6ADT83RMPJH`Fp00R=,0*33
\g:1-2-5198351,s:66,c:1782377490*0B\!AIVDM,2,1,1,A,53l3ndp2Gl>T=7;7GN0H4U90h5VoW:222222220l1@B7640Ht>j0DPSm,0*4A
\g:2-2-5198351*6F\!AIVDM,2,2,1,A,D`3l4p4U3H88880,2*00
\s:66,c:1782377487*4D\!AIVDM,1,1,,B,33M@g80Oh`09DwbMeO?151:j00v0,0*23
\s:66,c:1782377487*4D\!AIVDM,1,1,,B,19NSPVh01S8`pMt8Bwfpn76`0L4b,0*23
\s:66,c:1782377487*4D\!AIVDM,1,1,,B,14hDft8P1<08`D@FQ83I6?vn053<,0*59
\s:66,c:1782377485*4F\!AIVDM,1,1,,A,39NScMmvh2:cONWkmOVHJThh0DKJ,0*6D
\s:66,c:1782377487*4D\!AIVDM,1,1,,B,18:cKK@004`a0;08E4olcWvj2@?N,0*5A
\s:66,c:1782377484*4E\!AIVDM,1,1,,B,13Ehu3PP00P<3bVF`B8>4?vf2H=h,0*71
\s:66,c:1782377486*4C\!AIVDM,1,1,,B,H3MDA:TU7B=4000=D@>l001P4320,0*6E
\s:66,c:1782377489*43\!AIVDM,1,1,,A,13=2WOHP?w<tSF0l4Q@>4?wv1`RJ,0*3A
\s:66,c:1782377488*42\!AIVDM,1,1,,A,13`fGq001SPKIL:McNuWun<lP<2a,0*64
\s:66,c:1782377490*4B\!AIVDM,1,1,,A,13e5680viW7MB8H0fBlC4RRp8<?P,0*5E
\s:66,c:1782377487*4D\!AIVDM,1,1,,A,33o`p850000i8RJRApJIsGVp0E3r,0*5B
\s:66,c:1782377486*4C\!AIVDM,1,1,,B,13`va@00000GpD0NQv?ABVbl0<4C,0*15
\s:66,c:1782377484*4E\!AIVDM,1,1,,B,13be3b?P0lPHeUlNFsaCkgvj0<4t,0*03
\s:66,c:1782377488*42\!AIVDM,1,1,,B,133w`sPP02PCaWBMHuAL@wvp28@J,0*59
\s:66,c:1782377489*43\!AIVDM,1,1,,B,133gVhgP0tPCcmJMFIUKP?vr2<65,0*53
\s:66,c:1782377490*4B\!AIVDM,1,1,,B,13:Pt0002=2tivSsdjB=s;:p08Ar,0*37
\s:66,c:1782377492*49\!AIVDM,1,1,,A,B3@pjHP0=`;<STWnerA60pN00000,0*1F
\s:66,c:1782377487*4D\!AIVDM,1,1,,B,13mH:10P000i>9nRAkT>4?vn2<1>,0*59
\s:66,c:1782377490*4B\!AIVDM,1,1,,A,14hMp6;P@106QanF;sj4r2pr00S2,0*71
\s:66,c:1782377491*4A\!AIVDM,1,1,,B,16:J3u001H8U3NhF7D33ljvr0@B>,0*2E
\s:66,c:1782377492*49\!AIVDM,1,1,,B,13Im2;01Aj8MwB@F>b9rlHVv08Bg,0*58
\s:66,c:1782377489*43\!AIVDM,1,1,3,B,H3@uNjTUC=D4V4C0000000O@IIIt,0*50
\s:66,c:1782377486*4C\!AIVDM,1,1,,A,34cM6sP01>Oif;lDiekr7`;p0000,0*7F
\s:66,c:1782377490*4B\!AIVDM,1,1,,A,13m83KP01:PLA9TSgKcVf5D`0<24,0*65
\s:66,c:1782377490*4B\!AIVDM,1,1,,B,13eFrh002;0Bsh0H<GLpJ6ft0<2:,0*2B
\s:66,c:1782377487*4D\!AIVDM,1,1,,3,KleIUT@=l2l1O4fT,0*69
\s:66,c:1782377489*43\!AIVDM,1,1,,,14eIUT@01LKfaErOKWH95W@n0000,0*57
\s:66,c:1782377487*4D\!AIVDM,1,1,,A,19NSn8P01L7OIrD1DD;oUn2j00S?,0*15
\s:66,c:1782377489*43\!AIVDM,1,1,,B,13bvE8001R0FeHvOoIfh70@t053<,0*5E
\s:66,c:1782377489*43\!AIVDM,1,1,,A,B3P90sh0<Ov@cI7@a8i?Hwv00000,0*4B
\s:66,c:1782377494*4F\!AIVDM,1,1,,,14eIUT@01LKfa@BOKW4a5oA00000,0*21
\g:1-2-5198352,s:66,c:1782377492*0A\!AIVDM,2,1,2,B,53f;:P82DHh7TP7K?O104q@PE8hTLQ@00000001IBHTG95Wf0E1Sl`3l,0*14
\g:2-2-5198352*6C\!AIVDM,2,2,2,B,Q1DTh0000000000,2*0D
\s:66,c:1782377493*48\!AIVDM,1,1,,B,1815JA@20D8mbIhA;RN;?Stv853<,0*02
\s:66,c:1782377490*4B\!AIVDM,1,1,,A,34eGmP@00OIwrJ:Hs6jW>Ump0000,0*4B
\s:66,c:1782377490*4B\!AIVDM,1,1,,A,13`e?RgP000HrGNMd;Of4?vr0D1o,0*66
\s:66,c:1782377493*48\!AIVDM,1,1,,A,169A`T001d8h7nPAkwH2HQq00@CB,0*6F
\g:1-2-5198353,s:66,c:1782377494*0D\!AIVDM,2,1,3,A,56;==FP000000000000`T4qTtpOH00000000001@4H8351c5N5SRCQhS,0*19
\g:2-2-5198353*6D\!AIVDM,2,2,3,A,h00000000000008,2*77
\s:66,c:1782377492*49\!AIVDM,1,1,,B,36::=q10008M>;TFBb=Cn?v00000,0*46
\s:66,c:1782377488*42\!AIVDM,1,1,,A,B5OA1D0005l1J56l@KWQ3wf1jDnr,0*7B
\s:66,c:1782377493*48\!AIVDM,1,1,,A,19NSjIP0029>>U2C@<HcOCpv0HCa,0*68
\s:66,c:1782377455*42\!AIVDM,1,1,,A,H5MummQ@Dp4<UAT000000000000,2*0C
\s:66,c:1782377492*49\!AIVDM,1,1,,B,H5MummTU6534000G42pqhh0p7510,0*56
\s:66,c:1782377493*48\!AIVDM,1,1,,B,15DbW<001wOWdm`DWMJ9Modv0<3k,0*12
\s:66,c:1782377490*4B\!AIVDM,1,1,,A,38:cKK@Oh5`a0;@8E4oDb`4p21uh,0*56
\s:66,c:1782377494*4F\!AIVDM,1,1,,A,H5O8qgPmE98l4p0000000000000,2*59
\s:66,c:1782377483*49\!AIVDM,1,1,,B,369`mO50108eB5BA9a0BHwv00000,0*25
\s:66,c:1782377488*42\!AIVDM,1,1,,B,13`lLr001l1Jh?JPNClAP1>p0@@N,0*0F
\s:66,c:1782377483*49\!AIVDM,1,1,,A,B3pEfn0000EiV1U:P8DuwTN43P06,0*2B
\s:66,c:1782377489*43\!AIVDM,1,1,,B,13b:=<001AwJg0LJ0Bf13Pfn00R`,0*1E
\s:66,c:1782377490*4B\!AIVDM,1,1,,A,3815ci50002BcgogQVmuNBlv0Dv:,0*6B
\s:66,c:1782377487*4D\!AIVDM,1,1,,A,14VVnt01QrPC:82QUv?uv;6p08@5,0*76
\s:66,c:1782377488*42\!AIVDM,1,1,,B,D02FhUiGpN?b<`N01GLv000,2*09
\s:66,c:1782377489*43\!AIVDM,1,1,,A,28SK5ohP147aqep5u9?@COvr053<,0*65
\s:66,c:1782377488*42\!AIVDM,1,1,,A,16:<U@P00<8hR9VAIs=i`ktn0<5P,0*64
\s:66,c:1782377489*43\!AIVDM,1,1,,A,18I6LM00007J5Fn0eeuJFULf00SG,0*13
\s:66,c:1782377487*4D\!AIVDM,1,1,,,13MBpom000OqGMpOMemn10ll0000,0*09
\s:66,c:1782377489*43\!AIVDM,1,1,,B,13cVK@gP0>PceD@IA0=4Ngvp2@A1,0*6E
\s:66,c:1782377487*4D\!AIVDM,1,1,,A,1815SBh01g2l1owfl9TRij@l053<,0*53
\s:66,c:1782377492*49\!AIVDM,1,1,,B,13uBoUQP0:Q;hapR6gQtTOw020S:,0*23
\s:66,c:1782377486*4C\!AIVDM,1,1,,B,D02:pNQb0Nfr<`O6D0,4*6B
\s:66,c:1782377480*4A\!AIVDM,1,1,,A,35NSa60000G>gf@KhR4JA`?p0000,0*33
\s:66,c:1782377483*49\!AIVDM,1,1,,A,33eBMV00001K?:0FbcWeISQp0000,0*1B
\s:66,c:1782377482*48\!AIVDM,1,1,,B,13`qEJ001bP:McVMn;q<q:R<0D2A,0*0F
\s:66,c:1782377486*4C\!AIVDM,1,1,,A,34REfN5wh0JVGE05rigCECjl0E?b,0*08
\s:66,c:1782377489*43\!AIVDM,1,1,,A,13Eha8WP0@P=O2lGh;1;Lgvr28AA,0*60
\s:66,c:1782377491*4A\!AIVDM,1,1,,B,402:pNQvad`kN0KOrlHdWAg000S:,0*5E
\s:66,c:1782377492*49\!AIVDM,1,1,,B,403sl2Avad`kN`=w6d<rKs700HBB,0*39
\s:66,c:1782377492*49\!AIVDM,1,1,,B,15@S>WP0002G6t@Clgv7gBjv0@C>,0*71
\s:66,c:1782377475*40\!AIVDM,1,1,,B,19NSrC200<2I`M4C@lf2L;6L0<2g,0*02
\s:66,c:1782377335*43\!AIVDM,1,1,,B,39NSrC200B2I`70C@kF2As?f0?`e,0*12
\s:66,c:1782377487*4D\!AIVDM,1,1,,A,15OHgn<00fq<tj6A0hESqk4j0000,0*58
\s:66,c:1782377490*4B\!AIVDM,1,1,,A,1773M;002:63Dgd3@`nbA`@p0000,0*16
\s:66,c:1782377489*43\!AIVDM,1,1,,B,15NSa602h0G>gerKhR5:AOvt0H7Q,0*54
\s:66,c:1782377485*4F\!AIVDM,1,1,,A,14ais2001J8O``6F6NtsKq6l0D:T,0*13
\s:66,c:1782377491*4A\!AIVDM,1,1,,B,36:>TO0P018fs8pAPe`Jmgvv02rQ,0*4E
\s:66,c:1782377489*43\!AIVDM,1,1,,A,17m9wo@P01WKedL0lQ2JQOvp0@B7,0*44
\s:66,c:1782377489*43\!AIVDM,1,1,,B,15MlQFPP00GN3?vCV4o0Pgvr00SB,0*38
\s:66,c:1782377493*48\!AIVDM,1,1,,B,18HwqgU:2tWK:sB0dmh@iww00<=I,0*0B
\s:66,c:1782377494*4F\!AIVDM,1,1,,B,1815SLh01F7SaTJ1v=cQ90rp053<,0*4A
\s:66,c:1782377487*4D\!AIVDM,1,1,,B,16LUlb0wj`0IFO:NeHMqn7of0<:4,0*3F
\s:66,c:1782377488*42\!AIVDM,1,1,,B,13c`==0P0011B1hGGQc2Hgvr0<3M,0*06
\s:66,c:1782377487*4D\!AIVDM,1,1,,A,13f74j001AQ5aUhD`kjRK1tl0@?w,0*4E
\s:66,c:1782377490*4B\!AIVDM,1,1,,B,869DM:AW@bf?2oaqV;=bpK`4210P@84200,4*45
\s:66,c:1782377487*4D\!AIVDM,1,1,,B,36:Hw=00008fc0@AR>I<rFfh01u@,0*03
\s:66,c:1782377487*4D\!AIVDM,1,1,,A,16:7SF0025`VM`0BARAjaj2bP@=H,0*51
\s:66,c:1782377487*4D\!AIVDM,1,1,,B,B8SUFT@04IvS2<2C:leakwe73P06,0*65
\s:66,c:1782377488*42\!AIVDM,1,1,,B,16:jjnh00T`W022BD2vpf?vn0000,0*3E
\s:66,c:1782377490*4B\!AIVDM,1,1,,A,1777=1002fWDEo616n6sKq:`0D2h,0*15
\s:66,c:1782377490*4B\!AIVDM,1,1,,B,B4hIb;03wh00?G001rsQ3wwWp000,0*0A
\s:66,c:1782377488*42\!AIVDM,1,1,,B,1775Md001h8B`C:;OUeH<6Vl00Sm,0*30
\s:66,c:1782377481*4B\!AIVDM,1,1,,A,16:EQw`P008Mmp`FDd5K1Ovb2H<E,0*31
\s:66,c:1782377481*4B\!AIVDM,1,1,,B,18;ONA8P0u`UfQP8K@NELOvb2<2B,0*79
\s:66,c:1782377479*4C\!AIVDM,1,1,,A,1kFV8EgP0006WdFF@wO<lOvR0000,0*50
\s:66,c:1782377488*42\!AIVDM,1,1,,B,16:BfsP01@8fhUPA2Pg7RV4l0L=4,0*37
\s:66,c:1782377487*4D\!AIVDM,1,1,,A,13LBkh000k1S`KrRReH@lPN00000,0*66
\s:66,c:1782377488*42\!AIVDM,1,1,,A,15CfWF0003WLDc60hlub@l8f0H>K,0*43
\s:66,c:1782377485*4F\!AIVDM,1,1,,A,13aBNc@P0;0IAHtMdOd<HwvfP8>c,0*11
\s:66,c:1782377489*43\!AIVDM,1,1,,B,35Pm=S@OiRGMRuVC5ik=B:Vn0000,0*36
\s:66,c:1782377486*4C\!AIVDM,1,1,,B,16:KsQPP008d<8@AtbP1M?vn053<,0*3F
\s:66,c:1782377490*4B\!AIVDM,1,1,,A,B3tiEM0000=RVr8DCDP3D2v00000,0*21
\s:66,c:1782377491*4A\!AIVDM,1,1,,A,B6TTP?h00:6<T:Op8G@sCwP4kP06,0*15
\s:66,c:1782377493*48\!AIVDM,1,1,,A,13LBkh000e1S`MbRRecPdPF00000,0*45
\s:66,c:1782377486*4C\!AIVDM,1,1,,B,15@Q>l002V7tkuR9hvw0k0`b053<,0*3A
\s:66,c:1782377491*4A\!AIVDM,1,1,,A,;028j:1vad`kNOtk2VEsUG700000,0*67
\s:66,c:1782377492*49\!AIVDM,1,1,,A,13P;go@01gOT6bTPJPFK`aDv053<,0*04
\s:66,c:1782377493*48\!AIVDM,1,1,,B,3344Ib05PvP<O3TMIJoSgSG20Q1P,0*5A
\s:66,c:1782377494*4F\!AIVDM,1,1,,A,35SV3`1P?w<tSF0l4Q@>4?wv0nbJ,0*39
\s:66,c:1782377493*48\!AIVDM,1,1,,B,13IoAR700SP8oo4MKc?aA7=00@CL,0*15
\s:66,c:1782377489*43\!AIVDM,1,1,,,B5NfqT000=oPl24qQJ=SSwfUoP06,0*6F
\s:66,c:1782377494*4F\!AIVDM,1,1,,B,15Pm=S@01RGMRt@C5j<eBJVv0L0p,0*5C
\s:66,c:1782377494*4F\!AIVDM,1,1,,B,16;Hkl001B8Vd7PBBK?9IoO40<=u,0*1C
\s:66,c:1782377488*42\!AIVDM,1,1,,B,15NANh0000rqRTFGhp6dCRFp0@@g,0*36
\s:66,c:1782377488*42\!AIVDM,1,1,,A,33mPEn0w010CWP<NWhn4Eipt00>C,0*40
\g:1-2-5198354,s:66,c:1782377468*09\!AIVDM,2,1,4,A,56:=LC00000090QG@00iDv15D4r2200000000016?0D;91df5:PhCiQB,0*5B
\g:2-2-5198354*6A\!AIVDM,2,2,4,A,A2@CP0000000000,2*30
\s:66,c:1782377490*4B\!AIVDM,1,1,,B,33l3oVPPA`PC:04MJAS9d7`r00t@,0*16
\s:66,c:1782377490*4B\!AIVDM,1,1,,A,13aDCPpP00PDHQ8Md7@@Fgvr2<3w,0*76
\s:66,c:1782377496*4D\!AIVDM,1,1,,A,15AchF001e7>ER@1`f8;jaK60D<P,0*7E
\s:66,c:1782377494*4F\!AIVDM,1,1,,B,15?dS<@026Wd69<:JLwLt:G208D0,0*21
\s:66,c:1782377486*4C\!AIVDM,1,1,,A,13aENFhP03PF9o2MS>nG<?vl0H?L,0*5A
\s:66,c:1782377485*4F\!AIVDM,1,1,,A,33m@G<00160hWkNR9<3kw2sp0000,0*14
\s:66,c:1782377488*42\!AIVDM,1,1,,B,B3prgo007HGcM35P0`u9aN>0t000,0*67
\s:66,c:1782377488*42\!AIVDM,1,1,,A,15NgaaP000rAB3>>tP;j8a0r0000,0*47
\s:66,c:1782377489*43\!AIVDM,1,1,,B,D03sumhU0Nfpu`Nfp0,4*25
\s:66,c:1782377489*43\!AIVDM,1,1,,,13e90801jqt<QilH5qd2TB4n0000,0*21
\s:66,c:1782377487*4D\!AIVDM,1,1,,A,17m3u7003?7Dus816aO`;ndl00Rd,0*5F
\s:66,c:1782377489*43\!AIVDM,1,1,,B,E>nrAU?17TPh;64P00000000000>EnlMq:kT800003fP10,4*22
\s:66,c:1782377488*42\!AIVDM,1,1,,A,B6:Utch0:B25`dS@4TWAV`=WQP06,0*37
\s:66,c:1782377491*4A\!AIVDM,1,1,,A,18Inbj0P@07JWeT0gjA:VE<v00S=,0*7A
\s:66,c:1782377490*4B\!AIVDM,1,1,,B,B5O8I`P005l;Ik6oTfiqUN?5@000,0*0E
\s:66,c:1782377489*43\!AIVDM,1,1,,B,33aL=F@03BP@L<8MKWibtpbp00SA,0*74
\s:66,c:1782377484*4E\!AIVDM,1,1,,B,13m=A90000PvGltW2v:P08:h2H>?,0*2E
\s:66,c:1782377484*4E\!AIVDM,1,1,,A,13lghN001SPPghPHrWqB5ibf0@>?,0*43
\s:66,c:1782377490*4B\!AIVDM,1,1,,A,H69>9NP00000000000000000000,2*7A
\s:66,c:1782377490*4B\!AIVDM,1,1,,A,H69>9NTU00000000000000000000,0*29
\s:66,c:1782377490*4B\!AIVDM,1,1,,A,13mT930000272SfGCRkrQ02r00RD,0*6D
\s:66,c:1782377491*4A\!AIVDM,1,1,,A,368tdwPP@>8fPwhA2DF89r2r020P,0*33
\s:66,c:1782377491*4A\!AIVDM,1,1,,A,38I08j5P00WJP>L0guPv4?vt2DmJ,0*00
\s:66,c:1782377448*4E\!AIVDM,1,1,,A,36H;3L50002OcnDBU;WWb`IN0Dq:,0*08
\g:1-2-5198355,s:66,c:1782377216*07\!AIVDM,2,1,5,A,56H;3L82;FROAPI:220l4u86362222222222220l1HF8340A5:j0A1DP,0*1D
\g:2-2-5198355*6B\!AIVDM,2,2,5,A,H43lU8888888880,2*6F
\s:66,c:1782377490*4B\!AIVDM,1,1,,A,13aJGePP00PFJLBMv;r>4?vt28Aq,0*00
\s:66,c:1782377492*49\!AIVDM,1,1,,A,353Ojv5000JqPDBGgJi<c;322Dv:,0*74
\s:66,c:1782377483*49\!AIVDM,1,1,,A,13ku:L@1@9Oa3w`Df>:WT:lf053<,0*51
\s:66,c:1782377486*4C\!AIVDM,1,1,,A,H3GQjoPHuP00000000000000000,2*41
\s:66,c:1782377486*4C\!AIVDM,1,1,,B,H3GQjoTTCBD8>00looppq00`:260,0*7D
\s:66,c:1782377490*4B\!AIVDM,1,1,,B,402FhNivad`kN0`q2`IK7so00@Ar,0*05
\s:66,c:1782377492*49\!AIVDM,1,1,,A,16:7rFP01p`?DvP<fkpj21Nd00ST,0*01
\s:66,c:1782377490*4B\!AIVDM,1,1,,A,13iAqc3vh2P:0:0MoJlSc0Lr853<,0*69
\s:66,c:1782377488*42\!AIVDM,1,1,,A,BCgpdl007GTFvfaO2DpL3wePp000,0*1F
\s:66,c:1782377491*4A\!AIVDM,1,1,,A,16:>fGS00s8L1G6F?Uesrac008BK,0*6B
\s:66,c:1782377491*4A\!AIVDM,1,1,,B,13aC2ahP00PCowRMF=ON0OvtR8BG,0*12
\s:66,c:1782377491*4A\!AIVDM,1,1,,A,13n4GAP01c0K>vhQmFip6VNt0000,0*28
\s:66,c:1782377490*4B\!AIVDM,1,1,,A,15D58h00228f:7J?>wd8PVvr00SQ,0*30
\s:66,c:1782377493*48\!AIVDM,1,1,,B,18KjdB00Qo8kgpL@w0<FSm6N0<2D,0*5C
\s:66,c:1782377489*43\!AIVDM,1,1,,B,H3JI6ClUC=D0000q82mohp1PF130,0*5F
\s:66,c:1782377492*49\!AIVDM,1,1,,B,17ldsJAP0=`FT3=wBRF;a?vv20S8,0*5F
\s:66,c:1782377492*49\!AIVDM,1,1,,B,13lekN0v1UM5tiSkBBfptW6n0L1S,0*07
\s:66,c:1782377492*49\!AIVDM,1,1,,B,169D9fhP00`g1a0A?erf4?vv28Bn,0*7D
\s:66,c:1782377492*49\!AIVDM,1,1,,B,15Mn>40P00rqQKtGg7j:vOw22<1R,0*53
\s:66,c:1782377492*49\!AIVDM,1,1,,A,17Ok<e0P@8bl;gQdWv`WDmpv2L10,0*64
\s:66,c:1782377480*4A\!AIVDM,1,1,,A,15OBL10P00oWHL0BfJAf4?vV2000,0*5E
\s:66,c:1782377482*48\!AIVDM,1,1,,A,ENjN6?Ae2RnRW2a3TRh7;P00000@=Cq>?MjaP00003vP1P,4*65
\s:66,c:1782377489*43\!AIVDM,1,1,,B,28SJPw30007am7t60bE<2l4r08A2,0*14
\s:66,c:1782377488*42\!AIVDM,1,1,,B,B3fK9q@0@ORcWNUH8Hubwwe1l000,0*14
\s:66,c:1782377487*4D\!AIVDM,1,1,,B,17lcQKgP00WM4Td0Vp<utgvl2D5f,0*6C
\s:66,c:1782377489*43\!AIVDM,1,1,,A,16Sf<N0P0j9=W@ND16HF?wvsr@A3,0*41
\s:66,c:1782377480*4A\!AIVDM,1,1,,B,15MrP`PP02IVfQB@P<BAdOvV00Sk,0*5A
\s:66,c:1782377482*48\!AIVDM,1,1,,B,368uRUP01C8f3d0A=;mUaDHV006k,0*58
\s:66,c:1782377485*4F\!AIVDM,1,1,,A,13`dfFPP000E0P@N18FarOvj253<,0*1C
\s:66,c:1782377485*4F\!AIVDM,1,1,,B,13nk>R001jwR9d4KC>v1<Q4l0<6L,0*6B
\s:66,c:1782377486*4C\!AIVDM,1,1,,B,13o18uPP0116WF8WL@b;uwvf0@?<,0*78
\s:66,c:1782377486*4C\!AIVDM,1,1,,A,370H2p8Oh=SQ<=J@<4STrhJn225P,0*67
\s:66,c:1782377487*4D\!AIVDM,1,1,,A,13m:`7PP00PKMW4QLTtf4?vn20Rl,0*65
\s:66,c:1782377491*4A\!AIVDM,1,1,,A,138re2002u7=MpD77uw<E9lr0D1G,0*53
\s:66,c:1782377492*49\!AIVDM,1,1,,B,4055FBAvad`kOW8srB3a@jQ028Ba,0*4F
\s:66,c:1782377489*43\!AIVDM,1,1,,A,14hGNE00020Pc2bHsrn@012p2000,0*70
\s:66,c:1782377487*4D\!AIVDM,1,1,,B,139o:QP0000eJV0N`kO8L8Vp0<6W,0*0E
\s:66,c:1782377487*4D\!AIVDM,1,1,,A,28SJDBQP00Waq4062EF0U?vl2<3G,0*4C
\s:66,c:1782377487*4D\!AIVDM,1,1,,B,D03t>`iclNfp00N000,4*0C
\s:66,c:1782377491*4A\!AIVDM,1,1,,B,38Hwgt0PB:1gPBmdBESrC8@r01lQ,0*04
\s:66,c:1782377492*49\!AIVDM,1,1,,B,19NSk100027KwS@0fgT@jSFt0@C3,0*5E
\s:66,c:1782377491*4A\!AIVDM,1,1,,B,139ev5PP1CPCHGlMKRKeq?vvRD3F,0*6D
\s:66,c:1782377492*49\!AIVDM,1,1,,B,19NSR1PwjWOMUELDiFbcD`tt053<,0*53
\s:66,c:1782377484*4E\!AIVDM,1,1,,A,19NS<CP01K8fArd?;OaiUi@h08=m,0*50
\s:66,c:1782377488*42\!AIVDM,1,1,,B,34hIaI0PAJ08uw@FI3`aD7Hl01kP,0*5A
\s:66,c:1782377493*48\!AIVDM,1,1,,B,403t>`iuJl`kO`gbkjACSCo00@C2,0*6E
\s:66,c:1782377492*49\!AIVDM,1,1,,A,13KI=200001V<HbR>i8J1`800000,0*76
\s:66,c:1782377490*4B\!AIVDM,1,1,,A,H6:J7UP00000000000000000000,2*18
\s:66,c:1782377490*4B\!AIVDM,1,1,,A,H6:J7UTU00000000000000000000,0*4B
\s:66,c:1782377490*4B\!AIVDM,1,1,,A,13F8J20001vqLl2@65iElh<f0D1n,0*2C
\s:66,c:1782377486*4C\!AIVDM,1,1,,A,16:R?t001o8KblvFBStCuC:j00T1,0*34
\s:66,c:1782377491*4A\!AIVDM,1,1,,B,13:lN00016PBOfnMg<RTJ3Tt0@Be,0*43
\s:66,c:1782377493*48\!AIVDM,1,1,,A,168uRUP01A8f3i@A=;1U`THt053<,0*1E
\s:66,c:1782377493*48\!AIVDM,1,1,,A,1:kJUO0000Ji7WIbks:66,0*6A
\s:66,c:1782377493*48\!AIVDM,1,1,,B,17mROc8P01`G0nsw@;o8o?w020Ss,0*3D
\s:66,c:1782377489*43\!AIVDM,1,1,,A,17ldJdH0008FfTSwB56LC@6t0<2G,0*23
\s:66,c:1782377487*4D\!AIVDM,1,1,,B,14`V3jh01e`55kp<1:p9r7nl0L6s,0*38
\s:66,c:1782377493*48\!AIVDM,1,1,,B,137Kjl0t00wVFKHDVfhadGi020SP,0*7B
\s:66,c:1782377493*48\!AIVDM,1,1,,B,16Sh=aPP009=1KRD6wfh0?w1r53<,0*63
\s:66,c:1782377494*4F\!AIVDM,1,1,,A,15?9UL001l8l<O:D`:AnumW40<0t,0*7F
\s:66,c:1782377490*4B\!AIVDM,1,1,,B,40475QAvad`kNajK`VD31B700HAw,0*0A
\s:66,c:1782377490*4B\!AIVDM,1,1,,A,35OBL102h0GWHKnBfJ@v4;Ap0000,0*11
\s:66,c:1782377495*4E\!AIVDM,1,1,,B,28SJPw30007am7p60bDt2l560D4e,0*42
\s:66,c:1782377492*49\!AIVDM,1,1,,A,16:CUiP01A`N@r0Etcb9kWjv2883,0*70
\s:66,c:1782377495*4E\!AIVDM,1,1,,B,19NS<CP01K8fB0v?;PNAW1A60<0b,0*1B
\s:66,c:1782377495*4E\!AIVDM,1,1,,A,3347dV5001PCIbvMHKido:382DTJ,0*28
\s:66,c:1782377490*4B\!AIVDM,1,1,,A,15MrP`PP03IVfQP@P<CR1?vr0L13,0*1F
\s:66,c:1782377491*4A\!AIVDM,1,1,,A,18I6SO002W7srM69e07H<FLt0@B?,0*38
\s:66,c:1782377496*4D\!AIVDM,1,1,,A,18Hwgt002=1gP9qdBELrBpC600SC,0*48
\s:66,c:1782377490*4B\!AIVDM,1,1,,A,15OBL10P01oWHL0BfJA>4?vr2000,0*23
\s:66,c:1782377497*4C\!AIVDM,1,1,,B,138re2002v7=MiF77vpdE9m60@Ej,0*0C
\s:66,c:1782377489*43\!AIVDM,1,1,,A,1n:dsBgP008dJ7LAuGRu=wwp0<20,0*5B
\s:66,c:1782377486*4C\!AIVDM,1,1,,B,13Ie6h0000weWCP31gbolFBl053<,0*65
\s:66,c:1782377488*42\!AIVDM,1,1,,B,13aEOB0P00PEqvPNBhQN4?vp20Rg,0*6D
\s:66,c:1782377490*4B\!AIVDM,1,1,,B,13as4L001gQ:K@<R168:?H<r0@Ae,0*7D
\s:66,c:1782377488*42\!AIVDM,1,1,,B,13n4F;W000PIpNVSbF20Ni<p0@@T,0*6C
\s:66,c:1782377488*42\!AIVDM,1,1,,A,33n4F;W0000IpNVSbF1hN1=p0000,0*6B
\s:66,c:1782377482*48\!AIVDM,1,1,,A,B3uB<F00F0<bh3`K9NndR:N00000,0*29
\s:66,c:1782377488*42\!AIVDM,1,1,,A,16;Wpb001Q8@82d<e0T9t7tk053<,0*7B
\s:66,c:1782377489*43\!AIVDM,1,1,,A,13Gk2@003D0F2m8F9O`Fj5Lp8@AA,0*11
\s:66,c:1782377487*4D\!AIVDM,1,1,,B,142OG4h00024nJTGNa3j`Avl0d3V,0*3B
\s:66,c:1782377485*4F\!AIVDM,1,1,,B,18I49U01A48fFCL??bLHkntj0H>S,0*36
\s:66,c:1782377486*4C\!AIVDM,1,1,,B,33m:mtW0P0Q5?r2WOVOjqmFh24uk,0*36
\s:66,c:1782377490*4B\!AIVDM,1,1,,B,402AaGQvad`kNQ?Nw4HUF;o00hAU,0*03
\s:66,c:1782377487*4D\!AIVDM,1,1,,B,15?deH@024SQ?Tf@>QBq1oDn0000,0*46
\s:66,c:1782377129*4C\!AIVDM,1,1,,B,H6:`50D0Eguj1W900000000`5blV,0*1F
\s:66,c:1782377486*4C\!AIVDM,1,1,,A,B5O1>JP006SO:hTVDTL000N00000,0*63
\s:66,c:1782377487*4D\!AIVDM,1,1,,A,19Iik7P01f7VpB`2bhm`E6d60VSL,0*3B
\g:1-2-5198356,s:66,c:1782377488*05\!AIVDM,2,1,6,A,59Iik7T2;r3;<<4s;F1`EI>2222222222222221@KPd5U5e:0F4iljC`,0*25
\g:2-2-5198356*68\!AIVDM,2,2,6,A,888888888888880,2*22
\s:66,c:1782377489*43\!AIVDM,1,1,,B,H6:GraQ`F1PV3P0000000000000,2*24
\s:66,c:1782377489*43\!AIVDM,1,1,,B,H6:GraTm000000000000001P;32T,0*03
\s:66,c:1782377487*4D\!AIVDM,1,1,,B,H39W2fTTCBD:TQu4;mhjh0107410,0*50
\s:66,c:1782377492*49\!AIVDM,1,1,,B,16:5UO8P008LAI@=v6=Fk?vv00Ra,0*02
\s:66,c:1782377491*4A\!AIVDM,1,1,,B,B7lodI0009nq9>09vb003wg4kP06,0*58
\s:66,c:1782377489*43\!AIVDM,1,1,,B,19NSnhP02>1RmDPDinFrTHJn0<09,0*0A
\s:66,c:1782377491*4A\!AIVDM,1,1,,B,19NSntPuBDwCCadE<EKQhQJv053<,0*52
\s:66,c:1782377488*42\!AIVDM,1,1,,B,16Sg8KgP1=`mOAFCPib:Pwvn2<1n,0*57
\s:66,c:1782377492*49\!AIVDM,1,1,,B,13aNbD@P0LPFGh0MvPrSw?w0253<,0*06
\s:66,c:1782377490*4B\!AIVDM,1,1,,B,15O5Wl`P00o?jNPESi:f4?vv2<1H,0*2B
\s:66,c:1782377493*48\!AIVDM,1,1,,A,13l3oFP01g0SQ18ESp4SG2k00L35,0*0A
\s:66,c:1782377493*48\!AIVDM,1,1,,B,33aI9OUP00PEuv4MwD5P0?w22Drr,0*7B
\s:66,c:1782377495*4E\!AIVDM,1,1,,B,16::<@001C`ksenAP9f0S0a4053<,0*1D
\s:66,c:1782377495*4E\!AIVDM,1,1,,A,19NSnhP02>1Rm;DDinGJT`K200SI,0*31
\s:66,c:1782377493*48\!AIVDM,1,1,,A,18IibN5P1E7JrDF0fs8L5gwD0PSV,0*6A
\s:66,c:1782377488*42\!AIVDM,1,1,,A,35?deH@025SQ?Tf@>QBpv7Dp01aQ,0*77
\s:66,c:1782377493*48\!AIVDM,1,1,,B,33@pVBPOic8WFVFBDTP=Us6r0170,0*76
\s:66,c:1782377495*4E\!AIVDM,1,1,,A,15AjF>002EQJkbhPoF4AAi160L2D,0*55
\s:66,c:1782377495*4E\!AIVDM,1,1,,A,16:R<v00008LAIP=w6wduag40<1q,0*4B
\s:66,c:1782377488*42\!AIVDM,1,1,,B,169qug3P028dlBhAu=>8Ngvd08=G,0*45
\s:66,c:1782377495*4E\!AIVDM,1,1,,A,18I49U01i48fF?4??auHlFu608D5,0*3D
\s:66,c:1782377496*4D\!AIVDM,1,1,,A,33n4F;W0000IpNTSbF1PN1=p0000,0*51
\s:66,c:1782377496*4D\!AIVDM,1,1,,A,13n4F;W000PIpNTSbF1hNi=8053<,0*11
\s:66,c:1782377496*4D\!AIVDM,1,1,,B,14hG?60wB9OHJaLDt;JcA`w60HE`,0*45
\s:66,c:1782377494*4F\!AIVDM,1,1,,A,H5O8qgTU7B=4011G4=kjqp1@7320,0*4E
\s:66,c:1782377491*4A\!AIVDM,1,1,,A,13Ed@gbP0NwdQ:bDwiESNOvt2@B=,0*36
\s:66,c:1782377491*4A\!AIVDM,1,1,,A,144Ss1P01f0iFo@EMWs;1Hvt053<,0*67
\s:66,c:1782377495*4E\!AIVDM,1,1,,A,13:Pt0002>2tiv5sdk==sc;40<01,0*04
\s:66,c:1782377495*4E\!AIVDM,1,1,,B,15N:02P000JQwBFFKpwJjUU80D2I,0*42
\s:66,c:1782377496*4D\!AIVDM,1,1,,A,19NSeEPwBA`WM`2>Q54HqG7608EM,0*0E
\s:66,c:1782377494*4F\!AIVDM,1,1,,B,13ktpR001j04mQ6M5ql`sG720<1>,0*78
\s:66,c:1782377491*4A\!AIVDM,1,1,,A,369<k8hP4e8KU9@FJ4UUu?vt0001,0*32
\s:66,c:1782377490*4B\!AIVDM,1,1,,B,1815CtT01`0o2KjO9gb:RpJt053<,0*39
\s:66,c:1782377493*48\!AIVDM,1,1,,B,13MAUm@0000LBSnNrqCq1Hm00@Ch,0*60
\s:66,c:1782377495*4E\!AIVDM,1,1,,A,33m83KPOi:PLA:HSgKAnhUHj00w@,0*10
\s:66,c:1782377495*4E\!AIVDM,1,1,,B,39NScMmw@2:cONSkmOT`34i40HS@,0*33
\s:66,c:1782377497*4C\!AIVDM,1,1,,A,B6:b<9h0:29fnp4TqjB>Gwv63P06,0*0C
\s:66,c:1782377498*43\!AIVDM,1,1,,B,13@pPoP0010EiG`OkF>beG368D14,0*12
\s:66,c:1782377488*42\!AIVDM,1,1,,A,33fC6D5vh0QhpL4R1IeTOQ1p0Dab,0*68
\s:66,c:1782377493*48\!AIVDM,1,1,,B,16:7`<001A`j>k@Appb0HPG020SN,0*7F
\g:1-2-5198357,s:66,c:1782377496*0B\!AIVDM,2,1,7,A,53f;:P82DHh7TP7K?O104q@PE8hTLQ@00000001IBHTG95Wf0E1Sl`3l,0*12
\g:2-2-5198357*69\!AIVDM,2,2,7,A,Q1DTh0000000000,2*0B
\s:66,c:1782377492*49\!AIVDM,1,1,,B,B8;;E=000j:HFd2569QCGwv41P06,0*22
\s:66,c:1782377490*4B\!AIVDM,1,1,,A,19t6VRpP01WKjU00U3gv4?vt20T1,0*73
\s:66,c:1782377490*4B\!AIVDM,1,1,,B,15?u6D012CveMOJ::g`WTEtr053<,0*7F
\s:66,c:1782377491*4A\!AIVDM,1,1,,A,B3MCtHP00?v@2w7@`c2lb@v00000,0*37
\s:66,c:1782377490*4B\!AIVDM,1,1,,A,338mI<002U1crNpFKJfQ3Pmp0000,0*71
\s:66,c:1782377493*48\!AIVDM,1,1,,,13MBpom000OqGMpOMemn10m00000,0*54
\s:66,c:1782377494*4F\!AIVDM,1,1,,B,18KiqU0000WJTh00gnaN42Q2253<,0*40
\s:66,c:1782377495*4E\!AIVDM,1,1,,B,18KnBh0000WL:Hv0g0jsN2S6053<,0*51
\s:66,c:1782377495*4E\!AIVDM,1,1,,A,13ku:w001VvQMit91>t0PPM40<1A,0*10
\s:66,c:1782377489*43\!AIVDM,1,1,,A,16:<6?PP17`dnVPAtMJ;Q?vt28B8,0*51
\s:66,c:1782377497*4C\!AIVDM,1,1,,B,B9am65P01HiO@5NDqKt=owjWGP06,0*56
\s:66,c:1782377496*4D\!AIVDM,1,1,,A,33?s;@PP0sPdGaVMwk1bsww6R4Dk,0*18
\s:66,c:1782377496*4D\!AIVDM,1,1,,A,17tN:4wP0kWDGh@1:H?;dOw62<0d,0*63
\s:66,c:1782377496*4D\!AIVDM,1,1,,A,381567@01cPLwjBF8MO:ipc60jje,0*16
\s:66,c:1782377493*48\!AIVDM,1,1,,B,B3IUMOP0@h1`QBUSUJH7cwh7p000,0*2D
\s:66,c:1782377493*48\!AIVDM,1,1,,B,28SK5ohP137aqep5u9HhC?vv08K>,0*3D
\s:66,c:1782377494*4F\!AIVDM,1,1,,B,18SK7b@P01Wb8L65raf:OOw228Ca,0*10
\s:66,c:1782377492*49\!AIVDM,1,1,,B,402FhUivad`kP0ntsLE2u5700D6J,0*04
\s:66,c:1782377492*49\!AIVDM,1,1,,B,15OHM@?P00rdrnFG@:q>4?w02<3d,0*6F
\s:66,c:1782377495*4E\!AIVDM,1,1,,B,15CfWF0003WLDc60hlw:Dl92053<,0*4C
\s:66,c:1782377495*4E\!AIVDM,1,1,,A,16:CLIP01D`hi6PA3f>SF2bh0=FO,0*4C
\s:66,c:1782377494*4F\!AIVDM,1,1,,A,36LUlb012`0IFA4NeH8an7n20000,0*12
\s:66,c:1782377497*4C\!AIVDM,1,1,,A,177PV1000u`V1UFBAHnrHHLn0HEP,0*69
\s:66,c:1782377490*4B\!AIVDM,1,1,,A,13e3Lb0P1eQsnFLED7nad?vr0000,0*48
\s:66,c:1782377493*48\!AIVDM,1,1,,A,33n7Oe00000000000000001p0000,0*14
\s:66,c:1782377494*4F\!AIVDM,1,1,,A,17ld8BHP007LDm:0aL7v4?vf2d1:,0*38
\s:66,c:1782377491*4A\!AIVDM,1,1,,A,15@Q>l002V7tl0l9hww@n0`n08B<,0*41
\s:66,c:1782377493*48\!AIVDM,1,1,,,13e9080vjot<QqjH5qwBf24v0000,0*5F
\s:66,c:1782377492*49\!AIVDM,1,1,,A,19NSAUP01o0oTRfE=`wK6pw208CA,0*0B
\s:66,c:1782377490*4B\!AIVDM,1,1,,B,402IP@Avad`kMNEC`2UjWKW00<2T,0*0A
\s:66,c:1782377489*43\!AIVDM,1,1,,A,13mtpJ00001Ush0`;qJ=Dnvn0H@`,0*7F
\s:66,c:1782377491*4A\!AIVDM,1,1,,B,17lobc@P0UWM16H0Vrm`fwvp08AP,0*16
\s:66,c:1782377491*4A\!AIVDM,1,1,,A,H52kQ9TT000000000000000`8220,0*32
\s:66,c:1782377495*4E\!AIVDM,1,1,,A,33aL=F@PCDP@KuVMKWvrsHW200`Q,0*25
\g:1-2-5198358,s:66,c:1782377495*07\!AIVDM,2,1,8,A,5815:lT2@h@9KMI3B20DhDuI9U@U=<6222222216D`I5H5nd0J3@AiC3,0*18
\g:2-2-5198358*66\!AIVDM,2,2,8,A,0C`40Qp88888880,2*22
\s:66,c:1782377494*4F\!AIVDM,1,1,,B,37Ok<e0008bl;gQdWvWW:mo2219h,0*4A
\s:66,c:1782377496*4D\!AIVDM,1,1,,A,18J21F00147K?AN0eIOcgaK:0LBi,0*79
\s:66,c:1782377494*4F\!AIVDM,1,1,,B,17mRMO8P00`HrVqwTv325ww228D6,0*20
\s:66,c:1782377497*4C\!AIVDM,1,1,,A,19NSug000`5kLHj3IQ;2mro608EW,0*3F
\s:66,c:1782377491*4A\!AIVDM,1,1,,A,15NU>P0004JU5J:E3bptK7ft0@BB,0*07
\s:66,c:1782377497*4C\!AIVDM,1,1,,B,13uKMPP0000mHDBQ1BD008I82@Eb,0*0D
\s:66,c:1782377487*4D\!AIVDM,1,1,,B,19NSfd02C2DhefTHkVrCsS8l08@2,0*70
\s:66,c:1782377487*4D\!AIVDM,1,1,,B,13IqqP0000K`OLP8FbCDsVHf0@?N,0*57
\s:66,c:1782377486*4C\!AIVDM,1,1,,,13F;Q@5000OH>c2GTIuHAHHf0000,0*24
\s:66,c:1782377489*43\!AIVDM,1,1,,B,15?Fm6001nPBv3jEECICDjch0<4A,0*74
\s:66,c:1782377485*4F\!AIVDM,1,1,,A,13cvuM542F0guDnHRgR2v2Jj0000,0*0D
\s:66,c:1782377486*4C\!AIVDM,1,1,,B,13c?Fv001QOR@opK:U:ho@pn00SJ,0*37
\s:66,c:1782377486*4C\!AIVDM,1,1,,A,H52kOo@L4Tj0Hu8<F0TT0000000,2*69
\s:66,c:1782377486*4C\!AIVDM,1,1,,A,H52kOoDU0000000Fo24q00000000,0*5D
\s:66,c:1782377486*4C\!AIVDM,1,1,,B,16:dtdP00k7qIh@8dQr9:Fpj0UqT,0*10
\s:66,c:1782377488*42\!AIVDM,1,1,,A,B3JSW2000P;@5`6Cf@i5?wf5oP06,0*48
\s:66,c:1782377485*4F\!AIVDM,1,1,,A,15?4tT0026wS24@KHgsA70tb053<,0*22
\s:66,c:1782377489*43\!AIVDM,1,1,,A,33MA0tP0000hRdNQ1hQlHb1p0000,0*70
\s:66,c:1782377489*43\!AIVDM,1,1,,B,16:dsKg02W8h`HrA0J0cL9Br0<4c,0*0A
\s:66,c:1782377483*49\!AIVDM,1,1,,B,139Ir901B4PMi=DNeRvQqATh8H?=,0*46
\s:66,c:1782377487*4D\!AIVDM,1,1,,B,14`UvuC0003Q@UN@;uK<iIvl0h?v,0*0E
\s:66,c:1782377489*43\!AIVDM,1,1,,B,B6:d@t@0Cj26jR3?S30;p0>40000,0*73
\s:66,c:1782377488*42\!AIVDM,1,1,,B,B7m9ve000800000000003wP4kP06,0*02
\s:66,c:1782377491*4A\!AIVDM,1,1,,A,14SE940uh3rCi;6587E<t:E02@BF,0*7D
\s:66,c:1782377484*4E\!AIVDM,1,1,,B,14`V3`P001PH45DQn3f5VTTh253<,0*10
\s:66,c:1782377488*42\!AIVDM,1,1,,B,15Nd=;PP0jJiKMfGL>R<i?vn253<,0*09
\s:66,c:1782377488*42\!AIVDM,1,1,,A,18LHmd001t0pcPBE@fbmBl<n0000,0*46
\s:66,c:1782377482*48\!AIVDM,1,1,,B,18I=p?001;8;brP8Pmj8e6tV0H<H,0*74
\s:66,c:1782377489*43\!AIVDM,1,1,,A,16:c8WP000`VwltBBn;kLwvp0000,0*2D
\s:66,c:1782377489*43\!AIVDM,1,1,,A,13aDAphP00PCi22MGA<37gvp2D3f,0*43
\s:66,c:1782377489*43\!AIVDM,1,1,,A,13`m:KOP00PDC3:Md4`v4?vr253<,0*15
\s:66,c:1782377491*4A\!AIVDM,1,1,,A,16:C=j`P008fKWPA6Up>4?vr2hAl,0*39
\s:66,c:1782377492*49\!AIVDM,1,1,,A,13l3o?@01PUFHeN6mF@=F:W000R6,0*55
\s:66,c:1782377470*45\!AIVDM,1,1,,B,1:U6wM0007u4TKKkN;fKGF>D2@5v,0*1C
\s:66,c:1782377489*43\!AIVDM,1,1,,A,1:U8csgP1ELd6iAjAh1@6gvp2L2U,0*59
\s:66,c:1782377490*4B\!AIVDM,1,1,,B,3613B<SP002kBCv<Aw@3kwvr230Q,0*70
\s:66,c:1782377489*43\!AIVDM,1,1,,,13gc>t000QN?1JjV?5H70V:t053<,0*2B
\s:66,c:1782377491*4A\!AIVDM,1,1,,A,14`Uv?S0003e`pR>kPl2dra00@Bc,0*65
\s:66,c:1782377488*42\!AIVDM,1,1,,A,13:BN>3009NrdcfTfrE3QFHr0H@p,0*28
\s:66,c:1782377486*4C\!AIVDM,1,1,,A,36:6GE1P008eN5`Au>7FMwvl0Dab,0*26
\s:66,c:1782377491*4A\!AIVDM,1,1,,A,36:dsKg02W8h`AJA0JG;N9Bt0000,0*4A
\s:66,c:1782377491*4A\!AIVDM,1,1,,A,13a0V@000HP@PpJMJwVb:p>r08BF,0*2F
\s:66,c:1782377491*4A\!AIVDM,1,1,,A,18SJCN5000WKWQd0lP56C36r0d:p,0*65
\s:66,c:1782377492*49\!AIVDM,1,1,,B,13MA0tP0000hRdbQ1hQTHr2v00SM,0*6E
\s:66,c:1782377492*49\!AIVDM,1,1,,A,B6:dks00?R22kr3@R4AJ=8@7QP06,0*0B
\s:66,c:1782377492*49\!AIVDM,1,1,,B,H7OhBn0U<t85;737<0000000000,2*47
\s:66,c:1782377492*49\!AIVDM,1,1,,B,H7OhBn4TCBD4;5?pnhinm0105310,0*5B
\s:66,c:1782377491*4A\!AIVDM,1,1,,A,33AA?v50000n:MvQ0addsjup0000,0*29
\s:66,c:1782377493*48\!AIVDM,1,1,,A,19NSfd00k2DhesrHkVaksk9008CR,0*57
\s:66,c:1782377493*48\!AIVDM,1,1,,A,139JJE0000PeKB2N`kwdtpO000RF,0*6F
\s:66,c:1782377493*48\!AIVDM,1,1,,A,13GQRb@000NqLcP@6JOkb9a008Cc,0*08
\s:66,c:1782377493*48\!AIVDM,1,1,,,13gc>t000QN?1JpV?5A6u6;2053<,0*5B
\s:66,c:1782377493*48\!AIVDM,1,1,,A,339JJE00000eKB2N`kwdv8Op0000,0*13
\s:66,c:1782377487*4D\!AIVDM,1,1,,A,18SK5EpP00Wa;rn5sMLQAgvj28=o,0*02
\s:66,c:1782377485*4F\!AIVDM,1,1,,A,13Jgt60014rUkub5qgslP3Vh08>Q,0*13
\s:66,c:1782377486*4C\!AIVDM,1,1,,B,160wq:Uv00STM@f?Gf@q>n>d00S8,0*2F
\s:66,c:1782377485*4F\!AIVDM,1,1,,B,B7`B27h00;81M9Jfe5:Mgwe5T000,0*76
\s:66,c:1782377489*43\!AIVDM,1,1,,B,19NSfS001D7KFst0dAOJ5`8p0<<M,0*3D
\s:66,c:1782377487*4D\!AIVDM,1,1,,B,17OnrtP2RDblGrujGNvGFUnl2H?m,0*55
\s:66,c:1782377485*4F\!AIVDM,1,1,,A,13Hj1dg00UPGAjNHftf;ga6j0<0N,0*3C
\s:66,c:1782377485*4F\!AIVDM,1,1,,A,38Hu1p0P@kWKmiN0f@cBHidl0RoA,0*1E
\s:66,c:1782377482*48\!AIVDM,1,1,,A,338KhT00321KL?`Fi@H7dV=p0000,0*6E
\s:66,c:1782377486*4C\!AIVDM,1,1,,A,338KhT00321KL<hFi?TWdV?p0000,0*64
\s:66,c:1782377485*4F\!AIVDM,1,1,,B,13M@K<@P00wq850M0qFh0?vj2KS2,0*5F
\s:66,c:1782377486*4C\!AIVDM,1,1,,B,33bWP<50000F=`bNFLe<w@bn0DRJ,0*7A
\s:66,c:1782377488*42\!AIVDM,1,1,,A,13ku:f@02S`4MH08SAJGH60j0D0D,0*15
\s:66,c:1782377486*4C\!AIVDM,1,1,,B,23aQdSgP0`PGa1jNOvGVHwvl2D2M,0*23
\g:1-2-5198359,s:66,c:1782377487*05\!AIVDM,2,1,9,B,53oVo>02<MLhhaUB220dTh@Tr22222222222220N1pF2740Ht@ARDj2C,0*4C
\g:2-2-5198359*67\!AIVDM,2,2,9,B,Qp1lSmC`8888880,2*4F
\s:66,c:1782377490*4B\!AIVDM,1,1,,A,33oVo>70001G5a`Wpbunr`;p0000,0*0C
\s:66,c:1782377490*4B\!AIVDM,1,1,,B,160wq:UwP0STM@f?Gf@qBn>l0@AO,0*2F
\s:66,c:1782377487*4D\!AIVDM,1,1,,A,E>kb;Wf29h@@@@@@@@@@@@@@@@@;Vm;O=qDj`00003vP100,2*2D
\s:66,c:1782377487*4D\!AIVDM,1,1,,A,35OE41P000G@:48EW=6:b`Sp0000,0*7C
\s:66,c:1782377486*4C\!AIVDM,1,1,,B,13IaWe0P@cOQfD>KEfA69Ovn00Rw,0*28
\s:66,c:1782377488*42\!AIVDM,1,1,,B,13gPIF?P00vrIaRThouf4?vp20Re,0*76
\s:66,c:1782377487*4D\!AIVDM,1,1,,A,37OnrtP2RHblGrgjGNkoHEnn20Hh,0*69
\s:66,c:1782377484*4E\!AIVDM,1,1,,A,H3m`W>0HU9=@000000000000000,2*62
\s:66,c:1782377490*4B\!AIVDM,1,1,,A,1:q85gPP01rV;Kn5q0df4?vrR53<,0*1C
\s:66,c:1782377489*43\!AIVDM,1,1,,B,13cLjF0viwPjiVRO@JicnIRp8HAQ,0*01
\s:66,c:1782377491*4A\!AIVDM,1,1,,B,402:pOivad`kN0@2C2Hia3?000S:,0*6F
\s:66,c:1782377492*49\!AIVDM,1,1,,A,B8u@:v0000TeTaspGnn<cwh5kP06,0*2D
\s:66,c:1782377485*4F\!AIVDM,1,1,,A,13`dfW0P00PF=F6Mwdjv4?vh2H>V,0*6F
\s:66,c:1782377483*49\!AIVDM,1,1,,A,402HW71vad`kEOB=l>MS7QW00@=C,0*47
\s:66,c:1782377488*42\!AIVDM,1,1,,A,4052v>ivad`kM`H>?3wLf9700hAL,0*1D
\s:66,c:1782377489*43\!AIVDM,1,1,,A,19NSqt00jc30dBon042`T6fn053<,0*2D
\s:66,c:1782377490*4B\!AIVDM,1,1,,B,16:5=g0P1I`iA9PACC@PAwvr28AG,0*21
\s:66,c:1782377489*43\!AIVDM,1,1,,B,ENk`vvLJqh@@@@@@@@@@@@@@@@@=DeTt;NFL`00003vP000,2*7E
\s:66,c:1782377489*43\!AIVDM,1,1,,A,13mt@u7000PH5t<Qn0t>49Bp2<0D,0*6A
\s:66,c:1782377492*49\!AIVDM,1,1,,A,169@WGaP0P8bvc@FU4><vwvt00SR,0*31
\s:66,c:1782377492*49\!AIVDM,1,1,,A,148Km0?P00QPm8hOnJ`f4?w02<0n,0*2F
\s:66,c:1782377491*4A\!AIVDM,1,1,,B,13n@w8701M1dUT>`OaLsv9Tv0<0c,0*14
\s:66,c:1782377491*4A\!AIVDM,1,1,,A,338KhT00321KL8BFi>Gog6?p0000,0*03
\s:66,c:1782377488*42\!AIVDM,1,1,,B,B3HgKk00?8:W?VUsah>jswu5l000,0*3B
\s:66,c:1782377490*4B\!AIVDM,1,1,,A,402IPEAvad`kNvhjVfUjcTW000S:,0*79
\s:66,c:1782377491*4A\!AIVDM,1,1,,A,16:>5bPP0v8fSdPABedTEwvt0@S2,0*7A
\s:66,c:1782377490*4B\!AIVDM,1,1,,B,B3P:vsP0:@1eP75V2iGB?wfQh<32,0*05
\s:66,c:1782377493*48\!AIVDM,1,1,,B,13ku:f@02S`4MFh8S@RWIF0t0@CO,0*5A
\s:66,c:1782377491*4A\!AIVDM,1,1,,A,ENjVGO6V4V62h60W3WRdn@7@9TR@;0gGAI6q800000>fMP,4*7F
\s:66,c:1782377489*43\!AIVDM,1,1,,A,13KOD?S0061Or:`RPbC3Uwv00000,0*1C
\s:66,c:1782377494*4F\!AIVDM,1,1,,B,18Ht=H0P007JFaH0f:@DDgw4053<,0*15
\s:66,c:1782377492*49\!AIVDM,1,1,,A,33oO7800001ElRVWoNHqd2op0000,0*13
\s:66,c:1782377492*49\!AIVDM,1,1,,A,33Q;6tP00UwWK9:DcT@LtJC201v@,0*64
\s:66,c:1782377493*48\!AIVDM,1,1,,A,18LKQT00?w<tSF0l4Q@>46Ev0tAe,0*2E
\s:66,c:1782377492*49\!AIVDM,1,1,,B,403Ot`1uJl`kPo=sd:K=BaO028Bs,0*1E
\s:66,c:1782377494*4F\!AIVDM,1,1,,B,B6:kBs00<B250b3@<C;7BOi7QP06,0*4E
\s:66,c:1782377415*46\!AIVDM,1,1,,A,39NSLJQ0008N<r<F88lau7RF0000,0*4F
\s:66,c:1782377490*4B\!AIVDM,1,1,,B,B3:1`wP0:P;hegWjEPtM?wg1lD3=,0*3A
\s:66,c:1782377493*48\!AIVDM,1,1,,A,13mDiW00000WIa2QI11KnWw40<0@,0*1B
\s:66,c:1782377493*48\!AIVDM,1,1,,A,33GS3Q5000PE<vPN1GLN40?22Dm:,0*48
\s:66,c:1782377494*4F\!AIVDM,1,1,,A,16:??kQ012`gRQPAm@K5@IW4253<,0*36
\s:66,c:1782377490*4B\!AIVDM,1,1,,A,D02IPEAMdNfp,0*0C
\s:66,c:1782377491*4A\!AIVDM,1,1,,B,17OnrtPsjNblGr3jGNCWH5nt2L0d,0*31
\s:66,c:1782377492*49\!AIVDM,1,1,,A,37OnrtPr2PblGqojGN8WE5nv20I0,0*0D
\s:66,c:1782377491*4A\!AIVDM,1,1,,B,15?dRJ@01f7>1i01`QkU<T>v0PS8,0*31
\s:66,c:1782377495*4E\!AIVDM,1,1,,B,17OnrtPr2UblGqAjGMVoBmm42HDM,0*64
\s:66,c:1782377495*4E\!AIVDM,1,1,,A,33@nptP0001Eoq0O81K`w7=p0000,0*56
\s:66,c:1782377494*4F\!AIVDM,1,1,,A,16oa>eo00evgdQl;Iaictqc20hD:,0*5D
\s:66,c:1782377496*4D\!AIVDM,1,1,,B,144hq9000039>>jP<MwH?no62L0>,0*32
\s:66,c:1782377496*4D\!AIVDM,1,1,,A,13M@K<@P00wq84tM0qFh0?w6253<,0*54
\s:66,c:1782377493*48\!AIVDM,1,1,,B,13P==4h00206ThbMRhHH`S=200SD,0*1D
\s:66,c:1782377487*4D\!AIVDM,1,1,,A,16K3As00219wc>>D5bjGVV8l053<,0*25
\g:1-2-5198360,s:66,c:1782377488*00\!AIVDM,2,1,0,A,56:@Vr`0000091LO:21=DV1UF3J2222222222216<PK;85`h0Bi0BH84,0*5F
\g:2-2-5198360*6D\!AIVDM,2,2,0,A,j0C`88888888880,2*5D
\s:66,c:1782377481*4B\!AIVDM,1,1,,A,402E;71vad`kDP=Kd>O5K`?028<E,0*05
\s:66,c:1782377481*4B\!AIVDM,1,1,,A,19NSSh0024rDFC>>rp?@2P7B00SG,0*43
\s:66,c:1782377487*4D\!AIVDM,1,1,,A,15BQB8001H0O0ULEMEjb?82f0l<P,0*42
\s:66,c:1782377487*4D\!AIVDM,1,1,,B,19NSQbh01eWFqNh0qqo4d3jl0H@:,0*71
\s:66,c:1782377461*45\!AIVDM,1,1,,A,15?dS?h01S7OkiF1?9`84nP20D2l,0*6E
\s:66,c:1782377488*42\!AIVDM,1,1,,B,13Ifms?P00wp`dhLJ5mpQOvp0<0O,0*57
\s:66,c:1782377488*42\!AIVDM,1,1,,B,B8Sja10001rLhH1PIF<V7wv41P06,0*48
\s:66,c:1782377482*48\!AIVDM,1,1,,A,33oIs670000vi`DV@g1@:09p0000,0*0A
\s:66,c:1782377487*4D\!AIVDM,1,1,,A,33@oEmPu01P8:thNELS<vSPl00t0,0*3E
\s:66,c:1782377485*4F\!AIVDM,1,1,,B,13cqLE002H0RR?fHwt69qopj00S@,0*7C
\s:66,c:1782377486*4C\!AIVDM,1,1,,B,14`V2jP016P<AApM`3h2eB<j0D:F,0*08
\s:66,c:1782377488*42\!AIVDM,1,1,,B,B7loda000:6;IPwpcr60wwe2TH@b,0*31
\s:66,c:1782377487*4D\!AIVDM,1,1,,A,13ku;HhvRHwaKId2`:33fS2j0@?m,0*1A
\s:66,c:1782377490*4B\!AIVDM,1,1,,B,18Ht;70P00WJqF00d7tv4?vt2@B2,0*0C
\s:66,c:1782377486*4C\!AIVDM,1,1,,B,13`fHDPP01PFGhhMw;RN4?vl2H?R,0*66
\s:66,c:1782377487*4D\!AIVDM,1,1,,A,28SJQM0P007aso@61iPiv?vn053<,0*4F
\s:66,c:1782377486*4C\!AIVDM,1,1,,B,H52T9olTFC@83PL0000000000000,0*32
\s:66,c:1782377485*4F\!AIVDM,1,1,,A,14hQMj7000ECDSSmujLqg7th0000,0*7B
\s:66,c:1782377488*42\!AIVDM,1,1,,A,19NSdU@01MLd4l;jAIT24ANn0D2m,0*3F
\s:66,c:1782377486*4C\!AIVDM,1,1,,B,B3S7t:0068DnD=V3oQNsswe5l000,0*4D
\g:1-2-5198361,s:66,c:1782377489*00\!AIVDM,2,1,1,A,53ajAt42@rE=09`r2210th58U>2Q0ThuA>V2220j48g5863e0<ES2Dlj,0*37
\g:2-2-5198361*6C\!AIVDM,2,2,1,A,CQiC`8888888880,2*45
\s:66,c:1782377489*43\!AIVDM,1,1,,A,144WLd0029Wn7M`9TQPKnIPn0d4r,0*6C
\s:66,c:1782377487*4D\!AIVDM,1,1,,A,33ajAt001nP?8qpMTAVmVDPn00w@,0*69
\s:66,c:1782377489*43\!AIVDM,1,1,,A,7@2R5`hwH3dP,0*34
\s:66,c:1782377489*43\!AIVDM,1,1,,A,15NU470000o?sP@KLpRdn:>pH0S9,0*40
\s:66,c:1782377486*4C\!AIVDM,1,1,,A,13aNb<OP0V0FGv0MuOT26?vj0D65,0*28
\s:66,c:1782377491*4A\!AIVDM,1,1,,A,16StEt002EWNNIL0ugT7RV0t08B4,0*6D
\s:66,c:1782377491*4A\!AIVDM,1,1,,A,28SSq;A000Was7l5tc0T1qRv0<4k,0*78
\s:66,c:1782377492*49\!AIVDM,1,1,,A,16:BhC001H8fwshA5<E`Qnbt08B<,0*0B
\s:66,c:1782377489*43\!AIVDM,1,1,,B,132j82?P00wH:wDGT:T@0?vr2L0r,0*26
\s:66,c:1782377485*4F\!AIVDM,1,1,,A,13aJIH?P00PI?hLNKT;v4?vj2H?4,0*19
\s:66,c:1782377490*4B\!AIVDM,1,1,,A,17tKpuP01s7IqGl0`cCTWChp0<:s,0*71
\s:66,c:1782377490*4B\!AIVDM,1,1,,B,19NSoV@OhM8lOepAOC45oDbp0<3?,0*58
\s:66,c:1782377491*4A\!AIVDM,1,1,,B,169`UvP00s8gJBPAeU0<e0Lt00Rf,0*58
\s:66,c:1782377492*49\!AIVDM,1,1,,B,13cNS`00000AMrDMH4<KhE2v0t8T,0*34
\s:66,c:1782377491*4A\!AIVDM,1,1,,,18L:gF0v2bNsHQAsD@cdEat81000,0*53
\s:66,c:1782377493*48\!AIVDM,1,1,,A,H5N53`PHu9Dm=@5:22222222220,2*4E
\s:66,c:1782377493*48\!AIVDM,1,1,,A,H5N53`TN0000000G43pjop1PL540,0*00
\s:66,c:1782377493*48\!AIVDM,1,1,,A,13o2Gm7000Qu8UL`V:R`5p?80HCV,0*40
\s:66,c:1782377495*4E\!AIVDM,1,1,,A,15BQB8001H0O0NTEMEc:<`2v0`DG,0*38
\s:66,c:1782377487*4D\!AIVDM,1,1,,A,17ldNGkP0PaQHKOvbD;@2gvl2@@6,0*66
\s:66,c:1782377494*4F\!AIVDM,1,1,,A,28SJQM0P007aso<61iPAv?w2053<,0*46
\s:66,c:1782377492*49\!AIVDM,1,1,,B,H6:eLs1@DpMPT4pP4UPT4pO3340,2*4B
\s:66,c:1782377480*4A\!AIVDM,1,1,,A,13eVnB01PLO`cP4DahFr0HPT0000,0*0B
\s:66,c:1782377480*4A\!AIVDM,1,1,,A,35@s3:031T0d5f2HWj4=B:`T0000,0*79
\s:66,c:1782377489*43\!AIVDM,1,1,,B,16:JRF001i8bs=PDD8b221Tr08>H,0*69
\s:66,c:1782377490*4B\!AIVDM,1,1,,A,35@s3:01QU0d5atHWk7uBb`p00Ck,0*45
\s:66,c:1782377489*43\!AIVDM,1,1,,A,13ceSI0P2OQ2>;lG>?nBv?vp0000,0*0A
\s:66,c:1782377483*49\!AIVDM,1,1,,B,13nB9F70001G64HWpcHdlp0f053<,0*67
\g:1-2-5198362,s:66,c:1782377487*0D\!AIVDM,2,1,2,B,53aDqt8000010GS;SH1<u0PT400000000000001@<P:48uch96@CDm1D,0*72
\g:2-2-5198362*6F\!AIVDM,2,2,2,B,Q0CH0ATRBhB0EQ@,2*04
\s:66,c:1782377489*43\!AIVDM,1,1,,A,16:J=10P008f`6@A@f7apwvd08=2,0*56
\s:66,c:1782377489*43\!AIVDM,1,1,,B,15@`53h41W05hUL3MT<olV<l0d1J,0*75
\s:66,c:1782377488*42\!AIVDM,1,1,,A,1815R80020vTpj<;MVkWT69d0<2p,0*2A
\s:66,c:1782377491*4A\!AIVDM,1,1,,B,15?diq00167LIJD0fPD:OpFl0H?S,0*20
\s:66,c:1782377491*4A\!AIVDM,1,1,,A,342O2CP0000000000000001p0000,0*0C
\s:66,c:1782377486*4C\!AIVDM,1,1,,B,E>m>=W<UbPV0h60W3Pb@HSP00003WvDD0kAp820@@@e>@0,4*44
\s:66,c:1782377488*42\!AIVDM,1,1,,A,18HsGS?P00WL:<:0jsc>4?vT253<,0*1D
\g:1-2-5198363,s:66,c:1782377488*03\!AIVDM,2,1,3,A,56?Una`2>nQ85@A3:206pFpjpTV222222222221@8`@95ubl0<SECQ4P,0*0C
\g:2-2-5198363*6E\!AIVDM,2,2,3,A,H88888888888880,2*57
\s:66,c:1782377488*42\!AIVDM,1,1,,A,13n4sh`000Q1j=DVOrif46Nl20Sn,0*3D
\s:66,c:1782377482*48\!AIVDM,1,1,,A,3kHd@?gP00Oow3<K0eppvOvT0000,0*47
\s:66,c:1782377489*43\!AIVDM,1,1,,A,1815;=hP@N5eC4@40KQ==IVr00S2,0*6E
\s:66,c:1782377489*43\!AIVDM,1,1,,A,8341N7Pj2d=d<<t>LA@0T?`00100,0*69
\s:66,c:1782377488*42\!AIVDM,1,1,,A,B3m:bMP0D@?jnVagQrHgSweUkP06,0*05
\s:66,c:1782377491*4A\!AIVDM,1,1,,B,133vvgg001PCdv<MGc4pslNp08BM,0*13
\s:66,c:1782377492*49\!AIVDM,1,1,,B,18HvWc012W7M0Oj0f?hC9BU0053<,0*7B
\s:66,c:1782377491*4A\!AIVDM,1,1,,A,33MAkAhPA1Ow<e<LIPe>208r00;h,0*00
\s:66,c:1782377490*4B\!AIVDM,1,1,,B,B3MAbCP000PIJB5A6lMOKwg5T000,0*2E
\s:66,c:1782377488*42\!AIVDM,1,1,,A,13o=FJ00000r>cRVeVa=O5nn08?r,0*31
\s:66,c:1782377489*43\!AIVDM,1,1,,A,36K2J5@PAf9ic6VCwImPS@6r01j@,0*7D
\s:66,c:1782377493*48\!AIVDM,1,1,,A,13nB9F70001G64RWpcI=np120HCI,0*09
\s:66,c:1782377486*4C\!AIVDM,1,1,,B,36:dAo0000`dh2@AvIM:j``n2001,0*40
\s:66,c:1782377489*43\!AIVDM,1,1,,B,13P7JTP000OrsTdM45ujPpPp08A;,0*61
\s:66,c:1782377489*43\!AIVDM,1,1,,A,33cnlh00170FcA@HcaA57TFp0000,0*56
\s:66,c:1782377489*43\!AIVDM,1,1,,,B3`fJM00087s`HW`?`sQ3wfQl000,0*16
\s:66,c:1782377492*49\!AIVDM,1,1,,A,16:4mr00008gDA`A90:6b9:v0?0l,0*0A
\s:66,c:1782377492*49\!AIVDM,1,1,,B,38StGg?P0e7nMfH8p;6o5Ovt2000,0*79
\s:66,c:1782377493*48\!AIVDM,1,1,,B,28SjgIhP0rWbCCb5q<oJ<wvt28B8,0*71
\s:66,c:1782377493*48\!AIVDM,1,1,,A,16SWNQ0P029=TR<D3TKjuww3rD3w,0*50
\s:66,c:1782377490*4B\!AIVDM,1,1,,B,18HumB0uD1WL6q`0eGl<Gapp2<5w,0*1A
\s:66,c:1782377490*4B\!AIVDM,1,1,,A,1815>7C002Oe=2>2b3J5e8VH00S4,0*70
\s:66,c:1782377494*4F\!AIVDM,1,1,,B,36:Wp1EP0W8VlF6BC3Bf4?v00000,0*57
\s:66,c:1782377490*4B\!AIVDM,1,1,,B,13m:jlP0030euEDTcjc9>WLp0@AV,0*01
\s:66,c:1782377493*48\!AIVDM,1,1,,A,33nB9F70001G64RWpcHuo`1p0000,0*63
\s:66,c:1782377495*4E\!AIVDM,1,1,,B,18I2ka02ic8i9bl@vWSSWjrv08As,0*51
\s:66,c:1782377495*4E\!AIVDM,1,1,,B,15Aei@001j8ikKH@wrQqUGhn0D:d,0*15
\s:66,c:1782377497*4C\!AIVDM,1,1,,B,138a48001jODp6vDwAAUD4C60@Ek,0*2F
\s:66,c:1782377496*4D\!AIVDM,1,1,,A,18HumB03D1WL6gp0eHutB9q428E?,0*23
\s:66,c:1782377496*4D\!AIVDM,1,1,,B,B3`m:1@3wk?8mP=18D3Q3wwQhU3<,0*45
\s:66,c:1782377496*4D\!AIVDM,1,1,,A,14WWWN00020Ou3:E96G6il5:00RF,0*1E
\s:66,c:1782377497*4C\!AIVDM,1,1,,A,18HvWc00BW7M0Vv0f?qC9RU:0<@M,0*04
\s:66,c:1782377492*49\!AIVDM,1,1,,B,17mF>N`000WJQU00kifh2Ftt0D1i,0*65
\s:66,c:1782377497*4C\!AIVDM,1,1,,B,13`mgqhPACP@mkNMLLVBLQM828EW,0*77
\s:66,c:1782377498*43\!AIVDM,1,1,,,B3`fJM00007s`J7`?`sQ3wiQh000,0*77
\s:66,c:1782377483*49\!AIVDM,1,1,1,A,H3msR51AEHPthlDp00000000000,2*4E
\s:66,c:1782377483*49\!AIVDM,1,1,,B,H3msR54UC=D716;<4I<0001p5330,0*7E
\s:66,c:1782377210*45\!AIVDM,1,1,,A,39NSEDP01m`RLTn<UTgMss?R0Cce,0*47
\s:66,c:1782377475*40\!AIVDM,1,1,,A,18M@sR001o8PQv80K698tW<L00R4,0*53
\s:66,c:1782377487*4D\!AIVDM,1,1,,A,1815RD@w2:wqqd`Lhgi9tGrn2hHt,0*2B
\s:66,c:1782377485*4F\!AIVDM,1,1,,B,14b7eT001;8i`=hAlmUpRn`f0L:T,0*67
\s:66,c:1782377490*4B\!AIVDM,1,1,,B,138f<@002:8aNtT>P=A`bVnn00S4,0*1B
\s:66,c:1782377480*4A\!AIVDM,1,1,,B,B3MCMEh0AP:TI55ri=`?Cwb5h000,0*7E
\s:66,c:1782377488*42\!AIVDM,1,1,,B,13s4n@?P1FOH0I`GTwAUlgvl0U3<,0*43
\s:66,c:1782377483*49\!AIVDM,1,1,,A,13o=R8000014KuNW?BB<28tb0@=4,0*58
\s:66,c:1782377487*4D\!AIVDM,1,1,,A,18JwK20P017KcBF0g7fv2?vp08@9,0*1B
\s:66,c:1782377481*4B\!AIVDM,1,1,,B,H819Dq0tHHT<T4j10h4r2222220,2*53
\s:66,c:1782377488*42\!AIVDM,1,1,,B,H819Dq4U653<HU0Fo1nqii2P>440,0*43
\s:66,c:1782377490*4B\!AIVDM,1,1,,B,13AU`b00088d3E2DR:huPqvv0<0U,0*58
\s:66,c:1782377488*42\!AIVDM,1,1,,B,29NSe3m0007aqJ`630iUQA4p053<,0*62
\s:66,c:1782377488*42\!AIVDM,1,1,,B,19NSfv001t0CpE`EKd8SDBVp00RW,0*67
\s:66,c:1782377488*42\!AIVDM,1,1,,A,ENmWPvtK0000000000000000000Cm07c2ulB800003e010,4*46
\s:66,c:1782377484*4E\!AIVDM,1,1,,A,14S8580025OmPEHLkK33SBdh0<T=,0*29
\s:66,c:1782377488*42\!AIVDM,1,1,,B,B42OFr00A0NeMj5Cl@>A3wf5@000,0*25
\s:66,c:1782377488*42\!AIVDM,1,1,,A,34hSON001q0Ps9rHs:66,0*6D
\s:66,c:1782377484*4E\!AIVDM,1,1,,A,17OtWc0033bP9hilwDqGBm`h253<,0*63
\s:66,c:1782377490*4B\!AIVDM,1,1,,A,39t6Vbh0007LCD<0hmvdK?v00000,0*57
\s:66,c:1782377488*42\!AIVDM,1,1,,A,35960vh000HHv?l=B80I;P?p0000,0*0E
\s:66,c:1782377485*4F\!AIVDM,1,1,,A,33`hBF0000PF00<MwV6W276h06pS,0*73
\s:66,c:1782377488*42\!AIVDM,1,1,,B,19NSaUP02PJ=wCD9vFAS?BVl053<,0*57
\s:66,c:1782377487*4D\!AIVDM,1,1,,A,19F:R2?000005CH3>Dfj8:Bf053<,0*6A
\s:66,c:1782377488*42\!AIVDM,1,1,,B,B52aw0000>`L=qUTNh;Q3we1nDQb,0*6C
\s:66,c:1782377488*42\!AIVDM,1,1,,A,13IM:3001@OS4FRK9kMVU5@r0@@U,0*51
\s:66,c:1782377489*43\!AIVDM,1,1,,A,16Sdmh001nWbKfD5l28KWq>l00S4,0*1B
\s:66,c:1782377486*4C\!AIVDM,1,1,,B,16:d=TUP01`d9U@Aof`6A?vn00P8,0*29
\s:66,c:1782377489*43\!AIVDM,1,1,,B,B5?dil@09h:e@hUr1TTw;wfQh000,0*18
\s:66,c:1782377488*42\!AIVDM,1,1,,A,17lda>?P0j8FU@mwBc`j?Ovn2D3K,0*7E
\s:66,c:1782377488*42\!AIVDM,1,1,,A,33@p170q@00pMNlOJ<5<27sp0000,0*38
\s:66,c:1782377491*4A\!AIVDM,1,1,,A,13mlv:3000P73MbMTC19oifr08BK,0*50
\s:66,c:1782377490*4B\!AIVDM,1,1,,A,15MpNB0P01JQr80FBvWn`Ovr0000,0*73
\s:66,c:1782377486*4C\!AIVDM,1,1,,A,33bjvT?P@P0GSSDNFhRuh;0b00v@,0*30
\g:1-2-5198364,s:66,c:1782377490*0D\!AIVDM,2,1,4,A,55MpNB400001L@;;KG90ThuB08t5B105@51<<t0j1P52300003h00000,0*4C
\g:2-2-5198364*69\!AIVDM,2,2,4,A,000000000000000,2*20
\s:66,c:1782377492*49\!AIVDM,1,1,,B,13MBKR3000083QVN1dvMkiG000Sc,0*6B
\s:66,c:1782377491*4A\!AIVDM,1,1,,A,35MpNB0000JQr84FBv`6a5Ep0000,0*31
\s:66,c:1782377494*4F\!AIVDM,1,1,,B,13U:vf0P00QdJd:Ee7<N4?w42L61,0*4D
\s:66,c:1782377493*48\!AIVDM,1,1,,B,16:RVr0Oh?8hb2TAt:1S82m20HBq,0*61
\s:66,c:1782377492*49\!AIVDM,1,1,,B,15N6@7P001oRV?:CCJOn25jv0D16,0*22
\s:66,c:1782377494*4F\!AIVDM,1,1,,B,1:0=1m0000T38>p>1pqGJDK0000:,0*58
\s:66,c:1782377486*4C\!AIVDM,1,1,,A,H3msR51AEHPthlDp00000000000,2*7F
\s:66,c:1782377494*4F\!AIVDM,1,1,,A,H3msR54UC=D716;<4I<0001p5330,0*7D
\s:66,c:1782377494*4F\!AIVDM,1,1,,A,33v7c0001r0mtGVPwj=QkiKp0000,0*57
\s:66,c:1782377493*48\!AIVDM,1,1,,B,B7lj;GP00:5Vk9Ombtl6kwh2T0RT,0*3B
\s:66,c:1782377487*4D\!AIVDM,1,1,,A,B6:bFmP0>r;3wl4OJ98f?wv63P06,0*25
\s:66,c:1782377487*4D\!AIVDM,1,1,,B,16:6V3P01P8Vn3>BBkp23@0f0000,0*4B
\s:66,c:1782377486*4C\!AIVDM,1,1,,B,14cO3J00187dsr<:t0D<h:@l053<,0*60
\s:66,c:1782377482*48\!AIVDM,1,1,,A,33l9C2000712aOpDRAi6J59p0000,0*66
\s:66,c:1782377486*4C\!AIVDM,1,1,,A,13S@3C01ieQ2RjTIggtdCahh0000,0*3E
\s:66,c:1782377487*4D\!AIVDM,1,1,,A,19NSngh1jrTl`8eprTW2@irj08@0,0*04
\s:66,c:1782377485*4F\!AIVDM,1,1,,A,B3u>RjP00FqMcp1QiAu?3wd5CP06,0*1F
\s:66,c:1782377487*4D\!AIVDM,1,1,,A,13n4sw`0001ajGt`JI3lsqdj053<,0*19
\g:1-2-5198365,s:66,c:1782377489*04\!AIVDM,2,1,5,A,57wA3oh00000Q<;CGSDb0>0l58TpF3C@0000000l0`?425Q8054p0`3H,0*09
\g:2-2-5198365*68\!AIVDM,2,2,5,A,<@0000000000008,2*55
\s:66,c:1782377489*43\!AIVDM,1,1,,A,17wA3ohP007=o5H7Plmkpwvr2L3E,0*6C
\s:66,c:1782377484*4E\!AIVDM,1,1,,B,16:8DBP01q83<gh<?OMRhB8f08=r,0*5E
\s:66,c:1782377483*49\!AIVDM,1,1,,A,35?dQDi0008i>snAhajEs1bb0lQ:,0*57
\s:66,c:1782377487*4D\!AIVDM,1,1,,A,19NScrP00kQQuDJEpBk:M8>p0000,0*7F
\s:66,c:1782377489*43\!AIVDM,1,1,,B,E>mWA7Kb;Hh@@@@@@@@@@@@@@@@ClR`q5tw2`1088;v0000,2*66
\s:66,c:1782377489*43\!AIVDM,1,1,,B,1394F>0tjm8BKsUcc8dSWjnn0HAF,0*4B
\s:66,c:1782377489*43\!AIVDM,1,1,,A,1ktiGT50000PoNTNQ@CamFT1uwww,0*53
\s:66,c:1782377487*4D\!AIVDM,1,1,,A,13m:bF?P00PWFFlQHMoN4?vn2@@@,0*47
\s:66,c:1782377485*4F\!AIVDM,1,1,,A,404pkRivad`kIdVP73bMiqk0253<,0*05
\s:66,c:1782377490*4B\!AIVDM,1,1,,A,13ErCd8P00NqISr@6cQf4?vt2<2:,0*26
\s:66,c:1782377489*43\!AIVDM,1,1,,A,13eMi4SP0312t3@DP3KETOvr00S8,0*08
\s:66,c:1782377485*4F\!AIVDM,1,1,,A,13aIin?P00PBrSHMag?N4?vj2000,0*30
\s:66,c:1782377485*4F\!AIVDM,1,1,,B,13l3nD001G0CG>HNGi7q1W<j0<7v,0*3D
\s:66,c:1782377489*43\!AIVDM,1,1,,A,19NSP3h00lPB11VMjBU8cFpd0L<A,0*28
\s:66,c:1782377489*43\!AIVDM,1,1,,,13ku:ph01IrKGo8>oTkKIq4n0000,0*7F
\s:66,c:1782377490*4B\!AIVDM,1,1,,B,19NSqth22kLa`?CimvWitAVp0@Af,0*0F
\s:66,c:1782377492*49\!AIVDM,1,1,,A,15BG5j01Ak8pgGdBjRE0S@Q00L1M,0*22
\s:66,c:1782377492*49\!AIVDM,1,1,,A,19NSgC@1R44ITQepkbG9678t08Be,0*78
\s:66,c:1782377493*48\!AIVDM,1,1,,A,13GQKhPP01vqJOv@6g>DWww0253<,0*60
\s:66,c:1782377491*4A\!AIVDM,1,1,,A,338V4f50010e8C@1SjcWWW<r0E2r,0*37
\s:66,c:1782377488*42\!AIVDM,1,1,,A,33F8cn?011OGkPrH;aCbBp0r00k@,0*73
\s:66,c:1782377492*49\!AIVDM,1,1,,A,19NSVPP02dJSJ1>9>dPi=hw000RS,0*16
\s:66,c:1782377493*48\!AIVDM,1,1,,B,19NSnghvRrTl`@wprUBR=Arv0HCT,0*38
\s:66,c:1782377487*4D\!AIVDM,1,1,,A,39NScrP00j1QuDJEpBk:N8?p0000,0*1E
\s:66,c:1782377492*49\!AIVDM,1,1,,A,15?dQUhw0@rCbk058sGLaJ500<6l,0*17
\s:66,c:1782377493*48\!AIVDM,1,1,,A,16=q?60P005ePQd3vOkeuOw2053<,0*40
\s:66,c:1782377493*48\!AIVDM,1,1,,B,19AF36@Ohd2D5W6AnUM7EUq00D1v,0*6C
\s:66,c:1782377494*4F\!AIVDM,1,1,,B,155>d`801MScr06?`=V;GI722d<P,0*20
\s:66,c:1782377488*42\!AIVDM,1,1,,A,19NSo8h01KwPQV0JncF0hPPr0@@p,0*3D
\s:66,c:1782377490*4B\!AIVDM,1,1,,A,18KHd>00007M?hN0TcUtkJjt0@Ab,0*5F
\s:66,c:1782377489*43\!AIVDM,1,1,,A,13cVAi0000Q7>OBEnPEUe3dj0000,0*5F
\s:66,c:1782377493*48\!AIVDM,1,1,,B,18ID0200007JUIV0gH5cu4A2053<,0*65
\s:66,c:1782377493*48\!AIVDM,1,1,,A,28SK2rBP00Wappb61J9v4?w020S@,0*6D
\s:66,c:1782377493*48\!AIVDM,1,1,,A,15NFe?d000rdSVJGBNfWNi50053<,0*2F
\s:66,c:1782377492*49\!AIVDM,1,1,,A,H7lcqGQ@:1T4pN1HU@V1HTT0000,2*65
\s:66,c:1782377492*49\!AIVDM,1,1,,B,H7lcqGTO93?9:kTI41lhhm00000t,0*78
\s:66,c:1782377494*4F\!AIVDM,1,1,,,13ku:ph01IrKGk:>oTw;Iq500000,0*4A
\s:66,c:1782377492*49\!AIVDM,1,1,,B,H5OD@P1=@598000000000000000,2*09
\s:66,c:1782377490*4B\!AIVDM,1,1,,A,H5OD@P4TCBD9NTkG4@oloj00000t,0*5C
\s:66,c:1782377493*48\!AIVDM,1,1,,A,344bp@Qw@0aKsT`H`<;5lDA02000,0*3D
\s:66,c:1782377494*4F\!AIVDM,1,1,,A,17WK9Qh0009KcM<HbN5uNWC6053<,0*2E
\s:66,c:1782377487*4D\!AIVDM,1,1,,A,D04pkRiIPNfr<`N01HDv000,2*5E
\s:66,c:1782377490*4B\!AIVDM,1,1,,A,33eMi4S00212t3>DP3K5S4Mp0000,0*4B
\s:66,c:1782377492*49\!AIVDM,1,1,,B,33l3q3@01iP4f3hE8<:J>`<r0C1=,0*17
\s:66,c:1782377495*4E\!AIVDM,1,1,,B,404pkRivad`kSdVP73bMiqk02<0e,0*4F
\s:66,c:1782377484*4E\!AIVDM,1,1,,B,15NGc:0000rRjPrE3uRu2RJj053<,0*77
\s:66,c:1782377487*4D\!AIVDM,1,1,,A,16:MQr0P@88VJd@DW3I9PI6h0p?d,0*61
\s:66,c:1782377488*42\!AIVDM,1,1,,A,369C2VPP008VsDhBD1::Vwvj00;S,0*6E
\g:1-2-5198366,s:66,c:1782377489*07\!AIVDM,2,1,6,A,569C2V`000000000000<PDpN0L4pN1ADv3L0000l2@C561a80;BRCQp2,0*4E
\g:2-2-5198366*6B\!AIVDM,2,2,6,A,R@CQh0000000000,2*7A
\s:66,c:1782377487*4D\!AIVDM,1,1,,A,ENkb;1<Ih@@@@@@@@@@@@@@@@@@;iGcp9`mo`00003vP000,2*29
\s:66,c:1782377487*4D\!AIVDM,1,1,,B,H5T8;>10ThuB0pv340000000000,2*08
\s:66,c:1782377488*42\!AIVDM,1,1,,A,B8IS76P3ws?8mP=18D3Q3wp6SP06,0*0F
\s:66,c:1782377488*42\!AIVDM,1,1,,A,16=8cv000A7bg@05ldEC9E<l053<,0*1F
\s:66,c:1782377489*43\!AIVDM,1,1,,B,33f<sj50007aKI6;q<<TMJDP0Dg:,0*25
\s:66,c:1782377488*42\!AIVDM,1,1,,B,B3IOD8P0JH6Oo86:JENnFAuUoP06,0*5F
\s:66,c:1782377488*42\!AIVDM,1,1,,A,16;3`F001t`PMKNF;W6Sm30d2@=K,0*73
\s:66,c:1782377483*49\!AIVDM,1,1,,A,33n2pI000v0u:2fV>8RqW7ep0000,0*28
\s:66,c:1782377490*4B\!AIVDM,1,1,,B,139N9o0000Pe?a2N`Ki5b0`l08Ai,0*18
\s:66,c:1782377491*4A\!AIVDM,1,1,,A,19NSjO@22HP36I:MN0;Jg`Rl0U3<,0*29
\s:66,c:1782377492*49\!AIVDM,1,1,,B,1815LBh01j08B2jMCK9A`1E200SC,0*3C
\s:66,c:1782377487*4D\!AIVDM,1,1,,B,18wskF100035`4<6bJ`C;3:l0P00,0*69
\s:66,c:1782377487*4D\!AIVDM,1,1,,B,13cwB:020N0Vqj8IDjT<@b6l0D6G,0*00
\s:66,c:1782377479*4C\!AIVDM,1,1,,A,B3IJal00?8:RfU5V`Bb`OwaQl@;P,0*09
\s:66,c:1782377483*49\!AIVDM,1,1,,B,B3GQn@@0:h35sFUdOHK?KwcUh000,0*6D
\s:66,c:1782377488*42\!AIVDM,1,1,,B,13Er7v7P0kwM=?bKIV=dVwvp20S`,0*2C
\s:66,c:1782377489*43\!AIVDM,1,1,,A,38wskF100035`4<6bJ`CG3:p0rP@,0*3A
\s:66,c:1782377492*49\!AIVDM,1,1,,B,19NSD<h00n009=>3=cHbS`Ln0@Bb,0*72
\s:66,c:1782377492*49\!AIVDM,1,1,,A,19NSk:@004r>aDdA?d=0N6Fr053<,0*4A
\s:66,c:1782377486*4C\!AIVDM,1,1,,B,B3MCRSh007wpPK7A<0oQ3we1jDRr,0*42
\s:66,c:1782377491*4A\!AIVDM,1,1,,B,38I>A?10007KUaR0fBF=r4<t0Dg:,0*74
\s:66,c:1782377492*49\!AIVDM,1,1,,B,16:MQr00098VJclDW3HaFa4t0U34,0*58
\s:66,c:1782377490*4B\!AIVDM,1,1,,A,16K2Ju@0009iV4lD1m;te26t0HAL,0*7E
\s:66,c:1782377488*42\!AIVDM,1,1,,B,16K3O0P000aih4pD1e9=1inn0@@b,0*7F
\s:66,c:1782377487*4D\!AIVDM,1,1,,B,13HlaN0OhDwQpWTKF7U8n74l00RW,0*79
\g:1-2-5198367,s:66,c:1782377489*06\!AIVDM,2,1,7,B,53l3p8H2=JFP=7;CW@1=@5J10uLE80000000001I=pM>85T>NEm1p31U,0*69
\g:2-2-5198367*6A\!AIVDM,2,2,7,B,h00000000000000,2*78
\s:66,c:1782377489*43\!AIVDM,1,1,,A,19NSW4@02?ww5=TLcqf`16Dt08AE,0*12
\s:66,c:1782377492*49\!AIVDM,1,1,,A,15Sgl`001qPHTrHED`V3Djbr0L4a,0*3F
\g:1-2-5198368,s:66,c:1782377493*02\!AIVDM,2,1,8,B,5:U7Nv42@d5a1K?WG>0mDi@U0hT<UAV22222221J2I;=75dG0=l3lU3p,0*7C
\g:2-2-5198368*65\!AIVDM,2,2,8,B,54RECQSp8888880,2*08
\s:66,c:1782377487*4D\!AIVDM,1,1,,A,33LLph00001FoTjWoKtpjV?p0000,0*1C
\s:66,c:1782377489*43\!AIVDM,1,1,,B,142LUSp02v24WW4GM4pmmDTt053<,0*4E
\s:66,c:1782377493*48\!AIVDM,1,1,,A,16:>T;00178fqKTAHIV:g8Vv0<@c,0*00
\s:66,c:1782377487*4D\!AIVDM,1,1,,A,13LLph00001FoTlWoKu8jV>l0D1E,0*4C
\s:66,c:1782377485*4F\!AIVDM,1,1,,B,1815PF@wQn7=jA61csI<3q`f053<,0*3B
\s:66,c:1782377492*49\!AIVDM,1,1,,A,18SK5hh0017aGif;qjuKloPv08Bv,0*2A
\s:66,c:1782377493*48\!AIVDM,1,1,,B,13lF3t001twV;p@L0wAaEWM00@Co,0*3D
\s:66,c:1782377493*48\!AIVDM,1,1,,B,13MACm012F`95nP<dLdu5JPn053<,0*6C
\s:66,c:1782377494*4F\!AIVDM,1,1,,B,18M=dP00007@3fp4RU8nuEi60@D5,0*31
\s:66,c:1782377492*49\!AIVDM,1,1,,B,38;<B90P008aeD08G3uN4?vv20G3,0*70
\g:1-2-5198369,s:66,c:1782377493*03\!AIVDM,2,1,9,B,53l3p8H2=JFP=7;CW@1=@5J10uLE80000000001I=pM>8=T>NEm1p31U,0*6F
\g:2-2-5198369*64\!AIVDM,2,2,9,B,h00000000000000,2*76
\s:66,c:1782377490*4B\!AIVDM,1,1,,B,403sl7Qvad`kMWkJ<2<1Pq70053<,0*07
\s:66,c:1782377492*49\!AIVDM,1,1,,B,19N`2s001rOGN4PDo<`D;3G00PRd,0*39
\s:66,c:1782377487*4D\!AIVDM,1,1,,A,H7ljNP@<:peDl5L60l4p8DHu800,2*16
\s:66,c:1782377487*4D\!AIVDM,1,1,,A,H7ljNPDrCBD6b:0I2qmpn01h8330,0*74
\s:66,c:1782377489*43\!AIVDM,1,1,,B,17ljNP@P009QDFQvVj;N4?vr2L0C,0*2D
\s:66,c:1782377489*43\!AIVDM,1,1,,A,15B1K40009SQQo4@?gll3m2p28A2,0*52
\s:66,c:1782377489*43\!AIVDM,1,1,,A,15NfJ`?000J:ch4AI=IIep4r0000,0*06
\s:66,c:1782377489*43\!AIVDM,1,1,,A,13lqe<00271cmeTDkfac<q0r08AF,0*20
\s:66,c:1782377496*4D\!AIVDM,1,1,,A,H3GQHk1<U8Tv0UH000000000000,2*05
\s:66,c:1782377496*4D\!AIVDM,1,1,,B,H3GQHk4TCBD8vW3000000000014t,0*15
\s:66,c:1782377496*4D\!AIVDM,1,1,,B,16:FBUP01F8LUoN=uiiU1Sw8253<,0*66
\s:66,c:1782377497*4C\!AIVDM,1,1,,B,13m>Du10?wR70K@GCOF>44k80<4A,0*4B
\s:66,c:1782377496*4D\!AIVDM,1,1,,B,19NSW4@02<ww56tLcpV89nE80<9e,0*11
\s:66,c:1782377496*4D\!AIVDM,1,1,,B,15?Per0vAv2W@sGfhtm9S7c:0@EG,0*58
\s:66,c:1782377497*4C\!AIVDM,1,1,,A,3:U7Nv5000Lr;oIjqbG;5:U:0Dfb,0*46
\s:66,c:1782377483*49\!AIVDM,1,1,,A,15?JON001;1e28tDos?JKpDb0`=g,0*4C
\s:66,c:1782377487*4D\!AIVDM,1,1,,B,13SmFJ6P01Q24qRIsm=>4?vl28?o,0*19
\s:66,c:1782377485*4F\!AIVDM,1,1,,B,13mRMj?P4JPkUk4U7F6iTgvh2<1<,0*4A
\g:1-2-5198370,s:66,c:1782377487*0E\!AIVDM,2,1,0,A,53ku:J82<52l=4U?H00`thiV08iDD00000000017=166A5dn0?jE3PD0,0*5A
\g:2-2-5198370*6C\!AIVDM,2,2,0,A,000000000000000,2*24
\s:66,c:1782377486*4C\!AIVDM,1,1,,B,14V2Nl001no794NLAhJTFCLd08>2,0*70
\s:66,c:1782377489*43\!AIVDM,1,1,,A,13bQa<001KwHttfIdJ5Ps@fr0HA<,0*49
\s:66,c:1782377486*4C\!AIVDM,1,1,,B,B3uEuSP06`;1DiWhnvd>h;h5l000,0*7C
\s:66,c:1782377490*4B\!AIVDM,1,1,,A,13ku:J002V0kqJlEd7E1RA>r00SR,0*1E
\s:66,c:1782377490*4B\!AIVDM,1,1,,B,ENjbWFO6TaaTW3h@@@@@@@@@@@@@KUuK@TNvP00000N0100,2*23
\s:66,c:1782377486*4C\!AIVDM,1,1,,B,3614sAP0013Ro7P@?H:JkItj0P00,0*04
\s:66,c:1782377478*4D\!AIVDM,1,1,,B,H3`fLqQI8T`PDT@000000000000,2*73
\s:66,c:1782377482*48\!AIVDM,1,1,,B,H3`fLqTUC=D6MWV@5ooon00h4120,0*3F
\s:66,c:1782377486*4C\!AIVDM,1,1,,B,H3m6LK1=@EHpE80000000000000,2*7C
\s:66,c:1782377486*4C\!AIVDM,1,1,,A,H3m6LK4NC=D6=hp<7liim00P7220,0*0F
\s:66,c:1782377481*4B\!AIVDM,1,1,,,B3@nhI@008:p4OWqmPH`kwbUoP06,0*71
\s:66,c:1782377485*4F\!AIVDM,1,1,,,B3@nhI@008:p4OWqmPH`kwdUoP06,0*77
\s:66,c:1782377488*42\!AIVDM,1,1,,B,39NSM2@60k:EJeEai08<6rSp022P,0*4E
\s:66,c:1782377488*42\!AIVDM,1,1,,A,7@001U3e15k@,0*4C
\s:66,c:1782377483*49\!AIVDM,1,1,,A,34eGRC0000FcAdbO4=rv1c?p0000,0*2F
\s:66,c:1782377488*42\!AIVDM,1,1,,A,24SJI000iH7bBif5oV5e::Dj0<51,0*03
\s:66,c:1782377489*43\!AIVDM,1,1,,A,18I6:O001h0Go96HUqD<o:Dn053<,0*0A
\s:66,c:1782377490*4B\!AIVDM,1,1,,A,19NSpM@03EPBV>LER8cr482p00S@,0*5D
\s:66,c:1782377485*4F\!AIVDM,1,1,,A,33mRMj004I0kUk2U7F6QT1Ap0000,0*03
\s:66,c:1782377488*42\!AIVDM,1,1,,B,16:6wGP0168LJk@=wn=HJG0n0<Dh,0*4E
\s:66,c:1782377489*43\!AIVDM,1,1,,B,33MD2Dm000QdEdPEeEl`Jhrn0Dpr,0*62
\s:66,c:1782377489*43\!AIVDM,1,1,,B,B39oVaP00868ndWT5fSQ3wfQnE3J,0*2A
\s:66,c:1782377489*43\!AIVDM,1,1,,A,33mRMj004I0kV1DU7G31O1=p0000,0*2F
\s:66,c:1782377487*4D\!AIVDM,1,1,,B,19NSghh02t7@N>j1LhfU3T4j0D3b,0*76
\s:66,c:1782377490*4B\!AIVDM,1,1,,B,13RUR3001vQ1U4VDVFp<a:6t0<00,0*5C
\s:66,c:1782377491*4A\!AIVDM,1,1,,B,16SwrpgP11a=`>`D1>5u<wvt0<3n,0*42
\s:66,c:1782377492*49\!AIVDM,1,1,,A,18LfTD0PC9WKi6f0dC@Cnk0v2HBf,0*23
\s:66,c:1782377492*49\!AIVDM,1,1,,A,36:6wGPPA68LJih=wmuHJ6vv0000,0*31
\s:66,c:1782377487*4D\!AIVDM,1,1,,A,4050OlAvae8kK<tSF0l4Q@000l26,0*53
\s:66,c:1782377484*4E\!AIVDM,1,1,,B,B3IFu100=pGjSpUP7A0?AN<0t000,0*67
\s:66,c:1782377488*42\!AIVDM,1,1,,A,E>q7B8w529h9T:Th;RW00000000DGn?J8po;h10888ef00,4*47
\s:66,c:1782377489*43\!AIVDM,1,1,,A,19NSp?hwRTO@eS@BEg8pdntn0D0<,0*5C
\s:66,c:1782377489*43\!AIVDM,1,1,,B,D050OlA@4N?b<`N000,4*77
\g:1-2-5198371,s:66,c:1782377491*08\!AIVDM,2,1,1,B,53ku:J82<52l=4U?H00`thiV08iDD00000000017=166A5dn0?jE3PD0,0*58
\g:2-2-5198371*6D\!AIVDM,2,2,1,B,000000000000000,2*26
\s:66,c:1782377491*4A\!AIVDM,1,1,,B,13l3tu001:0AIeNMC9GP1P2r08B:,0*10
\g:1-2-5198372,s:66,c:1782377487*0C\!AIVDM,2,1,2,A,53ITub4269jTI4<v220JuJ0pB0@F0h60L58@F38N10@1540Ht0843lU8,0*45
\g:2-2-5198372*6E\!AIVDM,2,2,2,A,30H3SmEQC31H880,2*7D
\s:66,c:1782377487*4D\!AIVDM,1,1,,A,13mSG=0000Q50jHWKamN48Nl00Re,0*51
\s:66,c:1782377489*43\!AIVDM,1,1,,A,16qWSU@000Tl@J2>;=6r;72n0@AD,0*28
\s:66,c:1782377490*4B\!AIVDM,1,1,,B,402:rbQvad`kM014=VLB6H?02D26,0*0E
\s:66,c:1782377491*4A\!AIVDM,1,1,,A,16:8AG?P008UjDPEvHv2Jgvt0HBb,0*11
\s:66,c:1782377492*49\!AIVDM,1,1,,A,13ku;b@0255@WE08CNJ68lpt0@Bj,0*02
\s:66,c:1782377489*43\!AIVDM,1,1,,,B3@nhI@008:p4QWqmPL`kwfUoP06,0*6F
\s:66,c:1782377488*42\!AIVDM,1,1,,A,39NSpM@03A0BVWJER9>:2`3p0000,0*0C
\s:66,c:1782377489*43\!AIVDM,1,1,,A,B39kmeP0B`;f@<7ou5=K3wh5oP06,0*20
\s:66,c:1782377491*4A\!AIVDM,1,1,,A,369AbeP01S8g;EvAn?1TW3ht05sC,0*31
\s:66,c:1782377490*4B\!AIVDM,1,1,,B,13aDq7PP00PFI42Mvu900?vt2D7e,0*73
\s:66,c:1782377492*49\!AIVDM,1,1,,A,24SJI000QH7bBgt5oVWe:JDv00S7,0*45
\s:66,c:1782377493*48\!AIVDM,1,1,,A,19NSSt@01TVq6f`8=sv=i:vv0hCF,0*25
\s:66,c:1782377492*49\!AIVDM,1,1,,B,13aL=h0P00PFDf@MwD6N4?w02<5K,0*71
\s:66,c:1782377494*4F\!AIVDM,1,1,,B,36:Ma11P0087qC@<u4o47?w00E6b,0*53
\s:66,c:1782377494*4F\!AIVDM,1,1,,A,B7mRNhP009rJi5O8Gd9uCwhWGP06,0*45
\s:66,c:1782377491*4A\!AIVDM,1,1,,B,B;T2g=000>gq1kQjAMh>gwa6P000,0*64
\s:66,c:1782377494*4F\!AIVDM,1,1,,B,19NSRth02kr@M9h@r;4=1bG42P08,0*73
\s:66,c:1782377495*4E\!AIVDM,1,1,,A,139udkPP00PeVkRN`Kq@0?w6R0S<,0*2A
\s:66,c:1782377485*4F\!AIVDM,1,1,,B,13JI5jWP020vccLDkVIq>gvj08>c,0*25
\s:66,c:1782377487*4D\!AIVDM,1,1,,,13==Vj001v7t6M89OivhahTl0000,0*2E
\s:66,c:1782377486*4C\!AIVDM,1,1,,A,B3diHJ00@0@c4aU85iu1Kwe1h8?p,0*5C
\s:66,c:1782377488*42\!AIVDM,1,1,,A,35?07v10006SsKN<fhuj3:pp0E1J,0*56
\s:66,c:1782377485*4F\!AIVDM,1,1,,B,13l920;P01Psmv8Chi3f4?vj20SH,0*03
\s:66,c:1782377489*43\!AIVDM,1,1,,B,169`p1`0008ghBhACi6T68vn1`<q,0*74
\s:66,c:1782377487*4D\!AIVDM,1,1,,B,39?kKF1P00SO16B@vdH>4?vn0DjJ,0*2D
\s:66,c:1782377481*4B\!AIVDM,1,1,,B,B3`je:00085SsA7Uas;Q3wbUoP06,0*0D
\s:66,c:1782377487*4D\!AIVDM,1,1,,B,13ku<7h02s39Q8Mo@qHAnARn0@?f,0*68
\g:1-2-5198373,s:66,c:1782377487*0D\!AIVDM,2,1,3,B,56:jIIp000000000000iD`TpTpLQDwCWS<0000161@m66UdD08jR@CQn,0*4C
\g:2-2-5198373*6F\!AIVDM,2,2,3,B,BCP000000000008,2*4D
\s:66,c:1782377482*48\!AIVDM,1,1,,B,13a@eP00000G3UjNBUOLGIpb053<,0*04
\s:66,c:1782377487*4D\!AIVDM,1,1,,A,38IV<65wP07KVdT0flOPLU>p0Dtb,0*10
\s:66,c:1782377489*43\!AIVDM,1,1,,A,159:qCPP00I2N24;weO>4?vr053<,0*7D
\s:66,c:1782377485*4F\!AIVDM,1,1,,B,H52kwKlU7B=40000000000000000,0*78
\s:66,c:1782377488*42\!AIVDM,1,1,,A,171B9`00013mN8l><WUtt2`r0@@d,0*3B
\s:66,c:1782377488*42\!AIVDM,1,1,,A,28SJQ@S00m7b>A05nu=VsF8p053<,0*32
\s:66,c:1782377489*43\!AIVDM,1,1,,A,13eDb>0021P8EuTE7T@:@p>j00Rk,0*57
\s:66,c:1782377483*49\!AIVDM,1,1,,B,33Ioah3P@004miJLbSDU7And01H@,0*4A
\s:66,c:1782377489*43\!AIVDM,1,1,,B,15?df;001R`l1URCdw6kgjnr00RH,0*78
\s:66,c:1782377490*4B\!AIVDM,1,1,,A,17mRI4QP?w<tSF0l4Q@>4?wp1W3h,0*00
\s:66,c:1782377488*42\!AIVDM,1,1,,A,139f0<P00uPVlrrNMkWf0;<p2<0g,0*7F
\s:66,c:1782377491*4A\!AIVDM,1,1,,A,13ku:Rh01F7J0IF0ft>GWn4v0@B;,0*16
\s:66,c:1782377491*4A\!AIVDM,1,1,,A,Evja5EA1000?cJP000000000000LedQh5ED9000003f010,4*41
\s:66,c:1782377492*49\!AIVDM,1,1,,B,340a7g5P000IcshHdvBDNwvv0Deb,0*51
\s:66,c:1782377484*4E\!AIVDM,1,1,,A,15`I@<001`rLevT>mwOsFa4f0H=s,0*04
\s:66,c:1782377489*43\!AIVDM,1,1,,B,13@p?AK0000qcBvOp;al9kJt0<1p,0*2C
\s:66,c:1782377493*48\!AIVDM,1,1,,A,B8Hvj400R1nW<:0;clrC?whUkP06,0*1D
\s:66,c:1782377490*4B\!AIVDM,1,1,,B,15O<6j0000G@<QvEWs90082r0<2I,0*45
\s:66,c:1782377491*4A\!AIVDM,1,1,,B,1>eq`d@P007JtE`0gMjf4?vt2@B=,0*14
\s:66,c:1782377491*4A\!AIVDM,1,1,,B,4>eq`d@000Htt<tSF0l4Q@100hAV,0*6D
\s:66,c:1782377488*42\!AIVDM,1,1,,A,33m>kg80000IrNTScis0001p0000,0*3B
\s:66,c:1782377491*4A\!AIVDM,1,1,,B,13aD@7hP00PFE`vMvnLf4?vv253<,0*74
\s:66,c:1782377492*49\!AIVDM,1,1,,A,13ku<7h02s39Q>wo@r61n1S00<00,0*50
\s:66,c:1782377490*4B\!AIVDM,1,1,,A,35O<6j0000G@<R0EWs8h083p0000,0*2C
\s:66,c:1782377490*4B\!AIVDM,1,1,,A,13aLlsPP000JbMBMbnM`p?vt0@AU,0*44
\s:66,c:1782377486*4C\!AIVDM,1,1,,B,B5RW8B0006aULQQNmsoQ3weQj?bb,0*18
\s:66,c:1782377487*4D\!AIVDM,1,1,,A,35Mj3WP000JRlutE51?8NRWp0000,0*0B
\s:66,c:1782377491*4A\!AIVDM,1,1,,A,16BNkc001m7?F0h1SRKcLa>r08Eq,0*2A
\s:66,c:1782377487*4D\!AIVDM,1,1,,B,13aC2fP0000F;`>MSGhtg61pP53<,0*1D
\s:66,c:1782377493*48\!AIVDM,1,1,,A,13MBb63006Ol;4`JvF<=m0E>0d4;,0*30
\s:66,c:1782377493*48\!AIVDM,1,1,,B,33a3SfPP0?PE=<`N1F@7AOw2R31Q,0*3D
\s:66,c:1782377489*43\!AIVDM,1,1,,B,17ljfBkP018GVC9w9Jm:O?vt2@A@,0*3A
\s:66,c:1782377492*49\!AIVDM,1,1,,B,37fu=QEP0072a`F4WP6;EOvv0Der,0*5E
\g:1-2-5198374,s:66,c:1782377495*09\!AIVDM,2,1,4,B,59NSPC@2?fElCE8S>20@Di@605@h4q@T<622221@LhdQA5dWNGm4Pjn`,0*6D
\g:2-2-5198374*68\!AIVDM,2,2,4,B,888888888888880,2*23
\s:66,c:1782377495*4E\!AIVDM,1,1,,B,18I<iR002BWG2SP0qBa4jSs400Rp,0*39
\s:66,c:1782377488*42\!AIVDM,1,1,,A,33aDq80P000EperMw1K00?vlR0fi,0*30
\s:66,c:1782377493*48\!AIVDM,1,1,,B,18Kkbj002h0fD>fQ6N1JA`<v0@CH,0*56
\s:66,c:1782377493*48\!AIVDM,1,1,,B,148cd`3001QPdvtOonQEoDk2253<,0*3A
\s:66,c:1782377493*48\!AIVDM,1,1,,,13==Vj001v7t6O69OjiPa0U00000,0*03
\s:66,c:1782377493*48\!AIVDM,1,1,,A,28SJQ@S00n7b>A25ntnVsV;40@CN,0*41
\s:66,c:1782377487*4D\!AIVDM,1,1,,A,139enS0P000EfQrMwNC;WgvpR53<,0*47
\s:66,c:1782377494*4F\!AIVDM,1,1,,A,13JI5jWP020vccFDkVI9=?w400SP,0*36
\s:66,c:1782377492*49\!AIVDM,1,1,,B,17loct4P007LjGV0a=Q>4?vd2U3<,0*21
\s:66,c:1782377490*4B\!AIVDM,1,1,,,B5NvE;P0?UJ1@HuaIl35VI?4d000,0*58
\s:66,c:1782377494*4F\!AIVDM,1,1,,A,13FNcl0000wW6SvDc61f4?w42D3W,0*0C
\s:66,c:1782377495*4E\!AIVDM,1,1,,A,13m9h90P0111kvpVSV=UDOvt0@Cl,0*40
\s:66,c:1782377495*4E\!AIVDM,1,1,,B,403t7eivad`kS8QlP<Ehfo200HDg,0*62
\s:66,c:1782377481*4B\!AIVDM,1,1,,A,16;VJr001b8iQN@C9oBP206V053<,0*46
\s:66,c:1782377482*48\!AIVDM,1,1,,A,13`mha@P00PDO8nMdLDv4?vb2D9?,0*05
\s:66,c:1782377488*42\!AIVDM,1,1,,B,83aEQ;0j2d<tMd<d<hO@I3WE3800,0*6D
\s:66,c:1782377487*4D\!AIVDM,1,1,,B,14an8T0P007J1Md0i=3v4?vP2d3w,0*58
\s:66,c:1782377486*4C\!AIVDM,1,1,,B,B3csJnP0?0;0LJ5p0ViOWwe1h000,0*2B
\s:66,c:1782377485*4F\!AIVDM,1,1,,B,13EmuE<P0IP87<FGMVr95?vh253<,0*04
\s:66,c:1782377488*42\!AIVDM,1,1,,A,169L1ghP008fwjlADJVN4?vr2PSC,0*3F
\s:66,c:1782377483*49\!AIVDM,1,1,,B,13s=FAgP01wH;9RGT8D@0?vd20R4,0*61
\s:66,c:1782377483*49\!AIVDM,1,1,,,B7`OVAP00;:wfFMN6c?Q3wcUl000,0*3A
\s:66,c:1782377489*43\!AIVDM,1,1,,B,B6:4So00IR;pwt4Dq1abowv41P06,0*3E
\s:66,c:1782377489*43\!AIVDM,1,1,,A,13UO360P0AQVTEjEwm1Vjgvp0000,0*65
\s:66,c:1782377490*4B\!AIVDM,1,1,,A,13oN0l003fPe3MVPvVhDK3Tr0HAd,0*4E
\s:66,c:1782377490*4B\!AIVDM,1,1,,B,18ViE20P?w<tSF0l4Q@>4?wv0hB1,0*77
\s:66,c:1782377488*42\!AIVDM,1,1,,,14eIOeE000st78lMC:>JNjln0000,0*13
\s:66,c:1782377484*4E\!AIVDM,1,1,,B,13mS`j0000PKGhPQL5PMt5bf00RT,0*01
\s:66,c:1782377490*4B\!AIVDM,1,1,,A,17mRMI00007LC<f0bhEf48vt00T8,0*02
\s:66,c:1782377486*4C\!AIVDM,1,1,,B,13aw>4000W0DnNtN1A1:j`Tj0H?c,0*59
\s:66,c:1782377488*42\!AIVDM,1,1,,B,18uAou5P?w2=v;1fr<S>4?vn053<,0*00
\s:66,c:1782377488*42\!AIVDM,1,1,,B,38I>TH50@0W=kGh7Qlp2kF<b2P01,0*46
\s:66,c:1782377488*42\!AIVDM,1,1,,B,18;R0i0P008a`fN8F``I4Ovr28@l,0*03
\s:66,c:1782377488*42\!AIVDM,1,1,,,13ku;00tQv8oaV>@=3l`GFVn8000,0*3E
\s:66,c:1782377489*43\!AIVDM,1,1,,A,138n?p002=s6@;H:BmB:A8Dr0@AB,0*15
\s:66,c:1782377490*4B\!AIVDM,1,1,,B,17luiU=P01`HomMwUDb5eOvrR@AJ,0*0B
\s:66,c:1782377491*4A\!AIVDM,1,1,,B,15O55mPP00I<rwT@wsCUR?vt2<5f,0*47
\s:66,c:1782377491*4A\!AIVDM,1,1,,B,3696e4U0008VD9RDW67@H1>00000,0*7F
\s:66,c:1782377489*43\!AIVDM,1,1,,A,35NfEFP000J53pD?qIG0001p0000,0*22
\s:66,c:1782377484*4E\!AIVDM,1,1,,,13IlB85000`;:4<<rJ9lcRhf0000,0*38
\s:66,c:1782377488*42\!AIVDM,1,1,,A,13aDp7@P03PKL2DNKcHv4?vpRL0s,0*7C
\s:66,c:1782377491*4A\!AIVDM,1,1,,B,13P;WMOP?w<tSF0l4Q@>4?wp0l8K,0*38
\s:66,c:1782377490*4B\!AIVDM,1,1,,B,402OrHivad`kNQGiUDH0QfW0053<,0*75
\s:66,c:1782377490*4B\!AIVDM,1,1,,A,C6:4So00IR;q0A4Dpfqbowv082O0DC1SSR0000000000e2l932PP,0*78
\s:66,c:1782377491*4A\!AIVDM,1,1,,B,16:K6:UP00`V;sdDVHWh09`t00SI,0*22
\s:66,c:1782377489*43\!AIVDM,1,1,,A,19NS;nPtic7?28V1Va9LVarV053<,0*76
\g:1-2-5198375,s:66,c:1782377491*0C\!AIVDM,2,1,5,A,56:K6:T000000000000IF0P4V3WT00000000000n4h;445d1N74BCQi0,0*1A
\g:2-2-5198375*69\!AIVDM,2,2,5,A,Ch0000000000008,2*02
\s:66,c:1782377491*4A\!AIVDM,1,1,,B,398wo<i0002D24vB5uaQ29<r0DfJ,0*43
\s:66,c:1782377334*42\!AIVDM,1,1,,B,36:85T5P?w8N?LtFBKJ>4?wf0E;J,0*3A
\s:66,c:1782377486*4C\!AIVDM,1,1,,A,33JD6n7Oh?Ou0B`LOv;:iJ4l00s1,0*3A
\s:66,c:1782377494*4F\!AIVDM,1,1,,A,13l90@@P15Q2OA:DRh;Iqww220RL,0*11
\s:66,c:1782377488*42\!AIVDM,1,1,,B,B5O1O8P00NQKaiSv9MwQ3wf1l000,0*6F
\s:66,c:1782377490*4B\!AIVDM,1,1,,A,35?daQ@uAGJS0jHE;@;cB`op0000,0*28
\s:66,c:1782377488*42\!AIVDM,1,1,,,13IlB85000`;:4<<rJ9m6jhn0000,0*5C
\s:66,c:1782377490*4B\!AIVDM,1,1,,B,18HwRv:000WKj6r0gVr:0ltp2M:r,0*29
\s:66,c:1782377487*4D\!AIVDM,1,1,,B,B3l96lP0F0>f1EUMcLllKwe1l000,0*62
\s:66,c:1782377493*48\!AIVDM,1,1,,B,15Mo93<P00I<rJ0@wre>4?w20HCb,0*11
\s:66,c:1782377495*4E\!AIVDM,1,1,,B,138n?p002=s6@50:Bm;rAHE400SK,0*0D
\s:66,c:1782377487*4D\!AIVDM,1,1,,A,13VME2000:GLJ1LBN4dT6hVn0<0R,0*7E
\s:66,c:1782377494*4F\!AIVDM,1,1,,B,13KutB0uieP3;hdMN20rtHg288D7,0*5B
\s:66,c:1782377493*48\!AIVDM,1,1,,A,13mS`j0000PKGhRQL5Pet5c0053<,0*73
\s:66,c:1782377494*4F\!AIVDM,1,1,,A,13oN0l003fPe3cdPvVElKCU2053<,0*31
\s:66,c:1782377495*4E\!AIVDM,1,1,,B,19NSSl001cNfNqP95VFW7UU60@DW,0*33
\s:66,c:1782377494*4F\!AIVDM,1,1,,,13IlB85000`;:4<<rJ9lh2i20000,0*06
\s:66,c:1782377496*4D\!AIVDM,1,1,,B,E>m>=9jb3o@82W3RV4T@I9000003f?K30I6G020@@@gf@0,4*0A
\s:66,c:1782377496*4D\!AIVDM,1,1,,A,35?daQ@PAHJS0ddE;@Gs@`m7p11i,0*12
\s:66,c:1782377493*48\!AIVDM,1,1,,A,35Tp=L3Oh63Op:@@CLw6v@U02000,0*7E
\s:66,c:1782377492*49\!AIVDM,1,1,,A,13s=FAgP00wH;9FGT8E@0?vv2<0p,0*4E
\s:66,c:1782377493*48\!AIVDM,1,1,,A,1p15Dh@01p8Vin07?aQ=?bVv0000,0*5F
\s:66,c:1782377486*4C\!AIVDM,1,1,,A,B5OBTC000>`CQK51BBh000N00000,0*5E
\s:66,c:1782377483*49\!AIVDM,1,1,,A,35O0Ia0000JB0RdBk<AnJ1mp0000,0*25
\s:66,c:1782377487*4D\!AIVDM,1,1,,A,ENmWTIIQQ2I@@@@@@@@@@@@@@@@ClGMj5uflp00@0;v0000,2*72
\s:66,c:1782377487*4D\!AIVDM,1,1,,B,16:>qiPuA38WKQpBE<rJKp2f08>5,0*03
\s:66,c:1782377488*42\!AIVDM,1,1,,B,16SfEkPP01a=QW8D4cwR0wvl2<wW,0*1F
\s:66,c:1782377487*4D\!AIVDM,1,1,,B,15NBdBP000JQO<tFM8T7UjDp00S4,0*4B
\s:66,c:1782377489*43\!AIVDM,1,1,,A,13l94nU01:12JwhDRiJBHQdn00S>,0*1A
\s:66,c:1782377488*42\!AIVDM,1,1,,B,15?dgr001jTwhwd<vDt9W7Rl0D3j,0*5C
\s:66,c:1782377486*4C\!AIVDM,1,1,,A,13aGss0P00PGCW`NOgOf4?vl2L18,0*28
\s:66,c:1782377488*42\!AIVDM,1,1,,B,B8SjW>009irMbCQPDJQp3wv6kP06,0*56
\s:66,c:1782377485*4F\!AIVDM,1,1,,A,13MBDQgP00wWNfpDc?IN4?vh2000,0*79
\s:66,c:1782377487*4D\!AIVDM,1,1,,A,13K45:0viG13hIHDJw>QO1<n08@O,0*6A
\s:66,c:1782377490*4B\!AIVDM,1,1,,B,4h2UN0Avad`kMQtJGFGB0>OP2<1u,0*24
\s:66,c:1782377487*4D\!AIVDM,1,1,,B,13`gLP0P0mPFw9TMrhwG2?vn28@<,0*09
\s:66,c:1782377490*4B\!AIVDM,1,1,,B,16SjpqPP0?a=COBD4Se@1wvr28Bt,0*7F
\s:66,c:1782377484*4E\!AIVDM,1,1,,A,19N`1T001gO`3SDD`V6J3H8d0000,0*11
\s:66,c:1782377488*42\!AIVDM,1,1,,A,35O0Ia0000JB0RdBk<AmPQmp0000,0*5C
\s:66,c:1782377490*4B\!AIVDM,1,1,,A,377n`MiP@>`:i3P<hLF7Qmlr01vh,0*15
\s:66,c:1782377487*4D\!AIVDM,1,1,,A,E>l5AtN=9<hHqHsL@;a2QUh@@@@4Hi458pBq@00003v010,4*7A
\s:66,c:1782377487*4D\!AIVDM,1,1,,B,13c2?80wh00Js=hE4Gj=1Ppp08@G,0*3D
\s:66,c:1782377484*4E\!AIVDM,1,1,,B,17tKmDP0007?m;V1VU36ophh08>G,0*04
\s:66,c:1782377487*4D\!AIVDM,1,1,,B,33MB>rPPAGOQbNvKGnO7wFPl00Kh,0*10
\s:66,c:1782377488*42\!AIVDM,1,1,,A,198o7lP01lvff<h89V<ugK6p0<2v,0*01
\s:66,c:1782377489*43\!AIVDM,1,1,,B,16K72@02Pl8l0AVAJ7EqIGb:053<,0*35
\s:66,c:1782377490*4B\!AIVDM,1,1,,B,406cnsQuJl`kMswj75crRoA02<1Q,0*72
\s:66,c:1782377487*4D\!AIVDM,1,1,,B,177<mT001G8iIefAkVebW`bn053<,0*36
\s:66,c:1782377488*42\!AIVDM,1,1,,A,35RMvF10003O>mp@scq@QaJl0Drb,0*42
\s:66,c:1782377488*42\!AIVDM,1,1,,A,B3l95?0000JpWdUVSnvWPiN00000,0*59
\s:66,c:1782377487*4D\!AIVDM,1,1,,B,13aQdIPP08P?U<DMQ2V4n?vj253<,0*79
\s:66,c:1782377487*4D\!AIVDM,1,1,,B,13IWG;3P03PH=IvHgMchh?vp00S1,0*65
\s:66,c:1782377484*4E\!AIVDM,1,1,,A,15N4cJP000Je;DtGAD1009jd0H>B,0*75
\s:66,c:1782377491*4A\!AIVDM,1,1,,B,4030p<ivad`kNsM=jTIMrEW008B8,0*2A
\s:66,c:1782377489*43\!AIVDM,1,1,,A,17m:67PP007KjFp0`gcf4?vp2<5s,0*21
\s:66,c:1782377490*4B\!AIVDM,1,1,,A,B39vwdP05H=adVWk>hIlAMN00000,0*45
\s:66,c:1782377488*42\!AIVDM,1,1,,A,33K45:0wQF13hIFDJw>AO1=p0000,0*56
\s:66,c:1782377490*4B\!AIVDM,1,1,,A,B5OBTC000>`CQK51BBh000N00000,0*5E
\s:66,c:1782377491*4A\!AIVDM,1,1,,A,B6=ccMh0<qK2qfQ0>`T`cwbW3P00,0*10
\s:66,c:1782377493*48\!AIVDM,1,1,,B,13;`:V0P00Rvb`0H7tKVr?w228CE,0*74
\s:66,c:1782377491*4A\!AIVDM,1,1,,B,16:8Ia0P1c8VWGPDa6t78EhV3HAh,0*55
\s:66,c:1782377494*4F\!AIVDM,1,1,,B,16:CUdP013`fdjhAQMR5P4902D>m,0*1A
\s:66,c:1782377493*48\!AIVDM,1,1,,A,169JQj300<0n;`cu@v=Frh=200Re,0*1A
\s:66,c:1782377488*42\!AIVDM,1,1,,B,1779:100202lE0CfQrLBej<h053<,0*56
\s:66,c:1782377492*49\!AIVDM,1,1,,A,17lcdrp0008Ffm7wB1tkPjtr0?LI,0*16
\s:66,c:1782377492*49\!AIVDM,1,1,,B,13urKF002NP?4oPMdUEoNn2t0pC8,0*3E
\s:66,c:1782377488*42\!AIVDM,1,1,,B,13`k>j?000QhoK4R1PP;Jkln08@J,0*27
\s:66,c:1782377489*43\!AIVDM,1,1,,A,19N`1T001gO`3MFD`Uvb3`8n0D3U,0*56
\s:66,c:1782377490*4B\!AIVDM,1,1,,A,137e4B0000OW7>8Dc:I4fQbp0@AS,0*0E
\s:66,c:1782377494*4F\!AIVDM,1,1,,A,16SfEkPP00a=QW:D4cwj0ww020S5,0*30
\s:66,c:1782377494*4F\!AIVDM,1,1,,A,B8SjW>009qrMb;QPDFMq;wv6oP06,0*28
\s:66,c:1782377494*4F\!AIVDM,1,1,,A,B52iai@00=pLNw4o3b7Q3whQnE5b,0*17
\s:66,c:1782377496*4D\!AIVDM,1,1,,B,33mnW`50000FJnHMv`uDw5A40EMr,0*19
\s:66,c:1782377495*4E\!AIVDM,1,1,,B,15?dSd00047aCSqtaD8BIjG400Re,0*32
\s:66,c:1782377496*4D\!AIVDM,1,1,,A,37tKmDP0007?m;R1VU3Vopi604g3,0*1F
\s:66,c:1782377497*4C\!AIVDM,1,1,,A,35BsUf0tP77JFpH0bVSul7a80391,0*29
\s:66,c:1782377495*4E\!AIVDM,1,1,,B,19NSsmP0008TPJVFp4LbHrS20D3S,0*0D
\s:66,c:1782377495*4E\!AIVDM,1,1,,A,36;:4JP01E`iIv`A2c<6q5>n22oQ,0*2E
\s:66,c:1782377492*49\!AIVDM,1,1,,B,13aL=E0P00PFPIHMtT:h0?w020Sc,0*10
\s:66,c:1782377490*4B\!AIVDM,1,1,0,A,15N;QiP0@0nHie4QFV66o?vp1500,0*42
\s:66,c:1782377491*4A\!AIVDM,1,1,,A,B3GQOF@0?OpmqbU>pTa6`pv00000,0*08
\s:66,c:1782377494*4F\!AIVDM,1,1,,A,B5OBTC000>`CQK51BBl000N00000,0*5A
\s:66,c:1782377495*4E\!AIVDM,1,1,,A,17lcmakP00WLi>r0Jh6qCgw42HDb,0*48
\s:66,c:1782377495*4E\!AIVDM,1,1,0,A,13mm8e00001cL<T`>0a61Cm20PRd,0*7D
\s:66,c:1782377481*4B\!AIVDM,1,1,,B,16:>fmS0048KKMVF@7AEPIfV0<9p,0*30
\s:66,c:1782377481*4B\!AIVDM,1,1,,A,13m;IfPP2cQ4ll6WJe@tQOv`20Rs,0*38
\s:66,c:1782377485*4F\!AIVDM,1,1,,B,13MD6pP0000=f::MMtkUNo0f0L3O,0*5E
\s:66,c:1782377469*4D\!AIVDM,1,1,,B,15AjuB001t`ThST<O;775mn<00T3,0*06
\s:66,c:1782377485*4F\!AIVDM,1,1,,A,17Ok<gP003bkopid`bBf47Rh2000,0*3A
\s:66,c:1782377488*42\!AIVDM,1,1,,B,16K8<N0000NqIb:@6aqs78Ln00SJ,0*2C
\s:66,c:1782377489*43\!AIVDM,1,1,,B,15SlAj0wie:k?TusCT:lnSvt0@A9,0*34
\s:66,c:1782377483*49\!AIVDM,1,1,,B,19NSu<P00IOa;7hDf@qeB:hf08>0,0*2C
\s:66,c:1782377489*43\!AIVDM,1,1,,B,B4qiArP0<@1Te:5SNndLswf7p000,0*25
\s:66,c:1782377489*43\!AIVDM,1,1,,A,34Ui9L001`Ocr0vMHpq3oS9p0000,0*63
\s:66,c:1782377488*42\!AIVDM,1,1,,A,E>m><BB`2W3UPV0W@82W3T:V:P03dn<c0GSj@20@@@ef@0,4*21
\s:66,c:1782377490*4B\!AIVDM,1,1,,A,808ec:P0G@:?>G1?6600,0*3F
\s:66,c:1782377486*4C\!AIVDM,1,1,,A,13g`89P0000G10>S?siMd3Hl0D0u,0*73
\s:66,c:1782377485*4F\!AIVDM,1,1,,A,H5O=7I4T0000000G4>joni08>340,0*49
\s:66,c:1782377482*48\!AIVDM,1,1,,A,33Iold0P1gwfs`4KAePqvofd0000,0*5D
\s:66,c:1782377487*4D\!AIVDM,1,1,,B,14hmi00000P<4lpF`oqqtr4n0@?g,0*05
\s:66,c:1782377490*4B\!AIVDM,1,1,,B,13EnQMPP00Nml3N@CRtv4?vrPhAO,0*48
\s:66,c:1782377487*4D\!AIVDM,1,1,,A,13cVbH0P0WQ2mSRG?wa<mOvj0000,0*5F
\g:1-2-5198376,s:66,c:1782377487*08\!AIVDM,2,1,6,B,54aio842B0HmK<u7N208584d63G222222222221J1pt4=6Ti0<Rj0ARR,0*7A
\g:2-2-5198376*6A\!AIVDM,2,2,6,B,H3jC81RAC188880,2*1B
\s:66,c:1782377492*49\!AIVDM,1,1,,A,16:<s6001I`ja5JDQQb6@4u0253<,0*27
\s:66,c:1782377487*4D\!AIVDM,1,1,,B,18Hwad00007JI4l0etEW0HRd0@?t,0*3C
\s:66,c:1782377489*43\!AIVDM,1,1,,B,1815>kS0003QKVD@>MJSqldt0<@a,0*2F
\s:66,c:1782377490*4B\!AIVDM,1,1,,A,18Ulf8001vr5OVL=pv93RRjv00S0,0*53
\s:66,c:1782377491*4A\!AIVDM,1,1,,A,29N`2wU0007aoCp613Ri60pt08B4,0*5A
\s:66,c:1782377491*4A\!AIVDM,1,1,,B,ENjB8;@QRbb0h87a:@1WW:97V00OkmNR:A>`h00003P>3P,4*7B
\s:66,c:1782377489*43\!AIVDM,1,1,,A,33cR>05P00PCSPBMH?hN4?vr2Djr,0*53
\s:66,c:1782377491*4A\!AIVDM,1,1,,A,36:8QJPOh18fP@PA2?t;1Jtt00sh,0*01
\s:66,c:1782377490*4B\!AIVDM,1,1,,B,13JI3k0P0LQ1UBLDVelA6gvt2<1:,0*57
\s:66,c:1782377486*4C\!AIVDM,1,1,,B,16:MDS001P8R6<@Epr>T?3Fl053<,0*02
\s:66,c:1782377490*4B\!AIVDM,1,1,,A,1815Reh02V7VsNr2TRM8OFjp08AS,0*46
\s:66,c:1782377487*4D\!AIVDM,1,1,,A,14`Wbd3000M8lkIkkv2<<;>p0000,0*1B
\s:66,c:1782377490*4B\!AIVDM,1,1,,B,13Ikfv300:00V3@LCA03pBvp0<3B,0*3D
\s:66,c:1782377419*4A\!AIVDM,1,1,,A,35?dW`A0002P@GtBkgT;6H>V0DCr,0*5E
\s:66,c:1782377492*49\!AIVDM,1,1,,A,B3IKh5P005BhVMMV=cd000N00000,0*33
\s:66,c:1782377488*42\!AIVDM,1,1,,A,33l3tiP01K1eKpVF@9QcmaOp0000,0*79
\s:66,c:1782377493*48\!AIVDM,1,1,,B,402:o9Qvad`kP0:lVDM=McO00000,0*53
\g:1-2-5198377,s:66,c:1782377487*09\!AIVDM,2,1,7,A,53EnQMT000000000001<4r184H4Dj0T0000000000002200000000000,0*37
\g:2-2-5198377*6B\!AIVDM,2,2,7,A,000000000000000,2*23
\s:66,c:1782377494*4F\!AIVDM,1,1,,B,13a3BRP00OPBF`4MLOjFPU?20HCq,0*5A
\s:66,c:1782377491*4A\!AIVDM,1,1,,A,16:>fmS0068KKMjF@7=Ej9dr08B3,0*21
\s:66,c:1782377488*42\!AIVDM,1,1,,A,33`dUuh0010Jit6NHSuuQ:mp0000,0*29
\s:66,c:1782377491*4A\!AIVDM,1,1,,A,34hHiR02@8QBooTWk0r5T4Pt02hA,0*23
\s:66,c:1782377488*42\!AIVDM,1,1,,A,13L?TLP0001SG3FRKBO05Sd00000,0*69
\s:66,c:1782377493*48\!AIVDM,1,1,,B,13iAqlk0007JUN00gLdk;9u00@CL,0*33
\s:66,c:1782377488*42\!AIVDM,1,1,,A,13`dUuwP02PJit6NHSuuQgvp2<3A,0*0D
\s:66,c:1782377490*4B\!AIVDM,1,1,,B,14`UwAh1@4oTS=tBtJS21mNn00S>,0*23
\s:66,c:1782377492*49\!AIVDM,1,1,,B,B6:55R00:J21u<3@:P>R21v021Mk,0*16
\s:66,c:1782377490*4B\!AIVDM,1,1,,A,14:A:T0P00QW8OpISc5N4?vt2@B2,0*5E
\s:66,c:1782377495*4E\!AIVDM,1,1,,B,160q3`000C2fKoJ=Do>6SFe400RU,0*24
\s:66,c:1782377492*49\!AIVDM,1,1,,B,14aio8101<3P=SF@CR=:VHW208C>,0*60
\s:66,c:1782377491*4A\!AIVDM,1,1,,B,403D6IAvad`kNKWv?F8PTc?00<0A,0*60
\s:66,c:1782377492*49\!AIVDM,1,1,,B,16:E3wPOh38T2h6Eo64iFqe008BS,0*67
\s:66,c:1782377496*4D\!AIVDM,1,1,,A,B3IKh5P005BhVMMV=ch000N00000,0*3F
\s:66,c:1782377496*4D\!AIVDM,1,1,,B,18I1MD001W8ikT`AkKubQ`W40<5M,0*65
\s:66,c:1782377493*48\!AIVDM,1,1,,A,13Oi>V001A0Iu;LQonluNrg000S0,0*20
\s:66,c:1782377496*4D\!AIVDM,1,1,,B,17Ok<gP00:bkoq1d`bA8TGE42000,0*6F
\s:66,c:1782377497*4C\!AIVDM,1,1,,A,36:8QJPOh08fP@PA2?t;1Ju8021@,0*25
\g:1-2-5198378,s:66,c:1782377496*06\!AIVDM,2,1,8,B,58Hwad02C:pkUK;7CV1=A84UA>0M84<TuE>2221@:0A?25dBW?U<dM88,0*0C
\g:2-2-5198378*64\!AIVDM,2,2,8,B,888888888888880,2*2F
\s:66,c:1782377491*4A\!AIVDM,1,1,,A,37ljfPUP009Hk<MwOm=WKOw00000,0*00
\s:66,c:1782377496*4D\!AIVDM,1,1,,B,38154qA0000cfaf2>uJ4b7M40Fmr,0*6E
\s:66,c:1782377486*4C\!AIVDM,1,1,,A,13cmjg0P3GPfntfHtMJ5Agvd0000,0*43
\s:66,c:1782377481*4B\!AIVDM,1,1,,A,33mgVJ00000i<kLRA9Q8r7Up0000,0*51
\s:66,c:1782377485*4F\!AIVDM,1,1,,B,37Ok<`0P@Gbl8pQdWnoPK@bd20uP,0*61
\s:66,c:1782377484*4E\!AIVDM,1,1,,B,13HOHpP0000:kwLM=<F7Rblh00SF,0*3E
\s:66,c:1782377484*4E\!AIVDM,1,1,,B,B5OF9eP0B6cqsH5o78lgcwd1h000,0*7D
\g:1-2-5198379,s:66,c:1782377487*07\!AIVDM,2,1,9,B,58I5ac42AnwCUKOGK605H5@5:0<uE84LF222221J1Hi:6tdm0<0PE0CH,0*2D
\g:2-2-5198379*65\!AIVDM,2,2,9,B,2CQ3kQDj@H88880,2*21
\s:66,c:1782377485*4F\!AIVDM,1,1,,A,15Mvl;PP00oWkbdBe0k3Rgvf0000,0*71
\s:66,c:1782377488*42\!AIVDM,1,1,,B,16:4U70P2;`fdwhA2GlR=gvn2H@J,0*62
\s:66,c:1782377483*49\!AIVDM,1,1,,A,13cVlR0042Q1BETG?D6@Bh6b0000,0*2E
\s:66,c:1782377481*4B\!AIVDM,1,1,,B,13n36n00000lr10U3Bt8tD>`0@<=,0*7A
\s:66,c:1782377487*4D\!AIVDM,1,1,,A,19NSs=P0BoKfGi8?7D6Ak1Pj0@@;,0*5B
\s:66,c:1782377487*4D\!AIVDM,1,1,,A,18HtK30v2b2BCe=e=`c2`j>j80S2,0*48
\s:66,c:1782377485*4F\!AIVDM,1,1,,B,19NSnOP00h7OqFn1<Ojn6m0f0D4a,0*62
\s:66,c:1782377489*43\!AIVDM,1,1,,B,15RvDb0P1oJCWN@59Nf<LOvr0U3<,0*38
\s:66,c:1782377487*4D\!AIVDM,1,1,,A,H52l2AhltTpltTp000000000000,2*1C
\s:66,c:1782377487*4D\!AIVDM,1,1,,A,H52l2AlT00000000000000000000,0*4E
\s:66,c:1782377482*48\!AIVDM,1,1,,A,14STlv000sOdBJlDdfWr<`<d08=1,0*51
\s:66,c:1782377484*4E\!AIVDM,1,1,,A,1:1?C`?P05PpbCdD>Cuqh?vh28>N,0*01
\s:66,c:1782377490*4B\!AIVDM,1,1,,B,142OJB@0001uge0GIm=Vcptp0W3h,0*70
\s:66,c:1782377486*4C\!AIVDM,1,1,,B,3C@:wp000DJT0U<5uqsrd4JV0P8P,0*6F
\s:66,c:1782377491*4A\!AIVDM,1,1,,B,13@ooPhvjuNeP:09`9L75m`p0D1H,0*19
\s:66,c:1782377489*43\!AIVDM,1,1,,B,13UhqB0P001crOtEf7P7K?vr0D4i,0*78
\s:66,c:1782377489*43\!AIVDM,1,1,,A,19NSGK002`0:476MQd194G:n0L6P,0*1F
\s:66,c:1782377491*4A\!AIVDM,1,1,,B,17lupg@P01WaMhAtQGpk3wvt253<,0*59
\s:66,c:1782377487*4D\!AIVDM,1,1,,B,16oaADhP00438LH>1sd=ewvh0W3h,0*3F
\g:1-2-5198380,s:66,c:1782377488*0E\!AIVDM,2,1,0,A,57tKkGH2EupgTo;G3B1<D4MDhj2222222222221I8p>;35ceh95384PC,0*64
\g:2-2-5198380*63\!AIVDM,2,2,0,A,ECR@H44`1mA0CQh,2*7F
\s:66,c:1782377487*4D\!AIVDM,1,1,,A,15@2ed00Ri7sFC`9av3G:mff053<,0*4C
\s:66,c:1782377490*4B\!AIVDM,1,1,,B,13LBW=P0001sK5tRV;kSP9Rt08AU,0*3F
\s:66,c:1782377487*4D\!AIVDM,1,1,,B,139jBTP00qPdc5HNaImrk`df0<3q,0*57
\s:66,c:1782377487*4D\!AIVDM,1,1,,A,C3l90k0000CBBgU2g;WPBkN0VKiKQaKii;11111111100000002P,0*0B
\s:66,c:1782377485*4F\!AIVDM,1,1,,A,13aENm`P00PHT@vN@Q>HL?vl2D3c,0*0F
\s:66,c:1782377487*4D\!AIVDM,1,1,,B,13wlmfh00m0;tkdNja:qQoNp0PSQ,0*2E
\s:66,c:1782377485*4F\!AIVDM,1,1,,B,B3m:AP00BpA@:JaomJDTSwdUoP06,0*44
\s:66,c:1782377492*49\!AIVDM,1,1,,A,H6:CL0Tm<k0CIiM00000002H:32G,0*1B
\s:66,c:1782377488*42\!AIVDM,1,1,,B,33m6VU00001nq<:`WH01VUlT00=S,0*7E
\s:66,c:1782377492*49\!AIVDM,1,1,,A,1C@:wp000CJT0SN5uqtJd4Hr0P00,0*6C
\s:66,c:1782377493*48\!AIVDM,1,1,,A,19NSA<hvib8k<GvAECwtgJ=20@Bt,0*25
\s:66,c:1782377490*4B\!AIVDM,1,1,,B,402=aOivad`kMOVpqnPAU?gP2<00,0*68
\s:66,c:1782377494*4F\!AIVDM,1,1,,B,14eH6d@000rkhdbJOd?Vtqu2053<,0*18
\s:66,c:1782377494*4F\!AIVDM,1,1,,B,19NSs=P02oKfGr4?7E4AkAQ00@Cu,0*5A
\s:66,c:1782377492*49\!AIVDM,1,1,,B,18HtK301Bb2BCmEe=a1RWB>t8D0>,0*25
\s:66,c:1782377490*4B\!AIVDM,1,1,,A,13n36n00010lr1JU3Bw8tD<r0<0C,0*1F
\g:1-2-5198381,s:66,c:1782377434*08\!AIVDM,2,1,1,A,59NSFmp2Bko@CDI;B20U8tr10Th8586222222216S@hUD5d4Nb0k`0iQ,0*2F
\g:2-2-5198381*62\!AIVDM,2,2,1,A,888888888888880,2*25
\s:66,c:1782377492*49\!AIVDM,1,1,,B,403Ote1vad`kPr60DP?hgFw02<49,0*07
\s:66,c:1782377491*4A\!AIVDM,1,1,,A,18I5ac30017KuER0bJF1uV;0253<,0*02
\s:66,c:1782377494*4F\!AIVDM,1,1,,B,144dBTUP?w<tSF0l4Q@>4?wv1`D0,0*1E
\s:66,c:1782377492*49\!AIVDM,1,1,,A,B3IVCL00?h6;vD6;Q?hr7wgQh53<,0*72
\s:66,c:1782377494*4F\!AIVDM,1,1,,B,15@2ed00Bi7sFBp9atdW;Eft0<4o,0*6D
\s:66,c:1782377419*4A\!AIVDM,1,1,,B,36:R?gP01d8LDE0FAPP3rC:T00IS,0*11
\s:66,c:1782377490*4B\!AIVDM,1,1,,A,13aPP<@P0d0FNC0Muvs`Pgvv253<,0*14
\s:66,c:1782377494*4F\!AIVDM,1,1,,A,16:dtd@0197tA0h9=;hoPn?00UkT,0*1E
\s:66,c:1782377493*48\!AIVDM,1,1,,A,37Ok<`0PA5bl8q1dWoF>0:q0211h,0*0D
\s:66,c:1782377489*43\!AIVDM,1,1,,A,3kl9>BH000wlO=TK5j@m<TVT0000,0*41
\s:66,c:1782377494*4F\!AIVDM,1,1,,B,15SC0p001qNJi>88aqC856G6053<,0*71
\s:66,c:1782377495*4E\!AIVDM,1,1,,A,16:IEAP0158fji0AtSg:b`140D7`,0*40
\s:66,c:1782377495*4E\!AIVDM,1,1,,B,19NSGK002a0:3wnMQcSa3W:v053<,0*20
\s:66,c:1782377491*4A\!AIVDM,1,1,,B,B6K2r;@00:La:aU1;2uiSwgUwP06,0*2B
\s:66,c:1782377495*4E\!AIVDM,1,1,,A,13aGFnUP00PD2djME1Cf4?w62000,0*53
\s:66,c:1782377495*4E\!AIVDM,1,1,,B,19NSk2PwA@9=Tm0D1WdnFE9208Do,0*41
\s:66,c:1782377495*4E\!AIVDM,1,1,,B,1:kJTg001AJhit;bt0HnrELj0`DR,0*1F
\s:66,c:1782377490*4B\!AIVDM,1,1,,B,4030pQAvad`kNnsV`RLrIUo00<1h,0*25
\s:66,c:1782377493*48\!AIVDM,1,1,,A,18156Fh01m8<Enb<kUv5S4O2053<,0*43
\s:66,c:1782377494*4F\!AIVDM,1,1,,A,344b3a0000R:<KdR@vDf4:G22RpA,0*32
\s:66,c:1782377493*48\!AIVDM,1,1,,A,18uF3s7001QDErudVAGm;o<v053<,0*40
\s:66,c:1782377493*48\!AIVDM,1,1,,B,13KQ6MP02n1RNkjRBSipEFT00000,0*6B
\s:66,c:1782377494*4F\!AIVDM,1,1,,A,15MrsvPP?w<tSF0l4Q@>4?w60000,0*00
\s:66,c:1782377449*4F\!AIVDM,1,1,,A,H3n23iPm9>16222222222222220,2*54
\s:66,c:1782377495*4E\!AIVDM,1,1,,A,H3n23iTU0000000<;klkl01@2220,0*2E
\s:66,c:1782377490*4B\!AIVDM,1,1,,B,B8LgHbh009hVHGQ8sccQ0Bg5l000,0*09
\s:66,c:1782377495*4E\!AIVDM,1,1,,B,36:dsKg02U8h`HrA0J0cPIBh01:0,0*2C
\s:66,c:1782377495*4E\!AIVDM,1,1,,A,B69E@0P002;i0FTCpB@00097QP06,0*44
\s:66,c:1782377494*4F\!AIVDM,1,1,,A,16:dtdP00j7qIe88dQb9D6s00PRu,0*27
\s:66,c:1782377496*4D\!AIVDM,1,1,,B,15?4tT0026wS2=LKHiG16hu00L2V,0*76
\s:66,c:1782377492*49\!AIVDM,1,1,,B,13ErA77P0M003nBFadsp1wvv00Rj,0*5D
\s:66,c:1782377491*4A\!AIVDM,1,1,,A,13P=C1@0217RRPP14oM61Dnn08BK,0*1A
\s:66,c:1782377496*4D\!AIVDM,1,1,,A,18I>lj0wAG`g:RHAnLu;s9U60<8K,0*43
\s:66,c:1782377497*4C\!AIVDM,1,1,,A,13Ann>700APg`ktQ3OPKBG182<1T,0*34
\s:66,c:1782377491*4A\!AIVDM,1,1,,B,H3IbnpP<u<T0000000000000000,2*18
\s:66,c:1782377491*4A\!AIVDM,1,1,,B,H3IbnpTTCBD8vV@61<kmpp0h531t,0*50
\s:66,c:1782377490*4B\!AIVDM,1,1,,B,13P:SSEP1APUg:pGKHb88gvr2<2C,0*3A
\s:66,c:1782377491*4A\!AIVDM,1,1,,B,4030pRQvad`kNo266vLdTEG00HAq,0*4A
\s:66,c:1782377496*4D\!AIVDM,1,1,,B,13MBkJ001n7CeeJ17aCm4l96053<,0*7C
\s:66,c:1782377497*4C\!AIVDM,1,1,,B,169USp0000`L5dJ=wNbN49E82<00,0*0C
\s:66,c:1782377436*47\!AIVDM,1,1,,A,H3`ddBP5@h40000000000000000,2*04
\s:66,c:1782377493*48\!AIVDM,1,1,,A,H3`ddBTUCBD8U9Q@5nhiq00`422t,0*75
\s:66,c:1782377496*4D\!AIVDM,1,1,,B,19NSqt002c30d;in031pTVg408E9,0*58
\s:66,c:1782377496*4D\!AIVDM,1,1,,A,13IaWe000cOQfFBKEenn8ww8053<,0*70
\s:66,c:1782377496*4D\!AIVDM,1,1,,B,15OE41P000G@:4:EW=6bbpS60@EJ,0*0E
\s:66,c:1782377497*4C\!AIVDM,1,1,,A,18HvvVP000WL<Sp0kQOv44s2253<,0*2F
\s:66,c:1782377497*4C\!AIVDM,1,1,,A,16:u2N001e8U5C4F6OJ3cRu:0D2k,0*7C
\g:1-2-5198382,s:66,c:1782377496*03\!AIVDM,2,1,2,A,5ETc=J800001ADNT=F0=DhD9862222222222220l1@952t0000888888,0*7F
\g:2-2-5198382*61\!AIVDM,2,2,2,A,888888888888880,2*26
\g:1-2-5198383,s:66,c:1782377497*03\!AIVDM,2,1,3,B,53aPPm42;P?908I2220lD@Dl8u8N222222222216?@=<55k`0AiTSDTp,0*41
\g:2-2-5198383*60\!AIVDM,2,2,3,B,888888888888880,2*24
\s:66,c:1782377497*4C\!AIVDM,1,1,,A,B8uGhr000@@V?Wteuaw=gwjUWP06,0*1B
\s:66,c:1782377496*4D\!AIVDM,1,1,,B,D02HW71E8Dfq6DE6ErdE6D0,2*03
\s:66,c:1782377497*4C\!AIVDM,1,1,,B,39aSOwQP00StAah>aHv;WOw<0Der,0*21
\s:66,c:1782377497*4C\!AIVDM,1,1,,A,13clVu00010eik>Hv8T==@G<053<,0*03
\s:66,c:1782377492*49\!AIVDM,1,1,,A,188fQb9000EBGUsmvHm:F8Pv0000,0*71
\s:66,c:1782377488*42\!AIVDM,1,1,,A,13`g2ihP00PFPaTMtThf4?vn28@I,0*40
\s:66,c:1782377494*4F\!AIVDM,1,1,,B,B6:eLs00<225ML3@5vO?cwv63P06,0*48
\s:66,c:1782377487*4D\!AIVDM,1,1,,A,14`V49001sOWv@dKwSER<1nn00RO,0*78
\s:66,c:1782377491*4A\!AIVDM,1,1,,B,B39K4B0000;KOJWaT=SQ3wgQjE=r,0*6A
\s:66,c:1782377491*4A\!AIVDM,1,1,,B,402E;71vad`kPP=Kd>O5K`?0253<,0*69
\s:66,c:1782377490*4B\!AIVDM,1,1,,A,B39Dl80008;`t>7jGscQ0Sg5oP06,0*34
\s:66,c:1782377494*4F\!AIVDM,1,1,,B,38I=p`5000PBN1tMgFeFmq7<0Dg:,0*27
\s:66,c:1782377493*48\!AIVDM,1,1,,A,1:pDpO0P05rV8Dh5tQPr`gw42L1T,0*1E
\s:66,c:1782377491*4A\!AIVDM,1,1,,B,16:?sSQ0008VDj:DajKHEJ:p053<,0*1F
\s:66,c:1782377490*4B\!AIVDM,1,1,,B,B53Bs`0006T9qpScEOoQ3wfQh000,0*75
\s:66,c:1782377493*48\!AIVDM,1,1,,B,16:AO:`P00`fJohA=KNf4?vv253<,0*4B
\s:66,c:1782377492*49\!AIVDM,1,1,,B,15?dS?h01T7OkUT1?6l86nPt0<2l,0*7B
\s:66,c:1782377492*49\!AIVDM,1,1,,,13fCB2002O2n<j3foo4jbj100000,0*45
\s:66,c:1782377490*4B\!AIVDM,1,1,,B,13@oEmPt@1P8:tbNELSLKkPr0HAd,0*36
\s:66,c:1782377496*4D\!AIVDM,1,1,,A,14`V2jP016P<AK8M`40BgB=600SL,0*2E
\s:66,c:1782377496*4D\!AIVDM,1,1,,A,19NSQbh01eWFqUD0qqFTd3k608E=,0*25
\s:66,c:1782377496*4D\!AIVDM,1,1,,B,18Kdq<0P007KFF:0f2vLUww60<A`,0*78
\s:66,c:1782377496*4D\!AIVDM,1,1,,B,16StEt002EWNNGT0uf`7RV160D<M,0*75
\s:66,c:1782377491*4A\!AIVDM,1,1,,B,19NSSh0025rDFCN>rqd03@7`08B:,0*4C
\s:66,c:1782377497*4C\!AIVDM,1,1,,B,13aDpwP01CPCF5tMNskGjF?:2@En,0*2F
\s:66,c:1782377496*4D\!AIVDM,1,1,,B,33P=T;0P01P2Vs>MN>m>4?w620Ak,0*33
\s:66,c:1782377496*4D\!AIVDM,1,1,,A,39NSc6H01aJQuWr@9qdaW7a600JS,0*24
\s:66,c:1782377497*4C\!AIVDM,1,1,,B,16K3As00219wc:ND5aKob6780@Ev,0*1E
\s:66,c:1782377492*49\!AIVDM,1,1,,A,25?dQ9i0019j0?LD0eQMTmdv053<,0*76
\s:66,c:1782377490*4B\!AIVDM,1,1,,B,1:pDs;U0PaJVA`65r64sQI:p0D22,0*1D
\s:66,c:1782377491*4A\!AIVDM,1,1,,A,19NSLS00is8atcp6qWLEsTph0<0N,0*5C
\s:66,c:1782377496*4D\!AIVDM,1,1,,B,18LNdd0000WJleP0gh;8Wm162@DU,0*08
\s:66,c:1782377494*4F\!AIVDM,1,1,,A,139EmB0P00P``oFNFq2f4?w428D<,0*79
\s:66,c:1782377497*4C\!AIVDM,1,1,,B,19NSrah1QOJh5gGbrSC5ilg60@Ek,0*6C
\s:66,c:1782377493*48\!AIVDM,1,1,,B,13ku;Hh2RHwaKPF2`9vkg32t0@C5,0*23
\s:66,c:1782377491*4A\!AIVDM,1,1,,B,18REMs001GV7KU83Aa<JUpLv08B8,0*3C
\s:66,c:1782377487*4D\!AIVDM,1,1,,A,18I=kS001eb:4IDGmg13@2bf053<,0*65
\s:66,c:1782377493*48\!AIVDM,1,1,,A,19NSaUP02PJ=wKn9vFI3?2W00D03,0*4E
\s:66,c:1782377494*4F\!AIVDM,1,1,,A,13c`JO0P001>uA>G99v00?w000Rf,0*3A
\s:66,c:1782377490*4B\!AIVDM,1,1,,A,1815bh@02:`dQRB?=>nHTFrp08Ad,0*3B
\s:66,c:1782377493*48\!AIVDM,1,1,,B,B52kt4P00>`NKF5Tff?Q3whUl000,0*2C
\s:66,c:1782377493*48\!AIVDM,1,1,,A,34aqrh50008fmi@AE?T0k6i00E<r,0*54
\s:66,c:1782377488*42\!AIVDM,1,1,,A,17OtWc002EbP9gilwD:GBmVp28@g,0*5B
\s:66,c:1782377493*48\!AIVDM,1,1,,A,17OtWc001hbP9gQlwCW7AUU020Rv,0*24
\s:66,c:1782377494*4F\!AIVDM,1,1,,B,29NSe3m0007aqJb630i5QA560@D9,0*40
\s:66,c:1782377495*4E\!AIVDM,1,1,,B,36:@A<U0078gLhJA>a7W0gv00000,0*1B
\s:66,c:1782377490*4B\!AIVDM,1,1,,B,13meLQ000sPj4>PQpGEdh:8n0L0V,0*48
\s:66,c:1782377495*4E\!AIVDM,1,1,,A,137NNd0P00RG8m6Cm0nuagw40D1U,0*31
\s:66,c:1782377493*48\!AIVDM,1,1,,A,1697Kw0022`PnfVErkk40C?00<99,0*0E
\s:66,c:1782377496*4D\!AIVDM,1,1,,B,139o780Oh8PMTG2NsBQqu31208EB,0*78
\s:66,c:1782377477*42\!AIVDM,1,1,,B,18I6;A022N2hgomg;LwBR28N0@:P,0*41
\s:66,c:1782377493*48\!AIVDM,1,1,,A,33bjvT?P@P0GSRTNFhkMSblp0000,0*3A
\s:66,c:1782377495*4E\!AIVDM,1,1,,A,1815ENh2B2K5d8dGJ4rPn0m20<0v,0*1C
\s:66,c:1782377488*42\!AIVDM,1,1,,A,B3n:jJ0000<OHw`N9T=nkwe03P06,0*53
\s:66,c:1782377487*4D\!AIVDM,1,1,,A,13aQ?hhP0T0BKTvMJEOmHOvp20SI,0*7D
\s:66,c:1782377488*42\!AIVDM,1,1,,A,18I7LQ00258ePidAoiB5D4>l08@O,0*5E
\s:66,c:1782377482*48\!AIVDM,1,1,,B,16:=LR0P@0`d<>hAt`Pf44>f28>3,0*79
\s:66,c:1782377488*42\!AIVDM,1,1,,B,144NGSg003RD@=<B2rGPbaBp0<3C,0*15
\s:66,c:1782377489*43\!AIVDM,1,1,,A,13aGrVPP0V0ANfrMH>9Qmgvr053<,0*3C
\s:66,c:1782377489*43\!AIVDM,1,1,,B,337mOF0406PCR9HMFO37U:@p8Pwh,0*2C
\s:66,c:1782377491*4A\!AIVDM,1,1,,A,13cqIV9u@1117<jGG6aP0:Ht00SD,0*53
\s:66,c:1782377488*42\!AIVDM,1,1,,A,13:=:H000111ErdGGUPcwi2j08@I,0*22
\s:66,c:1782377488*42\!AIVDM,1,1,,B,13crb40vB:`gQ2TAl`rDrSpb053<,0*2C
\s:66,c:1782377491*4A\!AIVDM,1,1,,B,170Hen8P01T21=0>PEkGDgvv2D2G,0*44
\s:66,c:1782377491*4A\!AIVDM,1,1,,B,18L@;000017LNTV0gfLuM3W00@BN,0*70
\s:66,c:1782377491*4A\!AIVDM,1,1,,A,39NS`aP02?7b>M0;KhA6ME;006`S,0*12
\s:66,c:1782377487*4D\!AIVDM,1,1,,A,147wot09Q4QcVGhQQ8ul<Cbh853<,0*09
\s:66,c:1782377484*4E\!AIVDM,1,1,,A,13Ep3bPP00Ogn2PE0l1=hwvj2<1f,0*2B
\s:66,c:1782377490*4B\!AIVDM,1,1,,A,13o=:d7000PKJIDQL`qv40Pt0<0G,0*52
\s:66,c:1782377492*49\!AIVDM,1,1,,B,13Gi1F0000RD1iDAnnUJ=6120D1L,0*2B
\s:66,c:1782377488*42\!AIVDM,1,1,,A,H3n:jJ4T?>G1000<1kmkj01`1410,0*61
\s:66,c:1782377487*4D\!AIVDM,1,1,,A,B52hJWh005kst06l4<am7weUCP06,0*2C
\s:66,c:1782377490*4B\!AIVDM,1,1,,B,352aub5000rQOB0FM8n;fjft0E1r,0*32
\s:66,c:1782377487*4D\!AIVDM,1,1,,A,17tKkf@01T77j@63V5k>102l08@8,0*31
\s:66,c:1782377485*4F\!AIVDM,1,1,,A,14eJJe<P00o2c@2L`Km>4?v`2000,0*28
\s:66,c:1782377488*42\!AIVDM,1,1,,B,15`g6>001s0Q2DHHuJP2M1pr053<,0*52
\s:66,c:1782377488*42\!AIVDM,1,1,,A,B3uHhHP04hD6oo`fjUTHHCv00000,0*6C
\s:66,c:1782377492*49\!AIVDM,1,1,,A,17Of2?001@:lPG7jG5J;MI=00<1A,0*1F
\s:66,c:1782377488*42\!AIVDM,1,1,,B,D03D6DAW0Nfr<`O6D0,4*7D
\s:66,c:1782377494*4F\!AIVDM,1,1,,A,342O9kQ000OwLCDLG00SHD;40lwJ,0*26
\s:66,c:1782377491*4A\!AIVDM,1,1,,A,14eGDO@P00o2dwvLWrpN4?vv2000,0*7C
\s:66,c:1782377489*43\!AIVDM,1,1,,A,17176V3000SQL2P@:E?1tpLL28A<,0*2B
\s:66,c:1782377491*4A\!AIVDM,1,1,,B,13F8cn?011OGkN`H;aAbBH0v0<16,0*60
\s:66,c:1782377454*43\!AIVDM,1,1,,B,19NS>vh0263LSNKijC4`o71V0538,0*28
\g:1-2-5198384,s:66,c:1782377224*0A\!AIVDM,2,1,4,B,59NS>vp2@`wd7Q@C>20PDhDr0r22222222222216TpPFQ5oQ0KPTT3@H,0*14
\g:2-2-5198384*67\!AIVDM,2,2,4,B,888888888888880,2*23
\s:66,c:1782377495*4E\!AIVDM,1,1,,B,19t6VUP01015vSnBRGuE<T=60<1I,0*32
\s:66,c:1782377495*4E\!AIVDM,1,1,,A,33ca=A?0000aL08FGGl;3Ve600sP,0*46
\s:66,c:1782377491*4A\!AIVDM,1,1,,A,13INWc`04Fwh0ltK=G9UGD@v28BF,0*64
\s:66,c:1782377492*49\!AIVDM,1,1,,A,HkHms>TT000000069pokhP0h4120,0*41
\g:1-2-5198385,s:66,c:1782377493*01\!AIVDM,2,1,5,A,54SI6v42@2b5K8ECJ20LR0Dq@E918U<F2222220O1A3995d;0AE580j0,0*51
\g:2-2-5198385*66\!AIVDM,2,2,5,A,H88888888888880,2*51
\s:66,c:1782377495*4E\!AIVDM,1,1,,A,1394F>032k8BL7;cc8WSb2o20D08,0*7C
\s:66,c:1782377495*4E\!AIVDM,1,1,,B,E>mWA7Kb;Hh@@@@@@@@@@@@@@@@ClR`q5tw2`1088;v0000,2*66
\s:66,c:1782377496*4D\!AIVDM,1,1,,B,36:46wU00088E3N<vL5eN?v00000,0*53
\s:66,c:1782377498*43\!AIVDM,1,1,,A,13l3nD001G0CG4VNGhQI1G=60@Ed,0*24
\s:66,c:1782377491*4A\!AIVDM,1,1,,A,B5O9fB0005kcqRVt:bh000N00000,0*71
\s:66,c:1782377496*4D\!AIVDM,1,1,,A,16<jef0uiL8fWTpA7gskNjw40HEG,0*2D
\s:66,c:1782377497*4C\!AIVDM,1,1,,B,3394F>042l8BL;3cc8USc2o601Bh,0*29
\s:66,c:1782377497*4C\!AIVDM,1,1,,A,39AF36@Ohd2D5VnAnUCWHUs601wP,0*46
\s:66,c:1782377485*4F\!AIVDM,1,1,,A,1815L?h00Q2OoDd@kr?RU22j0@>o,0*79
\s:66,c:1782377486*4C\!AIVDM,1,1,,A,13oRB@0PCK0Kr02QekoA60jf0D19,0*7F
\s:66,c:1782377483*49\!AIVDM,1,1,,A,35NHwOP000G?jpPKAAv0001p0000,0*00
\s:66,c:1782377487*4D\!AIVDM,1,1,,B,169AHvS00l7?OQF1TofeKJbn08?i,0*51
\s:66,c:1782377488*42\!AIVDM,1,1,,B,36:R6c`PAF8LL4@>093=vP0l00oQ,0*1B
\s:66,c:1782377482*48\!AIVDM,1,1,,A,34eHHQ@000G<MQ4L=pMSoP5p0000,0*53
\s:66,c:1782377488*42\!AIVDM,1,1,,B,33AV060025P1l0jFH:3uI:jj0U@C,0*03
\s:66,c:1782377485*4F\!AIVDM,1,1,,A,15PH6q@P00rh0P8GKj4v4?vj2D0T,0*0E
\s:66,c:1782377489*43\!AIVDM,1,1,,B,860Rk3QKf3fM?7Ig?lKU9tiRW31j5FQ<W8n7=GgI4MnaAd436F3E,0*79
\s:66,c:1782377489*43\!AIVDM,1,1,,B,15?dM6P12=8mA4NAMU8Win4n0D3q,0*5C
\s:66,c:1782377488*42\!AIVDM,1,1,,A,16:=ju0P00`gRS0AmV7f4?vn253<,0*5F
\s:66,c:1782377485*4F\!AIVDM,1,1,,,B5Ng;TP00uPkCbvU>qhjswdUl000,0*6E
\s:66,c:1782377489*43\!AIVDM,1,1,,A,13Ip8>000AP8WDPM?rJeqq<N0PRr,0*5C
\s:66,c:1782377491*4A\!AIVDM,1,1,,A,29NSkvEP008flVVAE1Q@0?vl0@AD,0*4E
\s:66,c:1782377490*4B\!AIVDM,1,1,,,B5Ng;TP00MPkCdvU>rLjswg5l000,0*14
\s:66,c:1782377489*43\!AIVDM,1,1,,A,13V8M6002@8caSb>u?0A?Q6r0@@h,0*3F
\g:1-2-5198386,s:66,c:1782377325*08\!AIVDM,2,1,6,A,54RsMe02?D0EK8;;3K4nuJ05E8DhT6222222221?@0GB85W30GjC21PH,0*18
\g:2-2-5198386*65\!AIVDM,2,2,6,A,888888888888880,2*22
\s:66,c:1782377487*4D\!AIVDM,1,1,,B,15BQiH001Wq=@aB@utBuFbdp0@@B,0*6E
\s:66,c:1782377489*43\!AIVDM,1,1,,A,19N`3r00BN7bBAv5j5N7P64n0L4q,0*7B
\s:66,c:1782377490*4B\!AIVDM,1,1,,B,33cq8J8Ohi0e3m@I>urP@Ulv00p0,0*17
\s:66,c:1782377491*4A\!AIVDM,1,1,,B,132i`j?P00OH1eRH:kbh0?vt2L0s,0*3B
\s:66,c:1782377492*49\!AIVDM,1,1,,A,BCgNPa002GTD`6aM?QD?owgRs000,0*5B
\s:66,c:1782377492*49\!AIVDM,1,1,,A,B3KGrTP000LOCc8VedpKWtv00000,0*0F
\s:66,c:1782377488*42\!AIVDM,1,1,,B,13eU<l001S0iEhrQ4@RP4s<r00RS,0*0C
\s:66,c:1782377486*4C\!AIVDM,1,1,,A,13n4d60000PG2prS?qCncc4h0D0c,0*40
\s:66,c:1782377492*49\!AIVDM,1,1,,A,16:LL>0P008c:l@FUeUUvwvv053<,0*75
\s:66,c:1782377486*4C\!AIVDM,1,1,,A,BCgmM000`WUmW7aPr4NCCwdPp000,0*05
\s:66,c:1782377489*43\!AIVDM,1,1,,B,15?da>001ub<<hdGoj4r@p<d0<0?,0*60
\s:66,c:1782377491*4A\!AIVDM,1,1,,A,34eHHQ@000G<MQ4L=pMPPP5p0000,0*6F
\s:66,c:1782377493*48\!AIVDM,1,1,,B,17m9vPPP0UWa?8?tQ@p8Iww02@Bq,0*2F
\s:66,c:1782377494*4F\!AIVDM,1,1,,B,E=?@GJ@U4baT0W@Lh00000000004Gn0<8JA@h00000P010,4*05
\s:66,c:1782377494*4F\!AIVDM,1,1,,B,36:Bf4UP008f:IhA6d`6q?w00Drb,0*62
\s:66,c:1782377490*4B\!AIVDM,1,1,,A,15Mo3U?P00oQjo4CL5h0Qgvt2<0B,0*2C
\s:66,c:1782377497*4C\!AIVDM,1,1,,B,13Jhjj0uP69=`eFD4?qU2Bq800SA,0*21
\s:66,c:1782377496*4D\!AIVDM,1,1,,B,169L4uQP01`geVTAljpuhgw60000,0*7A
\s:66,c:1782377497*4C\!AIVDM,1,1,,B,19NSjO@02HP36:4MN0?Jf`S20hEt,0*0C
\s:66,c:1782377496*4D\!AIVDM,1,1,,B,16:F?q0P1o8NNkLF5K@Ru2C40@Eb,0*7C
\s:66,c:1782377497*4C\!AIVDM,1,1,,B,169C2VPP008VsDhBD1::Vww40<00,0*54
\s:66,c:1782377493*48\!AIVDM,1,1,,A,33m@M80P00PgmDlTkJSv4?w02C0k,0*5A
\s:66,c:1782377497*4C\!AIVDM,1,1,,B,16=8cv000A7bgA`5ldGC9E=:0D5p,0*23
\s:66,c:1782377498*43\!AIVDM,1,1,,A,14qhnW0000KVCpF9BR42sns60<0L,0*6C
\s:66,c:1782377494*4F\!AIVDM,1,1,,A,28SJ?k10007`bnV68;6dB@Kp0@CO,0*4F
\s:66,c:1782377487*4D\!AIVDM,1,1,,A,13Kcp2002OPE:j@NaQ=obF4l0@?w,0*5E
\s:66,c:1782377487*4D\!AIVDM,1,1,,B,33m?Gr0Oh5295L6`OKn53Inl028P,0*09
\s:66,c:1782377487*4D\!AIVDM,1,1,,,14e`4t5000sLfm`ISfk5UPff0000,0*51
\s:66,c:1782377481*4B\!AIVDM,1,1,,A,B5OD8JP00@KnbcU?RvsFJB:QT006,0*66
\s:66,c:1782377488*42\!AIVDM,1,1,,B,16:@aEP0008f`qDA1iv`sJCp0<7O,0*66
\s:66,c:1782377488*42\!AIVDM,1,1,,A,1815UVP021Wh:dv:MW?DTkbp2<00,0*24
\s:66,c:1782377487*4D\!AIVDM,1,1,,A,15Ne6mP000o@1CVK@uwraRBn0H?k,0*71
\s:66,c:1782377490*4B\!AIVDM,1,1,,A,16:99M800V8UWc2F8q4Jj8jl053<,0*7C
\s:66,c:1782377486*4C\!AIVDM,1,1,,A,13W:s06P00wWj4>DJbV>4?vl2@?b,0*16
\s:66,c:1782377487*4D\!AIVDM,1,1,,B,B7`B40P0037wL9Jfg=CQ3we1h000,0*0C
\g:1-2-5198387,s:66,c:1782377487*06\!AIVDM,2,1,7,A,58LA9P82Bo0cUKWWKB10u<R0H4h<tr222222221J2@r?32jb0?0AEp88,0*1A
\g:2-2-5198387*64\!AIVDM,2,2,7,A,888888888888880,2*23
\s:66,c:1782377442*44\!AIVDM,1,1,,A,19GodI1P?w<tSF0l4Q@>4?wv0pHq,0*6B
\s:66,c:1782377487*4D\!AIVDM,1,1,,A,1:LQcq0P00slpmqd;io7Igvl28?8,0*66
\s:66,c:1782377486*4C\!AIVDM,1,1,,A,13aGrp5P0vP`CndNGTf52?vlRD0i,0*0C
\s:66,c:1782377485*4F\!AIVDM,1,1,,A,E>j5wVhcTW230a6h7;q@9P0000006CRT>ie<P00003d010,4*3E
\s:66,c:1782377488*42\!AIVDM,1,1,,A,33dj;<;0000000000003L2ip0000,0*40
\s:66,c:1782377486*4C\!AIVDM,1,1,,,17ldJjh00j6c=gr:bqF0:h0n0000,0*65
\s:66,c:1782377486*4C\!AIVDM,1,1,,,13K03F0032bj8aRFGv1qbGdj053<,0*7F
\s:66,c:1782377492*49\!AIVDM,1,1,,A,13l3pThOiC0iPPnPveR7kn?200SI,0*51
\s:66,c:1782377491*4A\!AIVDM,1,1,,A,19NSdVP00wrA:0`5ImtaDWHt053<,0*5E
\s:66,c:1782377492*49\!AIVDM,1,1,,A,@02=VV@jG3fpBh00,0*3B
\s:66,c:1782377488*42\!AIVDM,1,1,,B,14eHRS@P00o=D:PL9P?IF?vr2D3;,0*30
\s:66,c:1782377471*44\!AIVDM,1,1,,A,36:6l<Q0008QKHtFK2I3ln`H0Drb,0*0B
\s:66,c:1782377489*43\!AIVDM,1,1,,A,15?dajO0008fhNTAAV8N2n1p1PSQ,0*7F
\s:66,c:1782377489*43\!AIVDM,1,1,,A,19NStTP12n052acp8;4dSr6p0<02,0*51
\s:66,c:1782377491*4A\!AIVDM,1,1,,A,15?dcvh000WJllh0gnSf44Lt2D:3,0*0A
\s:66,c:1782377491*4A\!AIVDM,1,1,,A,13V31L001e7fFoF3BF@pM6pp08BQ,0*31
\s:66,c:1782377492*49\!AIVDM,1,1,,A,B52aqeh00=ll2mULuUl000N00000,0*07
\s:66,c:1782377488*42\!AIVDM,1,1,,A,13aIhJ0P00PD>LfMe6EP0?vp2D7V,0*5B
\s:66,c:1782377491*4A\!AIVDM,1,1,,B,39NSn6E0@06TE0J<gPSaKS@f0Dg:,0*1C
\s:66,c:1782377491*4A\!AIVDM,1,1,,,14e`4t5000sLfm`ISfk5UPfl0000,0*5B
\s:66,c:1782377491*4A\!AIVDM,1,1,,A,169UEHP0008LkaP=s4vAWh2v08BM,0*3F
\s:66,c:1782377492*49\!AIVDM,1,1,,A,16:@7vPP00`f?w0A6WAf4?vv2=6I,0*18
\s:66,c:1782377493*48\!AIVDM,1,1,,B,403tCeivad`kP82?l@9`:H700<00,0*38
\s:66,c:1782377491*4A\!AIVDM,1,1,,A,ENo6GJb17dPh1Pa24W0V@9PV6RR=BniU2v9E@1088;v012CPH3SlU1H0,0*5E
\s:66,c:1782377492*49\!AIVDM,1,1,,B,13ah1J0P00PEm92N00Mf4?w020Ra,0*5E
\s:66,c:1782377481*4B\!AIVDM,1,1,,A,H5O8E6PP4hIL5V1@Tj0@5Lp0000,2*51
\s:66,c:1782377490*4B\!AIVDM,1,1,,A,H5O8E6TUCBD4Tma00000000h6330,0*19
\s:66,c:1782377489*43\!AIVDM,1,1,,A,18SK72OOh7Wa;N85s3R836Jj28@N,0*28
\s:66,c:1782377492*49\!AIVDM,1,1,,B,13KA@r00jBUN6T84ebt<D9lv053<,0*60
\s:66,c:1782377491*4A\!AIVDM,1,1,,,13K03F0032bj8QlFGuc9W7dr053<,0*35
\s:66,c:1782377494*4F\!AIVDM,1,1,,A,15@`4o@wQR:l6f7dFUHL8Inv0HCb,0*1F
\s:66,c:1782377492*49\!AIVDM,1,1,,B,39NSG@U000OvQidFTQs1O3Rt0000,0*6E
\s:66,c:1782377493*48\!AIVDM,1,1,,B,D02R3VQHHNfq6DO6D0,4*27
\s:66,c:1782377494*4F\!AIVDM,1,1,,B,177VcN001lWf:@>46ReHP6s00@Cq,0*5D
\s:66,c:1782377489*43\!AIVDM,1,1,,B,13aLl1hP000Hfr8NFni@awvp0@AJ,0*1F
\s:66,c:1782377493*48\!AIVDM,1,1,,A,33l3pTh01A0iQ6:Pvl>7ln;p0000,0*7B
\s:66,c:1782377491*4A\!AIVDM,1,1,,A,B5OD8JP00@Knbc5?Rw?KjB?QT006,0*63
\s:66,c:1782377494*4F\!AIVDM,1,1,,A,13dgvT3001P8:mfOEi<0Eq=0HHCu,0*3E
\s:66,c:1782377494*4F\!AIVDM,1,1,,B,28Sb3850007`Tft69wvRE`500HCi,0*2F
\s:66,c:1782377491*4A\!AIVDM,1,1,,A,33m?Gr0Oh6295L2`OKlG<qrt00h@,0*0C
\s:66,c:1782377491*4A\!AIVDM,1,1,,B,B69EfLhDFB>0fB41@G02?wg7SP06,0*18
\s:66,c:1782377492*49\!AIVDM,1,1,,B,402E;=ivad`kPPAJSjN9<4w0253<,0*43
\s:66,c:1782377488*42\!AIVDM,1,1,,B,33aLnlPP00PE1ttN1Wuf4?vp2C:k,0*38
\s:66,c:1782377493*48\!AIVDM,1,1,,B,13ITub?P0`0>Vj>HK?th8wwb0pBn,0*08
\s:66,c:1782377494*4F\!AIVDM,1,1,,A,13F<o<;000P9nNtGb90Gw08t0@D1,0*5E
\s:66,c:1782377491*4A\!AIVDM,1,1,,A,13m=Hu00000F<UJRc0gueQNn0000,0*1B
\s:66,c:1782377493*48\!AIVDM,1,1,,A,B6:f`7h0A223C83@N15J7wv41P06,0*1E
\s:66,c:1782377488*42\!AIVDM,1,1,,A,3815IL@01k0p28DO:Sd0t0gp0000,0*29
\s:66,c:1782377489*43\!AIVDM,1,1,,A,13Vbp>0wAoQBHs<GPLi<=ajp00RR,0*6B
\s:66,c:1782377488*42\!AIVDM,1,1,,B,16:5hCP02B8k2C`COstG35Vn0@@R,0*44
\s:66,c:1782377491*4A\!AIVDM,1,1,,,13lfRF0vhGOd3Bv2hN:2voHv0000,0*05
\g:1-2-5198388,s:66,c:1782377495*0A\!AIVDM,2,1,8,B,53ku:J82<52l=4U?H00`thiV08iDD00000000017=166A5dn0?jE3PD0,0*51
\g:2-2-5198388*6B\!AIVDM,2,2,8,B,000000000000000,2*2F
\s:66,c:1782377491*4A\!AIVDM,1,1,,B,HCgchC1<4hiT000000000000000,2*5F
\s:66,c:1782377491*4A\!AIVDM,1,1,,B,HCgchC4N4I138D0nokp0000H6220,0*1C
\s:66,c:1782377494*4F\!AIVDM,1,1,,B,19NSjW001p7PjQl1FlI15@s008Cp,0*12
\s:66,c:1782377496*4D\!AIVDM,1,1,,B,33ku:J002W0kqQhEd8:iQA?600QC,0*7C
\s:66,c:1782377495*4E\!AIVDM,1,1,,B,19NSp?hwjTO@eLJBEfFHdVu2053<,0*22
\s:66,c:1782377493*48\!AIVDM,1,1,,A,19NSghh0ju7@NGV1Lgkm3l50053<,0*1F
\s:66,c:1782377497*4C\!AIVDM,1,1,,A,C6:94JP002;VE>TBae5oOwv000000000000000000000S6p97SPP,0*24
\s:66,c:1782377495*4E\!AIVDM,1,1,,B,177eM4001p`8`ql<q?EuH:W008DL,0*3B
\s:66,c:1782377496*4D\!AIVDM,1,1,,A,19NSLw002eHL>Ep9nD;rT8K8053<,0*1F
\s:66,c:1782377496*4D\!AIVDM,1,1,,B,18I222001v8gK@LAhkP:bpU80D:g,0*76
\s:66,c:1782377495*4E\!AIVDM,1,1,,A,B5OI2c000>S<d0SR<4oHrev00000,0*4C
\s:66,c:1782377497*4C\!AIVDM,1,1,,B,19NSpM@03EPBUvPER8EJ48360<<P,0*23
\s:66,c:1782377497*4C\!AIVDM,1,1,,B,13GRmTPP00P0jbrLDK9v4?w:28Eo,0*7B
\s:66,c:1782377498*43\!AIVDM,1,1,,,13lfRF01hGOd3D:2hN:kHoI:0000,0*22
\s:66,c:1782377494*4F\!AIVDM,1,1,,A,13l920;P01Psmv2Chi3N4?w228Cq,0*5A
\s:66,c:1782377496*4D\!AIVDM,1,1,,B,19NS:Jh01cWf4mt45aW`Gnk40<1H,0*02
\s:66,c:1782377494*4F\!AIVDM,1,1,,A,33IeUW3Oi;00UGFLCnfbrHm600WP,0*71
\s:66,c:1782377491*4A\!AIVDM,1,1,,B,1815?K@004w`<6hDbGGVus8n0@BC,0*0C
\s:66,c:1782377496*4D\!AIVDM,1,1,,B,15CPQI0P01rB=fh5FQvs0?w:2D6T,0*39
\s:66,c:1782377497*4C\!AIVDM,1,1,,B,344`E3UP00`TRhfFpGIN4?w82000,0*5D
\s:66,c:1782377495*4E\!AIVDM,1,1,,B,15Mwm>0000GRbLHCDN>0BIc800RM,0*33
\s:66,c:1782377493*48\!AIVDM,1,1,,B,169@?P0v1T8Nl=4F7UTTGkS2053<,0*67
\s:66,c:1782377496*4D\!AIVDM,1,1,,A,B3f41N000089tpV?3:OQ3wj1jFD:,0*4C
\s:66,c:1782377497*4C\!AIVDM,1,1,,B,38SJQ@S00o7b>A45ntcFuF9:00li,0*3B
\s:66,c:1782377497*4C\!AIVDM,1,1,,A,39lfq4?P@W10Tjai0Q1UVlK:0P00,0*02
\s:66,c:1782377495*4E\!AIVDM,1,1,,B,33ktw@@tBjRFFs7gWehHfW3401:h,0*17
\s:66,c:1782377496*4D\!AIVDM,1,1,,B,13b79p00000BbBHMfQFVQm760@EU,0*16
\s:66,c:1782377493*48\!AIVDM,1,1,,B,14S8<t5P11KWS768PRo@Tww228C2,0*20
\s:66,c:1782377495*4E\!AIVDM,1,1,,B,13aOAgPP00PDR:BMdP4v4?w42<5D,0*1D
\s:66,c:1782377480*4A\!AIVDM,1,1,,B,B3Ie?200F7vHhhW7IR@fgwb1h53<,0*76
\s:66,c:1782377486*4C\!AIVDM,1,1,,A,15N6iNPP01I<Nq@A1049`gvf0000,0*2C
\s:66,c:1782377486*4C\!AIVDM,1,1,,A,15CnKF001<Sc6k`?j@1KhIRl0@>q,0*4D
\s:66,c:1782377487*4D\!AIVDM,1,1,,A,33mB5g00000tAHnV=5l<Hasp0000,0*5C
\s:66,c:1782377489*43\!AIVDM,1,1,,A,18J:140P00WK?uV0f=VC7gvp2@A8,0*19
\s:66,c:1782377487*4D\!AIVDM,1,1,,B,15NgFe0000r6Wi<?v4rcvl8n08@5,0*30
\s:66,c:1782377488*42\!AIVDM,1,1,,,18Ld?p0v2?Ov>ELLKq;644hn0000,0*31
\s:66,c:1782377483*49\!AIVDM,1,1,,A,B3IRHb00>?mtHDUp??VACwcQl<0e,0*43
\s:66,c:1782377487*4D\!AIVDM,1,1,,,B39k8eP008=n3U7h2H5uWwe5oP06,0*68
\s:66,c:1782377484*4E\!AIVDM,1,1,,B,16K3?Th0009jKatD36We=b:f0@>J,0*10
\s:66,c:1782377485*4F\!AIVDM,1,1,,A,13dW0F001iP9G=HFFPq2g2<h0<2>,0*70
\s:66,c:1782377487*4D\!AIVDM,1,1,,A,33A@Q6011W0n`nfO=FqMebqp0000,0*1F
\s:66,c:1782377488*42\!AIVDM,1,1,,B,19NSiqPwBlNk5L<5phK5`TPl053<,0*10
\s:66,c:1782377487*4D\!AIVDM,1,1,,A,38:aRE@P028agtP8Dw7d=gvl005C,0*07
\s:66,c:1782377485*4F\!AIVDM,1,1,,B,14eJJQ0000sLte8ISe40;Rrd0@>o,0*27
\g:1-2-5198389,s:66,c:1782377489*06\!AIVDM,2,1,9,B,57tKg8T2AkN3TmU?V2098T@LEL5@E:37?:22221J28m5<6M70<DjCQhD,0*55
\g:2-2-5198389*6A\!AIVDM,2,2,9,B,3lQH88888888880,2*68
\s:66,c:1782377491*4A\!AIVDM,1,1,,A,19NSdHh0001mTigdb8IDFDpr053<,0*78
\s:66,c:1782377491*4A\!AIVDM,1,1,,B,13ktS8000I2nbkUu`4N0938r00S4,0*52
\s:66,c:1782377485*4F\!AIVDM,1,1,,B,B3UG5f00:`GhSQURl@UI9N<Pt000,0*0A
\s:66,c:1782377488*42\!AIVDM,1,1,,B,B7fu9g0003:iSoMMBu=sSweU@000,0*6C
\s:66,c:1782377490*4B\!AIVDM,1,1,,B,13;SiF0P00RvcVdH7f1o;Ovt2D0T,0*56
\s:66,c:1782377491*4A\!AIVDM,1,1,,A,B6:fp5@0022CaLS=W8>dkwtVCP06,0*15
\s:66,c:1782377492*49\!AIVDM,1,1,,A,13dKN43P17PeDg8I9ks5w?vB0D15,0*6B
\s:66,c:1782377487*4D\!AIVDM,1,1,,B,13aFfGPP0k0GdWnNOf5Fv?vn08@9,0*64
\s:66,c:1782377484*4E\!AIVDM,1,1,,A,33@on900000loD>O=kc<H`mp0000,0*64
\s:66,c:1782377486*4C\!AIVDM,1,1,,A,33aB:P@P@uPF3=FN1GlPUhNd01vP,0*20
\s:66,c:1782377487*4D\!AIVDM,1,1,,B,D03t>>Aa8Nfp00N000,4*2C
\s:66,c:1782377492*49\!AIVDM,1,1,,A,13`den0P00PE`<vN06i>4?vv2@BW,0*07
\s:66,c:1782377491*4A\!AIVDM,1,1,,,B39k8eP008=n3V7h2H=uWwg5oP06,0*61
\s:66,c:1782377492*49\!AIVDM,1,1,,A,19NSbU002R1Bt?FGJ7r5;46v0<3C,0*54
\s:66,c:1782377487*4D\!AIVDM,1,1,,A,13A@Q601A`Pn`nhO=Fqedbpj8D1f,0*2D
\s:66,c:1782377493*48\!AIVDM,1,1,,A,B69D;QP00:;ipa4CgnUIkwh6SP06,0*49
\s:66,c:1782377490*4B\!AIVDM,1,1,,B,H3IRHb4TCBD9m6U61:lpjl0p514t,0*5E
\s:66,c:1782377494*4F\!AIVDM,1,1,,B,E>jJ8IRRqrtK@7b7QTQh80V0Sa:PU==b<8>kh00000hP16P@,0*0A
\s:66,c:1782377490*4B\!AIVDM,1,1,,A,339L1JP0000eWf>N`;=h08Gp0000,0*6D
\s:66,c:1782377492*49\!AIVDM,1,1,,B,B7liaG000J5fuwwl8IG:cwg2T8C0,0*11
\s:66,c:1782377492*49\!AIVDM,1,1,,A,18J8W>000p7Ig1h0eljDkSc208C2,0*33
\s:66,c:1782377494*4F\!AIVDM,1,1,,A,35Q4Gv001vW?1H`1Tf>sj9Fj0Bb=,0*5E
\s:66,c:1782377494*4F\!AIVDM,1,1,,A,19NSiqPwjmNk5Rj5pgCU`4Q208DG,0*2B
\s:66,c:1782377491*4A\!AIVDM,1,1,,A,15MsDj0P00q`;brAGerar?w02L0d,0*38
\s:66,c:1782377493*48\!AIVDM,1,1,,A,15N6iNPP00I<Nq`A104aQww20000,0*21
\s:66,c:1782377486*4C\!AIVDM,1,1,,A,33KskT0tRp0p1JTO=Kuol6Cp0000,0*62
\s:66,c:1782377484*4E\!AIVDM,1,1,,B,1815?UP01s0uGS8OEDLSRBnj0D2o,0*65
\s:66,c:1782377484*4E\!AIVDM,1,1,,A,13S2ID0wipPc??<F;b?tNIvd053<,0*52
\s:66,c:1782377481*4B\!AIVDM,1,1,,A,H3uB1k4U0000000000000000<000,0*5D
\s:66,c:1782377487*4D\!AIVDM,1,1,,A,13UIlE0P00QdWOjEc1r>4?vn0D2l,0*54
\s:66,c:1782377488*42\!AIVDM,1,1,,A,B8Sjcw@00IrLT2QP;4mlSwdVSP06,0*3C
\s:66,c:1782377479*4C\!AIVDM,1,1,,A,15O6@VP001reG>0GBVukVI4R0000,0*46
\s:66,c:1782377488*42\!AIVDM,1,1,,B,13mO3l0OiQ0G19FSUlb1DA4l0<1a,0*1C
\s:66,c:1782377489*43\!AIVDM,1,1,,B,16:7;G001Q1fl0<CMmNT;CBn0<8D,0*59
\s:66,c:1782377488*42\!AIVDM,1,1,,A,13HOE@0P000Fm4lHmNRquOvp20Rs,0*52
\s:66,c:1782377491*4A\!AIVDM,1,1,,A,18KDj>000v7JDlD0d3`s<a300<<B,0*7B
\s:66,c:1782377492*49\!AIVDM,1,1,,B,18I8OD0uQT7JB6>0dJH4?kHv00Sd,0*1E
\s:66,c:1782377483*49\!AIVDM,1,1,,B,138gil3ui807470OM`@m8T4d0H=n,0*06
\s:66,c:1782377489*43\!AIVDM,1,1,,A,13l3thP01n09AuR3M`?SCjbr0@AK,0*06
\g:1-2-5198390,s:66,c:1782377488*0F\!AIVDM,2,1,0,A,56QeJLsLpO@@aT7CN20Q<>0@4P4:22222222220i1H@5440003m0C0@P,0*08
\g:2-2-5198390*62\!AIVDM,2,2,0,A,FKE0@PKE0C0@PF@,2*27
\s:66,c:1782377492*49\!AIVDM,1,1,,A,13KskT0uBq0p1DrO=JmokFA008Bj,0*54
\s:66,c:1782377491*4A\!AIVDM,1,1,,B,36:BibQ0008gp9@A6vte42Dr0D=:,0*37
\s:66,c:1782377488*42\!AIVDM,1,1,,B,14`UuSPwiq8RA;@F9c=kwC<r0<8S,0*0B
\s:66,c:1782377490*4B\!AIVDM,1,1,,A,33a=380PAE0@GHlMK<M4i3bt010P,0*68
\s:66,c:1782377493*48\!AIVDM,1,1,,A,13mB2i?P19QGFIPWqad@`ww02D0n,0*65
\s:66,c:1782377493*48\!AIVDM,1,1,,A,19NSm?Q00UrAvO25Jvh9dJM00D6n,0*7A
\s:66,c:1782377491*4A\!AIVDM,1,1,,A,36:=03P00V8gQ7@AWNIP4ITp01r0,0*03
\s:66,c:1782377491*4A\!AIVDM,1,1,,A,H3@oteP4@4lu<00000000000000,2*54
\s:66,c:1782377491*4A\!AIVDM,1,1,,A,H3@oteTT71B=9>0H@5npni0p6220,0*4F
\s:66,c:1782377492*49\!AIVDM,1,1,,A,1:U7ot0P03MP0C5s<OR3SOw00@Bo,0*0B
\s:66,c:1782377493*48\!AIVDM,1,1,,B,ENjbWF?6TaaTW3h@@@@@@@@@@@@@KT1O@T>P`00000N0100,2*74
\s:66,c:1782377488*42\!AIVDM,1,1,,B,13ITL4000>OQg1TKEuUF4lPr053<,0*48
\s:66,c:1782377490*4B\!AIVDM,1,1,,,B40ah`P00`3u36Ucd<3Q3wg1l000,0*79
\s:66,c:1782377491*4A\!AIVDM,1,1,,B,33ku;PE000P:W<vM=Rg8OjDv0Dg:,0*11
\s:66,c:1782377491*4A\!AIVDM,1,1,,B,15@eD@0P02rCe2858U7f4?vv253<,0*36
\s:66,c:1782377490*4B\!AIVDM,1,1,,,B39sV7P0002s`5UarB3Q3wfQh000,0*04
\s:66,c:1782377492*49\!AIVDM,1,1,,A,E>m1GV0QT0W72V@9b12@9`0a@1:n;HSpkQO?000003h033nH3SsdLh,4*54
\s:66,c:1782377487*4D\!AIVDM,1,1,,A,13oCAD0wP30DBkrQiU15sPph08?o,0*0C
\s:66,c:1782377491*4A\!AIVDM,1,1,,A,13aL=aOP00PF8gHMwpFN4?vv2@B@,0*72
\s:66,c:1782377494*4F\!AIVDM,1,1,,A,16:dB0h00088lSJ<qose:P120000,0*7D
\s:66,c:1782377494*4F\!AIVDM,1,1,,A,H3csaRPp4lT0000000000000000,2*50
\s:66,c:1782377494*4F\!AIVDM,1,1,,B,H3csaRTU7B=40059:miii01`9234,0*5F
\s:66,c:1782377491*4A\!AIVDM,1,1,,B,15CIWV000A`ha3<AnT6W9Qht0<8N,0*29
\g:1-2-5198391,s:66,c:1782377495*02\!AIVDM,2,1,1,A,59NSOKp2F0iLCE4GF20Dh4pA860l50hF2222221IBHT9G5dS1K0T`4m@,0*4C
\g:2-2-5198391*63\!AIVDM,2,2,1,A,H88888888888880,2*55
\s:66,c:1782377493*48\!AIVDM,1,1,,B,2815TNi000Wb3OB5msjLj8Lp0L<P,0*10
\s:66,c:1782377495*4E\!AIVDM,1,1,,A,19NSOKh002MP0G5s<OvT<0nF0D0g,0*17
\s:66,c:1782377495*4E\!AIVDM,1,1,,A,38SJIBU001WJlcD0g>U7l9C60000,0*26
\s:66,c:1782377489*43\!AIVDM,1,1,,B,16bfVr?P0CSOT90@bqf<BOvr2<5?,0*5B
\s:66,c:1782377492*49\!AIVDM,1,1,,A,33KskT0uRp0p1DpO=Jmol6Ap0000,0*52
\s:66,c:1782377495*4E\!AIVDM,1,1,,B,13S2ID001pPc?6NF;c>dMqw000S6,0*24
\s:66,c:1782377496*4D\!AIVDM,1,1,,A,B5OEoI000>WmF1U1G`l000N00000,0*5F
\s:66,c:1782377489*43\!AIVDM,1,1,,B,13`kDoh00nP;KLjMO3V8IVhj08A;,0*37
\s:66,c:1782377494*4F\!AIVDM,1,1,,A,13`dcmP00hPNkchMIeRpeVw0PD1O,0*35
\s:66,c:1782377491*4A\!AIVDM,1,1,,A,16:BMUPP008PkrhFK?OUOgvr08AI,0*5C
\s:66,c:1782377496*4D\!AIVDM,1,1,,A,H8SjcwA@5T0p4l3;80000000000,2*31
\s:66,c:1782377495*4E\!AIVDM,1,1,,B,176tp5001g87<jR;8FJoCmk6053<,0*60
\s:66,c:1782377492*49\!AIVDM,1,1,,A,33m=q;P0001BK`TWWCe4pSsp0000,0*62
\s:66,c:1782377497*4C\!AIVDM,1,1,,A,33a=380PAE0@GQpMK<C4OSM:0000,0*25
\g:1-2-5198392,s:66,c:1782377497*03\!AIVDM,2,1,2,B,56:JtB0000033333331<PDpN0hV3;7L00000001J28?541aC054BCQi0,0*5C
\g:2-2-5198392*60\!AIVDM,2,2,2,B,CkQhCQh00000008,2*76
\s:66,c:1782377495*4E\!AIVDM,1,1,,B,33JD6n7Oh@Ou0@rLOv;:e:E6014i,0*1F
\s:66,c:1782377487*4D\!AIVDM,1,1,,A,39NSNU000418HbfEwj7UBjBj00MS,0*4F
\s:66,c:1782377487*4D\!AIVDM,1,1,,A,33S2m5P01;125gRIsmmT2k@j02sA,0*5B
\s:66,c:1782377483*49\!AIVDM,1,1,,A,13AB6b0OiF0G=l`OoSCbgHfh0<1M,0*66
\s:66,c:1782377488*42\!AIVDM,1,1,,A,15NQv9<00mJdv;VG?rtCNRPn00S6,0*6C
\s:66,c:1782377490*4B\!AIVDM,1,1,,A,35NQv9<00nJdv<lG?rtCNjPr00QP,0*10
\s:66,c:1782377490*4B\!AIVDM,1,1,,A,19NSfB@2037K6OT0eH;rjUft00RU,0*49
\s:66,c:1782377487*4D\!AIVDM,1,1,,A,33oTnD00001FpbpWoPB4aa=p0000,0*71
\g:1-2-5198393,s:66,c:1782377486*02\!AIVDM,2,1,3,A,53l3nmH2GuGd=7;7W6044j0PuE=@tr222222221?22T;C5dF0@liljC`,0*54
\g:2-2-5198393*61\!AIVDM,2,2,3,A,41@Qhp888888880,2*2B
\s:66,c:1782377486*4C\!AIVDM,1,1,,B,B5O20aP00;7P8DJpsEwQ3wbUl000,0*0B
\s:66,c:1782377489*43\!AIVDM,1,1,,B,19Hl>K0uA=QvJv:GDt3b=p>j00RV,0*5F
\s:66,c:1782377487*4D\!AIVDM,1,1,,B,139gK6<P@0PebrjN`k5kc9>l2<4r,0*0C
\g:1-2-5198394,s:66,c:1782377490*02\!AIVDM,2,1,4,A,59NSNU82;r8DCE0KB20m<>0D@U@R0TV222222219D@nA:5ca0J2E1jE8,0*00
\g:2-2-5198394*66\!AIVDM,2,2,4,A,888888888888880,2*20
\s:66,c:1782377490*4B\!AIVDM,1,1,,A,18LOKT00147K8Nt0dtkuE;2v0@Ar,0*0F
\s:66,c:1782377488*42\!AIVDM,1,1,,B,16:<lJP01:8gc>hAkul;s9Tl00S7,0*1D
\s:66,c:1782377487*4D\!AIVDM,1,1,,B,1694WL002=8:kNl89FviG18j0H?=,0*76
\s:66,c:1782377488*42\!AIVDM,1,1,,A,16:=HS001D8gIoLAm@CKtabn0000,0*00
\s:66,c:1782377487*4D\!AIVDM,1,1,,B,13oTnD0000QFpbpWoPB4`q<p08@3,0*7B
\s:66,c:1782377489*43\!AIVDM,1,1,,A,19NSHm@01r7;oNd1kr=5544p0<0g,0*52
\s:66,c:1782377484*4E\!AIVDM,1,1,,B,ENj5wNQW9:FWaaP000000000000@6n<h>g?F0240bSv000,4*15
\s:66,c:1782377491*4A\!AIVDM,1,1,,B,18I>G60wP5RfD3B<G5ADuQft053<,0*7E
\s:66,c:1782377491*4A\!AIVDM,1,1,,A,18Htop?P0dWLK@>0j`MWewvt2HB?,0*2E
\s:66,c:1782377489*43\!AIVDM,1,1,,A,33n3;90PAW0L=qbQr1eMWbhp00vP,0*6C
\g:1-2-5198395,s:66,c:1782377489*0B\!AIVDM,2,1,5,A,539P:R427>u8@8=`000m0u=<000000000000001S3P6:20000320C@UD,0*75
\g:2-2-5198395*67\!AIVDM,2,2,5,A,Qh0000000000000,2*18
\s:66,c:1782377488*42\!AIVDM,1,1,,B,13`dVIhP00PDS;0MdW=h0?vp2L7`,0*43
\s:66,c:1782377488*42\!AIVDM,1,1,,A,139gUVPP00PrA90O793r1gvp253<,0*4B
\s:66,c:1782377492*49\!AIVDM,1,1,,B,16Shw;PP199<sNJD4ib;fgw1r8Bq,0*51
\s:66,c:1782377486*4C\!AIVDM,1,1,,A,17Odda@P@v:lHcAjGLwCBB`l0<1@,0*30
\s:66,c:1782377489*43\!AIVDM,1,1,,B,36:6wE0OiO8ivEtDRqm6v5`p00c@,0*1D
\s:66,c:1782377489*43\!AIVDM,1,1,,A,36:=HS001D8gInhAm@Fstabp0001,0*05
\s:66,c:1782377490*4B\!AIVDM,1,1,,A,33`eMA@Oh7PCGq8MF>lKd@rrP1t@,0*01
\s:66,c:1782377491*4A\!AIVDM,1,1,,B,177SHs?000`VS=6DV97:qB@t0@B5,0*3B
\s:66,c:1782377486*4C\!AIVDM,1,1,,A,B8Hu7b006ao1<8P;vlah7wdUoP06,0*09
\s:66,c:1782377485*4F\!AIVDM,1,1,,B,15NMKeP000rQNi@FMl1VmRbj0<1F,0*64
\s:66,c:1782377493*48\!AIVDM,1,1,,A,133o0<PP11PBvHrMIM@IbOw228Ck,0*20
\s:66,c:1782377493*48\!AIVDM,1,1,,B,38JGsd0P00WJj;p0gmdv4?w020BS,0*1F
\s:66,c:1782377489*43\!AIVDM,1,1,,B,16:;VQPP1E8NDInF@;v6:wvr08A@,0*78
\s:66,c:1782377493*48\!AIVDM,1,1,,B,13AB6b001E0G=`nOoSH:i8i40<1M,0*3D
\s:66,c:1782377494*4F\!AIVDM,1,1,,A,133s7NPP00PD6oNMDf4v4?w428DK,0*7E
\g:1-2-5198396,s:66,c:1782377466*09\!AIVDM,2,1,6,A,56:D<B`000000000000QD5<PDpM84pLtpOV2221@5@;45udf680iQ888,0*2D
\g:2-2-5198396*64\!AIVDM,2,2,6,A,888888888888880,2*22
\s:66,c:1782377494*4F\!AIVDM,1,1,,A,19NSta001s`?2up<e1jbA`=0053<,0*4A
\s:66,c:1782377495*4E\!AIVDM,1,1,,B,133nbePP01PCkqrMGbON4?w628DV,0*3C
\s:66,c:1782377495*4E\!AIVDM,1,1,,A,39NSG9m00018k36F02TWhn=20D`b,0*4D
\s:66,c:1782377494*4F\!AIVDM,1,1,,A,160SOvg000SOAVj@6K8v4:m22L7B,0*64
\s:66,c:1782377494*4F\!AIVDM,1,1,,B,13aDCOhP01PDQM`MdwDv4?w228Ct,0*40
\s:66,c:1782377492*49\!AIVDM,1,1,,A,B3MB3bh0;p2VD5UaV8RDCwh5oP06,0*13
\s:66,c:1782377496*4D\!AIVDM,1,1,,B,14eG=hh010o;LEbL6RGssaS200SJ,0*47
\s:66,c:1782377496*4D\!AIVDM,1,1,,A,13`eMA@Oh6PCGpfMF>mcWPu6P53<,0*2B
\s:66,c:1782377496*4D\!AIVDM,1,1,,A,1815R=wP01SRt<<@BKgv4?w62D5r,0*34
\s:66,c:1782377496*4D\!AIVDM,1,1,,A,14bHw2301?3Ne`f@BapJN`O80D;C,0*53
\s:66,c:1782377495*4E\!AIVDM,1,1,,B,B6:WpBh00227NaS?Q7M=TvA7QP06,0*57
\s:66,c:1782377495*4E\!AIVDM,1,1,,B,13RW3D7P001d5kHEf27;qww6053<,0*21
\s:66,c:1782377496*4D\!AIVDM,1,1,,A,15NMKeP000rQNi:FMl2FSjc808EI,0*24
\s:66,c:1782377482*48\!AIVDM,1,1,,B,E>m><f<`:8@77oKP000000000003e1jq0H3`@20@@@bf@0,4*28
\s:66,c:1782377487*4D\!AIVDM,1,1,,B,13cVgM0P00Q1DgTGGeVe3?vl0@?s,0*33
\s:66,c:1782377484*4E\!AIVDM,1,1,,B,83@nto@0G@:?>G1?6600,0*1E
\s:66,c:1782377486*4C\!AIVDM,1,1,,B,B7lddT@00:6;urOpKnRRwwP4kP06,0*5B
\s:66,c:1782377487*4D\!AIVDM,1,1,,B,13En2@8P0JOWCb0DdeCBFgvn053<,0*12
\s:66,c:1782377483*49\!AIVDM,1,1,,B,D02:o:iehLfp00M6EH0u6D0,2*41
\s:66,c:1782377486*4C\!AIVDM,1,1,,A,13=S9d0wiuOmovfLU=:S62Jj08?Q,0*1E
\s:66,c:1782377487*4D\!AIVDM,1,1,,B,13MCN;k000P8RCHOF3hiDRfn053<,0*19
\s:66,c:1782377485*4F\!AIVDM,1,1,,B,15?dOp@0h;ROrNl@kTk9;Hph053<,0*67
\s:66,c:1782377489*43\!AIVDM,1,1,,A,B3uKMFP08pEgU58Sm55LQ:N00000,0*57
\s:66,c:1782377489*43\!AIVDM,1,1,,B,28SJFSP01mW`aPH60nj6p5Tp0@@F,0*72
\s:66,c:1782377489*43\!AIVDM,1,1,,B,18I01V0001WJvU80gAn1jq@l0D>i,0*68
\s:66,c:1782377489*43\!AIVDM,1,1,,A,C6:e?WP0029fseTTUgLd?wv0DBbDB2L>@NL>`2CSiSR0S0PIS30P,0*65
\s:66,c:1782377487*4D\!AIVDM,1,1,,B,13aJGfPP00PFFotMw@=>4?vn20Se,0*38
\s:66,c:1782377489*43\!AIVDM,1,1,,A,3819B<P021ORSB:DpmUuh:up0000,0*20
\s:66,c:1782377485*4F\!AIVDM,1,1,,B,19NSPmSP003S>C@@D`C>4?vh28>a,0*0A
\s:66,c:1782377483*49\!AIVDM,1,1,,A,13V>o@00231O9EvErbQeP:nd0000,0*17
\s:66,c:1782377492*49\!AIVDM,1,1,,A,14hpLp500wP`9cBIHunp2FK20@C?,0*06
\s:66,c:1782377493*48\!AIVDM,1,1,,B,13ku15P02:3U6euj>F3B9Qlv0@C@,0*77
\s:66,c:1782377493*48\!AIVDM,1,1,,B,403t=Kivad`kO`ej8pAb6BW0053<,0*53
\s:66,c:1782377488*42\!AIVDM,1,1,,,13dSq80028:?k@hGo<2bKHBn0000,0*3C
\s:66,c:1782377491*4A\!AIVDM,1,1,,B,18SK58hP1;Wb3<D5r22Q9hVr28CW,0*08
\s:66,c:1782377486*4C\!AIVDM,1,1,,B,13`lWShP0fPH`f@NFt:3Rgvl2@?W,0*5F
\s:66,c:1782377483*49\!AIVDM,1,1,,A,1815Q8001g0rqs0E0`3TR3`f00S5,0*17
\s:66,c:1782377489*43\!AIVDM,1,1,,A,13l3nvE01;0D9V6MdRf2V22t0<H>,0*46
\s:66,c:1782377490*4B\!AIVDM,1,1,,A,19NSP90026OPq1`KLRq`T6jr0<2c,0*02
\s:66,c:1782377487*4D\!AIVDM,1,1,,B,E>kb9L@r9h@@@@@@@@@@@@@@@@@;W6H=:c>T@00003vP100,2*7B
\s:66,c:1782377489*43\!AIVDM,1,1,,B,13EbRlWP0LP2B9lF273V8?vp20SP,0*16
\s:66,c:1782377485*4F\!AIVDM,1,1,,A,B5O87KP00>L<BaTFFFH01Vv00000,0*2C
\s:66,c:1782377487*4D\!AIVDM,1,1,,A,33GQnOpOiHOGwtJH:qHB`20l01mh,0*4D
\s:66,c:1782377491*4A\!AIVDM,1,1,,A,13l3q6Pw2F0>?WhMcF;jrBBt08BL,0*58
\s:66,c:1782377492*49\!AIVDM,1,1,,B,1815SG@01A:mew7dN@u;sabr08BK,0*69
\s:66,c:1782377492*49\!AIVDM,1,1,,A,33@pJDA000I2tVh<0vbJdl920DqJ,0*46
\s:66,c:1782377492*49\!AIVDM,1,1,,B,14i5lkg0008f`?6A@;V@08`t0<:s,0*6E
\s:66,c:1782377488*42\!AIVDM,1,1,,B,ENk`t6dpq@@@@@@@@@@@@@@@@@@=3H;@<E1H`00003vP000,2*78
\s:66,c:1782377494*4F\!AIVDM,1,1,,B,16:8Ac?P?w<tSF0l4Q@>4?wv0t8t,0*3D
\s:66,c:1782377491*4A\!AIVDM,1,1,,A,19t6QiH01K1cT0fFFi?3S2k00D1=,0*21
\s:66,c:1782377488*42\!AIVDM,1,1,,A,B39OdpP0;p3dJGU`A2B9Gwf1l53<,0*48
\s:66,c:1782377491*4A\!AIVDM,1,1,,A,39t6QiH01J1cT0fFFi?3SRkp0000,0*7A
\s:66,c:1782377488*42\!AIVDM,1,1,,B,18R;1rP0023OON`@9fDJ;:Tr0@@V,0*29
\s:66,c:1782377487*4D\!AIVDM,1,1,,B,E>m><b<`:V0bh72W0aP000000003ewcN0J5;820@@@ef@0,4*7F
\s:66,c:1782377493*48\!AIVDM,1,1,,A,13VVNv0OiRQd9D`EeFW2`R<v053<,0*01
\s:66,c:1782377492*49\!AIVDM,1,1,,A,1815SUP01GOrH6TLTLqCRjnt00Ra,0*5B
\s:66,c:1782377493*48\!AIVDM,1,1,,B,144`Tp0000R:HQ<RA1Sf41W02<2>,0*6A
\g:1-2-5198397,s:66,c:1782377424*0E\!AIVDM,2,1,7,A,56::QiP2BSTD94aWR21PTr18tpN0@F04r2222216D@LD<5d`NAhhCp1Q,0*3D
\g:2-2-5198397*65\!AIVDM,2,2,7,A,BH12@C`88888880,2*71
\s:66,c:1782377490*4B\!AIVDM,1,1,,A,B3`da3P04p6sk;WL5PGQ3wg1l53<,0*1C
\s:66,c:1782377492*49\!AIVDM,1,1,,A,13aKVlPP000ElWdN00rf4?vv0<76,0*42
\s:66,c:1782377488*42\!AIVDM,1,1,,A,13IF2<0P0W0DOidHj59bFgvp2<00,0*71
\s:66,c:1782377497*4C\!AIVDM,1,1,,A,13ku;VP032OR=0Soi@;t=Ig6053<,0*53
\s:66,c:1782377497*4C\!AIVDM,1,1,,B,16:Lh6`00n88v1h<sOR5;4W8053<,0*26
\s:66,c:1782377487*4D\!AIVDM,1,1,,B,13u>>30sBl1E>G<R4ufjnj@p08?u,0*54
\s:66,c:1782377484*4E\!AIVDM,1,1,,A,33MCT0000GOq0HjM2dQF14mp0000,0*03
\s:66,c:1782377487*4D\!AIVDM,1,1,,B,169E43@P00`fwg0ADJq>4?vl2@?W,0*64
\s:66,c:1782377487*4D\!AIVDM,1,1,,A,138pon3v@H0L<@fNrw3bopRl0h@5,0*50
\s:66,c:1782377489*43\!AIVDM,1,1,,A,19AFcf3P00RAHUdB0Ovf4?vp28@u,0*3A
\s:66,c:1782377487*4D\!AIVDM,1,1,,A,1815E6P01wJDGVh?:n9PDPBj0@?t,0*0C
\s:66,c:1782377487*4D\!AIVDM,1,1,,B,16<jUr0wB47OfS40urOA70rj0D4<,0*41
\s:66,c:1782377488*42\!AIVDM,1,1,,B,35CORP10016Cu9`;woEDC65n0Dg:,0*51
\s:66,c:1782377490*4B\!AIVDM,1,1,,A,16:BB;P2AE8QQUPF80hDiSpt0<>`,0*75
\s:66,c:1782377491*4A\!AIVDM,1,1,,B,139OTLP000Pe=mTN`V2Cr:2l053<,0*0D
\s:66,c:1782377491*4A\!AIVDM,1,1,,B,15ON1<501GrdT`TG@TBhiPlr0D4@,0*76
\s:66,c:1782377491*4A\!AIVDM,1,1,,B,19NSd4002ENf@mF<4ne@t0i00<2q,0*45
\s:66,c:1782377485*4F\!AIVDM,1,1,,B,139jOA0P00PKpqjMc3:BtwvjR<1r,0*3D
\s:66,c:1782377489*43\!AIVDM,1,1,,A,169FudP000`9E28<n2;dUkjb08@i,0*11
\s:66,c:1782377488*42\!AIVDM,1,1,,A,13m:=jW000QAve0WiPQP2P`p0H@b,0*37
\s:66,c:1782377490*4B\!AIVDM,1,1,,A,B819FFh00>`NVi5Thj>K1?v00000,0*4D
\s:66,c:1782377490*4B\!AIVDM,1,1,,B,144eT650gw<tSF0l4Q@>49ov0`AO,0*56
\s:66,c:1782377488*42\!AIVDM,1,1,,A,33BJKT1000rfhSNG;IVESp6p0000,0*12
\s:66,c:1782377491*4A\!AIVDM,1,1,,B,18Hw1d800l7L6SP0k2s`P0pt053<,0*48
\s:66,c:1782377488*42\!AIVDM,1,1,,B,19NSP6h01G`gl=dAkCS;lIRl2<5v,0*1D
\s:66,c:1782377492*49\!AIVDM,1,1,,A,13bgOr700QPEOkpNBrOo3ULt0@Bn,0*67
\g:1-2-5198398,s:66,c:1782377493*0D\!AIVDM,2,1,8,B,56:Fgu`000000000001`PtpN0H63;WR2222222162AH;;1dcD:6R3mH4,0*2B
\g:2-2-5198398*6A\!AIVDM,2,2,8,B,j0C`88888888880,2*56
\s:66,c:1782377486*4C\!AIVDM,1,1,,B,33cqlS5000PacsBFKtBPCTdj0CUr,0*48
\s:66,c:1782377487*4D\!AIVDM,1,1,,A,13aU7TSP00PEqsrMw1JpSwvn2D:s,0*27
\s:66,c:1782377492*49\!AIVDM,1,1,,A,ENkb;2g9Rh@@@@@@@@@@@@@@@@@;W`lp=ePBh00003vP00,4*2A
\s:66,c:1782377492*49\!AIVDM,1,1,,B,46:3fb0000Htt<tSF0l4Q@100`B=,0*68
\s:66,c:1782377493*48\!AIVDM,1,1,,B,17ldp4p0007JRqP0fjs7AWE208C2,0*41
\s:66,c:1782377486*4C\!AIVDM,1,1,,B,36:d565P00`dH:RAsb24jgwp0000,0*60
\s:66,c:1782377493*48\!AIVDM,1,1,,B,13`snePP00PEoLPN2lcP0?w22<1T,0*5B
\s:66,c:1782377486*4C\!AIVDM,1,1,,A,13M@Vh01Ai7hVI49ukUst9VR0@>h,0*24
\s:66,c:1782377488*42\!AIVDM,1,1,,B,18L0Vr00007J`I60e??=Eo0p0@@`,0*44
\s:66,c:1782377487*4D\!AIVDM,1,1,,A,13`ga5p0000F0D2MwTui96>p053<,0*3E
\s:66,c:1782377494*4F\!AIVDM,1,1,,B,14SB`r0016P@9>8MJw4kF2U400S`,0*02
\s:66,c:1782377494*4F\!AIVDM,1,1,,B,13l3oT@0000Bgb@MfvoPWI;60L<i,0*5C
\s:66,c:1782377495*4E\!AIVDM,1,1,,B,402E3Tivad`kQ0AN<RMH>Kg02L5L,0*00
\s:66,c:1782377492*49\!AIVDM,1,1,,A,B7m3tk000:69<hwpd4tlSwgWkP06,0*25
\s:66,c:1782377494*4F\!AIVDM,1,1,,B,39NS`UE000OVl8rDRGncsiA20Dg:,0*51
\s:66,c:1782377492*49\!AIVDM,1,1,,A,15`=Mp001ESO<oD@AEvJD8CT00Rl,0*10
\s:66,c:1782377493*48\!AIVDM,1,1,,B,18I7ak00ir7@hOP1Jvu504300L1@,0*04
\s:66,c:1782377494*4F\!AIVDM,1,1,,B,H7tKlKDlu2@B?F1q=joip02P5654,0*67
\s:66,c:1782377494*4F\!AIVDM,1,1,,A,13=FIB0028PR5@rGEJ>a27?080Sl,0*71
\s:66,c:1782377495*4E\!AIVDM,1,1,,A,13ku:n@0inJ5;db=oFbSQRo8053<,0*20
\s:66,c:1782377493*48\!AIVDM,1,1,,B,3JpDs28000Jaj2P6Afp=9EDr0PL@,0*78
\s:66,c:1782377488*42\!AIVDM,1,1,,B,18LBg40P0pWKS<N0e@Ca;?w42LAO,0*6C
\s:66,c:1782377496*4D\!AIVDM,1,1,,A,35OBoB0000Jq7TVGkrbJ06Sp0000,0*5D
\s:66,c:1782377492*49\!AIVDM,1,1,,A,H3sHoR0@E=@E98t000000000000,2*21
\s:66,c:1782376829*44\!AIVDM,1,1,,A,H3sHoR56C=D714@3CH3o0050755t,0*32
\s:66,c:1782377486*4C\!AIVDM,1,1,,A,33F:agP000005vVFoid7RVUp0000,0*1B
\s:66,c:1782377487*4D\!AIVDM,1,1,,B,B8umaJ0000E5M>K9UFN2u`P53P06,0*67
\s:66,c:1782377487*4D\!AIVDM,1,1,,A,169LD00P0c8fjAFAPqIlegvj28>o,0*20
\s:66,c:1782377336*40\!AIVDM,1,1,,A,3:U70KU000M4@hKkOWgDPJCh0E1J,0*26
\s:66,c:1782377482*48\!AIVDM,1,1,,A,16:Dw9P2AP8emEDAq:t;<a0d0@?B,0*12
\s:66,c:1782377490*4B\!AIVDM,1,1,,B,16:;EfP0168iAAp@qns0q0lt2<56,0*0E
\s:66,c:1782377486*4C\!AIVDM,1,1,,A,13m9GaP000PFefVSHb@>452j28?;,0*25
\s:66,c:1782377417*44\!AIVDM,1,1,,B,B:U78k@00?A6CWtpDkJLgw`WGP06,0*6B
\s:66,c:1782377489*43\!AIVDM,1,1,,A,19NSfbhvk4n8bcHFKtuKiqJl08@g,0*3F
\s:66,c:1782377489*43\!AIVDM,1,1,,B,19lo4P000012KOojp9?d;ajd08<U,0*6F
\s:66,c:1782377488*42\!AIVDM,1,1,,B,B6:bhw00<b22Vu3@RGOHBeN021Mk,0*76
\s:66,c:1782377489*43\!AIVDM,1,1,,B,14`V2Oh01kPq?wJIpW5UM4Jp2<6f,0*59
\s:66,c:1782377489*43\!AIVDM,1,1,,B,13@toB00jVvPv6h9PvJ`2VLt08A<,0*10
\s:66,c:1782377488*42\!AIVDM,1,1,,A,13gVmd700QN>csJV=cOGe6Ll08@C,0*28
\s:66,c:1782377487*4D\!AIVDM,1,1,,B,16C>MB800tSTRab@gCUUclNn20Sf,0*36
\s:66,c:1782377491*4A\!AIVDM,1,1,,B,C6:?s:66,0*24
\s:66,c:1782377488*42\!AIVDM,1,1,,A,35NH9j5rh0G>pVbK5Jqq97Ep0000,0*58
\s:66,c:1782377491*4A\!AIVDM,1,1,,A,36:7BPP00r8gnQHA@du5kwv00000,0*49
\s:66,c:1782377485*4F\!AIVDM,1,1,,A,33aHp>@00F0F7j0Mw1nJ;Bdd0S81,0*60
\s:66,c:1782377489*43\!AIVDM,1,1,,A,15Moi?gP0FK36bBG`Bdn1Ovr053<,0*66
\s:66,c:1782377493*48\!AIVDM,1,1,,B,13Efqs800009n3RGb2PuQP:v0HCJ,0*06
\s:66,c:1782377486*4C\!AIVDM,1,1,,A,13aDpOh00GPNg76MNdw554Bm0D2?,0*1B
\s:66,c:1782377487*4D\!AIVDM,1,1,,A,26K2qJh0009jTOJD4jn4O46j0@?g,0*75
\s:66,c:1782377484*4E\!AIVDM,1,1,,A,H5O>P40ht<60hth638000000000,2*23
\s:66,c:1782377484*4E\!AIVDM,1,1,,A,H5O>P44T00000000000000108410,0*22
\s:66,c:1782377489*43\!AIVDM,1,1,,B,18I07;PP11WLMMT0i>Q=7Ovp2538,0*6F
\s:66,c:1782377491*4A\!AIVDM,1,1,,A,19NSh6@uiKNPiEL<GtD1@10r00Sm,0*73
\s:66,c:1782377486*4C\!AIVDM,1,1,,A,16:7nLP01E8eWOhAnpF5LDBj0D8P,0*27
\s:66,c:1782377490*4B\!AIVDM,1,1,,A,B5O>P4000>Qn9TQD6Oif1HN00000,0*7C
\s:66,c:1782377490*4B\!AIVDM,1,1,,A,33uDng?PA41EvqlQwhaWaEtt01o0,0*19
\s:66,c:1782377488*42\!AIVDM,1,1,,A,3815DAA000G<4>PL<m5Aa4Gp0000,0*77
\s:66,c:1782377491*4A\!AIVDM,1,1,,B,E>jHDT0R7SSRa10W5h;TW230a6h@3jq3?fl7@00003f010,4*4E
\s:66,c:1782377488*42\!AIVDM,1,1,,A,ENlt<:nSV:@;QI@87a:@60b0000ENNb`p`;3p00003v010,4*6E
\s:66,c:1782377489*43\!AIVDM,1,1,,A,15O13h?000qVii<@JqcA8;0p0HA0,0*00
\s:66,c:1782377492*49\!AIVDM,1,1,,A,17PG7i0001bl>l1dT3a>486v2HBn,0*43
\s:66,c:1782377476*43\!AIVDM,1,1,,B,39NSaSA1008MCn6F=7<mR7vL0Dg:,0*75
\s:66,c:1782377491*4A\!AIVDM,1,1,,A,B:pDrLP00>aTLD1O5LncOwgUoP06,0*3E
\s:66,c:1782377487*4D\!AIVDM,1,1,,A,3819FBh000Ii2>HAFg?P001p0000,0*53
\s:66,c:1782377488*42\!AIVDM,1,1,,B,18HsJ=0P007JWg<0gjGJb?vn20SM,0*18
\s:66,c:1782377493*48\!AIVDM,1,1,,A,169G`t0Ol`88sPf<pwPGvVK22D8u,0*33
\s:66,c:1782377487*4D\!AIVDM,1,1,,B,36:7vkQ0018L9@@FC;R<B7Rj0DhJ,0*56
\s:66,c:1782377493*48\!AIVDM,1,1,,A,13aJI=@01nwaonpKtVt211bt8<3c,0*5E
\g:1-2-5198399,s:66,c:1782377490*0F\!AIVDM,2,1,9,A,59NSe1`2;O2GDhMGR20m<>1UEHTd61J222222217Ki8J6udT0DAAi0CH,0*36
\g:2-2-5198399*6B\!AIVDM,2,2,9,A,888888888888880,2*2D
\s:66,c:1782377489*43\!AIVDM,1,1,0,B,8>k1o@AKpBjS?H65BvCWmre0<N00,0*0B
\s:66,c:1782377491*4A\!AIVDM,1,1,,B,39NSe1U0002AInVAwuSKBqpt0Dlb,0*17
\s:66,c:1782377492*49\!AIVDM,1,1,,B,13aGuo0P00PCG`:ML63f4?w028C=,0*2F
\s:66,c:1782377493*48\!AIVDM,1,1,,A,144WbQ50?w<tSF0l4Q@>40Wv1t1v,0*03
\g:1-2-5198400,s:66,c:1782377491*09\!AIVDM,2,1,0,A,55?dMNl2=3tw<G;7G>0P58ltqV1=@5:22222221AS@kNN6>T0`jmBmD8,0*63
\g:2-2-5198400*6C\!AIVDM,2,2,0,A,3FH888888888880,2*21
\s:66,c:1782377492*49\!AIVDM,1,1,,B,B6:5j;P0>2;ioWTK:Rd0kwg6SP06,0*62
\s:66,c:1782377494*4F\!AIVDM,1,1,,A,B5O>P4000>Qn9U1D6Oif1HN00000,0*1D
\s:66,c:1782377494*4F\!AIVDM,1,1,,A,16Sqnu?P00a=B3tD3gc>4?w2253<,0*25
\s:66,c:1782377493*48\!AIVDM,1,1,,A,13a9`H0vQp0;@ONMlpt;vI`v053<,0*44
\s:66,c:1782377488*42\!AIVDM,1,1,,A,1:p;bdhP00JV:Jt5u9qM7wvn2<22,0*53
\s:66,c:1782377492*49\!AIVDM,1,1,,B,13454`0000PEuNFMwBjLd2k008Bk,0*68
\s:66,c:1782377494*4F\!AIVDM,1,1,,A,35NH9j5rh0G>pVbK5Jqq6WCp0000,0*31
\s:66,c:1782377495*4E\!AIVDM,1,1,,B,19NSfbh1S5n8bPNFKuVKiaK00@DD,0*47
\s:66,c:1782377492*49\!AIVDM,1,1,,B,1815`:P1j37PhFf1H8>Pfh`p0@BQ,0*37
\s:66,c:1782377493*48\!AIVDM,1,1,,A,13W9Rf?vh6wc9UBDGQN8qiQ02<1J,0*7B
\s:66,c:1782377495*4E\!AIVDM,1,1,,A,13F:agP000P05vbFoicoQVU40<1n,0*06
\s:66,c:1782377490*4B\!AIVDM,1,1,,A,B6:;EfP0AB<DD@4>Mfh>kwv41P06,0*21
\s:66,c:1782377496*4D\!AIVDM,1,1,,B,39NSFmi002`Nt3LF>v8EsoLr0Dg:,0*1F
\s:66,c:1782377491*4A\!AIVDM,1,1,,A,13a3P5hP00PJ846N?6U>4?vt253<,0*26
\s:66,c:1782377496*4D\!AIVDM,1,1,,B,3815`550007KTDP0`9dcsEc60BVJ,0*25
\s:66,c:1782377497*4C\!AIVDM,1,1,,B,14`V1Vh01nPiI@@Q>98=tc5<0D27,0*3A
\s:66,c:1782377496*4D\!AIVDM,1,1,,B,15??kp00007Det>185eVq8c80D1M,0*73
\s:66,c:1782377491*4A\!AIVDM,1,1,,A,13cmjg0P3HPfo7bHtLJUAOvp0000,0*57
\s:66,c:1782377496*4D\!AIVDM,1,1,,A,3815T=1001SsHn8>W33`g6m20CHb,0*20
\s:66,c:1782377497*4C\!AIVDM,1,1,,A,16:<>mP01b8jo:0DNvNW2mU800SB,0*36
\s:66,c:1782377496*4D\!AIVDM,1,1,,B,142OJB@0001uge0GIm=Vcptp0W3h,0*70
\s:66,c:1782377497*4C\!AIVDM,1,1,,A,13B3;B02C=Pd>4hQ2V?qF7S:8D2r,0*59
\s:66,c:1782377498*43\!AIVDM,1,1,,B,18HtkA0038OKohrJPqu816K408Dh,0*3A
\s:66,c:1782377498*43\!AIVDM,1,1,,B,13aDrTwP0dPHKaRN?6VGI?w628Dl,0*74
\s:66,c:1782377496*4D\!AIVDM,1,1,,A,36:k=CPn188W0aLBCaqN4?v00000,0*5B
\s:66,c:1782377496*4D\!AIVDM,1,1,,A,17ldT>hP00WaD9utPTuiqgw82=1C,0*0C
\s:66,c:1782377491*4A\!AIVDM,1,1,,A,1815aVhwiO`lv5NAbJV6>Tlj0@B=,0*4E
\s:66,c:1782377491*4A\!AIVDM,1,1,,A,35O6`bP000Jptq`GmnJEUU?p0000,0*60
\s:66,c:1782377496*4D\!AIVDM,1,1,,B,36:9`j50008gM@PA>ek;aHQ40Dgr,0*49
\g:1-2-5198401,s:66,c:1782377496*0F\!AIVDM,2,1,1,A,58L@;042CE5wUKWS;B0l58TpF0u84<hF2222221@98A<45dg0?hA@PH8,0*1E
\g:2-2-5198401*6D\!AIVDM,2,2,1,A,888888888888880,2*25
\s:66,c:1782377496*4D\!AIVDM,1,1,,B,18L@;000017LNTV0gfLuM3W00@BN,0*70
\s:66,c:1782377496*4D\!AIVDM,1,1,,B,1:U6w1rP00Lr<W3jr3FQROw80@E;,0*2F
\s:66,c:1782377497*4C\!AIVDM,1,1,,B,19NS`aP02>7b>Nt;KgGFME;<0<2m,0*46
\s:66,c:1782377491*4A\!AIVDM,1,1,,B,36:IE7Q0078hEc<AuslTVPhr0Dnr,0*06
\s:66,c:1782377491*4A\!AIVDM,1,1,,B,H819ECTU7B=4000Fo1kiko00H0<0,0*7C
\s:66,c:1782377496*4D\!AIVDM,1,1,,B,337mOF0406PCR9fMFNnnu:C68P00,0*7D
\s:66,c:1782377493*48\!AIVDM,1,1,,A,B3:15E0080=fnb7ka>R0iWN00000,0*52
\s:66,c:1782377497*4C\!AIVDM,1,1,,A,B6:dF0P0:22CjT3=m1T4@3B7QP06,0*6E
\s:66,c:1782377489*43\!AIVDM,1,1,,,13lb5<002mPL7lNNinLqwWvf053<,0*7A
\s:66,c:1782377493*48\!AIVDM,1,1,,A,13cq8J8Ohi0e3mLI>v4P;5q400S;,0*33
\s:66,c:1782377494*4F\!AIVDM,1,1,,A,33cq8J8Ohi0e3mNI>v8P9Us60000,0*35
\s:66,c:1782377493*48\!AIVDM,1,1,,A,15NHR?<012q=;00@wElU?4?400SO,0*66
\g:1-2-5198402,s:66,c:1782377311*04\!AIVDM,2,1,2,A,56:BTsT000008iAW:20P4pN0lTr14TpN0HDpN216@PIE35dWN>0hCiQB,0*10
\g:2-2-5198402*6E\!AIVDM,2,2,2,A,A2@C`8888888880,2*0E
\s:66,c:1782377495*4E\!AIVDM,1,1,,A,29NSkvEP008flVVAE1Q@0?vt053<,0*29
\s:66,c:1782377493*48\!AIVDM,1,1,,A,18JAm48P00WLDv`0aL85lOw02@CE,0*5C
\s:66,c:1782377491*4A\!AIVDM,1,1,,B,402E;7Qvad`kNPHq:BNsFJg0253<,0*42
\s:66,c:1782377494*4F\!AIVDM,1,1,,A,33oRB@0PCL0Kr<lQemUA10hv01<0,0*70
\s:66,c:1782377495*4E\!AIVDM,1,1,,B,19N`3r0wjN7bB@D5j4NGP65208DM,0*30
\s:66,c:1782377494*4F\!AIVDM,1,1,,A,33l3oGhvR0wS37tKqg;QPQBr0@ve,0*1C
\s:66,c:1782377496*4D\!AIVDM,1,1,,B,ENk`s@>Vh@@@@@@@@@@@@@@@@@@=8e2p7Gm?`00003vP000,2*51
\s:66,c:1782377496*4D\!AIVDM,1,1,,A,13aLn6POis0@G8fMKcWsGI9400S9,0*15
\s:66,c:1782377492*49\!AIVDM,1,1,,B,16:io`00158LrAdF3n?V3U0v0HBd,0*55
\s:66,c:1782377492*49\!AIVDM,1,1,,B,13V8M6002@8ca`J>u?iiDi7608DK,0*0F
\s:66,c:1782377497*4C\!AIVDM,1,1,,A,14SHc`001U0c<t<Q1JlR>1i408EL,0*3F
\s:66,c:1782377490*4B\!AIVDM,1,1,,A,14`UvgP0i@P:kavNIJ1LtJLp0HAG,0*14
\s:66,c:1782377497*4C\!AIVDM,1,1,,A,14bHs87OhVvgeWB;ItKTdCQ20PRf,0*6C
\s:66,c:1782377497*4C\!AIVDM,1,1,,B,15NM0J001;q=UPv@qhdLjbC:08El,0*4C
\s:66,c:1782377490*4B\!AIVDM,1,1,,A,14eHHQ@000G<MPpL=pMPPP5P0<3K,0*7C
\s:66,c:1782377493*48\!AIVDM,1,1,,B,37ldJjhOhk6c=gt:bqi08h740200,0*77
\s:66,c:1782377494*4F\!AIVDM,1,1,,,17ldJjhOhk6c=gt:bqi08h760000,0*37
\s:66,c:1782377494*4F\!AIVDM,1,1,,A,38SK72OOh7Wa;N85s3O`66Lt212@,0*07
\s:66,c:1782377496*4D\!AIVDM,1,1,,B,13v4w8001qwUASdLT2BKsqQ800Sp,0*55
\s:66,c:1782377496*4D\!AIVDM,1,1,,A,18I=oM500C7K@O@0f=TmWbO40HE;,0*26
\s:66,c:1782377496*4D\!AIVDM,1,1,,A,B52aqeh00=ll2mULuUl00BN00000,0*75
\s:66,c:1782377497*4C\!AIVDM,1,1,,B,19NStTP1jm052S3p8<<d`b9600S7,0*64
\s:66,c:1782377491*4A\!AIVDM,1,1,,B,13Kcp2002OPE:fFNaP=obn500HCa,0*41
\s:66,c:1782377495*4E\!AIVDM,1,1,,,14e`4t5000sLfm`ISfk5UPft0000,0*43
\s:66,c:1782377490*4B\!AIVDM,1,1,,B,14:A:OwP00QW8U>ISbVf4?vtB<0=,0*6E
\s:66,c:1782377496*4D\!AIVDM,1,1,,B,15Ne6mP000o@1ChK@uwVTRA80:6H,0*50
\s:66,c:1782377493*48\!AIVDM,1,1,,A,33l3o<Q000G<2ODL=3V68SQ00000,0*21
\s:66,c:1782377495*4E\!AIVDM,1,1,,,13K03F0032bj8IlFGuFqaWe2053<,0*57
\s:66,c:1782377496*4D\!AIVDM,1,1,,B,18LGw00vR28f5p>?Iagp=FO608E@,0*6C
\s:66,c:1782377491*4A\!AIVDM,1,1,,B,13E`RigP0IP9DNJGQ8R9tOvv2D0n,0*08
\s:66,c:1782377487*4D\!AIVDM,1,1,,A,B3n3GmP1@h<7V?`RcHuQsweQh<13,0*50
\s:66,c:1782377487*4D\!AIVDM,1,1,,A,15O:J9P000JdQw@GB3>Jqadd0<4F,0*20
\s:66,c:1782377487*4D\!AIVDM,1,1,,A,13P7oq00220cp>:GR?7u5bTn0000,0*7F
\s:66,c:1782377391*4D\!AIVDM,1,1,,A,17mFB6`P?w<tSF0l4Q@>4?wv0t03,0*50
\s:66,c:1782377485*4F\!AIVDM,1,1,,B,139deWP0000Nl?VML2;bM3djP@>u,0*12
\s:66,c:1782377487*4D\!AIVDM,1,1,,A,13iNqB0000P8=wdNEQPDpk`l08@8,0*5F
\s:66,c:1782377480*4A\!AIVDM,1,1,,A,13T3pf0OP0Qrv;<E@NAR`?v`2000,0*0B
\s:66,c:1782377489*43\!AIVDM,1,1,,A,ENk`sSLHph@@@@@@@@@@@@@@@@@=C62o;D=iH00003vP000,2*0B
\s:66,c:1782377486*4C\!AIVDM,1,1,,A,B40abv00=h0jCJUT?4jS?we5kP06,0*05
\s:66,c:1782377485*4F\!AIVDM,1,1,,B,13cv4K0000vqO>>@7>TeGEVh0H>o,0*68
\s:66,c:1782377487*4D\!AIVDM,1,1,,B,ENjO`Gk2ppLp@1P`7h9PW20V7P00Bl`;;<krP10888N000,4*22
\s:66,c:1782377467*43\!AIVDM,1,1,,A,1815EU@11d8Q9ON05NmQ;A0>053<,0*47
\s:66,c:1782377476*43\!AIVDM,1,1,,B,3815EU@0Qd8Q9T@05Oni<Q0P07<S,0*13
\s:66,c:1782377484*4E\!AIVDM,1,1,,A,139Np>P001Pqp6DO?J2crmFd0<0n,0*5B
\s:66,c:1782377488*42\!AIVDM,1,1,,B,33eOEl?00wP6csfF:=QV2lRn2000,0*58
\s:66,c:1782377490*4B\!AIVDM,1,1,,A,13aFfu0P000APwpMGpPc:?vv28Ah,0*39
\s:66,c:1782377491*4A\!AIVDM,1,1,,A,15OAjfP000G@9qpEW=rbujrt00Ru,0*7E
\s:66,c:1782377487*4D\!AIVDM,1,1,,B,16LMi2001EajGI`D27e`O6dj08?n,0*03
\s:66,c:1782377491*4A\!AIVDM,1,1,,B,13l3p:@01VP?1HNMVM36BU:r0000,0*71
\s:66,c:1782377493*48\!AIVDM,1,1,,A,170>R6pP00T210F>PERU<gw02@CC,0*09
\s:66,c:1782377485*4F\!AIVDM,1,1,,A,17WK;G@01E09Te4MC`HRC1pf0t61,0*1B
\s:66,c:1782377490*4B\!AIVDM,1,1,,A,14eGT`h000G<<hnL6hgVf9Br0<4N,0*16
\s:66,c:1782377492*49\!AIVDM,1,1,,B,15NQLqd000q<kVdA1vvV@Jrv053<,0*61
\s:66,c:1782377484*4E\!AIVDM,1,1,,A,339Np>P0000qp6BO?J2KrUGp0000,0*69
\s:66,c:1782377487*4D\!AIVDM,1,1,,A,1:1KhP<P0vPt0D:Cp8TRDgvl2<1t,0*50
\s:66,c:1782377490*4B\!AIVDM,1,1,,A,13cf4=0P000g?EpHt5nv4?vr0000,0*0B
\s:66,c:1782377488*42\!AIVDM,1,1,,A,338QKn00001i4pBGEJJj>Qkp0000,0*28
\s:66,c:1782377485*4F\!AIVDM,1,1,,B,39NSmaE0008K@RtFAn=VrI4h0000,0*3B
\s:66,c:1782377491*4A\!AIVDM,1,1,,A,23aC2RPP00PD4:NMdM7N4?vv2@BU,0*42
\s:66,c:1782377493*48\!AIVDM,1,1,,B,18uJvH7P001DFfSdVFNdjww20<1R,0*25
\s:66,c:1782377492*49\!AIVDM,1,1,,A,33MAOkS0040kvBfO@dpi60qp0000,0*15
\s:66,c:1782377491*4A\!AIVDM,1,1,,B,E>kb9Jhqah@@@@@@@@@@@@@@@@@;W?lA:c6h@00003vP100,2*6B
\s:66,c:1782377489*43\!AIVDM,1,1,,A,28SK5oQP007a<D`5s`TGQwvn053<,0*20
\s:66,c:1782377490*4B\!AIVDM,1,1,,A,13aDpf0P00PD=FRMcuA9=wvvR8Av,0*7E
\s:66,c:1782377494*4F\!AIVDM,1,1,,A,402;bLQvad`kPPcKptHOD3W00PS:,0*1E
\s:66,c:1782377490*4B\!AIVDM,1,1,,A,35Nwr50000J>17HBHcrc18mp0000,0*08
\s:66,c:1782377494*4F\!AIVDM,1,1,,B,13EfuePP01Nh<ap8Ib;17ww4253<,0*0C
\s:66,c:1782377490*4B\!AIVDM,1,1,,B,18I<N0002oWPkg@1bMIWHUpn0<1P,0*5F
\s:66,c:1782377489*43\!AIVDM,1,1,,A,13F<Gt30030E7Q8FvqotKJrt0<20,0*15
\s:66,c:1782377491*4A\!AIVDM,1,1,,A,35OAjfP000G@9qrEW=rbvRsp0000,0*67
\s:66,c:1782377491*4A\!AIVDM,1,1,,B,13MAmH0P@<0MN`0NsS==ghJv0D24,0*5E
\s:66,c:1782377495*4E\!AIVDM,1,1,,B,17ldakh000W?mDD1e9D44Qs20<;n,0*1C
\s:66,c:1782377496*4D\!AIVDM,1,1,,B,15CnKF001=Sc6dJ?j@OchIS80@E9,0*5A
\s:66,c:1782377496*4D\!AIVDM,1,1,,A,13FOj80000ww1OFFcpb4i0A80D4C,0*67
\s:66,c:1782377496*4D\!AIVDM,1,1,,A,H40ai6Pl5@ht000000000000000,2*33
\s:66,c:1782377496*4D\!AIVDM,1,1,,A,H40ai6TT71B=9>082Inhom0`7250,0*0D
\s:66,c:1782377492*49\!AIVDM,1,1,,A,B40ai6P0>osjwnU=RkPeKwgUkP06,0*38
\s:66,c:1782377492*49\!AIVDM,1,1,,,18Ld?p022>Ov>H`LKpW654hv0000,0*21
\s:66,c:1782377496*4D\!AIVDM,1,1,,A,38I1@K0PAF7JwDh0g7LU<4160000,0*69
\s:66,c:1782377496*4D\!AIVDM,1,1,,A,18Ld?p022?Ov>KhLKp2n5Ti6053<,0*7C
\s:66,c:1782377489*43\!AIVDM,1,1,,A,33mA3f00010i5vRRAmUk`Rsp0000,0*67
\s:66,c:1782377496*4D\!AIVDM,1,1,,B,13dW0F001hP9GI@FFQCBej=40D2>,0*32
\s:66,c:1782377496*4D\!AIVDM,1,1,,A,18I5;V001tOH3fNCD=@1Li960<0<,0*06
\s:66,c:1782377498*43\!AIVDM,1,1,,B,33aB:P@P@vPF3?<N1HNhGP?001t@,0*50
\s:66,c:1782377497*4C\!AIVDM,1,1,,B,33S2m5POi;125qHIsmWT4kE80000,0*28
\s:66,c:1782377498*43\!AIVDM,1,1,,B,33wkl6U000PE19hN16O3oaK60DRr,0*61
\s:66,c:1782377497*4C\!AIVDM,1,1,,A,19Hl>K0vA=QvJnBGDstr=H=408Cq,0*34
\g:1-2-5198403,s:66,c:1782377498*03\!AIVDM,2,1,3,B,569AMKT0000090=GB20`Tr1T4pN3;J2222222216B`HB65e`0>Pp1`18,0*0B
\g:2-2-5198403*6F\!AIVDM,2,2,3,B,888888888888880,2*24
\s:66,c:1782377492*49\!AIVDM,1,1,,B,B3`dbLP0:H6Gm<WRuAivOwh1l0Rq,0*7C
\s:66,c:1782377492*49\!AIVDM,1,1,,A,B3aHtGh0:p;kkC7jmQLHKwh5oP06,0*1A
\s:66,c:1782377493*48\!AIVDM,1,1,,A,16K3g0h0009jKwPD33ai7TS02<2u,0*6C
\s:66,c:1782377493*48\!AIVDM,1,1,,B,403tCdAvad`kOWqg4v:g`g7008C9,0*1B
\s:66,c:1782377491*4A\!AIVDM,1,1,,A,16:VpP0OiP`l:wLAUImFvETv0@As,0*03
\s:66,c:1782377495*4E\!AIVDM,1,1,,B,369UTF5P008flu8AE78@0?w40P00,0*23
\s:66,c:1782377495*4E\!AIVDM,1,1,,A,ENjAq7:Q0U7ah22h60h82a60h<hOkVIR:D;7800003P>3S0Dp0PBPDh0,0*53
\s:66,c:1782377495*4E\!AIVDM,1,1,,B,13F:b60P?w0062nFojJv4?w200St,0*5B
\s:66,c:1782377495*4E\!AIVDM,1,1,,B,83`d`T0j2d<du<>=N2`iGgbh01L0,0*22
\s:66,c:1782377495*4E\!AIVDM,1,1,,B,403sl2Qvad`kR`9E58<nokG008Df,0*5E
\s:66,c:1782377496*4D\!AIVDM,1,1,,B,342OW7Q000PhvG@DPijk33U40P00,0*6A
\s:66,c:1782377496*4D\!AIVDM,1,1,,B,13u@OV0P001<fK4R47C`swvT08E=,0*5B
\s:66,c:1782377496*4D\!AIVDM,1,1,,,13dSq80028:?k4:Go;v:JpC60000,0*61
\s:66,c:1782377497*4C\!AIVDM,1,1,,A,13cVgM0P00Q1DgVGGeV=3?w80<2a,0*5C
\s:66,c:1782377495*4E\!AIVDM,1,1,,A,339LmhU000PfOtTO79n8NlQ62DlJ,0*68
\s:66,c:1782377496*4D\!AIVDM,1,1,,A,19NSo7P01lvjk:p>Bns8IVg80D0F,0*70
\s:66,c:1782377497*4C\!AIVDM,1,1,,B,13l3q6P02F0>?kvMcFLjr2C808Ep,0*4F
\s:66,c:1782377497*4C\!AIVDM,1,1,,B,38LFU:5001WLBUh0gkGuf3382Dsr,0*0C
\s:66,c:1782377498*43\!AIVDM,1,1,,A,15NSH90000o@7A2E`v77P33:053<,0*16
\s:66,c:1782377483*49\!AIVDM,1,1,,B,13f<kv?201OhUAjKCtL3:mNd08=K,0*35
\s:66,c:1782377490*4B\!AIVDM,1,1,,B,402FhaQvad`kN0dsvPI=i@70053<,0*6A
\s:66,c:1782377485*4F\!AIVDM,1,1,,B,B52PETh00<kl5=M@@APmwwdUT000,0*1E
\s:66,c:1782377487*4D\!AIVDM,1,1,,A,13l3qvh02i01S`JLtt9IsWtp08@?,0*6C
\s:66,c:1782377481*4B\!AIVDM,1,1,,A,15N82;PP00JgElnGNuTkO?v`00SE,0*04
\s:66,c:1782377484*4E\!AIVDM,1,1,,B,1815bb000<O`DghD`CESea:f08>N,0*11
\s:66,c:1782377489*43\!AIVDM,1,1,,A,39NSHmQ001O0Ku85C3V4DkBp0Dp:,0*09
\s:66,c:1782377490*4B\!AIVDM,1,1,,B,18Vj00001>R2mWlGI9eb?p<p200?,0*17
\s:66,c:1782377491*4A\!AIVDM,1,1,,A,19lSBp7001Q2Jhijp2?u;iDp0HAI,0*79
\s:66,c:1782377488*42\!AIVDM,1,1,,A,16:Bo100008doC@A7O25Mnbn0<8?,0*2D
\s:66,c:1782377485*4F\!AIVDM,1,1,,A,B4b3@J000ql79FPJJA3Q3wc6SP06,0*09
\s:66,c:1782377483*49\!AIVDM,1,1,,B,16:7<900008cjBhB0Sc8j`ph0L=N,0*56
\s:66,c:1782377489*43\!AIVDM,1,1,,B,15?dTo@01W`fe>0A7pqbSpLn0l?B,0*0F
\g:1-2-5198404,s:66,c:1782377490*0C\!AIVDM,2,1,4,B,56=q>qP2CMCoA8=>22058TE>222222222222220l0pa3:4sj09hkk3k@,0*1A
\g:2-2-5198404*68\!AIVDM,2,2,4,B,Sp8888888888880,2*00
\s:66,c:1782377490*4B\!AIVDM,1,1,,A,15W3Cj;P02vh>b88IFmpU?vr2<1`,0*67
\s:66,c:1782377481*4B\!AIVDM,1,1,,B,33MD<nPP@708uoVM`G?akW0V00s0,0*60
\s:66,c:1782377483*49\!AIVDM,1,1,,B,H8Lg?a4N00000000000000wp00w0,0*1A
\s:66,c:1782377486*4C\!AIVDM,1,1,,B,H52PETlT65340000000000wp00w0,0*57
\s:66,c:1782377489*43\!AIVDM,1,1,,B,14eHM50P00o=cm4L:TuhSgvr253<,0*7A
\s:66,c:1782377491*4A\!AIVDM,1,1,,B,B4eJSC@005kCH173PSKQ3wg1j?Or,0*2F
\s:66,c:1782377493*48\!AIVDM,1,1,,B,144V?A0002R:FwBR@jMv46q028C?,0*53
\s:66,c:1782377488*42\!AIVDM,1,1,,A,13SH2`7P00Q25?8Islq>4?vp28@i,0*6C
\s:66,c:1782377488*42\!AIVDM,1,1,,A,13aPQ600h0Q0UDtDLhCf40nj2000,0*69
\s:66,c:1782377489*43\!AIVDM,1,1,,B,33MD<nPOh;08unNM`G<ae74p01k@,0*64
\s:66,c:1782377490*4B\!AIVDM,1,1,,B,169q14PP0;8VTH:DW;2Jgwvr0<8`,0*3C
\s:66,c:1782377487*4D\!AIVDM,1,1,,A,B49oHeP0?P?TSH6Rc4IhQIN00000,0*20
\g:1-2-5198405,s:66,c:1782377491*0C\!AIVDM,2,1,5,A,56:C5:0000022222221`PF0@4V3KK3CR222222162P532Je:`5888888,0*32
\g:2-2-5198405*69\!AIVDM,2,2,5,A,888888888888888,2*29
\s:66,c:1782377492*49\!AIVDM,1,1,,A,19NSK7k1003Um0N?>qem5mVt0<:9,0*6D
\s:66,c:1782377494*4F\!AIVDM,1,1,,A,13=SQ8000u29uHDRAH1;II740U3<,0*2C
\s:66,c:1782377494*4F\!AIVDM,1,1,,A,19pQd87P00vh=Kn8Ic;v4?w42HCw,0*6B
\s:66,c:1782377491*4A\!AIVDM,1,1,,A,B3HVj3000?tStIVvOBl000N00000,0*0A
\s:66,c:1782377492*49\!AIVDM,1,1,,B,B3aHFeP00@5amOWOaGKQ3wh5kP06,0*38
\s:66,c:1782377489*43\!AIVDM,1,1,,A,B3`oTe00AWvSQ0W8;>:USwfQh53<,0*7F
\s:66,c:1782377488*42\!AIVDM,1,1,,B,169>Ki`P00`VS`@DVQsf4?vn20SS,0*35
\s:66,c:1782377494*4F\!AIVDM,1,1,,A,16=q>qP000UeS;83virJFRFl053<,0*02
\s:66,c:1782377494*4F\!AIVDM,1,1,,B,13SRn20PADQ;>uNHq8DA10hv0HCw,0*27
\s:66,c:1782377493*48\!AIVDM,1,1,,B,13l3qvh02i01SLdLtsnat7s20<5s,0*0A
\g:1-2-5198406,s:66,c:1782377493*0D\!AIVDM,2,1,6,A,53a>5R82HO9E0@DB221HE9@tn0`uT<F222222216=P;1=5dV0:QDlhAp,0*3C
\g:2-2-5198406*6A\!AIVDM,2,2,6,A,888888888888880,2*22
\s:66,c:1782377496*4D\!AIVDM,1,1,,B,102E;6wP00PBloFMgVLogOw820RO,0*09
\s:66,c:1782377495*4E\!AIVDM,1,1,,B,139meSg000PeU<bN`p=es2a608Dk,0*1B
\s:66,c:1782377492*49\!AIVDM,1,1,,A,B39c4F000?pkpfU>SW<026N00000,0*64
\s:66,c:1782377496*4D\!AIVDM,1,1,,B,16:BslU000`g0;DA?imaH:S40<<u,0*23
\s:66,c:1782377495*4E\!AIVDM,1,1,,B,16S`B4gwRL9=S>4D2JgefK100<62,0*2E
\g:1-2-5198407,s:66,c:1782377496*09\!AIVDM,2,1,7,B,59NSIC82DMR0CDU;8004h8E9@400000000000016E0OD95d@0B0k`6RQ,0*7B
\g:2-2-5198407*6B\!AIVDM,2,2,7,B,h00000000000000,2*78
\s:66,c:1782377495*4E\!AIVDM,1,1,,B,18Hw1d800l7L6SP0k2s`P0pt053<,0*48
\s:66,c:1782377496*4D\!AIVDM,1,1,,B,345<D91002`fdRhA2GtPUQk02000,0*40
\s:66,c:1782377496*4D\!AIVDM,1,1,,B,B6:ksN@0;j26KfS?iWkGbdAWQP06,0*5C
\s:66,c:1782377496*4D\!AIVDM,1,1,,B,H3M@hClTCBD:000=2=1l00108320,0*68
\s:66,c:1782377490*4B\!AIVDM,1,1,,A,19Hl=dP00=P:UtBEh72aWmFt053<,0*7C
\s:66,c:1782377497*4C\!AIVDM,1,1,,A,13crJL002LPef>dHa:JGd698053<,0*03
\s:66,c:1782377498*43\!AIVDM,1,1,,B,1815E6P01vJDG`b?:obhDhC80@Eo,0*5A
\s:66,c:1782377495*4E\!AIVDM,1,1,,B,13ImP@0005P67EtM@<geKlE6`HE2,0*4E
\s:66,c:1782377496*4D\!AIVDM,1,1,,B,16<v3q002:7TC8L28qhQ4hw60<0O,0*5A
\s:66,c:1782377489*43\!AIVDM,1,1,,A,342O:G002J1LbuNElLA5lTap0000,0*45
\s:66,c:1782377492*49\!AIVDM,1,1,,A,176r;K001p`lKjFCbjSh6@:b0<3l,0*33
\s:66,c:1782377495*4E\!AIVDM,1,1,,B,26K2qJh0009jTOJD4jn4O4720@De,0*56
\s:66,c:1782377495*4E\!AIVDM,1,1,,A,13@toB002VvPv3`9PuV82VM60D3q,0*01
\s:66,c:1782377495*4E\!AIVDM,1,1,,A,19t6R1h01M0O8vjF@5<:epK40L2i,0*08
\s:66,c:1782377496*4D\!AIVDM,1,1,,B,19NSKJP000HRTDp:rTQJ=Jm80<0R,0*60
\s:66,c:1782377497*4C\!AIVDM,1,1,,B,13HPIH001f00QQDLCsUs9`q40HEc,0*35
\s:66,c:1782377498*43\!AIVDM,1,1,,B,33aHp>@00I0F7f:Mw1kJ<Re20RiQ,0*1F
\s:66,c:1782377497*4C\!AIVDM,1,1,,A,169G`t004`88sMF<pvWGv6M:2HEL,0*09
\s:66,c:1782377495*4E\!AIVDM,1,1,,A,13aC3MhP000D68PMDmI:POw6253<,0*2B
\s:66,c:1782377492*49\!AIVDM,1,1,,A,H3MC5118u<D9E8p000000000000,2*65
\s:66,c:1782377488*42\!AIVDM,1,1,,A,23`en1PP0VPDQI:Me7KeC?vp2@@U,0*01
\s:66,c:1782377490*4B\!AIVDM,1,1,,A,13K@uH002b8BSF0;F:rHBFdt053<,0*7E
\s:66,c:1782377493*48\!AIVDM,1,1,,B,177Oba00BF0sNs<E4>t49SE400Sl,0*35
\s:66,c:1782377492*49\!AIVDM,1,1,,A,13cg5L00QkPuq:LE=SBcJa8v0<2i,0*79
\s:66,c:1782377494*4F\!AIVDM,1,1,,A,29NSw2P01Q9jIn2CltCTnko008DB,0*2B
\s:66,c:1782377495*4E\!AIVDM,1,1,,A,13wmC1P0?w<tSF0l4Q@>47;v0d18,0*6D
\s:66,c:1782377495*4E\!AIVDM,1,1,,A,404<o2Qvad`kS9<oCvD43?3008Do,0*0E
\s:66,c:1782377494*4F\!AIVDM,1,1,,B,18;:9K00018aRH88GVBUpG9408Cm,0*07
\s:66,c:1782377496*4D\!AIVDM,1,1,,B,38IQc250000CnGfMFICEE:E:0E2b,0*3F
\s:66,c:1782377496*4D\!AIVDM,1,1,,B,15Nam70P00Jd5gPG<Pc00?w60D1A,0*2A
\s:66,c:1782377496*4D\!AIVDM,1,1,,A,13cv4K0000vqO>>@7>TtIUW600Rr,0*32
\s:66,c:1782377493*48\!AIVDM,1,1,,B,17P1hU001obl9q1d`BQb>8E028CA,0*58
\s:66,c:1782377495*4E\!AIVDM,1,1,,A,18I4ha032M6@5wv3ECUCE2W20<0@,0*28
\s:66,c:1782377497*4C\!AIVDM,1,1,,B,19NSNT00020e>llI5PICPWC80PSV,0*7C
\s:66,c:1782377496*4D\!AIVDM,1,1,,B,139Np>P001Pqp6<O?J2sT5G40@EF,0*3E
\s:66,c:1782377495*4E\!AIVDM,1,1,,A,B7OmBpP002gNekt0oDu9P:i1VDW:,0*68
\s:66,c:1782377492*49\!AIVDM,1,1,,A,13aJHJHP170GhSlNQOe`Pgvv0<22,0*5D
\s:66,c:1782377487*4D\!AIVDM,1,1,,B,13os0B001S7047v32Nt4tD0`00TB,0*20
\s:66,c:1782377478*4D\!AIVDM,1,1,,B,13:bU<001o8Q2Fp0LhuIAWFV053<,0*01
\g:1-2-5198408,s:66,c:1782377489*08\!AIVDM,2,1,8,A,53l3p?T2@KNH=7;G;>0m<>0l58M8UB1PTTV22217ASRNB5g50W454jAH,0*66
\g:2-2-5198408*64\!AIVDM,2,2,8,A,888888888888880,2*2C
\s:66,c:1782377479*4C\!AIVDM,1,1,,B,B3UQ9500EHGi1m5Od;`=`;:0t000,0*4E
\s:66,c:1782377484*4E\!AIVDM,1,1,,A,37OhEnPPA::l8i?dWiLQ3@jf00wh,0*4A
\s:66,c:1782377488*42\!AIVDM,1,1,,A,13L?D<P0021R=4:RvL=lHHN00000,0*5A
\s:66,c:1782377483*49\!AIVDM,1,1,,B,13aQgD0P00PL@ELMkCfv4?vf28=d,0*3C
\s:66,c:1782377484*4E\!AIVDM,1,1,,A,1815Lr001k`cevH>t?3p=6Lf2h=v,0*11
\s:66,c:1782377484*4E\!AIVDM,1,1,,A,13Eo1W7P0EPD`fdFdouH8Ovh253<,0*1D
\s:66,c:1782377484*4E\!AIVDM,1,1,,A,H3GQbCi=E<4pp40000000000000,2*75
\s:66,c:1782377484*4E\!AIVDM,1,1,,A,H3GQbClUCBD:eUg000000018950t,0*0A
\s:66,c:1782377490*4B\!AIVDM,1,1,,B,E>jAVt@S0a7h:7a92R2VQ0a90P0@3<Dh;i9kP00000g020,4*20
\s:66,c:1782377490*4B\!AIVDM,1,1,,B,38I=WL50001mT>Mdb@v8gDpt0Dg:,0*39
\s:66,c:1782377487*4D\!AIVDM,1,1,,B,139w7?0P0wPco6JOSLu2HOvl2H?k,0*42
\s:66,c:1782377484*4E\!AIVDM,1,1,,A,16K3@300009jKfjD35kkOlNf20Ra,0*46
\s:66,c:1782377484*4E\!AIVDM,1,1,,A,D02IP>QMdffp,0*4F
\s:66,c:1782377489*43\!AIVDM,1,1,,A,16T5wfg0159>7J6Cwqi`jVtsr8A6,0*04
\s:66,c:1782377471*44\!AIVDM,1,1,,B,13Aj`d002;R:wkTBVgdsMq<D0@6N,0*09
\s:66,c:1782377251*40\!AIVDM,1,1,,B,33Aj`d002;R;4BhBVRMcMq<v0DBu,0*29
\s:66,c:1782377489*43\!AIVDM,1,1,,A,13@p=F@000PcOBLOVW6AJOvr0<02,0*5B
\s:66,c:1782377491*4A\!AIVDM,1,1,,A,18IqJT000>3W5uN?MnmF;oPv0<@I,0*2D
\s:66,c:1782377489*43\!AIVDM,1,1,,A,19NSt@00207iBS8:BoQc;q0n0005,0*46
\s:66,c:1782377490*4B\!AIVDM,1,1,,B,1340fnP000PCKc:MHff>4:pt20SA,0*6B
\s:66,c:1782377490*4B\!AIVDM,1,1,,A,13aI9b@P1IPC>T2Mf5t;Vgvt2<7d,0*4B
\s:66,c:1782377490*4B\!AIVDM,1,1,,B,B8HuA7h0<Qng;7P;mh95swg5kP06,0*2D
\s:66,c:1782377491*4A\!AIVDM,1,1,,A,13:UtD02BnPlLibEV0uAvQ`v253<,0*00
\s:66,c:1782377488*42\!AIVDM,1,1,,A,33VeDN002:1SvijEtBF2P21p0000,0*24
\s:66,c:1782377492*49\!AIVDM,1,1,,B,403n281uJl`kLRk>w4<@n9G00PS:,0*42
\s:66,c:1782377492*49\!AIVDM,1,1,,A,16:;i>POh<8kfUBA14Ur:D<v08Bu,0*76
\s:66,c:1782377490*4B\!AIVDM,1,1,,A,160s0`00043W9gV?I=UTH;4t0d@3,0*04
\s:66,c:1782377489*43\!AIVDM,1,1,,B,14pWHl`000K1@v6:Ranromfn0d0G,0*35
\s:66,c:1782377490*4B\!AIVDM,1,1,,B,19NSH>h121Q4t>hDANDiTA>h0D3;,0*02
\s:66,c:1782377493*48\!AIVDM,1,1,,B,1776;I0w1`7b40V5rCvMVrm00D5h,0*2E
\s:66,c:1782377493*48\!AIVDM,1,1,,B,1qLgjv0P0<2mSC9ubV;r2?vt0P00,0*2F
\s:66,c:1782377490*4B\!AIVDM,1,1,,A,13`da8PP01PD??bMdRpv4?vt2@As,0*3A
\s:66,c:1782377490*4B\!AIVDM,1,1,,B,13lBa<00iprKUN>>ol5;O9<n0<0n,0*14
\s:66,c:1782377490*4B\!AIVDM,1,1,,B,139cG=PP00PF7VjMw:C>4?vtRD5;,0*76
\s:66,c:1782377493*48\!AIVDM,1,1,,A,13`j4cPP00PE?VpMu7LN4?w22HCh,0*67
\g:1-2-5198409,s:66,c:1782377248*02\!AIVDM,2,1,9,A,53Aj`d82<W=DuLHC:20`tP4ppE>0l4E9<f222217F@VD<=jA0MiAl4i?,0*01
\g:2-2-5198409*65\!AIVDM,2,2,9,A,QhU0VH888888880,2*6F
\s:66,c:1782377493*48\!AIVDM,1,1,,A,15T1a@001Rwe5LnDaw1rLpLr053<,0*19
\s:66,c:1782377493*48\!AIVDM,1,1,,B,13mPsF0P001o:18`WaRLqww42HCP,0*46
\s:66,c:1782377490*4B\!AIVDM,1,1,,B,405pUTQvad`kMNFvNP9Ub9O02@Ag,0*7D
\s:66,c:1782377490*4B\!AIVDM,1,1,,A,25C@eB10009j0JjCwvEskl`p0HAr,0*6F
\s:66,c:1782377494*4F\!AIVDM,1,1,,A,36;9KL50007=iJp7Q5kj`h`v0Dr:,0*0A
\s:66,c:1782377493*48\!AIVDM,1,1,,A,13eQRL0000:cNN=kmcsi?4fh0D0m,0*39
\s:66,c:1782377489*43\!AIVDM,1,1,,B,1815T@P01p7Pnen1TkU8EnVr00S5,0*15
\s:66,c:1782377496*4D\!AIVDM,1,1,,A,B5OE?`000=kea3ViFsP000N00000,0*41
\s:66,c:1782377496*4D\!AIVDM,1,1,,B,15MsLB0000JdD?NG??b:Lh9:053<,0*38
\s:66,c:1782377496*4D\!AIVDM,1,1,,B,17lcn2H00GWa>F5tP?koRUo82@E2,0*4E
\s:66,c:1782377492*49\!AIVDM,1,1,,A,18158bk2@0M8luQkkSiafP0v2000,0*4C
\s:66,c:1782377493*48\!AIVDM,1,1,,A,33:4>dP00u0f0j2NVhC=Nbkp0000,0*50
\s:66,c:1782377497*4C\!AIVDM,1,1,,A,13os0B001S704>t32NClsT0t0@Ew,0*10
\s:66,c:1782377494*4F\!AIVDM,1,1,,B,B7`Bboh00fqDCcQejKCQ0Vi04000,0*58
\s:66,c:1782377496*4D\!AIVDM,1,1,,B,37OhEnPPA=:l8lMdWj=hshc201v0,0*1F
\s:66,c:1782377496*4D\!AIVDM,1,1,,B,14`9OL001h1?k<OdLPncfIK60<0M,0*63
\s:66,c:1782377494*4F\!AIVDM,1,1,,B,13Eo1W7P0DPD`eRFdoh88Ow22@Cl,0*49
\s:66,c:1782377487*4D\!AIVDM,1,1,,B,3ClNRr0vieJTl`t5pPtr>p<b0P9P,0*71
\s:66,c:1782377487*4D\!AIVDM,1,1,,B,33Hbq1001hP0>fJLBdRcg9Jn21s0,0*05
\s:66,c:1782377487*4D\!AIVDM,1,1,,A,16:?PLPP008faOhAQm2d9wvl00R4,0*39
\g:1-2-5198410,s:66,c:1782377483*0B\!AIVDM,2,1,0,A,53JhrV02>?JsTP7GCS0<l60<Ln0U<dDp@E9Dr217FA5@@5dk0FC@D53H,0*73
\g:2-2-5198410*6D\!AIVDM,2,2,0,A,888888888888880,2*24
\s:66,c:1782377425*45\!AIVDM,1,1,,A,B7lca?h06B8O9nP4m9WE?wd7kP06,0*0A
\s:66,c:1782377487*4D\!AIVDM,1,1,,B,15?dh`hP0>3QPId@<sq<Lwvl2D3u,0*08
\s:66,c:1782377487*4D\!AIVDM,1,1,,B,1:1Rif80000hg6TDQ0aP03jl0@@>,0*08
\s:66,c:1782377483*49\!AIVDM,1,1,,B,33usUT50000oR2VNwBcUGr6h0E@:,0*67
\s:66,c:1782377485*4F\!AIVDM,1,1,,A,13`j7rCP0007MDDMpO7rHwvh0<4R,0*4E
\s:66,c:1782377479*4C\!AIVDM,1,1,,A,32vg20?P0015d:HBQBNpWOvT01bS,0*2C
\s:66,c:1782377487*4D\!AIVDM,1,1,,A,13c`krWP0CPeHA<FSoGug?vl20S9,0*28
\s:66,c:1782377488*42\!AIVDM,1,1,,A,15OG@pP000oWf7rBeGIP2j@l0000,0*6C
\s:66,c:1782377489*43\!AIVDM,1,1,,A,35?dhS@P@GrCbqR58rCIJbrr00S@,0*69
\s:66,c:1782377490*4B\!AIVDM,1,1,,B,12vg20?P0015d:FBQBNpWOvr00RT,0*33
\s:66,c:1782377484*4E\!AIVDM,1,1,,A,33oA8V00000t02tV:;l1f:Wp0000,0*25
\s:66,c:1782377492*49\!AIVDM,1,1,,A,13lNRr0w1eJTlOT5pPkJ@p>v0@BR,0*70
\s:66,c:1782377487*4D\!AIVDM,1,1,,A,3819AKP0001cPOTFIua0001p0000,0*3C
\s:66,c:1782377489*43\!AIVDM,1,1,,A,33m;jW00000psBlU@C3@001p0000,0*34
\s:66,c:1782377486*4C\!AIVDM,1,1,,A,13aORf001IP?E6pMP<u<M9fj20S<,0*57
\s:66,c:1782377485*4F\!AIVDM,1,1,,A,152IK40uRD05O54Luf>QgAJl0<5A,0*76
\s:66,c:1782377484*4E\!AIVDM,1,1,,B,168uUSPOhD`W2w:D`Pic:Hhf2<29,0*15
\s:66,c:1782377484*4E\!AIVDM,1,1,,B,13m:>i0000282ft`JV:::G0f08=u,0*1A
\s:66,c:1782377479*4C\!AIVDM,1,1,,A,H3P;koPpEN0@5Lp000000000000,2*62
\s:66,c:1782377488*42\!AIVDM,1,1,,A,H3P;koTT0000000j3?Ak00184400,0*47
\g:1-2-5198411,s:66,c:1782377490*08\!AIVDM,2,1,1,A,59NSCNH2Bpt0CD87>210DhT<4r22222222222216@8c=>5d=ND4iljC`,0*02
\g:2-2-5198411*6C\!AIVDM,2,2,1,A,45hQhH888888880,2*3D
\s:66,c:1782377489*43\!AIVDM,1,1,,A,13f3:j000APR1>lI1eH8@i2p0HAR,0*5C
\s:66,c:1782377486*4C\!AIVDM,1,1,,A,188fSW?=@0mCDcSmv5i>4?vl2000,0*37
\s:66,c:1782377488*42\!AIVDM,1,1,,B,16:7bOP0008P0qPF:=Nb>BFn0@28,0*58
\s:66,c:1782377488*42\!AIVDM,1,1,,A,B52d:>h006TI1GSm;TGQ3wf1jCAr,0*78
\s:66,c:1782377493*48\!AIVDM,1,1,,B,33VhKd00001d3EbEf0?TOARv02t1,0*60
\s:66,c:1782377493*48\!AIVDM,1,1,,A,177lha001T`ke7tA1u70`0jt08C8,0*05
\s:66,c:1782377490*4B\!AIVDM,1,1,,B,B39RiBP0=8@bnB7r8hmQeCgUoP06,0*7B
\s:66,c:1782377490*4B\!AIVDM,1,1,,B,403Oth1vad`kOGLti@C1@d700t68,0*0A
\s:66,c:1782377493*48\!AIVDM,1,1,,B,19NSlV@12FGU;r4>=fHKaIJv08CN,0*17
\s:66,c:1782377485*4F\!AIVDM,1,1,,A,36:HhSPP@V8c<NtB5I:jB@@h021h,0*3E
\s:66,c:1782377492*49\!AIVDM,1,1,,B,139q@N000APeA76N`1aPdV30PHBu,0*55
\s:66,c:1782377492*49\!AIVDM,1,1,,A,B2vg20001b3I?iS9O6ANOwgW3P06,0*4B
\s:66,c:1782377492*49\!AIVDM,1,1,,A,38HsHa1wh1q?uCj:LqDVePpj0Dg:,0*21
\s:66,c:1782377493*48\!AIVDM,1,1,,A,35?dhS@P@DrCbq@58rEIJbk0027h,0*6B
\s:66,c:1782377493*48\!AIVDM,1,1,,A,18HsKH011W`U``DF9F>Jjpfb053<,0*58
\s:66,c:1782377493*48\!AIVDM,1,1,,A,19NS>S@02V`@?P`<d@pSDRe00@CR,0*7C
\s:66,c:1782377489*43\!AIVDM,1,1,,B,402AaBQvad`kLQBqgdHIqV700D4T,0*40
\s:66,c:1782377488*42\!AIVDM,1,1,,A,33aI9J@0000JC@FNCFUh001p0000,0*05
\s:66,c:1782377488*42\!AIVDM,1,1,,B,33@o4S001APcb`@Q2cEhH:vn2200,0*2B
\s:66,c:1782377487*4D\!AIVDM,1,1,,A,H3@prFAHDE84000000000000000,2*6F
\s:66,c:1782377487*4D\!AIVDM,1,1,,B,H3@prFDTG4040KuH@9ojlm0h6304,0*5F
\s:66,c:1782377487*4D\!AIVDM,1,1,,B,13?sH9P0000eIerN`kwJSHLn00Rn,0*0C
\s:66,c:1782377487*4D\!AIVDM,1,1,,B,19:q6:0P000n:M7uA0AbOwvp0@@B,0*7F
\s:66,c:1782377486*4C\!AIVDM,1,1,,A,B8Ht8M00<qnW=uP;>o4gswv6oP06,0*3D
\s:66,c:1782377487*4D\!AIVDM,1,1,,A,33?sH9P0000eIerN`kw:S8Mp0000,0*2E
\s:66,c:1782377489*43\!AIVDM,1,1,,B,16:R94?001`LMOb>05WHbPll08@k,0*30
\s:66,c:1782377485*4F\!AIVDM,1,1,,A,13`kEoUP0oPFm2DMu4f<9?vj2D7W,0*08
\s:66,c:1782377487*4D\!AIVDM,1,1,,B,13VREF0wP62gsN><n4oVj7Th0D6n,0*45
\s:66,c:1782377487*4D\!AIVDM,1,1,,B,19NSMfP02uNr:nlDFaRCAB`l0?wu,0*48
\s:66,c:1782377488*42\!AIVDM,1,1,,B,19NSi0hwR=8`f<H>e`gAiQNl053<,0*5E
\s:66,c:1782377482*48\!AIVDM,1,1,,B,13c1`400jSnqaPfM37NKA92`0@=3,0*48
\s:66,c:1782377485*4F\!AIVDM,1,1,,B,16Bw6o?P00T8LH0>c?9ACwvf28>K,0*38
\s:66,c:1782377487*4D\!AIVDM,1,1,,A,13RNh40000Qd5dpEf3t9J`:j0<44,0*5B
\s:66,c:1782377488*42\!AIVDM,1,1,,A,13Hcoc3P0100Q5vLD:KFwgvn0D1I,0*48
\s:66,c:1782377490*4B\!AIVDM,1,1,,A,18R:r95P1@O0tR85AU?16?vtP53<,0*37
\s:66,c:1782377489*43\!AIVDM,1,1,,A,D0222A1EhN?b<`N01FDv000,2*7B
\s:66,c:1782377487*4D\!AIVDM,1,1,,B,B3P871P0>p1kECUTR4J<;we7t000,0*03
\s:66,c:1782377492*49\!AIVDM,1,1,,A,18I9s780007K?iV0f=U1E`Jt0D>M,0*7C
\s:66,c:1782377489*43\!AIVDM,1,1,,A,13aFgdHP00PG?8<N2Hbf4?vp253<,0*01
\s:66,c:1782377487*4D\!AIVDM,1,1,,A,B5OA2;00AEIW=iM`QS2j:LN00000,0*67
\s:66,c:1782377491*4A\!AIVDM,1,1,,A,H5OA2;08TN0hu=@000000000000,2*1C
\s:66,c:1782377491*4A\!AIVDM,1,1,,A,H5OA2;4T0000000G4Alhml105250,0*38
\s:66,c:1782377492*49\!AIVDM,1,1,,A,369@Fs5P00`g4sPA?HJ>4?vv2DGb,0*00
\s:66,c:1782377494*4F\!AIVDM,1,1,,A,19NSMfP02uNr;54DFackAja2053<,0*20
\s:66,c:1782377490*4B\!AIVDM,1,1,,B,402FhRAvad`kN10bF4H7na7?tU3<,0*5F
\s:66,c:1782377493*48\!AIVDM,1,1,,A,13f24N00000fpE4I6@2KkDu00HCO,0*05
\s:66,c:1782377492*49\!AIVDM,1,1,,B,33aEOj0P00PFAIhMvtajH?vv204i,0*5E
\s:66,c:1782377493*48\!AIVDM,1,1,,B,36:=kU5P00`f7dBA8;UlR7Lr0P00,0*2B
\s:66,c:1782377494*4F\!AIVDM,1,1,,B,1:U6vIPP00uOrV9s<ktK0?w4253<,0*0A
\s:66,c:1782377493*48\!AIVDM,1,1,,A,19Hl>L@01b`PDBBF<nl:d8G20@CB,0*35
\s:66,c:1782377493*48\!AIVDM,1,1,,A,1815:uh00rPda9lQ4a`3IRm000S<,0*00
\s:66,c:1782377493*48\!AIVDM,1,1,,A,B6?Um=P00aEWi51nHG<o7wgW3P06,0*01
\s:66,c:1782377493*48\!AIVDM,1,1,,A,19NSrJPwjiWfg>847>N`Fnht0HBk,0*09
\s:66,c:1782377493*48\!AIVDM,1,1,,A,13aq;F001A0BvqtMfe@d79e40U3<,0*67
\s:66,c:1782377493*48\!AIVDM,1,1,,A,13MA<IOP00OvrbrM5N9mCOw02D0H,0*3E
\s:66,c:1782377495*4E\!AIVDM,1,1,,A,E>j5wW0cTW230a6h7;q@9cP000006BBp>iipP00003i010,4*4C
\s:66,c:1782377495*4E\!AIVDM,1,1,,B,169E@Q80248gTP0ACLg735m40D:8,0*1D
\s:66,c:1782377490*4B\!AIVDM,1,1,,B,13JaN2001u`jL1dAk?7Jl`hf0D<M,0*48
\s:66,c:1782377496*4D\!AIVDM,1,1,,A,13?sH9P0000eIf0N`kw:SHK:00SD,0*46
\s:66,c:1782377489*43\!AIVDM,1,1,,A,16:6KqPP1R8dmVLAt;uDV3rt08C=,0*75
\s:66,c:1782377487*4D\!AIVDM,1,1,,A,15N0:I0P00oRn9`CDVhbMOvn28?p,0*41
\s:66,c:1782377487*4D\!AIVDM,1,1,,B,16:7g4000Q808pj<1sC@I@Jl0@?c,0*49
\s:66,c:1782377485*4F\!AIVDM,1,1,,B,13ku;J@00KOH=RvGTKMRBR8h00S9,0*30
\s:66,c:1782377488*42\!AIVDM,1,1,,B,25>vRJ000h7b?L@5nVrhdP0n0<8:,0*3F
\s:66,c:1782377488*42\!AIVDM,1,1,,B,B3Iaw>0067t<E8Vl?hu@gwf5h000,0*42
\s:66,c:1782377487*4D\!AIVDM,1,1,,B,36:ISd5P0M8fd1h@wO@:LOvn03:1,0*0E
\s:66,c:1782377483*49\!AIVDM,1,1,,B,132k6R?P1MwH4@dGT?95lwvd2<0l,0*5D
\s:66,c:1782377488*42\!AIVDM,1,1,,A,B7ldtJ005r6=MLOpb@bASw`TkP06,0*3B
\s:66,c:1782377489*43\!AIVDM,1,1,,A,19@>m4@01q1Gmv<PI3?0d@Tr0`AQ,0*0F
\s:66,c:1782377491*4A\!AIVDM,1,1,,B,15MlLbPP00rdRPVG@>;:m?vt00SG,0*10
\s:66,c:1782377491*4A\!AIVDM,1,1,,A,13l3pm001hQpl3tFv?5Mws8t053<,0*00
\s:66,c:1782377488*42\!AIVDM,1,1,,B,13IQ=2002rP70`pM<Gpm0D4p053<,0*26
\s:66,c:1782377491*4A\!AIVDM,1,1,,A,13=@ir00QnOU<UpKsLWH:6Nt0<2o,0*72
\s:66,c:1782377491*4A\!AIVDM,1,1,,A,H39g=9P<P48hU<0000000000000,2*04
\s:66,c:1782377491*4A\!AIVDM,1,1,,A,H39g=9TTCBD5P4m4;lkji01H2120,0*3D
\s:66,c:1782377491*4A\!AIVDM,1,1,,A,33MBuV@011OqISnONAT0m0bt00lh,0*5B
\s:66,c:1782377488*42\!AIVDM,1,1,,A,13mJfN30030:4:hN;HGkKipn0<0n,0*38
\s:66,c:1782377491*4A\!AIVDM,1,1,,B,16TdWj00BkvRT7689qmUo4dr0L1w,0*48
\s:66,c:1782377491*4A\!AIVDM,1,1,,B,18I0300P0C7KUA20fhpsqwvv0L<H,0*2C
\s:66,c:1782377488*42\!AIVDM,1,1,,B,13mPItP0001d91N`IPRr;7<n053<,0*59
\s:66,c:1782377492*49\!AIVDM,1,1,,B,E>jR7bg47a3Pa2:S6@@@@@@@@@@OFOCrBlkL@1088;v0100,2*28
\s:66,c:1782377493*48\!AIVDM,1,1,,B,25>vRJ000h7b?M65nW=hdh120<88,0*61
\s:66,c:1782377490*4B\!AIVDM,1,1,,B,403OKFivad`kNr@lJV?=g>?02L;C,0*1F
\s:66,c:1782377492*49\!AIVDM,1,1,,A,17liTB0P007Lcnj0Uqgv4?vv0@Bn,0*1D
\s:66,c:1782377489*43\!AIVDM,1,1,,A,339ed:00000eVs`N`pj@001p0000,0*01
\s:66,c:1782377493*48\!AIVDM,1,1,,A,13IQ=2002rP70k8M<GE50T5208Co,0*76
\g:1-2-5198412,s:66,c:1782377494*0F\!AIVDM,2,1,2,B,54hHBB40?LHM`L=W:20d4l4h5T6222222222220U28V275Th08hE21CT,0*38
\g:2-2-5198412*6F\!AIVDM,2,2,2,B,p88888888888880,2*6D
\s:66,c:1782377487*4D\!AIVDM,1,1,,A,16:RgRP01J8iuMjAoSAG>5Hn20Rt,0*16
\s:66,c:1782377492*49\!AIVDM,1,1,,A,35@Vn<04jB3Qll0?q2?pAnfr00S0,0*71
\s:66,c:1782377495*4E\!AIVDM,1,1,,A,369I475P008f`d4A:J0>4?vj2P00,0*11
\s:66,c:1782377490*4B\!AIVDM,1,1,,B,34hDDH5000P<4vDF`q0009bp0DM:,0*22
\s:66,c:1782377491*4A\!AIVDM,1,1,,A,B91CfG@0084K16UAoHb8;wv43P06,0*0C
\s:66,c:1782377496*4D\!AIVDM,1,1,,A,H52mia@hTpDA8UHD00000000000,2*56
\s:66,c:1782377494*4F\!AIVDM,1,1,,B,B6:AWa00Bj;?@p4AsS:T92N41P06,0*2D
\s:66,c:1782377496*4D\!AIVDM,1,1,,B,18Kj1D002e7?6l:1RuEDISS:0HES,0*4D
\s:66,c:1782377495*4E\!AIVDM,1,1,,B,15N0:I0P00oRn9jCDVgbKgw828Du,0*40
\s:66,c:1782377494*4F\!AIVDM,1,1,,B,15MmuRP000rRVBRE9@ejS3320@Cs,0*32
\s:66,c:1782377497*4C\!AIVDM,1,1,,A,B3`lW3P0005iJ67PBPKQ3wjQhD72,0*46
\s:66,c:1782377487*4D\!AIVDM,1,1,,A,19NSme@02A83uo88ViT`bFtl00S9,0*74
\s:66,c:1782377488*42\!AIVDM,1,1,,B,362?@T1003LdQN3j=;J6>o@b0Dg:,0*75
\s:66,c:1782377483*49\!AIVDM,1,1,,A,33u?kOU0000mwtTPuUG@001p0000,0*11
\s:66,c:1782377471*44\!AIVDM,1,1,,B,15S>kF0wBS`TDn2<gJPW7UhL0H6K,0*4E
\s:66,c:1782377338*4E\!AIVDM,1,1,,B,35S>kF00jS`TDun<gisW7mh20D>e,0*08
\s:66,c:1782377486*4C\!AIVDM,1,1,,B,17PB?A0P3:blGfujGGiEwgvl253<,0*38
\s:66,c:1782377485*4F\!AIVDM,1,1,,B,H5OGH9TU>F3jhioG4Amjop00?050,0*4F
\s:66,c:1782377488*42\!AIVDM,1,1,,B,16SfCP0w040`R0NIBsK<TWlf0<8?,0*36
\s:66,c:1782377488*42\!AIVDM,1,1,,A,13bT9F001UONt?>Ju4p87VLp0<1u,0*2B
\s:66,c:1782377487*4D\!AIVDM,1,1,,A,16:6V6001K8lNqHCWuvP004j00SU,0*0B
\g:1-2-5198413,s:66,c:1782377489*02\!AIVDM,2,1,3,A,538UMb82F1cOD9MOD019E<4@U8000000000000157avE:=dTo?QDhAl?,0*09
\g:2-2-5198413*6E\!AIVDM,2,2,3,A,?QDkC3P00000000,2*76
\s:66,c:1782377485*4F\!AIVDM,1,1,,A,33o<4H0Oh30n0jFQ>wrjHQup0000,0*73
\s:66,c:1782377488*42\!AIVDM,1,1,,B,13a3<30P0oPNiGnMLVm6Hgvp253<,0*36
\s:66,c:1782377487*4D\!AIVDM,1,1,,A,16:JNePP@58gUR0ACUkVIH>l0@H;,0*5D
\s:66,c:1782377487*4D\!AIVDM,1,1,,A,33GQPI@000NmaQJ@Bog0mA9p0000,0*5F
\s:66,c:1782377484*4E\!AIVDM,1,1,,A,339L8J0PAM0MiGhNdgJn5Tfj00w@,0*45
\s:66,c:1782377489*43\!AIVDM,1,1,,B,15Qc@@000J0A3kNN8vCPgPvp053<,0*26
\g:1-2-5198414,s:66,c:1782377487*0B\!AIVDM,2,1,4,A,53GQPID0000000000004q@E5DE861000000000000000000000000000,0*27
\g:2-2-5198414*69\!AIVDM,2,2,4,A,000000000000000,2*20
\s:66,c:1782377490*4B\!AIVDM,1,1,,B,14hGj@002EPC6;HGPEnHiFtr08Ak,0*7B
\s:66,c:1782377481*4B\!AIVDM,1,1,,A,13R<6D0OTR1tTIdE9lR<4qb`0000,0*44
\s:66,c:1782377486*4C\!AIVDM,1,1,,B,16:?8P001I8iOrdA6Hi=r;<P08?8,0*7E
\s:66,c:1782377487*4D\!AIVDM,1,1,,B,36:C2K0PA?8f`9DA7`iT=kPj01tP,0*1F
\s:66,c:1782377488*42\!AIVDM,1,1,,B,19NSRp000u2C2MWgPW9D9SJr0L0U,0*58
\s:66,c:1782377488*42\!AIVDM,1,1,,B,ENk`tM<Jh@@@@@@@@@@@@@@@@@@=?g>d;7Vlp00003vP000,2*5C
\s:66,c:1782377490*4B\!AIVDM,1,1,,A,16:IgVP01?8hk@@AfoF4bSHr0HBo,0*52
\s:66,c:1782377488*42\!AIVDM,1,1,,A,13cjSD003pPFs>fG`2hbQpLl0d2:,0*06
\s:66,c:1782377491*4A\!AIVDM,1,1,,B,134<hl00000CV:0MHHHu:8`t0<>T,0*04
\s:66,c:1782377490*4B\!AIVDM,1,1,,B,402FhQivad`kN0bS`PFQUf70053<,0*2B
\s:66,c:1782377483*49\!AIVDM,1,1,,A,35N7b2U000q<sK>@wnV7FRmH0000,0*2E
\s:66,c:1782377488*42\!AIVDM,1,1,,B,H5O<eaTTFC@0000G4>jhn00`9nB0,0*0E
\s:66,c:1782377485*4F\!AIVDM,1,1,,B,13@nkGo0000U;k4P2u;007RhH<0@,0*5E
\s:66,c:1782377491*4A\!AIVDM,1,1,,B,13eprR000nwFjWlEtNBP<00t08Au,0*35
\s:66,c:1782377487*4D\!AIVDM,1,1,,A,160wiD0vQjWbr`n5Mc@uAbFN0D0j,0*54
\s:66,c:1782377488*42\!AIVDM,1,1,,B,13ssA27P00QWAP4ISG;UawvnR8@I,0*4E
\s:66,c:1782377489*43\!AIVDM,1,1,,A,B5O8gAP00El8L46oNF09Owf5oP06,0*33
\s:66,c:1782377492*49\!AIVDM,1,1,,B,19NSiaP02?GugCH=NtwDk3ht0<0R,0*15
\s:66,c:1782377380*4D\!AIVDM,1,1,,A,377KOM5000`KKO>EsdnV0G<p0000,0*19
\s:66,c:1782377490*4B\!AIVDM,1,1,,B,13Hsc:0PBlPFkbnHlg:P?hHt253<,0*30
\s:66,c:1782377493*48\!AIVDM,1,1,,A,339L8J0PAL0MiL@NdfkEnDa00000,0*4D
\s:66,c:1782377492*49\!AIVDM,1,1,,A,13@O<n0006weS:j2oU2iraTt0`Bi,0*75
\s:66,c:1782377494*4F\!AIVDM,1,1,,A,13GQPII100vmaQD@Bog@DA;2053<,0*70
\s:66,c:1782377494*4F\!AIVDM,1,1,,A,36:JNePP@28gUR0ACUl4EH=200t@,0*5B
\s:66,c:1782377494*4F\!AIVDM,1,1,,B,19NSme@02A83uij8VhnHbVu0053<,0*1D
\s:66,c:1782377492*49\!AIVDM,1,1,,A,16:?:1P01@`ju6>ACtioDES40@D6,0*5D
\s:66,c:1782377489*43\!AIVDM,1,1,,B,15O2Fu3P01GRvuDCCNDSw?vp00T4,0*28
\s:66,c:1782377494*4F\!AIVDM,1,1,,B,16:C2K0PA@8f`=nA7`W4;SJv0@C`,0*5C
\s:66,c:1782377491*4A\!AIVDM,1,1,,A,13oVw270001dFkr`KvfMCj2t0<0w,0*07
\s:66,c:1782377492*49\!AIVDM,1,1,,A,35MqcN1P@0FBKDbPk=CqC5gp0000,0*1C
\s:66,c:1782377490*4B\!AIVDM,1,1,,B,19NSmhP02cWrOrl8HtJhN@Hp00S4,0*07
\s:66,c:1782377493*48\!AIVDM,1,1,,B,13cgO>0000QBkrtG;sKbF6>v08CC,0*3A
\s:66,c:1782377492*49\!AIVDM,1,1,,A,18I9hT0wA=GDFb`Cu3J=1JU0053<,0*79
\g:1-2-5198415,s:66,c:1782377493*0F\!AIVDM,2,1,5,A,538UMb82F1cOD9MOD019E<4@U8000000000000157avE:=dTo?QDhAl?,0*0F
\g:2-2-5198415*68\!AIVDM,2,2,5,A,?QDkC3P00000000,2*70
\s:66,c:1782377493*48\!AIVDM,1,1,,B,144sqB1001`hqG:A;ldFfB4v08C8,0*71
\s:66,c:1782377494*4F\!AIVDM,1,1,,B,402;bFQuJl`kQ00DlrLE55i00@D?,0*55
\s:66,c:1782377491*4A\!AIVDM,1,1,,B,13`j7B3P00PGC9dNOhSN4?vt253<,0*47
\s:66,c:1782377496*4D\!AIVDM,1,1,,A,15EFo>002qURi=T4A2?40k;000SC,0*38
\s:66,c:1782377496*4D\!AIVDM,1,1,,B,13VdaP00001d;RjEeHIoEC=4053<,0*39
\s:66,c:1782377496*4D\!AIVDM,1,1,,A,13IdFe0000Ohb74KDC7b96s80000,0*31
\s:66,c:1782377480*4A\!AIVDM,1,1,,B,H5OD?VTT7B=4000G4@ollk107620,0*43
\s:66,c:1782377483*49\!AIVDM,1,1,,A,13cW:10P1D0V3R@FIQP9u?vd0<3a,0*78
\s:66,c:1782377435*44\!AIVDM,1,1,,A,15ANPd00227NqT61`o@VEE6n0`Dm,0*7A
\s:66,c:1782377489*43\!AIVDM,1,1,,B,1:U77q;P00LQqPEiJ5KFVgvp2@@s,0*75
\s:66,c:1782377486*4C\!AIVDM,1,1,,A,16109TPOh8SRtll@<w5u4Jpl20Rr,0*7C
\s:66,c:1782377489*43\!AIVDM,1,1,,A,3697?BP000`cIqTFVwmpRBPh0Rfi,0*60
\s:66,c:1782377487*4D\!AIVDM,1,1,,B,13lB9t01jM`Qncot>G`sbqDj2`@=,0*3D
\s:66,c:1782377486*4C\!AIVDM,1,1,,B,13ku:s002:OOafjJmS2A1hjj00RJ,0*53
\s:66,c:1782377486*4C\!AIVDM,1,1,,A,33RSGH0Oih1Na=FEdnF`r79p0000,0*56
\s:66,c:1782377488*42\!AIVDM,1,1,,B,1778Dq002>`8t?><g0I6mERl0@@V,0*5C
\s:66,c:1782377489*43\!AIVDM,1,1,,B,13`eH7hP0bPCh@jMGCKeKOvr253<,0*09
\s:66,c:1782377491*4A\!AIVDM,1,1,,B,13@p@N<00l0qqfNOouE0WPLr00R;,0*21
\s:66,c:1782377486*4C\!AIVDM,1,1,,B,H5OD?VTT7B=4000G4@ollk107620,0*43
\s:66,c:1782377489*43\!AIVDM,1,1,,A,199B240P?w<tSF0l4Q@>4?wv0U3<,0*01
\s:66,c:1782377492*49\!AIVDM,1,1,,A,18I7tS00007Ji`20diViil4p00Rh,0*49
\s:66,c:1782377492*49\!AIVDM,1,1,,B,4055DPQvad`kOWIlc60fqbw02<5H,0*05
\s:66,c:1782377487*4D\!AIVDM,1,1,,B,169AEv00008f`NHARKr:VkLl0<80,0*58
\s:66,c:1782377487*4D\!AIVDM,1,1,,A,36Sr`O001Pa7i2`C8;5r1ojj20th,0*66
\s:66,c:1782377481*4B\!AIVDM,1,1,,A,3kHO=Ig00;Oid1lK:5nEVSpP0000,0*04
\s:66,c:1782377484*4E\!AIVDM,1,1,,A,15NFeB000UqO<N8GcjSeUJlf053<,0*7B
\s:66,c:1782377487*4D\!AIVDM,1,1,,A,13Eo2`0P1>wGnPbHIH?jwgvl253<,0*41
\s:66,c:1782377487*4D\!AIVDM,1,1,,A,144Wbc01ieQHFGLCl6M;7pmp1t00,0*68
\s:66,c:1782377489*43\!AIVDM,1,1,,B,19NSdrh02sG1M6p?aG6c`IDn0<02,0*03
\s:66,c:1782377491*4A\!AIVDM,1,1,,A,13V><B001j70<BR3EhFm=lBP0HBR,0*5C
\s:66,c:1782377489*43\!AIVDM,1,1,,A,C68rUo@03b2t433>O4EkSTN0@GQQaKee:0000000000000D2RRR0,0*51
\s:66,c:1782377488*42\!AIVDM,1,1,,A,339V0NPOiL0W15fNb2GEo4lr01q@,0*61
\g:1-2-5198416,s:66,c:1782377492*0D\!AIVDM,2,1,6,B,59NSd2p2GNVgDhI3B20m<>1<tHT6222222222217=l0NE5qP1M0kU0Cp,0*0E
\g:2-2-5198416*6B\!AIVDM,2,2,6,B,888888888888880,2*21
\s:66,c:1782377487*4D\!AIVDM,1,1,,A,1771Qg001U8Q?ARF<oe:VHNp053<,0*51
\s:66,c:1782377488*42\!AIVDM,1,1,,B,36::>w10008MID0EqaebLann0E:r,0*62
\s:66,c:1782377488*42\!AIVDM,1,1,,B,13ku:F001W0=AahNRUShr0lr00SV,0*4D
\s:66,c:1782377492*49\!AIVDM,1,1,,A,39NSd2hwBoOVwtwv0h@UMDBt0DfM,0*63
\s:66,c:1782377485*4F\!AIVDM,1,1,,A,18I<9d001mbA;5HGlSUJNHJh053<,0*77
\s:66,c:1782377489*43\!AIVDM,1,1,,B,33cj@u0OiI0td`RCp`840k>r00nQ,0*23
\s:66,c:1782377490*4B\!AIVDM,1,1,,B,13eWa4000WwFVBHEc9`s794p00Rp,0*2E
\s:66,c:1782377491*4A\!AIVDM,1,1,,B,B3`so`006p46`n7Fqu6?SwgQl0R@,0*22
\s:66,c:1782377491*4A\!AIVDM,1,1,,B,14`UwuP0005eRV83vn@v42Jv2L19,0*4A
\s:66,c:1782377488*42\!AIVDM,1,1,,B,15U0A4000h`iNbJAh6nu7K6p0W3h,0*04
\s:66,c:1782377490*4B\!AIVDM,1,1,,B,402E;8ivad`kNPF>KlNKUjw0253<,0*70
\s:66,c:1782377492*49\!AIVDM,1,1,,A,H52i2Hi05@PHTp@E80000000000,2*55
\s:66,c:1782377133*47\!AIVDM,1,1,,B,H52i2HlUFC@D2NA00000001P422<,0*25
\s:66,c:1782377493*48\!AIVDM,1,1,,B,13cvrf000011BbVGGIj=5kG208Cl,0*42
\s:66,c:1782377490*4B\!AIVDM,1,1,,B,14eGIdhP00o<Lh<L5TM>4?vt20S<,0*66
\s:66,c:1782377491*4A\!AIVDM,1,1,,A,13MChMP01c0a`nrEU1jbnpbr0<4f,0*69
\s:66,c:1782377489*43\!AIVDM,1,1,,B,17mF?a@P1K7L2300bBk42?vp2@A4,0*35
\s:66,c:1782377494*4F\!AIVDM,1,1,,B,15NFV3d000rdp8BGAH3a78=20D47,0*6F
\s:66,c:1782377489*43\!AIVDM,1,1,,B,B52fgi000=qoBT4cWn@264>Qh000,0*24
\s:66,c:1782377492*49\!AIVDM,1,1,,A,16:>naP01Q`S@qLF0M=Tiklr00SF,0*3F
\s:66,c:1782377486*4C\!AIVDM,1,1,,B,16:>PMP00p8hilPAn>FVIDfn053<,0*10
\s:66,c:1782377492*49\!AIVDM,1,1,,A,19@>jc?P00SqhOJ>m97aM?vv28Bl,0*13
\s:66,c:1782377492*49\!AIVDM,1,1,,A,36SkPI0P01a=QhHD4bKpkwvv200B,0*0B
\s:66,c:1782377490*4B\!AIVDM,1,1,,B,13mS8h00001>5K0Wd9Cf43Ht0hAc,0*66
\s:66,c:1782377493*48\!AIVDM,1,1,,A,D0476ch?lBfp?`B?`0,4*1D
\s:66,c:1782377493*48\!AIVDM,1,1,,A,33MB:P0Oh0wqKSDONNhf47m021vh,0*3C
\s:66,c:1782377493*48\!AIVDM,1,1,,A,18JTd600007KnAT0gJ9@S4S40<>D,0*76
\s:66,c:1782377495*4E\!AIVDM,1,1,,B,33M9ob001GOGB3PIes@7u6O202r1,0*54
\s:66,c:1782377491*4A\!AIVDM,1,1,,A,B52dG>0006fdbeV3hu<000N00000,0*77
\s:66,c:1782377480*4A\!AIVDM,1,1,,A,35960r`000HHnJv=A7@P001p0000,0*75
\g:1-2-5198417,s:66,c:1782377488*07\!AIVDM,2,1,7,B,55?<Pt822:n@Q3O37:184H4Dj22222222222221:3P537ureNAP00000,0*00
\g:2-2-5198417*6A\!AIVDM,2,2,7,B,000000000000000,2*20
\s:66,c:1782377485*4F\!AIVDM,1,1,,B,402SPkAvad`kG<tSF0l4Q@101P06,0*47
\s:66,c:1782377486*4C\!AIVDM,1,1,,A,15ODAr0003JRPS2E6@P7Jp<j0@?g,0*20
\s:66,c:1782377489*43\!AIVDM,1,1,,A,19NSgB@w2w5QRvGw>5SaF7Tn0HA4,0*6B
\s:66,c:1782377486*4C\!AIVDM,1,1,,B,13Hpk6?007wtpD<LN7gAv2Jl053<,0*3A
\s:66,c:1782377482*48\!AIVDM,1,1,,B,19NS23h0257QDRH1jNrGjF<N053<,0*22
\s:66,c:1782377490*4B\!AIVDM,1,1,,A,B6lNDp00BAng<>0:b;aeGwg63P06,0*1F
\s:66,c:1782377490*4B\!AIVDM,1,1,,A,1815Vfh0221>3pbDQ?a:M8Bp0<0O,0*28
\s:66,c:1782377490*4B\!AIVDM,1,1,,A,13EWp0?000wj6W>DT61@000v0000,0*2A
\s:66,c:1782377486*4C\!AIVDM,1,1,,A,13aI8V0P00PG2SpNBe?N4?vl2000,0*0F
\s:66,c:1782377487*4D\!AIVDM,1,1,,A,1:kJW>0P01rvnqmlL4En=wvh0l0>,0*4B
\s:66,c:1782377448*4E\!AIVDM,1,1,,B,39NRR@QOh07OI?d1;Qm775mP0D:J,0*37
\s:66,c:1782377489*43\!AIVDM,1,1,,B,340Ut>EP00PeWAPN`AMN4?vrRDgr,0*0B
\s:66,c:1782377490*4B\!AIVDM,1,1,,A,19NSpJ@wRdJB5Gms23KmV4Pp08AW,0*17
\s:66,c:1782377492*49\!AIVDM,1,1,,A,19NSe?301a0`:q>HrUKPT0O0053<,0*7A
\s:66,c:1782377489*43\!AIVDM,1,1,,,15O6d9;P@1rRV7<E809ajRlp0000,0*11
\s:66,c:1782377493*48\!AIVDM,1,1,,B,15@aN:3P00t3OR:3E:QoGgw2053<,0*6A
\g:1-2-5198418,s:66,c:1782377489*09\!AIVDM,2,1,8,B,5819CKp2HOh=KL7K7O=058608DhiHn222222220U2pH285dDN73CkP@k,0*34
\g:2-2-5198418*65\!AIVDM,2,2,8,B,p88888888888880,2*67
\s:66,c:1782377490*4B\!AIVDM,1,1,,B,14dBTB00001mUW7db>PGa4Pj0@Am,0*65
\s:66,c:1782377488*42\!AIVDM,1,1,,,B5O1=NP00>qMfgQQjcoQ3wUUoP06,0*04
\s:66,c:1782377487*4D\!AIVDM,1,1,,A,16K2:A00009jGEfD3P;qibbp00S>,0*0D
\s:66,c:1782377490*4B\!AIVDM,1,1,,B,15O5BuP000GRT<dCCVV945vp08At,0*16
\s:66,c:1782377493*48\!AIVDM,1,1,,B,13JiaN001F0?05FH>TGsKI:v0D1<,0*31
\s:66,c:1782377486*4C\!AIVDM,1,1,,A,19NSg`h02MbBSIdGrl@B8ijn053<,0*49
\s:66,c:1782377492*49\!AIVDM,1,1,,B,19NSg`h02MbBSRfGrlnR7Qi20<0?,0*0C
\s:66,c:1782377491*4A\!AIVDM,1,1,,A,33=2Vv00001Jt;BFfA0nGSGp0000,0*63
\s:66,c:1782377492*49\!AIVDM,1,1,,B,138B7H00540?eRjG2hwLIqrr0@Bi,0*34
\s:66,c:1782377491*4A\!AIVDM,1,1,,A,13u?dWP01A1Ai:lQr@gm@D8v0D1V,0*32
\s:66,c:1782377491*4A\!AIVDM,1,1,,A,35?dN7001Q1ac1TDWS:QmQSp0000,0*00
\s:66,c:1782377490*4B\!AIVDM,1,1,,A,18I5QN30000Pm;0SobTbIHBr0@AT,0*75
\s:66,c:1782377493*48\!AIVDM,1,1,,A,19NScFCP01SW99`?K8d>4?w02@C;,0*30
\s:66,c:1782377493*48\!AIVDM,1,1,,B,1815bg@11FWJuNl0fNdcmaHt00SB,0*5F
\s:66,c:1782377489*43\!AIVDM,1,1,,A,35O6d9;P@1rRV78E809ajRln0230,0*49
\s:66,c:1782377493*48\!AIVDM,1,1,,,15O6d9;P@1rRV7@E809qjRi00000,0*38
\s:66,c:1782377491*4A\!AIVDM,1,1,,A,402SPkAvad`kN<tSF0l4Q@101P06,0*4D
\s:66,c:1782377494*4F\!AIVDM,1,1,,A,17m@9G8P01WaDM?tR@f>4?w4253<,0*64
\s:66,c:1782377491*4A\!AIVDM,1,1,,B,B3MBSuP007wILBWiSJOQ3wfQjABb,0*6B
\s:66,c:1782377494*4F\!AIVDM,1,1,,B,13`geEhP1OPCEULMHohmR?vv2@D2,0*0F
\s:66,c:1782377491*4A\!AIVDM,1,1,,A,H0>RjD@9DuV1?6oS2D000000000,2*42
\s:66,c:1782377491*4A\!AIVDM,1,1,,A,H0>RjDD08C4e>=;phU0000000004,0*33
\s:66,c:1782377494*4F\!AIVDM,1,1,,B,403t>91uJl`kQ`btUjA<75A0253<,0*16
\g:1-2-5198419,s:66,c:1782377496*06\!AIVDM,2,1,9,B,8NjOsr00GhFdBQC<EK:7gwvlFR06EuOwwol?wnSwe7wvlOwwsAwwnSGm,0*1C
\g:2-2-5198419*64\!AIVDM,2,2,9,B,wvh0,0*45
\s:66,c:1782377495*4E\!AIVDM,1,1,,A,13P91F@000068=VM@AWnFU520@De,0*2F
\s:66,c:1782377495*4E\!AIVDM,1,1,,B,176u?8001T7pkDr6GRl8EFc40<0F,0*41
\s:66,c:1782377495*4E\!AIVDM,1,1,,B,33lvq>5000P1QSbMLPvR3U748m0b,0*63
\s:66,c:1782377496*4D\!AIVDM,1,1,,B,19NSpJ@vRdJB5M9s22Q5WDQ408E3,0*5C
\s:66,c:1782377496*4D\!AIVDM,1,1,,B,138B7H00540?eHnG2j2LJ9s200S?,0*50
\s:66,c:1782377494*4F\!AIVDM,1,1,,B,33l9>S@P@Q0qGLJDfWK<pIu600B@,0*66
\s:66,c:1782377492*49\!AIVDM,1,1,,A,13l9>S@P@P0qGLjDfWFtpIw20D5U,0*13
\s:66,c:1782377495*4E\!AIVDM,1,1,,A,13m;SOW001QnnAN`WB`qv1960<0S,0*15
\s:66,c:1782377480*4A\!AIVDM,1,1,,B,18J@rN001e8=DnB8PkbQ`i8V00Sw,0*50
\s:66,c:1782377484*4E\!AIVDM,1,1,,,14VfvN5000OO<`0ST64=8Rvf0000,0*41
\s:66,c:1782377487*4D\!AIVDM,1,1,,A,38I7UP00211h3R0Deferi8`l0CS=,0*4D
\s:66,c:1782377487*4D\!AIVDM,1,1,,B,16:G4:00017if8>:?FnVdplp053<,0*17
\s:66,c:1782377483*49\!AIVDM,1,1,,A,B3`ev@@0086SL97UIap000N00000,0*78
\s:66,c:1782377488*42\!AIVDM,1,1,,,14VfvN5000OO<WvST64=8Rvn0000,0*38
\s:66,c:1782377490*4B\!AIVDM,1,1,,A,15BqAB001K1>komdK4oTpT2t0<07,0*47
\s:66,c:1782377486*4C\!AIVDM,1,1,,A,355fD4001I1MK02Eh>F<q:?p0000,0*23
\s:66,c:1782377487*4D\!AIVDM,1,1,,B,13P<loC00DNNCJH:JR6GMPlh053<,0*4E
\s:66,c:1782377489*43\!AIVDM,1,1,,B,16?UmP@000Tw5KF=0dFm@jfl00Rs,0*5D
\s:66,c:1782377481*4B\!AIVDM,1,1,,B,B5OIF:P3wk?8mP=18D3Q3wwQhl01,0*18
\s:66,c:1782377485*4F\!AIVDM,1,1,,B,339L8BP01APPKWjNPu1ar7lh00t1,0*73
\s:66,c:1782377487*4D\!AIVDM,1,1,,A,13bNed001?PA:6jMJ40d8qhn00SQ,0*5A
\s:66,c:1782377487*4D\!AIVDM,1,1,,B,188fCw0000ECCE9mushu0m<p0P00,0*78
\s:66,c:1782377486*4C\!AIVDM,1,1,,A,B5OIF:P3wk?8mP=18D3Q3wwQhd01,0*13
\s:66,c:1782377485*4F\!AIVDM,1,1,,A,H5NK<UQ0TDB060lE:3<00000000,2*2C
\s:66,c:1782377485*4F\!AIVDM,1,1,,B,H5NK<UTTFC@<:8EG46lhkq000000,0*51
\s:66,c:1782377487*4D\!AIVDM,1,1,,B,13o?jb003D0L9P`SgrAm43vl08?l,0*51
\s:66,c:1782377483*49\!AIVDM,1,1,,B,1815Nm001NPC;N0SDdev1K>R0@=V,0*4F
\s:66,c:1782377483*49\!AIVDM,1,1,,A,19t6TU001rPvVdvOKQDjpBBb0p=K,0*13
\s:66,c:1782377434*45\!AIVDM,1,1,,A,H52nq81AB1=@5:098U@D0000000,2*6D
\s:66,c:1782377488*42\!AIVDM,1,1,,B,H52nq84U7B=40000000000000000,0*50
\s:66,c:1782377483*49\!AIVDM,1,1,,A,B6:;Po000J;<7WTOBUmnqON021Mk,0*1B
\s:66,c:1782377480*4A\!AIVDM,1,1,,A,H3:3ULP4p`4lT40000000000000,2*33
\s:66,c:1782377490*4B\!AIVDM,1,1,,A,H3:3ULTT00000004;qmpq00h8220,0*0F
\s:66,c:1782377490*4B\!AIVDM,1,1,,A,133kV>PP00PCobvMGeRv4?vt28Ar,0*07
\s:66,c:1782377489*43\!AIVDM,1,1,,B,16;RlL000s`MIEpF?Moc8phf0HA<,0*02
\s:66,c:1782377491*4A\!AIVDM,1,1,,A,19pH>b5wOw<tSF0l4Q@>40ap1p=5,0*76
\s:66,c:1782377486*4C\!AIVDM,1,1,,B,33aDADm003PEeQ8MwusB7Hld0lkb,0*1E
\s:66,c:1782377492*49\!AIVDM,1,1,,A,38SJQR002:7VBP`2gVQ0vPg001a1,0*6E
\s:66,c:1782377489*43\!AIVDM,1,1,,A,339L8BP01APPKTHNPttqqoln0000,0*1D
\s:66,c:1782377491*4A\!AIVDM,1,1,,B,B5OIF:P3wk?8mP=18D3Q3wwQjSbi,0*2F
\s:66,c:1782377491*4A\!AIVDM,1,1,,A,13b17:00000BG6bMfmO<pK6r0<<u,0*14
\s:66,c:1782377489*43\!AIVDM,1,1,,B,15?da`P01H7Kht00e8cqe7hp0D=Q,0*1F
\s:66,c:1782377494*4F\!AIVDM,1,1,,B,17ldsH@P00WKV<F0WHgv4?w220S@,0*51
\s:66,c:1782377488*42\!AIVDM,1,1,,A,D02:p0QGpNfr<`O6D0,4*73
\s:66,c:1782377493*48\!AIVDM,1,1,,B,13aDpDPP00PDRdlMdV4WkgvdRD<l,0*3C
\s:66,c:1782377490*4B\!AIVDM,1,1,,B,4030p31vad`kNr<dohIVe<700HAg,0*54
\s:66,c:1782377493*48\!AIVDM,1,1,,B,18JAIf?P?w<tSF0l4Q@>4?wp0d6s,0*28
\g:1-2-5198420,s:66,c:1782377494*0E\!AIVDM,2,1,0,A,54wKr:42;D8TQ5aKN204lv3:222222222222221?D`C<<5c;NDSECQ4P,0*3E
\g:2-2-5198420*6E\!AIVDM,2,2,0,A,H88888888888880,2*54
\s:66,c:1782377490*4B\!AIVDM,1,1,,A,33EpD9P000OS>lHDqilh001p0000,0*11
\s:66,c:1782377488*42\!AIVDM,1,1,,A,13aJGIhP120FDOLMw:@ERgvp0@@a,0*6C
\s:66,c:1782377494*4F\!AIVDM,1,1,,A,3E?dfHUwP0rC9P`5=lschV@`0000,0*35
\s:66,c:1782377494*4F\!AIVDM,1,1,,A,16:@EJP03R8gf=6AI;rv0@9400Rm,0*12
\s:66,c:1782377463*47\!AIVDM,1,1,,B,19NSLI@0203J=9uiHQ1q<GJ40L09,0*0F
\s:66,c:1782377443*45\!AIVDM,1,1,,A,39NSLI@PB03J=MwiHRc9=7ID00bP,0*34
\s:66,c:1782377490*4B\!AIVDM,1,1,,B,402R3FAvad`kN1C<7bQsRhG00@Ar,0*74
\s:66,c:1782377492*49\!AIVDM,1,1,,,14VfvN5000OO<`0ST63u8Rvv0000,0*1E
\s:66,c:1782377496*4D\!AIVDM,1,1,,B,353VDt50001crR@Ef9nhrhC60DP:,0*2C
\s:66,c:1782377491*4A\!AIVDM,1,1,,A,B7Og1B000BgSWCL0nW6k3wg5kP06,0*69
\s:66,c:1782377495*4E\!AIVDM,1,1,,A,33JOht000w12hFjDP7ip`Vsp0000,0*30
\s:66,c:1782377493*48\!AIVDM,1,1,,A,33q5DW@0000etRJN`9e0001p0000,0*3B
\s:66,c:1782377490*4B\!AIVDM,1,1,,B,139NcaP0000oM0jNvqllwonv08Am,0*17
\s:66,c:1782377496*4D\!AIVDM,1,1,,A,13P<loCv@DNNCJ4:JQpWJhm408Dp,0*06
\s:66,c:1782377497*4C\!AIVDM,1,1,,A,13aDpW@P1HPCerTMGdNe:?w:R0Rl,0*4E
\s:66,c:1782377498*43\!AIVDM,1,1,,B,13aJGIhP120FDTVMw9i5V?w:00SG,0*66
\g:1-2-5198421,s:66,c:1782377495*0E\!AIVDM,2,1,1,A,569`m8P000022222220@tpN0aDr0LtpN3762221J3P<;34i:N56R3mH8,0*68
\g:2-2-5198421*6F\!AIVDM,2,2,1,A,4j0C`8888888888,2*58
\s:66,c:1782377487*4D\!AIVDM,1,1,,B,1773=:002U7S9vN2=knieiJR0<0b,0*0B
\s:66,c:1782377487*4D\!AIVDM,1,1,,A,16:5qBP001`gjcPAlRvTv@0l2Mc>,0*37
\s:66,c:1782377486*4C\!AIVDM,1,1,,A,33FL;b3P@VwvU8fFTloIi7>l00uh,0*43
\s:66,c:1782377485*4F\!AIVDM,1,1,,B,13FL;b3P@VwvU8fFTloIkoBh00S=,0*13
\s:66,c:1782377488*42\!AIVDM,1,1,,B,D028jMiGpN?b<`O6EGLO6D0,2*55
\s:66,c:1782377486*4C\!AIVDM,1,1,,A,33u:Tn002T0pR5hOBfHH:VQp0000,0*5C
\s:66,c:1782377487*4D\!AIVDM,1,1,,A,39t6Qbi0012CuR4B2mcnhaNn0Dg:,0*77
\s:66,c:1782377484*4E\!AIVDM,1,1,,A,15W:Hr001eJJrA6>l<qD1S@f08>3,0*3E
\s:66,c:1782377489*43\!AIVDM,1,1,,B,16:dv:P0198k4LdDbDh2:1Up1pEi,0*6C
\s:66,c:1782377490*4B\!AIVDM,1,1,,A,133dWgP000PCiE8MG<8M5bDp0D<P,0*1C
\s:66,c:1782377486*4C\!AIVDM,1,1,,A,33v1wf70000k8MFQfBo@001p0000,0*04
\s:66,c:1782377488*42\!AIVDM,1,1,,A,ENkb9TfaSh@@@@@@@@@@@@@@@@@;Wdnp=`e?@00003vP00,4*75
\s:66,c:1782377488*42\!AIVDM,1,1,,B,160q7R001kV59oN3DS9SHRfj053<,0*75
\s:66,c:1782377490*4B\!AIVDM,1,1,,A,13aL=uP000P@vlbMLfDMGGPr08AM,0*01
\s:66,c:1782377488*42\!AIVDM,1,1,,,13m:bl?P000KOdLQLtiv4?vp0000,0*34
\s:66,c:1782377487*4D\!AIVDM,1,1,,B,13ku9j@02HNee0>;UtsnrmJn0@?W,0*04
\s:66,c:1782377488*42\!AIVDM,1,1,,B,E>mWA2KcP000000000000000000Cle=<5tso820@@@f>B0,4*2D
\s:66,c:1782377483*49\!AIVDM,1,1,,A,17P1gk001l:lEa7dWbh@Lh`f053<,0*04
\s:66,c:1782377489*43\!AIVDM,1,1,,B,6>mWA2@00000>da3@000P00,2*3E
\s:66,c:1782377489*43\!AIVDM,1,1,,A,133ko40P00P>akbMGQOv4?vr2<5B,0*55
\s:66,c:1782377488*42\!AIVDM,1,1,,B,BkHeR<P0;?uE=tVfN7:;Swd1l000,0*37
\s:66,c:1782377489*43\!AIVDM,1,1,,B,13aEOH@P00PDFlvMctPEEOvpR53<,0*77
\s:66,c:1782377487*4D\!AIVDM,1,1,,B,13mAsv00090Jjv4O40KHVFpt053<,0*03
\s:66,c:1782377491*4A\!AIVDM,1,1,,B,15N;?40000rQSuLFMMBaR`lv0D27,0*2A
\s:66,c:1782377491*4A\!AIVDM,1,1,,B,403t>`Qvad`kN`fDg8@nsaW00D8E,0*10
\s:66,c:1782377492*49\!AIVDM,1,1,,B,3:U7N45000Ld4iMjBNsn=atb0Dg:,0*11
\s:66,c:1782377483*49\!AIVDM,1,1,,A,B6:FGKP0FR;TGl4C?;01Owv41P06,0*7D
\s:66,c:1782377488*42\!AIVDM,1,1,,A,142ORi@0042mKuuucpUCDk2j0<1;,0*04
\s:66,c:1782377488*42\!AIVDM,1,1,,A,35MkA:01BuG>>J<KSIq<A9op0000,0*01
\s:66,c:1782377487*4D\!AIVDM,1,1,,A,30014m3000OSeChDpSt@001p0000,0*3E
\s:66,c:1782377492*49\!AIVDM,1,1,,B,342ORi@P@42mKv9ucpU3hBvt01k0,0*29
\s:66,c:1782377493*48\!AIVDM,1,1,,A,16:D2VSP00`fiQ0A@@3f4?w02@C1,0*6E
\s:66,c:1782377491*4A\!AIVDM,1,1,,A,7>oi5TiRMpD`,0*6A
\s:66,c:1782377487*4D\!AIVDM,1,1,,,B5O@pwP0>6`i5UTvDWTawweQh000,0*71
\s:66,c:1782377491*4A\!AIVDM,1,1,,B,13GQGumP@W0;Di0FV>18wnp<00Rq,0*6E
\s:66,c:1782377491*4A\!AIVDM,1,1,,A,15Mt>?P000rdbKdG@C=jHEnr08BR,0*3B
\s:66,c:1782377492*49\!AIVDM,1,1,,A,13ku::802?OHIB<C@>>8`Vpt0D0;,0*79
\s:66,c:1782377487*4D\!AIVDM,1,1,,A,1815Hrh1Qv`fDtb?=PC21Abl053<,0*6C
\s:66,c:1782377493*48\!AIVDM,1,1,,A,137Jt80006Nqg4R@4DrbBaTv053<,0*06
\s:66,c:1782377493*48\!AIVDM,1,1,,A,1773=:002T7S:6D2=lq1fQJh00S1,0*3D
\s:66,c:1782377494*4F\!AIVDM,1,1,,A,33GQGumP@U0;DgjFV=r8e6hB01u0,0*32
\s:66,c:1782377493*48\!AIVDM,1,1,,A,16:CoN00088KNutF2hObPk?00<2Q,0*27
\s:66,c:1782377493*48\!AIVDM,1,1,,A,17lds4hP00WLe0`0WH=@Rww02D3f,0*6A
\s:66,c:1782377493*48\!AIVDM,1,1,,A,28SJQTPP007b1HF5tQmu8ww00<4f,0*04
\s:66,c:1782377493*48\!AIVDM,1,1,,A,13ku9j@0jHNee0b;Usi6sEK40HCM,0*5A
\s:66,c:1782377494*4F\!AIVDM,1,1,,B,33S0`v000w1;@NlHq9qJL`E620e1,0*4D
\s:66,c:1782377493*48\!AIVDM,1,1,,B,18I<UK0wBbcljLHJhm?J:8<r0<02,0*39
\s:66,c:1782377493*48\!AIVDM,1,1,,A,16:@F000078gkn0A@DG0ljlv0@CQ,0*0C
\s:66,c:1782377494*4F\!AIVDM,1,1,,A,33FL;b3P@TwvU64FTlgIW73400vQ,0*44
\s:66,c:1782377493*48\!AIVDM,1,1,,B,H3IbAv4T>F3jhpq61<jmlk1P0400,0*34
\s:66,c:1782377492*49\!AIVDM,1,1,,B,4028jMivad`kONeq=@?qo6?P2HC3,0*07
\s:66,c:1782377486*4C\!AIVDM,1,1,,B,13mFsP0000Qbcp>`2grCB0>d0<0E,0*64
\s:66,c:1782377483*49\!AIVDM,1,1,,A,33mpp:10000hVRvQ11=nDGep0000,0*4E
\s:66,c:1782377483*49\!AIVDM,1,1,,A,13cjgK0P00Q28HLGD>c>4?vf2D1K,0*49
\s:66,c:1782377482*48\!AIVDM,1,1,,A,1815?n001A64O5P3INjbI8D`0<0:,0*4D
\s:66,c:1782377484*4E\!AIVDM,1,1,,A,1815U`hw03oTa;0Bv2ljA5D408>=,0*5C
\s:66,c:1782377488*42\!AIVDM,1,1,,B,13==fV01jB7hhjJ:G?pDf3hn0hBf,0*70
\s:66,c:1782377482*48\!AIVDM,1,1,,A,B4QJ9v000=kwaG6l4a7Q2kbQnDKr,0*23
\s:66,c:1782377481*4B\!AIVDM,1,1,,A,33Sf`E5=@01?VpjHO;Jh001p0000,0*53
\s:66,c:1782377487*4D\!AIVDM,1,1,,B,13U3bh0P2=1gAFRF9NB2@wvl00SD,0*5C
\s:66,c:1782377484*4E\!AIVDM,1,1,,A,33q5BN000;1EsJrO83>Rv2Ip0000,0*0F
\s:66,c:1782377292*4F\!AIVDM,1,1,,B,3:U8s=1001M4W9skNVCIuEJD0Dgr,0*4D
\s:66,c:1782377485*4F\!AIVDM,1,1,,B,13aGuA0P00PDG>BMdtv00?vj20R`,0*42
\s:66,c:1782377489*43\!AIVDM,1,1,,B,19lcin7001Q2Jkkjp3IddD:h0H=r,0*4B
\s:66,c:1782377489*43\!AIVDM,1,1,,A,15?DHn002<5q3;h4Vcch50<p0<0`,0*4A
\s:66,c:1782377487*4D\!AIVDM,1,1,,A,177MPh002:7G>:v0rFhKu9Ph0@?u,0*01
\s:66,c:1782377488*42\!AIVDM,1,1,,B,33a4;ePPA7PD>98MdfWml4Lj01tP,0*5D
\s:66,c:1782377492*49\!AIVDM,1,1,,B,402M3wQvad`kO0LrUPSk@`7P0@Bh,0*52
\g:1-2-5198422,s:66,c:1782377480*09\!AIVDM,2,1,2,B,56:I23`0000090UKR20@tpM<PDpLP4pP4V222216@@J8D5ee0DU2@C`2,0*0F
\g:2-2-5198422*6C\!AIVDM,2,2,2,B,RC`888888888880,2*6C
\s:66,c:1782377486*4C\!AIVDM,1,1,,A,B3GQT>00?p3vKGUcLU9vqUv00000,0*2F
\s:66,c:1782377482*48\!AIVDM,1,1,,B,139Kw4VP000oJaTNu8emA?vb0D1d,0*70
\s:66,c:1782377489*43\!AIVDM,1,1,,A,E>o6K9@17dPh3ph8:7h6PVWW0V0=C:LO2uJkP10888fh00,4*3E
\s:66,c:1782377489*43\!AIVDM,1,1,,B,16:?=g00128f:H0Al5:ci9Nn0@@W,0*34
\s:66,c:1782377490*4B\!AIVDM,1,1,,B,19ACHr?0152D0H:AqWe1Ii=R253<,0*5E
\s:66,c:1782377486*4C\!AIVDM,1,1,,B,13mT7@70000KHMRQLbs:66,0*0B
\s:66,c:1782377491*4A\!AIVDM,1,1,,B,177hna001iNgpf4=EonWsVLv00RT,0*17
\s:66,c:1782377485*4F\!AIVDM,1,1,,A,13=BKH001U12BRlG73pe4r4j0000,0*0D
\s:66,c:1782377489*43\!AIVDM,1,1,,B,D@2A`qQUHNfp,0*57
\s:66,c:1782377493*48\!AIVDM,1,1,,B,18uWS40P01QDEmodV@id7wvv000`,0*35
\s:66,c:1782377488*42\!AIVDM,1,1,,B,B3HdMQP09H3uP45chBdOkwf5l000,0*13
\s:66,c:1782377494*4F\!AIVDM,1,1,,A,19lcin7002Q2Jkejp3I<>l;20L1J,0*04
\s:66,c:1782377493*48\!AIVDM,1,1,,B,38I3BP001Q7J8I20cltK4po407Mk,0*26
\s:66,c:1782377490*4B\!AIVDM,1,1,,A,35Mq1Q0000G?bFBK3B8dH`ip0000,0*35
\s:66,c:1782377487*4D\!AIVDM,1,1,,A,1815VWh01U8;ikr8O`c`Tntf00ST,0*5E
\s:66,c:1782377493*48\!AIVDM,1,1,,B,1815DwP01csrF8<MC<=2?Qph0@CF,0*54
\s:66,c:1782377492*49\!AIVDM,1,1,,B,19NSLe@006R1wvlGBAtJhrq000S4,0*27
\s:66,c:1782377492*49\!AIVDM,1,1,,A,139Kw4VP000oJa`Nu8dUA?vv053<,0*41
\s:66,c:1782377490*4B\!AIVDM,1,1,,A,16:I23P01U8jk=hCOaT00h0p0<Oe,0*0C
\s:66,c:1782377487*4D\!AIVDM,1,1,,A,E>k`H<bRr@E@IqQS9HppGHrrVI0MGD6P;dS>P00003eP10,4*07
\s:66,c:1782377493*48\!AIVDM,1,1,,B,3815=GA0017KR760fSkqGko40EAb,0*31
\s:66,c:1782377487*4D\!AIVDM,1,1,,A,33uLIAP0000moThPv@BUJlEp0000,0*1B
\s:66,c:1782377494*4F\!AIVDM,1,1,,B,16:lCR000k88?U0=1bb=5rN01P06,0*0B
\s:66,c:1782377491*4A\!AIVDM,1,1,,B,402M48Avad`kN0kK10TnIP7P00S:,0*19
\s:66,c:1782377494*4F\!AIVDM,1,1,,A,18I=wA001l3WiKQqk999h7fp0D07,0*3E
\s:66,c:1782377493*48\!AIVDM,1,1,,A,13PRbb0OjaOhgiBQfaq3;Ra2000O,0*68
\s:66,c:1782377495*4E\!AIVDM,1,1,,A,13mFsP0000Qbcp:`2grSB0>v00SA,0*0A
\s:66,c:1782377495*4E\!AIVDM,1,1,,A,13F4kT0P00vmash@BePGWgw80@Dv,0*25
\s:66,c:1782377492*49\!AIVDM,1,1,,B,B52d8wh0Dfh03HV@JDirKwh1l000,0*28
\s:66,c:1782377495*4E\!AIVDM,1,1,,B,13a4;ePPA8PD><pMdf:Uf4K008D`,0*16
\s:66,c:1782377497*4C\!AIVDM,1,1,,B,177MPh002:7G>1F0rGaKu9Q400S=,0*38
\s:66,c:1782377494*4F\!AIVDM,1,1,,B,B7lcb;h00:6;wJOpKvHBkwP4kP06,0*29
\s:66,c:1782377492*49\!AIVDM,1,1,,A,33q5BN000>1EsLJO83C2b29p0000,0*4D
\s:66,c:1782377491*4A\!AIVDM,1,1,,A,33`fLmPOh=PFKNJMv?`QoA@v0Ae3,0*18
\s:66,c:1782377486*4C\!AIVDM,1,1,,A,13CsGSgP02PIISrM`=DP0?vl253<,0*5D
\s:66,c:1782377489*43\!AIVDM,1,1,,A,19NSH8@02O4RR61pT7aAW1Hp00S7,0*74
\s:66,c:1782377488*42\!AIVDM,1,1,,B,177nRIPP06`9M::<m3HlJOvl2L;f,0*09
\g:1-2-5198423,s:66,c:1782377489*01\!AIVDM,2,1,3,A,55@In:82>;ns<I<?H01<tj0Hu9ADpD000000001??`I;<5dPNBC2p0k@,0*49
\g:2-2-5198423*6D\!AIVDM,2,2,3,A,P00000000000000,2*47
\s:66,c:1782377489*43\!AIVDM,1,1,,B,13m;Ch5P1l0f=BTQgdkK:?vr20RV,0*6A
\s:66,c:1782377489*43\!AIVDM,1,1,,B,144dPNSP00R:BPjR@ci>4?vr253<,0*5C
\s:66,c:1782377489*43\!AIVDM,1,1,,B,13;63001jAr3<Tn>uvWG7Efp0<00,0*01
\s:66,c:1782377487*4D\!AIVDM,1,1,,A,339FbmP0000eVInN`pPTORUp0000,0*70
\s:66,c:1782377484*4E\!AIVDM,1,1,,A,B8SOlD@07ivf9j2C;fuowwv63P06,0*16
\s:66,c:1782377483*49\!AIVDM,1,1,,B,H4hQN;4U>F3jhjpJ7EAq001`3440,0*7D
\s:66,c:1782377485*4F\!AIVDM,1,1,,A,33EeDDP000OS>gDDqj7P001p0000,0*1E
\s:66,c:1782377491*4A\!AIVDM,1,1,,B,169CTlP000`LOs:66,0*7B
\s:66,c:1782377490*4B\!AIVDM,1,1,,B,13MCsaP029On8WlLG<2@vPjt0@B1,0*0C
\s:66,c:1782377483*49\!AIVDM,1,1,,B,13aDoIhP19PKAK8Mg9HQkwvfR0Sd,0*6E
\s:66,c:1782377487*4D\!AIVDM,1,1,,B,170UJF500f3j1=j>1nT:RpNn08@A,0*22
\s:66,c:1782377487*4D\!AIVDM,1,1,,B,13ca=b003FPro2`DPks80VNj0d2k,0*6B
\s:66,c:1782377490*4B\!AIVDM,1,1,,A,B9t6Uo00=AmHcw0@:MI;kwfV3P06,0*54
\s:66,c:1782377490*4B\!AIVDM,1,1,,B,405lHMQvad`kM09N7r3WLaw02@Ag,0*41
\s:66,c:1782377490*4B\!AIVDM,1,1,,B,1:U74EHP00MOrjcs=M8v4?v`2hAc,0*74
\s:66,c:1782377488*42\!AIVDM,1,1,,B,18Uq3N001?3P?sd?pCaru8pn0@@h,0*24
\s:66,c:1782377489*43\!AIVDM,1,1,,A,13Eo:?gP0fwfugLDuA:<Fgvp20R@,0*64
\s:66,c:1782377490*4B\!AIVDM,1,1,,B,403C;Aivad`kMI?mJ8:H0k?02D0j,0*14
\s:66,c:1782377490*4B\!AIVDM,1,1,,A,146ROH000Q1W:fjQ54RcTqDt0000,0*05
\s:66,c:1782377489*43\!AIVDM,1,1,,A,B5N2dF0005keF`ViGQ<000N00000,0*79
\s:66,c:1782377489*43\!AIVDM,1,1,,B,B3fKb:h0B0;i?v6>o<cArV>4@000,0*37
\s:66,c:1782377492*49\!AIVDM,1,1,,B,16:EKbQ00088Mg@<vK<@00001P06,0*65
\s:66,c:1782377492*49\!AIVDM,1,1,,B,13mHmH001`O4DP43J6jDsl:v08C6,0*62
\s:66,c:1782377486*4C\!AIVDM,1,1,,B,B3I=1qP00EE6oMMMaDbP;wdUh000,0*16
\s:66,c:1782377487*4D\!AIVDM,1,1,,B,13JAr>000bPAVh<HaJpMMbVp08?u,0*34
\s:66,c:1782377487*4D\!AIVDM,1,1,,A,1397td002`OVo4NDSknA5hjl0H@7,0*63
\s:66,c:1782377490*4B\!AIVDM,1,1,,A,6CCsGSeouAT@0480D00000000000,0*25
\s:66,c:1782377485*4F\!AIVDM,1,1,,B,13P<NoPP@2P=K:fMO4CtlG`l0H>p,0*72
\s:66,c:1782377477*42\!AIVDM,1,1,,B,36:Ffw00008N@1NFB;:`d6bL02qQ,0*3F
\s:66,c:1782377490*4B\!AIVDM,1,1,,A,B7mRN<P00:5aQCwm<7T03wfRT80F,0*2D
\s:66,c:1782377493*48\!AIVDM,1,1,,B,37ldIPPP00`FdLSwBs2P0?vv200B,0*36
\s:66,c:1782377489*43\!AIVDM,1,1,,A,34hK7s5000rAB6<>uGn3jhRr0000,0*4B
\s:66,c:1782377492*49\!AIVDM,1,1,,B,B3GPu:@06wqckg58vSQKcwh5oP06,0*61
\s:66,c:1782377494*4F\!AIVDM,1,1,,A,6CCsGSeouATB0480D00000000000,0*27
\s:66,c:1782377489*43\!AIVDM,1,1,,A,139Iep8P0rPv6bFIqcA<u3jr0000,0*27
\s:66,c:1782377495*4E\!AIVDM,1,1,,B,13aNbfP00MNgRKt;`7q74EE2053<,0*73
\s:66,c:1782377495*4E\!AIVDM,1,1,,B,1:5f9L8P007aC1OtQSitTOw60<4Q,0*53
\s:66,c:1782377495*4E\!AIVDM,1,1,,A,13;630002Cr3<TH>uuPW5Eg60<00,0*2E
\s:66,c:1782377493*48\!AIVDM,1,1,,B,1397td002`OVo:DDSlwA4Pk20@Cp,0*50
\s:66,c:1782377493*48\!AIVDM,1,1,,B,B7lukth0<J3MMHwbnlaL;wh2T@Cr,0*0A
\s:66,c:1782377496*4D\!AIVDM,1,1,,B,19NSH8@02O4RR<IpT8TiViI60HEC,0*13
\s:66,c:1782377489*43\!AIVDM,1,1,,A,33P<NoPP@1P=K:hMO4D6fWRr01oP,0*05
\s:66,c:1782377492*49\!AIVDM,1,1,,A,13ca=b003BPrntHDPjh80VNv0pBu,0*7F
\s:66,c:1782377491*4A\!AIVDM,1,1,,A,1:1F<@6P00PiWkrDMRUf4?vv253<,0*5C
\s:66,c:1782377496*4D\!AIVDM,1,1,,B,133lan0w1Q`a=fn>c6FA;Q980L1C,0*6D
\s:66,c:1782377494*4F\!AIVDM,1,1,,A,13ku:AP01nww3D>Lh>cRgR>v08D>,0*13
\s:66,c:1782377496*4D\!AIVDM,1,1,,A,69t6Uo4000cl8DoTaI?B=8HH0000,0*4D
\g:1-2-5198424,s:66,c:1782377493*0D\!AIVDM,2,1,4,B,57ldIP`1i3l=T=9V221=0t:1A8V0hE=@58V3620038??0t0Ht0000000,0*4E
\g:2-2-5198424*6A\!AIVDM,2,2,4,B,000000000000000,2*23
\s:66,c:1782377492*49\!AIVDM,1,1,,B,B4eI=oh00UflP@W?70SQ3wgPHDer,0*0F
\s:66,c:1782377497*4C\!AIVDM,1,1,,A,39NSlLi007QDDTida2w:cmo:2Dg:,0*29
\s:66,c:1782377493*48\!AIVDM,1,1,,A,13=>28000:wvie4LL3=uNQNp08C?,0*30
\s:66,c:1782377482*48\!AIVDM,1,1,,A,13mj1O0PCm1bMw0`9?25pl`b00S;,0*5D
\s:66,c:1782377487*4D\!AIVDM,1,1,,,B3MB:qh00K=>IGMVI7GQ3weQl000,0*23
\s:66,c:1782377484*4E\!AIVDM,1,1,,A,33aC4KO01TP5U:RLkiP7in=l00uP,0*63
\s:66,c:1782377456*41\!AIVDM,1,1,,A,18Ld840024`RBjh<i;pPRhIf0538,0*2A
\s:66,c:1782377488*42\!AIVDM,1,1,,A,15N1ULP000r;D=fAI=D:T3:p0000,0*14
\s:66,c:1782377485*4F\!AIVDM,1,1,,A,33aDowEP00PK<<6Mfp2v4?vh2Dvb,0*4B
\s:66,c:1782377486*4C\!AIVDM,1,1,,,B40aK4P00wPneSUQomH5Owe1l000,0*5B
\s:66,c:1782377488*42\!AIVDM,1,1,,A,369vj65P00`KV6<EsW?Is?vd0Dg:,0*42
\s:66,c:1782377485*4F\!AIVDM,1,1,,A,19>Dj<S002Oca6`2pULnw88f0<0D,0*24
\s:66,c:1782377481*4B\!AIVDM,1,1,,B,13m=dp7P000KJH8QLW4;Dgvd08<Q,0*54
\s:66,c:1782377487*4D\!AIVDM,1,1,,A,18Hsvd0P007Jm4t0gmRrI?vn28?q,0*06
\s:66,c:1782377483*49\!AIVDM,1,1,,B,1815TS@01f`bb:n?CTK@uPtd08=b,0*7D
\s:66,c:1782377488*42\!AIVDM,1,1,,A,13bd@p7000PEpaJNC=sd;Irp0L1c,0*22
\s:66,c:1782377489*43\!AIVDM,1,1,,A,19NSi5@1P4a>l6jCoKH`g:Fp0D4F,0*37
\s:66,c:1782377490*4B\!AIVDM,1,1,,A,15@CgR;P00P04Av3>JC9@Ovt0HAt,0*61
\s:66,c:1782377487*4D\!AIVDM,1,1,,A,B8TB;vh079rr5aRWwkIU3we73P06,0*73
\s:66,c:1782377488*42\!AIVDM,1,1,,A,19NSrL001tOi8mBDisUJ?p>n0@@O,0*58
\s:66,c:1782377491*4A\!AIVDM,1,1,,B,14`9vd001la=jcRCv4lmsTc<0pB<,0*77
\s:66,c:1782377489*43\!AIVDM,1,1,,A,B52iu7000=lp6`ULns7Q3wfSP000,0*7C
\s:66,c:1782377480*4A\!AIVDM,1,1,,B,B5O9P1P01Dk>i2tW`>sQ3wb1h000,0*4E
\s:66,c:1782377488*42\!AIVDM,1,1,,B,13o6E<70?wQnpor`WH6f40dr053<,0*2D
\s:66,c:1782377486*4C\!AIVDM,1,1,,A,15BMcb001H`iBv4AgSi9B7Rf00Rt,0*1E
\s:66,c:1782377490*4B\!AIVDM,1,1,,B,19NSgQ@1jv2>KfdC:NrklS2r0@B5,0*78
\s:66,c:1782377491*4A\!AIVDM,1,1,,B,15St1p002d306<mgMn0qF7R`053<,0*39
\s:66,c:1782377491*4A\!AIVDM,1,1,,B,16:>Q3001E8h:FPAk25bK`fr08Ak,0*1E
\s:66,c:1782377486*4C\!AIVDM,1,1,,A,B3El<L000?wLPv5O0CMEgwe5oP06,0*64
\s:66,c:1782377489*43\!AIVDM,1,1,,B,18JKR:0vidTvuWN<sQ;SERVp0<4N,0*71
\s:66,c:1782377491*4A\!AIVDM,1,1,,B,19NSiT@22UV89IP6p`Fi=Q0v0@BU,0*12
\s:66,c:1782377491*4A\!AIVDM,1,1,,A,16:6w@0000`LIsh=wGN>40nt20Sj,0*3C
\s:66,c:1782377489*43\!AIVDM,1,1,,A,13AF<H0007OamJLDOCWB1bpp0000,0*1B
\s:66,c:1782377492*49\!AIVDM,1,1,,A,13A?r20021P:W8>MO>iR6Ac000SF,0*14
\s:66,c:1782377491*4A\!AIVDM,1,1,,A,13m=dp7P010KJH4QLW3cFOw008B<,0*69
\s:66,c:1782377489*43\!AIVDM,1,1,,B,15O1q4PP00JRb4VE5N<0bwvn253<,0*35
\s:66,c:1782377491*4A\!AIVDM,1,1,,A,13n5Tb0P1BPHomhQjQF4cgvv0HBO,0*41
\s:66,c:1782377490*4B\!AIVDM,1,1,,B,18M<32001k7gfJ@;acHCh2v>053<,0*10
\s:66,c:1782377491*4A\!AIVDM,1,1,,A,13mAnA71@0Qbc=L`2toawE2t0D0E,0*2D
\s:66,c:1782377493*48\!AIVDM,1,1,,B,18JlSf002?3w=tP>r0cS32C000S2,0*30
\s:66,c:1782377493*48\!AIVDM,1,1,,A,170d?n0P01Skdt<>K:Eh0?w22@Cf,0*2F
\s:66,c:1782377493*48\!AIVDM,1,1,,B,3913Q>U000RAKaDAwjM;KiHt0Dnr,0*06
\s:66,c:1782377490*4B\!AIVDM,1,1,,A,15?dhr001iG;n?:KdJ6IEWPp053<,0*0E
\s:66,c:1782377491*4A\!AIVDM,1,1,,,B3MB:qh00K=>IGMVI7KQ3wgQl000,0*2D
\s:66,c:1782377492*49\!AIVDM,1,1,,B,13@p3uPOh`0DEv<N4dt3mkDv0<<f,0*06
\s:66,c:1782377494*4F\!AIVDM,1,1,,A,B8JI200001nVqnP;djT03whTkP06,0*3F
\s:66,c:1782377494*4F\!AIVDM,1,1,,A,B3prTGh00001:oUet?CQ2lN00000,0*03
\s:66,c:1782377493*48\!AIVDM,1,1,,B,26K3Tu@0009jR9TD4cM:I6I0053<,0*0C
\s:66,c:1782377495*4E\!AIVDM,1,1,,B,ENk`vKVqh@@@@@@@@@@@@@@@@@@=8SL37iKc`00003vP000,2*4F
\s:66,c:1782377490*4B\!AIVDM,1,1,,A,35OE5?0000JQipHF@akoWbep0000,0*29
\s:66,c:1782377495*4E\!AIVDM,1,1,,B,15N0up0P00oRobhCDfQrSOw8253<,0*7B
\s:66,c:1782377495*4E\!AIVDM,1,1,,A,169LC400B91ivCtBib>Jppk20@Dh,0*79
\s:66,c:1782377496*4D\!AIVDM,1,1,,B,39NSiT@42WV89L`6p`v1AQ3600Ph,0*29
\s:66,c:1782377495*4E\!AIVDM,1,1,,A,19NSgQ@2Bv2>KpRC:NiCm3340D1e,0*42
\s:66,c:1782377493*48\!AIVDM,1,1,,B,13aL=D0P00PFH7bMuqsv4?w2253<,0*12
\s:66,c:1782377497*4C\!AIVDM,1,1,,A,15St1p002b30645gMmO9LGRl053<,0*2E
\s:66,c:1782377496*4D\!AIVDM,1,1,,A,14tWfr?P00NqN9V@72re=Ow628EH,0*03
\s:66,c:1782377498*43\!AIVDM,1,1,,A,33bG=>5P00POfkVNQ0WP0?w62000,0*45
\s:66,c:1782377486*4C\!AIVDM,1,1,,,B3P<EKP002VmGPMU7=gQ3we1h000,0*56
\s:66,c:1782377488*42\!AIVDM,1,1,,B,15Nbqo0000o?lA<KAA`;FE`p08@J,0*53
\s:66,c:1782377488*42\!AIVDM,1,1,,A,38I06h?s2QWJf9L0bw?lrSpn00a@,0*43
\s:66,c:1782377486*4C\!AIVDM,1,1,,A,35Nbqo0000G?lA>KAAWsGUap0000,0*15
\s:66,c:1782377486*4C\!AIVDM,1,1,,A,13NJSf0Oic0Q=`rHqa?atpbj053<,0*2E
\s:66,c:1782377482*48\!AIVDM,1,1,,A,13l3qt001a10nWFDrdNTekf`0000,0*10
\s:66,c:1782377487*4D\!AIVDM,1,1,,B,1916WAkP000SRlFE7;BS<wvl08?o,0*4D
\s:66,c:1782377490*4B\!AIVDM,1,1,,A,18LHqV80007KjeL0gG;Qf4<j053<,0*4F
\s:66,c:1782377482*48\!AIVDM,1,1,,A,13:4@n8P000efJ@NV6hf4?vb253<,0*62
\s:66,c:1782377482*48\!AIVDM,1,1,,A,13cdMvPP1APrsKfEIb3lbOvd2000,0*18
\s:66,c:1782377484*4E\!AIVDM,1,1,,A,33tk8>00001FQuvRCsH0001p0000,0*41
\s:66,c:1782377296*4B\!AIVDM,1,1,,B,35?dSOm0002PETtBjAo<Mc6P0Dg:,0*65
\g:1-2-5198425,s:66,c:1782377350*04\!AIVDM,2,1,5,B,55?dSOp2>rsW<GCKWV0lD@dtr10E8h6222222217A0>@75d=0C2C21PH,0*6D
\g:2-2-5198425*6B\!AIVDM,2,2,5,B,888888888888880,2*22
\s:66,c:1782377437*46\!AIVDM,1,1,,B,377j0o1002M4hLOkOqF:PUg60E=:,0*3D
\s:66,c:1782377486*4C\!AIVDM,1,1,,A,3kP>4hQ0?wP6SOhF;Klv41?80000,0*59
\s:66,c:1782377487*4D\!AIVDM,1,1,,B,13EelUPP00wipuDHkw3QNOvl2@?r,0*73
\s:66,c:1782377468*4C\!AIVDM,1,1,,A,19NSOo@wAj8RM4l<a5@HK6b>00Ru,0*16
\s:66,c:1782377408*4A\!AIVDM,1,1,,A,39NSOo@0ik8RMbJ<a;FpJnb>07BC,0*42
\s:66,c:1782377483*49\!AIVDM,1,1,,B,13mkCr0P00Q4Vc<WKk5<s?vd0@=`,0*11
\s:66,c:1782377489*43\!AIVDM,1,1,,A,15OA?n<OhVq=23P@wnFH=n`p0<2v,0*71
\s:66,c:1782377490*4B\!AIVDM,1,1,,A,1915I88P000JwBRE4IECcgvr08Aj,0*33
\s:66,c:1782377489*43\!AIVDM,1,1,,A,13m;RG0P000G<lTSGJp>4?vr200V,0*0F
\s:66,c:1782377485*4F\!AIVDM,1,1,,A,15OALRP000JRg`4E4jvGW2Vh0000,0*08
\s:66,c:1782377486*4C\!AIVDM,1,1,0,A,3534E:5000nGLULQIw:PP`Rd0Tp1,0*37
\s:66,c:1782377486*4C\!AIVDM,1,1,,B,169<qDPP008Q<L@Ep5h3?OvV0LE0,0*49
\s:66,c:1782377490*4B\!AIVDM,1,1,,B,402:o<1vad`kN07G;0LuI=?00D:k,0*51
\s:66,c:1782377492*49\!AIVDM,1,1,,B,13aD4F000jPRKM`NfjNTs3u>08Bh,0*3F
\s:66,c:1782377488*42\!AIVDM,1,1,,B,1815CCP01<3PKhd?pHFbBHDp28@e,0*53
\s:66,c:1782377490*4B\!AIVDM,1,1,,A,28SJRbU0007bNpb5uVDoPhvr053<,0*62
\s:66,c:1782377489*43\!AIVDM,1,1,,A,339elc00380fghTO8j3G:Ubt0150,0*67
\s:66,c:1782377492*49\!AIVDM,1,1,,A,139elc0PC80fgh@O8iIW9mc20D2m,0*5B
\s:66,c:1782377491*4A\!AIVDM,1,1,,B,13cwAi002iNekkp8sih6t5Nr0@BC,0*6B
\s:66,c:1782377489*43\!AIVDM,1,1,,A,16:?E<P01H8hgwh@jPh1J12p0@A1,0*76
\s:66,c:1782377493*48\!AIVDM,1,1,,B,33P>PJOOhswrsCFM4bG9i2O20000,0*7A
\s:66,c:1782377490*4B\!AIVDM,1,1,,B,13c1kj02ww0FBQ<NKBJf48@r0@Ag,0*2C
\s:66,c:1782377485*4F\!AIVDM,1,1,,B,16:R?AP01a8KBm0FC5f4h3Vh08>q,0*28
\s:66,c:1782377487*4D\!AIVDM,1,1,,B,13lmvr001kOUg6>DRwKkO2lp08@>,0*5B
\s:66,c:1782377489*43\!AIVDM,1,1,,B,1815UW0wQLWP`1v1F;D7dF6n0<3@,0*6A
\s:66,c:1782377492*49\!AIVDM,1,1,,,B3P<EKP002VmGPMU7=WQ3wh1h000,0*6B
\s:66,c:1782377492*49\!AIVDM,1,1,,B,B6:W`ph0022EHqS=bFT000=7QP06,0*1B
\s:66,c:1782377492*49\!AIVDM,1,1,,A,B7ldgkP04arE4Uw8<3Pj7wh7GP06,0*40
\s:66,c:1782377492*49\!AIVDM,1,1,,B,16:8AIPP008UmG0EusA5QOvv0@>d,0*5C
\s:66,c:1782377493*48\!AIVDM,1,1,,B,35OA?n<Ohaq=22b@wn=8B6c00220,0*53
\s:66,c:1782377493*48\!AIVDM,1,1,,B,16:HMaP01C8gg`hAk`UcqqW008CP,0*5E
\s:66,c:1782377490*4B\!AIVDM,1,1,,B,C8SUEq@0;qs8lC2f@?bG7wf1110`2ctd2k1cU1111110?1053Q20,0*3F
\s:66,c:1782377487*4D\!AIVDM,1,1,,B,ENo6GLJQSh9PV6RR4W0h2ab2h@@=BpS`2v43h1088;v010,4*6B
\s:66,c:1782377462*46\!AIVDM,1,1,,A,B08e:2@007A3s6tr2qJnjB0P2h06,0*34
\s:66,c:1782377481*4B\!AIVDM,1,1,,B,15N3bM;000JRh<LE3KCmR4r`0D1`,0*3A
\s:66,c:1782377482*48\!AIVDM,1,1,,B,16:RD00P@L8Pes0FKg7bKGFb0@=2,0*74
\s:66,c:1782377485*4F\!AIVDM,1,1,,B,39NScCh0j=0IfrnNfSoarWpf01`1,0*08
\s:66,c:1782377489*43\!AIVDM,1,1,,A,339q5>5000PEpFJNC?kbo6vr0DUJ,0*04
\s:66,c:1782377486*4C\!AIVDM,1,1,,A,4028n?iuJl`kJwV`hvDatOA02D74,0*47
\s:66,c:1782377482*48\!AIVDM,1,1,,B,404kSA1vad`kFbsg41i15j7008=4,0*11
\s:66,c:1782377488*42\!AIVDM,1,1,,A,38SjkhP0007ajwP60nD=8?v00000,0*3C
\s:66,c:1782377488*42\!AIVDM,1,1,,A,17tKnB00007Li7h0hdpoU40l0<62,0*68
\s:66,c:1782377483*49\!AIVDM,1,1,,B,13mHof00000jDFHU:mb6C1fd000A,0*4C
\s:66,c:1782377488*42\!AIVDM,1,1,,,15O94Vc019qj30V66Wd;P9@p0000,0*33
\s:66,c:1782377487*4D\!AIVDM,1,1,,A,13GQJ1@000PadDDFKwGU>JFn0@@F,0*2E
\s:66,c:1782377490*4B\!AIVDM,1,1,,A,13ku;N001jPiNahQ<bK>3s>r0D4s,0*2F
\s:66,c:1782377490*4B\!AIVDM,1,1,,A,B6:c<7@00227Vd3?M61N=;>WQP06,0*25
\s:66,c:1782377490*4B\!AIVDM,1,1,,B,13cv0Q000D11AMFGG:Wp?i4r0D2T,0*72
\g:1-2-5198426,s:66,c:1782377490*0C\!AIVDM,2,1,6,B,53MCS?p00000m0d;F20q:04i0P6222222222220`1p<645da061@LH3m,0*02
\g:2-2-5198426*68\!AIVDM,2,2,6,B,i`8888888888880,2*28
\s:66,c:1782377481*4B\!AIVDM,1,1,,A,402M4`ivad`kD15;HnWOJlOP2<15,0*6E
\s:66,c:1782377484*4E\!AIVDM,1,1,,B,H3`e<u@hTl60985Ht0000000000,2*0E
\s:66,c:1782377484*4E\!AIVDM,1,1,,A,H3`e<uDUC=D4v`j@5mhmn00p522t,0*30
\s:66,c:1782377488*42\!AIVDM,1,1,,B,36:638QP03`fsW@AR?@f4?vl2Dw:,0*67
\s:66,c:1782377487*4D\!AIVDM,1,1,,B,13aPN2@P00PKvKbMim6v4?vn2L0;,0*51
\s:66,c:1782377490*4B\!AIVDM,1,1,,A,13M;AP001KPhGCJQFUK5cT`q08AU,0*49
\s:66,c:1782377490*4B\!AIVDM,1,1,,B,4028n?iuJl`kNwV`hvDatOA0253<,0*3D
\s:66,c:1782377486*4C\!AIVDM,1,1,,B,13aJGc0P140IUs`MdVsSvgvhP8??,0*4A
\s:66,c:1782377489*43\!AIVDM,1,1,,B,13n@oD06h<PHkLTQjgbUPS`p8@A3,0*69
\s:66,c:1782377491*4A\!AIVDM,1,1,,B,33=Fdl5u@0Q2OOLDRR7j<b0r2Dg:,0*67
\s:66,c:1782377491*4A\!AIVDM,1,1,,B,17OiQDa000:lFVejG=FGUpDv0<18,0*61
\s:66,c:1782377489*43\!AIVDM,1,1,,B,B5NI:t0006``<4UBqV0KKwfUh000,0*09
\s:66,c:1782377490*4B\!AIVDM,1,1,,B,15?daV0P0;rBD@H5G=BRwgvt0D6o,0*3A
\s:66,c:1782377488*42\!AIVDM,1,1,,B,160wtu00003O7l4@2MikwDfl00RD,0*65
\s:66,c:1782377488*42\!AIVDM,1,1,,B,13o<8B00000L;B4Sgf7:5Gpn0<1m,0*5C
\s:66,c:1782377491*4A\!AIVDM,1,1,,A,18ILVl000d0n:w9uAJkWdV:v0<1<,0*53
\s:66,c:1782377489*43\!AIVDM,1,1,,B,17ldIP0P0>7hE?wtJbJ6LOvr253<,0*21
\s:66,c:1782377490*4B\!AIVDM,1,1,,A,39NScCh0R=0IffrNfSWIropr01ni,0*51
\s:66,c:1782377492*49\!AIVDM,1,1,,B,18Hsr`00j:`l5r>@uOUH26D`0@C7,0*63
\s:66,c:1782377493*48\!AIVDM,1,1,,A,35VKpF5000Rk@OV<AAPr?:i42DUJ,0*41
\s:66,c:1782377490*4B\!AIVDM,1,1,,B,13cbE90P01Padd@FKsG>4?vt2@Ai,0*1E
\s:66,c:1782377492*49\!AIVDM,1,1,,B,403sl4Qvad`kO`92sv<bWKG0053<,0*0E
\s:66,c:1782377489*43\!AIVDM,1,1,,B,33n@oD070=PHkLpQjg`5T3`r80nh,0*17
\s:66,c:1782377493*48\!AIVDM,1,1,,B,D02202Q6DC6EHpBfqtAB9H0,2*19
\s:66,c:1782377489*43\!AIVDM,1,1,,A,142O`NC0002?1vDHQcU:Bn@<0PS2,0*49
\s:66,c:1782377492*49\!AIVDM,1,1,,B,15NLkQ<P03JR>MNE9T80?Ovv253<,0*0B
\s:66,c:1782377490*4B\!AIVDM,1,1,,A,19NSf`Pv@q2D28@ASKlWREvp0`AC,0*3F
\s:66,c:1782377489*43\!AIVDM,1,1,,B,18I83U001m7?S5@1Q=3lbkpn0HA9,0*5C
\s:66,c:1782377492*49\!AIVDM,1,1,,A,404kSA1vad`kPbsg41i15j700D0m,0*2C
\s:66,c:1782377490*4B\!AIVDM,1,1,,B,16:84:0P008N?UdFBM?bU?vv0@An,0*17
\s:66,c:1782377491*4A\!AIVDM,1,1,,A,18Vk:>00193RS;t@AA>0ehM00@B`,0*0F
\g:1-2-5198427,s:66,c:1782377493*0E\!AIVDM,2,1,7,A,569FrkP000000000001T4r0L4pN1ADv14V22220l20C375dj0:6@CU2@,0*69
\g:2-2-5198427*69\!AIVDM,2,2,7,A,C`8888888888880,2*00
\s:66,c:1782377486*4C\!AIVDM,1,1,,B,B3IcWm00=7t:4d6lpGV97wdWh000,0*79
\s:66,c:1782377486*4C\!AIVDM,1,1,,B,B3EgRe00P`1`Iq5T75qr3wQ7t000,0*1E
\s:66,c:1782377490*4B\!AIVDM,1,1,,B,39NSdHPvAa4Ja1utKI1Qh1Pp033i,0*75
\s:66,c:1782377482*48\!AIVDM,1,1,,A,16:66uPP1>8dg9LAtNCTgkkp0000,0*54
\s:66,c:1782377489*43\!AIVDM,1,1,,A,18uI7`30001mENIdTGI84Rbl0<0n,0*65
\s:66,c:1782377488*42\!AIVDM,1,1,,A,15N4j@001E`g6k<Ang3sqaTp053<,0*56
\s:66,c:1782377485*4F\!AIVDM,1,1,,B,B5N0SlP00>fH0t5sfuedOwdUoP06,0*73
\s:66,c:1782377488*42\!AIVDM,1,1,,A,155FA00OhfSm`fL>@;muJJfl28@c,0*5B
\s:66,c:1782377489*43\!AIVDM,1,1,,A,E>m1GUhQT0W72V@87a:@9`0a@1:n;LN<kQPhP00003fP33nH3SsdLP,4*28
\s:66,c:1782377485*4F\!AIVDM,1,1,,B,13`e?`@P00PI:GfMb4>N4?vJ2<4n,0*67
\s:66,c:1782377491*4A\!AIVDM,1,1,,B,J>jRD0Wph?;9=nC0IDP00<l008;q00,4*34
\s:66,c:1782377483*49\!AIVDM,1,1,,A,1819DshP00G<w>FL8K>Ri?vd053<,0*41
\s:66,c:1782377489*43\!AIVDM,1,1,,A,13cuhq0P000dDB8I@A<QDgvp08A@,0*28
\s:66,c:1782377489*43\!AIVDM,1,1,,A,14`MHp001l7FUMT0vCkcSq>t00S5,0*55
\s:66,c:1782377490*4B\!AIVDM,1,1,,A,1k:4??PP1J0Ovw0NQss=l?v1uwww,0*73
\s:66,c:1782377491*4A\!AIVDM,1,1,,B,B3cqoSP0T@;@ue6COOQq;wgQj:uQ,0*3E
\s:66,c:1782377491*4A\!AIVDM,1,1,,A,19NSFKP02?JWBvL7@VPArAi4053<,0*62
\s:66,c:1782377492*49\!AIVDM,1,1,,B,369Dwa001I8j>rhDVaQVwUTf01tP,0*04
\g:1-2-5198428,s:66,c:1782377474*08\!AIVDM,2,1,8,B,55@`4wh2;P@k<G;C3T0@tp608hD0000000000016?H<885ao0ARC21P@,0*51
\g:2-2-5198428*66\!AIVDM,2,2,8,B,000000000000000,2*2F
\s:66,c:1782377483*49\!AIVDM,1,1,,A,177PWU001tPmG;lEmbB=D:hb0D4S,0*7F
\s:66,c:1782377482*48\!AIVDM,1,1,,A,360WBrE000wn9fNK43w:R7``0000,0*6D
\s:66,c:1782377487*4D\!AIVDM,1,1,,A,17liW`8P0?7M4GJ0Vd>hMgvR30S8,0*04
\s:66,c:1782377488*42\!AIVDM,1,1,,B,B3mbBQP008;e;F8M090nwwf5oP06,0*4B
\s:66,c:1782377491*4A\!AIVDM,1,1,,A,13e22l001eWJOnP0cNmKWq4t00RH,0*52
\s:66,c:1782377492*49\!AIVDM,1,1,,A,E>k`t>Ls9U0h@@@@@@@@@@@@@@@=63p58d41H00003vP100,2*1D
\s:66,c:1782377488*42\!AIVDM,1,1,,A,15O8bqd000q<m:hA2vbmUwvp0000,0*4E
\s:66,c:1782377490*4B\!AIVDM,1,1,,A,D02ANS1=tN?a``N01sDN0170@00,2*26
\s:66,c:1782377490*4B\!AIVDM,1,1,,A,B6:lNj@00j2;JWS?J2K6BNfWQP06,0*4D
\s:66,c:1782377486*4C\!AIVDM,1,1,,B,H69ED`Q`PEPT4pMUG;WO7800000,2*26
\s:66,c:1782377490*4B\!AIVDM,1,1,,A,H69ED`TN?F10200h00000020G890,0*4C
\s:66,c:1782377423*43\!AIVDM,1,1,,B,36:=OdQ0008OJ2pF@<L3R7Lf07;P,0*74
\s:66,c:1782377489*43\!AIVDM,1,1,,A,17lcqSh000W@9=V1eSWf45Tr2<1I,0*77
\g:1-2-5198429,s:66,c:1782377423*0B\!AIVDM,2,1,9,A,56:=OdP0000090dWF21`PtpN0P4V1@tpN3;J2216@HPD65dDeK0hCp1Q,0*30
\g:2-2-5198429*67\!AIVDM,2,2,9,A,BH12@C`88888880,2*7F
\s:66,c:1782377495*4E\!AIVDM,1,1,,A,18HwB;0P01WJC1T0essf4?w42@D:,0*44
\s:66,c:1782377491*4A\!AIVDM,1,1,,A,34`Uui00hswdTU8DmgTpIo<v02tQ,0*18
\s:66,c:1782377494*4F\!AIVDM,1,1,,B,H3S7GeQ=C;WC7G@000000000000,2*2A
\s:66,c:1782377494*4F\!AIVDM,1,1,,B,H3S7GeTUCBD:MdAq12jplj1@322t,0*56
\s:66,c:1782377494*4F\!AIVDM,1,1,,A,1k:4??PP1J0Ovw0NQss=l?v1uwww,0*73
\s:66,c:1782377494*4F\!AIVDM,1,1,,B,13aKUq0P10PFD2rMw:q<hww42D7b,0*68
\s:66,c:1782377494*4F\!AIVDM,1,1,,A,35AQcl5P000D=JjMdTM<6Ow60DvJ,0*4F
\s:66,c:1782377495*4E\!AIVDM,1,1,,A,13aBKH0P0fSiJkF=oRjdggw82D>=,0*5B
\s:66,c:1782377496*4D\!AIVDM,1,1,,A,ENkb;3?:@@@@@@@@@@@@@@@@@@@;WfkM=W93800003vP000,2*3A
\s:66,c:1782377492*49\!AIVDM,1,1,,B,138V8`001mPjo58O?0<CGRg008Bp,0*52
\s:66,c:1782377492*49\!AIVDM,1,1,,B,13`oWn8P130HJq4NGcweWOw0053<,0*21
\s:66,c:1782377495*4E\!AIVDM,1,1,,B,19NSpq@1@3`hbgLA245ubRBh0L8O,0*64
\s:66,c:1782377496*4D\!AIVDM,1,1,,B,1696hj0OiU8jvVTDW:CG05W60<00,0*0F
\s:66,c:1782377496*4D\!AIVDM,1,1,,A,18I9@90vikOTuhDKr9a8;nQ808ES,0*5B
\s:66,c:1782377496*4D\!AIVDM,1,1,,A,14RjuT0OjROU2U2Kg886fm=80HEU,0*4E
\s:66,c:1782377490*4B\!AIVDM,1,1,,A,B3:4??P0Fp7wghW`NvkM3wg1l@Ai,0*7F
\s:66,c:1782377492*49\!AIVDM,1,1,,B,14a9Q60032rL;cR>lFHlC3Lt053<,0*58
\s:66,c:1782377495*4E\!AIVDM,1,1,,B,16=<R4002C`b?ml?DTt8CFS008D?,0*7E
\s:66,c:1782377496*4D\!AIVDM,1,1,,B,402ANS1uJl`kT<tSF0l4Q@00053<,0*5C
\s:66,c:1782377496*4D\!AIVDM,1,1,,A,18Hu`j031D`eBNFDBfU2CAo208EH,0*7C
\s:66,c:1782377487*4D\!AIVDM,1,1,,B,BCP8tMP0;gtvKk6vE;JhWweUn000,0*39
\s:66,c:1782377449*4F\!AIVDM,1,1,,B,138Um6001v`TS2`<nM:GAmoL0D<N,0*08
\s:66,c:1782377488*42\!AIVDM,1,1,,B,14`UtG@01L7EJ>p127RcOqBn00Rr,0*6A
\s:66,c:1782377487*4D\!AIVDM,1,1,,B,B3IGbf000fqraMQo53:7oweUl000,0*66
\s:66,c:1782377486*4C\!AIVDM,1,1,,B,199I=L0P1K8ljj8AJm7iT?vl0@?;,0*67
\s:66,c:1782377490*4B\!AIVDM,1,1,,B,16TT@`002C7Dwqt11Bh4QSVr053<,0*40
\s:66,c:1782377484*4E\!AIVDM,1,1,,B,13l3n<k1@0PBi60Mq=FVp1:f8<=J,0*02
\s:66,c:1782377484*4E\!AIVDM,1,1,,B,33aEQ5E0000F8wdMwDltK1:hPH>0,0*15
\s:66,c:1782377481*4B\!AIVDM,1,1,,A,403Ow2ivad`kEqVowD@hwLO02L8J,0*54
\s:66,c:1782377487*4D\!AIVDM,1,1,,A,34eGpkmP00G=P<tL=8u=Vgvp0DLr,0*3B
\s:66,c:1782377489*43\!AIVDM,1,1,,B,33n3<S00120L>OVQqD<VWUVp00s@,0*56
\s:66,c:1782377484*4E\!AIVDM,1,1,,B,144WPV002R7nqRn94UcEllbn00Rl,0*7D
\s:66,c:1782377487*4D\!AIVDM,1,1,,A,17lcbs8P00WK1hf0WV:okOvl2H?j,0*00
\s:66,c:1782377490*4B\!AIVDM,1,1,,A,16:ENeP000`9L94<nq2B4q:r0@At,0*16
\s:66,c:1782377491*4A\!AIVDM,1,1,,A,15W>qv0001vkw<H9<@NMDW<n0@BC,0*25
\s:66,c:1782377488*42\!AIVDM,1,1,,B,13cVT80P2=11FK`GDjr0??vV0`@j,0*0D
\s:66,c:1782377488*42\!AIVDM,1,1,,A,133wjdP000PCi=8MG=hqgDJp00SH,0*5D
\s:66,c:1782377488*42\!AIVDM,1,1,,A,13aB9c@P@M0BpsHMLw6oUmHr0@@m,0*09
\s:66,c:1782377488*42\!AIVDM,1,1,,B,18SPBfPP0iWaFL@5o06BC?vl2D00,0*20
\s:66,c:1782377492*49\!AIVDM,1,1,,B,13aNbNwP0RPBRtjMewTabwvv2<6G,0*3F
\s:66,c:1782377492*49\!AIVDM,1,1,,B,15?dQ5P01`Nf>gf8:Oh755Tv08Bk,0*29
\s:66,c:1782377489*43\!AIVDM,1,1,,A,13IL1006@0ECCeMmusM0000L0000,0*51
\s:66,c:1782377490*4B\!AIVDM,1,1,,A,15MqFM0P00I<i2DA2p=pg?vr253<,0*05
\s:66,c:1782377490*4B\!AIVDM,1,1,,B,4h50Ko1vad`kNWL8wp0c@G700<<P,0*48
\s:66,c:1782377490*4B\!AIVDM,1,1,,B,Dh50Ko0?TN?`fpNfp0,4*18
\s:66,c:1782377490*4B\!AIVDM,1,1,,A,39NSgP01js0fUMEkjb6CLjpr0000,0*27
\s:66,c:1782377491*4A\!AIVDM,1,1,,A,15DVaB002=7EdEd0vlUTJk`t0@BC,0*44
\s:66,c:1782377491*4A\!AIVDM,1,1,,B,B3ciOdP0:H;@>HVCh?5GwwgUoP06,0*51
\s:66,c:1782377491*4A\!AIVDM,1,1,,B,18SjehPP00Wat3@61sp6s?vt2HCH,0*24
\s:66,c:1782377489*43\!AIVDM,1,1,,B,B8;P9?00:j:I6L25?J`;7wv63P06,0*27
\s:66,c:1782377492*49\!AIVDM,1,1,,B,16SlT:PP15a=JptCwcoo5Ovv2HCo,0*1E
\s:66,c:1782377492*49\!AIVDM,1,1,,B,402PeFQuJl`kOOH`:>EFK>A00D48,0*3A
\s:66,c:1782377492*49\!AIVDM,1,1,,B,D02PeFQMdffq8hv9H0,4*7A
\s:66,c:1782377493*48\!AIVDM,1,1,,A,13:ar>002aQODVLOqO?3aRvv8hCH,0*35
\s:66,c:1782377492*49\!AIVDM,1,1,,B,403sl41vad`kO`86@j=1J1G00D;<,0*08
\s:66,c:1782377489*43\!AIVDM,1,1,,A,BCh;5H0007ThA:9M8CCQ3wf2q000,0*05
\s:66,c:1782377494*4F\!AIVDM,1,1,,A,13aEQ5E0000F8wbMwDltK1;6P000,0*3B
\s:66,c:1782377494*4F\!AIVDM,1,1,,A,144WPV002R7nqVR94Tsmm4c00<4@,0*3F
\s:66,c:1782377492*49\!AIVDM,1,1,,B,13LBh`301D1Ru<vRA?HK5pj00000,0*3B
\s:66,c:1782377493*48\!AIVDM,1,1,,B,6>kvpgh000wp000000OP0T00,0*03
\s:66,c:1782377491*4A\!AIVDM,1,1,,B,23aQd5lP00PDQqrMdi`G0Ovt20SL,0*38
\s:66,c:1782377493*48\!AIVDM,1,1,,A,17ldhHPP008FcHIwC0b0Ggw028CC,0*2F
\s:66,c:1782377491*4A\!AIVDM,1,1,,B,403wk7Avad`kM4wbj2<n2i?02000,0*30
\s:66,c:1782377492*49\!AIVDM,1,1,,B,155VwDHP00RmSeEubiPf4?vv253<,0*6E
\s:66,c:1782377493*48\!AIVDM,1,1,,A,13cVT80P2=11FL@GDkR0??vf0`Cf,0*37
\s:66,c:1782377492*49\!AIVDM,1,1,,B,14SaeN0001P?=cRMWw<P2s5008C=,0*68
\s:66,c:1782377493*48\!AIVDM,1,1,,B,33aB9c@P@O0BprvMLvsoQm;401uh,0*01
\s:66,c:1782377493*48\!AIVDM,1,1,,A,13FJq`9000vqH;8@6ddMBK>v08CN,0*03
\s:66,c:1782377493*48\!AIVDM,1,1,,A,ENo6gqL1ShJIh@@@@@@@@@@@@@@=C56D2vKSP1088;v010,4*03
\s:66,c:1782377493*48\!AIVDM,1,1,,B,16:4nTPP0088F58=0`c5fOw2053<,0*00
\s:66,c:1782377431*40\!AIVDM,1,1,,A,16:8Ah0P008UuTPEs?4TlOvt00S9,0*54
\s:66,c:1782377487*4D\!AIVDM,1,1,,B,B3EhelP007w8a15J@L<03we5oP06,0*5A
\s:66,c:1782377494*4F\!AIVDM,1,1,,A,13ku<5@PAiJl:fhJR33I672v0@Cp,0*4E
\s:66,c:1782377493*48\!AIVDM,1,1,,A,16;BAn001i8jPUPCJ2sewP5000Rs,0*06
\s:66,c:1782377495*4E\!AIVDM,1,1,,B,4h50Ko1vad`kNWL8wp0c@G700<<P,0*48
\s:66,c:1782377491*4A\!AIVDM,1,1,,B,B3P8Ach0;OrbBeW<TP26owgUl000,0*18
\s:66,c:1782377483*49\!AIVDM,1,1,,A,4028jKAvad`kF0<KwpFg<9OP2H=B,0*08
\s:66,c:1782377488*42\!AIVDM,1,1,,B,B3MBsBP03P23ge7mMdFeUq=QVDM:,0*17
\s:66,c:1782377488*42\!AIVDM,1,1,,B,13m8HwP0001Ft4pWoeh1oQVp053<,0*7C
\s:66,c:1782377484*4E\!AIVDM,1,1,,A,D02`m51KlN?`00O6EFTw6D0,2*46
\s:66,c:1782377488*42\!AIVDM,1,1,,A,16:Ig8P01M8g?K0Ahli:f``n053<,0*1E
\s:66,c:1782377484*4E\!AIVDM,1,1,,B,13m=eMPP00QdHhV`HbLLtwvf0D0E,0*44
\s:66,c:1782377490*4B\!AIVDM,1,1,,A,36oaA<E000vqJCH@6J5=Q4>p0Dg:,0*55
\s:66,c:1782377434*45\!AIVDM,1,1,,A,B6H?S2h01pWmDuTbM:8igwi5oP06,0*33
\s:66,c:1782377484*4E\!AIVDM,1,1,,A,34eJ6Wh2iGG<lDhL=BI3L2Qp0000,0*36
\s:66,c:1782377484*4E\!AIVDM,1,1,,,13b5PJ5001PEF7TN1e4@HljR053<,0*64
\s:66,c:1782377487*4D\!AIVDM,1,1,,B,39NSHQh01O83tw3t:c5T4Rrj0000,0*04
\s:66,c:1782377488*42\!AIVDM,1,1,,A,19NSHQh01O83twot:c4442rl053<,0*54
\s:66,c:1782377490*4B\!AIVDM,1,1,,B,34eJ6WhPACo<lL<L=BPC@2<p00u0,0*42
\s:66,c:1782377489*43\!AIVDM,1,1,,A,13ebTT11hO`kdSrAgCQML2Br8000,0*75
\s:66,c:1782377484*4E\!AIVDM,1,1,,A,1770`e001o8LMtTF>Fv4n3rd08>5,0*51
\s:66,c:1782377482*48\!AIVDM,1,1,,A,3kIN183026Omr6pK2cBR;1hP0000,0*59
\s:66,c:1782377485*4F\!AIVDM,1,1,,B,B5`V@=@00mpLqr4o63KQ0QdQnDGr,0*04
\s:66,c:1782377490*4B\!AIVDM,1,1,,B,16:?wU0P0n8WCC`DWJhJIgv60`AF,0*76
\s:66,c:1782377491*4A\!AIVDM,1,1,,A,76:?wU=RMpD`,0*76
\s:66,c:1782377492*49\!AIVDM,1,1,,B,16:QwfPP008;2s6<rVm>4?vb2hBM,0*2D
\s:66,c:1782377492*49\!AIVDM,1,1,,B,15?df>h00M2o4V;uVp4h5`Jv0@Bk,0*3C
\s:66,c:1782377489*43\!AIVDM,1,1,,B,18J0s20000WJ`r<0gOachRRr00SS,0*24
\s:66,c:1782377489*43\!AIVDM,1,1,,B,39NSa?h02308NK@GGTHQrARr0Bue,0*44
\s:66,c:1782377489*43\!AIVDM,1,1,,A,33HdnFh=@00000000000001p0000,0*46
\s:66,c:1782377488*42\!AIVDM,1,1,,B,13IFe::P0c0BHmlHbr6u`?vr00R>,0*59
\s:66,c:1782377489*43\!AIVDM,1,1,,A,B39KRjP0>@6Wr;V:bCHa;wf1h0Tr,0*2A
\s:66,c:1782377485*4F\!AIVDM,1,1,,A,19NSQUh002OWJUpDbm@7>aLV0<5t,0*2E
\s:66,c:1782377494*4F\!AIVDM,1,1,,A,E>l4bAv9U;R4hHhHca2QUP00000DGSQS8hEv`00003v010,4*14
\s:66,c:1782377485*4F\!AIVDM,1,1,,A,16:dJNh000`e?@pAt?>=kgvl0000,0*36
\s:66,c:1782377493*48\!AIVDM,1,1,,B,19NSHQh01M83u4Wt:bt402q000SA,0*2D
\s:66,c:1782377488*42\!AIVDM,1,1,,,13b5PJ5001PEF7RN1e4P1ljb053<,0*3B
\s:66,c:1782377492*49\!AIVDM,1,1,,,13b5PJ5001PEF7RN1e4h0ljj053<,0*0A
\s:66,c:1782377488*42\!AIVDM,1,1,,A,18;PH5?P02`ah7T8ETI4ogvl253<,0*10
\s:66,c:1782377493*48\!AIVDM,1,1,,A,169AJ>P0018f`LrARKhdl3E00L5U,0*2E
\s:66,c:1782377488*42\!AIVDM,1,1,,B,B52oUE@00=qmgM4cRk3Q3wWUl000,0*42
\s:66,c:1782377490*4B\!AIVDM,1,1,,A,17lod6hP00WKkO>0TsgnLgvt20Rt,0*5C
\s:66,c:1782377491*4A\!AIVDM,1,1,,B,B7OfFPP03JVmGiuU39AuswgUt000,0*0F
\s:66,c:1782377489*43\!AIVDM,1,1,,A,33aEP;?P0ePHO<BNFCfFgOvr22s3,0*7D
\g:1-2-5198430,s:66,c:1782377489*03\!AIVDM,2,1,0,B,53m=eM`00000hSC?7L1<Tl4pE<0000000000001?0`:3540Ht5531`==,0*34
\g:2-2-5198430*6F\!AIVDM,2,2,0,B,utMLLM`;p0j<MP0,2*76
\s:66,c:1782377490*4B\!AIVDM,1,1,,A,33aDrqP0000JaRFNFbt=m;5p0000,0*5F
\s:66,c:1782377490*4B\!AIVDM,1,1,,A,15ApdN001J7?PQL1WGP@DP2r0<4D,0*1E
\s:66,c:1782377494*4F\!AIVDM,1,1,,A,13`mft0wP0PJ:1hN?84CCoK40@D;,0*07
\s:66,c:1782377491*4A\!AIVDM,1,1,,B,13iW@L3001P;KGHMO61dqFhR0<4s,0*1F
\s:66,c:1782377493*48\!AIVDM,1,1,,B,23aQ6=hP0nPDHBpMdCsc3gw220Rw,0*5B
\s:66,c:1782377491*4A\!AIVDM,1,1,,B,B52ib9@00=pm90Tlw<TpibgQjDgb,0*7A
\s:66,c:1782377496*4D\!AIVDM,1,1,,B,14a@mn001G9=`shD1LQ=FbW008E5,0*65
\s:66,c:1782377496*4D\!AIVDM,1,1,,B,401uEQ1vad`kS0Cl=@MEqFO02HEO,0*39
\s:66,c:1782377496*4D\!AIVDM,1,1,,A,17lk5`p01H`4TqAt6o2IAWI820SS,0*48
\s:66,c:1782377496*4D\!AIVDM,1,1,,A,B5P7=r0006S:fRSR3>L000N00000,0*2C
\s:66,c:1782377497*4C\!AIVDM,1,1,,B,18K`0d0Oh07KaI60fVmkOjw:08EI,0*7C
\s:66,c:1782377495*4E\!AIVDM,1,1,,B,14`V2?k000OtsULLRLlaDB;40HDT,0*2F
\s:66,c:1782377496*4D\!AIVDM,1,1,,A,16:=Km001a7wPO`<7V=2ojG808E5,0*3F
\s:66,c:1782377498*43\!AIVDM,1,1,,A,13m6hg0000PJB;pQgWFG;Uu82L1P,0*3F
\s:66,c:1782377486*4C\!AIVDM,1,1,,A,83`j3J@j2dt=L=u>00R`JhO03hL0,0*19
\s:66,c:1782377488*42\!AIVDM,1,1,,B,19u:Ur@01C7iDI<;bKO;0php00Ru,0*31
\s:66,c:1782377482*48\!AIVDM,1,1,,B,1041mTEP?w<tSF0l4Q@>4?wp1W3h,0*6E
\s:66,c:1782377485*4F\!AIVDM,1,1,,B,13aI:?CP0aPEoafNCKKdsOvj2@>i,0*59
\s:66,c:1782377488*42\!AIVDM,1,1,,B,134>uL;000PCWq`MFR0iq98V0D?2,0*15
\s:66,c:1782377489*43\!AIVDM,1,1,,A,13M;EJ0Oi80Geb<NOs0MDs:66,0*2C
\s:66,c:1782377490*4B\!AIVDM,1,1,,B,169sO:001sQ0omtG7q2I`Wfr0D5b,0*32
\s:66,c:1782377488*42\!AIVDM,1,1,,A,13Rkvb0P00Qd5PdEf1Mf4?vp28@U,0*76
\s:66,c:1782377488*42\!AIVDM,1,1,,A,13aFfr@01HPB?3FMO`1n34hp0<4`,0*3C
\s:66,c:1782377488*42\!AIVDM,1,1,,B,13P;JN@01n09dwvMDc72Dinp00RL,0*49
\s:66,c:1782377484*4E\!AIVDM,1,1,,A,13`fJN@0230CrqBN?;PVc5:h00SF,0*38
\s:66,c:1782377486*4C\!AIVDM,1,1,,A,13kTRBcP01v:OfdEUup>4?vj2000,0*06
\s:66,c:1782377489*43\!AIVDM,1,1,,A,38J9F65000WLLuJ0gtlq8kbp0Dl:,0*1E
\s:66,c:1782377487*4D\!AIVDM,1,1,,B,36::EI001Q8gcpbAEWv>2hD00000,0*57
\s:66,c:1782377486*4C\!AIVDM,1,1,,A,18VUjh00123QVhp?rLCaMojn0@?S,0*18
\s:66,c:1782377488*42\!AIVDM,1,1,,,13`kqh1POwPEAGNNfFP>41ln0000,0*74
\s:66,c:1782377483*49\!AIVDM,1,1,,B,38MCWJ50007J3:p0dwFjdm6d0Bm:,0*4D
\s:66,c:1782377487*4D\!AIVDM,1,1,,B,16:4SS0P00`evo@A=;mf4?vn28?w,0*0D
\s:66,c:1782377493*48\!AIVDM,1,1,,A,38J9F65000WLLuJ0gtlq8kbp0Dl:,0*1E
\s:66,c:1782377490*4B\!AIVDM,1,1,,A,33aLnn0001PBUW0MfKqSh:jr05FS,0*32
\s:66,c:1782377488*42\!AIVDM,1,1,,A,B5O>jA0006T5hW3sHGVoiNN00000,0*7C
\s:66,c:1782377490*4B\!AIVDM,1,1,,A,B3Hod:00=P3TLlV6UWE`kwg5kP06,0*30
\s:66,c:1782377493*48\!AIVDM,1,1,,B,3815`O100105wir3NN@isQfv0D2J,0*48
\s:66,c:1782377489*43\!AIVDM,1,1,,A,13LBcI001o1O@sHRE756Cm600000,0*50
\s:66,c:1782377486*4C\!AIVDM,1,1,,A,33ku;3E000vqMIn@6sNClE`h0Dkb,0*7C
\s:66,c:1782377493*48\!AIVDM,1,1,,B,13`fJN@0220CrtbN?:7F`59408Cj,0*01
\s:66,c:1782377491*4A\!AIVDM,1,1,,A,19N`2m002EMDHSHJJP0Rhj:t00Rw,0*29
\s:66,c:1782377491*4A\!AIVDM,1,1,,B,33M;EJ0Oi90GeaDNOs?=GK<t02<h,0*26
\s:66,c:1782377491*4A\!AIVDM,1,1,,B,405fli1uJl`kO2C2migRFBW008BG,0*4D
\s:66,c:1782377492*49\!AIVDM,1,1,,A,13aTVt001KWS`9022rJpH6dv2U3<,0*68
\s:66,c:1782377492*49\!AIVDM,1,1,,A,37liWE0P007M2q00W<`DSOvv26S3,0*5B
\s:66,c:1782377488*42\!AIVDM,1,1,,A,B:U78hP0EwCo2KN9GTtqCweUoP06,0*37
\s:66,c:1782377492*49\!AIVDM,1,1,,B,17tKml@P007?vFP1h0iN4?w028Bp,0*5F
\s:66,c:1782377492*49\!AIVDM,1,1,,B,403OtTiuJl`kOoQsd0C6IFw02<<F,0*53
\s:66,c:1782377494*4F\!AIVDM,1,1,,A,39NSpRQ002Oe?7h2u=W52VE20000,0*31
\s:66,c:1782377490*4B\!AIVDM,1,1,,A,13aGD8@P00PF;Q6MTK6Du?vn28B0,0*2E
\s:66,c:1782377494*4F\!AIVDM,1,1,,A,34QS<65000rQHUdFNO=@MK>t0Du:,0*3B
\s:66,c:1782377491*4A\!AIVDM,1,1,,B,403t:BQvad`kM`KUFBEs96o00D4d,0*42
\s:66,c:1782377493*48\!AIVDM,1,1,,,13`kqh1000PEAGPNfFP=hQk20000,0*56
\s:66,c:1782377488*42\!AIVDM,1,1,,A,140UsuhP1O0EtbRMwnArt?vnPH@k,0*30
\s:66,c:1782377494*4F\!AIVDM,1,1,,A,18I13s020AJ>Qt415DLbt8en0D04,0*58
\s:66,c:1782377493*48\!AIVDM,1,1,,B,1772ki00Au`lg:fCSs@d?Ipt0D3L,0*19
\s:66,c:1782377494*4F\!AIVDM,1,1,,A,H3IehbQ8Tp5<<U@400000000000,2*10
\s:66,c:1782377494*4F\!AIVDM,1,1,,A,H3IehbTTCBD8cGK61<poln0p644t,0*4D
\s:66,c:1782377489*43\!AIVDM,1,1,,A,19NSjphwRd7>EHl1VOblhkln0@A0,0*4E
\s:66,c:1782377494*4F\!AIVDM,1,1,,B,169G:e0P0289A;4<ntfLIpM00<4u,0*2B
\s:66,c:1782377490*4B\!AIVDM,1,1,,A,16lNh>30007IvT20jGcRTRnn08AG,0*1C
\s:66,c:1782377495*4E\!AIVDM,1,1,,A,13LBgH00001PM@TRRUCG7`600000,0*3D
\s:66,c:1782377491*4A\!AIVDM,1,1,,A,16:R16000t8hof6AoAPo4mHt253<,0*58
\s:66,c:1782377496*4D\!AIVDM,1,1,,B,16:=caPP1>8bp@0FTg5RSOw60@Dc,0*6A
\s:66,c:1782377495*4E\!AIVDM,1,1,,A,16:6mQP0iL`i<oP@w:I9Q7Lp0@A5,0*7D
\s:66,c:1782377495*4E\!AIVDM,1,1,,A,17P34u0000burfQh3GeN45u42<1?,0*27
\s:66,c:1782377493*48\!AIVDM,1,1,,B,402=b3Avad`kQwdnN<Llg>G008CR,0*0F
\s:66,c:1782377496*4D\!AIVDM,1,1,,A,19NSG;H02>3CopahoEAqFWRd0@Dv,0*22
\s:66,c:1782377496*4D\!AIVDM,1,1,,A,134>uL;000PCWqTMFR0iq96p0D>w,0*4E
\s:66,c:1782377481*4B\!AIVDM,1,1,,A,35Mi`2PP?w<tSF0l4Q@>4?wp0000,0*08
\s:66,c:1782377486*4C\!AIVDM,1,1,,B,13=WjT0vjJwSqC:K7tk0q0lh88?i,0*79
\s:66,c:1782377487*4D\!AIVDM,1,1,,B,13aJGbPP02PFw1TMrHKl?gvn2<3r,0*70
\s:66,c:1782377489*43\!AIVDM,1,1,,B,19NSgP@01GK2rhhGSB:5sTrp0@@r,0*34
\s:66,c:1782377489*43\!AIVDM,1,1,,A,100000OP?w<tSF0l4Q@>4?wp1PR`,0*35
\s:66,c:1782377487*4D\!AIVDM,1,1,,A,3340q0UP00PCnU<MFJmN4?vnRDTb,0*23
\s:66,c:1782377484*4E\!AIVDM,1,1,,B,15RRg23000q`RSV@B@<p<DHf0p>Q,0*46
\s:66,c:1782377489*43\!AIVDM,1,1,,B,18Kp080via`k1PR@w:7352Pn08A0,0*20
\s:66,c:1782377489*43\!AIVDM,1,1,,B,36:<PM100B8fJ:@A:s4=PA0n0000,0*68
\g:1-2-5198431,s:66,c:1782377484*0F\!AIVDM,2,1,1,B,56:60o`000008tPk>214TpP4pLLtpOKR2222221J4p`ABu7AN;FR3mDj,0*45
\g:2-2-5198431*6E\!AIVDM,2,2,1,B,0CQp88888888880,2*74
\s:66,c:1782377489*43\!AIVDM,1,1,,A,B9l`?B000H@Vfmtf0v6e3wd5oP06,0*62
\s:66,c:1782377486*4C\!AIVDM,1,1,,B,13n=<t001G0FiK`SB0@=>:`l0D1B,0*2D
\s:66,c:1782377480*4A\!AIVDM,1,1,,B,13;2d:3000OuC`BLDRd6Ij:`00S1,0*3B
\s:66,c:1782377488*42\!AIVDM,1,1,,A,E>k`tDLHpaU0h@@@@@@@@@@@@@@=5qH<8dMq@00003vP100,2*75
\s:66,c:1782377490*4B\!AIVDM,1,1,,A,38I?C@0Oh?7Kw1V0fkKU6Crl018@,0*2D
\s:66,c:1782377488*42\!AIVDM,1,1,,B,138:O60P0nwWmJrDVj::8gvl0H@h,0*7A
\s:66,c:1782377486*4C\!AIVDM,1,1,,A,1qNSfAh01hP6B38FrVe14@nl0000,0*32
\s:66,c:1782377491*4A\!AIVDM,1,1,,A,18J<=d80007Ksar0gfErb5Ln053<,0*6D
\s:66,c:1782377491*4A\!AIVDM,1,1,,A,1815<3001nWEEvL12S0;TqD`0<<M,0*31
\s:66,c:1782377487*4D\!AIVDM,1,1,,B,H3M@Uk1=E<TF0`4pD0000000000,2*58
\s:66,c:1782377487*4D\!AIVDM,1,1,,B,H3M@Uk4TFC@83aEJ9GAq000h7220,0*3C
\s:66,c:1782377484*4E\!AIVDM,1,1,,A,13aDChwP00PNlQ2MKI=N4?vhR8>A,0*20
\s:66,c:1782377485*4F\!AIVDM,1,1,,B,18159<P0053PQ7@?ns:66,0*42
\s:66,c:1782377489*43\!AIVDM,1,1,,B,13;9UT6P00Rvc5dH7tNN4?vr2HA3,0*58
\s:66,c:1782377490*4B\!AIVDM,1,1,,B,B5O57h019nheGV5pb:iAswfQh0Rn,0*5F
\s:66,c:1782377485*4F\!AIVDM,1,1,,A,33MCH0GP@>P20GJLuqqD6RLd00r0,0*15
\s:66,c:1782377486*4C\!AIVDM,1,1,,B,13aKU80P00PF3o6N1Q3v4?vl20SV,0*01
\s:66,c:1782377331*47\!AIVDM,1,1,,A,36:UFn5P008NGhJFBR9:9?wV0E3J,0*6C
\s:66,c:1782377491*4A\!AIVDM,1,1,,A,33MCH0GP@CP20J2LuqskaRLp01wh,0*2F
\s:66,c:1782377490*4B\!AIVDM,1,1,,B,18SPI>0P06WasKl5qjmcbgvp20SA,0*6F
\s:66,c:1782377492*49\!AIVDM,1,1,,A,4h5GdQ1vad`kP7JigP0gVp700HC>,0*74
\s:66,c:1782377490*4B\!AIVDM,1,1,,A,15?sp<002F83dpD<2ASI4o@r0@AT,0*54
\s:66,c:1782377491*4A\!AIVDM,1,1,,A,16:GvoP000`8GQr<un:>47hv2D:d,0*0F
\s:66,c:1782377492*49\!AIVDM,1,1,,B,16::vE0vPs`guc0AfC0=rPbv20SK,0*10
\s:66,c:1782377492*49\!AIVDM,1,1,,A,13Eba4`P0NP1aq<F6T@Wdwvv2D1Q,0*63
\s:66,c:1782377489*43\!AIVDM,1,1,,A,402IP@iuJl`kLNe`fVV4w;700<1T,0*0F
\s:66,c:1782377489*43\!AIVDM,1,1,,A,D02IP@iMdffp,0*09
\s:66,c:1782377492*49\!AIVDM,1,1,,A,165Muf;00h3ehL@>vlglm2K02000,0*22
\s:66,c:1782377488*42\!AIVDM,1,1,,B,13m=b>0P00Qnq1V`WGAh0?vn2@@0,0*2E
\s:66,c:1782377493*48\!AIVDM,1,1,,A,16:R2HP01V8g3e@AnoCTnSq2053<,0*5E
\s:66,c:1782377493*48\!AIVDM,1,1,,B,4@2A`o1uJl`kP1?lIPH`VF7008Cd,0*7F
\s:66,c:1782377493*48\!AIVDM,1,1,,A,14`AK@001W3TVFj@CAHtPIvv08C?,0*61
\s:66,c:1782377493*48\!AIVDM,1,1,,B,15?dSm002CW`kgd5v;6ERDLv053<,0*47
\s:66,c:1782377490*4B\!AIVDM,1,1,,A,13P7G570000U;2BP2tphQlhvHL0K,0*4A
\s:66,c:1782377494*4F\!AIVDM,1,1,,B,28TD6R0P007bICb5uGwP0?w22L1s,0*50
\g:1-2-5198432,s:66,c:1782377492*0B\!AIVDM,2,1,2,A,58159<T2BD=QKM@7>21@u05b0dQEL4U:2222221J1@i6:5ckN<3@CRA`,0*3D
\g:2-2-5198432*6D\!AIVDM,2,2,2,A,3i`888888888880,2*24
\s:66,c:1782377494*4F\!AIVDM,1,1,,B,13aDChwP00PNlQ2MKI=f4?w2RL17,0*5D
\s:66,c:1782377494*4F\!AIVDM,1,1,,B,100000OP?w<tSF0l4Q@>4?wp1d00,0*30
\s:66,c:1782377494*4F\!AIVDM,1,1,,A,36::aj001W8Vq8@DW@l:v`o200;S,0*0F
\s:66,c:1782377490*4B\!AIVDM,1,1,,A,152jl4000tRD3ErAN9DMaJpr0hAD,0*3F
\s:66,c:1782377495*4E\!AIVDM,1,1,,A,D02VqV178Nfq6DO6EsHw6DvuO6D,2*3A
\s:66,c:1782377490*4B\!AIVDM,1,1,,B,33m@877P@WPsVSbVh=Hq`GVv0000,0*0E
\s:66,c:1782377492*49\!AIVDM,1,1,,B,402:oRQvad`kNOoAJvLKO>?00<8C,0*20
\s:66,c:1782377493*48\!AIVDM,1,1,,B,19NSm2h00k7I@G`0cuaDm3pt08Bw,0*11
\s:66,c:1782377492*49\!AIVDM,1,1,,A,B3P7G:@007t>iF8KmH3Q3wh5kP06,0*4F
\s:66,c:1782377487*4D\!AIVDM,1,1,,B,B52Nawh00=ktE06lH:JJwwe5wP06,0*5E
\s:66,c:1782377484*4E\!AIVDM,1,1,,A,339oecP0000eVPlN`paVr`;p0000,0*19
\s:66,c:1782377483*49\!AIVDM,1,1,,A,3772jV50008Jtb>FBV@WGaJb0Drb,0*6B
\s:66,c:1782377487*4D\!AIVDM,1,1,,A,16KvQ200jdvi7o0<fvpH4VJT08@9,0*1F
\s:66,c:1782377487*4D\!AIVDM,1,1,,B,C6:LUDP0029Wr`U9OmN8wwv04:C0@2C0hB2L?0@:0000JQ@2QQPP,0*63
\s:66,c:1782377489*43\!AIVDM,1,1,,B,15WhV>8P1M3m5<J>`58l>wvp0PT5,0*0E
\g:1-2-5198433,s:66,c:1782377489*00\!AIVDM,2,1,3,B,53A4Cn82>hmtu`@c800l4E9<f0pEM0u9@000001:GhD??5dRNIVPD36g,0*7E
\g:2-2-5198433*6C\!AIVDM,2,2,3,B,gS@D53L@0000000,2*1E
\s:66,c:1782377486*4C\!AIVDM,1,1,,,15O>dT1=@0rPE7n>4gHf4?vl2000,0*30
\s:66,c:1782377485*4F\!AIVDM,1,1,,B,33iDIJ?0000PW0fHt@NpeWS:02jQ,0*45
\s:66,c:1782377489*43\!AIVDM,1,1,,B,1990MuP01hWCd`N1:@?<7qfp00Sb,0*52
\s:66,c:1782377481*4B\!AIVDM,1,1,,A,B6:MGV00=B;hu04KpHa<?wb63P06,0*3E
\s:66,c:1782377487*4D\!AIVDM,1,1,,B,H3:0j>P<4h60iDp400000000000,2*6D
\s:66,c:1782377135*41\!AIVDM,1,1,,A,H3:0j>TUCBD4K0=469Dj00000000,0*20
\s:66,c:1782377487*4D\!AIVDM,1,1,,A,352M>bpP00oR1C0CGQ3f4?vn20;3,0*45
\s:66,c:1782377486*4C\!AIVDM,1,1,,B,13@nttOOi;0fpOVOQFqn<m0h0D0o,0*01
\s:66,c:1782377485*4F\!AIVDM,1,1,,A,13lB62001qPGdMjOmEfv302j88>n,0*66
\s:66,c:1782377490*4B\!AIVDM,1,1,,A,14eJ4iwP00JgLeBJ4LV@0?vn0HAm,0*57
\s:66,c:1782377488*42\!AIVDM,1,1,,A,33@nttOOi<0fpPJOQFh6>50l01ph,0*29
\s:66,c:1782377492*49\!AIVDM,1,1,,A,16:7GKP01b88gJv<md@eq;:v0D<m,0*7B
\s:66,c:1782377492*49\!AIVDM,1,1,,B,16:7su001u89Db@<m12hd0Nt053<,0*54
\s:66,c:1782377493*48\!AIVDM,1,1,,B,13cpN>?P01Pw3KtJ6@7:agw02<1d,0*2A
\s:66,c:1782377491*4A\!AIVDM,1,1,,A,19NSlrh00NOWV=0DSET:A`0t0`B`,0*63
\s:66,c:1782377488*42\!AIVDM,1,1,,,15O>dT1=@0rPE7h>4gGN4?vt2000,0*09
\s:66,c:1782377493*48\!AIVDM,1,1,,A,17lk5bE01L7KvIJ0cgUM:bm2053<,0*50
\s:66,c:1782377493*48\!AIVDM,1,1,,A,33=bf4001g0=cojN2bDA0PlN0Ct=,0*75
\s:66,c:1782377494*4F\!AIVDM,1,1,,A,13R36s0P1RQOlBVEvO7R0ww22<2A,0*03
\s:66,c:1782377494*4F\!AIVDM,1,1,,B,16:>Lw001g`d7W0DQ9T1iAE228D2,0*75
\s:66,c:1782377495*4E\!AIVDM,1,1,,B,36;BQN1Oh88kn;jA=BkQsjc60DvJ,0*04
\s:66,c:1782377491*4A\!AIVDM,1,1,,B,148aP002CAOTl7VLTDw44kFr8HB;,0*72
\s:66,c:1782377492*49\!AIVDM,1,1,,B,15?de:P01h7V9Jh2i9JAL16F00RI,0*19
\s:66,c:1782377492*49\!AIVDM,1,1,,B,403Ow0Avad`kPrTJu0F`jK?0253<,0*5A
\s:66,c:1782377493*48\!AIVDM,1,1,,A,15?dh@P000rCcJF59BJ<Caq00<6t,0*7A
\s:66,c:1782377493*48\!AIVDM,1,1,,A,39NSn9E0006TCOL<gRMrFk=20000,0*25
\s:66,c:1782377492*49\!AIVDM,1,1,,A,B:U7H9000?8LqOLFQHa`WwgWGP06,0*1B
\s:66,c:1782377488*42\!AIVDM,1,1,,B,19NSrHP01q:uu21hNicLfb0l0H@F,0*55
\s:66,c:1782377494*4F\!AIVDM,1,1,,A,139KepP000PeK9dN`kOdIji608D4,0*6A
\s:66,c:1782377494*4F\!AIVDM,1,1,,B,16KvQ200Revi7kD<fuw`3nJj0@D9,0*04
\s:66,c:1782377491*4A\!AIVDM,1,1,,A,13`s1Gh000PFC5LNKDov49rv00T1,0*01
\s:66,c:1782377492*49\!AIVDM,1,1,,A,35B9?4500015bJ8BQEtjlRnb0000,0*3B
\s:66,c:1782377492*49\!AIVDM,1,1,,B,4025btiuJl`kOPbEQHOOFl7008Bi,0*2E
\g:1-2-5198434,s:66,c:1782377491*0E\!AIVDM,2,1,4,A,56:LUDP0000000000008DV0P4V1PT4pN0PD0000m2P5332NeE4TBCQi0,0*19
\g:2-2-5198434*6B\!AIVDM,2,2,4,A,Ch0000000000008,2*03
\s:66,c:1782377488*42\!AIVDM,1,1,,A,36UIfP0005`dw54As=2i9aVf0001,0*43
\s:66,c:1782377496*4D\!AIVDM,1,1,,A,13IPuJ00000HS@tHivMQp5vv00S@,0*00
\s:66,c:1782377491*4A\!AIVDM,1,1,,B,19NSbcP01k8QGtrF:5UCqk:t00SL,0*37
\s:66,c:1782377496*4D\!AIVDM,1,1,,A,148aP001CAOTlE>LTDeD5SG48@EA,0*01
\s:66,c:1782377494*4F\!AIVDM,1,1,,A,339KepP0000eK9dN`kOLHRip0000,0*27
\s:66,c:1782377496*4D\!AIVDM,1,1,,B,14`VDG00010PC`VE:EH3hhC:00S1,0*5B
\s:66,c:1782377494*4F\!AIVDM,1,1,,A,13dpi4002B07j;@E3o8C@RG20@D7,0*0D
\s:66,c:1782377495*4E\!AIVDM,1,1,,,15O>dT1=@0rPE7h>4gFf4?w62000,0*63
\s:66,c:1782377496*4D\!AIVDM,1,1,,A,ENk`vWdqL@@@@@@@@@@@@@@@@@@=Cf=I;=L;000003vP000,2*54
\s:66,c:1782377497*4C\!AIVDM,1,1,,B,169a7EU01M8gMw0A8Gg;SIE8053<,0*4B
\s:66,c:1782377482*48\!AIVDM,1,1,,B,14eGJ;7000G6fu>L?>Nv45Hb0<1>,0*75
\s:66,c:1782377487*4D\!AIVDM,1,1,,A,13AJ:B002LPSMC`Nn0;<qJHl08?u,0*0E
\s:66,c:1782377488*42\!AIVDM,1,1,,A,13a?W<001T0@Nt:MKnhUlTTn0<5?,0*55
\s:66,c:1782377487*4D\!AIVDM,1,1,0,A,15N7GVU000nGWa@QJ0r<LCNf000P,0*62
\s:66,c:1782377484*4E\!AIVDM,1,1,,A,13mbHl7000151H4WK`R0;i?:0@>6,0*70
\s:66,c:1782377488*42\!AIVDM,1,1,,A,18Lg30pP017=chV7NJMv4?vJ0U3<,0*24
\s:66,c:1782377487*4D\!AIVDM,1,1,,A,B5OFwA0006TE5T3h0kUcuF=03P06,0*75
\s:66,c:1782377487*4D\!AIVDM,1,1,,B,H5OFwA084@p8htp@D0000000000,2*39
\s:66,c:1782377487*4D\!AIVDM,1,1,,A,H5OFwA4U?>G1000G4Almom1p0400,0*36
\s:66,c:1782377485*4F\!AIVDM,1,1,,A,35Mi<nP000G?@rbKFBM=`aMp0000,0*1D
\s:66,c:1782377489*43\!AIVDM,1,1,,B,33@nfH0Ohm0hB=lPoAgjiRdn012@,0*25
\g:1-2-5198435,s:66,c:1782377489*06\!AIVDM,2,1,5,B,59NSfV`2@4UWDhU?R20hTh60mDpA862222222216E@DD<5ci0H54U1Bp,0*6A
\g:2-2-5198435*6A\!AIVDM,2,2,5,B,888888888888880,2*22
\s:66,c:1782377487*4D\!AIVDM,1,1,,A,17mLGk8P017LDe00aRBG;?vP2h?k,0*04
\s:66,c:1782377480*4A\!AIVDM,1,1,,B,B5OB`tP00mhc=n7:QlcQ3waQh000,0*00
\s:66,c:1782377488*42\!AIVDM,1,1,,A,13ohwb300=7K3Er0c@grH`bj053<,0*6C
\s:66,c:1782377485*4F\!AIVDM,1,1,,A,33u=cDP00P0mNpNQ1M@SH2Ep0000,0*15
\s:66,c:1782377490*4B\!AIVDM,1,1,,A,35MlQ7P1@0GNDTbCRQdrN8Ip0000,0*14
\s:66,c:1782377490*4B\!AIVDM,1,1,,A,15?devh1itJBLRCs9asUiT`p08Ai,0*7B
\s:66,c:1782377485*4F\!AIVDM,1,1,,A,B7OhBuP00:`3hLu@V9QJkwdUoP06,0*0B
\s:66,c:1782377485*4F\!AIVDM,1,1,,B,16:;hmQP01`LcVPEr`fW06bj0@>s,0*3A
\s:66,c:1782377489*43\!AIVDM,1,1,,A,14eIlehP0TG=;I2L87sADOvr0<2M,0*6D
\s:66,c:1782377492*49\!AIVDM,1,1,,B,14d4mH50?w<tSF0l4Q@>42Iv0pBi,0*50
\s:66,c:1782377492*49\!AIVDM,1,1,,A,13@nfH0Ohm0hBA:PoAj2vjhv053<,0*11
\s:66,c:1782377493*48\!AIVDM,1,1,,A,14`Uu=S0004vfAl<qP0GwbO200Rg,0*03
\s:66,c:1782377493*48\!AIVDM,1,1,,B,13aFeq@P000DLJfMdjKv4?w200Rt,0*06
\s:66,c:1782377487*4D\!AIVDM,1,1,,B,H5O5oBTT1=300000000000106310,0*05
\s:66,c:1782377493*48\!AIVDM,1,1,,B,33`oWT@P00PFKQDMv?Iv4?w2R@KQ,0*0C
\s:66,c:1782377492*49\!AIVDM,1,1,,B,33`gDj00?w0HHdhNKocf48fvP0a@,0*4A
\s:66,c:1782377490*4B\!AIVDM,1,1,,A,15NNfcd001q<trd@wonVmEvp0000,0*13
\s:66,c:1782377493*48\!AIVDM,1,1,,B,13`wsNPP00PBlp8Mfisv4?w028C:,0*43
\s:66,c:1782377461*45\!AIVDM,1,1,,A,16:RLL001I8PE=TF3BnTb3ip053D,0*42
\s:66,c:1782377493*48\!AIVDM,1,1,,A,35OmN?h02WoU;TDBuLJV84s020`i,0*7C
\s:66,c:1782377490*4B\!AIVDM,1,1,,A,16K35U@000aiRndD0nuJkIBr0@B0,0*2C
\s:66,c:1782377493*48\!AIVDM,1,1,,A,15Mi<nP000G?@rhKFBLe`qK20H5<,0*69
\s:66,c:1782377492*49\!AIVDM,1,1,,B,13EhP<0P02P3rlJGHUfN4?vv2<0I,0*3D
\s:66,c:1782377496*4D\!AIVDM,1,1,,B,14cM6b001oWWI0L2b4<AoHI60<0S,0*1F
\s:66,c:1782377496*4D\!AIVDM,1,1,,B,18KGqL0:0c7K<3>0dG@UfTI80@EE,0*3C
\s:66,c:1782377497*4C\!AIVDM,1,1,,B,83a?W<0j2ddteeL>@0g1F@O=0000,0*27
\s:66,c:1782377495*4E\!AIVDM,1,1,,A,33ohwb3Oh=7K3Dv0c@gJJ`g200rP,0*03
\s:66,c:1782377494*4F\!AIVDM,1,1,,B,15N716PP00rds2rG@:<JUww628D6,0*2A
\s:66,c:1782377496*4D\!AIVDM,1,1,,B,19NSlbP01h1SnkTDi>2:U`I6053<,0*6F
\s:66,c:1782377492*49\!AIVDM,1,1,,A,17ldoChP3iWLHn40dtLDfgvp0hBb,0*38
\s:66,c:1782377496*4D\!AIVDM,1,1,,A,34eIbthuh0FcAo0O4>hh069p0000,0*6F
\s:66,c:1782377496*4D\!AIVDM,1,1,,A,15RCuf0029WCi@d16`1m8T9608E:,0*5D
\s:66,c:1782377496*4D\!AIVDM,1,1,,A,18Lg5NPP007=qih7R>9v460l2l30,0*12
\s:66,c:1782377496*4D\!AIVDM,1,1,,B,33@nfH0Ohm0hBDVPoAkC:Bm601u@,0*16
\s:66,c:1782377496*4D\!AIVDM,1,1,,B,17ldck0P017LU2H0cpHN4?w60HE2,0*76
\s:66,c:1782377496*4D\!AIVDM,1,1,,B,B3KIga00:hJBad8FEIeNOwiU@000,0*22
\s:66,c:1782377486*4C\!AIVDM,1,1,,B,35P8@D5000o>TjlKhVl2M6Rf0amE,0*54
\s:66,c:1782377487*4D\!AIVDM,1,1,,A,1697@P001i8iSTPAfp8bQpLn0`?R,0*52
\s:66,c:1782377482*48\!AIVDM,1,1,,A,13cs5k0vC7PTG;VI1s:66,0*3E
\s:66,c:1782377432*43\!AIVDM,1,1,,A,3:U7Ou11h5M4QhQkOV>3p5Rv0lPb,0*4B
\s:66,c:1782377488*42\!AIVDM,1,1,,B,13cs5k0vk7PTGFJI1t1QqiRl0<A2,0*09
\s:66,c:1782377488*42\!AIVDM,1,1,,A,15R?5>001W7G6bL0pKb5:48n0@@d,0*1A
\s:66,c:1782377481*4B\!AIVDM,1,1,,B,13s7>V3P04wGf0TGV?gG:wvb2@<k,0*2C
\s:66,c:1782377486*4C\!AIVDM,1,1,,A,13ku8`001TOdn>fDOJ9;Oa>h0000,0*21
\s:66,c:1782377483*49\!AIVDM,1,1,,B,19NS?aT01q7Qjs>1sKUPQhJ`00S=,0*7A
\s:66,c:1782377483*49\!AIVDM,1,1,,A,13l3pr@0000D?fDMe2I80Q2d08=O,0*46
\s:66,c:1782377488*42\!AIVDM,1,1,,A,H39j`8PHThuD000000000000000,2*71
\s:66,c:1782377488*42\!AIVDM,1,1,,B,H39j`8TT000000044lpki00h5400,0*12
\s:66,c:1782377488*42\!AIVDM,1,1,,A,403sunAvad`kK8:wCj<qln700@@K,0*64
\s:66,c:1782377485*4F\!AIVDM,1,1,,B,19NSQj@0idP=<a:MiPWb1WvT0@>V,0*61
\s:66,c:1782377485*4F\!AIVDM,1,1,,B,13GQFKP000wH2NnH:p@>47:j28>r,0*18
\s:66,c:1782377486*4C\!AIVDM,1,1,,B,B3cthIP07@;:h<5kihn:KwcQh000,0*7D
\s:66,c:1782377490*4B\!AIVDM,1,1,,A,D03sun@BlNfq6dNfp0,4*00
\s:66,c:1782377483*49\!AIVDM,1,1,,B,13Fv;L0000wW6PDDck6f438f2EIg,0*7E
\s:66,c:1782377489*43\!AIVDM,1,1,,A,171>jj0P00438nj>1ufM1gvn0D1n,0*40
\s:66,c:1782377485*4F\!AIVDM,1,1,,B,13cltm032?QBOGdHI?5hahRj853<,0*10
\s:66,c:1782377488*42\!AIVDM,1,1,,B,13m>oO0PAt0I0kBQnu<rAp2r0L3c,0*38
\s:66,c:1782377488*42\!AIVDM,1,1,,,13drf40vjQNPvmD9Mtpi1@np0000,0*6B
\s:66,c:1782377484*4E\!AIVDM,1,1,,A,33ku<6P02uOu@fDEO0J8oW5p0000,0*78
\s:66,c:1782377490*4B\!AIVDM,1,1,,A,13ku<6P030Ou@TtENwTHqo4v0D4B,0*37
\s:66,c:1782377488*42\!AIVDM,1,1,,B,15NeuhPP01G@1c>K@Kc0eOvl053<,0*54
\s:66,c:1782377492*49\!AIVDM,1,1,,B,E>l5A8?6PU4hLP0000000000000DH8ba8imr@00003v010,4*4B
\s:66,c:1782377487*4D\!AIVDM,1,1,,B,B3Id11P0=@:o135q7LkKKwdQh000,0*7D
\s:66,c:1782377483*49\!AIVDM,1,1,,B,13P9<90P00Or5ELM2n@P0?vb053<,0*3A
\s:66,c:1782377488*42\!AIVDM,1,1,,B,13KB3d001pPKn6jNi7Qak7jl08@c,0*40
\g:1-2-5198436,s:66,c:1782377488*04\!AIVDM,2,1,6,A,5INSjup2CohCDhtKB204I8T<4r0=8uN222222216C@J@>5dD0Jl0@S0`,0*6C
\g:2-2-5198436*69\!AIVDM,2,2,6,A,888888888888880,2*22
\s:66,c:1782377487*4D\!AIVDM,1,1,,B,H3mSgP0l4`60U8Dp00000000000,2*32
\s:66,c:1782377487*4D\!AIVDM,1,1,,A,H3mSgP4NC=DtKPS<=qqmo00H722t,0*20
\s:66,c:1782377485*4F\!AIVDM,1,1,,A,33annr0Oh10E07fN1<QM1kJh0230,0*21
\s:66,c:1782377490*4B\!AIVDM,1,1,,A,19NS`Ih022PlcK6PlgheHbhn0HAg,0*44
\s:66,c:1782377489*43\!AIVDM,1,1,,B,13nHm50P00163GNWLf`>4?vp2@A0,0*29
\s:66,c:1782377486*4C\!AIVDM,1,1,,B,39NSR2U0002P2l:@kE0Ear8l0Dtr,0*1F
\s:66,c:1782377491*4A\!AIVDM,1,1,,A,1815WJh0155<5hh:gmoDVkhv00S;,0*06
\s:66,c:1782377491*4A\!AIVDM,1,1,,A,13aL<CWP00PFVOPMun6>4?vv20Rh,0*43
\s:66,c:1782377486*4C\!AIVDM,1,1,,A,352NPsP000GCPKLEkMmbD9Kp0000,0*66
\s:66,c:1782377485*4F\!AIVDM,1,1,,A,13aI9GOP00PDVFDMeJrM<wvj2D7@,0*26
\s:66,c:1782377489*43\!AIVDM,1,1,,A,13IQv@000>wWopHKEjl<HJtp0@AB,0*32
\s:66,c:1782377490*4B\!AIVDM,1,1,,A,144gr3Q0PB9L@QTHaDUo0E<t2<3T,0*71
\s:66,c:1782377485*4F\!AIVDM,1,1,,B,13aGrpPP1KPD:ABMcrdSrOvj20S@,0*0F
\s:66,c:1782377491*4A\!AIVDM,1,1,,B,19NSR3@0RhEtAoLI2?MDQkVr0D01,0*6E
\s:66,c:1782377493*48\!AIVDM,1,1,,B,15Me=nP000JA@VN>s:66,0*01
\s:66,c:1782377490*4B\!AIVDM,1,1,,B,19NScV30013W8H`?I?Kf4:Lt253<,0*29
\s:66,c:1782377488*42\!AIVDM,1,1,,A,33me4C701<Q0qvNVweqVHE0p00vA,0*62
\s:66,c:1782377492*49\!AIVDM,1,1,,B,144V6tP01i0hn@4ESbD:i8bv00Sw,0*11
\s:66,c:1782377492*49\!AIVDM,1,1,,B,33m>oO0PAr0I0c<Qnu7J>H1200UP,0*54
\s:66,c:1782377486*4C\!AIVDM,1,1,,A,B39j`8P0A@=kawWnUnpppev00000,0*2C
\s:66,c:1782377488*42\!AIVDM,1,1,,A,16Sg7;`P1?`m@gJCJSorQwvn2538,0*32
\s:66,c:1782377492*49\!AIVDM,1,1,,B,36:FnGPPAb1cScUdFfBrw8br00k@,0*61
\s:66,c:1782377485*4F\!AIVDM,1,1,,B,35Dn`f0PALrTWvj67mlG;UPh01w0,0*58
\s:66,c:1782377493*48\!AIVDM,1,1,,A,13P9<90P00Or5EHM2n@P0?w00<2B,0*18
\s:66,c:1782377489*43\!AIVDM,1,1,9,,B3mKpH0008Jt5eb3OrV3cwf5oP06,0*20
\g:1-2-5198437,s:66,c:1782377491*0D\!AIVDM,2,1,7,B,552NPsT000000000000lV04lu:0TT0000000000U1p:66400054QA5kk,0*39
\g:2-2-5198437*68\!AIVDM,2,2,7,B,i80jE6@00000008,2*20
\s:66,c:1782377492*49\!AIVDM,1,1,,A,13annr0P@00E07TN1<QhPkJv08Br,0*44
\s:66,c:1782377488*42\!AIVDM,1,1,,A,15?dV;00iB0WJmpEs9iKMa:r08@T,0*5A
\s:66,c:1782377483*49\!AIVDM,1,1,,A,13Hp6mP000P9bC6M;fSc>lBf2<0e,0*54
\s:66,c:1782377480*4A\!AIVDM,1,1,,A,H39s<;TT0000000000000000:110,0*1A
\s:66,c:1782377485*4F\!AIVDM,1,1,,A,13FGfP0000wW6Q6Dc>k2V`@d0<4?,0*37
\s:66,c:1782377489*43\!AIVDM,1,1,,B,15D:PP00isWV7Cr2aSRi<hrt0@A>,0*24
\s:66,c:1782377490*4B\!AIVDM,1,1,,B,339StmUP00Pe?VDN`K@IKwvr0Dtr,0*6D
\s:66,c:1782377442*44\!AIVDM,1,1,,B,35?dRh1P03M4clukNsHb;gwD0E6J,0*39
\s:66,c:1782377489*43\!AIVDM,1,1,,A,ENjV3a0:2b90h9`0a0000000000@;NLk@s5>`00000>01P,4*61
\s:66,c:1782377489*43\!AIVDM,1,1,,B,15AJ?@0000WK4e>0fen7r3jf0L;w,0*31
\s:66,c:1782377484*4E\!AIVDM,1,1,,A,403t>=ivad`kH`dr0@AnOcW0053<,0*57
\s:66,c:1782377487*4D\!AIVDM,1,1,,B,19NSEE@024wpi40La0RBnBBT0<2g,0*42
\s:66,c:1782377490*4B\!AIVDM,1,1,,B,18Hwcp00007KHM`0diTS0I>p053<,0*1E
\s:66,c:1782377487*4D\!AIVDM,1,1,,A,13=b>l001vvfuQh9vJg6vEVl00R:,0*07
\s:66,c:1782377485*4F\!AIVDM,1,1,,A,16:D040v1@8cr>6?SeCi<Q:j0<0j,0*05
\s:66,c:1782377488*42\!AIVDM,1,1,,A,ENmW@cIT81HpP000000000000003lk?r5sNC020H@Kef@0,4*7C
\s:66,c:1782377489*43\!AIVDM,1,1,,A,17tDo8?P00W@5ip1fIR>4?vr28AN,0*6B
\s:66,c:1782377491*4A\!AIVDM,1,1,,B,139egN`P00QPdW8Op15C2wvtR@BE,0*42
\s:66,c:1782377487*4D\!AIVDM,1,1,,A,33aCtR00030pR5bO:cb5PPCp0000,0*16
\s:66,c:1782377491*4A\!AIVDM,1,1,,B,16:ACu001R`jOnlDT<5h2h2t2<0w,0*6F
\s:66,c:1782377486*4C\!AIVDM,1,1,,B,18I12h001s8BiF8;Hdp9C7Pl0@?A,0*39
\s:66,c:1782377487*4D\!AIVDM,1,1,,A,B3Ee3J002Ww`9d5aAgQt;weUoP06,0*33
\s:66,c:1782377486*4C\!AIVDM,1,1,,A,35960ph000HHvvd=B6n:<`;p0000,0*59
\s:66,c:1782377492*49\!AIVDM,1,1,,B,402Fha1vad`kP0fRaLHNEFW00D9?,0*7C
\s:66,c:1782377489*43\!AIVDM,1,1,,B,H7`F`p4UFC@<B9;J=1khip1p7330,0*2E
\s:66,c:1782377490*4B\!AIVDM,1,1,,B,15?dc`001J8licPCiKF;:I2d08AQ,0*2D
\s:66,c:1782377492*49\!AIVDM,1,1,,B,19NSO`P02?8?CI@<cCRrHpDt08BG,0*06
\s:66,c:1782377489*43\!AIVDM,1,1,,A,15NPLrP1AQGNbL@Bw;ha77Dr00S8,0*4E
\s:66,c:1782377494*4F\!AIVDM,1,1,,A,17lda:?P0v7LiLf0VoGHG?w22HD6,0*51
\s:66,c:1782377494*4F\!AIVDM,1,1,,A,369A9?10018WHrLDUFP5UGW20Dg:,0*28
\s:66,c:1782377490*4B\!AIVDM,1,1,,A,13aGuT?P0?PIHnnMaagl;Ovr28AS,0*3C
\s:66,c:1782377494*4F\!AIVDM,1,1,,A,B8Sjcwh0>IrNB<1PIkRC;wgVSP06,0*36
\s:66,c:1782377489*43\!AIVDM,1,1,,B,1:U8vT001SL@?kqw6G=an7ln8L07,0*58
\s:66,c:1782377490*4B\!AIVDM,1,1,,B,13l9<NP01JPwoa2CqS>etK8r0l1e,0*47
\s:66,c:1782377489*43\!AIVDM,1,1,,A,13aa<JhP00PF?JjMvDHN4?vr2<0k,0*40
\s:66,c:1782377494*4F\!AIVDM,1,1,,B,17ldSbpP03WM4pn0VlLjkgw2253<,0*64
\s:66,c:1782377493*48\!AIVDM,1,1,,A,ENlH4gg:2ab@90PP00000000000@009V01f5H1088;h010,4*1D
\s:66,c:1782377493*48\!AIVDM,1,1,,A,177Wcs001``glbDA1ov57SrP053<,0*5C
\s:66,c:1782377494*4F\!AIVDM,1,1,,B,;44oM1Qvad`kQ2:GSPR@tFC00000,0*6A
\s:66,c:1782377487*4D\!AIVDM,1,1,,A,177RF800j1b?@aVGm0n38jPl0@@;,0*68
\s:66,c:1782377490*4B\!AIVDM,1,1,,B,13P;=kh000Oq8GjM0t>Iq0Fr0D0j,0*4C
\s:66,c:1782377493*48\!AIVDM,1,1,,B,13EjGp;P00vh==r8If4f4?w02@CI,0*49
\s:66,c:1782377493*48\!AIVDM,1,1,,A,19NSVf001h7k4md5MM>8BFg000T2,0*3D
\s:66,c:1782377495*4E\!AIVDM,1,1,,B,13aGrnP00vPBHm6MgFbTNCQ6P0S5,0*0C
\s:66,c:1782377495*4E\!AIVDM,1,1,,B,13cebl0P1JQ1DF>GGKFD5?w40D1h,0*45
\s:66,c:1782377492*49\!AIVDM,1,1,,A,35NDD2POh0JB8TRBhmFP001p0000,0*3D
\s:66,c:1782377481*4B\!AIVDM,1,1,,A,13a?42001dPlh5TEFrJcVaDb0l54,0*08
\s:66,c:1782377484*4E\!AIVDM,1,1,,A,152eQ=?P00GQiejCLNO>4?vh00SE,0*35
\s:66,c:1782377485*4F\!AIVDM,1,1,,A,E>kb:Ew0Wh@@@@@@@@@@@@@@@@@;`<mR=fW=P00003vP100,2*0C
\s:66,c:1782377487*4D\!AIVDM,1,1,,B,15O4r2PP@7q=@=T@v0FtQ34m00S4,0*60
\s:66,c:1782377488*42\!AIVDM,1,1,,B,13WDlw0000wVp:PDRa`AV4:l0@@l,0*2A
\s:66,c:1782377489*43\!AIVDM,1,1,,B,E>kb:Ew0Wh@@@@@@@@@@@@@@@@@;`<mR=fW=P00003vP100,2*0F
\s:66,c:1782377483*49\!AIVDM,1,1,,B,15?dOnh001ajPl4D4MG2QJ6d20SD,0*15
\s:66,c:1782377480*4A\!AIVDM,1,1,,A,33u=:S002t1?KBpRh8F4@SKp0000,0*6E
\s:66,c:1782377481*4B\!AIVDM,1,1,,B,15Ctaj002964cPL3BN93JBtv0d07,0*07
\s:66,c:1782377485*4F\!AIVDM,1,1,,A,33L0wV002>1GTHJR;;=30RKp0000,0*52
\s:66,c:1782377490*4B\!AIVDM,1,1,,A,35O4r2PP@4q=@=H@v0G:JRls01lh,0*6F
\s:66,c:1782377490*4B\!AIVDM,1,1,,A,15O471PP1QrA7lP>gcccVOvt0000,0*26
\s:66,c:1782377488*42\!AIVDM,1,1,,B,17lcds@P00`FfW=wB5QP0?vn2<0k,0*42
\s:66,c:1782377487*4D\!AIVDM,1,1,,A,139a8jP002Pe@7TN`dj8apTh0H@5,0*62
\s:66,c:1782377486*4C\!AIVDM,1,1,,B,33q5L>UP00PeuarN`9pf4?vl2DhJ,0*01
\s:66,c:1782377488*42\!AIVDM,1,1,,B,16=q?=8P005eOh43v7Wf4?vp08@Q,0*10
\s:66,c:1782377484*4E\!AIVDM,1,1,,A,13oRiP001V1H57TWsLLIQ7Th053<,0*55
\s:66,c:1782377489*43\!AIVDM,1,1,,B,D02R3c1UHNfp00O6D0,4*1C
\s:66,c:1782377484*4E\!AIVDM,1,1,,B,15?dT?h01Fb=BI4GrR63?jRj253<,0*59
\s:66,c:1782377491*4A\!AIVDM,1,1,,B,339a8jP000Pe@7VN`dj7fpTp0000,0*7E
\g:1-2-5198438,s:66,c:1782377493*00\!AIVDM,2,1,8,A,55?dL=H2?Hk;<G;CCF0@4V1@P4pR22222222221I=HF;:5dQNCl1hQsD,0*5D
\g:2-2-5198438*67\!AIVDM,2,2,8,A,ip8888888888880,2*35
\s:66,c:1782377491*4A\!AIVDM,1,1,,A,134>N<001OP@HD<MK>7Ruj6t0L5i,0*22
\s:66,c:1782377489*43\!AIVDM,1,1,,A,H5NWN@1=059@4p0000000000000,2*4A
\s:66,c:1782377489*43\!AIVDM,1,1,,A,H5NWN@4T0000000G48olmm0h7310,0*09
\s:66,c:1782377493*48\!AIVDM,1,1,,B,334>N<001NP@HFhMK>:RwQw000TP,0*61
\s:66,c:1782377493*48\!AIVDM,1,1,,B,13aDojhP00PEqS0Mwvhv4?w2253<,0*2C
\s:66,c:1782377491*4A\!AIVDM,1,1,,B,4030ojAvad`kOrpf5RJjdN700<1k,0*09
\s:66,c:1782377490*4B\!AIVDM,1,1,,B,13n>3`001I0gF8LTjKIptW4t0D0@,0*12
\s:66,c:1782377492*49\!AIVDM,1,1,,A,15?dOnh002ajPl>D4MG2QJ6t20T=,0*71
\s:66,c:1782377492*49\!AIVDM,1,1,,A,B52f>L000>`N145TkGulqDv00000,0*75
\g:1-2-5198439,s:66,c:1782377490*02\!AIVDM,2,1,9,A,59N`2r82>bGTCDlCT004j1<4H5@000000000001?L1CFB5dd0OmDklQP,0*7C
\g:2-2-5198439*66\!AIVDM,2,2,9,A,000000000000000,2*2D
\s:66,c:1782377491*4A\!AIVDM,1,1,,B,19N`2r001qrWBBLDtPG<lbBt20S0,0*28
\s:66,c:1782377491*4A\!AIVDM,1,1,,B,402FhcAvad`kO14FpVF1R?700<32,0*5D
\s:66,c:1782377492*49\!AIVDM,1,1,,B,402R3c1vad`kP0pf1pPcHbG0053<,0*0B
\s:66,c:1782377492*49\!AIVDM,1,1,,A,H614vB05@T604j0dP4lU<000000,2*17
\s:66,c:1782377492*49\!AIVDM,1,1,,B,H614vB4NC=DvaRU000000010933t,0*46
\s:66,c:1782377488*42\!AIVDM,1,1,,B,13aGDw0P00PF7IDMwOw@0?vp2D7d,0*10
\s:66,c:1782377487*4D\!AIVDM,1,1,,B,16:ds@g0008dIepB3@f6k9Fp0L4F,0*13
\s:66,c:1782377491*4A\!AIVDM,1,1,,A,17tChIhP007?ctp1cLNVd?vv0@B7,0*39
\s:66,c:1782377490*4B\!AIVDM,1,1,,B,17lj=7pP00WKhld0UDQ71gvr28Ad,0*49
\s:66,c:1782377495*4E\!AIVDM,1,1,,A,15N`CJP001oRbN4CDNLrLIW6053<,0*58
\s:66,c:1782377492*49\!AIVDM,1,1,,B,13Egq?SP0007soRGUC`f4?vv0<2G,0*24
\s:66,c:1782377495*4E\!AIVDM,1,1,,B,16Swr;gP019=;j:Cuoi0?Ow;pD4s,0*59
\s:66,c:1782377495*4E\!AIVDM,1,1,,B,169A`VP015`jiv`A7p3c8`w4053<,0*3A
\s:66,c:1782377491*4A\!AIVDM,1,1,,A,33L0wV002>1GTVnR;;Ik32Kp0000,0*27
\s:66,c:1782377490*4B\!AIVDM,1,1,,B,B5NVAEP006f5O4Uq5rQPOwg5h000,0*50
\s:66,c:1782377495*4E\!AIVDM,1,1,,B,E>kb:Ew0Wh@@@@@@@@@@@@@@@@@;`<m`=fW=P00003vP10,4*0B
\s:66,c:1782377493*48\!AIVDM,1,1,,A,14hD;0001kP;wwTFT`0luD2v053<,0*30
\s:66,c:1782377496*4D\!AIVDM,1,1,,A,B69G<MP002251>S?cM`V8NiWQP06,0*0C
\s:66,c:1782377492*49\!AIVDM,1,1,,B,33aDqF5P00PD<PVMdJNN4?vv2Df:,0*3E
\s:66,c:1782377492*49\!AIVDM,1,1,,B,13:4otP00A0MP7FNphF=B0=40@CA,0*5B
\s:66,c:1782377487*4D\!AIVDM,1,1,,A,3815NA1003RCqm@B2UnuhInl0Dg:,0*5D
\s:66,c:1782377480*4A\!AIVDM,1,1,,B,15Donn001nwL>OHJPAAH1nP00<0O,0*49
\s:66,c:1782377487*4D\!AIVDM,1,1,,,B42OEd000FTPiG1=c?kQ3we1h000,0*33
\s:66,c:1782377483*49\!AIVDM,1,1,,A,13@oT4G000PU;gpP2rlLwWHfH@=A,0*7F
\s:66,c:1782377480*4A\!AIVDM,1,1,,A,13IoM@0000Pc1i:GiH5=9n<T0000,0*0F
\s:66,c:1782377485*4F\!AIVDM,1,1,,A,402;bMQvad`kH0LPFtHVejo008>n,0*6D
\s:66,c:1782377488*42\!AIVDM,1,1,,B,13UPo78P00Qd3hfEf1:v4?vn28@L,0*51
\s:66,c:1782377488*42\!AIVDM,1,1,,B,18HtqQ0P00WLDo20aL:KaENl20Ri,0*01
\s:66,c:1782377482*48\!AIVDM,1,1,,A,B52m5Nh006C?0=T>Plt000N00000,0*36
\s:66,c:1782377489*43\!AIVDM,1,1,,B,ENk`sV<JKh@@@@@@@@@@@@@@@@@=Al7q;A5Ep00003vP000,2*1E
\s:66,c:1782377489*43\!AIVDM,1,1,,A,18Lg6W00017=lB<7QCm7A5vr08A1,0*0B
\s:66,c:1782377489*43\!AIVDM,1,1,,A,35?deg@P1B7aba0;nqCdc?vp00PC,0*35
\s:66,c:1782377489*43\!AIVDM,1,1,,B,138IkT1vAj5e7@R3w6`slIRp053<,0*1C
\s:66,c:1782377489*43\!AIVDM,1,1,,B,3991T9Q0032D6iTB5rmPN9Hn0Dg:,0*15
\s:66,c:1782377489*43\!AIVDM,1,1,,B,B3I`uSP09@06tS753mVOwwfQhD1v,0*7A
\g:1-2-5198440,s:66,c:1782377491*0D\!AIVDM,2,1,0,B,552mvGp0000000000004E85>o62222222222220n3P;3:t0Ht0000000,0*54
\g:2-2-5198440*68\!AIVDM,2,2,0,B,000000000000000,2*27
\s:66,c:1782377487*4D\!AIVDM,1,1,,A,B6:j;J008:9hefTTdhFRv2N021Mk,0*24
\s:66,c:1782377488*42\!AIVDM,1,1,,A,33P7fB@00DOmp3NLt93rt8ip0000,0*5B
\s:66,c:1782377487*4D\!AIVDM,1,1,,B,18I=dQ001nNeGh49Ie<G4URl0@?=,0*41
\g:1-2-5198441,s:66,c:1782377485*09\!AIVDM,2,1,1,B,54S2>882?uq9K8@?T00<tF0iDU<4000000000016?@@;:14f0;1TQ2jh,0*3A
\g:2-2-5198441*69\!AIVDM,2,2,1,B,000000000000000,2*26
\s:66,c:1782377491*4A\!AIVDM,1,1,,A,36:J7t5000`W:1PBEF90aSVr0Dur,0*54
\s:66,c:1782377489*43\!AIVDM,1,1,,B,15RVQ>5000ww0G@Fd8iq@VRl0<2a,0*0D
\g:1-2-5198442,s:66,c:1782377491*0F\!AIVDM,2,1,2,B,538SLh82?q4cD9LC8015DDDr0:0TT0000000001:>PA9:5dP1CUDl3A@,0*17
\g:2-2-5198442*6A\!AIVDM,2,2,2,B,000000000000000,2*25
\s:66,c:1782377488*42\!AIVDM,1,1,,B,ENo6gpO1@2a`2QTPV@9bQ6Pa4W7eC5a:2vWKh1088;v010,4*44
\s:66,c:1782377485*4F\!AIVDM,1,1,,A,13V;HV0029P`phNEbLhkt3:V0@>u,0*42
\s:66,c:1782377486*4C\!AIVDM,1,1,,B,15C7800P000Goh`NQui9Pwvr0<9O,0*4E
\s:66,c:1782377490*4B\!AIVDM,1,1,,B,669oQBQRk@h0Il69raDNqRActSvpBFfat`vgj1wS9Cf1c0,4*00
\s:66,c:1782377489*43\!AIVDM,1,1,,A,18J844002<7ISjB0e@kKDa2r0<>B,0*76
\s:66,c:1782377490*4B\!AIVDM,1,1,,B,19aqFgPP00S5vGGqCHKN4?vt20S0,0*1B
\s:66,c:1782377493*48\!AIVDM,1,1,,A,1:UOHg@P00tQpqciJ5cf4?w020Si,0*28
\s:66,c:1782377490*4B\!AIVDM,1,1,,A,13n:Tq00000JboHQge5>43ht00SV,0*2C
\s:66,c:1782377489*43\!AIVDM,1,1,,A,33n4iJ00170kgWtU87L8jW1p0000,0*14
\s:66,c:1782377492*49\!AIVDM,1,1,,B,16:kAN001f8lBAhCi1WMu;<v0<8j,0*4F
\g:1-2-5198443,s:66,c:1782377489*07\!AIVDM,2,1,3,B,53n:Tq41pWu<h`=T001<P`4pAE8000000000000l0`B445da>02hC5Sn,0*7C
\g:2-2-5198443*6B\!AIVDM,2,2,3,B,@00000000000000,2*54
\s:66,c:1782377491*4A\!AIVDM,1,1,,B,17mF;kOP04aPd??v`Cr3uwvt253<,0*0A
\s:66,c:1782377492*49\!AIVDM,1,1,,A,B8HuG8000qnVnL0;`hOQ3wgUoP06,0*17
\s:66,c:1782377490*4B\!AIVDM,1,1,,B,1777@s001g7PC5L1@mrWk6:p08AV,0*2A
\s:66,c:1782377492*49\!AIVDM,1,1,,A,ENo6gpO1@2a`2QTPV@9bQ6Pa4W7eC5a:2vWKh1088;v010,4*47
\s:66,c:1782377494*4F\!AIVDM,1,1,,B,669oQBQE4P?PIl69raDNqRActSvpBFfat`vgj1wS9Cf1c0,4*6F
\s:66,c:1782377489*43\!AIVDM,1,1,,B,15?dLe@01SIPEd66fCM4RSlr053<,0*30
\s:66,c:1782377487*4D\!AIVDM,1,1,,A,H4eI5ihl58V0DhDp40000000000,2*6B
\s:66,c:1782377489*43\!AIVDM,1,1,,A,H4eI5ilUFC@<8tB00000000p7320,0*12
\s:66,c:1782377492*49\!AIVDM,1,1,,B,1912wtwP1LPLLa4E>wJ:3Ow02<5:,0*34
\s:66,c:1782377494*4F\!AIVDM,1,1,,B,18I010gP007JcI`0gfCWp?w00@Cj,0*20
\s:66,c:1782377495*4E\!AIVDM,1,1,,A,19NSgh@026OI@vtCVeV`nG940L0B,0*60
\s:66,c:1782377492*49\!AIVDM,1,1,,B,13MAmH@00bPMbIlNqta5C3rv20Sh,0*24
\s:66,c:1782377491*4A\!AIVDM,1,1,,B,15O5Iu0000JASmb?CTeuombv00SQ,0*1C
\s:66,c:1782377495*4E\!AIVDM,1,1,,B,18J844002<7ISb@0eA:;Dq380<>B,0*04
\s:66,c:1782377496*4D\!AIVDM,1,1,,A,19NSIR@1QwvgKr2>LDPI07DR00Rk,0*62
\s:66,c:1782377495*4E\!AIVDM,1,1,,A,33uD2gP0001GE38R@Ok:e:ap0000,0*58
\s:66,c:1782377497*4C\!AIVDM,1,1,,A,17Ogp0Pvh0bu8=EhDQsbes180D0w,0*21
\s:66,c:1782377496*4D\!AIVDM,1,1,,B,33m5CH002I0et;bHe;UGCmi4003S,0*62
\s:66,c:1782377496*4D\!AIVDM,1,1,,A,170ncl0vhf3mdf:>@EgrO8E:0DBf,0*29
\s:66,c:1782377491*4A\!AIVDM,1,1,,B,13aDCthP05PFEENMvra7??vv253<,0*47
\s:66,c:1782377479*4C\!AIVDM,1,1,,A,E>k`H<K72qhE@IqQS9HppGHrrVIMGAb@;daJP00003aP10,4*61
\s:66,c:1782377485*4F\!AIVDM,1,1,,B,Evj9dKAW@JI@;TW230a6P000000@?cd<?L<tp50``cf000,4*4A
\s:66,c:1782377481*4B\!AIVDM,1,1,,A,H52c<Jh4p<Pu:0l4p4LDlDq@000,2*7C
\s:66,c:1782377481*4B\!AIVDM,1,1,,A,H52c<JlUCD=C5cv00000000h631t,0*34
\s:66,c:1782377483*49\!AIVDM,1,1,,,13=p=F001rJLKA4<hp54qkqp0000,0*16
\s:66,c:1782377485*4F\!AIVDM,1,1,,B,15O6nEP000rB5D:BjubaqoLh08>r,0*48
\s:66,c:1782377487*4D\!AIVDM,1,1,,,13=p=F001rJLKDl<hoi4qkqp0000,0*08
\s:66,c:1782377490*4B\!AIVDM,1,1,,A,16:52T0w0q8f`QrAosJJopht00S?,0*61
\s:66,c:1782377482*48\!AIVDM,1,1,,A,17OgPi001B:ILw1o=IoG4UVP0000,0*6F
\s:66,c:1782377483*49\!AIVDM,1,1,,A,13b2M6001W0@w9PNppcbDp@b08=Q,0*3A
\s:66,c:1782377487*4D\!AIVDM,1,1,,B,19NSqO0v21wm2`<LacbIpWrP0`?d,0*54
\s:66,c:1782377491*4A\!AIVDM,1,1,,,13=p=F001rJLKH@<hoOTqkqp0000,0*6E
\s:66,c:1782377482*48\!AIVDM,1,1,,A,3697AIQ0008eB6hA<W`iK?v00000,0*14
\s:66,c:1782377488*42\!AIVDM,1,1,,B,16=<uJ002BWE3Kf11L`lNkVj08@e,0*14
\s:66,c:1782377489*43\!AIVDM,1,1,,A,19NSuIk0090p;q@C;kvKJFVr00Rf,0*25
\s:66,c:1782377487*4D\!AIVDM,1,1,,B,B52nwSh006TBmhSeQhCQ3weQh000,0*52
\s:66,c:1782377486*4C\!AIVDM,1,1,,B,139PWh00000oE;VNuT;@014j08?Q,0*2B
\s:66,c:1782377490*4B\!AIVDM,1,1,,A,Evja5E11000?cJ0000000000000Lecjq5ESi000003mP10,4*58
\s:66,c:1782377488*42\!AIVDM,1,1,,B,16:LN8P01I8aVvn?9Md1?Q0n0<0M,0*72
\s:66,c:1782377492*49\!AIVDM,1,1,,A,39NSgKm000002cv3>;TM9i>t0DTr,0*00
\s:66,c:1782377488*42\!AIVDM,1,1,,A,B3P=BB@00HPcL>UA<2`000N00000,0*47
\s:66,c:1782377488*42\!AIVDM,1,1,,B,16K3nA@0009ih0lD1epU@Afl0D2c,0*7A
\s:66,c:1782377491*4A\!AIVDM,1,1,,A,H3KGt8Pl4T`4000000000000000,2*27
\s:66,c:1782377491*4A\!AIVDM,1,1,,B,H3KGt8TRDBE5847?9mkmq01@5220,0*0D
\s:66,c:1782377490*4B\!AIVDM,1,1,,A,37P1g10PAQ:l1a=d`c8=RJjt00vh,0*24
\s:66,c:1782377493*48\!AIVDM,1,1,,B,13:U1f001TrQ>0:5O4VGsFS00<0b,0*3A
\s:66,c:1782377492*49\!AIVDM,1,1,,B,B3cj490048>=R9UIsmkKowfQl000,0*65
\s:66,c:1782377489*43\!AIVDM,1,1,,B,28SJSk00007b=T<5tN87u3Q00D3u,0*1B
\s:66,c:1782377493*48\!AIVDM,1,1,,A,B3P=BB@00`PcL=5A<2`000N00000,0*0C
\s:66,c:1782377489*43\!AIVDM,1,1,,B,13aGu;hP00PDJqdMdPuQQ?vn2@@u,0*50
\s:66,c:1782377493*48\!AIVDM,1,1,,B,B7`Npi00037vs8rfgqSQ3whQh000,0*4B
\s:66,c:1782377493*48\!AIVDM,1,1,,A,339RgJ`00l0o?=ROJReT1S?p0000,0*28
\s:66,c:1782377489*43\!AIVDM,1,1,,B,1819DwPuQg0ibF8OhtqF3Trp0PT2,0*46
\s:66,c:1782377491*4A\!AIVDM,1,1,,B,D02R3Hi6DO6EK`Nfp0,4*2A
\s:66,c:1782377493*48\!AIVDM,1,1,,B,342Ld=50010vtDDJ7UpiwW>v0000,0*6A
\s:66,c:1782377493*48\!AIVDM,1,1,,B,1815HK0vQWO?hjDBE3@pGFg208C:,0*7C
\s:66,c:1782377492*49\!AIVDM,1,1,,B,13erk`0vAE:e6DwkwtJ8RFV`0<0q,0*56
\s:66,c:1782377493*48\!AIVDM,1,1,,B,402E3TQvad`kP0BHJfMKkT?02L;v,0*5B
\g:1-2-5198444,s:66,c:1782377494*0C\!AIVDM,2,1,4,A,54i4FV80?Gke`<TOP00lttq<P4@uL0000000000U2PG36=c706hPDPiC,0*14
\g:2-2-5198444*6C\!AIVDM,2,2,4,A,3kP@00000000000,2*68
\s:66,c:1782377495*4E\!AIVDM,1,1,,B,15CqbH0P14rCglr58@JaW?w42D6l,0*75
\s:66,c:1782377495*4E\!AIVDM,1,1,,A,1:U8ws`P0fu?aQ7pUqvkU?w420Ru,0*2A
\s:66,c:1782377493*48\!AIVDM,1,1,,A,139RgJ`P0mPo?=ROJReT1?w0253<,0*47
\s:66,c:1782377495*4E\!AIVDM,1,1,,A,16=<uJ002BWE3Sp11L:4OkW008DU,0*75
\s:66,c:1782377495*4E\!AIVDM,1,1,,B,13IJ8TP00002LefLCgoLWio400SA,0*59
\s:66,c:1782377490*4B\!AIVDM,1,1,,B,402R3Hivad`kN1;4p@R8=fo000S:,0*6C
\s:66,c:1782377496*4D\!AIVDM,1,1,,A,1815d1000v7O?bb0tJK8WVdl08Dw,0*30
\s:66,c:1782377495*4E\!AIVDM,1,1,,B,1346JT0000PCJdLMEkPkW7G208E2,0*78
\s:66,c:1782377496*4D\!AIVDM,1,1,,A,19NS`j@01sIH0i`7fgw:f`U000Sr,0*0A
\s:66,c:1782377497*4C\!AIVDM,1,1,,A,16:VK`A00088OfP<wKeRbR801P06,0*06
\s:66,c:1782377495*4E\!AIVDM,1,1,,B,1815BVP01<8K8GJFDsEVOm?600Rk,0*67
\s:66,c:1782377496*4D\!AIVDM,1,1,,A,139PWh00000oE;VNuT;@0156053<,0*19
\s:66,c:1782377497*4C\!AIVDM,1,1,,A,19:q6>@P000n8Rku@j8:f?w60HE`,0*3A
\s:66,c:1782377497*4C\!AIVDM,1,1,,B,B6:bJC008b9hr0TU6<>>wwj42000,0*1E
\s:66,c:1782377491*4A\!AIVDM,1,1,,A,33JTeF50000DI@jMdJP75pq00E2J,0*04
\s:66,c:1782377489*43\!AIVDM,1,1,,B,B5NeSPP0EvqKNf6=kwttSweUl000,0*64
\s:66,c:1782377485*4F\!AIVDM,1,1,,B,13aKW2hP00PVgfDNMAAavwvl2L0V,0*72
\s:66,c:1782377488*42\!AIVDM,1,1,,A,B6:daNP0=J275P3?<vSOCwf42000,0*6A
\s:66,c:1782377488*42\!AIVDM,1,1,,A,138p1:00119=`IpD1;G=9bk<0@@P,0*62
\s:66,c:1782377488*42\!AIVDM,1,1,,A,144dMgPP002:BLdR@cHojgvp0L2B,0*6A
\s:66,c:1782377489*43\!AIVDM,1,1,,A,13KEF`03B0WJtG60ap2IFGTr08AJ,0*1B
\s:66,c:1782377489*43\!AIVDM,1,1,,B,14Rs<r0OiT0DM6dSDWdPjP`r0@@h,0*62
\s:66,c:1782377490*4B\!AIVDM,1,1,,B,403t7hAvad`kN8ivMjA?SRw00DP:,0*68
\s:66,c:1782377484*4E\!AIVDM,1,1,,A,B3n<<u0008;wCa8Sl<KQ3wd5oP06,0*27
\s:66,c:1782377487*4D\!AIVDM,1,1,,B,13ap52001gvf8gP;84<>2s:66,0*09
\s:66,c:1782377482*48\!AIVDM,1,1,,A,13uDkH00001AdQdQrUhhkjHf0d0R,0*78
\s:66,c:1782377488*42\!AIVDM,1,1,,A,13wmkL0019P>`kvMdJkC2Ovn0H@q,0*65
\s:66,c:1782377487*4D\!AIVDM,1,1,,A,19u:TgHP00vqJ:P@6TseupLf0d2o,0*7F
\s:66,c:1782377486*4C\!AIVDM,1,1,,A,37Onq>P001bl<>1d`8BR;mpj2000,0*72
\s:66,c:1782377484*4E\!AIVDM,1,1,,A,13P<jah000rRab<E68:5Rapd0H>H,0*69
\s:66,c:1782377491*4A\!AIVDM,1,1,,A,13@noK8000PhBe6PoO?tWG<r0<1i,0*3E
\s:66,c:1782377492*49\!AIVDM,1,1,,B,3815TJA004Ld4t5j<w35L7Dh0DTJ,0*06
\s:66,c:1782377492*49\!AIVDM,1,1,,A,16UDVH002M`mtq4ABfJ0R@Rh08B<,0*2C
\s:66,c:1782377487*4D\!AIVDM,1,1,,B,15SNbv0uBO7MWW@0gJgimQRl0<9s,0*0D
\s:66,c:1782377488*42\!AIVDM,1,1,,A,13dUFp000012TH4DO`3Hq1Nl08@`,0*52
\s:66,c:1782377487*4D\!AIVDM,1,1,,B,18MBdl0viF7>uD<4`e;FA5:l0L06,0*52
\s:66,c:1782377489*43\!AIVDM,1,1,,A,H3jw=F0L4PE85F1HTT000000000,2*66
\s:66,c:1782377489*43\!AIVDM,1,1,,A,H3jw=F4U0000000k17?0002H3330,0*71
\s:66,c:1782377487*4D\!AIVDM,1,1,,A,377ON9002E0BJ:6Gcdmq;WIp0000,0*67
\s:66,c:1782377491*4A\!AIVDM,1,1,,A,1815arE0?w<tSF0l4Q@>45Ev0hB?,0*08
\s:66,c:1782377485*4F\!AIVDM,1,1,,B,18Ik0J0P387LFhT0c6Ho:gvj0D<P,0*05
\s:66,c:1782377490*4B\!AIVDM,1,1,,A,B3uPJ4P0:pEeuM`SweeM9:v00000,0*72
\s:66,c:1782377488*42\!AIVDM,1,1,,A,33dUFp000012TH2DO`38r1Op0000,0*10
\s:66,c:1782377490*4B\!AIVDM,1,1,,A,13n4eiPP0q1bGr@`GBCeCgvr053<,0*7C
\s:66,c:1782377488*42\!AIVDM,1,1,,A,33`j7c5001PG?:8NOgf7b4Lr0000,0*09
\s:66,c:1782377491*4A\!AIVDM,1,1,,B,3815VuU001`gBLnA>frEj;2V0Dg:,0*38
\s:66,c:1782377490*4B\!AIVDM,1,1,,A,14`qB28PRLo1QgRKiJITk00t0000,0*64
\s:66,c:1782377492*49\!AIVDM,1,1,,A,19NSm:P02H5Q1or4KLbljSpt053<,0*3C
\s:66,c:1782377488*42\!AIVDM,1,1,,A,36K2rji000ajTGhD4Re5`lbn02t1,0*5E
\s:66,c:1782377488*42\!AIVDM,1,1,,A,16;:49001D`NrE0FGWGatWrp2<?B,0*53
\s:66,c:1782377492*49\!AIVDM,1,1,,B,33`lqf5P00PDUFVMeHkh0?w02DSr,0*76
\s:66,c:1782377488*42\!AIVDM,1,1,,A,139TL30P00PoMfVNtwk>4?vp08@a,0*28
\s:66,c:1782377491*4A\!AIVDM,1,1,,B,18KSCr001>WK02P0cER3TBvv0D;9,0*53
\s:66,c:1782377491*4A\!AIVDM,1,1,,B,B6:C@10002;j`Q4DsPAIWwg3QP06,0*13
\s:66,c:1782377493*48\!AIVDM,1,1,,A,15NhUn0000rdqjLGAuMCfH=208Cd,0*0D
\s:66,c:1782377493*48\!AIVDM,1,1,,B,18I:NA002:3iVcF?6Lu68ls20<<P,0*02
\s:66,c:1782377494*4F\!AIVDM,1,1,,B,E>jO`fO3Tb@1a0W2hIL00000000@TIVd;02Jp10888i@20,4*65
\s:66,c:1782377491*4A\!AIVDM,1,1,,A,13ci;l?P0o0d@wtGH@3jROw02<1L,0*61
\s:66,c:1782377493*48\!AIVDM,1,1,,B,15MmdI<01>JdDfPG?Q2@7h8v08CP,0*22
\s:66,c:1782377493*48\!AIVDM,1,1,,A,177ON9002MPBJ14Gcd@q=7HF0@Ce,0*2E
\s:66,c:1782377491*4A\!AIVDM,1,1,,A,13IoUn001ePFvFTNrRhk=RPt08BO,0*3C
\s:66,c:1782377491*4A\!AIVDM,1,1,,B,B52ltbh3wk=?4fuVIjcQ3wgQh000,0*15
\s:66,c:1782377493*48\!AIVDM,1,1,,A,38SJK380007bKG@5uGv8c8K000p1,0*75
\s:66,c:1782377487*4D\!AIVDM,1,1,,A,1815MFh1AD7Lha>0frTqw7tD0L<=,0*3C
\s:66,c:1782377483*49\!AIVDM,1,1,,B,14pWLT8001s1@NB:SE`iiA2h0@=h,0*6A
\s:66,c:1782377487*4D\!AIVDM,1,1,,A,169a3PP01P8`Go0DV0D2cB6l053<,0*7E
\s:66,c:1782377488*42\!AIVDM,1,1,,B,18SPGbPP00WaHnn;r5cuMgvn2@A0,0*2F
\s:66,c:1782377489*43\!AIVDM,1,1,,B,34RRbV5000Q1FOrGGftN45jr2DDJ,0*35
\s:66,c:1782377485*4F\!AIVDM,1,1,,A,B4eIP@000;:woiMMCjl000N00000,0*27
\s:66,c:1782377486*4C\!AIVDM,1,1,,A,18Htjp000i`jjN`@dD33QRjj0H?D,0*7E
\s:66,c:1782377483*49\!AIVDM,1,1,,A,33mm2400000uRw8V>3HP<SSp0000,0*77
\s:66,c:1782377485*4F\!AIVDM,1,1,,B,13KGNwP0001UBF@RMsSu<rb00000,0*04
\s:66,c:1782377487*4D\!AIVDM,1,1,,A,13cc4E?=@00vp:fHj6e@0?vnL8?u,0*55
\s:66,c:1782377486*4C\!AIVDM,1,1,,A,344W8W001OOgko<DdHkrF`Ll0000,0*34
\s:66,c:1782377487*4D\!AIVDM,1,1,,A,35OBfaPOhVq=6kr@tO=rD8<l00jh,0*72
\s:66,c:1782377489*43\!AIVDM,1,1,,B,18T<ep00007b@J:5tT9V224p0000,0*0A
\s:66,c:1782377490*4B\!AIVDM,1,1,,B,15OBfaPOhWq=6jh@tO=JL`Lr0<8t,0*2D
\s:66,c:1782377482*48\!AIVDM,1,1,,A,369Ae=QP008e=?PA8rsP`gv`0D5b,0*17
\s:66,c:1782377484*4E\!AIVDM,1,1,,A,13cccj0P0JQ0`FPE6=edFgvh2000,0*52
\s:66,c:1782377486*4C\!AIVDM,1,1,,A,19NSt3002=wf9Q<Dca2k<BJb0000,0*77
\s:66,c:1782377487*4D\!AIVDM,1,1,,B,36:9jvU0008SmhTFmdQtnK:l0Dib,0*06
\s:66,c:1782377488*42\!AIVDM,1,1,,A,1815P3h01kP<DnTMIsw;8`hl00Ro,0*02
\s:66,c:1782377486*4C\!AIVDM,1,1,,A,13aI90kP0ePJnQHMblWCWwvl28?a,0*3F
\s:66,c:1782377484*4E\!AIVDM,1,1,,A,18I;K=002Cwqi5BLbE>BqjBD053<,0*42
\s:66,c:1782377488*42\!AIVDM,1,1,,,B5OD<h0005qoSU4cWagQ3wf1h000,0*4E
\s:66,c:1782377490*4B\!AIVDM,1,1,,B,D03Iw619PNfr<`N000,4*4E
\s:66,c:1782377490*4B\!AIVDM,1,1,,A,19AFcekP00RAHRpB0P;>4?vr28AU,0*5B
\s:66,c:1782377490*4B\!AIVDM,1,1,,B,19NSpAU0002:<iPR@uON42bt0000,0*1F
\s:66,c:1782377486*4C\!AIVDM,1,1,,A,18I>>P001o`gn7bANTSCtC4v0H?J,0*67
\s:66,c:1782377489*43\!AIVDM,1,1,,B,13HWnE?P0b0EIk`HiL`Jbwvr0<0c,0*10
\s:66,c:1782377490*4B\!AIVDM,1,1,,A,17lcj;0P?w<tSF0l4Q@>4?wp1PRw,0*04
\s:66,c:1782377489*43\!AIVDM,1,1,,A,13ku9T002?P5kM6ND8ulLCRr0D64,0*5D
\s:66,c:1782377491*4A\!AIVDM,1,1,,B,13P=lf0wR68laWDA:Efb?H6r053<,0*46
\s:66,c:1782377485*4F\!AIVDM,1,1,,B,14eG;I@P01G=VC0L=0F11wvh00Rc,0*61
\g:1-2-5198445,s:66,c:1782377486*0E\!AIVDM,2,1,5,A,54pWLT42=?`TPU8C;KTt<t62222222222222220l28@665`j0=hPhhH0,0*18
\g:2-2-5198445*6D\!AIVDM,2,2,5,A,hB8888888888880,2*0B
\s:66,c:1782377488*42\!AIVDM,1,1,,B,13`wU8hP00PFHgLMvJSf4?vp2<6u,0*14
\s:66,c:1782377492*49\!AIVDM,1,1,,B,13s=JugP0MwEbjPEfAaW>?w02L0<,0*16
\s:66,c:1782377492*49\!AIVDM,1,1,,A,35O0@igP@4K4OmpGLvU0IkDv01:P,0*7B
\s:66,c:1782377491*4A\!AIVDM,1,1,,A,13`lSW@P1h0T`BjNjC;DLgvv08BW,0*67
\s:66,c:1782377493*48\!AIVDM,1,1,,A,14pWLT8002s1@ND:SEa0TQ340D0<,0*19
\s:66,c:1782377490*4B\!AIVDM,1,1,,B,18I;K=002Cwqi>hLbELBq2BN0@Ah,0*13
\s:66,c:1782377493*48\!AIVDM,1,1,,A,B3`ol1h0<@5Sq9WUCuGFkwh1hHCJ,0*56
\s:66,c:1782377494*4F\!AIVDM,1,1,,A,33EnNOP=A?Ot8n0EV8?:b`Sp0000,0*4D
\s:66,c:1782377493*48\!AIVDM,1,1,,A,17ldMEhP00`Fit;wCNrl3Ow02D2G,0*44
\s:66,c:1782377494*4F\!AIVDM,1,1,,A,13KGNwP0001UBF@RMsSiSrb00000,0*74
\s:66,c:1782377490*4B\!AIVDM,1,1,,A,13gTu1P000NrILJThoOaIgvv0<0R,0*7D
\s:66,c:1782377495*4E\!AIVDM,1,1,,A,15B7>:002o0csAPQ1PDjdR=40hDM,0*4F
\s:66,c:1782377492*49\!AIVDM,1,1,,A,H5O89sPhF0<PDThD00000000000,2*4A
\s:66,c:1782377492*49\!AIVDM,1,1,,A,H5O89sTUC=D5qT4G4@ljpq0p<41t,0*40
\s:66,c:1782377493*48\!AIVDM,1,1,,B,35CU9p5000W`h?D69?U;66dr0Pu1,0*31
\s:66,c:1782377496*4D\!AIVDM,1,1,,A,1:U8<f8P00tR1FciJ:l3>ww80HE4,0*09
\s:66,c:1782377495*4E\!AIVDM,1,1,,A,14eG;I@P01G=VC4L=0EAA?w4053<,0*4B
\s:66,c:1782377497*4C\!AIVDM,1,1,,B,169a3PP01M8`H0PDV0d2ij98053<,0*09
\s:66,c:1782377493*48\!AIVDM,1,1,,A,33aJGqhP1iPG49rMv:@jCww222dQ,0*5C
\s:66,c:1782377487*4D\!AIVDM,1,1,,A,13a1A>000RPCkpbMEwREW4Nn08?u,0*6A
\s:66,c:1782377481*4B\!AIVDM,1,1,,B,H7fu;8lUCBD00005mEloqq1`:550,0*73
\s:66,c:1782377487*4D\!AIVDM,1,1,,B,6>l4ve00000400000@Dh2P00,0*5C
\s:66,c:1782377488*42\!AIVDM,1,1,,B,19NSa0000k7J;gR0dRvjhR`p0DBp,0*3F
\s:66,c:1782377483*49\!AIVDM,1,1,,A,139pu8P000PVu4LNLM;v4:PfR0SV,0*16
\s:66,c:1782377486*4C\!AIVDM,1,1,,,14eGNfP1iKs`cMlKO4aDi3fj0000,0*39
\g:1-2-5198446,s:66,c:1782377487*0C\!AIVDM,2,1,6,A,53l3nol2A5>t=7;;340PE=0E8T@E<0000000000000088000001Dh@i@,0*5A
\g:2-2-5198446*6E\!AIVDM,2,2,6,A,000000000000000,2*22
\s:66,c:1782377487*4D\!AIVDM,1,1,,A,33l3nom000Nmf4N@C6BFcWmp0000,0*02
\s:66,c:1782377486*4C\!AIVDM,1,1,,A,38SJ;WgP0O7ce6b;=t28s?vh2000,0*5D
\s:66,c:1782377489*43\!AIVDM,1,1,,A,16:H4d000I8aI2PDPLu9r80p0h@l,0*62
\s:66,c:1782377490*4B\!AIVDM,1,1,,A,18;P1l001nJ5jjf?l;QALi8r0<1G,0*32
\s:66,c:1782377490*4B\!AIVDM,1,1,,,14eGNfPuAKs`cR:KO4M4bSfr0000,0*33
\s:66,c:1782377486*4C\!AIVDM,1,1,,B,13n4V<W0000sTaPVn1gtA2Td053<,0*05
\s:66,c:1782377487*4D\!AIVDM,1,1,,A,D028nK@1IN00,0*0B
\s:66,c:1782377482*48\!AIVDM,1,1,,B,13EajK7P0;P90FREvtSF4wvV00Ss,0*12
\s:66,c:1782377308*4D\!AIVDM,1,1,,A,1815cjP01w8R<D60S3=GW60f0@@E,0*48
\s:66,c:1782377488*42\!AIVDM,1,1,,A,13d4ac00000R9IDI27GDhVfn0L5b,0*72
\s:66,c:1782377486*4C\!AIVDM,1,1,,B,1815dDP01V7@Rbt1NSF<3aVn0@?c,0*2C
\s:66,c:1782377487*4D\!AIVDM,1,1,,A,33n@Kv000F0i7@6RAukhFPQp0000,0*09
\s:66,c:1782377487*4D\!AIVDM,1,1,,A,13n@Kv0OhG0i7@6RAul0G0Pp00Rj,0*2A
\s:66,c:1782377488*42\!AIVDM,1,1,,B,33@pBwPOhR0<hn<MTDESu3Rl0200,0*02
\s:66,c:1782377490*4B\!AIVDM,1,1,,B,362?@0?P006TE6V<fPs@0?vt20d3,0*14
\s:66,c:1782377489*43\!AIVDM,1,1,,A,16:BbDP026`h:R0AaRjac7fp2H@m,0*27
\s:66,c:1782377487*4D\!AIVDM,1,1,,A,18I<Hs01@:rB@IL5LIcv49@n0@@8,0*61
\s:66,c:1782377482*48\!AIVDM,1,1,,A,13UqsJ00008cfhPB2If8Safd0H=r,0*5C
\s:66,c:1782377486*4C\!AIVDM,1,1,,B,839LOfPj2d=><>=et0t16@O50000,0*4A
\s:66,c:1782377491*4A\!AIVDM,1,1,,A,3779NE5000:c6?Mks5E1CI<r0E0J,0*2D
\s:66,c:1782377489*43\!AIVDM,1,1,,A,16:5<p?P008OHg6F:afonwvp00Rb,0*58
\s:66,c:1782377490*4B\!AIVDM,1,1,,A,38;P1l001mJ5jjh?l;Q1LQ9p0000,0*0C
\s:66,c:1782377489*43\!AIVDM,1,1,5,B,13mUUj80001bjw2`2c<QDaDt0D0N,0*22
\s:66,c:1782377492*49\!AIVDM,1,1,,A,16:dJVA00088Ob@<umms7mL01P06,0*04
\s:66,c:1782377488*42\!AIVDM,1,1,,A,38Lg5DPP01W=rIh7R>5v4?vp206k,0*05
\s:66,c:1782377484*4E\!AIVDM,1,1,,A,B52UB9P006f?E5UuLll000N00000,0*20
\s:66,c:1782377489*43\!AIVDM,1,1,,A,19lkUn7P00Q2J8wjoucf4?vf2<1E,0*07
\s:66,c:1782377489*43\!AIVDM,1,1,,A,1340b:PP00PCku`MFp7f4?vr28AD,0*3F
\g:1-2-5198447,s:66,c:1782377489*03\!AIVDM,2,1,7,A,58Lg5D`29TuhQ<;K?O50Th5AE>3G62222222221@60?75uO9094lRDP@,0*52
\g:2-2-5198447*6F\!AIVDM,2,2,7,A,j0H888888888880,2*09
\s:66,c:1782377284*48\!AIVDM,1,1,,A,34S;kJ1u@12P@`NBjdVFe`R80lVJ,0*22
\s:66,c:1782377489*43\!AIVDM,1,1,,B,B7lodT000:6:gJOpe86N7weRT@A:,0*4A
\s:66,c:1782377492*49\!AIVDM,1,1,,B,4028nK@000Htt0?6P@H=23700pBm,0*03
\s:66,c:1782377490*4B\!AIVDM,1,1,,A,13F@q0000006UQjFA4HCb0lp053<,0*77
\s:66,c:1782377491*4A\!AIVDM,1,1,,A,13EgRgW00GP9FqRFUAuM1bFt0000,0*24
\s:66,c:1782377492*49\!AIVDM,1,1,,A,15R@vD0uAW8h?o:@vRp4@SDr00RM,0*71
\s:66,c:1782377487*4D\!AIVDM,1,1,,B,33P7BT@P17OqUL2ONW9BSwvp22?h,0*0F
\s:66,c:1782377493*48\!AIVDM,1,1,,A,33P7BT@P18OqUQfONWFRbgw4235A,0*63
\s:66,c:1782377490*4B\!AIVDM,1,1,,A,13`jgA4P00PEtaHN2Ipv4?vt253<,0*16
\s:66,c:1782377489*43\!AIVDM,1,1,,B,18I4er001A8MentF?CLsJq4r0HA0,0*4D
\s:66,c:1782377493*48\!AIVDM,1,1,,A,13EajK7P09P90FrEvtLV<Ovt00RJ,0*16
\s:66,c:1782377488*42\!AIVDM,1,1,,B,15AR>v001d7NaA40nQFin1`p0D64,0*5B
\s:66,c:1782377481*4B\!AIVDM,1,1,,B,16Sp4P0wB<2kgjOg0h0qg7f@053<,0*45
\s:66,c:1782377483*49\!AIVDM,1,1,,A,36:93=0P@18OBdPF9>aW<mhf00GC,0*12
\s:66,c:1782377488*42\!AIVDM,1,1,,B,13Elo=P007wIlh>CKwnl1F<l0<07,0*6E
\s:66,c:1782377485*4F\!AIVDM,1,1,,B,13L?H9001;1Pw36RomVpa6v00000,0*5B
\s:66,c:1782377490*4B\!AIVDM,1,1,,A,13cpJe3P00Pe1NbI?=JVj?vt200o,0*0E
\s:66,c:1782377488*42\!AIVDM,1,1,,B,18Hvp5050jJRSMdE7qa<?:Nl853<,0*11
\g:1-2-5198448,s:66,c:1782377486*03\!AIVDM,2,1,8,A,56:93=8000008u8O:20<HC76mLQ062222222221J2Q@wN40Ht0000000,0*02
\g:2-2-5198448*60\!AIVDM,2,2,8,A,000000000000000,2*2C
\s:66,c:1782377487*4D\!AIVDM,1,1,,B,36=keaOP0S5kQ:`3GJ?megvn2000,0*2F
\s:66,c:1782377486*4C\!AIVDM,1,1,,A,339Jm`PP00PecHbN`kE6hwvl26Vk,0*2E
\s:66,c:1782377488*42\!AIVDM,1,1,,A,19NSn;@01q`m@o>A2>S@j0jj0@@d,0*1A
\s:66,c:1782377484*4E\!AIVDM,1,1,,A,15Tbuj001N2op4uf`EWIpWtP0@>C,0*4B
\s:66,c:1782377488*42\!AIVDM,1,1,,B,16::dDP01C`k5w0AKw1P8h>p00Sp,0*48
\s:66,c:1782377488*42\!AIVDM,1,1,,B,16:C74PP1>8fQ?HAtEgbIJ2R353<,0*30
\s:66,c:1782377490*4B\!AIVDM,1,1,,B,19NSCR002bU@mop8NdkF:Ttr0<0:,0*47
\s:66,c:1782377487*4D\!AIVDM,1,1,,A,16Sp4P00B?2kgd1g0gfafWfJ0H?f,0*7B
\s:66,c:1782377491*4A\!AIVDM,1,1,,A,16U9?l80119=LmTCvHBFi5Nt0@B4,0*7E
\s:66,c:1782377488*42\!AIVDM,1,1,,A,ENk`sU<rH@@@@@@@@@@@@@@@@@@=ApBb:d9a`00003vP000,2*6B
\s:66,c:1782377488*42\!AIVDM,1,1,,A,13B=0<01BE`g>jDA6q?UOTIp053<,0*02
\s:66,c:1782377488*42\!AIVDM,1,1,,B,13IoBD011hPKMgvER:p:N`Fp0D<P,0*7F
\s:66,c:1782377487*4D\!AIVDM,1,1,,B,142OLSS00l2>li@HQGDPO1>j0U3<,0*3E
\s:66,c:1782377486*4C\!AIVDM,1,1,,A,33`g94000R0EUFpNCd2a1W0l0iuS,0*27
\s:66,c:1782377488*42\!AIVDM,1,1,,B,15`oET01@0Q2HKFDRi:m;6bp00RV,0*5B
\s:66,c:1782377488*42\!AIVDM,1,1,,A,C6:`oL000:9h:gTTf;hMLGv0f2L@bNRBciikh0000000S0`A2200,0*6F
\s:66,c:1782377488*42\!AIVDM,1,1,,B,13EiuUWj@DPA7k<FgTkQGhnn0l1?,0*51
\s:66,c:1782377492*49\!AIVDM,1,1,,A,45uNl>Qvad`kO8aNs2Ev3mj0053<,0*43
\s:66,c:1782377484*4E\!AIVDM,1,1,,B,1815FVP01lQ?9afD@HK;N98h0<1R,0*21
\g:1-2-5198449,s:66,c:1782377489*0D\!AIVDM,2,1,9,B,53Ee??`00000D;;KKN0I84p<U<<v04U`6222220N18;23t0Ht0888888,0*49
\g:2-2-5198449*61\!AIVDM,2,2,9,B,888888888888880,2*2E
\s:66,c:1782377490*4B\!AIVDM,1,1,,A,19NSsr002EOmpT8Dl0:C3BFr0@Ab,0*0C
\s:66,c:1782377488*42\!AIVDM,1,1,,A,33b2AH00000pUWpO;J51cPUp0000,0*61
\s:66,c:1782377491*4A\!AIVDM,1,1,,B,169qc@gP008fwn0A?q<;JOvt0D5r,0*35
\s:66,c:1782377492*49\!AIVDM,1,1,,A,15N:6;0P00q<g`hA2mNbEww220RK,0*47
\s:66,c:1782377488*42\!AIVDM,1,1,,B,13b2AH00010pUWrO;J5AchTr053<,0*22
\s:66,c:1782377493*48\!AIVDM,1,1,,B,402:o71uJl`kQP7?oPM6le700L8d,0*7B
\s:66,c:1782377489*43\!AIVDM,1,1,,B,155waL001?SVnHL@4L5Ur4fr08A@,0*2C
\s:66,c:1782377491*4A\!AIVDM,1,1,,A,35Mf<2P000G>KSnKhH@`r79p0000,0*2D
\s:66,c:1782377494*4F\!AIVDM,1,1,,B,34`V0oh01UPB3O0Mh:e3Ejc0013h,0*46
\s:66,c:1782377491*4A\!AIVDM,1,1,,B,16<g:dh00L`LQFJ>1jqsepTn2<3l,0*6B
\s:66,c:1782377491*4A\!AIVDM,1,1,,A,13Kvg4001N0hvS>Q4o@T=kHt0HBS,0*6B
\s:66,c:1782377489*43\!AIVDM,1,1,,A,38Hvp5010iJRSMfE7qa<>bOp0000,0*53
\s:66,c:1782377493*48\!AIVDM,1,1,,B,13S3BHUP0KQ;>?RHq;g=MOw2253<,0*1D
\s:66,c:1782377489*43\!AIVDM,1,1,,B,14eH0u0OhCG>6>>L;=njojHt2D3L,0*2D
\s:66,c:1782377492*49\!AIVDM,1,1,,A,13dbf`002505b@8LupOAeQI000SD,0*21
\s:66,c:1782377493*48\!AIVDM,1,1,,A,16:6HWU00g8fs:66,0*6B
\s:66,c:1782377490*4B\!AIVDM,1,1,,A,18Hu0gcP01W<jil2L2R>4?vr2L0`,0*72
\s:66,c:1782377493*48\!AIVDM,1,1,,B,13dVQ6001vP8`s0MAHm2>im008C6,0*12
\s:66,c:1782377489*43\!AIVDM,1,1,,A,B3EsLWP00`01UMUes@rnRBN00000,0*22
\s:66,c:1782377490*4B\!AIVDM,1,1,,,17m3tmEP00WL`3@0Ud`0Ugw:053<,0*1F
\s:66,c:1782377490*4B\!AIVDM,1,1,,B,403OKC1uJl`kNrpVFHGml9O028Aq,0*12
\s:66,c:1782377489*43\!AIVDM,1,1,,B,36K33gPP@Q9ii><CwGQbt`6n020P,0*48
\s:66,c:1782377493*48\!AIVDM,1,1,,B,13:3`C0P00PecarN`icf4?w228CR,0*3F
\s:66,c:1782377492*49\!AIVDM,1,1,,A,16:R5?001B8LT8lF0FOqJoVl0D8U,0*4C
\s:66,c:1782377494*4F\!AIVDM,1,1,,,17m3tmEP00WL`3<0UdWPUgwD053<,0*4A
\s:66,c:1782377495*4E\!AIVDM,1,1,,B,14aVHh7001vj<=r;u7klg@W200S1,0*00
\s:66,c:1782377494*4F\!AIVDM,1,1,,B,15Tbuj001M2oou7f`EE9g7vl0D0I,0*7C
\s:66,c:1782377495*4E\!AIVDM,1,1,,B,B4eJS:@00ekEHa73Pq@pswiWGP06,0*09
\s:66,c:1782377497*4C\!AIVDM,1,1,,A,16:C0t001W8fac0@wUa<mr?80<AS,0*2F
\s:66,c:1782377497*4C\!AIVDM,1,1,,A,15`oET02@0Q2HKDDRi:sfFc80D2>,0*5F
\s:66,c:1782377494*4F\!AIVDM,1,1,,B,13M@dlCP00Or5oTM2jtDU?w220Se,0*3C
\s:66,c:1782377496*4D\!AIVDM,1,1,,A,17lcaWP0007aRlatQj`i725:00Ru,0*1B
\s:66,c:1782377496*4D\!AIVDM,1,1,,B,19NSsr02BEOmpg:Dl0I33RG80HEL,0*36
\s:66,c:1782377496*4D\!AIVDM,1,1,,A,1:kJnR0001Ji4m9bkqA5r2C40D0S,0*5E
\s:66,c:1782377496*4D\!AIVDM,1,1,,A,19NSCR002bU@ms08Nch6<Tu60<0:,0*2F
\s:66,c:1782377493*48\!AIVDM,1,1,,A,D02:oU19@Nfq6DO6D0,4*0A
\s:66,c:1782377497*4C\!AIVDM,1,1,,A,16<g:dh00O`LQD0>1k2sSHS<20Rf,0*6D
\s:66,c:1782377482*48\!AIVDM,1,1,,B,13chFC0P010qBN@Eh5LMa?vf2<3:,0*15
\s:66,c:1782377486*4C\!AIVDM,1,1,,A,33m;<p70001G39hWpD8qR95p0000,0*2B
\s:66,c:1782377486*4C\!AIVDM,1,1,,A,19@>kBPOh@3gJCr?;HMP;aVl253<,0*58
\s:66,c:1782377484*4E\!AIVDM,1,1,,B,B3nAQ<0008<OMT8N;Q7Q3wcUoP06,0*45
\s:66,c:1782377489*43\!AIVDM,1,1,,A,13@p`u@0010i1h@Q0lCLmIJr00SN,0*33
\g:1-2-5198450,s:66,c:1782377490*0D\!AIVDM,2,1,0,B,59NSR9T2@M0lCE@wN20E=0E8T622222222222216D8M:G5fe0EhhD1H5,0*71
\g:2-2-5198450*69\!AIVDM,2,2,0,B,3mk`88888888880,2*72
\s:66,c:1782377490*4B\!AIVDM,1,1,,A,34`MTV00001dmA<E`M:ujT2t00Fk,0*39
\s:66,c:1782377488*42\!AIVDM,1,1,,A,13aBNRPP000BN7VMf9EP0?vn053<,0*5C
\s:66,c:1782377485*4F\!AIVDM,1,1,,B,13aGF;0P00PFGM@Mw9av4?vj2<63,0*48
\s:66,c:1782377489*43\!AIVDM,1,1,,B,B5Nf59000JVmi5MU7=43WwfUt000,0*29
\s:66,c:1782377488*42\!AIVDM,1,1,,A,ENk`tifS@@@@@@@@@@@@@@@@@@@=ECn8;65aP00003vP000,2*0D
\s:66,c:1782377490*4B\!AIVDM,1,1,,B,33FEJ45000P9nMrGb8=Ubh6p0Dt:,0*66
\s:66,c:1782377485*4F\!AIVDM,1,1,,A,35960nP000HHvE6=B9h<70=p0000,0*4C
\s:66,c:1782377486*4C\!AIVDM,1,1,,A,H5`V@a@8D4<R0@5T00000000000,2*09
\s:66,c:1782377486*4C\!AIVDM,1,1,,A,H5`V@aDU0000000J:<knji1P4440,0*42
\s:66,c:1782377488*42\!AIVDM,1,1,,A,19NSI<P119JB6905LKR5RTnp253<,0*5D
\s:66,c:1782377489*43\!AIVDM,1,1,,B,13ku9b0w2f3EGrApiJS2DQlr08@p,0*72
\s:66,c:1782377489*43\!AIVDM,1,1,,A,15R1FD030a`lIfVAD4g<9D:r08@f,0*15
\s:66,c:1782377490*4B\!AIVDM,1,1,,B,14SI3400050bBWlI:5v@9`Tr0d8s,0*03
\s:66,c:1782377488*42\!AIVDM,1,1,,A,19NSge000005n1p3Pfedqjjh08@e,0*2B
\s:66,c:1782377489*43\!AIVDM,1,1,,B,13aIiI@P00PCQ>pMFUQ>4?vrR53<,0*65
\s:66,c:1782377492*49\!AIVDM,1,1,,B,18QWd?3000STufN?n7mo1bjt00RP,0*03
\g:1-2-5198451,s:66,c:1782377493*0F\!AIVDM,2,1,1,B,577P7S82@SvII8`CB20hV0@62222222222222216RHjLH5cl0c@k`3BT,0*2E
\g:2-2-5198451*68\!AIVDM,2,2,1,B,p88888888888880,2*6E
\s:66,c:1782377493*48\!AIVDM,1,1,,A,1914hrpP03POhE0E6e3tvOw22<1G,0*45
\s:66,c:1782377490*4B\!AIVDM,1,1,,B,36:qc`001U`RK>LF9nb3o3:l00oi,0*4B
\s:66,c:1782377492*49\!AIVDM,1,1,,B,15AHeV002HWqIrT6F3315@lt00S`,0*37
\s:66,c:1782377487*4D\!AIVDM,1,1,,A,B3@p9m00ApDES1`NSTI3WweQl8@3,0*01
\s:66,c:1782377490*4B\!AIVDM,1,1,,A,13aVkT5P1JPHNERNE?2Vuwvt2<<5,0*24
\s:66,c:1782377492*49\!AIVDM,1,1,,B,402M4wAvad`kP1dNmn`JqrOP28C9,0*2A
\s:66,c:1782377494*4F\!AIVDM,1,1,,B,139OmtPP00PCTK0MHAef4?w4R8D7,0*62
\s:66,c:1782377493*48\!AIVDM,1,1,,B,13aGEk0P0hPHW9FNIDaMh?w228Cn,0*7D
\s:66,c:1782377493*48\!AIVDM,1,1,,A,15QIWF001a8efERA`Ra6IDdv08Bl,0*4A
\s:66,c:1782377486*4C\!AIVDM,1,1,,B,13m;<p70001G39hWpD99Ra4j00S=,0*4E
\s:66,c:1782377488*42\!AIVDM,1,1,,,13e8t>032;I2w4B0pLARh2Bn0000,0*6B
\s:66,c:1782377489*43\!AIVDM,1,1,,A,B5NvI80005kcwd6t:pWMBiN00000,0*41
\s:66,c:1782377492*49\!AIVDM,1,1,,A,169E9cP01d8fnl@AiTR;GHNv00S7,0*68
\s:66,c:1782377493*48\!AIVDM,1,1,,A,16?cKw00230CAoBE@TsS6jTl053<,0*40
\s:66,c:1782377490*4B\!AIVDM,1,1,,B,H69E4kTN000000000000002pD340,0*53
\s:66,c:1782377487*4D\!AIVDM,1,1,,A,33u@I4PpPT1DK9JQw7GkV39p0000,0*16
\s:66,c:1782377488*42\!AIVDM,1,1,,B,B8Hs6L0009o1pr0;w6T03wf4kP06,0*4E
\s:66,c:1782377494*4F\!AIVDM,1,1,,A,17lj;gi00o8FUbAwCAT6=UDv0@D1,0*3C
\s:66,c:1782377490*4B\!AIVDM,1,1,,A,13o2aE0002Q5q0NWMiK7fT4r0@Ag,0*19
\s:66,c:1782377491*4A\!AIVDM,1,1,,A,339cHHP0000eWoDNWq@0001p0000,0*6C
\s:66,c:1782377495*4E\!AIVDM,1,1,,B,13@p`u@0010i1h@Q0lCth9K6053<,0*2F
\s:66,c:1782377492*49\!AIVDM,1,1,,,13e8t>01B>I2w8l0pLOR`BBv0000,0*50
\s:66,c:1782377495*4E\!AIVDM,1,1,,A,13aGF;0P00PFGM@Mw9af4?w6253<,0*05
\s:66,c:1782377494*4F\!AIVDM,1,1,,A,1815;=000f3R4Nf?v`@hsPO60@DJ,0*23
\s:66,c:1782377490*4B\!AIVDM,1,1,,A,15O1J@?000q<bUvA2WFS8Ubp0000,0*1B
\s:66,c:1782377492*49\!AIVDM,1,1,,B,18:wj90001`b1g@7p0o5JH4t0D23,0*3D
\s:66,c:1782377491*4A\!AIVDM,1,1,,A,13chFC0P010qBNFEh5L=Cgw028BS,0*51
\s:66,c:1782377495*4E\!AIVDM,1,1,,A,13ku9b002f3EH2CpiK8jDAm60<00,0*28
\s:66,c:1782377495*4E\!AIVDM,1,1,,A,33u@I4Pp@V1DK>0Qw7GkL2up0000,0*2E
\s:66,c:1782377495*4E\!AIVDM,1,1,,A,13o2aE0002Q5q0NWMiK7fT4r0@Ag,0*19
\s:66,c:1782377491*4A\!AIVDM,1,1,,B,B6K2oA@0>01`;t5S1BrGeoiTh000,0*29
\s:66,c:1782377495*4E\!AIVDM,1,1,,A,33VIG80P00QckqPEeqof4?w625CC,0*4B
\s:66,c:1782377493*48\!AIVDM,1,1,,A,B39dE=009@;B437n@>S6jON00000,0*6C
\s:66,c:1782377498*43\!AIVDM,1,1,,B,13EapjWP0EwTB6rK2mwS:Ow620Sn,0*75
\s:66,c:1782377480*4A\!AIVDM,1,1,,B,B3I>;d000=p`p74lcV@Hcwb5oP06,0*39
\s:66,c:1782377481*4B\!AIVDM,1,1,,A,13kpa80P04Q2rf@DGRj85jVd0000,0*5B
\s:66,c:1782377484*4E\!AIVDM,1,1,,A,13m57b001W1PQEdEqUFsfILd0000,0*0D
\s:66,c:1782377484*4E\!AIVDM,1,1,,A,33m57b001V1PQEdEqUFsf9Mp0000,0*6B
\s:66,c:1782377487*4D\!AIVDM,1,1,,B,33TGG=0P0wQcgOTEf8@TIgvn06>S,0*77
\s:66,c:1782377483*49\!AIVDM,1,1,,A,16:IEgPP00`f2ahA=k?>4?vd2>h8,0*1E
\s:66,c:1782377487*4D\!AIVDM,1,1,,B,1:1U=v0vjwPdu`DFkEbGBEjj8L7E,0*73
\s:66,c:1782377487*4D\!AIVDM,1,1,,B,339Qfug0000VnDdNPkd6S;:l001S,0*5A
\s:66,c:1782377490*4B\!AIVDM,1,1,,B,15Af0p001i7NjcD0oWWQWQF408AA,0*58
\s:66,c:1782377488*42\!AIVDM,1,1,,A,33u7El0v2RPhdCFPng?al7lp04d3,0*21
\s:66,c:1782377484*4E\!AIVDM,1,1,,B,B3IImKP0;?saRL6v=1P5Kwg5l000,0*01
\s:66,c:1782377491*4A\!AIVDM,1,1,,B,36::UE0Oh3`;4cB<rTpQKQhp2Q7h,0*5F
\s:66,c:1782377489*43\!AIVDM,1,1,,B,13aDq0hP1EPD`8`Me?Gld?vrR53<,0*28
\s:66,c:1782377486*4C\!AIVDM,1,1,,A,H39hv7PthF10TpDhhD000000000,2*50
\s:66,c:1782377486*4C\!AIVDM,1,1,,A,H39hv7TT000000041C90000h6220,0*6C
\s:66,c:1782377491*4A\!AIVDM,1,1,,A,19ljg:000012HiMjodQDrl:r0<1A,0*44
\s:66,c:1782377469*4D\!AIVDM,1,1,,A,1:U7DlgP00M4IIQkQCFj=gvB085R,0*2C
\s:66,c:1782377278*4B\!AIVDM,1,1,,B,3:U7DlgP00M4IIOkQC;B=gwl00A3,0*54
\s:66,c:1782377468*4C\!AIVDM,1,1,,B,1815QrP00UM5M2wkPnl:`Gt<0@4c,0*35
\s:66,c:1782377488*42\!AIVDM,1,1,,B,177h8S002VNe>Kt9svto2EVj0@@7,0*32
\s:66,c:1782377485*4F\!AIVDM,1,1,,B,B8HtCI0009ne@RP;uQ003wd2T52L,0*3B
\s:66,c:1782377488*42\!AIVDM,1,1,,A,33@o:E0OhUPqsA`O8O7jBR8r00jP,0*42
\s:66,c:1782377489*43\!AIVDM,1,1,,A,16:R?bPOi:8LLoP=wrIS<B@d08Al,0*02
\s:66,c:1782377490*4B\!AIVDM,1,1,,A,36:R?bPOi98LLpL=wrIS>2@f00u0,0*10
\s:66,c:1782377487*4D\!AIVDM,1,1,,A,169026`000`VE6tDUDw6;4pl0L31,0*34
\s:66,c:1782377490*4B\!AIVDM,1,1,,A,13J=CC0P00PK6@lHc0keb?vt2000,0*7A
\s:66,c:1782377488*42\!AIVDM,1,1,,A,13tR7EmP?w<tSF0l4Q@>4?wv0U3<,0*7F
\s:66,c:1782377489*43\!AIVDM,1,1,,,B3prRp0007sF8iU@L0T03wfUwP06,0*0E
\s:66,c:1782377493*48\!AIVDM,1,1,,,B3prRp000GsF8iU@L0T03whUsP06,0*74
\s:66,c:1782377488*42\!AIVDM,1,1,,A,B52oMth00>cTE2UnIMD02H>1jEl:,0*64
\s:66,c:1782377487*4D\!AIVDM,1,1,,A,16:3fWP01c8Nog@F7OLTWChl0H?i,0*0D
\s:66,c:1782377490*4B\!AIVDM,1,1,,B,H7OoVdTUFC@D000C>2pnA01H6410,0*22
\s:66,c:1782377492*49\!AIVDM,1,1,,A,19NSkk@02nHkH9L9I<0Tekft08Br,0*0D
\s:66,c:1782377490*4B\!AIVDM,1,1,,A,13WROw9P2NOVdFhDR<VPUOvr053<,0*67
\s:66,c:1782377493*48\!AIVDM,1,1,,B,16SeWag00la=EdhD16NoGo?1ppCE,0*7E
\s:66,c:1782377490*4B\!AIVDM,1,1,,A,33=iGn001v0kM;LPw;UERTKp0000,0*4C
\s:66,c:1782377492*49\!AIVDM,1,1,,A,13=iGn001wPkMhtPw8F5S4Lv853<,0*46
\s:66,c:1782377493*48\!AIVDM,1,1,,B,16:IEgPP00`f2b0A=k?>4?w0253<,0*47
\s:66,c:1782377489*43\!AIVDM,1,1,,B,33m8ApU2@20J?FhQge>QqbBr0Dlr,0*4A
\s:66,c:1782377493*48\!AIVDM,1,1,,B,B7m3w?000IrDpkw8RrUDowhWGP06,0*5A
\s:66,c:1782377493*48\!AIVDM,1,1,,B,1381Lv000rrBRDN5KmnqOGw220St,0*5A
\s:66,c:1782377492*49\!AIVDM,1,1,,B,17m:0ihP01`FdoowBj12GOvp0l3C,0*28
\s:66,c:1782377490*4B\!AIVDM,1,1,,B,16QgBhh01nSc@28?aVC4P3Rr0000,0*7F
\s:66,c:1782377492*49\!AIVDM,1,1,,B,ENkb9R>Uh@@@@@@@@@@@@@@@@@@;SCP`<J9K@00003vP000,2*37
\s:66,c:1782377494*4F\!AIVDM,1,1,,B,36:R?bPOi88LLtP=wrL3DjBr02nP,0*22
\s:66,c:1782377491*4A\!AIVDM,1,1,,A,13aGFohP1:PIm76N><N1Bgvv28BA,0*72
\s:66,c:1782377494*4F\!AIVDM,1,1,,A,19Hl>HpP1MWLNr@0g2M92ww2253<,0*5E
\s:66,c:1782377491*4A\!AIVDM,1,1,,A,13EgA`g000wW6KjDc>GQQQdr08B<,0*28
\s:66,c:1782377494*4F\!AIVDM,1,1,,B,13u7El0v2RPhd4VPnfqakWm40<4T,0*15
\s:66,c:1782377491*4A\!AIVDM,1,1,,A,139IVkP00sPK?pvMfPFEbTRvPD0W,0*71
\s:66,c:1782377494*4F\!AIVDM,1,1,,B,H40ahh1=LTI@000000000000000,2*27
\s:66,c:1782377190*4E\!AIVDM,1,1,,A,H40ahh4TCBD8:Rm82Inhnn0h504t,0*4B
\s:66,c:1782377340*41\!AIVDM,1,1,,A,B08eWK000;?8mP=18D3Q3wwP2h06,0*09
\s:66,c:1782377485*4F\!AIVDM,1,1,,B,13P7n=P02s09iPpM=OVT8CJf0L;=,0*62
\s:66,c:1782377484*4E\!AIVDM,1,1,,A,3kHjOCgP0>Og64dJTo::N5<b0000,0*73
\g:1-2-5198452,s:66,c:1782377487*09\!AIVDM,2,1,2,B,53ecK@42B9POTP7K7OD<L5>1@TLE80000000001I:8C995d=0@CS853V,0*3B
\g:2-2-5198452*6B\!AIVDM,2,2,2,B,P00000000000000,2*45
\s:66,c:1782377488*42\!AIVDM,1,1,,B,15Qblr001d8mS1:@bEriJA=n0D0L,0*78
\s:66,c:1782377481*4B\!AIVDM,1,1,,B,13ku;sh01POM=UPK802WtVHd0@<P,0*46
\s:66,c:1782377488*42\!AIVDM,1,1,,A,13oPpJ7P0bQsmRb`c0U1K?wv053<,0*43
\s:66,c:1782377488*42\!AIVDM,1,1,,A,H>1pbST0BCP0001ihhPPPP000000,0*7D
\s:66,c:1782377487*4D\!AIVDM,1,1,,,18I8q65wh0wVnt@DRP@=>AHl1000,0*58
\s:66,c:1782377486*4C\!AIVDM,1,1,,A,339la<POh4PVCJdNJu7RGljh01q@,0*0B
\s:66,c:1782377488*42\!AIVDM,1,1,,A,35SSSN50002>2>wfqgkVc6@r0Djb,0*19
\s:66,c:1782377483*49\!AIVDM,1,1,,B,139la<POh4PVCJPNJu7BCDd`0<2e,0*6F
\s:66,c:1782377482*48\!AIVDM,1,1,,B,15IBTV0000KVW0N5pRj`V3pb00Rk,0*4F
\s:66,c:1782377486*4C\!AIVDM,1,1,,A,13th=F002O0qSi2OHghQ9Ppj0<4c,0*06
\s:66,c:1782377488*42\!AIVDM,1,1,,A,18Lg9<0P?w<tSF0l4Q@>4?wv0`@U,0*7C
\s:66,c:1782377487*4D\!AIVDM,1,1,,A,16K?pb002R7Ll;v0eqiS62Rn0@?o,0*7B
\s:66,c:1782377483*49\!AIVDM,1,1,,,B7tKlg@00IhVGl18sHOQ3wcQl000,0*3C
\s:66,c:1782377487*4D\!AIVDM,1,1,,A,1815BgP1QpQ3b;@DepvT>3DV0000,0*59
\s:66,c:1782377490*4B\!AIVDM,1,1,,B,E1O3KoG62QhIP00000000000000@2wmA1h@9800808g>B0,4*44
\s:66,c:1782377487*4D\!AIVDM,1,1,,A,142LmC3000R4jp`GMkd<ganj0@@9,0*5E
\s:66,c:1782377486*4C\!AIVDM,1,1,,,18;0FN30008V`K08NNnN4:6lP8?T,0*54
\s:66,c:1782377491*4A\!AIVDM,1,1,,A,19NSic@02nDTppPIka>Sm32t053<,0*69
\s:66,c:1782377488*42\!AIVDM,1,1,,B,17mFBd?P01`FgAAw@`Klp?vn2<49,0*25
\s:66,c:1782377491*4A\!AIVDM,1,1,,B,33GQO4hOkRP=:NHFJ76<v:Jp01<h,0*15
\s:66,c:1782377490*4B\!AIVDM,1,1,,B,403OK@iuJl`kNrR1DTFCLuw0253<,0*5B
\s:66,c:1782377488*42\!AIVDM,1,1,,B,160mAL@01grRBgdFFuc>002f0D4b,0*6B
\s:66,c:1782377491*4A\!AIVDM,1,1,,A,15?dTr001m0ujOlD<R;LvbLt0`BP,0*3C
\s:66,c:1782377492*49\!AIVDM,1,1,,B,33ku:Ch2j8MAo0ogN6ak>Rbt05g3,0*48
\s:66,c:1782377493*48\!AIVDM,1,1,,A,15NQfQ0000rROLfE5jIeWc940000,0*40
\s:66,c:1782377490*4B\!AIVDM,1,1,,B,139qHr?000PVqOTNQnov45RtR0S<,0*74
\s:66,c:1782377493*48\!AIVDM,1,1,,A,33fHJ:000O00Ir6FoMn`h6qp0000,0*3F
\s:66,c:1782377491*4A\!AIVDM,1,1,,B,13th=F002O0qSp6OHhbA9hpv053<,0*78
\s:66,c:1782377494*4F\!AIVDM,1,1,,A,1815StP029JSWRfEQp?5M4G200SL,0*60
\s:66,c:1782377493*48\!AIVDM,1,1,,A,16:wVR000V8M1R8F06JbA8E20@C9,0*4C
\s:66,c:1782377492*49\!AIVDM,1,1,,B,14SQmT0P00260JdGGWt8ngvv0HC3,0*7B
\s:66,c:1782377489*43\!AIVDM,1,1,,B,176vv4002=7u3kR9eUook6@n08A7,0*62
\s:66,c:1782377493*48\!AIVDM,1,1,,A,33V`0`005A1d9FtFLIIlkSkp0000,0*2F
\s:66,c:1782377490*4B\!AIVDM,1,1,,B,13WLsg0P00OUJkBDNihv4?vt0<13,0*4B
\s:66,c:1782377490*4B\!AIVDM,1,1,,B,H4hRF20d4h4q@U>222222222220,2*71
\s:66,c:1782377490*4B\!AIVDM,1,1,,B,H4hRF24T653<I7BJ7F5nPP20D250,0*56
\s:66,c:1782377494*4F\!AIVDM,1,1,,B,16:H:j001f8k7cvAIM905P?0053<,0*0A
\s:66,c:1782377494*4F\!AIVDM,1,1,,B,15N84mPP00oRbm:CDQiL1gw628DK,0*67
\s:66,c:1782377492*49\!AIVDM,1,1,,A,19NS8H0003swAUEcsjTA7Dnt253<,0*1B
\s:66,c:1782377493*48\!AIVDM,1,1,,B,39NSU6i1@088pft<bl<kBWpv0Dg:,0*44
\s:66,c:1782377493*48\!AIVDM,1,1,,,14Q8Tv0000rQWs6FL0TKK7E40000,0*30
\s:66,c:1782377494*4F\!AIVDM,1,1,,A,19NS``m01S8;:O2<r=:CeRw40@Ck,0*6E
\s:66,c:1782377486*4C\!AIVDM,1,1,,A,14eGFSP000G<s0RL87aCaQln0@?`,0*62
\s:66,c:1782377488*42\!AIVDM,1,1,,A,35MqCp0001oRq1NCCjkVjBdn0351,0*6F
\s:66,c:1782377486*4C\!AIVDM,1,1,,A,15Pm=i<000qPt0VGfGm0O2ll0L07,0*49
\s:66,c:1782377488*42\!AIVDM,1,1,,A,13K0VP02371p3O:BVFScR98r0@@i,0*42
\s:66,c:1782377489*43\!AIVDM,1,1,,B,16::CG001:81rTh:g2j0fhNn0U3<,0*1B
\s:66,c:1782377486*4C\!AIVDM,1,1,,A,19@2a2pP0A65rb:3D`C;twvl0H?O,0*09
\s:66,c:1782377488*42\!AIVDM,1,1,,A,39NSubQ0017I82V0hs`ofDHn0Dg:,0*6D
\s:66,c:1782377486*4C\!AIVDM,1,1,,A,33`e@PmP00PAR`pMW?@>4?vl2000,0*15
\s:66,c:1782377485*4F\!AIVDM,1,1,,A,33Piw810028aFop8DKD=374f0Dg:,0*62
\s:66,c:1782377490*4B\!AIVDM,1,1,,A,13urO@002:08kHRMab`RcB>p0hAi,0*3E
\s:66,c:1782377487*4D\!AIVDM,1,1,,A,D02`li000O6EFpw6EIPN?`0,2*01
\g:1-2-5198453,s:66,c:1782377485*0A\!AIVDM,2,1,3,A,53GQ1ql2<qlhD4DD001H:0mE=@4pL0000000000l1PA370000<PhDm1C,0*18
\g:2-2-5198453*6A\!AIVDM,2,2,3,A,33kP00000000000,2*1C
\s:66,c:1782377488*42\!AIVDM,1,1,,A,35Pm=;P100JQuqdFCUqFLbUp0000,0*6D
\s:66,c:1782377488*42\!AIVDM,1,1,,A,15Pm=;P1@0JQuqdFCUq6KJTp0000,0*41
\s:66,c:1782377482*48\!AIVDM,1,1,,A,403OKF1vad`kEr=6cV@;WJ?02L4e,0*55
\s:66,c:1782377481*4B\!AIVDM,1,1,,A,13m:J10vQgOT>F8Kk5T`;nJV0<5b,0*10
\s:66,c:1782377487*4D\!AIVDM,1,1,,B,19NSng00258jaV0DcdsRoR@j053<,0*14
\s:66,c:1782377482*48\!AIVDM,1,1,,A,33EgAeP2h0005oTFoh@v4;Ap0000,0*5D
\s:66,c:1782377488*42\!AIVDM,1,1,,,13KMwjU0001c1wrRCFU=c1Pp0000,0*30
\s:66,c:1782377490*4B\!AIVDM,1,1,,B,15@NRt0wjaNfsEV7OliMp;6r0HAh,0*63
\g:1-2-5198454,s:66,c:1782377487*0F\!AIVDM,2,1,4,A,55?<db42CUhHQ3S;OT05@h4q@T<60@Di@4000000000QQ0000051CQDR,0*6A
\g:2-2-5198454*6D\!AIVDM,2,2,4,A,AQ@000000000000,2*40
\s:66,c:1782377489*43\!AIVDM,1,1,,B,18JkMJ001i4vTi`<tRNc@94n053<,0*53
\s:66,c:1782377488*42\!AIVDM,1,1,,B,13aGE>OP00PG<3nN2?jf4?vp2D80,0*2F
\s:66,c:1782377491*4A\!AIVDM,1,1,,A,16:@QE001d`Wwt6>`ai1`ANv0<13,0*68
\s:66,c:1782377491*4A\!AIVDM,1,1,,A,13bViD01ww0GEwrN17>v48rr0<2S,0*6A
\s:66,c:1782377482*48\!AIVDM,1,1,,B,16K>Ih00019jK:HD33Fd5@vd0@<w,0*27
\s:66,c:1782377488*42\!AIVDM,1,1,,A,ENkb9Qfa@@@@@@@@@@@@@@@@@@@;S68b<8@<P00003vP000,2*00
\s:66,c:1782377487*4D\!AIVDM,1,1,,A,H4hPME0l59<60TT000000000000,2*02
\s:66,c:1782377487*4D\!AIVDM,1,1,,B,H4hPME4UFC@D2qPJ7@Al000h612<,0*5B
\s:66,c:1782377485*4F\!AIVDM,1,1,,B,15QHTt001p0?m1DNIg@0j@jl0D:=,0*01
\g:1-2-5198455,s:66,c:1782377488*01\!AIVDM,2,1,5,A,53KWn>41B8wHtPiL001HtTl4000000000000001S38s<80000A21C4jC,0*18
\g:2-2-5198455*6C\!AIVDM,2,2,5,A,Rj@000000000000,2*69
\s:66,c:1782377488*42\!AIVDM,1,1,,A,139oNT30000`A8dNGhtsp9Vp00S8,0*44
\s:66,c:1782377490*4B\!AIVDM,1,1,,B,19NSeuP0?w<tSF0l4Q@>4:Qv0hAk,0*49
\s:66,c:1782377489*43\!AIVDM,1,1,,B,D028jK1EhN?b<`O6EFDO6D0,2*18
\s:66,c:1782377490*4B\!AIVDM,1,1,,B,39NSG=5000`fkTrAE7dh03Pr0Dg:,0*31
\s:66,c:1782377491*4A\!AIVDM,1,1,,B,14S1O@001wq?kDP@2<17;Uft2<2F,0*74
\s:66,c:1782377491*4A\!AIVDM,1,1,,A,29NSgQ5001Wamfb60gUreiTl0@BK,0*56
\s:66,c:1782377492*49\!AIVDM,1,1,,B,16:=Me0P0d8gindAhHMkO?vb2PS0,0*27
\s:66,c:1782377489*43\!AIVDM,1,1,,B,1815QnP000`8F8P=0`tWIDLn053<,0*6A
\s:66,c:1782377487*4D\!AIVDM,1,1,,B,15NBMBP000rdt3FGA:sLIpPl053<,0*59
\s:66,c:1782377489*43\!AIVDM,1,1,3,B,13m8>T7000Qbc7f`2tN3krTr053<,0*43
\s:66,c:1782377491*4A\!AIVDM,1,1,,A,19N`2uPu2s2wV<kgJF8q`oft08B=,0*2F
\s:66,c:1782377492*49\!AIVDM,1,1,,A,ENkb9Qfa@@@@@@@@@@@@@@@@@@@;S68b<8@<P00003vP000,2*00
\s:66,c:1782377488*42\!AIVDM,1,1,,A,13ku;I@wiWPiP=`EN4Krt`rl0000,0*79
\s:66,c:1782377491*4A\!AIVDM,1,1,,B,B39MJoP0=P1qlv7BDQ64wwgQh@BH,0*24
\s:66,c:1782377490*4B\!AIVDM,1,1,,A,34eIs<0000G<MNbL=k8r?2kp0000,0*1E
\s:66,c:1782377487*4D\!AIVDM,1,1,,B,18R0JA300M3QbMD?nGlGCnBn0d:8,0*58
\s:66,c:1782377488*42\!AIVDM,1,1,,A,B52nKrh005kd=36t9l<000N00000,0*0D
\s:66,c:1782377491*4A\!AIVDM,1,1,,B,38LvS1@0007=O2`7RilG<gv00000,0*2B
\s:66,c:1782377489*43\!AIVDM,1,1,,B,1815>BP01wWpS=j8fbWuGrdt053<,0*60
\s:66,c:1782377491*4A\!AIVDM,1,1,,A,177aGF0PAW8e>Ot?3igPrPQ00L0f,0*62
\s:66,c:1782377488*42\!AIVDM,1,1,,A,139Ew80vBb1eAb=d@t8:mHVl08@@,0*7E
\s:66,c:1782377479*4C\!AIVDM,1,1,,B,B3@nt<000Lpq6vuE;fqScwaUl000,0*3C
\s:66,c:1782377488*42\!AIVDM,1,1,,B,13aDqohP0;PCo=bMEjt`7?vl253<,0*60
\s:66,c:1782377488*42\!AIVDM,1,1,,B,19NSEhP00L2oDQ9uUCvhBp4n08@S,0*7E
\s:66,c:1782377488*42\!AIVDM,1,1,,A,16:9t`001K`N8`4F48BP:00n00SJ,0*1B
\s:66,c:1782377483*49\!AIVDM,1,1,,B,13aJHP0P02PD:ubMd:Nv4?vfR8=s,0*5B
\s:66,c:1782377487*4D\!AIVDM,1,1,,B,13n4vH0001PlnM8U3NT8N9dl00Ri,0*65
\s:66,c:1782377488*42\!AIVDM,1,1,,B,B3mFTR0008R0s`b6b;<Cgwf5oP06,0*08
\s:66,c:1782377487*4D\!AIVDM,1,1,,A,17`OWcg001<LdDm`Hso3e6<l0000,0*54
\s:66,c:1782377487*4D\!AIVDM,1,1,,A,338ag6002U0pG5>OB:Ip86Op0000,0*7A
\s:66,c:1782377487*4D\!AIVDM,1,1,,B,138ag6002VPpG5>OB:Ip76Nl0<15,0*02
\s:66,c:1782377488*42\!AIVDM,1,1,,B,16Sf=wgP019=;BrCul4QrOvorD51,0*4D
\s:66,c:1782377488*42\!AIVDM,1,1,,A,17h@8L0P1t<ijTEn59@hCwwv0000,0*08
\s:66,c:1782377484*4E\!AIVDM,1,1,,A,33n4h50P@jPiscPQpEW0qPjd00sQ,0*1C
\s:66,c:1782377487*4D\!AIVDM,1,1,,A,13@pk5@P22PhgkFQ1@Fbwwvl0H?s,0*02
\s:66,c:1782377486*4C\!AIVDM,1,1,,B,H5O8a@TUFC@0000G4Ajhoq0`6110,0*32
\s:66,c:1782377486*4C\!AIVDM,1,1,,A,33uNmu000t0k8EHQf5`Sh33p0000,0*06
\s:66,c:1782377482*48\!AIVDM,1,1,,B,16:JrrPOh78dw=0As=tP@Vld0@=o,0*23
\s:66,c:1782377486*4C\!AIVDM,1,1,,B,14eI0B0001o<gbbL=:nrdSPn0@?M,0*17
\g:1-2-5198456,s:66,c:1782377486*0C\!AIVDM,2,1,6,A,53n4h5800000hSG??R0Lv1H4ddE:0M8E@PF2220t0h5067;os50VAQDQ,0*01
\g:2-2-5198456*6F\!AIVDM,2,2,6,A,iH8888888888880,2*03
\s:66,c:1782377485*4F\!AIVDM,1,1,,A,13l3p=001l0Gm`RNbju9iGjl0<;4,0*62
\s:66,c:1782377488*42\!AIVDM,1,1,,A,1815Kc001p7VckF2cw3H2VNl00RQ,0*75
\s:66,c:1782377490*4B\!AIVDM,1,1,,A,13fK`3W00JOMkpJM51i=0rRt08AL,0*68
\s:66,c:1782377490*4B\!AIVDM,1,1,,A,16:EL@000188J:J<ttWSooTv08Ar,0*48
\s:66,c:1782377487*4D\!AIVDM,1,1,,A,13aL>FPP00PFJ<4Mugif4?vn253<,0*6E
\s:66,c:1782377491*4A\!AIVDM,1,1,,A,33:lJ60Oi;2?;TsftjkbIHVr00t0,0*20
\s:66,c:1782377489*43\!AIVDM,1,1,,A,18154Q@01pWPF4<1?7B5lThr00SO,0*46
\s:66,c:1782377492*49\!AIVDM,1,1,,B,15MPN28000G?hAjKAM?;fCjv0PRs,0*48
\s:66,c:1782377490*4B\!AIVDM,1,1,,A,152hoCPP00rqQ>@GgF9v4?vr2D1g,0*7E
\s:66,c:1782377489*43\!AIVDM,1,1,,B,13beO07000PLoC<NQ:CQLSvl0L4a,0*4F
\s:66,c:1782377491*4A\!AIVDM,1,1,,B,33mq3p001M0kAqPPt<GEEl<v0Ubk,0*28
\s:66,c:1782377492*49\!AIVDM,1,1,,A,176u@C01iUrB:7h5HNqG;Ufv2@Be,0*26
\s:66,c:1782377486*4C\!AIVDM,1,1,,A,34eI0B0000G<gbbL=:nbe3Qp0000,0*53
\s:66,c:1782377494*4F\!AIVDM,1,1,,B,36:4l<50008fTrhA@cGeoJW20001,0*6A
\s:66,c:1782377488*42\!AIVDM,1,1,,B,B3GQ@4005H1b9L5T>4pPHJQ7t000,0*06
\s:66,c:1782377492*49\!AIVDM,1,1,,A,169Ch4P01Q7sTht9KL67gV@r0@Bb,0*67
\s:66,c:1782377490*4B\!AIVDM,1,1,,A,17lcmb8P008Fai9w>N::qgvt00R?,0*79
\s:66,c:1782377490*4B\!AIVDM,1,1,,A,33n4h5000jPiseRQpEqhqPjp00t0,0*04
\s:66,c:1782377493*48\!AIVDM,1,1,,A,13aJHP0P02PD:ufMd:Of4?w0RL6P,0*46
\s:66,c:1782377497*4C\!AIVDM,1,1,,A,13aDqohP0;PCo=6MEjp88?w4253<,0*3D
\s:66,c:1782377491*4A\!AIVDM,1,1,,A,33uNmu000t0k8GLQf5WkjS7p0000,0*69
\s:66,c:1782377496*4D\!AIVDM,1,1,,B,B3pvPIP0=`3Mh05WW7910jR5oP06,0*5E
\s:66,c:1782377490*4B\!AIVDM,1,1,,B,19NSuQh02B8j8@@Cn9AW8Ufr08AS,0*37
\s:66,c:1782377497*4C\!AIVDM,1,1,,B,13@pk5@P200hgM:Q1@dK3Ow:0<1I,0*59
\s:66,c:1782377492*49\!AIVDM,1,1,,B,H5O4K@Q059`UH4h000000000000,2*66
\s:66,c:1782377492*49\!AIVDM,1,1,,B,H5O4K@TUFC@0DQPG4<kmlm0`6300,0*04
\s:66,c:1782377485*4F\!AIVDM,1,1,,A,B39N?k00>05SF57U;teOwwd1h<1L,0*14
\s:66,c:1782377485*4F\!AIVDM,1,1,,A,15>uw@0004PSi6@EJLn9`DJ`053<,0*56
\s:66,c:1782377483*49\!AIVDM,1,1,,A,39u:V21P05`jbKv@r?nhli`b20t0,0*7C
\s:66,c:1782377489*43\!AIVDM,1,1,,A,15NIdi?000o=ulbKQdVSI44p0000,0*4C
\s:66,c:1782377487*4D\!AIVDM,1,1,,B,13@p;<P03G0o1TBO=L=3H2bl0D1u,0*08
\s:66,c:1782377485*4F\!AIVDM,1,1,,B,14eGLuwP0<o=>onL8Cr2:Ovd0<3b,0*30
\s:66,c:1782377488*42\!AIVDM,1,1,,A,19NSC1P00R05UPnGPlL1C16j08@i,0*24
\s:66,c:1782377489*43\!AIVDM,1,1,,B,37OoD@PP@W:l<GidT0MLFI4l00hP,0*38
\s:66,c:1782377485*4F\!AIVDM,1,1,,A,39NSOS001`0gqOpQ7;TJN`Cp0000,0*3B
\s:66,c:1782377487*4D\!AIVDM,1,1,,B,18REJ12P007JOk:0h0e@0?vl053<,0*13
\s:66,c:1782377488*42\!AIVDM,1,1,,B,19NSs8h0207SacR26ODi4Pnn0D1B,0*10
\s:66,c:1782377320*47\!AIVDM,1,1,,B,3:U78IU000M4?iUkO>aFEr=B0Dh:,0*73
\s:66,c:1782377490*4B\!AIVDM,1,1,,B,16;3TL001i7SHf023hl80VJr00Sc,0*43
\s:66,c:1782377490*4B\!AIVDM,1,1,,A,139e7DPP1jPVlotNN91v0gvt2<1<,0*09
\s:66,c:1782377488*42\!AIVDM,1,1,,B,19u:V21P05`jbKv@r?n<FQ`j20S3,0*17
\s:66,c:1782377489*43\!AIVDM,1,1,,A,33GQe0p=@0Otu@<EaHMh001p0000,0*62
\s:66,c:1782377489*43\!AIVDM,1,1,,A,1815QTh01v0E`?tHIEPUQDDr08@j,0*2F
\s:66,c:1782377492*49\!AIVDM,1,1,,A,15QOJL0020WBq0<1<WIm34300l2B,0*06
\s:66,c:1782377493*48\!AIVDM,1,1,,A,25?dLD5000Wapip62F1f48k028C9,0*1A
\s:66,c:1782377487*4D\!AIVDM,1,1,,A,355MF8P0003T93P?nQT8FhFj0000,0*15
\s:66,c:1782377488*42\!AIVDM,1,1,,B,165f`8000g3PtT0?s5wVA58p00SU,0*6F
\s:66,c:1782377490*4B\!AIVDM,1,1,,A,13mQgd?0000L0ffSgQfQCaJt08Ac,0*3C
\s:66,c:1782377489*43\!AIVDM,1,1,,A,35ODwd3Q00J@CAD?eRrIJT?p0000,0*74
\s:66,c:1782377494*4F\!AIVDM,1,1,,B,37OoD@PP@W:l<EodT0Sst8lv020@,0*56
\s:66,c:1782377493*48\!AIVDM,1,1,,A,33@p;<P03F0o1oPO=LC3G2cp0000,0*7D
\s:66,c:1782377490*4B\!AIVDM,1,1,,B,403t:D1vad`kM8T=dHE@tI700HAi,0*0E
\s:66,c:1782377494*4F\!AIVDM,1,1,,B,28KBEv50007b<MH5tQrHGCG40<4@,0*59
\s:66,c:1782377494*4F\!AIVDM,1,1,,B,13EmWs7P?w<tSF0l4Q@>4?wv0U3<,0*7E
\s:66,c:1782377492*49\!AIVDM,1,1,,A,339jN@50000eS9@NWMtW<5ip0000,0*66
\s:66,c:1782377493*48\!AIVDM,1,1,,A,17lda6PP00`FgoUwD1KS5wvp00SG,0*4E
\s:66,c:1782377490*4B\!AIVDM,1,1,,,B7OdeN000Jb<9@M6OmH000000000,0*6E
\s:66,c:1782377494*4F\!AIVDM,1,1,,B,15>uw@0004PSi5lEJLm9TTHt08DH,0*45
\s:66,c:1782377495*4E\!AIVDM,1,1,,A,H52juQi0u:0h60l580000000000,2*0C
\s:66,c:1782377191*4F\!AIVDM,1,1,,B,H52juQlUCD=C5SF00000000`622t,0*66
\s:66,c:1782377495*4E\!AIVDM,1,1,,A,16:M>6P00188II@<uDl:<Gc4053<,0*02
\s:66,c:1782377495*4E\!AIVDM,1,1,,B,369?VT1002O0b8B5Colcv3K80E0:,0*1F
\s:66,c:1782377491*4A\!AIVDM,1,1,,B,355MF8P0003T93F?nQSIGPDr01j0,0*0E
\s:66,c:1782377493*48\!AIVDM,1,1,,B,B3a3G8P0@P4ODcWIeivtwwhQh000,0*24
\s:66,c:1782377492*49\!AIVDM,1,1,,A,33Ku5V003F1Gg?BR;A2jU23p0000,0*36
\s:66,c:1782377496*4D\!AIVDM,1,1,,B,79NSG<ARMpD`,0*47
\s:66,c:1782377496*4D\!AIVDM,1,1,,B,14Qh@8P000o?j6lEVHGH<pE68D1q,0*36
\s:66,c:1782377492*49\!AIVDM,1,1,,B,15Mt2rPv00re`3hIsQr@h@k2053<,0*70
\s:66,c:1782377492*49\!AIVDM,1,1,,A,13EihRP000OW6kBDbcD;Os702<4?,0*51
\s:66,c:1782377496*4D\!AIVDM,1,1,,A,B6:<Dv0002;T;L4Ab2`LCwiV3P06,0*1B
\s:66,c:1782377496*4D\!AIVDM,1,1,,A,133`94300pP;a;LMFwv1G176053<,0*02
\s:66,c:1782377493*48\!AIVDM,1,1,,A,B39Wq9008H;O@g7m2bqJa3v00000,0*77
\s:66,c:1782377490*4B\!AIVDM,1,1,,A,13l3qw02jNP6g1dNBV;cLa8t08AO,0*6A
\s:66,c:1782377496*4D\!AIVDM,1,1,,A,18REJ12P007JOk:0h0e@0?w60HDq,0*0C
\s:66,c:1782377496*4D\!AIVDM,1,1,,A,19NSOS001aPgp6fQ7;K:NpDv053<,0*42
\s:66,c:1782377497*4C\!AIVDM,1,1,,A,19NSho00221vnRvGE4br8H920t2k,0*79
\s:66,c:1782377496*4D\!AIVDM,1,1,,A,19NSnI@02s7Npb:0pPlAeAK608EG,0*1A
\s:66,c:1782377497*4C\!AIVDM,1,1,,B,1815Vj001s8T7W`F77fSWRo40HE5,0*1F
\s:66,c:1782377497*4C\!AIVDM,1,1,,B,19NSC1P00Q05URnGPle1CQ740L4j,0*33
\s:66,c:1782377487*4D\!AIVDM,1,1,,A,18JLPb30007JDVT0dmobIEVp053<,0*37
\s:66,c:1782377487*4D\!AIVDM,1,1,,A,33eIG00PAn11S9PDVIK57qVn00w0,0*14
\s:66,c:1782377484*4E\!AIVDM,1,1,,A,13:snb001q8;sAb8KTkAMi:d00RI,0*1E
\s:66,c:1782377486*4C\!AIVDM,1,1,,B,B3HclKP0;p3Skt65F6i43we1l0S7,0*0A
\s:66,c:1782377486*4C\!AIVDM,1,1,,B,B5Nve80006eUP<5rC1s:66,0*25
\s:66,c:1782377489*43\!AIVDM,1,1,,B,B6:fqM@0:B26=l3?sgsG?wv63P06,0*2D
\s:66,c:1782377490*4B\!AIVDM,1,1,,A,18L2oL2P01`ghL<AL9I8Jgvr00SD,0*75
\s:66,c:1782377487*4D\!AIVDM,1,1,,A,19N`2k001OOew74DWG<r<HLh0000,0*33
\s:66,c:1782377491*4A\!AIVDM,1,1,,A,13FLvL0P?wvqLJJ@6LBv4?vn00R=,0*05
\s:66,c:1782377488*42\!AIVDM,1,1,,B,13I3Bv701QwktnpJwi>4WCrp28@I,0*33
\s:66,c:1782377492*49\!AIVDM,1,1,,B,169<v:S0008VD?jDVws8fBdv28Bc,0*44
\s:66,c:1782377487*4D\!AIVDM,1,1,,A,33EdSEP000NmlGN@CT3U0T1p0000,0*23
\s:66,c:1782377488*42\!AIVDM,1,1,,A,16:KrKc0008gNr0AC;V;<ilT0h:n,0*5C
\s:66,c:1782377485*4F\!AIVDM,1,1,,B,169A`LP01M8M06hF0ST2E1lh0U3<,0*28
\s:66,c:1782377486*4C\!AIVDM,1,1,,A,B52PDf@00=kd@2Vt3W4MHGv00000,0*67
\s:66,c:1782377485*4F\!AIVDM,1,1,,A,33P;jv?002wdlUnLmBlQnJVb0000,0*56
\s:66,c:1782377487*4D\!AIVDM,1,1,,B,18I:tF001C7JQ=b0d=MIM7Tf00SJ,0*50
\s:66,c:1782377487*4D\!AIVDM,1,1,,A,14eGEEh00?o7RAjLGLbU>DJj08?W,0*3D
\g:1-2-5198457,s:66,c:1782377484*0F\!AIVDM,2,1,7,A,5696we80000084DoJ21`PtpN1TuF0P4V3K6222001`jBBt0Ht0000000,0*4B
\g:2-2-5198457*6E\!AIVDM,2,2,7,A,000000000000000,2*23
\s:66,c:1782377488*42\!AIVDM,1,1,,A,B8Hwqt00CQnj1B0;Ln>kWwf5kP06,0*31
\s:66,c:1782377491*4A\!AIVDM,1,1,,B,177nP;wP0a89E9d<loNVQwvv2<3q,0*33
\s:66,c:1782377492*49\!AIVDM,1,1,,A,16:KrKc0008gNr0AC;USiAjt0`BE,0*37
\s:66,c:1782377493*48\!AIVDM,1,1,,B,15O<kgd000q<e3rA24gHu:700@CL,0*3C
\s:66,c:1782377490*4B\!AIVDM,1,1,,B,36:4@cU0008fVG@ARMwiuSBp0DWb,0*72
\s:66,c:1782377492*49\!AIVDM,1,1,,B,19Hl>U@01>`hKo6@vgf3uRlv2<IN,0*37
\s:66,c:1782377486*4C\!AIVDM,1,1,,A,13mFE>00001G2VbWp4QHD6@h08?@,0*23
\s:66,c:1782377492*49\!AIVDM,1,1,,A,28SJ>`5000WaqQB64SgCdhQ20@C0,0*23
\s:66,c:1782377489*43\!AIVDM,1,1,,A,13LAv7P00j1SDgrRE0PP3:f00000,0*19
\s:66,c:1782377493*48\!AIVDM,1,1,,B,1:U6uigP0BLQqoGiJ5N@;?w020S8,0*62
\s:66,c:1782377491*4A\!AIVDM,1,1,,A,1815GF@12a0=RwLEEgh3>BVp08B2,0*72
\s:66,c:1782377488*42\!AIVDM,1,1,,A,35OD5wP000J@UJJ?TGl6a8Qp0000,0*58
\g:1-2-5198458,s:66,c:1782377435*0A\!AIVDM,2,1,8,B,56:?@2T000008tAcV20IF0<PDpN1<P4r22222216BPN9C5cbS?PhCp1Q,0*14
\g:2-2-5198458*61\!AIVDM,2,2,8,B,BA2@C`888888880,2*7D
\s:66,c:1782377490*4B\!AIVDM,1,1,,A,13aGrv@P00PDPh8MdraWvOw8R53<,0*71
\s:66,c:1782377492*49\!AIVDM,1,1,,A,13`eHAP0000F0HFMwU=hVF9200Rv,0*05
\s:66,c:1782377489*43\!AIVDM,1,1,,A,B39w=@009H>EtgWk1JHS`Lv00000,0*4B
\s:66,c:1782377490*4B\!AIVDM,1,1,,B,13KNSTg0001UN<:RUKfh0?v00000,0*55
\s:66,c:1782377490*4B\!AIVDM,1,1,,B,13m>7eP0001bcp:`2v=@?8Fj0HAp,0*07
\s:66,c:1782377494*4F\!AIVDM,1,1,,B,36:fqM@00a88Hnn<wg:eLwv00000,0*27
\s:66,c:1782377493*48\!AIVDM,1,1,,A,13E`G@003CP6RSjF=pD0V0Tv2000,0*42
\s:66,c:1782377493*48\!AIVDM,1,1,,A,13eIG0001n11S?VDVHu529U20000,0*6C
\s:66,c:1782377491*4A\!AIVDM,1,1,,B,18Ht;9`P007KUcH0l88h?Ovt053<,0*6C
\s:66,c:1782377495*4E\!AIVDM,1,1,,A,13EdGF?P1IP7vc6GPeH7?gw4253<,0*49
\s:66,c:1782377492*49\!AIVDM,1,1,,B,1815:O000bM?@T1pQvIk;jU20D0o,0*30
\s:66,c:1782377496*4D\!AIVDM,1,1,,B,18JLPb30007JDVP0dmp:IEW808Dw,0*0F
\s:66,c:1782377491*4A\!AIVDM,1,1,,A,13P;jv?001wdlUnLmBlheJTp0D13,0*03
\s:66,c:1782377490*4B\!AIVDM,1,1,,A,13IRvD3P00wen8DKp8O@Egvv0000,0*40
\s:66,c:1782377490*4B\!AIVDM,1,1,,A,33m1U61000Pn2iQu@Mibe5ft0Dmb,0*66
\s:66,c:1782377488*42\!AIVDM,1,1,,A,19NSq?001e7rtJd8s?dGT6:l053<,0*5F
\s:66,c:1782377492*49\!AIVDM,1,1,,B,38SK6K@000Wam6>61aTf48e020li,0*62
\s:66,c:1782377491*4A\!AIVDM,1,1,,A,1815Uw@0R17aE9iwO9iVLE6n053<,0*3C
\s:66,c:1782377493*48\!AIVDM,1,1,,A,E>q7BBw4<dUJ000000000000000DGs1g8nvV@10@8@h000,4*5A
\g:1-2-5198459,s:66,c:1782377494*00\!AIVDM,2,1,9,B,5H15aQ`0@HRUKL7?SOD=>0ID`4U84R222222221@BHT:Fub@0C@PC0Sh,0*10
\g:2-2-5198459*60\!AIVDM,2,2,9,B,H88888888888880,2*5E
\s:66,c:1782377489*43\!AIVDM,1,1,,B,14i:tN001aOnro4LVJ8jkjBt08A>,0*53
\s:66,c:1782377492*49\!AIVDM,1,1,,A,16K2QD0P009jPclD2?L;2Ow00@Bi,0*7E
\s:66,c:1782377494*4F\!AIVDM,1,1,,A,13MBl2H000PhRh0Q1h`364O00L44,0*65
\s:66,c:1782377490*4B\!AIVDM,1,1,,A,16:4viP01H`WBA0DUn12hRNr28AD,0*58
\s:66,c:1782377490*4B\!AIVDM,1,1,,A,18I2eI001O8j5slCROadA9tp0d56,0*0E
\s:66,c:1782377493*48\!AIVDM,1,1,,B,15NKj=<00kq=p<N@mn>FAm320@Ce,0*2A
\s:66,c:1782377493*48\!AIVDM,1,1,,B,17tKobP0137FP3P0wsP4QCS000SN,0*0D
\s:66,c:1782377494*4F\!AIVDM,1,1,,B,13aORf001SP?Dv>MP=UtLqi42D2>,0*27
\s:66,c:1782377494*4F\!AIVDM,1,1,,B,19ABe1@000RCtALAq5u>41?428DC,0*2F
\s:66,c:1782377495*4E\!AIVDM,1,1,,A,18InjV0P007JFWv0f:ksD?w82@Do,0*57
\s:66,c:1782377495*4E\!AIVDM,1,1,,B,16?UjuwP08TvW@`<u5VMwOw420Rn,0*0F
\s:66,c:1782377488*42\!AIVDM,1,1,,A,33MBl2H0000hRgvQ1hWSPDMp0000,0*31
\g:1-2-5198460,s:66,c:1782377495*0B\!AIVDM,2,1,0,B,59NSO>`2=204CE1SD00m<>1H4q5DU<R0TT000016D0B<@ue?NF352k2P,0*71
\g:2-2-5198460*6A\!AIVDM,2,2,0,B,000000000000000,2*27
\s:66,c:1782377495*4E\!AIVDM,1,1,,B,16:?PLPP008faOhAQm2d9ww40H0p,0*3D
\s:66,c:1782377492*49\!AIVDM,1,1,,B,15E5ab001lrJKf4?1oucvqPt80RS,0*73
\s:66,c:1782377494*4F\!AIVDM,1,1,,B,13GR4gPP00P:mFDM<NM00?w42@D:,0*66
\s:66,c:1782377490*4B\!AIVDM,1,1,,B,368uUSPOh@`W2v6D`Pk;68pr20wP,0*14
\s:66,c:1782377489*43\!AIVDM,1,1,,A,B3Id`IP0@@69Dl6;QfjpjGf4CP06,0*5E
\g:1-2-5198461,s:66,c:1782377490*0F\!AIVDM,2,1,1,A,54eJJe@00003t000000<50E8000000000000000T0`5226g00520C2AP,0*51
\g:2-2-5198461*6B\!AIVDM,2,2,1,A,F00000000000008,2*5B
\s:66,c:1782377490*4B\!AIVDM,1,1,,B,B42PgDP0D03@bl5C4<hoWwfWt000,0*57
\s:66,c:1782377491*4A\!AIVDM,1,1,,B,19NSeB0027P=BJRN220816Bt0D3K,0*5E
\s:66,c:1782377493*48\!AIVDM,1,1,,A,13m:>i0000282ft`JV:9w7120@Cb,0*63
\s:66,c:1782377497*4C\!AIVDM,1,1,,A,B52n3`0006fd<V63m4T000N00000,0*76
\s:66,c:1782377487*4D\!AIVDM,1,1,,B,13R5a20P001d4iTEf28F2?vn053<,0*5F
\s:66,c:1782377488*42\!AIVDM,1,1,,A,13EieR0000wvS5LFTK`QVnLl2D2H,0*68
\s:66,c:1782377486*4C\!AIVDM,1,1,,B,DP5qoW1J<N?b<`O6D0,4*4C
\s:66,c:1782377489*43\!AIVDM,1,1,,B,18Hw2?012=7HODB0l3LL;ahn0<4u,0*58
\s:66,c:1782377487*4D\!AIVDM,1,1,,,35NNHkUP00FsKB0M7Maf4?vn0Dhr,0*06
\s:66,c:1782377485*4F\!AIVDM,1,1,,A,36:OSh1P008M5nBEwS=ho?vh0DRb,0*5E
\s:66,c:1782377488*42\!AIVDM,1,1,,B,17lj=J?P00WKoSL0Ts2i;Ovp2@@f,0*3B
\s:66,c:1782377489*43\!AIVDM,1,1,,B,13G1328Oi9vhJe@8IhiHno8t0HA@,0*0A
\s:66,c:1782377489*43\!AIVDM,1,1,,A,15MtFE?000G?gJRKA``L4mdr053<,0*13
\s:66,c:1782377490*4B\!AIVDM,1,1,,A,18I9g0000;POtLnO4q5agaJr08An,0*0D
\s:66,c:1782377490*4B\!AIVDM,1,1,,B,6>mW@V@00000>daOh000`00,2*3F
\s:66,c:1782377490*4B\!AIVDM,1,1,,B,15WR0`0000HRT2J:r9pFP6pp0`Ap,0*02
\s:66,c:1782377489*43\!AIVDM,1,1,,A,35MtFE0000G?gJTKA``<4Uep0000,0*59
\s:66,c:1782377488*42\!AIVDM,1,1,,A,15NL32PP00I`;<lAGjfhwOvn053<,0*2B
\s:66,c:1782377488*42\!AIVDM,1,1,,B,13`h72PP00PDC<FMdBs00?vp253<,0*2E
\s:66,c:1782377486*4C\!AIVDM,1,1,,A,37P1iG0OhL:lB@Kd`k8F64fl01sP,0*12
\s:66,c:1782377486*4C\!AIVDM,1,1,,A,13EdA8PP00P0Q00F>QL>4?vl253<,0*0F
\s:66,c:1782377485*4F\!AIVDM,1,1,,A,13M@DV0Oi<OqI5dON9L0GhDh0D0U,0*61
\s:66,c:1782377488*42\!AIVDM,1,1,,B,33M@DV0Oi<OqI6HON9i0G@Fp01sP,0*6B
\s:66,c:1782377490*4B\!AIVDM,1,1,,B,37P1iG0Oh@:lBA3d`jw6p58r00t@,0*4B
\s:66,c:1782377485*4F\!AIVDM,1,1,,A,13JmKb0wBkIPUst6uIJDGk`j08?d,0*7E
\s:66,c:1782377489*43\!AIVDM,1,1,,,13JmKb0vjkIPV1d6uI7lHC`r053<,0*74
\s:66,c:1782377491*4A\!AIVDM,1,1,,A,13Eh79PP00wW5hNDcS0h0?vv253<,0*1F
\s:66,c:1782377494*4F\!AIVDM,1,1,,B,16UM5F0P26WEnb<0vDDTOgw40<1T,0*1F
\s:66,c:1782377492*49\!AIVDM,1,1,,A,15Mw5mdP0Aq<ht8A27nEcUHp0000,0*0D
\s:66,c:1782377495*4E\!AIVDM,1,1,,A,19NSi0h0j=8`fC8>eaPQh1Q208DI,0*24
\s:66,c:1782377495*4E\!AIVDM,1,1,,B,19NSaPh026JRMpv5n92JJ8C208Do,0*34
\s:66,c:1782377495*4E\!AIVDM,1,1,,B,13@o4S001BPcb`:Q2cuN1:u42HDP,0*08
\s:66,c:1782377496*4D\!AIVDM,1,1,,A,B40agsP0=@=W<S`=dqL2T2N00000,0*23
\s:66,c:1782377496*4D\!AIVDM,1,1,,A,H40agsTUCBD4B<d82Inhlm1@1130,0*43
\s:66,c:1782377496*4D\!AIVDM,1,1,,A,H39vViT0000000042jjjl00P6120,0*2C
\s:66,c:1782377498*43\!AIVDM,1,1,,B,13aB8HgP00PEqFJMwChf4?w62HDT,0*7C
\s:66,c:1782377497*4C\!AIVDM,1,1,,A,152LMt3000J=JQDBFG1L=a980000,0*2D
\s:66,c:1782377479*4C\!AIVDM,1,1,,A,139pe5001A0PdI@Ne75tqTdd053<,0*32
\s:66,c:1782377485*4F\!AIVDM,1,1,,A,33v0mP00000mILlQ056Ho@Ap0000,0*5D
\s:66,c:1782377487*4D\!AIVDM,1,1,,B,16:8i0001S8;Ro2<qK4DJkTl08?K,0*04
\s:66,c:1782377487*4D\!AIVDM,1,1,,A,16:BI1001C8Lo=V=t0jsLa4n0D5p,0*05
\s:66,c:1782377490*4B\!AIVDM,1,1,,B,402E;?Avad`kNPBB6tMfwnO02D6n,0*54
\g:1-2-5198462,s:66,c:1782377484*09\!AIVDM,2,1,2,A,570s@j42?HdD7HG;?3I<QD`463;332222222221R6ivBB5dR0JFUC5A`,0*6D
\g:2-2-5198462*68\!AIVDM,2,2,2,A,4p0CPj4QiH88880,2*6F
\s:66,c:1782377481*4B\!AIVDM,1,1,,B,B3@ospP0=P;5P9Wpt>mtgwbQh0R=,0*72
\s:66,c:1782377485*4F\!AIVDM,1,1,,A,33mPAt80000Iq4<SbBCnw`Op0000,0*50
\s:66,c:1782377489*43\!AIVDM,1,1,,B,18HwHA0P00WL?2p0ibHv4?vh28>U,0*6D
\s:66,c:1782377490*4B\!AIVDM,1,1,,A,B3RTG300?`K0g85KI=a=Kwg5oP06,0*5F
\s:66,c:1782377490*4B\!AIVDM,1,1,,B,19NSP@@0051T99rDWo7Cv@Rv08Ag,0*76
\s:66,c:1782377490*4B\!AIVDM,1,1,,A,16:DDpP11rNleFD>DEAQ7Ppv0HAj,0*11
\s:66,c:1782377490*4B\!AIVDM,1,1,,A,19NSrA@0AsODdlJDtP8mHDDr0<0C,0*7B
\s:66,c:1782377491*4A\!AIVDM,1,1,,B,402:oSivad`kN03=0:LR3R?00L8D,0*0E
\s:66,c:1782377488*42\!AIVDM,1,1,,B,13aEQ3PP000ClefMEjLMK?vrR0SK,0*14
\s:66,c:1782377486*4C\!AIVDM,1,1,,A,15T8Rb2005ROJJ`@hQE9bJ@h0<0p,0*4D
\s:66,c:1782377486*4C\!AIVDM,1,1,,A,13biLr001LP?NDbMN4QKKa:j0@?<,0*4F
\s:66,c:1782377490*4B\!AIVDM,1,1,,A,18RBqlPvh;3O9L8@61mN304v00RL,0*5D
\s:66,c:1782377489*43\!AIVDM,1,1,,B,16:IOvUP018co3BFOcDv4?vp2P00,0*1E
\s:66,c:1782377487*4D\!AIVDM,1,1,,A,14hr:@0P00GWsJ0BbwkJ4wvp2000,0*0B
\s:66,c:1782377491*4A\!AIVDM,1,1,,A,13:rHr00571d1oRE`idMgK2r053<,0*0E
\s:66,c:1782377492*49\!AIVDM,1,1,,B,169?rf5P008fr@FADkfP8wvr0hBp,0*06
\s:66,c:1782377491*4A\!AIVDM,1,1,,A,13MBrt0020`a0OrDT7WkQBln0HB;,0*28
\s:66,c:1782377491*4A\!AIVDM,1,1,,B,16:>CkP01=8emDHA8uj=Drm00PS5,0*68
\s:66,c:1782377490*4B\!AIVDM,1,1,,A,35MwpW0000J@Hfl?ehn9aVsp0000,0*24
\s:66,c:1782377486*4C\!AIVDM,1,1,,B,E>k`tdf26V@@@@@@@@@@@@@@@@@=RUMJ<S?9p00003vP100,2*33
\s:66,c:1782377494*4F\!AIVDM,1,1,,A,19NSRBCP003hjP0>G7E>4?w428D1,0*63
\s:66,c:1782377491*4A\!AIVDM,1,1,,A,1:U8e90P00M?<2Cpe8LAK?vv053<,0*1D
\s:66,c:1782377492*49\!AIVDM,1,1,,A,B69D?dP0@R<InNTG5m@>p0?T0000,0*4D
\s:66,c:1782377488*42\!AIVDM,1,1,,,B3m>1g0000A?Ns9nqGT03wf5wP06,0*63
\s:66,c:1782377490*4B\!AIVDM,1,1,,A,14d0L8001lPD5ATHHVQHannt00SM,0*2E
\s:66,c:1782377489*43\!AIVDM,1,1,,A,16oa>:0wR3084mPEKRNaTWap08A6,0*12
\s:66,c:1782377492*49\!AIVDM,1,1,,B,B7ldNR000:6=uSOq<pQhSwP4kP06,0*55
\s:66,c:1782377492*49\!AIVDM,1,1,,A,13HjGn?P0`0BA0pHaOMMjOw20`C3,0*45
\s:66,c:1782377489*43\!AIVDM,1,1,,A,15QFsN8P01SQ@PH?i;oN4?vr20SN,0*67
\s:66,c:1782377488*42\!AIVDM,1,1,,A,352NWeSOh0JB2wrBjLn5FTCp0000,0*0B
\s:66,c:1782377494*4F\!AIVDM,1,1,,B,19NSe?P0it7hgwP:KAN4uT3200SI,0*78
\g:1-2-5198463,s:66,c:1782377493*0E\!AIVDM,2,1,3,A,569?rf80A78494TsB00lTpN19Dr37D0000000016:0N975OeN76R3mDj,0*5A
\g:2-2-5198463*69\!AIVDM,2,2,3,A,0CP000000000000,2*34
\s:66,c:1782377490*4B\!AIVDM,1,1,,A,33l9AK000012U?VDPHRP001p0000,0*59
\s:66,c:1782377490*4B\!AIVDM,1,1,,A,170s@j30P03Q=AH@<BgRsrnt0@AM,0*10
\s:66,c:1782377494*4F\!AIVDM,1,1,,B,16?UglPP01UFOGT7IaQlBOvv2l0K,0*07
\s:66,c:1782377492*49\!AIVDM,1,1,,A,13aJJDOP0cP9`7pM<q0Ioww22<2J,0*51
\s:66,c:1782377492*49\!AIVDM,1,1,,A,13GQ3DwP0GwiOFFDTQ<hrww02000,0*11
\s:66,c:1782377491*4A\!AIVDM,1,1,,B,16;@sr1P008R33BFEQ<Swgvp0d`@,0*4E
\s:66,c:1782377493*48\!AIVDM,1,1,,A,169OFH001U8c>w4?Nje886M20HCB,0*55
\s:66,c:1782377495*4E\!AIVDM,1,1,,B,1599c9O002pRO?0:ql9T0U?008DT,0*5C
\s:66,c:1782377492*49\!AIVDM,1,1,,B,18:jQe0P03`aC1d8GKfDUwvv28Cj,0*2B
\s:66,c:1782377487*4D\!AIVDM,1,1,,B,13aJGN7P00PC=SjMLIuT<?vn2@@:,0*0F
\s:66,c:1782377488*42\!AIVDM,1,1,,B,16:IeH001M8KV4hFBRg3ok8n053<,0*23
\s:66,c:1782377487*4D\!AIVDM,1,1,,B,B39Lp;P01P:kMeWh4ViMsweUh000,0*07
\s:66,c:1782377490*4B\!AIVDM,1,1,,A,16:DntPP138jFUBDaMH>000n2PS?,0*0A
\s:66,c:1782377490*4B\!AIVDM,1,1,,B,13aQ5MP0000CmO4MEmFVC4Bv0L;t,0*6F
\s:66,c:1782377486*4C\!AIVDM,1,1,,B,B3IQFhP0@`0WfcUSk:BaJ;4UoP06,0*1D
\s:66,c:1782377487*4D\!AIVDM,1,1,,A,13@p7lO000PhNT6Q1h2se7K4053<,0*4A
\s:66,c:1782377485*4F\!AIVDM,1,1,,A,13em4L:P0006U9HF@vhrL?vj2<26,0*13
\s:66,c:1782377491*4A\!AIVDM,1,1,,B,402=a@Qvad`kN06WM<MIK>oP0HB>,0*02
\s:66,c:1782377489*43\!AIVDM,1,1,,A,1:p;nug000rVG<H5rg:LT`j<0PRW,0*6C
\s:66,c:1782377487*4D\!AIVDM,1,1,,B,18?OA4@000bQGT9rVl3DW5Rl0<0H,0*57
\s:66,c:1782377479*4C\!AIVDM,1,1,,A,H40`nt0A8D4lTpN1=LU=<000000,2*39
\s:66,c:1782377488*42\!AIVDM,1,1,,A,H40`nt4T000000082Ilnkn1@4220,0*71
\g:1-2-5198464,s:66,c:1782377484*0F\!AIVDM,2,1,4,A,53UjG242A2ua=H7?;OPmiB0EHT50EA8tj0TTT01I7h@480000;AlPiU@,0*68
\g:2-2-5198464*6E\!AIVDM,2,2,4,A,000000000000000,2*20
\s:66,c:1782377486*4C\!AIVDM,1,1,,B,H3MBbA1HU<Ttp00000000000000,2*30
\s:66,c:1782377484*4E\!AIVDM,1,1,,B,H3MBbA4UCBD9m5j=<3Dk001p2140,0*06
\s:66,c:1782377491*4A\!AIVDM,1,1,,B,16;0M>50007K2Mt0fW>WKPvp053<,0*57
\s:66,c:1782377487*4D\!AIVDM,1,1,,,B3MBbA000<kl5=M@fA7Q3weQl000,0*59
\s:66,c:1782377482*48\!AIVDM,1,1,,B,B3uKLkP0:`C2cC`Q8;mC?wc1l<0A,0*01
\s:66,c:1782377485*4F\!AIVDM,1,1,,A,B5NDvK0006Qu:BQENAuemTN00000,0*70
\s:66,c:1782377487*4D\!AIVDM,1,1,,B,13nvU6002Lb:eipGp4AC;RVj0@@1,0*53
\s:66,c:1782377489*43\!AIVDM,1,1,,B,28TG9pQP02Wb3Fl5ojG>4?vr2<53,0*14
\s:66,c:1782377490*4B\!AIVDM,1,1,,A,177b7I0vAj8WdLN>fElQJA>B0<15,0*30
\s:66,c:1782377490*4B\!AIVDM,1,1,,A,35N1BiP000rd6LpG<CvJlFTv04bC,0*21
\s:66,c:1782377493*48\!AIVDM,1,1,,A,1592umoP00I2N0J;wec`POw008CG,0*3F
\s:66,c:1782377488*42\!AIVDM,1,1,,A,13aL>W0P000DJrHMdQQr9gvp053<,0*0D
\s:66,c:1782377487*4D\!AIVDM,1,1,,B,15?4Q>001M8Ah@:;FVt`;Vdp0H@3,0*1F
\s:66,c:1782377488*42\!AIVDM,1,1,,B,3774n`1001qTL>:@QS6UF`660Dg:,0*6F
\s:66,c:1782377489*43\!AIVDM,1,1,,B,B7`BQr00037wm`rfdL2fswfUT000,0*24
\s:66,c:1782377491*4A\!AIVDM,1,1,,A,13`gaSPP19PBSK8MN:MmRgvt253<,0*0D
\s:66,c:1782377491*4A\!AIVDM,1,1,,A,13ku9ph01NrB;lj5JSmevs8v28Bb,0*1C
\s:66,c:1782377492*49\!AIVDM,1,1,,B,16:LPr?000`LNov>0uoN45nl20S3,0*39
\s:66,c:1782377488*42\!AIVDM,1,1,,A,B7lddih00:5aUOwm<CwPwweRTD>K,0*5A
\s:66,c:1782377490*4B\!AIVDM,1,1,,A,369>Ush00012HkijokpIlwv00000,0*19
\s:66,c:1782377492*49\!AIVDM,1,1,,B,152J=n000WI=6Eh@tO=JSpK20<>K,0*2D
\s:66,c:1782377486*4C\!AIVDM,1,1,,B,1815`p@01FOh76>Dh7k:8p:n00SO,0*6D
\s:66,c:1782377492*49\!AIVDM,1,1,,B,33MD7K@OhMPN7jRNqFLSGRNr0130,0*26
\s:66,c:1782377490*4B\!AIVDM,1,1,,A,16:8hTPP008PFo0FFkbRswvf08C<,0*56
\s:66,c:1782377490*4B\!AIVDM,1,1,,,13n1K210001d=dd`JL4s67<r0000,0*44
\s:66,c:1782377490*4B\!AIVDM,1,1,,A,33mPJ;U0000hQwPQ1lqPllGp0000,0*3B
\s:66,c:1782377491*4A\!AIVDM,1,1,,A,169`V1500s`f9MhAkNTTajdt253<,0*34
\s:66,c:1782377494*4F\!AIVDM,1,1,,A,34RNM45000<P5GgbrhK`wo;40000,0*7C
\s:66,c:1782377490*4B\!AIVDM,1,1,,A,13EcEa7P0HP7NcLFA=v`TOvr2HAS,0*64
\s:66,c:1782377495*4E\!AIVDM,1,1,,B,28TG9pQP00Wb3Ff5ojEf4?w42<54,0*06
\s:66,c:1782377492*49\!AIVDM,1,1,,A,15OFO00P00oRnwlCDf`>4?vv0U3<,0*22
\s:66,c:1782377494*4F\!AIVDM,1,1,,,13n1K210001d=db`JL4s67=20000,0*03
\s:66,c:1782377492*49\!AIVDM,1,1,,A,13P=S;P00105NNHNp<qkA3O000RD,0*0E
\s:66,c:1782377488*42\!AIVDM,1,1,,B,16:5<u001S8e7U0ArfDTtCrr053<,0*71
\s:66,c:1782377493*48\!AIVDM,1,1,8,A,13MCs7h0028lO1=p75=hrju408Ci,0*47
\s:66,c:1782377490*4B\!AIVDM,1,1,,A,13crL00P00PqAhLEh5Dm0gvr0<1i,0*5B
\s:66,c:1782377495*4E\!AIVDM,1,1,,B,16;0M>50007K2Mt0fW>Wr@w00DAU,0*55
\s:66,c:1782377495*4E\!AIVDM,1,1,,A,177QTr0006Lbh`;iaMWbq7jt053<,0*59
\s:66,c:1782377492*49\!AIVDM,1,1,,B,13@p9b@Oh?0:1VvOIke:vD8v0pC1,0*73
\s:66,c:1782377495*4E\!AIVDM,1,1,,A,C4Gm3e@0LqkiKuPJ@R26oTN0JHhkKUUQcKkk:000000000D2RRR0,0*38
\s:66,c:1782377492*49\!AIVDM,1,1,,B,13m88?0P0016`pJWL:5==wvt00R6,0*4D
\s:66,c:1782377496*4D\!AIVDM,1,1,,B,1815RmPP003i<:D=lEF`Oww40`E:,0*69
\s:66,c:1782377496*4D\!AIVDM,1,1,,A,19NSmhP02cWrOtN8HuEhN@I20D3F,0*0B
\s:66,c:1782377492*49\!AIVDM,1,1,,A,33o<4H0Oh30n0jRQ>wrBP21p0000,0*70
\s:66,c:1782377496*4D\!AIVDM,1,1,,A,E>k`sPP`6:@1@@@@@@@@@@@@@@@=5p2E8dPw@00003vP100,2*6A
\s:66,c:1782377497*4C\!AIVDM,1,1,,B,B6<fpK0000E6Wds9LwsQ3wj5kP06,0*05
\s:66,c:1782377495*4E\!AIVDM,1,1,,A,13Hsc:002mPFkclHlh9P:PG628DK,0*50
\s:66,c:1782377496*4D\!AIVDM,1,1,,A,133V?v3OhGPCO`<MFC>aBWe8253<,0*0C
\s:66,c:1782377491*4A\!AIVDM,1,1,,A,17PB?A0P3=blGkGjGFimugw02<1<,0*7E
\s:66,c:1782377494*4F\!AIVDM,1,1,,B,19N`34@0230gKSDER8Bc6`o20L3=,0*09
\s:66,c:1782377497*4C\!AIVDM,1,1,,A,19AFce@P00RAI4pB0NBf4?w828Eg,0*55
\s:66,c:1782377492*49\!AIVDM,1,1,,A,13cjSD003pPFs3BG`2hbRHLt0d2>,0*08
\s:66,c:1782377497*4C\!AIVDM,1,1,,A,1815A7h01m1Gi<HPOLn8:nS<00RQ,0*0F
\s:66,c:1782377497*4C\!AIVDM,1,1,,B,16:JNePP@48gUR0ACUl288;800SD,0*78
\s:66,c:1782377497*4C\!AIVDM,1,1,,A,19NSiaP02?GugI4=NtTTkCi60<0R,0*60
\s:66,c:1782377498*43\!AIVDM,1,1,,A,13cjSD003pPFrotG`2hJQpM40d2=,0*32
\s:66,c:1782377486*4C\!AIVDM,1,1,,A,33n3B180000IolTSbEvdv9Ap0000,0*36
\s:66,c:1782377487*4D\!AIVDM,1,1,,A,37OmPtUP00:KBvOnCBBs3gvn0000,0*39
\s:66,c:1782377480*4A\!AIVDM,1,1,,A,353NI8?000JA2M@>sfEv1c=p0000,0*10
\s:66,c:1782377481*4B\!AIVDM,1,1,,B,13P7GW?P2@wlStLLCPRb??vb2<0H,0*30
\g:1-2-5198465,s:66,c:1782377487*0D\!AIVDM,2,1,5,A,56Tj?:82CO9tCMDJ220dm@>0mDl84V222222221:H`r9L5d?NORCSEC`,0*64
\g:2-2-5198465*6F\!AIVDM,2,2,5,A,888888888888880,2*21
\s:66,c:1782377488*42\!AIVDM,1,1,,A,18LKeB00127L3<l0gL@L<Ovn00Rf,0*5C
\s:66,c:1782377487*4D\!AIVDM,1,1,,B,155f8F001:3SvdF@K@?;u9Pf00S9,0*6C
\s:66,c:1782377485*4F\!AIVDM,1,1,,A,13ku8j001P0Q`ULE`ajk42Pj0H>h,0*46
\s:66,c:1782377486*4C\!AIVDM,1,1,,A,33aGsuHP0qPGmwLNMUWlaOvl0000,0*47
\s:66,c:1782377487*4D\!AIVDM,1,1,,B,13lf36000012GNbDR8=Ij5rn0<3h,0*0E
\s:66,c:1782377489*43\!AIVDM,1,1,,B,17ljn3p00073l102:fr8V8Rn0<0s,0*68
\s:66,c:1782377485*4F\!AIVDM,1,1,,B,15>rh>001w:?OnHGp97rBH>l0H?7,0*72
\s:66,c:1782377488*42\!AIVDM,1,1,,B,19NSeI80347e3il3;mdA50l@0D07,0*6D
\s:66,c:1782377488*42\!AIVDM,1,1,,B,339e510000PNvndMLErf46rpR@ji,0*5E
\s:66,c:1782377487*4D\!AIVDM,1,1,,A,388flk501hE<h1cnDfLlR3Qp0000,0*47
\s:66,c:1782377489*43\!AIVDM,1,1,,B,16:EaJQP0<`LfPh=uT3QSgvr2DBi,0*1A
\s:66,c:1782377491*4A\!AIVDM,1,1,,A,16;=1`V012`g0eRA56D8e?vr0000,0*73
\s:66,c:1782377491*4A\!AIVDM,1,1,,A,13UwJv001nWSFWV1v>BHA6W0253<,0*4D
\s:66,c:1782377488*42\!AIVDM,1,1,,A,13`fJohP00PIHCVM``9v4?vp2L1M,0*76
\s:66,c:1782377487*4D\!AIVDM,1,1,,B,17Ojl@0P3;bl@ukd`9a3awvl2D0e,0*52
\s:66,c:1782377488*42\!AIVDM,1,1,,B,18LkSn1000W=kIh7PVspuVDn28?k,0*72
\s:66,c:1782377488*42\!AIVDM,1,1,,A,B5O3C7000Epa3MTlfDOQ3wf1h8@R,0*16
\s:66,c:1782377483*49\!AIVDM,1,1,,B,13m=EIP000PFEB`SEr1Fojbb0<0h,0*28
\s:66,c:1782377489*43\!AIVDM,1,1,,B,17ldpVAP007aDjKTbQbv4?vT2U3<,0*1D
\s:66,c:1782377483*49\!AIVDM,1,1,,B,13WakT?000wVoR<DRWpcW7ld0@=e,0*13
\s:66,c:1782377481*4B\!AIVDM,1,1,,A,19NSVRh02?OP04fJqGtA4Pp`00SG,0*36
\s:66,c:1782377488*42\!AIVDM,1,1,,,13n3B180000IoldSbEvtva@p0U3<,0*66
\s:66,c:1782377487*4D\!AIVDM,1,1,,A,15TKe>0w@bSQgIt?nfW;Ha<l253<,0*71
\s:66,c:1782377493*48\!AIVDM,1,1,,A,16:ICoPP008fkbhAQ6C1iOvt08BO,0*34
\s:66,c:1782377489*43\!AIVDM,1,1,,A,19NS=u@02715uu>EB3kCV2qR0000,0*6F
\s:66,c:1782377493*48\!AIVDM,1,1,,B,15?divP01bvePnV;snk7hV:v0L3>,0*54
\s:66,c:1782377490*4B\!AIVDM,1,1,,A,15U?B00P0mrChkp57i4e4gvt2HB0,0*26
\s:66,c:1782377493*48\!AIVDM,1,1,,A,17Ojl@0P3;blABqd`9OCj?w22<0e,0*47
\s:66,c:1782377486*4C\!AIVDM,1,1,,A,33m6G<00000kQnNU8k3pjW3p0000,0*17
\s:66,c:1782377491*4A\!AIVDM,1,1,,A,B4eIA2000=bp71WiFjElqMv00000,0*57
\s:66,c:1782377493*48\!AIVDM,1,1,,A,B7ldgG@00:6<sMOp>?JlswP4kP06,0*70
\s:66,c:1782377495*4E\!AIVDM,1,1,,A,139V0NPOiL0W19@Nb1lUvTs80D2s,0*58
\s:66,c:1782377495*4E\!AIVDM,1,1,,A,16:8`60P00`8<uP<wT3f4?w4253<,0*5E
\s:66,c:1782377495*4E\!AIVDM,1,1,,B,13aGtpP0?w0BMK0MfCE>44s4P0Rf,0*69
\s:66,c:1782377495*4E\!AIVDM,1,1,,A,15?dR:001J2wVKkgCehBojC408Df,0*6A
\s:66,c:1782377496*4D\!AIVDM,1,1,,A,19NSdrh02tG1Lu:?aGasQIG208E8,0*5D
\s:66,c:1782377496*4D\!AIVDM,1,1,,A,169AEv00008f`NDARKqJVkM808Dg,0*5E
\s:66,c:1782377492*49\!AIVDM,1,1,,A,701u<10rEwFH,0*16
\s:66,c:1782377494*4F\!AIVDM,1,1,,B,13m6N;P000QdCnF`Kq;f4434253<,0*3F
\s:66,c:1782377496*4D\!AIVDM,1,1,,A,13ku:s002:OOamfJmT@120k408E3,0*30
\s:66,c:1782377496*4D\!AIVDM,1,1,,A,16oa>;@01nPNc=jEb3e:CpC20@E4,0*27
\s:66,c:1782377496*4D\!AIVDM,1,1,,B,33@p@N<P@l0qqgnOouah`hK600wP,0*6C
\s:66,c:1782377498*43\!AIVDM,1,1,,B,33cj@u0OiI0tdetCpWtT8SE6011P,0*4B
\s:66,c:1782377492*49\!AIVDM,1,1,,A,15N5pLPP1;rS:7pEA@cGEOw00000,0*1E
\s:66,c:1782377487*4D\!AIVDM,1,1,,A,B3meLr0008MfL>b9nG60Owe5oP06,0*15
\s:66,c:1782377485*4F\!AIVDM,1,1,,A,33mOVv50000G=w4S@ETot2Bl0Dab,0*5A
\s:66,c:1782377489*43\!AIVDM,1,1,,A,1912sfhP00POUuJE6nvmvwvt28AC,0*78
\s:66,c:1782377487*4D\!AIVDM,1,1,,A,16?UmvPP005FN>j7I0iW<wvj00RW,0*1B
\s:66,c:1782377485*4F\!AIVDM,1,1,,A,15Mu1EP000rds:66,0*2D
\s:66,c:1782377488*42\!AIVDM,1,1,,A,13F2h2PP0106UPpFA2bIuwvp20SR,0*61
\s:66,c:1782377487*4D\!AIVDM,1,1,,B,33JDmf7P@iOQqw:KEfhSq3<n011P,0*6F
\s:66,c:1782377486*4C\!AIVDM,1,1,,B,38HwB8POhs7K5wp0e<6dWr8v01uh,0*6D
\s:66,c:1782377490*4B\!AIVDM,1,1,,A,13ku:sPrR10VnfhNcN4<Jqhr053<,0*74
\s:66,c:1782377484*4E\!AIVDM,1,1,,A,39NSami000IAit2A;9Jh`br`0000,0*32
\s:66,c:1782377487*4D\!AIVDM,1,1,,A,16K2Afh000ajSI<D3BC;;`Ln2<2l,0*6E
\s:66,c:1782377484*4E\!AIVDM,1,1,,A,33aN`i@01>OSBevDrA:5lTep0000,0*67
\s:66,c:1782377491*4A\!AIVDM,1,1,,A,1815Mk@vP=2flR@=40hFI6jr053<,0*06
\s:66,c:1782377492*49\!AIVDM,1,1,,A,19NS9j@22>MvMejH@?BT;kDt0D05,0*57
\s:66,c:1782377487*4D\!AIVDM,1,1,,A,13aDoHgP0RPG?wbN1L>C7gvn253<,0*40
\g:1-2-5198466,s:66,c:1782377487*0E\!AIVDM,2,1,6,A,53o3;5400000hSKC?H0Dhh40000000000000001?0P;66000004h`1RD,0*09
\g:2-2-5198466*6C\!AIVDM,2,2,6,A,j1PDS@000000000,2*7E
\s:66,c:1782377488*42\!AIVDM,1,1,,A,13cc3??P00Pbr1vG`?@f4?vp2000,0*71
\s:66,c:1782377487*4D\!AIVDM,1,1,,B,144efGPP009Kg:HH`wJh0?vl253<,0*57
\s:66,c:1782377489*43\!AIVDM,1,1,,A,18R=FI003?NgrFH7wn;W;Uo80D0g,0*4E
\s:66,c:1782377483*49\!AIVDM,1,1,,A,142LU7P01`PuoGNCr9JLjb@f00Ri,0*56
\s:66,c:1782377490*4B\!AIVDM,1,1,,A,14hE;n001aPfgdjQ5bpIAWNp0@AV,0*24
\s:66,c:1782377490*4B\!AIVDM,1,1,,B,402FhSivad`kN18Mt8F6Dk700@AV,0*06
\s:66,c:1782377491*4A\!AIVDM,1,1,,A,H6:dJAA`PtpN0P4V1UDr3O;T000,2*47
\s:66,c:1782377491*4A\!AIVDM,1,1,,A,H6:dJAE6u2@B?F100000008@6860,0*33
\s:66,c:1782377493*48\!AIVDM,1,1,,A,142LQkAP?w<tSF0l4Q@>4?wv0`C8,0*05
\s:66,c:1782377493*48\!AIVDM,1,1,,A,18R=FI003<NgrE`7wmHGBmo@0D0g,0*3F
\s:66,c:1782377487*4D\!AIVDM,1,1,,A,33o3;500000psjDU@D0jHbEp0000,0*7D
\s:66,c:1782377489*43\!AIVDM,1,1,,A,33d1Aq01R;21KVRDoLh4C3Up0000,0*09
\s:66,c:1782377486*4C\!AIVDM,1,1,,A,ENk`tats@@@@@@@@@@@@@@@@@@@=C3MM;Bu1H00003vP000,2*6B
\s:66,c:1782377493*48\!AIVDM,1,1,,B,13MAES@00i7M7PB0h11jkBS00<9j,0*6C
\g:1-2-5198467,s:66,c:1782377490*09\!AIVDM,2,1,7,A,58I>0L80@GR3UH87J20Dn1<P58huA@F22222221@<8B5>5dE0?4is@AD,0*7E
\g:2-2-5198467*6D\!AIVDM,2,2,7,A,0p8888888888880,2*63
\s:66,c:1782377490*4B\!AIVDM,1,1,,A,13en:h001hQ;tLFD::SK@a0p0@AV,0*6A
\s:66,c:1782377490*4B\!AIVDM,1,1,,B,23P<:DP02dP6KRnMehQCC2Vp0<6a,0*4F
\s:66,c:1782377490*4B\!AIVDM,1,1,,B,25?KMv50007b4bv5s1M;EWNr0@AF,0*45
\g:1-2-5198468,s:66,c:1782377493*05\!AIVDM,2,1,8,B,534@ff82?>Qhtpe000060h60l58TpD0000000017C8B==5`90Hi6Q2Q@,0*50
\g:2-2-5198468*62\!AIVDM,2,2,8,B,000000000000000,2*2F
\s:66,c:1782377492*49\!AIVDM,1,1,,A,139a74P000PeU7rN`oWM3H:r053<,0*58
\s:66,c:1782377492*49\!AIVDM,1,1,,B,18HwB8POho7K5uh0e<NtmJE<08Bc,0*01
\s:66,c:1782377490*4B\!AIVDM,1,1,,A,38HwB8POhs7K5vh0e<Bdhr?400vh,0*7B
\s:66,c:1782377488*42\!AIVDM,1,1,,B,13aBLnPP00PFH>JMvuwf4?vn2H@D,0*3E
\s:66,c:1782377490*4B\!AIVDM,1,1,,B,19NSh7P0228fqDlAoTnDLkVt0HAf,0*02
\s:66,c:1782377490*4B\!AIVDM,1,1,,A,36:Ju6UP008ghgRACa;N4?v`0Dg:,0*35
\s:66,c:1782377492*49\!AIVDM,1,1,,B,177f?n002W`=t`6<VFUk1RHr0<2T,0*18
\s:66,c:1782377490*4B\!AIVDM,1,1,,A,13JDmf7OhjOQr1hKEfg3lkFv0<1D,0*1C
\s:66,c:1782377495*4E\!AIVDM,1,1,,A,13EeRWg01KOwP`8F`P>I@WE60<13,0*77
\g:1-2-5198469,s:66,c:1782377491*06\!AIVDM,2,1,9,A,55O5Bu`00001L@kG338PE8=DhE>222222222220l1`>6640Ht0000000,0*56
\g:2-2-5198469*63\!AIVDM,2,2,9,A,000000000000000,2*2D
\s:66,c:1782377495*4E\!AIVDM,1,1,,B,16lNDp851:7Jtk@0b`G6j5W200SF,0*7C
\g:1-2-5198470,s:66,c:1782377491*0E\!AIVDM,2,1,0,A,53Hpk6422ESLHMH:220IiJ1H4hDq<<ThhT63:20N18733<0Ht0000000,0*68
\g:2-2-5198470*6B\!AIVDM,2,2,0,A,000000000000000,2*24
\s:66,c:1782377498*43\!AIVDM,1,1,,A,B39IpRP0>owVQB75Hs>gSwiUoP06,0*47
\s:66,c:1782377497*4C\!AIVDM,1,1,,A,36;22j5P00`gBo0A>q=Vpgw40DLb,0*66
\s:66,c:1782377486*4C\!AIVDM,1,1,,A,33meEp001g0uQOBV>fcqkWmp0000,0*69
\s:66,c:1782377470*45\!AIVDM,1,1,,B,19NSV@00j58R<HT04fGG`60@0@5V,0*64
\s:66,c:1782377487*4D\!AIVDM,1,1,,B,13mE>r001I0hm8JR@pj`BV`p0<2J,0*64
\g:1-2-5198471,s:66,c:1782377488*07\!AIVDM,2,1,1,B,59t6TiH1vs;3TiG;SGH4l4qV15DDDp0000000016000005cP0?QAp10C,0*6A
\g:2-2-5198471*6A\!AIVDM,2,2,1,B,@00000000000000,2*56
\s:66,c:1782377486*4C\!AIVDM,1,1,,A,B6lM>T00?9n`Cj0;K<AROw`RT@Mi,0*6D
\s:66,c:1782377489*43\!AIVDM,1,1,,A,16:QdPPP00`KNmP=ve>h0?vr2D0s,0*60
\s:66,c:1782377486*4C\!AIVDM,1,1,,B,14`Uv9k0000r2qnCJC@R3iRh0PSc,0*06
\s:66,c:1782377489*43\!AIVDM,1,1,,A,15N`oN<000q<rI`@wt6:8Rlr0000,0*0C
\s:66,c:1782377487*4D\!AIVDM,1,1,,B,13m>PQ?P00Q2lspWA4MN4?vl20SS,0*24
\s:66,c:1782377488*42\!AIVDM,1,1,,B,199<B60003a9hvjClAK8G3Mp1PSC,0*56
\s:66,c:1782377488*42\!AIVDM,1,1,,B,162?@;@0030V3m8F5pvr;A2`053<,0*02
\s:66,c:1782377484*4E\!AIVDM,1,1,,A,15IHc>0005KUP1b5mLG:vk2h0D0p,0*7C
\s:66,c:1782377487*4D\!AIVDM,1,1,,A,137qpV0OiA8hb?L@tRFcK9lj8@?l,0*4E
\g:1-2-5198472,s:66,c:1782377488*04\!AIVDM,2,1,2,A,53Ja6V42=sMoTP7?7S@E@tThD000000000000017DhdB<ud;0C@lRDm3,0*2C
\g:2-2-5198472*69\!AIVDM,2,2,2,A,hPC80CPj0000000,2*2C
\s:66,c:1782377488*42\!AIVDM,1,1,,B,1ERuF:0P00rC9a85=mQv4?v62000,0*30
\s:66,c:1782377485*4F\!AIVDM,1,1,1,,B39i7H00086R477Sl2SQ3wh5oP06,0*7F
\s:66,c:1782377488*42\!AIVDM,1,1,,A,33`d`8UP00PFDMNMul;>4?vp2Do:,0*51
\s:66,c:1782377488*42\!AIVDM,1,1,,,B5OC@c000FqMfJQQjPvqswf5kP06,0*0E
\s:66,c:1782377487*4D\!AIVDM,1,1,,A,33cwBS50000EFTdN1a<M1:@n0000,0*6F
\s:66,c:1782377487*4D\!AIVDM,1,1,,B,13n6rV001W0L4I6Qft11VQ@l0@@8,0*6A
\s:66,c:1782377491*4A\!AIVDM,1,1,,A,18I01NPP3k7KO4h0f4t2Gwvt08BI,0*0B
\s:66,c:1782377488*42\!AIVDM,1,1,,B,13fIwf011nwSBuhK``OHVVlh0@@S,0*17
\s:66,c:1782377485*4F\!AIVDM,1,1,,A,16;=3qP01T`hS<FAgDcT2S0j00S>,0*42
\s:66,c:1782377491*4A\!AIVDM,1,1,,A,13wkrgP004WKU<h0fjAt@RI000SD,0*21
\s:66,c:1782377492*49\!AIVDM,1,1,,A,33l9<bUP03Q2IHFDRquN4?w02361,0*19
\s:66,c:1782377473*46\!AIVDM,1,1,,B,36:<B7QP008NGNHFAIqTbgwp0000,0*0C
\s:66,c:1782377493*48\!AIVDM,1,1,,B,39NSsrE0002CtJDApkcF@aM40E@b,0*3D
\s:66,c:1782377490*4B\!AIVDM,1,1,,B,4025=nAvad`kMPUUwjNIRog02D2S,0*36
\s:66,c:1782377491*4A\!AIVDM,1,1,,A,B3P<N;000?wdjC7AHBGQ3wP5oP06,0*09
\s:66,c:1782377493*48\!AIVDM,1,1,,A,13n6rV0PAR0L4PrQftW1T1?2053<,0*06
\s:66,c:1782377494*4F\!AIVDM,1,1,,A,139v@7POi;0eUvnNWK0br8s608D;,0*31
\s:66,c:1782377494*4F\!AIVDM,1,1,,B,19NSK6h0i;Ouh7`2mTLaHGM20<0:,0*12
\g:1-2-5198473,s:66,c:1782377473*01\!AIVDM,2,1,3,A,56:<B7P000010MMC220P4V1@tpN1ADv37?P0000l0hS365dCN8PiQ888,0*32
\g:2-2-5198473*68\!AIVDM,2,2,3,A,888888888888880,2*27
\s:66,c:1782377493*48\!AIVDM,1,1,,,B5OC@c0006qMfJQQjPvqswhUkP06,0*10
\s:66,c:1782377494*4F\!AIVDM,1,1,,B,133hsQP000PCJc6MEkf2woA00@DJ,0*12
\s:66,c:1782377494*4F\!AIVDM,1,1,,A,16KB9<0wRWNegwt;=caeuc9208DA,0*51
\s:66,c:1782377489*43\!AIVDM,1,1,,B,18I<Jp001c0sn3tOEL:k`jlp0@AL,0*27
\s:66,c:1782377495*4E\!AIVDM,1,1,,B,B6bc4F006pp5NKT9;f`Fwwi20000,0*69
\s:66,c:1782377495*4E\!AIVDM,1,1,,A,18I01NPP3j7KO<40f5MjEgw4053<,0*64
\s:66,c:1782377492*49\!AIVDM,1,1,,A,13Ei9?WP0DOdN4NDqh0a??w008Bm,0*0E
\s:66,c:1782377491*4A\!AIVDM,1,1,,B,15NUBJ001KIUB8B@N3B:`HPv053<,0*2D
\s:66,c:1782377495*4E\!AIVDM,1,1,,A,33meEp001g0uQ86V>fC9kWmp0000,0*02
\s:66,c:1782377495*4E\!AIVDM,1,1,,B,1393WF00010n?2uu@uaPrBq608Dq,0*20
\s:66,c:1782377495*4E\!AIVDM,1,1,,B,402:p0Qvad`kROinHtKsTEg0053<,0*12
\s:66,c:1782377496*4D\!AIVDM,1,1,,A,16:5OqPP1p8gu1vA`rb9?@I62U3<,0*5C
\s:66,c:1782377495*4E\!AIVDM,1,1,,B,13o?jb0PB<0L9gNSgqbDuSo40@DU,0*72
\s:66,c:1782377495*4E\!AIVDM,1,1,,A,35NBsrP000J5>KJ?p:7h001p0000,0*66
\s:66,c:1782377497*4C\!AIVDM,1,1,,B,13bNed001@PA9w<MJ4Qd8qi808Ea,0*2A
\s:66,c:1782377498*43\!AIVDM,1,1,,B,16KNep01@@4EhH@=?rc=pS?6053<,0*2C
\s:66,c:1782377487*4D\!AIVDM,1,1,,A,168uVfP0088Vgu2DaSkktBvl08?h,0*7F
\s:66,c:1782377488*42\!AIVDM,1,1,,A,E>k`ueN1WV64Ra@623h@@@@@@@@=NvbI;qb`P00003vP100,2*06
\s:66,c:1782377490*4B\!AIVDM,1,1,,A,38JpIl0P@U7LEo60gLGK`Hdl010h,0*4E
\s:66,c:1782377487*4D\!AIVDM,1,1,,A,35O?f750P0J4k98?w6DSeUcp0000,0*3A
\s:66,c:1782377484*4E\!AIVDM,1,1,,B,15O=nW`000rAT?H?BEAN45Lh253<,0*30
\s:66,c:1782377483*49\!AIVDM,1,1,,A,16:dLv@P00`e8KhAtht>4?vh2<5Q,0*23
\s:66,c:1782377485*4F\!AIVDM,1,1,,,B7`BbmP00K5aveqhj@rEKwdUoP06,0*53
\s:66,c:1782377486*4C\!AIVDM,1,1,,B,13Q;:KPP0>wWL`JDcgJ1cgvf2`>W,0*60
\s:66,c:1782377490*4B\!AIVDM,1,1,,B,D02AaJ1UHNfp00O6EFhO6D0,2*60
\s:66,c:1782377488*42\!AIVDM,1,1,,A,1815?aP01iwlKI:LRvORr2DV0<1B,0*36
\g:1-2-5198474,s:66,c:1782377487*0D\!AIVDM,2,1,4,B,59NSsa82>JWWDi`7T015DDDr0:0TTT000000001?D`>I3=d<0G3F0kh@,0*57
\g:2-2-5198474*6F\!AIVDM,2,2,4,B,000000000000000,2*23
\s:66,c:1782377487*4D\!AIVDM,1,1,,A,13mphF001iP8DsPE5dFb@p>h0000,0*16
\s:66,c:1782377488*42\!AIVDM,1,1,,B,19NSgOh2Bb0CGeIhHQ?4dknn00Rc,0*3E
\s:66,c:1782377489*43\!AIVDM,1,1,,A,13lBe63007Pr2U4CJqLQV2>r0L3M,0*63
\s:66,c:1782377487*4D\!AIVDM,1,1,,B,H5OGmVTU7B=4000G4Anihh1P<330,0*7E
\s:66,c:1782377493*48\!AIVDM,1,1,,B,402AaJ1vad`kPQ26fNIskFG00D2=,0*06
\s:66,c:1782377492*49\!AIVDM,1,1,,A,35O?f75w@0J4k98?w6DCG5cp0000,0*3F
\s:66,c:1782377489*43\!AIVDM,1,1,,B,13s=;fgP00OH;<bGT6i00?vr2@AB,0*67
\g:1-2-5198475,s:66,c:1782377493*09\!AIVDM,2,1,5,A,59NSsa82>JWWDi`7T015DDDr0:0TTT000000001?D`>I3=d<0G3F0kh@,0*55
\g:2-2-5198475*6E\!AIVDM,2,2,5,A,000000000000000,2*21
\s:66,c:1782377491*4A\!AIVDM,1,1,,B,35DD=V5000PBkT4Mg5QQ@3Tn0Dg:,0*2B
\s:66,c:1782377491*4A\!AIVDM,1,1,,A,16:Qj8POhL8LN8h=w`PPmSNt08Ap,0*5E
\s:66,c:1782377492*49\!AIVDM,1,1,,B,168sOd000189<mP<ppms6Wjv00R>,0*70
\s:66,c:1782377494*4F\!AIVDM,1,1,,,B7`BbmP00;5aveIhj@nEKwhUoP06,0*0B
\s:66,c:1782377493*48\!AIVDM,1,1,,B,199?Hs@000PdB4n2BlSN40m22@Cl,0*4B
\s:66,c:1782377491*4A\!AIVDM,1,1,,B,334;7F10000`Qm<IIr`18Gfr0E5r,0*70
\s:66,c:1782377491*4A\!AIVDM,1,1,,A,16:Eas33P2SekIn??SRP09`v2DA=,0*10
\s:66,c:1782377492*49\!AIVDM,1,1,,A,148`m23000QPmErOnHn6mDi020SR,0*3E
\s:66,c:1782377491*4A\!AIVDM,1,1,,A,1815G1002:PO4w@ES6<2ujL`0<4J,0*26
\s:66,c:1782377491*4A\!AIVDM,1,1,,B,402FhVivad`kO1?96TG@oiW0053<,0*0C
\s:66,c:1782377491*4A\!AIVDM,1,1,,B,14`V0oS0000JWh`O5h4;dnTt80S1,0*52
\s:66,c:1782377493*48\!AIVDM,1,1,,A,155dC:PP0MSi5SJ=lQ1siww02HCF,0*05
\s:66,c:1782377493*48\!AIVDM,1,1,,B,16TspF?000QDI=?dUr9GQD2t00Rl,0*32
\s:66,c:1782377490*4B\!AIVDM,1,1,,A,13:4d>P000PoE;jO0<aHs@2t0`AW,0*62
\s:66,c:1782377495*4E\!AIVDM,1,1,,B,35?dL=001aKUc?H65f25;TA404kC,0*07
\s:66,c:1782377494*4F\!AIVDM,1,1,,,B5O@pwP0>6`i6OTvDb``Owi1h000,0*3C
\g:1-2-5198476,s:66,c:1782377488*00\!AIVDM,2,1,6,B,53mvVu800000hU14001=H4pPTh@000000000000T2H433ud906Dm0EQD,0*4F
\g:2-2-5198476*6D\!AIVDM,2,2,6,B,SP0000000000000,2*22
\s:66,c:1782377496*4D\!AIVDM,1,1,,B,C6:`FEP00226JM3@4tg?Swv0HB@2L?eech0000000000S4@55RPP,0*14
\s:66,c:1782377493*48\!AIVDM,1,1,,B,33Ijuh7P0Rwd1O2K@f@6;gw424UC,0*55
\s:66,c:1782377491*4A\!AIVDM,1,1,,A,83`enC0j2d<dt=N<tPD`AhMh5u00,0*26
\s:66,c:1782377497*4C\!AIVDM,1,1,,B,142ORi@P@52mKvCucpTDJBi400S?,0*6D
\s:66,c:1782377497*4C\!AIVDM,1,1,,B,16SrUc0P00a=QeTD4cKBhb;82L7V,0*65
\s:66,c:1782377489*43\!AIVDM,1,1,,B,B3:41W0008:q`c5obQwQ3weQl000,0*1F
\s:66,c:1782377493*48\!AIVDM,1,1,,B,B5O=lI00Bp5mQTUsuTPG7wgQl000,0*50
\s:66,c:1782377496*4D\!AIVDM,1,1,,A,17mRNLHP00`=o<9vdb:P0?w4253<,0*6C
\s:66,c:1782377491*4A\!AIVDM,1,1,,A,13aL7v0P1KPGUnFNKVJ<LgvtR0SW,0*52
\s:66,c:1782377495*4E\!AIVDM,1,1,,B,2697KSP01u7b9Hh5nk71@0k208<v,0*02
\s:66,c:1782377493*48\!AIVDM,1,1,,B,13l3ncPPQ0`oDoRCpDP;W9S000Rg,0*46
\s:66,c:1782377490*4B\!AIVDM,1,1,,A,H7Op3BQ04TdD622222222222220,2*00
\s:66,c:1782377495*4E\!AIVDM,1,1,,B,H7Op3BTU1=30000@19;51P0h844t,0*19
\s:66,c:1782377496*4D\!AIVDM,1,1,,A,3JpDsMp000Jaofl6>U8>45Nv0P5@,0*2C
\s:66,c:1782377496*4D\!AIVDM,1,1,,A,1815>r@01rJ?PDTB?JbKM9=:08EK,0*0A
\s:66,c:1782377497*4C\!AIVDM,1,1,,A,35NvLa0000GRnPFCCo5CA37802oA,0*10
\s:66,c:1782377478*4D\!AIVDM,1,1,,B,19NSqq001q2f@?KfpuNjTR4T0@:V,0*2D
\s:66,c:1782377486*4C\!AIVDM,1,1,,A,33wkq;QOP11Ni<pF6bHCgEVj0000,0*52
\s:66,c:1782377485*4F\!AIVDM,1,1,,A,13cn:;002f0KknVEJv@3G2bl0L2A,0*2A
\s:66,c:1782377482*48\!AIVDM,1,1,,A,14S9?F002T0SG2FNvVedF9rh053<,0*06
\s:66,c:1782377484*4E\!AIVDM,1,1,,B,14eGLiPP0tG;Q60L2Vh54wvj0@>L,0*60
\s:66,c:1782377489*43\!AIVDM,1,1,,A,16:@QVP01J`g@m0AhWNT6kBp2<i;,0*0A
\s:66,c:1782377488*42\!AIVDM,1,1,,B,17m3vV@0117LANJ0dWEC6BLr00RH,0*46
\s:66,c:1782377484*4E\!AIVDM,1,1,,A,B7lcU5P06b3MkvObk>c8Gwv6oP06,0*01
\s:66,c:1782377490*4B\!AIVDM,1,1,,A,16;Usb001A8hAMPAk2JJe`hr08AH,0*24
\s:66,c:1782377491*4A\!AIVDM,1,1,,A,B7liUch009o13tP:d2d03wg4kP06,0*6A
\s:66,c:1782377487*4D\!AIVDM,1,1,,A,18Lg42PP007=dFL7NOJv4?vr2PS<,0*6E
\g:1-2-5198477,s:66,c:1782377491*09\!AIVDM,2,1,7,A,5qNSMUp2<s7lCDt7H00m<>04@U@T000000000017F0f<B5`b0LBiC@P@,0*78
\g:2-2-5198477*6C\!AIVDM,2,2,7,A,000000000000000,2*23
\s:66,c:1782377491*4A\!AIVDM,1,1,,B,19NS`Qh00F5OMcj4b8w3g0Vr0L0L,0*48
\s:66,c:1782377492*49\!AIVDM,1,1,,A,16:B92P0158g4p4AhiCCpk;00HBh,0*1B
\s:66,c:1782377492*49\!AIVDM,1,1,,B,13E`bo?P0BP=L0NGh@q:oOw02<07,0*07
\s:66,c:1782377487*4D\!AIVDM,1,1,,B,1Ch;WG0P2MvE`D:Uo:=nNOvl2000,0*6C
\s:66,c:1782377488*42\!AIVDM,1,1,,B,13`m:9002P01GjROnoH6fEFj88@K,0*01
\s:66,c:1782377489*43\!AIVDM,1,1,,B,18I1EP001E1?:rcdP@74Kkhf08A6,0*36
\s:66,c:1782377489*43\!AIVDM,1,1,,B,33fGg<5001PR0UNI1cJS0Wnr0Dj:,0*2F
\s:66,c:1782377490*4B\!AIVDM,1,1,,B,15NFMv0000G?b26EdhQE9lLt00S=,0*52
\s:66,c:1782377487*4D\!AIVDM,1,1,,B,B3cUpW00=P;Nrb69C>i=SweQh000,0*23
\s:66,c:1782377491*4A\!AIVDM,1,1,,B,19NSNUP01nOdJndJ1RH68lq00HBN,0*49
\s:66,c:1782377490*4B\!AIVDM,1,1,1,B,13n3OJP1h01cKa:`>1Wp9DJr00Si,0*02
\s:66,c:1782377487*4D\!AIVDM,1,1,,A,15?dOT?0h13N8:R@@SDPRRbf0=?U,0*3D
\s:66,c:1782377491*4A\!AIVDM,1,1,,A,19t6V:@01QR1@8hGGUKr>H6t08Aw,0*05
\s:66,c:1782377491*4A\!AIVDM,1,1,,A,133qjePP000CGeNMDt?tSgvv2<5r,0*3D
\s:66,c:1782377483*49\!AIVDM,1,1,,A,15NLUEU012reTO>G=Lt:6HHh0000,0*42
\s:66,c:1782377493*48\!AIVDM,1,1,,A,28SRvQUP00W`eVj68h`leOvt0<3A,0*5D
\s:66,c:1782377495*4E\!AIVDM,1,1,,A,16:8;20P008KljhF@iwaJgw40HDR,0*2E
\s:66,c:1782377495*4E\!AIVDM,1,1,,A,13aGuA0P00PDG=bMdtv@0?w62@D`,0*29
\s:66,c:1782377495*4E\!AIVDM,1,1,,B,15?DHn002<5q3<84Vdh040;60<0`,0*0A
\s:66,c:1782377492*49\!AIVDM,1,1,,A,B3@pbs@00@=Qj47vBisQ3wh1j4Q1,0*2F
\s:66,c:1782377495*4E\!AIVDM,1,1,,B,1815U`h004oTa;LBv2nRKEDJ0<2t,0*1C
\s:66,c:1782377491*4A\!AIVDM,1,1,,B,1815?n001A64Nw@3INebI8Dt00S?,0*6C
\s:66,c:1782377480*4A\!AIVDM,1,1,,A,1911agh01LPuIwLDPvfu7bLV0H<2,0*12
\s:66,c:1782377485*4F\!AIVDM,1,1,,A,15Nd<ePP00re=PlGD<P@0?vh2000,0*7B
\s:66,c:1782377481*4B\!AIVDM,1,1,,B,277mTV10009iv7dD0R?to66b053<,0*66
\s:66,c:1782377484*4E\!AIVDM,1,1,,B,B3Epqd00BwfFLQT1c>7OswcUoP06,0*37
\s:66,c:1782377483*49\!AIVDM,1,1,,B,13u?o3?01n1D8bPQl1wkQBpd28=i,0*57
\s:66,c:1782377481*4B\!AIVDM,1,1,,B,B5NwmqP00>THnt3m7b5ccwbUoP06,0*58
\s:66,c:1782377486*4C\!AIVDM,1,1,,B,B39Tt000;pGu2I5Q<5qvUSe5l000,0*1F
\s:66,c:1782377260*42\!AIVDM,1,1,,A,17tKfS0w1oM2jGmjw:>QjAM<0<0A,0*63
\s:66,c:1782377487*4D\!AIVDM,1,1,,B,169>Pf0P0:8fG:4A6`bsmn4n2`@2,0*11
\s:66,c:1782377484*4E\!AIVDM,1,1,,A,15?dMu@0Bf7WMc@06L2LJb0d08>A,0*24
\s:66,c:1782377488*42\!AIVDM,1,1,,A,13F3hEOP00NqJk6@6i2@0?vl08@M,0*36
\s:66,c:1782377487*4D\!AIVDM,1,1,,A,19NSc3@02@PquoVIlb1DrSth00S=,0*6D
\s:66,c:1782377487*4D\!AIVDM,1,1,,B,13K2k8002S`bGIJ?DKn8@FRj0<0e,0*2B
\s:66,c:1782377463*47\!AIVDM,1,1,,A,1:U75503P0M4OU3kOwN:D4L60D1E,0*51
\s:66,c:1782377489*43\!AIVDM,1,1,,A,16Sf=QPP0g9=NfTD3h7C4gvr253<,0*63
\s:66,c:1782377492*49\!AIVDM,1,1,,A,1:pDq:@000rB>UV5G<Hkt@pt0L6g,0*5F
\s:66,c:1782377489*43\!AIVDM,1,1,,B,14`UuV@0040OK2`NueH9fRdt0@AB,0*5C
\s:66,c:1782377490*4B\!AIVDM,1,1,,A,13WE500000OVeCpDQvv8VAdp00Rq,0*71
\s:66,c:1782377491*4A\!AIVDM,1,1,,A,18J5DB0P0qWJnUN0f@dQrgw02@BM,0*13
\s:66,c:1782377492*49\!AIVDM,1,1,,A,277mTV10009iv7dD0R?tc66v053<,0*7D
\s:66,c:1782377491*4A\!AIVDM,1,1,,A,13HP>L3P0?P0QFnLCvfr6wvt2HAs,0*5D
\s:66,c:1782377491*4A\!AIVDM,1,1,,B,19NSIKh02D8?=C2:r28i40tr0HAu,0*32
\s:66,c:1782377491*4A\!AIVDM,1,1,,B,16?UkR00000aKw@FGFn=N:300@BG,0*4A
\s:66,c:1782377492*49\!AIVDM,1,1,,B,13;dWh?P082vanVH7mif4?vv08Bi,0*08
\s:66,c:1782377485*4F\!AIVDM,1,1,,,19NSfCE0008dTq2Atq=EA3`l053<,0*21
\s:66,c:1782377488*42\!AIVDM,1,1,,A,17tKmmgP007@47f1emT2Qgvp0D1u,0*65
\s:66,c:1782377490*4B\!AIVDM,1,1,,B,15?dMu@wBf7WMT>06M0dIJ0r0D0=,0*31
\s:66,c:1782377489*43\!AIVDM,1,1,,B,16:??JP01T8jBF@BrrlP5P:p0d5a,0*10
\s:66,c:1782377492*49\!AIVDM,1,1,,B,13Ed@<`P0IP0SffFT=?8ggvv2D0R,0*3C
\s:66,c:1782377494*4F\!AIVDM,1,1,,B,169L0m?000NpVLb6g9QAQ7A00D0<,0*54
\s:66,c:1782377490*4B\!AIVDM,1,1,,A,16:<EIPP0g8hR;@AaW<BhB4r2U3<,0*08
\s:66,c:1782377494*4F\!AIVDM,1,1,,A,37liVfpP1haQ:MQvWvn4u3k00RtA,0*3F
\s:66,c:1782377494*4F\!AIVDM,1,1,,A,10`DLL0P00SnnQR?BLT2J?w228EE,0*5E
\s:66,c:1782377493*48\!AIVDM,1,1,,A,35?dQb1vh07=W:47Qfhj3EJv0EDr,0*0F
\s:66,c:1782377495*4E\!AIVDM,1,1,,B,B69DFjwt02;iVoTChi4gCwuv1P06,0*7F
\s:66,c:1782377491*4A\!AIVDM,1,1,,A,3614wuP0003O>uh@21EB4Ev`0S;A,0*21
\s:66,c:1782377490*4B\!AIVDM,1,1,,B,402R3a1vad`kNPr:t@P4geo00<3T,0*6A
\s:66,c:1782377495*4E\!AIVDM,1,1,,B,18LMbB<P017KLVr0fF8V>?w60D@o,0*11
\s:66,c:1782377492*49\!AIVDM,1,1,,B,13`oTA@P00PDD5VMd2l>4?w02HBq,0*52
\s:66,c:1782377491*4A\!AIVDM,1,1,,B,4=7>woivad`kN7tv7h6Iav7008Aq,0*5F
\s:66,c:1782377496*4D\!AIVDM,1,1,,A,13@nor@019PqcCNOoDGWe69:00S2,0*65
\s:66,c:1782377496*4D\!AIVDM,1,1,,B,B6:lLFh0>224BdS@@DmWQBiSQP06,0*7A
\s:66,c:1782377494*4F\!AIVDM,1,1,,B,4055FD1uJl`kQWJTk<1ChIA020S:,0*4C
\s:66,c:1782377496*4D\!AIVDM,1,1,,B,4025bv1vad`kSPeW4HPrU4Q02<5r,0*5D
\s:66,c:1782377496*4D\!AIVDM,1,1,,A,33Urn00P00QdQ1VEdHAf4?w827Kk,0*13
\s:66,c:1782377496*4D\!AIVDM,1,1,,A,15?dM;h21f2ce8R=d5orsHi80<7V,0*2A
\s:66,c:1782377490*4B\!AIVDM,1,1,,A,13E`VVPP00OH3j:H:th`egvt0`Aj,0*10
\s:66,c:1782377495*4E\!AIVDM,1,1,,B,13MBsM@200wrpoRM4=epPoq600Su,0*23
\s:66,c:1782377497*4C\!AIVDM,1,1,,A,13mBVt001TQIHVtPdHUIPGW:2<0U,0*4F
\s:66,c:1782377487*4D\!AIVDM,1,1,,B,35OGMF000rrqDa<Ge:<shqFl020@,0*6E
\s:66,c:1782377487*4D\!AIVDM,1,1,,A,339NGEPOiaPecV0N`djU84>j01th,0*44
\s:66,c:1782377483*49\!AIVDM,1,1,,B,34pWHcm000K1@Ft:SD@PS6Vf0Dp:,0*2D
\s:66,c:1782377488*42\!AIVDM,1,1,,A,B5O>?b0005kqGO6i0N0uD;v00000,0*37
\s:66,c:1782377486*4C\!AIVDM,1,1,,,13fpPn001POLC2hLiAEkNjnl0000,0*5A
\s:66,c:1782377489*43\!AIVDM,1,1,,A,18K1H2001d7V59j01l0UMDFn08AJ,0*57
\s:66,c:1782377485*4F\!AIVDM,1,1,,A,C69v>w@00:7gia5TbOQ4oTN0@5SV4NH2L>PcKkk:000001T2RRR0,0*5E
\s:66,c:1782377490*4B\!AIVDM,1,1,,B,3:U8l=Q000LrJjcjrvqndr6n0DNJ,0*43
\s:66,c:1782377487*4D\!AIVDM,1,1,,A,139t;v0P0>0oIjlNvt6Ht4Dl00S8,0*6B
\s:66,c:1782377486*4C\!AIVDM,1,1,,A,139UHm0P0>PWsR2NIMjI>Ovl253<,0*1D
\s:66,c:1782377487*4D\!AIVDM,1,1,,B,13ccd1?P0uQ8TH2EvU4Wsgvn253<,0*1E
\s:66,c:1782377488*42\!AIVDM,1,1,,B,16:<a`PwAS8jwT@AD0OW3mNl00S2,0*11
\s:66,c:1782377484*4E\!AIVDM,1,1,,B,H5ODF5TT?>G1000G4@onkn0p6040,0*12
\s:66,c:1782377476*43\!AIVDM,1,1,,A,B3MCoj@0>hWKVaT`p`w1Cw`1h89p,0*4F
\s:66,c:1782377428*48\!AIVDM,1,1,,B,H3MCoj@dpuAAV0LU8h000000000,2*69
\s:66,c:1782377124*41\!AIVDM,1,1,,A,H3MCojDTCBD8s7:=BJDj0010524t,0*18
\s:66,c:1782377489*43\!AIVDM,1,1,,B,13aL<D7P00PFVN>MumhN4?vr2@AF,0*2C
\s:66,c:1782377492*49\!AIVDM,1,1,,A,168svt0P038VAslDVEgp5?w008Bj,0*16
\s:66,c:1782377486*4C\!AIVDM,1,1,,A,13mJv6?00011luVVP40W4RTf08>N,0*7A
\s:66,c:1782377484*4E\!AIVDM,1,1,,,13lvmD0vBHPhQ`2O>7GjtjDh8000,0*70
\s:66,c:1782377486*4C\!AIVDM,1,1,,B,33n4iw`P@E29SOR`OghefIhn01eh,0*71
\s:66,c:1782377483*49\!AIVDM,1,1,,A,13n4iw`P@J29SPH`OgcP2qvf053<,0*38
\s:66,c:1782377486*4C\!AIVDM,1,1,,,17ldadm0008HgV=wR4duSI>n0000,0*07
\s:66,c:1782377490*4B\!AIVDM,1,1,,B,1718sj80003haPt=mTP4kT@v08Ap,0*75
\s:66,c:1782377484*4E\!AIVDM,1,1,,B,16K3M10000ajK`RD36Voab6b053<,0*71
\s:66,c:1782377488*42\!AIVDM,1,1,,A,15?dMTi0?w<tSF0l4Q@>48iv0U3<,0*12
\s:66,c:1782377491*4A\!AIVDM,1,1,,B,16:5<J0P1S8fkslA3911lgvn053<,0*21
\s:66,c:1782377486*4C\!AIVDM,1,1,,A,15OmN>PP1SoShRpC00;:4?vl253<,0*3F
\s:66,c:1782377486*4C\!AIVDM,1,1,,B,C8StPI005qr4OW2jCBh3Cwd0HF;QKeV7WkJ7Wc111110?1052100,0*4F
\s:66,c:1782377491*4A\!AIVDM,1,1,,A,16:5i8001@8Mef0Ev>Q`<VVt0PRq,0*7F
\s:66,c:1782377349*48\!AIVDM,1,1,,A,36:5i8001@8MfePEvIA`@n`>0P;k,0*31
\s:66,c:1782377490*4B\!AIVDM,1,1,,A,15UpFr3003SmQ`T>=bM47mRv00T<,0*66
\s:66,c:1782377490*4B\!AIVDM,1,1,,A,15NuBnPP15JA@cH>sMEtLOvt0000,0*61
\s:66,c:1782377490*4B\!AIVDM,1,1,,B,15DUbj0028P61fpE6aIr;p:p0<<P,0*3B
\s:66,c:1782377487*4D\!AIVDM,1,1,,A,33F7465000P<2=hF`=S1LRph0lir,0*63
\s:66,c:1782377490*4B\!AIVDM,1,1,,B,B47>hMP0;8JBQQ8FFQQAGwg5l000,0*53
\s:66,c:1782377491*4A\!AIVDM,1,1,,A,B3`dh600;h2OCq7Drg6gowg1j14Q,0*56
\s:66,c:1782377491*4A\!AIVDM,1,1,,B,13cpI9;P000e1mbI?F?e>gvt0@BN,0*09
\s:66,c:1782377493*48\!AIVDM,1,1,,B,B42LcN0040N<5B5gUtJIswh5kP06,0*15
\s:66,c:1782377491*4A\!AIVDM,1,1,,B,339NGEPOi`PecbDN`dNE?T8r00th,0*4A
\s:66,c:1782377490*4B\!AIVDM,1,1,,B,13eMhmWP07Q2b?rD@Wk6BOvt28Ar,0*7E
\s:66,c:1782377492*49\!AIVDM,1,1,,B,13`eI`hP00PFFmbMvogv4?w0253<,0*6D
\s:66,c:1782377493*48\!AIVDM,1,1,,B,18KsFv002LWKKk>0dFdru8pp053<,0*1B
\s:66,c:1782377493*48\!AIVDM,1,1,,,13lvmD0v2HPhQqVO>7eBtBE08000,0*0E
\s:66,c:1782377488*42\!AIVDM,1,1,,A,B5OFoR0005ks`46l3gGQ3weQjBvJ,0*50
\s:66,c:1782377484*4E\!AIVDM,1,1,,B,H5ODF5TT?>G1000G4@onkn0p6040,0*12
\s:66,c:1782377492*49\!AIVDM,1,1,,A,139PqrPP0f0fS<pO6JOPj?vv000P,0*48
\s:66,c:1782377495*4E\!AIVDM,1,1,,,13fpPn001POLC>JLiAFCOjo60000,0*05
\s:66,c:1782377494*4F\!AIVDM,1,1,,B,13EejeW00PP@t84HFojb3Wk20<0T,0*5B
\s:66,c:1782377489*43\!AIVDM,1,1,,A,B5OELNP006TF`JSnMESQ3wfQjFR:,0*07
\s:66,c:1782377493*48\!AIVDM,1,1,,B,13LAq`50001SFtJRKB76lI@00000,0*2B
\s:66,c:1782377490*4B\!AIVDM,1,1,,B,402=Vjivad`kMwdv:hLlF7W0053<,0*45
\s:66,c:1782377494*4F\!AIVDM,1,1,,,17ldadm0008HgV=wR4d=SI?60000,0*16
\s:66,c:1782377494*4F\!AIVDM,1,1,,B,B5ODF5P004kcDlM@eMS=Owh00000,0*45
\s:66,c:1782377496*4D\!AIVDM,1,1,,A,B8Hw9K000QnhnH0;?SPkgwj4kP06,0*7F
\s:66,c:1782377492*49\!AIVDM,1,1,,A,14hC`?0vAs0l3;BF8Ge5qD`v00Ro,0*42
\s:66,c:1782377492*49\!AIVDM,1,1,,A,13E`whWP0FP2MjRF>U?P1?w02<1i,0*25
\s:66,c:1782377491*4A\!AIVDM,1,1,,B,403OKAQuJl`kNs6jA@IA?vw02<1A,0*46
\s:66,c:1782377494*4F\!AIVDM,1,1,,B,403t?kAvad`kQ`LHDn>1O3W00HD5,0*09
\s:66,c:1782377494*4F\!AIVDM,1,1,,B,14S?Mj002=R32PDGG@1C32I00D1B,0*6E
\s:66,c:1782377489*43\!AIVDM,1,1,,B,133ulQPP01PE<w@N1ObN4?vr2<2h,0*04
\s:66,c:1782377494*4F\!AIVDM,1,1,,B,13aEOU00180ClSbMFW1=5bQ0PHD@,0*44
\s:66,c:1782377489*43\!AIVDM,1,1,,B,33NJSf0Oic0Q=VBHqa?b<`pn01qh,0*76
\s:66,c:1782377491*4A\!AIVDM,1,1,,A,18QvEM00003Q2ET@@<?I@b9000Rr,0*00
\s:66,c:1782377494*4F\!AIVDM,1,1,,A,34hQm>0P01PbjPvG`;P9Erc00000,0*45
\s:66,c:1782377490*4B\!AIVDM,1,1,,A,13cA<:02ipOv@QdLGKWlRC`r8`Ai,0*5F
\s:66,c:1782377491*4A\!AIVDM,1,1,,A,19NSWuh026Pvn;<Drp@l?3Hn0@BE,0*35
\s:66,c:1782377495*4E\!AIVDM,1,1,,A,19NSEMP0221spVcddea`aFrr0@Df,0*4D
\s:66,c:1782377495*4E\!AIVDM,1,1,,A,15U@<V00BG1Q1=Sd9N3r4H120HDj,0*1C
\s:66,c:1782377491*4A\!AIVDM,1,1,,B,13ImMQ501P0:3WvM=kGbF`<t0<2k,0*66
\s:66,c:1782377491*4A\!AIVDM,1,1,,B,16QgBfhP00RP2ch@kNOGL?vr20Si,0*11
\s:66,c:1782377494*4F\!AIVDM,1,1,,A,B3EtpC000oqUe?U9cQwQ3wiUkP06,0*49
\s:66,c:1782377495*4E\!AIVDM,1,1,,A,33US65001t1MdKnEoUedb:9p0000,0*34
\s:66,c:1782377496*4D\!AIVDM,1,1,,B,15PvE@?000rCgRp57l7>41m6053<,0*4A
\s:66,c:1782377497*4C\!AIVDM,1,1,,A,19m1TH000112LUcjpARjR1A608E5,0*19
\s:66,c:1782377494*4F\!AIVDM,1,1,,A,13m;lBUP01PgTtVTjat>4?w22000,0*40
\s:66,c:1782377494*4F\!AIVDM,1,1,,B,1815Msh025Q:AKfDWSt3w3C20@D0,0*78
\s:66,c:1782377495*4E\!AIVDM,1,1,,B,15?damP00BOc?lF2nNpjsW92053<,0*70
\s:66,c:1782377495*4E\!AIVDM,1,1,,A,28SJRbU0007bNp`5uVCWPhw80@Da,0*4B
\s:66,c:1782377491*4A\!AIVDM,1,1,,A,13aI;ThP00PGCaRNOgFargvv2@B9,0*61
\s:66,c:1782377496*4D\!AIVDM,1,1,,B,13L1Nn00001R9eLRvhOFM4800000,0*3D
\s:66,c:1782377497*4C\!AIVDM,1,1,,A,13EelUPP00wipuDHkw3QNOw:20RT,0*1C
\s:66,c:1782377497*4C\!AIVDM,1,1,,A,35OA?n<Ohcq=21f@wn38E6e800o@,0*7D
\s:66,c:1782377494*4F\!AIVDM,1,1,,B,13`s5MPP020HRa<N@cR3vgw420RU,0*62
\s:66,c:1782377496*4D\!AIVDM,1,1,,A,339elc0PC80fggfO8hQW9EU:00R0,0*36
\s:66,c:1782377497*4C\!AIVDM,1,1,,A,13IpoO000000UTrLCrwIq8k600SQ,0*1B
\s:66,c:1782377484*4E\!AIVDM,1,1,,A,13b<Er0000PD>E8MdHi7GDNj0<AK,0*04
\s:66,c:1782377488*42\!AIVDM,1,1,,B,155l3@QP030mmbKuBscuVgvp0U3<,0*1F
\s:66,c:1782377487*4D\!AIVDM,1,1,,A,16QeJL@0002P<MN@pl2cch0j0PSN,0*1F
\s:66,c:1782377488*42\!AIVDM,1,1,,A,860Rm0QKf=`BqQSc<OSE=wUBM@T<fFeKJcM<kcV4bg>tvHvtL>U6,0*67
\s:66,c:1782377487*4D\!AIVDM,1,1,,B,17lobg@P00WLE9H0aLU7C?vj0D7c,0*25
\s:66,c:1782377485*4F\!AIVDM,1,1,,A,16:87eP01J`b8?H?>g8A@Q6d0D7S,0*6B
\s:66,c:1782377486*4C\!AIVDM,1,1,,A,142Olhh01d1:qchDhkU:S8Fh053<,0*41
\s:66,c:1782377489*43\!AIVDM,1,1,,B,16:f`UhP1288G1@=04FmjOvp0@@i,0*2E
\s:66,c:1782377486*4C\!AIVDM,1,1,,B,B3Ig;a0000:SkHUrk<llowdQh000,0*6F
\s:66,c:1782377488*42\!AIVDM,1,1,,B,ENk`sWD973h9@6:@@@@@@@@@@@@=2lQO7qbF800003vP000,2*65
\s:66,c:1782377489*43\!AIVDM,1,1,,B,13`p;dP003P@HGVMV`Ft:i:n0H@F,0*72
\s:66,c:1782377489*43\!AIVDM,1,1,,A,18I1wC001;qUrJL@Hv<AJ10r00Sk,0*3B
\s:66,c:1782377490*4B\!AIVDM,1,1,,A,18IgmB8P2F7K@mH0eHtLGgwp00Rl,0*17
\s:66,c:1782377485*4F\!AIVDM,1,1,,A,13IeDl0000P8SS@M:Uj=VjPf2@>w,0*4C
\s:66,c:1782377485*4F\!AIVDM,1,1,,A,83aO@KPj2d<dL<>>N0i0S@O54SL0,0*19
\s:66,c:1782377486*4C\!AIVDM,1,1,,B,13`fLo001APGvJFNP4uQLiJl253<,0*1A
\s:66,c:1782377489*43\!AIVDM,1,1,,B,13BI5`0001P68btNMrR4M3Tp0<6o,0*28
\s:66,c:1782377483*49\!AIVDM,1,1,,B,13cF0h001a0ERVjNCPNpnnth0H=m,0*46
\s:66,c:1782377484*4E\!AIVDM,1,1,,A,13cVdf0P4S11d@NG@=Kk5gv`0000,0*20
\s:66,c:1782377482*48\!AIVDM,1,1,,B,B6:6hp00ER7T4d5T@T:gWwv63P06,0*4C
\s:66,c:1782377489*43\!AIVDM,1,1,,A,B:U71hP017;1aNLTHJDq@ef008@w,0*45
\s:66,c:1782377489*43\!AIVDM,1,1,,A,13n9lJgP00PvCwNVw:F>4?vr253<,0*5A
\s:66,c:1782377486*4C\!AIVDM,1,1,,A,33o3:kP0000kU=VU6kqr:6Ep0000,0*1C
\s:66,c:1782377489*43\!AIVDM,1,1,,B,19NSaPP034DF7F<BRf7c7Hrn0?ww,0*67
\s:66,c:1782377488*42\!AIVDM,1,1,,A,17One00Oh6bl<C1d`:F6`5vn2D0D,0*34
\s:66,c:1782377491*4A\!AIVDM,1,1,,A,169@hqQP008g6LpA?H@0001p0000,0*12
\s:66,c:1782377492*49\!AIVDM,1,1,,A,18L?wB001Cvf9J88K7d6vELl053<,0*4F
\s:66,c:1782377492*49\!AIVDM,1,1,,A,13cw?l4tB80CAlBMJ1ke;rLt0<J<,0*76
\s:66,c:1782377486*4C\!AIVDM,1,1,,A,35960pW000HHum@=B4`@KROp0000,0*1D
\s:66,c:1782377492*49\!AIVDM,1,1,,A,13d3ra000011C=fGGeRLc;2t08C1,0*67
\s:66,c:1782377495*4E\!AIVDM,1,1,,A,169`ufP00t8f2ahA9HveiJo40HDL,0*01
\s:66,c:1782377496*4D\!AIVDM,1,1,,A,13mKMF001OPeOEvQ6dcJN`I2253<,0*49
\s:66,c:1782377496*4D\!AIVDM,1,1,,A,13P=;6h01DOtbS@LQHA<J:940L56,0*09
\s:66,c:1782377495*4E\!AIVDM,1,1,,A,33mKMF001N0eQf>Q6ds:66,0*2C
\s:66,c:1782377491*4A\!AIVDM,1,1,,B,13EsRh0000vqOtT@5CjMSrft0L30,0*1E
\s:66,c:1782377494*4F\!AIVDM,1,1,,B,139nmFPP00Pe`KHNWOF:pww4253<,0*6B
\s:66,c:1782377495*4E\!AIVDM,1,1,,B,13dqcb0t1;OCBSjECTiFREC60`Dn,0*6F
\s:66,c:1782377484*4E\!AIVDM,1,1,,A,H3HSvDP8iDF0l58hTr380000000,2*51
\s:66,c:1782377496*4D\!AIVDM,1,1,,A,H3HSvDTU47I5mQ40000000189320,0*33
\s:66,c:1782377496*4D\!AIVDM,1,1,,A,14eHgAP000rgM6NJ4JdoP6g40@E3,0*64
\s:66,c:1782377497*4C\!AIVDM,1,1,,A,35O5bm0000Je<J4GBO:hI;9802nQ,0*6E
\s:66,c:1782377497*4C\!AIVDM,1,1,,B,33cv0Q000C11ALPGG:O`AA9800v@,0*5D
\s:66,c:1782377495*4E\!AIVDM,1,1,,B,15?diu0000264QRGH1wh081400RK,0*60
\s:66,c:1782377492*49\!AIVDM,1,1,,A,13mHof00000jDFBU:mb6C1fv0HBm,0*71
\s:66,c:1782377497*4C\!AIVDM,1,1,,B,15WlLD0001Oe`dH30S9AQ1;<053<,0*30
\s:66,c:1782377498*43\!AIVDM,1,1,,B,B5Nfwg000=konT5J8LoQ3wj5oP06,0*4E
\s:66,c:1782377497*4C\!AIVDM,1,1,,A,33ks5H00Rr06m7dM9V4Af1Q<01ji,0*34
\s:66,c:1782377494*4F\!AIVDM,1,1,,B,18KpOH40007J`nF0fIEtgTC40<;U,0*29
\s:66,c:1782377493*48\!AIVDM,1,1,,A,33n@oD06hAPHkMPQjgUUc3e080l0,0*6F
\s:66,c:1782377487*4D\!AIVDM,1,1,,B,169FT7@00t8gdnPA8V0524hl053<,0*2D
\s:66,c:1782377486*4C\!AIVDM,1,1,,B,19NSK6@02G00hvtFL8oe4rNj0D=2,0*03
\s:66,c:1782377482*48\!AIVDM,1,1,,A,33aENr@0000JA4bNEl>h001p0000,0*53
\s:66,c:1782377482*48\!AIVDM,1,1,,B,13aENr@P00PJA4bNEl>v4?vd2L3U,0*0C
\s:66,c:1782377487*4D\!AIVDM,1,1,,A,13cpW=0P000dvP>I?5KLR?vl08@4,0*3E
\s:66,c:1782377488*42\!AIVDM,1,1,,A,18I>4F9OlD7KVup0dCj5NTHl0D<j,0*0F
\s:66,c:1782377486*4C\!AIVDM,1,1,,B,14dBh00ui`wVBL<DRh43;BPl0U3<,0*57
\s:66,c:1782377487*4D\!AIVDM,1,1,,B,17ldKM@P1aWaD`OtTbpGvgvl2<4l,0*18
\s:66,c:1782377482*48\!AIVDM,1,1,,A,34SWI2001N0Mcr4NhbUk6BNd05R3,0*39
\s:66,c:1782377489*43\!AIVDM,1,1,,A,16:c8<00008828D=3gklh00p0000,0*44
\s:66,c:1782377488*42\!AIVDM,1,1,,A,14`V4J00248VEbVF82arl8dn08@8,0*03
\s:66,c:1782377488*42\!AIVDM,1,1,,A,17ldgqk0008KQAwwFWl1`i=p0l07,0*55
\s:66,c:1782377491*4A\!AIVDM,1,1,,B,13B0;p?0000hM`NQ1bwnc9e00L2H,0*38
\s:66,c:1782377488*42\!AIVDM,1,1,,B,B6:Kn600026fUsUTu@l000=WQP06,0*09
\s:66,c:1782377488*42\!AIVDM,1,1,,A,177dkb001e8cG6l?M18i310l053<,0*2E
\s:66,c:1782377489*43\!AIVDM,1,1,,A,13P=pe001lNcVsr8FE3Mwh0r0D2l,0*49
\s:66,c:1782377485*4F\!AIVDM,1,1,,B,19WGNv0P00Ovb`6FTQkhcwvd20SR,0*2D
\s:66,c:1782377490*4B\!AIVDM,1,1,,B,402M54Avad`kN1motP`eUl7P0@Aq,0*24
\s:66,c:1782377487*4D\!AIVDM,1,1,,A,35O7MjP2ieJT72RE9Ib`L6ep0000,0*00
\s:66,c:1782377488*42\!AIVDM,1,1,,B,D02HW4QW4Dfp00E6EFpE6D0,2*2D
\s:66,c:1782377491*4A\!AIVDM,1,1,,A,1815VfP01M`klk>@l4a@KhHr053<,0*1F
\s:66,c:1782377491*4A\!AIVDM,1,1,,A,1815Poh01K`et5L?ES9Q9A4v053<,0*4F
\s:66,c:1782377489*43\!AIVDM,1,1,,B,19NSl`hwiW:D7pnGuRDas7vn00RN,0*4F
\s:66,c:1782377492*49\!AIVDM,1,1,,A,18I>4F9OlE7KW3h0dBlUQTLt0@Bd,0*41
\s:66,c:1782377487*4D\!AIVDM,1,1,,B,13M@W@00000Fat6MvEl@02fn08?L,0*4B
\s:66,c:1782377487*4D\!AIVDM,1,1,,A,137M@T002`OnORtLPHE4iCRl0@?q,0*5F
\s:66,c:1782377487*4D\!AIVDM,1,1,,B,19NSdeP01oOg?0<DUhMk6RDn08@@,0*0D
\s:66,c:1782377492*49\!AIVDM,1,1,,B,139930300Dq2Mi4;waoa9oOL0PRv,0*32
\s:66,c:1782377492*49\!AIVDM,1,1,,B,13ku:P@01t1Pge<Q`>B`@6U20D15,0*75
\s:66,c:1782377497*4C\!AIVDM,1,1,,B,169Dwa0PAI8j>s0DV`tVvmTr00Sk,0*5B
\s:66,c:1782377498*43\!AIVDM,1,1,,A,1k:4??PP1J0Ovw0NQss=l?v1uwww,0*73
\s:66,c:1782377496*4D\!AIVDM,1,1,,B,B3Hp7U00<Ot6M06lVTJSSwiWh000,0*41
\s:66,c:1782377492*49\!AIVDM,1,1,,A,B3@nhEh000HPeg5O=8=jIKv00000,0*7A
\s:66,c:1782377483*49\!AIVDM,1,1,,,33aGF=1P00PF>FvNFPP>4?vf2Dlr,0*06
\s:66,c:1782377489*43\!AIVDM,1,1,,B,13Eqe@0002vqLlT@6IdVL9dp053<,0*21
\s:66,c:1782377489*43\!AIVDM,1,1,,B,18LkJo1P007=hVb7P9q>46@r2l3e,0*30
\s:66,c:1782377488*42\!AIVDM,1,1,,A,35O5Ho0018JS9mDE=:21LQ?p0000,0*6E
\s:66,c:1782377490*4B\!AIVDM,1,1,,B,18I3JD0uQv8;OGp<qu;cHq2t00S1,0*3C
\s:66,c:1782377487*4D\!AIVDM,1,1,,A,35N6STP000JB08jBhFPGP45p0000,0*0F
\g:1-2-5198478,s:66,c:1782377487*01\!AIVDM,2,1,8,B,58Lg3QT2E`1v2222220nqBqJpjs7N2222222220:000001dV08PCp5A3,0*3F
\g:2-2-5198478*63\!AIVDM,2,2,8,B,kH0000000000000,2*0C
\g:1-2-5198479,s:66,c:1782377487*00\!AIVDM,2,1,9,A,55N6STT00001LA3O?STltpEV0Hu:0pu@PTpL00001P<3300005hj0DS1,0*32
\g:2-2-5198479*62\!AIVDM,2,2,9,A,Dm3kP0000000000,2*3C
\s:66,c:1782377487*4D\!AIVDM,1,1,,,33aGF=1P00PF>FlNFPQN4?vn2Dlr,0*65
\s:66,c:1782377488*42\!AIVDM,1,1,,B,16:LmkP0008fr?PAQ07QfaTl0<5s,0*42
\s:66,c:1782377485*4F\!AIVDM,1,1,,A,13chhN00000e228H`VK<77rj0000,0*75
\s:66,c:1782377489*43\!AIVDM,1,1,,B,18Htl3000t7J`o`0dMOB?Adn00SK,0*61
\s:66,c:1782377488*42\!AIVDM,1,1,,A,35?dOhh2Af8c8nd?JW?A=14j0PUh,0*1B
\s:66,c:1782377491*4A\!AIVDM,1,1,,B,18JwRn0P027KFB>0f2Ts6Ovv20Rt,0*17
\s:66,c:1782377491*4A\!AIVDM,1,1,,B,13TpF90P00Q`tqDG@7K>4?vv2HBB,0*58
\s:66,c:1782377487*4D\!AIVDM,1,1,,A,18t>ID8P?w<tSF0l4Q@>4?v60`?P,0*26
\s:66,c:1782377487*4D\!AIVDM,1,1,,B,13eU8r002M`ktO>@eMKop6>l053<,0*7E
\s:66,c:1782377487*4D\!AIVDM,1,1,,A,13VewL00?w1d5:HEf2Q>49:n000?,0*5E
\s:66,c:1782377488*42\!AIVDM,1,1,,A,144VAu`01M1pJL<Fria1R1@n00SO,0*7E
\s:66,c:1782377490*4B\!AIVDM,1,1,,B,13sRp8000sP9VTVGVuu2NQvt0@B4,0*08
\s:66,c:1782377492*49\!AIVDM,1,1,,B,19NSAUh0217OJ3p0q642f2?008B`,0*0E
\s:66,c:1782377491*4A\!AIVDM,1,1,,A,177QUC001O0Bf8<MI>B:o`hv08As,0*57
\s:66,c:1782377489*43\!AIVDM,1,1,,A,B3IbARP0083NFKV6;;?Q3wfQnDMb,0*0F
\s:66,c:1782377493*48\!AIVDM,1,1,,B,18LkJo1P007=hVd7P9q>46A02l3f,0*76
\s:66,c:1782377486*4C\!AIVDM,1,1,,B,1:pCJV0000rV?r25u2TMSk0l0D1v,0*66
\s:66,c:1782377489*43\!AIVDM,1,1,,A,160qC@@1RB3NVLAqNKu9DW8t08A;,0*31
\s:66,c:1782377489*43\!AIVDM,1,1,,A,33gPKR50000hR1PQ1e86;1Vp0Dg:,0*68
\s:66,c:1782377492*49\!AIVDM,1,1,,A,B3m7;40008R2?`b1S7Hp;wh5oP06,0*12
\s:66,c:1782377487*4D\!AIVDM,1,1,,A,15N6STP000rB090BhFOWOl4p00St,0*00
\s:66,c:1782377484*4E\!AIVDM,1,1,,A,B6:`Nlh00::qbTTPQdOFVcv021Mk,0*6B
\s:66,c:1782377487*4D\!AIVDM,1,1,,A,15T12<012L6DJ;l3PEP3P2nR00S@,0*51
\s:66,c:1782377493*48\!AIVDM,1,1,,A,138uwv001@OwC;DLnvV9moo2000U,0*1C
\s:66,c:1782377493*48\!AIVDM,1,1,,A,17luk@?P0S`FfT9wD0;IjOw028Cm,0*04
\s:66,c:1782377486*4C\!AIVDM,1,1,,A,B3Ham?P0@p6>:i6;1855GwdQn1?Q,0*17
\s:66,c:1782377488*42\!AIVDM,1,1,,A,B7mRLoh00:5cq8Ol5e<UCws2T53<,0*03
\s:66,c:1782377490*4B\!AIVDM,1,1,,B,13aDBd8P00PHiwjNKBh>4?vt2D1g,0*18
\s:66,c:1782377495*4E\!AIVDM,1,1,,A,19NSr`0034J8qCd=Km7It7s20<0<,0*65
\s:66,c:1782377487*4D\!AIVDM,1,1,,A,B6:eMBP00:;4I64O1`jLowf42000,0*5C
\s:66,c:1782377495*4E\!AIVDM,1,1,,B,160qC@@1jB3NVESqNKNIF7960<07,0*02
\s:66,c:1782377487*4D\!AIVDM,1,1,,A,33FSsh000uNmadF@BiKQGA;p0000,0*31
\g:1-2-5198480,s:66,c:1782377487*06\!AIVDM,2,1,0,A,53FSsh42GCnPD9=D001Hth<4r0@F1@4T@T400000000??00000340KE0,0*04
\g:2-2-5198480*64\!AIVDM,2,2,0,A,jKC40KCCjP00000,2*33
\g:1-2-5198481,s:66,c:1782377494*05\!AIVDM,2,1,1,B,53sRp801h98p=<mN220l4qDDj0@F0thUHDU8621J8P<755daj:1DhPDP,0*0F
\g:2-2-5198481*65\!AIVDM,2,2,1,B,iC3kPH888888880,2*4C
\s:66,c:1782377487*4D\!AIVDM,1,1,,A,36;U1410008MMjbEw>bG3a<j0ESr,0*00
\s:66,c:1782377489*43\!AIVDM,1,1,,A,1815;i001cwg0prDgCN:;pFj0d12,0*2D
\s:66,c:1782377493*48\!AIVDM,1,1,,A,36:EHK003T89Kf><nGPGFUw200Si,0*44
\s:66,c:1782377494*4F\!AIVDM,1,1,,B,16taa4001FSdw68?0h=7BEm22L<P,0*7C
\s:66,c:1782377494*4F\!AIVDM,1,1,,B,13;2H`0000Qi4mJR1DeP01nv08Ct,0*19
\s:66,c:1782377491*4A\!AIVDM,1,1,,A,BCh:Hn00D7UkE;9Q<FrCOwfRs000,0*0C
\s:66,c:1782377492*49\!AIVDM,1,1,,A,13IP=G?0000:kg6M=:49BVS000SM,0*56
\s:66,c:1782377492*49\!AIVDM,1,1,,B,14eJGh@20:rgMcBJ234VaUA20D0t,0*7F
\s:66,c:1782377495*4E\!AIVDM,1,1,,A,33MCel@P@;0MW3<Nop?6GSm20120,0*7F
\s:66,c:1782377491*4A\!AIVDM,1,1,,B,16:H1k001h8fGRhBpsT=6rTp08Ar,0*03
\s:66,c:1782377491*4A\!AIVDM,1,1,,A,33@pSe80000hPCVQ1ew0079p0000,0*39
\s:66,c:1782377495*4E\!AIVDM,1,1,,A,369L6mP01B8iEe0A3hA6dE;p0RpA,0*0B
\s:66,c:1782377494*4F\!AIVDM,1,1,,A,16:H9fP01d8MeifF2hWjs2G00D<K,0*32
\s:66,c:1782377492*49\!AIVDM,1,1,,A,33TST4005B1hMLpEdNOl1S=p0000,0*7D
\s:66,c:1782377491*4A\!AIVDM,1,1,,A,15?dR>h01e7bm0V;hU1ri8dt08B5,0*3C
\s:66,c:1782377493*48\!AIVDM,1,1,,A,19t6S<hP072Edj@AwjWFgOw408Cj,0*02
\s:66,c:1782377497*4C\!AIVDM,1,1,,B,19NSoJh003P;PrPGMJqMLHA8053<,0*5C
\s:66,c:1782377495*4E\!AIVDM,1,1,,B,16;OEj001W`lTQN@kimi1ho40D1e,0*3C
\s:66,c:1782377496*4D\!AIVDM,1,1,,A,15?DhB0026`k0S@AHCRo0UK4253<,0*3A
\s:66,c:1782377496*4D\!AIVDM,1,1,,A,16TT@`002C7E03D11B<4Q3W808EM,0*02
\s:66,c:1782377495*4E\!AIVDM,1,1,,B,18RI8C001rORdkmvHLsdRb=40HDh,0*78
\s:66,c:1782377491*4A\!AIVDM,1,1,,B,403Ow2ivad`kOqVow@@hwJO02@BA,0*22
\s:66,c:1782377490*4B\!AIVDM,1,1,,A,18;P9?1P0d`aTK@8Dui@g?vr2@AS,0*35
\s:66,c:1782377496*4D\!AIVDM,1,1,,B,B3l9@Fh0008>Bw6?cdSQ3wj1jIVb,0*68
\s:66,c:1782377492*49\!AIVDM,1,1,,A,138GO800000nI5`ON74;Q3m00`Bm,0*17
\s:66,c:1782377498*43\!AIVDM,1,1,,B,15O?rn0P00o@=JJEWsQ0U?w82HES,0*76
\s:66,c:1782377497*4C\!AIVDM,1,1,,A,36;=<TU001`gJb@A>h41S`U80Djb,0*76
\s:66,c:1782377413*40\!AIVDM,1,1,,A,1815WEQ00EM4fVAkOS9n@5hF0000,0*5E
\s:66,c:1782377374*46\!AIVDM,1,1,,A,3815WEQ004M4fVEkOS<9`mk00HB@,0*0C
\s:66,c:1782377487*4D\!AIVDM,1,1,,B,342LdK03QBQuq8LGJ4NkpS>j0RWk,0*77
\s:66,c:1782377483*49\!AIVDM,1,1,,A,B3?sMK00?P6`ki7UjHDMHGv00000,0*26
\s:66,c:1782377485*4F\!AIVDM,1,1,,B,13mbNB000a1cwV0`Ke<nSmDl08?1,0*3A
\s:66,c:1782377484*4E\!AIVDM,1,1,,A,16:>hV001q8l3I8AV@<VQ58d0@>2,0*34
\s:66,c:1782377488*42\!AIVDM,1,1,,A,C6:lHk@0029fsfTTV@bSWweRVc0j2M0@bO1kigUi1110S0d:1QP7,0*30
\s:66,c:1782377489*43\!AIVDM,1,1,,B,16:bbQ1P10`VsFhBCSw8uOvp2<OS,0*71
\s:66,c:1782377488*42\!AIVDM,1,1,,A,403t:k1vad`kK8`O;DEgACR008@F,0*12
\s:66,c:1782377489*43\!AIVDM,1,1,,B,168t@B001@2o98GuWJe6RUHf0<1@,0*69
\s:66,c:1782377489*43\!AIVDM,1,1,,B,15UCg:0P03JBCPT5G4BQwOvt28AG,0*25
\s:66,c:1782377490*4B\!AIVDM,1,1,,B,H3@pfB0PthiV400000000000000,2*3F
\s:66,c:1782377186*49\!AIVDM,1,1,,A,H3@pfB4U7B=4005H@9lkjp0H7314,0*34
\s:66,c:1782377485*4F\!AIVDM,1,1,,B,33aDp=@P00PF6jTN04JEBgvj23:k,0*6F
\s:66,c:1782377489*43\!AIVDM,1,1,,B,18Ql1C0P@0SOv5J@C7`p<9vr08@w,0*7C
\s:66,c:1782377486*4C\!AIVDM,1,1,,B,13`g>b0P00PF3jDN1Qkf4?vj28>v,0*61
\s:66,c:1782377488*42\!AIVDM,1,1,,A,35NfEvPP@2rA?dt>rm>IWEPj014Q,0*4F
\s:66,c:1782377485*4F\!AIVDM,1,1,,B,1:pDvPP001JV8iP5tJLA=j`j0D21,0*6C
\s:66,c:1782377487*4D\!AIVDM,1,1,,A,155Jb@000?3QICb@9m8UWR8n0<44,0*5C
\s:66,c:1782377489*43\!AIVDM,1,1,,B,1JpDvPP001JV8iP5tJLA=j`j0P00,0*0B
\s:66,c:1782377493*48\!AIVDM,1,1,,A,H31m:WiH4hDq@Tp400000000000,2*46
\s:66,c:1782377493*48\!AIVDM,1,1,,B,H31m:WlTCBD:eP:?5Hnjkq0p531t,0*78
\s:66,c:1782377488*42\!AIVDM,1,1,,B,13cgaEPP1<0d8EfGI6vaj?vp0@@S,0*5A
\s:66,c:1782377491*4A\!AIVDM,1,1,,A,28SNl`P0?wWb>vB5tNNN40tr28AW,0*3B
\s:66,c:1782377486*4C\!AIVDM,1,1,,A,13aIkK?P13PGDr:N2>3TFwvl253<,0*5C
\s:66,c:1782377489*43\!AIVDM,1,1,,A,13FMEp0000OGvj8H:cEDIArr0L2C,0*23
\s:66,c:1782377488*42\!AIVDM,1,1,,,B3P;>j0007q>Aa86ejT03wtUkP06,0*7C
\s:66,c:1782377488*42\!AIVDM,1,1,,A,B39Q0w000PGM7=UMVRT000N00000,0*1E
\s:66,c:1782377491*4A\!AIVDM,1,1,,A,19NSWahvQs:66,0*57
\s:66,c:1782377491*4A\!AIVDM,1,1,,A,19NSFTh00POfF0`DdSO:l`m00000,0*71
\s:66,c:1782377494*4F\!AIVDM,1,1,,B,15?d`Q@01=2ng@AuVh27nVA0053<,0*00
\s:66,c:1782377490*4B\!AIVDM,1,1,,B,17lj3=@P00`Fg<9wAph@0?vr253<,0*12
\s:66,c:1782377492*49\!AIVDM,1,1,,B,13f:K`001eR>KS>BIAd;Vq@v2hBn,0*3C
\s:66,c:1782377494*4F\!AIVDM,1,1,,,B3P;>j0007q>Aa`6ejP03wQ5kP06,0*65
\s:66,c:1782377494*4F\!AIVDM,1,1,,A,15PH6O@P?w<tSF0l4Q@>4?wv0`4g,0*08
\s:66,c:1782377491*4A\!AIVDM,1,1,,A,402Un5QuJl`kO2>o<`GLNA7000S:,0*0D
\s:66,c:1782377496*4D\!AIVDM,1,1,,A,E>m1cCh`4V7b@17Pa24W3h9b0b4n;dQnkR=1800003j033k`0@,4*4B
\s:66,c:1782377496*4D\!AIVDM,1,1,,B,H6:e?VhaF1PTr37;ST000000000,2*6F
\s:66,c:1782377496*4D\!AIVDM,1,1,,A,H6:e?Vm60000000hhhhhh01@g55T,0*77
\s:66,c:1782377496*4D\!AIVDM,1,1,,B,376uGE50008970j<p96IgT982Dl:,0*11
\s:66,c:1782377496*4D\!AIVDM,1,1,,B,13`mOD001>P@s8bMKDbtOr180@DV,0*15
\s:66,c:1782377495*4E\!AIVDM,1,1,,A,13aJGaPP00Pee@VNV2T@0?w62D4A,0*1C
\s:66,c:1782377497*4C\!AIVDM,1,1,,B,19N`2m002EMDHehJJPE2gj;808Et,0*77
\s:66,c:1782377493*48\!AIVDM,1,1,,A,13aI:?CP0`PEoW4NCKhdf?w22@CT,0*60
\s:66,c:1782377489*43\!AIVDM,1,1,,A,H6:e2W@`T61@4V0P4pN1UDr33?T,2*62
\s:66,c:1782377489*43\!AIVDM,1,1,,A,H6:e2WE6000000000000000`s66T,0*66
\g:1-2-5198482,s:66,c:1782377493*01\!AIVDM,2,1,2,A,55NGb;T00001L@GO7;4MDDlE<00000000000000t20F1<00006E21H3m,0*1D
\g:2-2-5198482*66\!AIVDM,2,2,2,A,21D`4jA1@000000,2*5F
\s:66,c:1782377488*42\!AIVDM,1,1,,B,1:5b<e0P01RmEI1ucKuf4?vn28@G,0*13
\s:66,c:1782377487*4D\!AIVDM,1,1,,B,18I:T89OjD7KrSh0gj23`jpj0H@>,0*74
\s:66,c:1782377485*4F\!AIVDM,1,1,,A,19NSSN001`wq;`hLa6vBo2Fj0h?7,0*44
\s:66,c:1782377484*4E\!AIVDM,1,1,,A,1340=@PP1DPJObVN5baCROvf2<1c,0*23
\s:66,c:1782377489*43\!AIVDM,1,1,,A,13cs890000wvVS<FTM:h`E`l0@@o,0*76
\s:66,c:1782377483*49\!AIVDM,1,1,,A,3819>W@000JA0i@>sW89i6Up0000,0*4F
\s:66,c:1782377485*4F\!AIVDM,1,1,,B,B3l948h008@UnPU8d0oQ3wd1l000,0*3C
\s:66,c:1782377488*42\!AIVDM,1,1,,B,H69DK=Q`PD@4UUG7G?OR2222220,2*26
\s:66,c:1782377488*42\!AIVDM,1,1,,B,H69DK=TN6Dejjhphhhhhhh2HC43H,0*5B
\s:66,c:1782377488*42\!AIVDM,1,1,,B,869DK=QW@bf?2oaqV;EVoL84210P@84200,4*58
\s:66,c:1782377487*4D\!AIVDM,1,1,,B,15N<2qPOh0JdFBvG@9sdGqWp0p?v,0*3A
\s:66,c:1782377483*49\!AIVDM,1,1,,A,1815N>Pvir7ockB8HCWh600f0H=A,0*2C
\s:66,c:1782377488*42\!AIVDM,1,1,,A,15R3?J001P``NfhDTwWbu`dj00R`,0*6C
\s:66,c:1782377481*4B\!AIVDM,1,1,,A,B7OofUP06@Kod@5?NqKGfcb7@P06,0*29
\s:66,c:1782377487*4D\!AIVDM,1,1,,B,1815Qq001E7DBR414>OTUSbp00S?,0*73
\s:66,c:1782377484*4E\!AIVDM,1,1,,B,13m?KK0P001nqUR`WG3Q0wvh0H>1,0*00
\s:66,c:1782377489*43\!AIVDM,1,1,,B,7@2:oP3dTnnl,0*0A
\s:66,c:1782377489*43\!AIVDM,1,1,,A,18HvvcPP007L<W`0kQVv4?vh0<77,0*47
\s:66,c:1782377490*4B\!AIVDM,1,1,,A,13E`K:?P01vh=d`8IfQN4?vr2D1e,0*1C
\s:66,c:1782377484*4E\!AIVDM,1,1,,A,H52P7giHE8lDE80000000000000,2*52
\s:66,c:1782377137*43\!AIVDM,1,1,,B,H52P7glUCBD5HSi00000000P7220,0*06
\s:66,c:1782377487*4D\!AIVDM,1,1,,A,139K3g00000oL4hNvuHFkltn08?v,0*52
\s:66,c:1782377491*4A\!AIVDM,1,1,,A,16?Uh0@2004wMq:<vQmGwIVt0<0R,0*67
\s:66,c:1782377489*43\!AIVDM,1,1,,A,133hgJP012PCskjME4MmjTTl0D:2,0*36
\s:66,c:1782377487*4D\!AIVDM,1,1,,A,14SSCD001`OP9k6JpWw@qhfl0l0g,0*4C
\s:66,c:1782377490*4B\!AIVDM,1,1,,A,H>l4GHP00000000000000000000,2*55
\s:66,c:1782377490*4B\!AIVDM,1,1,,A,H>l4GHT000000000000000000000,0*63
\s:66,c:1782377491*4A\!AIVDM,1,1,,A,39NSSNm0001cl:PEepHJkh`t0Dg:,0*49
\s:66,c:1782377492*49\!AIVDM,1,1,,B,1815a>002c8?;l><aLQCQ2pt00SG,0*38
\s:66,c:1782377493*48\!AIVDM,1,1,,B,18I98E1wgwVSq<H<hJKaJJlv2d1F,0*78
\s:66,c:1782377490*4B\!AIVDM,1,1,,A,13aLkAPP000FaCJMvFw00?vr0HAJ,0*7F
\s:66,c:1782377491*4A\!AIVDM,1,1,,B,1815:ehvQF8VeSbBBTMaFoDv08B9,0*54
\s:66,c:1782377491*4A\!AIVDM,1,1,,B,18I3v@00iq0?V9tE=>`C;RRp00ST,0*45
\s:66,c:1782377489*43\!AIVDM,1,1,,A,14`V3A001mPi=p>EKIoT23<t2000,0*46
\s:66,c:1782377491*4A\!AIVDM,1,1,,B,19TJaAFP000r2q:CJA4P0?vp00SD,0*0C
\s:66,c:1782377492*49\!AIVDM,1,1,,A,13aFgphP1<PF;N:MwSrStgw22L@L,0*14
\s:66,c:1782377489*43\!AIVDM,1,1,,A,139PoOPP00P`BPfNGewv4?vr2@AB,0*3A
\s:66,c:1782377493*48\!AIVDM,1,1,,A,839r?w0j2d=><<uMt2U0t@OM6@L0,0*06
\g:1-2-5198483,s:66,c:1782377495*06\!AIVDM,2,1,3,A,56::aj8000008uHK:21PTr0P4pN1<PDpN1<PV21@<0C=45dj0ATBCQp1,0*5B
\g:2-2-5198483*67\!AIVDM,2,2,3,A,0Cp888888888880,2*1C
\s:66,c:1782377492*49\!AIVDM,1,1,,A,35Mi`2PP?w<tSF0l4Q@>4?wp0000,0*08
\s:66,c:1782377492*49\!AIVDM,1,1,,B,B3P;oCP0;h031lW@E;jLSwh5CP06,0*5D
\s:66,c:1782377495*4E\!AIVDM,1,1,,B,H69DOtA`PD@4UUEUDs37SKJ2220,2*2D
\s:66,c:1782377495*4E\!AIVDM,1,1,,A,H69DOtDN6DejjhoPPPPPPP2@A43H,0*28
\s:66,c:1782377497*4C\!AIVDM,1,1,,A,18Kp080v1``k1a0@w:C37jQ608Eq,0*1B
\s:66,c:1782377475*40\!AIVDM,1,1,,A,18KLmn001g2ha3qgA25kDBhD0H97,0*12
\s:66,c:1782377496*4D\!AIVDM,1,1,,A,13b3rn3010PCG58MeQoda:7228DT,0*04
\s:66,c:1782377490*4B\!AIVDM,1,1,,B,402bBV1vad`kM1W7:8ISjWw02000,0*50
\s:66,c:1782377491*4A\!AIVDM,1,1,,A,33s?=50P@JOH=J`GTJw28Ajr00j0,0*3F
\s:66,c:1782377495*4E\!AIVDM,1,1,,A,18159<P0053PQ7t?ns9TaRS600SC,0*33
\s:66,c:1782377497*4C\!AIVDM,1,1,,B,18I?C@0Oh@7Kw2f0fkBm<l9<00R`,0*24
\s:66,c:1782377492*49\!AIVDM,1,1,,A,13=WjT0vjJwSqGhK7uf@q0lt853<,0*18
\s:66,c:1782377498*43\!AIVDM,1,1,,A,13aKU80P00PF3o@N1Q3>4?w8253<,0*66
\s:66,c:1782377497*4C\!AIVDM,1,1,,A,369URD10028LG3@=vQhRQ5c:0000,0*07
\s:66,c:1782377495*4E\!AIVDM,1,1,,A,14pWHl8P00K1A1`:Rag9H?w008Dd,0*6D
\s:66,c:1782377492*49\!AIVDM,1,1,,A,176tVq0P15`;1Jh<n6S9KOvv20Ri,0*5A
\s:66,c:1782377487*4D\!AIVDM,1,1,,B,13VUl00000QcwarEhOtqMrll20St,0*53
\s:66,c:1782377487*4D\!AIVDM,1,1,,A,B52nmtP006`NKd5Th<l000N00000,0*64
\s:66,c:1782377487*4D\!AIVDM,1,1,,A,13aDq?P01>PBqRlMftr<u::d0`?w,0*65
\s:66,c:1782377488*42\!AIVDM,1,1,,B,13`e<DwP000@K@`ML2JPQ?vn053<,0*33
\g:1-2-5198484,s:66,c:1782377484*01\!AIVDM,2,1,4,B,54`V3el2>5@8?HdG:21PTr0hV222222222222216D@LA?5cl0DE3`0RF,0*34
\g:2-2-5198484*60\!AIVDM,2,2,4,B,`88888888888880,2*7B
\s:66,c:1782377487*4D\!AIVDM,1,1,,A,1:kJmr0000Ji?7qbw3jQaA>l0L0a,0*0B
\s:66,c:1782377482*48\!AIVDM,1,1,,A,16:CJQP000`dK6@AsIL:WT6f0<bD,0*6E
\s:66,c:1782377488*42\!AIVDM,1,1,,A,169rwr002I7NNMV0l4D2MR2n00S;,0*0D
\s:66,c:1782377489*43\!AIVDM,1,1,,A,19NSbB@02G7qg0d6IFRQ;Prr0@@d,0*66
\s:66,c:1782377394*48\!AIVDM,1,1,,B,38I=Ss50@0M4JCIkQLsi>:kd0E=:,0*23
\s:66,c:1782377483*49\!AIVDM,1,1,,B,B3Eh0vP007sv59U@;qgQ3wcQjHN0,0*12
\s:66,c:1782377490*4B\!AIVDM,1,1,,B,405NIjivad`kM7b:G`5rLi?P253<,0*68
\s:66,c:1782377490*4B\!AIVDM,1,1,,B,19?sfV0P05P5hFN3O6ci>?vt2@Aw,0*36
\s:66,c:1782377485*4F\!AIVDM,1,1,0,A,34hC3Q?0@1nG;B0QIqv1argp00l0,0*30
\s:66,c:1782377488*42\!AIVDM,1,1,,A,1914hsPP00POhG8E6dM9sOvn2@@H,0*05
\s:66,c:1782377488*42\!AIVDM,1,1,,B,13l9@Eh7CFOi61>DuDIk=wvn053<,0*3D
\s:66,c:1782377489*43\!AIVDM,1,1,,A,152ISc0P00oWs>PBbwL>4?vp2000,0*06
\s:66,c:1782377488*42\!AIVDM,1,1,,A,13aGFK8P0c0HOKhNElpWCOvR0D56,0*3F
\s:66,c:1782377484*4E\!AIVDM,1,1,,B,139c7lPP010Vhf0NMhP7KwvdPH>=,0*46
\s:66,c:1782377488*42\!AIVDM,1,1,,A,H6:IwdQ<QDq<PDpOL0000000000,2*68
\s:66,c:1782377488*42\!AIVDM,1,1,,B,H6:IwdTmu2@B?F100000001@B23<,0*31
\s:66,c:1782377488*42\!AIVDM,1,1,,A,15E0El001w7V8v`2WlU8Wo2B0@@l,0*07
\s:66,c:1782377489*43\!AIVDM,1,1,,B,33bdPP301=P@CH6Mf852wBJn0000,0*04
\s:66,c:1782377489*43\!AIVDM,1,1,,A,33aGGAEP000Fg4:Mv?Ff4?vp0D=b,0*0E
\s:66,c:1782377491*4A\!AIVDM,1,1,,B,15O=dU0OiUq=6@0@wbT3wSJt08B;,0*72
\s:66,c:1782377491*4A\!AIVDM,1,1,,A,16;J=b000k8Sn7vFmHJ<kbDr0@Aq,0*7A
\s:66,c:1782377486*4C\!AIVDM,1,1,,B,13mI1a00001u8Wl`V8w;bA2n2D0o,0*00
\s:66,c:1782377488*42\!AIVDM,1,1,,B,B3MCFp@0D8>kNW5M5V4>`:f5l000,0*68
\s:66,c:1782377490*4B\!AIVDM,1,1,0,A,353:4F?0@pFEnp<QKADVVEDj00T0,0*65
\s:66,c:1782377489*43\!AIVDM,1,1,,B,B3`db700005V@07OVq?Q3wfQjDI:,0*09
\s:66,c:1782377489*43\!AIVDM,1,1,,B,83aGG6Pj2d<t=L>=>0hhO@O04?00,0*5A
\s:66,c:1782377491*4A\!AIVDM,1,1,,A,16136Q00193P;?>?pK9c9Htr0PS;,0*34
\g:1-2-5198485,s:66,c:1782377494*01\!AIVDM,2,1,5,B,55?dUeD2@l7o<GG7KF0u8TDqB0httpN222222216H`PJ<5g<0CTUH5SS,0*1E
\g:2-2-5198485*61\!AIVDM,2,2,5,B,`88888888888880,2*7A
\s:66,c:1782377483*49\!AIVDM,1,1,,A,15Mwr;P00;rdsCNG@KhISWTf0D5L,0*04
\s:66,c:1782377487*4D\!AIVDM,1,1,,B,36;:2P0P@U8Lu`@=rNHeHabj0PtQ,0*5F
\s:66,c:1782377482*48\!AIVDM,1,1,,A,13aKWv5P0fPH>;pNGPjII?vd20SU,0*6B
\s:66,c:1782377487*4D\!AIVDM,1,1,,B,B6:5RB00;B;c3d4H0E9Ci3N021Mk,0*4A
\s:66,c:1782377486*4C\!AIVDM,1,1,,B,13m;U3P0000L4r6Sgl6:=jdl08?L,0*0B
\s:66,c:1782377484*4E\!AIVDM,1,1,,B,19NSUi0w1n8lmrjCEQ9d<aob053<,0*65
\s:66,c:1782377483*49\!AIVDM,1,1,,A,13aDCQP000P@oaDMLTBv420f0000,0*18
\s:66,c:1782377484*4E\!AIVDM,1,1,,A,23aGuM@P00PDP`6MdTH>4?vh2D7a,0*05
\s:66,c:1782377483*49\!AIVDM,1,1,,A,33cSrV002<Pq75:EgBpIA7Vf00Uh,0*07
\s:66,c:1782377487*4D\!AIVDM,1,1,,B,33Skop00001?jvPH`U9@FqBl00=3,0*53
\g:1-2-5198486,s:66,c:1782377488*0F\!AIVDM,2,1,6,B,53Skop82H9;KT7W?7:0Q8498V22222222222220l1h>474bE0;D33hiH,0*19
\g:2-2-5198486*62\!AIVDM,2,2,6,B,888888888888880,2*21
\s:66,c:1782377489*43\!AIVDM,1,1,,A,19NSNm@P28QBssDFSKE1Wwvp2<0g,0*08
\s:66,c:1782377489*43\!AIVDM,1,1,,B,15SPgj5P?w<tSF0l4Q@>4?wv0PS3,0*12
\s:66,c:1782377486*4C\!AIVDM,1,1,,A,H3aC5K0h61<U8Dp400000000000,2*3D
\s:66,c:1782377488*42\!AIVDM,1,1,,A,H3aC5K4U0000000@2jjmj01`3320,0*46
\s:66,c:1782377488*42\!AIVDM,1,1,,A,C1W`n:h0E8:scQ0Sqd:>CweP6@2L?0HNL?1c11111110?1052120,0*31
\s:66,c:1782377488*42\!AIVDM,1,1,,A,ENjbW5g6TaaTW3h@@@@@@@@@@@@@Kj`M@W7V000000N0100,2*6D
\s:66,c:1782377489*43\!AIVDM,1,1,,B,13l3p6@02I81mRR:`v8B8Ajp08@u,0*59
\s:66,c:1782377489*43\!AIVDM,1,1,,B,15NOnw0P01rQdoTFKu@U`gvr2@A7,0*4E
\s:66,c:1782377486*4C\!AIVDM,1,1,,B,14SjsD001HPr6;BOCkVjUR:j2<20,0*3A
\s:66,c:1782377490*4B\!AIVDM,1,1,,A,B8Ht7=002Ao4krP<E:F9SwdUkP06,0*1F
\s:66,c:1782377486*4C\!AIVDM,1,1,,B,B5NuUrP00=qn394cS5V<gwe5l000,0*71
\s:66,c:1782377488*42\!AIVDM,1,1,,A,15?dKth01W708sl32ocTjkvl053<,0*10
\s:66,c:1782377487*4D\!AIVDM,1,1,,A,13l3p1P00BNqULf@6VR:3H0l08?v,0*46
\s:66,c:1782377489*43\!AIVDM,1,1,,A,13`k34001b0r?UHOu01@>h@r00S7,0*60
\s:66,c:1782377489*43\!AIVDM,1,1,,B,15Mwr;P007rdsC6G@KgaS7Vr0HA3,0*25
\s:66,c:1782377486*4C\!AIVDM,1,1,,A,19NSp`h122PEm>JECWmb;p<l2000,0*31
\s:66,c:1782377484*4E\!AIVDM,1,1,,B,1772Ji001w17NjHDJT0TH3Jh08>D,0*3C
\s:66,c:1782377483*49\!AIVDM,1,1,,B,36:Lb:PP@08W5@hD`Q?Qa1Dd015i,0*3A
\s:66,c:1782377487*4D\!AIVDM,1,1,,B,B08eT30001hVJ818t<RwvIe00000,0*2E
\s:66,c:1782377490*4B\!AIVDM,1,1,,B,13@pa3P01A0:hutMhUP91W:t00R`,0*35
\s:66,c:1782377491*4A\!AIVDM,1,1,,A,18I<pT00090PbFNO5b08RHnr00SR,0*6A
\s:66,c:1782377492*49\!AIVDM,1,1,,B,18IbI`8P2F7K?nN0eUvcpgvv0<<L,0*2F
\s:66,c:1782377488*42\!AIVDM,1,1,,B,13m:dJc0000KG`LSUEWcuWJn0L0M,0*6D
\s:66,c:1782377485*4F\!AIVDM,1,1,,A,3lhL3d500006W>>FA1wL;afd0000,0*0B
\s:66,c:1782377486*4C\!AIVDM,1,1,,A,14bGpf0000OeWfN31gJmta6f08?5,0*40
\s:66,c:1782377485*4F\!AIVDM,1,1,,B,13V>H0001`OPKaNK2h?A:htl0@?0,0*47
\s:66,c:1782377490*4B\!AIVDM,1,1,,B,19NSiGh01W8fB<`ApRnJr`ht053<,0*23
\s:66,c:1782377491*4A\!AIVDM,1,1,,B,B:U8L9P05W8NIVLFQgu?kwg5kP06,0*2B
\s:66,c:1782377489*43\!AIVDM,1,1,,B,H3`gOM4UC=D4=6K@4ookj0102310,0*30
\s:66,c:1782377489*43\!AIVDM,1,1,,B,33cSrV002=Pq6uHEgBIIAGVr00UP,0*53
\s:66,c:1782377490*4B\!AIVDM,1,1,,A,B3MCJ?0007v?SE7@eO<000N00000,0*5B
\s:66,c:1782377493*48\!AIVDM,1,1,,A,19NSE200A31C=UodTdUAciLJ0@Cc,0*5F
\s:66,c:1782377491*4A\!AIVDM,1,1,,A,3696h7Q000`MM:@ErNUpWIRt0DbJ,0*30
\s:66,c:1782377492*49\!AIVDM,1,1,,B,B5`VBGP00VTC7p3fTp;Q3wh1h000,0*69
\s:66,c:1782377494*4F\!AIVDM,1,1,,A,33tk>j00000mlUFPv3iAAQ1p0000,0*23
\s:66,c:1782377494*4F\!AIVDM,1,1,,A,16:5a`000u8fUEPA9GE8T5>v00S2,0*7E
\s:66,c:1782377494*4F\!AIVDM,1,1,,A,36:Lb:P0008W5@hD`Q@1a1E200v1,0*7B
\s:66,c:1782377489*43\!AIVDM,1,1,,A,17tNfohOiqW?vSv1OjlTakfh2@>M,0*3E
\s:66,c:1782377494*4F\!AIVDM,1,1,,A,13l3p6@02H81maH:`vdj9ik408DB,0*59
\s:66,c:1782377496*4D\!AIVDM,1,1,,A,13m:dJc0000KG`JSUEWKuWK60<0M,0*69
\s:66,c:1782377494*4F\!AIVDM,1,1,,A,1772Ji001w17Nw6DJSOTHCK00@D1,0*7A
\s:66,c:1782377490*4B\!AIVDM,1,1,,A,13HWdu7P0:09a=>MNu`0>gvr2HAP,0*3C
\s:66,c:1782377490*4B\!AIVDM,1,1,,A,33ku<6P02uOu@TvENwT8oW5p0000,0*20
\s:66,c:1782377491*4A\!AIVDM,1,1,,A,35PH9UP000J0>?VHueAti`Wp0000,0*5A
\s:66,c:1782377494*4F\!AIVDM,1,1,,A,19NS?aT01u7Qjv81sM5hQhJv0<0`,0*04
\s:66,c:1782377490*4B\!AIVDM,1,1,,A,38I;A305AWW`s7F66@`59DTB00uh,0*68
\s:66,c:1782377494*4F\!AIVDM,1,1,,A,18SR0s00007bMoV5uOD3=1ft0PS=,0*24
\s:66,c:1782377491*4A\!AIVDM,1,1,,A,13Ir=K9000KWD3h95Trr9hsp053<,0*63
\s:66,c:1782377493*48\!AIVDM,1,1,,B,33Hcrp0<P@PKG`NHTF7AQjW001qh,0*0A
\s:66,c:1782377494*4F\!AIVDM,1,1,,B,605Gd`v3b?Pp00000@OP0R00Qp26Fc3P1U0,2*55
\s:66,c:1782377495*4E\!AIVDM,1,1,,B,3815WJhOi45<5k6:gmgl`Ci601m0,0*37
\s:66,c:1782377495*4E\!AIVDM,1,1,,B,18Hscj0vQ1rBKGP5MVMFImI408DR,0*36
\s:66,c:1782377490*4B\!AIVDM,1,1,,A,18Ud;@30043OpFd@?Ss2;:jt0HAT,0*53
\s:66,c:1782377490*4B\!AIVDM,1,1,,A,34RogK001;OTHMnLVEqVbm0r0000,0*7F
\s:66,c:1782377489*43\!AIVDM,1,1,,B,B5OH@jP00Fn3A22WdJ;Q3wf1h000,0*2D
\g:1-2-5198487,s:66,c:1782377496*01\!AIVDM,2,1,7,B,552NPsT000000000000lV04lu:0TT0000000000U1p:66400054QA5kk,0*39
\g:2-2-5198487*63\!AIVDM,2,2,7,B,i80jE6@00000008,2*20
\s:66,c:1782377493*48\!AIVDM,1,1,,B,13l3pr@0000D?f4Me2H80Q300D6:,0*63
\s:66,c:1782377496*4D\!AIVDM,1,1,,A,B8Sjd7@009rLgkQPIT8KcwhVSP06,0*3D
\s:66,c:1782377492*49\!AIVDM,1,1,,A,13s7>V3P06wGf0@GV?f:vwvv2@Bk,0*63
\s:66,c:1782377491*4A\!AIVDM,1,1,,A,15O1VSg000JRgk@E3`If4;140000,0*69
\g:1-2-5198488,s:66,c:1782377495*0D\!AIVDM,2,1,8,B,53P9<9800000m147N21LTLQB1<<DpF222222220t0hG4640Ht4PkmiDo,0*2B
\g:2-2-5198488*6C\!AIVDM,2,2,8,B,l3lU4ohkmiDp880,2*21
\s:66,c:1782377494*4F\!AIVDM,1,1,,A,35NwSnP000JSdBPE7TOJD8Ap0000,0*45
\s:66,c:1782377491*4A\!AIVDM,1,1,,A,35O1VSP000JRgkBE3`I@0;1p0000,0*38
\s:66,c:1782377495*4E\!AIVDM,1,1,,A,19t6Uf@01fQFRB6Dk1;CTBi>0t2=,0*25
\s:66,c:1782377490*4B\!AIVDM,1,1,,A,13Hcrp0=P@PKG`2HTF51D2Hr08Ac,0*26
\s:66,c:1782377496*4D\!AIVDM,1,1,,A,13GQFKP000wH2NnH:p@>47;82@EA,0*78
\g:1-2-5198489,s:66,c:1782377491*08\!AIVDM,2,1,9,A,53cs5k82FLNDT9`B220D<v0hUHu8pv2222222217>Qr7K5dc0A1DhPkg,0*44
\g:2-2-5198489*6D\!AIVDM,2,2,9,A,RE4mS`888888880,2*50
\s:66,c:1782377493*48\!AIVDM,1,1,,A,13cs5k0wC7PTGQ<I1tpiqiS0053<,0*13
\s:66,c:1782377494*4F\!AIVDM,1,1,,A,13m>oO0PAq0I0W:Qnu4b=`140L3c,0*4B
\s:66,c:1782377496*4D\!AIVDM,1,1,,B,19NSoIhwP68k;CHA3qseMjTp0<7G,0*66
\s:66,c:1782377496*4D\!AIVDM,1,1,,B,13ku<6P030Ou@KTENvf`r75:0<4A,0*7D
\s:66,c:1782377497*4C\!AIVDM,1,1,,A,19NSR3@0BhEtB2nI2>tTRCW6053<,0*38
\s:66,c:1782377497*4C\!AIVDM,1,1,,B,6>m><Dh000clQD93>r:dP040,0*38
\s:66,c:1782377495*4E\!AIVDM,1,1,,A,13aGrpPP1NPD:LjMcrPkvOw4253<,0*62
\s:66,c:1782377497*4C\!AIVDM,1,1,,A,369oaEPOhD8cCKRFV@5J=pI800wQ,0*56
\s:66,c:1782377492*49\!AIVDM,1,1,,B,14eIMcPP00sM3k<ISOSmRU8v00RJ,0*42
\s:66,c:1782377496*4D\!AIVDM,1,1,,B,33m>oO0PAp0I0S<Qnu1J;Gw:00P0,0*41
\s:66,c:1782377495*4E\!AIVDM,1,1,,A,33Fv;L0000wW6PBDck6f439420T3,0*16
\s:66,c:1782377493*48\!AIVDM,1,1,,A,13KPf300191TbavRTf;sfwv00000,0*0D
\s:66,c:1782377487*4D\!AIVDM,1,1,,A,139qFLUP00PCp;6MG`Wf4?vnR53<,0*2D
\s:66,c:1782377487*4D\!AIVDM,1,1,,A,18I6ok002D9=m1>CtcW73m`l00Rv,0*06
\s:66,c:1782377487*4D\!AIVDM,1,1,,B,3:kJQoO001ri7Q5bl2gAjQNn0@DM,0*7D
\s:66,c:1782377483*49\!AIVDM,1,1,,A,402CmE1vad`kGOUNb4DNeFG0053<,0*23
\g:1-2-5198490,s:66,c:1782377306*09\!AIVDM,2,1,0,B,59NSbcH2GHr7DhAOJ21H4hTAE>05E=A84hU>2216P8bLF5g00GD5k80E,0*51
\g:2-2-5198490*65\!AIVDM,2,2,0,B,H88888888888880,2*57
\s:66,c:1782377487*4D\!AIVDM,1,1,,A,B:U8Uu0007GvHBvk@w9Bm2=02h06,0*70
\s:66,c:1782377489*43\!AIVDM,1,1,,B,19le7j000012LTIjpBDTsl>h08?3,0*2E
\s:66,c:1782377487*4D\!AIVDM,1,1,,A,13m9UIcP1K1bRC:`LDd8jwvl000@,0*1E
\s:66,c:1782377483*49\!AIVDM,1,1,,A,13E```PP0007S7NGTS`mN?vt0d29,0*4D
\s:66,c:1782377488*42\!AIVDM,1,1,,A,134@j`300IP26n6LbKoJ4p:l0<2a,0*21
\s:66,c:1782377487*4D\!AIVDM,1,1,,A,344fQCU000aKhn2Had@h06fl2000,0*71
\s:66,c:1782377484*4E\!AIVDM,1,1,,B,13HK8b002NP6js6Ltde0q0nf0PSH,0*70
\s:66,c:1782377487*4D\!AIVDM,1,1,,A,33ku:qQ0001KDjfBHMa;c:Vl0DrJ,0*12
\s:66,c:1782377487*4D\!AIVDM,1,1,,A,18Htl5PP0AWF<Ql10aL;LOvn253<,0*2F
\s:66,c:1782377487*4D\!AIVDM,1,1,,B,H3sR@NQ<DpPu860@v0@uE8t0000,2*0B
\s:66,c:1782377125*40\!AIVDM,1,1,,A,H3sR@NTt71B=9>03C69j000`D330,0*2D
\s:66,c:1782377481*4B\!AIVDM,1,1,,A,33mNA280000tCGLV==AoRbUp0000,0*1F
\s:66,c:1782377494*4F\!AIVDM,1,1,,A,B39U<hP0Dh0C;SW@HLrCOwhUkP06,0*22
\s:66,c:1782377094*4B\!AIVDM,1,1,,A,13`hquhP00PBf;@Mfnq0ggvv08D>,0*69
\s:66,c:1782377494*4F\!AIVDM,1,1,,B,15UH<D80093S5Tt@9du5B0542@D1,0*19
\s:66,c:1782377496*4D\!AIVDM,1,1,,A,18Js5d8P027L7u20gGmSugw00HBf,0*01
\s:66,c:1782377495*4E\!AIVDM,1,1,,A,1815T4@00N`hvjvA103dr0Bj053<,0*50
\s:66,c:1782377496*4D\!AIVDM,1,1,,B,18LCiN0vPbrAwnr5ImkqOoQ600RC,0*75
\s:66,c:1782377493*48\!AIVDM,1,1,,A,13c=aV?000PDDDFMd<qdNiw00DF:,0*78
\s:66,c:1782377497*4C\!AIVDM,1,1,,A,B8Sjd0h009rLmGQP<U6?gwi6SP06,0*5F
\s:66,c:1782377492*49\!AIVDM,1,1,,B,13GRCD0P00P:HBNM<S8@0?vv20Rw,0*09
\s:66,c:1782377497*4C\!AIVDM,1,1,,A,19NSO`P02?8?CB@<cCNbHpE60L0i,0*69
\s:66,c:1782377495*4E\!AIVDM,1,1,,B,402R3dAvad`kR0n7AdQIf9W00D8>,0*63
\s:66,c:1782377492*49\!AIVDM,1,1,,B,13Hp6mP000P9bC8M;fSK?TC22<0d,0*1C
\s:66,c:1782377497*4C\!AIVDM,1,1,,B,ENlH4gg:2ab@90PP00000000000@009V01f5H1088;j010,4*1C
\s:66,c:1782377496*4D\!AIVDM,1,1,,A,18I12h001s8Bi<8;Hd;9C7Q80@E?,0*5A
\s:66,c:1782377495*4E\!AIVDM,1,1,,B,ENmS?MdQ:Wdh77o@I00000000003Ve<r3gHMP00000N000,4*55
\s:66,c:1782377492*49\!AIVDM,1,1,,A,15?dT?h01Fb=BQ0GrR<C?jS22HC;,0*6F
\s:66,c:1782377496*4D\!AIVDM,1,1,,B,13UA?q0P001`tgRG@868`ww:0@E>,0*6D
\s:66,c:1782377496*4D\!AIVDM,1,1,,B,B7f6EH@00lpCjOM9=AlA7wgUh000,0*38
\s:66,c:1782377492*49\!AIVDM,1,1,,A,13nCW600290IOWvQn;KKPaD80d46,0*6B
\s:66,c:1782377497*4C\!AIVDM,1,1,,B,15Co6D0000W=ioh7Q:`CLn?<08Ev,0*1E
\s:66,c:1782377498*43\!AIVDM,1,1,,B,13cdfdWP01Pt?L>D`>`f4?w620Rn,0*25
\s:66,c:1782377491*4A\!AIVDM,1,1,,A,15Ctaj002964cdF3BN;kIju@0U3<,0*45
\s:66,c:1782377498*43\!AIVDM,1,1,,A,ENkb:f2`7TW:@17W4b0h6:@@@@@;WSE`:lK9H00003vP000,2*26
\s:66,c:1782377487*4D\!AIVDM,1,1,,B,17mRNd@3l97Jk<`0`149fgvd053<,0*2F
\s:66,c:1782377487*4D\!AIVDM,1,1,,A,1:5d1P0P03WOHet13Ao;45th20Sp,0*14
\s:66,c:1782377481*4B\!AIVDM,1,1,,A,13Ij>67P0KP4kk0Ln?1l`?v`2<1>,0*4F
\s:66,c:1782377482*48\!AIVDM,1,1,,A,B819kDP00hGLQ?UMVemjIKv00000,0*4E
\s:66,c:1782377481*4B\!AIVDM,1,1,,A,35O;pcd00tIh`bTAG5Ei=Psp0000,0*51
\s:66,c:1782377487*4D\!AIVDM,1,1,,A,ENl4bcpd56R8hJh4@@@@@@@@@@@4G;Ag8VtBH00003v010,4*39
\s:66,c:1782377489*43\!AIVDM,1,1,,B,19NSW?P02hSMWt;qG8nB`j>p00SB,0*13
\s:66,c:1782377483*49\!AIVDM,1,1,,B,19NST>P1229jDn2D1b78E6`d08=m,0*47
\s:66,c:1782377483*49\!AIVDM,1,1,,A,142O2w@P16R1fw:E1:EqG?vd2000,0*56
\s:66,c:1782377487*4D\!AIVDM,1,1,,B,13A35f000;0LPtbO39udB:pn0@?l,0*26
\s:66,c:1782377489*43\!AIVDM,1,1,,B,ENjbW8w6TaaTW3h@@@@@@@@@@@@@KO2C@RuD800000N0100,2*57
\s:66,c:1782377489*43\!AIVDM,1,1,,A,177MO<001g0?1`hE=M=CM2fj0<5k,0*23
\s:66,c:1782377478*4D\!AIVDM,1,1,,A,13aHUJ5P0WPMH4NNb3;bc?vb2H<C,0*34
\s:66,c:1782377487*4D\!AIVDM,1,1,,B,15Q;tF002>WCuwH1941;raVp00SS,0*28
\s:66,c:1782377487*4D\!AIVDM,1,1,,B,152NIA@P00JRauFE5NAsBwvp28?t,0*71
\s:66,c:1782377489*43\!AIVDM,1,1,,A,B7`NiK00039VgLrW<>kQ3wf1jD@J,0*32
\s:66,c:1782377488*42\!AIVDM,1,1,,B,34eGdb0001sM5sFIS3JTMapn2000,0*3E
\s:66,c:1782377488*42\!AIVDM,1,1,,B,1772Ts0121OMbG:Jc;=Q=@vp2H@P,0*71
\s:66,c:1782377489*43\!AIVDM,1,1,,A,403t@Sivad`kL`:0jF<aKLW00L;R,0*45
\s:66,c:1782377489*43\!AIVDM,1,1,,B,19NSFm@02=1?iLGda==M0:Nt08A;,0*02
\s:66,c:1782377489*43\!AIVDM,1,1,,A,B39Qg500<H=W0AWkoqs<JSv00000,0*30
\s:66,c:1782377490*4B\!AIVDM,1,1,,B,33AG341000LQVlAi1=@T:7@t0Dg:,0*22
\s:66,c:1782377486*4C\!AIVDM,1,1,,A,35MrbQ5000J`o@jFC4@=r@vh0000,0*26
\s:66,c:1782377489*43\!AIVDM,1,1,,B,16:8?LP0048;lR2<pV>1s74p053<,0*27
\s:66,c:1782377492*49\!AIVDM,1,1,,A,160kIc0000SP1qv?pI93kr`v053<,0*6C
\s:66,c:1782377489*43\!AIVDM,1,1,,A,19s>Ung001R4GUvGLWrn1hvr053<,0*1B
\s:66,c:1782377492*49\!AIVDM,1,1,,A,B8Sjcu@009rMtMQPBGKC?wfVSP06,0*7D
\s:66,c:1782377492*49\!AIVDM,1,1,,B,15NMwW;000rdSq`GBMt2Nb0t053<,0*31
\s:66,c:1782377493*48\!AIVDM,1,1,,A,13m6<a00001dB1t`J`ArOoE00@CL,0*23
\s:66,c:1782377494*4F\!AIVDM,1,1,,A,17ldsLPP007aCmStQe3lBOw2253<,0*63
\s:66,c:1782377493*48\!AIVDM,1,1,,B,15O8kW0000o?eDBE`HFq:ia0053<,0*0B
\g:1-2-5198491,s:66,c:1782377493*03\!AIVDM,2,1,1,A,55CbeF82:DBpQ1IV220m<>0DhDtpu860TTV22217G8B@?udh0D4PEQCS,0*2A
\g:2-2-5198491*64\!AIVDM,2,2,1,A,PH8888888888880,2*3D
\s:66,c:1782377493*48\!AIVDM,1,1,,A,19NSiM@00:84<49t8uR:PU;0053<,0*05
\s:66,c:1782377492*49\!AIVDM,1,1,,A,14eGjK001EG4eDHLLbjmMT>t0000,0*78
\s:66,c:1782377494*4F\!AIVDM,1,1,,A,19NSFm@02=1?iHKda>2e1bM6053<,0*4D
\s:66,c:1782377485*4F\!AIVDM,1,1,,A,169Dc8P014`eUSDA=?@f3;:h053<,0*10
\s:66,c:1782377494*4F\!AIVDM,1,1,,A,15Q;tF002=WCuqL194QcraW40<<P,0*37
\s:66,c:1782377494*4F\!AIVDM,1,1,,A,19NSkah02;;1`>3hGb7numa40D02,0*20
\s:66,c:1782377497*4C\!AIVDM,1,1,,A,13UPo78P01Qd3hdEf1;>4?w:2HEu,0*01
\s:66,c:1782377498*43\!AIVDM,1,1,,B,15N06Ld003o?OolEfki@=@1<253<,0*77
\s:66,c:1782377487*4D\!AIVDM,1,1,,A,B3EeSm00081vdN5qDGcQ3we5oP06,0*74
\s:66,c:1782377483*49\!AIVDM,1,1,,A,19NSsth0Qb03UCNLo:gBu2Jb08=d,0*06
\s:66,c:1782377487*4D\!AIVDM,1,1,,A,138nWD0wAb93dfVBM3k1M1Hj0@?u,0*59
\s:66,c:1782377485*4F\!AIVDM,1,1,,A,36;bl:300081Pfd<1L2uii>j0DP=,0*3F
\s:66,c:1782377489*43\!AIVDM,1,1,,B,15?dUV002BSn<OAvibkp=nVp253<,0*1D
\s:66,c:1782377486*4C\!AIVDM,1,1,,B,B5O4R60006T?9tSfldKQ3we1h000,0*02
\s:66,c:1782377483*49\!AIVDM,1,1,,B,169pQ7`P0i8LOc0EwSm9Hgvf0=0P,0*6B
\s:66,c:1782377481*4B\!AIVDM,1,1,,B,B3HRLvP00gt9VuVlmqSQ3wV5l000,0*72
\s:66,c:1782377490*4B\!AIVDM,1,1,,A,ENkaU1<Jh@@@@@@@@@@@@@@@@@@<hMQv8V7=800003vP000,2*18
\s:66,c:1782377489*43\!AIVDM,1,1,,B,33bahf00200DheRO8Hi9`7tn00qi,0*3B
\g:1-2-5198492,s:66,c:1782377482*00\!AIVDM,2,1,2,B,53Ibto82>=d8Hla:221<EHDr1<U=@E9>222222163ii7B5dee=Q2AD41,0*17
\g:2-2-5198492*67\!AIVDM,2,2,2,B,O?OSQEj0EQC`880,2*30
\s:66,c:1782377484*4E\!AIVDM,1,1,,A,16:5TD001Q`jp7lCfJRGhn4j2D1N,0*54
\s:66,c:1782377486*4C\!AIVDM,1,1,,A,17WK9mP01rP;V?2McSn`OFlh0U3<,0*6F
\s:66,c:1782377488*42\!AIVDM,1,1,,B,369FS=PPAS8iBtPA?kn=hc8n0141,0*0B
\s:66,c:1782377489*43\!AIVDM,1,1,,B,1779c>001m7Udsd2a0giaQ@t00RE,0*43
\s:66,c:1782377485*4F\!AIVDM,1,1,,A,13LBT800001QtVTRUF`5qWN00000,0*1C
\s:66,c:1782377492*49\!AIVDM,1,1,,A,13dPgW@P00Q2J3pDRvJv4?w02D1>,0*33
\s:66,c:1782377483*49\!AIVDM,1,1,,A,33Ibto0vRG01pl<LqBTUFT:b0DSM,0*3A
\s:66,c:1782377488*42\!AIVDM,1,1,,A,13aHle@000PWnJrNI?4@2pDh0<1s,0*49
\s:66,c:1782377485*4F\!AIVDM,1,1,,B,139ews?P000oKH2Nwt:uCgvh0<1w,0*0C
\s:66,c:1782377487*4D\!AIVDM,1,1,,A,19NSL@m02UGR16rBsC8EDlBl00Rn,0*50
\s:66,c:1782377491*4A\!AIVDM,1,1,,A,13l3nSP122wow6fLembaport00Rf,0*72
\s:66,c:1782377492*49\!AIVDM,1,1,,A,14S7N40wR3r=0s<AB3KU03s20HBu,0*08
\s:66,c:1782377487*4D\!AIVDM,1,1,,A,13lh0600@51`?<<ElE5e:FJn0000,0*59
\s:66,c:1782377487*4D\!AIVDM,1,1,,B,16:A@IQ0008OGrhFA693Jntj0000,0*1A
\s:66,c:1782377487*4D\!AIVDM,1,1,,A,34aVdB1tiBSNbv`@@h=3WRfp2VL3,0*59
\s:66,c:1782377489*43\!AIVDM,1,1,,B,14eI?Tm01Eo;k1HL72Qq@7Jn0<6J,0*42
\s:66,c:1782377491*4A\!AIVDM,1,1,,A,ENk:2hhb94PV@4h92S@87TW:@7@KUhk:=n=oh00003vP10,4*7C
\s:66,c:1782377486*4C\!AIVDM,1,1,,B,36K3J>@PAj9jNs0D33t2:Qbj015h,0*74
\s:66,c:1782377490*4B\!AIVDM,1,1,,B,4>kvm`iuJl`kM2kAgb<CG;A008Aa,0*04
\s:66,c:1782377487*4D\!AIVDM,1,1,,A,B8Ht0LP00Qng9KP;v1Dsowe5kP06,0*08
\s:66,c:1782377489*43\!AIVDM,1,1,,A,16K3J>@01j9jNulD348R7ibp08A=,0*13
\s:66,c:1782377488*42\!AIVDM,1,1,,A,EhHPV`A4:VbV2WHP000000000000J1>sBU9`@00003e000,4*2F
\s:66,c:1782377492*49\!AIVDM,1,1,,A,19NSrGhv@;8m:`FAPg<dl@Jr00SS,0*10
\s:66,c:1782377488*42\!AIVDM,1,1,,B,E>jLTuw20b0h1:Wdh:0W3Ra6RR0OkLrJ:AW8840PPPf@20,4*15
\s:66,c:1782377487*4D\!AIVDM,1,1,,B,369>`TU03j`eH6:AsL@h@aNn200B,0*49
\s:66,c:1782377487*4D\!AIVDM,1,1,,B,33aGtw5P000EfLVMw`wv4?vnPDJb,0*18
\s:66,c:1782377489*43\!AIVDM,1,1,,A,B8SpdR@08J3>FkQwm3RbGwe73P06,0*24
\s:66,c:1782377490*4B\!AIVDM,1,1,,B,1815DD0wB0wGMOPLI5uCEBV`0@AW,0*2E
\s:66,c:1782377492*49\!AIVDM,1,1,,B,19NSsth01b03UP8Lo:wjuRJt0D26,0*6F
\g:1-2-5198493,s:66,c:1782377209*04\!AIVDM,2,1,3,B,56:A@I`000008hMWB20eDt<4pM<P4s>222222216=hB:85dP0@@hCp1`,0*50
\g:2-2-5198493*66\!AIVDM,2,2,3,B,12@C`8888888880,2*7C
\s:66,c:1782377494*4F\!AIVDM,1,1,,A,16Sf?oPP019=RWTD54j7>3u0053<,0*4A
\s:66,c:1782377494*4F\!AIVDM,1,1,,A,39NSt75000`gRi8AC=qKTDO20Dg:,0*32
\s:66,c:1782377488*42\!AIVDM,1,1,,A,340UulUP1WPNijbMLF;hl?vnR3Dk,0*50
\s:66,c:1782377489*43\!AIVDM,1,1,,A,13cdlIgP0NPt1qpE=CM<nwvr2000,0*0E
\s:66,c:1782377489*43\!AIVDM,1,1,,B,16:62bP01I8hmItAlFMnr5Dr053<,0*55
\s:66,c:1782377490*4B\!AIVDM,1,1,,B,13Ibto0vBG01pupLqAeUFT:p0D0S,0*23
\s:66,c:1782377490*4B\!AIVDM,1,1,,B,19NSNbh0RRP09fHLqB7IrWrh0@Al,0*50
\s:66,c:1782377494*4F\!AIVDM,1,1,,B,13ktuW?000QBpk<G?qj=tc;000SK,0*7B
\s:66,c:1782377495*4E\!AIVDM,1,1,,A,15?dUV002DSn<Jmvib0HHnW4253<,0*62
\s:66,c:1782377492*49\!AIVDM,1,1,,A,15MmIp0000sUjF065CEdkbE200Rh,0*24
\s:66,c:1782377495*4E\!AIVDM,1,1,,A,19TH18001jQFLG4Dt?7SqS380D1E,0*0A
\s:66,c:1782377495*4E\!AIVDM,1,1,,B,1778bi000v8gchHAhEOSARQ60D9g,0*53
\s:66,c:1782377494*4F\!AIVDM,1,1,,A,B3mnaCP008?OEoag9Ir9swi5oP06,0*18
\s:66,c:1782377495*4E\!AIVDM,1,1,,B,13mN1J0000PIl:>Sbu6r39s6053<,0*4B
\s:66,c:1782377494*4F\!AIVDM,1,1,,B,13mG;r00000ec6vPu9N0FD;608DA,0*52
\s:66,c:1782377494*4F\!AIVDM,1,1,,A,15?dUk0000rCiG`57oH9<AO428DH,0*24
\s:66,c:1782377494*4F\!AIVDM,1,1,,B,19N`2lP0280C3vjMIiUicA?6053<,0*1B
\s:66,c:1782377494*4F\!AIVDM,1,1,,A,78I8>81RMpD`,0*24
\s:66,c:1782377488*42\!AIVDM,1,1,,A,3CgiMH?Oh@NE8CrV6pGuNJ0n004B,0*09
\s:66,c:1782377490*4B\!AIVDM,1,1,,A,13cvdb3uib16aK2D?9jTa3jp000P,0*31
\s:66,c:1782377491*4A\!AIVDM,1,1,,B,13uDkH00001AdQTQrUiAeRK00d0R,0*00
\s:66,c:1782377491*4A\!AIVDM,1,1,,A,33U9?j401A1d29@FFvVr`8Qp0000,0*5E
\s:66,c:1782377490*4B\!AIVDM,1,1,,A,13lQ340OhGK`Fs`8EhNlvDFt08AW,0*19
\s:66,c:1782377496*4D\!AIVDM,1,1,,B,138p1:00109=`GnD1;pM=:kL0<7J,0*0A
\s:66,c:1782377497*4C\!AIVDM,1,1,,B,17tKqU@P0QWHOUJ0mMVU3gw820RV,0*08
\s:66,c:1782377490*4B\!AIVDM,1,1,,B,403t>`AuJl`kM`eR2v@t92700<8L,0*3F
\s:66,c:1782377493*48\!AIVDM,1,1,,B,16:L=i0P008VbohD`m?8Ogw00@CD,0*3D
\s:66,c:1782377496*4D\!AIVDM,1,1,,B,14eIT@@01jPjVFNQ2<T<Oaw40<6j,0*5D
\s:66,c:1782377488*42\!AIVDM,1,1,,A,33ma6j70000hKv:Q1`49VIWp0000,0*1B
\s:66,c:1782377492*49\!AIVDM,1,1,,A,13UcM`001sONG3pK3SC1LQ700@C8,0*30
\s:66,c:1782377497*4C\!AIVDM,1,1,,A,13ap52001ivf8g<;85L>0K;40@EN,0*52
\s:66,c:1782377490*4B\!AIVDM,1,1,,A,13`j7c5001PG?:8NOgeob4Lr0000,0*50
\s:66,c:1782377491*4A\!AIVDM,1,1,,A,15OEs1UOh2JRPQdE6BiaJovv0<1G,0*31
\s:66,c:1782377498*43\!AIVDM,1,1,,B,34qiqwPPANsVKHP9@SAmsDU401`@,0*34
\s:66,c:1782377492*49\!AIVDM,1,1,,A,142M8t000024k:lGMtMPva91p8Br,0*2F
\s:66,c:1782377498*43\!AIVDM,1,1,,A,B34LpTP0086`vFV:MA8000N00000,0*13
\s:66,c:1782377488*42\!AIVDM,1,1,,B,1815avh01o0f2?6Q73J:upfl0d5D,0*5B
\s:66,c:1782377488*42\!AIVDM,1,1,,A,19NSG<0037JwFVr9LR>AsAVn0L01,0*3C
\s:66,c:1782377488*42\!AIVDM,1,1,,B,1770D00w2I8=atJ<a<kkJjhp0D2w,0*5E
\s:66,c:1782377484*4E\!AIVDM,1,1,,B,39C7En0uP78rSCTC8rVGH8`h02nQ,0*01
\s:66,c:1782377481*4B\!AIVDM,1,1,,B,13MClwh02>P<bAHN9OOqgWfT0@<P,0*79
\s:66,c:1782377469*4D\!AIVDM,1,1,,A,1:U7Dn0000M4A0ckNuwsQm2@053<,0*1E
\s:66,c:1782377489*43\!AIVDM,1,1,,A,18SJR:002`83hOh8OaG7WV:d08@s,0*4A
\s:66,c:1782377483*49\!AIVDM,1,1,,B,16K2bgPOh59jUGlD3UR4H3Dh08=i,0*7E
\s:66,c:1782377490*4B\!AIVDM,1,1,,B,36TBoF5000a=;@4Cu0n`Nqbn0Dfb,0*42
\s:66,c:1782377491*4A\!AIVDM,1,1,,A,35?db6Ew@06TFB8<fGwrCGO00DkJ,0*05
\s:66,c:1782377487*4D\!AIVDM,1,1,,B,B52iq3@006TGLR3mj5oQ3weQjECJ,0*59
\s:66,c:1782377488*42\!AIVDM,1,1,,B,14eI9Mh000o=4F:L=4KbFJBp0H@H,0*18
\s:66,c:1782377491*4A\!AIVDM,1,1,,A,403t>Vivad`kD`fp<fA@@G70053<,0*7F
\s:66,c:1782377487*4D\!AIVDM,1,1,,A,13cl=u0P000`jglIJ?H74gvh08?s,0*78
\s:66,c:1782377491*4A\!AIVDM,1,1,,B,BS`dd2@09otOF8Vw1aTGkwg5j000,0*73
\s:66,c:1782377490*4B\!AIVDM,1,1,,,13IpPL0vjfsWRd48Jt4mslhr8000,0*7E
\s:66,c:1782377492*49\!AIVDM,1,1,,B,1:U7K70vP;M7GMik@WMD`i70053<,0*75
\s:66,c:1782377488*42\!AIVDM,1,1,,A,38W>H15000Pi3jFRApBmoQpl8Ds:,0*45
\s:66,c:1782377492*49\!AIVDM,1,1,,B,19NSgB01P@4w0bT<tkv02hDt0<55,0*42
\s:66,c:1782377493*48\!AIVDM,1,1,,B,19NSeGhPAC8iJDd@wWSK3a500HC7,0*30
\s:66,c:1782377491*4A\!AIVDM,1,1,,A,15O9p5d000rdSk>GBMdTdhTt053<,0*0B
\s:66,c:1782377491*4A\!AIVDM,1,1,,A,169L1mhP008gS<FA9I1f4?vr2d3w,0*3D
\s:66,c:1782377486*4C\!AIVDM,1,1,,A,H52aAri<ti=@T<D000000000000,2*20
\s:66,c:1782377486*4C\!AIVDM,1,1,,A,H52aArlU0000000BBhhill0h<320,0*0E
\s:66,c:1782377489*43\!AIVDM,1,1,,A,17Ojl=P001bl;widWwE>45hp2H@b,0*60
\s:66,c:1782377489*43\!AIVDM,1,1,,B,16:9L?PP198NaVPFA0>9ggvp0NaH,0*2A
\s:66,c:1782377492*49\!AIVDM,1,1,,B,13c`EJ0P000e1i4I?FSP0?w00HC>,0*0C
\s:66,c:1782377493*48\!AIVDM,1,1,,A,1815VSh01N2C1K=gP=;=@b`v00S6,0*62
\s:66,c:1782377488*42\!AIVDM,1,1,,A,18SK4u0P1IWjnvd8e>au?wvn2H@U,0*67
\s:66,c:1782377488*42\!AIVDM,1,1,,A,13LBFM001C1R4PpRVfTWmVH00000,0*06
\s:66,c:1782377492*49\!AIVDM,1,1,,B,162?@10P016T=3D<hT2G4?vt0<0g,0*30
\s:66,c:1782377490*4B\!AIVDM,1,1,,B,36K2bgP0059jUH8D3UR4H3Fv00s@,0*73
\s:66,c:1782377494*4F\!AIVDM,1,1,,A,B7mFA1000r5ei9wl6j0f3wh2T0T8,0*4D
\s:66,c:1782377493*48\!AIVDM,1,1,,B,16S`kt001ra=aw@Cwtk5p4c008CB,0*47
\s:66,c:1782377487*4D\!AIVDM,1,1,,B,23aNaC0P0aPDQKFMe?<7COvn2D7`,0*79
\s:66,c:1782377492*49\!AIVDM,1,1,,B,402Q:gQvad`kOQWdgTIR53?0253<,0*32
\s:66,c:1782377496*4D\!AIVDM,1,1,,A,19NSiq@01Q7Vt=B2alC`DVe400S4,0*69
\s:66,c:1782377492*49\!AIVDM,1,1,,B,B52jhn000>`NBnUTe>>n3wh5T000,0*77
\s:66,c:1782377495*4E\!AIVDM,1,1,,A,16:=pn`P008dqL:AsQ5v4?vh2PS:,0*6D
\s:66,c:1782377491*4A\!AIVDM,1,1,,B,38T<ep00007b@J85tT9V224v00pA,0*3D
\s:66,c:1782377496*4D\!AIVDM,1,1,,B,35OBfaPOh`q=6hF@tO>:epW600v@,0*57
\s:66,c:1782377490*4B\!AIVDM,1,1,,B,33cO2p5000Qs8Q4RTat2sG>r2Do:,0*4B
\s:66,c:1782377497*4C\!AIVDM,1,1,,B,1815P3h01lP<DahMIt@c8`i400St,0*1E
\s:66,c:1782377496*4D\!AIVDM,1,1,,A,13IotP002gOtB<6LnkgmiTJd80SP,0*5B
\s:66,c:1782377492*49\!AIVDM,1,1,,A,13IbAP000004vG`LTVAW27Lr08Bc,0*01
\s:66,c:1782377483*49\!AIVDM,1,1,,A,169L1`P0?w<tSF0l4Q@>467v0`<5,0*2D
\s:66,c:1782377484*4E\!AIVDM,1,1,,B,14UL`t001L8dB3n?H8eHnnrh0@>4,0*11
\s:66,c:1782377488*42\!AIVDM,1,1,,A,4h5GdOQuJl`kH7Ko:t0h7kW00D7w,0*68
\s:66,c:1782377490*4B\!AIVDM,1,1,,B,139waJPP1LPIulLN6ElK8wvbR0Ro,0*6D
\s:66,c:1782377486*4C\!AIVDM,1,1,,B,13cJMr30000O?ahNUWg:7prh00S`,0*04
\s:66,c:1782377486*4C\!AIVDM,1,1,,B,B3?qq700>83hNkUa5cEp?wdQl000,0*52
\s:66,c:1782377488*42\!AIVDM,1,1,,A,13JMDd00011w;@fGI=qLUV>d00RN,0*12
\s:66,c:1782377489*43\!AIVDM,1,1,,B,13R1Tp0000Qd5e4Ef45au`Bd0<4I,0*30
\g:1-2-5198494,s:66,c:1782377489*0D\!AIVDM,2,1,4,A,53Jg1P42:kR?TP;OOOLE8lU?:22222222222221J28E435tC03PAp2kl,0*48
\g:2-2-5198494*61\!AIVDM,2,2,4,A,k@Dp88888888880,2*3F
\s:66,c:1782377486*4C\!AIVDM,1,1,,B,B3aBMU00005iggWNq3sQ3we1jDn:,0*20
\s:66,c:1782377490*4B\!AIVDM,1,1,,A,:6@F@>1Imo=P,0*45
\s:66,c:1782377490*4B\!AIVDM,1,1,,A,15DcB:00007JDd:0do<555br08Al,0*1D
\s:66,c:1782377489*43\!AIVDM,1,1,,,B5O4QPP00K=pDtMVaKsQ3wfQl000,0*30
\s:66,c:1782377487*4D\!AIVDM,1,1,,B,13iPdN0P1APCdh:MGv@=Mwvn2<9E,0*50
\s:66,c:1782377484*4E\!AIVDM,1,1,,A,H52S?M0hTHE>061M8D<d0000000,2*1B
\s:66,c:1782377484*4E\!AIVDM,1,1,,A,H52S?M4U00000000000000000000,0*29
\s:66,c:1782377488*42\!AIVDM,1,1,,A,13wl0wP00Q0=AIrN:E?IB7>p053<,0*78
\g:1-2-5198495,s:66,c:1782377488*0D\!AIVDM,2,1,5,B,5815RL`2DHd=KL7GOOL<5@PE8TpF0M84<F22221@BHS9G5c90AiDhC1p,0*3A
\g:2-2-5198495*60\!AIVDM,2,2,5,B,888888888888880,2*22
\s:66,c:1782377484*4E\!AIVDM,1,1,,A,15Mtir0P00oWkc6Be2kN4?vh2000,0*41
\s:66,c:1782377490*4B\!AIVDM,1,1,,B,14`aQ30vBSrJP6N>wvaT53Br853<,0*3A
\s:66,c:1782377485*4F\!AIVDM,1,1,,A,B6lLGp009R:HJ0256T5jGwv63P06,0*09
\s:66,c:1782377490*4B\!AIVDM,1,1,,B,13f1QD0P1h0ReapI1m:Imgvp08AS,0*3A
\s:66,c:1782377486*4C\!AIVDM,1,1,,B,15?da5h01w09=hpE:DpBmREL0HK3,0*23
\s:66,c:1782377489*43\!AIVDM,1,1,,A,33o2MaPo0=0lOWRU:K3bN2Qp0000,0*5B
\s:66,c:1782377487*4D\!AIVDM,1,1,,B,33d1Ou0t@90VL:vGGeqJbRNj00h0,0*03
\s:66,c:1782377490*4B\!AIVDM,1,1,,A,19NSi>hw3;4oLc;vT5<jpR@p0Gww,0*18
\s:66,c:1782377486*4C\!AIVDM,1,1,,A,13bq96001NOOdR<Jl=HQ5hln08?h,0*4F
\s:66,c:1782377486*4C\!AIVDM,1,1,,A,13LBaV00001P<kDRb4F6dUB00000,0*58
\s:66,c:1782377489*43\!AIVDM,1,1,,B,14R2L6002Swpj:>LgPNInGlp8<51,0*7B
\s:66,c:1782377493*48\!AIVDM,1,1,,B,19NSlhh005JBi<`5LiAv4452253<,0*7C
\s:66,c:1782377485*4F\!AIVDM,1,1,,B,1:p>FH0P00JPTIr4RiQKpwvj053<,0*7F
\s:66,c:1782377490*4B\!AIVDM,1,1,,A,33gUP;gOhHNfcn`V79Ci<ARv00kQ,0*23
\s:66,c:1782377492*49\!AIVDM,1,1,,A,19NSmNh12Q45vBwqH>EiJQ>t08Bn,0*36
\s:66,c:1782377489*43\!AIVDM,1,1,,A,B4eJA>0003=>i?uVJl`000N00000,0*7D
\s:66,c:1782377493*48\!AIVDM,1,1,,A,B4eJA>000k=>i>uVJlh000N00000,0*2C
\s:66,c:1782377494*4F\!AIVDM,1,1,,B,B3l96V0000:qb?UnVIsQ20@1l000,0*5E
\s:66,c:1782377494*4F\!AIVDM,1,1,,A,36@F@>1000Ss:66,0*18
\s:66,c:1782377492*49\!AIVDM,1,1,,,147GUl001M1cMjDQQ:O:M8Jv1000,0*61
\s:66,c:1782377488*42\!AIVDM,1,1,,A,16:4gsP01L`iv`rCMm=VwUPn253<,0*57
\s:66,c:1782377493*48\!AIVDM,1,1,,A,13V?b2001uWIgR20dTpK2`i20L@u,0*3B
\s:66,c:1782377494*4F\!AIVDM,1,1,,B,15N:`I0000rdOsrG@Cupo5e40@Cq,0*2C
\s:66,c:1782377494*4F\!AIVDM,1,1,,B,4h5GdOQuJl`kR7Ko:t0h7kW00D7w,0*71
\s:66,c:1782377494*4F\!AIVDM,1,1,,A,339S2=5P?wPfKh:O5D2v4?w4P000,0*13
\s:66,c:1782377494*4F\!AIVDM,1,1,,A,18SJFr8P007aGep;qjC9s?vt08EF,0*71
\s:66,c:1782377492*49\!AIVDM,1,1,,A,B7m:0AP009o<SsP9bt@wgwgWkP06,0*3A
\s:66,c:1782377492*49\!AIVDM,1,1,,B,H7m:0APlUA860`5T60UJ2222220,2*40
\s:66,c:1782377492*49\!AIVDM,1,1,,B,H7m:0ATl93?4=ISI42lqhh000000,0*30
\g:1-2-5198496,s:66,c:1782377415*0A\!AIVDM,2,1,6,A,56:ELmT2ET8D999P000`TpN0P4V1PTpN22222216:h@885dgN;@hCiQB,0*58
\g:2-2-5198496*63\!AIVDM,2,2,6,A,A2@CP0000000000,2*32
\s:66,c:1782377491*4A\!AIVDM,1,1,,B,36:9AsQP027jw3d;ou1=wwvh02li,0*5B
\s:66,c:1782377488*42\!AIVDM,1,1,,B,16:9tUP0048RqJ0EpR6crb2n0<;u,0*39
\s:66,c:1782377494*4F\!AIVDM,1,1,,A,13thLv70000hLe@Q1aenA`=20@DB,0*66
\s:66,c:1782377494*4F\!AIVDM,1,1,,B,19lkUn7P00Q2J91jouc>4?w0253<,0*3E
\s:66,c:1782377488*42\!AIVDM,1,1,,B,36:9WOQ001`hM00AfgFenQHn0DEb,0*37
\s:66,c:1782377490*4B\!AIVDM,1,1,,A,35DFJ>001VJsUH6;KgE5:41p0000,0*0B
\s:66,c:1782377355*45\!AIVDM,1,1,,B,B6:6NtP0727SsHUTnWC2rKv021Mk,0*4E
\s:66,c:1782377490*4B\!AIVDM,1,1,,B,177<t=002sbAv1vGsupRGirr0D0O,0*74
\s:66,c:1782377494*4F\!AIVDM,1,1,,A,13?sKt00010eIflN`kPMH`M60<6B,0*33
\s:66,c:1782377494*4F\!AIVDM,1,1,,,14eGNfP2ALs`cV:KO4=TkSg20000,0*2F
\s:66,c:1782377493*48\!AIVDM,1,1,,B,15?dNr80003N7jD@@RA`SAq00<5;,0*08
\s:66,c:1782377496*4D\!AIVDM,1,1,,A,4028nK@000Htt0?6P@H=23700t6<,0*21
\s:66,c:1782377496*4D\!AIVDM,1,1,,B,18I5SK001aw<sw@2ik;d`b3400R5,0*1A
\s:66,c:1782377494*4F\!AIVDM,1,1,,A,38SJSrP01S7`a2n63Bs`3n8p011@,0*4C
\s:66,c:1782377494*4F\!AIVDM,1,1,,B,38SJ;WgP0O7ce4t;=spqHww02000,0*6C
\s:66,c:1782377493*48\!AIVDM,1,1,,B,16:mBH002<NP?;:7dBJWoFFv08C:,0*35
\s:66,c:1782377492*49\!AIVDM,1,1,,B,1:1Gbj0P0A0uc16Cvio5Uww0053<,0*09
\s:66,c:1782377495*4E\!AIVDM,1,1,,,B7P97B0002biR4tvdjc:wwi5wP06,0*49
\s:66,c:1782377496*4D\!AIVDM,1,1,,B,138RR:00iGwUaKTKVHGLprI42HE4,0*7D
\s:66,c:1782377496*4D\!AIVDM,1,1,,A,13`dfph01NPFuq6Mquc@FhA6P@E0,0*63
\s:66,c:1782377495*4E\!AIVDM,1,1,,A,133mL`00030AMu0MGh2Ei4g80<6;,0*3A
\s:66,c:1782377496*4D\!AIVDM,1,1,,A,1kaFdi0P000Oes8NPH7aIgv1uwww,0*0C
\s:66,c:1782377493*48\!AIVDM,1,1,,A,1342sr001t8Wa<P6bf0725bv0<0U,0*4B
\s:66,c:1782377496*4D\!AIVDM,1,1,,A,83`u7CP0G@:?>G1?6600,0*59
\g:1-2-5198497,s:66,c:1782377495*03\!AIVDM,2,1,7,B,562?@0400001?<LD000<M>1@4aD@@Tp00000000o:p00;t0Ht<;@0000,0*7B
\g:2-2-5198497*62\!AIVDM,2,2,7,B,000000000000000,2*20
\s:66,c:1782377496*4D\!AIVDM,1,1,,B,862?@00j2P00000001dhlP05?000,0*55
\s:66,c:1782377491*4A\!AIVDM,1,1,,B,B5NCMKP00rc=9sM10:?Q3wg1l000,0*39
\s:66,c:1782377496*4D\!AIVDM,1,1,,A,18I3mb0014rV8Wt5qsl9dWi8053<,0*6A
\s:66,c:1782377497*4C\!AIVDM,1,1,,B,13a1A>000QPCksBMEwA5WDM:053<,0*45
\s:66,c:1782377495*4E\!AIVDM,1,1,,A,13mGSF0PD20GGW<SG:bIFGI60HDm,0*7C
\s:66,c:1782377486*4C\!AIVDM,1,1,,,B3:0b1P000@Uwe58crbf4pdQT000,0*25
\s:66,c:1782377487*4D\!AIVDM,1,1,,B,15?dd1h0062jTI`<Cb7l7Phl00Su,0*57
\s:66,c:1782377487*4D\!AIVDM,1,1,,B,B33hs;00CowQm=W@``nMsweQh0TD,0*51
\s:66,c:1782377489*43\!AIVDM,1,1,,A,19NSgJ001A9wevTD4vG221dr00SI,0*1B
\s:66,c:1782377489*43\!AIVDM,1,1,,B,13aKUl7P0LPBlR@MM3Wk`wvr20SJ,0*44
\s:66,c:1782377488*42\!AIVDM,1,1,,B,13P=>7@P00P624:M?wm4Twvp2<15,0*7A
\s:66,c:1782377480*4A\!AIVDM,1,1,,B,13P<t6S2h2rU8E@E3RnSURsp0H;s,0*05
\s:66,c:1782377487*4D\!AIVDM,1,1,,B,13`hS9@P1;PD>cVMdsg0rwvn2@@=,0*5F
\s:66,c:1782377488*42\!AIVDM,1,1,,A,35CD821001q?q2P:Kwl690d`0Dg:,0*08
\s:66,c:1782377488*42\!AIVDM,1,1,,B,17lj77h0h:7EMiF0t6Wl4Udp00Ra,0*30
\s:66,c:1782377489*43\!AIVDM,1,1,,B,B69EaA00<B73kPSOT5:M?wf71P06,0*38
\s:66,c:1782377489*43\!AIVDM,1,1,,A,1kl6oB001S0@pRLE?CSJ:8@p0000,0*65
\s:66,c:1782377490*4B\!AIVDM,1,1,,B,16:CMC0P008g;PDA>kpW8BVn053<,0*3E
\s:66,c:1782377490*4B\!AIVDM,1,1,,,B3:0b1P000@UwdU8crRf4pfQT000,0*76
\s:66,c:1782377488*42\!AIVDM,1,1,,A,33Iq?D0P@pWhFpl9?nqrvHbl00u@,0*3E
\s:66,c:1782377483*49\!AIVDM,1,1,,A,3819FpA0000QgrlI0hI8?72f0DsJ,0*0B
\g:1-2-5198498,s:66,c:1782377489*01\!AIVDM,2,1,8,A,53iSFL82>:sLiP5V220@sC>2222222222222221S2h6935FVN82A0U3H,0*36
\g:2-2-5198498*6D\!AIVDM,2,2,8,A,888888888888880,2*2C
\s:66,c:1782377489*43\!AIVDM,1,1,,A,33iSFL5000WKcAH0UsWr>Ahp2E1r,0*05
\s:66,c:1782377492*49\!AIVDM,1,1,,A,15NcHGP000rRg`HE9WO84AA000SH,0*4C
\s:66,c:1782377487*4D\!AIVDM,1,1,,B,18HsH8PP0?WJvdP0`vShIgvn2@@;,0*15
\s:66,c:1782377486*4C\!AIVDM,1,1,,B,B5O?=aP00Nm6MH2V9nwQ3wdQl000,0*06
\s:66,c:1782377483*49\!AIVDM,1,1,,A,16:7QqP01L8jOC0CiC?6qmNf053<,0*21
\s:66,c:1782377486*4C\!AIVDM,1,1,,A,13JBAA0P1@wb<tPKNwgEcwvl2H?L,0*67
\s:66,c:1782377487*4D\!AIVDM,1,1,,B,1:kJc8@002Ji5q;bklHm=jTn0<0O,0*24
\s:66,c:1782377488*42\!AIVDM,1,1,,A,13E`<UWP0RP?wERGvNhIcOvn2<0m,0*3B
\s:66,c:1782377489*43\!AIVDM,1,1,,B,B9t6V;h0?@FqO6TV8f5Gswf00@A5,0*60
\s:66,c:1782377487*4D\!AIVDM,1,1,,A,3815RwEw@0tcwAWjCOls@96p0Dnr,0*16
\s:66,c:1782377488*42\!AIVDM,1,1,,A,13@nf3@P01PhKdnQ1RqP0?vp253<,0*25
\s:66,c:1782377489*43\!AIVDM,1,1,,A,33l9O@0OiSJBc6Gro?BU`4fn00c@,0*69
\s:66,c:1782377481*4B\!AIVDM,1,1,,A,H5:tMM0ptl4B222222222222220,2*09
\s:66,c:1782377485*4F\!AIVDM,1,1,,A,H5:tMM4T0000000617jqpo0`8220,0*29
\s:66,c:1782377490*4B\!AIVDM,1,1,,A,13P9G00P?w0Bo`BMgMbN4?wR0d5T,0*7D
\s:66,c:1782377487*4D\!AIVDM,1,1,,B,33`qkl@01cPGa0JNPFRVGTvr010P,0*37
\s:66,c:1782377488*42\!AIVDM,1,1,,A,17Oh?u002s:66,0*26
\s:66,c:1782377488*42\!AIVDM,1,1,,B,18HtC`0w2Trc;C<EK1Q01h0j053<,0*10
\s:66,c:1782377487*4D\!AIVDM,1,1,,A,27tKpGp000W`cRl68984f:td053<,0*7C
\s:66,c:1782377487*4D\!AIVDM,1,1,6,B,13nH<4004D1cpct`B6mpI6dn0D0n,0*2C
\s:66,c:1782377491*4A\!AIVDM,1,1,,A,339Eu8PPA6Pe9OhN`rIMnbVr01<0,0*36
\g:1-2-5198499,s:66,c:1782377408*09\!AIVDM,2,1,9,B,5815NI42@vkUKL7CC;T4U0u>2222222222222216Op`LB5fosMSkTk3m,0*57
\g:2-2-5198499*6C\!AIVDM,2,2,9,B,s0EDm4PC2@H8880,2*24
\s:66,c:1782377489*43\!AIVDM,1,1,,B,B8Sti4P06IroPaRjo7:J;weW3P06,0*1D
\s:66,c:1782377487*4D\!AIVDM,1,1,,A,15N7e5PP00J:hEdAHTrbS?vp2000,0*17
\s:66,c:1782377486*4C\!AIVDM,1,1,,B,13ergf000G0Enu8MwEk6BDfj0LEV,0*57
\s:66,c:1782377493*48\!AIVDM,1,1,,A,138nk2000w2G>@NCm2CRTj34053<,0*17
\s:66,c:1782377487*4D\!AIVDM,1,1,,A,1:UE3n3000M8w1ckm?rHIW>p0000,0*60
\s:66,c:1782377488*42\!AIVDM,1,1,,B,B39F8200@h>snfWk5MwOWweQh53<,0*76
\s:66,c:1782377491*4A\!AIVDM,1,1,,A,13@pE4P0000hNwvQ1hqe8J8t053<,0*3A
\s:66,c:1782377492*49\!AIVDM,1,1,,B,16:4i;POl=893EN<jmFIOoPr0hBo,0*4A
\s:66,c:1782377485*4F\!AIVDM,1,1,,B,13aEQg@P18PKTL8Mh:sDGOvhR0Ss,0*6B
\s:66,c:1782377494*4F\!AIVDM,1,1,,A,1kbUnf00000OftvNQ31PQ:D1uwww,0*09
\s:66,c:1782377490*4B\!AIVDM,1,1,,B,403t:Bivad`kM`K<2`FCEC7000S:,0*6A
\s:66,c:1782377486*4C\!AIVDM,1,1,,B,17lj<K?P00`FwcWw@B3UgOvl2H?a,0*5D
\g:1-2-5198500,s:66,c:1782377297*08\!AIVDM,2,1,0,B,56:?g8P0000091Pr220QD619Dr0@T4r0hV3F2216E`JD<5d9nA0hCp1Q,0*6D
\g:2-2-5198500*6D\!AIVDM,2,2,0,B,BH12@C`88888880,2*75
\s:66,c:1782377494*4F\!AIVDM,1,1,,A,18HtC`012Trc;C@EK2UP1@0v053<,0*7A
\s:66,c:1782377491*4A\!AIVDM,1,1,,A,13P=W00000wVsGLPAo13SV0t08B:,0*3A
\s:66,c:1782377493*48\!AIVDM,1,1,,B,17Oh?u002s:66,0*7D
\s:66,c:1782377494*4F\!AIVDM,1,1,,A,37Oh?u002s:66,0*03
\s:66,c:1782377493*48\!AIVDM,1,1,,B,B7mRKo000:6<ToOpB:fP?wP4kP06,0*10
\s:66,c:1782377495*4E\!AIVDM,1,1,,B,B6:frq00:R22SeS@WSo7rOhSQP06,0*1E
\s:66,c:1782377493*48\!AIVDM,1,1,,A,B7lup<h00:6;u1OpJ`rW7wP4kP06,0*34
\s:66,c:1782377495*4E\!AIVDM,1,1,,A,1:kJc8@001Ji5q?bklIG6jS80@E0,0*27
\s:66,c:1782377495*4E\!AIVDM,1,1,,A,B6:fnIP0AR2DRvS=`s;ANVhWQP06,0*2F
\s:66,c:1782377495*4E\!AIVDM,1,1,,A,16?UmTPP03UFNrp7Ie`bl?w628Da,0*0A
\s:66,c:1782377496*4D\!AIVDM,1,1,,A,139Eu8PP@wPe9O@N`raujJK2053<,0*3A
\s:66,c:1782377490*4B\!AIVDM,1,1,,A,13`qkl@01aPGa2>NPF6FI4w20D<P,0*60
\s:66,c:1782377489*43\!AIVDM,1,1,,A,13930B001U8n9r`CAWBdnbFr08@u,0*33
\g:1-2-5198501,s:66,c:1782377496*0E\!AIVDM,2,1,1,A,53aDpGl000010OC3O@0@Dv0aEH4q@D000000001?027;1u6Wr5iEDSl0,0*07
\g:2-2-5198501*6C\!AIVDM,2,2,1,A,B0EQCP000000000,2*50
\s:66,c:1782377496*4D\!AIVDM,1,1,,B,33l9O@0OiSJBc9Oro>i5ali201>P,0*61
\s:66,c:1782377496*4D\!AIVDM,1,1,,B,16:4i;P04:893:`<jlcqNWS40PSD,0*59
\s:66,c:1782377498*43\!AIVDM,1,1,,A,13ergf000E0Env:MwES6A4c80DEU,0*40
\s:66,c:1782377482*48\!AIVDM,1,1,,A,33aFgRmP00PEiTLMwtkN4?vhRJE@,0*0E
\s:66,c:1782377484*4E\!AIVDM,1,1,,A,B5?d`V0006aTLN1O@EgQ3wcQjD>:,0*1C
\s:66,c:1782377487*4D\!AIVDM,1,1,,A,18Hw7I0P01WJKjP0f`5f4?vn2@@B,0*65
\s:66,c:1782377488*42\!AIVDM,1,1,,A,18I2hQ501UI=8i@@wSITd3ln0D9T,0*5C
\s:66,c:1782377484*4E\!AIVDM,1,1,,A,13aGuwUP10PJkwVNH@;rowvh2000,0*5F
\s:66,c:1782377489*43\!AIVDM,1,1,,B,13l3pC@0000CvevMDitGH8Np0D;P,0*2F
\s:66,c:1782377490*4B\!AIVDM,1,1,,B,377nWK?0028;;8j<qTWFOpHt066S,0*6B
\s:66,c:1782377489*43\!AIVDM,1,1,,A,19NSjDPviU7E52l13=FcUa@n0D2t,0*2C
\s:66,c:1782377489*43\!AIVDM,1,1,,B,18I4Ts0vAbNRsDl9r@gH1nDn053<,0*0F
\s:66,c:1782377491*4A\!AIVDM,1,1,,B,H3GQsqQ<<tt8V1@tt0000000000,2*06
\s:66,c:1782377491*4A\!AIVDM,1,1,,B,13GQPB?P2JwvS;DFTEq;t?vt253<,0*45
\s:66,c:1782377486*4C\!AIVDM,1,1,,B,18HsgC001k7KiRb0eCNakWj40<<P,0*77
\s:66,c:1782377486*4C\!AIVDM,1,1,,A,1>a55HOP1?PjSAnQc1OHEc6j0000,0*29
\s:66,c:1782377482*48\!AIVDM,1,1,,B,B5`VAgP00P:eRiUqTS?Q3wbQh000,0*44
\s:66,c:1782377482*48\!AIVDM,1,1,,A,16:Kbi001;8NCnPFApH7tFHb0`=3,0*14
\s:66,c:1782377488*42\!AIVDM,1,1,,B,3EOGAbgP00rD3Tr58N;f4?v:2000,0*37
\s:66,c:1782377487*4D\!AIVDM,1,1,,B,33MADv0OiHOqTRFM7`SdlJDl01lh,0*1D
\g:1-2-5198502,s:66,c:1782377488*02\!AIVDM,2,1,2,B,56:<Cr`000000000000MD4pN0@63KR222222221J7@;68ucT06C2EB1C,0*56
\g:2-2-5198502*6F\!AIVDM,2,2,2,B,`3RCQhSp8888880,2*7D
\s:66,c:1782377492*49\!AIVDM,1,1,,A,B39I?a0007rtihU@4tWQ3wh5kP06,0*0E
\s:66,c:1782377489*43\!AIVDM,1,1,,A,16::h2001P`jO@hC`5t6v5Rp2D7P,0*53
\s:66,c:1782377485*4F\!AIVDM,1,1,,B,13cv1d0007Pfo?:FJaG8tm8j053<,0*6F
\s:66,c:1782377488*42\!AIVDM,1,1,,B,16K=T>001n7E8lR13JjsTIBr00S@,0*7A
\s:66,c:1782377487*4D\!AIVDM,1,1,,B,B08e;6007ik<bcPW:56FEp=02h06,0*13
\s:66,c:1782377484*4E\!AIVDM,1,1,,B,H52QPV4TCBD5ATN00000001P0310,0*25
\s:66,c:1782377487*4D\!AIVDM,1,1,,B,H52kGf4UCD=000000000000h8220,0*1B
\s:66,c:1782377487*4D\!AIVDM,1,1,,A,13@tD8000Q0<htdMTD?T53Pj0@?l,0*50
\s:66,c:1782377485*4F\!AIVDM,1,1,,B,13b1RP001pOEUKPGVDD0J0Hj00SR,0*0B
\s:66,c:1782377488*42\!AIVDM,1,1,,A,13aPIJ001BPAB;RMJ:w:uHnn053<,0*18
\s:66,c:1782377488*42\!AIVDM,1,1,,A,19NSUqP02?7hho01bsw19Ptp08@f,0*37
\s:66,c:1782377489*43\!AIVDM,1,1,,B,33aJG7mP00PBGm8Mfl@BH?vp2D;r,0*48
\s:66,c:1782377489*43\!AIVDM,1,1,,A,3:pE2K001RrR??PF>vU0B@6r20FC,0*5A
\s:66,c:1782377460*44\!AIVDM,1,1,,B,15?dODP0092FnJHCQGaS@n80053<,0*4B
\s:66,c:1782377486*4C\!AIVDM,1,1,,A,B698Q=PD029cF0U:Cujf7wdmSP06,0*1C
\s:66,c:1782377491*4A\!AIVDM,1,1,,B,18Lg8L`P007=k=t7Q:Lu1wvv00Ru,0*6F
\s:66,c:1782377486*4C\!AIVDM,1,1,,B,39hqBm1P017P4ap1@?S>4?vl2DAJ,0*74
\s:66,c:1782377491*4A\!AIVDM,1,1,,A,15N8jl0000JdfwRG@L5cuj>t0@BN,0*0B
\s:66,c:1782377490*4B\!AIVDM,1,1,,B,13m2<:02Bq`kjGTAK1E29Qlt00SE,0*17
\s:66,c:1782377485*4F\!AIVDM,1,1,,B,15O6vMP000rR>`@E9W`p4VRj08>h,0*02
\s:66,c:1782377490*4B\!AIVDM,1,1,,B,15Dpa`0004PP5;D2Hgi<UDDr00SH,0*2E
\s:66,c:1782377487*4D\!AIVDM,1,1,,A,13KG=>0000QsJt6RV:MpVI@p2<0T,0*47
\s:66,c:1782377489*43\!AIVDM,1,1,,B,15OCswd000JR1whE:rnS:1vr0@AI,0*0C
\s:66,c:1782377492*49\!AIVDM,1,1,,A,33aGuwU00v0JkoDNH@A:t8ip0000,0*73
\s:66,c:1782377493*48\!AIVDM,1,1,,B,15Ps2D001jNUTjh;1;BWl6C20<1N,0*1E
\s:66,c:1782377493*48\!AIVDM,1,1,,A,28SK25hP00W`o1:69nh4Ogvv2Epi,0*23
\s:66,c:1782377494*4F\!AIVDM,1,1,,A,15O6vMP000rR>`@E9W`pmnU4053<,0*6D
\s:66,c:1782377493*48\!AIVDM,1,1,,A,25?dih1000Wat3J5oc7009A02@BM,0*7A
\s:66,c:1782377493*48\!AIVDM,1,1,,B,36KIab10007Cj@`1?WvUcpPv0DP:,0*4F
\s:66,c:1782377494*4F\!AIVDM,1,1,,B,19NSUqP02?7hhr01btbi8Pu2053<,0*05
\s:66,c:1782377488*42\!AIVDM,1,1,,B,17lk5bPuPM7KwVB0bllTFkNl00SN,0*40
\g:1-2-5198503,s:66,c:1782377492*08\!AIVDM,2,1,3,A,5:pE2K823owgDdmB22058>0Lhu8T62222222220T6PH37uda0;@PC52C,0*34
\g:2-2-5198503*6E\!AIVDM,2,2,3,A,ClQH1AEEH888880,2*11
\s:66,c:1782377495*4E\!AIVDM,1,1,,A,18HsgC001k7KiJ<0eC5IiWjF053<,0*7B
\s:66,c:1782377492*49\!AIVDM,1,1,,A,19NSVsP02C8VFMBF6ji3cjo00<6D,0*48
\s:66,c:1782377492*49\!AIVDM,1,1,,A,1k?wId00000Od0>NPjQbT6n1uwww,0*74
\s:66,c:1782377494*4F\!AIVDM,1,1,,B,13m57b001W1PQ<bEqUocfILv08CR,0*43
\s:66,c:1782377491*4A\!AIVDM,1,1,,B,B6KPff0002E>8n4kUNsKCwg5T000,0*1B
\s:66,c:1782377489*43\!AIVDM,1,1,,B,33wl=p000jP>ld6NG4MBiR@t05m3,0*1F
\s:66,c:1782377496*4D\!AIVDM,1,1,,B,13WROw9P2IOVdH`DR=UPOww60D3B,0*0F
\s:66,c:1782377491*4A\!AIVDM,1,1,,B,38:i3u0P@b`ag2l8F0BqKift00n0,0*52
\s:66,c:1782377494*4F\!AIVDM,1,1,,B,16QgBhh01nSc@6@?aV4TQCS20000,0*24
\s:66,c:1782377494*4F\!AIVDM,1,1,,A,13n2cP80000jCbpU:mP:RBu40<0@,0*0D
\s:66,c:1782377490*4B\!AIVDM,1,1,,A,13N1md000B0:=d:NIdRTpCDr08AV,0*36
\s:66,c:1782377495*4E\!AIVDM,1,1,,B,B40ahh00008:5O6?1WWQ3wiQjDjr,0*59
\s:66,c:1782377495*4E\!AIVDM,1,1,,B,16:<>GP01W8gE;@Ahivbvq140D6j,0*44
\s:66,c:1782377495*4E\!AIVDM,1,1,,B,17mFC88P00WaC3=tQN4mcOw4253<,0*35
\s:66,c:1782377496*4D\!AIVDM,1,1,,B,169026`000`VE6tDUDw6;4q400Ss,0*30
\s:66,c:1782377496*4D\!AIVDM,1,1,,B,EvlMFfNRW:90R0h70h:0T`0P000440qo6EkvH1088;i>00,4*05
\s:66,c:1782377493*48\!AIVDM,1,1,,B,36:dsbgP298gP7dAa?Kh4gvl01h1,0*22
\s:66,c:1782377491*4A\!AIVDM,1,1,,B,13kpa80004Q2rf>DGRf`4RS00L3`,0*55
\s:66,c:1782377495*4E\!AIVDM,1,1,,B,B7`BVC@00Dkc?0M@`Vm37wiU@000,0*0D
\s:66,c:1782377493*48\!AIVDM,1,1,,A,17Oj;t0Oi>bl7k1dWs8TjSi0253<,0*45
\s:66,c:1782377495*4E\!AIVDM,1,1,,B,37Oj;t0Oi>bl7lidWs2TpCk42200,0*15
\s:66,c:1782377497*4C\!AIVDM,1,1,,A,177h8S002WNe>Kp9sv2W2UVt08CG,0*4F
\s:66,c:1782377497*4C\!AIVDM,1,1,,A,14`M9@0020wGt0rDoDP47SI68<0H,0*1F
\s:66,c:1782377495*4E\!AIVDM,1,1,,A,18:i3u000b`ag1T8F0<qIQe40HDg,0*7A
\s:66,c:1782377494*4F\!AIVDM,1,1,,A,1:1U=v002wPduVVFkD;GB5k08L7F,0*3A
\s:66,c:1782377493*48\!AIVDM,1,1,,A,33m57b001V1PQ<fEqUpKf9Mp0000,0*1E
\s:66,c:1782377498*43\!AIVDM,1,1,,B,19NSk<@01`2ns4Qg2;22RR1808ES,0*75
\s:66,c:1782377485*4F\!AIVDM,1,1,,,13=?cV0u2F09KLaj9nKt6Ibh0000,0*7B
\s:66,c:1782377487*4D\!AIVDM,1,1,,B,13ku<80vh41o8I1dSmwLWPVp053<,0*73
\s:66,c:1782377485*4F\!AIVDM,1,1,,A,13l3nU@0160:eSDMP3CQRi:f00Rc,0*25
\s:66,c:1782377486*4C\!AIVDM,1,1,,A,13=pLv004<OVFPhDV:FB1QVh0D29,0*31
\s:66,c:1782377482*48\!AIVDM,1,1,,B,18;0NB01@08afvH8ETeVrVc<00S>,0*57
\s:66,c:1782377486*4C\!AIVDM,1,1,,A,1815HA@02KP<0?vMmEC7=mhh053<,0*75
\s:66,c:1782377485*4F\!AIVDM,1,1,,A,33M@W500000pSdTO;ss`G3=p0000,0*47
\s:66,c:1782377484*4E\!AIVDM,1,1,,A,15?dg4h01B`j:F@AfoobQ8bd053<,0*17
\s:66,c:1782377487*4D\!AIVDM,1,1,,A,14S<ml000tWPB0@1E<j7<Ejl053<,0*5C
\s:66,c:1782377487*4D\!AIVDM,1,1,,B,B7OfmmP00r`1V3u?g=K2OwdUl000,0*53
\s:66,c:1782377483*49\!AIVDM,1,1,,B,13`idVhP000JBBPN61Bv4?vf00Sj,0*51
\s:66,c:1782377488*42\!AIVDM,1,1,,A,B;rt0t@01b6;j@wpLvb:Wwf4kP06,0*33
\s:66,c:1782377489*43\!AIVDM,1,1,,A,33IJEsP0000Ju?VHbmKdb3op0000,0*33
\s:66,c:1782377486*4C\!AIVDM,1,1,,A,17PIBL003PblDaAdRcEcoIhh2D0=,0*10
\s:66,c:1782377484*4E\!AIVDM,1,1,,B,E>k`uiNQQh@@@@@@@@@@@@@@@@@=7g<787@e000003vP100,2*75
\s:66,c:1782377488*42\!AIVDM,1,1,,A,37PIBL003bblDSQdRci;vqhn2000,0*28
\s:66,c:1782377481*4B\!AIVDM,1,1,,B,13FvC@00000CQ78FluP6N3Hd0L2s,0*6C
\s:66,c:1782377487*4D\!AIVDM,1,1,,B,13l95i@P@0Q1T:LDVvRf47rl28?m,0*19
\s:66,c:1782377494*4F\!AIVDM,1,1,,A,13`lSp0P010FQG`MujjnS?w420Sc,0*21
\s:66,c:1782377490*4B\!AIVDM,1,1,,A,13MAmFE01uwuIHNLw3lqV7`p08Aa,0*33
\s:66,c:1782377491*4A\!AIVDM,1,1,,B,37ldaMhP@:6sMSb7NH3KQWjv0220,0*2D
\s:66,c:1782377495*4E\!AIVDM,1,1,,A,176vv4002=7u3i29eU07jVA20D1j,0*69
\s:66,c:1782377491*4A\!AIVDM,1,1,,A,13P7n=P02s09ig`M=O@4:CLr0D;>,0*2B
\s:66,c:1782377495*4E\!AIVDM,1,1,,B,16:MQoP0008VBA@DVGH30EE00E3N,0*00
\s:66,c:1782377495*4E\!AIVDM,1,1,,B,33GQO4h03RP=:IpFJ7v=0JI001l1,0*30
\s:66,c:1782377496*4D\!AIVDM,1,1,,,18;0FN30008V`K08NNn>4:76P@Dn,0*46
\s:66,c:1782377496*4D\!AIVDM,1,1,,B,38Lg9<0P?w<tSF0l4Q@>4?wv0P73,0*5C
\s:66,c:1782377491*4A\!AIVDM,1,1,,A,13ku;sh01POM=PhK7w5WsFI0053<,0*63
\s:66,c:1782377493*48\!AIVDM,1,1,,A,13P;Ct?P000LDCHO72T@agw208CN,0*3C
\s:66,c:1782377491*4A\!AIVDM,1,1,,B,403>GtQvad`kMGQlB8Bl6oO02D46,0*07
\s:66,c:1782377492*49\!AIVDM,1,1,,A,13aEPG@P00PJVqFMg=SN4?w020Sc,0*08
\s:66,c:1782377493*48\!AIVDM,1,1,,,18I8q65000wVntJDRPCe>AI01000,0*4B
\s:66,c:1782377494*4F\!AIVDM,1,1,,A,13MCEqOP00P73::FCVCf4?w02<0j,0*3B
\s:66,c:1782377491*4A\!AIVDM,1,1,,B,133h=lP00kPD<5@MdUc2hj@p08BP,0*4E
\s:66,c:1782377494*4F\!AIVDM,1,1,,B,13Ip`@000hOVd62DU3:qmGo60<3w,0*4D
\s:66,c:1782377493*48\!AIVDM,1,1,,A,13`ic4h000PHf3>NFi5f48E2R@CM,0*04
\s:66,c:1782377496*4D\!AIVDM,1,1,,A,13m:C1P0001u8hB`V90I>Cs4053<,0*71
\s:66,c:1782377495*4E\!AIVDM,1,1,,A,148e2T02Q@wdfutDBpf<UrEp08DK,0*46
\g:1-2-5198504,s:66,c:1782377497*0A\!AIVDM,2,1,4,B,58Lg9<80B12hQ<;??OM=8U84<P63CJ222222220O1@L48uQd09TlRDP@,0*41
\g:2-2-5198504*69\!AIVDM,2,2,4,B,j0H520BC0CQ8880,2*1D
\s:66,c:1782377497*4C\!AIVDM,1,1,,B,19NSic@02nDTq5hIka13sS3808Ef,0*6B
\s:66,c:1782377494*4F\!AIVDM,1,1,,A,139la<POh2PVCK2NJu9jSlnv053<,0*5A
\s:66,c:1782377498*43\!AIVDM,1,1,,,13IkWt002qOvKdKpcBbtU:540000,0*53
\s:66,c:1782377495*4E\!AIVDM,1,1,,A,18Hw4g0P?w7K2lF0empf4?w20<AE,0*67
\s:66,c:1782377491*4A\!AIVDM,1,1,,B,15>oIH002:OHuJ`LCgp:584v0<<P,0*2C
\s:66,c:1782377494*4F\!AIVDM,1,1,,B,E>jO`dO3Tb@1a0W2hIK00000000@TISS;03j810888i@20,4*3B
\s:66,c:1782377490*4B\!AIVDM,1,1,,A,33cciO?P00PabMFFKt?f4?vt2C<C,0*10
\s:66,c:1782377496*4D\!AIVDM,1,1,,A,36:B6HP01T`eKffAFg5oBmS824Nk,0*33
\s:66,c:1782377494*4F\!AIVDM,1,1,,B,160qNv8000SQFHr@?GI:OGg000Re,0*0E
\s:66,c:1782377494*4F\!AIVDM,1,1,,A,14hSPa002bwft`LKC2ESP2s20000,0*3F
\s:66,c:1782377496*4D\!AIVDM,1,1,,A,18HvDR800v7KTth0flraDo940DC1,0*74
\s:66,c:1782377491*4A\!AIVDM,1,1,,A,13l99o0001PcvmFGM7kL61:t0<1W,0*71
\s:66,c:1782377495*4E\!AIVDM,1,1,,A,18R0JA300M3QbLv?nGR7CnC80d:9,0*70
\s:66,c:1782377496*4D\!AIVDM,1,1,,A,13@dTD0001`hT?TAoHimq0;20HDL,0*7C
\s:66,c:1782377495*4E\!AIVDM,1,1,,B,13aQe70PBAPB2FDMINUAnAG60<8E,0*75
\g:1-2-5198505,s:66,c:1782377494*08\!AIVDM,2,1,5,A,53KWn>41B8wHtPiL001HtTl4000000000000001S38s<80000A21C4jC,0*18
\g:2-2-5198505*68\!AIVDM,2,2,5,A,Rj@000000000000,2*69
\s:66,c:1782377492*49\!AIVDM,1,1,,B,13d1AP000p0S=vdNmWeUAT:t0D3I,0*7E
\s:66,c:1782377496*4D\!AIVDM,1,1,,B,15Nc76P000rdb@nG@DvmtVO808E5,0*42
\s:66,c:1782377494*4F\!AIVDM,1,1,,A,17Ok=10001:l5Hmd`:;EB6u20<1a,0*60
\s:66,c:1782377496*4D\!AIVDM,1,1,,A,ENkb9Qfa@@@@@@@@@@@@@@@@@@@;S68b<8@<P00003vP000,2*00
\s:66,c:1782377496*4D\!AIVDM,1,1,,B,19N`2uPujs2wV2cgJEWaVWg80@EK,0*44
\s:66,c:1782377490*4B\!AIVDM,1,1,,B,339qRw?P00PNm3FML7`f4?vt234C,0*6E
\s:66,c:1782377494*4F\!AIVDM,1,1,,,B7OjQ2001jbVQfu6E00o7wi1h000,0*25
\s:66,c:1782377493*48\!AIVDM,1,1,,,13KMwjU0001c1wnRCFU3kiQ20000,0*31
\s:66,c:1782377492*49\!AIVDM,1,1,,B,403OKF1vad`kOr=6cT@;WIg02D4e,0*0D
\s:66,c:1782377497*4C\!AIVDM,1,1,,A,6>q7BMP000I@000000RP0P0,2*5E
\s:66,c:1782377494*4F\!AIVDM,1,1,,A,33EgAeP2h0005oTFohBv4;Ap0000,0*5F
\s:66,c:1782377497*4C\!AIVDM,1,1,,A,15@NRt0wBaNfsDT7On3ens7800Rs,0*56
\s:66,c:1782377492*49\!AIVDM,1,1,,A,139IhEP00=PW;`HNaBRP0Em208C4,0*3A
\s:66,c:1782377497*4C\!AIVDM,1,1,,A,H5O@:AQ<D61<<50D00000000000,2*72
\s:66,c:1782377497*4C\!AIVDM,1,1,,B,H5O@:ATU71B=9>000000001p5450,0*16
\s:66,c:1782377486*4C\!AIVDM,1,1,,A,35Nub=U001JA2Wt>sedIW8Ip0000,0*69
\s:66,c:1782377487*4D\!AIVDM,1,1,,A,139vb@0P0=PVwFvNL<8RL?vn253<,0*52
\s:66,c:1782377479*4C\!AIVDM,1,1,,A,34eH5SH000G<lRbL=FutdUap0000,0*23
\s:66,c:1782377487*4D\!AIVDM,1,1,,B,15?dV5h00dRD5`8AnRs7HV2j0@@;,0*1A
\s:66,c:1782377487*4D\!AIVDM,1,1,,A,15CVcR001lUt:ap83woW>Unh00Rc,0*49
\s:66,c:1782377487*4D\!AIVDM,1,1,,A,B7loi=P06Ar>KOO8;9oHne=P2h06,0*33
\s:66,c:1782377488*42\!AIVDM,1,1,,A,13l3ts@02gLVmvdIH8WIL7Pr0@@R,0*20
\s:66,c:1782377485*4F\!AIVDM,1,1,,A,ENjAaq2`:W:0h1Pa72a7h36DJDcwkU89:DUpp00003P>2TP0,0*64
\s:66,c:1782377487*4D\!AIVDM,1,1,,B,13c`je0v3bPfdv<FQAvnl5Fj08@?,0*68
\s:66,c:1782377487*4D\!AIVDM,1,1,,B,B7ldlkh00:5c4WOlNc6h?wdRT<2w,0*3B
\s:66,c:1782377483*49\!AIVDM,1,1,,A,34eHvg`000FcAS6O4=7P001p0000,0*2C
\s:66,c:1782377488*42\!AIVDM,1,1,,B,14`V3=h01`waIvjL9ffaGoHl0@@I,0*33
\s:66,c:1782377488*42\!AIVDM,1,1,,B,1JpDwfOP00Jaiwp6AhVu0?vf0P00,0*62
\s:66,c:1782377485*4F\!AIVDM,1,1,,,13@pcw`60iVHUAAooGJIjwvj2000,0*42
\s:66,c:1782377487*4D\!AIVDM,1,1,,A,H5N1STPDp<P4qA8E=>222222220,2*63
\s:66,c:1782377487*4D\!AIVDM,1,1,,A,H5N1STTU1=3000000000001`623t,0*3F
\s:66,c:1782377482*48\!AIVDM,1,1,,B,33n1u15P000G<fpSEUE=Jgvb0DIr,0*4B
\s:66,c:1782377484*4E\!AIVDM,1,1,,A,36:H=NU0008PVnPEk@`;FlPh2000,0*62
\s:66,c:1782377489*43\!AIVDM,1,1,,B,17m@:dPP117DJtR0w>tcc?vV2`A?,0*71
\s:66,c:1782377488*42\!AIVDM,1,1,,B,B3ITM000B@6r?dV9s`JbkweQh000,0*0D
\s:66,c:1782377487*4D\!AIVDM,1,1,,A,14eH5SH000G<lR`L=FutcU`j0<4P,0*57
\s:66,c:1782377486*4C\!AIVDM,1,1,,A,19N`3hP02AwPw90KqsfIC7Hl0D5u,0*13
\s:66,c:1782377490*4B\!AIVDM,1,1,,B,13P=6p0P090Mb6dNrNGaEwvt08Af,0*63
\s:66,c:1782377488*42\!AIVDM,1,1,,A,36:EUI001A8;GS:<s`tkjOv00000,0*4E
\s:66,c:1782377487*4D\!AIVDM,1,1,,B,19ACHtc0002CuT6ApfFju9Nl0<0u,0*7A
\s:66,c:1782377488*42\!AIVDM,1,1,,B,E>m><gsS7a6WaPP0000000000003c>:j0Pbj020@@@f>@0,4*28
\s:66,c:1782377488*42\!AIVDM,1,1,,B,13FA5HgP00P<6NnFa02f4?vn253<,0*48
\s:66,c:1782377489*43\!AIVDM,1,1,,A,13wlil@01EPsO?jOFGWbj`bn0D1D,0*7B
\s:66,c:1782377489*43\!AIVDM,1,1,,A,19NSFah:1jP9LunE7qnS=jQp1pKQ,0*30
\s:66,c:1782377490*4B\!AIVDM,1,1,,A,B7lddTh00:6;w5OpL1IKwwP4kP06,0*6F
\s:66,c:1782377480*4A\!AIVDM,1,1,,B,13B3Jr700MPNAiJNlIfDKSFb0<2Q,0*72
\s:66,c:1782377488*42\!AIVDM,1,1,,B,13cnWN001lPpS4jGVKq<kr<n0p@N,0*51
\s:66,c:1782377485*4F\!AIVDM,1,1,,B,16;Jp`001j8kLlFCWog6u5OB053<,0*40
\s:66,c:1782377482*48\!AIVDM,1,1,,,13K8RD5000o@5AHE`8kpwI0d053<,0*70
\s:66,c:1782377489*43\!AIVDM,1,1,,B,17liV@PP00WKVdD0WO8P5Ovp20S4,0*03
\s:66,c:1782377483*49\!AIVDM,1,1,,B,B3aQ5W@0;`5N@oWTkOu@gwcUoP06,0*74
\g:1-2-5198506,s:66,c:1782377487*09\!AIVDM,2,1,6,B,53:Qjd82C9KoD9TO>20P4pAV1=A84pLE:2222216C8MF85Q30E@jH0@R,0*63
\g:2-2-5198506*6B\!AIVDM,2,2,6,B,`88888888888880,2*79
\s:66,c:1782377487*4D\!AIVDM,1,1,,B,1m?wNb00208b36n6pnJ5rljh0000,0*65
\s:66,c:1782377490*4B\!AIVDM,1,1,,B,39NSrN05P:SQM`:@>FV=<EDrR210,0*09
\s:66,c:1782377489*43\!AIVDM,1,1,,B,138oJ600Bs:66,0*6F
\s:66,c:1782377485*4F\!AIVDM,1,1,,B,13aEQtHP000F>T4NFORP8?vj28>h,0*14
\s:66,c:1782377483*49\!AIVDM,1,1,,B,B5O:rd000>`DmaU5GqbTOwb5l000,0*44
\s:66,c:1782377486*4C\!AIVDM,1,1,,B,18159hP01WOHq1rLDkUkCRc60PSd,0*04
\s:66,c:1782377487*4D\!AIVDM,1,1,,B,13aGs;0P17PL:UlMjl>R:?vn253<,0*02
\s:66,c:1782377487*4D\!AIVDM,1,1,,A,14eGlDhP00G=crRL:TIv4?vn00ST,0*21
\s:66,c:1782377488*42\!AIVDM,1,1,,B,142OI80000R5wR<GGv9f45dn20T7,0*11
\s:66,c:1782377486*4C\!AIVDM,1,1,,B,18I3@:01jI7tD7j9VNFoPn4L0H>P,0*0C
\s:66,c:1782377483*49\!AIVDM,1,1,,B,B5NRcTP0=vcIrOUh9BH4Owc5l000,0*4D
\s:66,c:1782377488*42\!AIVDM,1,1,,A,13m;NR0P00PJ=CLQhAIP0?vp2@@L,0*30
\s:66,c:1782377488*42\!AIVDM,1,1,,A,13n0H`00R40eDFBQ>vFRRB2n0<2Q,0*0F
\s:66,c:1782377484*4E\!AIVDM,1,1,,B,H3m<blTN1=30G<V<6npmpP0H521t,0*5A
\s:66,c:1782377488*42\!AIVDM,1,1,,A,13FO:8000006`SpF@u7>44Ep08@>,0*53
\s:66,c:1782377490*4B\!AIVDM,1,1,,B,15NeWJPP01oRvv0CCNf>4?vr2@AW,0*66
\s:66,c:1782377488*42\!AIVDM,1,1,,B,18I4Kt5P0iWKgV@0g6p2lwvn2<?v,0*58
\g:1-2-5198507,s:66,c:1782377489*06\!AIVDM,2,1,7,A,55M@un42;@IUL<4@000<50F059Dp@Dh00000001?5bA;E0000C5Dl1k0,0*28
\g:2-2-5198507*6A\!AIVDM,2,2,7,A,000000000000000,2*23
\s:66,c:1782377492*49\!AIVDM,1,1,,B,15Vn0>0P0fOwuut3=OkRCOvv00S?,0*75
\s:66,c:1782377485*4F\!AIVDM,1,1,,A,16:>W400008dWKhAtducp3Vn0<5n,0*05
\s:66,c:1782377486*4C\!AIVDM,1,1,,A,19N`3Rh2h9JU3L`5qdJ7vlBh0D1i,0*2B
\s:66,c:1782377488*42\!AIVDM,1,1,,B,16;Ukn03j;7OJIP0v`hpKVjl0<4A,0*6C
\s:66,c:1782377481*4B\!AIVDM,1,1,,B,B;26Cd0007OfJkUR8;0000<00000,0*78
\s:66,c:1782377489*43\!AIVDM,1,1,,B,19NSlk@P1U1sc0;ddlfBk?vr0D0K,0*7E
\s:66,c:1782377481*4B\!AIVDM,1,1,,,18?OB6h001:QVDArU2or>P?f0P00,0*54
\s:66,c:1782377489*43\!AIVDM,1,1,,B,19NSpe0vRt10;A7i:L:5r4bn0<0I,0*26
\s:66,c:1782377492*49\!AIVDM,1,1,,A,35`3dp0P@3OeTjV329=n=?w>00s@,0*25
\s:66,c:1782377486*4C\!AIVDM,1,1,,,13K8RD5000o@5AHE`8kpwI0l053<,0*78
\s:66,c:1782377489*43\!AIVDM,1,1,,B,19NSbj@02V3HK8Qi12a9fWpf053<,0*6A
\s:66,c:1782377487*4D\!AIVDM,1,1,,A,13LBG7Ps1I1Rd`hRM6EM8rR00000,0*07
\s:66,c:1782377488*42\!AIVDM,1,1,,B,16:7pSP000`epB0AlO00oAhl0H@A,0*5A
\s:66,c:1782377489*43\!AIVDM,1,1,,A,13m?FK0P00Q4wbRWKcK3dwvp000P,0*4B
\s:66,c:1782377485*4F\!AIVDM,1,1,,B,13aB8LuP00PDLDvMdkff4?vj253<,0*62
\s:66,c:1782377486*4C\!AIVDM,1,1,,A,33mn;q00000kTjBU6jmsGaGp0000,0*4E
\s:66,c:1782377487*4D\!AIVDM,1,1,,B,18;14u8P0n`VK@h8EjDU2wvl2D3e,0*7D
\s:66,c:1782377490*4B\!AIVDM,1,1,,A,13aIFL@P0hPNk9`MK<0m?OvrR0S7,0*77
\s:66,c:1782377490*4B\!AIVDM,1,1,,B,16KJHR001;:;25HGo;;cdq?p0@Ae,0*38
\s:66,c:1782377491*4A\!AIVDM,1,1,,B,15RE;n0wil7rTk@5`=?QUQ@vP8BO,0*4A
\s:66,c:1782377492*49\!AIVDM,1,1,,A,13GQ=S@P00vh<n68IQIv4?vv20Rq,0*03
\s:66,c:1782377493*48\!AIVDM,1,1,,A,15MqsJ<000JdSavGBNSl70Tv0@CO,0*6C
\s:66,c:1782377491*4A\!AIVDM,1,1,,B,16ShsAPP01a=bJ0D4@rGowvt28Bo,0*56
\s:66,c:1782377491*4A\!AIVDM,1,1,,A,19NShfPvje0i3sHEONRbk`br00Rm,0*15
\s:66,c:1782377490*4B\!AIVDM,1,1,,B,D05>ND0?TN?`fpNfp0,4*60
\s:66,c:1782377492*49\!AIVDM,1,1,,B,402FhQ1vad`kP0w:NhJ8Vp70053<,0*77
\s:66,c:1782377492*49\!AIVDM,1,1,,B,18156D001`5ji3H3E52:A`8t00R?,0*0D
\s:66,c:1782377493*48\!AIVDM,1,1,,B,1815R5EwPp0E4J4N1J8:s`c00@Cb,0*44
\s:66,c:1782377494*4F\!AIVDM,1,1,,B,14`Uw=h0000Qu6>I1?nA0Vu600SF,0*43
\s:66,c:1782377494*4F\!AIVDM,1,1,,A,13=QP>001uFrKRfC>jcTtku60L05,0*2C
\s:66,c:1782377490*4B\!AIVDM,1,1,,,13K8RD5000o@5AFE`8l8wI0t053<,0*21
\s:66,c:1782377494*4F\!AIVDM,1,1,,A,144ceWQ00cvh@lh;GdA=;;942<1>,0*46
\s:66,c:1782377490*4B\!AIVDM,1,1,,A,18I3@:00RJ7tD6:9VMRoQn4V0D<P,0*66
\s:66,c:1782377494*4F\!AIVDM,1,1,,A,13aB8LuP00PDLDtMdkf>4?w42D5>,0*11
\s:66,c:1782377495*4E\!AIVDM,1,1,,A,16;Jp`001i8kLljCWnP6tmOV053<,0*17
\s:66,c:1782377496*4D\!AIVDM,1,1,,B,28SJu`OP00Wasp@61iTSB?w82@Dq,0*55
\s:66,c:1782377495*4E\!AIVDM,1,1,,A,15?wNb01208b3<p6pm2Urlk4053<,0*67
\s:66,c:1782377490*4B\!AIVDM,1,1,,B,405>ND1vad`kN`aaA48FOdW008AU,0*1C
\s:66,c:1782377496*4D\!AIVDM,1,1,,A,138oJ60wBs:66,0*10
\s:66,c:1782377497*4C\!AIVDM,1,1,,B,19NShfPwBe0i3h2EONbrkHc600SD,0*3B
\s:66,c:1782377486*4C\!AIVDM,1,1,,A,13aBNIPP0@PDS3DMdg>SGwvl2<7m,0*1D
\s:66,c:1782377485*4F\!AIVDM,1,1,,B,H3`dW=TUC=D4s0m@2npll000B22t,0*7B
\s:66,c:1782377486*4C\!AIVDM,1,1,,A,14Sj0f002<IU?AH@Ci7`RVlj08?U,0*35
\s:66,c:1782377490*4B\!AIVDM,1,1,,A,19AFchhP00RAI@TB0Mmf4?vr2D0d,0*4D
\s:66,c:1782377486*4C\!AIVDM,1,1,,A,D02:oQAJ<Nfr<`O6D0,4*5C
\s:66,c:1782377485*4F\!AIVDM,1,1,,B,14UlDT002dwVCu@DS4ERu2Df20Rj,0*63
\s:66,c:1782377490*4B\!AIVDM,1,1,,A,14b:lj0P007KOvp0fIpRC?vp00S4,0*08
\s:66,c:1782377490*4B\!AIVDM,1,1,,A,B6:`oTh0029fsfTU13Dt;wf3QP06,0*0E
\s:66,c:1782377484*4E\!AIVDM,1,1,,A,13aENrwP00PDGAFMduuQ>Ovh2D3w,0*6A
\s:66,c:1782377491*4A\!AIVDM,1,1,,B,33aQf4E0000D0@RMDd4GUpLr0E8r,0*5E
\s:66,c:1782377487*4D\!AIVDM,1,1,,B,138Plj011oPE<aHNbCGWkF:h0@?s,0*2A
\s:66,c:1782377487*4D\!AIVDM,1,1,,A,13o2Bw00000uN:vVw2=4h84j08?h,0*40
\s:66,c:1782377491*4A\!AIVDM,1,1,,A,Evja5F11000?SP0000000000000LefgF5EFCH00003l010,4*68
\s:66,c:1782377492*49\!AIVDM,1,1,,B,1CaN3MP01?JB:BR5ICn7=Uh<0000,0*10
\s:66,c:1782377489*43\!AIVDM,1,1,,A,34eH1Th000G<MRPL=kpv1P5p0000,0*3D
\s:66,c:1782377492*49\!AIVDM,1,1,,A,19t6S48P1;7KFN00c3qRcOvv0<>m,0*1D
\s:66,c:1782377422*42\!AIVDM,1,1,,B,16:>2HQP0b8Pe1hEm3RaBOvb0825,0*65
\s:66,c:1782377490*4B\!AIVDM,1,1,,A,14UlDT002dwVD8<DS4W2rjBr2<5B,0*2A
\s:66,c:1782377488*42\!AIVDM,1,1,,A,B39NOP002GeE0MTfdCL000N00000,0*00
\s:66,c:1782377491*4A\!AIVDM,1,1,,A,18SJSVP01cWc5UL5o>TCkk8l2HAk,0*6E
\s:66,c:1782377491*4A\!AIVDM,1,1,,B,15@lMB001g2gvA@<fuiVmmRp053<,0*4E
\s:66,c:1782377491*4A\!AIVDM,1,1,,A,1815NS@01dNdljH8rtN0:0@t0D2s,0*3C
\s:66,c:1782377489*43\!AIVDM,1,1,,B,13`j85@P000D>GvMd>ot4?vp053<,0*40
\s:66,c:1782377487*4D\!AIVDM,1,1,,A,13aQftPP00PKoK4McP@>4?vn253<,0*16
\s:66,c:1782377490*4B\!AIVDM,1,1,,B,28Hw6;PP00WagdP61mGN4?vr2@AO,0*68
\s:66,c:1782377486*4C\!AIVDM,1,1,,A,ENk:2i@b94PV@4h92S@87TW:@9hKUhk:=n46h00003vP10,4*23
\s:66,c:1782377493*48\!AIVDM,1,1,,A,C69aBbP002;r7=4E5Wp27wv06@2L?0@NL?0V@2L00000A1Ua0t0P,0*2F
\s:66,c:1782377494*4F\!AIVDM,1,1,,B,B6:fiSP0;225<?S>pDG:jR@WQP06,0*56
\s:66,c:1782377494*4F\!AIVDM,1,1,,B,1815C:TwiKWHOKj0iceE5T2v00So,0*22
\s:66,c:1782377490*4B\!AIVDM,1,1,,,17ldabm0008FUbQwCVcVRn6p053<,0*08
\s:66,c:1782377494*4F\!AIVDM,1,1,,,17ldabm0008FUbSwCVd6Rn70053<,0*2C
\s:66,c:1782377492*49\!AIVDM,1,1,,A,15B7Ip0P1HP8GBhMbL2cf?vt0HC6,0*16
\s:66,c:1782377489*43\!AIVDM,1,1,,B,13aENrwP00PDGAFMduuQ>Ovp2@A:,0*4A
\s:66,c:1782377493*48\!AIVDM,1,1,,B,38I7Wn10010c@0B2<S6P3iQ40DRJ,0*60
\g:1-2-5198508,s:66,c:1782377493*02\!AIVDM,2,1,8,B,57m:6;82:=u1T@??C3<4rlh4T00000000000000l0PF55t0Ht8P00000,0*1F
\g:2-2-5198508*65\!AIVDM,2,2,8,B,000000000000000,2*2F
\s:66,c:1782377493*48\!AIVDM,1,1,,B,37m:6;?P00WLCO60Sd=p;?w0200B,0*4C
\s:66,c:1782377494*4F\!AIVDM,1,1,,A,38VEs85OiV<tSF0l4Q@3>RGv0RiQ,0*20
\s:66,c:1782377489*43\!AIVDM,1,1,,A,37likk@0008Ffl?wB1d@OETh06p3,0*4F
\s:66,c:1782377487*4D\!AIVDM,1,1,,B,B3prm9@00On?qI5CjvMm;we7D000,0*44
\s:66,c:1782377491*4A\!AIVDM,1,1,,B,17lcUTHP00`Fjp=wCUUP0?vt28CH,0*5C
\s:66,c:1782377494*4F\!AIVDM,1,1,,B,18I86D0P00WJuad0gUQ<eOw22@Cp,0*63
\s:66,c:1782377492*49\!AIVDM,1,1,,B,14Sj0f002<IU?<4@ChH8Qnlv0<0T,0*3C
\s:66,c:1782377495*4E\!AIVDM,1,1,,B,15UBQ200009=Uw4D49oF4RM8053<,0*3E
\s:66,c:1782377490*4B\!AIVDM,1,1,,B,B3GQVH@0081aq=5T@lsQ3wfWt000,0*66
\s:66,c:1782377495*4E\!AIVDM,1,1,,B,19NSj9h01b8;M7N8BpApQnq20hCB,0*41
\s:66,c:1782377496*4D\!AIVDM,1,1,,B,17ldl4hP00Wa>EitP9Sv4?w82<2k,0*44
\s:66,c:1782377495*4E\!AIVDM,1,1,,A,33ckr20q0eP6W=VF@`WnUE5600u0,0*29
\s:66,c:1782377496*4D\!AIVDM,1,1,,A,69t6S4<000cl8DoQ=B4B;`HH0000,0*1F
\s:66,c:1782377490*4B\!AIVDM,1,1,,A,13aDoq0P0kPK>k>NHkveSOvt2000,0*36
\s:66,c:1782377496*4D\!AIVDM,1,1,,A,B39NOP000WeE0KTfdCL000N00000,0*14
\s:66,c:1782377494*4F\!AIVDM,1,1,,B,33P;jv?001wdlV6LmBlQ8bVv0000,0*67
\s:66,c:1782377495*4E\!AIVDM,1,1,,A,13cj<A20?w<tSF0l4Q@>40Qp0<<B,0*57
\s:66,c:1782377496*4D\!AIVDM,1,1,,A,16:IKE001H`jPcRA8Bn7mUw60@E2,0*52
\s:66,c:1782377489*43\!AIVDM,1,1,,A,16:99pP002`e2HPAro55K46t2<5N,0*32
\s:66,c:1782377496*4D\!AIVDM,1,1,,B,13b0oR00000=LG4MCuLPAjm40HDp,0*23
\s:66,c:1782377496*4D\!AIVDM,1,1,,B,28SJ>`5000WaqQB64SgSdhQ80HDw,0*72
\s:66,c:1782377493*48\!AIVDM,1,1,,B,16:J1ESP008Q2u@F3es;4?w20@Bb,0*0D
\s:66,c:1782377495*4E\!AIVDM,1,1,,B,15UL6D30053PuI>@=`aLFqo800Sb,0*4C
\s:66,c:1782377496*4D\!AIVDM,1,1,,B,16;gdb01j88WI>>6w>onJE;60D0L,0*79
\s:66,c:1782377494*4F\!AIVDM,1,1,,B,13:snb001q8;sGR8KUhANA:v0@BS,0*6A
\s:66,c:1782377481*4B\!AIVDM,1,1,,A,339g=WPOh9Pssf@O<fjDt9FT20t@,0*78
\s:66,c:1782377487*4D\!AIVDM,1,1,,A,16:R4uPP1F`LMV@FA?J3l?vl20SD,0*15
\s:66,c:1782377487*4D\!AIVDM,1,1,,B,16:ACp00018g=s:66,0*71
\s:66,c:1782377487*4D\!AIVDM,1,1,,A,37OddbPOh6:cOeskmQEqAWRl00ih,0*04
\g:1-2-5198509,s:66,c:1782377480*01\!AIVDM,2,1,9,A,53wl5BT2>MPuCL8WV20I8DTLQ@E8000000000016<PI995bVN>Tip4jC,0*30
\g:2-2-5198509*64\!AIVDM,2,2,9,A,P00000000000000,2*4D
\s:66,c:1782377484*4E\!AIVDM,1,1,,B,1815cFP6Qj8icdnAkTqWeUtf0PRi,0*49
\s:66,c:1782377488*42\!AIVDM,1,1,,A,25BG=V5000WbNfT5uULeL1`l0<3l,0*1D
\s:66,c:1782377489*43\!AIVDM,1,1,,B,B3n4mt0000;w=a8SjnoQ3wfQjDoJ,0*2E
\s:66,c:1782377487*4D\!AIVDM,1,1,,B,D02FhWQIPN?b<`N000,4*67
\s:66,c:1782377488*42\!AIVDM,1,1,,A,B3mpQHP000EbG:auOpwQ3wf1jDuJ,0*66
\s:66,c:1782377490*4B\!AIVDM,1,1,,A,15Bbcd0P00JBAMH5FttCW?vr2HAS,0*1D
\s:66,c:1782377485*4F\!AIVDM,1,1,,B,13ad;D?P17PFm;0NCSp46gwf1T8t,0*37
\s:66,c:1782377487*4D\!AIVDM,1,1,,B,19NSBC@03:Ji0MV>e1lMlK4j0<00,0*7E
\s:66,c:1782377487*4D\!AIVDM,1,1,,A,138ph2002s42NVOn7BHAiQTj0@?o,0*12
\g:1-2-5198510,s:66,c:1782377487*0E\!AIVDM,2,1,0,A,55N5bU81ptlmL@s;?C<4hEE@T4r0h4AV2222220N0pR3740Ht0000000,0*44
\g:2-2-5198510*6C\!AIVDM,2,2,0,A,000000000000000,2*24
\s:66,c:1782377485*4F\!AIVDM,1,1,,A,B3IaHD00d7tvktVh<JiEm5dQTH?3,0*24
\s:66,c:1782377487*4D\!AIVDM,1,1,,A,1815A?h01sPvd>pDsr8sb9HP0000,0*0E
\s:66,c:1782377487*4D\!AIVDM,1,1,,B,33aBC40OjtPBeilMfr@MhK2l20h0,0*11
\s:66,c:1782377485*4F\!AIVDM,1,1,,A,38Jm:j000?G0ObTKcM`m`1Ep0000,0*57
\s:66,c:1782377492*49\!AIVDM,1,1,,B,13EnQP8000P9wK@GblrHE`5008C2,0*3A
\s:66,c:1782377487*4D\!AIVDM,1,1,,A,13cg`=0P0V0dT<@I>pvepwvp2<4e,0*4D
\s:66,c:1782377488*42\!AIVDM,1,1,,A,27tN9?mP00W`dnr68WF;Sgvj0H?j,0*4C
\s:66,c:1782377488*42\!AIVDM,1,1,,B,B3`fK?00@@4KG47IhGjVcwf5h000,0*58
\s:66,c:1782377487*4D\!AIVDM,1,1,,A,39God=000eNk;sp:pfGngmHf011@,0*44
\s:66,c:1782377485*4F\!AIVDM,1,1,,A,33:@pb10008O9LLF?cR4;o6b0Drb,0*19
\s:66,c:1782377489*43\!AIVDM,1,1,,B,15NdHKdP@dq<h0:A2l9q>WJr08@u,0*0C
\s:66,c:1782377489*43\!AIVDM,1,1,,B,1567a:001aPwIbND5vdC:BRl053<,0*05
\s:66,c:1782377490*4B\!AIVDM,1,1,,B,1815Vp01AeOG:>@C7DjAeiFt0<12,0*4D
\s:66,c:1782377486*4C\!AIVDM,1,1,,A,18;1VS1P008WW4N8@`Dv4?vj2h>A,0*1B
\s:66,c:1782377489*43\!AIVDM,1,1,,B,18?OB7c001bQTOqrTq@v45fp2D0P,0*42
\s:66,c:1782377365*46\!AIVDM,1,1,,B,39NSV;10012P;7hBlWghroff0m7:,0*62
\s:66,c:1782377490*4B\!AIVDM,1,1,,A,15?dRN@01nRaKL3jl5pQ>Pjl0`Al,0*4A
\s:66,c:1782377491*4A\!AIVDM,1,1,,B,177giP0wAvWHKhV0k8bcuqRf00SB,0*13
\s:66,c:1782377488*42\!AIVDM,1,1,,A,339P<3P00P0o3p8O0sFdP:1p0000,0*61
\s:66,c:1782377491*4A\!AIVDM,1,1,,B,33aKWu@00dPBVw@MN6C8iFtt0000,0*1B
\s:66,c:1782377492*49\!AIVDM,1,1,,A,1815de001T`S3v@F7GSSL2jr08BE,0*26
\s:66,c:1782377489*43\!AIVDM,1,1,,B,19u:Un001B7euLD;1MEV9lop0<1n,0*48
\s:66,c:1782377488*42\!AIVDM,1,1,,B,13uJpm0P1>QBEP<Qt=Nr`?vp20SH,0*34
\s:66,c:1782377492*49\!AIVDM,1,1,,A,B6:c1KP00:9gOD4TUVd03wgVSP06,0*09
\s:66,c:1782377491*4A\!AIVDM,1,1,,A,35?df8A0003tEil>d7Sb@Prt0lrb,0*55
\s:66,c:1782377493*48\!AIVDM,1,1,,B,138ph2002s42Nesn7C?AjiRv0D01,0*1C
\s:66,c:1782377494*4F\!AIVDM,1,1,,A,13a27r0000PC:gFMIg96EjO20<:F,0*74
\s:66,c:1782377488*42\!AIVDM,1,1,,A,16:FnLP001`MTgTFAKi8Op<p08@W,0*25
\s:66,c:1782377493*48\!AIVDM,1,1,,A,14`V4<001i8fgp:Aos=btHnv0<:J,0*6C
\s:66,c:1782377493*48\!AIVDM,1,1,,A,13M@vm@02VNcvST7H1pW0EW200SC,0*13
\s:66,c:1782377491*4A\!AIVDM,1,1,,,35NNHkUP01FsKAvM7MamSgvv0Dhr,0*6E
\s:66,c:1782377491*4A\!AIVDM,1,1,,,13K:GP002J49<PafUkVRhBLr0000,0*33
\s:66,c:1782377493*48\!AIVDM,1,1,,A,35?N9n00237HVnR0j05t29a4067S,0*05
\s:66,c:1782377493*48\!AIVDM,1,1,,B,4023QwAvad`kQ11knVDQ4cW008Cm,0*3E
\s:66,c:1782377494*4F\!AIVDM,1,1,,A,33G1328Oi9vhJcB8IhS`sW=401o0,0*5A
\g:1-2-5198511,s:66,c:1782377354*06\!AIVDM,2,1,1,A,59NSc?H2GSD;DhDwV20<T5860l59F22222222216IHJF:5dP0TPkPiQ8,0*4A
\g:2-2-5198511*6D\!AIVDM,2,2,1,A,888888888888880,2*25
\s:66,c:1782377493*48\!AIVDM,1,1,,B,369>Vc1000`ga1PA8vj>49O02Dt:,0*05
\s:66,c:1782377490*4B\!AIVDM,1,1,,A,B3@p6ah00H=bFm7ubN<0?weUoP06,0*47
\s:66,c:1782377492*49\!AIVDM,1,1,,A,13=tNj002GPEGn6NQcDA8A2v0D@J,0*0C
\s:66,c:1782377494*4F\!AIVDM,1,1,,B,13iq1:300T0Lr4<NrSuG8UC0053<,0*1C
\s:66,c:1782377496*4D\!AIVDM,1,1,,A,177n`AgP0089IP0<lA=kdgw6053<,0*48
\s:66,c:1782377496*4D\!AIVDM,1,1,,,13K:GP002J49<VUfUkk2mBM20000,0*18
\g:1-2-5198512,s:66,c:1782377497*0D\!AIVDM,2,1,2,A,58HsJV82EbNkUKG;SN1H:1<5A8T622222222220O0`H:2t0Ht7ljCQhD,0*32
\g:2-2-5198512*6E\!AIVDM,2,2,2,A,3lQH88888888880,2*60
\s:66,c:1782377489*43\!AIVDM,1,1,,A,1815>q0P0vPAWUH3`@pA3hnr0000,0*7C
\s:66,c:1782377497*4C\!AIVDM,1,1,,A,13R5a20P001d4iDEf27USgw:0HEm,0*66
\s:66,c:1782377497*4C\!AIVDM,1,1,,A,19>EO`?P03wQdUl2eiB:gww:253<,0*7E
\s:66,c:1782377495*4E\!AIVDM,1,1,,A,18Hw2?00j=7HO>l0l42d;ai2053<,0*1D
\s:66,c:1782377495*4E\!AIVDM,1,1,,,35NNHkUP00FsKB2M7Maf4?w60Dhr,0*5D
\s:66,c:1782377495*4E\!AIVDM,1,1,,A,35OEP75000JRaidE67S2L9g20000,0*39
\s:66,c:1782377496*4D\!AIVDM,1,1,,A,B69CQc@D?2;fkfTE8hm6Owj5SP06,0*3B
\s:66,c:1782377498*43\!AIVDM,1,1,,B,33G1328Oi:vhJaB8IhF8qo=:00r@,0*4D
\s:66,c:1782377496*4D\!AIVDM,1,1,,A,1917=<@P000OhNTE6dVsLgw:2<2?,0*63
\s:66,c:1782377498*43\!AIVDM,1,1,,A,13`oVv8P000EBS:Mvjq>4?w6053<,0*63
\s:66,c:1782377498*43\!AIVDM,1,1,,B,13P9dl@P3nP7S<6MEgdlmOw62<0d,0*6B
\s:66,c:1782377486*4C\!AIVDM,1,1,,B,1815amP0isJKBk4<mwTTjSnh0<01,0*56
\s:66,c:1782377489*43\!AIVDM,1,1,,A,16:?KQRP00`9?>P<lhjv4?vp253<,0*15
\s:66,c:1782377489*43\!AIVDM,1,1,,B,15?dVSPwQn7HgIN0gkBm<4:p0HA3,0*23
\s:66,c:1782377483*49\!AIVDM,1,1,,B,1912rIPwR50rdvrE3ElSnk:b0@=h,0*03
\s:66,c:1782377480*4A\!AIVDM,1,1,,A,15N:@cP00kJSigdFRW3qfGdb0000,0*1B
\s:66,c:1782377463*47\!AIVDM,1,1,,B,1:U77F101;M4Et9kP3kj71d800Ss,0*34
\s:66,c:1782377334*42\!AIVDM,1,1,,A,3:U77F101=M4DdokOvO2KAwf04aS,0*05
\s:66,c:1782377485*4F\!AIVDM,1,1,,A,13Sd6W0=@0QBvRJHJ`G>4?vh2000,0*7E
\s:66,c:1782377488*42\!AIVDM,1,1,,A,16<lO0002D`f2Rd??K9@nPjl0@@@,0*00
\s:66,c:1782377489*43\!AIVDM,1,1,,A,39t6Uq5P00aKUtDHadKr:gvt2Dn:,0*69
\s:66,c:1782377489*43\!AIVDM,1,1,,B,13@pFDW0000hO7:Q1iRIPoNp0d2v,0*6B
\s:66,c:1782377490*4B\!AIVDM,1,1,,A,13K69v0000QcRHvEf;v1U76r0@AT,0*54
\s:66,c:1782377487*4D\!AIVDM,1,1,,A,169@IF0Oie8jBa4Df9>h604n00Se,0*46
\s:66,c:1782377487*4D\!AIVDM,1,1,,A,13a2rd001MP0>u@LsP59r7tp0H@8,0*54
\s:66,c:1782377484*4E\!AIVDM,1,1,,A,B3?s1fP07h=Tto7mHh5Pq=v00000,0*14
\s:66,c:1782377487*4D\!AIVDM,1,1,,A,339a6mPPAFPe;ePN`h=sLpv`04T3,0*58
\s:66,c:1782377482*48\!AIVDM,1,1,,B,13aEP@0P1?PIDdJMdNEqKwvd2D0f,0*53
\s:66,c:1782377487*4D\!AIVDM,1,1,,A,19NStH?000`cGCVFVROT9WHn0H@7,0*4F
\s:66,c:1782377487*4D\!AIVDM,1,1,,A,?39ar?PrE4t<D00,2*62
\s:66,c:1782377488*42\!AIVDM,1,1,,A,C6:VVLh0:223m2S@J6;<gwv10HB@2L?iceh000000000S4t4STPP,0*38
\s:66,c:1782377485*4F\!AIVDM,1,1,,A,33tfgoP0000nB>6Pw2NejkIp0000,0*4E
\g:1-2-5198513,s:66,c:1782377495*0E\!AIVDM,2,1,3,A,58:jQe429JM8AD7?G7TmJ0t<D4r1`DpU@R22221;<H?99ud10>k@CRC0,0*0F
\g:2-2-5198513*6F\!AIVDM,2,2,3,A,@00000000000000,2*57
\s:66,c:1782377495*4E\!AIVDM,1,1,,B,142OdkP01QPd6I8H`a8eh;3600T6,0*01
\s:66,c:1782377497*4C\!AIVDM,1,1,,B,169?rf5P008fr@FADkfP8ww20U3<,0*47
\s:66,c:1782377496*4D\!AIVDM,1,1,,A,169D;b?P008g:n@A>kk=vOw60<3E,0*61
\s:66,c:1782377497*4C\!AIVDM,1,1,,A,18HwHA0P00WL?2p0ibI>4?w42<=G,0*6F
\s:66,c:1782377497*4C\!AIVDM,1,1,,A,16:Bo600008fTb4A@@v003;p08Eh,0*36
\s:66,c:1782377487*4D\!AIVDM,1,1,,B,14Sc7D001ePlfebEiA4m?D8j0<4P,0*1F
\s:66,c:1782377487*4D\!AIVDM,1,1,,A,18LRbV0P127KmTt0fs7HDOvp0<@r,0*3E
\s:66,c:1782377488*42\!AIVDM,1,1,,A,14hSsV001UPRWo0HWGeMe:hl0D25,0*0B
\g:1-2-5198514,s:66,c:1782377486*0B\!AIVDM,2,1,4,A,552TiqD00001MWGW;01=E<4r0hDD00000000001S1@57700000000000,0*66
\g:2-2-5198514*68\!AIVDM,2,2,4,A,000000000000000,2*20
\s:66,c:1782377486*4C\!AIVDM,1,1,,B,13P:Jmh008P9hBNNI0Ti9R<j0H?@,0*07
\s:66,c:1782377484*4E\!AIVDM,1,1,,B,16:J2ggP038TJ>0EgNn6G?vh053<,0*43
\s:66,c:1782377484*4E\!AIVDM,1,1,,B,15`I@w@P00sV8J<670ov4?vh253<,0*71
\s:66,c:1782377486*4C\!AIVDM,1,1,,B,152msnhP00GRSLHCBwdUt?vj2@?9,0*7D
\s:66,c:1782377483*49\!AIVDM,1,1,,A,35NOtR3007J:H?TAGOo@I0Up0000,0*6A
\s:66,c:1782377487*4D\!AIVDM,1,1,,A,3:0Rkv1002R4:h4GKhIUJj0j0Dg:,0*78
\s:66,c:1782377490*4B\!AIVDM,1,1,,A,13cpWV0P0011@EtGGQ0Q@?vr0L2q,0*53
\s:66,c:1782377485*4F\!AIVDM,1,1,,B,16:GwkP01d8RF20F>Nm1<Prh0LTI,0*25
\s:66,c:1782377487*4D\!AIVDM,1,1,,A,19NSM3PwAe`MmFFF47k2Oitn00SG,0*3A
\s:66,c:1782377432*43\!AIVDM,1,1,,B,H3meURPTpLE:0l58TD000000000,2*65
\s:66,c:1782377488*42\!AIVDM,1,1,,B,H3meURTTC=D4N4L<;mkno01h131t,0*47
\s:66,c:1782377485*4F\!AIVDM,1,1,,B,B52eN?h00=kko=5JeisNCwdQjDg:,0*4F
\s:66,c:1782377490*4B\!AIVDM,1,1,,B,18Hst7?P0dWLQT80gNbHs?vtR8B3,0*2F
\s:66,c:1782377487*4D\!AIVDM,1,1,,A,13aENu@000PBGpRMfiBFepBjP8?a,0*71
\s:66,c:1782377485*4F\!AIVDM,1,1,,B,13aN`c@P00PEmVhNCGDv4?vj28>o,0*69
\s:66,c:1782377487*4D\!AIVDM,1,1,,A,339JJT00000eKBVN`kP1k8Kp0000,0*0D
\s:66,c:1782377483*49\!AIVDM,1,1,,B,15?:St001Q8LTpLFAe;s1pjd08=`,0*4F
\s:66,c:1782377489*43\!AIVDM,1,1,,A,18I3QF0vj7WDb1P157dKU9@r0@A6,0*0C
\s:66,c:1782377484*4E\!AIVDM,1,1,,B,15?dQJP0298r0VBBqW4Mms6d0L3h,0*12
\s:66,c:1782377488*42\!AIVDM,1,1,,A,33Ec;a0000OS?2NDqk<@001p0000,0*66
\s:66,c:1782377485*4F\!AIVDM,1,1,,A,339qjfP0000eVlDN`pk41`1p0000,0*38
\g:1-2-5198515,s:66,c:1782377490*0D\!AIVDM,2,1,5,B,53MB7Jp2Fp2`lTiCH00P4q<tr1@P4lE<0000000Q2QC4<5dWN<10M=d0,0*2C
\g:2-2-5198515*69\!AIVDM,2,2,5,B,000000000000000,2*22
\s:66,c:1782377483*49\!AIVDM,1,1,,B,13P=Qw0u1vrBQpj?4hhhs0vd0D7q,0*15
\s:66,c:1782377488*42\!AIVDM,1,1,,A,13mBB06P000G2djS?pc62?vl08@O,0*0D
\s:66,c:1782377490*4B\!AIVDM,1,1,,A,13aB9=OP00PBT7TMMqurROvv28Aw,0*6E
\s:66,c:1782377491*4A\!AIVDM,1,1,,B,169@VbPP1c`k?O8AHHQP3?w020Ru,0*50
\s:66,c:1782377491*4A\!AIVDM,1,1,,A,13`eWJ00000fFp`O6vro:S@r0D3l,0*5E
\s:66,c:1782377493*48\!AIVDM,1,1,,A,39NSrJE0000BRdLMfHMqb8300E4b,0*51
\s:66,c:1782377489*43\!AIVDM,1,1,,A,1k3d6v0wid8VrWH7?8>dar6j0000,0*07
\s:66,c:1782377493*48\!AIVDM,1,1,,B,C6:5C`P002;abnT@<I01Cwv0@b2hBL?Wd00000000000S2L522PP,0*08
\s:66,c:1782377488*42\!AIVDM,1,1,,A,B3IJBC00>P1vcu5WV3dKKweQh53<,0*18
\s:66,c:1782377494*4F\!AIVDM,1,1,,B,139qjfP0000eVlNN`pl42ow60HDA,0*45
\s:66,c:1782377493*48\!AIVDM,1,1,,B,33A:ml0Oh7PD=ktN3<hGb32v00vh,0*2C
\s:66,c:1782377494*4F\!AIVDM,1,1,,A,35DSBL1000rB4mP5Jj?mAWa22E9b,0*2F
\s:66,c:1782377495*4E\!AIVDM,1,1,,A,177jcm001OUR46N4MH?KraO60@D5,0*68
\s:66,c:1782377494*4F\!AIVDM,1,1,,A,14eH85w001o<RefL9iJ4oBU408Cp,0*52
\s:66,c:1782377495*4E\!AIVDM,1,1,,A,13aN`c@P00PEmVTNCGEN4?w420S8,0*02
\s:66,c:1782377492*49\!AIVDM,1,1,,A,13GRhd?P00PEL9HI77av4?vv2HBb,0*75
\s:66,c:1782377497*4C\!AIVDM,1,1,,B,18LRbV0P127KmR:0frUHD?w:00Rl,0*2D
\s:66,c:1782377495*4E\!AIVDM,1,1,,B,18Hst7?P0dWLQT80gNbHs?vtR8B3,0*2F
\s:66,c:1782377495*4E\!AIVDM,1,1,,A,38:mBb5000`agJj8F0uB81M20EH:,0*11
\s:66,c:1782377493*48\!AIVDM,1,1,,A,139i=o5PA4PfQP0O6fIWFmo408Ct,0*7F
\s:66,c:1782377435*44\!AIVDM,1,1,,B,13APTL001e2dpVkfwuRab7g60538,0*3C
\s:66,c:1782377495*4E\!AIVDM,1,1,,B,35?dN<Qw@0PhemvQ06MagFg60Dg:,0*38
\s:66,c:1782377496*4D\!AIVDM,1,1,,B,15@Gm@001E:lNhqdR<OksC1l08Do,0*1E
\s:66,c:1782377495*4E\!AIVDM,1,1,,A,H3m9W<P4Tp60TTT000000000000,2*72
\s:66,c:1782377495*4E\!AIVDM,1,1,,A,H3m9W<TUCBD5Odd<4jlho00`2220,0*37
\s:66,c:1782377494*4F\!AIVDM,1,1,,A,35NOtR3007J:H?NAGOs0FPWp0000,0*71
\s:66,c:1782377494*4F\!AIVDM,1,1,,A,13P=Qw031vrBQv2?4j:0r0w2053<,0*68
\s:66,c:1782377497*4C\!AIVDM,1,1,,A,19NSE6h0223Vw3UqkaMjV2A60<02,0*2D
\s:66,c:1782377496*4D\!AIVDM,1,1,,A,1815BP@00mOWoATDWgvJ`8M2053<,0*13
\s:66,c:1782377493*48\!AIVDM,1,1,,A,19giEnsOh3vivUb;uC7cW:m00L25,0*20
\s:66,c:1782377497*4C\!AIVDM,1,1,,A,1696dGP0188geo@AhAW3SRO6053<,0*0F
\s:66,c:1782377497*4C\!AIVDM,1,1,,B,16:59tP01=8hQt0AK1:41Bu8053<,0*48
\s:66,c:1782377498*43\!AIVDM,1,1,,B,B33v=;00>H5Es9WP@nIAGwj5oP06,0*2C
\s:66,c:1782377492*49\!AIVDM,1,1,,A,B3`gb?P0005kBn7O8LKQ3wh1h8Bo,0*69
\s:66,c:1782377486*4C\!AIVDM,1,1,,A,33AlmD50000DFi4MdKK`II0j0DWb,0*1A
\s:66,c:1782377494*4F\!AIVDM,1,1,,A,19NSeI80337e3nf3;nlQ60lL00SS,0*03
\s:66,c:1782377492*49\!AIVDM,1,1,,A,18LKeB00127L3<l0gL@L<Ovn00Rf,0*5C
\s:66,c:1782377489*43\!AIVDM,1,1,,B,13`f:Q@P@jPF4CLMwb7DFk6rR<4s,0*36
\s:66,c:1782377494*4F\!AIVDM,1,1,,A,13`kC`P000PE1EPN1BkVTHJt0HCr,0*36
\s:66,c:1782377490*4B\!AIVDM,1,1,,A,34`arm5000MP11us<`Q:FVId0Dg:,0*02
\s:66,c:1782377487*4D\!AIVDM,1,1,,B,19NSVRh02?OP09nJqHi15@pl0@@E,0*2E
\s:66,c:1782377489*43\!AIVDM,1,1,,B,13P7b40P00PG2BtNB`lf4?vr253<,0*04
\s:66,c:1782377492*49\!AIVDM,1,1,,A,169G;rP01489KM@<kTCe6bS000S7,0*42
\s:66,c:1782377464*40\!AIVDM,1,1,,A,B6:K4GP00:7Upu5TMig4CwR42000,0*1B
\s:66,c:1782377492*49\!AIVDM,1,1,,A,33mJES00000kI6`U7=Hh001p0000,0*6D
\g:1-2-5198516,s:66,c:1782377494*0A\!AIVDM,2,1,6,B,53VKH281t1K5=H7SGK4<Q8U=@u>1PhTT0000000l1@I65tec0>1l`42D,0*31
\g:2-2-5198516*6A\!AIVDM,2,2,6,B,P00000000000000,2*41
\s:66,c:1782377494*4F\!AIVDM,1,1,,A,348fLJ80011PeC<Ool9l<jo00S11,0*78
\s:66,c:1782377494*4F\!AIVDM,1,1,,B,13VKH20P01Qd58VEf5jv4?w4253<,0*05
\g:1-2-5198517,s:66,c:1782377494*0B\!AIVDM,2,1,7,A,53?vnR02?8`T@A<h001<D4l58hTp00000000001@C`O@@5W>NA1Al4i0,0*6A
\g:2-2-5198517*6B\!AIVDM,2,2,7,A,000000000000000,2*23
\s:66,c:1782377488*42\!AIVDM,1,1,,B,162?@tP01f8oJjfBtVU00@4j0`@6,0*30
\s:66,c:1782377491*4A\!AIVDM,1,1,,B,13ks1N0vAm0=uVnMtUL;Uq>v053<,0*17
\s:66,c:1782377493*48\!AIVDM,1,1,,B,15?diuP1hu8g;VHAN=ejrjK208Bw,0*01
\s:66,c:1782377489*43\!AIVDM,1,1,,A,13m8pm0w1lQ@LW@Wh=rc1`ln253<,0*74
\s:66,c:1782377496*4D\!AIVDM,1,1,,B,1346RH0000PCij<MG7gD8bC400Rj,0*18
\s:66,c:1782377490*4B\!AIVDM,1,1,,B,19God:P01<6BREj3PPIrKHDN0@8h,0*1E
\s:66,c:1782377492*49\!AIVDM,1,1,,B,13EccQ0003OufMNEs`wCB14t0D2P,0*28
\s:66,c:1782377493*48\!AIVDM,1,1,,A,139WQ7P000PqVe@O9mkf42k020SF,0*42
\s:66,c:1782377496*4D\!AIVDM,1,1,,A,13mg2o00000KHP8SU@:=T:?60<0N,0*7C
\s:66,c:1782377497*4C\!AIVDM,1,1,,B,18LKeB00127L39F0gL`t;Ow60<<;,0*09
\s:66,c:1782377494*4F\!AIVDM,1,1,,A,13WakT?000wVoR>DRWpKTom208D>,0*6C
\s:66,c:1782377493*48\!AIVDM,1,1,,A,33n3B180000IolvSbEu<v9Ap0000,0*4F
\s:66,c:1782377490*4B\!AIVDM,1,1,,B,13aWqp001dPcle6Nc:r4qkpr00S:,0*69
\s:66,c:1782377491*4A\!AIVDM,1,1,,A,13m=EIP000PFEBLSEr1nojbt0L0h,0*49
\s:66,c:1782377496*4D\!AIVDM,1,1,,A,38I6?;10007?i461UlMj5Ho40Dg:,0*14
\s:66,c:1782377497*4C\!AIVDM,1,1,,B,3JpE7;G001Jaj5<6ANH;olu80P;h,0*6C
\s:66,c:1782377496*4D\!AIVDM,1,1,,A,35D:wh00R<3<f>WhQ2VqWWhT0C0u,0*09
\s:66,c:1782377497*4C\!AIVDM,1,1,,A,13HU`s7P00wpUJ:LIh2JqOw:2HEk,0*5D
\s:66,c:1782377493*48\!AIVDM,1,1,,A,13ku:QPsQt0=vnhMJWLbm8Q408CQ,0*7E
\s:66,c:1782377494*4F\!AIVDM,1,1,,A,13f4`R001p0=DvVMIDtRp2E40@Cc,0*69
\s:66,c:1782377495*4E\!AIVDM,1,1,,B,13aOBn0P00P@KS<MKwa@0?w42<1C,0*11
\s:66,c:1782377434*45\!AIVDM,1,1,,B,H:pDrAh@4hl5:0TT00000000000,2*45
\s:66,c:1782377492*49\!AIVDM,1,1,,B,H:pDrAljCBD9f0m8;GA00010211t,0*63
\s:66,c:1782377488*42\!AIVDM,1,1,,A,13A7bd001dOk>RFLPhtC42Lp0H@K,0*05
\s:66,c:1782377493*48\!AIVDM,1,1,,A,B7ldpWP00:6;tpOpKpkBOwP4kP06,0*53
\s:66,c:1782377491*4A\!AIVDM,1,1,,B,39NSQqiw003Um=f?WjF6KrTt0DmJ,0*64
\s:66,c:1782377495*4E\!AIVDM,1,1,,,13m2vt00268`vAp6iRNM8bM20000,0*08
\s:66,c:1782377490*4B\!AIVDM,1,1,,A,15?daDP0117pvf08r0<WiF@t053<,0*5B
\s:66,c:1782377494*4F\!AIVDM,1,1,,,13en:h0vihQ;tFdD::gK@a120000,0*0D
\s:66,c:1782377493*48\!AIVDM,1,1,,A,15MwnrhP00JRd=nE5hH`v?w208CC,0*27
\s:66,c:1782377494*4F\!AIVDM,1,1,,B,23P<:DP02dP6KdPMehUkCBW008Ch,0*22
\s:66,c:1782377496*4D\!AIVDM,1,1,,A,38HwB8POhp7K5tp0e<`LlJGB01s0,0*06
\s:66,c:1782377496*4D\!AIVDM,1,1,,A,144efGPP009Kg:HH`wJh0?w8253<,0*01
\s:66,c:1782377495*4E\!AIVDM,1,1,,A,13InC20006P1?tLLSiNhno760HDS,0*2D
\s:66,c:1782377496*4D\!AIVDM,1,1,,A,13`vQL?000P@M9@MKo@3:a<r00Rv,0*2F
\s:66,c:1782377494*4F\!AIVDM,1,1,,A,33aN`i@3Q>OSBjJDr@LEgTip0000,0*37
\s:66,c:1782377497*4C\!AIVDM,1,1,,B,36:;i25P01`VVs0DVr>VWOw62000,0*6E
\s:66,c:1782377493*48\!AIVDM,1,1,,A,16:9iJP01O8iHPnA;nNeUK6r0<v@,0*67
\s:66,c:1782377492*49\!AIVDM,1,1,,B,H52lWQlN7B=400000000001@2140,0*28
\s:66,c:1782377494*4F\!AIVDM,1,1,,B,33JDmf7OhjOQr3jKEff3m3K401v@,0*44
\s:66,c:1782377493*48\!AIVDM,1,1,,B,15Mu1EP000rds:66,0*75
\s:66,c:1782377492*49\!AIVDM,1,1,,A,19NSOQP12I2Caw9eNS8jK26V0L0:,0*2C
\s:66,c:1782377495*4E\!AIVDM,1,1,,B,16?UmvPP015FN>j7I0idnww20<0K,0*53
\s:66,c:1782377495*4E\!AIVDM,1,1,,B,33aIoL50000eUGdN`HN5dqU40lUJ,0*22
\s:66,c:1782377497*4C\!AIVDM,1,1,,B,35Mt>SPP@wrdok>G@f9:1We:01ph,0*2E
\s:66,c:1782377498*43\!AIVDM,1,1,,B,18R=FI003CNgrE<7wln7GUsD053<,0*44
\s:66,c:1782377488*42\!AIVDM,1,1,,A,39NSP;0sjj;1G8OjdJFuuP8n002C,0*56
\s:66,c:1782377488*42\!AIVDM,1,1,,B,15OF0aP000re;v2GB?8sw6jn0<4q,0*0C
\s:66,c:1782377481*4B\!AIVDM,1,1,,B,B3MD62h00>aRsvQOG7oQ3wbUoP06,0*23
\s:66,c:1782377480*4A\!AIVDM,1,1,,,B7Oip3P02JfJSLLU;p;Q0m:5l000,0*6A
\s:66,c:1782377488*42\!AIVDM,1,1,,A,16:QlV0012`gj3:Abs0=C02n2<80,0*63
\s:66,c:1782377489*43\!AIVDM,1,1,,B,28TBhV0PB87b7fp5ntP5w4nr0@@g,0*2B
\s:66,c:1782377489*43\!AIVDM,1,1,,A,139c?80Oh0PeLUVN`=3`Il8fP0Rg,0*4A
\s:66,c:1782377481*4B\!AIVDM,1,1,,A,13EfvW7009OOi=LKESGHaU4b0D2o,0*29
\s:66,c:1782377484*4E\!AIVDM,1,1,,B,13m=sJ7P00PglUBTkNeN4?vf2<0A,0*5B
\s:66,c:1782377489*43\!AIVDM,1,1,,B,13ku<6@wBl;kqO>JV;0k7RLr053<,0*57
\s:66,c:1782377490*4B\!AIVDM,1,1,,B,13EfvW7008OOi<pKESC8SU4t0D2o,0*46
\s:66,c:1782377488*42\!AIVDM,1,1,,A,H7lj<1A@:p@4pqV3;;@00000000,2*4B
\s:66,c:1782377487*4D\!AIVDM,1,1,,B,142O1e0031Pn59RG3doKh9Lj0<1a,0*74
\g:1-2-5198518,s:66,c:1782377487*06\!AIVDM,2,1,8,B,58I8<;42BW`gUKW;?N0mF0lT4r1<tpN222222216DP@<?5aS0A6PH15D,0*1A
\g:2-2-5198518*64\!AIVDM,2,2,8,B,`88888888888880,2*77
\s:66,c:1782377488*42\!AIVDM,1,1,,A,19NSHfPwiePI7gDESHhCIBfj08@Q,0*50
\s:66,c:1782377482*48\!AIVDM,1,1,,B,B3o1F:P00089n7V?2?7Q3wbQh000,0*63
\s:66,c:1782377488*42\!AIVDM,1,1,,A,339eH0500T0efpTNV;lN4;Ap0000,0*4B
\s:66,c:1782377483*49\!AIVDM,1,1,,B,15NH7eP000o@7>DE`v=>45Hf2@=h,0*2F
\s:66,c:1782377488*42\!AIVDM,1,1,,A,13nA>h00000L148QpfM84Prn053<,0*5C
\s:66,c:1782377488*42\!AIVDM,1,1,,B,13`kE<0P0G0Cf0bMdHlK8?vn053<,0*56
\s:66,c:1782377491*4A\!AIVDM,1,1,,A,18LfvW`P007=rwD7RA5N45lb2U3<,0*67
\s:66,c:1782377491*4A\!AIVDM,1,1,,B,402Fhgivad`kO0eBbpHnH7o008Bd,0*29
\s:66,c:1782377488*42\!AIVDM,1,1,,A,13aBNFP000PCLHvMEqt`;12pP53<,0*41
\s:66,c:1782377489*43\!AIVDM,1,1,,B,1815AO001KrQwc>FK12DGkLj0@A4,0*10
\s:66,c:1782377490*4B\!AIVDM,1,1,,A,13ku<>0030Otl>pELGw8rW:t0HAT,0*25
\s:66,c:1782377489*43\!AIVDM,1,1,,B,19N`2g@u@FQD80MdWPmBcAnr2D23,0*30
\s:66,c:1782377495*4E\!AIVDM,1,1,,A,B7tuIGP069oe`4P>NJ1Rswi73P06,0*5B
\s:66,c:1782377490*4B\!AIVDM,1,1,,B,13l3pt@00;JTf6V5tfvGp9Np08Aj,0*5D
\s:66,c:1782377494*4F\!AIVDM,1,1,,A,339v@7P01:0eUvlNWK0Jq`sp0000,0*55
\s:66,c:1782377496*4D\!AIVDM,1,1,,B,13aN`r0P00PBQ;fMegw@0?w820S8,0*35
\s:66,c:1782377497*4C\!AIVDM,1,1,,B,13S=wP0000Q?k2pHWtkj1oM:0@Ee,0*3A
\s:66,c:1782377496*4D\!AIVDM,1,1,,A,13`e?k00?wdtSF0l4Q@>43O>0@Dv,0*4B
\s:66,c:1782377491*4A\!AIVDM,1,1,,B,ENk`tUWJ@@@@@@@@@@@@@@@@@@@=B85s:66,2*61
\s:66,c:1782377495*4E\!AIVDM,1,1,,A,137qpV0OiA8hb?L@tRFcK9lj8@?l,0*4E
\s:66,c:1782377490*4B\!AIVDM,1,1,5,,B39i7H00086R47WSl2WQ3wjUoP06,0*7D
\s:66,c:1782377494*4F\!AIVDM,1,1,9,,B39i7H00086R487Sl2gQ3wlUoP06,0*28
\s:66,c:1782377496*4D\!AIVDM,1,1,,A,3775eD1000rD9iP54apf40380Dg:,0*66
\s:66,c:1782377498*43\!AIVDM,1,1,,A,16KB9<0wRWNegwt;=caeuc9208DA,0*51
\s:66,c:1782377484*4E\!AIVDM,1,1,,B,1390DJ0uQWlUS7jNbbAc5Hnf00SC,0*5D
\s:66,c:1782377483*49\!AIVDM,1,1,,B,13b;jh?P010EvLVNCClf4?vd28=T,0*35
\s:66,c:1782377483*49\!AIVDM,1,1,,B,C69DRb0002;VMJTC3L<lgwc0l@;08BL?1cigUe000000S2T61S2P,0*4F
\s:66,c:1782377485*4F\!AIVDM,1,1,,B,13WDmH?01POUO`TDNce9joph0`>w,0*2F
\s:66,c:1782377483*49\!AIVDM,1,1,,A,16:<PH001?`d0WhAmWn=K:th2=t3,0*37
\s:66,c:1782377484*4E\!AIVDM,1,1,,B,36:GlSQ0018<s7f<rwns;FFh0Dg:,0*7A
\s:66,c:1782377488*42\!AIVDM,1,1,,A,169@if0000`g6MhA?IE=@gvn0000,0*33
\s:66,c:1782377490*4B\!AIVDM,1,1,,B,15O4lR0P00rQL`bFL>Lv4?vr2<2=,0*69
\s:66,c:1782377488*42\!AIVDM,1,1,,A,35MwOHP000G?v>hK@n8uw;=p0000,0*0C
\s:66,c:1782377487*4D\!AIVDM,1,1,,A,13aC3D@P19PFIMrMvfAM4gvn2D?f,0*3C
\s:66,c:1782377487*4D\!AIVDM,1,1,,A,15MwOHPP00G?v>hK@n9=vOvn015T,0*67
\s:66,c:1782377487*4D\!AIVDM,1,1,,A,1912Dhw0010>1T8E2CKP09@l28?w,0*5C
\s:66,c:1782377488*42\!AIVDM,1,1,,B,13ku:1002M8n7Pb@bnm8Gn`p053<,0*34
\s:66,c:1782377489*43\!AIVDM,1,1,,A,15?dashuik1f`Gsd95brJ`BV0@@k,0*6A
\s:66,c:1782377487*4D\!AIVDM,1,1,,A,18I>R2002b`mh1`@ppC5u4dp0@@2,0*3D
\s:66,c:1782377484*4E\!AIVDM,1,1,,B,14hOuC001RrLWmD>k5fT03@d0@>?,0*16
\s:66,c:1782377488*42\!AIVDM,1,1,,A,148d;p002dP?DRHMiVobT8Pl853<,0*7E
\s:66,c:1782377484*4E\!AIVDM,1,1,,A,D02IPBAMdPfp,0*15
\s:66,c:1782377484*4E\!AIVDM,1,1,,A,402IPBAvad`kHNon3JTffkG00@>M,0*47
\s:66,c:1782377490*4B\!AIVDM,1,1,,B,4030pGivad`kNsLlA`ITHAo0053<,0*79
\s:66,c:1782377487*4D\!AIVDM,1,1,,B,D04pkRQa8Nfr<`N01HDv000,2*25
\s:66,c:1782377487*4D\!AIVDM,1,1,,,15NT5pg2h1o=3C0Kl:p1;RHl0000,0*33
\s:66,c:1782377494*4F\!AIVDM,1,1,,B,13ckKu002d0F8;rG=hORvRI0853<,0*10
\s:66,c:1782377494*4F\!AIVDM,1,1,,A,19NSgOhuja0CGmUhHPVliCo2053<,0*36
\s:66,c:1782377493*48\!AIVDM,1,1,0,A,13`lI00016FEpplQSj?=5:Nt00T8,0*3A
\s:66,c:1782377495*4E\!AIVDM,1,1,,A,168sgPP0008fjH@AE97ThPo208D8,0*4E
\s:66,c:1782377487*4D\!AIVDM,1,1,,B,13n24m0P01Pg;eJTj7df4?vn253<,0*70
\s:66,c:1782377494*4F\!AIVDM,1,1,,A,19t6T5@P00WKV>`0WVb>4?w22@CI,0*52
\s:66,c:1782377490*4B\!AIVDM,1,1,,B,18SQwlR000Wc0Np;;Omcg@lr253<,0*1D
\s:66,c:1782377495*4E\!AIVDM,1,1,,A,33UIJS0000Qcs>FEf<q=jhM400vi,0*2D
\s:66,c:1782377491*4A\!AIVDM,1,1,,B,B5:tqb000VrDF724=JoQ3wgQjIC:,0*49
\s:66,c:1782377496*4D\!AIVDM,1,1,,B,B3ch<>00=GspEu5=Pw<iwwiUkP06,0*6F
\s:66,c:1782377496*4D\!AIVDM,1,1,,B,142OhHh0001pnK:FvGIRFao4053<,0*61
\s:66,c:1782377492*49\!AIVDM,1,1,,B,13E`O40001OGGK0KfkOcU:k200Rf,0*24
\s:66,c:1782377496*4D\!AIVDM,1,1,,B,348`m23Oh0QPmF6OnHmnfTi6214i,0*44
\s:66,c:1782377494*4F\!AIVDM,1,1,,A,16::26501W`K<7DFC`9Uj4U428Cd,0*39
\g:1-2-5198519,s:66,c:1782377454*09\!AIVDM,2,1,9,B,56:5C30000022222220`Tr1UDr37V2222222221;8h>891W605PhCp1Q,0*7E
\g:2-2-5198519*65\!AIVDM,2,2,9,B,BH12@C`88888880,2*7C
\s:66,c:1782377495*4E\!AIVDM,1,1,,A,13mphF001iP8DhVE5d=b@`?20D83,0*44
\s:66,c:1782377496*4D\!AIVDM,1,1,,A,148chR0000QPdqdOoo<dtlC:253<,0*4C
\s:66,c:1782377494*4F\!AIVDM,1,1,,A,13Q;:KPP0>wWLaFDcgPQc?w02`DF,0*70
\s:66,c:1782377496*4D\!AIVDM,1,1,,A,34b9G21P007KkA40fuvVogvv0000,0*07
\s:66,c:1782377497*4C\!AIVDM,1,1,,B,13`kb80000P1mmnMKw0JLpS:0<1S,0*49
\s:66,c:1782377494*4F\!AIVDM,1,1,,A,15O=nW`000rAT?8?BEAv45M22<0d,0*72
\s:66,c:1782377489*43\!AIVDM,1,1,,B,16:8VOQ0158h;E0AgPm<GrLp0PRU,0*0B
\s:66,c:1782377490*4B\!AIVDM,1,1,,A,13iROh3000MOrtms=K2sf:dr08AV,0*43
\s:66,c:1782377493*48\!AIVDM,1,1,,B,403OthAvad`kPoQg5NBlQbw02<:c,0*07
\s:66,c:1782377440*46\!AIVDM,1,1,,B,H7OiwL0e8U=@Tp4000000000000,2*10
\s:66,c:1782377493*48\!AIVDM,1,1,,B,H7OiwL4UCBD6sSiFGmkjA01H122t,0*3C
\s:66,c:1782377489*43\!AIVDM,1,1,,B,E>m>;hVUbUb`@4W72a0000000003dh`E0H0lh20@@@f>@0,4*27
\s:66,c:1782377493*48\!AIVDM,1,1,,B,16:INkPP008gdU<Amkt4RCap0000,0*21
\s:66,c:1782377494*4F\!AIVDM,1,1,,A,1815JIh1QTWJt`60a3@iPQE00@DH,0*08
\s:66,c:1782377491*4A\!AIVDM,1,1,,B,D03t>Uiw8Nfp00N000,4*79
\s:66,c:1782377492*49\!AIVDM,1,1,,B,13ku9D@0211dCNbEaBsdr:Jt00S?,0*66
\s:66,c:1782377488*42\!AIVDM,1,1,,B,33P<m=P00:07KpvMKuesIC8r017P,0*7A
\s:66,c:1782377494*4F\!AIVDM,1,1,,B,16:e1w@000`Vs8@BCwg7RW12086F,0*2E
\s:66,c:1782377494*4F\!AIVDM,1,1,,B,B6:`vj@00227DR3?u`KN:ii7QP06,0*60
\s:66,c:1782377495*4E\!AIVDM,1,1,,A,19NSpokP@03hKvP=mgMQ>ri40HDR,0*05
\s:66,c:1782377490*4B\!AIVDM,1,1,,A,1815Po@w1VOWR`:DTdLeLbNp0<53,0*13
\s:66,c:1782377494*4F\!AIVDM,1,1,,B,177n340t1i`k0tbA>Ith`0a400Rv,0*47
\s:66,c:1782377492*49\!AIVDM,1,1,,B,15?dOT?w@13N8:R@@SDTB2br00S5,0*30
\s:66,c:1782377493*48\!AIVDM,1,1,,A,3Ch;WG0P2JvE`INUo9>nNOw0204R,0*28
\s:66,c:1782377489*43\!AIVDM,1,1,,B,14RqdK001aP5CuhOUL1Iaofl08@p,0*55
\s:66,c:1782377491*4A\!AIVDM,1,1,,B,15IIqF0000KUhOH678p>41Rt0HB=,0*34
\s:66,c:1782377494*4F\!AIVDM,1,1,,A,19NSMUh00S2nkgUufv10Q3a4053<,0*4C
\s:66,c:1782377493*48\!AIVDM,1,1,,B,B3cm5F0000@RQT5koQ;Q3whQh000,0*11
\s:66,c:1782377495*4E\!AIVDM,1,1,,A,C6=m>Q@06qLpG:PoAbVcKwi0BJbISceg0J`U11111110?0d21120,0*52
\s:66,c:1782377492*49\!AIVDM,1,1,,A,19N`2jh002133N8G;0QjLB>t0000,0*76
\s:66,c:1782377492*49\!AIVDM,1,1,,B,13iAqIh0110Af0NNB>jpw79008Be,0*48
\s:66,c:1782377491*4A\!AIVDM,1,1,,B,13cn:;002f0Kl3lEJvFCFjc008BR,0*2C
\s:66,c:1782377489*43\!AIVDM,1,1,,B,14S9?F002T0SFq0NvWOdF9rt0@BT,0*6A
\s:66,c:1782377496*4D\!AIVDM,1,1,,B,38I5kL10041DI=gda=jmwmM:0E2r,0*71
\s:66,c:1782377495*4E\!AIVDM,1,1,,A,E>o6K9P17dPh9I@8:7h6PVWW0V0MC:bj2uIoP10888iN:0,4*6A
\s:66,c:1782377495*4E\!AIVDM,1,1,,B,76;9rpeRMpD`,0*0A
\s:66,c:1782377496*4D\!AIVDM,1,1,,B,18L=CJ00117L2nh0gAR3Sjm000SI,0*12
\s:66,c:1782377496*4D\!AIVDM,1,1,,B,16:9q9P01P81eF`;BD9<LIu600Rt,0*7A
\s:66,c:1782377496*4D\!AIVDM,1,1,,B,33P<m=PP@907KqdMKuduE33801s@,0*14
\s:66,c:1782377492*49\!AIVDM,1,1,,B,ENkb;2O9R@@@@@@@@@@@@@@@@@@;WL08=f@L`00003vP000,2*32
\s:66,c:1782377491*4A\!AIVDM,1,1,,A,18HwGLPP017?`Tp1Wb0Rw?vt0d9N,0*59
\g:1-2-5198520,s:66,c:1782377497*0C\!AIVDM,2,1,0,B,53`iUF8000010K;S?01@DhE=@Pt000000000001@<P:2:uU2m3mS2Dlj,0*43
\g:2-2-5198520*6F\!AIVDM,2,2,0,B,CQiC`0UBE1CR0EP,2*28
\s:66,c:1782377496*4D\!AIVDM,1,1,,B,403t>Uivad`kS`gcpFAMqdo008E2,0*24
\s:66,c:1782377496*4D\!AIVDM,1,1,,B,15?dOT?vh03N8:R@@SDQMBc20HE@,0*38
\s:66,c:1782377498*43\!AIVDM,1,1,,B,B52`mGP00=l1hK5JJaKQ3wjUoP06,0*35
\s:66,c:1782377493*48\!AIVDM,1,1,,A,33@nwqh0000ctILOJgSh001p0000,0*6C
\s:66,c:1782377497*4C\!AIVDM,1,1,,B,339NGEP01VPeci4N`d2U645601v0,0*37
\s:66,c:1782377487*4D\!AIVDM,1,1,,A,13@nhKPP00PhB6DPoVKf4?vn20SN,0*69
\s:66,c:1782377488*42\!AIVDM,1,1,,A,38Lg0DQ000W=pP>7RPSq;Drn0E4b,0*30
\s:66,c:1782377487*4D\!AIVDM,1,1,,A,19NSo8P0iP7@VJP1NGIKwIVB0D<2,0*6C
\s:66,c:1782377488*42\!AIVDM,1,1,,B,15?dLBP01F2eCCL<gJ0tbb>p0H@;,0*60
\s:66,c:1782377488*42\!AIVDM,1,1,,A,36:C:?001N8fJ8hA6W1:i8Jn01w@,0*0C
\s:66,c:1782377483*49\!AIVDM,1,1,,B,13sBiewP1CwGw2:GV2nFGgvf2H=m,0*11
\s:66,c:1782377488*42\!AIVDM,1,1,,B,B69aFEP0TB;k4>4Cg?BD5n=SQP06,0*3D
\s:66,c:1782377488*42\!AIVDM,1,1,,B,13=?8L001?0:Kk@MGKfLR9nn0D4u,0*00
\s:66,c:1782377488*42\!AIVDM,1,1,,A,13crkm000017?CHEoEG6Wolp0000,0*3B
\g:1-2-5198521,s:66,c:1782377491*0B\!AIVDM,2,1,1,A,58IIk842?FdsUKS3CB0l4E9<f0985@4r22222217E@m:F5dc0Il0@S0g,0*50
\g:2-2-5198521*6E\!AIVDM,2,2,1,A,SVU4Qp888888880,2*60
\s:66,c:1782377487*4D\!AIVDM,1,1,,B,36::CeQ0018LhKtF2Uv2>`Hl0DWr,0*0B
\s:66,c:1782377486*4C\!AIVDM,1,1,,A,16:UwT@P088d<nPAoQj1Jwvn00Su,0*0C
\s:66,c:1782377488*42\!AIVDM,1,1,,B,18R61a0P173Opi4@BcQ9Hgvn0@@f,0*47
\s:66,c:1782377487*4D\!AIVDM,1,1,,A,15OE7nP000JQL>:FN4wWhFPl0<1e,0*14
\s:66,c:1782377487*4D\!AIVDM,1,1,,A,23aQ6wPP00PDQlTMdhjf4?vn2D7c,0*57
\s:66,c:1782377488*42\!AIVDM,1,1,,B,36:?TPU0008N?cDFCabs0;<l0E1:,0*7A
\s:66,c:1782377488*42\!AIVDM,1,1,,,B4eH;r00=7t6cE57o7pn3wf1h000,0*14
\s:66,c:1782377491*4A\!AIVDM,1,1,,A,15vE<P0P01UeNVT3vk6N4?vv2<1:,0*38
\s:66,c:1782377490*4B\!AIVDM,1,1,,B,15?dN=001p0CiL:Ni0sR1Qbp0HAU,0*0C
\s:66,c:1782377492*49\!AIVDM,1,1,,B,13aJIv0P1IPCPhrMINmD`?vv2@Bj,0*14
\s:66,c:1782377486*4C\!AIVDM,1,1,,B,H52jbO1`4duE<d4000000000000,2*72
\s:66,c:1782377486*4C\!AIVDM,1,1,,B,H52jbO4UFC@D2DE00000000h:31<,0*12
\s:66,c:1782377492*49\!AIVDM,1,1,,A,148Mql0P011Pm8DOnJW<f?w20@B2,0*46
\s:66,c:1782377490*4B\!AIVDM,1,1,,A,B69oWh@00226?MS@>UkJFfv021Mk,0*25
\s:66,c:1782377486*4C\!AIVDM,1,1,,A,13mC0E2P00QAvhTWiMBv4?vl20Sb,0*22
\s:66,c:1782377492*49\!AIVDM,1,1,,B,16SbMrSP00a=QlLD4VpP0?vr0hDi,0*7A
\s:66,c:1782377493*48\!AIVDM,1,1,,A,139jJK0000Pe=WTN`W11GIjv053<,0*1C
\s:66,c:1782377491*4A\!AIVDM,1,1,,A,16;9ruPP03`hT:PAJfVf4?vt28Aj,0*64
\s:66,c:1782377487*4D\!AIVDM,1,1,,A,13`jfNwP00PDQuNMe9Qf4?vn2D:<,0*1A
\s:66,c:1782377494*4F\!AIVDM,1,1,,B,142OgjK000R62n@GGS1>42Q2253<,0*62
\s:66,c:1782377491*4A\!AIVDM,1,1,,B,402Fi1Qvad`kO0qGS:JGjpW008B@,0*7E
\s:66,c:1782377492*49\!AIVDM,1,1,,B,402Aa=Qvad`kOQ:>PhHsoT7000S:,0*6B
\s:66,c:1782377490*4B\!AIVDM,1,1,,B,15`I@<h1R`rLNf>>jm4lpStr0HAN,0*04
\s:66,c:1782377493*48\!AIVDM,1,1,,A,ENkb9WoI0h@@@@@@@@@@@@@@@@@;ScrD<OS:@00003vP000,2*34
\s:66,c:1782377489*43\!AIVDM,1,1,,A,19NSDN@01u0jCaBEhR9bF`Bt00SC,0*13
\s:66,c:1782377492*49\!AIVDM,1,1,,B,18L7d2?000WKF<L0f7BInajr0<<P,0*39
\s:66,c:1782377493*48\!AIVDM,1,1,,B,19NSlE@0212;iJdBQO8D;CE208CK,0*0B
\s:66,c:1782377494*4F\!AIVDM,1,1,,A,177hLo00jVWRHB81vapH76Q200S6,0*4E
\s:66,c:1782377490*4B\!AIVDM,1,1,,A,3815KQ10010mJCLPtGKkOrQp0000,0*74
\s:66,c:1782377494*4F\!AIVDM,1,1,,B,D02Aa=QHpNfq6DO6Et@O6D0,2*3B
\s:66,c:1782377494*4F\!AIVDM,1,1,,B,19NSt1@vQIGDH@4CqUCdmbG00@Cr,0*1D
\s:66,c:1782377491*4A\!AIVDM,1,1,,A,13aDBtwP00PNlb0MJ4g7>gvnP<1O,0*00
\s:66,c:1782377494*4F\!AIVDM,1,1,,A,1:1F=K?P?w<tSF0l4Q@>4?wv0pCv,0*6E
\s:66,c:1782377493*48\!AIVDM,1,1,,B,18IIk8000B<`<BkbWs;;4i?20@CH,0*29
\s:66,c:1782377495*4E\!AIVDM,1,1,,B,13FpT4320NP?O:hH3wKoRErv08DF,0*4D
\s:66,c:1782377492*49\!AIVDM,1,1,,B,BkI;g?P00GuD?76ck;kQ3wgUh000,0*19
\s:66,c:1782377490*4B\!AIVDM,1,1,,A,1815Bhh01dP0IUrLBKJrw`jb0@Aw,0*26
\s:66,c:1782377496*4D\!AIVDM,1,1,,A,33L08r5000PCnF:MFG`P0JE40DjJ,0*37
\s:66,c:1782377496*4D\!AIVDM,1,1,,B,16SgU6PP1A9=8PnD3SUJV?w7p@E2,0*52
\s:66,c:1782377496*4D\!AIVDM,1,1,,B,13cpHh?P0rPe3gFI>lt=2Ow608EP,0*6D
\g:1-2-5198522,s:66,c:1782377312*04\!AIVDM,2,1,2,B,56:?TP`0000090<oF21PTr04r0PtpN3;N2222216ChFE75dPo?0hCp1Q,0*45
\g:2-2-5198522*6D\!AIVDM,2,2,2,B,BH12@C`88888880,2*77
\s:66,c:1782377493*48\!AIVDM,1,1,,A,1815O950?w<tSF0l4Q@>40qv0`C?,0*25
\s:66,c:1782377489*43\!AIVDM,1,1,,,B:V3wd@00?40@EOoQ=LOwwf5oP06,0*32
\s:66,c:1782377491*4A\!AIVDM,1,1,,A,14Q400002QJBsPp?@TjPA@@r08BO,0*59
\s:66,c:1782377492*49\!AIVDM,1,1,,B,155l3@QP030mmbIuBse=wOvv0`C8,0*1D
\s:66,c:1782377492*49\!AIVDM,1,1,,B,B6:f`Uh0@r25ho3@13=L=9v021Mk,0*35
\s:66,c:1782377492*49\!AIVDM,1,1,,A,16?Uj?@0014vwqR<oJmWfr120@Bq,0*0E
\s:66,c:1782377493*48\!AIVDM,1,1,,A,33aGF2PP07PFI=nMvluK3gw222l1,0*5A
\s:66,c:1782377487*4D\!AIVDM,1,1,,B,16:;t`g0?w<tSF0l4Q@>401v1W3h,0*4C
\s:66,c:1782377493*48\!AIVDM,1,1,,A,13ku:J@01e7K?h>0cB:9WoS00DDS,0*51
\s:66,c:1782377494*4F\!AIVDM,1,1,,A,13mbmf000015lthW=@SPD9M20d0V,0*4D
\s:66,c:1782377490*4B\!AIVDM,1,1,,A,33mOhg0P001BH;TWn4gKMgvt05kC,0*1B
\s:66,c:1782377493*48\!AIVDM,1,1,,A,140Ut8h000PCGOrML80f45K2R0Ro,0*73
\s:66,c:1782377493*48\!AIVDM,1,1,,B,33cw?l4tB70CAjlMJ25M;bK000B0,0*7E
\s:66,c:1782377495*4E\!AIVDM,1,1,,A,19NSaPP0k3DF7:RBRfK;6Hs20?ww,0*51
\s:66,c:1782377494*4F\!AIVDM,1,1,,A,169ULEP0008LAc@=w6304T?208Cq,0*1A
\g:1-2-5198523,s:66,c:1782377435*07\!AIVDM,2,1,3,B,56:87=00000091P?@00<4tL4pO7L00000000000l2@F965L`0<000000,0*0B
\g:2-2-5198523*6C\!AIVDM,2,2,3,B,000000000000000,2*24
\s:66,c:1782377491*4A\!AIVDM,1,1,,B,13HRV?3P0u0EfH:Hn1AC<Ovv0<3W,0*1D
\s:66,c:1782377489*43\!AIVDM,1,1,,B,H7`N1R4N3=>6vQAJ=1llhj0P>410,0*22
\s:66,c:1782377496*4D\!AIVDM,1,1,,B,155l3@QP040mmbIuBsfhJgw60hER,0*7C
\s:66,c:1782377494*4F\!AIVDM,1,1,,B,B3m6rq000@6Ods`rh<kQ0w@QjDO:,0*63
\s:66,c:1782377495*4E\!AIVDM,1,1,,A,B69@hqP002;iWD4Cn4D5cwi6SP06,0*03
\s:66,c:1782377489*43\!AIVDM,1,1,,A,3815C600211gm1HEbos9d7op0000,0*53
\s:66,c:1782377496*4D\!AIVDM,1,1,,B,18IgmB8P2E7K@h80eIbtK?wp0HE5,0*2F
\s:66,c:1782377491*4A\!AIVDM,1,1,,A,35PThR0000G?c5VK3?JBF9mp0000,0*4B
\s:66,c:1782377495*4E\!AIVDM,1,1,,A,35960pW000HHum<=B4a0KROp0000,0*10
\s:66,c:1782377491*4A\!AIVDM,1,1,,A,35O3v55000J@u6b>sI3kD`3p0000,0*0A
\s:66,c:1782377489*43\!AIVDM,1,1,,B,16:`<aP00N8d=>DAuNUpVFqp0000,0*6E
\s:66,c:1782377493*48\!AIVDM,1,1,,A,13cF0h001a0ERL>NCOcpkVs40D8?,0*04
\s:66,c:1782377491*4A\!AIVDM,1,1,,A,H3aIhelUCBD:j8`@4oipk00p504t,0*50
\s:66,c:1782377496*4D\!AIVDM,1,1,,B,16:87eP01J`b8DP?>h2i@1720HEB,0*7E
\s:66,c:1782377490*4B\!AIVDM,1,1,,B,14SWI2001O0Md4tNhbiS6RNt0D9@,0*55
\s:66,c:1782377493*48\!AIVDM,1,1,,A,33aENr@0000JA4bNEl>h001p0000,0*53
\s:66,c:1782377493*48\!AIVDM,1,1,,A,1815c7P00j0B`AbMfwaKEq540`Cn,0*4A
\s:66,c:1782377492*49\!AIVDM,1,1,,A,19NSK6@02G00hrVFL9kM4rNv08C5,0*12
\s:66,c:1782377488*42\!AIVDM,1,1,,B,13n;pu000wPhdbVR@8Li>@rp28@l,0*0D
\s:66,c:1782377488*42\!AIVDM,1,1,,A,15CjE`000::m9>GdK3ct`iP`0D15,0*71
\s:66,c:1782377492*49\!AIVDM,1,1,,A,16:?f:001S8fcGnAj2fsPq:v0<?q,0*2D
\s:66,c:1782377494*4F\!AIVDM,1,1,,A,339930300Dq2Mhp;wam977OR0P00,0*40
\s:66,c:1782377491*4A\!AIVDM,1,1,,B,ENk`sALIh@@@@@@@@@@@@@@@@@@=8lrl7b<IP00003vP000,2*5A
\s:66,c:1782377492*49\!AIVDM,1,1,,B,402HW4Qvad`kOODD:pMP2>7008Bs,0*74
\s:66,c:1782377490*4B\!AIVDM,1,1,,B,403t:BAvad`kM8NFg<FAeei00D;7,0*27
\s:66,c:1782377495*4E\!AIVDM,1,1,,B,36=qA4U0005eKI`3vH6mwUi20DN:,0*61
\s:66,c:1782377490*4B\!AIVDM,1,1,,B,28Sb729P00W`gff65Egv4?vr20S3,0*18
\s:66,c:1782377492*49\!AIVDM,1,1,,B,19NSe7001fP>tQBMJWMSl3>v0<5d,0*38
\s:66,c:1782377495*4E\!AIVDM,1,1,,A,33tq7b002=0n<VBQ0K7S2RIp0000,0*18
\s:66,c:1782377496*4D\!AIVDM,1,1,,A,18I>4F9PDF7KW9J0dAmUU4M408E1,0*50
\s:66,c:1782377493*48\!AIVDM,1,1,,B,137M@T002`OnOfLLPGgThSS00@CH,0*14
\s:66,c:1782377489*43\!AIVDM,1,1,,A,36:8usU0008dMOvArsj@;wv00000,0*0A
\s:66,c:1782377498*43\!AIVDM,1,1,,A,13M@W@00000Fau2MvEoh02i60@DQ,0*2F
\s:66,c:1782377498*43\!AIVDM,1,1,,A,13n3Jd0P@00J@T<Qg`Ick6e82<1?,0*69
\s:66,c:1782377492*49\!AIVDM,1,1,,A,13WDAm0P00wV`j8DQ8R>4?w02@C<,0*68
\s:66,c:1782377497*4C\!AIVDM,1,1,,A,169FT7@00t8gds@A8UU54li8053<,0*4E
\s:66,c:1782377487*4D\!AIVDM,1,1,,,13lq68001nJB?sT?B;Q785dn8000,0*16
\s:66,c:1782377483*49\!AIVDM,1,1,,A,404k11Avad`kF:kOcwjJfro00<1b,0*3C
\s:66,c:1782377487*4D\!AIVDM,1,1,,A,35D9N61000WCT@R1?lvN48Hn2E@J,0*7B
\s:66,c:1782377488*42\!AIVDM,1,1,,B,19NSLBP0268aAH4>VUf`AFPp0H@L,0*56
\s:66,c:1782377490*4B\!AIVDM,1,1,,A,13S3Sd0P00Q<5JPHoCV>4?vt2@Al,0*0B
\s:66,c:1782377488*42\!AIVDM,1,1,,B,177Gqi00018FaC;w@`lMbGjp0<37,0*6C
\s:66,c:1782377485*4F\!AIVDM,1,1,,A,13l3n@001N0qE@0E=m1ropff0000,0*17
\s:66,c:1782377487*4D\!AIVDM,1,1,,B,1:17WL0P00Pg7WlE41@N4?vn2H?t,0*04
\s:66,c:1782377487*4D\!AIVDM,1,1,,A,13T><p00001gc>vEIAV:Bo@h017i,0*04
\s:66,c:1782377487*4D\!AIVDM,1,1,,A,33o0G7P01A0i7>:R@qtMjbop0000,0*3E
\s:66,c:1782377465*41\!AIVDM,1,1,,B,15QBet3103WNeb21U?GH0VB<0H37,0*3E
\s:66,c:1782377485*4F\!AIVDM,1,1,,A,139U28P0000PqRfNQJmn64Pl0<5r,0*24
\s:66,c:1782377490*4B\!AIVDM,1,1,,B,1815Mc00j=J>vMB18qsPD@Bp0@AP,0*50
\s:66,c:1782377488*42\!AIVDM,1,1,,A,H3Eobe0M8DL4j1<DMDp@t000000,2*65
\s:66,c:1782377129*4C\!AIVDM,1,1,,A,H3Eobe4m93?4>=n7B571<P0P2220,0*0D
\s:66,c:1782377488*42\!AIVDM,1,1,,B,33GQAM003?06M0>F<7<W7EVj00S@,0*0D
\s:66,c:1782377486*4C\!AIVDM,1,1,,A,B39mC<00=H>2187mka6=cwe5oP06,0*2A
\s:66,c:1782377487*4D\!AIVDM,1,1,,B,33P<4D@02TwiqUBQearqKWRh01p1,0*67
\s:66,c:1782377489*43\!AIVDM,1,1,,A,39hlIl10007Nv5F12DGknEVp0lLb,0*64
\s:66,c:1782377484*4E\!AIVDM,1,1,,B,13`f=@hP01PFO1pMu1hv4?vh2<4W,0*12
\s:66,c:1782377486*4C\!AIVDM,1,1,,B,13m9780P000H4MpQn380=Ovl08?S,0*65
\s:66,c:1782377487*4D\!AIVDM,1,1,,B,13mn>?7P00Q5bOTWKt0WOwvn0<0w,0*3B
\s:66,c:1782377496*4D\!AIVDM,1,1,,A,18I3JD0u1u8;OA2<quN;HI380@Dv,0*60
\s:66,c:1782377496*4D\!AIVDM,1,1,,A,176reJ002R8mp4hAS6lP8@A20<2T,0*2B
\s:66,c:1782377496*4D\!AIVDM,1,1,,B,33K>M>00011gK<fDv:8>4:k80000,0*36
\s:66,c:1782377494*4F\!AIVDM,1,1,,A,33aFgjUP000G3WNN1=E>4?w20Di:,0*04
\s:66,c:1782377495*4E\!AIVDM,1,1,,B,13@oj1H01QPl6;JPuF1ks3;80<3h,0*1D
\s:66,c:1782377494*4F\!AIVDM,1,1,,,B3P<?Ph0039WWVJW7:51swi5sP06,0*48
\s:66,c:1782377496*4D\!AIVDM,1,1,,A,13@pSe80000hPChQ1f2007;40@E7,0*07
\s:66,c:1782377496*4D\!AIVDM,1,1,,B,13FSsh000wNmah2@BiwAJA?600S;,0*41
\s:66,c:1782377494*4F\!AIVDM,1,1,,B,1qNSfHh01m8aHNd75hmMIbe00000,0*5D
\s:66,c:1782377496*4D\!AIVDM,1,1,,B,13:wlT5P?w<tSF0l4Q@>4?wv8T84,0*0F
\s:66,c:1782377497*4C\!AIVDM,1,1,,A,36:EHK003S89Kdt<nFjGKn3:00UQ,0*74
\s:66,c:1782377497*4C\!AIVDM,1,1,,A,16:5mv001N8js<vAI0hW1UK:253<,0*3B
\s:66,c:1782377497*4C\!AIVDM,1,1,,A,16:EHK003S89Kdt<nFjGKn3<0000,0*74
\s:66,c:1782377492*49\!AIVDM,1,1,,B,1:4Q1P6P?w<tSF0l4Q@>4?wv0PSI,0*6E
\s:66,c:1782377494*4F\!AIVDM,1,1,,B,15T12<002L6DJCv3PEPkOjlf0HCa,0*51
\s:66,c:1782377495*4E\!AIVDM,1,1,,B,19NSbs02RAwNA9L2>QT3K2g02<01,0*26
\s:66,c:1782377495*4E\!AIVDM,1,1,,,33aGF=1P00PF>FdNFPRN4?w42Dlr,0*35
\s:66,c:1782377492*49\!AIVDM,1,1,,A,34hTB@5P000g8v<HrVuh0?vv0000,0*21
\s:66,c:1782377496*4D\!AIVDM,1,1,,A,33cs6<0wBIP6;>dGGNuq:o?201j1,0*3F
\s:66,c:1782377494*4F\!AIVDM,1,1,,B,13;4e4001fOSkmcj<=tbe`O000S?,0*3C
\s:66,c:1782377488*42\!AIVDM,1,1,,A,35NVhqPOh0JB0HhBk:p;p9Qp0000,0*4E
\s:66,c:1782377483*49\!AIVDM,1,1,,B,33c7fd5000POagBNPS9af9Lf0DTb,0*0F
\s:66,c:1782377484*4E\!AIVDM,1,1,,A,4050KrP000Htt<tSF0l4Q@000p>>,0*52
\s:66,c:1782377265*47\!AIVDM,1,1,,B,B:U8W5P00OA5u1Lp6uoM;wnWGP06,0*44
\s:66,c:1782377484*4E\!AIVDM,1,1,,A,B5O0fP0006L81dTF4KL000N00000,0*50
\s:66,c:1782377488*42\!AIVDM,1,1,,B,19NSkoP01U8W@ef>Qo<i@A6n053<,0*1A
\s:66,c:1782377474*41\!AIVDM,1,1,,B,15?db8001j8ROJB0HP:hUPTH0@86,0*4B
\s:66,c:1782377488*42\!AIVDM,1,1,,A,1kc7fd50000Oag@NPS9af9L1uwww,0*23
\g:1-2-5198524,s:66,c:1782377187*0C\!AIVDM,2,1,4,A,55?db880@Rbo<GKW7R0@ti0PTr0Lhu9V22222216@@I@75f20H5RC30C,0*64
\g:2-2-5198524*6B\!AIVDM,2,2,4,A,UAEPKKD28888880,2*57
\s:66,c:1782377482*48\!AIVDM,1,1,,A,13=w>T001aPK9iHNwE:r:H8V0L<P,0*6F
\s:66,c:1782377489*43\!AIVDM,1,1,,A,33VN?`0wQu1KL4pFbRGcrT1p0000,0*45
\s:66,c:1782377486*4C\!AIVDM,1,1,,A,402:p9Avad`kIObEi6KO>dg00H?J,0*20
\s:66,c:1782377485*4F\!AIVDM,1,1,,A,13aEPv0P00P:KVlM=?hv4?vh2@>`,0*35
\s:66,c:1782377482*48\!AIVDM,1,1,,A,33TTn600001gBprES9i4TU7p0000,0*5C
\s:66,c:1782377486*4C\!AIVDM,1,1,,B,13m;`>7P00Qnqvn`WHG>4?vj253<,0*07
\s:66,c:1782377488*42\!AIVDM,1,1,,A,13AGBd0008`lSCJAE7GbP3>V0H@M,0*32
\s:66,c:1782377489*43\!AIVDM,1,1,,B,146gnn001TwMS@BJj=bp2VNf2D0T,0*2E
\s:66,c:1782377491*4A\!AIVDM,1,1,,A,ENl5A@<sHJh@@@@@@@@@@@@@@@@D>8Qq6wQL800003v010,4*26
\s:66,c:1782377491*4A\!AIVDM,1,1,,B,13In?r0009wueFVLBr=uoVjt08B;,0*51
\s:66,c:1782377492*49\!AIVDM,1,1,,A,177GoK00268c9Kn7edn4e3g200Sa,0*6A
\s:66,c:1782377487*4D\!AIVDM,1,1,,A,13ioOP0OidPe6mrI=sA=CrPl0L1o,0*07
\s:66,c:1782377488*42\!AIVDM,1,1,,B,13:mTD001V0PNa6FCV?;Eq0b0@=V,0*54
\s:66,c:1782377485*4F\!AIVDM,1,1,,A,15R=cH00ATOI:KFKvwERhR>l00SQ,0*75
\g:1-2-5198525,s:66,c:1782377488*07\!AIVDM,2,1,5,A,56:8B1T2BUOd9<D>221@tpN1AF2222222222221J@PNL25L@0Bi6`0@A,0*54
\g:2-2-5198525*6A\!AIVDM,2,2,5,A,H88888888888888,2*59
\s:66,c:1782377493*48\!AIVDM,1,1,,B,B3`el=00=05JV37P1Ia0gwhUkP06,0*49
\s:66,c:1782377490*4B\!AIVDM,1,1,,A,34eGkl@000FcAa<O4?dP7a3p0000,0*28
\s:66,c:1782377492*49\!AIVDM,1,1,,B,13lCOp000COfF7R2i0GCa8U000SG,0*09
\s:66,c:1782377491*4A\!AIVDM,1,1,,A,33n3qAP01R0l0sdU9a;Wq6Gp0000,0*22
\s:66,c:1782377489*43\!AIVDM,1,1,,B,B3prLvP0009Pf?UkF>KQ3wf1jDtJ,0*63
\s:66,c:1782377491*4A\!AIVDM,1,1,,A,15NV<fP000r@vn0>gnQJr9I00000,0*04
\s:66,c:1782377494*4F\!AIVDM,1,1,,B,16:ueL300c8k0AtCHSUeks=408Cj,0*1A
\s:66,c:1782377495*4E\!AIVDM,1,1,,A,19wsi900?w00;WL3<s1>45e4053<,0*3B
\s:66,c:1782377496*4D\!AIVDM,1,1,,A,16:bbQ0P108VsDNBCSbI4?w41P06,0*6A
\s:66,c:1782377496*4D\!AIVDM,1,1,,A,142LdK01iCQuqA0GJ4DkrS?40U3<,0*2B
\s:66,c:1782377496*4D\!AIVDM,1,1,,B,B69D;V@002;art4D;LAjswv63P06,0*62
\s:66,c:1782377490*4B\!AIVDM,1,1,,A,B5ODc>0006RNagTE:AhwbUN00000,0*27
\s:66,c:1782377494*4F\!AIVDM,1,1,,A,1:pDvPP000JV8iT5tJMi=ja40HCU,0*05
\s:66,c:1782377492*49\!AIVDM,1,1,,A,1815VFP0ifNN2u@:Uw0QH19208Bt,0*66
\s:66,c:1782377495*4E\!AIVDM,1,1,,A,35NfEvPP@1rA?e2>rm?HQ5S000t@,0*74
\s:66,c:1782377498*43\!AIVDM,1,1,,A,13aDp=@P00PF6jTN04JEBgw620St,0*46
\s:66,c:1782377498*43\!AIVDM,1,1,,B,13`g>b0P00PF3j0N1QgN4?w62HE4,0*25
\s:66,c:1782377498*43\!AIVDM,1,1,,B,13aIkK?P13PGE3`N2=e4aww:253<,0*00
\s:66,c:1782377498*43\!AIVDM,1,1,,B,B3aSPeP0Ap5vjj7S3@e0Gwj1n5J1,0*48
\s:66,c:1782377486*4C\!AIVDM,1,1,,A,13m6vk0P000j5@:Qp<1;cwvn28?V,0*6F
\s:66,c:1782377490*4B\!AIVDM,1,1,,B,13aIh>@P00PDR;`Me;`@0?vt2<4N,0*1E
\s:66,c:1782377494*4F\!AIVDM,1,1,,B,17ldWmp01NWCweH10R7;Tn120D1:,0*79
\s:66,c:1782377494*4F\!AIVDM,1,1,,B,19@>jVgP0iScpu:?m7LL8Ow02<GO,0*5D
\s:66,c:1782377490*4B\!AIVDM,1,1,,B,B6:7gTP0Dj7r6?UTmhL2@0>T0000,0*0D
\s:66,c:1782377490*4B\!AIVDM,1,1,,B,146ha`001uOk8K`Dl;HbGwvr08An,0*26
\s:66,c:1782377494*4F\!AIVDM,1,1,,A,16:dgJiP0t89@Np<nuNe9gv`2d3w,0*06
\s:66,c:1782377494*4F\!AIVDM,1,1,,A,148TcJ0P041Pc72Op@tlDww60@D@,0*64
\s:66,c:1782377495*4E\!AIVDM,1,1,,A,15NBGS<000rQ`OFFL2ibiWG4053<,0*08
\s:66,c:1782377489*43\!AIVDM,1,1,,B,13:QGF003Awk:j4LQo4jsRFr28AL,0*79
\s:66,c:1782377494*4F\!AIVDM,1,1,,A,13m?KK0P001nqUL`WG3rqgw400S<,0*2A
\s:66,c:1782377489*43\!AIVDM,1,1,,B,13mA4P?000Q4vcNWKTUh070p20Sb,0*5F
\s:66,c:1782377494*4F\!AIVDM,1,1,,B,DP5qoWQ9@N?a6DO6D0,4*0E
\s:66,c:1782377495*4E\!AIVDM,1,1,,B,1:U8cCPP01M?fPqpUGwWUgw800SJ,0*71
\s:66,c:1782377495*4E\!AIVDM,1,1,,A,36T00N85R`9=QgvD3<HMuK3000V@,0*27
\s:66,c:1782377494*4F\!AIVDM,1,1,,A,13thI4000?0N=rjNlh3nIlI20@DH,0*24
\s:66,c:1782377494*4F\!AIVDM,1,1,,A,14`f3B001n8pHA0D7iQ=O:i40D2D,0*26
\g:1-2-5198526,s:66,c:1782377292*09\!AIVDM,2,1,6,B,55@2qJ42Cle0PuQb220Lht84j1HDL62222222216DhHE;5ldNKBCUU6d,0*04
\g:2-2-5198526*69\!AIVDM,2,2,6,B,H88888888888880,2*51
\s:66,c:1782377495*4E\!AIVDM,1,1,,B,38I:T89OjC7Krep0giqkfBw200VP,0*36
\s:66,c:1782377495*4E\!AIVDM,1,1,,A,16::<rS007004O<3>?v=1EA60<1I,0*42
\s:66,c:1782377497*4C\!AIVDM,1,1,,B,133hgJP012PCsoTME3vmjlU40<:3,0*2B
\s:66,c:1782377492*49\!AIVDM,1,1,,B,1815N>Pw1r7ockd8HDu06010053<,0*74
\s:66,c:1782377490*4B\!AIVDM,1,1,,A,13nrrf002HOWwjJL0;wj?Alr00Rw,0*06
\s:66,c:1782377492*49\!AIVDM,1,1,,A,139<u0001aP0cRbFFE@df:=02003,0*36
\s:66,c:1782377490*4B\!AIVDM,1,1,,A,B7tF8i00<Il1g2PHst=BOwg42000,0*44
\s:66,c:1782377491*4A\!AIVDM,1,1,,B,15SKWb001kqVeN:@SRpH>FRp0d1n,0*48
\s:66,c:1782377494*4F\!AIVDM,1,1,,A,H6:djiA@T4r0hT4pN37W7R22220,2*14
\s:66,c:1782377494*4F\!AIVDM,1,1,,A,H6:djiE66DejjhlPPPPPPP6@774H,0*3F
\s:66,c:1782377491*4A\!AIVDM,1,1,,B,38HsK41000WKt000gbPcp5@t0000,0*74
\s:66,c:1782377493*48\!AIVDM,1,1,,B,18HsFi0P1D7JtE:0eJ=H?ww00L7w,0*02
\s:66,c:1782377492*49\!AIVDM,1,1,,A,160ra<021F3QvcL@=ne=4:G02@Bs,0*01
\s:66,c:1782377488*42\!AIVDM,1,1,,B,BkIb9pP0CGse@AVkvl1D3wbQh000,0*60
\s:66,c:1782377494*4F\!AIVDM,1,1,,B,16TUfH001e`ior0@vCcSJBVp0D7;,0*6E
\s:66,c:1782377492*49\!AIVDM,1,1,,B,13l9@Eh7kKOi6:NDuDR39gvv0HBo,0*73
\s:66,c:1782377494*4F\!AIVDM,1,1,,A,13`fJuPP00PCal6MF`Ev4?w4R@DH,0*3B
\s:66,c:1782377494*4F\!AIVDM,1,1,,B,19NSbB@02G7qg666IGdA;@s408Ch,0*36
\s:66,c:1782377491*4A\!AIVDM,1,1,,A,B52Shoh00>QBI>Sv8Hqu1TN00000,0*4F
\s:66,c:1782377494*4F\!AIVDM,1,1,,A,B3mdSLP000DVoH9qm1l000N00000,0*22
\s:66,c:1782377494*4F\!AIVDM,1,1,,A,177nW>0P01`:mtd<m<BTt?w22HD2,0*2F
\s:66,c:1782377496*4D\!AIVDM,1,1,,B,38HsK41000WKt000gbPcp5@t0000,0*74
\s:66,c:1782377490*4B\!AIVDM,1,1,,A,13`fLa0P00PG8JDMsgP>4?vt253<,0*78
\s:66,c:1782377496*4D\!AIVDM,1,1,,B,13`e?WPP1CPBg=DMf3O3hOw62@E2,0*33
\s:66,c:1782377495*4E\!AIVDM,1,1,,B,B52QM4P00@v=JjSU<gSAswi5kP06,0*19
\s:66,c:1782377496*4D\!AIVDM,1,1,,B,169rwr002I7NNUl0l4mjMR3408Dv,0*54
\s:66,c:1782377495*4E\!AIVDM,1,1,,B,15?dUe@01m8am2H>`0tAiAU8053<,0*3C
\s:66,c:1782377490*4B\!AIVDM,1,1,,A,35A@qV03BbG<jVFKtHb5D4Ep0000,0*41
\s:66,c:1782377496*4D\!AIVDM,1,1,,B,33ADbf0P@0083<hN1dTJS`1401u0,0*2C
\s:66,c:1782377496*4D\!AIVDM,1,1,,B,13VL:l0P001ck2HEbo<jmww608E8,0*78
\s:66,c:1782377496*4D\!AIVDM,1,1,,A,13mI1a00001u8Wv`V8wcdA3828E6,0*40
\s:66,c:1782377497*4C\!AIVDM,1,1,,B,1914hsPP00POhG8E6dM9sOw820S5,0*4F
\s:66,c:1782377497*4C\!AIVDM,1,1,,A,13`e<DwP000@K@4ML2I0Eww80HEL,0*77
\s:66,c:1782377497*4C\!AIVDM,1,1,,B,19t6Veh01OWJ`PL0bvkspqI828EV,0*4E
\s:66,c:1782377492*49\!AIVDM,1,1,,B,142Nw8h00024LvHGLp0UlAw20@Bt,0*0F
\s:66,c:1782377496*4D\!AIVDM,1,1,,A,39NSo`@41L12GMwjrn45vTm201dh,0*4E
\s:66,c:1782377495*4E\!AIVDM,1,1,,A,18I>Rl002>PPEApNvbqSQBm6053<,0*24
\s:66,c:1782377492*49\!AIVDM,1,1,,A,13mdUL0000QAvVbWiOW9i0bt0<0S,0*59
\s:66,c:1782377492*49\!AIVDM,1,1,,B,13aKWv5P0ePH>5hNGPPIJOw22@C6,0*60
\s:66,c:1782377497*4C\!AIVDM,1,1,,B,33IMmJ500000VEhLD0QVn3788Dt:,0*27
\s:66,c:1782377494*4F\!AIVDM,1,1,,B,13F?nV002>OroKRLjFCb0Gu40@D6,0*54
\s:66,c:1782377494*4F\!AIVDM,1,1,,A,19NShU0w1r8i@CpAkWJ:dHi00D99,0*24
\s:66,c:1782377497*4C\!AIVDM,1,1,,A,13Skop00001?jvPH`U9jL9C808El,0*40
\s:66,c:1782377487*4D\!AIVDM,1,1,,A,13`hdV?P00PFGL8MvVT>4?vl253<,0*4A
\s:66,c:1782377418*4B\!AIVDM,1,1,,A,B:U8GU007?A9;utobMN0Cw`R0000,0*53
\s:66,c:1782377480*4A\!AIVDM,1,1,,A,19NSCKh01p8:cq28AHLANA<V00S>,0*34
\s:66,c:1782377488*42\!AIVDM,1,1,,A,19NSl1PvQl`kb5FAMvNH9VDj20S@,0*43
\s:66,c:1782377484*4E\!AIVDM,1,1,,A,17Oos30000:P9M1lw1RFhV>b0H=r,0*04
\s:66,c:1782377486*4C\!AIVDM,1,1,,A,35Mj26002dG?RF:K?ESJ`8Mp0000,0*4E
\s:66,c:1782377486*4C\!AIVDM,1,1,,A,339eF:P0190oGWtNvVSnrUSp0000,0*02
\s:66,c:1782377490*4B\!AIVDM,1,1,,A,15`=u80Oh83mHdN>>RwpJopp0PRi,0*0A
\s:66,c:1782377184*4B\!AIVDM,1,1,,A,1772c;002>8SIJ2<l`pSBjbd0H>6,0*66
\s:66,c:1782377429*49\!AIVDM,1,1,,A,3:U8pFU000M4AeAkOa>El1np0Dsb,0*15
\s:66,c:1782377488*42\!AIVDM,1,1,,A,139THM0P00Pe?P:N`LAv4?vp253<,0*1C
\s:66,c:1782377487*4D\!AIVDM,1,1,,A,15?deo001ePiNKdENVcs7pnn0D>t,0*4B
\s:66,c:1782377483*49\!AIVDM,1,1,,B,18JdHB011P:lPD7jG5iKL9>d053<,0*02
\s:66,c:1782377434*45\!AIVDM,1,1,,A,B:U8e;P00WA6CSLpDmt0;wi4oP06,0*74
\s:66,c:1782377491*4A\!AIVDM,1,1,,A,13tfL40000PhNffQ1URtVT:t08B;,0*16
\s:66,c:1782377490*4B\!AIVDM,1,1,,B,13@q1<0vjk7SwB82@3T`CFVn88AP,0*6C
\s:66,c:1782377486*4C\!AIVDM,1,1,,A,142LThP000Pg92>Hs2rtR76l0000,0*33
\s:66,c:1782377490*4B\!AIVDM,1,1,,A,33uSbD0vRg0p@;6O=12A10kp0000,0*72
\s:66,c:1782377491*4A\!AIVDM,1,1,,B,18I>1W8P007JuIL0gTae0gvv0<<P,0*68
\s:66,c:1782377487*4D\!AIVDM,1,1,,B,15BkR60v0moT06jC1MftQqhj80SQ,0*25
\s:66,c:1782377486*4C\!AIVDM,1,1,,B,13QOQ<001`0IaGTNvFPr?8:h00RK,0*1E
\s:66,c:1782377487*4D\!AIVDM,1,1,,A,17tLqG00007J3980duF=`Trl053<,0*1B
\s:66,c:1782377490*4B\!AIVDM,1,1,,B,16j7?C`0045@Tfj2JgDnsG>t0<0S,0*5E
\s:66,c:1782377491*4A\!AIVDM,1,1,,B,16:5l10P178flIhA3CD`Hgvt0GoO,0*6A
\s:66,c:1782377486*4C\!AIVDM,1,1,,A,16:HrjP01i8L42hFB5tT23>f00S=,0*4F
\s:66,c:1782377490*4B\!AIVDM,1,1,,B,402E3MAvad`kNPBiC<MghEO02<CQ,0*3F
\s:66,c:1782377492*49\!AIVDM,1,1,,A,15?dW9@00c`ce8P?Q69iHiFt2D0j,0*0D
\s:66,c:1782377486*4C\!AIVDM,1,1,,A,13o>Hl?009Psa4NVlWdrlTM208>u,0*10
\s:66,c:1782377486*4C\!AIVDM,1,1,,A,15IB`P0000KVW0f5pRJTD3`l053<,0*7D
\s:66,c:1782377491*4A\!AIVDM,1,1,,B,19u:Tgm01pNiu`H;m`q8>FTr0VCT,0*67
\s:66,c:1782377491*4A\!AIVDM,1,1,,B,18Kr8n0P1:WJiEr0enbITGht253<,0*7C
\s:66,c:1782377488*42\!AIVDM,1,1,,B,B3MA?;@0@HGmqm5R5o>k1N>0t000,0*4F
\s:66,c:1782377493*48\!AIVDM,1,1,,A,1:U8mCP000MOrv1s=FeJqFa4053<,0*76
\s:66,c:1782377404*46\!AIVDM,1,1,,A,34`V0bE0008PdrJFKnwiBGl80DiJ,0*7F
\s:66,c:1782377492*49\!AIVDM,1,1,,A,177WcR01i:8k3;8@luiQaiO00L3W,0*4E
\s:66,c:1782377494*4F\!AIVDM,1,1,,A,14aRv>P00GvqNnP@5`E<4b=2053<,0*07
\s:66,c:1782377495*4E\!AIVDM,1,1,,A,13dSMj001RP:Wn6F2rwRHis0053<,0*79
\s:66,c:1782377493*48\!AIVDM,1,1,,A,14pWHh0P04K1A8H:SFQN4?w22<0=,0*76
\s:66,c:1782377490*4B\!AIVDM,1,1,,A,13m=ueW200R894p`6;He8I@n00RU,0*0E
\s:66,c:1782377493*48\!AIVDM,1,1,,B,13JQet001ivf5dR<Q;MoGEs008CT,0*4C
\s:66,c:1782377493*48\!AIVDM,1,1,,B,37ligaw000W3lc82:PoN49o220;k,0*4D
\s:66,c:1782377489*43\!AIVDM,1,1,,B,14n4W5000h3Q;2V@:Nvnp5`p08A>,0*73
\s:66,c:1782377491*4A\!AIVDM,1,1,,A,13F<4J0ujeOWb3tDT1?>1Jvt0D3P,0*19
\s:66,c:1782377495*4E\!AIVDM,1,1,,B,36:5<hUP00`fT>hARS9f4?w42DHJ,0*59
\s:66,c:1782377496*4D\!AIVDM,1,1,,A,13@q1<002k7Sw<<2@2I`BnU48D1i,0*52
\s:66,c:1782377492*49\!AIVDM,1,1,,B,15Mj26002eG?R6RK?EUJWHM20D3m,0*7F
\s:66,c:1782377488*42\!AIVDM,1,1,,,13lkfH002g77HUIs4;S9d7hl053<,0*06
\s:66,c:1782377491*4A\!AIVDM,1,1,,A,13m;?OPP3>Q2warW2m0K4Gtv0000,0*0A
\s:66,c:1782377495*4E\!AIVDM,1,1,,B,B3cm3lP00HDQllUl6B3Hwwi5oP06,0*5B
\s:66,c:1782377495*4E\!AIVDM,1,1,,,13Ip4e0vjQVA`0B3JaSSHje40000,0*1E
\s:66,c:1782377496*4D\!AIVDM,1,1,,B,15UARR0004P>D7fE4wW<8ha808Dk,0*09
\s:66,c:1782377497*4C\!AIVDM,1,1,,A,17WK;rh00025eedGHS9WWIG8253<,0*15
\s:66,c:1782377495*4E\!AIVDM,1,1,,B,33MCgD`P1a7WCfr2i?g8kOw60CLu,0*4B
\s:66,c:1782377484*4E\!AIVDM,1,1,,A,33pr=:P01P1ElENO85RmN4Qp0000,0*17
\s:66,c:1782377491*4A\!AIVDM,1,1,,A,13cq5c;P00P`mF8IJIVTr?vt0@BK,0*56
\s:66,c:1782377491*4A\!AIVDM,1,1,,A,18I925002033@Kuh0CSIKGHt053<,0*1F
\s:66,c:1782377490*4B\!AIVDM,1,1,,A,13l3ol@01SwnbOjLVV8RqRHr08Ac,0*21
\s:66,c:1782377487*4D\!AIVDM,1,1,,B,15NBODdwP0JdWs6GA5mcqEpl2D4D,0*7A
\s:66,c:1782377489*43\!AIVDM,1,1,,B,13:s3p001s7cvFN4?a<@u0Tr053<,0*3A
\s:66,c:1782377491*4A\!AIVDM,1,1,,B,3CgLqIW00WvEKmjVMCeRm26r001R,0*2E
\s:66,c:1782377489*43\!AIVDM,1,1,,B,16jH380P01U@>k02IvcN4?vp2<0q,0*78
\s:66,c:1782377490*4B\!AIVDM,1,1,,B,C69DJ;P002;rNO4B<lB5Gwv0l@;0Pc04O1cd00000000S1p;RRPP,0*11
\s:66,c:1782377490*4B\!AIVDM,1,1,,A,16:JrwP0008frEPAPw@;6Vrp08=@,0*07
\s:66,c:1782377491*4A\!AIVDM,1,1,,A,33`gcW5000Oj5VdHk6E`HqRp8Dgr,0*70
\s:66,c:1782377488*42\!AIVDM,1,1,,A,33pr=:P01P1ElH0O85BUS4Up0000,0*55
\s:66,c:1782377486*4C\!AIVDM,1,1,,A,13`gcO?P01PDuMRN1EM7R?vl253<,0*20
\s:66,c:1782377488*42\!AIVDM,1,1,,B,13ci4j0P3s0Wdc8GWcw3dOvl0<90,0*08
\s:66,c:1782377490*4B\!AIVDM,1,1,,A,33a6AR0PAM2Ab;=ec42INWLp0000,0*75
\s:66,c:1782377486*4C\!AIVDM,1,1,,A,33@=@J3r030kv7pO@b;ujaqp0000,0*50
\s:66,c:1782377492*49\!AIVDM,1,1,,A,69TH1VQVwkcl00000@PP0T00,0*52
\s:66,c:1782377487*4D\!AIVDM,1,1,,B,18I3Kp0025OT9=pDTqVbP`Ln00SR,0*43
\s:66,c:1782377493*48\!AIVDM,1,1,,B,18I6ok0w2D9=m18CtblG4E`v08C<,0*68
\s:66,c:1782377493*48\!AIVDM,1,1,,A,18I>2j002;opWOn=Igg5M4C40<0I,0*5A
\s:66,c:1782377494*4F\!AIVDM,1,1,,A,368t`CU000`fH1`A6V6V@3500000,0*01
\s:66,c:1782377489*43\!AIVDM,1,1,,,13Im1j0u0D7QeBh1LPFLhHRn0000,0*39
\s:66,c:1782377493*48\!AIVDM,1,1,,B,13aEPQhP00PFuQrMtPKN4?w2R8CQ,0*20
\s:66,c:1782377494*4F\!AIVDM,1,1,,B,144cEV0P00R60<TGGV`P00O02@CN,0*5E
\s:66,c:1782377490*4B\!AIVDM,1,1,,A,19NSu70027OtI9tLlvearotr00Sk,0*3A
\s:66,c:1782377490*4B\!AIVDM,1,1,,B,B52Sglh005l:HIVkQ10@?wfUkP06,0*59
\s:66,c:1782377492*49\!AIVDM,1,1,,B,13ci4j0P3s0WdqPGWcWkd?vt053<,0*6D
\s:66,c:1782377494*4F\!AIVDM,1,1,,B,16:CgMPP1j8;:r`<rEjBqOw4053<,0*55
\s:66,c:1782377490*4B\!AIVDM,1,1,,B,13aDo:@P0rPQgR@NJuPuTOvt2<28,0*38
\s:66,c:1782377494*4F\!AIVDM,1,1,,A,33pr=:P01O1ElMJO84bmgTep0000,0*48
\s:66,c:1782377489*43\!AIVDM,1,1,,A,19NStvh0058J`lp0BBgrJmnt053<,0*70
\s:66,c:1782377495*4E\!AIVDM,1,1,,B,E>pf7hAQ0aRpP00000000000000DGhks8bBd@50`HHP000,4*6A
\s:66,c:1782377493*48\!AIVDM,1,1,,A,16:IHoP0008fM;0A:>oP@8Rv0@Pl,0*67
\s:66,c:1782377496*4D\!AIVDM,1,1,,A,H39fJmPdTpB0tJ08iDD00000000,2*1A
\s:66,c:1782377496*4D\!AIVDM,1,1,,B,H39fJmTTCBD4taQ48nnjk00`5220,0*7B
\s:66,c:1782377492*49\!AIVDM,1,1,,A,36KJct10009j0KLD0B3:o4rv02oi,0*34
\s:66,c:1782377495*4E\!AIVDM,1,1,,A,19NSboh0R=Gtsv2=P4ATwku40<0T,0*74
\s:66,c:1782377495*4E\!AIVDM,1,1,,B,1:5b6n001dR2O3fGFR53CjQ60@Dq,0*50
\s:66,c:1782377496*4D\!AIVDM,1,1,,B,1:U79aeP00tEl2;wuhsR2ww42538,0*34
\s:66,c:1782377496*4D\!AIVDM,1,1,,B,18Htl5PP0CWF<PL10aUcM?w828EE,0*6A
\s:66,c:1782377495*4E\!AIVDM,1,1,,A,13as8F0P000I1u4NPu;7Rww80000,0*2C
\s:66,c:1782377492*49\!AIVDM,1,1,,A,33mNA280000tCGbV==AoRbUp0000,0*31
\s:66,c:1782377497*4C\!AIVDM,1,1,,B,C67uWeP00:;eUTUT>LdnKTN0DBLPbjbj2L?UiQeKkk:000D2QP20,0*6A
\s:66,c:1782377497*4C\!AIVDM,1,1,,B,13TfmS0P00Q`tFRG@7o@8Ow<0<0G,0*42
\s:66,c:1782377498*43\!AIVDM,1,1,,B,13=;N40uiJsW4s0KTFsT`Scp0<03,0*3F
\s:66,c:1782377497*4C\!AIVDM,1,1,,B,B4qiQCP00=DiL1uOBKo7;wj5l000,0*40
\g:1-2-5198527,s:66,c:1782377493*0F\!AIVDM,2,1,7,B,53T290800001=WS7;>1H5<ThTdV222222222220l0`B61uT:07U21Dlh,0*21
\g:2-2-5198527*68\!AIVDM,2,2,7,B,C3kRBjH88888880,2*31
\s:66,c:1782377488*42\!AIVDM,1,1,,A,352NIA@000JRauHE5NAcBa3p0000,0*1C
\s:66,c:1782377488*42\!AIVDM,1,1,,,B5NhWu0006aGAq5b4B0;paeQV006,0*6B
\s:66,c:1782377491*4A\!AIVDM,1,1,,A,B8Hrsv0009o2eM0<2Tl03wgTkP06,0*63
\s:66,c:1782377492*49\!AIVDM,1,1,,B,18R1TO0017SQeR6@9bFn;4w208C6,0*55
\s:66,c:1782377490*4B\!AIVDM,1,1,,B,B3UF9T00EPGti2UQ8;`d5N?0p000,0*60
\s:66,c:1782377491*4A\!AIVDM,1,1,,B,17mRNd@rl97Jk1p0`0Sqd?vn08B:,0*77
\s:66,c:1782377495*4E\!AIVDM,1,1,,B,34eGdb0001sM5sHIS3JlLaq420tA,0*67
\s:66,c:1782377493*48\!AIVDM,1,1,,B,B3aI6kP0=p5glvWNguCPswhQl<5L,0*48
\s:66,c:1782377496*4D\!AIVDM,1,1,,B,16:DJ?8P007=mtd7MD;v4?v`0U3<,0*32
\s:66,c:1782377497*4C\!AIVDM,1,1,,A,133fd:PP1IPCQ0nMHDDmCOw:2<9M,0*18
\s:66,c:1782377494*4F\!AIVDM,1,1,,B,1815H3kP01SQR9n@@JGu:ww42<7u,0*54
\s:66,c:1782377495*4E\!AIVDM,1,1,,B,18I5p8002c7SKIH2;u6HQVm4053<,0*31
\s:66,c:1782377496*4D\!AIVDM,1,1,,A,B8Hrsv0009o2eM0<2Tl03wgTkP06,0*63
\s:66,c:1782377493*48\!AIVDM,1,1,,B,402:nmQvad`kPOcvohKFK1gP0L4r,0*74
\s:66,c:1782377492*49\!AIVDM,1,1,,B,169`DV001a8LR<rEvom2H1nv0@BU,0*54
\s:66,c:1782377494*4F\!AIVDM,1,1,,A,17locP@P007Keb`0lQ8QOOw200S6,0*5F
\s:66,c:1782377493*48\!AIVDM,1,1,,A,B3`p1dP0006Uqd7QI:wQ3wh1jDnJ,0*20
\s:66,c:1782377495*4E\!AIVDM,1,1,,A,160rlr00083RVO4@7d`0@:o40D<N,0*5D
\s:66,c:1782377490*4B\!AIVDM,1,1,,A,15O;DlP000rRuf8E505o16Nt0000,0*32
\s:66,c:1782377497*4C\!AIVDM,1,1,,B,138nWD0wib93dmBBM4f1NQI6053<,0*69
\s:66,c:1782377491*4A\!AIVDM,1,1,,A,19pV=<?004NTA=J9kKdaGlPt0`BI,0*66
\s:66,c:1782377492*49\!AIVDM,1,1,,A,ENl5oBt1S2@97bb2h77apq@@@@@D?OVc;6ES`00003r010,4*47
\s:66,c:1782377496*4D\!AIVDM,1,1,,A,13Ibto0wBG01q6DLq@v5FT;40<0S,0*18
\s:66,c:1782377490*4B\!AIVDM,1,1,,B,D02IPGQMdffp,0*35
\s:66,c:1782377495*4E\!AIVDM,1,1,,B,17WK9mP01rP;V4`McRkHQFo40hDS,0*7D
\s:66,c:1782377496*4D\!AIVDM,1,1,,A,33lkr603hmwcjGpDwn;M1rW40000,0*21
\s:66,c:1782377491*4A\!AIVDM,1,1,,B,16Ka2200009jMVdD3LPpRmvr0D3p,0*33
\s:66,c:1782377494*4F\!AIVDM,1,1,,A,13GRwM0P1LPEd<jHpu@=oww4R8D@,0*34
\s:66,c:1782377494*4F\!AIVDM,1,1,,B,33bahf001w0DhRjO8HPqf7u200th,0*5E
\s:66,c:1782377498*43\!AIVDM,1,1,,B,13aIik@P00PF5lnN06qv4?w42<6=,0*3E
\s:66,c:1782377497*4C\!AIVDM,1,1,,B,28LjsW001?7b70h5qd4d`9M80`Em,0*3D
\s:66,c:1782377482*48\!AIVDM,1,1,,B,15O>ktP000o?vJlK?8eKV8L`0D2u,0*3C
\s:66,c:1782377485*4F\!AIVDM,1,1,,A,139hPAPP0oPoJGlNwMotN?vL288=,0*4E
\s:66,c:1782377487*4D\!AIVDM,1,1,,B,137j@D002@P7:qTM=ml;n9>n0<1U,0*51
\s:66,c:1782377487*4D\!AIVDM,1,1,,A,35NLgi0uAJr<fRJBGFh<cr2l0000,0*0A
\s:66,c:1782377489*43\!AIVDM,1,1,,B,13`dg?OP00PFFr>Mw?B>4?vr28AM,0*08
\s:66,c:1782377487*4D\!AIVDM,1,1,,B,33MCCehP@90=v26MOIDlFI@j01OP,0*6B
\s:66,c:1782377484*4E\!AIVDM,1,1,,A,34eJIIh000G<gUHL=;0pSa9p0000,0*26
\s:66,c:1782377489*43\!AIVDM,1,1,,A,15QDGJ?P00rB?PL5F3k>4?vr20Rw,0*7B
\s:66,c:1782377490*4B\!AIVDM,1,1,,A,13FuPN?000Oiq2jHkwM1k7Br0@Ae,0*19
\s:66,c:1782377489*43\!AIVDM,1,1,,B,17lcc<k0037OCt@13qhUvTW20D3J,0*20
\s:66,c:1782377489*43\!AIVDM,1,1,,A,15?dbDP01tQ7Ik0EoS<7WF6p0000,0*2B
\s:66,c:1782377489*43\!AIVDM,1,1,,A,139EPnPP000WuM:NHuCaRwvpP53<,0*1B
\g:1-2-5198528,s:66,c:1782377491*02\!AIVDM,2,1,8,B,56:<EL8000008uQcJ214UUDG;6222222222222161qf<<ud=08n2@CAC,0*4E
\g:2-2-5198528*67\!AIVDM,2,2,8,B,`88888888888880,2*77
\s:66,c:1782377490*4B\!AIVDM,1,1,,B,177nWNP03;8;=K6<q1GkhRw00<0l,0*35
\s:66,c:1782377492*49\!AIVDM,1,1,,B,B3`deIh0H9ms2?vRlwRnVDgT@000,0*14
\s:66,c:1782377485*4F\!AIVDM,1,1,,A,19sj6bgP?w<tSF0l4Q@>4?wv0PRk,0*55
\s:66,c:1782377490*4B\!AIVDM,1,1,,B,B5O;CW0005qmrn4cR;wQ3wg1h000,0*65
\s:66,c:1782377493*48\!AIVDM,1,1,,A,19NSK`P01t1vrspHCAv3gRrv0<1H,0*40
\s:66,c:1782377488*42\!AIVDM,1,1,,A,15NPOOPP00o?s7rEdKPf4?vt2D1W,0*1F
\s:66,c:1782377494*4F\!AIVDM,1,1,,B,177>7w0v1LQdO1hEVd;=4:Dd053<,0*27
\s:66,c:1782377494*4F\!AIVDM,1,1,,A,152GJ:3000JADRd>sdM3Hh5208D7,0*56
\s:66,c:1782377494*4F\!AIVDM,1,1,,A,137j@D002@P7:etM=nJcnI?4053<,0*52
\s:66,c:1782377492*49\!AIVDM,1,1,,A,ENk`sTLpr@@@@@@@@@@@@@@@@@@=AqCN:V@RP00003vP000,2*46
\s:66,c:1782377494*4F\!AIVDM,1,1,,B,13@pSKhOiSPMB3:Ng5OSGjm200S3,0*56
\s:66,c:1782377493*48\!AIVDM,1,1,,B,177gdK000<7PJmP19w:=c38t0<<?,0*2B
\s:66,c:1782377492*49\!AIVDM,1,1,,B,13Ed3MWP0SP1HrRFoSC8vgvv253<,0*0D
\s:66,c:1782377494*4F\!AIVDM,1,1,,B,E>kaRI<7@@@@@@@@@@@@@@@@@@@<g@gn8fVkp00003vP100,2*23
\s:66,c:1782377493*48\!AIVDM,1,1,,B,19NSG<0037JwFel9LRsAsQW00<01,0*60
\s:66,c:1782377494*4F\!AIVDM,1,1,,A,1770D00w2J8=b54<a<nSJji400S;,0*43
\s:66,c:1782377494*4F\!AIVDM,1,1,,A,23aNaC0P0bPDQK4Me>oWEww42D7`,0*5C
\s:66,c:1782377486*4C\!AIVDM,1,1,,A,B7m3wF000:5b7=OleOQtgwP4kP06,0*0E
\s:66,c:1782377493*48\!AIVDM,1,1,,B,342OC=002425LqrGGWF9f7k601bQ,0*79
\s:66,c:1782377489*43\!AIVDM,1,1,,B,B5O;;8P0083NIh68HtCQ3wkUoP06,0*72
\s:66,c:1782377491*4A\!AIVDM,1,1,,B,B7ldoUP00:5aQ;wm=L5bkwfRT53<,0*4C
\s:66,c:1782377495*4E\!AIVDM,1,1,,B,16:699UP0B8g2MVA?cjHPhG42d3w,0*49
\s:66,c:1782377494*4F\!AIVDM,1,1,,B,15?5Gr0vA2P7tvLMc:Mbupg22<6=,0*6C
\s:66,c:1782377493*48\!AIVDM,1,1,,A,33IB7@0P@ROvpBHL=Hh0<@5001q@,0*43
\s:66,c:1782377493*48\!AIVDM,1,1,,A,B3tkJU0008A20@`G5o7Q3whQnDwr,0*15
\s:66,c:1782377493*48\!AIVDM,1,1,,B,18I5?q3P003QD?t@;E<>4?w228Cg,0*4C
\s:66,c:1782377489*43\!AIVDM,1,1,,B,ENkb9ONaR@@@@@@@@@@@@@@@@@@;kaCn9EE>p00003vP000,2*60
\s:66,c:1782377496*4D\!AIVDM,1,1,,B,17Ojl=P000bl;widWwE>45i4253<,0*77
\s:66,c:1782377494*4F\!AIVDM,1,1,,A,1:1GjV;P1<Pt>whCfMWVwgw228Cs,0*02
\s:66,c:1782377491*4A\!AIVDM,1,1,,B,13=JCB001mwP@bBJVj:0oPdr08BA,0*14
\s:66,c:1782377496*4D\!AIVDM,1,1,,B,38KuWP5001WL;r80fuaoPRc60D`r,0*65
\s:66,c:1782377495*4E\!AIVDM,1,1,,B,13cl=u0P000`jh8IJ?H74gw40@Dv,0*7B
\s:66,c:1782377496*4D\!AIVDM,1,1,,A,137a:B001`0@TVDMfrV2P23400S5,0*53
\s:66,c:1782377497*4C\!AIVDM,1,1,,A,1815avh01o0f1srQ73aJu`g80PSO,0*14
\s:66,c:1782377496*4D\!AIVDM,1,1,,B,36:=g30Ohl8gwBhAW;BT1k?40001,0*61
\s:66,c:1782377498*43\!AIVDM,1,1,,B,15?5Gr0vA2P7tvLMc:Mbupg22<6=,0*6C
\s:66,c:1782377487*4D\!AIVDM,1,1,,A,B6:BO<00C:;eCd4@p4R6Cwe42000,0*6A
\s:66,c:1782377484*4E\!AIVDM,1,1,,A,13muvf30001>7V@Wd88:PkNh053<,0*1F
\s:66,c:1782377487*4D\!AIVDM,1,1,,B,H52dBPPdpuB04L4Tp0000000000,2*35
\s:66,c:1782377487*4D\!AIVDM,1,1,,A,H52dBPTU7B=401119B2?B>1H4234,0*11
\s:66,c:1782377489*43\!AIVDM,1,1,,B,13P7qi003509K@lM=QHJ7`2p0@AN,0*79
\s:66,c:1782377487*4D\!AIVDM,1,1,,B,13L13P002J1RMJ:RLKEI?oD00000,0*62
\s:66,c:1782377484*4E\!AIVDM,1,1,,B,13MMIb300008UUJNw7N8Ik:j08>K,0*3A
\s:66,c:1782377487*4D\!AIVDM,1,1,,B,34RrQt001mNfm>8:Leu7;5fh0110,0*69
\s:66,c:1782377490*4B\!AIVDM,1,1,,B,13K`MB00001V2w2ROaiTkab00000,0*0A
\s:66,c:1782377485*4F\!AIVDM,1,1,,B,E>jMkAP7pP00000000000000000@6nGj>j1dH11898d020,4*33
\s:66,c:1782377488*42\!AIVDM,1,1,,A,B6:W4500:R9gQL4TvoB?Wwv41P06,0*14
\s:66,c:1782377488*42\!AIVDM,1,1,,B,405flbivad`kL2>4C3fr<??000S:,0*18
\s:66,c:1782377489*43\!AIVDM,1,1,,A,1815F=P00Jwud0JLUvTc>rlN00R<,0*0E
\s:66,c:1782377485*4F\!AIVDM,1,1,,A,13cmld00350ljEbF6ER:wHnl0H>s,0*60
\s:66,c:1782377487*4D\!AIVDM,1,1,,B,19N`1@P01QPoPlJG2r6B<ilj08@E,0*16
\s:66,c:1782377488*42\!AIVDM,1,1,,A,33Ub;V003J1PqsvEppOSc2sp0000,0*1B
\s:66,c:1782377488*42\!AIVDM,1,1,,B,19NSs5k001M6OsmkDgi0U2>n00RS,0*21
\s:66,c:1782377486*4C\!AIVDM,1,1,,A,B3ti:`P0khEdbQ8T7baNI;v00000,0*43
\s:66,c:1782377489*43\!AIVDM,1,1,,A,15OGqFP000rQaaFFMUfFoI<r0@AJ,0*75
\s:66,c:1782377485*4F\!AIVDM,1,1,,A,34eGpd@000FcAdHO4@=pSa9p0000,0*22
\s:66,c:1782377485*4F\!AIVDM,1,1,,A,33GQ=8P02G06OK2F:g;eSrpf01r1,0*20
\s:66,c:1782377491*4A\!AIVDM,1,1,,B,4025bw1uJl`kNPcOkdOnoMi0253<,0*35
\g:1-2-5198529,s:66,c:1782377491*03\!AIVDM,2,1,9,A,53Ub;V42>cSu=H4g801=E0E8H5=B0T000000000t3ja==0000>QlQl0@,0*43
\g:2-2-5198529*66\!AIVDM,2,2,9,A,000000000000000,2*2D
\s:66,c:1782377491*4A\!AIVDM,1,1,,B,19NSgDP01S8hQC>@wH1D<SBv0<?:,0*35
\s:66,c:1782377455*42\!AIVDM,1,1,,A,B6HJc000>0WqKlTaUVanGwsUoP06,0*1A
\s:66,c:1782377492*49\!AIVDM,1,1,,B,18SQ8l001>7b<V<;RrmGenA02D3S,0*2B
\s:66,c:1782377491*4A\!AIVDM,1,1,,A,13lwPB?0010QjSfI0rWe3oht2@B7,0*63
\s:66,c:1782377488*42\!AIVDM,1,1,,A,405?4s@000Htt<tSF0l4Q@000t0l,0*6B
\s:66,c:1782377492*49\!AIVDM,1,1,,A,13@pl8h1h008ap<NkRO<@8Dt8D8W,0*3B
\s:66,c:1782377491*4A\!AIVDM,1,1,,A,13aIh9hP12PCElPMebPtNgvv2@B=,0*46
\s:66,c:1782377492*49\!AIVDM,1,1,,A,19NS`gh01T7B2fR1ELE<Aqjt00Sc,0*25
\s:66,c:1782377489*43\!AIVDM,1,1,,B,H615NFP4hdP4lDU>3D000000000,2*5D
\s:66,c:1782377488*42\!AIVDM,1,1,,B,139Oc5PP00PWtm`NI3G>4?vp2@@c,0*68
\s:66,c:1782377492*49\!AIVDM,1,1,,A,33u=7g0vP00rmS6PJtKdq6Up0000,0*71
\s:66,c:1782377489*43\!AIVDM,1,1,,B,38SNtM80007b?qB5tR=U94rn20rQ,0*10
\g:1-2-5198530,s:66,c:1782377494*0E\!AIVDM,2,1,0,A,53aJGsp000010GGWG<1H4hE8Tt0000000000001?8H627uRb06@CDm1D,0*78
\g:2-2-5198530*6E\!AIVDM,2,2,0,A,Q0C@00000000000,2*46
\s:66,c:1782377490*4B\!AIVDM,1,1,,A,35ODal0000JQTo:FBMBlTTEp0000,0*6E
\s:66,c:1782377494*4F\!AIVDM,1,1,,A,1991gp001v18b3HDc9pT@CE4053<,0*24
\s:66,c:1782377492*49\!AIVDM,1,1,,A,18159=000E3Q@J4@?STs8qE20<8>,0*39
\s:66,c:1782377489*43\!AIVDM,1,1,,A,15ODal0000rQTnnFBMDDTTDr0000,0*2C
\s:66,c:1782377495*4E\!AIVDM,1,1,,A,169nbT32hb8k0C2CHEN=aK96053<,0*4B
\s:66,c:1782377495*4E\!AIVDM,1,1,,A,14UL`t001L8dAth?H7spm6s60D0l,0*27
\s:66,c:1782377491*4A\!AIVDM,1,1,,A,B3`fLC@0:p5W17WU9`0wowgUoP06,0*0F
\s:66,c:1782377496*4D\!AIVDM,1,1,,A,14`aQ30vBSrJP>8>wvKT4kC48HDk,0*2E
\s:66,c:1782377495*4E\!AIVDM,1,1,,B,133vmGg000PCJKDMEjdHuo;00PT6,0*14
\s:66,c:1782377495*4E\!AIVDM,1,1,,B,13Ek5MWP00wFf<vHE=D00?w620S@,0*70
\s:66,c:1782377494*4F\!AIVDM,1,1,,A,14R2L6002SwpiuTLgP9aoGm480S@,0*5E
\s:66,c:1782377495*4E\!AIVDM,1,1,,A,33m6p:50000JM7JQkwE41Vw60C1r,0*52
\s:66,c:1782377496*4D\!AIVDM,1,1,,A,B3mSet0008OC<L:9Qu@vKwiUoP06,0*24
\s:66,c:1782377496*4D\!AIVDM,1,1,,B,19NSi>h03:4oLmAvT5UBoBA400Rq,0*76
\s:66,c:1782377494*4F\!AIVDM,1,1,,,B5O4QPP00;=pDtuVaKwQ3wi1l000,0*13
\s:66,c:1782377492*49\!AIVDM,1,1,,B,B5NWM7P00=qoQa4cWmu>kwgUl000,0*26
\s:66,c:1782377496*4D\!AIVDM,1,1,,A,1:p>FH0P00JPTIr4RiRcpww808Ds,0*31
\s:66,c:1782377493*48\!AIVDM,1,1,,A,33U=ne70071cS8PFJA5oP61p0000,0*1C
\s:66,c:1782377494*4F\!AIVDM,1,1,,A,B3GQVp@0@80P95UQaThkcwhQn4=1,0*4A
\s:66,c:1782377497*4C\!AIVDM,1,1,,B,19NSr`@vBl;6RJDG9D7bj8S6053<,0*39
\g:1-2-5198531,s:66,c:1782377497*0C\!AIVDM,2,1,1,A,53JMDd42Bwc;TP7?3C<t@E=<622222222222221@LhdND5fUN`QAl4i8,0*60
\g:2-2-5198531*6F\!AIVDM,2,2,1,A,888888888888880,2*25
\s:66,c:1782377491*4A\!AIVDM,1,1,,A,1r5cVS0P0m2mj0Au`Hv7dgvv0P00,0*30
\s:66,c:1782377492*49\!AIVDM,1,1,,A,18I82k00js7SW2v2<mMQG18t08Bk,0*0D
\s:66,c:1782377492*49\!AIVDM,1,1,,A,E>jN6LdSc;rP000000000000000@7i`S>fn=H00003g010,4*71
\s:66,c:1782377488*42\!AIVDM,1,1,,A,15S4GH9P0rJB;Lp5FTW=w?vp0@@L,0*11
\s:66,c:1782377488*42\!AIVDM,1,1,,B,36:6u40Oi58UltlEu2@JFHLp01w0,0*2B
\s:66,c:1782377487*4D\!AIVDM,1,1,,A,16T`qP?6@0mCC>MmumpR5wvj3P00,0*39
\s:66,c:1782377492*49\!AIVDM,1,1,,B,403vdIAvad`kO5kB4J3P:F?02L0n,0*6D
\s:66,c:1782377492*49\!AIVDM,1,1,,B,39N`2mQ0007KbfB0fMQ9e4M00Dg:,0*73
\s:66,c:1782377492*49\!AIVDM,1,1,,A,15SHsj001h7Jfs<0eFQq3W=20DAw,0*37
\s:66,c:1782377490*4B\!AIVDM,1,1,,A,Evja5D11000?a2P000000000000Leamp5FpEH00003eP10,4*3B
\s:66,c:1782377490*4B\!AIVDM,1,1,,A,18I7pa0000UeKi23vGeiuRjV0D1E,0*75
\s:66,c:1782377491*4A\!AIVDM,1,1,,B,19lftv000012Krkjp;wQgnpr0<1C,0*06
\s:66,c:1782377490*4B\!AIVDM,1,1,,A,13P<t6SvP0JU8E8E3RqofRpt08Al,0*3A
\s:66,c:1782377485*4F\!AIVDM,1,1,,B,ENl5oDt1S2@97bb2h77aqH@@@@@D?7eH;6bl000003r010,4*52
\s:66,c:1782377490*4B\!AIVDM,1,1,,B,13Aa3J01A4PLpW@Njo?9lWlp8HAp,0*5A
\s:66,c:1782377489*43\!AIVDM,1,1,,A,15Q8Md0wAcWN;vr0llKHv76L08A4,0*54
\s:66,c:1782377492*49\!AIVDM,1,1,,B,177P5w00087K44t0f>VD=1>v053<,0*32
\s:66,c:1782377492*49\!AIVDM,1,1,,A,13VHDf0P00Qd4n8Ef3800?w22@Bv,0*3B
\s:66,c:1782377492*49\!AIVDM,1,1,,A,16?UlP8P@=TvpC><p1r`wJ2v00Si,0*61
\s:66,c:1782377491*4A\!AIVDM,1,1,,B,13Iq?D0P@oWhFnp9?ntrt`Vt0@BH,0*6E
\s:66,c:1782377492*49\!AIVDM,1,1,,B,13S8LMa0001;@orHq9DE3Rtr0HBb,0*75
\s:66,c:1782377492*49\!AIVDM,1,1,,A,17fcCD00013q8m4=q<?`?QW000S0,0*45
\s:66,c:1782377491*4A\!AIVDM,1,1,,A,1568H2@014Ojh44Dhmak7RVj0`B;,0*55
\s:66,c:1782377245*45\!AIVDM,1,1,,A,36::NH10008O8f@FAfwQg76T0DKb,0*65
\s:66,c:1782377491*4A\!AIVDM,1,1,,A,33KHu3P0001jCPpRKLP;;8up0000,0*03
\s:66,c:1782377488*42\!AIVDM,1,1,,B,B8HsKs0009nmp:0;SLD03wf5kP06,0*56
\s:66,c:1782377488*42\!AIVDM,1,1,,,13Ikh93001PLMnJNruKlMs2j053<,0*63
\s:66,c:1782377488*42\!AIVDM,1,1,,A,33MCkk@000OloiDLsv7r585p0000,0*7D
\s:66,c:1782377489*43\!AIVDM,1,1,,B,13If@b0000P0Q4jLD:Wod8>l0<1:,0*46
\s:66,c:1782377494*4F\!AIVDM,1,1,,A,17ldoN0P3cWLDJ00eN3Kg?w22HD9,0*65
\s:66,c:1782377490*4B\!AIVDM,1,1,,A,1343`jPP140FKfjMvBIdH?vpP53<,0*52
\s:66,c:1782377494*4F\!AIVDM,1,1,,B,15S4GH9P0jJB;Lp5FU007gw408D>,0*32
\s:66,c:1782377489*43\!AIVDM,1,1,,A,1815R>00003R0=8@@dieO:>n0PS6,0*5B
\s:66,c:1782377491*4A\!AIVDM,1,1,,B,14WS:D001QJJ2r8>mGs4KSPp0@Ap,0*68
\g:1-2-5198532,s:66,c:1782377256*04\!AIVDM,2,1,2,B,56::NH8000008uESV20P4v0P4V19Dr1`PuF22216A8@8?5dD::0hCiQB,0*75
\g:2-2-5198532*6C\!AIVDM,2,2,2,B,A2@C`8888888880,2*0D
\s:66,c:1782377492*49\!AIVDM,1,1,,B,13KFjF000u1PKMpRWvSo85j00000,0*4C
\s:66,c:1782377491*4A\!AIVDM,1,1,,,13l?F@00B72g7bQjm;N1=128053<,0*5B
\s:66,c:1782377490*4B\!AIVDM,1,1,,B,B819DG0006WBtSSU?wsQ3wg1h000,0*46
\s:66,c:1782377493*48\!AIVDM,1,1,,B,16:Rdn001E8j7j@@nMu0ThPr0<1T,0*2A
\s:66,c:1782377496*4D\!AIVDM,1,1,,A,133ppqPP00PBan2Mfg:>4?w42L6q,0*70
\s:66,c:1782377492*49\!AIVDM,1,1,,A,C8StTg@04b3HhuR2Fu4bGwf0@?111111111111111110?1052100,0*1C
\s:66,c:1782377496*4D\!AIVDM,1,1,,B,18I;TU002Q;7r5:G:uV2oR?808E3,0*65
\s:66,c:1782377490*4B\!AIVDM,1,1,,B,4028jJQvad`kMOvgctF7LOOP2000,0*49
\s:66,c:1782377494*4F\!AIVDM,1,1,,A,33Iq?D0P@pWhFmJ9?nvrpHU201u@,0*6C
\s:66,c:1782377495*4E\!AIVDM,1,1,,,B3:0b1P000@UweU8crVf4pi1T000,0*1C
\s:66,c:1782377497*4C\!AIVDM,1,1,,A,15?dd1h0072jTJH<Cb5l80k80D@=,0*6B
\s:66,c:1782377492*49\!AIVDM,1,1,,,13aJHJ8P0iPGc36NPP@E5gw02D2v,0*60
\s:66,c:1782377498*43\!AIVDM,1,1,,A,1kbUnf00000OftvNQ31PQ:D1uwww,0*09
\s:66,c:1782377495*4E\!AIVDM,1,1,,A,13moin00000J3NJSc36b<nW800SK,0*1E
\s:66,c:1782377483*49\!AIVDM,1,1,,A,B3U;Ic00CPJdlsUUtdNdR:N00000,0*1D
\s:66,c:1782377481*4B\!AIVDM,1,1,,B,19NSN4@00?rU?Uv61>Sq0qp`08<E,0*35
\s:66,c:1782377482*48\!AIVDM,1,1,,A,13l3nR0vAD0gfT0eQaG1<htd0000,0*36
\s:66,c:1782377487*4D\!AIVDM,1,1,,B,13ktwO002dNC=HtENcv:H`Hl08@;,0*01
\s:66,c:1782377487*4D\!AIVDM,1,1,,A,18SJRS0P1lW`?kd;RbJ`cW0l0@?G,0*4C
\s:66,c:1782377480*4A\!AIVDM,1,1,,A,353>M@P0h0G@IFnEWQ1W75ep0000,0*4C
\s:66,c:1782377482*48\!AIVDM,1,1,,B,13L?GoP2h01UoOFRUQvpw7@00000,0*24
\s:66,c:1782377488*42\!AIVDM,1,1,,A,17tJOe0P0j7J@7`0d7;c6?vn2<80,0*48
\s:66,c:1782377484*4E\!AIVDM,1,1,,B,139L6C0qQlPSjo4NlJ5a@W=F8@@2,0*33
\s:66,c:1782377488*42\!AIVDM,1,1,,A,13mQ>O70001dF>b`L0:T2Evr08@V,0*3E
\s:66,c:1782377490*4B\!AIVDM,1,1,,A,18HwA7gP00WJB;P0f405ROvt253<,0*15
\s:66,c:1782377489*43\!AIVDM,1,1,,A,33IOH:<P0000Q>JLD:TIKOvn06<C,0*51
\s:66,c:1782377486*4C\!AIVDM,1,1,,B,13Emq9SOhlwViPDDRGIStSrj0d1m,0*7F
\s:66,c:1782377488*42\!AIVDM,1,1,,A,18JV9n8P34WK5p`0eR<1>wvn0PSU,0*0F
\s:66,c:1782377485*4F\!AIVDM,1,1,,A,B3GPvw00;H1kEo5QnU8O7wd5oP06,0*42
\s:66,c:1782377490*4B\!AIVDM,1,1,,B,16:C52P01?88cHP<oheVH5:p0D7a,0*54
\s:66,c:1782377485*4F\!AIVDM,1,1,,A,16l0n:001``T9m:8ND=uvc:j053<,0*17
\s:66,c:1782377489*43\!AIVDM,1,1,,A,13?r8v00010eK1LN`l1MWH@p00St,0*73
\s:66,c:1782377490*4B\!AIVDM,1,1,,B,19jj@P0000Q2H8mjogPan9pn20S5,0*3D
\s:66,c:1782377489*43\!AIVDM,1,1,,A,33?r8v00000eK1LN`l1=``Ap0000,0*39
\s:66,c:1782377488*42\!AIVDM,1,1,,A,D02:pIQGpNfr<`O6D0,4*0A
\s:66,c:1782377480*4A\!AIVDM,1,1,,B,B3aDhT00=h6T62WQNMbjCwb1hH;w,0*78
\s:66,c:1782377485*4F\!AIVDM,1,1,,A,13m8:F?P001o9w``W`@u4gvl2<0W,0*50
\s:66,c:1782377484*4E\!AIVDM,1,1,,B,14eH4H@P00sLsSHISQ2h0?vf2@=v,0*01
\s:66,c:1782377473*46\!AIVDM,1,1,,B,17WK6F3P002Od9fBU9oCcwvL0l0B,0*68
\s:66,c:1782377262*40\!AIVDM,1,1,,A,37WK6F3P002Od9RBU9mkcwwF0UrS,0*16
\s:66,c:1782377492*49\!AIVDM,1,1,,A,19NSRF@02GQ:2H>H:=a5?l>t00S1,0*6D
\s:66,c:1782377491*4A\!AIVDM,1,1,,B,13aENDh000PF=;2Mwe0f48Lv2@BD,0*38
\s:66,c:1782377488*42\!AIVDM,1,1,,A,B3Eife00>?w68?UIuKG6jON00000,0*37
\s:66,c:1782377487*4D\!AIVDM,1,1,,B,139ejE0P00PNsgJMKa<v4?vnR8?w,0*68
\s:66,c:1782377435*44\!AIVDM,1,1,,B,H3P>6vi<Q8Tm20TT00000000000,2*45
\s:66,c:1782377488*42\!AIVDM,1,1,,A,B7lul6@00J5doOOl:WaGwwe2T@@G,0*47
\s:66,c:1782377493*48\!AIVDM,1,1,,B,B3FUKi002P1US0UR@39l5Gh7t000,0*48
\s:66,c:1782377485*4F\!AIVDM,1,1,,B,14`Uu5001a1`6Vh`ecpIEoNj0<0U,0*64
\s:66,c:1782377489*43\!AIVDM,1,1,,,339erTUP00Pee2NNV1kET?vp2000,0*5C
\s:66,c:1782377494*4F\!AIVDM,1,1,,,339erTUP00Pee2NNV1kET?w42000,0*19
\s:66,c:1782377488*42\!AIVDM,1,1,,B,403OtT1vad`kNo:3kTF@OCw02<2B,0*10
\s:66,c:1782377493*48\!AIVDM,1,1,,B,33MADv0OiEOqTNNM7a2<mJG00000,0*67
\s:66,c:1782377493*48\!AIVDM,1,1,,B,19u:U4h1P07aDqItSfuu2iw00`Cj,0*34
\s:66,c:1782377491*4A\!AIVDM,1,1,,B,13=htP001W0>W`rN8rgMGbfv0D7t,0*57
\s:66,c:1782377488*42\!AIVDM,1,1,,A,17lcatg0?waPV95vbQq>40Tj0D0@,0*7A
\s:66,c:1782377490*4B\!AIVDM,1,1,,B,33aFgRmP00PEiTNMwtkf4?vtRCwr,0*32
\s:66,c:1782377494*4F\!AIVDM,1,1,,A,1:kJPv0P03rvpq?lLfpp99A208C4,0*39
\s:66,c:1782377494*4F\!AIVDM,1,1,,B,17mLIEwP018FaI1wBnlhhOw42@DF,0*04
\s:66,c:1782377495*4E\!AIVDM,1,1,,A,4@2A`j1uJl`kQ1;A`8HqCGW00D1A,0*5E
\s:66,c:1782377495*4E\!AIVDM,1,1,,A,3815cdi000OdvDh2v1rTaVQ60000,0*05
\s:66,c:1782377493*48\!AIVDM,1,1,,A,19NSfO3P003OMd@@;Bp>4?w228Cb,0*7E
\s:66,c:1782377496*4D\!AIVDM,1,1,,B,402Auk0000HttQNTIrElffo00P00,0*62
\s:66,c:1782377492*49\!AIVDM,1,1,,B,16:Kbi001;8NCk@FAo`WuFHv0`C4,0*39
\s:66,c:1782377496*4D\!AIVDM,1,1,,A,1k?wId00000Od0>NPjQbT6n1uwww,0*74
\s:66,c:1782377496*4D\!AIVDM,1,1,,A,35W46T50003ttV0>MM7=gSA:0lSJ,0*4F
\s:66,c:1782377493*48\!AIVDM,1,1,,B,B3IFr=00;8<9?eV5dv3;>S4Ut000,0*79
\s:66,c:1782377496*4D\!AIVDM,1,1,,A,33cH`f00000pUQNO;JQC80Sp0000,0*06
\s:66,c:1782377496*4D\!AIVDM,1,1,,A,13GQPB?P1FwvS5tFTFC<5ww62@E3,0*07
\s:66,c:1782377497*4C\!AIVDM,1,1,,A,13m2<:0vjq`kjShAK2>R9Qm80HEV,0*78
\s:66,c:1782377497*4C\!AIVDM,1,1,,A,17lk5bPuPL7Kw`L0bleDFkO600SI,0*3F
\s:66,c:1782377496*4D\!AIVDM,1,1,,A,16:>M;P01a`iPSdA5A407PG808E=,0*54
\s:66,c:1782377497*4C\!AIVDM,1,1,,B,15WE<D001IQd1uhEaIkF8lo:08Eg,0*41
\s:66,c:1782377493*48\!AIVDM,1,1,,A,16:7QbP01i`RvTlF2kpcg9Hn053<,0*25
\s:66,c:1782377487*4D\!AIVDM,1,1,,,15NWMUc00vrmO4F9t:;bfpVp2000,0*49
\s:66,c:1782377484*4E\!AIVDM,1,1,,A,15MsKU0000GRbN@CDMh4WIRh00SA,0*5B
\s:66,c:1782377484*4E\!AIVDM,1,1,,A,33lLi`000312WflDP2G@001p0000,0*32
\s:66,c:1782377487*4D\!AIVDM,1,1,,A,15NamP0P02J6Cd6?IME4;Ovn0000,0*19
\s:66,c:1782377482*48\!AIVDM,1,1,,A,19NSWf001T12FSPDaJhDi3l`0000,0*34
\s:66,c:1782377487*4D\!AIVDM,1,1,,B,177nWo@P0p`;OG@<nqtBswvn253<,0*00
\s:66,c:1782377482*48\!AIVDM,1,1,,B,H8Hwas0hEHT5@P4q>3P00000000,2*46
\s:66,c:1782377482*48\!AIVDM,1,1,,B,H8Hwas4UC=D4b`jCJ8ipkq20@340,0*38
\s:66,c:1782377487*4D\!AIVDM,1,1,,A,177h7i001lPPGEBNw72SKBhj0<2;,0*5D
\s:66,c:1782377484*4E\!AIVDM,1,1,,A,15N1LdPP00oWH@@BfFe>4?vh2000,0*2B
\s:66,c:1782377488*42\!AIVDM,1,1,,A,H8I07n1<puMV04h85A8u=>00000,2*39
\s:66,c:1782377053*40\!AIVDM,1,1,,A,H8I07n4tC=D5G4:C@ilqi6000000,0*58
\s:66,c:1782377483*49\!AIVDM,1,1,,B,24aO060OjB`euO0AlhDslIR`08<t,0*76
\s:66,c:1782377488*42\!AIVDM,1,1,,B,13aN3i@P1EPD81@MdTHIqwvn2D<p,0*33
\s:66,c:1782377483*49\!AIVDM,1,1,,A,35NLDHP01;JSErLEHUSujc3p0000,0*12
\s:66,c:1782377487*4D\!AIVDM,1,1,,A,13Qi6<3P@n0Mw0dNs8<pTFNN00S?,0*32
\s:66,c:1782377489*43\!AIVDM,1,1,,B,24aO06002B`euHrAlhj;pqRj0<>N,0*60
\s:66,c:1782377486*4C\!AIVDM,1,1,,A,33m=laP00011j<<VOs8S0T8h0000,0*44
\s:66,c:1782377487*4D\!AIVDM,1,1,,A,33Ej4q7P0GwiU1pDU2D9W?vn2000,0*7A
\s:66,c:1782377486*4C\!AIVDM,1,1,,A,15NInkPP00oWFM>Bep;@Rwvl2000,0*3C
\s:66,c:1782377489*43\!AIVDM,1,1,,B,15Vp520000vkw<F9<?GWq6vp0H@q,0*32
\s:66,c:1782377484*4E\!AIVDM,1,1,,A,33nFJj00001Fkf2WnbAB<35p0000,0*74
\s:66,c:1782377491*4A\!AIVDM,1,1,,B,B69DMD@0GB;iu`4Ds;2rWwv63P06,0*6A
\s:66,c:1782377493*48\!AIVDM,1,1,,B,13GQ`P@200P9rL>GasUD`mm00L2Q,0*11
\s:66,c:1782377490*4B\!AIVDM,1,1,,B,16:8FIP01L`fB=@A:HPV9Dtr08AW,0*5B
\s:66,c:1782377492*49\!AIVDM,1,1,,A,15?dbt@01JWF@i40uMclOkVt0@Bi,0*32
\s:66,c:1782377493*48\!AIVDM,1,1,,B,169<lF?P00`g5j8A?=In9?vv0@C9,0*6A
\s:66,c:1782377491*4A\!AIVDM,1,1,,A,15VjUN00000dER62D>U2Q1Lt08BO,0*02
\s:66,c:1782377490*4B\!AIVDM,1,1,,B,402E34ivad`kNPGt@0NRM3w020S:,0*53
\s:66,c:1782377486*4C\!AIVDM,1,1,,B,34R07b001jOqU00LQe7cAI4h0P00,0*3D
\s:66,c:1782377489*43\!AIVDM,1,1,,,13=?cV0t2F09KHOj9npd?I`p0000,0*68
\s:66,c:1782377486*4C\!AIVDM,1,1,,A,13cll`0005036chG7HG;j`:l053<,0*0E
\s:66,c:1782377490*4B\!AIVDM,1,1,,B,19NShj000<JTDgD5ouRc;3Ld0<1N,0*0A
\s:66,c:1782377486*4C\!AIVDM,1,1,,A,3815IBh01IOt1Q:EK>f:g`ip0000,0*11
\s:66,c:1782377490*4B\!AIVDM,1,1,,A,13=pLv0047OVFcjDV;>21iVr0<29,0*58
\s:66,c:1782377488*42\!AIVDM,1,1,,B,13aFf:gP000BbW0MfRb;cOvr20Rg,0*23
\s:66,c:1782377488*42\!AIVDM,1,1,,B,83aFf:Pj2d<dteMLL@000?bU0000,0*45
\s:66,c:1782377485*4F\!AIVDM,1,1,,A,13aJI>gP000IJu6M`We4Mgvj0L28,0*54
\s:66,c:1782377483*49\!AIVDM,1,1,,B,19NSb60wB1`mmJnCP@@V0Dbf053<,0*2B
\s:66,c:1782377488*42\!AIVDM,1,1,,B,H5OClW0aDpv0TT0000000000000,2*7E
\s:66,c:1782377488*42\!AIVDM,1,1,,B,H5OClW4U7B=4011G4@nnqo0p7230,0*29
\s:66,c:1782377486*4C\!AIVDM,1,1,,A,19NWtq@01oPv0LdE0rbsJ92n2000,0*19
\s:66,c:1782377489*43\!AIVDM,1,1,,B,170HuN01@@3q6QR>ae0s28`t0D?e,0*5F
\s:66,c:1782377489*43\!AIVDM,1,1,,A,35NBl90000JRTb@E8LjrtTlp0000,0*02
\s:66,c:1782377491*4A\!AIVDM,1,1,,B,1815HA@02KP<0?2MmDM7=mhr0D?U,0*33
\s:66,c:1782377489*43\!AIVDM,1,1,,A,15?dh2P02C9Na78BcTICARdp0<2D,0*29
\s:66,c:1782377493*48\!AIVDM,1,1,,A,ENjNi90aPaFPP00000000000000@<:G:?5ivh00003vN10,4*37
\s:66,c:1782377493*48\!AIVDM,1,1,,B,17m@9uHP007a<6qtP0pN4?w028CH,0*10
\s:66,c:1782377488*42\!AIVDM,1,1,,B,B47>fe0000LO6@`VfcKQ3wf1jDCJ,0*31
\s:66,c:1782377488*42\!AIVDM,1,1,,A,169CQMP01B8fo<0A3cr8bo6n0h@K,0*34
\s:66,c:1782377489*43\!AIVDM,1,1,,A,13`g4h0P00PD@lhMdP`f4?vpRL5J,0*5C
\s:66,c:1782377487*4D\!AIVDM,1,1,,B,14`MA401C7OQu3:JwW<i9htj853<,0*1D
\s:66,c:1782377491*4A\!AIVDM,1,1,,B,17PIBL003fblDMAdRd=cmabt28B8,0*41
\s:66,c:1782377490*4B\!AIVDM,1,1,,A,13q5JI0P00PVmuNNQ1aN4?vt2<1g,0*03
\s:66,c:1782377492*49\!AIVDM,1,1,,A,35?dQGPOh91DN9odUvhD3Ett024@,0*25
\s:66,c:1782377490*4B\!AIVDM,1,1,,A,33l95i@000Q1T:LDVvRf47pr21uP,0*6A
\s:66,c:1782377490*4B\!AIVDM,1,1,,A,13oaO<0OkUPJVdpQh6`3AjTr00S4,0*76
\s:66,c:1782377490*4B\!AIVDM,1,1,,B,18HroSPP00WLCSp0Sd8>4?vt2L66,0*27
\s:66,c:1782377492*49\!AIVDM,1,1,,A,176umJ000;a>jWnCvucbJDll00SD,0*1B
\s:66,c:1782377493*48\!AIVDM,1,1,,A,1:LQfkh000L0rn1cqgA:9Jq00@CQ,0*6A
\s:66,c:1782377490*4B\!AIVDM,1,1,,A,B3I:pSP0?P4R`a5kMOOGOwg1h8At,0*30
\s:66,c:1782377494*4F\!AIVDM,1,1,,A,377Mdo5000QPjlpOn<De@b`v0Dg:,0*00
\s:66,c:1782377494*4F\!AIVDM,1,1,,A,18HwmhQ00V7KdqV0fVUt9aq20@D7,0*14
\s:66,c:1782377492*49\!AIVDM,1,1,,A,B;rt0t@01b6;j=wpLvNSgwh4kP06,0*35
\s:66,c:1782377493*48\!AIVDM,1,1,,B,D02IPCAMdffp,0*21
\s:66,c:1782377493*48\!AIVDM,1,1,,A,19NSb60wj1`mmQHCP>q60Dc208C4,0*32
\s:66,c:1782377492*49\!AIVDM,1,1,,A,13bn=V00250BIEJMKKf4rD6v0<<I,0*60
\s:66,c:1782377489*43\!AIVDM,1,1,,A,18Hw6W?P00SOVGv@9Qbuk?vn253<,0*1E
\s:66,c:1782377491*4A\!AIVDM,1,1,,B,13KPoP00001TCRHRLGw4R7200000,0*42
\s:66,c:1782377495*4E\!AIVDM,1,1,,B,13l3nU@0170:eaNMP3qQRA;200SE,0*77
\s:66,c:1782377495*4E\!AIVDM,1,1,,A,33VW9t50001dJUdEdwfboPg40DfJ,0*27
\s:66,c:1782377495*4E\!AIVDM,1,1,,A,16:eA<000``VredBBUQSD?w20000,0*7F
\s:66,c:1782377495*4E\!AIVDM,1,1,,B,33m95VPliIQa2C:`Ga<ouV940180,0*47
\s:66,c:1782377491*4A\!AIVDM,1,1,,B,B5NfouP006THUvSmau=U7wg1VDe:,0*20
\s:66,c:1782377494*4F\!AIVDM,1,1,,A,13=pLv0047OVFcjDV;>21iRr00S1,0*39
\s:66,c:1782377492*49\!AIVDM,1,1,,A,16bK@`0P003N7et@@QSf4?vv08BS,0*65
\s:66,c:1782377496*4D\!AIVDM,1,1,,B,35?dQGPOh91DN:=dUvgl161400h@,0*7A
\s:66,c:1782377495*4E\!AIVDM,1,1,,B,17PIBL003hblDE1dRdk;mqe42<0=,0*1D
\s:66,c:1782377494*4F\!AIVDM,1,1,,,13=?cV01BG09KC5j9oK<89a20000,0*7B
\s:66,c:1782377496*4D\!AIVDM,1,1,,B,EvjMjvAcb3h4=1s00000000000009H1T>w?@0<1QQSv000,4*43
\s:66,c:1782377497*4C\!AIVDM,1,1,,B,3INShj000<JTDgD5ouRc;3Ld0PN0,0*15
\s:66,c:1782377490*4B\!AIVDM,1,1,,B,405J8gAvad`kMW7>:T3h8mw02HAV,0*61
\s:66,c:1782377491*4A\!AIVDM,1,1,,B,16:5jEPP01`hbOPAInef4?vt2<92,0*1F
\s:66,c:1782377489*43\!AIVDM,1,1,,A,18Hu1rgP@67Kkw`0er;jBB2r0D;5,0*5C
\s:66,c:1782377489*43\!AIVDM,1,1,,B,19NSnIh02iOIJb6CJD5`lG2r00Rb,0*4F
\s:66,c:1782377492*49\!AIVDM,1,1,,B,?77@Ni1Cs848D00,2*0E
\s:66,c:1782377492*49\!AIVDM,1,1,,A,16ShtcPP00a==l4CuI6aiwvv2<5K,0*72
\s:66,c:1782377491*4A\!AIVDM,1,1,,B,1815@q@P1oreGbFEnsR0E@;l053<,0*41
\s:66,c:1782377489*43\!AIVDM,1,1,,A,1:08Hu0P00J@b5v>hfeUfOwv0000,0*7B
\s:66,c:1782377488*42\!AIVDM,1,1,,B,13dPqf001owsl5DLe4E2nRDn0<60,0*35
\s:66,c:1782377490*4B\!AIVDM,1,1,,B,B819FE000>Wr<4Sje=D9F4g1h000,0*17
\s:66,c:1782377492*49\!AIVDM,1,1,,A,1:U8NOP02=PFNt2Eee0bT8Lt08C:,0*02
\s:66,c:1782377493*48\!AIVDM,1,1,,B,4023Qw1vad`kQ12aEpDOm<7000S:,0*7D
\s:66,c:1782377491*4A\!AIVDM,1,1,,B,13c`je0w3bPfdw<FQ@unkmFt053<,0*56
\s:66,c:1782377494*4F\!AIVDM,1,1,,A,19NSnIh02iOIJSLCJCJHl73408Co,0*74
\s:66,c:1782377492*49\!AIVDM,1,1,,A,16:4R@PP007i;S8:1>JrdOvv00Sj,0*2C
\s:66,c:1782377493*48\!AIVDM,1,1,,A,13eSSF002D7UAnP2W`38h752053<,0*30
\s:66,c:1782377493*48\!AIVDM,1,1,,A,16q`aqL0004l@D>>;<K1V6bv08CT,0*16
\s:66,c:1782377487*4D\!AIVDM,1,1,,B,18Kc06001Q8dLcp?IKMHI6`n0D0h,0*04
\s:66,c:1782377493*48\!AIVDM,1,1,,B,15APaJ?P00T212`>PEQJmgvv0PS5,0*4D
\s:66,c:1782377489*43\!AIVDM,1,1,,A,13mcFs7P00Q@oH:Wjirf4?vp2H@v,0*75
\s:66,c:1782377494*4F\!AIVDM,1,1,,B,15?dcTh2Qn08=JjE>21S12HL0hD@,0*4D
\s:66,c:1782377490*4B\!AIVDM,1,1,,A,162?@;j004QEbS>B`ru6Bi4f0HAo,0*2E
\s:66,c:1782377492*49\!AIVDM,1,1,,B,177fut0023OKb6VJQM8QIA8v053<,0*07
\s:66,c:1782377496*4D\!AIVDM,1,1,,B,15CVcR001lUt:a083vgW?Uo20D0:,0*16
\s:66,c:1782377496*4D\!AIVDM,1,1,,A,B3FTMRP007tS5pV<cbWQ3wg5kP06,0*19
\s:66,c:1782377496*4D\!AIVDM,1,1,,B,13ku9Jh02IJaArhED2oWK5u600Rt,0*09
\s:66,c:1782377491*4A\!AIVDM,1,1,,B,38Hu1rgP@:7Kkwd0er<Phj0v01=P,0*7A
\g:1-2-5198533,s:66,c:1782377496*0F\!AIVDM,2,1,3,B,55?dQFp2;bvW<G?SK00=>098ThhT4p<D0000001IS0mIS4@P0OD5480C,0*08
\g:2-2-5198533*6D\!AIVDM,2,2,3,B,Pj3lPAi@0000000,2*79
\s:66,c:1782377496*4D\!AIVDM,1,1,,A,18Kc06001Q8dLW>?IJe8Gna808Dv,0*33
\s:66,c:1782377494*4F\!AIVDM,1,1,,A,3815>IP015Om3w`LthuE03wp0000,0*58
\s:66,c:1782377497*4C\!AIVDM,1,1,,A,18R:n?8002O12vP5AePVukC:0<0`,0*5A
\s:66,c:1782377497*4C\!AIVDM,1,1,,A,19ACHtc0002CuStApfFju9O800T7,0*43
\s:66,c:1782377496*4D\!AIVDM,1,1,,B,ENl5Aw>3:h<PW3hKsh;a2QUh@@@DHajd8`Up`00003v010,4*64
\s:66,c:1782377497*4C\!AIVDM,1,1,,A,B7m:0J000ArEThO8K6DL;wjWkP06,0*4A
\s:66,c:1782377496*4D\!AIVDM,1,1,,A,15NUG@<000q<`ltA1Qo5l4C80000,0*5F
\s:66,c:1782377487*4D\!AIVDM,1,1,,A,15?dh3@000JCdh<58`rth78j0PRB,0*7D
\s:66,c:1782377488*42\!AIVDM,1,1,,A,16?Ujf001ewo1tJLV3?2nBDf00S8,0*45
\s:66,c:1782377486*4C\!AIVDM,1,1,,B,15AHu>31@0t@dT`2igsqA8BT2@;C,0*2E
\s:66,c:1782377485*4F\!AIVDM,1,1,,A,13c<nl0P1:PEMj@NBseAdOvh20RU,0*0B
\s:66,c:1782377487*4D\!AIVDM,1,1,,A,177WAG0vB78gwb:A0rmE03tj08?r,0*76
\s:66,c:1782377484*4E\!AIVDM,1,1,,A,13MBqf@uQQ0DvLHN1LiJ780d053<,0*4E
\s:66,c:1782377484*4E\!AIVDM,1,1,,,17liwBE0008KO:MwFSl2dR<b1P00,0*5A
\s:66,c:1782377487*4D\!AIVDM,1,1,,A,14RWvL001OPPmqTFv2Fn0Dpj2L6I,0*6F
\s:66,c:1782377488*42\!AIVDM,1,1,,B,19Hl=th01cP<NpfEPm83U2pn08@>,0*02
\s:66,c:1782377486*4C\!AIVDM,1,1,,B,19NSKJh02@7s8w`8mmGGen@l053<,0*65
\s:66,c:1782377480*4A\!AIVDM,1,1,,B,13e01r01BkQlM<2`h?A3dRvV80Rs,0*1D
\s:66,c:1782377479*4C\!AIVDM,1,1,,A,34eJe>s2h0G<OTTL<qdv4;Ap0000,0*55
\s:66,c:1782377488*42\!AIVDM,1,1,,A,13l9?UPP00Q2IeFDS04v4?vp253<,0*72
\s:66,c:1782377492*49\!AIVDM,1,1,,,18?OB6h001:QVDErU2ob>P@<0P00,0*65
\g:1-2-5198534,s:66,c:1782377493*0D\!AIVDM,2,1,4,B,5612Wb80?PrTQcO;3L05848A8Thj37K00000001J4@rDDuI:07U4p;H<,0*1C
\g:2-2-5198534*6A\!AIVDM,2,2,4,B,dp2j0ARR@000000,2*6E
\s:66,c:1782377495*4E\!AIVDM,1,1,,A,38VVEr50003Ogj`?q6`IB:A:0mK:,0*70
\s:66,c:1782377495*4E\!AIVDM,1,1,,A,19NSpe0w2t10;Fii:K75mDc2053<,0*5A
\s:66,c:1782377495*4E\!AIVDM,1,1,,A,13l92OgP01Q2NsnDRFkv4?w62HDW,0*64
\s:66,c:1782377492*49\!AIVDM,1,1,,B,17P9OP0000:c71aks;05?0I0053<,0*31
\s:66,c:1782377496*4D\!AIVDM,1,1,,A,:3=s`611<>K0,0*4E
\s:66,c:1782377492*49\!AIVDM,1,1,,B,16;@Lb001i`e8L0As91Tfkhv2<r>,0*51
\s:66,c:1782377493*48\!AIVDM,1,1,,B,39NSFaE0007Iv<P0if2Jdrfv0D`:,0*6B
\s:66,c:1782377497*4C\!AIVDM,1,1,,A,19NSbj@02U3HK11i12E9fWrp0@@g,0*6E
\s:66,c:1782377497*4C\!AIVDM,1,1,,A,15CcsN001SP4Fm:E5=jBl2?8053<,0*1E
\s:66,c:1782377492*49\!AIVDM,1,1,,B,B42OE=000@GbjO5P49L01N@0p000,0*7D
\s:66,c:1782377490*4B\!AIVDM,1,1,,B,19NSgI00j?7RgEJ0=QULs:66,0*0C
\s:66,c:1782377496*4D\!AIVDM,1,1,,A,13aN3MP01?JB:@b5IA:G8me80d6v,0*57
\s:66,c:1782377495*4E\!AIVDM,1,1,,A,?@2Dw;0rE>5tD00,2*5D
\s:66,c:1782377496*4D\!AIVDM,1,1,,B,28Hw6;PP00WagdP61mGN4?w6253<,0*59
\s:66,c:1782377495*4E\!AIVDM,1,1,,B,13ktW2002g3fTD;tkF?1?A=4053<,0*5C
\s:66,c:1782377458*4F\!AIVDM,1,1,,B,18I2?e0uir3IdHkiNm9IBoOn0@RK,0*31
\s:66,c:1782377469*4D\!AIVDM,1,1,,A,38I2?e0u1r3Id>9iNlCqC7NB05=k,0*41
\s:66,c:1782377495*4E\!AIVDM,1,1,,A,B7Oh<:P00:gChlL4a23Q3wiQnDNJ,0*23
\s:66,c:1782377497*4C\!AIVDM,1,1,,A,169?s<00167Je8P0bS@dLam808F2,0*3E
\s:66,c:1782377496*4D\!AIVDM,1,1,,A,35AM:h50007`uk66:lGu@83400sQ,0*0B
\s:66,c:1782377487*4D\!AIVDM,1,1,,B,B4qhsOP00vrEuA24L1Q=gweUoP06,0*5D
\s:66,c:1782377488*42\!AIVDM,1,1,,,13Jv2L0006:mDRMdQS9blnvp0000,0*14
\s:66,c:1782377486*4C\!AIVDM,1,1,,B,H4hQd`4UCBD9jR3J7ED0002@3730,0*4B
\s:66,c:1782377487*4D\!AIVDM,1,1,,,B5O7EbP00fqb?k2>b4;Q3weQl000,0*22
\s:66,c:1782377488*42\!AIVDM,1,1,,B,3815URAw@02PeGGlW0cjc4Hj0Dg:,0*32
\s:66,c:1782377489*43\!AIVDM,1,1,,B,18SJLs0001WOEMl109?;f5Jr053<,0*2A
\s:66,c:1782377486*4C\!AIVDM,1,1,,A,B3HaQ800?`0`hB5SiLBbF6>5oP06,0*13
\s:66,c:1782377482*48\!AIVDM,1,1,,A,19NSESU000Q2Tf2DObanQatP0000,0*51
\s:66,c:1782377487*4D\!AIVDM,1,1,,B,39gh9M?P@OvhT=l;HvoBiRjj20wh,0*21
\s:66,c:1782377487*4D\!AIVDM,1,1,,A,B3pvPDP07H1Fs9USlUmpaQN00000,0*0B
\s:66,c:1782377486*4C\!AIVDM,1,1,,B,13aENSPP000DQw<MdVGUnOvn2H?R,0*33
\s:66,c:1782377483*49\!AIVDM,1,1,,A,E>o6G=h17dPh3sh1WW:2QPa0000=C:<T2v2ih10888d@00,4*7F
\s:66,c:1782377489*43\!AIVDM,1,1,,A,1344e<70000CWtlMFgJ7U3tt00Rq,0*12
\s:66,c:1782377490*4B\!AIVDM,1,1,,B,18If060v2>2RBrSlOSHE7D4v08Al,0*25
\s:66,c:1782377490*4B\!AIVDM,1,1,,B,16SfEC?P0v9=PwHD46hMl?vsr<1b,0*7B
\s:66,c:1782377490*4B\!AIVDM,1,1,,A,B7tNfNP00anSkBP;fPD03wg4kP06,0*67
\s:66,c:1782377488*42\!AIVDM,1,1,,A,13n3;EP0000i8MbRANQ3Uqdn00RV,0*3C
\g:1-2-5198535,s:66,c:1782377489*07\!AIVDM,2,1,5,B,53EmCs400000D7?OWL1<4qB105D000000000000N0pB2440Ht0000000,0*29
\g:2-2-5198535*6B\!AIVDM,2,2,5,B,000000000000000,2*22
\s:66,c:1782377488*42\!AIVDM,1,1,,A,B3HmmLP0>`<7@:5ath2tOwf1l8@U,0*3C
\s:66,c:1782377488*42\!AIVDM,1,1,,B,B7m:37h02r6?dIOopnImOwe2T53<,0*24
\s:66,c:1782377486*4C\!AIVDM,1,1,,A,35MQDf0000G?jO@KAIlbS9Ep0000,0*11
\s:66,c:1782377489*43\!AIVDM,1,1,,A,B3M@WM00@7ttsJ6wABDD0@N00000,0*42
\s:66,c:1782377490*4B\!AIVDM,1,1,,A,18I8gf0w@07KkOp0fJp`NjJn0DDp,0*0C
\s:66,c:1782377437*46\!AIVDM,1,1,,A,H4eJPPP4i@E8p5@UHD000000000,2*2B
\s:66,c:1782377491*4A\!AIVDM,1,1,,B,H4eJPPTUCBD:c7;00000001P4440,0*32
\s:66,c:1782377491*4A\!AIVDM,1,1,,B,1815N;h001rAvUR5KbLS>80v2@BT,0*61
\s:66,c:1782377492*49\!AIVDM,1,1,,B,18LG@80P00WKVj`0e`SKoOw028C4,0*48
\s:66,c:1782377492*49\!AIVDM,1,1,,A,13F9<l300>0;jH@MpGpo:Udt00S5,0*13
\s:66,c:1782377492*49\!AIVDM,1,1,,,13Jv2L0008:mDR5dQS:Jr6w00000,0*4E
\s:66,c:1782377488*42\!AIVDM,1,1,,,13eWtV50017J1eh0i8KpI:Vl8000,0*2B
\s:66,c:1782377491*4A\!AIVDM,1,1,,B,1815<B001M`fFsfA;;FoGUtv053<,0*0D
\s:66,c:1782377492*49\!AIVDM,1,1,,A,37OddbPP@::cOeskmQDstWQ00280,0*5D
\s:66,c:1782377490*4B\!AIVDM,1,1,,B,B3GQ4B@0<81Nv6UTlk8pKwf7t000,0*18
\g:1-2-5198536,s:66,c:1782377491*0D\!AIVDM,2,1,6,B,5815WVp2>pGUKL7?77<Lt9T0000000000000001@>pJ<<5aE0?1Dp0Pk,0*35
\g:2-2-5198536*68\!AIVDM,2,2,6,B,P00000000000000,2*41
\s:66,c:1782377492*49\!AIVDM,1,1,,A,1815WVj0050:pH@GNo<MAGFv0U3<,0*4C
\g:1-2-5198537,s:66,c:1782377491*0C\!AIVDM,2,1,7,A,53:@pb82>>dH?A=c:21=D<<E=<u:222222222216NhcGF5ce0ePk`0iQ,0*47
\g:2-2-5198537*69\!AIVDM,2,2,7,A,888888888888880,2*23
\s:66,c:1782377494*4F\!AIVDM,1,1,,A,15TAlJ001mP65WNE4?Ib9H8p053<,0*51
\s:66,c:1782377492*49\!AIVDM,1,1,,B,13nVib0OhQ0KhGVSSifGoF@v0`Bw,0*62
\s:66,c:1782377476*43\!AIVDM,1,1,,A,169<q?gP008QBa@EqA63lwvN053<,0*0E
\s:66,c:1782377490*4B\!AIVDM,1,1,,B,4050Of@000Htt<tSF0l4Q@001PS:,0*19
\s:66,c:1782377490*4B\!AIVDM,1,1,,B,D050OfA<Tf01<pf01=<f01=Pf00,2*77
\g:1-2-5198538,s:66,c:1782377491*03\!AIVDM,2,1,8,A,53Ia;U400000HlEB220JuJ04pqU@T6222222220N1@73300Ht033lRAC,0*45
\g:2-2-5198538*66\!AIVDM,2,2,8,A,U88888888888880,2*41
\s:66,c:1782377495*4E\!AIVDM,1,1,,B,33aBC40OkePBegVMftJess962000,0*3B
\s:66,c:1782377493*48\!AIVDM,1,1,,B,13WR@G5000OVeSHDQtuHtWI008CP,0*5A
\s:66,c:1782377491*4A\!AIVDM,1,1,4,A,17Odd9@0008lO6Sp76ePgRTv0D08,0*43
\s:66,c:1782377491*4A\!AIVDM,1,1,,B,19NSEiP0088TETf8g3`h58hH053<,0*2C
\s:66,c:1782377496*4D\!AIVDM,1,1,,B,13nVib0OhU0KhF>SSiUGw6O60PS?,0*72
\s:66,c:1782377492*49\!AIVDM,1,1,,B,13ku<5h01S063G0E5eVb283000SD,0*77
\s:66,c:1782377493*48\!AIVDM,1,1,,A,13uG0KPP111BH72QtWRV:?w20@Cf,0*30
\s:66,c:1782377496*4D\!AIVDM,1,1,,B,15?dh701jLOwEj0El4ApKFc2053<,0*5F
\s:66,c:1782377494*4F\!AIVDM,1,1,,A,13ad;D?P17PFmD4NCSf44?v80pD0,0*41
\s:66,c:1782377490*4B\!AIVDM,1,1,,B,15NTDn000Tre<J4GA:5Rw28v00Sg,0*44
\s:66,c:1782377496*4D\!AIVDM,1,1,,B,4028nKh000Htt0>b>2GvAuo00PS:,0*2D
\s:66,c:1782377490*4B\!AIVDM,1,1,,B,17OddbPOhF:cOf=kmQD4g7Rr0@AV,0*42
\s:66,c:1782377495*4E\!AIVDM,1,1,,A,B3psu000:@EPBWWj1fc@:Vv00000,0*08
\s:66,c:1782377496*4D\!AIVDM,1,1,,A,13aNTL@01LPCo>RMF;rLv:K2P8E;,0*23
\s:66,c:1782377493*48\!AIVDM,1,1,,A,1815cFPu1j8icbJAkSl7iUw00PT=,0*3A
\s:66,c:1782377497*4C\!AIVDM,1,1,,A,16:ACp00008g=s:66,0*21
\s:66,c:1782377497*4C\!AIVDM,1,1,,B,25BG=V5000WbNfp5uULeL1a80<3j,0*69
\s:66,c:1782377498*43\!AIVDM,1,1,,B,1815A?h01sPvd4HDsresb9Hj0<4B,0*22
\s:66,c:1782377486*4C\!AIVDM,1,1,,A,37OkE@Qrh2bvFQMh6>dJ1gvj0Dub,0*53
\s:66,c:1782377487*4D\!AIVDM,1,1,,B,19NSQ5002GJ98qP=OUvabGhj0D0;,0*23
\s:66,c:1782377488*42\!AIVDM,1,1,,B,13`ddj0001PfTCRO9N;f1Ihn0D2b,0*60
\s:66,c:1782377488*42\!AIVDM,1,1,,A,13s<kqgP1UwGnVBGWuuF=gvp2@@g,0*37
\s:66,c:1782377485*4F\!AIVDM,1,1,,B,13@pjw@2R7Q@;QnWpBTDCSLd0L1?,0*37
\s:66,c:1782377484*4E\!AIVDM,1,1,,B,15?dUG@01k7Q>301Opf7nV>f0W3h,0*1A
\s:66,c:1782377488*42\!AIVDM,1,1,,B,160mQ40wj;UmFmP3A9jCNBlj053<,0*2D
\s:66,c:1782377484*4E\!AIVDM,1,1,,A,33MBCv0P@;P>0dRMUEJ5vUFf01u@,0*7A
\s:66,c:1782377490*4B\!AIVDM,1,1,,A,B8Hwg?0011nhwv0;=gWQ2Ug1nDL:,0*06
\s:66,c:1782377487*4D\!AIVDM,1,1,,B,13clDw?0000g8oHHs9i1QQJj00Ri,0*1D
\s:66,c:1782377486*4C\!AIVDM,1,1,,A,1772Fo002G7mGf`9R2:UC4>j00Rw,0*52
\s:66,c:1782377486*4C\!AIVDM,1,1,,A,15C=ij0004q`9@d@Ck`U93nj2@?P,0*19
\s:66,c:1782377487*4D\!AIVDM,1,1,,A,33o2d>501I1GMm`Wr6giT1=p0000,0*5F
\s:66,c:1782377484*4E\!AIVDM,1,1,,B,B5OIC:001FWr:R3jdgRhKwcQh000,0*21
\g:1-2-5198539,s:66,c:1782377490*03\!AIVDM,2,1,9,B,53mRq?`0?hSdh5`SR20<hU10E:0M84<F2222221@H0V;E5cb0>DiljC`,0*01
\g:2-2-5198539*67\!AIVDM,2,2,9,B,888888888888880,2*2E
\s:66,c:1782377490*4B\!AIVDM,1,1,,A,139Iq80000PkuhfOAM2iBALp053<,0*70
\s:66,c:1782377490*4B\!AIVDM,1,1,,A,13EpM3S000Ow1`PFcoQBl@4t0D2q,0*37
\s:66,c:1782377491*4A\!AIVDM,1,1,,A,15Q7GH0P00JB?at5F50e5Ovv0l2>,0*30
\s:66,c:1782377486*4C\!AIVDM,1,1,,A,15Q;lR00148MDc2F?jSc8Hnn00SM,0*5E
\s:66,c:1782377488*42\!AIVDM,1,1,,B,13cgRg0P000g:A4Hs?2T4?vl0L2H,0*1B
\s:66,c:1782377489*43\!AIVDM,1,1,,A,15?dgKh000rChs4589n<T22p0L6r,0*69
\s:66,c:1782377484*4E\!AIVDM,1,1,,B,19NS=A001q8dQJv?@O=p5nPf0@>6,0*55
\s:66,c:1782377490*4B\!AIVDM,1,1,,A,16:Bg:P01P8823@=37;4WCVp00S>,0*2D
\s:66,c:1782377488*42\!AIVDM,1,1,,B,13u>Bb0OjbQF7>vR2f;TK3`p2000,0*50
\s:66,c:1782377490*4B\!AIVDM,1,1,,A,B7Om0a000:g75ELBoLajSwg5oP06,0*63
\g:1-2-5198540,s:66,c:1782377489*05\!AIVDM,2,1,0,A,53:<SD42@eIGD9`S801Rm18E=>0Dh8D000000017A`:F10000DA1CSjh,0*34
\g:2-2-5198540*69\!AIVDM,2,2,0,A,000000000000000,2*24
\s:66,c:1782377489*43\!AIVDM,1,1,,A,36:dSj001L8M7UfF0we2FQnr05EC,0*16
\s:66,c:1782377485*4F\!AIVDM,1,1,,B,16:8u4P01l8N9<VF8t23rS@h0<>;,0*72
\s:66,c:1782377491*4A\!AIVDM,1,1,,B,139uTf0P00PeWefNWnbh0?vv2@Bd,0*7E
\s:66,c:1782377490*4B\!AIVDM,1,1,,B,13lodB001QwVKfHKq`DR4Afr08Ar,0*30
\s:66,c:1782377493*48\!AIVDM,1,1,,A,19Lgg400012mTiaub`cD5@Rv00S5,0*33
\s:66,c:1782377491*4A\!AIVDM,1,1,,B,15S2il00013nHqH>rufCI62t0lK>,0*64
\s:66,c:1782377487*4D\!AIVDM,1,1,,B,13eH@d002SIL1@F6iQ5TOSbn0<03,0*0D
\s:66,c:1782377487*4D\!AIVDM,1,1,,B,13o2d>501J1GMmbWr6giU1<l0D1m,0*6B
\s:66,c:1782377494*4F\!AIVDM,1,1,,B,36:RUMU0008VBl@DW6kaFG;30000,0*13
\s:66,c:1782377483*49\!AIVDM,1,1,,B,B8uU7w00?hwgUhwHj1:Rcwc5h000,0*53
\s:66,c:1782377492*49\!AIVDM,1,1,,A,33bvI2000>P@aejMIS1TD3@l00t@,0*64
\s:66,c:1782377493*48\!AIVDM,1,1,,A,16:5sc0P14`ge?0AlRIULOw02Da5,0*33
\s:66,c:1782377476*43\!AIVDM,1,1,,A,169>`uP001`SE:hEmB:TWJpN2Fjk,0*24
\s:66,c:1782377488*42\!AIVDM,1,1,,A,3Cg`ES7P00vEUb<Ung7h0?vn201j,0*55
\s:66,c:1782377488*42\!AIVDM,1,1,,B,13@pVE000`Oq3tJLMUc:=`<o00S?,0*08
\s:66,c:1782377493*48\!AIVDM,1,1,,A,16:RAP0P00`LMWV=whflwmJv28D;,0*23
\s:66,c:1782377493*48\!AIVDM,1,1,,A,339a6mPPACPe;V`N`hGc@Hrl00uh,0*76
\s:66,c:1782377491*4A\!AIVDM,1,1,,B,133VKd0vB07oFL>:=wFRrjDr053<,0*75
\s:66,c:1782377493*48\!AIVDM,1,1,,B,169Fw40P0H8:wl><rPvuhgw0053<,0*7E
\s:66,c:1782377493*48\!AIVDM,1,1,,A,?39ar?PjKRq`D00,2*4B
\s:66,c:1782377485*4F\!AIVDM,1,1,,B,13m7upP000Q@pjRWjiG49:e4000E,0*41
\s:66,c:1782377487*4D\!AIVDM,1,1,,B,13@p;VHP000fng2OQU5Hugvj20RP,0*37
\s:66,c:1782377491*4A\!AIVDM,1,1,,A,15N:@cP00kJSibHFRVo9fGc00000,0*72
\s:66,c:1782377489*43\!AIVDM,1,1,,A,18R3QO0000SR7L@@D=kv4:>p0@A1,0*0E
\s:66,c:1782377488*42\!AIVDM,1,1,,B,19NSOeSP003O2o8@5=Uf4?vn2H@N,0*1C
\s:66,c:1782377494*4F\!AIVDM,1,1,,B,37Oh;RPPA8:l:tGd`LGJlWI000l@,0*62
\s:66,c:1782377493*48\!AIVDM,1,1,,A,16:HoD00008fQkhARWV7jSLv087R,0*3F
\s:66,c:1782377486*4C\!AIVDM,1,1,,A,H5NPVcP`D4r0@00000000000000,2*30
\s:66,c:1782377494*4F\!AIVDM,1,1,,A,H5NPVcTN0000000G47lknm0p<410,0*53
\s:66,c:1782377489*43\!AIVDM,1,1,,B,13mv0B00000fq?jTimsKCVhn0<12,0*48
\s:66,c:1782377489*43\!AIVDM,1,1,,A,18LMul002=0ffMBEwV9;jqHr00SL,0*5F
\s:66,c:1782377493*48\!AIVDM,1,1,,B,15Ca?V001l`7pJL=4u<VA4u220SI,0*2A
\s:66,c:1782377491*4A\!AIVDM,1,1,,A,13aI<0hP1Q0EKjPN0m><=gvv08BH,0*15
\s:66,c:1782377492*49\!AIVDM,1,1,,A,13IjA><00jOQFALKH`F=ubw008C@,0*38
\s:66,c:1782377492*49\!AIVDM,1,1,,,142OVb30002>aDtHPuH88Ja20000,0*49
\s:66,c:1782377490*4B\!AIVDM,1,1,,A,1815OM@pP5SQ:pr@>tw0kldr2D5R,0*0B
\s:66,c:1782377491*4A\!AIVDM,1,1,,,B39rc;?t00?kMd6;<Mp03wQtkP06,0*53
\s:66,c:1782377495*4E\!AIVDM,1,1,,B,13bvI20009P@aelMIS1TUSBp00T=,0*56
\s:66,c:1782377495*4E\!AIVDM,1,1,,B,14RtRn0rQTJa3Bd6S;V9b7g0053<,0*7A
\s:66,c:1782377495*4E\!AIVDM,1,1,,A,19cpnsP02<`qGHh?jF9oA5lV0d4K,0*18
\s:66,c:1782377496*4D\!AIVDM,1,1,,B,19NSBS001g:kQJ;sDD0<H9o:0<08,0*59
\s:66,c:1782377496*4D\!AIVDM,1,1,,B,139a6mPPABPe;R4N`hMs<pnt0@EU,0*01
\s:66,c:1782377491*4A\!AIVDM,1,1,,B,15TLoL0PAh6Dbi@3QM;JLpDp0@B;,0*35
\s:66,c:1782377494*4F\!AIVDM,1,1,,A,13m:i1P0001bJ8D`2J58h4S20D0>,0*7C
\s:66,c:1782377496*4D\!AIVDM,1,1,,A,16:HP7001C8VKn@DWET9BGO600S7,0*6E
\s:66,c:1782377491*4A\!AIVDM,1,1,,B,H3FTSjPU<8`u8p0000000000000,2*1B
\s:66,c:1782377491*4A\!AIVDM,1,1,,B,H3FTSjTTC=D715c0000000104310,0*28
\s:66,c:1782377494*4F\!AIVDM,1,1,,A,1912rIPwR50re=<E3EVCnS:v0HCl,0*70
\s:66,c:1782377496*4D\!AIVDM,1,1,,B,13FJBT?P00wiqORHkwtV4Ow82L0l,0*40
\s:66,c:1782377493*48\!AIVDM,1,1,,B,16<lO0002D`f2UF??Kphohjv0D0T,0*04
\s:66,c:1782377491*4A\!AIVDM,1,1,,A,13l90>TP02Q34f6DNDguwOvv20T7,0*7A
\s:66,c:1782377480*4A\!AIVDM,1,1,,A,13`lQq@P180L3aBMhwBACwv`0H<9,0*73
\s:66,c:1782377488*42\!AIVDM,1,1,,A,28SK3ThP01Wai4b61a1N4?vp2@@R,0*17
\s:66,c:1782377483*49\!AIVDM,1,1,,B,169;37P0008KVhFEs:66,0*22
\s:66,c:1782377486*4C\!AIVDM,1,1,,B,13P8:2P00?P53bBNGF?JsrDf0<0F,0*3D
\s:66,c:1782377488*42\!AIVDM,1,1,,B,36:1:L5002`g8N2A8c`FhRbj0Da:,0*38
\s:66,c:1782377488*42\!AIVDM,1,1,,A,19NSpu@02P85q7v8Q`Fi1@dl00Rp,0*64
\s:66,c:1782377480*4A\!AIVDM,1,1,,B,H3GQ@FlU000000000000000P;320,0*1D
\s:66,c:1782377486*4C\!AIVDM,1,1,,A,B3ptM9P008ERSQ7iQ3D000N00000,0*6C
\s:66,c:1782377485*4F\!AIVDM,1,1,,A,19NSo9001o0JVP>Nu5fS;jPl0<;v,0*6E
\s:66,c:1782377485*4F\!AIVDM,1,1,,A,402IPEQvad`kINojL4UrRko0053<,0*54
\s:66,c:1782377482*48\!AIVDM,1,1,,A,13b9mh833A0Eh04NDJ5qGGrb0@=2,0*71
\s:66,c:1782377487*4D\!AIVDM,1,1,,A,36:=t60Oi@8VvrhBCbJ1u1df01th,0*71
\s:66,c:1782377358*48\!AIVDM,1,1,,B,13AGb8002AM5Onek?CjHVnpT0@:e,0*32
\s:66,c:1782377485*4F\!AIVDM,1,1,,A,33JnmP002TOlcWVDjfMkB2Up0000,0*23
\s:66,c:1782377488*42\!AIVDM,1,1,,A,15SQ7>000TWKnBH0e@wPgP`r0D<P,0*3A
\s:66,c:1782377488*42\!AIVDM,1,1,,B,13b9mh86CA0EghHNDIJaKGvn0D2=,0*40
\s:66,c:1782377488*42\!AIVDM,1,1,,A,13FGRj9PE6NqT=B@851M7JJl00S?,0*15
\s:66,c:1782377489*43\!AIVDM,1,1,,A,19lmVh700012Hhcjod0<ul8d00S>,0*13
\s:66,c:1782377489*43\!AIVDM,1,1,,B,14co6N001iWVK4j2eI`Q=0rp0@AB,0*4B
\s:66,c:1782377490*4B\!AIVDM,1,1,,A,1:U7LoPP00Ld52SjAAlP0?vr2D1M,0*47
\s:66,c:1782377488*42\!AIVDM,1,1,,B,13aJHawP000F<=hMwlBN4?vp053<,0*40
\s:66,c:1782377487*4D\!AIVDM,1,1,,B,15?dL3Pw2U7fB0j9bm5e6JLl08?`,0*61
\s:66,c:1782377489*43\!AIVDM,1,1,,A,19NSu8hvir1oGTCdPAIaoWtp0HA8,0*15
\s:66,c:1782377485*4F\!AIVDM,1,1,,A,13ckod0P01Pg:R0Hroo>4?vj2000,0*38
\s:66,c:1782377487*4D\!AIVDM,1,1,,A,35M>aJ5000J:F8PAFOO8SRvn0000,0*05
\s:66,c:1782377490*4B\!AIVDM,1,1,,B,4007R@0000HttR3=llIAaoG00W3h,0*6D
\s:66,c:1782377485*4F\!AIVDM,1,1,,A,B39wn4P000:2ktWV2Sp03wdUkP06,0*5C
\s:66,c:1782377488*42\!AIVDM,1,1,,A,177WBs80j<2m7l?g:flaOobl0D0;,0*73
\s:66,c:1782377491*4A\!AIVDM,1,1,,A,16:=t60PA@8Vvw@BCbk1tidt00Rp,0*3C
\s:66,c:1782377485*4F\!AIVDM,1,1,,A,19NSn900h@b>20dG`aNA9Wrh2<0L,0*39
\s:66,c:1782377489*43\!AIVDM,1,1,,A,35NKKt0000JAwS6Bk=JakWop0000,0*1F
\s:66,c:1782377490*4B\!AIVDM,1,1,,B,16:Qfv001U8UCW0DDw;Pb@Bp00So,0*44
\s:66,c:1782377490*4B\!AIVDM,1,1,,A,17Op;kP000:KE0unCvdusn2t0000,0*4F
\s:66,c:1782377492*49\!AIVDM,1,1,,B,19N`37P01s7Gs:66,0*2C
\s:66,c:1782377488*42\!AIVDM,1,1,,A,18VBh00P00SR7S2@DGlCe?vr2@@S,0*07
\g:1-2-5198541,s:66,c:1782377490*0C\!AIVDM,2,1,1,A,569A=n8000000000001T4pM9DWKH000000000016:0C;;1dg06PhCp1Q,0*60
\g:2-2-5198541*68\!AIVDM,2,2,1,A,BH12@CP00000000,2*4F
\s:66,c:1782377492*49\!AIVDM,1,1,,A,39NSipU00000aV>LCCL<:8jt0DPr,0*32
\s:66,c:1782377492*49\!AIVDM,1,1,,B,16?Ul2@P005FO;H7Iet@0?w20D0a,0*09
\s:66,c:1782377492*49\!AIVDM,1,1,,A,13FGRj9PE6NqT7@@86A=2:Ht08Ba,0*36
\s:66,c:1782377494*4F\!AIVDM,1,1,,A,17ldsa@0007KaJf0`9BFr`K400RL,0*65
\s:66,c:1782377494*4F\!AIVDM,1,1,,B,19lmVh700012HhWjod0MDT9008CB,0*6D
\s:66,c:1782377494*4F\!AIVDM,1,1,,B,36:DKVQ00289;W8<oE649wv00000,0*69
\s:66,c:1782377494*4F\!AIVDM,1,1,,B,3815a`00002mJbuucU7aH7u00E0=,0*7E
\s:66,c:1782377491*4A\!AIVDM,1,1,,B,18K>D:001bWE73t141h;O9:t0<2C,0*34
\s:66,c:1782377492*49\!AIVDM,1,1,,B,1:U77KdP00Ld5S3jAIcR>wvv0<2o,0*32
\s:66,c:1782377493*48\!AIVDM,1,1,,B,H69>UnDN000000022;6q0030D430,0*51
\s:66,c:1782377493*48\!AIVDM,1,1,,A,139LWP000bPV:R8Nd3=E<D140@Ce,0*18
\s:66,c:1782377491*4A\!AIVDM,1,1,,B,13cmaG0P000V23DFIQqlR?vt00S?,0*0C
\s:66,c:1782377490*4B\!AIVDM,1,1,,,13lsuf5000JV>h65u381JHbn0000,0*64
\s:66,c:1782377486*4C\!AIVDM,1,1,,B,15NIOk?001G?e38E`GHB2W<n053<,0*4F
\s:66,c:1782377491*4A\!AIVDM,1,1,,B,34R5nn1201Qcm=fEd<eoebDv0Dg:,0*48
\s:66,c:1782377489*43\!AIVDM,1,1,,B,33@oen0OkD0NLgHNoIad19Vr01;@,0*77
\s:66,c:1782377491*4A\!AIVDM,1,1,,A,1:U70r001qLcn?Sj@@TPW@Pr00Sp,0*18
\s:66,c:1782377493*48\!AIVDM,1,1,,B,13@oen0OkD0NL`8NoJ5L1qU00<53,0*04
\s:66,c:1782377494*4F\!AIVDM,1,1,,A,33aBNhE000PBMUnMf8JuM8UD0m9b,0*7C
\s:66,c:1782377493*48\!AIVDM,1,1,,B,402:owAvad`kOOmHdVKno`O00<8R,0*2C
\g:1-2-5198542,s:66,c:1782377463*03\!AIVDM,2,1,2,B,59NSaS`2GOCKDh<kR20luDqB0`4@DU@F22222216OPgND5c20f@ED21O,0*59
\g:2-2-5198542*6B\!AIVDM,2,2,2,B,PkR5B8888888880,2*03
\g:1-2-5198543,s:66,c:1782377341*05\!AIVDM,2,1,3,A,56:6>R`2FlBh8tQcR20<4pN0P4pN0aDr3:22220Q31c7B4V90?B5@CQj,0*55
\g:2-2-5198543*6A\!AIVDM,2,2,3,A,5@H888888888880,2*22
\s:66,c:1782377495*4E\!AIVDM,1,1,,B,3815SsP1iV1PotUd1TIr>p=00321,0*02
\s:66,c:1782377494*4F\!AIVDM,1,1,,A,169a<s3OhJ8g;0<AnEiDICu2053<,0*00
\s:66,c:1782377490*4B\!AIVDM,1,1,,B,B7lddkP00800000000003wP4kP06,0*22
\g:1-2-5198544,s:66,c:1782377494*0D\!AIVDM,2,1,4,A,569>WG8000000000000pTpN1@4V0iDp00000000t2Pe961di`86@A0CT,0*51
\g:2-2-5198544*6D\!AIVDM,2,2,4,A,j0CP00000000000,2*69
\s:66,c:1782377493*48\!AIVDM,1,1,,B,13aDAOhP00PD??PMdR@N4?w22<7s,0*01
\s:66,c:1782377488*42\!AIVDM,1,1,,B,19NStC@01b2nWiQg0LwRW20l0<0<,0*10
\s:66,c:1782377494*4F\!AIVDM,1,1,,B,176s5`001oP3TmPLpDa2mjDp053<,0*75
\s:66,c:1782377493*48\!AIVDM,1,1,,A,1kGQt<OP01P6W;dFA5bf4?w02000,0*2A
\s:66,c:1782377494*4F\!AIVDM,1,1,,B,177WBs8wB<2m7dig:fJ9Ooa008Cr,0*26
\s:66,c:1782377493*48\!AIVDM,1,1,,B,26SgKC0uhhWaNqT5s6b3VjBv20SA,0*3C
\s:66,c:1782377495*4E\!AIVDM,1,1,,A,16:EDSP0148;FJ@<rQvqN7o40HHp,0*19
\s:66,c:1782377490*4B\!AIVDM,1,1,,A,H52bqelU71B=9>00000000108230,0*50
\s:66,c:1782377492*49\!AIVDM,1,1,,B,402E;<1vad`kPP=wIrMUCCO028C5,0*72
\s:66,c:1782377495*4E\!AIVDM,1,1,,B,402IPEQvad`kSNojL4UrRko00D0u,0*76
\s:66,c:1782377494*4F\!AIVDM,1,1,,A,14SUsB000LNqf5B@5<GKJa?400SG,0*37
\s:66,c:1782377493*48\!AIVDM,1,1,,A,33o34L0Oi31BT2JWm;c5=lHv0000,0*40
\s:66,c:1782377495*4E\!AIVDM,1,1,,A,33@oen0PCC0NLPtNoJPd3aQ6013h,0*44
\s:66,c:1782377497*4C\!AIVDM,1,1,,B,3:U70r0OioLcnAej@AD0cPS601nP,0*66
\g:1-2-5198545,s:66,c:1782377496*0E\!AIVDM,2,1,5,A,56?Ul2D2E`KL5MT6220t<D4r0@UHTpF22222221S1hC575Ch09SQEp3@,0*07
\g:2-2-5198545*6C\!AIVDM,2,2,5,A,CQhC3lQH8888880,2*5E
\g:1-2-5198546,s:66,c:1782377497*0C\!AIVDM,2,1,6,A,5:U7FJp2Grpq1GOS7T1=HUA`E:0`u8LF0Bp0000l00000vF9D>2E0D3h,0*20
\g:2-2-5198546*6F\!AIVDM,2,2,6,A,@00000000000000,2*52
\s:66,c:1782377494*4F\!AIVDM,1,1,,B,B3Ei5>00;0><rm5J0T3JKwgUh000,0*51
\s:66,c:1782377495*4E\!AIVDM,1,1,,B,B85Nb;P099l0?W0ILJIC?wiUoP06,0*11
\s:66,c:1782377496*4D\!AIVDM,1,1,,A,13FGRj9PE5NqT0l@87OtuJE4053<,0*03
\s:66,c:1782377498*43\!AIVDM,1,1,,A,15NIOk?000G?e2tE`GFSWW=80<1B,0*58
\s:66,c:1782377498*43\!AIVDM,1,1,,A,13aI;R0P00PFH9jMvtQcUww4R0R9,0*1D
\s:66,c:1782377496*4D\!AIVDM,1,1,,B,D02:owADtNfq6DO6D0,4*12
\s:66,c:1782377491*4A\!AIVDM,1,1,,A,33=reP0w1OJ?RvH@=wr;u9Qp0000,0*52
\s:66,c:1782377489*43\!AIVDM,1,1,,A,33P=eFOP000CPnPMEN000?vr0C43,0*53
\s:66,c:1782377490*4B\!AIVDM,1,1,,B,16SsvK?000a=Q;PD4Uh36BRn20S6,0*07
\s:66,c:1782377490*4B\!AIVDM,1,1,,B,4028jIQvad`kN0>cpBH0;BgP2HAp,0*4D
\s:66,c:1782377485*4F\!AIVDM,1,1,,A,13n1pE7P000KN?DQLWpTugvj0@>g,0*2E
\s:66,c:1782377488*42\!AIVDM,1,1,,B,13e`Gt001v86Dm:9cCG7Sn<p0@@R,0*31
\s:66,c:1782377492*49\!AIVDM,1,1,,B,18K3=>00?w7JLR:0esGf44m000S?,0*70
\s:66,c:1782377491*4A\!AIVDM,1,1,,B,39NSjsm000`gkg8AL72TeI8t0Dg:,0*50
\s:66,c:1782377489*43\!AIVDM,1,1,,B,36:RB?PP@:8f056A83giqc>t035Q,0*59
\s:66,c:1782377491*4A\!AIVDM,1,1,,B,ENkb9TvaPh@@@@@@@@@@@@@@@@@;VoCp=jICh00003vP00,4*30
\g:1-2-5198547,s:66,c:1782377494*0E\!AIVDM,2,1,7,A,59NSP;82>D>L7PTK<00m<>0Dl@Dr0TTT00000016DHg<B5kE0E0kQ30h,0*56
\g:2-2-5198547*6E\!AIVDM,2,2,7,A,000000000000000,2*23
\s:66,c:1782377494*4F\!AIVDM,1,1,,B,18TBhV0PB87b7j85nsemuDm40000,0*66
\s:66,c:1782377494*4F\!AIVDM,1,1,,B,39NSP;04Rk;1G8EjdKQuw092004S,0*1E
\s:66,c:1782377493*48\!AIVDM,1,1,,B,H42M:NPU=@4p9DjlTT000000000,2*27
\s:66,c:1782377490*4B\!AIVDM,1,1,,A,13aB9AdP00PJ9mjN?7grdww02<7m,0*3C
\s:66,c:1782377494*4F\!AIVDM,1,1,,A,142OdDP000R5wTRGGukIn`g40HD<,0*02
\s:66,c:1782377487*4D\!AIVDM,1,1,,B,16KVrP0000ajSTVD4dw3U6Bn08?r,0*1D
\s:66,c:1782377493*48\!AIVDM,1,1,,B,13aO?TPviOPgAt2QNfJ<hb=008CV,0*47
\s:66,c:1782377492*49\!AIVDM,1,1,,B,33F??R5000OH9:RH;BHB12nv0Dqr,0*35
\s:66,c:1782377491*4A\!AIVDM,1,1,,B,13aQe7@02F0W=O4Np@<l03=60HB7,0*4B
\s:66,c:1782377493*48\!AIVDM,1,1,,B,13EjiRSP0JP<7KBFEW4mp?w02<1q,0*53
\s:66,c:1782377494*4F\!AIVDM,1,1,,A,15NH7eP000o@7>FE`v=>45I42D1C,0*5E
\s:66,c:1782377493*48\!AIVDM,1,1,,B,403Oteivad`kPqO;opAHTrw0253<,0*77
\s:66,c:1782377465*41\!AIVDM,1,1,,A,16:=>I001Q`Mps@F;NRcVI880<2h,0*14
\g:1-2-5198548,s:66,c:1782377278*05\!AIVDM,2,1,8,B,56:=>I8000008Q12221PTq@4T@62222222222216@`I<;5dk0<U2@C`2,0*46
\g:2-2-5198548*61\!AIVDM,2,2,8,B,RC`888888888880,2*66
\s:66,c:1782377490*4B\!AIVDM,1,1,,A,170dWB000<SQ@dl@=OR5w5>v2@Af,0*2D
\s:66,c:1782377495*4E\!AIVDM,1,1,,B,33dkhh50002>3FqfqhKKGnC80DUr,0*59
\s:66,c:1782377495*4E\!AIVDM,1,1,,B,28TBhV0PB87b7k@5nsMUu4m60L2U,0*65
\s:66,c:1782377490*4B\!AIVDM,1,1,,A,1:U73L8=@:M9<RqkmSA2P1dr0000,0*75
\s:66,c:1782377488*42\!AIVDM,1,1,,B,16:eCHhP00`e8chAthKf4?vr28AJ,0*06
\s:66,c:1782377489*43\!AIVDM,1,1,,A,36:7?A00078dvsrAs@7@e5pp01tP,0*0C
\s:66,c:1782377495*4E\!AIVDM,1,1,,A,13aQe7@02F0W=aRNp@0T03=B0D<0,0*35
\s:66,c:1782377491*4A\!AIVDM,1,1,,A,35Uw@D300s0tHcfV<;uPt0Wp0000,0*58
\s:66,c:1782377495*4E\!AIVDM,1,1,,A,13ku<6@0jl;kqdTJV;>C5jO80D01,0*50
\s:66,c:1782377495*4E\!AIVDM,1,1,,B,13aDrthP000CER0MO8Ov4?w6053<,0*2B
\s:66,c:1782377496*4D\!AIVDM,1,1,,A,38I8<;50002=s`Gfqi1HnVA:0DaJ,0*1E
\s:66,c:1782377496*4D\!AIVDM,1,1,,A,16K2JBh021awcwbD43S0J0DD0<3s,0*7D
\s:66,c:1782377497*4C\!AIVDM,1,1,,A,16SsvK?000a=Q;PD4Uh3Dja2253<,0*5E
\s:66,c:1782377496*4D\!AIVDM,1,1,,A,16KVrP0000ajST`D4dwSU6C:0@EC,0*2E
\s:66,c:1782377497*4C\!AIVDM,1,1,,B,19NSHfP01ePI7r4ESHlCI2g40HEh,0*4E
\s:66,c:1782377498*43\!AIVDM,1,1,,A,15OF0aP000re;v2GB?8sw6k60@ES,0*79
\s:66,c:1782377487*4D\!AIVDM,1,1,,B,B5NG76P00EkPiK70RRta3weUt000,0*74
\s:66,c:1782377487*4D\!AIVDM,1,1,,B,17mLI@0P017Kg2@0``3f4?vn2<3T,0*1C
\s:66,c:1782377489*43\!AIVDM,1,1,,A,16:4K>WP0088970=1pl;T?vp0<00,0*29
\s:66,c:1782377487*4D\!AIVDM,1,1,,B,B3`ddS00085lk97Wt6=tswe5oP06,0*62
\s:66,c:1782377486*4C\!AIVDM,1,1,,B,1815G7h00sPJA`JNc@IRlj@p0<2F,0*0A
\s:66,c:1782377487*4D\!AIVDM,1,1,,B,19NSU5@0R47Lu5T0g:9J7H4j08?h,0*49
\s:66,c:1782377486*4C\!AIVDM,1,1,,A,4>jQMS1vad`kIOB>>JMS:7o00@?@,0*0D
\s:66,c:1782377485*4F\!AIVDM,1,1,,A,13n53i0011PfAC<Te7LPphhf00St,0*06
\s:66,c:1782377487*4D\!AIVDM,1,1,,A,34QsFJP00PK75><6tRfT93Mp0000,0*51
\s:66,c:1782377485*4F\!AIVDM,1,1,,B,3Jp;fliP00Jaj9@6AD@N4?v`0P=@,0*21
\s:66,c:1782377485*4F\!AIVDM,1,1,,B,13@oAROrP4P=1VPN8as1sj>h0H>W,0*13
\s:66,c:1782377492*49\!AIVDM,1,1,,B,1815Mw0wPM1CAmSdUeo1l1Dh0<1J,0*49
\s:66,c:1782377487*4D\!AIVDM,1,1,,B,13aGtM@P000G<gJMtEK@0?vn0<2W,0*47
\s:66,c:1782377493*48\!AIVDM,1,1,,B,18I>R2002``mh5L@poMmulg20@CC,0*36
\s:66,c:1782377487*4D\!AIVDM,1,1,,A,33iAqh3Ohgwu`dpLPVHGUEnj00uh,0*5E
\s:66,c:1782377488*42\!AIVDM,1,1,,B,139EaO00000oF6BNuPq9KQpn08@`,0*17
\s:66,c:1782377489*43\!AIVDM,1,1,,B,28LHJF50007akb064jcBcJ2n0@@M,0*0C
\s:66,c:1782377494*4F\!AIVDM,1,1,,B,19NSeUh1A0PEnH6Mwro3t3=00D:<,0*01
\s:66,c:1782377488*42\!AIVDM,1,1,,B,D03t>wQWPNfp00N000,4*2B
\s:66,c:1782377456*41\!AIVDM,1,1,,A,36;SSD5001`KVg>EsboUhWOb0000,0*00
\s:66,c:1782377494*4F\!AIVDM,1,1,,B,1341BL001e8mHQh@augG`F1V08D4,0*11
\s:66,c:1782377488*42\!AIVDM,1,1,,A,1775De05B9We5Ed:AtV<g:Jp0@@E,0*2C
\s:66,c:1782377489*43\!AIVDM,1,1,,A,13ku:eh01K0E>frE<WVT`3hn0<2L,0*13
\s:66,c:1782377490*4B\!AIVDM,1,1,,A,33WDmH?OiQOUOSbDNcRaiWrr0Qg0,0*6E
\s:66,c:1782377492*49\!AIVDM,1,1,,B,404pkRQvad`kOdVHd9bMjJk020S:,0*22
\s:66,c:1782377491*4A\!AIVDM,1,1,,B,16:ds`0P2:`gOjPAa7bP5Ovt08Au,0*14
\s:66,c:1782377492*49\!AIVDM,1,1,,B,18I6Co0P113Sel8?vCD<>gvrP@BV,0*65
\s:66,c:1782377493*48\!AIVDM,1,1,,B,16Shf>PP01a=QbJD4UfH8gw02<4c,0*2F
\s:66,c:1782377494*4F\!AIVDM,1,1,,B,148d;p0vjdP?DFPMiVr:U8Pv8@Cs,0*7B
\s:66,c:1782377491*4A\!AIVDM,1,1,,B,H3mAqD058f1@Jo6lh8000000000,2*70
\s:66,c:1782377491*4A\!AIVDM,1,1,,A,H3mAqD4NC=D6DJQ<=jkpp00H6210,0*20
\s:66,c:1782377494*4F\!AIVDM,1,1,,A,13ku:1002K8n7KV@bmw8G6a400S2,0*71
\s:66,c:1782377491*4A\!AIVDM,1,1,,B,13aI9wpP0f0Gps`NQpeop?vv00SK,0*11
\s:66,c:1782377494*4F\!AIVDM,1,1,,A,13Vc7n00Ql6A<Tp3EfCJE8Fn0<0>,0*54
\s:66,c:1782377494*4F\!AIVDM,1,1,,A,14hOuC001TrLWvR>k5Ol0SA00D0:,0*35
\s:66,c:1782377497*4C\!AIVDM,1,1,,A,13@njlG0000jt2FPk;dAGJ7p0hEb,0*31
\s:66,c:1782377467*43\!AIVDM,1,1,,A,1815KBP0253K9Hkic>eI4oKb0<0:,0*4B
\s:66,c:1782377492*49\!AIVDM,1,1,,A,B3mAqD000HOBDw:9R6RKgwgUoP06,0*6D
\s:66,c:1782377492*49\!AIVDM,1,1,,A,B3Hc@i00=P05lP77WHR5?wgUkP06,0*3E
\s:66,c:1782377492*49\!AIVDM,1,1,,A,169r?`3PAb8g<ldAtbw0104r0<2h,0*1F
\s:66,c:1782377490*4B\!AIVDM,1,1,,B,13oWb0000014vgpWKS?rjC`t0<1S,0*78
\s:66,c:1782377496*4D\!AIVDM,1,1,,B,28LHJF50007akb264jcBcJ320@Cv,0*6B
\s:66,c:1782377493*48\!AIVDM,1,1,,B,403t>wQuJl`kO8bm>`?kdHG000S:,0*66
\s:66,c:1782377498*43\!AIVDM,1,1,,A,33`gfREP000F3t0N1MjN4?w60JPP,0*27
\s:66,c:1782377498*43\!AIVDM,1,1,,B,13aC3D@P17PFII@MvfvLu?w:253<,0*5A
\s:66,c:1782377487*4D\!AIVDM,1,1,,B,13o15@001s0:SBhMPOm1T1@n0<4r,0*32
\s:66,c:1782377485*4F\!AIVDM,1,1,,A,13MAc6HP09n5=gcr0fnFc2dl0000,0*5B
\s:66,c:1782377487*4D\!AIVDM,1,1,,B,13mDkT001`rBCUt5KMqq27<p28@2,0*30
\s:66,c:1782377486*4C\!AIVDM,1,1,,A,15?ddJP003OufJ>Esaj2pa@j0<2v,0*60
\s:66,c:1782377482*48\!AIVDM,1,1,,A,402Pe<Qvad`kEOJ8hbGI6Ri000S:,0*18
\s:66,c:1782377482*48\!AIVDM,1,1,,A,D02Pe<QMdTfqKPl9H0,4*60
\s:66,c:1782377486*4C\!AIVDM,1,1,,A,13aO@gh004P9MD6NHrVosQHj853<,0*68
\s:66,c:1782377482*48\!AIVDM,1,1,,B,13`dg?PP00PF;lvMwf3@0?vh20Rv,0*54
\s:66,c:1782377488*42\!AIVDM,1,1,,A,16K9NP001s0P5kJGm:LQeiHn0@@r,0*1E
\s:66,c:1782377490*4B\!AIVDM,1,1,,B,13@ou8WP00PhMKNQ1Vgc?wvv2D2@,0*4C
\s:66,c:1782377481*4B\!AIVDM,1,1,,B,13e`WT001`wStB4Nro7E6D4T053<,0*6F
\s:66,c:1782377487*4D\!AIVDM,1,1,,A,ENmWA;f9T4`@;a2QUh9T:W@0W@<ClVkl5rG2P00003v002CQh00,2*3E
\s:66,c:1782377480*4A\!AIVDM,1,1,,B,13`n><0000PHukDNKEVirRhR0@;g,0*20
\s:66,c:1782377488*42\!AIVDM,1,1,,B,16:BVuPP1R`fo8LAiA6DAgvp2@@O,0*41
\s:66,c:1782377488*42\!AIVDM,1,1,,A,18;0fd01@0``8J68DlreJB<n2@@?,0*43
\s:66,c:1782377481*4B\!AIVDM,1,1,,,H5O3DB4TB4C0000G4;qmkl185520,0*6D
\s:66,c:1782377488*42\!AIVDM,1,1,,,B7OfKAP00bb;bdM6NCSHOweUoP06,0*00
\s:66,c:1782377491*4A\!AIVDM,1,1,,A,15MuLa?P00rB1IhBk6UN4?vv28BS,0*6C
\s:66,c:1782377486*4C\!AIVDM,1,1,,B,19TH18P00214Rg2Dmpi2Dq6j0@?m,0*11
\s:66,c:1782377485*4F\!AIVDM,1,1,,B,B53eB@0006TI7kSlTogQ3wdQj@a:,0*73
\s:66,c:1782377487*4D\!AIVDM,1,1,,A,H5N`wNPE5D5@Ttp000000000000,2*0F
\s:66,c:1782377487*4D\!AIVDM,1,1,,A,H5N`wNTU0000000G48qqlp30:240,0*25
\s:66,c:1782377487*4D\!AIVDM,1,1,,B,B3aBKGP0085vIT7`SjWKgweUoP06,0*26
\s:66,c:1782377486*4C\!AIVDM,1,1,,A,38157sm000G=:HJL=7d4Ea3p0000,0*03
\s:66,c:1782377486*4C\!AIVDM,1,1,,B,139fvigP000WLkpNK1S;cww42<1W,0*03
\s:66,c:1782377487*4D\!AIVDM,1,1,,A,1815U8002PJc1QT6d7ajDAnj0<0k,0*01
\s:66,c:1782377488*42\!AIVDM,1,1,,A,16:LdD02iT8jalhCUUl=rK<l00Rl,0*3A
\s:66,c:1782377488*42\!AIVDM,1,1,,A,13M@FaPP01OqGEFOMoQVIgvr2H@S,0*5C
\s:66,c:1782377484*4E\!AIVDM,1,1,,A,33P=pK@Oh407SMdMJPa<M6Nh013P,0*6B
\s:66,c:1782377485*4F\!AIVDM,1,1,,B,19C7>2011U8o;k0BpFLG;5Vj053<,0*40
\s:66,c:1782377488*42\!AIVDM,1,1,,A,B3`eQo00BH5Gc27THIIi?wf5oP06,0*25
\s:66,c:1782377489*43\!AIVDM,1,1,,A,1:U8TvP00iLrJDAjrUf;SIDr00Rj,0*2E
\s:66,c:1782377490*4B\!AIVDM,1,1,,A,33aDCVE000PBmb`MflnRwkPnRDbb,0*51
\s:66,c:1782377491*4A\!AIVDM,1,1,,A,25RO0h10017b:Gh5mKG52`:r0@Aq,0*1F
\s:66,c:1782377485*4F\!AIVDM,1,1,,A,13oV@:5P1cQ5Pc:WT0002wvh0@?2,0*28
\s:66,c:1782377486*4C\!AIVDM,1,1,,A,16Sj=P001l`<42l<mwBm744l00Ro,0*71
\s:66,c:1782377488*42\!AIVDM,1,1,,A,1815W2001H0TA?jF1biCHjTr0D7K,0*74
\s:66,c:1782377486*4C\!AIVDM,1,1,,B,4P5qoVh000HttOT8;02mFmW00h?:,0*4A
\s:66,c:1782377484*4E\!AIVDM,1,1,,B,13m9h@WvP00usd0Vts<5mmRd00Se,0*20
\g:1-2-5198549,s:66,c:1782377489*0C\!AIVDM,2,1,9,B,53Iq:`82H?nDHqQR220<l60<Ln10EA8622222217=RT@K5n;0KPkVE3`,0*33
\g:2-2-5198549*60\!AIVDM,2,2,9,B,?`5Dk0F88888880,2*25
\s:66,c:1782377483*49\!AIVDM,1,1,,A,16:`CI0P13`dDf@ApOM<JOvh2D9i,0*47
\s:66,c:1782377491*4A\!AIVDM,1,1,,B,H69GWfQ@TF0`T4r1@tpN3340000,2*58
\s:66,c:1782377442*44\!AIVDM,1,1,,A,H69GWfTU00000000000000000000,0*16
\s:66,c:1782377487*4D\!AIVDM,1,1,,A,13s=qI5P1?wGoNNGWvN6@gvrR<11,0*35
\s:66,c:1782377489*43\!AIVDM,1,1,,B,17log<LP067aANEtPHHW`wvp0@AK,0*65
\s:66,c:1782377490*4B\!AIVDM,1,1,,B,E>mo`7<VQVIsH?qKpnSP0000000A74`boLwp`00000fh00,4*02
\s:66,c:1782377489*43\!AIVDM,1,1,,A,18;1HO8P0t`Uvs08I@QEHOvp2<7B,0*51
\s:66,c:1782377489*43\!AIVDM,1,1,,B,142O@DP1Al4JF84<Cm8mA4Hn0@A6,0*32
\s:66,c:1782377489*43\!AIVDM,1,1,,A,26Ka9n50009itK2Cw6J2B5Vn053<,0*38
\s:66,c:1782377489*43\!AIVDM,1,1,,A,83aL>Khj2d<d<=fLf@G8D@OU0000,0*15
\s:66,c:1782377489*43\!AIVDM,1,1,,,13Jlhd002D65ujR3;egbFHBp0000,0*23
\s:66,c:1782377490*4B\!AIVDM,1,1,,A,B7mF=T@00:6;nDOpP92>kwP4kP06,0*53
\s:66,c:1782377491*4A\!AIVDM,1,1,,A,469vCAivad`kN8Q5ppF<:`700@0D,0*49
\s:66,c:1782377491*4A\!AIVDM,1,1,,B,15`I?r0P00sVKJR65oB>4?vt28B>,0*3C
\s:66,c:1782377490*4B\!AIVDM,1,1,,,13Iq:`02078;5Gl<rTfH4DFp0000,0*6D
\s:66,c:1782377492*49\!AIVDM,1,1,,A,35AjiT0t@900p>l35FC<R8Fv01V0,0*2B
\s:66,c:1782377489*43\!AIVDM,1,1,,A,169pktP001`PGADFFn4<Sibr2D7p,0*19
\s:66,c:1782377488*42\!AIVDM,1,1,,B,DP5qoViGpN?b<`O6D0,4*54
\s:66,c:1782377494*4F\!AIVDM,1,1,,,13Iq:`02@78;5Gf<rTd`2lG00000,0*52
\s:66,c:1782377489*43\!AIVDM,1,1,,A,177UER001gwWUAbDWAL9sovr00RP,0*68
\s:66,c:1782377487*4D\!AIVDM,1,1,,A,D02IPOiMdffp,0*06
\s:66,c:1782377494*4F\!AIVDM,1,1,,B,37P1hv0Oin:l;ekd`IS4<CM401qP,0*49
\s:66,c:1782377490*4B\!AIVDM,1,1,,A,17P1hv0Oir:l;VQd`Iil?kJt053<,0*79
\s:66,c:1782377494*4F\!AIVDM,1,1,,B,39NSqc12048jts>A1sL0<Bhv0Dt:,0*69
\s:66,c:1782377493*48\!AIVDM,1,1,,B,1815U8002PJc1`t6d8<RD1nv0@CL,0*3D
\s:66,c:1782377494*4F\!AIVDM,1,1,,A,C6:M4JP00B;l;L4Mor:9Gwv0J:Bjb;eh000000000000e1L:220P,0*37
\s:66,c:1782377488*42\!AIVDM,1,1,,B,177:EJ00358cm7t?VVcGunBp00S=,0*0E
\s:66,c:1782377494*4F\!AIVDM,1,1,,B,169GG?UP02`9H=4<njq:lgvj28D7,0*26
\s:66,c:1782377494*4F\!AIVDM,1,1,,B,139fviPP0<PWLlRNK1=P?Ow42<1O,0*04
\s:66,c:1782377492*49\!AIVDM,1,1,,A,14a`e<30003P7Bp@BJQI1lc20HBv,0*0E
\s:66,c:1782377495*4E\!AIVDM,1,1,,A,16:JgKP01a8i4dP@tlM:@pBj053<,0*21
\s:66,c:1782377494*4F\!AIVDM,1,1,,A,13m9h@Wv000usd0Vts<4b5S200SM,0*6A
\s:66,c:1782377496*4D\!AIVDM,1,1,,A,35AjiT020800p>`35FDtP`G606Wk,0*19
\s:66,c:1782377496*4D\!AIVDM,1,1,,A,13aGD4PP00PEt7vN2IK8K?w6253<,0*29
\s:66,c:1782377496*4D\!AIVDM,1,1,,A,1815S@h01h2vmaQgKgrjSj5:0@EO,0*3F
\s:66,c:1782377492*49\!AIVDM,1,1,,A,33uAp200000rmO:PJt3RnRCp0000,0*0A
\g:1-2-5198550,s:66,c:1782377492*0E\!AIVDM,2,1,0,A,59C7>242BgwhE@`b220`TL`TL622222222222216Bh@:A5t:0I12RR@`,0*6B
\g:2-2-5198550*68\!AIVDM,2,2,0,A,888888888888880,2*24
\s:66,c:1782377495*4E\!AIVDM,1,1,,A,18HwWF000AJRpNv629>JIlK400Rr,0*13
\s:66,c:1782377496*4D\!AIVDM,1,1,,B,B3m7Gp00B`6V=Q`rftt4OwQ5oP06,0*32
\s:66,c:1782377494*4F\!AIVDM,1,1,,A,146jRf0P0`NgQF>;JoR5V?vv0`D4,0*4B
\s:66,c:1782377491*4A\!AIVDM,1,1,,A,13kuaL002m1aIhVR<RvEMDF00000,0*1F
\s:66,c:1782377492*49\!AIVDM,1,1,,B,14`V0ih023wni62LNbv1WAO028C:,0*5F
\s:66,c:1782377480*4A\!AIVDM,1,1,,B,13MCBo@01r2hl<1g7OrIRWRV053<,0*23
\s:66,c:1782377320*47\!AIVDM,1,1,,B,33MCBo@1is2hnucg7aFqPGS>00<Q,0*5E
\s:66,c:1782377491*4A\!AIVDM,1,1,,B,13l3n<S001PKm70Ns=;QMiBt0HBU,0*2E
\s:66,c:1782377493*48\!AIVDM,1,1,,A,13M@ENh000wdn8dLm78U4ERv08CM,0*73
\s:66,c:1782377492*49\!AIVDM,1,1,,A,17Oe5fPP00:lEUgjGIBLv?vv253<,0*53
\s:66,c:1782377488*42\!AIVDM,1,1,,B,15DO4r002?8lsg0@mTBHA6Rr08@g,0*1A
\s:66,c:1782377489*43\!AIVDM,1,1,,A,13ku7C00Bk3o;KKlpH?8m76n08@u,0*6C
\s:66,c:1782377486*4C\!AIVDM,1,1,,B,13u?dRP0h01AdVfQrTc>49Jl08?d,0*15
\s:66,c:1782377487*4D\!AIVDM,1,1,,A,33@efR100146v=wlN@`L=jdp0Dtb,0*66
\s:66,c:1782377488*42\!AIVDM,1,1,,A,133hBqPP00P:HRVM<iON4?vn20RI,0*79
\s:66,c:1782377486*4C\!AIVDM,1,1,,,B7Ofv2P00jB:7pMswuJ13wc5mP06,0*14
\s:66,c:1782377484*4E\!AIVDM,1,1,,,B5O3h8P00>`nU46;ofF7kwd5oP06,0*3C
\s:66,c:1782377487*4D\!AIVDM,1,1,,B,152PHH001QGPc>bCD;Dlc3Vn0D3=,0*0D
\s:66,c:1782377451*46\!AIVDM,1,1,,A,39NS@O1000M4cGmkOleU05eT0000,0*43
\s:66,c:1782377487*4D\!AIVDM,1,1,,A,13mSGV0P000FD62SEpLt@Ovp2H@0,0*00
\s:66,c:1782377486*4C\!AIVDM,1,1,,B,33bmVR0P@80IL:<N6BqqsrRl01f0,0*57
\s:66,c:1782377488*42\!AIVDM,1,1,,B,19pGs87P01vh=?d8If:v4?vp20Re,0*2C
\s:66,c:1782377485*4F\!AIVDM,1,1,,B,B3cUk@P0;HGhgHUO5sAaeN<0t000,0*45
\s:66,c:1782377486*4C\!AIVDM,1,1,,B,13HWWp?P0b07TprNt4nsdgvl053<,0*73
\s:66,c:1782377485*4F\!AIVDM,1,1,,A,13aQf4P0000WqkbNIN9@W@`j08?:,0*19
\s:66,c:1782377485*4F\!AIVDM,1,1,,A,15OAuo0000oWetbBeG2=sR4f0000,0*61
\s:66,c:1782377487*4D\!AIVDM,1,1,,A,13m7L632@02<pL0BHw48nr0l0H?c,0*62
\s:66,c:1782377483*49\!AIVDM,1,1,,A,177h<4001t7U`PAwlefUw4db0<0=,0*28
\s:66,c:1782377489*43\!AIVDM,1,1,,B,15O4RcPPAEI=1bd@tL;kKjbp08AC,0*3D
\s:66,c:1782377488*42\!AIVDM,1,1,,B,13;5H201BKP4UV6OBv3l2CFlH<5K,0*7F
\s:66,c:1782377485*4F\!AIVDM,1,1,,B,18InnP000<7UTdiwc4B;q7@h00S@,0*26
\s:66,c:1782377492*49\!AIVDM,1,1,,B,34cM6mi001`:>kP<cqlQSURv0lVJ,0*21
\s:66,c:1782377492*49\!AIVDM,1,1,,A,18I=;e0002rhaTAc3S=H8DS0053<,0*0A
\s:66,c:1782377487*4D\!AIVDM,1,1,,A,181536h0032OKa:@gt@9MlE`0U2l,0*0D
\s:66,c:1782377489*43\!AIVDM,1,1,,A,19NS;Ah01nP8`FLEPOkqToTp0d4f,0*15
\s:66,c:1782377492*49\!AIVDM,1,1,,B,18I;Li0w@a`k=2vA8p6GTm`f0HBM,0*5F
\s:66,c:1782377486*4C\!AIVDM,1,1,,A,B7Om;9P005JRVHuTj9P000N00000,0*7C
\s:66,c:1782377492*49\!AIVDM,1,1,,A,B8Sjd7P0=IrL;FQPIDA;?wf6SP06,0*0A
\s:66,c:1782377492*49\!AIVDM,1,1,,B,15OHme0011re3JpGAOpjbj;20<4F,0*1C
\s:66,c:1782377486*4C\!AIVDM,1,1,,B,C005Tb002iv:rk2F5:rSj3N0Rbk1WQaJ62cJ=UckQ;100000002P,0*15
\s:66,c:1782377485*4F\!AIVDM,1,1,,B,13uB:S0P00147SFQLII9n?vj28>W,0*34
\s:66,c:1782377492*49\!AIVDM,1,1,,A,B8u?TC0000E7:JK9NmRHqr053P06,0*2B
\s:66,c:1782377490*4B\!AIVDM,1,1,,B,4h2E351vad`kNPEpj:NCVJO028Ah,0*77
\s:66,c:1782377493*48\!AIVDM,1,1,,B,B3I;VuP0=wt7mA6lGTI?<vhT@000,0*79
\s:66,c:1782377490*4B\!AIVDM,1,1,,A,3CgU0q0PAWNF=QjUkNlB1A:r0022,0*3B
\s:66,c:1782377492*49\!AIVDM,1,1,,A,H3mltw1HTe@u8T621BoC2m@f220,2*5E
\s:66,c:1782377492*49\!AIVDM,1,1,,A,H3mltw4N1=30000<6Pnlqh0`5220,0*0E
\s:66,c:1782377495*4E\!AIVDM,1,1,,A,15DO4r002?8lsbp@mSN`>6S600S2,0*0B
\s:66,c:1782377489*43\!AIVDM,1,1,,B,13m68MS0?w<tSF0l4Q@>41ev0pAL,0*63
\s:66,c:1782377492*49\!AIVDM,1,1,,B,23l3p1m000WarWR63>ikq16t0@BO,0*60
\s:66,c:1782377492*49\!AIVDM,1,1,,A,35O4RcPPAEI=1eB@tL=3H2Vv029P,0*4B
\s:66,c:1782377489*43\!AIVDM,1,1,,B,ENl5o<NQS2@97bb2h77ph@@@@@@D?>Jc;6ub@00003r010,4*14
\s:66,c:1782377493*48\!AIVDM,1,1,,A,16Sgh`8P009=;VLCutd=9gw008C9,0*20
\s:66,c:1782377493*48\!AIVDM,1,1,,B,13P:Kn0Oh2P1a04ML8lMkC?00<1k,0*20
\s:66,c:1782377488*42\!AIVDM,1,1,,A,13;5H201jIP4UkROBujD4CG08<5J,0*57
\s:66,c:1782377488*42\!AIVDM,1,1,,,B5O3h8P00>`nU46;ofF7kwf5oP06,0*3E
\s:66,c:1782377483*49\!AIVDM,1,1,,B,37liaRpP@:7i?:1tI?G8l9pf00q@,0*28
\s:66,c:1782377486*4C\!AIVDM,1,1,,B,B3HOrh00?`IpinUMjD?2vQP7t000,0*17
\s:66,c:1782377485*4F\!AIVDM,1,1,,A,17liaRpP@;7i?9ktI?E`c9ll0<0@,0*7F
\s:66,c:1782377486*4C\!AIVDM,1,1,,A,1qNSP<001bOwWC6Eg0=i3Pth0000,0*67
\g:1-2-5198551,s:66,c:1782377491*0C\!AIVDM,2,1,1,A,569GL5T000000000001T4r1@T4r1ADv37J22220l1pD28uFc0:6@CU2@,0*23
\g:2-2-5198551*69\!AIVDM,2,2,1,A,C`8888888888880,2*06
\s:66,c:1782377488*42\!AIVDM,1,1,,B,14eGu;0000nr?6NLtgOtc3fj0H@O,0*58
\s:66,c:1782377489*43\!AIVDM,1,1,,B,13W<2p3t00wVekrDQt3N47Pp2@@u,0*6C
\s:66,c:1782377491*4A\!AIVDM,1,1,,B,H6:eMSiUEPTpQDw7SKSL0000000,2*77
\s:66,c:1782377491*4A\!AIVDM,1,1,,B,H6:eMSmJ0000000khhp0003PL554,0*3D
\s:66,c:1782377493*48\!AIVDM,1,1,,A,13@o5G@P000h63:PqK5bIOw20@CD,0*07
\s:66,c:1782377490*4B\!AIVDM,1,1,,A,19lenb00001DJGAdVGV97o4t0D27,0*61
\s:66,c:1782377490*4B\!AIVDM,1,1,,A,19NSl40w0;2kA4p<BUgi7s<p0l63,0*0F
\s:66,c:1782377487*4D\!AIVDM,1,1,,A,338Jmv50020n16dQ?0bjA1sp0000,0*50
\s:66,c:1782377485*4F\!AIVDM,1,1,,B,19Hl=TP01?PHi5JShM5`jFvb0H>u,0*28
\s:66,c:1782377490*4B\!AIVDM,1,1,,B,D028jIiBlN?b<`O6Eu4O6D0,2*02
\s:66,c:1782377492*49\!AIVDM,1,1,,B,28SJth2P00Wb:U65tU?a0ww00D4V,0*78
\s:66,c:1782377486*4C\!AIVDM,1,1,,A,35NB?sPOQCJB5g6Bm<AqW7ap0000,0*53
\s:66,c:1782377492*49\!AIVDM,1,1,,B,15N7G;0000G?w2hE`VUDKnA20@C`,0*16
\s:66,c:1782377491*4A\!AIVDM,1,1,,A,H3KQ=i1<484@t00000000000000,2*10
\s:66,c:1782377491*4A\!AIVDM,1,1,,A,33uEtsP00u0jMIrQdno1f1Cp0000,0*79
\s:66,c:1782377489*43\!AIVDM,1,1,,A,14`Uvu0wiPP7hQbO2q<D@CLn0@@l,0*5E
\s:66,c:1782377494*4F\!AIVDM,1,1,,A,18K@=@00020`7V@I>twCOpG2053<,0*5D
\s:66,c:1782377490*4B\!AIVDM,1,1,,B,1815HIP022P38uFE>fOr0Wtb053<,0*7A
\s:66,c:1782377489*43\!AIVDM,1,1,,A,144@@j0000wrsOdM4Pqh05dn053<,0*15
\s:66,c:1782377488*42\!AIVDM,1,1,,B,168sTE`P008MlOPFEe9Qpgvn00S0,0*2C
\s:66,c:1782377494*4F\!AIVDM,1,1,,B,19NSpeP008rBGE45Lf1JUb7200SN,0*00
\s:66,c:1782377491*4A\!AIVDM,1,1,,A,17Ojl;003Bbkt4Ad``15a4Nr20S9,0*4A
\s:66,c:1782377494*4F\!AIVDM,1,1,,B,13l9GL001p8WegB>dhw1M1A00D0k,0*41
\s:66,c:1782377494*4F\!AIVDM,1,1,,B,13q7bR001`PgfW0O<OB2NR120pCp,0*16
\g:1-2-5198552,s:66,c:1782377495*0B\!AIVDM,2,1,2,A,5ETWS2000000Pw;CW:10ThuB0pv3:2222222220j0`722000000`<`0@,0*41
\g:2-2-5198552*6A\!AIVDM,2,2,2,A,000000000000000,2*26
\s:66,c:1782377494*4F\!AIVDM,1,1,,A,33Va:n002V1KKW2FbKMDs3wp0000,0*54
\s:66,c:1782377494*4F\!AIVDM,1,1,,A,169GL5P01J8;RM`<qKPlL3Q628D4,0*19
\s:66,c:1782377491*4A\!AIVDM,1,1,,A,33o2TO0uh00uR;RV>6Hn69Sp0000,0*57
\g:1-2-5198553,s:66,c:1782377496*09\!AIVDM,2,1,3,B,59NSLBT2A52TCDloJ20p5HTu>05=@E:222222216O0d@M5hQ0E4ip4jC,0*4D
\g:2-2-5198553*6B\!AIVDM,2,2,3,B,`88888888888880,2*7C
\s:66,c:1782377497*4C\!AIVDM,1,1,,B,15NGedP000rd64@G<a>qmhG:0@Ef,0*63
\s:66,c:1782377495*4E\!AIVDM,1,1,,B,B39P@gP0:023Gq7Bjpjq3wiQjFrs,0*62
\s:66,c:1782377496*4D\!AIVDM,1,1,,A,13l8Tb000IOdkKvDgRj42Uw5p53<,0*02
\s:66,c:1782377495*4E\!AIVDM,1,1,,A,17Ojl;003Abkt;1d`W75QDI428D=,0*1D
\s:66,c:1782377492*49\!AIVDM,1,1,,B,B3cu5JP0q@:N7d5rmGuE3wh1h000,0*53
\s:66,c:1782377495*4E\!AIVDM,1,1,,A,13l3n@001N0qE5pE=m;ro8g200S<,0*5A
\s:66,c:1782377494*4F\!AIVDM,1,1,,A,15NB?sPOiDrB5`vBm;w9goi60@D=,0*47
\s:66,c:1782377494*4F\!AIVDM,1,1,,A,35NB?sPOQCJB5`hBm<09fWip0000,0*6A
\s:66,c:1782377497*4C\!AIVDM,1,1,,A,36:EwcQP008cAp8FV:a@Cww62000,0*67
\s:66,c:1782377491*4A\!AIVDM,1,1,,A,33uIKKPOiB0n;INQA1uccagp0000,0*6E
\s:66,c:1782377493*48\!AIVDM,1,1,,B,404k11Avad`kP:kOcwjJfro00D1b,0*51
\s:66,c:1782377492*49\!AIVDM,1,1,,,13lq68001nJB?sF?B:p77Ee08000,0*04
\s:66,c:1782377487*4D\!AIVDM,1,1,,A,169nrMwP008JjvJFD<sGIOvl0L8e,0*7D
\s:66,c:1782377486*4C\!AIVDM,1,1,,B,H39KaN4TCBD73Pn43mlmk00h6130,0*70
\s:66,c:1782377490*4B\!AIVDM,1,1,,A,1815VI@022q?lOj@0140;@4H053<,0*0B
\s:66,c:1782377483*49\!AIVDM,1,1,,A,139pBL001N0oU@POIbfUiDlh0<0u,0*31
\s:66,c:1782377490*4B\!AIVDM,1,1,,B,E1LVVu0cHKP0000000000000000>h0h8uVLA800000g030,4*28
\s:66,c:1782377484*4E\!AIVDM,1,1,,B,13J=cQ0019P9cSBM;UG5G4`f2<0l,0*07
\s:66,c:1782377487*4D\!AIVDM,1,1,,B,ENk`vKGJ@@@@@@@@@@@@@@@@@@@=8SKb7iM1000003vP000,2*1F
\s:66,c:1782377486*4C\!AIVDM,1,1,,B,13P;lSwP@FOrsifM4d3l6Rrd08?`,0*74
\s:66,c:1782377490*4B\!AIVDM,1,1,,A,39NWwUhPAwvg0m8;rT77CU`l00JP,0*70
\s:66,c:1782377487*4D\!AIVDM,1,1,,B,18KW660OhH7L3GN0gkkBbS4n0D:s,0*6D
\s:66,c:1782377487*4D\!AIVDM,1,1,,B,169CL9POiP`fiEPA2nqk<jRl0<00,0*12
\s:66,c:1782377490*4B\!AIVDM,1,1,,B,1917=<PP000OWV0E6pnE=?vt2<0a,0*13
\s:66,c:1782377489*43\!AIVDM,1,1,,A,1p:q5?002j8W4kT7=<e=frvj0000,0*7C
\s:66,c:1782377491*4A\!AIVDM,1,1,,B,D03t:I@GhNfpJpNfp0,4*04
\s:66,c:1782377489*43\!AIVDM,1,1,,A,D02:p9AEhNfr<`O6D0,4*70
\s:66,c:1782377490*4B\!AIVDM,1,1,,A,B7mFB>@009rDsTO8:<o1owfRTD<c,0*20
\s:66,c:1782377490*4B\!AIVDM,1,1,,B,15VA`60000wQe<@2eNHaI7fv2<0=,0*02
\s:66,c:1782377491*4A\!AIVDM,1,1,,A,18Kvel00?w7K0mj0fNdN43lv0@B9,0*3C
\s:66,c:1782377491*4A\!AIVDM,1,1,,B,33ioOP0OibPe6lBI=seMHrTt0290,0*5B
\s:66,c:1782377491*4A\!AIVDM,1,1,,B,13`e9k@001PGpR4NQvq1Onfv08BD,0*16
\s:66,c:1782377492*49\!AIVDM,1,1,,A,7@001TCfAlrH,0*06
\s:66,c:1782377491*4A\!AIVDM,1,1,,B,13ku8`h02BwEVLVE5jN<Qavr08B=,0*1C
\s:66,c:1782377492*49\!AIVDM,1,1,,B,16Srvw4001a=QG0D4Ug2bBlv20R?,0*58
\s:66,c:1782377492*49\!AIVDM,1,1,,B,15`ISPhP00sVJC`65uO>4?w020Rg,0*03
\s:66,c:1782377486*4C\!AIVDM,1,1,,A,26K2geP01w9l4t4CoFras7rj08?S,0*1F
\s:66,c:1782377492*49\!AIVDM,1,1,,A,146gnn001RwMS;bJj<rH76Nv2<0T,0*54
\s:66,c:1782377491*4A\!AIVDM,1,1,,B,13ku0F002b41pFirpLcRU26t0D01,0*6A
\s:66,c:1782377488*42\!AIVDM,1,1,,A,B5O0fP000FL81dTF4KL000N00000,0*20
\s:66,c:1782377492*49\!AIVDM,1,1,,A,13aDrKh0000BDb`Mg7cN45I00@Bl,0*42
\s:66,c:1782377493*48\!AIVDM,1,1,,A,B5O0fP000VL81dTF4KL000N00000,0*30
\s:66,c:1782377492*49\!AIVDM,1,1,,B,13=w>T001aPK9PVNwDtb:8:t0@C?,0*58
\s:66,c:1782377488*42\!AIVDM,1,1,,A,4050KrP000Htt<tSF0l4Q@000p@T,0*46
\s:66,c:1782377490*4B\!AIVDM,1,1,,B,13aGtW@P03PBQiLMg4<iQOvr2<4a,0*5D
\s:66,c:1782377491*4A\!AIVDM,1,1,,A,369ETr001F8iA`LALSiWN5`t030i,0*67
\s:66,c:1782377489*43\!AIVDM,1,1,,,18L?H>001lP9b<:MFT1=r;0p0000,0*61
\s:66,c:1782377491*4A\!AIVDM,1,1,,B,19NSvt00217eQJ>3>M>0t0c0053<,0*15
\s:66,c:1782377492*49\!AIVDM,1,1,,A,169ETr01QE8iA`:ALScoHm`v0000,0*45
\s:66,c:1782377488*42\!AIVDM,1,1,,A,13El=40P00P6O7<F:OQ;2gvl00SW,0*54
\s:66,c:1782377493*48\!AIVDM,1,1,,A,39u:UrP01G7KQd80e16;oIg001u0,0*7F
\s:66,c:1782377489*43\!AIVDM,1,1,,B,19NShahwQE7>w>f1T3r4V3dp0D1f,0*56
\s:66,c:1782377492*49\!AIVDM,1,1,,A,4050KrP000Htt<tSF0l4Q@000pBr,0*62
\s:66,c:1782377489*43\!AIVDM,1,1,,A,155mQ0@P03SRj;t?wLalnwvn2@A5,0*22
\s:66,c:1782377492*49\!AIVDM,1,1,,A,1kc7fd50000Oag@NPS9af9L1uwww,0*23
\s:66,c:1782377493*48\!AIVDM,1,1,,A,13:mTD01QV0PNNNFCVWcEq0v00R<,0*30
\s:66,c:1782377493*48\!AIVDM,1,1,,B,19NSuOP01w7NuBt0wCAooF>v00SS,0*5D
\s:66,c:1782377494*4F\!AIVDM,1,1,,A,19NSG?h01q7WlqR2igdQEA340@Cr,0*37
\s:66,c:1782377495*4E\!AIVDM,1,1,,B,16:RAMPP008LMal=whm4iUO20<3h,0*1F
\s:66,c:1782377490*4B\!AIVDM,1,1,,B,403siO1vad`kM8NFfDFAeTw0053<,0*2A
\s:66,c:1782377494*4F\!AIVDM,1,1,,A,16=q?8@P005eSGd3vj5v4?w22hD2,0*54
\s:66,c:1782377494*4F\!AIVDM,1,1,,B,12vg6Eu000`agd>8Ew`B1QHt0<3F,0*30
\s:66,c:1782377490*4B\!AIVDM,1,1,,B,403t:IAvad`kM`N:9@EwmT7008Ab,0*2B
\s:66,c:1782377410*43\!AIVDM,1,1,,B,19NSU3Pw2PljLERNskmJWpOh00SV,0*3A
\s:66,c:1782377491*4A\!AIVDM,1,1,,B,18RB72P00>3OeCd@>STd8atv0D6=,0*50
\s:66,c:1782377495*4E\!AIVDM,1,1,,A,16:8B1S00V0U:rHE84OIh7q60HDU,0*0E
\s:66,c:1782377496*4D\!AIVDM,1,1,,A,13Su78?P00Qd5m0Ef234;gw82<30,0*37
\s:66,c:1782377494*4F\!AIVDM,1,1,,A,BCh9I3P0g7U`cl9PWK6:Wwh2s000,0*46
\s:66,c:1782377495*4E\!AIVDM,1,1,,B,13aEPv0P00P:KW0M=?h>4?w42HDO,0*23
\s:66,c:1782377494*4F\!AIVDM,1,1,,B,B3crv@P0<h;0T>5ov5mIswi1l000,0*1B
\s:66,c:1782377491*4A\!AIVDM,1,1,,A,13Ec830P1:NqSGv@4bSmr?vv2HB4,0*56
\s:66,c:1782377491*4A\!AIVDM,1,1,,B,15?dg1P026PVIWPER2vrQ`Pt00Se,0*02
\s:66,c:1782377498*43\!AIVDM,1,1,,B,15R=cH001TOI:VRKvwajfj?6053<,0*76
\s:66,c:1782377496*4D\!AIVDM,1,1,,A,13ku8`h02BwEVFTE5k=<Qqw6053<,0*4D
\s:66,c:1782377498*43\!AIVDM,1,1,,A,4050KrP000Htt<tSF0l4Q@000pE@,0*57
\s:66,c:1782377487*4D\!AIVDM,1,1,,B,16=q?=PP00UePJ83v>3N4?vn28@C,0*62
\s:66,c:1782377497*4C\!AIVDM,1,1,,A,19NSfd@01o107SbFgIc<89e600Rj,0*45
\s:66,c:1782377496*4D\!AIVDM,1,1,,B,16:BCvP01B8f0d0A=bBUcDe40<P4,0*51
\s:66,c:1782377494*4F\!AIVDM,1,1,,B,169oQ@00018grU`Akv0;?0120000,0*27
\s:66,c:1782377481*4B\!AIVDM,1,1,,A,14eGMFh2h1G<MR0L=lPp<gvV0000,0*1B
\s:66,c:1782377482*48\!AIVDM,1,1,,,13a3wDPP000En76NCEj0@?vd053<,0*6B
\s:66,c:1782377486*4C\!AIVDM,1,1,,,13a3wDPP000En6rNCEl00gvl053<,0*08
\s:66,c:1782377489*43\!AIVDM,1,1,,A,13P>;WP0000AN06MH2kdAm4t0D:v,0*13
\s:66,c:1782377490*4B\!AIVDM,1,1,,B,403Ovv1vad`kMrT3i:E15jo0253<,0*63
\s:66,c:1782377485*4F\!AIVDM,1,1,,A,1771RQ401V7>Uh>1UdtDKS`h08>a,0*3B
\s:66,c:1782377488*42\!AIVDM,1,1,,A,16:=Vi0001`bkENFQ1:6Frjn053<,0*6A
\g:1-2-5198554,s:66,c:1782377487*0E\!AIVDM,2,1,4,B,59NSlR82H5IoDi4GR20m<>0eUDpLlTr222222216@HaD85dEeCliAkm8,0*57
\g:2-2-5198554*6C\!AIVDM,2,2,4,B,888888888888880,2*23
\s:66,c:1782377474*41\!AIVDM,1,1,,B,H5TQkn10ThuB3<0000000000000,2*6F
\s:66,c:1782377487*4D\!AIVDM,1,1,,B,H5TQkn4jCD=6HgN8?ejqjh0P8220,0*78
\s:66,c:1782377491*4A\!AIVDM,1,1,,A,B39q3nP00@;iCn7j>t<v7wg5kP06,0*5F
\s:66,c:1782377485*4F\!AIVDM,1,1,,B,852iTPh0G@:?>G1?6600,0*5A
\s:66,c:1782377489*43\!AIVDM,1,1,,B,16:@Cg00008eq@@A89qamq2r0D00,0*28
\s:66,c:1782377487*4D\!AIVDM,1,1,,A,13c9Ov0015ws4;FLeCb2njHj00SS,0*12
\s:66,c:1782377490*4B\!AIVDM,1,1,,B,17loc0PP@b7aPfMtTA1W0ENv2@Am,0*68
\s:66,c:1782377492*49\!AIVDM,1,1,,B,339a770P@@PeNgPN`kB:1H<t01oP,0*63
\s:66,c:1782377487*4D\!AIVDM,1,1,,A,B52LN00006T9`DSq1tT000N00000,0*63
\s:66,c:1782377490*4B\!AIVDM,1,1,,B,19NSaQP01N:u=BqhFHa8=6`r08AW,0*66
\s:66,c:1782377490*4B\!AIVDM,1,1,,A,13aJJ;PP00PBeiVMfLev4?vt28As,0*73
\s:66,c:1782377492*49\!AIVDM,1,1,,B,17tKpb@P007M>3J0hd>p3gw020S8,0*2B
\s:66,c:1782377486*4C\!AIVDM,1,1,,A,E>k`us>9V@@@@@@@@@@@@@@@@@@=RWUl<ThCH00003vP100,2*2D
\s:66,c:1782377491*4A\!AIVDM,1,1,,B,404IKfAvad`kM439Nr>24mWP0<=r,0*16
\s:66,c:1782377491*4A\!AIVDM,1,1,,B,35?dOFE0008f;J>A8MLBIWLt0Dg:,0*20
\s:66,c:1782377487*4D\!AIVDM,1,1,,B,B39eT<00?h;LL:7p64kPwwe5kP06,0*25
\s:66,c:1782377492*49\!AIVDM,1,1,,A,169L0p7000NpV?H6gNfFbmvv053<,0*36
\s:66,c:1782377488*42\!AIVDM,1,1,,B,13Ek;V3P0SP3JUvG5Bs68Ovn2<37,0*7E
\s:66,c:1782377491*4A\!AIVDM,1,1,,A,19NSGaS000SO>dL@69U>48jv2D5u,0*7E
\s:66,c:1782377490*4B\!AIVDM,1,1,,,13a3wDPP000En6jNCEm=eOvt053<,0*79
\s:66,c:1782377491*4A\!AIVDM,1,1,,A,H52LN00<598TDB05L5T00000000,2*1B
\s:66,c:1782377491*4A\!AIVDM,1,1,,A,H52LN04U000000000000001@=240,0*40
\s:66,c:1782377492*49\!AIVDM,1,1,,A,19NSr7h0h32Ogg<@icO9T1<r0<0p,0*6F
\s:66,c:1782377493*48\!AIVDM,1,1,,B,19NS`100Qr22nj8GG<5SG2Rv00S1,0*17
\s:66,c:1782377494*4F\!AIVDM,1,1,,B,177dbc00288jIcFA27ooOmpv0D7L,0*2A
\s:66,c:1782377485*4F\!AIVDM,1,1,,B,402<Hk1vad`kI1hjkDRKhVw0653<,0*7C
\s:66,c:1782377493*48\!AIVDM,1,1,,B,16:=I;0P0g`fMe@AhavQjivwPL3;,0*77
\s:66,c:1782377489*43\!AIVDM,1,1,,A,402<Hk1vad`kL1hjkHRKhVw0653<,0*76
\s:66,c:1782377495*4E\!AIVDM,1,1,,A,19NSi4Pwh0rB;gL5Cq77:mG6053<,0*1A
\s:66,c:1782377494*4F\!AIVDM,1,1,,B,34`V4K50008K06DFC`AksV900Dp:,0*02
\s:66,c:1782377489*43\!AIVDM,1,1,,A,339cqe000q0Iv22N?51f1h2rP663,0*4F
\s:66,c:1782377492*49\!AIVDM,1,1,,B,33MCCehP@90=v2JMOIDTKI>t0000,0*5C
\s:66,c:1782377494*4F\!AIVDM,1,1,,B,B7mF<`@00:6;vtOpKpIwCwP4kP06,0*05
\s:66,c:1782377494*4F\!AIVDM,1,1,,B,B3prKOP007v9C776PuwQ3whQjE5J,0*21
\s:66,c:1782377490*4B\!AIVDM,1,1,,B,13c6987P0SPFORVNH5ot6wvt253<,0*49
\s:66,c:1782377496*4D\!AIVDM,1,1,,B,16:d8pQP0088NjP<utAP00I81P00,0*7D
\s:66,c:1782377492*49\!AIVDM,1,1,,,B3MD7mh00865pg8`tbSQ2N?5l000,0*67
\s:66,c:1782377495*4E\!AIVDM,1,1,,A,B7ldlWP04qkwQu0IAHNw7wi73P06,0*4F
\s:66,c:1782377497*4C\!AIVDM,1,1,,A,19NSo2@01pWJ`BP0bfn<29W:08Ev,0*0B
\s:66,c:1782377497*4C\!AIVDM,1,1,,B,19N`3L@01v7=I`:7NL1997=60L6J,0*6A
\s:66,c:1782377486*4C\!AIVDM,1,1,,A,H5Nav@0uHE8A84I@00000000000,2*44
\s:66,c:1782377486*4C\!AIVDM,1,1,,A,H5Nav@4U0000000G49kmkh0h9320,0*0C
\s:66,c:1782377488*42\!AIVDM,1,1,,B,13P;tU?P1Bwm8rpLC5Q41Ovp253<,0*7E
\s:66,c:1782377489*43\!AIVDM,1,1,,B,19NS`;P1AE8gW@PAl?OKpqVp053<,0*2D
\s:66,c:1782377490*4B\!AIVDM,1,1,,A,Evja5DQ1000?cI0000000000000Leb5P5FJ4000003iP10,4*06
\s:66,c:1782377488*42\!AIVDM,1,1,,A,16:4u6001h2hFFN<Pt9KjaHl2PS>,0*6B
\s:66,c:1782377488*42\!AIVDM,1,1,,A,339HrgP003PW5KlNa`EKkb2n00UP,0*25
\s:66,c:1782377487*4D\!AIVDM,1,1,,A,13bMWH30000@Wn0MIWsdGkHl0H@=,0*27
\s:66,c:1782377488*42\!AIVDM,1,1,,B,B7lul6P05B0whRO2vEP??wf7kP06,0*7C
\s:66,c:1782377487*4D\!AIVDM,1,1,,B,33O2f25P00PF9>BMwpr>4?vl2DaJ,0*70
\s:66,c:1782377487*4D\!AIVDM,1,1,,B,139RJNPP00PUCPtNWige0wvp253<,0*11
\s:66,c:1782377485*4F\!AIVDM,1,1,,A,26K2`L00019jUfnD4dEdSELd0@>Q,0*6C
\s:66,c:1782377487*4D\!AIVDM,1,1,,B,15?dPI001a7H4QH0m;1sr9Nj0D4o,0*05
\s:66,c:1782377488*42\!AIVDM,1,1,,B,15?dRf@01``T2bVF8OFCV2nn0@@9,0*04
\s:66,c:1782377483*49\!AIVDM,1,1,,A,13@no``0000U=PbP2kCQJqLfH53<,0*47
\g:1-2-5198555,s:66,c:1782377487*0F\!AIVDM,2,1,5,A,55RVa242F2AW<HhK@00EHE:0M8DE@00000000000000MM0000032hk@g,0*57
\g:2-2-5198555*6D\!AIVDM,2,2,5,A,gQhQV5000000000,2*4D
\s:66,c:1782377490*4B\!AIVDM,1,1,,A,19Hl>I@0Q@PJPfNE=hDqb7hv0L32,0*6D
\s:66,c:1782377487*4D\!AIVDM,1,1,,A,14Ve=<001@24fv2GMUr@?0:n053<,0*78
\s:66,c:1782377487*4D\!AIVDM,1,1,,B,13aKWR@P00P@Jp`ML=aaHgvnR0Rh,0*01
\s:66,c:1782377491*4A\!AIVDM,1,1,,B,83aKWR@j2d<dtddd>@BhS@Mi38P0,0*3D
\s:66,c:1782377490*4B\!AIVDM,1,1,,A,13cb3T001tPtl;6GN:LT2C@t0D<P,0*34
\s:66,c:1782377490*4B\!AIVDM,1,1,,B,B7tCh10009jA<O0qfFTp7wd70000,0*39
\g:1-2-5198556,s:66,c:1782377492*08\!AIVDM,2,1,6,A,5815Mo`2FhiqKL7C;CQ<D58QU@Pn22222222221@IPQBJ5d01E5Dl238,0*09
\g:2-2-5198556*6E\!AIVDM,2,2,6,A,?`5Dj3mH8888880,2*70
\s:66,c:1782377487*4D\!AIVDM,1,1,,B,402=b3Qv`e0kIP7TPnOMV>700L46,0*51
\s:66,c:1782377491*4A\!AIVDM,1,1,,A,16KWw`7P00QDE6CdV:@;;ww02@BH,0*68
\s:66,c:1782377492*49\!AIVDM,1,1,,A,15?d`GOP003g;o2>v=3;cgvv20Rq,0*2B
\s:66,c:1782377490*4B\!AIVDM,1,1,,B,13P=32@1B02oFRafhoRRLQlt053<,0*0E
\s:66,c:1782377489*43\!AIVDM,1,1,,A,35OBhhPP@1rRPKNE6DW8U74l01h0,0*12
\s:66,c:1782377491*4A\!AIVDM,1,1,,B,13V2b0000=Qd3P<EcmVeG:g00@BN,0*58
\s:66,c:1782377488*42\!AIVDM,1,1,,B,38Kkfd1204wWGVFDdCq6i8hT0Dg:,0*1C
\s:66,c:1782377493*48\!AIVDM,1,1,,A,1:U7BB0P00LQpkmiJ5D0K?w2053<,0*1D
\s:66,c:1782377493*48\!AIVDM,1,1,,,404k1dQvad`kQ`lJNGp1Q1G00000,0*08
\s:66,c:1782377491*4A\!AIVDM,1,1,,B,19NSjPh1QwNd;5@<<mghqPjr0D1s,0*7C
\s:66,c:1782377493*48\!AIVDM,1,1,,B,13aL;sPP1LPF:k2MwU`Spgw22<7U,0*28
\s:66,c:1782377490*4B\!AIVDM,1,1,3,A,13m7tDg000Qc8U4`=?mevqTt0<0<,0*0C
\s:66,c:1782377488*42\!AIVDM,1,1,,A,16Sg8e?P1@`lnGJCaD7bT?vn2<2A,0*04
\s:66,c:1782377487*4D\!AIVDM,1,1,,A,34eGej@000Fcd1lO5=<P001p0000,0*0A
\s:66,c:1782377494*4F\!AIVDM,1,1,,B,14eIWIP01urlhb0JT>?8fVu400RA,0*57
\s:66,c:1782377489*43\!AIVDM,1,1,,B,14S7F@002FwtCQDLn;5av`2n0l1R,0*5B
\s:66,c:1782377492*49\!AIVDM,1,1,,B,402:pEivad`kO0=OalHCgmg0053<,0*51
\s:66,c:1782377492*49\!AIVDM,1,1,,B,402E;:Qvad`kPPCahbN9mrg02<?o,0*37
\s:66,c:1782377494*4F\!AIVDM,1,1,,B,C6:e@900029ft>4TUiQ5Wwv0DBbDB2L>@NL>`2CiSij0S0PIS30P,0*03
\s:66,c:1782377489*43\!AIVDM,1,1,,B,B52bQQ@00=pLMSTo6Vd:Owf5oP06,0*0A
\s:66,c:1782377493*48\!AIVDM,1,1,,B,36:<iE5P008doEnA7Ncv48@r2P00,0*06
\s:66,c:1782377490*4B\!AIVDM,1,1,,B,139bQ>UPAbPslKPO:0v=uc0r0<15,0*33
\s:66,c:1782377495*4E\!AIVDM,1,1,,B,19NSuNPw0>1BQ7ideCirEoNb0<1j,0*56
\s:66,c:1782377492*49\!AIVDM,1,1,,A,34SWt<0=AJM7>lmkeBRHIVa00000,0*36
\s:66,c:1782377489*43\!AIVDM,1,1,,B,H615NFTNC=DuePK000000018:33t,0*0B
\s:66,c:1782377489*43\!AIVDM,1,1,,B,E>mGF2tQnV9Vh1:WdhKP0000000DC9uf3KMrp10888fP20,4*72
\s:66,c:1782377489*43\!AIVDM,1,1,,B,H3a;1DTTD814@TW@ikpi201`1220,0*42
\s:66,c:1782377491*4A\!AIVDM,1,1,,B,17lpIn0P00WM6bf0VVlP0?vv2<2H,0*27
\s:66,c:1782377494*4F\!AIVDM,1,1,,A,16;3l4001D8k2O6ACv;6l5E20<<N,0*35
\s:66,c:1782377417*44\!AIVDM,1,1,,A,36:6T;UP01`N@6BFB<3mtOvR0Dg:,0*0E
\s:66,c:1782377491*4A\!AIVDM,1,1,,A,15@DBd0Oi`8it8`Aj5m4b3KV0<7A,0*7A
\s:66,c:1782377493*48\!AIVDM,1,1,,B,14`V4U@01r7HAw<0kt=KvIVv053<,0*7D
\s:66,c:1782377491*4A\!AIVDM,1,1,,B,13cmld00360lj6`F6ElJw8q008BO,0*5C
\s:66,c:1782377494*4F\!AIVDM,1,1,,A,14cM72@01k7OFE<0tlQiGQ0t0W3h,0*1B
\s:66,c:1782377495*4E\!AIVDM,1,1,,A,16:BGaP01f8j4LjDdwp6w5c600T8,0*62
\s:66,c:1782377492*49\!AIVDM,1,1,,A,33umbb70000oLLpPh=R;D93p0000,0*44
\s:66,c:1782377492*49\!AIVDM,1,1,,B,14hKjP001g1et=@Do=gbI`C008Bn,0*5F
\s:66,c:1782377489*43\!AIVDM,1,1,,B,17tKlRPP15W?Uj01bTM`=?vr28AN,0*68
\s:66,c:1782377493*48\!AIVDM,1,1,,A,35?dQ8Q000JRM9RE9cNp32Kp0000,0*56
\s:66,c:1782377495*4E\!AIVDM,1,1,,A,13P7qi003509K0nM=Q89u834053<,0*21
\s:66,c:1782377495*4E\!AIVDM,1,1,,B,344ckh0P1JaKbK:HaKwkT?vt207k,0*1D
\s:66,c:1782377490*4B\!AIVDM,1,1,,A,H8T4@?i3>373207?F2222222220,2*56
\s:66,c:1782377489*43\!AIVDM,1,1,,A,33F0>V0=A?OuId<EW=<nk5Op0000,0*7C
\s:66,c:1782377492*49\!AIVDM,1,1,,A,15OVcp3000JVMd8D>3g@TSdt0000,0*5F
\s:66,c:1782377495*4E\!AIVDM,1,1,,B,169L1cmP?w<tSF0l4Q@>4?wp1l?v,0*72
\s:66,c:1782377494*4F\!AIVDM,1,1,,A,35O14ES000JB1;HBk5fakWgp0000,0*36
\s:66,c:1782377497*4C\!AIVDM,1,1,,A,16SkWF001ia>fu0CrFQ0FPK800RQ,0*5C
\s:66,c:1782377494*4F\!AIVDM,1,1,,A,15O14ES000JB1;bBk5eqkWg208D2,0*31
\s:66,c:1782377484*4E\!AIVDM,1,1,,A,D02IPDAMdffp,0*25
\s:66,c:1782377487*4D\!AIVDM,1,1,,B,19NSk6Pwiw7PiC814C7AKA@l08?l,0*6C
\s:66,c:1782377487*4D\!AIVDM,1,1,,B,169>cA0P0?`VCDRDVh1B:Ovl2<5H,0*1E
\s:66,c:1782377487*4D\!AIVDM,1,1,,A,15@`4mP0248cqS8DEUa2>Qhn0@?v,0*2B
\s:66,c:1782377482*48\!AIVDM,1,1,,B,17tCge50?w<tSF0l4Q@>483v00Ro,0*35
\s:66,c:1782377484*4E\!AIVDM,1,1,,B,B52ThU@00>C?5q4>P;NVOwaUT000,0*5E
\s:66,c:1782377488*42\!AIVDM,1,1,,B,16:?i?Q01;7iLER:349Q9@jr053<,0*21
\s:66,c:1782377489*43\!AIVDM,1,1,,A,36:7nVPP1d`fH=`A9VUcWgvp22ki,0*7C
\s:66,c:1782377488*42\!AIVDM,1,1,,A,33a;tl02h6JT9@2E8VV1;1Op0000,0*14
\s:66,c:1782377487*4D\!AIVDM,1,1,,B,B52hjmh006`m>sUR@d3Q3weQh000,0*78
\s:66,c:1782377484*4E\!AIVDM,1,1,,A,33P:Wt@000G<J;NL<I@rvT?p0000,0*3D
\s:66,c:1782377488*42\!AIVDM,1,1,,B,16SfIjPP029=QU6D4cnQa9jn08AN,0*77
\s:66,c:1782377488*42\!AIVDM,1,1,,A,13aEOU@P1HPBt6rMeoCJtwvp253<,0*12
\s:66,c:1782377488*42\!AIVDM,1,1,,A,83aGrqPj2ddteLdLh14hg@O04d00,0*78
\s:66,c:1782377484*4E\!AIVDM,1,1,,A,17ldhjhP00WhQE7tI2LbPOvf0D0O,0*2B
\s:66,c:1782377487*4D\!AIVDM,1,1,,A,1776:W001a8W;Tn>b:D1>14008?e,0*38
\s:66,c:1782377491*4A\!AIVDM,1,1,,B,16:875PP@68dqdRAsV<8pF:n053<,0*47
\s:66,c:1782377491*4A\!AIVDM,1,1,,B,339p4OU000PeMU8N`2EN4:Pv0DLJ,0*2A
\s:66,c:1782377491*4A\!AIVDM,1,1,,B,16:jgf@P008Vql@BCsO000Ft1P00,0*0E
\s:66,c:1782377491*4A\!AIVDM,1,1,,A,16:C>TPP0h8fdCPA726`>wvr0d:i,0*1B
\s:66,c:1782377484*4E\!AIVDM,1,1,,A,34hMEf5000J@ug6>hCMa;5Ld0000,0*13
\s:66,c:1782377489*43\!AIVDM,1,1,,A,13ca@j0P001>SuvG9Nbv4?vr0HA<,0*1D
\s:66,c:1782377489*43\!AIVDM,1,1,,A,15Ng:V0003rA@GT>rm1F@5rj0HAD,0*42
\s:66,c:1782377490*4B\!AIVDM,1,1,,B,13P=2fh03m08NI`MEpbDLCVt0@AR,0*67
\s:66,c:1782377491*4A\!AIVDM,1,1,,B,18I3aS001b<bDjIbVf?b8Gpr053<,0*76
\s:66,c:1782377490*4B\!AIVDM,1,1,,B,405s9`1uJl`kNS5;El6`kIA028AU,0*76
\s:66,c:1782377487*4D\!AIVDM,1,1,,A,13`eV6U3@0PGrAvNRA;v4?vj2000,0*00
\s:66,c:1782377490*4B\!AIVDM,1,1,,B,185aQORP00WJtll0gKof4?vj28?8,0*02
\s:66,c:1782377487*4D\!AIVDM,1,1,,B,B33u40P000;sdoV=ARgQ3weQh000,0*53
\s:66,c:1782377492*49\!AIVDM,1,1,,B,13aGCN@P00PDQHLMe;Ho3gw22DBC,0*0F
\s:66,c:1782377487*4D\!AIVDM,1,1,,,13K8V>00jelq>QBIcMND7CBl053<,0*7C
\s:66,c:1782377492*49\!AIVDM,1,1,,B,13?u:p0000PW:o8NaK8@J0nt0HC;,0*31
\s:66,c:1782377491*4A\!AIVDM,1,1,,B,13=2WC`P0012TVnDOTAnA?vv0<19,0*69
\s:66,c:1782377482*48\!AIVDM,1,1,,A,13KQL4001PsVI6T9<nm@A@@b0L0W,0*57
\s:66,c:1782377488*42\!AIVDM,1,1,,A,19NSpkhwjCOS=SLL7@cBUB8l00Rm,0*46
\s:66,c:1782377488*42\!AIVDM,1,1,,A,13kttIP02LOas92LD1lReB@n0D1C,0*46
\s:66,c:1782377486*4C\!AIVDM,1,1,,A,402<HSQvad`kI1q2@`RODFg0653<,0*41
\s:66,c:1782377479*4C\!AIVDM,1,1,,A,15NgKKP001reG7<GBWtT23NT0000,0*58
\s:66,c:1782377481*4B\!AIVDM,1,1,,A,16<gn8002?`lv6bAio>4HkLT0H<E,0*78
\s:66,c:1782377490*4B\!AIVDM,1,1,,B,16:9;O001M`i:j0@r<G8K6Lr253<,0*7A
\s:66,c:1782377490*4B\!AIVDM,1,1,,B,344gjIUP?w<tSF0l4Q@>4?wv0Ru1,0*29
\s:66,c:1782377485*4F\!AIVDM,1,1,,,B52o`bP00=k>lT6tE@aB>L000000,0*59
\s:66,c:1782377486*4C\!AIVDM,1,1,,A,13d1Rd0035PvhGrOKBj2iB<h0L2R,0*47
\s:66,c:1782377487*4D\!AIVDM,1,1,,A,3815BM0010`h;7vA0vI;8q4D0@9=,0*6D
\s:66,c:1782377487*4D\!AIVDM,1,1,,B,17ldKEpP00`Fg<owDEMHcwvl253<,0*62
\s:66,c:1782377491*4A\!AIVDM,1,1,,B,3:U8bf0Oh0LrF9qjs7o`6nPp01t0,0*4E
\s:66,c:1782377491*4A\!AIVDM,1,1,,A,17ldU0hP007a:v3tP:wS>Ovp0HBW,0*7C
\s:66,c:1782377483*49\!AIVDM,1,1,,B,13mml40P01PelQBTeMC;cgvd0L0h,0*62
\s:66,c:1782377489*43\!AIVDM,1,1,,B,35NSnfU018q=FWB@t=`tugvt05:C,0*34
\s:66,c:1782377488*42\!AIVDM,1,1,,B,16;e8V001D8l:KrAajC6UU:p0H@O,0*32
\s:66,c:1782377488*42\!AIVDM,1,1,,A,23aDrj0P0iPGbK:NPCcnhwvp2000,0*6C
\s:66,c:1782377491*4A\!AIVDM,1,1,,A,15S2FN00033pUel>N@@Cn6:r0lGW,0*38
\s:66,c:1782377487*4D\!AIVDM,1,1,,A,13MC1:PP01P70O<FBf?v4?vl2D09,0*41
\s:66,c:1782377490*4B\!AIVDM,1,1,,B,13aD@QgP000EmELNCHN00?vt00S`,0*30
\s:66,c:1782377492*49\!AIVDM,1,1,,B,19NSd2P12uN84jKjA1fkPRjt0@Bl,0*76
\s:66,c:1782377487*4D\!AIVDM,1,1,,A,16QgeS002<ROh6T@k02Q;Pvl053<,0*3B
\s:66,c:1782377492*49\!AIVDM,1,1,,A,E>lEM@@27QT4W<Rp00000000000DVPPs:66,4*7B
\s:66,c:1782377492*49\!AIVDM,1,1,,B,38Jqkb0P@HWK`9F0fM`sIpVt216Q,0*00
\s:66,c:1782377492*49\!AIVDM,1,1,,B,18LgBi@000W=mCj7QH?h05G02D3p,0*4C
\s:66,c:1782377487*4D\!AIVDM,1,1,,A,33tfkP00001>P:TRoQJjsRGp0000,0*64
\s:66,c:1782377492*49\!AIVDM,1,1,,B,1815NBh01lv2<?J2I82t=9jp0@Bq,0*74
\s:66,c:1782377486*4C\!AIVDM,1,1,,B,ENo6gp?2W0`Hh@@@@@@@@@@@@@@=C8Ot2v:t01088;v010,4*74
\s:66,c:1782377491*4A\!AIVDM,1,1,,B,19ll<r501o12EnKjqI6FH50r00RG,0*53
\s:66,c:1782377416*45\!AIVDM,1,1,,A,337jH85P002IwnTCw6TqT?vN0Dmb,0*57
\s:66,c:1782377491*4A\!AIVDM,1,1,,A,16T5Kv002:8?V2b:shhQQQBF0D0;,0*17
\g:1-2-5198557,s:66,c:1782377493*08\!AIVDM,2,1,7,A,57fu9Ap2=FQdGEGC?;<I9Dq`F22222222222221@J@MJ@5cf0D1Cl388,0*4D
\g:2-2-5198557*6F\!AIVDM,2,2,7,A,888888888888880,2*23
\s:66,c:1782377494*4F\!AIVDM,1,1,,A,1815HUh01QP7u7JMC9gpfFw200SW,0*20
\s:66,c:1782377490*4B\!AIVDM,1,1,,A,33l<j<001T`cS`v?ClsALQ>n03pk,0*74
\s:66,c:1782377494*4F\!AIVDM,1,1,,A,33aQo:00000BTKTMMtoa9aC604w3,0*6D
\s:66,c:1782377490*4B\!AIVDM,1,1,,A,1:1GVp?P03Pq5V`DPNNcqgvr2D0V,0*46
\s:66,c:1782377494*4F\!AIVDM,1,1,,B,13kttIP02LOasE0LD2<BeBA208DL,0*23
\s:66,c:1782377495*4E\!AIVDM,1,1,,A,16SgWa0P009=;PLCu0h@0?w5r<5S,0*2B
\s:66,c:1782377493*48\!AIVDM,1,1,,B,13@otuCP020ql7fOp@?Angvv0@CF,0*19
\s:66,c:1782377493*48\!AIVDM,1,1,,A,17ldKEpP00`Fg<owDEMHcwvv20S@,0*62
\s:66,c:1782377493*48\!AIVDM,1,1,,B,17`BO@O000dFb=;W37Bf40q02D0C,0*00
\s:66,c:1782377493*48\!AIVDM,1,1,,B,35?dgw10007Kq2L0bW>G7k=00Dg:,0*1E
\s:66,c:1782377494*4F\!AIVDM,1,1,,A,36:ESB0P@=88I70=02BlJhG2010i,0*00
\g:1-2-5198558,s:66,c:1782377338*01\!AIVDM,2,1,8,B,56:Eup`0000090Lc:21PTr18tpN3OV2222222216D0C:@5dG0=@p1`18,0*0E
\g:2-2-5198558*60\!AIVDM,2,2,8,B,888888888888880,2*2F
\s:66,c:1782377493*48\!AIVDM,1,1,,A,402<HSQvad`kP1q2@dRODFO0653<,0*74
\s:66,c:1782377490*4B\!AIVDM,1,1,,B,4>kvmhAvad`kMSNUAH@8vF?00000,0*45
\s:66,c:1782377490*4B\!AIVDM,1,1,,B,139LCWg00:0jWepO8NoUWnTv00SR,0*1A
\s:66,c:1782377435*44\!AIVDM,1,1,,B,H5O1`t1<E5DDh00000000000000,2*25
\s:66,c:1782377493*48\!AIVDM,1,1,,B,H5O1`t4U7B=4005G4;nnpp1@:324,0*2C
\s:66,c:1782377495*4E\!AIVDM,1,1,,A,1815be@01h05DqRLtG`io1U608DR,0*32
\s:66,c:1782377495*4E\!AIVDM,1,1,,B,17tN7M8001WaHCktRRsLI2W8053<,0*69
\s:66,c:1782377494*4F\!AIVDM,1,1,,A,13mml40P00PelQVTeMB4MOw208D6,0*75
\s:66,c:1782377490*4B\!AIVDM,1,1,,A,33o26GPw00Q1l=8VSbNUmiLr04o3,0*3A
\s:66,c:1782377494*4F\!AIVDM,1,1,,A,ENo6gp?2W0`Hh@@@@@@@@@@@@@@=C8Ot2v:t01088;v010,4*77
\s:66,c:1782377496*4D\!AIVDM,1,1,,A,E69oQA1Q0aRr000000000000000DGmdK8bqh@50`HHP010,4*70
\s:66,c:1782377494*4F\!AIVDM,1,1,,A,13AUpB00Ql8<iiL8I0R1QA:v053<,0*03
\s:66,c:1782377492*49\!AIVDM,1,1,,A,13aL>DhP0uPI2c8MdB6SGgw028C2,0*6C
\s:66,c:1782377493*48\!AIVDM,1,1,,B,16QgeS002<ROh:d@k0lQ;@w0000?,0*12
\s:66,c:1782377491*4A\!AIVDM,1,1,,B,144f9tP01kPb7k@EVk>;3`hr08BE,0*10
\s:66,c:1782377491*4A\!AIVDM,1,1,,A,339L6C0qAkPSjiRNlIk9;o9N81e@,0*29
\s:66,c:1782377490*4B\!AIVDM,1,1,,A,353>M@PwP0G@IFTEWQ0o75ep0000,0*30
\s:66,c:1782377494*4F\!AIVDM,1,1,,B,1:LQdGPP00Klpkad;jeh0?w4053<,0*33
\s:66,c:1782377494*4F\!AIVDM,1,1,,A,16:QsqP00q`LM06=wePUwlo22HCu,0*2E
\s:66,c:1782377492*49\!AIVDM,1,1,,B,13@p:9hOhG0MnpjNg8pRW2Hv0@C9,0*77
\s:66,c:1782377488*42\!AIVDM,1,1,,B,18I06tPP00WKScT0g5nJ>?vl20Ru,0*17
\s:66,c:1782377493*48\!AIVDM,1,1,,A,37ldtTE0007L`=p0UeNM`Uq40E0b,0*7D
\s:66,c:1782377494*4F\!AIVDM,1,1,,A,13WC46?P?w<tSF0l4Q@>4?wv0`DH,0*59
\s:66,c:1782377490*4B\!AIVDM,1,1,,A,15D75h0P1O`c4fh?=?0`N?vj00Rn,0*17
\s:66,c:1782377494*4F\!AIVDM,1,1,,B,16q`Uw@0004l@9l>;;pLko320D0Q,0*3E
\s:66,c:1782377494*4F\!AIVDM,1,1,,B,15CMEp002K0SM3>HNO?B`2520@DL,0*59
\s:66,c:1782377490*4B\!AIVDM,1,1,,A,33l3oWE000Q;`l2R6C<b?1Br0Dmb,0*5C
\s:66,c:1782377490*4B\!AIVDM,1,1,,B,4030p>1vad`kNscHR6JqU7G0053<,0*73
\s:66,c:1782377493*48\!AIVDM,1,1,,A,13L?GoP0001UoNbRUQpI8W>00000,0*36
\s:66,c:1782377495*4E\!AIVDM,1,1,,B,402:pIQvad`kS0bt3NHUU5?00L2i,0*64
\s:66,c:1782377492*49\!AIVDM,1,1,,B,16:JPI?P008PgJ@FD5scNgvv08Bb,0*07
\s:66,c:1782377496*4D\!AIVDM,1,1,,B,17tJOe0P0n7J@4f0d7AKDgw80<80,0*67
\s:66,c:1782377496*4D\!AIVDM,1,1,,A,139L6C0rAkPSjbdNlIKa9W5`8HEH,0*24
\g:1-2-5198559,s:66,c:1782377492*07\!AIVDM,2,1,9,B,53i`bB82?pT@iQa0000=8U=@t84j0<thtp0000095BcFF=AS0BhPE0CH,0*15
\g:2-2-5198559*61\!AIVDM,2,2,9,B,40F83hi@CP00000,2*35
\s:66,c:1782377496*4D\!AIVDM,1,1,,B,13m8:F?P001o9w``W`@M5?w828E;,0*7A
\s:66,c:1782377496*4D\!AIVDM,1,1,,A,16:IWr00158fg:PA1w;WcHA20HDK,0*64
\s:66,c:1782377492*49\!AIVDM,1,1,,B,13P>H8P002P;:qbMoII>46E02<1u,0*38
\s:66,c:1782377496*4D\!AIVDM,1,1,,B,13P>H8P006P;:qbMoII=jFG62@E=,0*55
\s:66,c:1782377495*4E\!AIVDM,1,1,,B,13oLbp001b0HlB0SkpvQoiO40<1c,0*6F
\s:66,c:1782377493*48\!AIVDM,1,1,,B,35TtfP5001Wkbqh;Cvg6DmRp0000,0*22
\g:1-2-5198560,s:66,c:1782377496*09\!AIVDM,2,1,0,A,55Ujc`02>ospcP;KG39=<J0hDv22222222222217BhiF:5bCNF3ECQ4P,0*73
\g:2-2-5198560*6B\!AIVDM,2,2,0,A,H88888888888880,2*54
\s:66,c:1782377490*4B\!AIVDM,1,1,,B,13P<9Ckvh1OcC9H2lnW;f8Vn80Sp,0*7A
\s:66,c:1782377494*4F\!AIVDM,1,1,,A,14eH4H@P00sLsSLISQ300?w220SJ,0*28
\s:66,c:1782377497*4C\!AIVDM,1,1,,B,19NSI`0000R=rGCfqPQs76C80<1B,0*60
\s:66,c:1782377496*4D\!AIVDM,1,1,,A,I8:rIW3`o@gH`PFRSum4v74W>LSG,0*4D
\s:66,c:1782377483*49\!AIVDM,1,1,,B,15ST:R05AO0>of2N0K88Hnj`0l4I,0*48
\s:66,c:1782377486*4C\!AIVDM,1,1,,A,160KdfO0003QSR>@BfmDC:Bh0D9P,0*79
\s:66,c:1782377480*4A\!AIVDM,1,1,,A,3:0;wK003K1KGJ0Fh>4hlPcp0000,0*44
\s:66,c:1782377488*42\!AIVDM,1,1,,A,H42M;e0HDpE:o40000000000000,2*21
\s:66,c:1782377488*42\!AIVDM,1,1,,A,H42M;e4li1hhklpD31jqqn00=040,0*47
\s:66,c:1782377486*4C\!AIVDM,1,1,,B,13Q;;h0PBB0Nd8RNkK2@2h@n0@@m,0*3B
\s:66,c:1782377487*4D\!AIVDM,1,1,,B,13cr=S0029wqIuhLhg1:3Wvp0<14,0*22
\s:66,c:1782377490*4B\!AIVDM,1,1,,B,19NSo<0Ohc7KdkB0fiBub0Fl0<>J,0*2E
\s:66,c:1782377490*4B\!AIVDM,1,1,,B,15MB`QP01<rQRRjFLDg3BR`v0@B1,0*24
\s:66,c:1782377490*4B\!AIVDM,1,1,,A,13VgIB0024Nb2F>8Ie`G<Ejp00Rk,0*17
\s:66,c:1782377486*4C\!AIVDM,1,1,,A,33mnqw00001Fm68Wnq<pB4up0000,0*40
\s:66,c:1782377487*4D\!AIVDM,1,1,,B,13=jN:001p7PTgt0sFQJD88h0@?Q,0*49
\s:66,c:1782377487*4D\!AIVDM,1,1,,A,16U=ER002C8ctEb?RJ41EA6h053<,0*55
\s:66,c:1782377493*48\!AIVDM,1,1,,B,17m3v@hP01WaWeCtQ<LuR?w228CM,0*39
\s:66,c:1782377490*4B\!AIVDM,1,1,,A,18VH?T01Q4SQD56@@DsC>BLv0HAn,0*1E
\s:66,c:1782377494*4F\!AIVDM,1,1,,A,13aI:t0P00PAPBFMGir@0?w420Sb,0*49
\s:66,c:1782377490*4B\!AIVDM,1,1,,B,H39sjRP4h4p4000000000000000,2*62
\s:66,c:1782377490*4B\!AIVDM,1,1,,B,H39sjRTT>F34bRH46nmil01P1440,0*7F
\s:66,c:1782377491*4A\!AIVDM,1,1,,A,13VuIH01iOvnqGp=PjHp1VPr0L1I,0*01
\s:66,c:1782377492*49\!AIVDM,1,1,,A,C69>Vf@002;jULTDt5T03wv08NL?0l@Nc1SQf0000000?30?150P,0*5F
\s:66,c:1782377490*4B\!AIVDM,1,1,,B,19NSk0k0063QuEl@5jpe>bVr0U3<,0*10
\s:66,c:1782377489*43\!AIVDM,1,1,,B,B69DUvhDHj;KH94C5Q@6Gwf7SP06,0*01
\s:66,c:1782377487*4D\!AIVDM,1,1,,A,15N5W40P00r;FoVAI1O0wwvn2000,0*30
\s:66,c:1782377460*44\!AIVDM,1,1,,B,B6H?Te@0;pWeNQ4`NSoHRW01l53<,0*3D
\s:66,c:1782377492*49\!AIVDM,1,1,,B,15?dd306kaPm`=su=AS`PVlv2<0M,0*67
\s:66,c:1782377486*4C\!AIVDM,1,1,,B,13m9ja0P01PL1BhSgfwPWOvl253<,0*61
\s:66,c:1782377494*4F\!AIVDM,1,1,,A,13:Omd0013`jvw4A<fOAjAM42L5:,0*53
\s:66,c:1782377494*4F\!AIVDM,1,1,,B,169V4400058QpefF>4oAW4i40L<`,0*2E
\s:66,c:1782377492*49\!AIVDM,1,1,,A,33ceet5P00PdDvvGITOf4?w0RDOb,0*20
\s:66,c:1782377487*4D\!AIVDM,1,1,,B,ENq7F2<IHK0h@@@@@@@@@@@@@@@DF=Rd90kGH00003v010,4*66
\s:66,c:1782377491*4A\!AIVDM,1,1,,B,402R3Wivad`kO0tgk6OgcCG0053<,0*70
\s:66,c:1782377494*4F\!AIVDM,1,1,,B,15MsKU0000GRbN@CDMh5f9S40<30,0*58
\s:66,c:1782377481*4B\!AIVDM,1,1,,A,17lj<vh0178SecAs64eUuTpd0000,0*6A
\s:66,c:1782377493*48\!AIVDM,1,1,,B,19@2`IA0013O=:<@u?eugWHv0d==,0*01
\s:66,c:1782377494*4F\!AIVDM,1,1,,A,35NLDHP01;JSEqFEHVLum;5p0000,0*5E
\s:66,c:1782377496*4D\!AIVDM,1,1,,B,168upP801`88IgP<vfp6GmO608Ds,0*6E
\s:66,c:1782377496*4D\!AIVDM,1,1,,A,177nWo@P0d`;OJh<nqtCkww628E1,0*04
\s:66,c:1782377495*4E\!AIVDM,1,1,,B,171=9D30003R2LJ@@WAFhP?80L=U,0*7F
\s:66,c:1782377491*4A\!AIVDM,1,1,,B,16:2`<00287>iK>1UhE;Sa>n0<30,0*76
\s:66,c:1782377493*48\!AIVDM,1,1,,B,DP2IPHQMdffp,0*5A
\s:66,c:1782377486*4C\!AIVDM,1,1,,A,B39vOqP0@h6vgW8sup<eKwdQh@?>,0*29
\s:66,c:1782377489*43\!AIVDM,1,1,,A,16:?sm00008g;btA>kMm@Qnl0<HF,0*6D
\s:66,c:1782377411*42\!AIVDM,1,1,,B,3:U78jQ000M4TIqkOBub2U4F0Dkr,0*61
\s:66,c:1782377487*4D\!AIVDM,1,1,,A,1815EK001rwgR3dLO`c9TGb`0H@9,0*5A
\s:66,c:1782377486*4C\!AIVDM,1,1,,A,13ErWkWP06wUh7dDSns3Nwvl2@?d,0*04
\s:66,c:1782377483*49\!AIVDM,1,1,,B,1774b8002HwMB?rJ`oHA:0rh08=i,0*35
\s:66,c:1782377487*4D\!AIVDM,1,1,,A,19NSG;h02o129c`ObO7`MVjl08@1,0*22
\s:66,c:1782377488*42\!AIVDM,1,1,,B,15?di@@01AWOn;H1Rm6WrVDn253<,0*3F
\s:66,c:1782377487*4D\!AIVDM,1,1,,A,19NSoMP0ih8eL38Ar@04IkRl0@?U,0*1B
\s:66,c:1782377487*4D\!AIVDM,1,1,,B,C6:kQ4h0022:qQ3?LSDBSwe2>bB>2L>@b2@2CUUii110S0<GQU07,0*1A
\s:66,c:1782377488*42\!AIVDM,1,1,,A,B7OosjP3wk?8mP=18D3Q3wwQhh@T,0*4B
\s:66,c:1782377488*42\!AIVDM,1,1,,A,3815PU@3ik`jQj>A:eQAFA@p2VLk,0*28
\s:66,c:1782377481*4B\!AIVDM,1,1,,B,13m:``0P00PeultQhW<v4?vb2<0=,0*70
\s:66,c:1782377488*42\!AIVDM,1,1,,B,15BO5P013239omMhSHFqb7lj00SC,0*0B
\s:66,c:1782377488*42\!AIVDM,1,1,,A,18IQGP001hWGka60qBSd99jV0<2K,0*28
\s:66,c:1782377482*48\!AIVDM,1,1,,A,16:`<F0P198d:j@ApEi9Mwvf053<,0*21
\g:1-2-5198561,s:66,c:1782377489*06\!AIVDM,2,1,1,B,5:U7Ivh000011GSKWP04l5060EQ0hu8E8000000l0PD44400D0000000,0*6A
\g:2-2-5198561*6A\!AIVDM,2,2,1,B,000000000000000,2*26
\s:66,c:1782377490*4B\!AIVDM,1,1,,B,19NSiN@20`rAvfj5Lbn23ipr08Aw,0*5D
\s:66,c:1782377489*43\!AIVDM,1,1,,B,15?de;h1P0rB?Mh5F5@b03<p0<2N,0*6C
\g:1-2-5198562,s:66,c:1782377488*04\!AIVDM,2,1,2,B,544WHe82=jAiD4`GV21@4hU<l4r222222222221ICPK@A5Si0C4UH5C5,0*76
\g:2-2-5198562*69\!AIVDM,2,2,2,B,OQAp44i88888880,2*5B
\s:66,c:1782377487*4D\!AIVDM,1,1,,B,1815BW0011OeaGh2rTt0e0Ll0H?j,0*51
\s:66,c:1782377490*4B\!AIVDM,1,1,,A,16:?2hP0008g;QDA>kRHCSPl0@@o,0*12
\s:66,c:1782377485*4F\!AIVDM,1,1,,B,B7Oe;i@002gNq:L0qk2w3wdUT000,0*0A
\s:66,c:1782377489*43\!AIVDM,1,1,,B,B6:EO6P0022BKgS=p3w06If7QP06,0*2A
\s:66,c:1782377486*4C\!AIVDM,1,1,,A,B7fu>Sh00HFl975cnCP000N00000,0*4C
\s:66,c:1782377487*4D\!AIVDM,1,1,,B,15ROL6001uRGgdjBrMKqN7Tj053<,0*74
\s:66,c:1782377487*4D\!AIVDM,1,1,,A,13aDBkh0070BU56MMLgLW:BpP8@G,0*04
\s:66,c:1782377473*46\!AIVDM,1,1,,A,19NSbJ@01p`PTLp0IKup>nR80`7I,0*51
\s:66,c:1782377488*42\!AIVDM,1,1,,A,19NSR3PwjO;3OIvIwt59Wodn08@m,0*79
\s:66,c:1782377490*4B\!AIVDM,1,1,,A,139UR0PP000e`JdN`JFWUOvv20S;,0*34
\s:66,c:1782377487*4D\!AIVDM,1,1,,A,13bhb8?000PGotrNQvcf452j0000,0*30
\s:66,c:1782377490*4B\!AIVDM,1,1,,A,B6:eNl@0021w=u3A8nh000<WQP06,0*43
\s:66,c:1782377491*4A\!AIVDM,1,1,,,13lcrH011RJP>>r4eUB5fDVv053<,0*21
\s:66,c:1782377489*43\!AIVDM,1,1,,B,1815C:@01jWNW0P0oTlpkG6d0D3`,0*1A
\s:66,c:1782377487*4D\!AIVDM,1,1,,A,13cdM00P16PVh=JFC?6QQwvn2L0b,0*6F
\s:66,c:1782377490*4B\!AIVDM,1,1,,A,15`I@=hwAOKUtQ65uCUlTSRp0@Aw,0*33
\s:66,c:1782377489*43\!AIVDM,1,1,,B,16:>bHP01u1fWw4EEAc`Indt0p4G,0*2D
\s:66,c:1782377492*49\!AIVDM,1,1,,B,190woSP03E0ArqvGoWf1?A6v0@CA,0*20
\s:66,c:1782377492*49\!AIVDM,1,1,,B,16:RWaP01Q8ilBdDb>fW5Ebt08Bb,0*00
\s:66,c:1782377410*43\!AIVDM,1,1,,A,169<raSP008RmfbEnFDBewvD0<8R,0*1A
\s:66,c:1782377491*4A\!AIVDM,1,1,,A,33`de;h0000JhOVNHGDbP`Kp0000,0*43
\s:66,c:1782377494*4F\!AIVDM,1,1,,A,17WnJH001D9LA3pHWqMr?p?228Cr,0*31
\s:66,c:1782377493*48\!AIVDM,1,1,,A,13mfFE7P0011jAlVOtMTwgw000Rj,0*17
\s:66,c:1782377493*48\!AIVDM,1,1,,B,34`avg12P0oQWC8CI:KqRmU00Dg:,0*3A
\s:66,c:1782377490*4B\!AIVDM,1,1,,B,E>nrU`nQ7TPhK00000000000000>Wo5@tBsg000003fP10,4*39
\s:66,c:1782377491*4A\!AIVDM,1,1,,B,13ku:d001QOE@E2E;Sh=V:lt0L0<,0*46
\s:66,c:1782377493*48\!AIVDM,1,1,,A,133ma5P000PCjJfMG1Qdl:Hv053<,0*77
\s:66,c:1782377493*48\!AIVDM,1,1,,A,17m@990P007?sw:1fd;N4?w20D2e,0*70
\s:66,c:1782377489*43\!AIVDM,1,1,,A,1lhNsc000mQ`PIrEhA7lp3r20000,0*7E
\s:66,c:1782377494*4F\!AIVDM,1,1,,B,19NSR3P0jO;3OBlIwsj9Uodv053<,0*41
\s:66,c:1782377491*4A\!AIVDM,1,1,,A,17ldsi?P0``=meOvdG`R;gvt08B8,0*5C
\s:66,c:1782377493*48\!AIVDM,1,1,,A,B3LAs4P0J0LCHp`VTfpnhch1V8cP,0*25
\s:66,c:1782377496*4D\!AIVDM,1,1,,B,402FhvAvad`kT0p6DrJ0OdG000S:,0*29
\s:66,c:1782377495*4E\!AIVDM,1,1,6,A,H52h7v05@PDp400000000000000,2*61
\s:66,c:1782377495*4E\!AIVDM,1,1,,A,H52h7v4U00000001D85>101p0140,0*12
\s:66,c:1782377491*4A\!AIVDM,1,1,,B,13Ee140P0>OH3cnH:ta8Mgvv00SR,0*21
\s:66,c:1782377476*43\!AIVDM,1,1,,A,18I8ba001r2gkISg9P99SoTR089r,0*4D
\s:66,c:1782377446*40\!AIVDM,1,1,,B,38I8ba001r2gksgg9Qq9ToUN0AMu,0*1B
\s:66,c:1782377497*4C\!AIVDM,1,1,,A,15?dcL@01iPA27NE>ss:66,0*24
\s:66,c:1782377497*4C\!AIVDM,1,1,,A,37tNfjU0007Jtl:0ggD5tr9:0EDr,0*29
\g:1-2-5198563,s:66,c:1782377424*03\!AIVDM,2,1,3,A,58I8ba82HM4SUKSW?F08iDF0pE1ADpF222222216E@M;E5s?0LmDp23m,0*35
\g:2-2-5198563*68\!AIVDM,2,2,3,A,H88888888888880,2*57
\s:66,c:1782377488*42\!AIVDM,1,1,,A,13l3oOh01PQR`hDDb`Brc8Ln0`@n,0*5C
\s:66,c:1782377490*4B\!AIVDM,1,1,,B,402:o8iuJl`kNP:eBtM=fOW00D7M,0*08
\s:66,c:1782377490*4B\!AIVDM,1,1,,A,34eJe>s2h0G<OTTL<qd>4;Ap0000,0*1D
\s:66,c:1782377491*4A\!AIVDM,1,1,,A,35NLHrP017JSEMJEKpHMh;1p0000,0*4C
\s:66,c:1782377484*4E\!AIVDM,1,1,,B,34eJ3Ac00ho<SqfL6eD2CAlh00o0,0*53
\s:66,c:1782377488*42\!AIVDM,1,1,,A,19NSpQP01q7AbdP1E9s4uT0p00Ri,0*42
\s:66,c:1782377486*4C\!AIVDM,1,1,,A,B7liW<007b6N<jOqa<bdKwe4kP06,0*73
\s:66,c:1782377487*4D\!AIVDM,1,1,,A,169a4GS00a8T=SDF5WBW1mVl0<0O,0*5A
\s:66,c:1782377484*4E\!AIVDM,1,1,,A,B4Tdja000>in`aQgGJG;:hN00000,0*08
\s:66,c:1782377488*42\!AIVDM,1,1,,B,37lk5UE0007a?iEtPJnG2@4n0DUr,0*4A
\s:66,c:1782377485*4F\!AIVDM,1,1,,A,1p15VPP0240AerDECD@:SHLd0000,0*2A
\s:66,c:1782377489*43\!AIVDM,1,1,,A,139Ul@000vPl@<6O8Q:sMqJj0HA3,0*2D
\s:66,c:1782377485*4F\!AIVDM,1,1,,A,13e01r01BkQlMSp`h?<3dRvh8<0H,0*25
\g:1-2-5198564,s:66,c:1782377490*0B\!AIVDM,2,1,4,A,538nKV80?gGwD8qOJ2085Tl5:222222222222216:h<;55dmo?Q2h@C8,0*05
\g:2-2-5198564*6F\!AIVDM,2,2,4,A,888888888888880,2*20
\s:66,c:1782377492*49\!AIVDM,1,1,,A,13mas80029Pn@dlPi5QdWb6t00S<,0*3F
\s:66,c:1782377487*4D\!AIVDM,1,1,,B,35?dUh@000SNmpl@t>3DvrJl2PwP,0*43
\s:66,c:1782377492*49\!AIVDM,1,1,,B,83`geq@j2d<dL=<Mu0iPR3WE4H00,0*6A
\s:66,c:1782377491*4A\!AIVDM,1,1,,B,402E;81vad`kOPCrp<NjWA?02@BS,0*20
\s:66,c:1782377491*4A\!AIVDM,1,1,,B,15NWR:?000o>KPDKhI;8;FRt0hTD,0*2B
\s:66,c:1782377493*48\!AIVDM,1,1,,B,17mRFJhOh27aAfgtPi`nHbO42D3D,0*68
\s:66,c:1782377492*49\!AIVDM,1,1,,,17liwBEv@08KO:iwFSl2dR<v1P00,0*5C
\s:66,c:1782377491*4A\!AIVDM,1,1,,A,35NWR:0000G>KPBKhI:p:VSp0000,0*1E
\s:66,c:1782377493*48\!AIVDM,1,1,,A,13j3ED3t@5viODj8EkM3lUq0853<,0*22
\s:66,c:1782377494*4F\!AIVDM,1,1,,B,16:;gS00188;7un<r>aCUChv0<Ha,0*4E
\s:66,c:1782377494*4F\!AIVDM,1,1,,B,33L1v650000F@I6Mvmb9LFm20E1r,0*3A
\s:66,c:1782377494*4F\!AIVDM,1,1,,B,35?dUh@000SNmqV@t>DDvbK22P00,0*67
\s:66,c:1782377487*4D\!AIVDM,1,1,,A,14eJ3Ac00ho<SsFL6eIB@Qln053<,0*4D
\s:66,c:1782377490*4B\!AIVDM,1,1,,B,34eJ3Ac00ho<StLL6eMB?ilr025@,0*63
\s:66,c:1782377494*4F\!AIVDM,1,1,,B,1:kJSE@01LJi`mwc1i4`1FM60D0f,0*0C
\s:66,c:1782377493*48\!AIVDM,1,1,,B,19t6Utw0017OECv0wEq::50n0@@=,0*15
\s:66,c:1782377490*4B\!AIVDM,1,1,,B,404k1SQvad`kN:cET7klM4W00HAh,0*4C
\s:66,c:1782377489*43\!AIVDM,1,1,,B,B5OE?KP00>``VCUGe=cQ3wfUl000,0*04
\s:66,c:1782377492*49\!AIVDM,1,1,,B,13e01r01BjQlN5L`h?53dk0v853<,0*68
\s:66,c:1782377494*4F\!AIVDM,1,1,,A,18R6=G0000SQ@Uh@;tb8g:140<4b,0*19
\s:66,c:1782377479*4C\!AIVDM,1,1,,A,1815;4h01mOG`AKf@R2JqHfV00Rq,0*64
\s:66,c:1782377219*4C\!AIVDM,1,1,,A,3815;4h01mOGe03f@M@JoHgl0OIk,0*5C
\s:66,c:1782377493*48\!AIVDM,1,1,,A,177TCQ0028OUp0hKhRu=rK6v0@CB,0*58
\s:66,c:1782377495*4E\!AIVDM,1,1,,A,B6:kb5@0:226dT3?kUGMNhi3QP06,0*5B
\s:66,c:1782377494*4F\!AIVDM,1,1,,A,17liW<0P03`HgAkwQs@v3?w22<1A,0*1C
\g:1-2-5198565,s:66,c:1782377434*04\!AIVDM,2,1,5,A,5815;4h2BEFmKMIWJ20eTpuE8T62222222222216H@S:F5i>0C@T`4ln,0*5A
\g:2-2-5198565*6E\!AIVDM,2,2,5,A,`88888888888880,2*79
\s:66,c:1782377496*4D\!AIVDM,1,1,,B,19NSpQP01q7Abl01E9;TuT180@ER,0*14
\s:66,c:1782377493*48\!AIVDM,1,1,,A,15?daQPvQuOj:JLLOO=Rkj<v0HCL,0*4D
\s:66,c:1782377495*4E\!AIVDM,1,1,,A,13UlSb0000Qcm1`Eeb@f42o6253<,0*11
\s:66,c:1782377495*4E\!AIVDM,1,1,,A,13m>;nP20111lahVO<HdNjO40<0w,0*39
\s:66,c:1782377497*4C\!AIVDM,1,1,,B,142C<60P00PCvMRMF0;QWgw8R<3w,0*45
\s:66,c:1782377497*4C\!AIVDM,1,1,,B,169a4GS00a8T=SDF5Vo71mW80D0O,0*38
\s:66,c:1782377491*4A\!AIVDM,1,1,,B,38Hv1000R0`<<vv<kBq<Qqu002tA,0*19
\s:66,c:1782377498*43\!AIVDM,1,1,,B,13MBqf@vAQ0Dv<8N1LOJ3Ww40D=0,0*77
\s:66,c:1782377493*48\!AIVDM,1,1,,B,39gh9M?P@CvhT>v;HvuABBU021sh,0*76
\s:66,c:1782377488*42\!AIVDM,1,1,,A,13ahwr001jP85DvM>dqA>0tn0@@c,0*7C
\s:66,c:1782377494*4F\!AIVDM,1,1,,A,ENlEP0`P`0W3U2WW3QT7h6F1@@@1cda6:gct`000000000,4*10
\s:66,c:1782377493*48\!AIVDM,1,1,,A,H3MB5s04htP60d4T00000000000,2*6C
\s:66,c:1782377493*48\!AIVDM,1,1,,A,H3MB5s4T0000000=9;3j000h5150,0*7B
\s:66,c:1782377487*4D\!AIVDM,1,1,,A,13o>wp00000GKStSKu;Bt2Jj0<0s,0*54
\s:66,c:1782377493*48\!AIVDM,1,1,,A,13wkuNE0000g9kHE3rwP<aI40l9h,0*35
\s:66,c:1782377493*48\!AIVDM,1,1,,B,14eIUkoP00reGEfIwFcVD?w20<0;,0*0A
\s:66,c:1782377493*48\!AIVDM,1,1,,B,15NEFp000lrdQqVG@R=Jt`Nv0@CE,0*58
\s:66,c:1782377493*48\!AIVDM,1,1,,B,162?@C`0006TDwv<fPGqrW100@Ce,0*15
\s:66,c:1782377488*42\!AIVDM,1,1,,A,33n3;EP0000i8MbRANQ3V9ep0000,0*6E
\s:66,c:1782377494*4F\!AIVDM,1,1,,B,13EcK4gP0OP?7gHH1h>7Sgw20D0B,0*2E
\s:66,c:1782377488*42\!AIVDM,1,1,,A,B5AW7N00@ano:jP;T2Bb3wf4kP06,0*48
\s:66,c:1782377495*4E\!AIVDM,1,1,,B,15CL;b00057JO880doW2Vm?40HDT,0*46
\s:66,c:1782377489*43\!AIVDM,1,1,,A,B3?qt<P0;p>0ku7iBihP@G>Qh53<,0*1D
\s:66,c:1782377494*4F\!AIVDM,1,1,,A,15DwVt001eP9=vnMK0eJGH?00D4u,0*07
\s:66,c:1782377495*4E\!AIVDM,1,1,,A,152M84gP01oRVodCC5roUOw40D2H,0*78
\s:66,c:1782377486*4C\!AIVDM,1,1,,A,H4qhsOQ<D60HhuLE80000000000,2*36
\s:66,c:1782377493*48\!AIVDM,1,1,,B,H4qhsOTTC=D4be2676piln1`0400,0*3E
\s:66,c:1782377493*48\!AIVDM,1,1,,A,15Mm4N0P00I=@c<@o8QbOOw22000,0*10
\s:66,c:1782377488*42\!AIVDM,1,1,,A,13m?oe5P00Q4wc<WKRCN4?vp28@b,0*32
\s:66,c:1782377496*4D\!AIVDM,1,1,,B,16:du`P000`;8Et<s8<kNOw60000,0*3B
\s:66,c:1782377494*4F\!AIVDM,1,1,,B,13mqeB?000Q4uUVWKVwWo1g000SK,0*7B
\s:66,c:1782377493*48\!AIVDM,1,1,,,13eWtV50007J1ef0i8L7O:Vv8000,0*78
\s:66,c:1782377495*4E\!AIVDM,1,1,,A,16:Kpr0P0087t@f=4gU>4?vf2hDK,0*24
\s:66,c:1782377494*4F\!AIVDM,1,1,,B,25@VRb00007b;jf5tRtG996j0d4A,0*3B
\s:66,c:1782377492*49\!AIVDM,1,1,,A,B3MB5s00;5IR8sM`rTe8Rav00000,0*63
\s:66,c:1782377493*48\!AIVDM,1,1,,B,17luji@P00`HnEWwU73HN?w02HD;,0*20
\s:66,c:1782377494*4F\!AIVDM,1,1,,A,34eGSah000Fcd1fO5=30001p0000,0*7A
\s:66,c:1782377496*4D\!AIVDM,1,1,,B,19NSfb@vR187e8L;AJv@F@E40@EC,0*78
\s:66,c:1782377486*4C\!AIVDM,1,1,,B,13oWmf7000PKJmTQL7si=Jpj0d0`,0*22
\s:66,c:1782377487*4D\!AIVDM,1,1,,A,13En?1gP1kP;LiJGb:IQ2?vn2D0p,0*4C
\s:66,c:1782377486*4C\!AIVDM,1,1,,,B7Omv80003=p?VuTuD3Q19=1l000,0*73
\s:66,c:1782377486*4C\!AIVDM,1,1,,A,33m69r00P00kLs2U7A80vVip0000,0*12
\s:66,c:1782377487*4D\!AIVDM,1,1,,A,15MfwT501Kv<pr29UoaStk<j00Rw,0*72
\s:66,c:1782377486*4C\!AIVDM,1,1,,A,33`rcF0Oi1wh7GvDwE7DGkPh01vh,0*21
\s:66,c:1782377480*4A\!AIVDM,1,1,,B,13aC3ahP1=PD;GnMdVKjV?v`2<5G,0*38
\s:66,c:1782377481*4B\!AIVDM,1,1,,B,15NBNCPP00rROK2E5j1s7gvd2<1m,0*7E
\s:66,c:1782377488*42\!AIVDM,1,1,,A,33Entn004605cRlF==JSV2sp0000,0*75
\s:66,c:1782377479*4C\!AIVDM,1,1,,B,15?d`f00RcrB<U>?H4HG6EbT0@;V,0*3E
\s:66,c:1782377485*4F\!AIVDM,1,1,,A,15?d`f00jcrB<U2?H3?76Ebh0<3B,0*55
\s:66,c:1782377487*4D\!AIVDM,1,1,,B,36:`0nAP00`W228BBmBhAgwp0000,0*5C
\s:66,c:1782377486*4C\!AIVDM,1,1,,B,B7`NjG0004kcLtM@i8GQ3we1l000,0*61
\s:66,c:1782377488*42\!AIVDM,1,1,,A,16:6VhPP00`g:AhACdNf4?vn2F00,0*2E
\s:66,c:1782377426*46\!AIVDM,1,1,,A,15NuijP000JeAS<G7lbH=6Fj0000,0*6A
\s:66,c:1782377488*42\!AIVDM,1,1,,A,139kDo0P1KPeR0nN`kQ:=wvp2<5<,0*1B
\s:66,c:1782377487*4D\!AIVDM,1,1,,B,15SW6201B8wP<ipJs5:hphdf0H@3,0*17
\s:66,c:1782377487*4D\!AIVDM,1,1,,B,E>nrAad17TPh1:8000000000000>EsMoq9w7p00003eP10,4*0E
\s:66,c:1782377490*4B\!AIVDM,1,1,,A,16oa=@o00mvhQ0P;D:7:oqFr0<37,0*15
\s:66,c:1782377491*4A\!AIVDM,1,1,,A,35NfnG000fJRSO8E7rVtRb5p0000,0*1C
\s:66,c:1782377490*4B\!AIVDM,1,1,,A,15NfnG000gJRSO6E7rW<RJ4v0L2L,0*75
\s:66,c:1782377487*4D\!AIVDM,1,1,,B,16SfH9PP009=QohD4V4V3?vor<00,0*2B
\s:66,c:1782377483*49\!AIVDM,1,1,,B,177TIH002VWb8N<;hN:lPkRh0<3e,0*4A
\s:66,c:1782377482*48\!AIVDM,1,1,,B,13s=OC?P01wH;CrGT9S>4?vb2@<s,0*5B
\s:66,c:1782377487*4D\!AIVDM,1,1,,A,19NSbODwQ<7J`G80WERjKR0l0<BD,0*77
\s:66,c:1782377488*42\!AIVDM,1,1,,B,19NSFIh02RLb>k;im8nPt0hD00Rm,0*12
\s:66,c:1782377485*4F\!AIVDM,1,1,,A,33ctTf9P00Pg1?:HM5Jv4?vh0000,0*70
\s:66,c:1782377485*4F\!AIVDM,1,1,,A,18Hvo1dP00WJu400gN:N4?vj28>g,0*3E
\s:66,c:1782377487*4D\!AIVDM,1,1,,A,13o;9j51@0Q2K@:DR<LhS1rh0000,0*73
\s:66,c:1782377490*4B\!AIVDM,1,1,,A,15NDo?0P00I<laRA32Uf4?vr0000,0*4E
\s:66,c:1782377491*4A\!AIVDM,1,1,,B,33u>Bb002bQF7I`R2epDNCbv21hQ,0*05
\s:66,c:1782377491*4A\!AIVDM,1,1,,A,13`ofh?jP0PGCV6NOgd>4?vr2000,0*15
\s:66,c:1782377491*4A\!AIVDM,1,1,,A,13:dil001w7`>G5wwiuL;Ik00<0:,0*5D
\s:66,c:1782377492*49\!AIVDM,1,1,,B,1772Fo002G7mGkH9R1U5CT>t0@BO,0*5E
\s:66,c:1782377494*4F\!AIVDM,1,1,,A,15?dUG@01j7Q=wp1Oot7q6>v0hCb,0*38
\s:66,c:1782377488*42\!AIVDM,1,1,,B,H5Ngrp4U71B=9>0G4:mklk1@9330,0*6C
\s:66,c:1782377493*48\!AIVDM,1,1,,B,1815<0@0070HEa@E;44jlc2l0@Cb,0*5B
\s:66,c:1782377488*42\!AIVDM,1,1,,A,13cVuIgP0jPshl>EIW?:pwvp2000,0*04
\s:66,c:1782377493*48\!AIVDM,1,1,,,B3`lQ7h08p66tL7UJweowwhUsP06,0*19
\s:66,c:1782377490*4B\!AIVDM,1,1,,A,339Iq800000kuhfOAM2iBQMp0000,0*09
\s:66,c:1782377494*4F\!AIVDM,1,1,,B,15?dPLP00T3mB7r>>3=RDQu20D61,0*46
\s:66,c:1782377490*4B\!AIVDM,1,1,,A,E>jHDJ1aRPW@80`0P000000000006Rqv?=r2Im08DPg000,4*46
\s:66,c:1782377494*4F\!AIVDM,1,1,,A,1:faHrPP00td0PqjCdKv4?w22L5G,0*23
\s:66,c:1782377494*4F\!AIVDM,1,1,,B,14eH>oh000rgKVLJ4HU48Q140D0U,0*6A
\s:66,c:1782377492*49\!AIVDM,1,1,,A,C:0MLW0009nABM0<MA0000N0<Wij0000000000000000S88?5V2P,0*6B
\s:66,c:1782377495*4E\!AIVDM,1,1,,A,19NSQi@wAFQ8TLlCgfb5n4m00<2N,0*44
\s:66,c:1782377495*4E\!AIVDM,1,1,,B,18Hvo1dP00WJu4@0gN:>4?w62<4u,0*7C
\s:66,c:1782377493*48\!AIVDM,1,1,,A,13=oFb0029woRKJL`7bjq2Dt0HC<,0*75
\s:66,c:1782377493*48\!AIVDM,1,1,,B,18;OR;8018`aC5@8D5LagWu02<9U,0*74
\s:66,c:1782377496*4D\!AIVDM,1,1,,B,16SfN0gP009=;LhCu0d`COw7pHE4,0*42
\s:66,c:1782377496*4D\!AIVDM,1,1,,A,H6:bMW0`T4pLQD4W7SSP0000000,2*35
\s:66,c:1782377496*4D\!AIVDM,1,1,,A,H6:bMW56?F10200hnki0000`a450,0*67
\s:66,c:1782377494*4F\!AIVDM,1,1,,A,16:8u4P01l8N9H:F8slkrCC208D8,0*5C
\s:66,c:1782377496*4D\!AIVDM,1,1,,B,13tgNN00000hQCJQ1mgJ3WK:00Rt,0*27
\s:66,c:1782377497*4C\!AIVDM,1,1,,A,3815cB1000rD6Kv53fbf40980Dg:,0*7C
\s:66,c:1782377491*4A\!AIVDM,1,1,,A,17lcU8hP00`=m7Mvcnb63?vl0`B2,0*29
\s:66,c:1782377494*4F\!AIVDM,1,1,,A,1:1Hm0<P07PmD02D@I?:e?w420Rd,0*7C
\s:66,c:1782377496*4D\!AIVDM,1,1,,A,169L0?oP008g1HtA?d8>4?w62U3<,0*08
\s:66,c:1782377492*49\!AIVDM,1,1,,A,18SJueP01nWQ8<21HkRi@i2v00Sh,0*56
\s:66,c:1782377493*48\!AIVDM,1,1,,A,33llhj001K0m6O8PuMo3lk3p0000,0*32
\s:66,c:1782377495*4E\!AIVDM,1,1,,B,38SR0u?00c7qnHD9EAN7Kn;40UPk,0*22
\s:66,c:1782377492*49\!AIVDM,1,1,,B,19NS?7P01724M6rGIh8ir1Q008Bw,0*79
\s:66,c:1782377497*4C\!AIVDM,1,1,,B,H52gmBDU7B=4000000000000?050,0*45
\s:66,c:1782377489*43\!AIVDM,1,1,,B,13HPGl000008T=0M:l=Pgk:p08AO,0*73
\s:66,c:1782377489*43\!AIVDM,1,1,,,18Huo?002a:a6D1lW0jlaCdr0000,0*71
\s:66,c:1782377370*42\!AIVDM,1,1,,A,3:U7HSi000M4`k=kOPI;vmlr0P00,0*23
\s:66,c:1782377487*4D\!AIVDM,1,1,,B,15?dVA00QsRui<<H7j2:V`Ll253<,0*02
\s:66,c:1782377488*42\!AIVDM,1,1,,B,169pWk0000`L4h0F@m1V?a<l0<?M,0*6B
\s:66,c:1782377484*4E\!AIVDM,1,1,,A,16Ks6B0viA:drvekun7`Q6UD0<0s,0*22
\s:66,c:1782377488*42\!AIVDM,1,1,,A,B3m:g>P0086PiP8rgTL000N00000,0*15
\s:66,c:1782377487*4D\!AIVDM,1,1,,A,138oe`3005SQPnT?mC600JRp0@@0,0*57
\s:66,c:1782377489*43\!AIVDM,1,1,,A,402;bFivad`kLwtMTVL??Jo00PS:,0*4E
\s:66,c:1782377490*4B\!AIVDM,1,1,,A,169CtW001k8fSw@A9=@WbG>r0@C4,0*24
\s:66,c:1782377483*49\!AIVDM,1,1,,,B3KMVtP008Nn3K8aPkv1WwcUoP06,0*08
\s:66,c:1782377485*4F\!AIVDM,1,1,,B,1815Sr0002wWJf<DcDU5DJTj053<,0*02
\s:66,c:1782377492*49\!AIVDM,1,1,,B,196dOdQ0?w<tSF0l4Q@>40av0d<P,0*4C
\s:66,c:1782377490*4B\!AIVDM,1,1,,B,13@nhko000PU=8vP2naf480rHHAC,0*64
\s:66,c:1782377490*4B\!AIVDM,1,1,,B,D03t;4@4Pf001Lf0024f000,2*12
\s:66,c:1782377489*43\!AIVDM,1,1,,A,16K3qTP000ajKlpD359Qu4Pp0D2s,0*3E
\s:66,c:1782377488*42\!AIVDM,1,1,,B,19NSbj002`3J<=eq@0M``W0n0H@M,0*47
\s:66,c:1782377483*49\!AIVDM,1,1,,B,3CgehK?P2avEhQbUs2hW3Ovd203j,0*3E
\s:66,c:1782377489*43\!AIVDM,1,1,,B,38I5=:00RU7V`RV2fLW8LFlp0Cdu,0*54
\s:66,c:1782377484*4E\!AIVDM,1,1,,B,ENkb:wjR@@@@@@@@@@@@@@@@@@@;kdPT9FmtH00003vP000,2*2B
\s:66,c:1782377491*4A\!AIVDM,1,1,,B,133s4FSP00PCJi0MEl1f4?vt20SV,0*2B
\s:66,c:1782377491*4A\!AIVDM,1,1,,A,B3mlkTP008<huh`KDkqsiSN00000,0*0A
\s:66,c:1782377489*43\!AIVDM,1,1,,B,19lW8v:P01Q2K4=jp6;<egv`253<,0*25
\s:66,c:1782377491*4A\!AIVDM,1,1,,B,18HsFfPP017JLSN0edbGtgvv0@BA,0*6E
\s:66,c:1782377491*4A\!AIVDM,1,1,,B,35?dhph3Q93qn6p>Dvrc7q2t00p@,0*14
\s:66,c:1782377487*4D\!AIVDM,1,1,,A,13KHsR001:1OQi6RD2jcDpv00000,0*22
\s:66,c:1782377490*4B\!AIVDM,1,1,,A,17m3vc?P3?7Ll0>0TAaDC?vr0D3R,0*7C
\s:66,c:1782377492*49\!AIVDM,1,1,,A,169@?K001K`gf>@AhW8bj`vv2Lo<,0*4A
\s:66,c:1782377492*49\!AIVDM,1,1,,A,13Abld001rWIs>L0e9T`46Fv80Ro,0*0C
\s:66,c:1782377493*48\!AIVDM,1,1,,A,13aDrHOP00PG4;vN18cqKww028C<,0*11
\s:66,c:1782377494*4F\!AIVDM,1,1,,A,19NSa50vC8JIWAl2v<RF2Dk00HD4,0*6A
\s:66,c:1782377494*4F\!AIVDM,1,1,,B,16:616P01B8hEd8Ak2G:THk4053<,0*5F
\s:66,c:1782377494*4F\!AIVDM,1,1,,B,15D5<b001B7If<H0anV4W3i20D<J,0*71
\s:66,c:1782377493*48\!AIVDM,1,1,,B,15?dP:001w7JCnF0cai:T8Hv0D=@,0*7A
\s:66,c:1782377491*4A\!AIVDM,1,1,,A,15NGquPP00GN3c<CUtr;g?vt08B?,0*4E
\s:66,c:1782377494*4F\!AIVDM,1,1,,A,16T5wD0P?w<tSF0l4Q@>4?wp00Rr,0*6D
\s:66,c:1782377494*4F\!AIVDM,1,1,,A,19NSbj002`3J<79q?wc`c71208Cf,0*62
\s:66,c:1782377491*4A\!AIVDM,1,1,,A,35NGquPOh0GN3bhCUts;f9Ip0000,0*16
\g:1-2-5198566,s:66,c:1782377493*0A\!AIVDM,2,1,6,A,5kaGCWCwwwwu0;OC7<1@595DTp0000000000000T1`33100Ht0000000,0*65
\g:2-2-5198566*6D\!AIVDM,2,2,6,A,000000000000000,2*22
\s:66,c:1782377495*4E\!AIVDM,1,1,,A,18I5=:00BU7V`MD2fKeHLFm400S?,0*46
\s:66,c:1782377490*4B\!AIVDM,1,1,,B,402E3N1vad`kNP@jffMeS3w020S:,0*32
\s:66,c:1782377491*4A\!AIVDM,1,1,,B,B39Wl;P06@>8DkUJrq9sSwf1h000,0*2F
\s:66,c:1782377494*4F\!AIVDM,1,1,,B,16:CAHPP138h29<ATUIedQLv053<,0*5E
\s:66,c:1782377492*49\!AIVDM,1,1,,A,13ku8uP02bPVBE2GUvEqrGrv2d5s,0*05
\s:66,c:1782377491*4A\!AIVDM,1,1,,B,B3uBuwP0101`pHURltrHgwg5oP06,0*37
\s:66,c:1782377493*48\!AIVDM,1,1,,A,1kaGCW@P000P==tNOwqcNgv1uwww,0*42
\s:66,c:1782377495*4E\!AIVDM,1,1,,B,169>9tP01S8hcO@Afv042js40<3r,0*51
\s:66,c:1782377495*4E\!AIVDM,1,1,,A,19NSgPPwBrWDbK@14i=sQqA60<2C,0*61
\s:66,c:1782377493*48\!AIVDM,1,1,,A,B3m:g>P0086PiQ`rgT@000N00000,0*40
\s:66,c:1782377495*4E\!AIVDM,1,1,,B,377AeB1004:ddWMkq3o@>3K60DSb,0*66
\s:66,c:1782377494*4F\!AIVDM,1,1,,B,16:7Nv001V`lGB0Ck9Kv3h2j00S2,0*07
\s:66,c:1782377494*4F\!AIVDM,1,1,,B,16Ks6B0vA@:drqOkumG`T6Ud053<,0*36
\s:66,c:1782377497*4C\!AIVDM,1,1,,A,15?dVA0wisRuhtDH7j4bV`M82@Er,0*09
\s:66,c:1782377498*43\!AIVDM,1,1,,A,1kaGCW@P000P==tNOwqcNgv1uwww,0*42
\s:66,c:1782377495*4E\!AIVDM,1,1,,B,19NSpu@02O85q;D8QaC@o0e0053<,0*30
\s:66,c:1782377492*49\!AIVDM,1,1,,A,13aGCHhP1LPI>bnMam`LdOw020S3,0*04
\s:66,c:1782377495*4E\!AIVDM,1,1,,A,19NSN@002iNiI30<wdpF`EE60`L>,0*66
\s:66,c:1782377498*43\!AIVDM,1,1,,,B3KMVtP008Nn3J8aPkn1WwiUoP06,0*1B
\s:66,c:1782377496*4D\!AIVDM,1,1,,A,B3mlkTP008<huh`KDkusiSN00000,0*0E
\s:66,c:1782377498*43\!AIVDM,1,1,,B,1815TeP1QOKW4O4K`ggKaqQ608E=,0*52
\s:66,c:1782377487*4D\!AIVDM,1,1,,,B5O;PMP00>Qb5IV9R>8QCweUwP06,0*17
\s:66,c:1782377489*43\!AIVDM,1,1,,B,18Hw7t0P@1WL@n`0iPUf460h20Ru,0*51
\s:66,c:1782377489*43\!AIVDM,1,1,,B,19t6UI0P007E2O@15FiQe?vr0HAO,0*0E
\s:66,c:1782377490*4B\!AIVDM,1,1,,B,38I8=F50001DLjwdV:PibT>t0Dg:,0*61
\s:66,c:1782377486*4C\!AIVDM,1,1,,B,15NQAEPP01o@VbtK>GLf4?vl2<0L,0*2F
\s:66,c:1782377487*4D\!AIVDM,1,1,,A,16:R0bP01M`iQWFAg=@anp<n2<5m,0*6E
\s:66,c:1782377489*43\!AIVDM,1,1,,B,B8HuA8@00InoGl0;W``03wf4kP06,0*7F
\g:1-2-5198567,s:66,c:1782377484*0D\!AIVDM,2,1,7,B,53asgJ42AwwU09`b220Dh8D8u8N2222222222216@`<4<ueg0@QRCmC8,0*1A
\g:2-2-5198567*6C\!AIVDM,2,2,7,B,888888888888880,2*20
\s:66,c:1782377483*49\!AIVDM,1,1,,A,169@>6001R8f@qPA=S97Gn4d0<;L,0*2F
\s:66,c:1782377488*42\!AIVDM,1,1,,B,16;Mwn01iU`UO;PF=rD4DkLl08@D,0*1B
\s:66,c:1782377489*43\!AIVDM,1,1,,A,169ED=?P008gq;8A6D1>4?vp053<,0*5D
\s:66,c:1782377487*4D\!AIVDM,1,1,,A,152QFp002;J56gd=q`rrHHBj0<06,0*3A
\s:66,c:1782377487*4D\!AIVDM,1,1,,B,1815:J@11a1fQl1d?qhJA86p053<,0*1F
\s:66,c:1782377489*43\!AIVDM,1,1,,,B7OmH7P0?JbW=lr>om<8OwfQl000,0*27
\s:66,c:1782377488*42\!AIVDM,1,1,,A,13mncR0P001dFBF`Jef:HgvnP53<,0*2F
\s:66,c:1782377490*4B\!AIVDM,1,1,,B,4028f0Qvad`kM09r:RGatPgP20S:,0*54
\s:66,c:1782377490*4B\!AIVDM,1,1,,B,13dah80vB5wD3cBE1@nU`TNp053<,0*6D
\s:66,c:1782377490*4B\!AIVDM,1,1,,A,19NSHEPvP:RhaA`<gBV5qVVp053<,0*79
\s:66,c:1782377492*49\!AIVDM,1,1,,A,13ku;@P01;P7@=2M;W8QfQJv00SG,0*54
\s:66,c:1782377479*4C\!AIVDM,1,1,,A,169GQjPth68P:?HFEpK39k4R00Rt,0*22
\s:66,c:1782377491*4A\!AIVDM,1,1,,B,19NSU5@0R47Lu5T0g:9J7H4j08?h,0*49
\s:66,c:1782377492*49\!AIVDM,1,1,,B,169@>6001T8f@p0A=R;WKF6v08Bf,0*4B
\s:66,c:1782377492*49\!AIVDM,1,1,,,B5O;PMP00>Qb5IV9R><Ncwh5wP06,0*41
\s:66,c:1782377492*49\!AIVDM,1,1,,B,402E:u1vad`kPPCGL6ML5Rw028C2,0*74
\s:66,c:1782377487*4D\!AIVDM,1,1,,A,13GQkGPP2tvqSiF@6P19iOvl0h@4,0*1D
\s:66,c:1782377491*4A\!AIVDM,1,1,,B,19NSr`P02;Nlw4H>MSh7vVDr08BS,0*12
\s:66,c:1782377492*49\!AIVDM,1,1,,A,B3P=ie@00>qrLFQo2NK6jON00000,0*25
\s:66,c:1782377493*48\!AIVDM,1,1,,A,1:U8U8PP00Lr<`sjr3CA1ww20pCE,0*50
\s:66,c:1782377494*4F\!AIVDM,1,1,,A,16;O=v001J8jq=0DdEhVumS200RN,0*75
\s:66,c:1782377494*4F\!AIVDM,1,1,,A,15N4ehd00gJdP1dG@RrbU8M60<41,0*27
\s:66,c:1782377490*4B\!AIVDM,1,1,,A,13GQBVgP1nOGU02H:WQ:Igvr28Ad,0*5A
\s:66,c:1782377489*43\!AIVDM,1,1,,A,13`lOt0P00PDQJ2Me?Q>4?vr253<,0*31
\s:66,c:1782377495*4E\!AIVDM,1,1,,A,34QsFJP00PK75@N6tRaD93Mp0000,0*4A
\s:66,c:1782377491*4A\!AIVDM,1,1,,B,13gU9@8P00NhUopUjf4=fOvv053<,0*1B
\s:66,c:1782377490*4B\!AIVDM,1,1,,A,B6136L001`q1cQT21QABwwfQoP04,0*00
\s:66,c:1782377490*4B\!AIVDM,1,1,,A,19NSlQP01sPh`q4EQ5Ms4ppp00T0,0*0E
\s:66,c:1782377495*4E\!AIVDM,1,1,,A,B52O?DP00>TOKMTd5Ue4hoN00000,0*5C
\s:66,c:1782377495*4E\!AIVDM,1,1,,B,B3pscP00:0@AnqWr@`9U3wi5kP06,0*3C
\s:66,c:1782377496*4D\!AIVDM,1,1,,A,D>jQMS140w6E6`w6Erdw6D0,2*3B
\s:66,c:1782377493*48\!AIVDM,1,1,,B,137osV31000<l90N5QenA`Vv0@CE,0*67
\s:66,c:1782377491*4A\!AIVDM,1,1,,B,13l3pm@000sV34L65N:5s`Bp08B8,0*6A
\s:66,c:1782377495*4E\!AIVDM,1,1,,B,152QFp002;J56Tp=q`k:HHC20HDw,0*57
\s:66,c:1782377496*4D\!AIVDM,1,1,,B,H7mRJDTN?>G1000I51mnlj000000,0*7E
\s:66,c:1782377496*4D\!AIVDM,1,1,,B,69t6UI0000cl8DnfUbgN;`H,2*00
\s:66,c:1782377498*43\!AIVDM,1,1,,B,35QH=P50000EmLtMwU4IsE360Dcb,0*26
\s:66,c:1782377495*4E\!AIVDM,1,1,,A,18Hw7t0P@1WL@n`0iPUv45vt253<,0*36
\s:66,c:1782377496*4D\!AIVDM,1,1,,,B5O;PMP00>Qb5HV9R><M;wiUwP06,0*7A
\s:66,c:1782377496*4D\!AIVDM,1,1,,B,16:DqrP00j`9>ch<iIlI2V162<83,0*56
\s:66,c:1782377492*49\!AIVDM,1,1,,B,13aL?>HP0i0Gc@fNP7iVWww00@Bi,0*52
\s:66,c:1782377489*43\!AIVDM,1,1,,B,13MBw;kP@iP8:0FOC`@BOR>p0D1W,0*7D
\s:66,c:1782377484*4E\!AIVDM,1,1,,B,14eI9Rh023G:LebL7cJDK3Nf00SS,0*4E
\s:66,c:1782377490*4B\!AIVDM,1,1,,,14eJLhU000KcPj6NQPf4oShv0000,0*17
\s:66,c:1782377487*4D\!AIVDM,1,1,,A,13lCH4000rK1Haj:QtRdL:8l0<0A,0*7A
\s:66,c:1782377489*43\!AIVDM,1,1,,A,13Ej6H7P0GP2JEtF?W2=4gvp2<0L,0*7A
\s:66,c:1782377489*43\!AIVDM,1,1,,A,13VgM<0128Nd1dJ;<T;P3h4r0@A8,0*76
\s:66,c:1782377491*4A\!AIVDM,1,1,,B,17ldT3pP02W`u9mtP:tdHwvt253<,0*43
\s:66,c:1782377491*4A\!AIVDM,1,1,,B,13m=7H00000Is=RSbIa:2pLr0@B2,0*32
\s:66,c:1782377490*4B\!AIVDM,1,1,,A,33ku9th01p0=W2tGCC7`E6br009C,0*79
\s:66,c:1782377485*4F\!AIVDM,1,1,,B,13nQU`000017VTdWMcL<8ANf053<,0*1F
\g:1-2-5198568,s:66,c:1782377491*06\!AIVDM,2,1,8,A,53ku9tp2<GHl=4TGL0105DhTpF19E=<0000000171r<=7=e;0?i6SClh,0*61
\g:2-2-5198568*63\!AIVDM,2,2,8,A,000000000000000,2*2C
\s:66,c:1782377493*48\!AIVDM,1,1,,A,14aa0f5OhWOeiN>2wWJ7<FO00HCG,0*15
\s:66,c:1782377491*4A\!AIVDM,1,1,,B,36:98SU0008fn4bADtghvOv00000,0*4A
\s:66,c:1782377491*4A\!AIVDM,1,1,,B,177j@p00Qp8<Dg>8NG=HF6f>08AH,0*1B
\s:66,c:1782377488*42\!AIVDM,1,1,,A,B69GoCh80B2ibK3>japBwwdTQP06,0*53
\s:66,c:1782377485*4F\!AIVDM,1,1,,B,13LBbkP0171SSUfRAwsWMUt00000,0*58
\s:66,c:1782377488*42\!AIVDM,1,1,,A,19NSOgP01`7ka>j9dbTtfr<l00T3,0*7F
\s:66,c:1782377490*4B\!AIVDM,1,1,,A,13`n><0000PHukDNKEVirRhn08Ad,0*1E
\s:66,c:1782377492*49\!AIVDM,1,1,,B,171DmP0P004215v>PEAF0Ovv0@C;,0*24
\s:66,c:1782377488*42\!AIVDM,1,1,,A,B39LGp00<pAPMw`H8InhGwf5oP06,0*77
\s:66,c:1782377489*43\!AIVDM,1,1,,A,14R87H001e00V:JLpde9m7nt0<36,0*09
\s:66,c:1782377489*43\!AIVDM,1,1,,A,B7tKg2P009krjEPJlA;Q3wf6SP06,0*2A
\s:66,c:1782377489*43\!AIVDM,1,1,,B,13ktuaP0150:ljBMQ8LQLi<p053<,0*5C
\s:66,c:1782377493*48\!AIVDM,1,1,,B,B39ia5P0:Wmm485HQLqqCwh1jL5;,0*74
\s:66,c:1782377491*4A\!AIVDM,1,1,,A,34Rq`Q1P02wrWNBRLPuCfGHr0000,0*6D
\s:66,c:1782377491*4A\!AIVDM,1,1,,A,15?d`0h01KLASw5w;F>:67rv08BU,0*03
\s:66,c:1782377493*48\!AIVDM,1,1,,,13lCH4000rK1HWL:QtotKr;2053<,0*63
\s:66,c:1782377490*4B\!AIVDM,1,1,,A,13mbwO00000uwSVVu6Q7a1lt0<0n,0*4D
\s:66,c:1782377493*48\!AIVDM,1,1,,A,ENjbWBaqsL@@@@@@@@@@@@@@@@@@Kgww@aE:H00000N0100,2*58
\s:66,c:1782377488*42\!AIVDM,1,1,,A,33uB3h00001>O2NS1N@8L4wp0000,0*5D
\s:66,c:1782377493*48\!AIVDM,1,1,,A,152Hwf0000rA;bt>rGOv45u20PSP,0*40
\s:66,c:1782377490*4B\!AIVDM,1,1,,A,14eGM4w000nr?5hLtgmIhafp08AT,0*38
\s:66,c:1782377492*49\!AIVDM,1,1,,,B7OfKAP00Jb;beM6NCcHOwh5oP06,0*74
\s:66,c:1782377489*43\!AIVDM,1,1,,B,13LAtV001W1Wus`R=9ibFH@00000,0*4D
\s:66,c:1782377491*4A\!AIVDM,1,1,,,13=@325000PF:ifHmmNB4D928000,0*08
\s:66,c:1782377494*4F\!AIVDM,1,1,,,14eJLhU000KcPj6NQPf4oSi60000,0*56
\s:66,c:1782377496*4D\!AIVDM,1,1,,,13MBw;k00hP8:4vOC`JBQB?60000,0*4B
\s:66,c:1782377496*4D\!AIVDM,1,1,,B,16:<5l0P008Qp9hFHNqP>ww6053<,0*36
\g:1-2-5198569,s:66,c:1782377492*04\!AIVDM,2,1,9,A,53lCH482?`=sTP7GO;<<l60<Ln1=E8485T622216A@RD75da0Fi3hhEH,0*08
\g:2-2-5198569*62\!AIVDM,2,2,9,A,888888888888880,2*2D
\s:66,c:1782377496*4D\!AIVDM,1,1,,B,19NST;h02M7>SM41VUJscIG8053<,0*0F
\s:66,c:1782377496*4D\!AIVDM,1,1,,,B7OfKAP00Jb;bfM6NCcHOwj5oP06,0*75
\s:66,c:1782377497*4C\!AIVDM,1,1,,B,16K9NP001s0P5rHGm;7ifiI40D>4,0*20
\s:66,c:1782377493*48\!AIVDM,1,1,,A,13cpbE0000Pg:CpHsAFP08u00000,0*0F
\s:66,c:1782377495*4E\!AIVDM,1,1,,A,35?d`2@PB;7MSBL0g1URpj?400Ph,0*2F
\s:66,c:1782377491*4A\!AIVDM,1,1,,B,15O:=pP000JdsVrG@HPJ1Rdt0<54,0*2B
\s:66,c:1782377495*4E\!AIVDM,1,1,,B,18:bcG00?w<tSF0l4Q@>4;?v0t1U,0*64
\s:66,c:1782377495*4E\!AIVDM,1,1,,A,13:UM4001q8Kn7pFBFM3wC8T08DB,0*42
\s:66,c:1782377494*4F\!AIVDM,1,1,,B,15?ddJP003OufJVEsajSHaA408D?,0*36
\s:66,c:1782377492*49\!AIVDM,1,1,,B,402Pe<Qvad`kOOJ8h`GI6Ri00@Br,0*3A
\s:66,c:1782377492*49\!AIVDM,1,1,,B,D02Pe<QMdTfq8hl9H0,4*28
\s:66,c:1782377497*4C\!AIVDM,1,1,,A,16:IReP01M8gAePA4a22Dj5600S1,0*09
\s:66,c:1782377498*43\!AIVDM,1,1,,A,13`dg?PP00PF;ldMwf7P0?w4253<,0*22
\s:66,c:1782377485*4F\!AIVDM,1,1,,A,B3mV6r0008<?G4`TQtP000N00000,0*5F
\s:66,c:1782377487*4D\!AIVDM,1,1,,A,35URl0001V8W8mnBDGtj@Ann02uQ,0*30
\s:66,c:1782377305*40\!AIVDM,1,1,,A,3:U7V31sP5M4Uq=kOtwUHUdf8lvJ,0*6A
\s:66,c:1782377488*42\!AIVDM,1,1,,B,15NQEIdOi0q<kH2A2olLAavp0D6?,0*7B
\s:66,c:1782377487*4D\!AIVDM,1,1,,A,134;fJ01BHNePo0;3?h74ETj88?i,0*59
\s:66,c:1782377483*49\!AIVDM,1,1,,A,139TbK00170Pf;dNdRfF0lVl0H>w,0*30
\s:66,c:1782377486*4C\!AIVDM,1,1,,B,13ICN80P@vOQkS4KFbE3`jln0@?f,0*27
\s:66,c:1782377490*4B\!AIVDM,1,1,,A,19NSW5@01sqf1Ch=udg:Qp:r0@A0,0*77
\s:66,c:1782377487*4D\!AIVDM,1,1,,A,160p<t0t@?4wLo0<u2:toqNn053<,0*43
\s:66,c:1782377489*43\!AIVDM,1,1,,B,16oaACmP0643;M2>1OOlpwvn2PRe,0*7F
\s:66,c:1782377490*4B\!AIVDM,1,1,,A,B52UIl000=krdLVlR:L000N00000,0*7F
\s:66,c:1782377488*42\!AIVDM,1,1,,A,B5O3:jP006QKai3v9aD000N00000,0*1E
\s:66,c:1782377487*4D\!AIVDM,1,1,,A,16;3L`001d8bmrh?K6S`E6Nl053<,0*57
\s:66,c:1782377488*42\!AIVDM,1,1,,A,33LF3@00001Eu@PO:b@laPap0000,0*55
\s:66,c:1782377487*4D\!AIVDM,1,1,,A,139aBr0000PeeS6O6:oN4:Ln2000,0*35
\s:66,c:1782377489*43\!AIVDM,1,1,,B,B3IH<2P0?0GpFJ5PpuRuEN>0p000,0*0D
\s:66,c:1782377483*49\!AIVDM,1,1,,A,3815ct11@18it5@A9O=3ui`f0Dg:,0*15
\s:66,c:1782377489*43\!AIVDM,1,1,,A,13IQ?i00000:l;DM=:a8khpr053<,0*6B
\s:66,c:1782377486*4C\!AIVDM,1,1,,A,15?diO@01J`jmcdAb5LFGltj08>n,0*45
\s:66,c:1782377490*4B\!AIVDM,1,1,,B,18I7TE002;7Uljr2W?qi2hlt0<0i,0*09
\s:66,c:1782377490*4B\!AIVDM,1,1,,A,13:4Cb002P0F:ClNbkJPtPpr0000,0*71
\s:66,c:1782377490*4B\!AIVDM,1,1,,B,B3MCn6@0jGuEKKW3q=WDFd?1n0Mi,0*02
\s:66,c:1782377485*4F\!AIVDM,1,1,,A,18R3Ao00053W8s0?K6Tam7Bj0LJD,0*0D
\s:66,c:1782377489*43\!AIVDM,1,1,,A,16:WsNP000`dq96AsSw1S?vp0000,0*26
\s:66,c:1782377483*49\!AIVDM,1,1,,A,339`gIS0000e;f0N`TW0001p0000,0*56
\s:66,c:1782377492*49\!AIVDM,1,1,,A,33eTMt5000PB=8JMfq:ABQ2v0DiJ,0*57
\s:66,c:1782377488*42\!AIVDM,1,1,,A,13aL>HhP00PFKHVMv8BQBOvp2<4P,0*75
\s:66,c:1782377485*4F\!AIVDM,1,1,,B,D03t:CQU`f01V@f01RPf01S8f00,2*77
\s:66,c:1782377490*4B\!AIVDM,1,1,,A,B3mV6r0008<?G4`TQtP000N00000,0*5F
\s:66,c:1782377492*49\!AIVDM,1,1,,B,169@6c50008fVJhA3Qk=l;201P06,0*66
\s:66,c:1782377491*4A\!AIVDM,1,1,,B,402=a@Avad`kN069FPM@ROOP2@B>,0*50
\s:66,c:1782377493*48\!AIVDM,1,1,,B,18HsOV0P00WL?vh0iWj>4?w028CC,0*48
\s:66,c:1782377493*48\!AIVDM,1,1,,A,33MA><0Ohw0A8?`MJaqInH9200w@,0*1A
\s:66,c:1782377392*4E\!AIVDM,1,1,,B,36:7O31001`MSNHF1:AEvp5N0000,0*1D
\s:66,c:1782377489*43\!AIVDM,1,1,,B,B39I;9P0@h<G<``M:39SswfQh53<,0*66
\s:66,c:1782377493*48\!AIVDM,1,1,,A,17ldMgwP00`Fiv1wCO000?w020RC,0*0D
\s:66,c:1782377495*4E\!AIVDM,1,1,,A,19NSLdSv@2M93K1kEP1aQJ5200Rl,0*7D
\s:66,c:1782377488*42\!AIVDM,1,1,,A,35NHsAgP0ir:bbTAHmEtHI@p0000,0*02
\s:66,c:1782377493*48\!AIVDM,1,1,,B,ENk`sVdHRa@@@@@@@@@@@@@@@@@=As;I;AI2800003vP000,2*3C
\s:66,c:1782377493*48\!AIVDM,1,1,,B,18Id7001ir65Up03HSt:KHI000S9,0*7C
\s:66,c:1782377490*4B\!AIVDM,1,1,,B,402E:rQvad`kM0FJE6MvABW00<7w,0*26
\s:66,c:1782377494*4F\!AIVDM,1,1,,A,14Rq1n000<2>kMufsDS6?U?0053<,0*57
\s:66,c:1782377495*4E\!AIVDM,1,1,,A,B52UIl000=krdMVlR:T000N00000,0*66
\s:66,c:1782377477*42\!AIVDM,1,1,,B,B3S4=O00C@BjGbV;Sc0j?wdQh000,0*6D
\s:66,c:1782377314*40\!AIVDM,1,1,,B,15?dath01bOMq=AeV`FSik1408D:,0*5C
\s:66,c:1782377496*4D\!AIVDM,1,1,,A,13d5kF0P00Q8lV8F0`F3=?w600S<,0*1C
\s:66,c:1782377496*4D\!AIVDM,1,1,,A,18I7TE002:7Uln@2W@gA2Pm80@E8,0*51
\s:66,c:1782377492*49\!AIVDM,1,1,,A,14eGoM`P00o2bv0L`Ib>4?w02000,0*1D
\s:66,c:1782377495*4E\!AIVDM,1,1,,B,18I<tN001i:>M2rGoqUrMpE20<0O,0*75
\s:66,c:1782377493*48\!AIVDM,1,1,,A,139K3A01QFOT7TBKTNlA80w20<1P,0*54
\s:66,c:1782377492*49\!AIVDM,1,1,,B,134;fJ0ujHNePo0;3>iVwUTv8<3k,0*12
\s:66,c:1782377496*4D\!AIVDM,1,1,,A,B3mV6r0008<?G5`TQtP000N00000,0*5E
\s:66,c:1782377497*4C\!AIVDM,1,1,,B,160p<t0tP?4wLn<<u2DLjIK:0<4k,0*2E
\s:66,c:1782377496*4D\!AIVDM,1,1,,B,E>jM4;7:0W3Ra@6RR@I00000000?kEJP:A0KP10888j>:0,4*5B
\s:66,c:1782377493*48\!AIVDM,1,1,,B,139`gISP00Pe;erN`TW>4?w220R?,0*78
\s:66,c:1782377492*49\!AIVDM,1,1,,,B5O3h8P00>`nU46;ofF7kwgUoP06,0*5F
\s:66,c:1782377494*4F\!AIVDM,1,1,,B,B6:c9A000225;:3@=A`000A7QP06,0*5A
\s:66,c:1782377495*4E\!AIVDM,1,1,,B,13ku7C012k3o;DAlpGKHn7720D02,0*05
\s:66,c:1782377491*4A\!AIVDM,1,1,,A,33P7TgP000Olj84LuCFh001p0000,0*42
\s:66,c:1782377494*4F\!AIVDM,1,1,,,13JekH13@6OQcbt2c@83;lrv053<,0*35
\s:66,c:1782377491*4A\!AIVDM,1,1,,B,13`jgQPP000D?MdMdRbv4?vt053<,0*15
\s:66,c:1782377493*48\!AIVDM,1,1,,A,18HsChPP3I7Kg>F0cwjJ4?w20D:`,0*42
\g:1-2-5198570,s:66,c:1782377497*09\!AIVDM,2,1,0,A,53eETl80?M>gTP7CS?498TL4@ttp00000000000U2P@444ni05SCkP@k,0*6C
\g:2-2-5198570*6A\!AIVDM,2,2,0,A,h00000000000000,2*7C
\s:66,c:1782377496*4D\!AIVDM,1,1,,B,35O4RcPPAEI=1h`@tL?CBjS600o@,0*46
\s:66,c:1782377496*4D\!AIVDM,1,1,,A,13cPdF0000PBp<hMgNNN40u628Du,0*1B
\s:66,c:1782377489*43\!AIVDM,1,1,,A,388fgf06ACEC?OCmuvdttr2r0000,0*7B
\s:66,c:1782377489*43\!AIVDM,1,1,,B,B3GQ:k00@Gn17;V2hff5<0@UkP06,0*5A
\s:66,c:1782377497*4C\!AIVDM,1,1,,A,144Vfm0vRU7Twat2@IsHSVm600Rf,0*60
\s:66,c:1782377490*4B\!AIVDM,1,1,,B,169a3I0P@I8QTLlFH<AP7bhv053<,0*16
\s:66,c:1782377496*4D\!AIVDM,1,1,,B,ENk`sT<Hqh@@@@@@@@@@@@@@@@@=Apfd:V>r@00003vP000,2*66
\s:66,c:1782377496*4D\!AIVDM,1,1,,B,4023Qvivad`kS12=2tDSlHW008Dw,0*52
\s:66,c:1782377496*4D\!AIVDM,1,1,,A,18L9=d5P@f7K2l00eFlmKTw:0<8K,0*6D
\s:66,c:1782377496*4D\!AIVDM,1,1,,A,B39EgK00F03Ih`5`:8viCwiQh0QS,0*1D
\s:66,c:1782377497*4C\!AIVDM,1,1,,A,B52itMP00>T50?3sD4P01NN00000,0*62
\s:66,c:1782377487*4D\!AIVDM,1,1,,A,15O?bh;2@Lo?IovKCQ9WAOvj0<42,0*72
\s:66,c:1782377488*42\!AIVDM,1,1,,A,36ShcW5P08a=`p@D4@im7wvn2000,0*23
\s:66,c:1782377482*48\!AIVDM,1,1,,B,B3IJA:P0<82iG4UaiCidSwbUoP06,0*59
\s:66,c:1782377487*4D\!AIVDM,1,1,,A,13`fJa@P00PDB>:MdWAf4?vl2D7U,0*17
\s:66,c:1782377487*4D\!AIVDM,1,1,,A,13`lS5kP00PEpglNC4Pf4?vl2L1g,0*2D
\s:66,c:1782377489*43\!AIVDM,1,1,,B,13:krn000:1neVidaH3s7b>r0@@v,0*37
\s:66,c:1782377488*42\!AIVDM,1,1,,,13eauP0vjOHBnGaraEs21AVl8000,0*30
\s:66,c:1782377490*4B\!AIVDM,1,1,,A,B6:joFP00B9h?54T`Bf91ev021Mk,0*48
\s:66,c:1782377488*42\!AIVDM,1,1,,A,33m7o?P0000kT8jU6i0P001p0000,0*3A
\s:66,c:1782377491*4A\!AIVDM,1,1,,B,18KW660OhH7L3GN0gkkBbS4n0D:s,0*6D
\s:66,c:1782377485*4F\!AIVDM,1,1,,A,13aIpgPP00PD>26MdR0>4?vh28>d,0*05
\s:66,c:1782377489*43\!AIVDM,1,1,,A,34eGMEUP01G=C0HL8bCo>gvp0Dh:,0*0D
\s:66,c:1782377488*42\!AIVDM,1,1,,A,13ku;vh02c9k?I08:M<mRlBp0L03,0*07
\s:66,c:1782377490*4B\!AIVDM,1,1,,B,19WUAj3P01PCje0MEv>f4?vt2<5k,0*35
\s:66,c:1782377492*49\!AIVDM,1,1,,A,13lB=n000;OFgfBEWuaPh8c00D18,0*30
\s:66,c:1782377492*49\!AIVDM,1,1,,B,1815?b000T2P9CIlWBlso9`n0@Bn,0*22
\s:66,c:1782377439*48\!AIVDM,1,1,,A,36;=`v10P08M8DDFB`7MIom>0Dg:,0*5D
\s:66,c:1782377490*4B\!AIVDM,1,1,,B,28SJM`0000Wat1D63VVctIRt2HAC,0*29
\s:66,c:1782377491*4A\!AIVDM,1,1,,A,15CDk00ujAWO=2h0uElaC7Fv0<<I,0*5F
\s:66,c:1782377490*4B\!AIVDM,1,1,,A,33aQdgpPA30EqI0NDwBdlJ<`P0kQ,0*41
\s:66,c:1782377490*4B\!AIVDM,1,1,,A,17tKkD80177HSdL0iH=UFT>t0<3V,0*72
\s:66,c:1782377491*4A\!AIVDM,1,1,,B,28SJAV5P00WbG5h5uAbv4?vt2D3M,0*7F
\s:66,c:1782377488*42\!AIVDM,1,1,,B,13J=cQ0018P9cUhM;U75Wlfn2D0l,0*64
\s:66,c:1782377494*4F\!AIVDM,1,1,,B,35O55BdOi9oRVPvCD21PmPi202:h,0*7A
\s:66,c:1782377491*4A\!AIVDM,1,1,,A,15Nb?5PP00re5V`GAG7`Gww00<52,0*7A
\s:66,c:1782377493*48\!AIVDM,1,1,,A,16:C`UPP008;0A0<rDk@B?w20>?q,0*76
\s:66,c:1782377494*4F\!AIVDM,1,1,,B,16:Iaj0000`ggtDAlf:E<ww20000,0*30
\s:66,c:1782377490*4B\!AIVDM,1,1,,A,16:HpcUP00`egBVA<Wwh0?vl0U3<,0*79
\s:66,c:1782377488*42\!AIVDM,1,1,,A,37OkVT001t:R8JgWDWnKJ9;p0000,0*65
\s:66,c:1782377493*48\!AIVDM,1,1,,B,13aGFlPP000F3@2Mw:MN4?w20L80,0*25
\s:66,c:1782377491*4A\!AIVDM,1,1,,B,169EHDh0?w<tSF0l4Q@>40Sv0U3<,0*13
\s:66,c:1782377495*4E\!AIVDM,1,1,,,13eauP01BNHBnO9raFbR0Qa28000,0*04
\s:66,c:1782377495*4E\!AIVDM,1,1,,A,15?dd5p028`<3tF<9OSAtQU20@DB,0*53
\s:66,c:1782377492*49\!AIVDM,1,1,,B,177kf?00228jhNvA<?E7an0t053<,0*55
\s:66,c:1782377487*4D\!AIVDM,1,1,,A,B3`u63h05p68j?7UGPMV7weQl53<,0*4D
\s:66,c:1782377487*4D\!AIVDM,1,1,,A,35O?bh;20KG?Ip0KCQ9WA5mp0000,0*07
\s:66,c:1782377495*4E\!AIVDM,1,1,,B,13ku;vh02b9k?NP8:LEEPTC40@DM,0*4B
\s:66,c:1782377493*48\!AIVDM,1,1,,A,13F9LL0000vqLWP@6K0braVl053<,0*5B
\s:66,c:1782377494*4F\!AIVDM,1,1,,B,18SJ?w`P06Waout5n;MVHgvt0=n=,0*1B
\s:66,c:1782377495*4E\!AIVDM,1,1,,A,E1LVVu0cHKP0000000000000000>h0h8uVLA800000i030,4*25
\s:66,c:1782377490*4B\!AIVDM,1,1,,B,13mwpw0P00Q4VlPWKjF7Sgvr20Rc,0*51
\s:66,c:1782377493*48\!AIVDM,1,1,,A,33aGDuh0000JsbrNHEN@001p0000,0*7C
\s:66,c:1782377495*4E\!AIVDM,1,1,,B,16T5Sj002C`@i8P<bPMSDRg60HDT,0*15
\s:66,c:1782377495*4E\!AIVDM,1,1,,A,18KW660OhI7L3I20gkqjc3A80<:r,0*14
\s:66,c:1782377492*49\!AIVDM,1,1,,B,402M541vad`kP1hV7t``B3?P253<,0*1C
\s:66,c:1782377494*4F\!AIVDM,1,1,,A,33J=cQ001:P9caJM;TfUP4S22013,0*5D
\s:66,c:1782377496*4D\!AIVDM,1,1,,A,39NWwUhOivvg0lL;rS9o>Ua200Hh,0*7A
\s:66,c:1782377489*43\!AIVDM,1,1,,A,16:=qG0P068g=<@ACPP25?vn0==7,0*4D
\s:66,c:1782377484*4E\!AIVDM,1,1,,A,B3@pWF00<7mhGb64jtmTgwd1j02i,0*3C
\s:66,c:1782377486*4C\!AIVDM,1,1,,A,19NSgkP01u0G@LpHaOEV@U0h08?B,0*5D
\s:66,c:1782377487*4D\!AIVDM,1,1,,B,1815?SPwAo0n:9lO8cSSb2pp0@@F,0*4E
\s:66,c:1782377484*4E\!AIVDM,1,1,,B,C8SbISg`0arPGn2f8QepKwP0Qa0Hhc1ck03WcKkc:00000000020,0*5A
\s:66,c:1782377488*42\!AIVDM,1,1,,B,13ku;oP02sOAL@NH1:5VoERr0@@k,0*71
\s:66,c:1782377488*42\!AIVDM,1,1,,A,19NSa@002VOJbwj2MFT;1Hjr08@m,0*1E
\s:66,c:1782377488*42\!AIVDM,1,1,,A,19NSN40u2POCc2HBb0J8V6tp053<,0*77
\s:66,c:1782377488*42\!AIVDM,1,1,,B,18LVl>80007Kok:0geML8U@p0@@G,0*37
\s:66,c:1782377487*4D\!AIVDM,1,1,,B,15?dgw@0217U6nr07LitKIvl053<,0*15
\s:66,c:1782377487*4D\!AIVDM,1,1,,B,18Hs7R?P?w<tSF0l4Q@>4?vn00S9,0*36
\s:66,c:1782377487*4D\!AIVDM,1,1,,A,17WK:0qP00QtrPhE7AUe2Ovn0000,0*1E
\s:66,c:1782377486*4C\!AIVDM,1,1,,B,B5O3RnP00>cn8I5od9KOt9e1jDO:,0*41
\s:66,c:1782377489*43\!AIVDM,1,1,,B,13I;QJP00000QuLLD:lUFP0r08@u,0*24
\s:66,c:1782377489*43\!AIVDM,1,1,,A,B69Ca=0D02<67@TFW9L03wf5SP06,0*6D
\s:66,c:1782377486*4C\!AIVDM,1,1,,A,13GR>UPP00PAUebMEq6HOwvn2000,0*3C
\s:66,c:1782377486*4C\!AIVDM,1,1,,B,33a`Tn0P@t0GpbHNR5aG@Uhl0Pwh,0*06
\s:66,c:1782377491*4A\!AIVDM,1,1,,B,15`0q<?P0cT3>UJ>1`Ti3Ovr0D1W,0*7E
\s:66,c:1782377490*4B\!AIVDM,1,1,,A,33l;wJ002U1M5KbEjkhUlTap0000,0*1B
\s:66,c:1782377483*49\!AIVDM,1,1,,B,14eIlDhuB;sb0RrKA06mhlRf0@=s,0*2E
\s:66,c:1782377489*43\!AIVDM,1,1,,B,19AFchPP00RAHbpB0PMf4?vp253<,0*64
\s:66,c:1782377490*4B\!AIVDM,1,1,,B,E>mWTI71Q2Hh@@@@@@@@@@@@@@@ClGfL5uhK000@0;v0000,2*52
\s:66,c:1782377490*4B\!AIVDM,1,1,,A,17m:01RP00WKFT`0fCov4?vt2HAb,0*46
\s:66,c:1782377487*4D\!AIVDM,1,1,,B,B6129q001`q2QkT06cm;cweQkP04,0*4A
\s:66,c:1782377491*4A\!AIVDM,1,1,,B,13aPMcPP000AMuPMH3Vr:Ovv00S0,0*25
\s:66,c:1782377490*4B\!AIVDM,1,1,,A,14eJOUP1jKsM5eVIR1RmuTjn08Aj,0*7D
\s:66,c:1782377490*4B\!AIVDM,1,1,,B,333u8l0OhePCau0MEJoc5`tt01r@,0*5A
\s:66,c:1782377491*4A\!AIVDM,1,1,,B,18LGs68P0uWJQ8l0du<luww0053<,0*69
\s:66,c:1782377487*4D\!AIVDM,1,1,,A,3815?SPwQn0n:9lO8cSCc2qp0000,0*38
\s:66,c:1782377493*48\!AIVDM,1,1,,A,13MCBhU01BP2aSnMN2M3`Bbt08CC,0*5B
\s:66,c:1782377492*49\!AIVDM,1,1,,A,13odFj001m0TJu4HS12BOR0@0PRt,0*41
\s:66,c:1782377488*42\!AIVDM,1,1,,A,13`m:8P1iUP4PUdNQgd;S9<n853<,0*6E
\s:66,c:1782377486*4C\!AIVDM,1,1,,A,H3UQkb4U0000000CF1ninl0@53w0,0*01
\s:66,c:1782377490*4B\!AIVDM,1,1,,A,16:EmmP04e`8mmf<oK6t=Ihp00Rw,0*42
\s:66,c:1782377491*4A\!AIVDM,1,1,,A,1712>65P?w<tSF0l4Q@>4?wv0pBP,0*44
\s:66,c:1782377492*49\!AIVDM,1,1,,A,33=H2h500088Iwr<tt:ns:66,0*4C
\s:66,c:1782377488*42\!AIVDM,1,1,,B,13`oE<0P1=PDC``MdSKL1Ovn253<,0*79
\s:66,c:1782377494*4F\!AIVDM,1,1,,A,13ku;oP02sOALABH194VoES40<0M,0*10
\s:66,c:1782377491*4A\!AIVDM,1,1,,B,19?TBV2003P==i<E:M8sS:vp2@BC,0*33
\s:66,c:1782377493*48\!AIVDM,1,1,,B,16:dE2P0008W6AdBDrvJD@0t0000,0*1F
\s:66,c:1782377491*4A\!AIVDM,1,1,,B,B3P8e<h02MPkcavUBAqVswg1l000,0*72
\s:66,c:1782377492*49\!AIVDM,1,1,,B,18?O@EW000`acEf8H3KQQGJt2<1a,0*50
\s:66,c:1782377490*4B\!AIVDM,1,1,4,A,13m;kS0P00Qch>j`=wS>4?vt20Ru,0*7B
\s:66,c:1782377491*4A\!AIVDM,1,1,,B,19NSIWh01l3mrwSo9<W5iTVr08BV,0*2E
\s:66,c:1782377487*4D\!AIVDM,1,1,,B,168sUKUOiE8KfMhF?WiR<24l00S4,0*55
\s:66,c:1782377494*4F\!AIVDM,1,1,,B,29=Gh>A001Wb8885oLhP3q922000,0*1A
\s:66,c:1782377494*4F\!AIVDM,1,1,,B,39=Gh>A001Wb8885oLhP3q9220pQ,0*3A
\s:66,c:1782377494*4F\!AIVDM,1,1,,A,16:<Gj001J8fpF@AiJMcFI3200Sm,0*25
\s:66,c:1782377490*4B\!AIVDM,1,1,,A,13a`Tn0P@t0Gpb:NR5LW<Udt0PRr,0*1F
\s:66,c:1782377490*4B\!AIVDM,1,1,,A,33KM1p50001jA7nRKTIQJ3Cp0000,0*38
\s:66,c:1782377494*4F\!AIVDM,1,1,,A,16:EmmPOl``8meb<oKud=qk008D5,0*18
\s:66,c:1782377494*4F\!AIVDM,1,1,,B,19NSa@002VOJboR2MFkK1pk60<00,0*26
\s:66,c:1782377490*4B\!AIVDM,1,1,,A,19NSV7h01b7?3et1U8DKSqDv2@Ad,0*67
\s:66,c:1782377495*4E\!AIVDM,1,1,,A,13aFfvhP00PFGeNMw<A@0?w6253<,0*10
\s:66,c:1782377496*4D\!AIVDM,1,1,,B,1770<v001h7OUwT0w95PkPg408Dd,0*62
\s:66,c:1782377496*4D\!AIVDM,1,1,,B,16Tt0:8000QDHvQdUsMh04;02O94,0*62
\s:66,c:1782377496*4D\!AIVDM,1,1,,B,171Glr50hm3nich>8K<b``s600SE,0*34
\s:66,c:1782377495*4E\!AIVDM,1,1,,A,B9sj6`007Irh9>2kqNJ`3whW3P06,0*23
\s:66,c:1782377492*49\!AIVDM,1,1,,A,13mJbT00000JAOpQga3d=PW0053<,0*31
\s:66,c:1782377496*4D\!AIVDM,1,1,,A,13l;wJ002VQM5QBEjjmUlDa60000,0*12
\s:66,c:1782377493*48\!AIVDM,1,1,,B,14RMul00160v?cdDK?V:iHU0053<,0*4D
\s:66,c:1782377495*4E\!AIVDM,1,1,,B,133u8l000aPCar4MEJt;;8s80HDl,0*45
\s:66,c:1782377496*4D\!AIVDM,1,1,,B,14eJOUPw2JsM5jnIR0aEv4k20D0e,0*70
\s:66,c:1782377497*4C\!AIVDM,1,1,,A,18Hs7R?P027JKch0f`sGT?w<053<,0*09
\s:66,c:1782377498*43\!AIVDM,1,1,,A,13EseH7P0VP4gRRG4W>D`ww82@EW,0*5B
\s:66,c:1782377493*48\!AIVDM,1,1,7,B,17Odcvk000`lOLSp0TuIH2o0053<,0*2A
\s:66,c:1782377491*4A\!AIVDM,1,1,,B,16:Rd;P01c`aVod?OwHHV6Vt00Rl,0*00
\s:66,c:1782377495*4E\!AIVDM,1,1,,B,1771RQ401V7>Up:1UdO4LSa4053<,0*68
\s:66,c:1782377496*4D\!AIVDM,1,1,,A,17loh`?P007a>aStPD8SRww6253<,0*79
\s:66,c:1782377480*4A\!AIVDM,1,1,,A,14hD1?011nRfJ;Kg4twqTW`T08;k,0*1F
\s:66,c:1782377381*4C\!AIVDM,1,1,,A,34hD1?0vioRfKm9g52I9Voa@074k,0*38
\s:66,c:1782377494*4F\!AIVDM,1,1,,B,B4eHR2h005kAe872:0<jkwi5oP06,0*14
\s:66,c:1782377495*4E\!AIVDM,1,1,,A,33uLlsP0001GfB4R;tkFJ6wp0000,0*4D
\s:66,c:1782377491*4A\!AIVDM,1,1,,A,13IlMn00BUv;TRNEMm6rN8Jp0000,0*5D
\s:66,c:1782377492*49\!AIVDM,1,1,,A,19cpo5@0?w<tSF0l4Q@>49av0`Bg,0*2A
\s:66,c:1782377496*4D\!AIVDM,1,1,,A,169GIvP01j88IbP<vod=SJm608EA,0*12
\s:66,c:1782377494*4F\!AIVDM,1,1,,A,13aGG1PP00PFDo>MvtKf4?w42HD8,0*5B
\s:66,c:1782377492*49\!AIVDM,1,1,,A,16::j>000t`<UH@<fTuaJGVv253<,0*0F
\s:66,c:1782377493*48\!AIVDM,1,1,,B,13`hp>gP00PFQ1RMtUSN4?w22HCa,0*15
\s:66,c:1782377496*4D\!AIVDM,1,1,,A,13aKWR@P00P@JpVML=aqL?w8R53<,0*1F
\s:66,c:1782377496*4D\!AIVDM,1,1,,B,D02:pEiDtNfq6DO6D0,4*17
\s:66,c:1782377494*4F\!AIVDM,1,1,,A,36:9KsPOi>`laulAPDG6HU9200vh,0*08
\s:66,c:1782377491*4A\!AIVDM,1,1,,B,1815an001<7PRSf1fp0FPU8v08B3,0*49
\s:66,c:1782377497*4C\!AIVDM,1,1,,B,33bMWH30000@Wn2MIWstGkI4031i,0*33
\s:66,c:1782377497*4C\!AIVDM,1,1,,B,16:4u60w1h2hF=h<Ptk;iaI82hEl,0*7A
\s:66,c:1782377498*43\!AIVDM,1,1,,A,13aGCk@P1NPF>?rMwTCc:?w6RD80,0*34
\s:66,c:1782377494*4F\!AIVDM,1,1,,B,13aksJ001FPqUabOAjOApiS0053<,0*0E
\s:66,c:1782377496*4D\!AIVDM,1,1,,B,3815PuU00089B`R<o6O23@o:0Dfr,0*45
\s:66,c:1782377497*4C\!AIVDM,1,1,,B,13lTaR02QQPdu`>Na7Is:66,0*02
\s:66,c:1782377496*4D\!AIVDM,1,1,,A,B8Hu<4P00ang9G0;mmCQ3wp5oP06,0*0E
\s:66,c:1782377488*42\!AIVDM,1,1,,A,15O1eUPP00rdrF6GB14N4?vp2H@M,0*4C
\s:66,c:1782377487*4D\!AIVDM,1,1,,B,B3m3BN00>030so5b9NdsOweQl8?r,0*35
\s:66,c:1782377492*49\!AIVDM,1,1,,A,3:U787P000L5@2=v`BV814tv05T3,0*4B
\s:66,c:1782377493*48\!AIVDM,1,1,,B,13aJIEhP000Bf0nMfLB>4?w200S=,0*49
\s:66,c:1782377491*4A\!AIVDM,1,1,,B,35Ow2N0P2SG?cKPK@435G?w003RR,0*63
\s:66,c:1782377494*4F\!AIVDM,1,1,,A,16KRDF001jJCpHNALg2VjUTH00Sf,0*06
\s:66,c:1782377489*43\!AIVDM,1,1,,A,13aEOR@P000A0HrMRwJcVOvr28A5,0*54
\s:66,c:1782377490*4B\!AIVDM,1,1,,B,13aEN`@P0`PDEi>MdKQkowvr2HAN,0*5A
\s:66,c:1782377493*48\!AIVDM,1,1,,A,138q?B02Ri3pKbqm1s7`iVrt0<01,0*7E
\g:1-2-5198571,s:66,c:1782377493*0C\!AIVDM,2,1,1,A,539p4OT00000@7W3K@08ThiLE8@E:0000000001S0h9135Pl?0R0C@UD,0*48
\g:2-2-5198571*6B\!AIVDM,2,2,1,A,Qp0000000000000,2*04
\s:66,c:1782377489*43\!AIVDM,1,1,,A,16:c8JO0008;8D@<s7vF1kjp08A=,0*36
\s:66,c:1782377494*4F\!AIVDM,1,1,,B,16:C:N001F8fdmPA7UqSi4Q00@Hi,0*33
\s:66,c:1782377495*4E\!AIVDM,1,1,,B,B3P=viP0:OvhIgW@Ef3IwwiQl@DV,0*4B
\s:66,c:1782377492*49\!AIVDM,1,1,,,13K8V>00Belq>cPIcM>l83Bv053<,0*49
\s:66,c:1782377490*4B\!AIVDM,1,1,,A,168s=u@P18`KsPPF?B3b6wvt053<,0*40
\s:66,c:1782377492*49\!AIVDM,1,1,,A,33a;tl02h7JT9@>E8VWi;1wp0000,0*78
\s:66,c:1782377491*4A\!AIVDM,1,1,,B,1614tmPP00SO?RF@1WhV9?w00D4M,0*5D
\s:66,c:1782377495*4E\!AIVDM,1,1,,A,1kaD@MPP000OV6hNPHI`Jwv1uwww,0*24
\s:66,c:1782377494*4F\!AIVDM,1,1,,A,19N`39001owmf0LLTmURMR0v053<,0*75
\g:1-2-5198572,s:66,c:1782377495*09\!AIVDM,2,1,2,B,55?dU2H2HKfw<GOCWB0hTltpF222222222222216<PE?55aB0<US`13P,0*38
\g:2-2-5198572*68\!AIVDM,2,2,2,B,H88888888888880,2*55
\s:66,c:1782377497*4C\!AIVDM,1,1,,B,15@`4mP0248cqg0DEVK2>Qi80DFt,0*15
\s:66,c:1782377497*4C\!AIVDM,1,1,,A,169>cA0P0?`VCF0DVh6QuOw828EO,0*00
\s:66,c:1782377496*4D\!AIVDM,1,1,,B,13d74=0000P`mQ4IJHSR3ki40<3h,0*5D
\s:66,c:1782377494*4F\!AIVDM,1,1,,A,15Ng=6002f7PSu<180<@=0=208Ck,0*4E
\s:66,c:1782377495*4E\!AIVDM,1,1,,A,18HwAA`0007JLOf0esD5=E98053<,0*7C
\s:66,c:1782377491*4A\!AIVDM,1,1,,B,16K34w@0009jSB6D3BE<KHJt20Sc,0*5E
\s:66,c:1782377497*4C\!AIVDM,1,1,,B,138q?B02Rh3pKU?m1rK`iFs60<01,0*2B
\s:66,c:1782377492*49\!AIVDM,1,1,,B,B9hh;bh001hWWk17elBqjDh00000,0*17
\s:66,c:1782377483*49\!AIVDM,1,1,,B,13aB:r0P0kPFLdDMv<g4Ngvf2<80,0*66
\s:66,c:1782377482*48\!AIVDM,1,1,,B,16:;VrSP00`LW@PErLGf4?vb28=0,0*2D
\s:66,c:1782377486*4C\!AIVDM,1,1,,A,15?dSCB0002ODEt?eSI=t;9p0t0n,0*72
\s:66,c:1782377487*4D\!AIVDM,1,1,,A,16:<nJ5P00`fuADA:Tr;M?vl20S=,0*72
\s:66,c:1782377484*4E\!AIVDM,1,1,,A,33o3;?00000kU8bU6kL:gVGp0000,0*52
\s:66,c:1782377484*4E\!AIVDM,1,1,,B,13Uq0l001W`o3KTBpueeG:jb00SB,0*39
\s:66,c:1782377487*4D\!AIVDM,1,1,,,B3P7lTP0073WJ<am3DOQ3weQh000,0*71
\s:66,c:1782377488*42\!AIVDM,1,1,,B,144jAA0001`gC=hA>lD5H7Fh2@@6,0*59
\s:66,c:1782377487*4D\!AIVDM,1,1,,,H52mkPA=E8hEHDq@00000000000,2*5D
\s:66,c:1782377184*4B\!AIVDM,1,1,,B,H52mkPDUCBD000000000000`5310,0*0F
\s:66,c:1782377487*4D\!AIVDM,1,1,,A,33ITeJ0OQUOjDn<KtM:1LQ;p0000,0*73
\s:66,c:1782377489*43\!AIVDM,1,1,,B,D03D6>1WPNfr<`O6D0,4*17
\s:66,c:1782377486*4C\!AIVDM,1,1,,B,17loj<pP008HrNuwTaAihgvn053<,0*18
\s:66,c:1782377488*42\!AIVDM,1,1,,A,13aSQ6P001PCTOTMHK>A;8tp0@@t,0*3E
\s:66,c:1782377488*42\!AIVDM,1,1,,A,35Ne`qPP0?IPp0`Gf=gmOwvp0E8=,0*74
\s:66,c:1782377488*42\!AIVDM,1,1,,B,B7ldNQh00:6;uFOpJt3LgwiTkP06,0*45
\s:66,c:1782377491*4A\!AIVDM,1,1,,B,35CV8H10006SiCN<g4BAes6r0E6r,0*49
\s:66,c:1782377488*42\!AIVDM,1,1,,A,13HPHw003@wuTnhLPfq=::bh0D2p,0*2A
\s:66,c:1782377486*4C\!AIVDM,1,1,,A,B39T;cP0<8=Cc;7g`F2H7we1lL35,0*1E
\s:66,c:1782377487*4D\!AIVDM,1,1,,B,19ACI4g2002Cun0Apb:GR0Nl2D2e,0*12
\s:66,c:1782377487*4D\!AIVDM,1,1,,A,15O9QUg000JA0<h>sTb9WRjn0000,0*2B
\s:66,c:1782377384*49\!AIVDM,1,1,,A,17lcmQ@P19`Q4620FCqjbwwF28Jt,0*34
\s:66,c:1782377487*4D\!AIVDM,1,1,,A,35O9QUg000JA0<R>sTbqW2kp0000,0*24
\s:66,c:1782377493*48\!AIVDM,1,1,,B,13PfDh000>07rE6NTOGVDTM0053<,0*16
\s:66,c:1782377491*4A\!AIVDM,1,1,,A,H8Hw3;1HU<Ttr3;;P0000000000,2*42
\s:66,c:1782377491*4A\!AIVDM,1,1,,B,H8Hw3;4l>hhhhhhqFnjpl0000000,0*1B
\s:66,c:1782377490*4B\!AIVDM,1,1,,A,13bm3H001W0AsC:N9M`oO5pt00R@,0*14
\s:66,c:1782377491*4A\!AIVDM,1,1,,A,33ITeJ001TOjDqLKtMPQLQ;p0000,0*08
\s:66,c:1782377487*4D\!AIVDM,1,1,,B,18I8Hc0000`f9e4A8DSEVWLj08?a,0*42
\s:66,c:1782377490*4B\!AIVDM,1,1,,B,13mGtF00001d8oh`IPue`G2p00Sg,0*6D
\s:66,c:1782377489*43\!AIVDM,1,1,,A,33m<`8001M0jtj:U5H3ia1Cp0000,0*3C
\s:66,c:1782377489*43\!AIVDM,1,1,,A,403Othivad`kNo@FfhEjH@w02HB9,0*1B
\g:1-2-5198573,s:66,c:1782377491*0C\!AIVDM,2,1,3,B,55Ne`q`0@j1ULC7WG74hTqLttAtDp@D5Hu:2220000000t@P07R0DPSl,0*04
\g:2-2-5198573*69\!AIVDM,2,2,3,B,`88888888888880,2*7C
\s:66,c:1782377492*49\!AIVDM,1,1,,A,14hK8D001w7WNc:2pVPHPFo200Rm,0*35
\s:66,c:1782377492*49\!AIVDM,1,1,,A,13JlM:000@wbssbDPr`2n0lv0L3T,0*19
\s:66,c:1782377487*4D\!AIVDM,1,1,,B,16BO@<001T6D66h3NlpbFH>j0h@4,0*59
\s:66,c:1782377491*4A\!AIVDM,1,1,,A,17P@5H0P@5:u<bohF<lQ@PFv0HB@,0*53
\s:66,c:1782377489*43\!AIVDM,1,1,,A,137O9b002rwrG<0Lhv=au7rr053<,0*4F
\s:66,c:1782377490*4B\!AIVDM,1,1,,B,13bgkL0P00PG2BJNBVih0?vv2D40,0*6E
\s:66,c:1782377493*48\!AIVDM,1,1,,A,33;dD>?Ohg2vWnDH82Ndhi=00000,0*21
\s:66,c:1782377493*48\!AIVDM,1,1,,B,402FhW1vad`kQ19MHjGrCI7000S:,0*44
\s:66,c:1782377492*49\!AIVDM,1,1,,A,198Vi=@01n0=F32EMH839RQ00HBP,0*5A
\s:66,c:1782377494*4F\!AIVDM,1,1,,B,37P@5H0P@5:u<bshF<l1P@E601uP,0*33
\s:66,c:1782377494*4F\!AIVDM,1,1,,B,16:>KWP0238gAL6Aml;Tu3u40@Cg,0*43
\s:66,c:1782377494*4F\!AIVDM,1,1,,A,16:JkJP1Qb8LwJh=vKShJhA00D<`,0*43
\s:66,c:1782377491*4A\!AIVDM,1,1,,A,33`e>P000m0J=O`NEeiH86Qp0000,0*18
\s:66,c:1782377495*4E\!AIVDM,1,1,,A,1815=F@01sR?SVBBMJ7UQTM208DT,0*0D
\g:1-2-5198574,s:66,c:1782377314*01\!AIVDM,2,1,4,B,56:4p;80000000000019Dr1T4pN084v1L4pN2216;8D;;udk0<0RC`6R,0*23
\g:2-2-5198574*6E\!AIVDM,2,2,4,B,3mH888888888880,2*0D
\s:66,c:1782377494*4F\!AIVDM,1,1,,B,19NSjt@0j1`V118F6gK3fRtv00S<,0*3D
\s:66,c:1782377494*4F\!AIVDM,1,1,,B,13KEV@001>0vNupDpdc;gIK608DJ,0*60
\s:66,c:1782377494*4F\!AIVDM,1,1,,B,138Do:0OjFJ>BGL9u=AJ;H=40@DE,0*11
\s:66,c:1782377489*43\!AIVDM,1,1,,A,160n4>0w23V7D@`3@QWCcBnj08@m,0*00
\s:66,c:1782377494*4F\!AIVDM,1,1,,A,B3Elo;00Bgpkms5>QAB71dN00000,0*4F
\g:1-2-5198575,s:66,c:1782377494*0F\!AIVDM,2,1,5,A,55?dSC@2=r`w<GCKKP05<j0Di<40000000000016GhS@@1j<0@QSl`3l,0*52
\g:2-2-5198575*6F\!AIVDM,2,2,5,A,Q1DP00000000000,2*55
\s:66,c:1782377495*4E\!AIVDM,1,1,,A,15?dSCB0?w<tSF0l4Q@>4;9v0PT5,0*08
\s:66,c:1782377495*4E\!AIVDM,1,1,,A,16:<nJ5P00`fuA<A:TqcM?w42EJS,0*0A
\s:66,c:1782377491*4A\!AIVDM,1,1,,A,18I8mU00017LE@B0aUFeNm4p00R9,0*70
\s:66,c:1782377491*4A\!AIVDM,1,1,,A,15N30q0000G?jn:KAA0RU02t2<32,0*5D
\s:66,c:1782377491*4A\!AIVDM,1,1,,B,13`dre`0000GqabNR?bL;Ovv2<3E,0*60
\s:66,c:1782377495*4E\!AIVDM,1,1,,A,B3GQ<1h007w9QvUIScL000N00000,0*54
\s:66,c:1782377493*48\!AIVDM,1,1,,A,19NSsfPvB80hr=FELbVD=CE00@CR,0*38
\s:66,c:1782377496*4D\!AIVDM,1,1,,B,16:EVLP02;`dAT2?:kEp?VU20D2M,0*53
\s:66,c:1782377496*4D\!AIVDM,1,1,,B,13@o3bo0000hLJ`Q1V@J>CS:00S?,0*7C
\s:66,c:1782377497*4C\!AIVDM,1,1,,A,B6:dtg03wk?8mP=18D3Q3wPV3P06,0*0F
\s:66,c:1782377488*42\!AIVDM,1,1,,A,28SJwShP017acHB5uau<4gvp0L51,0*52
\s:66,c:1782377487*4D\!AIVDM,1,1,,B,13m@e40P000J>e:QgVK>4?vn2@?v,0*1D
\s:66,c:1782377485*4F\!AIVDM,1,1,,A,H4hP1w0h5Th4000000000000000,2*73
\s:66,c:1782377485*4F\!AIVDM,1,1,,B,H4hP1w4T>F3jhhkJ7B>m002@4450,0*16
\s:66,c:1782377482*48\!AIVDM,1,1,,A,19@2`vP3QSSUNf@@EukEDlBb0D?o,0*37
\s:66,c:1782377488*42\!AIVDM,1,1,,A,1:U79vPP00LQpu3iJ5aV`?vl0@@S,0*2C
\s:66,c:1782377487*4D\!AIVDM,1,1,,B,144VvM00BkNd7r<:36=Md;0j053<,0*43
\s:66,c:1782377487*4D\!AIVDM,1,1,,B,13ku;5@01a08KolM=BhF@mFp0<3`,0*0F
\s:66,c:1782377492*49\!AIVDM,1,1,,B,16:ApjP000`gWRdACN:`?bDr00S8,0*53
\s:66,c:1782377485*4F\!AIVDM,1,1,,A,B3HSdj00;p1I:J5Sps;AJWN00000,0*7D
\s:66,c:1782377489*43\!AIVDM,1,1,,A,16:RPnP01M8j>R2Dh<nntELp2L0f,0*52
\s:66,c:1782377489*43\!AIVDM,1,1,,A,14aN9J002RNgccT<8Wf@;08n0D3q,0*7C
\s:66,c:1782377491*4A\!AIVDM,1,1,,A,13aFerhP1@PBcS4MfLLeowvv2<7P,0*74
\s:66,c:1782377488*42\!AIVDM,1,1,,A,18Hsi3UOho7L@t40gf50fhlr20S4,0*69
\s:66,c:1782377491*4A\!AIVDM,1,1,,B,13l9<STP0aQdW9PEc7ude?vv20Rk,0*22
\s:66,c:1782377492*49\!AIVDM,1,1,,A,15?dUi@01aM76F7kKM:98o>t08Bk,0*0A
\s:66,c:1782377489*43\!AIVDM,1,1,,A,1k`eJGmP000OcU0NPic1Mwv1uwww,0*6A
\s:66,c:1782377489*43\!AIVDM,1,1,,B,33`eJGmP00POcU0NPic>4?vr2Dhr,0*40
\s:66,c:1782377489*43\!AIVDM,1,1,,B,E>mGIkscQVh9QVQ@1P000000000DDF@f48IN`10888fP20,4*55
\s:66,c:1782377488*42\!AIVDM,1,1,,B,15O26?0000oRT>fCCUjp1P>l053<,0*12
\s:66,c:1782377491*4A\!AIVDM,1,1,,A,29NSfqUP007bBO65u13=1wvp853<,0*71
\s:66,c:1782377489*43\!AIVDM,1,1,,B,3815ao5000vqNnP@6:Pk504n0DUr,0*2D
\s:66,c:1782377492*49\!AIVDM,1,1,,A,13aIjwhP010CR6FMHNt6vwvt0@Bo,0*2E
\s:66,c:1782377491*4A\!AIVDM,1,1,,B,402a4gQuJl`kNQPTH:Opkko00HBR,0*49
\s:66,c:1782377491*4A\!AIVDM,1,1,,B,403OtTAvad`kNo7jelGQ6eg0253<,0*2B
\s:66,c:1782377492*49\!AIVDM,1,1,,B,19@2`vPtATSUNlf@EtwEQlBv00Rs,0*51
\s:66,c:1782377493*48\!AIVDM,1,1,,A,19t6Ut@01=9L9kTHWvb;M9Bv2`DC,0*67
\s:66,c:1782377492*49\!AIVDM,1,1,,A,33IPsn00000Dv=NN15WG?3rt02ti,0*1C
\s:66,c:1782377493*48\!AIVDM,1,1,,B,15?db4P0006SuA0<cD>iJs;20<1A,0*2D
\s:66,c:1782377493*48\!AIVDM,1,1,,A,19AFcd@P00RAHFlB0QMf4?w0253<,0*03
\s:66,c:1782377494*4F\!AIVDM,1,1,,A,13bnM>3004PC9UJMetlt5T520L<N,0*45
\s:66,c:1782377486*4C\!AIVDM,1,1,,A,13mnqw00001Fm68Wnq=8B4th0V;D,0*0B
\g:1-2-5198576,s:66,c:1782377494*0C\!AIVDM,2,1,6,B,533u<f42>qaHu8pf221H:0`4@F2222222222220l1H?665b50=j0DPSm,0*15
\g:2-2-5198576*6C\!AIVDM,2,2,6,B,D`53mhAiH888880,2*5E
\s:66,c:1782377490*4B\!AIVDM,1,1,,A,13lF02002a64Tbh3E>TJMHFn0D0H,0*74
\s:66,c:1782377493*48\!AIVDM,1,1,,A,38VVeF10073dPLP>ki72P0i40DUr,0*44
\s:66,c:1782377492*49\!AIVDM,1,1,,A,18Hsi3UOho7L@t40gf50fhlr20S4,0*69
\s:66,c:1782377489*43\!AIVDM,1,1,,A,13aPa20027OT4MHKgS0886Lp053<,0*26
\s:66,c:1782377494*4F\!AIVDM,1,1,,B,13:3`R0P00Pe`lrN`pgf4?w420SQ,0*20
\s:66,c:1782377494*4F\!AIVDM,1,1,,B,35?df0Q0028k8<P@rCC@ikC00Dq:,0*76
\s:66,c:1782377493*48\!AIVDM,1,1,,A,144VvM002lNd7pT:37GudK0v00SF,0*6D
\s:66,c:1782377495*4E\!AIVDM,1,1,,B,14aN9J002QNgcd<<8`j0:P920<3r,0*1F
\s:66,c:1782377496*4D\!AIVDM,1,1,,A,18J42@0P0D7JTp:0gWet5ww80HE4,0*41
\s:66,c:1782377494*4F\!AIVDM,1,1,,A,13Q;;h002D0Nd8bNkL1010?2053<,0*45
\s:66,c:1782377496*4D\!AIVDM,1,1,,B,16;2uH001H`=Tpj<VGaqqWo60D<N,0*38
\s:66,c:1782377496*4D\!AIVDM,1,1,,B,13lF020vja64TQr3E>RJMHG20D0H,0*1B
\s:66,c:1782377497*4C\!AIVDM,1,1,,B,B6:dgb@3wk?8mP=18D3Q3wc7QP06,0*5A
\s:66,c:1782377495*4E\!AIVDM,1,1,,B,13ASOt00310?oI>EAF3J:8;60@DE,0*5E
\s:66,c:1782377496*4D\!AIVDM,1,1,,B,18Hsi3UOhp7L@uB0gfW0HPm:2D>4,0*26
\s:66,c:1782377495*4E\!AIVDM,1,1,,B,16=q>t@0015k>q43PKqsnTBt0`Da,0*23
\s:66,c:1782377493*48\!AIVDM,1,1,,B,28SJwShP017acH>5uau<4gvv0L52,0*28
\s:66,c:1782377494*4F\!AIVDM,1,1,,B,B3GPpt@0<@3FTV5`9BJRSwhUCP06,0*06
\s:66,c:1782377496*4D\!AIVDM,1,1,,B,16:ApjP000`gWRdACN:UrrC2053<,0*1D
\s:66,c:1782377491*4A\!AIVDM,1,1,,B,B7lcaoP00Io1EeP:d1aoWwg2T0SN,0*0B
\s:66,c:1782377497*4C\!AIVDM,1,1,,B,28SJwShP027acH85uau<4gw:0L52,0*60
\s:66,c:1782377490*4B\!AIVDM,1,1,,A,H7`R7@1@4V1058T000000000000,2*55
\s:66,c:1782377490*4B\!AIVDM,1,1,,A,H7`R7@4l71B=9>0J=5jiom1P<570,0*26
\s:66,c:1782377497*4C\!AIVDM,1,1,,A,13ku;5@01a08KtrM=Aan?mG:08Ed,0*69
\s:66,c:1782377497*4C\!AIVDM,1,1,,A,1815SSh0007EG@H0vNn:;9k:00Rp,0*63
\s:66,c:1782377491*4A\!AIVDM,1,1,,B,403OtiiuJl`kOr?aAF>WCRw02L7U,0*36
\s:66,c:1782377492*49\!AIVDM,1,1,,A,15ST:R0v1O0>oVrN0JF8KVlr0hC0,0*52
\s:66,c:1782377496*4D\!AIVDM,1,1,,B,160KdfO001SQSQh@BffN4:C628E7,0*02
\s:66,c:1782377492*49\!AIVDM,1,1,,B,16K34<@0009jPB>D4LBGvTPv2HC7,0*6E
\s:66,c:1782377498*43\!AIVDM,1,1,,B,402ad:Qvad`kSPvahnJ3psG00@E0,0*1F
\s:66,c:1782377489*43\!AIVDM,1,1,,A,16:G?wS00J8g4tPAndKcSqNn053<,0*29
\s:66,c:1782377487*4D\!AIVDM,1,1,,B,19NSbR0wQkIW3oT@Vw=1R1:j00RV,0*31
\g:1-2-5198577,s:66,c:1782377490*09\!AIVDM,2,1,7,A,57tN9J82;`t3UM@wL00mJ0@4qDn37O80000000172R<?:1d>0F3FH42i,0*47
\g:2-2-5198577*6D\!AIVDM,2,2,7,A,h00000000000000,2*7B
\s:66,c:1782377489*43\!AIVDM,1,1,,B,B3bbWO00:H4LqH7IsUbe7wfUl000,0*0F
\s:66,c:1782377489*43\!AIVDM,1,1,,A,19N`1whw@@Of8C62lGc3?Vpp0@@u,0*58
\s:66,c:1782377489*43\!AIVDM,1,1,,A,H39a@rQ=Dp@EHU@000000000000,2*35
\s:66,c:1782377489*43\!AIVDM,1,1,,A,H39a@rTT000000041mqqm0006100,0*35
\s:66,c:1782377490*4B\!AIVDM,1,1,,A,35MoiNU000JS?5jE88G@t0ip0000,0*26
\s:66,c:1782377485*4F\!AIVDM,1,1,,A,13mGBS70000WF7>QHJ<;1Tnj053<,0*0F
\s:66,c:1782377486*4C\!AIVDM,1,1,,B,B3:09hP008;sV56=AiOQ3wi5l000,0*35
\s:66,c:1782377492*49\!AIVDM,1,1,,A,13VH@l0w1RQ1D?JOVJWHPnlt0HC@,0*72
\s:66,c:1782377321*46\!AIVDM,1,1,,B,33@vlB5000RPAsPBiflc2bu@8DaJ,0*28
\s:66,c:1782377491*4A\!AIVDM,1,1,,A,13cUU`0P100e3@JI=@e8qOw0253<,0*32
\g:1-2-5198578,s:66,c:1782377355*08\!AIVDM,2,1,8,B,53@vlB82E:atuMH7801IDte<V0l4E9<d0000001?D8WBB5f90IBC21PH,0*08
\g:2-2-5198578*62\!AIVDM,2,2,8,B,?`1AhC6@0000000,2*5D
\s:66,c:1782377493*48\!AIVDM,1,1,,A,16SgDWgP0i9==E>Cujv9ngw028C0,0*0E
\s:66,c:1782377487*4D\!AIVDM,1,1,,B,13aJJ:wP00PF;NFMwICN4?vn28@7,0*6E
\s:66,c:1782377488*42\!AIVDM,1,1,,B,13aNc?@P000EnlFN2`F>4?vp053<,0*16
\s:66,c:1782377491*4A\!AIVDM,1,1,,B,16:4Gw001R8K<l@FCN760Djt0@B7,0*39
\s:66,c:1782377489*43\!AIVDM,1,1,,B,1Cgpkn<P07vBuCPV97lBq?vp2000,0*40
\s:66,c:1782377488*42\!AIVDM,1,1,,B,339H5P002q0OEu@Npk;Si32l0000,0*44
\s:66,c:1782377492*49\!AIVDM,1,1,,B,13GR8s0P000Csn`MEh3f4?w0053<,0*64
\s:66,c:1782377491*4A\!AIVDM,1,1,,A,35N:tS5000JR:=NFDD1acRNv0000,0*38
\s:66,c:1782377489*43\!AIVDM,1,1,,A,1774b8002HwMBDJJ`p5i:Prr0<0c,0*46
\s:66,c:1782377494*4F\!AIVDM,1,1,,B,19NSG;h02o129Q`ObN98MVk000Rv,0*44
\s:66,c:1782377492*49\!AIVDM,1,1,,B,13P<8q@P@20KsGTNrK>Sa2A00L1v,0*78
\s:66,c:1782377491*4A\!AIVDM,1,1,,A,18VFV68P000M6WnNew9tcwvt2HBS,0*29
\s:66,c:1782377491*4A\!AIVDM,1,1,,A,15?dPL@0013QSC<@;UbBOr`v08BP,0*65
\g:1-2-5198579,s:66,c:1782377492*05\!AIVDM,2,1,9,A,55MoiNT00001L@7WGSJ220H5V1<huHE800000000196330000432E531,0*09
\g:2-2-5198579*63\!AIVDM,2,2,9,A,H0lQABp3@DRCP@0,2*2D
\s:66,c:1782377488*42\!AIVDM,1,1,,A,15NNqv500WoREtLCAaN;Q9>r0@@f,0*63
\s:66,c:1782377493*48\!AIVDM,1,1,,A,33cdR<SP07PqsmPEEo2UFgw22BiS,0*02
\s:66,c:1782377490*4B\!AIVDM,1,1,,A,13`p030P00PFH7LMuo9N4?vt20Sh,0*62
\s:66,c:1782377495*4E\!AIVDM,1,1,,B,144deLP01qPlR;PPptHdHb1400SQ,0*29
\s:66,c:1782377491*4A\!AIVDM,1,1,,B,13F<D20P00OH:w2GT6:h0?vv053<,0*41
\s:66,c:1782377496*4D\!AIVDM,1,1,,B,16:4@a011B`iAM@AAQKP6@580DS1,0*1D
\s:66,c:1782377492*49\!AIVDM,1,1,,B,403tCeAuJl`kOWr>Q6:utS700@Bi,0*5E
\s:66,c:1782377498*43\!AIVDM,1,1,,A,13aJJ:wP00PF;N:MwIB>4?w8253<,0*42
\s:66,c:1782377496*4D\!AIVDM,1,1,,B,B69>m@hD029cea5:A0h03wiWSP06,0*52
\s:66,c:1782377487*4D\!AIVDM,1,1,,A,17likkhP0w7LG@l0dT7:Nwvj00SN,0*7F
\s:66,c:1782377487*4D\!AIVDM,1,1,,A,14h>lK10000NAUNHhcQ;>irj0000,0*11
\s:66,c:1782377484*4E\!AIVDM,1,1,,A,13f2W`00ig7?6:b1SI7TaSdb0L3<,0*20
\s:66,c:1782377488*42\!AIVDM,1,1,,A,13l3oO@01gwnV>4Le;`Iv7po0D2D,0*5F
\s:66,c:1782377484*4E\!AIVDM,1,1,,A,16;LJB0Ojc6@hI83K;MJR8Pf00SU,0*59
\s:66,c:1782377482*48\!AIVDM,1,1,,A,33Umij0Oh01RVM4EmCoP001p0000,0*63
\s:66,c:1782377484*4E\!AIVDM,1,1,,B,B5NOdDP00>SSVj4VtN:eUl<5T000,0*72
\s:66,c:1782377486*4C\!AIVDM,1,1,,A,13fK3@@01SwUNehQE:i`jo4f0000,0*79
\s:66,c:1782377488*42\!AIVDM,1,1,,A,134?=40029P1w7JLso0J482l0<<B,0*4C
\s:66,c:1782377484*4E\!AIVDM,1,1,,B,13=?oD001rWcEbN:lM4ens2h00Sj,0*24
\s:66,c:1782377488*42\!AIVDM,1,1,,A,:9NSRgPl=wdP,0*4F
\s:66,c:1782377490*4B\!AIVDM,1,1,,A,14b<>`75@gNhp3:;EOBsRa>n0d2k,0*37
\s:66,c:1782377487*4D\!AIVDM,1,1,,B,19NShlhwBcve2Bh7`n1uO:ln0D37,0*7B
\s:66,c:1782377487*4D\!AIVDM,1,1,,A,36::gO10018f`l0AQsn003nj0000,0*53
\s:66,c:1782377482*48\!AIVDM,1,1,,B,13sBif?P00wH;BhGT;AP0?vd20T8,0*12
\s:66,c:1782377486*4C\!AIVDM,1,1,,A,B;rt0U00Ar6=nQwrbk=pCwe4kP06,0*22
\s:66,c:1782377488*42\!AIVDM,1,1,,B,14eJElh00PKneD0L14FTM4<h0D04,0*2C
\s:66,c:1782377487*4D\!AIVDM,1,1,,B,35NBjCU000JQ`:VFL1MdpG>n0E3r,0*35
\g:1-2-5198580,s:66,c:1782377488*08\!AIVDM,2,1,0,B,5815c?p0?mQ9KL;;W705@PTp4Lu85>222222221@0000040Ht0000000,0*18
\g:2-2-5198580*65\!AIVDM,2,2,0,B,000000000000000,2*27
\s:66,c:1782377486*4C\!AIVDM,1,1,,A,14`KD4000Owa0=2DT7@CTh@j0000,0*1C
\s:66,c:1782377489*43\!AIVDM,1,1,,,B5O@rc000>C@RI4>P6CQ3wf1l000,0*29
\s:66,c:1782377489*43\!AIVDM,1,1,,A,18?OAv@009bQFcurVRB9wQ`t0L0M,0*4C
\s:66,c:1782377484*4E\!AIVDM,1,1,,A,33v73t001T1GTnnRn237F5op0000,0*01
\s:66,c:1782377486*4C\!AIVDM,1,1,,A,B3`hqhP0<P5R6>WOqDtvswe1h8?V,0*63
\s:66,c:1782377484*4E\!AIVDM,1,1,,B,B3`d`g@00056jlWK?H:NswcUkP06,0*32
\s:66,c:1782377486*4C\!AIVDM,1,1,,A,15NINj000Ore8`jG@pvHtW8j0D5L,0*6E
\s:66,c:1782377487*4D\!AIVDM,1,1,,A,16:>N<S00j8g2EBAo0LDwl0n0L:o,0*7E
\s:66,c:1782377487*4D\!AIVDM,1,1,,A,13aa45P000P@teFMM9gv41ln2000,0*2F
\s:66,c:1782377488*42\!AIVDM,1,1,,A,33oQg65000PJA2@QgaUVN;>h0E3:,0*6E
\s:66,c:1782377491*4A\!AIVDM,1,1,,B,339WWO5P00Pf5N`N`:Lf4?vt2Deb,0*5D
\s:66,c:1782377489*43\!AIVDM,1,1,,,17ld=HA0008FVhawCE;UI70n0000,0*73
\s:66,c:1782377489*43\!AIVDM,1,1,,A,13AvRJ02hB07pmlRpBWVA5`r08@w,0*6D
\s:66,c:1782377487*4D\!AIVDM,1,1,,A,35OFq8P000q<U;8A19OdA`2j0000,0*00
\s:66,c:1782377491*4A\!AIVDM,1,1,,B,19NStkP02HPfAFLQgFA=JJbt2D11,0*24
\s:66,c:1782377490*4B\!AIVDM,1,1,,A,B;rt0U00Bb6=nQwrbk=qgwg4kP06,0*16
\s:66,c:1782377490*4B\!AIVDM,1,1,,A,35NTcF0000JB0J<Bk;WdWQkp0000,0*6D
\s:66,c:1782377490*4B\!AIVDM,1,1,,A,15NTcF0000rB0JLBk;VdVijr08Af,0*33
\s:66,c:1782377491*4A\!AIVDM,1,1,,B,3348080000P@GAPMKkBba4Tl0000,0*47
\s:66,c:1782377488*42\!AIVDM,1,1,,B,18IrpD041JJV34L6:Dk8:6Fp08@K,0*29
\s:66,c:1782377491*4A\!AIVDM,1,1,,B,3HIrpD041JJV34L6:Dk8:6Fp0P8@,0*40
\s:66,c:1782377492*49\!AIVDM,1,1,,B,38I03Agn0@WJ>3V0djVKbgvt028P,0*54
\s:66,c:1782377492*49\!AIVDM,1,1,,A,18I<F<0vh9WK6st0f6ODfhbf053<,0*71
\s:66,c:1782377490*4B\!AIVDM,1,1,,,B5Nv16P00=kFkuVfkfrp3wfUWP06,0*38
\s:66,c:1782377490*4B\!AIVDM,1,1,,A,19NSdj002;N7;QVEl5WCMjfr0000,0*4A
\s:66,c:1782377493*48\!AIVDM,1,1,,,B5O@rc0006C@RHT>P6;Q3wh1h000,0*32
\s:66,c:1782377491*4A\!AIVDM,1,1,,B,139laKP0000ebd`N`STQQVS008BR,0*0F
\s:66,c:1782377493*48\!AIVDM,1,1,,A,3E?ddVOP00rCteT58PIf4?v`0000,0*3D
\s:66,c:1782377489*43\!AIVDM,1,1,,B,15N:b4g001rRi?bE3f;hfPJt08AD,0*07
\s:66,c:1782377490*4B\!AIVDM,1,1,,B,13En90PP0NP1:VhF<9EdM?vr2@A8,0*01
\s:66,c:1782377488*42\!AIVDM,1,1,,B,13aGsK0P00PI`mbN8JUh0?vp2H@o,0*72
\s:66,c:1782377490*4B\!AIVDM,1,1,,B,17mRM>`P017aVKitPtbN4?vt2<31,0*05
\s:66,c:1782377492*49\!AIVDM,1,1,,B,13mt?000000IrKbSci@PLIw20D1B,0*1D
\s:66,c:1782377494*4F\!AIVDM,1,1,,B,19NSpph1@A2omtoue?lh;G100@Ci,0*4F
\s:66,c:1782377492*49\!AIVDM,1,1,,A,19NShlh1Bbve2@r7`nseObm0053<,0*08
\s:66,c:1782377494*4F\!AIVDM,1,1,,,13gq9T?000NrJfnThnJ3SWw20000,0*05
\s:66,c:1782377495*4E\!AIVDM,1,1,,B,15NINj000Ore8VjG@pj`uG9200S3,0*4A
\s:66,c:1782377495*4E\!AIVDM,1,1,,A,133n;nP01CPCg@BMGHL66Tq42D4@,0*55
\s:66,c:1782377490*4B\!AIVDM,1,1,,,17ld=HA0008FVhWwCE;EI70v0000,0*4D
\s:66,c:1782377494*4F\!AIVDM,1,1,,A,15@`Gn0P@k8fd:NA70>8OUs40L?;,0*4B
\s:66,c:1782377490*4B\!AIVDM,1,1,,,15NBjCU000JQ`:TFL1MtpG>t0000,0*49
\s:66,c:1782377495*4E\!AIVDM,1,1,,A,18I8lJ0ujHvjis>=;RUGoFA2053<,0*31
\s:66,c:1782377495*4E\!AIVDM,1,1,,B,16:W6gh001`VtmlBBI4Mpww40000,0*70
\s:66,c:1782377495*4E\!AIVDM,1,1,,A,13A@pR70010cI?BPv54uk6160@D`,0*3A
\s:66,c:1782377493*48\!AIVDM,1,1,,A,B3S;lNP0CGqNrn59ca=6Cwh1h8CE,0*64
\s:66,c:1782377496*4D\!AIVDM,1,1,,A,133ugp0P00PCN7hMHWStaww828E9,0*4D
\s:66,c:1782377496*4D\!AIVDM,1,1,,A,33v73t001T1GTkrRn0nWF5mp0000,0*25
\s:66,c:1782377495*4E\!AIVDM,1,1,,B,13f2W`00ig7?6Cv1SHMlaSe000S<,0*42
\s:66,c:1782377497*4C\!AIVDM,1,1,,B,17likkhP0v7LG;R0dT6bQ?w60<>l,0*28
\s:66,c:1782377498*43\!AIVDM,1,1,,A,13aN3=wP00PEKNLMwJ`00?w420RO,0*0D
\s:66,c:1782377494*4F\!AIVDM,1,1,,A,B;rt0U00Ar6=nQwrbk=mSwi4kP06,0*23
\s:66,c:1782377491*4A\!AIVDM,1,1,,A,1815J0@01kPul72OF91rQ`M00L2v,0*30
\s:66,c:1782377492*49\!AIVDM,1,1,,A,16:HSN001G`iFbPA5qEVcUFt08BB,0*5F
\s:66,c:1782377495*4E\!AIVDM,1,1,,A,16;N3h001F`gSutAlPtKmaO20HD2,0*10
\s:66,c:1782377497*4C\!AIVDM,1,1,,B,16:>N<S00l8g2I0Ao08lvkw808EG,0*6D
\s:66,c:1782377483*49\!AIVDM,1,1,,B,B3GPtsP0AWsLta5@<kU0cwcUkP06,0*40
\s:66,c:1782377483*49\!AIVDM,1,1,,A,13a:CF00000HmV6NKaS6GWfd08=r,0*5B
\s:66,c:1782377487*4D\!AIVDM,1,1,,B,13m:fO00000hP2bQ1dJdcU0n00SB,0*52
\s:66,c:1782377487*4D\!AIVDM,1,1,,B,13P<FD0oh50CALhN5nLJqgvl053<,0*48
\s:66,c:1782377486*4C\!AIVDM,1,1,,B,1815<1h12=OillDLUHvb586j0<<P,0*65
\s:66,c:1782377487*4D\!AIVDM,1,1,,A,B8SjaQP00IrLW;QP;sIbgwv6oP06,0*15
\s:66,c:1782377486*4C\!AIVDM,1,1,,A,33cvhu0OjWQ44HPF2hPqGWlj0000,0*0E
\s:66,c:1782377488*42\!AIVDM,1,1,,A,B5Na6D0005k3tr6u2DH000N00000,0*64
\s:66,c:1782377489*43\!AIVDM,1,1,,A,15?8GD0P0crBC8:5Fvjt4Ovp253<,0*0A
\g:1-2-5198581,s:66,c:1782377489*08\!AIVDM,2,1,1,B,58Lg9A42CgC<Q<;;CG9123V2222222222222221@6P@9358609TlPp52,0*60
\g:2-2-5198581*64\!AIVDM,2,2,1,B,0BC0CQ888888880,2*35
\s:66,c:1782377488*42\!AIVDM,1,1,,A,18;?8T0P11``IKL8Dnd31Ovn2D1f,0*6B
\s:66,c:1782377483*49\!AIVDM,1,1,,A,13Ev@sgOhEwfhn6DujGsCI>f0<06,0*37
\s:66,c:1782377484*4E\!AIVDM,1,1,,A,B3IMMl0008Ff0T5c0Wl000N00000,0*2D
\s:66,c:1782377487*4D\!AIVDM,1,1,,A,C3jK<2@01woNmr6l4Mt4OTN04bNk1g0T:k08;0NH2j2000D2RRR0,0*2C
\s:66,c:1782377483*49\!AIVDM,1,1,,A,34hEma001o0BR;fFVhd2g2=p0000,0*15
\s:66,c:1782377484*4E\!AIVDM,1,1,,A,14hEma00200BRJVFVi;ji2>h053<,0*13
\s:66,c:1782377485*4F\!AIVDM,1,1,,A,18;G0N0P01``;AR8CKUlpgvh28?u,0*24
\s:66,c:1782377492*49\!AIVDM,1,1,,A,B8SjaQP00IrLW;1P;sIbgwv6oP06,0*75
\s:66,c:1782377481*4B\!AIVDM,1,1,,A,13m=r:00000FvW4RTfQIi7L`0000,0*55
\s:66,c:1782377488*42\!AIVDM,1,1,,A,170G@6001V3jllT>BQ7IhGnj0D<P,0*2B
\s:66,c:1782377487*4D\!AIVDM,1,1,,A,15?dUnP1hBoUbqhB5PrI=8<h80Rp,0*2F
\s:66,c:1782377488*42\!AIVDM,1,1,,B,15OEFg<000q<sJp@wpNUV2lp053<,0*2C
\s:66,c:1782377489*43\!AIVDM,1,1,,B,13fAdN001;7KQ8P0cf8RVB4t08AH,0*6F
\s:66,c:1782377490*4B\!AIVDM,1,1,,B,19NSs=hw@VLtSTcje5@av7Jn0@AJ,0*2E
\s:66,c:1782377486*4C\!AIVDM,1,1,,B,17ljNOhP1l9Q<DQvcf2S@gvl253<,0*27
\s:66,c:1782377484*4E\!AIVDM,1,1,,A,B3mI5o00CH5fvj`mG=@MkwcUoP06,0*04
\s:66,c:1782377490*4B\!AIVDM,1,1,,A,B7m@5=000:6:93OpgFqA7wmTkP06,0*10
\s:66,c:1782377493*48\!AIVDM,1,1,,A,B6:d>Ih0;r24hq3@5a2rkwh42000,0*50
\s:66,c:1782377491*4A\!AIVDM,1,1,,B,4025boiuJl`kN0qgK<OodKW0053<,0*67
\s:66,c:1782377491*4A\!AIVDM,1,1,,B,13m:fO00000hP2bQ1dJdhU0t053<,0*58
\s:66,c:1782377486*4C\!AIVDM,1,1,,A,40474Givad`kI:;fgdH>5wo000S:,0*6C
\s:66,c:1782377495*4E\!AIVDM,1,1,,B,C6:>;cP002;dS;TH8:t<kwv0@c0jNc0T2M0>NL?1R000`2d52R0P,0*79
\s:66,c:1782377493*48\!AIVDM,1,1,,A,16:8?QPP128fsF2A4JWpObpd2`C0,0*17
\s:66,c:1782377493*48\!AIVDM,1,1,,B,13EjGJ7P0DP<6I<GbvjrI?w020Sg,0*75
\s:66,c:1782377493*48\!AIVDM,1,1,,B,C6:MWfP012;pA14MUV:sSwv0TNL>V@:L>`bOj0000000J1@5RR0P,0*50
\s:66,c:1782377495*4E\!AIVDM,1,1,,A,34hEma001o0BRJTFVi<Bg2?p0000,0*7D
\s:66,c:1782377495*4E\!AIVDM,1,1,,A,B3prOmh0:P3I@b5uRm8bCwi1h8DT,0*14
\s:66,c:1782377495*4E\!AIVDM,1,1,,B,H3=akN0`4lT<400000000000000,2*71
\s:66,c:1782377147*44\!AIVDM,1,1,,B,H3=akN4UDBE6HN6q82jioo1@>510,0*00
\s:66,c:1782377496*4D\!AIVDM,1,1,,A,13m:fO00000hP2bQ1dJe:E180L2t,0*65
\s:66,c:1782377496*4D\!AIVDM,1,1,,B,169Ge2P01wWHp940fnQE@T;6053<,0*70
\s:66,c:1782377496*4D\!AIVDM,1,1,,B,15?dUnP1@AoUbpJB5PlqDp=28@Dt,0*0A
\s:66,c:1782377492*49\!AIVDM,1,1,,A,83aFgi@j2d<dtd=f<AD0`?aE0000,0*19
\s:66,c:1782377495*4E\!AIVDM,1,1,,A,33Tt4l001U1i0wnGG?Re`bsp0000,0*42
\s:66,c:1782377489*43\!AIVDM,1,1,,A,14cdVV000uOwL?vLh7NBf2<p08@v,0*65
\s:66,c:1782377495*4E\!AIVDM,1,1,,A,16q`N;H0004l@<4>;;`Ra772053<,0*78
\s:66,c:1782377497*4C\!AIVDM,1,1,,A,19NSc`0021wvnh4FSkTimAQ208EM,0*0C
\s:66,c:1782377495*4E\!AIVDM,1,1,,A,1:0UD800002kATt<BOK:vJq60hDI,0*62
\g:1-2-5198582,s:66,c:1782377496*05\!AIVDM,2,1,2,B,5:0UD841hwR7EHAOR2118Tp<E=>0PUT4n2222216908855bl0<lhEhBj,0*7C
\g:2-2-5198582*67\!AIVDM,2,2,2,B,C`8888888888880,2*06
\s:66,c:1782377497*4C\!AIVDM,1,1,,A,15WHfp4P02OQedB2eO0mWOw40U3<,0*64
\s:66,c:1782377498*43\!AIVDM,1,1,,A,17ljNOhP1q9Q<NQvcf:CAOw82@EG,0*2F
\s:66,c:1782377488*42\!AIVDM,1,1,,A,16Sk><0000a=b2fD4SfdapFn28@c,0*40
\s:66,c:1782377488*42\!AIVDM,1,1,,B,269Ge050007aqvV62CI@DSDr00S<,0*08
\s:66,c:1782377492*49\!AIVDM,1,1,,A,16TuF6101EW=VQ:7NJA1>hvJ053<,0*71
\s:66,c:1782377490*4B\!AIVDM,1,1,,A,1:0B=o0P1PWGl:`0qawLKOvr253<,0*39
\s:66,c:1782377490*4B\!AIVDM,1,1,,A,19NSbLh02nOSKJ9vMsgm`4Jp00SB,0*00
\s:66,c:1782377490*4B\!AIVDM,1,1,,A,B5O<gk000=OV2FNf6J`000N00000,0*34
\s:66,c:1782377490*4B\!AIVDM,1,1,,B,15?d`f00BcrB<Th?H2BG6Ubr00ST,0*59
\s:66,c:1782377491*4A\!AIVDM,1,1,,A,14S6OT001U07Q7@M;wK1UiBt0@BU,0*0E
\s:66,c:1782377492*49\!AIVDM,1,1,,B,1:U73f@P01tr<SIjr2oQIwvt2<1>,0*01
\s:66,c:1782377491*4A\!AIVDM,1,1,,A,37P1j9070N:l<VKd`887RV8p00u@,0*54
\s:66,c:1782377492*49\!AIVDM,1,1,,B,402R3cQvad`kPPo<jNQ0l;?02D=S,0*6E
\s:66,c:1782377489*43\!AIVDM,1,1,,B,168uV40000`g6whA9U257j6p0PSB,0*63
\s:66,c:1782377490*4B\!AIVDM,1,1,,A,ENjbW:g;Wa5Pa2PhIh@@@@@@@@@@K?K4@PFg@00000N0100,2*0A
\s:66,c:1782377490*4B\!AIVDM,1,1,,A,177TIH002VWb8Vb;hMdlPkPt0HAK,0*64
\s:66,c:1782377493*48\!AIVDM,1,1,,A,13aGFO@P00PBfIjMfmHv4?w02D65,0*0D
\s:66,c:1782377493*48\!AIVDM,1,1,,B,168uV40000`g6whA9U257j700duo,0*1D
\s:66,c:1782377490*4B\!AIVDM,1,1,,B,33`rcF0Oi1wh7J@DwE44A3Rn00wh,0*30
\s:66,c:1782377493*48\!AIVDM,1,1,,A,13GQPg0P0wOW;4LDcomrKOw428CU,0*75
\s:66,c:1782377486*4C\!AIVDM,1,1,,A,155vvN@P00SN7`p@@QhAqgvh253<,0*0B
\s:66,c:1782377490*4B\!AIVDM,1,1,,,B39m3mP008;23;UnC1g4kwg5oP06,0*18
\s:66,c:1782377494*4F\!AIVDM,1,1,,A,19NSFIh02RLb>o7im9khu0hP00Rs,0*2E
\s:66,c:1782377494*4F\!AIVDM,1,1,,B,269Ge050007aqvR62CGhDSE60D5T,0*15
\s:66,c:1782377494*4F\!AIVDM,1,1,,B,13=Iot00000hQT@Q1jsao4M20PRu,0*2E
\s:66,c:1782377493*48\!AIVDM,1,1,,A,19NSULP01M3mEMh>Hl33P2m208Cd,0*00
\s:66,c:1782377494*4F\!AIVDM,1,1,,B,15W0oR00013mN;8>?:W3ihS4053<,0*5A
\s:66,c:1782377494*4F\!AIVDM,1,1,,A,B3cWg8009@:=CT6FU8RAIlA4CP06,0*1E
\s:66,c:1782377490*4B\!AIVDM,1,1,,A,13uM:i00011F14dR85@1@9ft08Ap,0*24
\s:66,c:1782377492*49\!AIVDM,1,1,,A,15Nuj90000JR`N<E5iv6>2S00@Bo,0*2B
\s:66,c:1782377496*4D\!AIVDM,1,1,,A,B5O<gk000=OV2FNf6JT000N00000,0*00
\s:66,c:1782377494*4F\!AIVDM,1,1,,,B7Omv80003=p?VuTuCsQ19i1l000,0*60
\s:66,c:1782377494*4F\!AIVDM,1,1,,B,1611`H0001SOm1>@>w@VHb5H0PRb,0*6D
\s:66,c:1782377495*4E\!AIVDM,1,1,,A,33cpAf?014P`ol`IIWVKJa;200GS,0*37
\s:66,c:1782377494*4F\!AIVDM,1,1,,,B39m3mP00H;23;5nC1g4kwi5oP06,0*06
\s:66,c:1782377495*4E\!AIVDM,1,1,,B,177TIH002VWb8g6;hM>lPCQ80@Db,0*19
\s:66,c:1782377496*4D\!AIVDM,1,1,,B,1:U8WQ001ALrNJEjqP2=Erg800Sh,0*5D
\s:66,c:1782377493*48\!AIVDM,1,1,,B,13aB;8?P00PJKCTN5p6v4?w22<0a,0*74
\s:66,c:1782377495*4E\!AIVDM,1,1,,A,13MChn7P@WP0tMhLc`2WUU362@Do,0*1B
\s:66,c:1782377497*4C\!AIVDM,1,1,,B,168uV40000`g6whA9U257j780hES,0*15
\s:66,c:1782377497*4C\!AIVDM,1,1,,A,16SfH9PP009=Qp2D4V46Dww;rL00,0*17
\s:66,c:1782377494*4F\!AIVDM,1,1,,B,16::1:5Oi:`K=OpFCBKcBq342<<4,0*74
\s:66,c:1782377492*49\!AIVDM,1,1,,A,38;?=a1P09`aO>j8GCI0POvl22uA,0*73
\s:66,c:1782377497*4C\!AIVDM,1,1,,B,36:d3j@P008VrB>BBhp;Bwv00000,0*07
\s:66,c:1782377496*4D\!AIVDM,1,1,,A,37P1j906PH:l<Ugd`7tGMVA60000,0*3A
\s:66,c:1782377497*4C\!AIVDM,1,1,,B,19NSbLh02nOSKOgvMrim`4I408EW,0*1B
\s:66,c:1782377497*4C\!AIVDM,1,1,,B,139kDo0P1LPeQljN`kI:@ww:28Eu,0*57
\s:66,c:1782377497*4C\!AIVDM,1,1,,B,16:6VhPP00`g:AhACdNf4?w828Ei,0*28
\s:66,c:1782377497*4C\!AIVDM,1,1,,A,19ACI4g2h02CumlApb;WR0O82HF5,0*7A
\g:1-2-5198583,s:66,c:1782377494*06\!AIVDM,2,1,3,A,59NSUSh2>5?@CEQ?F21<D60<EAE>222222222216O@WN?5b80eB5@CQp,0*7E
\g:2-2-5198583*66\!AIVDM,2,2,3,A,25@H88888888880,2*28
\s:66,c:1782377497*4C\!AIVDM,1,1,,B,13aSQ6P001PCTORMHK>QCpu80<;;,0*1A
\s:66,c:1782377487*4D\!AIVDM,1,1,,B,19N`30P02c1UQPSd5S2b>p@l00Ru,0*10
\s:66,c:1782377489*43\!AIVDM,1,1,,B,28SJM500007aonh619i5W2ht08AA,0*62
\s:66,c:1782377488*42\!AIVDM,1,1,,B,18I6v3002q71@4B2s1mL39`n053<,0*3A
\s:66,c:1782377488*42\!AIVDM,1,1,,B,16:9EcP0188hPqhAK:J<OItp053<,0*39
\s:66,c:1782377490*4B\!AIVDM,1,1,,B,15NTpFP000rd7pTG<l6KD3nv0<3c,0*31
\s:66,c:1782377484*4E\!AIVDM,1,1,,A,16:8n00P?w<tSF0l4Q@>4?wv0PSc,0*15
\s:66,c:1782377491*4A\!AIVDM,1,1,,A,Evja5EQ3000?d00000000000000Leb5P5E5KH00003h010,4*61
\s:66,c:1782377492*49\!AIVDM,1,1,,B,4028jKQvad`kO0BltFFp@dgP2@Bs,0*26
\s:66,c:1782377487*4D\!AIVDM,1,1,,A,16::3F0P09`fB>@A6UJak?vl253<,0*48
\s:66,c:1782377489*43\!AIVDM,1,1,,B,D0221OAEhN?b<`N01FDv01Npvfp,2*6A
\s:66,c:1782377490*4B\!AIVDM,1,1,,B,A0221O@HJDiH00AU`N4u8?qK01PRwLD0J3gvFP8W:gsG03:b,0*24
\s:66,c:1782377486*4C\!AIVDM,1,1,,,B5OH5MP00El:QT6kTgcQ3wdQh000,0*5C
\s:66,c:1782377490*4B\!AIVDM,1,1,,A,17lda<pP0kWLm;d0W<gRW?vr2L1T,0*3E
\s:66,c:1782377490*4B\!AIVDM,1,1,,A,34`qIn002;J6D;F?qcaRb2;p0000,0*5E
\s:66,c:1782377490*4B\!AIVDM,1,1,,,B5OH5MP00El:QTVkTggQ3wfQh000,0*3A
\s:66,c:1782377493*48\!AIVDM,1,1,,B,40221OAvad`kPRveKBH6vI3028CC,0*36
\s:66,c:1782377488*42\!AIVDM,1,1,,A,102Cu:0P?w<tSF0l4Q@>4?wv0h@l,0*55
\s:66,c:1782377491*4A\!AIVDM,1,1,,B,19NSnO001fQGMvjDd1mrkpdp00SI,0*1A
\s:66,c:1782377493*48\!AIVDM,1,1,,B,18Lk@D0P007=m7n7QDP>4?vf2hCj,0*75
\s:66,c:1782377493*48\!AIVDM,1,1,,B,16=q?8hP0tUeLs<3vf;Pf?w22<1:,0*77
\s:66,c:1782377489*43\!AIVDM,1,1,,A,16:LqQ001G8f4APA9l<9bohp00S9,0*14
\g:1-2-5198584,s:66,c:1782377325*0C\!AIVDM,2,1,4,A,569<wfP000022222220L4pM4TpOKJ2222222220n5`9630D805hhCiQB,0*3A
\g:2-2-5198584*61\!AIVDM,2,2,4,A,A2@C`8888888888,2*00
\s:66,c:1782377493*48\!AIVDM,1,1,,A,26K38D@000ajQNLD4Qi=1nE000Sh,0*6A
\s:66,c:1782377494*4F\!AIVDM,1,1,,A,3:5dmM3P@n2vHkTH;swIL6K20P00,0*7D
\s:66,c:1782377494*4F\!AIVDM,1,1,,B,16T?`D00009=QrdCvP7mkSE20@Cm,0*00
\s:66,c:1782377492*49\!AIVDM,1,1,,A,C6:`21P00:9jDTTTfUD000N0l@;0Rc0l@Nc0@bOQeWWjS0PFRS00,0*4A
\s:66,c:1782377488*42\!AIVDM,1,1,,B,H3mDSS4OC=D6=hs:66,0*18
\s:66,c:1782377494*4F\!AIVDM,1,1,,A,18I6v3002q71?r<2s2kt2qa40@D?,0*50
\s:66,c:1782377492*49\!AIVDM,1,1,,A,17lcQe8P01WM4Kt0Vq`<3?w220R=,0*0C
\s:66,c:1782377493*48\!AIVDM,1,1,,A,33@phe@0000f9MlOR0qAP:6v00Uh,0*2F
\s:66,c:1782377495*4E\!AIVDM,1,1,,A,B7lw4f@0@arD41w8GeqdKwhRTD4P,0*72
\s:66,c:1782377492*49\!AIVDM,1,1,,B,13iqh20P0=P=h>`MNs=Gj?w22D3d,0*68
\s:66,c:1782377493*48\!AIVDM,1,1,,A,B5OT00000>`NEt5Tdj>A1lN00000,0*68
\s:66,c:1782377494*4F\!AIVDM,1,1,,,B5OH5MP005l:QTVkTgkQ3whQh000,0*48
\s:66,c:1782377493*48\!AIVDM,1,1,,A,1:5eQV8P1:11D02DP0@m4ww00@CV,0*37
\s:66,c:1782377495*4E\!AIVDM,1,1,,A,14hFCE1OhF06Vj<FA18eKc9008DD,0*1F
\s:66,c:1782377496*4D\!AIVDM,1,1,,A,13oDKR001l7UTU@2bouAnAM40<17,0*3F
\s:66,c:1782377494*4F\!AIVDM,1,1,,A,33ITeLP000Oj>GfKtKPKrPEp0000,0*30
\s:66,c:1782377496*4D\!AIVDM,1,1,,,B33f1qP0005HT57ApnOQ3wiQh000,0*2D
\s:66,c:1782377496*4D\!AIVDM,1,1,,B,19NSK403idrB:D:5H1j04@;808EK,0*52
\s:66,c:1782377496*4D\!AIVDM,1,1,,A,18Km4`0P017JKa<0dej;:ww:0L>w,0*02
\s:66,c:1782377490*4B\!AIVDM,1,1,,B,H3GQnU4nC=D4v1W00000000h2220,0*5D
\s:66,c:1782377491*4A\!AIVDM,1,1,,A,15Vrhr0Oi@8gDFpAmd5ctaVt0<5<,0*4B
\s:66,c:1782377491*4A\!AIVDM,1,1,,A,39NSnO001e1GMvjDd1mrl`ep0000,0*74
\s:66,c:1782377498*43\!AIVDM,1,1,,A,13aDoTP000PF7VfMw:boJRi80@En,0*54
\s:66,c:1782377491*4A\!AIVDM,1,1,,B,19t6UtP02@`jfOjCei94=k@n2D0d,0*0D
\s:66,c:1782377493*48\!AIVDM,1,1,,A,1:5elF3P00JVC<J5qha8QOw220Si,0*0B
\s:66,c:1782377487*4D\!AIVDM,1,1,,A,13UEI80=@0QcFKtEMBJ52gvl0000,0*09
\s:66,c:1782377490*4B\!AIVDM,1,1,,A,1:U7Ok0P00Ld4uSjAB4rO?vv253<,0*66
\s:66,c:1782377488*42\!AIVDM,1,1,,A,14hPmS00000`mpRIJCS`kbhn053<,0*4C
\s:66,c:1782377483*49\!AIVDM,1,1,,A,BCgjrP00DWUlWA9Pf3SKSwc2q000,0*24
\s:66,c:1782377480*4A\!AIVDM,1,1,,A,177>SE002:8Q@Doww98W`n4L08;R,0*74
\s:66,c:1782377388*45\!AIVDM,1,1,,B,377>SE002;8Q@jMwwFAWan5F0NF3,0*1E
\s:66,c:1782377487*4D\!AIVDM,1,1,,A,139o31PP0hPW;LbNKT?aFgvn253<,0*04
\s:66,c:1782377489*43\!AIVDM,1,1,,A,13Sj?v0u00Q;63VHraMv4?vp2D1A,0*43
\s:66,c:1782377489*43\!AIVDM,1,1,,B,18I9u40Ohb7K8Ir0dm2<=:@p053<,0*1D
\s:66,c:1782377491*4A\!AIVDM,1,1,,A,15AP::?000rCgT657koA=Q`t053<,0*3D
\s:66,c:1782377485*4F\!AIVDM,1,1,,B,14eHJIhP00G<Er6L=>b:i?vl28>n,0*4D
\s:66,c:1782377487*4D\!AIVDM,1,1,,B,13aFgO8P0K0HMh4N@RoGkOvn00RQ,0*19
\s:66,c:1782377488*42\!AIVDM,1,1,,A,ENk`scvcQ@@@@@@@@@@@@@@@@@@=:w5C9Ojl@00003vP000,2*63
\s:66,c:1782377491*4A\!AIVDM,1,1,,A,16:G5@1P00`VHkPDWF23Jgvv0HB@,0*0E
\s:66,c:1782377492*49\!AIVDM,1,1,,B,19NStbD02>5d:M>42V5s4Hpt053<,0*22
\s:66,c:1782377492*49\!AIVDM,1,1,,A,39NSbH5w004vdw><vbqWkCVr0Dg:,0*1D
\s:66,c:1782377492*49\!AIVDM,1,1,,A,17tKnH?P007AvdT4ch000?vv08Bv,0*6A
\s:66,c:1782377490*4B\!AIVDM,1,1,,A,87lcQb@j2P00000000000?`50000,0*07
\s:66,c:1782377485*4F\!AIVDM,1,1,,A,H7`Bcb0d5HDd63>20q`00000000,2*59
\s:66,c:1782377485*4F\!AIVDM,1,1,,A,H7`Bcb4T0000000J=Cjkoq1P2440,0*62
\s:66,c:1782377487*4D\!AIVDM,1,1,,A,4028jQB3bl`kJP6U<0FA:Ii0253<,0*37
\s:66,c:1782377488*42\!AIVDM,1,1,,A,13nRwqPP05PlngdU3OC1EOvp253<,0*15
\s:66,c:1782377486*4C\!AIVDM,1,1,,B,38I4=p50008e6VbAtoL1CCdl0DrJ,0*27
\s:66,c:1782377492*49\!AIVDM,1,1,,A,13l9110P00Q2GWpDR72v4?w02<2H,0*4F
\s:66,c:1782377492*49\!AIVDM,1,1,,A,148fPD02B?0A7>DMI=k4f3fl08B7,0*6E
\s:66,c:1782377494*4F\!AIVDM,1,1,,A,33TR6D1P01Qd4lDEf3>>4?w42DDb,0*13
\s:66,c:1782377490*4B\!AIVDM,1,1,,A,36:9u11002`Lb;dFCpi117lt0000,0*45
\s:66,c:1782377492*49\!AIVDM,1,1,,A,13=qW<00i:P1IuHF7;D8WVrv0D4j,0*5C
\s:66,c:1782377490*4B\!AIVDM,1,1,,A,13aDA9hP000DPujMdU=N4?vt0HAg,0*22
\s:66,c:1782377494*4F\!AIVDM,1,1,,A,19NSkj@vB>7Mea20h0k1tQU20@DK,0*3B
\s:66,c:1782377495*4E\!AIVDM,1,1,,A,13c5FF300l11:p6Cvv322QI60@DN,0*75
\s:66,c:1782377491*4A\!AIVDM,1,1,,B,13ltTj000000cFPLCAW@npnt0<6w,0*64
\s:66,c:1782377489*43\!AIVDM,1,1,,A,13l3nj001R1Mdl0Ec6w<u:Dp0000,0*78
\s:66,c:1782377494*4F\!AIVDM,1,1,,A,38I9u40Ohb7K8Hf0dm<L@JE200k@,0*1C
\s:66,c:1782377490*4B\!AIVDM,1,1,,B,B3HRf:P0?`4kaq5dT3U8Kwg1l000,0*0F
\s:66,c:1782377491*4A\!AIVDM,1,1,,B,B7lj;0@00J5hfbwl5eja3wg2T4i4,0*62
\s:66,c:1782377492*49\!AIVDM,1,1,,B,35`9cd1004SSh;B@<l0pda120mE:,0*1D
\s:66,c:1782377494*4F\!AIVDM,1,1,,B,13n3s<001w03PdjM0p<IEoM60@D6,0*05
\s:66,c:1782377494*4F\!AIVDM,1,1,,A,402M3ih000Htt0FkuPSI`07P0t2M,0*39
\s:66,c:1782377493*48\!AIVDM,1,1,,B,15?dN5k00D3OTj:@BldDIji0053<,0*68
\s:66,c:1782377493*48\!AIVDM,1,1,,A,18QlHg0001SR0Fv@@fO`ib0t0<<P,0*5B
\s:66,c:1782377492*49\!AIVDM,1,1,,A,35NQUM4000JrlA>H>t>0001p0000,0*45
\s:66,c:1782377494*4F\!AIVDM,1,1,,B,B8HuCjh0c9nfJa0;jJfJcwi5oP06,0*1C
\s:66,c:1782377496*4D\!AIVDM,1,1,,A,18JtK`0P00WJt>H0gLV>4?w620Sr,0*5F
\s:66,c:1782377493*48\!AIVDM,1,1,,A,16:@rp0005`fK34A;SV``Q0p0pGd,0*1B
\s:66,c:1782377493*48\!AIVDM,1,1,,B,13cIrh0005P?p7HMRvabd8jv0D4E,0*5D
\s:66,c:1782377494*4F\!AIVDM,1,1,,B,13EaFJgP0KOfeSBDu<BCk?w20HCn,0*56
\s:66,c:1782377496*4D\!AIVDM,1,1,,B,13@p3d@0000hO2:Q1huc7rE808E8,0*7C
\s:66,c:1782377497*4C\!AIVDM,1,1,,B,13d6in0P1OPw1tjJ6T37QOw80<22,0*15
\s:66,c:1782377494*4F\!AIVDM,1,1,,,B3P;SuP0I7rV2GW<2g69CwhQh000,0*70
\s:66,c:1782377495*4E\!AIVDM,1,1,,A,14eHJIhP00G<Er8L=>arhww82<5g,0*11
\s:66,c:1782377496*4D\!AIVDM,1,1,,B,139o31PP0iPW;GLNKSvq9gw82D1a,0*7B
\s:66,c:1782377497*4C\!AIVDM,1,1,,B,17tKnH?P007AvdT4ch000?vv08Bv,0*69
\s:66,c:1782377498*43\!AIVDM,1,1,,B,13`lQ3hP00PEKgVMwVkv4?w:2HF;,0*2E
\s:66,c:1782377437*46\!AIVDM,1,1,,B,36H;>gFP?w<tSF0l4Q@>4?w<1000,0*0F
\s:66,c:1782377485*4F\!AIVDM,1,1,,A,33aL=KUP00PEi3nN7C=N4?vj0000,0*07
\s:66,c:1782377491*4A\!AIVDM,1,1,,A,1779H5000h7Ljvb0g?j:bpJl053<,0*08
\s:66,c:1782377489*43\!AIVDM,1,1,,B,13m:bHW000R838``JWV95iJP0L0K,0*6F
\s:66,c:1782377487*4D\!AIVDM,1,1,,B,B5O8b?000=kF4F6fekf9OweQh000,0*7F
\s:66,c:1782377489*43\!AIVDM,1,1,,B,H3P:IvQ=E:0j0tp@F3800000000,2*79
\s:66,c:1782377489*43\!AIVDM,1,1,,B,H3P:IvTU>F36vTJ=;GH0001P;420,0*4A
\s:66,c:1782377488*42\!AIVDM,1,1,,B,15MwrC0000Jdrp8G@N76O6bp00RB,0*0D
\s:66,c:1782377490*4B\!AIVDM,1,1,,A,13P:t=@0000hRC@Q1kNQAJ6t0HAS,0*49
\s:66,c:1782377491*4A\!AIVDM,1,1,,A,15WgOr0P0e43>U0>1aM@uwvr253<,0*2B
\s:66,c:1782377489*43\!AIVDM,1,1,,A,39NSl0A0008LhdtF>:j1cGhn0DjJ,0*7F
\s:66,c:1782377485*4F\!AIVDM,1,1,,B,E>m>;uO:626h60W3UPcThHP00003TGO41jw8p20@@@dP088?p0,4*4E
\s:66,c:1782377491*4A\!AIVDM,1,1,,B,16SpWb0023awepjD73BGcF:t053<,0*78
\s:66,c:1782377489*43\!AIVDM,1,1,,A,B52`oh@00=lp>pULku;Q2;>SP000,0*42
\s:66,c:1782377488*42\!AIVDM,1,1,,B,38Hwqj9?@3WJvd80gCP1u?vn025h,0*30
\s:66,c:1782377489*43\!AIVDM,1,1,,A,177c9k00228M=l8=qTNLLapn0000,0*13
\s:66,c:1782377492*49\!AIVDM,1,1,,A,16SjH0P01Ia=biND1TSu4rPt253<,0*0C
\s:66,c:1782377492*49\!AIVDM,1,1,,A,38Hwqj9<P3WJvd80gCNiu?vv00kP,0*1A
\s:66,c:1782377493*48\!AIVDM,1,1,,B,91b544haAOwpKEDM1gmJP802453<,0*68
\s:66,c:1782377490*4B\!AIVDM,1,1,,A,15W?I>8002OQe<82eN;ql84r00SM,0*17
\s:66,c:1782377489*43\!AIVDM,1,1,,A,16:;t:P01B8iS9HA3:6=m;>p08@n,0*73
\s:66,c:1782377490*4B\!AIVDM,1,1,,,18:gua0P008Va108NPK9;OvrRH@S,0*64
\s:66,c:1782377490*4B\!AIVDM,1,1,,B,B39iog00:h5WD?7OSobTcwg1h0Sg,0*1B
\s:66,c:1782377493*48\!AIVDM,1,1,,B,155g2tP01kNi0>N;tFpFqUM2053<,0*06
\s:66,c:1782377490*4B\!AIVDM,1,1,,A,13aEOJqP00PKeAlMcLd3cOvt253<,0*64
\s:66,c:1782377492*49\!AIVDM,1,1,,B,13aER0PP0IPNm`vMKwOsIOw0R53<,0*19
\s:66,c:1782377493*48\!AIVDM,1,1,,A,16SWiR8P01a=QaTD4d3hEww0253<,0*7D
\s:66,c:1782377494*4F\!AIVDM,1,1,,A,16T?TJ00AG8lhA2AFd?2i2Bv0@Ck,0*44
\s:66,c:1782377489*43\!AIVDM,1,1,,A,338hPd002b0l91BNw3UjP1up0000,0*55
\s:66,c:1782377490*4B\!AIVDM,1,1,,B,402=ag1vad`kMOrpUDLwWO7008AU,0*48
\s:66,c:1782377493*48\!AIVDM,1,1,,A,177c9k00228M=hn=qTqdLapv0@CT,0*29
\s:66,c:1782377490*4B\!AIVDM,1,1,,B,33m9B>7P@5PskKvVm=LpLUO40R1@,0*21
\s:66,c:1782377493*48\!AIVDM,1,1,,A,18I3=200287bF3J5omiCuC9T053<,0*76
\s:66,c:1782377490*4B\!AIVDM,1,1,,A,35Mid9000VG>naHKhTBlfSwp0000,0*6A
\s:66,c:1782377491*4A\!AIVDM,1,1,,A,177dTK0wRH7lI?t8r0lFcEEP053<,0*01
\s:66,c:1782377489*43\!AIVDM,1,1,,B,13uOv>3000QBe?pQhD<f47:r00Se,0*35
\s:66,c:1782377492*49\!AIVDM,1,1,,B,19NSUg@02SW11Rp2u1@Dhkq0053<,0*5C
\s:66,c:1782377489*43\!AIVDM,1,1,,B,13aIjdhP0iPJv0fNIvrQqOvp2HA9,0*32
\s:66,c:1782377490*4B\!AIVDM,1,1,,B,13l3nDhvQqOudNLLn@C9u7vp08An,0*4B
\s:66,c:1782377493*48\!AIVDM,1,1,,A,17lj=SgP00WLeT00VFmh0?vt053<,0*47
\s:66,c:1782377494*4F\!AIVDM,1,1,,A,16:B7jP01i8euL4A9SIaaocp0L80,0*06
\g:1-2-5198585,s:66,c:1782377494*00\!AIVDM,2,1,5,B,5779H582??6aI9T?R21=DpqV0<uT4R2222222216OHVM@5da?GTiljC`,0*1B
\g:2-2-5198585*60\!AIVDM,2,2,5,B,888888888888880,2*22
\g:1-2-5198586,s:66,c:1782377244*08\!AIVDM,2,1,6,A,569>T7`0000088@B220iF0pDpN0P4V3N22222216B8GE25d`MGPhCp1Q,0*61
\g:2-2-5198586*63\!AIVDM,2,2,6,A,BH12@C`88888880,2*70
\s:66,c:1782377495*4E\!AIVDM,1,1,,A,33m9B>7P@6PskKjVm=KpkUE<0Q4h,0*31
\s:66,c:1782377496*4D\!AIVDM,1,1,,A,19NSps@2B6QqkobBwsuSjS720HDI,0*59
\s:66,c:1782377495*4E\!AIVDM,1,1,,A,H7Okhu1<Dq<5@Ttp00000000000,2*73
\s:66,c:1782377495*4E\!AIVDM,1,1,,B,H7Okhu4TCBD8U<32FihhA01@216t,0*78
\s:66,c:1782377493*48\!AIVDM,1,1,0,A,14V8>0000cnF2A`QHerelc0t1d08,0*66
\s:66,c:1782377493*48\!AIVDM,1,1,,A,17tKk5@0017INhv0g9;iwTm20HCH,0*2D
\s:66,c:1782377495*4E\!AIVDM,1,1,,B,19Iik9P01qPD3jPEJnpS32O6053<,0*52
\s:66,c:1782377495*4E\!AIVDM,1,1,,A,39@2aA5001Tl9>L>;4dWwCs40EA:,0*76
\s:66,c:1782377495*4E\!AIVDM,1,1,,A,16:;t:P01B8iS9HA3:6=m;>p08@n,0*73
\s:66,c:1782377494*4F\!AIVDM,1,1,,B,34hFLD0PB004O?HF43Ua17=000u0,0*11
\s:66,c:1782377496*4D\!AIVDM,1,1,,B,1779H5000h7Ljr`0g?k:aHM80<<P,0*0E
\s:66,c:1782377496*4D\!AIVDM,1,1,,A,14hFLD0PB004O=>F43J8wo=40@E>,0*76
\s:66,c:1782377489*43\!AIVDM,1,1,,B,B3aNaH@0985SQw7UUBuCSwfUoP06,0*0E
\s:66,c:1782377495*4E\!AIVDM,1,1,,A,338hPd002b0l9>vNw452P1up0000,0*51
\s:66,c:1782377488*42\!AIVDM,1,1,,A,H3EkMa08TuA`63<000000000000,2*6C
\s:66,c:1782377495*4E\!AIVDM,1,1,,A,H3EkMa4T00000000000000105410,0*3E
\s:66,c:1782377490*4B\!AIVDM,1,1,,A,18I9Bp00017JLM20esEq@U0n053<,0*71
\s:66,c:1782377487*4D\!AIVDM,1,1,,A,18Htu4PP1;7JJG@0dA=:kwvl00T6,0*1E
\s:66,c:1782377488*42\!AIVDM,1,1,,A,H52c8<P8D5E@TIDj18D@0000000,2*1E
\s:66,c:1782377488*42\!AIVDM,1,1,,A,H52c8<TU7B=40050000000088124,0*71
\s:66,c:1782377491*4A\!AIVDM,1,1,,B,C6:eKh@08B9hQF4TdHbS3wv0Rb2LV@:L>hB2L>@:0@:0S6`:5U0P,0*5A
\s:66,c:1782377483*49\!AIVDM,1,1,,A,16;E`d100m`MiWTF0lhcNa<R053<,0*1A
\s:66,c:1782377487*4D\!AIVDM,1,1,,B,18LNI:0P01WJGmH0doPkMOvp0@@=,0*4A
\s:66,c:1782377483*49\!AIVDM,1,1,,B,13`m1nhP00PHjK2NFp`N4?vf2D0c,0*2E
\s:66,c:1782377485*4F\!AIVDM,1,1,,B,B3`ila000@5iAl7PB`CQ3wd1jE5b,0*6F
\s:66,c:1782377484*4E\!AIVDM,1,1,,B,139o69PP0lPesF>NVAasBgvf08>0,0*64
\s:66,c:1782377484*4E\!AIVDM,1,1,,A,13K8>j001l0uN6:E;=GclqHh0000,0*03
\s:66,c:1782377486*4C\!AIVDM,1,1,,A,18I:F4001qwVk1PDT`ljkB>h08?I,0*32
\s:66,c:1782377489*43\!AIVDM,1,1,,A,36:`e50P00`VkR2BClS<0wwp0000,0*36
\s:66,c:1782377489*43\!AIVDM,1,1,,,B3Ie=j000vp3owRSs`cQ3wfQl000,0*7F
\s:66,c:1782377489*43\!AIVDM,1,1,,A,139PR:`P06PfTmVO7IT2bOvp253<,0*3E
\g:1-2-5198587,s:66,c:1782377491*07\!AIVDM,2,1,7,A,59NSaw`2<wEwDh=cH00m<>104lU860TTT0000019H0D??5dhNE@PDR@0,0*4D
\g:2-2-5198587*62\!AIVDM,2,2,7,A,000000000000000,2*23
\s:66,c:1782377489*43\!AIVDM,1,1,,B,35?d`oPP@fo;oTnL=wHhsrnr012@,0*18
\s:66,c:1782377490*4B\!AIVDM,1,1,,A,B3aEPe00?Ww?TbW@>ffM?wg1h<1U,0*1A
\s:66,c:1782377493*48\!AIVDM,1,1,,B,H3aEPe0UaaT0000000000000000,2*7C
\s:66,c:1782377493*48\!AIVDM,1,1,,B,36;Jhl001Q`hCa@@wtul=3Bv0Ps0,0*1C
\s:66,c:1782377493*48\!AIVDM,1,1,,B,13F79LPP0qwW5lPDck40nOw228CN,0*60
\s:66,c:1782377492*49\!AIVDM,1,1,,B,18;7:k0P00`aWr08IAu00?vv28Bt,0*43
\s:66,c:1782377491*4A\!AIVDM,1,1,,B,839eGd0j2d==d<tNL0P0N?`55t00,0*46
\s:66,c:1782377490*4B\!AIVDM,1,1,,A,13oGr<70000J0JrSbF@R5Wdt0D19,0*5C
\s:66,c:1782377492*49\!AIVDM,1,1,,A,14`V0uh01:P?<42Maia@v@bv08C<,0*67
\s:66,c:1782377493*48\!AIVDM,1,1,,B,18I<CM002fvgIfn<JrT`6VPr00S0,0*42
\s:66,c:1782377493*48\!AIVDM,1,1,,A,1815LBPPAE8jeEdAG=3lrSo200S5,0*49
\s:66,c:1782377494*4F\!AIVDM,1,1,,A,13IAlb7P1FOaK1FLAD854Ow62L15,0*24
\s:66,c:1782377490*4B\!AIVDM,1,1,,A,19NS<O002b`nm?l@6rI8Knht0HB2,0*64
\s:66,c:1782377492*49\!AIVDM,1,1,,B,19NSp=@1RW32L`Qh9Ag2Oj6v053<,0*5F
\s:66,c:1782377493*48\!AIVDM,1,1,,B,B69Cd1`T0B;rm<TB9F4?swlN1P06,0*03
\s:66,c:1782377494*4F\!AIVDM,1,1,,A,13cvGu02@0Q1JH2GGNl51nS20<1n,0*5B
\s:66,c:1782377493*48\!AIVDM,1,1,,A,17m@;bsP00`FSQ9wDdAV6ww02<2h,0*78
\s:66,c:1782377492*49\!AIVDM,1,1,,A,1815L10104oUP5DB8me85oRr0000,0*78
\s:66,c:1782377493*48\!AIVDM,1,1,,B,H3aEPe4TCBD8IUN@2mmnh01P131t,0*62
\s:66,c:1782377494*4F\!AIVDM,1,1,,B,15O=OR?000q=Pc4@wVr8N5A60<56,0*22
\s:66,c:1782377495*4E\!AIVDM,1,1,,B,14QugD001WQJ64PPBMR1Ni?40@DR,0*7E
\s:66,c:1782377494*4F\!AIVDM,1,1,,B,1:5eak8P00WbFh85twQv4?w228Cf,0*4F
\s:66,c:1782377494*4F\!AIVDM,1,1,,B,19NSu6h0290LErnEo16J=`940<5j,0*61
\s:66,c:1782377493*48\!AIVDM,1,1,,B,16K2m@00009iOU4CwQ09Mrdt0<2l,0*19
\s:66,c:1782377493*48\!AIVDM,1,1,,,B3Ie=j000vp3ovRSs`sQ3whQl000,0*60
\s:66,c:1782377494*4F\!AIVDM,1,1,,B,142O`p@0?w<tSF0l4Q@>48gv0Tj4,0*48
\s:66,c:1782377492*49\!AIVDM,1,1,,A,15N2ejP00Wre1<BGABhIAoHv2@Bk,0*20
\s:66,c:1782377495*4E\!AIVDM,1,1,,,B39pK70008;ijtWj>pedcwiUoP06,0*04
\s:66,c:1782377494*4F\!AIVDM,1,1,,B,18I:F4001qwVk=jDTa>jkR?408D=,0*16
\g:1-2-5198588,s:66,c:1782377496*0F\!AIVDM,2,1,8,B,59NSaw`2<wEwDh=cH00m<>104lU860TTT0000019H0D??5dhNE@PDR@0,0*41
\g:2-2-5198588*6D\!AIVDM,2,2,8,B,000000000000000,2*2F
\s:66,c:1782377493*48\!AIVDM,1,1,,A,339o69P00l0es>jNVAlK=`wp0000,0*15
\s:66,c:1782377493*48\!AIVDM,1,1,,B,B8SOq9@06aqrGmRlMON`CwhUoP06,0*27
\s:66,c:1782377491*4A\!AIVDM,1,1,,A,1815`0D0iW7@1BH1NmGlRS`n0@BC,0*3A
\s:66,c:1782377493*48\!AIVDM,1,1,,A,B3n08>0008R1C@b6dfh3OwhUoP06,0*56
\s:66,c:1782377496*4D\!AIVDM,1,1,,A,18LNI:0P01WJGm:0doPkLww:08EL,0*45
\s:66,c:1782377496*4D\!AIVDM,1,1,,A,33E`wmP2h0004u4FodMP001p0000,0*47
\s:66,c:1782377485*4F\!AIVDM,1,1,,A,19NSIb@01rDW@4VNbN3K:8pj00Ra,0*2B
\s:66,c:1782377355*45\!AIVDM,1,1,,B,39NSIb@01rDWCRpNbI9c9ppN05T3,0*72
\s:66,c:1782377498*43\!AIVDM,1,1,,A,13E`wmgP00P04u6FodMP0?w82HEU,0*41
\s:66,c:1782377484*4E\!AIVDM,1,1,,,15Nb?NUP00oRl82CD508Gwvj0000,0*76
\s:66,c:1782377488*42\!AIVDM,1,1,,A,13aC2Q?P00PBGFLML31v4?vn2<2u,0*7A
\s:66,c:1782377485*4F\!AIVDM,1,1,,A,17tD:=8P01WL5E`0lCof4?vj2<PU,0*7F
\s:66,c:1782377487*4D\!AIVDM,1,1,,A,344WUNPOjBNaAm4:efa=Qbqp1P01,0*6E
\s:66,c:1782377487*4D\!AIVDM,1,1,,A,H3mBpr0l58Ttr0PDhDp00000000,2*09
\s:66,c:1782377487*4D\!AIVDM,1,1,,A,H3mBpr4NC=D5dFw<;qijh00P5120,0*1B
\s:66,c:1782377490*4B\!AIVDM,1,1,,A,17tD:=8P01WL5E`0lCof4?vj2<PU,0*7F
\s:66,c:1782377490*4B\!AIVDM,1,1,,A,19NSgCP02q;DmdnJA59js2Bp053<,0*38
\s:66,c:1782377487*4D\!AIVDM,1,1,,B,35Cj9r50007JK:h0esS7mRlp0E>:,0*30
\s:66,c:1782377487*4D\!AIVDM,1,1,,A,18I6@F8000WJS8v0fm8tU16j0<4d,0*4D
\s:66,c:1782377477*42\!AIVDM,1,1,,A,177DF20wAn8Pe2Gws:66,0*43
\s:66,c:1782377457*40\!AIVDM,1,1,,A,377DF2001n8Pe5Sws=1GFEqR0N>3,0*0D
\s:66,c:1782377489*43\!AIVDM,1,1,,B,33a9=20000P60itMfPN=oWjn00V1,0*6A
\g:1-2-5198589,s:66,c:1782377486*0F\!AIVDM,2,1,9,B,53K=j@825IGSTP7?KOATuF2J0lF222222222220U2pF535dC06AT`2S4,0*0A
\g:2-2-5198589*6C\!AIVDM,2,2,9,B,888888888888880,2*2E
\s:66,c:1782377487*4D\!AIVDM,1,1,,B,E>mW=JjQ2PQWW@6I000000000003lwgo2w1FP10088=f00,4*38
\s:66,c:1782377482*48\!AIVDM,1,1,,B,B5ODi:0006C?2M4>OloQ3wb1h000,0*57
\s:66,c:1782377489*43\!AIVDM,1,1,,A,19pM;4700RvhRj285hP=J:vp253<,0*1B
\s:66,c:1782377489*43\!AIVDM,1,1,,A,17ldKA00007KqlV0TkeP052n0<5:,0*75
\s:66,c:1782377489*43\!AIVDM,1,1,,B,B5ODi:000>C?2MT>OloQ3wf1l000,0*3F
\s:66,c:1782377484*4E\!AIVDM,1,1,,B,1:10V>?P07PspA>DH:TlOwvh253<,0*23
\s:66,c:1782377490*4B\!AIVDM,1,1,,B,13P<qqhwQf8?:nh<TS=IO7Vr053<,0*41
\s:66,c:1782377485*4F\!AIVDM,1,1,,A,1395@l00Qh8eTqV?>Of110rf00S0,0*7C
\s:66,c:1782377489*43\!AIVDM,1,1,,A,137Qef0uRBP7f@vNEeld0aVj0D2c,0*0D
\s:66,c:1782377485*4F\!AIVDM,1,1,,A,D02IP>iMdffp,0*77
\s:66,c:1782377486*4C\!AIVDM,1,1,,B,139uDUPP04PewqFNWi78A?vl2D4M,0*1F
\s:66,c:1782377488*42\!AIVDM,1,1,,B,B3`s10h02`4O9;WIrct;Wwf1l000,0*5E
\s:66,c:1782377484*4E\!AIVDM,1,1,,A,352nJR0OhBrTVvRE6q:EaDtf01jP,0*14
\s:66,c:1782377486*4C\!AIVDM,1,1,,B,17ldT8OP00`=mpcvdS0K<Ovj253<,0*26
\s:66,c:1782377485*4F\!AIVDM,1,1,,A,138MB>002RQdpK0PfP9EITB<0000,0*0A
\s:66,c:1782377488*42\!AIVDM,1,1,,A,1kamhV00000OcUhNPh5RRQ:1uwww,0*74
\s:66,c:1782377489*43\!AIVDM,1,1,,B,18HvCG0OlbWKTLP0d73;FI2p253<,0*1D
\s:66,c:1782377488*42\!AIVDM,1,1,,B,13ku9o@01bON:3hJl:O`9VLr08@T,0*52
\s:66,c:1782377485*4F\!AIVDM,1,1,,B,B3pr<aP0<8GVd6UQ>Is;IN;Pp000,0*3B
\s:66,c:1782377487*4D\!AIVDM,1,1,,B,14Rr?U001IU0>T<<wkS9i7fl053<,0*35
\s:66,c:1782377487*4D\!AIVDM,1,1,,A,39AF37@P@d2D5UVAnR:WN0Jj0Pl0,0*29
\s:66,c:1782377487*4D\!AIVDM,1,1,,,13bA>J8P0jOa9pPcP87qLwvp2000,0*45
\s:66,c:1782377489*43\!AIVDM,1,1,,B,B6:WdUP00B9gFOTTUidL<Fv021Mk,0*45
\s:66,c:1782377489*43\!AIVDM,1,1,,A,13aRssh0000@w7tMLA9<=oPt053<,0*32
\s:66,c:1782377489*43\!AIVDM,1,1,,A,1815RO00AK7L2e`0f7p9b7dn053<,0*0D
\s:66,c:1782377482*48\!AIVDM,1,1,,B,16SfRP?P1=`rrWRC:r1sUwvb20S2,0*0F
\s:66,c:1782377482*48\!AIVDM,1,1,,A,33cvF05P00Pacm6FKlf=qwvb0000,0*01
\s:66,c:1782377488*42\!AIVDM,1,1,,A,13=Qct00@50OM<`E>Ap4vl4n0D5w,0*4C
\s:66,c:1782377491*4A\!AIVDM,1,1,,A,15>md000PCrCapB59PTtF9pv08BU,0*4E
\s:66,c:1782377489*43\!AIVDM,1,1,,A,38150v@022OjFklDpqUJo8ep0000,0*63
\s:66,c:1782377490*4B\!AIVDM,1,1,,,152iqN032Vb0pqpCC5o6f5Rn0000,0*40
\s:66,c:1782377490*4B\!AIVDM,1,1,,A,35O6amPPBfoRpv<CCUL4<2nr00c0,0*1A
\s:66,c:1782377487*4D\!AIVDM,1,1,,A,33Jufr0=@00JtsbHbNs1J19p0000,0*7B
\s:66,c:1782377491*4A\!AIVDM,1,1,,B,H6:WdUPQD5PT4pO7P0000000000,2*1D
\s:66,c:1782377491*4A\!AIVDM,1,1,,A,H6:WdUU6?F10200nnpp000509730,0*15
\s:66,c:1782377492*49\!AIVDM,1,1,,A,16;9voP01@88Q?h<sO@n=U0t0`BR,0*6F
\s:66,c:1782377486*4C\!AIVDM,1,1,,A,34hJ@M50@0P<22pF`iVuR66`0Dfb,0*49
\s:66,c:1782377491*4A\!AIVDM,1,1,,A,B40a1wP00EIRGgu`pId000N00000,0*6F
\s:66,c:1782377492*49\!AIVDM,1,1,,B,15O6amPPAooRq1@CCUIS:R@v0HBu,0*19
\s:66,c:1782377492*49\!AIVDM,1,1,,A,39AF37@P@d2D5TtAnQp7RhHv0R20,0*25
\s:66,c:1782377486*4C\!AIVDM,1,1,,A,16:bibmP00`dGtlApUWJ1?vn2000,0*79
\s:66,c:1782377493*48\!AIVDM,1,1,,B,403t?iivad`kP`LDo0=wap700<4g,0*45
\s:66,c:1782377493*48\!AIVDM,1,1,,B,C6:WdUP00b9gFP4TUilJ@EN0@b2hB2L?Sh0000000000S2P4SQP0,0*50
\s:66,c:1782377490*4B\!AIVDM,1,1,,A,B39TtvP080F:vP`U>s<2P2N00000,0*60
\s:66,c:1782377492*49\!AIVDM,1,1,,B,B8G0lFh00AhbBPQ9oi7Q3wgQjE3:,0*6F
\s:66,c:1782377493*48\!AIVDM,1,1,,B,18HvCG0OlbWKTBh0d7Q;Ga502HCJ,0*5C
\s:66,c:1782377494*4F\!AIVDM,1,1,,A,15NH0O0000rA@PN>s:66,0*25
\s:66,c:1782377494*4F\!AIVDM,1,1,,B,1:U7UP8P01uOrWKs<l4Wugw428Cc,0*4F
\g:1-2-5198590,s:66,c:1782377283*04\!AIVDM,2,1,0,A,59NSgF82DHfODha7R210Tpf1<4pA>22222222216OpeOC5c20ehk`0iQ,0*5C
\g:2-2-5198590*64\!AIVDM,2,2,0,A,888888888888880,2*24
\s:66,c:1782377493*48\!AIVDM,1,1,,A,140ans0000P<2M<F`kl>40G02D1t,0*1F
\s:66,c:1782377492*49\!AIVDM,1,1,,A,16SfRP?P1=`rrP<C:rGcFOvv2<1U,0*35
\s:66,c:1782377493*48\!AIVDM,1,1,,A,13L=ol001f1OcshRCOv`WVn00000,0*10
\s:66,c:1782377490*4B\!AIVDM,1,1,,A,B3n>SF0000DVkjaqlsT000N00000,0*14
\s:66,c:1782377492*49\!AIVDM,1,1,,,13bA>J8P0kOa9hdcP7wqQww22000,0*79
\s:66,c:1782377495*4E\!AIVDM,1,1,,A,18Humc01C4Ng15F6PJuMrs=6053<,0*15
\s:66,c:1782377492*49\!AIVDM,1,1,,A,E>j=@4P90aT82b1Wh8Hh860b37a6NAc0J2@`0H31QPORL3@,2*3C
\s:66,c:1782377494*4F\!AIVDM,1,1,,,152iqN032Vb0prlCC5:6fETv0000,0*64
\s:66,c:1782377495*4E\!AIVDM,1,1,,A,13doRt001u07DNrM;?`1cAE80@Dh,0*29
\s:66,c:1782377492*49\!AIVDM,1,1,,A,405InAAvad`k@<tSF0l4Q@101P06,0*4A
\s:66,c:1782377497*4C\!AIVDM,1,1,,A,17ljJcw0007aD5atPHw4;Ua:0D35,0*66
\s:66,c:1782377496*4D\!AIVDM,1,1,,A,13e`w0001N844I=t3sMPshm20@E=,0*30
\s:66,c:1782377492*49\!AIVDM,1,1,,A,13aQeg0P00PFK1dMv56f4?w020Sg,0*5A
\s:66,c:1782377494*4F\!AIVDM,1,1,,A,33v32870000mHnNQ1D1P001p0000,0*5F
\s:66,c:1782377496*4D\!AIVDM,1,1,,B,39AF37@P@d2D5TVAnQg7ThG40Pj@,0*72
\s:66,c:1782377490*4B\!AIVDM,1,1,,A,B52J`th00>cnKg5ofsmQgwfUoP06,0*23
\g:1-2-5198591,s:66,c:1782377495*04\!AIVDM,2,1,1,A,5815a2D2Bc1UKL7?KG4HD@E8T<6222222222221?C8Q6F5eT0KQDp0C1,0*1B
\g:2-2-5198591*65\!AIVDM,2,2,1,A,p88888888888880,2*6D
\s:66,c:1782377497*4C\!AIVDM,1,1,,B,13ku:s@02=QI:@NPfOU@HPI60W3h,0*14
\s:66,c:1782377495*4E\!AIVDM,1,1,,A,1kamhV00000OcUhNPh5ROi:1uwww,0*51
\s:66,c:1782377496*4D\!AIVDM,1,1,,,13bA>J8P0hOa9bTcP7qIIgw:2000,0*7E
\g:1-2-5198592,s:66,c:1782377497*05\!AIVDM,2,1,2,B,570GWR82F:TT7HG;;GLL4@DE:222222222222216:`?2G6AU08Akl81j,0*08
\g:2-2-5198592*66\!AIVDM,2,2,2,B,0Dj0H8888888880,2*7B
\s:66,c:1782377497*4C\!AIVDM,1,1,,B,18HvCG004dWKT9@0d7w;Gq382@Eo,0*3D
\s:66,c:1782377491*4A\!AIVDM,1,1,,B,18I<Pg02P?`kqcjAEn;Jp3nt0@Aq,0*72
\s:66,c:1782377488*42\!AIVDM,1,1,,A,33bb0F00000GpGlNR4>8h0Tr05`3,0*7A
\s:66,c:1782377483*49\!AIVDM,1,1,,A,340`@F000hG<CUBL=w7D>3ap0000,0*69
\g:1-2-5198593,s:66,c:1782377486*04\!AIVDM,2,1,3,B,58LV`P82BvwoUKWWOR0du@60lDL4R22222222216D`pJ95eF0JSPCTj0,0*42
\g:2-2-5198593*67\!AIVDM,2,2,3,B,H88888888888880,2*54
\s:66,c:1782377483*49\!AIVDM,1,1,,A,33TdV<00S41Qg7HEpg23NRip0000,0*35
\s:66,c:1782377488*42\!AIVDM,1,1,,A,34``pK5000P9lprGadv1=kVl0Dg:,0*58
\s:66,c:1782377489*43\!AIVDM,1,1,,B,B7tKnCh009hV5JQ8qfgQ3wt5l000,0*43
\s:66,c:1782377217*42\!AIVDM,1,1,,A,13P=0w@1@7RP7mPBk@:PsH9h052p,0*2E
\s:66,c:1782377491*4A\!AIVDM,1,1,,A,18KohP0P08WK3r80f>3TD?w02D<7,0*70
\s:66,c:1782377484*4E\!AIVDM,1,1,,A,13KHUb0uBO1NkAPRHkh:t`j00000,0*30
\s:66,c:1782377489*43\!AIVDM,1,1,,A,H3cnljTTCBD00009;Pqqho0p644w,0*47
\s:66,c:1782377492*49\!AIVDM,1,1,,A,38I2c31vh27LH`d0h?97<D8r0Dib,0*08
\s:66,c:1782377488*42\!AIVDM,1,1,,A,B3P>?QP00?v9@hW6Pt7Q3wf1nDK:,0*34
\s:66,c:1782377492*49\!AIVDM,1,1,,B,ENk`upNT4h@@@@@@@@@@@@@@@@@=8fFM7PdBh00003vP000,2*40
\s:66,c:1782377485*4F\!AIVDM,1,1,,A,13mU690PA2PgOubQm7o27Ahj28>k,0*12
\s:66,c:1782377485*4F\!AIVDM,1,1,,A,168uTF0Oj4`fF7HA9euK8`dh0>`u,0*0C
\s:66,c:1782377491*4A\!AIVDM,1,1,,A,B8Htw900?Qnbsq0;k38B7wgUkP06,0*28
\s:66,c:1782377493*48\!AIVDM,1,1,,B,14S9Nv002br8B7<=OUPjmRBv0HC>,0*32
\s:66,c:1782377491*4A\!AIVDM,1,1,,A,18I098UvAeWJv8J0bmMCGjTt0@BO,0*08
\s:66,c:1782377488*42\!AIVDM,1,1,,A,35NO=l0000JrjiTH@059kRkp0000,0*09
\s:66,c:1782377492*49\!AIVDM,1,1,,A,16ShtO?001a=QR>D4dkR`bHr08BW,0*46
\s:66,c:1782377489*43\!AIVDM,1,1,,A,13aC2`wP0kPHJ`DN>Ar7<Ovt2<6T,0*37
\s:66,c:1782377490*4B\!AIVDM,1,1,,A,13LBaQ00001RBl@RvS1FsK>00000,0*21
\s:66,c:1782377488*42\!AIVDM,1,1,,A,39NSsF5000vqPad@71:MH@0p0Dg:,0*03
\g:1-2-5198594,s:66,c:1782377493*07\!AIVDM,2,1,4,A,59t6Vr`0Al5oTi?;?3DB0F0:0:1V22222222221@7PL855No08T1p3FH,0*1D
\g:2-2-5198594*60\!AIVDM,2,2,4,A,888888888888880,2*20
\s:66,c:1782377490*4B\!AIVDM,1,1,,A,13`omb5P13PFHN0MvtO8`?vt2@Ae,0*50
\s:66,c:1782377494*4F\!AIVDM,1,1,,A,177JWV002:7L53@0eq;b:`6r0hAb,0*71
\s:66,c:1782377490*4B\!AIVDM,1,1,,B,13c56f001K05`MFNb=LkGjnp0d6v,0*24
\s:66,c:1782377490*4B\!AIVDM,1,1,,A,17ldtM00007L4w20bqL8Mjrt0@AI,0*15
\s:66,c:1782377491*4A\!AIVDM,1,1,,A,13KHUb0tjO1Nk1<RHksbtHh00000,0*6C
\s:66,c:1782377493*48\!AIVDM,1,1,,B,E>jO`gw3Tb@1a0W2hIr00000000@TIUl;04G`10888hh20,4*5B
\s:66,c:1782377494*4F\!AIVDM,1,1,,B,13aC3Sh01<OwRctLkKw2rjC60HD2,0*07
\s:66,c:1782377493*48\!AIVDM,1,1,,B,B5?dhuP001rK20QOK7a10l?P8HBb,0*1F
\s:66,c:1782377490*4B\!AIVDM,1,1,,,18Ld;v0v2uvecnp7<lIneUHn1000,0*33
\s:66,c:1782377490*4B\!AIVDM,1,1,,A,13eh;t0wA`Po=E4O9r7JT`Jp00Rm,0*3B
\s:66,c:1782377492*49\!AIVDM,1,1,,B,13?sH70001PeIo@N`kuKNpFJ2PSW,0*69
\s:66,c:1782377488*42\!AIVDM,1,1,,A,13ktv?001s0H00FO8PDWv6>n0000,0*2A
\s:66,c:1782377491*4A\!AIVDM,1,1,,A,33eh;t0wQW0o=E4O9r7JU`Kp0000,0*41
\s:66,c:1782377494*4F\!AIVDM,1,1,,B,402E:rivad`kR0F;;vMwRLo008D@,0*2A
\s:66,c:1782377489*43\!AIVDM,1,1,,A,160rAh@10l3UwmT?L5>`co:n0HAP,0*66
\s:66,c:1782377491*4A\!AIVDM,1,1,,A,16;G:F001WR4R7tGJFpR21Tr08B3,0*05
\s:66,c:1782377490*4B\!AIVDM,1,1,,A,13V;Dd0vij8o6w6AGTG@<0Dr08A>,0*14
\s:66,c:1782377191*4F\!AIVDM,1,1,,A,H5NSv4TTCBD6s1jG47qonl10623t,0*45
\s:66,c:1782377494*4F\!AIVDM,1,1,,B,E>lt;bF3V:@1`I@;Rab@1Pa2@@@5J0BNq<vn000000N010,4*2B
\s:66,c:1782377496*4D\!AIVDM,1,1,,B,15@`?;P000WKQIr0f8@WQS:`08Dc,0*1D
\s:66,c:1782377497*4C\!AIVDM,1,1,,A,16;9S@001`8k4lnD`ac6vUO80HEU,0*28
\s:66,c:1782377490*4B\!AIVDM,1,1,,A,H7tKnClT1=30000q=kknhP1h522t,0*4E
\s:66,c:1782377495*4E\!AIVDM,1,1,,A,33TdV<00S51QgQHEpg4SNRip0000,0*34
\s:66,c:1782377490*4B\!AIVDM,1,1,,A,38LV`P012L8bj10?Ab@886Lp0D;=,0*6D
\s:66,c:1782377492*49\!AIVDM,1,1,,A,13JI56PP01Q1Uw2DVdS>4?w0253<,0*0A
\s:66,c:1782377495*4E\!AIVDM,1,1,,A,35Nu0pP000q=9M:@tMV`FDS80763,0*1D
\s:66,c:1782377496*4D\!AIVDM,1,1,,A,18LcM60001SS==:@Dj67Mqw608DF,0*58
\s:66,c:1782377495*4E\!AIVDM,1,1,,A,18Hwr@501tWK2RT0f>I<<ak2053<,0*59
\s:66,c:1782377492*49\!AIVDM,1,1,,A,340`@F000iG<CblL=vw4>3cp0000,0*42
\s:66,c:1782377497*4C\!AIVDM,1,1,,A,15Ne7CPP00Jd7tdG<lb1uww8053<,0*77
\s:66,c:1782377497*4C\!AIVDM,1,1,,A,177b0G0000UeQqD3vF8qmim600Sw,0*67
\s:66,c:1782377492*49\!AIVDM,1,1,,A,140`@F000jo<CbbL=vvl=kc20HC3,0*2D
\s:66,c:1782377362*41\!AIVDM,1,1,,B,338A@d5000M4?NikOBQHTrHb0Dh:,0*49
\s:66,c:1782377491*4A\!AIVDM,1,1,,A,14QvuL0vikPg8dPQ6SDJNpFt0<2l,0*26
\s:66,c:1782377487*4D\!AIVDM,1,1,,A,B3uBJp0008>`3:`6T3L000N00000,0*36
\s:66,c:1782377484*4E\!AIVDM,1,1,,B,13udt4001AQAhEJQrIvcmqG>0PSD,0*1C
\s:66,c:1782377487*4D\!AIVDM,1,1,,B,13aDpiP01>PA0tNMJsgtCIpn253<,0*14
\s:66,c:1782377487*4D\!AIVDM,1,1,,B,B3cs;CP0=@@FtC5kHCVQ3we1h000,0*0A
\s:66,c:1782377492*49\!AIVDM,1,1,,A,139a72001gPeOLrN`MvM9JU008C4,0*5A
\s:66,c:1782377488*42\!AIVDM,1,1,,B,13@r;J001FwWI`vDVR=qs87H0`@a,0*25
\s:66,c:1782377490*4B\!AIVDM,1,1,,B,E4eGk5?2Qh;Pb2a@8bPV@1:WdP0KVHcq>3sn040PPPfh20,4*79
\s:66,c:1782377492*49\!AIVDM,1,1,,B,B6:LuU00F:;as8THM>u1wwg42000,0*10
\s:66,c:1782377492*49\!AIVDM,1,1,,B,18I<L3002FrWPa6E3DMbOpFr0HC1,0*6C
\s:66,c:1782377490*4B\!AIVDM,1,1,,B,169<qIPP008Q0qPEo09elwvr0<L@,0*3E
\s:66,c:1782377492*49\!AIVDM,1,1,,B,Evj9dHiQ5aHI@Ir9@;TW230a6P0@?9BR?LBu0<1QQSh000,4*18
\s:66,c:1782377489*43\!AIVDM,1,1,,B,139RBAW00KPJIbNOQd?h=0Dp0`A7,0*1E
\s:66,c:1782377492*49\!AIVDM,1,1,,B,19NSC4sP007JKNd0fh;a2Ovv0<>w,0*24
\s:66,c:1782377490*4B\!AIVDM,1,1,,B,1815Sw000e0>Mi8E5GWUKD>r053<,0*37
\s:66,c:1782377489*43\!AIVDM,1,1,,B,15?dS=@P00WOqL01=M5v4?vf2D3:,0*77
\s:66,c:1782377491*4A\!AIVDM,1,1,,A,B3uBJp0008>`3:`6T3L000N00000,0*36
\s:66,c:1782377490*4B\!AIVDM,1,1,,A,33@p3d00000nVijO>O;`5VOp0000,0*73
\s:66,c:1782377489*43\!AIVDM,1,1,,A,B7OjB9P00:e5FuLUkWcQ3weQnDh:,0*1B
\s:66,c:1782377493*48\!AIVDM,1,1,,B,16:<QUP01P8Uqw0F=U?;DI500PSg,0*0C
\s:66,c:1782377493*48\!AIVDM,1,1,,B,13Jw`0001tO`@WvL0L6BE1q2053<,0*38
\s:66,c:1782377492*49\!AIVDM,1,1,,A,339a72001f0eOLrN`MvM8:Up0000,0*77
\s:66,c:1782377493*48\!AIVDM,1,1,,A,144nVC73h`NgniB;H<s53ko008C<,0*75
\s:66,c:1782377491*4A\!AIVDM,1,1,,B,Km2d0KCu<aBnC0Ot,0*21
\s:66,c:1782377494*4F\!AIVDM,1,1,,A,16:7NsP01m`QNbjF<SQJi8S00<5E,0*26
\g:1-2-5198595,s:66,c:1782377490*05\!AIVDM,2,1,5,B,84eGk500GtNeFAIwUOwwhpdrFPGCLGFagwl?wnSwe7wvlOwwsAwwnSGm,0*43
\g:2-2-5198595*61\!AIVDM,2,2,5,B,wvh0,0*49
\s:66,c:1782377491*4A\!AIVDM,1,1,,B,H3?riNPiD<eV1HT8E>222222220,2*1A
\s:66,c:1782377491*4A\!AIVDM,1,1,,A,H3?riNTT1=300004;mplqP0h762t,0*48
\s:66,c:1782377492*49\!AIVDM,1,1,,A,13@pJU02CMPvKK:OKi@J586v0PRt,0*77
\s:66,c:1782377495*4E\!AIVDM,1,1,,A,18I;840028wqD<hLgwUquos20D2=,0*15
\s:66,c:1782377492*49\!AIVDM,1,1,,B,15604j@P?w<tSF0l4Q@>4?wv0d0j,0*3F
\s:66,c:1782377497*4C\!AIVDM,1,1,,B,19NSOLP00ELti<7ji=fBIk:h053<,0*1C
\s:66,c:1782377497*4C\!AIVDM,1,1,,A,16K;;p001VNj3n0;n2a8KVm608Ek,0*6A
\s:66,c:1782377441*47\!AIVDM,1,1,,B,H3@nvnQ>uV04h84000000000000,2*46
\s:66,c:1782377497*4C\!AIVDM,1,1,,B,H3@nvnTU7B=4011H@3qnih000004,0*04
\s:66,c:1782377482*48\!AIVDM,1,1,,B,13ku;G@02HOG0qdGK3@iKi:f053<,0*00
\s:66,c:1782377485*4F\!AIVDM,1,1,,B,169=13PP1H8OootF<CoCjwvj2@>i,0*6F
\s:66,c:1782377486*4C\!AIVDM,1,1,,B,33P=lB@OhvP6O4nMGa5smIpf015i,0*46
\s:66,c:1782377490*4B\!AIVDM,1,1,,B,403Ow3Qvad`kNq=2eJA2:7w0253<,0*1E
\s:66,c:1782377490*4B\!AIVDM,1,1,,B,18I9qt00QP7QH281PH2`96Lt0<0p,0*7C
\s:66,c:1782377491*4A\!AIVDM,1,1,,B,B69CWb`<9B;h2DTE7GuaUD1R1P06,0*7C
\s:66,c:1782377491*4A\!AIVDM,1,1,,B,13aFdK`P1LPBHuVMgLQs0?w02@BW,0*70
\s:66,c:1782377491*4A\!AIVDM,1,1,,B,13aEQuOP00PF>P>NFOO00?vv2<1e,0*13
\s:66,c:1782377483*49\!AIVDM,1,1,,B,33s<hngP06wGebhG`Qvu9wvd20AC,0*2B
\g:1-2-5198596,s:66,c:1782377485*02\!AIVDM,2,1,6,B,53s<hnT00000=DuOT018D4j0I8E<=E840000000N1@=33t0Ht0;@0000,0*42
\g:2-2-5198596*62\!AIVDM,2,2,6,B,000000000000000,2*21
\s:66,c:1782377486*4C\!AIVDM,1,1,,B,33s<hngP04wGebvG`R=f1wvl2B2k,0*45
\s:66,c:1782377481*4B\!AIVDM,1,1,,A,402VqMAtvwI00<tSF0l4Q@000l36,0*7A
\s:66,c:1782377488*42\!AIVDM,1,1,,B,16:6aJPP1K89Gd@<lj7efwvl0<kV,0*4F
\s:66,c:1782377487*4D\!AIVDM,1,1,,A,18I07>0P00WKgsV0`M<1kwvl20RG,0*60
\s:66,c:1782377489*43\!AIVDM,1,1,,A,160wu2001m8<D9n87tgiVA@l00S8,0*4F
\s:66,c:1782377488*42\!AIVDM,1,1,,A,13417nPP00PCF=:MEfef4?vpRD80,0*54
\s:66,c:1782377485*4F\!AIVDM,1,1,,B,13dG8f3P00Pp:p@IM4uL<gvl053<,0*51
\s:66,c:1782377491*4A\!AIVDM,1,1,,A,344hIl701:aL<>@H`=4cfqFt2000,0*5E
\s:66,c:1782377491*4A\!AIVDM,1,1,,A,13ku;Q012wrTt=7lLWgFh5Jr0HBH,0*0D
\s:66,c:1782377491*4A\!AIVDM,1,1,,A,13mJb@0P00QFpo6WnQ:v4?vv28BL,0*54
\s:66,c:1782377489*43\!AIVDM,1,1,,B,15MgtdPP00oRVIlCCJbragvt2<23,0*04
\s:66,c:1782377488*42\!AIVDM,1,1,,B,B3IFSKP0@p;1@35o1cLMkwf5WP06,0*2D
\s:66,c:1782377489*43\!AIVDM,1,1,,A,B3I2EGP00@6hFqV:KW5DI3v00000,0*6A
\s:66,c:1782376770*47\!AIVDM,1,1,,B,H7mF<<PlT<P4Dj3N22222222220,2*20
\s:66,c:1782377490*4B\!AIVDM,1,1,,B,H7mF<<UJ93?4=6oI2Plqil2@7330,0*4D
\s:66,c:1782377487*4D\!AIVDM,1,1,,A,B3psaS0000EOO=Wih7l000N00000,0*5D
\s:66,c:1782377486*4C\!AIVDM,1,1,,A,155U6>P01866We430j>bJpBj0<03,0*0D
\s:66,c:1782377492*49\!AIVDM,1,1,,,13eTUh5000`VOnrDVA3DjU4v0000,0*50
\s:66,c:1782377493*48\!AIVDM,1,1,,B,19NSo3002A9hm9J2O<?E94Hv053<,0*52
\s:66,c:1782377494*4F\!AIVDM,1,1,,B,144hIl701;aL<;hH`=9ccIE228Cp,0*3D
\s:66,c:1782377491*4A\!AIVDM,1,1,,A,33mJb@00001Fpo6WnQ:P001p0000,0*3E
\s:66,c:1782377492*49\!AIVDM,1,1,,B,E>m><ed`:8@77oJP000000000003e1IG0Gmjp20@@@gf@0,4*09
\s:66,c:1782377491*4A\!AIVDM,1,1,,B,15Q=:N0031G?S40KE`k=cJtv0:6H,0*73
\s:66,c:1782377488*42\!AIVDM,1,1,,A,13mtUb0000PHF6`RT@Ck`VDJ0000,0*54
\s:66,c:1782377491*4A\!AIVDM,1,1,,A,B3psaS0000EOO=Wih7l000N00000,0*5D
\s:66,c:1782377495*4E\!AIVDM,1,1,,A,18Ht6MPP2vWLWgl0gC9Kbgw62<;:,0*46
\s:66,c:1782377495*4E\!AIVDM,1,1,,B,15N<4CgP00GRs@DCDL:L6Ow800S`,0*49
\s:66,c:1782377495*4E\!AIVDM,1,1,,B,13u><@000e0mTAfQ1DoB3iO8053<,0*45
\s:66,c:1782377493*48\!AIVDM,1,1,,A,15NP@s0P00o?j`hKA@k0Q?w20:6H,0*13
\s:66,c:1782377492*49\!AIVDM,1,1,,A,13lJEH002707li6MOS0Ig7g20D8g,0*38
\s:66,c:1782377492*49\!AIVDM,1,1,,A,18Ijdp001`WPgW<1dPf`0VDv08Bg,0*38
\s:66,c:1782377490*4B\!AIVDM,1,1,,A,33P=lB@OhnP6O0tMGaA;nb2n0000,0*40
\s:66,c:1782377492*49\!AIVDM,1,1,,B,13n4kG0OhqPj4JbQpE?UlThu08Bs,0*03
\s:66,c:1782377495*4E\!AIVDM,1,1,,A,B3psaS0000EOO=7ih7l000N00000,0*3D
\s:66,c:1782377495*4E\!AIVDM,1,1,,B,33`lR5hP000End@NCDM00?w40>wk,0*23
\s:66,c:1782377489*43\!AIVDM,1,1,,B,19NSV:@02?Q21VRDj0>KG98t08AF,0*21
\s:66,c:1782377496*4D\!AIVDM,1,1,,A,36:Lh>10038hR=@AffU;0AI60Dkr,0*32
\s:66,c:1782377490*4B\!AIVDM,1,1,,A,ENk`utdHR9@@@@@@@@@@@@@@@@@=C3GL;BLN000003vP000,2*0A
\s:66,c:1782377493*48\!AIVDM,1,1,,A,13KLqG00001R9B8Rvkm>4?v00000,0*64
\s:66,c:1782377494*4F\!AIVDM,1,1,,B,B342PwP00HNI;v5UuB0kCwgUl000,0*71
\s:66,c:1782377497*4C\!AIVDM,1,1,,A,16ShHPP0009=8idCu96hP:u82l5l,0*22
\s:66,c:1782377494*4F\!AIVDM,1,1,,B,15NU<N01@0JqPIvGgJjakc140<2I,0*76
\s:66,c:1782377497*4C\!AIVDM,1,1,,A,C3l9D?0018@WgE58Uo>FGTN0<BVA0NM0CKai:000000000@21120,0*76
\s:66,c:1782377498*43\!AIVDM,1,1,,A,15NLR3PP00G@5RTEbijhF?w400S;,0*6B
\s:66,c:1782377494*4F\!AIVDM,1,1,,B,16Qgbl9P012P7pp@lwhIM?w400S=,0*02
\s:66,c:1782377484*4E\!AIVDM,1,1,,A,14`Uvp@02mwwW3QpQIbt`r4f0p=v,0*3F
\s:66,c:1782377479*4C\!AIVDM,1,1,,A,ENjN6>AQ:Tb2W3PPb9h7;P00000@=eKa?N2o@00003vP1P,4*3A
\s:66,c:1782377486*4C\!AIVDM,1,1,,A,15?dVdP0P1R<>@0HSBRnpodl0d2F,0*38
\s:66,c:1782377488*42\!AIVDM,1,1,,A,34j8uk5P00rVEnn5sIrv4?vn2DCJ,0*0E
\s:66,c:1782377489*43\!AIVDM,1,1,,B,13l3tph0RI0kQj8Ps2mm9l4r08A3,0*1F
\s:66,c:1782377487*4D\!AIVDM,1,1,,B,B3GQQo00=P1f6`5RAdiDgweUh000,0*07
\s:66,c:1782377490*4B\!AIVDM,1,1,,A,169EGQ?P008g9>fA>o<sHOvt28A:,0*31
\s:66,c:1782377487*4D\!AIVDM,1,1,,A,13f3FP001p87ow4;JvkBEAjn0H@7,0*24
\s:66,c:1782377488*42\!AIVDM,1,1,,B,15?dbDh01E`fN0hAjMl4PkPn00S1,0*39
\s:66,c:1782377488*42\!AIVDM,1,1,,A,13a2KL70010G2VdNB`CP05hl0<22,0*73
\s:66,c:1782377488*42\!AIVDM,1,1,,A,100002OP?w<tSF0l4Q@>4?wv0@??,0*12
\s:66,c:1782377481*4B\!AIVDM,1,1,,,13lu080032KEasR;h`nBF1pb053<,0*4B
\s:66,c:1782377478*4D\!AIVDM,1,1,,B,19NSd6PvRDPJSWHNg9Q9s7pV08<Q,0*7B
\s:66,c:1782377487*4D\!AIVDM,1,1,,A,14`Uw3P1jUH`>6B6LanCrC8l00SB,0*2C
\s:66,c:1782377485*4F\!AIVDM,1,1,,A,19NSd6PwBDPJSJtNg9@aropj0D>U,0*1E
\s:66,c:1782377490*4B\!AIVDM,1,1,,B,16:LRt00008Vj@PD`Mq<Ej4r00SL,0*34
\s:66,c:1782377488*42\!AIVDM,1,1,,A,B3aDAa@0AP7WkQ7cPOFd;wf1hH@a,0*1A
\s:66,c:1782377485*4F\!AIVDM,1,1,,A,13AS0d000208BEBGAl6cvANh0@>C,0*0E
\s:66,c:1782377484*4E\!AIVDM,1,1,,A,17794S0vAo8gpsRA1eFd3anh08>1,0*4B
\s:66,c:1782377488*42\!AIVDM,1,1,,A,15?dNThPAO<PL?mbwHTH8VDl0D1K,0*2E
\s:66,c:1782377486*4C\!AIVDM,1,1,,B,35?dNThPAO<PLACbwHmp8VFf00n0,0*26
\s:66,c:1782377490*4B\!AIVDM,1,1,,B,15W2AH0wA7NhKo88IS4SVRnt08AS,0*07
\s:66,c:1782377488*42\!AIVDM,1,1,,A,36:LaRPP@O8W1W0D`1<9:7Fn00ui,0*79
\s:66,c:1782377485*4F\!AIVDM,1,1,,A,15Nvmu;000G@QUFKM;ecrHhh2<1a,0*13
\s:66,c:1782377489*43\!AIVDM,1,1,,A,15?jN`0P00Pn;0wu@eUf4?vr253<,0*1F
\s:66,c:1782377489*43\!AIVDM,1,1,,B,15TqGb0w1JOba5HDb4jr8`2t0<3G,0*40
\s:66,c:1782377490*4B\!AIVDM,1,1,,B,13uCaN0000QBeFrQgmcb0qPv0D0o,0*6A
\g:1-2-5198597,s:66,c:1782377491*06\!AIVDM,2,1,7,A,53cu`d82G0RPTt@G:20lDB10thiER2222222220l1@B677>B0>RE81jE,0*47
\g:2-2-5198597*63\!AIVDM,2,2,7,A,888888888888880,2*23
\s:66,c:1782377491*4A\!AIVDM,1,1,,B,28SJT250007`V:86:=TK8F:r053<,0*44
\s:66,c:1782377493*48\!AIVDM,1,1,,A,13crtK3P01Pw1JjJ7<h<Lgw42<1k,0*77
\s:66,c:1782377490*4B\!AIVDM,1,1,,,13aDp80P?w<tSF0l4Q@>4?wvPPSW,0*34
\s:66,c:1782377490*4B\!AIVDM,1,1,,B,18Hrwh`Ol67KP=B0dGcJa8Nr00S3,0*10
\s:66,c:1782377485*4F\!AIVDM,1,1,,A,139vP3P0000oH5TO004ejrth0<1P,0*69
\g:1-2-5198598,s:66,c:1782377486*0F\!AIVDM,2,1,8,A,539vP3`2Ek70@dD;:210ThuB10E@E8l4pr22220j1p0057?me3D2C3m8,0*78
\g:2-2-5198598*6C\!AIVDM,2,2,8,A,0ShDQ2CQp0DQ@H0,2*4F
\s:66,c:1782377488*42\!AIVDM,1,1,,B,B3mN;T0008OBKDb9R3CQ3weQnE6r,0*25
\s:66,c:1782377489*43\!AIVDM,1,1,,A,15?dfo0vAT0Cgu8NhFa28iVr0000,0*3C
\s:66,c:1782377494*4F\!AIVDM,1,1,,B,19NSWgh0067Kf3>0fqv3d36H00S0,0*61
\s:66,c:1782377489*43\!AIVDM,1,1,,B,36K2lBhOh;ajWb`D3Bron7Vn00th,0*08
\s:66,c:1782377494*4F\!AIVDM,1,1,,B,14`Uw3PvBUH`>@N6La`CqS920D00,0*1D
\s:66,c:1782377492*49\!AIVDM,1,1,,B,16Sjp:?P02a=C3bD4lGs7Ow02HBr,0*2F
\s:66,c:1782377491*4A\!AIVDM,1,1,,A,13l3r=@21rNfq1<9p@v0203R00S9,0*17
\s:66,c:1782377490*4B\!AIVDM,1,1,,A,16:65SSP028Q93hEswuh0?vr2@AL,0*69
\s:66,c:1782377495*4E\!AIVDM,1,1,,B,17794S00An8gpi@A1f>t1ao600RJ,0*2E
\s:66,c:1782377494*4F\!AIVDM,1,1,,A,13Wagb?000wWOLfDc0AssDA20W3h,0*00
\s:66,c:1782377495*4E\!AIVDM,1,1,,A,13I2IFgP1RP;mLBGRehQLww62@DI,0*40
\s:66,c:1782377494*4F\!AIVDM,1,1,,B,16:<Q<PP008QiN0FH@rVJgw20<SB,0*28
\s:66,c:1782377490*4B\!AIVDM,1,1,,A,13l3qk@01l0DHwnNMk7opF>p00Rq,0*02
\s:66,c:1782377489*43\!AIVDM,1,1,,A,13P>Mvh00108w=nMeTG9qabt0L3U,0*1A
\s:66,c:1782377491*4A\!AIVDM,1,1,,A,H3mN;T4NC=D5Q1c<;lokp00H521t,0*72
\s:66,c:1782377495*4E\!AIVDM,1,1,,A,33`g:B5000PCtp:ME?Q>48M6RE:r,0*01
\s:66,c:1782377494*4F\!AIVDM,1,1,,A,1;230h0000OH07<H:Nmh03c00@D>,0*2A
\s:66,c:1782377494*4F\!AIVDM,1,1,,B,16:7@jP01J```vRDTmobuHht253<,0*03
\s:66,c:1782377497*4C\!AIVDM,1,1,,B,18RGbS00010mq4ouBRMn34u:0@Ed,0*21
\s:66,c:1782377497*4C\!AIVDM,1,1,,B,13Jmvl00168aoUvDMrJtEacn0<4P,0*0C
\s:66,c:1782377493*48\!AIVDM,1,1,,A,36K2lBhOh;ajWbRD3Boopobv00rQ,0*71
\s:66,c:1782377491*4A\!AIVDM,1,1,,A,16?Uo7P02@`ihbf@f>UhdPjn0L2A,0*7E
\s:66,c:1782377493*48\!AIVDM,1,1,,B,19NSd6PwBDPJS>JNg8wqs7nv00SL,0*2A
\s:66,c:1782377496*4D\!AIVDM,1,1,,A,13miSJ001vP1L<0LkUljj2A608E?,0*76
\s:66,c:1782377497*4C\!AIVDM,1,1,,A,16:G1q00008;1;4<rKcIb1=80HEV,0*33
\s:66,c:1782377494*4F\!AIVDM,1,1,,A,16::8RP01S`LnntF?uEToCs200Rl,0*5F
\s:66,c:1782377493*48\!AIVDM,1,1,,A,34`Uv7h01COpTOlE4AI`oW3p0000,0*55
\s:66,c:1782377497*4C\!AIVDM,1,1,,A,17tKg<h01w7J0c<0d3TKK9=60<>t,0*0F
\s:66,c:1782377494*4F\!AIVDM,1,1,,A,33mr4E000s0ht=4RA2rmS4Cp0000,0*44
\s:66,c:1782377497*4C\!AIVDM,1,1,,A,19NSLV@0B97LEK<0f=U:?8960<<N,0*19
\s:66,c:1782377484*4E\!AIVDM,1,1,,,17liceA0009PW9;vbCo0gAvj0000,0*1D
\s:66,c:1782377487*4D\!AIVDM,1,1,,A,16:Ej`PP1;8;S8H<pO@eG7Ll2@?o,0*2A
\s:66,c:1782377485*4F\!AIVDM,1,1,,,13MD1dwP00wS`SRNq2:>4?vf2000,0*4B
\s:66,c:1782377489*43\!AIVDM,1,1,,,13MD1dwP00wS`SRNq2:>4?vn2000,0*43
\s:66,c:1782377481*4B\!AIVDM,1,1,,A,13aDCn@000Pe`rFN`9adkHD`P8<O,0*33
\s:66,c:1782377486*4C\!AIVDM,1,1,,A,ENk:2fhQWPab@3bPa2@77a:4@HhMf`am<grg000003vP10,4*61
\s:66,c:1782377492*49\!AIVDM,1,1,,B,13cFH<00010ClfvMGcB=c2Pt0HBw,0*56
\s:66,c:1782377487*4D\!AIVDM,1,1,,B,13KONV00001R:afRvQG;2@H00000,0*66
\s:66,c:1782377486*4C\!AIVDM,1,1,,A,34aIsp002N1EigLO;foHV6mp0000,0*08
\s:66,c:1782377484*4E\!AIVDM,1,1,,B,18J=k@002T`i`9LAk=3:c8`b08>0,0*4B
\s:66,c:1782377486*4C\!AIVDM,1,1,,B,17lcj:H0008KNLgwFS<2I6Hb0<0K,0*5C
\s:66,c:1782377492*49\!AIVDM,1,1,,A,13aB:3`P00PG<f8MtEGqa?w028Bc,0*33
\s:66,c:1782377488*42\!AIVDM,1,1,,B,13`dVO0P00PF<oFNFGa>4?vp2<0f,0*1C
\s:66,c:1782377487*4D\!AIVDM,1,1,,B,15?dOWhw2h7Q;@41G2BhePVf08?j,0*38
\s:66,c:1782377489*43\!AIVDM,1,1,,B,18;acC0P008adqV8G1Uh5?vr00Su,0*77
\s:66,c:1782377493*48\!AIVDM,1,1,,A,37m:1g8PC?WD5:813MIFRm:v00Q0,0*41
\s:66,c:1782377486*4C\!AIVDM,1,1,,A,D02FhP1JHN?b<`N01GHv000,2*66
\s:66,c:1782377488*42\!AIVDM,1,1,,B,16:4vb?P008MmEvFD0Woiwvn253<,0*78
\s:66,c:1782377490*4B\!AIVDM,1,1,,B,E>nrU`W17TPhJP0000000000000>WnGttBpkP00003g010,4*48
\s:66,c:1782377492*49\!AIVDM,1,1,,A,36:;lPSP00`VL:0DVK7>4?vv20N3,0*49
\s:66,c:1782377492*49\!AIVDM,1,1,,B,13dovB0P00Q2H3JDR6>IbOw02<1P,0*78
\g:1-2-5198599,s:66,c:1782377492*0B\!AIVDM,2,1,9,A,57logdl2?EEuT@M;:20@EA8tUB0l5>2222222216<0E=75dQN?4mDP@P,0*70
\g:2-2-5198599*6D\!AIVDM,2,2,9,A,F@H888888888880,2*5B
\s:66,c:1782377488*42\!AIVDM,1,1,,,17liceA0009PW9=vbCnPgAvr0000,0*62
\s:66,c:1782377494*4F\!AIVDM,1,1,,A,137nq<051K`ivb<@mpehoPm400SC,0*48
\s:66,c:1782377492*49\!AIVDM,1,1,,,17liceA0009PW9?vbCn@gAw20000,0*31
\s:66,c:1782377494*4F\!AIVDM,1,1,,,13MD1dwP00wS`SRNq2:N4?w22000,0*6E
\s:66,c:1782377490*4B\!AIVDM,1,1,,A,17Ol09guh0bsug5iQe2G95@t0<0?,0*65
\g:1-2-5198600,s:66,c:1782377493*09\!AIVDM,2,1,0,B,59NSrHD2Bho3DiPkR20DlE84hB1@uLE:22222218LI9@P5an0NEDp30F,0*52
\g:2-2-5198600*6E\!AIVDM,2,2,0,B,888888888888880,2*27
\s:66,c:1782377493*48\!AIVDM,1,1,,A,19C7At0wQl4ve<><tGHK;a1200SJ,0*7C
\s:66,c:1782377494*4F\!AIVDM,1,1,,A,H3m;OD0`tPr1<DpTu:222222220,2*16
\s:66,c:1782377494*4F\!AIVDM,1,1,,B,H3m;OD4N1=30G<H<6nmqjP0H711t,0*3C
\s:66,c:1782377494*4F\!AIVDM,1,1,,A,37logdi00184;>?t5sotsRk60DLr,0*53
\s:66,c:1782377490*4B\!AIVDM,1,1,,A,18J=k@0OjT`iWw`Ak=4rap`n00Rj,0*0D
\s:66,c:1782377491*4A\!AIVDM,1,1,,A,139ISLPP00PfTArO9=tv4?vv2HBV,0*36
\s:66,c:1782377492*49\!AIVDM,1,1,,B,13l3oHhOh10CSvDMHL;HC9E20L;b,0*21
\s:66,c:1782377490*4B\!AIVDM,1,1,,A,13Iclf7P?w<tSF0l4Q@>4?wv0pA`,0*5A
\s:66,c:1782377494*4F\!AIVDM,1,1,,A,15?dMB001fWGQhp0ni54i3jv053<,0*02
\s:66,c:1782377494*4F\!AIVDM,1,1,,A,133S0:8P010Ct1bMEa8al?w40@D6,0*51
\s:66,c:1782377494*4F\!AIVDM,1,1,,A,139rlUP01=PoHC`Nwn3FCm720hCn,0*12
\s:66,c:1782377493*48\!AIVDM,1,1,,A,35?dOWhw2h7Q;C41G3HPg0Vr0CRM,0*4E
\s:66,c:1782377496*4D\!AIVDM,1,1,,A,13l3n6E01C0<g1RFQPrt2Ic82<3@,0*30
\s:66,c:1782377494*4F\!AIVDM,1,1,,,B3`dfV@0086TnhWQc3wQ3whQl000,0*6F
\g:1-2-5198601,s:66,c:1782377496*0D\!AIVDM,2,1,1,A,58SJPjP2B4aAQI0k:21<D61@D4n3:2222222220l10F535o5U:5UCQm0,0*5C
\g:2-2-5198601*6F\!AIVDM,2,2,1,A,EH8888888888880,2*28
\s:66,c:1782377494*4F\!AIVDM,1,1,,A,B3ILEUP0CH5=5lV=GCNNQvq5oP06,0*4D
\s:66,c:1782377493*48\!AIVDM,1,1,,B,B6:4VDP002;Pe84CLR:=GwgV3P06,0*13
\g:1-2-5198602,s:66,c:1782377495*0D\!AIVDM,2,1,2,A,56:;lP`000000000000IF1MF373622222222220038I2QuU<06TBCQi0,0*1B
\g:2-2-5198602*6C\!AIVDM,2,2,2,A,Cp8888888888880,2*15
\s:66,c:1782377490*4B\!AIVDM,1,1,,A,B3MADgh06ov?m7W@do8MHGv00000,0*4A
\s:66,c:1782377496*4D\!AIVDM,1,1,,A,B6lHiJ00?an`BNP;J`9QKwi2T8E<,0*52
\s:66,c:1782377494*4F\!AIVDM,1,1,,B,B5OEj<P00>TCnQSg:;?Q3whQl000,0*32
\s:66,c:1782377493*48\!AIVDM,1,1,,A,B3P<1cP0<WvAV`W@MFL0GwhQh<39,0*54
\s:66,c:1782377497*4C\!AIVDM,1,1,,A,15WuJR800UOwwFR3=P>jaR?800S2,0*71
\s:66,c:1782377495*4E\!AIVDM,1,1,,B,1610MH00013TM@8?I;QAGm3000Sa,0*33
\s:66,c:1782377488*42\!AIVDM,1,1,,A,B6:df6@0<J;2:<4Onj38;wv63P06,0*48
\s:66,c:1782377495*4E\!AIVDM,1,1,,B,16:?nh5000`f;3<AEb:Ma3rv2`D@,0*07
\s:66,c:1782377495*4E\!AIVDM,1,1,,A,19NS`n00iMJalh06aD6ab7m8053<,0*48
\s:66,c:1782377497*4C\!AIVDM,1,1,,B,403t:Hivad`kR`UnupEuua700D00,0*5E
\s:66,c:1782377493*48\!AIVDM,1,1,,B,13aDCn@000Pe`rDN`9aLkHDvP<4N,0*01
\s:66,c:1782377498*43\!AIVDM,1,1,,B,13aGE;hP00PEEQ8N1jS00?w620Rr,0*64
\s:66,c:1782377498*43\!AIVDM,1,1,,,17liceA0009PW9?vbCmhgAw80000,0*10
\s:66,c:1782377492*49\!AIVDM,1,1,,A,13aEN?AP0tPGNwHNPHGJPOvv2L1=,0*74
\s:66,c:1782377481*4B\!AIVDM,1,1,,B,B3aLle@0085SqBWUabeD;wbUoP06,0*3F
\s:66,c:1782377487*4D\!AIVDM,1,1,,B,339L2bUP0=PoLQ`NvpuH:?vl2Lb0,0*0C
\s:66,c:1782377487*4D\!AIVDM,1,1,,B,33bump0?2CP?0uLMVO;UB4Jn01e1,0*0A
\s:66,c:1782377486*4C\!AIVDM,1,1,,A,B3Th440008Ff:6UbwAigAIN00000,0*36
\s:66,c:1782377488*42\!AIVDM,1,1,,B,35O3auPPAdq=@`:@uqvMAJTn021@,0*05
\s:66,c:1782377490*4B\!AIVDM,1,1,,B,D02FhVAEhN?b<`N01FDv000,2*31
\s:66,c:1782377487*4D\!AIVDM,1,1,,A,13VS0D022p0MPvFEL3Fk3RLf0<5i,0*04
\s:66,c:1782377487*4D\!AIVDM,1,1,,B,177lDQ001N7NdQr0nwBR5idn0@?i,0*65
\s:66,c:1782377447*41\!AIVDM,1,1,,B,3:U7GL1P@2M4QPmkOoRn2TwL0Ddr,0*0B
\s:66,c:1782377491*4A\!AIVDM,1,1,,B,13VV;L30h0Oe;4pKpamJG7w008BG,0*19
\s:66,c:1782377490*4B\!AIVDM,1,1,,A,B5NeNbP00=ksVF6l406S>B>QjEB:,0*4C
\s:66,c:1782377482*48\!AIVDM,1,1,,A,36:M5KPOio8ipFPAg5dbBpF`016A,0*73
\s:66,c:1782377488*42\!AIVDM,1,1,,A,13Ho@l000002Q@jLC@Jk5DDp0H@I,0*0C
\s:66,c:1782377486*4C\!AIVDM,1,1,,A,337aU`0vS@0;kdHFUEd8NVjl00@S,0*5B
\s:66,c:1782377484*4E\!AIVDM,1,1,,B,38;IDr5P008`1gj8FQwoaOvf0000,0*62
\s:66,c:1782377487*4D\!AIVDM,1,1,,A,13c6@t001t0tjLPOCMAkHBVn0PRp,0*29
\s:66,c:1782377489*43\!AIVDM,1,1,,,B3uDj5P000BW5f`PjsoQ0ffQh000,0*70
\s:66,c:1782377491*4A\!AIVDM,1,1,,B,15?dh3P1@FrBE0L5J3?pdn@v28Ba,0*59
\s:66,c:1782377492*49\!AIVDM,1,1,,A,H3chmD0<D<D0000000000000000,2*4D
\s:66,c:1782377492*49\!AIVDM,1,1,,B,H3chmD4U7B=40110000000000004,0*65
\s:66,c:1782377488*42\!AIVDM,1,1,,A,33ut4l00000mDaVQ0H8Kv5ip0000,0*51
\s:66,c:1782377490*4B\!AIVDM,1,1,,B,13gS7mWP0gvfO6`V0IFC:?vr20S7,0*5D
\s:66,c:1782377488*42\!AIVDM,1,1,,B,B7mRPV000:3MLvwc54r@?we2T8@B,0*71
\s:66,c:1782377491*4A\!AIVDM,1,1,,B,19NSd0@02OOLS9:CgAoQmARv0D07,0*1A
\s:66,c:1782377490*4B\!AIVDM,1,1,,A,13EbLd0000wH1rDH:kj;i0nt0<15,0*10
\s:66,c:1782377491*4A\!AIVDM,1,1,,B,B39rbFP0>`=pj=7lMOV3swgUoP06,0*2C
\s:66,c:1782377491*4A\!AIVDM,1,1,,A,13aEPn@P00PG4B:N17dh4?vt2@Ak,0*60
\s:66,c:1782377490*4B\!AIVDM,1,1,,B,16:4M6P01P`K6r0FCDf3eRrp0@AJ,0*53
\s:66,c:1782377492*49\!AIVDM,1,1,,B,13mVd6002BOp3<6Lfv7:3H500D1q,0*23
\s:66,c:1782377488*42\!AIVDM,1,1,,A,137SnL3=@0M8Uf9knhS57PBr0000,0*3F
\s:66,c:1782377494*4F\!AIVDM,1,1,,B,18IEq80P007KAUl0maVFDgw40@Cp,0*02
\s:66,c:1782377494*4F\!AIVDM,1,1,,B,37PGTB5000bl5dud`:Mcale4P000,0*23
\s:66,c:1782377494*4F\!AIVDM,1,1,,B,13bjOD?000PHuhFNKCrIqH?620S3,0*47
\s:66,c:1782377490*4B\!AIVDM,1,1,,A,13obAv70001Fq8HWoUH69nNt08At,0*2C
\s:66,c:1782377493*48\!AIVDM,1,1,,A,17m3t80P00`=oNUvc1W5dgvv28CE,0*32
\s:66,c:1782377496*4D\!AIVDM,1,1,,A,33c6@t0P1t0tjb0OCMG3FBU40Pm0,0*73
\s:66,c:1782377496*4D\!AIVDM,1,1,,B,39qQJ@10006SolL<fANG:K1N0DcJ,0*6F
\g:1-2-5198603,s:66,c:1782377495*0C\!AIVDM,2,1,3,B,53`fS7p000010?G;KD04lDhTF1`4Q840000000151@122t0Ht1h00000,0*47
\g:2-2-5198603*6D\!AIVDM,2,2,3,B,000000000000000,2*24
\s:66,c:1782377493*48\!AIVDM,1,1,,B,36:M5KPOip8ip9@Ag5QbBpFv00vA,0*62
\s:66,c:1782377493*48\!AIVDM,1,1,,A,38159R@viv7@>oD1N?3TpStt02SS,0*0F
\s:66,c:1782377489*43\!AIVDM,1,1,,B,13l91BPu06PvG@@DhnLlCS2r0HAE,0*0D
\s:66,c:1782377490*4B\!AIVDM,1,1,,A,33obAv70001Fq8FWoUGn;6Op0000,0*15
\s:66,c:1782377492*49\!AIVDM,1,1,,B,14cM6eP01QP=K4NN0md120pv0<8U,0*22
\s:66,c:1782377492*49\!AIVDM,1,1,,B,13P7Er00070<bh@MwaEIk:C2053<,0*4B
\s:66,c:1782377493*48\!AIVDM,1,1,,A,15NuTFP000GRoi4CDfgeJSDv0<2A,0*7B
\s:66,c:1782377496*4D\!AIVDM,1,1,,A,18W0iD002>8;c>h<aVmCq3A4053<,0*47
\s:66,c:1782377487*4D\!AIVDM,1,1,,B,18I<kO02C;7u<:F9dwr0j0`l0H?q,0*0D
\s:66,c:1782377485*4F\!AIVDM,1,1,,A,ENjN6=Qe2RnRW2a3TRh72P00000@=QBW?MsPP00003vP1P,4*1E
\s:66,c:1782377488*42\!AIVDM,1,1,,B,B7ldT>P009o;s`P:;s<03weTkP06,0*7A
\s:66,c:1782377489*43\!AIVDM,1,1,,B,19N`1Oh0178<BL2<kGec;8vr00Rr,0*2A
\s:66,c:1782377487*4D\!AIVDM,1,1,,A,18HsONPP00WJKp00gf4>4?vl253<,0*21
\s:66,c:1782377487*4D\!AIVDM,1,1,,A,16:fqb?P13`8S>><v<eLp?vl2<>E,0*77
\s:66,c:1782377487*4D\!AIVDM,1,1,,A,18I5dk0uQu06?Igp1;Atar6n0<03,0*21
\s:66,c:1782377490*4B\!AIVDM,1,1,,A,33aIW?001GPC2NTMIWK:8GfpP5u3,0*43
\s:66,c:1782377492*49\!AIVDM,1,1,,A,144SnH002:1JB6nPM4F10gvv0D1p,0*37
\s:66,c:1782377484*4E\!AIVDM,1,1,,A,B5O>eA0006TI`iSm;ukQ3wd1jDtr,0*65
\s:66,c:1782377482*48\!AIVDM,1,1,,,17ldN6EP007L`1T0UeOPm?vd0000,0*25
\s:66,c:1782377486*4C\!AIVDM,1,1,,,17ldN6EP007L`1T0UeOhm?vl0000,0*15
\s:66,c:1782377486*4C\!AIVDM,1,1,,A,13chVD5=A60rSjLEkadM`gvj0000,0*08
\s:66,c:1782377487*4D\!AIVDM,1,1,,B,1815VtP0043jDtV>1FQEhQDp0<D@,0*09
\s:66,c:1782377479*4C\!AIVDM,1,1,,B,H5O<Uk1<thT<UAD@D0000000000,2*3A
\s:66,c:1782377488*42\!AIVDM,1,1,,B,H5O<Uk4U>F37:BDG4=qplp000000,0*67
\s:66,c:1782377489*43\!AIVDM,1,1,,A,16=q??hP005eSFh3vjBJBOvp0D18,0*29
\s:66,c:1782377491*4A\!AIVDM,1,1,,A,1815TU20007JB><0euTAT`Jt08B<,0*5C
\s:66,c:1782377488*42\!AIVDM,1,1,,B,B3`dj3P0@@68@;7UiTJkOwf1l0Sr,0*70
\s:66,c:1782377487*4D\!AIVDM,1,1,,A,34S7qJ1w@0Olr3tJukCPPWSp0000,0*3D
\s:66,c:1782377450*47\!AIVDM,1,1,,B,169<q0P0008QKB0Ep<DPEI=T0`MU,0*66
\s:66,c:1782377492*49\!AIVDM,1,1,,B,ENkaRSLqK@@@@@@@@@@@@@@@@@@<W1Cw8Ihjp00003vP000,2*19
\s:66,c:1782377490*4B\!AIVDM,1,1,,A,:815RpQDb5l0,0*1C
\s:66,c:1782377491*4A\!AIVDM,1,1,,A,702:Kn0rEH?P,0*2C
\s:66,c:1782377490*4B\!AIVDM,1,1,,,17ldN6EP007L`1N0UeOPm?vt0000,0*2F
\s:66,c:1782377491*4A\!AIVDM,1,1,,A,28SNhf@P007b=fH5tMmtg?vt0@Aj,0*7D
\s:66,c:1782377486*4C\!AIVDM,1,1,,B,16:QgtP01J8KFBPFBu`4:S>h0@?M,0*7E
\s:66,c:1782377489*43\!AIVDM,1,1,,A,13m:lP80000v27vVvav0nj:p0L0O,0*38
\s:66,c:1782377491*4A\!AIVDM,1,1,,B,18HtBn000QP:ba:GPp=mJDf`00SD,0*26
\s:66,c:1782377489*43\!AIVDM,1,1,,A,H52eiPP@DhU8UDn222222222220,2*1B
\s:66,c:1782377129*4C\!AIVDM,1,1,,B,H52eiPTT1=3000000000000h722t,0*22
\s:66,c:1782377493*48\!AIVDM,1,1,,A,1815NB0wAVvOrP`8HeeQ40lv00SG,0*27
\s:66,c:1782377493*48\!AIVDM,1,1,,A,H3uCLv4T00000000000000009110,0*38
\s:66,c:1782377490*4B\!AIVDM,1,1,5,A,C7ldT>P009o;sa0:;s<03wfPVbJ4:U0`TbV`00000000J1D413RP,0*68
\s:66,c:1782377490*4B\!AIVDM,1,1,,A,H7ldT>Q=Dl8E:1A9E=@00000000,2*4B
\s:66,c:1782377490*4B\!AIVDM,1,1,,A,H7ldT>Tl>hhhhhhI41kkkp2`8270,0*35
\s:66,c:1782377493*48\!AIVDM,1,1,,B,19u:TdQP?w<tSF0l4Q@>4?wv0d1f,0*08
\s:66,c:1782377494*4F\!AIVDM,1,1,,A,14`68V000m7OOpp1KpkEsE100@D0,0*66
\s:66,c:1782377494*4F\!AIVDM,1,1,,B,28SK4KhP027aip>609M@>ww3JL5u,0*7A
\s:66,c:1782377493*48\!AIVDM,1,1,,A,18I<kO0vC;7u<>89e1:0j0a0053<,0*5E
\s:66,c:1782377489*43\!AIVDM,1,1,,B,35T=;R50008TF90DGEm9R:<n0Dj:,0*09
\s:66,c:1782377494*4F\!AIVDM,1,1,,B,19pQTD?00;vhqVJ83h?DKSU40@Cl,0*55
\s:66,c:1782377490*4B\!AIVDM,1,1,,B,ENkaRfNT4h@@@@@@@@@@@@@@@@@<m@ft8WrBP00003vP000,2*3D
\s:66,c:1782377494*4F\!AIVDM,1,1,,B,177?j`001`8kjtlAHW>ifie00@Cm,0*5C
\s:66,c:1782377496*4D\!AIVDM,1,1,,A,ENkaRSLqK@@@@@@@@@@@@@@@@@@<W1Cw8Ihjp00003vP000,2*1A
\s:66,c:1782377497*4C\!AIVDM,1,1,,B,18HuLB001k312>5g@1;2:Qvt053<,0*02
\s:66,c:1782377495*4E\!AIVDM,1,1,,B,13K3ef002MOIi>BJ7GE`96W20@DC,0*32
\s:66,c:1782377489*43\!AIVDM,1,1,,A,15?qOn80003N7k2@@R<FrApj053<,0*5D
\s:66,c:1782377496*4D\!AIVDM,1,1,,A,28SNhf@P007b=f>5tMnLpgw60@E6,0*64
\s:66,c:1782377496*4D\!AIVDM,1,1,,A,169D;J0P00`g;3hA>kMf4?w60D8=,0*2E
\s:66,c:1782377492*49\!AIVDM,1,1,,A,33aKV9wP0m0FDTPNEr@ndww00Adk,0*52
\s:66,c:1782377495*4E\!AIVDM,1,1,,A,H52eiPP@DhU8UDn222222222220,2*1B
\s:66,c:1782377495*4E\!AIVDM,1,1,,A,H52eiPTT1=3000000000000h722t,0*21
\s:66,c:1782377497*4C\!AIVDM,1,1,,B,16:fqb?P13`8S:v<v=ELoOw828Eb,0*7B
\s:66,c:1782377497*4C\!AIVDM,1,1,,A,18Kr128Oih7JeEf0ekF38BW:08EH,0*01
\s:66,c:1782377493*48\!AIVDM,1,1,,A,B3uCLv00:@=T8V8=bE=VmBN00000,0*3E
\s:66,c:1782377496*4D\!AIVDM,1,1,,B,B3aN`Lh0>H6:eVWVnoNqCwiUt000,0*35
\s:66,c:1782377497*4C\!AIVDM,1,1,,A,169DBp001P`gdnjATt@@s1580<00,0*4A
\s:66,c:1782377498*43\!AIVDM,1,1,,B,13I?oK7P?w<tSF0l4Q@>4?wv0pE<,0*73
\s:66,c:1782377488*42\!AIVDM,1,1,,A,ENlt<;aSV:@;Q@30Ta;PdP00000ENPJ2p`BmH00003v010,4*7B
\s:66,c:1782377486*4C\!AIVDM,1,1,,B,14Rj:j001`17lNlDS5M3J2hl00Sf,0*44
\s:66,c:1782377488*42\!AIVDM,1,1,,B,15N5j:<019q=>rt@va7uArPn053<,0*68
\g:1-2-5198604,s:66,c:1782377488*07\!AIVDM,2,1,4,B,54d:t042<GkKQ0lwF20u`d4ro:22222222222216:h>885d707U4`55F,0*45
\g:2-2-5198604*6A\!AIVDM,2,2,4,B,`88888888888880,2*7B
\s:66,c:1782377485*4F\!AIVDM,1,1,,A,13Imti0009OkiEJJwgK0;Unh08>k,0*42
\s:66,c:1782377487*4D\!AIVDM,1,1,,A,13HjWo0P1DP1MNJLNUcSqwvn2H@;,0*7B
\s:66,c:1782377490*4B\!AIVDM,1,1,,B,13:b9n02QGwU1npKp1n`5FJt0<1B,0*07
\s:66,c:1782377491*4A\!AIVDM,1,1,,B,14`UviPwAb7Jiv:0eUqI7W:r08BC,0*4F
\s:66,c:1782377490*4B\!AIVDM,1,1,,B,404k0uAvad`kNbvnQqhCK4W00HAp,0*6C
\s:66,c:1782377485*4F\!AIVDM,1,1,,A,14hRMn00000o?DPEg7pf40vj0000,0*55
\s:66,c:1782377354*44\!AIVDM,1,1,,A,B=VT`M0007A3rttr2t0@4<VP2h06,0*67
\s:66,c:1782377486*4C\!AIVDM,1,1,,B,17Odde0000:l3kQdWpjrlitj08?E,0*64
\s:66,c:1782377478*4D\!AIVDM,1,1,,A,H3aN3OP`4pdD000000000000000,2*68
\s:66,c:1782377488*42\!AIVDM,1,1,,A,H3aN3OTUD816HDt@2kopq00H9220,0*3A
\s:66,c:1782377489*43\!AIVDM,1,1,,B,33`eJ4PP0TPFH;HMurb7Iwvr22qA,0*02
\s:66,c:1782377488*42\!AIVDM,1,1,,B,147lQH00001htAdR19Racl@n053<,0*28
\s:66,c:1782377471*44\!AIVDM,1,1,,B,33mp9B5000M4JLekQE<BhrhH0Dw:,0*5E
\s:66,c:1782377486*4C\!AIVDM,1,1,,A,4P2:nk1vad`kHOm69hJfm`g00000,0*7D
\s:66,c:1782377489*43\!AIVDM,1,1,,A,16:=NwPP0n8gPAhAevFepgvr0@A3,0*07
\s:66,c:1782377482*48\!AIVDM,1,1,,B,B39hS5P000=ocq7gwagQ3wc1jFw;,0*45
\s:66,c:1782377492*49\!AIVDM,1,1,,A,@05NUb28n`v0<P00,0*34
\s:66,c:1782377487*4D\!AIVDM,1,1,,B,33`ga5@01;0EnpLMwr7Slp`n01v@,0*22
\s:66,c:1782377486*4C\!AIVDM,1,1,,A,13aI=O@P@VPEhURN00t552g>08?K,0*2F
\s:66,c:1782377490*4B\!AIVDM,1,1,,A,38I4Ue0tR40jkSPO?RGUS4Ap0000,0*16
\s:66,c:1782377491*4A\!AIVDM,1,1,,A,B47>d`P000E1r`8O88d000N00000,0*06
\s:66,c:1782377492*49\!AIVDM,1,1,,A,15Mtu:0000oRUQ:CCGh8Cbc00@Bq,0*71
\s:66,c:1782377492*49\!AIVDM,1,1,,A,13m=sBP000R85j6`JlSdeGFr0D0I,0*4C
\s:66,c:1782377487*4D\!AIVDM,1,1,,A,33aGrr@0000Ja;2NFaO0001p0000,0*35
\s:66,c:1782377490*4B\!AIVDM,1,1,,B,16:=?VP01?8ghLBAanLFN4Fr053<,0*1B
\s:66,c:1782377492*49\!AIVDM,1,1,,A,19NSnfPw27JFU5f?63u2=Qht00S<,0*71
\s:66,c:1782377491*4A\!AIVDM,1,1,,B,169GF2001f`9DNL<mFduR00l20S@,0*49
\s:66,c:1782377489*43\!AIVDM,1,1,,A,13cPp4300108CatN=8KmAJHr053<,0*59
\s:66,c:1782377491*4A\!AIVDM,1,1,,B,D04k0uARtNfqGLO6EGPg6D0,2*72
\s:66,c:1782377489*43\!AIVDM,1,1,,B,33aI=O@P@WPEhWDN00mluRWF01wP,0*49
\s:66,c:1782377493*48\!AIVDM,1,1,,A,13aJI8PP00PE<GhN1IKn6gw020SR,0*7E
\s:66,c:1782377494*4F\!AIVDM,1,1,,B,13=@Bb0u1u8h8tlAk@ibQHUp08Ca,0*7C
\s:66,c:1782377494*4F\!AIVDM,1,1,,A,18Hurh001A0BAu6NB7=7OEs200R1,0*11
\s:66,c:1782377490*4B\!AIVDM,1,1,,A,1815US01BC7PrQ<1F<<Ga66p0D1N,0*7F
\s:66,c:1782377494*4F\!AIVDM,1,1,,A,1k`eIbPP000Od?0NPhAb4?v1uwww,0*5D
\s:66,c:1782377492*49\!AIVDM,1,1,,B,16:8s7PP1K`hgp0AJ<rUIOvv2@Bi,0*7E
\s:66,c:1782377486*4C\!AIVDM,1,1,,B,13`hp@@P00PDBcrMd2800?vj20SR,0*4B
\s:66,c:1782377490*4B\!AIVDM,1,1,,A,13VcS<8000R1>oVDn`URhFjj0000,0*71
\s:66,c:1782377488*42\!AIVDM,1,1,,B,17ldhl0P02WL0MH0bBq>4?vn2DAq,0*69
\s:66,c:1782377494*4F\!AIVDM,1,1,,B,B3tk@HP0C7t701U?lDDq3wi1h8D@,0*2A
\s:66,c:1782377494*4F\!AIVDM,1,1,,A,17PCsN000Nbu<IOhF7714hk608D4,0*3B
\s:66,c:1782377495*4E\!AIVDM,1,1,,A,16:DU;0P@J`:vi@<r3n7HFM42HCb,0*56
\s:66,c:1782377490*4B\!AIVDM,1,1,,B,13mCKB001q0GKnbSKSK@804p08AQ,0*64
\s:66,c:1782377491*4A\!AIVDM,1,1,,A,15I@Sd?P01sVPm85u1jN4?vt20SD,0*1B
\s:66,c:1782377492*49\!AIVDM,1,1,,B,13df=B00260DSl4NOlu83nJv00R8,0*0A
\s:66,c:1782377496*4D\!AIVDM,1,1,,B,1815US00jC7PrO:1F;@7a67408Do,0*2B
\g:1-2-5198605,s:66,c:1782377496*09\!AIVDM,2,1,5,A,5ETPq@42BOfhQ3CGCV1HU8LDr0@Dj1H4hhF2220l1@B64tQ@0:hPC0Sh,0*58
\g:2-2-5198605*6B\!AIVDM,2,2,5,A,H456H8888888880,2*2E
\s:66,c:1782377496*4D\!AIVDM,1,1,,B,16=q?H@0005eRRt3vq`c>Rc8053<,0*47
\s:66,c:1782377491*4A\!AIVDM,1,1,,A,13nRkh7P000Jn@:QnW6E9gvr08BC,0*5A
\s:66,c:1782377495*4E\!AIVDM,1,1,,B,13IJPNgP0000S4VLD9@j7gw42L4<,0*42
\s:66,c:1782377496*4D\!AIVDM,1,1,,A,13Iq0530000PC<FNr8bP<mk40HE1,0*77
\s:66,c:1782377495*4E\!AIVDM,1,1,,A,19NSml0wje1?MpidS0B3w3E40@Dp,0*27
\s:66,c:1782377496*4D\!AIVDM,1,1,,A,13`hp@@P00PDBd4Md28Ao?w828EO,0*77
\s:66,c:1782377496*4D\!AIVDM,1,1,,A,B47>d`P000E1r`8O88d000N00000,0*06
\s:66,c:1782377498*43\!AIVDM,1,1,,B,13aI=O@P@WPEhb8N00elfRER08EB,0*36
\s:66,c:1782377485*4F\!AIVDM,1,1,,B,1:1Qvt;P04Pq5;FD=QE;3wvh20S9,0*2E
\g:1-2-5198606,s:66,c:1782377487*0A\!AIVDM,2,1,6,B,58W0:@42;pwMTa<K:218V1UDr222222222222216B8JA:5Jg0K0k`6RQ,0*23
\g:2-2-5198606*68\!AIVDM,2,2,6,B,p88888888888880,2*69
\s:66,c:1782377478*4D\!AIVDM,1,1,,A,H7Oe874U1=30000pmjhlpP0h9230,0*21
\s:66,c:1782377488*42\!AIVDM,1,1,,B,169GJ@3P007LCC00hjeMk?vh0<00,0*22
\s:66,c:1782377489*43\!AIVDM,1,1,,A,34hQE<000mPeFpnI;MkCq36p00U0,0*27
\s:66,c:1782377483*49\!AIVDM,1,1,,A,13n1R40P00QFufVWoiuN0gvd0D1:,0*7F
\s:66,c:1782377485*4F\!AIVDM,1,1,,,13eP<P10008a2Fh8FPN@=Vhh1000,0*32
\s:66,c:1782377487*4D\!AIVDM,1,1,,A,13`e2i@P0SPGqs8NQow9W?vn20S@,0*7B
\s:66,c:1782377490*4B\!AIVDM,1,1,,A,13ku8UP01dWFdV60u=acp9Nr08AQ,0*60
\s:66,c:1782377491*4A\!AIVDM,1,1,,A,16BP;u8P?w<tSF0l4Q@>4?wp1W3h,0*76
\s:66,c:1782377488*42\!AIVDM,1,1,,B,1815Ot00203qhoT>U9f9M7Tn053<,0*47
\s:66,c:1782377488*42\!AIVDM,1,1,,B,37lj3;m0007JaMT0emuru:fn0lV:,0*3F
\s:66,c:1782377489*43\!AIVDM,1,1,,B,B69CUOP07J>Il;T2L>tJSwf42000,0*52
\s:66,c:1782377487*4D\!AIVDM,1,1,,B,33mP:850000IaCbQepjDF2nn0E3r,0*0C
\s:66,c:1782377481*4B\!AIVDM,1,1,,A,138hl>0Oh:13>sjDa63QmQPT0000,0*67
\s:66,c:1782377483*49\!AIVDM,1,1,,B,13aL=>@P00PFD?NMup7T?Ovf2<2u,0*38
\s:66,c:1782377489*43\!AIVDM,1,1,,B,ENmw0qNUR9`?V0W24W3gQ:WdP00@FELH0igV01088;fP00,4*71
\s:66,c:1782377487*4D\!AIVDM,1,1,,B,139lS;PP0TPoGqpO00iKOSLn20SF,0*43
\s:66,c:1782377488*42\!AIVDM,1,1,,A,13eFW>00000P`bTHtBuaE1Pp2<56,0*6B
\s:66,c:1782377487*4D\!AIVDM,1,1,,A,138hl>0Oh<13>t`Da68Qw1Tl053<,0*2B
\s:66,c:1782377491*4A\!AIVDM,1,1,,A,19leO>700012JTujp1`q4T6r00SC,0*37
\s:66,c:1782377367*44\!AIVDM,1,1,,B,B:U88b000?A4lptoawd03weToP06,0*19
\s:66,c:1782377488*42\!AIVDM,1,1,,A,405GdOh000Htt7Jptb0bP>W02t:v,0*21
\s:66,c:1782377486*4C\!AIVDM,1,1,,B,3:0JpS0009ROPCd@l;K8hm2l25rk,0*37
\s:66,c:1782377491*4A\!AIVDM,1,1,,A,13Vgdl002S0q5KLE<vuSrk8v053<,0*7B
\s:66,c:1782377489*43\!AIVDM,1,1,,B,34SImn002H0:hPrMQQE1UA@l00=S,0*6E
\s:66,c:1782377489*43\!AIVDM,1,1,,A,16:IWeP01c8b4HhDDkT=9rNp08=I,0*17
\s:66,c:1782377490*4B\!AIVDM,1,1,,B,35O4Qo<Ohjq=<k8@w7rEQDjr0Q60,0*69
\s:66,c:1782377491*4A\!AIVDM,1,1,,B,19NSn4@0020:9F8GT6<=Bpdv00RE,0*46
\s:66,c:1782377491*4A\!AIVDM,1,1,,A,34cM6wh01K0H6CVEEJaJLHA007`C,0*07
\s:66,c:1782377488*42\!AIVDM,1,1,,A,33=dC`0wRn1EJu`D@oqs68qp0000,0*6A
\s:66,c:1782377491*4A\!AIVDM,1,1,,B,15CjIR001a8b9Q8?2aR8L6hv053<,0*21
\s:66,c:1782377492*49\!AIVDM,1,1,,A,I8;@ME2o`eWpctCF5HE5p7OutGGp,0*3D
\s:66,c:1782377488*42\!AIVDM,1,1,,A,ENkb;2w9S@@@@@@@@@@@@@@@@@@;WhkB=bVj800003vP000,2*61
\s:66,c:1782377491*4A\!AIVDM,1,1,,B,404k0W1vad`kMbf=MQkvWTWP053<,0*2B
\s:66,c:1782377486*4C\!AIVDM,1,1,,B,15>nr800307O7H61PeU=bbpj00Rs,0*5E
\s:66,c:1782377489*43\!AIVDM,1,1,,B,18Ht;<3P0oWIhC00e9C;<gvp2<4b,0*3F
\s:66,c:1782377493*48\!AIVDM,1,1,,A,B42M9jP000QOd?5mrb003wh5kP06,0*35
\s:66,c:1782377489*43\!AIVDM,1,1,,B,B3aENi000068ln7T8VOQ3wf5kP06,0*62
\s:66,c:1782377493*48\!AIVDM,1,1,,B,15Bihl001m`hkkhAgFU:w972053<,0*7C
\s:66,c:1782377493*48\!AIVDM,1,1,,B,28I<>i50007akpT60D<=hP320HC:,0*6A
\s:66,c:1782377493*48\!AIVDM,1,1,,B,16SgWLPP009=8VDCu;Q00?w0253<,0*0F
\s:66,c:1782377493*48\!AIVDM,1,1,,A,1776qO0w2B6?VqH3M103PRk20D0D,0*59
\s:66,c:1782377494*4F\!AIVDM,1,1,,A,169q1200008Vf`FDaJSuu0=4053<,0*4B
\g:1-2-5198607,s:66,c:1782377492*0F\!AIVDM,2,1,7,A,54`UvJl2D>5T?H@WB20dt8V19DDLN2222222221J30S675ad0:k2C@Dl,0*5B
\g:2-2-5198607*69\!AIVDM,2,2,7,A,kk8888888888880,2*23
\s:66,c:1782377491*4A\!AIVDM,1,1,,A,35Rmmd002I0ljbVPis76@lup0000,0*0D
\s:66,c:1782377491*4A\!AIVDM,1,1,,B,E>l5npt:4PW54W@87a:@77dI0004=UT8;9kw000000NP100,2*78
\s:66,c:1782377494*4F\!AIVDM,1,1,,A,15O4Qo<00jq=<lF@w7g5`Dm20PS@,0*31
\s:66,c:1782377490*4B\!AIVDM,1,1,,A,B3l9>J00SP5>pAUTC;6bwwfQh8AI,0*0D
\s:66,c:1782377495*4E\!AIVDM,1,1,,A,17m@9>0P0r7aBBitPl7<hOw40<1w,0*7A
\s:66,c:1782377493*48\!AIVDM,1,1,,B,H7OhAoTTC=D5W6bF>Jjlqj1P0030,0*12
\s:66,c:1782377495*4E\!AIVDM,1,1,,A,13B5gF700MPjedHQ?AGKda540D37,0*2C
\s:66,c:1782377493*48\!AIVDM,1,1,,B,18Hvjn0P01WL0@p0gGnv4?w22@CP,0*4B
\s:66,c:1782377495*4E\!AIVDM,1,1,,A,13FJNB?000wiq:8HkwrckQc42@Dm,0*35
\s:66,c:1782377497*4C\!AIVDM,1,1,,B,16SfCdPP0Pa=kqRD023aUww82<;T,0*5C
\s:66,c:1782377493*48\!AIVDM,1,1,,B,13K>9d0w03ROi`J@kqbJBROp00Rt,0*6E
\s:66,c:1782377496*4D\!AIVDM,1,1,,A,H3m9e8QBt:0@44H`u8@00000000,2*5E
\s:66,c:1782377496*4D\!AIVDM,1,1,,A,H3m9e8TlC=D5?QK<8khil00H5330,0*09
\s:66,c:1782377490*4B\!AIVDM,1,1,,B,402:KkQvad`kM0>CCNLvUQOP2L7:,0*7F
\s:66,c:1782377491*4A\!AIVDM,1,1,,B,D04k0W1K`Nfq6DO6D0,4*51
\s:66,c:1782377494*4F\!AIVDM,1,1,,A,14SImn002H0:ha>MQR5AUAA008Cw,0*1E
\s:66,c:1782377496*4D\!AIVDM,1,1,,B,ENkb;2w9S@@@@@@@@@@@@@@@@@@;WhkB=bVj800003vP000,2*62
\s:66,c:1782377494*4F\!AIVDM,1,1,,A,15=hQC0Oj1oQgBpBou3l1C<l0hCQ,0*45
\s:66,c:1782377492*49\!AIVDM,1,1,,A,ENk`udjQ97@9T6@@@@@@@@@@@@@=D6wh;8dE000003vP000,2*3C
\s:66,c:1782377492*49\!AIVDM,1,1,,A,15>nr8002w7O7FD1PfjMarpv08C0,0*7E
\s:66,c:1782377496*4D\!AIVDM,1,1,,B,13Vgdl002S0q5UpE<vi3s39:053<,0*32
\s:66,c:1782377498*43\!AIVDM,1,1,,A,38I6QR00Powti:`LerhRmRG602oA,0*5D
\s:66,c:1782377487*4D\!AIVDM,1,1,,A,15AvKb001`WKVPd0e05:7`8l053<,0*70
\s:66,c:1782377485*4F\!AIVDM,1,1,,,13IlbF000;sVFc466;NC3SHh0000,0*2D
\s:66,c:1782377488*42\!AIVDM,1,1,,A,B39WOG00?pJk>15V@oE6owf1lH@u,0*31
\s:66,c:1782377490*4B\!AIVDM,1,1,,A,C6:t5hP002<pe5T@r55g3wv0`NL>DC0@2BjB@2N0000001p???0P,0*6C
\s:66,c:1782377490*4B\!AIVDM,1,1,,B,1815cH@01n`j21R@uHMSQjfr20Sl,0*06
\s:66,c:1782377491*4A\!AIVDM,1,1,,A,1772Dr0wBN`n8MDAI3M=wh6n0D5H,0*62
\s:66,c:1782377488*42\!AIVDM,1,1,,A,16:5<T001l8gQI@AI7<B5iTl00S8,0*52
\s:66,c:1782377489*43\!AIVDM,1,1,,A,E9ltP:?40a17ba@1:WdhIP00000@Q:NAqKeN@00003eP10,4*38
\s:66,c:1782377488*42\!AIVDM,1,1,,B,13cmbs002f0BcgvF?mebcHRp053<,0*7C
\s:66,c:1782377476*43\!AIVDM,1,1,,A,19NSWG001l`RDtB0@EgPT@TP0H91,0*5C
\g:1-2-5198608,s:66,c:1782377489*0A\!AIVDM,2,1,8,A,54``Bs82@lQ4?IUc>20ht8U@v22222222222221@LHrKA5dT0GSPEmP`,0*03
\g:2-2-5198608*66\!AIVDM,2,2,8,A,888888888888880,2*2C
\s:66,c:1782377486*4C\!AIVDM,1,1,,A,32wj;Q@02P1K?CNFe2EGnVCp0000,0*12
\s:66,c:1782377491*4A\!AIVDM,1,1,,A,14bFRj001o0H>K<EGnabWpJr053<,0*2A
\s:66,c:1782377490*4B\!AIVDM,1,1,,B,B5O2gQP00=pbsg4m8E<eWwg5oP06,0*44
\s:66,c:1782377489*43\!AIVDM,1,1,,B,34hMJJ5000117B:GG7NUQrFp0DWJ,0*1D
\s:66,c:1782377484*4E\!AIVDM,1,1,,B,16:aKjhP008d;6RAu6=@0?vl20Ra,0*38
\s:66,c:1782377491*4A\!AIVDM,1,1,,B,177F1400@125wg0GGabcrQU20HAn,0*72
\s:66,c:1782377487*4D\!AIVDM,1,1,,A,169ESF0001`W1j2DSpk27h:l0D4K,0*2B
\s:66,c:1782377492*49\!AIVDM,1,1,,A,18LdOP02Bj2B36=eKebaToTv0@C1,0*29
\s:66,c:1782377490*4B\!AIVDM,1,1,,B,15Aq000P00rB?mL5F4=N4?vt28Ae,0*4C
\s:66,c:1782377490*4B\!AIVDM,1,1,,A,15?dcg@sh8JBU1D5LlFM7rfr0U3<,0*13
\s:66,c:1782377490*4B\!AIVDM,1,1,,B,15?dcV@11u7FiVV0s5jTbClt0<0q,0*5E
\s:66,c:1782377492*49\!AIVDM,1,1,,A,14S6Kb001TwTL1:LbMLW1mRv053<,0*64
\s:66,c:1782377493*48\!AIVDM,1,1,,B,E9ltP:?40a17ba@1:WdhIP00000@Q:NAqKeN@00003gP10,4*39
\s:66,c:1782377491*4A\!AIVDM,1,1,,B,4028isD47wP01P;RvDFU28G00PS:,0*3C
\s:66,c:1782377491*4A\!AIVDM,1,1,,B,13`fJDh000PEpSvNE2`m1ant0<<=,0*44
\s:66,c:1782377492*49\!AIVDM,1,1,,A,405iI3Qu00Ht00>Og0E2Kp700`Bh,0*0B
\s:66,c:1782377491*4A\!AIVDM,1,1,,A,Evja5Ei1000?RP0000000000000Leb5P5E7HH00003j010,4*0E
\s:66,c:1782377494*4F\!AIVDM,1,1,,,13IlbF0vh:sVFcj66;O2vSI20000,0*02
\s:66,c:1782377493*48\!AIVDM,1,1,,B,403t?k1vad`kP8LLS<=s2So00HCS,0*64
\s:66,c:1782377493*48\!AIVDM,1,1,,A,15TOOJ001bPFOTPEUd?b<`900d6:,0*16
\s:66,c:1782377495*4E\!AIVDM,1,1,,B,19N`2tP32FPAjCtMH`uIUGiF8@DR,0*14
\s:66,c:1782377491*4A\!AIVDM,1,1,,A,13QQif001i0Hw6FSgSbIEGO0053<,0*37
\s:66,c:1782377493*48\!AIVDM,1,1,,A,?39OMR0jIEPpD00,2*73
\s:66,c:1782377495*4E\!AIVDM,1,1,,B,16:lK=A00a`8MO><wLr<q?w20000,0*04
\s:66,c:1782377494*4F\!AIVDM,1,1,,A,13ku9hh1C1pVp3r6J2l;iIG6053<,0*15
\s:66,c:1782377490*4B\!AIVDM,1,1,,B,D028isAMdffp,0*59
\s:66,c:1782377494*4F\!AIVDM,1,1,,A,13cmbs002f0BcTDF?mirc`Q40HCu,0*49
\s:66,c:1782377496*4D\!AIVDM,1,1,,B,13bKJh0wB>O`AsPLIi4ac7e6053<,0*6E
\s:66,c:1782377490*4B\!AIVDM,1,1,,A,13m:S030062?HhJHOf9@:Ept2t1f,0*00
\s:66,c:1782377490*4B\!AIVDM,1,1,,,17f@sl5000<lARQs7l<9132r0000,0*20
\s:66,c:1782377494*4F\!AIVDM,1,1,,,17f@sl5000<lARQs7l<:03320000,0*63
\s:66,c:1782377496*4D\!AIVDM,1,1,,B,15Cm5J001h7R5Gl1cC6i5@q6053<,0*24
\s:66,c:1782377493*48\!AIVDM,1,1,,B,16:7m?0P1Q`f;PhA96f92wvv2HBR,0*46
\s:66,c:1782377495*4E\!AIVDM,1,1,,B,B3cgHHP0>@8HN86?mq9GgwiQh<1F,0*28
\s:66,c:1782377495*4E\!AIVDM,1,1,,A,1815cH@01m`j1rP@uHNkLjff2@>9,0*3E
\s:66,c:1782377495*4E\!AIVDM,1,1,,A,B3m8Lo0000MfIS:9nScQ3wi5kP06,0*39
\s:66,c:1782377494*4F\!AIVDM,1,1,,B,13FMQV0000wW8ttDc@o5KP?02HD?,0*1B
\s:66,c:1782377496*4D\!AIVDM,1,1,,B,13eW=f000012ThTDOaHK01u60<2C,0*73
\s:66,c:1782377496*4D\!AIVDM,1,1,,B,1772Dr00BN`n8M<AI4DN0@700@Dm,0*43
\s:66,c:1782377493*48\!AIVDM,1,1,,A,35960oo000HHv>J=B6Kkm35p0000,0*5F
\s:66,c:1782377495*4E\!AIVDM,1,1,,B,401s:66,0*20
\s:66,c:1782377493*48\!AIVDM,1,1,,B,B69?g3wt0R9d51U:6j0`swPV1P06,0*3D
\s:66,c:1782377490*4B\!AIVDM,1,1,,A,13h<Ke8000vrIA4Thq6i8BRr0D0L,0*2E
\s:66,c:1782377497*4C\!AIVDM,1,1,,B,13JI6F@P1oQ2HLTDT9V<Dww:2HEm,0*46
\s:66,c:1782377498*43\!AIVDM,1,1,,A,B52JgkP00>cn3fUobE8HOwj5oP06,0*20
\s:66,c:1782377485*4F\!AIVDM,1,1,,A,13Ow`N?000P<21HF`fd>40Fh2<1r,0*67
\s:66,c:1782377482*48\!AIVDM,1,1,,A,33HU760=@00JsGRHbUR@001p0000,0*77
\s:66,c:1782377482*48\!AIVDM,1,1,,A,13JAG45P@iwQkL4KF6CmBD6f0D1>,0*1D
\g:1-2-5198609,s:66,c:1782377487*05\!AIVDM,2,1,9,B,53Ve4n82Done=H;CW7<<51@4Tr0LT4ppU>12p00l2P:767:E0<1lT2DP,0*3B
\g:2-2-5198609*67\!AIVDM,2,2,9,B,000000000000000,2*2E
\s:66,c:1782377481*4B\!AIVDM,1,1,,A,13EaaB002q01hTdLtibqm7pd053<,0*3F
\s:66,c:1782377483*49\!AIVDM,1,1,,A,33u=IgP0030oR?:Pfmh@G7up0000,0*2D
\s:66,c:1782377484*4E\!AIVDM,1,1,,A,B3m?HH000H7rc08tvcNhWwd5oP06,0*5C
\s:66,c:1782377486*4C\!AIVDM,1,1,,B,33f6>6000FOWCW4DdeUjDATj032Q,0*12
\s:66,c:1782377490*4B\!AIVDM,1,1,,B,13lRhL01iqUC`uf7<F?M7bJr0D06,0*61
\s:66,c:1782377487*4D\!AIVDM,1,1,,B,16:B=6U01H8fgS@A9th0I@tj0<wI,0*16
\s:66,c:1782377485*4F\!AIVDM,1,1,,A,1815V5gP?w<tSF0l4Q@>4?wv0U3<,0*4D
\s:66,c:1782377492*49\!AIVDM,1,1,,A,39NS`;@1P<JDK<p5ndN;p:dv0063,0*69
\s:66,c:1782377486*4C\!AIVDM,1,1,,A,33uC=MP0001DDPvQusgDM1Ep0000,0*2A
\s:66,c:1782377488*42\!AIVDM,1,1,,A,13P:q50000P7oN2N1c0N49fn2H@D,0*67
\s:66,c:1782377486*4C\!AIVDM,1,1,,,15?dSiS4P93PAVJ@CeiTGBPl0000,0*50
\s:66,c:1782377484*4E\!AIVDM,1,1,,B,B3UMrm00>0Gd6t5Q?70R@Jd0P000,0*0C
\s:66,c:1782377487*4D\!AIVDM,1,1,,A,33F61d0uAWNmFT2@>9D0shUp0000,0*5E
\s:66,c:1782377490*4B\!AIVDM,1,1,,A,B9t7<v@0G1o7B@0;d;BCWwv63P06,0*58
\s:66,c:1782377485*4F\!AIVDM,1,1,,A,19NS<r3P018KNcQwFS08POvh0@>j,0*5F
\s:66,c:1782377491*4A\!AIVDM,1,1,,B,133w32PP0TPD<EtMDRbc<gvv253<,0*16
\s:66,c:1782377492*49\!AIVDM,1,1,,A,39NS>J@01o0qSE6E9G?sM95205s3,0*4B
\s:66,c:1782377492*49\!AIVDM,1,1,,B,19NShs@wi`8d60jDJ4tcn9Fv053<,0*65
\s:66,c:1782377492*49\!AIVDM,1,1,,B,16;=020012`fIPBA8NlmJgvv0000,0*63
\s:66,c:1782377491*4A\!AIVDM,1,1,,B,3JpE9l0000raj2J6AWwGwE`r0PBh,0*47
\s:66,c:1782377491*4A\!AIVDM,1,1,,B,14h@Ts80000:@<nGeEg2s3900<3@,0*3B
\s:66,c:1782377493*48\!AIVDM,1,1,1,,B5N`LG000>`HD`URwWwQ3whUoP06,0*47
\s:66,c:1782377491*4A\!AIVDM,1,1,,A,B69DOVhD0B;gh`TE8o:=GwfmSP06,0*43
\s:66,c:1782377489*43\!AIVDM,1,1,,B,B3`etqP0AHGf3P5QjBL1uN>Pt000,0*5F
\s:66,c:1782377494*4F\!AIVDM,1,1,,A,13GQC6O000P9r82Gb<gFCa500D1l,0*1F
\s:66,c:1782377494*4F\!AIVDM,1,1,,A,13:Udd000vOEPTBE5TI<AIe40@Co,0*15
\s:66,c:1782377493*48\!AIVDM,1,1,,B,13MAOcH0000hRS@Q1j82cb7008Cf,0*4D
\s:66,c:1782377491*4A\!AIVDM,1,1,,A,13`qpT001O0Pss2NnsDb482v08B:,0*70
\s:66,c:1782377490*4B\!AIVDM,1,1,,A,1:p;n4PP00JPTJF4RiL3=wv`0l0=,0*03
\s:66,c:1782377493*48\!AIVDM,1,1,,A,13ss?g3P00QWATBISG2>4?w22@CL,0*2C
\s:66,c:1782377490*4B\!AIVDM,1,1,,A,13@p9sw000PU;iVP2uV9l1ttHHA?,0*43
\s:66,c:1782377493*48\!AIVDM,1,1,,A,16:EoSa0018fGf@A6V<VBHVp1`4h,0*67
\s:66,c:1782377494*4F\!AIVDM,1,1,,B,EvjMk9iUs200000000000000000@8hh1?Fl4800000N010,4*35
\s:66,c:1782377490*4B\!AIVDM,1,1,,A,134;jD000BP?598MHrW0@`Jr000>,0*2A
\s:66,c:1782377493*48\!AIVDM,1,1,,B,B42NvS00V0QM0nUmnJtN`Hh43P06,0*19
\s:66,c:1782377490*4B\!AIVDM,1,1,,B,13=ouf002BwVR@bDSev2hB<l0D3i,0*25
\s:66,c:1782377495*4E\!AIVDM,1,1,,A,B6:cWah00:9gu64TeV1Nwwg6SP06,0*0A
\s:66,c:1782377495*4E\!AIVDM,1,1,,B,402R3;Avad`kR0kPgBQI6IG00<1o,0*4E
\g:1-2-5198610,s:66,c:1782377496*0D\!AIVDM,2,1,0,A,54aaw>42=2nUK=4g:20pu85T622222222222221?C0CA:5d60=Al`42D,0*0A
\g:2-2-5198610*6F\!AIVDM,2,2,0,A,`88888888888880,2*7C
\s:66,c:1782377494*4F\!AIVDM,1,1,,A,19NS<r3P008KNcKwFRwa8Ow20@Cr,0*0D
\s:66,c:1782377492*49\!AIVDM,1,1,,A,139lUQP0000W=1JNa;o7::A20HBq,0*40
\s:66,c:1782377455*42\!AIVDM,1,1,,B,1815b=P0233LB1;ig5LIAoOb0538,0*12
\s:66,c:1782377491*4A\!AIVDM,1,1,,A,142T400P00KVJL065qtf4?vtP0RD,0*15
\s:66,c:1782377488*42\!AIVDM,1,1,,A,14dF2t001R6AJIb3Ch@bC8Fl0<0=,0*58
\s:66,c:1782377496*4D\!AIVDM,1,1,,B,16:;K000168iGDPAPkp=uK74053<,0*5D
\s:66,c:1782377496*4D\!AIVDM,1,1,,B,13B5Of001F1uoj>GBqWaaGg60D1R,0*53
\s:66,c:1782377496*4D\!AIVDM,1,1,,B,16:7<s0PCh89K=b<n3si?0u400S6,0*6E
\s:66,c:1782377496*4D\!AIVDM,1,1,,B,1815Tc02BSOF4j<C1DUpSno80D08,0*62
\s:66,c:1782377498*43\!AIVDM,1,1,,B,13aGu`hP00PF?f6Mvlv>4?w62HE1,0*0E
\s:66,c:1782377498*43\!AIVDM,1,1,,A,13=ouf002CwVRIRDSfBRhB=000SN,0*27
\s:66,c:1782377496*4D\!AIVDM,1,1,,B,40474H1vad`kS:?f24GwGQo008EE,0*50
\s:66,c:1782377484*4E\!AIVDM,1,1,,B,35OINQP01sqWh0l@DtE9L7Vf01>P,0*22
\s:66,c:1782377487*4D\!AIVDM,1,1,,A,15Qqf2001e8WHO<BD0jM9rJf00Rm,0*1F
\s:66,c:1782377488*42\!AIVDM,1,1,,A,1815GDP0jCNkm:>=IGdpI6dn0H@i,0*2E
\s:66,c:1782377489*43\!AIVDM,1,1,,B,19NSjI@wBT7LVM@0ef9SARbd0H>O,0*57
\s:66,c:1782377489*43\!AIVDM,1,1,,B,137NBv00007JSoh0gg@CcH>p0@A=,0*19
\s:66,c:1782377485*4F\!AIVDM,1,1,,,B3P8p?@00fqDP1QeoB;4kwd5l000,0*44
\s:66,c:1782377487*4D\!AIVDM,1,1,,A,377NDe00238U>JJFBc6FoE`n06tS,0*3A
\s:66,c:1782377487*4D\!AIVDM,1,1,,B,17mRN5EP01`=nV;vdWiadgvj053<,0*75
\s:66,c:1782377488*42\!AIVDM,1,1,,B,168uI60ui`8f7pPAkmKTmknn0L7S,0*53
\s:66,c:1782377487*4D\!AIVDM,1,1,,A,13mDrV0018PFkhFSE6W8D6bV0@?f,0*53
\s:66,c:1782377488*42\!AIVDM,1,1,,B,13IFfwWP0lwtQolLIWprdOvn2@@F,0*24
\s:66,c:1782377491*4A\!AIVDM,1,1,,B,35@V?85w002>5Qsfr3vid4@t0lPJ,0*71
\s:66,c:1782377492*49\!AIVDM,1,1,,A,139L8;0P000eS5hNW9aEQOw00<5h,0*65
\s:66,c:1782377487*4D\!AIVDM,1,1,,A,16:?jOPP@D8fAS<AEC1h@rBf08?P,0*1A
\s:66,c:1782377488*42\!AIVDM,1,1,,A,13KMIqP0001cAQ>RDP;cBG800000,0*15
\s:66,c:1782377487*4D\!AIVDM,1,1,,A,14n5Vh0P01sVb4T8quDtswvp0000,0*0E
\s:66,c:1782377483*49\!AIVDM,1,1,,B,B3I`F1P0Dh:TOG5rMEM=kwcQh000,0*69
\g:1-2-5198611,s:66,c:1782377488*03\!AIVDM,2,1,1,A,53aDrCH000010K?WK@0LhU=<4p@t00000000001?<P;58t0000000000,0*77
\g:2-2-5198611*6E\!AIVDM,2,2,1,A,000000000000000,2*25
\s:66,c:1782377488*42\!AIVDM,1,1,,A,35ODpRU000G<GLfL=8tu9ntn0000,0*7F
\s:66,c:1782377489*43\!AIVDM,1,1,,A,83aDrC@j2d<dt>Mv>298t?aE0000,0*0E
\s:66,c:1782377487*4D\!AIVDM,1,1,,A,15Qh<b001R8ii4p@lFT7U5rj0<42,0*21
\s:66,c:1782377490*4B\!AIVDM,1,1,,A,H3nSoGP4pU@4000000000000000,2*4F
\s:66,c:1782377490*4B\!AIVDM,1,1,,A,H3nSoGTUCBD8K:V<7phlj00P612t,0*17
\s:66,c:1782377491*4A\!AIVDM,1,1,,B,18G15diP?w<tSF0l4Q@>4?wv1PS6,0*6E
\s:66,c:1782377489*43\!AIVDM,1,1,,B,13=AA:001W0FgoDHkwLeQ:lp0D34,0*05
\s:66,c:1782377490*4B\!AIVDM,1,1,,B,139K:431@:0UTGHNwHoM;02p8@Ac,0*5D
\s:66,c:1782377487*4D\!AIVDM,1,1,,A,18I>Mg001V8N5vvF>bP:k8`j053<,0*75
\s:66,c:1782377491*4A\!AIVDM,1,1,,B,15QLK2?P00rB=kr5FBs8dwvv20S>,0*38
\s:66,c:1782377492*49\!AIVDM,1,1,,A,1342n0PP00PBCn<MfTu>4?vv2HBc,0*1B
\s:66,c:1782377486*4C\!AIVDM,1,1,,A,13EeDr?P1UP=uBvGgR4iUOvlR8?@,0*2F
\s:66,c:1782377489*43\!AIVDM,1,1,,A,B3P8p?@00vqDP1QeoBOHBeN00000,0*55
\s:66,c:1782377492*49\!AIVDM,1,1,,A,35R9eN1w010<0VpMLB8uAWw20Dw:,0*59
\s:66,c:1782377494*4F\!AIVDM,1,1,,B,15Qqf2001e8WHK8BD1hu8bK00HC=,0*58
\s:66,c:1782377492*49\!AIVDM,1,1,,A,13f3et001b7mL`n8RF`=HbR@0D6L,0*6C
\s:66,c:1782377491*4A\!AIVDM,1,1,,B,3815C`@PB2PUaMpF@i?FV4rr00wP,0*63
\s:66,c:1782377492*49\!AIVDM,1,1,,A,19N`2;P10nWiJdP;TbJUpDlv00Rj,0*72
\s:66,c:1782377489*43\!AIVDM,1,1,,A,16::seSP01W?W7>1bHpK4Ovr28A:,0*2D
\s:66,c:1782377489*43\!AIVDM,1,1,,A,15DgGp001KSWUg6@0BdUnDTr28AD,0*4C
\s:66,c:1782377490*4B\!AIVDM,1,1,,A,B7mLFP00023MaOwc9l403wa4kP06,0*5F
\s:66,c:1782377495*4E\!AIVDM,1,1,,A,14hR7<000118L>hF68d0<VG60PRb,0*57
\s:66,c:1782377495*4E\!AIVDM,1,1,,A,3815C`@PB2PUaOLF@hdVRlo200oA,0*1C
\s:66,c:1782377492*49\!AIVDM,1,1,,A,H42OL0@t<D4p000000000000000,2*61
\s:66,c:1782377492*49\!AIVDM,1,1,,B,H42OL0DTCBD:S2@I=2knko184130,0*5E
\g:1-2-5198612,s:66,c:1782377495*0C\!AIVDM,2,1,2,A,537gsp42;dma3<DSP01H4hDq@Tp4000000000016:P@6:0000>1hPESh,0*47
\g:2-2-5198612*6D\!AIVDM,2,2,2,A,000000000000000,2*26
\s:66,c:1782377496*4D\!AIVDM,1,1,,A,369`GrUP00`g01tA?mp`jJM42000,0*60
\s:66,c:1782377491*4A\!AIVDM,1,1,,B,13cVM6002@0pdKdEgCf96WHn00Rq,0*4A
\s:66,c:1782377492*49\!AIVDM,1,1,,B,1815I8h0j5QW:?<`cdESWk0p08Bg,0*41
\s:66,c:1782377496*4D\!AIVDM,1,1,,A,13@nfEh022PhKRDPnk<<9ae60@EF,0*39
\s:66,c:1782377498*43\!AIVDM,1,1,,B,13tht>701WP?:llN:JMhe@e4053<,0*20
\s:66,c:1782377494*4F\!AIVDM,1,1,,B,B7m@7Q@00:6;sHOpJrUA;wP4kP06,0*51
\s:66,c:1782377496*4D\!AIVDM,1,1,,B,18I>Mg001V8N5llF>bVrk8a408EA,0*61
\s:66,c:1782377495*4E\!AIVDM,1,1,,B,1815GDP0RCNkm4b=IFhHIFe400S2,0*69
\s:66,c:1782377494*4F\!AIVDM,1,1,,A,19NSQt00it7Q>jv1M;<hrPk00<0p,0*69
\s:66,c:1782377496*4D\!AIVDM,1,1,,A,19NSjI@wRT7LVW<0efB3Ajbr08BC,0*17
\s:66,c:1782377497*4C\!AIVDM,1,1,,B,16Lbi40wAt8>k8T:w6K`?FU40L0B,0*64
\s:66,c:1782377483*49\!AIVDM,1,1,,A,13cdd<gP0JPwBhJE8IvbsOvf2000,0*7F
\s:66,c:1782377482*48\!AIVDM,1,1,,B,1815LP001sP5EINMMPU3jk0R0D1H,0*09
\s:66,c:1782377490*4B\!AIVDM,1,1,,B,B3=kTN000889t7V?1mOQ3wR5oP06,0*63
\s:66,c:1782377487*4D\!AIVDM,1,1,,A,160o6`0wif2gFj@=:vQnj5Jj08?U,0*0A
\s:66,c:1782377487*4D\!AIVDM,1,1,,B,13S7k;5P1mQ25sLIsU=cCwvn20SF,0*49
\s:66,c:1782377489*43\!AIVDM,1,1,,B,13Jw<b002b7E0Ef10wRDLSRB0HA8,0*1B
\s:66,c:1782377489*43\!AIVDM,1,1,,B,19NSap@3QQvfKID9GTo@5P@b053<,0*4C
\s:66,c:1782377481*4B\!AIVDM,1,1,,B,H5`eTT4UCBD8UA1J:<okqp1p1400,0*69
\s:66,c:1782377487*4D\!AIVDM,1,1,,A,16KJcp@015ak1?hCusrWnn>l0<3L,0*6A
\s:66,c:1782377491*4A\!AIVDM,1,1,,A,H819?ePHUHF1L5HE<0000000000,2*3C
\s:66,c:1782377491*4A\!AIVDM,1,1,,B,H819?eTU7B=4011000000028B344,0*01
\s:66,c:1782377486*4C\!AIVDM,1,1,,,13JnqJ0007qVN06@G76333dj0000,0*29
\s:66,c:1782377487*4D\!AIVDM,1,1,,A,13`oTApP01P6bk8FA2B8A?vp2000,0*7D
\s:66,c:1782377490*4B\!AIVDM,1,1,,B,33b=DJ0OiwPGWf`NNFw@b0bt01q0,0*26
\s:66,c:1782377486*4C\!AIVDM,1,1,,,B5O9wN000=l8=O6oNjgQ3we5oP06,0*12
\s:66,c:1782377490*4B\!AIVDM,1,1,,,13JnqJ0007qVN0J@G76S33dr0000,0*2D
\s:66,c:1782377490*4B\!AIVDM,1,1,,,B5O9wN000=l8=OVoNjgQ3wg5oP06,0*70
\s:66,c:1782377491*4A\!AIVDM,1,1,,A,B52pCf000>`g>jUVH:KQ3wg1nDdJ,0*16
\s:66,c:1782377490*4B\!AIVDM,1,1,,B,14afHN0000WLDAH0hSwf44dr2@AP,0*18
\s:66,c:1782377490*4B\!AIVDM,1,1,,A,B6:k:H@07R9hCPTU2Wn@;wf61P06,0*17
\s:66,c:1782377490*4B\!AIVDM,1,1,,B,13mQ<R7000PKqmTSi121hQdV0D1M,0*2A
\s:66,c:1782377493*48\!AIVDM,1,1,,A,C4afHN0001o54aP<8pH03wv0JBL><:L?d00000000000S7@:5V0P,0*46
\s:66,c:1782377490*4B\!AIVDM,1,1,,B,B7Om:@0002b;t9M6NLGQ3wg1h000,0*3B
\s:66,c:1782377487*4D\!AIVDM,1,1,,A,18153tP02<8o=o4CJ0c0gPfl0H?m,0*4E
\s:66,c:1782377491*4A\!AIVDM,1,1,,B,403t>:Qvad`kN``ih@BLK1i02D6I,0*60
\s:66,c:1782377486*4C\!AIVDM,1,1,,A,15AdrT002M8kukJANoI7hV6n0D3@,0*26
\s:66,c:1782377482*48\!AIVDM,1,1,,A,13cvVk00QD`dmP@AtK=KfaHP00Rq,0*54
\s:66,c:1782377484*4E\!AIVDM,1,1,,A,H3m7Tn0eT400000000000000000,2*3A
\s:66,c:1782377484*4E\!AIVDM,1,1,,A,H3m7Tn4NC=D4@S=<=nlqq00P6220,0*32
\s:66,c:1782377489*43\!AIVDM,1,1,,A,13M@RV01Rw7Ol0P0pJj46CDn00Rj,0*4E
\s:66,c:1782377484*4E\!AIVDM,1,1,,A,34SK3v001f1g9J6EUvLRMQup0000,0*59
\s:66,c:1782377490*4B\!AIVDM,1,1,,A,13o8eR0000PIvLrSbAte;7br00ST,0*6F
\s:66,c:1782377492*49\!AIVDM,1,1,,B,18HtQs00017JhQH0deMA@T720HC9,0*11
\s:66,c:1782377490*4B\!AIVDM,1,1,,B,B5O2Uu000NTBB1Scu>Jekwg5l000,0*52
\s:66,c:1782377491*4A\!AIVDM,1,1,,A,16:DF=P01a`8@br=0v4mTTHv253<,0*08
\s:66,c:1782377490*4B\!AIVDM,1,1,,A,33aGD0@00o0JshRNIcR0t0ip0000,0*33
\s:66,c:1782377488*42\!AIVDM,1,1,,A,91b6UdPA01Q1mctVQ=1FN6P24H?`,0*35
\s:66,c:1782377492*49\!AIVDM,1,1,,A,H69?fN0iE4TpMPTqUGK;GKN2220,2*62
\s:66,c:1782377493*48\!AIVDM,1,1,,A,13Id750000weo9>Kp<m5D4A00hCb,0*56
\s:66,c:1782377494*4F\!AIVDM,1,1,,B,16:6v7P01W8jBu8CP4vP90710HCm,0*6C
\s:66,c:1782377494*4F\!AIVDM,1,1,,B,13M@RV01S07Ol:@0pJMD6SE208Cv,0*0E
\s:66,c:1782377494*4F\!AIVDM,1,1,,A,15R1:V00AW7E=U:11<plICQ408DA,0*59
\s:66,c:1782377495*4E\!AIVDM,1,1,,B,D02VqOQFhJfq6DK6E21J>5sIK6D,2*20
\s:66,c:1782377493*48\!AIVDM,1,1,,A,1:0MHe0P00WI3eN0iv4U1gw00D1F,0*47
\s:66,c:1782377491*4A\!AIVDM,1,1,,A,15NGAR0000J:bH0AHmOGg9bv0000,0*74
\s:66,c:1782377491*4A\!AIVDM,1,1,,B,17tKp?P01G7AGEP1Ip<<0qRu08B;,0*7E
\s:66,c:1782377495*4E\!AIVDM,1,1,,A,15VivJ0001K`OfB8FfK4EgvN0hDb,0*63
\s:66,c:1782377495*4E\!AIVDM,1,1,,B,1:U7>uPP00LQpk;iJ5=@jOw600Ss,0*15
\s:66,c:1782377495*4E\!AIVDM,1,1,,B,15AdrT002L8kuh>ANnKGjF7408CM,0*68
\s:66,c:1782377495*4E\!AIVDM,1,1,,B,36:6v7P01W8jBu8CP55P7P9300pP,0*38
\s:66,c:1782377495*4E\!AIVDM,1,1,,A,339Occ1vh3PO3U2NgC<L;R328Dd:,0*57
\s:66,c:1782377488*42\!AIVDM,1,1,,B,B69AWPP002;4Q<TNvkL000>7QP06,0*5B
\s:66,c:1782377495*4E\!AIVDM,1,1,,A,13ugHD000D0h@mhQEUF0g@a8053<,0*10
\s:66,c:1782377494*4F\!AIVDM,1,1,,A,36:BmTQP01`gqeBA6tmP0?w22000,0*45
\s:66,c:1782377496*4D\!AIVDM,1,1,,A,1n2?@w000E2pELkuf<Oh7WBr0P00,0*2E
\s:66,c:1782377492*49\!AIVDM,1,1,,B,16K2e=P000ajKjdD3520t4Rv0D2n,0*21
\s:66,c:1782377496*4D\!AIVDM,1,1,,A,B6:9rB000B;i:RTCnf73swRV1P06,0*55
\s:66,c:1782377498*43\!AIVDM,1,1,,B,14RpNC000ANd70J891KGnH560D43,0*73
\s:66,c:1782377485*4F\!AIVDM,1,1,,A,402IP>iuJl`kHO0u6bU7CJW0053<,0*16
\s:66,c:1782377487*4D\!AIVDM,1,1,,A,139S53P0000WtptNI3:`c1dl00ST,0*0C
\s:66,c:1782377487*4D\!AIVDM,1,1,,B,16:cIT001G8LNm@F04:9HGLV0DQ4,0*42
\s:66,c:1782377489*43\!AIVDM,1,1,,A,13o8F601AfQ6B0>DmdujP1vp0000,0*3B
\s:66,c:1782377490*4B\!AIVDM,1,1,,B,402VqQ1vUwS3N22LcVR=sno00TH<,0*6A
\s:66,c:1782377484*4E\!AIVDM,1,1,,A,13Hj9vPP0bP8ogFMKegIPOvh2<1`,0*2E
\s:66,c:1782377489*43\!AIVDM,1,1,,A,E>q7Bci<4h47bh6RW@Hp0000000DG38r8VOeH00000f@00,4*25
\s:66,c:1782377489*43\!AIVDM,1,1,,A,16:`eK@00=`W6j`BBHME9?vp0000,0*63
\s:66,c:1782377490*4B\!AIVDM,1,1,,B,33MCWqh0030;hNnMs`G5OFDr012P,0*65
\s:66,c:1782377486*4C\!AIVDM,1,1,,B,15Pm>0@P2=oS?h6Bq`ekIwvj2000,0*2D
\s:66,c:1782377492*49\!AIVDM,1,1,,A,33mC1P00001Fk1bWnb8M=:7p0000,0*48
\s:66,c:1782377492*49\!AIVDM,1,1,,A,35Pm>0@P2=oS?ppBq`fkW?vv21h1,0*63
\s:66,c:1782377485*4F\!AIVDM,1,1,,B,16:>o`001;8j;qjAfcN03PFj0<58,0*25
\s:66,c:1782377488*42\!AIVDM,1,1,,A,15NWAoPOQ<JgFe0GLfN2>Ovr0000,0*3D
\s:66,c:1782377492*49\!AIVDM,1,1,,A,23a9=20000P60itMfPN=oWjr0000,0*13
\s:66,c:1782377492*49\!AIVDM,1,1,,B,1:5cSl8P0c7=l<87MD5k7gw00<3i,0*3F
\s:66,c:1782377491*4A\!AIVDM,1,1,,A,14eIanh000o<lD4L=G5P?8Fv0pB>,0*4F
\s:66,c:1782377494*4F\!AIVDM,1,1,,B,13;ce:?P00Rvc62H7tbUh?w20d0`,0*26
\s:66,c:1782377411*42\!AIVDM,1,1,,B,36:FhlU0008NLK@FGgS5=@pF0loJ,0*3E
\s:66,c:1782377489*43\!AIVDM,1,1,,B,13F:jH0Oh6Oueu2Esb2uMnhp0<1j,0*3F
\s:66,c:1782377485*4F\!AIVDM,1,1,,A,13aLnDPP18PHM:FNEud8<Ovj253<,0*46
\s:66,c:1782377492*49\!AIVDM,1,1,,A,13tiSB001g0BiG8MgT4lESJt0HC1,0*1E
\s:66,c:1782377494*4F\!AIVDM,1,1,,B,33fJ;L001i1HpavPWnI7sFI606j3,0*3A
\s:66,c:1782377493*48\!AIVDM,1,1,,B,13l3nP@01j0>sQrMVPd<o:=008Cj,0*59
\s:66,c:1782377494*4F\!AIVDM,1,1,,B,33ku9Wh00o2tEhSvSsE`8nS60543,0*28
\s:66,c:1782377491*4A\!AIVDM,1,1,,B,13K=j@00000PRtrHrv5CKWPr0<7E,0*35
\g:1-2-5198613,s:66,c:1782377493*0B\!AIVDM,2,1,3,B,55@pS082<MpLS<LD0008l>0<5@PE8TpD00000016@@G<>5bG0=3FD2ih,0*55
\g:2-2-5198613*6C\!AIVDM,2,2,3,B,000000000000000,2*24
\s:66,c:1782377492*49\!AIVDM,1,1,,,15NfeC<000o@7IFE`wqSsmjv0000,0*04
\s:66,c:1782377491*4A\!AIVDM,1,1,,A,34eIanh000G<lD0L=G5P?8Gp0000,0*5A
\s:66,c:1782377496*4D\!AIVDM,1,1,,B,17tD:=8P01WL5E`0lCof4?w62@Ds,0*6F
\s:66,c:1782377496*4D\!AIVDM,1,1,,B,19N`3W000CM?n=qpNwD@gi2D0<0O,0*02
\s:66,c:1782377497*4C\!AIVDM,1,1,,B,19NSgCP02q;DmtLJA5QjrjC60HEk,0*23
\s:66,c:1782377489*43\!AIVDM,1,1,,,15Nb?NUP00oRl80CD50;Owvt0000,0*61
\s:66,c:1782377492*49\!AIVDM,1,1,,B,13Hj9vPP0`P8ocRMKeU9MOw22<1`,0*3B
\s:66,c:1782377496*4D\!AIVDM,1,1,,B,402Un5AuJl`kS1qsS6FoVWWP08E6,0*55
\s:66,c:1782377496*4D\!AIVDM,1,1,,A,15Pm>0@P2<oS?vfBq`ekROw62000,0*1F
\s:66,c:1782377496*4D\!AIVDM,1,1,,A,339uDUP0000ewq<NWi50001p0000,0*40
\s:66,c:1782377496*4D\!AIVDM,1,1,,B,352nJR0OhBrTVwvE6pvUUDw601j0,0*68
\s:66,c:1782377496*4D\!AIVDM,1,1,,A,277k4L50007aowH660lk?i=80`F2,0*44
\s:66,c:1782377491*4A\!AIVDM,1,1,,B,402M4cAvad`kN19?P0W`Wh7P0HBG,0*3B
\s:66,c:1782377490*4B\!AIVDM,1,1,,A,ENk`t0Rb8@@@@@@@@@@@@@@@@@@=A<tO<WPNp00003vP000,2*33
\s:66,c:1782377496*4D\!AIVDM,1,1,,A,39NSP410000:2bbG`Im;kFg80E0r,0*11
\s:66,c:1782377496*4D\!AIVDM,1,1,,A,13`hqgPP0wPBERHMfjJb6gw8R8EO,0*27
\s:66,c:1782377497*4C\!AIVDM,1,1,,,15NfeC<000o@7IJE`wqCsmk80000,0*57
\s:66,c:1782377497*4C\!AIVDM,1,1,,B,15?WCj001jQCjsnG>tGdN9w80D2Q,0*5F
\s:66,c:1782377496*4D\!AIVDM,1,1,,B,13P=ooP00H0:CU6O>Po2KBE:08EK,0*74
\s:66,c:1782377486*4C\!AIVDM,1,1,,,13lu080032KEb3>;haH2Eipn053<,0*64
\s:66,c:1782377487*4D\!AIVDM,1,1,,B,19NSeo@01a8WkfH6Mee=ts8R00Sa,0*29
\s:66,c:1782377489*43\!AIVDM,1,1,,B,16:869P0068fVGhA2ogdV11p0<7U,0*39
\s:66,c:1782377487*4D\!AIVDM,1,1,,A,3815c:002204>bVFreG0N0Ip0000,0*1F
\s:66,c:1782377480*4A\!AIVDM,1,1,,A,35NQH10000G@>`jEWwgJgRmp0000,0*15
\s:66,c:1782377488*42\!AIVDM,1,1,,B,1778Ec000UrC`hR59?h<Ir4p08@K,0*1F
\s:66,c:1782377483*49\!AIVDM,1,1,,B,16:IWw00008dtM@A7h3Rf96b00Sd,0*17
\s:66,c:1782377488*42\!AIVDM,1,1,,A,16QgiM?P002P=R@@qHlcn?vorD0M,0*64
\s:66,c:1782377487*4D\!AIVDM,1,1,,B,13oB7670001dD6N`KrCdBD8n053<,0*41
\s:66,c:1782377487*4D\!AIVDM,1,1,,B,33aEQ;PP0jPFV:BMv9accaJl00w0,0*6A
\g:1-2-5198614,s:66,c:1782377488*06\!AIVDM,2,1,4,A,53aDAtp0000107?OSD1076t<5=@u80000000000o18:44t0Ht70CDm1D,0*57
\g:2-2-5198614*6B\!AIVDM,2,2,4,A,Q0C@00000000000,2*42
\s:66,c:1782377491*4A\!AIVDM,1,1,,B,15NQH1<000o@>`jEWwg9P2lv08B<,0*65
\s:66,c:1782377488*42\!AIVDM,1,1,,B,B9t6Uh@0G1o7Bh0;d<NDowf63P06,0*21
\s:66,c:1782377489*43\!AIVDM,1,1,,B,E>h>CW@Q:Wdh77oL@@@@@@@@@@@3VmtW3i:2`00000f040,4*70
\s:66,c:1782377492*49\!AIVDM,1,1,,B,13cLbR800fSiJ;p=ob4Lq:E200SW,0*2D
\s:66,c:1782377489*43\!AIVDM,1,1,,B,13aIhQhP00PGpMlNR4E>4?vp20SP,0*17
\s:66,c:1782377489*43\!AIVDM,1,1,,A,13lu0800C2KEb9F;hakjEipv08Al,0*6B
\s:66,c:1782377491*4A\!AIVDM,1,1,,B,14`Uvp@02iwwVtMpQJfdK:6t0PS8,0*06
\s:66,c:1782377492*49\!AIVDM,1,1,,A,13En`@WP0fP?F3hFCRiqB?vv28Bi,0*1F
\s:66,c:1782377493*48\!AIVDM,1,1,,B,18Hv9V<0017LG3`0igH6upW008Ci,0*1F
\s:66,c:1782377487*4D\!AIVDM,1,1,,B,83aPN`0j2d<dtfLuL0N0Fg`54H00,0*44
\s:66,c:1782377489*43\!AIVDM,1,1,,B,16K2NmP0019jJt0D3vW2gFNr08@s,0*06
\s:66,c:1782377491*4A\!AIVDM,1,1,,A,B3cgBcP0BPJrim5eOEaH96v00000,0*06
\s:66,c:1782377491*4A\!AIVDM,1,1,,A,33l3tph02G0kPh<Ps6kU:D3p0000,0*19
\s:66,c:1782377494*4F\!AIVDM,1,1,,B,16:IMw0P008f:VRA6jf`V6722d3w,0*07
\s:66,c:1782377494*4F\!AIVDM,1,1,,A,B7`BV7000NTP=Q1EiMKQ3wi5oP06,0*6D
\s:66,c:1782377495*4E\!AIVDM,1,1,,A,33VTuD002ANdcDP;>WKVuURt0Csu,0*07
\s:66,c:1782377487*4D\!AIVDM,1,1,,A,13U?4m0P1a1O3utEfhC`Lgvl0000,0*32
\s:66,c:1782377492*49\!AIVDM,1,1,,A,19NSpdhwBW6wiJ633GG53D0t00SC,0*6F
\s:66,c:1782377493*48\!AIVDM,1,1,,A,169DBrP01R`i81j@rCdH>FM200RW,0*5A
\s:66,c:1782377490*4B\!AIVDM,1,1,,A,13aEQ;POhmPFV7bMv9isiqRt0@An,0*1C
\s:66,c:1782377486*4C\!AIVDM,1,1,,A,13mhlR0026QmD4r`UV835RRh0D0A,0*15
\s:66,c:1782377491*4A\!AIVDM,1,1,,B,83aGu;Pj2d<dt<u>N@apJ@O04d00,0*4B
\s:66,c:1782377493*48\!AIVDM,1,1,,A,13Ef=S?P00wj89DHjk:iPww228Ck,0*04
\s:66,c:1782377488*42\!AIVDM,1,1,,A,1815c:0023P4>bVFreFhO0HL08?v,0*58
\g:1-2-5198615,s:66,c:1782377493*0D\!AIVDM,2,1,5,B,56K2NmT00000`C?O3>1@4UTtl59F0pwR2222221678=3:5dRN8g`2T83,0*20
\g:2-2-5198615*6A\!AIVDM,2,2,5,B,Qkp3iQ`88888880,2*3B
\s:66,c:1782377495*4E\!AIVDM,1,1,,A,15?dh:hw@j2fr4B==Dmv3re000S=,0*6B
\s:66,c:1782377496*4D\!AIVDM,1,1,,A,16@C<r001BIgFLD>TpOUvTo40HEB,0*79
\s:66,c:1782377496*4D\!AIVDM,1,1,,A,B3cgBcP0A0Jrj@5eOAMPA=N00000,0*30
\s:66,c:1782377496*4D\!AIVDM,1,1,,A,18HrjhKP00WJlnP0gn`>4?w62@E8,0*61
\s:66,c:1782377496*4D\!AIVDM,1,1,,A,1778Ec000UrC`fd59?wtLb5:0HEV,0*45
\s:66,c:1782377498*43\!AIVDM,1,1,,B,17tKoA8002WIEah0g?V1mSo:08Eu,0*36
\s:66,c:1782377496*4D\!AIVDM,1,1,,B,1815AGh3PK7KaKL0fl2dmc2:0<6Q,0*75
\s:66,c:1782377496*4D\!AIVDM,1,1,,A,13mm5v010d`WWHtBE8NJopjd0<;D,0*37
\s:66,c:1782377497*4C\!AIVDM,1,1,,A,B6:611P00B;oWhTMf?`544N021Mk,0*69
\s:66,c:1782377484*4E\!AIVDM,1,1,,B,19NSQr00220q;3tOAcsj9Afj0D4I,0*27
\s:66,c:1782377487*4D\!AIVDM,1,1,,A,19NSkpC0073QTnD@9hWLir@n0<:o,0*26
\s:66,c:1782377481*4B\!AIVDM,1,1,,B,16:<a?Pvib8bO?h?CF`18PvV0<W>,0*53
\s:66,c:1782377487*4D\!AIVDM,1,1,,B,19NSVu002G:w<qcfL?e@SPLj00S=,0*7E
\s:66,c:1782377487*4D\!AIVDM,1,1,,B,B6?cCj0001?iFd3@;3b5kweUWP06,0*50
\s:66,c:1782377486*4C\!AIVDM,1,1,,B,16:Gtu001M8jBHhCgw@P2h4j00So,0*69
\s:66,c:1782377489*43\!AIVDM,1,1,,B,1EMo12PP17rB9UR5D11h6gwl2000,0*29
\s:66,c:1782377483*49\!AIVDM,1,1,,A,13m=tRP0000G0TfS?staLGJd00Ra,0*5B
\s:66,c:1782377487*4D\!AIVDM,1,1,,B,15N6k`0001JdRRdG@>?Ken4j0<2E,0*7A
\s:66,c:1782377483*49\!AIVDM,1,1,,A,403t:I1vad`kF8Q2HJF3hlA008=E,0*30
\s:66,c:1782377486*4C\!AIVDM,1,1,,A,34eGEDh2h7G<NPJL=j8C`Rsp0000,0*79
\s:66,c:1782377488*42\!AIVDM,1,1,,A,13`wL2000SvgB5@;Ouu664Fl08@N,0*64
\s:66,c:1782377488*42\!AIVDM,1,1,,A,4h3wosiuJl`kKUFG267L?ti02<0U,0*0A
\s:66,c:1782377488*42\!AIVDM,1,1,,A,Dh3wosiMe>fp,0*3B
\s:66,c:1782377489*43\!AIVDM,1,1,,B,16:MF200008cIo0FVwk`;4jr053<,0*1D
\s:66,c:1782377491*4A\!AIVDM,1,1,,B,15QmPP001w1gfm4F5=OUtTdp00Rg,0*67
\s:66,c:1782377489*43\!AIVDM,1,1,,B,19NWrUP03>P1BRrO@m0Jg`Tl853<,0*58
\s:66,c:1782377488*42\!AIVDM,1,1,,A,15MmLC?P00JQLn@FMMiWsgvp2D2g,0*52
\s:66,c:1782377489*43\!AIVDM,1,1,,A,19NSSgP0201@V<mdaSptWqvn0D1E,0*7F
\s:66,c:1782377488*42\!AIVDM,1,1,,A,37PFIB5P00bKEWunDCk;T?vr2000,0*40
\s:66,c:1782377489*43\!AIVDM,1,1,,B,16Kv1j00ii`OsfnF;vVSjk6L0HA?,0*63
\s:66,c:1782377492*49\!AIVDM,1,1,,B,4028jO1vad`kONpifL?wtpgP253<,0*06
\s:66,c:1782377487*4D\!AIVDM,1,1,,A,1Jq85e0P00rdA0852dGN4?vl2000,0*02
\s:66,c:1782377480*4A\!AIVDM,1,1,,,15NsV40026E9@Fv=7fuRsBFT0000,0*5C
\s:66,c:1782377484*4E\!AIVDM,1,1,,A,H52Oji@Tp@TLt00000000000000,2*6F
\s:66,c:1782377490*4B\!AIVDM,1,1,,,15NsV40026E9@TB=7gI2sRHr0000,0*1F
\s:66,c:1782377490*4B\!AIVDM,1,1,,B,18Hugl0vif7bQkT5kBdN2c2t0<7e,0*17
\s:66,c:1782377491*4A\!AIVDM,1,1,,B,14hSe90001PPogHHvRmS:BPt00Sg,0*3C
\s:66,c:1782377492*49\!AIVDM,1,1,,B,403OKEiuJl`kPr:`<0ADhWO020S:,0*38
\s:66,c:1782377488*42\!AIVDM,1,1,,A,177=Ad001n0JPm4EH=Sr>H<r0<26,0*02
\s:66,c:1782377491*4A\!AIVDM,1,1,,A,13ku9W021qINr<p7oVN2l2Dr00S2,0*54
\s:66,c:1782377492*49\!AIVDM,1,1,,B,15@`5;8000rB=MT5FPWm5o=028C>,0*2A
\s:66,c:1782377485*4F\!AIVDM,1,1,,A,403siB1vad`kH`N2r4EhAR?0082:,0*23
\s:66,c:1782377492*49\!AIVDM,1,1,,A,36:Ku?P00C8VbwdD`oQKw50v01s0,0*03
\s:66,c:1782377465*41\!AIVDM,1,1,,A,16:8j3gP008Q2Q@F3hDS:wv80l?s,0*1E
\s:66,c:1782377489*43\!AIVDM,1,1,,A,B5Nd`T000>S<`rSR;Rh1@1N00000,0*02
\s:66,c:1782377491*4A\!AIVDM,1,1,,B,160S3MSP003QQ0R?hBreOwvr0L54,0*2E
\s:66,c:1782377492*49\!AIVDM,1,1,,B,13@vHt001lOcRj<2ITjCNji00HBi,0*70
\s:66,c:1782377491*4A\!AIVDM,1,1,,B,17ljfc0P00WKrT@0bOJQf?vt28BB,0*6D
\s:66,c:1782377494*4F\!AIVDM,1,1,,B,C69L0:h002;jHG4Cech03wv0@NL?0Pc1V00000000000?2<A2RPP,0*39
\s:66,c:1782377490*4B\!AIVDM,1,1,,A,16:<a?Pv1b8bOD0?CGRQ8A0p0HAa,0*34
\s:66,c:1782377492*49\!AIVDM,1,1,,B,B7OgmUP0:BgNQmL0lH1dcwS5h000,0*6A
\s:66,c:1782377494*4F\!AIVDM,1,1,,B,10221O?P?w<tSF0l4Q@>4?wv0hD:,0*4B
\s:66,c:1782377492*49\!AIVDM,1,1,,A,17lj;lh0008GWhew?PT726u00D2j,0*1A
\s:66,c:1782377487*4D\!AIVDM,1,1,,A,16:EVp0vAL`RmCNF1jqDjCpj20S3,0*18
\s:66,c:1782377492*49\!AIVDM,1,1,,B,19NSpJhvRoOGFRfIe91`8nPr053<,0*69
\s:66,c:1782377490*4B\!AIVDM,1,1,,A,169<;l0Oiv8b468?T;uHB6Nh0@>k,0*69
\s:66,c:1782377189*46\!AIVDM,1,1,,B,36Kv1j01ii`Omt>F<4HSp3<L0Dnu,0*46
\s:66,c:1782377494*4F\!AIVDM,1,1,,A,13aL=`hP04PB>WnMf>20E?w428D;,0*26
\g:1-2-5198616,s:66,c:1782377190*08\!AIVDM,2,1,6,A,56Kv1j82EW`oLd8v220tpF0l4A8TB22222222216AkPQB5f<0P@kU0Cp,0*5C
\g:2-2-5198616*69\!AIVDM,2,2,6,A,888888888888880,2*22
\s:66,c:1782377490*4B\!AIVDM,1,1,,B,14ShG@0tQIwNLdfJ`aEA3Pqp0t0I,0*27
\g:1-2-5198617,s:66,c:1782377495*09\!AIVDM,2,1,7,A,53P:D782=rPdl4@N22055DU@4pT6222222222216DHKC=5Wn0LkPH5mP,0*58
\g:2-2-5198617*68\!AIVDM,2,2,7,A,gU1p31Up8888880,2*77
\s:66,c:1782377493*48\!AIVDM,1,1,,B,403t:I1vad`kP8Q2HJF3hlA008C<,0*22
\s:66,c:1782377496*4D\!AIVDM,1,1,,B,1815N?h02CS0QF3gFArBL2340L0?,0*6D
\s:66,c:1782377489*43\!AIVDM,1,1,,B,B52abSh3wk?8mP=18D3Q3wwQh000,0*65
\s:66,c:1782377495*4E\!AIVDM,1,1,,A,1697:p0P@08dq@fAsW``pmU80<>E,0*1C
\s:66,c:1782377496*4D\!AIVDM,1,1,,A,744cuw1RMpD`,0*0A
\s:66,c:1782377439*48\!AIVDM,1,1,,A,H39ujvQH585T622222222222220,2*4E
\s:66,c:1782377496*4D\!AIVDM,1,1,,A,H39ujvTT1=3000147qnioP1@130t,0*4E
\s:66,c:1782377496*4D\!AIVDM,1,1,,A,B39ujvP0>0;u>5WjJ1<uHej1l0T4,0*69
\s:66,c:1782377495*4E\!AIVDM,1,1,,A,19NSQr00220q;CjOAdh28ig608DN,0*71
\s:66,c:1782377494*4F\!AIVDM,1,1,,A,139kB0PP020oFG`O1Anbfww2053<,0*55
\s:66,c:1782377495*4E\!AIVDM,1,1,,B,16:<i8P3AL8go5<Ak9sc;I=608DM,0*59
\s:66,c:1782377496*4D\!AIVDM,1,1,,A,13`dVQ@P1iPBvhjMIFlBR?w8253<,0*4F
\s:66,c:1782377485*4F\!AIVDM,1,1,,B,1815UIh0A>7>woL1SatlMSVf0@>m,0*58
\s:66,c:1782377489*43\!AIVDM,1,1,,B,B3n:@sP0>8<>Ho8TDnN@CwfUoP06,0*06
\g:1-2-5198618,s:66,c:1782377487*05\!AIVDM,2,1,8,A,53Egof42FboPD9AP00084`4l5:0EQ18E=<000000000>>0000050jK@A,0*06
\g:2-2-5198618*67\!AIVDM,2,2,8,A,hKE0j@000000000,2*50
\s:66,c:1782377487*4D\!AIVDM,1,1,,A,33Egof0000Nm`I`@BVG3C@3p0000,0*07
\s:66,c:1782377492*49\!AIVDM,1,1,,A,33eWlj5000rR:5DE9WeG8A;00000,0*07
\s:66,c:1782377487*4D\!AIVDM,1,1,,B,23aJIU0P00PDS``MeC?N4?vn2H@@,0*47
\s:66,c:1782377491*4A\!AIVDM,1,1,,A,1:U8NR?P00MOrv1s=ITu0?wp0PRp,0*68
\s:66,c:1782377488*42\!AIVDM,1,1,,A,33AHp@0w2d0qqN<OEPvIC7Kp0000,0*66
\s:66,c:1782377492*49\!AIVDM,1,1,,B,19@>iJ@01vR2jJBGFnFk9BQ00`Ki,0*6F
\s:66,c:1782377490*4B\!AIVDM,1,1,,,13eP<P10008a2Fh8FPNh:6fr1000,0*69
\s:66,c:1782377492*49\!AIVDM,1,1,,A,15R96J8P00JBCdR5G4r=2wvv0`C?,0*40
\s:66,c:1782377494*4F\!AIVDM,1,1,,B,15@S>t@01S`cU;6?Spc8OVcp0PT9,0*71
\s:66,c:1782377491*4A\!AIVDM,1,1,,B,13gqBe;P00vrIk`ThqJf4?vv2@BN,0*2F
\s:66,c:1782377493*48\!AIVDM,1,1,,A,16KeS68P00NqI=2@6bSN4?w008CG,0*32
\s:66,c:1782377495*4E\!AIVDM,1,1,,A,78156biRMpD`,0*5B
\s:66,c:1782377493*48\!AIVDM,1,1,,A,13Egof0000Nm`I`@BVFT8@300D0U,0*49
\s:66,c:1782377494*4F\!AIVDM,1,1,,B,4028nJj3bl`kRvmbE0@C2ei028DI,0*07
\s:66,c:1782377495*4E\!AIVDM,1,1,,B,13`oHJ0001PW9=jNaN4tarE40<3H,0*76
\s:66,c:1782377495*4E\!AIVDM,1,1,,B,19GoeG3P00Nh=cT8IgLh0?w22<1N,0*61
\s:66,c:1782377495*4E\!AIVDM,1,1,,B,15?dgt@01`7D5bh181BcsaO40<23,0*79
\s:66,c:1782377491*4A\!AIVDM,1,1,,A,13Ef5MWP1Vwk7UDDocli@gvv2HBU,0*22
\s:66,c:1782377491*4A\!AIVDM,1,1,,A,B3GQs:66,0*2C
\s:66,c:1782377496*4D\!AIVDM,1,1,,A,13AHp@0ujePqq60OEOpaC7K608EE,0*54
\s:66,c:1782377491*4A\!AIVDM,1,1,,B,19NSm;h12KJDb7l?PEMnw5`t0D06,0*5C
\s:66,c:1782377495*4E\!AIVDM,1,1,,B,C7lj;f@04Anjcr0:P:pWCwv0N6:2M0J2TB`BJ;111110J000000P,0*04
\s:66,c:1782377491*4A\!AIVDM,1,1,,A,B4eGW=@005k5`473DRP2eSN00000,0*5F
\s:66,c:1782377491*4A\!AIVDM,1,1,,A,35NAv00000J5gJN?pRcm`4Qp0000,0*13
\s:66,c:1782377492*49\!AIVDM,1,1,,A,B7Oknb000:`1aHu?gC7Q3wqUoP06,0*58
\s:66,c:1782377493*48\!AIVDM,1,1,,A,13cg0G8P05PULlhFB`0Fjww2RD0p,0*6B
\s:66,c:1782377496*4D\!AIVDM,1,1,,B,369:F`5000Ld5LGjB3EsQJ740Dur,0*50
\s:66,c:1782377493*48\!AIVDM,1,1,,B,152U947000o?vI0K@n7aFns20:6H,0*3D
\s:66,c:1782377496*4D\!AIVDM,1,1,,,13eP<P10008a2Fh8FPNh96g41000,0*2D
\s:66,c:1782377496*4D\!AIVDM,1,1,,A,16;=;=5P1J8fEC@AAQm<AOw60@E5,0*68
\s:66,c:1782377496*4D\!AIVDM,1,1,,A,34hQE<000nPeFuPI;Mg3rC7601gQ,0*05
\s:66,c:1782377492*49\!AIVDM,1,1,,A,16:?W5P00A`NCITFB8cVAm<t2<5c,0*12
\s:66,c:1782377489*43\!AIVDM,1,1,,B,13A6920021O2bcV3M2Wl`kdp00SJ,0*03
\s:66,c:1782377488*42\!AIVDM,1,1,,B,16:<Cu00268WN`@BE8D3PBvh0<00,0*5F
\s:66,c:1782377488*42\!AIVDM,1,1,,B,13dPhDg0000dw=BI>ugKs48n00RT,0*0D
\s:66,c:1782377487*4D\!AIVDM,1,1,,B,1:pE2BP000JV;sL5u5WMd?vn0L1v,0*04
\s:66,c:1782377491*4A\!AIVDM,1,1,,A,16:b``@00w89@th<no3=7rL01P06,0*7E
\s:66,c:1782377488*42\!AIVDM,1,1,,A,ENlt<at3V:@;QK@87a:@60b0000ENLJ@pWw5p00003v010,4*3A
\s:66,c:1782377489*43\!AIVDM,1,1,,B,15O0kl0000o@9rHEW=M3d2rn08A4,0*13
\s:66,c:1782377488*42\!AIVDM,1,1,,A,18RFgrP200SPdm2?lA7Av8jr053<,0*4C
\g:1-2-5198619,s:66,c:1782377490*02\!AIVDM,2,1,9,B,55O0kl800001L@gG;ST<58Tp622222222222220t2@H6640Ht04i`0PF,0*02
\g:2-2-5198619*66\!AIVDM,2,2,9,B,H1QDTVH88888880,2*30
\s:66,c:1782377491*4A\!AIVDM,1,1,,B,H8Sjd5h<4T0lE03;L0000000000,2*66
\s:66,c:1782377491*4A\!AIVDM,1,1,,A,H8Sjd5m680000;MPPPPPPP00000@,0*0B
\s:66,c:1782377484*4E\!AIVDM,1,1,,B,33@qDf04P2P<=2@NjfJQ8jth0Tn3,0*5D
\s:66,c:1782377489*43\!AIVDM,1,1,,A,35O0kl0000G@9rJEW=M3c2sp0000,0*5D
\s:66,c:1782377488*42\!AIVDM,1,1,,B,13EaaB002q01hAnLti<9mGpp0<1D,0*22
\s:66,c:1782377492*49\!AIVDM,1,1,,B,28SK0;0P00WasmL61ikRA?vv0L51,0*69
\s:66,c:1782377487*4D\!AIVDM,1,1,,B,839wAI00K@q?;?U8@Jk6k3?:k3C<,0*69
\s:66,c:1782377484*4E\!AIVDM,1,1,,B,90009:gwww<tSF0l4Q@>4?h20d1e,0*74
\s:66,c:1782377488*42\!AIVDM,1,1,,A,18;I5B0P00``88@8BAt70Ovl253<,0*1F
\s:66,c:1782377488*42\!AIVDM,1,1,,A,B5O@6QP0066:uNSE2b4000N00000,0*54
\s:66,c:1782377489*43\!AIVDM,1,1,,A,33V9?p5P00Qd24BEegcIP?vn0Djb,0*74
\s:66,c:1782377488*42\!AIVDM,1,1,,B,33IL?n0000PFGM`Hms48JnNp2000,0*4F
\s:66,c:1782377488*42\!AIVDM,1,1,,B,16K3TsP000ajTg@D3fsl>VDn00R6,0*4D
\s:66,c:1782377489*43\!AIVDM,1,1,,B,339HcgPOi?PoK5@NwE>0tPhr20t@,0*62
\s:66,c:1782377485*4F\!AIVDM,1,1,,A,3815V5P0000000000000001p0000,0*6B
\s:66,c:1782377491*4A\!AIVDM,1,1,,B,1:5cgs0000RAIAHB0KECA3Ln0@B=,0*5F
\s:66,c:1782377486*4C\!AIVDM,1,1,,A,403t?0QuJl`kI`Wmtd?bG`o000S:,0*2C
\s:66,c:1782377491*4A\!AIVDM,1,1,,A,18SjcMAP00Waj4H60jkf4?vt2000,0*63
\s:66,c:1782377493*48\!AIVDM,1,1,,A,13n8cp003iPeb1TQ7k07;Ek00@CS,0*46
\s:66,c:1782377494*4F\!AIVDM,1,1,,B,B6:b``@0@22D>rS=emwAj`@WQP06,0*7B
\s:66,c:1782377490*4B\!AIVDM,1,1,,A,D03t?0QEhNfp00N000,4*44
\s:66,c:1782377486*4C\!AIVDM,1,1,,B,139Wbd5P00PeWKhN`qEv4?vl28?G,0*64
\s:66,c:1782377491*4A\!AIVDM,1,1,,B,B3HoHD00=85<8W6<i1@s7wP5oP06,0*61
\s:66,c:1782377488*42\!AIVDM,1,1,,B,14eGGT?000KM62fIS2kMi9rn00Ri,0*03
\s:66,c:1782377493*48\!AIVDM,1,1,,A,839wAI00K@q?;?U8@Jk6k3?6k3C<,0*66
\s:66,c:1782377490*4B\!AIVDM,1,1,,B,162?@hTP00WKqE<0TpHN4?vt20SL,0*11
\s:66,c:1782377493*48\!AIVDM,1,1,,A,17lj;7hP02`G1<Iw@Ab@5ww028CO,0*24
\s:66,c:1782377487*4D\!AIVDM,1,1,,B,B7tKetP009o9`Q0<@Uh03weTkP06,0*79
\s:66,c:1782377489*43\!AIVDM,1,1,,B,E>jV:4@a@9Wc2a2TSW@1PQ62P004>:RD08N`@00000v030,4*24
\s:66,c:1782377489*43\!AIVDM,1,1,,B,BCI;3i005WO?VfUPj2d<owqUh000,0*4F
\s:66,c:1782377492*49\!AIVDM,1,1,,B,15VHpt30003Q>0>@;>NeNbW000RW,0*4A
\s:66,c:1782377495*4E\!AIVDM,1,1,,A,1815V5gP?w<tSF0l4Q@>4?wv0000,0*27
\s:66,c:1782377495*4E\!AIVDM,1,1,,A,3815V5P0000000000000001p0000,0*6B
\s:66,c:1782377495*4E\!AIVDM,1,1,,A,15Mv@5d000q<m=pA2vJ<h9M800Ra,0*31
\s:66,c:1782377495*4E\!AIVDM,1,1,,A,E>lEK0APb7W?ab0b4WW00000000DVi14:2BV000000igN0,4*50
\s:66,c:1782377495*4E\!AIVDM,1,1,,A,33EkQUPbhTOGt>lH:WJLLSQ401wh,0*6B
\s:66,c:1782377494*4F\!AIVDM,1,1,,A,3;;F6d1001T4LNH>hM<W25a82lQ:,0*30
\s:66,c:1782377493*48\!AIVDM,1,1,,A,B613odP0B8p9bM43;J8Okwh1oP04,0*58
\s:66,c:1782377494*4F\!AIVDM,1,1,,B,15?dTe001c8WRc06`drnumg000Rl,0*28
\s:66,c:1782377495*4E\!AIVDM,1,1,,A,16U?BR0vj09=VBHD0tUVVU?208D=,0*63
\s:66,c:1782377493*48\!AIVDM,1,1,,A,33aDr:UP00PESMhN=8wh0?w20000,0*33
\s:66,c:1782377492*49\!AIVDM,1,1,,A,13gmn07P00vrIE6ThqI>4?w02<0I,0*28
\s:66,c:1782377496*4D\!AIVDM,1,1,,B,18SjcMAP00Waj4H60jkf4?w22000,0*27
\s:66,c:1782377497*4C\!AIVDM,1,1,,A,13n8cp003iPeb0RQ7iuG;Ek808Em,0*3E
\s:66,c:1782377497*4C\!AIVDM,1,1,,A,13dPhDg0000dw=DI>ug;s49800S0,0*4A
\s:66,c:1782377488*42\!AIVDM,1,1,,B,13ku;<U0001R57vRvai1qBN00000,0*1C
\s:66,c:1782377492*49\!AIVDM,1,1,,A,19NSMf@0@@7Q8>p10K402Hjt00SS,0*52
\s:66,c:1782377493*48\!AIVDM,1,1,,A,19NSug@0177aAE9tQ;L=bc14053<,0*5D
\s:66,c:1782377494*4F\!AIVDM,1,1,,B,18153tP02=8o=sLCJ1n0j0i00<4d,0*6C
\s:66,c:1782377486*4C\!AIVDM,1,1,,A,16K2=Fh0009j>E8D34=WnP0h053<,0*2E
\s:66,c:1782377493*48\!AIVDM,1,1,,A,D0220516DC6E9@BfqtAB9H0,2*3C
\g:1-2-5198620,s:66,c:1782377206*01\!AIVDM,2,1,0,A,56:8OW`000008u0GV20@4v0Dr37N222222222216CpOC==am:?0hCp1Q,0*46
\g:2-2-5198620*6C\!AIVDM,2,2,0,A,BH12@C`88888880,2*76
\s:66,c:1782377494*4F\!AIVDM,1,1,,B,E>l0GCd;@Hr00000000000000003B<9U6GcvP00003i010,4*59
\s:66,c:1782377494*4F\!AIVDM,1,1,,B,18Hw`5`P01WJr:F0d34RIww22<?v,0*59
\s:66,c:1782377494*4F\!AIVDM,1,1,,,13JnqJ0007qVN0d@G76k3ke20000,0*22
\s:66,c:1782377490*4B\!AIVDM,1,1,,A,17ldWrwP017LDdR0aRF`uwvr2@AP,0*62
\s:66,c:1782377490*4B\!AIVDM,1,1,,A,33eL2p1Oh0NqNSp@4miBlb`p0Dmr,0*7E
\s:66,c:1782377493*48\!AIVDM,1,1,,A,33`g5RE000PEnJrMw6hmD0PnPDqr,0*24
\s:66,c:1782377494*4F\!AIVDM,1,1,,A,14``Na001oOdb4lDcwe:A`C0053<,0*14
\s:66,c:1782377494*4F\!AIVDM,1,1,,A,13Jw<b002b7E0LR10w:4LSRL0<1p,0*7F
\s:66,c:1782377490*4B\!AIVDM,1,1,,B,18Ja5F0Oh1WKwBH0gg:SDmBr28A4,0*0C
\s:66,c:1782377492*49\!AIVDM,1,1,,B,D028ipQMdffp,0*4A
\s:66,c:1782377495*4E\!AIVDM,1,1,,B,160o6`0wQf2gFkD=:uSVj5K20<6T,0*58
\s:66,c:1782377495*4E\!AIVDM,1,1,,B,15?dbGP02nPP9CJNnveJ9H36053<,0*54
\s:66,c:1782377496*4D\!AIVDM,1,1,,B,15MvWmPP00rdSi6GBMgJbww4053<,0*03
\s:66,c:1782377497*4C\!AIVDM,1,1,,A,16:>cG3P01`gAc@A>mj>4?w8253<,0*0C
\s:66,c:1782377494*4F\!AIVDM,1,1,,,B5O9wN000=l8=P6oNjgQ3wi5oP06,0*01
\s:66,c:1782377496*4D\!AIVDM,1,1,,B,13b=DJ0Oj0PGWiRNNGahePe80HDs,0*41
\s:66,c:1782377494*4F\!AIVDM,1,1,,A,B5OC@NP005l0@P6l4sCQ3wi1jDdJ,0*69
\s:66,c:1782377496*4D\!AIVDM,1,1,,B,1:U71k0009M7HVqk@sdeemc608Dj,0*28
\s:66,c:1782377495*4E\!AIVDM,1,1,,A,17Odtj0P00:l5hKd`:ptogv60U3<,0*2D
\s:66,c:1782377497*4C\!AIVDM,1,1,,A,13ku9LPvi109JudMNWm8i6w888Eq,0*46
\s:66,c:1782377497*4C\!AIVDM,1,1,,A,B8HwUlP00inn><P;=Ve2owj5kP06,0*4C
\s:66,c:1782377497*4C\!AIVDM,1,1,,A,13S7k;5P1dQ25ghIsUT;>?w82@Ea,0*61
\s:66,c:1782377487*4D\!AIVDM,1,1,,B,13m6d:P002Ph7:PTn1:BPabb2@<`,0*49
\s:66,c:1782377493*48\!AIVDM,1,1,,A,18HsFR00017Kunh0ghGSL5Rv0000,0*78
\s:66,c:1782377494*4F\!AIVDM,1,1,,A,16:CQh0P008g`PPA8PcPiOw000S9,0*2F
\s:66,c:1782377489*43\!AIVDM,1,1,,A,15U?UR001K0<VudN@iqa9GBn0D<v,0*65
\s:66,c:1782377494*4F\!AIVDM,1,1,,B,16:4pLP05689Fk<<kfI51D900<8m,0*0B
\s:66,c:1782377494*4F\!AIVDM,1,1,,B,169aNl0vQf8gi8FAhAb3iRm208Ce,0*12
\s:66,c:1782377494*4F\!AIVDM,1,1,,A,16:C:`00008f:TPA6jw:7os2053<,0*21
\s:66,c:1782377492*49\!AIVDM,1,1,,A,33MD9G@Oh40MjnPNomcFKnnt017@,0*0B
\s:66,c:1782377494*4F\!AIVDM,1,1,,A,B3IQw4P0<h6DGM6:uiRe:7@4CP06,0*0B
\s:66,c:1782377492*49\!AIVDM,1,1,,B,1815TM@02G7tPET9Vj:7eF8v00Ro,0*6E
\s:66,c:1782377495*4E\!AIVDM,1,1,,A,19NSuAEwh0WKU?N0`>R24Ow62000,0*63
\s:66,c:1782377495*4E\!AIVDM,1,1,,A,33FwUB0000OS?g@DqoN;O9=p0000,0*10
\s:66,c:1782377497*4C\!AIVDM,1,1,,A,38StUdOP0P7bHs:66,0*12
\s:66,c:1782377493*48\!AIVDM,1,1,,B,16Tp2@01RcIK@C07:FpTQS`v08DC,0*01
\s:66,c:1782377494*4F\!AIVDM,1,1,,A,B52`KgP00=k3foVu2RDKPFN00000,0*37
\s:66,c:1782377495*4E\!AIVDM,1,1,,,B3M@plh00nqMTEQQjRMGgwiUoP06,0*0B
\s:66,c:1782377496*4D\!AIVDM,1,1,,A,39N`1V5000rCi<d57pB:5iE:2Dt:,0*71
\s:66,c:1782377488*42\!AIVDM,1,1,,A,13mfJ?20000uuefVteb1f8dn053<,0*21
\s:66,c:1782377495*4E\!AIVDM,1,1,,B,169ED@OP00`f;vDA6`W:tgw6253<,0*6A
\s:66,c:1782377496*4D\!AIVDM,1,1,,B,13bWcr0P@M0Gqm8NOIUaela808ED,0*18
\s:66,c:1782377497*4C\!AIVDM,1,1,,A,19NSe<h02<8l`h:AKDhPe@hL0<1R,0*42
\s:66,c:1782377494*4F\!AIVDM,1,1,,B,C697=C0002;di<4@aSTlcwv0jb2M0`bO1`0000000000J0l:22PP,0*73
\s:66,c:1782377492*49\!AIVDM,1,1,,A,33ku9jm0000n>MVQ0ao@sP=p0000,0*0C
\s:66,c:1782377493*48\!AIVDM,1,1,,B,18IAkJ0002wShVlDPVW`C`bb0<29,0*20
\s:66,c:1782377491*4A\!AIVDM,1,1,,A,139sb6PP00Pec4LNW7Vf4?vt20RA,0*12
\s:66,c:1782377495*4E\!AIVDM,1,1,,B,B3wmdJ@0=hK:QUUIq8@3wwiQh@Dk,0*29
\s:66,c:1782377496*4D\!AIVDM,1,1,,,13K5G<5000oRb4lCCBWd1Wo20000,0*28
\s:66,c:1782377496*4D\!AIVDM,1,1,,B,13GRcJgP00P0hfTLCo3f4?w62HDo,0*38
\s:66,c:1782377492*49\!AIVDM,1,1,,A,152TCO`P00JAQMH?FjL=h?w2253<,0*5F
\s:66,c:1782377496*4D\!AIVDM,1,1,,A,36:BP:PPA:8fPQ@A2<`0n0c60Qt0,0*64
\s:66,c:1782377496*4D\!AIVDM,1,1,,A,H6:lLBi0TpLp4q@DpM<QDsKKSV0,2*50
\s:66,c:1782377496*4D\!AIVDM,1,1,,A,H6:lLBm66DejlijPPPPPPP0hu6:T,0*6C
\s:66,c:1782377492*49\!AIVDM,1,1,,B,H3GQAbDT000D00051lloh0108410,0*00
\s:66,c:1782377494*4F\!AIVDM,1,1,,A,169>7ch0008Li<TEt9VN40122`Cf,0*3F
\s:66,c:1782377497*4C\!AIVDM,1,1,,A,36:7fQ001E`h;shAN0>4rVw821p@,0*28
\s:66,c:1782377497*4C\!AIVDM,1,1,,A,15O4r<P00Wq=5s@@tNUbT8a800SB,0*33
\s:66,c:1782377493*48\!AIVDM,1,1,,B,ENj6Bn1cTW230a6h77a:42a@9nph6huq>fprp00003v010,4*32
\s:66,c:1782377495*4E\!AIVDM,1,1,,A,13aI<LHP00PFkmJMubUc4Ow828Df,0*4E
\s:66,c:1782377492*49\!AIVDM,1,1,,A,38LSe05000G<fJVL=R;WVAc20Dlr,0*00
\s:66,c:1782377491*4A\!AIVDM,1,1,,A,33IkWS002J0q>VjOBgk9>7Gp0000,0*3D
\s:66,c:1782377493*48\!AIVDM,1,1,,B,4P2;bBQvad`kOwe`jBKq9gG00000,0*47
\s:66,c:1782377495*4E\!AIVDM,1,1,,A,1815aKh01p1:tvVDVTBD:kK600SB,0*3A
\s:66,c:1782377495*4E\!AIVDM,1,1,,B,14a`tl0025NUqih;FKRH2nK600Su,0*7E
\s:66,c:1782377494*4F\!AIVDM,1,1,,,13F;pd5000wG7FVHHD9f45E22000,0*71
\s:66,c:1782377496*4D\!AIVDM,1,1,,B,18JWD40P01WKpo@0gMmqKww60LfO,0*4D
\g:1-2-5198621,s:66,c:1782377497*0E\!AIVDM,2,1,1,A,58I2uJ82DdA?UKO7SB0P4V1UDr22222222222217C0B;A5d90GkFD2iw,0*39
\g:2-2-5198621*6D\!AIVDM,2,2,1,A,PQ0il8888888880,2*29
\s:66,c:1782377497*4C\!AIVDM,1,1,,A,15R2=00PAHrB9nR5EohP4mc:2@Em,0*6E
\s:66,c:1782377495*4E\!AIVDM,1,1,,B,177eOk001M2o09uuWQSbo`A6053<,0*38
\s:66,c:1782377491*4A\!AIVDM,1,1,,A,35O3mu<00sIc0o`C:dJkh2up0000,0*7D
\s:66,c:1782377495*4E\!AIVDM,1,1,,B,19t6Urh02O1@g=2DFqTD=3C408Dv,0*54
\s:66,c:1782377490*4B\!AIVDM,1,1,,B,3Ch3aL7016NMU><VL??d=adn0022,0*5F
\s:66,c:1782377497*4C\!AIVDM,1,1,,B,13`eqCPP00PFJM<Mv;sN4?w828Ef,0*6D
\s:66,c:1782377497*4C\!AIVDM,1,1,,A,169v3>001j`jRW:A1whhWPc:0D4O,0*5B
\s:66,c:1782377496*4D\!AIVDM,1,1,,A,19NSqn?0?w<tSF0l4Q@>49?v0W3h,0*09
\s:66,c:1782377490*4B\!AIVDM,1,1,,A,339l@PP01i0edONN`aJTR3ap0000,0*4A
\s:66,c:1782377490*4B\!AIVDM,1,1,,B,D02IP?AMdffp,0*5D
\s:66,c:1782377489*43\!AIVDM,1,1,,A,33mjkO00000J2WLSc6tn@51p0000,0*7E
\s:66,c:1782377494*4F\!AIVDM,1,1,,A,369D2bU000`ejJ4A=8H006O228?@,0*48
\s:66,c:1782377493*48\!AIVDM,1,1,,A,16:DK10P11`;MTP<q98dO8G18@C>,0*7B
\s:66,c:1782377495*4E\!AIVDM,1,1,,A,33oP1f00000hvsFRApd;GTwp0000,0*7D
\s:66,c:1782377490*4B\!AIVDM,1,1,,A,16:Gcn3P008KKndF08TnjOvr08AJ,0*56
\s:66,c:1782377496*4D\!AIVDM,1,1,,A,13aGsh0P00PBb1tMM51N4?w6253<,0*44
\s:66,c:1782377496*4D\!AIVDM,1,1,,A,139Tr30P12PIOA@Mdd<3Mww8253<,0*03
\s:66,c:1782377494*4F\!AIVDM,1,1,,A,13GQrrp00109nWrGb9H6Ojq2053<,0*3F
\s:66,c:1782377494*4F\!AIVDM,1,1,,B,36:>l4PP@48ee<:AaAiW92o001mh,0*39
\s:66,c:1782377487*4D\!AIVDM,1,1,,A,16:WlTh00h`dittAtg`ch?vp0000,0*19
\s:66,c:1782377486*4C\!AIVDM,1,1,,A,H4eHosiHT=@u9V1H00000000000,2*32
\s:66,c:1782377493*48\!AIVDM,1,1,,A,H4eHoslO00000000000000000000,0*48
\s:66,c:1782377495*4E\!AIVDM,1,1,,B,15@><43001SS4s8@9s7pUlM400SB,0*36
\s:66,c:1782377496*4D\!AIVDM,1,1,,A,19NSpV@02O7O1or0wNr@8P;60L4:,0*60
\s:66,c:1782377493*48\!AIVDM,1,1,,A,13o6t@002:1`NJT`ErhBjRA200So,0*4A
\s:66,c:1782377492*49\!AIVDM,1,1,,B,403Ovsivad`kPrW6NPFfkH?02D5U,0*0E
\s:66,c:1782377492*49\!AIVDM,1,1,,B,168rTt001>8Pi7LFKgR=g7i20U3<,0*59
\s:66,c:1782377491*4A\!AIVDM,1,1,,B,1610O3PP1BSQoC0@5h4=c?vr2PSi,0*26
\s:66,c:1782377493*48\!AIVDM,1,1,,B,13q3pF801CPGQftNv;h0i0m00<0C,0*5D
\s:66,c:1782377494*4F\!AIVDM,1,1,,B,16:Cs@P0008;7>h<rt4HvQG2053<,0*74
\s:66,c:1782377498*43\!AIVDM,1,1,,B,16oa=@P00iNk@l@:wC`TVke20U3<,0*1B
\s:66,c:1782377496*4D\!AIVDM,1,1,,B,13Eep6WP0KP>m;BGgVVa6Ow6253<,0*36
\s:66,c:1782377493*48\!AIVDM,1,1,,,B3n?wH0000Ehsk9v4wgQ1ahQh000,0*46
\s:66,c:1782377493*48\!AIVDM,1,1,,B,19NStm@01P7QhRt1d4:8GFVL053<,0*62
\s:66,c:1782377491*4A\!AIVDM,1,1,,A,17mROehP00WKjSp0U62h0?vt2HBa,0*05
\s:66,c:1782377493*48\!AIVDM,1,1,,B,B7lcbNh009o;aE0:0p4@WwhWGP06,0*62
\s:66,c:1782377494*4F\!AIVDM,1,1,,B,16?Ug9PP1<4von2<w@bB>?w4053<,0*09
\s:66,c:1782377491*4A\!AIVDM,1,1,,B,13aGEMhP16PD?e8Md29KNgvt28B2,0*78
\s:66,c:1782377493*48\!AIVDM,1,1,,B,B3ITWe000@Ng;Q5CsRwQ3whQh000,0*1C
\s:66,c:1782377495*4E\!AIVDM,1,1,,A,B6:frs@0121wDAS@jv4;L9h3QP06,0*16
\s:66,c:1782377496*4D\!AIVDM,1,1,,A,15OFl@000SIW9FV@OD<q8Ge62D0L,0*73
\s:66,c:1782377491*4A\!AIVDM,1,1,,A,15N6`R0P1>rnTq2GVItkGgvt2000,0*6B
\s:66,c:1782377497*4C\!AIVDM,1,1,,B,13l7uV0026:7qhCao6>D9kE808Ew,0*5B
\s:66,c:1782377495*4E\!AIVDM,1,1,,A,H:U8;FPMD@F1<tiE@Ttr2222220,2*6E
\s:66,c:1782377495*4E\!AIVDM,1,1,,A,H:U8;FTU93?43pk@CohilP000000,0*3D
\s:66,c:1782377492*49\!AIVDM,1,1,,B,B7OnThP00PDn;@V5no2fWwh1h000,0*0B
\s:66,c:1782377497*4C\!AIVDM,1,1,,B,15Tsol0P@17LiKH0gKS3STAp00Rm,0*70
\s:66,c:1782377492*49\!AIVDM,1,1,,B,3:5c9a10?w2H?GBIOGON4:k>3P00,0*53
\s:66,c:1782377493*48\!AIVDM,1,1,,B,13bmR`001:PBaI>NEbqa0W?08@Ck,0*54
\s:66,c:1782377494*4F\!AIVDM,1,1,,B,13TcH40P28Qd@dDEb0ue1ww20@D8,0*5B
\s:66,c:1782377491*4A\!AIVDM,1,1,,A,13o1@dP0000G1KnS?r?:HBbr08B4,0*22
\s:66,c:1782377490*4B\!AIVDM,1,1,,A,35NO=g0000JrjqnH@12=tc;p0000,0*5C
\s:66,c:1782377490*4B\!AIVDM,1,1,,A,15Rmav0P023OD8t@25Df4?vt28Ao,0*54
\s:66,c:1782377492*49\!AIVDM,1,1,,A,13aDCa@P000F<t6HmaWc1ww020S=,0*26
\s:66,c:1782377490*4B\!AIVDM,1,1,,B,B3efbB000P:dW3Ur4=;Q3wfQh000,0*42
\s:66,c:1782377495*4E\!AIVDM,1,1,,B,B3efbB000h:dW25r4=6Fgwi1h000,0*3A
\s:66,c:1782377491*4A\!AIVDM,1,1,,B,14ReJ6001wqWDRL@FsDF6lrt0@BQ,0*19
\s:66,c:1782377492*49\!AIVDM,1,1,,A,15WkU`001@3R>NB@8ONrfHk20pBo,0*18
\s:66,c:1782377493*48\!AIVDM,1,1,,A,133W6b?000P>b=lMGNTi12Ft0@CW,0*6A
\s:66,c:1782377495*4E\!AIVDM,1,1,,,E>kb9MaaQ@@@@@@@@@@@@@@@@@@;W@2`=hvP0000000000,4*39
\s:66,c:1782377496*4D\!AIVDM,1,1,,B,13MAIu0P00P1kQ4MKrmf4?w628E:,0*58
\s:66,c:1782377496*4D\!AIVDM,1,1,,B,13cooS?P000R168I1bOv4?w808EK,0*44
\s:66,c:1782377496*4D\!AIVDM,1,1,,B,13ku<8@02m0Sc3lHfi>a;GG:08ET,0*4D
\s:66,c:1782377495*4E\!AIVDM,1,1,,B,35P2Q85001o@=2@EWsmGuRi40Drb,0*19
\s:66,c:1782377491*4A\!AIVDM,1,1,,B,13m;:R7000Q510:WKacC31<p0<1Q,0*3E
\s:66,c:1782377492*49\!AIVDM,1,1,,A,138kwF0039P7Rt8FCrJ1a1Dv0D8@,0*57
\s:66,c:1782377494*4F\!AIVDM,1,1,,B,13GQReP000P6SH>F;Ud>41k020Rk,0*32
\s:66,c:1782377495*4E\!AIVDM,1,1,,A,33mLOm70000kI7vU7<W0001p0000,0*09
\s:66,c:1782377495*4E\!AIVDM,1,1,,,B5O9oiP00UkEG:Vt9qoQ3wiQh000,0*46
\g:1-2-5198622,s:66,c:1782377492*08\!AIVDM,2,1,2,A,53bmR`82?PB1090H0018thh@t<f1<D400000001?2Ir<<5dl0=CS85S2,0*5E
\g:2-2-5198622*6E\!AIVDM,2,2,2,A,@00000000000000,2*56
\g:1-2-5198623,s:66,c:1782377490*0B\!AIVDM,2,1,3,B,533e1T800000u9Dn221LU<l5:22222222222221S5Pj8K5`;0;3TlPKC,0*23
\g:2-2-5198623*6F\!AIVDM,2,2,3,B,888888888888880,2*24
\s:66,c:1782377495*4E\!AIVDM,1,1,,B,33wmmI001KSTER6@ScB4vCs600FC,0*34
\s:66,c:1782377495*4E\!AIVDM,1,1,,A,13c:NN0001PBGAPMLCj055C200S?,0*3D
\s:66,c:1782377495*4E\!AIVDM,1,1,,B,B3mjqWP0?h<;<8`@JV>Tj3iP08Dj,0*51
\s:66,c:1782377496*4D\!AIVDM,1,1,,A,19NSIuP0j20CwWNE=tUC<jU400Rt,0*21
\s:66,c:1782377491*4A\!AIVDM,1,1,,B,16:dtl002vWjen`:D97E4T8t0`Au,0*0B
\s:66,c:1782377495*4E\!AIVDM,1,1,,,13K5v@001Q`j;Gv@w=`oQmm40000,0*2D
\s:66,c:1782377497*4C\!AIVDM,1,1,,A,18LcpL0v1CWJR8p0dnq=iru808Ep,0*12
\s:66,c:1782377492*49\!AIVDM,1,1,,B,33blob00080BFd4N95O7>U<v0S83,0*39
\s:66,c:1782377492*49\!AIVDM,1,1,,B,139r=GP0000WtmbNI3Ts3AM200R3,0*15
\s:66,c:1782377494*4F\!AIVDM,1,1,,A,133cc`0P00PCiUtMG9Is3Ow628DC,0*75
\s:66,c:1782377494*4F\!AIVDM,1,1,,A,148G7m0000QPm>4OnIp2F:Pv0D13,0*66
\s:66,c:1782377492*49\!AIVDM,1,1,,B,B5MhpHP00NSKuhTU:;ut?wgUl000,0*73
\s:66,c:1782377494*4F\!AIVDM,1,1,,,13Il7U002:8;lIj876<AlALv0000,0*35
\s:66,c:1782377495*4E\!AIVDM,1,1,,A,19NSrb00QQG1TE0I0>WW35Q20HDR,0*38
\s:66,c:1782377494*4F\!AIVDM,1,1,,A,13cpuN0P000qAABEh5OEEOw40<1l,0*65
\s:66,c:1782377495*4E\!AIVDM,1,1,,A,19A>kBhP00RCp3rApc@dD?w420S1,0*4E
\s:66,c:1782377491*4A\!AIVDM,1,1,,B,4055DQAvad`kOWAtq61uROg02D9p,0*56
\s:66,c:1782377493*48\!AIVDM,1,1,,A,19NSKHPwR>7?CGb1QuNDVCdt08CG,0*03
\s:66,c:1782377494*4F\!AIVDM,1,1,,A,B3a<@M00>P6a@>7UWE@TpMv00000,0*5F
\s:66,c:1782377492*49\!AIVDM,1,1,,A,15Mi:bPO@0o@fJ0KM79f4?w0J8C8,0*29
